accident_id,datetime,annee,mois,jour,heure,minute,departement,commune_insee,adresse,latitude,longitude,luminosite,agglomeration,intersection,meteo,collision,nb_vehicules,nb_usagers,nb_indemnes,nb_tues,nb_blesses_hosp,nb_blesses_legers,age_cond_1,age_cond_2,veh_type_cond_1,veh_type_cond_2,lum_code,agg_code,int_code,atm_code,col_code
201100000247,0011-05-22 08:15:00,11,5,22,8,15,620,817,,,,Crépuscule ou aube,Hors agglomération,Giratoire,Normale,Sans collision,,,,,,,,,,,2,1,6,1.0,7.0
201100000248,0011-06-10 21:00:00,11,6,10,21,0,620,739,,,,Crépuscule ou aube,Hors agglomération,Hors intersection,Normale,Sans collision,,,,,,,,,,,2,1,1,1.0,7.0
201100000249,0011-06-23 17:30:00,11,6,23,17,30,620,484,,50.154,2.956,Plein jour,Hors agglomération,Hors intersection,Temps éblouissant,Deux véhicules - frontale,,,,,,,,,,,1,1,1,7.0,1.0
201100000250,0011-07-16 08:00:00,11,7,16,8,0,620,839,,,,Plein jour,Hors agglomération,Hors intersection,Normale,Autre collision,,,,,,,,,,,1,1,1,1.0,6.0
201100000251,0011-08-29 17:30:00,11,8,29,17,30,620,42,rue des chardonnerets,,,Plein jour,En agglomération,Intersection en T,Normale,Deux véhicules - frontale,,,,,,,,,,,1,2,3,1.0,1.0
201100000252,0011-09-12 14:45:00,11,9,12,14,45,620,184,,50.201,3.023,Plein jour,Hors agglomération,Hors intersection,Normale,Deux véhicules - frontale,,,,,,,,,,,1,1,1,1.0,1.0
201100000253,0011-09-26 14:45:00,11,9,26,14,45,620,424,,,,Plein jour,Hors agglomération,Hors intersection,Normale,Deux véhicules - frontale,,,,,,,,,,,1,1,1,1.0,1.0
201100000254,0011-09-26 17:30:00,11,9,26,17,30,620,817,,,,Plein jour,Hors agglomération,Hors intersection,Normale,Deux véhicules - frontale,,,,,,,,,,,1,1,1,1.0,1.0
201100000255,0011-10-02 01:00:00,11,10,2,1,0,620,374,28 RUE DE BIHUCOURT,,,Nuit avec éclairage allumé,En agglomération,Hors intersection,Normale,Autre collision,,,,,,,,,,,5,2,1,1.0,6.0
201100000256,0011-10-18 23:45:00,11,10,18,23,45,620,406,8 rue de la libert?,50.19,2.801,Nuit avec éclairage allumé,En agglomération,Hors intersection,Normale,Autre collision,,,,,,,,,,,5,2,1,1.0,6.0
201100000257,0011-11-18 08:00:00,11,11,18,8,0,620,259,,,,Plein jour,Hors agglomération,Hors intersection,Brouillard / fumée,Autre collision,,,,,,,,,,,1,1,1,5.0,6.0
201100000258,0011-12-05 19:00:00,11,12,5,19,0,620,284,Rue de Rumaucourt,50.252,3.065,Nuit sans éclairage public,En agglomération,Hors intersection,Pluie légère,Autre collision,,,,,,,,,,,3,2,1,2.0,6.0
201100000259,0011-03-08 07:30:00,11,3,8,7,30,620,865,,,,Plein jour,Hors agglomération,Hors intersection,Normale,Deux véhicules - côté,,,,,,,,,,,1,1,1,1.0,3.0
201100000260,0011-04-11 17:45:00,11,4,11,17,45,620,865,,50.337,2.988,Plein jour,Hors agglomération,Autre intersection,Normale,Deux véhicules - côté,,,,,,,,,,,1,1,9,1.0,3.0
201100000261,0011-11-01 11:15:00,11,11,1,11,15,620,173,rue de VITRY,,,Plein jour,En agglomération,Hors intersection,Normale,Autre collision,,,,,,,,,,,1,2,1,1.0,6.0
201100000262,0011-11-04 17:45:00,11,11,4,17,45,620,865,,,,Nuit sans éclairage public,Hors agglomération,Intersection en X,Normale,Deux véhicules - côté,,,,,,,,,,,3,1,2,1.0,3.0
201100000263,0011-01-15 01:30:00,11,1,15,1,30,620,473,RUE MOULIN DE BERGUETTE,,,Nuit sans éclairage public,En agglomération,Hors intersection,Normale,Autre collision,,,,,,,,,,,3,2,1,1.0,6.0
201100000264,0011-02-02 01:30:00,11,2,2,1,30,620,49,,,,Nuit avec éclairage allumé,Hors agglomération,Hors intersection,Normale,Deux véhicules - frontale,,,,,,,,,,,5,1,1,1.0,1.0
201100000265,0011-02-07 10:45:00,11,2,7,10,45,620,713,,,,Plein jour,Hors agglomération,Hors intersection,Normale,Autre collision,,,,,,,,,,,1,1,1,1.0,6.0
201100000266,0011-02-08 17:30:00,11,2,8,17,30,620,313,,50.593,2.307,Plein jour,Hors agglomération,Hors intersection,Temps éblouissant,Autre collision,,,,,,,,,,,1,1,1,7.0,6.0
201100000267,0011-04-03 18:30:00,11,4,3,18,30,620,473,rue guynemer,,,Plein jour,En agglomération,Autre intersection,Normale,Deux véhicules - côté,,,,,,,,,,,1,2,9,1.0,3.0
201100000268,0011-05-23 22:15:00,11,5,23,22,15,620,473,,,,Nuit avec éclairage allumé,Hors agglomération,Giratoire,Normale,Autre collision,,,,,,,,,,,5,1,6,1.0,6.0
201100000269,0011-07-13 20:45:00,11,7,13,20,45,620,620,Rue PASTEUR,50.596,2.408,Plein jour,En agglomération,Hors intersection,Normale,Deux véhicules - frontale,,,,,,,,,,,1,2,1,1.0,1.0
201100000270,0011-09-08 08:15:00,11,9,8,8,15,620,770,20 rue de busnes,50.622,2.539,Plein jour,En agglomération,Autre intersection,Temps couvert,Deux véhicules - côté,,,,,,,,,,,1,2,9,8.0,3.0
201100000271,0011-09-23 16:45:00,11,9,23,16,45,620,770,rue de Busnes,,,Plein jour,En agglomération,Hors intersection,Normale,Deux véhicules - côté,,,,,,,,,,,1,2,1,1.0,3.0
201100000272,0011-08-27 18:30:00,11,8,27,18,30,620,584,rue de B?thune,,,Plein jour,En agglomération,Hors intersection,Normale,Deux véhicules - côté,,,,,,,,,,,1,2,1,1.0,3.0
201100000273,0011-12-23 17:45:00,11,12,23,17,45,620,473,,,,Nuit avec éclairage allumé,Hors agglomération,Hors intersection,Normale,Autre collision,,,,,,,,,,,5,1,1,1.0,6.0
201100000274,0011-01-13 08:00:00,11,1,13,8,0,620,491,,50.603,2.758,Crépuscule ou aube,Hors agglomération,Hors intersection,Pluie légère,Deux véhicules - côté,,,,,,,,,,,2,1,1,2.0,3.0
201100000275,0011-03-06 08:30:00,11,3,6,8,30,620,706,RUE DU MOULIN L AVOUE,,,Plein jour,En agglomération,Hors intersection,Temps éblouissant,Deux véhicules - côté,,,,,,,,,,,1,2,1,7.0,3.0
201100000276,0011-03-13 17:30:00,11,3,13,17,30,620,491,,,,Plein jour,Hors agglomération,Hors intersection,Normale,Trois véhicules et plus - en chaîne,,,,,,,,,,,1,1,1,1.0,4.0
201100000277,0011-03-17 17:15:00,11,3,17,17,15,620,338,28 rue Du Quesne,,,Plein jour,En agglomération,Hors intersection,Normale,Autre collision,,,,,,,,,,,1,2,1,1.0,6.0
201100000278,0011-04-10 18:30:00,11,4,10,18,30,620,491,,,,Plein jour,Hors agglomération,Hors intersection,Normale,Deux véhicules - frontale,,,,,,,,,,,1,1,1,1.0,1.0
201100000279,0011-04-19 14:00:00,11,4,19,14,0,620,502,rue Adan Grunewald,50.634,2.702,Plein jour,En agglomération,Hors intersection,Temps éblouissant,Deux véhicules - arrière,,,,,,,,,,,1,2,1,7.0,2.0
201100000280,0011-05-25 10:00:00,11,5,25,10,0,620,520,,,,Plein jour,En agglomération,Hors intersection,Normale,Deux véhicules - côté,,,,,,,,,,,1,2,1,1.0,3.0
201100000281,0011-06-11 18:15:00,11,6,11,18,15,620,454,,50.58,2.626,Plein jour,Hors agglomération,Hors intersection,Normale,Autre collision,,,,,,,,,,,1,1,1,1.0,6.0
201100000282,0011-06-17 13:00:00,11,6,17,13,0,620,502,"219, rue du centre",,,Plein jour,En agglomération,Hors intersection,Pluie légère,Autre collision,,,,,,,,,,,1,2,1,2.0,6.0
201100000283,0011-07-12 10:45:00,11,7,12,10,45,620,338,,50.648,2.853,Plein jour,Hors agglomération,Hors intersection,Temps couvert,Deux véhicules - arrière,,,,,,,,,,,1,1,1,8.0,2.0
201100000284,0011-07-21 23:30:00,11,7,21,23,30,620,252,1733 route d'ESTAIRES,,,Nuit avec éclairage allumé,En agglomération,Hors intersection,Normale,Autre collision,,,,,,,,,,,5,2,1,1.0,6.0
201100000285,0011-10-02 15:00:00,11,10,2,15,0,620,706,,50.587,2.765,Plein jour,Hors agglomération,Hors intersection,Normale,Deux véhicules - arrière,,,,,,,,,,,1,1,1,1.0,2.0
201100000286,0011-10-17 13:15:00,11,10,17,13,15,620,502,,50.628,2.681,Plein jour,Hors agglomération,Hors intersection,Normale,Trois véhicules et plus - collisions multiples,,,,,,,,,,,1,1,1,1.0,5.0
201100000287,0011-12-26 13:15:00,11,12,26,13,15,620,491,,,,Plein jour,Hors agglomération,Hors intersection,Normale,Deux véhicules - côté,,,,,,,,,,,1,1,1,1.0,3.0
201100000288,0011-01-08 02:45:00,11,1,8,2,45,620,429,route de saint folquin,50.728,1.837,Nuit sans éclairage public,En agglomération,Hors intersection,Pluie légère,Autre collision,,,,,,,,,,,3,2,1,2.0,6.0
201100000289,0011-01-10 05:30:00,11,1,10,5,30,620,448,,,,Crépuscule ou aube,Hors agglomération,Hors intersection,Neige / grêle,Autre collision,,,,,,,,,,,2,1,1,4.0,6.0
201100000290,0011-01-11 18:00:00,11,1,11,18,0,620,653,,,,Nuit sans éclairage public,Hors agglomération,Hors intersection,Normale,Deux véhicules - côté,,,,,,,,,,,3,1,1,1.0,3.0
201100000291,0011-01-12 12:00:00,11,1,12,12,0,620,880,,,,Plein jour,Hors agglomération,Hors intersection,Pluie légère,Autre collision,,,,,,,,,,,1,1,1,2.0,6.0
201100000292,0011-03-26 17:00:00,11,3,26,17,0,620,773,route de Carly,,,Plein jour,En agglomération,Hors intersection,Normale,Deux véhicules - frontale,,,,,,,,,,,1,2,1,1.0,1.0
201100000293,0011-03-26 19:15:00,11,3,26,19,15,620,678,,,,Crépuscule ou aube,Hors agglomération,Hors intersection,Normale,Deux véhicules - côté,,,,,,,,,,,2,1,1,1.0,3.0
201100000294,0011-03-27 09:15:00,11,3,27,9,15,620,524,08 t?te du Loup,,,Plein jour,En agglomération,Hors intersection,Normale,Autre collision,,,,,,,,,,,1,2,1,1.0,6.0
201100000295,0011-04-04 13:00:00,11,4,4,13,0,620,845,,,,Plein jour,Hors agglomération,Hors intersection,Normale,Deux véhicules - côté,,,,,,,,,,,1,1,1,1.0,3.0
201100000296,0011-05-09 19:00:00,11,5,9,19,0,620,896,,,,Plein jour,Hors agglomération,Hors intersection,Normale,Deux véhicules - frontale,,,,,,,,,,,1,1,1,1.0,1.0
201100000297,0011-05-14 18:45:00,11,5,14,18,45,620,759,,,,Plein jour,Hors agglomération,Hors intersection,Normale,Autre collision,,,,,,,,,,,1,1,1,1.0,6.0
201100000298,0011-07-02 13:15:00,11,7,2,13,15,620,75,,50.697,1.72,Plein jour,Hors agglomération,Hors intersection,Normale,Deux véhicules - frontale,,,,,,,,,,,1,1,1,1.0,1.0
201100000299,0011-07-25 23:15:00,11,7,25,23,15,620,566,route de SELLES,,,Nuit sans éclairage public,En agglomération,Hors intersection,Normale,Autre collision,,,,,,,,,,,3,2,1,1.0,6.0
201100000300,0011-07-26 23:00:00,11,7,26,23,0,620,75,,,,Nuit sans éclairage public,Hors agglomération,Hors intersection,Normale,Autre collision,,,,,,,,,,,3,1,1,1.0,6.0
201100000301,0011-07-31 18:45:00,11,7,31,18,45,620,230,rue blanc mont,50.752,1.84,Plein jour,En agglomération,Hors intersection,Normale,Deux véhicules - frontale,,,,,,,,,,,1,2,1,1.0,1.0
201100000302,0011-11-21 18:45:00,11,11,21,18,45,620,908,209 avenue de la for?t,50.736,1.708,Nuit avec éclairage allumé,En agglomération,Hors intersection,Normale,Autre collision,,,,,,,,,,,5,2,1,1.0,6.0
201100000303,0011-12-13 08:00:00,11,12,13,8,0,620,22,,50.738,1.802,Nuit sans éclairage public,Hors agglomération,Hors intersection,Pluie légère,Deux véhicules - frontale,,,,,,,,,,,3,1,1,2.0,1.0
201100000304,0011-12-26 16:45:00,11,12,26,16,45,620,789,Route de Lottinghen D254,,,Nuit sans éclairage public,En agglomération,Hors intersection,Normale,Sans collision,,,,,,,,,,,3,2,1,1.0,7.0
201100000305,0011-04-18 12:00:00,11,4,18,12,0,620,711,,50.825,1.732,Plein jour,Hors agglomération,Hors intersection,Normale,Deux véhicules - côté,,,,,,,,,,,1,1,1,1.0,3.0
201100000306,0011-05-09 17:45:00,11,5,9,17,45,620,889,rue St Godeleine,,,Plein jour,En agglomération,Autre intersection,Normale,Deux véhicules - côté,,,,,,,,,,,1,2,9,1.0,3.0
201100000307,0011-05-25 17:15:00,11,5,25,17,15,620,560,Avenue de BEAUPRE,50.814,1.708,Plein jour,En agglomération,Hors intersection,Normale,Autre collision,,,,,,,,,,,1,2,1,1.0,6.0
201100000308,0011-06-19 17:00:00,11,6,19,17,0,620,889,,,,Plein jour,Hors agglomération,Hors intersection,Normale,Deux véhicules - frontale,,,,,,,,,,,1,1,1,1.0,1.0
201100000309,0011-10-07 13:45:00,11,10,7,13,45,620,560,Rue de la republique,,,Plein jour,En agglomération,Hors intersection,Normale,Deux véhicules - frontale,,,,,,,,,,,1,2,1,1.0,1.0
201100000310,0011-05-12 18:45:00,11,5,12,18,45,620,300,rue Abb? Coppin,50.687,1.572,Plein jour,En agglomération,Hors intersection,Normale,Deux véhicules - frontale,,,,,,,,,,,1,2,1,1.0,1.0
201100000311,0011-07-13 17:45:00,11,7,13,17,45,620,235,,50.65,1.63,Plein jour,Hors agglomération,Intersection en X,Normale,Deux véhicules - côté,,,,,,,,,,,1,1,2,1.0,3.0
201100000312,0011-04-03 08:00:00,11,4,3,8,0,620,610,,,,Plein jour,Hors agglomération,Autre intersection,Normale,Sans collision,,,,,,,,,,,1,1,9,1.0,7.0
201100000313,0011-04-02 18:30:00,11,4,2,18,30,620,207,,,,Plein jour,Hors agglomération,Giratoire,Normale,Deux véhicules - frontale,,,,,,,,,,,1,1,6,1.0,1.0
201100000314,0011-04-19 15:30:00,11,4,19,15,30,620,762,,,,Plein jour,Hors agglomération,Hors intersection,Normale,Sans collision,,,,,,,,,,,1,1,1,1.0,7.0
201100000315,0011-05-22 03:45:00,11,5,22,3,45,620,870,Route d?partementale 901,50.411,1.726,Nuit avec éclairage allumé,En agglomération,Hors intersection,Normale,Sans collision,,,,,,,,,,,5,2,1,1.0,7.0
201100000316,0011-06-24 12:00:00,11,6,24,12,0,620,535,Pied de boeuf,,,Plein jour,En agglomération,Giratoire,Normale,Deux véhicules - arrière,,,,,,,,,,,1,2,6,1.0,2.0
201100000317,0011-07-16 14:30:00,11,7,16,14,30,620,585,,,,Plein jour,Hors agglomération,Intersection en T,Pluie forte,Deux véhicules - côté,,,,,,,,,,,1,1,3,3.0,3.0
201100000318,0011-08-23 12:45:00,11,8,23,12,45,620,670,,50.571,1.914,Plein jour,Hors agglomération,Hors intersection,Temps couvert,Autre collision,,,,,,,,,,,1,1,1,8.0,6.0
201100000319,0011-08-24 16:15:00,11,8,24,16,15,620,698,,,,Plein jour,Hors agglomération,Hors intersection,Normale,Deux véhicules - côté,,,,,,,,,,,1,1,1,1.0,3.0
201100000320,0011-09-08 11:45:00,11,9,8,11,45,620,202,carrefour CD 92 / CD 131,50.617,2.004,Plein jour,En agglomération,Hors intersection,Pluie légère,Deux véhicules - frontale,,,,,,,,,,,1,2,1,2.0,1.0
201100000321,0011-09-20 15:30:00,11,9,20,15,30,620,207,,,,Plein jour,Hors agglomération,Hors intersection,Temps couvert,Autre collision,,,,,,,,,,,1,1,1,8.0,6.0
201100000322,0011-10-11 11:30:00,11,10,11,11,30,620,670,Route principale Sehen,,,Plein jour,En agglomération,Hors intersection,Pluie légère,Deux véhicules - arrière,,,,,,,,,,,1,2,1,2.0,2.0
201100000323,0011-11-14 04:45:00,11,11,14,4,45,620,289,,,,Nuit sans éclairage public,Hors agglomération,Hors intersection,Brouillard / fumée,Deux véhicules - frontale,,,,,,,,,,,3,1,1,5.0,1.0
201100000324,0011-11-18 20:45:00,11,11,18,20,45,620,610,,,,Nuit sans éclairage public,Hors agglomération,Hors intersection,Temps couvert,Autre collision,,,,,,,,,,,3,1,1,8.0,6.0
201100000325,0011-11-23 18:15:00,11,11,23,18,15,620,44,CD 901,,,Nuit avec éclairage non allumé,En agglomération,Hors intersection,Temps couvert,Deux véhicules - côté,,,,,,,,,,,4,2,1,8.0,3.0
201100000326,0011-11-26 13:30:00,11,11,26,13,30,620,124,44 route nationale,,,Plein jour,En agglomération,Hors intersection,Normale,Deux véhicules - arrière,,,,,,,,,,,1,2,1,1.0,2.0
201100000327,0011-02-01 10:15:00,11,2,1,10,15,620,241,,,,Plein jour,Hors agglomération,Hors intersection,Temps couvert,Deux véhicules - côté,,,,,,,,,,,1,1,1,8.0,3.0
201100000328,0011-02-11 19:45:00,11,2,11,19,45,620,318,Route de BOULOGNE,50.522,1.644,Nuit avec éclairage allumé,En agglomération,Autre intersection,Pluie légère,Deux véhicules - frontale,,,,,,,,,,,5,2,9,2.0,1.0
201100000329,0011-03-08 09:15:00,11,3,8,9,15,620,318,37 rue G?n?ral OBERT,50.518,1.643,Plein jour,En agglomération,Hors intersection,Normale,Autre collision,,,,,,,,,,,1,2,1,1.0,6.0
201100000330,0011-03-11 08:30:00,11,3,11,8,30,620,354,,,,Plein jour,Hors agglomération,Hors intersection,Normale,Deux véhicules - côté,,,,,,,,,,,1,1,1,1.0,3.0
201100000331,0011-05-15 10:00:00,11,5,15,10,0,620,318,cd 940 camping de la pin,50.541,1.625,Plein jour,En agglomération,Hors intersection,Normale,Deux véhicules - côté,,,,,,,,,,,1,2,1,1.0,3.0
201100000332,0011-10-10 18:45:00,11,10,10,18,45,620,318,rond point cit? BEL AIR,,,Plein jour,En agglomération,Giratoire,Normale,Deux véhicules - frontale,,,,,,,,,,,1,2,6,1.0,1.0
201100000333,0011-11-06 00:15:00,11,11,6,0,15,620,241,,,,Nuit sans éclairage public,Hors agglomération,Hors intersection,Pluie légère,Autre collision,,,,,,,,,,,3,1,1,2.0,6.0
201100000334,0011-12-23 17:15:00,11,12,23,17,15,620,318,bvd de l'Imp?ratrice,50.52,1.634,Nuit avec éclairage allumé,En agglomération,Hors intersection,Normale,Autre collision,,,,,,,,,,,5,2,1,1.0,6.0
201100000335,0011-07-16 14:30:00,11,7,16,14,30,620,46,Rue du Grand pont,50.403,1.973,Plein jour,En agglomération,Hors intersection,Pluie légère,Deux véhicules - frontale,,,,,,,,,,,1,2,1,2.0,1.0
201100000336,0011-07-28 18:30:00,11,7,28,18,30,620,100,rue du chateau,,,Plein jour,En agglomération,Hors intersection,Normale,Autre collision,,,,,,,,,,,1,2,1,1.0,6.0
201100000337,0011-08-26 16:30:00,11,8,26,16,30,620,382,,,,Plein jour,Hors agglomération,Hors intersection,Temps couvert,Deux véhicules - frontale,,,,,,,,,,,1,1,1,8.0,1.0
201100000338,0011-09-22 13:15:00,11,9,22,13,15,620,359,,,,Plein jour,Hors agglomération,Hors intersection,Temps couvert,Deux véhicules - frontale,,,,,,,,,,,1,1,1,8.0,1.0
201100000339,0011-10-30 17:45:00,11,10,30,17,45,620,364,,,,Nuit avec éclairage allumé,En agglomération,Hors intersection,Normale,Autre collision,,,,,,,,,,,5,2,1,1.0,6.0
201100000340,0011-11-03 13:30:00,11,11,3,13,30,620,382,,50.631,1.527,Plein jour,Hors agglomération,Hors intersection,Pluie légère,Deux véhicules - arrière,,,,,,,,,,,1,1,1,2.0,2.0
201100000341,0011-11-07 06:00:00,11,11,7,6,0,620,743,,,,Nuit sans éclairage public,Hors agglomération,Hors intersection,Normale,Deux véhicules - côté,,,,,,,,,,,3,1,1,1.0,3.0
201100000342,0011-11-28 19:00:00,11,11,28,19,0,620,275,RUE DE SAULCHOY,,,Nuit avec éclairage allumé,En agglomération,Hors intersection,Normale,Autre collision,,,,,,,,,,,5,2,1,1.0,6.0
201100000343,0011-03-27 01:45:00,11,3,27,1,45,620,14,,,,Nuit avec éclairage allumé,Hors agglomération,Hors intersection,Normale,Autre collision,,,,,,,,,,,5,1,1,1.0,6.0
201100000344,0011-04-06 13:00:00,11,4,6,13,0,620,14,,,,Plein jour,Hors agglomération,Hors intersection,Normale,Deux véhicules - frontale,,,,,,,,,,,1,1,1,1.0,1.0
201100000345,0011-06-14 17:00:00,11,6,14,17,0,620,14,Boulevard VAUBAN,,,Plein jour,En agglomération,Hors intersection,Normale,Deux véhicules - frontale,,,,,,,,,,,1,2,1,1.0,1.0
201100000346,0011-06-20 16:45:00,11,6,20,16,45,620,14,Boulevard DE GAULLE,,,Plein jour,En agglomération,Hors intersection,Normale,Autre collision,,,,,,,,,,,1,2,1,1.0,6.0
201100000347,0011-06-30 17:30:00,11,6,30,17,30,620,431,31 grand rue,,,Plein jour,En agglomération,Hors intersection,Normale,Deux véhicules - frontale,,,,,,,,,,,1,2,1,1.0,1.0
201100000348,0011-08-02 10:00:00,11,8,2,10,0,620,684,Route Nationale 43,50.696,2.362,Plein jour,En agglomération,Hors intersection,Temps éblouissant,Deux véhicules - frontale,,,,,,,,,,,1,2,1,7.0,1.0
201100000349,0011-08-04 16:00:00,11,8,4,16,0,620,684,LA BELLE CROIX,50.703,2.349,Plein jour,En agglomération,Giratoire,Pluie forte,Deux véhicules - côté,,,,,,,,,,,1,2,6,3.0,3.0
201100000350,0011-09-07 19:00:00,11,9,7,19,0,620,14,rue d arras,,,Plein jour,En agglomération,Hors intersection,Normale,Deux véhicules - frontale,,,,,,,,,,,1,2,1,1.0,1.0
201100000351,0011-12-11 08:00:00,11,12,11,8,0,620,811,,,,Crépuscule ou aube,Hors agglomération,Hors intersection,Normale,Deux véhicules - arrière,,,,,,,,,,,2,1,1,1.0,2.0
201100000352,0011-12-17 13:15:00,11,12,17,13,15,620,14,rue de st omer,50.644,2.398,Plein jour,En agglomération,Hors intersection,Normale,Autre collision,,,,,,,,,,,1,2,1,1.0,6.0
201100000353,0011-12-17 20:45:00,11,12,17,20,45,620,14,rue du portugal,50.641,2.405,Nuit avec éclairage allumé,En agglomération,Hors intersection,Pluie légère,Sans collision,,,,,,,,,,,5,2,1,2.0,7.0
201100000354,0011-02-03 14:00:00,11,2,3,14,0,620,38,,50.89,1.973,Plein jour,Hors agglomération,Hors intersection,Normale,Trois véhicules et plus - collisions multiples,,,,,,,,,,,1,1,1,1.0,5.0
201100000355,0011-05-08 03:15:00,11,5,8,3,15,620,393,,50.926,2.008,Nuit sans éclairage public,Hors agglomération,Hors intersection,Normale,Autre collision,,,,,,,,,,,3,1,1,1.0,6.0
201100000356,0011-05-22 04:30:00,11,5,22,4,30,620,393,,50.929,2.028,Nuit sans éclairage public,Hors agglomération,Hors intersection,Normale,Autre collision,,,,,,,,,,,3,1,1,1.0,6.0
201100000357,0011-06-09 13:15:00,11,6,9,13,15,620,38,avenue de saint omer,,,Plein jour,En agglomération,Hors intersection,Normale,Deux véhicules - côté,,,,,,,,,,,1,2,1,1.0,3.0
201100000358,0011-06-11 19:00:00,11,6,11,19,0,620,756,,,,Plein jour,Hors agglomération,Hors intersection,Normale,Autre collision,,,,,,,,,,,1,1,1,1.0,6.0
201100000359,0011-08-12 16:00:00,11,8,12,16,0,620,645,,,,Plein jour,Hors agglomération,Hors intersection,Normale,Deux véhicules - arrière,,,,,,,,,,,1,1,1,1.0,2.0
201100000360,0011-02-25 15:00:00,11,2,25,15,0,620,704,,,,Plein jour,Hors agglomération,Hors intersection,Brouillard / fumée,Sans collision,,,,,,,,,,,1,1,1,5.0,7.0
201100000361,0011-03-13 11:00:00,11,3,13,11,0,620,294,,50.604,2.273,Plein jour,Hors agglomération,Hors intersection,Normale,Autre collision,,,,,,,,,,,1,1,1,1.0,6.0
201100000362,0011-03-27 16:15:00,11,3,27,16,15,620,812,,50.647,2.032,Plein jour,Hors agglomération,Intersection en X,Normale,Deux véhicules - côté,,,,,,,,,,,1,1,2,1.0,3.0
201100000363,0011-04-20 19:00:00,11,4,20,19,0,620,704,,50.557,2.087,Plein jour,Hors agglomération,Hors intersection,Normale,Deux véhicules - côté,,,,,,,,,,,1,1,1,1.0,3.0
201100000364,0011-04-27 06:15:00,11,4,27,6,15,620,229,,,,Crépuscule ou aube,Hors agglomération,Hors intersection,Normale,Deux véhicules - frontale,,,,,,,,,,,2,1,1,1.0,1.0
201100000365,0011-04-15 07:45:00,11,4,15,7,45,620,294,,50.615,2.27,Plein jour,Hors agglomération,Hors intersection,Normale,Autre collision,,,,,,,,,,,1,1,1,1.0,6.0
201100000366,0011-06-16 08:15:00,11,6,16,8,15,620,760,,,,Plein jour,Hors agglomération,Hors intersection,Temps couvert,Deux véhicules - frontale,,,,,,,,,,,1,1,1,8.0,1.0
201100000367,0011-08-21 14:45:00,11,8,21,14,45,620,327,,,,Plein jour,Hors agglomération,Giratoire,Normale,Autre collision,,,,,,,,,,,1,1,6,1.0,6.0
201100000368,0011-12-10 17:15:00,11,12,10,17,15,620,812,,,,Nuit sans éclairage public,Hors agglomération,Intersection en X,Pluie légère,Deux véhicules - côté,,,,,,,,,,,3,1,2,2.0,3.0
201100000369,0011-12-21 17:45:00,11,12,21,17,45,620,325,,,,Nuit sans éclairage public,Hors agglomération,Hors intersection,Pluie légère,Sans collision,,,,,,,,,,,3,1,1,2.0,7.0
201100000370,0011-12-24 18:45:00,11,12,24,18,45,620,812,,,,Nuit sans éclairage public,Hors agglomération,Hors intersection,Normale,Autre collision,,,,,,,,,,,3,1,1,1.0,6.0
201100000371,0011-01-10 05:15:00,11,1,10,5,15,620,794,13 route d'Esquerdes,50.715,2.168,Nuit avec éclairage non allumé,En agglomération,Hors intersection,Autre,Autre collision,,,,,,,,,,,4,2,1,9.0,6.0
201100000372,0011-01-27 17:30:00,11,1,27,17,30,620,837,,50.667,2.031,Plein jour,Hors agglomération,Intersection en X,Normale,Deux véhicules - côté,,,,,,,,,,,1,1,2,1.0,3.0
201100000373,0011-03-23 04:00:00,11,3,23,4,0,620,403,,50.7,2.216,Nuit sans éclairage public,Hors agglomération,Hors intersection,Normale,Autre collision,,,,,,,,,,,3,1,1,1.0,6.0
201100000374,0011-04-19 20:30:00,11,4,19,20,30,620,534,,,,Crépuscule ou aube,Hors agglomération,Hors intersection,Normale,Autre collision,,,,,,,,,,,2,1,1,1.0,6.0
201100000375,0011-08-19 16:30:00,11,8,19,16,30,620,702,,50.675,2.186,Plein jour,Hors agglomération,Hors intersection,Normale,Sans collision,,,,,,,,,,,1,1,1,1.0,7.0
201100000376,0011-10-04 18:15:00,11,10,4,18,15,620,534,"01, Avenue B.CHOCHOY",,,Plein jour,En agglomération,Giratoire,Normale,Deux véhicules - frontale,,,,,,,,,,,1,2,6,1.0,1.0
201100000377,0011-10-24 16:00:00,11,10,24,16,0,620,534,10 rue Fran?ois Cousin,,,Plein jour,En agglomération,Hors intersection,Normale,Autre collision,,,,,,,,,,,1,2,1,1.0,6.0
201100000378,0011-11-09 17:00:00,11,11,9,17,0,620,613,,,,Crépuscule ou aube,Hors agglomération,Hors intersection,Normale,Autre collision,,,,,,,,,,,2,1,1,1.0,6.0
201100000379,0011-01-28 21:30:00,11,1,28,21,30,620,282,,50.394,2.194,Nuit sans éclairage public,Hors agglomération,Intersection en T,Normale,Deux véhicules - côté,,,,,,,,,,,3,1,3,1.0,3.0