accident_id,datetime,annee,mois,jour,heure,minute,departement,commune_insee,adresse,latitude,longitude,luminosite,agglomeration,intersection,meteo,collision,nb_vehicules,nb_usagers,nb_indemnes,nb_tues,nb_blesses_hosp,nb_blesses_legers,age_cond_1,age_cond_2,veh_type_cond_1,veh_type_cond_2,lum_code,agg_code,int_code,atm_code,col_code
201100000380,0011-01-30 16:45:00,11,1,30,16,45,620,647,,50.366,2.039,Plein jour,Hors agglomération,Hors intersection,Normale,Trois véhicules et plus - en chaîne,,,,,,,,,,,1,1,1,1.0,4.0
201100000381,0011-02-25 07:30:00,11,2,25,7,30,620,605,,50.391,2.172,Plein jour,Hors agglomération,Hors intersection,Normale,Deux véhicules - arrière,,,,,,,,,,,1,1,1,1.0,2.0
201100000382,0011-03-18 13:00:00,11,3,18,13,0,620,258,,50.327,2.284,Plein jour,Hors agglomération,Intersection en X,Pluie légère,Deux véhicules - côté,,,,,,,,,,,1,1,2,2.0,3.0
201100000383,0011-03-21 16:45:00,11,3,21,16,45,620,767,,,,Plein jour,En agglomération,Hors intersection,Normale,Autre collision,,,,,,,,,,,1,2,1,1.0,6.0
201100000384,0011-03-22 17:45:00,11,3,22,17,45,620,767,Rue Canteraine,,,Plein jour,En agglomération,Hors intersection,Normale,Deux véhicules - côté,,,,,,,,,,,1,2,1,1.0,3.0
201100000385,0011-04-08 15:45:00,11,4,8,15,45,620,686,,50.372,2.305,Plein jour,Hors agglomération,Hors intersection,Normale,Autre collision,,,,,,,,,,,1,1,1,1.0,6.0
201100000386,0011-04-24 05:30:00,11,4,24,5,30,620,808,,50.449,2.226,Nuit sans éclairage public,Hors agglomération,Hors intersection,Normale,Autre collision,,,,,,,,,,,3,1,1,1.0,6.0
201100000387,0011-04-24 15:45:00,11,4,24,15,45,620,258,"rue de St Pol, RD101",50.36,2.268,Plein jour,En agglomération,Hors intersection,Normale,Deux véhicules - frontale,,,,,,,,,,,1,2,1,1.0,1.0
201100000388,0011-04-25 18:45:00,11,4,25,18,45,620,468,,,,Plein jour,Hors agglomération,Hors intersection,Normale,Deux véhicules - côté,,,,,,,,,,,1,1,1,1.0,3.0
201100000389,0011-04-27 08:30:00,11,4,27,8,30,620,808,,50.466,2.237,Plein jour,Hors agglomération,Hors intersection,Normale,Deux véhicules - côté,,,,,,,,,,,1,1,1,1.0,3.0
201100000390,0011-05-27 20:30:00,11,5,27,20,30,620,767,Rue Faidherbe,50.383,2.342,Plein jour,En agglomération,Hors intersection,Normale,Deux véhicules - côté,,,,,,,,,,,1,2,1,1.0,3.0
201100000391,0011-06-29 13:30:00,11,6,29,13,30,620,470,,50.389,2.149,Plein jour,Hors agglomération,Autre intersection,Normale,Deux véhicules - frontale,,,,,,,,,,,1,1,9,1.0,1.0
201100000392,0011-07-02 16:30:00,11,7,2,16,30,620,652,RD916,50.488,2.415,Plein jour,En agglomération,Hors intersection,Normale,Deux véhicules - côté,,,,,,,,,,,1,2,1,1.0,3.0
201100000393,0011-08-04 16:30:00,11,8,4,16,30,620,831,,,,Plein jour,Hors agglomération,Hors intersection,Pluie légère,Deux véhicules - frontale,,,,,,,,,,,1,1,1,2.0,1.0
201100000394,0011-08-20 12:30:00,11,8,20,12,30,620,101,12 rue de saint pol,50.38,2.239,Plein jour,En agglomération,Autre intersection,Normale,Deux véhicules - arrière,,,,,,,,,,,1,2,9,1.0,2.0
201100000395,0011-08-13 14:30:00,11,8,13,14,30,620,767,RD941,,,Plein jour,En agglomération,Hors intersection,Pluie légère,Deux véhicules - arrière,,,,,,,,,,,1,2,1,2.0,2.0
201100000396,0011-09-12 08:15:00,11,9,12,8,15,620,677,,50.351,2.041,Plein jour,Hors agglomération,Hors intersection,Normale,Deux véhicules - frontale,,,,,,,,,,,1,1,1,1.0,1.0
201100000397,0011-09-27 21:00:00,11,9,27,21,0,620,416,,,,Nuit sans éclairage public,Hors agglomération,Hors intersection,Normale,Deux véhicules - frontale,,,,,,,,,,,3,1,1,1.0,1.0
201100000398,0011-10-23 19:45:00,11,10,23,19,45,620,468,,,,Nuit sans éclairage public,Hors agglomération,Hors intersection,Normale,Autre collision,,,,,,,,,,,3,1,1,1.0,6.0
201100000399,0011-10-26 09:45:00,11,10,26,9,45,620,36,,,,Plein jour,Hors agglomération,Hors intersection,Normale,Deux véhicules - frontale,,,,,,,,,,,1,1,1,1.0,1.0
201100000400,0011-11-19 17:00:00,11,11,19,17,0,620,171,,50.467,2.316,Nuit sans éclairage public,Hors agglomération,Hors intersection,Normale,Deux véhicules - arrière,,,,,,,,,,,3,1,1,1.0,2.0
201100000401,0011-12-14 07:00:00,11,12,14,7,0,620,767,108 rue de b?thune,50.387,2.341,Nuit avec éclairage allumé,En agglomération,Hors intersection,Pluie légère,Deux véhicules - côté,,,,,,,,,,,5,2,1,2.0,3.0
201100000402,0011-12-17 08:15:00,11,12,17,8,15,620,740,,,,Plein jour,Hors agglomération,Hors intersection,Normale,Autre collision,,,,,,,,,,,1,1,1,1.0,6.0
201100000403,0011-01-28 19:45:00,11,1,28,19,45,620,877,,,,Nuit sans éclairage public,Hors agglomération,Hors intersection,Pluie légère,Deux véhicules - frontale,,,,,,,,,,,3,1,1,2.0,1.0
201100000404,0011-03-02 15:30:00,11,3,2,15,30,620,399,,,,Plein jour,Hors agglomération,Hors intersection,Temps éblouissant,Sans collision,,,,,,,,,,,1,1,1,7.0,7.0
201100000405,0011-03-10 12:30:00,11,3,10,12,30,620,443,,50.44,2.64,Plein jour,Hors agglomération,Hors intersection,Normale,Autre collision,,,,,,,,,,,1,1,1,1.0,6.0
201100000406,0011-03-24 07:30:00,11,3,24,7,30,620,198,,,,Plein jour,Hors agglomération,Hors intersection,Temps éblouissant,Deux véhicules - côté,,,,,,,,,,,1,1,1,7.0,3.0
201100000407,0011-03-30 17:00:00,11,3,30,17,0,620,70,,,,Plein jour,Hors agglomération,Hors intersection,Pluie forte,Sans collision,,,,,,,,,,,1,1,1,3.0,7.0
201100000408,0011-05-15 11:30:00,11,5,15,11,30,620,170,,,,Plein jour,Hors agglomération,Hors intersection,Normale,Autre collision,,,,,,,,,,,1,1,1,1.0,6.0
201100000409,0011-06-26 20:30:00,11,6,26,20,30,620,170,,,,Plein jour,Hors agglomération,Hors intersection,Normale,Deux véhicules - côté,,,,,,,,,,,1,1,1,1.0,3.0
201100000410,0011-07-04 02:45:00,11,7,4,2,45,620,477,CD 78,,,Nuit avec éclairage allumé,En agglomération,Hors intersection,Normale,Autre collision,,,,,,,,,,,5,2,1,1.0,6.0
201100000411,0011-07-18 20:00:00,11,7,18,20,0,620,366,CD341,,,Plein jour,En agglomération,Hors intersection,Normale,Deux véhicules - arrière,,,,,,,,,,,1,2,1,1.0,2.0
201100000412,0011-08-18 14:00:00,11,8,18,14,0,620,415,,,,Plein jour,Hors agglomération,Hors intersection,Normale,Deux véhicules - côté,,,,,,,,,,,1,1,1,1.0,3.0
201100000413,0011-09-10 09:00:00,11,9,10,9,0,620,45,,,,Plein jour,Hors agglomération,Hors intersection,Normale,Deux véhicules - côté,,,,,,,,,,,1,1,1,1.0,3.0
201100000414,0011-09-14 13:15:00,11,9,14,13,15,620,415,,,,Plein jour,Hors agglomération,Hors intersection,Normale,Autre collision,,,,,,,,,,,1,1,1,1.0,6.0
201100000415,0011-11-25 13:45:00,11,11,25,13,45,620,86,,,,Plein jour,Hors agglomération,Hors intersection,Temps couvert,Autre collision,,,,,,,,,,,1,1,1,8.0,6.0
201100000416,0011-11-28 19:00:00,11,11,28,19,0,620,198,,,,Nuit sans éclairage public,Hors agglomération,Hors intersection,Brouillard / fumée,Autre collision,,,,,,,,,,,3,1,1,5.0,6.0
201100000417,0011-03-15 12:30:00,11,3,15,12,30,620,361,Rue du Mar?chal Leclerc,,,Plein jour,En agglomération,Hors intersection,Normale,Autre collision,,,,,,,,,,,1,2,1,1.0,6.0
201100000418,0011-04-01 12:15:00,11,4,1,12,15,620,60,Rue du G?n?ral Leclerc,,,Plein jour,En agglomération,Hors intersection,Temps couvert,Deux véhicules - côté,,,,,,,,,,,1,2,1,8.0,3.0
201100000419,0011-07-09 20:30:00,11,7,9,20,30,620,881,8 RUE PRINCIPALE,,,Plein jour,En agglomération,Autre intersection,Normale,Deux véhicules - côté,,,,,,,,,,,1,2,9,1.0,3.0
201100000420,0011-02-05 07:15:00,11,2,5,7,15,800,412,,,,Nuit sans éclairage public,Hors agglomération,Hors intersection,Normale,Deux véhicules - frontale,,,,,,,,,,,3,1,1,1.0,1.0
201100000421,0011-03-03 16:45:00,11,3,3,16,45,800,338,,,,Plein jour,Hors agglomération,Hors intersection,Normale,Sans collision,,,,,,,,,,,1,1,1,1.0,7.0
201100000422,0011-03-22 22:00:00,11,3,22,22,0,800,159,,,,Nuit sans éclairage public,Hors agglomération,Hors intersection,Normale,Autre collision,,,,,,,,,,,3,1,1,1.0,6.0
201100000423,0011-05-10 08:30:00,11,5,10,8,30,800,107,,,,Plein jour,Hors agglomération,Hors intersection,Temps couvert,Trois véhicules et plus - collisions multiples,,,,,,,,,,,1,1,1,8.0,5.0
201100000424,0011-05-13 18:45:00,11,5,13,18,45,800,530,,,,Plein jour,Hors agglomération,Hors intersection,Normale,Deux véhicules - côté,,,,,,,,,,,1,1,1,1.0,3.0
201100000425,0011-06-03 09:00:00,11,6,3,9,0,800,799,,,,Plein jour,Hors agglomération,Hors intersection,Normale,Sans collision,,,,,,,,,,,1,1,1,1.0,7.0
201100000426,0011-08-02 16:15:00,11,8,2,16,15,800,799,route d'Amiens - RD1029,,,Plein jour,En agglomération,Hors intersection,Temps couvert,Deux véhicules - frontale,,,,,,,,,,,1,2,1,8.0,1.0
201100000427,0011-08-28 11:45:00,11,8,28,11,45,800,412,,,,Plein jour,Hors agglomération,Intersection en X,Normale,Deux véhicules - côté,,,,,,,,,,,1,1,2,1.0,3.0
201100000428,0011-09-05 16:00:00,11,9,5,16,0,800,463,,,,Plein jour,Hors agglomération,Hors intersection,Normale,Sans collision,,,,,,,,,,,1,1,1,1.0,7.0
201100000429,0011-09-10 12:45:00,11,9,10,12,45,800,159,,,,Plein jour,Hors agglomération,Hors intersection,Normale,Deux véhicules - côté,,,,,,,,,,,1,1,1,1.0,3.0
201100000430,0011-09-30 18:15:00,11,9,30,18,15,800,107,,,,Plein jour,Hors agglomération,Hors intersection,Normale,Deux véhicules - côté,,,,,,,,,,,1,1,1,1.0,3.0
201100000431,0011-12-02 11:30:00,11,12,2,11,30,800,338,Rue Jules Lardière,,,Plein jour,En agglomération,Hors intersection,Normale,Autre collision,,,,,,,,,,,1,2,1,1.0,6.0
201100000432,0011-11-22 13:45:00,11,11,22,13,45,800,212,rond point de la marine,,,Plein jour,En agglomération,Giratoire,Temps éblouissant,Deux véhicules - côté,,,,,,,,,,,1,2,6,7.0,3.0
201100000433,0011-02-21 11:00:00,11,2,21,11,0,800,606,intersection RD53/RD29,,,Plein jour,En agglomération,Intersection en X,Normale,Trois véhicules et plus - collisions multiples,,,,,,,,,,,1,2,2,1.0,5.0
201100000434,0011-02-24 13:30:00,11,2,24,13,30,800,142,,,,Plein jour,Hors agglomération,Hors intersection,Normale,Sans collision,,,,,,,,,,,1,1,1,1.0,7.0
201100000435,0011-04-14 02:00:00,11,4,14,2,0,800,821,,,,Nuit avec éclairage allumé,En agglomération,Hors intersection,Normale,Autre collision,,,,,,,,,,,5,2,1,1.0,6.0
201100000436,0011-04-21 18:15:00,11,4,21,18,15,800,443,,,,Plein jour,Hors agglomération,Hors intersection,Normale,Autre collision,,,,,,,,,,,1,1,1,1.0,6.0
201100000437,0011-05-12 19:15:00,11,5,12,19,15,800,606,rue sadi carnot,,,Plein jour,En agglomération,Hors intersection,Normale,Autre collision,,,,,,,,,,,1,2,1,1.0,6.0
201100000438,0011-06-03 16:45:00,11,6,3,16,45,800,62,,,,Plein jour,Hors agglomération,Intersection en X,Normale,Deux véhicules - côté,,,,,,,,,,,1,1,2,1.0,3.0
201100000439,0011-06-08 16:45:00,11,6,8,16,45,800,13,,,,Plein jour,Hors agglomération,Hors intersection,Normale,Sans collision,,,,,,,,,,,1,1,1,1.0,7.0
201100000440,0011-09-19 16:30:00,11,9,19,16,30,800,62,,,,Plein jour,Hors agglomération,Intersection en X,Temps couvert,Deux véhicules - côté,,,,,,,,,,,1,1,2,8.0,3.0
201100000441,0011-09-23 21:45:00,11,9,23,21,45,800,354,,,,Nuit sans éclairage public,Hors agglomération,Hors intersection,Normale,Sans collision,,,,,,,,,,,3,1,1,1.0,7.0
201100000442,0011-09-26 17:45:00,11,9,26,17,45,800,744,,,,Plein jour,Hors agglomération,Hors intersection,Normale,Deux véhicules - frontale,,,,,,,,,,,1,1,1,1.0,1.0
201100000443,0011-09-30 19:00:00,11,9,30,19,0,800,99,,,,Plein jour,En agglomération,Intersection en X,Normale,Deux véhicules - côté,,,,,,,,,,,1,2,2,1.0,3.0
201100000444,0011-10-05 14:15:00,11,10,5,14,15,800,450,,,,Plein jour,Hors agglomération,Hors intersection,Normale,Autre collision,,,,,,,,,,,1,1,1,1.0,6.0
201100000445,0011-11-23 08:30:00,11,11,23,8,30,800,13,PLACE DU 53EME RICMS,,,Plein jour,En agglomération,Hors intersection,Brouillard / fumée,Autre collision,,,,,,,,,,,1,2,1,5.0,6.0
201100000446,0011-01-23 10:45:00,11,1,23,10,45,800,791,,,,Plein jour,Hors agglomération,Intersection en X,Normale,Deux véhicules - côté,,,,,,,,,,,1,1,2,1.0,3.0
201100000447,0011-03-26 14:15:00,11,3,26,14,15,800,301,RUE DE L EGLISE,,,Plein jour,En agglomération,Hors intersection,Normale,Autre collision,,,,,,,,,,,1,2,1,1.0,6.0
201100000448,0011-04-14 08:00:00,11,4,14,8,0,800,791,,,,Plein jour,Hors agglomération,Intersection en X,Normale,Deux véhicules - côté,,,,,,,,,,,1,1,2,1.0,3.0
201100000449,0011-06-03 13:15:00,11,6,3,13,15,800,630,,,,Plein jour,Hors agglomération,Hors intersection,Normale,Sans collision,,,,,,,,,,,1,1,1,1.0,7.0
201100000450,0011-06-11 00:30:00,11,6,11,0,30,800,357,,49.839,2.04999,Nuit avec éclairage allumé,En agglomération,Hors intersection,Normale,Trois véhicules et plus - collisions multiples,,,,,,,,,,,5,2,1,1.0,5.0
201100000451,0011-06-14 11:30:00,11,6,14,11,30,800,98,,,,Plein jour,Hors agglomération,Hors intersection,Normale,Deux véhicules - côté,,,,,,,,,,,1,1,1,1.0,3.0
201100000452,0011-07-01 08:30:00,11,7,1,8,30,800,198,,,,Plein jour,Hors agglomération,Intersection en Y,Normale,Trois véhicules et plus - collisions multiples,,,,,,,,,,,1,1,4,1.0,5.0
201100000453,0011-07-26 13:45:00,11,7,26,13,45,800,630,,,,Plein jour,Hors agglomération,Hors intersection,Normale,Deux véhicules - arrière,,,,,,,,,,,1,1,1,1.0,2.0
201100000454,0011-07-26 23:45:00,11,7,26,23,45,800,114,,,,Nuit sans éclairage public,Hors agglomération,Hors intersection,Normale,Sans collision,,,,,,,,,,,3,1,1,1.0,7.0
201100000455,0011-08-06 09:45:00,11,8,6,9,45,800,273,rue du chateau d'eau,,,Plein jour,En agglomération,Hors intersection,Normale,Autre collision,,,,,,,,,,,1,2,1,1.0,6.0
201100000456,0011-08-24 01:45:00,11,8,24,1,45,800,627,,,,Nuit sans éclairage public,Hors agglomération,Hors intersection,Normale,Sans collision,,,,,,,,,,,3,1,1,1.0,7.0
201100000457,0011-08-23 12:15:00,11,8,23,12,15,800,301,carrefour RD920 / RD 94,,,Plein jour,En agglomération,Intersection en X,Normale,Deux véhicules - côté,,,,,,,,,,,1,2,2,1.0,3.0
201100000458,0011-09-03 23:45:00,11,9,3,23,45,800,670,,,,Nuit sans éclairage public,Hors agglomération,Hors intersection,Pluie forte,Sans collision,,,,,,,,,,,3,1,1,3.0,7.0
201100000459,0011-09-18 15:30:00,11,9,18,15,30,800,656,,,,Plein jour,Hors agglomération,Hors intersection,Pluie forte,Sans collision,,,,,,,,,,,1,1,1,3.0,7.0
201100000460,0011-09-28 18:00:00,11,9,28,18,0,800,630,rue saint martin,,,Plein jour,En agglomération,Hors intersection,Normale,Autre collision,,,,,,,,,,,1,2,1,1.0,6.0
201100000461,0011-11-18 01:45:00,11,11,18,1,45,800,218,,,,Nuit sans éclairage public,Hors agglomération,Hors intersection,Normale,Deux véhicules - arrière,,,,,,,,,,,3,1,1,1.0,2.0
201100000462,0011-12-23 19:45:00,11,12,23,19,45,800,791,,,,Crépuscule ou aube,Hors agglomération,Hors intersection,Vent fort / tempête,Deux véhicules - frontale,,,,,,,,,,,2,1,1,6.0,1.0
201100000463,0011-02-09 21:00:00,11,2,9,21,0,800,24,,,,Nuit sans éclairage public,Hors agglomération,Intersection en X,Normale,Deux véhicules - côté,,,,,,,,,,,3,1,2,1.0,3.0
201100000464,0011-03-10 11:00:00,11,3,10,11,0,800,137,BREILLY,,,Plein jour,Hors agglomération,Hors intersection,Normale,Autre collision,,,,,,,,,,,1,1,1,1.0,6.0
201100000465,0011-04-29 11:00:00,11,4,29,11,0,800,746,,,,Plein jour,En agglomération,Hors intersection,Normale,Autre collision,,,,,,,,,,,1,2,1,1.0,6.0
201100000466,0011-05-05 01:30:00,11,5,5,1,30,800,639,,,,Nuit sans éclairage public,Hors agglomération,Hors intersection,Normale,Autre collision,,,,,,,,,,,3,1,1,1.0,6.0
201100000467,0011-05-12 22:45:00,11,5,12,22,45,800,82,,,,Nuit avec éclairage allumé,En agglomération,Place,Normale,Sans collision,,,,,,,,,,,5,2,7,1.0,7.0
201100000468,0011-05-17 16:45:00,11,5,17,16,45,800,718,,,,Plein jour,Hors agglomération,Intersection en X,Normale,Deux véhicules - côté,,,,,,,,,,,1,1,2,1.0,3.0
201100000469,0011-05-20 12:45:00,11,5,20,12,45,800,137,,,,Plein jour,Hors agglomération,Hors intersection,Normale,Sans collision,,,,,,,,,,,1,1,1,1.0,7.0
201100000470,0011-06-11 21:15:00,11,6,11,21,15,800,622,PLACE GENERAL DE GAULLE,,,Nuit avec éclairage allumé,En agglomération,Place,Normale,Autre collision,,,,,,,,,,,5,2,7,1.0,6.0
201100000471,0011-09-06 17:00:00,11,9,6,17,0,800,798,carrefour RN 25 et D 113,,,Plein jour,En agglomération,Giratoire,Pluie forte,Sans collision,,,,,,,,,,,1,2,6,3.0,7.0
201100000472,0011-09-08 08:30:00,11,9,8,8,30,800,316,,,,Plein jour,Hors agglomération,Hors intersection,Normale,Deux véhicules - frontale,,,,,,,,,,,1,1,1,1.0,1.0
201100000473,0011-10-02 16:45:00,11,10,2,16,45,800,722,Rue du stade,,,Plein jour,Hors agglomération,Hors intersection,Normale,Autre collision,,,,,,,,,,,1,1,1,1.0,6.0
201100000474,0011-12-07 18:45:00,11,12,7,18,45,800,11,Rue pierre Brossolette,,,Nuit avec éclairage non allumé,En agglomération,Hors intersection,Normale,Deux véhicules - frontale,,,,,,,,,,,4,2,1,1.0,1.0
201100000475,0011-12-12 19:30:00,11,12,12,19,30,800,92,,,,Nuit sans éclairage public,Hors agglomération,Autre intersection,Temps couvert,Autre collision,,,,,,,,,,,3,1,9,8.0,6.0
201100000476,0011-12-18 09:00:00,11,12,18,9,0,800,650,,,,Plein jour,Hors agglomération,Hors intersection,Normale,Sans collision,,,,,,,,,,,1,1,1,1.0,7.0
201100000477,0011-01-30 19:00:00,11,1,30,19,0,800,268,Face au 06 route Paris,,,Nuit avec éclairage allumé,En agglomération,Hors intersection,Normale,Deux véhicules - frontale,,,,,,,,,,,5,2,1,1.0,1.0
201100000478,0011-02-25 16:00:00,11,2,25,16,0,800,221,,,,Plein jour,Hors agglomération,Hors intersection,Normale,Autre collision,,,,,,,,,,,1,1,1,1.0,6.0
201100000479,0011-04-30 12:45:00,11,4,30,12,45,800,588,,,,Plein jour,Hors agglomération,Hors intersection,Normale,Autre collision,,,,,,,,,,,1,1,1,1.0,6.0
201100000480,0011-05-08 12:00:00,11,5,8,12,0,800,444,,,,Plein jour,Hors agglomération,Hors intersection,Normale,Deux véhicules - côté,,,,,,,,,,,1,1,1,1.0,3.0
201100000481,0011-08-13 23:30:00,11,8,13,23,30,800,78,,,,Nuit sans éclairage public,Hors agglomération,Hors intersection,Pluie forte,Deux véhicules - frontale,,,,,,,,,,,3,1,1,3.0,1.0
201100000482,0011-09-04 10:30:00,11,9,4,10,30,800,574,,,,Plein jour,Hors agglomération,Hors intersection,Normale,Sans collision,,,,,,,,,,,1,1,1,1.0,7.0
201100000483,0011-09-22 06:30:00,11,9,22,6,30,800,268,,,,Nuit sans éclairage public,Hors agglomération,Hors intersection,Normale,Autre collision,,,,,,,,,,,3,1,1,1.0,6.0
201100000484,0011-11-09 19:15:00,11,11,9,19,15,800,215,,,,Nuit sans éclairage public,Hors agglomération,Hors intersection,Normale,Autre collision,,,,,,,,,,,3,1,1,1.0,6.0
201100000485,0011-11-12 05:45:00,11,11,12,5,45,800,716,,,,Nuit sans éclairage public,Hors agglomération,Hors intersection,Brouillard / fumée,Sans collision,,,,,,,,,,,3,1,1,5.0,7.0
201100000486,0011-11-29 21:15:00,11,11,29,21,15,800,245,,,,Nuit sans éclairage public,Hors agglomération,Hors intersection,Pluie légère,Autre collision,,,,,,,,,,,3,1,1,2.0,6.0
201100000487,0011-11-30 18:30:00,11,11,30,18,30,800,163,Route du Havre,,,Nuit avec éclairage allumé,En agglomération,Hors intersection,Normale,Autre collision,,,,,,,,,,,5,2,1,1.0,6.0
201100000488,0011-12-11 19:30:00,11,12,11,19,30,800,779,,,,Nuit sans éclairage public,Hors agglomération,Hors intersection,Normale,Deux véhicules - frontale,,,,,,,,,,,3,1,1,1.0,1.0
201100000489,0011-12-14 16:45:00,11,12,14,16,45,800,779,,,,Crépuscule ou aube,Hors agglomération,Hors intersection,Vent fort / tempête,Autre collision,,,,,,,,,,,2,1,1,6.0,6.0
201100000490,0011-02-21 13:30:00,11,2,21,13,30,800,500,VISSE,,,Plein jour,En agglomération,Hors intersection,Normale,Deux véhicules - côté,,,,,,,,,,,1,2,1,1.0,3.0
201100000491,0011-02-27 18:15:00,11,2,27,18,15,800,183,,,,Plein jour,Hors agglomération,Hors intersection,Normale,Sans collision,,,,,,,,,,,1,1,1,1.0,7.0
201100000492,0011-03-13 00:45:00,11,3,13,0,45,800,721,rond point D940/D3,,,Nuit sans éclairage public,En agglomération,Giratoire,Pluie légère,Sans collision,,,,,,,,,,,3,2,6,2.0,7.0
201100000493,0011-04-08 16:45:00,11,4,8,16,45,800,368,,,,Plein jour,Hors agglomération,Hors intersection,Temps éblouissant,Trois véhicules et plus - en chaîne,,,,,,,,,,,1,1,1,7.0,4.0
201100000494,0011-04-10 10:00:00,11,4,10,10,0,800,126,BOUTTENCOURT,,,Plein jour,En agglomération,Intersection en X,Normale,Deux véhicules - côté,,,,,,,,,,,1,2,2,1.0,3.0
201100000495,0011-04-19 19:15:00,11,4,19,19,15,800,714,661 rue de bas,,,Plein jour,En agglomération,Hors intersection,Normale,Deux véhicules - côté,,,,,,,,,,,1,2,1,1.0,3.0
201100000496,0011-04-24 14:00:00,11,4,24,14,0,800,700,rue du bout du haut,,,Plein jour,En agglomération,Hors intersection,Normale,Deux véhicules - côté,,,,,,,,,,,1,2,1,1.0,3.0
201100000497,0011-05-01 14:00:00,11,5,1,14,0,800,765,,,,Plein jour,Hors agglomération,Hors intersection,Normale,Sans collision,,,,,,,,,,,1,1,1,1.0,7.0
201100000498,0011-05-08 21:30:00,11,5,8,21,30,800,464,"CD 940, 118 route d'EU",50.157,1.551,Crépuscule ou aube,En agglomération,Hors intersection,Pluie légère,Autre collision,,,,,,,,,,,2,2,1,2.0,6.0
201100000499,0011-06-21 19:30:00,11,6,21,19,30,800,345,RUE DES CIMETIERES,,,Plein jour,En agglomération,Hors intersection,Normale,Deux véhicules - côté,,,,,,,,,,,1,2,1,1.0,3.0
201100000500,0011-07-11 16:45:00,11,7,11,16,45,800,556,,,,Plein jour,Hors agglomération,Hors intersection,Normale,Deux véhicules - frontale,,,,,,,,,,,1,1,1,1.0,1.0
201100000501,0011-08-08 21:15:00,11,8,8,21,15,800,373,rue des aulnaies,,,Nuit avec éclairage allumé,En agglomération,Hors intersection,Normale,Sans collision,,,,,,,,,,,5,2,1,1.0,7.0
201100000502,0011-08-24 16:45:00,11,8,24,16,45,800,721,QUAI DU ROMMEREL,,,Plein jour,En agglomération,Hors intersection,Normale,Deux véhicules - frontale,,,,,,,,,,,1,2,1,1.0,1.0
201100000503,0011-08-31 09:30:00,11,8,31,9,30,800,345,rue d'Etain,,,Plein jour,En agglomération,Hors intersection,Normale,Deux véhicules - côté,,,,,,,,,,,1,2,1,1.0,3.0
201100000504,0011-09-13 16:45:00,11,9,13,16,45,800,126,49 ROUTE D'ABBEVILLE,,,Plein jour,En agglomération,Hors intersection,Normale,Autre collision,,,,,,,,,,,1,2,1,1.0,6.0
201100000505,0011-10-30 19:00:00,11,10,30,19,0,800,700,Rue du Bout du Haut,,,Nuit avec éclairage allumé,En agglomération,Hors intersection,Normale,Autre collision,,,,,,,,,,,5,2,1,1.0,6.0
201100000506,0011-11-02 04:30:00,11,11,2,4,30,800,360,,,,Nuit avec éclairage allumé,Hors agglomération,Hors intersection,Normale,Autre collision,,,,,,,,,,,5,1,1,1.0,6.0
201100000507,0011-11-15 02:30:00,11,11,15,2,30,800,287,rue pend,,,Nuit sans éclairage public,En agglomération,Hors intersection,Normale,Sans collision,,,,,,,,,,,3,2,1,1.0,7.0
201100000508,0011-11-18 14:30:00,11,11,18,14,30,800,360,,,,Plein jour,Hors agglomération,Hors intersection,Normale,Deux véhicules - côté,,,,,,,,,,,1,1,1,1.0,3.0
201100000509,0011-12-16 08:15:00,11,12,16,8,15,800,721,,,,Nuit sans éclairage public,Hors agglomération,Hors intersection,Pluie légère,Autre collision,,,,,,,,,,,3,1,1,2.0,6.0
201100000510,0011-01-05 18:45:00,11,1,5,18,45,800,109,,,,Nuit sans éclairage public,Hors agglomération,Hors intersection,Normale,Deux véhicules - frontale,,,,,,,,,,,3,1,1,1.0,1.0
201100000511,0011-01-20 18:00:00,11,1,20,18,0,800,222,RUE DU MARECHAL LECLERC,,,Nuit avec éclairage allumé,En agglomération,Hors intersection,Normale,Autre collision,,,,,,,,,,,5,2,1,1.0,6.0
201100000512,0011-03-16 17:45:00,11,3,16,17,45,800,649,rue fontaine St Vaast,,,Plein jour,En agglomération,Hors intersection,Normale,Deux véhicules - côté,,,,,,,,,,,1,2,1,1.0,3.0
201100000513,0011-04-01 19:30:00,11,4,1,19,30,800,303,rue de becquerel,,,Crépuscule ou aube,En agglomération,Hors intersection,Normale,Sans collision,,,,,,,,,,,2,2,1,1.0,7.0
201100000514,0011-04-26 10:45:00,11,4,26,10,45,800,333,avenue de la plage,,,Plein jour,En agglomération,Hors intersection,Normale,Autre collision,,,,,,,,,,,1,2,1,1.0,6.0
201100000515,0011-06-01 11:45:00,11,6,1,11,45,800,228,Rue de la dune,,,Plein jour,En agglomération,Hors intersection,Normale,Deux véhicules - côté,,,,,,,,,,,1,2,1,1.0,3.0
201100000516,0011-06-02 14:45:00,11,6,2,14,45,800,600,,,,Plein jour,Hors agglomération,Intersection en T,Normale,Deux véhicules - frontale,,,,,,,,,,,1,1,3,1.0,1.0