accident_id,datetime,annee,mois,jour,heure,minute,departement,commune_insee,adresse,latitude,longitude,luminosite,agglomeration,intersection,meteo,collision,nb_vehicules,nb_usagers,nb_indemnes,nb_tues,nb_blesses_hosp,nb_blesses_legers,age_cond_1,age_cond_2,veh_type_cond_1,veh_type_cond_2,lum_code,agg_code,int_code,atm_code,col_code
201100000653,0011-12-02 17:40:00,11,12,2,17,40,20,173,place bouzier,49.61508,3.21606,Nuit avec éclairage allumé,En agglomération,Hors intersection,Normale,Autre collision,,,,,,,,,,,5,2,1,1.0,6.0
201100000654,0011-12-04 00:10:00,11,12,4,0,10,20,807,,,,Nuit sans éclairage public,Hors agglomération,Hors intersection,Pluie légère,Autre collision,,,,,,,,,,,3,1,1,2.0,6.0
201100000655,0011-12-11 20:45:00,11,12,11,20,45,20,173,2 BD DU 8 MAI 1945,49.62416,3.20608,Nuit avec éclairage allumé,En agglomération,Hors intersection,Pluie forte,Autre collision,,,,,,,,,,,5,2,1,3.0,6.0
201100000656,0011-01-12 19:15:00,11,1,12,19,15,20,360,,,,Nuit avec éclairage allumé,Hors agglomération,Intersection en T,Pluie forte,Autre collision,,,,,,,,,,,5,1,3,3.0,6.0
201100000657,0011-01-18 19:30:00,11,1,18,19,30,20,150,,,,Nuit sans éclairage public,Hors agglomération,Hors intersection,Normale,Sans collision,,,,,,,,,,,3,1,1,1.0,7.0
201100000658,0011-04-02 16:40:00,11,4,2,16,40,20,73,RUE GENERAL DE GAULLE,,,Plein jour,En agglomération,Hors intersection,Normale,Autre collision,,,,,,,,,,,1,2,1,1.0,6.0
201100000659,0011-05-18 19:10:00,11,5,18,19,10,20,761,,49.41934,3.96801,Plein jour,Hors agglomération,Passage à niveau,Normale,Deux véhicules - côté,,,,,,,,,,,1,1,8,1.0,3.0
201100000660,0011-08-15 21:40:00,11,8,15,21,40,20,215,,,,Plein jour,En agglomération,Hors intersection,Normale,Autre collision,,,,,,,,,,,1,2,1,1.0,6.0
201100000661,0011-09-10 16:00:00,11,9,10,16,0,20,582,,,,Plein jour,Hors agglomération,Intersection en T,Temps couvert,Deux véhicules - côté,,,,,,,,,,,1,1,3,8.0,3.0
201100000662,0011-10-16 04:15:00,11,10,16,4,15,20,299,rue de montcornet,,,Nuit avec éclairage allumé,En agglomération,Hors intersection,Normale,Sans collision,,,,,,,,,,,5,2,1,1.0,7.0
201100000663,0011-11-11 13:50:00,11,11,11,13,50,20,550,37 rue de la vallee,,,Plein jour,En agglomération,Intersection en T,Normale,Deux véhicules - côté,,,,,,,,,,,1,2,3,1.0,3.0
201100000664,0011-02-23 12:15:00,11,2,23,12,15,20,423,,,,Plein jour,Hors agglomération,Hors intersection,Normale,Sans collision,,,,,,,,,,,1,1,1,1.0,7.0
201100000665,0011-03-23 14:45:00,11,3,23,14,45,20,217,,,,Plein jour,Hors agglomération,Hors intersection,Normale,Trois véhicules et plus - collisions multiples,,,,,,,,,,,1,1,1,1.0,5.0
201100000666,0011-05-02 18:20:00,11,5,2,18,20,20,159,,,,Plein jour,Hors agglomération,Hors intersection,Normale,Trois véhicules et plus - collisions multiples,,,,,,,,,,,1,1,1,1.0,5.0
201100000667,0011-08-09 20:15:00,11,8,9,20,15,20,704,,,,Plein jour,Hors agglomération,Hors intersection,Normale,Deux véhicules - frontale,,,,,,,,,,,1,1,1,1.0,1.0
201100000668,0011-01-20 21:45:00,11,1,20,21,45,20,218,,,,Nuit sans éclairage public,Hors agglomération,Hors intersection,Normale,Autre collision,,,,,,,,,,,3,1,1,1.0,6.0
201100000669,0011-01-27 05:30:00,11,1,27,5,30,20,720,ROUTE DE REIMS,,,Nuit avec éclairage allumé,En agglomération,Intersection en T,Normale,Deux véhicules - frontale,,,,,,,,,,,5,2,3,1.0,1.0
201100000670,0011-02-28 18:25:00,11,2,28,18,25,20,33,,,,Nuit sans éclairage public,Hors agglomération,Intersection en Y,Normale,Deux véhicules - frontale,,,,,,,,,,,3,1,4,1.0,1.0
201100000671,0011-03-05 16:15:00,11,3,5,16,15,20,282,,,,Crépuscule ou aube,Hors agglomération,Hors intersection,Temps éblouissant,Deux véhicules - frontale,,,,,,,,,,,2,1,1,7.0,1.0
201100000672,0011-04-10 15:30:00,11,4,10,15,30,20,346,Rue de la gare,,,Plein jour,En agglomération,Hors intersection,Normale,Autre collision,,,,,,,,,,,1,2,1,1.0,6.0
201100000673,0011-04-25 19:05:00,11,4,25,19,5,20,189,,,,Plein jour,Hors agglomération,Hors intersection,Normale,Autre collision,,,,,,,,,,,1,1,1,1.0,6.0
201100000674,0011-05-20 07:20:00,11,5,20,7,20,20,13,rue de la marlière,,,Plein jour,En agglomération,Hors intersection,Normale,Autre collision,,,,,,,,,,,1,2,1,1.0,6.0
201100000675,0011-05-21 20:00:00,11,5,21,20,0,20,13,,,,Plein jour,Hors agglomération,Hors intersection,Normale,Sans collision,,,,,,,,,,,1,1,1,1.0,7.0
201100000676,0011-06-11 20:00:00,11,6,11,20,0,20,457,,,,Plein jour,Hors agglomération,Hors intersection,Normale,Deux véhicules - frontale,,,,,,,,,,,1,1,1,1.0,1.0
201100000677,0011-07-16 19:30:00,11,7,16,19,30,20,553,,,,Plein jour,Hors agglomération,Hors intersection,Pluie légère,Deux véhicules - côté,,,,,,,,,,,1,1,1,2.0,3.0
201100000678,0011-09-11 15:45:00,11,9,11,15,45,20,309,,,,Plein jour,Hors agglomération,Hors intersection,Normale,Deux véhicules - frontale,,,,,,,,,,,1,1,1,1.0,1.0
201100000679,0011-01-12 07:00:00,11,1,12,7,0,20,524,,,,Nuit sans éclairage public,Hors agglomération,Hors intersection,Normale,Deux véhicules - arrière,,,,,,,,,,,3,1,1,1.0,2.0
201100000680,0011-03-04 23:00:00,11,3,4,23,0,20,518,,,,Nuit sans éclairage public,Hors agglomération,Hors intersection,Normale,Deux véhicules - frontale,,,,,,,,,,,3,1,1,1.0,1.0
201100000681,0011-04-03 09:45:00,11,4,3,9,45,20,510,"35, rue de Celles",,,Plein jour,En agglomération,Hors intersection,Pluie légère,Deux véhicules - côté,,,,,,,,,,,1,2,1,2.0,3.0
201100000682,0011-04-15 14:20:00,11,4,15,14,20,20,524,,,,Plein jour,Hors agglomération,Hors intersection,Normale,Sans collision,,,,,,,,,,,1,1,1,1.0,7.0
201100000683,0011-05-14 17:50:00,11,5,14,17,50,20,748,,,,Plein jour,Hors agglomération,Hors intersection,Normale,Trois véhicules et plus - collisions multiples,,,,,,,,,,,1,1,1,1.0,5.0
201100000684,0011-06-12 03:00:00,11,6,12,3,0,20,26,,,,Nuit sans éclairage public,Hors agglomération,Hors intersection,Normale,Deux véhicules - frontale,,,,,,,,,,,3,1,1,1.0,1.0
201100000685,0011-07-03 17:15:00,11,7,3,17,15,20,85,ROUTE DEPARTEMENTALE 01,,,Plein jour,En agglomération,Hors intersection,Normale,Trois véhicules et plus - collisions multiples,,,,,,,,,,,1,2,1,1.0,5.0
201100000686,0011-07-25 02:00:00,11,7,25,2,0,20,221,,,,Nuit sans éclairage public,Hors agglomération,Hors intersection,Pluie légère,Autre collision,,,,,,,,,,,3,1,1,2.0,6.0
201100000687,0011-11-26 23:00:00,11,11,26,23,0,20,540,4 nesles nouveau,,,Nuit sans éclairage public,En agglomération,Hors intersection,Normale,Autre collision,,,,,,,,,,,3,2,1,1.0,6.0
201100000688,0011-02-25 19:00:00,11,2,25,19,0,20,163,Route de Pavant,,,Nuit avec éclairage allumé,En agglomération,Intersection en Y,Normale,Deux véhicules - côté,,,,,,,,,,,5,2,4,1.0,3.0
201100000689,0011-02-27 02:30:00,11,2,27,2,30,20,221,,,,Nuit sans éclairage public,Hors agglomération,Hors intersection,Normale,Autre collision,,,,,,,,,,,3,1,1,1.0,6.0
201100000690,0011-04-01 16:45:00,11,4,1,16,45,20,443,,,,Plein jour,Hors agglomération,Hors intersection,Normale,Deux véhicules - frontale,,,,,,,,,,,1,1,1,1.0,1.0
201100000691,0011-05-15 09:15:00,11,5,15,9,15,20,555,,,,Plein jour,Hors agglomération,Hors intersection,Normale,Deux véhicules - arrière,,,,,,,,,,,1,1,1,1.0,2.0
201100000692,0011-05-21 16:10:00,11,5,21,16,10,20,163,rue Leviel Petel,,,Plein jour,En agglomération,Hors intersection,Normale,Autre collision,,,,,,,,,,,1,2,1,1.0,6.0
201100000693,0011-08-09 10:50:00,11,8,9,10,50,20,163,,,,Plein jour,Hors agglomération,Hors intersection,Normale,Sans collision,,,,,,,,,,,1,1,1,1.0,7.0
201100000694,0011-11-21 18:15:00,11,11,21,18,15,20,186,,,,Nuit sans éclairage public,Hors agglomération,Hors intersection,Normale,Deux véhicules - frontale,,,,,,,,,,,3,1,1,1.0,1.0
201100000695,0011-12-08 18:15:00,11,12,8,18,15,20,521,,,,Nuit avec éclairage allumé,En agglomération,Intersection en T,Temps couvert,Deux véhicules - côté,,,,,,,,,,,5,2,3,8.0,3.0
201100000696,0011-12-10 21:15:00,11,12,10,21,15,20,443,route de torcy D82,,,Nuit sans éclairage public,En agglomération,Hors intersection,Normale,Autre collision,,,,,,,,,,,3,2,1,1.0,6.0
201100000697,0011-02-01 07:45:00,11,2,1,7,45,20,543,,,,Crépuscule ou aube,Hors agglomération,Hors intersection,Temps couvert,Autre collision,,,,,,,,,,,2,1,1,8.0,6.0
201100000698,0011-02-01 21:00:00,11,2,1,21,0,20,543,,,,Nuit sans éclairage public,Hors agglomération,Hors intersection,Neige / grêle,Autre collision,,,,,,,,,,,3,1,1,4.0,6.0
201100000699,0011-02-23 14:15:00,11,2,23,14,15,20,543,,,,Plein jour,Hors agglomération,Hors intersection,Normale,Deux véhicules - côté,,,,,,,,,,,1,1,1,1.0,3.0
201100000700,0011-04-02 17:45:00,11,4,2,17,45,20,356,,,,Plein jour,Hors agglomération,Intersection en T,Normale,Autre collision,,,,,,,,,,,1,1,3,1.0,6.0
201100000701,0011-04-03 18:00:00,11,4,3,18,0,20,744,,,,Plein jour,Hors agglomération,Hors intersection,Normale,Deux véhicules - côté,,,,,,,,,,,1,1,1,1.0,3.0
201100000702,0011-05-26 21:30:00,11,5,26,21,30,20,792,CROIX DES MAREES,,,Crépuscule ou aube,En agglomération,Intersection en X,Normale,Autre collision,,,,,,,,,,,2,2,2,1.0,6.0
201100000703,0011-05-29 15:45:00,11,5,29,15,45,20,662,,,,Plein jour,Hors agglomération,Hors intersection,Normale,Deux véhicules - frontale,,,,,,,,,,,1,1,1,1.0,1.0
201100000704,0011-06-23 12:00:00,11,6,23,12,0,20,305,RUE DU MOULIN A TAN,,,Plein jour,En agglomération,Hors intersection,Normale,Sans collision,,,,,,,,,,,1,2,1,1.0,7.0
201100000705,0011-07-10 05:50:00,11,7,10,5,50,20,227,,,,Nuit sans éclairage public,Hors agglomération,Hors intersection,Normale,Sans collision,,,,,,,,,,,3,1,1,1.0,7.0
201100000706,0011-07-17 00:45:00,11,7,17,0,45,20,203,Hameau de la poterie,,,Nuit sans éclairage public,En agglomération,Hors intersection,Pluie légère,Autre collision,,,,,,,,,,,3,2,1,2.0,6.0
201100000707,0011-09-01 12:30:00,11,9,1,12,30,20,185,route de la ferte milon,,,Plein jour,En agglomération,Hors intersection,Normale,Deux véhicules - frontale,,,,,,,,,,,1,2,1,1.0,1.0
201100000708,0011-10-05 22:40:00,11,10,5,22,40,20,718,,,,Nuit sans éclairage public,Hors agglomération,Hors intersection,Normale,Autre collision,,,,,,,,,,,3,1,1,1.0,6.0
201100000709,0011-10-22 02:45:00,11,10,22,2,45,20,227,,,,Nuit sans éclairage public,Hors agglomération,Intersection en T,Normale,Autre collision,,,,,,,,,,,3,1,3,1.0,6.0
201100000710,0011-11-01 07:45:00,11,11,1,7,45,20,220,,,,Plein jour,Hors agglomération,Hors intersection,Normale,Autre collision,,,,,,,,,,,1,1,1,1.0,6.0
201100000711,0011-02-06 02:35:00,11,2,6,2,35,20,382,,,,Nuit sans éclairage public,Hors agglomération,Hors intersection,Normale,Autre collision,,,,,,,,,,,3,1,1,1.0,6.0
201100000712,0011-03-22 00:01:00,11,3,22,0,1,20,359,,,,Nuit sans éclairage public,Hors agglomération,Hors intersection,Normale,Autre collision,,,,,,,,,,,3,1,1,1.0,6.0
201100000713,0011-03-22 21:10:00,11,3,22,21,10,20,359,,,,Nuit sans éclairage public,Hors agglomération,Hors intersection,Normale,Deux véhicules - arrière,,,,,,,,,,,3,1,1,1.0,2.0
201100000714,0011-05-01 05:50:00,11,5,1,5,50,20,726,,,,Plein jour,Hors agglomération,Hors intersection,Normale,Autre collision,,,,,,,,,,,1,1,1,1.0,6.0
201100000715,0011-05-05 09:45:00,11,5,5,9,45,20,774,,,,Plein jour,Hors agglomération,Intersection en T,Normale,Deux véhicules - arrière,,,,,,,,,,,1,1,3,1.0,2.0
201100000716,0011-05-22 15:15:00,11,5,22,15,15,20,199,RUE DE MONTESCOURT,,,Plein jour,En agglomération,Hors intersection,Normale,Sans collision,,,,,,,,,,,1,2,1,1.0,7.0
201100000717,0011-06-05 14:15:00,11,6,5,14,15,20,420,,,,Plein jour,Hors agglomération,Hors intersection,Normale,Deux véhicules - frontale,,,,,,,,,,,1,1,1,1.0,1.0
201100000718,0011-06-08 11:30:00,11,6,8,11,30,20,420,,,,Plein jour,Hors agglomération,Hors intersection,Normale,Autre collision,,,,,,,,,,,1,1,1,1.0,6.0
201100000719,0011-08-18 14:00:00,11,8,18,14,0,20,355,rue émile malezieux,,,Plein jour,En agglomération,Autre intersection,Normale,Deux véhicules - côté,,,,,,,,,,,1,2,9,1.0,3.0
201100000720,0011-11-18 14:00:00,11,11,18,14,0,20,658,,,,Plein jour,Hors agglomération,Hors intersection,Temps couvert,Autre collision,,,,,,,,,,,1,1,1,8.0,6.0
201100000721,0011-12-19 19:00:00,11,12,19,19,0,20,726,,,,Nuit sans éclairage public,Hors agglomération,Hors intersection,Normale,Deux véhicules - frontale,,,,,,,,,,,3,1,1,1.0,1.0
201100000722,0011-02-03 20:45:00,11,2,3,20,45,20,310,,,,Nuit sans éclairage public,Hors agglomération,Hors intersection,Neige / grêle,Sans collision,,,,,,,,,,,3,1,1,4.0,7.0
201100000723,0011-04-12 09:40:00,11,4,12,9,40,20,319,,,,Plein jour,En agglomération,Intersection en Y,Normale,Deux véhicules - côté,,,,,,,,,,,1,2,4,1.0,3.0
201100000724,0011-07-08 23:00:00,11,7,8,23,0,20,95,,,,Nuit sans éclairage public,Hors agglomération,Hors intersection,Normale,Autre collision,,,,,,,,,,,3,1,1,1.0,6.0
201100000725,0011-07-29 23:45:00,11,7,29,23,45,20,61,,,,Nuit sans éclairage public,Hors agglomération,Hors intersection,Normale,Sans collision,,,,,,,,,,,3,1,1,1.0,7.0
201100000726,0011-08-02 11:45:00,11,8,2,11,45,20,288,,,,Plein jour,Hors agglomération,Intersection en T,Normale,Deux véhicules - côté,,,,,,,,,,,1,1,3,1.0,3.0
201100000727,0011-07-28 15:30:00,11,7,28,15,30,20,334,RUE DE LA REPUBLIQUE,,,Plein jour,En agglomération,Hors intersection,Normale,Deux véhicules - frontale,,,,,,,,,,,1,2,1,1.0,1.0
201100000728,0011-09-26 12:55:00,11,9,26,12,55,20,143,rue du general Augereau,,,Plein jour,En agglomération,Hors intersection,Normale,Deux véhicules - arrière,,,,,,,,,,,1,2,1,1.0,2.0
201100000729,0011-10-20 22:25:00,11,10,20,22,25,20,709,,,,Nuit sans éclairage public,Hors agglomération,Hors intersection,Normale,Deux véhicules - frontale,,,,,,,,,,,3,1,1,1.0,1.0
201100000730,0011-04-26 06:25:00,11,4,26,6,25,20,741,,,,Plein jour,Hors agglomération,Hors intersection,Normale,Autre collision,,,,,,,,,,,1,1,1,1.0,6.0
201100000731,0011-04-28 12:15:00,11,4,28,12,15,20,741,,,,Plein jour,Hors agglomération,Hors intersection,Pluie légère,Deux véhicules - frontale,,,,,,,,,,,1,1,1,2.0,1.0
201100000732,0011-04-28 07:15:00,11,4,28,7,15,20,575,RUE PASTEUR,,,Plein jour,En agglomération,Hors intersection,Normale,Autre collision,,,,,,,,,,,1,2,1,1.0,6.0
201100000733,0011-06-26 16:30:00,11,6,26,16,30,20,775,10 rue hotel dieu,,,Plein jour,En agglomération,Hors intersection,Normale,Sans collision,,,,,,,,,,,1,2,1,1.0,7.0
201100000734,0011-06-30 19:30:00,11,6,30,19,30,20,741,,,,Plein jour,Hors agglomération,Hors intersection,Normale,Deux véhicules - frontale,,,,,,,,,,,1,1,1,1.0,1.0
201100000735,0011-12-09 09:00:00,11,12,9,9,0,20,287,,,,Crépuscule ou aube,Hors agglomération,Hors intersection,Normale,Deux véhicules - côté,,,,,,,,,,,2,1,1,1.0,3.0
201100000736,0011-01-12 16:45:00,11,1,12,16,45,20,447,,,,Plein jour,Hors agglomération,Hors intersection,Pluie légère,Deux véhicules - frontale,,,,,,,,,,,1,1,1,2.0,1.0
201100000737,0011-01-16 18:45:00,11,1,16,18,45,20,770,,,,Nuit sans éclairage public,Hors agglomération,Intersection en X,Normale,Deux véhicules - côté,,,,,,,,,,,3,1,2,1.0,3.0
201100000738,0011-03-10 18:40:00,11,3,10,18,40,20,804,,,,Crépuscule ou aube,Hors agglomération,Hors intersection,Normale,Autre collision,,,,,,,,,,,2,1,1,1.0,6.0
201100000739,0011-04-07 05:15:00,11,4,7,5,15,20,245,,,,Nuit sans éclairage public,Hors agglomération,Intersection en T,Normale,Deux véhicules - arrière,,,,,,,,,,,3,1,3,1.0,2.0
201100000740,0011-06-28 17:45:00,11,6,28,17,45,20,593,Rue de Vauxrezis,,,Plein jour,En agglomération,Intersection en Y,Normale,Deux véhicules - côté,,,,,,,,,,,1,2,4,1.0,3.0
201100000741,0011-07-23 10:00:00,11,7,23,10,0,20,580,,,,Plein jour,Hors agglomération,Hors intersection,Normale,Autre collision,,,,,,,,,,,1,1,1,1.0,6.0
201100000742,0011-09-01 12:10:00,11,9,1,12,10,20,226,rue du marechal foch,,,Plein jour,En agglomération,Hors intersection,Normale,Deux véhicules - frontale,,,,,,,,,,,1,2,1,1.0,1.0
201100000743,0011-09-04 18:10:00,11,9,4,18,10,20,804,,,,Plein jour,Hors agglomération,Hors intersection,Normale,Trois véhicules et plus - en chaîne,,,,,,,,,,,1,1,1,1.0,4.0
201100000744,0011-09-23 19:10:00,11,9,23,19,10,20,110,boulevard des danois,,,Plein jour,En agglomération,Hors intersection,Normale,Autre collision,,,,,,,,,,,1,2,1,1.0,6.0
201100000745,0011-10-13 11:45:00,11,10,13,11,45,20,54,,,,Plein jour,Hors agglomération,Hors intersection,Pluie légère,Autre collision,,,,,,,,,,,1,1,1,2.0,6.0
201100000746,0011-11-08 07:20:00,11,11,8,7,20,20,8,,,,Crépuscule ou aube,Hors agglomération,Hors intersection,Normale,Autre collision,,,,,,,,,,,2,1,1,1.0,6.0
201100000747,0011-11-17 18:35:00,11,11,17,18,35,20,520,,,,Nuit sans éclairage public,Hors agglomération,Hors intersection,Brouillard / fumée,Deux véhicules - frontale,,,,,,,,,,,3,1,1,5.0,1.0
201100000748,0011-12-05 19:55:00,11,12,5,19,55,20,763,,,,Nuit sans éclairage public,Hors agglomération,Hors intersection,Pluie légère,Deux véhicules - frontale,,,,,,,,,,,3,1,1,2.0,1.0
201100000749,0011-12-15 18:00:00,11,12,15,18,0,20,36,,,,Nuit sans éclairage public,Hors agglomération,Hors intersection,Neige / grêle,Sans collision,,,,,,,,,,,3,1,1,4.0,7.0
201100000750,0011-12-15 12:15:00,11,12,15,12,15,20,714,,,,Plein jour,Hors agglomération,Hors intersection,Normale,Deux véhicules - arrière,,,,,,,,,,,1,1,1,1.0,2.0
201100000751,0011-02-01 22:30:00,11,2,1,22,30,20,172,,,,Nuit sans éclairage public,Hors agglomération,Hors intersection,Neige / grêle,Deux véhicules - arrière,,,,,,,,,,,3,1,1,4.0,2.0
201100000752,0011-02-23 01:10:00,11,2,23,1,10,20,172,,,,Nuit sans éclairage public,Hors agglomération,Hors intersection,Normale,Autre collision,,,,,,,,,,,3,1,1,1.0,6.0
201100000753,0011-03-11 00:15:00,11,3,11,0,15,20,11,,,,Nuit sans éclairage public,Hors agglomération,Hors intersection,Normale,Deux véhicules - côté,,,,,,,,,,,3,1,1,1.0,3.0
201100000754,0011-03-19 06:30:00,11,3,19,6,30,20,736,,,,Crépuscule ou aube,Hors agglomération,Hors intersection,Normale,Sans collision,,,,,,,,,,,2,1,1,1.0,7.0
201100000755,0011-03-19 19:45:00,11,3,19,19,45,20,687,,,,Nuit sans éclairage public,Hors agglomération,Hors intersection,Normale,Sans collision,,,,,,,,,,,3,1,1,1.0,7.0
201100000756,0011-03-24 18:10:00,11,3,24,18,10,20,514,47 ROUTE DES TANNIERES,,,Plein jour,En agglomération,Hors intersection,Normale,Autre collision,,,,,,,,,,,1,2,1,1.0,6.0
201100000757,0011-03-29 16:45:00,11,3,29,16,45,20,172,,,,Plein jour,Hors agglomération,Hors intersection,Normale,Deux véhicules - côté,,,,,,,,,,,1,1,1,1.0,3.0
201100000758,0011-04-02 16:15:00,11,4,2,16,15,20,822,rue du Château,,,Plein jour,Hors agglomération,Hors intersection,Normale,Autre collision,,,,,,,,,,,1,1,1,1.0,6.0
201100000759,0011-04-21 20:30:00,11,4,21,20,30,20,201,,,,Plein jour,Hors agglomération,Hors intersection,Normale,Sans collision,,,,,,,,,,,1,1,1,1.0,7.0
201100000760,0011-04-25 21:55:00,11,4,25,21,55,20,643,rue de Routy,,,Nuit sans éclairage public,En agglomération,Hors intersection,Normale,Sans collision,,,,,,,,,,,3,2,1,1.0,7.0
201100000761,0011-04-26 09:30:00,11,4,26,9,30,20,528,,,,Plein jour,Hors agglomération,Hors intersection,Normale,Autre collision,,,,,,,,,,,1,1,1,1.0,6.0
201100000762,0011-04-29 07:30:00,11,4,29,7,30,20,822,,,,Plein jour,Hors agglomération,Hors intersection,Brouillard / fumée,Autre collision,,,,,,,,,,,1,1,1,5.0,6.0
201100000763,0011-04-19 18:20:00,11,4,19,18,20,20,687,,,,Plein jour,Hors agglomération,Intersection en X,Normale,Deux véhicules - côté,,,,,,,,,,,1,1,2,1.0,3.0
201100000764,0011-06-13 14:50:00,11,6,13,14,50,20,810,,,,Plein jour,Hors agglomération,Hors intersection,Normale,Deux véhicules - côté,,,,,,,,,,,1,1,1,1.0,3.0
201100000765,0011-06-21 15:10:00,11,6,21,15,10,20,810,,,,Plein jour,En agglomération,Hors intersection,Normale,Deux véhicules - arrière,,,,,,,,,,,1,2,1,1.0,2.0
201100000766,0011-08-04 10:00:00,11,8,4,10,0,20,687,,49.309,3.214,Plein jour,Hors agglomération,Hors intersection,Normale,Deux véhicules - frontale,,,,,,,,,,,1,1,1,1.0,1.0
201100000767,0011-08-14 19:35:00,11,8,14,19,35,20,71,rue de la fabrique,,,Plein jour,En agglomération,Intersection en T,Normale,Autre collision,,,,,,,,,,,1,2,3,1.0,6.0
201100000768,0011-09-29 13:00:00,11,9,29,13,0,20,810,38 route de vivieres,,,Plein jour,En agglomération,Hors intersection,Normale,Autre collision,,,,,,,,,,,1,2,1,1.0,6.0
201100000769,0011-10-06 06:40:00,11,10,6,6,40,20,810,,,,Nuit sans éclairage public,Hors agglomération,Hors intersection,Normale,Sans collision,,,,,,,,,,,3,1,1,1.0,7.0
201100000770,0011-11-06 19:40:00,11,11,6,19,40,20,172,,,,Nuit sans éclairage public,Hors agglomération,Hors intersection,Normale,Trois véhicules et plus - collisions multiples,,,,,,,,,,,3,1,1,1.0,5.0
201100000771,0011-11-11 20:30:00,11,11,11,20,30,20,810,12 place Aristide Briand,49.25478,3.09204,Nuit avec éclairage allumé,En agglomération,Hors intersection,Normale,Autre collision,,,,,,,,,,,5,2,1,1.0,6.0
201100000772,0011-11-18 16:50:00,11,11,18,16,50,20,810,rue Lavoisier,,,Plein jour,En agglomération,Hors intersection,Normale,Sans collision,,,,,,,,,,,1,2,1,1.0,7.0
201100000773,0011-12-05 12:00:00,11,12,5,12,0,20,506,,,,Plein jour,Hors agglomération,Intersection en X,Normale,Trois véhicules et plus - collisions multiples,,,,,,,,,,,1,1,2,1.0,5.0
201100000774,0011-12-05 17:35:00,11,12,5,17,35,20,810,avenue de la gare,49.24686,3.08732,Nuit avec éclairage allumé,En agglomération,Intersection en Y,Pluie forte,Deux véhicules - frontale,,,,,,,,,,,5,2,4,3.0,1.0
201100000775,0011-12-29 07:00:00,11,12,29,7,0,20,810,,,,Nuit sans éclairage public,Hors agglomération,Hors intersection,Normale,Autre collision,,,,,,,,,,,3,1,1,1.0,6.0
201100000776,0011-01-04 19:15:00,11,1,4,19,15,20,433,17 rue de montcornet,,,Nuit avec éclairage allumé,En agglomération,Hors intersection,Autre,Deux véhicules - arrière,,,,,,,,,,,5,2,1,9.0,2.0
201100000777,0011-04-10 18:05:00,11,4,10,18,5,20,743,CD 954,,,Plein jour,En agglomération,Intersection en T,Normale,Autre collision,,,,,,,,,,,1,2,3,1.0,6.0
201100000778,0011-06-05 07:20:00,11,6,5,7,20,20,444,,,,Plein jour,Hors agglomération,Hors intersection,Normale,Autre collision,,,,,,,,,,,1,1,1,1.0,6.0
201100000779,0011-07-11 06:15:00,11,7,11,6,15,20,666,,,,Crépuscule ou aube,Hors agglomération,Hors intersection,Normale,Autre collision,,,,,,,,,,,2,1,1,1.0,6.0
201100000780,0011-12-03 20:10:00,11,12,3,20,10,20,160,,,,Nuit sans éclairage public,Hors agglomération,Hors intersection,Pluie légère,Deux véhicules - frontale,,,,,,,,,,,3,1,1,2.0,1.0
201100000781,0011-02-26 07:25:00,11,2,26,7,25,20,141,,,,Crépuscule ou aube,Hors agglomération,Intersection en T,Normale,Sans collision,,,,,,,,,,,2,1,3,1.0,7.0
201100000782,0011-02-28 09:20:00,11,2,28,9,20,20,312,,,,Plein jour,Hors agglomération,Hors intersection,Temps couvert,Sans collision,,,,,,,,,,,1,1,1,8.0,7.0
201100000783,0011-03-04 23:15:00,11,3,4,23,15,20,103,route du nouvion,,,Nuit avec éclairage allumé,En agglomération,Intersection en Y,Normale,Deux véhicules - frontale,,,,,,,,,,,5,2,4,1.0,1.0
201100000784,0011-05-03 14:10:00,11,5,3,14,10,20,548,,,,Plein jour,Hors agglomération,Hors intersection,Normale,Autre collision,,,,,,,,,,,1,1,1,1.0,6.0
201100000785,0011-06-05 23:00:00,11,6,5,23,0,20,295,,,,Nuit sans éclairage public,Hors agglomération,Hors intersection,Pluie légère,Sans collision,,,,,,,,,,,3,1,1,2.0,7.0
201100000786,0011-07-29 22:00:00,11,7,29,22,0,20,558,,,,Crépuscule ou aube,Hors agglomération,Hors intersection,Normale,Autre collision,,,,,,,,,,,2,1,1,1.0,6.0
201100000787,0011-08-13 04:30:00,11,8,13,4,30,20,67,,,,Nuit sans éclairage public,Hors agglomération,Hors intersection,Normale,Autre collision,,,,,,,,,,,3,1,1,1.0,6.0
201100000788,0011-09-10 05:40:00,11,9,10,5,40,20,379,,,,Crépuscule ou aube,Hors agglomération,Hors intersection,Normale,Deux véhicules - arrière,,,,,,,,,,,2,1,1,1.0,2.0
201100000789,0011-10-08 01:50:00,11,10,8,1,50,20,141,,,,Nuit avec éclairage non allumé,Hors agglomération,Hors intersection,Pluie légère,Deux véhicules - frontale,,,,,,,,,,,4,1,1,2.0,1.0