accident_id,datetime,annee,mois,jour,heure,minute,departement,commune_insee,adresse,latitude,longitude,luminosite,agglomeration,intersection,meteo,collision,nb_vehicules,nb_usagers,nb_indemnes,nb_tues,nb_blesses_hosp,nb_blesses_legers,age_cond_1,age_cond_2,veh_type_cond_1,veh_type_cond_2,lum_code,agg_code,int_code,atm_code,col_code
201100000790,0011-11-02 19:45:00,11,11,2,19,45,20,141,,,,Nuit avec éclairage allumé,En agglomération,Hors intersection,Normale,Deux véhicules - côté,,,,,,,,,,,5,2,1,1.0,3.0
201100000791,0011-11-05 18:15:00,11,11,5,18,15,20,558,Place de la Republique,50.01444,3.78526,Nuit avec éclairage allumé,En agglomération,Hors intersection,Temps couvert,Deux véhicules - frontale,,,,,,,,,,,5,2,1,8.0,1.0
201100000792,0011-12-20 07:55:00,11,12,20,7,55,20,141,,,,Crépuscule ou aube,Hors agglomération,Hors intersection,Neige / grêle,Deux véhicules - côté,,,,,,,,,,,2,1,1,4.0,3.0
201100000793,0011-01-01 02:20:00,11,1,1,2,20,20,753,,,,Nuit sans éclairage public,Hors agglomération,Hors intersection,Neige / grêle,Autre collision,,,,,,,,,,,3,1,1,4.0,6.0
201100000794,0011-01-07 19:15:00,11,1,7,19,15,20,358,43 rue de VERDUN,,,Nuit avec éclairage allumé,En agglomération,Hors intersection,Neige / grêle,Autre collision,,,,,,,,,,,5,2,1,4.0,6.0
201100000795,0011-04-08 16:55:00,11,4,8,16,55,20,830,,,,Plein jour,Hors agglomération,Autre intersection,Normale,Deux véhicules - côté,,,,,,,,,,,1,1,9,1.0,3.0
201100000796,0011-04-17 18:30:00,11,4,17,18,30,20,469,,,,Plein jour,Hors agglomération,Autre intersection,Normale,Sans collision,,,,,,,,,,,1,1,9,1.0,7.0
201100000797,0011-05-12 13:25:00,11,5,12,13,25,20,488,,,,Plein jour,Hors agglomération,Hors intersection,Normale,Deux véhicules - frontale,,,,,,,,,,,1,1,1,1.0,1.0
201100000798,0011-05-29 06:20:00,11,5,29,6,20,20,830,,,,Crépuscule ou aube,Hors agglomération,Hors intersection,Normale,Autre collision,,,,,,,,,,,2,1,1,1.0,6.0
201100000799,0011-06-18 03:00:00,11,6,18,3,0,20,830,,,,Nuit sans éclairage public,Hors agglomération,Hors intersection,Normale,Autre collision,,,,,,,,,,,3,1,1,1.0,6.0
201100000800,0011-09-03 04:30:00,11,9,3,4,30,20,366,rue Ollivier et Arthur S,,,Nuit avec éclairage allumé,En agglomération,Hors intersection,Pluie légère,Autre collision,,,,,,,,,,,5,2,1,2.0,6.0
201100000801,0011-10-08 07:00:00,11,10,8,7,0,20,361,,,,Nuit sans éclairage public,Hors agglomération,Hors intersection,Normale,Deux véhicules - arrière,,,,,,,,,,,3,1,1,1.0,2.0
201100000802,0011-11-20 08:30:00,11,11,20,8,30,20,358,rue de Vadencourt,,,Crépuscule ou aube,En agglomération,Hors intersection,Normale,Autre collision,,,,,,,,,,,2,2,1,1.0,6.0
201100000803,0011-12-06 18:15:00,11,12,6,18,15,20,830,16 rue De Gaulle,50.01151,3.60029,Nuit avec éclairage allumé,En agglomération,Hors intersection,Normale,Autre collision,,,,,,,,,,,5,2,1,1.0,6.0
201100000804,0011-01-26 02:15:00,11,1,26,2,15,20,381,,,,Nuit sans éclairage public,Hors agglomération,Hors intersection,Pluie forte,Sans collision,,,,,,,,,,,3,1,1,3.0,7.0
201100000805,0011-03-24 07:45:00,11,3,24,7,45,20,381,35 rue de Lorraine,,,Plein jour,En agglomération,Hors intersection,Temps éblouissant,Deux véhicules - frontale,,,,,,,,,,,1,2,1,7.0,1.0
201100000806,0011-05-21 17:15:00,11,5,21,17,15,20,381,,,,Plein jour,Hors agglomération,Intersection en Y,Normale,Deux véhicules - arrière,,,,,,,,,,,1,1,4,1.0,2.0
201100000807,0011-06-14 14:00:00,11,6,14,14,0,20,381,15 ROUTE DE BLANGY,,,Plein jour,En agglomération,Autre intersection,Normale,Autre collision,,,,,,,,,,,1,2,9,1.0,6.0
201100000808,0011-11-27 04:00:00,11,11,27,4,0,20,20,1 Rue de la Gare - RD5,,,Nuit sans éclairage public,En agglomération,Hors intersection,Pluie légère,Autre collision,,,,,,,,,,,3,2,1,2.0,6.0
201100000809,0011-01-17 12:00:00,11,1,17,12,0,600,480,,,,Plein jour,Hors agglomération,Hors intersection,Pluie légère,Deux véhicules - frontale,,,,,,,,,,,1,1,1,2.0,1.0
201100000810,0011-01-19 07:45:00,11,1,19,7,45,600,428,,,,Crépuscule ou aube,Hors agglomération,Hors intersection,Autre,Deux véhicules - arrière,,,,,,,,,,,2,1,1,9.0,2.0
201100000811,0011-02-26 14:00:00,11,2,26,14,0,600,41,2 rue vivaldi,,,Plein jour,En agglomération,Hors intersection,Normale,Deux véhicules - frontale,,,,,,,,,,,1,2,1,1.0,1.0
201100000812,0011-04-06 16:45:00,11,4,6,16,45,600,277,,49.427,2.043,Plein jour,Hors agglomération,Hors intersection,Normale,Deux véhicules - arrière,,,,,,,,,,,1,1,1,1.0,2.0
201100000813,0011-06-26 04:45:00,11,6,26,4,45,600,103,,,,Nuit sans éclairage public,Hors agglomération,Hors intersection,Brouillard / fumée,Deux véhicules - frontale,,,,,,,,,,,3,1,1,5.0,1.0
201100000814,0011-08-05 20:30:00,11,8,5,20,30,600,480,,,,Plein jour,Hors agglomération,Autre intersection,Normale,Deux véhicules - côté,,,,,,,,,,,1,1,9,1.0,3.0
201100000815,0011-08-20 06:00:00,11,8,20,6,0,600,9,,,,Crépuscule ou aube,Hors agglomération,Giratoire,Normale,Autre collision,,,,,,,,,,,2,1,6,1.0,6.0
201100000816,0011-08-22 20:30:00,11,8,22,20,30,600,230,2 grande rue,,,Crépuscule ou aube,En agglomération,Hors intersection,Pluie forte,Deux véhicules - côté,,,,,,,,,,,2,2,1,3.0,3.0
201100000817,0011-11-21 19:30:00,11,11,21,19,30,600,251,,49.462,2.209,Nuit sans éclairage public,Hors agglomération,Hors intersection,Brouillard / fumée,Autre collision,,,,,,,,,,,3,1,1,5.0,6.0
201100000818,0011-12-05 17:45:00,11,12,5,17,45,600,480,,,,Nuit sans éclairage public,Hors agglomération,Hors intersection,Pluie forte,Deux véhicules - frontale,,,,,,,,,,,3,1,1,3.0,1.0
201100000819,0011-12-10 14:45:00,11,12,10,14,45,600,646,,,,Plein jour,Hors agglomération,Hors intersection,Normale,Sans collision,,,,,,,,,,,1,1,1,1.0,7.0
201100000820,0011-01-10 10:30:00,11,1,10,10,30,600,616,rue alexandre barbier,,,Plein jour,En agglomération,Hors intersection,Temps éblouissant,Deux véhicules - frontale,,,,,,,,,,,1,2,1,7.0,1.0
201100000821,0011-01-17 06:45:00,11,1,17,6,45,600,567,,,,Nuit sans éclairage public,Hors agglomération,Hors intersection,Brouillard / fumée,Deux véhicules - frontale,,,,,,,,,,,3,1,1,5.0,1.0
201100000822,0011-03-17 18:15:00,11,3,17,18,15,600,616,rue alexandre barbier,,,Plein jour,En agglomération,Hors intersection,Normale,Autre collision,,,,,,,,,,,1,2,1,1.0,6.0
201100000823,0011-03-18 20:15:00,11,3,18,20,15,600,616,,,,Nuit sans éclairage public,Hors agglomération,Hors intersection,Pluie légère,Autre collision,,,,,,,,,,,3,1,1,2.0,6.0
201100000824,0011-03-20 17:45:00,11,3,20,17,45,600,29,,,,Plein jour,Hors agglomération,Hors intersection,Normale,Sans collision,,,,,,,,,,,1,1,1,1.0,7.0
201100000825,0011-04-11 08:30:00,11,4,11,8,30,600,187,hameau de SAINT LEU RN31,49.448,1.817,Plein jour,En agglomération,Hors intersection,Normale,Deux véhicules - côté,,,,,,,,,,,1,2,1,1.0,3.0
201100000826,0011-04-17 06:00:00,11,4,17,6,0,600,220,24 route nationale,49.445,1.871,Crépuscule ou aube,En agglomération,Hors intersection,Normale,Autre collision,,,,,,,,,,,2,2,1,1.0,6.0
201100000827,0011-04-19 20:45:00,11,4,19,20,45,600,220,,49.415,1.87,Plein jour,Hors agglomération,Hors intersection,Normale,Autre collision,,,,,,,,,,,1,1,1,1.0,6.0
201100000828,0011-06-16 16:00:00,11,6,16,16,0,600,577,,,,Plein jour,Hors agglomération,Hors intersection,Normale,Autre collision,,,,,,,,,,,1,1,1,1.0,6.0
201100000829,0011-06-19 03:15:00,11,6,19,3,15,600,577,,,,Nuit sans éclairage public,Hors agglomération,Hors intersection,Normale,Autre collision,,,,,,,,,,,3,1,1,1.0,6.0
201100000830,0011-07-30 03:15:00,11,7,30,3,15,600,220,RN31 - Les Landrons,,,Nuit sans éclairage public,En agglomération,Hors intersection,Normale,Autre collision,,,,,,,,,,,3,2,1,1.0,6.0
201100000831,0011-09-19 08:15:00,11,9,19,8,15,600,164,,,,Plein jour,Hors agglomération,Intersection en T,Normale,Deux véhicules - frontale,,,,,,,,,,,1,1,3,1.0,1.0
201100000832,0011-09-26 15:15:00,11,9,26,15,15,600,523,,,,Plein jour,Hors agglomération,Autre intersection,Temps éblouissant,Deux véhicules - frontale,,,,,,,,,,,1,1,9,7.0,1.0
201100000833,0011-10-09 10:30:00,11,10,9,10,30,600,29,,,,Plein jour,Hors agglomération,Hors intersection,Pluie légère,Autre collision,,,,,,,,,,,1,1,1,2.0,6.0
201100000834,0011-10-29 11:30:00,11,10,29,11,30,600,577,,,,Plein jour,Hors agglomération,Hors intersection,Normale,Deux véhicules - arrière,,,,,,,,,,,1,1,1,1.0,2.0
201100000835,0011-11-22 19:00:00,11,11,22,19,0,600,567,hameau les fontainettes,,,Nuit avec éclairage allumé,En agglomération,Hors intersection,Normale,Autre collision,,,,,,,,,,,5,2,1,1.0,6.0
201100000836,0011-12-02 13:45:00,11,12,2,13,45,600,187,,,,Plein jour,Hors agglomération,Hors intersection,Normale,Deux véhicules - frontale,,,,,,,,,,,1,1,1,1.0,1.0
201100000837,0011-12-19 18:15:00,11,12,19,18,15,600,29,,,,Nuit sans éclairage public,Hors agglomération,Intersection en X,Pluie forte,Deux véhicules - côté,,,,,,,,,,,3,1,2,3.0,3.0
201100000838,0011-02-18 06:00:00,11,2,18,6,0,600,352,,,,Nuit sans éclairage public,Hors agglomération,Hors intersection,Brouillard / fumée,Deux véhicules - frontale,,,,,,,,,,,3,1,1,5.0,1.0
201100000839,0011-02-24 14:15:00,11,2,24,14,15,600,89,,,,Plein jour,Hors agglomération,Hors intersection,Normale,Deux véhicules - arrière,,,,,,,,,,,1,1,1,1.0,2.0
201100000840,0011-02-26 18:00:00,11,2,26,18,0,600,90,,,,Plein jour,Hors agglomération,Hors intersection,Vent fort / tempête,Sans collision,,,,,,,,,,,1,1,1,6.0,7.0
201100000841,0011-03-21 19:30:00,11,3,21,19,30,600,690,,,,Nuit sans éclairage public,Hors agglomération,Hors intersection,Normale,Deux véhicules - frontale,,,,,,,,,,,3,1,1,1.0,1.0
201100000842,0011-04-08 22:30:00,11,4,8,22,30,600,644,,,,Nuit sans éclairage public,Hors agglomération,Intersection en Y,Normale,Deux véhicules - côté,,,,,,,,,,,3,1,4,1.0,3.0
201100000843,0011-04-22 05:30:00,11,4,22,5,30,600,352,,,,Nuit sans éclairage public,Hors agglomération,Giratoire,Normale,Sans collision,,,,,,,,,,,3,1,6,1.0,7.0
201100000844,0011-04-26 19:00:00,11,4,26,19,0,600,659,,,,Plein jour,Hors agglomération,Hors intersection,Normale,Sans collision,,,,,,,,,,,1,1,1,1.0,7.0
201100000845,0011-05-03 13:30:00,11,5,3,13,30,600,363,,,,Plein jour,Hors agglomération,Giratoire,Normale,Sans collision,,,,,,,,,,,1,1,6,1.0,7.0
201100000846,0011-05-04 19:00:00,11,5,4,19,0,600,630,,,,Plein jour,Hors agglomération,Intersection en T,Normale,Deux véhicules - frontale,,,,,,,,,,,1,1,3,1.0,1.0
201100000847,0011-05-12 13:30:00,11,5,12,13,30,600,239,,,,Plein jour,Hors agglomération,Hors intersection,Normale,Deux véhicules - côté,,,,,,,,,,,1,1,1,1.0,3.0
201100000848,0011-05-17 10:40:00,11,5,17,10,40,600,644,Rue nationale,,,Plein jour,En agglomération,Hors intersection,Normale,Deux véhicules - arrière,,,,,,,,,,,1,2,1,1.0,2.0
201100000849,0011-06-06 16:00:00,11,6,6,16,0,600,690,,,,Plein jour,Hors agglomération,Hors intersection,Pluie légère,Autre collision,,,,,,,,,,,1,1,1,2.0,6.0
201100000850,0011-06-24 20:00:00,11,6,24,20,0,600,352,rue de la cave,,,Plein jour,En agglomération,Hors intersection,Normale,Deux véhicules - frontale,,,,,,,,,,,1,2,1,1.0,1.0
201100000851,0011-06-27 16:30:00,11,6,27,16,30,600,143,rue Roger Blondeau,,,Plein jour,En agglomération,Hors intersection,Normale,Sans collision,,,,,,,,,,,1,2,1,1.0,7.0
201100000852,0011-06-27 21:30:00,11,6,27,21,30,600,239,,,,Plein jour,Hors agglomération,Hors intersection,Normale,Autre collision,,,,,,,,,,,1,1,1,1.0,6.0
201100000853,0011-06-28 17:00:00,11,6,28,17,0,600,644,55 rue nationale,,,Plein jour,En agglomération,Hors intersection,Normale,Deux véhicules - arrière,,,,,,,,,,,1,2,1,1.0,2.0
201100000854,0011-08-02 11:30:00,11,8,2,11,30,600,211,Rue Camille Pissaro,,,Plein jour,En agglomération,Hors intersection,Normale,Trois véhicules et plus - en chaîne,,,,,,,,,,,1,2,1,1.0,4.0
201100000855,0011-08-11 05:30:00,11,8,11,5,30,600,211,,,,Nuit sans éclairage public,Hors agglomération,Hors intersection,Normale,Deux véhicules - frontale,,,,,,,,,,,3,1,1,1.0,1.0
201100000856,0011-09-30 09:30:00,11,9,30,9,30,600,143,,,,Plein jour,Hors agglomération,Giratoire,Normale,Autre collision,,,,,,,,,,,1,1,6,1.0,6.0
201100000857,0011-10-08 12:30:00,11,10,8,12,30,600,38,,,,Plein jour,En agglomération,Hors intersection,Pluie légère,Deux véhicules - côté,,,,,,,,,,,1,2,1,2.0,3.0
201100000858,0011-10-23 11:45:00,11,10,23,11,45,600,367,,,,Plein jour,Hors agglomération,Hors intersection,Normale,Sans collision,,,,,,,,,,,1,1,1,1.0,7.0
201100000859,0011-11-22 16:00:00,11,11,22,16,0,600,644,rue nationale,,,Plein jour,En agglomération,Hors intersection,Normale,Deux véhicules - frontale,,,,,,,,,,,1,2,1,1.0,1.0
201100000860,0011-12-31 16:00:00,11,12,31,16,0,600,690,,,,Plein jour,Hors agglomération,Hors intersection,Normale,Deux véhicules - frontale,,,,,,,,,,,1,1,1,1.0,1.0
201100000861,0011-11-18 19:30:00,11,11,18,19,30,600,286,rue de Rouen,,,Nuit avec éclairage allumé,En agglomération,Hors intersection,Brouillard / fumée,Sans collision,,,,,,,,,,,5,2,1,5.0,7.0
201100000862,0011-03-17 14:15:00,11,3,17,14,15,600,286,rue des coquelicots,,,Plein jour,En agglomération,Hors intersection,Normale,Sans collision,,,,,,,,,,,1,2,1,1.0,7.0
201100000863,0011-04-23 18:15:00,11,4,23,18,15,600,623,,,,Plein jour,Hors agglomération,Hors intersection,Normale,Deux véhicules - côté,,,,,,,,,,,1,1,1,1.0,3.0
201100000864,0011-04-29 21:00:00,11,4,29,21,0,600,98,rue Principale,,,Nuit avec éclairage allumé,En agglomération,Hors intersection,Temps couvert,Deux véhicules - frontale,,,,,,,,,,,5,2,1,8.0,1.0
201100000865,0011-04-30 18:30:00,11,4,30,18,30,600,242,,,,Plein jour,Hors agglomération,Hors intersection,Normale,Deux véhicules - frontale,,,,,,,,,,,1,1,1,1.0,1.0
201100000866,0011-05-07 13:00:00,11,5,7,13,0,600,444,,,,Plein jour,Hors agglomération,Intersection en T,Normale,Deux véhicules - frontale,,,,,,,,,,,1,1,3,1.0,1.0
201100000867,0011-05-24 08:15:00,11,5,24,8,15,600,286,Rue Eugene de ST FUSCIEN,,,Plein jour,En agglomération,Hors intersection,Normale,Deux véhicules - côté,,,,,,,,,,,1,2,1,1.0,3.0
201100000868,0011-06-05 16:15:00,11,6,5,16,15,600,194,,,,Plein jour,Hors agglomération,Hors intersection,Normale,Deux véhicules - côté,,,,,,,,,,,1,1,1,1.0,3.0
201100000869,0011-06-02 18:30:00,11,6,2,18,30,600,4,,,,Plein jour,Hors agglomération,Intersection en X,Temps éblouissant,Deux véhicules - côté,,,,,,,,,,,1,1,2,7.0,3.0
201100000870,0011-06-08 07:15:00,11,6,8,7,15,600,128,,,,Plein jour,En agglomération,Hors intersection,Normale,Deux véhicules - frontale,,,,,,,,,,,1,2,1,1.0,1.0
201100000871,0011-07-05 15:00:00,11,7,5,15,0,600,444,,,,Plein jour,Hors agglomération,Hors intersection,Normale,Sans collision,,,,,,,,,,,1,1,1,1.0,7.0
201100000872,0011-07-10 18:15:00,11,7,10,18,15,600,677,,,,Plein jour,Hors agglomération,Hors intersection,Normale,Deux véhicules - côté,,,,,,,,,,,1,1,1,1.0,3.0
201100000873,0011-07-28 17:45:00,11,7,28,17,45,600,289,,,,Plein jour,Hors agglomération,Hors intersection,Normale,Sans collision,,,,,,,,,,,1,1,1,1.0,7.0
201100000874,0011-08-04 21:15:00,11,8,4,21,15,600,365,grande rue,,,Crépuscule ou aube,En agglomération,Hors intersection,Normale,Autre collision,,,,,,,,,,,2,2,1,1.0,6.0
201100000875,0011-08-20 17:45:00,11,8,20,17,45,600,245,rue de Beauvais,,,Plein jour,En agglomération,Hors intersection,Normale,Deux véhicules - côté,,,,,,,,,,,1,2,1,1.0,3.0
201100000876,0011-08-30 21:00:00,11,8,30,21,0,600,407,,,,Nuit sans éclairage public,Hors agglomération,Hors intersection,Normale,Sans collision,,,,,,,,,,,3,1,1,1.0,7.0
201100000877,0011-09-03 10:30:00,11,9,3,10,30,600,242,route de Picardie,,,Plein jour,En agglomération,Hors intersection,Normale,Trois véhicules et plus - collisions multiples,,,,,,,,,,,1,2,1,1.0,5.0
201100000878,0011-09-18 13:45:00,11,9,18,13,45,600,405,,,,Plein jour,Hors agglomération,Hors intersection,Pluie forte,Sans collision,,,,,,,,,,,1,1,1,3.0,7.0
201100000879,0011-09-16 20:15:00,11,9,16,20,15,600,550,,,,Crépuscule ou aube,Hors agglomération,Intersection en X,Normale,Deux véhicules - côté,,,,,,,,,,,2,1,2,1.0,3.0
201100000880,0011-10-16 21:30:00,11,10,16,21,30,600,242,,,,Nuit avec éclairage allumé,En agglomération,Hors intersection,Normale,Trois véhicules et plus - collisions multiples,,,,,,,,,,,5,2,1,1.0,5.0
201100000881,0011-10-22 03:45:00,11,10,22,3,45,600,521,3 rue Grande,,,Nuit avec éclairage allumé,En agglomération,Hors intersection,Normale,Autre collision,,,,,,,,,,,5,2,1,1.0,6.0
201100000882,0011-01-10 17:45:00,11,1,10,17,45,600,395,rue Roger Salengro,,,Crépuscule ou aube,En agglomération,Hors intersection,Normale,Deux véhicules - frontale,,,,,,,,,,,2,2,1,1.0,1.0
201100000883,0011-01-23 01:15:00,11,1,23,1,15,600,532,,,,Nuit sans éclairage public,Hors agglomération,Hors intersection,Pluie légère,Trois véhicules et plus - collisions multiples,,,,,,,,,,,3,1,1,2.0,5.0
201100000884,0011-02-26 13:00:00,11,2,26,13,0,600,395,,,,Plein jour,Hors agglomération,Hors intersection,Temps couvert,Deux véhicules - côté,,,,,,,,,,,1,1,1,8.0,3.0
201100000885,0011-04-06 16:30:00,11,4,6,16,30,600,452,RD 508 RUE DES GROUETTES,,,Plein jour,En agglomération,Hors intersection,Normale,Deux véhicules - frontale,,,,,,,,,,,1,2,1,1.0,1.0
201100000886,0011-06-04 18:15:00,11,6,4,18,15,600,395,rue Aristide Briand,,,Plein jour,En agglomération,Hors intersection,Normale,Autre collision,,,,,,,,,,,1,2,1,1.0,6.0
201100000887,0011-06-25 14:00:00,11,6,25,14,0,600,395,Rue Vaillant Radiologue,,,Plein jour,En agglomération,Hors intersection,Normale,Deux véhicules - côté,,,,,,,,,,,1,2,1,1.0,3.0
201100000888,0011-07-22 23:00:00,11,7,22,23,0,600,88,,,,Nuit sans éclairage public,Hors agglomération,Hors intersection,Normale,Sans collision,,,,,,,,,,,3,1,1,1.0,7.0
201100000889,0011-07-25 17:15:00,11,7,25,17,15,600,309,,,,Plein jour,Hors agglomération,Hors intersection,Normale,Deux véhicules - frontale,,,,,,,,,,,1,1,1,1.0,1.0
201100000890,0011-07-31 15:00:00,11,7,31,15,0,600,88,,,,Plein jour,Hors agglomération,Hors intersection,Normale,Sans collision,,,,,,,,,,,1,1,1,1.0,7.0
201100000891,0011-08-27 07:15:00,11,8,27,7,15,600,532,,,,Plein jour,Hors agglomération,Hors intersection,Normale,Trois véhicules et plus - collisions multiples,,,,,,,,,,,1,1,1,1.0,5.0
201100000892,0011-09-22 10:45:00,11,9,22,10,45,600,417,,,,Plein jour,Hors agglomération,Hors intersection,Normale,Autre collision,,,,,,,,,,,1,1,1,1.0,6.0
201100000893,0011-10-05 13:30:00,11,10,5,13,30,600,395,"31, rue Maurice César",,,Plein jour,En agglomération,Hors intersection,Normale,Autre collision,,,,,,,,,,,1,2,1,1.0,6.0
201100000894,0011-10-07 21:15:00,11,10,7,21,15,600,678,,,,Nuit sans éclairage public,Hors agglomération,Hors intersection,Normale,Sans collision,,,,,,,,,,,3,1,1,1.0,7.0
201100000895,0011-10-30 11:45:00,11,10,30,11,45,600,678,,,,Plein jour,Hors agglomération,Intersection en X,Normale,Deux véhicules - côté,,,,,,,,,,,1,1,2,1.0,3.0
201100000896,0011-11-09 16:45:00,11,11,9,16,45,600,395,,,,Plein jour,Hors agglomération,Hors intersection,Normale,Trois véhicules et plus - en chaîne,,,,,,,,,,,1,1,1,1.0,4.0
201100000897,0011-11-17 16:45:00,11,11,17,16,45,600,532,,,,Plein jour,Hors agglomération,Hors intersection,Normale,Deux véhicules - frontale,,,,,,,,,,,1,1,1,1.0,1.0
201100000898,0011-12-19 20:00:00,11,12,19,20,0,600,395,Rue Aristide Briand,,,Nuit avec éclairage allumé,En agglomération,Hors intersection,Pluie légère,Autre collision,,,,,,,,,,,5,2,1,2.0,6.0
201100000899,0011-02-13 00:45:00,11,2,13,0,45,600,700,,49.387,2.148,Nuit sans éclairage public,Hors agglomération,Hors intersection,Normale,Sans collision,,,,,,,,,,,3,1,1,1.0,7.0
201100000900,0011-03-01 16:00:00,11,3,1,16,0,600,2,,49.371,2.16,Plein jour,Hors agglomération,Hors intersection,Normale,Deux véhicules - arrière,,,,,,,,,,,1,1,1,1.0,2.0
201100000901,0011-05-16 08:30:00,11,5,16,8,30,600,313,rue de la croix pellerin,,,Plein jour,En agglomération,Hors intersection,Normale,Autre collision,,,,,,,,,,,1,2,1,1.0,6.0
201100000902,0011-05-20 12:30:00,11,5,20,12,30,600,313,,49.36,2.26,Plein jour,Hors agglomération,Hors intersection,Normale,Deux véhicules - frontale,,,,,,,,,,,1,1,1,1.0,1.0
201100000903,0011-08-18 00:45:00,11,8,18,0,45,600,685,,,,Nuit sans éclairage public,Hors agglomération,Hors intersection,Normale,Autre collision,,,,,,,,,,,3,1,1,1.0,6.0
201100000904,0011-09-24 13:30:00,11,9,24,13,30,600,135,rue de fercourt,,,Plein jour,En agglomération,Autre intersection,Normale,Sans collision,,,,,,,,,,,1,2,9,1.0,7.0
201100000905,0011-11-29 16:45:00,11,11,29,16,45,600,433,,,,Crépuscule ou aube,Hors agglomération,Hors intersection,Normale,Deux véhicules - frontale,,,,,,,,,,,2,1,1,1.0,1.0
201100000906,0011-02-02 10:30:00,11,2,2,10,30,600,34,,,,Plein jour,Hors agglomération,Hors intersection,Brouillard / fumée,Deux véhicules - frontale,,,,,,,,,,,1,1,1,5.0,1.0
201100000907,0011-02-03 19:45:00,11,2,3,19,45,600,157,Rue de Paris,,,Nuit avec éclairage allumé,En agglomération,Hors intersection,Normale,Deux véhicules - frontale,,,,,,,,,,,5,2,1,1.0,1.0
201100000908,0011-03-16 15:15:00,11,3,16,15,15,600,215,,,,Plein jour,Hors agglomération,Autre intersection,Normale,Autre collision,,,,,,,,,,,1,1,9,1.0,6.0
201100000909,0011-03-20 17:30:00,11,3,20,17,30,600,107,CHEMIN COMMUNAL,,,Plein jour,En agglomération,Hors intersection,Normale,Sans collision,,,,,,,,,,,1,2,1,1.0,7.0
201100000910,0011-04-08 08:00:00,11,4,8,8,0,600,529,,,,Plein jour,Hors agglomération,Hors intersection,Normale,Sans collision,,,,,,,,,,,1,1,1,1.0,7.0
201100000911,0011-05-09 21:00:00,11,5,9,21,0,600,454,rue du clos à boeuf,,,Crépuscule ou aube,En agglomération,Intersection en X,Normale,Deux véhicules - frontale,,,,,,,,,,,2,2,2,1.0,1.0
201100000912,0011-05-23 17:15:00,11,5,23,17,15,600,106,,,,Plein jour,Hors agglomération,Hors intersection,Normale,Deux véhicules - frontale,,,,,,,,,,,1,1,1,1.0,1.0
201100000913,0011-06-23 08:30:00,11,6,23,8,30,600,559,D931 et rue de l'eglise,,,Plein jour,En agglomération,Intersection en X,Normale,Deux véhicules - frontale,,,,,,,,,,,1,2,2,1.0,1.0
201100000914,0011-09-03 15:45:00,11,9,3,15,45,600,157,AVENUE DES DEPORTES,,,Plein jour,En agglomération,Hors intersection,Normale,Autre collision,,,,,,,,,,,1,2,1,1.0,6.0
201100000915,0011-09-24 03:45:00,11,9,24,3,45,600,8,,,,Nuit sans éclairage public,Hors agglomération,Hors intersection,Normale,Autre collision,,,,,,,,,,,3,1,1,1.0,6.0
201100000916,0011-10-07 01:30:00,11,10,7,1,30,600,115,,,,Nuit sans éclairage public,Hors agglomération,Hors intersection,Pluie légère,Sans collision,,,,,,,,,,,3,1,1,2.0,7.0
201100000917,0011-11-21 18:30:00,11,11,21,18,30,600,157,,,,Nuit avec éclairage allumé,En agglomération,Hors intersection,Normale,Autre collision,,,,,,,,,,,5,2,1,1.0,6.0
201100000918,0011-12-07 14:00:00,11,12,7,14,0,600,157,rue des finets,,,Plein jour,En agglomération,Hors intersection,Normale,Autre collision,,,,,,,,,,,1,2,1,1.0,6.0
201100000919,0011-12-09 06:45:00,11,12,9,6,45,600,157,place camille scellier,,,Nuit avec éclairage allumé,En agglomération,Hors intersection,Pluie légère,Autre collision,,,,,,,,,,,5,2,1,2.0,6.0
201100000920,0011-02-24 20:45:00,11,2,24,20,45,600,104,,,,Nuit sans éclairage public,Hors agglomération,Hors intersection,Normale,Autre collision,,,,,,,,,,,3,1,1,1.0,6.0
201100000921,0011-03-18 04:45:00,11,3,18,4,45,600,58,lafolie,,,Nuit sans éclairage public,En agglomération,Hors intersection,Normale,Autre collision,,,,,,,,,,,3,2,1,1.0,6.0
201100000922,0011-04-07 18:45:00,11,4,7,18,45,600,163,,,,Plein jour,Hors agglomération,Hors intersection,Normale,Trois véhicules et plus - collisions multiples,,,,,,,,,,,1,1,1,1.0,5.0
201100000923,0011-04-15 19:30:00,11,4,15,19,30,600,336,,,,Plein jour,Hors agglomération,Intersection en X,Normale,Deux véhicules - côté,,,,,,,,,,,1,1,2,1.0,3.0
201100000924,0011-05-30 18:15:00,11,5,30,18,15,600,17,72-74 chaussee brunehaut,,,Plein jour,En agglomération,Hors intersection,Normale,Autre collision,,,,,,,,,,,1,2,1,1.0,6.0