accident_id,datetime,annee,mois,jour,heure,minute,departement,commune_insee,adresse,latitude,longitude,luminosite,agglomeration,intersection,meteo,collision,nb_vehicules,nb_usagers,nb_indemnes,nb_tues,nb_blesses_hosp,nb_blesses_legers,age_cond_1,age_cond_2,veh_type_cond_1,veh_type_cond_2,lum_code,agg_code,int_code,atm_code,col_code
201100001311,0011-05-19 19:15:00,11,5,19,19,15,270,400,RUE LA NEUVILLE DES VAUX,48.9656,1.39759,Plein jour,Hors agglomération,Intersection en X,Normale,Deux véhicules - frontale,,,,,,,,,,,1,1,2,1.0,1.0
201100001312,0011-08-20 23:00:00,11,8,20,23,0,270,123,,49.0119,1.31736,Nuit sans éclairage public,Hors agglomération,Hors intersection,Pluie forte,Deux véhicules - frontale,,,,,,,,,,,3,1,1,3.0,1.0
201100001313,0011-10-24 07:00:00,11,10,24,7,0,270,448,,49.0085,1.38661,Nuit sans éclairage public,Hors agglomération,Hors intersection,Normale,Deux véhicules - frontale,,,,,,,,,,,3,1,1,1.0,1.0
201100001314,0011-10-27 17:45:00,11,10,27,17,45,270,4,,49.0091,1.4154,Plein jour,Hors agglomération,Intersection en T,Normale,Trois véhicules et plus - collisions multiples,,,,,,,,,,,1,1,3,1.0,5.0
201100001315,0011-11-10 20:45:00,11,11,10,20,45,270,76,,48.9597,1.31828,Nuit sans éclairage public,Hors agglomération,Hors intersection,Normale,Autre collision,,,,,,,,,,,3,1,1,1.0,6.0
201100001316,0011-11-16 17:15:00,11,11,16,17,15,270,448,RUE NATIONALE,49.0151,1.38146,Crépuscule ou aube,En agglomération,Hors intersection,Normale,Autre collision,,,,,,,,,,,2,2,1,1.0,6.0
201100001317,0011-01-05 17:00:00,11,1,5,17,0,270,68,PR 62+100,48.9315,0.70871,Plein jour,Hors agglomération,Hors intersection,Normale,Sans collision,,,,,,,,,,,1,1,1,1.0,7.0
201100001318,0011-01-04 17:45:00,11,1,4,17,45,270,481,,48.7407,0.88683,Nuit sans éclairage public,Hors agglomération,Intersection en X,Normale,Deux véhicules - côté,,,,,,,,,,,3,1,2,1.0,3.0
201100001319,0011-01-29 09:15:00,11,1,29,9,15,270,265,,48.7853,0.82155,Plein jour,Hors agglomération,Hors intersection,Normale,Autre collision,,,,,,,,,,,1,1,1,1.0,6.0
201100001320,0011-04-08 17:30:00,11,4,8,17,30,270,679,CH DES POISSONNIERS C571,48.7414,0.91957,Plein jour,En agglomération,Autre intersection,Normale,Autre collision,,,,,,,,,,,1,2,9,1.0,6.0
201100001321,0011-04-23 20:45:00,11,4,23,20,45,270,9,,48.8328,0.72303,Plein jour,Hors agglomération,Hors intersection,Pluie légère,Autre collision,,,,,,,,,,,1,1,1,2.0,6.0
201100001322,0011-05-29 20:30:00,11,5,29,20,30,270,9,,48.8225,0.77437,Plein jour,Hors agglomération,Hors intersection,Normale,Autre collision,,,,,,,,,,,1,1,1,1.0,6.0
201100001323,0011-05-29 18:00:00,11,5,29,18,0,270,565,,48.8846,0.86689,Plein jour,Hors agglomération,Intersection en X,Normale,Deux véhicules - côté,,,,,,,,,,,1,1,2,1.0,3.0
201100001324,0011-06-11 13:45:00,11,6,11,13,45,270,96,,48.8829,0.66891,Plein jour,Hors agglomération,Intersection en X,Normale,Deux véhicules - côté,,,,,,,,,,,1,1,2,1.0,3.0
201100001325,0011-06-13 20:00:00,11,6,13,20,0,270,578,,48.8031,0.92189,Plein jour,Hors agglomération,Hors intersection,Pluie forte,Deux véhicules - frontale,,,,,,,,,,,1,1,1,3.0,1.0
201100001326,0011-06-14 09:45:00,11,6,14,9,45,270,427,,48.8897,0.74523,Plein jour,Hors agglomération,Hors intersection,Pluie forte,Deux véhicules - frontale,,,,,,,,,,,1,1,1,3.0,1.0
201100001327,0011-07-10 02:15:00,11,7,10,2,15,270,112,ROUTE DE SAINTE MARGUERI,48.8496,0.90641,Nuit sans éclairage public,En agglomération,Hors intersection,Normale,Sans collision,,,,,,,,,,,3,2,1,1.0,7.0
201100001328,0011-07-24 12:30:00,11,7,24,12,30,270,521,,48.7022,0.83495,Plein jour,Hors agglomération,Hors intersection,Normale,Deux véhicules - frontale,,,,,,,,,,,1,1,1,1.0,1.0
201100001329,0011-08-29 17:45:00,11,8,29,17,45,270,481,,48.7157,0.86217,Plein jour,Hors agglomération,Hors intersection,Normale,Trois véhicules et plus - en chaîne,,,,,,,,,,,1,1,1,1.0,4.0
201100001330,0011-09-15 17:30:00,11,9,15,17,30,270,166,,48.8454,0.96833,Plein jour,Hors agglomération,Intersection en X,Temps éblouissant,Autre collision,,,,,,,,,,,1,1,2,7.0,6.0
201100001331,0011-10-16 18:45:00,11,10,16,18,45,270,19,,48.6902,0.81777,Crépuscule ou aube,Hors agglomération,Hors intersection,Normale,Deux véhicules - frontale,,,,,,,,,,,2,1,1,1.0,1.0
201100001332,0011-10-22 10:15:00,11,10,22,10,15,270,108,,48.7461,0.81847,Plein jour,Hors agglomération,Intersection en X,Normale,Deux véhicules - frontale,,,,,,,,,,,1,1,2,1.0,1.0
201100001333,0011-02-07 07:45:00,11,2,7,7,45,270,16,RUE HENRI REMY CD 316,49.2489,1.43007,Crépuscule ou aube,En agglomération,Hors intersection,Normale,Autre collision,,,,,,,,,,,2,2,1,1.0,6.0
201100001334,0011-02-08 21:15:00,11,2,8,21,15,270,16,,49.2533,1.47276,Nuit sans éclairage public,Hors agglomération,Hors intersection,Normale,Deux véhicules - frontale,,,,,,,,,,,3,1,1,1.0,1.0
201100001335,0011-03-04 10:45:00,11,3,4,10,45,270,16,R ST FIACRE  TOUR LEVANT,49.2502,1.44133,Plein jour,En agglomération,Hors intersection,Normale,Sans collision,,,,,,,,,,,1,2,1,1.0,7.0
201100001336,0011-06-02 12:00:00,11,6,2,12,0,270,16,,49.2656,1.42015,Plein jour,Hors agglomération,Hors intersection,Normale,Deux véhicules - frontale,,,,,,,,,,,1,1,1,1.0,1.0
201100001337,0011-09-09 11:30:00,11,9,9,11,30,270,329,,49.2008,1.47207,Plein jour,Hors agglomération,Intersection en X,Normale,Trois véhicules et plus - collisions multiples,,,,,,,,,,,1,1,2,1.0,5.0
201100001338,0011-09-24 23:15:00,11,9,24,23,15,270,16,,49.2491,1.41351,Nuit avec éclairage allumé,En agglomération,Intersection en X,Normale,Deux véhicules - côté,,,,,,,,,,,5,2,2,1.0,3.0
201100001339,0011-10-18 14:00:00,11,10,18,14,0,270,625,RICHEVILLE,49.2719,1.52342,Plein jour,Hors agglomération,Hors intersection,Normale,Deux véhicules - frontale,,,,,,,,,,,1,1,1,1.0,1.0
201100001340,0011-11-22 12:30:00,11,11,22,12,30,270,180,,49.1888,1.3665,Plein jour,Hors agglomération,Hors intersection,Normale,Deux véhicules - côté,,,,,,,,,,,1,1,1,1.0,3.0
201100001341,0011-12-09 07:30:00,11,12,9,7,30,270,58,,49.2275,1.35109,Nuit sans éclairage public,Hors agglomération,Intersection en X,Pluie légère,Deux véhicules - côté,,,,,,,,,,,3,1,2,2.0,3.0
201100001342,0011-12-13 07:45:00,11,12,13,7,45,270,635,,49.2572,1.37224,Nuit sans éclairage public,Hors agglomération,Hors intersection,Pluie forte,Sans collision,,,,,,,,,,,3,1,1,3.0,7.0
201100001343,0011-01-15 04:30:00,11,1,15,4,30,270,279,,49.0819,1.60844,Nuit sans éclairage public,Hors agglomération,Hors intersection,Normale,Autre collision,,,,,,,,,,,3,1,1,1.0,6.0
201100001344,0011-03-24 07:45:00,11,3,24,7,45,270,122,,49.2072,1.58965,Plein jour,Hors agglomération,Intersection en X,Normale,Deux véhicules - côté,,,,,,,,,,,1,1,2,1.0,3.0
201100001345,0011-04-15 12:15:00,11,4,15,12,15,270,122,,49.2173,1.59458,Plein jour,Hors agglomération,Intersection en X,Normale,Deux véhicules - côté,,,,,,,,,,,1,1,2,1.0,3.0
201100001346,0011-05-18 18:30:00,11,5,18,18,30,270,279,R GARE RLLE RENE JACQUET,49.0879,1.60317,Plein jour,En agglomération,Intersection en X,Normale,Deux véhicules - côté,,,,,,,,,,,1,2,2,1.0,3.0
201100001347,0011-09-22 08:15:00,11,9,22,8,15,270,72,VC 3,49.0945,1.56019,Plein jour,Hors agglomération,Intersection en X,Normale,Deux véhicules - côté,,,,,,,,,,,1,1,2,1.0,3.0
201100001348,0011-10-29 16:30:00,11,10,29,16,30,270,408,,49.1758,1.51387,Plein jour,Hors agglomération,Hors intersection,Normale,Sans collision,,,,,,,,,,,1,1,1,1.0,7.0
201100001349,0011-01-12 09:30:00,11,1,12,9,30,270,246,PR 23+000,49.3548,1.34679,Plein jour,Hors agglomération,Hors intersection,Pluie légère,Sans collision,,,,,,,,,,,1,1,1,2.0,7.0
201100001350,0011-03-11 23:45:00,11,3,11,23,45,270,672,RD 31 PR 44+500,49.4468,1.36655,Nuit sans éclairage public,Hors agglomération,Hors intersection,Normale,Autre collision,,,,,,,,,,,3,1,1,1.0,6.0
201100001351,0011-03-21 14:45:00,11,3,21,14,45,270,346,,49.299,1.35228,Plein jour,Hors agglomération,Intersection en Y,Normale,Deux véhicules - frontale,,,,,,,,,,,1,1,4,1.0,1.0
201100001352,0011-04-02 05:00:00,11,4,2,5,0,270,454,ROUTE DU MESNIL,49.4341,1.36336,Nuit sans éclairage public,Hors agglomération,Hors intersection,Normale,Autre collision,,,,,,,,,,,3,1,1,1.0,6.0
201100001353,0011-06-18 18:45:00,11,6,18,18,45,270,346,,49.3052,1.3859,Plein jour,Hors agglomération,Hors intersection,Pluie forte,Trois véhicules et plus - collisions multiples,,,,,,,,,,,1,1,1,3.0,5.0
201100001354,0011-07-13 22:40:00,11,7,13,22,40,270,246,,49.3585,1.36525,Nuit sans éclairage public,Hors agglomération,Hors intersection,Normale,Deux véhicules - frontale,,,,,,,,,,,3,1,1,1.0,1.0
201100001355,0011-07-13 19:15:00,11,7,13,19,15,270,104,"59, ROUTE DE ROUEN34+565",49.3839,1.31476,Plein jour,En agglomération,Intersection en T,Normale,Deux véhicules - côté,,,,,,,,,,,1,2,3,1.0,3.0
201100001356,0011-08-04 20:00:00,11,8,4,20,0,270,13,HAMEAU DE SENNEVILLEVC 1,49.2938,1.28442,Crépuscule ou aube,En agglomération,Hors intersection,Pluie forte,Sans collision,,,,,,,,,,,2,2,1,3.0,7.0
201100001357,0011-09-10 19:00:00,11,9,10,19,0,270,453,RUE DU GENERAL DE GAULLE,49.411,1.37065,Plein jour,En agglomération,Hors intersection,Normale,Autre collision,,,,,,,,,,,1,2,1,1.0,6.0
201100001358,0011-10-11 20:30:00,11,10,11,20,30,270,246,,49.3661,1.34787,Nuit sans éclairage public,Hors agglomération,Hors intersection,Normale,Autre collision,,,,,,,,,,,3,1,1,1.0,6.0
201100001359,0011-11-30 17:45:00,11,11,30,17,45,270,247,LIEU DIT LA MOUQUILLONE,49.3189,1.28888,Nuit sans éclairage public,En agglomération,Hors intersection,Normale,Deux véhicules - frontale,,,,,,,,,,,3,2,1,1.0,1.0
201100001360,0011-12-02 20:45:00,11,12,2,20,45,270,246,,49.3548,1.36277,Nuit sans éclairage public,Hors agglomération,Hors intersection,Autre,Trois véhicules et plus - collisions multiples,,,,,,,,,,,3,1,1,9.0,5.0
201100001361,0011-01-26 18:25:00,11,1,26,18,25,270,284,RUE DU FOSS? VERT,49.2798,1.76753,Nuit avec éclairage allumé,En agglomération,Hors intersection,Normale,Autre collision,,,,,,,,,,,5,2,1,1.0,6.0
201100001362,0011-02-14 08:30:00,11,2,14,8,30,270,284,AVENUE DE VERDUN,49.2823,1.77619,Plein jour,En agglomération,Hors intersection,Normale,Autre collision,,,,,,,,,,,1,2,1,1.0,6.0
201100001363,0011-02-16 15:00:00,11,2,16,15,0,270,633,,49.2389,1.60215,Plein jour,Hors agglomération,Hors intersection,Normale,Sans collision,,,,,,,,,,,1,1,1,1.0,7.0
201100001364,0011-02-23 13:30:00,11,2,23,13,30,270,284,,49.2803,1.79068,Plein jour,Hors agglomération,Hors intersection,Pluie légère,Autre collision,,,,,,,,,,,1,1,1,2.0,6.0
201100001365,0011-04-03 06:00:00,11,4,3,6,0,270,153,RUE DE LA BONDE VC 12,49.2889,1.62989,Nuit sans éclairage public,En agglomération,Hors intersection,Normale,Autre collision,,,,,,,,,,,3,2,1,1.0,6.0
201100001366,0011-04-08 17:45:00,11,4,8,17,45,270,284,CRF RUE DU BOULOIR-D15B,49.2784,1.78522,Plein jour,En agglomération,Intersection en X,Normale,Deux véhicules - frontale,,,,,,,,,,,1,2,2,1.0,1.0
201100001367,0011-04-30 17:45:00,11,4,30,17,45,270,533,VC 6,49.312,1.71094,Plein jour,Hors agglomération,Hors intersection,Normale,Autre collision,,,,,,,,,,,1,1,1,1.0,6.0
201100001368,0011-06-12 10:45:00,11,6,12,10,45,270,153,,49.2759,1.63105,Plein jour,Hors agglomération,Hors intersection,Normale,Deux véhicules - côté,,,,,,,,,,,1,1,1,1.0,3.0
201100001369,0011-06-30 18:30:00,11,6,30,18,30,270,284,PLACE DE LA GARE,49.285,1.78414,Plein jour,En agglomération,Hors intersection,Normale,Autre collision,,,,,,,,,,,1,2,1,1.0,6.0
201100001370,0011-07-24 17:00:00,11,7,24,17,0,270,633,CD6014,49.2385,1.60322,Plein jour,En agglomération,Intersection en T,Normale,Deux véhicules - côté,,,,,,,,,,,1,2,3,1.0,3.0
201100001371,0011-08-22 11:00:00,11,8,22,11,0,270,10,,49.3994,1.72108,Plein jour,Hors agglomération,Hors intersection,Normale,Deux véhicules - frontale,,,,,,,,,,,1,1,1,1.0,1.0
201100001372,0011-09-27 15:15:00,11,9,27,15,15,270,226,,49.3026,1.63404,Plein jour,Hors agglomération,Hors intersection,Normale,Autre collision,,,,,,,,,,,1,1,1,1.0,6.0
201100001373,0011-09-30 18:00:00,11,9,30,18,0,270,690,,49.2463,1.58455,Plein jour,Hors agglomération,Hors intersection,Normale,Trois véhicules et plus - collisions multiples,,,,,,,,,,,1,1,1,1.0,5.0
201100001374,0011-10-14 18:00:00,11,10,14,18,0,270,284,FAUBOURG DE NEAUFLES,49.2771,1.76112,Plein jour,En agglomération,Hors intersection,Normale,Deux véhicules - arrière,,,,,,,,,,,1,2,1,1.0,2.0
201100001375,0011-10-22 14:30:00,11,10,22,14,30,270,153,,49.2863,1.60969,Plein jour,Hors agglomération,Hors intersection,Normale,Trois véhicules et plus - collisions multiples,,,,,,,,,,,1,1,1,1.0,5.0
201100001376,0011-12-06 18:45:00,11,12,6,18,45,270,284,R A. FORCINAL R P SEMARD,49.2838,1.7878,Nuit avec éclairage allumé,En agglomération,Hors intersection,Pluie forte,Deux véhicules - frontale,,,,,,,,,,,5,2,1,3.0,1.0
201100001377,0011-12-19 18:15:00,11,12,19,18,15,270,284,AVENUE ALBERT FORCINAL,49.2835,1.78726,Nuit avec éclairage non allumé,En agglomération,Hors intersection,Pluie légère,Deux véhicules - frontale,,,,,,,,,,,4,2,1,2.0,1.0
201100001378,0011-12-23 20:15:00,11,12,23,20,15,270,226,,49.3146,1.60332,Nuit sans éclairage public,Hors agglomération,Hors intersection,Pluie forte,Trois véhicules et plus - collisions multiples,,,,,,,,,,,3,1,1,3.0,5.0
201100001379,0011-01-07 18:42:00,11,1,7,18,42,270,106,,49.1243,0.4834,Nuit sans éclairage public,Hors agglomération,Intersection en T,Normale,Deux véhicules - arrière,,,,,,,,,,,3,1,3,1.0,2.0
201100001380,0011-01-11 18:15:00,11,1,11,18,15,270,667,,49.1179,0.62548,Nuit sans éclairage public,Hors agglomération,Intersection en X,Normale,Deux véhicules - frontale,,,,,,,,,,,3,1,2,1.0,1.0
201100001381,0011-01-28 18:15:00,11,1,28,18,15,270,627,,49.1499,0.534,Crépuscule ou aube,Hors agglomération,Intersection en X,Normale,Deux véhicules - côté,,,,,,,,,,,2,1,2,1.0,3.0
201100001382,0011-02-02 06:45:00,11,2,2,6,45,270,600,PK 164+000,49.0409,0.56084,Nuit sans éclairage public,Hors agglomération,Hors intersection,Temps couvert,Deux véhicules - côté,,,,,,,,,,,3,1,1,8.0,3.0
201100001383,0011-02-13 22:00:00,11,2,13,22,0,270,590,LE BOIS BRULE,48.9437,0.50849,Nuit sans éclairage public,Hors agglomération,Hors intersection,Temps couvert,Autre collision,,,,,,,,,,,3,1,1,8.0,6.0
201100001384,0011-05-14 15:30:00,11,5,14,15,30,270,117,R BOSC ALIX R VIMONDIERE,49.0104,0.5242,Plein jour,Hors agglomération,Intersection en X,Temps éblouissant,Deux véhicules - côté,,,,,,,,,,,1,1,2,7.0,3.0
201100001385,0011-05-17 16:30:00,11,5,17,16,30,270,667,,49.1249,0.59804,Plein jour,Hors agglomération,Hors intersection,Normale,Deux véhicules - frontale,,,,,,,,,,,1,1,1,1.0,1.0
201100001386,0011-05-23 18:45:00,11,5,23,18,45,270,56,BOULEVARD DUBUS,49.0875,0.59628,Plein jour,En agglomération,Hors intersection,Normale,Sans collision,,,,,,,,,,,1,2,1,1.0,7.0
201100001387,0011-06-20 03:45:00,11,6,20,3,45,270,629,16 ROUTE DE LIEUREY,49.1409,0.45719,Nuit avec éclairage allumé,En agglomération,Hors intersection,Pluie légère,Deux véhicules - frontale,,,,,,,,,,,5,2,1,2.0,1.0
201100001388,0011-07-08 19:45:00,11,7,8,19,45,270,56,,49.0957,0.57488,Plein jour,Hors agglomération,Hors intersection,Normale,Sans collision,,,,,,,,,,,1,1,1,1.0,7.0
201100001389,0011-08-04 16:00:00,11,8,4,16,0,270,608,ROUTE DE BROGLIE,49.067,0.51897,Plein jour,En agglomération,Hors intersection,Pluie légère,Deux véhicules - côté,,,,,,,,,,,1,2,1,2.0,3.0
201100001390,0011-08-08 10:15:00,11,8,8,10,15,270,660,,48.9684,0.47939,Plein jour,Hors agglomération,Hors intersection,Normale,Deux véhicules - frontale,,,,,,,,,,,1,1,1,1.0,1.0
201100001391,0011-08-09 21:30:00,11,8,9,21,30,270,600,,49.0576,0.57117,Crépuscule ou aube,Hors agglomération,Hors intersection,Normale,Sans collision,,,,,,,,,,,2,1,1,1.0,7.0
201100001392,0011-09-30 18:15:00,11,9,30,18,15,270,149,VC 7,49.1161,0.41401,Plein jour,En agglomération,Hors intersection,Normale,Deux véhicules - frontale,,,,,,,,,,,1,2,1,1.0,1.0
201100001393,0011-11-19 14:15:00,11,11,19,14,15,270,56,,49.099,0.56101,Plein jour,Hors agglomération,Hors intersection,Normale,Deux véhicules - côté,,,,,,,,,,,1,1,1,1.0,3.0
201100001394,0011-12-20 06:30:00,11,12,20,6,30,270,46,,49.1673,0.5524,Crépuscule ou aube,Hors agglomération,Hors intersection,Pluie légère,Deux véhicules - côté,,,,,,,,,,,2,1,1,2.0,3.0
201100001395,0011-01-09 21:00:00,11,1,9,21,0,270,116,PR 25+000,49.1495,0.73114,Nuit sans éclairage public,Hors agglomération,Hors intersection,Normale,Autre collision,,,,,,,,,,,3,1,1,1.0,6.0
201100001396,0011-01-31 18:30:00,11,1,31,18,30,270,125,RT LA HAYE DE CALLEVILLE,49.1767,0.76352,Nuit sans éclairage public,Hors agglomération,Intersection en X,Normale,Deux véhicules - côté,,,,,,,,,,,3,1,2,1.0,3.0
201100001397,0011-02-09 01:30:00,11,2,9,1,30,270,116,RUE LEMARROIS EX RD 130,49.1987,0.72136,Nuit avec éclairage allumé,En agglomération,Hors intersection,Normale,Autre collision,,,,,,,,,,,5,2,1,1.0,6.0
201100001398,0011-03-05 22:45:00,11,3,5,22,45,270,290,,49.1288,0.77608,Nuit avec éclairage allumé,Hors agglomération,Intersection en X,Normale,Autre collision,,,,,,,,,,,5,1,2,1.0,6.0
201100001399,0011-03-25 19:45:00,11,3,25,19,45,270,642,CV17 ET V9,49.0969,0.81223,Nuit sans éclairage public,Hors agglomération,Intersection en X,Normale,Deux véhicules - côté,,,,,,,,,,,3,1,2,1.0,3.0
201100001400,0011-06-07 07:30:00,11,6,7,7,30,270,498,R GRANDE/DUPONT DE LEURE,49.1499,0.8303,Plein jour,En agglomération,Intersection en T,Normale,Deux véhicules - côté,,,,,,,,,,,1,2,3,1.0,3.0
201100001401,0011-06-14 00:15:00,11,6,14,0,15,270,251,,49.1025,0.69433,Nuit avec éclairage allumé,Hors agglomération,Hors intersection,Normale,Autre collision,,,,,,,,,,,5,1,1,1.0,6.0
201100001402,0011-06-03 07:30:00,11,6,3,7,30,270,296,,49.0347,0.65252,Plein jour,Hors agglomération,Hors intersection,Normale,Autre collision,,,,,,,,,,,1,1,1,1.0,6.0
201100001403,0011-07-23 22:45:00,11,7,23,22,45,270,210,PK 51+200  PK 52+480,49.1304,0.81381,Nuit sans éclairage public,Hors agglomération,Hors intersection,Normale,Deux véhicules - frontale,,,,,,,,,,,3,1,1,1.0,1.0
201100001404,0011-08-02 07:45:00,11,8,2,7,45,270,356,,49.0262,0.62694,Plein jour,Hors agglomération,Intersection en X,Normale,Deux véhicules - côté,,,,,,,,,,,1,1,2,1.0,3.0
201100001405,0011-10-03 01:15:00,11,10,3,1,15,270,452,,49.1408,0.76864,Nuit sans éclairage public,Hors agglomération,Hors intersection,Normale,Sans collision,,,,,,,,,,,3,1,1,1.0,7.0
201100001406,0011-10-20 18:00:00,11,10,20,18,0,270,622,55 RUE MAX CARPENTIER,49.1096,0.71468,Plein jour,En agglomération,Hors intersection,Temps éblouissant,Autre collision,,,,,,,,,,,1,2,1,7.0,6.0
201100001407,0011-11-14 15:00:00,11,11,14,15,0,270,50,PR 21+100 VC 17 BARC,49.0932,0.80422,Plein jour,Hors agglomération,Hors intersection,Temps éblouissant,Deux véhicules - frontale,,,,,,,,,,,1,1,1,7.0,1.0
201100001408,0011-12-15 08:15:00,11,12,15,8,15,270,253,,49.1495,0.70803,Nuit sans éclairage public,Hors agglomération,Intersection en T,Pluie légère,Deux véhicules - côté,,,,,,,,,,,3,1,3,2.0,3.0
201100001409,0011-12-27 19:45:00,11,12,27,19,45,270,221,ROUTE DE LA MULOTIERE,48.9814,0.61223,Nuit sans éclairage public,Hors agglomération,Intersection en X,Brouillard / fumée,Deux véhicules - côté,,,,,,,,,,,3,1,2,5.0,3.0
201100001410,0011-02-23 13:45:00,11,2,23,13,45,270,342,ROUTE D'EVREUX,49.1264,1.109,Plein jour,En agglomération,Hors intersection,Pluie forte,Deux véhicules - frontale,,,,,,,,,,,1,2,1,3.0,1.0
201100001411,0011-04-16 22:45:00,11,4,16,22,45,270,3,,49.1673,1.20693,Nuit sans éclairage public,Hors agglomération,Hors intersection,Normale,Autre collision,,,,,,,,,,,3,1,1,1.0,6.0
201100001412,0011-04-16 12:00:00,11,4,16,12,0,270,339,RUE DU GRL DE GAULLE,49.1369,1.11563,Plein jour,En agglomération,Intersection en T,Temps couvert,Deux véhicules - côté,,,,,,,,,,,1,2,3,8.0,3.0
201100001413,0011-06-12 14:15:00,11,6,12,14,15,270,332,RUE DE VENABLES,49.1932,1.24415,Plein jour,En agglomération,Hors intersection,Normale,Sans collision,,,,,,,,,,,1,2,1,1.0,7.0
201100001414,0011-11-04 01:30:00,11,11,4,1,30,270,537,RUE NATIONALE,49.2406,1.2201,Nuit sans éclairage public,En agglomération,Hors intersection,Normale,Deux véhicules - côté,,,,,,,,,,,3,2,1,1.0,3.0
201100001415,0011-01-16 11:45:00,11,1,16,11,45,270,5,CARREFOUR RD69/RD82,49.1623,1.24811,Plein jour,En agglomération,Intersection en X,Temps éblouissant,Deux véhicules - côté,,,,,,,,,,,1,2,2,7.0,3.0
201100001416,0011-02-01 21:00:00,11,2,1,21,0,270,599,EN INTERSECTION VC31,49.1517,1.37408,Crépuscule ou aube,Hors agglomération,Hors intersection,Normale,Deux véhicules - côté,,,,,,,,,,,2,1,1,1.0,3.0
201100001417,0011-02-13 19:00:00,11,2,13,19,0,270,517,EN INTERSECTION D316/A13,49.1368,1.31417,Nuit sans éclairage public,Hors agglomération,Hors intersection,Normale,Deux véhicules - côté,,,,,,,,,,,3,1,1,1.0,3.0
201100001418,0011-04-05 18:00:00,11,4,5,18,0,270,336,,49.0673,1.42468,Plein jour,Hors agglomération,Hors intersection,Normale,Sans collision,,,,,,,,,,,1,1,1,1.0,7.0
201100001419,0011-04-21 18:15:00,11,4,21,18,15,270,599,PR 14+500 GAILLON,49.1505,1.37931,Plein jour,Hors agglomération,Intersection en X,Normale,Trois véhicules et plus - collisions multiples,,,,,,,,,,,1,1,2,1.0,5.0
201100001420,0011-04-22 14:30:00,11,4,22,14,30,270,676,,49.2059,1.3083,Plein jour,Hors agglomération,Intersection en X,Normale,Deux véhicules - côté,,,,,,,,,,,1,1,2,1.0,3.0
201100001421,0011-04-22 16:30:00,11,4,22,16,30,270,249,,49.1798,1.26453,Plein jour,Hors agglomération,Intersection en X,Normale,Deux véhicules - arrière,,,,,,,,,,,1,1,2,1.0,2.0
201100001422,0011-05-05 19:30:00,11,5,5,19,30,270,336,,49.0658,1.40398,Plein jour,Hors agglomération,Hors intersection,Normale,Deux véhicules - frontale,,,,,,,,,,,1,1,1,1.0,1.0
201100001423,0011-05-18 08:00:00,11,5,18,8,0,270,517,,49.1491,1.32517,Plein jour,Hors agglomération,Hors intersection,Normale,Sans collision,,,,,,,,,,,1,1,1,1.0,7.0
201100001424,0011-05-21 11:00:00,11,5,21,11,0,270,599,RUE DE LA MUETTE,49.1505,1.37931,Plein jour,Hors agglomération,Intersection en X,Normale,Deux véhicules - frontale,,,,,,,,,,,1,1,2,1.0,1.0
201100001425,0011-05-30 12:30:00,11,5,30,12,30,270,25,,49.1196,1.30487,Plein jour,Hors agglomération,Hors intersection,Pluie légère,Deux véhicules - frontale,,,,,,,,,,,1,1,1,2.0,1.0
201100001426,0011-06-25 03:30:00,11,6,25,3,30,270,275,,49.1547,1.36055,Nuit sans éclairage public,Hors agglomération,Hors intersection,Normale,Autre collision,,,,,,,,,,,3,1,1,1.0,6.0
201100001427,0011-07-03 18:45:00,11,7,3,18,45,270,553,,49.1463,1.30014,Plein jour,Hors agglomération,Hors intersection,Normale,Autre collision,,,,,,,,,,,1,1,1,1.0,6.0
201100001428,0011-07-31 06:15:00,11,7,31,6,15,270,517,ROUTE DE CHAMPENARD,49.1361,1.34053,Plein jour,Hors agglomération,Hors intersection,Normale,Deux véhicules - frontale,,,,,,,,,,,1,1,1,1.0,1.0
201100001429,0011-08-14 22:30:00,11,8,14,22,30,270,517,,49.1549,1.35996,Nuit sans éclairage public,Hors agglomération,Hors intersection,Normale,Autre collision,,,,,,,,,,,3,1,1,1.0,6.0
201100001430,0011-09-06 05:45:00,11,9,6,5,45,270,249,,49.1798,1.26453,Nuit avec éclairage non allumé,Hors agglomération,Intersection en X,Normale,Deux véhicules - frontale,,,,,,,,,,,4,1,2,1.0,1.0
201100001431,0011-09-22 16:30:00,11,9,22,16,30,270,691,,49.1994,1.3315,Plein jour,Hors agglomération,Hors intersection,Normale,Deux véhicules - frontale,,,,,,,,,,,1,1,1,1.0,1.0
201100001432,0011-10-14 07:15:00,11,10,14,7,15,270,517,INTERSECTION  SORTIE A13,49.1368,1.31417,Crépuscule ou aube,Hors agglomération,Hors intersection,Normale,Deux véhicules - côté,,,,,,,,,,,2,1,1,1.0,3.0
201100001433,0011-10-12 07:45:00,11,10,12,7,45,270,691,,49.2018,1.3165,Crépuscule ou aube,Hors agglomération,Hors intersection,Normale,Deux véhicules - arrière,,,,,,,,,,,2,1,1,1.0,2.0
201100001434,0011-10-23 15:30:00,11,10,23,15,30,270,691,,49.1981,1.30251,Plein jour,Hors agglomération,Hors intersection,Normale,Trois véhicules et plus - collisions multiples,,,,,,,,,,,1,1,1,1.0,5.0