accident_id,datetime,annee,mois,jour,heure,minute,departement,commune_insee,adresse,latitude,longitude,luminosite,agglomeration,intersection,meteo,collision,nb_vehicules,nb_usagers,nb_indemnes,nb_tues,nb_blesses_hosp,nb_blesses_legers,age_cond_1,age_cond_2,veh_type_cond_1,veh_type_cond_2,lum_code,agg_code,int_code,atm_code,col_code
201100001561,0011-03-21 18:30:00,11,3,21,18,30,350,253,,48.25182,-1.42949,Plein jour,Hors agglomération,Intersection en T,Normale,Deux véhicules - arrière,,,,,,,,,,,1,1,3,1.0,2.0
201100001562,0011-04-03 11:30:00,11,4,3,11,30,350,341,,48.42732,-1.45995,Plein jour,Hors agglomération,Intersection en X,Normale,Deux véhicules - frontale,,,,,,,,,,,1,1,2,1.0,1.0
201100001563,0011-06-05 02:15:00,11,6,5,2,15,350,75,,,,Nuit sans éclairage public,Hors agglomération,Hors intersection,Pluie forte,Autre collision,,,,,,,,,,,3,1,1,3.0,6.0
201100001564,0011-06-17 15:45:00,11,6,17,15,45,350,273,,,,Plein jour,Hors agglomération,Hors intersection,Temps couvert,Deux véhicules - frontale,,,,,,,,,,,1,1,1,8.0,1.0
201100001565,0011-06-24 10:00:00,11,6,24,10,0,350,253,,,,Plein jour,Hors agglomération,Hors intersection,Normale,Deux véhicules - arrière,,,,,,,,,,,1,1,1,1.0,2.0
201100001566,0011-07-28 20:15:00,11,7,28,20,15,350,121,,,,Plein jour,Hors agglomération,Hors intersection,Normale,Sans collision,,,,,,,,,,,1,1,1,1.0,7.0
201100001567,0011-08-06 10:00:00,11,8,6,10,0,350,118,,,,Plein jour,Hors agglomération,Hors intersection,Pluie légère,Sans collision,,,,,,,,,,,1,1,1,2.0,7.0
201100001568,0011-09-01 13:15:00,11,9,1,13,15,350,178,,,,Plein jour,Hors agglomération,Hors intersection,Normale,Autre collision,,,,,,,,,,,1,1,1,1.0,6.0
201100001569,0011-09-09 17:15:00,11,9,9,17,15,350,178,,,,Plein jour,Hors agglomération,Hors intersection,Normale,Deux véhicules - côté,,,,,,,,,,,1,1,1,1.0,3.0
201100001570,0011-09-24 19:15:00,11,9,24,19,15,350,273,,,,Plein jour,Hors agglomération,Hors intersection,Normale,Deux véhicules - frontale,,,,,,,,,,,1,1,1,1.0,1.0
201100001571,0011-09-25 13:45:00,11,9,25,13,45,350,273,,,,Plein jour,Hors agglomération,Hors intersection,Normale,Deux véhicules - frontale,,,,,,,,,,,1,1,1,1.0,1.0
201100001572,0011-10-30 04:30:00,11,10,30,4,30,350,75,,,,Nuit sans éclairage public,Hors agglomération,Hors intersection,Normale,Autre collision,,,,,,,,,,,3,1,1,1.0,6.0
201100001573,0011-11-26 06:00:00,11,11,26,6,0,350,178,,,,Crépuscule ou aube,Hors agglomération,Hors intersection,Normale,Autre collision,,,,,,,,,,,2,1,1,1.0,6.0
201100001574,0011-01-05 21:45:00,11,1,5,21,45,350,236,route de St Barthelemy,,,Nuit sans éclairage public,En agglomération,Hors intersection,Pluie légère,Autre collision,,,,,,,,,,,3,2,1,2.0,6.0
201100001575,0011-04-08 20:00:00,11,4,8,20,0,350,236,ROUTE DE RENNES,,,Plein jour,En agglomération,Hors intersection,Normale,Deux véhicules - arrière,,,,,,,,,,,1,2,1,1.0,2.0
201100001576,0011-05-14 18:15:00,11,5,14,18,15,350,13,Les Landes de Tournebrid,47.68831,-2.05223,Plein jour,Hors agglomération,Intersection en X,Normale,Deux véhicules - frontale,,,,,,,,,,,1,1,2,1.0,1.0
201100001577,0011-05-14 19:15:00,11,5,14,19,15,350,13,Les Chambots,47.70661,-2.05411,Plein jour,Hors agglomération,Intersection en X,Normale,Trois véhicules et plus - en chaîne,,,,,,,,,,,1,1,2,1.0,4.0
201100001578,0011-05-26 13:45:00,11,5,26,13,45,350,13,,47.69812,-2.03106,Plein jour,Hors agglomération,Hors intersection,Temps couvert,Trois véhicules et plus - en chaîne,,,,,,,,,,,1,1,1,8.0,4.0
201100001579,0011-06-18 07:15:00,11,6,18,7,15,350,237,,,,Plein jour,Hors agglomération,Hors intersection,Normale,Autre collision,,,,,,,,,,,1,1,1,1.0,6.0
201100001580,0011-08-15 03:00:00,11,8,15,3,0,350,236,,,,Nuit sans éclairage public,Hors agglomération,Hors intersection,Normale,Sans collision,,,,,,,,,,,3,1,1,1.0,7.0
201100001581,0011-09-07 07:45:00,11,9,7,7,45,350,13,,,,Crépuscule ou aube,Hors agglomération,Hors intersection,Brouillard / fumée,Deux véhicules - côté,,,,,,,,,,,2,1,1,5.0,3.0
201100001582,0011-09-18 04:30:00,11,9,18,4,30,350,64,,,,Nuit sans éclairage public,Hors agglomération,Hors intersection,Normale,Deux véhicules - frontale,,,,,,,,,,,3,1,1,1.0,1.0
201100001583,0011-10-21 05:00:00,11,10,21,5,0,350,13,,,,Nuit sans éclairage public,Hors agglomération,Autre intersection,Pluie légère,Autre collision,,,,,,,,,,,3,1,9,2.0,6.0
201100001584,0011-11-06 16:45:00,11,11,6,16,45,350,294,13 RUE DES ARDOISIERES,,,Plein jour,En agglomération,Hors intersection,Normale,Autre collision,,,,,,,,,,,1,2,1,1.0,6.0
201100001585,0011-01-03 17:15:00,11,1,3,17,15,350,249,,47.747,-1.825,Crépuscule ou aube,Hors agglomération,Hors intersection,Normale,Autre collision,,,,,,,,,,,2,1,1,1.0,6.0
201100001586,0011-01-13 14:45:00,11,1,13,14,45,350,202,La Rigandelais,,,Plein jour,Hors agglomération,Hors intersection,Normale,Sans collision,,,,,,,,,,,1,1,1,1.0,7.0
201100001587,0011-02-15 05:45:00,11,2,15,5,45,350,249,,47.731,-1.822,Nuit sans éclairage public,Hors agglomération,Hors intersection,Pluie légère,Sans collision,,,,,,,,,,,3,1,1,2.0,7.0
201100001588,0011-03-30 12:00:00,11,3,30,12,0,350,176,lieu-dit La Cormeré,47.81049,-1.81818,Plein jour,Hors agglomération,Intersection en X,Normale,Deux véhicules - frontale,,,,,,,,,,,1,1,2,1.0,1.0
201100001589,0011-05-13 17:30:00,11,5,13,17,30,350,316,,,,Plein jour,Hors agglomération,Hors intersection,Normale,Deux véhicules - frontale,,,,,,,,,,,1,1,1,1.0,1.0
201100001590,0011-05-18 18:30:00,11,5,18,18,30,350,176,La Carolais,47.82868,-1.75893,Plein jour,Hors agglomération,Hors intersection,Normale,Deux véhicules - frontale,,,,,,,,,,,1,1,1,1.0,1.0
201100001591,0011-05-31 10:30:00,11,5,31,10,30,350,124,Le Relais,47.73839,-1.7196,Plein jour,Hors agglomération,Hors intersection,Normale,Trois véhicules et plus - collisions multiples,,,,,,,,,,,1,1,1,1.0,5.0
201100001592,0011-06-04 18:30:00,11,6,4,18,30,350,90,,47.949,-1.608,Plein jour,Hors agglomération,Intersection en X,Normale,Deux véhicules - côté,,,,,,,,,,,1,1,2,1.0,3.0
201100001593,0011-06-14 10:15:00,11,6,14,10,15,350,12,,,,Plein jour,Hors agglomération,Hors intersection,Normale,Deux véhicules - frontale,,,,,,,,,,,1,1,1,1.0,1.0
201100001594,0011-07-23 12:00:00,11,7,23,12,0,350,12,,47.844,-1.723,Plein jour,Hors agglomération,Hors intersection,Normale,Deux véhicules - arrière,,,,,,,,,,,1,1,1,1.0,2.0
201100001595,0011-08-08 18:30:00,11,8,8,18,30,350,12,,,,Plein jour,Hors agglomération,Hors intersection,Temps éblouissant,Deux véhicules - frontale,,,,,,,,,,,1,1,1,7.0,1.0
201100001596,0011-09-09 23:45:00,11,9,9,23,45,350,145,,,,Nuit sans éclairage public,Hors agglomération,Hors intersection,Normale,Autre collision,,,,,,,,,,,3,1,1,1.0,6.0
201100001597,0011-10-03 17:45:00,11,10,3,17,45,350,221,,,,Plein jour,Hors agglomération,Hors intersection,Temps éblouissant,Deux véhicules - frontale,,,,,,,,,,,1,1,1,7.0,1.0
201100001598,0011-12-11 11:45:00,11,12,11,11,45,350,124,,,,Plein jour,Hors agglomération,Hors intersection,Normale,Autre collision,,,,,,,,,,,1,1,1,1.0,6.0
201100001599,0011-12-02 20:15:00,11,12,2,20,15,350,106,La Fleuriais,,,Nuit sans éclairage public,En agglomération,Hors intersection,Normale,Deux véhicules - côté,,,,,,,,,,,3,2,1,1.0,3.0
201100001600,0011-12-23 12:30:00,11,12,23,12,30,350,145,,,,Plein jour,Hors agglomération,Hors intersection,Normale,Autre collision,,,,,,,,,,,1,1,1,1.0,6.0
201100001601,0011-01-03 17:00:00,11,1,3,17,0,350,16,,47.99785,-1.89747,Crépuscule ou aube,Hors agglomération,Hors intersection,Normale,Autre collision,,,,,,,,,,,2,1,1,1.0,6.0
201100001602,0011-01-14 08:30:00,11,1,14,8,30,350,139,Bout de Lande,47.97436,-1.69387,Crépuscule ou aube,Hors agglomération,Autre intersection,Normale,Deux véhicules - côté,,,,,,,,,,,2,1,9,1.0,3.0
201100001603,0011-02-19 15:45:00,11,2,19,15,45,350,123,,48.023,-1.797,Plein jour,Hors agglomération,Hors intersection,Normale,Sans collision,,,,,,,,,,,1,1,1,1.0,7.0
201100001604,0011-02-26 00:15:00,11,2,26,0,15,350,127,,47.925,-1.861,Nuit avec éclairage non allumé,Hors agglomération,Hors intersection,Normale,Autre collision,,,,,,,,,,,4,1,1,1.0,6.0
201100001605,0011-03-14 22:00:00,11,3,14,22,0,350,123,Les Corbières,48.024,-1.78277,Nuit sans éclairage public,Hors agglomération,Hors intersection,Normale,Deux véhicules - arrière,,,,,,,,,,,3,1,1,1.0,2.0
201100001606,0011-05-01 12:15:00,11,5,1,12,15,350,127,,,,Plein jour,Hors agglomération,Hors intersection,Normale,Autre collision,,,,,,,,,,,1,1,1,1.0,6.0
201100001607,0011-06-16 20:15:00,11,6,16,20,15,350,126,,,,Plein jour,Hors agglomération,Hors intersection,Normale,Deux véhicules - arrière,,,,,,,,,,,1,1,1,1.0,2.0
201100001608,0011-06-22 17:30:00,11,6,22,17,30,350,126,,47.962,-1.791,Plein jour,Hors agglomération,Intersection en X,Normale,Trois véhicules et plus - collisions multiples,,,,,,,,,,,1,1,2,1.0,5.0
201100001609,0011-07-03 17:00:00,11,7,3,17,0,350,123,,48.01,-1.821,Plein jour,Hors agglomération,Intersection en X,Normale,Deux véhicules - côté,,,,,,,,,,,1,1,2,1.0,3.0
201100001610,0011-07-03 18:00:00,11,7,3,18,0,350,139,,47.979,-1.695,Plein jour,Hors agglomération,Intersection en T,Normale,Deux véhicules - côté,,,,,,,,,,,1,1,3,1.0,3.0
201100001611,0011-09-13 17:30:00,11,9,13,17,30,350,123,,,,Plein jour,Hors agglomération,Intersection en X,Normale,Deux véhicules - côté,,,,,,,,,,,1,1,2,1.0,3.0
201100001612,0011-09-30 11:45:00,11,9,30,11,45,350,312,,,,Plein jour,Hors agglomération,Hors intersection,Normale,Sans collision,,,,,,,,,,,1,1,1,1.0,7.0
201100001613,0011-12-07 09:15:00,11,12,7,9,15,350,33,,,,Plein jour,Hors agglomération,Hors intersection,Normale,Deux véhicules - frontale,,,,,,,,,,,1,1,1,1.0,1.0
201100001614,0011-12-14 08:00:00,11,12,14,8,0,350,126,"2, rue Luc URBAIN",47.97,-1.796,Nuit avec éclairage allumé,En agglomération,Hors intersection,Pluie légère,Autre collision,,,,,,,,,,,5,2,1,2.0,6.0
201100001615,0011-12-28 08:30:00,11,12,28,8,30,350,127,,47.929,-1.852,Plein jour,Hors agglomération,Hors intersection,Brouillard / fumée,Trois véhicules et plus - collisions multiples,,,,,,,,,,,1,1,1,5.0,5.0
201100001616,0011-04-02 05:30:00,11,4,2,5,30,350,328,,47.759,-2.032,Nuit sans éclairage public,Hors agglomération,Hors intersection,Normale,Sans collision,,,,,,,,,,,3,1,1,1.0,7.0
201100001617,0011-05-07 00:15:00,11,5,7,0,15,350,168,,47.86445,-1.9964,Nuit sans éclairage public,Hors agglomération,Hors intersection,Normale,Autre collision,,,,,,,,,,,3,1,1,1.0,6.0
201100001618,0011-05-09 07:45:00,11,5,9,7,45,350,219,La Chevaleraie,47.81055,-1.96322,Plein jour,Hors agglomération,Hors intersection,Normale,Deux véhicules - frontale,,,,,,,,,,,1,1,1,1.0,1.0
201100001619,0011-06-12 23:45:00,11,6,12,23,45,350,219,,47.827,-1.902,Nuit sans éclairage public,Hors agglomération,Hors intersection,Normale,Autre collision,,,,,,,,,,,3,1,1,1.0,6.0
201100001620,0011-08-09 15:45:00,11,8,9,15,45,350,84,,,,Plein jour,Hors agglomération,Hors intersection,Normale,Deux véhicules - côté,,,,,,,,,,,1,1,1,1.0,3.0
201100001621,0011-08-31 23:30:00,11,8,31,23,30,350,175,,,,Nuit avec éclairage allumé,Hors agglomération,Hors intersection,Normale,Sans collision,,,,,,,,,,,5,1,1,1.0,7.0
201100001622,0011-09-24 23:00:00,11,9,24,23,0,350,129,,47.844,-1.854,Nuit sans éclairage public,Hors agglomération,Hors intersection,Normale,Autre collision,,,,,,,,,,,3,1,1,1.0,6.0
201100001623,0011-10-19 13:30:00,11,10,19,13,30,350,175,,,,Plein jour,Hors agglomération,Hors intersection,Normale,Deux véhicules - frontale,,,,,,,,,,,1,1,1,1.0,1.0
201100001624,0011-12-15 19:30:00,11,12,15,19,30,350,168,PLACE DE L EGLISE,,,Nuit avec éclairage allumé,En agglomération,Hors intersection,Pluie forte,Autre collision,,,,,,,,,,,5,2,1,3.0,6.0
201100001625,0011-01-04 07:00:00,11,1,4,7,0,350,49,,,,Nuit sans éclairage public,Hors agglomération,Hors intersection,Temps couvert,Deux véhicules - frontale,,,,,,,,,,,3,1,1,8.0,1.0
201100001626,0011-01-06 19:45:00,11,1,6,19,45,350,179,,,,Nuit sans éclairage public,Hors agglomération,Intersection en X,Normale,Trois véhicules et plus - collisions multiples,,,,,,,,,,,3,1,2,1.0,5.0
201100001627,0011-01-09 16:45:00,11,1,9,16,45,350,132,,,,Plein jour,Hors agglomération,Hors intersection,Normale,Deux véhicules - arrière,,,,,,,,,,,1,1,1,1.0,2.0
201100001628,0011-02-11 04:00:00,11,2,11,4,0,350,299,Le Vaupinel,48.63348,-1.89609,Nuit sans éclairage public,Hors agglomération,Hors intersection,Normale,Autre collision,,,,,,,,,,,3,1,1,1.0,6.0
201100001629,0011-03-16 06:00:00,11,3,16,6,0,350,306,,48.588,-1.951,Nuit sans éclairage public,Hors agglomération,Hors intersection,Normale,Autre collision,,,,,,,,,,,3,1,1,1.0,6.0
201100001630,0011-03-28 16:15:00,11,3,28,16,15,350,358,,,,Plein jour,Hors agglomération,Hors intersection,Normale,Deux véhicules - frontale,,,,,,,,,,,1,1,1,1.0,1.0
201100001631,0011-04-04 02:45:00,11,4,4,2,45,350,299,,,,Nuit sans éclairage public,Hors agglomération,Hors intersection,Normale,Autre collision,,,,,,,,,,,3,1,1,1.0,6.0
201100001632,0011-04-17 06:00:00,11,4,17,6,0,350,299,,,,Nuit sans éclairage public,Hors agglomération,Hors intersection,Normale,Trois véhicules et plus - en chaîne,,,,,,,,,,,3,1,1,1.0,4.0
201100001633,0011-05-15 02:45:00,11,5,15,2,45,350,284,,,,Nuit sans éclairage public,Hors agglomération,Hors intersection,Normale,Autre collision,,,,,,,,,,,3,1,1,1.0,6.0
201100001634,0011-05-14 11:45:00,11,5,14,11,45,350,224,,,,Plein jour,Hors agglomération,Autre intersection,Normale,Sans collision,,,,,,,,,,,1,1,9,1.0,7.0
201100001635,0011-06-08 07:45:00,11,6,8,7,45,350,224,,,,Plein jour,Hors agglomération,Hors intersection,Normale,Deux véhicules - arrière,,,,,,,,,,,1,1,1,1.0,2.0
201100001636,0011-06-19 00:30:00,11,6,19,0,30,350,306,,,,Nuit sans éclairage public,Hors agglomération,Hors intersection,Normale,Autre collision,,,,,,,,,,,3,1,1,1.0,6.0
201100001637,0011-06-26 08:15:00,11,6,26,8,15,350,224,,,,Plein jour,Hors agglomération,Hors intersection,Normale,Sans collision,,,,,,,,,,,1,1,1,1.0,7.0
201100001638,0011-06-30 22:15:00,11,6,30,22,15,350,306,,48.596,-1.958,Crépuscule ou aube,Hors agglomération,Hors intersection,Normale,Deux véhicules - côté,,,,,,,,,,,2,1,1,1.0,3.0
201100001639,0011-07-21 21:15:00,11,7,21,21,15,350,263,,48.685,-1.945,Plein jour,Hors agglomération,Hors intersection,Normale,Deux véhicules - arrière,,,,,,,,,,,1,1,1,1.0,2.0
201100001640,0011-07-29 16:00:00,11,7,29,16,0,350,299,LE  VAUPINEL,,,Plein jour,En agglomération,Hors intersection,Normale,Autre collision,,,,,,,,,,,1,2,1,1.0,6.0
201100001641,0011-07-31 08:30:00,11,7,31,8,30,350,179,CD73 - Carrefour Market,,,Plein jour,En agglomération,Hors intersection,Normale,Deux véhicules - frontale,,,,,,,,,,,1,2,1,1.0,1.0
201100001642,0011-09-17 03:00:00,11,9,17,3,0,350,132,CD 155 - Cimeti?re,48.609,-1.785,Nuit sans éclairage public,En agglomération,Hors intersection,Normale,Autre collision,,,,,,,,,,,3,2,1,1.0,6.0
201100001643,0011-09-24 19:00:00,11,9,24,19,0,350,49,,,,Plein jour,Hors agglomération,Hors intersection,Normale,Autre collision,,,,,,,,,,,1,1,1,1.0,6.0
201100001644,0011-10-24 17:30:00,11,10,24,17,30,350,299,,,,Plein jour,Hors agglomération,Hors intersection,Normale,Deux véhicules - côté,,,,,,,,,,,1,1,1,1.0,3.0
201100001645,0011-11-12 12:45:00,11,11,12,12,45,350,306,,48.572,-1.909,Plein jour,Hors agglomération,Hors intersection,Normale,Sans collision,,,,,,,,,,,1,1,1,1.0,7.0
201100001646,0011-11-28 18:15:00,11,11,28,18,15,350,132,,,,Nuit avec éclairage allumé,Hors agglomération,Hors intersection,Normale,Deux véhicules - frontale,,,,,,,,,,,5,1,1,1.0,1.0
201100001647,0011-11-30 17:00:00,11,11,30,17,0,350,299,,,,Plein jour,Hors agglomération,Hors intersection,Normale,Autre collision,,,,,,,,,,,1,1,1,1.0,6.0
201100001648,0011-12-15 17:15:00,11,12,15,17,15,350,255,,,,Nuit avec éclairage allumé,Hors agglomération,Hors intersection,Pluie forte,Autre collision,,,,,,,,,,,5,1,1,3.0,6.0
201100001649,0011-01-07 18:30:00,11,1,7,18,30,350,147,"2, rue Chateaubriand",,,Nuit avec éclairage allumé,En agglomération,Hors intersection,Normale,Autre collision,,,,,,,,,,,5,2,1,1.0,6.0
201100001650,0011-01-12 10:45:00,11,1,12,10,45,350,337,AVENUE FELICITE DE LAMEN,,,Plein jour,En agglomération,Hors intersection,Normale,Autre collision,,,,,,,,,,,1,2,1,1.0,6.0
201100001651,0011-02-01 14:15:00,11,2,1,14,15,350,226,Le Paillet,48.42763,-1.90251,Plein jour,Hors agglomération,Hors intersection,Normale,Deux véhicules - frontale,,,,,,,,,,,1,1,1,1.0,1.0
201100001652,0011-02-05 17:00:00,11,2,5,17,0,350,92,Maison Neuve,48.43395,-1.66491,Plein jour,Hors agglomération,Intersection en X,Normale,Deux véhicules - frontale,,,,,,,,,,,1,1,2,1.0,1.0
201100001653,0011-03-15 12:30:00,11,3,15,12,30,350,85,Tranmel,48.37614,-1.72699,Plein jour,Hors agglomération,Hors intersection,Normale,Deux véhicules - côté,,,,,,,,,,,1,1,1,1.0,3.0
201100001654,0011-05-24 18:15:00,11,5,24,18,15,350,85,,,,Plein jour,Hors agglomération,Hors intersection,Normale,Deux véhicules - côté,,,,,,,,,,,1,1,1,1.0,3.0
201100001655,0011-05-31 10:30:00,11,5,31,10,30,350,318,Le Bas Lesnen,,,Plein jour,En agglomération,Hors intersection,Normale,Deux véhicules - frontale,,,,,,,,,,,1,2,1,1.0,1.0
201100001656,0011-06-28 11:45:00,11,6,28,11,45,350,29,,,,Plein jour,Hors agglomération,Hors intersection,Normale,Deux véhicules - côté,,,,,,,,,,,1,1,1,1.0,3.0
201100001657,0011-06-29 09:00:00,11,6,29,9,0,350,225,,48.438,-1.93,Plein jour,Hors agglomération,Hors intersection,Normale,Deux véhicules - frontale,,,,,,,,,,,1,1,1,1.0,1.0
201100001658,0011-08-07 09:45:00,11,8,7,9,45,350,85,,,,Plein jour,Hors agglomération,Hors intersection,Normale,Autre collision,,,,,,,,,,,1,1,1,1.0,6.0
201100001659,0011-09-11 09:00:00,11,9,11,9,0,350,85,,48.445,-1.769,Plein jour,Hors agglomération,Hors intersection,Pluie forte,Deux véhicules - côté,,,,,,,,,,,1,1,1,3.0,3.0
201100001660,0011-10-15 18:45:00,11,10,15,18,45,350,346,,,,Plein jour,Hors agglomération,Hors intersection,Normale,Sans collision,,,,,,,,,,,1,1,1,1.0,7.0
201100001661,0011-01-03 07:45:00,11,1,3,7,45,350,95,,,,Nuit avec éclairage allumé,En agglomération,Hors intersection,Normale,Autre collision,,,,,,,,,,,5,2,1,1.0,6.0
201100001662,0011-02-04 14:45:00,11,2,4,14,45,350,95,Rue de Rennes n°07,48.5467,-1.7513,Plein jour,En agglomération,Hors intersection,Normale,Autre collision,,,,,,,,,,,1,2,1,1.0,6.0
201100001663,0011-04-19 09:00:00,11,4,19,9,0,350,248,,48.554,-1.579,Plein jour,Hors agglomération,Intersection en X,Normale,Deux véhicules - côté,,,,,,,,,,,1,1,2,1.0,3.0
201100001664,0011-06-19 22:15:00,11,6,19,22,15,350,104,,48.513,-1.717,Crépuscule ou aube,Hors agglomération,Hors intersection,Pluie légère,Deux véhicules - frontale,,,,,,,,,,,2,1,1,2.0,1.0
201100001665,0011-08-19 11:45:00,11,8,19,11,45,350,95,Rue de Paris,48.556,-1.746,Plein jour,En agglomération,Hors intersection,Normale,Deux véhicules - côté,,,,,,,,,,,1,2,1,1.0,3.0
201100001666,0011-08-27 15:15:00,11,8,27,15,15,350,95,,48.541,-1.734,Plein jour,Hors agglomération,Hors intersection,Normale,Deux véhicules - frontale,,,,,,,,,,,1,1,1,1.0,1.0
201100001667,0011-11-19 09:30:00,11,11,19,9,30,350,222,,48.548,-1.56,Plein jour,Hors agglomération,Hors intersection,Normale,Deux véhicules - côté,,,,,,,,,,,1,1,1,1.0,3.0
201100001668,0011-12-23 19:30:00,11,12,23,19,30,350,34,,48.507,-1.639,Nuit sans éclairage public,Hors agglomération,Hors intersection,Normale,Deux véhicules - arrière,,,,,,,,,,,3,1,1,1.0,2.0
201100001669,0011-02-01 22:45:00,11,2,1,22,45,350,228,La Ville Baslé,48.58797,-2.05611,Nuit avec éclairage allumé,En agglomération,Hors intersection,Normale,Sans collision,,,,,,,,,,,5,2,1,1.0,7.0
201100001670,0011-10-07 05:00:00,11,10,7,5,0,350,228,La ville aux monniers,,,Nuit sans éclairage public,En agglomération,Hors intersection,Normale,Autre collision,,,,,,,,,,,3,2,1,1.0,6.0
201100001671,0011-01-13 20:00:00,11,1,13,20,0,350,109,,48.08131,-1.25689,Plein jour,Hors agglomération,Hors intersection,Normale,Deux véhicules - côté,,,,,,,,,,,1,1,1,1.0,3.0
201100001672,0011-01-27 08:00:00,11,1,27,8,0,350,360,boulevard d'hemschtedt,48.11504,-1.19267,Nuit avec éclairage allumé,En agglomération,Hors intersection,Normale,Autre collision,,,,,,,,,,,5,2,1,1.0,6.0
201100001673,0011-03-25 20:45:00,11,3,25,20,45,350,360,,48.127,-1.21,Nuit avec éclairage allumé,En agglomération,Hors intersection,Pluie forte,Sans collision,,,,,,,,,,,5,2,1,3.0,7.0
201100001674,0011-05-13 22:00:00,11,5,13,22,0,350,61,L'Ecotay,48.11326,-1.12365,Nuit sans éclairage public,Hors agglomération,Hors intersection,Normale,Sans collision,,,,,,,,,,,3,1,1,1.0,7.0
201100001675,0011-05-15 18:30:00,11,5,15,18,30,350,338,,48.07475,-1.26983,Plein jour,Hors agglomération,Intersection en T,Normale,Deux véhicules - côté,,,,,,,,,,,1,1,3,1.0,3.0
201100001676,0011-07-04 08:45:00,11,7,4,8,45,350,360,,,,Plein jour,Hors agglomération,Hors intersection,Normale,Autre collision,,,,,,,,,,,1,1,1,1.0,6.0
201100001677,0011-07-05 03:15:00,11,7,5,3,15,350,109,,,,Nuit sans éclairage public,Hors agglomération,Hors intersection,Normale,Autre collision,,,,,,,,,,,3,1,1,1.0,6.0
201100001678,0011-07-03 09:15:00,11,7,3,9,15,350,360,BOULEVARD DES ROCHERS,,,Plein jour,En agglomération,Giratoire,Normale,Deux véhicules - côté,,,,,,,,,,,1,2,6,1.0,3.0
201100001679,0011-07-05 18:30:00,11,7,5,18,30,350,6,Rue d'Anjou,,,Plein jour,En agglomération,Hors intersection,Normale,Deux véhicules - côté,,,,,,,,,,,1,2,1,1.0,3.0
201100001680,0011-07-20 18:45:00,11,7,20,18,45,350,61,,,,Plein jour,Hors agglomération,Hors intersection,Pluie légère,Deux véhicules - côté,,,,,,,,,,,1,1,1,2.0,3.0
201100001681,0011-08-20 11:30:00,11,8,20,11,30,350,6,,48.08117,-1.13628,Plein jour,Hors agglomération,Hors intersection,Normale,Autre collision,,,,,,,,,,,1,1,1,1.0,6.0
201100001682,0011-09-26 11:00:00,11,9,26,11,0,350,360,boulevard chateaubriant,48.126,-1.21,Plein jour,En agglomération,Hors intersection,Normale,Deux véhicules - côté,,,,,,,,,,,1,2,1,1.0,3.0
201100001683,0011-10-04 09:00:00,11,10,4,9,0,350,330,,,,Plein jour,Hors agglomération,Hors intersection,Normale,Deux véhicules - frontale,,,,,,,,,,,1,1,1,1.0,1.0
201100001684,0011-10-21 17:30:00,11,10,21,17,30,350,166,,,,Plein jour,Hors agglomération,Hors intersection,Normale,Deux véhicules - côté,,,,,,,,,,,1,1,1,1.0,3.0
201100001685,0011-11-09 08:30:00,11,11,9,8,30,350,141,,,,Nuit sans éclairage public,Hors agglomération,Hors intersection,Normale,Deux véhicules - frontale,,,,,,,,,,,3,1,1,1.0,1.0
201100001686,0011-11-27 20:45:00,11,11,27,20,45,350,194,,,,Nuit sans éclairage public,Hors agglomération,Hors intersection,Normale,Autre collision,,,,,,,,,,,3,1,1,1.0,6.0
201100001687,0011-12-06 22:15:00,11,12,6,22,15,350,109,,,,Nuit avec éclairage allumé,Hors agglomération,Hors intersection,Normale,Autre collision,,,,,,,,,,,5,1,1,1.0,6.0
201100001688,0011-12-15 18:00:00,11,12,15,18,0,350,360,boulevard des rochers,48.127,-1.197,Nuit avec éclairage allumé,En agglomération,Hors intersection,Pluie légère,Autre collision,,,,,,,,,,,5,2,1,2.0,6.0
201100001689,0011-01-18 09:00:00,11,1,18,9,0,350,254,,,,Plein jour,Hors agglomération,Hors intersection,Normale,Deux véhicules - arrière,,,,,,,,,,,1,1,1,1.0,2.0
201100001690,0011-02-26 11:15:00,11,2,26,11,15,350,69,,48.06022,-1.54888,Plein jour,Hors agglomération,Hors intersection,Normale,Trois véhicules et plus - collisions multiples,,,,,,,,,,,1,1,1,1.0,5.0
201100001691,0011-03-21 19:15:00,11,3,21,19,15,350,327,,,,Crépuscule ou aube,Hors agglomération,Hors intersection,Normale,Deux véhicules - frontale,,,,,,,,,,,2,1,1,1.0,1.0
201100001692,0011-04-25 14:00:00,11,4,25,14,0,350,39,,,,Plein jour,Hors agglomération,Hors intersection,Normale,Sans collision,,,,,,,,,,,1,1,1,1.0,7.0
201100001693,0011-05-06 21:00:00,11,5,6,21,0,350,207,La Planche au Gaudé,48.09202,-1.51702,Crépuscule ou aube,Hors agglomération,Hors intersection,Normale,Autre collision,,,,,,,,,,,2,1,1,1.0,6.0