accident_id,datetime,annee,mois,jour,heure,minute,departement,commune_insee,adresse,latitude,longitude,luminosite,agglomeration,intersection,meteo,collision,nb_vehicules,nb_usagers,nb_indemnes,nb_tues,nb_blesses_hosp,nb_blesses_legers,age_cond_1,age_cond_2,veh_type_cond_1,veh_type_cond_2,lum_code,agg_code,int_code,atm_code,col_code
201100003244,0011-09-24 10:00:00,11,9,24,10,0,440,68,meineuf,47.5,-1.928,Plein jour,Hors agglomération,Hors intersection,Normale,Autre collision,,,,,,,,,,,1,1,1,1.0,6.0
201100003245,0011-11-10 18:15:00,11,11,10,18,15,440,98,La Croix d'Haut,47.505,-2.132,Nuit sans éclairage public,Hors agglomération,Hors intersection,Normale,Deux véhicules - frontale,,,,,,,,,,,3,1,1,1.0,1.0
201100003246,0011-11-25 20:00:00,11,11,25,20,0,440,139,La Grisonnière,47.477,-1.957,Nuit sans éclairage public,Hors agglomération,Hors intersection,Brouillard / fumée,Autre collision,,,,,,,,,,,3,1,1,5.0,6.0
201100003247,0011-12-11 08:15:00,11,12,11,8,15,440,129,,47.457,-2.133,Crépuscule ou aube,Hors agglomération,Hors intersection,Normale,Autre collision,,,,,,,,,,,2,1,1,1.0,6.0
201100003248,0011-12-09 18:15:00,11,12,9,18,15,440,161,7 route de Missillac,,,Nuit avec éclairage allumé,En agglomération,Hors intersection,Pluie légère,Deux véhicules - côté,,,,,,,,,,,5,2,1,2.0,3.0
201100003249,0011-12-23 23:00:00,11,12,23,23,0,440,196,,47.543,-2.056,Nuit sans éclairage public,Hors agglomération,Hors intersection,Normale,Deux véhicules - frontale,,,,,,,,,,,3,1,1,1.0,1.0
201100003250,0011-12-24 16:00:00,11,12,24,16,0,440,98,rue de la chapelle,47.486,-2.159,Plein jour,En agglomération,Hors intersection,Normale,Deux véhicules - frontale,,,,,,,,,,,1,2,1,1.0,1.0
201100003251,0011-01-31 09:45:00,11,1,31,9,45,440,158,rue de Tivoli / garotine,,,Plein jour,En agglomération,Hors intersection,Normale,Autre collision,,,,,,,,,,,1,2,1,1.0,6.0
201100003252,0011-02-13 19:30:00,11,2,13,19,30,440,203,rue Georges Bonnet,,,Nuit avec éclairage non allumé,En agglomération,Hors intersection,Pluie légère,Autre collision,,,,,,,,,,,4,2,1,2.0,6.0
201100003253,0011-05-22 10:45:00,11,5,22,10,45,440,45,Beau Soleil,,,Plein jour,Hors agglomération,Hors intersection,Normale,Deux véhicules - frontale,,,,,,,,,,,1,1,1,1.0,1.0
201100003254,0011-07-01 20:30:00,11,7,1,20,30,440,158,la qiuételais,,,Plein jour,Hors agglomération,Hors intersection,Normale,Autre collision,,,,,,,,,,,1,1,1,1.0,6.0
201100003255,0011-10-04 21:00:00,11,10,4,21,0,440,45,bellevue,,,Nuit sans éclairage public,Hors agglomération,Hors intersection,Normale,Autre collision,,,,,,,,,,,3,1,1,1.0,6.0
201100003256,0011-10-28 19:30:00,11,10,28,19,30,440,194,RUE DE LA CHEZINE,,,Nuit avec éclairage allumé,En agglomération,Hors intersection,Normale,Deux véhicules - frontale,,,,,,,,,,,5,2,1,1.0,1.0
201100003257,0011-02-05 05:00:00,11,2,5,5,0,440,195,,47.372,-1.937,Nuit sans éclairage public,En agglomération,Hors intersection,Normale,Deux véhicules - frontale,,,,,,,,,,,3,2,1,1.0,1.0
201100003258,0011-02-26 16:00:00,11,2,26,16,0,440,89,,47.322,-1.864,Plein jour,Hors agglomération,Hors intersection,Normale,Deux véhicules - frontale,,,,,,,,,,,1,1,1,1.0,1.0
201100003259,0011-04-16 10:45:00,11,4,16,10,45,440,195,la goupillère,47.348,-1.916,Plein jour,Hors agglomération,Hors intersection,Temps éblouissant,Deux véhicules - arrière,,,,,,,,,,,1,1,1,7.0,2.0
201100003260,0011-04-20 18:00:00,11,4,20,18,0,440,25,,47.452,-1.961,Plein jour,Hors agglomération,Hors intersection,Normale,Sans collision,,,,,,,,,,,1,1,1,1.0,7.0
201100003261,0011-05-05 22:15:00,11,5,5,22,15,440,195,le petit moere,47.377,-1.923,Nuit sans éclairage public,Hors agglomération,Hors intersection,Normale,Deux véhicules - frontale,,,,,,,,,,,3,1,1,1.0,1.0
201100003262,0011-05-31 06:45:00,11,5,31,6,45,440,89,le chaillereau,,,Plein jour,En agglomération,Intersection en X,Normale,Deux véhicules - côté,,,,,,,,,,,1,2,2,1.0,3.0
201100003263,0011-09-23 18:30:00,11,9,23,18,30,440,89,le goust,47.319,-1.86,Plein jour,Hors agglomération,Hors intersection,Normale,Deux véhicules - arrière,,,,,,,,,,,1,1,1,1.0,2.0
201100003264,0011-10-09 15:45:00,11,10,9,15,45,440,25,,47.448,-1.947,Plein jour,Hors agglomération,Hors intersection,Normale,Deux véhicules - frontale,,,,,,,,,,,1,1,1,1.0,1.0
201100003265,0011-10-20 00:01:00,11,10,20,0,1,440,25,17 all?e des Tilleuls,,,Nuit avec éclairage allumé,En agglomération,Hors intersection,Normale,Autre collision,,,,,,,,,,,5,2,1,1.0,6.0
201100003266,0011-01-14 17:30:00,11,1,14,17,30,490,35,,47.44922,-0.61694,Nuit sans éclairage public,Hors agglomération,Hors intersection,Pluie forte,Trois véhicules et plus - collisions multiples,,,,,,,,,,,3,1,1,3.0,5.0
201100003267,0011-02-08 11:00:00,11,2,8,11,0,490,278,,47.41977,-0.5856,Plein jour,Hors agglomération,Hors intersection,Temps couvert,Deux véhicules - frontale,,,,,,,,,,,1,1,1,8.0,1.0
201100003268,0011-04-16 18:30:00,11,4,16,18,30,490,278,,47.42236,-0.60723,Plein jour,Hors agglomération,Hors intersection,Normale,Sans collision,,,,,,,,,,,1,1,1,1.0,7.0
201100003269,0011-06-15 17:45:00,11,6,15,17,45,490,20,carrefour des 5 routes,47.4843,-0.64323,Plein jour,Hors agglomération,Intersection en X,Normale,Deux véhicules - côté,,,,,,,,,,,1,1,2,1.0,3.0
201100003270,0011-07-06 23:00:00,11,7,6,23,0,490,200,ZA de la Chevallerie,47.55566,-0.6621,Nuit avec éclairage non allumé,Hors agglomération,Hors intersection,Normale,Deux véhicules - frontale,,,,,,,,,,,4,1,1,1.0,1.0
201100003271,0011-09-23 08:00:00,11,9,23,8,0,490,278,,47.41885,-0.59028,Plein jour,Hors agglomération,Hors intersection,Normale,Deux véhicules - arrière,,,,,,,,,,,1,1,1,1.0,2.0
201100003272,0011-09-25 11:45:00,11,9,25,11,45,490,196,,47.52512,-0.63486,Plein jour,Hors agglomération,Hors intersection,Normale,Autre collision,,,,,,,,,,,1,1,1,1.0,6.0
201100003273,0011-11-06 09:45:00,11,11,6,9,45,490,20,,47.46675,-0.62816,Plein jour,Hors agglomération,Hors intersection,Normale,Autre collision,,,,,,,,,,,1,1,1,1.0,6.0
201100003274,0011-12-05 18:00:00,11,12,5,18,0,490,20,rue du Grand Perigne,47.47375,-0.61364,Nuit avec éclairage non allumé,En agglomération,Intersection en X,Normale,Deux véhicules - frontale,,,,,,,,,,,4,2,2,1.0,1.0
201100003275,0011-12-09 09:30:00,11,12,9,9,30,490,278,La thomasserie,47.41898,-0.60361,Plein jour,Hors agglomération,Hors intersection,Normale,Deux véhicules - frontale,,,,,,,,,,,1,1,1,1.0,1.0
201100003276,0011-12-29 08:30:00,11,12,29,8,30,490,196,,47.5243,-0.67917,Plein jour,Hors agglomération,Hors intersection,Autre,Trois véhicules et plus - collisions multiples,,,,,,,,,,,1,1,1,9.0,5.0
201100003277,0011-12-29 21:15:00,11,12,29,21,15,490,20,,47.47051,-0.61419,Nuit avec éclairage allumé,Hors agglomération,Autre intersection,Normale,Deux véhicules - arrière,,,,,,,,,,,5,1,9,1.0,2.0
201100003278,0011-01-27 18:15:00,11,1,27,18,15,490,194,,47.46745,-0.30197,Nuit sans éclairage public,Hors agglomération,Hors intersection,Normale,Autre collision,,,,,,,,,,,3,1,1,1.0,6.0
201100003279,0011-04-30 19:45:00,11,4,30,19,45,490,49,,47.451,-0.16141,Plein jour,Hors agglomération,Intersection en X,Normale,Deux véhicules - côté,,,,,,,,,,,1,1,2,1.0,3.0
201100003280,0011-07-06 17:15:00,11,7,6,17,15,490,138,,47.49208,-0.17159,Plein jour,Hors agglomération,Hors intersection,Normale,Autre collision,,,,,,,,,,,1,1,1,1.0,6.0
201100003281,0011-07-07 18:30:00,11,7,7,18,30,490,147,Le bois fou,47.45731,-0.24435,Plein jour,Hors agglomération,Intersection en X,Normale,Deux véhicules - côté,,,,,,,,,,,1,1,2,1.0,3.0
201100003282,0011-08-11 04:30:00,11,8,11,4,30,490,194,,47.44623,-0.2853,Nuit sans éclairage public,Hors agglomération,Hors intersection,Normale,Autre collision,,,,,,,,,,,3,1,1,1.0,6.0
201100003283,0011-12-27 04:30:00,11,12,27,4,30,490,106,Pont de l'Authion,47.46284,-0.35248,Nuit sans éclairage public,Hors agglomération,Autre intersection,Brouillard / fumée,Autre collision,,,,,,,,,,,3,1,9,5.0,6.0
201100003284,0011-01-11 08:00:00,11,1,11,8,0,490,78,,47.32902,-0.41451,Crépuscule ou aube,Hors agglomération,Hors intersection,Pluie légère,Sans collision,,,,,,,,,,,2,1,1,2.0,7.0
201100003285,0011-01-27 11:00:00,11,1,27,11,0,490,71,,47.26339,-0.6432,Plein jour,Hors agglomération,Hors intersection,Normale,Sans collision,,,,,,,,,,,1,1,1,1.0,7.0
201100003286,0011-03-27 07:15:00,11,3,27,7,15,490,222,,47.37731,-0.55345,Crépuscule ou aube,Hors agglomération,Hors intersection,Pluie légère,Deux véhicules - arrière,,,,,,,,,,,2,1,1,2.0,2.0
201100003287,0011-04-07 18:30:00,11,4,7,18,30,490,153,Les Justices,47.23403,-0.59451,Plein jour,Hors agglomération,Hors intersection,Normale,Deux véhicules - côté,,,,,,,,,,,1,1,1,1.0,3.0
201100003288,0011-05-01 03:30:00,11,5,1,3,30,490,1,,47.30868,-0.42657,Nuit sans éclairage public,Hors agglomération,Hors intersection,Normale,Autre collision,,,,,,,,,,,3,1,1,1.0,6.0
201100003289,0011-05-12 07:00:00,11,5,12,7,0,490,222,,47.36759,-0.56613,Plein jour,Hors agglomération,Hors intersection,Normale,Deux véhicules - côté,,,,,,,,,,,1,1,1,1.0,3.0
201100003290,0011-06-12 07:00:00,11,6,12,7,0,490,317,Le bourg Dion,47.38482,-0.33915,Plein jour,Hors agglomération,Hors intersection,Normale,Sans collision,,,,,,,,,,,1,1,1,1.0,7.0
201100003291,0011-07-07 18:00:00,11,7,7,18,0,490,167,,47.38769,-0.49357,Plein jour,Hors agglomération,Hors intersection,Normale,Deux véhicules - côté,,,,,,,,,,,1,1,1,1.0,3.0
201100003292,0011-07-15 18:00:00,11,7,15,18,0,490,345,Les Chasnieres,47.27306,-0.52246,Plein jour,Hors agglomération,Intersection en T,Normale,Deux véhicules - côté,,,,,,,,,,,1,1,3,1.0,3.0
201100003293,0011-08-15 21:00:00,11,8,15,21,0,490,222,,47.33791,-0.58548,Crépuscule ou aube,Hors agglomération,Hors intersection,Normale,Sans collision,,,,,,,,,,,2,1,1,1.0,7.0
201100003294,0011-08-23 14:30:00,11,8,23,14,30,490,134,Rue de la cote des noels,47.2925,-0.52031,Plein jour,En agglomération,Intersection en X,Normale,Deux véhicules - côté,,,,,,,,,,,1,2,2,1.0,3.0
201100003295,0011-10-02 12:15:00,11,10,2,12,15,490,363,La briqueterie,47.35271,-0.45324,Plein jour,Hors agglomération,Giratoire,Normale,Sans collision,,,,,,,,,,,1,1,6,1.0,7.0
201100003296,0011-10-06 22:30:00,11,10,6,22,30,490,50,,47.32501,-0.41565,Nuit sans éclairage public,Hors agglomération,Hors intersection,Normale,Sans collision,,,,,,,,,,,3,1,1,1.0,7.0
201100003297,0011-12-07 10:45:00,11,12,7,10,45,490,308,,47.39085,-0.51384,Plein jour,Hors agglomération,Hors intersection,Normale,Autre collision,,,,,,,,,,,1,1,1,1.0,6.0
201100003298,0011-12-09 18:00:00,11,12,9,18,0,490,167,,47.38776,-0.49372,Nuit sans éclairage public,Hors agglomération,Hors intersection,Pluie forte,Deux véhicules - côté,,,,,,,,,,,3,1,1,3.0,3.0
201100003299,0011-12-23 22:15:00,11,12,23,22,15,490,134,46 rue des combattants,47.29657,-0.51619,Nuit sans éclairage public,En agglomération,Hors intersection,Normale,Autre collision,,,,,,,,,,,3,2,1,1.0,6.0
201100003300,0011-12-29 09:15:00,11,12,29,9,15,490,22,,47.31865,-0.60847,Plein jour,Hors agglomération,Hors intersection,Normale,Autre collision,,,,,,,,,,,1,1,1,1.0,6.0
201100003301,0011-06-11 17:15:00,11,6,11,17,15,490,20,,47.47026,-0.61471,Plein jour,Hors agglomération,Hors intersection,Normale,Sans collision,,,,,,,,,,,1,1,1,1.0,7.0
201100003302,0011-01-20 05:15:00,11,1,20,5,15,490,323,,47.49975,-0.50175,Nuit sans éclairage public,Hors agglomération,Hors intersection,Normale,Deux véhicules - arrière,,,,,,,,,,,3,1,1,1.0,2.0
201100003303,0011-01-31 07:45:00,11,1,31,7,45,490,377,,47.54838,-0.48903,Crépuscule ou aube,Hors agglomération,Hors intersection,Temps couvert,Trois véhicules et plus - en chaîne,,,,,,,,,,,2,1,1,8.0,4.0
201100003304,0011-02-04 17:00:00,11,2,4,17,0,490,32,,47.4324,-0.40048,Plein jour,Hors agglomération,Hors intersection,Normale,Autre collision,,,,,,,,,,,1,1,1,1.0,6.0
201100003305,0011-02-18 07:45:00,11,2,18,7,45,490,377,,47.54298,-0.43507,Crépuscule ou aube,Hors agglomération,Hors intersection,Brouillard / fumée,Deux véhicules - frontale,,,,,,,,,,,2,1,1,5.0,1.0
201100003306,0011-02-18 08:45:00,11,2,18,8,45,490,307,Intersection D55 / D952,47.40864,-0.31829,Plein jour,En agglomération,Giratoire,Brouillard / fumée,Autre collision,,,,,,,,,,,1,2,6,5.0,6.0
201100003307,0011-03-18 05:15:00,11,3,18,5,15,490,129,Bd de l'industrie,47.50182,-0.51756,Nuit avec éclairage allumé,Hors agglomération,Hors intersection,Normale,Deux véhicules - côté,,,,,,,,,,,5,1,1,1.0,3.0
201100003308,0011-04-01 20:15:00,11,4,1,20,15,490,32,,47.41771,-0.36981,Plein jour,Hors agglomération,Autre intersection,Normale,Deux véhicules - côté,,,,,,,,,,,1,1,9,1.0,3.0
201100003309,0011-05-12 16:00:00,11,5,12,16,0,490,4,La croix blanche,47.47204,-0.36668,Plein jour,Hors agglomération,Autre intersection,Temps éblouissant,Deux véhicules - côté,,,,,,,,,,,1,1,9,7.0,3.0
201100003310,0011-05-17 08:30:00,11,5,17,8,30,490,129,Bd de eperviere,47.50727,-0.51009,Plein jour,Hors agglomération,Hors intersection,Normale,Deux véhicules - arrière,,,,,,,,,,,1,1,1,1.0,2.0
201100003311,0011-05-19 08:30:00,11,5,19,8,30,490,377,,47.55782,-0.50056,Plein jour,Hors agglomération,Hors intersection,Normale,Deux véhicules - arrière,,,,,,,,,,,1,1,1,1.0,2.0
201100003312,0011-05-26 08:15:00,11,5,26,8,15,490,377,Montpoint,47.55681,-0.44322,Plein jour,Hors agglomération,Hors intersection,Normale,Autre collision,,,,,,,,,,,1,1,1,1.0,6.0
201100003313,0011-06-12 10:30:00,11,6,12,10,30,490,241,Villeneuve,47.50873,-0.4359,Plein jour,Hors agglomération,Hors intersection,Pluie légère,Deux véhicules - côté,,,,,,,,,,,1,1,1,2.0,3.0
201100003314,0011-06-20 08:45:00,11,6,20,8,45,490,4,La petite Boulaie,47.4971,-0.40505,Plein jour,En agglomération,Intersection en T,Normale,Deux véhicules - côté,,,,,,,,,,,1,2,3,1.0,3.0
201100003315,0011-06-27 16:00:00,11,6,27,16,0,490,307,La marsaulaie,47.41415,-0.34727,Plein jour,Hors agglomération,Hors intersection,Normale,Deux véhicules - frontale,,,,,,,,,,,1,1,1,1.0,1.0
201100003316,0011-08-25 15:15:00,11,8,25,15,15,490,307,7 rue du pont foulon,47.41781,-0.30684,Plein jour,En agglomération,Hors intersection,Normale,Deux véhicules - frontale,,,,,,,,,,,1,2,1,1.0,1.0
201100003317,0011-08-27 12:00:00,11,8,27,12,0,490,377,,47.52853,-0.42313,Plein jour,Hors agglomération,Autre intersection,Normale,Sans collision,,,,,,,,,,,1,1,9,1.0,7.0
201100003318,0011-09-02 22:45:00,11,9,2,22,45,490,241,,47.51018,-0.43642,Nuit sans éclairage public,Hors agglomération,Hors intersection,Normale,Autre collision,,,,,,,,,,,3,1,1,1.0,6.0
201100003319,0011-09-27 19:30:00,11,9,27,19,30,490,377,rue de Beaumont,47.56041,-0.42426,Crépuscule ou aube,En agglomération,Hors intersection,Normale,Autre collision,,,,,,,,,,,2,2,1,1.0,6.0
201100003320,0011-10-25 04:45:00,11,10,25,4,45,490,323,,47.51565,-0.45775,Nuit sans éclairage public,Hors agglomération,Giratoire,Pluie légère,Autre collision,,,,,,,,,,,3,1,6,2.0,6.0
201100003321,0011-12-10 11:15:00,11,12,10,11,15,490,323,1 rue de la tresorerie,47.52033,-0.47398,Plein jour,En agglomération,Hors intersection,Normale,Deux véhicules - frontale,,,,,,,,,,,1,2,1,1.0,1.0
201100003322,0011-12-14 14:30:00,11,12,14,14,30,490,307,,47.41888,-0.30912,Plein jour,Hors agglomération,Hors intersection,Temps couvert,Deux véhicules - côté,,,,,,,,,,,1,1,1,8.0,3.0
201100003323,0011-12-20 19:00:00,11,12,20,19,0,490,377,Le pont Reugnier,47.5439,-0.43446,Nuit sans éclairage public,Hors agglomération,Intersection en X,Normale,Deux véhicules - côté,,,,,,,,,,,3,1,2,1.0,3.0
201100003324,0011-01-12 14:15:00,11,1,12,14,15,490,283,La Fontaine - CD961,47.40475,-0.74977,Plein jour,En agglomération,Hors intersection,Normale,Deux véhicules - frontale,,,,,,,,,,,1,2,1,1.0,1.0
201100003325,0011-04-02 13:00:00,11,4,2,13,0,490,259,Les loges,47.36442,-0.63252,Plein jour,Hors agglomération,Autre intersection,Normale,Deux véhicules - frontale,,,,,,,,,,,1,1,9,1.0,1.0
201100003326,0011-04-24 12:15:00,11,4,24,12,15,490,63,Les pierres blanches,47.35561,-0.78104,Plein jour,Hors agglomération,Hors intersection,Normale,Deux véhicules - côté,,,,,,,,,,,1,1,1,1.0,3.0
201100003327,0011-04-28 12:15:00,11,4,28,12,15,490,68,Le puit Garnier,47.41435,-0.88355,Plein jour,Hors agglomération,Hors intersection,Normale,Trois véhicules et plus - collisions multiples,,,,,,,,,,,1,1,1,1.0,5.0
201100003328,0011-09-30 02:30:00,11,9,30,2,30,490,244,,47.37167,-0.85877,Nuit sans éclairage public,Hors agglomération,Hors intersection,Normale,Autre collision,,,,,,,,,,,3,1,1,1.0,6.0
201100003329,0011-10-25 13:35:00,11,10,25,13,35,490,160,Tournebride,47.41395,-0.91504,Plein jour,Hors agglomération,Hors intersection,Normale,Deux véhicules - côté,,,,,,,,,,,1,1,1,1.0,3.0
201100003330,0011-11-03 07:15:00,11,11,3,7,15,490,68,,47.41459,-0.88664,Nuit sans éclairage public,Hors agglomération,Hors intersection,Normale,Deux véhicules - arrière,,,,,,,,,,,3,1,1,1.0,2.0
201100003331,0011-11-02 18:15:00,11,11,2,18,15,490,68,La Basse Parque,47.40271,-0.85366,Nuit sans éclairage public,Hors agglomération,Intersection en X,Normale,Deux véhicules - côté,,,,,,,,,,,3,1,2,1.0,3.0
201100003332,0011-11-13 21:00:00,11,11,13,21,0,490,244,,47.35772,-0.86057,Nuit avec éclairage allumé,En agglomération,Hors intersection,Normale,Autre collision,,,,,,,,,,,5,2,1,1.0,6.0
201100003333,0011-04-07 17:15:00,11,4,7,17,15,490,163,,47.56091,-0.26141,Plein jour,Hors agglomération,Hors intersection,Normale,Trois véhicules et plus - en chaîne,,,,,,,,,,,1,1,1,1.0,4.0
201100003334,0011-06-04 01:45:00,11,6,4,1,45,490,209,,47.6202,-0.1977,Nuit sans éclairage public,Hors agglomération,Hors intersection,Normale,Autre collision,,,,,,,,,,,3,1,1,1.0,6.0
201100003335,0011-07-24 00:40:00,11,7,24,0,40,490,127,Rue st pierre,47.67125,-0.24437,Nuit avec éclairage non allumé,En agglomération,Hors intersection,Normale,Autre collision,,,,,,,,,,,4,2,1,1.0,6.0
201100003336,0011-08-04 15:15:00,11,8,4,15,15,490,107,,47.48256,-0.30726,Plein jour,Hors agglomération,Hors intersection,Normale,Deux véhicules - côté,,,,,,,,,,,1,1,1,1.0,3.0
201100003337,0011-11-01 10:45:00,11,11,1,10,45,490,334,PLACE DU MAIL,47.52519,-0.21321,Crépuscule ou aube,En agglomération,Hors intersection,Pluie légère,Autre collision,,,,,,,,,,,2,2,1,2.0,6.0
201100003338,0011-11-24 07:30:00,11,11,24,7,30,490,110,l'Aurore,47.56815,-0.36149,Nuit avec éclairage allumé,En agglomération,Intersection en T,Brouillard / fumée,Deux véhicules - frontale,,,,,,,,,,,5,2,3,5.0,1.0
201100003339,0011-12-23 19:45:00,11,12,23,19,45,490,110,Bel air,47.56422,-0.36731,Nuit sans éclairage public,Hors agglomération,Hors intersection,Pluie légère,Trois véhicules et plus - collisions multiples,,,,,,,,,,,3,1,1,2.0,5.0
201100003340,0011-01-15 03:45:00,11,1,15,3,45,490,312,,47.15259,-1.02409,Nuit sans éclairage public,Hors agglomération,Hors intersection,Temps couvert,Autre collision,,,,,,,,,,,3,1,1,8.0,6.0
201100003341,0011-02-18 07:45:00,11,2,18,7,45,490,6,,47.16757,-0.95779,Plein jour,Hors agglomération,Hors intersection,Brouillard / fumée,Autre collision,,,,,,,,,,,1,1,1,5.0,6.0
201100003342,0011-06-05 18:15:00,11,6,5,18,15,490,169,,47.28951,-0.73893,Plein jour,Hors agglomération,Hors intersection,Normale,Deux véhicules - frontale,,,,,,,,,,,1,1,1,1.0,1.0
201100003343,0011-06-28 18:45:00,11,6,28,18,45,490,6,,47.16742,-0.97217,Plein jour,Hors agglomération,Hors intersection,Normale,Autre collision,,,,,,,,,,,1,1,1,1.0,6.0
201100003344,0011-07-28 14:00:00,11,7,28,14,0,490,268,le petit cormier,47.28454,-0.80462,Plein jour,Hors agglomération,Autre intersection,Normale,Deux véhicules - côté,,,,,,,,,,,1,1,9,1.0,3.0
201100003345,0011-07-30 14:30:00,11,7,30,14,30,490,243,le moulin moine,47.20178,-0.92468,Plein jour,Hors agglomération,Hors intersection,Normale,Deux véhicules - frontale,,,,,,,,,,,1,1,1,1.0,1.0
201100003346,0011-08-28 08:45:00,11,8,28,8,45,490,23,,47.19108,-0.9793,Plein jour,Hors agglomération,Hors intersection,Normale,Deux véhicules - frontale,,,,,,,,,,,1,1,1,1.0,1.0
201100003347,0011-09-03 22:15:00,11,9,3,22,15,490,300,,47.22592,-0.79857,Nuit sans éclairage public,Hors agglomération,Hors intersection,Normale,Sans collision,,,,,,,,,,,3,1,1,1.0,7.0
201100003348,0011-09-15 14:00:00,11,9,15,14,0,490,199,La Haute Lande,47.20044,-0.7217,Plein jour,Hors agglomération,Hors intersection,Normale,Deux véhicules - frontale,,,,,,,,,,,1,1,1,1.0,1.0
201100003349,0011-10-04 00:15:00,11,10,4,0,15,490,375,,47.14108,-1.05363,Nuit sans éclairage public,Hors agglomération,Hors intersection,Normale,Sans collision,,,,,,,,,,,3,1,1,1.0,7.0
201100003350,0011-10-15 16:30:00,11,10,15,16,30,490,23,Avenue de l'Europe,47.20392,-0.99721,Plein jour,En agglomération,Hors intersection,Normale,Deux véhicules - côté,,,,,,,,,,,1,2,1,1.0,3.0
201100003351,0011-10-07 08:15:00,11,10,7,8,15,490,281,16 rue du centre,47.15241,-0.73703,Plein jour,En agglomération,Hors intersection,Normale,Autre collision,,,,,,,,,,,1,2,1,1.0,6.0
201100003352,0011-12-28 20:15:00,11,12,28,20,15,490,199,Le bout du monde,47.17331,-0.7081,Nuit sans éclairage public,Hors agglomération,Intersection en T,Temps couvert,Deux véhicules - côté,,,,,,,,,,,3,1,3,8.0,3.0
201100003353,0011-01-17 07:45:00,11,1,17,7,45,490,371,,47.11242,-0.7343,Nuit sans éclairage public,Hors agglomération,Hors intersection,Normale,Trois véhicules et plus - collisions multiples,,,,,,,,,,,3,1,1,1.0,5.0
201100003354,0011-01-19 08:00:00,11,1,19,8,0,490,195,,47.04152,-0.82152,Nuit sans éclairage public,Hors agglomération,Intersection en X,Normale,Deux véhicules - côté,,,,,,,,,,,3,1,2,1.0,3.0
201100003355,0011-01-22 11:30:00,11,1,22,11,30,490,350,,47.04301,-1.074,Plein jour,Hors agglomération,Hors intersection,Normale,Deux véhicules - frontale,,,,,,,,,,,1,1,1,1.0,1.0
201100003356,0011-02-07 20:15:00,11,2,7,20,15,490,350,,47.03989,-1.07912,Nuit sans éclairage public,Hors agglomération,Hors intersection,Normale,Trois véhicules et plus - collisions multiples,,,,,,,,,,,3,1,1,1.0,5.0
201100003357,0011-04-03 01:00:00,11,4,3,1,0,490,350,,47.04093,-1.11265,Nuit sans éclairage public,Hors agglomération,Hors intersection,Normale,Autre collision,,,,,,,,,,,3,1,1,1.0,6.0
201100003358,0011-04-08 23:30:00,11,4,8,23,30,490,355,,47.12168,-0.79881,Nuit avec éclairage non allumé,Hors agglomération,Hors intersection,Normale,Autre collision,,,,,,,,,,,4,1,1,1.0,6.0
201100003359,0011-04-25 19:30:00,11,4,25,19,30,490,332,,47.0734,-0.94746,Plein jour,Hors agglomération,Hors intersection,Normale,Autre collision,,,,,,,,,,,1,1,1,1.0,6.0
201100003360,0011-05-07 01:15:00,11,5,7,1,15,490,285,La perriniere,47.12512,-1.09134,Nuit sans éclairage public,Hors agglomération,Hors intersection,Normale,Sans collision,,,,,,,,,,,3,1,1,1.0,7.0
201100003361,0011-05-31 07:45:00,11,5,31,7,45,490,193,Boulevard de la coquerie,47.1331,-0.88883,Plein jour,En agglomération,Intersection en X,Normale,Deux véhicules - côté,,,,,,,,,,,1,2,2,1.0,3.0
201100003362,0011-06-15 10:15:00,11,6,15,10,15,490,58,Les poizats,47.00733,-0.67915,Plein jour,Hors agglomération,Hors intersection,Normale,Autre collision,,,,,,,,,,,1,1,1,1.0,6.0
201100003363,0011-06-15 08:00:00,11,6,15,8,0,490,192,,47.01532,-0.74425,Plein jour,Hors agglomération,Hors intersection,Normale,Deux véhicules - côté,,,,,,,,,,,1,1,1,1.0,3.0
201100003364,0011-06-25 18:30:00,11,6,25,18,30,490,273,,47.11963,-1.21219,Plein jour,Hors agglomération,Hors intersection,Normale,Sans collision,,,,,,,,,,,1,1,1,1.0,7.0
201100003365,0011-06-27 09:15:00,11,6,27,9,15,490,343,,47.00173,-0.81786,Plein jour,Hors agglomération,Hors intersection,Normale,Deux véhicules - frontale,,,,,,,,,,,1,1,1,1.0,1.0
201100003366,0011-06-25 18:30:00,11,6,25,18,30,490,192,,47.01533,-0.74426,Plein jour,Hors agglomération,Hors intersection,Normale,Deux véhicules - côté,,,,,,,,,,,1,1,1,1.0,3.0
201100003367,0011-09-22 15:30:00,11,9,22,15,30,490,285,,47.10995,-1.12308,Plein jour,Hors agglomération,Hors intersection,Normale,Deux véhicules - frontale,,,,,,,,,,,1,1,1,1.0,1.0