accident_id,datetime,annee,mois,jour,heure,minute,departement,commune_insee,adresse,latitude,longitude,luminosite,agglomeration,intersection,meteo,collision,nb_vehicules,nb_usagers,nb_indemnes,nb_tues,nb_blesses_hosp,nb_blesses_legers,age_cond_1,age_cond_2,veh_type_cond_1,veh_type_cond_2,lum_code,agg_code,int_code,atm_code,col_code
201100003619,0011-02-27 23:45:00,11,2,27,23,45,720,87,rue poitevin,47.948,0.746,Nuit avec éclairage allumé,En agglomération,Hors intersection,Normale,Deux véhicules - arrière,,,,,,,,,,,5,2,1,1.0,2.0
201100003620,0011-03-10 11:00:00,11,3,10,11,0,720,204,,47.966,0.692,Plein jour,Hors agglomération,Hors intersection,Temps éblouissant,Deux véhicules - frontale,,,,,,,,,,,1,1,1,7.0,1.0
201100003621,0011-03-16 04:30:00,11,3,16,4,30,720,42,RD 357,47.976,0.558,Nuit sans éclairage public,En agglomération,Hors intersection,Normale,Autre collision,,,,,,,,,,,3,2,1,1.0,6.0
201100003622,0011-07-13 18:45:00,11,7,13,18,45,720,42,AVENUE DE LA GARE,47.98,0.561,Plein jour,En agglomération,Hors intersection,Normale,Deux véhicules - frontale,,,,,,,,,,,1,2,1,1.0,1.0
201100003623,0011-10-15 20:45:00,11,10,15,20,45,720,204,,47.939,0.7,Nuit sans éclairage public,Hors agglomération,Hors intersection,Normale,Deux véhicules - frontale,,,,,,,,,,,3,1,1,1.0,1.0
201100003624,0011-12-10 09:45:00,11,12,10,9,45,720,32,,47.996,0.764,Plein jour,Hors agglomération,Hors intersection,Brouillard / fumée,Deux véhicules - frontale,,,,,,,,,,,1,1,1,5.0,1.0
201100003625,0011-12-22 11:30:00,11,12,22,11,30,720,35,Les Sablonni?res,,,Plein jour,En agglomération,Hors intersection,Normale,Autre collision,,,,,,,,,,,1,2,1,1.0,6.0
201100003626,0011-01-09 16:00:00,11,1,9,16,0,720,54,,,,Plein jour,Hors agglomération,Intersection en X,Normale,Deux véhicules - côté,,,,,,,,,,,1,1,2,1.0,3.0
201100003627,0011-03-25 11:00:00,11,3,25,11,0,720,386,,,,Plein jour,Hors agglomération,Intersection en X,Normale,Deux véhicules - frontale,,,,,,,,,,,1,1,2,1.0,1.0
201100003628,0011-06-03 20:00:00,11,6,3,20,0,720,241,,48.07,0.387,Plein jour,Hors agglomération,Intersection en X,Normale,Deux véhicules - côté,,,,,,,,,,,1,1,2,1.0,3.0
201100003629,0011-07-01 22:00:00,11,7,1,22,0,720,300,,48.056,0.359,Crépuscule ou aube,Hors agglomération,Hors intersection,Normale,Deux véhicules - frontale,,,,,,,,,,,2,1,1,1.0,1.0
201100003630,0011-07-16 15:15:00,11,7,16,15,15,720,241,,,,Plein jour,Hors agglomération,Intersection en T,Normale,Deux véhicules - côté,,,,,,,,,,,1,1,3,1.0,3.0
201100003631,0011-07-19 04:45:00,11,7,19,4,45,720,54,,48.027,0.354,Nuit sans éclairage public,Hors agglomération,Hors intersection,Pluie forte,Deux véhicules - côté,,,,,,,,,,,3,1,1,3.0,3.0
201100003632,0011-10-17 08:00:00,11,10,17,8,0,720,300,,48.006,0.412,Crépuscule ou aube,Hors agglomération,Hors intersection,Brouillard / fumée,Deux véhicules - frontale,,,,,,,,,,,2,1,1,5.0,1.0
201100003633,0011-10-16 00:30:00,11,10,16,0,30,720,224,,,,Nuit sans éclairage public,En agglomération,Hors intersection,Normale,Deux véhicules - côté,,,,,,,,,,,3,2,1,1.0,3.0
201100003634,0011-12-31 11:45:00,11,12,31,11,45,720,386,,,,Plein jour,Hors agglomération,Hors intersection,Pluie légère,Deux véhicules - frontale,,,,,,,,,,,1,1,1,2.0,1.0
201100003635,0011-03-13 15:30:00,11,3,13,15,30,720,301,,,,Plein jour,Hors agglomération,Hors intersection,Normale,Sans collision,,,,,,,,,,,1,1,1,1.0,7.0
201100003636,0011-04-02 19:45:00,11,4,2,19,45,720,217,,48.098,0.208,Plein jour,Hors agglomération,Hors intersection,Normale,Deux véhicules - côté,,,,,,,,,,,1,1,1,1.0,3.0
201100003637,0011-05-12 12:45:00,11,5,12,12,45,720,329,,48.088,0.317,Plein jour,Hors agglomération,Giratoire,Normale,Deux véhicules - côté,,,,,,,,,,,1,1,6,1.0,3.0
201100003638,0011-06-25 09:15:00,11,6,25,9,15,720,329,,48.074,0.288,Plein jour,Hors agglomération,Hors intersection,Normale,Sans collision,,,,,,,,,,,1,1,1,1.0,7.0
201100003639,0011-06-27 03:30:00,11,6,27,3,30,720,310,Rue des Caill?res,,,Nuit avec éclairage non allumé,En agglomération,Hors intersection,Normale,Autre collision,,,,,,,,,,,4,2,1,1.0,6.0
201100003640,0011-06-24 18:30:00,11,6,24,18,30,720,329,rue Marchande,48.083,0.298,Plein jour,En agglomération,Hors intersection,Normale,Autre collision,,,,,,,,,,,1,2,1,1.0,6.0
201100003641,0011-07-02 18:30:00,11,7,2,18,30,720,310,,48.041,0.19,Plein jour,En agglomération,Hors intersection,Normale,Deux véhicules - arrière,,,,,,,,,,,1,2,1,1.0,2.0
201100003642,0011-08-16 04:30:00,11,8,16,4,30,720,310,,48.054,0.203,Nuit sans éclairage public,Hors agglomération,Hors intersection,Normale,Autre collision,,,,,,,,,,,3,1,1,1.0,6.0
201100003643,0011-09-17 08:45:00,11,9,17,8,45,720,289,PLACE DE L EGLISE,,,Plein jour,En agglomération,Hors intersection,Normale,Deux véhicules - côté,,,,,,,,,,,1,2,1,1.0,3.0
201100003644,0011-10-16 18:15:00,11,10,16,18,15,720,205,,48.155,0.185,Plein jour,Hors agglomération,Hors intersection,Normale,Deux véhicules - arrière,,,,,,,,,,,1,1,1,1.0,2.0
201100003645,0011-10-15 10:15:00,11,10,15,10,15,720,150,,48.101,0.241,Plein jour,Hors agglomération,Hors intersection,Normale,Deux véhicules - côté,,,,,,,,,,,1,1,1,1.0,3.0
201100003646,0011-10-24 20:30:00,11,10,24,20,30,720,335,,48.106,0.323,Nuit sans éclairage public,Hors agglomération,Hors intersection,Pluie forte,Deux véhicules - frontale,,,,,,,,,,,3,1,1,3.0,1.0
201100003647,0011-10-25 14:15:00,11,10,25,14,15,720,217,,48.08,0.178,Plein jour,Hors agglomération,Intersection en T,Normale,Deux véhicules - côté,,,,,,,,,,,1,1,3,1.0,3.0
201100003648,0011-11-24 11:00:00,11,11,24,11,0,720,147,,,,Plein jour,Hors agglomération,Hors intersection,Brouillard / fumée,Deux véhicules - côté,,,,,,,,,,,1,1,1,5.0,3.0
201100003649,0011-12-20 18:00:00,11,12,20,18,0,720,289,33 rue du 11 novembre,48.149,0.163,Nuit avec éclairage allumé,En agglomération,Hors intersection,Normale,Autre collision,,,,,,,,,,,5,2,1,1.0,6.0
201100003650,0011-01-04 06:15:00,11,1,4,6,15,720,149,,,,Nuit sans éclairage public,Hors agglomération,Hors intersection,Normale,Deux véhicules - côté,,,,,,,,,,,3,1,1,1.0,3.0
201100003651,0011-01-28 16:45:00,11,1,28,16,45,720,344,,47.943,0.162,Plein jour,Hors agglomération,Autre intersection,Normale,Sans collision,,,,,,,,,,,1,1,9,1.0,7.0
201100003652,0011-02-21 19:00:00,11,2,21,19,0,720,45,,48.023,-0.037,Nuit sans éclairage public,Hors agglomération,Hors intersection,Pluie forte,Deux véhicules - frontale,,,,,,,,,,,3,1,1,3.0,1.0
201100003653,0011-03-19 15:15:00,11,3,19,15,15,720,360,,,,Plein jour,Hors agglomération,Hors intersection,Normale,Sans collision,,,,,,,,,,,1,1,1,1.0,7.0
201100003654,0011-04-06 17:00:00,11,4,6,17,0,720,253,,,,Plein jour,Hors agglomération,Hors intersection,Temps éblouissant,Trois véhicules et plus - en chaîne,,,,,,,,,,,1,1,1,7.0,4.0
201100003655,0011-04-13 07:45:00,11,4,13,7,45,720,346,,47.885,0.031,Plein jour,Hors agglomération,Intersection en X,Normale,Deux véhicules - côté,,,,,,,,,,,1,1,2,1.0,3.0
201100003656,0011-04-16 10:15:00,11,4,16,10,15,720,247,,47.981,0.111,Plein jour,Hors agglomération,Intersection en X,Normale,Deux véhicules - côté,,,,,,,,,,,1,1,2,1.0,3.0
201100003657,0011-05-07 02:30:00,11,5,7,2,30,720,339,,,,Nuit sans éclairage public,Hors agglomération,Hors intersection,Normale,Autre collision,,,,,,,,,,,3,1,1,1.0,6.0
201100003658,0011-05-12 16:30:00,11,5,12,16,30,720,346,,47.887,0.035,Plein jour,Hors agglomération,Hors intersection,Normale,Sans collision,,,,,,,,,,,1,1,1,1.0,7.0
201100003659,0011-05-18 19:30:00,11,5,18,19,30,720,146,,47.892,0.143,Plein jour,Hors agglomération,Hors intersection,Normale,Deux véhicules - côté,,,,,,,,,,,1,1,1,1.0,3.0
201100003660,0011-05-27 18:00:00,11,5,27,18,0,720,381,,47.924,0.083,Plein jour,Hors agglomération,Hors intersection,Normale,Trois véhicules et plus - collisions multiples,,,,,,,,,,,1,1,1,1.0,5.0
201100003661,0011-05-31 04:45:00,11,5,31,4,45,720,253,"2, route du MANS",47.904,0.054,Nuit avec éclairage allumé,En agglomération,Hors intersection,Normale,Deux véhicules - côté,,,,,,,,,,,5,2,1,1.0,3.0
201100003662,0011-05-28 14:45:00,11,5,28,14,45,720,346,,48.041,0.112,Plein jour,Hors agglomération,Hors intersection,Normale,Deux véhicules - côté,,,,,,,,,,,1,1,1,1.0,3.0
201100003663,0011-06-01 18:30:00,11,6,1,18,30,720,346,,47.881,0.02,Plein jour,Hors agglomération,Hors intersection,Normale,Deux véhicules - côté,,,,,,,,,,,1,1,1,1.0,3.0
201100003664,0011-06-30 18:45:00,11,6,30,18,45,720,257,,,,Plein jour,Hors agglomération,Hors intersection,Normale,Deux véhicules - frontale,,,,,,,,,,,1,1,1,1.0,1.0
201100003665,0011-07-04 15:00:00,11,7,4,15,0,720,230,,47.844,0.153,Plein jour,Hors agglomération,Hors intersection,Normale,Autre collision,,,,,,,,,,,1,1,1,1.0,6.0
201100003666,0011-07-09 15:45:00,11,7,9,15,45,720,74,,48.081,-0.2,Plein jour,Hors agglomération,Hors intersection,Normale,Autre collision,,,,,,,,,,,1,1,1,1.0,6.0
201100003667,0011-07-12 16:30:00,11,7,12,16,30,720,149,,48.025,-0.158,Plein jour,Hors agglomération,Hors intersection,Temps couvert,Sans collision,,,,,,,,,,,1,1,1,8.0,7.0
201100003668,0011-07-25 18:15:00,11,7,25,18,15,720,339,,,,Plein jour,Hors agglomération,Hors intersection,Normale,Deux véhicules - frontale,,,,,,,,,,,1,1,1,1.0,1.0
201100003669,0011-07-28 18:30:00,11,7,28,18,30,720,381,,47.934,0.096,Plein jour,Hors agglomération,Hors intersection,Normale,Autre collision,,,,,,,,,,,1,1,1,1.0,6.0
201100003670,0011-08-08 21:00:00,11,8,8,21,0,720,146,rue du Vieux pont,47.884,0.131,Plein jour,En agglomération,Hors intersection,Normale,Sans collision,,,,,,,,,,,1,2,1,1.0,7.0
201100003671,0011-08-23 09:45:00,11,8,23,9,45,720,249,,48.06,0.05,Plein jour,Hors agglomération,Hors intersection,Pluie forte,Autre collision,,,,,,,,,,,1,1,1,3.0,6.0
201100003672,0011-09-05 15:15:00,11,9,5,15,15,720,360,,,,Plein jour,Hors agglomération,Giratoire,Normale,Autre collision,,,,,,,,,,,1,1,6,1.0,6.0
201100003673,0011-09-24 16:00:00,11,9,24,16,0,720,346,,47.885,0.031,Plein jour,Hors agglomération,Intersection en X,Normale,Trois véhicules et plus - collisions multiples,,,,,,,,,,,1,1,2,1.0,5.0
201100003674,0011-10-07 13:45:00,11,10,7,13,45,720,74,,48.057,-0.194,Plein jour,Hors agglomération,Hors intersection,Pluie légère,Autre collision,,,,,,,,,,,1,1,1,2.0,6.0
201100003675,0011-10-16 10:15:00,11,10,16,10,15,720,381,,,,Plein jour,Hors agglomération,Hors intersection,Normale,Autre collision,,,,,,,,,,,1,1,1,1.0,6.0
201100003676,0011-11-02 12:15:00,11,11,2,12,15,720,247,,47.999,0.096,Plein jour,Hors agglomération,Hors intersection,Normale,Deux véhicules - frontale,,,,,,,,,,,1,1,1,1.0,1.0
201100003677,0011-11-05 18:45:00,11,11,5,18,45,720,253,Route de Fill?,,,Nuit avec éclairage allumé,En agglomération,Hors intersection,Normale,Deux véhicules - côté,,,,,,,,,,,5,2,1,1.0,3.0
201100003678,0011-11-07 17:35:00,11,11,7,17,35,720,381,,47.932,0.103,Nuit sans éclairage public,Hors agglomération,Hors intersection,Normale,Deux véhicules - arrière,,,,,,,,,,,3,1,1,1.0,2.0
201100003679,0011-12-02 18:15:00,11,12,2,18,15,720,344,,,,Nuit sans éclairage public,Hors agglomération,Hors intersection,Normale,Deux véhicules - côté,,,,,,,,,,,3,1,1,1.0,3.0
201100003680,0011-12-05 17:15:00,11,12,5,17,15,720,75,,47.932,-0.028,Nuit sans éclairage public,Hors agglomération,Hors intersection,Normale,Trois véhicules et plus - collisions multiples,,,,,,,,,,,3,1,1,1.0,5.0
201100003681,0011-01-21 09:30:00,11,1,21,9,30,720,154,,47.699,-0.114,Plein jour,Hors agglomération,Hors intersection,Normale,Autre collision,,,,,,,,,,,1,1,1,1.0,6.0
201100003682,0011-05-10 10:00:00,11,5,10,10,0,720,154,Boulevard du Qu?bec,,,Plein jour,En agglomération,Giratoire,Normale,Deux véhicules - côté,,,,,,,,,,,1,2,6,1.0,3.0
201100003683,0011-07-04 19:30:00,11,7,4,19,30,720,154,station service LECLERC,,,Plein jour,En agglomération,Hors intersection,Normale,Deux véhicules - côté,,,,,,,,,,,1,2,1,1.0,3.0
201100003684,0011-07-12 09:00:00,11,7,12,9,0,720,154,Boulevard du Qu?bec,,,Plein jour,En agglomération,Giratoire,Pluie légère,Deux véhicules - frontale,,,,,,,,,,,1,2,6,2.0,1.0
201100003685,0011-08-06 03:15:00,11,8,6,3,15,720,25,Rue du vieux pont,,,Nuit avec éclairage allumé,En agglomération,Hors intersection,Normale,Sans collision,,,,,,,,,,,5,2,1,1.0,7.0
201100003686,0011-10-01 16:00:00,11,10,1,16,0,720,154,,,,Plein jour,Hors agglomération,Hors intersection,Normale,Deux véhicules - côté,,,,,,,,,,,1,1,1,1.0,3.0
201100003687,0011-10-12 17:30:00,11,10,12,17,30,720,154,,,,Plein jour,Hors agglomération,Hors intersection,Normale,Deux véhicules - côté,,,,,,,,,,,1,1,1,1.0,3.0
201100003688,0011-10-15 06:30:00,11,10,15,6,30,720,110,,47.756,-0.162,Crépuscule ou aube,Hors agglomération,Hors intersection,Normale,Autre collision,,,,,,,,,,,2,1,1,1.0,6.0
201100003689,0011-12-04 19:30:00,11,12,4,19,30,720,154,,47.701,-0.088,Nuit avec éclairage allumé,En agglomération,Hors intersection,Pluie légère,Autre collision,,,,,,,,,,,5,2,1,2.0,6.0
201100003690,0011-12-17 17:00:00,11,12,17,17,0,720,154,Rue ravenel,,,Crépuscule ou aube,En agglomération,Hors intersection,Normale,Sans collision,,,,,,,,,,,2,2,1,1.0,7.0
201100003691,0011-03-24 18:15:00,11,3,24,18,15,720,68,Rue des d?port?s,,,Plein jour,En agglomération,Hors intersection,Normale,Deux véhicules - frontale,,,,,,,,,,,1,2,1,1.0,1.0
201100003692,0011-04-04 12:30:00,11,4,4,12,30,720,173,,,,Plein jour,Hors agglomération,Hors intersection,Normale,Deux véhicules - frontale,,,,,,,,,,,1,1,1,1.0,1.0
201100003693,0011-05-01 20:45:00,11,5,1,20,45,720,52,,47.739,0.493,Plein jour,Hors agglomération,Hors intersection,Normale,Autre collision,,,,,,,,,,,1,1,1,1.0,6.0
201100003694,0011-05-09 14:30:00,11,5,9,14,30,720,262,,47.79,0.63,Plein jour,Hors agglomération,Hors intersection,Normale,Sans collision,,,,,,,,,,,1,1,1,1.0,7.0
201100003695,0011-08-22 17:15:00,11,8,22,17,15,720,71,avenue jean jaur?s,47.688,0.417,Plein jour,En agglomération,Intersection en T,Pluie légère,Deux véhicules - côté,,,,,,,,,,,1,2,3,2.0,3.0
201100003696,0011-09-02 08:30:00,11,9,2,8,30,720,173,,47.749,0.404,Plein jour,Hors agglomération,Hors intersection,Brouillard / fumée,Autre collision,,,,,,,,,,,1,1,1,5.0,6.0
201100003697,0011-10-02 18:15:00,11,10,2,18,15,720,27,,47.683,0.605,Plein jour,Hors agglomération,Hors intersection,Normale,Sans collision,,,,,,,,,,,1,1,1,1.0,7.0
201100003698,0011-10-21 19:15:00,11,10,21,19,15,720,262,,47.75,0.603,Crépuscule ou aube,Hors agglomération,Hors intersection,Normale,Trois véhicules et plus - collisions multiples,,,,,,,,,,,2,1,1,1.0,5.0
201100003699,0011-11-19 09:15:00,11,11,19,9,15,720,143,rue de l'hotel de ville,47.872,0.462,Plein jour,En agglomération,Intersection en X,Normale,Deux véhicules - côté,,,,,,,,,,,1,2,2,1.0,3.0
201100003700,0011-12-24 13:30:00,11,12,24,13,30,720,203,,47.691,0.381,Plein jour,Hors agglomération,Hors intersection,Normale,Deux véhicules - côté,,,,,,,,,,,1,1,1,1.0,3.0
201100003701,0011-04-25 16:00:00,11,4,25,16,0,720,293,,47.86,-0.021,Plein jour,Hors agglomération,Hors intersection,Normale,Deux véhicules - frontale,,,,,,,,,,,1,1,1,1.0,1.0
201100003702,0011-05-06 15:30:00,11,5,6,15,30,720,237,,47.927,-0.081,Plein jour,Hors agglomération,Hors intersection,Normale,Autre collision,,,,,,,,,,,1,1,1,1.0,6.0
201100003703,0011-06-24 14:00:00,11,6,24,14,0,720,177,,47.961,-0.055,Plein jour,Hors agglomération,Hors intersection,Normale,Autre collision,,,,,,,,,,,1,1,1,1.0,6.0
201100003704,0011-07-02 17:30:00,11,7,2,17,30,720,44,,47.783,-0.048,Plein jour,Hors agglomération,Hors intersection,Normale,Sans collision,,,,,,,,,,,1,1,1,1.0,7.0
201100003705,0011-07-08 17:30:00,11,7,8,17,30,720,44,,47.776,-0.067,Plein jour,Hors agglomération,Hors intersection,Normale,Autre collision,,,,,,,,,,,1,1,1,1.0,6.0
201100003706,0011-07-09 07:00:00,11,7,9,7,0,720,228,,47.836,-0.194,Plein jour,Hors agglomération,Hors intersection,Normale,Autre collision,,,,,,,,,,,1,1,1,1.0,6.0
201100003707,0011-09-15 19:00:00,11,9,15,19,0,720,184,,47.985,-0.189,Plein jour,Hors agglomération,Hors intersection,Temps éblouissant,Deux véhicules - arrière,,,,,,,,,,,1,1,1,7.0,2.0
201100003708,0011-10-04 18:15:00,11,10,4,18,15,720,100,,47.812,-0.072,Plein jour,Hors agglomération,Hors intersection,Normale,Deux véhicules - frontale,,,,,,,,,,,1,1,1,1.0,1.0
201100003709,0011-10-21 04:45:00,11,10,21,4,45,720,22,,,,Nuit sans éclairage public,Hors agglomération,Intersection en X,Normale,Deux véhicules - côté,,,,,,,,,,,3,1,2,1.0,3.0
201100003710,0011-11-15 09:45:00,11,11,15,9,45,720,59,,47.932,-0.193,Plein jour,Hors agglomération,Intersection en X,Normale,Deux véhicules - côté,,,,,,,,,,,1,1,2,1.0,3.0
201100003711,0011-11-27 18:15:00,11,11,27,18,15,720,9,,,,Nuit sans éclairage public,Hors agglomération,Hors intersection,Normale,Deux véhicules - frontale,,,,,,,,,,,3,1,1,1.0,1.0
201100003712,0011-02-15 10:30:00,11,2,15,10,30,720,191,,,,Plein jour,Hors agglomération,Hors intersection,Pluie légère,Deux véhicules - côté,,,,,,,,,,,1,1,1,2.0,3.0
201100003713,0011-02-28 20:30:00,11,2,28,20,30,720,175,,,,Nuit sans éclairage public,Hors agglomération,Hors intersection,Pluie légère,Autre collision,,,,,,,,,,,3,1,1,2.0,6.0
201100003714,0011-04-03 10:45:00,11,4,3,10,45,720,243,,47.753,0.196,Plein jour,Hors agglomération,Hors intersection,Pluie légère,Deux véhicules - côté,,,,,,,,,,,1,1,1,2.0,3.0
201100003715,0011-04-26 22:00:00,11,4,26,22,0,720,182,,47.749,0.129,Nuit sans éclairage public,Hors agglomération,Hors intersection,Normale,Autre collision,,,,,,,,,,,3,1,1,1.0,6.0
201100003716,0011-05-04 19:30:00,11,5,4,19,30,720,226,rue du stade,,,Plein jour,En agglomération,Hors intersection,Normale,Deux véhicules - côté,,,,,,,,,,,1,2,1,1.0,3.0
201100003717,0011-05-17 17:45:00,11,5,17,17,45,720,51,,,,Plein jour,Hors agglomération,Intersection en X,Normale,Deux véhicules - côté,,,,,,,,,,,1,1,2,1.0,3.0
201100003718,0011-06-02 19:30:00,11,6,2,19,30,720,176,,47.654,0.165,Plein jour,Hors agglomération,Hors intersection,Normale,Deux véhicules - côté,,,,,,,,,,,1,1,1,1.0,3.0
201100003719,0011-06-30 20:30:00,11,6,30,20,30,720,135,,47.795,0.053,Plein jour,Hors agglomération,Hors intersection,Normale,Autre collision,,,,,,,,,,,1,1,1,1.0,6.0
201100003720,0011-07-12 09:30:00,11,7,12,9,30,720,243,,47.725,0.181,Plein jour,Hors agglomération,Hors intersection,Pluie légère,Deux véhicules - frontale,,,,,,,,,,,1,1,1,2.0,1.0
201100003721,0011-07-17 03:00:00,11,7,17,3,0,720,13,,47.667,0.231,Nuit sans éclairage public,Hors agglomération,Hors intersection,Pluie forte,Autre collision,,,,,,,,,,,3,1,1,3.0,6.0
201100003722,0011-07-29 17:15:00,11,7,29,17,15,720,357,,47.695,0.044,Plein jour,Hors agglomération,Intersection en X,Normale,Deux véhicules - côté,,,,,,,,,,,1,1,2,1.0,3.0
201100003723,0011-07-31 12:45:00,11,7,31,12,45,720,364,,47.686,0.296,Plein jour,Hors agglomération,Hors intersection,Normale,Autre collision,,,,,,,,,,,1,1,1,1.0,6.0
201100003724,0011-08-22 20:45:00,11,8,22,20,45,720,98,,47.695,0.198,Crépuscule ou aube,Hors agglomération,Hors intersection,Normale,Autre collision,,,,,,,,,,,2,1,1,1.0,6.0
201100003725,0011-08-25 09:45:00,11,8,25,9,45,720,51,81 rue nationale,47.832,0.077,Plein jour,En agglomération,Hors intersection,Normale,Autre collision,,,,,,,,,,,1,2,1,1.0,6.0
201100003726,0011-09-24 07:30:00,11,9,24,7,30,720,51,,,,Crépuscule ou aube,Hors agglomération,Hors intersection,Normale,Deux véhicules - côté,,,,,,,,,,,2,1,1,1.0,3.0
201100003727,0011-09-30 15:30:00,11,9,30,15,30,720,176,place du mail,47.652,0.153,Plein jour,En agglomération,Place,Normale,Trois véhicules et plus - en chaîne,,,,,,,,,,,1,2,7,1.0,4.0
201100003728,0011-10-17 18:30:00,11,10,17,18,30,720,117,,47.633,0.122,Crépuscule ou aube,Hors agglomération,Hors intersection,Normale,Autre collision,,,,,,,,,,,2,1,1,1.0,6.0
201100003729,0011-12-25 17:45:00,11,12,25,17,45,720,291,,47.815,0.061,Nuit sans éclairage public,Hors agglomération,Hors intersection,Normale,Deux véhicules - frontale,,,,,,,,,,,3,1,1,1.0,1.0
201100003730,0011-01-26 19:00:00,11,1,26,19,0,720,336,rue angevine,,,Nuit avec éclairage allumé,En agglomération,Hors intersection,Normale,Autre collision,,,,,,,,,,,5,2,1,1.0,6.0
201100003731,0011-02-06 14:30:00,11,2,6,14,30,720,264,avenue Joel LE THEULE,,,Plein jour,En agglomération,Giratoire,Normale,Sans collision,,,,,,,,,,,1,2,6,1.0,7.0
201100003732,0011-03-17 15:00:00,11,3,17,15,0,720,264,,,,Plein jour,Hors agglomération,Hors intersection,Normale,Deux véhicules - côté,,,,,,,,,,,1,1,1,1.0,3.0
201100003733,0011-04-12 16:30:00,11,4,12,16,30,720,264,,,,Plein jour,Hors agglomération,Hors intersection,Temps éblouissant,Deux véhicules - côté,,,,,,,,,,,1,1,1,7.0,3.0
201100003734,0011-06-19 02:30:00,11,6,19,2,30,720,264,2 bis rue haute folie,,,Nuit sans éclairage public,En agglomération,Hors intersection,Normale,Autre collision,,,,,,,,,,,3,2,1,1.0,6.0
201100003735,0011-06-22 18:45:00,11,6,22,18,45,720,16,,,,Plein jour,Hors agglomération,Hors intersection,Vent fort / tempête,Sans collision,,,,,,,,,,,1,1,1,6.0,7.0
201100003736,0011-08-09 13:45:00,11,8,9,13,45,720,264,intersection rue du mans,,,Plein jour,En agglomération,Hors intersection,Normale,Deux véhicules - côté,,,,,,,,,,,1,2,1,1.0,3.0
201100003737,0011-08-30 11:45:00,11,8,30,11,45,720,106,,,,Plein jour,Hors agglomération,Hors intersection,Normale,Deux véhicules - frontale,,,,,,,,,,,1,1,1,1.0,1.0
201100003738,0011-11-23 17:00:00,11,11,23,17,0,720,264,25 rue du Mans,47.845,-0.331,Plein jour,En agglomération,Hors intersection,Normale,Deux véhicules - côté,,,,,,,,,,,1,2,1,1.0,3.0
201100003739,0011-12-13 13:00:00,11,12,13,13,0,720,264,Avenue Joel Le Theule,,,Plein jour,En agglomération,Hors intersection,Vent fort / tempête,Deux véhicules - côté,,,,,,,,,,,1,2,1,6.0,3.0
201100003740,0011-02-22 15:30:00,11,2,22,15,30,720,112,,,,Plein jour,Hors agglomération,Hors intersection,Normale,Sans collision,,,,,,,,,,,1,1,1,1.0,7.0
201100003741,0011-03-08 18:45:00,11,3,8,18,45,720,180,Place de la R?publique,,,Crépuscule ou aube,En agglomération,Hors intersection,Normale,Autre collision,,,,,,,,,,,2,2,1,1.0,6.0
201100003742,0011-04-17 18:15:00,11,4,17,18,15,720,170,,,,Plein jour,Hors agglomération,Intersection en T,Normale,Deux véhicules - côté,,,,,,,,,,,1,1,3,1.0,3.0
201100003743,0011-05-09 10:00:00,11,5,9,10,0,720,324,,,,Plein jour,Hors agglomération,Hors intersection,Normale,Deux véhicules - côté,,,,,,,,,,,1,1,1,1.0,3.0
201100003744,0011-05-21 10:30:00,11,5,21,10,30,720,88,rue des rosiers,,,Plein jour,En agglomération,Hors intersection,Normale,Deux véhicules - frontale,,,,,,,,,,,1,2,1,1.0,1.0
201100003745,0011-06-13 10:30:00,11,6,13,10,30,720,39,,,,Plein jour,Hors agglomération,Hors intersection,Normale,Deux véhicules - frontale,,,,,,,,,,,1,1,1,1.0,1.0
201100003746,0011-07-29 19:15:00,11,7,29,19,15,720,88,,,,Plein jour,Hors agglomération,Hors intersection,Normale,Sans collision,,,,,,,,,,,1,1,1,1.0,7.0
201100003747,0011-08-24 09:30:00,11,8,24,9,30,720,170,,,,Plein jour,Hors agglomération,Hors intersection,Normale,Autre collision,,,,,,,,,,,1,1,1,1.0,6.0
201100003748,0011-09-22 12:30:00,11,9,22,12,30,720,313,,,,Plein jour,Hors agglomération,Intersection en T,Normale,Deux véhicules - côté,,,,,,,,,,,1,1,3,1.0,3.0
201100003749,0011-10-04 23:00:00,11,10,4,23,0,720,316,,,,Nuit sans éclairage public,Hors agglomération,Hors intersection,Normale,Autre collision,,,,,,,,,,,3,1,1,1.0,6.0
201100003750,0011-10-08 02:15:00,11,10,8,2,15,720,112,5 rue du Saosnois,,,Nuit avec éclairage non allumé,En agglomération,Hors intersection,Normale,Autre collision,,,,,,,,,,,4,2,1,1.0,6.0
201100003751,0011-10-15 10:15:00,11,10,15,10,15,720,189,,,,Plein jour,Hors agglomération,Hors intersection,Normale,Deux véhicules - frontale,,,,,,,,,,,1,1,1,1.0,1.0
201100003752,0011-12-28 15:00:00,11,12,28,15,0,720,189,,,,Plein jour,Hors agglomération,Hors intersection,Temps couvert,Deux véhicules - frontale,,,,,,,,,,,1,1,1,8.0,1.0