accident_id,datetime,annee,mois,jour,heure,minute,departement,commune_insee,adresse,latitude,longitude,luminosite,agglomeration,intersection,meteo,collision,nb_vehicules,nb_usagers,nb_indemnes,nb_tues,nb_blesses_hosp,nb_blesses_legers,age_cond_1,age_cond_2,veh_type_cond_1,veh_type_cond_2,lum_code,agg_code,int_code,atm_code,col_code
201100003753,0011-03-07 17:00:00,11,3,7,17,0,720,122,,48.077,0.537,Plein jour,Hors agglomération,Hors intersection,Temps éblouissant,Deux véhicules - frontale,,,,,,,,,,,1,1,1,7.0,1.0
201100003754,0011-03-10 09:15:00,11,3,10,9,15,720,31,,,,Plein jour,Hors agglomération,Hors intersection,Normale,Autre collision,,,,,,,,,,,1,1,1,1.0,6.0
201100003755,0011-03-29 16:45:00,11,3,29,16,45,720,144,29/03/2011,48.14,0.799,Plein jour,En agglomération,Hors intersection,Normale,Autre collision,,,,,,,,,,,1,2,1,1.0,6.0
201100003756,0011-04-02 09:00:00,11,4,2,9,0,720,331,,48.12,0.597,Plein jour,Hors agglomération,Hors intersection,Normale,Autre collision,,,,,,,,,,,1,1,1,1.0,6.0
201100003757,0011-04-06 19:30:00,11,4,6,19,30,720,132,,,,Plein jour,Hors agglomération,Hors intersection,Normale,Sans collision,,,,,,,,,,,1,1,1,1.0,7.0
201100003758,0011-04-30 13:30:00,11,4,30,13,30,720,80,,48.184,0.666,Plein jour,Hors agglomération,Hors intersection,Normale,Sans collision,,,,,,,,,,,1,1,1,1.0,7.0
201100003759,0011-05-09 14:45:00,11,5,9,14,45,720,383,Route de Vouvray CD 29,,,Plein jour,En agglomération,Hors intersection,Normale,Sans collision,,,,,,,,,,,1,2,1,1.0,7.0
201100003760,0011-05-18 19:15:00,11,5,18,19,15,720,81,rond point bretonni?re,,,Plein jour,En agglomération,Giratoire,Normale,Deux véhicules - frontale,,,,,,,,,,,1,2,6,1.0,1.0
201100003761,0011-07-01 11:45:00,11,7,1,11,45,720,156,,,,Plein jour,Hors agglomération,Hors intersection,Normale,Deux véhicules - frontale,,,,,,,,,,,1,1,1,1.0,1.0
201100003762,0011-07-30 15:45:00,11,7,30,15,45,720,193,,,,Plein jour,Hors agglomération,Hors intersection,Normale,Deux véhicules - côté,,,,,,,,,,,1,1,1,1.0,3.0
201100003763,0011-07-31 13:00:00,11,7,31,13,0,720,156,,,,Plein jour,Hors agglomération,Hors intersection,Normale,Deux véhicules - frontale,,,,,,,,,,,1,1,1,1.0,1.0
201100003764,0011-08-06 12:15:00,11,8,6,12,15,720,296,04 RUE DES OISEAUX,48.094,0.652,Plein jour,En agglomération,Hors intersection,Pluie légère,Deux véhicules - frontale,,,,,,,,,,,1,2,1,2.0,1.0
201100003765,0011-08-12 18:00:00,11,8,12,18,0,720,172,,,,Plein jour,Hors agglomération,Hors intersection,Normale,Deux véhicules - côté,,,,,,,,,,,1,1,1,1.0,3.0
201100003766,0011-09-25 17:15:00,11,9,25,17,15,720,267,,,,Plein jour,Hors agglomération,Hors intersection,Normale,Deux véhicules - frontale,,,,,,,,,,,1,1,1,1.0,1.0
201100003767,0011-10-11 16:45:00,11,10,11,16,45,720,67,impasse des 4 vents,,,Plein jour,En agglomération,Hors intersection,Normale,Sans collision,,,,,,,,,,,1,2,1,1.0,7.0
201100003768,0011-11-13 15:15:00,11,11,13,15,15,720,292,,,,Plein jour,Hors agglomération,Hors intersection,Normale,Deux véhicules - côté,,,,,,,,,,,1,1,1,1.0,3.0
201100003769,0011-12-08 04:15:00,11,12,8,4,15,720,80,,,,Nuit sans éclairage public,Hors agglomération,Hors intersection,Pluie légère,Trois véhicules et plus - collisions multiples,,,,,,,,,,,3,1,1,2.0,5.0
201100003770,0011-12-18 09:00:00,11,12,18,9,0,720,40,,,,Plein jour,Hors agglomération,Hors intersection,Autre,Autre collision,,,,,,,,,,,1,1,1,9.0,6.0
201100003771,0011-01-21 07:15:00,11,1,21,7,15,720,284,,48.302,0.098,Nuit sans éclairage public,Hors agglomération,Hors intersection,Normale,Deux véhicules - frontale,,,,,,,,,,,3,1,1,1.0,1.0
201100003772,0011-02-20 21:00:00,11,2,20,21,0,720,308,,48.42,0.117,Nuit avec éclairage allumé,Hors agglomération,Giratoire,Normale,Sans collision,,,,,,,,,,,5,1,6,1.0,7.0
201100003773,0011-03-22 21:30:00,11,3,22,21,30,720,186,,48.2,0.162,Nuit sans éclairage public,Hors agglomération,Hors intersection,Normale,Autre collision,,,,,,,,,,,3,1,1,1.0,6.0
201100003774,0011-03-24 18:00:00,11,3,24,18,0,720,309,,,,Plein jour,Hors agglomération,Hors intersection,Normale,Sans collision,,,,,,,,,,,1,1,1,1.0,7.0
201100003775,0011-04-14 17:00:00,11,4,14,17,0,720,305,,48.293,0.051,Plein jour,Hors agglomération,Hors intersection,Normale,Deux véhicules - côté,,,,,,,,,,,1,1,1,1.0,3.0
201100003776,0011-05-27 22:30:00,11,5,27,22,30,720,138,06 rue hatton,48.285,0.021,Nuit sans éclairage public,En agglomération,Hors intersection,Normale,Trois véhicules et plus - collisions multiples,,,,,,,,,,,3,2,1,1.0,5.0
201100003777,0011-05-29 18:45:00,11,5,29,18,45,720,139,,48.331,0.073,Plein jour,Hors agglomération,Hors intersection,Temps éblouissant,Deux véhicules - frontale,,,,,,,,,,,1,1,1,7.0,1.0
201100003778,0011-06-02 14:30:00,11,6,2,14,30,720,11,,48.348,-0.009,Plein jour,Hors agglomération,Hors intersection,Normale,Deux véhicules - frontale,,,,,,,,,,,1,1,1,1.0,1.0
201100003779,0011-07-23 18:00:00,11,7,23,18,0,720,266,,,,Plein jour,Hors agglomération,Intersection en X,Normale,Deux véhicules - côté,,,,,,,,,,,1,1,2,1.0,3.0
201100003780,0011-09-15 12:30:00,11,9,15,12,30,720,266,,48.279,0.012,Plein jour,Hors agglomération,Hors intersection,Normale,Sans collision,,,,,,,,,,,1,1,1,1.0,7.0
201100003781,0011-11-14 18:30:00,11,11,14,18,30,720,254,,48.315,0.14,Nuit sans éclairage public,Hors agglomération,Hors intersection,Normale,Deux véhicules - arrière,,,,,,,,,,,3,1,1,1.0,2.0
201100003782,0011-12-08 18:45:00,11,12,8,18,45,720,337,,,,Nuit avec éclairage allumé,Hors agglomération,Hors intersection,Normale,Deux véhicules - frontale,,,,,,,,,,,5,1,1,1.0,1.0
201100003783,0011-01-03 07:45:00,11,1,3,7,45,850,157,LA JAULNIERE,,,Nuit sans éclairage public,Hors agglomération,Hors intersection,Autre,Deux véhicules - côté,,,,,,,,,,,3,1,1,9.0,3.0
201100003784,0011-02-20 15:45:00,11,2,20,15,45,850,261,LE PATIS FOURRE,46.55741,-1.14638,Plein jour,Hors agglomération,Hors intersection,Normale,Deux véhicules - côté,,,,,,,,,,,1,1,1,1.0,3.0
201100003785,0011-03-27 07:00:00,11,3,27,7,0,850,213,,,,Nuit sans éclairage public,Hors agglomération,Hors intersection,Pluie légère,Autre collision,,,,,,,,,,,3,1,1,2.0,6.0
201100003786,0011-05-28 04:30:00,11,5,28,4,30,850,213,LA BARRE,,,Nuit sans éclairage public,Hors agglomération,Hors intersection,Normale,Autre collision,,,,,,,,,,,3,1,1,1.0,6.0
201100003787,0011-06-01 14:30:00,11,6,1,14,30,850,46,RUE CHARLES TELLIER,46.66628,-1.32496,Plein jour,En agglomération,Hors intersection,Normale,Deux véhicules - arrière,,,,,,,,,,,1,2,1,1.0,2.0
201100003788,0011-06-26 21:15:00,11,6,26,21,15,850,135,,,,Plein jour,Hors agglomération,Hors intersection,Normale,Deux véhicules - côté,,,,,,,,,,,1,1,1,1.0,3.0
201100003789,0011-07-03 18:45:00,11,7,3,18,45,850,73,LA FRISE,,,Plein jour,Hors agglomération,Hors intersection,Normale,Autre collision,,,,,,,,,,,1,1,1,1.0,6.0
201100003790,0011-07-18 14:00:00,11,7,18,14,0,850,160,,,,Plein jour,Hors agglomération,Hors intersection,Normale,Trois véhicules et plus - en chaîne,,,,,,,,,,,1,1,1,1.0,4.0
201100003791,0011-09-25 17:30:00,11,9,25,17,30,850,175,LA RETIERE,,,Plein jour,Hors agglomération,Intersection en X,Normale,Deux véhicules - côté,,,,,,,,,,,1,1,2,1.0,3.0
201100003792,0011-09-27 18:15:00,11,9,27,18,15,850,46,,,,Plein jour,Hors agglomération,Hors intersection,Normale,Deux véhicules - frontale,,,,,,,,,,,1,1,1,1.0,1.0
201100003793,0011-01-25 16:45:00,11,1,25,16,45,850,51,LES GABARDIERES,,,Crépuscule ou aube,Hors agglomération,Hors intersection,Normale,Deux véhicules - frontale,,,,,,,,,,,2,1,1,1.0,1.0
201100003794,0011-02-12 03:00:00,11,2,12,3,0,850,34,,,,Nuit sans éclairage public,Hors agglomération,Hors intersection,Brouillard / fumée,Autre collision,,,,,,,,,,,3,1,1,5.0,6.0
201100003795,0011-03-24 16:45:00,11,3,24,16,45,850,192,,,,Plein jour,Hors agglomération,Hors intersection,Temps éblouissant,Autre collision,,,,,,,,,,,1,1,1,7.0,6.0
201100003796,0011-04-14 11:15:00,11,4,14,11,15,850,51,RUE DU TEMPLE,46.67491,-1.04709,Plein jour,En agglomération,Intersection en T,Normale,Deux véhicules - côté,,,,,,,,,,,1,2,3,1.0,3.0
201100003797,0011-04-23 17:45:00,11,4,23,17,45,850,81,LA BRACONNIERE,,,Plein jour,Hors agglomération,Hors intersection,Normale,Deux véhicules - arrière,,,,,,,,,,,1,1,1,1.0,2.0
201100003798,0011-05-17 17:30:00,11,5,17,17,30,850,89,LA MORINIERE,,,Plein jour,Hors agglomération,Hors intersection,Normale,Deux véhicules - côté,,,,,,,,,,,1,1,1,1.0,3.0
201100003799,0011-05-21 09:45:00,11,5,21,9,45,850,51,37 ROUTE DE SAINT MARS,,,Plein jour,Hors agglomération,Hors intersection,Temps éblouissant,Deux véhicules - arrière,,,,,,,,,,,1,1,1,7.0,2.0
201100003800,0011-05-26 18:30:00,11,5,26,18,30,850,51,,,,Plein jour,Hors agglomération,Hors intersection,Normale,Deux véhicules - frontale,,,,,,,,,,,1,1,1,1.0,1.0
201100003801,0011-06-10 14:45:00,11,6,10,14,45,850,276,LES GARNAUDIERES,,,Plein jour,Hors agglomération,Hors intersection,Normale,Deux véhicules - côté,,,,,,,,,,,1,1,1,1.0,3.0
201100003802,0011-06-24 14:15:00,11,6,24,14,15,850,89,LA POIRIERE,,,Plein jour,Hors agglomération,Hors intersection,Normale,Deux véhicules - côté,,,,,,,,,,,1,1,1,1.0,3.0
201100003803,0011-06-26 13:30:00,11,6,26,13,30,850,165,LA METAIRIE NEUVE,,,Plein jour,Hors agglomération,Hors intersection,Normale,Deux véhicules - frontale,,,,,,,,,,,1,1,1,1.0,1.0
201100003804,0011-10-16 19:15:00,11,10,16,19,15,850,81,LA LANDE DES ROCHETTES,,,Crépuscule ou aube,Hors agglomération,Hors intersection,Normale,Deux véhicules - frontale,,,,,,,,,,,2,1,1,1.0,1.0
201100003805,0011-11-04 09:45:00,11,11,4,9,45,850,84,,,,Plein jour,Hors agglomération,Hors intersection,Normale,Deux véhicules - côté,,,,,,,,,,,1,1,1,1.0,3.0
201100003806,0011-11-07 07:30:00,11,11,7,7,30,850,212,,,,Crépuscule ou aube,Hors agglomération,Intersection en X,Pluie légère,Deux véhicules - côté,,,,,,,,,,,2,1,2,2.0,3.0
201100003807,0011-11-14 18:30:00,11,11,14,18,30,850,51,LES TROIS PIGEONS,,,Nuit sans éclairage public,Hors agglomération,Hors intersection,Normale,Autre collision,,,,,,,,,,,3,1,1,1.0,6.0
201100003808,0011-11-19 19:15:00,11,11,19,19,15,850,34,LE CHENE MARTIN,,,Nuit sans éclairage public,Hors agglomération,Hors intersection,Normale,Trois véhicules et plus - collisions multiples,,,,,,,,,,,3,1,1,1.0,5.0
201100003809,0011-12-12 20:15:00,11,12,12,20,15,850,202,,,,Nuit sans éclairage public,Hors agglomération,Hors intersection,Pluie légère,Autre collision,,,,,,,,,,,3,1,1,2.0,6.0
201100003810,0011-12-22 10:30:00,11,12,22,10,30,850,246,L'ETRIE,,,Plein jour,Hors agglomération,Hors intersection,Normale,Autre collision,,,,,,,,,,,1,1,1,1.0,6.0
201100003811,0011-12-26 18:00:00,11,12,26,18,0,850,51,LES VILLATES,,,Crépuscule ou aube,Hors agglomération,Hors intersection,Normale,Autre collision,,,,,,,,,,,2,1,1,1.0,6.0
201100003812,0011-01-08 20:00:00,11,1,8,20,0,850,64,LA GORELIERE,,,Nuit sans éclairage public,Hors agglomération,Hors intersection,Normale,Autre collision,,,,,,,,,,,3,1,1,1.0,6.0
201100003813,0011-02-18 16:45:00,11,2,18,16,45,850,109,,,,Plein jour,Hors agglomération,Hors intersection,Temps éblouissant,Deux véhicules - frontale,,,,,,,,,,,1,1,1,7.0,1.0
201100003814,0011-03-20 15:15:00,11,3,20,15,15,850,65,,,,Plein jour,Hors agglomération,Hors intersection,Normale,Sans collision,,,,,,,,,,,1,1,1,1.0,7.0
201100003815,0011-03-31 22:00:00,11,3,31,22,0,850,301,,,,Nuit avec éclairage non allumé,En agglomération,Autre intersection,Pluie légère,Autre collision,,,,,,,,,,,4,2,9,2.0,6.0
201100003816,0011-04-03 01:15:00,11,4,3,1,15,850,144,1 RUE DE VENDRENNES,,,Nuit avec éclairage allumé,En agglomération,Hors intersection,Normale,Sans collision,,,,,,,,,,,5,2,1,1.0,7.0
201100003817,0011-04-17 18:15:00,11,4,17,18,15,850,109,22 RUE PIDANNE,46.86866,-0.9884,Plein jour,En agglomération,Hors intersection,Normale,Sans collision,,,,,,,,,,,1,2,1,1.0,7.0
201100003818,0011-05-11 17:00:00,11,5,11,17,0,850,65,,,,Plein jour,Hors agglomération,Hors intersection,Normale,Deux véhicules - frontale,,,,,,,,,,,1,1,1,1.0,1.0
201100003819,0011-05-16 14:15:00,11,5,16,14,15,850,109,GIRATOIRE DE BEAUREPAIRE,,,Plein jour,En agglomération,Giratoire,Normale,Autre collision,,,,,,,,,,,1,2,6,1.0,6.0
201100003820,0011-06-06 18:00:00,11,6,6,18,0,850,17,LA DABRETIERE,,,Plein jour,Hors agglomération,Hors intersection,Normale,Deux véhicules - arrière,,,,,,,,,,,1,1,1,1.0,2.0
201100003821,0011-06-11 05:30:00,11,6,11,5,30,850,301,LES CHAUMES,,,Crépuscule ou aube,Hors agglomération,Hors intersection,Normale,Deux véhicules - frontale,,,,,,,,,,,2,1,1,1.0,1.0
201100003822,0011-06-15 14:30:00,11,6,15,14,30,850,215,,,,Plein jour,Hors agglomération,Hors intersection,Normale,Deux véhicules - frontale,,,,,,,,,,,1,1,1,1.0,1.0
201100003823,0011-07-25 19:15:00,11,7,25,19,15,850,109,58 rue du brandon,46.8703,-1.02001,Plein jour,En agglomération,Hors intersection,Normale,Deux véhicules - arrière,,,,,,,,,,,1,2,1,1.0,2.0
201100003824,0011-08-11 11:30:00,11,8,11,11,30,850,301,,,,Plein jour,Hors agglomération,Hors intersection,Normale,Deux véhicules - frontale,,,,,,,,,,,1,1,1,1.0,1.0
201100003825,0011-08-12 18:15:00,11,8,12,18,15,850,153,CARREFOUR GRAVELEAU,,,Plein jour,Hors agglomération,Intersection en X,Normale,Deux véhicules - côté,,,,,,,,,,,1,1,2,1.0,3.0
201100003826,0011-08-24 22:30:00,11,8,24,22,30,850,64,L'AUDRIERE,,,Nuit sans éclairage public,Hors agglomération,Hors intersection,Normale,Sans collision,,,,,,,,,,,3,1,1,1.0,7.0
201100003827,0011-08-30 08:30:00,11,8,30,8,30,850,215,RUE DU DOUE /DU PRIEURE,,,Crépuscule ou aube,En agglomération,Hors intersection,Temps éblouissant,Deux véhicules - côté,,,,,,,,,,,2,2,1,7.0,3.0
201100003828,0011-09-10 16:00:00,11,9,10,16,0,850,109,LE MONTS DES ALOUETTES,,,Plein jour,Hors agglomération,Hors intersection,Normale,Autre collision,,,,,,,,,,,1,1,1,1.0,6.0
201100003829,0011-09-14 18:00:00,11,9,14,18,0,850,109,10 RUE DE SAUMUR,46.87248,-1.01516,Plein jour,En agglomération,Hors intersection,Normale,Autre collision,,,,,,,,,,,1,2,1,1.0,6.0
201100003830,0011-09-24 06:45:00,11,9,24,6,45,850,109,,,,Nuit sans éclairage public,Hors agglomération,Intersection en X,Normale,Deux véhicules - côté,,,,,,,,,,,3,1,2,1.0,3.0
201100003831,0011-10-19 18:00:00,11,10,19,18,0,850,109,PARKING CIMETIERE,,,Plein jour,Hors agglomération,Hors intersection,Normale,Deux véhicules - frontale,,,,,,,,,,,1,1,1,1.0,1.0
201100003832,0011-11-10 13:30:00,11,11,10,13,30,850,109,Rond Point du Bignon,,,Plein jour,En agglomération,Giratoire,Normale,Deux véhicules - côté,,,,,,,,,,,1,2,6,1.0,3.0
201100003833,0011-12-31 18:30:00,11,12,31,18,30,850,224,,,,Nuit sans éclairage public,En agglomération,Hors intersection,Pluie légère,Deux véhicules - côté,,,,,,,,,,,3,2,1,2.0,3.0
201100003834,0011-01-12 08:15:00,11,1,12,8,15,850,224,LA GRANGE,,,Plein jour,Hors agglomération,Hors intersection,Normale,Trois véhicules et plus - collisions multiples,,,,,,,,,,,1,1,1,1.0,5.0
201100003835,0011-02-03 08:15:00,11,2,3,8,15,850,224,,,,Plein jour,Hors agglomération,Hors intersection,Pluie légère,Trois véhicules et plus - collisions multiples,,,,,,,,,,,1,1,1,2.0,5.0
201100003836,0011-02-06 01:00:00,11,2,6,1,0,850,295,LA TANCIERE,,,Nuit sans éclairage public,Hors agglomération,Hors intersection,Normale,Sans collision,,,,,,,,,,,3,1,1,1.0,7.0
201100003837,0011-03-04 13:00:00,11,3,4,13,0,850,262,LES LANDES,,,Plein jour,Hors agglomération,Hors intersection,Normale,Deux véhicules - côté,,,,,,,,,,,1,1,1,1.0,3.0
201100003838,0011-03-20 03:30:00,11,3,20,3,30,850,262,,,,Nuit sans éclairage public,Hors agglomération,Hors intersection,Normale,Autre collision,,,,,,,,,,,3,1,1,1.0,6.0
201100003839,0011-04-27 17:45:00,11,4,27,17,45,850,107,,,,Plein jour,Hors agglomération,Hors intersection,Temps éblouissant,Deux véhicules - frontale,,,,,,,,,,,1,1,1,7.0,1.0
201100003840,0011-05-15 17:15:00,11,5,15,17,15,850,108,LES BRUYERES,,,Nuit sans éclairage public,Hors agglomération,Hors intersection,Normale,Sans collision,,,,,,,,,,,3,1,1,1.0,7.0
201100003841,0011-06-29 16:30:00,11,6,29,16,30,850,217,51 RUE DES MAINES,,,Plein jour,En agglomération,Hors intersection,Normale,Autre collision,,,,,,,,,,,1,2,1,1.0,6.0
201100003842,0011-07-04 08:45:00,11,7,4,8,45,850,27,,,,Plein jour,Hors agglomération,Hors intersection,Normale,Deux véhicules - frontale,,,,,,,,,,,1,1,1,1.0,1.0
201100003843,0011-07-18 18:00:00,11,7,18,18,0,850,107,MESLAY DES LANDES,,,Plein jour,Hors agglomération,Hors intersection,Pluie légère,Trois véhicules et plus - collisions multiples,,,,,,,,,,,1,1,1,2.0,5.0
201100003844,0011-07-29 20:15:00,11,7,29,20,15,850,76,COULONGES,,,Plein jour,Hors agglomération,Hors intersection,Normale,Autre collision,,,,,,,,,,,1,1,1,1.0,6.0
201100003845,0011-07-29 15:15:00,11,7,29,15,15,850,27,44 RUE HAUTS DE MIRVILLE,46.97077,-1.32889,Plein jour,En agglomération,Hors intersection,Normale,Deux véhicules - arrière,,,,,,,,,,,1,2,1,1.0,2.0
201100003846,0011-08-25 23:30:00,11,8,25,23,30,850,272,,,,Nuit sans éclairage public,Hors agglomération,Hors intersection,Pluie forte,Sans collision,,,,,,,,,,,3,1,1,3.0,7.0
201100003847,0011-10-01 21:00:00,11,10,1,21,0,850,76,RUE DE LA PENISSIERE,,,Nuit avec éclairage allumé,En agglomération,Giratoire,Normale,Deux véhicules - frontale,,,,,,,,,,,5,2,6,1.0,1.0
201100003848,0011-12-05 07:45:00,11,12,5,7,45,850,107,LA CARRIERE,,,Crépuscule ou aube,Hors agglomération,Hors intersection,Temps couvert,Deux véhicules - arrière,,,,,,,,,,,2,1,1,8.0,2.0
201100003849,0011-12-09 08:00:00,11,12,9,8,0,850,146,12 Esplanade de Verdun,46.98188,-1.30731,Nuit avec éclairage allumé,En agglomération,Hors intersection,Normale,Autre collision,,,,,,,,,,,5,2,1,1.0,6.0
201100003850,0011-12-20 18:00:00,11,12,20,18,0,850,146,44 BD AUGUSTE DURAND,46.97487,-1.30414,Nuit avec éclairage allumé,En agglomération,Autre intersection,Normale,Autre collision,,,,,,,,,,,5,2,9,1.0,6.0
201100003851,0011-01-06 19:45:00,11,1,6,19,45,850,151,,,,Nuit sans éclairage public,Hors agglomération,Hors intersection,Pluie légère,Trois véhicules et plus - collisions multiples,,,,,,,,,,,3,1,1,2.0,5.0
201100003852,0011-01-14 16:45:00,11,1,14,16,45,850,238,66 Rue du Calvaire,,,Plein jour,En agglomération,Hors intersection,Pluie légère,Autre collision,,,,,,,,,,,1,2,1,2.0,6.0
201100003853,0011-03-23 17:15:00,11,3,23,17,15,850,247,,,,Plein jour,Hors agglomération,Hors intersection,Temps éblouissant,Deux véhicules - côté,,,,,,,,,,,1,1,1,7.0,3.0
201100003854,0011-04-18 07:00:00,11,4,18,7,0,850,97,LE PONNEAU,,,Crépuscule ou aube,Hors agglomération,Hors intersection,Normale,Deux véhicules - frontale,,,,,,,,,,,2,1,1,1.0,1.0
201100003855,0011-04-19 21:30:00,11,4,19,21,30,850,97,Rue Commandant Sauvageot,,,Nuit sans éclairage public,En agglomération,Hors intersection,Normale,Trois véhicules et plus - collisions multiples,,,,,,,,,,,3,2,1,1.0,5.0
201100003856,0011-06-17 21:30:00,11,6,17,21,30,850,151,,,,Crépuscule ou aube,Hors agglomération,Hors intersection,Temps couvert,Deux véhicules - frontale,,,,,,,,,,,2,1,1,8.0,1.0
201100003857,0011-07-01 10:30:00,11,7,1,10,30,850,302,LE CHATELLIER,,,Plein jour,Hors agglomération,Hors intersection,Temps éblouissant,Deux véhicules - frontale,,,,,,,,,,,1,1,1,7.0,1.0
201100003858,0011-01-06 21:30:00,11,1,6,21,30,850,19,LA SAUVAGERE,,,Nuit sans éclairage public,Hors agglomération,Hors intersection,Temps couvert,Deux véhicules - côté,,,,,,,,,,,3,1,1,8.0,3.0
201100003859,0011-02-27 01:45:00,11,2,27,1,45,850,178,64  RUE DES ECOLIERS,,,Nuit sans éclairage public,En agglomération,Hors intersection,Normale,Deux véhicules - frontale,,,,,,,,,,,3,2,1,1.0,1.0
201100003860,0011-03-08 09:15:00,11,3,8,9,15,850,178,,,,Plein jour,Hors agglomération,Hors intersection,Normale,Autre collision,,,,,,,,,,,1,1,1,1.0,6.0
201100003861,0011-04-11 07:45:00,11,4,11,7,45,850,178,,,,Plein jour,Hors agglomération,Hors intersection,Normale,Deux véhicules - frontale,,,,,,,,,,,1,1,1,1.0,1.0
201100003862,0011-04-26 19:45:00,11,4,26,19,45,850,155,LE VIGNAUD,,,Plein jour,Hors agglomération,Hors intersection,Normale,Deux véhicules - arrière,,,,,,,,,,,1,1,1,1.0,2.0
201100003863,0011-05-19 08:00:00,11,5,19,8,0,850,19,,46.79703,-1.43122,Plein jour,Hors agglomération,Giratoire,Normale,Deux véhicules - frontale,,,,,,,,,,,1,1,6,1.0,1.0
201100003864,0011-05-27 16:30:00,11,5,27,16,30,850,178,LA PROVIDENCE,,,Plein jour,Hors agglomération,Giratoire,Normale,Deux véhicules - côté,,,,,,,,,,,1,1,6,1.0,3.0
201100003865,0011-06-15 15:00:00,11,6,15,15,0,850,129,,,,Plein jour,Hors agglomération,Hors intersection,Normale,Trois véhicules et plus - en chaîne,,,,,,,,,,,1,1,1,1.0,4.0
201100003866,0011-06-16 19:00:00,11,6,16,19,0,850,129,LAMIRAIS LES VIGNES,,,Plein jour,Hors agglomération,Hors intersection,Normale,Deux véhicules - frontale,,,,,,,,,,,1,1,1,1.0,1.0
201100003867,0011-09-09 14:45:00,11,9,9,14,45,850,178,L'ARNAUDIERE,,,Plein jour,Hors agglomération,Hors intersection,Normale,Deux véhicules - côté,,,,,,,,,,,1,1,1,1.0,3.0
201100003868,0011-09-20 07:00:00,11,9,20,7,0,850,3,LA CAILLONIERE,,,Crépuscule ou aube,Hors agglomération,Hors intersection,Normale,Deux véhicules - côté,,,,,,,,,,,2,1,1,1.0,3.0
201100003869,0011-09-24 03:00:00,11,9,24,3,0,850,129,,,,Nuit sans éclairage public,Hors agglomération,Hors intersection,Normale,Autre collision,,,,,,,,,,,3,1,1,1.0,6.0
201100003870,0011-10-21 08:15:00,11,10,21,8,15,850,3,L'ESPERANCE,,,Plein jour,Hors agglomération,Hors intersection,Normale,Autre collision,,,,,,,,,,,1,1,1,1.0,6.0
201100003871,0011-11-10 19:15:00,11,11,10,19,15,850,3,24 route de nantes,,,Nuit avec éclairage allumé,En agglomération,Hors intersection,Pluie légère,Autre collision,,,,,,,,,,,5,2,1,2.0,6.0
201100003872,0011-01-26 21:30:00,11,1,26,21,30,850,299,LE CHEF CHAILLOT,,,Nuit sans éclairage public,Hors agglomération,Hors intersection,Pluie forte,Deux véhicules - côté,,,,,,,,,,,3,1,1,3.0,3.0
201100003873,0011-01-29 19:00:00,11,1,29,19,0,850,177,,,,Nuit sans éclairage public,Hors agglomération,Intersection en X,Normale,Deux véhicules - côté,,,,,,,,,,,3,1,2,1.0,3.0
201100003874,0011-02-18 19:15:00,11,2,18,19,15,850,92,,,,Nuit sans éclairage public,Hors agglomération,Hors intersection,Pluie légère,Deux véhicules - frontale,,,,,,,,,,,3,1,1,2.0,1.0
201100003875,0011-02-19 06:30:00,11,2,19,6,30,850,92,,,,Nuit sans éclairage public,Hors agglomération,Hors intersection,Pluie légère,Autre collision,,,,,,,,,,,3,1,1,2.0,6.0
201100003876,0011-07-15 12:45:00,11,7,15,12,45,850,299,,,,Plein jour,Hors agglomération,Hors intersection,Normale,Trois véhicules et plus - collisions multiples,,,,,,,,,,,1,1,1,1.0,5.0
201100003877,0011-07-25 18:30:00,11,7,25,18,30,850,92,RUE M. FRADET/OUILLETTE,,,Plein jour,En agglomération,Place,Normale,Deux véhicules - frontale,,,,,,,,,,,1,2,7,1.0,1.0
201100003878,0011-09-22 13:45:00,11,9,22,13,45,850,92,rue des Loges/Chapeliers,46.46641,-0.80092,Plein jour,En agglomération,Hors intersection,Normale,Autre collision,,,,,,,,,,,1,2,1,1.0,6.0
201100003879,0011-12-06 15:15:00,11,12,6,15,15,850,126,,,,Plein jour,Hors agglomération,Hors intersection,Autre,Deux véhicules - côté,,,,,,,,,,,1,1,1,9.0,3.0
201100003880,0011-12-09 18:15:00,11,12,9,18,15,850,126,,,,Nuit sans éclairage public,Hors agglomération,Hors intersection,Temps couvert,Deux véhicules - frontale,,,,,,,,,,,3,1,1,8.0,1.0
201100003881,0011-04-10 04:00:00,11,4,10,4,0,850,297,ROUTE DES PRISES,46.36044,-1.19373,Nuit sans éclairage public,Hors agglomération,Hors intersection,Normale,Autre collision,,,,,,,,,,,3,1,1,1.0,6.0
201100003882,0011-06-23 12:45:00,11,6,23,12,45,850,216,,46.494,-1.109,Plein jour,Hors agglomération,Hors intersection,Normale,Trois véhicules et plus - en chaîne,,,,,,,,,,,1,1,1,1.0,4.0
201100003883,0011-07-04 19:15:00,11,7,4,19,15,850,216,,,,Plein jour,Hors agglomération,Hors intersection,Normale,Trois véhicules et plus - collisions multiples,,,,,,,,,,,1,1,1,1.0,5.0