accident_id,datetime,annee,mois,jour,heure,minute,departement,commune_insee,adresse,latitude,longitude,luminosite,agglomeration,intersection,meteo,collision,nb_vehicules,nb_usagers,nb_indemnes,nb_tues,nb_blesses_hosp,nb_blesses_legers,age_cond_1,age_cond_2,veh_type_cond_1,veh_type_cond_2,lum_code,agg_code,int_code,atm_code,col_code
201100004147,0011-04-03 13:30:00,11,4,3,13,30,330,195,20 route de Cocumont,44.395,-0.038,Plein jour,En agglomération,Hors intersection,Normale,Deux véhicules - frontale,,,,,,,,,,,1,2,1,1.0,1.0
201100004148,0011-04-07 16:30:00,11,4,7,16,30,330,137,,,,Plein jour,Hors agglomération,Hors intersection,Normale,Deux véhicules - frontale,,,,,,,,,,,1,1,1,1.0,1.0
201100004149,0011-04-15 08:45:00,11,4,15,8,45,330,144,,44.397,-0.236,Plein jour,Hors agglomération,Hors intersection,Normale,Deux véhicules - frontale,,,,,,,,,,,1,1,1,1.0,1.0
201100004150,0011-08-04 18:45:00,11,8,4,18,45,330,46,,,,Plein jour,Hors agglomération,Hors intersection,Normale,Deux véhicules - frontale,,,,,,,,,,,1,1,1,1.0,1.0
201100004151,0011-08-23 09:00:00,11,8,23,9,0,330,46,,,,Plein jour,Hors agglomération,Hors intersection,Normale,Autre collision,,,,,,,,,,,1,1,1,1.0,6.0
201100004152,0011-10-14 14:15:00,11,10,14,14,15,330,36,cours Ausonne,,,Plein jour,En agglomération,Hors intersection,Normale,Autre collision,,,,,,,,,,,1,2,1,1.0,6.0
201100004153,0011-12-07 12:45:00,11,12,7,12,45,330,508,,44.517,-0.124,Plein jour,Hors agglomération,Hors intersection,Normale,Sans collision,,,,,,,,,,,1,1,1,1.0,7.0
201100004154,0011-02-28 09:00:00,11,2,28,9,0,330,316,,,,Plein jour,Hors agglomération,Hors intersection,Temps couvert,Autre collision,,,,,,,,,,,1,1,1,8.0,6.0
201100004155,0011-03-05 13:45:00,11,3,5,13,45,330,491,,,,Plein jour,Hors agglomération,Hors intersection,Normale,Sans collision,,,,,,,,,,,1,1,1,1.0,7.0
201100004156,0011-09-29 17:00:00,11,9,29,17,0,330,136,,,,Plein jour,Hors agglomération,Hors intersection,Normale,Deux véhicules - côté,,,,,,,,,,,1,1,1,1.0,3.0
201100004157,0011-02-16 10:15:00,11,2,16,10,15,330,287,RD 1113 33190 MONGAUZY,44.567,0.026,Plein jour,En agglomération,Hors intersection,Normale,Deux véhicules - arrière,,,,,,,,,,,1,2,1,1.0,2.0
201100004158,0011-03-05 15:45:00,11,3,5,15,45,330,169,,,,Plein jour,Hors agglomération,Hors intersection,Normale,Sans collision,,,,,,,,,,,1,1,1,1.0,7.0
201100004159,0011-05-22 12:15:00,11,5,22,12,15,330,221,,,,Plein jour,Hors agglomération,Hors intersection,Normale,Deux véhicules - arrière,,,,,,,,,,,1,1,1,1.0,2.0
201100004160,0011-05-26 19:00:00,11,5,26,19,0,330,250,,,,Plein jour,Hors agglomération,Hors intersection,Normale,Deux véhicules - frontale,,,,,,,,,,,1,1,1,1.0,1.0
201100004161,0011-09-05 16:15:00,11,9,5,16,15,330,187,,,,Plein jour,Hors agglomération,Hors intersection,Normale,Deux véhicules - côté,,,,,,,,,,,1,1,1,1.0,3.0
201100004162,0011-12-12 16:00:00,11,12,12,16,0,330,287,,,,Plein jour,Hors agglomération,Hors intersection,Normale,Sans collision,,,,,,,,,,,1,1,1,1.0,7.0
201100004163,0011-12-31 09:45:00,11,12,31,9,45,330,169,Le Bourg Est RD 226,,,Plein jour,En agglomération,Hors intersection,Normale,Autre collision,,,,,,,,,,,1,2,1,1.0,6.0
201100004164,0011-07-11 09:45:00,11,7,11,9,45,330,484,,,,Plein jour,Hors agglomération,Hors intersection,Normale,Deux véhicules - côté,,,,,,,,,,,1,1,1,1.0,3.0
201100004165,0011-08-22 08:45:00,11,8,22,8,45,330,436,,,,Plein jour,Hors agglomération,Hors intersection,Temps éblouissant,Autre collision,,,,,,,,,,,1,1,1,7.0,6.0
201100004166,0011-03-07 10:00:00,11,3,7,10,0,330,361,7 gleziat,,,Nuit sans éclairage public,En agglomération,Hors intersection,Normale,Autre collision,,,,,,,,,,,3,2,1,1.0,6.0
201100004167,0011-04-02 21:30:00,11,4,2,21,30,330,358,,44.763,-0.194,Nuit sans éclairage public,Hors agglomération,Hors intersection,Normale,Sans collision,,,,,,,,,,,3,1,1,1.0,7.0
201100004168,0011-05-01 18:00:00,11,5,1,18,0,330,523,,,,Plein jour,Hors agglomération,Hors intersection,Pluie légère,Sans collision,,,,,,,,,,,1,1,1,2.0,7.0
201100004169,0011-05-28 12:15:00,11,5,28,12,15,330,399,,,,Plein jour,Hors agglomération,Hors intersection,Normale,Deux véhicules - côté,,,,,,,,,,,1,1,1,1.0,3.0
201100004170,0011-06-05 17:30:00,11,6,5,17,30,330,361,,44.783,-0.058,Plein jour,Hors agglomération,Hors intersection,Normale,Deux véhicules - côté,,,,,,,,,,,1,1,1,1.0,3.0
201100004171,0011-07-02 13:00:00,11,7,2,13,0,330,464,,,,Plein jour,Hors agglomération,Hors intersection,Normale,Deux véhicules - frontale,,,,,,,,,,,1,1,1,1.0,1.0
201100004172,0011-07-23 18:00:00,11,7,23,18,0,330,282,,44.781,-0.071,Plein jour,Hors agglomération,Hors intersection,Normale,Sans collision,,,,,,,,,,,1,1,1,1.0,7.0
201100004173,0011-08-31 23:45:00,11,8,31,23,45,330,129,,,,Nuit sans éclairage public,Hors agglomération,Hors intersection,Normale,Sans collision,,,,,,,,,,,3,1,1,1.0,7.0
201100004174,0011-09-23 09:45:00,11,9,23,9,45,330,57,,44.735,-0.108,Plein jour,Hors agglomération,Hors intersection,Normale,Deux véhicules - arrière,,,,,,,,,,,1,1,1,1.0,2.0
201100004175,0011-10-20 10:00:00,11,10,20,10,0,330,506,,,,Plein jour,Hors agglomération,Intersection en T,Normale,Deux véhicules - côté,,,,,,,,,,,1,1,3,1.0,3.0
201100004176,0011-10-23 07:30:00,11,10,23,7,30,330,506,,44.691,-0.105,Crépuscule ou aube,Hors agglomération,Hors intersection,Normale,Autre collision,,,,,,,,,,,2,1,1,1.0,6.0
201100004177,0011-11-12 16:00:00,11,11,12,16,0,330,175,rue de cholet D231 PR 9+,,,Plein jour,En agglomération,Hors intersection,Normale,Deux véhicules - frontale,,,,,,,,,,,1,2,1,1.0,1.0
201100004178,0011-12-04 08:30:00,11,12,4,8,30,330,361,,,,Plein jour,Hors agglomération,Hors intersection,Pluie légère,Sans collision,,,,,,,,,,,1,1,1,2.0,7.0
201100004179,0011-12-07 11:00:00,11,12,7,11,0,330,399,,44.656,-0.109,Plein jour,Hors agglomération,Hors intersection,Pluie légère,Autre collision,,,,,,,,,,,1,1,1,2.0,6.0
201100004180,0011-12-24 19:45:00,11,12,24,19,45,330,25,,,,Nuit sans éclairage public,Hors agglomération,Hors intersection,Normale,Deux véhicules - frontale,,,,,,,,,,,3,1,1,1.0,1.0
201100004181,0011-12-07 19:00:00,11,12,7,19,0,330,523,,,,Nuit sans éclairage public,Hors agglomération,Hors intersection,Normale,Deux véhicules - frontale,,,,,,,,,,,3,1,1,1.0,1.0
201100004182,0011-06-05 04:30:00,11,6,5,4,30,330,240,,45.236,-0.961,Crépuscule ou aube,Hors agglomération,Hors intersection,Brouillard / fumée,Autre collision,,,,,,,,,,,2,1,1,5.0,6.0
201100004183,0011-06-07 17:00:00,11,6,7,17,0,330,240,route de GRAMMONT,45.312,-0.937,Plein jour,En agglomération,Hors intersection,Normale,Sans collision,,,,,,,,,,,1,2,1,1.0,7.0
201100004184,0011-08-16 16:45:00,11,8,16,16,45,330,177,,45.338,-0.974,Plein jour,Hors agglomération,Hors intersection,Normale,Deux véhicules - frontale,,,,,,,,,,,1,1,1,1.0,1.0
201100004185,0011-08-18 00:01:00,11,8,18,0,1,330,177,,,,Nuit sans éclairage public,Hors agglomération,Hors intersection,Normale,Sans collision,,,,,,,,,,,3,1,1,1.0,7.0
201100004186,0011-12-19 19:30:00,11,12,19,19,30,330,55,,,,Nuit sans éclairage public,Hors agglomération,Hors intersection,Pluie légère,Sans collision,,,,,,,,,,,3,1,1,2.0,7.0
201100004187,0011-01-07 21:00:00,11,1,7,21,0,330,22,,,,Nuit sans éclairage public,Hors agglomération,Hors intersection,Normale,Deux véhicules - frontale,,,,,,,,,,,3,1,1,1.0,1.0
201100004188,0011-01-27 17:00:00,11,1,27,17,0,330,22,,45.042,-0.752,Plein jour,Hors agglomération,Hors intersection,Normale,Sans collision,,,,,,,,,,,1,1,1,1.0,7.0
201100004189,0011-03-10 06:45:00,11,3,10,6,45,330,417,,,,Crépuscule ou aube,Hors agglomération,Hors intersection,Brouillard / fumée,Trois véhicules et plus - collisions multiples,,,,,,,,,,,2,1,1,5.0,5.0
201100004190,0011-03-21 11:45:00,11,3,21,11,45,330,22,,,,Plein jour,Hors agglomération,Hors intersection,Normale,Deux véhicules - côté,,,,,,,,,,,1,1,1,1.0,3.0
201100004191,0011-07-07 06:15:00,11,7,7,6,15,330,417,,,,Crépuscule ou aube,Hors agglomération,Hors intersection,Pluie légère,Autre collision,,,,,,,,,,,2,1,1,2.0,6.0
201100004192,0011-07-17 16:00:00,11,7,17,16,0,330,417,,,,Plein jour,Hors agglomération,Hors intersection,Normale,Deux véhicules - frontale,,,,,,,,,,,1,1,1,1.0,1.0
201100004193,0011-08-18 20:45:00,11,8,18,20,45,330,248,,,,Plein jour,Hors agglomération,Hors intersection,Normale,Autre collision,,,,,,,,,,,1,1,1,1.0,6.0
201100004194,0011-02-19 19:30:00,11,2,19,19,30,330,91,,45.031,-0.645,Nuit sans éclairage public,Hors agglomération,Hors intersection,Temps couvert,Sans collision,,,,,,,,,,,3,1,1,8.0,7.0
201100004195,0011-03-22 12:00:00,11,3,22,12,0,330,256,,44.978,-0.624,Plein jour,Hors agglomération,Hors intersection,Normale,Deux véhicules - frontale,,,,,,,,,,,1,1,1,1.0,1.0
201100004196,0011-03-25 22:30:00,11,3,25,22,30,330,322,rue jean jacques roussea,,,Nuit avec éclairage allumé,En agglomération,Hors intersection,Normale,Autre collision,,,,,,,,,,,5,2,1,1.0,6.0
201100004197,0011-07-23 00:45:00,11,7,23,0,45,330,262,40 route de Pauillac,45.01,-0.627,Nuit avec éclairage allumé,En agglomération,Hors intersection,Normale,Autre collision,,,,,,,,,,,5,2,1,1.0,6.0
201100004198,0011-11-25 15:00:00,11,11,25,15,0,330,268,cours de la Marne,45.039,-0.68,Plein jour,En agglomération,Hors intersection,Normale,Autre collision,,,,,,,,,,,1,2,1,1.0,6.0
201100004199,0011-12-25 22:45:00,11,12,25,22,45,330,322,,44.972,-0.635,Nuit sans éclairage public,Hors agglomération,Hors intersection,Normale,Sans collision,,,,,,,,,,,3,1,1,1.0,7.0
201100004200,0011-03-11 11:45:00,11,3,11,11,45,330,424,,,,Plein jour,Hors agglomération,Hors intersection,Normale,Sans collision,,,,,,,,,,,1,1,1,1.0,7.0
201100004201,0011-03-27 21:30:00,11,3,27,21,30,330,314,,,,Nuit sans éclairage public,Hors agglomération,Hors intersection,Normale,Autre collision,,,,,,,,,,,3,1,1,1.0,6.0
201100004202,0011-05-12 22:45:00,11,5,12,22,45,330,423,,,,Nuit sans éclairage public,Hors agglomération,Hors intersection,Normale,Autre collision,,,,,,,,,,,3,1,1,1.0,6.0
201100004203,0011-06-12 01:15:00,11,6,12,1,15,330,125,,,,Nuit sans éclairage public,Hors agglomération,Hors intersection,Normale,Sans collision,,,,,,,,,,,3,1,1,1.0,7.0
201100004204,0011-08-06 10:45:00,11,8,6,10,45,330,395,,45.24,-0.799,Plein jour,Hors agglomération,Hors intersection,Pluie légère,Deux véhicules - côté,,,,,,,,,,,1,1,1,2.0,3.0
201100004205,0011-08-12 13:45:00,11,8,12,13,45,330,314,2 quai Albert de Pichon,,,Plein jour,En agglomération,Hors intersection,Normale,Sans collision,,,,,,,,,,,1,2,1,1.0,7.0
201100004206,0011-09-15 08:00:00,11,9,15,8,0,330,395,,45.268,-0.79,Plein jour,Hors agglomération,Hors intersection,Normale,Deux véhicules - côté,,,,,,,,,,,1,1,1,1.0,3.0
201100004207,0011-10-03 17:30:00,11,10,3,17,30,330,314,,,,Plein jour,Hors agglomération,Hors intersection,Normale,Deux véhicules - arrière,,,,,,,,,,,1,1,1,1.0,2.0
201100004208,0011-12-03 15:30:00,11,12,3,15,30,330,125,,45.224,-0.867,Plein jour,Hors agglomération,Hors intersection,Pluie forte,Autre collision,,,,,,,,,,,1,1,1,3.0,6.0
201100004209,0011-12-23 15:00:00,11,12,23,15,0,330,125,,,,Plein jour,Hors agglomération,Intersection en Y,Normale,Deux véhicules - frontale,,,,,,,,,,,1,1,4,1.0,1.0
201100004210,0011-12-23 15:00:00,11,12,23,15,0,330,125,,45.218,-0.832,Plein jour,Hors agglomération,Hors intersection,Normale,Autre collision,,,,,,,,,,,1,1,1,1.0,6.0
201100004211,0011-05-22 19:30:00,11,5,22,19,30,330,540,9 rue de la poste,45.356,-1.062,Plein jour,En agglomération,Hors intersection,Normale,Deux véhicules - frontale,,,,,,,,,,,1,2,1,1.0,1.0
201100004212,0011-08-27 23:15:00,11,8,27,23,15,330,540,,,,Nuit sans éclairage public,Hors agglomération,Hors intersection,Normale,Deux véhicules - frontale,,,,,,,,,,,3,1,1,1.0,1.0
201100004213,0011-10-14 15:00:00,11,10,14,15,0,330,538,,,,Plein jour,Hors agglomération,Hors intersection,Normale,Deux véhicules - frontale,,,,,,,,,,,1,1,1,1.0,1.0
201100004214,0011-06-23 18:45:00,11,6,23,18,45,330,222,,44.956,-0.191,Plein jour,Hors agglomération,Hors intersection,Normale,Deux véhicules - frontale,,,,,,,,,,,1,1,1,1.0,1.0
201100004215,0011-08-27 12:45:00,11,8,27,12,45,330,470,route d'Asques,44.967,-0.403,Plein jour,En agglomération,Hors intersection,Normale,Deux véhicules - côté,,,,,,,,,,,1,2,1,1.0,3.0
201100004216,0011-11-01 11:15:00,11,11,1,11,15,330,52,,,,Plein jour,Hors agglomération,Hors intersection,Pluie légère,Autre collision,,,,,,,,,,,1,1,1,2.0,6.0
201100004217,0011-11-25 17:00:00,11,11,25,17,0,330,52,,,,Plein jour,Hors agglomération,Hors intersection,Normale,Deux véhicules - côté,,,,,,,,,,,1,1,1,1.0,3.0
201100004218,0011-01-24 09:00:00,11,1,24,9,0,330,194,,44.834,-0.204,Plein jour,Hors agglomération,Hors intersection,Normale,Deux véhicules - frontale,,,,,,,,,,,1,1,1,1.0,1.0
201100004219,0011-01-25 14:15:00,11,1,25,14,15,330,86,,44.796,-0.295,Plein jour,Hors agglomération,Hors intersection,Normale,Deux véhicules - côté,,,,,,,,,,,1,1,1,1.0,3.0
201100004220,0011-04-01 17:00:00,11,4,1,17,0,330,78,LACAREAU,44.829,-0.164,Plein jour,En agglomération,Hors intersection,Normale,Trois véhicules et plus - collisions multiples,,,,,,,,,,,1,2,1,1.0,5.0
201100004221,0011-07-19 03:15:00,11,7,19,3,15,330,488,,44.808,-0.131,Nuit sans éclairage public,Hors agglomération,Hors intersection,Normale,Autre collision,,,,,,,,,,,3,1,1,1.0,6.0
201100004222,0011-07-19 19:15:00,11,7,19,19,15,330,413,,44.85,-0.332,Plein jour,Hors agglomération,Hors intersection,Normale,Deux véhicules - frontale,,,,,,,,,,,1,1,1,1.0,1.0
201100004223,0011-07-29 12:00:00,11,7,29,12,0,330,298,,44.84,-0.21,Plein jour,Hors agglomération,Hors intersection,Normale,Deux véhicules - frontale,,,,,,,,,,,1,1,1,1.0,1.0
201100004224,0011-09-13 17:15:00,11,9,13,17,15,330,298,,44.893,-0.217,Plein jour,Hors agglomération,Hors intersection,Normale,Deux véhicules - côté,,,,,,,,,,,1,1,1,1.0,3.0
201100004225,0011-11-23 16:00:00,11,11,23,16,0,330,194,,44.828,-0.211,Plein jour,Hors agglomération,Hors intersection,Normale,Autre collision,,,,,,,,,,,1,1,1,1.0,6.0
201100004226,0011-01-28 10:30:00,11,1,28,10,30,330,394,,,,Plein jour,Hors agglomération,Hors intersection,Normale,Sans collision,,,,,,,,,,,1,1,1,1.0,7.0
201100004227,0011-02-24 22:00:00,11,2,24,22,0,330,108,rue Michel MONTAIGNE,,,Nuit avec éclairage allumé,En agglomération,Hors intersection,Normale,Deux véhicules - côté,,,,,,,,,,,5,2,1,1.0,3.0
201100004228,0011-03-24 00:15:00,11,3,24,0,15,330,480,Av du G?n?ral de Gaulle,,,Nuit avec éclairage allumé,En agglomération,Hors intersection,Normale,Autre collision,,,,,,,,,,,5,2,1,1.0,6.0
201100004229,0011-04-16 20:00:00,11,4,16,20,0,330,426,,,,Plein jour,Hors agglomération,Hors intersection,Normale,Autre collision,,,,,,,,,,,1,1,1,1.0,6.0
201100004230,0011-04-21 23:45:00,11,4,21,23,45,330,437,"2 Route de coutras, D 17",,,Nuit avec éclairage non allumé,En agglomération,Hors intersection,Normale,Autre collision,,,,,,,,,,,4,2,1,1.0,6.0
201100004231,0011-05-11 11:30:00,11,5,11,11,30,330,108,rue Michel Montaigne,,,Plein jour,En agglomération,Hors intersection,Normale,Autre collision,,,,,,,,,,,1,2,1,1.0,6.0
201100004232,0011-05-24 18:15:00,11,5,24,18,15,330,394,,,,Plein jour,Hors agglomération,Passage à niveau,Normale,Deux véhicules - côté,,,,,,,,,,,1,1,8,1.0,3.0
201100004233,0011-08-06 11:15:00,11,8,6,11,15,330,108,,,,Plein jour,Hors agglomération,Hors intersection,Normale,Autre collision,,,,,,,,,,,1,1,1,1.0,6.0
201100004234,0011-08-12 11:30:00,11,8,12,11,30,330,437,14 avenue de l'Europe,,,Plein jour,En agglomération,Hors intersection,Normale,Deux véhicules - frontale,,,,,,,,,,,1,2,1,1.0,1.0
201100004235,0011-08-19 18:30:00,11,8,19,18,30,330,108,,,,Plein jour,En agglomération,Hors intersection,Temps éblouissant,Deux véhicules - côté,,,,,,,,,,,1,2,1,7.0,3.0
201100004236,0011-09-03 00:30:00,11,9,3,0,30,330,437,,44.859,-0.086,Nuit sans éclairage public,Hors agglomération,Hors intersection,Normale,Trois véhicules et plus - collisions multiples,,,,,,,,,,,3,1,1,1.0,5.0
201100004237,0011-09-17 13:45:00,11,9,17,13,45,330,108,,,,Plein jour,Hors agglomération,Intersection en X,Normale,Deux véhicules - côté,,,,,,,,,,,1,1,2,1.0,3.0
201100004238,0011-10-06 17:45:00,11,10,6,17,45,330,437,12 avenue Gal de Gaulle,,,Plein jour,En agglomération,Hors intersection,Temps couvert,Deux véhicules - côté,,,,,,,,,,,1,2,1,8.0,3.0
201100004239,0011-10-07 21:45:00,11,10,7,21,45,330,480,,,,Nuit sans éclairage public,Hors agglomération,Autre intersection,Normale,Autre collision,,,,,,,,,,,3,1,9,1.0,6.0
201100004240,0011-11-12 16:15:00,11,11,12,16,15,330,394,,,,Plein jour,Hors agglomération,Hors intersection,Normale,Trois véhicules et plus - en chaîne,,,,,,,,,,,1,1,1,1.0,4.0
201100004241,0011-11-29 09:00:00,11,11,29,9,0,330,480,,,,Plein jour,En agglomération,Hors intersection,Normale,Trois véhicules et plus - collisions multiples,,,,,,,,,,,1,2,1,1.0,5.0
201100004242,0011-12-07 18:45:00,11,12,7,18,45,330,461,lieu dit Minge Chaude,,,Nuit avec éclairage allumé,En agglomération,Hors intersection,Normale,Autre collision,,,,,,,,,,,5,2,1,1.0,6.0
201100004243,0011-12-10 17:45:00,11,12,10,17,45,330,437,BLANZAC,,,Crépuscule ou aube,En agglomération,Hors intersection,Temps couvert,Deux véhicules - frontale,,,,,,,,,,,2,2,1,8.0,1.0
201100004244,0011-12-21 16:30:00,11,12,21,16,30,330,437,,,,Plein jour,Hors agglomération,Hors intersection,Pluie légère,Deux véhicules - frontale,,,,,,,,,,,1,1,1,2.0,1.0
201100004245,0011-01-15 23:30:00,11,1,15,23,30,330,154,,,,Nuit avec éclairage allumé,Hors agglomération,Hors intersection,Brouillard / fumée,Autre collision,,,,,,,,,,,5,1,1,5.0,6.0
201100004246,0011-02-15 15:00:00,11,2,15,15,0,330,1,,,,Plein jour,Hors agglomération,Hors intersection,Pluie légère,Deux véhicules - arrière,,,,,,,,,,,1,1,1,2.0,2.0
201100004247,0011-04-17 12:15:00,11,4,17,12,15,330,138,chemin de Couperie Nord,,,Plein jour,En agglomération,Hors intersection,Normale,Deux véhicules - côté,,,,,,,,,,,1,2,1,1.0,3.0
201100004248,0011-05-28 19:30:00,11,5,28,19,30,330,154,,,,Plein jour,Hors agglomération,Hors intersection,Normale,Autre collision,,,,,,,,,,,1,1,1,1.0,6.0
201100004249,0011-07-03 12:30:00,11,7,3,12,30,330,124,,,,Plein jour,Hors agglomération,Hors intersection,Normale,Deux véhicules - arrière,,,,,,,,,,,1,1,1,1.0,2.0
201100004250,0011-08-01 18:15:00,11,8,1,18,15,330,154,,,,Plein jour,Hors agglomération,Hors intersection,Normale,Deux véhicules - arrière,,,,,,,,,,,1,1,1,1.0,2.0
201100004251,0011-08-07 17:00:00,11,8,7,17,0,330,138,,,,Plein jour,Hors agglomération,Hors intersection,Normale,Deux véhicules - côté,,,,,,,,,,,1,1,1,1.0,3.0
201100004252,0011-12-19 17:15:00,11,12,19,17,15,330,138,63 Rue Baste,,,Crépuscule ou aube,En agglomération,Hors intersection,Pluie légère,Autre collision,,,,,,,,,,,2,2,1,2.0,6.0
201100004253,0011-02-04 17:30:00,11,2,4,17,30,330,445,,45.038,-0.262,Plein jour,Hors agglomération,Hors intersection,Temps couvert,Deux véhicules - frontale,,,,,,,,,,,1,1,1,8.0,1.0
201100004254,0011-02-05 14:30:00,11,2,5,14,30,330,218,7 LE BOURG,,,Plein jour,En agglomération,Hors intersection,Normale,Sans collision,,,,,,,,,,,1,2,1,1.0,7.0
201100004255,0011-06-30 00:01:00,11,6,30,0,1,330,393,,,,Nuit sans éclairage public,Hors agglomération,Hors intersection,Normale,Trois véhicules et plus - collisions multiples,,,,,,,,,,,3,1,1,1.0,5.0
201100004256,0011-07-26 08:30:00,11,7,26,8,30,330,393,,44.97,-0.223,Plein jour,Hors agglomération,Hors intersection,Pluie légère,Autre collision,,,,,,,,,,,1,1,1,2.0,6.0
201100004257,0011-08-20 12:00:00,11,8,20,12,0,330,393,,,,Plein jour,Hors agglomération,Hors intersection,Normale,Autre collision,,,,,,,,,,,1,1,1,1.0,6.0
201100004258,0011-08-29 17:15:00,11,8,29,17,15,330,393,,,,Plein jour,Hors agglomération,Hors intersection,Normale,Deux véhicules - frontale,,,,,,,,,,,1,1,1,1.0,1.0
201100004259,0011-09-02 21:30:00,11,9,2,21,30,330,34,,,,Nuit sans éclairage public,Hors agglomération,Hors intersection,Normale,Autre collision,,,,,,,,,,,3,1,1,1.0,6.0
201100004260,0011-09-30 14:15:00,11,9,30,14,15,330,393,,,,Plein jour,Hors agglomération,Hors intersection,Normale,Deux véhicules - frontale,,,,,,,,,,,1,1,1,1.0,1.0
201100004261,0011-01-29 16:00:00,11,1,29,16,0,330,378,,44.84,0.27,Plein jour,Hors agglomération,Hors intersection,Pluie légère,Trois véhicules et plus - collisions multiples,,,,,,,,,,,1,1,1,2.0,5.0
201100004262,0011-03-05 15:30:00,11,3,5,15,30,330,402,Rue de la R?publique,,,Plein jour,En agglomération,Hors intersection,Normale,Deux véhicules - frontale,,,,,,,,,,,1,2,1,1.0,1.0
201100004263,0011-05-09 08:15:00,11,5,9,8,15,330,324,,44.834,0.246,Plein jour,Hors agglomération,Hors intersection,Normale,Autre collision,,,,,,,,,,,1,1,1,1.0,6.0
201100004264,0011-06-16 16:00:00,11,6,16,16,0,330,324,,44.845,0.25,Plein jour,Hors agglomération,Hors intersection,Normale,Deux véhicules - frontale,,,,,,,,,,,1,1,1,1.0,1.0
201100004265,0011-07-26 21:15:00,11,7,26,21,15,330,378,,,,Crépuscule ou aube,Hors agglomération,Hors intersection,Pluie forte,Autre collision,,,,,,,,,,,2,1,1,3.0,6.0
201100004266,0011-09-18 19:30:00,11,9,18,19,30,330,168,,,,Plein jour,Hors agglomération,Hors intersection,Normale,Autre collision,,,,,,,,,,,1,1,1,1.0,6.0
201100004267,0011-10-13 16:45:00,11,10,13,16,45,330,324,Carrefour du Priolat,,,Plein jour,En agglomération,Hors intersection,Normale,Autre collision,,,,,,,,,,,1,2,1,1.0,6.0
201100004268,0011-12-04 11:30:00,11,12,4,11,30,330,324,CD672,44.825,0.195,Plein jour,En agglomération,Hors intersection,Pluie légère,Autre collision,,,,,,,,,,,1,2,1,2.0,6.0
201100004269,0011-02-16 21:30:00,11,2,16,21,30,330,332,,,,Nuit avec éclairage allumé,Hors agglomération,Hors intersection,Normale,Deux véhicules - côté,,,,,,,,,,,5,1,1,1.0,3.0
201100004270,0011-04-05 21:00:00,11,4,5,21,0,330,261,,,,Crépuscule ou aube,Hors agglomération,Hors intersection,Normale,Autre collision,,,,,,,,,,,2,1,1,1.0,6.0
201100004271,0011-04-23 21:30:00,11,4,23,21,30,330,320,,,,Nuit avec éclairage allumé,En agglomération,Intersection en X,Normale,Deux véhicules - frontale,,,,,,,,,,,5,2,2,1.0,1.0
201100004272,0011-05-18 22:00:00,11,5,18,22,0,330,166,,,,Nuit sans éclairage public,Hors agglomération,Hors intersection,Normale,Sans collision,,,,,,,,,,,3,1,1,1.0,7.0
201100004273,0011-02-24 11:45:00,11,2,24,11,45,330,317,,,,Plein jour,Hors agglomération,Hors intersection,Pluie légère,Deux véhicules - côté,,,,,,,,,,,1,1,1,2.0,3.0
201100004274,0011-03-22 09:15:00,11,3,22,9,15,330,317,,,,Plein jour,Hors agglomération,Autre intersection,Normale,Autre collision,,,,,,,,,,,1,1,9,1.0,6.0
201100004275,0011-06-03 13:00:00,11,6,3,13,0,330,179,,,,Plein jour,Hors agglomération,Hors intersection,Normale,Deux véhicules - côté,,,,,,,,,,,1,1,1,1.0,3.0
201100004276,0011-01-19 10:00:00,11,1,19,10,0,240,258,,45.107,0.777,Plein jour,Hors agglomération,Hors intersection,Normale,Deux véhicules - frontale,,,,,,,,,,,1,1,1,1.0,1.0
201100004277,0011-03-18 23:15:00,11,3,18,23,15,240,115,CD939,,,Nuit avec éclairage allumé,En agglomération,Hors intersection,Pluie légère,Autre collision,,,,,,,,,,,5,2,1,2.0,6.0
201100004278,0011-04-11 19:15:00,11,4,11,19,15,240,26,,45.196,0.844,Plein jour,Hors agglomération,Hors intersection,Normale,Autre collision,,,,,,,,,,,1,1,1,1.0,6.0
201100004279,0011-04-23 17:45:00,11,4,23,17,45,240,220,,45.039,0.872,Plein jour,Hors agglomération,Hors intersection,Normale,Autre collision,,,,,,,,,,,1,1,1,1.0,6.0
201100004280,0011-05-15 13:00:00,11,5,15,13,0,240,160,,45.095,0.734,Plein jour,Hors agglomération,Hors intersection,Normale,Autre collision,,,,,,,,,,,1,1,1,1.0,6.0
201100004281,0011-06-21 18:15:00,11,6,21,18,15,240,156,,45.068,0.845,Plein jour,Hors agglomération,Hors intersection,Normale,Deux véhicules - côté,,,,,,,,,,,1,1,1,1.0,3.0
201100004282,0011-06-25 09:45:00,11,6,25,9,45,240,576,,,,Plein jour,Hors agglomération,Hors intersection,Normale,Deux véhicules - frontale,,,,,,,,,,,1,1,1,1.0,1.0