accident_id,datetime,annee,mois,jour,heure,minute,departement,commune_insee,adresse,latitude,longitude,luminosite,agglomeration,intersection,meteo,collision,nb_vehicules,nb_usagers,nb_indemnes,nb_tues,nb_blesses_hosp,nb_blesses_legers,age_cond_1,age_cond_2,veh_type_cond_1,veh_type_cond_2,lum_code,agg_code,int_code,atm_code,col_code
201100004283,0011-06-25 08:00:00,11,6,25,8,0,240,156,,,,Plein jour,Hors agglomération,Hors intersection,Normale,Deux véhicules - côté,,,,,,,,,,,1,1,1,1.0,3.0
201100004284,0011-07-19 22:00:00,11,7,19,22,0,240,146,,45.062,0.678,Nuit sans éclairage public,Hors agglomération,Hors intersection,Normale,Deux véhicules - frontale,,,,,,,,,,,3,1,1,1.0,1.0
201100004285,0011-08-04 12:00:00,11,8,4,12,0,240,65,,45.046,0.749,Plein jour,Hors agglomération,Hors intersection,Normale,Deux véhicules - côté,,,,,,,,,,,1,1,1,1.0,3.0
201100004286,0011-08-24 10:45:00,11,8,24,10,45,240,208,,,,Plein jour,Hors agglomération,Hors intersection,Pluie légère,Deux véhicules - côté,,,,,,,,,,,1,1,1,2.0,3.0
201100004287,0011-08-26 17:00:00,11,8,26,17,0,240,571,,,,Plein jour,Hors agglomération,Hors intersection,Normale,Deux véhicules - côté,,,,,,,,,,,1,1,1,1.0,3.0
201100004288,0011-09-12 08:15:00,11,9,12,8,15,240,13,,45.139,0.758,Plein jour,Hors agglomération,Hors intersection,Normale,Sans collision,,,,,,,,,,,1,1,1,1.0,7.0
201100004289,0011-09-17 06:30:00,11,9,17,6,30,240,160,,45.102,0.726,Nuit sans éclairage public,Hors agglomération,Hors intersection,Normale,Deux véhicules - côté,,,,,,,,,,,3,1,1,1.0,3.0
201100004290,0011-10-21 18:45:00,11,10,21,18,45,240,447,,45.11,0.836,Crépuscule ou aube,Hors agglomération,Hors intersection,Normale,Deux véhicules - arrière,,,,,,,,,,,2,1,1,1.0,2.0
201100004291,0011-12-01 12:15:00,11,12,1,12,15,240,26,,45.19,0.804,Plein jour,Hors agglomération,Hors intersection,Normale,Deux véhicules - côté,,,,,,,,,,,1,1,1,1.0,3.0
201100004292,0011-12-08 14:30:00,11,12,8,14,30,240,115,,,,Plein jour,En agglomération,Hors intersection,Normale,Trois véhicules et plus - collisions multiples,,,,,,,,,,,1,2,1,1.0,5.0
201100004293,0011-12-10 00:30:00,11,12,10,0,30,240,270,,45.131,0.942,Nuit sans éclairage public,Hors agglomération,Hors intersection,Pluie légère,Sans collision,,,,,,,,,,,3,1,1,2.0,7.0
201100004294,0011-12-10 15:45:00,11,12,10,15,45,240,98,,,,Plein jour,Hors agglomération,Hors intersection,Normale,Deux véhicules - côté,,,,,,,,,,,1,1,1,1.0,3.0
201100004295,0011-12-10 10:00:00,11,12,10,10,0,240,156,,45.046,0.856,Plein jour,Hors agglomération,Hors intersection,Normale,Autre collision,,,,,,,,,,,1,1,1,1.0,6.0
201100004296,0011-12-15 22:00:00,11,12,15,22,0,240,190,,44.98,0.659,Nuit sans éclairage public,Hors agglomération,Hors intersection,Pluie légère,Autre collision,,,,,,,,,,,3,1,1,2.0,6.0
201100004297,0011-12-20 17:30:00,11,12,20,17,30,240,98,,45.229,0.717,Nuit sans éclairage public,Hors agglomération,Intersection en Y,Pluie légère,Deux véhicules - côté,,,,,,,,,,,3,1,4,2.0,3.0
201100004298,0011-12-31 17:45:00,11,12,31,17,45,240,42,,,,Crépuscule ou aube,Hors agglomération,Hors intersection,Pluie légère,Trois véhicules et plus - collisions multiples,,,,,,,,,,,2,1,1,2.0,5.0
201100004299,0011-01-16 19:00:00,11,1,16,19,0,240,96,,45.657,6.137,Nuit sans éclairage public,Hors agglomération,Hors intersection,Normale,Deux véhicules - frontale,,,,,,,,,,,3,1,1,1.0,1.0
201100004300,0011-03-19 15:00:00,11,3,19,15,0,240,79,,45.652,0.071,Plein jour,Hors agglomération,Hors intersection,Normale,Deux véhicules - frontale,,,,,,,,,,,1,1,1,1.0,1.0
201100004301,0011-06-04 14:30:00,11,6,4,14,30,240,391,,45.664,0.024,Plein jour,Hors agglomération,Hors intersection,Normale,Deux véhicules - côté,,,,,,,,,,,1,1,1,1.0,3.0
201100004302,0011-06-17 09:15:00,11,6,17,9,15,240,129,,45.607,0.196,Plein jour,Hors agglomération,Hors intersection,Normale,Deux véhicules - côté,,,,,,,,,,,1,1,1,1.0,3.0
201100004303,0011-07-02 15:30:00,11,7,2,15,30,240,561,,45.533,0.056,Plein jour,Hors agglomération,Hors intersection,Normale,Deux véhicules - frontale,,,,,,,,,,,1,1,1,1.0,1.0
201100004304,0011-07-12 12:15:00,11,7,12,12,15,240,64,rue du dr devillard,,,Plein jour,En agglomération,Hors intersection,Normale,Autre collision,,,,,,,,,,,1,2,1,1.0,6.0
201100004305,0011-07-14 15:15:00,11,7,14,15,15,240,353,,,,Plein jour,Hors agglomération,Hors intersection,Normale,Autre collision,,,,,,,,,,,1,1,1,1.0,6.0
201100004306,0011-07-23 17:00:00,11,7,23,17,0,240,64,,45.588,0.082,Plein jour,Hors agglomération,Hors intersection,Normale,Deux véhicules - côté,,,,,,,,,,,1,1,1,1.0,3.0
201100004307,0011-08-17 14:30:00,11,8,17,14,30,240,353,,,,Plein jour,Hors agglomération,Hors intersection,Normale,Deux véhicules - frontale,,,,,,,,,,,1,1,1,1.0,1.0
201100004308,0011-08-25 15:30:00,11,8,25,15,30,240,64,,45.767,0.068,Plein jour,Hors agglomération,Hors intersection,Normale,Autre collision,,,,,,,,,,,1,1,1,1.0,6.0
201100004309,0011-09-16 17:45:00,11,9,16,17,45,240,64,,,,Plein jour,Hors agglomération,Hors intersection,Normale,Sans collision,,,,,,,,,,,1,1,1,1.0,7.0
201100004310,0011-09-26 22:15:00,11,9,26,22,15,240,353,,,,Nuit sans éclairage public,Hors agglomération,Hors intersection,Normale,Autre collision,,,,,,,,,,,3,1,1,1.0,6.0
201100004311,0011-11-27 21:45:00,11,11,27,21,45,240,561,,,,Nuit sans éclairage public,Hors agglomération,Hors intersection,Normale,Sans collision,,,,,,,,,,,3,1,1,1.0,7.0
201100004312,0011-11-30 07:30:00,11,11,30,7,30,240,403,,45.687,0.957,Crépuscule ou aube,Hors agglomération,Hors intersection,Brouillard / fumée,Deux véhicules - côté,,,,,,,,,,,2,1,1,5.0,3.0
201100004313,0011-12-10 06:30:00,11,12,10,6,30,240,107,le bourg,,,Nuit sans éclairage public,En agglomération,Hors intersection,Pluie légère,Autre collision,,,,,,,,,,,3,2,1,2.0,6.0
201100004314,0011-12-16 11:45:00,11,12,16,11,45,240,353,,,,Plein jour,Hors agglomération,Hors intersection,Pluie forte,Autre collision,,,,,,,,,,,1,1,1,3.0,6.0
201100004315,0011-04-20 05:30:00,11,4,20,5,30,240,139,,45.14,0.653,Nuit sans éclairage public,Hors agglomération,Hors intersection,Normale,Sans collision,,,,,,,,,,,3,1,1,1.0,7.0
201100004316,0011-05-16 11:00:00,11,5,16,11,0,240,442,,45.209,0.823,Plein jour,Hors agglomération,Hors intersection,Normale,Deux véhicules - frontale,,,,,,,,,,,1,1,1,1.0,1.0
201100004317,0011-10-07 10:00:00,11,10,7,10,0,240,266,,45.381,0.93,Plein jour,Hors agglomération,Hors intersection,Normale,Autre collision,,,,,,,,,,,1,1,1,1.0,6.0
201100004318,0011-10-19 19:00:00,11,10,19,19,0,240,108,,45.347,0.011,Crépuscule ou aube,Hors agglomération,Hors intersection,Normale,Deux véhicules - frontale,,,,,,,,,,,2,1,1,1.0,1.0
201100004319,0011-10-22 13:00:00,11,10,22,13,0,240,251,,45.093,0.592,Plein jour,Hors agglomération,Hors intersection,Normale,Deux véhicules - côté,,,,,,,,,,,1,1,1,1.0,3.0
201100004320,0011-01-21 13:45:00,11,1,21,13,45,240,120,,45.311,1.138,Plein jour,Hors agglomération,Hors intersection,Normale,Sans collision,,,,,,,,,,,1,1,1,1.0,7.0
201100004321,0011-02-11 17:15:00,11,2,11,17,15,240,476,,45.321,1.01,Plein jour,Hors agglomération,Hors intersection,Normale,Deux véhicules - frontale,,,,,,,,,,,1,1,1,1.0,1.0
201100004322,0011-03-11 14:15:00,11,3,11,14,15,240,103,,45.214,0.899,Plein jour,Hors agglomération,Autre intersection,Temps éblouissant,Deux véhicules - côté,,,,,,,,,,,1,1,9,7.0,3.0
201100004323,0011-03-14 07:15:00,11,3,14,7,15,240,210,,45.26,1.14,Plein jour,Hors agglomération,Hors intersection,Normale,Autre collision,,,,,,,,,,,1,1,1,1.0,6.0
201100004324,0011-03-15 18:00:00,11,3,15,18,0,240,188,,45.128,0.987,Plein jour,Hors agglomération,Hors intersection,Pluie légère,Sans collision,,,,,,,,,,,1,1,1,2.0,7.0
201100004325,0011-04-02 05:45:00,11,4,2,5,45,240,120,,45.3,1.13,Nuit sans éclairage public,Hors agglomération,Hors intersection,Normale,Autre collision,,,,,,,,,,,3,1,1,1.0,6.0
201100004326,0011-04-22 19:00:00,11,4,22,19,0,240,521,13 rue de l'Eglise,45.243,0.873,Plein jour,En agglomération,Hors intersection,Normale,Deux véhicules - frontale,,,,,,,,,,,1,2,1,1.0,1.0
201100004327,0011-06-21 11:15:00,11,6,21,11,15,240,540,,45.314,0.839,Plein jour,Hors agglomération,Hors intersection,Normale,Autre collision,,,,,,,,,,,1,1,1,1.0,6.0
201100004328,0011-08-05 02:30:00,11,8,5,2,30,240,66,,45.215,0.976,Nuit sans éclairage public,Hors agglomération,Hors intersection,Normale,Autre collision,,,,,,,,,,,3,1,1,1.0,6.0
201100004329,0011-08-12 16:00:00,11,8,12,16,0,240,527,,45.265,0.903,Plein jour,Hors agglomération,Hors intersection,Normale,Deux véhicules - frontale,,,,,,,,,,,1,1,1,1.0,1.0
201100004330,0011-08-24 09:15:00,11,8,24,9,15,240,103,,45.217,0.911,Plein jour,Hors agglomération,Hors intersection,Pluie forte,Autre collision,,,,,,,,,,,1,1,1,3.0,6.0
201100004331,0011-02-13 01:30:00,11,2,13,1,30,240,224,,44.9,0.55,Nuit sans éclairage public,Hors agglomération,Hors intersection,Brouillard / fumée,Autre collision,,,,,,,,,,,3,1,1,5.0,6.0
201100004332,0011-04-03 07:00:00,11,4,3,7,0,240,194,,44.836,0.306,Crépuscule ou aube,Hors agglomération,Hors intersection,Normale,Autre collision,,,,,,,,,,,2,1,1,1.0,6.0
201100004333,0011-04-26 15:15:00,11,4,26,15,15,240,155,,45.04,0.03,Plein jour,Hors agglomération,Intersection en X,Normale,Deux véhicules - côté,,,,,,,,,,,1,1,2,1.0,3.0
201100004334,0011-05-01 05:00:00,11,5,1,5,0,240,581,,,,Nuit sans éclairage public,Hors agglomération,Hors intersection,Normale,Autre collision,,,,,,,,,,,3,1,1,1.0,6.0
201100004335,0011-05-04 16:15:00,11,5,4,16,15,240,225,,,,Plein jour,Hors agglomération,Hors intersection,Normale,Deux véhicules - frontale,,,,,,,,,,,1,1,1,1.0,1.0
201100004336,0011-06-21 18:00:00,11,6,21,18,0,240,155,,,,Plein jour,Hors agglomération,Hors intersection,Normale,Deux véhicules - côté,,,,,,,,,,,1,1,1,1.0,3.0
201100004337,0011-08-30 16:00:00,11,8,30,16,0,240,224,,,,Plein jour,Hors agglomération,Hors intersection,Normale,Autre collision,,,,,,,,,,,1,1,1,1.0,6.0
201100004338,0011-09-04 11:45:00,11,9,4,11,45,240,225,,,,Plein jour,Hors agglomération,Hors intersection,Temps couvert,Deux véhicules - frontale,,,,,,,,,,,1,1,1,8.0,1.0
201100004339,0011-11-13 00:45:00,11,11,13,0,45,240,340,,,,Nuit sans éclairage public,Hors agglomération,Hors intersection,Normale,Autre collision,,,,,,,,,,,3,1,1,1.0,6.0
201100004340,0011-11-16 10:00:00,11,11,16,10,0,240,194,route des coteau,44.834,0.325,Plein jour,En agglomération,Hors intersection,Normale,Autre collision,,,,,,,,,,,1,2,1,1.0,6.0
201100004341,0011-11-22 02:00:00,11,11,22,2,0,240,570,,,,Nuit sans éclairage public,Hors agglomération,Hors intersection,Normale,Autre collision,,,,,,,,,,,3,1,1,1.0,6.0
201100004342,0011-11-30 12:15:00,11,11,30,12,15,240,487,,44.858,0.308,Plein jour,Hors agglomération,Intersection en X,Normale,Deux véhicules - côté,,,,,,,,,,,1,1,2,1.0,3.0
201100004343,0011-04-12 09:30:00,11,4,12,9,30,240,379,,44.792,0.837,Plein jour,Hors agglomération,Hors intersection,Normale,Trois véhicules et plus - collisions multiples,,,,,,,,,,,1,1,1,1.0,5.0
201100004344,0011-04-14 12:15:00,11,4,14,12,15,240,273,,44.804,0.803,Plein jour,Hors agglomération,Hors intersection,Normale,Deux véhicules - frontale,,,,,,,,,,,1,1,1,1.0,1.0
201100004345,0011-05-09 16:15:00,11,5,9,16,15,240,497,,44.684,0.764,Plein jour,Hors agglomération,Hors intersection,Normale,Autre collision,,,,,,,,,,,1,1,1,1.0,6.0
201100004346,0011-05-27 12:30:00,11,5,27,12,30,240,497,,44.698,0.73,Plein jour,Hors agglomération,Hors intersection,Normale,Autre collision,,,,,,,,,,,1,1,1,1.0,6.0
201100004347,0011-07-25 14:15:00,11,7,25,14,15,240,73,,44.854,0.814,Plein jour,Hors agglomération,Hors intersection,Pluie légère,Deux véhicules - frontale,,,,,,,,,,,1,1,1,2.0,1.0
201100004348,0011-09-21 07:15:00,11,9,21,7,15,240,28,route de Lalinde,44.776,0.767,Crépuscule ou aube,En agglomération,Hors intersection,Normale,Deux véhicules - côté,,,,,,,,,,,2,2,1,1.0,3.0
201100004349,0011-04-09 21:15:00,11,4,9,21,15,240,223,chemin de halage,44.842,0.736,Nuit sans éclairage public,En agglomération,Hors intersection,Normale,Autre collision,,,,,,,,,,,3,2,1,1.0,6.0
201100004350,0011-05-17 22:30:00,11,5,17,22,30,240,318,,44.5,0.42,Nuit sans éclairage public,Hors agglomération,Hors intersection,Normale,Autre collision,,,,,,,,,,,3,1,1,1.0,6.0
201100004351,0011-05-29 10:30:00,11,5,29,10,30,240,223,Port de couze,44.83,0.7,Plein jour,En agglomération,Hors intersection,Normale,Deux véhicules - côté,,,,,,,,,,,1,2,1,1.0,3.0
201100004352,0011-08-26 09:00:00,11,8,26,9,0,240,223,,44.839,0.728,Plein jour,Hors agglomération,Hors intersection,Normale,Deux véhicules - frontale,,,,,,,,,,,1,1,1,1.0,1.0
201100004353,0011-09-07 11:30:00,11,9,7,11,30,240,223,,44.869,0.717,Plein jour,Hors agglomération,Hors intersection,Normale,Autre collision,,,,,,,,,,,1,1,1,1.0,6.0
201100004354,0011-09-15 08:30:00,11,9,15,8,30,240,362,,44.552,0.455,Plein jour,Hors agglomération,Hors intersection,Normale,Autre collision,,,,,,,,,,,1,1,1,1.0,6.0
201100004355,0011-11-24 14:45:00,11,11,24,14,45,240,143,,44.825,0.731,Plein jour,Hors agglomération,Hors intersection,Temps éblouissant,Autre collision,,,,,,,,,,,1,1,1,7.0,6.0
201100004356,0011-01-07 15:45:00,11,1,7,15,45,240,514,,,,Plein jour,Hors agglomération,Hors intersection,Normale,Deux véhicules - frontale,,,,,,,,,,,1,1,1,1.0,1.0
201100004357,0011-01-12 16:00:00,11,1,12,16,0,240,568,,44.414,0.204,Plein jour,Hors agglomération,Intersection en T,Normale,Deux véhicules - côté,,,,,,,,,,,1,1,3,1.0,3.0
201100004358,0011-01-13 19:15:00,11,1,13,19,15,240,370,,44.399,0.251,Nuit sans éclairage public,Hors agglomération,Hors intersection,Brouillard / fumée,Deux véhicules - frontale,,,,,,,,,,,3,1,1,5.0,1.0
201100004359,0011-04-27 18:15:00,11,4,27,18,15,240,454,,44.583,0.729,Plein jour,Hors agglomération,Hors intersection,Normale,Autre collision,,,,,,,,,,,1,1,1,1.0,6.0
201100004360,0011-05-13 16:45:00,11,5,13,16,45,240,335,"lieu dit ""m?zi?res""",,,Plein jour,En agglomération,Hors intersection,Normale,Autre collision,,,,,,,,,,,1,2,1,1.0,6.0
201100004361,0011-05-25 18:45:00,11,5,25,18,45,240,494,,44.943,0.15,Plein jour,Hors agglomération,Hors intersection,Normale,Autre collision,,,,,,,,,,,1,1,1,1.0,6.0
201100004362,0011-06-14 18:45:00,11,6,14,18,45,240,226,39 route de BERGERAC,,,Plein jour,En agglomération,Autre intersection,Normale,Deux véhicules - frontale,,,,,,,,,,,1,2,9,1.0,1.0
201100004363,0011-06-30 18:00:00,11,6,30,18,0,240,461,,44.542,0.309,Plein jour,Hors agglomération,Hors intersection,Normale,Autre collision,,,,,,,,,,,1,1,1,1.0,6.0
201100004364,0011-07-31 10:45:00,11,7,31,10,45,240,335,,44.419,2.009,Plein jour,Hors agglomération,Hors intersection,Normale,Autre collision,,,,,,,,,,,1,1,1,1.0,6.0
201100004365,0011-08-16 01:00:00,11,8,16,1,0,240,335,41 rue des sables,44.835,0.19,Nuit sans éclairage public,En agglomération,Hors intersection,Normale,Deux véhicules - frontale,,,,,,,,,,,3,2,1,1.0,1.0
201100004366,0011-08-25 17:30:00,11,8,25,17,30,240,335,,44.416,0.374,Plein jour,Hors agglomération,Hors intersection,Normale,Deux véhicules - frontale,,,,,,,,,,,1,1,1,1.0,1.0
201100004367,0011-10-14 12:45:00,11,10,14,12,45,240,335,,,,Plein jour,Hors agglomération,Hors intersection,Normale,Autre collision,,,,,,,,,,,1,1,1,1.0,6.0
201100004368,0011-02-06 15:45:00,11,2,6,15,45,240,271,,,,Plein jour,Hors agglomération,Hors intersection,Normale,Autre collision,,,,,,,,,,,1,1,1,1.0,6.0
201100004369,0011-03-07 20:45:00,11,3,7,20,45,240,479,AVENUE SIREYJOL,,,Crépuscule ou aube,En agglomération,Hors intersection,Normale,Deux véhicules - frontale,,,,,,,,,,,2,2,1,1.0,1.0
201100004370,0011-03-17 07:45:00,11,3,17,7,45,240,311,9 rue de la croisette,45.533,0.666,Plein jour,En agglomération,Hors intersection,Normale,Autre collision,,,,,,,,,,,1,2,1,1.0,6.0
201100004371,0011-05-18 11:30:00,11,5,18,11,30,240,214,Route de Nontron,45.571,0.565,Nuit avec éclairage allumé,En agglomération,Hors intersection,Normale,Autre collision,,,,,,,,,,,5,2,1,1.0,6.0
201100004372,0011-07-03 06:15:00,11,7,3,6,15,240,565,,45.614,0.537,Plein jour,Hors agglomération,Hors intersection,Normale,Autre collision,,,,,,,,,,,1,1,1,1.0,6.0
201100004373,0011-07-21 13:30:00,11,7,21,13,30,240,100,,,,Plein jour,Hors agglomération,Hors intersection,Normale,Deux véhicules - frontale,,,,,,,,,,,1,1,1,1.0,1.0
201100004374,0011-08-28 10:15:00,11,8,28,10,15,240,451,le bourg,45.52,0.66,Plein jour,En agglomération,Hors intersection,Normale,Autre collision,,,,,,,,,,,1,2,1,1.0,6.0
201100004375,0011-09-09 18:15:00,11,9,9,18,15,240,328,,45.616,0.706,Plein jour,Hors agglomération,Hors intersection,Normale,Deux véhicules - côté,,,,,,,,,,,1,1,1,1.0,3.0
201100004376,0011-09-29 07:15:00,11,9,29,7,15,240,311,,45.523,0.702,Crépuscule ou aube,Hors agglomération,Hors intersection,Normale,Deux véhicules - côté,,,,,,,,,,,2,1,1,1.0,3.0
201100004377,0011-11-14 15:15:00,11,11,14,15,15,240,214,,45.581,0.522,Plein jour,Hors agglomération,Hors intersection,Normale,Deux véhicules - frontale,,,,,,,,,,,1,1,1,1.0,1.0
201100004378,0011-12-03 07:00:00,11,12,3,7,0,240,528,,45.494,0.66,Nuit sans éclairage public,Hors agglomération,Hors intersection,Normale,Sans collision,,,,,,,,,,,3,1,1,1.0,7.0
201100004379,0011-12-07 17:15:00,11,12,7,17,15,240,328,,45.62,0.71,Plein jour,Hors agglomération,Intersection en X,Pluie légère,Deux véhicules - côté,,,,,,,,,,,1,1,2,2.0,3.0
201100004380,0011-02-18 20:30:00,11,2,18,20,30,240,320,,45.408,1.243,Nuit sans éclairage public,Hors agglomération,Hors intersection,Brouillard / fumée,Autre collision,,,,,,,,,,,3,1,1,5.0,6.0
201100004381,0011-04-15 15:45:00,11,4,15,15,45,240,171,,45.389,0.905,Plein jour,Hors agglomération,Hors intersection,Normale,Deux véhicules - côté,,,,,,,,,,,1,1,1,1.0,3.0
201100004382,0011-07-20 13:00:00,11,7,20,13,0,240,551,rue Pierre Semard,45.42,0.919,Plein jour,En agglomération,Hors intersection,Normale,Deux véhicules - côté,,,,,,,,,,,1,2,1,1.0,3.0
201100004383,0011-08-13 13:30:00,11,8,13,13,30,240,133,23 rue dolet blanchou,45.549,0.983,Plein jour,En agglomération,Hors intersection,Normale,Sans collision,,,,,,,,,,,1,2,1,1.0,7.0
201100004384,0011-08-17 18:00:00,11,8,17,18,0,240,551,rue jules THEULIER,45.418,0.921,Plein jour,En agglomération,Hors intersection,Normale,Autre collision,,,,,,,,,,,1,2,1,1.0,6.0
201100004385,0011-08-28 20:45:00,11,8,28,20,45,240,218,LIEU DIT LA JAROUSSE,45.51,1.125,Crépuscule ou aube,En agglomération,Hors intersection,Normale,Autre collision,,,,,,,,,,,2,2,1,1.0,6.0
201100004386,0011-09-11 06:30:00,11,9,11,6,30,240,158,,45.399,1.067,Nuit sans éclairage public,Hors agglomération,Hors intersection,Normale,Autre collision,,,,,,,,,,,3,1,1,1.0,6.0
201100004387,0011-10-06 21:15:00,11,10,6,21,15,240,95,,45.509,0.952,Nuit avec éclairage allumé,Hors agglomération,Passage à niveau,Temps couvert,Deux véhicules - frontale,,,,,,,,,,,5,1,8,8.0,1.0
201100004388,0011-10-30 16:15:00,11,10,30,16,15,240,551,,45.417,0.91,Plein jour,Hors agglomération,Hors intersection,Normale,Deux véhicules - frontale,,,,,,,,,,,1,1,1,1.0,1.0
201100004389,0011-11-13 15:15:00,11,11,13,15,15,240,269,,45.55,0.922,Plein jour,Hors agglomération,Hors intersection,Normale,Deux véhicules - frontale,,,,,,,,,,,1,1,1,1.0,1.0
201100004390,0011-11-14 16:00:00,11,11,14,16,0,240,551,,45.431,0.931,Plein jour,Hors agglomération,Hors intersection,Normale,Trois véhicules et plus - collisions multiples,,,,,,,,,,,1,1,1,1.0,5.0
201100004391,0011-12-13 18:45:00,11,12,13,18,45,240,218,,45.489,1.124,Nuit sans éclairage public,Hors agglomération,Hors intersection,Pluie légère,Autre collision,,,,,,,,,,,3,1,1,2.0,6.0
201100004392,0011-02-14 14:30:00,11,2,14,14,30,240,352,,45.245,0.333,Plein jour,Hors agglomération,Hors intersection,Pluie légère,Deux véhicules - arrière,,,,,,,,,,,1,1,1,2.0,2.0
201100004393,0011-02-06 16:00:00,11,2,6,16,0,240,62,,45.356,0.301,Plein jour,Hors agglomération,Hors intersection,Normale,Sans collision,,,,,,,,,,,1,1,1,1.0,7.0
201100004394,0011-02-26 17:45:00,11,2,26,17,45,240,38,,45.314,0.365,Plein jour,Hors agglomération,Hors intersection,Normale,Deux véhicules - côté,,,,,,,,,,,1,1,1,1.0,3.0
201100004395,0011-03-07 17:30:00,11,3,7,17,30,240,573,,45.37,0.375,Plein jour,Hors agglomération,Hors intersection,Normale,Deux véhicules - arrière,,,,,,,,,,,1,1,1,1.0,2.0
201100004396,0011-04-23 18:00:00,11,4,23,18,0,240,564,,45.273,0.291,Plein jour,Hors agglomération,Hors intersection,Temps couvert,Autre collision,,,,,,,,,,,1,1,1,8.0,6.0
201100004397,0011-07-29 12:15:00,11,7,29,12,15,240,58,,45.27,0.258,Plein jour,Hors agglomération,Hors intersection,Normale,Deux véhicules - frontale,,,,,,,,,,,1,1,1,1.0,1.0
201100004398,0011-08-06 07:30:00,11,8,6,7,30,240,482,,45.317,0.27,Crépuscule ou aube,Hors agglomération,Hors intersection,Normale,Autre collision,,,,,,,,,,,2,1,1,1.0,6.0
201100004399,0011-09-19 17:45:00,11,9,19,17,45,240,371,,45.202,0.526,Plein jour,Hors agglomération,Hors intersection,Temps couvert,Autre collision,,,,,,,,,,,1,1,1,8.0,6.0
201100004400,0011-11-08 08:30:00,11,11,8,8,30,240,553,,,,Plein jour,Hors agglomération,Hors intersection,Normale,Autre collision,,,,,,,,,,,1,1,1,1.0,6.0
201100004401,0011-11-25 06:45:00,11,11,25,6,45,240,586,,,,Crépuscule ou aube,Hors agglomération,Hors intersection,Brouillard / fumée,Deux véhicules - côté,,,,,,,,,,,2,1,1,5.0,3.0
201100004402,0011-12-22 08:30:00,11,12,22,8,30,240,38,,,,Crépuscule ou aube,Hors agglomération,Hors intersection,Pluie légère,Deux véhicules - côté,,,,,,,,,,,2,1,1,2.0,3.0
201100004403,0011-04-08 16:15:00,11,4,8,16,15,240,157,,45.111,0.657,Plein jour,Hors agglomération,Hors intersection,Normale,Deux véhicules - côté,,,,,,,,,,,1,1,1,1.0,3.0
201100004404,0011-04-17 20:30:00,11,4,17,20,30,240,309,rue des quatres bornes,45.089,0.469,Plein jour,En agglomération,Hors intersection,Normale,Deux véhicules - arrière,,,,,,,,,,,1,2,1,1.0,2.0
201100004405,0011-04-19 16:45:00,11,4,19,16,45,240,294,,45.03,0.131,Plein jour,Hors agglomération,Hors intersection,Normale,Autre collision,,,,,,,,,,,1,1,1,1.0,6.0
201100004406,0011-06-26 09:45:00,11,6,26,9,45,240,399,,45.459,3.578,Plein jour,Hors agglomération,Hors intersection,Normale,Autre collision,,,,,,,,,,,1,1,1,1.0,6.0
201100004407,0011-09-08 16:30:00,11,9,8,16,30,240,543,,45.037,0.374,Plein jour,Hors agglomération,Hors intersection,Pluie légère,Deux véhicules - frontale,,,,,,,,,,,1,1,1,2.0,1.0
201100004408,0011-09-13 15:45:00,11,9,13,15,45,240,444,,45.055,0.376,Plein jour,Hors agglomération,Hors intersection,Normale,Deux véhicules - côté,,,,,,,,,,,1,1,1,1.0,3.0
201100004409,0011-09-18 19:30:00,11,9,18,19,30,240,264,,45.002,0.002,Plein jour,Hors agglomération,Hors intersection,Normale,Autre collision,,,,,,,,,,,1,1,1,1.0,6.0
201100004410,0011-10-26 07:15:00,11,10,26,7,15,240,309,01 Avenue de la Gare,,,Nuit avec éclairage allumé,En agglomération,Hors intersection,Normale,Autre collision,,,,,,,,,,,5,2,1,1.0,6.0
201100004411,0011-11-19 10:30:00,11,11,19,10,30,240,299,Avenue Clemenceau,,,Plein jour,En agglomération,Hors intersection,Normale,Autre collision,,,,,,,,,,,1,2,1,1.0,6.0
201100004412,0011-05-15 06:00:00,11,5,15,6,0,240,354,,45.145,-0.001,Plein jour,Hors agglomération,Hors intersection,Normale,Autre collision,,,,,,,,,,,1,1,1,1.0,6.0
201100004413,0011-06-12 21:00:00,11,6,12,21,0,240,354,,45.159,0.052,Plein jour,Hors agglomération,Hors intersection,Normale,Autre collision,,,,,,,,,,,1,1,1,1.0,6.0
201100004414,0011-08-12 08:45:00,11,8,12,8,45,240,354,,,,Plein jour,En agglomération,Hors intersection,Normale,Autre collision,,,,,,,,,,,1,2,1,1.0,6.0
201100004415,0011-10-20 04:45:00,11,10,20,4,45,240,118,,45.227,0.102,Nuit sans éclairage public,Hors agglomération,Hors intersection,Normale,Autre collision,,,,,,,,,,,3,1,1,1.0,6.0
201100004416,0011-11-26 09:45:00,11,11,26,9,45,240,159,,,,Plein jour,Hors agglomération,Hors intersection,Brouillard / fumée,Deux véhicules - frontale,,,,,,,,,,,1,1,1,5.0,1.0