accident_id,datetime,annee,mois,jour,heure,minute,departement,commune_insee,adresse,latitude,longitude,luminosite,agglomeration,intersection,meteo,collision,nb_vehicules,nb_usagers,nb_indemnes,nb_tues,nb_blesses_hosp,nb_blesses_legers,age_cond_1,age_cond_2,veh_type_cond_1,veh_type_cond_2,lum_code,agg_code,int_code,atm_code,col_code
201100004417,0011-12-10 14:00:00,11,12,10,14,0,240,354,,45.137,-0.004,Plein jour,Hors agglomération,Hors intersection,Normale,Deux véhicules - frontale,,,,,,,,,,,1,1,1,1.0,1.0
201100004418,0011-12-28 15:15:00,11,12,28,15,15,240,490,,,,Plein jour,Hors agglomération,Intersection en X,Normale,Trois véhicules et plus - collisions multiples,,,,,,,,,,,1,1,2,1.0,5.0
201100004419,0011-02-10 08:45:00,11,2,10,8,45,240,252,,,,Plein jour,Hors agglomération,Hors intersection,Normale,Trois véhicules et plus - collisions multiples,,,,,,,,,,,1,1,1,1.0,5.0
201100004420,0011-03-11 17:15:00,11,3,11,17,15,240,74,,,,Plein jour,Hors agglomération,Hors intersection,Normale,Autre collision,,,,,,,,,,,1,1,1,1.0,6.0
201100004421,0011-05-14 11:30:00,11,5,14,11,30,240,520,,,,Plein jour,Hors agglomération,Hors intersection,Pluie légère,Deux véhicules - frontale,,,,,,,,,,,1,1,1,2.0,1.0
201100004422,0011-05-14 15:15:00,11,5,14,15,15,240,520,Rue de  Madrazes,,,Plein jour,En agglomération,Hors intersection,Normale,Deux véhicules - côté,,,,,,,,,,,1,2,1,1.0,3.0
201100004423,0011-05-18 18:30:00,11,5,18,18,30,240,74,,,,Plein jour,Hors agglomération,Hors intersection,Normale,Sans collision,,,,,,,,,,,1,1,1,1.0,7.0
201100004424,0011-05-28 19:30:00,11,5,28,19,30,240,587,,,,Plein jour,Hors agglomération,Hors intersection,Normale,Deux véhicules - côté,,,,,,,,,,,1,1,1,1.0,3.0
201100004425,0011-05-31 17:30:00,11,5,31,17,30,240,587,LE PORT,44.831,1.223,Plein jour,En agglomération,Hors intersection,Normale,Deux véhicules - frontale,,,,,,,,,,,1,2,1,1.0,1.0
201100004426,0011-06-12 00:01:00,11,6,12,0,1,240,520,,,,Nuit sans éclairage public,Hors agglomération,Hors intersection,Normale,Autre collision,,,,,,,,,,,3,1,1,1.0,6.0
201100004427,0011-07-10 10:30:00,11,7,10,10,30,240,366,,,,Plein jour,Hors agglomération,Hors intersection,Temps couvert,Trois véhicules et plus - collisions multiples,,,,,,,,,,,1,1,1,8.0,5.0
201100004428,0011-07-17 06:00:00,11,7,17,6,0,240,82,,,,Crépuscule ou aube,Hors agglomération,Hors intersection,Pluie légère,Autre collision,,,,,,,,,,,2,1,1,2.0,6.0
201100004429,0011-08-09 10:00:00,11,8,9,10,0,240,520,,,,Plein jour,Hors agglomération,Hors intersection,Normale,Trois véhicules et plus - collisions multiples,,,,,,,,,,,1,1,1,1.0,5.0
201100004430,0011-08-13 12:15:00,11,8,13,12,15,240,40,,,,Plein jour,Hors agglomération,Hors intersection,Normale,Trois véhicules et plus - en chaîne,,,,,,,,,,,1,1,1,1.0,4.0
201100004431,0011-08-14 20:30:00,11,8,14,20,30,240,432,,,,Plein jour,Hors agglomération,Hors intersection,Normale,Sans collision,,,,,,,,,,,1,1,1,1.0,7.0
201100004432,0011-09-18 14:45:00,11,9,18,14,45,240,366,,44.912,1.141,Plein jour,Hors agglomération,Hors intersection,Normale,Deux véhicules - frontale,,,,,,,,,,,1,1,1,1.0,1.0
201100004433,0011-10-15 19:45:00,11,10,15,19,45,240,317,,,,Nuit sans éclairage public,Hors agglomération,Hors intersection,Normale,Sans collision,,,,,,,,,,,3,1,1,1.0,7.0
201100004434,0011-11-03 18:00:00,11,11,3,18,0,240,520,BOULEVARD EUGENE LEROY,44.895,1.215,Nuit avec éclairage allumé,En agglomération,Hors intersection,Pluie forte,Autre collision,,,,,,,,,,,5,2,1,3.0,6.0
201100004435,0011-11-19 21:00:00,11,11,19,21,0,240,81,,,,Nuit avec éclairage allumé,Hors agglomération,Intersection en T,Normale,Deux véhicules - côté,,,,,,,,,,,5,1,3,1.0,3.0
201100004436,0011-12-04 10:45:00,11,12,4,10,45,240,82,,44.872,1.274,Plein jour,Hors agglomération,Hors intersection,Pluie légère,Deux véhicules - frontale,,,,,,,,,,,1,1,1,2.0,1.0
201100004437,0011-12-17 17:00:00,11,12,17,17,0,240,317,,45.021,1.341,Crépuscule ou aube,Hors agglomération,Hors intersection,Normale,Deux véhicules - côté,,,,,,,,,,,2,1,1,1.0,3.0
201100004438,0011-12-26 21:15:00,11,12,26,21,15,240,392,,,,Nuit sans éclairage public,Hors agglomération,Hors intersection,Normale,Autre collision,,,,,,,,,,,3,1,1,1.0,6.0
201100004439,0011-03-18 12:45:00,11,3,18,12,45,240,538,,44.822,0.993,Plein jour,Hors agglomération,Hors intersection,Normale,Autre collision,,,,,,,,,,,1,1,1,1.0,6.0
201100004440,0011-04-20 16:45:00,11,4,20,16,45,240,91,,,,Plein jour,Hors agglomération,Hors intersection,Normale,Trois véhicules et plus - collisions multiples,,,,,,,,,,,1,1,1,1.0,5.0
201100004441,0011-05-10 15:00:00,11,5,10,15,0,240,263,,,,Plein jour,Hors agglomération,Hors intersection,Normale,Deux véhicules - frontale,,,,,,,,,,,1,1,1,1.0,1.0
201100004442,0011-07-29 09:00:00,11,7,29,9,0,240,75,le bourg,,,Plein jour,En agglomération,Hors intersection,Normale,Autre collision,,,,,,,,,,,1,2,1,1.0,6.0
201100004443,0011-08-17 17:00:00,11,8,17,17,0,240,585,boulevard Charles Mauria,,,Plein jour,En agglomération,Hors intersection,Normale,Autre collision,,,,,,,,,,,1,2,1,1.0,6.0
201100004444,0011-09-06 16:30:00,11,9,6,16,30,240,91,LE BOURG,44.804,1.204,Plein jour,En agglomération,Hors intersection,Normale,Deux véhicules - frontale,,,,,,,,,,,1,2,1,1.0,1.0
201100004445,0011-10-28 21:30:00,11,10,28,21,30,240,91,,44.793,1.206,Nuit sans éclairage public,Hors agglomération,Hors intersection,Pluie légère,Autre collision,,,,,,,,,,,3,1,1,2.0,6.0
201100004446,0011-11-24 12:30:00,11,11,24,12,30,240,337,,44.146,1.144,Plein jour,Hors agglomération,Hors intersection,Normale,Deux véhicules - frontale,,,,,,,,,,,1,1,1,1.0,1.0
201100004447,0011-12-15 10:00:00,11,12,15,10,0,240,35,,44.811,1.002,Plein jour,Hors agglomération,Hors intersection,Pluie forte,Autre collision,,,,,,,,,,,1,1,1,3.0,6.0
201100004448,0011-01-06 08:30:00,11,1,6,8,30,240,67,D31 avenue de la libérat,44.901,0.933,Plein jour,En agglomération,Hors intersection,Pluie légère,Deux véhicules - côté,,,,,,,,,,,1,2,1,2.0,3.0
201100004449,0011-04-09 17:45:00,11,4,9,17,45,240,396,,44.471,1.066,Plein jour,Hors agglomération,Hors intersection,Normale,Autre collision,,,,,,,,,,,1,1,1,1.0,6.0
201100004450,0011-04-27 06:45:00,11,4,27,6,45,240,268,,44.49,1.082,Crépuscule ou aube,Hors agglomération,Intersection en X,Normale,Deux véhicules - frontale,,,,,,,,,,,2,1,2,1.0,1.0
201100004451,0011-05-07 03:00:00,11,5,7,3,0,240,67,,44.945,0.933,Nuit sans éclairage public,Hors agglomération,Hors intersection,Normale,Autre collision,,,,,,,,,,,3,1,1,1.0,6.0
201100004452,0011-05-18 18:00:00,11,5,18,18,0,240,87,,44.864,1.065,Plein jour,Hors agglomération,Hors intersection,Normale,Deux véhicules - côté,,,,,,,,,,,1,1,1,1.0,3.0
201100004453,0011-05-28 11:15:00,11,5,28,11,15,240,326,,44.654,1.112,Plein jour,Hors agglomération,Hors intersection,Normale,Autre collision,,,,,,,,,,,1,1,1,1.0,6.0
201100004454,0011-07-04 16:15:00,11,7,4,16,15,240,172,,44.933,1.967,Plein jour,Hors agglomération,Hors intersection,Normale,Deux véhicules - côté,,,,,,,,,,,1,1,1,1.0,3.0
201100004455,0011-07-26 09:45:00,11,7,26,9,45,240,356,,45.057,1.01,Plein jour,Hors agglomération,Hors intersection,Pluie légère,Sans collision,,,,,,,,,,,1,1,1,2.0,7.0
201100004456,0011-07-31 16:15:00,11,7,31,16,15,240,443,,45.004,1.07,Plein jour,Hors agglomération,Autre intersection,Normale,Deux véhicules - côté,,,,,,,,,,,1,1,9,1.0,3.0
201100004457,0011-08-04 10:15:00,11,8,4,10,15,240,396,Rue Gambetta,,,Plein jour,En agglomération,Autre intersection,Normale,Autre collision,,,,,,,,,,,1,2,9,1.0,6.0
201100004458,0011-08-15 19:45:00,11,8,15,19,45,240,87,,44.089,1.884,Plein jour,Hors agglomération,Hors intersection,Normale,Deux véhicules - frontale,,,,,,,,,,,1,1,1,1.0,1.0
201100004459,0011-08-28 13:00:00,11,8,28,13,0,240,67,Rue de la R?publique,44.92,0.92,Plein jour,En agglomération,Hors intersection,Normale,Autre collision,,,,,,,,,,,1,2,1,1.0,6.0
201100004460,0011-08-30 19:00:00,11,8,30,19,0,240,67,,44.936,0.904,Plein jour,Hors agglomération,Hors intersection,Normale,Deux véhicules - côté,,,,,,,,,,,1,1,1,1.0,3.0
201100004461,0011-10-02 16:30:00,11,10,2,16,30,240,172,Font de Gaume,44.936,1.022,Plein jour,En agglomération,Hors intersection,Normale,Sans collision,,,,,,,,,,,1,2,1,1.0,7.0
201100004462,0011-12-28 18:15:00,11,12,28,18,15,240,67,,44.912,0.925,Nuit sans éclairage public,Hors agglomération,Autre intersection,Normale,Deux véhicules - frontale,,,,,,,,,,,3,1,9,1.0,1.0
201100004463,0011-01-17 11:15:00,11,1,17,11,15,240,130,Avenue de Coly RD62,45.196,1.389,Plein jour,En agglomération,Hors intersection,Normale,Deux véhicules - côté,,,,,,,,,,,1,2,1,1.0,3.0
201100004464,0011-01-30 06:45:00,11,1,30,6,45,240,547,,45.232,1.444,Nuit sans éclairage public,Hors agglomération,Hors intersection,Pluie légère,Sans collision,,,,,,,,,,,3,1,1,2.0,7.0
201100004465,0011-01-30 19:45:00,11,1,30,19,45,240,547,,45.316,1.52,Nuit avec éclairage allumé,Hors agglomération,Intersection en T,Normale,Deux véhicules - côté,,,,,,,,,,,5,1,3,1.0,3.0
201100004466,0011-04-17 18:45:00,11,4,17,18,45,240,229,route  de la bonnetie,,,Plein jour,En agglomération,Hors intersection,Normale,Sans collision,,,,,,,,,,,1,2,1,1.0,7.0
201100004467,0011-06-11 05:45:00,11,6,11,5,45,240,547,rue de la R?publique,,,Crépuscule ou aube,En agglomération,Hors intersection,Normale,Autre collision,,,,,,,,,,,2,2,1,1.0,6.0
201100004468,0011-06-18 14:00:00,11,6,18,14,0,240,20,,45.255,1.254,Plein jour,Hors agglomération,Hors intersection,Normale,Trois véhicules et plus - en chaîne,,,,,,,,,,,1,1,1,1.0,4.0
201100004469,0011-09-15 05:00:00,11,9,15,5,0,240,547,,45.217,1.431,Nuit sans éclairage public,Hors agglomération,Hors intersection,Normale,Deux véhicules - arrière,,,,,,,,,,,3,1,1,1.0,2.0
201100004470,0011-09-17 14:00:00,11,9,17,14,0,240,321,,,,Nuit sans éclairage public,Hors agglomération,Hors intersection,Normale,Autre collision,,,,,,,,,,,3,1,1,1.0,6.0
201100004471,0011-10-01 08:00:00,11,10,1,8,0,240,117,,45.016,1.648,Plein jour,Hors agglomération,Hors intersection,Normale,Deux véhicules - côté,,,,,,,,,,,1,1,1,1.0,3.0
201100004472,0011-11-09 15:30:00,11,11,9,15,30,240,547,Guilbonde,45.12,1.34,Plein jour,En agglomération,Hors intersection,Normale,Deux véhicules - frontale,,,,,,,,,,,1,2,1,1.0,1.0
201100004473,0011-11-30 07:30:00,11,11,30,7,30,240,547,Av. Victor Hugo,,,Nuit avec éclairage allumé,En agglomération,Hors intersection,Normale,Deux véhicules - frontale,,,,,,,,,,,5,2,1,1.0,1.0
201100004474,0011-12-17 18:30:00,11,12,17,18,30,240,547,Rue Aristid Briand - RD,,,Nuit avec éclairage allumé,En agglomération,Autre intersection,Pluie légère,Autre collision,,,,,,,,,,,5,2,9,2.0,6.0
201100004475,0011-12-27 15:30:00,11,12,27,15,30,240,20,,45.148,1.17,Plein jour,Hors agglomération,Autre intersection,Normale,Trois véhicules et plus - collisions multiples,,,,,,,,,,,1,1,9,1.0,5.0
201100004476,0011-02-18 16:45:00,11,2,18,16,45,400,250,,,,Plein jour,Hors agglomération,Hors intersection,Normale,Sans collision,,,,,,,,,,,1,1,1,1.0,7.0
201100004477,0011-04-19 10:15:00,11,4,19,10,15,400,14,,,,Plein jour,Hors agglomération,Giratoire,Normale,Sans collision,,,,,,,,,,,1,1,6,1.0,7.0
201100004478,0011-05-02 11:15:00,11,5,2,11,15,400,234,,,,Plein jour,Hors agglomération,Hors intersection,Normale,Deux véhicules - arrière,,,,,,,,,,,1,1,1,1.0,2.0
201100004479,0011-05-05 06:30:00,11,5,5,6,30,400,164,,,,Plein jour,Hors agglomération,Hors intersection,Normale,Sans collision,,,,,,,,,,,1,1,1,1.0,7.0
201100004480,0011-05-22 04:00:00,11,5,22,4,0,400,58,,,,Nuit sans éclairage public,Hors agglomération,Hors intersection,Normale,Sans collision,,,,,,,,,,,3,1,1,1.0,7.0
201100004481,0011-07-24 03:45:00,11,7,24,3,45,400,81,,,,Nuit sans éclairage public,Hors agglomération,Hors intersection,Pluie légère,Sans collision,,,,,,,,,,,3,1,1,2.0,7.0
201100004482,0011-07-30 23:00:00,11,7,30,23,0,400,288,,,,Nuit sans éclairage public,Hors agglomération,Hors intersection,Normale,Sans collision,,,,,,,,,,,3,1,1,1.0,7.0
201100004483,0011-08-21 22:00:00,11,8,21,22,0,400,53,,,,Nuit sans éclairage public,Hors agglomération,Hors intersection,Normale,Sans collision,,,,,,,,,,,3,1,1,1.0,7.0
201100004484,0011-10-03 18:30:00,11,10,3,18,30,400,250,,,,Plein jour,Hors agglomération,Hors intersection,Normale,Trois véhicules et plus - collisions multiples,,,,,,,,,,,1,1,1,1.0,5.0
201100004485,0011-10-05 09:45:00,11,10,5,9,45,400,58,CV3 (Route de Maill?res),,,Plein jour,En agglomération,Hors intersection,Normale,Deux véhicules - frontale,,,,,,,,,,,1,2,1,1.0,1.0
201100004486,0011-10-23 15:15:00,11,10,23,15,15,400,50,,,,Plein jour,Hors agglomération,Hors intersection,Normale,Sans collision,,,,,,,,,,,1,1,1,1.0,7.0
201100004487,0011-12-20 12:00:00,11,12,20,12,0,400,234,,,,Plein jour,Hors agglomération,Hors intersection,Temps couvert,Deux véhicules - frontale,,,,,,,,,,,1,1,1,8.0,1.0
201100004488,0011-01-02 19:00:00,11,1,2,19,0,400,66,,,,Nuit sans éclairage public,Hors agglomération,Hors intersection,Normale,Deux véhicules - arrière,,,,,,,,,,,3,1,1,1.0,2.0
201100004489,0011-02-15 09:20:00,11,2,15,9,20,400,309,,,,Plein jour,Hors agglomération,Hors intersection,Normale,Deux véhicules - côté,,,,,,,,,,,1,1,1,1.0,3.0
201100004490,0011-03-28 10:40:00,11,3,28,10,40,400,309,,,,Plein jour,Hors agglomération,Hors intersection,Pluie forte,Sans collision,,,,,,,,,,,1,1,1,3.0,7.0
201100004491,0011-04-17 20:30:00,11,4,17,20,30,400,243,,,,Nuit sans éclairage public,Hors agglomération,Hors intersection,Normale,Sans collision,,,,,,,,,,,3,1,1,1.0,7.0
201100004492,0011-04-20 09:30:00,11,4,20,9,30,400,31,,,,Plein jour,Hors agglomération,Giratoire,Normale,Sans collision,,,,,,,,,,,1,1,6,1.0,7.0
201100004493,0011-04-28 22:15:00,11,4,28,22,15,400,66,,,,Nuit sans éclairage public,Hors agglomération,Hors intersection,Normale,Sans collision,,,,,,,,,,,3,1,1,1.0,7.0
201100004494,0011-05-06 07:55:00,11,5,6,7,55,400,67,,,,Plein jour,Hors agglomération,Hors intersection,Normale,Deux véhicules - arrière,,,,,,,,,,,1,1,1,1.0,2.0
201100004495,0011-07-10 03:30:00,11,7,10,3,30,400,313,rte de carcar?s ste croi,,,Nuit sans éclairage public,En agglomération,Hors intersection,Pluie légère,Sans collision,,,,,,,,,,,3,2,1,2.0,7.0
201100004496,0011-07-24 11:00:00,11,7,24,11,0,400,230,,,,Plein jour,Hors agglomération,Hors intersection,Pluie légère,Deux véhicules - frontale,,,,,,,,,,,1,1,1,2.0,1.0
201100004497,0011-08-01 20:15:00,11,8,1,20,15,400,31,Route de cougné,,,Plein jour,En agglomération,Hors intersection,Normale,Deux véhicules - frontale,,,,,,,,,,,1,2,1,1.0,1.0
201100004498,0011-08-02 13:45:00,11,8,2,13,45,400,142,,,,Plein jour,Hors agglomération,Hors intersection,Normale,Deux véhicules - frontale,,,,,,,,,,,1,1,1,1.0,1.0
201100004499,0011-08-10 08:25:00,11,8,10,8,25,400,31,,,,Plein jour,Hors agglomération,Hors intersection,Normale,Deux véhicules - frontale,,,,,,,,,,,1,1,1,1.0,1.0
201100004500,0011-10-09 12:15:00,11,10,9,12,15,400,324,,,,Plein jour,Hors agglomération,Hors intersection,Normale,Sans collision,,,,,,,,,,,1,1,1,1.0,7.0
201100004501,0011-11-24 18:00:00,11,11,24,18,0,400,115,,,,Nuit sans éclairage public,Hors agglomération,Hors intersection,Brouillard / fumée,Deux véhicules - frontale,,,,,,,,,,,3,1,1,5.0,1.0
201100004502,0011-01-15 19:10:00,11,1,15,19,10,400,283,,,,Nuit avec éclairage allumé,Hors agglomération,Giratoire,Normale,Sans collision,,,,,,,,,,,5,1,6,1.0,7.0
201100004503,0011-02-06 21:01:00,11,2,6,21,1,400,283,,,,Nuit sans éclairage public,Hors agglomération,Hors intersection,Normale,Deux véhicules - arrière,,,,,,,,,,,3,1,1,1.0,2.0
201100004504,0011-02-28 13:05:00,11,2,28,13,5,400,123,"lieu dit ""cluquelardit""",,,Plein jour,Hors agglomération,Hors intersection,Normale,Deux véhicules - frontale,,,,,,,,,,,1,1,1,1.0,1.0
201100004505,0011-03-13 20:10:00,11,3,13,20,10,400,179,,,,Nuit sans éclairage public,Hors agglomération,Hors intersection,Normale,Autre collision,,,,,,,,,,,3,1,1,1.0,6.0
201100004506,0011-04-05 12:00:00,11,4,5,12,0,400,3,,,,Plein jour,Hors agglomération,Hors intersection,Normale,Sans collision,,,,,,,,,,,1,1,1,1.0,7.0
201100004507,0011-07-05 19:15:00,11,7,5,19,15,400,202,Route des pyrénées,,,Plein jour,En agglomération,Hors intersection,Normale,Deux véhicules - côté,,,,,,,,,,,1,2,1,1.0,3.0
201100004508,0011-07-13 07:00:00,11,7,13,7,0,400,314,,,,Crépuscule ou aube,Hors agglomération,Hors intersection,Pluie légère,Deux véhicules - frontale,,,,,,,,,,,2,1,1,2.0,1.0
201100004509,0011-07-12 09:15:00,11,7,12,9,15,400,202,chemin de l'aygue,,,Plein jour,En agglomération,Hors intersection,Normale,Deux véhicules - frontale,,,,,,,,,,,1,2,1,1.0,1.0
201100004510,0011-10-08 13:45:00,11,10,8,13,45,400,207,D 344 - rue du bourg,,,Plein jour,En agglomération,Hors intersection,Normale,Deux véhicules - côté,,,,,,,,,,,1,2,1,1.0,3.0
201100004511,0011-11-13 13:15:00,11,11,13,13,15,400,123,,,,Plein jour,Hors agglomération,Hors intersection,Normale,Deux véhicules - côté,,,,,,,,,,,1,1,1,1.0,3.0
201100004512,0011-11-18 07:00:00,11,11,18,7,0,400,294,420 ROUTE D orthez,,,Nuit avec éclairage non allumé,En agglomération,Hors intersection,Normale,Deux véhicules - frontale,,,,,,,,,,,4,2,1,1.0,1.0
201100004513,0011-11-19 19:30:00,11,11,19,19,30,400,244,,,,Nuit sans éclairage public,Hors agglomération,Hors intersection,Normale,Sans collision,,,,,,,,,,,3,1,1,1.0,7.0
201100004514,0011-06-15 07:45:00,11,6,15,7,45,400,266,,,,Plein jour,Hors agglomération,Intersection en T,Normale,Deux véhicules - côté,,,,,,,,,,,1,1,3,1.0,3.0
201100004515,0011-06-19 16:55:00,11,6,19,16,55,400,75,,,,Plein jour,En agglomération,Intersection en T,Normale,Deux véhicules - arrière,,,,,,,,,,,1,2,3,1.0,2.0
201100004516,0011-07-04 18:30:00,11,7,4,18,30,400,311,,,,Plein jour,Hors agglomération,Hors intersection,Normale,Deux véhicules - arrière,,,,,,,,,,,1,1,1,1.0,2.0
201100004517,0011-08-12 15:00:00,11,8,12,15,0,400,150,,,,Plein jour,Hors agglomération,Hors intersection,Normale,Trois véhicules et plus - collisions multiples,,,,,,,,,,,1,1,1,1.0,5.0
201100004518,0011-10-19 07:30:00,11,10,19,7,30,400,75,,,,Crépuscule ou aube,Hors agglomération,Hors intersection,Pluie forte,Autre collision,,,,,,,,,,,2,1,1,3.0,6.0
201100004519,0011-10-25 11:25:00,11,10,25,11,25,400,150,,,,Plein jour,Hors agglomération,Intersection en X,Pluie légère,Deux véhicules - côté,,,,,,,,,,,1,1,2,2.0,3.0
201100004520,0011-11-14 18:00:00,11,11,14,18,0,400,322,ROUTE DE DAX,,,Nuit avec éclairage allumé,En agglomération,Intersection en T,Normale,Deux véhicules - côté,,,,,,,,,,,5,2,3,1.0,3.0
201100004521,0011-03-15 07:40:00,11,3,15,7,40,400,308,,,,Plein jour,Hors agglomération,Hors intersection,Normale,Deux véhicules - frontale,,,,,,,,,,,1,1,1,1.0,1.0
201100004522,0011-03-21 18:15:00,11,3,21,18,15,400,23,,,,Plein jour,Hors agglomération,Hors intersection,Normale,Deux véhicules - frontale,,,,,,,,,,,1,1,1,1.0,1.0
201100004523,0011-05-11 23:30:00,11,5,11,23,30,400,126,,,,Nuit sans éclairage public,Hors agglomération,Hors intersection,Normale,Deux véhicules - arrière,,,,,,,,,,,3,1,1,1.0,2.0
201100004524,0011-06-17 15:30:00,11,6,17,15,30,400,194,,,,Plein jour,Hors agglomération,Hors intersection,Normale,Deux véhicules - frontale,,,,,,,,,,,1,1,1,1.0,1.0
201100004525,0011-08-12 14:30:00,11,8,12,14,30,400,69,,,,Plein jour,Hors agglomération,Hors intersection,Normale,Deux véhicules - arrière,,,,,,,,,,,1,1,1,1.0,2.0
201100004526,0011-09-14 06:45:00,11,9,14,6,45,400,160,,,,Nuit sans éclairage public,Hors agglomération,Hors intersection,Normale,Deux véhicules - frontale,,,,,,,,,,,3,1,1,1.0,1.0
201100004527,0011-09-15 10:40:00,11,9,15,10,40,400,2,,,,Plein jour,Hors agglomération,Hors intersection,Normale,Deux véhicules - frontale,,,,,,,,,,,1,1,1,1.0,1.0
201100004528,0011-10-30 10:30:00,11,10,30,10,30,400,89,,,,Plein jour,Hors agglomération,Hors intersection,Normale,Sans collision,,,,,,,,,,,1,1,1,1.0,7.0
201100004529,0011-11-04 16:15:00,11,11,4,16,15,400,104,,,,Plein jour,Hors agglomération,Hors intersection,Normale,Sans collision,,,,,,,,,,,1,1,1,1.0,7.0
201100004530,0011-11-17 18:30:00,11,11,17,18,30,400,260,,,,Crépuscule ou aube,Hors agglomération,Intersection en X,Normale,Deux véhicules - côté,,,,,,,,,,,2,1,2,1.0,3.0
201100004531,0011-11-20 06:00:00,11,11,20,6,0,400,109,,,,Nuit sans éclairage public,Hors agglomération,Hors intersection,Normale,Sans collision,,,,,,,,,,,3,1,1,1.0,7.0
201100004532,0011-12-21 17:30:00,11,12,21,17,30,400,69,,,,Plein jour,Hors agglomération,Intersection en T,Pluie légère,Deux véhicules - côté,,,,,,,,,,,1,1,3,2.0,3.0
201100004533,0011-02-05 14:10:00,11,2,5,14,10,400,186,,,,Plein jour,Hors agglomération,Hors intersection,Normale,Deux véhicules - frontale,,,,,,,,,,,1,1,1,1.0,1.0
201100004534,0011-02-13 15:15:00,11,2,13,15,15,400,233,,,,Plein jour,Hors agglomération,Hors intersection,Normale,Deux véhicules - côté,,,,,,,,,,,1,1,1,1.0,3.0
201100004535,0011-02-14 06:00:00,11,2,14,6,0,400,77,D817 PK 11+ 900,,,Nuit sans éclairage public,En agglomération,Hors intersection,Pluie forte,Sans collision,,,,,,,,,,,3,2,1,3.0,7.0
201100004536,0011-02-17 23:20:00,11,2,17,23,20,400,212,482 ROUTE DE LAHOURCADE,,,Nuit sans éclairage public,En agglomération,Hors intersection,Normale,Sans collision,,,,,,,,,,,3,2,1,1.0,7.0
201100004537,0011-04-05 18:30:00,11,4,5,18,30,400,77,Centre Bourg,,,Plein jour,En agglomération,Intersection en T,Temps éblouissant,Deux véhicules - côté,,,,,,,,,,,1,2,3,7.0,3.0
201100004538,0011-04-21 17:00:00,11,4,21,17,0,400,233,,,,Plein jour,Hors agglomération,Hors intersection,Normale,Deux véhicules - frontale,,,,,,,,,,,1,1,1,1.0,1.0
201100004539,0011-06-02 07:00:00,11,6,2,7,0,400,183,,,,Crépuscule ou aube,Hors agglomération,Hors intersection,Normale,Sans collision,,,,,,,,,,,2,1,1,1.0,7.0
201100004540,0011-06-27 17:00:00,11,6,27,17,0,400,183,,,,Plein jour,Hors agglomération,Hors intersection,Normale,Deux véhicules - côté,,,,,,,,,,,1,1,1,1.0,3.0
201100004541,0011-07-18 15:10:00,11,7,18,15,10,400,269,,,,Plein jour,Hors agglomération,Intersection en T,Normale,Deux véhicules - côté,,,,,,,,,,,1,1,3,1.0,3.0
201100004542,0011-07-23 18:45:00,11,7,23,18,45,400,269,,,,Plein jour,Hors agglomération,Hors intersection,Normale,Trois véhicules et plus - collisions multiples,,,,,,,,,,,1,1,1,1.0,5.0
201100004543,0011-08-01 19:00:00,11,8,1,19,0,400,132,,,,Plein jour,Hors agglomération,Hors intersection,Normale,Deux véhicules - frontale,,,,,,,,,,,1,1,1,1.0,1.0
201100004544,0011-08-19 19:20:00,11,8,19,19,20,400,222,,,,Plein jour,Hors agglomération,Intersection en X,Normale,Deux véhicules - côté,,,,,,,,,,,1,1,2,1.0,3.0
201100004545,0011-08-22 20:40:00,11,8,22,20,40,400,233,,,,Plein jour,Hors agglomération,Hors intersection,Normale,Sans collision,,,,,,,,,,,1,1,1,1.0,7.0
201100004546,0011-09-03 09:15:00,11,9,3,9,15,400,269,,,,Plein jour,Hors agglomération,Hors intersection,Pluie légère,Sans collision,,,,,,,,,,,1,1,1,2.0,7.0
201100004547,0011-09-19 18:15:00,11,9,19,18,15,400,269,,,,Plein jour,Hors agglomération,Hors intersection,Normale,Deux véhicules - frontale,,,,,,,,,,,1,1,1,1.0,1.0
201100004548,0011-09-26 08:00:00,11,9,26,8,0,400,212,RD6 et rue petit Louise,,,Crépuscule ou aube,En agglomération,Hors intersection,Pluie légère,Deux véhicules - frontale,,,,,,,,,,,2,2,1,2.0,1.0
201100004549,0011-10-28 07:50:00,11,10,28,7,50,400,233,,,,Crépuscule ou aube,Hors agglomération,Hors intersection,Pluie légère,Sans collision,,,,,,,,,,,2,1,1,2.0,7.0
201100004550,0011-10-28 12:10:00,11,10,28,12,10,400,222,,,,Plein jour,Hors agglomération,Intersection en T,Pluie forte,Deux véhicules - côté,,,,,,,,,,,1,1,3,3.0,3.0
201100004551,0011-12-05 12:10:00,11,12,5,12,10,400,269,,,,Plein jour,Hors agglomération,Hors intersection,Pluie légère,Sans collision,,,,,,,,,,,1,1,1,2.0,7.0