accident_id,datetime,annee,mois,jour,heure,minute,departement,commune_insee,adresse,latitude,longitude,luminosite,agglomeration,intersection,meteo,collision,nb_vehicules,nb_usagers,nb_indemnes,nb_tues,nb_blesses_hosp,nb_blesses_legers,age_cond_1,age_cond_2,veh_type_cond_1,veh_type_cond_2,lum_code,agg_code,int_code,atm_code,col_code
201100004552,0011-12-22 20:50:00,11,12,22,20,50,400,214,,,,Nuit sans éclairage public,Hors agglomération,Hors intersection,Temps couvert,Sans collision,,,,,,,,,,,3,1,1,8.0,7.0
201100004553,0011-12-23 05:15:00,11,12,23,5,15,400,306,,,,Nuit sans éclairage public,Hors agglomération,Hors intersection,Brouillard / fumée,Sans collision,,,,,,,,,,,3,1,1,5.0,7.0
201100004554,0011-12-27 10:45:00,11,12,27,10,45,400,316,,,,Plein jour,Hors agglomération,Hors intersection,Normale,Deux véhicules - côté,,,,,,,,,,,1,1,1,1.0,3.0
201100004555,0011-04-24 19:00:00,11,4,24,19,0,400,285,,,,Plein jour,En agglomération,Hors intersection,Normale,Deux véhicules - frontale,,,,,,,,,,,1,2,1,1.0,1.0
201100004556,0011-01-13 17:45:00,11,1,13,17,45,400,284,Allée des Chanterelles,,,Crépuscule ou aube,En agglomération,Hors intersection,Temps couvert,Deux véhicules - frontale,,,,,,,,,,,2,2,1,8.0,1.0
201100004557,0011-01-29 18:10:00,11,1,29,18,10,400,36,route de Dax,,,Crépuscule ou aube,En agglomération,Intersection en X,Temps couvert,Deux véhicules - côté,,,,,,,,,,,2,2,2,8.0,3.0
201100004558,0011-02-12 10:45:00,11,2,12,10,45,400,65,BVD DOCTEUR JUNQUA,,,Plein jour,En agglomération,Intersection en X,Pluie forte,Trois véhicules et plus - collisions multiples,,,,,,,,,,,1,2,2,3.0,5.0
201100004559,0011-05-08 18:20:00,11,5,8,18,20,400,261,,,,Plein jour,Hors agglomération,Hors intersection,Normale,Deux véhicules - côté,,,,,,,,,,,1,1,1,1.0,3.0
201100004560,0011-06-16 14:20:00,11,6,16,14,20,400,36,,,,Plein jour,Hors agglomération,Hors intersection,Normale,Deux véhicules - frontale,,,,,,,,,,,1,1,1,1.0,1.0
201100004561,0011-07-09 17:45:00,11,7,9,17,45,400,284,,,,Plein jour,Hors agglomération,Hors intersection,Normale,Deux véhicules - frontale,,,,,,,,,,,1,1,1,1.0,1.0
201100004562,0011-08-02 13:00:00,11,8,2,13,0,400,261,,,,Plein jour,Hors agglomération,Hors intersection,Normale,Deux véhicules - frontale,,,,,,,,,,,1,1,1,1.0,1.0
201100004563,0011-08-17 10:25:00,11,8,17,10,25,400,284,RD 810,,,Plein jour,En agglomération,Hors intersection,Normale,Autre collision,,,,,,,,,,,1,2,1,1.0,6.0
201100004564,0011-08-31 19:20:00,11,8,31,19,20,400,133,RD 810,,,Plein jour,En agglomération,Autre intersection,Normale,Deux véhicules - côté,,,,,,,,,,,1,2,9,1.0,3.0
201100004565,0011-09-15 14:30:00,11,9,15,14,30,400,133,,,,Plein jour,Hors agglomération,Hors intersection,Normale,Deux véhicules - côté,,,,,,,,,,,1,1,1,1.0,3.0
201100004566,0011-10-08 08:15:00,11,10,8,8,15,400,65,Rond point Bonamour,,,Crépuscule ou aube,En agglomération,Giratoire,Temps couvert,Deux véhicules - côté,,,,,,,,,,,2,2,6,8.0,3.0
201100004567,0011-10-14 09:00:00,11,10,14,9,0,400,261,,,,Plein jour,Hors agglomération,Intersection en T,Brouillard / fumée,Deux véhicules - côté,,,,,,,,,,,1,1,3,5.0,3.0
201100004568,0011-11-10 18:30:00,11,11,10,18,30,400,133,RD 810,,,Nuit avec éclairage allumé,En agglomération,Intersection en T,Normale,Deux véhicules - frontale,,,,,,,,,,,5,2,3,1.0,1.0
201100004569,0011-11-22 07:25:00,11,11,22,7,25,400,284,Rue du bardot,,,Nuit sans éclairage public,En agglomération,Hors intersection,Normale,Autre collision,,,,,,,,,,,3,2,1,1.0,6.0
201100004570,0011-11-26 18:30:00,11,11,26,18,30,400,65,Av Mal LECLERC - rd 652,,,Crépuscule ou aube,En agglomération,Intersection en T,Normale,Deux véhicules - côté,,,,,,,,,,,2,2,3,1.0,3.0
201100004571,0011-02-21 11:15:00,11,2,21,11,15,400,304,392 ROUTE DES LACS,,,Plein jour,En agglomération,Hors intersection,Pluie légère,Sans collision,,,,,,,,,,,1,2,1,2.0,7.0
201100004572,0011-04-07 16:45:00,11,4,7,16,45,400,310,,,,Plein jour,Hors agglomération,Hors intersection,Normale,Deux véhicules - arrière,,,,,,,,,,,1,1,1,1.0,2.0
201100004573,0011-04-30 16:15:00,11,4,30,16,15,400,296,,,,Plein jour,Hors agglomération,Hors intersection,Normale,Sans collision,,,,,,,,,,,1,1,1,1.0,7.0
201100004574,0011-06-14 17:20:00,11,6,14,17,20,400,168,croisement RD16 et margo,,,Plein jour,En agglomération,Hors intersection,Normale,Deux véhicules - frontale,,,,,,,,,,,1,2,1,1.0,1.0
201100004575,0011-07-14 05:50:00,11,7,14,5,50,400,304,130 av des rouge gorges,,,Crépuscule ou aube,En agglomération,Hors intersection,Normale,Sans collision,,,,,,,,,,,2,2,1,1.0,7.0
201100004576,0011-07-25 17:30:00,11,7,25,17,30,400,310,lieu-dit PERNON,,,Plein jour,Hors agglomération,Intersection en X,Pluie forte,Deux véhicules - côté,,,,,,,,,,,1,1,2,3.0,3.0
201100004577,0011-08-07 11:20:00,11,8,7,11,20,400,181,,,,Plein jour,Hors agglomération,Hors intersection,Normale,Trois véhicules et plus - collisions multiples,,,,,,,,,,,1,1,1,1.0,5.0
201100004578,0011-08-22 14:20:00,11,8,22,14,20,400,310,,,,Plein jour,Hors agglomération,Hors intersection,Normale,Sans collision,,,,,,,,,,,1,1,1,1.0,7.0
201100004579,0011-09-09 06:10:00,11,9,9,6,10,400,310,,,,Nuit sans éclairage public,Hors agglomération,Hors intersection,Pluie légère,Sans collision,,,,,,,,,,,3,1,1,2.0,7.0
201100004580,0011-01-13 16:50:00,11,1,13,16,50,400,271,,,,Plein jour,Hors agglomération,Hors intersection,Normale,Sans collision,,,,,,,,,,,1,1,1,1.0,7.0
201100004581,0011-01-29 14:00:00,11,1,29,14,0,400,273,,,,Plein jour,Hors agglomération,Hors intersection,Normale,Sans collision,,,,,,,,,,,1,1,1,1.0,7.0
201100004582,0011-02-21 16:30:00,11,2,21,16,30,400,271,,,,Plein jour,Hors agglomération,Hors intersection,Pluie forte,Sans collision,,,,,,,,,,,1,1,1,3.0,7.0
201100004583,0011-04-22 20:15:00,11,4,22,20,15,400,312,,,,Plein jour,Hors agglomération,Hors intersection,Normale,Deux véhicules - frontale,,,,,,,,,,,1,1,1,1.0,1.0
201100004584,0011-06-08 17:00:00,11,6,8,17,0,400,312,35 bd Jacques DUCLOS,,,Plein jour,En agglomération,Hors intersection,Normale,Trois véhicules et plus - en chaîne,,,,,,,,,,,1,2,1,1.0,4.0
201100004585,0011-06-23 07:00:00,11,6,23,7,0,400,273,,,,Plein jour,Hors agglomération,Hors intersection,Normale,Sans collision,,,,,,,,,,,1,1,1,1.0,7.0
201100004586,0011-07-16 12:00:00,11,7,16,12,0,400,209,,,,Plein jour,Hors agglomération,Hors intersection,Normale,Deux véhicules - arrière,,,,,,,,,,,1,1,1,1.0,2.0
201100004587,0011-07-29 00:30:00,11,7,29,0,30,400,312,1 rue Lénine,,,Nuit avec éclairage allumé,En agglomération,Hors intersection,Normale,Sans collision,,,,,,,,,,,5,2,1,1.0,7.0
201100004588,0011-08-25 10:10:00,11,8,25,10,10,400,312,,,,Plein jour,En agglomération,Hors intersection,Normale,Deux véhicules - arrière,,,,,,,,,,,1,2,1,1.0,2.0
201100004589,0011-08-29 16:45:00,11,8,29,16,45,400,312,N° 46 RD 810,,,Plein jour,En agglomération,Hors intersection,Normale,Sans collision,,,,,,,,,,,1,2,1,1.0,7.0
201100004590,0011-09-06 10:00:00,11,9,6,10,0,400,312,76 rue lenine RD81,,,Plein jour,En agglomération,Hors intersection,Normale,Autre collision,,,,,,,,,,,1,2,1,1.0,6.0
201100004591,0011-09-07 18:00:00,11,9,7,18,0,400,312,,,,Plein jour,En agglomération,Hors intersection,Normale,Deux véhicules - arrière,,,,,,,,,,,1,2,1,1.0,2.0
201100004592,0011-09-09 02:05:00,11,9,9,2,5,400,209,,,,Nuit sans éclairage public,Hors agglomération,Hors intersection,Normale,Deux véhicules - arrière,,,,,,,,,,,3,1,1,1.0,2.0
201100004593,0011-11-09 15:55:00,11,11,9,15,55,400,312,Boulevard Jacques DUCLOS,,,Plein jour,En agglomération,Hors intersection,Normale,Autre collision,,,,,,,,,,,1,2,1,1.0,6.0
201100004594,0011-11-16 18:20:00,11,11,16,18,20,400,312,Boulevard Jacques Duclos,,,Nuit sans éclairage public,En agglomération,Intersection en T,Normale,Deux véhicules - côté,,,,,,,,,,,3,2,3,1.0,3.0
201100004595,0011-11-30 09:10:00,11,11,30,9,10,400,312,avenue salvador allende,,,Plein jour,En agglomération,Hors intersection,Normale,Autre collision,,,,,,,,,,,1,2,1,1.0,6.0
201100004596,0011-03-19 21:30:00,11,3,19,21,30,400,287,,,,Nuit sans éclairage public,Hors agglomération,Hors intersection,Normale,Sans collision,,,,,,,,,,,3,1,1,1.0,7.0
201100004597,0011-04-06 09:00:00,11,4,6,9,0,400,46,"Rues V. hugo, la jud?e",,,Plein jour,En agglomération,Intersection en X,Normale,Deux véhicules - côté,,,,,,,,,,,1,2,2,1.0,3.0
201100004598,0011-06-02 01:15:00,11,6,2,1,15,400,217,,,,Nuit sans éclairage public,Hors agglomération,Hors intersection,Normale,Sans collision,,,,,,,,,,,3,1,1,1.0,7.0
201100004599,0011-06-08 16:15:00,11,6,8,16,15,400,287,chemin de pignada,,,Plein jour,En agglomération,Hors intersection,Normale,Deux véhicules - frontale,,,,,,,,,,,1,2,1,1.0,1.0
201100004600,0011-07-11 19:50:00,11,7,11,19,50,400,46,,,,Plein jour,Hors agglomération,Hors intersection,Normale,Deux véhicules - arrière,,,,,,,,,,,1,1,1,1.0,2.0
201100004601,0011-08-05 15:00:00,11,8,5,15,0,400,217,,,,Plein jour,Hors agglomération,Hors intersection,Temps couvert,Deux véhicules - frontale,,,,,,,,,,,1,1,1,8.0,1.0
201100004602,0011-01-11 07:50:00,11,1,11,7,50,400,210,,,,Nuit sans éclairage public,Hors agglomération,Hors intersection,Pluie forte,Deux véhicules - côté,,,,,,,,,,,3,1,1,3.0,3.0
201100004603,0011-01-11 19:00:00,11,1,11,19,0,400,152,,,,Crépuscule ou aube,Hors agglomération,Hors intersection,Normale,Autre collision,,,,,,,,,,,2,1,1,1.0,6.0
201100004604,0011-02-25 17:45:00,11,2,25,17,45,400,94,,,,Plein jour,Hors agglomération,Hors intersection,Normale,Sans collision,,,,,,,,,,,1,1,1,1.0,7.0
201100004605,0011-04-15 14:15:00,11,4,15,14,15,400,94,,,,Plein jour,Hors agglomération,Hors intersection,Normale,Deux véhicules - côté,,,,,,,,,,,1,1,1,1.0,3.0
201100004606,0011-06-16 15:30:00,11,6,16,15,30,400,197,Avenue PASTEUR,,,Plein jour,En agglomération,Intersection en T,Normale,Deux véhicules - frontale,,,,,,,,,,,1,2,3,1.0,1.0
201100004607,0011-07-03 21:00:00,11,7,3,21,0,400,152,,,,Nuit sans éclairage public,Hors agglomération,Hors intersection,Normale,Sans collision,,,,,,,,,,,3,1,1,1.0,7.0
201100004608,0011-01-26 16:30:00,11,1,26,16,30,400,85,,,,Plein jour,Hors agglomération,Hors intersection,Temps couvert,Sans collision,,,,,,,,,,,1,1,1,8.0,7.0
201100004609,0011-01-31 08:35:00,11,1,31,8,35,400,295,,,,Plein jour,Hors agglomération,Hors intersection,Normale,Deux véhicules - côté,,,,,,,,,,,1,1,1,1.0,3.0
201100004610,0011-03-30 15:45:00,11,3,30,15,45,400,246,,,,Plein jour,Hors agglomération,Hors intersection,Normale,Sans collision,,,,,,,,,,,1,1,1,1.0,7.0
201100004611,0011-04-18 17:05:00,11,4,18,17,5,400,165,,,,Plein jour,Hors agglomération,Hors intersection,Normale,Sans collision,,,,,,,,,,,1,1,1,1.0,7.0
201100004612,0011-11-09 07:40:00,11,11,9,7,40,400,307,,,,Crépuscule ou aube,Hors agglomération,Hors intersection,Normale,Sans collision,,,,,,,,,,,2,1,1,1.0,7.0
201100004613,0011-03-10 14:45:00,11,3,10,14,45,400,184,avenue de cadette,,,Plein jour,En agglomération,Intersection en T,Normale,Autre collision,,,,,,,,,,,1,2,3,1.0,6.0
201100004614,0011-02-23 08:20:00,11,2,23,8,20,400,196,,,,Plein jour,Hors agglomération,Hors intersection,Temps couvert,Sans collision,,,,,,,,,,,1,1,1,8.0,7.0
201100004615,0011-03-08 09:10:00,11,3,8,9,10,400,282,,,,Plein jour,Hors agglomération,Hors intersection,Normale,Deux véhicules - frontale,,,,,,,,,,,1,1,1,1.0,1.0
201100004616,0011-04-08 13:45:00,11,4,8,13,45,400,119,,,,Plein jour,Hors agglomération,Hors intersection,Normale,Deux véhicules - frontale,,,,,,,,,,,1,1,1,1.0,1.0
201100004617,0011-04-14 11:45:00,11,4,14,11,45,400,252,,,,Plein jour,Hors agglomération,Hors intersection,Normale,Deux véhicules - côté,,,,,,,,,,,1,1,1,1.0,3.0
201100004618,0011-05-10 13:00:00,11,5,10,13,0,400,188,,,,Plein jour,Hors agglomération,Hors intersection,Normale,Deux véhicules - frontale,,,,,,,,,,,1,1,1,1.0,1.0
201100004619,0011-06-05 18:30:00,11,6,5,18,30,400,282,,,,Plein jour,Hors agglomération,Hors intersection,Normale,Sans collision,,,,,,,,,,,1,1,1,1.0,7.0
201100004620,0011-07-02 16:15:00,11,7,2,16,15,400,61,,,,Plein jour,Hors agglomération,Hors intersection,Normale,Deux véhicules - arrière,,,,,,,,,,,1,1,1,1.0,2.0
201100004621,0011-07-15 16:30:00,11,7,15,16,30,400,282,,,,Plein jour,Hors agglomération,Hors intersection,Normale,Sans collision,,,,,,,,,,,1,1,1,1.0,7.0
201100004622,0011-07-25 11:00:00,11,7,25,11,0,400,86,,,,Plein jour,Hors agglomération,Hors intersection,Pluie légère,Deux véhicules - frontale,,,,,,,,,,,1,1,1,2.0,1.0
201100004623,0011-07-26 09:00:00,11,7,26,9,0,400,16,,,,Plein jour,Hors agglomération,Hors intersection,Pluie légère,Sans collision,,,,,,,,,,,1,1,1,2.0,7.0
201100004624,0011-07-31 19:45:00,11,7,31,19,45,400,119,,,,Plein jour,En agglomération,Hors intersection,Normale,Deux véhicules - arrière,,,,,,,,,,,1,2,1,1.0,2.0
201100004625,0011-08-20 01:10:00,11,8,20,1,10,400,61,,,,Nuit sans éclairage public,Hors agglomération,Hors intersection,Normale,Sans collision,,,,,,,,,,,3,1,1,1.0,7.0
201100004626,0011-09-15 08:25:00,11,9,15,8,25,400,252,CD 52 - Le bourg,,,Plein jour,En agglomération,Hors intersection,Normale,Autre collision,,,,,,,,,,,1,2,1,1.0,6.0
201100004627,0011-09-16 13:00:00,11,9,16,13,0,400,61,,,,Plein jour,Hors agglomération,Hors intersection,Normale,Deux véhicules - arrière,,,,,,,,,,,1,1,1,1.0,2.0
201100004628,0011-10-10 18:45:00,11,10,10,18,45,400,119,rue Robert Ducourneau,,,Plein jour,En agglomération,Hors intersection,Normale,Deux véhicules - arrière,,,,,,,,,,,1,2,1,1.0,2.0
201100004629,0011-10-11 20:05:00,11,10,11,20,5,400,138,,,,Nuit avec éclairage allumé,En agglomération,Hors intersection,Normale,Deux véhicules - frontale,,,,,,,,,,,5,2,1,1.0,1.0
201100004630,0011-10-23 18:45:00,11,10,23,18,45,400,188,CD 933,,,Plein jour,En agglomération,Intersection en T,Normale,Deux véhicules - côté,,,,,,,,,,,1,2,3,1.0,3.0
201100004631,0011-12-08 10:50:00,11,12,8,10,50,400,17,,,,Plein jour,Hors agglomération,Hors intersection,Normale,Sans collision,,,,,,,,,,,1,1,1,1.0,7.0
201100004632,0011-12-11 06:30:00,11,12,11,6,30,400,282,,,,Nuit avec éclairage allumé,Hors agglomération,Hors intersection,Normale,Sans collision,,,,,,,,,,,5,1,1,1.0,7.0
201100004633,0011-01-26 10:50:00,11,1,26,10,50,400,1,,,,Plein jour,Hors agglomération,Hors intersection,Normale,Deux véhicules - frontale,,,,,,,,,,,1,1,1,1.0,1.0
201100004634,0011-01-29 07:40:00,11,1,29,7,40,400,110,26 RUE GOURGUES,,,Nuit avec éclairage non allumé,En agglomération,Hors intersection,Pluie légère,Autre collision,,,,,,,,,,,4,2,1,2.0,6.0
201100004635,0011-02-05 16:20:00,11,2,5,16,20,400,80,,,,Plein jour,Hors agglomération,Hors intersection,Normale,Sans collision,,,,,,,,,,,1,1,1,1.0,7.0
201100004636,0011-02-09 19:10:00,11,2,9,19,10,400,1,rue du 13 juin,,,Nuit avec éclairage allumé,En agglomération,Hors intersection,Normale,Deux véhicules - côté,,,,,,,,,,,5,2,1,1.0,3.0
201100004637,0011-02-22 17:50:00,11,2,22,17,50,400,5,,,,Plein jour,Hors agglomération,Hors intersection,Pluie forte,Sans collision,,,,,,,,,,,1,1,1,3.0,7.0
201100004638,0011-02-28 11:30:00,11,2,28,11,30,400,174,,,,Plein jour,Hors agglomération,Hors intersection,Temps couvert,Sans collision,,,,,,,,,,,1,1,1,8.0,7.0
201100004639,0011-02-24 16:00:00,11,2,24,16,0,400,1,53 rue Gambetta,,,Plein jour,En agglomération,Hors intersection,Normale,Autre collision,,,,,,,,,,,1,2,1,1.0,6.0
201100004640,0011-04-14 09:20:00,11,4,14,9,20,400,117,,,,Plein jour,Hors agglomération,Hors intersection,Normale,Sans collision,,,,,,,,,,,1,1,1,1.0,7.0
201100004641,0011-06-10 22:30:00,11,6,10,22,30,400,1,,,,Nuit sans éclairage public,Hors agglomération,Hors intersection,Normale,Sans collision,,,,,,,,,,,3,1,1,1.0,7.0
201100004642,0011-08-02 10:40:00,11,8,2,10,40,400,185,,,,Plein jour,Hors agglomération,Hors intersection,Normale,Deux véhicules - côté,,,,,,,,,,,1,1,1,1.0,3.0
201100004643,0011-08-02 19:00:00,11,8,2,19,0,400,1,RD2 - route du Houga,,,Plein jour,En agglomération,Hors intersection,Pluie forte,Sans collision,,,,,,,,,,,1,2,1,3.0,7.0
201100004644,0011-08-30 07:40:00,11,8,30,7,40,400,145,,,,Plein jour,Hors agglomération,Hors intersection,Normale,Sans collision,,,,,,,,,,,1,1,1,1.0,7.0
201100004645,0011-10-09 07:25:00,11,10,9,7,25,400,145,,,,Crépuscule ou aube,Hors agglomération,Hors intersection,Temps couvert,Sans collision,,,,,,,,,,,2,1,1,8.0,7.0
201100004646,0011-10-20 16:30:00,11,10,20,16,30,400,91,,,,Plein jour,Hors agglomération,Intersection en X,Normale,Deux véhicules - côté,,,,,,,,,,,1,1,2,1.0,3.0
201100004647,0011-12-10 03:50:00,11,12,10,3,50,400,1,rue 13 juin/avenue 4 sep,,,Nuit avec éclairage allumé,En agglomération,Intersection en T,Normale,Deux véhicules - côté,,,,,,,,,,,5,2,3,1.0,3.0
201100004648,0011-01-14 17:15:00,11,1,14,17,15,400,259,,,,Plein jour,Hors agglomération,Intersection en X,Normale,Deux véhicules - côté,,,,,,,,,,,1,1,2,1.0,3.0
201100004649,0011-01-16 17:30:00,11,1,16,17,30,400,259,,,,Plein jour,Hors agglomération,Hors intersection,Normale,Deux véhicules - frontale,,,,,,,,,,,1,1,1,1.0,1.0
201100004650,0011-03-28 15:30:00,11,3,28,15,30,400,93,,,,Plein jour,Hors agglomération,Hors intersection,Normale,Sans collision,,,,,,,,,,,1,1,1,1.0,7.0
201100004651,0011-05-18 18:35:00,11,5,18,18,35,400,331,,,,Plein jour,Hors agglomération,Hors intersection,Normale,Sans collision,,,,,,,,,,,1,1,1,1.0,7.0
201100004652,0011-05-20 18:15:00,11,5,20,18,15,400,178,,,,Plein jour,Hors agglomération,Hors intersection,Normale,Deux véhicules - frontale,,,,,,,,,,,1,1,1,1.0,1.0
201100004653,0011-08-04 18:45:00,11,8,4,18,45,400,259,,,,Plein jour,Hors agglomération,Hors intersection,Normale,Deux véhicules - frontale,,,,,,,,,,,1,1,1,1.0,1.0
201100004654,0011-09-19 02:55:00,11,9,19,2,55,400,259,,,,Nuit sans éclairage public,Hors agglomération,Hors intersection,Temps couvert,Deux véhicules - frontale,,,,,,,,,,,3,1,1,8.0,1.0
201100004655,0011-10-07 23:15:00,11,10,7,23,15,400,267,,,,Nuit sans éclairage public,Hors agglomération,Hors intersection,Temps couvert,Sans collision,,,,,,,,,,,3,1,1,8.0,7.0
201100004656,0011-11-12 12:30:00,11,11,12,12,30,400,255,,,,Plein jour,Hors agglomération,Hors intersection,Normale,Sans collision,,,,,,,,,,,1,1,1,1.0,7.0
201100004657,0011-12-03 20:55:00,11,12,3,20,55,400,158,,,,Nuit sans éclairage public,Hors agglomération,Hors intersection,Normale,Sans collision,,,,,,,,,,,3,1,1,1.0,7.0
201100004658,0011-01-03 13:45:00,11,1,3,13,45,470,238,ldt La Grave,44.213,0.516,Plein jour,Hors agglomération,Hors intersection,Normale,Autre collision,,,,,,,,,,,1,1,1,1.0,6.0
201100004659,0011-01-24 13:00:00,11,1,24,13,0,470,209,,44.2193,0.64989,Plein jour,Hors agglomération,Hors intersection,Normale,Autre collision,,,,,,,,,,,1,1,1,1.0,6.0
201100004660,0011-02-06 11:00:00,11,2,6,11,0,470,145,AVENUE D' ETIGNY,44.1327,0.66217,Plein jour,En agglomération,Hors intersection,Brouillard / fumée,Sans collision,,,,,,,,,,,1,2,1,5.0,7.0
201100004661,0011-02-09 08:15:00,11,2,9,8,15,470,145,LE PETIT CLUZET,44.1402,0.63883,Plein jour,Hors agglomération,Hors intersection,Normale,Deux véhicules - frontale,,,,,,,,,,,1,1,1,1.0,1.0
201100004662,0011-02-11 18:45:00,11,2,11,18,45,470,137,LDT DOUBICHE,44.1522,0.5261,Nuit sans éclairage public,Hors agglomération,Hors intersection,Normale,Trois véhicules et plus - collisions multiples,,,,,,,,,,,3,1,1,1.0,5.0
201100004663,0011-03-16 08:30:00,11,3,16,8,30,470,209,AU BOURG,44.221,0.66282,Plein jour,En agglomération,Hors intersection,Normale,Deux véhicules - frontale,,,,,,,,,,,1,2,1,1.0,1.0
201100004664,0011-04-12 09:15:00,11,4,12,9,15,470,91,,44.1823,0.57291,Plein jour,Hors agglomération,Intersection en T,Normale,Deux véhicules - côté,,,,,,,,,,,1,1,3,1.0,3.0
201100004665,0011-04-12 16:45:00,11,4,12,16,45,470,91,CHEMIN DU BOSC,44.1854,0.58053,Plein jour,En agglomération,Hors intersection,Normale,Deux véhicules - côté,,,,,,,,,,,1,2,1,1.0,3.0
201100004666,0011-04-13 07:15:00,11,4,13,7,15,470,19,TREIL DE VAL?RIY,44.2572,0.7273,Crépuscule ou aube,Hors agglomération,Hors intersection,Normale,Deux véhicules - côté,,,,,,,,,,,2,1,1,1.0,3.0
201100004667,0011-04-17 18:30:00,11,4,17,18,30,470,100,,44.254,0.649,Plein jour,Hors agglomération,Intersection en Y,Normale,Deux véhicules - côté,,,,,,,,,,,1,1,4,1.0,3.0
201100004668,0011-05-01 01:30:00,11,5,1,1,30,470,15,,44.0363,0.67072,Nuit sans éclairage public,Hors agglomération,Hors intersection,Normale,Autre collision,,,,,,,,,,,3,1,1,1.0,6.0
201100004669,0011-06-18 19:30:00,11,6,18,19,30,470,279,LIEU-DIT TROUILLAC,44.1243,0.78438,Plein jour,Hors agglomération,Hors intersection,Normale,Autre collision,,,,,,,,,,,1,1,1,1.0,6.0
201100004670,0011-07-10 20:15:00,11,7,10,20,15,470,238,LIEU-DIT MONPLAISIR,44.2062,0.52429,Plein jour,Hors agglomération,Autre intersection,Normale,Trois véhicules et plus - collisions multiples,,,,,,,,,,,1,1,9,1.0,5.0
201100004671,0011-07-11 16:00:00,11,7,11,16,0,470,246,LDT FOURTANET,44.2377,0.49862,Plein jour,Hors agglomération,Hors intersection,Normale,Deux véhicules - frontale,,,,,,,,,,,1,1,1,1.0,1.0
201100004672,0011-08-06 17:45:00,11,8,6,17,45,470,69,LIEU-DIT LASCGARRIGUES,44.2467,0.56248,Plein jour,Hors agglomération,Autre intersection,Normale,Deux véhicules - côté,,,,,,,,,,,1,1,9,1.0,3.0
201100004673,0011-08-17 19:45:00,11,8,17,19,45,470,69,RD 107/ROUTE DE COCARD,44.2258,0.56013,Plein jour,En agglomération,Hors intersection,Temps éblouissant,Deux véhicules - frontale,,,,,,,,,,,1,2,1,7.0,1.0
201100004674,0011-08-19 20:00:00,11,8,19,20,0,470,100,LIEU-DIT GUILLOT,44.2507,0.65104,Plein jour,Hors agglomération,Intersection en Y,Normale,Deux véhicules - côté,,,,,,,,,,,1,1,4,1.0,3.0
201100004675,0011-08-21 19:15:00,11,8,21,19,15,470,145,LIEU-DIT CAUSSINES,44.1126,0.66444,Plein jour,Hors agglomération,Hors intersection,Normale,Sans collision,,,,,,,,,,,1,1,1,1.0,7.0
201100004676,0011-09-06 08:45:00,11,9,6,8,45,470,100,ROUTE DE LAUGNAC,44.2546,0.63947,Plein jour,Hors agglomération,Hors intersection,Normale,Deux véhicules - côté,,,,,,,,,,,1,1,1,1.0,3.0
201100004677,0011-09-12 17:15:00,11,9,12,17,15,470,100,,44.2506,0.651,Plein jour,Hors agglomération,Hors intersection,Normale,Deux véhicules - frontale,,,,,,,,,,,1,1,1,1.0,1.0
201100004678,0011-09-16 23:15:00,11,9,16,23,15,470,225,,44.1823,0.57291,Nuit sans éclairage public,Hors agglomération,Intersection en T,Normale,Deux véhicules - côté,,,,,,,,,,,3,1,3,1.0,3.0
201100004679,0011-09-18 23:00:00,11,9,18,23,0,470,145,LDT AJONC,44.1468,0.65942,Nuit sans éclairage public,Hors agglomération,Hors intersection,Normale,Deux véhicules - frontale,,,,,,,,,,,3,1,1,1.0,1.0
201100004680,0011-09-29 01:00:00,11,9,29,1,0,470,145,La garounere,,,Nuit sans éclairage public,Hors agglomération,Hors intersection,Normale,Autre collision,,,,,,,,,,,3,1,1,1.0,6.0
201100004681,0011-10-04 08:15:00,11,10,4,8,15,470,69,,,,Plein jour,Hors agglomération,Hors intersection,Normale,Deux véhicules - arrière,,,,,,,,,,,1,1,1,1.0,2.0
201100004682,0011-10-06 11:45:00,11,10,6,11,45,470,209,LDT FRANCES,44.2182,0.6925,Plein jour,Hors agglomération,Hors intersection,Normale,Deux véhicules - frontale,,,,,,,,,,,1,1,1,1.0,1.0
201100004683,0011-12-10 11:15:00,11,12,10,11,15,470,137,Route de Condom,44.116,0.526,Plein jour,En agglomération,Hors intersection,Normale,Sans collision,,,,,,,,,,,1,2,1,1.0,7.0
201100004684,0011-12-13 19:45:00,11,12,13,19,45,470,40,av Landes/chemin barail,44.1991,0.55552,Nuit sans éclairage public,Hors agglomération,Intersection en X,Pluie légère,Deux véhicules - côté,,,,,,,,,,,3,1,2,2.0,3.0
201100004685,0011-12-23 15:30:00,11,12,23,15,30,470,19,LIEU-DIT PAYROULE,44.2405,0.70306,Plein jour,Hors agglomération,Hors intersection,Normale,Deux véhicules - côté,,,,,,,,,,,1,1,1,1.0,3.0
201100004686,0011-01-11 14:00:00,11,1,11,14,0,470,140,hameau de St Julien,44.2779,0.63341,Plein jour,Hors agglomération,Hors intersection,Pluie forte,Sans collision,,,,,,,,,,,1,1,1,3.0,7.0
201100004687,0011-01-28 07:30:00,11,1,28,7,30,470,210,,,,Plein jour,Hors agglomération,Hors intersection,Normale,Deux véhicules - frontale,,,,,,,,,,,1,1,1,1.0,1.0