accident_id,datetime,annee,mois,jour,heure,minute,departement,commune_insee,adresse,latitude,longitude,luminosite,agglomeration,intersection,meteo,collision,nb_vehicules,nb_usagers,nb_indemnes,nb_tues,nb_blesses_hosp,nb_blesses_legers,age_cond_1,age_cond_2,veh_type_cond_1,veh_type_cond_2,lum_code,agg_code,int_code,atm_code,col_code
201100004813,0011-09-13 07:45:00,11,9,13,7,45,640,230,,43.2481,-0.38855,Plein jour,Hors agglomération,Hors intersection,Normale,Deux véhicules - côté,,,,,,,,,,,1,1,1,1.0,3.0
201100004814,0011-09-15 18:00:00,11,9,15,18,0,640,230,,43.1761,-0.43052,Plein jour,Hors agglomération,Hors intersection,Normale,Autre collision,,,,,,,,,,,1,1,1,1.0,6.0
201100004815,0011-09-21 19:00:00,11,9,21,19,0,640,72,,43.2526,-0.45742,Plein jour,Hors agglomération,Hors intersection,Normale,Autre collision,,,,,,,,,,,1,1,1,1.0,6.0
201100004816,0011-09-30 17:15:00,11,9,30,17,15,640,315,,43.302,-0.421,Plein jour,Hors agglomération,Hors intersection,Normale,Deux véhicules - frontale,,,,,,,,,,,1,1,1,1.0,1.0
201100004817,0011-10-24 08:30:00,11,10,24,8,30,640,315,RD POINT KASZMARECK,,,Plein jour,En agglomération,Giratoire,Normale,Deux véhicules - côté,,,,,,,,,,,1,2,6,1.0,3.0
201100004818,0011-12-05 17:30:00,11,12,5,17,30,640,230,,43.2008,-0.42011,Crépuscule ou aube,Hors agglomération,Hors intersection,Temps couvert,Deux véhicules - frontale,,,,,,,,,,,2,1,1,8.0,1.0
201100004819,0011-02-12 13:15:00,11,2,12,13,15,640,519,RD 834,,,Plein jour,En agglomération,Hors intersection,Normale,Deux véhicules - côté,,,,,,,,,,,1,2,1,1.0,3.0
201100004820,0011-03-03 18:00:00,11,3,3,18,0,640,549,,,,Plein jour,Hors agglomération,Hors intersection,Normale,Deux véhicules - frontale,,,,,,,,,,,1,1,1,1.0,1.0
201100004821,0011-04-02 18:00:00,11,4,2,18,0,640,142,,43.3817,-0.45031,Plein jour,Hors agglomération,Hors intersection,Normale,Autre collision,,,,,,,,,,,1,1,1,1.0,6.0
201100004822,0011-03-26 16:15:00,11,3,26,16,15,640,448,,43.3649,-0.45713,Plein jour,Hors agglomération,Hors intersection,Normale,Sans collision,,,,,,,,,,,1,1,1,1.0,7.0
201100004823,0011-05-06 08:00:00,11,5,6,8,0,640,198,Route de Bayonne,,,Plein jour,En agglomération,Hors intersection,Normale,Deux véhicules - frontale,,,,,,,,,,,1,2,1,1.0,1.0
201100004824,0011-06-19 04:45:00,11,6,19,4,45,640,37,,,,Nuit sans éclairage public,Hors agglomération,Hors intersection,Normale,Autre collision,,,,,,,,,,,3,1,1,1.0,6.0
201100004825,0011-06-23 21:00:00,11,6,23,21,0,640,198,route de la gare,,,Plein jour,En agglomération,Hors intersection,Normale,Deux véhicules - côté,,,,,,,,,,,1,2,1,1.0,3.0
201100004826,0011-02-25 15:00:00,11,2,25,15,0,640,370,,43.358,-0.27393,Plein jour,Hors agglomération,Hors intersection,Normale,Autre collision,,,,,,,,,,,1,1,1,1.0,6.0
201100004827,0011-03-07 20:15:00,11,3,7,20,15,640,488,7 ROUTE DE LEMBEYE,43.3957,-0.21033,Nuit sans éclairage public,En agglomération,Hors intersection,Normale,Autre collision,,,,,,,,,,,3,2,1,1.0,6.0
201100004828,0011-03-08 10:00:00,11,3,8,10,0,640,526,PARKING PLACE DES HALLES,43.266,-0.18944,Plein jour,En agglomération,Place,Normale,Autre collision,,,,,,,,,,,1,2,7,1.0,6.0
201100004829,0011-04-09 10:45:00,11,4,9,10,45,640,216,,43.2536,-0.13284,Plein jour,Hors agglomération,Autre intersection,Temps éblouissant,Autre collision,,,,,,,,,,,1,1,9,7.0,6.0
201100004830,0011-04-18 07:15:00,11,4,18,7,15,640,516,,43.324,-0.16612,Crépuscule ou aube,Hors agglomération,Hors intersection,Normale,Autre collision,,,,,,,,,,,2,1,1,1.0,6.0
201100004831,0011-04-21 23:00:00,11,4,21,23,0,640,208,,43.43,-0.249,Nuit sans éclairage public,Hors agglomération,Hors intersection,Normale,Sans collision,,,,,,,,,,,3,1,1,1.0,7.0
201100004832,0011-05-21 20:00:00,11,5,21,20,0,640,405,,,,Plein jour,Hors agglomération,Hors intersection,Normale,Deux véhicules - frontale,,,,,,,,,,,1,1,1,1.0,1.0
201100004833,0011-05-29 11:45:00,11,5,29,11,45,640,520,,43.3248,-0.2732,Plein jour,Hors agglomération,Hors intersection,Normale,Autre collision,,,,,,,,,,,1,1,1,1.0,6.0
201100004834,0011-06-08 14:15:00,11,6,8,14,15,640,482,,43.3652,-0.23568,Plein jour,Hors agglomération,Hors intersection,Pluie légère,Deux véhicules - frontale,,,,,,,,,,,1,1,1,2.0,1.0
201100004835,0011-07-29 12:00:00,11,7,29,12,0,640,152,,,,Plein jour,Hors agglomération,Hors intersection,Normale,Deux véhicules - frontale,,,,,,,,,,,1,1,1,1.0,1.0
201100004836,0011-09-21 17:30:00,11,9,21,17,30,640,323,,43.506,-0.09364,Plein jour,Hors agglomération,Hors intersection,Normale,Deux véhicules - frontale,,,,,,,,,,,1,1,1,1.0,1.0
201100004837,0011-09-22 08:00:00,11,9,22,8,0,640,59,,43.2843,-0.25293,Crépuscule ou aube,Hors agglomération,Hors intersection,Normale,Deux véhicules - côté,,,,,,,,,,,2,1,1,1.0,3.0
201100004838,0011-09-22 08:15:00,11,9,22,8,15,640,482,CHEMIN DE BASACLE,43.3568,-0.2646,Plein jour,En agglomération,Hors intersection,Normale,Deux véhicules - côté,,,,,,,,,,,1,2,1,1.0,3.0
201100004839,0011-09-26 18:00:00,11,9,26,18,0,640,405,,43.343,-0.262,Plein jour,Hors agglomération,Intersection en T,Temps éblouissant,Deux véhicules - côté,,,,,,,,,,,1,1,3,7.0,3.0
201100004840,0011-11-18 18:15:00,11,11,18,18,15,640,516,,,,Nuit sans éclairage public,Hors agglomération,Hors intersection,Normale,Autre collision,,,,,,,,,,,3,1,1,1.0,6.0
201100004841,0011-11-25 15:00:00,11,11,25,15,0,640,238,,43.2484,-0.07144,Plein jour,Hors agglomération,Hors intersection,Normale,Deux véhicules - frontale,,,,,,,,,,,1,1,1,1.0,1.0
201100004842,0011-02-26 18:15:00,11,2,26,18,15,640,453,rue de la République,,,Plein jour,En agglomération,Hors intersection,Pluie forte,Deux véhicules - frontale,,,,,,,,,,,1,2,1,3.0,1.0
201100004843,0011-11-08 19:45:00,11,11,8,19,45,640,54,,43.1839,-0.29907,Nuit sans éclairage public,Hors agglomération,Hors intersection,Normale,Sans collision,,,,,,,,,,,3,1,1,1.0,7.0
201100004844,0011-02-25 17:15:00,11,2,25,17,15,640,406,,,,Plein jour,Hors agglomération,Hors intersection,Normale,Deux véhicules - côté,,,,,,,,,,,1,1,1,1.0,3.0
201100004845,0011-04-02 14:15:00,11,4,2,14,15,640,374,RTE LANDE/CH CHARPENTIER,43.4528,-0.4754,Plein jour,En agglomération,Intersection en X,Normale,Deux véhicules - côté,,,,,,,,,,,1,2,2,1.0,3.0
201100004846,0011-04-09 12:15:00,11,4,9,12,15,640,141,,43.5512,-0.29211,Plein jour,Hors agglomération,Hors intersection,Normale,Trois véhicules et plus - collisions multiples,,,,,,,,,,,1,1,1,1.0,5.0
201100004847,0011-04-26 20:15:00,11,4,26,20,15,640,70,,,,Plein jour,Hors agglomération,Hors intersection,Temps couvert,Deux véhicules - arrière,,,,,,,,,,,1,1,1,8.0,2.0
201100004848,0011-05-15 11:15:00,11,5,15,11,15,640,415,,43.5848,-0.27638,Plein jour,Hors agglomération,Hors intersection,Normale,Deux véhicules - côté,,,,,,,,,,,1,1,1,1.0,3.0
201100004849,0011-08-19 17:00:00,11,8,19,17,0,640,374,,,,Plein jour,Hors agglomération,Hors intersection,Normale,Autre collision,,,,,,,,,,,1,1,1,1.0,6.0
201100004850,0011-12-17 10:30:00,11,12,17,10,30,640,415,,43.4228,-0.34431,Plein jour,Hors agglomération,Hors intersection,Pluie légère,Autre collision,,,,,,,,,,,1,1,1,2.0,6.0
201100004851,0011-02-24 22:00:00,11,2,24,22,0,640,496,AVENUE DE LABOURD,43.4779,-1.45785,Nuit avec éclairage allumé,En agglomération,Hors intersection,Normale,Deux véhicules - côté,,,,,,,,,,,5,2,1,1.0,3.0
201100004852,0011-08-31 16:15:00,11,8,31,16,15,640,102,16 AV BASSE NAVARRE,43.4739,-1.45282,Plein jour,En agglomération,Hors intersection,Normale,Deux véhicules - côté,,,,,,,,,,,1,2,1,1.0,3.0
201100004853,0011-10-01 18:45:00,11,10,1,18,45,640,540,,43.4924,-1.36997,Plein jour,Hors agglomération,Hors intersection,Normale,Deux véhicules - arrière,,,,,,,,,,,1,1,1,1.0,2.0
201100004854,0011-01-14 04:15:00,11,1,14,4,15,640,250,,43.5362,-1.20775,Nuit sans éclairage public,Hors agglomération,Hors intersection,Brouillard / fumée,Deux véhicules - frontale,,,,,,,,,,,3,1,1,5.0,1.0
201100004855,0011-02-07 15:15:00,11,2,7,15,15,640,476,,43.3319,-1.17527,Plein jour,Hors agglomération,Hors intersection,Normale,Autre collision,,,,,,,,,,,1,1,1,1.0,6.0
201100004856,0011-03-24 19:00:00,11,3,24,19,0,640,277,,43.3757,-1.22304,Plein jour,Hors agglomération,Intersection en T,Normale,Deux véhicules - côté,,,,,,,,,,,1,1,3,1.0,3.0
201100004857,0011-05-01 19:45:00,11,5,1,19,45,640,289,,43.4149,-1.23884,Plein jour,Hors agglomération,Hors intersection,Normale,Autre collision,,,,,,,,,,,1,1,1,1.0,6.0
201100004858,0011-05-18 17:45:00,11,5,18,17,45,640,546,,43.4635,-1.27241,Plein jour,Hors agglomération,Hors intersection,Normale,Deux véhicules - frontale,,,,,,,,,,,1,1,1,1.0,1.0
201100004859,0011-07-10 19:45:00,11,7,10,19,45,640,250,RUE DU BOURG,43.5114,-1.20513,Plein jour,En agglomération,Hors intersection,Normale,Deux véhicules - côté,,,,,,,,,,,1,2,1,1.0,3.0
201100004860,0011-07-29 06:30:00,11,7,29,6,30,640,123,,43.4564,-1.13754,Plein jour,Hors agglomération,Hors intersection,Normale,Deux véhicules - frontale,,,,,,,,,,,1,1,1,1.0,1.0
201100004861,0011-12-08 08:15:00,11,12,8,8,15,640,502,,43.5442,-1.19695,Crépuscule ou aube,Hors agglomération,Hors intersection,Temps couvert,Autre collision,,,,,,,,,,,2,1,1,8.0,6.0
201100004862,0011-02-10 11:45:00,11,2,10,11,45,640,65,,43.3513,-1.62517,Plein jour,En agglomération,Hors intersection,Normale,Deux véhicules - arrière,,,,,,,,,,,1,2,1,1.0,2.0
201100004863,0011-02-12 17:30:00,11,2,12,17,30,640,495,,43.379,-1.544,Plein jour,Hors agglomération,Hors intersection,Temps couvert,Autre collision,,,,,,,,,,,1,1,1,8.0,6.0
201100004864,0011-03-30 07:15:00,11,3,30,7,15,640,495,,,,Nuit sans éclairage public,Hors agglomération,Hors intersection,Normale,Autre collision,,,,,,,,,,,3,1,1,1.0,6.0
201100004865,0011-05-01 14:30:00,11,5,1,14,30,640,495,,,,Plein jour,Hors agglomération,Giratoire,Normale,Deux véhicules - côté,,,,,,,,,,,1,1,6,1.0,3.0
201100004866,0011-05-04 11:30:00,11,5,4,11,30,640,495,,43.3653,-1.54335,Plein jour,Hors agglomération,Hors intersection,Normale,Deux véhicules - frontale,,,,,,,,,,,1,1,1,1.0,1.0
201100004867,0011-05-08 22:00:00,11,5,8,22,0,640,495,,43.3752,-1.59447,Nuit sans éclairage public,Hors agglomération,Hors intersection,Normale,Sans collision,,,,,,,,,,,3,1,1,1.0,7.0
201100004868,0011-05-08 23:45:00,11,5,8,23,45,640,495,quartier Ibarron,,,Nuit avec éclairage allumé,En agglomération,Hors intersection,Normale,Sans collision,,,,,,,,,,,5,2,1,1.0,7.0
201100004869,0011-05-22 13:00:00,11,5,22,13,0,640,495,,43.3814,-1.53941,Plein jour,Hors agglomération,Hors intersection,Normale,Autre collision,,,,,,,,,,,1,1,1,1.0,6.0
201100004870,0011-06-02 05:30:00,11,6,2,5,30,640,495,,,,Nuit sans éclairage public,Hors agglomération,Hors intersection,Normale,Autre collision,,,,,,,,,,,3,1,1,1.0,6.0
201100004871,0011-06-16 11:00:00,11,6,16,11,0,640,504,,,,Plein jour,Hors agglomération,Hors intersection,Pluie légère,Trois véhicules et plus - en chaîne,,,,,,,,,,,1,1,1,2.0,4.0
201100004872,0011-06-25 11:15:00,11,6,25,11,15,640,495,CD918 QUARTIER IBARRON,43.356,-1.5677,Plein jour,En agglomération,Hors intersection,Normale,Sans collision,,,,,,,,,,,1,2,1,1.0,7.0
201100004873,0011-06-28 18:15:00,11,6,28,18,15,640,65,chemin du halage,,,Plein jour,En agglomération,Hors intersection,Pluie légère,Deux véhicules - côté,,,,,,,,,,,1,2,1,2.0,3.0
201100004874,0011-07-24 11:30:00,11,7,24,11,30,640,14,,43.3003,-1.51125,Plein jour,Hors agglomération,Hors intersection,Pluie forte,Sans collision,,,,,,,,,,,1,1,1,3.0,7.0
201100004875,0011-08-21 17:00:00,11,8,21,17,0,640,65,,43.337,-1.65806,Plein jour,Hors agglomération,Hors intersection,Normale,Trois véhicules et plus - collisions multiples,,,,,,,,,,,1,1,1,1.0,5.0
201100004876,0011-08-23 16:45:00,11,8,23,16,45,640,495,,43.3807,-1.60877,Plein jour,Hors agglomération,Hors intersection,Normale,Deux véhicules - côté,,,,,,,,,,,1,1,1,1.0,3.0
201100004877,0011-09-02 17:15:00,11,9,2,17,15,640,504,,43.3148,-1.56126,Plein jour,Hors agglomération,Hors intersection,Pluie légère,Sans collision,,,,,,,,,,,1,1,1,2.0,7.0
201100004878,0011-09-06 16:00:00,11,9,6,16,0,640,495,CD 918,43.3579,-1.55405,Plein jour,En agglomération,Hors intersection,Normale,Autre collision,,,,,,,,,,,1,2,1,1.0,6.0
201100004879,0011-10-23 15:00:00,11,10,23,15,0,640,495,,,,Plein jour,Hors agglomération,Hors intersection,Normale,Autre collision,,,,,,,,,,,1,1,1,1.0,6.0
201100004880,0011-10-25 16:15:00,11,10,25,16,15,640,495,CHEMIN LULUA,43.3601,-1.54884,Plein jour,En agglomération,Hors intersection,Normale,Sans collision,,,,,,,,,,,1,2,1,1.0,7.0
201100004881,0011-10-30 19:15:00,11,10,30,19,15,640,495,LE BOURG - RD 918,43.3544,-1.55038,Nuit avec éclairage allumé,En agglomération,Hors intersection,Normale,Autre collision,,,,,,,,,,,5,2,1,1.0,6.0
201100004882,0011-12-08 10:30:00,11,12,8,10,30,640,65,,43.3594,-1.63383,Plein jour,Hors agglomération,Hors intersection,Normale,Sans collision,,,,,,,,,,,1,1,1,1.0,7.0
201100004883,0011-01-08 16:45:00,11,1,8,16,45,640,527,,43.3365,-1.47771,Plein jour,Hors agglomération,Hors intersection,Normale,Sans collision,,,,,,,,,,,1,1,1,1.0,7.0
201100004884,0011-01-29 15:00:00,11,1,29,15,0,640,38,,,,Plein jour,Hors agglomération,Hors intersection,Normale,Deux véhicules - frontale,,,,,,,,,,,1,1,1,1.0,1.0
201100004885,0011-02-05 15:45:00,11,2,5,15,45,640,547,955 ROUTE LANDAGOYEN,43.3881,-1.46083,Plein jour,En agglomération,Hors intersection,Normale,Deux véhicules - frontale,,,,,,,,,,,1,2,1,1.0,1.0
201100004886,0011-02-06 14:30:00,11,2,6,14,30,640,317,,,,Plein jour,Hors agglomération,Hors intersection,Normale,Sans collision,,,,,,,,,,,1,1,1,1.0,7.0
201100004887,0011-03-05 12:00:00,11,3,5,12,0,640,317,,,,Plein jour,Hors agglomération,Hors intersection,Normale,Deux véhicules - arrière,,,,,,,,,,,1,1,1,1.0,2.0
201100004888,0011-04-08 10:15:00,11,4,8,10,15,640,213,CD 918,43.3394,-1.45323,Plein jour,En agglomération,Hors intersection,Normale,Deux véhicules - côté,,,,,,,,,,,1,2,1,1.0,3.0
201100004889,0011-04-08 15:15:00,11,4,8,15,15,640,317,,43.3649,-1.4226,Plein jour,Hors agglomération,Hors intersection,Normale,Deux véhicules - côté,,,,,,,,,,,1,1,1,1.0,3.0
201100004890,0011-04-15 19:30:00,11,4,15,19,30,640,160,ROUTE D'URBIDEA,43.3629,-1.39056,Plein jour,En agglomération,Hors intersection,Normale,Autre collision,,,,,,,,,,,1,2,1,1.0,6.0
201100004891,0011-04-19 20:15:00,11,4,19,20,15,640,317,,43.354,-1.4326,Crépuscule ou aube,Hors agglomération,Intersection en T,Normale,Deux véhicules - côté,,,,,,,,,,,2,1,3,1.0,3.0
201100004892,0011-05-08 18:45:00,11,5,8,18,45,640,35,,43.4127,-1.54735,Plein jour,Hors agglomération,Hors intersection,Normale,Trois véhicules et plus - collisions multiples,,,,,,,,,,,1,1,1,1.0,5.0
201100004893,0011-07-16 01:00:00,11,7,16,1,0,640,38,,,,Nuit sans éclairage public,Hors agglomération,Hors intersection,Pluie légère,Autre collision,,,,,,,,,,,3,1,1,2.0,6.0
201100004894,0011-07-24 15:30:00,11,7,24,15,30,640,279,,43.3238,-1.37835,Plein jour,Hors agglomération,Hors intersection,Pluie forte,Deux véhicules - frontale,,,,,,,,,,,1,1,1,3.0,1.0
201100004895,0011-08-13 11:45:00,11,8,13,11,45,640,279,,,,Plein jour,Hors agglomération,Hors intersection,Normale,Deux véhicules - arrière,,,,,,,,,,,1,1,1,1.0,2.0
201100004896,0011-09-10 12:15:00,11,9,10,12,15,640,282,,43.3914,-1.44415,Plein jour,Hors agglomération,Hors intersection,Normale,Autre collision,,,,,,,,,,,1,1,1,1.0,6.0
201100004897,0011-09-17 12:00:00,11,9,17,12,0,640,160,AV DE LA MAIRIE,43.3607,-1.39976,Plein jour,En agglomération,Hors intersection,Normale,Autre collision,,,,,,,,,,,1,2,1,1.0,6.0
201100004898,0011-10-13 08:00:00,11,10,13,8,0,640,547,,,,Plein jour,Hors agglomération,Hors intersection,Normale,Deux véhicules - frontale,,,,,,,,,,,1,1,1,1.0,1.0
201100004899,0011-10-13 18:00:00,11,10,13,18,0,640,213,,43.3353,-1.45922,Plein jour,Hors agglomération,Hors intersection,Normale,Deux véhicules - côté,,,,,,,,,,,1,1,1,1.0,3.0
201100004900,0011-11-05 13:15:00,11,11,5,13,15,640,213,CD918,43.3397,-1.44461,Plein jour,En agglomération,Hors intersection,Pluie forte,Sans collision,,,,,,,,,,,1,2,1,3.0,7.0
201100004901,0011-11-07 08:45:00,11,11,7,8,45,640,100,,43.4369,-1.48881,Plein jour,Hors agglomération,Hors intersection,Pluie forte,Autre collision,,,,,,,,,,,1,1,1,3.0,6.0
201100004902,0011-12-18 13:15:00,11,12,18,13,15,640,279,,43.3198,-1.36625,Plein jour,Hors agglomération,Hors intersection,Pluie légère,Autre collision,,,,,,,,,,,1,1,1,2.0,6.0
201100004903,0011-12-26 10:00:00,11,12,26,10,0,640,160,ROUTE DU BAS CAMBO,43.3681,-1.3999,Plein jour,En agglomération,Hors intersection,Temps éblouissant,Autre collision,,,,,,,,,,,1,2,1,7.0,6.0
201100004904,0011-02-27 16:30:00,11,2,27,16,30,640,316,,43.0346,-1.01888,Plein jour,Hors agglomération,Hors intersection,Neige / grêle,Autre collision,,,,,,,,,,,1,1,1,4.0,6.0
201100004905,0011-05-17 21:30:00,11,5,17,21,30,640,188,,43.2317,-0.82863,Plein jour,Hors agglomération,Hors intersection,Normale,Sans collision,,,,,,,,,,,1,1,1,1.0,7.0
201100004906,0011-07-22 12:30:00,11,7,22,12,30,640,371,,43.232,-0.8907,Plein jour,Hors agglomération,Hors intersection,Normale,Sans collision,,,,,,,,,,,1,1,1,1.0,7.0
201100004907,0011-08-04 13:45:00,11,8,4,13,45,640,485,,43.052,-1.057,Plein jour,Hors agglomération,Hors intersection,Normale,Deux véhicules - frontale,,,,,,,,,,,1,1,1,1.0,1.0
201100004908,0011-08-09 10:00:00,11,8,9,10,0,640,303,,43.105,-0.835,Plein jour,Hors agglomération,Hors intersection,Normale,Trois véhicules et plus - collisions multiples,,,,,,,,,,,1,1,1,1.0,5.0
201100004909,0011-11-15 16:00:00,11,11,15,16,0,640,411,,43.1997,-1.0054,Plein jour,Hors agglomération,Hors intersection,Normale,Sans collision,,,,,,,,,,,1,1,1,1.0,7.0
201100004910,0011-12-25 07:45:00,11,12,25,7,45,640,424,,43.1973,-0.9178,Crépuscule ou aube,Hors agglomération,Hors intersection,Normale,Autre collision,,,,,,,,,,,2,1,1,1.0,6.0
201100004911,0011-01-04 22:30:00,11,1,4,22,30,640,13,,,,Nuit sans éclairage public,Hors agglomération,Hors intersection,Normale,Autre collision,,,,,,,,,,,3,1,1,1.0,6.0
201100004912,0011-01-16 17:15:00,11,1,16,17,15,640,538,,,,Plein jour,Hors agglomération,Hors intersection,Normale,Autre collision,,,,,,,,,,,1,1,1,1.0,6.0
201100004913,0011-05-27 22:30:00,11,5,27,22,30,640,538,CD 918 - Rte de Bayonne,,,Nuit avec éclairage allumé,En agglomération,Hors intersection,Normale,Deux véhicules - côté,,,,,,,,,,,5,2,1,1.0,3.0
201100004914,0011-06-03 13:15:00,11,6,3,13,15,640,538,,43.15,-1.25353,Plein jour,Hors agglomération,Hors intersection,Normale,Autre collision,,,,,,,,,,,1,1,1,1.0,6.0
201100004915,0011-07-13 14:45:00,11,7,13,14,45,640,297,,43.1818,-1.1775,Plein jour,Hors agglomération,Hors intersection,Temps couvert,Autre collision,,,,,,,,,,,1,1,1,8.0,6.0
201100004916,0011-07-20 10:45:00,11,7,20,10,45,640,436,,43.2601,-1.32032,Plein jour,Hors agglomération,Hors intersection,Pluie légère,Deux véhicules - frontale,,,,,,,,,,,1,1,1,2.0,1.0
201100004917,0011-09-01 15:30:00,11,9,1,15,30,640,485,RUE DE LA VIERGE,43.1718,-1.23607,Plein jour,En agglomération,Hors intersection,Normale,Deux véhicules - frontale,,,,,,,,,,,1,2,1,1.0,1.0
201100004918,0011-09-30 13:45:00,11,9,30,13,45,640,155,,,,Plein jour,Hors agglomération,Hors intersection,Normale,Deux véhicules - frontale,,,,,,,,,,,1,1,1,1.0,1.0
201100004919,0011-02-24 13:30:00,11,2,24,13,30,640,490,,43.2599,-1.32018,Plein jour,Hors agglomération,Hors intersection,Normale,Deux véhicules - frontale,,,,,,,,,,,1,1,1,1.0,1.0
201100004920,0011-02-26 17:30:00,11,2,26,17,30,640,45,,43.2607,-1.04057,Plein jour,Hors agglomération,Hors intersection,Pluie légère,Autre collision,,,,,,,,,,,1,1,1,2.0,6.0
201100004921,0011-04-07 16:45:00,11,4,7,16,45,640,18,,43.338,-1.04699,Plein jour,Hors agglomération,Hors intersection,Normale,Trois véhicules et plus - collisions multiples,,,,,,,,,,,1,1,1,1.0,5.0
201100004922,0011-04-20 10:30:00,11,4,20,10,30,640,314,,43.242,-1.087,Plein jour,Hors agglomération,Hors intersection,Normale,Deux véhicules - côté,,,,,,,,,,,1,1,1,1.0,3.0
201100004923,0011-05-18 15:30:00,11,5,18,15,30,640,493,,43.3262,-1.02794,Plein jour,Hors agglomération,Hors intersection,Normale,Deux véhicules - frontale,,,,,,,,,,,1,1,1,1.0,1.0
201100004924,0011-06-23 08:30:00,11,6,23,8,30,640,437,,43.2669,-1.03816,Crépuscule ou aube,Hors agglomération,Hors intersection,Pluie légère,Sans collision,,,,,,,,,,,2,1,1,2.0,7.0
201100004925,0011-06-25 13:30:00,11,6,25,13,30,640,229,,43.2134,-1.13361,Plein jour,Hors agglomération,Hors intersection,Normale,Sans collision,,,,,,,,,,,1,1,1,1.0,7.0
201100004926,0011-07-14 06:15:00,11,7,14,6,15,640,362,,43.3643,-1.07281,Crépuscule ou aube,Hors agglomération,Hors intersection,Normale,Deux véhicules - côté,,,,,,,,,,,2,1,1,1.0,3.0
201100004927,0011-10-12 07:45:00,11,10,12,7,45,640,10,,43.3369,-1.01373,Crépuscule ou aube,Hors agglomération,Hors intersection,Brouillard / fumée,Deux véhicules - arrière,,,,,,,,,,,2,1,1,5.0,2.0
201100004928,0011-11-19 18:45:00,11,11,19,18,45,640,539,,,,Nuit sans éclairage public,Hors agglomération,Hors intersection,Normale,Deux véhicules - frontale,,,,,,,,,,,3,1,1,1.0,1.0
201100004929,0011-01-04 13:15:00,11,1,4,13,15,640,421,,43.1621,-0.49666,Plein jour,Hors agglomération,Hors intersection,Normale,Deux véhicules - côté,,,,,,,,,,,1,1,1,1.0,3.0
201100004930,0011-03-20 18:00:00,11,3,20,18,0,640,422,RUE JUSTICE/RESISTANCE,43.1932,-0.60503,Plein jour,En agglomération,Hors intersection,Normale,Autre collision,,,,,,,,,,,1,2,1,1.0,6.0
201100004931,0011-04-05 10:00:00,11,4,5,10,0,640,422,RUE LEON JOUHAUX,43.1989,-0.61111,Plein jour,En agglomération,Hors intersection,Normale,Autre collision,,,,,,,,,,,1,2,1,1.0,6.0
201100004932,0011-05-28 17:15:00,11,5,28,17,15,640,165,,,,Plein jour,Hors agglomération,Hors intersection,Normale,Deux véhicules - frontale,,,,,,,,,,,1,1,1,1.0,1.0
201100004933,0011-05-29 08:00:00,11,5,29,8,0,640,422,CHEMIN DI CANDAU,43.1507,-0.57749,Plein jour,Hors agglomération,Hors intersection,Normale,Autre collision,,,,,,,,,,,1,1,1,1.0,6.0
201100004934,0011-05-31 15:30:00,11,5,31,15,30,640,241,,43.2385,-0.67709,Plein jour,Hors agglomération,Hors intersection,Normale,Deux véhicules - frontale,,,,,,,,,,,1,1,1,1.0,1.0
201100004935,0011-09-14 07:45:00,11,9,14,7,45,640,422,RUE ADOUE,43.1884,-0.6112,Nuit avec éclairage allumé,En agglomération,Hors intersection,Pluie légère,Autre collision,,,,,,,,,,,5,2,1,2.0,6.0
201100004936,0011-10-18 06:30:00,11,10,18,6,30,640,422,RUE ADOUE,43.186,-0.60969,Nuit avec éclairage allumé,En agglomération,Hors intersection,Normale,Autre collision,,,,,,,,,,,5,2,1,1.0,6.0
201100004937,0011-11-19 10:15:00,11,11,19,10,15,640,422,RUE CARREROT,43.1901,-0.61198,Plein jour,En agglomération,Hors intersection,Temps éblouissant,Autre collision,,,,,,,,,,,1,2,1,7.0,6.0
201100004938,0011-11-24 19:30:00,11,11,24,19,30,640,422,ROND POINT DE JAO,43.1977,-0.60452,Nuit avec éclairage allumé,En agglomération,Giratoire,Normale,Deux véhicules - côté,,,,,,,,,,,5,2,6,1.0,3.0
201100004939,0011-12-04 17:15:00,11,12,4,17,15,640,220,BD DES PYRENEES,43.196,-0.60412,Crépuscule ou aube,En agglomération,Giratoire,Normale,Autre collision,,,,,,,,,,,2,2,6,1.0,6.0
201100004940,0011-12-12 08:15:00,11,12,12,8,15,640,64,LE BOURG  RN 134,43.1567,-0.59736,Crépuscule ou aube,En agglomération,Hors intersection,Pluie légère,Autre collision,,,,,,,,,,,2,2,1,2.0,6.0
201100004941,0011-10-02 15:00:00,11,10,2,15,0,640,40,,,,Plein jour,Hors agglomération,Hors intersection,Normale,Deux véhicules - frontale,,,,,,,,,,,1,1,1,1.0,1.0
201100004942,0011-12-28 18:30:00,11,12,28,18,30,640,506,,43.048,-0.6,Nuit sans éclairage public,Hors agglomération,Hors intersection,Pluie légère,Deux véhicules - frontale,,,,,,,,,,,3,1,1,2.0,1.0
201100004943,0011-01-10 07:30:00,11,1,10,7,30,640,62,AV DES PYRENEES,43.1028,-0.42172,Nuit avec éclairage allumé,En agglomération,Hors intersection,Normale,Deux véhicules - côté,,,,,,,,,,,5,2,1,1.0,3.0