accident_id,datetime,annee,mois,jour,heure,minute,departement,commune_insee,adresse,latitude,longitude,luminosite,agglomeration,intersection,meteo,collision,nb_vehicules,nb_usagers,nb_indemnes,nb_tues,nb_blesses_hosp,nb_blesses_legers,age_cond_1,age_cond_2,veh_type_cond_1,veh_type_cond_2,lum_code,agg_code,int_code,atm_code,col_code
201100004944,0011-03-27 00:01:00,11,3,27,0,1,640,473,,,,Nuit sans éclairage public,Hors agglomération,Hors intersection,Normale,Autre collision,,,,,,,,,,,3,1,1,1.0,6.0
201100004945,0011-07-09 15:30:00,11,7,9,15,30,640,128,,43.0604,-0.4534,Plein jour,Hors agglomération,Hors intersection,Normale,Deux véhicules - frontale,,,,,,,,,,,1,1,1,1.0,1.0
201100004946,0011-02-21 18:45:00,11,2,21,18,45,640,393,,43.3195,-0.59735,Nuit sans éclairage public,Hors agglomération,Hors intersection,Pluie forte,Deux véhicules - frontale,,,,,,,,,,,3,1,1,3.0,1.0
201100004947,0011-04-16 11:45:00,11,4,16,11,45,640,466,,,,Plein jour,Hors agglomération,Hors intersection,Normale,Deux véhicules - arrière,,,,,,,,,,,1,1,1,1.0,2.0
201100004948,0011-05-02 00:45:00,11,5,2,0,45,640,178,,43.3208,-0.79375,Nuit sans éclairage public,Hors agglomération,Hors intersection,Normale,Autre collision,,,,,,,,,,,3,1,1,1.0,6.0
201100004949,0011-05-03 07:45:00,11,5,3,7,45,640,393,,43.3,-0.551,Plein jour,Hors agglomération,Hors intersection,Normale,Sans collision,,,,,,,,,,,1,1,1,1.0,7.0
201100004950,0011-09-23 15:00:00,11,9,23,15,0,640,420,,43.335,-0.712,Plein jour,Hors agglomération,Hors intersection,Normale,Trois véhicules et plus - collisions multiples,,,,,,,,,,,1,1,1,1.0,5.0
201100004951,0011-04-24 20:00:00,11,4,24,20,0,640,501,,,,Plein jour,Hors agglomération,Hors intersection,Temps couvert,Autre collision,,,,,,,,,,,1,1,1,8.0,6.0
201100004952,0011-05-01 00:30:00,11,5,1,0,30,640,505,,,,Nuit avec éclairage allumé,Hors agglomération,Hors intersection,Normale,Autre collision,,,,,,,,,,,5,1,1,1.0,6.0
201100004953,0011-08-23 13:00:00,11,8,23,13,0,640,510,,,,Plein jour,Hors agglomération,Hors intersection,Normale,Deux véhicules - frontale,,,,,,,,,,,1,1,1,1.0,1.0
201100004954,0011-11-23 21:15:00,11,11,23,21,15,640,430,RUE DES FRERES RECLUS,43.4826,-0.77904,Nuit avec éclairage allumé,En agglomération,Hors intersection,Normale,Autre collision,,,,,,,,,,,5,2,1,1.0,6.0
201100004955,0011-12-23 18:45:00,11,12,23,18,45,640,501,,,,Nuit sans éclairage public,Hors agglomération,Hors intersection,Normale,Deux véhicules - frontale,,,,,,,,,,,3,1,1,1.0,1.0
201100004956,0011-01-27 11:30:00,11,1,27,11,30,640,87,,,,Plein jour,Hors agglomération,Hors intersection,Normale,Deux véhicules - côté,,,,,,,,,,,1,1,1,1.0,3.0
201100004957,0011-07-04 11:15:00,11,7,4,11,15,640,499,,43.4724,-0.97117,Plein jour,Hors agglomération,Hors intersection,Normale,Autre collision,,,,,,,,,,,1,1,1,1.0,6.0
201100004958,0011-10-17 17:15:00,11,10,17,17,15,640,480,,43.3685,-0.9198,Plein jour,Hors agglomération,Hors intersection,Normale,Deux véhicules - côté,,,,,,,,,,,1,1,1,1.0,3.0
201100004959,0011-10-21 18:15:00,11,10,21,18,15,640,462,,,,Plein jour,Hors agglomération,Hors intersection,Normale,Deux véhicules - frontale,,,,,,,,,,,1,1,1,1.0,1.0
201100004960,0011-11-14 06:45:00,11,11,14,6,45,640,471,,43.5232,-0.80277,Plein jour,Hors agglomération,Hors intersection,Normale,Autre collision,,,,,,,,,,,1,1,1,1.0,6.0
201100004961,0011-04-08 20:00:00,11,4,8,20,0,860,100,,46.555,0.215,Plein jour,Hors agglomération,Hors intersection,Normale,Sans collision,,,,,,,,,,,1,1,1,1.0,7.0
201100004962,0011-05-27 14:45:00,11,5,27,14,45,860,297,,46.556,0.226,Plein jour,Hors agglomération,Hors intersection,Normale,Sans collision,,,,,,,,,,,1,1,1,1.0,7.0
201100004963,0011-07-29 23:30:00,11,7,29,23,30,860,297,71 rue Firmin Petit,,,Nuit avec éclairage allumé,En agglomération,Hors intersection,Normale,Sans collision,,,,,,,,,,,5,2,1,1.0,7.0
201100004964,0011-04-22 15:45:00,11,4,22,15,45,860,219,,,,Plein jour,Hors agglomération,Hors intersection,Normale,Deux véhicules - côté,,,,,,,,,,,1,1,1,1.0,3.0
201100004965,0011-07-04 20:30:00,11,7,4,20,30,860,163,,,,Plein jour,Hors agglomération,Hors intersection,Normale,Autre collision,,,,,,,,,,,1,1,1,1.0,6.0
201100004966,0011-07-11 17:15:00,11,7,11,17,15,860,163,intersection CD3 et CD18,,,Plein jour,En agglomération,Hors intersection,Normale,Trois véhicules et plus - collisions multiples,,,,,,,,,,,1,2,1,1.0,5.0
201100004967,0011-07-29 16:15:00,11,7,29,16,15,860,95,,,,Plein jour,Hors agglomération,Hors intersection,Normale,Sans collision,,,,,,,,,,,1,1,1,1.0,7.0
201100004968,0011-10-07 15:00:00,11,10,7,15,0,860,62,rue du commerce,,,Plein jour,En agglomération,Autre intersection,Normale,Deux véhicules - côté,,,,,,,,,,,1,2,9,1.0,3.0
201100004969,0011-11-02 10:45:00,11,11,2,10,45,860,115,,,,Plein jour,Hors agglomération,Hors intersection,Normale,Deux véhicules - frontale,,,,,,,,,,,1,1,1,1.0,1.0
201100004970,0011-12-20 21:00:00,11,12,20,21,0,860,62,,,,Nuit sans éclairage public,Hors agglomération,Hors intersection,Pluie légère,Deux véhicules - arrière,,,,,,,,,,,3,1,1,2.0,2.0
201100004971,0011-01-18 00:30:00,11,1,18,0,30,860,145,,,,Nuit sans éclairage public,Hors agglomération,Hors intersection,Brouillard / fumée,Autre collision,,,,,,,,,,,3,1,1,5.0,6.0
201100004972,0011-03-10 04:00:00,11,3,10,4,0,860,293,,,,Nuit sans éclairage public,Hors agglomération,Hors intersection,Brouillard / fumée,Deux véhicules - arrière,,,,,,,,,,,3,1,1,5.0,2.0
201100004973,0011-04-25 01:30:00,11,4,25,1,30,860,68,VC DE TRAVERSAY,,,Nuit sans éclairage public,Hors agglomération,Hors intersection,Normale,Sans collision,,,,,,,,,,,3,1,1,1.0,7.0
201100004974,0011-04-27 21:45:00,11,4,27,21,45,860,91,,,,Nuit sans éclairage public,Hors agglomération,Hors intersection,Normale,Sans collision,,,,,,,,,,,3,1,1,1.0,7.0
201100004975,0011-05-20 14:00:00,11,5,20,14,0,860,113,La Gruzali?re,,,Plein jour,En agglomération,Hors intersection,Normale,Autre collision,,,,,,,,,,,1,2,1,1.0,6.0
201100004976,0011-05-02 18:45:00,11,5,2,18,45,860,65,,,,Crépuscule ou aube,Hors agglomération,Hors intersection,Pluie forte,Autre collision,,,,,,,,,,,2,1,1,3.0,6.0
201100004977,0011-06-19 04:30:00,11,6,19,4,30,860,213,,,,Nuit sans éclairage public,Hors agglomération,Hors intersection,Normale,Autre collision,,,,,,,,,,,3,1,1,1.0,6.0
201100004978,0011-07-12 19:30:00,11,7,12,19,30,860,39,,46.226,0.206,Plein jour,Hors agglomération,Autre intersection,Normale,Deux véhicules - frontale,,,,,,,,,,,1,1,9,1.0,1.0
201100004979,0011-10-23 17:45:00,11,10,23,17,45,860,296,,,,Plein jour,Hors agglomération,Hors intersection,Normale,Deux véhicules - frontale,,,,,,,,,,,1,1,1,1.0,1.0
201100004980,0011-12-05 18:00:00,11,12,5,18,0,860,213,,,,Nuit sans éclairage public,Hors agglomération,Hors intersection,Normale,Deux véhicules - côté,,,,,,,,,,,3,1,1,1.0,3.0
201100004981,0011-12-15 11:45:00,11,12,15,11,45,860,139,,,,Plein jour,Hors agglomération,Hors intersection,Temps couvert,Deux véhicules - côté,,,,,,,,,,,1,1,1,8.0,3.0
201100004982,0011-01-29 15:45:00,11,1,29,15,45,860,281,,46.714,0.3,Nuit sans éclairage public,Hors agglomération,Hors intersection,Normale,Sans collision,,,,,,,,,,,3,1,1,1.0,7.0
201100004983,0011-03-14 08:45:00,11,3,14,8,45,860,16,,46.673,0.296,Nuit sans éclairage public,Hors agglomération,Hors intersection,Normale,Autre collision,,,,,,,,,,,3,1,1,1.0,6.0
201100004984,0011-04-08 14:30:00,11,4,8,14,30,860,294,,46.645,0.204,Plein jour,Hors agglomération,Hors intersection,Normale,Deux véhicules - côté,,,,,,,,,,,1,1,1,1.0,3.0
201100004985,0011-04-08 21:30:00,11,4,8,21,30,860,177,Rond Point Charles de Ga,46.689,0.262,Nuit avec éclairage allumé,En agglomération,Giratoire,Normale,Deux véhicules - côté,,,,,,,,,,,5,2,6,1.0,3.0
201100004986,0011-04-24 12:15:00,11,4,24,12,15,860,177,39 rue Thibaudeau,46.69,0.251,Plein jour,En agglomération,Hors intersection,Temps couvert,Deux véhicules - frontale,,,,,,,,,,,1,2,1,8.0,1.0
201100004987,0011-04-27 13:30:00,11,4,27,13,30,860,177,,,,Plein jour,Hors agglomération,Hors intersection,Normale,Deux véhicules - frontale,,,,,,,,,,,1,1,1,1.0,1.0
201100004988,0011-05-01 18:15:00,11,5,1,18,15,860,166,,,,Plein jour,Hors agglomération,Hors intersection,Normale,Deux véhicules - arrière,,,,,,,,,,,1,1,1,1.0,2.0
201100004989,0011-05-08 01:00:00,11,5,8,1,0,860,271,,,,Nuit sans éclairage public,Hors agglomération,Hors intersection,Normale,Sans collision,,,,,,,,,,,3,1,1,1.0,7.0
201100004990,0011-05-16 18:30:00,11,5,16,18,30,860,21,,46.575,0.017,Plein jour,Hors agglomération,Intersection en X,Normale,Deux véhicules - côté,,,,,,,,,,,1,1,2,1.0,3.0
201100004991,0011-05-22 21:15:00,11,5,22,21,15,860,30,,,,Crépuscule ou aube,Hors agglomération,Hors intersection,Normale,Sans collision,,,,,,,,,,,2,1,1,1.0,7.0
201100004992,0011-05-29 22:30:00,11,5,29,22,30,860,30,,46.717,0.216,Nuit sans éclairage public,Hors agglomération,Hors intersection,Normale,Deux véhicules - côté,,,,,,,,,,,3,1,1,1.0,3.0
201100004993,0011-06-29 07:15:00,11,6,29,7,15,860,160,,,,Plein jour,Hors agglomération,Hors intersection,Normale,Deux véhicules - frontale,,,,,,,,,,,1,1,1,1.0,1.0
201100004994,0011-06-30 19:00:00,11,6,30,19,0,860,24,,,,Plein jour,Hors agglomération,Hors intersection,Normale,Autre collision,,,,,,,,,,,1,1,1,1.0,6.0
201100004995,0011-07-03 20:30:00,11,7,3,20,30,860,281,,46.69,0.302,Plein jour,Hors agglomération,Giratoire,Normale,Deux véhicules - arrière,,,,,,,,,,,1,1,6,1.0,2.0
201100004996,0011-08-27 17:15:00,11,8,27,17,15,860,294,rue du gu? rochelin,,,Plein jour,En agglomération,Hors intersection,Normale,Deux véhicules - côté,,,,,,,,,,,1,2,1,1.0,3.0
201100004997,0011-09-21 17:30:00,11,9,21,17,30,860,73,,,,Plein jour,Hors agglomération,Hors intersection,Temps éblouissant,Deux véhicules - côté,,,,,,,,,,,1,1,1,7.0,3.0
201100004998,0011-09-22 12:15:00,11,9,22,12,15,860,16,,,,Plein jour,Hors agglomération,Hors intersection,Normale,Sans collision,,,,,,,,,,,1,1,1,1.0,7.0
201100004999,0011-10-08 02:15:00,11,10,8,2,15,860,146,,,,Nuit sans éclairage public,Hors agglomération,Hors intersection,Normale,Sans collision,,,,,,,,,,,3,1,1,1.0,7.0
201100005000,0011-10-09 03:15:00,11,10,9,3,15,860,17,17 route de Parthenay,,,Nuit avec éclairage non allumé,En agglomération,Hors intersection,Normale,Sans collision,,,,,,,,,,,4,2,1,1.0,7.0
201100005001,0011-10-10 08:00:00,11,10,10,8,0,860,121,Rue du Docteur Roux,,,Plein jour,En agglomération,Hors intersection,Normale,Deux véhicules - côté,,,,,,,,,,,1,2,1,1.0,3.0
201100005002,0011-10-17 07:45:00,11,10,17,7,45,860,294,6 rue de la tour du poel,,,Crépuscule ou aube,En agglomération,Hors intersection,Normale,Deux véhicules - frontale,,,,,,,,,,,2,2,1,1.0,1.0
201100005003,0011-10-21 07:15:00,11,10,21,7,15,860,16,,,,Crépuscule ou aube,Hors agglomération,Hors intersection,Temps couvert,Deux véhicules - arrière,,,,,,,,,,,2,1,1,8.0,2.0
201100005004,0011-11-07 14:15:00,11,11,7,14,15,860,208,,,,Plein jour,Hors agglomération,Hors intersection,Normale,Deux véhicules - côté,,,,,,,,,,,1,1,1,1.0,3.0
201100005005,0011-12-15 08:15:00,11,12,15,8,15,860,30,,,,Plein jour,Hors agglomération,Hors intersection,Pluie légère,Deux véhicules - frontale,,,,,,,,,,,1,1,1,2.0,1.0
201100005006,0011-12-29 20:15:00,11,12,29,20,15,860,294,RN149,,,Nuit avec éclairage allumé,En agglomération,Hors intersection,Normale,Deux véhicules - côté,,,,,,,,,,,5,2,1,1.0,3.0
201100005007,0011-01-30 16:30:00,11,1,30,16,30,860,276,,,,Plein jour,Hors agglomération,Hors intersection,Temps couvert,Deux véhicules - frontale,,,,,,,,,,,1,1,1,8.0,1.0
201100005008,0011-02-02 13:45:00,11,2,2,13,45,860,235,,,,Plein jour,Hors agglomération,Hors intersection,Normale,Sans collision,,,,,,,,,,,1,1,1,1.0,7.0
201100005009,0011-05-13 00:01:00,11,5,13,0,1,860,178,,,,Nuit sans éclairage public,Hors agglomération,Hors intersection,Normale,Sans collision,,,,,,,,,,,3,1,1,1.0,7.0
201100005010,0011-05-20 14:30:00,11,5,20,14,30,860,180,,,,Plein jour,Hors agglomération,Hors intersection,Normale,Autre collision,,,,,,,,,,,1,1,1,1.0,6.0
201100005011,0011-06-06 15:15:00,11,6,6,15,15,860,178,,,,Plein jour,Hors agglomération,Hors intersection,Normale,Trois véhicules et plus - en chaîne,,,,,,,,,,,1,1,1,1.0,4.0
201100005012,0011-06-10 15:30:00,11,6,10,15,30,860,103,,,,Plein jour,Hors agglomération,Hors intersection,Normale,Deux véhicules - frontale,,,,,,,,,,,1,1,1,1.0,1.0
201100005013,0011-07-10 11:45:00,11,7,10,11,45,860,235,croisement D1/D13,,,Plein jour,En agglomération,Intersection en X,Normale,Deux véhicules - côté,,,,,,,,,,,1,2,2,1.0,3.0
201100005014,0011-09-02 23:30:00,11,9,2,23,30,860,178,Place de la mairie,,,Nuit avec éclairage allumé,En agglomération,Hors intersection,Normale,Sans collision,,,,,,,,,,,5,2,1,1.0,7.0
201100005015,0011-09-16 17:45:00,11,9,16,17,45,860,178,Rue des Sarments,46.488,0.454,Plein jour,En agglomération,Hors intersection,Normale,Deux véhicules - frontale,,,,,,,,,,,1,2,1,1.0,1.0
201100005016,0011-10-09 19:15:00,11,10,9,19,15,860,290,Route de NIEUIL L'ESPOIR,,,Crépuscule ou aube,En agglomération,Hors intersection,Normale,Sans collision,,,,,,,,,,,2,2,1,1.0,7.0
201100005017,0011-10-26 00:15:00,11,10,26,0,15,860,178,43 rue de la chanterie,,,Nuit avec éclairage non allumé,En agglomération,Hors intersection,Pluie légère,Autre collision,,,,,,,,,,,4,2,1,2.0,6.0
201100005018,0011-01-31 14:00:00,11,1,31,14,0,860,92,,46.95,0.582,Plein jour,Hors agglomération,Hors intersection,Normale,Sans collision,,,,,,,,,,,1,1,1,1.0,7.0
201100005019,0011-02-28 12:30:00,11,2,28,12,30,860,174,,,,Plein jour,Hors agglomération,Hors intersection,Normale,Deux véhicules - côté,,,,,,,,,,,1,1,1,1.0,3.0
201100005020,0011-04-10 11:45:00,11,4,10,11,45,860,19,,,,Plein jour,Hors agglomération,Hors intersection,Normale,Deux véhicules - arrière,,,,,,,,,,,1,1,1,1.0,2.0
201100005021,0011-05-24 12:15:00,11,5,24,12,15,860,111,,,,Plein jour,Hors agglomération,Hors intersection,Normale,Deux véhicules - frontale,,,,,,,,,,,1,1,1,1.0,1.0
201100005022,0011-05-30 18:00:00,11,5,30,18,0,860,183,,,,Plein jour,En agglomération,Hors intersection,Normale,Deux véhicules - arrière,,,,,,,,,,,1,2,1,1.0,2.0
201100005023,0011-07-20 19:15:00,11,7,20,19,15,860,111,,46.877,0.606,Plein jour,Hors agglomération,Hors intersection,Pluie forte,Deux véhicules - frontale,,,,,,,,,,,1,1,1,3.0,1.0
201100005024,0011-10-31 17:00:00,11,10,31,17,0,860,195,D 910,,,Plein jour,En agglomération,Hors intersection,Normale,Deux véhicules - frontale,,,,,,,,,,,1,2,1,1.0,1.0
201100005025,0011-11-12 15:30:00,11,11,12,15,30,860,42,,,,Plein jour,Hors agglomération,Hors intersection,Normale,Autre collision,,,,,,,,,,,1,1,1,1.0,6.0
201100005026,0011-11-19 17:30:00,11,11,19,17,30,860,81,,,,Nuit sans éclairage public,Hors agglomération,Hors intersection,Normale,Deux véhicules - côté,,,,,,,,,,,3,1,1,1.0,3.0
201100005027,0011-06-05 15:00:00,11,6,5,15,0,860,258,,,,Plein jour,Hors agglomération,Hors intersection,Normale,Autre collision,,,,,,,,,,,1,1,1,1.0,6.0
201100005028,0011-09-03 15:30:00,11,9,3,15,30,860,258,10 rue de la tour,46.82,0.414,Plein jour,En agglomération,Hors intersection,Normale,Deux véhicules - frontale,,,,,,,,,,,1,2,1,1.0,1.0
201100005029,0011-11-09 18:00:00,11,11,9,18,0,860,280,,46.942,0.503,Nuit sans éclairage public,Hors agglomération,Hors intersection,Normale,Deux véhicules - côté,,,,,,,,,,,3,1,1,1.0,3.0
201100005030,0011-12-04 06:30:00,11,12,4,6,30,860,128,Lieu-dit : ''Sautard'',,,Nuit avec éclairage non allumé,En agglomération,Hors intersection,Pluie légère,Autre collision,,,,,,,,,,,4,2,1,2.0,6.0
201100005031,0011-12-15 01:45:00,11,12,15,1,45,860,258,,46.819,0.369,Nuit sans éclairage public,Hors agglomération,Hors intersection,Pluie légère,Autre collision,,,,,,,,,,,3,1,1,2.0,6.0
201100005032,0011-12-17 21:00:00,11,12,17,21,0,860,272,,46.82,0.44,Nuit sans éclairage public,Hors agglomération,Hors intersection,Normale,Deux véhicules - arrière,,,,,,,,,,,3,1,1,1.0,2.0
201100005033,0011-01-15 19:15:00,11,1,15,19,15,860,137,,47.013,0.134,Nuit sans éclairage public,Hors agglomération,Hors intersection,Normale,Deux véhicules - arrière,,,,,,,,,,,3,1,1,1.0,2.0
201100005034,0011-03-06 15:30:00,11,3,6,15,30,860,287,,,,Plein jour,Hors agglomération,Hors intersection,Normale,Autre collision,,,,,,,,,,,1,1,1,1.0,6.0
201100005035,0011-03-13 06:00:00,11,3,13,6,0,860,196,RD 347 PK 62 + 800,,,Nuit sans éclairage public,En agglomération,Hors intersection,Normale,Sans collision,,,,,,,,,,,3,2,1,1.0,7.0
201100005036,0011-03-15 17:45:00,11,3,15,17,45,860,137,Avenue d'Anjou,,,Plein jour,En agglomération,Hors intersection,Normale,Deux véhicules - frontale,,,,,,,,,,,1,2,1,1.0,1.0
201100005037,0011-04-15 18:00:00,11,4,15,18,0,860,137,boulevard du 11 novembre,,,Plein jour,En agglomération,Hors intersection,Normale,Deux véhicules - côté,,,,,,,,,,,1,2,1,1.0,3.0
201100005038,0011-05-17 17:30:00,11,5,17,17,30,860,137,,,,Plein jour,Hors agglomération,Hors intersection,Normale,Deux véhicules - frontale,,,,,,,,,,,1,1,1,1.0,1.0
201100005039,0011-05-22 04:30:00,11,5,22,4,30,860,229,,,,Nuit sans éclairage public,Hors agglomération,Hors intersection,Normale,Sans collision,,,,,,,,,,,3,1,1,1.0,7.0
201100005040,0011-06-12 19:15:00,11,6,12,19,15,860,206,,,,Plein jour,Hors agglomération,Hors intersection,Normale,Sans collision,,,,,,,,,,,1,1,1,1.0,7.0
201100005041,0011-10-09 20:00:00,11,10,9,20,0,860,210,Rue isaac de razilly,,,Crépuscule ou aube,En agglomération,Hors intersection,Normale,Deux véhicules - côté,,,,,,,,,,,2,2,1,1.0,3.0
201100005042,0011-10-22 18:30:00,11,10,22,18,30,860,137,Rue du Pont aux dames,,,Plein jour,En agglomération,Hors intersection,Normale,Deux véhicules - côté,,,,,,,,,,,1,2,1,1.0,3.0
201100005043,0011-01-13 10:45:00,11,1,13,10,45,860,207,,,,Plein jour,Hors agglomération,Hors intersection,Normale,Deux véhicules - frontale,,,,,,,,,,,1,1,1,1.0,1.0
201100005044,0011-02-27 05:45:00,11,2,27,5,45,860,14,,,,Nuit sans éclairage public,Hors agglomération,Hors intersection,Normale,Autre collision,,,,,,,,,,,3,1,1,1.0,6.0
201100005045,0011-05-21 17:45:00,11,5,21,17,45,860,125,,,,Plein jour,Hors agglomération,Hors intersection,Normale,Deux véhicules - arrière,,,,,,,,,,,1,1,1,1.0,2.0
201100005046,0011-06-25 14:45:00,11,6,25,14,45,860,125,,,,Plein jour,Hors agglomération,Hors intersection,Normale,Deux véhicules - frontale,,,,,,,,,,,1,1,1,1.0,1.0
201100005047,0011-01-03 09:15:00,11,1,3,9,15,860,23,,,,Plein jour,Hors agglomération,Hors intersection,Autre,Deux véhicules - frontale,,,,,,,,,,,1,1,1,9.0,1.0
201100005048,0011-03-30 10:45:00,11,3,30,10,45,860,23,,,,Plein jour,Hors agglomération,Hors intersection,Temps couvert,Autre collision,,,,,,,,,,,1,1,1,8.0,6.0
201100005049,0011-05-31 07:45:00,11,5,31,7,45,860,286,,46.869,0.183,Plein jour,Hors agglomération,Hors intersection,Normale,Deux véhicules - frontale,,,,,,,,,,,1,1,1,1.0,1.0
201100005050,0011-06-05 01:45:00,11,6,5,1,45,860,109,,46.922,0.143,Nuit sans éclairage public,Hors agglomération,Hors intersection,Normale,Sans collision,,,,,,,,,,,3,1,1,1.0,7.0
201100005051,0011-06-23 13:15:00,11,6,23,13,15,860,225,,46.869,0.148,Plein jour,Hors agglomération,Hors intersection,Normale,Sans collision,,,,,,,,,,,1,1,1,1.0,7.0
201100005052,0011-07-02 06:30:00,11,7,2,6,30,860,151,,47.0,0.224,Plein jour,Hors agglomération,Hors intersection,Normale,Deux véhicules - frontale,,,,,,,,,,,1,1,1,1.0,1.0
201100005053,0011-07-24 17:30:00,11,7,24,17,30,860,5,14 route nationale,46.95,0.112,Plein jour,En agglomération,Hors intersection,Normale,Autre collision,,,,,,,,,,,1,2,1,1.0,6.0
201100005054,0011-10-08 16:00:00,11,10,8,16,0,860,154,,46.809,0.089,Plein jour,Hors agglomération,Hors intersection,Normale,Autre collision,,,,,,,,,,,1,1,1,1.0,6.0
201100005055,0011-10-30 10:30:00,11,10,30,10,30,860,286,,46.852,0.17,Plein jour,Hors agglomération,Hors intersection,Normale,Sans collision,,,,,,,,,,,1,1,1,1.0,7.0
201100005056,0011-11-25 22:15:00,11,11,25,22,15,860,197,,47.014,0.291,Nuit sans éclairage public,Hors agglomération,Hors intersection,Brouillard / fumée,Deux véhicules - frontale,,,,,,,,,,,3,1,1,5.0,1.0
201100005057,0011-12-28 16:30:00,11,12,28,16,30,860,93,VC de la Buissoniére,46.938,0.18,Plein jour,Hors agglomération,Hors intersection,Normale,Autre collision,,,,,,,,,,,1,1,1,1.0,6.0
201100005058,0011-05-12 16:45:00,11,5,12,16,45,860,131,RN 147,,,Plein jour,En agglomération,Hors intersection,Normale,Autre collision,,,,,,,,,,,1,2,1,1.0,6.0
201100005059,0011-06-27 18:00:00,11,6,27,18,0,860,191,,,,Plein jour,Hors agglomération,Hors intersection,Normale,Deux véhicules - frontale,,,,,,,,,,,1,1,1,1.0,1.0
201100005060,0011-07-01 12:15:00,11,7,1,12,15,860,140,Avenue du docteu Dupont,46.454,0.608,Plein jour,En agglomération,Hors intersection,Normale,Autre collision,,,,,,,,,,,1,2,1,1.0,6.0
201100005061,0011-10-03 15:00:00,11,10,3,15,0,860,170,,,,Plein jour,Hors agglomération,Hors intersection,Normale,Deux véhicules - frontale,,,,,,,,,,,1,1,1,1.0,1.0
201100005062,0011-11-12 22:30:00,11,11,12,22,30,860,140,3 rue croix qu?nard,,,Nuit avec éclairage allumé,En agglomération,Hors intersection,Normale,Autre collision,,,,,,,,,,,5,2,1,1.0,6.0
201100005063,0011-11-23 09:30:00,11,11,23,9,30,860,254,,,,Plein jour,Hors agglomération,Hors intersection,Brouillard / fumée,Deux véhicules - frontale,,,,,,,,,,,1,1,1,5.0,1.0
201100005064,0011-03-18 00:15:00,11,3,18,0,15,860,233,,46.47,0.652,Nuit sans éclairage public,Hors agglomération,Hors intersection,Normale,Autre collision,,,,,,,,,,,3,1,1,1.0,6.0
201100005065,0011-05-14 18:00:00,11,5,14,18,0,860,70,29 route de Poitiers,46.573,0.636,Plein jour,En agglomération,Hors intersection,Normale,Deux véhicules - côté,,,,,,,,,,,1,2,1,1.0,3.0
201100005066,0011-05-22 01:30:00,11,5,22,1,30,860,58,,46.641,0.558,Nuit avec éclairage allumé,Hors agglomération,Hors intersection,Pluie légère,Autre collision,,,,,,,,,,,5,1,1,2.0,6.0
201100005067,0011-05-29 18:30:00,11,5,29,18,30,860,31,,46.618,0.601,Plein jour,Hors agglomération,Hors intersection,Normale,Deux véhicules - côté,,,,,,,,,,,1,1,1,1.0,3.0
201100005068,0011-06-13 19:45:00,11,6,13,19,45,860,256,,,,Plein jour,Hors agglomération,Hors intersection,Normale,Sans collision,,,,,,,,,,,1,1,1,1.0,7.0
201100005069,0011-06-21 07:45:00,11,6,21,7,45,860,114,,46.584,0.561,Plein jour,Hors agglomération,Hors intersection,Temps éblouissant,Deux véhicules - frontale,,,,,,,,,,,1,1,1,7.0,1.0
201100005070,0011-07-09 19:45:00,11,7,9,19,45,860,70,,,,Plein jour,Hors agglomération,Hors intersection,Normale,Autre collision,,,,,,,,,,,1,1,1,1.0,6.0
201100005071,0011-09-19 15:45:00,11,9,19,15,45,860,226,,46.564,0.455,Plein jour,Hors agglomération,Hors intersection,Normale,Deux véhicules - frontale,,,,,,,,,,,1,1,1,1.0,1.0
201100005072,0011-09-27 15:30:00,11,9,27,15,30,860,239,,46.625,0.705,Plein jour,Hors agglomération,Hors intersection,Normale,Sans collision,,,,,,,,,,,1,1,1,1.0,7.0
201100005073,0011-12-05 17:45:00,11,12,5,17,45,860,70,,46.58,0.69,Nuit sans éclairage public,Hors agglomération,Hors intersection,Normale,Deux véhicules - frontale,,,,,,,,,,,3,1,1,1.0,1.0
201100005074,0011-01-09 22:30:00,11,1,9,22,30,860,29,,,,Nuit sans éclairage public,Hors agglomération,Hors intersection,Temps couvert,Autre collision,,,,,,,,,,,3,1,1,8.0,6.0
201100005075,0011-02-03 20:00:00,11,2,3,20,0,860,220,,,,Nuit avec éclairage allumé,Hors agglomération,Intersection en X,Pluie légère,Deux véhicules - côté,,,,,,,,,,,5,1,2,2.0,3.0
201100005076,0011-02-18 08:00:00,11,2,18,8,0,860,54,,,,Plein jour,Hors agglomération,Hors intersection,Brouillard / fumée,Trois véhicules et plus - collisions multiples,,,,,,,,,,,1,1,1,5.0,5.0
201100005077,0011-04-28 22:45:00,11,4,28,22,45,860,220,,46.183,0.457,Nuit sans éclairage public,Hors agglomération,Intersection en X,Normale,Deux véhicules - côté,,,,,,,,,,,3,1,2,1.0,3.0
201100005078,0011-11-28 18:15:00,11,11,28,18,15,860,237,Rue Norbert Portejoie,,,Nuit avec éclairage allumé,En agglomération,Hors intersection,Normale,Deux véhicules - côté,,,,,,,,,,,5,2,1,1.0,3.0