accident_id,datetime,annee,mois,jour,heure,minute,departement,commune_insee,adresse,latitude,longitude,luminosite,agglomeration,intersection,meteo,collision,nb_vehicules,nb_usagers,nb_indemnes,nb_tues,nb_blesses_hosp,nb_blesses_legers,age_cond_1,age_cond_2,veh_type_cond_1,veh_type_cond_2,lum_code,agg_code,int_code,atm_code,col_code
201100005079,0011-12-01 15:45:00,11,12,1,15,45,860,104,,,,Plein jour,Hors agglomération,Hors intersection,Temps éblouissant,Autre collision,,,,,,,,,,,1,1,1,7.0,6.0
201100005080,0011-12-17 15:45:00,11,12,17,15,45,860,266,,,,Plein jour,Hors agglomération,Hors intersection,Normale,Autre collision,,,,,,,,,,,1,1,1,1.0,6.0
201100005081,0011-03-28 15:00:00,11,3,28,15,0,860,152,,46.177,0.546,Plein jour,Hors agglomération,Hors intersection,Normale,Sans collision,,,,,,,,,,,1,1,1,1.0,7.0
201100005082,0011-10-06 11:00:00,11,10,6,11,0,860,289,,46.265,0.662,Plein jour,Hors agglomération,Intersection en X,Temps couvert,Deux véhicules - côté,,,,,,,,,,,1,1,2,8.0,3.0
201100005083,0011-01-14 07:15:00,11,1,14,7,15,160,146,Les Bournies,45.6322,0.2824,Nuit sans éclairage public,Hors agglomération,Hors intersection,Normale,Autre collision,,,,,,,,,,,3,1,1,1.0,6.0
201100005084,0011-03-03 04:30:00,11,3,3,4,30,160,146,,45.627,0.2651,Nuit sans éclairage public,Hors agglomération,Hors intersection,Temps couvert,Sans collision,,,,,,,,,,,3,1,1,8.0,7.0
201100005085,0011-05-29 12:00:00,11,5,29,12,0,160,232,,45.677,0.2648,Plein jour,Hors agglomération,Intersection en T,Normale,Trois véhicules et plus - collisions multiples,,,,,,,,,,,1,1,3,1.0,5.0
201100005086,0011-07-18 13:00:00,11,7,18,13,0,160,415,Le Puy de Coulonge,45.7117,0.1011,Plein jour,Hors agglomération,Hors intersection,Pluie forte,Autre collision,,,,,,,,,,,1,1,1,3.0,6.0
201100005087,0011-08-09 14:15:00,11,8,9,14,15,160,232,Rond Point du Gravier,45.6878,0.2941,Plein jour,Hors agglomération,Hors intersection,Normale,Deux véhicules - arrière,,,,,,,,,,,1,1,1,1.0,2.0
201100005088,0011-08-29 13:30:00,11,8,29,13,30,160,61,Les Favrauds,45.7022,0.2702,Plein jour,En agglomération,Intersection en X,Normale,Deux véhicules - côté,,,,,,,,,,,1,2,2,1.0,3.0
201100005089,0011-10-16 17:00:00,11,10,16,17,0,160,146,,45.635,0.25491,Plein jour,Hors agglomération,Intersection en X,Normale,Deux véhicules - côté,,,,,,,,,,,1,1,2,1.0,3.0
201100005090,0011-12-23 18:45:00,11,12,23,18,45,160,78,Prairie de Breuil,45.69263,0.19864,Nuit sans éclairage public,Hors agglomération,Hors intersection,Normale,Sans collision,,,,,,,,,,,3,1,1,1.0,7.0
201100005091,0011-04-30 17:45:00,11,4,30,17,45,160,198,Chez Jourdain,45.5067,0.256,Plein jour,Hors agglomération,Hors intersection,Normale,Sans collision,,,,,,,,,,,1,1,1,1.0,7.0
201100005092,0011-10-10 19:30:00,11,10,10,19,30,160,175,Le Maine Large,45.5437,-0.02877,Nuit sans éclairage public,Hors agglomération,Hors intersection,Normale,Autre collision,,,,,,,,,,,3,1,1,1.0,6.0
201100005093,0011-12-04 07:30:00,11,12,4,7,30,160,236,La Forêt de Gersac,45.54646,0.10355,Nuit sans éclairage public,Hors agglomération,Hors intersection,Pluie légère,Autre collision,,,,,,,,,,,3,1,1,2.0,6.0
201100005094,0011-12-13 09:30:00,11,12,13,9,30,160,198,Les Barbaris,45.50124,0.2104,Plein jour,Hors agglomération,Hors intersection,Pluie forte,Deux véhicules - frontale,,,,,,,,,,,1,1,1,3.0,1.0
201100005095,0011-06-27 15:15:00,11,6,27,15,15,160,230,Le point de l'Epaud,45.4337,0.1418,Plein jour,Hors agglomération,Hors intersection,Normale,Autre collision,,,,,,,,,,,1,1,1,1.0,6.0
201100005096,0011-09-10 14:45:00,11,9,10,14,45,160,350,Chanteoiseau,45.3072,0.264,Plein jour,Hors agglomération,Hors intersection,Normale,Deux véhicules - arrière,,,,,,,,,,,1,1,1,1.0,2.0
201100005097,0011-12-01 18:00:00,11,12,1,18,0,160,230,avenue de l'angoumois,45.39916,0.13205,Nuit avec éclairage allumé,En agglomération,Hors intersection,Normale,Autre collision,,,,,,,,,,,5,2,1,1.0,6.0
201100005098,0011-02-04 14:30:00,11,2,4,14,30,160,97,,45.724,-0.3148,Plein jour,Hors agglomération,Hors intersection,Normale,Autre collision,,,,,,,,,,,1,1,1,1.0,6.0
201100005099,0011-02-08 16:00:00,11,2,8,16,0,160,97,,45.7426,-0.3475,Plein jour,Hors agglomération,Hors intersection,Normale,Sans collision,,,,,,,,,,,1,1,1,1.0,7.0
201100005100,0011-03-22 08:30:00,11,3,22,8,30,160,304,la Maisonnette,45.6992,-0.2636,Plein jour,Hors agglomération,Hors intersection,Normale,Deux véhicules - arrière,,,,,,,,,,,1,1,1,1.0,2.0
201100005101,0011-07-02 03:00:00,11,7,2,3,0,160,355,La Fosse du Loup,45.7491,-0.4465,Nuit sans éclairage public,Hors agglomération,Hors intersection,Normale,Autre collision,,,,,,,,,,,3,1,1,1.0,6.0
201100005102,0011-08-02 18:00:00,11,8,2,18,0,160,304,La Chevalerie,45.6895,-0.2836,Plein jour,En agglomération,Giratoire,Vent fort / tempête,Sans collision,,,,,,,,,,,1,2,6,6.0,7.0
201100005103,0011-01-15 16:45:00,11,1,15,16,45,160,342,,,,Plein jour,Hors agglomération,Hors intersection,Normale,Deux véhicules - frontale,,,,,,,,,,,1,1,1,1.0,1.0
201100005104,0011-03-20 15:15:00,11,3,20,15,15,160,276,La Font Saillant,45.438,-0.1531,Plein jour,Hors agglomération,Hors intersection,Normale,Trois véhicules et plus - collisions multiples,,,,,,,,,,,1,1,1,1.0,5.0
201100005105,0011-03-29 14:15:00,11,3,29,14,15,160,405,Toutvent,45.5102,-0.1113,Plein jour,Hors agglomération,Hors intersection,Normale,Deux véhicules - arrière,,,,,,,,,,,1,1,1,1.0,2.0
201100005106,0011-04-04 18:00:00,11,4,4,18,0,160,384,La Grolle,45.357,-0.2009,Plein jour,Hors agglomération,Hors intersection,Normale,Autre collision,,,,,,,,,,,1,1,1,1.0,6.0
201100005107,0011-05-22 06:00:00,11,5,22,6,0,160,160,Lieu-dit Le Mancou,45.4561,-0.2481,Crépuscule ou aube,En agglomération,Hors intersection,Normale,Sans collision,,,,,,,,,,,2,2,1,1.0,7.0
201100005108,0011-05-29 04:00:00,11,5,29,4,0,160,405,,45.5221,-0.0905,Nuit sans éclairage public,Hors agglomération,Hors intersection,Normale,Deux véhicules - frontale,,,,,,,,,,,3,1,1,1.0,1.0
201100005109,0011-06-21 18:30:00,11,6,21,18,30,160,276,Peuras,45.4519,-0.1539,Plein jour,Hors agglomération,Hors intersection,Normale,Deux véhicules - arrière,,,,,,,,,,,1,1,1,1.0,2.0
201100005110,0011-09-13 16:30:00,11,9,13,16,30,160,405,,45.5082,-0.1142,Plein jour,Hors agglomération,Hors intersection,Normale,Deux véhicules - frontale,,,,,,,,,,,1,1,1,1.0,1.0
201100005111,0011-09-19 17:00:00,11,9,19,17,0,160,384,La Grolle,45.3527,-0.2011,Plein jour,Hors agglomération,Hors intersection,Normale,Deux véhicules - frontale,,,,,,,,,,,1,1,1,1.0,1.0
201100005112,0011-10-15 11:15:00,11,10,15,11,15,160,405,,45.5194,-0.01012,Plein jour,Hors agglomération,Hors intersection,Normale,Trois véhicules et plus - collisions multiples,,,,,,,,,,,1,1,1,1.0,5.0
201100005113,0011-12-16 20:00:00,11,12,16,20,0,160,384,le casse-croûte Charenta,45.35389,-0.20134,Nuit sans éclairage public,Hors agglomération,Hors intersection,Normale,Autre collision,,,,,,,,,,,3,1,1,1.0,6.0
201100005114,0011-12-28 15:30:00,11,12,28,15,30,160,28,Lieu-dit Saint Michel,45.48584,-0.15634,Plein jour,Hors agglomération,Hors intersection,Temps couvert,Deux véhicules - côté,,,,,,,,,,,1,1,1,8.0,3.0
201100005115,0011-01-26 13:15:00,11,1,26,13,15,160,186,,45.9405,-0.2003,Plein jour,Hors agglomération,Hors intersection,Normale,Autre collision,,,,,,,,,,,1,1,1,1.0,6.0
201100005116,0011-03-09 12:30:00,11,3,9,12,30,160,399,La Chambre,45.5656,-0.2654,Plein jour,Hors agglomération,Hors intersection,Normale,Deux véhicules - côté,,,,,,,,,,,1,1,1,1.0,3.0
201100005117,0011-03-28 08:30:00,11,3,28,8,30,160,366,,45.6197,-0.2163,Plein jour,En agglomération,Intersection en T,Normale,Deux véhicules - côté,,,,,,,,,,,1,2,3,1.0,3.0
201100005118,0011-04-11 17:30:00,11,4,11,17,30,160,202,Le Four à Chaud,45.6583,-0.1768,Plein jour,Hors agglomération,Hors intersection,Normale,Sans collision,,,,,,,,,,,1,1,1,1.0,7.0
201100005119,0011-04-30 12:00:00,11,4,30,12,0,160,243,Les Egaux,45.7286,-0.2893,Plein jour,Hors agglomération,Hors intersection,Normale,Deux véhicules - côté,,,,,,,,,,,1,1,1,1.0,3.0
201100005120,0011-08-12 08:30:00,11,8,12,8,30,160,90,Bois Barreau,45.6033,-0.085,Plein jour,Hors agglomération,Hors intersection,Normale,Deux véhicules - arrière,,,,,,,,,,,1,1,1,1.0,2.0
201100005121,0011-11-03 08:15:00,11,11,3,8,15,160,243,,45.7098,-0.23895,Crépuscule ou aube,Hors agglomération,Hors intersection,Pluie légère,Deux véhicules - frontale,,,,,,,,,,,2,1,1,2.0,1.0
201100005122,0011-11-19 10:45:00,11,11,19,10,45,160,90,,45.6135,-0.0409,Plein jour,Hors agglomération,Hors intersection,Normale,Deux véhicules - frontale,,,,,,,,,,,1,1,1,1.0,1.0
201100005123,0011-01-15 13:30:00,11,1,15,13,30,160,9,Les Courants,45.958,0.5757,Plein jour,Hors agglomération,Intersection en X,Normale,Deux véhicules - côté,,,,,,,,,,,1,1,2,1.0,3.0
201100005124,0011-02-11 20:00:00,11,2,11,20,0,160,71,,45.9204,0.7438,Nuit sans éclairage public,Hors agglomération,Intersection en X,Normale,Deux véhicules - côté,,,,,,,,,,,3,1,2,1.0,3.0
201100005125,0011-02-15 18:00:00,11,2,15,18,0,160,134,La Guyonie,45.8666,0.6514,Crépuscule ou aube,Hors agglomération,Hors intersection,Neige / grêle,Autre collision,,,,,,,,,,,2,1,1,4.0,6.0
201100005126,0011-02-26 10:15:00,11,2,26,10,15,160,181,LE CHAMP PREVERAUD,46.0619,0.6684,Plein jour,Hors agglomération,Intersection en X,Pluie légère,Deux véhicules - côté,,,,,,,,,,,1,1,2,2.0,3.0
201100005127,0011-04-14 12:15:00,11,4,14,12,15,160,363,Les Roumigeons,45.9451,0.786,Plein jour,Hors agglomération,Hors intersection,Normale,Deux véhicules - arrière,,,,,,,,,,,1,1,1,1.0,2.0
201100005128,0011-05-23 17:00:00,11,5,23,17,0,160,134,Maison Neuve,45.8718,0.6536,Plein jour,Hors agglomération,Hors intersection,Temps éblouissant,Deux véhicules - frontale,,,,,,,,,,,1,1,1,7.0,1.0
201100005129,0011-07-20 02:00:00,11,7,20,2,0,160,1,e Peupalard,46.062,0.6985,Nuit sans éclairage public,Hors agglomération,Hors intersection,Pluie légère,Autre collision,,,,,,,,,,,3,1,1,2.0,6.0
201100005130,0011-08-13 19:15:00,11,8,13,19,15,160,16,Les Sables,45.9886,0.6143,Plein jour,Hors agglomération,Hors intersection,Normale,Trois véhicules et plus - collisions multiples,,,,,,,,,,,1,1,1,1.0,5.0
201100005131,0011-09-09 09:00:00,11,9,9,9,0,160,71,Le Croissant,45.9204,0.7438,Plein jour,Hors agglomération,Intersection en X,Normale,Deux véhicules - côté,,,,,,,,,,,1,1,2,1.0,3.0
201100005132,0011-09-17 22:15:00,11,9,17,22,15,160,270,,45.8265,0.7482,Nuit sans éclairage public,Hors agglomération,Hors intersection,Normale,Autre collision,,,,,,,,,,,3,1,1,1.0,6.0
201100005133,0011-10-01 16:00:00,11,10,1,16,0,160,70,,45.87448,0.71966,Plein jour,En agglomération,Hors intersection,Normale,Autre collision,,,,,,,,,,,1,2,1,1.0,6.0
201100005134,0011-10-24 17:00:00,11,10,24,17,0,160,345,,45.8324,0.68258,Plein jour,Hors agglomération,Hors intersection,Pluie légère,Autre collision,,,,,,,,,,,1,1,1,2.0,6.0
201100005135,0011-10-05 20:00:00,11,10,5,20,0,160,85,Les Trenches,45.8383,0.48465,Nuit sans éclairage public,Hors agglomération,Hors intersection,Normale,Deux véhicules - côté,,,,,,,,,,,3,1,1,1.0,3.0
201100005136,0011-11-18 08:30:00,11,11,18,8,30,160,213,,45.7366,0.52264,Crépuscule ou aube,Hors agglomération,Hors intersection,Normale,Deux véhicules - frontale,,,,,,,,,,,2,1,1,1.0,1.0
201100005137,0011-12-03 14:15:00,11,12,3,14,15,160,192,La Grande Pièce,45.89031,0.5679,Plein jour,Hors agglomération,Hors intersection,Pluie forte,Autre collision,,,,,,,,,,,1,1,1,3.0,6.0
201100005138,0011-12-17 20:15:00,11,12,17,20,15,160,85,La Folie,45.8345,0.47418,Nuit sans éclairage public,Hors agglomération,Hors intersection,Temps couvert,Trois véhicules et plus - collisions multiples,,,,,,,,,,,3,1,1,8.0,5.0
201100005139,0011-01-04 18:00:00,11,1,4,18,0,160,292,Boulevard Duportal,46.0306,0.1999,Nuit avec éclairage allumé,En agglomération,Hors intersection,Normale,Autre collision,,,,,,,,,,,5,2,1,1.0,6.0
201100005140,0011-01-25 14:15:00,11,1,25,14,15,160,410,,45.9911,0.2002,Plein jour,Hors agglomération,Intersection en X,Normale,Deux véhicules - côté,,,,,,,,,,,1,1,2,1.0,3.0
201100005141,0011-03-28 07:15:00,11,3,28,7,15,160,400,Les Nègres,45.975,0.2027,Plein jour,Hors agglomération,Intersection en X,Brouillard / fumée,Deux véhicules - côté,,,,,,,,,,,1,1,2,5.0,3.0
201100005142,0011-06-22 02:30:00,11,6,22,2,30,160,292,"15, CD911",46.027,0.198,Nuit avec éclairage allumé,En agglomération,Hors intersection,Normale,Autre collision,,,,,,,,,,,5,2,1,1.0,6.0
201100005143,0011-08-03 10:15:00,11,8,3,10,15,160,242,17 rue Guillaume LeNoble,46.0,0.3229,Plein jour,En agglomération,Hors intersection,Normale,Autre collision,,,,,,,,,,,1,2,1,1.0,6.0
201100005144,0011-10-12 02:00:00,11,10,12,2,0,160,310,La Touche,46.001,0.447,Nuit sans éclairage public,En agglomération,Hors intersection,Normale,Autre collision,,,,,,,,,,,3,2,1,1.0,6.0
201100005145,0011-02-11 09:45:00,11,2,11,9,45,160,320,,45.7585,0.0151,Plein jour,Hors agglomération,Intersection en T,Normale,Deux véhicules - frontale,,,,,,,,,,,1,1,3,1.0,1.0
201100005146,0011-04-13 18:30:00,11,4,13,18,30,160,370,Chez Decoux,45.6298,0.0186,Plein jour,Hors agglomération,Intersection en X,Normale,Deux véhicules - côté,,,,,,,,,,,1,1,2,1.0,3.0
201100005147,0011-08-09 17:30:00,11,8,9,17,30,160,138,Côte Sainte Barbe,45.6733,0.1038,Plein jour,Hors agglomération,Hors intersection,Normale,Deux véhicules - côté,,,,,,,,,,,1,1,1,1.0,3.0
201100005148,0011-10-02 08:00:00,11,10,2,8,0,160,163,la Combe Morin,45.6722,-0.01221,Plein jour,Hors agglomération,Hors intersection,Normale,Deux véhicules - côté,,,,,,,,,,,1,1,1,1.0,3.0
201100005149,0011-10-02 11:00:00,11,10,2,11,0,160,370,rue de la charente,45.8383,0.48465,Plein jour,En agglomération,Hors intersection,Normale,Deux véhicules - côté,,,,,,,,,,,1,2,1,1.0,3.0
201100005150,0011-10-10 16:00:00,11,10,10,16,0,160,138,,45.674,0.10718,Plein jour,Hors agglomération,Hors intersection,Normale,Trois véhicules et plus - collisions multiples,,,,,,,,,,,1,1,1,1.0,5.0
201100005151,0011-02-02 08:30:00,11,2,2,8,30,160,141,,45.925,0.1975,Crépuscule ou aube,Hors agglomération,Hors intersection,Normale,Autre collision,,,,,,,,,,,2,1,1,1.0,6.0
201100005152,0011-04-02 18:30:00,11,4,2,18,30,160,226,8 RUE DU DOCTEUR VIVIER,45.7835,0.1242,Plein jour,En agglomération,Hors intersection,Normale,Autre collision,,,,,,,,,,,1,2,1,1.0,6.0
201100005153,0011-04-17 14:45:00,11,4,17,14,45,160,200,Champs de la chèvre,45.853,0.1851,Plein jour,Hors agglomération,Intersection en X,Normale,Autre collision,,,,,,,,,,,1,1,2,1.0,6.0
201100005154,0011-07-10 03:00:00,11,7,10,3,0,160,419,ROUTE PRINCIPALE,45.8143,0.0754,Nuit sans éclairage public,En agglomération,Hors intersection,Normale,Autre collision,,,,,,,,,,,3,2,1,1.0,6.0
201100005155,0011-07-25 10:30:00,11,7,25,10,30,160,392,,45.8942,0.3063,Plein jour,Hors agglomération,Intersection en T,Normale,Deux véhicules - côté,,,,,,,,,,,1,1,3,1.0,3.0
201100005156,0011-08-07 22:30:00,11,8,7,22,30,160,107,Champ Gireau,45.8107,0.2543,Nuit sans éclairage public,Hors agglomération,Hors intersection,Normale,Deux véhicules - frontale,,,,,,,,,,,3,1,1,1.0,1.0
201100005157,0011-10-08 17:30:00,11,10,8,17,30,160,282,Pissechèvre,45.8177,0.31147,Plein jour,Hors agglomération,Hors intersection,Normale,Deux véhicules - côté,,,,,,,,,,,1,1,1,1.0,3.0
201100005158,0011-10-11 07:00:00,11,10,11,7,0,160,295,La Bernade,45.818,0.13255,Nuit sans éclairage public,Hors agglomération,Hors intersection,Normale,Deux véhicules - arrière,,,,,,,,,,,3,1,1,1.0,2.0
201100005159,0011-12-04 05:00:00,11,12,4,5,0,160,237,puyloyer,45.89415,0.24368,Nuit sans éclairage public,Hors agglomération,Hors intersection,Pluie légère,Autre collision,,,,,,,,,,,3,1,1,2.0,6.0
201100005160,0011-01-18 07:45:00,11,1,18,7,45,160,323,,45.6142,0.4249,Crépuscule ou aube,Hors agglomération,Hors intersection,Pluie légère,Autre collision,,,,,,,,,,,2,1,1,2.0,6.0
201100005161,0011-04-03 18:00:00,11,4,3,18,0,160,158,Bois de la Tâche,45.5819,0.4034,Plein jour,Hors agglomération,Hors intersection,Pluie légère,Deux véhicules - côté,,,,,,,,,,,1,1,1,2.0,3.0
201100005162,0011-04-25 22:45:00,11,4,25,22,45,160,280,Les Courades,45.7688,0.3452,Nuit sans éclairage public,Hors agglomération,Hors intersection,Normale,Deux véhicules - frontale,,,,,,,,,,,3,1,1,1.0,1.0
201100005163,0011-06-13 17:45:00,11,6,13,17,45,160,135,Chez Manot,45.6512,0.5291,Plein jour,Hors agglomération,Hors intersection,Normale,Autre collision,,,,,,,,,,,1,1,1,1.0,6.0
201100005164,0011-06-26 15:30:00,11,6,26,15,30,160,368,Les Cailloux,45.6003,0.3129,Plein jour,Hors agglomération,Hors intersection,Normale,Sans collision,,,,,,,,,,,1,1,1,1.0,7.0
201100005165,0011-06-29 20:15:00,11,6,29,20,15,160,280,Champ La croix,45.7688,0.3623,Plein jour,Hors agglomération,Hors intersection,Normale,Deux véhicules - frontale,,,,,,,,,,,1,1,1,1.0,1.0
201100005166,0011-08-01 14:15:00,11,8,1,14,15,160,379,les maisons rouges,45.7787,0.4087,Plein jour,En agglomération,Hors intersection,Normale,Deux véhicules - côté,,,,,,,,,,,1,2,1,1.0,3.0
201100005167,0011-08-23 15:45:00,11,8,23,15,45,160,223,Château de Montgaudier,45.6654,0.4695,Plein jour,Hors agglomération,Hors intersection,Normale,Sans collision,,,,,,,,,,,1,1,1,1.0,7.0
201100005168,0011-10-24 20:45:00,11,10,24,20,45,160,55,La Petitie,45.6266,0.3461,Nuit avec éclairage allumé,En agglomération,Hors intersection,Pluie légère,Autre collision,,,,,,,,,,,5,2,1,2.0,6.0
201100005169,0011-12-06 14:45:00,11,12,6,14,45,160,421,Le Châtaignier,45.67233,0.43256,Plein jour,Hors agglomération,Hors intersection,Pluie légère,Autre collision,,,,,,,,,,,1,1,1,2.0,6.0
201100005170,0011-01-26 22:15:00,11,1,26,22,15,160,390,L'Ebaupin,45.9405,0.0911,Nuit sans éclairage public,Hors agglomération,Hors intersection,Normale,Sans collision,,,,,,,,,,,3,1,1,1.0,7.0
201100005171,0011-02-12 11:45:00,11,2,12,11,45,160,207,Ponts des Ecures,45.8512,-0.0021,Plein jour,Hors agglomération,Hors intersection,Pluie légère,Deux véhicules - frontale,,,,,,,,,,,1,1,1,2.0,1.0
201100005172,0011-06-13 18:00:00,11,6,13,18,0,160,148,,45.821,0.027,Plein jour,Hors agglomération,Hors intersection,Normale,Autre collision,,,,,,,,,,,1,1,1,1.0,6.0
201100005173,0011-07-27 07:30:00,11,7,27,7,30,160,155,Terrain à Papinaud,45.9549,-0.0659,Plein jour,Hors agglomération,Intersection en X,Normale,Deux véhicules - côté,,,,,,,,,,,1,1,2,1.0,3.0
201100005174,0011-09-11 21:15:00,11,9,11,21,15,160,148,Champs des Navaux,45.7934,0.0177,Nuit sans éclairage public,Hors agglomération,Hors intersection,Normale,Autre collision,,,,,,,,,,,3,1,1,1.0,6.0
201100005175,0011-10-20 12:15:00,11,10,20,12,15,160,286,boulevard wiesentheid,45.7787,-0.06643,Plein jour,En agglomération,Hors intersection,Normale,Deux véhicules - arrière,,,,,,,,,,,1,2,1,1.0,2.0
201100005176,0011-11-28 18:45:00,11,11,28,18,45,160,286,rue de mareuil,45.7738,-0.07223,Nuit avec éclairage allumé,En agglomération,Hors intersection,Normale,Deux véhicules - frontale,,,,,,,,,,,5,2,1,1.0,1.0
201100005177,0011-01-19 08:00:00,11,1,19,8,0,170,94,RUE DE PARTHENAY,,,Plein jour,En agglomération,Hors intersection,Normale,Deux véhicules - côté,,,,,,,,,,,1,2,1,1.0,3.0
201100005178,0011-02-18 09:30:00,11,2,18,9,30,170,10,,,,Plein jour,Hors agglomération,Hors intersection,Brouillard / fumée,Autre collision,,,,,,,,,,,1,1,1,5.0,6.0
201100005179,0011-04-17 01:30:00,11,4,17,1,30,170,194,RUE DES CANONS,46.131,-1.01099,Nuit avec éclairage allumé,En agglomération,Hors intersection,Normale,Sans collision,,,,,,,,,,,5,2,1,1.0,7.0
201100005180,0011-04-17 19:15:00,11,4,17,19,15,170,10,,,,Plein jour,Hors agglomération,Hors intersection,Normale,Sans collision,,,,,,,,,,,1,1,1,1.0,7.0
201100005181,0011-06-01 19:30:00,11,6,1,19,30,170,94,Bd DE LATTRE DE TASSIGNY,46.071,-1.09,Plein jour,En agglomération,Hors intersection,Normale,Autre collision,,,,,,,,,,,1,2,1,1.0,6.0
201100005182,0011-06-18 23:30:00,11,6,18,23,30,170,420,14 rue de l'herbaudi?re,,,Nuit avec éclairage non allumé,En agglomération,Hors intersection,Normale,Deux véhicules - frontale,,,,,,,,,,,4,2,1,1.0,1.0
201100005183,0011-07-16 18:15:00,11,7,16,18,15,170,315,,,,Plein jour,Hors agglomération,Hors intersection,Pluie forte,Deux véhicules - frontale,,,,,,,,,,,1,1,1,3.0,1.0
201100005184,0011-07-29 12:45:00,11,7,29,12,45,170,194,10 rue des ?coles,,,Plein jour,En agglomération,Hors intersection,Normale,Deux véhicules - arrière,,,,,,,,,,,1,2,1,1.0,2.0
201100005185,0011-08-15 15:00:00,11,8,15,15,0,170,315,,,,Plein jour,Hors agglomération,Intersection en X,Normale,Deux véhicules - côté,,,,,,,,,,,1,1,2,1.0,3.0
201100005186,0011-08-24 18:00:00,11,8,24,18,0,170,94,,,,Plein jour,En agglomération,Hors intersection,Normale,Deux véhicules - frontale,,,,,,,,,,,1,2,1,1.0,1.0
201100005187,0011-09-06 08:15:00,11,9,6,8,15,170,194,,,,Plein jour,Hors agglomération,Hors intersection,Normale,Deux véhicules - côté,,,,,,,,,,,1,1,1,1.0,3.0
201100005188,0011-09-28 20:45:00,11,9,28,20,45,170,10,chemin des marais,,,Nuit avec éclairage allumé,En agglomération,Hors intersection,Normale,Autre collision,,,,,,,,,,,5,2,1,1.0,6.0
201100005189,0011-10-15 02:30:00,11,10,15,2,30,170,315,"Lieu-dit Le P?r?, RD 108",,,Nuit sans éclairage public,En agglomération,Hors intersection,Normale,Autre collision,,,,,,,,,,,3,2,1,1.0,6.0
201100005190,0011-10-23 19:30:00,11,10,23,19,30,170,420,25rue croix des fleurets,46.111,-1.056,Nuit avec éclairage allumé,En agglomération,Hors intersection,Normale,Deux véhicules - frontale,,,,,,,,,,,5,2,1,1.0,1.0
201100005191,0011-11-15 08:45:00,11,11,15,8,45,170,373,,,,Plein jour,Hors agglomération,Intersection en X,Normale,Deux véhicules - côté,,,,,,,,,,,1,1,2,1.0,3.0
201100005192,0011-01-20 07:30:00,11,1,20,7,30,170,91,,,,Nuit sans éclairage public,Hors agglomération,Hors intersection,Autre,Sans collision,,,,,,,,,,,3,1,1,9.0,7.0
201100005193,0011-01-20 08:15:00,11,1,20,8,15,170,396,,,,Crépuscule ou aube,Hors agglomération,Hors intersection,Normale,Deux véhicules - frontale,,,,,,,,,,,2,1,1,1.0,1.0
201100005194,0011-01-28 17:45:00,11,1,28,17,45,170,182,route de st hilaire,46.256,-0.758,Crépuscule ou aube,En agglomération,Hors intersection,Normale,Autre collision,,,,,,,,,,,2,2,1,1.0,6.0
201100005195,0011-03-11 13:00:00,11,3,11,13,0,170,127,,,,Plein jour,Hors agglomération,Hors intersection,Normale,Autre collision,,,,,,,,,,,1,1,1,1.0,6.0
201100005196,0011-03-14 17:45:00,11,3,14,17,45,170,349,,,,Plein jour,Hors agglomération,Hors intersection,Normale,Deux véhicules - côté,,,,,,,,,,,1,1,1,1.0,3.0
201100005197,0011-04-04 13:45:00,11,4,4,13,45,170,218,,46.29,-0.993,Plein jour,Hors agglomération,Hors intersection,Normale,Autre collision,,,,,,,,,,,1,1,1,1.0,6.0
201100005198,0011-06-21 07:00:00,11,6,21,7,0,170,8,CD20 - Bel air,,,Crépuscule ou aube,En agglomération,Hors intersection,Normale,Deux véhicules - arrière,,,,,,,,,,,2,2,1,1.0,2.0
201100005199,0011-07-06 07:45:00,11,7,6,7,45,170,218,,46.343,-0.998,Plein jour,Hors agglomération,Hors intersection,Normale,Autre collision,,,,,,,,,,,1,1,1,1.0,6.0
201100005200,0011-07-25 20:00:00,11,7,25,20,0,170,132,,46.214,-0.713,Plein jour,Hors agglomération,Hors intersection,Normale,Autre collision,,,,,,,,,,,1,1,1,1.0,6.0
201100005201,0011-07-31 01:30:00,11,7,31,1,30,170,218,,,,Nuit sans éclairage public,Hors agglomération,Hors intersection,Normale,Autre collision,,,,,,,,,,,3,1,1,1.0,6.0
201100005202,0011-07-31 17:45:00,11,7,31,17,45,170,127,,,,Plein jour,Hors agglomération,Hors intersection,Normale,Deux véhicules - côté,,,,,,,,,,,1,1,1,1.0,3.0
201100005203,0011-09-17 17:30:00,11,9,17,17,30,170,8,,,,Plein jour,Hors agglomération,Intersection en X,Normale,Deux véhicules - côté,,,,,,,,,,,1,1,2,1.0,3.0
201100005204,0011-10-26 17:00:00,11,10,26,17,0,170,396,,,,Plein jour,Hors agglomération,Hors intersection,Normale,Deux véhicules - côté,,,,,,,,,,,1,1,1,1.0,3.0