accident_id,datetime,annee,mois,jour,heure,minute,departement,commune_insee,adresse,latitude,longitude,luminosite,agglomeration,intersection,meteo,collision,nb_vehicules,nb_usagers,nb_indemnes,nb_tues,nb_blesses_hosp,nb_blesses_legers,age_cond_1,age_cond_2,veh_type_cond_1,veh_type_cond_2,lum_code,agg_code,int_code,atm_code,col_code
201100005205,0011-11-07 15:00:00,11,11,7,15,0,170,466,,,,Plein jour,Hors agglomération,Hors intersection,Normale,Deux véhicules - côté,,,,,,,,,,,1,1,1,1.0,3.0
201100005206,0011-12-07 16:30:00,11,12,7,16,30,170,218,,,,Plein jour,Hors agglomération,Hors intersection,Temps couvert,Autre collision,,,,,,,,,,,1,1,1,8.0,6.0
201100005207,0011-01-21 22:30:00,11,1,21,22,30,170,318,,46.232,-1.535,Nuit sans éclairage public,Hors agglomération,Hors intersection,Normale,Sans collision,,,,,,,,,,,3,1,1,1.0,7.0
201100005208,0011-04-13 14:00:00,11,4,13,14,0,170,19,,46.216,-1.522,Plein jour,Hors agglomération,Hors intersection,Normale,Deux véhicules - arrière,,,,,,,,,,,1,1,1,1.0,2.0
201100005209,0011-07-12 07:30:00,11,7,12,7,30,170,161,,,,Plein jour,Hors agglomération,Hors intersection,Autre,Autre collision,,,,,,,,,,,1,1,1,9.0,6.0
201100005210,0011-07-29 23:45:00,11,7,29,23,45,170,19,,46.205,-1.506,Nuit sans éclairage public,Hors agglomération,Hors intersection,Normale,Deux véhicules - frontale,,,,,,,,,,,3,1,1,1.0,1.0
201100005211,0011-08-10 15:30:00,11,8,10,15,30,170,360,,46.158,-1.321,Plein jour,Hors agglomération,Hors intersection,Normale,Deux véhicules - frontale,,,,,,,,,,,1,1,1,1.0,1.0
201100005212,0011-08-12 01:00:00,11,8,12,1,0,170,51,AVENUE DE LA PLAGE,,,Nuit avec éclairage allumé,En agglomération,Hors intersection,Normale,Deux véhicules - frontale,,,,,,,,,,,5,2,1,1.0,1.0
201100005213,0011-08-11 09:30:00,11,8,11,9,30,170,161,PARKING INTERMARCHE,,,Plein jour,En agglomération,Place,Normale,Autre collision,,,,,,,,,,,1,2,7,1.0,6.0
201100005214,0011-08-22 15:30:00,11,8,22,15,30,170,161,Cours f?lix Faure,46.192,-1.323,Plein jour,En agglomération,Place,Normale,Autre collision,,,,,,,,,,,1,2,7,1.0,6.0
201100005215,0011-08-22 19:30:00,11,8,22,19,30,170,51,RUE DE SAINT MARTIN,,,Plein jour,En agglomération,Hors intersection,Pluie légère,Deux véhicules - côté,,,,,,,,,,,1,2,1,2.0,3.0
201100005216,0011-09-08 11:30:00,11,9,8,11,30,170,19,quai de la boissi?re,,,Plein jour,En agglomération,Hors intersection,Normale,Deux véhicules - frontale,,,,,,,,,,,1,2,1,1.0,1.0
201100005217,0011-09-30 11:15:00,11,9,30,11,15,170,297,,46.158,-1.292,Plein jour,Hors agglomération,Hors intersection,Normale,Deux véhicules - côté,,,,,,,,,,,1,1,1,1.0,3.0
201100005218,0011-10-02 20:45:00,11,10,2,20,45,170,360,Rue du 14 juillet,,,Nuit avec éclairage allumé,En agglomération,Hors intersection,Normale,Deux véhicules - côté,,,,,,,,,,,5,2,1,1.0,3.0
201100005219,0011-10-14 14:45:00,11,10,14,14,45,170,121,,46.211,-1.446,Plein jour,Hors agglomération,Hors intersection,Normale,Deux véhicules - frontale,,,,,,,,,,,1,1,1,1.0,1.0
201100005220,0011-03-26 18:15:00,11,3,26,18,15,170,316,,,,Plein jour,Hors agglomération,Intersection en X,Normale,Deux véhicules - côté,,,,,,,,,,,1,1,2,1.0,3.0
201100005221,0011-04-13 10:30:00,11,4,13,10,30,170,192,,,,Plein jour,Hors agglomération,Hors intersection,Normale,Sans collision,,,,,,,,,,,1,1,1,1.0,7.0
201100005222,0011-05-05 20:30:00,11,5,5,20,30,170,192,,,,Plein jour,Hors agglomération,Hors intersection,Normale,Autre collision,,,,,,,,,,,1,1,1,1.0,6.0
201100005223,0011-05-13 10:45:00,11,5,13,10,45,170,16,carrefour RD 731 / CD 69,,,Plein jour,En agglomération,Intersection en X,Normale,Deux véhicules - côté,,,,,,,,,,,1,2,2,1.0,3.0
201100005224,0011-06-09 14:00:00,11,6,9,14,0,170,363,,,,Plein jour,Hors agglomération,Autre intersection,Normale,Deux véhicules - côté,,,,,,,,,,,1,1,9,1.0,3.0
201100005225,0011-08-03 09:45:00,11,8,3,9,45,170,106,Le Bourg,,,Plein jour,En agglomération,Hors intersection,Normale,Deux véhicules - côté,,,,,,,,,,,1,2,1,1.0,3.0
201100005226,0011-08-18 01:30:00,11,8,18,1,30,170,259,,,,Nuit sans éclairage public,Hors agglomération,Hors intersection,Normale,Autre collision,,,,,,,,,,,3,1,1,1.0,6.0
201100005227,0011-09-12 16:30:00,11,9,12,16,30,170,238,,,,Plein jour,Hors agglomération,Hors intersection,Normale,Deux véhicules - frontale,,,,,,,,,,,1,1,1,1.0,1.0
201100005228,0011-11-21 15:15:00,11,11,21,15,15,170,341,,,,Plein jour,Hors agglomération,Intersection en X,Normale,Deux véhicules - côté,,,,,,,,,,,1,1,2,1.0,3.0
201100005229,0011-12-05 08:15:00,11,12,5,8,15,170,403,,,,Nuit sans éclairage public,Hors agglomération,Hors intersection,Pluie légère,Sans collision,,,,,,,,,,,3,1,1,2.0,7.0
201100005230,0011-12-20 12:15:00,11,12,20,12,15,170,270,,,,Plein jour,Hors agglomération,Hors intersection,Temps couvert,Autre collision,,,,,,,,,,,1,1,1,8.0,6.0
201100005231,0011-02-13 03:15:00,11,2,13,3,15,170,423,,,,Nuit sans éclairage public,Hors agglomération,Hors intersection,Normale,Deux véhicules - frontale,,,,,,,,,,,3,1,1,1.0,1.0
201100005232,0011-03-09 14:45:00,11,3,9,14,45,170,52,,,,Plein jour,Hors agglomération,Hors intersection,Normale,Deux véhicules - côté,,,,,,,,,,,1,1,1,1.0,3.0
201100005233,0011-04-29 14:30:00,11,4,29,14,30,170,362,,,,Plein jour,Hors agglomération,Hors intersection,Normale,Deux véhicules - côté,,,,,,,,,,,1,1,1,1.0,3.0
201100005234,0011-06-12 06:15:00,11,6,12,6,15,170,331,45 avenue de bordeaux,45.484,-0.569,Plein jour,En agglomération,Hors intersection,Normale,Autre collision,,,,,,,,,,,1,2,1,1.0,6.0
201100005235,0011-06-22 17:30:00,11,6,22,17,30,170,210,,45.458,-0.686,Plein jour,Hors agglomération,Hors intersection,Normale,Deux véhicules - frontale,,,,,,,,,,,1,1,1,1.0,1.0
201100005236,0011-09-07 14:30:00,11,9,7,14,30,170,362,,,,Plein jour,Hors agglomération,Hors intersection,Pluie légère,Deux véhicules - côté,,,,,,,,,,,1,1,1,2.0,3.0
201100005237,0011-12-10 12:30:00,11,12,10,12,30,170,129,,,,Plein jour,Hors agglomération,Hors intersection,Normale,Autre collision,,,,,,,,,,,1,1,1,1.0,6.0
201100005238,0011-01-05 09:15:00,11,1,5,9,15,170,38,,45.164,-0.319,Plein jour,Hors agglomération,Hors intersection,Autre,Deux véhicules - côté,,,,,,,,,,,1,1,1,9.0,3.0
201100005239,0011-03-26 07:00:00,11,3,26,7,0,170,74,,45.213,-0.42,Plein jour,Hors agglomération,Hors intersection,Normale,Autre collision,,,,,,,,,,,1,1,1,1.0,6.0
201100005240,0011-06-17 18:15:00,11,6,17,18,15,170,92,,45.339,-0.418,Plein jour,Hors agglomération,Hors intersection,Autre,Deux véhicules - frontale,,,,,,,,,,,1,1,1,9.0,1.0
201100005241,0011-06-20 16:00:00,11,6,20,16,0,170,243,ZI LE MILAN,45.246,-0.27,Plein jour,En agglomération,Hors intersection,Temps éblouissant,Deux véhicules - côté,,,,,,,,,,,1,2,1,7.0,3.0
201100005242,0011-06-26 06:15:00,11,6,26,6,15,170,118,,45.241,-0.406,Crépuscule ou aube,Hors agglomération,Hors intersection,Normale,Autre collision,,,,,,,,,,,2,1,1,1.0,6.0
201100005243,0011-08-20 14:00:00,11,8,20,14,0,170,269,,45.24,-0.25,Plein jour,Hors agglomération,Hors intersection,Normale,Deux véhicules - côté,,,,,,,,,,,1,1,1,1.0,3.0
201100005244,0011-11-27 18:15:00,11,11,27,18,15,170,458,,45.366,-0.306,Nuit sans éclairage public,Hors agglomération,Hors intersection,Normale,Autre collision,,,,,,,,,,,3,1,1,1.0,6.0
201100005245,0011-03-20 10:30:00,11,3,20,10,30,170,77,,45.145,-0.21,Plein jour,Hors agglomération,Hors intersection,Normale,Deux véhicules - frontale,,,,,,,,,,,1,1,1,1.0,1.0
201100005246,0011-08-10 11:45:00,11,8,10,11,45,170,260,,,,Plein jour,Hors agglomération,Hors intersection,Normale,Deux véhicules - frontale,,,,,,,,,,,1,1,1,1.0,1.0
201100005247,0011-02-09 07:30:00,11,2,9,7,30,170,185,,45.745,-0.972,Crépuscule ou aube,Hors agglomération,Hors intersection,Normale,Deux véhicules - frontale,,,,,,,,,,,2,1,1,1.0,1.0
201100005248,0011-07-02 07:45:00,11,7,2,7,45,170,219,,,,Plein jour,Hors agglomération,Hors intersection,Normale,Trois véhicules et plus - collisions multiples,,,,,,,,,,,1,1,1,1.0,5.0
201100005249,0011-07-24 17:15:00,11,7,24,17,15,170,406,,45.767,-0.979,Plein jour,Hors agglomération,Hors intersection,Normale,Deux véhicules - arrière,,,,,,,,,,,1,1,1,1.0,2.0
201100005250,0011-07-26 00:30:00,11,7,26,0,30,170,219,Rue FIEF DE LA TOCUHE,,,Nuit sans éclairage public,En agglomération,Hors intersection,Normale,Sans collision,,,,,,,,,,,3,2,1,1.0,7.0
201100005251,0011-08-02 18:15:00,11,8,2,18,15,170,219,,45.809,-1.132,Plein jour,Hors agglomération,Hors intersection,Normale,Trois véhicules et plus - collisions multiples,,,,,,,,,,,1,1,1,1.0,5.0
201100005252,0011-08-14 17:15:00,11,8,14,17,15,170,351,,,,Plein jour,Hors agglomération,Hors intersection,Normale,Sans collision,,,,,,,,,,,1,1,1,1.0,7.0
201100005253,0011-09-06 17:15:00,11,9,6,17,15,170,219,,45.832,-1.12,Plein jour,Hors agglomération,Hors intersection,Normale,Deux véhicules - côté,,,,,,,,,,,1,1,1,1.0,3.0
201100005254,0011-10-16 10:30:00,11,10,16,10,30,170,219,,45.807,-1.133,Plein jour,Hors agglomération,Hors intersection,Normale,Sans collision,,,,,,,,,,,1,1,1,1.0,7.0
201100005255,0011-10-24 12:45:00,11,10,24,12,45,170,219,avenue LECLERC,,,Plein jour,En agglomération,Hors intersection,Pluie légère,Deux véhicules - frontale,,,,,,,,,,,1,2,1,2.0,1.0
201100005256,0011-11-01 04:00:00,11,11,1,4,0,170,58,31 RUE DES ACCACIAS,,,Nuit avec éclairage allumé,En agglomération,Hors intersection,Pluie légère,Autre collision,,,,,,,,,,,5,2,1,2.0,6.0
201100005257,0011-11-11 05:45:00,11,11,11,5,45,170,219,,45.822,-1.11,Nuit sans éclairage public,Hors agglomération,Hors intersection,Normale,Autre collision,,,,,,,,,,,3,1,1,1.0,6.0
201100005258,0011-12-05 19:00:00,11,12,5,19,0,170,189,,,,Nuit sans éclairage public,Hors agglomération,Hors intersection,Pluie légère,Trois véhicules et plus - collisions multiples,,,,,,,,,,,3,1,1,2.0,5.0
201100005259,0011-12-16 16:15:00,11,12,16,16,15,170,219,RUE DE LA REPUBLIQUE,,,Plein jour,En agglomération,Hors intersection,Pluie légère,Trois véhicules et plus - en chaîne,,,,,,,,,,,1,2,1,2.0,4.0
201100005260,0011-01-17 18:45:00,11,1,17,18,45,170,429,34 avenue Jean Moulin,,,Nuit avec éclairage allumé,En agglomération,Hors intersection,Normale,Autre collision,,,,,,,,,,,5,2,1,1.0,6.0
201100005261,0011-02-16 12:00:00,11,2,16,12,0,170,484,avenue de l'Ile Madame,,,Plein jour,En agglomération,Hors intersection,Normale,Deux véhicules - frontale,,,,,,,,,,,1,2,1,1.0,1.0
201100005262,0011-05-01 02:30:00,11,5,1,2,30,170,83,,,,Nuit sans éclairage public,Hors agglomération,Hors intersection,Pluie légère,Autre collision,,,,,,,,,,,3,1,1,2.0,6.0
201100005263,0011-09-19 09:45:00,11,9,19,9,45,170,375,02 RUE DU BOURG,,,Plein jour,En agglomération,Hors intersection,Normale,Autre collision,,,,,,,,,,,1,2,1,1.0,6.0
201100005264,0011-02-03 10:00:00,11,2,3,10,0,170,385,D734 avenue de Bel Air,,,Plein jour,En agglomération,Hors intersection,Normale,Deux véhicules - côté,,,,,,,,,,,1,2,1,1.0,3.0
201100005265,0011-02-21 07:00:00,11,2,21,7,0,170,385,Port de la Cotinière,,,Nuit avec éclairage allumé,En agglomération,Hors intersection,Normale,Autre collision,,,,,,,,,,,5,2,1,1.0,6.0
201100005266,0011-03-10 07:45:00,11,3,10,7,45,170,385,rp de la m?daille milita,,,Plein jour,En agglomération,Giratoire,Normale,Deux véhicules - côté,,,,,,,,,,,1,2,6,1.0,3.0
201100005267,0011-03-24 13:00:00,11,3,24,13,0,170,385,,,,Plein jour,Hors agglomération,Hors intersection,Normale,Deux véhicules - arrière,,,,,,,,,,,1,1,1,1.0,2.0
201100005268,0011-03-29 16:45:00,11,3,29,16,45,170,140,,,,Plein jour,Hors agglomération,Intersection en T,Normale,Deux véhicules - côté,,,,,,,,,,,1,1,3,1.0,3.0
201100005269,0011-04-22 06:00:00,11,4,22,6,0,170,385,Port de La Cotini?re,,,Crépuscule ou aube,En agglomération,Hors intersection,Normale,Autre collision,,,,,,,,,,,2,2,1,1.0,6.0
201100005270,0011-05-31 23:00:00,11,5,31,23,0,170,385,,,,Nuit avec éclairage allumé,En agglomération,Giratoire,Normale,Deux véhicules - côté,,,,,,,,,,,5,2,6,1.0,3.0
201100005271,0011-07-07 23:00:00,11,7,7,23,0,170,337,rue de la Couture,,,Nuit avec éclairage allumé,En agglomération,Hors intersection,Normale,Autre collision,,,,,,,,,,,5,2,1,1.0,6.0
201100005272,0011-07-15 00:30:00,11,7,15,0,30,170,385,,,,Nuit sans éclairage public,Hors agglomération,Hors intersection,Normale,Deux véhicules - côté,,,,,,,,,,,3,1,1,1.0,3.0
201100005273,0011-07-31 05:30:00,11,7,31,5,30,170,337,Intersection rue Cure,,,Nuit avec éclairage allumé,En agglomération,Hors intersection,Normale,Deux véhicules - côté,,,,,,,,,,,5,2,1,1.0,3.0
201100005274,0011-08-06 11:15:00,11,8,6,11,15,170,411,avenue des bris,,,Plein jour,En agglomération,Hors intersection,Pluie légère,Sans collision,,,,,,,,,,,1,2,1,2.0,7.0
201100005275,0011-08-15 00:45:00,11,8,15,0,45,170,140,,,,Nuit sans éclairage public,Hors agglomération,Hors intersection,Pluie légère,Trois véhicules et plus - collisions multiples,,,,,,,,,,,3,1,1,2.0,5.0
201100005276,0011-08-12 19:30:00,11,8,12,19,30,170,140,,,,Plein jour,Hors agglomération,Hors intersection,Normale,Deux véhicules - côté,,,,,,,,,,,1,1,1,1.0,3.0
201100005277,0011-08-24 20:45:00,11,8,24,20,45,170,93,13 rue marceau,,,Nuit avec éclairage allumé,En agglomération,Hors intersection,Normale,Deux véhicules - frontale,,,,,,,,,,,5,2,1,1.0,1.0
201100005278,0011-08-28 10:45:00,11,8,28,10,45,170,93,,,,Plein jour,Hors agglomération,Hors intersection,Normale,Deux véhicules - frontale,,,,,,,,,,,1,1,1,1.0,1.0
201100005279,0011-09-13 11:15:00,11,9,13,11,15,170,485,,,,Plein jour,Hors agglomération,Hors intersection,Normale,Autre collision,,,,,,,,,,,1,1,1,1.0,6.0
201100005280,0011-10-03 10:30:00,11,10,3,10,30,170,337,place du march?,45.976,-1.347,Plein jour,En agglomération,Place,Normale,Deux véhicules - frontale,,,,,,,,,,,1,2,7,1.0,1.0
201100005281,0011-11-16 07:15:00,11,11,16,7,15,170,93,,,,Nuit sans éclairage public,Hors agglomération,Hors intersection,Normale,Sans collision,,,,,,,,,,,3,1,1,1.0,7.0
201100005282,0011-11-17 22:00:00,11,11,17,22,0,170,385,,45.952,-1.323,Nuit sans éclairage public,Hors agglomération,Hors intersection,Normale,Sans collision,,,,,,,,,,,3,1,1,1.0,7.0
201100005283,0011-11-30 15:45:00,11,11,30,15,45,170,93,Avenue d'Antioche,,,Plein jour,En agglomération,Hors intersection,Normale,Deux véhicules - frontale,,,,,,,,,,,1,2,1,1.0,1.0
201100005284,0011-01-14 01:15:00,11,1,14,1,15,170,21,Avenue de la Presqu ile,,,Nuit avec éclairage allumé,En agglomération,Hors intersection,Normale,Deux véhicules - arrière,,,,,,,,,,,5,2,1,1.0,2.0
201100005285,0011-02-05 08:30:00,11,2,5,8,30,170,409,,45.699,-0.991,Plein jour,Hors agglomération,Hors intersection,Normale,Trois véhicules et plus - collisions multiples,,,,,,,,,,,1,1,1,1.0,5.0
201100005286,0011-02-18 08:30:00,11,2,18,8,30,170,409,,45.677,-1.052,Plein jour,Hors agglomération,Hors intersection,Brouillard / fumée,Trois véhicules et plus - en chaîne,,,,,,,,,,,1,1,1,5.0,4.0
201100005287,0011-03-11 12:00:00,11,3,11,12,0,170,64,,45.71,-1.061,Plein jour,Hors agglomération,Autre intersection,Normale,Deux véhicules - côté,,,,,,,,,,,1,1,9,1.0,3.0
201100005288,0011-05-07 18:45:00,11,5,7,18,45,170,155,,,,Plein jour,Hors agglomération,Hors intersection,Normale,Sans collision,,,,,,,,,,,1,1,1,1.0,7.0
201100005289,0011-05-25 22:45:00,11,5,25,22,45,170,452,boulevard Pasteur,45.776,-1.141,Nuit avec éclairage allumé,En agglomération,Hors intersection,Normale,Deux véhicules - frontale,,,,,,,,,,,5,2,1,1.0,1.0
201100005290,0011-08-01 22:30:00,11,8,1,22,30,170,64,,45.711,-1.061,Nuit sans éclairage public,Hors agglomération,Hors intersection,Normale,Autre collision,,,,,,,,,,,3,1,1,1.0,6.0
201100005291,0011-07-28 12:15:00,11,7,28,12,15,170,452,,45.693,-1.057,Plein jour,Hors agglomération,Hors intersection,Normale,Deux véhicules - arrière,,,,,,,,,,,1,1,1,1.0,2.0
201100005292,0011-08-31 13:00:00,11,8,31,13,0,170,155,Avenue de la 2?me DB,,,Plein jour,En agglomération,Hors intersection,Normale,Deux véhicules - côté,,,,,,,,,,,1,2,1,1.0,3.0
201100005293,0011-10-21 09:30:00,11,10,21,9,30,170,155,Rue Charles Herv?,45.736,-1.098,Plein jour,En agglomération,Hors intersection,Normale,Deux véhicules - frontale,,,,,,,,,,,1,2,1,1.0,1.0
201100005294,0011-10-29 19:00:00,11,10,29,19,0,170,21,avenue de l'?trade,45.751,-1.132,Nuit sans éclairage public,En agglomération,Hors intersection,Normale,Deux véhicules - arrière,,,,,,,,,,,3,2,1,1.0,2.0
201100005295,0011-01-30 07:15:00,11,1,30,7,15,170,75,,,,Crépuscule ou aube,Hors agglomération,Hors intersection,Normale,Autre collision,,,,,,,,,,,2,1,1,1.0,6.0
201100005296,0011-04-13 22:00:00,11,4,13,22,0,170,353,,,,Nuit sans éclairage public,Hors agglomération,Hors intersection,Normale,Autre collision,,,,,,,,,,,3,1,1,1.0,6.0
201100005297,0011-05-14 12:30:00,11,5,14,12,30,170,346,,,,Plein jour,Hors agglomération,Hors intersection,Normale,Deux véhicules - arrière,,,,,,,,,,,1,1,1,1.0,2.0
201100005298,0011-08-23 16:15:00,11,8,23,16,15,170,216,,45.966,-0.768,Plein jour,Hors agglomération,Hors intersection,Normale,Deux véhicules - frontale,,,,,,,,,,,1,1,1,1.0,1.0
201100005299,0011-11-25 08:15:00,11,11,25,8,15,170,246,,,,Crépuscule ou aube,Hors agglomération,Hors intersection,Pluie légère,Sans collision,,,,,,,,,,,2,1,1,2.0,7.0
201100005300,0011-11-15 18:30:00,11,11,15,18,30,170,216,44 Grande Rue,,,Nuit avec éclairage allumé,En agglomération,Hors intersection,Normale,Autre collision,,,,,,,,,,,5,2,1,1.0,6.0
201100005301,0011-12-03 22:15:00,11,12,3,22,15,170,483,,,,Nuit sans éclairage public,Hors agglomération,Hors intersection,Normale,Deux véhicules - côté,,,,,,,,,,,3,1,1,1.0,3.0
201100005302,0011-02-27 04:30:00,11,2,27,4,30,170,18,,,,Nuit sans éclairage public,Hors agglomération,Hors intersection,Normale,Sans collision,,,,,,,,,,,3,1,1,1.0,7.0
201100005303,0011-03-04 00:30:00,11,3,4,0,30,170,338,LIEU DIT FORTENUZAY,,,Nuit sans éclairage public,En agglomération,Hors intersection,Normale,Autre collision,,,,,,,,,,,3,2,1,1.0,6.0
201100005304,0011-04-04 01:15:00,11,4,4,1,15,170,933,32 grande rue,,,Nuit avec éclairage allumé,En agglomération,Hors intersection,Normale,Autre collision,,,,,,,,,,,5,2,1,1.0,6.0
201100005305,0011-04-19 03:00:00,11,4,19,3,0,170,434,"RD 939 Bis, gare SNCF",,,Nuit avec éclairage allumé,En agglomération,Hors intersection,Normale,Autre collision,,,,,,,,,,,5,2,1,1.0,6.0
201100005306,0011-05-12 10:15:00,11,5,12,10,15,170,394,,,,Plein jour,Hors agglomération,Hors intersection,Normale,Deux véhicules - côté,,,,,,,,,,,1,1,1,1.0,3.0
201100005307,0011-05-18 17:00:00,11,5,18,17,0,170,447,,46.1,-0.94,Plein jour,Hors agglomération,Intersection en X,Normale,Deux véhicules - côté,,,,,,,,,,,1,1,2,1.0,3.0
201100005308,0011-05-27 11:30:00,11,5,27,11,30,170,293,,,,Plein jour,Hors agglomération,Hors intersection,Normale,Autre collision,,,,,,,,,,,1,1,1,1.0,6.0
201100005309,0011-05-28 12:15:00,11,5,28,12,15,170,359,lieu dit BOUTRIT,,,Nuit sans éclairage public,En agglomération,Hors intersection,Normale,Autre collision,,,,,,,,,,,3,2,1,1.0,6.0
201100005310,0011-06-14 18:45:00,11,6,14,18,45,170,394,,,,Plein jour,Hors agglomération,Hors intersection,Normale,Deux véhicules - côté,,,,,,,,,,,1,1,1,1.0,3.0
201100005311,0011-08-02 15:00:00,11,8,2,15,0,170,394,,,,Plein jour,Hors agglomération,Intersection en X,Normale,Deux véhicules - côté,,,,,,,,,,,1,1,2,1.0,3.0
201100005312,0011-08-13 05:45:00,11,8,13,5,45,170,394,,,,Crépuscule ou aube,Hors agglomération,Hors intersection,Normale,Autre collision,,,,,,,,,,,2,1,1,1.0,6.0
201100005313,0011-09-23 19:15:00,11,9,23,19,15,170,359,,,,Plein jour,Hors agglomération,Hors intersection,Normale,Deux véhicules - côté,,,,,,,,,,,1,1,1,1.0,3.0
201100005314,0011-12-09 17:15:00,11,12,9,17,15,170,3,,,,Crépuscule ou aube,Hors agglomération,Hors intersection,Normale,Deux véhicules - frontale,,,,,,,,,,,2,1,1,1.0,1.0
201100005315,0011-01-04 05:30:00,11,1,4,5,30,170,143,,,,Nuit sans éclairage public,Hors agglomération,Hors intersection,Normale,Autre collision,,,,,,,,,,,3,1,1,1.0,6.0
201100005316,0011-01-06 11:45:00,11,1,6,11,45,170,387,allé des platanes,,,Plein jour,En agglomération,Intersection en X,Normale,Deux véhicules - côté,,,,,,,,,,,1,2,2,1.0,3.0
201100005317,0011-01-19 21:15:00,11,1,19,21,15,170,171,08 route des Iles,,,Nuit avec éclairage allumé,En agglomération,Hors intersection,Normale,Autre collision,,,,,,,,,,,5,2,1,1.0,6.0
201100005318,0011-02-06 06:00:00,11,2,6,6,0,170,164,RD 150,,,Nuit avec éclairage allumé,En agglomération,Hors intersection,Normale,Deux véhicules - frontale,,,,,,,,,,,5,2,1,1.0,1.0
201100005319,0011-02-26 19:15:00,11,2,26,19,15,170,444,,,,Nuit sans éclairage public,Hors agglomération,Hors intersection,Normale,Deux véhicules - côté,,,,,,,,,,,3,1,1,1.0,3.0
201100005320,0011-04-01 15:15:00,11,4,1,15,15,170,284,,45.834,-0.848,Plein jour,Hors agglomération,Hors intersection,Normale,Autre collision,,,,,,,,,,,1,1,1,1.0,6.0
201100005321,0011-04-15 17:45:00,11,4,15,17,45,170,336,,45.768,-0.698,Plein jour,Hors agglomération,Hors intersection,Normale,Deux véhicules - arrière,,,,,,,,,,,1,1,1,1.0,2.0
201100005322,0011-05-04 14:30:00,11,5,4,14,30,170,30,,45.747,-0.838,Plein jour,En agglomération,Hors intersection,Normale,Deux véhicules - frontale,,,,,,,,,,,1,2,1,1.0,1.0
201100005323,0011-05-05 17:15:00,11,5,5,17,15,170,102,,45.71,-0.657,Plein jour,Hors agglomération,Hors intersection,Normale,Sans collision,,,,,,,,,,,1,1,1,1.0,7.0
201100005324,0011-05-28 18:45:00,11,5,28,18,45,170,164,,45.758,-0.594,Plein jour,Hors agglomération,Hors intersection,Normale,Deux véhicules - frontale,,,,,,,,,,,1,1,1,1.0,1.0
201100005325,0011-06-01 18:30:00,11,6,1,18,30,170,336,,,,Plein jour,Hors agglomération,Hors intersection,Normale,Trois véhicules et plus - en chaîne,,,,,,,,,,,1,1,1,1.0,4.0
201100005326,0011-06-07 08:00:00,11,6,7,8,0,170,285,,,,Plein jour,Hors agglomération,Hors intersection,Pluie légère,Deux véhicules - côté,,,,,,,,,,,1,1,1,2.0,3.0
201100005327,0011-06-10 09:45:00,11,6,10,9,45,170,412,,,,Plein jour,Hors agglomération,Hors intersection,Pluie légère,Sans collision,,,,,,,,,,,1,1,1,2.0,7.0
201100005328,0011-06-15 02:15:00,11,6,15,2,15,170,44,,45.667,-0.593,Nuit sans éclairage public,Hors agglomération,Hors intersection,Normale,Deux véhicules - frontale,,,,,,,,,,,3,1,1,1.0,1.0
201100005329,0011-06-12 02:30:00,11,6,12,2,30,170,415,,,,Nuit sans éclairage public,Hors agglomération,Hors intersection,Normale,Sans collision,,,,,,,,,,,3,1,1,1.0,7.0
201100005330,0011-06-19 17:45:00,11,6,19,17,45,170,387,,,,Plein jour,Hors agglomération,Intersection en X,Normale,Deux véhicules - côté,,,,,,,,,,,1,1,2,1.0,3.0
201100005331,0011-07-10 19:45:00,11,7,10,19,45,170,30,,,,Plein jour,Hors agglomération,Hors intersection,Normale,Autre collision,,,,,,,,,,,1,1,1,1.0,6.0
201100005332,0011-07-10 12:45:00,11,7,10,12,45,170,100,,45.694,-0.433,Plein jour,Hors agglomération,Hors intersection,Normale,Deux véhicules - arrière,,,,,,,,,,,1,1,1,1.0,2.0
201100005333,0011-08-09 22:30:00,11,8,9,22,30,170,444,D6/D125,,,Nuit avec éclairage allumé,En agglomération,Giratoire,Normale,Sans collision,,,,,,,,,,,5,2,6,1.0,7.0
201100005334,0011-08-11 17:45:00,11,8,11,17,45,170,147,,,,Plein jour,Hors agglomération,Hors intersection,Temps éblouissant,Deux véhicules - côté,,,,,,,,,,,1,1,1,7.0,3.0
201100005335,0011-09-02 12:45:00,11,9,2,12,45,170,389,,,,Plein jour,Hors agglomération,Intersection en X,Normale,Deux véhicules - côté,,,,,,,,,,,1,1,2,1.0,3.0
201100005336,0011-09-10 20:45:00,11,9,10,20,45,170,336,,,,Nuit sans éclairage public,Hors agglomération,Hors intersection,Normale,Deux véhicules - frontale,,,,,,,,,,,3,1,1,1.0,1.0
201100005337,0011-09-10 21:00:00,11,9,10,21,0,170,45,,45.872,-0.843,Nuit sans éclairage public,Hors agglomération,Hors intersection,Normale,Deux véhicules - frontale,,,,,,,,,,,3,1,1,1.0,1.0
201100005338,0011-09-14 07:45:00,11,9,14,7,45,170,100,,,,Plein jour,Hors agglomération,Hors intersection,Temps éblouissant,Deux véhicules - arrière,,,,,,,,,,,1,1,1,7.0,2.0