accident_id,datetime,annee,mois,jour,heure,minute,departement,commune_insee,adresse,latitude,longitude,luminosite,agglomeration,intersection,meteo,collision,nb_vehicules,nb_usagers,nb_indemnes,nb_tues,nb_blesses_hosp,nb_blesses_legers,age_cond_1,age_cond_2,veh_type_cond_1,veh_type_cond_2,lum_code,agg_code,int_code,atm_code,col_code
201100005474,0011-10-24 17:15:00,11,10,24,17,15,790,79,"LIEU DIT ""LA BRAUDIERE""",,,Plein jour,Hors agglomération,Hors intersection,Pluie forte,Trois véhicules et plus - collisions multiples,,,,,,,,,,,1,1,1,3.0,5.0
201100005475,0011-10-29 18:00:00,11,10,29,18,0,790,79,,,,Plein jour,Hors agglomération,Intersection en X,Temps couvert,Deux véhicules - côté,,,,,,,,,,,1,1,2,8.0,3.0
201100005476,0011-11-17 07:00:00,11,11,17,7,0,790,195,"LD ""LA NOUVEAUTE""",,,Crépuscule ou aube,Hors agglomération,Intersection en X,Autre,Deux véhicules - côté,,,,,,,,,,,2,1,2,9.0,3.0
201100005477,0011-01-23 10:30:00,11,1,23,10,30,790,13,,,,Plein jour,Hors agglomération,Intersection en X,Normale,Deux véhicules - côté,,,,,,,,,,,1,1,2,1.0,3.0
201100005478,0011-02-17 17:15:00,11,2,17,17,15,790,157,"LD ""MAGE""",,,Plein jour,Hors agglomération,Hors intersection,Normale,Deux véhicules - frontale,,,,,,,,,,,1,1,1,1.0,1.0
201100005479,0011-03-06 19:30:00,11,3,6,19,30,790,203,,46.976,-0.069,Nuit sans éclairage public,Hors agglomération,Hors intersection,Normale,Deux véhicules - côté,,,,,,,,,,,3,1,1,1.0,3.0
201100005480,0011-03-31 22:00:00,11,3,31,22,0,790,102,"LD ""LA GRANDE COUDRE""",,,Nuit sans éclairage public,Hors agglomération,Hors intersection,Normale,Autre collision,,,,,,,,,,,3,1,1,1.0,6.0
201100005481,0011-04-10 06:15:00,11,4,10,6,15,790,56,33 ROUTE DE SAUMUR,,,Nuit sans éclairage public,En agglomération,Hors intersection,Normale,Autre collision,,,,,,,,,,,3,2,1,1.0,6.0
201100005482,0011-04-17 20:00:00,11,4,17,20,0,790,250,"LD ""LA BUTTE""",,,Plein jour,En agglomération,Intersection en X,Normale,Deux véhicules - frontale,,,,,,,,,,,1,2,2,1.0,1.0
201100005483,0011-06-04 12:30:00,11,6,4,12,30,790,132,,,,Plein jour,Hors agglomération,Hors intersection,Normale,Sans collision,,,,,,,,,,,1,1,1,1.0,7.0
201100005484,0011-06-10 17:30:00,11,6,10,17,30,790,292,"LD ""VRINES""",,,Plein jour,En agglomération,Hors intersection,Normale,Autre collision,,,,,,,,,,,1,2,1,1.0,6.0
201100005485,0011-06-15 19:00:00,11,6,15,19,0,790,171,"LD ""LA POTENCE""",,,Plein jour,Hors agglomération,Intersection en T,Normale,Autre collision,,,,,,,,,,,1,1,3,1.0,6.0
201100005486,0011-07-15 11:15:00,11,7,15,11,15,790,157,,,,Plein jour,Hors agglomération,Intersection en Y,Normale,Deux véhicules - côté,,,,,,,,,,,1,1,4,1.0,3.0
201100005487,0011-08-24 21:30:00,11,8,24,21,30,790,299,"LIEU-DIT ""RIBLAIRE""",,,Nuit avec éclairage allumé,Hors agglomération,Hors intersection,Normale,Autre collision,,,,,,,,,,,5,1,1,1.0,6.0
201100005488,0011-09-05 08:30:00,11,9,5,8,30,790,265,,,,Plein jour,Hors agglomération,Intersection en Y,Temps éblouissant,Deux véhicules - côté,,,,,,,,,,,1,1,4,7.0,3.0
201100005489,0011-10-18 18:00:00,11,10,18,18,0,790,187,"LIEU DIT ""LA NATIONALE""",,,Crépuscule ou aube,Hors agglomération,Hors intersection,Pluie légère,Autre collision,,,,,,,,,,,2,1,1,2.0,6.0
201100005490,0011-10-07 16:15:00,11,10,7,16,15,790,157,,,,Plein jour,Hors agglomération,Hors intersection,Normale,Deux véhicules - frontale,,,,,,,,,,,1,1,1,1.0,1.0
201100005491,0011-10-23 11:45:00,11,10,23,11,45,790,244,,,,Plein jour,Hors agglomération,Hors intersection,Normale,Deux véhicules - frontale,,,,,,,,,,,1,1,1,1.0,1.0
201100005492,0011-10-26 20:30:00,11,10,26,20,30,790,178,,,,Crépuscule ou aube,Hors agglomération,Hors intersection,Normale,Autre collision,,,,,,,,,,,2,1,1,1.0,6.0
201100005493,0011-11-09 08:15:00,11,11,9,8,15,790,157,"LD ""MAGE""",,,Plein jour,Hors agglomération,Hors intersection,Normale,Trois véhicules et plus - collisions multiples,,,,,,,,,,,1,1,1,1.0,5.0
201100005494,0011-12-03 19:45:00,11,12,3,19,45,790,14,"LD ""TAIZON""",,,Nuit sans éclairage public,Hors agglomération,Hors intersection,Pluie légère,Deux véhicules - frontale,,,,,,,,,,,3,1,1,2.0,1.0
201100005495,0011-01-26 06:00:00,11,1,26,6,0,790,279,,,,Nuit sans éclairage public,Hors agglomération,Hors intersection,Normale,Deux véhicules - frontale,,,,,,,,,,,3,1,1,1.0,1.0
201100005496,0011-03-18 17:15:00,11,3,18,17,15,790,174,,,,Plein jour,Hors agglomération,Intersection en X,Temps couvert,Deux véhicules - côté,,,,,,,,,,,1,1,2,8.0,3.0
201100005497,0011-04-15 10:45:00,11,4,15,10,45,790,61,18 ROUTE DE VITRE,,,Plein jour,En agglomération,Hors intersection,Normale,Trois véhicules et plus - en chaîne,,,,,,,,,,,1,2,1,1.0,4.0
201100005498,0011-04-24 10:15:00,11,4,24,10,15,790,158,,,,Plein jour,Hors agglomération,Intersection en X,Normale,Deux véhicules - côté,,,,,,,,,,,1,1,2,1.0,3.0
201100005499,0011-05-17 19:45:00,11,5,17,19,45,790,312,"LIEU-DIT ""LE PATUREAU""",,,Plein jour,Hors agglomération,Hors intersection,Normale,Autre collision,,,,,,,,,,,1,1,1,1.0,6.0
201100005500,0011-08-03 13:30:00,11,8,3,13,30,790,301,,,,Plein jour,Hors agglomération,Hors intersection,Normale,Deux véhicules - côté,,,,,,,,,,,1,1,1,1.0,3.0
201100005501,0011-09-08 10:45:00,11,9,8,10,45,790,174,ROUTE DE SAINTES,,,Plein jour,En agglomération,Hors intersection,Pluie forte,Deux véhicules - arrière,,,,,,,,,,,1,2,1,3.0,2.0
201100005502,0011-09-13 13:30:00,11,9,13,13,30,790,61,ROUTE DE CHIZE,,,Plein jour,En agglomération,Intersection en X,Pluie légère,Deux véhicules - frontale,,,,,,,,,,,1,2,2,2.0,1.0
201100005503,0011-09-20 07:45:00,11,9,20,7,45,790,4,"LIEU-DIT ""VILLENEUVE""",,,Plein jour,Hors agglomération,Intersection en X,Normale,Deux véhicules - côté,,,,,,,,,,,1,1,2,1.0,3.0
201100005504,0011-09-24 14:00:00,11,9,24,14,0,790,327,"LD ""LA GUIGNERAIE""",,,Plein jour,Hors agglomération,Hors intersection,Normale,Sans collision,,,,,,,,,,,1,1,1,1.0,7.0
201100005505,0011-10-09 07:30:00,11,10,9,7,30,790,64,,,,Crépuscule ou aube,Hors agglomération,Hors intersection,Normale,Deux véhicules - frontale,,,,,,,,,,,2,1,1,1.0,1.0
201100005506,0011-10-10 08:30:00,11,10,10,8,30,790,61,,,,Plein jour,Hors agglomération,Hors intersection,Temps couvert,Deux véhicules - frontale,,,,,,,,,,,1,1,1,8.0,1.0
201100005507,0011-12-30 14:45:00,11,12,30,14,45,790,174,,,,Plein jour,Hors agglomération,Hors intersection,Pluie forte,Autre collision,,,,,,,,,,,1,1,1,3.0,6.0
201100005508,0011-03-21 17:00:00,11,3,21,17,0,790,152,,,,Plein jour,Hors agglomération,Hors intersection,Normale,Sans collision,,,,,,,,,,,1,1,1,1.0,7.0
201100005509,0011-06-02 22:45:00,11,6,2,22,45,790,11,Rue de la Mairie,,,Nuit avec éclairage allumé,En agglomération,Intersection en X,Normale,Deux véhicules - côté,,,,,,,,,,,5,2,2,1.0,3.0
201100005510,0011-07-13 16:45:00,11,7,13,16,45,790,148,"LD ""LA GRANDE FOYE""",,,Plein jour,Hors agglomération,Intersection en T,Normale,Deux véhicules - frontale,,,,,,,,,,,1,1,3,1.0,1.0
201100005511,0011-08-18 16:00:00,11,8,18,16,0,790,180,ALLEE DES CHATAIGNIERS,,,Plein jour,Hors agglomération,Intersection en T,Normale,Deux véhicules - côté,,,,,,,,,,,1,1,3,1.0,3.0
201100005512,0011-12-19 01:30:00,11,12,19,1,30,790,122,20 ROUTE DE NIORT,,,Nuit avec éclairage non allumé,En agglomération,Hors intersection,Normale,Autre collision,,,,,,,,,,,4,2,1,1.0,6.0
201100005513,0011-01-15 09:30:00,11,1,15,9,30,790,213,,,,Plein jour,Hors agglomération,Hors intersection,Normale,Autre collision,,,,,,,,,,,1,1,1,1.0,6.0
201100005514,0011-01-19 10:45:00,11,1,19,10,45,790,80,,,,Plein jour,Hors agglomération,Intersection en X,Normale,Deux véhicules - côté,,,,,,,,,,,1,1,2,1.0,3.0
201100005515,0011-02-18 18:00:00,11,2,18,18,0,790,322,,,,Plein jour,Hors agglomération,Giratoire,Normale,Deux véhicules - côté,,,,,,,,,,,1,1,6,1.0,3.0
201100005516,0011-03-11 07:30:00,11,3,11,7,30,790,68,,,,Plein jour,Hors agglomération,Hors intersection,Normale,Autre collision,,,,,,,,,,,1,1,1,1.0,6.0
201100005517,0011-05-06 09:00:00,11,5,6,9,0,790,2,,,,Plein jour,Hors agglomération,Hors intersection,Normale,Deux véhicules - frontale,,,,,,,,,,,1,1,1,1.0,1.0
201100005518,0011-06-08 18:15:00,11,6,8,18,15,790,29,"LD ""LA PETITE MAILLERAYE",,,Plein jour,Hors agglomération,Intersection en X,Normale,Deux véhicules - côté,,,,,,,,,,,1,1,2,1.0,3.0
201100005519,0011-06-16 19:00:00,11,6,16,19,0,790,80,ROUTE DE MONCOUTANT,,,Plein jour,Hors agglomération,Intersection en X,Normale,Autre collision,,,,,,,,,,,1,1,2,1.0,6.0
201100005520,0011-06-23 11:30:00,11,6,23,11,30,790,202,AVENUE A. BRIAND,,,Plein jour,En agglomération,Hors intersection,Normale,Deux véhicules - côté,,,,,,,,,,,1,2,1,1.0,3.0
201100005521,0011-07-01 15:00:00,11,7,1,15,0,790,121,"LD ""LA GIBAUDIERE""",,,Plein jour,Hors agglomération,Hors intersection,Normale,Sans collision,,,,,,,,,,,1,1,1,1.0,7.0
201100005522,0011-07-04 09:45:00,11,7,4,9,45,790,341,"LD ""CHAMPS DE LA MARE""",,,Plein jour,Hors agglomération,Hors intersection,Normale,Deux véhicules - frontale,,,,,,,,,,,1,1,1,1.0,1.0
201100005523,0011-07-11 15:30:00,11,7,11,15,30,790,80,,,,Plein jour,Hors agglomération,Hors intersection,Normale,Deux véhicules - côté,,,,,,,,,,,1,1,1,1.0,3.0
201100005524,0011-08-06 16:10:00,11,8,6,16,10,790,80,,,,Plein jour,En agglomération,Hors intersection,Pluie légère,Autre collision,,,,,,,,,,,1,2,1,2.0,6.0
201100005525,0011-08-07 04:00:00,11,8,7,4,0,790,80,"LIEU-DIT ""LA GUIBOTIERE""",,,Nuit sans éclairage public,Hors agglomération,Hors intersection,Temps couvert,Autre collision,,,,,,,,,,,3,1,1,8.0,6.0
201100005526,0011-08-21 16:00:00,11,8,21,16,0,790,8,,,,Plein jour,Hors agglomération,Hors intersection,Normale,Deux véhicules - frontale,,,,,,,,,,,1,1,1,1.0,1.0
201100005527,0011-08-24 11:45:00,11,8,24,11,45,790,202,,,,Plein jour,Hors agglomération,Intersection en T,Normale,Deux véhicules - arrière,,,,,,,,,,,1,1,3,1.0,2.0
201100005528,0011-09-10 17:30:00,11,9,10,17,30,790,285,ROUTE DE PARTHENAY,,,Plein jour,Hors agglomération,Hors intersection,Normale,Sans collision,,,,,,,,,,,1,1,1,1.0,7.0
201100005529,0011-10-07 20:00:00,11,10,7,20,0,790,202,RUE DE L'YSER,,,Nuit avec éclairage allumé,En agglomération,Giratoire,Normale,Autre collision,,,,,,,,,,,5,2,6,1.0,6.0
201100005530,0011-11-07 08:00:00,11,11,7,8,0,790,71,,,,Crépuscule ou aube,Hors agglomération,Hors intersection,Temps couvert,Autre collision,,,,,,,,,,,2,1,1,8.0,6.0
201100005531,0011-11-26 11:30:00,11,11,26,11,30,790,68,"LD ""LE QUARTERON""",,,Plein jour,Hors agglomération,Hors intersection,Temps couvert,Deux véhicules - frontale,,,,,,,,,,,1,1,1,8.0,1.0
201100005532,0011-12-10 12:30:00,11,12,10,12,30,790,29,"LD ""LA PIOCHERE""",,,Plein jour,Hors agglomération,Hors intersection,Normale,Trois véhicules et plus - collisions multiples,,,,,,,,,,,1,1,1,1.0,5.0
201100005533,0011-12-17 23:45:00,11,12,17,23,45,790,202,RUE DES PAQUERETTES,,,Nuit avec éclairage allumé,En agglomération,Hors intersection,Temps couvert,Autre collision,,,,,,,,,,,5,2,1,8.0,6.0
201100005534,0011-12-18 15:30:00,11,12,18,15,30,790,8,"LD ""ST VINCENT""",,,Plein jour,Hors agglomération,Hors intersection,Normale,Deux véhicules - frontale,,,,,,,,,,,1,1,1,1.0,1.0
201100005535,0011-02-19 12:30:00,11,2,19,12,30,790,5,Route de Poitiers,,,Plein jour,En agglomération,Hors intersection,Temps couvert,Deux véhicules - côté,,,,,,,,,,,1,2,1,8.0,3.0
201100005536,0011-04-09 15:30:00,11,4,9,15,30,790,326,"LD ""LA CHAUSSEE""",,,Plein jour,Hors agglomération,Hors intersection,Normale,Deux véhicules - frontale,,,,,,,,,,,1,1,1,1.0,1.0
201100005537,0011-04-23 16:00:00,11,4,23,16,0,790,326,,,,Plein jour,Hors agglomération,Hors intersection,Normale,Sans collision,,,,,,,,,,,1,1,1,1.0,7.0
201100005538,0011-05-25 12:15:00,11,5,25,12,15,790,156,,,,Plein jour,Hors agglomération,Hors intersection,Normale,Deux véhicules - côté,,,,,,,,,,,1,1,1,1.0,3.0
201100005539,0011-08-01 11:00:00,11,8,1,11,0,790,260,,,,Plein jour,Hors agglomération,Hors intersection,Normale,Sans collision,,,,,,,,,,,1,1,1,1.0,7.0
201100005540,0011-08-04 14:30:00,11,8,4,14,30,790,165,,,,Plein jour,Hors agglomération,Intersection en X,Normale,Autre collision,,,,,,,,,,,1,1,2,1.0,6.0
201100005541,0011-10-19 12:45:00,11,10,19,12,45,790,135,"LD ""LA JALOUSIE""",,,Plein jour,Hors agglomération,Hors intersection,Normale,Trois véhicules et plus - collisions multiples,,,,,,,,,,,1,1,1,1.0,5.0
201100005542,0011-02-05 01:30:00,11,2,5,1,30,790,69,"LD ""LES QUATRE VENTS""",,,Nuit sans éclairage public,Hors agglomération,Hors intersection,Temps couvert,Deux véhicules - arrière,,,,,,,,,,,3,1,1,8.0,2.0
201100005543,0011-04-09 13:45:00,11,4,9,13,45,790,25,"LD ""LA SICAUDIERE""",,,Plein jour,Hors agglomération,Hors intersection,Normale,Autre collision,,,,,,,,,,,1,1,1,1.0,6.0
201100005544,0011-04-11 20:30:00,11,4,11,20,30,790,311,"LD ""LA BLANCHARDIERE""",,,Crépuscule ou aube,Hors agglomération,Hors intersection,Normale,Deux véhicules - frontale,,,,,,,,,,,2,1,1,1.0,1.0
201100005545,0011-04-17 22:45:00,11,4,17,22,45,790,190,"LD ""LA CROIX MONJAIX""",,,Nuit sans éclairage public,Hors agglomération,Hors intersection,Normale,Deux véhicules - côté,,,,,,,,,,,3,1,1,1.0,3.0
201100005546,0011-04-25 18:00:00,11,4,25,18,0,790,311,8 RUE DE LA CHARMILLE,,,Plein jour,En agglomération,Hors intersection,Normale,Deux véhicules - frontale,,,,,,,,,,,1,2,1,1.0,1.0
201100005547,0011-05-04 16:30:00,11,5,4,16,30,790,76,"LIEU-DIT ""LA TAUPINIERE""",,,Plein jour,Hors agglomération,Hors intersection,Normale,Deux véhicules - frontale,,,,,,,,,,,1,1,1,1.0,1.0
201100005548,0011-05-27 06:15:00,11,5,27,6,15,790,76,56 ROUTE DE NIORT,,,Crépuscule ou aube,En agglomération,Hors intersection,Normale,Autre collision,,,,,,,,,,,2,2,1,1.0,6.0
201100005549,0011-07-16 17:15:00,11,7,16,17,15,790,311,27 RUE DE L'ANJOU,,,Plein jour,En agglomération,Intersection en T,Pluie légère,Deux véhicules - côté,,,,,,,,,,,1,2,3,2.0,3.0
201100005550,0011-10-02 20:15:00,11,10,2,20,15,790,239,"LIEU-DIT ""LE CLAIRET""",,,Nuit sans éclairage public,Hors agglomération,Hors intersection,Normale,Deux véhicules - frontale,,,,,,,,,,,3,1,1,1.0,1.0
201100005551,0011-10-06 09:15:00,11,10,6,9,15,790,190,,,,Plein jour,Hors agglomération,Hors intersection,Normale,Autre collision,,,,,,,,,,,1,1,1,1.0,6.0
201100005552,0011-10-08 14:45:00,11,10,8,14,45,790,311,"LD ""L'AUMONERIE""",,,Plein jour,Hors agglomération,Intersection en Y,Normale,Deux véhicules - côté,,,,,,,,,,,1,1,4,1.0,3.0
201100005553,0011-10-20 14:30:00,11,10,20,14,30,790,94,"LIEU DIT ""SAINT-BENOIST""",,,Plein jour,Hors agglomération,Intersection en X,Normale,Deux véhicules - frontale,,,,,,,,,,,1,1,2,1.0,1.0
201100005554,0011-11-05 06:00:00,11,11,5,6,0,790,179,2 AV. DU GRAL DE GAULLE,,,Crépuscule ou aube,En agglomération,Hors intersection,Pluie légère,Autre collision,,,,,,,,,,,2,2,1,2.0,6.0
201100005555,0011-01-13 06:45:00,11,1,13,6,45,870,202,,,,Nuit sans éclairage public,Hors agglomération,Hors intersection,Pluie légère,Trois véhicules et plus - collisions multiples,,,,,,,,,,,3,1,1,2.0,5.0
201100005556,0011-01-14 17:45:00,11,1,14,17,45,870,1,CD 10,,,Plein jour,En agglomération,Hors intersection,Normale,Deux véhicules - frontale,,,,,,,,,,,1,2,1,1.0,1.0
201100005557,0011-02-18 09:45:00,11,2,18,9,45,870,107,,45.9311,1.19471,Plein jour,Hors agglomération,Hors intersection,Brouillard / fumée,Deux véhicules - arrière,,,,,,,,,,,1,1,1,5.0,2.0
201100005558,0011-04-09 17:45:00,11,4,9,17,45,870,15,,45.7778,1.17978,Plein jour,Hors agglomération,Intersection en X,Normale,Deux véhicules - côté,,,,,,,,,,,1,1,2,1.0,3.0
201100005559,0011-05-13 23:00:00,11,5,13,23,0,870,1,,45.8013,1.14992,Nuit avec éclairage allumé,En agglomération,Hors intersection,Normale,Deux véhicules - côté,,,,,,,,,,,5,2,1,1.0,3.0
201100005560,0011-05-18 15:15:00,11,5,18,15,15,870,152,,45.9567,1.20688,Plein jour,Hors agglomération,Hors intersection,Normale,Deux véhicules - frontale,,,,,,,,,,,1,1,1,1.0,1.0
201100005561,0011-07-02 01:00:00,11,7,2,1,0,870,38,,45.9124,1.2389,Nuit avec éclairage allumé,Hors agglomération,Hors intersection,Normale,Autre collision,,,,,,,,,,,5,1,1,1.0,6.0
201100005562,0011-07-29 12:30:00,11,7,29,12,30,870,202,,45.8747,1.10656,Plein jour,Hors agglomération,Hors intersection,Normale,Deux véhicules - frontale,,,,,,,,,,,1,1,1,1.0,1.0
201100005563,0011-09-19 08:00:00,11,9,19,8,0,870,1,AVENUE JEANNE PICHENAUD,45.7944,1.13692,Plein jour,En agglomération,Intersection en X,Pluie légère,Deux véhicules - côté,,,,,,,,,,,1,2,2,2.0,3.0
201100005564,0011-10-27 17:00:00,11,10,27,17,0,870,201,,,,Plein jour,Hors agglomération,Hors intersection,Normale,Deux véhicules - côté,,,,,,,,,,,1,1,1,1.0,3.0
201100005565,0011-12-04 17:00:00,11,12,4,17,0,870,1,Le clos st g?rald,45.798,1.151,Crépuscule ou aube,En agglomération,Hors intersection,Pluie forte,Deux véhicules - frontale,,,,,,,,,,,2,2,1,3.0,1.0
201100005566,0011-12-11 14:00:00,11,12,11,14,0,870,152,,,,Plein jour,Hors agglomération,Hors intersection,Pluie légère,Autre collision,,,,,,,,,,,1,1,1,2.0,6.0
201100005567,0011-01-07 10:30:00,11,1,7,10,30,870,125,,45.8986,1.30827,Plein jour,Hors agglomération,Hors intersection,Normale,Deux véhicules - frontale,,,,,,,,,,,1,1,1,1.0,1.0
201100005568,0011-03-22 20:15:00,11,3,22,20,15,870,157,,45.9546,1.47709,Nuit sans éclairage public,Hors agglomération,Hors intersection,Normale,Deux véhicules - frontale,,,,,,,,,,,3,1,1,1.0,1.0
201100005569,0011-06-05 09:00:00,11,6,5,9,0,870,157,,45.9978,1.4387,Plein jour,Hors agglomération,Hors intersection,Normale,Sans collision,,,,,,,,,,,1,1,1,1.0,7.0
201100005570,0011-06-17 20:00:00,11,6,17,20,0,870,125,,45.9142,1.33185,Plein jour,Hors agglomération,Hors intersection,Normale,Deux véhicules - frontale,,,,,,,,,,,1,1,1,1.0,1.0
201100005571,0011-08-03 19:00:00,11,8,3,19,0,870,157,,45.9653,1.48914,Plein jour,Hors agglomération,Hors intersection,Normale,Deux véhicules - frontale,,,,,,,,,,,1,1,1,1.0,1.0
201100005572,0011-08-14 17:15:00,11,8,14,17,15,870,125,,45.898,1.30757,Plein jour,Hors agglomération,Hors intersection,Pluie forte,Deux véhicules - arrière,,,,,,,,,,,1,1,1,3.0,2.0
201100005573,0011-12-20 18:30:00,11,12,20,18,30,870,125,,,,Nuit sans éclairage public,Hors agglomération,Hors intersection,Pluie légère,Trois véhicules et plus - collisions multiples,,,,,,,,,,,3,1,1,2.0,5.0
201100005574,0011-12-29 07:45:00,11,12,29,7,45,870,178,,,,Crépuscule ou aube,Hors agglomération,Hors intersection,Autre,Sans collision,,,,,,,,,,,2,1,1,9.0,7.0
201100005575,0011-12-30 18:00:00,11,12,30,18,0,870,125,Avenue Emile ZOLA,,,Nuit avec éclairage allumé,En agglomération,Hors intersection,Pluie légère,Deux véhicules - frontale,,,,,,,,,,,5,2,1,2.0,1.0
201100005576,0011-12-25 15:45:00,11,12,25,15,45,870,170,,,,Plein jour,Hors agglomération,Hors intersection,Normale,Autre collision,,,,,,,,,,,1,1,1,1.0,6.0
201100005577,0011-03-04 23:15:00,11,3,4,23,15,870,105,,,,Nuit sans éclairage public,Hors agglomération,Hors intersection,Normale,Sans collision,,,,,,,,,,,3,1,1,1.0,7.0
201100005578,0011-06-23 08:30:00,11,6,23,8,30,870,4,,45.783,1.69132,Plein jour,Hors agglomération,Hors intersection,Normale,Deux véhicules - frontale,,,,,,,,,,,1,1,1,1.0,1.0
201100005579,0011-07-14 23:15:00,11,7,14,23,15,870,40,RUE DU BARRY,45.7157,1.61033,Nuit sans éclairage public,En agglomération,Hors intersection,Normale,Autre collision,,,,,,,,,,,3,2,1,1.0,6.0
201100005580,0011-01-05 07:15:00,11,1,5,7,15,870,161,,45.8465,1.49366,Nuit sans éclairage public,Hors agglomération,Hors intersection,Autre,Deux véhicules - frontale,,,,,,,,,,,3,1,1,9.0,1.0
201100005581,0011-02-26 20:00:00,11,2,26,20,0,870,161,,45.8546,1.5042,Nuit sans éclairage public,Hors agglomération,Hors intersection,Vent fort / tempête,Autre collision,,,,,,,,,,,3,1,1,6.0,6.0
201100005582,0011-03-13 17:45:00,11,3,13,17,45,870,70,,45.7898,1.4628,Plein jour,Hors agglomération,Intersection à plus de 4 branches,Normale,Trois véhicules et plus - collisions multiples,,,,,,,,,,,1,1,5,1.0,5.0
201100005583,0011-12-10 16:00:00,11,12,10,16,0,870,5,,45.802,1.392,Plein jour,Hors agglomération,Hors intersection,Pluie légère,Autre collision,,,,,,,,,,,1,1,1,2.0,6.0
201100005584,0011-02-18 07:30:00,11,2,18,7,30,870,106,,45.681,1.21799,Nuit sans éclairage public,Hors agglomération,Hors intersection,Brouillard / fumée,Trois véhicules et plus - collisions multiples,,,,,,,,,,,3,1,1,5.0,5.0
201100005585,0011-02-23 09:00:00,11,2,23,9,0,870,187,BD DE L'HOTEL DE VILLE,45.5156,1.20537,Plein jour,En agglomération,Giratoire,Normale,Autre collision,,,,,,,,,,,1,2,6,1.0,6.0
201100005586,0011-03-26 09:30:00,11,3,26,9,30,870,32,,45.6331,0.9864,Plein jour,Hors agglomération,Hors intersection,Normale,Deux véhicules - arrière,,,,,,,,,,,1,1,1,1.0,2.0
201100005587,0011-04-03 18:45:00,11,4,3,18,45,870,82,,45.5898,1.09036,Plein jour,Hors agglomération,Hors intersection,Pluie légère,Autre collision,,,,,,,,,,,1,1,1,2.0,6.0
201100005588,0011-04-09 17:45:00,11,4,9,17,45,870,187,,,,Plein jour,En agglomération,Hors intersection,Normale,Deux véhicules - côté,,,,,,,,,,,1,2,1,1.0,3.0
201100005589,0011-06-04 12:45:00,11,6,4,12,45,870,187,,45.5694,1.21402,Plein jour,Hors agglomération,Hors intersection,Normale,Sans collision,,,,,,,,,,,1,1,1,1.0,7.0
201100005590,0011-06-19 13:30:00,11,6,19,13,30,870,106,12 RUE VICTOR HUGO,45.6773,1.18762,Plein jour,En agglomération,Hors intersection,Normale,Trois véhicules et plus - collisions multiples,,,,,,,,,,,1,2,1,1.0,5.0
201100005591,0011-06-27 10:45:00,11,6,27,10,45,870,127,,45.5781,1.26401,Plein jour,Hors agglomération,Hors intersection,Normale,Autre collision,,,,,,,,,,,1,1,1,1.0,6.0
201100005592,0011-10-02 16:30:00,11,10,2,16,30,870,112,,45.699,1.012,Plein jour,Hors agglomération,Hors intersection,Normale,Autre collision,,,,,,,,,,,1,1,1,1.0,6.0
201100005593,0011-10-16 21:30:00,11,10,16,21,30,870,124,,,,Nuit sans éclairage public,Hors agglomération,Hors intersection,Normale,Sans collision,,,,,,,,,,,3,1,1,1.0,7.0
201100005594,0011-12-04 17:30:00,11,12,4,17,30,870,187,,,,Plein jour,Hors agglomération,Hors intersection,Normale,Deux véhicules - frontale,,,,,,,,,,,1,1,1,1.0,1.0
201100005595,0011-01-27 21:15:00,11,1,27,21,15,870,11,,46.0389,1.049,Plein jour,Hors agglomération,Hors intersection,Normale,Autre collision,,,,,,,,,,,1,1,1,1.0,6.0
201100005596,0011-02-02 07:30:00,11,2,2,7,30,870,59,,46.1983,1.06886,Crépuscule ou aube,Hors agglomération,Hors intersection,Autre,Deux véhicules - frontale,,,,,,,,,,,2,1,1,9.0,1.0
201100005597,0011-05-23 13:30:00,11,5,23,13,30,870,17,,46.1266,1.07375,Plein jour,Hors agglomération,Giratoire,Normale,Deux véhicules - côté,,,,,,,,,,,1,1,6,1.0,3.0
201100005598,0011-07-04 23:30:00,11,7,4,23,30,870,11,,46.1333,1.03871,Nuit sans éclairage public,Hors agglomération,Hors intersection,Normale,Autre collision,,,,,,,,,,,3,1,1,1.0,6.0
201100005599,0011-08-05 15:15:00,11,8,5,15,15,870,17,,46.1163,1.07519,Plein jour,Hors agglomération,Hors intersection,Normale,Deux véhicules - frontale,,,,,,,,,,,1,1,1,1.0,1.0
201100005600,0011-08-15 19:15:00,11,8,15,19,15,870,11,,46.1002,1.07622,Plein jour,Hors agglomération,Hors intersection,Pluie légère,Deux véhicules - frontale,,,,,,,,,,,1,1,1,2.0,1.0
201100005601,0011-10-26 19:30:00,11,10,26,19,30,870,11,,,,Nuit sans éclairage public,Hors agglomération,Hors intersection,Normale,Deux véhicules - côté,,,,,,,,,,,3,1,1,1.0,3.0
201100005602,0011-10-28 12:45:00,11,10,28,12,45,870,172,,,,Plein jour,Hors agglomération,Hors intersection,Pluie légère,Deux véhicules - frontale,,,,,,,,,,,1,1,1,2.0,1.0
201100005603,0011-11-18 12:45:00,11,11,18,12,45,870,17,,,,Plein jour,Hors agglomération,Hors intersection,Normale,Deux véhicules - frontale,,,,,,,,,,,1,1,1,1.0,1.0
201100005604,0011-11-19 09:00:00,11,11,19,9,0,870,18,,,,Plein jour,Hors agglomération,Hors intersection,Normale,Deux véhicules - côté,,,,,,,,,,,1,1,1,1.0,3.0