accident_id,datetime,annee,mois,jour,heure,minute,departement,commune_insee,adresse,latitude,longitude,luminosite,agglomeration,intersection,meteo,collision,nb_vehicules,nb_usagers,nb_indemnes,nb_tues,nb_blesses_hosp,nb_blesses_legers,age_cond_1,age_cond_2,veh_type_cond_1,veh_type_cond_2,lum_code,agg_code,int_code,atm_code,col_code
201100005732,0011-12-04 21:15:00,11,12,4,21,15,230,114,,46.191,2.357,Nuit sans éclairage public,Hors agglomération,Hors intersection,Pluie légère,Autre collision,,,,,,,,,,,3,1,1,2.0,6.0
201100005733,0011-02-11 22:30:00,11,2,11,22,30,230,258,Fontvieille,46.315,1.462,Nuit sans éclairage public,Hors agglomération,Hors intersection,Normale,Autre collision,,,,,,,,,,,3,1,1,1.0,6.0
201100005734,0011-04-30 00:30:00,11,4,30,0,30,230,39,Rue des peintres,,,Nuit avec éclairage allumé,En agglomération,Hors intersection,Normale,Sans collision,,,,,,,,,,,5,2,1,1.0,7.0
201100005735,0011-05-29 10:15:00,11,5,29,10,15,230,70,,,,Plein jour,Hors agglomération,Hors intersection,Normale,Deux véhicules - frontale,,,,,,,,,,,1,1,1,1.0,1.0
201100005736,0011-09-01 16:45:00,11,9,1,16,45,230,207,,46.289,1.565,Plein jour,Hors agglomération,Hors intersection,Normale,Deux véhicules - frontale,,,,,,,,,,,1,1,1,1.0,1.0
201100005737,0011-09-15 17:30:00,11,9,15,17,30,230,263,,,,Plein jour,Hors agglomération,Hors intersection,Normale,Deux véhicules - frontale,,,,,,,,,,,1,1,1,1.0,1.0
201100005738,0011-11-09 21:00:00,11,11,9,21,0,230,231,Sainte Catherine,46.155,1.512,Nuit sans éclairage public,En agglomération,Hors intersection,Normale,Autre collision,,,,,,,,,,,3,2,1,1.0,6.0
201100005739,0011-11-27 17:00:00,11,11,27,17,0,230,75,grande rue,46.309,1.667,Nuit avec éclairage allumé,En agglomération,Hors intersection,Normale,Autre collision,,,,,,,,,,,5,2,1,1.0,6.0
201100005740,0011-02-04 09:00:00,11,2,4,9,0,230,220,,46.023,2.143,Nuit sans éclairage public,Hors agglomération,Hors intersection,Normale,Autre collision,,,,,,,,,,,3,1,1,1.0,6.0
201100005741,0011-02-16 10:00:00,11,2,16,10,0,230,229,,,,Plein jour,Hors agglomération,Hors intersection,Pluie légère,Deux véhicules - côté,,,,,,,,,,,1,1,1,2.0,3.0
201100005742,0011-04-01 15:15:00,11,4,1,15,15,230,8,,45.964,2.195,Plein jour,Hors agglomération,Intersection en X,Normale,Trois véhicules et plus - en chaîne,,,,,,,,,,,1,1,2,1.0,4.0
201100005743,0011-05-13 12:45:00,11,5,13,12,45,230,60,,45.974,1.974,Plein jour,Hors agglomération,Hors intersection,Normale,Autre collision,,,,,,,,,,,1,1,1,1.0,6.0
201100005744,0011-05-28 15:00:00,11,5,28,15,0,230,180,,45.954,2.229,Plein jour,Hors agglomération,Hors intersection,Normale,Deux véhicules - arrière,,,,,,,,,,,1,1,1,1.0,2.0
201100005745,0011-06-18 19:45:00,11,6,18,19,45,230,180,,45.987,2.214,Plein jour,Hors agglomération,Hors intersection,Normale,Deux véhicules - frontale,,,,,,,,,,,1,1,1,1.0,1.0
201100005746,0011-08-12 12:45:00,11,8,12,12,45,230,220,,46.032,2.159,Plein jour,Hors agglomération,Hors intersection,Normale,Deux véhicules - frontale,,,,,,,,,,,1,1,1,1.0,1.0
201100005747,0011-08-26 08:00:00,11,8,26,8,0,230,97,,,,Crépuscule ou aube,Hors agglomération,Intersection en X,Pluie forte,Deux véhicules - frontale,,,,,,,,,,,2,1,2,3.0,1.0
201100005748,0011-08-28 16:00:00,11,8,28,16,0,230,16,,45.936,1.993,Plein jour,Hors agglomération,Intersection en X,Normale,Deux véhicules - frontale,,,,,,,,,,,1,1,2,1.0,1.0
201100005749,0011-09-28 17:15:00,11,9,28,17,15,230,228,,45.935,2.237,Plein jour,Hors agglomération,Intersection en X,Normale,Deux véhicules - côté,,,,,,,,,,,1,1,2,1.0,3.0
201100005750,0011-10-03 18:00:00,11,10,3,18,0,230,8,23200,,,Plein jour,En agglomération,Hors intersection,Temps éblouissant,Autre collision,,,,,,,,,,,1,2,1,7.0,6.0
201100005751,0011-12-05 19:45:00,11,12,5,19,45,230,97,,46.083,2.191,Nuit sans éclairage public,Hors agglomération,Hors intersection,Pluie forte,Trois véhicules et plus - en chaîne,,,,,,,,,,,3,1,1,3.0,4.0
201100005752,0011-07-03 11:20:00,11,7,3,11,20,230,73,,,,Plein jour,Hors agglomération,Hors intersection,Normale,Autre collision,,,,,,,,,,,1,1,1,1.0,6.0
201100005753,0011-07-31 06:30:00,11,7,31,6,30,230,116,Entr?e MAINSAT D4,46.053,2.392,Crépuscule ou aube,En agglomération,Hors intersection,Normale,Autre collision,,,,,,,,,,,2,2,1,1.0,6.0
201100005754,0011-08-09 16:00:00,11,8,9,16,0,230,13,,46.024,2.49,Plein jour,Hors agglomération,Hors intersection,Temps éblouissant,Autre collision,,,,,,,,,,,1,1,1,7.0,6.0
201100005755,0011-09-28 09:00:00,11,9,28,9,0,230,225,,,,Plein jour,Hors agglomération,Hors intersection,Normale,Deux véhicules - frontale,,,,,,,,,,,1,1,1,1.0,1.0
201100005756,0011-10-31 03:00:00,11,10,31,3,0,230,48,,46.01,2.303,Nuit sans éclairage public,Hors agglomération,Hors intersection,Normale,Sans collision,,,,,,,,,,,3,1,1,1.0,7.0
201100005757,0011-04-15 07:45:00,11,4,15,7,45,230,125,,45.744,2.143,Plein jour,Hors agglomération,Hors intersection,Normale,Autre collision,,,,,,,,,,,1,1,1,1.0,6.0
201100005758,0011-05-06 12:15:00,11,5,6,12,15,230,125,,45.734,2.205,Plein jour,Hors agglomération,Hors intersection,Normale,Deux véhicules - côté,,,,,,,,,,,1,1,1,1.0,3.0
201100005759,0011-12-14 06:45:00,11,12,14,6,45,230,124,,46.108,1.6,Nuit sans éclairage public,Hors agglomération,Hors intersection,Vent fort / tempête,Autre collision,,,,,,,,,,,3,1,1,6.0,6.0
201100005760,0011-04-16 19:45:00,11,4,16,19,45,230,30,les planèzes,45.951,1.756,Plein jour,En agglomération,Hors intersection,Normale,Autre collision,,,,,,,,,,,1,2,1,1.0,6.0
201100005761,0011-06-21 11:30:00,11,6,21,11,30,230,30,27 Rue de Verdun,,,Plein jour,En agglomération,Hors intersection,Normale,Autre collision,,,,,,,,,,,1,2,1,1.0,6.0
201100005762,0011-08-26 18:30:00,11,8,26,18,30,230,230,,45.941,1.652,Plein jour,Hors agglomération,Hors intersection,Pluie légère,Trois véhicules et plus - collisions multiples,,,,,,,,,,,1,1,1,2.0,5.0
201100005763,0011-10-12 14:00:00,11,10,12,14,0,230,181,,45.94,1.67,Plein jour,Hors agglomération,Hors intersection,Normale,Deux véhicules - frontale,,,,,,,,,,,1,1,1,1.0,1.0
201100005764,0011-03-21 16:45:00,11,3,21,16,45,310,44,RD 66 - ROUTE DE GAURE,,,Plein jour,En agglomération,Hors intersection,Normale,Deux véhicules - côté,,,,,,,,,,,1,2,1,1.0,3.0
201100005765,0011-06-23 14:15:00,11,6,23,14,15,310,29,lieudit la secrétarie,43.55,1.702,Plein jour,Hors agglomération,Hors intersection,Temps couvert,Autre collision,,,,,,,,,,,1,1,1,8.0,6.0
201100005766,0011-07-02 11:15:00,11,7,2,11,15,310,501,,43.66339,1.6072,Plein jour,Hors agglomération,Intersection en X,Normale,Trois véhicules et plus - collisions multiples,,,,,,,,,,,1,1,2,1.0,5.0
201100005767,0011-07-24 02:30:00,11,7,24,2,30,310,439,,43.526,1.64,Nuit sans éclairage public,Hors agglomération,Hors intersection,Normale,Autre collision,,,,,,,,,,,3,1,1,1.0,6.0
201100005768,0011-09-05 20:00:00,11,9,5,20,0,310,573,2 chemin de Ronde,43.662,1.662,Plein jour,En agglomération,Intersection en T,Normale,Deux véhicules - frontale,,,,,,,,,,,1,2,3,1.0,1.0
201100005769,0011-09-28 22:00:00,11,9,28,22,0,310,389,44 ROUTE DE LAVAUR,43.64333,1.52164,Nuit avec éclairage allumé,En agglomération,Hors intersection,Normale,Autre collision,,,,,,,,,,,5,2,1,1.0,6.0
201100005770,0011-09-30 11:45:00,11,9,30,11,45,310,163,,,,Plein jour,Hors agglomération,Hors intersection,Normale,Trois véhicules et plus - collisions multiples,,,,,,,,,,,1,1,1,1.0,5.0
201100005771,0011-09-30 12:45:00,11,9,30,12,45,310,29,,43.551,1.702,Plein jour,Hors agglomération,Hors intersection,Normale,Deux véhicules - frontale,,,,,,,,,,,1,1,1,1.0,1.0
201100005772,0011-12-06 18:15:00,11,12,6,18,15,310,389,route de toulouse,43.62987,1.53593,Nuit avec éclairage allumé,En agglomération,Hors intersection,Pluie légère,Deux véhicules - côté,,,,,,,,,,,5,2,1,2.0,3.0
201100005773,0011-12-16 09:15:00,11,12,16,9,15,310,573,,43.654,1.65021,Nuit sans éclairage public,Hors agglomération,Giratoire,Pluie légère,Sans collision,,,,,,,,,,,3,1,6,2.0,7.0
201100005774,0011-02-01 19:45:00,11,2,1,19,45,310,4,,43.418,1.58,Nuit sans éclairage public,Hors agglomération,Hors intersection,Normale,Deux véhicules - frontale,,,,,,,,,,,3,1,1,1.0,1.0
201100005775,0011-02-15 08:45:00,11,2,15,8,45,310,192,,43.508,1.62,Plein jour,En agglomération,Hors intersection,Normale,Deux véhicules - frontale,,,,,,,,,,,1,2,1,1.0,1.0
201100005776,0011-04-03 13:45:00,11,4,3,13,45,310,113,11 rue du Broc,,,Plein jour,En agglomération,Hors intersection,Normale,Autre collision,,,,,,,,,,,1,2,1,1.0,6.0
201100005777,0011-04-08 18:30:00,11,4,8,18,30,310,575,,43.5244,1.42558,Plein jour,Hors agglomération,Hors intersection,Normale,Deux véhicules - côté,,,,,,,,,,,1,1,1,1.0,3.0
201100005778,0011-05-09 17:30:00,11,5,9,17,30,310,25,,,,Plein jour,Hors agglomération,Hors intersection,Temps éblouissant,Deux véhicules - frontale,,,,,,,,,,,1,1,1,7.0,1.0
201100005779,0011-05-14 02:00:00,11,5,14,2,0,310,448,,,,Nuit sans éclairage public,Hors agglomération,Hors intersection,Normale,Autre collision,,,,,,,,,,,3,1,1,1.0,6.0
201100005780,0011-10-07 06:45:00,11,10,7,6,45,310,48,,43.451,1.638,Nuit sans éclairage public,Hors agglomération,Hors intersection,Normale,Deux véhicules - côté,,,,,,,,,,,3,1,1,1.0,3.0
201100005781,0011-10-27 16:00:00,11,10,27,16,0,310,259,,,,Plein jour,Hors agglomération,Hors intersection,Vent fort / tempête,Deux véhicules - frontale,,,,,,,,,,,1,1,1,6.0,1.0
201100005782,0011-11-03 12:00:00,11,11,3,12,0,310,169,,,,Plein jour,Hors agglomération,Hors intersection,Vent fort / tempête,Deux véhicules - côté,,,,,,,,,,,1,1,1,6.0,3.0
201100005783,0011-12-13 08:30:00,11,12,13,8,30,310,169,113 av de Toulouse,43.52255,1.54257,Plein jour,En agglomération,Hors intersection,Normale,Deux véhicules - frontale,,,,,,,,,,,1,2,1,1.0,1.0
201100005784,0011-03-07 17:15:00,11,3,7,17,15,310,584,2010 route de Toulouse,,,Plein jour,Hors agglomération,Hors intersection,Normale,Autre collision,,,,,,,,,,,1,1,1,1.0,6.0
201100005785,0011-03-20 17:45:00,11,3,20,17,45,310,583,,,,Plein jour,Hors agglomération,Hors intersection,Normale,Deux véhicules - frontale,,,,,,,,,,,1,1,1,1.0,1.0
201100005786,0011-04-02 02:30:00,11,4,2,2,30,310,202,cote de Balochan,43.837,1.39,Nuit avec éclairage non allumé,En agglomération,Hors intersection,Normale,Autre collision,,,,,,,,,,,4,2,1,1.0,6.0
201100005787,0011-04-02 19:45:00,11,4,2,19,45,310,584,,,,Crépuscule ou aube,Hors agglomération,Intersection en X,Normale,Deux véhicules - côté,,,,,,,,,,,2,1,2,1.0,3.0
201100005788,0011-04-02 19:30:00,11,4,2,19,30,310,584,,,,Plein jour,Hors agglomération,Hors intersection,Normale,Autre collision,,,,,,,,,,,1,1,1,1.0,6.0
201100005789,0011-04-20 12:45:00,11,4,20,12,45,310,584,rue v.hugo/rue debussy,43.863,1.49563,Plein jour,En agglomération,Intersection en X,Normale,Deux véhicules - côté,,,,,,,,,,,1,2,2,1.0,3.0
201100005790,0011-05-03 21:45:00,11,5,3,21,45,310,583,,43.362,1.84,Nuit avec éclairage allumé,Hors agglomération,Intersection en T,Normale,Deux véhicules - côté,,,,,,,,,,,5,1,3,1.0,3.0
201100005791,0011-05-08 19:30:00,11,5,8,19,30,310,581,route de villematier,43.8206,1.45398,Plein jour,Hors agglomération,Hors intersection,Normale,Autre collision,,,,,,,,,,,1,1,1,1.0,6.0
201100005792,0011-06-10 20:15:00,11,6,10,20,15,310,118,Avenue de Montauban,43.78615,1.35366,Plein jour,En agglomération,Hors intersection,Normale,Sans collision,,,,,,,,,,,1,2,1,1.0,7.0
201100005793,0011-07-18 10:45:00,11,7,18,10,45,310,584,,,,Plein jour,Hors agglomération,Hors intersection,Normale,Autre collision,,,,,,,,,,,1,1,1,1.0,6.0
201100005794,0011-07-27 14:15:00,11,7,27,14,15,310,587,,,,Plein jour,Hors agglomération,Intersection en X,Normale,Deux véhicules - côté,,,,,,,,,,,1,1,2,1.0,3.0
201100005795,0011-08-02 05:00:00,11,8,2,5,0,310,584,,,,Nuit sans éclairage public,Hors agglomération,Hors intersection,Normale,Trois véhicules et plus - collisions multiples,,,,,,,,,,,3,1,1,1.0,5.0
201100005796,0011-11-18 04:45:00,11,11,18,4,45,310,79,rue du Fontanas/Vig?,,,Nuit avec éclairage allumé,En agglomération,Hors intersection,Normale,Autre collision,,,,,,,,,,,5,2,1,1.0,6.0
201100005797,0011-12-05 21:00:00,11,12,5,21,0,310,579,,,,Nuit avec éclairage allumé,Hors agglomération,Intersection en X,Pluie légère,Deux véhicules - côté,,,,,,,,,,,5,1,2,2.0,3.0
201100005798,0011-01-05 17:15:00,11,1,5,17,15,310,160,,,,Nuit sans éclairage public,Hors agglomération,Hors intersection,Normale,Autre collision,,,,,,,,,,,3,1,1,1.0,6.0
201100005799,0011-01-22 19:30:00,11,1,22,19,30,310,232,chemin d'empradines,,,Nuit sans éclairage public,Hors agglomération,Hors intersection,Normale,Sans collision,,,,,,,,,,,3,1,1,1.0,7.0
201100005800,0011-02-05 15:30:00,11,2,5,15,30,310,356,D1 - PK 26+100,,,Plein jour,En agglomération,Hors intersection,Normale,Deux véhicules - frontale,,,,,,,,,,,1,2,1,1.0,1.0
201100005801,0011-02-14 09:00:00,11,2,14,9,0,310,341,,,,Plein jour,Hors agglomération,Hors intersection,Pluie légère,Autre collision,,,,,,,,,,,1,1,1,2.0,6.0
201100005802,0011-02-23 07:45:00,11,2,23,7,45,310,232,COURS VALMY,,,Plein jour,En agglomération,Hors intersection,Temps couvert,Deux véhicules - côté,,,,,,,,,,,1,2,1,8.0,3.0
201100005803,0011-02-24 06:45:00,11,2,24,6,45,310,232,,,,Nuit sans éclairage public,Hors agglomération,Intersection en T,Temps couvert,Deux véhicules - côté,,,,,,,,,,,3,1,3,8.0,3.0
201100005804,0011-03-23 19:00:00,11,3,23,19,0,310,356,,,,Plein jour,Hors agglomération,Hors intersection,Normale,Autre collision,,,,,,,,,,,1,1,1,1.0,6.0
201100005805,0011-04-08 10:15:00,11,4,8,10,15,310,356,RN224- Ch Notre Dame,43.68915,1.23516,Plein jour,En agglomération,Intersection en T,Temps éblouissant,Deux véhicules - côté,,,,,,,,,,,1,2,3,7.0,3.0
201100005806,0011-04-11 20:30:00,11,4,11,20,30,310,120,,,,Nuit sans éclairage public,Hors agglomération,Hors intersection,Normale,Autre collision,,,,,,,,,,,3,1,1,1.0,6.0
201100005807,0011-05-02 20:00:00,11,5,2,20,0,310,553,,43.7049,1.17358,Plein jour,Hors agglomération,Hors intersection,Normale,Sans collision,,,,,,,,,,,1,1,1,1.0,7.0
201100005808,0011-05-10 13:45:00,11,5,10,13,45,310,232,1165 route de launac,43.76726,1.26169,Plein jour,Hors agglomération,Hors intersection,Normale,Deux véhicules - côté,,,,,,,,,,,1,1,1,1.0,3.0
201100005809,0011-05-11 14:30:00,11,5,11,14,30,310,592,,,,Plein jour,Hors agglomération,Intersection en X,Temps éblouissant,Deux véhicules - côté,,,,,,,,,,,1,1,2,7.0,3.0
201100005810,0011-06-25 22:30:00,11,6,25,22,30,310,341,114 AVENUE DU 8 MAI 45,43.72197,1.29833,Nuit avec éclairage allumé,En agglomération,Hors intersection,Normale,Autre collision,,,,,,,,,,,5,2,1,1.0,6.0
201100005811,0011-06-29 20:00:00,11,6,29,20,0,310,553,route de thil,43.6828,1.1702,Plein jour,Hors agglomération,Hors intersection,Normale,Deux véhicules - frontale,,,,,,,,,,,1,1,1,1.0,1.0
201100005812,0011-07-22 09:15:00,11,7,22,9,15,310,341,route de toulouse,,,Plein jour,Hors agglomération,Hors intersection,Normale,Autre collision,,,,,,,,,,,1,1,1,1.0,6.0
201100005813,0011-07-23 01:15:00,11,7,23,1,15,310,507,,43.7099,1.22788,Nuit sans éclairage public,Hors agglomération,Hors intersection,Normale,Autre collision,,,,,,,,,,,3,1,1,1.0,6.0
201100005814,0011-08-13 18:00:00,11,8,13,18,0,310,232,,,,Plein jour,Hors agglomération,Hors intersection,Normale,Deux véhicules - frontale,,,,,,,,,,,1,1,1,1.0,1.0
201100005815,0011-09-15 04:00:00,11,9,15,4,0,310,232,,,,Nuit sans éclairage public,Hors agglomération,Hors intersection,Normale,Autre collision,,,,,,,,,,,3,1,1,1.0,6.0
201100005816,0011-09-18 18:00:00,11,9,18,18,0,310,341,,,,Plein jour,Hors agglomération,Hors intersection,Normale,Autre collision,,,,,,,,,,,1,1,1,1.0,6.0
201100005817,0011-10-01 10:45:00,11,10,1,10,45,310,89,,,,Plein jour,Hors agglomération,Hors intersection,Normale,Autre collision,,,,,,,,,,,1,1,1,1.0,6.0
201100005818,0011-10-04 21:00:00,11,10,4,21,0,310,232,all?e s?bastopole,,,Nuit avec éclairage allumé,En agglomération,Hors intersection,Normale,Autre collision,,,,,,,,,,,5,2,1,1.0,6.0
201100005819,0011-10-17 10:15:00,11,10,17,10,15,310,232,Avenue de Gascogne,43.77038,1.28674,Plein jour,En agglomération,Giratoire,Normale,Deux véhicules - côté,,,,,,,,,,,1,2,6,1.0,3.0
201100005820,0011-10-21 07:00:00,11,10,21,7,0,310,232,chemin de montagne,43.7492,1.30564,Crépuscule ou aube,Hors agglomération,Intersection en Y,Normale,Autre collision,,,,,,,,,,,2,1,4,1.0,6.0
201100005821,0011-10-25 01:45:00,11,10,25,1,45,310,341,,,,Nuit sans éclairage public,Hors agglomération,Hors intersection,Temps couvert,Autre collision,,,,,,,,,,,3,1,1,8.0,6.0
201100005822,0011-11-10 06:45:00,11,11,10,6,45,310,281,,43.7363,1.19429,Nuit sans éclairage public,Hors agglomération,Hors intersection,Brouillard / fumée,Autre collision,,,,,,,,,,,3,1,1,5.0,6.0
201100005823,0011-11-17 08:00:00,11,11,17,8,0,310,341,rte de l'hippodrome,43.73101,1.29206,Plein jour,Hors agglomération,Hors intersection,Normale,Deux véhicules - frontale,,,,,,,,,,,1,1,1,1.0,1.0
201100005824,0011-11-19 17:00:00,11,11,19,17,0,310,232,al lorraine/rue villaret,43.77082,1.29604,Plein jour,En agglomération,Intersection en X,Normale,Deux véhicules - côté,,,,,,,,,,,1,2,2,1.0,3.0
201100005825,0011-12-04 05:00:00,11,12,4,5,0,310,403,,,,Nuit sans éclairage public,Hors agglomération,Hors intersection,Pluie légère,Deux véhicules - frontale,,,,,,,,,,,3,1,1,2.0,1.0
201100005826,0011-12-14 06:45:00,11,12,14,6,45,310,232,Avenue Kennedy,,,Nuit avec éclairage allumé,En agglomération,Hors intersection,Normale,Autre collision,,,,,,,,,,,5,2,1,1.0,6.0
201100005827,0011-12-29 11:45:00,11,12,29,11,45,310,403,,43.78108,1.30543,Plein jour,Hors agglomération,Hors intersection,Normale,Deux véhicules - côté,,,,,,,,,,,1,1,1,1.0,3.0
201100005828,0011-02-03 17:45:00,11,2,3,17,45,310,291,Carref Bearn/Austerlitz,43.602,1.231,Plein jour,En agglomération,Hors intersection,Normale,Deux véhicules - côté,,,,,,,,,,,1,2,1,1.0,3.0
201100005829,0011-04-22 20:15:00,11,4,22,20,15,310,297,,43.67,1.195,Plein jour,En agglomération,Hors intersection,Normale,Autre collision,,,,,,,,,,,1,2,1,1.0,6.0
201100005830,0011-04-22 19:15:00,11,4,22,19,15,310,297,avenue de Bouconne,43.669,1.195,Plein jour,En agglomération,Autre intersection,Normale,Autre collision,,,,,,,,,,,1,2,9,1.0,6.0
201100005831,0011-04-28 03:15:00,11,4,28,3,15,310,291,52 route de Gascogne,43.604,1.234,Nuit avec éclairage allumé,En agglomération,Hors intersection,Normale,Autre collision,,,,,,,,,,,5,2,1,1.0,6.0
201100005832,0011-06-04 18:00:00,11,6,4,18,0,310,417,,43.61878,1.25281,Plein jour,Hors agglomération,Hors intersection,Normale,Deux véhicules - côté,,,,,,,,,,,1,1,1,1.0,3.0
201100005833,0011-06-25 20:45:00,11,6,25,20,45,310,291,,43.593,1.228,Plein jour,Hors agglomération,Hors intersection,Normale,Sans collision,,,,,,,,,,,1,1,1,1.0,7.0
201100005834,0011-09-11 17:45:00,11,9,11,17,45,310,291,Rue d'Austerlitz,,,Plein jour,En agglomération,Hors intersection,Normale,Deux véhicules - côté,,,,,,,,,,,1,2,1,1.0,3.0
201100005835,0011-10-12 21:30:00,11,10,12,21,30,310,291,avenue de carreli,43.60393,1.23022,Nuit avec éclairage allumé,En agglomération,Giratoire,Normale,Sans collision,,,,,,,,,,,5,2,6,1.0,7.0
201100005836,0011-02-09 13:00:00,11,2,9,13,0,310,458,RD42,43.511,1.361,Plein jour,En agglomération,Hors intersection,Normale,Deux véhicules - frontale,,,,,,,,,,,1,2,1,1.0,1.0
201100005837,0011-02-14 07:30:00,11,2,14,7,30,310,433,11 ALLEE PABLO PICASSO,43.53656,1.4104,Crépuscule ou aube,En agglomération,Hors intersection,Pluie légère,Deux véhicules - frontale,,,,,,,,,,,2,2,1,2.0,1.0
201100005838,0011-03-05 10:30:00,11,3,5,10,30,310,433,62 ancienne rte impérial,43.5221,1.39874,Plein jour,En agglomération,Hors intersection,Normale,Deux véhicules - côté,,,,,,,,,,,1,2,1,1.0,3.0
201100005839,0011-03-12 04:30:00,11,3,12,4,30,310,458,,43.514,1.37384,Nuit sans éclairage public,Hors agglomération,Hors intersection,Vent fort / tempête,Autre collision,,,,,,,,,,,3,1,1,6.0,6.0
201100005840,0011-04-08 17:30:00,11,4,8,17,30,310,433,AVENUE DE PALARIN,43.52,1.39,Plein jour,En agglomération,Hors intersection,Temps éblouissant,Deux véhicules - frontale,,,,,,,,,,,1,2,1,7.0,1.0
201100005841,0011-06-01 08:00:00,11,6,1,8,0,310,433,r seysses/r francazal,43.544,1.375,Plein jour,Hors agglomération,Intersection en T,Temps éblouissant,Deux véhicules - côté,,,,,,,,,,,1,1,3,7.0,3.0
201100005842,0011-06-14 14:15:00,11,6,14,14,15,310,433,,43.521,1.386,Plein jour,Hors agglomération,Hors intersection,Normale,Deux véhicules - arrière,,,,,,,,,,,1,1,1,1.0,2.0
201100005843,0011-07-17 17:30:00,11,7,17,17,30,310,433,,43.547,1.413,Plein jour,En agglomération,Hors intersection,Normale,Autre collision,,,,,,,,,,,1,2,1,1.0,6.0
201100005844,0011-08-05 04:15:00,11,8,5,4,15,310,433,,,,Nuit sans éclairage public,Hors agglomération,Hors intersection,Normale,Deux véhicules - arrière,,,,,,,,,,,3,1,1,1.0,2.0
201100005845,0011-09-23 18:00:00,11,9,23,18,0,310,420,,43.501,1.39,Plein jour,Hors agglomération,Hors intersection,Normale,Trois véhicules et plus - collisions multiples,,,,,,,,,,,1,1,1,1.0,5.0
201100005846,0011-12-20 09:15:00,11,12,20,9,15,310,420,,43.4954,1.39421,Plein jour,Hors agglomération,Hors intersection,Pluie légère,Deux véhicules - arrière,,,,,,,,,,,1,1,1,2.0,2.0
201100005847,0011-01-15 04:45:00,11,1,15,4,45,310,490,,43.725,1.373,Nuit sans éclairage public,Hors agglomération,Hors intersection,Normale,Deux véhicules - arrière,,,,,,,,,,,3,1,1,1.0,2.0
201100005848,0011-02-12 03:00:00,11,2,12,3,0,310,490,route de paris,43.732,1.381,Nuit avec éclairage allumé,Hors agglomération,Hors intersection,Normale,Autre collision,,,,,,,,,,,5,1,1,1.0,6.0
201100005849,0011-04-09 07:00:00,11,4,9,7,0,310,79,,43.796,1.415,Crépuscule ou aube,Hors agglomération,Hors intersection,Normale,Deux véhicules - frontale,,,,,,,,,,,2,1,1,1.0,1.0
201100005850,0011-05-23 18:15:00,11,5,23,18,15,310,182,rond point,,,Plein jour,Hors agglomération,Giratoire,Normale,Deux véhicules - frontale,,,,,,,,,,,1,1,6,1.0,1.0
201100005851,0011-08-01 14:30:00,11,8,1,14,30,310,182,route de gagnac/g,43.6905,1.3752,Plein jour,En agglomération,Hors intersection,Normale,Autre collision,,,,,,,,,,,1,2,1,1.0,6.0
201100005852,0011-08-19 15:45:00,11,8,19,15,45,310,252,,43.736,1.488,Plein jour,Hors agglomération,Hors intersection,Normale,Deux véhicules - arrière,,,,,,,,,,,1,1,1,1.0,2.0
201100005853,0011-08-24 14:15:00,11,8,24,14,15,310,136,,,,Plein jour,Hors agglomération,Hors intersection,Normale,Deux véhicules - côté,,,,,,,,,,,1,1,1,1.0,3.0
201100005854,0011-09-02 11:00:00,11,9,2,11,0,310,182,rue des usines,,,Plein jour,En agglomération,Hors intersection,Normale,Deux véhicules - frontale,,,,,,,,,,,1,2,1,1.0,1.0
201100005855,0011-11-13 16:00:00,11,11,13,16,0,310,182,,43.6901,1.39673,Plein jour,Hors agglomération,Hors intersection,Normale,Autre collision,,,,,,,,,,,1,1,1,1.0,6.0
201100005856,0011-11-24 23:30:00,11,11,24,23,30,310,136,,,,Nuit avec éclairage non allumé,Hors agglomération,Hors intersection,Brouillard / fumée,Autre collision,,,,,,,,,,,4,1,1,5.0,6.0
201100005857,0011-11-27 18:30:00,11,11,27,18,30,310,182,23 rue de l'Eglise,43.68088,1.38545,Nuit avec éclairage allumé,En agglomération,Hors intersection,Normale,Deux véhicules - frontale,,,,,,,,,,,5,2,1,1.0,1.0
201100005858,0011-01-13 08:45:00,11,1,13,8,45,310,484,,,,Plein jour,Hors agglomération,Hors intersection,Temps couvert,Deux véhicules - frontale,,,,,,,,,,,1,1,1,8.0,1.0
201100005859,0011-02-03 13:00:00,11,2,3,13,0,310,459,rte de saint sulpice,,,Plein jour,Hors agglomération,Hors intersection,Temps couvert,Autre collision,,,,,,,,,,,1,1,1,8.0,6.0
201100005860,0011-02-25 15:15:00,11,2,25,15,15,310,407,Route de Montastruc,43.75572,1.55965,Plein jour,En agglomération,Hors intersection,Normale,Sans collision,,,,,,,,,,,1,2,1,1.0,7.0