accident_id,datetime,annee,mois,jour,heure,minute,departement,commune_insee,adresse,latitude,longitude,luminosite,agglomeration,intersection,meteo,collision,nb_vehicules,nb_usagers,nb_indemnes,nb_tues,nb_blesses_hosp,nb_blesses_legers,age_cond_1,age_cond_2,veh_type_cond_1,veh_type_cond_2,lum_code,agg_code,int_code,atm_code,col_code
201100005861,0011-03-18 06:15:00,11,3,18,6,15,310,273,,,,Crépuscule ou aube,Hors agglomération,Hors intersection,Normale,Autre collision,,,,,,,,,,,2,1,1,1.0,6.0
201100005862,0011-05-01 06:00:00,11,5,1,6,0,310,462,RD888,,,Crépuscule ou aube,En agglomération,Hors intersection,Normale,Autre collision,,,,,,,,,,,2,2,1,1.0,6.0
201100005863,0011-10-29 05:15:00,11,10,29,5,15,310,117,,,,Nuit sans éclairage public,Hors agglomération,Hors intersection,Normale,Autre collision,,,,,,,,,,,3,1,1,1.0,6.0
201100005864,0011-02-18 17:30:00,11,2,18,17,30,310,395,,43.4499,1.27641,Plein jour,Hors agglomération,Hors intersection,Normale,Trois véhicules et plus - collisions multiples,,,,,,,,,,,1,1,1,1.0,5.0
201100005865,0011-04-18 15:30:00,11,4,18,15,30,310,395,RD56/RD12,43.44873,1.33647,Plein jour,Hors agglomération,Intersection en T,Normale,Deux véhicules - côté,,,,,,,,,,,1,1,3,1.0,3.0
201100005866,0011-05-01 04:15:00,11,5,1,4,15,310,395,avenue saint germier,43.466,1.32,Nuit avec éclairage allumé,En agglomération,Hors intersection,Normale,Autre collision,,,,,,,,,,,5,2,1,1.0,6.0
201100005867,0011-05-19 09:15:00,11,5,19,9,15,310,533,ch du chant du ruisseau,43.4819,1.36852,Plein jour,Hors agglomération,Hors intersection,Normale,Autre collision,,,,,,,,,,,1,1,1,1.0,6.0
201100005868,0011-07-22 14:00:00,11,7,22,14,0,310,165,avenue de la Mairie,43.4231,1.35566,Plein jour,En agglomération,Hors intersection,Normale,Deux véhicules - frontale,,,,,,,,,,,1,2,1,1.0,1.0
201100005869,0011-09-08 19:30:00,11,9,8,19,30,310,248,648 rte du plantaurel,43.46794,1.39783,Plein jour,Hors agglomération,Hors intersection,Normale,Deux véhicules - côté,,,,,,,,,,,1,1,1,1.0,3.0
201100005870,0011-09-19 16:30:00,11,9,19,16,30,310,395,,,,Plein jour,Hors agglomération,Hors intersection,Normale,Autre collision,,,,,,,,,,,1,1,1,1.0,6.0
201100005871,0011-10-03 19:30:00,11,10,3,19,30,310,395,,,,Plein jour,Hors agglomération,Hors intersection,Normale,Deux véhicules - frontale,,,,,,,,,,,1,1,1,1.0,1.0
201100005872,0011-10-06 17:15:00,11,10,6,17,15,310,299,,,,Plein jour,Hors agglomération,Hors intersection,Normale,Deux véhicules - frontale,,,,,,,,,,,1,1,1,1.0,1.0
201100005873,0011-11-18 16:00:00,11,11,18,16,0,310,395,rte de labastidette,43.4705,1.25418,Plein jour,Hors agglomération,Hors intersection,Normale,Deux véhicules - arrière,,,,,,,,,,,1,1,1,1.0,2.0
201100005874,0011-01-15 00:30:00,11,1,15,0,30,310,330,,,,Nuit sans éclairage public,Hors agglomération,Hors intersection,Normale,Autre collision,,,,,,,,,,,3,1,1,1.0,6.0
201100005875,0011-03-12 09:45:00,11,3,12,9,45,310,145,,,,Plein jour,Hors agglomération,Hors intersection,Vent fort / tempête,Trois véhicules et plus - collisions multiples,,,,,,,,,,,1,1,1,6.0,5.0
201100005876,0011-04-01 18:30:00,11,4,1,18,30,310,128,,,,Plein jour,Hors agglomération,Hors intersection,Normale,Autre collision,,,,,,,,,,,1,1,1,1.0,6.0
201100005877,0011-04-12 06:15:00,11,4,12,6,15,310,33,27 route de Nailloux,,,Nuit avec éclairage non allumé,En agglomération,Intersection en Y,Normale,Deux véhicules - côté,,,,,,,,,,,4,2,4,1.0,3.0
201100005878,0011-05-15 11:30:00,11,5,15,11,30,310,33,Place de la Madeleine,43.35099,1.47409,Plein jour,En agglomération,Place,Normale,Autre collision,,,,,,,,,,,1,2,7,1.0,6.0
201100005879,0011-06-04 17:45:00,11,6,4,17,45,310,574,562 rue de l'Eglise,43.43733,1.42892,Plein jour,En agglomération,Hors intersection,Normale,Autre collision,,,,,,,,,,,1,2,1,1.0,6.0
201100005880,0011-06-11 00:30:00,11,6,11,0,30,310,33,Allée du Grand Ramier,43.35034,1.4765,Nuit avec éclairage allumé,En agglomération,Hors intersection,Pluie légère,Autre collision,,,,,,,,,,,5,2,1,2.0,6.0
201100005881,0011-07-18 09:30:00,11,7,18,9,30,310,396,16 avenue F. Mitterrand,,,Plein jour,En agglomération,Hors intersection,Normale,Deux véhicules - arrière,,,,,,,,,,,1,2,1,1.0,2.0
201100005882,0011-08-05 13:00:00,11,8,5,13,0,310,33,Rue Jean JAURES,,,Plein jour,En agglomération,Hors intersection,Normale,Autre collision,,,,,,,,,,,1,2,1,1.0,6.0
201100005883,0011-09-03 20:30:00,11,9,3,20,30,310,100,,,,Nuit sans éclairage public,Hors agglomération,Hors intersection,Pluie légère,Autre collision,,,,,,,,,,,3,1,1,2.0,6.0
201100005884,0011-09-29 14:30:00,11,9,29,14,30,310,345,,,,Plein jour,Hors agglomération,Hors intersection,Normale,Autre collision,,,,,,,,,,,1,1,1,1.0,6.0
201100005885,0011-10-24 19:45:00,11,10,24,19,45,310,33,Route de TOULOUSE,43.35069,1.4706,Nuit avec éclairage allumé,En agglomération,Hors intersection,Pluie légère,Deux véhicules - frontale,,,,,,,,,,,5,2,1,2.0,1.0
201100005886,0011-11-15 19:30:00,11,11,15,19,30,310,396,,,,Nuit sans éclairage public,Hors agglomération,Hors intersection,Pluie légère,Deux véhicules - frontale,,,,,,,,,,,3,1,1,2.0,1.0
201100005887,0011-11-23 09:15:00,11,11,23,9,15,310,396,,,,Plein jour,Hors agglomération,Hors intersection,Normale,Autre collision,,,,,,,,,,,1,1,1,1.0,6.0
201100005888,0011-01-20 09:15:00,11,1,20,9,15,310,517,Rue de la République,43.32878,1.32239,Plein jour,En agglomération,Hors intersection,Normale,Autre collision,,,,,,,,,,,1,2,1,1.0,6.0
201100005889,0011-01-31 09:15:00,11,1,31,9,15,310,303,,43.35822,1.21285,Plein jour,Hors agglomération,Hors intersection,Temps couvert,Autre collision,,,,,,,,,,,1,1,1,8.0,6.0
201100005890,0011-02-09 07:45:00,11,2,9,7,45,310,107,avenue de Toulouse,43.3,1.226,Plein jour,En agglomération,Hors intersection,Normale,Deux véhicules - côté,,,,,,,,,,,1,2,1,1.0,3.0
201100005891,0011-05-02 12:00:00,11,5,2,12,0,310,107,RD 627,43.31217,1.22222,Plein jour,En agglomération,Hors intersection,Normale,Autre collision,,,,,,,,,,,1,2,1,1.0,6.0
201100005892,0011-06-04 00:01:00,11,6,4,0,1,310,52,,43.394,1.366,Nuit sans éclairage public,Hors agglomération,Hors intersection,Normale,Autre collision,,,,,,,,,,,3,1,1,1.0,6.0
201100005893,0011-09-07 10:00:00,11,9,7,10,0,310,107,rue auriol/rue du 19 mar,43.30443,1.22938,Plein jour,En agglomération,Intersection en X,Normale,Deux véhicules - côté,,,,,,,,,,,1,2,2,1.0,3.0
201100005894,0011-10-14 11:45:00,11,10,14,11,45,310,375,Place de l'hôtel de vill,43.20639,1.22831,Plein jour,En agglomération,Hors intersection,Normale,Deux véhicules - côté,,,,,,,,,,,1,2,1,1.0,3.0
201100005895,0011-12-10 20:00:00,11,12,10,20,0,310,517,Route de Toulouse,,,Nuit avec éclairage allumé,En agglomération,Intersection en X,Normale,Deux véhicules - côté,,,,,,,,,,,5,2,2,1.0,3.0
201100005896,0011-10-12 18:30:00,11,10,12,18,30,310,349,D6J,43.252,1.042,Plein jour,En agglomération,Hors intersection,Temps éblouissant,Autre collision,,,,,,,,,,,1,2,1,7.0,6.0
201100005897,0011-11-25 21:45:00,11,11,25,21,45,310,229,,43.319,1.14,Nuit sans éclairage public,Hors agglomération,Hors intersection,Normale,Autre collision,,,,,,,,,,,3,1,1,1.0,6.0
201100005898,0011-12-13 19:45:00,11,12,13,19,45,310,193,,43.29,1.08,Nuit sans éclairage public,Hors agglomération,Hors intersection,Normale,Autre collision,,,,,,,,,,,3,1,1,1.0,6.0
201100005899,0011-02-10 10:30:00,11,2,10,10,30,310,424,17 rue charcot,43.598,1.294,Plein jour,En agglomération,Autre intersection,Normale,Deux véhicules - côté,,,,,,,,,,,1,2,9,1.0,3.0
201100005900,0011-02-10 19:00:00,11,2,10,19,0,310,499,,43.523,1.181,Nuit sans éclairage public,Hors agglomération,Hors intersection,Normale,Trois véhicules et plus - collisions multiples,,,,,,,,,,,3,1,1,1.0,5.0
201100005901,0011-03-06 18:45:00,11,3,6,18,45,310,499,avenue du Languedoc,43.517,1.183,Crépuscule ou aube,En agglomération,Hors intersection,Normale,Deux véhicules - frontale,,,,,,,,,,,2,2,1,1.0,1.0
201100005902,0011-04-10 06:30:00,11,4,10,6,30,310,499,,43.509,1.202,Crépuscule ou aube,Hors agglomération,Hors intersection,Normale,Sans collision,,,,,,,,,,,2,1,1,1.0,7.0
201100005903,0011-05-21 02:30:00,11,5,21,2,30,310,424,,43.553,1.301,Nuit sans éclairage public,Hors agglomération,Hors intersection,Normale,Sans collision,,,,,,,,,,,3,1,1,1.0,7.0
201100005904,0011-06-17 23:30:00,11,6,17,23,30,310,424,rue de hille,43.5676,1.27847,Nuit avec éclairage allumé,En agglomération,Hors intersection,Normale,Deux véhicules - côté,,,,,,,,,,,5,2,1,1.0,3.0
201100005905,0011-07-30 22:00:00,11,7,30,22,0,310,481,,43.502,1.158,Nuit sans éclairage public,Hors agglomération,Hors intersection,Normale,Autre collision,,,,,,,,,,,3,1,1,1.0,6.0
201100005906,0011-07-31 11:30:00,11,7,31,11,30,310,424,,43.5518,1.31377,Plein jour,Hors agglomération,Hors intersection,Normale,Autre collision,,,,,,,,,,,1,1,1,1.0,6.0
201100005907,0011-10-03 07:45:00,11,10,3,7,45,310,424,RUE DES MeSANGES,43.556,1.315,Crépuscule ou aube,En agglomération,Hors intersection,Normale,Deux véhicules - frontale,,,,,,,,,,,2,2,1,1.0,1.0
201100005908,0011-10-15 16:00:00,11,10,15,16,0,310,75,,43.5515,1.14473,Plein jour,Hors agglomération,Intersection en X,Normale,Deux véhicules - côté,,,,,,,,,,,1,1,2,1.0,3.0
201100005909,0011-10-26 08:00:00,11,10,26,8,0,310,188,,,,Plein jour,Hors agglomération,Hors intersection,Brouillard / fumée,Deux véhicules - côté,,,,,,,,,,,1,1,1,5.0,3.0
201100005910,0011-11-17 11:15:00,11,11,17,11,15,310,499,Avenue du Languedoc,,,Plein jour,En agglomération,Hors intersection,Normale,Autre collision,,,,,,,,,,,1,2,1,1.0,6.0
201100005911,0011-12-06 17:45:00,11,12,6,17,45,310,481,,43.49,1.14,Crépuscule ou aube,Hors agglomération,Hors intersection,Pluie légère,Deux véhicules - arrière,,,,,,,,,,,2,1,1,2.0,2.0
201100005912,0011-12-12 07:30:00,11,12,12,7,30,310,424,,43.5928,1.28556,Plein jour,Hors agglomération,Hors intersection,Normale,Trois véhicules et plus - collisions multiples,,,,,,,,,,,1,1,1,1.0,5.0
201100005913,0011-12-25 17:00:00,11,12,25,17,0,310,424,ave pyrénées/rue écoles,43.56605,1.29786,Plein jour,En agglomération,Intersection en X,Normale,Deux véhicules - côté,,,,,,,,,,,1,2,2,1.0,3.0
201100005914,0011-02-01 23:30:00,11,2,1,23,30,310,197,,,,Nuit sans éclairage public,Hors agglomération,Hors intersection,Normale,Autre collision,,,,,,,,,,,3,1,1,1.0,6.0
201100005915,0011-03-30 18:45:00,11,3,30,18,45,310,247,,43.09047,0.67423,Plein jour,Hors agglomération,Hors intersection,Normale,Autre collision,,,,,,,,,,,1,1,1,1.0,6.0
201100005916,0011-04-04 17:00:00,11,4,4,17,0,310,427,,,,Plein jour,Hors agglomération,Hors intersection,Normale,Autre collision,,,,,,,,,,,1,1,1,1.0,6.0
201100005917,0011-04-10 03:15:00,11,4,10,3,15,310,323,Route de Luchon,43.085,0.65,Nuit avec éclairage allumé,En agglomération,Hors intersection,Normale,Autre collision,,,,,,,,,,,5,2,1,1.0,6.0
201100005918,0011-04-15 23:00:00,11,4,15,23,0,310,556,,43.118,0.549,Nuit sans éclairage public,Hors agglomération,Hors intersection,Normale,Autre collision,,,,,,,,,,,3,1,1,1.0,6.0
201100005919,0011-04-17 21:00:00,11,4,17,21,0,310,43,Route de Saint-Plancard,43.202,0.567,Nuit sans éclairage public,En agglomération,Hors intersection,Normale,Autre collision,,,,,,,,,,,3,2,1,1.0,6.0
201100005920,0011-07-01 16:00:00,11,7,1,16,0,310,308,,43.0071,0.62289,Plein jour,Hors agglomération,Hors intersection,Normale,Deux véhicules - frontale,,,,,,,,,,,1,1,1,1.0,1.0
201100005921,0011-07-23 16:30:00,11,7,23,16,30,310,430,,,,Plein jour,Hors agglomération,Hors intersection,Temps couvert,Deux véhicules - côté,,,,,,,,,,,1,1,1,8.0,3.0
201100005922,0011-08-12 20:00:00,11,8,12,20,0,310,175,,,,Plein jour,Hors agglomération,Hors intersection,Normale,Deux véhicules - côté,,,,,,,,,,,1,1,1,1.0,3.0
201100005923,0011-08-20 13:30:00,11,8,20,13,30,310,289,,,,Plein jour,Hors agglomération,Hors intersection,Normale,Deux véhicules - côté,,,,,,,,,,,1,1,1,1.0,3.0
201100005924,0011-09-01 13:45:00,11,9,1,13,45,310,427,,,,Plein jour,Hors agglomération,Hors intersection,Normale,Autre collision,,,,,,,,,,,1,1,1,1.0,6.0
201100005925,0011-09-24 16:15:00,11,9,24,16,15,310,308,,43.01858,0.61981,Plein jour,Hors agglomération,Hors intersection,Normale,Autre collision,,,,,,,,,,,1,1,1,1.0,6.0
201100005926,0011-09-25 10:00:00,11,9,25,10,0,310,255,,43.0477,0.59143,Plein jour,Hors agglomération,Hors intersection,Normale,Trois véhicules et plus - en chaîne,,,,,,,,,,,1,1,1,1.0,4.0
201100005927,0011-11-11 11:15:00,11,11,11,11,15,310,535,hameau de garnere,43.03776,0.66582,Plein jour,En agglomération,Hors intersection,Temps éblouissant,Autre collision,,,,,,,,,,,1,2,1,7.0,6.0
201100005928,0011-11-19 10:30:00,11,11,19,10,30,310,246,,43.113,0.8399,Plein jour,Hors agglomération,Hors intersection,Normale,Deux véhicules - frontale,,,,,,,,,,,1,1,1,1.0,1.0
201100005929,0011-11-27 08:15:00,11,11,27,8,15,310,585,,43.11669,0.67033,Nuit sans éclairage public,Hors agglomération,Giratoire,Brouillard / fumée,Autre collision,,,,,,,,,,,3,1,6,5.0,6.0
201100005930,0011-12-23 16:00:00,11,12,23,16,0,310,246,RUE DE BARBAN,43.1,0.82,Plein jour,En agglomération,Hors intersection,Normale,Deux véhicules - frontale,,,,,,,,,,,1,2,1,1.0,1.0
201100005931,0011-02-05 10:30:00,11,2,5,10,30,310,42,avenue de toulouse,42.8041,0.59936,Plein jour,En agglomération,Hors intersection,Normale,Autre collision,,,,,,,,,,,1,2,1,1.0,6.0
201100005932,0011-05-20 17:30:00,11,5,20,17,30,310,42,rond point de la lionne,42.79509,0.59436,Plein jour,En agglomération,Giratoire,Pluie forte,Deux véhicules - frontale,,,,,,,,,,,1,2,6,3.0,1.0
201100005933,0011-07-01 18:15:00,11,7,1,18,15,310,524,,,,Plein jour,Hors agglomération,Hors intersection,Normale,Deux véhicules - arrière,,,,,,,,,,,1,1,1,1.0,2.0
201100005934,0011-09-01 11:45:00,11,9,1,11,45,310,40,,,,Plein jour,Hors agglomération,Hors intersection,Normale,Deux véhicules - arrière,,,,,,,,,,,1,1,1,1.0,2.0
201100005935,0011-10-05 13:15:00,11,10,5,13,15,310,144,,,,Plein jour,Hors agglomération,Hors intersection,Normale,Deux véhicules - frontale,,,,,,,,,,,1,1,1,1.0,1.0
201100005936,0011-11-26 17:45:00,11,11,26,17,45,310,500,,42.7704,0.62617,Nuit sans éclairage public,Hors agglomération,Hors intersection,Brouillard / fumée,Sans collision,,,,,,,,,,,3,1,1,5.0,7.0
201100005937,0011-11-29 18:30:00,11,11,29,18,30,310,142,,42.8558,0.60607,Nuit sans éclairage public,Hors agglomération,Hors intersection,Normale,Autre collision,,,,,,,,,,,3,1,1,1.0,6.0
201100005938,0011-03-15 16:45:00,11,3,15,16,45,310,28,,,,Plein jour,Hors agglomération,Hors intersection,Normale,Deux véhicules - frontale,,,,,,,,,,,1,1,1,1.0,1.0
201100005939,0011-05-12 08:45:00,11,5,12,8,45,310,412,,,,Plein jour,Hors agglomération,Hors intersection,Normale,Sans collision,,,,,,,,,,,1,1,1,1.0,7.0
201100005940,0011-09-11 18:15:00,11,9,11,18,15,310,239,,,,Plein jour,Hors agglomération,Hors intersection,Normale,Autre collision,,,,,,,,,,,1,1,1,1.0,6.0
201100005941,0011-09-13 18:15:00,11,9,13,18,15,310,121,RD3,,,Plein jour,En agglomération,Hors intersection,Normale,Autre collision,,,,,,,,,,,1,2,1,1.0,6.0
201100005942,0011-02-05 15:00:00,11,2,5,15,0,310,562,Rue de Cabiroun,43.012,0.945,Plein jour,En agglomération,Hors intersection,Normale,Sans collision,,,,,,,,,,,1,2,1,1.0,7.0
201100005943,0011-04-19 12:00:00,11,4,19,12,0,310,183,lieudit les mourères,43.096,0.912,Plein jour,Hors agglomération,Hors intersection,Normale,Autre collision,,,,,,,,,,,1,1,1,1.0,6.0
201100005944,0011-06-03 03:15:00,11,6,3,3,15,310,110,route de AUSSEING,43.138,0.979,Nuit avec éclairage allumé,En agglomération,Hors intersection,Pluie légère,Autre collision,,,,,,,,,,,5,2,1,2.0,6.0
201100005945,0011-07-06 10:45:00,11,7,6,10,45,310,296,,,,Plein jour,Hors agglomération,Hors intersection,Normale,Deux véhicules - frontale,,,,,,,,,,,1,1,1,1.0,1.0
201100005946,0011-08-08 05:30:00,11,8,8,5,30,310,183,,43.096,0.911,Nuit sans éclairage public,Hors agglomération,Hors intersection,Normale,Autre collision,,,,,,,,,,,3,1,1,1.0,6.0
201100005947,0011-09-02 15:45:00,11,9,2,15,45,310,183,,43.0752,0.88559,Plein jour,Hors agglomération,Hors intersection,Normale,Deux véhicules - côté,,,,,,,,,,,1,1,1,1.0,3.0
201100005948,0011-09-12 10:45:00,11,9,12,10,45,310,20,Intersection CD 5/CD 5B,43.0172,0.79977,Plein jour,En agglomération,Intersection en Y,Normale,Autre collision,,,,,,,,,,,1,2,4,1.0,6.0
201100005949,0011-12-25 15:30:00,11,12,25,15,30,310,110,,,,Plein jour,Hors agglomération,Hors intersection,Normale,Sans collision,,,,,,,,,,,1,1,1,1.0,7.0
201100005950,0011-05-01 02:30:00,11,5,1,2,30,310,374,,43.431,1.619,Nuit sans éclairage public,Hors agglomération,Hors intersection,Normale,Sans collision,,,,,,,,,,,3,1,1,1.0,7.0
201100005951,0011-05-01 17:15:00,11,5,1,17,15,310,55,,43.4684,1.76609,Plein jour,Hors agglomération,Hors intersection,Normale,Trois véhicules et plus - collisions multiples,,,,,,,,,,,1,1,1,1.0,5.0
201100005952,0011-06-22 19:45:00,11,6,22,19,45,310,37,,43.3627,1.80337,Plein jour,Hors agglomération,Hors intersection,Normale,Trois véhicules et plus - en chaîne,,,,,,,,,,,1,1,1,1.0,4.0
201100005953,0011-07-28 20:00:00,11,7,28,20,0,310,194,,43.57285,1.7629,Plein jour,Hors agglomération,Hors intersection,Normale,Autre collision,,,,,,,,,,,1,1,1,1.0,6.0
201100005954,0011-09-19 15:00:00,11,9,19,15,0,310,582,01 ave de Carcassonne,43.39496,1.72116,Plein jour,En agglomération,Hors intersection,Normale,Autre collision,,,,,,,,,,,1,2,1,1.0,6.0
201100005955,0011-01-27 18:00:00,11,1,27,18,0,310,451,avenue de Saint Ferreol,43.459,2.003,Crépuscule ou aube,En agglomération,Hors intersection,Normale,Deux véhicules - côté,,,,,,,,,,,2,2,1,1.0,3.0
201100005956,0011-03-13 13:15:00,11,3,13,13,15,310,451,,,,Plein jour,Hors agglomération,Hors intersection,Normale,Autre collision,,,,,,,,,,,1,1,1,1.0,6.0
201100005957,0011-05-07 18:15:00,11,5,7,18,15,310,451,Avenue Roger Ricalens,43.4552,2.00452,Plein jour,En agglomération,Intersection en T,Normale,Deux véhicules - côté,,,,,,,,,,,1,2,3,1.0,3.0
201100005958,0011-07-03 06:00:00,11,7,3,6,0,310,570,,43.4618,1.819,Crépuscule ou aube,Hors agglomération,Hors intersection,Normale,Autre collision,,,,,,,,,,,2,1,1,1.0,6.0
201100005959,0011-07-08 19:45:00,11,7,8,19,45,310,451,Chemin d'En Besset,43.46359,2.00417,Plein jour,En agglomération,Hors intersection,Normale,Deux véhicules - côté,,,,,,,,,,,1,2,1,1.0,3.0
201100005960,0011-10-29 08:15:00,11,10,29,8,15,310,478,,,,Plein jour,Hors agglomération,Autre intersection,Pluie légère,Deux véhicules - arrière,,,,,,,,,,,1,1,9,2.0,2.0
201100005961,0011-03-02 12:45:00,11,3,2,12,45,90,42,Village,43.01088,1.42803,Plein jour,En agglomération,Autre intersection,Pluie légère,Deux véhicules - arrière,,,,,,,,,,,1,2,9,2.0,2.0
201100005962,0011-04-17 13:00:00,11,4,17,13,0,90,79,,,,Plein jour,Hors agglomération,Hors intersection,Normale,Sans collision,,,,,,,,,,,1,1,1,1.0,7.0
201100005963,0011-06-10 21:30:00,11,6,10,21,30,90,75,Avenue de la gare RD628,43.12814,1.3388,Nuit avec éclairage non allumé,En agglomération,Intersection en T,Pluie forte,Deux véhicules - côté,,,,,,,,,,,4,2,3,3.0,3.0
201100005964,0011-06-23 14:15:00,11,6,23,14,15,90,99,,42.98503,1.56387,Plein jour,Hors agglomération,Hors intersection,Pluie légère,Sans collision,,,,,,,,,,,1,1,1,2.0,7.0
201100005965,0011-07-31 18:00:00,11,7,31,18,0,90,79,,43.16395,1.40051,Plein jour,Hors agglomération,Hors intersection,Normale,Sans collision,,,,,,,,,,,1,1,1,1.0,7.0
201100005966,0011-09-17 16:15:00,11,9,17,16,15,90,99,,42.97538,1.58005,Plein jour,Hors agglomération,Hors intersection,Pluie légère,Autre collision,,,,,,,,,,,1,1,1,2.0,6.0
201100005967,0011-09-17 11:15:00,11,9,17,11,15,90,99,,42.98414,1.5683,Plein jour,Hors agglomération,Hors intersection,Temps couvert,Autre collision,,,,,,,,,,,1,1,1,8.0,6.0
201100005968,0011-09-25 01:00:00,11,9,25,1,0,90,19,,43.13207,1.44075,Nuit sans éclairage public,Hors agglomération,Hors intersection,Normale,Sans collision,,,,,,,,,,,3,1,1,1.0,7.0
201100005969,0011-05-29 10:15:00,11,5,29,10,15,90,336,,42.91567,1.80761,Plein jour,Hors agglomération,Intersection en X,Temps éblouissant,Deux véhicules - côté,,,,,,,,,,,1,1,2,7.0,3.0
201100005970,0011-06-26 14:30:00,11,6,26,14,30,90,1,09000 CELLES,42.92664,1.7005,Plein jour,En agglomération,Hors intersection,Normale,Deux véhicules - frontale,,,,,,,,,,,1,2,1,1.0,1.0
201100005971,0011-07-03 06:45:00,11,7,3,6,45,90,157,,42.98077,1.86936,Crépuscule ou aube,Hors agglomération,Hors intersection,Normale,Deux véhicules - frontale,,,,,,,,,,,2,1,1,1.0,1.0
201100005972,0011-07-19 08:00:00,11,7,19,8,0,90,262,,42.9217,1.88101,Plein jour,Hors agglomération,Autre intersection,Pluie légère,Deux véhicules - côté,,,,,,,,,,,1,1,9,2.0,3.0
201100005973,0011-08-15 23:30:00,11,8,15,23,30,90,336,09300,42.91538,1.83134,Nuit sans éclairage public,En agglomération,Hors intersection,Normale,Sans collision,,,,,,,,,,,3,2,1,1.0,7.0
201100005974,0011-08-29 18:00:00,11,8,29,18,0,90,215,,42.9122,1.78559,Plein jour,Hors agglomération,Hors intersection,Temps éblouissant,Trois véhicules et plus - collisions multiples,,,,,,,,,,,1,1,1,7.0,5.0
201100005975,0011-11-15 16:00:00,11,11,15,16,0,90,160,rue Sébilé,42.93741,1.85281,Plein jour,En agglomération,Hors intersection,Normale,Autre collision,,,,,,,,,,,1,2,1,1.0,6.0
201100005976,0011-12-05 14:00:00,11,12,5,14,0,90,262,,42.92172,1.88171,Plein jour,Hors agglomération,Hors intersection,Temps couvert,Autre collision,,,,,,,,,,,1,1,1,8.0,6.0
201100005977,0011-03-04 02:00:00,11,3,4,2,0,90,188,avenue joliot curie,42.87807,1.62876,Nuit avec éclairage allumé,En agglomération,Hors intersection,Normale,Autre collision,,,,,,,,,,,5,2,1,1.0,6.0
201100005978,0011-03-15 17:30:00,11,3,15,17,30,90,306,,42.84533,1.60574,Plein jour,En agglomération,Hors intersection,Normale,Autre collision,,,,,,,,,,,1,2,1,1.0,6.0
201100005979,0011-05-01 10:00:00,11,5,1,10,0,90,210,,42.90851,1.63798,Plein jour,Hors agglomération,Hors intersection,Normale,Autre collision,,,,,,,,,,,1,1,1,1.0,6.0
201100005980,0011-09-03 17:45:00,11,9,3,17,45,90,306,,42.50117,1.36273,Plein jour,Hors agglomération,Hors intersection,Normale,Sans collision,,,,,,,,,,,1,1,1,1.0,7.0
201100005981,0011-09-26 10:45:00,11,9,26,10,45,90,306,avenue Victor pilhes,42.85139,1.60371,Plein jour,En agglomération,Hors intersection,Normale,Deux véhicules - côté,,,,,,,,,,,1,2,1,1.0,3.0
201100005982,0011-11-12 14:45:00,11,11,12,14,45,90,306,,,,Plein jour,Hors agglomération,Hors intersection,Normale,Deux véhicules - frontale,,,,,,,,,,,1,1,1,1.0,1.0
201100005983,0011-11-18 01:30:00,11,11,18,1,30,90,236,,,,Nuit sans éclairage public,Hors agglomération,Hors intersection,Normale,Autre collision,,,,,,,,,,,3,1,1,1.0,6.0
201100005984,0011-01-16 16:50:00,11,1,16,16,50,90,312,,43.09313,1.69046,Plein jour,Hors agglomération,Hors intersection,Normale,Sans collision,,,,,,,,,,,1,1,1,1.0,7.0
201100005985,0011-02-17 20:45:00,11,2,17,20,45,90,245,ROUTE DE PAMIERS,43.06447,1.61258,Nuit sans éclairage public,En agglomération,Hors intersection,Pluie légère,Autre collision,,,,,,,,,,,3,2,1,2.0,6.0
201100005986,0011-02-19 13:30:00,11,2,19,13,30,90,265,26 avenue des pyrénées,43.09485,1.62559,Plein jour,En agglomération,Intersection en X,Normale,Deux véhicules - côté,,,,,,,,,,,1,2,2,1.0,3.0
201100005987,0011-03-04 14:00:00,11,3,4,14,0,90,332,,,,Plein jour,Hors agglomération,Hors intersection,Normale,Deux véhicules - frontale,,,,,,,,,,,1,1,1,1.0,1.0
201100005988,0011-03-25 21:45:00,11,3,25,21,45,90,332,,43.07058,1.64202,Nuit sans éclairage public,Hors agglomération,Hors intersection,Normale,Autre collision,,,,,,,,,,,3,1,1,1.0,6.0
201100005989,0011-05-21 20:15:00,11,5,21,20,15,90,324,Rue du 08 mai,43.04775,1.63628,Plein jour,En agglomération,Hors intersection,Normale,Autre collision,,,,,,,,,,,1,2,1,1.0,6.0
201100005990,0011-06-26 09:00:00,11,6,26,9,0,90,265,Rue du Stade,43.08115,1.62406,Plein jour,En agglomération,Intersection en X,Normale,Deux véhicules - côté,,,,,,,,,,,1,2,2,1.0,3.0