accident_id,datetime,annee,mois,jour,heure,minute,departement,commune_insee,adresse,latitude,longitude,luminosite,agglomeration,intersection,meteo,collision,nb_vehicules,nb_usagers,nb_indemnes,nb_tues,nb_blesses_hosp,nb_blesses_legers,age_cond_1,age_cond_2,veh_type_cond_1,veh_type_cond_2,lum_code,agg_code,int_code,atm_code,col_code
201100006124,0011-05-09 14:00:00,11,5,9,14,0,320,258,,,,Plein jour,Hors agglomération,Hors intersection,Normale,Deux véhicules - côté,,,,,,,,,,,1,1,1,1.0,3.0
201100006125,0011-05-24 08:00:00,11,5,24,8,0,320,13,,,,Plein jour,Hors agglomération,Hors intersection,Temps éblouissant,Deux véhicules - côté,,,,,,,,,,,1,1,1,7.0,3.0
201100006126,0011-05-28 12:15:00,11,5,28,12,15,320,331,,,,Plein jour,Hors agglomération,Hors intersection,Normale,Deux véhicules - arrière,,,,,,,,,,,1,1,1,1.0,2.0
201100006127,0011-06-23 12:15:00,11,6,23,12,15,320,312,la bourdette,,,Plein jour,En agglomération,Hors intersection,Temps couvert,Autre collision,,,,,,,,,,,1,2,1,8.0,6.0
201100006128,0011-07-19 13:45:00,11,7,19,13,45,320,307,route de PEYLOUBERE,,,Plein jour,En agglomération,Hors intersection,Temps couvert,Autre collision,,,,,,,,,,,1,2,1,8.0,6.0
201100006129,0011-07-20 21:15:00,11,7,20,21,15,320,331,,,,Plein jour,Hors agglomération,Hors intersection,Normale,Autre collision,,,,,,,,,,,1,1,1,1.0,6.0
201100006130,0011-07-28 13:30:00,11,7,28,13,30,320,60,,,,Plein jour,Hors agglomération,Hors intersection,Normale,Deux véhicules - côté,,,,,,,,,,,1,1,1,1.0,3.0
201100006131,0011-09-11 08:45:00,11,9,11,8,45,320,258,,,,Plein jour,Hors agglomération,Hors intersection,Normale,Sans collision,,,,,,,,,,,1,1,1,1.0,7.0
201100006132,0011-12-21 16:45:00,11,12,21,16,45,320,207,,,,Plein jour,Hors agglomération,Hors intersection,Normale,Trois véhicules et plus - collisions multiples,,,,,,,,,,,1,1,1,1.0,5.0
201100006133,0011-12-26 14:45:00,11,12,26,14,45,320,201,,,,Plein jour,Hors agglomération,Hors intersection,Normale,Sans collision,,,,,,,,,,,1,1,1,1.0,7.0
201100006134,0011-01-12 07:45:00,11,1,12,7,45,320,147,rue des tuileries,,,Crépuscule ou aube,En agglomération,Hors intersection,Normale,Autre collision,,,,,,,,,,,2,2,1,1.0,6.0
201100006135,0011-08-08 18:15:00,11,8,8,18,15,320,298,,43.7,0.734,Plein jour,Hors agglomération,Hors intersection,Normale,Sans collision,,,,,,,,,,,1,1,1,1.0,7.0
201100006136,0011-09-06 17:15:00,11,9,6,17,15,320,249,,43.717,0.865,Plein jour,Hors agglomération,Hors intersection,Normale,Sans collision,,,,,,,,,,,1,1,1,1.0,7.0
201100006137,0011-11-08 16:45:00,11,11,8,16,45,320,249,Carrefour D654 / D175,43.735,0.872,Plein jour,En agglomération,Hors intersection,Normale,Deux véhicules - côté,,,,,,,,,,,1,2,1,1.0,3.0
201100006138,0011-11-18 05:45:00,11,11,18,5,45,320,249,D654/D175,43.735,0.872,Nuit sans éclairage public,En agglomération,Hors intersection,Brouillard / fumée,Sans collision,,,,,,,,,,,3,2,1,5.0,7.0
201100006139,0011-02-20 20:00:00,11,2,20,20,0,320,435,,43.72,0.961,Nuit sans éclairage public,Hors agglomération,Hors intersection,Pluie légère,Autre collision,,,,,,,,,,,3,1,1,2.0,6.0
201100006140,0011-03-05 02:45:00,11,3,5,2,45,320,160,,43.627,1.072,Nuit sans éclairage public,Hors agglomération,Hors intersection,Normale,Autre collision,,,,,,,,,,,3,1,1,1.0,6.0
201100006141,0011-05-01 02:00:00,11,5,1,2,0,320,90,,43.575,0.99,Nuit sans éclairage public,Hors agglomération,Hors intersection,Normale,Sans collision,,,,,,,,,,,3,1,1,1.0,7.0
201100006142,0011-05-08 18:45:00,11,5,8,18,45,320,160,,43.638,1.094,Plein jour,Hors agglomération,Hors intersection,Normale,Trois véhicules et plus - collisions multiples,,,,,,,,,,,1,1,1,1.0,5.0
201100006143,0011-06-17 14:30:00,11,6,17,14,30,320,148,,43.622,0.925,Plein jour,Hors agglomération,Hors intersection,Normale,Deux véhicules - côté,,,,,,,,,,,1,1,1,1.0,3.0
201100006144,0011-06-19 11:45:00,11,6,19,11,45,320,210,,43.565,1.13,Plein jour,Hors agglomération,Hors intersection,Normale,Sans collision,,,,,,,,,,,1,1,1,1.0,7.0
201100006145,0011-08-30 19:00:00,11,8,30,19,0,320,105,,43.563,1.006,Plein jour,Hors agglomération,Hors intersection,Normale,Autre collision,,,,,,,,,,,1,1,1,1.0,6.0
201100006146,0011-09-23 12:45:00,11,9,23,12,45,320,160,,43.61,1.071,Plein jour,Hors agglomération,Giratoire,Normale,Deux véhicules - côté,,,,,,,,,,,1,1,6,1.0,3.0
201100006147,0011-10-25 16:15:00,11,10,25,16,15,320,160,Rue Claude AUGE,,,Plein jour,En agglomération,Hors intersection,Normale,Autre collision,,,,,,,,,,,1,2,1,1.0,6.0
201100006148,0011-11-05 18:45:00,11,11,5,18,45,320,210,,43.574,1.132,Crépuscule ou aube,Hors agglomération,Hors intersection,Normale,Autre collision,,,,,,,,,,,2,1,1,1.0,6.0
201100006149,0011-02-05 08:30:00,11,2,5,8,30,320,451,,43.433,0.795,Nuit sans éclairage public,Hors agglomération,Hors intersection,Normale,Autre collision,,,,,,,,,,,3,1,1,1.0,6.0
201100006150,0011-05-30 16:30:00,11,5,30,16,30,320,418,,43.454,0.873,Plein jour,Hors agglomération,Hors intersection,Normale,Deux véhicules - frontale,,,,,,,,,,,1,1,1,1.0,1.0
201100006151,0011-06-03 17:15:00,11,6,3,17,15,320,433,,43.441,0.729,Plein jour,Hors agglomération,Hors intersection,Normale,Autre collision,,,,,,,,,,,1,1,1,1.0,6.0
201100006152,0011-08-09 17:15:00,11,8,9,17,15,320,213,,43.479,0.921,Plein jour,Hors agglomération,Hors intersection,Normale,Autre collision,,,,,,,,,,,1,1,1,1.0,6.0
201100006153,0011-08-10 19:30:00,11,8,10,19,30,320,277,,,,Plein jour,Hors agglomération,Hors intersection,Temps éblouissant,Autre collision,,,,,,,,,,,1,1,1,7.0,6.0
201100006154,0011-08-28 06:45:00,11,8,28,6,45,320,171,,43.519,0.979,Plein jour,Hors agglomération,Hors intersection,Normale,Autre collision,,,,,,,,,,,1,1,1,1.0,6.0
201100006155,0011-08-29 19:00:00,11,8,29,19,0,320,432,,43.532,1.051,Plein jour,Hors agglomération,Hors intersection,Normale,Deux véhicules - côté,,,,,,,,,,,1,1,1,1.0,3.0
201100006156,0011-09-11 16:30:00,11,9,11,16,30,320,418,,43.437,0.846,Plein jour,Hors agglomération,Hors intersection,Normale,Autre collision,,,,,,,,,,,1,1,1,1.0,6.0
201100006157,0011-10-03 13:45:00,11,10,3,13,45,320,76,,43.598,0.731,Plein jour,Hors agglomération,Hors intersection,Normale,Trois véhicules et plus - collisions multiples,,,,,,,,,,,1,1,1,1.0,5.0
201100006158,0011-10-13 09:15:00,11,10,13,9,15,320,213,,43.418,0.851,Plein jour,Hors agglomération,Hors intersection,Normale,Deux véhicules - frontale,,,,,,,,,,,1,1,1,1.0,1.0
201100006159,0011-11-25 08:30:00,11,11,25,8,30,320,261,,,,Plein jour,Hors agglomération,Hors intersection,Brouillard / fumée,Deux véhicules - frontale,,,,,,,,,,,1,1,1,5.0,1.0
201100006160,0011-11-26 15:45:00,11,11,26,15,45,320,410,,,,Plein jour,Hors agglomération,Hors intersection,Normale,Autre collision,,,,,,,,,,,1,1,1,1.0,6.0
201100006161,0011-12-30 14:30:00,11,12,30,14,30,320,412,,43.521,0.758,Plein jour,Hors agglomération,Hors intersection,Temps couvert,Autre collision,,,,,,,,,,,1,1,1,8.0,6.0
201100006162,0011-02-13 03:00:00,11,2,13,3,0,320,382,N124,,,Nuit avec éclairage allumé,En agglomération,Hors intersection,Autre,Autre collision,,,,,,,,,,,5,2,1,9.0,6.0
201100006163,0011-02-23 11:45:00,11,2,23,11,45,320,382,Au village,,,Plein jour,En agglomération,Hors intersection,Normale,Autre collision,,,,,,,,,,,1,2,1,1.0,6.0
201100006164,0011-03-07 23:00:00,11,3,7,23,0,320,462,Route de Lannepax,,,Nuit sans éclairage public,En agglomération,Hors intersection,Normale,Autre collision,,,,,,,,,,,3,2,1,1.0,6.0
201100006165,0011-05-14 16:30:00,11,5,14,16,30,320,462,,,,Plein jour,Hors agglomération,Hors intersection,Normale,Sans collision,,,,,,,,,,,1,1,1,1.0,7.0
201100006166,0011-07-21 08:00:00,11,7,21,8,0,320,301,,,,Plein jour,Hors agglomération,Hors intersection,Normale,Deux véhicules - frontale,,,,,,,,,,,1,1,1,1.0,1.0
201100006167,0011-08-16 17:00:00,11,8,16,17,0,320,162,,43.762,0.469,Plein jour,Hors agglomération,Hors intersection,Normale,Deux véhicules - frontale,,,,,,,,,,,1,1,1,1.0,1.0
201100006168,0011-09-19 15:15:00,11,9,19,15,15,320,382,,43.731,0.38,Plein jour,Hors agglomération,Hors intersection,Normale,Autre collision,,,,,,,,,,,1,1,1,1.0,6.0
201100006169,0011-10-23 15:15:00,11,10,23,15,15,320,54,,,,Plein jour,Hors agglomération,Hors intersection,Normale,Autre collision,,,,,,,,,,,1,1,1,1.0,6.0
201100006170,0011-12-07 14:30:00,11,12,7,14,30,320,162,,,,Plein jour,Hors agglomération,Hors intersection,Pluie légère,Autre collision,,,,,,,,,,,1,1,1,2.0,6.0
201100006171,0011-02-16 18:00:00,11,2,16,18,0,320,400,,,,Crépuscule ou aube,Hors agglomération,Intersection en T,Normale,Deux véhicules - frontale,,,,,,,,,,,2,1,3,1.0,1.0
201100006172,0011-02-21 17:30:00,11,2,21,17,30,320,107,,,,Plein jour,Hors agglomération,Hors intersection,Pluie légère,Autre collision,,,,,,,,,,,1,1,1,2.0,6.0
201100006173,0011-03-06 19:00:00,11,3,6,19,0,320,292,,43.916,0.317,Plein jour,Hors agglomération,Hors intersection,Normale,Autre collision,,,,,,,,,,,1,1,1,1.0,6.0
201100006174,0011-03-11 18:00:00,11,3,11,18,0,320,212,,44.04,0.468,Plein jour,Hors agglomération,Hors intersection,Normale,Sans collision,,,,,,,,,,,1,1,1,1.0,7.0
201100006175,0011-04-04 16:15:00,11,4,4,16,15,320,107,rue de la Gare,43.965,0.367,Plein jour,En agglomération,Hors intersection,Normale,Sans collision,,,,,,,,,,,1,2,1,1.0,7.0
201100006176,0011-04-27 18:35:00,11,4,27,18,35,320,212,,,,Plein jour,Hors agglomération,Hors intersection,Normale,Autre collision,,,,,,,,,,,1,1,1,1.0,6.0
201100006177,0011-05-13 18:00:00,11,5,13,18,0,320,80,,43.986,0.459,Plein jour,Hors agglomération,Hors intersection,Normale,Sans collision,,,,,,,,,,,1,1,1,1.0,7.0
201100006178,0011-05-14 16:45:00,11,5,14,16,45,320,107,,43.98,0.438,Plein jour,Hors agglomération,Hors intersection,Normale,Deux véhicules - frontale,,,,,,,,,,,1,1,1,1.0,1.0
201100006179,0011-05-22 01:30:00,11,5,22,1,30,320,83,,43.804,0.427,Nuit sans éclairage public,Hors agglomération,Hors intersection,Normale,Sans collision,,,,,,,,,,,3,1,1,1.0,7.0
201100006180,0011-06-08 20:30:00,11,6,8,20,30,320,224,,43.882,0.397,Plein jour,Hors agglomération,Hors intersection,Normale,Autre collision,,,,,,,,,,,1,1,1,1.0,6.0
201100006181,0011-06-12 19:00:00,11,6,12,19,0,320,95,,43.94,0.46,Plein jour,Hors agglomération,Hors intersection,Normale,Deux véhicules - frontale,,,,,,,,,,,1,1,1,1.0,1.0
201100006182,0011-06-17 11:00:00,11,6,17,11,0,320,404,,43.87,0.43,Plein jour,Hors agglomération,Hors intersection,Normale,Autre collision,,,,,,,,,,,1,1,1,1.0,6.0
201100006183,0011-06-20 18:45:00,11,6,20,18,45,320,212,,,,Plein jour,Hors agglomération,Hors intersection,Normale,Deux véhicules - frontale,,,,,,,,,,,1,1,1,1.0,1.0
201100006184,0011-06-24 19:30:00,11,6,24,19,30,320,107,BD LIBERATION / AV JOFFR,,,Plein jour,En agglomération,Intersection en X,Normale,Deux véhicules - côté,,,,,,,,,,,1,2,2,1.0,3.0
201100006185,0011-07-13 18:15:00,11,7,13,18,15,320,107,14 RUE DES ECLOSETTES,,,Plein jour,En agglomération,Hors intersection,Normale,Autre collision,,,,,,,,,,,1,2,1,1.0,6.0
201100006186,0011-08-12 16:00:00,11,8,12,16,0,320,194,"""péninon""",,,Plein jour,Hors agglomération,Hors intersection,Normale,Autre collision,,,,,,,,,,,1,1,1,1.0,6.0
201100006187,0011-09-23 17:00:00,11,9,23,17,0,320,107,,,,Plein jour,Hors agglomération,Hors intersection,Temps éblouissant,Autre collision,,,,,,,,,,,1,1,1,7.0,6.0
201100006188,0011-10-12 13:00:00,11,10,12,13,0,320,107,rue Barlet,43.963,0.371,Plein jour,En agglomération,Intersection en T,Normale,Deux véhicules - côté,,,,,,,,,,,1,2,3,1.0,3.0
201100006189,0011-10-15 19:15:00,11,10,15,19,15,320,107,,43.992,0.362,Nuit sans éclairage public,Hors agglomération,Hors intersection,Normale,Autre collision,,,,,,,,,,,3,1,1,1.0,6.0
201100006190,0011-10-24 11:45:00,11,10,24,11,45,320,224,,43.891,0.379,Plein jour,Hors agglomération,Hors intersection,Normale,Sans collision,,,,,,,,,,,1,1,1,1.0,7.0
201100006191,0011-11-13 16:45:00,11,11,13,16,45,320,402,,,,Plein jour,Hors agglomération,Hors intersection,Normale,Autre collision,,,,,,,,,,,1,1,1,1.0,6.0
201100006192,0011-01-24 02:00:00,11,1,24,2,0,320,149,Rue des remparts,43.891,0.239,Nuit avec éclairage allumé,En agglomération,Hors intersection,Normale,Autre collision,,,,,,,,,,,5,2,1,1.0,6.0
201100006193,0011-02-15 18:00:00,11,2,15,18,0,320,110,,43.853,0.231,Plein jour,Hors agglomération,Hors intersection,Normale,Sans collision,,,,,,,,,,,1,1,1,1.0,7.0
201100006194,0011-02-21 13:15:00,11,2,21,13,15,320,191,,43.76,-0.097,Plein jour,Hors agglomération,Hors intersection,Pluie forte,Sans collision,,,,,,,,,,,1,1,1,3.0,7.0
201100006195,0011-03-10 17:30:00,11,3,10,17,30,320,180,,43.883,0.189,Plein jour,Hors agglomération,Hors intersection,Normale,Sans collision,,,,,,,,,,,1,1,1,1.0,7.0
201100006196,0011-04-02 15:30:00,11,4,2,15,30,320,290,,43.959,0.174,Plein jour,Hors agglomération,Hors intersection,Normale,Deux véhicules - frontale,,,,,,,,,,,1,1,1,1.0,1.0
201100006197,0011-04-08 07:45:00,11,4,8,7,45,320,340,,43.862,0.083,Plein jour,Hors agglomération,Hors intersection,Normale,Sans collision,,,,,,,,,,,1,1,1,1.0,7.0
201100006198,0011-04-12 09:30:00,11,4,12,9,30,320,227,,,,Plein jour,Hors agglomération,Hors intersection,Pluie légère,Autre collision,,,,,,,,,,,1,1,1,2.0,6.0
201100006199,0011-04-19 18:45:00,11,4,19,18,45,320,189,,43.906,-0.197,Plein jour,Hors agglomération,Hors intersection,Normale,Deux véhicules - frontale,,,,,,,,,,,1,1,1,1.0,1.0
201100006200,0011-04-23 21:15:00,11,4,23,21,15,320,193,,43.904,-0.077,Nuit sans éclairage public,Hors agglomération,Hors intersection,Normale,Autre collision,,,,,,,,,,,3,1,1,1.0,6.0
201100006201,0011-04-28 12:15:00,11,4,28,12,15,320,290,,43.928,0.193,Plein jour,Hors agglomération,Hors intersection,Normale,Sans collision,,,,,,,,,,,1,1,1,1.0,7.0
201100006202,0011-05-01 18:30:00,11,5,1,18,30,320,227,,43.805,0.047,Plein jour,En agglomération,Hors intersection,Normale,Deux véhicules - frontale,,,,,,,,,,,1,2,1,1.0,1.0
201100006203,0011-05-06 09:15:00,11,5,6,9,15,320,180,,43.902,0.238,Plein jour,Hors agglomération,Hors intersection,Normale,Sans collision,,,,,,,,,,,1,1,1,1.0,7.0
201100006204,0011-05-06 11:30:00,11,5,6,11,30,320,458,,43.735,-0.027,Plein jour,Hors agglomération,Hors intersection,Normale,Deux véhicules - côté,,,,,,,,,,,1,1,1,1.0,3.0
201100006205,0011-05-06 14:30:00,11,5,6,14,30,320,125,,43.784,0.129,Plein jour,Hors agglomération,Hors intersection,Normale,Autre collision,,,,,,,,,,,1,1,1,1.0,6.0
201100006206,0011-05-21 18:45:00,11,5,21,18,45,320,64,,43.884,0.131,Plein jour,Hors agglomération,Hors intersection,Normale,Autre collision,,,,,,,,,,,1,1,1,1.0,6.0
201100006207,0011-05-24 09:15:00,11,5,24,9,15,320,79,,43.917,0.098,Plein jour,Hors agglomération,Hors intersection,Normale,Sans collision,,,,,,,,,,,1,1,1,1.0,7.0
201100006208,0011-06-15 18:15:00,11,6,15,18,15,320,96,rond point nord barbotan,43.957,-0.034,Plein jour,En agglomération,Hors intersection,Normale,Sans collision,,,,,,,,,,,1,2,1,1.0,7.0
201100006209,0011-06-21 16:30:00,11,6,21,16,30,320,155,,43.788,-0.209,Plein jour,Hors agglomération,Giratoire,Normale,Sans collision,,,,,,,,,,,1,1,6,1.0,7.0
201100006210,0011-06-25 08:15:00,11,6,25,8,15,320,191,,,,Plein jour,Hors agglomération,Hors intersection,Temps éblouissant,Deux véhicules - frontale,,,,,,,,,,,1,1,1,7.0,1.0
201100006211,0011-07-15 02:45:00,11,7,15,2,45,320,340,,43.864,0.06,Nuit sans éclairage public,Hors agglomération,Hors intersection,Normale,Sans collision,,,,,,,,,,,3,1,1,1.0,7.0
201100006212,0011-07-18 03:15:00,11,7,18,3,15,320,227,,43.817,0.08,Nuit sans éclairage public,Hors agglomération,Hors intersection,Pluie légère,Autre collision,,,,,,,,,,,3,1,1,2.0,6.0
201100006213,0011-07-26 15:45:00,11,7,26,15,45,320,369,,43.792,0.005,Plein jour,Hors agglomération,Hors intersection,Pluie forte,Trois véhicules et plus - en chaîne,,,,,,,,,,,1,1,1,3.0,4.0
201100006214,0011-08-05 01:00:00,11,8,5,1,0,320,119,,43.875,0.122,Nuit sans éclairage public,Hors agglomération,Hors intersection,Normale,Sans collision,,,,,,,,,,,3,1,1,1.0,7.0
201100006215,0011-08-07 11:45:00,11,8,7,11,45,320,220,,43.738,-0.158,Plein jour,Hors agglomération,Intersection en X,Normale,Deux véhicules - côté,,,,,,,,,,,1,1,2,1.0,3.0
201100006216,0011-08-07 13:30:00,11,8,7,13,30,320,180,,43.882,0.218,Plein jour,Hors agglomération,Hors intersection,Normale,Autre collision,,,,,,,,,,,1,1,1,1.0,6.0
201100006217,0011-08-03 17:45:00,11,8,3,17,45,320,110,,43.863,0.244,Plein jour,Hors agglomération,Hors intersection,Normale,Sans collision,,,,,,,,,,,1,1,1,1.0,7.0
201100006218,0011-08-12 20:45:00,11,8,12,20,45,320,125,,43.799,0.077,Crépuscule ou aube,Hors agglomération,Hors intersection,Normale,Autre collision,,,,,,,,,,,2,1,1,1.0,6.0
201100006219,0011-09-10 04:15:00,11,9,10,4,15,320,369,,43.791,-0.01,Nuit sans éclairage public,Hors agglomération,Hors intersection,Normale,Autre collision,,,,,,,,,,,3,1,1,1.0,6.0
201100006220,0011-09-14 18:15:00,11,9,14,18,15,320,264,,43.93,-0.119,Plein jour,Hors agglomération,Hors intersection,Normale,Trois véhicules et plus - collisions multiples,,,,,,,,,,,1,1,1,1.0,5.0
201100006221,0011-10-01 19:45:00,11,10,1,19,45,320,125,,43.799,0.083,Crépuscule ou aube,Hors agglomération,Hors intersection,Normale,Autre collision,,,,,,,,,,,2,1,1,1.0,6.0
201100006222,0011-10-07 07:45:00,11,10,7,7,45,320,110,,43.855,0.25,Crépuscule ou aube,Hors agglomération,Hors intersection,Normale,Deux véhicules - côté,,,,,,,,,,,2,1,1,1.0,3.0
201100006223,0011-10-28 12:30:00,11,10,28,12,30,320,290,,43.955,0.187,Plein jour,Hors agglomération,Hors intersection,Normale,Autre collision,,,,,,,,,,,1,1,1,1.0,6.0
201100006224,0011-11-29 19:00:00,11,11,29,19,0,320,133,,43.98,0.267,Nuit sans éclairage public,Hors agglomération,Hors intersection,Normale,Autre collision,,,,,,,,,,,3,1,1,1.0,6.0
201100006225,0011-12-15 19:00:00,11,12,15,19,0,320,119,,43.84,0.14,Nuit sans éclairage public,Hors agglomération,Hors intersection,Normale,Deux véhicules - frontale,,,,,,,,,,,3,1,1,1.0,1.0
201100006226,0011-12-28 10:00:00,11,12,28,10,0,320,149,,43.903,0.251,Plein jour,Hors agglomération,Hors intersection,Normale,Autre collision,,,,,,,,,,,1,1,1,1.0,6.0
201100006227,0011-01-09 12:00:00,11,1,9,12,0,320,208,,,,Plein jour,Hors agglomération,Hors intersection,Normale,Deux véhicules - côté,,,,,,,,,,,1,1,1,1.0,3.0
201100006228,0011-01-14 18:45:00,11,1,14,18,45,320,286,,,,Nuit sans éclairage public,Hors agglomération,Hors intersection,Normale,Sans collision,,,,,,,,,,,3,1,1,1.0,7.0
201100006229,0011-01-16 06:00:00,11,1,16,6,0,320,132,av Pierre de Coubertin,,,Nuit avec éclairage allumé,En agglomération,Hors intersection,Normale,Sans collision,,,,,,,,,,,5,2,1,1.0,7.0
201100006230,0011-01-29 17:15:00,11,1,29,17,15,320,101,,,,Plein jour,Hors agglomération,Hors intersection,Temps couvert,Autre collision,,,,,,,,,,,1,1,1,8.0,6.0
201100006231,0011-02-13 03:00:00,11,2,13,3,0,320,132,1 rue Jean Jaurès,,,Nuit avec éclairage allumé,En agglomération,Hors intersection,Pluie légère,Autre collision,,,,,,,,,,,5,2,1,2.0,6.0
201100006232,0011-02-18 21:00:00,11,2,18,21,0,320,452,,,,Nuit sans éclairage public,Hors agglomération,Hors intersection,Normale,Sans collision,,,,,,,,,,,3,1,1,1.0,7.0
201100006233,0011-02-28 07:15:00,11,2,28,7,15,320,370,,,,Crépuscule ou aube,Hors agglomération,Hors intersection,Pluie légère,Deux véhicules - côté,,,,,,,,,,,2,1,1,2.0,3.0
201100006234,0011-03-04 06:00:00,11,3,4,6,0,320,457,,,,Nuit sans éclairage public,Hors agglomération,Hors intersection,Normale,Autre collision,,,,,,,,,,,3,1,1,1.0,6.0
201100006235,0011-04-06 19:45:00,11,4,6,19,45,320,306,,,,Crépuscule ou aube,Hors agglomération,Hors intersection,Normale,Autre collision,,,,,,,,,,,2,1,1,1.0,6.0
201100006236,0011-04-08 18:00:00,11,4,8,18,0,320,457,,,,Plein jour,Hors agglomération,Hors intersection,Normale,Deux véhicules - côté,,,,,,,,,,,1,1,1,1.0,3.0
201100006237,0011-04-20 16:30:00,11,4,20,16,30,320,370,place de la Mairie,,,Plein jour,En agglomération,Hors intersection,Normale,Autre collision,,,,,,,,,,,1,2,1,1.0,6.0
201100006238,0011-04-25 07:45:00,11,4,25,7,45,320,132,,,,Plein jour,Hors agglomération,Hors intersection,Normale,Deux véhicules - côté,,,,,,,,,,,1,1,1,1.0,3.0
201100006239,0011-05-06 20:00:00,11,5,6,20,0,320,132,,,,Plein jour,Hors agglomération,Hors intersection,Normale,Sans collision,,,,,,,,,,,1,1,1,1.0,7.0
201100006240,0011-05-31 07:30:00,11,5,31,7,30,320,132,,,,Crépuscule ou aube,Hors agglomération,Hors intersection,Normale,Deux véhicules - frontale,,,,,,,,,,,2,1,1,1.0,1.0
201100006241,0011-05-25 09:30:00,11,5,25,9,30,320,132,,,,Plein jour,Hors agglomération,Hors intersection,Normale,Autre collision,,,,,,,,,,,1,1,1,1.0,6.0
201100006242,0011-06-25 17:15:00,11,6,25,17,15,320,132,RUE JOLIOT CURIE,,,Plein jour,En agglomération,Hors intersection,Normale,Deux véhicules - côté,,,,,,,,,,,1,2,1,1.0,3.0
201100006243,0011-06-24 19:30:00,11,6,24,19,30,320,131,,,,Plein jour,Hors agglomération,Hors intersection,Normale,Sans collision,,,,,,,,,,,1,1,1,1.0,7.0
201100006244,0011-08-02 02:30:00,11,8,2,2,30,320,132,rue d'Artagnan,,,Nuit sans éclairage public,En agglomération,Hors intersection,Normale,Autre collision,,,,,,,,,,,3,2,1,1.0,6.0
201100006245,0011-08-31 10:00:00,11,8,31,10,0,320,396,,44.027,0.545,Plein jour,Hors agglomération,Hors intersection,Normale,Sans collision,,,,,,,,,,,1,1,1,1.0,7.0
201100006246,0011-10-14 12:15:00,11,10,14,12,15,320,208,"Avenue de la Gare, RD 7",,,Plein jour,En agglomération,Hors intersection,Normale,Sans collision,,,,,,,,,,,1,2,1,1.0,7.0
201100006247,0011-10-18 10:15:00,11,10,18,10,15,320,132,rue quatre consuls,,,Plein jour,En agglomération,Hors intersection,Normale,Deux véhicules - côté,,,,,,,,,,,1,2,1,1.0,3.0
201100006248,0011-10-29 15:15:00,11,10,29,15,15,320,239,,,,Plein jour,Hors agglomération,Hors intersection,Normale,Autre collision,,,,,,,,,,,1,1,1,1.0,6.0
201100006249,0011-11-24 06:30:00,11,11,24,6,30,320,78,,,,Nuit sans éclairage public,Hors agglomération,Hors intersection,Brouillard / fumée,Autre collision,,,,,,,,,,,3,1,1,5.0,6.0
201100006250,0011-12-18 16:00:00,11,12,18,16,0,320,102,,,,Plein jour,Hors agglomération,Hors intersection,Normale,Sans collision,,,,,,,,,,,1,1,1,1.0,7.0
201100006251,0011-12-23 15:00:00,11,12,23,15,0,320,358,,44.045,0.85,Plein jour,Hors agglomération,Hors intersection,Normale,Deux véhicules - frontale,,,,,,,,,,,1,1,1,1.0,1.0
201100006252,0011-02-28 09:15:00,11,2,28,9,15,320,238,,43.478,0.327,Plein jour,Hors agglomération,Hors intersection,Temps couvert,Autre collision,,,,,,,,,,,1,1,1,8.0,6.0
201100006253,0011-03-05 15:45:00,11,3,5,15,45,320,242,avenue Jean Trilha,43.433,0.585,Plein jour,En agglomération,Hors intersection,Normale,Trois véhicules et plus - collisions multiples,,,,,,,,,,,1,2,1,1.0,5.0
201100006254,0011-04-11 15:45:00,11,4,11,15,45,320,256,route d'auch,43.52,0.41,Plein jour,En agglomération,Hors intersection,Normale,Deux véhicules - arrière,,,,,,,,,,,1,2,1,1.0,2.0
201100006255,0011-06-11 09:00:00,11,6,11,9,0,320,254,,43.544,0.455,Plein jour,Hors agglomération,Hors intersection,Normale,Deux véhicules - côté,,,,,,,,,,,1,1,1,1.0,3.0
201100006256,0011-07-04 01:30:00,11,7,4,1,30,320,426,,,,Nuit sans éclairage public,Hors agglomération,Hors intersection,Normale,Autre collision,,,,,,,,,,,3,1,1,1.0,6.0
201100006257,0011-07-09 16:15:00,11,7,9,16,15,320,41,,43.425,0.62,Plein jour,Hors agglomération,Intersection en X,Normale,Deux véhicules - côté,,,,,,,,,,,1,1,2,1.0,3.0
201100006258,0011-07-20 08:30:00,11,7,20,8,30,320,228,,43.335,0.601,Plein jour,Hors agglomération,Hors intersection,Normale,Autre collision,,,,,,,,,,,1,1,1,1.0,6.0
201100006259,0011-10-01 20:45:00,11,10,1,20,45,320,389,Au village,43.52,0.396,Crépuscule ou aube,En agglomération,Hors intersection,Normale,Trois véhicules et plus - en chaîne,,,,,,,,,,,2,2,1,1.0,4.0