accident_id,datetime,annee,mois,jour,heure,minute,departement,commune_insee,adresse,latitude,longitude,luminosite,agglomeration,intersection,meteo,collision,nb_vehicules,nb_usagers,nb_indemnes,nb_tues,nb_blesses_hosp,nb_blesses_legers,age_cond_1,age_cond_2,veh_type_cond_1,veh_type_cond_2,lum_code,agg_code,int_code,atm_code,col_code
201100006260,0011-09-30 10:30:00,11,9,30,10,30,320,426,CD929,43.496,0.593,Plein jour,En agglomération,Hors intersection,Normale,Trois véhicules et plus - en chaîne,,,,,,,,,,,1,2,1,1.0,4.0
201100006261,0011-10-10 09:30:00,11,10,10,9,30,320,256,,43.522,0.415,Plein jour,Hors agglomération,Hors intersection,Normale,Deux véhicules - côté,,,,,,,,,,,1,1,1,1.0,3.0
201100006262,0011-10-22 17:00:00,11,10,22,17,0,320,393,,43.482,0.337,Plein jour,Hors agglomération,Hors intersection,Normale,Deux véhicules - côté,,,,,,,,,,,1,1,1,1.0,3.0
201100006263,0011-10-29 15:00:00,11,10,29,15,0,320,254,,43.544,0.453,Plein jour,Hors agglomération,Hors intersection,Normale,Autre collision,,,,,,,,,,,1,1,1,1.0,6.0
201100006264,0011-12-06 20:30:00,11,12,6,20,30,320,254,,,,Nuit sans éclairage public,Hors agglomération,Hors intersection,Pluie légère,Trois véhicules et plus - collisions multiples,,,,,,,,,,,3,1,1,2.0,5.0
201100006265,0011-12-12 14:30:00,11,12,12,14,30,320,167,,,,Plein jour,Hors agglomération,Hors intersection,Pluie légère,Deux véhicules - frontale,,,,,,,,,,,1,1,1,2.0,1.0
201100006266,0011-12-22 11:00:00,11,12,22,11,0,320,254,,43.551,0.472,Plein jour,Hors agglomération,Hors intersection,Pluie légère,Deux véhicules - côté,,,,,,,,,,,1,1,1,2.0,3.0
201100006267,0011-12-22 20:30:00,11,12,22,20,30,320,426,,43.494,0.602,Nuit sans éclairage public,Hors agglomération,Hors intersection,Pluie légère,Sans collision,,,,,,,,,,,3,1,1,2.0,7.0
201100006268,0011-01-05 10:00:00,11,1,5,10,0,320,175,,,,Plein jour,Hors agglomération,Hors intersection,Normale,Deux véhicules - côté,,,,,,,,,,,1,1,1,1.0,3.0
201100006269,0011-02-07 20:00:00,11,2,7,20,0,320,233,,43.523,0.135,Nuit sans éclairage public,Hors agglomération,Hors intersection,Normale,Autre collision,,,,,,,,,,,3,1,1,1.0,6.0
201100006270,0011-03-20 14:30:00,11,3,20,14,30,320,181,Village,43.425,0.259,Plein jour,En agglomération,Hors intersection,Normale,Deux véhicules - côté,,,,,,,,,,,1,2,1,1.0,3.0
201100006271,0011-04-17 17:15:00,11,4,17,17,15,320,225,,,,Plein jour,Hors agglomération,Hors intersection,Normale,Autre collision,,,,,,,,,,,1,1,1,1.0,6.0
201100006272,0011-05-16 11:00:00,11,5,16,11,0,320,367,,,,Plein jour,Hors agglomération,Hors intersection,Normale,Deux véhicules - frontale,,,,,,,,,,,1,1,1,1.0,1.0
201100006273,0011-05-18 11:15:00,11,5,18,11,15,320,355,,43.399,0.347,Plein jour,Hors agglomération,Hors intersection,Normale,Deux véhicules - frontale,,,,,,,,,,,1,1,1,1.0,1.0
201100006274,0011-07-07 06:00:00,11,7,7,6,0,320,233,,,,Plein jour,Hors agglomération,Hors intersection,Normale,Sans collision,,,,,,,,,,,1,1,1,1.0,7.0
201100006275,0011-07-21 22:15:00,11,7,21,22,15,320,285,Au village,,,Nuit sans éclairage public,En agglomération,Hors intersection,Normale,Autre collision,,,,,,,,,,,3,2,1,1.0,6.0
201100006276,0011-11-13 03:45:00,11,11,13,3,45,320,233,,,,Nuit sans éclairage public,Hors agglomération,Hors intersection,Normale,Autre collision,,,,,,,,,,,3,1,1,1.0,6.0
201100006277,0011-11-17 07:45:00,11,11,17,7,45,320,28,,,,Plein jour,Hors agglomération,Hors intersection,Normale,Deux véhicules - côté,,,,,,,,,,,1,1,1,1.0,3.0
201100006278,0011-03-04 12:30:00,11,3,4,12,30,320,36,,,,Plein jour,Hors agglomération,Hors intersection,Normale,Sans collision,,,,,,,,,,,1,1,1,1.0,7.0
201100006279,0011-05-15 22:30:00,11,5,15,22,30,320,22,,,,Nuit sans éclairage public,Hors agglomération,Hors intersection,Normale,Autre collision,,,,,,,,,,,3,1,1,1.0,6.0
201100006280,0011-05-17 17:30:00,11,5,17,17,30,320,344,route de SAINT MONT,,,Plein jour,En agglomération,Hors intersection,Normale,Deux véhicules - arrière,,,,,,,,,,,1,2,1,1.0,2.0
201100006281,0011-05-31 20:35:00,11,5,31,20,35,320,344,,,,Crépuscule ou aube,En agglomération,Hors intersection,Normale,Deux véhicules - côté,,,,,,,,,,,2,2,1,1.0,3.0
201100006282,0011-06-07 11:00:00,11,6,7,11,0,320,93,,,,Plein jour,Hors agglomération,Hors intersection,Pluie forte,Deux véhicules - côté,,,,,,,,,,,1,1,1,3.0,3.0
201100006283,0011-06-27 06:00:00,11,6,27,6,0,320,319,,,,Crépuscule ou aube,Hors agglomération,Hors intersection,Normale,Autre collision,,,,,,,,,,,2,1,1,1.0,6.0
201100006284,0011-08-12 21:45:00,11,8,12,21,45,320,424,,,,Nuit sans éclairage public,Hors agglomération,Hors intersection,Normale,Deux véhicules - côté,,,,,,,,,,,3,1,1,1.0,3.0
201100006285,0011-09-11 10:30:00,11,9,11,10,30,320,319,rue des pyr?n?es,,,Plein jour,En agglomération,Hors intersection,Normale,Deux véhicules - frontale,,,,,,,,,,,1,2,1,1.0,1.0
201100006286,0011-09-14 13:45:00,11,9,14,13,45,320,319,24 ter rue Armagnac,,,Plein jour,En agglomération,Hors intersection,Normale,Deux véhicules - frontale,,,,,,,,,,,1,2,1,1.0,1.0
201100006287,0011-11-08 19:45:00,11,11,8,19,45,320,424,,,,Nuit sans éclairage public,Hors agglomération,Hors intersection,Brouillard / fumée,Sans collision,,,,,,,,,,,3,1,1,5.0,7.0
201100006288,0011-12-02 14:15:00,11,12,2,14,15,320,27,,,,Plein jour,En agglomération,Hors intersection,Normale,Deux véhicules - côté,,,,,,,,,,,1,2,1,1.0,3.0
201100006289,0011-02-28 15:00:00,11,2,28,15,0,460,323,,44.6,1.536,Plein jour,Hors agglomération,Hors intersection,Normale,Autre collision,,,,,,,,,,,1,1,1,1.0,6.0
201100006290,0011-04-23 07:15:00,11,4,23,7,15,460,151,,,,Crépuscule ou aube,Hors agglomération,Hors intersection,Temps couvert,Autre collision,,,,,,,,,,,2,1,1,8.0,6.0
201100006291,0011-06-11 04:30:00,11,6,11,4,30,460,151,,44.614,1.531,Nuit sans éclairage public,Hors agglomération,Hors intersection,Temps couvert,Sans collision,,,,,,,,,,,3,1,1,8.0,7.0
201100006292,0011-07-19 23:30:00,11,7,19,23,30,460,140,,,,Nuit sans éclairage public,Hors agglomération,Autre intersection,Pluie forte,Sans collision,,,,,,,,,,,3,1,9,3.0,7.0
201100006293,0011-07-27 02:00:00,11,7,27,2,0,460,210,,,,Nuit sans éclairage public,Hors agglomération,Hors intersection,Normale,Sans collision,,,,,,,,,,,3,1,1,1.0,7.0
201100006294,0011-12-20 10:00:00,11,12,20,10,0,460,138,,44.69588,1.57284,Plein jour,Hors agglomération,Hors intersection,Pluie légère,Deux véhicules - arrière,,,,,,,,,,,1,1,1,2.0,2.0
201100006295,0011-12-31 16:15:00,11,12,31,16,15,460,137,,44.39618,1.36829,Plein jour,Hors agglomération,Hors intersection,Pluie légère,Sans collision,,,,,,,,,,,1,1,1,2.0,7.0
201100006296,0011-05-29 10:45:00,11,5,29,10,45,460,137,,44.407,1.385,Plein jour,Hors agglomération,Hors intersection,Normale,Autre collision,,,,,,,,,,,1,1,1,1.0,6.0
201100006297,0011-06-21 19:45:00,11,6,21,19,45,460,262,,44.311,1.269,Plein jour,Hors agglomération,Intersection en X,Normale,Deux véhicules - côté,,,,,,,,,,,1,1,2,1.0,3.0
201100006298,0011-07-13 17:00:00,11,7,13,17,0,460,287,,,,Plein jour,Hors agglomération,Hors intersection,Normale,Autre collision,,,,,,,,,,,1,1,1,1.0,6.0
201100006299,0011-08-06 01:15:00,11,8,6,1,15,460,26,,44.304,1.622,Nuit sans éclairage public,Hors agglomération,Hors intersection,Pluie légère,Autre collision,,,,,,,,,,,3,1,1,2.0,6.0
201100006300,0011-10-12 08:45:00,11,10,12,8,45,460,25,,44.365,1.168,Crépuscule ou aube,Hors agglomération,Hors intersection,Normale,Sans collision,,,,,,,,,,,2,1,1,1.0,7.0
201100006301,0011-12-02 12:45:00,11,12,2,12,45,460,70,,44.39903,1.4691,Plein jour,Hors agglomération,Hors intersection,Temps couvert,Sans collision,,,,,,,,,,,1,1,1,8.0,7.0
201100006302,0011-01-08 06:45:00,11,1,8,6,45,460,46,le bourg,,,Nuit avec éclairage allumé,En agglomération,Hors intersection,Normale,Autre collision,,,,,,,,,,,5,2,1,1.0,6.0
201100006303,0011-01-15 06:30:00,11,1,15,6,30,460,66,,,,Nuit sans éclairage public,Hors agglomération,Hors intersection,Normale,Autre collision,,,,,,,,,,,3,1,1,1.0,6.0
201100006304,0011-01-23 03:00:00,11,1,23,3,0,460,64,Avenue du lac,,,Nuit sans éclairage public,En agglomération,Hors intersection,Normale,Autre collision,,,,,,,,,,,3,2,1,1.0,6.0
201100006305,0011-05-07 00:45:00,11,5,7,0,45,460,22,,,,Nuit sans éclairage public,Hors agglomération,Hors intersection,Normale,Autre collision,,,,,,,,,,,3,1,1,1.0,6.0
201100006306,0011-06-26 17:15:00,11,6,26,17,15,460,250,,,,Plein jour,Hors agglomération,Hors intersection,Normale,Autre collision,,,,,,,,,,,1,1,1,1.0,6.0
201100006307,0011-08-05 16:30:00,11,8,5,16,30,460,223,,44.529,1.284,Plein jour,Hors agglomération,Hors intersection,Normale,Autre collision,,,,,,,,,,,1,1,1,1.0,6.0
201100006308,0011-08-12 10:00:00,11,8,12,10,0,460,199,,44.549,1.068,Plein jour,Hors agglomération,Hors intersection,Normale,Deux véhicules - côté,,,,,,,,,,,1,1,1,1.0,3.0
201100006309,0011-09-20 18:15:00,11,9,20,18,15,460,187,,44.472,1.049,Plein jour,Hors agglomération,Hors intersection,Normale,Sans collision,,,,,,,,,,,1,1,1,1.0,7.0
201100006310,0011-10-09 17:45:00,11,10,9,17,45,460,44,,,,Plein jour,Hors agglomération,Hors intersection,Normale,Autre collision,,,,,,,,,,,1,1,1,1.0,6.0
201100006311,0011-11-25 05:45:00,11,11,25,5,45,460,136,,,,Nuit sans éclairage public,Hors agglomération,Hors intersection,Brouillard / fumée,Deux véhicules - frontale,,,,,,,,,,,3,1,1,5.0,1.0
201100006312,0011-11-29 13:30:00,11,11,29,13,30,460,62,,44.50034,1.20597,Plein jour,Hors agglomération,Hors intersection,Normale,Trois véhicules et plus - en chaîne,,,,,,,,,,,1,1,1,1.0,4.0
201100006313,0011-04-27 18:15:00,11,4,27,18,15,460,53,,44.652,1.996,Plein jour,Hors agglomération,Hors intersection,Normale,Deux véhicules - côté,,,,,,,,,,,1,1,1,1.0,3.0
201100006314,0011-05-25 10:45:00,11,5,25,10,45,460,57,,44.69,2.001,Plein jour,Hors agglomération,Hors intersection,Normale,Sans collision,,,,,,,,,,,1,1,1,1.0,7.0
201100006315,0011-06-03 18:15:00,11,6,3,18,15,460,102,quai bessi?re,44.613,2.024,Plein jour,En agglomération,Hors intersection,Normale,Autre collision,,,,,,,,,,,1,2,1,1.0,6.0
201100006316,0011-07-17 12:45:00,11,7,17,12,45,460,102,,,,Plein jour,Hors agglomération,Hors intersection,Temps couvert,Deux véhicules - côté,,,,,,,,,,,1,1,1,8.0,3.0
201100006317,0011-09-06 06:00:00,11,9,6,6,0,460,102,,44.584,2.029,Nuit sans éclairage public,Hors agglomération,Hors intersection,Normale,Deux véhicules - frontale,,,,,,,,,,,3,1,1,1.0,1.0
201100006318,0011-09-20 08:00:00,11,9,20,8,0,460,101,,,,Crépuscule ou aube,Hors agglomération,Hors intersection,Normale,Deux véhicules - côté,,,,,,,,,,,2,1,1,1.0,3.0
201100006319,0011-10-26 16:45:00,11,10,26,16,45,460,332,,44.645,2.076,Plein jour,Hors agglomération,Hors intersection,Normale,Deux véhicules - frontale,,,,,,,,,,,1,1,1,1.0,1.0
201100006320,0011-12-11 12:00:00,11,12,11,12,0,460,102,16 avenue jean Jaures,44.60667,2.02666,Plein jour,En agglomération,Hors intersection,Normale,Autre collision,,,,,,,,,,,1,2,1,1.0,6.0
201100006321,0011-05-07 02:30:00,11,5,7,2,30,460,195,,,,Nuit sans éclairage public,Hors agglomération,Hors intersection,Vent fort / tempête,Autre collision,,,,,,,,,,,3,1,1,6.0,6.0
201100006322,0011-01-09 00:30:00,11,1,9,0,30,460,251,,,,Nuit avec éclairage allumé,En agglomération,Hors intersection,Pluie légère,Sans collision,,,,,,,,,,,5,2,1,2.0,7.0
201100006323,0011-03-20 01:30:00,11,3,20,1,30,460,229,,44.917,1.787,Nuit sans éclairage public,Hors agglomération,Hors intersection,Normale,Autre collision,,,,,,,,,,,3,1,1,1.0,6.0
201100006324,0011-03-28 17:45:00,11,3,28,17,45,460,29,,,,Plein jour,Hors agglomération,Hors intersection,Normale,Deux véhicules - frontale,,,,,,,,,,,1,1,1,1.0,1.0
201100006325,0011-04-06 18:45:00,11,4,6,18,45,460,273,AV du G?n?ral de Gaulle,,,Plein jour,En agglomération,Hors intersection,Normale,Deux véhicules - frontale,,,,,,,,,,,1,2,1,1.0,1.0
201100006326,0011-04-27 15:15:00,11,4,27,15,15,460,29,86 av. de la R?publique,,,Plein jour,En agglomération,Hors intersection,Normale,Deux véhicules - côté,,,,,,,,,,,1,2,1,1.0,3.0
201100006327,0011-05-18 09:45:00,11,5,18,9,45,460,38,avenue de la r?publique,44.925,1.842,Plein jour,En agglomération,Hors intersection,Normale,Deux véhicules - arrière,,,,,,,,,,,1,2,1,1.0,2.0
201100006328,0011-05-26 14:00:00,11,5,26,14,0,460,122,,,,Plein jour,Hors agglomération,Hors intersection,Normale,Autre collision,,,,,,,,,,,1,1,1,1.0,6.0
201100006329,0011-06-10 05:15:00,11,6,10,5,15,460,281,,,,Nuit sans éclairage public,Hors agglomération,Hors intersection,Normale,Deux véhicules - frontale,,,,,,,,,,,3,1,1,1.0,1.0
201100006330,0011-06-11 10:45:00,11,6,11,10,45,460,315,,,,Plein jour,Hors agglomération,Hors intersection,Normale,Sans collision,,,,,,,,,,,1,1,1,1.0,7.0
201100006331,0011-06-16 00:15:00,11,6,16,0,15,460,24,,,,Nuit sans éclairage public,Hors agglomération,Hors intersection,Normale,Autre collision,,,,,,,,,,,3,1,1,1.0,6.0
201100006332,0011-06-15 22:15:00,11,6,15,22,15,460,38,,,,Nuit avec éclairage allumé,Hors agglomération,Hors intersection,Normale,Sans collision,,,,,,,,,,,5,1,1,1.0,7.0
201100006333,0011-07-11 15:15:00,11,7,11,15,15,460,125,,,,Plein jour,Hors agglomération,Hors intersection,Normale,Trois véhicules et plus - collisions multiples,,,,,,,,,,,1,1,1,1.0,5.0
201100006334,0011-08-14 16:45:00,11,8,14,16,45,460,251,168 Avenue Victor Hugo,44.863,1.896,Plein jour,En agglomération,Hors intersection,Normale,Autre collision,,,,,,,,,,,1,2,1,1.0,6.0
201100006335,0011-08-23 16:15:00,11,8,23,16,15,460,228,,,,Plein jour,Hors agglomération,Hors intersection,Normale,Deux véhicules - frontale,,,,,,,,,,,1,1,1,1.0,1.0
201100006336,0011-09-22 15:00:00,11,9,22,15,0,460,76,,,,Plein jour,Hors agglomération,Hors intersection,Normale,Sans collision,,,,,,,,,,,1,1,1,1.0,7.0
201100006337,0011-04-06 14:00:00,11,4,6,14,0,460,127,,,,Plein jour,Hors agglomération,Hors intersection,Normale,Deux véhicules - frontale,,,,,,,,,,,1,1,1,1.0,1.0
201100006338,0011-06-05 14:45:00,11,6,5,14,45,460,127,,44.758,1.376,Plein jour,Hors agglomération,Hors intersection,Normale,Deux véhicules - côté,,,,,,,,,,,1,1,1,1.0,3.0
201100006339,0011-06-25 15:30:00,11,6,25,15,30,460,219,,,,Plein jour,Hors agglomération,Hors intersection,Normale,Deux véhicules - côté,,,,,,,,,,,1,1,1,1.0,3.0
201100006340,0011-07-04 16:30:00,11,7,4,16,30,460,316,,,,Plein jour,Hors agglomération,Hors intersection,Normale,Autre collision,,,,,,,,,,,1,1,1,1.0,6.0
201100006341,0011-07-10 10:30:00,11,7,10,10,30,460,297,,44.684,1.252,Plein jour,Hors agglomération,Hors intersection,Pluie légère,Sans collision,,,,,,,,,,,1,1,1,2.0,7.0
201100006342,0011-07-18 15:15:00,11,7,18,15,15,460,297,,,,Plein jour,Hors agglomération,Hors intersection,Pluie légère,Autre collision,,,,,,,,,,,1,1,1,2.0,6.0
201100006343,0011-07-28 18:45:00,11,7,28,18,45,460,215,,44.826,1.476,Plein jour,Hors agglomération,Hors intersection,Normale,Deux véhicules - arrière,,,,,,,,,,,1,1,1,1.0,2.0
201100006344,0011-08-29 10:45:00,11,8,29,10,45,460,216,,44.762,1.352,Plein jour,Hors agglomération,Hors intersection,Normale,Sans collision,,,,,,,,,,,1,1,1,1.0,7.0
201100006345,0011-08-29 17:30:00,11,8,29,17,30,460,297,,44.705,1.254,Plein jour,Hors agglomération,Hors intersection,Normale,Deux véhicules - frontale,,,,,,,,,,,1,1,1,1.0,1.0
201100006346,0011-09-09 11:30:00,11,9,9,11,30,460,178,,44.834,1.471,Plein jour,Hors agglomération,Hors intersection,Normale,Autre collision,,,,,,,,,,,1,1,1,1.0,6.0
201100006347,0011-10-10 21:30:00,11,10,10,21,30,460,87,,44.666,1.327,Nuit sans éclairage public,Hors agglomération,Hors intersection,Normale,Sans collision,,,,,,,,,,,3,1,1,1.0,7.0
201100006348,0011-10-20 21:15:00,11,10,20,21,15,460,127,,44.745,1.403,Nuit sans éclairage public,Hors agglomération,Hors intersection,Normale,Autre collision,,,,,,,,,,,3,1,1,1.0,6.0
201100006349,0011-12-11 17:45:00,11,12,11,17,45,460,334,,44.74172,1.41873,Crépuscule ou aube,Hors agglomération,Hors intersection,Normale,Deux véhicules - frontale,,,,,,,,,,,2,1,1,1.0,1.0
201100006350,0011-05-11 07:45:00,11,5,11,7,45,460,240,,44.808,1.636,Plein jour,Hors agglomération,Hors intersection,Normale,Autre collision,,,,,,,,,,,1,1,1,1.0,6.0
201100006351,0011-06-02 09:15:00,11,6,2,9,15,460,213,,,,Plein jour,Hors agglomération,Hors intersection,Normale,Autre collision,,,,,,,,,,,1,1,1,1.0,6.0
201100006352,0011-06-10 15:00:00,11,6,10,15,0,460,128,,44.807,1.663,Plein jour,Hors agglomération,Intersection en X,Normale,Deux véhicules - côté,,,,,,,,,,,1,1,2,1.0,3.0
201100006353,0011-08-09 19:30:00,11,8,9,19,30,460,204,,44.68,1.554,Plein jour,Hors agglomération,Hors intersection,Normale,Sans collision,,,,,,,,,,,1,1,1,1.0,7.0
201100006354,0011-12-19 23:00:00,11,12,19,23,0,460,128,Ave Louis Conte,,,Nuit avec éclairage allumé,En agglomération,Hors intersection,Pluie légère,Deux véhicules - côté,,,,,,,,,,,5,2,1,2.0,3.0
201100006355,0011-12-22 19:00:00,11,12,22,19,0,460,128,avenue gambetta,44.78005,1.72658,Nuit avec éclairage allumé,En agglomération,Hors intersection,Pluie légère,Autre collision,,,,,,,,,,,5,2,1,2.0,6.0
201100006356,0011-01-05 08:45:00,11,1,5,8,45,460,312,le Borgne,,,Crépuscule ou aube,En agglomération,Hors intersection,Temps couvert,Autre collision,,,,,,,,,,,2,2,1,8.0,6.0
201100006357,0011-03-13 02:30:00,11,3,13,2,30,460,28,,44.94,1.751,Nuit sans éclairage public,Hors agglomération,Hors intersection,Pluie légère,Autre collision,,,,,,,,,,,3,1,1,2.0,6.0
201100006358,0011-04-23 22:30:00,11,4,23,22,30,460,185,,44.916,1.633,Nuit sans éclairage public,Hors agglomération,Hors intersection,Normale,Sans collision,,,,,,,,,,,3,1,1,1.0,7.0
201100006359,0011-04-28 18:00:00,11,4,28,18,0,460,337,LE PIGEON BAS,,,Plein jour,En agglomération,Hors intersection,Normale,Deux véhicules - arrière,,,,,,,,,,,1,2,1,1.0,2.0
201100006360,0011-05-17 05:30:00,11,5,17,5,30,460,153,,44.869,1.479,Nuit sans éclairage public,Hors agglomération,Hors intersection,Normale,Autre collision,,,,,,,,,,,3,1,1,1.0,6.0
201100006361,0011-06-06 18:00:00,11,6,6,18,0,460,309,RUE RECEGE,,,Plein jour,En agglomération,Hors intersection,Normale,Deux véhicules - frontale,,,,,,,,,,,1,2,1,1.0,1.0
201100006362,0011-07-17 05:15:00,11,7,17,5,15,460,28,,44.939,1.752,Nuit sans éclairage public,Hors agglomération,Passage à niveau,Pluie légère,Autre collision,,,,,,,,,,,3,1,8,2.0,6.0
201100006363,0011-08-01 18:30:00,11,8,1,18,30,460,330,,44.947,1.677,Plein jour,Hors agglomération,Hors intersection,Normale,Deux véhicules - côté,,,,,,,,,,,1,1,1,1.0,3.0
201100006364,0011-08-26 00:30:00,11,8,26,0,30,460,330,carrefour D803/D116,,,Nuit avec éclairage allumé,En agglomération,Hors intersection,Normale,Deux véhicules - frontale,,,,,,,,,,,5,2,1,1.0,1.0
201100006365,0011-10-09 18:30:00,11,10,9,18,30,460,16,,44.932,1.573,Plein jour,Hors agglomération,Hors intersection,Pluie légère,Autre collision,,,,,,,,,,,1,1,1,2.0,6.0
201100006366,0011-11-06 05:30:00,11,11,6,5,30,460,265,Pont La Tourmente,44.95,1.669,Nuit avec éclairage allumé,En agglomération,Hors intersection,Pluie légère,Autre collision,,,,,,,,,,,5,2,1,2.0,6.0
201100006367,0011-11-22 11:30:00,11,11,22,11,30,460,58,,44.91346,1.73833,Plein jour,Hors agglomération,Intersection en T,Normale,Trois véhicules et plus - collisions multiples,,,,,,,,,,,1,1,3,1.0,5.0
201100006368,0011-12-14 01:45:00,11,12,14,1,45,460,86,,44.9633,1.50192,Nuit sans éclairage public,Hors agglomération,Hors intersection,Pluie légère,Deux véhicules - frontale,,,,,,,,,,,3,1,1,2.0,1.0
201100006369,0011-01-28 18:00:00,11,1,28,18,0,650,235,,,,Nuit sans éclairage public,Hors agglomération,Hors intersection,Normale,Deux véhicules - côté,,,,,,,,,,,3,1,1,1.0,3.0
201100006370,0011-03-11 07:15:00,11,3,11,7,15,650,146,,,,Crépuscule ou aube,Hors agglomération,Hors intersection,Brouillard / fumée,Trois véhicules et plus - collisions multiples,,,,,,,,,,,2,1,1,5.0,5.0
201100006371,0011-03-25 09:00:00,11,3,25,9,0,650,10,,,,Plein jour,Hors agglomération,Hors intersection,Normale,Deux véhicules - côté,,,,,,,,,,,1,1,1,1.0,3.0
201100006372,0011-03-30 12:45:00,11,3,30,12,45,650,401,,,,Plein jour,Hors agglomération,Autre intersection,Normale,Autre collision,,,,,,,,,,,1,1,9,1.0,6.0
201100006373,0011-05-08 15:00:00,11,5,8,15,0,650,284,,,,Plein jour,Hors agglomération,Hors intersection,Temps éblouissant,Trois véhicules et plus - collisions multiples,,,,,,,,,,,1,1,1,7.0,5.0
201100006374,0011-05-09 05:00:00,11,5,9,5,0,650,235,,,,Nuit sans éclairage public,Hors agglomération,Hors intersection,Normale,Autre collision,,,,,,,,,,,3,1,1,1.0,6.0
201100006375,0011-07-25 08:00:00,11,7,25,8,0,650,235,,,,Plein jour,Hors agglomération,Hors intersection,Pluie légère,Trois véhicules et plus - collisions multiples,,,,,,,,,,,1,1,1,2.0,5.0
201100006376,0011-08-01 18:45:00,11,8,1,18,45,650,366,,,,Plein jour,Hors agglomération,Hors intersection,Normale,Deux véhicules - côté,,,,,,,,,,,1,1,1,1.0,3.0
201100006377,0011-11-09 01:45:00,11,11,9,1,45,650,350,,,,Nuit sans éclairage public,Hors agglomération,Hors intersection,Normale,Autre collision,,,,,,,,,,,3,1,1,1.0,6.0
201100006378,0011-04-01 19:30:00,11,4,1,19,30,650,373,,43.304,0.454,Plein jour,Hors agglomération,Intersection en X,Normale,Deux véhicules - côté,,,,,,,,,,,1,1,2,1.0,3.0
201100006379,0011-04-07 07:45:00,11,4,7,7,45,650,95,Le village,43.255,0.344,Plein jour,En agglomération,Hors intersection,Autre,Deux véhicules - côté,,,,,,,,,,,1,2,1,9.0,3.0
201100006380,0011-09-05 21:00:00,11,9,5,21,0,650,148,,43.264,0.504,Nuit sans éclairage public,Hors agglomération,Hors intersection,Normale,Autre collision,,,,,,,,,,,3,1,1,1.0,6.0
201100006381,0011-09-19 08:45:00,11,9,19,8,45,650,253,,,,Plein jour,Hors agglomération,Hors intersection,Normale,Deux véhicules - frontale,,,,,,,,,,,1,1,1,1.0,1.0
201100006382,0011-09-19 16:45:00,11,9,19,16,45,650,373,,,,Plein jour,Hors agglomération,Hors intersection,Normale,Deux véhicules - frontale,,,,,,,,,,,1,1,1,1.0,1.0
201100006383,0011-08-05 13:15:00,11,8,5,13,15,650,104,,,,Plein jour,Hors agglomération,Hors intersection,Normale,Deux véhicules - côté,,,,,,,,,,,1,1,1,1.0,3.0
201100006384,0011-08-23 11:30:00,11,8,23,11,30,650,181,,,,Plein jour,Hors agglomération,Hors intersection,Normale,Deux véhicules - arrière,,,,,,,,,,,1,1,1,1.0,2.0
201100006385,0011-10-03 20:15:00,11,10,3,20,15,650,181,24 route de Bagn?res,43.18,0.171,Crépuscule ou aube,En agglomération,Hors intersection,Normale,Autre collision,,,,,,,,,,,2,2,1,1.0,6.0
201100006386,0011-10-31 08:45:00,11,10,31,8,45,650,375,Place centrale,,,Plein jour,En agglomération,Place,Normale,Autre collision,,,,,,,,,,,1,2,7,1.0,6.0
201100006387,0011-02-14 21:30:00,11,2,14,21,30,650,432,,,,Nuit sans éclairage public,Hors agglomération,Hors intersection,Temps couvert,Deux véhicules - frontale,,,,,,,,,,,3,1,1,8.0,1.0
201100006388,0011-03-27 03:45:00,11,3,27,3,45,650,304,avenue de TARBES,,,Nuit avec éclairage allumé,En agglomération,Hors intersection,Normale,Autre collision,,,,,,,,,,,5,2,1,1.0,6.0
201100006389,0011-03-28 14:45:00,11,3,28,14,45,650,460,,,,Plein jour,Hors agglomération,Hors intersection,Pluie légère,Deux véhicules - frontale,,,,,,,,,,,1,1,1,2.0,1.0
201100006390,0011-05-11 14:15:00,11,5,11,14,15,650,460,Route de Pau,,,Plein jour,En agglomération,Intersection en X,Normale,Deux véhicules - côté,,,,,,,,,,,1,2,2,1.0,3.0
201100006391,0011-06-25 13:45:00,11,6,25,13,45,650,460,,,,Plein jour,Hors agglomération,Hors intersection,Normale,Autre collision,,,,,,,,,,,1,1,1,1.0,6.0
201100006392,0011-10-06 18:45:00,11,10,6,18,45,650,304,rue Georges Cl?menceau,43.473,0.036,Crépuscule ou aube,En agglomération,Hors intersection,Normale,Autre collision,,,,,,,,,,,2,2,1,1.0,6.0
201100006393,0011-10-18 12:15:00,11,10,18,12,15,650,372,,43.349,0.072,Plein jour,Hors agglomération,Hors intersection,Normale,Deux véhicules - frontale,,,,,,,,,,,1,1,1,1.0,1.0
201100006394,0011-11-24 13:45:00,11,11,24,13,45,650,387,,,,Plein jour,Hors agglomération,Intersection en X,Brouillard / fumée,Deux véhicules - côté,,,,,,,,,,,1,1,2,5.0,3.0