accident_id,datetime,annee,mois,jour,heure,minute,departement,commune_insee,adresse,latitude,longitude,luminosite,agglomeration,intersection,meteo,collision,nb_vehicules,nb_usagers,nb_indemnes,nb_tues,nb_blesses_hosp,nb_blesses_legers,age_cond_1,age_cond_2,veh_type_cond_1,veh_type_cond_2,lum_code,agg_code,int_code,atm_code,col_code
201100006524,0011-01-30 00:15:00,11,1,30,0,15,810,120,,43.5499,2.27898,Nuit sans éclairage public,Hors agglomération,Hors intersection,Pluie légère,Autre collision,,,,,,,,,,,3,1,1,2.0,6.0
201100006525,0011-01-31 16:30:00,11,1,31,16,30,810,312,,43.5131,2.16728,Plein jour,Hors agglomération,Hors intersection,Normale,Autre collision,,,,,,,,,,,1,1,1,1.0,6.0
201100006526,0011-02-20 16:30:00,11,2,20,16,30,810,288,Route de Castres - RD85,,,Plein jour,En agglomération,Hors intersection,Normale,Deux véhicules - arrière,,,,,,,,,,,1,2,1,1.0,2.0
201100006527,0011-03-15 07:30:00,11,3,15,7,30,810,288,,43.4542,2.01773,Crépuscule ou aube,Hors agglomération,Hors intersection,Vent fort / tempête,Autre collision,,,,,,,,,,,2,1,1,6.0,6.0
201100006528,0011-04-02 00:30:00,11,4,2,0,30,810,81,AVENUE DOM ROMAIN BANQUE,43.4863,2.13765,Nuit avec éclairage allumé,En agglomération,Hors intersection,Normale,Autre collision,,,,,,,,,,,5,2,1,1.0,6.0
201100006529,0011-04-05 09:45:00,11,4,5,9,45,810,289,,43.5698,2.13361,Plein jour,Hors agglomération,Hors intersection,Normale,Deux véhicules - arrière,,,,,,,,,,,1,1,1,1.0,2.0
201100006530,0011-04-27 09:45:00,11,4,27,9,45,810,288,,,,Plein jour,Hors agglomération,Hors intersection,Normale,Autre collision,,,,,,,,,,,1,1,1,1.0,6.0
201100006531,0011-07-02 17:15:00,11,7,2,17,15,810,288,,43.4376,2.03783,Plein jour,Hors agglomération,Intersection en Y,Normale,Deux véhicules - frontale,,,,,,,,,,,1,1,4,1.0,1.0
201100006532,0011-07-21 06:00:00,11,7,21,6,0,810,120,,,,Crépuscule ou aube,Hors agglomération,Hors intersection,Normale,Autre collision,,,,,,,,,,,2,1,1,1.0,6.0
201100006533,0011-08-13 06:00:00,11,8,13,6,0,810,288,,43.4541,2.01815,Crépuscule ou aube,Hors agglomération,Hors intersection,Normale,Autre collision,,,,,,,,,,,2,1,1,1.0,6.0
201100006534,0011-08-15 16:00:00,11,8,15,16,0,810,120,,43.4924,2.2629,Plein jour,Hors agglomération,Hors intersection,Normale,Autre collision,,,,,,,,,,,1,1,1,1.0,6.0
201100006535,0011-09-11 16:45:00,11,9,11,16,45,810,129,,43.5115,2.0849,Plein jour,Hors agglomération,Hors intersection,Normale,Deux véhicules - côté,,,,,,,,,,,1,1,1,1.0,3.0
201100006536,0011-09-21 18:45:00,11,9,21,18,45,810,204,,43.5385,2.35192,Plein jour,Hors agglomération,Hors intersection,Normale,Autre collision,,,,,,,,,,,1,1,1,1.0,6.0
201100006537,0011-10-28 12:00:00,11,10,28,12,0,810,312,,,,Plein jour,Hors agglomération,Hors intersection,Pluie forte,Deux véhicules - frontale,,,,,,,,,,,1,1,1,3.0,1.0
201100006538,0011-11-11 05:00:00,11,11,11,5,0,810,130,,43.578,2.285,Nuit sans éclairage public,Hors agglomération,Hors intersection,Normale,Autre collision,,,,,,,,,,,3,1,1,1.0,6.0
201100006539,0011-11-13 14:30:00,11,11,13,14,30,810,237,,43.4812,2.11332,Plein jour,Hors agglomération,Hors intersection,Vent fort / tempête,Sans collision,,,,,,,,,,,1,1,1,6.0,7.0
201100006540,0011-11-19 19:15:00,11,11,19,19,15,810,55,,43.4125,2.07293,Nuit avec éclairage non allumé,Hors agglomération,Hors intersection,Normale,Deux véhicules - frontale,,,,,,,,,,,4,1,1,1.0,1.0
201100006541,0011-12-17 17:45:00,11,12,17,17,45,810,66,,,,Crépuscule ou aube,Hors agglomération,Hors intersection,Pluie légère,Deux véhicules - frontale,,,,,,,,,,,2,1,1,2.0,1.0
201100006542,0011-02-19 12:15:00,11,2,19,12,15,810,219,,43.599,2.00199,Plein jour,Hors agglomération,Hors intersection,Normale,Deux véhicules - frontale,,,,,,,,,,,1,1,1,1.0,1.0
201100006543,0011-06-24 07:15:00,11,6,24,7,15,810,205,,43.5482,1.93956,Plein jour,Hors agglomération,Hors intersection,Normale,Deux véhicules - frontale,,,,,,,,,,,1,1,1,1.0,1.0
201100006544,0011-07-08 15:15:00,11,7,8,15,15,810,219,,43.5673,1.94518,Plein jour,Hors agglomération,Hors intersection,Normale,Trois véhicules et plus - en chaîne,,,,,,,,,,,1,1,1,1.0,4.0
201100006545,0011-08-01 12:45:00,11,8,1,12,45,810,200,,43.517,2.00984,Plein jour,Hors agglomération,Hors intersection,Normale,Autre collision,,,,,,,,,,,1,1,1,1.0,6.0
201100006546,0011-08-25 15:30:00,11,8,25,15,30,810,219,23 Avenue de revel,43.5705,2.01315,Plein jour,En agglomération,Hors intersection,Normale,Deux véhicules - arrière,,,,,,,,,,,1,2,1,1.0,2.0
201100006547,0011-08-29 10:30:00,11,8,29,10,30,810,219,,43.5503,2.01376,Plein jour,Hors agglomération,Hors intersection,Normale,Autre collision,,,,,,,,,,,1,1,1,1.0,6.0
201100006548,0011-09-19 14:15:00,11,9,19,14,15,810,76,,43.5717,1.87598,Plein jour,Hors agglomération,Hors intersection,Normale,Sans collision,,,,,,,,,,,1,1,1,1.0,7.0
201100006549,0011-09-23 08:30:00,11,9,23,8,30,810,219,,43.557,2.039,Plein jour,Hors agglomération,Hors intersection,Normale,Deux véhicules - arrière,,,,,,,,,,,1,1,1,1.0,2.0
201100006550,0011-12-02 14:30:00,11,12,2,14,30,810,76,,43.5717,1.87617,Plein jour,Hors agglomération,Hors intersection,Normale,Autre collision,,,,,,,,,,,1,1,1,1.0,6.0
201100006551,0011-12-23 07:45:00,11,12,23,7,45,810,200,,43.4947,2.0129,Crépuscule ou aube,Hors agglomération,Hors intersection,Brouillard / fumée,Deux véhicules - frontale,,,,,,,,,,,2,1,1,5.0,1.0
201100006552,0011-03-14 20:30:00,11,3,14,20,30,820,149,,,,Nuit sans éclairage public,Hors agglomération,Hors intersection,Vent fort / tempête,Deux véhicules - frontale,,,,,,,,,,,3,1,1,6.0,1.0
201100006553,0011-03-31 18:45:00,11,3,31,18,45,820,37,D117,,,Plein jour,En agglomération,Hors intersection,Normale,Deux véhicules - côté,,,,,,,,,,,1,2,1,1.0,3.0
201100006554,0011-04-30 20:30:00,11,4,30,20,30,820,195,,,,Crépuscule ou aube,Hors agglomération,Hors intersection,Normale,Trois véhicules et plus - collisions multiples,,,,,,,,,,,2,1,1,1.0,5.0
201100006555,0011-05-12 18:30:00,11,5,12,18,30,820,144,,,,Plein jour,Hors agglomération,Hors intersection,Normale,Deux véhicules - côté,,,,,,,,,,,1,1,1,1.0,3.0
201100006556,0011-06-03 02:15:00,11,6,3,2,15,820,131,,,,Nuit avec éclairage allumé,Hors agglomération,Hors intersection,Brouillard / fumée,Autre collision,,,,,,,,,,,5,1,1,5.0,6.0
201100006557,0011-06-24 18:45:00,11,6,24,18,45,820,90,,,,Plein jour,Hors agglomération,Hors intersection,Normale,Deux véhicules - côté,,,,,,,,,,,1,1,1,1.0,3.0
201100006558,0011-07-16 00:30:00,11,7,16,0,30,820,37,93 av  Général LECLERC,,,Nuit avec éclairage allumé,En agglomération,Hors intersection,Normale,Sans collision,,,,,,,,,,,5,2,1,1.0,7.0
201100006559,0011-07-16 20:15:00,11,7,16,20,15,820,87,,44.119,1.262,Plein jour,Hors agglomération,Hors intersection,Normale,Deux véhicules - côté,,,,,,,,,,,1,1,1,1.0,3.0
201100006560,0011-08-09 13:15:00,11,8,9,13,15,820,37,Avenue Général Leclerc,,,Plein jour,En agglomération,Hors intersection,Normale,Deux véhicules - côté,,,,,,,,,,,1,2,1,1.0,3.0
201100006561,0011-08-22 08:15:00,11,8,22,8,15,820,37,Cour Didier Rey,,,Plein jour,En agglomération,Hors intersection,Normale,Autre collision,,,,,,,,,,,1,2,1,1.0,6.0
201100006562,0011-08-25 08:15:00,11,8,25,8,15,820,195,,,,Plein jour,Hors agglomération,Hors intersection,Temps couvert,Autre collision,,,,,,,,,,,1,1,1,8.0,6.0
201100006563,0011-09-01 21:30:00,11,9,1,21,30,820,179,,,,Nuit sans éclairage public,Hors agglomération,Hors intersection,Normale,Autre collision,,,,,,,,,,,3,1,1,1.0,6.0
201100006564,0011-09-13 15:00:00,11,9,13,15,0,820,78,,,,Plein jour,Hors agglomération,Hors intersection,Normale,Deux véhicules - frontale,,,,,,,,,,,1,1,1,1.0,1.0
201100006565,0011-09-15 08:15:00,11,9,15,8,15,820,149,,,,Plein jour,Hors agglomération,Hors intersection,Normale,Deux véhicules - frontale,,,,,,,,,,,1,1,1,1.0,1.0
201100006566,0011-09-29 02:15:00,11,9,29,2,15,820,113,,44.185,1.351,Nuit sans éclairage public,Hors agglomération,Hors intersection,Normale,Autre collision,,,,,,,,,,,3,1,1,1.0,6.0
201100006567,0011-11-01 06:00:00,11,11,1,6,0,820,87,,,,Nuit sans éclairage public,Hors agglomération,Hors intersection,Pluie légère,Autre collision,,,,,,,,,,,3,1,1,2.0,6.0
201100006568,0011-11-10 19:00:00,11,11,10,19,0,820,37,,,,Nuit avec éclairage non allumé,Hors agglomération,Hors intersection,Normale,Deux véhicules - frontale,,,,,,,,,,,4,1,1,1.0,1.0
201100006569,0011-01-16 15:45:00,11,1,16,15,45,820,2,,44.079,1.429,Plein jour,Hors agglomération,Hors intersection,Normale,Deux véhicules - arrière,,,,,,,,,,,1,1,1,1.0,2.0
201100006570,0011-01-24 07:30:00,11,1,24,7,30,820,2,,,,Nuit avec éclairage allumé,Hors agglomération,Hors intersection,Autre,Trois véhicules et plus - collisions multiples,,,,,,,,,,,5,1,1,9.0,5.0
201100006571,0011-01-31 19:45:00,11,1,31,19,45,820,184,,44.013,1.516,Nuit sans éclairage public,Hors agglomération,Hors intersection,Normale,Autre collision,,,,,,,,,,,3,1,1,1.0,6.0
201100006572,0011-02-12 16:15:00,11,2,12,16,15,820,134,,44.076,1.54,Plein jour,Hors agglomération,Hors intersection,Normale,Autre collision,,,,,,,,,,,1,1,1,1.0,6.0
201100006573,0011-03-08 10:45:00,11,3,8,10,45,820,161,Chemin des églantiers,,,Plein jour,Hors agglomération,Hors intersection,Normale,Sans collision,,,,,,,,,,,1,1,1,1.0,7.0
201100006574,0011-04-08 07:45:00,11,4,8,7,45,820,161,,44.054,1.44,Plein jour,Hors agglomération,Hors intersection,Brouillard / fumée,Deux véhicules - côté,,,,,,,,,,,1,1,1,5.0,3.0
201100006575,0011-04-15 18:45:00,11,4,15,18,45,820,184,,44.045,1.554,Plein jour,Hors agglomération,Hors intersection,Normale,Sans collision,,,,,,,,,,,1,1,1,1.0,7.0
201100006576,0011-04-15 22:15:00,11,4,15,22,15,820,134,,44.072,1.496,Nuit sans éclairage public,Hors agglomération,Hors intersection,Normale,Autre collision,,,,,,,,,,,3,1,1,1.0,6.0
201100006577,0011-04-16 21:00:00,11,4,16,21,0,820,98,,44.006,1.467,Nuit avec éclairage non allumé,Hors agglomération,Hors intersection,Normale,Autre collision,,,,,,,,,,,4,1,1,1.0,6.0
201100006578,0011-05-09 14:30:00,11,5,9,14,30,820,176,,43.974,1.52,Plein jour,Hors agglomération,Hors intersection,Normale,Sans collision,,,,,,,,,,,1,1,1,1.0,7.0
201100006579,0011-06-11 23:15:00,11,6,11,23,15,820,132,,44.088,1.599,Nuit sans éclairage public,Hors agglomération,Hors intersection,Normale,Autre collision,,,,,,,,,,,3,1,1,1.0,6.0
201100006580,0011-06-12 06:30:00,11,6,12,6,30,820,98,,44.027,1.458,Plein jour,Hors agglomération,Hors intersection,Normale,Autre collision,,,,,,,,,,,1,1,1,1.0,6.0
201100006581,0011-09-11 10:30:00,11,9,11,10,30,820,134,Route de Montricoux,44.076,1.537,Plein jour,En agglomération,Giratoire,Normale,Deux véhicules - arrière,,,,,,,,,,,1,2,6,1.0,2.0
201100006582,0011-11-07 10:45:00,11,11,7,10,45,820,176,,43.971,1.564,Plein jour,Hors agglomération,Hors intersection,Pluie légère,Autre collision,,,,,,,,,,,1,1,1,2.0,6.0
201100006583,0011-11-09 22:30:00,11,11,9,22,30,820,161,,44.038,1.475,Nuit sans éclairage public,Hors agglomération,Hors intersection,Normale,Sans collision,,,,,,,,,,,3,1,1,1.0,7.0
201100006584,0011-05-29 05:30:00,11,5,29,5,30,820,187,,44.143,1.854,Crépuscule ou aube,Hors agglomération,Hors intersection,Normale,Autre collision,,,,,,,,,,,2,1,1,1.0,6.0
201100006585,0011-07-05 17:30:00,11,7,5,17,30,820,137,,,,Plein jour,Hors agglomération,Hors intersection,Temps éblouissant,Deux véhicules - frontale,,,,,,,,,,,1,1,1,7.0,1.0
201100006586,0011-07-17 12:30:00,11,7,17,12,30,820,38,,,,Plein jour,Hors agglomération,Hors intersection,Temps couvert,Deux véhicules - frontale,,,,,,,,,,,1,1,1,8.0,1.0
201100006587,0011-08-21 10:00:00,11,8,21,10,0,820,155,,,,Plein jour,Hors agglomération,Hors intersection,Normale,Trois véhicules et plus - collisions multiples,,,,,,,,,,,1,1,1,1.0,5.0
201100006588,0011-08-22 23:00:00,11,8,22,23,0,820,155,,44.15,1.753,Nuit sans éclairage public,Hors agglomération,Hors intersection,Normale,Sans collision,,,,,,,,,,,3,1,1,1.0,7.0
201100006589,0011-08-23 19:15:00,11,8,23,19,15,820,155,,44.157,1.734,Plein jour,Hors agglomération,Hors intersection,Normale,Autre collision,,,,,,,,,,,1,1,1,1.0,6.0
201100006590,0011-08-27 13:45:00,11,8,27,13,45,820,187,,44.149,1.865,Plein jour,Hors agglomération,Hors intersection,Normale,Deux véhicules - côté,,,,,,,,,,,1,1,1,1.0,3.0
201100006591,0011-09-02 10:00:00,11,9,2,10,0,820,155,,44.237,1.774,Plein jour,Hors agglomération,Hors intersection,Normale,Sans collision,,,,,,,,,,,1,1,1,1.0,7.0
201100006592,0011-12-03 21:00:00,11,12,3,21,0,820,88,,,,Nuit sans éclairage public,Hors agglomération,Hors intersection,Pluie légère,Sans collision,,,,,,,,,,,3,1,1,2.0,7.0
201100006593,0011-03-22 12:45:00,11,3,22,12,45,820,34,,44.0,0.907,Plein jour,Hors agglomération,Intersection en X,Temps éblouissant,Deux véhicules - côté,,,,,,,,,,,1,1,2,7.0,3.0
201100006594,0011-04-26 19:30:00,11,4,26,19,30,820,13,,43.887,1.01299,Plein jour,Hors agglomération,Hors intersection,Normale,Sans collision,,,,,,,,,,,1,1,1,1.0,7.0
201100006595,0011-05-19 02:30:00,11,5,19,2,30,820,13,,,,Nuit sans éclairage public,En agglomération,Hors intersection,Normale,Autre collision,,,,,,,,,,,3,2,1,1.0,6.0
201100006596,0011-06-10 19:00:00,11,6,10,19,0,820,143,,,,Plein jour,Hors agglomération,Intersection en X,Temps couvert,Deux véhicules - côté,,,,,,,,,,,1,1,2,8.0,3.0
201100006597,0011-06-26 12:15:00,11,6,26,12,15,820,143,,43.967,0.842,Plein jour,Hors agglomération,Hors intersection,Normale,Sans collision,,,,,,,,,,,1,1,1,1.0,7.0
201100006598,0011-08-12 18:00:00,11,8,12,18,0,820,13,,43.872,1.008,Plein jour,Hors agglomération,Hors intersection,Normale,Autre collision,,,,,,,,,,,1,1,1,1.0,6.0
201100006599,0011-01-01 02:15:00,11,1,1,2,15,820,79,,43.906,1.369,Nuit sans éclairage public,Hors agglomération,Hors intersection,Brouillard / fumée,Autre collision,,,,,,,,,,,3,1,1,5.0,6.0
201100006600,0011-01-04 07:15:00,11,1,4,7,15,820,167,,43.982,1.471,Nuit sans éclairage public,Hors agglomération,Hors intersection,Normale,Autre collision,,,,,,,,,,,3,1,1,1.0,6.0
201100006601,0011-02-08 22:00:00,11,2,8,22,0,820,188,,43.932,1.507,Nuit sans éclairage public,Hors agglomération,Hors intersection,Normale,Autre collision,,,,,,,,,,,3,1,1,1.0,6.0
201100006602,0011-02-28 17:00:00,11,2,28,17,0,820,28,,43.852,1.296,Plein jour,Hors agglomération,Hors intersection,Normale,Deux véhicules - frontale,,,,,,,,,,,1,1,1,1.0,1.0
201100006603,0011-04-11 23:45:00,11,4,11,23,45,820,142,,43.812,1.323,Nuit sans éclairage public,Hors agglomération,Hors intersection,Normale,Sans collision,,,,,,,,,,,3,1,1,1.0,7.0
201100006604,0011-05-25 17:30:00,11,5,25,17,30,820,142,,43.813,1.321,Plein jour,Hors agglomération,Hors intersection,Normale,Deux véhicules - côté,,,,,,,,,,,1,1,1,1.0,3.0
201100006605,0011-06-29 07:00:00,11,6,29,7,0,820,188,,43.906,1.515,Plein jour,Hors agglomération,Hors intersection,Normale,Sans collision,,,,,,,,,,,1,1,1,1.0,7.0
201100006606,0011-08-15 11:30:00,11,8,15,11,30,820,167,,43.949,1.465,Plein jour,Hors agglomération,Hors intersection,Normale,Deux véhicules - frontale,,,,,,,,,,,1,1,1,1.0,1.0
201100006607,0011-09-02 08:30:00,11,9,2,8,30,820,75,,43.827,1.303,Plein jour,Hors agglomération,Hors intersection,Normale,Autre collision,,,,,,,,,,,1,1,1,1.0,6.0
201100006608,0011-04-17 22:00:00,11,4,17,22,0,820,94,,44.268,1.147,Nuit sans éclairage public,Hors agglomération,Hors intersection,Normale,Autre collision,,,,,,,,,,,3,1,1,1.0,6.0
201100006609,0011-04-29 11:30:00,11,4,29,11,30,820,117,,,,Plein jour,Hors agglomération,Intersection en T,Temps éblouissant,Deux véhicules - côté,,,,,,,,,,,1,1,3,7.0,3.0
201100006610,0011-09-11 03:30:00,11,9,11,3,30,820,168,,,,Nuit sans éclairage public,Hors agglomération,Hors intersection,Normale,Deux véhicules - frontale,,,,,,,,,,,3,1,1,1.0,1.0
201100006611,0011-11-05 20:30:00,11,11,5,20,30,820,168,,44.203,1.03299,Nuit sans éclairage public,Hors agglomération,Hors intersection,Pluie légère,Autre collision,,,,,,,,,,,3,1,1,2.0,6.0
201100006612,0011-12-16 05:45:00,11,12,16,5,45,820,151,,44.33,0.93,Nuit sans éclairage public,Hors agglomération,Hors intersection,Pluie légère,Sans collision,,,,,,,,,,,3,1,1,2.0,7.0
201100006613,0011-01-29 07:45:00,11,1,29,7,45,820,96,,,,Crépuscule ou aube,Hors agglomération,Hors intersection,Pluie forte,Autre collision,,,,,,,,,,,2,1,1,3.0,6.0
201100006614,0011-02-10 15:30:00,11,2,10,15,30,820,112,,44.099,1.053,Plein jour,Hors agglomération,Hors intersection,Normale,Deux véhicules - frontale,,,,,,,,,,,1,1,1,1.0,1.0
201100006615,0011-03-19 02:45:00,11,3,19,2,45,820,169,,44.054,1.01699,Nuit sans éclairage public,Hors agglomération,Hors intersection,Normale,Autre collision,,,,,,,,,,,3,1,1,1.0,6.0
201100006616,0011-04-12 13:30:00,11,4,12,13,30,820,112,avenue du Chasselas,44.111,1.097,Plein jour,En agglomération,Hors intersection,Normale,Deux véhicules - arrière,,,,,,,,,,,1,2,1,1.0,2.0
201100006617,0011-05-13 06:45:00,11,5,13,6,45,820,112,01 avenue du chasselas,,,Crépuscule ou aube,En agglomération,Hors intersection,Normale,Autre collision,,,,,,,,,,,2,2,1,1.0,6.0
201100006618,0011-05-12 08:00:00,11,5,12,8,0,820,169,,,,Plein jour,Hors agglomération,Hors intersection,Normale,Sans collision,,,,,,,,,,,1,1,1,1.0,7.0
201100006619,0011-05-26 09:30:00,11,5,26,9,30,820,96,,44.03,1.246,Plein jour,Hors agglomération,Hors intersection,Normale,Deux véhicules - frontale,,,,,,,,,,,1,1,1,1.0,1.0
201100006620,0011-06-11 01:30:00,11,6,11,1,30,820,127,,,,Nuit sans éclairage public,Hors agglomération,Hors intersection,Autre,Autre collision,,,,,,,,,,,3,1,1,9.0,6.0
201100006621,0011-10-16 06:30:00,11,10,16,6,30,820,99,,44.118,1.207,Nuit sans éclairage public,Hors agglomération,Hors intersection,Normale,Sans collision,,,,,,,,,,,3,1,1,1.0,7.0
201100006622,0011-11-03 16:45:00,11,11,3,16,45,820,112,12 AVENUE CAYLA,,,Plein jour,En agglomération,Hors intersection,Pluie légère,Deux véhicules - côté,,,,,,,,,,,1,2,1,2.0,3.0
201100006623,0011-11-04 04:30:00,11,11,4,4,30,820,19,,,,Nuit sans éclairage public,Hors agglomération,Hors intersection,Brouillard / fumée,Autre collision,,,,,,,,,,,3,1,1,5.0,6.0
201100006624,0011-11-18 21:45:00,11,11,18,21,45,820,108,,,,Nuit sans éclairage public,Hors agglomération,Hors intersection,Normale,Autre collision,,,,,,,,,,,3,1,1,1.0,6.0
201100006625,0011-12-11 18:45:00,11,12,11,18,45,820,112,,44.13,1.102,Nuit sans éclairage public,Hors agglomération,Hors intersection,Normale,Deux véhicules - côté,,,,,,,,,,,3,1,1,1.0,3.0
201100006626,0011-02-14 14:45:00,11,2,14,14,45,820,124,,,,Plein jour,Hors agglomération,Hors intersection,Normale,Sans collision,,,,,,,,,,,1,1,1,1.0,7.0
201100006627,0011-03-06 14:15:00,11,3,6,14,15,820,123,493 Route du Canal,,,Plein jour,En agglomération,Hors intersection,Normale,Autre collision,,,,,,,,,,,1,2,1,1.0,6.0
201100006628,0011-04-03 21:00:00,11,4,3,21,0,820,125,,,,Nuit sans éclairage public,Hors agglomération,Hors intersection,Normale,Autre collision,,,,,,,,,,,3,1,1,1.0,6.0
201100006629,0011-04-12 16:15:00,11,4,12,16,15,820,190,CD 26 route de TOULOUSE,,,Plein jour,En agglomération,Hors intersection,Normale,Deux véhicules - côté,,,,,,,,,,,1,2,1,1.0,3.0
201100006630,0011-06-08 07:45:00,11,6,8,7,45,820,23,,,,Plein jour,Hors agglomération,Hors intersection,Normale,Deux véhicules - frontale,,,,,,,,,,,1,1,1,1.0,1.0
201100006631,0011-07-23 06:45:00,11,7,23,6,45,820,125,,,,Nuit sans éclairage public,Hors agglomération,Hors intersection,Pluie légère,Deux véhicules - arrière,,,,,,,,,,,3,1,1,2.0,2.0
201100006632,0011-09-28 20:00:00,11,9,28,20,0,820,123,,43.907,1.267,Nuit sans éclairage public,Hors agglomération,Hors intersection,Normale,Sans collision,,,,,,,,,,,3,1,1,1.0,7.0
201100006633,0011-10-15 19:30:00,11,10,15,19,30,820,125,,,,Nuit sans éclairage public,Hors agglomération,Hors intersection,Normale,Autre collision,,,,,,,,,,,3,1,1,1.0,6.0
201100006634,0011-10-25 05:30:00,11,10,25,5,30,820,190,,,,Nuit sans éclairage public,Hors agglomération,Hors intersection,Pluie légère,Autre collision,,,,,,,,,,,3,1,1,2.0,6.0
201100006635,0011-11-04 18:30:00,11,11,4,18,30,820,85,,,,Nuit sans éclairage public,Hors agglomération,Hors intersection,Temps couvert,Autre collision,,,,,,,,,,,3,1,1,8.0,6.0
201100006636,0011-12-15 08:15:00,11,12,15,8,15,820,190,,,,Crépuscule ou aube,Hors agglomération,Hors intersection,Pluie forte,Sans collision,,,,,,,,,,,2,1,1,3.0,7.0
201100006637,0011-04-13 18:00:00,11,4,13,18,0,820,50,avenue andre vidalot,44.1,0.768,Plein jour,En agglomération,Hors intersection,Normale,Deux véhicules - frontale,,,,,,,,,,,1,2,1,1.0,1.0
201100006638,0011-07-24 08:00:00,11,7,24,8,0,820,72,Parking centre commercia,,,Plein jour,En agglomération,Hors intersection,Normale,Autre collision,,,,,,,,,,,1,2,1,1.0,6.0
201100006639,0011-08-02 14:45:00,11,8,2,14,45,820,8,,,,Plein jour,Hors agglomération,Hors intersection,Normale,Deux véhicules - frontale,,,,,,,,,,,1,1,1,1.0,1.0
201100006640,0011-08-05 15:30:00,11,8,5,15,30,820,165,,44.085,0.877,Plein jour,Hors agglomération,Hors intersection,Normale,Sans collision,,,,,,,,,,,1,1,1,1.0,7.0
201100006641,0011-10-14 09:15:00,11,10,14,9,15,820,186,allees du 4 septembre,44.113,0.892,Plein jour,En agglomération,Giratoire,Normale,Autre collision,,,,,,,,,,,1,2,6,1.0,6.0
201100006642,0011-01-30 00:01:00,11,1,30,0,1,690,76,,45.857,4.735,Nuit avec éclairage allumé,Hors agglomération,Hors intersection,Normale,Autre collision,,,,,,,,,,,5,1,1,1.0,6.0
201100006643,0011-03-17 07:50:00,11,3,17,7,50,690,72,RN489,,,Plein jour,Hors agglomération,Hors intersection,Normale,Deux véhicules - arrière,,,,,,,,,,,1,1,1,1.0,2.0
201100006644,0011-04-10 19:30:00,11,4,10,19,30,690,72,,,,Plein jour,Hors agglomération,Hors intersection,Normale,Deux véhicules - côté,,,,,,,,,,,1,1,1,1.0,3.0
201100006645,0011-05-23 20:30:00,11,5,23,20,30,690,72,,,,Plein jour,Hors agglomération,Hors intersection,Normale,Deux véhicules - frontale,,,,,,,,,,,1,1,1,1.0,1.0
201100006646,0011-06-25 18:00:00,11,6,25,18,0,690,76,,45.843,4.696,Plein jour,Hors agglomération,Hors intersection,Normale,Sans collision,,,,,,,,,,,1,1,1,1.0,7.0
201100006647,0011-06-28 14:00:00,11,6,28,14,0,690,250,,,,Plein jour,Hors agglomération,Hors intersection,Normale,Deux véhicules - frontale,,,,,,,,,,,1,1,1,1.0,1.0
201100006648,0011-07-19 11:30:00,11,7,19,11,30,690,250,All?e du Levant,,,Plein jour,En agglomération,Hors intersection,Pluie légère,Deux véhicules - côté,,,,,,,,,,,1,2,1,2.0,3.0
201100006649,0011-07-29 18:45:00,11,7,29,18,45,690,127,,45.802,4.719,Plein jour,Hors agglomération,Hors intersection,Normale,Deux véhicules - frontale,,,,,,,,,,,1,1,1,1.0,1.0
201100006650,0011-08-10 21:45:00,11,8,10,21,45,690,72,,,,Nuit sans éclairage public,Hors agglomération,Hors intersection,Normale,Sans collision,,,,,,,,,,,3,1,1,1.0,7.0
201100006651,0011-08-16 13:00:00,11,8,16,13,0,690,250,,,,Plein jour,Hors agglomération,Hors intersection,Normale,Deux véhicules - côté,,,,,,,,,,,1,1,1,1.0,3.0
201100006652,0011-12-17 18:15:00,11,12,17,18,15,690,72,66 CHEMIN MOULIN CARRON,,,Nuit avec éclairage allumé,En agglomération,Hors intersection,Normale,Sans collision,,,,,,,,,,,5,2,1,1.0,7.0
201100006653,0011-03-07 19:00:00,11,3,7,19,0,690,279,2 bis rue des biesses,,,Nuit avec éclairage allumé,En agglomération,Hors intersection,Normale,Autre collision,,,,,,,,,,,5,2,1,1.0,6.0
201100006654,0011-07-05 18:15:00,11,7,5,18,15,690,277,,,,Plein jour,Hors agglomération,Hors intersection,Normale,Deux véhicules - frontale,,,,,,,,,,,1,1,1,1.0,1.0
201100006655,0011-01-18 20:00:00,11,1,18,20,0,690,191,13 ROUTE DE  LYON,,,Plein jour,En agglomération,Hors intersection,Normale,Autre collision,,,,,,,,,,,1,2,1,1.0,6.0
201100006656,0011-02-08 07:10:00,11,2,8,7,10,690,194,,,,Plein jour,En agglomération,Hors intersection,Normale,Deux véhicules - frontale,,,,,,,,,,,1,2,1,1.0,1.0
201100006657,0011-03-07 15:30:00,11,3,7,15,30,690,194,ROCADE DES MTS D'OR,,,Plein jour,Hors agglomération,Giratoire,Normale,Deux véhicules - côté,,,,,,,,,,,1,1,6,1.0,3.0