accident_id,datetime,annee,mois,jour,heure,minute,departement,commune_insee,adresse,latitude,longitude,luminosite,agglomeration,intersection,meteo,collision,nb_vehicules,nb_usagers,nb_indemnes,nb_tues,nb_blesses_hosp,nb_blesses_legers,age_cond_1,age_cond_2,veh_type_cond_1,veh_type_cond_2,lum_code,agg_code,int_code,atm_code,col_code
201100006792,0011-06-27 08:30:00,11,6,27,8,30,690,241,,45.634,4.728,Plein jour,Hors agglomération,Hors intersection,Normale,Deux véhicules - frontale,,,,,,,,,,,1,1,1,1.0,1.0
201100006793,0011-06-28 19:30:00,11,6,28,19,30,690,228,CD 342 LA ROUSSILLIERE,45.562,4.643,Plein jour,En agglomération,Hors intersection,Normale,Deux véhicules - côté,,,,,,,,,,,1,2,1,1.0,3.0
201100006794,0011-07-25 14:45:00,11,7,25,14,45,690,228,,,,Plein jour,Hors agglomération,Hors intersection,Pluie légère,Deux véhicules - frontale,,,,,,,,,,,1,1,1,2.0,1.0
201100006795,0011-08-25 08:45:00,11,8,25,8,45,690,141,,,,Plein jour,En agglomération,Hors intersection,Normale,Deux véhicules - côté,,,,,,,,,,,1,2,1,1.0,3.0
201100006796,0011-09-17 20:45:00,11,9,17,20,45,690,141,,45.612,4.684,Nuit sans éclairage public,En agglomération,Hors intersection,Pluie légère,Trois véhicules et plus - collisions multiples,,,,,,,,,,,3,2,1,2.0,5.0
201100006797,0011-10-02 02:30:00,11,10,2,2,30,690,48,576 route de Chaudane,,,Nuit avec éclairage allumé,En agglomération,Autre intersection,Normale,Deux véhicules - côté,,,,,,,,,,,5,2,9,1.0,3.0
201100006798,0011-10-21 17:15:00,11,10,21,17,15,690,241,,,,Plein jour,Hors agglomération,Hors intersection,Normale,Trois véhicules et plus - en chaîne,,,,,,,,,,,1,1,1,1.0,4.0
201100006799,0011-10-16 19:00:00,11,10,16,19,0,690,241,355 route du b?tard,45.647,4.738,Nuit avec éclairage allumé,En agglomération,Hors intersection,Normale,Sans collision,,,,,,,,,,,5,2,1,1.0,7.0
201100006800,0011-11-22 17:45:00,11,11,22,17,45,690,141,,45.59,4.66,Nuit sans éclairage public,Hors agglomération,Hors intersection,Normale,Autre collision,,,,,,,,,,,3,1,1,1.0,6.0
201100006801,0011-11-30 21:30:00,11,11,30,21,30,690,179,,45.59,4.72,Nuit sans éclairage public,Hors agglomération,Hors intersection,Normale,Deux véhicules - côté,,,,,,,,,,,3,1,1,1.0,3.0
201100006802,0011-12-02 18:45:00,11,12,2,18,45,690,141,,,,Nuit sans éclairage public,Hors agglomération,Hors intersection,Pluie légère,Deux véhicules - côté,,,,,,,,,,,3,1,1,2.0,3.0
201100006803,0011-12-05 14:15:00,11,12,5,14,15,690,136,,,,Plein jour,Hors agglomération,Hors intersection,Normale,Trois véhicules et plus - collisions multiples,,,,,,,,,,,1,1,1,1.0,5.0
201100006804,0011-12-23 06:45:00,11,12,23,6,45,690,141,,,,Nuit sans éclairage public,Hors agglomération,Hors intersection,Normale,Autre collision,,,,,,,,,,,3,1,1,1.0,6.0
201100006805,0011-02-20 12:15:00,11,2,20,12,15,690,151,,,,Plein jour,Hors agglomération,Hors intersection,Normale,Autre collision,,,,,,,,,,,1,1,1,1.0,6.0
201100006806,0011-04-11 17:00:00,11,4,11,17,0,690,61,le bourg,,,Plein jour,En agglomération,Hors intersection,Normale,Deux véhicules - frontale,,,,,,,,,,,1,2,1,1.0,1.0
201100006807,0011-04-23 19:00:00,11,4,23,19,0,690,23,ROUTE DU BEAUJOLAIS,,,Plein jour,En agglomération,Hors intersection,Normale,Trois véhicules et plus - collisions multiples,,,,,,,,,,,1,2,1,1.0,5.0
201100006808,0011-05-06 18:30:00,11,5,6,18,30,690,172,D19 le bourg,,,Plein jour,En agglomération,Hors intersection,Normale,Trois véhicules et plus - en chaîne,,,,,,,,,,,1,2,1,1.0,4.0
201100006809,0011-05-09 15:00:00,11,5,9,15,0,690,23,BLACERET,,,Plein jour,En agglomération,Hors intersection,Normale,Deux véhicules - côté,,,,,,,,,,,1,2,1,1.0,3.0
201100006810,0011-11-12 10:15:00,11,11,12,10,15,690,23,route de la croix polage,,,Plein jour,En agglomération,Hors intersection,Brouillard / fumée,Deux véhicules - frontale,,,,,,,,,,,1,2,1,5.0,1.0
201100006811,0011-11-15 14:10:00,11,11,15,14,10,690,74,D76/D44,,,Plein jour,Hors agglomération,Intersection en X,Normale,Deux véhicules - côté,,,,,,,,,,,1,1,2,1.0,3.0
201100006812,0011-01-05 16:45:00,11,1,5,16,45,690,9,,45.934,4.689,Nuit avec éclairage allumé,Hors agglomération,Hors intersection,Pluie légère,Deux véhicules - frontale,,,,,,,,,,,5,1,1,2.0,1.0
201100006813,0011-01-27 02:15:00,11,1,27,2,15,690,156,,45.96,4.695,Nuit avec éclairage allumé,Hors agglomération,Hors intersection,Normale,Autre collision,,,,,,,,,,,5,1,1,1.0,6.0
201100006814,0011-04-06 19:15:00,11,4,6,19,15,690,4,,,,Crépuscule ou aube,Hors agglomération,Intersection en X,Normale,Deux véhicules - côté,,,,,,,,,,,2,1,2,1.0,3.0
201100006815,0011-04-24 19:00:00,11,4,24,19,0,690,159,,,,Crépuscule ou aube,Hors agglomération,Hors intersection,Normale,Autre collision,,,,,,,,,,,2,1,1,1.0,6.0
201100006816,0011-05-19 16:15:00,11,5,19,16,15,690,9,,,,Plein jour,Hors agglomération,Hors intersection,Normale,Deux véhicules - côté,,,,,,,,,,,1,1,1,1.0,3.0
201100006817,0011-09-21 18:15:00,11,9,21,18,15,690,9,RP- av.Europe-av.Brianne,,,Plein jour,En agglomération,Giratoire,Normale,Deux véhicules - côté,,,,,,,,,,,1,2,6,1.0,3.0
201100006818,0011-10-06 18:15:00,11,10,6,18,15,690,9,,,,Plein jour,Hors agglomération,Hors intersection,Normale,Trois véhicules et plus - collisions multiples,,,,,,,,,,,1,1,1,1.0,5.0
201100006819,0011-10-17 10:45:00,11,10,17,10,45,690,121,route de lyon,,,Plein jour,En agglomération,Hors intersection,Normale,Autre collision,,,,,,,,,,,1,2,1,1.0,6.0
201100006820,0011-12-19 18:30:00,11,12,19,18,30,690,52,cd30,,,Nuit avec éclairage allumé,En agglomération,Hors intersection,Temps couvert,Autre collision,,,,,,,,,,,5,2,1,8.0,6.0
201100006821,0011-01-05 17:30:00,11,1,5,17,30,690,162,La Roche,46.122,4.625,Crépuscule ou aube,En agglomération,Hors intersection,Autre,Deux véhicules - frontale,,,,,,,,,,,2,2,1,9.0,1.0
201100006822,0011-01-06 02:00:00,11,1,6,2,0,690,58,,46.191,4.641,Nuit sans éclairage public,Hors agglomération,Hors intersection,Autre,Autre collision,,,,,,,,,,,3,1,1,9.0,6.0
201100006823,0011-01-14 19:45:00,11,1,14,19,45,690,224,"Lieu-dit ""Le Bourg""",,,Nuit avec éclairage allumé,En agglomération,Hors intersection,Normale,Sans collision,,,,,,,,,,,5,2,1,1.0,7.0
201100006824,0011-01-26 17:15:00,11,1,26,17,15,690,18,,,,Plein jour,Hors agglomération,Hors intersection,Normale,Autre collision,,,,,,,,,,,1,1,1,1.0,6.0
201100006825,0011-03-25 19:00:00,11,3,25,19,0,690,12,,,,Crépuscule ou aube,Hors agglomération,Hors intersection,Normale,Sans collision,,,,,,,,,,,2,1,1,1.0,7.0
201100006826,0011-04-09 19:30:00,11,4,9,19,30,690,12,,46.188,4.552,Plein jour,Hors agglomération,Hors intersection,Normale,Deux véhicules - frontale,,,,,,,,,,,1,1,1,1.0,1.0
201100006827,0011-04-10 10:00:00,11,4,10,10,0,690,12,,46.194,4.548,Plein jour,Hors agglomération,Hors intersection,Normale,Autre collision,,,,,,,,,,,1,1,1,1.0,6.0
201100006828,0011-04-28 15:00:00,11,4,28,15,0,690,18,,46.161,4.581,Plein jour,Hors agglomération,Hors intersection,Normale,Deux véhicules - côté,,,,,,,,,,,1,1,1,1.0,3.0
201100006829,0011-06-08 13:00:00,11,6,8,13,0,690,196,Lieu dit Arpentus,46.151,4.539,Plein jour,En agglomération,Hors intersection,Normale,Deux véhicules - frontale,,,,,,,,,,,1,2,1,1.0,1.0
201100006830,0011-09-05 16:45:00,11,9,5,16,45,690,267,CD 9,46.15,4.66,Plein jour,En agglomération,Hors intersection,Normale,Trois véhicules et plus - collisions multiples,,,,,,,,,,,1,2,1,1.0,5.0
201100006831,0011-09-08 16:15:00,11,9,8,16,15,690,135,,,,Plein jour,Hors agglomération,Hors intersection,Normale,Sans collision,,,,,,,,,,,1,1,1,1.0,7.0
201100006832,0011-12-16 15:30:00,11,12,16,15,30,690,258,,,,Plein jour,Hors agglomération,Hors intersection,Pluie légère,Deux véhicules - frontale,,,,,,,,,,,1,1,1,2.0,1.0
201100006833,0011-02-12 18:15:00,11,2,12,18,15,690,206,,,,Nuit avec éclairage allumé,Hors agglomération,Hors intersection,Normale,Autre collision,,,,,,,,,,,5,1,1,1.0,6.0
201100006834,0011-03-24 17:00:00,11,3,24,17,0,690,77,,,,Plein jour,Hors agglomération,Hors intersection,Normale,Deux véhicules - frontale,,,,,,,,,,,1,1,1,1.0,1.0
201100006835,0011-04-06 16:45:00,11,4,6,16,45,690,197,,,,Plein jour,Hors agglomération,Hors intersection,Normale,Deux véhicules - frontale,,,,,,,,,,,1,1,1,1.0,1.0
201100006836,0011-04-08 17:45:00,11,4,8,17,45,690,211,CD306 AVENUE DE L EUROPE,,,Plein jour,En agglomération,Hors intersection,Normale,Deux véhicules - arrière,,,,,,,,,,,1,2,1,1.0,2.0
201100006837,0011-04-27 15:00:00,11,4,27,15,0,690,19,RUE DE LA REPUBLIQUE,,,Plein jour,En agglomération,Hors intersection,Normale,Autre collision,,,,,,,,,,,1,2,1,1.0,6.0
201100006838,0011-04-28 17:00:00,11,4,28,17,0,690,211,,,,Plein jour,Hors agglomération,Hors intersection,Normale,Trois véhicules et plus - collisions multiples,,,,,,,,,,,1,1,1,1.0,5.0
201100006839,0011-05-12 19:00:00,11,5,12,19,0,690,242,,,,Plein jour,Hors agglomération,Hors intersection,Normale,Deux véhicules - côté,,,,,,,,,,,1,1,1,1.0,3.0
201100006840,0011-05-15 06:15:00,11,5,15,6,15,690,211,768 route de beaujeu,,,Plein jour,En agglomération,Hors intersection,Normale,Sans collision,,,,,,,,,,,1,2,1,1.0,7.0
201100006841,0011-06-05 06:00:00,11,6,5,6,0,690,242,,,,Crépuscule ou aube,Hors agglomération,Giratoire,Normale,Autre collision,,,,,,,,,,,2,1,6,1.0,6.0
201100006842,0011-06-18 18:00:00,11,6,18,18,0,690,19,LA GRANGE BERCHE,,,Plein jour,Hors agglomération,Intersection en X,Normale,Deux véhicules - côté,,,,,,,,,,,1,1,2,1.0,3.0
201100006843,0011-09-09 15:45:00,11,9,9,15,45,690,45,,,,Plein jour,Hors agglomération,Hors intersection,Temps éblouissant,Deux véhicules - frontale,,,,,,,,,,,1,1,1,7.0,1.0
201100006844,0011-10-01 20:15:00,11,10,1,20,15,690,206,avenue Charles DE GAULLE,,,Nuit avec éclairage allumé,En agglomération,Hors intersection,Normale,Deux véhicules - arrière,,,,,,,,,,,5,2,1,1.0,2.0
201100006845,0011-10-03 07:00:00,11,10,3,7,0,690,197,,,,Plein jour,Hors agglomération,Hors intersection,Normale,Deux véhicules - frontale,,,,,,,,,,,1,1,1,1.0,1.0
201100006846,0011-01-30 13:45:00,11,1,30,13,45,690,50,,,,Plein jour,Hors agglomération,Hors intersection,Normale,Autre collision,,,,,,,,,,,1,1,1,1.0,6.0
201100006847,0011-02-04 10:30:00,11,2,4,10,30,690,50,,,,Plein jour,Hors agglomération,Hors intersection,Normale,Sans collision,,,,,,,,,,,1,1,1,1.0,7.0
201100006848,0011-02-08 16:15:00,11,2,8,16,15,690,50,,,,Plein jour,Hors agglomération,Hors intersection,Temps éblouissant,Trois véhicules et plus - collisions multiples,,,,,,,,,,,1,1,1,7.0,5.0
201100006849,0011-02-15 14:45:00,11,2,15,14,45,690,26,CD 385,,,Plein jour,En agglomération,Hors intersection,Normale,Autre collision,,,,,,,,,,,1,2,1,1.0,6.0
201100006850,0011-02-28 08:00:00,11,2,28,8,0,690,239,,,,Crépuscule ou aube,Hors agglomération,Hors intersection,Normale,Autre collision,,,,,,,,,,,2,1,1,1.0,6.0
201100006851,0011-04-09 16:30:00,11,4,9,16,30,690,17,,,,Plein jour,Hors agglomération,Hors intersection,Normale,Deux véhicules - côté,,,,,,,,,,,1,1,1,1.0,3.0
201100006852,0011-04-14 17:45:00,11,4,14,17,45,690,24,R.D.39/rue JB Elleviou,,,Plein jour,En agglomération,Intersection en T,Normale,Deux véhicules - côté,,,,,,,,,,,1,2,3,1.0,3.0
201100006853,0011-06-26 08:30:00,11,6,26,8,30,690,246,,,,Plein jour,Hors agglomération,Hors intersection,Normale,Autre collision,,,,,,,,,,,1,1,1,1.0,6.0
201100006854,0011-07-18 19:30:00,11,7,18,19,30,690,50,,,,Plein jour,Hors agglomération,Hors intersection,Normale,Trois véhicules et plus - collisions multiples,,,,,,,,,,,1,1,1,1.0,5.0
201100006855,0011-08-10 17:00:00,11,8,10,17,0,690,17,,,,Plein jour,Hors agglomération,Hors intersection,Normale,Deux véhicules - frontale,,,,,,,,,,,1,1,1,1.0,1.0
201100006856,0011-08-18 10:15:00,11,8,18,10,15,690,24,,,,Plein jour,Hors agglomération,Intersection en Y,Normale,Deux véhicules - frontale,,,,,,,,,,,1,1,4,1.0,1.0
201100006857,0011-09-23 09:45:00,11,9,23,9,45,690,111,,,,Plein jour,Hors agglomération,Intersection en T,Temps couvert,Deux véhicules - côté,,,,,,,,,,,1,1,3,8.0,3.0
201100006858,0011-10-26 04:45:00,11,10,26,4,45,690,50,,,,Nuit sans éclairage public,Hors agglomération,Hors intersection,Pluie légère,Autre collision,,,,,,,,,,,3,1,1,2.0,6.0
201100006859,0011-10-30 08:15:00,11,10,30,8,15,690,101,,,,Plein jour,Hors agglomération,Hors intersection,Normale,Deux véhicules - frontale,,,,,,,,,,,1,1,1,1.0,1.0
201100006860,0011-12-04 17:15:00,11,12,4,17,15,690,26,,,,Crépuscule ou aube,Hors agglomération,Passage à niveau,Normale,Autre collision,,,,,,,,,,,2,1,8,1.0,6.0
201100006861,0011-12-10 04:45:00,11,12,10,4,45,690,24,Rte de OINGT,,,Nuit sans éclairage public,En agglomération,Hors intersection,Normale,Autre collision,,,,,,,,,,,3,2,1,1.0,6.0
201100006862,0011-12-18 13:45:00,11,12,18,13,45,690,17,,,,Plein jour,Hors agglomération,Hors intersection,Temps éblouissant,Deux véhicules - côté,,,,,,,,,,,1,1,1,7.0,3.0
201100006863,0011-01-04 06:45:00,11,1,4,6,45,690,243,,,,Nuit sans éclairage public,Hors agglomération,Hors intersection,Temps couvert,Autre collision,,,,,,,,,,,3,1,1,8.0,6.0
201100006864,0011-06-01 21:30:00,11,6,1,21,30,690,102,,,,Crépuscule ou aube,Hors agglomération,Hors intersection,Normale,Deux véhicules - frontale,,,,,,,,,,,2,1,1,1.0,1.0
201100006865,0011-07-02 19:45:00,11,7,2,19,45,690,157,,,,Plein jour,Hors agglomération,Hors intersection,Normale,Deux véhicules - côté,,,,,,,,,,,1,1,1,1.0,3.0
201100006866,0011-07-18 17:45:00,11,7,18,17,45,690,234,,,,Plein jour,Hors agglomération,Hors intersection,Normale,Deux véhicules - frontale,,,,,,,,,,,1,1,1,1.0,1.0
201100006867,0011-08-07 12:00:00,11,8,7,12,0,690,157,rue du stade,,,Plein jour,En agglomération,Hors intersection,Normale,Deux véhicules - côté,,,,,,,,,,,1,2,1,1.0,3.0
201100006868,0011-09-06 08:45:00,11,9,6,8,45,690,1,,,,Plein jour,Hors agglomération,Hors intersection,Normale,Deux véhicules - frontale,,,,,,,,,,,1,1,1,1.0,1.0
201100006869,0011-10-24 02:30:00,11,10,24,2,30,690,243,,,,Nuit avec éclairage allumé,Hors agglomération,Hors intersection,Normale,Autre collision,,,,,,,,,,,5,1,1,1.0,6.0
201100006870,0011-11-12 16:15:00,11,11,12,16,15,690,1,,,,Plein jour,Hors agglomération,Hors intersection,Normale,Sans collision,,,,,,,,,,,1,1,1,1.0,7.0
201100006871,0011-11-19 14:00:00,11,11,19,14,0,690,243,Route du barrage,,,Plein jour,En agglomération,Hors intersection,Normale,Deux véhicules - côté,,,,,,,,,,,1,2,1,1.0,3.0
201100006872,0011-12-13 14:30:00,11,12,13,14,30,690,243,Place Ambroise CROIZAT,,,Plein jour,En agglomération,Hors intersection,Normale,Deux véhicules - frontale,,,,,,,,,,,1,2,1,1.0,1.0
201100006873,0011-01-26 20:30:00,11,1,26,20,30,690,229,,46.079,4.49,Nuit avec éclairage allumé,Hors agglomération,Hors intersection,Normale,Autre collision,,,,,,,,,,,5,1,1,1.0,6.0
201100006874,0011-02-27 00:45:00,11,2,27,0,45,690,107,LE BOURG RUE CENTRALE,46.067,4.491,Nuit avec éclairage allumé,En agglomération,Hors intersection,Pluie légère,Autre collision,,,,,,,,,,,5,2,1,2.0,6.0
201100006875,0011-05-11 11:15:00,11,5,11,11,15,690,107,,,,Plein jour,Hors agglomération,Hors intersection,Normale,Deux véhicules - frontale,,,,,,,,,,,1,1,1,1.0,1.0
201100006876,0011-07-04 16:45:00,11,7,4,16,45,690,37,Le bourg,46.023,4.498,Plein jour,En agglomération,Hors intersection,Normale,Trois véhicules et plus - collisions multiples,,,,,,,,,,,1,2,1,1.0,5.0
201100006877,0011-09-06 14:30:00,11,9,6,14,30,690,93,Le Bourg,46.039,4.477,Plein jour,En agglomération,Intersection en T,Normale,Deux véhicules - frontale,,,,,,,,,,,1,2,3,1.0,1.0
201100006878,0011-09-23 20:00:00,11,9,23,20,0,690,107,Le Bourg,46.064,4.49,Nuit avec éclairage allumé,En agglomération,Intersection en T,Normale,Deux véhicules - côté,,,,,,,,,,,5,2,3,1.0,3.0
201100006879,0011-09-24 19:00:00,11,9,24,19,0,690,37,,46.004,4.532,Plein jour,Hors agglomération,Hors intersection,Normale,Sans collision,,,,,,,,,,,1,1,1,1.0,7.0
201100006880,0011-09-25 15:15:00,11,9,25,15,15,690,37,,46.018,4.5,Plein jour,Hors agglomération,Hors intersection,Normale,Sans collision,,,,,,,,,,,1,1,1,1.0,7.0
201100006881,0011-09-26 12:45:00,11,9,26,12,45,690,229,,46.095,4.475,Plein jour,Hors agglomération,Intersection en T,Normale,Deux véhicules - côté,,,,,,,,,,,1,1,3,1.0,3.0
201100006882,0011-10-22 18:45:00,11,10,22,18,45,690,107,,46.065,4.494,Nuit sans éclairage public,Hors agglomération,Hors intersection,Normale,Autre collision,,,,,,,,,,,3,1,1,1.0,6.0
201100006883,0011-12-18 13:00:00,11,12,18,13,0,690,107,le bourg,,,Plein jour,En agglomération,Hors intersection,Normale,Deux véhicules - côté,,,,,,,,,,,1,2,1,1.0,3.0
201100006884,0011-02-11 11:45:00,11,2,11,11,45,690,6,inter D13/ LD Bernisse,,,Plein jour,En agglomération,Autre intersection,Temps éblouissant,Deux véhicules - arrière,,,,,,,,,,,1,2,9,7.0,2.0
201100006885,0011-05-01 11:45:00,11,5,1,11,45,690,248,rue roland dela platiere,,,Plein jour,En agglomération,Intersection en T,Normale,Deux véhicules - côté,,,,,,,,,,,1,2,3,1.0,3.0
201100006886,0011-06-01 10:15:00,11,6,1,10,15,690,66,6 rue Georges Cl?menceau,,,Plein jour,En agglomération,Hors intersection,Pluie légère,Autre collision,,,,,,,,,,,1,2,1,2.0,6.0
201100006887,0011-08-15 02:15:00,11,8,15,2,15,690,169,,,,Nuit sans éclairage public,Hors agglomération,Hors intersection,Temps couvert,Sans collision,,,,,,,,,,,3,1,1,8.0,7.0
201100006888,0011-08-28 09:30:00,11,8,28,9,30,690,66,,,,Plein jour,Hors agglomération,Intersection en T,Normale,Deux véhicules - côté,,,,,,,,,,,1,1,3,1.0,3.0
201100006889,0011-08-30 14:00:00,11,8,30,14,0,690,6,route de CUBLIZE,,,Plein jour,En agglomération,Hors intersection,Normale,Deux véhicules - frontale,,,,,,,,,,,1,2,1,1.0,1.0
201100006890,0011-08-31 15:30:00,11,8,31,15,30,690,217,"LIEU DIT ""LA RIVI?RE""",,,Plein jour,Hors agglomération,Hors intersection,Normale,Autre collision,,,,,,,,,,,1,1,1,1.0,6.0
201100006891,0011-09-05 00:01:00,11,9,5,0,1,690,169,,,,Nuit sans éclairage public,Hors agglomération,Hors intersection,Normale,Deux véhicules - frontale,,,,,,,,,,,3,1,1,1.0,1.0
201100006892,0011-09-12 16:15:00,11,9,12,16,15,690,6,ZI La Gait?,,,Plein jour,En agglomération,Hors intersection,Normale,Deux véhicules - frontale,,,,,,,,,,,1,2,1,1.0,1.0
201100006893,0011-09-13 18:15:00,11,9,13,18,15,690,169,,,,Plein jour,Hors agglomération,Hors intersection,Normale,Deux véhicules - côté,,,,,,,,,,,1,1,1,1.0,3.0
201100006894,0011-01-13 09:15:00,11,1,13,9,15,10,405,,,,Plein jour,Hors agglomération,Hors intersection,Pluie légère,Sans collision,,,,,,,,,,,1,1,1,2.0,7.0
201100006895,0011-03-08 18:45:00,11,3,8,18,45,10,301,,,,Crépuscule ou aube,Hors agglomération,Hors intersection,Normale,Autre collision,,,,,,,,,,,2,1,1,1.0,6.0
201100006896,0011-03-19 20:30:00,11,3,19,20,30,10,405,,,,Nuit sans éclairage public,Hors agglomération,Hors intersection,Temps couvert,Trois véhicules et plus - collisions multiples,,,,,,,,,,,3,1,1,8.0,5.0
201100006897,0011-05-01 04:15:00,11,5,1,4,15,10,264,,,,Nuit sans éclairage public,Hors agglomération,Hors intersection,Normale,Deux véhicules - frontale,,,,,,,,,,,3,1,1,1.0,1.0
201100006898,0011-05-17 21:00:00,11,5,17,21,0,10,336,332 RUE DE LA MAIRIE,46.159,5.149,Plein jour,En agglomération,Hors intersection,Normale,Autre collision,,,,,,,,,,,1,2,1,1.0,6.0
201100006899,0011-06-26 05:15:00,11,6,26,5,15,10,405,,,,Crépuscule ou aube,Hors agglomération,Hors intersection,Normale,Autre collision,,,,,,,,,,,2,1,1,1.0,6.0
201100006900,0011-07-07 18:00:00,11,7,7,18,0,10,65,route de Tr?voux,46.2,5.16,Plein jour,En agglomération,Hors intersection,Normale,Deux véhicules - frontale,,,,,,,,,,,1,2,1,1.0,1.0
201100006901,0011-09-29 17:45:00,11,9,29,17,45,10,211,,46.149,5.217,Plein jour,Hors agglomération,Hors intersection,Normale,Deux véhicules - frontale,,,,,,,,,,,1,1,1,1.0,1.0
201100006902,0011-10-10 09:00:00,11,10,10,9,0,10,336,,,,Plein jour,Hors agglomération,Hors intersection,Pluie légère,Trois véhicules et plus - collisions multiples,,,,,,,,,,,1,1,1,2.0,5.0
201100006903,0011-11-04 16:15:00,11,11,4,16,15,10,336,,,,Plein jour,Hors agglomération,Hors intersection,Pluie forte,Autre collision,,,,,,,,,,,1,1,1,3.0,6.0
201100006904,0011-01-07 18:30:00,11,1,7,18,30,10,254,?,46.178,5.287,Nuit sans éclairage public,Hors agglomération,Hors intersection,Pluie légère,Autre collision,,,,,,,,,,,3,1,1,2.0,6.0
201100006905,0011-02-02 15:00:00,11,2,2,15,0,10,350,Rte de LONS LE SAUNIER,46.292,5.296,Plein jour,En agglomération,Hors intersection,Pluie légère,Autre collision,,,,,,,,,,,1,2,1,2.0,6.0
201100006906,0011-03-04 17:00:00,11,3,4,17,0,10,321,,46.165,5.348,Plein jour,Hors agglomération,Hors intersection,Normale,Deux véhicules - frontale,,,,,,,,,,,1,1,1,1.0,1.0
201100006907,0011-05-21 14:15:00,11,5,21,14,15,10,254,,,,Plein jour,Hors agglomération,Hors intersection,Normale,Deux véhicules - frontale,,,,,,,,,,,1,1,1,1.0,1.0
201100006908,0011-05-31 19:45:00,11,5,31,19,45,10,254,,,,Plein jour,Hors agglomération,Hors intersection,Pluie légère,Autre collision,,,,,,,,,,,1,1,1,2.0,6.0
201100006909,0011-06-29 13:15:00,11,6,29,13,15,10,245,,46.165,5.396,Plein jour,Hors agglomération,Hors intersection,Normale,Sans collision,,,,,,,,,,,1,1,1,1.0,7.0
201100006910,0011-07-06 08:30:00,11,7,6,8,30,10,317,,,,Plein jour,Hors agglomération,Hors intersection,Normale,Deux véhicules - frontale,,,,,,,,,,,1,1,1,1.0,1.0
201100006911,0011-11-10 18:15:00,11,11,10,18,15,10,426,,46.266,5.36,Nuit sans éclairage public,Hors agglomération,Hors intersection,Brouillard / fumée,Deux véhicules - frontale,,,,,,,,,,,3,1,1,5.0,1.0
201100006912,0011-12-21 10:00:00,11,12,21,10,0,10,426,,,,Plein jour,Hors agglomération,Hors intersection,Pluie légère,Autre collision,,,,,,,,,,,1,1,1,2.0,6.0
201100006913,0011-12-28 21:00:00,11,12,28,21,0,10,447,Route de Bourg,,,Nuit avec éclairage allumé,En agglomération,Hors intersection,Pluie légère,Autre collision,,,,,,,,,,,5,2,1,2.0,6.0
201100006914,0011-01-23 17:00:00,11,1,23,17,0,10,24,2033 route des greffets,,,Plein jour,En agglomération,Hors intersection,Normale,Deux véhicules - frontale,,,,,,,,,,,1,2,1,1.0,1.0
201100006915,0011-02-18 18:00:00,11,2,18,18,0,10,391,,,,Crépuscule ou aube,Hors agglomération,Hors intersection,Temps couvert,Deux véhicules - côté,,,,,,,,,,,2,1,1,8.0,3.0
201100006916,0011-03-15 10:45:00,11,3,15,10,45,10,196,avenue Bresse Cocagne,,,Plein jour,En agglomération,Hors intersection,Normale,Deux véhicules - arrière,,,,,,,,,,,1,2,1,1.0,2.0
201100006917,0011-03-21 16:30:00,11,3,21,16,30,10,305,,,,Plein jour,Hors agglomération,Hors intersection,Temps éblouissant,Deux véhicules - arrière,,,,,,,,,,,1,1,1,7.0,2.0
201100006918,0011-04-03 03:30:00,11,4,3,3,30,10,24,,,,Nuit sans éclairage public,Hors agglomération,Hors intersection,Normale,Deux véhicules - frontale,,,,,,,,,,,3,1,1,1.0,1.0
201100006919,0011-04-18 07:00:00,11,4,18,7,0,10,445,,46.347,5.322,Plein jour,Hors agglomération,Hors intersection,Normale,Deux véhicules - côté,,,,,,,,,,,1,1,1,1.0,3.0
201100006920,0011-05-21 18:15:00,11,5,21,18,15,10,364,,,,Plein jour,Hors agglomération,Intersection en T,Normale,Deux véhicules - frontale,,,,,,,,,,,1,1,3,1.0,1.0
201100006921,0011-05-23 17:30:00,11,5,23,17,30,10,140,,,,Plein jour,Hors agglomération,Intersection en X,Temps éblouissant,Deux véhicules - frontale,,,,,,,,,,,1,1,2,7.0,1.0
201100006922,0011-05-29 08:45:00,11,5,29,8,45,10,406,,,,Plein jour,Hors agglomération,Intersection en X,Normale,Deux véhicules - côté,,,,,,,,,,,1,1,2,1.0,3.0
201100006923,0011-06-13 18:45:00,11,6,13,18,45,10,229,,46.341,5.137,Plein jour,Hors agglomération,Hors intersection,Normale,Deux véhicules - frontale,,,,,,,,,,,1,1,1,1.0,1.0
201100006924,0011-06-18 22:15:00,11,6,18,22,15,10,266,,,,Nuit sans éclairage public,Hors agglomération,Hors intersection,Pluie légère,Sans collision,,,,,,,,,,,3,1,1,2.0,7.0
201100006925,0011-06-27 09:30:00,11,6,27,9,30,10,232,,,,Plein jour,Hors agglomération,Hors intersection,Temps éblouissant,Trois véhicules et plus - collisions multiples,,,,,,,,,,,1,1,1,7.0,5.0