accident_id,datetime,annee,mois,jour,heure,minute,departement,commune_insee,adresse,latitude,longitude,luminosite,agglomeration,intersection,meteo,collision,nb_vehicules,nb_usagers,nb_indemnes,nb_tues,nb_blesses_hosp,nb_blesses_legers,age_cond_1,age_cond_2,veh_type_cond_1,veh_type_cond_2,lum_code,agg_code,int_code,atm_code,col_code
201100007061,0011-05-25 11:30:00,11,5,25,11,30,10,398,CHEMIN DE FOND DE JUIS,45.987,4.871,Plein jour,En agglomération,Hors intersection,Normale,Deux véhicules - côté,,,,,,,,,,,1,2,1,1.0,3.0
201100007062,0011-06-28 15:15:00,11,6,28,15,15,10,333,,,,Plein jour,Hors agglomération,Intersection en T,Normale,Deux véhicules - côté,,,,,,,,,,,1,1,3,1.0,3.0
201100007063,0011-08-20 17:45:00,11,8,20,17,45,10,105,,45.912,4.894,Plein jour,Hors agglomération,Intersection en X,Normale,Deux véhicules - côté,,,,,,,,,,,1,1,2,1.0,3.0
201100007064,0011-08-23 22:00:00,11,8,23,22,0,10,75,,,,Nuit sans éclairage public,Hors agglomération,Hors intersection,Normale,Trois véhicules et plus - collisions multiples,,,,,,,,,,,3,1,1,1.0,5.0
201100007065,0011-09-04 02:30:00,11,9,4,2,30,10,333,,,,Nuit sans éclairage public,Hors agglomération,Hors intersection,Normale,Deux véhicules - frontale,,,,,,,,,,,3,1,1,1.0,1.0
201100007066,0011-10-02 20:30:00,11,10,2,20,30,10,398,,,,Nuit sans éclairage public,Hors agglomération,Hors intersection,Normale,Deux véhicules - frontale,,,,,,,,,,,3,1,1,1.0,1.0
201100007067,0011-11-24 13:00:00,11,11,24,13,0,10,45,,45.962,5.042,Plein jour,Hors agglomération,Hors intersection,Normale,Sans collision,,,,,,,,,,,1,1,1,1.0,7.0
201100007068,0011-12-11 07:30:00,11,12,11,7,30,10,382,,46.012,4.918,Nuit sans éclairage public,Hors agglomération,Hors intersection,Brouillard / fumée,Autre collision,,,,,,,,,,,3,1,1,5.0,6.0
201100007069,0011-01-08 05:00:00,11,1,8,5,0,10,389,,,,Nuit avec éclairage allumé,Hors agglomération,Hors intersection,Normale,Autre collision,,,,,,,,,,,5,1,1,1.0,6.0
201100007070,0011-01-25 11:15:00,11,1,25,11,15,10,263,Avenue de THIOLLET,,,Plein jour,En agglomération,Hors intersection,Normale,Deux véhicules - frontale,,,,,,,,,,,1,2,1,1.0,1.0
201100007071,0011-02-06 15:30:00,11,2,6,15,30,10,165,,,,Plein jour,Hors agglomération,Hors intersection,Normale,Autre collision,,,,,,,,,,,1,1,1,1.0,6.0
201100007072,0011-04-27 13:30:00,11,4,27,13,30,10,83,,,,Plein jour,Hors agglomération,Hors intersection,Normale,Deux véhicules - côté,,,,,,,,,,,1,1,1,1.0,3.0
201100007073,0011-06-19 18:30:00,11,6,19,18,30,10,351,,,,Plein jour,Hors agglomération,Hors intersection,Normale,Sans collision,,,,,,,,,,,1,1,1,1.0,7.0
201100007074,0011-04-15 10:00:00,11,4,15,10,0,70,122,,,,Plein jour,Hors agglomération,Hors intersection,Normale,Deux véhicules - arrière,,,,,,,,,,,1,1,1,1.0,2.0
201100007075,0011-06-02 17:45:00,11,6,2,17,45,70,230,,,,Plein jour,Hors agglomération,Hors intersection,Temps couvert,Autre collision,,,,,,,,,,,1,1,1,8.0,6.0
201100007076,0011-07-10 11:15:00,11,7,10,11,15,70,158,,,,Plein jour,Hors agglomération,Hors intersection,Temps couvert,Sans collision,,,,,,,,,,,1,1,1,8.0,7.0
201100007077,0011-12-21 18:45:00,11,12,21,18,45,70,339,,,,Nuit sans éclairage public,Hors agglomération,Hors intersection,Autre,Deux véhicules - côté,,,,,,,,,,,3,1,1,9.0,3.0
201100007078,0011-03-04 12:00:00,11,3,4,12,0,70,42,Avenue Mar?chal LECLERC,,,Plein jour,En agglomération,Hors intersection,Normale,Autre collision,,,,,,,,,,,1,2,1,1.0,6.0
201100007079,0011-04-08 08:15:00,11,4,8,8,15,70,42,,,,Plein jour,Hors agglomération,Hors intersection,Normale,Trois véhicules et plus - collisions multiples,,,,,,,,,,,1,1,1,1.0,5.0
201100007080,0011-04-06 18:00:00,11,4,6,18,0,70,42,Avenue Pierre Brossolett,,,Plein jour,En agglomération,Hors intersection,Normale,Autre collision,,,,,,,,,,,1,2,1,1.0,6.0
201100007081,0011-05-13 09:30:00,11,5,13,9,30,70,268,placette le sablas,,,Plein jour,En agglomération,Hors intersection,Normale,Autre collision,,,,,,,,,,,1,2,1,1.0,6.0
201100007082,0011-05-18 10:45:00,11,5,18,10,45,70,42,,,,Plein jour,En agglomération,Hors intersection,Normale,Trois véhicules et plus - en chaîne,,,,,,,,,,,1,2,1,1.0,4.0
201100007083,0011-05-21 02:00:00,11,5,21,2,0,70,42,avenue notre dame,,,Nuit avec éclairage allumé,En agglomération,Autre intersection,Normale,Autre collision,,,,,,,,,,,5,2,9,1.0,6.0
201100007084,0011-09-18 02:15:00,11,9,18,2,15,70,279,,44.433,4.626,Nuit sans éclairage public,Hors agglomération,Hors intersection,Pluie légère,Autre collision,,,,,,,,,,,3,1,1,2.0,6.0
201100007085,0011-02-02 07:30:00,11,2,2,7,30,70,83,Le Village,,,Crépuscule ou aube,En agglomération,Hors intersection,Normale,Autre collision,,,,,,,,,,,2,2,1,1.0,6.0
201100007086,0011-04-17 06:30:00,11,4,17,6,30,70,167,,,,Plein jour,Hors agglomération,Hors intersection,Normale,Sans collision,,,,,,,,,,,1,1,1,1.0,7.0
201100007087,0011-07-16 16:00:00,11,7,16,16,0,70,295,,,,Plein jour,Hors agglomération,Hors intersection,Normale,Deux véhicules - frontale,,,,,,,,,,,1,1,1,1.0,1.0
201100007088,0011-07-19 16:45:00,11,7,19,16,45,70,295,Grande rue,,,Plein jour,En agglomération,Hors intersection,Normale,Deux véhicules - frontale,,,,,,,,,,,1,2,1,1.0,1.0
201100007089,0011-08-14 16:15:00,11,8,14,16,15,70,149,,,,Plein jour,Hors agglomération,Hors intersection,Pluie légère,Sans collision,,,,,,,,,,,1,1,1,2.0,7.0
201100007090,0011-01-02 07:30:00,11,1,2,7,30,70,319,,,,Nuit sans éclairage public,Hors agglomération,Hors intersection,Normale,Autre collision,,,,,,,,,,,3,1,1,1.0,6.0
201100007091,0011-03-04 15:30:00,11,3,4,15,30,70,319,,,,Plein jour,Hors agglomération,Hors intersection,Normale,Deux véhicules - frontale,,,,,,,,,,,1,1,1,1.0,1.0
201100007092,0011-06-21 17:30:00,11,6,21,17,30,70,346,,,,Plein jour,Hors agglomération,Hors intersection,Normale,Deux véhicules - arrière,,,,,,,,,,,1,1,1,1.0,2.0
201100007093,0011-08-27 18:00:00,11,8,27,18,0,70,319,Residence la Violette I,,,Nuit avec éclairage allumé,En agglomération,Hors intersection,Normale,Deux véhicules - côté,,,,,,,,,,,5,2,1,1.0,3.0
201100007094,0011-09-16 17:30:00,11,9,16,17,30,70,319,chemin de Malaure,,,Plein jour,En agglomération,Hors intersection,Normale,Deux véhicules - côté,,,,,,,,,,,1,2,1,1.0,3.0
201100007095,0011-10-06 22:30:00,11,10,6,22,30,70,319,,,,Nuit sans éclairage public,Hors agglomération,Giratoire,Normale,Autre collision,,,,,,,,,,,3,1,6,1.0,6.0
201100007096,0011-11-29 19:30:00,11,11,29,19,30,70,319,Rond point des travaille,,,Nuit avec éclairage allumé,En agglomération,Giratoire,Normale,Deux véhicules - côté,,,,,,,,,,,5,2,6,1.0,3.0
201100007097,0011-12-16 20:45:00,11,12,16,20,45,70,76,,,,Nuit sans éclairage public,Hors agglomération,Hors intersection,Temps couvert,Deux véhicules - côté,,,,,,,,,,,3,1,1,8.0,3.0
201100007098,0011-05-06 07:45:00,11,5,6,7,45,70,190,,,,Plein jour,Hors agglomération,Hors intersection,Normale,Autre collision,,,,,,,,,,,1,1,1,1.0,6.0
201100007099,0011-08-01 15:15:00,11,8,1,15,15,70,145,,,,Plein jour,Hors agglomération,Hors intersection,Normale,Deux véhicules - frontale,,,,,,,,,,,1,1,1,1.0,1.0
201100007100,0011-08-20 08:45:00,11,8,20,8,45,70,247,,,,Plein jour,Hors agglomération,Hors intersection,Normale,Deux véhicules - frontale,,,,,,,,,,,1,1,1,1.0,1.0
201100007101,0011-12-01 07:45:00,11,12,1,7,45,70,341,,,,Crépuscule ou aube,Hors agglomération,Hors intersection,Normale,Deux véhicules - frontale,,,,,,,,,,,2,1,1,1.0,1.0
201100007102,0011-12-13 23:00:00,11,12,13,23,0,70,348,,,,Nuit sans éclairage public,Hors agglomération,Hors intersection,Normale,Autre collision,,,,,,,,,,,3,1,1,1.0,6.0
201100007103,0011-02-26 15:45:00,11,2,26,15,45,70,349,quai Jean Jaurès,44.805,4.784,Plein jour,En agglomération,Hors intersection,Normale,Deux véhicules - côté,,,,,,,,,,,1,2,1,1.0,3.0
201100007104,0011-03-14 08:15:00,11,3,14,8,15,70,288,,,,Plein jour,Hors agglomération,Hors intersection,Pluie légère,Deux véhicules - côté,,,,,,,,,,,1,1,1,2.0,3.0
201100007105,0011-03-20 17:45:00,11,3,20,17,45,70,22,,44.703,4.768,Plein jour,Hors agglomération,Hors intersection,Normale,Deux véhicules - frontale,,,,,,,,,,,1,1,1,1.0,1.0
201100007106,0011-04-02 17:15:00,11,4,2,17,15,70,288,,44.723,4.533,Plein jour,Hors agglomération,Hors intersection,Normale,Deux véhicules - frontale,,,,,,,,,,,1,1,1,1.0,1.0
201100007107,0011-04-11 08:15:00,11,4,11,8,15,70,27,,,,Plein jour,Hors agglomération,Hors intersection,Normale,Autre collision,,,,,,,,,,,1,1,1,1.0,6.0
201100007108,0011-05-08 09:15:00,11,5,8,9,15,70,349,,,,Plein jour,Hors agglomération,Hors intersection,Normale,Deux véhicules - frontale,,,,,,,,,,,1,1,1,1.0,1.0
201100007109,0011-06-21 09:30:00,11,6,21,9,30,70,349,AVENUE DU 11 NOVEMBRE,,,Plein jour,En agglomération,Hors intersection,Normale,Autre collision,,,,,,,,,,,1,2,1,1.0,6.0
201100007110,0011-06-25 19:30:00,11,6,25,19,30,70,181,Place Fr?d?ric Mistral,,,Plein jour,En agglomération,Place,Normale,Autre collision,,,,,,,,,,,1,2,7,1.0,6.0
201100007111,0011-06-29 16:00:00,11,6,29,16,0,70,27,,,,Plein jour,Hors agglomération,Hors intersection,Normale,Sans collision,,,,,,,,,,,1,1,1,1.0,7.0
201100007112,0011-07-12 10:30:00,11,7,12,10,30,70,261,,,,Plein jour,Hors agglomération,Hors intersection,Normale,Deux véhicules - arrière,,,,,,,,,,,1,1,1,1.0,2.0
201100007113,0011-07-16 18:00:00,11,7,16,18,0,70,349,Quai Jean Jaur?s,,,Plein jour,En agglomération,Giratoire,Normale,Deux véhicules - arrière,,,,,,,,,,,1,2,6,1.0,2.0
201100007114,0011-07-25 14:30:00,11,7,25,14,30,70,181,quai ren? REVOLLAT,,,Plein jour,En agglomération,Hors intersection,Normale,Deux véhicules - arrière,,,,,,,,,,,1,2,1,1.0,2.0
201100007115,0011-09-25 22:00:00,11,9,25,22,0,70,260,,,,Nuit sans éclairage public,Hors agglomération,Hors intersection,Normale,Deux véhicules - frontale,,,,,,,,,,,3,1,1,1.0,1.0
201100007116,0011-10-20 00:15:00,11,10,20,0,15,70,240,,,,Nuit avec éclairage allumé,Hors agglomération,Autre intersection,Normale,Autre collision,,,,,,,,,,,5,1,9,1.0,6.0
201100007117,0011-10-24 13:30:00,11,10,24,13,30,70,198,,,,Plein jour,Hors agglomération,Hors intersection,Normale,Autre collision,,,,,,,,,,,1,1,1,1.0,6.0
201100007118,0011-11-18 08:15:00,11,11,18,8,15,70,260,RD 304,,,Plein jour,En agglomération,Hors intersection,Brouillard / fumée,Autre collision,,,,,,,,,,,1,2,1,5.0,6.0
201100007119,0011-12-11 11:30:00,11,12,11,11,30,70,298,Quartier Brune,,,Plein jour,En agglomération,Hors intersection,Normale,Autre collision,,,,,,,,,,,1,2,1,1.0,6.0
201100007120,0011-02-18 17:00:00,11,2,18,17,0,70,110,Rue françois BOISSEL,,,Nuit avec éclairage allumé,En agglomération,Hors intersection,Normale,Deux véhicules - côté,,,,,,,,,,,5,2,1,1.0,3.0
201100007121,0011-04-30 18:00:00,11,4,30,18,0,70,199,Le Pont,,,Plein jour,En agglomération,Hors intersection,Normale,Deux véhicules - côté,,,,,,,,,,,1,2,1,1.0,3.0
201100007122,0011-07-15 18:45:00,11,7,15,18,45,70,132,,,,Plein jour,Hors agglomération,Hors intersection,Normale,Trois véhicules et plus - collisions multiples,,,,,,,,,,,1,1,1,1.0,5.0
201100007123,0011-07-16 05:30:00,11,7,16,5,30,70,132,,,,Nuit sans éclairage public,Hors agglomération,Hors intersection,Normale,Autre collision,,,,,,,,,,,3,1,1,1.0,6.0
201100007124,0011-07-26 16:00:00,11,7,26,16,0,70,117,,,,Plein jour,Hors agglomération,Hors intersection,Normale,Deux véhicules - arrière,,,,,,,,,,,1,1,1,1.0,2.0
201100007125,0011-09-13 01:30:00,11,9,13,1,30,70,117,,,,Nuit sans éclairage public,Hors agglomération,Hors intersection,Normale,Autre collision,,,,,,,,,,,3,1,1,1.0,6.0
201100007126,0011-09-13 15:30:00,11,9,13,15,30,70,162,,,,Plein jour,Hors agglomération,Hors intersection,Normale,Autre collision,,,,,,,,,,,1,1,1,1.0,6.0
201100007127,0011-09-20 17:00:00,11,9,20,17,0,70,202,,,,Plein jour,Hors agglomération,Hors intersection,Normale,Autre collision,,,,,,,,,,,1,1,1,1.0,6.0
201100007128,0011-09-23 21:15:00,11,9,23,21,15,70,199,,,,Nuit sans éclairage public,Hors agglomération,Hors intersection,Normale,Deux véhicules - frontale,,,,,,,,,,,3,1,1,1.0,1.0
201100007129,0011-09-30 18:00:00,11,9,30,18,0,70,134,,,,Plein jour,Hors agglomération,Hors intersection,Normale,Deux véhicules - frontale,,,,,,,,,,,1,1,1,1.0,1.0
201100007130,0011-10-29 20:00:00,11,10,29,20,0,70,238,,44.456,4.173,Nuit sans éclairage public,Hors agglomération,Hors intersection,Normale,Autre collision,,,,,,,,,,,3,1,1,1.0,6.0
201100007131,0011-11-19 11:15:00,11,11,19,11,15,70,327,Le village,44.519,4.323,Plein jour,En agglomération,Hors intersection,Pluie forte,Autre collision,,,,,,,,,,,1,2,1,3.0,6.0
201100007132,0011-08-27 08:00:00,11,8,27,8,0,70,142,,44.77,3.916,Plein jour,Hors agglomération,Hors intersection,Normale,Deux véhicules - côté,,,,,,,,,,,1,1,1,1.0,3.0
201100007133,0011-09-12 08:00:00,11,9,12,8,0,70,142,,,,Plein jour,Hors agglomération,Hors intersection,Normale,Deux véhicules - côté,,,,,,,,,,,1,1,1,1.0,3.0
201100007134,0011-09-30 17:45:00,11,9,30,17,45,70,18,,,,Plein jour,Hors agglomération,Hors intersection,Normale,Sans collision,,,,,,,,,,,1,1,1,1.0,7.0
201100007135,0011-02-17 04:45:00,11,2,17,4,45,70,178,RN 102 Romégier,44.672,4.289,Nuit avec éclairage allumé,En agglomération,Hors intersection,Normale,Autre collision,,,,,,,,,,,5,2,1,1.0,6.0
201100007136,0011-03-20 15:15:00,11,3,20,15,15,70,127,15 AVENUE CENTRALE,44.651,4.326,Plein jour,En agglomération,Hors intersection,Normale,Autre collision,,,,,,,,,,,1,2,1,1.0,6.0
201100007137,0011-07-12 07:00:00,11,7,12,7,0,70,322,,44.68,4.243,Plein jour,Hors agglomération,Hors intersection,Normale,Autre collision,,,,,,,,,,,1,1,1,1.0,6.0
201100007138,0011-08-16 16:30:00,11,8,16,16,30,70,315,,,,Plein jour,Hors agglomération,Hors intersection,Normale,Sans collision,,,,,,,,,,,1,1,1,1.0,7.0
201100007139,0011-09-11 17:00:00,11,9,11,17,0,70,45,,44.759,4.22,Plein jour,Hors agglomération,Hors intersection,Normale,Sans collision,,,,,,,,,,,1,1,1,1.0,7.0
201100007140,0011-09-19 01:00:00,11,9,19,1,0,70,322,,44.681,4.243,Nuit sans éclairage public,Hors agglomération,Hors intersection,Normale,Autre collision,,,,,,,,,,,3,1,1,1.0,6.0
201100007141,0011-10-16 10:30:00,11,10,16,10,30,70,107,,44.641,4.258,Plein jour,En agglomération,Hors intersection,Normale,Autre collision,,,,,,,,,,,1,2,1,1.0,6.0
201100007142,0011-01-17 10:45:00,11,1,17,10,45,70,330,Avenue Jean  JAURES,,,Plein jour,En agglomération,Hors intersection,Normale,Deux véhicules - côté,,,,,,,,,,,1,2,1,1.0,3.0
201100007143,0011-01-29 05:45:00,11,1,29,5,45,70,291,,,,Nuit sans éclairage public,Hors agglomération,Hors intersection,Normale,Autre collision,,,,,,,,,,,3,1,1,1.0,6.0
201100007144,0011-02-05 14:30:00,11,2,5,14,30,70,207,,,,Plein jour,Hors agglomération,Hors intersection,Normale,Deux véhicules - frontale,,,,,,,,,,,1,1,1,1.0,1.0
201100007145,0011-04-09 15:30:00,11,4,9,15,30,70,291,,,,Plein jour,Hors agglomération,Hors intersection,Normale,Sans collision,,,,,,,,,,,1,1,1,1.0,7.0
201100007146,0011-04-14 09:30:00,11,4,14,9,30,70,126,,,,Plein jour,Hors agglomération,Hors intersection,Normale,Sans collision,,,,,,,,,,,1,1,1,1.0,7.0
201100007147,0011-06-21 09:30:00,11,6,21,9,30,70,328,Route de vallon,,,Plein jour,En agglomération,Hors intersection,Normale,Deux véhicules - frontale,,,,,,,,,,,1,2,1,1.0,1.0
201100007148,0011-07-02 22:45:00,11,7,2,22,45,70,207,RUE PASTEUR,,,Nuit avec éclairage allumé,En agglomération,Hors intersection,Normale,Autre collision,,,,,,,,,,,5,2,1,1.0,6.0
201100007149,0011-07-11 03:30:00,11,7,11,3,30,70,306,,,,Nuit sans éclairage public,Hors agglomération,Hors intersection,Normale,Sans collision,,,,,,,,,,,3,1,1,1.0,7.0
201100007150,0011-07-16 18:30:00,11,7,16,18,30,70,291,,,,Plein jour,Hors agglomération,Hors intersection,Normale,Deux véhicules - frontale,,,,,,,,,,,1,1,1,1.0,1.0
201100007151,0011-07-25 23:45:00,11,7,25,23,45,70,330,,,,Nuit sans éclairage public,Hors agglomération,Hors intersection,Normale,Autre collision,,,,,,,,,,,3,1,1,1.0,6.0
201100007152,0011-08-15 18:00:00,11,8,15,18,0,70,306,,,,Plein jour,Hors agglomération,Hors intersection,Normale,Deux véhicules - arrière,,,,,,,,,,,1,1,1,1.0,2.0
201100007153,0011-09-07 17:00:00,11,9,7,17,0,70,330,Rond point de la distill,,,Plein jour,En agglomération,Giratoire,Normale,Deux véhicules - côté,,,,,,,,,,,1,2,6,1.0,3.0
201100007154,0011-10-02 15:30:00,11,10,2,15,30,70,291,,,,Plein jour,Hors agglomération,Hors intersection,Normale,Sans collision,,,,,,,,,,,1,1,1,1.0,7.0
201100007155,0011-11-26 15:00:00,11,11,26,15,0,70,330,,,,Plein jour,Hors agglomération,Hors intersection,Normale,Deux véhicules - frontale,,,,,,,,,,,1,1,1,1.0,1.0
201100007156,0011-12-11 18:15:00,11,12,11,18,15,70,330,,,,Nuit sans éclairage public,Hors agglomération,Giratoire,Normale,Sans collision,,,,,,,,,,,3,1,6,1.0,7.0
201100007157,0011-01-17 09:15:00,11,1,17,9,15,70,147,,,,Plein jour,Hors agglomération,Hors intersection,Normale,Autre collision,,,,,,,,,,,1,1,1,1.0,6.0
201100007158,0011-04-15 18:45:00,11,4,15,18,45,70,334,CD901 07140 LES VANS,,,Plein jour,En agglomération,Hors intersection,Temps éblouissant,Deux véhicules - côté,,,,,,,,,,,1,2,1,7.0,3.0
201100007159,0011-05-20 01:30:00,11,5,20,1,30,70,294,,,,Nuit sans éclairage public,Hors agglomération,Hors intersection,Normale,Sans collision,,,,,,,,,,,3,1,1,1.0,7.0
201100007160,0011-06-06 17:30:00,11,6,6,17,30,70,280,,,,Plein jour,Hors agglomération,Hors intersection,Normale,Sans collision,,,,,,,,,,,1,1,1,1.0,7.0
201100007161,0011-01-13 12:00:00,11,1,13,12,0,70,324,117 rue du Doux,45.07,4.82,Plein jour,En agglomération,Hors intersection,Normale,Autre collision,,,,,,,,,,,1,2,1,1.0,6.0
201100007162,0011-03-05 19:30:00,11,3,5,19,30,70,217,,,,Nuit sans éclairage public,Hors agglomération,Hors intersection,Normale,Sans collision,,,,,,,,,,,3,1,1,1.0,7.0
201100007163,0011-03-20 17:15:00,11,3,20,17,15,70,217,,,,Plein jour,Hors agglomération,Hors intersection,Normale,Autre collision,,,,,,,,,,,1,1,1,1.0,6.0
201100007164,0011-04-01 21:15:00,11,4,1,21,15,70,324,Quai Charles DE GAULLE,45.072,4.835,Nuit avec éclairage allumé,En agglomération,Hors intersection,Normale,Autre collision,,,,,,,,,,,5,2,1,1.0,6.0
201100007165,0011-06-18 22:00:00,11,6,18,22,0,70,323,RD 279,,,Nuit avec éclairage allumé,En agglomération,Hors intersection,Normale,Autre collision,,,,,,,,,,,5,2,1,1.0,6.0
201100007166,0011-08-31 17:45:00,11,8,31,17,45,70,245,,,,Plein jour,En agglomération,Autre intersection,Normale,Deux véhicules - côté,,,,,,,,,,,1,2,9,1.0,3.0
201100007167,0011-08-31 15:30:00,11,8,31,15,30,70,40,,,,Plein jour,Hors agglomération,Hors intersection,Normale,Autre collision,,,,,,,,,,,1,1,1,1.0,6.0
201100007168,0011-09-10 23:30:00,11,9,10,23,30,70,324,,,,Nuit sans éclairage public,Hors agglomération,Hors intersection,Normale,Autre collision,,,,,,,,,,,3,1,1,1.0,6.0
201100007169,0011-09-13 14:45:00,11,9,13,14,45,70,15,,,,Plein jour,Hors agglomération,Hors intersection,Normale,Deux véhicules - côté,,,,,,,,,,,1,1,1,1.0,3.0
201100007170,0011-09-28 19:45:00,11,9,28,19,45,70,245,"RD 86, rond point d'Inte",,,Crépuscule ou aube,En agglomération,Hors intersection,Normale,Autre collision,,,,,,,,,,,2,2,1,1.0,6.0
201100007171,0011-10-25 07:00:00,11,10,25,7,0,70,324,QUAI CHARLES DE GAULLE,45.073,4.834,Nuit avec éclairage allumé,En agglomération,Hors intersection,Pluie forte,Autre collision,,,,,,,,,,,5,2,1,3.0,6.0
201100007172,0011-01-15 08:45:00,11,1,15,8,45,70,197,,,,Plein jour,Hors agglomération,Hors intersection,Temps éblouissant,Deux véhicules - côté,,,,,,,,,,,1,1,1,7.0,3.0
201100007173,0011-04-06 08:00:00,11,4,6,8,0,70,308,Rue du Vivarais,,,Plein jour,En agglomération,Hors intersection,Temps éblouissant,Autre collision,,,,,,,,,,,1,2,1,7.0,6.0
201100007174,0011-04-22 17:30:00,11,4,22,17,30,70,227,,,,Plein jour,Hors agglomération,Hors intersection,Normale,Deux véhicules - frontale,,,,,,,,,,,1,1,1,1.0,1.0
201100007175,0011-04-30 19:45:00,11,4,30,19,45,70,172,,,,Plein jour,Hors agglomération,Hors intersection,Normale,Trois véhicules et plus - en chaîne,,,,,,,,,,,1,1,1,1.0,4.0
201100007176,0011-07-22 14:30:00,11,7,22,14,30,70,9,quai bernard clarel,,,Plein jour,En agglomération,Place,Normale,Deux véhicules - frontale,,,,,,,,,,,1,2,7,1.0,1.0
201100007177,0011-07-27 13:30:00,11,7,27,13,30,70,308,rte de la riviere d' Ay,,,Plein jour,En agglomération,Hors intersection,Normale,Deux véhicules - frontale,,,,,,,,,,,1,2,1,1.0,1.0
201100007178,0011-07-31 20:00:00,11,7,31,20,0,70,10,54 rue Andr? Roux,,,Plein jour,En agglomération,Hors intersection,Normale,Autre collision,,,,,,,,,,,1,2,1,1.0,6.0
201100007179,0011-09-12 14:00:00,11,9,12,14,0,70,225,,,,Plein jour,Hors agglomération,Hors intersection,Normale,Deux véhicules - côté,,,,,,,,,,,1,1,1,1.0,3.0
201100007180,0011-09-17 14:00:00,11,9,17,14,0,70,10,rue MELCHIOR DE VOGUE,,,Plein jour,En agglomération,Hors intersection,Pluie légère,Deux véhicules - côté,,,,,,,,,,,1,2,1,2.0,3.0
201100007181,0011-09-24 18:30:00,11,9,24,18,30,70,10,rue ferdinand janvier,,,Plein jour,En agglomération,Hors intersection,Normale,Deux véhicules - frontale,,,,,,,,,,,1,2,1,1.0,1.0
201100007182,0011-10-10 14:00:00,11,10,10,14,0,70,78,,,,Plein jour,Hors agglomération,Hors intersection,Normale,Deux véhicules - frontale,,,,,,,,,,,1,1,1,1.0,1.0
201100007183,0011-10-26 16:45:00,11,10,26,16,45,70,308,,,,Plein jour,Hors agglomération,Hors intersection,Normale,Deux véhicules - frontale,,,,,,,,,,,1,1,1,1.0,1.0
201100007184,0011-12-18 15:00:00,11,12,18,15,0,70,41,,,,Plein jour,Hors agglomération,Hors intersection,Normale,Deux véhicules - arrière,,,,,,,,,,,1,1,1,1.0,2.0
201100007185,0011-04-10 13:15:00,11,4,10,13,15,70,267,,,,Plein jour,Hors agglomération,Hors intersection,Normale,Deux véhicules - frontale,,,,,,,,,,,1,1,1,1.0,1.0
201100007186,0011-08-11 20:45:00,11,8,11,20,45,70,204,,45.022,4.405,Plein jour,Hors agglomération,Hors intersection,Normale,Sans collision,,,,,,,,,,,1,1,1,1.0,7.0
201100007187,0011-08-14 22:45:00,11,8,14,22,45,70,64,Chemin d'aurives,44.917,4.428,Nuit sans éclairage public,En agglomération,Hors intersection,Normale,Sans collision,,,,,,,,,,,3,2,1,1.0,7.0
201100007188,0011-09-28 12:30:00,11,9,28,12,30,70,267,,44.869,4.276,Plein jour,Hors agglomération,Hors intersection,Normale,Autre collision,,,,,,,,,,,1,1,1,1.0,6.0
201100007189,0011-10-11 09:15:00,11,10,11,9,15,70,64,la palisse,,,Plein jour,En agglomération,Hors intersection,Normale,Deux véhicules - côté,,,,,,,,,,,1,2,1,1.0,3.0
201100007190,0011-10-14 14:00:00,11,10,14,14,0,70,64,RUE DE LA REPUBLIQUE,44.909,4.422,Plein jour,En agglomération,Hors intersection,Normale,Autre collision,,,,,,,,,,,1,2,1,1.0,6.0
201100007191,0011-10-30 04:00:00,11,10,30,4,0,70,269,,,,Nuit sans éclairage public,Hors agglomération,Hors intersection,Normale,Autre collision,,,,,,,,,,,3,1,1,1.0,6.0
201100007192,0011-11-19 12:00:00,11,11,19,12,0,70,269,,,,Plein jour,Hors agglomération,Hors intersection,Pluie légère,Sans collision,,,,,,,,,,,1,1,1,2.0,7.0
201100007193,0011-11-24 14:00:00,11,11,24,14,0,70,64,avenue de jagornac,44.912,4.422,Plein jour,En agglomération,Hors intersection,Normale,Autre collision,,,,,,,,,,,1,2,1,1.0,6.0
201100007194,0011-04-09 16:30:00,11,4,9,16,30,70,129,,,,Plein jour,Hors agglomération,Hors intersection,Normale,Deux véhicules - frontale,,,,,,,,,,,1,1,1,1.0,1.0
201100007195,0011-04-09 18:00:00,11,4,9,18,0,70,52,D 219,,,Plein jour,En agglomération,Hors intersection,Normale,Deux véhicules - côté,,,,,,,,,,,1,2,1,1.0,3.0
201100007196,0011-04-10 19:30:00,11,4,10,19,30,70,52,,,,Crépuscule ou aube,Hors agglomération,Hors intersection,Normale,Deux véhicules - frontale,,,,,,,,,,,2,1,1,1.0,1.0
201100007197,0011-04-20 20:30:00,11,4,20,20,30,70,52,,,,Plein jour,Hors agglomération,Hors intersection,Normale,Trois véhicules et plus - collisions multiples,,,,,,,,,,,1,1,1,1.0,5.0
201100007198,0011-05-26 15:00:00,11,5,26,15,0,70,79,,,,Plein jour,Hors agglomération,Hors intersection,Normale,Deux véhicules - frontale,,,,,,,,,,,1,1,1,1.0,1.0