accident_id,datetime,annee,mois,jour,heure,minute,departement,commune_insee,adresse,latitude,longitude,luminosite,agglomeration,intersection,meteo,collision,nb_vehicules,nb_usagers,nb_indemnes,nb_tues,nb_blesses_hosp,nb_blesses_legers,age_cond_1,age_cond_2,veh_type_cond_1,veh_type_cond_2,lum_code,agg_code,int_code,atm_code,col_code
201100007199,0011-06-01 19:00:00,11,6,1,19,0,70,129,Rue Frederic Nodin,,,Plein jour,En agglomération,Hors intersection,Normale,Autre collision,,,,,,,,,,,1,2,1,1.0,6.0
201100007200,0011-06-01 17:15:00,11,6,1,17,15,70,35,"Quartier ""Les rioux""",,,Plein jour,En agglomération,Hors intersection,Normale,Deux véhicules - frontale,,,,,,,,,,,1,2,1,1.0,1.0
201100007201,0011-11-28 10:15:00,11,11,28,10,15,70,274,,,,Plein jour,Hors agglomération,Hors intersection,Temps couvert,Deux véhicules - frontale,,,,,,,,,,,1,1,1,8.0,1.0
201100007202,0011-11-12 19:00:00,11,11,12,19,0,70,79,,,,Nuit sans éclairage public,Hors agglomération,Hors intersection,Normale,Sans collision,,,,,,,,,,,3,1,1,1.0,7.0
201100007203,0011-11-20 12:45:00,11,11,20,12,45,70,338,,,,Plein jour,Hors agglomération,Intersection en Y,Normale,Deux véhicules - frontale,,,,,,,,,,,1,1,4,1.0,1.0
201100007204,0011-11-30 15:45:00,11,11,30,15,45,70,129,,,,Plein jour,Hors agglomération,Hors intersection,Normale,Deux véhicules - frontale,,,,,,,,,,,1,1,1,1.0,1.0
201100007205,0011-07-20 08:00:00,11,7,20,8,0,70,274,,44.85,4.57,Plein jour,Hors agglomération,Hors intersection,Normale,Sans collision,,,,,,,,,,,1,1,1,1.0,7.0
201100007206,0011-03-03 16:15:00,11,3,3,16,15,70,309,,,,Plein jour,Hors agglomération,Hors intersection,Normale,Autre collision,,,,,,,,,,,1,1,1,1.0,6.0
201100007207,0011-03-12 03:00:00,11,3,12,3,0,70,250,,45.155,4.711,Nuit sans éclairage public,Hors agglomération,Hors intersection,Normale,Autre collision,,,,,,,,,,,3,1,1,1.0,6.0
201100007208,0011-05-20 20:45:00,11,5,20,20,45,70,185,,45.144,4.657,Crépuscule ou aube,Hors agglomération,Hors intersection,Normale,Autre collision,,,,,,,,,,,2,1,1,1.0,6.0
201100007209,0011-05-29 18:00:00,11,5,29,18,0,70,285,,,,Plein jour,Hors agglomération,Hors intersection,Normale,Autre collision,,,,,,,,,,,1,1,1,1.0,6.0
201100007210,0011-07-18 09:15:00,11,7,18,9,15,70,14,,,,Plein jour,Hors agglomération,Hors intersection,Normale,Deux véhicules - frontale,,,,,,,,,,,1,1,1,1.0,1.0
201100007211,0011-10-10 07:45:00,11,10,10,7,45,70,292,,45.162,4.69,Crépuscule ou aube,Hors agglomération,Hors intersection,Temps couvert,Deux véhicules - frontale,,,,,,,,,,,2,1,1,8.0,1.0
201100007212,0011-11-25 15:30:00,11,11,25,15,30,70,170,,45.106,4.575,Plein jour,Hors agglomération,Hors intersection,Normale,Sans collision,,,,,,,,,,,1,1,1,1.0,7.0
201100007213,0011-02-10 08:15:00,11,2,10,8,15,260,197,rue des préalpes,,,Plein jour,En agglomération,Hors intersection,Brouillard / fumée,Deux véhicules - côté,,,,,,,,,,,1,2,1,5.0,3.0
201100007214,0011-03-10 15:30:00,11,3,10,15,30,260,64,rue Monchweiler,44.905,5.018,Plein jour,En agglomération,Hors intersection,Normale,Autre collision,,,,,,,,,,,1,2,1,1.0,6.0
201100007215,0011-04-25 21:30:00,11,4,25,21,30,260,170,FONT CHAMBONNE,44.903,4.977,Nuit sans éclairage public,Hors agglomération,Hors intersection,Normale,Autre collision,,,,,,,,,,,3,1,1,1.0,6.0
201100007216,0011-07-06 12:15:00,11,7,6,12,15,260,170,26170,44.904,4.97,Plein jour,Hors agglomération,Hors intersection,Normale,Sans collision,,,,,,,,,,,1,1,1,1.0,7.0
201100007217,0011-02-28 10:00:00,11,2,28,10,0,260,258,26258,,,Plein jour,Hors agglomération,Hors intersection,Normale,Deux véhicules - frontale,,,,,,,,,,,1,1,1,1.0,1.0
201100007218,0011-03-14 08:30:00,11,3,14,8,30,260,108,26108,,,Plein jour,Hors agglomération,Hors intersection,Temps couvert,Deux véhicules - frontale,,,,,,,,,,,1,1,1,8.0,1.0
201100007219,0011-03-24 12:00:00,11,3,24,12,0,260,125,26125,,,Plein jour,Hors agglomération,Hors intersection,Normale,Autre collision,,,,,,,,,,,1,1,1,1.0,6.0
201100007220,0011-05-07 12:15:00,11,5,7,12,15,260,183,,,,Plein jour,Hors agglomération,Hors intersection,Normale,Trois véhicules et plus - collisions multiples,,,,,,,,,,,1,1,1,1.0,5.0
201100007221,0011-05-20 15:45:00,11,5,20,15,45,260,234,26234,,,Plein jour,Hors agglomération,Hors intersection,Normale,Deux véhicules - arrière,,,,,,,,,,,1,1,1,1.0,2.0
201100007222,0011-06-12 15:45:00,11,6,12,15,45,260,108,26108,44.7253,5.016,Plein jour,En agglomération,Hors intersection,Normale,Deux véhicules - frontale,,,,,,,,,,,1,2,1,1.0,1.0
201100007223,0011-07-13 12:45:00,11,7,13,12,45,260,336,26336,,,Plein jour,Hors agglomération,Autre intersection,Pluie légère,Autre collision,,,,,,,,,,,1,1,9,2.0,6.0
201100007224,0011-08-01 19:00:00,11,8,1,19,0,260,115,26115,,,Plein jour,Hors agglomération,Hors intersection,Normale,Autre collision,,,,,,,,,,,1,1,1,1.0,6.0
201100007225,0011-08-04 15:00:00,11,8,4,15,0,260,65,26065,,,Plein jour,Hors agglomération,Hors intersection,Normale,Trois véhicules et plus - collisions multiples,,,,,,,,,,,1,1,1,1.0,5.0
201100007226,0011-10-06 08:00:00,11,10,6,8,0,260,287,26287,,,Plein jour,Hors agglomération,Hors intersection,Normale,Sans collision,,,,,,,,,,,1,1,1,1.0,7.0
201100007227,0011-11-02 09:15:00,11,11,2,9,15,260,115,26115,,,Plein jour,Hors agglomération,Hors intersection,Pluie légère,Deux véhicules - frontale,,,,,,,,,,,1,1,1,2.0,1.0
201100007228,0011-11-25 08:15:00,11,11,25,8,15,260,11,26011,44.7137,5.0514,Plein jour,En agglomération,Hors intersection,Normale,Sans collision,,,,,,,,,,,1,2,1,1.0,7.0
201100007229,0011-01-04 05:45:00,11,1,4,5,45,260,196,26196,44.88,4.911,Nuit sans éclairage public,Hors agglomération,Hors intersection,Neige / grêle,Deux véhicules - frontale,,,,,,,,,,,3,1,1,4.0,1.0
201100007230,0011-01-09 21:15:00,11,1,9,21,15,260,165,,44.784,4.828,Nuit avec éclairage allumé,Hors agglomération,Hors intersection,Pluie légère,Autre collision,,,,,,,,,,,5,1,1,2.0,6.0
201100007231,0011-04-17 00:01:00,11,4,17,0,1,260,337,26337,,,Nuit sans éclairage public,Hors agglomération,Hors intersection,Normale,Deux véhicules - frontale,,,,,,,,,,,3,1,1,1.0,1.0
201100007232,0011-06-11 10:00:00,11,6,11,10,0,260,165,26165,,,Plein jour,Hors agglomération,Hors intersection,Normale,Deux véhicules - côté,,,,,,,,,,,1,1,1,1.0,3.0
201100007233,0011-09-01 10:00:00,11,9,1,10,0,260,208,26208,,,Plein jour,Hors agglomération,Hors intersection,Normale,Trois véhicules et plus - collisions multiples,,,,,,,,,,,1,1,1,1.0,5.0
201100007234,0011-09-02 09:00:00,11,9,2,9,0,260,144,26144,,,Plein jour,Hors agglomération,Hors intersection,Pluie légère,Deux véhicules - frontale,,,,,,,,,,,1,1,1,2.0,1.0
201100007235,0011-09-16 10:15:00,11,9,16,10,15,260,6,26006,44.76,4.891,Plein jour,Hors agglomération,Hors intersection,Normale,Autre collision,,,,,,,,,,,1,1,1,1.0,6.0
201100007236,0011-11-03 18:00:00,11,11,3,18,0,260,144,26144,,,Nuit sans éclairage public,Hors agglomération,Hors intersection,Vent fort / tempête,Deux véhicules - frontale,,,,,,,,,,,3,1,1,6.0,1.0
201100007237,0011-12-05 08:30:00,11,12,5,8,30,260,42,26042,,,Plein jour,Hors agglomération,Hors intersection,Pluie légère,Trois véhicules et plus - en chaîne,,,,,,,,,,,1,1,1,2.0,4.0
201100007238,0011-01-11 14:45:00,11,1,11,14,45,260,113,26113,,,Plein jour,Hors agglomération,Hors intersection,Normale,Deux véhicules - côté,,,,,,,,,,,1,1,1,1.0,3.0
201100007239,0011-06-18 15:00:00,11,6,18,15,0,260,113,26113,44.753,5.382,Plein jour,En agglomération,Giratoire,Normale,Deux véhicules - côté,,,,,,,,,,,1,2,6,1.0,3.0
201100007240,0011-07-26 00:30:00,11,7,26,0,30,260,113,26113,44.7569,5.3583,Nuit sans éclairage public,En agglomération,Hors intersection,Normale,Autre collision,,,,,,,,,,,3,2,1,1.0,6.0
201100007241,0011-07-30 14:00:00,11,7,30,14,0,260,113,26113,,,Plein jour,En agglomération,Hors intersection,Normale,Deux véhicules - côté,,,,,,,,,,,1,2,1,1.0,3.0
201100007242,0011-07-31 15:45:00,11,7,31,15,45,260,69,26069,,,Plein jour,Hors agglomération,Hors intersection,Normale,Autre collision,,,,,,,,,,,1,1,1,1.0,6.0
201100007243,0011-08-21 06:00:00,11,8,21,6,0,260,113,26113,,,Plein jour,Hors agglomération,Hors intersection,Normale,Autre collision,,,,,,,,,,,1,1,1,1.0,6.0
201100007244,0011-08-19 19:45:00,11,8,19,19,45,260,113,26113,,,Plein jour,Hors agglomération,Hors intersection,Normale,Sans collision,,,,,,,,,,,1,1,1,1.0,7.0
201100007245,0011-09-04 18:45:00,11,9,4,18,45,260,113,26113,,,Plein jour,Hors agglomération,Hors intersection,Normale,Deux véhicules - côté,,,,,,,,,,,1,1,1,1.0,3.0
201100007246,0011-12-24 02:15:00,11,12,24,2,15,260,290,26290,44.894,5.423,Nuit sans éclairage public,Hors agglomération,Hors intersection,Pluie légère,Sans collision,,,,,,,,,,,3,1,1,2.0,7.0
201100007247,0011-06-24 20:45:00,11,6,24,20,45,260,40,26040,44.577,5.57,Plein jour,Hors agglomération,Hors intersection,Normale,Autre collision,,,,,,,,,,,1,1,1,1.0,6.0
201100007248,0011-06-26 03:45:00,11,6,26,3,45,260,167,26167,44.607,5.464,Nuit sans éclairage public,Hors agglomération,Hors intersection,Normale,Autre collision,,,,,,,,,,,3,1,1,1.0,6.0
201100007249,0011-07-11 20:00:00,11,7,11,20,0,260,113,26113,,,Plein jour,En agglomération,Hors intersection,Normale,Autre collision,,,,,,,,,,,1,2,1,1.0,6.0
201100007250,0011-08-14 16:30:00,11,8,14,16,30,260,1,26001,44.704,5.419,Plein jour,Hors agglomération,Hors intersection,Normale,Autre collision,,,,,,,,,,,1,1,1,1.0,6.0
201100007251,0011-08-21 19:00:00,11,8,21,19,0,260,40,26040,44.562,5.612,Plein jour,Hors agglomération,Hors intersection,Normale,Deux véhicules - frontale,,,,,,,,,,,1,1,1,1.0,1.0
201100007252,0011-08-28 12:00:00,11,8,28,12,0,260,167,Faubourg saint bernard,44.621,5.449,Plein jour,En agglomération,Hors intersection,Normale,Deux véhicules - frontale,,,,,,,,,,,1,2,1,1.0,1.0
201100007253,0011-10-08 17:15:00,11,10,8,17,15,260,262,26262,44.651,5.419,Plein jour,Hors agglomération,Hors intersection,Pluie légère,Autre collision,,,,,,,,,,,1,1,1,2.0,6.0
201100007254,0011-02-25 20:45:00,11,2,25,20,45,260,168,26168,,,Nuit sans éclairage public,Hors agglomération,Hors intersection,Normale,Deux véhicules - frontale,,,,,,,,,,,3,1,1,1.0,1.0
201100007255,0011-04-25 19:15:00,11,4,25,19,15,260,168,26168,,,Plein jour,Hors agglomération,Hors intersection,Pluie forte,Trois véhicules et plus - collisions multiples,,,,,,,,,,,1,1,1,3.0,5.0
201100007256,0011-07-14 09:30:00,11,7,14,9,30,260,168,26168,,,Plein jour,En agglomération,Hors intersection,Normale,Trois véhicules et plus - collisions multiples,,,,,,,,,,,1,2,1,1.0,5.0
201100007257,0011-07-19 11:45:00,11,7,19,11,45,260,168,26168,,,Plein jour,Hors agglomération,Hors intersection,Pluie légère,Deux véhicules - frontale,,,,,,,,,,,1,1,1,2.0,1.0
201100007258,0011-08-16 10:30:00,11,8,16,10,30,260,168,26168,,,Plein jour,Hors agglomération,Hors intersection,Normale,Deux véhicules - côté,,,,,,,,,,,1,1,1,1.0,3.0
201100007259,0011-01-31 13:15:00,11,1,31,13,15,260,312,place de la mairie,,,Plein jour,En agglomération,Hors intersection,Normale,Deux véhicules - frontale,,,,,,,,,,,1,2,1,1.0,1.0
201100007260,0011-03-07 13:45:00,11,3,7,13,45,260,338,route de Mont?limar,44.6026,4.8189,Plein jour,En agglomération,Hors intersection,Normale,Deux véhicules - frontale,,,,,,,,,,,1,2,1,1.0,1.0
201100007261,0011-04-07 20:00:00,11,4,7,20,0,260,106,26106,44.657,4.787,Plein jour,Hors agglomération,Hors intersection,Normale,Deux véhicules - frontale,,,,,,,,,,,1,1,1,1.0,1.0
201100007262,0011-07-11 19:00:00,11,7,11,19,0,260,305,26305,,,Plein jour,Hors agglomération,Hors intersection,Temps éblouissant,Deux véhicules - côté,,,,,,,,,,,1,1,1,7.0,3.0
201100007263,0011-08-07 20:45:00,11,8,7,20,45,260,5,26005,,,Crépuscule ou aube,Hors agglomération,Hors intersection,Normale,Sans collision,,,,,,,,,,,2,1,1,1.0,7.0
201100007264,0011-09-08 19:30:00,11,9,8,19,30,260,191,26191,44.553,4.793,Plein jour,Hors agglomération,Hors intersection,Temps éblouissant,Deux véhicules - côté,,,,,,,,,,,1,1,1,7.0,3.0
201100007265,0011-09-23 19:15:00,11,9,23,19,15,260,339,26339,,,Plein jour,Hors agglomération,Hors intersection,Normale,Autre collision,,,,,,,,,,,1,1,1,1.0,6.0
201100007266,0011-01-12 11:45:00,11,1,12,11,45,260,3,26003,44.494,4.945,Plein jour,Hors agglomération,Hors intersection,Normale,Deux véhicules - arrière,,,,,,,,,,,1,1,1,1.0,2.0
201100007267,0011-05-17 16:00:00,11,5,17,16,0,260,114,26114,,,Plein jour,Hors agglomération,Hors intersection,Normale,Deux véhicules - frontale,,,,,,,,,,,1,1,1,1.0,1.0
201100007268,0011-09-10 18:45:00,11,9,10,18,45,260,343,26343,,,Plein jour,Hors agglomération,Hors intersection,Normale,Deux véhicules - frontale,,,,,,,,,,,1,1,1,1.0,1.0
201100007269,0011-10-08 17:00:00,11,10,8,17,0,260,373,26373,,,Plein jour,Hors agglomération,Hors intersection,Normale,Sans collision,,,,,,,,,,,1,1,1,1.0,7.0
201100007270,0011-01-15 05:45:00,11,1,15,5,45,260,85,26085,,,Nuit avec éclairage allumé,Hors agglomération,Hors intersection,Normale,Autre collision,,,,,,,,,,,5,1,1,1.0,6.0
201100007271,0011-05-16 16:15:00,11,5,16,16,15,260,169,,,,Plein jour,Hors agglomération,Intersection en X,Normale,Trois véhicules et plus - collisions multiples,,,,,,,,,,,1,1,2,1.0,5.0
201100007272,0011-05-29 04:45:00,11,5,29,4,45,260,169,Les Joannins,,,Nuit sans éclairage public,En agglomération,Hors intersection,Normale,Autre collision,,,,,,,,,,,3,2,1,1.0,6.0
201100007273,0011-06-26 17:30:00,11,6,26,17,30,260,169,26169,,,Plein jour,En agglomération,Hors intersection,Normale,Autre collision,,,,,,,,,,,1,2,1,1.0,6.0
201100007274,0011-07-15 08:30:00,11,7,15,8,30,260,116,26116,,,Plein jour,Hors agglomération,Hors intersection,Normale,Deux véhicules - côté,,,,,,,,,,,1,1,1,1.0,3.0
201100007275,0011-08-18 15:15:00,11,8,18,15,15,260,85,26085,,,Plein jour,Hors agglomération,Hors intersection,Normale,Deux véhicules - frontale,,,,,,,,,,,1,1,1,1.0,1.0
201100007276,0011-10-06 17:00:00,11,10,6,17,0,260,116,26116,,,Nuit sans éclairage public,Hors agglomération,Hors intersection,Normale,Deux véhicules - arrière,,,,,,,,,,,3,1,1,1.0,2.0
201100007277,0011-11-07 18:30:00,11,11,7,18,30,260,85,26085,,,Nuit sans éclairage public,Hors agglomération,Hors intersection,Normale,Deux véhicules - frontale,,,,,,,,,,,3,1,1,1.0,1.0
201100007278,0011-12-15 18:30:00,11,12,15,18,30,260,85,,,,Nuit sans éclairage public,Hors agglomération,Intersection à plus de 4 branches,Normale,Deux véhicules - côté,,,,,,,,,,,3,1,5,1.0,3.0
201100007279,0011-01-13 12:30:00,11,1,13,12,30,260,235,26235,,,Plein jour,Hors agglomération,Hors intersection,Normale,Deux véhicules - frontale,,,,,,,,,,,1,1,1,1.0,1.0
201100007280,0011-02-23 11:45:00,11,2,23,11,45,260,235,BD PIERRE ET MARIE CURIE,44.3836,4.7002,Plein jour,En agglomération,Hors intersection,Normale,Autre collision,,,,,,,,,,,1,2,1,1.0,6.0
201100007281,0011-09-21 16:15:00,11,9,21,16,15,260,235,26235,,,Plein jour,Hors agglomération,Hors intersection,Normale,Deux véhicules - côté,,,,,,,,,,,1,1,1,1.0,3.0
201100007282,0011-10-20 22:00:00,11,10,20,22,0,260,235,26235,,,Nuit sans éclairage public,Hors agglomération,Hors intersection,Normale,Autre collision,,,,,,,,,,,3,1,1,1.0,6.0
201100007283,0011-12-26 23:45:00,11,12,26,23,45,260,235,26235,,,Nuit sans éclairage public,Hors agglomération,Hors intersection,Normale,Sans collision,,,,,,,,,,,3,1,1,1.0,7.0
201100007284,0011-04-01 17:15:00,11,4,1,17,15,260,16,26016,,,Nuit sans éclairage public,Hors agglomération,Hors intersection,Pluie légère,Deux véhicules - frontale,,,,,,,,,,,3,1,1,2.0,1.0
201100007285,0011-05-01 11:30:00,11,5,1,11,30,260,82,26082,,,Plein jour,Hors agglomération,Hors intersection,Normale,Autre collision,,,,,,,,,,,1,1,1,1.0,6.0
201100007286,0011-05-16 18:15:00,11,5,16,18,15,260,220,,,,Plein jour,Hors agglomération,Hors intersection,Normale,Autre collision,,,,,,,,,,,1,1,1,1.0,6.0
201100007287,0011-05-17 18:00:00,11,5,17,18,0,260,220,,,,Plein jour,Hors agglomération,Hors intersection,Normale,Deux véhicules - côté,,,,,,,,,,,1,1,1,1.0,3.0
201100007288,0011-06-24 18:15:00,11,6,24,18,15,260,377,26377,,,Plein jour,Hors agglomération,Hors intersection,Normale,Deux véhicules - frontale,,,,,,,,,,,1,1,1,1.0,1.0
201100007289,0011-07-22 13:00:00,11,7,22,13,0,260,317,26317,,,Plein jour,Hors agglomération,Hors intersection,Normale,Sans collision,,,,,,,,,,,1,1,1,1.0,7.0
201100007290,0011-07-23 08:00:00,11,7,23,8,0,260,367,26367,,,Plein jour,Hors agglomération,Hors intersection,Normale,Deux véhicules - frontale,,,,,,,,,,,1,1,1,1.0,1.0
201100007291,0011-08-16 08:45:00,11,8,16,8,45,260,182,26182,,,Plein jour,Hors agglomération,Hors intersection,Normale,Autre collision,,,,,,,,,,,1,1,1,1.0,6.0
201100007292,0011-09-23 18:15:00,11,9,23,18,15,260,220,26220,,,Plein jour,En agglomération,Hors intersection,Normale,Autre collision,,,,,,,,,,,1,2,1,1.0,6.0
201100007293,0011-09-30 18:00:00,11,9,30,18,0,260,367,26367,,,Plein jour,Hors agglomération,Hors intersection,Normale,Deux véhicules - frontale,,,,,,,,,,,1,1,1,1.0,1.0
201100007294,0011-10-15 17:45:00,11,10,15,17,45,260,233,26233,,,Plein jour,Hors agglomération,Hors intersection,Normale,Autre collision,,,,,,,,,,,1,1,1,1.0,6.0
201100007295,0011-01-05 10:40:00,11,1,5,10,40,20,691,Place Stalingrad,49.83606,3.30595,Plein jour,En agglomération,Intersection en T,Normale,Autre collision,,,,,,,,,,,1,2,3,1.0,6.0
201100007296,0011-10-01 09:20:00,11,10,1,9,20,20,691,,49.83661,3.26811,Plein jour,En agglomération,Intersection en T,Normale,Deux véhicules - côté,,,,,,,,,,,1,2,3,1.0,3.0
201100007297,0011-03-08 18:15:00,11,3,8,18,15,260,63,26063,,,Plein jour,Hors agglomération,Hors intersection,Normale,Autre collision,,,,,,,,,,,1,1,1,1.0,6.0
201100007298,0011-01-13 18:30:00,11,1,13,18,30,20,691,place 8 octobre,49.84194,3.29515,Nuit avec éclairage allumé,En agglomération,Place,Normale,Deux véhicules - côté,,,,,,,,,,,5,2,7,1.0,3.0
201100007299,0011-07-14 19:00:00,11,7,14,19,0,260,63,26063,,,Crépuscule ou aube,Hors agglomération,Hors intersection,Normale,Deux véhicules - frontale,,,,,,,,,,,2,1,1,1.0,1.0
201100007300,0011-01-17 11:45:00,11,1,17,11,45,20,691,"., EPARGNEMAILLES DE 117",49.84979,3.27252,Plein jour,En agglomération,Intersection en T,Normale,Autre collision,,,,,,,,,,,1,2,3,1.0,6.0
201100007301,0011-11-22 18:45:00,11,11,22,18,45,260,189,26189,,,Nuit sans éclairage public,Hors agglomération,Hors intersection,Normale,Sans collision,,,,,,,,,,,3,1,1,1.0,7.0
201100007302,0011-01-28 10:55:00,11,1,28,10,55,20,691,rue Thiers,49.85123,3.27583,Plein jour,En agglomération,Intersection en T,Normale,Autre collision,,,,,,,,,,,1,2,3,1.0,6.0
201100007303,0011-02-15 04:50:00,11,2,15,4,50,20,691,"., DESMOULINS (RUE CAMIL",,,Nuit avec éclairage allumé,En agglomération,Intersection en T,Normale,Deux véhicules - côté,,,,,,,,,,,5,2,3,1.0,3.0
201100007304,0011-10-14 17:40:00,11,10,14,17,40,20,691,bd camille guérin,,,Plein jour,En agglomération,Hors intersection,Normale,Deux véhicules - côté,,,,,,,,,,,1,2,1,1.0,3.0
201100007305,0011-10-15 10:40:00,11,10,15,10,40,20,691,rue chaussée romaine,,,Plein jour,En agglomération,Hors intersection,Normale,Deux véhicules - côté,,,,,,,,,,,1,2,1,1.0,3.0
201100007306,0011-03-04 14:50:00,11,3,4,14,50,20,691,"., PICARD (RUE CHARLES)",,,Plein jour,En agglomération,Giratoire,Normale,Autre collision,,,,,,,,,,,1,2,6,1.0,6.0
201100007307,0011-11-17 21:32:00,11,11,17,21,32,20,691,120 rue d'Isle,49.8426,3.29397,Nuit avec éclairage allumé,En agglomération,Hors intersection,Normale,Autre collision,,,,,,,,,,,5,2,1,1.0,6.0
201100007308,0011-03-05 14:45:00,11,3,5,14,45,20,525,moulin brule,49.86467,3.31072,Plein jour,Hors agglomération,Hors intersection,Normale,Deux véhicules - frontale,,,,,,,,,,,1,1,1,1.0,1.0
201100007309,0011-03-15 19:50:00,11,3,15,19,50,20,691,R.D 1029 - ROUTE DE GUIS,,,Nuit sans éclairage public,Hors agglomération,Intersection en T,Normale,Deux véhicules - côté,,,,,,,,,,,3,1,3,1.0,3.0
201100007310,0011-03-23 14:35:00,11,3,23,14,35,20,691,":, HOSPITAL (AV. MICHEL",,,Plein jour,En agglomération,Hors intersection,Normale,Autre collision,,,,,,,,,,,1,2,1,1.0,6.0
201100007311,0011-12-24 19:05:00,11,12,24,19,5,20,691,,49.84845,3.30057,Nuit avec éclairage allumé,En agglomération,Intersection en X,Normale,Deux véhicules - frontale,,,,,,,,,,,5,2,2,1.0,1.0
201100007312,0011-04-11 11:25:00,11,4,11,11,25,20,691,"., DUMAS (RUE ALEXANDRE)",,,Plein jour,En agglomération,Hors intersection,Normale,Autre collision,,,,,,,,,,,1,2,1,1.0,6.0
201100007313,0011-12-26 20:00:00,11,12,26,20,0,20,691,,49.83756,3.29994,Nuit avec éclairage allumé,En agglomération,Intersection en T,Normale,Autre collision,,,,,,,,,,,5,2,3,1.0,6.0
201100007314,0011-04-19 16:10:00,11,4,19,16,10,20,549,R.D 1029,,,Plein jour,Hors agglomération,Hors intersection,Normale,Deux véhicules - frontale,,,,,,,,,,,1,1,1,1.0,1.0
201100007315,0011-04-02 15:35:00,11,4,2,15,35,20,691,":, KENNEDY (RUE DU PST J",49.85804,3.27796,Plein jour,En agglomération,Intersection en T,Normale,Deux véhicules - côté,,,,,,,,,,,1,2,3,1.0,3.0
201100007316,0011-03-31 08:10:00,11,3,31,8,10,20,691,"., DUMAS (RUE ALEXANDRE)",49.84805,3.27183,Crépuscule ou aube,En agglomération,Intersection en T,Normale,Deux véhicules - arrière,,,,,,,,,,,2,2,3,1.0,2.0
201100007317,0011-04-14 20:50:00,11,4,14,20,50,20,691,rue chaussee romaine,49.8436,3.27621,Crépuscule ou aube,En agglomération,Intersection en T,Normale,Autre collision,,,,,,,,,,,2,2,3,1.0,6.0
201100007318,0011-04-22 14:10:00,11,4,22,14,10,20,691,rue du président kennedy,,,Plein jour,En agglomération,Intersection en T,Normale,Deux véhicules - côté,,,,,,,,,,,1,2,3,1.0,3.0
201100007319,0011-05-12 09:55:00,11,5,12,9,55,20,691,rue quentin barré,,,Plein jour,En agglomération,Intersection en X,Normale,Deux véhicules - côté,,,,,,,,,,,1,2,2,1.0,3.0
201100007320,0011-04-13 06:30:00,11,4,13,6,30,20,371,D1029,,,Crépuscule ou aube,Hors agglomération,Hors intersection,Normale,Deux véhicules - frontale,,,,,,,,,,,2,1,1,1.0,1.0
201100007321,0011-05-27 09:45:00,11,5,27,9,45,20,659,"., R.D 300",,,Plein jour,Hors agglomération,Hors intersection,Normale,Autre collision,,,,,,,,,,,1,1,1,1.0,6.0
201100007322,0011-04-24 11:35:00,11,4,24,11,35,20,549,C.D 12,,,Plein jour,Hors agglomération,Hors intersection,Normale,Deux véhicules - arrière,,,,,,,,,,,1,1,1,1.0,2.0
201100007323,0011-04-25 15:00:00,11,4,25,15,0,20,340,rue adrien renard,,,Plein jour,En agglomération,Intersection en X,Normale,Deux véhicules - côté,,,,,,,,,,,1,2,2,1.0,3.0
201100007324,0011-04-21 08:25:00,11,4,21,8,25,20,691,rue du maréchal joffre,,,Plein jour,En agglomération,Intersection en T,Normale,Autre collision,,,,,,,,,,,1,2,3,1.0,6.0
201100007325,0011-04-29 17:25:00,11,4,29,17,25,20,691,Bd Richelieu,,,Plein jour,En agglomération,Hors intersection,Normale,Autre collision,,,,,,,,,,,1,2,1,1.0,6.0
201100007326,0011-06-10 20:20:00,11,6,10,20,20,20,659,"., ERIC JAULMES (AVENUE)",,,Plein jour,Hors agglomération,Hors intersection,Normale,Deux véhicules - frontale,,,,,,,,,,,1,1,1,1.0,1.0
201100007327,0011-06-15 15:05:00,11,6,15,15,5,20,659,avenue Abel Bardin,,,Plein jour,Hors agglomération,Hors intersection,Normale,Autre collision,,,,,,,,,,,1,1,1,1.0,6.0
201100007328,0011-05-21 18:15:00,11,5,21,18,15,20,691,"19, SCHUMAN (AV. ROBERT)",,,Plein jour,En agglomération,Hors intersection,Normale,Autre collision,,,,,,,,,,,1,2,1,1.0,6.0
201100007329,0011-05-30 22:45:00,11,5,30,22,45,20,691,BAUDREUIL (RUE DE),,,Nuit avec éclairage allumé,En agglomération,Intersection en X,Normale,Deux véhicules - côté,,,,,,,,,,,5,2,2,1.0,3.0
201100007330,0011-05-26 19:25:00,11,5,26,19,25,20,691,"81, POMPIDOU DE 1 A 111",,,Plein jour,En agglomération,Hors intersection,Temps couvert,Autre collision,,,,,,,,,,,1,2,1,8.0,6.0
201100007331,0011-06-29 07:40:00,11,6,29,7,40,20,691,":, VERDUN (BD DE)",,,Plein jour,En agglomération,Hors intersection,Normale,Deux véhicules - côté,,,,,,,,,,,1,2,1,1.0,3.0