accident_id,datetime,annee,mois,jour,heure,minute,departement,commune_insee,adresse,latitude,longitude,luminosite,agglomeration,intersection,meteo,collision,nb_vehicules,nb_usagers,nb_indemnes,nb_tues,nb_blesses_hosp,nb_blesses_legers,age_cond_1,age_cond_2,veh_type_cond_1,veh_type_cond_2,lum_code,agg_code,int_code,atm_code,col_code
201100007721,0011-07-18 17:00:00,11,7,18,17,0,380,324,,45.395,5.023,Nuit avec éclairage non allumé,Hors agglomération,Hors intersection,Normale,Autre collision,,,,,,,,,,,4,1,1,1.0,6.0
201100007722,0011-08-04 03:15:00,11,8,4,3,15,380,267,140 route du Liers,45.428,5.303,Nuit avec éclairage allumé,En agglomération,Hors intersection,Normale,Autre collision,,,,,,,,,,,5,2,1,1.0,6.0
201100007723,0011-08-17 20:00:00,11,8,17,20,0,380,161,CHEMIN DE L'ETANG,45.3746,5.1615,Plein jour,En agglomération,Hors intersection,Normale,Sans collision,,,,,,,,,,,1,2,1,1.0,7.0
201100007724,0011-08-28 19:15:00,11,8,28,19,15,380,479,,45.449,5.19799,Plein jour,Hors agglomération,Hors intersection,Normale,Sans collision,,,,,,,,,,,1,1,1,1.0,7.0
201100007725,0011-10-08 21:15:00,11,10,8,21,15,380,198,,45.3403,4.94956,Nuit sans éclairage public,Hors agglomération,Intersection en X,Pluie légère,Deux véhicules - côté,,,,,,,,,,,3,1,2,2.0,3.0
201100007726,0011-10-13 21:00:00,11,10,13,21,0,380,121,365 route du village,45.431,5.227,Nuit avec éclairage allumé,En agglomération,Hors intersection,Normale,Autre collision,,,,,,,,,,,5,2,1,1.0,6.0
201100007727,0011-10-15 14:45:00,11,10,15,14,45,380,130,,,,Plein jour,Hors agglomération,Hors intersection,Normale,Deux véhicules - frontale,,,,,,,,,,,1,1,1,1.0,1.0
201100007728,0011-11-10 22:00:00,11,11,10,22,0,380,267,ROUTE DE L'ALAMBIC,45.427,5.304,Nuit sans éclairage public,En agglomération,Hors intersection,Normale,Autre collision,,,,,,,,,,,3,2,1,1.0,6.0
201100007729,0011-11-18 06:45:00,11,11,18,6,45,380,161,,45.402,5.142,Nuit sans éclairage public,Hors agglomération,Hors intersection,Brouillard / fumée,Deux véhicules - frontale,,,,,,,,,,,3,1,1,5.0,1.0
201100007730,0011-11-30 18:45:00,11,11,30,18,45,380,180,,45.355,5.282,Nuit sans éclairage public,Hors agglomération,Hors intersection,Normale,Deux véhicules - frontale,,,,,,,,,,,3,1,1,1.0,1.0
201100007731,0011-02-26 20:15:00,11,2,26,20,15,380,399,REPUBLIQUE/JEANNE D'ARC,45.5023,5.14237,Nuit avec éclairage allumé,En agglomération,Intersection en X,Normale,Deux véhicules - côté,,,,,,,,,,,5,2,2,1.0,3.0
201100007732,0011-03-10 09:30:00,11,3,10,9,30,380,399,,45.5085,5.17098,Crépuscule ou aube,Hors agglomération,Intersection en Y,Normale,Deux véhicules - côté,,,,,,,,,,,2,1,4,1.0,3.0
201100007733,0011-04-08 23:30:00,11,4,8,23,30,380,189,,45.6163,5.06038,Nuit sans éclairage public,Hors agglomération,Hors intersection,Normale,Sans collision,,,,,,,,,,,3,1,1,1.0,7.0
201100007734,0011-05-14 13:30:00,11,5,14,13,30,380,211,,45.4583,5.1795,Plein jour,En agglomération,Hors intersection,Pluie forte,Deux véhicules - frontale,,,,,,,,,,,1,2,1,3.0,1.0
201100007735,0011-05-18 08:45:00,11,5,18,8,45,380,389,,,,Plein jour,Hors agglomération,Hors intersection,Normale,Deux véhicules - frontale,,,,,,,,,,,1,1,1,1.0,1.0
201100007736,0011-05-22 13:45:00,11,5,22,13,45,380,389,,45.5658,5.09748,Plein jour,Hors agglomération,Hors intersection,Normale,Deux véhicules - côté,,,,,,,,,,,1,1,1,1.0,3.0
201100007737,0011-05-29 19:45:00,11,5,29,19,45,380,399,CD522,45.4979,5.14606,Plein jour,En agglomération,Hors intersection,Normale,Deux véhicules - frontale,,,,,,,,,,,1,2,1,1.0,1.0
201100007738,0011-06-02 20:30:00,11,6,2,20,30,380,141,,45.531,5.251,Plein jour,Hors agglomération,Hors intersection,Normale,Deux véhicules - frontale,,,,,,,,,,,1,1,1,1.0,1.0
201100007739,0011-06-19 17:30:00,11,6,19,17,30,380,519,chemin des biesset,45.616,5.034,Plein jour,En agglomération,Hors intersection,Normale,Autre collision,,,,,,,,,,,1,2,1,1.0,6.0
201100007740,0011-07-12 20:00:00,11,7,12,20,0,380,189,PLACE GAMBETTA,45.631,5.064,Plein jour,En agglomération,Hors intersection,Normale,Trois véhicules et plus - collisions multiples,,,,,,,,,,,1,2,1,1.0,5.0
201100007741,0011-07-25 16:00:00,11,7,25,16,0,380,94,,45.4961,5.20248,Plein jour,Hors agglomération,Hors intersection,Normale,Autre collision,,,,,,,,,,,1,1,1,1.0,6.0
201100007742,0011-08-29 05:45:00,11,8,29,5,45,380,346,lieu dit le chevallet,,,Nuit avec éclairage allumé,En agglomération,Hors intersection,Normale,Autre collision,,,,,,,,,,,5,2,1,1.0,6.0
201100007743,0011-10-07 19:00:00,11,10,7,19,0,380,389,,,,Plein jour,Hors agglomération,Hors intersection,Temps couvert,Deux véhicules - côté,,,,,,,,,,,1,1,1,8.0,3.0
201100007744,0011-10-08 13:45:00,11,10,8,13,45,380,389,,45.558,5.099,Plein jour,Hors agglomération,Hors intersection,Pluie légère,Deux véhicules - arrière,,,,,,,,,,,1,1,1,2.0,2.0
201100007745,0011-10-12 11:15:00,11,10,12,11,15,380,399,,45.48,5.149,Plein jour,Hors agglomération,Hors intersection,Normale,Deux véhicules - frontale,,,,,,,,,,,1,1,1,1.0,1.0
201100007746,0011-10-16 07:00:00,11,10,16,7,0,380,519,,45.611,5.041,Nuit sans éclairage public,Hors agglomération,Hors intersection,Normale,Autre collision,,,,,,,,,,,3,1,1,1.0,6.0
201100007747,0011-11-17 19:45:00,11,11,17,19,45,380,81,,45.539,5.131,Nuit sans éclairage public,Hors agglomération,Hors intersection,Normale,Deux véhicules - frontale,,,,,,,,,,,3,1,1,1.0,1.0
201100007748,0011-11-20 15:15:00,11,11,20,15,15,380,189,AV 19 MARS/ CHEM SAVOYAN,45.642,5.047,Plein jour,En agglomération,Intersection en X,Normale,Trois véhicules et plus - collisions multiples,,,,,,,,,,,1,2,2,1.0,5.0
201100007749,0011-01-01 23:30:00,11,1,1,23,30,380,316,,,,Nuit avec éclairage allumé,En agglomération,Intersection en X,Normale,Deux véhicules - côté,,,,,,,,,,,5,2,2,1.0,3.0
201100007750,0011-03-27 12:00:00,11,3,27,12,0,380,316,GIFFARD/GINDRE,45.7531,5.18126,Plein jour,En agglomération,Intersection en T,Pluie légère,Trois véhicules et plus - en chaîne,,,,,,,,,,,1,2,3,2.0,4.0
201100007751,0011-04-27 18:15:00,11,4,27,18,15,380,557,AV DES CEDRES/R AULNES,45.7939,5.12596,Plein jour,En agglomération,Intersection en X,Normale,Deux véhicules - côté,,,,,,,,,,,1,2,2,1.0,3.0
201100007752,0011-05-29 01:00:00,11,5,29,1,0,380,97,R DE LA PLAINE/DE L'EMAI,45.7616,5.18526,Nuit avec éclairage allumé,Hors agglomération,Intersection en T,Normale,Deux véhicules - frontale,,,,,,,,,,,5,1,3,1.0,1.0
201100007753,0011-06-02 01:45:00,11,6,2,1,45,380,197,,45.758,5.105,Nuit avec éclairage allumé,En agglomération,Hors intersection,Normale,Autre collision,,,,,,,,,,,5,2,1,1.0,6.0
201100007754,0011-06-15 11:00:00,11,6,15,11,0,380,316,01 RUE DE LA R?PUBLIQUE,45.7507,5.17198,Plein jour,En agglomération,Intersection en X,Normale,Autre collision,,,,,,,,,,,1,2,2,1.0,6.0
201100007755,0011-06-17 09:30:00,11,6,17,9,30,380,507,30 chemin du prieur?,45.731,5.172,Plein jour,En agglomération,Hors intersection,Normale,Autre collision,,,,,,,,,,,1,2,1,1.0,6.0
201100007756,0011-08-02 18:30:00,11,8,2,18,30,380,11,,45.793,5.171,Plein jour,Hors agglomération,Hors intersection,Normale,Deux véhicules - côté,,,,,,,,,,,1,1,1,1.0,3.0
201100007757,0011-08-25 16:45:00,11,8,25,16,45,380,316,,45.757,5.091,Plein jour,Hors agglomération,Hors intersection,Normale,Trois véhicules et plus - collisions multiples,,,,,,,,,,,1,1,1,1.0,5.0
201100007758,0011-09-07 14:15:00,11,9,7,14,15,380,85,,45.76,5.139,Plein jour,Hors agglomération,Hors intersection,Normale,Deux véhicules - frontale,,,,,,,,,,,1,1,1,1.0,1.0
201100007759,0011-09-26 01:00:00,11,9,26,1,0,380,85,rue de la r?publique,45.752,5.163,Nuit avec éclairage allumé,En agglomération,Hors intersection,Normale,Autre collision,,,,,,,,,,,5,2,1,1.0,6.0
201100007760,0011-11-09 20:00:00,11,11,9,20,0,380,97,,45.786,5.168,Nuit sans éclairage public,Hors agglomération,Hors intersection,Normale,Trois véhicules et plus - en chaîne,,,,,,,,,,,3,1,1,1.0,4.0
201100007761,0011-11-15 21:30:00,11,11,15,21,30,380,316,,45.758,5.099,Nuit sans éclairage public,Hors agglomération,Hors intersection,Normale,Deux véhicules - arrière,,,,,,,,,,,3,1,1,1.0,2.0
201100007762,0011-01-12 12:00:00,11,1,12,12,0,380,344,,45.3997,4.80858,Plein jour,Hors agglomération,Intersection en T,Normale,Trois véhicules et plus - collisions multiples,,,,,,,,,,,1,1,3,1.0,5.0
201100007763,0011-02-12 02:45:00,11,2,12,2,45,380,344,AVENUE JEAN JAURES,45.372,4.806,Nuit avec éclairage allumé,En agglomération,Intersection en X,Normale,Deux véhicules - côté,,,,,,,,,,,5,2,2,1.0,3.0
201100007764,0011-03-07 18:00:00,11,3,7,18,0,380,3,,45.3267,4.86863,Plein jour,Hors agglomération,Intersection en Y,Normale,Trois véhicules et plus - collisions multiples,,,,,,,,,,,1,1,4,1.0,5.0
201100007765,0011-03-22 14:45:00,11,3,22,14,45,380,298,10 RUE LAVOISIER,45.3708,4.79477,Plein jour,En agglomération,Hors intersection,Normale,Deux véhicules - côté,,,,,,,,,,,1,2,1,1.0,3.0
201100007766,0011-05-05 19:30:00,11,5,5,19,30,380,72,R DE BRAMAFAN,45.3307,4.8259,Plein jour,Hors agglomération,Intersection en X,Normale,Deux véhicules - côté,,,,,,,,,,,1,1,2,1.0,3.0
201100007767,0011-05-13 17:45:00,11,5,13,17,45,380,556,CARREFOUR PONCIN,45.3823,4.84127,Plein jour,En agglomération,Intersection en X,Normale,Deux véhicules - côté,,,,,,,,,,,1,2,2,1.0,3.0
201100007768,0011-07-03 01:30:00,11,7,3,1,30,380,51,42 ROUTE DES ALPES,45.336,4.906,Nuit avec éclairage allumé,En agglomération,Hors intersection,Normale,Autre collision,,,,,,,,,,,5,2,1,1.0,6.0
201100007769,0011-08-09 19:30:00,11,8,9,19,30,380,344,,,,Plein jour,En agglomération,Hors intersection,Normale,Autre collision,,,,,,,,,,,1,2,1,1.0,6.0
201100007770,0011-08-18 21:00:00,11,8,18,21,0,380,344,Rue Emile ZOLA,45.379,4.813,Crépuscule ou aube,En agglomération,Hors intersection,Normale,Sans collision,,,,,,,,,,,2,2,1,1.0,7.0
201100007771,0011-08-25 17:30:00,11,8,25,17,30,380,344,60 RUE YVES FARGE,45.392,4.825,Plein jour,En agglomération,Hors intersection,Pluie forte,Deux véhicules - côté,,,,,,,,,,,1,2,1,3.0,3.0
201100007772,0011-08-26 23:45:00,11,8,26,23,45,380,9,,45.341,4.892,Nuit sans éclairage public,Hors agglomération,Hors intersection,Brouillard / fumée,Autre collision,,,,,,,,,,,3,1,1,5.0,6.0
201100007773,0011-08-28 02:30:00,11,8,28,2,30,380,496,ROUTE DU DAUPHIN?,45.358,4.905,Nuit sans éclairage public,En agglomération,Hors intersection,Normale,Autre collision,,,,,,,,,,,3,2,1,1.0,6.0
201100007774,0011-09-02 07:45:00,11,9,2,7,45,380,468,,45.343,4.795,Plein jour,Hors agglomération,Hors intersection,Normale,Trois véhicules et plus - collisions multiples,,,,,,,,,,,1,1,1,1.0,5.0
201100007775,0011-09-10 17:30:00,11,9,10,17,30,380,298,RUE DE LA R?PUBLIQUE,45.5765,4.85771,Plein jour,En agglomération,Hors intersection,Normale,Autre collision,,,,,,,,,,,1,2,1,1.0,6.0
201100007776,0011-09-17 14:30:00,11,9,17,14,30,380,344,,45.322,4.824,Plein jour,Hors agglomération,Giratoire,Normale,Deux véhicules - arrière,,,,,,,,,,,1,1,6,1.0,2.0
201100007777,0011-09-17 15:15:00,11,9,17,15,15,380,344,,45.376,4.819,Plein jour,Hors agglomération,Hors intersection,Normale,Autre collision,,,,,,,,,,,1,1,1,1.0,6.0
201100007778,0011-09-15 07:15:00,11,9,15,7,15,380,468,ROUTE D'AGNIN,45.5633,5.44252,Plein jour,En agglomération,Hors intersection,Normale,Deux véhicules - frontale,,,,,,,,,,,1,2,1,1.0,1.0
201100007779,0011-10-26 17:15:00,11,10,26,17,15,380,349,D?PARTEMENTALE 1082,45.323,4.776,Plein jour,En agglomération,Hors intersection,Normale,Deux véhicules - frontale,,,,,,,,,,,1,2,1,1.0,1.0
201100007780,0011-11-15 15:45:00,11,11,15,15,45,380,468,PONT DE LA PAIX,45.3396,4.80262,Crépuscule ou aube,En agglomération,Hors intersection,Normale,Deux véhicules - frontale,,,,,,,,,,,2,2,1,1.0,1.0
201100007781,0011-12-21 17:45:00,11,12,21,17,45,380,344,MONTEE DES CHALS,,,Nuit avec éclairage allumé,En agglomération,Hors intersection,Pluie légère,Deux véhicules - frontale,,,,,,,,,,,5,2,1,2.0,1.0
201100007782,0011-04-01 20:45:00,11,4,1,20,45,380,537,,45.6406,5.13774,Nuit avec éclairage allumé,En agglomération,Intersection en X,Normale,Trois véhicules et plus - collisions multiples,,,,,,,,,,,5,2,2,1.0,5.0
201100007783,0011-04-19 19:15:00,11,4,19,19,15,380,537,29 RUE DU 8 MAI 1945,45.64,5.13486,Plein jour,En agglomération,Autre intersection,Normale,Autre collision,,,,,,,,,,,1,2,9,1.0,6.0
201100007784,0011-05-27 21:45:00,11,5,27,21,45,380,537,242 RUE DES ALPES,,,Nuit avec éclairage allumé,En agglomération,Hors intersection,Normale,Deux véhicules - frontale,,,,,,,,,,,5,2,1,1.0,1.0
201100007785,0011-06-04 09:30:00,11,6,4,9,30,380,449,,45.64,5.084,Plein jour,Hors agglomération,Hors intersection,Pluie légère,Deux véhicules - côté,,,,,,,,,,,1,1,1,2.0,3.0
201100007786,0011-07-13 09:00:00,11,7,13,9,0,380,449,,45.6367,5.09721,Plein jour,Hors agglomération,Hors intersection,Pluie légère,Deux véhicules - frontale,,,,,,,,,,,1,1,1,2.0,1.0
201100007787,0011-07-22 16:45:00,11,7,22,16,45,380,449,,45.634,5.09301,Plein jour,Hors agglomération,Hors intersection,Normale,Deux véhicules - frontale,,,,,,,,,,,1,1,1,1.0,1.0
201100007788,0011-08-15 13:15:00,11,8,15,13,15,380,537,,,,Plein jour,Hors agglomération,Hors intersection,Normale,Deux véhicules - frontale,,,,,,,,,,,1,1,1,1.0,1.0
201100007789,0011-08-31 05:30:00,11,8,31,5,30,380,449,,45.625,5.08,Nuit sans éclairage public,Hors agglomération,Hors intersection,Normale,Deux véhicules - frontale,,,,,,,,,,,3,1,1,1.0,1.0
201100007790,0011-09-10 21:15:00,11,9,10,21,15,380,449,AVENUE DE LA GARE,45.639,5.11,Nuit avec éclairage allumé,En agglomération,Giratoire,Normale,Autre collision,,,,,,,,,,,5,2,6,1.0,6.0
201100007791,0011-10-14 14:30:00,11,10,14,14,30,380,537,"RD 124, PK 18+000",45.6455,5.13463,Plein jour,En agglomération,Hors intersection,Normale,Trois véhicules et plus - en chaîne,,,,,,,,,,,1,2,1,1.0,4.0
201100007792,0011-12-25 16:45:00,11,12,25,16,45,380,475,,,,Plein jour,Hors agglomération,Hors intersection,Normale,Sans collision,,,,,,,,,,,1,1,1,1.0,7.0
201100007793,0011-01-12 22:45:00,11,1,12,22,45,420,224,rue de la semène,45.34021,4.42016,Nuit avec éclairage allumé,En agglomération,Hors intersection,Normale,Deux véhicules - frontale,,,,,,,,,,,5,2,1,1.0,1.0
201100007794,0011-03-05 17:30:00,11,3,5,17,30,420,246,,45.32613,4.60726,Plein jour,Hors agglomération,Hors intersection,Normale,Deux véhicules - frontale,,,,,,,,,,,1,1,1,1.0,1.0
201100007795,0011-04-02 15:45:00,11,4,2,15,45,420,287,,45.26831,4.50354,Plein jour,Hors agglomération,Hors intersection,Normale,Deux véhicules - côté,,,,,,,,,,,1,1,1,1.0,3.0
201100007796,0011-06-13 15:30:00,11,6,13,15,30,420,172,,45.36783,4.45318,Plein jour,Hors agglomération,Hors intersection,Normale,Deux véhicules - frontale,,,,,,,,,,,1,1,1,1.0,1.0
201100007797,0011-10-09 08:00:00,11,10,9,8,0,420,224,,45.34551,4.48355,Plein jour,Hors agglomération,Hors intersection,Pluie forte,Deux véhicules - frontale,,,,,,,,,,,1,1,1,3.0,1.0
201100007798,0011-10-09 17:30:00,11,10,9,17,30,420,224,,45.34511,4.48375,Plein jour,Hors agglomération,Hors intersection,Pluie forte,Deux véhicules - frontale,,,,,,,,,,,1,1,1,3.0,1.0
201100007799,0011-10-16 17:30:00,11,10,16,17,30,420,67,,45.33787,4.60336,Plein jour,Hors agglomération,Hors intersection,Normale,Deux véhicules - côté,,,,,,,,,,,1,1,1,1.0,3.0
201100007800,0011-10-18 17:00:00,11,10,18,17,0,420,224,,45.32784,4.44762,Plein jour,Hors agglomération,Hors intersection,Normale,Autre collision,,,,,,,,,,,1,1,1,1.0,6.0
201100007801,0011-12-18 10:45:00,11,12,18,10,45,420,246,,45.31889,4.63022,Plein jour,Hors agglomération,Hors intersection,Pluie légère,Autre collision,,,,,,,,,,,1,1,1,2.0,6.0
201100007802,0011-02-17 17:00:00,11,2,17,17,0,420,97,,45.50638,4.30063,Plein jour,Hors agglomération,Hors intersection,Normale,Deux véhicules - frontale,,,,,,,,,,,1,1,1,1.0,1.0
201100007803,0011-03-26 01:45:00,11,3,26,1,45,420,92,,45.48305,4.38711,Nuit sans éclairage public,Hors agglomération,Hors intersection,Normale,Autre collision,,,,,,,,,,,3,1,1,1.0,6.0
201100007804,0011-04-15 09:45:00,11,4,15,9,45,420,208,,45.5408,4.48152,Plein jour,Hors agglomération,Hors intersection,Normale,Deux véhicules - frontale,,,,,,,,,,,1,1,1,1.0,1.0
201100007805,0011-04-27 14:15:00,11,4,27,14,15,420,302,1 rue des ?coles,45.50049,4.43427,Plein jour,En agglomération,Hors intersection,Normale,Deux véhicules - côté,,,,,,,,,,,1,2,1,1.0,3.0
201100007806,0011-05-07 11:00:00,11,5,7,11,0,420,302,,45.51599,4.44399,Plein jour,Hors agglomération,Hors intersection,Normale,Deux véhicules - frontale,,,,,,,,,,,1,1,1,1.0,1.0
201100007807,0011-06-03 16:30:00,11,6,3,16,30,420,302,rue de l'onzon (RD3),45.4972,4.4347,Plein jour,En agglomération,Hors intersection,Normale,Autre collision,,,,,,,,,,,1,2,1,1.0,6.0
201100007808,0011-06-24 14:15:00,11,6,24,14,15,420,208,,45.52779,4.4642,Plein jour,Hors agglomération,Hors intersection,Normale,Trois véhicules et plus - collisions multiples,,,,,,,,,,,1,1,1,1.0,5.0
201100007809,0011-08-02 21:00:00,11,8,2,21,0,420,302,chemin des Eversins,45.4938,4.42993,Nuit avec éclairage allumé,En agglomération,Hors intersection,Normale,Autre collision,,,,,,,,,,,5,2,1,1.0,6.0
201100007810,0011-09-18 09:30:00,11,9,18,9,30,420,234,,45.55024,4.3965,Plein jour,Hors agglomération,Hors intersection,Pluie légère,Deux véhicules - frontale,,,,,,,,,,,1,1,1,2.0,1.0
201100007811,0011-09-19 16:30:00,11,9,19,16,30,420,234,,45.53679,4.37869,Plein jour,Hors agglomération,Hors intersection,Normale,Deux véhicules - frontale,,,,,,,,,,,1,1,1,1.0,1.0
201100007812,0011-03-14 09:00:00,11,3,14,9,0,420,46,,45.63949,4.0683,Plein jour,Hors agglomération,Hors intersection,Normale,Deux véhicules - frontale,,,,,,,,,,,1,1,1,1.0,1.0
201100007813,0011-03-19 00:01:00,11,3,19,0,1,420,285,,45.55866,4.14914,Nuit sans éclairage public,Hors agglomération,Hors intersection,Normale,Sans collision,,,,,,,,,,,3,1,1,1.0,7.0
201100007814,0011-05-01 15:15:00,11,5,1,15,15,420,328,,45.567,3.97177,Plein jour,Hors agglomération,Hors intersection,Normale,Deux véhicules - côté,,,,,,,,,,,1,1,1,1.0,3.0
201100007815,0011-05-07 15:00:00,11,5,7,15,0,420,122,,45.57538,4.04896,Plein jour,Hors agglomération,Hors intersection,Normale,Sans collision,,,,,,,,,,,1,1,1,1.0,7.0
201100007816,0011-05-07 17:15:00,11,5,7,17,15,420,285,,45.54071,4.14447,Plein jour,Hors agglomération,Hors intersection,Normale,Deux véhicules - frontale,,,,,,,,,,,1,1,1,1.0,1.0
201100007817,0011-06-19 11:45:00,11,6,19,11,45,420,328,,45.57312,4.00389,Plein jour,Hors agglomération,Hors intersection,Normale,Autre collision,,,,,,,,,,,1,1,1,1.0,6.0
201100007818,0011-09-27 10:00:00,11,9,27,10,0,420,285,,45.57579,4.09902,Plein jour,Hors agglomération,Passage à niveau,Normale,Deux véhicules - frontale,,,,,,,,,,,1,1,8,1.0,1.0
201100007819,0011-11-05 11:45:00,11,11,5,11,45,420,151,,45.65815,4.13591,Plein jour,Hors agglomération,Hors intersection,Temps couvert,Autre collision,,,,,,,,,,,1,1,1,8.0,6.0
201100007820,0011-11-27 17:00:00,11,11,27,17,0,420,151,,45.68241,4.11003,Plein jour,Hors agglomération,Hors intersection,Normale,Deux véhicules - frontale,,,,,,,,,,,1,1,1,1.0,1.0
201100007821,0011-12-17 04:00:00,11,12,17,4,0,420,46,,45.6477,4.0502,Nuit sans éclairage public,Hors agglomération,Hors intersection,Normale,Autre collision,,,,,,,,,,,3,1,1,1.0,6.0
201100007822,0011-01-15 15:30:00,11,1,15,15,30,420,5,Rue Lorisson,45.52884,4.25979,Plein jour,En agglomération,Hors intersection,Normale,Sans collision,,,,,,,,,,,1,2,1,1.0,7.0
201100007823,0011-02-11 23:45:00,11,2,11,23,45,420,324,305 rue de la Rive,45.55065,4.24702,Nuit avec éclairage allumé,En agglomération,Hors intersection,Normale,Autre collision,,,,,,,,,,,5,2,1,1.0,6.0
201100007824,0011-06-20 23:15:00,11,6,20,23,15,420,5,,45.53909,4.30548,Nuit sans éclairage public,Hors agglomération,Hors intersection,Normale,Autre collision,,,,,,,,,,,3,1,1,1.0,6.0
201100007825,0011-09-19 08:15:00,11,9,19,8,15,420,75,,45.58705,4.22314,Plein jour,Hors agglomération,Hors intersection,Pluie légère,Deux véhicules - frontale,,,,,,,,,,,1,1,1,2.0,1.0
201100007826,0011-09-29 10:15:00,11,9,29,10,15,420,304,rue du 11 Novembre,45.53758,4.18802,Plein jour,En agglomération,Giratoire,Normale,Deux véhicules - frontale,,,,,,,,,,,1,2,6,1.0,1.0
201100007827,0011-10-16 16:45:00,11,10,16,16,45,420,5,Carrefour des habitants,45.52686,4.27029,Plein jour,En agglomération,Hors intersection,Normale,Deux véhicules - côté,,,,,,,,,,,1,2,1,1.0,3.0
201100007828,0011-10-29 10:00:00,11,10,29,10,0,420,304,Avenu Jean Moulin,45.54172,4.186,Plein jour,En agglomération,Hors intersection,Normale,Autre collision,,,,,,,,,,,1,2,1,1.0,6.0
201100007829,0011-01-11 17:45:00,11,1,11,17,45,420,19,rue de raonne,45.74986,4.00798,Nuit avec éclairage allumé,En agglomération,Hors intersection,Temps couvert,Autre collision,,,,,,,,,,,5,2,1,8.0,6.0
201100007830,0011-05-07 12:15:00,11,5,7,12,15,420,30,La conche,45.794,4.03056,Plein jour,En agglomération,Hors intersection,Normale,Autre collision,,,,,,,,,,,1,2,1,1.0,6.0
201100007831,0011-07-09 09:45:00,11,7,9,9,45,420,159,,45.80314,3.76776,Plein jour,Hors agglomération,Passage à niveau,Temps couvert,Deux véhicules - arrière,,,,,,,,,,,1,1,8,8.0,2.0
201100007832,0011-08-25 09:15:00,11,8,25,9,15,420,221,,45.79768,4.10912,Plein jour,Hors agglomération,Hors intersection,Temps couvert,Autre collision,,,,,,,,,,,1,1,1,8.0,6.0
201100007833,0011-11-11 04:30:00,11,11,11,4,30,420,9,,45.75965,4.01713,Nuit sans éclairage public,Hors agglomération,Hors intersection,Brouillard / fumée,Autre collision,,,,,,,,,,,3,1,1,5.0,6.0
201100007834,0011-11-11 19:15:00,11,11,11,19,15,420,159,Rue des Tilleuls,45.81667,3.76438,Nuit avec éclairage allumé,En agglomération,Hors intersection,Brouillard / fumée,Autre collision,,,,,,,,,,,5,2,1,5.0,6.0
201100007835,0011-11-14 17:00:00,11,11,14,17,0,420,19,rue de lyon,45.73881,4.00825,Nuit avec éclairage allumé,En agglomération,Hors intersection,Normale,Deux véhicules - frontale,,,,,,,,,,,5,2,1,1.0,1.0
201100007836,0011-02-04 09:15:00,11,2,4,9,15,420,296,,45.73237,4.28819,Plein jour,Hors agglomération,Hors intersection,Brouillard / fumée,Deux véhicules - côté,,,,,,,,,,,1,1,1,5.0,3.0
201100007837,0011-02-19 21:30:00,11,2,19,21,30,420,251,,45.67917,4.22896,Nuit sans éclairage public,Hors agglomération,Hors intersection,Pluie légère,Autre collision,,,,,,,,,,,3,1,1,2.0,6.0
201100007838,0011-04-07 19:15:00,11,4,7,19,15,420,296,,45.73491,4.27613,Crépuscule ou aube,Hors agglomération,Hors intersection,Normale,Deux véhicules - frontale,,,,,,,,,,,2,1,1,1.0,1.0
201100007839,0011-04-17 18:00:00,11,4,17,18,0,420,94,"69, rue de Verdun 42110",45.73657,4.2251,Plein jour,En agglomération,Hors intersection,Normale,Deux véhicules - côté,,,,,,,,,,,1,2,1,1.0,3.0
201100007840,0011-06-19 18:00:00,11,6,19,18,0,420,296,,45.72993,4.29389,Plein jour,Hors agglomération,Hors intersection,Normale,Sans collision,,,,,,,,,,,1,1,1,1.0,7.0
201100007841,0011-06-27 03:15:00,11,6,27,3,15,420,113,,45.74498,4.30136,Nuit sans éclairage public,Hors agglomération,Hors intersection,Normale,Sans collision,,,,,,,,,,,3,1,1,1.0,7.0
201100007842,0011-07-03 02:30:00,11,7,3,2,30,420,175,,45.79893,4.23194,Nuit sans éclairage public,Hors agglomération,Hors intersection,Normale,Autre collision,,,,,,,,,,,3,1,1,1.0,6.0
201100007843,0011-08-28 15:30:00,11,8,28,15,30,420,214,,45.67623,4.29939,Plein jour,Hors agglomération,Hors intersection,Normale,Autre collision,,,,,,,,,,,1,1,1,1.0,6.0
201100007844,0011-09-18 08:00:00,11,9,18,8,0,420,296,,45.7259,4.30029,Plein jour,Hors agglomération,Hors intersection,Normale,Deux véhicules - frontale,,,,,,,,,,,1,1,1,1.0,1.0
201100007845,0011-10-03 17:15:00,11,10,3,17,15,420,165,,45.77894,4.32317,Crépuscule ou aube,Hors agglomération,Hors intersection,Normale,Autre collision,,,,,,,,,,,2,1,1,1.0,6.0
201100007846,0011-11-09 11:45:00,11,11,9,11,45,420,94,RUE DE LA LOIRE,45.74286,4.21535,Plein jour,En agglomération,Hors intersection,Normale,Deux véhicules - frontale,,,,,,,,,,,1,2,1,1.0,1.0