accident_id,datetime,annee,mois,jour,heure,minute,departement,commune_insee,adresse,latitude,longitude,luminosite,agglomeration,intersection,meteo,collision,nb_vehicules,nb_usagers,nb_indemnes,nb_tues,nb_blesses_hosp,nb_blesses_legers,age_cond_1,age_cond_2,veh_type_cond_1,veh_type_cond_2,lum_code,agg_code,int_code,atm_code,col_code
201100007976,0011-07-05 18:15:00,11,7,5,18,15,730,179,rue Rene Pin,45.59865,5.86642,Plein jour,En agglomération,Hors intersection,Normale,Autre collision,,,,,,,,,,,1,2,1,1.0,6.0
201100007977,0011-10-07 09:15:00,11,10,7,9,15,730,179,Rue des Allobroges,45.5972,5.87665,Plein jour,En agglomération,Hors intersection,Normale,Autre collision,,,,,,,,,,,1,2,1,1.0,6.0
201100007978,0011-04-01 18:30:00,11,4,1,18,30,730,226,LE BERNERD,45.504,5.721,Plein jour,En agglomération,Hors intersection,Normale,Sans collision,,,,,,,,,,,1,2,1,1.0,7.0
201100007979,0011-06-12 11:40:00,11,6,12,11,40,730,233,,45.47574,5.73321,Plein jour,Hors agglomération,Hors intersection,Normale,Autre collision,,,,,,,,,,,1,1,1,1.0,6.0
201100007980,0011-06-13 07:45:00,11,6,13,7,45,730,229,,45.45405,5.80201,Plein jour,Hors agglomération,Hors intersection,Normale,Autre collision,,,,,,,,,,,1,1,1,1.0,6.0
201100007981,0011-06-23 06:45:00,11,6,23,6,45,730,58,,45.54,5.753,Crépuscule ou aube,Hors agglomération,Intersection en T,Pluie légère,Sans collision,,,,,,,,,,,2,1,3,2.0,7.0
201100007982,0011-07-03 03:15:00,11,7,3,3,15,730,282,D1006,45.5006,5.84327,Nuit avec éclairage allumé,En agglomération,Hors intersection,Normale,Autre collision,,,,,,,,,,,5,2,1,1.0,6.0
201100007983,0011-07-18 05:45:00,11,7,18,5,45,730,236,,45.58723,5.64377,Nuit sans éclairage public,Hors agglomération,Hors intersection,Pluie légère,Deux véhicules - frontale,,,,,,,,,,,3,1,1,2.0,1.0
201100007984,0011-07-26 18:00:00,11,7,26,18,0,730,39,,45.57461,5.65201,Plein jour,Hors agglomération,Intersection en T,Normale,Deux véhicules - côté,,,,,,,,,,,1,1,3,1.0,3.0
201100007985,0011-09-01 19:00:00,11,9,1,19,0,730,282,La Prairie,45.50964,5.85003,Plein jour,Hors agglomération,Hors intersection,Normale,Sans collision,,,,,,,,,,,1,1,1,1.0,7.0
201100007986,0011-10-07 18:15:00,11,10,7,18,15,730,246,,45.46662,5.81501,Crépuscule ou aube,Hors agglomération,Hors intersection,Pluie légère,Deux véhicules - côté,,,,,,,,,,,2,1,1,2.0,3.0
201100007987,0011-10-21 18:00:00,11,10,21,18,0,730,246,,45.46203,5.812,Plein jour,Hors agglomération,Hors intersection,Normale,Deux véhicules - frontale,,,,,,,,,,,1,1,1,1.0,1.0
201100007988,0011-11-13 13:45:00,11,11,13,13,45,730,229,,45.45534,5.77849,Plein jour,Hors agglomération,Hors intersection,Normale,Sans collision,,,,,,,,,,,1,1,1,1.0,7.0
201100007989,0011-01-22 08:45:00,11,1,22,8,45,730,75,,45.448,6.086,Plein jour,Hors agglomération,Hors intersection,Normale,Trois véhicules et plus - en chaîne,,,,,,,,,,,1,1,1,1.0,4.0
201100007990,0011-02-18 18:45:00,11,2,18,18,45,730,215,rue jean moulin,,,Nuit avec éclairage allumé,En agglomération,Hors intersection,Normale,Autre collision,,,,,,,,,,,5,2,1,1.0,6.0
201100007991,0011-04-19 18:00:00,11,4,19,18,0,730,207,,45.456,6.12,Plein jour,Hors agglomération,Intersection en Y,Normale,Deux véhicules - côté,,,,,,,,,,,1,1,4,1.0,3.0
201100007992,0011-05-02 16:00:00,11,5,2,16,0,730,315,,45.506,6.169,Plein jour,Hors agglomération,Hors intersection,Normale,Trois véhicules et plus - collisions multiples,,,,,,,,,,,1,1,1,1.0,5.0
201100007993,0011-05-23 07:15:00,11,5,23,7,15,730,75,,,,Plein jour,Hors agglomération,Hors intersection,Normale,Trois véhicules et plus - collisions multiples,,,,,,,,,,,1,1,1,1.0,5.0
201100007994,0011-08-05 10:30:00,11,8,5,10,30,730,68,,45.55095,6.20288,Plein jour,Hors agglomération,Hors intersection,Normale,Deux véhicules - frontale,,,,,,,,,,,1,1,1,1.0,1.0
201100007995,0011-10-22 14:45:00,11,10,22,14,45,730,68,,45.55106,6.20332,Plein jour,Hors agglomération,Intersection en T,Normale,Deux véhicules - arrière,,,,,,,,,,,1,1,3,1.0,2.0
201100007996,0011-11-05 07:30:00,11,11,5,7,30,730,69,,45.54097,6.21371,Crépuscule ou aube,Hors agglomération,Hors intersection,Normale,Sans collision,,,,,,,,,,,2,1,1,1.0,7.0
201100007997,0011-11-10 18:45:00,11,11,10,18,45,730,68,,45.56212,6.20599,Nuit avec éclairage allumé,Hors agglomération,Intersection en T,Normale,Deux véhicules - côté,,,,,,,,,,,5,1,3,1.0,3.0
201100007998,0011-12-15 06:30:00,11,12,15,6,30,730,79,,45.56001,6.1884,Nuit sans éclairage public,Hors agglomération,Hors intersection,Pluie forte,Trois véhicules et plus - collisions multiples,,,,,,,,,,,3,1,1,3.0,5.0
201100007999,0011-01-26 22:10:00,11,1,26,22,10,730,32,Echangeur 33 la Bâthie,,,Nuit sans éclairage public,En agglomération,Hors intersection,Normale,Sans collision,,,,,,,,,,,3,2,1,1.0,7.0
201100008000,0011-02-26 11:15:00,11,2,26,11,15,730,188,,,,Crépuscule ou aube,Hors agglomération,Hors intersection,Temps couvert,Sans collision,,,,,,,,,,,2,1,1,8.0,7.0
201100008001,0011-03-09 17:00:00,11,3,9,17,0,730,94,,45.327,6.881,Plein jour,Hors agglomération,Hors intersection,Normale,Sans collision,,,,,,,,,,,1,1,1,1.0,7.0
201100008002,0011-03-21 09:30:00,11,3,21,9,30,730,32,,,,Plein jour,Hors agglomération,Hors intersection,Normale,Deux véhicules - frontale,,,,,,,,,,,1,1,1,1.0,1.0
201100008003,0011-04-11 18:30:00,11,4,11,18,30,730,129,,,,Plein jour,Hors agglomération,Intersection en X,Normale,Deux véhicules - frontale,,,,,,,,,,,1,1,2,1.0,1.0
201100008004,0011-05-13 23:30:00,11,5,13,23,30,730,162,,45.596,6.273,Nuit sans éclairage public,Hors agglomération,Hors intersection,Temps couvert,Trois véhicules et plus - collisions multiples,,,,,,,,,,,3,1,1,8.0,5.0
201100008005,0011-05-27 15:30:00,11,5,27,15,30,730,124,248 route de chamb?ry,45.665,6.357,Plein jour,En agglomération,Hors intersection,Normale,Deux véhicules - côté,,,,,,,,,,,1,2,1,1.0,3.0
201100008006,0011-05-29 09:00:00,11,5,29,9,0,730,124,,45.657,6.34,Plein jour,Hors agglomération,Intersection en T,Temps éblouissant,Trois véhicules et plus - collisions multiples,,,,,,,,,,,1,1,3,7.0,5.0
201100008007,0011-06-07 08:15:00,11,6,7,8,15,730,303,avenue de la lib?ration,45.75124,6.41261,Plein jour,En agglomération,Hors intersection,Normale,Autre collision,,,,,,,,,,,1,2,1,1.0,6.0
201100008008,0011-06-12 17:15:00,11,6,12,17,15,730,186,,45.80435,6.54019,Nuit sans éclairage public,Hors agglomération,Hors intersection,Normale,Sans collision,,,,,,,,,,,3,1,1,1.0,7.0
201100008009,0011-06-30 05:15:00,11,6,30,5,15,730,121,,45.62639,6.32014,Nuit avec éclairage allumé,Hors agglomération,Intersection en X,Pluie légère,Deux véhicules - côté,,,,,,,,,,,5,1,2,2.0,3.0
201100008010,0011-07-02 14:30:00,11,7,2,14,30,730,303,,45.75205,6.44465,Plein jour,Hors agglomération,Hors intersection,Normale,Sans collision,,,,,,,,,,,1,1,1,1.0,7.0
201100008011,0011-08-12 16:45:00,11,8,12,16,45,730,303,Perrier de LA BATHIE,45.75308,6.41544,Plein jour,En agglomération,Hors intersection,Normale,Autre collision,,,,,,,,,,,1,2,1,1.0,6.0
201100008012,0011-09-01 11:00:00,11,9,1,11,0,730,63,Pont de CEVINS D 66A,45.59417,6.44724,Plein jour,En agglomération,Hors intersection,Normale,Deux véhicules - frontale,,,,,,,,,,,1,2,1,1.0,1.0
201100008013,0011-09-01 11:15:00,11,9,1,11,15,730,297,,45.64319,6.32473,Plein jour,Hors agglomération,Hors intersection,Normale,Autre collision,,,,,,,,,,,1,1,1,1.0,6.0
201100008014,0011-09-24 10:00:00,11,9,24,10,0,730,32,Rue de l'Energie,45.63814,6.44061,Plein jour,En agglomération,Hors intersection,Normale,Deux véhicules - côté,,,,,,,,,,,1,2,1,1.0,3.0
201100008015,0011-10-03 20:30:00,11,10,3,20,30,730,63,,45.60396,6.44196,Nuit sans éclairage public,Hors agglomération,Hors intersection,Normale,Sans collision,,,,,,,,,,,3,1,1,1.0,7.0
201100008016,0011-10-07 08:30:00,11,10,7,8,30,730,114,rue des trois rois,45.81825,6.51473,Plein jour,En agglomération,Hors intersection,Pluie légère,Autre collision,,,,,,,,,,,1,2,1,2.0,6.0
201100008017,0011-10-22 19:00:00,11,10,22,19,0,730,298,,45.66418,6.42774,Nuit sans éclairage public,Hors agglomération,Hors intersection,Normale,Deux véhicules - frontale,,,,,,,,,,,3,1,1,1.0,1.0
201100008018,0011-01-29 12:00:00,11,1,29,12,0,730,150,,45.546,6.673,Plein jour,Hors agglomération,Hors intersection,Normale,Deux véhicules - frontale,,,,,,,,,,,1,1,1,1.0,1.0
201100008019,0011-05-04 06:15:00,11,5,4,6,15,730,6,LD Villette,45.551,6.616,Plein jour,Hors agglomération,Intersection en Y,Normale,Deux véhicules - côté,,,,,,,,,,,1,1,4,1.0,3.0
201100008020,0011-07-11 01:30:00,11,7,11,1,30,730,6,,45.54604,6.61582,Nuit sans éclairage public,Hors agglomération,Hors intersection,Normale,Deux véhicules - frontale,,,,,,,,,,,3,1,1,1.0,1.0
201100008021,0011-08-18 09:45:00,11,8,18,9,45,730,6,Avenue de Tarentaise,45.55573,6.64981,Plein jour,En agglomération,Intersection en T,Normale,Autre collision,,,,,,,,,,,1,2,3,1.0,6.0
201100008022,0011-02-13 15:30:00,11,2,13,15,30,730,317,,45.007,6.8,Plein jour,Hors agglomération,Hors intersection,Normale,Deux véhicules - frontale,,,,,,,,,,,1,1,1,1.0,1.0
201100008023,0011-02-23 11:45:00,11,2,23,11,45,730,132,Av des JO LES SAISIES,45.75686,6.54008,Plein jour,En agglomération,Hors intersection,Normale,Deux véhicules - côté,,,,,,,,,,,1,2,1,1.0,3.0
201100008024,0011-03-04 04:15:00,11,3,4,4,15,730,317,L'Etraz,45.7272,6.5325,Nuit avec éclairage allumé,En agglomération,Hors intersection,Normale,Sans collision,,,,,,,,,,,5,2,1,1.0,7.0
201100008025,0011-01-24 06:00:00,11,1,24,6,0,730,176,,45.624,6.853,Crépuscule ou aube,Hors agglomération,Hors intersection,Normale,Sans collision,,,,,,,,,,,2,1,1,1.0,7.0
201100008026,0011-01-29 09:45:00,11,1,29,9,45,730,54,,45.62905,6.78534,Plein jour,Hors agglomération,Hors intersection,Normale,Sans collision,,,,,,,,,,,1,1,1,1.0,7.0
201100008027,0011-04-25 03:00:00,11,4,25,3,0,730,176,La Rosière 1850,45.63,6.857,Nuit avec éclairage allumé,En agglomération,Hors intersection,Normale,Autre collision,,,,,,,,,,,5,2,1,1.0,6.0
201100008028,0011-05-28 13:00:00,11,5,28,13,0,730,54,,,,Plein jour,En agglomération,Hors intersection,Normale,Deux véhicules - côté,,,,,,,,,,,1,2,1,1.0,3.0
201100008029,0011-07-02 09:15:00,11,7,2,9,15,730,232,,45.59331,6.88148,Plein jour,Hors agglomération,Hors intersection,Normale,Deux véhicules - frontale,,,,,,,,,,,1,1,1,1.0,1.0
201100008030,0011-08-07 17:30:00,11,8,7,17,30,730,54,,45.63322,6.78501,Plein jour,Hors agglomération,Hors intersection,Pluie légère,Deux véhicules - frontale,,,,,,,,,,,1,1,1,2.0,1.0
201100008031,0011-09-21 12:45:00,11,9,21,12,45,730,54,,45.59401,6.78869,Plein jour,Hors agglomération,Hors intersection,Normale,Autre collision,,,,,,,,,,,1,1,1,1.0,6.0
201100008032,0011-09-15 08:20:00,11,9,15,8,20,730,285,,45.62222,6.80056,Plein jour,En agglomération,Hors intersection,Normale,Autre collision,,,,,,,,,,,1,2,1,1.0,6.0
201100008033,0011-10-22 17:45:00,11,10,22,17,45,730,54,Av Marechal Leclerc,45.61548,6.76918,Plein jour,En agglomération,Intersection en X,Normale,Deux véhicules - côté,,,,,,,,,,,1,2,2,1.0,3.0
201100008034,0011-11-14 13:30:00,11,11,14,13,30,730,54,Av du Maréchal Leclerc,45.61544,6.7691,Plein jour,En agglomération,Hors intersection,Temps éblouissant,Autre collision,,,,,,,,,,,1,2,1,7.0,6.0
201100008035,0011-12-20 06:30:00,11,12,20,6,30,730,232,,45.56732,6.88939,Nuit sans éclairage public,Hors agglomération,Hors intersection,Neige / grêle,Deux véhicules - côté,,,,,,,,,,,3,1,1,4.0,3.0
201100008036,0011-07-05 22:45:00,11,7,5,22,45,730,15,,45.702,6.941,Nuit sans éclairage public,Hors agglomération,Hors intersection,Normale,Autre collision,,,,,,,,,,,3,1,1,1.0,6.0
201100008037,0011-07-21 00:01:00,11,7,21,0,1,730,227,,45.40449,6.64481,Nuit sans éclairage public,Hors agglomération,Hors intersection,Normale,Autre collision,,,,,,,,,,,3,1,1,1.0,6.0
201100008038,0011-07-25 17:00:00,11,7,25,17,0,730,198,,45.747,6.973,Plein jour,Hors agglomération,Hors intersection,Normale,Deux véhicules - frontale,,,,,,,,,,,1,1,1,1.0,1.0
201100008039,0011-10-23 12:30:00,11,10,23,12,30,730,227,,45.43045,6.62234,Plein jour,Hors agglomération,Hors intersection,Normale,Deux véhicules - frontale,,,,,,,,,,,1,1,1,1.0,1.0
201100008040,0011-10-27 02:00:00,11,10,27,2,0,730,15,,45.673,6.948,Nuit avec éclairage allumé,Hors agglomération,Hors intersection,Normale,Sans collision,,,,,,,,,,,5,1,1,1.0,7.0
201100008041,0011-02-18 18:50:00,11,2,18,18,50,730,227,LA TANIA,,,Nuit sans éclairage public,En agglomération,Hors intersection,Normale,Deux véhicules - frontale,,,,,,,,,,,3,2,1,1.0,1.0
201100008042,0011-12-26 18:45:00,11,12,26,18,45,730,15,TUNNEL CHAUDANNE MERIBEL,45.39062,6.56852,Plein jour,En agglomération,Hors intersection,Normale,Deux véhicules - frontale,,,,,,,,,,,1,2,1,1.0,1.0
201100008043,0011-03-08 09:30:00,11,3,8,9,30,730,115,,,,Plein jour,Hors agglomération,Hors intersection,Normale,Deux véhicules - frontale,,,,,,,,,,,1,1,1,1.0,1.0
201100008044,0011-05-24 18:15:00,11,5,24,18,15,730,187,,45.53901,6.46957,Plein jour,Hors agglomération,Hors intersection,Normale,Deux véhicules - côté,,,,,,,,,,,1,1,1,1.0,3.0
201100008045,0011-11-02 15:00:00,11,11,2,15,0,730,181,Carrefour des cordeliers,45.48287,6.53639,Plein jour,En agglomération,Intersection en Y,Normale,Deux véhicules - côté,,,,,,,,,,,1,2,4,1.0,3.0
201100008046,0011-01-14 19:00:00,11,1,14,19,0,730,248,,45.27,6.377,Nuit sans éclairage public,Hors agglomération,Hors intersection,Normale,Deux véhicules - frontale,,,,,,,,,,,3,1,1,1.0,1.0
201100008047,0011-01-30 09:15:00,11,1,30,9,15,730,173,,45.242,6.412,Plein jour,Hors agglomération,Hors intersection,Normale,Trois véhicules et plus - collisions multiples,,,,,,,,,,,1,1,1,1.0,5.0
201100008048,0011-02-01 14:30:00,11,2,1,14,30,730,116,,45.26,6.32,Plein jour,Hors agglomération,Hors intersection,Normale,Deux véhicules - côté,,,,,,,,,,,1,1,1,1.0,3.0
201100008049,0011-05-07 20:15:00,11,5,7,20,15,730,135,,45.303,6.358,Crépuscule ou aube,Hors agglomération,Intersection en T,Normale,Deux véhicules - côté,,,,,,,,,,,2,1,3,1.0,3.0
201100008050,0011-05-25 12:15:00,11,5,25,12,15,730,248,LD la Fournache,45.27105,6.33686,Plein jour,Hors agglomération,Hors intersection,Normale,Deux véhicules - frontale,,,,,,,,,,,1,1,1,1.0,1.0
201100008051,0011-05-28 18:00:00,11,5,28,18,0,730,248,rue du 08 mai 1945,45.29,6.345,Plein jour,En agglomération,Autre intersection,Normale,Deux véhicules - arrière,,,,,,,,,,,1,2,9,1.0,2.0
201100008052,0011-07-11 11:15:00,11,7,11,11,15,730,258,Plan des Saussaz,45.23025,6.44826,Plein jour,Hors agglomération,Hors intersection,Normale,Deux véhicules - frontale,,,,,,,,,,,1,1,1,1.0,1.0
201100008053,0011-08-14 09:20:00,11,8,14,9,20,730,307,,45.1935,6.45255,Plein jour,Hors agglomération,Hors intersection,Normale,Autre collision,,,,,,,,,,,1,1,1,1.0,6.0
201100008054,0011-10-13 22:30:00,11,10,13,22,30,730,194,,45.20795,6.52275,Nuit sans éclairage public,Hors agglomération,Autre intersection,Normale,Autre collision,,,,,,,,,,,3,1,9,1.0,6.0
201100008055,0011-11-03 17:45:00,11,11,3,17,45,730,248,,45.27243,6.34098,Nuit avec éclairage allumé,En agglomération,Intersection en X,Normale,Deux véhicules - frontale,,,,,,,,,,,5,2,2,1.0,1.0
201100008056,0011-12-02 06:30:00,11,12,2,6,30,730,203,,45.31795,6.32788,Nuit sans éclairage public,Hors agglomération,Hors intersection,Normale,Autre collision,,,,,,,,,,,3,1,1,1.0,6.0
201100008057,0011-01-26 15:15:00,11,1,26,15,15,730,19,,45.479,6.291,Plein jour,Hors agglomération,Hors intersection,Normale,Autre collision,,,,,,,,,,,1,1,1,1.0,6.0
201100008058,0011-01-28 18:00:00,11,1,28,18,0,730,48,,45.58,6.288,Crépuscule ou aube,Hors agglomération,Hors intersection,Normale,Sans collision,,,,,,,,,,,2,1,1,1.0,7.0
201100008059,0011-03-23 05:45:00,11,3,23,5,45,730,255,,45.32003,6.32242,Crépuscule ou aube,Hors agglomération,Hors intersection,Normale,Trois véhicules et plus - en chaîne,,,,,,,,,,,2,1,1,1.0,4.0
201100008060,0011-04-10 15:15:00,11,4,10,15,15,730,83,,45.4,6.281,Plein jour,Hors agglomération,Hors intersection,Normale,Deux véhicules - arrière,,,,,,,,,,,1,1,1,1.0,2.0
201100008061,0011-06-17 16:30:00,11,6,17,16,30,730,68,,45.56341,6.20058,Plein jour,Hors agglomération,Hors intersection,Normale,Autre collision,,,,,,,,,,,1,1,1,1.0,6.0
201100008062,0011-11-07 17:15:00,11,11,7,17,15,730,7,,45.58401,6.27618,Crépuscule ou aube,Hors agglomération,Hors intersection,Normale,Deux véhicules - arrière,,,,,,,,,,,2,1,1,1.0,2.0
201100008063,0011-12-23 18:45:00,11,12,23,18,45,730,2,RUE DES 2COLES,45.54492,6.30209,Nuit avec éclairage allumé,En agglomération,Hors intersection,Autre,Autre collision,,,,,,,,,,,5,2,1,9.0,6.0
201100008064,0011-01-26 02:15:00,11,1,26,2,15,730,143,,,,Nuit sans éclairage public,Hors agglomération,Hors intersection,Normale,Autre collision,,,,,,,,,,,3,1,1,1.0,6.0
201100008065,0011-04-02 19:30:00,11,4,2,19,30,730,143,95 rue du mont cenis,,,Crépuscule ou aube,En agglomération,Hors intersection,Normale,Deux véhicules - côté,,,,,,,,,,,2,2,1,1.0,3.0
201100008066,0011-05-22 19:45:00,11,5,22,19,45,730,290,,45.28601,6.84448,Plein jour,Hors agglomération,Hors intersection,Normale,Deux véhicules - côté,,,,,,,,,,,1,1,1,1.0,3.0
201100008067,0011-06-26 12:15:00,11,6,26,12,15,730,56,,,,Plein jour,En agglomération,Hors intersection,Normale,Deux véhicules - côté,,,,,,,,,,,1,2,1,1.0,3.0
201100008068,0011-07-10 15:30:00,11,7,10,15,30,730,144,,45.29416,6.92471,Plein jour,Hors agglomération,Hors intersection,Normale,Autre collision,,,,,,,,,,,1,1,1,1.0,6.0
201100008069,0011-07-14 10:15:00,11,7,14,10,15,730,47,,45.38463,7.04271,Plein jour,Hors agglomération,Hors intersection,Brouillard / fumée,Autre collision,,,,,,,,,,,1,1,1,5.0,6.0
201100008070,0011-01-06 12:00:00,11,1,6,12,0,730,157,rue de l'hôtel de ville,45.205,6.674,Plein jour,En agglomération,Hors intersection,Normale,Autre collision,,,,,,,,,,,1,2,1,1.0,6.0
201100008071,0011-01-27 07:15:00,11,1,27,7,15,730,157,,,,Plein jour,Hors agglomération,Hors intersection,Normale,Deux véhicules - frontale,,,,,,,,,,,1,1,1,1.0,1.0
201100008072,0011-04-26 09:45:00,11,4,26,9,45,730,157,Pont Saint Antoine,45.209,6.679,Plein jour,En agglomération,Intersection en Y,Normale,Deux véhicules - frontale,,,,,,,,,,,1,2,4,1.0,1.0
201100008073,0011-06-24 19:15:00,11,6,24,19,15,730,322,,45.20585,6.70305,Plein jour,Hors agglomération,Hors intersection,Normale,Trois véhicules et plus - collisions multiples,,,,,,,,,,,1,1,1,1.0,5.0
201100008074,0011-07-10 17:20:00,11,7,10,17,20,730,157,Valfréjus,,,Plein jour,En agglomération,Hors intersection,Normale,Deux véhicules - frontale,,,,,,,,,,,1,2,1,1.0,1.0
201100008075,0011-07-16 16:00:00,11,7,16,16,0,730,117,AVENUE DE LA LIBERTE,45.19064,6.64285,Plein jour,En agglomération,Hors intersection,Normale,Deux véhicules - côté,,,,,,,,,,,1,2,1,1.0,3.0
201100008076,0011-08-30 19:30:00,11,8,30,19,30,730,117,Chemin du Replaton,45.19156,6.64303,Plein jour,En agglomération,Hors intersection,Normale,Sans collision,,,,,,,,,,,1,2,1,1.0,7.0
201100008077,0011-10-22 18:30:00,11,10,22,18,30,730,157,rue des terres blanches,45.19905,6.66969,Plein jour,En agglomération,Hors intersection,Normale,Autre collision,,,,,,,,,,,1,2,1,1.0,6.0
201100008078,0011-01-12 12:00:00,11,1,12,12,0,740,123,,,,Plein jour,Hors agglomération,Hors intersection,Normale,Autre collision,,,,,,,,,,,1,1,1,1.0,6.0
201100008079,0011-02-23 12:00:00,11,2,23,12,0,740,267,PISTE CYCLABLE / MONGETS,,,Plein jour,En agglomération,Intersection en X,Normale,Deux véhicules - côté,,,,,,,,,,,1,2,2,1.0,3.0
201100008080,0011-02-26 08:00:00,11,2,26,8,0,740,167,,,,Crépuscule ou aube,Hors agglomération,Hors intersection,Normale,Deux véhicules - frontale,,,,,,,,,,,2,1,1,1.0,1.0
201100008081,0011-02-27 00:15:00,11,2,27,0,15,740,267,RD1508- rte choseaux,,,Nuit avec éclairage allumé,En agglomération,Intersection en T,Pluie légère,Deux véhicules - côté,,,,,,,,,,,5,2,3,2.0,3.0
201100008082,0011-03-05 15:45:00,11,3,5,15,45,740,108,53 route d'albertville,,,Plein jour,En agglomération,Hors intersection,Normale,Deux véhicules - frontale,,,,,,,,,,,1,2,1,1.0,1.0
201100008083,0011-03-28 09:45:00,11,3,28,9,45,740,242,,,,Plein jour,Hors agglomération,Hors intersection,Normale,Deux véhicules - frontale,,,,,,,,,,,1,1,1,1.0,1.0
201100008084,0011-04-02 15:45:00,11,4,2,15,45,740,242,1388  route de la Magne,,,Plein jour,Hors agglomération,Hors intersection,Normale,Deux véhicules - frontale,,,,,,,,,,,1,1,1,1.0,1.0
201100008085,0011-04-09 23:15:00,11,4,9,23,15,740,242,376 route du Bordon,,,Nuit sans éclairage public,En agglomération,Hors intersection,Normale,Sans collision,,,,,,,,,,,3,2,1,1.0,7.0
201100008086,0011-04-10 16:30:00,11,4,10,16,30,740,270,RD12/ Route des Caillets,,,Plein jour,Hors agglomération,Intersection en X,Normale,Deux véhicules - frontale,,,,,,,,,,,1,1,2,1.0,1.0
201100008087,0011-04-17 22:45:00,11,4,17,22,45,740,108,RD 1508,,,Nuit avec éclairage allumé,En agglomération,Hors intersection,Normale,Autre collision,,,,,,,,,,,5,2,1,1.0,6.0
201100008088,0011-04-22 18:15:00,11,4,22,18,15,740,242,piste cycle/route stade,,,Plein jour,En agglomération,Intersection en X,Normale,Deux véhicules - frontale,,,,,,,,,,,1,2,2,1.0,1.0
201100008089,0011-06-11 18:30:00,11,6,11,18,30,740,232,,,,Plein jour,Hors agglomération,Hors intersection,Normale,Deux véhicules - frontale,,,,,,,,,,,1,1,1,1.0,1.0
201100008090,0011-06-28 06:30:00,11,6,28,6,30,740,267,route d'Annecy,,,Plein jour,En agglomération,Hors intersection,Normale,Deux véhicules - frontale,,,,,,,,,,,1,2,1,1.0,1.0
201100008091,0011-06-27 12:00:00,11,6,27,12,0,740,242,RTE DE SALES/PISTE CYCL,,,Plein jour,En agglomération,Intersection en X,Normale,Deux véhicules - frontale,,,,,,,,,,,1,2,2,1.0,1.0
201100008092,0011-07-24 18:45:00,11,7,24,18,45,740,267,Hauteur Station Avia,,,Plein jour,En agglomération,Intersection en X,Pluie forte,Deux véhicules - côté,,,,,,,,,,,1,2,2,3.0,3.0
201100008093,0011-08-10 10:30:00,11,8,10,10,30,740,242,RD10/ROUTE  ST EUSTACHE,,,Plein jour,En agglomération,Intersection en T,Normale,Deux véhicules - côté,,,,,,,,,,,1,2,3,1.0,3.0
201100008094,0011-08-23 11:45:00,11,8,23,11,45,740,104,RD1508/VC GRANDS CHAMPS,,,Plein jour,Hors agglomération,Intersection en X,Normale,Deux véhicules - côté,,,,,,,,,,,1,1,2,1.0,3.0
201100008095,0011-02-18 07:30:00,11,2,18,7,30,740,97,,,,Crépuscule ou aube,Hors agglomération,Hors intersection,Normale,Deux véhicules - frontale,,,,,,,,,,,2,1,1,1.0,1.0
201100008096,0011-03-05 15:00:00,11,3,5,15,0,740,255,,,,Plein jour,Hors agglomération,Hors intersection,Normale,Deux véhicules - côté,,,,,,,,,,,1,1,1,1.0,3.0
201100008097,0011-04-11 12:30:00,11,4,11,12,30,740,233,route d'Aix les bains,,,Plein jour,En agglomération,Hors intersection,Normale,Autre collision,,,,,,,,,,,1,2,1,1.0,6.0
201100008098,0011-04-23 02:15:00,11,4,23,2,15,740,289,,,,Nuit sans éclairage public,Hors agglomération,Hors intersection,Normale,Autre collision,,,,,,,,,,,3,1,1,1.0,6.0
201100008099,0011-04-24 14:30:00,11,4,24,14,30,740,289,,,,Plein jour,Hors agglomération,Hors intersection,Normale,Deux véhicules - frontale,,,,,,,,,,,1,1,1,1.0,1.0
201100008100,0011-06-04 00:45:00,11,6,4,0,45,740,97,,,,Nuit avec éclairage allumé,Hors agglomération,Hors intersection,Normale,Sans collision,,,,,,,,,,,5,1,1,1.0,7.0
201100008101,0011-06-10 15:00:00,11,6,10,15,0,740,219,,,,Plein jour,Hors agglomération,Hors intersection,Normale,Sans collision,,,,,,,,,,,1,1,1,1.0,7.0
201100008102,0011-06-12 08:00:00,11,6,12,8,0,740,255,,,,Plein jour,Hors agglomération,Intersection en T,Normale,Deux véhicules - côté,,,,,,,,,,,1,1,3,1.0,3.0
201100008103,0011-07-18 22:00:00,11,7,18,22,0,740,233,Aix les Bains/rRumilly,,,Nuit avec éclairage allumé,En agglomération,Intersection en Y,Normale,Deux véhicules - côté,,,,,,,,,,,5,2,4,1.0,3.0
201100008104,0011-08-31 17:00:00,11,8,31,17,0,740,310,lieu dit la buisson,,,Plein jour,En agglomération,Hors intersection,Normale,Trois véhicules et plus - collisions multiples,,,,,,,,,,,1,2,1,1.0,5.0