accident_id,datetime,annee,mois,jour,heure,minute,departement,commune_insee,adresse,latitude,longitude,luminosite,agglomeration,intersection,meteo,collision,nb_vehicules,nb_usagers,nb_indemnes,nb_tues,nb_blesses_hosp,nb_blesses_legers,age_cond_1,age_cond_2,veh_type_cond_1,veh_type_cond_2,lum_code,agg_code,int_code,atm_code,col_code
201100008105,0011-09-17 11:30:00,11,9,17,11,30,740,225,,,,Plein jour,En agglomération,Intersection en T,Temps couvert,Deux véhicules - côté,,,,,,,,,,,1,2,3,8.0,3.0
201100008106,0011-09-26 18:45:00,11,9,26,18,45,740,35,,,,Plein jour,Hors agglomération,Hors intersection,Normale,Deux véhicules - côté,,,,,,,,,,,1,1,1,1.0,3.0
201100008107,0011-10-08 20:30:00,11,10,8,20,30,740,138,Le Buisson,,,Nuit avec éclairage allumé,Hors agglomération,Hors intersection,Pluie forte,Deux véhicules - frontale,,,,,,,,,,,5,1,1,3.0,1.0
201100008108,0011-10-13 10:15:00,11,10,13,10,15,740,225,rue rene cassin,,,Plein jour,En agglomération,Intersection en T,Normale,Deux véhicules - côté,,,,,,,,,,,1,2,3,1.0,3.0
201100008109,0011-10-19 17:45:00,11,10,19,17,45,740,161,,,,Plein jour,Hors agglomération,Hors intersection,Autre,Deux véhicules - côté,,,,,,,,,,,1,1,1,9.0,3.0
201100008110,0011-10-26 17:00:00,11,10,26,17,0,740,192,Ch de la rate,,,Plein jour,Hors agglomération,Hors intersection,Normale,Deux véhicules - frontale,,,,,,,,,,,1,1,1,1.0,1.0
201100008111,0011-11-12 11:30:00,11,11,12,11,30,740,225,,,,Plein jour,En agglomération,Hors intersection,Normale,Deux véhicules - côté,,,,,,,,,,,1,2,1,1.0,3.0
201100008112,0011-12-11 18:15:00,11,12,11,18,15,740,194,,,,Crépuscule ou aube,Hors agglomération,Hors intersection,Pluie légère,Deux véhicules - frontale,,,,,,,,,,,2,1,1,2.0,1.0
201100008113,0011-12-17 20:15:00,11,12,17,20,15,740,255,,,,Plein jour,Hors agglomération,Hors intersection,Normale,Deux véhicules - frontale,,,,,,,,,,,1,1,1,1.0,1.0
201100008114,0011-01-11 14:15:00,11,1,11,14,15,740,160,lieu dit La Chavonne,,,Plein jour,Hors agglomération,Hors intersection,Neige / grêle,Sans collision,,,,,,,,,,,1,1,1,4.0,7.0
201100008115,0011-02-12 10:00:00,11,2,12,10,0,740,239,lieu dit MONT DURAND,,,Plein jour,Hors agglomération,Hors intersection,Normale,Sans collision,,,,,,,,,,,1,1,1,1.0,7.0
201100008116,0011-03-03 14:45:00,11,3,3,14,45,740,80,Route du CRET DU MERLE,45.901,6.436,Plein jour,Hors agglomération,Hors intersection,Normale,Autre collision,,,,,,,,,,,1,1,1,1.0,6.0
201100008117,0011-03-15 19:00:00,11,3,15,19,0,740,280,13 route de la Tronchine,45.886,6.322,Nuit avec éclairage allumé,En agglomération,Hors intersection,Normale,Autre collision,,,,,,,,,,,5,2,1,1.0,6.0
201100008118,0011-04-10 15:00:00,11,4,10,15,0,740,280,route CLUSAZ/COLOMBAN,,,Plein jour,Hors agglomération,Intersection en T,Normale,Autre collision,,,,,,,,,,,1,1,3,1.0,6.0
201100008119,0011-04-16 18:00:00,11,4,16,18,0,740,280,parking de la gare,,,Plein jour,En agglomération,Autre intersection,Normale,Autre collision,,,,,,,,,,,1,2,9,1.0,6.0
201100008120,0011-04-21 04:45:00,11,4,21,4,45,740,280,ROUTE BESSEAUX/LA VOUTE,,,Nuit avec éclairage allumé,En agglomération,Intersection en X,Normale,Sans collision,,,,,,,,,,,5,2,2,1.0,7.0
201100008121,0011-05-10 08:00:00,11,5,10,8,0,740,239,,,,Plein jour,Hors agglomération,Hors intersection,Normale,Autre collision,,,,,,,,,,,1,1,1,1.0,6.0
201100008122,0011-07-22 19:30:00,11,7,22,19,30,740,136,,,,Plein jour,Hors agglomération,Hors intersection,Normale,Sans collision,,,,,,,,,,,1,1,1,1.0,7.0
201100008123,0011-09-23 16:45:00,11,9,23,16,45,740,102,,,,Plein jour,Hors agglomération,Hors intersection,Normale,Sans collision,,,,,,,,,,,1,1,1,1.0,7.0
201100008124,0011-01-16 15:00:00,11,1,16,15,0,740,42,75 ROUTE DE BOUVERAT,46.073,6.43,Plein jour,Hors agglomération,Hors intersection,Temps couvert,Sans collision,,,,,,,,,,,1,1,1,8.0,7.0
201100008125,0011-02-21 15:30:00,11,2,21,15,30,740,42,Rue de la monaz,46.065,6.397,Plein jour,En agglomération,Hors intersection,Normale,Deux véhicules - frontale,,,,,,,,,,,1,2,1,1.0,1.0
201100008126,0011-02-15 14:00:00,11,2,15,14,0,740,42,269 av Gare (ex RD 19),,,Plein jour,En agglomération,Hors intersection,Normale,Autre collision,,,,,,,,,,,1,2,1,1.0,6.0
201100008127,0011-03-18 20:00:00,11,3,18,20,0,740,87,route de Trolaz,46.136,6.349,Nuit sans éclairage public,Hors agglomération,Hors intersection,Normale,Sans collision,,,,,,,,,,,3,1,1,1.0,7.0
201100008128,0011-03-27 07:00:00,11,3,27,7,0,740,42,route de Genéve,46.096,6.375,Crépuscule ou aube,Hors agglomération,Hors intersection,Normale,Sans collision,,,,,,,,,,,2,1,1,1.0,7.0
201100008129,0011-04-15 20:15:00,11,4,15,20,15,740,42,AV MT-BLANC/ZI FOURMI,,,Crépuscule ou aube,En agglomération,Intersection en T,Normale,Deux véhicules - côté,,,,,,,,,,,2,2,3,1.0,3.0
201100008130,0011-05-06 17:00:00,11,5,6,17,0,740,42,AVENUE DE LA GARE,,,Plein jour,En agglomération,Hors intersection,Normale,Deux véhicules - côté,,,,,,,,,,,1,2,1,1.0,3.0
201100008131,0011-05-17 16:00:00,11,5,17,16,0,740,42,rue Decret,46.082,6.407,Plein jour,En agglomération,Autre intersection,Normale,Autre collision,,,,,,,,,,,1,2,9,1.0,6.0
201100008132,0011-09-01 06:15:00,11,9,1,6,15,740,24,,,,Crépuscule ou aube,Hors agglomération,Hors intersection,Temps couvert,Deux véhicules - côté,,,,,,,,,,,2,1,1,8.0,3.0
201100008133,0011-07-15 08:00:00,11,7,15,8,0,740,56,ROUTE DES GAILLANDS,,,Plein jour,Hors agglomération,Hors intersection,Normale,Autre collision,,,,,,,,,,,1,1,1,1.0,6.0
201100008134,0011-10-31 15:30:00,11,10,31,15,30,740,56,,,,Plein jour,Hors agglomération,Hors intersection,Normale,Autre collision,,,,,,,,,,,1,1,1,1.0,6.0
201100008135,0011-02-20 09:15:00,11,2,20,9,15,740,83,lieu dit GEMOENS,,,Plein jour,Hors agglomération,Hors intersection,Temps couvert,Autre collision,,,,,,,,,,,1,1,1,8.0,6.0
201100008136,0011-03-03 08:15:00,11,3,3,8,15,740,83,1 route cry cuchet,,,Plein jour,En agglomération,Hors intersection,Normale,Autre collision,,,,,,,,,,,1,2,1,1.0,6.0
201100008137,0011-03-19 19:15:00,11,3,19,19,15,740,215,148 route du Val d'Arly,,,Nuit avec éclairage allumé,Hors agglomération,Hors intersection,Normale,Autre collision,,,,,,,,,,,5,1,1,1.0,6.0
201100008138,0011-03-27 19:15:00,11,3,27,19,15,740,173,IMP VERNAY/ ROUTE ARBOIS,,,Crépuscule ou aube,En agglomération,Intersection en T,Pluie forte,Deux véhicules - frontale,,,,,,,,,,,2,2,3,3.0,1.0
201100008139,0011-04-20 14:00:00,11,4,20,14,0,740,83,Route de St-Gervais,,,Plein jour,Hors agglomération,Hors intersection,Temps éblouissant,Deux véhicules - côté,,,,,,,,,,,1,1,1,7.0,3.0
201100008140,0011-06-11 18:00:00,11,6,11,18,0,740,236,,,,Plein jour,Hors agglomération,Hors intersection,Normale,Autre collision,,,,,,,,,,,1,1,1,1.0,6.0
201100008141,0011-07-05 21:45:00,11,7,5,21,45,740,173,route de la Cote 2000,,,Nuit sans éclairage public,Hors agglomération,Hors intersection,Normale,Autre collision,,,,,,,,,,,3,1,1,1.0,6.0
201100008142,0011-08-04 12:15:00,11,8,4,12,15,740,236,LES MARGAGNES,,,Plein jour,Hors agglomération,Hors intersection,Normale,Autre collision,,,,,,,,,,,1,1,1,1.0,6.0
201100008143,0011-08-15 12:30:00,11,8,15,12,30,740,236,1457 RTE DES CONTAMINES,,,Plein jour,Hors agglomération,Hors intersection,Normale,Deux véhicules - frontale,,,,,,,,,,,1,1,1,1.0,1.0
201100008144,0011-08-08 14:45:00,11,8,8,14,45,740,83,ROUTE DE SAINT GERVAIS,,,Plein jour,Hors agglomération,Hors intersection,Normale,Deux véhicules - frontale,,,,,,,,,,,1,1,1,1.0,1.0
201100008145,0011-08-24 20:45:00,11,8,24,20,45,740,173,CH DES ANES / RTE ODIER,,,Nuit avec éclairage allumé,En agglomération,Intersection en X,Normale,Deux véhicules - côté,,,,,,,,,,,5,2,2,1.0,3.0
201100008146,0011-09-03 14:45:00,11,9,3,14,45,740,173,,,,Plein jour,Hors agglomération,Hors intersection,Normale,Deux véhicules - frontale,,,,,,,,,,,1,1,1,1.0,1.0
201100008147,0011-09-10 01:30:00,11,9,10,1,30,740,83,"2643, rte du medonnet",45.91,6.625,Nuit sans éclairage public,Hors agglomération,Hors intersection,Normale,Autre collision,,,,,,,,,,,3,1,1,1.0,6.0
201100008148,0011-09-12 18:15:00,11,9,12,18,15,740,83,,,,Plein jour,Hors agglomération,Hors intersection,Normale,Deux véhicules - frontale,,,,,,,,,,,1,1,1,1.0,1.0
201100008149,0011-09-24 11:30:00,11,9,24,11,30,740,236,Rte Contamines/ Mollaz,,,Plein jour,En agglomération,Intersection en T,Normale,Deux véhicules - côté,,,,,,,,,,,1,2,3,1.0,3.0
201100008150,0011-10-11 09:30:00,11,10,11,9,30,740,173,,,,Plein jour,Hors agglomération,Hors intersection,Normale,Deux véhicules - frontale,,,,,,,,,,,1,1,1,1.0,1.0
201100008151,0011-10-30 11:30:00,11,10,30,11,30,740,173,RUE DE LA POSTE,,,Plein jour,En agglomération,Hors intersection,Temps éblouissant,Autre collision,,,,,,,,,,,1,2,1,7.0,6.0
201100008152,0011-11-05 17:00:00,11,11,5,17,0,740,208,les  plagnes,45.912,6.719,Crépuscule ou aube,En agglomération,Hors intersection,Normale,Sans collision,,,,,,,,,,,2,2,1,1.0,7.0
201100008153,0011-12-23 21:30:00,11,12,23,21,30,740,173,ROUTE PALAIS DES SPORTS,,,Nuit avec éclairage allumé,En agglomération,Giratoire,Normale,Autre collision,,,,,,,,,,,5,2,6,1.0,6.0
201100008154,0011-01-06 08:00:00,11,1,6,8,0,740,250,lieu dit Toisinges,46.077,6.389,Crépuscule ou aube,En agglomération,Intersection en X,Pluie légère,Deux véhicules - arrière,,,,,,,,,,,2,2,2,2.0,2.0
201100008155,0011-02-27 18:15:00,11,2,27,18,15,740,250,,,,Nuit sans éclairage public,Hors agglomération,Hors intersection,Pluie légère,Deux véhicules - frontale,,,,,,,,,,,3,1,1,2.0,1.0
201100008156,0011-04-03 17:30:00,11,4,3,17,30,740,18,,,,Plein jour,Hors agglomération,Hors intersection,Normale,Trois véhicules et plus - collisions multiples,,,,,,,,,,,1,1,1,1.0,5.0
201100008157,0011-04-10 20:45:00,11,4,10,20,45,740,250,avenue des digues,46.063,6.382,Nuit avec éclairage allumé,En agglomération,Hors intersection,Normale,Autre collision,,,,,,,,,,,5,2,1,1.0,6.0
201100008158,0011-04-25 19:15:00,11,4,25,19,15,740,7,lieu dit VOZERIER,,,Plein jour,Hors agglomération,Hors intersection,Normale,Deux véhicules - frontale,,,,,,,,,,,1,1,1,1.0,1.0
201100008159,0011-06-18 21:00:00,11,6,18,21,0,740,224,Bd Georges Pompidou,,,Plein jour,En agglomération,Intersection en T,Pluie légère,Sans collision,,,,,,,,,,,1,2,3,2.0,7.0
201100008160,0011-06-25 06:00:00,11,6,25,6,0,740,224,AVENUE DES VOIRONS,,,Plein jour,En agglomération,Hors intersection,Normale,Autre collision,,,,,,,,,,,1,2,1,1.0,6.0
201100008161,0011-06-27 12:30:00,11,6,27,12,30,740,224,Rue JLouis Arnoult,46.071,6.315,Plein jour,En agglomération,Giratoire,Normale,Autre collision,,,,,,,,,,,1,2,6,1.0,6.0
201100008162,0011-07-22 12:15:00,11,7,22,12,15,740,116,616 route du Clos du May,46.068,6.291,Plein jour,En agglomération,Hors intersection,Normale,Autre collision,,,,,,,,,,,1,2,1,1.0,6.0
201100008163,0011-08-05 05:15:00,11,8,5,5,15,740,250,1016 RTE  4 MARRONNIERS,,,Crépuscule ou aube,Hors agglomération,Hors intersection,Normale,Sans collision,,,,,,,,,,,2,1,1,1.0,7.0
201100008164,0011-08-21 18:00:00,11,8,21,18,0,740,250,,46.027,6.396,Plein jour,Hors agglomération,Hors intersection,Normale,Deux véhicules - frontale,,,,,,,,,,,1,1,1,1.0,1.0
201100008165,0011-08-30 09:00:00,11,8,30,9,0,740,224,1640 ROUTE ORANGE,,,Plein jour,En agglomération,Hors intersection,Temps éblouissant,Autre collision,,,,,,,,,,,1,2,1,7.0,6.0
201100008166,0011-09-06 07:45:00,11,9,6,7,45,740,224,Bd Maquis des Glieres,,,Plein jour,Hors agglomération,Hors intersection,Normale,Deux véhicules - côté,,,,,,,,,,,1,1,1,1.0,3.0
201100008167,0011-09-06 15:30:00,11,9,6,15,30,740,116,,,,Plein jour,Hors agglomération,Hors intersection,Normale,Deux véhicules - frontale,,,,,,,,,,,1,1,1,1.0,1.0
201100008168,0011-09-09 16:00:00,11,9,9,16,0,740,90,,,,Plein jour,Hors agglomération,Hors intersection,Normale,Autre collision,,,,,,,,,,,1,1,1,1.0,6.0
201100008169,0011-10-16 04:15:00,11,10,16,4,15,740,224,,46.044,6.289,Nuit sans éclairage public,Hors agglomération,Hors intersection,Brouillard / fumée,Autre collision,,,,,,,,,,,3,1,1,5.0,6.0
201100008170,0011-11-06 14:30:00,11,11,6,14,30,740,250,32 rue du Stade,,,Plein jour,En agglomération,Hors intersection,Normale,Deux véhicules - frontale,,,,,,,,,,,1,2,1,1.0,1.0
201100008171,0011-11-20 16:00:00,11,11,20,16,0,740,116,ROUTE DE LAVILLAT,,,Plein jour,Hors agglomération,Hors intersection,Normale,Deux véhicules - frontale,,,,,,,,,,,1,1,1,1.0,1.0
201100008172,0011-11-20 10:00:00,11,11,20,10,0,740,250,RD 1203 AV du Mont Blanc,,,Plein jour,En agglomération,Hors intersection,Normale,Deux véhicules - arrière,,,,,,,,,,,1,2,1,1.0,2.0
201100008173,0011-02-27 18:30:00,11,2,27,18,30,740,103,,,,Crépuscule ou aube,Hors agglomération,Hors intersection,Pluie légère,Deux véhicules - côté,,,,,,,,,,,2,1,1,2.0,3.0
201100008174,0011-05-09 18:00:00,11,5,9,18,0,740,256,quai de l'hotel de ville,,,Plein jour,En agglomération,Hors intersection,Normale,Autre collision,,,,,,,,,,,1,2,1,1.0,6.0
201100008175,0011-10-12 07:45:00,11,10,12,7,45,740,256,231 rue du colonney,,,Plein jour,En agglomération,Hors intersection,Normale,Deux véhicules - frontale,,,,,,,,,,,1,2,1,1.0,1.0
201100008176,0011-02-05 16:15:00,11,2,5,16,15,740,183,,46.137,6.528,Plein jour,Hors agglomération,Hors intersection,Normale,Autre collision,,,,,,,,,,,1,1,1,1.0,6.0
201100008177,0011-02-09 20:00:00,11,2,9,20,0,740,294,Les hottes,46.095,6.677,Nuit avec éclairage allumé,En agglomération,Intersection en X,Normale,Deux véhicules - côté,,,,,,,,,,,5,2,2,1.0,3.0
201100008178,0011-02-10 23:45:00,11,2,10,23,45,740,223,,46.099,6.621,Nuit sans éclairage public,Hors agglomération,Hors intersection,Normale,Deux véhicules - frontale,,,,,,,,,,,3,1,1,1.0,1.0
201100008179,0011-06-04 13:45:00,11,6,4,13,45,740,134,,46.167,6.674,Plein jour,Hors agglomération,Hors intersection,Normale,Sans collision,,,,,,,,,,,1,1,1,1.0,7.0
201100008180,0011-06-25 16:15:00,11,6,25,16,15,740,183,Les Vagnys,,,Plein jour,Hors agglomération,Hors intersection,Normale,Deux véhicules - côté,,,,,,,,,,,1,1,1,1.0,3.0
201100008181,0011-10-22 01:30:00,11,10,22,1,30,740,276,,46.101,6.591,Nuit sans éclairage public,Hors agglomération,Hors intersection,Brouillard / fumée,Autre collision,,,,,,,,,,,3,1,1,5.0,6.0
201100008182,0011-11-12 12:00:00,11,11,12,12,0,740,134,,46.144,6.639,Plein jour,Hors agglomération,Hors intersection,Normale,Sans collision,,,,,,,,,,,1,1,1,1.0,7.0
201100008183,0011-12-19 17:30:00,11,12,19,17,30,740,183,,46.138,6.522,Nuit avec éclairage allumé,En agglomération,Hors intersection,Pluie légère,Autre collision,,,,,,,,,,,5,2,1,2.0,6.0
201100008184,0011-12-23 17:30:00,11,12,23,17,30,740,276,,46.112,6.598,Nuit sans éclairage public,Hors agglomération,Hors intersection,Brouillard / fumée,Deux véhicules - frontale,,,,,,,,,,,3,1,1,5.0,1.0
201100008185,0011-12-24 16:45:00,11,12,24,16,45,740,276,,46.116,6.584,Plein jour,En agglomération,Hors intersection,Normale,Sans collision,,,,,,,,,,,1,2,1,1.0,7.0
201100008186,0011-05-02 21:45:00,11,5,2,21,45,740,243,,46.141,6.118,Nuit sans éclairage public,Hors agglomération,Hors intersection,Pluie légère,Deux véhicules - frontale,,,,,,,,,,,3,1,1,2.0,1.0
201100008187,0011-05-11 16:00:00,11,5,11,16,0,740,16,,46.135,6.124,Plein jour,Hors agglomération,Intersection en T,Normale,Deux véhicules - côté,,,,,,,,,,,1,1,3,1.0,3.0
201100008188,0011-06-17 19:00:00,11,6,17,19,0,740,243,,,,Plein jour,Hors agglomération,Hors intersection,Normale,Trois véhicules et plus - collisions multiples,,,,,,,,,,,1,1,1,1.0,5.0
201100008189,0011-08-05 09:00:00,11,8,5,9,0,740,82,44 ROUTE  ANNECY,46.15,6.147,Plein jour,En agglomération,Hors intersection,Normale,Deux véhicules - côté,,,,,,,,,,,1,2,1,1.0,3.0
201100008190,0011-08-19 05:30:00,11,8,19,5,30,740,16,,,,Crépuscule ou aube,Hors agglomération,Hors intersection,Normale,Sans collision,,,,,,,,,,,2,1,1,1.0,7.0
201100008191,0011-08-23 18:15:00,11,8,23,18,15,740,201,RD1201/ VC DU JURA,,,Plein jour,Hors agglomération,Intersection en X,Normale,Deux véhicules - côté,,,,,,,,,,,1,1,2,1.0,3.0
201100008192,0011-10-31 16:15:00,11,10,31,16,15,740,201,,46.116,6.109,Plein jour,En agglomération,Hors intersection,Normale,Deux véhicules - côté,,,,,,,,,,,1,2,1,1.0,3.0
201100008193,0011-01-21 12:30:00,11,1,21,12,30,740,145,,,,Plein jour,Hors agglomération,Hors intersection,Normale,Deux véhicules - côté,,,,,,,,,,,1,1,1,1.0,3.0
201100008194,0011-01-31 17:45:00,11,1,31,17,45,740,220,Rue des Ecoles,,,Plein jour,En agglomération,Hors intersection,Normale,Sans collision,,,,,,,,,,,1,2,1,1.0,7.0
201100008195,0011-02-24 08:30:00,11,2,24,8,30,740,40,RTE ALLUAZ/PARKING POSTE,,,Plein jour,En agglomération,Intersection en T,Neige / grêle,Autre collision,,,,,,,,,,,1,2,3,4.0,6.0
201100008196,0011-02-25 07:30:00,11,2,25,7,30,740,193,,46.135,6.208,Plein jour,Hors agglomération,Hors intersection,Brouillard / fumée,Sans collision,,,,,,,,,,,1,1,1,5.0,7.0
201100008197,0011-02-27 05:30:00,11,2,27,5,30,740,94,,,,Nuit sans éclairage public,Hors agglomération,Hors intersection,Pluie légère,Autre collision,,,,,,,,,,,3,1,1,2.0,6.0
201100008198,0011-02-27 13:45:00,11,2,27,13,45,740,197,,,,Plein jour,Hors agglomération,Hors intersection,Pluie légère,Deux véhicules - arrière,,,,,,,,,,,1,1,1,2.0,2.0
201100008199,0011-03-08 18:30:00,11,3,8,18,30,740,262,RD 903/route de la CROIX,,,Nuit avec éclairage allumé,Hors agglomération,Intersection en X,Normale,Deux véhicules - côté,,,,,,,,,,,5,1,2,1.0,3.0
201100008200,0011-03-10 10:30:00,11,3,10,10,30,740,94,,,,Plein jour,Hors agglomération,Hors intersection,Normale,Deux véhicules - frontale,,,,,,,,,,,1,1,1,1.0,1.0
201100008201,0011-03-17 17:30:00,11,3,17,17,30,740,158,ROUTES  LEMAN / COUTY,,,Plein jour,En agglomération,Intersection en X,Normale,Deux véhicules - côté,,,,,,,,,,,1,2,2,1.0,3.0
201100008202,0011-03-18 20:00:00,11,3,18,20,0,740,128,,,,Nuit sans éclairage public,Hors agglomération,Hors intersection,Normale,Deux véhicules - frontale,,,,,,,,,,,3,1,1,1.0,1.0
201100008203,0011-03-26 19:15:00,11,3,26,19,15,740,21,Rue des Echelettes,,,Nuit avec éclairage allumé,En agglomération,Hors intersection,Normale,Autre collision,,,,,,,,,,,5,2,1,1.0,6.0
201100008204,0011-03-29 18:15:00,11,3,29,18,15,740,158,,,,Plein jour,Hors agglomération,Hors intersection,Pluie légère,Deux véhicules - frontale,,,,,,,,,,,1,1,1,2.0,1.0
201100008205,0011-04-08 17:15:00,11,4,8,17,15,740,229,,,,Plein jour,En agglomération,Hors intersection,Normale,Deux véhicules - frontale,,,,,,,,,,,1,2,1,1.0,1.0
201100008206,0011-04-15 01:00:00,11,4,15,1,0,740,220,,,,Nuit sans éclairage public,Hors agglomération,Hors intersection,Normale,Deux véhicules - frontale,,,,,,,,,,,3,1,1,1.0,1.0
201100008207,0011-04-22 22:00:00,11,4,22,22,0,740,220,route d'ESERY,46.142,6.239,Nuit sans éclairage public,Hors agglomération,Hors intersection,Normale,Sans collision,,,,,,,,,,,3,1,1,1.0,7.0
201100008208,0011-04-25 19:30:00,11,4,25,19,30,740,220,lieu dit TURNIER,,,Plein jour,Hors agglomération,Hors intersection,Normale,Deux véhicules - frontale,,,,,,,,,,,1,1,1,1.0,1.0
201100008209,0011-04-22 15:15:00,11,4,22,15,15,740,185,,,,Plein jour,Hors agglomération,Hors intersection,Normale,Sans collision,,,,,,,,,,,1,1,1,1.0,7.0
201100008210,0011-05-06 08:15:00,11,5,6,8,15,740,197,"""Chef lieu"" - RD 1205",46.158,6.306,Plein jour,En agglomération,Intersection en T,Normale,Deux véhicules - côté,,,,,,,,,,,1,2,3,1.0,3.0
201100008211,0011-04-29 16:00:00,11,4,29,16,0,740,220,route de Findrol,,,Plein jour,En agglomération,Hors intersection,Normale,Deux véhicules - frontale,,,,,,,,,,,1,2,1,1.0,1.0
201100008212,0011-04-30 15:15:00,11,4,30,15,15,740,220,113 Grande Rue,,,Plein jour,En agglomération,Hors intersection,Normale,Autre collision,,,,,,,,,,,1,2,1,1.0,6.0
201100008213,0011-07-12 20:15:00,11,7,12,20,15,740,185,,,,Crépuscule ou aube,Hors agglomération,Hors intersection,Normale,Deux véhicules - frontale,,,,,,,,,,,2,1,1,1.0,1.0
201100008214,0011-08-11 13:45:00,11,8,11,13,45,740,40,AV DU FAUCIGNY,,,Plein jour,Hors agglomération,Hors intersection,Normale,Deux véhicules - frontale,,,,,,,,,,,1,1,1,1.0,1.0
201100008215,0011-08-27 06:00:00,11,8,27,6,0,740,128,,,,Crépuscule ou aube,Hors agglomération,Hors intersection,Normale,Autre collision,,,,,,,,,,,2,1,1,1.0,6.0
201100008216,0011-09-03 17:00:00,11,9,3,17,0,740,229,ROUTE DE LA MONIAZ,,,Nuit avec éclairage allumé,Hors agglomération,Hors intersection,Normale,Autre collision,,,,,,,,,,,5,1,1,1.0,6.0
201100008217,0011-09-04 20:30:00,11,9,4,20,30,740,220,,,,Nuit avec éclairage allumé,Hors agglomération,Intersection en T,Pluie légère,Deux véhicules - côté,,,,,,,,,,,5,1,3,2.0,3.0
201100008218,0011-08-31 18:00:00,11,8,31,18,0,740,128,FINDROL,,,Plein jour,Hors agglomération,Hors intersection,Normale,Deux véhicules - côté,,,,,,,,,,,1,1,1,1.0,3.0
201100008219,0011-09-09 15:45:00,11,9,9,15,45,740,220,,,,Plein jour,Hors agglomération,Hors intersection,Normale,Trois véhicules et plus - collisions multiples,,,,,,,,,,,1,1,1,1.0,5.0
201100008220,0011-10-12 20:45:00,11,10,12,20,45,740,197,,,,Nuit sans éclairage public,Hors agglomération,Hors intersection,Normale,Deux véhicules - frontale,,,,,,,,,,,3,1,1,1.0,1.0
201100008221,0011-11-22 10:30:00,11,11,22,10,30,740,262,,,,Plein jour,Hors agglomération,Hors intersection,Normale,Deux véhicules - arrière,,,,,,,,,,,1,1,1,1.0,2.0
201100008222,0011-11-05 13:45:00,11,11,5,13,45,740,220,RTE MARSIGES/CH LA PLACE,,,Plein jour,Hors agglomération,Intersection en Y,Normale,Deux véhicules - frontale,,,,,,,,,,,1,1,4,1.0,1.0
201100008223,0011-11-28 07:30:00,11,11,28,7,30,740,211,RD2- ROUTE DES VUARDES,,,Crépuscule ou aube,Hors agglomération,Intersection en T,Temps couvert,Deux véhicules - frontale,,,,,,,,,,,2,1,3,8.0,1.0
201100008224,0011-11-19 13:45:00,11,11,19,13,45,740,220,,,,Plein jour,Hors agglomération,Hors intersection,Normale,Autre collision,,,,,,,,,,,1,1,1,1.0,6.0
201100008225,0011-12-09 22:45:00,11,12,9,22,45,740,229,,,,Nuit avec éclairage allumé,Hors agglomération,Hors intersection,Temps couvert,Deux véhicules - frontale,,,,,,,,,,,5,1,1,8.0,1.0
201100008226,0011-01-18 06:45:00,11,1,18,6,45,740,9,route d'ANNECY - RD 1201,46.066,6.077,Nuit avec éclairage allumé,En agglomération,Intersection en X,Normale,Deux véhicules - côté,,,,,,,,,,,5,2,2,1.0,3.0
201100008227,0011-01-22 00:45:00,11,1,22,0,45,740,309,RD1206,46.122,6.038,Nuit avec éclairage allumé,En agglomération,Giratoire,Normale,Autre collision,,,,,,,,,,,5,2,6,1.0,6.0
201100008228,0011-04-14 04:15:00,11,4,14,4,15,740,309,,46.134,6.047,Nuit sans éclairage public,Hors agglomération,Hors intersection,Normale,Sans collision,,,,,,,,,,,3,1,1,1.0,7.0
201100008229,0011-05-27 08:45:00,11,5,27,8,45,740,88,,,,Plein jour,Hors agglomération,Hors intersection,Normale,Deux véhicules - côté,,,,,,,,,,,1,1,1,1.0,3.0
201100008230,0011-05-27 16:00:00,11,5,27,16,0,740,96,face aux dronieres,46.04,6.113,Plein jour,Hors agglomération,Hors intersection,Normale,Deux véhicules - côté,,,,,,,,,,,1,1,1,1.0,3.0
201100008231,0011-06-24 14:00:00,11,6,24,14,0,740,309,,46.117,6.005,Plein jour,Hors agglomération,Hors intersection,Normale,Deux véhicules - côté,,,,,,,,,,,1,1,1,1.0,3.0
201100008232,0011-06-25 08:15:00,11,6,25,8,15,740,177,,46.057,6.17,Plein jour,Hors agglomération,Hors intersection,Normale,Deux véhicules - frontale,,,,,,,,,,,1,1,1,1.0,1.0
201100008233,0011-07-06 00:01:00,11,7,6,0,1,740,228,,46.078,6.084,Nuit avec éclairage allumé,Hors agglomération,Hors intersection,Normale,Sans collision,,,,,,,,,,,5,1,1,1.0,7.0
201100008234,0011-07-31 20:00:00,11,7,31,20,0,740,306,,46.047,6.163,Plein jour,Hors agglomération,Hors intersection,Normale,Deux véhicules - frontale,,,,,,,,,,,1,1,1,1.0,1.0
201100008235,0011-08-14 20:00:00,11,8,14,20,0,740,52,,46.04,6.028,Plein jour,Hors agglomération,Hors intersection,Normale,Deux véhicules - frontale,,,,,,,,,,,1,1,1,1.0,1.0