accident_id,datetime,annee,mois,jour,heure,minute,departement,commune_insee,adresse,latitude,longitude,luminosite,agglomeration,intersection,meteo,collision,nb_vehicules,nb_usagers,nb_indemnes,nb_tues,nb_blesses_hosp,nb_blesses_legers,age_cond_1,age_cond_2,veh_type_cond_1,veh_type_cond_2,lum_code,agg_code,int_code,atm_code,col_code
201100008236,0011-04-05 16:45:00,11,4,5,16,45,740,184,,,,Plein jour,Hors agglomération,Hors intersection,Normale,Deux véhicules - frontale,,,,,,,,,,,1,1,1,1.0,1.0
201100008237,0011-04-22 11:30:00,11,4,22,11,30,740,109,RD 1508 / bretelle A 40,,,Plein jour,Hors agglomération,Intersection en T,Normale,Deux véhicules - côté,,,,,,,,,,,1,1,3,1.0,3.0
201100008238,0011-05-06 17:30:00,11,5,6,17,30,740,77,,,,Plein jour,Hors agglomération,Hors intersection,Normale,Deux véhicules - frontale,,,,,,,,,,,1,1,1,1.0,1.0
201100008239,0011-06-18 17:45:00,11,6,18,17,45,740,195,,,,Plein jour,Hors agglomération,Hors intersection,Normale,Trois véhicules et plus - collisions multiples,,,,,,,,,,,1,1,1,1.0,5.0
201100008240,0011-06-30 22:30:00,11,6,30,22,30,740,68,,,,Nuit sans éclairage public,Hors agglomération,Hors intersection,Normale,Sans collision,,,,,,,,,,,3,1,1,1.0,7.0
201100008241,0011-08-11 14:15:00,11,8,11,14,15,740,269,Route de Chavigny,45.624,5.417,Plein jour,Hors agglomération,Hors intersection,Normale,Deux véhicules - frontale,,,,,,,,,,,1,1,1,1.0,1.0
201100008242,0011-08-17 18:00:00,11,8,17,18,0,740,291,,,,Plein jour,Hors agglomération,Hors intersection,Temps éblouissant,Deux véhicules - frontale,,,,,,,,,,,1,1,1,7.0,1.0
201100008243,0011-08-29 15:30:00,11,8,29,15,30,740,100,,,,Plein jour,Hors agglomération,Hors intersection,Normale,Sans collision,,,,,,,,,,,1,1,1,1.0,7.0
201100008244,0011-09-28 12:15:00,11,9,28,12,15,740,100,,,,Plein jour,Hors agglomération,Hors intersection,Normale,Deux véhicules - frontale,,,,,,,,,,,1,1,1,1.0,1.0
201100008245,0011-09-29 16:30:00,11,9,29,16,30,740,269,,,,Plein jour,Hors agglomération,Hors intersection,Temps éblouissant,Deux véhicules - côté,,,,,,,,,,,1,1,1,7.0,3.0
201100008246,0011-12-20 18:30:00,11,12,20,18,30,740,109,,,,Nuit avec éclairage allumé,Hors agglomération,Hors intersection,Neige / grêle,Deux véhicules - côté,,,,,,,,,,,5,1,1,4.0,3.0
201100008247,0011-12-24 04:00:00,11,12,24,4,0,740,55,,,,Nuit sans éclairage public,Hors agglomération,Hors intersection,Brouillard / fumée,Autre collision,,,,,,,,,,,3,1,1,5.0,6.0
201100008248,0011-01-31 15:15:00,11,1,31,15,15,740,1,,,,Plein jour,Hors agglomération,Hors intersection,Normale,Autre collision,,,,,,,,,,,1,1,1,1.0,6.0
201100008249,0011-02-05 00:15:00,11,2,5,0,15,740,1,,,,Nuit sans éclairage public,Hors agglomération,Hors intersection,Normale,Deux véhicules - frontale,,,,,,,,,,,3,1,1,1.0,1.0
201100008250,0011-02-24 08:00:00,11,2,24,8,0,740,1,,,,Plein jour,Hors agglomération,Hors intersection,Neige / grêle,Autre collision,,,,,,,,,,,1,1,1,4.0,6.0
201100008251,0011-03-20 18:30:00,11,3,20,18,30,740,41,,,,Nuit sans éclairage public,Hors agglomération,Hors intersection,Normale,Deux véhicules - côté,,,,,,,,,,,3,1,1,1.0,3.0
201100008252,0011-03-26 11:00:00,11,3,26,11,0,740,73,,,,Plein jour,Hors agglomération,Intersection en T,Normale,Autre collision,,,,,,,,,,,1,1,3,1.0,6.0
201100008253,0011-08-22 20:00:00,11,8,22,20,0,740,63,,46.234,6.793,Crépuscule ou aube,Hors agglomération,Hors intersection,Temps couvert,Deux véhicules - frontale,,,,,,,,,,,2,1,1,8.0,1.0
201100008254,0011-09-09 21:00:00,11,9,9,21,0,740,73,,,,Nuit sans éclairage public,Hors agglomération,Hors intersection,Normale,Autre collision,,,,,,,,,,,3,1,1,1.0,6.0
201100008255,0011-09-15 21:00:00,11,9,15,21,0,740,63,,,,Crépuscule ou aube,Hors agglomération,Hors intersection,Normale,Autre collision,,,,,,,,,,,2,1,1,1.0,6.0
201100008256,0011-10-04 20:00:00,11,10,4,20,0,740,63,vers pas de Morgin,46.245,6.852,Nuit sans éclairage public,Hors agglomération,Hors intersection,Normale,Deux véhicules - frontale,,,,,,,,,,,3,1,1,1.0,1.0
201100008257,0011-03-15 17:45:00,11,3,15,17,45,740,226,,,,Plein jour,Hors agglomération,Hors intersection,Normale,Deux véhicules - frontale,,,,,,,,,,,1,1,1,1.0,1.0
201100008258,0011-04-03 17:15:00,11,4,3,17,15,740,226,,,,Nuit sans éclairage public,Hors agglomération,Hors intersection,Normale,Sans collision,,,,,,,,,,,3,1,1,1.0,7.0
201100008259,0011-06-25 14:30:00,11,6,25,14,30,740,287,Sous la cote PK13 CD22,,,Plein jour,En agglomération,Hors intersection,Normale,Autre collision,,,,,,,,,,,1,2,1,1.0,6.0
201100008260,0011-09-05 17:00:00,11,9,5,17,0,740,38,LA FARGUEUSAZ,,,Plein jour,Hors agglomération,Hors intersection,Normale,Deux véhicules - côté,,,,,,,,,,,1,1,1,1.0,3.0
201100008261,0011-09-28 17:30:00,11,9,28,17,30,740,38,,,,Plein jour,Hors agglomération,Hors intersection,Normale,Autre collision,,,,,,,,,,,1,1,1,1.0,6.0
201100008262,0011-01-10 07:00:00,11,1,10,7,0,740,43,RD1/ZA DES BRACOTS,46.277,6.352,Nuit sans éclairage public,Hors agglomération,Intersection en X,Normale,Deux véhicules - côté,,,,,,,,,,,3,1,2,1.0,3.0
201100008263,0011-01-19 07:45:00,11,1,19,7,45,740,263,route des GERONS / SCIEZ,46.333,6.365,Crépuscule ou aube,Hors agglomération,Intersection en T,Normale,Deux véhicules - côté,,,,,,,,,,,2,1,3,1.0,3.0
201100008264,0011-01-23 00:30:00,11,1,23,0,30,740,53,,,,Nuit avec éclairage allumé,Hors agglomération,Hors intersection,Normale,Autre collision,,,,,,,,,,,5,1,1,1.0,6.0
201100008265,0011-01-23 06:15:00,11,1,23,6,15,740,70,,46.283,6.252,Nuit sans éclairage public,Hors agglomération,Hors intersection,Normale,Trois véhicules et plus - collisions multiples,,,,,,,,,,,3,1,1,1.0,5.0
201100008266,0011-03-08 13:00:00,11,3,8,13,0,740,293,RD 1005 / route PLANTETS,46.28,6.248,Plein jour,Hors agglomération,Intersection en X,Normale,Deux véhicules - frontale,,,,,,,,,,,1,1,2,1.0,1.0
201100008267,0011-04-10 03:45:00,11,4,10,3,45,740,210,,,,Nuit sans éclairage public,Hors agglomération,Hors intersection,Normale,Deux véhicules - frontale,,,,,,,,,,,3,1,1,1.0,1.0
201100008268,0011-04-15 13:15:00,11,4,15,13,15,740,43,,46.264,6.35,Plein jour,Hors agglomération,Hors intersection,Normale,Autre collision,,,,,,,,,,,1,1,1,1.0,6.0
201100008269,0011-04-19 13:30:00,11,4,19,13,30,740,293,Route de VEIGY (Suisse),,,Plein jour,Hors agglomération,Autre intersection,Normale,Deux véhicules - côté,,,,,,,,,,,1,1,9,1.0,3.0
201100008270,0011-04-21 18:00:00,11,4,21,18,0,740,263,RD 1005 / av de l'Eglise,46.335,6.379,Plein jour,En agglomération,Intersection en X,Normale,Deux véhicules - côté,,,,,,,,,,,1,2,2,1.0,3.0
201100008271,0011-05-21 16:15:00,11,5,21,16,15,740,210,,46.317,6.442,Plein jour,Hors agglomération,Hors intersection,Normale,Deux véhicules - frontale,,,,,,,,,,,1,1,1,1.0,1.0
201100008272,0011-05-21 13:15:00,11,5,21,13,15,740,5,,46.348,6.465,Plein jour,Hors agglomération,Hors intersection,Normale,Deux véhicules - côté,,,,,,,,,,,1,1,1,1.0,3.0
201100008273,0011-06-10 15:15:00,11,6,10,15,15,740,106,,46.31,6.47,Plein jour,Hors agglomération,Hors intersection,Normale,Autre collision,,,,,,,,,,,1,1,1,1.0,6.0
201100008274,0011-06-19 12:15:00,11,6,19,12,15,740,180,,46.336,6.293,Plein jour,Hors agglomération,Hors intersection,Normale,Deux véhicules - arrière,,,,,,,,,,,1,1,1,1.0,2.0
201100008275,0011-06-26 01:30:00,11,6,26,1,30,740,121,,46.368,6.348,Nuit sans éclairage public,Hors agglomération,Hors intersection,Normale,Sans collision,,,,,,,,,,,3,1,1,1.0,7.0
201100008276,0011-07-16 21:00:00,11,7,16,21,0,740,25,PARADIS/GRANDES VIGNES,46.302,6.323,Nuit avec éclairage allumé,Hors agglomération,Hors intersection,Normale,Sans collision,,,,,,,,,,,5,1,1,1.0,7.0
201100008277,0011-08-14 14:30:00,11,8,14,14,30,740,293,,46.277,6.245,Plein jour,Hors agglomération,Hors intersection,Normale,Deux véhicules - côté,,,,,,,,,,,1,1,1,1.0,3.0
201100008278,0011-08-19 21:00:00,11,8,19,21,0,740,163,ROUTE DES FREGATES,46.347,6.437,Plein jour,En agglomération,Hors intersection,Normale,Autre collision,,,,,,,,,,,1,2,1,1.0,6.0
201100008279,0011-08-22 17:30:00,11,8,22,17,30,740,5,,,,Plein jour,Hors agglomération,Hors intersection,Normale,Deux véhicules - côté,,,,,,,,,,,1,1,1,1.0,3.0
201100008280,0011-08-24 08:15:00,11,8,24,8,15,740,106,423 ROUTE DU PRIEURE,46.31,6.468,Plein jour,Hors agglomération,Hors intersection,Normale,Deux véhicules - côté,,,,,,,,,,,1,1,1,1.0,3.0
201100008281,0011-08-27 08:15:00,11,8,27,8,15,740,263,AVENUE DE BONNATRAIT,46.338,6.391,Plein jour,En agglomération,Hors intersection,Pluie légère,Autre collision,,,,,,,,,,,1,2,1,2.0,6.0
201100008282,0011-09-12 13:30:00,11,9,12,13,30,740,157,CH DES VALLIERES/HERMITA,46.348,6.509,Plein jour,Hors agglomération,Intersection en T,Normale,Deux véhicules - côté,,,,,,,,,,,1,1,3,1.0,3.0
201100008283,0011-09-16 23:00:00,11,9,16,23,0,740,163,,46.34,6.398,Nuit sans éclairage public,Hors agglomération,Hors intersection,Normale,Autre collision,,,,,,,,,,,3,1,1,1.0,6.0
201100008284,0011-09-15 21:00:00,11,9,15,21,0,740,263,avenue de bonnatrait,46.336,6.38,Nuit avec éclairage allumé,En agglomération,Hors intersection,Normale,Autre collision,,,,,,,,,,,5,2,1,1.0,6.0
201100008285,0011-09-24 12:15:00,11,9,24,12,15,740,171,,46.33,6.327,Plein jour,Hors agglomération,Hors intersection,Normale,Deux véhicules - frontale,,,,,,,,,,,1,1,1,1.0,1.0
201100008286,0011-10-13 17:30:00,11,10,13,17,30,740,105,Aubonne,46.304,6.284,Plein jour,En agglomération,Hors intersection,Normale,Deux véhicules - côté,,,,,,,,,,,1,2,1,1.0,3.0
201100008287,0011-10-23 15:30:00,11,10,23,15,30,740,263,avenue de Bonnatrait,,,Plein jour,En agglomération,Hors intersection,Normale,Deux véhicules - côté,,,,,,,,,,,1,2,1,1.0,3.0
201100008288,0011-12-02 17:15:00,11,12,2,17,15,740,105,,46.311,6.309,Nuit avec éclairage allumé,En agglomération,Hors intersection,Pluie légère,Autre collision,,,,,,,,,,,5,2,1,2.0,6.0
201100008289,0011-12-08 08:00:00,11,12,8,8,0,740,263,,,,Crépuscule ou aube,En agglomération,Hors intersection,Normale,Deux véhicules - côté,,,,,,,,,,,2,2,1,1.0,3.0
201100008290,0011-12-11 16:45:00,11,12,11,16,45,740,70,,46.294,6.27,Crépuscule ou aube,Hors agglomération,Hors intersection,Normale,Trois véhicules et plus - collisions multiples,,,,,,,,,,,2,1,1,1.0,5.0
201100008291,0011-12-12 07:45:00,11,12,12,7,45,740,163,,46.319,6.415,Nuit sans éclairage public,Hors agglomération,Hors intersection,Pluie forte,Trois véhicules et plus - collisions multiples,,,,,,,,,,,3,1,1,3.0,5.0
201100008292,0011-03-16 20:30:00,11,3,16,20,30,740,154,RD 24 / VC 9,,,Nuit sans éclairage public,En agglomération,Intersection en X,Normale,Deux véhicules - côté,,,,,,,,,,,3,2,2,1.0,3.0
201100008293,0011-04-03 21:30:00,11,4,3,21,30,740,154,Chemin du ROSIERE,,,Nuit sans éclairage public,Hors agglomération,Hors intersection,Normale,Autre collision,,,,,,,,,,,3,1,1,1.0,6.0
201100008294,0011-04-16 14:45:00,11,4,16,14,45,740,175,,,,Plein jour,Hors agglomération,Hors intersection,Normale,Deux véhicules - arrière,,,,,,,,,,,1,1,1,1.0,2.0
201100008295,0011-06-29 21:30:00,11,6,29,21,30,740,175,,,,Nuit sans éclairage public,Hors agglomération,Hors intersection,Pluie légère,Deux véhicules - frontale,,,,,,,,,,,3,1,1,2.0,1.0
201100008296,0011-08-06 12:15:00,11,8,6,12,15,740,146,RD32/CHEMIN DE CONCHE,,,Plein jour,Hors agglomération,Intersection en Y,Normale,Deux véhicules - frontale,,,,,,,,,,,1,1,4,1.0,1.0
201100008297,0011-10-03 08:30:00,11,10,3,8,30,740,237,,,,Plein jour,Hors agglomération,Hors intersection,Normale,Autre collision,,,,,,,,,,,1,1,1,1.0,6.0
201100008298,0011-12-15 21:00:00,11,12,15,21,0,740,175,ROUTE NATIONALE,,,Nuit sans éclairage public,Hors agglomération,Hors intersection,Pluie légère,Deux véhicules - frontale,,,,,,,,,,,3,1,1,2.0,1.0
201100008299,0011-01-23 09:30:00,11,1,23,9,30,740,191,1420 route de la plagne,46.196,6.692,Nuit avec éclairage allumé,En agglomération,Hors intersection,Normale,Deux véhicules - frontale,,,,,,,,,,,5,2,1,1.0,1.0
201100008300,0011-02-19 05:45:00,11,2,19,5,45,740,191,28  route des Gets,46.19,6.694,Nuit avec éclairage allumé,En agglomération,Hors intersection,Temps couvert,Deux véhicules - frontale,,,,,,,,,,,5,2,1,8.0,1.0
201100008301,0011-03-01 17:45:00,11,3,1,17,45,740,191,,46.187,6.713,Plein jour,Hors agglomération,Hors intersection,Temps couvert,Deux véhicules - côté,,,,,,,,,,,1,1,1,8.0,3.0
201100008302,0011-04-03 14:45:00,11,4,3,14,45,740,188,Route du Lac,,,Plein jour,Hors agglomération,Hors intersection,Normale,Sans collision,,,,,,,,,,,1,1,1,1.0,7.0
201100008303,0011-06-12 04:30:00,11,6,12,4,30,740,191,Route des grandes alpes,,,Nuit avec éclairage allumé,En agglomération,Hors intersection,Normale,Deux véhicules - frontale,,,,,,,,,,,5,2,1,1.0,1.0
201100008304,0011-06-13 18:45:00,11,6,13,18,45,740,191,Route d'AVORIAZ,46.192,6.721,Plein jour,Hors agglomération,Hors intersection,Normale,Sans collision,,,,,,,,,,,1,1,1,1.0,7.0
201100008305,0011-06-16 11:00:00,11,6,16,11,0,740,238,,46.251,6.638,Plein jour,Hors agglomération,Hors intersection,Normale,Deux véhicules - frontale,,,,,,,,,,,1,1,1,1.0,1.0
201100008306,0011-06-26 06:45:00,11,6,26,6,45,740,188,,,,Plein jour,Hors agglomération,Hors intersection,Temps éblouissant,Deux véhicules - frontale,,,,,,,,,,,1,1,1,7.0,1.0
201100008307,0011-07-12 08:15:00,11,7,12,8,15,740,34,,,,Plein jour,Hors agglomération,Intersection en Y,Normale,Deux véhicules - frontale,,,,,,,,,,,1,1,4,1.0,1.0
201100008308,0011-07-11 15:15:00,11,7,11,15,15,740,191,Les  balcons de MORZINE,46.188,6.713,Plein jour,Hors agglomération,Hors intersection,Normale,Autre collision,,,,,,,,,,,1,1,1,1.0,6.0
201100008309,0011-07-16 16:30:00,11,7,16,16,30,740,238,,46.251,6.638,Plein jour,Hors agglomération,Hors intersection,Normale,Trois véhicules et plus - collisions multiples,,,,,,,,,,,1,1,1,1.0,5.0
201100008310,0011-07-17 01:45:00,11,7,17,1,45,740,191,Route des Ardoisieres,,,Nuit avec éclairage allumé,En agglomération,Hors intersection,Normale,Deux véhicules - arrière,,,,,,,,,,,5,2,1,1.0,2.0
201100008311,0011-07-10 11:00:00,11,7,10,11,0,630,345,,45.713,3.059,Plein jour,Hors agglomération,Hors intersection,Pluie légère,Sans collision,,,,,,,,,,,1,1,1,2.0,7.0
201100008312,0011-08-05 23:30:00,11,8,5,23,30,630,417,,45.835,3.056,Nuit sans éclairage public,Hors agglomération,Hors intersection,Normale,Autre collision,,,,,,,,,,,3,1,1,1.0,6.0
201100008313,0011-09-25 02:00:00,11,9,25,2,0,630,307,,45.70623,3.09316,Nuit avec éclairage non allumé,Hors agglomération,Hors intersection,Normale,Autre collision,,,,,,,,,,,4,1,1,1.0,6.0
201100008314,0011-09-29 19:30:00,11,9,29,19,30,630,307,J Moulin/ rue H Barbusse,45.74373,3.10769,Plein jour,En agglomération,Intersection en X,Normale,Deux véhicules - côté,,,,,,,,,,,1,2,2,1.0,3.0
201100008315,0011-10-28 16:30:00,11,10,28,16,30,630,307,14-16 avenue Jean Moulin,45.73201,3.10081,Plein jour,En agglomération,Hors intersection,Temps couvert,Autre collision,,,,,,,,,,,1,2,1,8.0,6.0
201100008316,0011-11-26 15:30:00,11,11,26,15,30,630,307,rue des trois villes,,,Plein jour,En agglomération,Hors intersection,Normale,Deux véhicules - côté,,,,,,,,,,,1,2,1,1.0,3.0
201100008317,0011-02-04 05:30:00,11,2,4,5,30,630,453,,,,Nuit avec éclairage non allumé,Hors agglomération,Hors intersection,Normale,Autre collision,,,,,,,,,,,4,1,1,1.0,6.0
201100008318,0011-04-17 17:30:00,11,4,17,17,30,630,40,,45.75,3.328,Plein jour,Hors agglomération,Hors intersection,Normale,Autre collision,,,,,,,,,,,1,1,1,1.0,6.0
201100008319,0011-06-08 12:30:00,11,6,8,12,30,630,40,chemin Paulhat,,,Plein jour,En agglomération,Hors intersection,Normale,Deux véhicules - côté,,,,,,,,,,,1,2,1,1.0,3.0
201100008320,0011-06-13 14:00:00,11,6,13,14,0,630,157,,45.69815,3.4389,Plein jour,Hors agglomération,Intersection en T,Normale,Deux véhicules - côté,,,,,,,,,,,1,1,3,1.0,3.0
201100008321,0011-06-09 16:00:00,11,6,9,16,0,630,229,Rond Point,45.77907,3.3584,Plein jour,En agglomération,Giratoire,Normale,Deux véhicules - arrière,,,,,,,,,,,1,2,6,1.0,2.0
201100008322,0011-06-26 15:30:00,11,6,26,15,30,630,273,,45.734,3.215,Plein jour,Hors agglomération,Hors intersection,Normale,Autre collision,,,,,,,,,,,1,1,1,1.0,6.0
201100008323,0011-06-30 18:30:00,11,6,30,18,30,630,96,,45.753,3.303,Plein jour,Hors agglomération,Hors intersection,Temps éblouissant,Sans collision,,,,,,,,,,,1,1,1,7.0,7.0
201100008324,0011-07-10 17:45:00,11,7,10,17,45,630,106,,,,Plein jour,Hors agglomération,Hors intersection,Normale,Autre collision,,,,,,,,,,,1,1,1,1.0,6.0
201100008325,0011-07-21 20:30:00,11,7,21,20,30,630,40,,45.71111,3.32441,Plein jour,Hors agglomération,Hors intersection,Normale,Sans collision,,,,,,,,,,,1,1,1,1.0,7.0
201100008326,0011-08-31 17:45:00,11,8,31,17,45,630,239,,45.687,3.35,Plein jour,Hors agglomération,Hors intersection,Normale,Autre collision,,,,,,,,,,,1,1,1,1.0,6.0
201100008327,0011-09-22 10:00:00,11,9,22,10,0,630,157,,,,Plein jour,Hors agglomération,Hors intersection,Normale,Deux véhicules - frontale,,,,,,,,,,,1,1,1,1.0,1.0
201100008328,0011-10-01 20:30:00,11,10,1,20,30,630,40,Ave. Cohalion -n? 67-,45.72347,3.34832,Nuit avec éclairage allumé,En agglomération,Hors intersection,Normale,Autre collision,,,,,,,,,,,5,2,1,1.0,6.0
201100008329,0011-10-16 17:45:00,11,10,16,17,45,630,155,,,,Plein jour,Hors agglomération,Hors intersection,Normale,Sans collision,,,,,,,,,,,1,1,1,1.0,7.0
201100008330,0011-04-06 15:45:00,11,4,6,15,45,630,47,,,,Plein jour,Hors agglomération,Hors intersection,Normale,Autre collision,,,,,,,,,,,1,1,1,1.0,6.0
201100008331,0011-04-10 04:00:00,11,4,10,4,0,630,397,all?e des tilleuls,45.61023,2.68848,Nuit sans éclairage public,En agglomération,Hors intersection,Normale,Autre collision,,,,,,,,,,,3,2,1,1.0,6.0
201100008332,0011-06-12 12:15:00,11,6,12,12,15,630,236,,45.595,2.825,Plein jour,Hors agglomération,Hors intersection,Normale,Sans collision,,,,,,,,,,,1,1,1,1.0,7.0
201100008333,0011-06-25 04:30:00,11,6,25,4,30,630,47,,45.592,2.729,Nuit sans éclairage public,Hors agglomération,Autre intersection,Normale,Autre collision,,,,,,,,,,,3,1,9,1.0,6.0
201100008334,0011-08-20 06:15:00,11,8,20,6,15,630,397,,45.621,2.716,Crépuscule ou aube,Hors agglomération,Hors intersection,Normale,Autre collision,,,,,,,,,,,2,1,1,1.0,6.0
201100008335,0011-10-08 04:00:00,11,10,8,4,0,630,437,,45.5,2.579,Nuit sans éclairage public,Hors agglomération,Hors intersection,Pluie légère,Autre collision,,,,,,,,,,,3,1,1,2.0,6.0
201100008336,0011-02-27 19:30:00,11,2,27,19,30,630,345,,45.7008,3.005,Nuit sans éclairage public,Hors agglomération,Intersection en X,Normale,Trois véhicules et plus - collisions multiples,,,,,,,,,,,3,1,2,1.0,5.0
201100008337,0011-10-31 17:15:00,11,10,31,17,15,630,263,,,,Plein jour,Hors agglomération,Hors intersection,Normale,Autre collision,,,,,,,,,,,1,1,1,1.0,6.0
201100008338,0011-12-22 16:30:00,11,12,22,16,30,630,141,,,,Plein jour,Hors agglomération,Hors intersection,Pluie légère,Trois véhicules et plus - collisions multiples,,,,,,,,,,,1,1,1,2.0,5.0
201100008339,0011-01-10 05:15:00,11,1,10,5,15,630,284,55 avenue de lyon,45.78893,3.26576,Nuit avec éclairage allumé,En agglomération,Hors intersection,Pluie légère,Autre collision,,,,,,,,,,,5,2,1,2.0,6.0
201100008340,0011-03-11 15:45:00,11,3,11,15,45,630,204,grande rue,,,Plein jour,En agglomération,Hors intersection,Normale,Deux véhicules - côté,,,,,,,,,,,1,2,1,1.0,3.0
201100008341,0011-06-19 22:30:00,11,6,19,22,30,630,213,Rue Henri POURRAT,45.83701,3.26876,Nuit avec éclairage allumé,En agglomération,Hors intersection,Normale,Autre collision,,,,,,,,,,,5,2,1,1.0,6.0
201100008342,0011-06-26 06:45:00,11,6,26,6,45,630,213,ROUTE DE RIOM CORMEDE,,,Plein jour,En agglomération,Hors intersection,Normale,Deux véhicules - frontale,,,,,,,,,,,1,2,1,1.0,1.0
201100008343,0011-06-26 11:30:00,11,6,26,11,30,630,284,,45.8402,3.23201,Plein jour,Hors agglomération,Hors intersection,Normale,Sans collision,,,,,,,,,,,1,1,1,1.0,7.0
201100008344,0011-07-01 17:00:00,11,7,1,17,0,630,284,,45.78568,3.25293,Plein jour,Hors agglomération,Intersection en T,Normale,Deux véhicules - frontale,,,,,,,,,,,1,1,3,1.0,1.0
201100008345,0011-09-03 14:30:00,11,9,3,14,30,630,284,ave de lyon,,,Plein jour,En agglomération,Hors intersection,Normale,Deux véhicules - côté,,,,,,,,,,,1,2,1,1.0,3.0
201100008346,0011-09-28 07:45:00,11,9,28,7,45,630,284,chemin des Littes,45.79725,3.22895,Plein jour,En agglomération,Hors intersection,Normale,Deux véhicules - côté,,,,,,,,,,,1,2,1,1.0,3.0
201100008347,0011-10-29 15:15:00,11,10,29,15,15,630,284,Avenue Roger Prat,,,Plein jour,En agglomération,Hors intersection,Normale,Deux véhicules - côté,,,,,,,,,,,1,2,1,1.0,3.0
201100008348,0011-11-01 17:30:00,11,11,1,17,30,630,133,,,,Plein jour,Hors agglomération,Hors intersection,Normale,Deux véhicules - côté,,,,,,,,,,,1,1,1,1.0,3.0
201100008349,0011-11-09 08:30:00,11,11,9,8,30,630,284,,,,Plein jour,Hors agglomération,Hors intersection,Normale,Deux véhicules - côté,,,,,,,,,,,1,1,1,1.0,3.0
201100008350,0011-12-12 06:00:00,11,12,12,6,0,630,133,,,,Nuit sans éclairage public,Hors agglomération,Hors intersection,Pluie légère,Deux véhicules - frontale,,,,,,,,,,,3,1,1,2.0,1.0
201100008351,0011-08-05 16:45:00,11,8,5,16,45,630,386,,45.742,2.845,Plein jour,Hors agglomération,Hors intersection,Normale,Deux véhicules - frontale,,,,,,,,,,,1,1,1,1.0,1.0
201100008352,0011-10-06 17:45:00,11,10,6,17,45,630,305,RD 2089,,,Plein jour,En agglomération,Hors intersection,Pluie légère,Deux véhicules - frontale,,,,,,,,,,,1,2,1,2.0,1.0
201100008353,0011-10-20 20:45:00,11,10,20,20,45,630,326,,45.716,2.863,Nuit sans éclairage public,Hors agglomération,Hors intersection,Normale,Deux véhicules - frontale,,,,,,,,,,,3,1,1,1.0,1.0
201100008354,0011-11-01 03:30:00,11,11,1,3,30,630,257,,,,Nuit sans éclairage public,Hors agglomération,Hors intersection,Normale,Autre collision,,,,,,,,,,,3,1,1,1.0,6.0
201100008355,0011-01-12 07:45:00,11,1,12,7,45,630,214,,45.6863,3.1953,Nuit sans éclairage public,Hors agglomération,Hors intersection,Pluie légère,Autre collision,,,,,,,,,,,3,1,1,2.0,6.0
201100008356,0011-03-13 18:00:00,11,3,13,18,0,630,126,,45.6767,3.1202,Plein jour,Hors agglomération,Hors intersection,Pluie légère,Deux véhicules - côté,,,,,,,,,,,1,1,1,2.0,3.0
201100008357,0011-04-10 02:45:00,11,4,10,2,45,630,126,,,,Nuit sans éclairage public,Hors agglomération,Hors intersection,Normale,Autre collision,,,,,,,,,,,3,1,1,1.0,6.0
201100008358,0011-04-28 05:15:00,11,4,28,5,15,630,26,,,,Nuit sans éclairage public,Hors agglomération,Hors intersection,Normale,Autre collision,,,,,,,,,,,3,1,1,1.0,6.0
201100008359,0011-05-24 08:00:00,11,5,24,8,0,630,457,boulevard du Comte,45.667,3.207,Plein jour,En agglomération,Hors intersection,Normale,Autre collision,,,,,,,,,,,1,2,1,1.0,6.0
201100008360,0011-05-24 16:45:00,11,5,24,16,45,630,457,,45.648,3.232,Plein jour,Hors agglomération,Hors intersection,Normale,Autre collision,,,,,,,,,,,1,1,1,1.0,6.0
201100008361,0011-05-25 17:45:00,11,5,25,17,45,630,396,,45.665,3.069,Plein jour,Hors agglomération,Autre intersection,Normale,Deux véhicules - côté,,,,,,,,,,,1,1,9,1.0,3.0
201100008362,0011-06-04 21:30:00,11,6,4,21,30,630,455,,,,Crépuscule ou aube,Hors agglomération,Hors intersection,Normale,Sans collision,,,,,,,,,,,2,1,1,1.0,7.0
201100008363,0011-07-11 18:45:00,11,7,11,18,45,630,396,,,,Plein jour,Hors agglomération,Hors intersection,Normale,Deux véhicules - frontale,,,,,,,,,,,1,1,1,1.0,1.0
201100008364,0011-07-24 10:45:00,11,7,24,10,45,630,405,,45.654,3.263,Plein jour,Hors agglomération,Hors intersection,Normale,Trois véhicules et plus - collisions multiples,,,,,,,,,,,1,1,1,1.0,5.0
201100008365,0011-08-07 14:30:00,11,8,7,14,30,630,84,,45.709,3.043,Plein jour,Hors agglomération,Hors intersection,Normale,Trois véhicules et plus - collisions multiples,,,,,,,,,,,1,1,1,1.0,5.0
201100008366,0011-08-28 18:30:00,11,8,28,18,30,630,457,RUE DES GRANDS CREUX,,,Plein jour,En agglomération,Hors intersection,Normale,Deux véhicules - côté,,,,,,,,,,,1,2,1,1.0,3.0