accident_id,datetime,annee,mois,jour,heure,minute,departement,commune_insee,adresse,latitude,longitude,luminosite,agglomeration,intersection,meteo,collision,nb_vehicules,nb_usagers,nb_indemnes,nb_tues,nb_blesses_hosp,nb_blesses_legers,age_cond_1,age_cond_2,veh_type_cond_1,veh_type_cond_2,lum_code,agg_code,int_code,atm_code,col_code
201100008367,0011-08-30 14:30:00,11,8,30,14,30,630,449,,45.615,2.934,Plein jour,Hors agglomération,Intersection en T,Normale,Deux véhicules - frontale,,,,,,,,,,,1,1,3,1.0,1.0
201100008368,0011-09-30 20:45:00,11,9,30,20,45,630,396,,,,Nuit sans éclairage public,Hors agglomération,Hors intersection,Normale,Deux véhicules - frontale,,,,,,,,,,,3,1,1,1.0,1.0
201100008369,0011-10-05 08:45:00,11,10,5,8,45,630,306,,,,Plein jour,Hors agglomération,Intersection en T,Normale,Deux véhicules - côté,,,,,,,,,,,1,1,3,1.0,3.0
201100008370,0011-10-23 19:15:00,11,10,23,19,15,630,457,route d'enval,,,Crépuscule ou aube,En agglomération,Hors intersection,Normale,Deux véhicules - frontale,,,,,,,,,,,2,2,1,1.0,1.0
201100008371,0011-11-19 00:01:00,11,11,19,0,1,630,282,Avenue Guyot Dessaigne,,,Nuit avec éclairage allumé,En agglomération,Hors intersection,Normale,Deux véhicules - côté,,,,,,,,,,,5,2,1,1.0,3.0
201100008372,0011-11-24 10:15:00,11,11,24,10,15,630,214,RUE PIERRE LE CANADIEN,,,Plein jour,En agglomération,Hors intersection,Normale,Autre collision,,,,,,,,,,,1,2,1,1.0,6.0
201100008373,0011-12-27 03:45:00,11,12,27,3,45,630,84,,,,Nuit sans éclairage public,Hors agglomération,Hors intersection,Temps couvert,Autre collision,,,,,,,,,,,3,1,1,8.0,6.0
201100008374,0011-04-16 18:00:00,11,4,16,18,0,630,81,,,,Plein jour,Hors agglomération,Hors intersection,Normale,Autre collision,,,,,,,,,,,1,1,1,1.0,6.0
201100008375,0011-04-17 03:45:00,11,4,17,3,45,630,211,"lieu-dit""",45.4811,3.7435,Nuit sans éclairage public,Hors agglomération,Hors intersection,Normale,Autre collision,,,,,,,,,,,3,1,1,1.0,6.0
201100008376,0011-04-19 17:00:00,11,4,19,17,0,630,3,,45.56,3.749,Plein jour,Hors agglomération,Hors intersection,Normale,Autre collision,,,,,,,,,,,1,1,1,1.0,6.0
201100008377,0011-07-02 16:15:00,11,7,2,16,15,630,10,,45.427,3.726,Plein jour,Hors agglomération,Hors intersection,Normale,Deux véhicules - frontale,,,,,,,,,,,1,1,1,1.0,1.0
201100008378,0011-07-30 06:00:00,11,7,30,6,0,630,139,,45.357,3.746,Crépuscule ou aube,Hors agglomération,Hors intersection,Normale,Autre collision,,,,,,,,,,,2,1,1,1.0,6.0
201100008379,0011-08-05 21:30:00,11,8,5,21,30,630,3,,,,Plein jour,Hors agglomération,Hors intersection,Normale,Sans collision,,,,,,,,,,,1,1,1,1.0,7.0
201100008380,0011-11-24 17:45:00,11,11,24,17,45,630,10,,45.441,3.725,Nuit sans éclairage public,Hors agglomération,Hors intersection,Normale,Deux véhicules - frontale,,,,,,,,,,,3,1,1,1.0,1.0
201100008381,0011-12-01 17:45:00,11,12,1,17,45,630,3,,45.551,3.71,Nuit sans éclairage public,Hors agglomération,Hors intersection,Normale,Deux véhicules - frontale,,,,,,,,,,,3,1,1,1.0,1.0
201100008382,0011-12-15 10:00:00,11,12,15,10,0,630,3,Place Saint Jean,45.55049,3.73979,Plein jour,En agglomération,Place,Normale,Autre collision,,,,,,,,,,,1,2,7,1.0,6.0
201100008383,0011-12-18 05:00:00,11,12,18,5,0,630,3,55 avenue de lyon,45.54666,3.74897,Nuit avec éclairage allumé,En agglomération,Hors intersection,Neige / grêle,Autre collision,,,,,,,,,,,5,2,1,4.0,6.0
201100008384,0011-02-27 22:00:00,11,2,27,22,0,630,454,Dore,45.6435,3.7051,Nuit avec éclairage allumé,En agglomération,Hors intersection,Pluie forte,Autre collision,,,,,,,,,,,5,2,1,3.0,6.0
201100008385,0011-06-08 10:45:00,11,6,8,10,45,630,207,,,,Plein jour,Hors agglomération,Hors intersection,Normale,Deux véhicules - frontale,,,,,,,,,,,1,1,1,1.0,1.0
201100008386,0011-06-10 12:00:00,11,6,10,12,0,630,56,,,,Plein jour,Hors agglomération,Hors intersection,Pluie légère,Sans collision,,,,,,,,,,,1,1,1,2.0,7.0
201100008387,0011-09-13 16:30:00,11,9,13,16,30,630,207,,,,Plein jour,Hors agglomération,Hors intersection,Normale,Deux véhicules - côté,,,,,,,,,,,1,1,1,1.0,3.0
201100008388,0011-10-04 16:15:00,11,10,4,16,15,630,23,,,,Plein jour,Hors agglomération,Hors intersection,Normale,Deux véhicules - côté,,,,,,,,,,,1,1,1,1.0,3.0
201100008389,0011-10-15 14:45:00,11,10,15,14,45,630,56,,45.584,3.462,Plein jour,Hors agglomération,Hors intersection,Normale,Autre collision,,,,,,,,,,,1,1,1,1.0,6.0
201100008390,0011-05-07 12:00:00,11,5,7,12,0,630,412,,45.42291,3.85138,Plein jour,Hors agglomération,Hors intersection,Temps éblouissant,Deux véhicules - frontale,,,,,,,,,,,1,1,1,7.0,1.0
201100008391,0011-06-21 19:45:00,11,6,21,19,45,630,465,,45.423,3.898,Plein jour,Hors agglomération,Hors intersection,Pluie légère,Autre collision,,,,,,,,,,,1,1,1,2.0,6.0
201100008392,0011-10-08 10:45:00,11,10,8,10,45,630,147,,45.467,3.887,Plein jour,Hors agglomération,Hors intersection,Pluie légère,Sans collision,,,,,,,,,,,1,1,1,2.0,7.0
201100008393,0011-11-20 05:00:00,11,11,20,5,0,630,394,,45.497,3.902,Nuit sans éclairage public,Hors agglomération,Hors intersection,Normale,Autre collision,,,,,,,,,,,3,1,1,1.0,6.0
201100008394,0011-03-28 08:15:00,11,3,28,8,15,630,178,route de clermont,45.5656,3.251,Nuit avec éclairage allumé,En agglomération,Hors intersection,Pluie légère,Autre collision,,,,,,,,,,,5,2,1,2.0,6.0
201100008395,0011-04-22 09:15:00,11,4,22,9,15,630,435,,45.545,3.15,Plein jour,Hors agglomération,Hors intersection,Normale,Sans collision,,,,,,,,,,,1,1,1,1.0,7.0
201100008396,0011-04-26 14:45:00,11,4,26,14,45,630,234,,45.575,3.061,Plein jour,Hors agglomération,Hors intersection,Normale,Deux véhicules - côté,,,,,,,,,,,1,1,1,1.0,3.0
201100008397,0011-05-12 22:30:00,11,5,12,22,30,630,80,,45.578,3.12,Nuit sans éclairage public,Hors agglomération,Hors intersection,Autre,Sans collision,,,,,,,,,,,3,1,1,9.0,7.0
201100008398,0011-05-22 12:45:00,11,5,22,12,45,630,121,,,,Plein jour,Hors agglomération,Hors intersection,Normale,Sans collision,,,,,,,,,,,1,1,1,1.0,7.0
201100008399,0011-08-21 18:00:00,11,8,21,18,0,630,250,vc chemin des vergers,45.59022,3.16893,Plein jour,Hors agglomération,Hors intersection,Normale,Deux véhicules - arrière,,,,,,,,,,,1,1,1,1.0,2.0
201100008400,0011-08-27 05:30:00,11,8,27,5,30,630,268,,,,Nuit sans éclairage public,Hors agglomération,Hors intersection,Pluie légère,Sans collision,,,,,,,,,,,3,1,1,2.0,7.0
201100008401,0011-09-02 18:00:00,11,9,2,18,0,630,178,Rd Chabrier/ G Romme,45.55096,3.26517,Plein jour,En agglomération,Intersection en T,Normale,Deux véhicules - frontale,,,,,,,,,,,1,2,3,1.0,1.0
201100008402,0011-09-10 13:00:00,11,9,10,13,0,630,234,,45.582,3.073,Plein jour,Hors agglomération,Hors intersection,Normale,Deux véhicules - frontale,,,,,,,,,,,1,1,1,1.0,1.0
201100008403,0011-10-06 18:30:00,11,10,6,18,30,630,222,,45.554,3.163,Crépuscule ou aube,Hors agglomération,Hors intersection,Normale,Deux véhicules - côté,,,,,,,,,,,2,1,1,1.0,3.0
201100008404,0011-10-07 17:00:00,11,10,7,17,0,630,178,21 bd Triozon BAYLE,45.54571,3.24773,Plein jour,En agglomération,Hors intersection,Normale,Autre collision,,,,,,,,,,,1,2,1,1.0,6.0
201100008405,0011-10-21 14:15:00,11,10,21,14,15,630,261,,45.588,3.273,Plein jour,Hors agglomération,Hors intersection,Normale,Autre collision,,,,,,,,,,,1,1,1,1.0,6.0
201100008406,0011-02-27 09:45:00,11,2,27,9,45,630,38,,45.4829,2.8598,Plein jour,Hors agglomération,Hors intersection,Temps couvert,Deux véhicules - frontale,,,,,,,,,,,1,1,1,8.0,1.0
201100008407,0011-03-01 21:00:00,11,3,1,21,0,630,401,le bourg,45.5518,2.9416,Nuit avec éclairage allumé,En agglomération,Hors intersection,Brouillard / fumée,Sans collision,,,,,,,,,,,5,2,1,5.0,7.0
201100008408,0011-06-30 18:15:00,11,6,30,18,15,630,383,,,,Plein jour,Hors agglomération,Hors intersection,Normale,Sans collision,,,,,,,,,,,1,1,1,1.0,7.0
201100008409,0011-07-31 15:30:00,11,7,31,15,30,630,247,,45.595,2.934,Plein jour,Hors agglomération,Hors intersection,Normale,Sans collision,,,,,,,,,,,1,1,1,1.0,7.0
201100008410,0011-08-08 10:30:00,11,8,8,10,30,630,117,,45.428,2.941,Plein jour,Hors agglomération,Hors intersection,Pluie légère,Sans collision,,,,,,,,,,,1,1,1,2.0,7.0
201100008411,0011-09-30 15:45:00,11,9,30,15,45,630,77,,45.564,2.869,Plein jour,Hors agglomération,Hors intersection,Normale,Sans collision,,,,,,,,,,,1,1,1,1.0,7.0
201100008412,0011-03-24 20:00:00,11,3,24,20,0,630,50,avenue de sainte florine,45.4077,3.325,Nuit avec éclairage allumé,En agglomération,Hors intersection,Normale,Deux véhicules - frontale,,,,,,,,,,,5,2,1,1.0,1.0
201100008413,0011-05-08 05:15:00,11,5,8,5,15,630,423,,,,Crépuscule ou aube,Hors agglomération,Hors intersection,Normale,Sans collision,,,,,,,,,,,2,1,1,1.0,7.0
201100008414,0011-05-25 07:15:00,11,5,25,7,15,630,91,D76C - Av Jean JAURES,45.41852,3.28455,Crépuscule ou aube,En agglomération,Hors intersection,Temps éblouissant,Autre collision,,,,,,,,,,,2,2,1,7.0,6.0
201100008415,0011-05-16 08:45:00,11,5,16,8,45,630,50,avenue de Charbonnier,,,Plein jour,En agglomération,Hors intersection,Normale,Sans collision,,,,,,,,,,,1,2,1,1.0,7.0
201100008416,0011-06-19 00:30:00,11,6,19,0,30,630,50,21 Av du Chateau,45.41092,3.32932,Nuit sans éclairage public,En agglomération,Hors intersection,Normale,Autre collision,,,,,,,,,,,3,2,1,1.0,6.0
201100008417,0011-07-26 14:30:00,11,7,26,14,30,630,340,,,,Plein jour,Hors agglomération,Hors intersection,Pluie légère,Deux véhicules - frontale,,,,,,,,,,,1,1,1,2.0,1.0
201100008418,0011-09-11 19:15:00,11,9,11,19,15,630,423,Le bourg (2m après RD9),45.60133,3.40739,Plein jour,En agglomération,Hors intersection,Normale,Deux véhicules - côté,,,,,,,,,,,1,2,1,1.0,3.0
201100008419,0011-10-01 23:45:00,11,10,1,23,45,630,22,,,,Nuit sans éclairage public,Hors agglomération,Hors intersection,Normale,Deux véhicules - frontale,,,,,,,,,,,3,1,1,1.0,1.0
201100008420,0011-11-30 18:30:00,11,11,30,18,30,630,182,rue du pont d'allier,,,Nuit avec éclairage allumé,En agglomération,Hors intersection,Normale,Autre collision,,,,,,,,,,,5,2,1,1.0,6.0
201100008421,0011-04-02 14:45:00,11,4,2,14,45,630,5,,45.49674,3.18377,Plein jour,Hors agglomération,Intersection en X,Normale,Deux véhicules - côté,,,,,,,,,,,1,1,2,1.0,3.0
201100008422,0011-09-02 18:30:00,11,9,2,18,30,630,9,rue du pont,45.409,3.122,Plein jour,En agglomération,Hors intersection,Normale,Deux véhicules - frontale,,,,,,,,,,,1,2,1,1.0,1.0
201100008423,0011-09-06 18:30:00,11,9,6,18,30,630,52,,45.467,3.286,Plein jour,Hors agglomération,Hors intersection,Temps éblouissant,Deux véhicules - frontale,,,,,,,,,,,1,1,1,7.0,1.0
201100008424,0011-11-10 07:45:00,11,11,10,7,45,630,17,,45.425,3.178,Plein jour,Hors agglomération,Hors intersection,Normale,Deux véhicules - frontale,,,,,,,,,,,1,1,1,1.0,1.0
201100008425,0011-11-11 15:00:00,11,11,11,15,0,630,5,,45.5,3.169,Plein jour,Hors agglomération,Hors intersection,Normale,Deux véhicules - côté,,,,,,,,,,,1,1,1,1.0,3.0
201100008426,0011-01-19 20:30:00,11,1,19,20,30,630,99,Rond-point des Cluzelles,45.8544,3.0858,Nuit avec éclairage allumé,En agglomération,Giratoire,Normale,Autre collision,,,,,,,,,,,5,2,6,1.0,6.0
201100008427,0011-07-03 19:30:00,11,7,3,19,30,630,92,les bruyères (st-Hyppoly,,,Plein jour,Hors agglomération,Hors intersection,Normale,Sans collision,,,,,,,,,,,1,1,1,1.0,7.0
201100008428,0011-08-26 16:45:00,11,8,26,16,45,630,470,,,,Plein jour,Hors agglomération,Hors intersection,Normale,Autre collision,,,,,,,,,,,1,1,1,1.0,6.0
201100008429,0011-09-27 23:30:00,11,9,27,23,30,630,99,,,,Nuit avec éclairage allumé,Hors agglomération,Hors intersection,Normale,Autre collision,,,,,,,,,,,5,1,1,1.0,6.0
201100008430,0011-11-22 15:15:00,11,11,22,15,15,630,203,,,,Plein jour,Hors agglomération,Hors intersection,Normale,Deux véhicules - frontale,,,,,,,,,,,1,1,1,1.0,1.0
201100008431,0011-12-24 04:15:00,11,12,24,4,15,630,470,,,,Nuit sans éclairage public,Hors agglomération,Hors intersection,Pluie légère,Autre collision,,,,,,,,,,,3,1,1,2.0,6.0
201100008432,0011-02-01 07:15:00,11,2,1,7,15,630,432,,45.989,3.2724,Nuit avec éclairage allumé,Hors agglomération,Hors intersection,Normale,Trois véhicules et plus - collisions multiples,,,,,,,,,,,5,1,1,1.0,5.0
201100008433,0011-02-13 18:15:00,11,2,13,18,15,630,1,,,,Nuit sans éclairage public,Hors agglomération,Hors intersection,Temps couvert,Trois véhicules et plus - collisions multiples,,,,,,,,,,,3,1,1,8.0,5.0
201100008434,0011-02-27 03:45:00,11,2,27,3,45,630,327,,,,Nuit sans éclairage public,Hors agglomération,Hors intersection,Temps couvert,Autre collision,,,,,,,,,,,3,1,1,8.0,6.0
201100008435,0011-03-18 19:45:00,11,3,18,19,45,630,432,,45.989,3.248,Nuit sans éclairage public,Hors agglomération,Hors intersection,Normale,Trois véhicules et plus - collisions multiples,,,,,,,,,,,3,1,1,1.0,5.0
201100008436,0011-04-16 14:00:00,11,4,16,14,0,630,1,27 all?e du pr?-monsieur,46.02733,3.20947,Plein jour,En agglomération,Hors intersection,Normale,Autre collision,,,,,,,,,,,1,2,1,1.0,6.0
201100008437,0011-05-30 16:30:00,11,5,30,16,30,630,1,N?6 Grande rue,46.0221,3.20182,Plein jour,En agglomération,Hors intersection,Normale,Autre collision,,,,,,,,,,,1,2,1,1.0,6.0
201100008438,0011-08-14 02:45:00,11,8,14,2,45,630,108,RD 2009,,,Nuit avec éclairage allumé,En agglomération,Hors intersection,Normale,Sans collision,,,,,,,,,,,5,2,1,1.0,7.0
201100008439,0011-08-17 21:15:00,11,8,17,21,15,630,432,face ? la salle des f?te,45.97069,3.25763,Nuit avec éclairage allumé,En agglomération,Intersection en T,Normale,Autre collision,,,,,,,,,,,5,2,3,1.0,6.0
201100008440,0011-09-28 12:30:00,11,9,28,12,30,630,181,,,,Plein jour,Hors agglomération,Hors intersection,Normale,Deux véhicules - frontale,,,,,,,,,,,1,1,1,1.0,1.0
201100008441,0011-12-17 18:30:00,11,12,17,18,30,630,116,,,,Nuit sans éclairage public,Hors agglomération,Hors intersection,Pluie légère,Deux véhicules - arrière,,,,,,,,,,,3,1,1,2.0,2.0
201100008442,0011-01-31 19:30:00,11,1,31,19,30,630,89,18 Route d'Entraigues,45.8707,3.2229,Nuit avec éclairage allumé,En agglomération,Intersection en X,Normale,Deux véhicules - frontale,,,,,,,,,,,5,2,2,1.0,1.0
201100008443,0011-04-27 15:30:00,11,4,27,15,30,630,372,,,,Plein jour,Hors agglomération,Hors intersection,Normale,Sans collision,,,,,,,,,,,1,1,1,1.0,7.0
201100008444,0011-06-08 14:00:00,11,6,8,14,0,630,443,,,,Plein jour,Hors agglomération,Hors intersection,Normale,Deux véhicules - frontale,,,,,,,,,,,1,1,1,1.0,1.0
201100008445,0011-06-15 14:45:00,11,6,15,14,45,630,362,rue du val de morge,,,Plein jour,En agglomération,Hors intersection,Normale,Deux véhicules - frontale,,,,,,,,,,,1,2,1,1.0,1.0
201100008446,0011-06-20 08:15:00,11,6,20,8,15,630,148,,,,Plein jour,Hors agglomération,Hors intersection,Normale,Autre collision,,,,,,,,,,,1,1,1,1.0,6.0
201100008447,0011-07-06 13:00:00,11,7,6,13,0,630,372,,45.911,3.311,Plein jour,Hors agglomération,Hors intersection,Normale,Autre collision,,,,,,,,,,,1,1,1,1.0,6.0
201100008448,0011-07-23 14:45:00,11,7,23,14,45,630,362,,45.92579,3.24577,Plein jour,Hors agglomération,Intersection en X,Normale,Deux véhicules - côté,,,,,,,,,,,1,1,2,1.0,3.0
201100008449,0011-09-02 17:45:00,11,9,2,17,45,630,372,,45.91294,3.32156,Plein jour,Hors agglomération,Hors intersection,Normale,Autre collision,,,,,,,,,,,1,1,1,1.0,6.0
201100008450,0011-09-03 10:15:00,11,9,3,10,15,630,459,,,,Plein jour,Hors agglomération,Hors intersection,Normale,Deux véhicules - arrière,,,,,,,,,,,1,1,1,1.0,2.0
201100008451,0011-09-17 19:45:00,11,9,17,19,45,630,149,Rue de la planche,45.89177,3.2648,Crépuscule ou aube,En agglomération,Hors intersection,Normale,Autre collision,,,,,,,,,,,2,2,1,1.0,6.0
201100008452,0011-10-03 08:30:00,11,10,3,8,30,630,387,,,,Plein jour,Hors agglomération,Hors intersection,Normale,Autre collision,,,,,,,,,,,1,1,1,1.0,6.0
201100008453,0011-10-27 15:15:00,11,10,27,15,15,630,89,,45.881,3.219,Plein jour,Hors agglomération,Hors intersection,Normale,Deux véhicules - arrière,,,,,,,,,,,1,1,1,1.0,2.0
201100008454,0011-10-31 07:30:00,11,10,31,7,30,630,332,d?partementale D210,46.001,3.301,Plein jour,En agglomération,Hors intersection,Normale,Deux véhicules - côté,,,,,,,,,,,1,2,1,1.0,3.0
201100008455,0011-11-20 04:45:00,11,11,20,4,45,630,400,beauvezet,46.046,3.361,Nuit avec éclairage allumé,En agglomération,Hors intersection,Normale,Sans collision,,,,,,,,,,,5,2,1,1.0,7.0
201100008456,0011-12-04 19:15:00,11,12,4,19,15,630,148,23 route de Clermont,45.89238,3.22464,Nuit avec éclairage allumé,En agglomération,Hors intersection,Normale,Deux véhicules - arrière,,,,,,,,,,,5,2,1,1.0,2.0
201100008457,0011-12-19 04:00:00,11,12,19,4,0,630,400,,,,Nuit avec éclairage allumé,Hors agglomération,Hors intersection,Neige / grêle,Autre collision,,,,,,,,,,,5,1,1,4.0,6.0
201100008458,0011-05-01 14:45:00,11,5,1,14,45,630,283,Rue de Niederwerth,45.874,2.673,Plein jour,En agglomération,Hors intersection,Normale,Deux véhicules - côté,,,,,,,,,,,1,2,1,1.0,3.0
201100008459,0011-09-18 14:00:00,11,9,18,14,0,630,118,,,,Plein jour,Hors agglomération,Hors intersection,Normale,Autre collision,,,,,,,,,,,1,1,1,1.0,6.0
201100008460,0011-09-20 18:30:00,11,9,20,18,30,630,320,,45.87921,2.52995,Crépuscule ou aube,Hors agglomération,Hors intersection,Normale,Deux véhicules - frontale,,,,,,,,,,,2,1,1,1.0,1.0
201100008461,0011-11-22 13:30:00,11,11,22,13,30,630,381,,45.838,2.883,Plein jour,Hors agglomération,Hors intersection,Normale,Deux véhicules - arrière,,,,,,,,,,,1,1,1,1.0,2.0
201100008462,0011-04-01 14:30:00,11,4,1,14,30,630,338,,46.15397,2.83893,Plein jour,Hors agglomération,Hors intersection,Normale,Deux véhicules - frontale,,,,,,,,,,,1,1,1,1.0,1.0
201100008463,0011-04-22 21:30:00,11,4,22,21,30,630,447,,46.041,2.611,Nuit sans éclairage public,Hors agglomération,Hors intersection,Normale,Sans collision,,,,,,,,,,,3,1,1,1.0,7.0
201100008464,0011-05-21 16:30:00,11,5,21,16,30,630,338,,46.05,2.581,Plein jour,Hors agglomération,Hors intersection,Pluie légère,Sans collision,,,,,,,,,,,1,1,1,2.0,7.0
201100008465,0011-05-29 07:00:00,11,5,29,7,0,630,223,,,,Crépuscule ou aube,Hors agglomération,Hors intersection,Normale,Sans collision,,,,,,,,,,,2,1,1,1.0,7.0
201100008466,0011-06-01 14:00:00,11,6,1,14,0,630,338,rue du theix,46.162,2.833,Plein jour,En agglomération,Hors intersection,Normale,Deux véhicules - côté,,,,,,,,,,,1,2,1,1.0,3.0
201100008467,0011-10-07 19:45:00,11,10,7,19,45,630,382,D2144,46.058,3.023,Nuit avec éclairage allumé,En agglomération,Hors intersection,Pluie légère,Deux véhicules - frontale,,,,,,,,,,,5,2,1,2.0,1.0
201100008468,0011-10-08 02:15:00,11,10,8,2,15,630,390,,46.115,3.086,Nuit avec éclairage allumé,Hors agglomération,Hors intersection,Pluie légère,Autre collision,,,,,,,,,,,5,1,1,2.0,6.0
201100008469,0011-11-25 18:15:00,11,11,25,18,15,630,11,,46.197,2.771,Nuit sans éclairage public,Hors agglomération,Hors intersection,Normale,Deux véhicules - frontale,,,,,,,,,,,3,1,1,1.0,1.0
201100008470,0011-03-26 19:30:00,11,3,26,19,30,630,430,,45.8953,3.5186,Nuit sans éclairage public,Hors agglomération,Hors intersection,Pluie légère,Autre collision,,,,,,,,,,,3,1,1,2.0,6.0
201100008471,0011-04-05 18:30:00,11,4,5,18,30,630,402,,,,Plein jour,Hors agglomération,Hors intersection,Normale,Deux véhicules - côté,,,,,,,,,,,1,1,1,1.0,3.0
201100008472,0011-04-09 15:00:00,11,4,9,15,0,630,430,avenue L?o Lagrange,,,Plein jour,En agglomération,Hors intersection,Normale,Autre collision,,,,,,,,,,,1,2,1,1.0,6.0
201100008473,0011-05-11 16:30:00,11,5,11,16,30,630,276,,,,Plein jour,Hors agglomération,Hors intersection,Normale,Deux véhicules - frontale,,,,,,,,,,,1,1,1,1.0,1.0
201100008474,0011-05-13 17:15:00,11,5,13,17,15,630,276,rte thiers (pont de Dore,,,Plein jour,En agglomération,Hors intersection,Temps éblouissant,Deux véhicules - arrière,,,,,,,,,,,1,2,1,7.0,2.0
201100008475,0011-06-19 17:30:00,11,6,19,17,30,630,393,,45.90006,3.60053,Plein jour,Hors agglomération,Hors intersection,Normale,Deux véhicules - frontale,,,,,,,,,,,1,1,1,1.0,1.0
201100008476,0011-07-03 21:30:00,11,7,3,21,30,630,8,rue de St-Thomas,,,Crépuscule ou aube,En agglomération,Hors intersection,Normale,Autre collision,,,,,,,,,,,2,2,1,1.0,6.0
201100008477,0011-08-11 22:00:00,11,8,11,22,0,630,276,,45.82247,3.48528,Nuit sans éclairage public,Hors agglomération,Hors intersection,Normale,Autre collision,,,,,,,,,,,3,1,1,1.0,6.0
201100008478,0011-09-25 01:15:00,11,9,25,1,15,630,267,,45.88351,3.62212,Nuit avec éclairage allumé,Hors agglomération,Hors intersection,Normale,Sans collision,,,,,,,,,,,5,1,1,1.0,7.0
201100008479,0011-09-30 18:45:00,11,9,30,18,45,630,430,ave du g?n?ral de gaulle,,,Plein jour,En agglomération,Hors intersection,Normale,Deux véhicules - côté,,,,,,,,,,,1,2,1,1.0,3.0
201100008480,0011-10-15 21:00:00,11,10,15,21,0,630,66,,,,Nuit sans éclairage public,Hors agglomération,Hors intersection,Normale,Sans collision,,,,,,,,,,,3,1,1,1.0,7.0
201100008481,0011-11-07 15:45:00,11,11,7,15,45,630,430,,,,Plein jour,Hors agglomération,Hors intersection,Normale,Deux véhicules - frontale,,,,,,,,,,,1,1,1,1.0,1.0
201100008482,0011-07-01 21:15:00,11,7,1,21,15,630,249,,45.78286,3.53236,Plein jour,Hors agglomération,Hors intersection,Normale,Autre collision,,,,,,,,,,,1,1,1,1.0,6.0
201100008483,0011-07-03 21:45:00,11,7,3,21,45,630,131,,,,Nuit sans éclairage public,Hors agglomération,Hors intersection,Normale,Autre collision,,,,,,,,,,,3,1,1,1.0,6.0
201100008484,0011-09-15 08:30:00,11,9,15,8,30,630,195,ave teilhard de chardin,,,Plein jour,En agglomération,Hors intersection,Normale,Deux véhicules - côté,,,,,,,,,,,1,2,1,1.0,3.0
201100008485,0011-09-14 11:30:00,11,9,14,11,30,630,195,,45.85935,3.387,Plein jour,Hors agglomération,Hors intersection,Normale,Deux véhicules - côté,,,,,,,,,,,1,1,1,1.0,3.0
201100008486,0011-09-20 20:30:00,11,9,20,20,30,630,125,,45.779,3.535,Nuit sans éclairage public,Hors agglomération,Hors intersection,Normale,Trois véhicules et plus - collisions multiples,,,,,,,,,,,3,1,1,1.0,5.0
201100008487,0011-10-20 12:15:00,11,10,20,12,15,630,125,,45.743,3.553,Plein jour,Hors agglomération,Hors intersection,Pluie forte,Sans collision,,,,,,,,,,,1,1,1,3.0,7.0
201100008488,0011-12-12 18:00:00,11,12,12,18,0,630,195,av Teilhard de Chardin,45.83,3.389,Nuit avec éclairage allumé,En agglomération,Hors intersection,Pluie légère,Autre collision,,,,,,,,,,,5,2,1,2.0,6.0
201100008489,0011-12-23 07:15:00,11,12,23,7,15,630,418,,45.787,3.471,Crépuscule ou aube,Hors agglomération,Hors intersection,Brouillard / fumée,Deux véhicules - frontale,,,,,,,,,,,2,1,1,5.0,1.0
201100008490,0011-01-13 11:30:00,11,1,13,11,30,630,196,,45.9678,3.4503,Plein jour,Hors agglomération,Hors intersection,Normale,Deux véhicules - côté,,,,,,,,,,,1,1,1,1.0,3.0
201100008491,0011-01-20 06:30:00,11,1,20,6,30,630,201,,45.9393,3.3775,Nuit sans éclairage public,Hors agglomération,Hors intersection,Autre,Sans collision,,,,,,,,,,,3,1,1,9.0,7.0
201100008492,0011-05-01 22:30:00,11,5,1,22,30,630,291,Rue des moulins,45.95958,3.47932,Nuit avec éclairage allumé,En agglomération,Hors intersection,Normale,Deux véhicules - frontale,,,,,,,,,,,5,2,1,1.0,1.0
201100008493,0011-05-08 12:15:00,11,5,8,12,15,630,128,,45.897,3.428,Plein jour,Hors agglomération,Hors intersection,Normale,Deux véhicules - côté,,,,,,,,,,,1,1,1,1.0,3.0
201100008494,0011-06-14 17:45:00,11,6,14,17,45,630,210,,45.93,3.345,Plein jour,Hors agglomération,Hors intersection,Normale,Sans collision,,,,,,,,,,,1,1,1,1.0,7.0
201100008495,0011-06-15 21:00:00,11,6,15,21,0,630,210,,45.908,3.331,Crépuscule ou aube,Hors agglomération,Hors intersection,Normale,Autre collision,,,,,,,,,,,2,1,1,1.0,6.0
201100008496,0011-07-09 19:00:00,11,7,9,19,0,630,271,,45.91098,3.51955,Plein jour,Hors agglomération,Intersection en X,Temps couvert,Deux véhicules - côté,,,,,,,,,,,1,1,2,8.0,3.0
201100008497,0011-08-01 21:15:00,11,8,1,21,15,630,291,,45.968,3.463,Nuit sans éclairage public,Hors agglomération,Hors intersection,Normale,Deux véhicules - frontale,,,,,,,,,,,3,1,1,1.0,1.0