accident_id,datetime,annee,mois,jour,heure,minute,departement,commune_insee,adresse,latitude,longitude,luminosite,agglomeration,intersection,meteo,collision,nb_vehicules,nb_usagers,nb_indemnes,nb_tues,nb_blesses_hosp,nb_blesses_legers,age_cond_1,age_cond_2,veh_type_cond_1,veh_type_cond_2,lum_code,agg_code,int_code,atm_code,col_code
201100008498,0011-08-02 15:15:00,11,8,2,15,15,630,210,lieu-dit : La Côte Rouge,45.9093,3.31619,Plein jour,Hors agglomération,Intersection en X,Normale,Deux véhicules - frontale,,,,,,,,,,,1,1,2,1.0,1.0
201100008499,0011-08-18 19:00:00,11,8,18,19,0,630,95,,45.955,3.45,Plein jour,Hors agglomération,Hors intersection,Temps couvert,Deux véhicules - frontale,,,,,,,,,,,1,1,1,8.0,1.0
201100008500,0011-12-31 20:15:00,11,12,31,20,15,30,290,,46.622,3.293,Nuit sans éclairage public,Hors agglomération,Giratoire,Pluie légère,Autre collision,,,,,,,,,,,3,1,6,2.0,6.0
201100008501,0011-01-11 16:00:00,11,1,11,16,0,30,286,,46.495,3.35,Plein jour,Hors agglomération,Hors intersection,Normale,Deux véhicules - frontale,,,,,,,,,,,1,1,1,1.0,1.0
201100008502,0011-01-31 18:15:00,11,1,31,18,15,30,121,,46.617,3.367,Nuit sans éclairage public,Hors agglomération,Hors intersection,Normale,Deux véhicules - frontale,,,,,,,,,,,3,1,1,1.0,1.0
201100008503,0011-02-02 09:30:00,11,2,2,9,30,30,286,,46.504,3.393,Plein jour,Hors agglomération,Hors intersection,Autre,Deux véhicules - arrière,,,,,,,,,,,1,1,1,9.0,2.0
201100008504,0011-04-02 16:30:00,11,4,2,16,30,30,200,,46.561,3.291,Plein jour,Hors agglomération,Hors intersection,Normale,Deux véhicules - frontale,,,,,,,,,,,1,1,1,1.0,1.0
201100008505,0011-04-19 17:30:00,11,4,19,17,30,30,316,,46.671,3.241,Plein jour,Hors agglomération,Hors intersection,Normale,Trois véhicules et plus - en chaîne,,,,,,,,,,,1,1,1,1.0,4.0
201100008506,0011-06-23 15:15:00,11,6,23,15,15,30,316,,46.661,3.257,Plein jour,Hors agglomération,Hors intersection,Temps couvert,Trois véhicules et plus - collisions multiples,,,,,,,,,,,1,1,1,8.0,5.0
201100008507,0011-06-28 16:30:00,11,6,28,16,30,30,316,,46.677,3.236,Plein jour,Hors agglomération,Hors intersection,Normale,Trois véhicules et plus - en chaîne,,,,,,,,,,,1,1,1,1.0,4.0
201100008508,0011-07-16 13:15:00,11,7,16,13,15,30,290,,46.667,3.35,Plein jour,Hors agglomération,Hors intersection,Normale,Autre collision,,,,,,,,,,,1,1,1,1.0,6.0
201100008509,0011-07-26 03:45:00,11,7,26,3,45,30,316,,46.677,3.236,Nuit sans éclairage public,Hors agglomération,Hors intersection,Normale,Deux véhicules - arrière,,,,,,,,,,,3,1,1,1.0,2.0
201100008510,0011-08-24 09:00:00,11,8,24,9,0,30,286,,46.493,3.346,Plein jour,Hors agglomération,Hors intersection,Normale,Deux véhicules - frontale,,,,,,,,,,,1,1,1,1.0,1.0
201100008511,0011-09-03 12:15:00,11,9,3,12,15,30,85,,46.558,3.27,Plein jour,Hors agglomération,Hors intersection,Normale,Deux véhicules - arrière,,,,,,,,,,,1,1,1,1.0,2.0
201100008512,0011-10-21 14:45:00,11,10,21,14,45,30,286,,,,Plein jour,Hors agglomération,Hors intersection,Normale,Trois véhicules et plus - collisions multiples,,,,,,,,,,,1,1,1,1.0,5.0
201100008513,0011-12-20 22:15:00,11,12,20,22,15,30,286,,46.498,3.36,Nuit sans éclairage public,Hors agglomération,Hors intersection,Normale,Deux véhicules - frontale,,,,,,,,,,,3,1,1,1.0,1.0
201100008514,0011-12-26 07:15:00,11,12,26,7,15,30,286,,,,Crépuscule ou aube,Hors agglomération,Hors intersection,Pluie légère,Deux véhicules - frontale,,,,,,,,,,,2,1,1,2.0,1.0
201100008515,0011-05-05 23:30:00,11,5,5,23,30,30,210,,46.718,2.978,Nuit sans éclairage public,Hors agglomération,Hors intersection,Normale,Deux véhicules - côté,,,,,,,,,,,3,1,1,1.0,3.0
201100008516,0011-08-15 17:45:00,11,8,15,17,45,30,309,5-7 Rue de la Batellerie,46.763,3.043,Plein jour,En agglomération,Hors intersection,Normale,Deux véhicules - côté,,,,,,,,,,,1,2,1,1.0,3.0
201100008517,0011-08-21 03:15:00,11,8,21,3,15,30,320,,46.589,2.935,Nuit sans éclairage public,Hors agglomération,Hors intersection,Normale,Autre collision,,,,,,,,,,,3,1,1,1.0,6.0
201100008518,0011-12-20 20:00:00,11,12,20,20,0,30,155,,46.731,2.884,Nuit sans éclairage public,Hors agglomération,Hors intersection,Pluie légère,Autre collision,,,,,,,,,,,3,1,1,2.0,6.0
201100008519,0011-01-10 17:15:00,11,1,10,17,15,30,173,,46.475,3.94,Crépuscule ou aube,Hors agglomération,Hors intersection,Normale,Deux véhicules - frontale,,,,,,,,,,,2,1,1,1.0,1.0
201100008520,0011-05-19 16:00:00,11,5,19,16,0,30,102,,46.511,3.672,Plein jour,Hors agglomération,Hors intersection,Normale,Deux véhicules - côté,,,,,,,,,,,1,1,1,1.0,3.0
201100008521,0011-05-20 17:00:00,11,5,20,17,0,30,102,,46.541,3.646,Plein jour,Hors agglomération,Hors intersection,Normale,Deux véhicules - frontale,,,,,,,,,,,1,1,1,1.0,1.0
201100008522,0011-08-09 20:15:00,11,8,9,20,15,30,253,,46.49,3.618,Plein jour,Hors agglomération,Hors intersection,Normale,Deux véhicules - côté,,,,,,,,,,,1,1,1,1.0,3.0
201100008523,0011-09-24 16:30:00,11,9,24,16,30,30,102,,46.464,3.942,Plein jour,Hors agglomération,Hors intersection,Normale,Autre collision,,,,,,,,,,,1,1,1,1.0,6.0
201100008524,0011-11-07 13:45:00,11,11,7,13,45,30,86,,,,Plein jour,Hors agglomération,Hors intersection,Normale,Trois véhicules et plus - collisions multiples,,,,,,,,,,,1,1,1,1.0,5.0
201100008525,0011-12-16 19:45:00,11,12,16,19,45,30,102,,,,Nuit sans éclairage public,Hors agglomération,Hors intersection,Normale,Trois véhicules et plus - collisions multiples,,,,,,,,,,,3,1,1,1.0,5.0
201100008526,0011-12-28 17:15:00,11,12,28,17,15,30,173,,46.476,3.939,Nuit sans éclairage public,Hors agglomération,Hors intersection,Pluie légère,Trois véhicules et plus - collisions multiples,,,,,,,,,,,3,1,1,2.0,5.0
201100008527,0011-04-22 12:00:00,11,4,22,12,0,30,180,,46.536,3.457,Plein jour,Hors agglomération,Hors intersection,Normale,Trois véhicules et plus - collisions multiples,,,,,,,,,,,1,1,1,1.0,5.0
201100008528,0011-05-14 14:45:00,11,5,14,14,45,30,180,,46.532,3.472,Plein jour,Hors agglomération,Hors intersection,Normale,Autre collision,,,,,,,,,,,1,1,1,1.0,6.0
201100008529,0011-06-03 12:15:00,11,6,3,12,15,30,283,,,,Plein jour,Hors agglomération,Hors intersection,Normale,Trois véhicules et plus - en chaîne,,,,,,,,,,,1,1,1,1.0,4.0
201100008530,0011-06-14 10:15:00,11,6,14,10,15,30,57,,,,Plein jour,Hors agglomération,Hors intersection,Normale,Deux véhicules - côté,,,,,,,,,,,1,1,1,1.0,3.0
201100008531,0011-06-20 14:45:00,11,6,20,14,45,30,19,,46.563,3.622,Plein jour,Hors agglomération,Hors intersection,Normale,Deux véhicules - côté,,,,,,,,,,,1,1,1,1.0,3.0
201100008532,0011-06-22 19:00:00,11,6,22,19,0,30,76,,46.638,3.47,Plein jour,Hors agglomération,Hors intersection,Normale,Autre collision,,,,,,,,,,,1,1,1,1.0,6.0
201100008533,0011-07-09 18:30:00,11,7,9,18,30,30,124,,46.413,3.43,Plein jour,Hors agglomération,Hors intersection,Pluie forte,Autre collision,,,,,,,,,,,1,1,1,3.0,6.0
201100008534,0011-07-18 13:45:00,11,7,18,13,45,30,76,,46.631,3.458,Plein jour,Hors agglomération,Hors intersection,Normale,Sans collision,,,,,,,,,,,1,1,1,1.0,7.0
201100008535,0011-08-31 12:45:00,11,8,31,12,45,30,25,25 route de lyon,46.442,3.363,Plein jour,En agglomération,Hors intersection,Normale,Deux véhicules - frontale,,,,,,,,,,,1,2,1,1.0,1.0
201100008536,0011-09-16 05:30:00,11,9,16,5,30,30,25,03340,46.483,3.368,Nuit sans éclairage public,Hors agglomération,Hors intersection,Normale,Sans collision,,,,,,,,,,,3,1,1,1.0,7.0
201100008537,0011-10-26 19:45:00,11,10,26,19,45,30,19,,46.633,3.709,Nuit sans éclairage public,Hors agglomération,Hors intersection,Normale,Deux véhicules - côté,,,,,,,,,,,3,1,1,1.0,3.0
201100008538,0011-10-29 13:00:00,11,10,29,13,0,30,76,,46.65,3.486,Plein jour,Hors agglomération,Hors intersection,Normale,Deux véhicules - frontale,,,,,,,,,,,1,1,1,1.0,1.0
201100008539,0011-12-29 16:45:00,11,12,29,16,45,30,283,,46.532,3.555,Crépuscule ou aube,Hors agglomération,Autre intersection,Normale,Sans collision,,,,,,,,,,,2,1,9,1.0,7.0
201100008540,0011-02-02 09:30:00,11,2,2,9,30,30,112,,46.229,3.222,Plein jour,Hors agglomération,Hors intersection,Neige / grêle,Sans collision,,,,,,,,,,,1,1,1,4.0,7.0
201100008541,0011-03-12 07:45:00,11,3,12,7,45,30,254,,46.321,3.326,Plein jour,Hors agglomération,Hors intersection,Normale,Sans collision,,,,,,,,,,,1,1,1,1.0,7.0
201100008542,0011-07-02 13:30:00,11,7,2,13,30,30,38,Le bourg,46.327,3.23,Plein jour,En agglomération,Intersection en X,Normale,Deux véhicules - côté,,,,,,,,,,,1,2,2,1.0,3.0
201100008543,0011-07-07 19:15:00,11,7,7,19,15,30,254,,46.285,3.293,Plein jour,Hors agglomération,Hors intersection,Normale,Deux véhicules - frontale,,,,,,,,,,,1,1,1,1.0,1.0
201100008544,0011-08-28 07:00:00,11,8,28,7,0,30,53,,46.24,3.135,Plein jour,En agglomération,Hors intersection,Normale,Autre collision,,,,,,,,,,,1,2,1,1.0,6.0
201100008545,0011-10-28 13:15:00,11,10,28,13,15,30,227,,46.254,3.33,Plein jour,Hors agglomération,Hors intersection,Normale,Deux véhicules - frontale,,,,,,,,,,,1,1,1,1.0,1.0
201100008546,0011-11-28 18:30:00,11,11,28,18,30,30,254,,46.311,3.302,Nuit sans éclairage public,Hors agglomération,Hors intersection,Normale,Deux véhicules - frontale,,,,,,,,,,,3,1,1,1.0,1.0
201100008547,0011-12-10 14:00:00,11,12,10,14,0,30,149,RUE DE LA CROIX,,,Plein jour,En agglomération,Hors intersection,Normale,Autre collision,,,,,,,,,,,1,2,1,1.0,6.0
201100008548,0011-12-27 17:30:00,11,12,27,17,30,30,254,,,,Plein jour,Hors agglomération,Hors intersection,Normale,Deux véhicules - frontale,,,,,,,,,,,1,1,1,1.0,1.0
201100008549,0011-02-01 19:45:00,11,2,1,19,45,30,65,,46.411,3.266,Nuit sans éclairage public,Hors agglomération,Hors intersection,Normale,Autre collision,,,,,,,,,,,3,1,1,1.0,6.0
201100008550,0011-03-02 14:00:00,11,3,2,14,0,30,247,,46.599,3.096,Plein jour,Hors agglomération,Hors intersection,Normale,Deux véhicules - côté,,,,,,,,,,,1,1,1,1.0,3.0
201100008551,0011-04-22 16:00:00,11,4,22,16,0,30,292,,46.451,3.114,Plein jour,Hors agglomération,Hors intersection,Normale,Sans collision,,,,,,,,,,,1,1,1,1.0,7.0
201100008552,0011-05-12 17:00:00,11,5,12,17,0,30,26,,46.463,3.268,Plein jour,Hors agglomération,Hors intersection,Normale,Deux véhicules - frontale,,,,,,,,,,,1,1,1,1.0,1.0
201100008553,0011-07-02 16:00:00,11,7,2,16,0,30,292,,46.439,3.083,Plein jour,Hors agglomération,Hors intersection,Normale,Sans collision,,,,,,,,,,,1,1,1,1.0,7.0
201100008554,0011-08-31 20:00:00,11,8,31,20,0,30,170,,46.514,3.085,Nuit sans éclairage public,Hors agglomération,Hors intersection,Normale,Deux véhicules - côté,,,,,,,,,,,3,1,1,1.0,3.0
201100008555,0011-11-08 16:30:00,11,11,8,16,30,30,99,,46.388,3.032,Plein jour,Hors agglomération,Hors intersection,Normale,Deux véhicules - côté,,,,,,,,,,,1,1,1,1.0,3.0
201100008556,0011-11-18 17:30:00,11,11,18,17,30,30,65,,46.427,3.315,Crépuscule ou aube,Hors agglomération,Hors intersection,Normale,Sans collision,,,,,,,,,,,2,1,1,1.0,7.0
201100008557,0011-01-14 19:15:00,11,1,14,19,15,30,128,,46.371,2.504,Nuit sans éclairage public,Hors agglomération,Hors intersection,Normale,Trois véhicules et plus - collisions multiples,,,,,,,,,,,3,1,1,1.0,5.0
201100008558,0011-01-24 08:30:00,11,1,24,8,30,30,145,,46.286,2.54,Crépuscule ou aube,Hors agglomération,Hors intersection,Brouillard / fumée,Deux véhicules - côté,,,,,,,,,,,2,1,1,5.0,3.0
201100008559,0011-01-30 06:00:00,11,1,30,6,0,30,217,,,,Crépuscule ou aube,Hors agglomération,Hors intersection,Autre,Autre collision,,,,,,,,,,,2,1,1,9.0,6.0
201100008560,0011-02-26 22:00:00,11,2,26,22,0,30,128,,,,Nuit sans éclairage public,Hors agglomération,Hors intersection,Pluie légère,Deux véhicules - frontale,,,,,,,,,,,3,1,1,2.0,1.0
201100008561,0011-04-22 07:30:00,11,4,22,7,30,30,217,,,,Plein jour,Hors agglomération,Hors intersection,Normale,Deux véhicules - frontale,,,,,,,,,,,1,1,1,1.0,1.0
201100008562,0011-04-24 02:45:00,11,4,24,2,45,30,212,,46.322,2.498,Nuit sans éclairage public,Hors agglomération,Hors intersection,Normale,Autre collision,,,,,,,,,,,3,1,1,1.0,6.0
201100008563,0011-04-26 05:45:00,11,4,26,5,45,30,305,,,,Crépuscule ou aube,Hors agglomération,Hors intersection,Brouillard / fumée,Deux véhicules - côté,,,,,,,,,,,2,1,1,5.0,3.0
201100008564,0011-07-10 14:30:00,11,7,10,14,30,30,195,,46.295,2.706,Plein jour,Hors agglomération,Hors intersection,Normale,Autre collision,,,,,,,,,,,1,1,1,1.0,6.0
201100008565,0011-07-16 10:30:00,11,7,16,10,30,30,212,,46.331,2.508,Plein jour,Hors agglomération,Intersection en X,Normale,Deux véhicules - côté,,,,,,,,,,,1,1,2,1.0,3.0
201100008566,0011-07-17 15:00:00,11,7,17,15,0,30,279,,,,Plein jour,Hors agglomération,Hors intersection,Normale,Autre collision,,,,,,,,,,,1,1,1,1.0,6.0
201100008567,0011-10-04 14:00:00,11,10,4,14,0,30,55,"47,rue du pav?",46.427,2.501,Plein jour,En agglomération,Place,Normale,Deux véhicules - côté,,,,,,,,,,,1,2,7,1.0,3.0
201100008568,0011-11-19 18:45:00,11,11,19,18,45,30,195,Boulevard des arenes,,,Nuit avec éclairage allumé,En agglomération,Hors intersection,Normale,Autre collision,,,,,,,,,,,5,2,1,1.0,6.0
201100008569,0011-12-27 19:00:00,11,12,27,19,0,30,51,,46.409,2.373,Nuit sans éclairage public,Hors agglomération,Hors intersection,Brouillard / fumée,Autre collision,,,,,,,,,,,3,1,1,5.0,6.0
201100008570,0011-02-13 06:00:00,11,2,13,6,0,30,3,Rue du npont,,,Nuit avec éclairage allumé,En agglomération,Hors intersection,Normale,Autre collision,,,,,,,,,,,5,2,1,1.0,6.0
201100008571,0011-02-24 07:45:00,11,2,24,7,45,30,31,,46.398,2.711,Plein jour,Hors agglomération,Hors intersection,Pluie légère,Deux véhicules - frontale,,,,,,,,,,,1,1,1,2.0,1.0
201100008572,0011-05-14 00:15:00,11,5,14,0,15,30,221,,46.703,2.696,Nuit sans éclairage public,Hors agglomération,Hors intersection,Normale,Deux véhicules - frontale,,,,,,,,,,,3,1,1,1.0,1.0
201100008573,0011-07-15 14:00:00,11,7,15,14,0,30,84,Rond-point RD94/RD11,46.478,2.828,Plein jour,En agglomération,Giratoire,Normale,Sans collision,,,,,,,,,,,1,2,6,1.0,7.0
201100008574,0011-08-19 00:15:00,11,8,19,0,15,30,48,,46.633,2.774,Nuit sans éclairage public,Hors agglomération,Hors intersection,Normale,Sans collision,,,,,,,,,,,3,1,1,1.0,7.0
201100008575,0011-10-09 19:50:00,11,10,9,19,50,30,3,,,,Nuit sans éclairage public,Hors agglomération,Hors intersection,Normale,Autre collision,,,,,,,,,,,3,1,1,1.0,6.0
201100008576,0011-12-04 20:00:00,11,12,4,20,0,30,48,,46.62,2.82,Nuit avec éclairage allumé,En agglomération,Hors intersection,Pluie légère,Autre collision,,,,,,,,,,,5,2,1,2.0,6.0
201100008577,0011-01-07 21:00:00,11,1,7,21,0,30,82,,,,Nuit avec éclairage allumé,En agglomération,Hors intersection,Normale,Sans collision,,,,,,,,,,,5,2,1,1.0,7.0
201100008578,0011-01-17 19:00:00,11,1,17,19,0,30,82,Place de la Liberté,46.296,2.74,Nuit avec éclairage allumé,En agglomération,Hors intersection,Normale,Deux véhicules - côté,,,,,,,,,,,5,2,1,1.0,3.0
201100008579,0011-05-06 19:00:00,11,5,6,19,0,30,206,,,,Plein jour,Hors agglomération,Hors intersection,Normale,Deux véhicules - frontale,,,,,,,,,,,1,1,1,1.0,1.0
201100008580,0011-08-22 12:30:00,11,8,22,12,30,30,106,,46.247,2.707,Plein jour,Hors agglomération,Hors intersection,Normale,Deux véhicules - côté,,,,,,,,,,,1,1,1,1.0,3.0
201100008581,0011-10-08 18:45:00,11,10,8,18,45,30,261,,46.254,2.576,Plein jour,Hors agglomération,Hors intersection,Normale,Deux véhicules - frontale,,,,,,,,,,,1,1,1,1.0,1.0
201100008582,0011-12-09 17:30:00,11,12,9,17,30,30,82,avenue des P?gauds,,,Nuit avec éclairage allumé,En agglomération,Hors intersection,Normale,Deux véhicules - côté,,,,,,,,,,,5,2,1,1.0,3.0
201100008583,0011-12-30 13:15:00,11,12,30,13,15,30,315,,,,Plein jour,Hors agglomération,Hors intersection,Pluie légère,Autre collision,,,,,,,,,,,1,1,1,2.0,6.0
201100008584,0011-02-01 09:00:00,11,2,1,9,0,30,189,,,,Plein jour,Hors agglomération,Hors intersection,Autre,Sans collision,,,,,,,,,,,1,1,1,9.0,7.0
201100008585,0011-04-17 18:15:00,11,4,17,18,15,30,270,,,,Plein jour,Hors agglomération,Hors intersection,Temps éblouissant,Deux véhicules - frontale,,,,,,,,,,,1,1,1,7.0,1.0
201100008586,0011-05-07 13:00:00,11,5,7,13,0,30,58,,,,Plein jour,Hors agglomération,Hors intersection,Temps éblouissant,Deux véhicules - côté,,,,,,,,,,,1,1,1,7.0,3.0
201100008587,0011-09-17 09:30:00,11,9,17,9,30,30,104,,,,Plein jour,Hors agglomération,Hors intersection,Normale,Trois véhicules et plus - collisions multiples,,,,,,,,,,,1,1,1,1.0,5.0
201100008588,0011-01-27 20:45:00,11,1,27,20,45,30,163,,,,Nuit sans éclairage public,Hors agglomération,Intersection en X,Normale,Deux véhicules - côté,,,,,,,,,,,3,1,2,1.0,3.0
201100008589,0011-03-05 22:30:00,11,3,5,22,30,30,45,,46.07,3.494,Nuit sans éclairage public,Hors agglomération,Hors intersection,Normale,Autre collision,,,,,,,,,,,3,1,1,1.0,6.0
201100008590,0011-04-01 09:45:00,11,4,1,9,45,30,45,D 121,46.066,3.505,Plein jour,En agglomération,Hors intersection,Normale,Trois véhicules et plus - collisions multiples,,,,,,,,,,,1,2,1,1.0,5.0
201100008591,0011-06-23 19:00:00,11,6,23,19,0,30,44,,,,Plein jour,Hors agglomération,Hors intersection,Normale,Autre collision,,,,,,,,,,,1,1,1,1.0,6.0
201100008592,0011-06-30 14:00:00,11,6,30,14,0,30,258,,46.219,3.407,Plein jour,En agglomération,Autre intersection,Normale,Deux véhicules - côté,,,,,,,,,,,1,2,9,1.0,3.0
201100008593,0011-08-23 17:45:00,11,8,23,17,45,30,93,,,,Plein jour,Hors agglomération,Hors intersection,Normale,Deux véhicules - frontale,,,,,,,,,,,1,1,1,1.0,1.0
201100008594,0011-08-22 18:15:00,11,8,22,18,15,30,80,,,,Plein jour,En agglomération,Hors intersection,Normale,Deux véhicules - arrière,,,,,,,,,,,1,2,1,1.0,2.0
201100008595,0011-09-01 16:00:00,11,9,1,16,0,30,93,,,,Plein jour,Hors agglomération,Hors intersection,Normale,Deux véhicules - côté,,,,,,,,,,,1,1,1,1.0,3.0
201100008596,0011-11-17 05:15:00,11,11,17,5,15,30,93,,,,Nuit sans éclairage public,Hors agglomération,Giratoire,Normale,Autre collision,,,,,,,,,,,3,1,6,1.0,6.0
201100008597,0011-02-09 19:30:00,11,2,9,19,30,30,43,,46.201,3.271,Nuit sans éclairage public,Hors agglomération,Hors intersection,Normale,Trois véhicules et plus - collisions multiples,,,,,,,,,,,3,1,1,1.0,5.0
201100008598,0011-04-03 16:00:00,11,4,3,16,0,30,268,,,,Plein jour,Hors agglomération,Hors intersection,Normale,Trois véhicules et plus - collisions multiples,,,,,,,,,,,1,1,1,1.0,5.0
201100008599,0011-04-24 17:30:00,11,4,24,17,30,30,311,,,,Plein jour,Hors agglomération,Intersection en X,Normale,Deux véhicules - côté,,,,,,,,,,,1,1,2,1.0,3.0
201100008600,0011-05-02 12:15:00,11,5,2,12,15,30,182,,46.122,3.262,Plein jour,Hors agglomération,Hors intersection,Normale,Autre collision,,,,,,,,,,,1,1,1,1.0,6.0
201100008601,0011-05-11 22:45:00,11,5,11,22,45,30,118,,46.12,3.193,Nuit sans éclairage public,Hors agglomération,Hors intersection,Normale,Autre collision,,,,,,,,,,,3,1,1,1.0,6.0
201100008602,0011-05-24 14:00:00,11,5,24,14,0,30,152,RUE DE LA GARE,,,Plein jour,En agglomération,Hors intersection,Normale,Deux véhicules - côté,,,,,,,,,,,1,2,1,1.0,3.0
201100008603,0011-10-30 09:15:00,11,10,30,9,15,30,107,,46.127,3.092,Plein jour,Hors agglomération,Hors intersection,Normale,Trois véhicules et plus - collisions multiples,,,,,,,,,,,1,1,1,1.0,5.0
201100008604,0011-11-05 12:30:00,11,11,5,12,30,30,268,,,,Plein jour,Hors agglomération,Hors intersection,Pluie légère,Deux véhicules - frontale,,,,,,,,,,,1,1,1,2.0,1.0
201100008605,0011-03-19 06:30:00,11,3,19,6,30,30,105,,46.24,3.698,Crépuscule ou aube,Hors agglomération,Hors intersection,Pluie légère,Autre collision,,,,,,,,,,,2,1,1,2.0,6.0
201100008606,0011-04-05 20:15:00,11,4,5,20,15,30,28,Les Praux,46.212,3.571,Crépuscule ou aube,En agglomération,Hors intersection,Normale,Deux véhicules - frontale,,,,,,,,,,,2,2,1,1.0,1.0
201100008607,0011-04-13 13:45:00,11,4,13,13,45,30,274,,46.366,3.67,Plein jour,Hors agglomération,Hors intersection,Normale,Sans collision,,,,,,,,,,,1,1,1,1.0,7.0
201100008608,0011-07-05 19:30:00,11,7,5,19,30,30,154,Le bourg,46.366,3.951,Plein jour,En agglomération,Hors intersection,Normale,Autre collision,,,,,,,,,,,1,2,1,1.0,6.0
201100008609,0011-07-12 16:45:00,11,7,12,16,45,30,105,,46.226,3.679,Plein jour,Hors agglomération,Hors intersection,Normale,Deux véhicules - frontale,,,,,,,,,,,1,1,1,1.0,1.0
201100008610,0011-07-14 01:15:00,11,7,14,1,15,30,289,,,,Nuit sans éclairage public,Hors agglomération,Hors intersection,Normale,Sans collision,,,,,,,,,,,3,1,1,1.0,7.0
201100008611,0011-07-17 19:45:00,11,7,17,19,45,30,272,,,,Plein jour,Hors agglomération,Hors intersection,Normale,Sans collision,,,,,,,,,,,1,1,1,1.0,7.0
201100008612,0011-07-19 18:00:00,11,7,19,18,0,30,257,,,,Plein jour,Hors agglomération,Hors intersection,Normale,Deux véhicules - frontale,,,,,,,,,,,1,1,1,1.0,1.0
201100008613,0011-09-19 05:30:00,11,9,19,5,30,30,291,,46.341,3.582,Nuit sans éclairage public,Hors agglomération,Hors intersection,Pluie légère,Autre collision,,,,,,,,,,,3,1,1,2.0,6.0
201100008614,0011-11-25 04:00:00,11,11,25,4,0,30,132,,46.387,3.571,Nuit sans éclairage public,Hors agglomération,Hors intersection,Brouillard / fumée,Deux véhicules - frontale,,,,,,,,,,,3,1,1,5.0,1.0
201100008615,0011-11-27 00:01:00,11,11,27,0,1,30,226,,46.371,3.85,Nuit sans éclairage public,Hors agglomération,Hors intersection,Normale,Autre collision,,,,,,,,,,,3,1,1,1.0,6.0
201100008616,0011-12-29 13:00:00,11,12,29,13,0,30,289,,46.386,3.545,Plein jour,Hors agglomération,Hors intersection,Normale,Autre collision,,,,,,,,,,,1,1,1,1.0,6.0
201100008617,0011-02-02 10:00:00,11,2,2,10,0,30,250,,46.221,3.744,Plein jour,Hors agglomération,Hors intersection,Neige / grêle,Deux véhicules - frontale,,,,,,,,,,,1,1,1,4.0,1.0
201100008618,0011-02-08 11:00:00,11,2,8,11,0,30,131,,,,Plein jour,Hors agglomération,Hors intersection,Normale,Deux véhicules - arrière,,,,,,,,,,,1,1,1,1.0,2.0
201100008619,0011-03-21 08:45:00,11,3,21,8,45,30,66,Le bourg,46.117,3.683,Plein jour,En agglomération,Hors intersection,Temps éblouissant,Autre collision,,,,,,,,,,,1,2,1,7.0,6.0
201100008620,0011-04-12 16:15:00,11,4,12,16,15,30,224,,46.06,3.71,Plein jour,Hors agglomération,Hors intersection,Normale,Deux véhicules - côté,,,,,,,,,,,1,1,1,1.0,3.0
201100008621,0011-05-05 02:00:00,11,5,5,2,0,30,68,,46.221,3.729,Nuit sans éclairage public,Hors agglomération,Hors intersection,Normale,Autre collision,,,,,,,,,,,3,1,1,1.0,6.0
201100008622,0011-05-10 18:15:00,11,5,10,18,15,30,250,,,,Plein jour,Hors agglomération,Hors intersection,Normale,Trois véhicules et plus - collisions multiples,,,,,,,,,,,1,1,1,1.0,5.0
201100008623,0011-06-27 13:00:00,11,6,27,13,0,30,165,,,,Plein jour,Hors agglomération,Hors intersection,Normale,Deux véhicules - frontale,,,,,,,,,,,1,1,1,1.0,1.0
201100008624,0011-10-04 19:30:00,11,10,4,19,30,30,165,,,,Crépuscule ou aube,Hors agglomération,Hors intersection,Normale,Deux véhicules - frontale,,,,,,,,,,,2,1,1,1.0,1.0
201100008625,0011-12-28 09:45:00,11,12,28,9,45,30,50,,46.039,3.746,Plein jour,Hors agglomération,Hors intersection,Autre,Autre collision,,,,,,,,,,,1,1,1,9.0,6.0
201100008626,0011-03-27 05:00:00,11,3,27,5,0,30,157,,46.213,3.519,Nuit sans éclairage public,Hors agglomération,Hors intersection,Normale,Deux véhicules - arrière,,,,,,,,,,,3,1,1,1.0,2.0
201100008627,0011-04-16 12:00:00,11,4,16,12,0,30,157,,,,Plein jour,Hors agglomération,Hors intersection,Normale,Autre collision,,,,,,,,,,,1,1,1,1.0,6.0
201100008628,0011-06-30 15:00:00,11,6,30,15,0,30,298,Avenue de Lyon - RN7,46.31,3.422,Plein jour,En agglomération,Hors intersection,Normale,Deux véhicules - frontale,,,,,,,,,,,1,2,1,1.0,1.0
201100008629,0011-07-17 16:45:00,11,7,17,16,45,30,235,,46.244,3.518,Plein jour,Hors agglomération,Hors intersection,Normale,Deux véhicules - côté,,,,,,,,,,,1,1,1,1.0,3.0
201100008630,0011-08-22 00:30:00,11,8,22,0,30,30,298,,46.302,3.427,Nuit sans éclairage public,Hors agglomération,Giratoire,Normale,Sans collision,,,,,,,,,,,3,1,6,1.0,7.0