accident_id,datetime,annee,mois,jour,heure,minute,departement,commune_insee,adresse,latitude,longitude,luminosite,agglomeration,intersection,meteo,collision,nb_vehicules,nb_usagers,nb_indemnes,nb_tues,nb_blesses_hosp,nb_blesses_legers,age_cond_1,age_cond_2,veh_type_cond_1,veh_type_cond_2,lum_code,agg_code,int_code,atm_code,col_code
201100008631,0011-01-23 09:00:00,11,1,23,9,0,150,83,,,,Plein jour,Hors agglomération,Hors intersection,Normale,Deux véhicules - frontale,,,,,,,,,,,1,1,1,1.0,1.0
201100008632,0011-02-19 08:15:00,11,2,19,8,15,150,221,,44.889,2.316,Plein jour,Hors agglomération,Hors intersection,Temps couvert,Trois véhicules et plus - collisions multiples,,,,,,,,,,,1,1,1,8.0,5.0
201100008633,0011-10-19 09:00:00,11,10,19,9,0,150,204,,,,Plein jour,Hors agglomération,Hors intersection,Pluie forte,Deux véhicules - frontale,,,,,,,,,,,1,1,1,3.0,1.0
201100008634,0011-11-05 07:45:00,11,11,5,7,45,150,204,,44.957,2.288,Plein jour,Hors agglomération,Hors intersection,Normale,Autre collision,,,,,,,,,,,1,1,1,1.0,6.0
201100008635,0011-12-31 13:45:00,11,12,31,13,45,150,267,,44.938,2.378,Plein jour,Hors agglomération,Hors intersection,Pluie légère,Deux véhicules - frontale,,,,,,,,,,,1,1,1,2.0,1.0
201100008636,0011-12-31 11:45:00,11,12,31,11,45,150,94,,44.991,2.202,Plein jour,Hors agglomération,Hors intersection,Pluie légère,Deux véhicules - frontale,,,,,,,,,,,1,1,1,2.0,1.0
201100008637,0011-01-18 11:30:00,11,1,18,11,30,150,150,,44.88,2.22,Plein jour,Hors agglomération,Hors intersection,Normale,Deux véhicules - côté,,,,,,,,,,,1,1,1,1.0,3.0
201100008638,0011-02-09 13:45:00,11,2,9,13,45,150,122,,44.717,2.193,Plein jour,En agglomération,Intersection en X,Normale,Deux véhicules - frontale,,,,,,,,,,,1,2,2,1.0,1.0
201100008639,0011-03-04 07:15:00,11,3,4,7,15,150,30,,44.8,2.248,Crépuscule ou aube,Hors agglomération,Hors intersection,Normale,Autre collision,,,,,,,,,,,2,1,1,1.0,6.0
201100008640,0011-06-19 23:00:00,11,6,19,23,0,150,163,,44.848,2.394,Nuit sans éclairage public,Hors agglomération,Autre intersection,Normale,Autre collision,,,,,,,,,,,3,1,9,1.0,6.0
201100008641,0011-06-20 17:15:00,11,6,20,17,15,150,268,RD20,,,Plein jour,En agglomération,Hors intersection,Normale,Deux véhicules - frontale,,,,,,,,,,,1,2,1,1.0,1.0
201100008642,0011-07-27 15:15:00,11,7,27,15,15,150,196,,,,Plein jour,Hors agglomération,Hors intersection,Normale,Deux véhicules - frontale,,,,,,,,,,,1,1,1,1.0,1.0
201100008643,0011-08-18 16:30:00,11,8,18,16,30,150,157,,44.744,2.196,Plein jour,Hors agglomération,Hors intersection,Normale,Trois véhicules et plus - collisions multiples,,,,,,,,,,,1,1,1,1.0,5.0
201100008644,0011-12-05 10:15:00,11,12,5,10,15,150,122,,,,Plein jour,Hors agglomération,Hors intersection,Normale,Trois véhicules et plus - en chaîne,,,,,,,,,,,1,1,1,1.0,4.0
201100008645,0011-12-05 06:45:00,11,12,5,6,45,150,184,,44.732,2.217,Nuit sans éclairage public,Hors agglomération,Hors intersection,Pluie légère,Autre collision,,,,,,,,,,,3,1,1,2.0,6.0
201100008646,0011-03-26 22:15:00,11,3,26,22,15,150,156,,44.822,2.468,Nuit sans éclairage public,Hors agglomération,Hors intersection,Normale,Sans collision,,,,,,,,,,,3,1,1,1.0,7.0
201100008647,0011-06-10 15:45:00,11,6,10,15,45,150,226,,44.723,2.385,Plein jour,Hors agglomération,Hors intersection,Normale,Deux véhicules - frontale,,,,,,,,,,,1,1,1,1.0,1.0
201100008648,0011-07-23 15:15:00,11,7,23,15,15,150,234,Le bourg,,,Plein jour,En agglomération,Hors intersection,Normale,Sans collision,,,,,,,,,,,1,2,1,1.0,7.0
201100008649,0011-01-22 11:45:00,11,1,22,11,45,150,96,,45.022,2.562,Plein jour,Hors agglomération,Hors intersection,Normale,Deux véhicules - frontale,,,,,,,,,,,1,1,1,1.0,1.0
201100008650,0011-02-16 15:45:00,11,2,16,15,45,150,258,,44.879,2.582,Plein jour,Hors agglomération,Hors intersection,Normale,Sans collision,,,,,,,,,,,1,1,1,1.0,7.0
201100008651,0011-03-29 13:45:00,11,3,29,13,45,150,258,,,,Plein jour,Hors agglomération,Hors intersection,Pluie légère,Deux véhicules - arrière,,,,,,,,,,,1,1,1,2.0,2.0
201100008652,0011-06-22 15:30:00,11,6,22,15,30,150,266,,44.934,2.529,Plein jour,Hors agglomération,Hors intersection,Temps couvert,Trois véhicules et plus - collisions multiples,,,,,,,,,,,1,1,1,8.0,5.0
201100008653,0011-06-26 12:00:00,11,6,26,12,0,150,74,,,,Plein jour,En agglomération,Hors intersection,Normale,Deux véhicules - frontale,,,,,,,,,,,1,2,1,1.0,1.0
201100008654,0011-07-17 01:15:00,11,7,17,1,15,150,154,,44.95,2.583,Nuit sans éclairage public,Hors agglomération,Hors intersection,Pluie légère,Autre collision,,,,,,,,,,,3,1,1,2.0,6.0
201100008655,0011-08-01 19:45:00,11,8,1,19,45,150,266,,44.936,2.53,Plein jour,Hors agglomération,Hors intersection,Normale,Autre collision,,,,,,,,,,,1,1,1,1.0,6.0
201100008656,0011-08-06 14:15:00,11,8,6,14,15,150,95,,45.053,2.552,Plein jour,Hors agglomération,Hors intersection,Normale,Autre collision,,,,,,,,,,,1,1,1,1.0,6.0
201100008657,0011-08-17 10:30:00,11,8,17,10,30,150,192,Le Bourg,45.054,2.711,Plein jour,En agglomération,Hors intersection,Normale,Autre collision,,,,,,,,,,,1,2,1,1.0,6.0
201100008658,0011-08-26 19:00:00,11,8,26,19,0,150,192,,45.063,2.713,Crépuscule ou aube,Hors agglomération,Hors intersection,Pluie forte,Deux véhicules - arrière,,,,,,,,,,,2,1,1,3.0,2.0
201100008659,0011-01-27 18:30:00,11,1,27,18,30,150,120,,,,Plein jour,Hors agglomération,Hors intersection,Normale,Autre collision,,,,,,,,,,,1,1,1,1.0,6.0
201100008660,0011-03-22 14:45:00,11,3,22,14,45,150,153,,,,Plein jour,En agglomération,Hors intersection,Normale,Autre collision,,,,,,,,,,,1,2,1,1.0,6.0
201100008661,0011-05-03 16:15:00,11,5,3,16,15,150,18,,45.162,2.267,Plein jour,Hors agglomération,Hors intersection,Temps couvert,Deux véhicules - frontale,,,,,,,,,,,1,1,1,8.0,1.0
201100008662,0011-06-04 21:45:00,11,6,4,21,45,150,120,avenue fernand tallendie,45.205,2.336,Nuit avec éclairage allumé,En agglomération,Hors intersection,Normale,Deux véhicules - arrière,,,,,,,,,,,5,2,1,1.0,2.0
201100008663,0011-07-08 15:30:00,11,7,8,15,30,150,153,,45.123,2.281,Plein jour,Hors agglomération,Intersection en T,Normale,Deux véhicules - côté,,,,,,,,,,,1,1,3,1.0,3.0
201100008664,0011-08-16 17:30:00,11,8,16,17,30,150,120,Crouzy-Haut,,,Plein jour,Hors agglomération,Hors intersection,Normale,Deux véhicules - frontale,,,,,,,,,,,1,1,1,1.0,1.0
201100008665,0011-09-15 12:15:00,11,9,15,12,15,150,79,,45.268,2.361,Plein jour,Hors agglomération,Hors intersection,Normale,Deux véhicules - arrière,,,,,,,,,,,1,1,1,1.0,2.0
201100008666,0011-11-27 09:00:00,11,11,27,9,0,150,153,rue du Po?t d'arr?t,45.138,2.228,Plein jour,En agglomération,Hors intersection,Normale,Autre collision,,,,,,,,,,,1,2,1,1.0,6.0
201100008667,0011-12-27 15:45:00,11,12,27,15,45,150,120,lachaux,45.216,2.35,Plein jour,En agglomération,Giratoire,Temps éblouissant,Autre collision,,,,,,,,,,,1,2,6,7.0,6.0
201100008668,0011-06-03 10:00:00,11,6,3,10,0,150,54,Le Bourg,45.343,2.756,Plein jour,En agglomération,Hors intersection,Normale,Autre collision,,,,,,,,,,,1,2,1,1.0,6.0
201100008669,0011-06-24 16:00:00,11,6,24,16,0,150,162,,,,Plein jour,Hors agglomération,Hors intersection,Normale,Autre collision,,,,,,,,,,,1,1,1,1.0,6.0
201100008670,0011-08-30 08:00:00,11,8,30,8,0,150,162,,,,Plein jour,Hors agglomération,Hors intersection,Normale,Autre collision,,,,,,,,,,,1,1,1,1.0,6.0
201100008671,0011-03-11 15:30:00,11,3,11,15,30,150,202,,45.128,2.412,Plein jour,Hors agglomération,Hors intersection,Normale,Autre collision,,,,,,,,,,,1,1,1,1.0,6.0
201100008672,0011-05-18 23:15:00,11,5,18,23,15,150,202,,,,Nuit sans éclairage public,Hors agglomération,Hors intersection,Pluie forte,Sans collision,,,,,,,,,,,3,1,1,3.0,7.0
201100008673,0011-08-07 18:15:00,11,8,7,18,15,150,174,,45.17,2.446,Plein jour,Hors agglomération,Hors intersection,Normale,Autre collision,,,,,,,,,,,1,1,1,1.0,6.0
201100008674,0011-12-25 20:45:00,11,12,25,20,45,150,202,,45.132,2.47,Nuit sans éclairage public,Hors agglomération,Hors intersection,Normale,Autre collision,,,,,,,,,,,3,1,1,1.0,6.0
201100008675,0011-02-06 01:30:00,11,2,6,1,30,150,38,,45.394,2.577,Nuit sans éclairage public,Hors agglomération,Hors intersection,Normale,Autre collision,,,,,,,,,,,3,1,1,1.0,6.0
201100008676,0011-05-07 15:30:00,11,5,7,15,30,150,250,,45.368,2.513,Plein jour,Hors agglomération,Hors intersection,Normale,Deux véhicules - côté,,,,,,,,,,,1,1,1,1.0,3.0
201100008677,0011-10-23 01:00:00,11,10,23,1,0,150,169,,45.344,2.48,Nuit sans éclairage public,Hors agglomération,Hors intersection,Normale,Autre collision,,,,,,,,,,,3,1,1,1.0,6.0
201100008678,0011-10-23 16:15:00,11,10,23,16,15,150,128,,45.329,2.551,Plein jour,Hors agglomération,Hors intersection,Normale,Autre collision,,,,,,,,,,,1,1,1,1.0,6.0
201100008679,0011-03-29 13:15:00,11,3,29,13,15,150,187,AVENUE DU 11 NOVEMBRE,45.036,3.098,Plein jour,En agglomération,Autre intersection,Pluie légère,Deux véhicules - côté,,,,,,,,,,,1,2,9,2.0,3.0
201100008680,0011-06-05 14:45:00,11,6,5,14,45,150,68,,,,Plein jour,Hors agglomération,Hors intersection,Normale,Deux véhicules - frontale,,,,,,,,,,,1,1,1,1.0,1.0
201100008681,0011-06-19 19:30:00,11,6,19,19,30,150,187,Av des Orgues - CD 926,45.036,3.086,Plein jour,En agglomération,Hors intersection,Normale,Sans collision,,,,,,,,,,,1,2,1,1.0,7.0
201100008682,0011-07-30 19:30:00,11,7,30,19,30,150,188,,45.039,3.126,Plein jour,Hors agglomération,Hors intersection,Normale,Deux véhicules - frontale,,,,,,,,,,,1,1,1,1.0,1.0
201100008683,0011-08-14 13:15:00,11,8,14,13,15,150,188,BELLEVUE,45.038,3.11,Plein jour,En agglomération,Hors intersection,Temps couvert,Deux véhicules - arrière,,,,,,,,,,,1,2,1,8.0,2.0
201100008684,0011-11-11 15:00:00,11,11,11,15,0,150,55,,45.072,3.116,Plein jour,Hors agglomération,Hors intersection,Normale,Trois véhicules et plus - collisions multiples,,,,,,,,,,,1,1,1,1.0,5.0
201100008685,0011-03-01 20:45:00,11,3,1,20,45,150,69,Le bourg,45.18,3.05,Nuit avec éclairage allumé,En agglomération,Hors intersection,Normale,Autre collision,,,,,,,,,,,5,2,1,1.0,6.0
201100008686,0011-03-29 13:45:00,11,3,29,13,45,150,80,,45.176,3.042,Plein jour,Hors agglomération,Hors intersection,Temps couvert,Deux véhicules - frontale,,,,,,,,,,,1,1,1,8.0,1.0
201100008687,0011-08-04 17:45:00,11,8,4,17,45,150,207,,45.159,3.171,Plein jour,Hors agglomération,Hors intersection,Normale,Deux véhicules - côté,,,,,,,,,,,1,1,1,1.0,3.0
201100008688,0011-09-05 08:15:00,11,9,5,8,15,150,207,,,,Plein jour,Hors agglomération,Hors intersection,Normale,Sans collision,,,,,,,,,,,1,1,1,1.0,7.0
201100008689,0011-02-15 08:30:00,11,2,15,8,30,150,25,,,,Plein jour,Hors agglomération,Hors intersection,Neige / grêle,Autre collision,,,,,,,,,,,1,1,1,4.0,6.0
201100008690,0011-03-19 18:00:00,11,3,19,18,0,150,248,le bourg,45.058,2.935,Plein jour,En agglomération,Intersection en T,Normale,Deux véhicules - frontale,,,,,,,,,,,1,2,3,1.0,1.0
201100008691,0011-03-21 10:00:00,11,3,21,10,0,150,138,,,,Plein jour,Hors agglomération,Hors intersection,Normale,Deux véhicules - frontale,,,,,,,,,,,1,1,1,1.0,1.0
201100008692,0011-04-19 13:15:00,11,4,19,13,15,150,25,,45.11,2.873,Plein jour,Hors agglomération,Hors intersection,Normale,Deux véhicules - frontale,,,,,,,,,,,1,1,1,1.0,1.0
201100008693,0011-07-18 18:15:00,11,7,18,18,15,150,225,,,,Plein jour,Hors agglomération,Hors intersection,Temps couvert,Deux véhicules - côté,,,,,,,,,,,1,1,1,8.0,3.0
201100008694,0011-07-24 11:45:00,11,7,24,11,45,150,61,,,,Plein jour,Hors agglomération,Hors intersection,Normale,Deux véhicules - arrière,,,,,,,,,,,1,1,1,1.0,2.0
201100008695,0011-12-01 17:00:00,11,12,1,17,0,150,138,av hector peschaud,45.111,2.863,Crépuscule ou aube,En agglomération,Hors intersection,Normale,Deux véhicules - frontale,,,,,,,,,,,2,2,1,1.0,1.0
201100008696,0011-06-19 07:30:00,11,6,19,7,30,150,99,,44.958,3.011,Plein jour,Hors agglomération,Hors intersection,Normale,Sans collision,,,,,,,,,,,1,1,1,1.0,7.0
201100008697,0011-07-21 18:45:00,11,7,21,18,45,150,235,,45.016,2.979,Plein jour,Hors agglomération,Hors intersection,Normale,Deux véhicules - côté,,,,,,,,,,,1,1,1,1.0,3.0
201100008698,0011-08-11 19:15:00,11,8,11,19,15,150,77,,44.943,2.877,Plein jour,Hors agglomération,Hors intersection,Temps éblouissant,Deux véhicules - frontale,,,,,,,,,,,1,1,1,7.0,1.0
201100008699,0011-01-03 10:00:00,11,1,3,10,0,430,36,Le Bourg,45.104,3.8,Plein jour,En agglomération,Autre intersection,Normale,Trois véhicules et plus - en chaîne,,,,,,,,,,,1,2,9,1.0,4.0
201100008700,0011-04-18 15:15:00,11,4,18,15,15,430,254,x,45.123,3.729,Plein jour,Hors agglomération,Hors intersection,Normale,Sans collision,,,,,,,,,,,1,1,1,1.0,7.0
201100008701,0011-06-03 19:00:00,11,6,3,19,0,430,84,chemin des écoles,,,Plein jour,En agglomération,Hors intersection,Pluie légère,Deux véhicules - côté,,,,,,,,,,,1,2,1,2.0,3.0
201100008702,0011-07-25 13:30:00,11,7,25,13,30,430,84,Les BARRAQUES,,,Plein jour,En agglomération,Intersection en X,Pluie légère,Deux véhicules - côté,,,,,,,,,,,1,2,2,2.0,3.0
201100008703,0011-07-29 12:15:00,11,7,29,12,15,430,233,x,45.061,3.829,Plein jour,Hors agglomération,Hors intersection,Normale,Autre collision,,,,,,,,,,,1,1,1,1.0,6.0
201100008704,0011-08-19 19:45:00,11,8,19,19,45,430,45,,45.034,3.846,Plein jour,Hors agglomération,Hors intersection,Normale,Deux véhicules - arrière,,,,,,,,,,,1,1,1,1.0,2.0
201100008705,0011-11-11 18:00:00,11,11,11,18,0,430,233,x,45.07,3.782,Nuit sans éclairage public,Hors agglomération,Hors intersection,Normale,Deux véhicules - arrière,,,,,,,,,,,3,1,1,1.0,2.0
201100008706,0011-03-12 11:30:00,11,3,12,11,30,430,39,x,44.939,3.846,Plein jour,Hors agglomération,Hors intersection,Normale,Trois véhicules et plus - collisions multiples,,,,,,,,,,,1,1,1,1.0,5.0
201100008707,0011-06-20 19:15:00,11,6,20,19,15,430,111,route de Ribains,44.846,3.831,Plein jour,En agglomération,Hors intersection,Normale,Autre collision,,,,,,,,,,,1,2,1,1.0,6.0
201100008708,0011-07-07 22:00:00,11,7,7,22,0,430,154,x,44.758,3.961,Nuit avec éclairage allumé,Hors agglomération,Hors intersection,Pluie légère,Sans collision,,,,,,,,,,,5,1,1,2.0,7.0
201100008709,0011-09-15 18:00:00,11,9,15,18,0,430,77,x,44.9,3.843,Plein jour,Hors agglomération,Hors intersection,Normale,Deux véhicules - côté,,,,,,,,,,,1,1,1,1.0,3.0
201100008710,0011-09-20 11:00:00,11,9,20,11,0,430,241,x,44.968,3.889,Plein jour,Hors agglomération,Hors intersection,Normale,Deux véhicules - frontale,,,,,,,,,,,1,1,1,1.0,1.0
201100008711,0011-01-20 12:15:00,11,1,20,12,15,430,135,CD 535 av LAURENT EYNAC,44.948,3.995,Plein jour,En agglomération,Hors intersection,Neige / grêle,Deux véhicules - frontale,,,,,,,,,,,1,2,1,4.0,1.0
201100008712,0011-05-14 12:45:00,11,5,14,12,45,430,115,RD36 Le Bourg,44.981,4.038,Plein jour,En agglomération,Hors intersection,Normale,Deux véhicules - frontale,,,,,,,,,,,1,2,1,1.0,1.0
201100008713,0011-05-16 14:15:00,11,5,16,14,15,430,78,route de Taulhac RD 38,45.0,3.91,Plein jour,En agglomération,Hors intersection,Normale,Deux véhicules - arrière,,,,,,,,,,,1,2,1,1.0,2.0
201100008714,0011-05-30 12:30:00,11,5,30,12,30,430,78,x,,,Plein jour,Hors agglomération,Hors intersection,Normale,Deux véhicules - frontale,,,,,,,,,,,1,1,1,1.0,1.0
201100008715,0011-07-30 20:30:00,11,7,30,20,30,430,78,x,45.017,3.952,Plein jour,Hors agglomération,Hors intersection,Normale,Sans collision,,,,,,,,,,,1,1,1,1.0,7.0
201100008716,0011-08-01 10:45:00,11,8,1,10,45,430,92,RD500/voie za la combe,44.987,4.229,Plein jour,En agglomération,Hors intersection,Normale,Deux véhicules - frontale,,,,,,,,,,,1,2,1,1.0,1.0
201100008717,0011-09-04 16:15:00,11,9,4,16,15,430,78,x,45.008,3.912,Plein jour,Hors agglomération,Hors intersection,Pluie légère,Deux véhicules - frontale,,,,,,,,,,,1,1,1,2.0,1.0
201100008718,0011-10-15 13:00:00,11,10,15,13,0,430,115,x,,,Plein jour,Hors agglomération,Hors intersection,Normale,Autre collision,,,,,,,,,,,1,1,1,1.0,6.0
201100008719,0011-10-16 12:15:00,11,10,16,12,15,430,135,x,44.887,4.083,Plein jour,Hors agglomération,Hors intersection,Normale,Sans collision,,,,,,,,,,,1,1,1,1.0,7.0
201100008720,0011-12-26 17:00:00,11,12,26,17,0,430,135,RD535 - avenue du PUY,44.953,3.989,Crépuscule ou aube,En agglomération,Hors intersection,Normale,Deux véhicules - frontale,,,,,,,,,,,2,2,1,1.0,1.0
201100008721,0011-01-16 17:15:00,11,1,16,17,15,430,164,x,,,Plein jour,Hors agglomération,Hors intersection,Normale,Sans collision,,,,,,,,,,,1,1,1,1.0,7.0
201100008722,0011-03-09 18:00:00,11,3,9,18,0,430,21,x,,,Plein jour,Hors agglomération,Hors intersection,Normale,Autre collision,,,,,,,,,,,1,1,1,1.0,6.0
201100008723,0011-03-26 14:30:00,11,3,26,14,30,430,230,x,,,Plein jour,Hors agglomération,Hors intersection,Normale,Deux véhicules - côté,,,,,,,,,,,1,1,1,1.0,3.0
201100008724,0011-04-29 16:15:00,11,4,29,16,15,430,267,x,,,Plein jour,Hors agglomération,Hors intersection,Normale,Autre collision,,,,,,,,,,,1,1,1,1.0,6.0
201100008725,0011-07-03 09:45:00,11,7,3,9,45,430,230,,,,Plein jour,Hors agglomération,Hors intersection,Normale,Deux véhicules - côté,,,,,,,,,,,1,1,1,1.0,3.0
201100008726,0011-09-16 18:00:00,11,9,16,18,0,430,140,x,45.061,3.916,Plein jour,Hors agglomération,Giratoire,Normale,Deux véhicules - arrière,,,,,,,,,,,1,1,6,1.0,2.0
201100008727,0011-12-10 00:45:00,11,12,10,0,45,430,126,,,,Nuit sans éclairage public,Hors agglomération,Hors intersection,Normale,Autre collision,,,,,,,,,,,3,1,1,1.0,6.0
201100008728,0011-12-19 16:00:00,11,12,19,16,0,430,267,x,45.185,3.918,Plein jour,En agglomération,Hors intersection,Normale,Deux véhicules - côté,,,,,,,,,,,1,2,1,1.0,3.0
201100008729,0011-02-11 08:00:00,11,2,11,8,0,430,221,x,,,Nuit sans éclairage public,Hors agglomération,Hors intersection,Normale,Autre collision,,,,,,,,,,,3,1,1,1.0,6.0
201100008730,0011-03-23 16:15:00,11,3,23,16,15,430,245,,,,Plein jour,Hors agglomération,Hors intersection,Normale,Sans collision,,,,,,,,,,,1,1,1,1.0,7.0
201100008731,0011-04-16 18:30:00,11,4,16,18,30,430,256,,44.971,3.467,Plein jour,Hors agglomération,Hors intersection,Normale,Deux véhicules - côté,,,,,,,,,,,1,1,1,1.0,3.0
201100008732,0011-05-02 15:30:00,11,5,2,15,30,430,221,,44.997,3.635,Plein jour,Hors agglomération,Hors intersection,Normale,Deux véhicules - arrière,,,,,,,,,,,1,1,1,1.0,2.0
201100008733,0011-05-27 10:00:00,11,5,27,10,0,430,256,,45.006,3.541,Plein jour,Hors agglomération,Intersection en T,Temps éblouissant,Deux véhicules - frontale,,,,,,,,,,,1,1,3,7.0,1.0
201100008734,0011-09-19 16:00:00,11,9,19,16,0,430,245,x,,,Plein jour,Hors agglomération,Hors intersection,Normale,Autre collision,,,,,,,,,,,1,1,1,1.0,6.0
201100008735,0011-09-23 14:00:00,11,9,23,14,0,430,220,x,44.927,3.584,Plein jour,Hors agglomération,Hors intersection,Normale,Autre collision,,,,,,,,,,,1,1,1,1.0,6.0
201100008736,0011-01-11 07:45:00,11,1,11,7,45,430,194,x,45.07,4.038,Plein jour,Hors agglomération,Hors intersection,Pluie légère,Deux véhicules - frontale,,,,,,,,,,,1,1,1,2.0,1.0
201100008737,0011-01-20 17:15:00,11,1,20,17,15,430,200,x,45.041,4.098,Plein jour,Hors agglomération,Hors intersection,Neige / grêle,Sans collision,,,,,,,,,,,1,1,1,4.0,7.0
201100008738,0011-04-04 14:30:00,11,4,4,14,30,430,218,x,45.061,4.062,Plein jour,Hors agglomération,Hors intersection,Normale,Sans collision,,,,,,,,,,,1,1,1,1.0,7.0
201100008739,0011-04-20 18:45:00,11,4,20,18,45,430,190,AVE LAVOISIER AVE DESCAR,45.058,3.971,Plein jour,En agglomération,Hors intersection,Normale,Deux véhicules - côté,,,,,,,,,,,1,2,1,1.0,3.0
201100008740,0011-04-30 17:30:00,11,4,30,17,30,430,150,x,45.098,4.057,Plein jour,Hors agglomération,Hors intersection,Normale,Deux véhicules - frontale,,,,,,,,,,,1,1,1,1.0,1.0
201100008741,0011-05-08 13:45:00,11,5,8,13,45,430,200,x,45.04,4.098,Plein jour,Hors agglomération,Hors intersection,Normale,Sans collision,,,,,,,,,,,1,1,1,1.0,7.0
201100008742,0011-05-21 15:00:00,11,5,21,15,0,430,200,x,45.027,4.057,Plein jour,Hors agglomération,Hors intersection,Pluie légère,Autre collision,,,,,,,,,,,1,1,1,2.0,6.0
201100008743,0011-06-25 15:00:00,11,6,25,15,0,430,190,,45.06,3.961,Plein jour,Hors agglomération,Hors intersection,Normale,Deux véhicules - frontale,,,,,,,,,,,1,1,1,1.0,1.0
201100008744,0011-07-25 02:15:00,11,7,25,2,15,430,194,,45.073,4.042,Nuit sans éclairage public,Hors agglomération,Hors intersection,Pluie légère,Sans collision,,,,,,,,,,,3,1,1,2.0,7.0
201100008745,0011-09-13 06:45:00,11,9,13,6,45,430,190,x,45.038,3.94,Plein jour,Hors agglomération,Hors intersection,Normale,Autre collision,,,,,,,,,,,1,1,1,1.0,6.0
201100008746,0011-11-11 16:30:00,11,11,11,16,30,430,150,,45.098,4.05499,Plein jour,Hors agglomération,Hors intersection,Normale,Sans collision,,,,,,,,,,,1,1,1,1.0,7.0
201100008747,0011-11-19 16:30:00,11,11,19,16,30,430,218,x,45.068,4.021,Plein jour,Hors agglomération,Hors intersection,Normale,Trois véhicules et plus - collisions multiples,,,,,,,,,,,1,1,1,1.0,5.0
201100008748,0011-11-23 17:30:00,11,11,23,17,30,430,190,x,45.044,3.995,Plein jour,Hors agglomération,Hors intersection,Normale,Sans collision,,,,,,,,,,,1,1,1,1.0,7.0
201100008749,0011-11-26 10:30:00,11,11,26,10,30,430,150,,45.111,4.074,Plein jour,Hors agglomération,Hors intersection,Brouillard / fumée,Sans collision,,,,,,,,,,,1,1,1,5.0,7.0
201100008750,0011-03-12 15:15:00,11,3,12,15,15,430,189,x,45.294,3.888,Plein jour,Hors agglomération,Hors intersection,Normale,Sans collision,,,,,,,,,,,1,1,1,1.0,7.0
201100008751,0011-04-02 13:30:00,11,4,2,13,30,430,26,x,45.215,3.818,Plein jour,Hors agglomération,Hors intersection,Normale,Sans collision,,,,,,,,,,,1,1,1,1.0,7.0
201100008752,0011-06-10 17:45:00,11,6,10,17,45,430,108,x,45.309,3.783,Plein jour,Hors agglomération,Hors intersection,Pluie légère,Autre collision,,,,,,,,,,,1,1,1,2.0,6.0
201100008753,0011-07-20 07:30:00,11,7,20,7,30,430,138,x,45.213,3.713,Plein jour,Hors agglomération,Hors intersection,Pluie légère,Autre collision,,,,,,,,,,,1,1,1,2.0,6.0
201100008754,0011-08-15 12:00:00,11,8,15,12,0,430,189,x,45.309,3.88,Plein jour,Hors agglomération,Autre intersection,Normale,Deux véhicules - frontale,,,,,,,,,,,1,1,9,1.0,1.0
201100008755,0011-08-21 00:01:00,11,8,21,0,1,430,43,x,,,Nuit avec éclairage allumé,Hors agglomération,Hors intersection,Normale,Autre collision,,,,,,,,,,,5,1,1,1.0,6.0
201100008756,0011-09-18 08:45:00,11,9,18,8,45,430,80,route de Soulage,45.35,3.863,Crépuscule ou aube,En agglomération,Intersection en X,Pluie légère,Deux véhicules - côté,,,,,,,,,,,2,2,2,2.0,3.0
201100008757,0011-09-24 16:30:00,11,9,24,16,30,430,80,x,45.325,3.863,Plein jour,Hors agglomération,Hors intersection,Normale,Deux véhicules - frontale,,,,,,,,,,,1,1,1,1.0,1.0
201100008758,0011-10-11 18:30:00,11,10,11,18,30,430,152,x,45.055,3.871,Plein jour,Hors agglomération,Hors intersection,Normale,Deux véhicules - frontale,,,,,,,,,,,1,1,1,1.0,1.0
201100008759,0011-10-19 19:15:00,11,10,19,19,15,430,26,x,,,Nuit sans éclairage public,Hors agglomération,Hors intersection,Pluie légère,Deux véhicules - frontale,,,,,,,,,,,3,1,1,2.0,1.0
201100008760,0011-10-25 03:00:00,11,10,25,3,0,430,216,x,45.107,3.812,Nuit sans éclairage public,Hors agglomération,Hors intersection,Pluie légère,Sans collision,,,,,,,,,,,3,1,1,2.0,7.0
201100008761,0011-11-19 13:15:00,11,11,19,13,15,430,216,Montee du Lac,,,Plein jour,En agglomération,Hors intersection,Normale,Sans collision,,,,,,,,,,,1,2,1,1.0,7.0
201100008762,0011-01-06 11:45:00,11,1,6,11,45,430,40,Av Léon Blum- BRIOUDE 4,45.296,3.385,Crépuscule ou aube,En agglomération,Autre intersection,Temps couvert,Autre collision,,,,,,,,,,,2,2,9,8.0,6.0
201100008763,0011-02-05 14:45:00,11,2,5,14,45,430,117,x,,,Plein jour,Hors agglomération,Hors intersection,Normale,Deux véhicules - frontale,,,,,,,,,,,1,1,1,1.0,1.0
201100008764,0011-02-14 09:00:00,11,2,14,9,0,430,40,Rue croix st isidore,45.304,3.395,Plein jour,En agglomération,Hors intersection,Pluie légère,Autre collision,,,,,,,,,,,1,2,1,2.0,6.0