accident_id,datetime,annee,mois,jour,heure,minute,departement,commune_insee,adresse,latitude,longitude,luminosite,agglomeration,intersection,meteo,collision,nb_vehicules,nb_usagers,nb_indemnes,nb_tues,nb_blesses_hosp,nb_blesses_legers,age_cond_1,age_cond_2,veh_type_cond_1,veh_type_cond_2,lum_code,agg_code,int_code,atm_code,col_code
201100009028,0011-11-04 09:45:00,11,11,4,9,45,570,206,Avenue Jean MERMOZ,,,Plein jour,En agglomération,Hors intersection,Temps éblouissant,Deux véhicules - côté,,,,,,,,,,,1,2,1,7.0,3.0
201100009029,0011-02-09 10:15:00,11,2,9,10,15,570,465,,,,Plein jour,Hors agglomération,Intersection en X,Temps couvert,Deux véhicules - côté,,,,,,,,,,,1,1,2,8.0,3.0
201100009030,0011-03-24 16:45:00,11,3,24,16,45,570,269,,,,Plein jour,Hors agglomération,Hors intersection,Normale,Trois véhicules et plus - en chaîne,,,,,,,,,,,1,1,1,1.0,4.0
201100009031,0011-04-08 14:15:00,11,4,8,14,15,570,465,,,,Plein jour,Hors agglomération,Hors intersection,Normale,Deux véhicules - frontale,,,,,,,,,,,1,1,1,1.0,1.0
201100009032,0011-04-08 15:00:00,11,4,8,15,0,570,370,,,,Plein jour,Hors agglomération,Hors intersection,Temps éblouissant,Deux véhicules - côté,,,,,,,,,,,1,1,1,7.0,3.0
201100009033,0011-04-10 17:30:00,11,4,10,17,30,570,465,,,,Nuit sans éclairage public,Hors agglomération,Hors intersection,Normale,Autre collision,,,,,,,,,,,3,1,1,1.0,6.0
201100009034,0011-04-27 12:45:00,11,4,27,12,45,570,370,rue de la gare,,,Plein jour,En agglomération,Hors intersection,Pluie légère,Deux véhicules - côté,,,,,,,,,,,1,2,1,2.0,3.0
201100009035,0011-06-18 16:00:00,11,6,18,16,0,570,179,Grande Rue,,,Crépuscule ou aube,En agglomération,Hors intersection,Pluie légère,Sans collision,,,,,,,,,,,2,2,1,2.0,7.0
201100009036,0011-07-26 06:45:00,11,7,26,6,45,570,343,,,,Plein jour,Hors agglomération,Intersection en X,Normale,Deux véhicules - frontale,,,,,,,,,,,1,1,2,1.0,1.0
201100009037,0011-10-01 15:00:00,11,10,1,15,0,570,345,,,,Plein jour,Hors agglomération,Intersection en T,Normale,Deux véhicules - côté,,,,,,,,,,,1,1,3,1.0,3.0
201100009038,0011-10-10 09:30:00,11,10,10,9,30,570,370,,,,Plein jour,Hors agglomération,Hors intersection,Temps couvert,Deux véhicules - frontale,,,,,,,,,,,1,1,1,8.0,1.0
201100009039,0011-10-18 06:15:00,11,10,18,6,15,570,370,,,,Nuit sans éclairage public,Hors agglomération,Hors intersection,Normale,Deux véhicules - frontale,,,,,,,,,,,3,1,1,1.0,1.0
201100009040,0011-11-24 05:45:00,11,11,24,5,45,570,72,,,,Nuit sans éclairage public,Hors agglomération,Hors intersection,Brouillard / fumée,Autre collision,,,,,,,,,,,3,1,1,5.0,6.0
201100009041,0011-01-04 17:30:00,11,1,4,17,30,570,650,Quai ducs de lorraine,,,Nuit avec éclairage allumé,En agglomération,Hors intersection,Temps couvert,Autre collision,,,,,,,,,,,5,2,1,8.0,6.0
201100009042,0011-03-13 07:15:00,11,3,13,7,15,570,361,,,,Plein jour,Hors agglomération,Hors intersection,Pluie légère,Autre collision,,,,,,,,,,,1,1,1,2.0,6.0
201100009043,0011-03-27 14:30:00,11,3,27,14,30,570,576,,,,Plein jour,Hors agglomération,Hors intersection,Normale,Sans collision,,,,,,,,,,,1,1,1,1.0,7.0
201100009044,0011-04-01 15:45:00,11,4,1,15,45,570,479,,,,Plein jour,Hors agglomération,Hors intersection,Normale,Deux véhicules - frontale,,,,,,,,,,,1,1,1,1.0,1.0
201100009045,0011-05-30 12:00:00,11,5,30,12,0,570,576,parking Carrefour Market,49.44616,6.34326,Plein jour,En agglomération,Autre intersection,Normale,Autre collision,,,,,,,,,,,1,2,9,1.0,6.0
201100009046,0011-06-04 15:00:00,11,6,4,15,0,570,650,"GN 49.74,6.6",,,Plein jour,Hors agglomération,Hors intersection,Normale,Deux véhicules - frontale,,,,,,,,,,,1,1,1,1.0,1.0
201100009047,0011-06-24 15:30:00,11,6,24,15,30,570,361,,,,Plein jour,Hors agglomération,Intersection en T,Normale,Deux véhicules - côté,,,,,,,,,,,1,1,3,1.0,3.0
201100009048,0011-07-24 10:00:00,11,7,24,10,0,570,286,,,,Plein jour,Hors agglomération,Hors intersection,Pluie légère,Sans collision,,,,,,,,,,,1,1,1,2.0,7.0
201100009049,0011-10-12 07:45:00,11,10,12,7,45,570,650,quai du duc de lorraine,,,Nuit avec éclairage allumé,En agglomération,Hors intersection,Normale,Autre collision,,,,,,,,,,,5,2,1,1.0,6.0
201100009050,0011-02-09 20:30:00,11,2,9,20,30,570,683,116 ROUTE DE FAMECK,,,Nuit avec éclairage allumé,En agglomération,Hors intersection,Autre,Autre collision,,,,,,,,,,,5,2,1,9.0,6.0
201100009051,0011-03-26 02:00:00,11,3,26,2,0,570,474,6 rue des Fauvettes,49.25844,6.15652,Nuit avec éclairage allumé,En agglomération,Hors intersection,Normale,Autre collision,,,,,,,,,,,5,2,1,1.0,6.0
201100009052,0011-04-10 19:15:00,11,4,10,19,15,570,582,,,,Plein jour,Hors agglomération,Hors intersection,Normale,Deux véhicules - frontale,,,,,,,,,,,1,1,1,1.0,1.0
201100009053,0011-09-04 12:00:00,11,9,4,12,0,570,474,,,,Plein jour,Hors agglomération,Giratoire,Normale,Sans collision,,,,,,,,,,,1,1,6,1.0,7.0
201100009054,0011-09-28 20:15:00,11,9,28,20,15,570,582,,,,Nuit sans éclairage public,Hors agglomération,Hors intersection,Normale,Deux véhicules - frontale,,,,,,,,,,,3,1,1,1.0,1.0
201100009055,0011-10-13 14:30:00,11,10,13,14,30,570,683,Rue de Fameck,,,Plein jour,En agglomération,Hors intersection,Normale,Autre collision,,,,,,,,,,,1,2,1,1.0,6.0
201100009056,0011-11-26 20:30:00,11,11,26,20,30,570,474,,,,Nuit avec éclairage allumé,En agglomération,Hors intersection,Normale,Autre collision,,,,,,,,,,,5,2,1,1.0,6.0
201100009057,0011-02-01 07:15:00,11,2,1,7,15,540,27,,48.8889,6.08943,Plein jour,Hors agglomération,Hors intersection,Normale,Autre collision,,,,,,,,,,,1,1,1,1.0,6.0
201100009058,0011-04-02 16:45:00,11,4,2,16,45,540,157,,48.82122,6.05415,Plein jour,Hors agglomération,Hors intersection,Normale,Autre collision,,,,,,,,,,,1,1,1,1.0,6.0
201100009059,0011-06-05 17:45:00,11,6,5,17,45,540,24,,48.846,6.284,Plein jour,Hors agglomération,Hors intersection,Normale,Deux véhicules - côté,,,,,,,,,,,1,1,1,1.0,3.0
201100009060,0011-07-15 18:15:00,11,7,15,18,15,540,27,,48.896,6.074,Plein jour,Hors agglomération,Hors intersection,Normale,Deux véhicules - côté,,,,,,,,,,,1,1,1,1.0,3.0
201100009061,0011-08-28 12:45:00,11,8,28,12,45,540,312,,48.926,6.092,Plein jour,Hors agglomération,Hors intersection,Normale,Autre collision,,,,,,,,,,,1,1,1,1.0,6.0
201100009062,0011-10-16 00:01:00,11,10,16,0,1,540,59,,48.362,6.29,Nuit sans éclairage public,Hors agglomération,Hors intersection,Normale,Autre collision,,,,,,,,,,,3,1,1,1.0,6.0
201100009063,0011-03-01 18:30:00,11,3,1,18,30,540,6,,48.72062,6.2408,Crépuscule ou aube,Hors agglomération,Hors intersection,Normale,Autre collision,,,,,,,,,,,2,1,1,1.0,6.0
201100009064,0011-03-28 13:30:00,11,3,28,13,30,540,462,CHEMIN DU HARAS/RD1G,48.59696,6.34227,Plein jour,Hors agglomération,Intersection en X,Normale,Deux véhicules - côté,,,,,,,,,,,1,1,2,1.0,3.0
201100009065,0011-04-03 06:00:00,11,4,3,6,0,540,345,,48.60556,6.25686,Nuit sans éclairage public,Hors agglomération,Hors intersection,Normale,Autre collision,,,,,,,,,,,3,1,1,1.0,6.0
201100009066,0011-06-25 14:30:00,11,6,25,14,30,540,510,"48, grande rue",48.751,6.417,Plein jour,En agglomération,Hors intersection,Normale,Autre collision,,,,,,,,,,,1,2,1,1.0,6.0
201100009067,0011-09-15 14:00:00,11,9,15,14,0,540,468,12 rue de ferri?res,48.55,6.3,Plein jour,En agglomération,Hors intersection,Normale,Deux véhicules - arrière,,,,,,,,,,,1,2,1,1.0,2.0
201100009068,0011-10-01 06:15:00,11,10,1,6,15,540,113,Avenue du grand Couronn?,,,Nuit avec éclairage allumé,En agglomération,Hors intersection,Brouillard / fumée,Autre collision,,,,,,,,,,,5,2,1,5.0,6.0
201100009069,0011-11-05 07:30:00,11,11,5,7,30,540,462,,48.595,6.366,Plein jour,Hors agglomération,Hors intersection,Autre,Sans collision,,,,,,,,,,,1,1,1,9.0,7.0
201100009070,0011-11-25 20:30:00,11,11,25,20,30,540,113,,,,Nuit sans éclairage public,Hors agglomération,Hors intersection,Pluie légère,Deux véhicules - frontale,,,,,,,,,,,3,1,1,2.0,1.0
201100009071,0011-11-28 08:45:00,11,11,28,8,45,540,113,,48.742,6.318,Plein jour,Hors agglomération,Hors intersection,Normale,Deux véhicules - arrière,,,,,,,,,,,1,1,1,1.0,2.0
201100009072,0011-12-06 11:30:00,11,12,6,11,30,540,462,,48.59,6.343,Nuit sans éclairage public,Hors agglomération,Hors intersection,Pluie légère,Deux véhicules - arrière,,,,,,,,,,,3,1,1,2.0,2.0
201100009073,0011-01-08 10:45:00,11,1,8,10,45,540,150,,48.78825,6.14405,Plein jour,En agglomération,Giratoire,Normale,Deux véhicules - arrière,,,,,,,,,,,1,2,6,1.0,2.0
201100009074,0011-01-14 19:00:00,11,1,14,19,0,540,215,rue de metz/rue j. ferry,48.75669,6.13892,Nuit avec éclairage allumé,En agglomération,Intersection en Y,Normale,Deux véhicules - côté,,,,,,,,,,,5,2,4,1.0,3.0
201100009075,0011-01-16 18:45:00,11,1,16,18,45,540,351,,48.79534,6.07635,Nuit sans éclairage public,Hors agglomération,Hors intersection,Normale,Autre collision,,,,,,,,,,,3,1,1,1.0,6.0
201100009076,0011-02-12 09:15:00,11,2,12,9,15,540,115,,48.73676,6.16339,Plein jour,En agglomération,Hors intersection,Normale,Deux véhicules - côté,,,,,,,,,,,1,2,1,1.0,3.0
201100009077,0011-04-01 13:15:00,11,4,1,13,15,540,215,"36, Rue de Metz",48.75892,6.13447,Plein jour,En agglomération,Hors intersection,Normale,Deux véhicules - arrière,,,,,,,,,,,1,2,1,1.0,2.0
201100009078,0011-04-12 13:45:00,11,4,12,13,45,540,115,rue de Frouard,48.73998,6.15856,Plein jour,En agglomération,Hors intersection,Normale,Deux véhicules - côté,,,,,,,,,,,1,2,1,1.0,3.0
201100009079,0011-04-29 21:45:00,11,4,29,21,45,540,351,,48.7983,6.10746,Nuit sans éclairage public,Hors agglomération,Hors intersection,Pluie légère,Sans collision,,,,,,,,,,,3,1,1,2.0,7.0
201100009080,0011-05-06 20:30:00,11,5,6,20,30,540,150,,48.79901,6.15506,Plein jour,Hors agglomération,Hors intersection,Normale,Sans collision,,,,,,,,,,,1,1,1,1.0,7.0
201100009081,0011-05-28 16:30:00,11,5,28,16,30,540,305,,48.7408,6.18645,Plein jour,Hors agglomération,Hors intersection,Normale,Sans collision,,,,,,,,,,,1,1,1,1.0,7.0
201100009082,0011-05-30 14:00:00,11,5,30,14,0,540,115,rue Pasteur,48.74,6.163,Plein jour,En agglomération,Hors intersection,Normale,Autre collision,,,,,,,,,,,1,2,1,1.0,6.0
201100009083,0011-06-02 19:30:00,11,6,2,19,30,540,430,pont leonard de vinci,,,Plein jour,En agglomération,Hors intersection,Normale,Sans collision,,,,,,,,,,,1,2,1,1.0,7.0
201100009084,0011-07-31 14:45:00,11,7,31,14,45,540,115,,,,Plein jour,Hors agglomération,Hors intersection,Normale,Sans collision,,,,,,,,,,,1,1,1,1.0,7.0
201100009085,0011-08-18 03:45:00,11,8,18,3,45,540,150,De Lattre de Tassigny,48.793,6.154,Nuit avec éclairage non allumé,En agglomération,Hors intersection,Normale,Deux véhicules - frontale,,,,,,,,,,,4,2,1,1.0,1.0
201100009086,0011-09-26 08:15:00,11,9,26,8,15,540,90,rue Raymond Poinacr?,48.754,6.163,Plein jour,En agglomération,Hors intersection,Normale,Deux véhicules - arrière,,,,,,,,,,,1,2,1,1.0,2.0
201100009087,0011-10-24 07:15:00,11,10,24,7,15,540,115,,,,Crépuscule ou aube,Hors agglomération,Autre intersection,Normale,Deux véhicules - côté,,,,,,,,,,,2,1,9,1.0,3.0
201100009088,0011-11-09 18:00:00,11,11,9,18,0,540,215,POMPEY,48.777,6.144,Nuit avec éclairage allumé,En agglomération,Hors intersection,Normale,Deux véhicules - côté,,,,,,,,,,,5,2,1,1.0,3.0
201100009089,0011-11-27 04:45:00,11,11,27,4,45,540,430,132 rue g?n?ral DeGaulle,,,Nuit avec éclairage allumé,En agglomération,Hors intersection,Normale,Autre collision,,,,,,,,,,,5,2,1,1.0,6.0
201100009090,0011-11-29 17:15:00,11,11,29,17,15,540,115,,48.739,6.153,Nuit sans éclairage public,Hors agglomération,Hors intersection,Normale,Deux véhicules - frontale,,,,,,,,,,,3,1,1,1.0,1.0
201100009091,0011-12-18 04:30:00,11,12,18,4,30,540,90,,48.742,6.169,Nuit avec éclairage allumé,Hors agglomération,Hors intersection,Pluie légère,Autre collision,,,,,,,,,,,5,1,1,2.0,6.0
201100009092,0011-01-07 12:15:00,11,1,7,12,15,540,196,,48.56597,6.17624,Plein jour,Hors agglomération,Hors intersection,Pluie forte,Autre collision,,,,,,,,,,,1,1,1,3.0,6.0
201100009093,0011-01-19 18:00:00,11,1,19,18,0,540,563,7bis av Jacques Leclerc,48.48751,6.09316,Nuit avec éclairage non allumé,En agglomération,Hors intersection,Normale,Deux véhicules - côté,,,,,,,,,,,4,2,1,1.0,3.0
201100009094,0011-02-03 22:30:00,11,2,3,22,30,540,123,78 rue de NEUVES MAISONS,48.62392,6.11449,Nuit avec éclairage allumé,En agglomération,Hors intersection,Normale,Autre collision,,,,,,,,,,,5,2,1,1.0,6.0
201100009095,0011-02-25 12:30:00,11,2,25,12,30,540,513,,48.45686,6.12782,Plein jour,Hors agglomération,Intersection en X,Normale,Deux véhicules - frontale,,,,,,,,,,,1,1,2,1.0,1.0
201100009096,0011-02-28 20:30:00,11,2,28,20,30,540,442,,48.47035,6.0934,Nuit sans éclairage public,Hors agglomération,Hors intersection,Normale,Deux véhicules - côté,,,,,,,,,,,3,1,1,1.0,3.0
201100009097,0011-04-09 10:45:00,11,4,9,10,45,540,366,,48.606,6.156,Plein jour,Hors agglomération,Intersection en T,Temps éblouissant,Deux véhicules - côté,,,,,,,,,,,1,1,3,7.0,3.0
201100009098,0011-04-20 02:00:00,11,4,20,2,0,540,111,750 Route de Maron,48.62059,6.08213,Nuit avec éclairage allumé,En agglomération,Hors intersection,Normale,Autre collision,,,,,,,,,,,5,2,1,1.0,6.0
201100009099,0011-04-23 14:30:00,11,4,23,14,30,540,366,rue hubert sensiquet,,,Plein jour,En agglomération,Hors intersection,Normale,Sans collision,,,,,,,,,,,1,2,1,1.0,7.0
201100009100,0011-05-02 07:15:00,11,5,2,7,15,540,366,,48.608,6.152,Plein jour,Hors agglomération,Hors intersection,Normale,Deux véhicules - côté,,,,,,,,,,,1,1,1,1.0,3.0
201100009101,0011-05-17 12:15:00,11,5,17,12,15,540,196,,48.55446,6.2281,Plein jour,Hors agglomération,Hors intersection,Normale,Sans collision,,,,,,,,,,,1,1,1,1.0,7.0
201100009102,0011-05-25 19:30:00,11,5,25,19,30,540,364,Grande rue/rue de Nancy,48.59539,6.15276,Plein jour,En agglomération,Hors intersection,Normale,Trois véhicules et plus - collisions multiples,,,,,,,,,,,1,2,1,1.0,5.0
201100009103,0011-06-11 16:30:00,11,6,11,16,30,540,432,42 rue Jean Jaures,48.60487,6.10009,Plein jour,En agglomération,Hors intersection,Normale,Autre collision,,,,,,,,,,,1,2,1,1.0,6.0
201100009104,0011-06-17 01:30:00,11,6,17,1,30,540,366,All?e des nautoniers,,,Nuit sans éclairage public,En agglomération,Autre intersection,Normale,Sans collision,,,,,,,,,,,3,2,9,1.0,7.0
201100009105,0011-06-17 07:45:00,11,6,17,7,45,540,596,,48.55951,6.09142,Plein jour,Hors agglomération,Hors intersection,Normale,Autre collision,,,,,,,,,,,1,1,1,1.0,6.0
201100009106,0011-06-22 04:15:00,11,6,22,4,15,540,397,Rue du General Thiry,48.61554,6.11101,Nuit avec éclairage allumé,En agglomération,Hors intersection,Pluie légère,Autre collision,,,,,,,,,,,5,2,1,2.0,6.0
201100009107,0011-06-26 18:00:00,11,6,26,18,0,540,505,,48.629,6.045,Plein jour,Hors agglomération,Hors intersection,Normale,Deux véhicules - frontale,,,,,,,,,,,1,1,1,1.0,1.0
201100009108,0011-07-03 02:45:00,11,7,3,2,45,540,473,,48.416,6.135,Nuit sans éclairage public,Hors agglomération,Hors intersection,Normale,Autre collision,,,,,,,,,,,3,1,1,1.0,6.0
201100009109,0011-07-15 14:15:00,11,7,15,14,15,540,62,,,,Plein jour,Hors agglomération,Hors intersection,Normale,Deux véhicules - frontale,,,,,,,,,,,1,1,1,1.0,1.0
201100009110,0011-08-28 17:00:00,11,8,28,17,0,540,366,,48.618,6.118,Plein jour,Hors agglomération,Intersection en T,Normale,Deux véhicules - côté,,,,,,,,,,,1,1,3,1.0,3.0
201100009111,0011-09-07 09:45:00,11,9,7,9,45,540,111,934 route de Maron,,,Plein jour,En agglomération,Hors intersection,Pluie légère,Deux véhicules - côté,,,,,,,,,,,1,2,1,2.0,3.0
201100009112,0011-09-20 10:30:00,11,9,20,10,30,540,364,,48.608,6.153,Plein jour,Hors agglomération,Hors intersection,Normale,Deux véhicules - frontale,,,,,,,,,,,1,1,1,1.0,1.0
201100009113,0011-09-25 14:30:00,11,9,25,14,30,540,437,,48.53174,6.14966,Plein jour,Hors agglomération,Hors intersection,Normale,Deux véhicules - frontale,,,,,,,,,,,1,1,1,1.0,1.0
201100009114,0011-09-25 17:30:00,11,9,25,17,30,540,364,,,,Plein jour,Hors agglomération,Hors intersection,Normale,Deux véhicules - côté,,,,,,,,,,,1,1,1,1.0,3.0
201100009115,0011-09-30 12:15:00,11,9,30,12,15,540,156,,48.374,6.125,Plein jour,Hors agglomération,Hors intersection,Normale,Autre collision,,,,,,,,,,,1,1,1,1.0,6.0
201100009116,0011-10-09 17:45:00,11,10,9,17,45,540,196,,48.563,6.182,Crépuscule ou aube,Hors agglomération,Intersection en X,Pluie légère,Deux véhicules - côté,,,,,,,,,,,2,1,2,2.0,3.0
201100009117,0011-11-11 18:15:00,11,11,11,18,15,540,459,,,,Nuit sans éclairage public,Hors agglomération,Hors intersection,Normale,Deux véhicules - côté,,,,,,,,,,,3,1,1,1.0,3.0
201100009118,0011-12-03 12:15:00,11,12,3,12,15,540,62,,48.52,6.224,Plein jour,Hors agglomération,Hors intersection,Pluie forte,Deux véhicules - côté,,,,,,,,,,,1,1,1,3.0,3.0
201100009119,0011-03-07 12:00:00,11,3,7,12,0,540,435,,48.973,5.953,Plein jour,Hors agglomération,Hors intersection,Normale,Sans collision,,,,,,,,,,,1,1,1,1.0,7.0
201100009120,0011-04-10 14:45:00,11,4,10,14,45,540,579,,48.94681,6.00928,Plein jour,Hors agglomération,Hors intersection,Normale,Deux véhicules - frontale,,,,,,,,,,,1,1,1,1.0,1.0
201100009121,0011-06-09 07:45:00,11,6,9,7,45,540,518,,48.90781,5.94005,Plein jour,Hors agglomération,Hors intersection,Normale,Deux véhicules - frontale,,,,,,,,,,,1,1,1,1.0,1.0
201100009122,0011-06-14 19:00:00,11,6,14,19,0,540,415,Rue Anatole France,48.98755,6.02299,Plein jour,En agglomération,Hors intersection,Normale,Deux véhicules - arrière,,,,,,,,,,,1,2,1,1.0,2.0
201100009123,0011-11-01 05:15:00,11,11,1,5,15,540,182,,48.925,5.81,Nuit avec éclairage allumé,Hors agglomération,Hors intersection,Brouillard / fumée,Autre collision,,,,,,,,,,,5,1,1,5.0,6.0
201100009124,0011-01-15 04:00:00,11,1,15,4,0,30,23,HAUTERIVE (AVENUE D'),,,Nuit avec éclairage allumé,Hors agglomération,Hors intersection,Normale,Deux véhicules - arrière,,,,,,,,,,,5,1,1,1.0,2.0
201100009125,0011-01-18 13:50:00,11,1,18,13,50,30,310,"28 BIS, HOPITAL (BOULEVA",,,Plein jour,En agglomération,Hors intersection,Normale,Autre collision,,,,,,,,,,,1,2,1,1.0,6.0
201100009126,0011-01-28 10:55:00,11,1,28,10,55,30,310,"0, LEGER (PLACE VICTOR)",,,Plein jour,En agglomération,Giratoire,Normale,Autre collision,,,,,,,,,,,1,2,6,1.0,6.0
201100009127,0011-01-31 11:30:00,11,1,31,11,30,30,310,"0, VENISE (RUE DE)",,,Plein jour,En agglomération,Intersection en X,Normale,Deux véhicules - côté,,,,,,,,,,,1,2,2,1.0,3.0
201100009128,0011-02-14 16:50:00,11,2,14,16,50,30,310,"15, ROMAINS ( BOULEVARD",,,Plein jour,En agglomération,Hors intersection,Pluie légère,Autre collision,,,,,,,,,,,1,2,1,2.0,6.0
201100009129,0011-02-19 03:10:00,11,2,19,3,10,30,23,REPUBLIQUE (AVENUE DE LA,,,Nuit avec éclairage allumé,En agglomération,Hors intersection,Normale,Autre collision,,,,,,,,,,,5,2,1,1.0,6.0
201100009130,0011-02-25 14:20:00,11,2,25,14,20,30,310,"0, MESDAMES (ALLEE)",,,Plein jour,En agglomération,Intersection en T,Temps couvert,Deux véhicules - frontale,,,,,,,,,,,1,2,3,8.0,1.0
201100009131,0011-02-28 14:45:00,11,2,28,14,45,30,1,"63, THIERS (AVENUE DE)",,,Plein jour,En agglomération,Hors intersection,Normale,Deux véhicules - côté,,,,,,,,,,,1,2,1,1.0,3.0
201100009132,0011-03-13 19:40:00,11,3,13,19,40,30,94,"0, BOUTIRON (RUE DE)",,,Nuit avec éclairage allumé,Hors agglomération,Hors intersection,Pluie légère,Autre collision,,,,,,,,,,,5,1,1,2.0,6.0
201100009133,0011-03-20 21:00:00,11,3,20,21,0,30,310,"0, GAMBETTA (BOULEVARD)",,,Nuit avec éclairage allumé,En agglomération,Intersection en X,Normale,Deux véhicules - côté,,,,,,,,,,,5,2,2,1.0,3.0
201100009134,0011-03-23 15:40:00,11,3,23,15,40,30,23,CHARMEIL (ROUTE DE),,,Plein jour,En agglomération,Giratoire,Normale,Deux véhicules - frontale,,,,,,,,,,,1,2,6,1.0,1.0
201100009135,0011-03-25 15:35:00,11,3,25,15,35,30,310,"0, MUTUALITE (BOULEVARD",,,Plein jour,En agglomération,Intersection en Y,Normale,Deux véhicules - côté,,,,,,,,,,,1,2,4,1.0,3.0
201100009136,0011-03-27 14:55:00,11,3,27,14,55,30,23,"0, CHARLOING (RUE)",,,Plein jour,En agglomération,Intersection en X,Pluie légère,Autre collision,,,,,,,,,,,1,2,2,2.0,6.0
201100009137,0011-03-31 11:20:00,11,3,31,11,20,30,95,"0, DRAPEAU (AVENUE DU)",,,Plein jour,En agglomération,Hors intersection,Normale,Autre collision,,,,,,,,,,,1,2,1,1.0,6.0
201100009138,0011-04-07 09:40:00,11,4,7,9,40,30,310,"30, BLANC (RUE LOUIS)",,,Plein jour,En agglomération,Hors intersection,Normale,Sans collision,,,,,,,,,,,1,2,1,1.0,7.0
201100009139,0011-04-08 22:30:00,11,4,8,22,30,30,310,RAVY BRETON (RUE),,,Nuit avec éclairage allumé,En agglomération,Hors intersection,Normale,Deux véhicules - arrière,,,,,,,,,,,5,2,1,1.0,2.0
201100009140,0011-04-13 13:30:00,11,4,13,13,30,30,95,"38, RD 906B",,,Plein jour,Hors agglomération,Hors intersection,Normale,Autre collision,,,,,,,,,,,1,1,1,1.0,6.0
201100009141,0011-04-17 09:45:00,11,4,17,9,45,30,95,"0, BOUBET (RUE PIERRE)",,,Plein jour,En agglomération,Hors intersection,Normale,Deux véhicules - côté,,,,,,,,,,,1,2,1,1.0,3.0
201100009142,0011-04-24 16:55:00,11,4,24,16,55,30,310,BRIAND (AVENUE ARISTIDE),,,Plein jour,En agglomération,Hors intersection,Normale,Autre collision,,,,,,,,,,,1,2,1,1.0,6.0
201100009143,0011-04-26 19:45:00,11,4,26,19,45,30,23,"0, ZAY (RUE JEAN)",,,Plein jour,En agglomération,Intersection en T,Normale,Deux véhicules - côté,,,,,,,,,,,1,2,3,1.0,3.0
201100009144,0011-05-04 17:00:00,11,5,4,17,0,30,310,"10, ALSACE (RUE D')",,,Plein jour,En agglomération,Hors intersection,Normale,Autre collision,,,,,,,,,,,1,2,1,1.0,6.0
201100009145,0011-05-06 00:50:00,11,5,6,0,50,30,310,"2, AILES (ALLEE DES)",,,Nuit avec éclairage allumé,En agglomération,Hors intersection,Normale,Autre collision,,,,,,,,,,,5,2,1,1.0,6.0
201100009146,0011-05-07 20:00:00,11,5,7,20,0,30,310,"41, GAMBETTA (BOULEVARD)",,,Plein jour,En agglomération,Hors intersection,Normale,Deux véhicules - côté,,,,,,,,,,,1,2,1,1.0,3.0
201100009147,0011-05-17 14:50:00,11,5,17,14,50,30,310,"0, AILES (ALLEE DES)",,,Plein jour,En agglomération,Hors intersection,Normale,Autre collision,,,,,,,,,,,1,2,1,1.0,6.0
201100009148,0011-05-23 19:30:00,11,5,23,19,30,30,1,CHAUSSINS (LES   -   LIE,,,Plein jour,Hors agglomération,Hors intersection,Normale,Sans collision,,,,,,,,,,,1,1,1,1.0,7.0
201100009149,0011-05-20 16:50:00,11,5,20,16,50,30,95,BICENTENAIRE (BOULEVARD,,,Plein jour,Hors agglomération,Hors intersection,Normale,Deux véhicules - côté,,,,,,,,,,,1,1,1,1.0,3.0
201100009150,0011-05-28 14:00:00,11,5,28,14,0,30,23,"0, CHARMEIL (ROUTE DE)",,,Plein jour,En agglomération,Hors intersection,Normale,Deux véhicules - arrière,,,,,,,,,,,1,2,1,1.0,2.0
201100009151,0011-06-04 19:30:00,11,6,4,19,30,30,95,"81, VICHY (AVENUE DE)",,,Plein jour,En agglomération,Hors intersection,Normale,Autre collision,,,,,,,,,,,1,2,1,1.0,6.0
201100009152,0011-06-05 18:30:00,11,6,5,18,30,30,310,JOFFRE (RUE DU MARECHAL),,,Plein jour,En agglomération,Hors intersection,Normale,Deux véhicules - côté,,,,,,,,,,,1,2,1,1.0,3.0
201100009153,0011-06-07 12:00:00,11,6,7,12,0,30,310,"0, RAVY BRETON (RUE)",,,Plein jour,En agglomération,Hors intersection,Normale,Autre collision,,,,,,,,,,,1,2,1,1.0,6.0
201100009154,0011-06-13 14:40:00,11,6,13,14,40,30,1,"37, LIBERTE (RUE DE LA)",,,Plein jour,En agglomération,Hors intersection,Normale,Deux véhicules - frontale,,,,,,,,,,,1,2,1,1.0,1.0
201100009155,0011-06-22 04:55:00,11,6,22,4,55,30,310,"51, AILES (ALLEE DES)",,,Crépuscule ou aube,En agglomération,Hors intersection,Normale,Autre collision,,,,,,,,,,,2,2,1,1.0,6.0
201100009156,0011-06-25 09:00:00,11,6,25,9,0,30,95,"0, ROUX (AVENUE GILBERT)",,,Plein jour,En agglomération,Giratoire,Temps éblouissant,Autre collision,,,,,,,,,,,1,2,6,7.0,6.0
201100009157,0011-06-26 13:10:00,11,6,26,13,10,30,95,"0, DRAPEAU (AVENUE DU)",,,Plein jour,En agglomération,Giratoire,Normale,Autre collision,,,,,,,,,,,1,2,6,1.0,6.0
201100009158,0011-06-27 23:55:00,11,6,27,23,55,30,1,"88, GRAVIERS (AVENUE DES",,,Nuit avec éclairage allumé,En agglomération,Hors intersection,Normale,Autre collision,,,,,,,,,,,5,2,1,1.0,6.0