accident_id,datetime,annee,mois,jour,heure,minute,departement,commune_insee,adresse,latitude,longitude,luminosite,agglomeration,intersection,meteo,collision,nb_vehicules,nb_usagers,nb_indemnes,nb_tues,nb_blesses_hosp,nb_blesses_legers,age_cond_1,age_cond_2,veh_type_cond_1,veh_type_cond_2,lum_code,agg_code,int_code,atm_code,col_code
201100009159,0011-06-28 17:25:00,11,6,28,17,25,30,310,SCHUMAN (ROND POINT ROBE,,,Plein jour,En agglomération,Intersection à plus de 4 branches,Normale,Autre collision,,,,,,,,,,,1,2,5,1.0,6.0
201100009160,0011-06-30 15:35:00,11,6,30,15,35,30,95,"0, PERONNET (BOULEVARD G",,,Plein jour,En agglomération,Intersection en X,Normale,Deux véhicules - côté,,,,,,,,,,,1,2,2,1.0,3.0
201100009161,0011-07-03 07:15:00,11,7,3,7,15,30,95,"121, PARIS (ROUTE DE)",,,Plein jour,En agglomération,Hors intersection,Normale,Deux véhicules - côté,,,,,,,,,,,1,2,1,1.0,3.0
201100009162,0011-07-04 13:00:00,11,7,4,13,0,30,94,"27, BOUTIRON (RUE DE)",,,Plein jour,Hors agglomération,Hors intersection,Normale,Trois véhicules et plus - collisions multiples,,,,,,,,,,,1,1,1,1.0,5.0
201100009163,0011-07-16 09:30:00,11,7,16,9,30,30,95,"17, DE GAULLE (BOULEVARD",,,Plein jour,En agglomération,Hors intersection,Normale,Autre collision,,,,,,,,,,,1,2,1,1.0,6.0
201100009164,0011-07-18 16:30:00,11,7,18,16,30,30,94,"0, CHARLES (CHEMIN DES)",,,Plein jour,Hors agglomération,Hors intersection,Pluie légère,Sans collision,,,,,,,,,,,1,1,1,2.0,7.0
201100009165,0011-07-23 14:55:00,11,7,23,14,55,30,95,"55, RAYNAL (RUE DU GENER",,,Plein jour,En agglomération,Hors intersection,Pluie légère,Autre collision,,,,,,,,,,,1,2,1,2.0,6.0
201100009166,0011-08-10 13:30:00,11,8,10,13,30,30,310,"0, COULON (AVENUE PIERRE",,,Plein jour,En agglomération,Intersection en T,Normale,Deux véhicules - arrière,,,,,,,,,,,1,2,3,1.0,2.0
201100009167,0011-08-23 07:40:00,11,8,23,7,40,30,95,BICENTENAIRE (BOULEVARD,,,Plein jour,En agglomération,Hors intersection,Normale,Deux véhicules - côté,,,,,,,,,,,1,2,1,1.0,3.0
201100009168,0011-08-25 15:30:00,11,8,25,15,30,30,23,BOUSSANGES (ROND POINT D,,,Plein jour,En agglomération,Giratoire,Normale,Deux véhicules - côté,,,,,,,,,,,1,2,6,1.0,3.0
201100009169,0011-08-31 16:15:00,11,8,31,16,15,30,310,"23, ONZE NOVEMBRE (RUE D",,,Plein jour,En agglomération,Hors intersection,Normale,Autre collision,,,,,,,,,,,1,2,1,1.0,6.0
201100009170,0011-10-04 23:10:00,11,10,4,23,10,30,94,"0, SEYGNE (RUE DE LA)",,,Nuit sans éclairage public,En agglomération,Hors intersection,Normale,Sans collision,,,,,,,,,,,3,2,1,1.0,7.0
201100009171,0011-10-05 17:45:00,11,10,5,17,45,30,310,"0, GRANGIER (RUE)",,,Plein jour,En agglomération,Intersection en T,Normale,Sans collision,,,,,,,,,,,1,2,3,1.0,7.0
201100009172,0011-10-08 14:30:00,11,10,8,14,30,30,310,"0, JAURES (RUE JEAN)",,,Plein jour,En agglomération,Hors intersection,Temps couvert,Deux véhicules - côté,,,,,,,,,,,1,2,1,8.0,3.0
201100009173,0011-10-14 14:35:00,11,10,14,14,35,30,310,"34, CLEMENCEAU (RUE GEOR",,,Plein jour,En agglomération,Hors intersection,Normale,Autre collision,,,,,,,,,,,1,2,1,1.0,6.0
201100009174,0011-11-05 17:40:00,11,11,5,17,40,30,310,"0, JUGE (RUE MARC)",,,Nuit avec éclairage allumé,En agglomération,Giratoire,Pluie légère,Deux véhicules - arrière,,,,,,,,,,,5,2,6,2.0,2.0
201100009175,0011-11-07 17:40:00,11,11,7,17,40,30,23,REPUBLIQUE (AVENUE DE LA,,,Crépuscule ou aube,En agglomération,Hors intersection,Normale,Autre collision,,,,,,,,,,,2,2,1,1.0,6.0
201100009176,0011-11-08 00:01:00,11,11,8,0,1,30,310,"27, POINCARE (AVENUE)",,,Nuit avec éclairage allumé,En agglomération,Hors intersection,Normale,Autre collision,,,,,,,,,,,5,2,1,1.0,6.0
201100009177,0011-11-14 10:10:00,11,11,14,10,10,30,95,"55, PARIS (ROUTE DE)",,,Plein jour,En agglomération,Hors intersection,Normale,Autre collision,,,,,,,,,,,1,2,1,1.0,6.0
201100009178,0011-11-14 14:00:00,11,11,14,14,0,30,23,CAVY (RUE ADRIEN),,,Plein jour,En agglomération,Hors intersection,Normale,Deux véhicules - côté,,,,,,,,,,,1,2,1,1.0,3.0
201100009179,0011-11-20 17:55:00,11,11,20,17,55,30,95,"0, BANVILLE (RUE DE)",,,Nuit avec éclairage allumé,En agglomération,Hors intersection,Normale,Deux véhicules - frontale,,,,,,,,,,,5,2,1,1.0,1.0
201100009180,0011-11-10 13:45:00,11,11,10,13,45,30,23,REPUBLIQUE (AVENUE DE LA,,,Plein jour,En agglomération,Hors intersection,Normale,Deux véhicules - arrière,,,,,,,,,,,1,2,1,1.0,2.0
201100009181,0011-12-03 22:15:00,11,12,3,22,15,30,310,"0, GAMBETTA (BOULEVARD)",,,Nuit avec éclairage allumé,En agglomération,Intersection en Y,Pluie forte,Deux véhicules - côté,,,,,,,,,,,5,2,4,3.0,3.0
201100009182,0011-12-11 18:00:00,11,12,11,18,0,30,310,"0, JAURES (RUE JEAN)",,,Nuit avec éclairage allumé,En agglomération,Intersection en T,Normale,Deux véhicules - côté,,,,,,,,,,,5,2,3,1.0,3.0
201100009183,0011-12-13 17:15:00,11,12,13,17,15,30,95,"128, VICHY (AVENUE DE)",,,Nuit avec éclairage allumé,En agglomération,Hors intersection,Normale,Autre collision,,,,,,,,,,,5,2,1,1.0,6.0
201100009184,0011-12-20 10:30:00,11,12,20,10,30,30,310,"0, FOCH (RUE DU MARECHAL",,,Plein jour,En agglomération,Hors intersection,Pluie légère,Autre collision,,,,,,,,,,,1,2,1,2.0,6.0
201100009185,0011-12-21 17:45:00,11,12,21,17,45,30,310,"40, CELESTINS (AVENUE DE",,,Nuit avec éclairage allumé,En agglomération,Hors intersection,Pluie légère,Autre collision,,,,,,,,,,,5,2,1,2.0,6.0
201100009186,0011-02-08 18:45:00,11,2,8,18,45,540,581,,49.11622,5.88352,Nuit sans éclairage public,Hors agglomération,Hors intersection,Normale,Trois véhicules et plus - collisions multiples,,,,,,,,,,,3,1,1,1.0,5.0
201100009187,0011-02-05 08:00:00,11,2,5,8,0,540,581,,49.12566,5.86144,Crépuscule ou aube,Hors agglomération,Hors intersection,Temps couvert,Sans collision,,,,,,,,,,,2,1,1,8.0,7.0
201100009188,0011-04-23 19:00:00,11,4,23,19,0,540,353,,49.11128,5.9041,Plein jour,Hors agglomération,Hors intersection,Normale,Sans collision,,,,,,,,,,,1,1,1,1.0,7.0
201100009189,0011-05-29 09:00:00,11,5,29,9,0,540,103,,49.12075,5.9286,Plein jour,Hors agglomération,Hors intersection,Normale,Sans collision,,,,,,,,,,,1,1,1,1.0,7.0
201100009190,0011-06-11 10:45:00,11,6,11,10,45,540,283,RD13/RD13E,49.15942,5.95082,Plein jour,Hors agglomération,Intersection en T,Normale,Deux véhicules - frontale,,,,,,,,,,,1,1,3,1.0,1.0
201100009191,0011-09-11 10:00:00,11,9,11,10,0,540,171,,49.14,5.921,Nuit sans éclairage public,Hors agglomération,Hors intersection,Normale,Sans collision,,,,,,,,,,,3,1,1,1.0,7.0
201100009192,0011-09-21 17:45:00,11,9,21,17,45,540,277,,49.168,5.805,Plein jour,Hors agglomération,Hors intersection,Normale,Deux véhicules - frontale,,,,,,,,,,,1,1,1,1.0,1.0
201100009193,0011-03-07 11:00:00,11,3,7,11,0,540,533,,49.33307,5.91526,Plein jour,Hors agglomération,Hors intersection,Normale,Deux véhicules - côté,,,,,,,,,,,1,1,1,1.0,3.0
201100009194,0011-03-15 16:30:00,11,3,15,16,30,540,362,,49.40318,5.74282,Plein jour,Hors agglomération,Intersection en T,Normale,Deux véhicules - arrière,,,,,,,,,,,1,1,3,1.0,2.0
201100009195,0011-04-03 04:15:00,11,4,3,4,15,540,337,11 rue de Verdun,49.355,5.867,Nuit sans éclairage public,En agglomération,Hors intersection,Normale,Autre collision,,,,,,,,,,,3,2,1,1.0,6.0
201100009196,0011-04-22 21:15:00,11,4,22,21,15,540,337,,49.35998,5.87801,Nuit sans éclairage public,Hors agglomération,Hors intersection,Normale,Sans collision,,,,,,,,,,,3,1,1,1.0,7.0
201100009197,0011-04-29 16:45:00,11,4,29,16,45,540,18,,49.28586,5.86235,Plein jour,Hors agglomération,Hors intersection,Normale,Deux véhicules - frontale,,,,,,,,,,,1,1,1,1.0,1.0
201100009198,0011-05-27 14:45:00,11,5,27,14,45,540,533,,49.3342,5.91462,Plein jour,Hors agglomération,Hors intersection,Normale,Deux véhicules - frontale,,,,,,,,,,,1,1,1,1.0,1.0
201100009199,0011-06-20 04:30:00,11,6,20,4,30,540,29,36 rue albert lebrun,49.36838,5.8921,Nuit avec éclairage allumé,En agglomération,Hors intersection,Pluie légère,Autre collision,,,,,,,,,,,5,2,1,2.0,6.0
201100009200,0011-08-20 14:45:00,11,8,20,14,45,540,342,RUE MARECHAL JOFFRE,49.289,5.894,Plein jour,En agglomération,Hors intersection,Normale,Deux véhicules - frontale,,,,,,,,,,,1,2,1,1.0,1.0
201100009201,0011-11-27 16:45:00,11,11,27,16,45,540,598,,49.359,5.767,Crépuscule ou aube,En agglomération,Hors intersection,Pluie légère,Autre collision,,,,,,,,,,,2,2,1,2.0,6.0
201100009202,0011-02-20 00:01:00,11,2,20,0,1,540,335,rue St Martin,48.6443,6.43896,Nuit avec éclairage allumé,En agglomération,Hors intersection,Normale,Autre collision,,,,,,,,,,,5,2,1,1.0,6.0
201100009203,0011-02-22 07:00:00,11,2,22,7,0,540,588,,48.59331,6.4028,Crépuscule ou aube,Hors agglomération,Hors intersection,Normale,Trois véhicules et plus - collisions multiples,,,,,,,,,,,2,1,1,1.0,5.0
201100009204,0011-03-24 21:30:00,11,3,24,21,30,540,509,rue de Lorraine,48.63179,6.37464,Nuit avec éclairage allumé,En agglomération,Hors intersection,Normale,Autre collision,,,,,,,,,,,5,2,1,1.0,6.0
201100009205,0011-03-28 17:45:00,11,3,28,17,45,540,176,,48.63894,6.48419,Plein jour,Hors agglomération,Hors intersection,Normale,Autre collision,,,,,,,,,,,1,1,1,1.0,6.0
201100009206,0011-06-25 05:30:00,11,6,25,5,30,540,541,,48.692,6.501,Plein jour,Hors agglomération,Hors intersection,Normale,Sans collision,,,,,,,,,,,1,1,1,1.0,7.0
201100009207,0011-02-12 10:45:00,11,2,12,10,45,540,54,rue de la mairie,48.47741,6.31447,Plein jour,En agglomération,Hors intersection,Normale,Autre collision,,,,,,,,,,,1,2,1,1.0,6.0
201100009208,0011-02-25 07:15:00,11,2,25,7,15,540,559,route de rosières,48.52889,6.27387,Nuit sans éclairage public,En agglomération,Hors intersection,Temps couvert,Autre collision,,,,,,,,,,,3,2,1,8.0,6.0
201100009209,0011-02-27 21:00:00,11,2,27,21,0,540,175,,,,Nuit sans éclairage public,Hors agglomération,Hors intersection,Normale,Autre collision,,,,,,,,,,,3,1,1,1.0,6.0
201100009210,0011-03-08 15:15:00,11,3,8,15,15,540,324,,48.49566,6.30373,Plein jour,Hors agglomération,Hors intersection,Normale,Autre collision,,,,,,,,,,,1,1,1,1.0,6.0
201100009211,0011-03-15 07:45:00,11,3,15,7,45,540,359,,48.51408,6.39124,Plein jour,Hors agglomération,Hors intersection,Brouillard / fumée,Deux véhicules - frontale,,,,,,,,,,,1,1,1,5.0,1.0
201100009212,0011-03-22 09:30:00,11,3,22,9,30,540,256,,48.51422,6.31888,Plein jour,Hors agglomération,Intersection en Y,Normale,Deux véhicules - côté,,,,,,,,,,,1,1,4,1.0,3.0
201100009213,0011-05-27 15:15:00,11,5,27,15,15,540,393,rue du General LECLERC,48.47952,6.56842,Plein jour,En agglomération,Hors intersection,Normale,Autre collision,,,,,,,,,,,1,2,1,1.0,6.0
201100009214,0011-06-18 10:45:00,11,6,18,10,45,540,144,,48.533,6.262,Plein jour,Hors agglomération,Hors intersection,Normale,Deux véhicules - frontale,,,,,,,,,,,1,1,1,1.0,1.0
201100009215,0011-07-20 00:45:00,11,7,20,0,45,540,324,,48.492,6.303,Nuit sans éclairage public,Hors agglomération,Hors intersection,Temps couvert,Autre collision,,,,,,,,,,,3,1,1,8.0,6.0
201100009216,0011-08-07 08:45:00,11,8,7,8,45,540,144,route de benney,48.527,6.254,Plein jour,En agglomération,Hors intersection,Normale,Autre collision,,,,,,,,,,,1,2,1,1.0,6.0
201100009217,0011-09-29 17:15:00,11,9,29,17,15,540,216,,48.464,6.373,Plein jour,Hors agglomération,Hors intersection,Normale,Sans collision,,,,,,,,,,,1,1,1,1.0,7.0
201100009218,0011-10-01 18:30:00,11,10,1,18,30,540,42,,48.431,6.264,Plein jour,Hors agglomération,Hors intersection,Normale,Sans collision,,,,,,,,,,,1,1,1,1.0,7.0
201100009219,0011-09-30 07:15:00,11,9,30,7,15,540,144,,48.532,6.265,Plein jour,Hors agglomération,Intersection en T,Brouillard / fumée,Deux véhicules - côté,,,,,,,,,,,1,1,3,5.0,3.0
201100009220,0011-10-11 21:15:00,11,10,11,21,15,540,152,11 rue de lorraine,48.56,6.392,Nuit avec éclairage allumé,En agglomération,Hors intersection,Temps couvert,Autre collision,,,,,,,,,,,5,2,1,8.0,6.0
201100009221,0011-10-26 18:15:00,11,10,26,18,15,540,76,09 rue du pr?s de l'?cat,48.557,6.398,Plein jour,En agglomération,Hors intersection,Normale,Deux véhicules - frontale,,,,,,,,,,,1,2,1,1.0,1.0
201100009222,0011-12-04 02:00:00,11,12,4,2,0,540,45,,48.546,6.359,Nuit sans éclairage public,Hors agglomération,Hors intersection,Pluie légère,Autre collision,,,,,,,,,,,3,1,1,2.0,6.0
201100009223,0011-01-18 13:30:00,11,1,18,13,30,540,124,,48.58123,6.77778,Plein jour,Hors agglomération,Hors intersection,Normale,Sans collision,,,,,,,,,,,1,1,1,1.0,7.0
201100009224,0011-04-20 09:00:00,11,4,20,9,0,540,540,,48.576,6.962,Plein jour,Hors agglomération,Hors intersection,Normale,Autre collision,,,,,,,,,,,1,1,1,1.0,6.0
201100009225,0011-08-22 12:45:00,11,8,22,12,45,540,230,,48.621,6.876,Plein jour,Hors agglomération,Hors intersection,Normale,Sans collision,,,,,,,,,,,1,1,1,1.0,7.0
201100009226,0011-10-14 15:45:00,11,10,14,15,45,540,77,,48.596,6.866,Plein jour,Hors agglomération,Hors intersection,Normale,Deux véhicules - frontale,,,,,,,,,,,1,1,1,1.0,1.0
201100009227,0011-12-26 14:45:00,11,12,26,14,45,540,406,"27, rue du ch?teau",,,Plein jour,En agglomération,Hors intersection,Normale,Sans collision,,,,,,,,,,,1,2,1,1.0,7.0
201100009228,0011-01-14 17:15:00,11,1,14,17,15,540,39,Rue humbépaire,48.44401,6.75833,Nuit avec éclairage allumé,En agglomération,Passage à niveau,Normale,Autre collision,,,,,,,,,,,5,2,8,1.0,6.0
201100009229,0011-06-06 17:00:00,11,6,6,17,0,540,38,,48.492,6.695,Plein jour,Hors agglomération,Hors intersection,Normale,Autre collision,,,,,,,,,,,1,1,1,1.0,6.0
201100009230,0011-06-30 08:00:00,11,6,30,8,0,540,365,,48.469,6.755,Plein jour,Hors agglomération,Hors intersection,Normale,Trois véhicules et plus - collisions multiples,,,,,,,,,,,1,1,1,1.0,5.0
201100009231,0011-07-10 20:30:00,11,7,10,20,30,540,519,16 rue d'Alsace,48.416,6.807,Plein jour,En agglomération,Hors intersection,Pluie légère,Deux véhicules - côté,,,,,,,,,,,1,2,1,2.0,3.0
201100009232,0011-08-28 18:45:00,11,8,28,18,45,540,377,intersection RD 935-992,,,Plein jour,En agglomération,Intersection en X,Normale,Deux véhicules - côté,,,,,,,,,,,1,2,2,1.0,3.0
201100009233,0011-02-09 16:00:00,11,2,9,16,0,540,135,place de l'hotel de vill,,,Plein jour,En agglomération,Hors intersection,Normale,Deux véhicules - côté,,,,,,,,,,,1,2,1,1.0,3.0
201100009234,0011-02-22 03:30:00,11,2,22,3,30,540,46,,48.53331,5.84938,Nuit sans éclairage public,Hors agglomération,Hors intersection,Normale,Autre collision,,,,,,,,,,,3,1,1,1.0,6.0
201100009235,0011-05-20 22:30:00,11,5,20,22,30,540,122,,48.666,5.903,Nuit sans éclairage public,Hors agglomération,Hors intersection,Normale,Deux véhicules - arrière,,,,,,,,,,,3,1,1,1.0,2.0
201100009236,0011-07-10 15:00:00,11,7,10,15,0,540,128,,48.666,5.831,Plein jour,Hors agglomération,Hors intersection,Pluie forte,Sans collision,,,,,,,,,,,1,1,1,3.0,7.0
201100009237,0011-07-26 23:45:00,11,7,26,23,45,540,80,,48.582,5.83,Nuit sans éclairage public,Hors agglomération,Hors intersection,Normale,Sans collision,,,,,,,,,,,3,1,1,1.0,7.0
201100009238,0011-08-21 17:30:00,11,8,21,17,30,540,232,,48.689,5.995,Plein jour,Hors agglomération,Hors intersection,Normale,Autre collision,,,,,,,,,,,1,1,1,1.0,6.0
201100009239,0011-08-25 14:45:00,11,8,25,14,45,540,528,,,,Plein jour,Hors agglomération,Hors intersection,Normale,Deux véhicules - frontale,,,,,,,,,,,1,1,1,1.0,1.0
201100009240,0011-08-31 15:30:00,11,8,31,15,30,540,205,,48.67,5.808,Plein jour,Hors agglomération,Hors intersection,Normale,Autre collision,,,,,,,,,,,1,1,1,1.0,6.0
201100009241,0011-09-13 16:30:00,11,9,13,16,30,540,242,,48.647,5.891,Plein jour,Hors agglomération,Hors intersection,Normale,Deux véhicules - frontale,,,,,,,,,,,1,1,1,1.0,1.0
201100009242,0011-10-07 14:00:00,11,10,7,14,0,540,146,,48.581,5.889,Plein jour,Hors agglomération,Hors intersection,Normale,Deux véhicules - frontale,,,,,,,,,,,1,1,1,1.0,1.0
201100009243,0011-12-05 19:00:00,11,12,5,19,0,540,128,,,,Nuit sans éclairage public,Hors agglomération,Hors intersection,Pluie légère,Deux véhicules - arrière,,,,,,,,,,,3,1,1,2.0,2.0
201100009244,0011-01-16 06:45:00,11,1,16,6,45,540,340,,48.88282,5.96454,Nuit sans éclairage public,Hors agglomération,Hors intersection,Normale,Autre collision,,,,,,,,,,,3,1,1,1.0,6.0
201100009245,0011-01-25 05:45:00,11,1,25,5,45,540,557,,48.707,6.056,Nuit avec éclairage allumé,Hors agglomération,Hors intersection,Temps couvert,Deux véhicules - arrière,,,,,,,,,,,5,1,1,8.0,2.0
201100009246,0011-03-10 09:45:00,11,3,10,9,45,540,63,,48.86343,5.84208,Plein jour,Hors agglomération,Hors intersection,Normale,Deux véhicules - frontale,,,,,,,,,,,1,1,1,1.0,1.0
201100009247,0011-05-23 19:15:00,11,5,23,19,15,540,272,,48.761,5.961,Plein jour,Hors agglomération,Hors intersection,Normale,Deux véhicules - côté,,,,,,,,,,,1,1,1,1.0,3.0
201100009248,0011-07-01 18:15:00,11,7,1,18,15,540,557,RD 400,48.69205,6.04325,Plein jour,En agglomération,Intersection en T,Normale,Deux véhicules - frontale,,,,,,,,,,,1,2,3,1.0,1.0
201100009249,0011-07-03 10:45:00,11,7,3,10,45,540,34,,48.78,5.941,Plein jour,Hors agglomération,Hors intersection,Normale,Deux véhicules - frontale,,,,,,,,,,,1,1,1,1.0,1.0
201100009250,0011-07-01 18:00:00,11,7,1,18,0,540,490,RD 907,48.795,6.044,Plein jour,En agglomération,Intersection en T,Normale,Deux véhicules - frontale,,,,,,,,,,,1,2,3,1.0,1.0
201100009251,0011-08-20 10:30:00,11,8,20,10,30,540,318,6 route de Frouard,48.754,6.085,Plein jour,En agglomération,Hors intersection,Temps éblouissant,Deux véhicules - frontale,,,,,,,,,,,1,2,1,7.0,1.0
201100009252,0011-08-31 16:00:00,11,8,31,16,0,540,584,,48.71,5.97,Plein jour,Hors agglomération,Giratoire,Normale,Autre collision,,,,,,,,,,,1,1,6,1.0,6.0
201100009253,0011-10-22 18:00:00,11,10,22,18,0,540,355,Route de manonville,48.849,5.941,Plein jour,En agglomération,Hors intersection,Normale,Sans collision,,,,,,,,,,,1,2,1,1.0,7.0
201100009254,0011-11-16 09:30:00,11,11,16,9,30,540,557,2 Bis Route de Toul,48.696,6.031,Plein jour,En agglomération,Hors intersection,Brouillard / fumée,Autre collision,,,,,,,,,,,1,2,1,5.0,6.0
201100009255,0011-11-28 07:15:00,11,11,28,7,15,540,463,,48.799,6.016,Nuit avec éclairage non allumé,Hors agglomération,Intersection en X,Normale,Deux véhicules - frontale,,,,,,,,,,,4,1,2,1.0,1.0
201100009256,0011-12-16 10:45:00,11,12,16,10,45,540,208,,48.749,5.948,Nuit sans éclairage public,Hors agglomération,Hors intersection,Vent fort / tempête,Deux véhicules - frontale,,,,,,,,,,,3,1,1,6.0,1.0
201100009257,0011-02-02 11:30:00,11,2,2,11,30,550,479,,48.85037,5.22924,Plein jour,Hors agglomération,Hors intersection,Temps couvert,Autre collision,,,,,,,,,,,1,1,1,8.0,6.0
201100009258,0011-02-11 09:15:00,11,2,11,9,15,550,442,,48.8918,5.24597,Plein jour,Hors agglomération,Hors intersection,Normale,Deux véhicules - côté,,,,,,,,,,,1,1,1,1.0,3.0
201100009259,0011-03-18 21:15:00,11,3,18,21,15,550,378,,48.86613,4.9446,Nuit sans éclairage public,Hors agglomération,Hors intersection,Pluie légère,Autre collision,,,,,,,,,,,3,1,1,2.0,6.0
201100009260,0011-04-01 14:30:00,11,4,1,14,30,550,488,,48.736,5.252,Plein jour,Hors agglomération,Hors intersection,Normale,Autre collision,,,,,,,,,,,1,1,1,1.0,6.0
201100009261,0011-05-29 19:45:00,11,5,29,19,45,550,389,,49.01565,5.16891,Plein jour,Hors agglomération,Hors intersection,Normale,Sans collision,,,,,,,,,,,1,1,1,1.0,7.0
201100009262,0011-06-26 16:00:00,11,6,26,16,0,550,369,,48.80256,5.22001,Plein jour,Hors agglomération,Hors intersection,Normale,Deux véhicules - côté,,,,,,,,,,,1,1,1,1.0,3.0
201100009263,0011-07-17 19:15:00,11,7,17,19,15,550,366,,48.829,5.086,Plein jour,Hors agglomération,Hors intersection,Normale,Autre collision,,,,,,,,,,,1,1,1,1.0,6.0
201100009264,0011-08-11 17:45:00,11,8,11,17,45,550,366,,48.819,5.092,Plein jour,En agglomération,Hors intersection,Normale,Autre collision,,,,,,,,,,,1,2,1,1.0,6.0
201100009265,0011-08-19 10:15:00,11,8,19,10,15,550,108,,48.932,5.259,Plein jour,Hors agglomération,Hors intersection,Normale,Autre collision,,,,,,,,,,,1,1,1,1.0,6.0
201100009266,0011-08-30 06:45:00,11,8,30,6,45,550,378,,48.875,4.943,Plein jour,Hors agglomération,Hors intersection,Normale,Autre collision,,,,,,,,,,,1,1,1,1.0,6.0
201100009267,0011-09-20 17:45:00,11,9,20,17,45,550,435,rue de la tuilerie,48.753,5.038,Plein jour,En agglomération,Hors intersection,Normale,Autre collision,,,,,,,,,,,1,2,1,1.0,6.0
201100009268,0011-11-09 13:00:00,11,11,9,13,0,550,531,,48.808,5.007,Plein jour,Hors agglomération,Hors intersection,Normale,Deux véhicules - frontale,,,,,,,,,,,1,1,1,1.0,1.0
201100009269,0011-12-10 02:00:00,11,12,10,2,0,550,423,15 RUE DE MILAVILLE,48.919,5.18,Nuit sans éclairage public,En agglomération,Hors intersection,Normale,Autre collision,,,,,,,,,,,3,2,1,1.0,6.0
201100009270,0011-02-02 12:00:00,11,2,2,12,0,550,466,,48.74196,5.32734,Plein jour,Hors agglomération,Hors intersection,Autre,Deux véhicules - frontale,,,,,,,,,,,1,1,1,9.0,1.0
201100009271,0011-02-07 16:00:00,11,2,7,16,0,550,543,RN 135,48.69494,5.31263,Plein jour,Hors agglomération,Intersection en T,Normale,Deux véhicules - frontale,,,,,,,,,,,1,1,3,1.0,1.0
201100009272,0011-02-17 07:15:00,11,2,17,7,15,550,31,,48.69414,5.01537,Plein jour,Hors agglomération,Hors intersection,Normale,Autre collision,,,,,,,,,,,1,1,1,1.0,6.0
201100009273,0011-04-16 15:45:00,11,4,16,15,45,550,504,Chemin de Vaux,48.729,5.227,Plein jour,En agglomération,Hors intersection,Normale,Deux véhicules - côté,,,,,,,,,,,1,2,1,1.0,3.0
201100009274,0011-06-01 19:00:00,11,6,1,19,0,550,15,,48.63952,5.13074,Plein jour,Hors agglomération,Autre intersection,Normale,Autre collision,,,,,,,,,,,1,1,9,1.0,6.0
201100009275,0011-06-16 15:00:00,11,6,16,15,0,550,291,,48.702,5.346,Plein jour,Hors agglomération,Hors intersection,Normale,Autre collision,,,,,,,,,,,1,1,1,1.0,6.0
201100009276,0011-06-20 10:00:00,11,6,20,10,0,550,300,,48.659,5.34,Plein jour,Hors agglomération,Hors intersection,Pluie légère,Deux véhicules - arrière,,,,,,,,,,,1,1,1,2.0,2.0
201100009277,0011-10-11 18:00:00,11,10,11,18,0,550,291,18 rue Sainte Anne,,,Crépuscule ou aube,En agglomération,Hors intersection,Normale,Autre collision,,,,,,,,,,,2,2,1,1.0,6.0
201100009278,0011-11-03 22:45:00,11,11,3,22,45,550,374,,48.659,5.228,Nuit sans éclairage public,Hors agglomération,Hors intersection,Pluie légère,Deux véhicules - arrière,,,,,,,,,,,3,1,1,2.0,2.0
201100009279,0011-12-21 11:45:00,11,12,21,11,45,550,284,,,,Plein jour,Hors agglomération,Hors intersection,Pluie légère,Autre collision,,,,,,,,,,,1,1,1,2.0,6.0
201100009280,0011-12-21 18:30:00,11,12,21,18,30,550,10,,,,Nuit sans éclairage public,Hors agglomération,Hors intersection,Pluie légère,Autre collision,,,,,,,,,,,3,1,1,2.0,6.0
201100009281,0011-01-30 18:00:00,11,1,30,18,0,550,122,,48.77509,5.5695,Nuit sans éclairage public,Hors agglomération,Hors intersection,Normale,Deux véhicules - frontale,,,,,,,,,,,3,1,1,1.0,1.0
201100009282,0011-03-27 18:45:00,11,3,27,18,45,550,184,,48.748,5.657,Plein jour,Hors agglomération,Hors intersection,Normale,Sans collision,,,,,,,,,,,1,1,1,1.0,7.0
201100009283,0011-05-17 10:30:00,11,5,17,10,30,550,184,,48.72814,5.60488,Plein jour,Hors agglomération,Intersection en T,Normale,Deux véhicules - côté,,,,,,,,,,,1,1,3,1.0,3.0
201100009284,0011-07-01 06:15:00,11,7,1,6,15,550,288,,,,Plein jour,Hors agglomération,Hors intersection,Normale,Deux véhicules - frontale,,,,,,,,,,,1,1,1,1.0,1.0
201100009285,0011-08-29 15:00:00,11,8,29,15,0,550,122,01 RUE DES CAPUCINS,,,Plein jour,En agglomération,Giratoire,Normale,Deux véhicules - côté,,,,,,,,,,,1,2,6,1.0,3.0
201100009286,0011-11-01 02:00:00,11,11,1,2,0,550,454,,48.728,5.469,Nuit sans éclairage public,Hors agglomération,Hors intersection,Brouillard / fumée,Autre collision,,,,,,,,,,,3,1,1,5.0,6.0
201100009287,0011-11-11 15:30:00,11,11,11,15,30,550,526,,48.79927,5.5313,Plein jour,Hors agglomération,Hors intersection,Brouillard / fumée,Deux véhicules - frontale,,,,,,,,,,,1,1,1,5.0,1.0