accident_id,datetime,annee,mois,jour,heure,minute,departement,commune_insee,adresse,latitude,longitude,luminosite,agglomeration,intersection,meteo,collision,nb_vehicules,nb_usagers,nb_indemnes,nb_tues,nb_blesses_hosp,nb_blesses_legers,age_cond_1,age_cond_2,veh_type_cond_1,veh_type_cond_2,lum_code,agg_code,int_code,atm_code,col_code
201100009288,0011-02-26 21:45:00,11,2,26,21,45,550,197,,48.89951,5.45585,Nuit sans éclairage public,Hors agglomération,Hors intersection,Normale,Autre collision,,,,,,,,,,,3,1,1,1.0,6.0
201100009289,0011-04-17 05:30:00,11,4,17,5,30,550,551,10 RUE DU CHATEAU,48.96537,5.67069,Nuit sans éclairage public,En agglomération,Hors intersection,Normale,Autre collision,,,,,,,,,,,3,2,1,1.0,6.0
201100009290,0011-08-07 21:00:00,11,8,7,21,0,550,415,rue basse,,,Crépuscule ou aube,En agglomération,Hors intersection,Normale,Autre collision,,,,,,,,,,,2,2,1,1.0,6.0
201100009291,0011-09-08 06:45:00,11,9,8,6,45,550,463,place bailleux,48.894,5.543,Crépuscule ou aube,En agglomération,Giratoire,Normale,Autre collision,,,,,,,,,,,2,2,6,1.0,6.0
201100009292,0011-11-20 06:30:00,11,11,20,6,30,550,234,,,,Nuit sans éclairage public,Hors agglomération,Hors intersection,Normale,Autre collision,,,,,,,,,,,3,1,1,1.0,6.0
201100009293,0011-04-18 06:15:00,11,4,18,6,15,550,573,,48.6877,5.63102,Crépuscule ou aube,Hors agglomération,Hors intersection,Normale,Deux véhicules - arrière,,,,,,,,,,,2,1,1,1.0,2.0
201100009294,0011-05-16 04:30:00,11,5,16,4,30,550,334,,,,Nuit sans éclairage public,Hors agglomération,Autre intersection,Normale,Deux véhicules - frontale,,,,,,,,,,,3,1,9,1.0,1.0
201100009295,0011-07-18 08:00:00,11,7,18,8,0,550,496,,48.722,5.659,Plein jour,Hors agglomération,Hors intersection,Temps couvert,Sans collision,,,,,,,,,,,1,1,1,8.0,7.0
201100009296,0011-08-10 11:15:00,11,8,10,11,15,550,520,,48.695,5.673,Plein jour,Hors agglomération,Hors intersection,Normale,Sans collision,,,,,,,,,,,1,1,1,1.0,7.0
201100009297,0011-11-16 19:00:00,11,11,16,19,0,550,247,,,,Nuit sans éclairage public,Hors agglomération,Hors intersection,Brouillard / fumée,Deux véhicules - arrière,,,,,,,,,,,3,1,1,5.0,2.0
201100009298,0011-11-22 07:15:00,11,11,22,7,15,550,475,17 Rue de Grand à Sorcy,48.63781,5.60282,Crépuscule ou aube,En agglomération,Hors intersection,Brouillard / fumée,Deux véhicules - côté,,,,,,,,,,,2,2,1,5.0,3.0
201100009299,0011-02-08 15:15:00,11,2,8,15,15,550,279,CHEMIN DES EGYPTIENS,49.4899,5.16626,Plein jour,En agglomération,Hors intersection,Temps éblouissant,Autre collision,,,,,,,,,,,1,2,1,7.0,6.0
201100009300,0011-02-09 15:45:00,11,2,9,15,45,550,323,,49.52861,5.1727,Plein jour,Hors agglomération,Hors intersection,Normale,Autre collision,,,,,,,,,,,1,1,1,1.0,6.0
201100009301,0011-03-28 10:00:00,11,3,28,10,0,550,351,,49.52288,5.39835,Plein jour,Hors agglomération,Hors intersection,Normale,Deux véhicules - frontale,,,,,,,,,,,1,1,1,1.0,1.0
201100009302,0011-05-03 16:15:00,11,5,3,16,15,550,582,rue du Grand Paquis,49.45636,5.17607,Plein jour,En agglomération,Intersection en T,Normale,Deux véhicules - côté,,,,,,,,,,,1,2,3,1.0,3.0
201100009303,0011-05-11 12:45:00,11,5,11,12,45,550,351,Chemin de la Scierie,49.5106,5.37676,Plein jour,En agglomération,Hors intersection,Normale,Deux véhicules - frontale,,,,,,,,,,,1,2,1,1.0,1.0
201100009304,0011-05-10 23:30:00,11,5,10,23,30,550,188,,49.45689,5.42175,Nuit sans éclairage public,Hors agglomération,Hors intersection,Pluie forte,Autre collision,,,,,,,,,,,3,1,1,3.0,6.0
201100009305,0011-05-29 01:00:00,11,5,29,1,0,550,95,,49.50915,5.12987,Nuit sans éclairage public,Hors agglomération,Hors intersection,Normale,Autre collision,,,,,,,,,,,3,1,1,1.0,6.0
201100009306,0011-10-25 10:00:00,11,10,25,10,0,550,364,,49.422,5.204,Plein jour,Hors agglomération,Autre intersection,Pluie légère,Deux véhicules - frontale,,,,,,,,,,,1,1,9,2.0,1.0
201100009307,0011-05-26 23:00:00,11,5,26,23,0,550,71,,49.38717,5.3025,Nuit sans éclairage public,Hors agglomération,Hors intersection,Normale,Autre collision,,,,,,,,,,,3,1,1,1.0,6.0
201100009308,0011-07-04 19:45:00,11,7,4,19,45,550,146,,,,Plein jour,Hors agglomération,Hors intersection,Normale,Autre collision,,,,,,,,,,,1,1,1,1.0,6.0
201100009309,0011-07-13 17:45:00,11,7,13,17,45,550,193,,49.2747,5.28077,Plein jour,Hors agglomération,Hors intersection,Normale,Deux véhicules - côté,,,,,,,,,,,1,1,1,1.0,3.0
201100009310,0011-07-25 17:00:00,11,7,25,17,0,550,490,,,,Plein jour,Hors agglomération,Hors intersection,Normale,Sans collision,,,,,,,,,,,1,1,1,1.0,7.0
201100009311,0011-08-07 11:15:00,11,8,7,11,15,550,450,,49.41543,5.48928,Plein jour,Hors agglomération,Hors intersection,Normale,Autre collision,,,,,,,,,,,1,1,1,1.0,6.0
201100009312,0011-09-24 14:15:00,11,9,24,14,15,550,124,,,,Plein jour,Hors agglomération,Hors intersection,Normale,Sans collision,,,,,,,,,,,1,1,1,1.0,7.0
201100009313,0011-04-21 18:00:00,11,4,21,18,0,550,394,,49.26716,5.49497,Plein jour,Hors agglomération,Hors intersection,Normale,Sans collision,,,,,,,,,,,1,1,1,1.0,7.0
201100009314,0011-05-25 16:45:00,11,5,25,16,45,550,385,,49.11731,5.21864,Plein jour,Hors agglomération,Intersection en T,Normale,Deux véhicules - côté,,,,,,,,,,,1,1,3,1.0,3.0
201100009315,0011-06-08 14:30:00,11,6,8,14,30,550,73,3 av Raymond Poincaré,49.20863,5.37652,Plein jour,En agglomération,Hors intersection,Normale,Deux véhicules - côté,,,,,,,,,,,1,2,1,1.0,3.0
201100009316,0011-06-09 07:20:00,11,6,9,7,20,550,468,,49.24898,5.34007,Plein jour,Hors agglomération,Hors intersection,Normale,Deux véhicules - frontale,,,,,,,,,,,1,1,1,1.0,1.0
201100009317,0011-07-03 03:00:00,11,7,3,3,0,550,139,,49.243,5.282,Nuit sans éclairage public,Hors agglomération,Hors intersection,Normale,Sans collision,,,,,,,,,,,3,1,1,1.0,7.0
201100009318,0011-07-16 12:30:00,11,7,16,12,30,550,99,,49.21758,5.28651,Plein jour,Hors agglomération,Hors intersection,Normale,Autre collision,,,,,,,,,,,1,1,1,1.0,6.0
201100009319,0011-07-17 04:30:00,11,7,17,4,30,550,106,,49.22014,5.28297,Nuit sans éclairage public,En agglomération,Hors intersection,Pluie légère,Autre collision,,,,,,,,,,,3,2,1,2.0,6.0
201100009320,0011-08-09 11:30:00,11,8,9,11,30,550,102,,49.19277,5.34189,Plein jour,Hors agglomération,Hors intersection,Pluie légère,Deux véhicules - frontale,,,,,,,,,,,1,1,1,2.0,1.0
201100009321,0011-10-08 16:30:00,11,10,8,16,30,550,73,,49.21,5.379,Plein jour,Hors agglomération,Hors intersection,Temps couvert,Deux véhicules - frontale,,,,,,,,,,,1,1,1,8.0,1.0
201100009322,0011-11-19 17:45:00,11,11,19,17,45,550,497,,49.097,5.286,Nuit sans éclairage public,Hors agglomération,Hors intersection,Normale,Deux véhicules - côté,,,,,,,,,,,3,1,1,1.0,3.0
201100009323,0011-12-06 09:00:00,11,12,6,9,0,550,523,,49.237,5.362,Plein jour,Hors agglomération,Hors intersection,Pluie forte,Deux véhicules - côté,,,,,,,,,,,1,1,1,3.0,3.0
201100009324,0011-12-14 11:45:00,11,12,14,11,45,550,498,,49.029,5.284,Plein jour,Hors agglomération,Hors intersection,Vent fort / tempête,Deux véhicules - frontale,,,,,,,,,,,1,1,1,6.0,1.0
201100009325,0011-12-17 06:30:00,11,12,17,6,30,550,492,121 rue de Dieue,49.088,5.459,Nuit avec éclairage allumé,En agglomération,Hors intersection,Normale,Autre collision,,,,,,,,,,,5,2,1,1.0,6.0
201100009326,0011-05-23 16:15:00,11,5,23,16,15,550,117,,49.14427,5.13491,Plein jour,Hors agglomération,Hors intersection,Normale,Deux véhicules - arrière,,,,,,,,,,,1,1,1,1.0,2.0
201100009327,0011-08-18 10:45:00,11,8,18,10,45,550,33,,49.25964,5.01356,Plein jour,Hors agglomération,Hors intersection,Normale,Deux véhicules - côté,,,,,,,,,,,1,1,1,1.0,3.0
201100009328,0011-01-15 20:15:00,11,1,15,20,15,550,500,,49.332,5.677,Nuit sans éclairage public,Hors agglomération,Hors intersection,Normale,Sans collision,,,,,,,,,,,3,1,1,1.0,7.0
201100009329,0011-01-26 20:15:00,11,1,26,20,15,550,361,,49.16343,5.46613,Nuit sans éclairage public,Hors agglomération,Hors intersection,Normale,Autre collision,,,,,,,,,,,3,1,1,1.0,6.0
201100009330,0011-02-14 07:15:00,11,2,14,7,15,550,163,,49.06479,5.71193,Crépuscule ou aube,Hors agglomération,Hors intersection,Normale,Sans collision,,,,,,,,,,,2,1,1,1.0,7.0
201100009331,0011-05-07 22:00:00,11,5,7,22,0,550,578,,49.19052,5.65783,Crépuscule ou aube,Hors agglomération,Hors intersection,Normale,Autre collision,,,,,,,,,,,2,1,1,1.0,6.0
201100009332,0011-05-16 05:15:00,11,5,16,5,15,550,281,,49.09196,5.81506,Crépuscule ou aube,Hors agglomération,Hors intersection,Normale,Autre collision,,,,,,,,,,,2,1,1,1.0,6.0
201100009333,0011-05-21 15:15:00,11,5,21,15,15,550,237,,49.10194,5.52991,Plein jour,Hors agglomération,Hors intersection,Normale,Sans collision,,,,,,,,,,,1,1,1,1.0,7.0
201100009334,0011-08-22 17:00:00,11,8,22,17,0,550,458,,49.169,5.742,Plein jour,Hors agglomération,Hors intersection,Temps éblouissant,Deux véhicules - frontale,,,,,,,,,,,1,1,1,7.0,1.0
201100009335,0011-09-26 08:30:00,11,9,26,8,30,550,583,,49.043,5.728,Plein jour,En agglomération,Hors intersection,Normale,Deux véhicules - frontale,,,,,,,,,,,1,2,1,1.0,1.0
201100009336,0011-09-27 11:00:00,11,9,27,11,0,550,13,,49.417,5.658,Plein jour,En agglomération,Hors intersection,Normale,Deux véhicules - côté,,,,,,,,,,,1,2,1,1.0,3.0
201100009337,0011-11-17 23:00:00,11,11,17,23,0,550,465,,49.054,5.601,Nuit sans éclairage public,Hors agglomération,Hors intersection,Normale,Autre collision,,,,,,,,,,,3,1,1,1.0,6.0
201100009338,0011-11-27 18:00:00,11,11,27,18,0,550,53,,,,Nuit sans éclairage public,Hors agglomération,Hors intersection,Pluie légère,Deux véhicules - frontale,,,,,,,,,,,3,1,1,2.0,1.0
201100009339,0011-12-02 08:00:00,11,12,2,8,0,550,8,,,,Nuit sans éclairage public,Hors agglomération,Hors intersection,Temps couvert,Deux véhicules - frontale,,,,,,,,,,,3,1,1,8.0,1.0
201100009340,0011-01-26 13:15:00,11,1,26,13,15,880,273,,48.23264,6.52023,Plein jour,Hors agglomération,Hors intersection,Pluie légère,Deux véhicules - frontale,,,,,,,,,,,1,1,1,2.0,1.0
201100009341,0011-03-08 05:00:00,11,3,8,5,0,880,132,42 RUE D ALSACE,48.19948,6.5171,Nuit avec éclairage allumé,En agglomération,Hors intersection,Normale,Autre collision,,,,,,,,,,,5,2,1,1.0,6.0
201100009342,0011-03-20 21:15:00,11,3,20,21,15,880,132,35 rue de Lorraine,48.204,6.51,Nuit avec éclairage allumé,En agglomération,Hors intersection,Normale,Sans collision,,,,,,,,,,,5,2,1,1.0,7.0
201100009343,0011-03-21 18:45:00,11,3,21,18,45,880,253,,48.19465,6.49664,Crépuscule ou aube,Hors agglomération,Hors intersection,Normale,Deux véhicules - frontale,,,,,,,,,,,2,1,1,1.0,1.0
201100009344,0011-04-16 20:15:00,11,4,16,20,15,880,126,1154 rue de la gare,48.1923,6.36531,Crépuscule ou aube,En agglomération,Hors intersection,Normale,Deux véhicules - côté,,,,,,,,,,,2,2,1,1.0,3.0
201100009345,0011-06-04 17:45:00,11,6,4,17,45,880,160,,48.18148,6.48426,Plein jour,Hors agglomération,Hors intersection,Pluie légère,Autre collision,,,,,,,,,,,1,1,1,2.0,6.0
201100009346,0011-06-26 19:45:00,11,6,26,19,45,880,209,,48.19077,6.41071,Plein jour,Hors agglomération,Hors intersection,Normale,Deux véhicules - arrière,,,,,,,,,,,1,1,1,1.0,2.0
201100009347,0011-06-27 14:00:00,11,6,27,14,0,880,483,,48.19671,6.39789,Plein jour,Hors agglomération,Hors intersection,Normale,Deux véhicules - arrière,,,,,,,,,,,1,1,1,1.0,2.0
201100009348,0011-09-07 09:00:00,11,9,7,9,0,880,28,,48.1526,6.56081,Crépuscule ou aube,Hors agglomération,Intersection en X,Normale,Deux véhicules - côté,,,,,,,,,,,2,1,2,1.0,3.0
201100009349,0011-10-13 07:30:00,11,10,13,7,30,880,253,,,,Crépuscule ou aube,En agglomération,Hors intersection,Normale,Deux véhicules - côté,,,,,,,,,,,2,2,1,1.0,3.0
201100009350,0011-10-20 13:45:00,11,10,20,13,45,880,201,794 route de Xertigny,48.15849,6.31412,Plein jour,En agglomération,Hors intersection,Normale,Deux véhicules - côté,,,,,,,,,,,1,2,1,1.0,3.0
201100009351,0011-12-29 19:30:00,11,12,29,19,30,880,253,,48.19051,6.48509,Nuit avec éclairage allumé,Hors agglomération,Intersection en T,Pluie légère,Deux véhicules - côté,,,,,,,,,,,5,1,3,2.0,3.0
201100009352,0011-02-18 02:00:00,11,2,18,2,0,880,216,"48, route de Bruyères",48.2396,6.68352,Nuit avec éclairage allumé,En agglomération,Hors intersection,Normale,Autre collision,,,,,,,,,,,5,2,1,1.0,6.0
201100009353,0011-05-08 18:00:00,11,5,8,18,0,880,512,,48.22166,6.63358,Plein jour,Hors agglomération,Hors intersection,Normale,Deux véhicules - frontale,,,,,,,,,,,1,1,1,1.0,1.0
201100009354,0011-06-29 07:45:00,11,6,29,7,45,880,78,rue poincaré,48.22071,6.7177,Plein jour,En agglomération,Intersection en X,Pluie forte,Deux véhicules - côté,,,,,,,,,,,1,2,2,3.0,3.0
201100009355,0011-09-16 08:45:00,11,9,16,8,45,880,340,,48.28785,6.57837,Plein jour,Hors agglomération,Hors intersection,Normale,Sans collision,,,,,,,,,,,1,1,1,1.0,7.0
201100009356,0011-11-10 13:30:00,11,11,10,13,30,880,101,,48.129,6.59507,Plein jour,Hors agglomération,Hors intersection,Normale,Deux véhicules - frontale,,,,,,,,,,,1,1,1,1.0,1.0
201100009357,0011-12-24 23:15:00,11,12,24,23,15,880,266,,48.183,6.679,Nuit sans éclairage public,Hors agglomération,Hors intersection,Normale,Autre collision,,,,,,,,,,,3,1,1,1.0,6.0
201100009358,0011-03-22 18:30:00,11,3,22,18,30,880,163,RD32 - Rue Haillottes,48.37143,6.3125,Crépuscule ou aube,En agglomération,Hors intersection,Temps éblouissant,Deux véhicules - arrière,,,,,,,,,,,2,2,1,7.0,2.0
201100009359,0011-03-30 12:15:00,11,3,30,12,15,880,90,14 rue Marcel Goulette,48.3728,6.29363,Plein jour,En agglomération,Hors intersection,Pluie légère,Autre collision,,,,,,,,,,,1,2,1,2.0,6.0
201100009360,0011-04-01 21:30:00,11,4,1,21,30,880,173,,48.38703,6.238,Nuit sans éclairage public,Hors agglomération,Hors intersection,Normale,Deux véhicules - arrière,,,,,,,,,,,3,1,1,1.0,2.0
201100009361,0011-05-27 09:25:00,11,5,27,9,25,880,90,,48.35635,6.30889,Plein jour,Hors agglomération,Hors intersection,Normale,Deux véhicules - frontale,,,,,,,,,,,1,1,1,1.0,1.0
201100009362,0011-06-03 11:30:00,11,6,3,11,30,880,166,,48.34493,6.29997,Plein jour,Hors agglomération,Hors intersection,Normale,Deux véhicules - arrière,,,,,,,,,,,1,1,1,1.0,2.0
201100009363,0011-06-25 11:45:00,11,6,25,11,45,880,173,,48.36592,6.26835,Plein jour,Hors agglomération,Hors intersection,Normale,Deux véhicules - frontale,,,,,,,,,,,1,1,1,1.0,1.0
201100009364,0011-07-19 08:00:00,11,7,19,8,0,880,513,Rue de lorraine,48.34614,6.32551,Crépuscule ou aube,En agglomération,Hors intersection,Normale,Deux véhicules - côté,,,,,,,,,,,2,2,1,1.0,3.0
201100009365,0011-08-07 00:01:00,11,8,7,0,1,880,163,rue paul LEGRAND,48.36883,6.31631,Nuit avec éclairage allumé,En agglomération,Hors intersection,Pluie forte,Autre collision,,,,,,,,,,,5,2,1,3.0,6.0
201100009366,0011-09-24 18:45:00,11,9,24,18,45,880,286,Rue du mont,48.40302,6.15545,Plein jour,En agglomération,Hors intersection,Normale,Deux véhicules - frontale,,,,,,,,,,,1,2,1,1.0,1.0
201100009367,0011-11-23 08:05:00,11,11,23,8,5,880,260,245 GRANDE RUE,48.36034,6.32501,Plein jour,En agglomération,Hors intersection,Brouillard / fumée,Autre collision,,,,,,,,,,,1,2,1,5.0,6.0
201100009368,0011-12-10 13:45:00,11,12,10,13,45,880,90,,48.37625,6.29868,Plein jour,En agglomération,Giratoire,Normale,Deux véhicules - frontale,,,,,,,,,,,1,2,6,1.0,1.0
201100009369,0011-12-13 05:45:00,11,12,13,5,45,880,173,,48.3751,6.25729,Nuit sans éclairage public,Hors agglomération,Hors intersection,Vent fort / tempête,Deux véhicules - arrière,,,,,,,,,,,3,1,1,6.0,2.0
201100009370,0011-01-15 14:15:00,11,1,15,14,15,880,124,,48.098,6.03668,Plein jour,Hors agglomération,Hors intersection,Normale,Deux véhicules - frontale,,,,,,,,,,,1,1,1,1.0,1.0
201100009371,0011-01-30 07:45:00,11,1,30,7,45,880,258,RUE BELLUNE,48.06694,5.78111,Crépuscule ou aube,En agglomération,Hors intersection,Normale,Autre collision,,,,,,,,,,,2,2,1,1.0,6.0
201100009372,0011-02-17 17:15:00,11,2,17,17,15,880,381,,48.1225,6.02611,Plein jour,Hors agglomération,Hors intersection,Normale,Deux véhicules - frontale,,,,,,,,,,,1,1,1,1.0,1.0
201100009373,0011-03-06 05:45:00,11,3,6,5,45,880,4,30 route de FRESNES,47.99704,5.82896,Nuit avec éclairage allumé,En agglomération,Intersection en X,Normale,Autre collision,,,,,,,,,,,5,2,2,1.0,6.0
201100009374,0011-04-05 17:45:00,11,4,5,17,45,880,124,RD164 - Rue Lecomte,48.08662,6.03962,Plein jour,En agglomération,Autre intersection,Normale,Deux véhicules - côté,,,,,,,,,,,1,2,9,1.0,3.0
201100009375,0011-04-06 10:00:00,11,4,6,10,0,880,450,,47.97548,5.79898,Plein jour,En agglomération,Hors intersection,Normale,Deux véhicules - côté,,,,,,,,,,,1,2,1,1.0,3.0
201100009376,0011-04-15 18:30:00,11,4,15,18,30,880,456,,48.05327,5.85951,Plein jour,Hors agglomération,Hors intersection,Normale,Autre collision,,,,,,,,,,,1,1,1,1.0,6.0
201100009377,0011-06-02 03:30:00,11,6,2,3,30,880,16,,48.06036,6.01224,Nuit sans éclairage public,Hors agglomération,Hors intersection,Normale,Sans collision,,,,,,,,,,,3,1,1,1.0,7.0
201100009378,0011-06-11 14:30:00,11,6,11,14,30,880,258,,48.05958,5.75429,Plein jour,Hors agglomération,Hors intersection,Normale,Sans collision,,,,,,,,,,,1,1,1,1.0,7.0
201100009379,0011-06-11 20:15:00,11,6,11,20,15,880,96,,47.94734,5.88637,Plein jour,Hors agglomération,Hors intersection,Normale,Autre collision,,,,,,,,,,,1,1,1,1.0,6.0
201100009380,0011-09-18 17:00:00,11,9,18,17,0,880,180,,48.09988,5.87632,Plein jour,Hors agglomération,Hors intersection,Normale,Deux véhicules - côté,,,,,,,,,,,1,1,1,1.0,3.0
201100009381,0011-09-17 23:45:00,11,9,17,23,45,880,258,Rue croix de mission,48.0662,5.78318,Nuit sans éclairage public,En agglomération,Hors intersection,Temps couvert,Sans collision,,,,,,,,,,,3,2,1,8.0,7.0
201100009382,0011-11-02 18:30:00,11,11,2,18,30,880,252,,48.11002,6.09296,Crépuscule ou aube,Hors agglomération,Hors intersection,Normale,Autre collision,,,,,,,,,,,2,1,1,1.0,6.0
201100009383,0011-01-16 10:30:00,11,1,16,10,30,880,367,,48.35188,6.63422,Plein jour,En agglomération,Hors intersection,Temps éblouissant,Autre collision,,,,,,,,,,,1,2,1,7.0,6.0
201100009384,0011-03-04 11:00:00,11,3,4,11,0,880,338,,48.3619,6.51477,Plein jour,Hors agglomération,Hors intersection,Temps éblouissant,Autre collision,,,,,,,,,,,1,1,1,7.0,6.0
201100009385,0011-05-28 19:45:00,11,5,28,19,45,880,417,"Stade, rue Genevoix",48.33265,6.65424,Plein jour,En agglomération,Hors intersection,Normale,Sans collision,,,,,,,,,,,1,2,1,1.0,7.0
201100009386,0011-08-07 05:15:00,11,8,7,5,15,880,367,,48.32621,6.6335,Nuit sans éclairage public,Hors agglomération,Hors intersection,Pluie légère,Autre collision,,,,,,,,,,,3,1,1,2.0,6.0
201100009387,0011-08-25 17:30:00,11,8,25,17,30,880,410,,48.38393,6.80221,Plein jour,Hors agglomération,Hors intersection,Normale,Autre collision,,,,,,,,,,,1,1,1,1.0,6.0
201100009388,0011-02-03 09:30:00,11,2,3,9,30,880,27,,48.31238,6.52851,Plein jour,Hors agglomération,Hors intersection,Pluie légère,Sans collision,,,,,,,,,,,1,1,1,2.0,7.0
201100009389,0011-03-12 11:00:00,11,3,12,11,0,880,99,Rue des Marronniers,48.23883,6.43497,Plein jour,En agglomération,Hors intersection,Normale,Deux véhicules - arrière,,,,,,,,,,,1,2,1,1.0,2.0
201100009390,0011-03-13 00:15:00,11,3,13,0,15,880,228,7 ROUTE DE DAMAS,48.39317,6.48145,Nuit avec éclairage allumé,En agglomération,Hors intersection,Normale,Autre collision,,,,,,,,,,,5,2,1,1.0,6.0
201100009391,0011-04-08 19:45:00,11,4,8,19,45,880,204,,48.24872,6.44105,Plein jour,Hors agglomération,Hors intersection,Normale,Deux véhicules - côté,,,,,,,,,,,1,1,1,1.0,3.0
201100009392,0011-05-13 20:00:00,11,5,13,20,0,880,143,VC de Domèvre à Hadigny,48.2906,6.47353,Plein jour,Hors agglomération,Hors intersection,Normale,Sans collision,,,,,,,,,,,1,1,1,1.0,7.0
201100009393,0011-06-12 19:45:00,11,6,12,19,45,880,465,,48.30259,6.41144,Plein jour,Hors agglomération,Hors intersection,Normale,Sans collision,,,,,,,,,,,1,1,1,1.0,7.0
201100009394,0011-08-19 18:30:00,11,8,19,18,30,880,247,,48.29087,6.37757,Plein jour,Hors agglomération,Hors intersection,Normale,Autre collision,,,,,,,,,,,1,1,1,1.0,6.0
201100009395,0011-01-30 08:45:00,11,1,30,8,45,880,88,,,,Plein jour,Hors agglomération,Hors intersection,Normale,Autre collision,,,,,,,,,,,1,1,1,1.0,6.0
201100009396,0011-02-11 22:15:00,11,2,11,22,15,880,88,,48.04386,6.3035,Nuit sans éclairage public,Hors agglomération,Hors intersection,Normale,Sans collision,,,,,,,,,,,3,1,1,1.0,7.0
201100009397,0011-05-28 08:15:00,11,5,28,8,15,880,225,Rue de la Chapelle,48.092,6.47841,Plein jour,En agglomération,Hors intersection,Normale,Deux véhicules - côté,,,,,,,,,,,1,2,1,1.0,3.0
201100009398,0011-06-26 16:45:00,11,6,26,16,45,880,530,,48.04167,6.41286,Plein jour,Hors agglomération,Hors intersection,Normale,Deux véhicules - frontale,,,,,,,,,,,1,1,1,1.0,1.0
201100009399,0011-12-09 07:45:00,11,12,9,7,45,880,225,,48.08299,6.47053,Crépuscule ou aube,Hors agglomération,Hors intersection,Pluie légère,Autre collision,,,,,,,,,,,2,1,1,2.0,6.0
201100009400,0011-02-03 09:15:00,11,2,3,9,15,880,95,,,,Plein jour,Hors agglomération,Hors intersection,Pluie légère,Deux véhicules - frontale,,,,,,,,,,,1,1,1,2.0,1.0
201100009401,0011-03-06 01:00:00,11,3,6,1,0,880,154,,48.43213,5.68034,Nuit sans éclairage public,Hors agglomération,Hors intersection,Normale,Sans collision,,,,,,,,,,,3,1,1,1.0,7.0
201100009402,0011-04-02 18:45:00,11,4,2,18,45,880,321,Quai Pasteur,48.35386,5.6901,Plein jour,En agglomération,Hors intersection,Normale,Deux véhicules - côté,,,,,,,,,,,1,2,1,1.0,3.0
201100009403,0011-04-17 19:15:00,11,4,17,19,15,880,44,,48.30963,5.66795,Plein jour,Hors agglomération,Hors intersection,Normale,Deux véhicules - frontale,,,,,,,,,,,1,1,1,1.0,1.0
201100009404,0011-04-30 12:15:00,11,4,30,12,15,880,321,R.Paul MELIN/R. du Stand,48.3632,5.69688,Plein jour,En agglomération,Intersection en X,Normale,Deux véhicules - côté,,,,,,,,,,,1,2,2,1.0,3.0
201100009405,0011-05-24 16:00:00,11,5,24,16,0,880,321,rue du Moulinot,48.35506,5.6833,Plein jour,En agglomération,Hors intersection,Normale,Sans collision,,,,,,,,,,,1,2,1,1.0,7.0
201100009406,0011-06-11 23:15:00,11,6,11,23,15,880,118,,48.39986,5.68767,Nuit sans éclairage public,Hors agglomération,Hors intersection,Normale,Autre collision,,,,,,,,,,,3,1,1,1.0,6.0
201100009407,0011-06-26 14:30:00,11,6,26,14,30,880,321,Rue Gohier,48.35158,5.69621,Plein jour,En agglomération,Hors intersection,Normale,Autre collision,,,,,,,,,,,1,2,1,1.0,6.0
201100009408,0011-07-25 21:00:00,11,7,25,21,0,880,321,rue des Marronniers,48.355,5.697,Plein jour,En agglomération,Hors intersection,Normale,Deux véhicules - frontale,,,,,,,,,,,1,2,1,1.0,1.0
201100009409,0011-07-30 19:30:00,11,7,30,19,30,880,259,,48.28328,5.74113,Plein jour,Hors agglomération,Hors intersection,Normale,Deux véhicules - frontale,,,,,,,,,,,1,1,1,1.0,1.0
201100009410,0011-08-20 23:30:00,11,8,20,23,30,880,457,,48.39608,5.64961,Nuit sans éclairage public,Hors agglomération,Hors intersection,Normale,Autre collision,,,,,,,,,,,3,1,1,1.0,6.0
201100009411,0011-09-14 07:45:00,11,9,14,7,45,880,477,,48.36398,5.43073,Plein jour,Hors agglomération,Hors intersection,Normale,Autre collision,,,,,,,,,,,1,1,1,1.0,6.0
201100009412,0011-10-15 17:00:00,11,10,15,17,0,880,83,Route de Villars,48.31236,5.72176,Plein jour,En agglomération,Hors intersection,Normale,Deux véhicules - côté,,,,,,,,,,,1,2,1,1.0,3.0
201100009413,0011-10-23 16:30:00,11,10,23,16,30,880,324,,48.29559,5.86638,Plein jour,Hors agglomération,Hors intersection,Temps éblouissant,Deux véhicules - frontale,,,,,,,,,,,1,1,1,7.0,1.0
201100009414,0011-11-20 16:00:00,11,11,20,16,0,880,321,,48.32936,5.68273,Crépuscule ou aube,Hors agglomération,Hors intersection,Normale,Deux véhicules - côté,,,,,,,,,,,2,1,1,1.0,3.0
201100009415,0011-02-09 10:45:00,11,2,9,10,45,880,122,rue du lieutenant Larsen,48.219,6.274,Plein jour,En agglomération,Hors intersection,Brouillard / fumée,Deux véhicules - arrière,,,,,,,,,,,1,2,1,5.0,2.0