accident_id,datetime,annee,mois,jour,heure,minute,departement,commune_insee,adresse,latitude,longitude,luminosite,agglomeration,intersection,meteo,collision,nb_vehicules,nb_usagers,nb_indemnes,nb_tues,nb_blesses_hosp,nb_blesses_legers,age_cond_1,age_cond_2,veh_type_cond_1,veh_type_cond_2,lum_code,agg_code,int_code,atm_code,col_code
201100009675,0011-11-03 16:45:00,11,11,3,16,45,670,205,,48.677,7.793,Plein jour,Hors agglomération,Hors intersection,Normale,Deux véhicules - côté,,,,,,,,,,,1,1,1,1.0,3.0
201100009676,0011-11-19 20:15:00,11,11,19,20,15,670,151,2A RUE DE LA DORDOGNE,,,Nuit avec éclairage allumé,En agglomération,Hors intersection,Normale,Trois véhicules et plus - collisions multiples,,,,,,,,,,,5,2,1,1.0,5.0
201100009677,0011-02-08 07:30:00,11,2,8,7,30,670,182,RUE DES CHATEAUX RD 93,,,Crépuscule ou aube,En agglomération,Hors intersection,Normale,Sans collision,,,,,,,,,,,2,2,1,1.0,7.0
201100009678,0011-03-07 08:45:00,11,3,7,8,45,670,65,19 rue principale,,,Plein jour,En agglomération,Autre intersection,Normale,Autre collision,,,,,,,,,,,1,2,9,1.0,6.0
201100009679,0011-06-04 18:30:00,11,6,4,18,30,670,182,,,,Plein jour,Hors agglomération,Hors intersection,Normale,Deux véhicules - frontale,,,,,,,,,,,1,1,1,1.0,1.0
201100009680,0011-06-21 16:15:00,11,6,21,16,15,670,350,,,,Plein jour,Hors agglomération,Hors intersection,Normale,Trois véhicules et plus - collisions multiples,,,,,,,,,,,1,1,1,1.0,5.0
201100009681,0011-07-06 11:30:00,11,7,6,11,30,670,1,ROUTE DE HOLTZHEIM,,,Plein jour,En agglomération,Hors intersection,Normale,Deux véhicules - frontale,,,,,,,,,,,1,2,1,1.0,1.0
201100009682,0011-09-23 17:45:00,11,9,23,17,45,670,350,,,,Plein jour,Hors agglomération,Hors intersection,Normale,Deux véhicules - arrière,,,,,,,,,,,1,1,1,1.0,2.0
201100009683,0011-10-04 17:30:00,11,10,4,17,30,670,118,Route de Wasselonne,,,Plein jour,En agglomération,Hors intersection,Normale,Deux véhicules - frontale,,,,,,,,,,,1,2,1,1.0,1.0
201100009684,0011-10-18 18:30:00,11,10,18,18,30,670,118,Rue g?n?ral de Gaulle,48.587,7.683,Nuit avec éclairage allumé,En agglomération,Hors intersection,Normale,Autre collision,,,,,,,,,,,5,2,1,1.0,6.0
201100009685,0011-01-17 09:30:00,11,1,17,9,30,670,62,PV,48.333,7.283,Plein jour,Hors agglomération,Hors intersection,Normale,Deux véhicules - frontale,,,,,,,,,,,1,1,1,1.0,1.0
201100009686,0011-02-26 16:30:00,11,2,26,16,30,670,63,,48.372,7.29,Plein jour,Hors agglomération,Hors intersection,Temps couvert,Sans collision,,,,,,,,,,,1,1,1,8.0,7.0
201100009687,0011-04-06 18:15:00,11,4,6,18,15,670,73,,48.272,7.418,Plein jour,Hors agglomération,Hors intersection,Normale,Deux véhicules - côté,,,,,,,,,,,1,1,1,1.0,3.0
201100009688,0011-04-25 16:00:00,11,4,25,16,0,670,477,,48.393,7.23,Plein jour,Hors agglomération,Hors intersection,Normale,Sans collision,,,,,,,,,,,1,1,1,1.0,7.0
201100009689,0011-06-12 19:45:00,11,6,12,19,45,670,430,,48.348,7.382,Plein jour,Hors agglomération,Hors intersection,Normale,Sans collision,,,,,,,,,,,1,1,1,1.0,7.0
201100009690,0011-06-12 16:30:00,11,6,12,16,30,670,477,,,,Plein jour,Hors agglomération,Hors intersection,Normale,Deux véhicules - frontale,,,,,,,,,,,1,1,1,1.0,1.0
201100009691,0011-08-01 01:00:00,11,8,1,1,0,670,115,,48.302,7.475,Nuit sans éclairage public,Hors agglomération,Hors intersection,Normale,Autre collision,,,,,,,,,,,3,1,1,1.0,6.0
201100009692,0011-08-28 09:45:00,11,8,28,9,45,670,73,,48.296,7.365,Plein jour,Hors agglomération,Hors intersection,Normale,Deux véhicules - frontale,,,,,,,,,,,1,1,1,1.0,1.0
201100009693,0011-10-09 19:15:00,11,10,9,19,15,670,116,,48.316,7.533,Nuit sans éclairage public,Hors agglomération,Hors intersection,Normale,Trois véhicules et plus - collisions multiples,,,,,,,,,,,3,1,1,1.0,5.0
201100009694,0011-11-08 17:45:00,11,11,8,17,45,670,507,rue HK / rue gare,48.346,7.309,Nuit avec éclairage allumé,En agglomération,Hors intersection,Pluie légère,Deux véhicules - côté,,,,,,,,,,,5,2,1,2.0,3.0
201100009695,0011-12-18 17:15:00,11,12,18,17,15,670,426,,48.362,7.288,Nuit sans éclairage public,Hors agglomération,Hors intersection,Neige / grêle,Deux véhicules - frontale,,,,,,,,,,,3,1,1,4.0,1.0
201100009696,0011-05-23 15:15:00,11,5,23,15,15,670,295,,,,Plein jour,Hors agglomération,Hors intersection,Normale,Deux véhicules - frontale,,,,,,,,,,,1,1,1,1.0,1.0
201100009697,0011-06-06 17:30:00,11,6,6,17,30,670,21,rue de la promenade,,,Plein jour,En agglomération,Hors intersection,Normale,Autre collision,,,,,,,,,,,1,2,1,1.0,6.0
201100009698,0011-06-08 18:00:00,11,6,8,18,0,670,10,,,,Plein jour,Hors agglomération,Hors intersection,Pluie légère,Autre collision,,,,,,,,,,,1,1,1,2.0,6.0
201100009699,0011-06-26 15:15:00,11,6,26,15,15,670,125,,,,Plein jour,Hors agglomération,Hors intersection,Normale,Sans collision,,,,,,,,,,,1,1,1,1.0,7.0
201100009700,0011-07-18 16:30:00,11,7,18,16,30,670,295,,,,Plein jour,Hors agglomération,Hors intersection,Normale,Deux véhicules - côté,,,,,,,,,,,1,1,1,1.0,3.0
201100009701,0011-09-03 13:00:00,11,9,3,13,0,670,210,,,,Plein jour,Hors agglomération,Hors intersection,Normale,Deux véhicules - frontale,,,,,,,,,,,1,1,1,1.0,1.0
201100009702,0011-02-04 08:00:00,11,2,4,8,0,670,53,SPV,48.231,7.569,Crépuscule ou aube,Hors agglomération,Hors intersection,Normale,Autre collision,,,,,,,,,,,2,1,1,1.0,6.0
201100009703,0011-02-21 12:15:00,11,2,21,12,15,670,453,12 rue du Canal,48.227,7.649,Plein jour,En agglomération,Hors intersection,Temps couvert,Deux véhicules - frontale,,,,,,,,,,,1,2,1,8.0,1.0
201100009704,0011-04-20 08:00:00,11,4,20,8,0,670,90,,48.293,7.659,Plein jour,Hors agglomération,Hors intersection,Normale,Deux véhicules - côté,,,,,,,,,,,1,1,1,1.0,3.0
201100009705,0011-05-13 00:45:00,11,5,13,0,45,670,281,,48.174,7.554,Nuit sans éclairage public,Hors agglomération,Hors intersection,Normale,Deux véhicules - arrière,,,,,,,,,,,3,1,1,1.0,2.0
201100009706,0011-06-06 10:45:00,11,6,6,10,45,670,195,,48.213,7.537,Plein jour,Hors agglomération,Hors intersection,Pluie légère,Deux véhicules - arrière,,,,,,,,,,,1,1,1,2.0,2.0
201100009707,0011-07-23 12:30:00,11,7,23,12,30,670,486,,48.247,7.588,Plein jour,Hors agglomération,Hors intersection,Normale,Autre collision,,,,,,,,,,,1,1,1,1.0,6.0
201100009708,0011-10-28 15:30:00,11,10,28,15,30,670,281,,48.129,7.57,Plein jour,Hors agglomération,Hors intersection,Normale,Deux véhicules - frontale,,,,,,,,,,,1,1,1,1.0,1.0
201100009709,0011-11-25 19:30:00,11,11,25,19,30,670,486,,48.247,7.59,Nuit sans éclairage public,Hors agglomération,Hors intersection,Normale,Autre collision,,,,,,,,,,,3,1,1,1.0,6.0
201100009710,0011-12-02 19:15:00,11,12,2,19,15,670,90,,,,Plein jour,Hors agglomération,Hors intersection,Normale,Autre collision,,,,,,,,,,,1,1,1,1.0,6.0
201100009711,0011-03-14 13:45:00,11,3,14,13,45,670,544,,,,Plein jour,En agglomération,Hors intersection,Normale,Trois véhicules et plus - collisions multiples,,,,,,,,,,,1,2,1,1.0,5.0
201100009712,0011-03-16 14:45:00,11,3,16,14,45,670,400,,,,Plein jour,Hors agglomération,Hors intersection,Normale,Autre collision,,,,,,,,,,,1,1,1,1.0,6.0
201100009713,0011-03-20 19:30:00,11,3,20,19,30,670,351,,,,Nuit sans éclairage public,Hors agglomération,Hors intersection,Normale,Autre collision,,,,,,,,,,,3,1,1,1.0,6.0
201100009714,0011-03-26 16:45:00,11,3,26,16,45,670,451,,,,Nuit sans éclairage public,Hors agglomération,Hors intersection,Brouillard / fumée,Autre collision,,,,,,,,,,,3,1,1,5.0,6.0
201100009715,0011-04-25 01:00:00,11,4,25,1,0,670,544,,49.011,7.974,Nuit sans éclairage public,Hors agglomération,Hors intersection,Autre,Autre collision,,,,,,,,,,,3,1,1,9.0,6.0
201100009716,0011-07-14 17:00:00,11,7,14,17,0,670,351,,48.978,7.976,Plein jour,Hors agglomération,Hors intersection,Normale,Deux véhicules - frontale,,,,,,,,,,,1,1,1,1.0,1.0
201100009717,0011-08-06 18:30:00,11,8,6,18,30,670,416,,49.03,7.927,Plein jour,Hors agglomération,Hors intersection,Normale,Deux véhicules - côté,,,,,,,,,,,1,1,1,1.0,3.0
201100009718,0011-10-08 13:00:00,11,10,8,13,0,670,400,,48.977,7.954,Plein jour,Hors agglomération,Hors intersection,Normale,Autre collision,,,,,,,,,,,1,1,1,1.0,6.0
201100009719,0011-10-13 22:45:00,11,10,13,22,45,670,400,,48.977,7.954,Nuit sans éclairage public,Hors agglomération,Hors intersection,Normale,Sans collision,,,,,,,,,,,3,1,1,1.0,7.0
201100009720,0011-11-14 14:30:00,11,11,14,14,30,670,74,,,,Plein jour,Hors agglomération,Hors intersection,Normale,Sans collision,,,,,,,,,,,1,1,1,1.0,7.0
201100009721,0011-11-17 17:30:00,11,11,17,17,30,670,541,,48.933,8.10399,Nuit sans éclairage public,Hors agglomération,Hors intersection,Normale,Deux véhicules - arrière,,,,,,,,,,,3,1,1,1.0,2.0
201100009722,0011-03-15 12:15:00,11,3,15,12,15,670,184,,,,Plein jour,Hors agglomération,Hors intersection,Normale,Deux véhicules - côté,,,,,,,,,,,1,1,1,1.0,3.0
201100009723,0011-04-09 13:45:00,11,4,9,13,45,670,404,,,,Plein jour,Hors agglomération,Hors intersection,Normale,Deux véhicules - côté,,,,,,,,,,,1,1,1,1.0,3.0
201100009724,0011-05-09 15:00:00,11,5,9,15,0,670,339,RUE DE L HERBE,,,Plein jour,En agglomération,Hors intersection,Temps éblouissant,Deux véhicules - frontale,,,,,,,,,,,1,2,1,7.0,1.0
201100009725,0011-05-18 17:00:00,11,5,18,17,0,670,271,18 rue principale,,,Plein jour,En agglomération,Hors intersection,Normale,Sans collision,,,,,,,,,,,1,2,1,1.0,7.0
201100009726,0011-05-29 20:45:00,11,5,29,20,45,670,12,,,,Crépuscule ou aube,Hors agglomération,Hors intersection,Normale,Sans collision,,,,,,,,,,,2,1,1,1.0,7.0
201100009727,0011-06-28 23:45:00,11,6,28,23,45,670,484,,48.92,7.983,Nuit sans éclairage public,Hors agglomération,Hors intersection,Normale,Sans collision,,,,,,,,,,,3,1,1,1.0,7.0
201100009728,0011-08-14 17:45:00,11,8,14,17,45,670,193,,48.94,7.902,Plein jour,Hors agglomération,Hors intersection,Normale,Deux véhicules - frontale,,,,,,,,,,,1,1,1,1.0,1.0
201100009729,0011-08-28 18:00:00,11,8,28,18,0,670,184,,,,Plein jour,Hors agglomération,Hors intersection,Normale,Autre collision,,,,,,,,,,,1,1,1,1.0,6.0
201100009730,0011-09-19 04:30:00,11,9,19,4,30,670,474,,48.932,7.898,Nuit sans éclairage public,En agglomération,Hors intersection,Normale,Deux véhicules - frontale,,,,,,,,,,,3,2,1,1.0,1.0
201100009731,0011-09-20 12:00:00,11,9,20,12,0,670,390,,48.919,7.877,Plein jour,Hors agglomération,Hors intersection,Normale,Deux véhicules - frontale,,,,,,,,,,,1,1,1,1.0,1.0
201100009732,0011-10-01 22:00:00,11,10,1,22,0,670,404,198 rue de la montagne,,,Nuit avec éclairage allumé,En agglomération,Hors intersection,Normale,Deux véhicules - côté,,,,,,,,,,,5,2,1,1.0,3.0
201100009733,0011-10-14 11:30:00,11,10,14,11,30,670,339,,48.899,7.938,Plein jour,Hors agglomération,Hors intersection,Normale,Deux véhicules - arrière,,,,,,,,,,,1,1,1,1.0,2.0
201100009734,0011-10-21 07:00:00,11,10,21,7,0,670,213,,,,Crépuscule ou aube,En agglomération,Hors intersection,Temps couvert,Deux véhicules - côté,,,,,,,,,,,2,2,1,8.0,3.0
201100009735,0011-11-12 01:00:00,11,11,12,1,0,670,487,,48.924,7.863,Nuit sans éclairage public,Hors agglomération,Hors intersection,Normale,Sans collision,,,,,,,,,,,3,1,1,1.0,7.0
201100009736,0011-12-10 14:45:00,11,12,10,14,45,670,339,rue des Potiers,48.903,7.899,Plein jour,En agglomération,Hors intersection,Pluie légère,Deux véhicules - côté,,,,,,,,,,,1,2,1,2.0,3.0
201100009737,0011-02-27 19:00:00,11,2,27,19,0,670,263,,49.003,7.814,Nuit sans éclairage public,Hors agglomération,Hors intersection,Normale,Sans collision,,,,,,,,,,,3,1,1,1.0,7.0
201100009738,0011-06-07 15:15:00,11,6,7,15,15,670,303,,48.914,7.741,Plein jour,Hors agglomération,Hors intersection,Normale,Autre collision,,,,,,,,,,,1,1,1,1.0,6.0
201100009739,0011-06-26 00:15:00,11,6,26,0,15,670,341,Rue de l'Eglise,48.932,7.757,Nuit avec éclairage allumé,En agglomération,Hors intersection,Normale,Autre collision,,,,,,,,,,,5,2,1,1.0,6.0
201100009740,0011-07-23 14:15:00,11,7,23,14,15,670,75,,49.024,7.86,Plein jour,Hors agglomération,Hors intersection,Temps couvert,Sans collision,,,,,,,,,,,1,1,1,8.0,7.0
201100009741,0011-07-29 10:30:00,11,7,29,10,30,670,160,,48.973,7.765,Plein jour,Hors agglomération,Hors intersection,Normale,Sans collision,,,,,,,,,,,1,1,1,1.0,7.0
201100009742,0011-09-04 16:45:00,11,9,4,16,45,670,379,,48.944,7.801,Plein jour,Hors agglomération,Hors intersection,Pluie légère,Autre collision,,,,,,,,,,,1,1,1,2.0,6.0
201100009743,0011-10-03 08:45:00,11,10,3,8,45,670,550,,48.996,7.846,Plein jour,Hors agglomération,Hors intersection,Normale,Deux véhicules - côté,,,,,,,,,,,1,1,1,1.0,3.0
201100009744,0011-10-14 10:30:00,11,10,14,10,30,670,334,rue principale,49.035,7.714,Plein jour,En agglomération,Hors intersection,Normale,Autre collision,,,,,,,,,,,1,2,1,1.0,6.0
201100009745,0011-10-22 16:15:00,11,10,22,16,15,670,379,,48.945,7.81,Plein jour,Hors agglomération,Hors intersection,Normale,Deux véhicules - arrière,,,,,,,,,,,1,1,1,1.0,2.0
201100009746,0011-02-07 16:00:00,11,2,7,16,0,680,7,6 rue de colmar,48.06468,7.41672,Plein jour,En agglomération,Hors intersection,Normale,Autre collision,,,,,,,,,,,1,2,1,1.0,6.0
201100009747,0011-03-04 16:45:00,11,3,4,16,45,680,7,rond point Grand rue,48.06091,7.42143,Plein jour,En agglomération,Giratoire,Normale,Deux véhicules - côté,,,,,,,,,,,1,2,6,1.0,3.0
201100009748,0011-03-10 15:00:00,11,3,10,15,0,680,7,,48.0814,7.42476,Plein jour,Hors agglomération,Hors intersection,Normale,Sans collision,,,,,,,,,,,1,1,1,1.0,7.0
201100009749,0011-04-07 17:30:00,11,4,7,17,30,680,7,,48.06636,7.4176,Plein jour,Hors agglomération,Giratoire,Normale,Sans collision,,,,,,,,,,,1,1,6,1.0,7.0
201100009750,0011-05-04 16:00:00,11,5,4,16,0,680,7,,48.05136,7.4529,Plein jour,Hors agglomération,Hors intersection,Normale,Deux véhicules - arrière,,,,,,,,,,,1,1,1,1.0,2.0
201100009751,0011-07-08 18:30:00,11,7,8,18,30,680,295,,48.01463,7.36701,Plein jour,Hors agglomération,Hors intersection,Normale,Deux véhicules - arrière,,,,,,,,,,,1,1,1,1.0,2.0
201100009752,0011-08-13 12:30:00,11,8,13,12,30,680,331,,48.05105,7.40109,Plein jour,Hors agglomération,Hors intersection,Normale,Deux véhicules - côté,,,,,,,,,,,1,1,1,1.0,3.0
201100009753,0011-09-02 18:30:00,11,9,2,18,30,680,146,,48.12014,7.36656,Plein jour,Hors agglomération,Giratoire,Normale,Deux véhicules - arrière,,,,,,,,,,,1,1,6,1.0,2.0
201100009754,0011-10-02 08:00:00,11,10,2,8,0,680,157,,48.12266,7.5048,Nuit sans éclairage public,Hors agglomération,Hors intersection,Normale,Autre collision,,,,,,,,,,,3,1,1,1.0,6.0
201100009755,0011-10-07 05:00:00,11,10,7,5,0,680,295,,48.02553,7.40446,Nuit sans éclairage public,Hors agglomération,Hors intersection,Normale,Autre collision,,,,,,,,,,,3,1,1,1.0,6.0
201100009756,0011-11-10 22:00:00,11,11,10,22,0,680,295,,48.016,7.3524,Nuit sans éclairage public,Hors agglomération,Hors intersection,Pluie légère,Autre collision,,,,,,,,,,,3,1,1,2.0,6.0
201100009757,0011-11-28 08:45:00,11,11,28,8,45,680,295,,47.99558,7.381,Plein jour,Hors agglomération,Intersection en X,Normale,Deux véhicules - côté,,,,,,,,,,,1,1,2,1.0,3.0
201100009758,0011-12-01 09:30:00,11,12,1,9,30,680,157,,48.12502,7.48372,Plein jour,Hors agglomération,Intersection en X,Normale,Deux véhicules - frontale,,,,,,,,,,,1,1,2,1.0,1.0
201100009759,0011-12-19 18:15:00,11,12,19,18,15,680,76,,48.08986,7.5163,Nuit sans éclairage public,Hors agglomération,Intersection en T,Pluie légère,Deux véhicules - frontale,,,,,,,,,,,3,1,3,2.0,1.0
201100009760,0011-12-22 01:30:00,11,12,22,1,30,680,19,,48.0922,7.5693,Nuit sans éclairage public,Hors agglomération,Hors intersection,Pluie légère,Autre collision,,,,,,,,,,,3,1,1,2.0,6.0
201100009761,0011-12-25 00:45:00,11,12,25,0,45,680,69,Rue de Neuf Brisach,47.9788,7.48785,Nuit avec éclairage allumé,En agglomération,Hors intersection,Temps couvert,Autre collision,,,,,,,,,,,5,2,1,8.0,6.0
201100009762,0011-08-14 15:45:00,11,8,14,15,45,680,97,,48.18039,7.2107,Plein jour,Hors agglomération,Hors intersection,Normale,Deux véhicules - arrière,,,,,,,,,,,1,1,1,1.0,2.0
201100009763,0011-02-25 21:15:00,11,2,25,21,15,680,175,,48.14199,7.1811,Nuit avec éclairage non allumé,Hors agglomération,Hors intersection,Temps couvert,Deux véhicules - frontale,,,,,,,,,,,4,1,1,8.0,1.0
201100009764,0011-05-15 06:00:00,11,5,15,6,0,680,173,,48.08117,7.17155,Crépuscule ou aube,Hors agglomération,Hors intersection,Normale,Autre collision,,,,,,,,,,,2,1,1,1.0,6.0
201100009765,0011-05-14 07:30:00,11,5,14,7,30,680,226,rue Alfred Hartmann,48.04101,7.1389,Plein jour,En agglomération,Hors intersection,Normale,Autre collision,,,,,,,,,,,1,2,1,1.0,6.0
201100009766,0011-06-03 13:42:00,11,6,3,13,42,680,311,,47.98894,7.06916,Plein jour,Hors agglomération,Hors intersection,Normale,Deux véhicules - arrière,,,,,,,,,,,1,1,1,1.0,2.0
201100009767,0011-06-18 01:15:00,11,6,18,1,15,680,109,,48.04214,7.16866,Nuit sans éclairage public,Hors agglomération,Hors intersection,Normale,Autre collision,,,,,,,,,,,3,1,1,1.0,6.0
201100009768,0011-06-29 08:00:00,11,6,29,8,0,680,368,,48.04287,7.19734,Plein jour,Hors agglomération,Hors intersection,Pluie forte,Deux véhicules - frontale,,,,,,,,,,,1,1,1,3.0,1.0
201100009769,0011-06-30 16:15:00,11,6,30,16,15,680,117,rue de munster,48.04555,7.16752,Plein jour,En agglomération,Hors intersection,Normale,Sans collision,,,,,,,,,,,1,2,1,1.0,7.0
201100009770,0011-06-30 22:30:00,11,6,30,22,30,680,329,,48.06454,7.06757,Nuit sans éclairage public,Hors agglomération,Hors intersection,Normale,Autre collision,,,,,,,,,,,3,1,1,1.0,6.0
201100009771,0011-07-14 19:15:00,11,7,14,19,15,680,317,"50, route de la schlucht",48.07296,7.10061,Plein jour,En agglomération,Intersection en T,Normale,Deux véhicules - côté,,,,,,,,,,,1,2,3,1.0,3.0
201100009772,0011-07-19 12:30:00,11,7,19,12,30,680,329,,48.0672,7.0759,Plein jour,Hors agglomération,Intersection en T,Normale,Deux véhicules - côté,,,,,,,,,,,1,1,3,1.0,3.0
201100009773,0011-08-07 19:45:00,11,8,7,19,45,680,329,,48.06372,7.03035,Crépuscule ou aube,Hors agglomération,Hors intersection,Normale,Deux véhicules - frontale,,,,,,,,,,,2,1,1,1.0,1.0
201100009774,0011-08-26 15:15:00,11,8,26,15,15,680,368,,48.04906,7.2145,Plein jour,Hors agglomération,Hors intersection,Normale,Trois véhicules et plus - collisions multiples,,,,,,,,,,,1,1,1,1.0,5.0
201100009775,0011-08-28 11:45:00,11,8,28,11,45,680,226,intersect RD417 et D10,48.04209,7.1596,Plein jour,En agglomération,Giratoire,Normale,Deux véhicules - côté,,,,,,,,,,,1,2,6,1.0,3.0
201100009776,0011-09-03 10:15:00,11,9,3,10,15,680,226,"54, rue du 9?me Zouaves",48.04441,7.12641,Plein jour,En agglomération,Hors intersection,Temps éblouissant,Deux véhicules - côté,,,,,,,,,,,1,2,1,7.0,3.0
201100009777,0011-01-06 21:00:00,11,1,6,21,0,680,36,,48.05833,7.53742,Nuit sans éclairage public,Hors agglomération,Hors intersection,Temps couvert,Sans collision,,,,,,,,,,,3,1,1,8.0,7.0
201100009778,0011-02-04 07:30:00,11,2,4,7,30,680,172,,48.08188,7.5249,Crépuscule ou aube,Hors agglomération,Hors intersection,Normale,Deux véhicules - côté,,,,,,,,,,,2,1,1,1.0,3.0
201100009779,0011-02-17 17:30:00,11,2,17,17,30,680,246,,47.98905,7.53582,Crépuscule ou aube,Hors agglomération,Intersection en X,Normale,Deux véhicules - côté,,,,,,,,,,,2,1,2,1.0,3.0
201100009780,0011-02-18 18:45:00,11,2,18,18,45,680,19,,48.09462,7.53896,Nuit sans éclairage public,Hors agglomération,Hors intersection,Normale,Autre collision,,,,,,,,,,,3,1,1,1.0,6.0
201100009781,0011-03-07 11:30:00,11,3,7,11,30,680,36,rue du muguet,48.04416,7.54682,Plein jour,En agglomération,Hors intersection,Normale,Deux véhicules - côté,,,,,,,,,,,1,2,1,1.0,3.0
201100009782,0011-04-10 17:45:00,11,4,10,17,45,680,231,,48.01368,7.53321,Plein jour,Hors agglomération,Intersection en X,Temps éblouissant,Deux véhicules - côté,,,,,,,,,,,1,1,2,7.0,3.0
201100009783,0011-04-23 05:15:00,11,4,23,5,15,680,36,,48.04836,7.5256,Nuit sans éclairage public,Hors agglomération,Hors intersection,Normale,Autre collision,,,,,,,,,,,3,1,1,1.0,6.0
201100009784,0011-05-04 08:00:00,11,5,4,8,0,680,110,,48.1381,7.48591,Plein jour,Hors agglomération,Hors intersection,Temps éblouissant,Deux véhicules - côté,,,,,,,,,,,1,1,1,7.0,3.0
201100009785,0011-05-23 11:45:00,11,5,23,11,45,680,352,,48.01125,7.53417,Plein jour,Hors agglomération,Hors intersection,Normale,Deux véhicules - arrière,,,,,,,,,,,1,1,1,1.0,2.0
201100009786,0011-06-04 19:15:00,11,6,4,19,15,680,76,,48.09046,7.51482,Plein jour,Hors agglomération,Hors intersection,Normale,Autre collision,,,,,,,,,,,1,1,1,1.0,6.0
201100009787,0011-06-26 13:00:00,11,6,26,13,0,680,246,1 RUE DU FORT,47.98829,7.55376,Plein jour,En agglomération,Hors intersection,Normale,Autre collision,,,,,,,,,,,1,2,1,1.0,6.0
201100009788,0011-07-29 09:15:00,11,7,29,9,15,680,367,,48.05756,7.49822,Plein jour,Hors agglomération,Hors intersection,Normale,Sans collision,,,,,,,,,,,1,1,1,1.0,7.0
201100009789,0011-09-27 15:45:00,11,9,27,15,45,680,352,CD468 PK46,48.02539,7.53349,Plein jour,En agglomération,Hors intersection,Normale,Deux véhicules - côté,,,,,,,,,,,1,2,1,1.0,3.0
201100009790,0011-10-20 19:30:00,11,10,20,19,30,680,246,rue du marechal leclerc,47.98946,7.5511,Nuit avec éclairage allumé,En agglomération,Intersection en X,Normale,Deux véhicules - côté,,,,,,,,,,,5,2,2,1.0,3.0
201100009791,0011-11-04 20:15:00,11,11,4,20,15,680,352,ROUTE DE STRASBOURG,48.03123,7.53633,Nuit sans éclairage public,En agglomération,Hors intersection,Normale,Deux véhicules - frontale,,,,,,,,,,,3,2,1,1.0,1.0
201100009792,0011-11-25 01:00:00,11,11,25,1,0,680,69,,47.98981,7.49605,Nuit sans éclairage public,Hors agglomération,Hors intersection,Normale,Autre collision,,,,,,,,,,,3,1,1,1.0,6.0
201100009793,0011-01-16 08:00:00,11,1,16,8,0,680,162,,48.13525,7.26215,Plein jour,Hors agglomération,Hors intersection,Normale,Sans collision,,,,,,,,,,,1,1,1,1.0,7.0
201100009794,0011-03-18 09:30:00,11,3,18,9,30,680,28,,48.20485,7.35337,Plein jour,En agglomération,Hors intersection,Normale,Deux véhicules - frontale,,,,,,,,,,,1,2,1,1.0,1.0
201100009795,0011-03-28 15:30:00,11,3,28,15,30,680,162,,48.15601,7.21609,Plein jour,Hors agglomération,Hors intersection,Normale,Trois véhicules et plus - collisions multiples,,,,,,,,,,,1,1,1,1.0,5.0
201100009796,0011-04-05 16:15:00,11,4,5,16,15,680,162,,48.15345,7.2091,Plein jour,Hors agglomération,Hors intersection,Normale,Deux véhicules - arrière,,,,,,,,,,,1,1,1,1.0,2.0
201100009797,0011-06-12 14:45:00,11,6,12,14,45,680,269,,48.22692,7.23586,Plein jour,Hors agglomération,Hors intersection,Normale,Sans collision,,,,,,,,,,,1,1,1,1.0,7.0
201100009798,0011-07-12 08:45:00,11,7,12,8,45,680,23,,48.16613,7.35572,Plein jour,Hors agglomération,Hors intersection,Normale,Deux véhicules - côté,,,,,,,,,,,1,1,1,1.0,3.0
201100009799,0011-08-22 19:00:00,11,8,22,19,0,680,335,,48.22725,7.30441,Plein jour,Hors agglomération,Hors intersection,Normale,Sans collision,,,,,,,,,,,1,1,1,1.0,7.0
201100009800,0011-08-28 05:45:00,11,8,28,5,45,680,14,,48.19109,7.22307,Nuit sans éclairage public,Hors agglomération,Hors intersection,Normale,Sans collision,,,,,,,,,,,3,1,1,1.0,7.0
201100009801,0011-09-03 12:30:00,11,9,3,12,30,680,269,,48.2135,7.24054,Plein jour,Hors agglomération,Hors intersection,Normale,Autre collision,,,,,,,,,,,1,1,1,1.0,6.0
201100009802,0011-09-17 11:15:00,11,9,17,11,15,680,296,,48.22703,7.38202,Plein jour,Hors agglomération,Hors intersection,Normale,Autre collision,,,,,,,,,,,1,1,1,1.0,6.0
201100009803,0011-10-02 02:15:00,11,10,2,2,15,680,269,rue Kl?e,48.1958,7.31982,Nuit avec éclairage allumé,En agglomération,Hors intersection,Normale,Autre collision,,,,,,,,,,,5,2,1,1.0,6.0
201100009804,0011-01-16 02:00:00,11,1,16,2,0,680,185,,48.26667,7.29994,Nuit sans éclairage public,Hors agglomération,Hors intersection,Normale,Autre collision,,,,,,,,,,,3,1,1,1.0,6.0
201100009805,0011-01-31 19:00:00,11,1,31,19,0,680,298,151 de Lattre de Tasigny,48.24602,7.18309,Nuit avec éclairage allumé,En agglomération,Hors intersection,Normale,Autre collision,,,,,,,,,,,5,2,1,1.0,6.0