accident_id,datetime,annee,mois,jour,heure,minute,departement,commune_insee,adresse,latitude,longitude,luminosite,agglomeration,intersection,meteo,collision,nb_vehicules,nb_usagers,nb_indemnes,nb_tues,nb_blesses_hosp,nb_blesses_legers,age_cond_1,age_cond_2,veh_type_cond_1,veh_type_cond_2,lum_code,agg_code,int_code,atm_code,col_code
201100009931,0011-01-05 07:00:00,11,1,5,7,0,510,147,D977,,,Nuit sans éclairage public,Hors agglomération,Hors intersection,Normale,Deux véhicules - frontale,,,,,,,,,,,3,1,1,1.0,1.0
201100009932,0011-02-09 07:00:00,11,2,9,7,0,510,476,D977,,,Nuit sans éclairage public,Hors agglomération,Hors intersection,Normale,Autre collision,,,,,,,,,,,3,1,1,1.0,6.0
201100009933,0011-04-22 13:15:00,11,4,22,13,15,510,31,D931,,,Plein jour,Hors agglomération,Hors intersection,Normale,Autre collision,,,,,,,,,,,1,1,1,1.0,6.0
201100009934,0011-06-03 03:00:00,11,6,3,3,0,510,559,RUE REMPART DU NORD,,,Nuit sans éclairage public,En agglomération,Hors intersection,Normale,Autre collision,,,,,,,,,,,3,2,1,1.0,6.0
201100009935,0011-06-30 18:15:00,11,6,30,18,15,510,326,D944/D994,,,Plein jour,Hors agglomération,Intersection en T,Normale,Autre collision,,,,,,,,,,,1,1,3,1.0,6.0
201100009936,0011-08-03 18:30:00,11,8,3,18,30,510,476,D977,,,Plein jour,Hors agglomération,Hors intersection,Pluie légère,Deux véhicules - frontale,,,,,,,,,,,1,1,1,2.0,1.0
201100009937,0011-08-28 22:15:00,11,8,28,22,15,510,78,D21,,,Nuit sans éclairage public,Hors agglomération,Hors intersection,Normale,Sans collision,,,,,,,,,,,3,1,1,1.0,7.0
201100009938,0011-10-07 07:00:00,11,10,7,7,0,510,326,D944,49.11471,4.25299,Nuit sans éclairage public,Hors agglomération,Hors intersection,Pluie légère,Trois véhicules et plus - collisions multiples,,,,,,,,,,,3,1,1,2.0,5.0
201100009939,0011-12-09 02:00:00,11,12,9,2,0,510,559,D931,49.128,4.53579,Nuit avec éclairage allumé,En agglomération,Hors intersection,Normale,Deux véhicules - frontale,,,,,,,,,,,5,2,1,1.0,1.0
201100009940,0011-04-13 14:15:00,11,4,13,14,15,510,93,D951,,,Plein jour,Hors agglomération,Hors intersection,Normale,Deux véhicules - frontale,,,,,,,,,,,1,1,1,1.0,1.0
201100009941,0011-05-17 17:45:00,11,5,17,17,45,510,627,D37,,,Plein jour,Hors agglomération,Hors intersection,Normale,Deux véhicules - arrière,,,,,,,,,,,1,1,1,1.0,2.0
201100009942,0011-06-24 12:15:00,11,6,24,12,15,510,158,D18/VC4,48.82123,3.95599,Plein jour,Hors agglomération,Intersection en X,Normale,Deux véhicules - côté,,,,,,,,,,,1,1,2,1.0,3.0
201100009943,0011-08-01 08:45:00,11,8,1,8,45,510,434,D3,,,Plein jour,Hors agglomération,Hors intersection,Normale,Deux véhicules - arrière,,,,,,,,,,,1,1,1,1.0,2.0
201100009944,0011-08-30 14:15:00,11,8,30,14,15,510,612,D9,,,Plein jour,Hors agglomération,Hors intersection,Normale,Autre collision,,,,,,,,,,,1,1,1,1.0,6.0
201100009945,0011-09-06 17:15:00,11,9,6,17,15,510,612,6 chemin des sept moulin,48.90537,4.01292,Plein jour,En agglomération,Intersection en T,Normale,Deux véhicules - côté,,,,,,,,,,,1,2,3,1.0,3.0
201100009946,0011-09-25 12:45:00,11,9,25,12,45,510,384,D210/D36,48.97096,3.90672,Plein jour,Hors agglomération,Intersection en X,Normale,Deux véhicules - côté,,,,,,,,,,,1,1,2,1.0,3.0
201100009947,0011-11-07 15:05:00,11,11,7,15,5,510,434,D3/D337,49.01382,4.07211,Plein jour,Hors agglomération,Intersection en X,Normale,Deux véhicules - côté,,,,,,,,,,,1,1,2,1.0,3.0
201100009948,0011-11-14 15:00:00,11,11,14,15,0,510,158,VC/VOIE FERREE,48.80607,3.98481,Plein jour,Hors agglomération,Passage à niveau,Normale,Deux véhicules - frontale,,,,,,,,,,,1,1,8,1.0,1.0
201100009949,0011-11-24 05:00:00,11,11,24,5,0,510,367,D238,48.94352,4.00882,Nuit sans éclairage public,Hors agglomération,Hors intersection,Brouillard / fumée,Autre collision,,,,,,,,,,,3,1,1,5.0,6.0
201100009950,0011-01-24 19:30:00,11,1,24,19,30,510,410,D3,,,Nuit avec éclairage non allumé,Hors agglomération,Hors intersection,Normale,Deux véhicules - arrière,,,,,,,,,,,4,1,1,1.0,2.0
201100009951,0011-02-19 18:15:00,11,2,19,18,15,510,298,D18,,,Crépuscule ou aube,Hors agglomération,Hors intersection,Temps couvert,Autre collision,,,,,,,,,,,2,1,1,8.0,6.0
201100009952,0011-02-26 12:30:00,11,2,26,12,30,510,410,D3,,,Plein jour,Hors agglomération,Hors intersection,Pluie légère,Deux véhicules - côté,,,,,,,,,,,1,1,1,2.0,3.0
201100009953,0011-03-03 21:00:00,11,3,3,21,0,510,217,D41/RUE VALLEE,,,Nuit avec éclairage allumé,En agglomération,Intersection en X,Normale,Deux véhicules - côté,,,,,,,,,,,5,2,2,1.0,3.0
201100009954,0011-03-08 19:30:00,11,3,8,19,30,510,425,D980,,,Nuit avec éclairage allumé,En agglomération,Hors intersection,Normale,Deux véhicules - arrière,,,,,,,,,,,5,2,1,1.0,2.0
201100009955,0011-03-09 13:30:00,11,3,9,13,30,510,136,D1/D23E,,,Plein jour,Hors agglomération,Intersection en Y,Normale,Deux véhicules - côté,,,,,,,,,,,1,1,4,1.0,3.0
201100009956,0011-03-12 15:15:00,11,3,12,15,15,510,298,RUE DE L'ETANG,,,Plein jour,En agglomération,Hors intersection,Normale,Autre collision,,,,,,,,,,,1,2,1,1.0,6.0
201100009957,0011-04-02 19:15:00,11,4,2,19,15,510,457,RUE DES VIGNES,,,Plein jour,Hors agglomération,Hors intersection,Normale,Autre collision,,,,,,,,,,,1,1,1,1.0,6.0
201100009958,0011-04-29 18:15:00,11,4,29,18,15,510,249,5 RUE DES LIMONEAUX,,,Plein jour,En agglomération,Hors intersection,Normale,Autre collision,,,,,,,,,,,1,2,1,1.0,6.0
201100009959,0011-06-01 17:15:00,11,6,1,17,15,510,136,D23E4,,,Plein jour,Hors agglomération,Hors intersection,Normale,Autre collision,,,,,,,,,,,1,1,1,1.0,6.0
201100009960,0011-07-16 10:30:00,11,7,16,10,30,510,85,D23,,,Plein jour,En agglomération,Hors intersection,Normale,Sans collision,,,,,,,,,,,1,2,1,1.0,7.0
201100009961,0011-07-26 07:30:00,11,7,26,7,30,510,217,D3,,,Plein jour,Hors agglomération,Hors intersection,Normale,Deux véhicules - côté,,,,,,,,,,,1,1,1,1.0,3.0
201100009962,0011-09-26 13:15:00,11,9,26,13,15,510,136,D24,,,Plein jour,Hors agglomération,Hors intersection,Normale,Autre collision,,,,,,,,,,,1,1,1,1.0,6.0
201100009963,0011-10-08 17:15:00,11,10,8,17,15,510,217,rue du pont,49.07509,3.63766,Plein jour,En agglomération,Intersection en X,Temps couvert,Deux véhicules - côté,,,,,,,,,,,1,2,2,8.0,3.0
201100009964,0011-11-17 16:00:00,11,11,17,16,0,510,199,D24,49.14121,3.83141,Plein jour,Hors agglomération,Hors intersection,Temps couvert,Deux véhicules - frontale,,,,,,,,,,,1,1,1,8.0,1.0
201100009965,0011-11-27 18:45:00,11,11,27,18,45,510,298,D18,49.02868,3.69166,Nuit sans éclairage public,Hors agglomération,Hors intersection,Normale,Sans collision,,,,,,,,,,,3,1,1,1.0,7.0
201100009966,0011-05-24 19:00:00,11,5,24,19,0,510,165,N4,48.73659,3.94058,Plein jour,Hors agglomération,Hors intersection,Normale,Deux véhicules - frontale,,,,,,,,,,,1,1,1,1.0,1.0
201100009967,0011-09-27 17:15:00,11,9,27,17,15,510,35,D43,48.81173,3.89918,Plein jour,Hors agglomération,Hors intersection,Normale,Sans collision,,,,,,,,,,,1,1,1,1.0,7.0
201100009968,0011-12-11 13:15:00,11,12,11,13,15,510,545,D79,48.74952,4.23636,Plein jour,Hors agglomération,Hors intersection,Normale,Sans collision,,,,,,,,,,,1,1,1,1.0,7.0
201100009969,0011-12-17 21:00:00,11,12,17,21,0,510,248,D5,48.78461,4.06055,Nuit sans éclairage public,Hors agglomération,Hors intersection,Temps couvert,Autre collision,,,,,,,,,,,3,1,1,8.0,6.0
201100009970,0011-03-07 14:45:00,11,3,7,14,45,510,100,D951,,,Plein jour,Hors agglomération,Hors intersection,Normale,Autre collision,,,,,,,,,,,1,1,1,1.0,6.0
201100009971,0011-03-26 16:00:00,11,3,26,16,0,510,264,D47,,,Plein jour,Hors agglomération,Hors intersection,Normale,Autre collision,,,,,,,,,,,1,1,1,1.0,6.0
201100009972,0011-04-15 23:45:00,11,4,15,23,45,510,380,rue du Docteur Philippe,,,Nuit sans éclairage public,En agglomération,Hors intersection,Normale,Sans collision,,,,,,,,,,,3,2,1,1.0,7.0
201100009973,0011-05-23 14:30:00,11,5,23,14,30,510,380,D373,,,Plein jour,Hors agglomération,Hors intersection,Normale,Autre collision,,,,,,,,,,,1,1,1,1.0,6.0
201100009974,0011-07-23 19:15:00,11,7,23,19,15,510,175,D23,,,Plein jour,En agglomération,Hors intersection,Normale,Autre collision,,,,,,,,,,,1,2,1,1.0,6.0
201100009975,0011-08-30 19:45:00,11,8,30,19,45,510,380,D41,,,Crépuscule ou aube,Hors agglomération,Hors intersection,Normale,Sans collision,,,,,,,,,,,2,1,1,1.0,7.0
201100009976,0011-12-02 15:15:00,11,12,2,15,15,510,33,rue du bas baizil,48.96376,3.7879,Plein jour,En agglomération,Intersection en X,Temps éblouissant,Deux véhicules - côté,,,,,,,,,,,1,2,2,7.0,3.0
201100009977,0011-12-20 19:15:00,11,12,20,19,15,510,542,D951,48.81797,3.73502,Nuit sans éclairage public,Hors agglomération,Hors intersection,Pluie légère,Deux véhicules - frontale,,,,,,,,,,,3,1,1,2.0,1.0
201100009978,0011-12-29 08:30:00,11,12,29,8,30,510,460,D41,48.84759,3.49121,Plein jour,Hors agglomération,Hors intersection,Autre,Sans collision,,,,,,,,,,,1,1,1,9.0,7.0
201100009979,0011-03-24 08:30:00,11,3,24,8,30,510,492,D440,,,Plein jour,Hors agglomération,Hors intersection,Normale,Autre collision,,,,,,,,,,,1,1,1,1.0,6.0
201100009980,0011-04-13 20:45:00,11,4,13,20,45,510,237,19 rue du dr Roux/D46,,,Crépuscule ou aube,En agglomération,Hors intersection,Normale,Autre collision,,,,,,,,,,,2,2,1,1.0,6.0
201100009981,0011-04-25 20:00:00,11,4,25,20,0,510,492,rue Julian Grimot,,,Plein jour,En agglomération,Hors intersection,Normale,Autre collision,,,,,,,,,,,1,2,1,1.0,6.0
201100009982,0011-04-27 12:00:00,11,4,27,12,0,510,514,D53,,,Plein jour,Hors agglomération,Hors intersection,Normale,Sans collision,,,,,,,,,,,1,1,1,1.0,7.0
201100009983,0011-04-29 10:30:00,11,4,29,10,30,510,514,D53,,,Plein jour,Hors agglomération,Hors intersection,Normale,Deux véhicules - frontale,,,,,,,,,,,1,1,1,1.0,1.0
201100009984,0011-05-01 17:00:00,11,5,1,17,0,510,360,D239E/rue de la mairie,,,Plein jour,En agglomération,Intersection en T,Normale,Autre collision,,,,,,,,,,,1,2,3,1.0,6.0
201100009985,0011-05-14 20:45:00,11,5,14,20,45,510,265,D76,,,Crépuscule ou aube,Hors agglomération,Hors intersection,Autre,Sans collision,,,,,,,,,,,2,1,1,9.0,7.0
201100009986,0011-05-16 10:15:00,11,5,16,10,15,510,535,D934/D375,,,Plein jour,Hors agglomération,Intersection en X,Normale,Deux véhicules - côté,,,,,,,,,,,1,1,2,1.0,3.0
201100009987,0011-06-01 08:00:00,11,6,1,8,0,510,279,D373,,,Plein jour,En agglomération,Hors intersection,Normale,Deux véhicules - côté,,,,,,,,,,,1,2,1,1.0,3.0
201100009988,0011-07-07 11:21:00,11,7,7,11,21,510,233,D48,48.694,3.54426,Plein jour,Hors agglomération,Hors intersection,Normale,Deux véhicules - frontale,,,,,,,,,,,1,1,1,1.0,1.0
201100009989,0011-07-21 23:30:00,11,7,21,23,30,510,237,D46,,,Nuit avec éclairage allumé,En agglomération,Hors intersection,Normale,Autre collision,,,,,,,,,,,5,2,1,1.0,6.0
201100009990,0011-07-30 12:45:00,11,7,30,12,45,510,514,N4,,,Plein jour,Hors agglomération,Hors intersection,Normale,Deux véhicules - frontale,,,,,,,,,,,1,1,1,1.0,1.0
201100009991,0011-08-15 20:00:00,11,8,15,20,0,510,279,D373,,,Crépuscule ou aube,Hors agglomération,Hors intersection,Normale,Sans collision,,,,,,,,,,,2,1,1,1.0,7.0
201100009992,0011-08-18 05:10:00,11,8,18,5,10,510,237,N4,,,Nuit sans éclairage public,Hors agglomération,Hors intersection,Normale,Autre collision,,,,,,,,,,,3,1,1,1.0,6.0
201100009993,0011-09-09 09:00:00,11,9,9,9,0,510,162,AVE DU MAL LECLERC/D51,,,Plein jour,En agglomération,Hors intersection,Normale,Deux véhicules - arrière,,,,,,,,,,,1,2,1,1.0,2.0
201100009994,0011-09-23 17:15:00,11,9,23,17,15,510,155,D52,,,Plein jour,Hors agglomération,Hors intersection,Normale,Deux véhicules - frontale,,,,,,,,,,,1,1,1,1.0,1.0
201100009995,0011-09-24 15:30:00,11,9,24,15,30,510,535,rond point de Paris,48.72565,3.70549,Plein jour,En agglomération,Giratoire,Normale,Deux véhicules - frontale,,,,,,,,,,,1,2,6,1.0,1.0
201100009996,0011-09-30 08:00:00,11,9,30,8,0,510,535,D373,48.72553,3.71041,Crépuscule ou aube,Hors agglomération,Hors intersection,Normale,Autre collision,,,,,,,,,,,2,1,1,1.0,6.0
201100009997,0011-10-02 17:00:00,11,10,2,17,0,510,343,CV4,48.55682,3.71337,Crépuscule ou aube,Hors agglomération,Hors intersection,Temps éblouissant,Autre collision,,,,,,,,,,,2,1,1,7.0,6.0
201100009998,0011-10-02 22:00:00,11,10,2,22,0,510,56,D951,48.61619,3.60565,Nuit sans éclairage public,Hors agglomération,Hors intersection,Normale,Autre collision,,,,,,,,,,,3,1,1,1.0,6.0
201100009999,0011-10-14 14:45:00,11,10,14,14,45,510,237,N4/D48,48.7186,3.5474,Plein jour,Hors agglomération,Intersection en X,Normale,Deux véhicules - côté,,,,,,,,,,,1,1,2,1.0,3.0
201100010000,0011-10-28 03:45:00,11,10,28,3,45,510,407,,48.7295,3.65028,Nuit sans éclairage public,Hors agglomération,Hors intersection,Normale,Deux véhicules - arrière,,,,,,,,,,,3,1,1,1.0,2.0
201100010001,0011-12-21 23:14:00,11,12,21,23,14,510,323,N4,48.7228,3.80374,Nuit avec éclairage non allumé,Hors agglomération,Hors intersection,Pluie légère,Deux véhicules - frontale,,,,,,,,,,,4,1,1,2.0,1.0
201100010002,0011-01-04 11:00:00,11,1,4,11,0,510,250,Rue de la Sucrerie,,,Plein jour,En agglomération,Autre intersection,Temps couvert,Deux véhicules - frontale,,,,,,,,,,,1,2,9,8.0,1.0
201100010003,0011-01-07 07:45:00,11,1,7,7,45,510,250,route de soissons,,,Crépuscule ou aube,En agglomération,Hors intersection,Pluie légère,Autre collision,,,,,,,,,,,2,2,1,2.0,6.0
201100010004,0011-03-24 17:45:00,11,3,24,17,45,510,308,D28/exN31,,,Plein jour,En agglomération,Intersection en T,Normale,Deux véhicules - frontale,,,,,,,,,,,1,2,3,1.0,1.0
201100010005,0011-04-08 21:00:00,11,4,8,21,0,510,250,D386,,,Crépuscule ou aube,Hors agglomération,Hors intersection,Normale,Autre collision,,,,,,,,,,,2,1,1,1.0,6.0
201100010006,0011-04-21 17:00:00,11,4,21,17,0,510,308,N31,49.28173,3.83127,Plein jour,Hors agglomération,Hors intersection,Normale,Deux véhicules - frontale,,,,,,,,,,,1,1,1,1.0,1.0
201100010007,0011-02-18 19:15:00,11,2,18,19,15,510,310,D980/D6,,,Nuit sans éclairage public,Hors agglomération,Intersection en T,Normale,Deux véhicules - frontale,,,,,,,,,,,3,1,3,1.0,1.0
201100010008,0011-03-09 08:00:00,11,3,9,8,0,510,291,avenue de champagne,,,Plein jour,En agglomération,Hors intersection,Normale,Deux véhicules - frontale,,,,,,,,,,,1,2,1,1.0,1.0
201100010009,0011-03-21 07:45:00,11,3,21,7,45,510,569,N31,,,Plein jour,Hors agglomération,Hors intersection,Temps éblouissant,Trois véhicules et plus - en chaîne,,,,,,,,,,,1,1,1,7.0,4.0
201100010010,0011-04-11 14:00:00,11,4,11,14,0,510,418,D980,,,Plein jour,Hors agglomération,Hors intersection,Normale,Deux véhicules - frontale,,,,,,,,,,,1,1,1,1.0,1.0
201100010011,0011-06-25 00:15:00,11,6,25,0,15,510,291,place de la Mairie,,,Nuit avec éclairage allumé,En agglomération,Hors intersection,Normale,Sans collision,,,,,,,,,,,5,2,1,1.0,7.0
201100010012,0011-08-28 14:00:00,11,8,28,14,0,510,532,voies communales,,,Plein jour,En agglomération,Intersection en T,Normale,Deux véhicules - côté,,,,,,,,,,,1,2,3,1.0,3.0
201100010013,0011-09-06 01:00:00,11,9,6,1,0,510,140,rue du capitaine chesnai,,,Nuit avec éclairage allumé,En agglomération,Hors intersection,Normale,Autre collision,,,,,,,,,,,5,2,1,1.0,6.0
201100010014,0011-09-27 06:45:00,11,9,27,6,45,510,391,N31,,,Nuit sans éclairage public,Hors agglomération,Hors intersection,Normale,Deux véhicules - frontale,,,,,,,,,,,3,1,1,1.0,1.0
201100010015,0011-10-12 12:45:00,11,10,12,12,45,510,488,d951,49.12481,3.98909,Plein jour,Hors agglomération,Hors intersection,Normale,Deux véhicules - frontale,,,,,,,,,,,1,1,1,1.0,1.0
201100010016,0011-11-04 18:30:00,11,11,4,18,30,510,391,N31,49.27537,3.86118,Nuit sans éclairage public,Hors agglomération,Hors intersection,Normale,Autre collision,,,,,,,,,,,3,1,1,1.0,6.0
201100010017,0011-12-01 17:15:00,11,12,1,17,15,510,391,N31,49.27349,3.88227,Nuit sans éclairage public,Hors agglomération,Intersection en X,Pluie légère,Deux véhicules - côté,,,,,,,,,,,3,1,2,2.0,3.0
201100010018,0011-12-14 06:15:00,11,12,14,6,15,510,183,D944,49.31502,3.97953,Nuit sans éclairage public,Hors agglomération,Hors intersection,Pluie forte,Sans collision,,,,,,,,,,,3,1,1,3.0,7.0
201100010019,0011-01-08 17:00:00,11,1,8,17,0,510,173,4 rue des vergers,,,Plein jour,En agglomération,Hors intersection,Normale,Autre collision,,,,,,,,,,,1,2,1,1.0,6.0
201100010020,0011-01-10 15:45:00,11,1,10,15,45,510,28,D9,,,Plein jour,Hors agglomération,Giratoire,Brouillard / fumée,Sans collision,,,,,,,,,,,1,1,6,5.0,7.0
201100010021,0011-03-26 08:30:00,11,3,26,8,30,510,393,D386,,,Plein jour,Hors agglomération,Hors intersection,Normale,Autre collision,,,,,,,,,,,1,1,1,1.0,6.0
201100010022,0011-03-29 07:15:00,11,3,29,7,15,510,153,D3,,,Plein jour,Hors agglomération,Hors intersection,Normale,Deux véhicules - côté,,,,,,,,,,,1,1,1,1.0,3.0
201100010023,0011-04-01 18:00:00,11,4,1,18,0,510,576,D19,,,Plein jour,Hors agglomération,Hors intersection,Normale,Sans collision,,,,,,,,,,,1,1,1,1.0,7.0
201100010024,0011-07-05 23:15:00,11,7,5,23,15,510,287,D951,,,Nuit sans éclairage public,Hors agglomération,Hors intersection,Normale,Autre collision,,,,,,,,,,,3,1,1,1.0,6.0
201100010025,0011-07-22 19:30:00,11,7,22,19,30,510,564,D9,,,Plein jour,Hors agglomération,Hors intersection,Normale,Deux véhicules - frontale,,,,,,,,,,,1,1,1,1.0,1.0
201100010026,0011-08-24 17:30:00,11,8,24,17,30,510,287,CH. VIC. 4 et 11,,,Plein jour,Hors agglomération,Intersection en T,Normale,Deux véhicules - côté,,,,,,,,,,,1,1,3,1.0,3.0
201100010027,0011-09-03 14:00:00,11,9,3,14,0,510,28,D9,49.07419,4.05884,Plein jour,Hors agglomération,Hors intersection,Normale,Deux véhicules - frontale,,,,,,,,,,,1,1,1,1.0,1.0
201100010028,0011-12-01 18:30:00,11,12,1,18,30,510,605,D1,49.07588,3.85242,Nuit sans éclairage public,Hors agglomération,Hors intersection,Temps couvert,Deux véhicules - côté,,,,,,,,,,,3,1,1,8.0,3.0
201100010029,0011-12-09 21:45:00,11,12,9,21,45,510,76,,49.06447,3.85347,Nuit sans éclairage public,Hors agglomération,Hors intersection,Normale,Deux véhicules - frontale,,,,,,,,,,,3,1,1,1.0,1.0
201100010030,0011-12-22 16:45:00,11,12,22,16,45,510,210,D251,49.0714,3.97382,Plein jour,Hors agglomération,Hors intersection,Normale,Deux véhicules - côté,,,,,,,,,,,1,1,1,1.0,3.0
201100010031,0011-01-13 17:30:00,11,1,13,17,30,510,649,avenue moll,,,Nuit avec éclairage allumé,En agglomération,Hors intersection,Normale,Autre collision,,,,,,,,,,,5,2,1,1.0,6.0
201100010032,0011-02-02 22:30:00,11,2,2,22,30,510,649,N44,,,Nuit sans éclairage public,Hors agglomération,Hors intersection,Autre,Autre collision,,,,,,,,,,,3,1,1,9.0,6.0
201100010033,0011-04-22 16:15:00,11,4,22,16,15,510,340,des ruelles/pont jacquot,,,Plein jour,Hors agglomération,Intersection en T,Normale,Deux véhicules - côté,,,,,,,,,,,1,1,3,1.0,3.0
201100010034,0011-05-29 00:01:00,11,5,29,0,1,510,156,rue du pont,,,Nuit sans éclairage public,Hors agglomération,Hors intersection,Normale,Autre collision,,,,,,,,,,,3,1,1,1.0,6.0
201100010035,0011-07-05 14:45:00,11,7,5,14,45,510,262,D396,,,Plein jour,Hors agglomération,Hors intersection,Normale,Deux véhicules - côté,,,,,,,,,,,1,1,1,1.0,3.0
201100010036,0011-07-22 14:45:00,11,7,22,14,45,510,649,rue Aristide Briand,,,Plein jour,En agglomération,Intersection en X,Normale,Deux véhicules - côté,,,,,,,,,,,1,2,2,1.0,3.0
201100010037,0011-07-27 16:30:00,11,7,27,16,30,510,195,N44,,,Plein jour,Hors agglomération,Hors intersection,Normale,Autre collision,,,,,,,,,,,1,1,1,1.0,6.0
201100010038,0011-09-02 09:45:00,11,9,2,9,45,510,649,QU.ST GERMAIN/A. CHOISY,48.72595,4.58028,Plein jour,En agglomération,Intersection en X,Normale,Deux véhicules - côté,,,,,,,,,,,1,2,2,1.0,3.0
201100010039,0011-09-13 16:00:00,11,9,13,16,0,510,352,N4,,,Plein jour,Hors agglomération,Hors intersection,Normale,Trois véhicules et plus - collisions multiples,,,,,,,,,,,1,1,1,1.0,5.0
201100010040,0011-09-19 13:15:00,11,9,19,13,15,510,649,Rue du Pont,,,Plein jour,En agglomération,Hors intersection,Normale,Autre collision,,,,,,,,,,,1,2,1,1.0,6.0
201100010041,0011-09-19 07:45:00,11,9,19,7,45,510,141,CHEMIN DU SILO,,,Plein jour,Hors agglomération,Hors intersection,Normale,Deux véhicules - frontale,,,,,,,,,,,1,1,1,1.0,1.0
201100010042,0011-10-07 07:15:00,11,10,7,7,15,510,649,FAUBOURG DE ST DIZIER,48.72207,4.60146,Nuit avec éclairage allumé,En agglomération,Hors intersection,Pluie légère,Deux véhicules - côté,,,,,,,,,,,5,2,1,2.0,3.0
201100010043,0011-10-15 22:00:00,11,10,15,22,0,510,295,D14,48.70148,4.551,Nuit sans éclairage public,En agglomération,Hors intersection,Normale,Autre collision,,,,,,,,,,,3,2,1,1.0,6.0
201100010044,0011-10-25 01:45:00,11,10,25,1,45,510,195,N44,48.77843,4.58931,Nuit sans éclairage public,Hors agglomération,Hors intersection,Pluie légère,Deux véhicules - frontale,,,,,,,,,,,3,1,1,2.0,1.0
201100010045,0011-10-25 14:30:00,11,10,25,14,30,510,65,N4,48.72998,4.57171,Plein jour,Hors agglomération,Hors intersection,Normale,Deux véhicules - arrière,,,,,,,,,,,1,1,1,1.0,2.0
201100010046,0011-11-30 06:00:00,11,11,30,6,0,510,141,N44,48.82316,4.53847,Nuit sans éclairage public,Hors agglomération,Hors intersection,Brouillard / fumée,Deux véhicules - arrière,,,,,,,,,,,3,1,1,5.0,2.0
201100010047,0011-12-03 18:50:00,11,12,3,18,50,510,295,,48.69883,4.55745,Nuit sans éclairage public,Hors agglomération,Hors intersection,Pluie légère,Deux véhicules - arrière,,,,,,,,,,,3,1,1,2.0,2.0
201100010048,0011-12-08 09:20:00,11,12,8,9,20,510,649,Boulevard Carnot,48.72184,4.58839,Plein jour,En agglomération,Hors intersection,Normale,Autre collision,,,,,,,,,,,1,2,1,1.0,6.0
201100010049,0011-12-27 17:30:00,11,12,27,17,30,510,649,PLACE DU MAL LECLERC,48.72884,4.58686,Crépuscule ou aube,En agglomération,Giratoire,Normale,Deux véhicules - côté,,,,,,,,,,,2,2,6,1.0,3.0
201100010050,0011-01-12 18:00:00,11,1,12,18,0,510,531,D995/rue du 6 sept 1914,,,Nuit avec éclairage allumé,En agglomération,Intersection en T,Pluie légère,Autre collision,,,,,,,,,,,5,2,3,2.0,6.0
201100010051,0011-01-15 10:10:00,11,1,15,10,10,510,442,D982,,,Plein jour,Hors agglomération,Hors intersection,Normale,Deux véhicules - frontale,,,,,,,,,,,1,1,1,1.0,1.0
201100010052,0011-03-06 17:00:00,11,3,6,17,0,510,373,D13,,,Plein jour,Hors agglomération,Hors intersection,Normale,Deux véhicules - arrière,,,,,,,,,,,1,1,1,1.0,2.0
201100010053,0011-03-11 06:45:00,11,3,11,6,45,510,363,D982,,,Crépuscule ou aube,Hors agglomération,Hors intersection,Normale,Deux véhicules - côté,,,,,,,,,,,2,1,1,1.0,3.0
201100010054,0011-03-18 21:15:00,11,3,18,21,15,510,423,D995,,,Nuit avec éclairage allumé,En agglomération,Hors intersection,Pluie légère,Autre collision,,,,,,,,,,,5,2,1,2.0,6.0
201100010055,0011-06-26 21:00:00,11,6,26,21,0,510,8,,,,Crépuscule ou aube,Hors agglomération,Intersection en T,Normale,Deux véhicules - frontale,,,,,,,,,,,2,1,3,1.0,1.0
201100010056,0011-07-09 11:30:00,11,7,9,11,30,510,122,D982,,,Plein jour,Hors agglomération,Hors intersection,Normale,Sans collision,,,,,,,,,,,1,1,1,1.0,7.0
201100010057,0011-09-06 03:45:00,11,9,6,3,45,510,567,6 ROUTE DE BRIENNE/D396,,,Nuit avec éclairage non allumé,En agglomération,Hors intersection,Normale,Autre collision,,,,,,,,,,,4,2,1,1.0,6.0
201100010058,0011-10-07 19:45:00,11,10,7,19,45,510,349,D396,48.5451,4.52094,Crépuscule ou aube,Hors agglomération,Hors intersection,Normale,Trois véhicules et plus - collisions multiples,,,,,,,,,,,2,1,1,1.0,5.0
201100010059,0011-10-09 13:00:00,11,10,9,13,0,510,144,D216,48.74513,4.90649,Plein jour,Hors agglomération,Hors intersection,Normale,Deux véhicules - frontale,,,,,,,,,,,1,1,1,1.0,1.0
201100010060,0011-12-09 05:15:00,11,12,9,5,15,510,286,D660,48.65376,4.78441,Nuit sans éclairage public,Hors agglomération,Hors intersection,Pluie légère,Sans collision,,,,,,,,,,,3,1,1,2.0,7.0
201100010061,0011-12-20 09:45:00,11,12,20,9,45,510,373,D13/D58,48.65357,4.66357,Plein jour,Hors agglomération,Intersection en X,Pluie légère,Deux véhicules - côté,,,,,,,,,,,1,1,2,2.0,3.0