accident_id,datetime,annee,mois,jour,heure,minute,departement,commune_insee,adresse,latitude,longitude,luminosite,agglomeration,intersection,meteo,collision,nb_vehicules,nb_usagers,nb_indemnes,nb_tues,nb_blesses_hosp,nb_blesses_legers,age_cond_1,age_cond_2,veh_type_cond_1,veh_type_cond_2,lum_code,agg_code,int_code,atm_code,col_code
201100010062,0011-02-01 11:00:00,11,2,1,11,0,510,27,D67,,,Plein jour,Hors agglomération,Hors intersection,Brouillard / fumée,Autre collision,,,,,,,,,,,1,1,1,5.0,6.0
201100010063,0011-04-19 18:30:00,11,4,19,18,30,510,206,D65,,,Plein jour,Hors agglomération,Hors intersection,Normale,Autre collision,,,,,,,,,,,1,1,1,1.0,6.0
201100010064,0011-06-01 17:15:00,11,6,1,17,15,510,27,Rue du Chateau d'eau/D70,49.03607,4.69364,Plein jour,En agglomération,Intersection en T,Temps éblouissant,Deux véhicules - côté,,,,,,,,,,,1,2,3,7.0,3.0
201100010065,0011-10-20 16:15:00,11,10,20,16,15,510,549,D994,48.9529,4.7205,Plein jour,Hors agglomération,Hors intersection,Normale,Autre collision,,,,,,,,,,,1,1,1,1.0,6.0
201100010066,0011-12-10 23:45:00,11,12,10,23,45,510,507,D982,49.07538,4.88924,Nuit sans éclairage public,Hors agglomération,Hors intersection,Normale,Deux véhicules - arrière,,,,,,,,,,,3,1,1,1.0,2.0
201100010067,0011-03-05 02:45:00,11,3,5,2,45,80,76,,49.6929,4.67964,Nuit sans éclairage public,Hors agglomération,Hors intersection,Normale,Autre collision,,,,,,,,,,,3,1,1,1.0,6.0
201100010068,0011-03-19 12:30:00,11,3,19,12,30,80,263,,49.7449,4.79056,Plein jour,Hors agglomération,Intersection en X,Temps couvert,Trois véhicules et plus - collisions multiples,,,,,,,,,,,1,1,2,8.0,5.0
201100010069,0011-03-29 08:00:00,11,3,29,8,0,80,385,,49.7677,4.7783,Crépuscule ou aube,Hors agglomération,Intersection en Y,Normale,Deux véhicules - côté,,,,,,,,,,,2,1,4,1.0,3.0
201100010070,0011-06-19 13:30:00,11,6,19,13,30,80,283,,49.6296,4.61608,Plein jour,Hors agglomération,Intersection en T,Normale,Deux véhicules - arrière,,,,,,,,,,,1,1,3,1.0,2.0
201100010071,0011-07-07 09:00:00,11,7,7,9,0,80,152,,49.6549,4.7472,Plein jour,Hors agglomération,Hors intersection,Normale,Autre collision,,,,,,,,,,,1,1,1,1.0,6.0
201100010072,0011-01-07 08:15:00,11,1,7,8,15,80,328,19 RUE PARMENTIER,49.8193,4.74106,Crépuscule ou aube,En agglomération,Hors intersection,Pluie légère,Autre collision,,,,,,,,,,,2,2,1,2.0,6.0
201100010073,0011-05-04 14:00:00,11,5,4,14,0,80,81,RUE ROGER SALENGRO,49.8523,4.76384,Plein jour,En agglomération,Hors intersection,Normale,Autre collision,,,,,,,,,,,1,2,1,1.0,6.0
201100010074,0011-05-06 18:30:00,11,5,6,18,30,80,448,,49.8831,4.82111,Plein jour,Hors agglomération,Hors intersection,Normale,Autre collision,,,,,,,,,,,1,1,1,1.0,6.0
201100010075,0011-05-07 03:00:00,11,5,7,3,0,80,302,,49.916,4.76986,Nuit sans éclairage public,Hors agglomération,Hors intersection,Normale,Autre collision,,,,,,,,,,,3,1,1,1.0,6.0
201100010076,0011-05-08 15:30:00,11,5,8,15,30,80,81,RUE DE LA VALLEE,49.8623,4.74873,Plein jour,En agglomération,Hors intersection,Normale,Sans collision,,,,,,,,,,,1,2,1,1.0,7.0
201100010077,0011-06-01 16:15:00,11,6,1,16,15,80,302,D1 - PK 18+400,49.8815,4.73011,Plein jour,En agglomération,Autre intersection,Normale,Deux véhicules - frontale,,,,,,,,,,,1,2,9,1.0,1.0
201100010078,0011-07-04 11:00:00,11,7,4,11,0,80,328,42 RUE PARMENTIER,49.8232,4.74277,Plein jour,En agglomération,Hors intersection,Normale,Deux véhicules - côté,,,,,,,,,,,1,2,1,1.0,3.0
201100010079,0011-07-09 16:30:00,11,7,9,16,30,80,218,07 GRANDE RUE,49.8844,4.84125,Plein jour,En agglomération,Hors intersection,Normale,Autre collision,,,,,,,,,,,1,2,1,1.0,6.0
201100010080,0011-08-01 18:30:00,11,8,1,18,30,80,302,,49.868,4.73412,Plein jour,Hors agglomération,Hors intersection,Normale,Autre collision,,,,,,,,,,,1,1,1,1.0,6.0
201100010081,0011-09-11 03:15:00,11,9,11,3,15,80,81,"RUE SALENGRO, AXE VO 2",,,Nuit avec éclairage allumé,En agglomération,Hors intersection,Normale,Autre collision,,,,,,,,,,,5,2,1,1.0,6.0
201100010082,0011-10-08 10:00:00,11,10,8,10,0,80,81,RUE DU PONT,49.8168,4.74015,Plein jour,En agglomération,Hors intersection,Autre,Autre collision,,,,,,,,,,,1,2,1,9.0,6.0
201100010083,0011-10-18 10:00:00,11,10,18,10,0,80,328,AXE D22 (RUE CHANZY),,,Plein jour,En agglomération,Hors intersection,Normale,Autre collision,,,,,,,,,,,1,2,1,1.0,6.0
201100010084,0011-11-03 17:15:00,11,11,3,17,15,80,218,25 GRANDE RUE,,,Crépuscule ou aube,En agglomération,Hors intersection,Pluie légère,Deux véhicules - frontale,,,,,,,,,,,2,2,1,2.0,1.0
201100010085,0011-11-19 14:45:00,11,11,19,14,45,80,188,,49.7881,4.79814,Plein jour,Hors agglomération,Hors intersection,Normale,Deux véhicules - frontale,,,,,,,,,,,1,1,1,1.0,1.0
201100010086,0011-11-24 00:01:00,11,11,24,0,1,80,328,,49.8317,4.7451,Nuit sans éclairage public,Hors agglomération,Hors intersection,Normale,Sans collision,,,,,,,,,,,3,1,1,1.0,7.0
201100010087,0011-06-01 20:00:00,11,6,1,20,0,80,460,,49.8608,4.51307,Plein jour,Hors agglomération,Hors intersection,Normale,Sans collision,,,,,,,,,,,1,1,1,1.0,7.0
201100010088,0011-06-11 16:15:00,11,6,11,16,15,80,450,RD 16,,,Plein jour,En agglomération,Hors intersection,Normale,Autre collision,,,,,,,,,,,1,2,1,1.0,6.0
201100010089,0011-10-06 20:45:00,11,10,6,20,45,80,137,,,,Nuit sans éclairage public,Hors agglomération,Hors intersection,Normale,Sans collision,,,,,,,,,,,3,1,1,1.0,7.0
201100010090,0011-12-20 13:15:00,11,12,20,13,15,80,297,,49.8358,4.67924,Plein jour,Hors agglomération,Hors intersection,Normale,Deux véhicules - frontale,,,,,,,,,,,1,1,1,1.0,1.0
201100010091,0011-01-20 15:30:00,11,1,20,15,30,80,185,RUE VICTOR HUGO,49.9918,4.68918,Plein jour,En agglomération,Hors intersection,Normale,Deux véhicules - frontale,,,,,,,,,,,1,2,1,1.0,1.0
201100010092,0011-01-20 16:30:00,11,1,20,16,30,80,222,,50.0123,4.7041,Plein jour,Hors agglomération,Intersection en T,Normale,Autre collision,,,,,,,,,,,1,1,3,1.0,6.0
201100010093,0011-03-22 16:30:00,11,3,22,16,30,80,222,,50.0072,4.6924,Plein jour,Hors agglomération,Hors intersection,Normale,Autre collision,,,,,,,,,,,1,1,1,1.0,6.0
201100010094,0011-04-17 18:15:00,11,4,17,18,15,80,185,RUE DES EVIGNES,49.9856,4.69097,Plein jour,En agglomération,Hors intersection,Normale,Sans collision,,,,,,,,,,,1,2,1,1.0,7.0
201100010095,0011-08-18 11:15:00,11,8,18,11,15,80,185,AVENUE VICTOR HUGO,49.999,4.704,Plein jour,En agglomération,Hors intersection,Normale,Deux véhicules - côté,,,,,,,,,,,1,2,1,1.0,3.0
201100010096,0011-09-05 11:45:00,11,9,5,11,45,80,222,RUE SAINT-LOUIS,50.011,4.703,Plein jour,En agglomération,Hors intersection,Normale,Autre collision,,,,,,,,,,,1,2,1,1.0,6.0
201100010097,0011-10-04 14:00:00,11,10,4,14,0,80,363,,49.946,4.651,Plein jour,Hors agglomération,Hors intersection,Pluie légère,Autre collision,,,,,,,,,,,1,1,1,2.0,6.0
201100010098,0011-10-21 17:15:00,11,10,21,17,15,80,363,RUE JEAN MOULIN,49.935,4.641,Plein jour,En agglomération,Hors intersection,Normale,Autre collision,,,,,,,,,,,1,2,1,1.0,6.0
201100010099,0011-05-21 19:00:00,11,5,21,19,0,80,420,,49.9023,4.30149,Plein jour,Hors agglomération,Hors intersection,Normale,Autre collision,,,,,,,,,,,1,1,1,1.0,6.0
201100010100,0011-08-12 18:00:00,11,8,12,18,0,80,37,,,,Plein jour,Hors agglomération,Hors intersection,Temps couvert,Deux véhicules - frontale,,,,,,,,,,,1,1,1,8.0,1.0
201100010101,0011-09-09 17:45:00,11,9,9,17,45,80,367,,49.9217,4.56258,Plein jour,Hors agglomération,Hors intersection,Pluie légère,Deux véhicules - frontale,,,,,,,,,,,1,1,1,2.0,1.0
201100010102,0011-10-15 10:30:00,11,10,15,10,30,80,420,le pre hugon,49.916,4.286,Plein jour,En agglomération,Hors intersection,Normale,Autre collision,,,,,,,,,,,1,2,1,1.0,6.0
201100010103,0011-10-26 14:45:00,11,10,26,14,45,80,367,,49.9268,4.60155,Plein jour,Hors agglomération,Hors intersection,Normale,Sans collision,,,,,,,,,,,1,1,1,1.0,7.0
201100010104,0011-12-02 09:30:00,11,12,2,9,30,80,156,20 RUE LA COURTE SOUPE,49.8911,4.38854,Plein jour,En agglomération,Hors intersection,Normale,Deux véhicules - frontale,,,,,,,,,,,1,2,1,1.0,1.0
201100010105,0011-12-12 20:45:00,11,12,12,20,45,80,355,,49.9263,4.41819,Nuit sans éclairage public,Hors agglomération,Hors intersection,Normale,Autre collision,,,,,,,,,,,3,1,1,1.0,6.0
201100010106,0011-01-11 08:15:00,11,1,11,8,15,80,53,RUE DE FLAMANVILLE,49.6766,4.9783,Crépuscule ou aube,En agglomération,Hors intersection,Pluie légère,Autre collision,,,,,,,,,,,2,2,1,2.0,6.0
201100010107,0011-01-13 17:00:00,11,1,13,17,0,80,90,72 AVENUE DE BLAGNY,49.6272,5.17517,Crépuscule ou aube,En agglomération,Autre intersection,Pluie légère,Autre collision,,,,,,,,,,,2,2,9,2.0,6.0
201100010108,0011-01-19 14:45:00,11,1,19,14,45,80,255,RD 8043,49.6155,5.22011,Plein jour,En agglomération,Hors intersection,Normale,Deux véhicules - frontale,,,,,,,,,,,1,2,1,1.0,1.0
201100010109,0011-02-02 20:15:00,11,2,2,20,15,80,55,,49.5503,5.04941,Nuit sans éclairage public,Hors agglomération,Hors intersection,Temps couvert,Autre collision,,,,,,,,,,,3,1,1,8.0,6.0
201100010110,0011-04-09 11:30:00,11,4,9,11,30,80,336,"13, RUE DU FOUR",49.6556,5.1622,Plein jour,En agglomération,Hors intersection,Normale,Autre collision,,,,,,,,,,,1,2,1,1.0,6.0
201100010111,0011-05-29 17:15:00,11,5,29,17,15,80,376,,49.6055,5.20547,Plein jour,Hors agglomération,Hors intersection,Normale,Sans collision,,,,,,,,,,,1,1,1,1.0,7.0
201100010112,0011-06-15 07:45:00,11,6,15,7,45,80,53,,49.6845,4.98953,Plein jour,Hors agglomération,Hors intersection,Normale,Sans collision,,,,,,,,,,,1,1,1,1.0,7.0
201100010113,0011-09-08 20:45:00,11,9,8,20,45,80,342,,49.708,5.085,Nuit sans éclairage public,Hors agglomération,Hors intersection,Pluie légère,Autre collision,,,,,,,,,,,3,1,1,2.0,6.0
201100010114,0011-09-10 18:00:00,11,9,10,18,0,80,67,ZI DE LA CHIERS,49.6177,5.18938,Plein jour,En agglomération,Hors intersection,Normale,Autre collision,,,,,,,,,,,1,2,1,1.0,6.0
201100010115,0011-11-10 10:15:00,11,11,10,10,15,80,311,,49.5851,5.10509,Plein jour,Hors agglomération,Hors intersection,Normale,Deux véhicules - frontale,,,,,,,,,,,1,1,1,1.0,1.0
201100010116,0011-11-11 18:00:00,11,11,11,18,0,80,145,,49.6747,5.01566,Nuit sans éclairage public,Hors agglomération,Hors intersection,Normale,Deux véhicules - côté,,,,,,,,,,,3,1,1,1.0,3.0
201100010117,0011-11-17 18:00:00,11,11,17,18,0,80,67,RD 8043,49.627,5.185,Nuit avec éclairage allumé,En agglomération,Hors intersection,Pluie légère,Autre collision,,,,,,,,,,,5,2,1,2.0,6.0
201100010118,0011-12-13 08:00:00,11,12,13,8,0,80,276,8 RUE DE LA GARE,49.588,5.26336,Nuit avec éclairage non allumé,En agglomération,Hors intersection,Vent fort / tempête,Autre collision,,,,,,,,,,,4,2,1,6.0,6.0
201100010119,0011-12-16 14:15:00,11,12,16,14,15,80,90,RD 19,49.6308,5.1623,Plein jour,En agglomération,Hors intersection,Pluie forte,Deux véhicules - frontale,,,,,,,,,,,1,2,1,3.0,1.0
201100010120,0011-03-20 04:00:00,11,3,20,4,0,80,142,,49.7045,4.90219,Nuit sans éclairage public,Hors agglomération,Hors intersection,Brouillard / fumée,Sans collision,,,,,,,,,,,3,1,1,5.0,7.0
201100010121,0011-04-08 17:15:00,11,4,8,17,15,80,119,,49.6474,4.87938,Plein jour,Hors agglomération,Hors intersection,Normale,Sans collision,,,,,,,,,,,1,1,1,1.0,7.0
201100010122,0011-04-21 12:45:00,11,4,21,12,45,80,232,,49.7317,4.98042,Plein jour,Hors agglomération,Hors intersection,Normale,Deux véhicules - frontale,,,,,,,,,,,1,1,1,1.0,1.0
201100010123,0011-05-29 17:00:00,11,5,29,17,0,80,88,,49.6428,4.92253,Plein jour,Hors agglomération,Hors intersection,Normale,Autre collision,,,,,,,,,,,1,1,1,1.0,6.0
201100010124,0011-07-03 15:00:00,11,7,3,15,0,80,391,RUE JB CLEMENT,49.737,4.92181,Plein jour,En agglomération,Hors intersection,Normale,Autre collision,,,,,,,,,,,1,2,1,1.0,6.0
201100010125,0011-08-18 17:00:00,11,8,18,17,0,80,142,20 rue de l'entrevue,49.696,4.876,Plein jour,En agglomération,Hors intersection,Normale,Autre collision,,,,,,,,,,,1,2,1,1.0,6.0
201100010126,0011-08-23 15:15:00,11,8,23,15,15,80,357,,49.648,5.02,Plein jour,Hors agglomération,Hors intersection,Normale,Sans collision,,,,,,,,,,,1,1,1,1.0,7.0
201100010127,0011-12-10 11:45:00,11,12,10,11,45,80,491,,49.564,4.866,Plein jour,Hors agglomération,Hors intersection,Normale,Autre collision,,,,,,,,,,,1,1,1,1.0,6.0
201100010128,0011-02-12 12:15:00,11,2,12,12,15,80,490,,49.3921,4.65456,Plein jour,Hors agglomération,Intersection en T,Normale,Deux véhicules - côté,,,,,,,,,,,1,1,3,1.0,3.0
201100010129,0011-02-23 00:45:00,11,2,23,0,45,80,220,,49.3002,4.40785,Nuit sans éclairage public,Hors agglomération,Hors intersection,Normale,Autre collision,,,,,,,,,,,3,1,1,1.0,6.0
201100010130,0011-03-28 10:30:00,11,3,28,10,30,80,193,,49.4998,4.52693,Plein jour,Hors agglomération,Hors intersection,Normale,Deux véhicules - frontale,,,,,,,,,,,1,1,1,1.0,1.0
201100010131,0011-03-31 09:30:00,11,3,31,9,30,80,490,RUE DU CHEMIN SAL,49.3963,4.68781,Plein jour,En agglomération,Hors intersection,Normale,Autre collision,,,,,,,,,,,1,2,1,1.0,6.0
201100010132,0011-05-27 14:15:00,11,5,27,14,15,80,250,,49.3797,4.57609,Plein jour,Hors agglomération,Hors intersection,Normale,Deux véhicules - côté,,,,,,,,,,,1,1,1,1.0,3.0
201100010133,0011-07-19 16:30:00,11,7,19,16,30,80,82,,49.3253,4.74239,Plein jour,Hors agglomération,Intersection en X,Normale,Deux véhicules - côté,,,,,,,,,,,1,1,2,1.0,3.0
201100010134,0011-08-08 15:15:00,11,8,8,15,15,80,462,,49.449,4.57547,Plein jour,Hors agglomération,Hors intersection,Normale,Deux véhicules - frontale,,,,,,,,,,,1,1,1,1.0,1.0
201100010135,0011-11-05 15:45:00,11,11,5,15,45,80,490,RUE DU BLANC MONT,49.3933,4.68784,Plein jour,En agglomération,Hors intersection,Normale,Deux véhicules - côté,,,,,,,,,,,1,2,1,1.0,3.0
201100010136,0011-11-27 15:00:00,11,11,27,15,0,80,392,,49.342,4.715,Plein jour,Hors agglomération,Hors intersection,Normale,Autre collision,,,,,,,,,,,1,1,1,1.0,6.0
201100010137,0011-03-24 16:30:00,11,3,24,16,30,80,383,,49.3338,4.93227,Crépuscule ou aube,Hors agglomération,Hors intersection,Normale,Deux véhicules - frontale,,,,,,,,,,,2,1,1,1.0,1.0
201100010138,0011-06-13 16:00:00,11,6,13,16,0,80,85,,49.479,4.859,Plein jour,Hors agglomération,Hors intersection,Normale,Deux véhicules - frontale,,,,,,,,,,,1,1,1,1.0,1.0
201100010139,0011-06-24 08:15:00,11,6,24,8,15,80,261,,,,Plein jour,Hors agglomération,Hors intersection,Normale,Deux véhicules - côté,,,,,,,,,,,1,1,1,1.0,3.0
201100010140,0011-07-15 23:45:00,11,7,15,23,45,80,321,,49.496,4.694,Nuit sans éclairage public,En agglomération,Autre intersection,Normale,Sans collision,,,,,,,,,,,3,2,9,1.0,7.0
201100010141,0011-02-04 09:00:00,11,2,4,9,0,80,362,PLACE DE CAEN,49.51,4.36708,Plein jour,En agglomération,Hors intersection,Pluie légère,Autre collision,,,,,,,,,,,1,2,1,2.0,6.0
201100010142,0011-02-25 23:45:00,11,2,25,23,45,80,427,,49.5292,4.33413,Nuit sans éclairage public,Hors agglomération,Hors intersection,Temps couvert,Sans collision,,,,,,,,,,,3,1,1,8.0,7.0
201100010143,0011-03-06 17:45:00,11,3,6,17,45,80,64,,49.4761,4.3933,Plein jour,Hors agglomération,Hors intersection,Normale,Autre collision,,,,,,,,,,,1,1,1,1.0,6.0
201100010144,0011-03-16 07:45:00,11,3,16,7,45,80,362,RUE DE BITBURG,49.5057,4.38535,Plein jour,En agglomération,Hors intersection,Normale,Autre collision,,,,,,,,,,,1,2,1,1.0,6.0
201100010145,0011-05-10 07:15:00,11,5,10,7,15,80,362,RUE LOUIS JOUVET,49.5081,4.37695,Plein jour,En agglomération,Hors intersection,Normale,Deux véhicules - arrière,,,,,,,,,,,1,2,1,1.0,2.0
201100010146,0011-07-13 14:00:00,11,7,13,14,0,80,403,,49.505,4.363,Plein jour,En agglomération,Hors intersection,Normale,Deux véhicules - frontale,,,,,,,,,,,1,2,1,1.0,1.0
201100010147,0011-08-01 12:00:00,11,8,1,12,0,80,362,RUE PIERRE CURIE,,,Plein jour,En agglomération,Hors intersection,Normale,Autre collision,,,,,,,,,,,1,2,1,1.0,6.0
201100010148,0011-08-27 16:30:00,11,8,27,16,30,80,262,,49.5407,4.46366,Plein jour,Hors agglomération,Hors intersection,Normale,Sans collision,,,,,,,,,,,1,1,1,1.0,7.0
201100010149,0011-09-29 17:00:00,11,9,29,17,0,80,362,,49.5155,4.38975,Plein jour,Hors agglomération,Hors intersection,Temps éblouissant,Deux véhicules - côté,,,,,,,,,,,1,1,1,7.0,3.0
201100010150,0011-10-30 06:45:00,11,10,30,6,45,80,362,2 RUE SORBON,49.516,4.364,Nuit avec éclairage allumé,En agglomération,Hors intersection,Pluie légère,Deux véhicules - frontale,,,,,,,,,,,5,2,1,2.0,1.0
201100010151,0011-12-16 16:45:00,11,12,16,16,45,80,362,15 av Charles de Gaulle,,,Plein jour,En agglomération,Hors intersection,Normale,Deux véhicules - frontale,,,,,,,,,,,1,2,1,1.0,1.0
201100010152,0011-12-30 13:00:00,11,12,30,13,0,80,427,,49.539,4.325,Plein jour,Hors agglomération,Hors intersection,Normale,Sans collision,,,,,,,,,,,1,1,1,1.0,7.0
201100010153,0011-06-29 14:00:00,11,6,29,14,0,80,320,,49.3406,4.36673,Plein jour,Hors agglomération,Hors intersection,Normale,Autre collision,,,,,,,,,,,1,1,1,1.0,6.0
201100010154,0011-06-30 19:00:00,11,6,30,19,0,80,24,PLACE GRAND COUR,49.4704,4.11476,Plein jour,En agglomération,Hors intersection,Normale,Deux véhicules - frontale,,,,,,,,,,,1,2,1,1.0,1.0
201100010155,0011-07-09 14:45:00,11,7,9,14,45,80,368,RUE PRINCIPALE,49.4263,4.1765,Plein jour,En agglomération,Hors intersection,Normale,Autre collision,,,,,,,,,,,1,2,1,1.0,6.0
201100010156,0011-09-11 02:15:00,11,9,11,2,15,80,84,RUE DE OBERNAY,49.4287,4.06583,Nuit avec éclairage non allumé,En agglomération,Hors intersection,Normale,Autre collision,,,,,,,,,,,4,2,1,1.0,6.0
201100010157,0011-11-29 19:00:00,11,11,29,19,0,80,107,,49.5293,4.28655,Nuit sans éclairage public,Hors agglomération,Hors intersection,Normale,Autre collision,,,,,,,,,,,3,1,1,1.0,6.0
201100010158,0011-12-02 15:30:00,11,12,2,15,30,80,39,,49.4685,4.08988,Plein jour,Hors agglomération,Hors intersection,Temps éblouissant,Deux véhicules - frontale,,,,,,,,,,,1,1,1,7.0,1.0
201100010159,0011-12-09 18:30:00,11,12,9,18,30,80,14,,49.6665,4.3659,Nuit sans éclairage public,Hors agglomération,Hors intersection,Pluie forte,Deux véhicules - frontale,,,,,,,,,,,3,1,1,3.0,1.0
201100010160,0011-03-08 13:00:00,11,3,8,13,0,80,329,,49.5902,4.41427,Plein jour,Hors agglomération,Hors intersection,Normale,Sans collision,,,,,,,,,,,1,1,1,1.0,7.0
201100010161,0011-06-18 21:15:00,11,6,18,21,15,80,192,,49.657,4.288,Crépuscule ou aube,Hors agglomération,Hors intersection,Pluie légère,Deux véhicules - frontale,,,,,,,,,,,2,1,1,2.0,1.0
201100010162,0011-06-19 11:00:00,11,6,19,11,0,80,366,,49.7117,4.25023,Plein jour,Hors agglomération,Hors intersection,Pluie légère,Deux véhicules - frontale,,,,,,,,,,,1,1,1,2.0,1.0
201100010163,0011-08-06 12:45:00,11,8,6,12,45,80,196,,49.6651,4.42115,Plein jour,Hors agglomération,Hors intersection,Pluie légère,Sans collision,,,,,,,,,,,1,1,1,2.0,7.0
201100010164,0011-09-20 00:15:00,11,9,20,0,15,80,146,rue principale,49.661,4.334,Nuit sans éclairage public,En agglomération,Hors intersection,Normale,Autre collision,,,,,,,,,,,3,2,1,1.0,6.0
201100010165,0011-12-07 18:30:00,11,12,7,18,30,80,196,,49.6489,4.41167,Nuit sans éclairage public,Hors agglomération,Hors intersection,Normale,Sans collision,,,,,,,,,,,3,1,1,1.0,7.0
201100010166,0011-01-07 18:45:00,11,1,7,18,45,100,216,138 RUE DU GRAL DE GAULL,,,Nuit avec éclairage allumé,En agglomération,Hors intersection,Normale,Deux véhicules - frontale,,,,,,,,,,,5,2,1,1.0,1.0
201100010167,0011-03-09 18:30:00,11,3,9,18,30,100,6,Rue de TROYES,48.541,4.143,Plein jour,En agglomération,Intersection en X,Normale,Deux véhicules - côté,,,,,,,,,,,1,2,2,1.0,3.0
201100010168,0011-03-18 13:45:00,11,3,18,13,45,100,4,,48.59,4.15599,Plein jour,Hors agglomération,Hors intersection,Normale,Deux véhicules - frontale,,,,,,,,,,,1,1,1,1.0,1.0
201100010169,0011-03-18 15:00:00,11,3,18,15,0,100,6,Croisement Rue St Louis,48.539,4.142,Plein jour,En agglomération,Intersection en X,Normale,Deux véhicules - côté,,,,,,,,,,,1,2,2,1.0,3.0
201100010170,0011-05-10 07:45:00,11,5,10,7,45,100,121,,,,Plein jour,Hors agglomération,Hors intersection,Normale,Autre collision,,,,,,,,,,,1,1,1,1.0,6.0
201100010171,0011-06-20 16:15:00,11,6,20,16,15,100,442,Route Impériale,48.456,4.122,Plein jour,En agglomération,Hors intersection,Normale,Deux véhicules - frontale,,,,,,,,,,,1,2,1,1.0,1.0
201100010172,0011-08-28 03:15:00,11,8,28,3,15,100,15,,48.432,4.11599,Nuit sans éclairage public,Hors agglomération,Hors intersection,Pluie légère,Sans collision,,,,,,,,,,,3,1,1,2.0,7.0
201100010173,0011-09-15 09:00:00,11,9,15,9,0,100,216,,,,Plein jour,Hors agglomération,Hors intersection,Normale,Autre collision,,,,,,,,,,,1,1,1,1.0,6.0
201100010174,0011-12-01 09:00:00,11,12,1,9,0,100,361,,,,Plein jour,Hors agglomération,Hors intersection,Normale,Deux véhicules - frontale,,,,,,,,,,,1,1,1,1.0,1.0
201100010175,0011-12-04 09:30:00,11,12,4,9,30,100,172,,48.611,4.107,Plein jour,Hors agglomération,Hors intersection,Pluie légère,Autre collision,,,,,,,,,,,1,1,1,2.0,6.0
201100010176,0011-12-29 21:45:00,11,12,29,21,45,100,299,,,,Nuit sans éclairage public,Hors agglomération,Hors intersection,Pluie forte,Autre collision,,,,,,,,,,,3,1,1,3.0,6.0
201100010177,0011-01-12 14:30:00,11,1,12,14,30,100,112,,,,Plein jour,Hors agglomération,Hors intersection,Pluie légère,Sans collision,,,,,,,,,,,1,1,1,2.0,7.0
201100010178,0011-01-16 10:45:00,11,1,16,10,45,100,359,Route de Chamoy,,,Plein jour,En agglomération,Intersection en T,Normale,Deux véhicules - frontale,,,,,,,,,,,1,2,3,1.0,1.0
201100010179,0011-02-07 13:00:00,11,2,7,13,0,100,133,,,,Plein jour,Hors agglomération,Hors intersection,Normale,Sans collision,,,,,,,,,,,1,1,1,1.0,7.0
201100010180,0011-02-14 10:15:00,11,2,14,10,15,100,104,,,,Plein jour,Hors agglomération,Hors intersection,Pluie légère,Deux véhicules - côté,,,,,,,,,,,1,1,1,2.0,3.0
201100010181,0011-03-04 07:15:00,11,3,4,7,15,100,18,,,,Plein jour,En agglomération,Hors intersection,Normale,Autre collision,,,,,,,,,,,1,2,1,1.0,6.0
201100010182,0011-03-05 21:45:00,11,3,5,21,45,100,394,,,,Nuit sans éclairage public,Hors agglomération,Hors intersection,Normale,Deux véhicules - arrière,,,,,,,,,,,3,1,1,1.0,2.0
201100010183,0011-03-07 13:45:00,11,3,7,13,45,100,373,,,,Plein jour,Hors agglomération,Hors intersection,Normale,Trois véhicules et plus - collisions multiples,,,,,,,,,,,1,1,1,1.0,5.0
201100010184,0011-03-09 15:45:00,11,3,9,15,45,100,18,335 rue du péage,,,Plein jour,En agglomération,Hors intersection,Normale,Deux véhicules - côté,,,,,,,,,,,1,2,1,1.0,3.0
201100010185,0011-06-01 18:15:00,11,6,1,18,15,100,342,,,,Plein jour,Hors agglomération,Intersection en X,Normale,Deux véhicules - frontale,,,,,,,,,,,1,1,2,1.0,1.0
201100010186,0011-06-11 13:15:00,11,6,11,13,15,100,51,,,,Plein jour,Hors agglomération,Hors intersection,Normale,Autre collision,,,,,,,,,,,1,1,1,1.0,6.0
201100010187,0011-06-24 18:15:00,11,6,24,18,15,100,416,,,,Plein jour,Hors agglomération,Hors intersection,Normale,Sans collision,,,,,,,,,,,1,1,1,1.0,7.0
201100010188,0011-07-23 05:45:00,11,7,23,5,45,100,18,,,,Crépuscule ou aube,Hors agglomération,Hors intersection,Pluie légère,Trois véhicules et plus - en chaîne,,,,,,,,,,,2,1,1,2.0,4.0
201100010189,0011-09-28 11:30:00,11,9,28,11,30,100,359,,,,Plein jour,Hors agglomération,Hors intersection,Normale,Autre collision,,,,,,,,,,,1,1,1,1.0,6.0
201100010190,0011-10-05 14:15:00,11,10,5,14,15,100,247,,48.4139,3.52285,Plein jour,En agglomération,Hors intersection,Normale,Sans collision,,,,,,,,,,,1,2,1,1.0,7.0
201100010191,0011-10-22 19:15:00,11,10,22,19,15,100,99,SURVANNES,48.14145,3.57399,Nuit sans éclairage public,En agglomération,Hors intersection,Normale,Deux véhicules - frontale,,,,,,,,,,,3,2,1,1.0,1.0
201100010192,0011-10-30 08:30:00,11,10,30,8,30,100,441,,48.6795,3.48285,Crépuscule ou aube,Hors agglomération,Hors intersection,Temps couvert,Deux véhicules - frontale,,,,,,,,,,,2,1,1,8.0,1.0