accident_id,datetime,annee,mois,jour,heure,minute,departement,commune_insee,adresse,latitude,longitude,luminosite,agglomeration,intersection,meteo,collision,nb_vehicules,nb_usagers,nb_indemnes,nb_tues,nb_blesses_hosp,nb_blesses_legers,age_cond_1,age_cond_2,veh_type_cond_1,veh_type_cond_2,lum_code,agg_code,int_code,atm_code,col_code
201100010322,0011-04-06 12:00:00,11,4,6,12,0,520,119,,47.821,5.492,Plein jour,Hors agglomération,Passage à niveau,Normale,Deux véhicules - côté,,,,,,,,,,,1,1,8,1.0,3.0
201100010323,0011-05-07 11:30:00,11,5,7,11,30,520,406,rue de la Quarte.,47.74912,5.66645,Plein jour,En agglomération,Hors intersection,Normale,Sans collision,,,,,,,,,,,1,2,1,1.0,7.0
201100010324,0011-07-30 18:00:00,11,7,30,18,0,520,197,,47.78455,5.63317,Plein jour,Hors agglomération,Hors intersection,Normale,Sans collision,,,,,,,,,,,1,1,1,1.0,7.0
201100010325,0011-08-15 19:15:00,11,8,15,19,15,520,406,,47.7353,5.65679,Plein jour,Hors agglomération,Hors intersection,Normale,Deux véhicules - frontale,,,,,,,,,,,1,1,1,1.0,1.0
201100010326,0011-10-02 17:15:00,11,10,2,17,15,520,93,RUE MARCEAU,47.80147,5.42553,Plein jour,En agglomération,Hors intersection,Normale,Deux véhicules - frontale,,,,,,,,,,,1,2,1,1.0,1.0
201100010327,0011-02-16 10:00:00,11,2,16,10,0,520,446,,47.704,5.294,Plein jour,Hors agglomération,Hors intersection,Brouillard / fumée,Deux véhicules - frontale,,,,,,,,,,,1,1,1,5.0,1.0
201100010328,0011-04-16 05:00:00,11,4,16,5,0,520,249,,,,Crépuscule ou aube,Hors agglomération,Hors intersection,Normale,Sans collision,,,,,,,,,,,2,1,1,1.0,7.0
201100010329,0011-10-07 11:45:00,11,10,7,11,45,520,542,PAS DE PR,47.73588,5.06995,Plein jour,Hors agglomération,Hors intersection,Normale,Sans collision,,,,,,,,,,,1,1,1,1.0,7.0
201100010330,0011-10-07 18:30:00,11,10,7,18,30,520,446,Pas de PR ni X Y,,,Crépuscule ou aube,Hors agglomération,Hors intersection,Pluie légère,Autre collision,,,,,,,,,,,2,1,1,2.0,6.0
201100010331,0011-10-20 13:45:00,11,10,20,13,45,520,340,,47.67111,5.29473,Plein jour,Hors agglomération,Hors intersection,Normale,Autre collision,,,,,,,,,,,1,1,1,1.0,6.0
201100010332,0011-01-13 08:00:00,11,1,13,8,0,520,235,PR 7+275,48.651,4.874,Crépuscule ou aube,Hors agglomération,Hors intersection,Pluie légère,Deux véhicules - côté,,,,,,,,,,,2,1,1,2.0,3.0
201100010333,0011-02-09 09:00:00,11,2,9,9,0,520,500,RD384,48.623,4.922,Nuit sans éclairage public,Hors agglomération,Hors intersection,Normale,Deux véhicules - frontale,,,,,,,,,,,3,1,1,1.0,1.0
201100010334,0011-05-03 13:15:00,11,5,3,13,15,520,244,,48.60082,4.90969,Plein jour,Hors agglomération,Hors intersection,Temps éblouissant,Deux véhicules - frontale,,,,,,,,,,,1,1,1,7.0,1.0
201100010335,0011-06-24 02:00:00,11,6,24,2,0,520,235,,48.64715,4.87394,Nuit sans éclairage public,Hors agglomération,Hors intersection,Normale,Deux véhicules - côté,,,,,,,,,,,3,1,1,1.0,3.0
201100010336,0011-09-06 21:45:00,11,9,6,21,45,520,386,,48.65385,4.82242,Nuit avec éclairage non allumé,Hors agglomération,Hors intersection,Normale,Autre collision,,,,,,,,,,,4,1,1,1.0,6.0
201100010337,0011-09-13 09:45:00,11,9,13,9,45,520,182,Place Pelletier RD 384A,48.59045,4.86544,Plein jour,En agglomération,Hors intersection,Normale,Autre collision,,,,,,,,,,,1,2,1,1.0,6.0
201100010338,0011-10-01 23:30:00,11,10,1,23,30,520,244,Rue du G?n?ral de Gaulle,48.58219,4.90376,Nuit sans éclairage public,En agglomération,Hors intersection,Normale,Deux véhicules - côté,,,,,,,,,,,3,2,1,1.0,3.0
201100010339,0011-10-14 15:15:00,11,10,14,15,15,520,182,,48.55798,4.84022,Plein jour,Hors agglomération,Hors intersection,Normale,Deux véhicules - frontale,,,,,,,,,,,1,1,1,1.0,1.0
201100010340,0011-12-22 22:00:00,11,12,22,22,0,520,408,,48.55954,5.05669,Nuit sans éclairage public,Hors agglomération,Hors intersection,Temps couvert,Sans collision,,,,,,,,,,,3,1,1,8.0,7.0
201100010341,0011-01-16 21:00:00,11,1,16,21,0,520,44,,48.317,5.231,Nuit sans éclairage public,Hors agglomération,Hors intersection,Normale,Autre collision,,,,,,,,,,,3,1,1,1.0,6.0
201100010342,0011-02-24 16:30:00,11,2,24,16,30,520,440,,48.355,5.13,Plein jour,Hors agglomération,Hors intersection,Pluie légère,Deux véhicules - côté,,,,,,,,,,,1,1,1,2.0,3.0
201100010343,0011-03-07 16:00:00,11,3,7,16,0,520,250,Rue Saint Amand,,,Plein jour,En agglomération,Hors intersection,Normale,Deux véhicules - côté,,,,,,,,,,,1,2,1,1.0,3.0
201100010344,0011-04-08 10:15:00,11,4,8,10,15,520,44,,,,Plein jour,Hors agglomération,Intersection en X,Normale,Deux véhicules - frontale,,,,,,,,,,,1,1,2,1.0,1.0
201100010345,0011-04-10 05:30:00,11,4,10,5,30,520,184,PR 12+200,,,Nuit sans éclairage public,Hors agglomération,Hors intersection,Normale,Autre collision,,,,,,,,,,,3,1,1,1.0,6.0
201100010346,0011-05-05 18:30:00,11,5,5,18,30,520,512,D335,48.46379,5.12924,Plein jour,Hors agglomération,Hors intersection,Normale,Trois véhicules et plus - collisions multiples,,,,,,,,,,,1,1,1,1.0,5.0
201100010347,0011-05-20 00:15:00,11,5,20,0,15,520,250,rue Aristide Briand,48.44274,5.14211,Nuit avec éclairage allumé,En agglomération,Hors intersection,Normale,Sans collision,,,,,,,,,,,5,2,1,1.0,7.0
201100010348,0011-05-21 09:00:00,11,5,21,9,0,520,484,,48.43945,5.19179,Plein jour,Hors agglomération,Hors intersection,Normale,Autre collision,,,,,,,,,,,1,1,1,1.0,6.0
201100010349,0011-06-30 17:45:00,11,6,30,17,45,520,440,RN67 - bretelle Gudmont,48.35991,5.13547,Plein jour,Hors agglomération,Hors intersection,Temps éblouissant,Deux véhicules - arrière,,,,,,,,,,,1,1,1,7.0,2.0
201100010350,0011-07-08 16:15:00,11,7,8,16,15,520,356,cd 60,48.43763,5.07341,Plein jour,En agglomération,Hors intersection,Normale,Deux véhicules - côté,,,,,,,,,,,1,2,1,1.0,3.0
201100010351,0011-03-22 17:45:00,11,3,22,17,45,520,550,PR 11+156,48.498,4.91,Plein jour,Hors agglomération,Hors intersection,Normale,Sans collision,,,,,,,,,,,1,1,1,1.0,7.0
201100010352,0011-06-06 21:45:00,11,6,6,21,45,520,550,,48.50226,4.96407,Plein jour,Hors agglomération,Hors intersection,Normale,Autre collision,,,,,,,,,,,1,1,1,1.0,6.0
201100010353,0011-09-21 14:45:00,11,9,21,14,45,520,550,,48.49493,4.91601,Plein jour,Hors agglomération,Hors intersection,Normale,Deux véhicules - côté,,,,,,,,,,,1,1,1,1.0,3.0
201100010354,0011-11-06 16:45:00,11,11,6,16,45,520,32,,48.52057,5.05247,Plein jour,Hors agglomération,Hors intersection,Normale,Sans collision,,,,,,,,,,,1,1,1,1.0,7.0
201100010355,0011-03-07 22:45:00,11,3,7,22,45,450,32,,,,Nuit sans éclairage public,Hors agglomération,Hors intersection,Normale,Autre collision,,,,,,,,,,,3,1,1,1.0,6.0
201100010356,0011-05-20 22:30:00,11,5,20,22,30,890,388,,47.945,3.242,Nuit avec éclairage allumé,Hors agglomération,Hors intersection,Normale,Trois véhicules et plus - en chaîne,,,,,,,,,,,5,1,1,1.0,4.0
201100010357,0011-06-10 14:15:00,11,6,10,14,15,890,380,,48.064,3.102,Plein jour,Hors agglomération,Hors intersection,Normale,Autre collision,,,,,,,,,,,1,1,1,1.0,6.0
201100010358,0011-07-01 01:45:00,11,7,1,1,45,450,32,,,,Nuit sans éclairage public,Hors agglomération,Hors intersection,Normale,Deux véhicules - arrière,,,,,,,,,,,3,1,1,1.0,2.0
201100010359,0011-09-04 11:15:00,11,9,4,11,15,890,380,,48.094,3.131,Plein jour,Hors agglomération,Hors intersection,Normale,Sans collision,,,,,,,,,,,1,1,1,1.0,7.0
201100010360,0011-06-25 23:45:00,11,6,25,23,45,210,107,,47.3847,5.1026,Nuit sans éclairage public,Hors agglomération,Hors intersection,Normale,Deux véhicules - arrière,,,,,,,,,,,3,1,1,1.0,2.0
201100010361,0011-07-05 08:45:00,11,7,5,8,45,210,535,,47.3622,5.06891,Plein jour,Hors agglomération,Hors intersection,Normale,Deux véhicules - côté,,,,,,,,,,,1,1,1,1.0,3.0
201100010362,0011-09-27 18:45:00,11,9,27,18,45,210,107,39 VOIE ROMAINE,,,Plein jour,En agglomération,Hors intersection,Normale,Deux véhicules - arrière,,,,,,,,,,,1,2,1,1.0,2.0
201100010363,0011-10-01 19:45:00,11,10,1,19,45,210,105,,47.316,5.19,Crépuscule ou aube,Hors agglomération,Hors intersection,Normale,Deux véhicules - côté,,,,,,,,,,,2,1,1,1.0,3.0
201100010364,0011-01-23 17:00:00,11,1,23,17,0,210,138,,,,Plein jour,Hors agglomération,Hors intersection,Normale,Autre collision,,,,,,,,,,,1,1,1,1.0,6.0
201100010365,0011-02-15 22:15:00,11,2,15,22,15,210,38,36BIS ROUTE DE CHEVIGNY,,,Nuit avec éclairage allumé,En agglomération,Hors intersection,Normale,Deux véhicules - frontale,,,,,,,,,,,5,2,1,1.0,1.0
201100010366,0011-03-23 17:15:00,11,3,23,17,15,210,367,,47.2495,5.33606,Plein jour,Hors agglomération,Hors intersection,Normale,Deux véhicules - frontale,,,,,,,,,,,1,1,1,1.0,1.0
201100010367,0011-03-25 22:15:00,11,3,25,22,15,210,699,,47.195,5.38154,Nuit avec éclairage allumé,Hors agglomération,Hors intersection,Normale,Autre collision,,,,,,,,,,,5,1,1,1.0,6.0
201100010368,0011-04-09 20:00:00,11,4,9,20,0,210,493,RUE SAINT MEDARD,,,Crépuscule ou aube,En agglomération,Hors intersection,Normale,Deux véhicules - côté,,,,,,,,,,,2,2,1,1.0,3.0
201100010369,0011-05-19 13:00:00,11,5,19,13,0,210,609,,47.2087,5.2814,Plein jour,Hors agglomération,Hors intersection,Autre,Autre collision,,,,,,,,,,,1,1,1,9.0,6.0
201100010370,0011-08-11 19:30:00,11,8,11,19,30,210,38,12 ROUTE DE LABERGEMENT,,,Plein jour,En agglomération,Hors intersection,Normale,Autre collision,,,,,,,,,,,1,2,1,1.0,6.0
201100010371,0011-08-20 17:15:00,11,8,20,17,15,210,38,28 AVNE GL DE G 114+020,,,Plein jour,En agglomération,Hors intersection,Normale,Autre collision,,,,,,,,,,,1,2,1,1.0,6.0
201100010372,0011-10-28 07:15:00,11,10,28,7,15,210,699,PR REEL 109+400,,,Nuit sans éclairage public,Hors agglomération,Hors intersection,Brouillard / fumée,Trois véhicules et plus - collisions multiples,,,,,,,,,,,3,1,1,5.0,5.0
201100010373,0011-01-16 11:45:00,11,1,16,11,45,210,183,,47.2101,5.27555,Plein jour,Hors agglomération,Hors intersection,Brouillard / fumée,Deux véhicules - côté,,,,,,,,,,,1,1,1,5.0,3.0
201100010374,0011-02-19 14:45:00,11,2,19,14,45,210,632,D968,47.2215,5.12967,Plein jour,En agglomération,Hors intersection,Normale,Deux véhicules - frontale,,,,,,,,,,,1,2,1,1.0,1.0
201100010375,0011-03-26 15:15:00,11,3,26,15,15,210,656,RUE DU MOULIN,47.2279,5.19321,Plein jour,En agglomération,Hors intersection,Temps couvert,Deux véhicules - frontale,,,,,,,,,,,1,2,1,8.0,1.0
201100010376,0011-03-30 17:30:00,11,3,30,17,30,210,292,rue Pasteur,47.374,5.378,Plein jour,En agglomération,Intersection en X,Normale,Deux véhicules - côté,,,,,,,,,,,1,2,2,1.0,3.0
201100010377,0011-04-06 19:15:00,11,4,6,19,15,210,353,32 ROUTE DE DIJON,,,Plein jour,En agglomération,Hors intersection,Normale,Deux véhicules - frontale,,,,,,,,,,,1,2,1,1.0,1.0
201100010378,0011-05-15 14:15:00,11,5,15,14,15,210,213,rue de la magdeleine,47.45,5.202,Plein jour,En agglomération,Hors intersection,Normale,Sans collision,,,,,,,,,,,1,2,1,1.0,7.0
201100010379,0011-06-18 17:30:00,11,6,18,17,30,210,261,PR 92-900,,,Plein jour,Hors agglomération,Hors intersection,Normale,Deux véhicules - arrière,,,,,,,,,,,1,1,1,1.0,2.0
201100010380,0011-09-23 18:00:00,11,9,23,18,0,210,656,PR 95 +800,,,Plein jour,Hors agglomération,Hors intersection,Normale,Deux véhicules - frontale,,,,,,,,,,,1,1,1,1.0,1.0
201100010381,0011-10-24 17:30:00,11,10,24,17,30,210,106,,47.2456,5.09761,Crépuscule ou aube,Hors agglomération,Hors intersection,Normale,Deux véhicules - frontale,,,,,,,,,,,2,1,1,1.0,1.0
201100010382,0011-10-28 22:30:00,11,10,28,22,30,210,319,56 route de Tarsul,47.179,5.134,Nuit avec éclairage allumé,En agglomération,Hors intersection,Normale,Autre collision,,,,,,,,,,,5,2,1,1.0,6.0
201100010383,0011-03-01 15:15:00,11,3,1,15,15,210,133,,47.1875,4.96742,Plein jour,Hors agglomération,Hors intersection,Temps éblouissant,Deux véhicules - arrière,,,,,,,,,,,1,1,1,7.0,2.0
201100010384,0011-03-26 00:30:00,11,3,26,0,30,210,295,,,,Nuit sans éclairage public,Hors agglomération,Hors intersection,Normale,Sans collision,,,,,,,,,,,3,1,1,1.0,7.0
201100010385,0011-04-09 11:15:00,11,4,9,11,15,210,263,CD 996,47.2437,5.05638,Plein jour,En agglomération,Autre intersection,Normale,Deux véhicules - frontale,,,,,,,,,,,1,2,9,1.0,1.0
201100010386,0011-04-30 23:00:00,11,4,30,23,0,210,481,GRANDE RUE,47.2685,5.00082,Nuit avec éclairage allumé,En agglomération,Hors intersection,Normale,Deux véhicules - frontale,,,,,,,,,,,5,2,1,1.0,1.0
201100010387,0011-05-29 11:45:00,11,5,29,11,45,210,390,PLACE MONSEIGNEUR FAVIER,,,Plein jour,En agglomération,Hors intersection,Normale,Autre collision,,,,,,,,,,,1,2,1,1.0,6.0
201100010388,0011-10-15 20:15:00,11,10,15,20,15,210,596,1 rue des roseaux,,,Nuit avec éclairage allumé,En agglomération,Hors intersection,Normale,Sans collision,,,,,,,,,,,5,2,1,1.0,7.0
201100010389,0011-11-04 08:30:00,11,11,4,8,30,210,295,RUE DE LAVAUX,47.2263,4.96578,Nuit avec éclairage allumé,En agglomération,Hors intersection,Pluie légère,Deux véhicules - côté,,,,,,,,,,,5,2,1,2.0,3.0
201100010390,0011-11-26 05:30:00,11,11,26,5,30,210,390,,47.2839,4.97268,Nuit sans éclairage public,Hors agglomération,Hors intersection,Brouillard / fumée,Sans collision,,,,,,,,,,,3,1,1,5.0,7.0
201100010391,0011-02-04 08:45:00,11,2,4,8,45,210,713,,47.29,5.392,Plein jour,Hors agglomération,Intersection en X,Brouillard / fumée,Deux véhicules - côté,,,,,,,,,,,1,1,2,5.0,3.0
201100010392,0011-02-05 17:15:00,11,2,5,17,15,210,459,,47.4633,5.29556,Plein jour,Hors agglomération,Hors intersection,Normale,Deux véhicules - frontale,,,,,,,,,,,1,1,1,1.0,1.0
201100010393,0011-04-09 00:45:00,11,4,9,0,45,210,482,,,,Nuit sans éclairage public,Hors agglomération,Hors intersection,Normale,Autre collision,,,,,,,,,,,3,1,1,1.0,6.0
201100010394,0011-04-27 02:00:00,11,4,27,2,0,210,482,,47.2962,5.46372,Nuit sans éclairage public,Hors agglomération,Hors intersection,Normale,Sans collision,,,,,,,,,,,3,1,1,1.0,7.0
201100010395,0011-04-30 20:15:00,11,4,30,20,15,210,277,,47.5496,5.36064,Crépuscule ou aube,Hors agglomération,Hors intersection,Normale,Autre collision,,,,,,,,,,,2,1,1,1.0,6.0
201100010396,0011-05-01 22:30:00,11,5,1,22,30,210,619,,47.4019,5.24417,Nuit sans éclairage public,Hors agglomération,Hors intersection,Normale,Autre collision,,,,,,,,,,,3,1,1,1.0,6.0
201100010397,0011-05-19 07:30:00,11,5,19,7,30,210,277,,47.553,5.361,Plein jour,Hors agglomération,Hors intersection,Temps couvert,Autre collision,,,,,,,,,,,1,1,1,8.0,6.0
201100010398,0011-06-06 08:45:00,11,6,6,8,45,210,522,,47.5362,5.12655,Plein jour,Hors agglomération,Hors intersection,Normale,Deux véhicules - frontale,,,,,,,,,,,1,1,1,1.0,1.0
201100010399,0011-07-06 15:00:00,11,7,6,15,0,210,72,,47.3861,5.31973,Plein jour,Hors agglomération,Hors intersection,Normale,Autre collision,,,,,,,,,,,1,1,1,1.0,6.0
201100010400,0011-09-21 09:30:00,11,9,21,9,30,210,619,rue de la laiterie,47.412,5.274,Plein jour,En agglomération,Hors intersection,Normale,Deux véhicules - côté,,,,,,,,,,,1,2,1,1.0,3.0
201100010401,0011-10-23 21:00:00,11,10,23,21,0,210,556,,47.316,5.359,Nuit sans éclairage public,Hors agglomération,Hors intersection,Brouillard / fumée,Deux véhicules - arrière,,,,,,,,,,,3,1,1,5.0,2.0
201100010402,0011-11-29 07:00:00,11,11,29,7,0,210,496,RUE DE LA GARE,47.3051,5.41159,Nuit avec éclairage allumé,En agglomération,Hors intersection,Brouillard / fumée,Deux véhicules - frontale,,,,,,,,,,,5,2,1,5.0,1.0
201100010403,0011-02-03 09:15:00,11,2,3,9,15,210,127,,47.4811,5.06444,Plein jour,Hors agglomération,Hors intersection,Pluie légère,Deux véhicules - frontale,,,,,,,,,,,1,1,1,2.0,1.0
201100010404,0011-02-13 20:15:00,11,2,13,20,15,210,211,,47.5548,5.13081,Nuit sans éclairage public,Hors agglomération,Hors intersection,Normale,Autre collision,,,,,,,,,,,3,1,1,1.0,6.0
201100010405,0011-01-17 15:00:00,11,1,17,15,0,210,317,ROUTE DE CHATILLON,47.5307,5.11633,Plein jour,En agglomération,Hors intersection,Pluie légère,Deux véhicules - frontale,,,,,,,,,,,1,2,1,2.0,1.0
201100010406,0011-02-18 19:45:00,11,2,18,19,45,210,599,RUE MEVILLE,47.5888,5.18138,Nuit avec éclairage allumé,En agglomération,Hors intersection,Normale,Deux véhicules - frontale,,,,,,,,,,,5,2,1,1.0,1.0
201100010407,0011-02-23 11:15:00,11,2,23,11,15,210,391,,47.4407,5.11418,Plein jour,Hors agglomération,Hors intersection,Normale,Deux véhicules - côté,,,,,,,,,,,1,1,1,1.0,3.0
201100010408,0011-03-05 19:30:00,11,3,5,19,30,210,290,,47.451,5.12535,Nuit sans éclairage public,Hors agglomération,Hors intersection,Normale,Deux véhicules - frontale,,,,,,,,,,,3,1,1,1.0,1.0
201100010409,0011-03-06 11:00:00,11,3,6,11,0,210,317,CD903/CD6,47.5206,5.10926,Plein jour,En agglomération,Giratoire,Normale,Deux véhicules - côté,,,,,,,,,,,1,2,6,1.0,3.0
201100010410,0011-04-20 17:15:00,11,4,20,17,15,210,599,HENRI JEVAIN- DU RANG,,,Plein jour,En agglomération,Intersection en T,Normale,Deux véhicules - côté,,,,,,,,,,,1,2,3,1.0,3.0
201100010411,0011-07-12 11:30:00,11,7,12,11,30,210,317,RUE FRANCOIS MITTERRAND,47.5246,5.11075,Plein jour,En agglomération,Hors intersection,Normale,Autre collision,,,,,,,,,,,1,2,1,1.0,6.0
201100010412,0011-07-25 09:45:00,11,7,25,9,45,210,385,,47.6138,5.07543,Plein jour,Hors agglomération,Hors intersection,Pluie légère,Deux véhicules - frontale,,,,,,,,,,,1,1,1,2.0,1.0
201100010413,0011-08-28 15:15:00,11,8,28,15,15,210,702,,47.55,5.11966,Plein jour,Hors agglomération,Hors intersection,Normale,Deux véhicules - côté,,,,,,,,,,,1,1,1,1.0,3.0
201100010414,0011-09-12 13:45:00,11,9,12,13,45,210,317,,47.5128,5.10892,Plein jour,En agglomération,Giratoire,Normale,Deux véhicules - arrière,,,,,,,,,,,1,2,6,1.0,2.0
201100010415,0011-10-30 19:15:00,11,10,30,19,15,210,391,RUE DE L'OUEST,47.4407,5.09185,Nuit avec éclairage allumé,En agglomération,Hors intersection,Normale,Deux véhicules - frontale,,,,,,,,,,,5,2,1,1.0,1.0
201100010416,0011-10-06 17:00:00,11,10,6,17,0,210,472,,47.5815,5.2265,Plein jour,En agglomération,Intersection en X,Normale,Deux véhicules - côté,,,,,,,,,,,1,2,2,1.0,3.0
201100010417,0011-11-10 19:45:00,11,11,10,19,45,210,599,,47.5733,5.22018,Nuit sans éclairage public,Hors agglomération,Hors intersection,Brouillard / fumée,Deux véhicules - frontale,,,,,,,,,,,3,1,1,5.0,1.0
201100010418,0011-11-25 08:00:00,11,11,25,8,0,210,245,,47.4503,5.06036,Plein jour,En agglomération,Hors intersection,Brouillard / fumée,Trois véhicules et plus - en chaîne,,,,,,,,,,,1,2,1,5.0,4.0
201100010419,0011-12-13 18:45:00,11,12,13,18,45,210,317,,47.5074,5.10387,Nuit avec éclairage non allumé,Hors agglomération,Hors intersection,Pluie forte,Sans collision,,,,,,,,,,,4,1,1,3.0,7.0
201100010420,0011-01-20 20:15:00,11,1,20,20,15,210,318,,47.0178,4.65052,Nuit sans éclairage public,Hors agglomération,Hors intersection,Neige / grêle,Deux véhicules - frontale,,,,,,,,,,,3,1,1,4.0,1.0
201100010421,0011-03-23 17:15:00,11,3,23,17,15,210,590,,47.0627,4.84313,Plein jour,Hors agglomération,Hors intersection,Normale,Deux véhicules - frontale,,,,,,,,,,,1,1,1,1.0,1.0
201100010422,0011-04-07 18:00:00,11,4,7,18,0,210,492,,47.0,4.014,Plein jour,Hors agglomération,Intersection en T,Normale,Deux véhicules - côté,,,,,,,,,,,1,1,3,1.0,3.0
201100010423,0011-04-10 16:00:00,11,4,10,16,0,210,634,RD 33 - PK 23+500,47.17,4.703,Plein jour,En agglomération,Hors intersection,Normale,Sans collision,,,,,,,,,,,1,2,1,1.0,7.0
201100010424,0011-05-21 03:00:00,11,5,21,3,0,210,492,ROUTE D'IVRY,,,Nuit avec éclairage allumé,En agglomération,Hors intersection,Normale,Autre collision,,,,,,,,,,,5,2,1,1.0,6.0
201100010425,0011-05-31 12:00:00,11,5,31,12,0,210,423,D113D,46.9896,4.85107,Plein jour,En agglomération,Hors intersection,Pluie légère,Deux véhicules - côté,,,,,,,,,,,1,2,1,2.0,3.0
201100010426,0011-06-15 18:45:00,11,6,15,18,45,210,150,,46.9427,4.73724,Plein jour,Hors agglomération,Hors intersection,Normale,Deux véhicules - côté,,,,,,,,,,,1,1,1,1.0,3.0
201100010427,0011-08-06 17:30:00,11,8,6,17,30,210,534,,47.0124,4.92329,Plein jour,Hors agglomération,Hors intersection,Pluie légère,Deux véhicules - frontale,,,,,,,,,,,1,1,1,2.0,1.0
201100010428,0011-09-08 20:45:00,11,9,8,20,45,210,412,,46.9655,4.77376,Nuit sans éclairage public,Hors agglomération,Intersection en X,Normale,Deux véhicules - côté,,,,,,,,,,,3,1,2,1.0,3.0
201100010429,0011-09-28 09:00:00,11,9,28,9,0,210,660,,47.1288,4.60553,Plein jour,Hors agglomération,Hors intersection,Normale,Deux véhicules - frontale,,,,,,,,,,,1,1,1,1.0,1.0
201100010430,0011-10-16 08:00:00,11,10,16,8,0,210,120,,47.216,4.72445,Plein jour,Hors agglomération,Hors intersection,Brouillard / fumée,Sans collision,,,,,,,,,,,1,1,1,5.0,7.0
201100010431,0011-11-03 15:00:00,11,11,3,15,0,210,37,,46.9775,4.70397,Plein jour,Hors agglomération,Hors intersection,Temps couvert,Deux véhicules - côté,,,,,,,,,,,1,1,1,8.0,3.0
201100010432,0011-11-04 07:30:00,11,11,4,7,30,210,606,,47.0643,4.86716,Nuit sans éclairage public,Hors agglomération,Intersection en X,Normale,Deux véhicules - côté,,,,,,,,,,,3,1,2,1.0,3.0
201100010433,0011-02-07 07:15:00,11,2,7,7,15,210,176,,47.2855,4.62548,Nuit sans éclairage public,Hors agglomération,Hors intersection,Neige / grêle,Deux véhicules - côté,,,,,,,,,,,3,1,1,4.0,3.0
201100010434,0011-02-12 13:15:00,11,2,12,13,15,210,441,,,,Plein jour,Hors agglomération,Hors intersection,Normale,Autre collision,,,,,,,,,,,1,1,1,1.0,6.0
201100010435,0011-05-02 14:30:00,11,5,2,14,30,210,363,,47.1092,4.41661,Plein jour,Hors agglomération,Hors intersection,Normale,Deux véhicules - frontale,,,,,,,,,,,1,1,1,1.0,1.0
201100010436,0011-11-08 10:15:00,11,11,8,10,15,210,447,,47.1732,4.51719,Plein jour,Hors agglomération,Hors intersection,Normale,Deux véhicules - frontale,,,,,,,,,,,1,1,1,1.0,1.0
201100010437,0011-01-01 11:15:00,11,1,1,11,15,210,17,GRANDE RUE,,,Plein jour,En agglomération,Hors intersection,Temps couvert,Autre collision,,,,,,,,,,,1,2,1,8.0,6.0
201100010438,0011-05-21 18:30:00,11,5,21,18,30,210,464,,47.136,4.94518,Plein jour,Hors agglomération,Hors intersection,Normale,Deux véhicules - frontale,,,,,,,,,,,1,1,1,1.0,1.0
201100010439,0011-06-16 15:00:00,11,6,16,15,0,210,464,,47.1389,4.97647,Crépuscule ou aube,Hors agglomération,Hors intersection,Normale,Deux véhicules - frontale,,,,,,,,,,,2,1,1,1.0,1.0
201100010440,0011-02-16 20:15:00,11,2,16,20,15,210,332,,47.0055,5.06982,Nuit sans éclairage public,Hors agglomération,Hors intersection,Normale,Deux véhicules - côté,,,,,,,,,,,3,1,1,1.0,3.0
201100010441,0011-04-05 19:00:00,11,4,5,19,0,210,131,,47.0202,5.16451,Plein jour,Hors agglomération,Hors intersection,Normale,Deux véhicules - côté,,,,,,,,,,,1,1,1,1.0,3.0
201100010442,0011-02-02 18:15:00,11,2,2,18,15,210,488,,,,Nuit sans éclairage public,Hors agglomération,Intersection en T,Normale,Deux véhicules - côté,,,,,,,,,,,3,1,3,1.0,3.0
201100010443,0011-05-12 14:15:00,11,5,12,14,15,210,545,,47.8635,4.56705,Plein jour,Hors agglomération,Giratoire,Normale,Deux véhicules - arrière,,,,,,,,,,,1,1,6,1.0,2.0
201100010444,0011-07-26 12:00:00,11,7,26,12,0,210,154,RUE DU DOCTEUR ROBERT,47.866,4.572,Plein jour,En agglomération,Hors intersection,Normale,Autre collision,,,,,,,,,,,1,2,1,1.0,6.0
201100010445,0011-08-09 14:15:00,11,8,9,14,15,210,484,,47.7425,4.38067,Plein jour,Hors agglomération,Hors intersection,Normale,Autre collision,,,,,,,,,,,1,1,1,1.0,6.0
201100010446,0011-09-03 11:15:00,11,9,3,11,15,210,664,,47.7308,4.31761,Plein jour,Hors agglomération,Hors intersection,Normale,Sans collision,,,,,,,,,,,1,1,1,1.0,7.0
201100010447,0011-09-08 20:00:00,11,9,8,20,0,210,700,,47.9233,4.55077,Plein jour,Hors agglomération,Hors intersection,Pluie légère,Autre collision,,,,,,,,,,,1,1,1,2.0,6.0
201100010448,0011-09-24 19:15:00,11,9,24,19,15,210,435,,47.9032,4.55581,Plein jour,Hors agglomération,Intersection en X,Normale,Deux véhicules - côté,,,,,,,,,,,1,1,2,1.0,3.0
201100010449,0011-10-23 18:45:00,11,10,23,18,45,210,545,,47.8631,4.52606,Plein jour,Hors agglomération,Intersection en X,Normale,Deux véhicules - frontale,,,,,,,,,,,1,1,2,1.0,1.0