accident_id,datetime,annee,mois,jour,heure,minute,departement,commune_insee,adresse,latitude,longitude,luminosite,agglomeration,intersection,meteo,collision,nb_vehicules,nb_usagers,nb_indemnes,nb_tues,nb_blesses_hosp,nb_blesses_legers,age_cond_1,age_cond_2,veh_type_cond_1,veh_type_cond_2,lum_code,agg_code,int_code,atm_code,col_code
201100010582,0011-12-29 14:00:00,11,12,29,14,0,710,481,Rue des Morels,,,Plein jour,En agglomération,Hors intersection,Normale,Autre collision,,,,,,,,,,,1,2,1,1.0,6.0
201100010583,0011-03-23 17:30:00,11,3,23,17,30,710,397,LE BOURG,,,Plein jour,En agglomération,Hors intersection,Normale,Deux véhicules - arrière,,,,,,,,,,,1,2,1,1.0,2.0
201100010584,0011-05-21 10:45:00,11,5,21,10,45,710,289,ROUTE DE LA CLAYETTE,8.8076,,Plein jour,En agglomération,Hors intersection,Normale,Deux véhicules - frontale,,,,,,,,,,,1,2,1,1.0,1.0
201100010585,0011-07-13 19:45:00,11,7,13,19,45,710,582,,9.0155,,Plein jour,Hors agglomération,Hors intersection,Pluie légère,Deux véhicules - frontale,,,,,,,,,,,1,1,1,2.0,1.0
201100010586,0011-08-28 12:30:00,11,8,28,12,30,710,350,ROUTE DE SERRIERES,8.86351,,Plein jour,En agglomération,Hors intersection,Normale,Autre collision,,,,,,,,,,,1,2,1,1.0,6.0
201100010587,0011-09-14 18:45:00,11,9,14,18,45,710,137,,46.4423,4.63997,Plein jour,Hors agglomération,Hors intersection,Normale,Deux véhicules - frontale,,,,,,,,,,,1,1,1,1.0,1.0
201100010588,0011-10-10 14:00:00,11,10,10,14,0,710,134,la garde,,,Plein jour,En agglomération,Hors intersection,Normale,Deux véhicules - frontale,,,,,,,,,,,1,2,1,1.0,1.0
201100010589,0011-10-16 20:30:00,11,10,16,20,30,710,546,,,,Nuit sans éclairage public,Hors agglomération,Hors intersection,Normale,Autre collision,,,,,,,,,,,3,1,1,1.0,6.0
201100010590,0011-10-18 09:45:00,11,10,18,9,45,710,137,ROUTE DE LA DIGUE,,,Plein jour,En agglomération,Intersection en X,Normale,Deux véhicules - côté,,,,,,,,,,,1,2,2,1.0,3.0
201100010591,0011-01-13 16:15:00,11,1,13,16,15,710,576,,,,Plein jour,Hors agglomération,Intersection en X,Pluie légère,Deux véhicules - côté,,,,,,,,,,,1,1,2,2.0,3.0
201100010592,0011-02-03 09:30:00,11,2,3,9,30,710,417,RUE DU STADE,,,Plein jour,En agglomération,Hors intersection,Normale,Deux véhicules - arrière,,,,,,,,,,,1,2,1,1.0,2.0
201100010593,0011-02-10 15:30:00,11,2,10,15,30,710,156,PLACE EDGAR PONTHUS,,,Plein jour,En agglomération,Hors intersection,Normale,Deux véhicules - arrière,,,,,,,,,,,1,2,1,1.0,2.0
201100010594,0011-03-01 15:15:00,11,3,1,15,15,710,543,AVENUE GAMBETTA,,,Plein jour,En agglomération,Hors intersection,Normale,Deux véhicules - côté,,,,,,,,,,,1,2,1,1.0,3.0
201100010595,0011-04-20 07:30:00,11,4,20,7,30,710,373,LE PERROUX,,,Crépuscule ou aube,En agglomération,Hors intersection,Normale,Autre collision,,,,,,,,,,,2,2,1,1.0,6.0
201100010596,0011-04-23 17:30:00,11,4,23,17,30,710,543,,,,Plein jour,Hors agglomération,Hors intersection,Normale,Sans collision,,,,,,,,,,,1,1,1,1.0,7.0
201100010597,0011-05-01 00:45:00,11,5,1,0,45,710,16,ROUTE DE FOURGEOT,8.98655,,Nuit sans éclairage public,En agglomération,Hors intersection,Normale,Deux véhicules - côté,,,,,,,,,,,3,2,1,1.0,3.0
201100010598,0011-06-01 11:15:00,11,6,1,11,15,710,94,,9.0684,,Plein jour,Hors agglomération,Hors intersection,Vent fort / tempête,Deux véhicules - frontale,,,,,,,,,,,1,1,1,6.0,1.0
201100010599,0011-06-13 17:45:00,11,6,13,17,45,710,135,,8.96573,,Plein jour,Hors agglomération,Hors intersection,Normale,Autre collision,,,,,,,,,,,1,1,1,1.0,6.0
201100010600,0011-10-23 15:15:00,11,10,23,15,15,710,543,RD 906,,,Plein jour,En agglomération,Hors intersection,Normale,Deux véhicules - côté,,,,,,,,,,,1,2,1,1.0,3.0
201100010601,0011-12-02 08:30:00,11,12,2,8,30,710,373,,,,Plein jour,Hors agglomération,Hors intersection,Pluie légère,Autre collision,,,,,,,,,,,1,1,1,2.0,6.0
201100010602,0011-02-19 08:45:00,11,2,19,8,45,710,14,,,,Plein jour,Hors agglomération,Hors intersection,Normale,Autre collision,,,,,,,,,,,1,1,1,1.0,6.0
201100010603,0011-02-22 17:45:00,11,2,22,17,45,710,144,,,,Crépuscule ou aube,Hors agglomération,Hors intersection,Pluie légère,Deux véhicules - frontale,,,,,,,,,,,2,1,1,2.0,1.0
201100010604,0011-03-19 00:15:00,11,3,19,0,15,710,438,CD26,,,Nuit avec éclairage allumé,En agglomération,Hors intersection,Normale,Autre collision,,,,,,,,,,,5,2,1,1.0,6.0
201100010605,0011-04-30 16:45:00,11,4,30,16,45,710,15,11 RUE DU QUART,,,Plein jour,En agglomération,Hors intersection,Normale,Deux véhicules - frontale,,,,,,,,,,,1,2,1,1.0,1.0
201100010606,0011-05-14 19:00:00,11,5,14,19,0,710,15,,9.40452,,Plein jour,Hors agglomération,Hors intersection,Temps couvert,Sans collision,,,,,,,,,,,1,1,1,8.0,7.0
201100010607,0011-06-18 22:30:00,11,6,18,22,30,710,10,,9.36701,,Nuit sans éclairage public,Hors agglomération,Hors intersection,Normale,Autre collision,,,,,,,,,,,3,1,1,1.0,6.0
201100010608,0011-07-06 18:30:00,11,7,6,18,30,710,9,,9.51215,,Plein jour,Hors agglomération,Hors intersection,Normale,Autre collision,,,,,,,,,,,1,1,1,1.0,6.0
201100010609,0011-08-01 16:45:00,11,8,1,16,45,710,10,,9.36495,,Plein jour,Hors agglomération,Hors intersection,Normale,Trois véhicules et plus - collisions multiples,,,,,,,,,,,1,1,1,1.0,5.0
201100010610,0011-08-05 02:00:00,11,8,5,2,0,710,190,23 RUE GRILLOT,9.44429,,Nuit avec éclairage allumé,En agglomération,Hors intersection,Normale,Autre collision,,,,,,,,,,,5,2,1,1.0,6.0
201100010611,0011-08-08 11:30:00,11,8,8,11,30,710,162,,9.42686,,Plein jour,Hors agglomération,Hors intersection,Pluie légère,Autre collision,,,,,,,,,,,1,1,1,2.0,6.0
201100010612,0011-08-14 06:30:00,11,8,14,6,30,710,9,ATHEZ,9.48188,,Plein jour,En agglomération,Hors intersection,Normale,Deux véhicules - frontale,,,,,,,,,,,1,2,1,1.0,1.0
201100010613,0011-10-03 11:15:00,11,10,3,11,15,710,162,,46.98,4.365,Plein jour,Hors agglomération,Hors intersection,Normale,Deux véhicules - frontale,,,,,,,,,,,1,1,1,1.0,1.0
201100010614,0011-10-29 15:00:00,11,10,29,15,0,710,14,rue de la maladi?re,46.95,4.31,Plein jour,En agglomération,Hors intersection,Temps couvert,Deux véhicules - côté,,,,,,,,,,,1,2,1,8.0,3.0
201100010615,0011-11-27 16:45:00,11,11,27,16,45,710,14,av du deuxi?me dragon,46.959,4.312,Plein jour,En agglomération,Intersection en X,Normale,Trois véhicules et plus - collisions multiples,,,,,,,,,,,1,2,2,1.0,5.0
201100010616,0011-08-20 04:30:00,11,8,20,4,30,710,280,,9.24664,,Nuit sans éclairage public,Hors agglomération,Hors intersection,Brouillard / fumée,Sans collision,,,,,,,,,,,3,1,1,5.0,7.0
201100010617,0011-09-03 09:45:00,11,9,3,9,45,710,531,,46.7906,4.25436,Plein jour,Hors agglomération,Hors intersection,Normale,Deux véhicules - frontale,,,,,,,,,,,1,1,1,1.0,1.0
201100010618,0011-09-09 17:00:00,11,9,9,17,0,710,466,,46.5919,4.06559,Plein jour,Hors agglomération,Hors intersection,Normale,Deux véhicules - frontale,,,,,,,,,,,1,1,1,1.0,1.0
201100010619,0011-09-16 18:15:00,11,9,16,18,15,710,239,CHEMIN DES DORAINS,46.6963,3.94331,Crépuscule ou aube,Hors agglomération,Hors intersection,Normale,Sans collision,,,,,,,,,,,2,1,1,1.0,7.0
201100010620,0011-12-28 17:15:00,11,12,28,17,15,710,142,,46.864,4.10299,Crépuscule ou aube,Hors agglomération,Hors intersection,Pluie légère,Deux véhicules - frontale,,,,,,,,,,,2,1,1,2.0,1.0
201100010621,0011-01-14 17:00:00,11,1,14,17,0,710,202,,,,Plein jour,Hors agglomération,Hors intersection,Normale,Deux véhicules - côté,,,,,,,,,,,1,1,1,1.0,3.0
201100010622,0011-01-28 19:00:00,11,1,28,19,0,710,73,ROUTE DE CHAUDENAY,46.9104,4.76351,Nuit sans éclairage public,En agglomération,Hors intersection,Normale,Autre collision,,,,,,,,,,,3,2,1,1.0,6.0
201100010623,0011-02-15 07:45:00,11,2,15,7,45,710,73,INTERS RD906 RD113C,46.917,4.75426,Crépuscule ou aube,En agglomération,Intersection en T,Normale,Deux véhicules - côté,,,,,,,,,,,2,2,3,1.0,3.0
201100010624,0011-05-18 08:30:00,11,5,18,8,30,710,202,,9.3331,,Plein jour,Hors agglomération,Hors intersection,Normale,Autre collision,,,,,,,,,,,1,1,1,1.0,6.0
201100010625,0011-06-05 17:15:00,11,6,5,17,15,710,378,,9.35108,,Plein jour,Hors agglomération,Hors intersection,Normale,Deux véhicules - arrière,,,,,,,,,,,1,1,1,1.0,2.0
201100010626,0011-07-22 01:15:00,11,7,22,1,15,710,73,,9.36355,,Nuit sans éclairage public,Hors agglomération,Hors intersection,Normale,Sans collision,,,,,,,,,,,3,1,1,1.0,7.0
201100010627,0011-02-17 07:15:00,11,2,17,7,15,710,403,RUE C?TE CHALONNAISE,,,Crépuscule ou aube,En agglomération,Hors intersection,Normale,Deux véhicules - frontale,,,,,,,,,,,2,2,1,1.0,1.0
201100010628,0011-04-14 21:00:00,11,4,14,21,0,710,70,,46.7125,4.74032,Nuit sans éclairage public,Hors agglomération,Hors intersection,Normale,Deux véhicules - frontale,,,,,,,,,,,3,1,1,1.0,1.0
201100010629,0011-05-04 17:45:00,11,5,4,17,45,710,292,,9.30058,,Plein jour,Hors agglomération,Hors intersection,Normale,Deux véhicules - frontale,,,,,,,,,,,1,1,1,1.0,1.0
201100010630,0011-05-10 15:15:00,11,5,10,15,15,710,225,,9.22369,,Plein jour,Hors agglomération,Hors intersection,Normale,Trois véhicules et plus - collisions multiples,,,,,,,,,,,1,1,1,1.0,5.0
201100010631,0011-01-22 12:15:00,11,1,22,12,15,710,456,,,,Plein jour,Hors agglomération,Hors intersection,Normale,Autre collision,,,,,,,,,,,1,1,1,1.0,6.0
201100010632,0011-02-08 09:15:00,11,2,8,9,15,710,131,,,,Plein jour,Hors agglomération,Intersection en X,Brouillard / fumée,Deux véhicules - côté,,,,,,,,,,,1,1,2,5.0,3.0
201100010633,0011-04-29 20:45:00,11,4,29,20,45,710,443,,,,Crépuscule ou aube,Hors agglomération,Hors intersection,Normale,Autre collision,,,,,,,,,,,2,1,1,1.0,6.0
201100010634,0011-06-01 01:45:00,11,6,1,1,45,710,329,,9.39447,,Nuit sans éclairage public,Hors agglomération,Hors intersection,Normale,Sans collision,,,,,,,,,,,3,1,1,1.0,7.0
201100010635,0011-07-09 20:00:00,11,7,9,20,0,710,336,,9.23359,,Plein jour,Hors agglomération,Hors intersection,Pluie légère,Deux véhicules - côté,,,,,,,,,,,1,1,1,2.0,3.0
201100010636,0011-07-12 08:30:00,11,7,12,8,30,710,398,,9.24778,,Plein jour,Hors agglomération,Hors intersection,Normale,Deux véhicules - côté,,,,,,,,,,,1,1,1,1.0,3.0
201100010637,0011-07-30 01:00:00,11,7,30,1,0,710,336,,9.20907,,Nuit sans éclairage public,Hors agglomération,Hors intersection,Normale,Autre collision,,,,,,,,,,,3,1,1,1.0,6.0
201100010638,0011-08-07 11:45:00,11,8,7,11,45,710,23,,9.18054,,Plein jour,Hors agglomération,Hors intersection,Pluie légère,Deux véhicules - côté,,,,,,,,,,,1,1,1,2.0,3.0
201100010639,0011-08-12 11:45:00,11,8,12,11,45,710,253,,9.25555,,Plein jour,Hors agglomération,Hors intersection,Normale,Sans collision,,,,,,,,,,,1,1,1,1.0,7.0
201100010640,0011-08-26 01:30:00,11,8,26,1,30,710,420,,9.20356,,Nuit sans éclairage public,Hors agglomération,Hors intersection,Normale,Sans collision,,,,,,,,,,,3,1,1,1.0,7.0
201100010641,0011-09-06 18:00:00,11,9,6,18,0,710,420,,46.7053,4.99852,Plein jour,Hors agglomération,Hors intersection,Normale,Deux véhicules - côté,,,,,,,,,,,1,1,1,1.0,3.0
201100010642,0011-10-14 02:30:00,11,10,14,2,30,710,336,,,,Nuit sans éclairage public,Hors agglomération,Hors intersection,Normale,Autre collision,,,,,,,,,,,3,1,1,1.0,6.0
201100010643,0011-10-28 18:00:00,11,10,28,18,0,710,420,route de Louhans,,,Crépuscule ou aube,En agglomération,Hors intersection,Normale,Deux véhicules - arrière,,,,,,,,,,,2,2,1,1.0,2.0
201100010644,0011-11-04 09:00:00,11,11,4,9,0,710,420,,46.92,5.113,Plein jour,Hors agglomération,Hors intersection,Normale,Deux véhicules - frontale,,,,,,,,,,,1,1,1,1.0,1.0
201100010645,0011-11-04 09:45:00,11,11,4,9,45,710,3,11route de Beaune,,,Plein jour,En agglomération,Hors intersection,Pluie légère,Deux véhicules - côté,,,,,,,,,,,1,2,1,2.0,3.0
201100010646,0011-11-13 18:15:00,11,11,13,18,15,710,355,,46.937,5.141,Nuit sans éclairage public,Hors agglomération,Hors intersection,Brouillard / fumée,Sans collision,,,,,,,,,,,3,1,1,5.0,7.0
201100010647,0011-11-14 18:45:00,11,11,14,18,45,710,333,,,,Nuit sans éclairage public,Hors agglomération,Hors intersection,Brouillard / fumée,Deux véhicules - frontale,,,,,,,,,,,3,1,1,5.0,1.0
201100010648,0011-01-15 17:00:00,11,1,15,17,0,710,512,,,,Plein jour,Hors agglomération,Hors intersection,Temps éblouissant,Deux véhicules - arrière,,,,,,,,,,,1,1,1,7.0,2.0
201100010649,0011-01-27 08:30:00,11,1,27,8,30,710,555,,,,Plein jour,Hors agglomération,Intersection en X,Normale,Deux véhicules - côté,,,,,,,,,,,1,1,2,1.0,3.0
201100010650,0011-03-09 03:30:00,11,3,9,3,30,710,444,,,,Nuit sans éclairage public,Hors agglomération,Hors intersection,Normale,Deux véhicules - frontale,,,,,,,,,,,3,1,1,1.0,1.0
201100010651,0011-03-12 16:00:00,11,3,12,16,0,710,328,LE BOURG,,,Plein jour,En agglomération,Intersection en X,Normale,Deux véhicules - côté,,,,,,,,,,,1,2,2,1.0,3.0
201100010652,0011-03-13 10:45:00,11,3,13,10,45,710,328,VINCELLES,,,Plein jour,En agglomération,Hors intersection,Normale,Autre collision,,,,,,,,,,,1,2,1,1.0,6.0
201100010653,0011-04-10 18:30:00,11,4,10,18,30,710,252,RUE DU MOULIN,,,Plein jour,En agglomération,Hors intersection,Normale,Autre collision,,,,,,,,,,,1,2,1,1.0,6.0
201100010654,0011-06-19 17:15:00,11,6,19,17,15,710,512,RTE DE CHALON,9.15856,,Plein jour,En agglomération,Hors intersection,Normale,Deux véhicules - frontale,,,,,,,,,,,1,2,1,1.0,1.0
201100010655,0011-08-28 18:15:00,11,8,28,18,15,710,249,,9.17179,,Plein jour,Hors agglomération,Hors intersection,Normale,Deux véhicules - frontale,,,,,,,,,,,1,1,1,1.0,1.0
201100010656,0011-09-29 20:15:00,11,9,29,20,15,710,384,,46.6741,4.81064,Nuit sans éclairage public,Hors agglomération,Hors intersection,Normale,Sans collision,,,,,,,,,,,3,1,1,1.0,7.0
201100010657,0011-11-22 23:00:00,11,11,22,23,0,710,402,,,,Nuit sans éclairage public,Hors agglomération,Hors intersection,Normale,Deux véhicules - côté,,,,,,,,,,,3,1,1,1.0,3.0
201100010658,0011-04-07 16:15:00,11,4,7,16,15,710,446,,,,Plein jour,Hors agglomération,Hors intersection,Normale,Deux véhicules - frontale,,,,,,,,,,,1,1,1,1.0,1.0
201100010659,0011-06-11 10:30:00,11,6,11,10,30,710,106,,8.99304,,Plein jour,Hors agglomération,Hors intersection,Normale,Sans collision,,,,,,,,,,,1,1,1,1.0,7.0
201100010660,0011-08-16 10:45:00,11,8,16,10,45,710,446,,9.09665,,Plein jour,Hors agglomération,Intersection en X,Normale,Deux véhicules - côté,,,,,,,,,,,1,1,2,1.0,3.0
201100010661,0011-09-04 03:15:00,11,9,4,3,15,710,279,,46.5989,4.43116,Nuit sans éclairage public,Hors agglomération,Hors intersection,Pluie légère,Deux véhicules - frontale,,,,,,,,,,,3,1,1,2.0,1.0
201100010662,0011-09-19 13:15:00,11,9,19,13,15,710,571,LES TERREAUX,46.404,4.44154,Plein jour,Hors agglomération,Hors intersection,Pluie forte,Autre collision,,,,,,,,,,,1,1,1,3.0,6.0
201100010663,0011-10-22 07:00:00,11,10,22,7,0,710,571,,,,Nuit sans éclairage public,Hors agglomération,Hors intersection,Brouillard / fumée,Deux véhicules - frontale,,,,,,,,,,,3,1,1,5.0,1.0
201100010664,0011-04-16 15:45:00,11,4,16,15,45,710,120,AVENUE DU CH?TEAU,,,Plein jour,En agglomération,Intersection à plus de 4 branches,Normale,Deux véhicules - frontale,,,,,,,,,,,1,2,5,1.0,1.0
201100010665,0011-05-20 10:30:00,11,5,20,10,30,710,120,ROUTE DE MUSSY SOUS DUN,8.79163,,Plein jour,En agglomération,Hors intersection,Temps éblouissant,Autre collision,,,,,,,,,,,1,2,1,7.0,6.0
201100010666,0011-07-31 07:00:00,11,7,31,7,0,710,463,,8.799,,Nuit sans éclairage public,Hors agglomération,Hors intersection,Normale,Autre collision,,,,,,,,,,,3,1,1,1.0,6.0
201100010667,0011-10-07 18:45:00,11,10,7,18,45,710,110,,,,Crépuscule ou aube,Hors agglomération,Hors intersection,Pluie légère,Deux véhicules - frontale,,,,,,,,,,,2,1,1,2.0,1.0
201100010668,0011-04-09 09:00:00,11,4,9,9,0,710,176,,,,Plein jour,En agglomération,Hors intersection,Normale,Autre collision,,,,,,,,,,,1,2,1,1.0,6.0
201100010669,0011-05-13 10:00:00,11,5,13,10,0,710,176,ROUTE DES SABLES,9.01997,,Plein jour,En agglomération,Hors intersection,Normale,Deux véhicules - côté,,,,,,,,,,,1,2,1,1.0,3.0
201100010670,0011-07-16 15:45:00,11,7,16,15,45,710,176,PARKING LECLERC DIGOIN,9.01988,,Plein jour,En agglomération,Autre intersection,Temps éblouissant,Autre collision,,,,,,,,,,,1,2,9,7.0,6.0
201100010671,0011-10-17 15:00:00,11,10,17,15,0,710,176,route de Roanne,46.481,3.99,Plein jour,En agglomération,Hors intersection,Normale,Deux véhicules - frontale,,,,,,,,,,,1,2,1,1.0,1.0
201100010672,0011-11-19 12:15:00,11,11,19,12,15,710,176,Avenue des Platanes,46.488,3.977,Plein jour,En agglomération,Hors intersection,Normale,Deux véhicules - côté,,,,,,,,,,,1,2,1,1.0,3.0
201100010673,0011-12-23 16:45:00,11,12,23,16,45,710,176,Rue Victor Hugo,46.493,3.998,Plein jour,En agglomération,Hors intersection,Normale,Deux véhicules - côté,,,,,,,,,,,1,2,1,1.0,3.0
201100010674,0011-01-19 05:30:00,11,1,19,5,30,710,12,,46.2425,4.04385,Crépuscule ou aube,Hors agglomération,Hors intersection,Normale,Autre collision,,,,,,,,,,,2,1,1,1.0,6.0
201100010675,0011-02-02 12:00:00,11,2,2,12,0,710,200,,,,Plein jour,Hors agglomération,Hors intersection,Normale,Autre collision,,,,,,,,,,,1,1,1,1.0,6.0
201100010676,0011-02-07 16:45:00,11,2,7,16,45,710,399,,,,Plein jour,Hors agglomération,Hors intersection,Normale,Autre collision,,,,,,,,,,,1,1,1,1.0,6.0
201100010677,0011-03-31 19:00:00,11,3,31,19,0,710,275,ROUTE DE CRAY,,,Plein jour,Hors agglomération,Hors intersection,Normale,Autre collision,,,,,,,,,,,1,1,1,1.0,6.0
201100010678,0011-04-05 20:30:00,11,4,5,20,30,710,12,,,,Crépuscule ou aube,Hors agglomération,Hors intersection,Normale,Autre collision,,,,,,,,,,,2,1,1,1.0,6.0
201100010679,0011-05-26 17:30:00,11,5,26,17,30,710,238,,8.80445,,Plein jour,Hors agglomération,Hors intersection,Normale,Deux véhicules - côté,,,,,,,,,,,1,1,1,1.0,3.0
201100010680,0011-07-26 15:15:00,11,7,26,15,15,710,123,,8.81532,,Plein jour,Hors agglomération,Hors intersection,Normale,Deux véhicules - frontale,,,,,,,,,,,1,1,1,1.0,1.0
201100010681,0011-08-02 18:00:00,11,8,2,18,0,710,453,,8.80924,,Plein jour,Hors agglomération,Hors intersection,Normale,Trois véhicules et plus - collisions multiples,,,,,,,,,,,1,1,1,1.0,5.0
201100010682,0011-08-05 17:00:00,11,8,5,17,0,710,406,,8.90349,,Plein jour,Hors agglomération,Intersection en X,Normale,Deux véhicules - côté,,,,,,,,,,,1,1,2,1.0,3.0
201100010683,0011-08-10 11:30:00,11,8,10,11,30,710,275,4 RUE DE LA GARE,8.83961,,Plein jour,En agglomération,Hors intersection,Normale,Autre collision,,,,,,,,,,,1,2,1,1.0,6.0
201100010684,0011-09-06 17:00:00,11,9,6,17,0,710,77,LE BOURG,46.2809,4.01187,Plein jour,En agglomération,Hors intersection,Normale,Autre collision,,,,,,,,,,,1,2,1,1.0,6.0
201100010685,0011-10-18 18:00:00,11,10,18,18,0,710,275,,46.278,4.03099,Plein jour,Hors agglomération,Hors intersection,Normale,Autre collision,,,,,,,,,,,1,1,1,1.0,6.0
201100010686,0011-03-26 15:45:00,11,3,26,15,45,710,588,,,,Plein jour,Hors agglomération,Hors intersection,Normale,Autre collision,,,,,,,,,,,1,1,1,1.0,6.0
201100010687,0011-04-06 18:15:00,11,4,6,18,15,710,342,BLD DU COLLEGE RUE REPUB,,,Plein jour,En agglomération,Intersection en X,Normale,Autre collision,,,,,,,,,,,1,2,2,1.0,6.0
201100010688,0011-05-16 17:30:00,11,5,16,17,30,710,590,,9.01772,,Plein jour,Hors agglomération,Hors intersection,Normale,Sans collision,,,,,,,,,,,1,1,1,1.0,7.0
201100010689,0011-05-25 16:00:00,11,5,25,16,0,710,590,,9.02816,,Plein jour,Hors agglomération,Hors intersection,Normale,Deux véhicules - frontale,,,,,,,,,,,1,1,1,1.0,1.0
201100010690,0011-07-14 22:30:00,11,7,14,22,30,710,588,LE BOURG,8.99012,,Nuit avec éclairage allumé,En agglomération,Hors intersection,Normale,Sans collision,,,,,,,,,,,5,2,1,1.0,7.0
201100010691,0011-11-03 18:15:00,11,11,3,18,15,710,342,ROND POINT DE BOURGOGNE,,,Nuit avec éclairage allumé,En agglomération,Giratoire,Normale,Deux véhicules - côté,,,,,,,,,,,5,2,6,1.0,3.0
201100010692,0011-04-07 15:30:00,11,4,7,15,30,710,282,,,,Plein jour,Hors agglomération,Hors intersection,Normale,Deux véhicules - arrière,,,,,,,,,,,1,1,1,1.0,2.0
201100010693,0011-05-18 07:45:00,11,5,18,7,45,710,413,LE BOURG,9.32444,,Plein jour,En agglomération,Hors intersection,Temps éblouissant,Deux véhicules - côté,,,,,,,,,,,1,2,1,7.0,3.0
201100010694,0011-09-14 09:00:00,11,9,14,9,0,710,347,,46.8267,4.57879,Plein jour,Hors agglomération,Intersection en X,Normale,Deux véhicules - frontale,,,,,,,,,,,1,1,2,1.0,1.0
201100010695,0011-10-28 16:15:00,11,10,28,16,15,710,149,,,,Plein jour,Hors agglomération,Hors intersection,Normale,Autre collision,,,,,,,,,,,1,1,1,1.0,6.0
201100010696,0011-11-17 12:00:00,11,11,17,12,0,710,409,,,,Plein jour,Hors agglomération,Hors intersection,Normale,Autre collision,,,,,,,,,,,1,1,1,1.0,6.0
201100010697,0011-11-20 03:30:00,11,11,20,3,30,710,347,Le Bourbier CD 984,,,Nuit sans éclairage public,En agglomération,Hors intersection,Normale,Autre collision,,,,,,,,,,,3,2,1,1.0,6.0
201100010698,0011-12-10 15:45:00,11,12,10,15,45,710,282,,,,Plein jour,Hors agglomération,Hors intersection,Temps couvert,Trois véhicules et plus - collisions multiples,,,,,,,,,,,1,1,1,8.0,5.0
201100010699,0011-03-28 06:30:00,11,3,28,6,30,710,47,,9.1243,,Nuit avec éclairage non allumé,Hors agglomération,Hors intersection,Temps couvert,Deux véhicules - côté,,,,,,,,,,,4,1,1,8.0,3.0
201100010700,0011-06-23 11:15:00,11,6,23,11,15,710,75,,46.5846,3.83751,Plein jour,Hors agglomération,Intersection en X,Normale,Deux véhicules - côté,,,,,,,,,,,1,1,2,1.0,3.0
201100010701,0011-10-15 18:15:00,11,10,15,18,15,710,47,,,,Plein jour,Hors agglomération,Hors intersection,Normale,Sans collision,,,,,,,,,,,1,1,1,1.0,7.0
201100010702,0011-11-11 11:15:00,11,11,11,11,15,710,75,,,,Plein jour,Hors agglomération,Intersection en X,Normale,Deux véhicules - côté,,,,,,,,,,,1,1,2,1.0,3.0
201100010703,0011-01-22 17:30:00,11,1,22,17,30,710,230,RUE DE LA LIBERTE GUEUGN,,,Nuit sans éclairage public,En agglomération,Hors intersection,Normale,Deux véhicules - côté,,,,,,,,,,,3,2,1,1.0,3.0
201100010704,0011-03-16 08:15:00,11,3,16,8,15,710,346,CD60 / RUE BOIS SIMON,,,Plein jour,En agglomération,Hors intersection,Normale,Deux véhicules - côté,,,,,,,,,,,1,2,1,1.0,3.0
201100010705,0011-06-14 15:00:00,11,6,14,15,0,710,230,BOULEVARD JEAN MERMOZ,9.11266,,Plein jour,En agglomération,Hors intersection,Normale,Autre collision,,,,,,,,,,,1,2,1,1.0,6.0
201100010706,0011-06-25 14:45:00,11,6,25,14,45,710,132,,9.12733,,Plein jour,Hors agglomération,Hors intersection,Normale,Deux véhicules - arrière,,,,,,,,,,,1,1,1,1.0,2.0
201100010707,0011-07-01 17:45:00,11,7,1,17,45,710,230,60 RUE DE LA LIBERT?,9.10991,,Plein jour,En agglomération,Hors intersection,Normale,Autre collision,,,,,,,,,,,1,2,1,1.0,6.0
201100010708,0011-09-27 10:15:00,11,9,27,10,15,710,230,29 RUE DE LA CONVENTION,46.5993,4.0681,Plein jour,En agglomération,Hors intersection,Normale,Autre collision,,,,,,,,,,,1,2,1,1.0,6.0
201100010709,0011-09-28 22:30:00,11,9,28,22,30,710,340,,46.5311,4.16777,Nuit sans éclairage public,Hors agglomération,Hors intersection,Normale,Deux véhicules - frontale,,,,,,,,,,,3,1,1,1.0,1.0
201100010710,0011-11-16 16:45:00,11,11,16,16,45,710,230,route de perrecy,,,Plein jour,En agglomération,Hors intersection,Normale,Deux véhicules - arrière,,,,,,,,,,,1,2,1,1.0,2.0
201100010711,0011-11-27 04:45:00,11,11,27,4,45,710,542,rue du pont,,,Nuit avec éclairage allumé,En agglomération,Hors intersection,Normale,Autre collision,,,,,,,,,,,5,2,1,1.0,6.0
201100010712,0011-12-04 01:00:00,11,12,4,1,0,710,565,,,,Nuit sans éclairage public,Hors agglomération,Hors intersection,Pluie légère,Trois véhicules et plus - collisions multiples,,,,,,,,,,,3,1,1,2.0,5.0
201100010713,0011-03-26 20:45:00,11,3,26,20,45,710,484,INTERSECTION RD13- RD178,,,Nuit avec éclairage allumé,En agglomération,Intersection en X,Normale,Deux véhicules - côté,,,,,,,,,,,5,2,2,1.0,3.0
201100010714,0011-04-27 05:30:00,11,4,27,5,30,710,56,,,,Nuit avec éclairage allumé,Hors agglomération,Hors intersection,Normale,Deux véhicules - frontale,,,,,,,,,,,5,1,1,1.0,1.0