accident_id,datetime,annee,mois,jour,heure,minute,departement,commune_insee,adresse,latitude,longitude,luminosite,agglomeration,intersection,meteo,collision,nb_vehicules,nb_usagers,nb_indemnes,nb_tues,nb_blesses_hosp,nb_blesses_legers,age_cond_1,age_cond_2,veh_type_cond_1,veh_type_cond_2,lum_code,agg_code,int_code,atm_code,col_code
201100010715,0011-06-21 08:45:00,11,6,21,8,45,710,27,,9.18198,,Plein jour,Hors agglomération,Hors intersection,Normale,Deux véhicules - frontale,,,,,,,,,,,1,1,1,1.0,1.0
201100010716,0011-07-14 00:15:00,11,7,14,0,15,710,506,124 ROUTE DE SAGY,9.15884,,Nuit avec éclairage allumé,En agglomération,Hors intersection,Pluie légère,Autre collision,,,,,,,,,,,5,2,1,2.0,6.0
201100010717,0011-07-18 09:15:00,11,7,18,9,15,710,263,,9.16253,,Plein jour,Hors agglomération,Hors intersection,Normale,Deux véhicules - frontale,,,,,,,,,,,1,1,1,1.0,1.0
201100010718,0011-07-29 22:45:00,11,7,29,22,45,710,243,,9.01729,,Nuit sans éclairage public,Hors agglomération,Hors intersection,Normale,Deux véhicules - frontale,,,,,,,,,,,3,1,1,1.0,1.0
201100010719,0011-08-12 15:30:00,11,8,12,15,30,710,56,,9.16113,,Plein jour,Hors agglomération,Hors intersection,Normale,Sans collision,,,,,,,,,,,1,1,1,1.0,7.0
201100010720,0011-10-05 17:45:00,11,10,5,17,45,710,263,44 rue du jura,,,Plein jour,En agglomération,Hors intersection,Normale,Autre collision,,,,,,,,,,,1,2,1,1.0,6.0
201100010721,0011-12-05 15:15:00,11,12,5,15,15,710,263,,,,Plein jour,Hors agglomération,Hors intersection,Normale,Sans collision,,,,,,,,,,,1,1,1,1.0,7.0
201100010722,0011-12-29 23:15:00,11,12,29,23,15,710,379,,46.569,5.304,Nuit sans éclairage public,Hors agglomération,Hors intersection,Pluie légère,Autre collision,,,,,,,,,,,3,1,1,2.0,6.0
201100010723,0011-01-11 20:45:00,11,1,11,20,45,710,244,,46.586,5.078,Nuit sans éclairage public,Hors agglomération,Hors intersection,Brouillard / fumée,Deux véhicules - frontale,,,,,,,,,,,3,1,1,5.0,1.0
201100010724,0011-01-18 18:45:00,11,1,18,18,45,710,92,,,,Nuit sans éclairage public,Hors agglomération,Hors intersection,Normale,Deux véhicules - côté,,,,,,,,,,,3,1,1,1.0,3.0
201100010725,0011-01-18 16:45:00,11,1,18,16,45,710,61,RUE NOEL JUMEAUX,46.5571,5.00084,Plein jour,En agglomération,Hors intersection,Normale,Autre collision,,,,,,,,,,,1,2,1,1.0,6.0
201100010726,0011-04-03 00:30:00,11,4,3,0,30,710,523,,,,Nuit sans éclairage public,Hors agglomération,Hors intersection,Normale,Deux véhicules - frontale,,,,,,,,,,,3,1,1,1.0,1.0
201100010727,0011-05-29 21:15:00,11,5,29,21,15,710,158,,9.10009,,Crépuscule ou aube,Hors agglomération,Hors intersection,Normale,Autre collision,,,,,,,,,,,2,1,1,1.0,6.0
201100010728,0011-07-21 21:15:00,11,7,21,21,15,710,97,,9.08716,,Plein jour,Hors agglomération,Hors intersection,Normale,Deux véhicules - frontale,,,,,,,,,,,1,1,1,1.0,1.0
201100010729,0011-09-25 11:30:00,11,9,25,11,30,710,244,,46.5798,5.06715,Plein jour,Hors agglomération,Hors intersection,Normale,Sans collision,,,,,,,,,,,1,1,1,1.0,7.0
201100010730,0011-10-18 20:30:00,11,10,18,20,30,710,318,,,,Nuit sans éclairage public,Hors agglomération,Hors intersection,Normale,Deux véhicules - côté,,,,,,,,,,,3,1,1,1.0,3.0
201100010731,0011-06-15 23:00:00,11,6,15,23,0,710,295,,9.29769,,Nuit sans éclairage public,Hors agglomération,Hors intersection,Normale,Deux véhicules - frontale,,,,,,,,,,,3,1,1,1.0,1.0
201100010732,0011-09-20 15:45:00,11,9,20,15,45,710,208,CARREFOUR RD73 ET RD996,46.9136,5.15846,Plein jour,En agglomération,Intersection en X,Normale,Deux véhicules - côté,,,,,,,,,,,1,2,2,1.0,3.0
201100010733,0011-10-12 17:45:00,11,10,12,17,45,710,101,rue des Poirier Grillot,,,Plein jour,En agglomération,Hors intersection,Normale,Deux véhicules - frontale,,,,,,,,,,,1,2,1,1.0,1.0
201100010734,0011-12-22 03:45:00,11,12,22,3,45,710,357,,46.963,5.221,Nuit sans éclairage public,Hors agglomération,Hors intersection,Pluie légère,Deux véhicules - frontale,,,,,,,,,,,3,1,1,2.0,1.0
201100010735,0011-02-26 15:30:00,11,2,26,15,30,710,465,,46.6708,4.52346,Plein jour,Hors agglomération,Hors intersection,Pluie légère,Deux véhicules - côté,,,,,,,,,,,1,1,1,2.0,3.0
201100010736,0011-04-07 18:00:00,11,4,7,18,0,710,222,,,,Plein jour,Hors agglomération,Intersection en X,Normale,Deux véhicules - frontale,,,,,,,,,,,1,1,2,1.0,1.0
201100010737,0011-04-09 19:15:00,11,4,9,19,15,710,320,,46.6368,4.46394,Plein jour,Hors agglomération,Hors intersection,Normale,Autre collision,,,,,,,,,,,1,1,1,1.0,6.0
201100010738,0011-08-01 10:00:00,11,8,1,10,0,710,187,,9.23802,,Plein jour,Hors agglomération,Hors intersection,Normale,Deux véhicules - côté,,,,,,,,,,,1,1,1,1.0,3.0
201100010739,0011-01-24 16:15:00,11,1,24,16,15,890,341,,,,Plein jour,Hors agglomération,Hors intersection,Normale,Deux véhicules - arrière,,,,,,,,,,,1,1,1,1.0,2.0
201100010740,0011-02-14 08:45:00,11,2,14,8,45,890,108,,,,Plein jour,Hors agglomération,Hors intersection,Pluie légère,Autre collision,,,,,,,,,,,1,1,1,2.0,6.0
201100010741,0011-02-27 06:45:00,11,2,27,6,45,890,37,,,,Crépuscule ou aube,Hors agglomération,Hors intersection,Normale,Deux véhicules - côté,,,,,,,,,,,2,1,1,1.0,3.0
201100010742,0011-03-29 00:45:00,11,3,29,0,45,890,198,,,,Nuit sans éclairage public,Hors agglomération,Hors intersection,Normale,Deux véhicules - arrière,,,,,,,,,,,3,1,1,1.0,2.0
201100010743,0011-04-27 16:00:00,11,4,27,16,0,890,366,,,,Plein jour,Hors agglomération,Hors intersection,Normale,Deux véhicules - arrière,,,,,,,,,,,1,1,1,1.0,2.0
201100010744,0011-05-04 07:30:00,11,5,4,7,30,890,108,,,,Plein jour,Hors agglomération,Hors intersection,Normale,Deux véhicules - arrière,,,,,,,,,,,1,1,1,1.0,2.0
201100010745,0011-05-09 11:15:00,11,5,9,11,15,890,438,,,,Plein jour,Hors agglomération,Hors intersection,Normale,Autre collision,,,,,,,,,,,1,1,1,1.0,6.0
201100010746,0011-06-23 02:45:00,11,6,23,2,45,890,337,,,,Nuit sans éclairage public,Hors agglomération,Hors intersection,Normale,Deux véhicules - arrière,,,,,,,,,,,3,1,1,1.0,2.0
201100010747,0011-06-24 22:45:00,11,6,24,22,45,890,263,RD 84  sens AUXERRE SEIG,,,Nuit sans éclairage public,En agglomération,Hors intersection,Normale,Autre collision,,,,,,,,,,,3,2,1,1.0,6.0
201100010748,0011-06-26 07:30:00,11,6,26,7,30,890,438,,,,Plein jour,Hors agglomération,Hors intersection,Normale,Deux véhicules - côté,,,,,,,,,,,1,1,1,1.0,3.0
201100010749,0011-08-04 10:00:00,11,8,4,10,0,890,167,,,,Plein jour,Hors agglomération,Hors intersection,Normale,Autre collision,,,,,,,,,,,1,1,1,1.0,6.0
201100010750,0011-08-07 18:30:00,11,8,7,18,30,890,196,,,,Plein jour,Hors agglomération,Hors intersection,Normale,Autre collision,,,,,,,,,,,1,1,1,1.0,6.0
201100010751,0011-09-06 05:00:00,11,9,6,5,0,890,484,,,,Nuit sans éclairage public,Hors agglomération,Hors intersection,Normale,Deux véhicules - arrière,,,,,,,,,,,3,1,1,1.0,2.0
201100010752,0011-09-07 21:15:00,11,9,7,21,15,890,438,,,,Nuit sans éclairage public,Hors agglomération,Hors intersection,Temps couvert,Trois véhicules et plus - collisions multiples,,,,,,,,,,,3,1,1,8.0,5.0
201100010753,0011-09-20 00:15:00,11,9,20,0,15,890,341,,,,Nuit sans éclairage public,Hors agglomération,Hors intersection,Normale,Autre collision,,,,,,,,,,,3,1,1,1.0,6.0
201100010754,0011-10-11 02:00:00,11,10,11,2,0,890,13,,,,Nuit sans éclairage public,Hors agglomération,Hors intersection,Normale,Deux véhicules - arrière,,,,,,,,,,,3,1,1,1.0,2.0
201100010755,0011-10-18 22:00:00,11,10,18,22,0,890,167,,,,Nuit sans éclairage public,Hors agglomération,Hors intersection,Pluie forte,Autre collision,,,,,,,,,,,3,1,1,3.0,6.0
201100010756,0011-11-09 13:45:00,11,11,9,13,45,890,53,,,,Plein jour,Hors agglomération,Hors intersection,Normale,Deux véhicules - côté,,,,,,,,,,,1,1,1,1.0,3.0
201100010757,0011-12-26 09:15:00,11,12,26,9,15,890,438,,,,Crépuscule ou aube,Hors agglomération,Hors intersection,Brouillard / fumée,Trois véhicules et plus - en chaîne,,,,,,,,,,,2,1,1,5.0,4.0
201100010758,0011-05-20 23:30:00,11,5,20,23,30,890,80,,,,Nuit sans éclairage public,Hors agglomération,Autre intersection,Normale,Sans collision,,,,,,,,,,,3,1,9,1.0,7.0
201100010759,0011-09-11 20:15:00,11,9,11,20,15,890,255,,,,Crépuscule ou aube,Hors agglomération,Hors intersection,Normale,Deux véhicules - frontale,,,,,,,,,,,2,1,1,1.0,1.0
201100010760,0011-01-14 08:15:00,11,1,14,8,15,890,83,,,,Plein jour,Hors agglomération,Hors intersection,Normale,Sans collision,,,,,,,,,,,1,1,1,1.0,7.0
201100010761,0011-01-26 18:00:00,11,1,26,18,0,890,295,,,,Nuit avec éclairage non allumé,Hors agglomération,Hors intersection,Pluie légère,Deux véhicules - côté,,,,,,,,,,,4,1,1,2.0,3.0
201100010762,0011-03-27 11:45:00,11,3,27,11,45,890,427,,,,Plein jour,Hors agglomération,Hors intersection,Normale,Sans collision,,,,,,,,,,,1,1,1,1.0,7.0
201100010763,0011-06-16 08:15:00,11,6,16,8,15,890,83,,,,Plein jour,Hors agglomération,Intersection en T,Normale,Sans collision,,,,,,,,,,,1,1,3,1.0,7.0
201100010764,0011-07-03 17:15:00,11,7,3,17,15,890,13,,47.86,3.508,Plein jour,Hors agglomération,Hors intersection,Normale,Autre collision,,,,,,,,,,,1,1,1,1.0,6.0
201100010765,0011-08-08 20:00:00,11,8,8,20,0,890,13,,47.883,3.501,Plein jour,Hors agglomération,Hors intersection,Normale,Autre collision,,,,,,,,,,,1,1,1,1.0,6.0
201100010766,0011-08-18 11:15:00,11,8,18,11,15,890,83,,,,Plein jour,Hors agglomération,Hors intersection,Normale,Deux véhicules - côté,,,,,,,,,,,1,1,1,1.0,3.0
201100010767,0011-08-22 22:15:00,11,8,22,22,15,890,13,,,,Nuit sans éclairage public,Hors agglomération,Hors intersection,Normale,Sans collision,,,,,,,,,,,3,1,1,1.0,7.0
201100010768,0011-12-01 16:00:00,11,12,1,16,0,890,13,,,,Plein jour,Hors agglomération,Hors intersection,Normale,Deux véhicules - côté,,,,,,,,,,,1,1,1,1.0,3.0
201100010769,0011-01-05 07:30:00,11,1,5,7,30,890,441,,,,Nuit sans éclairage public,Hors agglomération,Hors intersection,Normale,Deux véhicules - frontale,,,,,,,,,,,3,1,1,1.0,1.0
201100010770,0011-01-29 13:30:00,11,1,29,13,30,890,158,,,,Plein jour,Hors agglomération,Hors intersection,Normale,Autre collision,,,,,,,,,,,1,1,1,1.0,6.0
201100010771,0011-04-06 15:00:00,11,4,6,15,0,890,256,,47.672,3.521,Plein jour,Hors agglomération,Hors intersection,Normale,Deux véhicules - frontale,,,,,,,,,,,1,1,1,1.0,1.0
201100010772,0011-05-08 12:45:00,11,5,8,12,45,890,158,Rue des jardins et D125,47.514,3.345,Plein jour,En agglomération,Intersection en T,Normale,Deux véhicules - côté,,,,,,,,,,,1,2,3,1.0,3.0
201100010773,0011-05-14 17:45:00,11,5,14,17,45,890,441,rue de l'?chelle,,,Plein jour,En agglomération,Hors intersection,Normale,Autre collision,,,,,,,,,,,1,2,1,1.0,6.0
201100010774,0011-06-22 23:00:00,11,6,22,23,0,890,1,,47.666,3.711,Nuit sans éclairage public,En agglomération,Hors intersection,Normale,Sans collision,,,,,,,,,,,3,2,1,1.0,7.0
201100010775,0011-06-28 08:45:00,11,6,28,8,45,890,252,,,,Plein jour,Hors agglomération,Hors intersection,Normale,Deux véhicules - frontale,,,,,,,,,,,1,1,1,1.0,1.0
201100010776,0011-08-23 08:15:00,11,8,23,8,15,890,479,route de bailly,,,Plein jour,En agglomération,Hors intersection,Normale,Trois véhicules et plus - collisions multiples,,,,,,,,,,,1,2,1,1.0,5.0
201100010777,0011-08-30 15:30:00,11,8,30,15,30,890,256,,,,Plein jour,Hors agglomération,Hors intersection,Normale,Deux véhicules - frontale,,,,,,,,,,,1,1,1,1.0,1.0
201100010778,0011-10-07 20:45:00,11,10,7,20,45,890,130,"CD606, route de Paris",47.686,3.69,Nuit avec éclairage non allumé,En agglomération,Hors intersection,Normale,Deux véhicules - côté,,,,,,,,,,,4,2,1,1.0,3.0
201100010779,0011-10-23 21:30:00,11,10,23,21,30,890,283,,47.658,3.421,Nuit sans éclairage public,Hors agglomération,Hors intersection,Normale,Deux véhicules - frontale,,,,,,,,,,,3,1,1,1.0,1.0
201100010780,0011-11-01 01:00:00,11,11,1,1,0,890,30,36 rue de V?zelay,47.664,3.654,Nuit avec éclairage non allumé,En agglomération,Hors intersection,Pluie légère,Autre collision,,,,,,,,,,,4,2,1,2.0,6.0
201100010781,0011-12-18 05:15:00,11,12,18,5,15,890,383,,47.647,3.375,Nuit sans éclairage public,Hors agglomération,Hors intersection,Temps couvert,Sans collision,,,,,,,,,,,3,1,1,8.0,7.0
201100010782,0011-12-23 14:00:00,11,12,23,14,0,890,237,route d'avallon,,,Plein jour,En agglomération,Hors intersection,Temps couvert,Sans collision,,,,,,,,,,,1,2,1,8.0,7.0
201100010783,0011-01-07 15:30:00,11,1,7,15,30,890,205,,,,Plein jour,Hors agglomération,Hors intersection,Normale,Autre collision,,,,,,,,,,,1,1,1,1.0,6.0
201100010784,0011-05-15 21:15:00,11,5,15,21,15,890,62,,,,Nuit sans éclairage public,Hors agglomération,Hors intersection,Normale,Sans collision,,,,,,,,,,,3,1,1,1.0,7.0
201100010785,0011-05-21 17:15:00,11,5,21,17,15,890,345,Carrefour de l'Avenue de,,,Plein jour,En agglomération,Intersection en X,Normale,Deux véhicules - côté,,,,,,,,,,,1,2,2,1.0,3.0
201100010786,0011-05-21 15:30:00,11,5,21,15,30,890,345,,,,Plein jour,Hors agglomération,Hors intersection,Normale,Trois véhicules et plus - en chaîne,,,,,,,,,,,1,1,1,1.0,4.0
201100010787,0011-05-31 06:15:00,11,5,31,6,15,890,276,,,,Crépuscule ou aube,Hors agglomération,Hors intersection,Temps couvert,Sans collision,,,,,,,,,,,2,1,1,8.0,7.0
201100010788,0011-07-05 05:45:00,11,7,5,5,45,890,61,,,,Plein jour,Hors agglomération,Hors intersection,Normale,Autre collision,,,,,,,,,,,1,1,1,1.0,6.0
201100010789,0011-08-17 17:15:00,11,8,17,17,15,890,439,Route de Vergigny,,,Plein jour,En agglomération,Hors intersection,Pluie légère,Deux véhicules - frontale,,,,,,,,,,,1,2,1,2.0,1.0
201100010790,0011-08-29 05:30:00,11,8,29,5,30,890,276,,,,Nuit avec éclairage allumé,Hors agglomération,Hors intersection,Normale,Autre collision,,,,,,,,,,,5,1,1,1.0,6.0
201100010791,0011-09-07 10:45:00,11,9,7,10,45,890,345,,,,Plein jour,Hors agglomération,Hors intersection,Temps couvert,Deux véhicules - frontale,,,,,,,,,,,1,1,1,8.0,1.0
201100010792,0011-10-02 07:15:00,11,10,2,7,15,890,345,,,,Crépuscule ou aube,Hors agglomération,Hors intersection,Normale,Sans collision,,,,,,,,,,,2,1,1,1.0,7.0
201100010793,0011-10-18 15:30:00,11,10,18,15,30,890,292,rue Albert Joly,,,Plein jour,En agglomération,Hors intersection,Normale,Deux véhicules - côté,,,,,,,,,,,1,2,1,1.0,3.0
201100010794,0011-10-30 03:15:00,11,10,30,3,15,890,292,,,,Nuit sans éclairage public,Hors agglomération,Hors intersection,Normale,Autre collision,,,,,,,,,,,3,1,1,1.0,6.0
201100010795,0011-12-23 17:30:00,11,12,23,17,30,890,101,,,,Nuit sans éclairage public,Hors agglomération,Hors intersection,Pluie légère,Autre collision,,,,,,,,,,,3,1,1,2.0,6.0
201100010796,0011-01-18 08:45:00,11,1,18,8,45,890,263,Sougeres sur Sinotte,,,Plein jour,Hors agglomération,Hors intersection,Normale,Deux véhicules - frontale,,,,,,,,,,,1,1,1,1.0,1.0
201100010797,0011-01-28 18:30:00,11,1,28,18,30,890,34,26 route nationale,47.822,3.726,Nuit avec éclairage allumé,En agglomération,Hors intersection,Normale,Autre collision,,,,,,,,,,,5,2,1,1.0,6.0
201100010798,0011-01-26 15:00:00,11,1,26,15,0,890,201,1 RUE DE SEIGNELAY,47.905,3.627,Plein jour,En agglomération,Hors intersection,Pluie légère,Autre collision,,,,,,,,,,,1,2,1,2.0,6.0
201100010799,0011-03-05 15:00:00,11,3,5,15,0,890,34,,,,Plein jour,Hors agglomération,Hors intersection,Normale,Sans collision,,,,,,,,,,,1,1,1,1.0,7.0
201100010800,0011-04-05 14:30:00,11,4,5,14,30,890,34,,,,Plein jour,Hors agglomération,Hors intersection,Normale,Deux véhicules - frontale,,,,,,,,,,,1,1,1,1.0,1.0
201100010801,0011-05-15 23:00:00,11,5,15,23,0,890,282,,47.943,3.565,Nuit sans éclairage public,Hors agglomération,Hors intersection,Normale,Autre collision,,,,,,,,,,,3,1,1,1.0,6.0
201100010802,0011-05-22 09:30:00,11,5,22,9,30,890,201,,47.92,3.627,Plein jour,Hors agglomération,Hors intersection,Normale,Autre collision,,,,,,,,,,,1,1,1,1.0,6.0
201100010803,0011-06-12 16:00:00,11,6,12,16,0,890,263,,47.867,3.578,Plein jour,Hors agglomération,Intersection en Y,Normale,Deux véhicules - côté,,,,,,,,,,,1,1,4,1.0,3.0
201100010804,0011-08-07 02:15:00,11,8,7,2,15,890,307,,47.892,3.711,Nuit sans éclairage public,Hors agglomération,Hors intersection,Normale,Deux véhicules - frontale,,,,,,,,,,,3,1,1,1.0,1.0
201100010805,0011-08-24 19:45:00,11,8,24,19,45,890,123,,,,Plein jour,Hors agglomération,Hors intersection,Normale,Sans collision,,,,,,,,,,,1,1,1,1.0,7.0
201100010806,0011-09-06 07:00:00,11,9,6,7,0,890,227,,47.936,3.769,Plein jour,Hors agglomération,Hors intersection,Normale,Deux véhicules - côté,,,,,,,,,,,1,1,1,1.0,3.0
201100010807,0011-11-09 19:00:00,11,11,9,19,0,890,263,,,,Nuit avec éclairage allumé,Hors agglomération,Hors intersection,Normale,Deux véhicules - frontale,,,,,,,,,,,5,1,1,1.0,1.0
201100010808,0011-11-22 07:45:00,11,11,22,7,45,890,263,,,,Crépuscule ou aube,Hors agglomération,Intersection en T,Normale,Deux véhicules - frontale,,,,,,,,,,,2,1,3,1.0,1.0
201100010809,0011-12-30 07:00:00,11,12,30,7,0,890,198,,47.878,3.591,Nuit sans éclairage public,Hors agglomération,Hors intersection,Normale,Autre collision,,,,,,,,,,,3,1,1,1.0,6.0
201100010810,0011-03-05 20:00:00,11,3,5,20,0,890,220,8 grande rue,47.601,2.99,Nuit avec éclairage allumé,En agglomération,Hors intersection,Normale,Deux véhicules - frontale,,,,,,,,,,,5,2,1,1.0,1.0
201100010811,0011-03-23 09:00:00,11,3,23,9,0,890,147,,,,Plein jour,Hors agglomération,Intersection en X,Temps éblouissant,Deux véhicules - côté,,,,,,,,,,,1,1,2,7.0,3.0
201100010812,0011-05-23 01:00:00,11,5,23,1,0,890,254,,47.71,3.185,Nuit sans éclairage public,Hors agglomération,Hors intersection,Normale,Autre collision,,,,,,,,,,,3,1,1,1.0,6.0
201100010813,0011-05-30 11:00:00,11,5,30,11,0,890,400,,47.564,3.329,Plein jour,Hors agglomération,Intersection en X,Normale,Deux véhicules - côté,,,,,,,,,,,1,1,2,1.0,3.0
201100010814,0011-06-12 10:45:00,11,6,12,10,45,890,273,,47.603,3.192,Plein jour,Hors agglomération,Hors intersection,Normale,Sans collision,,,,,,,,,,,1,1,1,1.0,7.0
201100010815,0011-06-15 15:45:00,11,6,15,15,45,890,344,,47.647,3.086,Plein jour,Hors agglomération,Hors intersection,Normale,Deux véhicules - frontale,,,,,,,,,,,1,1,1,1.0,1.0
201100010816,0011-06-26 14:30:00,11,6,26,14,30,890,254,,,,Plein jour,Hors agglomération,Hors intersection,Normale,Sans collision,,,,,,,,,,,1,1,1,1.0,7.0
201100010817,0011-07-31 14:45:00,11,7,31,14,45,890,365,,47.72,3.001,Plein jour,Hors agglomération,Hors intersection,Normale,Deux véhicules - côté,,,,,,,,,,,1,1,1,1.0,3.0
201100010818,0011-08-17 20:15:00,11,8,17,20,15,890,419,,47.738,3.317,Plein jour,Hors agglomération,Hors intersection,Normale,Sans collision,,,,,,,,,,,1,1,1,1.0,7.0
201100010819,0011-09-30 16:00:00,11,9,30,16,0,890,408,Route de Champignelles,47.742,3.123,Plein jour,En agglomération,Hors intersection,Normale,Deux véhicules - côté,,,,,,,,,,,1,2,1,1.0,3.0
201100010820,0011-10-28 19:45:00,11,10,28,19,45,890,344,,47.629,3.044,Nuit sans éclairage public,Hors agglomération,Hors intersection,Normale,Autre collision,,,,,,,,,,,3,1,1,1.0,6.0
201100010821,0011-11-02 12:45:00,11,11,2,12,45,890,408,,47.747,3.172,Plein jour,Hors agglomération,Intersection en X,Normale,Deux véhicules - côté,,,,,,,,,,,1,1,2,1.0,3.0
201100010822,0011-12-12 08:00:00,11,12,12,8,0,890,420,,,,Crépuscule ou aube,Hors agglomération,Hors intersection,Normale,Deux véhicules - frontale,,,,,,,,,,,2,1,1,1.0,1.0
201100010823,0011-02-13 17:00:00,11,2,13,17,0,890,25,"CD427, hameau Méluzien",,,Plein jour,En agglomération,Hors intersection,Normale,Deux véhicules - frontale,,,,,,,,,,,1,2,1,1.0,1.0
201100010824,0011-02-16 08:15:00,11,2,16,8,15,890,446,CD951 Route de Clamecy,,,Plein jour,En agglomération,Hors intersection,Normale,Deux véhicules - frontale,,,,,,,,,,,1,2,1,1.0,1.0
201100010825,0011-02-16 20:45:00,11,2,16,20,45,890,159,,,,Nuit sans éclairage public,Hors agglomération,Intersection en T,Normale,Deux véhicules - côté,,,,,,,,,,,3,1,3,1.0,3.0
201100010826,0011-03-21 12:45:00,11,3,21,12,45,890,71,,,,Plein jour,Hors agglomération,Hors intersection,Normale,Autre collision,,,,,,,,,,,1,1,1,1.0,6.0
201100010827,0011-03-21 15:45:00,11,3,21,15,45,890,347,,,,Plein jour,Hors agglomération,Hors intersection,Normale,Sans collision,,,,,,,,,,,1,1,1,1.0,7.0
201100010828,0011-04-25 07:15:00,11,4,25,7,15,890,203,,,,Plein jour,Hors agglomération,Hors intersection,Normale,Autre collision,,,,,,,,,,,1,1,1,1.0,6.0
201100010829,0011-05-28 14:00:00,11,5,28,14,0,890,25,Route de PARIS,,,Plein jour,En agglomération,Hors intersection,Normale,Deux véhicules - arrière,,,,,,,,,,,1,2,1,1.0,2.0
201100010830,0011-06-04 16:15:00,11,6,4,16,15,890,25,,,,Plein jour,Hors agglomération,Hors intersection,Normale,Sans collision,,,,,,,,,,,1,1,1,1.0,7.0
201100010831,0011-07-04 23:45:00,11,7,4,23,45,890,362,,,,Nuit sans éclairage public,Hors agglomération,Hors intersection,Normale,Autre collision,,,,,,,,,,,3,1,1,1.0,6.0
201100010832,0011-07-20 21:00:00,11,7,20,21,0,890,25,CD606,,,Plein jour,En agglomération,Intersection en X,Temps couvert,Deux véhicules - côté,,,,,,,,,,,1,2,2,8.0,3.0
201100010833,0011-07-28 11:15:00,11,7,28,11,15,890,203,,,,Plein jour,Hors agglomération,Hors intersection,Normale,Sans collision,,,,,,,,,,,1,1,1,1.0,7.0
201100010834,0011-08-28 11:00:00,11,8,28,11,0,890,25,,,,Plein jour,En agglomération,Hors intersection,Normale,Deux véhicules - arrière,,,,,,,,,,,1,2,1,1.0,2.0
201100010835,0011-09-24 11:00:00,11,9,24,11,0,890,446,,,,Plein jour,Hors agglomération,Hors intersection,Normale,Sans collision,,,,,,,,,,,1,1,1,1.0,7.0
201100010836,0011-09-26 19:30:00,11,9,26,19,30,890,159,,,,Plein jour,Hors agglomération,Hors intersection,Normale,Sans collision,,,,,,,,,,,1,1,1,1.0,7.0
201100010837,0011-10-08 14:30:00,11,10,8,14,30,890,485,D606,,,Plein jour,En agglomération,Hors intersection,Normale,Autre collision,,,,,,,,,,,1,2,1,1.0,6.0
201100010838,0011-10-11 18:45:00,11,10,11,18,45,890,347,Route de la messagerie,,,Plein jour,En agglomération,Hors intersection,Normale,Deux véhicules - frontale,,,,,,,,,,,1,2,1,1.0,1.0
201100010839,0011-10-22 20:15:00,11,10,22,20,15,890,349,D60,,,Nuit avec éclairage allumé,En agglomération,Hors intersection,Normale,Autre collision,,,,,,,,,,,5,2,1,1.0,6.0
201100010840,0011-12-19 15:15:00,11,12,19,15,15,890,409,,,,Plein jour,Hors agglomération,Hors intersection,Normale,Deux véhicules - frontale,,,,,,,,,,,1,1,1,1.0,1.0
201100010841,0011-12-27 08:00:00,11,12,27,8,0,890,378,,,,Crépuscule ou aube,Hors agglomération,Hors intersection,Brouillard / fumée,Deux véhicules - frontale,,,,,,,,,,,2,1,1,5.0,1.0
201100010842,0011-02-28 10:30:00,11,2,28,10,30,890,381,,,,Plein jour,Hors agglomération,Intersection en T,Normale,Sans collision,,,,,,,,,,,1,1,3,1.0,7.0
201100010843,0011-06-10 09:45:00,11,6,10,9,45,890,246,,,,Plein jour,Hors agglomération,Hors intersection,Pluie légère,Sans collision,,,,,,,,,,,1,1,1,2.0,7.0
201100010844,0011-08-06 14:45:00,11,8,6,14,45,890,316,,,,Plein jour,Hors agglomération,Hors intersection,Pluie forte,Deux véhicules - frontale,,,,,,,,,,,1,1,1,3.0,1.0
201100010845,0011-08-13 19:00:00,11,8,13,19,0,890,312,,,,Plein jour,Hors agglomération,Hors intersection,Normale,Autre collision,,,,,,,,,,,1,1,1,1.0,6.0
201100010846,0011-09-03 18:30:00,11,9,3,18,30,890,303,Route de Noyers - CD45,,,Plein jour,En agglomération,Hors intersection,Normale,Autre collision,,,,,,,,,,,1,2,1,1.0,6.0
201100010847,0011-09-17 13:45:00,11,9,17,13,45,890,64,,,,Plein jour,Hors agglomération,Intersection en X,Normale,Deux véhicules - côté,,,,,,,,,,,1,1,2,1.0,3.0
201100010848,0011-11-10 23:30:00,11,11,10,23,30,890,351,,,,Nuit sans éclairage public,Hors agglomération,Hors intersection,Normale,Sans collision,,,,,,,,,,,3,1,1,1.0,7.0
201100010849,0011-11-17 09:15:00,11,11,17,9,15,890,134,,,,Plein jour,Hors agglomération,Hors intersection,Normale,Deux véhicules - côté,,,,,,,,,,,1,1,1,1.0,3.0
201100010850,0011-01-08 10:00:00,11,1,8,10,0,890,206,,,,Plein jour,Hors agglomération,Hors intersection,Normale,Autre collision,,,,,,,,,,,1,1,1,1.0,6.0