accident_id,datetime,annee,mois,jour,heure,minute,departement,commune_insee,adresse,latitude,longitude,luminosite,agglomeration,intersection,meteo,collision,nb_vehicules,nb_usagers,nb_indemnes,nb_tues,nb_blesses_hosp,nb_blesses_legers,age_cond_1,age_cond_2,veh_type_cond_1,veh_type_cond_2,lum_code,agg_code,int_code,atm_code,col_code
201100010985,0011-05-22 21:00:00,11,5,22,21,0,250,127,,47.202,6.838,Crépuscule ou aube,Hors agglomération,Hors intersection,Normale,Autre collision,,,,,,,,,,,2,1,1,1.0,6.0
201100010986,0011-05-25 13:45:00,11,5,25,13,45,250,193,,47.252,6.875,Plein jour,Hors agglomération,Hors intersection,Normale,Trois véhicules et plus - collisions multiples,,,,,,,,,,,1,1,1,1.0,5.0
201100010987,0011-06-19 11:30:00,11,6,19,11,30,250,356,,,,Plein jour,Hors agglomération,Hors intersection,Pluie légère,Deux véhicules - frontale,,,,,,,,,,,1,1,1,2.0,1.0
201100010988,0011-04-24 07:15:00,11,4,24,7,15,250,370,Rue de l'europe,47.432,6.783,Crépuscule ou aube,En agglomération,Giratoire,Normale,Autre collision,,,,,,,,,,,2,2,6,1.0,6.0
201100010989,0011-05-22 15:45:00,11,5,22,15,45,250,519,,47.299,6.81,Plein jour,Hors agglomération,Hors intersection,Normale,Autre collision,,,,,,,,,,,1,1,1,1.0,6.0
201100010990,0011-07-17 23:30:00,11,7,17,23,30,250,33,,47.391,6.815,Nuit sans éclairage public,Hors agglomération,Hors intersection,Pluie légère,Autre collision,,,,,,,,,,,3,1,1,2.0,6.0
201100010991,0011-08-04 22:45:00,11,8,4,22,45,250,463,15 Rue du Moulin,47.397,6.766,Nuit avec éclairage allumé,En agglomération,Hors intersection,Normale,Autre collision,,,,,,,,,,,5,2,1,1.0,6.0
201100010992,0011-08-08 14:00:00,11,8,8,14,0,250,519,,47.327,6.817,Plein jour,Hors agglomération,Hors intersection,Temps couvert,Sans collision,,,,,,,,,,,1,1,1,8.0,7.0
201100010993,0011-08-17 17:15:00,11,8,17,17,15,250,591,,47.36,6.917,Plein jour,Hors agglomération,Hors intersection,Normale,Autre collision,,,,,,,,,,,1,1,1,1.0,6.0
201100010994,0011-08-27 11:15:00,11,8,27,11,15,250,591,,47.347,6.951,Plein jour,Hors agglomération,Hors intersection,Pluie légère,Sans collision,,,,,,,,,,,1,1,1,2.0,7.0
201100010995,0011-08-28 12:30:00,11,8,28,12,30,250,387,,47.292,6.819,Plein jour,Hors agglomération,Hors intersection,Normale,Autre collision,,,,,,,,,,,1,1,1,1.0,6.0
201100010996,0011-10-02 16:30:00,11,10,2,16,30,250,452,,47.373,6.823,Plein jour,Hors agglomération,Hors intersection,Normale,Deux véhicules - frontale,,,,,,,,,,,1,1,1,1.0,1.0
201100010997,0011-01-20 17:15:00,11,1,20,17,15,250,384,,,,Crépuscule ou aube,Hors agglomération,Hors intersection,Neige / grêle,Deux véhicules - frontale,,,,,,,,,,,2,1,1,4.0,1.0
201100010998,0011-02-11 21:30:00,11,2,11,21,30,250,166,,,,Nuit sans éclairage public,Hors agglomération,Hors intersection,Normale,Autre collision,,,,,,,,,,,3,1,1,1.0,6.0
201100010999,0011-06-08 18:15:00,11,6,8,18,15,250,446,,,,Plein jour,Hors agglomération,Hors intersection,Normale,Deux véhicules - côté,,,,,,,,,,,1,1,1,1.0,3.0
201100011000,0011-06-16 19:30:00,11,6,16,19,30,250,556,,,,Plein jour,Hors agglomération,Hors intersection,Temps couvert,Autre collision,,,,,,,,,,,1,1,1,8.0,6.0
201100011001,0011-06-18 02:45:00,11,6,18,2,45,250,570,,,,Nuit sans éclairage public,Hors agglomération,Hors intersection,Pluie légère,Sans collision,,,,,,,,,,,3,1,1,2.0,7.0
201100011002,0011-06-20 15:15:00,11,6,20,15,15,250,47,7 RUE DE LA PRAIRIE,,,Plein jour,En agglomération,Hors intersection,Normale,Autre collision,,,,,,,,,,,1,2,1,1.0,6.0
201100011003,0011-06-18 20:45:00,11,6,18,20,45,250,47,avenue de VERDUN,,,Crépuscule ou aube,En agglomération,Hors intersection,Normale,Trois véhicules et plus - collisions multiples,,,,,,,,,,,2,2,1,1.0,5.0
201100011004,0011-10-04 18:15:00,11,10,4,18,15,250,32,,,,Plein jour,Hors agglomération,Hors intersection,Normale,Deux véhicules - frontale,,,,,,,,,,,1,1,1,1.0,1.0
201100011005,0011-06-15 15:30:00,11,6,15,15,30,250,156,rue de Moustier,47.399,6.502,Plein jour,En agglomération,Intersection en X,Normale,Deux véhicules - côté,,,,,,,,,,,1,2,2,1.0,3.0
201100011006,0011-07-24 10:30:00,11,7,24,10,30,250,394,,,,Plein jour,Hors agglomération,Hors intersection,Pluie légère,Autre collision,,,,,,,,,,,1,1,1,2.0,6.0
201100011007,0011-08-22 14:00:00,11,8,22,14,0,250,22,,47.518,6.67,Plein jour,Hors agglomération,Hors intersection,Normale,Deux véhicules - frontale,,,,,,,,,,,1,1,1,1.0,1.0
201100011008,0011-11-13 20:00:00,11,11,13,20,0,250,156,,47.401,6.507,Nuit sans éclairage public,Hors agglomération,Hors intersection,Normale,Trois véhicules et plus - collisions multiples,,,,,,,,,,,3,1,1,1.0,5.0
201100011009,0011-12-09 19:00:00,11,12,9,19,0,250,18,lieu dit GLAINANS,47.382,6.585,Nuit sans éclairage public,En agglomération,Hors intersection,Pluie forte,Deux véhicules - côté,,,,,,,,,,,3,2,1,3.0,3.0
201100011010,0011-03-10 17:30:00,11,3,10,17,30,250,468,,,,Plein jour,Hors agglomération,Hors intersection,Normale,Deux véhicules - frontale,,,,,,,,,,,1,1,1,1.0,1.0
201100011011,0011-03-20 15:30:00,11,3,20,15,30,250,14,Rue de Besan?on,,,Plein jour,En agglomération,Hors intersection,Normale,Trois véhicules et plus - collisions multiples,,,,,,,,,,,1,2,1,1.0,5.0
201100011012,0011-04-02 18:30:00,11,4,2,18,30,250,495,Route Nationale,,,Plein jour,En agglomération,Hors intersection,Normale,Deux véhicules - côté,,,,,,,,,,,1,2,1,1.0,3.0
201100011013,0011-04-07 22:30:00,11,4,7,22,30,250,430,,,,Nuit sans éclairage public,Hors agglomération,Hors intersection,Normale,Deux véhicules - frontale,,,,,,,,,,,3,1,1,1.0,1.0
201100011014,0011-04-21 20:00:00,11,4,21,20,0,250,86,,,,Crépuscule ou aube,Hors agglomération,Hors intersection,Normale,Deux véhicules - frontale,,,,,,,,,,,2,1,1,1.0,1.0
201100011015,0011-05-15 15:15:00,11,5,15,15,15,250,508,,,,Plein jour,Hors agglomération,Hors intersection,Normale,Sans collision,,,,,,,,,,,1,1,1,1.0,7.0
201100011016,0011-01-30 17:30:00,11,1,30,17,30,250,39,,,,Crépuscule ou aube,Hors agglomération,Hors intersection,Normale,Deux véhicules - côté,,,,,,,,,,,2,1,1,1.0,3.0
201100011017,0011-02-28 17:15:00,11,2,28,17,15,250,39,,,,Plein jour,Hors agglomération,Hors intersection,Temps couvert,Deux véhicules - arrière,,,,,,,,,,,1,1,1,8.0,2.0
201100011018,0011-04-03 02:15:00,11,4,3,2,15,250,432,27 grande rue,,,Nuit avec éclairage allumé,En agglomération,Hors intersection,Normale,Deux véhicules - côté,,,,,,,,,,,5,2,1,1.0,3.0
201100011019,0011-05-05 17:15:00,11,5,5,17,15,250,432,,,,Plein jour,Hors agglomération,Hors intersection,Normale,Deux véhicules - côté,,,,,,,,,,,1,1,1,1.0,3.0
201100011020,0011-05-21 12:30:00,11,5,21,12,30,250,424,,,,Plein jour,Hors agglomération,Hors intersection,Normale,Deux véhicules - côté,,,,,,,,,,,1,1,1,1.0,3.0
201100011021,0011-05-26 02:00:00,11,5,26,2,0,250,349,,,,Nuit sans éclairage public,Hors agglomération,Hors intersection,Normale,Autre collision,,,,,,,,,,,3,1,1,1.0,6.0
201100011022,0011-06-10 15:30:00,11,6,10,15,30,250,222,,,,Plein jour,Hors agglomération,Hors intersection,Normale,Trois véhicules et plus - collisions multiples,,,,,,,,,,,1,1,1,1.0,5.0
201100011023,0011-06-30 17:00:00,11,6,30,17,0,250,301,,,,Plein jour,Hors agglomération,Hors intersection,Normale,Deux véhicules - côté,,,,,,,,,,,1,1,1,1.0,3.0
201100011024,0011-09-02 00:01:00,11,9,2,0,1,250,578,,,,Nuit sans éclairage public,Hors agglomération,Hors intersection,Normale,Autre collision,,,,,,,,,,,3,1,1,1.0,6.0
201100011025,0011-09-28 06:15:00,11,9,28,6,15,250,301,,,,Nuit sans éclairage public,Hors agglomération,Intersection en T,Normale,Deux véhicules - frontale,,,,,,,,,,,3,1,3,1.0,1.0
201100011026,0011-10-01 14:45:00,11,10,1,14,45,250,600,,,,Plein jour,Hors agglomération,Hors intersection,Normale,Autre collision,,,,,,,,,,,1,1,1,1.0,6.0
201100011027,0011-10-13 17:00:00,11,10,13,17,0,250,578,Rue du stade,,,Plein jour,En agglomération,Hors intersection,Temps éblouissant,Autre collision,,,,,,,,,,,1,2,1,7.0,6.0
201100011028,0011-10-25 16:15:00,11,10,25,16,15,250,601,,,,Plein jour,Hors agglomération,Hors intersection,Normale,Deux véhicules - côté,,,,,,,,,,,1,1,1,1.0,3.0
201100011029,0011-11-13 03:00:00,11,11,13,3,0,250,601,,,,Nuit sans éclairage public,Hors agglomération,Hors intersection,Normale,Autre collision,,,,,,,,,,,3,1,1,1.0,6.0
201100011030,0011-11-19 01:30:00,11,11,19,1,30,250,432,,,,Nuit sans éclairage public,Hors agglomération,Hors intersection,Normale,Autre collision,,,,,,,,,,,3,1,1,1.0,6.0
201100011031,0011-12-10 16:30:00,11,12,10,16,30,250,262,Grande rue,,,Plein jour,En agglomération,Hors intersection,Pluie forte,Deux véhicules - frontale,,,,,,,,,,,1,2,1,3.0,1.0
201100011032,0011-01-13 14:00:00,11,1,13,14,0,250,440,,,,Plein jour,Hors agglomération,Hors intersection,Pluie légère,Deux véhicules - côté,,,,,,,,,,,1,1,1,2.0,3.0
201100011033,0011-01-17 12:30:00,11,1,17,12,30,250,100,,,,Plein jour,Hors agglomération,Intersection en X,Normale,Deux véhicules - côté,,,,,,,,,,,1,1,2,1.0,3.0
201100011034,0011-02-08 06:15:00,11,2,8,6,15,250,440,,,,Nuit sans éclairage public,Hors agglomération,Hors intersection,Normale,Deux véhicules - frontale,,,,,,,,,,,3,1,1,1.0,1.0
201100011035,0011-03-25 17:30:00,11,3,25,17,30,250,334,,,,Plein jour,Hors agglomération,Hors intersection,Normale,Autre collision,,,,,,,,,,,1,1,1,1.0,6.0
201100011036,0011-04-16 19:15:00,11,4,16,19,15,250,157,,46.877,6.392,Plein jour,Hors agglomération,Hors intersection,Normale,Deux véhicules - frontale,,,,,,,,,,,1,1,1,1.0,1.0
201100011037,0011-06-05 02:45:00,11,6,5,2,45,250,634,,46.94,6.32,Nuit sans éclairage public,Hors agglomération,Hors intersection,Pluie légère,Autre collision,,,,,,,,,,,3,1,1,2.0,6.0
201100011038,0011-06-23 18:15:00,11,6,23,18,15,250,157,Lieu dit Le Frambourg,,,Plein jour,En agglomération,Intersection en T,Normale,Deux véhicules - côté,,,,,,,,,,,1,2,3,1.0,3.0
201100011039,0011-06-24 22:45:00,11,6,24,22,45,250,493,,46.873,6.245,Nuit sans éclairage public,Hors agglomération,Hors intersection,Normale,Deux véhicules - frontale,,,,,,,,,,,3,1,1,1.0,1.0
201100011040,0011-07-11 16:45:00,11,7,11,16,45,250,334,,46.944,6.116,Plein jour,Hors agglomération,Hors intersection,Normale,Autre collision,,,,,,,,,,,1,1,1,1.0,6.0
201100011041,0011-07-17 04:45:00,11,7,17,4,45,250,259,,46.865,6.145,Nuit sans éclairage public,Hors agglomération,Hors intersection,Pluie forte,Autre collision,,,,,,,,,,,3,1,1,3.0,6.0
201100011042,0011-07-22 19:30:00,11,7,22,19,30,250,627,,,,Plein jour,Hors agglomération,Hors intersection,Pluie légère,Autre collision,,,,,,,,,,,1,1,1,2.0,6.0
201100011043,0011-07-24 13:30:00,11,7,24,13,30,250,609,,46.887,6.424,Plein jour,Hors agglomération,Hors intersection,Normale,Autre collision,,,,,,,,,,,1,1,1,1.0,6.0
201100011044,0011-07-26 19:15:00,11,7,26,19,15,250,634,,46.937,6.368,Plein jour,Hors agglomération,Hors intersection,Normale,Trois véhicules et plus - collisions multiples,,,,,,,,,,,1,1,1,1.0,5.0
201100011045,0011-09-07 06:00:00,11,9,7,6,0,250,29,,,,Nuit sans éclairage public,Hors agglomération,Autre intersection,Normale,Deux véhicules - frontale,,,,,,,,,,,3,1,9,1.0,1.0
201100011046,0011-10-02 18:15:00,11,10,2,18,15,250,627,,,,Plein jour,Hors agglomération,Hors intersection,Normale,Sans collision,,,,,,,,,,,1,1,1,1.0,7.0
201100011047,0011-10-20 14:45:00,11,10,20,14,45,250,29,,47.046,6.345,Plein jour,Hors agglomération,Hors intersection,Normale,Deux véhicules - frontale,,,,,,,,,,,1,1,1,1.0,1.0
201100011048,0011-10-23 03:45:00,11,10,23,3,45,250,110,,,,Nuit sans éclairage public,Hors agglomération,Hors intersection,Normale,Sans collision,,,,,,,,,,,3,1,1,1.0,7.0
201100011049,0011-02-17 20:15:00,11,2,17,20,15,250,405,2 rue du Bois Murat,,,Nuit avec éclairage allumé,En agglomération,Hors intersection,Pluie légère,Autre collision,,,,,,,,,,,5,2,1,2.0,6.0
201100011050,0011-03-09 17:15:00,11,3,9,17,15,250,494,,,,Plein jour,Hors agglomération,Hors intersection,Normale,Autre collision,,,,,,,,,,,1,1,1,1.0,6.0
201100011051,0011-04-25 17:30:00,11,4,25,17,30,250,308,,,,Plein jour,Hors agglomération,Hors intersection,Normale,Sans collision,,,,,,,,,,,1,1,1,1.0,7.0
201100011052,0011-06-16 04:45:00,11,6,16,4,45,250,318,,,,Crépuscule ou aube,Hors agglomération,Hors intersection,Normale,Deux véhicules - côté,,,,,,,,,,,2,1,1,1.0,3.0
201100011053,0011-07-03 18:45:00,11,7,3,18,45,250,405,,,,Plein jour,Hors agglomération,Hors intersection,Normale,Deux véhicules - côté,,,,,,,,,,,1,1,1,1.0,3.0
201100011054,0011-09-15 22:00:00,11,9,15,22,0,250,534,,,,Nuit sans éclairage public,Hors agglomération,Hors intersection,Normale,Autre collision,,,,,,,,,,,3,1,1,1.0,6.0
201100011055,0011-09-20 17:30:00,11,9,20,17,30,250,320,Carrefour du coude,,,Plein jour,En agglomération,Intersection en X,Normale,Deux véhicules - côté,,,,,,,,,,,1,2,2,1.0,3.0
201100011056,0011-10-05 10:45:00,11,10,5,10,45,250,131,,,,Plein jour,Hors agglomération,Hors intersection,Normale,Autre collision,,,,,,,,,,,1,1,1,1.0,6.0
201100011057,0011-10-06 15:00:00,11,10,6,15,0,250,320,,,,Plein jour,Hors agglomération,Hors intersection,Normale,Autre collision,,,,,,,,,,,1,1,1,1.0,6.0
201100011058,0011-01-06 20:00:00,11,1,6,20,0,250,512,,,,Nuit sans éclairage public,Hors agglomération,Hors intersection,Pluie légère,Deux véhicules - frontale,,,,,,,,,,,3,1,1,2.0,1.0
201100011059,0011-02-21 07:45:00,11,2,21,7,45,250,321,,47.083,6.689,Plein jour,Hors agglomération,Hors intersection,Neige / grêle,Deux véhicules - frontale,,,,,,,,,,,1,1,1,4.0,1.0
201100011060,0011-04-01 06:30:00,11,4,1,6,30,250,411,,47.12,6.619,Crépuscule ou aube,Hors agglomération,Hors intersection,Normale,Autre collision,,,,,,,,,,,2,1,1,1.0,6.0
201100011061,0011-04-15 17:45:00,11,4,15,17,45,250,148,,47.116,6.693,Plein jour,Hors agglomération,Hors intersection,Normale,Deux véhicules - côté,,,,,,,,,,,1,1,1,1.0,3.0
201100011062,0011-06-03 14:15:00,11,6,3,14,15,250,160,,,,Plein jour,Hors agglomération,Hors intersection,Normale,Deux véhicules - frontale,,,,,,,,,,,1,1,1,1.0,1.0
201100011063,0011-07-08 19:15:00,11,7,8,19,15,250,240,rue de la gypserie,,,Plein jour,Hors agglomération,Hors intersection,Normale,Deux véhicules - frontale,,,,,,,,,,,1,1,1,1.0,1.0
201100011064,0011-07-26 15:30:00,11,7,26,15,30,250,411,"36, rue Victor Hugo",,,Plein jour,En agglomération,Hors intersection,Normale,Autre collision,,,,,,,,,,,1,2,1,1.0,6.0
201100011065,0011-08-02 14:30:00,11,8,2,14,30,250,421,,,,Plein jour,Hors agglomération,Hors intersection,Normale,Sans collision,,,,,,,,,,,1,1,1,1.0,7.0
201100011066,0011-10-24 05:30:00,11,10,24,5,30,250,321,,,,Nuit sans éclairage public,Hors agglomération,Hors intersection,Autre,Autre collision,,,,,,,,,,,3,1,1,9.0,6.0
201100011067,0011-10-28 22:30:00,11,10,28,22,30,250,620,,47.019,6.482,Nuit sans éclairage public,Hors agglomération,Hors intersection,Normale,Trois véhicules et plus - collisions multiples,,,,,,,,,,,3,1,1,1.0,5.0
201100011068,0011-10-30 18:45:00,11,10,30,18,45,250,248,,,,Nuit sans éclairage public,Hors agglomération,Hors intersection,Normale,Trois véhicules et plus - collisions multiples,,,,,,,,,,,3,1,1,1.0,5.0
201100011069,0011-11-03 13:30:00,11,11,3,13,30,250,411,23 rue bois soleil,,,Plein jour,En agglomération,Hors intersection,Normale,Autre collision,,,,,,,,,,,1,2,1,1.0,6.0
201100011070,0011-11-04 14:30:00,11,11,4,14,30,250,620,,,,Plein jour,Hors agglomération,Hors intersection,Pluie légère,Deux véhicules - côté,,,,,,,,,,,1,1,1,2.0,3.0
201100011071,0011-11-19 11:45:00,11,11,19,11,45,250,240,,,,Plein jour,Hors agglomération,Hors intersection,Normale,Sans collision,,,,,,,,,,,1,1,1,1.0,7.0
201100011072,0011-01-07 13:35:00,11,1,7,13,35,40,70,CHAMPTERCIER (RTE DE),,,Plein jour,En agglomération,Hors intersection,Normale,Deux véhicules - frontale,,,,,,,,,,,1,2,1,1.0,1.0
201100011073,0011-01-21 10:00:00,11,1,21,10,0,40,70,NOEL (AV. DU COL.),,,Plein jour,En agglomération,Hors intersection,Normale,Deux véhicules - côté,,,,,,,,,,,1,2,1,1.0,3.0
201100011074,0011-03-28 08:00:00,11,3,28,8,0,40,70,"1, GUTTEMBERG (R.)",,,Plein jour,En agglomération,Hors intersection,Normale,Autre collision,,,,,,,,,,,1,2,1,1.0,6.0
201100011075,0011-04-23 23:45:00,11,4,23,23,45,40,70,"89, HUGO (BD..V)",,,Nuit avec éclairage allumé,En agglomération,Hors intersection,Normale,Autre collision,,,,,,,,,,,5,2,1,1.0,6.0
201100011076,0011-05-03 13:55:00,11,5,3,13,55,40,70,MARSEILLE (RTE DE),,,Plein jour,En agglomération,Giratoire,Normale,Autre collision,,,,,,,,,,,1,2,6,1.0,6.0
201100011077,0011-06-07 16:00:00,11,6,7,16,0,40,70,"01, CORDELIERS (PL. DES)",,,Plein jour,En agglomération,Hors intersection,Normale,Sans collision,,,,,,,,,,,1,2,1,1.0,7.0
201100011078,0011-06-27 19:50:00,11,6,27,19,50,40,70,"19, THIERS (BD)",,,Plein jour,En agglomération,Hors intersection,Normale,Autre collision,,,,,,,,,,,1,2,1,1.0,6.0
201100011079,0011-07-26 06:00:00,11,7,26,6,0,40,70,RN 85,,,Crépuscule ou aube,En agglomération,Giratoire,Normale,Deux véhicules - côté,,,,,,,,,,,2,2,6,1.0,3.0
201100011080,0011-09-14 12:45:00,11,9,14,12,45,40,70,"01, MOULIN (R. J.)",,,Plein jour,En agglomération,Giratoire,Normale,Deux véhicules - arrière,,,,,,,,,,,1,2,6,1.0,2.0
201100011081,0011-11-28 17:45:00,11,11,28,17,45,40,70,"12, JUIN (AV. MAR.)",,,Nuit sans éclairage public,En agglomération,Hors intersection,Normale,Deux véhicules - côté,,,,,,,,,,,3,2,1,1.0,3.0
201100011082,0011-12-11 01:36:00,11,12,11,1,36,40,70,PELISSIER (rue Simone),,,Nuit sans éclairage public,En agglomération,Hors intersection,Normale,Sans collision,,,,,,,,,,,3,2,1,1.0,7.0
201100011083,0011-01-24 21:15:00,11,1,24,21,15,390,66,,46.608,5.549,Nuit sans éclairage public,Hors agglomération,Hors intersection,Normale,Sans collision,,,,,,,,,,,3,1,1,1.0,7.0
201100011084,0011-02-22 19:30:00,11,2,22,19,30,390,327,,46.659,5.512,Nuit sans éclairage public,Hors agglomération,Hors intersection,Normale,Trois véhicules et plus - collisions multiples,,,,,,,,,,,3,1,1,1.0,5.0
201100011085,0011-05-07 01:00:00,11,5,7,1,0,390,251,Devant le CFA,,,Nuit avec éclairage allumé,En agglomération,Hors intersection,Normale,Autre collision,,,,,,,,,,,5,2,1,1.0,6.0
201100011086,0011-05-11 18:15:00,11,5,11,18,15,390,558,"RD 39, PK 2.5",,,Plein jour,En agglomération,Hors intersection,Normale,Deux véhicules - frontale,,,,,,,,,,,1,2,1,1.0,1.0
201100011087,0011-06-05 12:00:00,11,6,5,12,0,390,519,,,,Plein jour,Hors agglomération,Hors intersection,Normale,Deux véhicules - frontale,,,,,,,,,,,1,1,1,1.0,1.0
201100011088,0011-08-08 20:15:00,11,8,8,20,15,390,171,,,,Nuit sans éclairage public,En agglomération,Hors intersection,Normale,Deux véhicules - côté,,,,,,,,,,,3,2,1,1.0,3.0
201100011089,0011-09-10 17:30:00,11,9,10,17,30,390,61,,,,Plein jour,Hors agglomération,Intersection en X,Normale,Deux véhicules - arrière,,,,,,,,,,,1,1,2,1.0,2.0
201100011090,0011-11-07 19:15:00,11,11,7,19,15,390,154,,,,Nuit sans éclairage public,Hors agglomération,Hors intersection,Pluie légère,Autre collision,,,,,,,,,,,3,1,1,2.0,6.0
201100011091,0011-09-12 22:30:00,11,9,12,22,30,390,468,,,,Nuit sans éclairage public,Hors agglomération,Hors intersection,Normale,Autre collision,,,,,,,,,,,3,1,1,1.0,6.0
201100011092,0011-01-01 06:00:00,11,1,1,6,0,390,167,RD 470,46.74,5.37,Nuit sans éclairage public,En agglomération,Hors intersection,Normale,Autre collision,,,,,,,,,,,3,2,1,1.0,6.0
201100011093,0011-03-25 11:45:00,11,3,25,11,45,390,582,ROUTE DE LONS LE SAUNIER,46.756,5.611,Plein jour,En agglomération,Hors intersection,Normale,Deux véhicules - arrière,,,,,,,,,,,1,2,1,1.0,2.0
201100011094,0011-06-11 16:15:00,11,6,11,16,15,390,167,,,,Plein jour,Hors agglomération,Hors intersection,Normale,Deux véhicules - côté,,,,,,,,,,,1,1,1,1.0,3.0
201100011095,0011-09-23 17:00:00,11,9,23,17,0,390,56,48 RUE LOUIS LE GRAND,46.751,5.455,Plein jour,En agglomération,Hors intersection,Normale,Autre collision,,,,,,,,,,,1,2,1,1.0,6.0
201100011096,0011-11-22 08:45:00,11,11,22,8,45,390,553,route de voiteur,46.735,5.593,Plein jour,En agglomération,Hors intersection,Normale,Deux véhicules - côté,,,,,,,,,,,1,2,1,1.0,3.0
201100011097,0011-11-30 17:15:00,11,11,30,17,15,390,471,,46.721,5.474,Crépuscule ou aube,Hors agglomération,Hors intersection,Normale,Deux véhicules - côté,,,,,,,,,,,2,1,1,1.0,3.0
201100011098,0011-12-23 11:30:00,11,12,23,11,30,390,56,82 RUE LOUIS LE GRAND,46.75,5.453,Plein jour,En agglomération,Hors intersection,Temps couvert,Deux véhicules - frontale,,,,,,,,,,,1,2,1,8.0,1.0
201100011099,0011-03-19 13:30:00,11,3,19,13,30,390,173,,,,Plein jour,Hors agglomération,Hors intersection,Temps couvert,Autre collision,,,,,,,,,,,1,1,1,8.0,6.0
201100011100,0011-03-30 14:30:00,11,3,30,14,30,390,475,,,,Plein jour,Hors agglomération,Hors intersection,Normale,Deux véhicules - arrière,,,,,,,,,,,1,1,1,1.0,2.0
201100011101,0011-04-16 17:45:00,11,4,16,17,45,390,173,,,,Plein jour,Hors agglomération,Hors intersection,Normale,Autre collision,,,,,,,,,,,1,1,1,1.0,6.0
201100011102,0011-05-08 00:01:00,11,5,8,0,1,390,261,,,,Nuit sans éclairage public,Hors agglomération,Hors intersection,Normale,Autre collision,,,,,,,,,,,3,1,1,1.0,6.0
201100011103,0011-11-29 17:45:00,11,11,29,17,45,390,173,10 Grande Rue,,,Nuit avec éclairage allumé,En agglomération,Hors intersection,Normale,Autre collision,,,,,,,,,,,5,2,1,1.0,6.0
201100011104,0011-12-13 21:30:00,11,12,13,21,30,390,43,,,,Nuit sans éclairage public,Hors agglomération,Hors intersection,Vent fort / tempête,Autre collision,,,,,,,,,,,3,1,1,6.0,6.0
201100011105,0011-06-05 15:30:00,11,6,5,15,30,390,210,,,,Plein jour,Hors agglomération,Hors intersection,Pluie légère,Deux véhicules - frontale,,,,,,,,,,,1,1,1,2.0,1.0
201100011106,0011-07-04 15:00:00,11,7,4,15,0,390,344,,,,Plein jour,Hors agglomération,Hors intersection,Normale,Deux véhicules - frontale,,,,,,,,,,,1,1,1,1.0,1.0
201100011107,0011-07-07 02:30:00,11,7,7,2,30,390,277,,,,Nuit sans éclairage public,Hors agglomération,Hors intersection,Normale,Autre collision,,,,,,,,,,,3,1,1,1.0,6.0
201100011108,0011-07-13 16:30:00,11,7,13,16,30,390,364,,,,Plein jour,Hors agglomération,Hors intersection,Pluie forte,Trois véhicules et plus - collisions multiples,,,,,,,,,,,1,1,1,3.0,5.0
201100011109,0011-07-29 18:45:00,11,7,29,18,45,390,97,,46.212,5.258,Plein jour,Hors agglomération,Hors intersection,Normale,Trois véhicules et plus - collisions multiples,,,,,,,,,,,1,1,1,1.0,5.0
201100011110,0011-08-20 02:30:00,11,8,20,2,30,390,15,,,,Nuit sans éclairage public,Hors agglomération,Hors intersection,Normale,Sans collision,,,,,,,,,,,3,1,1,1.0,7.0
201100011111,0011-02-12 14:15:00,11,2,12,14,15,390,227,,,,Plein jour,Hors agglomération,Hors intersection,Normale,Deux véhicules - frontale,,,,,,,,,,,1,1,1,1.0,1.0
201100011112,0011-09-07 11:00:00,11,9,7,11,0,390,372,,46.778,5.978,Plein jour,Hors agglomération,Hors intersection,Pluie légère,Sans collision,,,,,,,,,,,1,1,1,2.0,7.0
201100011113,0011-10-17 15:00:00,11,10,17,15,0,390,372,,46.779,5.995,Plein jour,Hors agglomération,Hors intersection,Normale,Trois véhicules et plus - collisions multiples,,,,,,,,,,,1,1,1,1.0,5.0
201100011114,0011-12-01 18:30:00,11,12,1,18,30,390,129,,46.666,5.947,Nuit sans éclairage public,Hors agglomération,Hors intersection,Normale,Trois véhicules et plus - collisions multiples,,,,,,,,,,,3,1,1,1.0,5.0
201100011115,0011-01-07 01:30:00,11,1,7,1,30,390,434,Route de Lons le Saunier,46.837,5.706,Nuit avec éclairage allumé,En agglomération,Hors intersection,Pluie légère,Deux véhicules - frontale,,,,,,,,,,,5,2,1,2.0,1.0
201100011116,0011-01-21 14:30:00,11,1,21,14,30,390,49,,46.863,5.61,Plein jour,Hors agglomération,Intersection en X,Normale,Deux véhicules - côté,,,,,,,,,,,1,1,2,1.0,3.0
201100011117,0011-02-17 19:30:00,11,2,17,19,30,390,13,Rue de Villette Les Arbo,46.924,5.757,Nuit avec éclairage allumé,En agglomération,Hors intersection,Normale,Autre collision,,,,,,,,,,,5,2,1,1.0,6.0