accident_id,datetime,annee,mois,jour,heure,minute,departement,commune_insee,adresse,latitude,longitude,luminosite,agglomeration,intersection,meteo,collision,nb_vehicules,nb_usagers,nb_indemnes,nb_tues,nb_blesses_hosp,nb_blesses_legers,age_cond_1,age_cond_2,veh_type_cond_1,veh_type_cond_2,lum_code,agg_code,int_code,atm_code,col_code
201100011253,0011-01-23 05:15:00,11,1,23,5,15,700,249,,,,Nuit sans éclairage public,Hors agglomération,Hors intersection,Autre,Autre collision,,,,,,,,,,,3,1,1,9.0,6.0
201100011254,0011-05-16 12:15:00,11,5,16,12,15,700,168,RUE DE L INDUSTRIE,,,Plein jour,En agglomération,Hors intersection,Normale,Deux véhicules - frontale,,,,,,,,,,,1,2,1,1.0,1.0
201100011255,0011-06-11 13:45:00,11,6,11,13,45,700,196,,,,Plein jour,Hors agglomération,Hors intersection,Normale,Autre collision,,,,,,,,,,,1,1,1,1.0,6.0
201100011256,0011-07-18 18:00:00,11,7,18,18,0,700,284,,,,Plein jour,Hors agglomération,Hors intersection,Normale,Deux véhicules - frontale,,,,,,,,,,,1,1,1,1.0,1.0
201100011257,0011-09-10 09:15:00,11,9,10,9,15,700,240,,,,Plein jour,En agglomération,Hors intersection,Normale,Sans collision,,,,,,,,,,,1,2,1,1.0,7.0
201100011258,0011-10-01 20:30:00,11,10,1,20,30,700,526,rue du gral Marcot,,,Nuit avec éclairage allumé,En agglomération,Hors intersection,Normale,Autre collision,,,,,,,,,,,5,2,1,1.0,6.0
201100011259,0011-10-02 21:30:00,11,10,2,21,30,700,245,,,,Nuit sans éclairage public,Hors agglomération,Hors intersection,Normale,Trois véhicules et plus - collisions multiples,,,,,,,,,,,3,1,1,1.0,5.0
201100011260,0011-10-07 05:15:00,11,10,7,5,15,700,240,,,,Nuit sans éclairage public,Hors agglomération,Hors intersection,Normale,Sans collision,,,,,,,,,,,3,1,1,1.0,7.0
201100011261,0011-01-11 19:00:00,11,1,11,19,0,700,279,,,,Nuit sans éclairage public,Hors agglomération,Hors intersection,Pluie légère,Deux véhicules - frontale,,,,,,,,,,,3,1,1,2.0,1.0
201100011262,0011-01-18 17:45:00,11,1,18,17,45,700,279,rue Legros,,,Nuit avec éclairage allumé,En agglomération,Hors intersection,Normale,Autre collision,,,,,,,,,,,5,2,1,1.0,6.0
201100011263,0011-03-11 14:00:00,11,3,11,14,0,700,132,01 rue de la Chirolle,,,Plein jour,En agglomération,Hors intersection,Normale,Deux véhicules - frontale,,,,,,,,,,,1,2,1,1.0,1.0
201100011264,0011-04-04 08:30:00,11,4,4,8,30,700,185,,,,Plein jour,Hors agglomération,Hors intersection,Normale,Trois véhicules et plus - collisions multiples,,,,,,,,,,,1,1,1,1.0,5.0
201100011265,0011-07-23 10:30:00,11,7,23,10,30,700,279,place Boichut,,,Plein jour,En agglomération,Place,Normale,Deux véhicules - côté,,,,,,,,,,,1,2,7,1.0,3.0
201100011266,0011-09-01 13:45:00,11,9,1,13,45,700,557,,,,Plein jour,Hors agglomération,Hors intersection,Normale,Deux véhicules - arrière,,,,,,,,,,,1,1,1,1.0,2.0
201100011267,0011-10-02 02:00:00,11,10,2,2,0,700,279,,,,Nuit sans éclairage public,Hors agglomération,Hors intersection,Pluie légère,Autre collision,,,,,,,,,,,3,1,1,2.0,6.0
201100011268,0011-10-09 13:00:00,11,10,9,13,0,700,376,,,,Plein jour,Hors agglomération,Hors intersection,Pluie légère,Autre collision,,,,,,,,,,,1,1,1,2.0,6.0
201100011269,0011-10-30 08:30:00,11,10,30,8,30,700,24,,,,Plein jour,Hors agglomération,Hors intersection,Normale,Sans collision,,,,,,,,,,,1,1,1,1.0,7.0
201100011270,0011-01-16 17:45:00,11,1,16,17,45,700,525,,,,Nuit sans éclairage public,Hors agglomération,Hors intersection,Normale,Deux véhicules - frontale,,,,,,,,,,,3,1,1,1.0,1.0
201100011271,0011-03-12 05:30:00,11,3,12,5,30,700,257,,47.762,5.57,Nuit sans éclairage public,Hors agglomération,Hors intersection,Normale,Sans collision,,,,,,,,,,,3,1,1,1.0,7.0
201100011272,0011-07-03 17:15:00,11,7,3,17,15,700,122,,,,Plein jour,Hors agglomération,Hors intersection,Normale,Sans collision,,,,,,,,,,,1,1,1,1.0,7.0
201100011273,0011-12-16 18:00:00,11,12,16,18,0,700,122,,,,Nuit sans éclairage public,Hors agglomération,Hors intersection,Temps couvert,Deux véhicules - frontale,,,,,,,,,,,3,1,1,8.0,1.0
201100011274,0011-03-21 16:30:00,11,3,21,16,30,700,408,Rue de Choiseuil,,,Plein jour,En agglomération,Hors intersection,Normale,Deux véhicules - frontale,,,,,,,,,,,1,2,1,1.0,1.0
201100011275,0011-06-12 05:00:00,11,6,12,5,0,700,327,d?partemantale 181,,,Crépuscule ou aube,En agglomération,Hors intersection,Normale,Deux véhicules - frontale,,,,,,,,,,,2,2,1,1.0,1.0
201100011276,0011-06-16 12:15:00,11,6,16,12,15,700,253,,47.464,5.906,Plein jour,Hors agglomération,Hors intersection,Normale,Deux véhicules - frontale,,,,,,,,,,,1,1,1,1.0,1.0
201100011277,0011-07-08 20:00:00,11,7,8,20,0,700,533,,,,Plein jour,Hors agglomération,Intersection en X,Normale,Deux véhicules - frontale,,,,,,,,,,,1,1,2,1.0,1.0
201100011278,0011-08-05 16:45:00,11,8,5,16,45,700,282,,,,Plein jour,Hors agglomération,Hors intersection,Normale,Deux véhicules - frontale,,,,,,,,,,,1,1,1,1.0,1.0
201100011279,0011-09-12 12:00:00,11,9,12,12,0,700,408,RUE DES LOUPS,,,Plein jour,En agglomération,Hors intersection,Normale,Deux véhicules - côté,,,,,,,,,,,1,2,1,1.0,3.0
201100011280,0011-09-24 16:15:00,11,9,24,16,15,700,334,17 Route de Brussey,,,Plein jour,En agglomération,Hors intersection,Normale,Autre collision,,,,,,,,,,,1,2,1,1.0,6.0
201100011281,0011-10-15 10:30:00,11,10,15,10,30,700,334,,,,Plein jour,Hors agglomération,Hors intersection,Normale,Deux véhicules - arrière,,,,,,,,,,,1,1,1,1.0,2.0
201100011282,0011-05-31 12:45:00,11,5,31,12,45,900,15,,,,Plein jour,Hors agglomération,Hors intersection,Pluie légère,Trois véhicules et plus - collisions multiples,,,,,,,,,,,1,1,1,2.0,5.0
201100011283,0011-08-16 21:44:00,11,8,16,21,44,900,7,,,,Nuit sans éclairage public,Hors agglomération,Hors intersection,Normale,Autre collision,,,,,,,,,,,3,1,1,1.0,6.0
201100011284,0011-09-22 16:45:00,11,9,22,16,45,900,104,Rue de brebotte,47.611,6.921,Plein jour,En agglomération,Hors intersection,Pluie légère,Autre collision,,,,,,,,,,,1,2,1,2.0,6.0
201100011285,0011-11-12 16:30:00,11,11,12,16,30,900,94,rue de montbeliard,,,Plein jour,En agglomération,Hors intersection,Normale,Deux véhicules - côté,,,,,,,,,,,1,2,1,1.0,3.0
201100011286,0011-12-01 07:15:00,11,12,1,7,15,900,94,"Carrefour ""oeufs frais""",,,Nuit avec éclairage allumé,En agglomération,Intersection en T,Normale,Deux véhicules - côté,,,,,,,,,,,5,2,3,1.0,3.0
201100011287,0011-12-15 02:44:00,11,12,15,2,44,900,7,,47.591,6.792,Nuit sans éclairage public,Hors agglomération,Hors intersection,Pluie forte,Deux véhicules - frontale,,,,,,,,,,,3,1,1,3.0,1.0
201100011288,0011-01-03 13:15:00,11,1,3,13,15,900,63,Rue parallèle,,,Plein jour,En agglomération,Hors intersection,Normale,Autre collision,,,,,,,,,,,1,2,1,1.0,6.0
201100011289,0011-03-25 15:45:00,11,3,25,15,45,900,56,Grande rue,,,Plein jour,En agglomération,Hors intersection,Normale,Deux véhicules - côté,,,,,,,,,,,1,2,1,1.0,3.0
201100011290,0011-04-01 17:00:00,11,4,1,17,0,900,9,Rue des fr?res bergers,,,Plein jour,En agglomération,Hors intersection,Normale,Sans collision,,,,,,,,,,,1,2,1,1.0,7.0
201100011291,0011-04-18 07:15:00,11,4,18,7,15,900,43,,,,Plein jour,Hors agglomération,Hors intersection,Normale,Sans collision,,,,,,,,,,,1,1,1,1.0,7.0
201100011292,0011-07-05 17:44:00,11,7,5,17,44,900,105,,,,Plein jour,Hors agglomération,Hors intersection,Normale,Sans collision,,,,,,,,,,,1,1,1,1.0,7.0
201100011293,0011-08-20 19:45:00,11,8,20,19,45,900,56,,,,Plein jour,Hors agglomération,Hors intersection,Normale,Deux véhicules - frontale,,,,,,,,,,,1,1,1,1.0,1.0
201100011294,0011-09-18 02:15:00,11,9,18,2,15,900,27,,,,Nuit sans éclairage public,Hors agglomération,Hors intersection,Normale,Sans collision,,,,,,,,,,,3,1,1,1.0,7.0
201100011295,0011-11-07 16:45:00,11,11,7,16,45,900,95,45 RUE PRINCIPALE,47.556,7.076,Crépuscule ou aube,En agglomération,Hors intersection,Pluie légère,Deux véhicules - arrière,,,,,,,,,,,2,2,1,2.0,2.0
201100011296,0011-11-12 15:00:00,11,11,12,15,0,900,56,,,,Plein jour,Hors agglomération,Hors intersection,Normale,Deux véhicules - frontale,,,,,,,,,,,1,1,1,1.0,1.0
201100011297,0011-11-19 18:30:00,11,11,19,18,30,900,28,rue de B?le,,,Plein jour,En agglomération,Hors intersection,Normale,Deux véhicules - côté,,,,,,,,,,,1,2,1,1.0,3.0
201100011298,0011-11-18 16:30:00,11,11,18,16,30,900,56,,,,Plein jour,Hors agglomération,Hors intersection,Normale,Sans collision,,,,,,,,,,,1,1,1,1.0,7.0
201100011299,0011-04-16 14:00:00,11,4,16,14,0,900,5,,47.731,6.795,Plein jour,Hors agglomération,Hors intersection,Normale,Deux véhicules - frontale,,,,,,,,,,,1,1,1,1.0,1.0
201100011300,0011-04-28 12:00:00,11,4,28,12,0,900,57,,,,Plein jour,Hors agglomération,Hors intersection,Normale,Autre collision,,,,,,,,,,,1,1,1,1.0,6.0
201100011301,0011-05-04 22:15:00,11,5,4,22,15,900,58,,47.722,7.01,Nuit sans éclairage public,Hors agglomération,Hors intersection,Normale,Autre collision,,,,,,,,,,,3,1,1,1.0,6.0
201100011302,0011-05-29 16:45:00,11,5,29,16,45,900,52,1 Rue de la 1?re DFL,,,Plein jour,En agglomération,Hors intersection,Normale,Deux véhicules - côté,,,,,,,,,,,1,2,1,1.0,3.0
201100011303,0011-06-03 16:40:00,11,6,3,16,40,900,65,,,,Plein jour,Hors agglomération,Hors intersection,Normale,Deux véhicules - frontale,,,,,,,,,,,1,1,1,1.0,1.0
201100011304,0011-06-13 20:46:00,11,6,13,20,46,900,3,6C route de Bourg,47.705,6.94,Plein jour,En agglomération,Hors intersection,Normale,Autre collision,,,,,,,,,,,1,2,1,1.0,6.0
201100011305,0011-06-16 18:29:00,11,6,16,18,29,900,3,,47.722,6.942,Plein jour,Hors agglomération,Hors intersection,Pluie légère,Deux véhicules - frontale,,,,,,,,,,,1,1,1,2.0,1.0
201100011306,0011-07-02 16:16:00,11,7,2,16,16,900,87,,47.683,6.935,Plein jour,Hors agglomération,Hors intersection,Normale,Sans collision,,,,,,,,,,,1,1,1,1.0,7.0
201100011307,0011-10-01 15:16:00,11,10,1,15,16,900,78,,,,Plein jour,Hors agglomération,Hors intersection,Normale,Autre collision,,,,,,,,,,,1,1,1,1.0,6.0
201100011308,0011-10-02 11:46:00,11,10,2,11,46,900,65,,47.799,6.831,Plein jour,Hors agglomération,Hors intersection,Normale,Trois véhicules et plus - collisions multiples,,,,,,,,,,,1,1,1,1.0,5.0
201100011309,0011-10-10 17:15:00,11,10,10,17,15,900,41,,47.713,6.907,Plein jour,Hors agglomération,Hors intersection,Pluie légère,Deux véhicules - frontale,,,,,,,,,,,1,1,1,2.0,1.0
201100011310,0011-02-15 14:35:00,11,2,15,14,35,900,17,,47.569,6.915,Plein jour,Hors agglomération,Hors intersection,Temps couvert,Deux véhicules - frontale,,,,,,,,,,,1,1,1,8.0,1.0
201100011311,0011-05-14 11:15:00,11,5,14,11,15,900,53,,,,Plein jour,Hors agglomération,Hors intersection,Normale,Deux véhicules - frontale,,,,,,,,,,,1,1,1,1.0,1.0
201100011312,0011-07-17 17:03:00,11,7,17,17,3,900,53,,47.532,6.952,Plein jour,Hors agglomération,Hors intersection,Pluie forte,Autre collision,,,,,,,,,,,1,1,1,3.0,6.0
201100011313,0011-08-31 13:15:00,11,8,31,13,15,900,51,,47.572,6.957,Plein jour,Hors agglomération,Hors intersection,Normale,Autre collision,,,,,,,,,,,1,1,1,1.0,6.0
201100011314,0011-09-30 06:30:00,11,9,30,6,30,900,101,,47.588,7.026,Crépuscule ou aube,Hors agglomération,Hors intersection,Brouillard / fumée,Sans collision,,,,,,,,,,,2,1,1,5.0,7.0
201100011315,0011-07-11 09:15:00,11,7,11,9,15,380,336,,45.4609,4.83221,Nuit sans éclairage public,Hors agglomération,Hors intersection,Normale,Trois véhicules et plus - collisions multiples,,,,,,,,,,,3,1,1,1.0,5.0
201100011316,0011-09-11 07:45:00,11,9,11,7,45,260,332,26332,,,Nuit sans éclairage public,Hors agglomération,Hors intersection,Normale,Deux véhicules - arrière,,,,,,,,,,,3,1,1,1.0,2.0
201100011317,0011-09-22 14:45:00,11,9,22,14,45,380,72,,,,Plein jour,Hors agglomération,Hors intersection,Normale,Trois véhicules et plus - collisions multiples,,,,,,,,,,,1,1,1,1.0,5.0
201100011318,0011-10-15 09:00:00,11,10,15,9,0,260,295,,,,Plein jour,Hors agglomération,Hors intersection,Normale,Sans collision,,,,,,,,,,,1,1,1,1.0,7.0
201100011319,0011-12-05 06:45:00,11,12,5,6,45,380,72,,,,Nuit sans éclairage public,Hors agglomération,Hors intersection,Pluie forte,Autre collision,,,,,,,,,,,3,1,1,3.0,6.0
201100011320,0011-12-31 17:45:00,11,12,31,17,45,260,58,26058,,,Nuit sans éclairage public,Hors agglomération,Hors intersection,Normale,Sans collision,,,,,,,,,,,3,1,1,1.0,7.0
201100011321,0011-02-08 08:45:00,11,2,8,8,45,260,72,26072,,,Plein jour,Hors agglomération,Hors intersection,Normale,Autre collision,,,,,,,,,,,1,1,1,1.0,6.0
201100011322,0011-04-18 09:15:00,11,4,18,9,15,260,362,26362,,,Plein jour,Hors agglomération,Hors intersection,Normale,Deux véhicules - côté,,,,,,,,,,,1,1,1,1.0,3.0
201100011323,0011-05-11 18:00:00,11,5,11,18,0,260,72,26072,,,Plein jour,Hors agglomération,Hors intersection,Normale,Autre collision,,,,,,,,,,,1,1,1,1.0,6.0
201100011324,0011-06-05 19:45:00,11,6,5,19,45,260,271,26271,,,Plein jour,Hors agglomération,Hors intersection,Normale,Deux véhicules - côté,,,,,,,,,,,1,1,1,1.0,3.0
201100011325,0011-06-19 00:30:00,11,6,19,0,30,260,84,26084,,,Nuit sans éclairage public,Hors agglomération,Hors intersection,Normale,Sans collision,,,,,,,,,,,3,1,1,1.0,7.0
201100011326,0011-06-23 11:00:00,11,6,23,11,0,260,362,26362,,,Plein jour,Hors agglomération,Hors intersection,Pluie légère,Deux véhicules - côté,,,,,,,,,,,1,1,1,2.0,3.0
201100011327,0011-06-26 11:45:00,11,6,26,11,45,260,362,26362,,,Plein jour,Hors agglomération,Hors intersection,Normale,Autre collision,,,,,,,,,,,1,1,1,1.0,6.0
201100011328,0011-07-14 10:30:00,11,7,14,10,30,260,165,26165,,,Plein jour,Hors agglomération,Hors intersection,Normale,Sans collision,,,,,,,,,,,1,1,1,1.0,7.0
201100011329,0011-08-17 14:30:00,11,8,17,14,30,260,165,26165,,,Plein jour,Hors agglomération,Hors intersection,Normale,Deux véhicules - arrière,,,,,,,,,,,1,1,1,1.0,2.0
201100011330,0011-08-29 15:30:00,11,8,29,15,30,260,252,,,,Plein jour,Hors agglomération,Hors intersection,Normale,Deux véhicules - frontale,,,,,,,,,,,1,1,1,1.0,1.0
201100011331,0011-09-19 17:00:00,11,9,19,17,0,260,362,26362,,,Plein jour,Hors agglomération,Autre intersection,Temps couvert,Trois véhicules et plus - collisions multiples,,,,,,,,,,,1,1,9,8.0,5.0
201100011332,0011-10-20 01:00:00,11,10,20,1,0,260,72,26072,,,Nuit sans éclairage public,Hors agglomération,Hors intersection,Normale,Deux véhicules - frontale,,,,,,,,,,,3,1,1,1.0,1.0
201100011333,0011-01-01 00:15:00,11,1,1,0,15,260,338,26338,,,Nuit sans éclairage public,Hors agglomération,Hors intersection,Normale,Deux véhicules - frontale,,,,,,,,,,,3,1,1,1.0,1.0
201100011334,0011-01-06 16:45:00,11,1,6,16,45,260,166,26166,44.762,4.797,Plein jour,Hors agglomération,Hors intersection,Normale,Sans collision,,,,,,,,,,,1,1,1,1.0,7.0
201100011335,0011-01-19 07:00:00,11,1,19,7,0,260,5,26005,44.522,4.787,Nuit avec éclairage allumé,Hors agglomération,Hors intersection,Normale,Autre collision,,,,,,,,,,,5,1,1,1.0,6.0
201100011336,0011-01-21 12:00:00,11,1,21,12,0,260,191,,,,Plein jour,Hors agglomération,Hors intersection,Normale,Deux véhicules - arrière,,,,,,,,,,,1,1,1,1.0,2.0
201100011337,0011-02-09 06:00:00,11,2,9,6,0,260,5,26005,44.505,4.768,Nuit avec éclairage non allumé,Hors agglomération,Hors intersection,Normale,Autre collision,,,,,,,,,,,4,1,1,1.0,6.0
201100011338,0011-02-17 07:00:00,11,2,17,7,0,260,169,26169,44.484,4.767,Nuit sans éclairage public,Hors agglomération,Hors intersection,Normale,Deux véhicules - arrière,,,,,,,,,,,3,1,1,1.0,2.0
201100011339,0011-03-04 23:45:00,11,3,4,23,45,260,138,26138,44.412,4.731,Nuit sans éclairage public,Hors agglomération,Hors intersection,Normale,Deux véhicules - arrière,,,,,,,,,,,3,1,1,1.0,2.0
201100011340,0011-05-23 12:00:00,11,5,23,12,0,260,138,26138,44.401,4.73,Plein jour,Hors agglomération,Hors intersection,Normale,Sans collision,,,,,,,,,,,1,1,1,1.0,7.0
201100011341,0011-06-07 15:30:00,11,6,7,15,30,260,337,26337,,,Plein jour,Hors agglomération,Hors intersection,Normale,Autre collision,,,,,,,,,,,1,1,1,1.0,6.0
201100011342,0011-06-09 17:15:00,11,6,9,17,15,260,324,26324,,,Plein jour,Hors agglomération,Hors intersection,Normale,Sans collision,,,,,,,,,,,1,1,1,1.0,7.0
201100011343,0011-06-09 18:45:00,11,6,9,18,45,260,138,26138,,,Plein jour,Hors agglomération,Hors intersection,Normale,Sans collision,,,,,,,,,,,1,1,1,1.0,7.0
201100011344,0011-08-04 15:45:00,11,8,4,15,45,260,166,26166,44.758,4.793,Plein jour,Hors agglomération,Hors intersection,Normale,Trois véhicules et plus - collisions multiples,,,,,,,,,,,1,1,1,1.0,5.0
201100011345,0011-08-13 10:00:00,11,8,13,10,0,260,5,26005,44.52,4.783,Plein jour,Hors agglomération,Hors intersection,Normale,Deux véhicules - arrière,,,,,,,,,,,1,1,1,1.0,2.0
201100011346,0011-09-18 23:45:00,11,9,18,23,45,260,116,26116,44.429,4.738,Nuit sans éclairage public,Hors agglomération,Hors intersection,Normale,Autre collision,,,,,,,,,,,3,1,1,1.0,6.0
201100011347,0011-06-18 15:15:00,11,6,18,15,15,130,111,,,,Plein jour,Hors agglomération,Hors intersection,Normale,Deux véhicules - frontale,,,,,,,,,,,1,1,1,1.0,1.0
201100011348,0011-11-28 08:45:00,11,11,28,8,45,130,111,,,,Plein jour,Hors agglomération,Hors intersection,Normale,Deux véhicules - frontale,,,,,,,,,,,1,1,1,1.0,1.0
201100011349,0011-12-08 18:45:00,11,12,8,18,45,130,109,Avenue Paul Jullien,,,Nuit sans éclairage public,En agglomération,Hors intersection,Normale,Autre collision,,,,,,,,,,,3,2,1,1.0,6.0
201100011350,0011-12-31 14:00:00,11,12,31,14,0,130,95,,,,Plein jour,Hors agglomération,Hors intersection,Normale,Sans collision,,,,,,,,,,,1,1,1,1.0,7.0
201100011351,0011-12-31 15:00:00,11,12,31,15,0,130,41,,,,Plein jour,Hors agglomération,Hors intersection,Normale,Deux véhicules - frontale,,,,,,,,,,,1,1,1,1.0,1.0
201100011352,0011-01-10 15:30:00,11,1,10,15,30,130,62,,,,Plein jour,Hors agglomération,Autre intersection,Normale,Deux véhicules - arrière,,,,,,,,,,,1,1,9,1.0,2.0
201100011353,0011-01-12 18:00:00,11,1,12,18,0,130,41,RD 58,,,Nuit avec éclairage allumé,En agglomération,Hors intersection,Normale,Deux véhicules - côté,,,,,,,,,,,5,2,1,1.0,3.0
201100011354,0011-01-14 16:45:00,11,1,14,16,45,130,41,7 AVENUE DE NICE,43.45889,5.47537,Plein jour,En agglomération,Hors intersection,Normale,Autre collision,,,,,,,,,,,1,2,1,1.0,6.0
201100011355,0011-01-28 18:30:00,11,1,28,18,30,130,41,,,,Plein jour,Hors agglomération,Hors intersection,Normale,Trois véhicules et plus - collisions multiples,,,,,,,,,,,1,1,1,1.0,5.0
201100011356,0011-02-09 11:15:00,11,2,9,11,15,130,41,RD58 Av ZOLA - BIVER,,,Plein jour,En agglomération,Hors intersection,Normale,Deux véhicules - côté,,,,,,,,,,,1,2,1,1.0,3.0
201100011357,0011-02-15 13:15:00,11,2,15,13,15,130,41,,,,Plein jour,Hors agglomération,Hors intersection,Pluie légère,Deux véhicules - côté,,,,,,,,,,,1,1,1,2.0,3.0
201100011358,0011-03-16 16:15:00,11,3,16,16,15,130,41,,,,Plein jour,Hors agglomération,Hors intersection,Temps couvert,Deux véhicules - frontale,,,,,,,,,,,1,1,1,8.0,1.0
201100011359,0011-04-03 00:15:00,11,4,3,0,15,130,60,,,,Nuit sans éclairage public,Hors agglomération,Hors intersection,Normale,Sans collision,,,,,,,,,,,3,1,1,1.0,7.0
201100011360,0011-04-15 17:30:00,11,4,15,17,30,130,41,368 avenue Louise MICHEL,,,Plein jour,En agglomération,Hors intersection,Normale,Deux véhicules - frontale,,,,,,,,,,,1,2,1,1.0,1.0
201100011361,0011-04-30 20:00:00,11,4,30,20,0,130,41,,,,Crépuscule ou aube,Hors agglomération,Autre intersection,Normale,Deux véhicules - frontale,,,,,,,,,,,2,1,9,1.0,1.0
201100011362,0011-05-06 19:15:00,11,5,6,19,15,130,41,,,,Plein jour,Hors agglomération,Hors intersection,Normale,Deux véhicules - frontale,,,,,,,,,,,1,1,1,1.0,1.0
201100011363,0011-06-12 23:15:00,11,6,12,23,15,130,41,,,,Nuit sans éclairage public,Hors agglomération,Hors intersection,Normale,Autre collision,,,,,,,,,,,3,1,1,1.0,6.0
201100011364,0011-06-17 15:00:00,11,6,17,15,0,130,41,Route Blanche,,,Plein jour,En agglomération,Hors intersection,Normale,Deux véhicules - frontale,,,,,,,,,,,1,2,1,1.0,1.0
201100011365,0011-07-09 19:30:00,11,7,9,19,30,130,62,,,,Plein jour,Hors agglomération,Hors intersection,Normale,Autre collision,,,,,,,,,,,1,1,1,1.0,6.0
201100011366,0011-07-13 17:00:00,11,7,13,17,0,130,41,,,,Plein jour,Hors agglomération,Giratoire,Normale,Sans collision,,,,,,,,,,,1,1,6,1.0,7.0
201100011367,0011-07-29 20:00:00,11,7,29,20,0,130,41,"rond point de Ste BARBE,",,,Plein jour,En agglomération,Giratoire,Normale,Deux véhicules - côté,,,,,,,,,,,1,2,6,1.0,3.0
201100011368,0011-08-25 12:45:00,11,8,25,12,45,130,41,,,,Plein jour,Hors agglomération,Hors intersection,Normale,Deux véhicules - côté,,,,,,,,,,,1,1,1,1.0,3.0
201100011369,0011-08-29 15:45:00,11,8,29,15,45,130,41,,,,Plein jour,Hors agglomération,Hors intersection,Normale,Trois véhicules et plus - en chaîne,,,,,,,,,,,1,1,1,1.0,4.0
201100011370,0011-08-31 08:45:00,11,8,31,8,45,130,41,,,,Plein jour,En agglomération,Giratoire,Normale,Sans collision,,,,,,,,,,,1,2,6,1.0,7.0
201100011371,0011-09-03 13:00:00,11,9,3,13,0,130,60,,,,Plein jour,Hors agglomération,Hors intersection,Normale,Trois véhicules et plus - collisions multiples,,,,,,,,,,,1,1,1,1.0,5.0
201100011372,0011-09-08 18:45:00,11,9,8,18,45,130,41,Avenue Raoul Decoppet,,,Plein jour,En agglomération,Hors intersection,Normale,Deux véhicules - frontale,,,,,,,,,,,1,2,1,1.0,1.0
201100011373,0011-09-14 07:45:00,11,9,14,7,45,130,41,,,,Plein jour,Hors agglomération,Hors intersection,Normale,Trois véhicules et plus - en chaîne,,,,,,,,,,,1,1,1,1.0,4.0
201100011374,0011-09-21 15:00:00,11,9,21,15,0,130,41,avenue d'Aix,,,Plein jour,En agglomération,Hors intersection,Normale,Autre collision,,,,,,,,,,,1,2,1,1.0,6.0
201100011375,0011-10-03 12:00:00,11,10,3,12,0,130,41,RD8C,,,Plein jour,En agglomération,Hors intersection,Normale,Deux véhicules - arrière,,,,,,,,,,,1,2,1,1.0,2.0
201100011376,0011-10-16 18:45:00,11,10,16,18,45,130,60,,,,Nuit sans éclairage public,Hors agglomération,Hors intersection,Normale,Sans collision,,,,,,,,,,,3,1,1,1.0,7.0
201100011377,0011-10-17 17:30:00,11,10,17,17,30,130,60,,,,Plein jour,Hors agglomération,Hors intersection,Normale,Deux véhicules - frontale,,,,,,,,,,,1,1,1,1.0,1.0
201100011378,0011-11-10 12:45:00,11,11,10,12,45,130,41,D58,,,Plein jour,En agglomération,Hors intersection,Normale,Deux véhicules - frontale,,,,,,,,,,,1,2,1,1.0,1.0
201100011379,0011-12-03 03:00:00,11,12,3,3,0,130,62,761 av de Pergine,43.41721,5.51439,Nuit avec éclairage allumé,En agglomération,Hors intersection,Normale,Autre collision,,,,,,,,,,,5,2,1,1.0,6.0
201100011380,0011-01-11 07:30:00,11,1,11,7,30,130,59,,43.664,5.495,Crépuscule ou aube,Hors agglomération,Giratoire,Normale,Deux véhicules - côté,,,,,,,,,,,2,1,6,1.0,3.0
201100011381,0011-01-30 11:30:00,11,1,30,11,30,130,99,,,,Plein jour,Hors agglomération,Hors intersection,Normale,Autre collision,,,,,,,,,,,1,1,1,1.0,6.0
201100011382,0011-02-07 06:00:00,11,2,7,6,0,130,48,,,,Nuit sans éclairage public,Hors agglomération,Hors intersection,Autre,Deux véhicules - côté,,,,,,,,,,,3,1,1,9.0,3.0
201100011383,0011-02-10 14:15:00,11,2,10,14,15,130,48,,,,Plein jour,Hors agglomération,Hors intersection,Normale,Autre collision,,,,,,,,,,,1,1,1,1.0,6.0
201100011384,0011-04-11 07:15:00,11,4,11,7,15,130,48,,,,Crépuscule ou aube,Hors agglomération,Hors intersection,Normale,Trois véhicules et plus - en chaîne,,,,,,,,,,,2,1,1,1.0,4.0
201100011385,0011-05-05 15:15:00,11,5,5,15,15,130,74,RD96,,,Plein jour,En agglomération,Hors intersection,Normale,Deux véhicules - côté,,,,,,,,,,,1,2,1,1.0,3.0
201100011386,0011-05-19 07:45:00,11,5,19,7,45,130,59,,,,Plein jour,Hors agglomération,Hors intersection,Normale,Deux véhicules - frontale,,,,,,,,,,,1,1,1,1.0,1.0
201100011387,0011-05-20 21:15:00,11,5,20,21,15,130,74,ZAC  VAL DE DURANCE,43.658,5.58,Nuit avec éclairage allumé,En agglomération,Place,Normale,Deux véhicules - côté,,,,,,,,,,,5,2,7,1.0,3.0
201100011388,0011-06-05 23:45:00,11,6,5,23,45,130,48,,,,Nuit sans éclairage public,En agglomération,Hors intersection,Normale,Autre collision,,,,,,,,,,,3,2,1,1.0,6.0