accident_id,datetime,annee,mois,jour,heure,minute,departement,commune_insee,adresse,latitude,longitude,luminosite,agglomeration,intersection,meteo,collision,nb_vehicules,nb_usagers,nb_indemnes,nb_tues,nb_blesses_hosp,nb_blesses_legers,age_cond_1,age_cond_2,veh_type_cond_1,veh_type_cond_2,lum_code,agg_code,int_code,atm_code,col_code
201100011528,0011-06-20 20:15:00,11,6,20,20,15,130,6,,,,Crépuscule ou aube,Hors agglomération,Hors intersection,Normale,Sans collision,,,,,,,,,,,2,1,1,1.0,7.0
201100011529,0011-07-22 19:30:00,11,7,22,19,30,130,35,,,,Plein jour,Hors agglomération,Hors intersection,Normale,Autre collision,,,,,,,,,,,1,1,1,1.0,6.0
201100011530,0011-09-06 20:45:00,11,9,6,20,45,130,105,,,,Nuit avec éclairage allumé,Hors agglomération,Hors intersection,Normale,Autre collision,,,,,,,,,,,5,1,1,1.0,6.0
201100011531,0011-01-01 07:30:00,11,1,1,7,30,130,49,,,,Plein jour,Hors agglomération,Hors intersection,Normale,Autre collision,,,,,,,,,,,1,1,1,1.0,6.0
201100011532,0011-01-18 19:30:00,11,1,18,19,30,130,49,,,,Nuit sans éclairage public,Hors agglomération,Hors intersection,Normale,Deux véhicules - côté,,,,,,,,,,,3,1,1,1.0,3.0
201100011533,0011-03-26 19:30:00,11,3,26,19,30,130,105,aveneu andre aulne,,,Nuit avec éclairage allumé,En agglomération,Hors intersection,Normale,Deux véhicules - côté,,,,,,,,,,,5,2,1,1.0,3.0
201100011534,0011-04-20 14:30:00,11,4,20,14,30,130,105,,,,Plein jour,Hors agglomération,Hors intersection,Normale,Sans collision,,,,,,,,,,,1,1,1,1.0,7.0
201100011535,0011-06-16 11:45:00,11,6,16,11,45,130,105,,,,Plein jour,Hors agglomération,Hors intersection,Normale,Deux véhicules - frontale,,,,,,,,,,,1,1,1,1.0,1.0
201100011536,0011-10-07 08:15:00,11,10,7,8,15,130,115,,,,Plein jour,Hors agglomération,Hors intersection,Normale,Deux véhicules - frontale,,,,,,,,,,,1,1,1,1.0,1.0
201100011537,0011-01-22 17:30:00,11,1,22,17,30,130,76,,,,Crépuscule ou aube,Hors agglomération,Hors intersection,Normale,Autre collision,,,,,,,,,,,2,1,1,1.0,6.0
201100011538,0011-03-05 22:15:00,11,3,5,22,15,130,18,,,,Nuit sans éclairage public,Hors agglomération,Hors intersection,Normale,Deux véhicules - frontale,,,,,,,,,,,3,1,1,1.0,1.0
201100011539,0011-03-24 23:45:00,11,3,24,23,45,130,89,,,,Nuit sans éclairage public,Hors agglomération,Hors intersection,Normale,Autre collision,,,,,,,,,,,3,1,1,1.0,6.0
201100011540,0011-06-15 08:30:00,11,6,15,8,30,130,76,,,,Plein jour,Hors agglomération,Hors intersection,Normale,Deux véhicules - arrière,,,,,,,,,,,1,1,1,1.0,2.0
201100011541,0011-06-29 03:30:00,11,6,29,3,30,130,89,,,,Nuit sans éclairage public,Hors agglomération,Hors intersection,Normale,Deux véhicules - frontale,,,,,,,,,,,3,1,1,1.0,1.0
201100011542,0011-09-30 20:15:00,11,9,30,20,15,130,67,,,,Nuit sans éclairage public,Hors agglomération,Hors intersection,Normale,Autre collision,,,,,,,,,,,3,1,1,1.0,6.0
201100011543,0011-10-13 14:30:00,11,10,13,14,30,130,67,,,,Plein jour,Hors agglomération,Hors intersection,Normale,Deux véhicules - côté,,,,,,,,,,,1,1,1,1.0,3.0
201100011544,0011-10-21 01:45:00,11,10,21,1,45,130,34,d24b,,,Nuit sans éclairage public,En agglomération,Hors intersection,Normale,Sans collision,,,,,,,,,,,3,2,1,1.0,7.0
201100011545,0011-11-18 18:45:00,11,11,18,18,45,130,89,,,,Nuit sans éclairage public,Hors agglomération,Intersection en X,Normale,Deux véhicules - frontale,,,,,,,,,,,3,1,2,1.0,1.0
201100011546,0011-12-22 18:30:00,11,12,22,18,30,130,34,,,,Nuit sans éclairage public,Hors agglomération,Hors intersection,Vent fort / tempête,Autre collision,,,,,,,,,,,3,1,1,6.0,6.0
201100011547,0011-02-14 12:15:00,11,2,14,12,15,130,81,,43.502,5.234,Plein jour,Hors agglomération,Hors intersection,Normale,Trois véhicules et plus - collisions multiples,,,,,,,,,,,1,1,1,1.0,5.0
201100011548,0011-03-28 08:00:00,11,3,28,8,0,130,81,,,,Plein jour,Hors agglomération,Hors intersection,Normale,Trois véhicules et plus - en chaîne,,,,,,,,,,,1,1,1,1.0,4.0
201100011549,0011-04-07 14:15:00,11,4,7,14,15,130,81,,,,Plein jour,Hors agglomération,Hors intersection,Normale,Deux véhicules - côté,,,,,,,,,,,1,1,1,1.0,3.0
201100011550,0011-08-20 21:00:00,11,8,20,21,0,130,81,,,,Nuit sans éclairage public,Hors agglomération,Hors intersection,Normale,Deux véhicules - frontale,,,,,,,,,,,3,1,1,1.0,1.0
201100011551,0011-09-19 18:30:00,11,9,19,18,30,130,81,"RN113, quartier suma",,,Plein jour,En agglomération,Hors intersection,Normale,Deux véhicules - côté,,,,,,,,,,,1,2,1,1.0,3.0
201100011552,0011-09-28 16:30:00,11,9,28,16,30,130,81,rond point des barjaquet,,,Plein jour,En agglomération,Giratoire,Normale,Deux véhicules - côté,,,,,,,,,,,1,2,6,1.0,3.0
201100011553,0011-10-02 16:15:00,11,10,2,16,15,130,81,Av de verdun,,,Plein jour,En agglomération,Hors intersection,Normale,Sans collision,,,,,,,,,,,1,2,1,1.0,7.0
201100011554,0011-12-05 17:15:00,11,12,5,17,15,130,81,,,,Plein jour,Hors agglomération,Hors intersection,Normale,Deux véhicules - côté,,,,,,,,,,,1,1,1,1.0,3.0
201100011555,0011-02-25 07:00:00,11,2,25,7,0,130,84,,,,Crépuscule ou aube,Hors agglomération,Hors intersection,Normale,Deux véhicules - frontale,,,,,,,,,,,2,1,1,1.0,1.0
201100011556,0011-03-07 15:45:00,11,3,7,15,45,130,82,,,,Plein jour,Hors agglomération,Hors intersection,Normale,Sans collision,,,,,,,,,,,1,1,1,1.0,7.0
201100011557,0011-04-12 13:15:00,11,4,12,13,15,130,82,,,,Plein jour,Hors agglomération,Hors intersection,Vent fort / tempête,Deux véhicules - frontale,,,,,,,,,,,1,1,1,6.0,1.0
201100011558,0011-05-06 18:45:00,11,5,6,18,45,130,84,,,,Plein jour,Hors agglomération,Hors intersection,Normale,Deux véhicules - côté,,,,,,,,,,,1,1,1,1.0,3.0
201100011559,0011-06-17 16:45:00,11,6,17,16,45,130,82,,,,Plein jour,Hors agglomération,Hors intersection,Normale,Deux véhicules - frontale,,,,,,,,,,,1,1,1,1.0,1.0
201100011560,0011-06-30 13:15:00,11,6,30,13,15,130,82,,,,Plein jour,Hors agglomération,Hors intersection,Normale,Autre collision,,,,,,,,,,,1,1,1,1.0,6.0
201100011561,0011-07-29 20:30:00,11,7,29,20,30,130,84,Boulevard de la Paix,,,Plein jour,En agglomération,Hors intersection,Normale,Deux véhicules - côté,,,,,,,,,,,1,2,1,1.0,3.0
201100011562,0011-08-28 16:00:00,11,8,28,16,0,130,84,,,,Plein jour,Hors agglomération,Hors intersection,Normale,Deux véhicules - arrière,,,,,,,,,,,1,1,1,1.0,2.0
201100011563,0011-09-20 19:30:00,11,9,20,19,30,130,50,,,,Nuit sans éclairage public,Hors agglomération,Hors intersection,Normale,Sans collision,,,,,,,,,,,3,1,1,1.0,7.0
201100011564,0011-09-21 17:45:00,11,9,21,17,45,130,24,,,,Crépuscule ou aube,Hors agglomération,Hors intersection,Normale,Deux véhicules - frontale,,,,,,,,,,,2,1,1,1.0,1.0
201100011565,0011-11-04 19:15:00,11,11,4,19,15,130,82,,,,Nuit sans éclairage public,Hors agglomération,Hors intersection,Normale,Deux véhicules - frontale,,,,,,,,,,,3,1,1,1.0,1.0
201100011566,0011-03-11 13:45:00,11,3,11,13,45,40,122,04,,,Plein jour,Hors agglomération,Hors intersection,Normale,Trois véhicules et plus - collisions multiples,,,,,,,,,,,1,1,1,1.0,5.0
201100011567,0011-04-21 11:15:00,11,4,21,11,15,40,122,,,,Plein jour,Hors agglomération,Hors intersection,Normale,Deux véhicules - côté,,,,,,,,,,,1,1,1,1.0,3.0
201100011568,0011-08-14 18:15:00,11,8,14,18,15,40,113,,,,Plein jour,Hors agglomération,Hors intersection,Normale,Deux véhicules - frontale,,,,,,,,,,,1,1,1,1.0,1.0
201100011569,0011-08-20 11:15:00,11,8,20,11,15,40,1,,,,Plein jour,Hors agglomération,Hors intersection,Normale,Deux véhicules - côté,,,,,,,,,,,1,1,1,1.0,3.0
201100011570,0011-08-20 11:00:00,11,8,20,11,0,40,1,,,,Plein jour,Hors agglomération,Hors intersection,Normale,Deux véhicules - arrière,,,,,,,,,,,1,1,1,1.0,2.0
201100011571,0011-08-22 06:30:00,11,8,22,6,30,40,110,,,,Crépuscule ou aube,Hors agglomération,Hors intersection,Normale,Autre collision,,,,,,,,,,,2,1,1,1.0,6.0
201100011572,0011-10-15 18:15:00,11,10,15,18,15,40,113,,,,Crépuscule ou aube,Hors agglomération,Hors intersection,Normale,Deux véhicules - frontale,,,,,,,,,,,2,1,1,1.0,1.0
201100011573,0011-10-19 20:45:00,11,10,19,20,45,40,122,,,,Nuit sans éclairage public,Hors agglomération,Hors intersection,Autre,Sans collision,,,,,,,,,,,3,1,1,9.0,7.0
201100011574,0011-10-31 18:15:00,11,10,31,18,15,40,46,,,,Nuit sans éclairage public,Hors agglomération,Hors intersection,Normale,Autre collision,,,,,,,,,,,3,1,1,1.0,6.0
201100011575,0011-12-29 07:45:00,11,12,29,7,45,40,110,,44.037,6.095,Crépuscule ou aube,Hors agglomération,Hors intersection,Normale,Deux véhicules - frontale,,,,,,,,,,,2,1,1,1.0,1.0
201100011576,0011-05-30 08:30:00,11,5,30,8,30,40,35,,,,Plein jour,Hors agglomération,Hors intersection,Normale,Deux véhicules - frontale,,,,,,,,,,,1,1,1,1.0,1.0
201100011577,0011-06-22 14:00:00,11,6,22,14,0,40,94,,,,Plein jour,Hors agglomération,Hors intersection,Normale,Deux véhicules - côté,,,,,,,,,,,1,1,1,1.0,3.0
201100011578,0011-07-28 19:30:00,11,7,28,19,30,40,230,,43.834,5.978,Plein jour,Hors agglomération,Hors intersection,Normale,Autre collision,,,,,,,,,,,1,1,1,1.0,6.0
201100011579,0011-08-08 15:45:00,11,8,8,15,45,40,189,,43.779,5.962,Plein jour,Hors agglomération,Hors intersection,Normale,Deux véhicules - frontale,,,,,,,,,,,1,1,1,1.0,1.0
201100011580,0011-09-07 16:45:00,11,9,7,16,45,40,94,,43.776,5.814,Plein jour,Hors agglomération,Hors intersection,Normale,Deux véhicules - frontale,,,,,,,,,,,1,1,1,1.0,1.0
201100011581,0011-11-04 14:45:00,11,11,4,14,45,40,94,,,,Plein jour,Hors agglomération,Hors intersection,Pluie forte,Deux véhicules - arrière,,,,,,,,,,,1,1,1,3.0,2.0
201100011582,0011-01-04 22:15:00,11,1,4,22,15,40,116,Hameau de DABISSE,43.986,5.928,Nuit avec éclairage allumé,En agglomération,Hors intersection,Autre,Sans collision,,,,,,,,,,,5,2,1,9.0,7.0
201100011583,0011-02-09 23:00:00,11,2,9,23,0,40,77,,43.939,6.047,Nuit sans éclairage public,Hors agglomération,Hors intersection,Normale,Sans collision,,,,,,,,,,,3,1,1,1.0,7.0
201100011584,0011-02-15 15:45:00,11,2,15,15,45,40,149,RD 4096 PK 37,44.034,5.943,Plein jour,En agglomération,Hors intersection,Pluie légère,Deux véhicules - frontale,,,,,,,,,,,1,2,1,2.0,1.0
201100011585,0011-04-19 03:00:00,11,4,19,3,0,40,116,,,,Nuit sans éclairage public,Hors agglomération,Hors intersection,Normale,Sans collision,,,,,,,,,,,3,1,1,1.0,7.0
201100011586,0011-04-26 08:30:00,11,4,26,8,30,40,116,rue de l'Anonciade,,,Plein jour,En agglomération,Hors intersection,Normale,Sans collision,,,,,,,,,,,1,2,1,1.0,7.0
201100011587,0011-06-04 08:45:00,11,6,4,8,45,40,41,,,,Plein jour,Hors agglomération,Hors intersection,Temps couvert,Deux véhicules - frontale,,,,,,,,,,,1,1,1,8.0,1.0
201100011588,0011-07-03 09:15:00,11,7,3,9,15,40,143,avenue ABDON MARTIN,,,Plein jour,En agglomération,Hors intersection,Normale,Autre collision,,,,,,,,,,,1,2,1,1.0,6.0
201100011589,0011-08-07 14:30:00,11,8,7,14,30,40,149,,,,Plein jour,Hors agglomération,Hors intersection,Normale,Trois véhicules et plus - collisions multiples,,,,,,,,,,,1,1,1,1.0,5.0
201100011590,0011-08-18 14:30:00,11,8,18,14,30,40,116,,,,Plein jour,Hors agglomération,Hors intersection,Normale,Deux véhicules - arrière,,,,,,,,,,,1,1,1,1.0,2.0
201100011591,0011-08-23 21:45:00,11,8,23,21,45,40,116,1 boulevard des tilleuls,,,Plein jour,En agglomération,Hors intersection,Normale,Autre collision,,,,,,,,,,,1,2,1,1.0,6.0
201100011592,0011-09-02 17:15:00,11,9,2,17,15,40,116,,44.042,5.997,Plein jour,Hors agglomération,Hors intersection,Normale,Trois véhicules et plus - collisions multiples,,,,,,,,,,,1,1,1,1.0,5.0
201100011593,0011-09-08 18:15:00,11,9,8,18,15,40,34,route d'ORAISON,,,Plein jour,En agglomération,Hors intersection,Normale,Sans collision,,,,,,,,,,,1,2,1,1.0,7.0
201100011594,0011-09-09 16:45:00,11,9,9,16,45,40,149,,44.048,5.957,Plein jour,Hors agglomération,Hors intersection,Normale,Deux véhicules - côté,,,,,,,,,,,1,1,1,1.0,3.0
201100011595,0011-10-22 09:30:00,11,10,22,9,30,40,143,,43.925,5.917,Plein jour,Hors agglomération,Hors intersection,Normale,Deux véhicules - côté,,,,,,,,,,,1,1,1,1.0,3.0
201100011596,0011-12-06 14:30:00,11,12,6,14,30,40,108,,,,Plein jour,Hors agglomération,Hors intersection,Normale,Sans collision,,,,,,,,,,,1,1,1,1.0,7.0
201100011597,0011-12-18 06:00:00,11,12,18,6,0,40,143,,,,Crépuscule ou aube,En agglomération,Hors intersection,Normale,Autre collision,,,,,,,,,,,2,2,1,1.0,6.0
201100011598,0011-12-24 10:30:00,11,12,24,10,30,40,143,Avenue Abdon MARTIN,43.922,5.92,Plein jour,En agglomération,Hors intersection,Normale,Sans collision,,,,,,,,,,,1,2,1,1.0,7.0
201100011599,0011-03-21 14:15:00,11,3,21,14,15,40,121,04,,,Plein jour,En agglomération,Hors intersection,Normale,Autre collision,,,,,,,,,,,1,2,1,1.0,6.0
201100011600,0011-08-27 15:15:00,11,8,27,15,15,40,204,,,,Plein jour,Hors agglomération,Hors intersection,Normale,Autre collision,,,,,,,,,,,1,1,1,1.0,6.0
201100011601,0011-02-05 03:30:00,11,2,5,3,30,40,96,pont barnuquel,,,Nuit sans éclairage public,En agglomération,Hors intersection,Normale,Autre collision,,,,,,,,,,,3,2,1,1.0,6.0
201100011602,0011-02-24 18:45:00,11,2,24,18,45,40,96,PR 93+520,,,Nuit sans éclairage public,En agglomération,Hors intersection,Normale,Deux véhicules - frontale,,,,,,,,,,,3,2,1,1.0,1.0
201100011603,0011-04-29 12:45:00,11,4,29,12,45,40,195,04,,,Plein jour,Hors agglomération,Hors intersection,Normale,Sans collision,,,,,,,,,,,1,1,1,1.0,7.0
201100011604,0011-07-07 16:15:00,11,7,7,16,15,40,226,,,,Plein jour,Hors agglomération,Hors intersection,Normale,Deux véhicules - frontale,,,,,,,,,,,1,1,1,1.0,1.0
201100011605,0011-07-16 00:15:00,11,7,16,0,15,40,19,,,,Nuit sans éclairage public,Hors agglomération,Hors intersection,Normale,Deux véhicules - frontale,,,,,,,,,,,3,1,1,1.0,1.0
201100011606,0011-07-30 15:45:00,11,7,30,15,45,40,96,,,,Plein jour,Hors agglomération,Hors intersection,Normale,Sans collision,,,,,,,,,,,1,1,1,1.0,7.0
201100011607,0011-08-12 11:00:00,11,8,12,11,0,40,226,,,,Plein jour,Hors agglomération,Hors intersection,Normale,Deux véhicules - côté,,,,,,,,,,,1,1,1,1.0,3.0
201100011608,0011-08-15 16:00:00,11,8,15,16,0,40,120,,,,Plein jour,Hors agglomération,Hors intersection,Normale,Deux véhicules - côté,,,,,,,,,,,1,1,1,1.0,3.0
201100011609,0011-08-19 10:30:00,11,8,19,10,30,40,86,,44.407,6.703,Plein jour,Hors agglomération,Hors intersection,Normale,Deux véhicules - frontale,,,,,,,,,,,1,1,1,1.0,1.0
201100011610,0011-08-20 04:00:00,11,8,20,4,0,40,220,RD900,44.397,6.575,Nuit sans éclairage public,En agglomération,Hors intersection,Normale,Autre collision,,,,,,,,,,,3,2,1,1.0,6.0
201100011611,0011-08-25 16:15:00,11,8,25,16,15,40,96,,,,Plein jour,Hors agglomération,Hors intersection,Normale,Deux véhicules - frontale,,,,,,,,,,,1,1,1,1.0,1.0
201100011612,0011-08-31 11:45:00,11,8,31,11,45,40,62,,,,Plein jour,Hors agglomération,Hors intersection,Normale,Deux véhicules - côté,,,,,,,,,,,1,1,1,1.0,3.0
201100011613,0011-10-19 17:45:00,11,10,19,17,45,40,96,,44.346,6.784,Crépuscule ou aube,Hors agglomération,Hors intersection,Neige / grêle,Sans collision,,,,,,,,,,,2,1,1,4.0,7.0
201100011614,0011-04-24 12:00:00,11,4,24,12,0,40,205,,,,Plein jour,Hors agglomération,Hors intersection,Temps couvert,Sans collision,,,,,,,,,,,1,1,1,8.0,7.0
201100011615,0011-06-29 17:15:00,11,6,29,17,15,40,161,,,,Plein jour,Hors agglomération,Hors intersection,Normale,Deux véhicules - frontale,,,,,,,,,,,1,1,1,1.0,1.0
201100011616,0011-09-17 16:45:00,11,9,17,16,45,40,102,,,,Plein jour,Hors agglomération,Hors intersection,Normale,Autre collision,,,,,,,,,,,1,1,1,1.0,6.0
201100011617,0011-10-01 12:30:00,11,10,1,12,30,40,102,,,,Plein jour,Hors agglomération,Hors intersection,Normale,Deux véhicules - frontale,,,,,,,,,,,1,1,1,1.0,1.0
201100011618,0011-04-23 14:15:00,11,4,23,14,15,40,39,,43.847,6.542,Plein jour,Hors agglomération,Hors intersection,Pluie forte,Sans collision,,,,,,,,,,,1,1,1,3.0,7.0
201100011619,0011-04-29 15:15:00,11,4,29,15,15,40,39,,43.871,6.493,Plein jour,Hors agglomération,Hors intersection,Pluie légère,Deux véhicules - côté,,,,,,,,,,,1,1,1,2.0,3.0
201100011620,0011-06-12 17:45:00,11,6,12,17,45,40,39,,43.818,6.438,Plein jour,Hors agglomération,Hors intersection,Normale,Deux véhicules - frontale,,,,,,,,,,,1,1,1,1.0,1.0
201100011621,0011-07-28 11:30:00,11,7,28,11,30,40,39,,43.837,6.483,Plein jour,Hors agglomération,Hors intersection,Normale,Deux véhicules - côté,,,,,,,,,,,1,1,1,1.0,3.0
201100011622,0011-07-28 19:15:00,11,7,28,19,15,40,39,,43.864,6.497,Plein jour,Hors agglomération,Hors intersection,Normale,Sans collision,,,,,,,,,,,1,1,1,1.0,7.0
201100011623,0011-08-22 16:15:00,11,8,22,16,15,40,92,,43.833,6.564,Plein jour,Hors agglomération,Hors intersection,Normale,Autre collision,,,,,,,,,,,1,1,1,1.0,6.0
201100011624,0011-08-24 09:30:00,11,8,24,9,30,40,148,,43.82,6.595,Plein jour,Hors agglomération,Hors intersection,Normale,Sans collision,,,,,,,,,,,1,1,1,1.0,7.0
201100011625,0011-08-28 10:30:00,11,8,28,10,30,40,69,,43.891,6.54,Plein jour,Hors agglomération,Hors intersection,Normale,Deux véhicules - frontale,,,,,,,,,,,1,1,1,1.0,1.0
201100011626,0011-10-18 19:00:00,11,10,18,19,0,40,148,,,,Plein jour,Hors agglomération,Hors intersection,Normale,Autre collision,,,,,,,,,,,1,1,1,1.0,6.0
201100011627,0011-07-03 21:45:00,11,7,3,21,45,40,236,,,,Crépuscule ou aube,Hors agglomération,Hors intersection,Normale,Deux véhicules - frontale,,,,,,,,,,,2,1,1,1.0,1.0
201100011628,0011-01-29 01:45:00,11,1,29,1,45,40,6,cd908,,,Nuit avec éclairage allumé,En agglomération,Hors intersection,Normale,Autre collision,,,,,,,,,,,5,2,1,1.0,6.0
201100011629,0011-03-26 19:45:00,11,3,26,19,45,40,25,04,44.151,6.598,Plein jour,Hors agglomération,Hors intersection,Normale,Autre collision,,,,,,,,,,,1,1,1,1.0,6.0
201100011630,0011-03-30 18:00:00,11,3,30,18,0,40,6,04,44.288,6.573,Plein jour,Hors agglomération,Hors intersection,Temps couvert,Deux véhicules - frontale,,,,,,,,,,,1,1,1,8.0,1.0
201100011631,0011-05-31 02:45:00,11,5,31,2,45,40,25,,,,Nuit sans éclairage public,Hors agglomération,Hors intersection,Normale,Autre collision,,,,,,,,,,,3,1,1,1.0,6.0
201100011632,0011-07-04 16:45:00,11,7,4,16,45,40,173,,,,Plein jour,Hors agglomération,Hors intersection,Pluie légère,Deux véhicules - frontale,,,,,,,,,,,1,1,1,2.0,1.0
201100011633,0011-08-29 10:30:00,11,8,29,10,30,40,136,,,,Plein jour,Hors agglomération,Hors intersection,Normale,Deux véhicules - côté,,,,,,,,,,,1,1,1,1.0,3.0
201100011634,0011-04-03 16:45:00,11,4,3,16,45,40,184,04,,,Plein jour,Hors agglomération,Hors intersection,Normale,Sans collision,,,,,,,,,,,1,1,1,1.0,7.0
201100011635,0011-07-10 12:00:00,11,7,10,12,0,40,135,,,,Plein jour,Hors agglomération,Hors intersection,Normale,Deux véhicules - arrière,,,,,,,,,,,1,1,1,1.0,2.0
201100011636,0011-07-16 09:30:00,11,7,16,9,30,40,135,,,,Plein jour,Hors agglomération,Hors intersection,Normale,Deux véhicules - côté,,,,,,,,,,,1,1,1,1.0,3.0
201100011637,0011-08-01 21:00:00,11,8,1,21,0,40,135,RUE DU COURTIL,,,Crépuscule ou aube,En agglomération,Autre intersection,Normale,Autre collision,,,,,,,,,,,2,2,9,1.0,6.0
201100011638,0011-09-19 11:45:00,11,9,19,11,45,40,135,,,,Plein jour,Hors agglomération,Hors intersection,Normale,Sans collision,,,,,,,,,,,1,1,1,1.0,7.0
201100011639,0011-10-08 12:15:00,11,10,8,12,15,40,135,,,,Plein jour,Hors agglomération,Hors intersection,Normale,Sans collision,,,,,,,,,,,1,1,1,1.0,7.0
201100011640,0011-10-09 16:30:00,11,10,9,16,30,40,157,D953,,,Plein jour,En agglomération,Place,Normale,Deux véhicules - frontale,,,,,,,,,,,1,2,7,1.0,1.0
201100011641,0011-11-13 14:45:00,11,11,13,14,45,40,135,,,,Plein jour,Hors agglomération,Hors intersection,Normale,Sans collision,,,,,,,,,,,1,1,1,1.0,7.0
201100011642,0011-01-22 15:45:00,11,1,22,15,45,40,227,,,,Plein jour,Hors agglomération,Hors intersection,Normale,Autre collision,,,,,,,,,,,1,1,1,1.0,6.0
201100011643,0011-01-26 15:45:00,11,1,26,15,45,40,88,Boulevard la TOURETTE,,,Plein jour,En agglomération,Hors intersection,Normale,Autre collision,,,,,,,,,,,1,2,1,1.0,6.0
201100011644,0011-03-04 11:30:00,11,3,4,11,30,40,104,04,,,Plein jour,Hors agglomération,Hors intersection,Normale,Deux véhicules - côté,,,,,,,,,,,1,1,1,1.0,3.0
201100011645,0011-04-03 20:30:00,11,4,3,20,30,40,242,,,,Crépuscule ou aube,Hors agglomération,Hors intersection,Normale,Deux véhicules - côté,,,,,,,,,,,2,1,1,1.0,3.0
201100011646,0011-04-09 13:00:00,11,4,9,13,0,40,88,Av Thierry d'Argenlieu,,,Plein jour,En agglomération,Hors intersection,Normale,Deux véhicules - côté,,,,,,,,,,,1,2,1,1.0,3.0
201100011647,0011-04-15 02:00:00,11,4,15,2,0,40,111,,,,Nuit avec éclairage allumé,Hors agglomération,Hors intersection,Normale,Autre collision,,,,,,,,,,,5,1,1,1.0,6.0
201100011648,0011-04-28 17:15:00,11,4,28,17,15,40,88,avenue saint promase,,,Plein jour,En agglomération,Hors intersection,Pluie forte,Autre collision,,,,,,,,,,,1,2,1,3.0,6.0
201100011649,0011-05-08 08:00:00,11,5,8,8,0,40,242,,,,Plein jour,Hors agglomération,Hors intersection,Normale,Autre collision,,,,,,,,,,,1,1,1,1.0,6.0
201100011650,0011-06-17 14:45:00,11,6,17,14,45,40,242,,,,Plein jour,Hors agglomération,Hors intersection,Normale,Trois véhicules et plus - en chaîne,,,,,,,,,,,1,1,1,1.0,4.0
201100011651,0011-06-25 03:30:00,11,6,25,3,30,40,45,,43.854,5.557,Nuit sans éclairage public,Hors agglomération,Hors intersection,Normale,Autre collision,,,,,,,,,,,3,1,1,1.0,6.0
201100011652,0011-07-07 16:30:00,11,7,7,16,30,40,160,,,,Plein jour,Hors agglomération,Hors intersection,Normale,Sans collision,,,,,,,,,,,1,1,1,1.0,7.0
201100011653,0011-09-13 13:30:00,11,9,13,13,30,40,242,,,,Plein jour,Hors agglomération,Hors intersection,Normale,Trois véhicules et plus - en chaîne,,,,,,,,,,,1,1,1,1.0,4.0
201100011654,0011-10-14 12:45:00,11,10,14,12,45,40,88,Avenue Fontauris,,,Plein jour,En agglomération,Intersection en T,Normale,Deux véhicules - côté,,,,,,,,,,,1,2,3,1.0,3.0
201100011655,0011-12-17 20:30:00,11,12,17,20,30,40,104,,,,Nuit sans éclairage public,Hors agglomération,Hors intersection,Normale,Deux véhicules - frontale,,,,,,,,,,,3,1,1,1.0,1.0
201100011656,0011-12-20 11:45:00,11,12,20,11,45,40,242,,,,Plein jour,Hors agglomération,Hors intersection,Neige / grêle,Deux véhicules - frontale,,,,,,,,,,,1,1,1,4.0,1.0
201100011657,0011-03-10 23:45:00,11,3,10,23,45,40,162,04,,,Nuit sans éclairage public,Hors agglomération,Hors intersection,Normale,Sans collision,,,,,,,,,,,3,1,1,1.0,7.0
201100011658,0011-08-21 15:45:00,11,8,21,15,45,40,208,,43.955,5.53,Plein jour,Hors agglomération,Hors intersection,Normale,Sans collision,,,,,,,,,,,1,1,1,1.0,7.0
201100011659,0011-01-13 16:45:00,11,1,13,16,45,40,128,,,,Plein jour,Hors agglomération,Hors intersection,Normale,Sans collision,,,,,,,,,,,1,1,1,1.0,7.0
201100011660,0011-01-21 17:00:00,11,1,21,17,0,40,152,,,,Plein jour,Hors agglomération,Hors intersection,Normale,Deux véhicules - frontale,,,,,,,,,,,1,1,1,1.0,1.0
201100011661,0011-03-10 08:00:00,11,3,10,8,0,40,245,04,,,Plein jour,Hors agglomération,Hors intersection,Autre,Deux véhicules - frontale,,,,,,,,,,,1,1,1,9.0,1.0
201100011662,0011-03-12 09:30:00,11,3,12,9,30,40,245,04,,,Plein jour,En agglomération,Hors intersection,Normale,Autre collision,,,,,,,,,,,1,2,1,1.0,6.0
201100011663,0011-04-03 10:45:00,11,4,3,10,45,40,245,04,,,Plein jour,Hors agglomération,Hors intersection,Normale,Deux véhicules - frontale,,,,,,,,,,,1,1,1,1.0,1.0
201100011664,0011-06-15 12:45:00,11,6,15,12,45,40,197,ROND POINT AVENUE HUGO,,,Plein jour,En agglomération,Giratoire,Normale,Deux véhicules - frontale,,,,,,,,,,,1,2,6,1.0,1.0
201100011665,0011-06-29 08:15:00,11,6,29,8,15,40,197,32 rue st sebastien,,,Plein jour,En agglomération,Hors intersection,Normale,Autre collision,,,,,,,,,,,1,2,1,1.0,6.0
201100011666,0011-07-02 17:15:00,11,7,2,17,15,40,152,Bld du cr?puscule,,,Plein jour,En agglomération,Hors intersection,Normale,Deux véhicules - côté,,,,,,,,,,,1,2,1,1.0,3.0