accident_id,datetime,annee,mois,jour,heure,minute,departement,commune_insee,adresse,latitude,longitude,luminosite,agglomeration,intersection,meteo,collision,nb_vehicules,nb_usagers,nb_indemnes,nb_tues,nb_blesses_hosp,nb_blesses_legers,age_cond_1,age_cond_2,veh_type_cond_1,veh_type_cond_2,lum_code,agg_code,int_code,atm_code,col_code
201100011800,0011-11-07 18:30:00,11,11,7,18,30,60,161,,,,Nuit avec éclairage allumé,Hors agglomération,Hors intersection,Temps couvert,Deux véhicules - arrière,,,,,,,,,,,5,1,1,8.0,2.0
201100011801,0011-12-09 14:45:00,11,12,9,14,45,60,44,225 rue avenue de verdun,,,Plein jour,En agglomération,Hors intersection,Normale,Autre collision,,,,,,,,,,,1,2,1,1.0,6.0
201100011802,0011-12-22 18:15:00,11,12,22,18,15,60,44,,,,Crépuscule ou aube,Hors agglomération,Hors intersection,Normale,Autre collision,,,,,,,,,,,2,1,1,1.0,6.0
201100011803,0011-12-25 12:00:00,11,12,25,12,0,60,161,,43.638,7.125,Plein jour,En agglomération,Hors intersection,Normale,Autre collision,,,,,,,,,,,1,2,1,1.0,6.0
201100011804,0011-03-19 16:30:00,11,3,19,16,30,60,90,RD-09 ROUTE DE GRASSE,43.603,6.924,Plein jour,En agglomération,Hors intersection,Pluie légère,Deux véhicules - frontale,,,,,,,,,,,1,2,1,2.0,1.0
201100011805,0011-03-20 10:15:00,11,3,20,10,15,60,79,Avenue Henry Clews,43.529,6.943,Plein jour,En agglomération,Hors intersection,Normale,Deux véhicules - frontale,,,,,,,,,,,1,2,1,1.0,1.0
201100011806,0011-05-08 02:45:00,11,5,8,2,45,60,79,Rond point canardiere,,,Nuit avec éclairage allumé,En agglomération,Giratoire,Normale,Autre collision,,,,,,,,,,,5,2,6,1.0,6.0
201100011807,0011-05-12 17:00:00,11,5,12,17,0,60,79,410 AV  COMBATTANTS,,,Plein jour,En agglomération,Hors intersection,Normale,Deux véhicules - côté,,,,,,,,,,,1,2,1,1.0,3.0
201100011808,0011-05-18 18:30:00,11,5,18,18,30,60,79,MANDELIEU,,,Plein jour,En agglomération,Hors intersection,Normale,Deux véhicules - côté,,,,,,,,,,,1,2,1,1.0,3.0
201100011809,0011-05-22 16:15:00,11,5,22,16,15,60,79,Boulevard de la mer,,,Plein jour,En agglomération,Intersection en X,Normale,Autre collision,,,,,,,,,,,1,2,2,1.0,6.0
201100011810,0011-06-01 20:00:00,11,6,1,20,0,60,138,Av. de la c?te d'azur,43.497,6.944,Plein jour,En agglomération,Hors intersection,Normale,Deux véhicules - frontale,,,,,,,,,,,1,2,1,1.0,1.0
201100011811,0011-06-04 01:45:00,11,6,4,1,45,60,90,,,,Nuit sans éclairage public,Hors agglomération,Hors intersection,Normale,Deux véhicules - frontale,,,,,,,,,,,3,1,1,1.0,1.0
201100011812,0011-06-08 08:45:00,11,6,8,8,45,60,79,Rond point des Vanniers,,,Plein jour,En agglomération,Hors intersection,Normale,Deux véhicules - côté,,,,,,,,,,,1,2,1,1.0,3.0
201100011813,0011-06-10 04:45:00,11,6,10,4,45,60,90,,,,Nuit sans éclairage public,Hors agglomération,Hors intersection,Normale,Deux véhicules - frontale,,,,,,,,,,,3,1,1,1.0,1.0
201100011814,0011-08-03 10:30:00,11,8,3,10,30,60,79,RUE DE MOUCHY,43.545,6.94,Plein jour,En agglomération,Hors intersection,Normale,Deux véhicules - côté,,,,,,,,,,,1,2,1,1.0,3.0
201100011815,0011-09-06 12:30:00,11,9,6,12,30,60,79,Boulevard DU MIDI,,,Plein jour,En agglomération,Hors intersection,Normale,Autre collision,,,,,,,,,,,1,2,1,1.0,6.0
201100011816,0011-09-26 23:30:00,11,9,26,23,30,60,79,avenue hanry clews,,,Nuit avec éclairage allumé,En agglomération,Hors intersection,Normale,Sans collision,,,,,,,,,,,5,2,1,1.0,7.0
201100011817,0011-09-28 19:00:00,11,9,28,19,0,60,79,"AVENUE DE LA MER, RD 92",43.536,6.95,Plein jour,En agglomération,Hors intersection,Normale,Deux véhicules - côté,,,,,,,,,,,1,2,1,1.0,3.0
201100011818,0011-10-10 17:15:00,11,10,10,17,15,60,79,avenue de cannes,43.542,6.935,Plein jour,En agglomération,Hors intersection,Normale,Autre collision,,,,,,,,,,,1,2,1,1.0,6.0
201100011819,0011-11-21 18:00:00,11,11,21,18,0,60,79,Bd du bon Puy,,,Nuit avec éclairage allumé,En agglomération,Giratoire,Normale,Sans collision,,,,,,,,,,,5,2,6,1.0,7.0
201100011820,0011-12-15 16:45:00,11,12,15,16,45,60,7,205 route de Grasse,,,Plein jour,En agglomération,Hors intersection,Normale,Autre collision,,,,,,,,,,,1,2,1,1.0,6.0
201100011821,0011-04-10 14:00:00,11,4,10,14,0,60,134,,43.784,6.643,Plein jour,Hors agglomération,Hors intersection,Normale,Deux véhicules - frontale,,,,,,,,,,,1,1,1,1.0,1.0
201100011822,0011-06-09 19:15:00,11,6,9,19,15,60,3,,,,Plein jour,Hors agglomération,Hors intersection,Normale,Autre collision,,,,,,,,,,,1,1,1,1.0,6.0
201100011823,0011-10-18 06:45:00,11,10,18,6,45,60,154,,,,Nuit sans éclairage public,Hors agglomération,Hors intersection,Normale,Autre collision,,,,,,,,,,,3,1,1,1.0,6.0
201100011824,0011-11-26 04:30:00,11,11,26,4,30,60,70,,,,Nuit sans éclairage public,Hors agglomération,Hors intersection,Normale,Autre collision,,,,,,,,,,,3,1,1,1.0,6.0
201100011825,0011-01-21 17:00:00,11,1,21,17,0,60,157,,,,Plein jour,Hors agglomération,Hors intersection,Normale,Deux véhicules - frontale,,,,,,,,,,,1,1,1,1.0,1.0
201100011826,0011-02-22 13:45:00,11,2,22,13,45,60,128,,43.682,7.129,Plein jour,Hors agglomération,Hors intersection,Normale,Trois véhicules et plus - collisions multiples,,,,,,,,,,,1,1,1,1.0,5.0
201100011827,0011-03-02 19:00:00,11,3,2,19,0,60,157,571 avenue Rhin et Danub,43.728,7.101,Nuit avec éclairage allumé,En agglomération,Hors intersection,Normale,Autre collision,,,,,,,,,,,5,2,1,1.0,6.0
201100011828,0011-03-17 11:30:00,11,3,17,11,30,60,157,10 bd Marcellin MAUREL,43.726,7.115,Plein jour,En agglomération,Hors intersection,Normale,Autre collision,,,,,,,,,,,1,2,1,1.0,6.0
201100011829,0011-04-27 19:30:00,11,4,27,19,30,60,157,INTERS LES COLLES RD2210,43.728,7.088,Plein jour,En agglomération,Hors intersection,Normale,Deux véhicules - frontale,,,,,,,,,,,1,2,1,1.0,1.0
201100011830,0011-04-30 22:45:00,11,4,30,22,45,60,128,,,,Nuit sans éclairage public,Hors agglomération,Hors intersection,Normale,Deux véhicules - côté,,,,,,,,,,,3,1,1,1.0,3.0
201100011831,0011-07-07 14:30:00,11,7,7,14,30,60,128,,,,Plein jour,Hors agglomération,Hors intersection,Normale,Deux véhicules - arrière,,,,,,,,,,,1,1,1,1.0,2.0
201100011832,0011-07-24 17:00:00,11,7,24,17,0,60,157,399 AVENUE HENRI GIRAUD,,,Plein jour,En agglomération,Autre intersection,Normale,Deux véhicules - frontale,,,,,,,,,,,1,2,9,1.0,1.0
201100011833,0011-07-29 22:30:00,11,7,29,22,30,60,128,,43.704,7.11,Nuit sans éclairage public,Hors agglomération,Hors intersection,Normale,Deux véhicules - frontale,,,,,,,,,,,3,1,1,1.0,1.0
201100011834,0011-01-10 10:15:00,11,1,10,10,15,60,126,,,,Plein jour,Hors agglomération,Hors intersection,Pluie forte,Deux véhicules - côté,,,,,,,,,,,1,1,1,3.0,3.0
201100011835,0011-02-05 12:45:00,11,2,5,12,45,60,33,2 rue de l'espère,,,Plein jour,En agglomération,Hors intersection,Normale,Deux véhicules - côté,,,,,,,,,,,1,2,1,1.0,3.0
201100011836,0011-02-20 11:15:00,11,2,20,11,15,60,6,,,,Plein jour,Hors agglomération,Hors intersection,Normale,Sans collision,,,,,,,,,,,1,1,1,1.0,7.0
201100011837,0011-02-25 19:15:00,11,2,25,19,15,60,34,,,,Nuit sans éclairage public,Hors agglomération,Hors intersection,Normale,Autre collision,,,,,,,,,,,3,1,1,1.0,6.0
201100011838,0011-04-06 23:00:00,11,4,6,23,0,60,34,,,,Nuit sans éclairage public,Hors agglomération,Hors intersection,Normale,Deux véhicules - arrière,,,,,,,,,,,3,1,1,1.0,2.0
201100011839,0011-05-03 18:15:00,11,5,3,18,15,60,34,4996 route de castagnier,,,Plein jour,En agglomération,Hors intersection,Normale,Deux véhicules - frontale,,,,,,,,,,,1,2,1,1.0,1.0
201100011840,0011-05-28 03:30:00,11,5,28,3,30,60,46,30 RD 6202,,,Nuit avec éclairage allumé,En agglomération,Hors intersection,Normale,Autre collision,,,,,,,,,,,5,2,1,1.0,6.0
201100011841,0011-09-22 21:45:00,11,9,22,21,45,60,33,,,,Nuit avec éclairage allumé,Hors agglomération,Hors intersection,Normale,Trois véhicules et plus - collisions multiples,,,,,,,,,,,5,1,1,1.0,5.0
201100011842,0011-12-07 15:45:00,11,12,7,15,45,60,33,Z industrielle 1? avenue,,,Plein jour,En agglomération,Hors intersection,Normale,Deux véhicules - côté,,,,,,,,,,,1,2,1,1.0,3.0
201100011843,0011-12-24 10:30:00,11,12,24,10,30,60,25,route de la clavé,,,Plein jour,Hors agglomération,Hors intersection,Normale,Sans collision,,,,,,,,,,,1,1,1,1.0,7.0
201100011844,0011-01-14 18:00:00,11,1,14,18,0,60,35,,,,Nuit sans éclairage public,Hors agglomération,Hors intersection,Normale,Autre collision,,,,,,,,,,,3,1,1,1.0,6.0
201100011845,0011-07-31 13:45:00,11,7,31,13,45,60,136,,,,Plein jour,Hors agglomération,Hors intersection,Normale,Sans collision,,,,,,,,,,,1,1,1,1.0,7.0
201100011846,0011-11-18 15:45:00,11,11,18,15,45,60,136,cd2566 / pont liberation,,,Plein jour,En agglomération,Intersection en T,Normale,Deux véhicules - côté,,,,,,,,,,,1,2,3,1.0,3.0
201100011847,0011-01-15 15:15:00,11,1,15,15,15,60,23,Avenue Jean Jaurès,,,Plein jour,En agglomération,Hors intersection,Normale,Deux véhicules - frontale,,,,,,,,,,,1,2,1,1.0,1.0
201100011848,0011-04-09 20:30:00,11,4,9,20,30,60,23,389 AVENUE DE L'AUTHION,,,Crépuscule ou aube,En agglomération,Autre intersection,Normale,Autre collision,,,,,,,,,,,2,2,9,1.0,6.0
201100011849,0011-06-19 10:45:00,11,6,19,10,45,60,163,,,,Plein jour,Hors agglomération,Hors intersection,Temps éblouissant,Deux véhicules - frontale,,,,,,,,,,,1,1,1,7.0,1.0
201100011850,0011-07-03 11:15:00,11,7,3,11,15,60,905,,44.034,7.577,Plein jour,Hors agglomération,Hors intersection,Temps couvert,Autre collision,,,,,,,,,,,1,1,1,8.0,6.0
201100011851,0011-07-09 16:15:00,11,7,9,16,15,60,163,,,,Plein jour,Hors agglomération,Hors intersection,Normale,Autre collision,,,,,,,,,,,1,1,1,1.0,6.0
201100011852,0011-08-18 12:00:00,11,8,18,12,0,60,23,RD 6204-PK 09+650,43.969,7.526,Plein jour,En agglomération,Autre intersection,Normale,Deux véhicules - frontale,,,,,,,,,,,1,2,9,1.0,1.0
201100011853,0011-10-01 17:45:00,11,10,1,17,45,60,23,,,,Plein jour,Hors agglomération,Hors intersection,Normale,Sans collision,,,,,,,,,,,1,1,1,1.0,7.0
201100011854,0011-10-24 10:45:00,11,10,24,10,45,60,23,,43.939,7.519,Plein jour,Hors agglomération,Hors intersection,Pluie légère,Deux véhicules - frontale,,,,,,,,,,,1,1,1,2.0,1.0
201100011855,0011-02-02 12:45:00,11,2,2,12,45,60,59,1517 LATTRE DE TASSIGNY,,,Plein jour,En agglomération,Hors intersection,Normale,Trois véhicules et plus - collisions multiples,,,,,,,,,,,1,2,1,1.0,5.0
201100011856,0011-02-14 07:45:00,11,2,14,7,45,60,59,,,,Plein jour,Hors agglomération,Hors intersection,Normale,Deux véhicules - arrière,,,,,,,,,,,1,1,1,1.0,2.0
201100011857,0011-05-02 14:30:00,11,5,2,14,30,60,32,,,,Plein jour,Hors agglomération,Hors intersection,Normale,Deux véhicules - frontale,,,,,,,,,,,1,1,1,1.0,1.0
201100011858,0011-07-26 01:15:00,11,7,26,1,15,60,59,RD 45 - entr?e d'agglo,,,Nuit avec éclairage allumé,En agglomération,Hors intersection,Normale,Autre collision,,,,,,,,,,,5,2,1,1.0,6.0
201100011859,0011-08-02 11:00:00,11,8,2,11,0,60,59,,,,Plein jour,Hors agglomération,Hors intersection,Normale,Trois véhicules et plus - collisions multiples,,,,,,,,,,,1,1,1,1.0,5.0
201100011860,0011-08-04 16:45:00,11,8,4,16,45,60,150,,,,Plein jour,Hors agglomération,Hors intersection,Normale,Deux véhicules - côté,,,,,,,,,,,1,1,1,1.0,3.0
201100011861,0011-10-10 10:45:00,11,10,10,10,45,60,32,24 avenue Rainier III,,,Plein jour,En agglomération,Hors intersection,Normale,Autre collision,,,,,,,,,,,1,2,1,1.0,6.0
201100011862,0011-11-15 20:45:00,11,11,15,20,45,60,150,,,,Nuit sans éclairage public,Hors agglomération,Hors intersection,Normale,Autre collision,,,,,,,,,,,3,1,1,1.0,6.0
201100011863,0011-12-08 01:00:00,11,12,8,1,0,60,59,,,,Nuit avec éclairage allumé,Hors agglomération,Hors intersection,Normale,Deux véhicules - côté,,,,,,,,,,,5,1,1,1.0,3.0
201100011864,0011-12-12 18:15:00,11,12,12,18,15,60,59,,,,Nuit avec éclairage allumé,En agglomération,Autre intersection,Normale,Autre collision,,,,,,,,,,,5,2,9,1.0,6.0
201100011865,0011-12-20 16:00:00,11,12,20,16,0,60,59,,,,Plein jour,Hors agglomération,Hors intersection,Normale,Autre collision,,,,,,,,,,,1,1,1,1.0,6.0
201100011866,0011-05-28 10:00:00,11,5,28,10,0,60,99,Avenue Alexandre Bar?ty,43.959,6.89,Plein jour,En agglomération,Hors intersection,Normale,Autre collision,,,,,,,,,,,1,2,1,1.0,6.0
201100011867,0011-06-01 11:30:00,11,6,1,11,30,60,99,Avenue Alexandre BARRETY,,,Plein jour,En agglomération,Giratoire,Normale,Deux véhicules - côté,,,,,,,,,,,1,2,6,1.0,3.0
201100011868,0011-06-06 08:45:00,11,6,6,8,45,60,99,avenue adjudant raymond,,,Plein jour,En agglomération,Hors intersection,Normale,Autre collision,,,,,,,,,,,1,2,1,1.0,6.0
201100011869,0011-06-08 16:30:00,11,6,8,16,30,60,78,,,,Plein jour,Hors agglomération,Hors intersection,Pluie légère,Sans collision,,,,,,,,,,,1,1,1,2.0,7.0
201100011870,0011-06-24 19:00:00,11,6,24,19,0,60,98,,,,Plein jour,Hors agglomération,Hors intersection,Normale,Sans collision,,,,,,,,,,,1,1,1,1.0,7.0
201100011871,0011-07-01 16:30:00,11,7,1,16,30,60,144,,,,Plein jour,Hors agglomération,Hors intersection,Normale,Deux véhicules - frontale,,,,,,,,,,,1,1,1,1.0,1.0
201100011872,0011-07-14 09:15:00,11,7,14,9,15,60,101,,,,Plein jour,Hors agglomération,Hors intersection,Normale,Deux véhicules - frontale,,,,,,,,,,,1,1,1,1.0,1.0
201100011873,0011-05-01 14:00:00,11,5,1,14,0,60,16,,,,Plein jour,Hors agglomération,Hors intersection,Normale,Deux véhicules - frontale,,,,,,,,,,,1,1,1,1.0,1.0
201100011874,0011-05-01 16:00:00,11,5,1,16,0,60,56,,,,Plein jour,Hors agglomération,Hors intersection,Normale,Sans collision,,,,,,,,,,,1,1,1,1.0,7.0
201100011875,0011-05-22 13:00:00,11,5,22,13,0,60,94,avenue de valberg,,,Plein jour,En agglomération,Hors intersection,Normale,Deux véhicules - arrière,,,,,,,,,,,1,2,1,1.0,2.0
201100011876,0011-05-28 18:45:00,11,5,28,18,45,60,71,,,,Plein jour,Hors agglomération,Hors intersection,Normale,Deux véhicules - frontale,,,,,,,,,,,1,1,1,1.0,1.0
201100011877,0011-06-11 11:30:00,11,6,11,11,30,60,53,,44.021,6.809,Plein jour,Hors agglomération,Hors intersection,Normale,Sans collision,,,,,,,,,,,1,1,1,1.0,7.0
201100011878,0011-06-25 15:45:00,11,6,25,15,45,60,56,,,,Plein jour,Hors agglomération,Hors intersection,Normale,Deux véhicules - arrière,,,,,,,,,,,1,1,1,1.0,2.0
201100011879,0011-07-13 02:00:00,11,7,13,2,0,60,16,,,,Nuit sans éclairage public,Hors agglomération,Hors intersection,Normale,Sans collision,,,,,,,,,,,3,1,1,1.0,7.0
201100011880,0011-08-04 13:00:00,11,8,4,13,0,60,71,,,,Plein jour,Hors agglomération,Hors intersection,Normale,Sans collision,,,,,,,,,,,1,1,1,1.0,7.0
201100011881,0011-09-03 01:45:00,11,9,3,1,45,60,71,,44.093,6.908,Nuit sans éclairage public,Hors agglomération,Hors intersection,Normale,Sans collision,,,,,,,,,,,3,1,1,1.0,7.0
201100011882,0011-01-20 16:30:00,11,1,20,16,30,60,66,,43.844,7.181,Plein jour,Hors agglomération,Hors intersection,Normale,Deux véhicules - frontale,,,,,,,,,,,1,1,1,1.0,1.0
201100011883,0011-10-02 17:30:00,11,10,2,17,30,60,106,Place du CHAMPON,43.879,7.009,Plein jour,En agglomération,Place,Normale,Autre collision,,,,,,,,,,,1,2,7,1.0,6.0
201100011884,0011-06-20 12:30:00,11,6,20,12,30,60,111,,,,Plein jour,Hors agglomération,Hors intersection,Normale,Sans collision,,,,,,,,,,,1,1,1,1.0,7.0
201100011885,0011-06-20 19:15:00,11,6,20,19,15,60,73,RD 2205,,,Plein jour,En agglomération,Hors intersection,Normale,Autre collision,,,,,,,,,,,1,2,1,1.0,6.0
201100011886,0011-07-03 13:15:00,11,7,3,13,15,60,153,,,,Plein jour,Hors agglomération,Hors intersection,Normale,Deux véhicules - frontale,,,,,,,,,,,1,1,1,1.0,1.0
201100011887,0011-10-14 16:30:00,11,10,14,16,30,60,120,,,,Plein jour,Hors agglomération,Hors intersection,Normale,Sans collision,,,,,,,,,,,1,1,1,1.0,7.0
201100011888,0011-02-11 09:00:00,11,2,11,9,0,830,3,,,,Plein jour,Hors agglomération,Hors intersection,Autre,Sans collision,,,,,,,,,,,1,1,1,9.0,7.0
201100011889,0011-03-31 16:45:00,11,3,31,16,45,830,148,,,,Plein jour,Hors agglomération,Hors intersection,Normale,Autre collision,,,,,,,,,,,1,1,1,1.0,6.0
201100011890,0011-02-27 06:45:00,11,2,27,6,45,830,4,,,,Crépuscule ou aube,Hors agglomération,Hors intersection,Normale,Sans collision,,,,,,,,,,,2,1,1,1.0,7.0
201100011891,0011-03-25 19:15:00,11,3,25,19,15,830,134,,,,Plein jour,Hors agglomération,Hors intersection,Normale,Deux véhicules - frontale,,,,,,,,,,,1,1,1,1.0,1.0
201100011892,0011-04-16 14:00:00,11,4,16,14,0,830,4,,,,Plein jour,Hors agglomération,Hors intersection,Normale,Deux véhicules - frontale,,,,,,,,,,,1,1,1,1.0,1.0
201100011893,0011-04-23 14:45:00,11,4,23,14,45,830,134,,,,Plein jour,Hors agglomération,Hors intersection,Pluie légère,Deux véhicules - frontale,,,,,,,,,,,1,1,1,2.0,1.0
201100011894,0011-06-28 18:30:00,11,6,28,18,30,830,4,,,,Plein jour,Hors agglomération,Hors intersection,Normale,Deux véhicules - frontale,,,,,,,,,,,1,1,1,1.0,1.0
201100011895,0011-08-02 14:00:00,11,8,2,14,0,830,148,,,,Plein jour,Hors agglomération,Hors intersection,Normale,Deux véhicules - côté,,,,,,,,,,,1,1,1,1.0,3.0
201100011896,0011-12-14 17:45:00,11,12,14,17,45,830,4,,,,Nuit sans éclairage public,Hors agglomération,Hors intersection,Normale,Trois véhicules et plus - collisions multiples,,,,,,,,,,,3,1,1,1.0,5.0
201100011897,0011-01-21 20:30:00,11,1,21,20,30,830,44,,43.688,6.512,Nuit sans éclairage public,Hors agglomération,Hors intersection,Normale,Deux véhicules - côté,,,,,,,,,,,3,1,1,1.0,3.0
201100011898,0011-03-17 22:45:00,11,3,17,22,45,830,56,,43.576,6.529,Nuit sans éclairage public,Hors agglomération,Hors intersection,Normale,Sans collision,,,,,,,,,,,3,1,1,1.0,7.0
201100011899,0011-04-04 07:30:00,11,4,4,7,30,830,82,,43.654,6.477,Plein jour,Hors agglomération,Hors intersection,Normale,Trois véhicules et plus - collisions multiples,,,,,,,,,,,1,1,1,1.0,5.0
201100011900,0011-04-12 16:45:00,11,4,12,16,45,830,82,,43.631,6.482,Plein jour,Hors agglomération,Hors intersection,Normale,Autre collision,,,,,,,,,,,1,1,1,1.0,6.0
201100011901,0011-05-15 13:00:00,11,5,15,13,0,830,44,,43.676,6.505,Plein jour,Hors agglomération,Hors intersection,Normale,Autre collision,,,,,,,,,,,1,1,1,1.0,6.0
201100011902,0011-05-28 15:00:00,11,5,28,15,0,830,40,,43.81,6.599,Plein jour,Hors agglomération,Hors intersection,Normale,Sans collision,,,,,,,,,,,1,1,1,1.0,7.0
201100011903,0011-05-28 19:30:00,11,5,28,19,30,830,40,,43.8,6.59,Plein jour,Hors agglomération,Hors intersection,Normale,Autre collision,,,,,,,,,,,1,1,1,1.0,6.0
201100011904,0011-07-24 11:00:00,11,7,24,11,0,830,40,,43.808,6.44,Plein jour,Hors agglomération,Hors intersection,Normale,Autre collision,,,,,,,,,,,1,1,1,1.0,6.0
201100011905,0011-08-07 19:15:00,11,8,7,19,15,830,40,,43.83,6.568,Plein jour,Hors agglomération,Hors intersection,Pluie légère,Deux véhicules - frontale,,,,,,,,,,,1,1,1,2.0,1.0
201100011906,0011-08-12 23:15:00,11,8,12,23,15,830,44,,43.719,6.503,Nuit sans éclairage public,Hors agglomération,Hors intersection,Normale,Autre collision,,,,,,,,,,,3,1,1,1.0,6.0
201100011907,0011-08-14 00:15:00,11,8,14,0,15,830,28,,43.572,6.529,Nuit sans éclairage public,Hors agglomération,Hors intersection,Normale,Sans collision,,,,,,,,,,,3,1,1,1.0,7.0
201100011908,0011-09-04 13:00:00,11,9,4,13,0,830,40,,43.806,6.608,Plein jour,Hors agglomération,Hors intersection,Pluie légère,Deux véhicules - frontale,,,,,,,,,,,1,1,1,2.0,1.0
201100011909,0011-09-11 11:45:00,11,9,11,11,45,830,125,chemin des faisses,43.743,6.629,Plein jour,En agglomération,Hors intersection,Normale,Deux véhicules - côté,,,,,,,,,,,1,2,1,1.0,3.0
201100011910,0011-09-12 12:15:00,11,9,12,12,15,830,56,,43.577,6.502,Plein jour,Hors agglomération,Hors intersection,Normale,Deux véhicules - arrière,,,,,,,,,,,1,1,1,1.0,2.0
201100011911,0011-10-15 15:30:00,11,10,15,15,30,830,142,,43.75,6.437,Plein jour,Hors agglomération,Hors intersection,Normale,Sans collision,,,,,,,,,,,1,1,1,1.0,7.0
201100011912,0011-11-01 17:30:00,11,11,1,17,30,830,13,,43.739,6.628,Crépuscule ou aube,Hors agglomération,Hors intersection,Normale,Autre collision,,,,,,,,,,,2,1,1,1.0,6.0
201100011913,0011-11-26 16:45:00,11,11,26,16,45,830,40,,43.807,6.611,Crépuscule ou aube,Hors agglomération,Hors intersection,Normale,Sans collision,,,,,,,,,,,2,1,1,1.0,7.0
201100011914,0011-12-06 21:15:00,11,12,6,21,15,830,56,,,,Nuit sans éclairage public,Hors agglomération,Hors intersection,Normale,Autre collision,,,,,,,,,,,3,1,1,1.0,6.0
201100011915,0011-12-16 21:00:00,11,12,16,21,0,830,28,,43.579,6.615,Nuit sans éclairage public,Hors agglomération,Hors intersection,Normale,Deux véhicules - côté,,,,,,,,,,,3,1,1,1.0,3.0
201100011916,0011-02-12 07:15:00,11,2,12,7,15,830,55,,,,Crépuscule ou aube,Hors agglomération,Hors intersection,Normale,Deux véhicules - côté,,,,,,,,,,,2,1,1,1.0,3.0
201100011917,0011-02-18 11:00:00,11,2,18,11,0,830,138,,,,Plein jour,Hors agglomération,Hors intersection,Normale,Deux véhicules - arrière,,,,,,,,,,,1,1,1,1.0,2.0
201100011918,0011-03-31 21:45:00,11,3,31,21,45,830,55,,,,Nuit sans éclairage public,Hors agglomération,Hors intersection,Normale,Autre collision,,,,,,,,,,,3,1,1,1.0,6.0
201100011919,0011-05-07 21:00:00,11,5,7,21,0,830,138,,,,Crépuscule ou aube,Hors agglomération,Hors intersection,Normale,Deux véhicules - côté,,,,,,,,,,,2,1,1,1.0,3.0
201100011920,0011-05-11 14:00:00,11,5,11,14,0,830,80,,,,Plein jour,Hors agglomération,Hors intersection,Normale,Autre collision,,,,,,,,,,,1,1,1,1.0,6.0
201100011921,0011-05-18 21:15:00,11,5,18,21,15,830,138,,,,Nuit sans éclairage public,Hors agglomération,Giratoire,Normale,Autre collision,,,,,,,,,,,3,1,6,1.0,6.0
201100011922,0011-05-24 17:30:00,11,5,24,17,30,830,133,,,,Plein jour,Hors agglomération,Hors intersection,Normale,Deux véhicules - frontale,,,,,,,,,,,1,1,1,1.0,1.0
201100011923,0011-05-30 13:30:00,11,5,30,13,30,830,81,,,,Plein jour,Hors agglomération,Hors intersection,Normale,Deux véhicules - côté,,,,,,,,,,,1,1,1,1.0,3.0
201100011924,0011-06-12 03:30:00,11,6,12,3,30,830,81,face Leclerc,,,Nuit avec éclairage allumé,En agglomération,Giratoire,Normale,Autre collision,,,,,,,,,,,5,2,6,1.0,6.0
201100011925,0011-06-25 17:15:00,11,6,25,17,15,830,138,,,,Plein jour,Hors agglomération,Hors intersection,Normale,Autre collision,,,,,,,,,,,1,1,1,1.0,6.0
201100011926,0011-07-30 01:15:00,11,7,30,1,15,830,81,,,,Nuit sans éclairage public,Hors agglomération,Hors intersection,Normale,Autre collision,,,,,,,,,,,3,1,1,1.0,6.0
201100011927,0011-08-24 14:15:00,11,8,24,14,15,830,81,,,,Plein jour,Hors agglomération,Hors intersection,Normale,Deux véhicules - frontale,,,,,,,,,,,1,1,1,1.0,1.0
201100011928,0011-10-17 09:00:00,11,10,17,9,0,830,81,,,,Plein jour,Hors agglomération,Hors intersection,Normale,Deux véhicules - côté,,,,,,,,,,,1,1,1,1.0,3.0
201100011929,0011-12-27 10:45:00,11,12,27,10,45,830,117,,,,Plein jour,Hors agglomération,Hors intersection,Normale,Autre collision,,,,,,,,,,,1,1,1,1.0,6.0
201100011930,0011-01-14 14:00:00,11,1,14,14,0,830,136,,,,Plein jour,Hors agglomération,Hors intersection,Normale,Deux véhicules - arrière,,,,,,,,,,,1,1,1,1.0,2.0
201100011931,0011-03-02 15:15:00,11,3,2,15,15,830,58,,,,Plein jour,Hors agglomération,Hors intersection,Normale,Deux véhicules - frontale,,,,,,,,,,,1,1,1,1.0,1.0
201100011932,0011-04-24 15:00:00,11,4,24,15,0,830,58,,,,Plein jour,Hors agglomération,Hors intersection,Normale,Deux véhicules - côté,,,,,,,,,,,1,1,1,1.0,3.0
201100011933,0011-11-23 12:00:00,11,11,23,12,0,830,72,,43.483,6.315,Plein jour,Hors agglomération,Hors intersection,Normale,Autre collision,,,,,,,,,,,1,1,1,1.0,6.0
201100011934,0011-04-07 11:15:00,11,4,7,11,15,830,73,,,,Plein jour,Hors agglomération,Hors intersection,Normale,Autre collision,,,,,,,,,,,1,1,1,1.0,6.0
201100011935,0011-04-13 20:15:00,11,4,13,20,15,830,18,,,,Plein jour,Hors agglomération,Hors intersection,Normale,Autre collision,,,,,,,,,,,1,1,1,1.0,6.0
201100011936,0011-04-29 12:00:00,11,4,29,12,0,830,92,,,,Plein jour,Hors agglomération,Hors intersection,Normale,Deux véhicules - côté,,,,,,,,,,,1,1,1,1.0,3.0