accident_id,datetime,annee,mois,jour,heure,minute,departement,commune_insee,adresse,latitude,longitude,luminosite,agglomeration,intersection,meteo,collision,nb_vehicules,nb_usagers,nb_indemnes,nb_tues,nb_blesses_hosp,nb_blesses_legers,age_cond_1,age_cond_2,veh_type_cond_1,veh_type_cond_2,lum_code,agg_code,int_code,atm_code,col_code
201100011937,0011-05-08 15:15:00,11,5,8,15,15,830,67,RN97 PLACE PAUL BERT,,,Plein jour,En agglomération,Place,Normale,Autre collision,,,,,,,,,,,1,2,7,1.0,6.0
201100011938,0011-05-19 19:45:00,11,5,19,19,45,830,57,,,,Plein jour,Hors agglomération,Hors intersection,Normale,Deux véhicules - frontale,,,,,,,,,,,1,1,1,1.0,1.0
201100011939,0011-05-27 19:15:00,11,5,27,19,15,830,92,Rue de la Berli?re,,,Plein jour,En agglomération,Hors intersection,Normale,Deux véhicules - côté,,,,,,,,,,,1,2,1,1.0,3.0
201100011940,0011-07-14 14:15:00,11,7,14,14,15,830,67,AVENUE FOCH PK 40.500,,,Plein jour,En agglomération,Hors intersection,Normale,Autre collision,,,,,,,,,,,1,2,1,1.0,6.0
201100011941,0011-08-13 22:45:00,11,8,13,22,45,830,92,,,,Nuit sans éclairage public,Hors agglomération,Hors intersection,Normale,Deux véhicules - côté,,,,,,,,,,,3,1,1,1.0,3.0
201100011942,0011-08-15 02:30:00,11,8,15,2,30,830,73,rue ren? cassin,43.372,6.322,Nuit sans éclairage public,En agglomération,Hors intersection,Normale,Deux véhicules - frontale,,,,,,,,,,,3,2,1,1.0,1.0
201100011943,0011-08-21 18:45:00,11,8,21,18,45,830,18,,,,Plein jour,Hors agglomération,Hors intersection,Normale,Deux véhicules - côté,,,,,,,,,,,1,1,1,1.0,3.0
201100011944,0011-01-16 19:00:00,11,1,16,19,0,830,7,,,,Nuit sans éclairage public,Hors agglomération,Hors intersection,Normale,Autre collision,,,,,,,,,,,3,1,1,1.0,6.0
201100011945,0011-03-05 02:15:00,11,3,5,2,15,830,149,,,,Nuit sans éclairage public,Hors agglomération,Hors intersection,Normale,Sans collision,,,,,,,,,,,3,1,1,1.0,7.0
201100011946,0011-04-19 19:45:00,11,4,19,19,45,830,128,Route de Barjols CD 560,,,Nuit avec éclairage allumé,En agglomération,Hors intersection,Normale,Autre collision,,,,,,,,,,,5,2,1,1.0,6.0
201100011947,0011-09-11 16:00:00,11,9,11,16,0,830,2,,,,Plein jour,Hors agglomération,Hors intersection,Normale,Autre collision,,,,,,,,,,,1,1,1,1.0,6.0
201100011948,0011-09-12 19:45:00,11,9,12,19,45,830,121,,,,Plein jour,Hors agglomération,Hors intersection,Normale,Autre collision,,,,,,,,,,,1,1,1,1.0,6.0
201100011949,0011-09-28 18:00:00,11,9,28,18,0,830,121,,,,Plein jour,Hors agglomération,Hors intersection,Normale,Deux véhicules - frontale,,,,,,,,,,,1,1,1,1.0,1.0
201100011950,0011-12-17 11:45:00,11,12,17,11,45,830,149,,,,Plein jour,Hors agglomération,Hors intersection,Normale,Deux véhicules - arrière,,,,,,,,,,,1,1,1,1.0,2.0
201100011951,0011-12-29 16:00:00,11,12,29,16,0,830,15,,,,Plein jour,Hors agglomération,Hors intersection,Normale,Deux véhicules - côté,,,,,,,,,,,1,1,1,1.0,3.0
201100011952,0011-02-04 17:45:00,11,2,4,17,45,830,23,d12 pr 0+350,,,Crépuscule ou aube,En agglomération,Hors intersection,Normale,Deux véhicules - frontale,,,,,,,,,,,2,2,1,1.0,1.0
201100011953,0011-02-08 19:30:00,11,2,8,19,30,830,23,,,,Nuit sans éclairage public,Hors agglomération,Hors intersection,Normale,Autre collision,,,,,,,,,,,3,1,1,1.0,6.0
201100011954,0011-02-09 09:45:00,11,2,9,9,45,830,23,,,,Plein jour,Hors agglomération,Hors intersection,Brouillard / fumée,Deux véhicules - frontale,,,,,,,,,,,1,1,1,5.0,1.0
201100011955,0011-02-27 02:15:00,11,2,27,2,15,830,23,,,,Nuit sans éclairage public,Hors agglomération,Hors intersection,Normale,Autre collision,,,,,,,,,,,3,1,1,1.0,6.0
201100011956,0011-03-08 16:00:00,11,3,8,16,0,830,143,,,,Plein jour,Hors agglomération,Hors intersection,Normale,Sans collision,,,,,,,,,,,1,1,1,1.0,7.0
201100011957,0011-03-12 12:30:00,11,3,12,12,30,830,143,,,,Plein jour,Hors agglomération,Hors intersection,Normale,Sans collision,,,,,,,,,,,1,1,1,1.0,7.0
201100011958,0011-04-25 07:45:00,11,4,25,7,45,830,23,,,,Plein jour,Hors agglomération,Hors intersection,Normale,Autre collision,,,,,,,,,,,1,1,1,1.0,6.0
201100011959,0011-05-09 16:00:00,11,5,9,16,0,830,23,,,,Plein jour,Hors agglomération,Hors intersection,Normale,Sans collision,,,,,,,,,,,1,1,1,1.0,7.0
201100011960,0011-05-10 16:45:00,11,5,10,16,45,830,23,,,,Plein jour,Hors agglomération,Giratoire,Normale,Deux véhicules - côté,,,,,,,,,,,1,1,6,1.0,3.0
201100011961,0011-05-14 12:30:00,11,5,14,12,30,830,23,,,,Plein jour,Hors agglomération,Hors intersection,Normale,Deux véhicules - arrière,,,,,,,,,,,1,1,1,1.0,2.0
201100011962,0011-05-15 09:15:00,11,5,15,9,15,830,143,,,,Plein jour,Hors agglomération,Hors intersection,Normale,Deux véhicules - côté,,,,,,,,,,,1,1,1,1.0,3.0
201100011963,0011-06-09 17:45:00,11,6,9,17,45,830,23,,,,Plein jour,Hors agglomération,Hors intersection,Normale,Deux véhicules - côté,,,,,,,,,,,1,1,1,1.0,3.0
201100011964,0011-06-20 08:30:00,11,6,20,8,30,830,23,Avenue Foch,43.412,6.063,Plein jour,En agglomération,Hors intersection,Normale,Autre collision,,,,,,,,,,,1,2,1,1.0,6.0
201100011965,0011-06-20 20:15:00,11,6,20,20,15,830,23,,43.395,6.099,Plein jour,Hors agglomération,Hors intersection,Normale,Sans collision,,,,,,,,,,,1,1,1,1.0,7.0
201100011966,0011-06-22 13:45:00,11,6,22,13,45,830,23,,,,Plein jour,Hors agglomération,Hors intersection,Normale,Deux véhicules - frontale,,,,,,,,,,,1,1,1,1.0,1.0
201100011967,0011-06-28 15:00:00,11,6,28,15,0,830,23,,,,Plein jour,Hors agglomération,Hors intersection,Normale,Deux véhicules - frontale,,,,,,,,,,,1,1,1,1.0,1.0
201100011968,0011-07-01 09:30:00,11,7,1,9,30,830,23,,,,Crépuscule ou aube,Hors agglomération,Hors intersection,Normale,Trois véhicules et plus - collisions multiples,,,,,,,,,,,2,1,1,1.0,5.0
201100011969,0011-07-05 07:30:00,11,7,5,7,30,830,23,,43.413,6.044,Plein jour,Hors agglomération,Hors intersection,Normale,Deux véhicules - arrière,,,,,,,,,,,1,1,1,1.0,2.0
201100011970,0011-07-08 17:00:00,11,7,8,17,0,830,23,,,,Plein jour,Hors agglomération,Hors intersection,Normale,Deux véhicules - frontale,,,,,,,,,,,1,1,1,1.0,1.0
201100011971,0011-08-03 12:15:00,11,8,3,12,15,830,23,,43.402,6.046,Plein jour,Hors agglomération,Hors intersection,Normale,Sans collision,,,,,,,,,,,1,1,1,1.0,7.0
201100011972,0011-08-25 11:30:00,11,8,25,11,30,830,23,,43.424,5.999,Plein jour,Hors agglomération,Hors intersection,Normale,Autre collision,,,,,,,,,,,1,1,1,1.0,6.0
201100011973,0011-09-23 09:00:00,11,9,23,9,0,830,23,CD 554 / Parking DE NALE,43.417,6.069,Plein jour,En agglomération,Hors intersection,Normale,Deux véhicules - côté,,,,,,,,,,,1,2,1,1.0,3.0
201100011974,0011-10-02 11:45:00,11,10,2,11,45,830,23,,,,Plein jour,Hors agglomération,Hors intersection,Normale,Sans collision,,,,,,,,,,,1,1,1,1.0,7.0
201100011975,0011-10-07 07:45:00,11,10,7,7,45,830,23,Cours de la Libert?,43.41,6.064,Plein jour,En agglomération,Hors intersection,Normale,Deux véhicules - côté,,,,,,,,,,,1,2,1,1.0,3.0
201100011976,0011-10-09 15:30:00,11,10,9,15,30,830,30,,,,Plein jour,Hors agglomération,Hors intersection,Normale,Deux véhicules - côté,,,,,,,,,,,1,1,1,1.0,3.0
201100011977,0011-11-15 09:00:00,11,11,15,9,0,830,30,,43.374,6.091,Plein jour,Hors agglomération,Hors intersection,Normale,Deux véhicules - frontale,,,,,,,,,,,1,1,1,1.0,1.0
201100011978,0011-11-18 16:00:00,11,11,18,16,0,830,143,,,,Plein jour,Hors agglomération,Hors intersection,Normale,Deux véhicules - côté,,,,,,,,,,,1,1,1,1.0,3.0
201100011979,0011-12-05 23:15:00,11,12,5,23,15,830,143,,43.43,6.07,Nuit sans éclairage public,Hors agglomération,Hors intersection,Normale,Sans collision,,,,,,,,,,,3,1,1,1.0,7.0
201100011980,0011-12-19 19:30:00,11,12,19,19,30,830,23,,,,Nuit sans éclairage public,Hors agglomération,Hors intersection,Normale,Deux véhicules - frontale,,,,,,,,,,,3,1,1,1.0,1.0
201100011981,0011-01-15 14:15:00,11,1,15,14,15,830,154,cd 250 - PK 0+825,,,Plein jour,En agglomération,Hors intersection,Normale,Sans collision,,,,,,,,,,,1,2,1,1.0,7.0
201100011982,0011-01-30 15:30:00,11,1,30,15,30,830,12,Route de MARSEILLE CD560,,,Plein jour,En agglomération,Hors intersection,Temps couvert,Autre collision,,,,,,,,,,,1,2,1,8.0,6.0
201100011983,0011-04-06 17:15:00,11,4,6,17,15,830,32,RD562 PK 10+900,,,Plein jour,En agglomération,Hors intersection,Normale,Trois véhicules et plus - collisions multiples,,,,,,,,,,,1,2,1,1.0,5.0
201100011984,0011-05-08 16:30:00,11,5,8,16,30,830,32,RD562,,,Plein jour,En agglomération,Hors intersection,Normale,Trois véhicules et plus - collisions multiples,,,,,,,,,,,1,2,1,1.0,5.0
201100011985,0011-05-25 19:15:00,11,5,25,19,15,830,95,,,,Plein jour,Hors agglomération,Hors intersection,Normale,Deux véhicules - frontale,,,,,,,,,,,1,1,1,1.0,1.0
201100011986,0011-06-11 10:00:00,11,6,11,10,0,830,32,,,,Plein jour,Hors agglomération,Hors intersection,Normale,Deux véhicules - arrière,,,,,,,,,,,1,1,1,1.0,2.0
201100011987,0011-07-11 10:30:00,11,7,11,10,30,830,95,,,,Plein jour,Hors agglomération,Hors intersection,Normale,Deux véhicules - frontale,,,,,,,,,,,1,1,1,1.0,1.0
201100011988,0011-07-25 17:15:00,11,7,25,17,15,830,32,,,,Plein jour,Hors agglomération,Hors intersection,Normale,Sans collision,,,,,,,,,,,1,1,1,1.0,7.0
201100011989,0011-08-02 17:15:00,11,8,2,17,15,830,12,,,,Plein jour,Hors agglomération,Hors intersection,Normale,Deux véhicules - côté,,,,,,,,,,,1,1,1,1.0,3.0
201100011990,0011-10-26 12:15:00,11,10,26,12,15,830,12,,,,Plein jour,Hors agglomération,Hors intersection,Temps éblouissant,Deux véhicules - arrière,,,,,,,,,,,1,1,1,7.0,2.0
201100011991,0011-01-02 16:30:00,11,1,2,16,30,830,104,7 rue centrale,,,Plein jour,En agglomération,Hors intersection,Normale,Autre collision,,,,,,,,,,,1,2,1,1.0,6.0
201100011992,0011-01-07 14:00:00,11,1,7,14,0,830,150,rte de l'aérodrome,,,Plein jour,En agglomération,Hors intersection,Temps couvert,Deux véhicules - côté,,,,,,,,,,,1,2,1,8.0,3.0
201100011993,0011-01-08 06:15:00,11,1,8,6,15,830,146,,,,Nuit sans éclairage public,Hors agglomération,Hors intersection,Normale,Autre collision,,,,,,,,,,,3,1,1,1.0,6.0
201100011994,0011-02-05 14:30:00,11,2,5,14,30,830,104,,,,Plein jour,Hors agglomération,Hors intersection,Normale,Trois véhicules et plus - collisions multiples,,,,,,,,,,,1,1,1,1.0,5.0
201100011995,0011-05-21 15:00:00,11,5,21,15,0,830,150,Pont du 15 ao?t rd 554,,,Plein jour,En agglomération,Hors intersection,Temps éblouissant,Deux véhicules - frontale,,,,,,,,,,,1,2,1,7.0,1.0
201100011996,0011-06-26 04:15:00,11,6,26,4,15,830,6,,,,Nuit sans éclairage public,Hors agglomération,Hors intersection,Normale,Deux véhicules - arrière,,,,,,,,,,,3,1,1,1.0,2.0
201100011997,0011-07-04 16:00:00,11,7,4,16,0,830,104,,,,Plein jour,Hors agglomération,Hors intersection,Pluie légère,Deux véhicules - frontale,,,,,,,,,,,1,1,1,2.0,1.0
201100011998,0011-08-03 20:30:00,11,8,3,20,30,830,150,,,,Nuit sans éclairage public,Hors agglomération,Hors intersection,Normale,Autre collision,,,,,,,,,,,3,1,1,1.0,6.0
201100011999,0011-08-19 14:15:00,11,8,19,14,15,830,104,Chemin front de l'h?pita,,,Plein jour,En agglomération,Hors intersection,Normale,Deux véhicules - frontale,,,,,,,,,,,1,2,1,1.0,1.0
201100012000,0011-08-25 21:15:00,11,8,25,21,15,830,113,Mont?e du vieux village,,,Nuit avec éclairage allumé,En agglomération,Hors intersection,Normale,Autre collision,,,,,,,,,,,5,2,1,1.0,6.0
201100012001,0011-11-19 10:00:00,11,11,19,10,0,830,146,RD 30  - PK 21.800,,,Plein jour,En agglomération,Hors intersection,Normale,Deux véhicules - arrière,,,,,,,,,,,1,2,1,1.0,2.0
201100012002,0011-01-07 10:00:00,11,1,7,10,0,830,64,,,,Plein jour,Hors agglomération,Hors intersection,Pluie légère,Deux véhicules - frontale,,,,,,,,,,,1,1,1,2.0,1.0
201100012003,0011-02-01 15:45:00,11,2,1,15,45,830,106,,,,Plein jour,Hors agglomération,Hors intersection,Normale,Deux véhicules - frontale,,,,,,,,,,,1,1,1,1.0,1.0
201100012004,0011-03-25 20:00:00,11,3,25,20,0,830,77,auberge de la source,,,Nuit sans éclairage public,En agglomération,Hors intersection,Normale,Deux véhicules - côté,,,,,,,,,,,3,2,1,1.0,3.0
201100012005,0011-03-27 18:00:00,11,3,27,18,0,830,77,,,,Nuit sans éclairage public,Hors agglomération,Hors intersection,Pluie légère,Sans collision,,,,,,,,,,,3,1,1,2.0,7.0
201100012006,0011-04-02 14:30:00,11,4,2,14,30,830,108,,,,Plein jour,Hors agglomération,Autre intersection,Normale,Deux véhicules - côté,,,,,,,,,,,1,1,9,1.0,3.0
201100012007,0011-04-20 11:00:00,11,4,20,11,0,830,77,auberge de la source,,,Plein jour,En agglomération,Autre intersection,Normale,Deux véhicules - côté,,,,,,,,,,,1,2,9,1.0,3.0
201100012008,0011-05-11 18:00:00,11,5,11,18,0,830,108,,,,Plein jour,Hors agglomération,Hors intersection,Normale,Deux véhicules - arrière,,,,,,,,,,,1,1,1,1.0,2.0
201100012009,0011-06-11 07:15:00,11,6,11,7,15,830,64,,,,Plein jour,Hors agglomération,Hors intersection,Normale,Sans collision,,,,,,,,,,,1,1,1,1.0,7.0
201100012010,0011-06-24 14:15:00,11,6,24,14,15,830,106,,43.324,6.068,Plein jour,Hors agglomération,Hors intersection,Normale,Deux véhicules - frontale,,,,,,,,,,,1,1,1,1.0,1.0
201100012011,0011-07-13 09:30:00,11,7,13,9,30,830,106,,,,Plein jour,Hors agglomération,Hors intersection,Pluie légère,Deux véhicules - frontale,,,,,,,,,,,1,1,1,2.0,1.0
201100012012,0011-07-23 17:00:00,11,7,23,17,0,830,64,RD 554,,,Plein jour,En agglomération,Hors intersection,Normale,Trois véhicules et plus - collisions multiples,,,,,,,,,,,1,2,1,1.0,5.0
201100012013,0011-08-15 16:30:00,11,8,15,16,30,830,77,,43.283,5.911,Plein jour,Hors agglomération,Hors intersection,Normale,Sans collision,,,,,,,,,,,1,1,1,1.0,7.0
201100012014,0011-08-25 16:15:00,11,8,25,16,15,830,111,,,,Plein jour,Hors agglomération,Hors intersection,Normale,Deux véhicules - côté,,,,,,,,,,,1,1,1,1.0,3.0
201100012015,0011-09-03 11:00:00,11,9,3,11,0,830,77,,,,Plein jour,Hors agglomération,Hors intersection,Pluie forte,Sans collision,,,,,,,,,,,1,1,1,3.0,7.0
201100012016,0011-09-05 20:30:00,11,9,5,20,30,830,108,,,,Nuit sans éclairage public,Hors agglomération,Hors intersection,Normale,Trois véhicules et plus - collisions multiples,,,,,,,,,,,3,1,1,1.0,5.0
201100012017,0011-09-17 13:15:00,11,9,17,13,15,830,59,,,,Plein jour,Hors agglomération,Hors intersection,Normale,Autre collision,,,,,,,,,,,1,1,1,1.0,6.0
201100012018,0011-09-25 17:45:00,11,9,25,17,45,830,77,,43.283,5.954,Plein jour,Hors agglomération,Hors intersection,Normale,Autre collision,,,,,,,,,,,1,1,1,1.0,6.0
201100012019,0011-12-04 18:00:00,11,12,4,18,0,830,108,,43.346,5.967,Nuit sans éclairage public,Hors agglomération,Hors intersection,Normale,Autre collision,,,,,,,,,,,3,1,1,1.0,6.0
201100012020,0011-12-04 08:45:00,11,12,4,8,45,830,64,,,,Nuit sans éclairage public,Hors agglomération,Hors intersection,Normale,Deux véhicules - côté,,,,,,,,,,,3,1,1,1.0,3.0
201100012021,0011-01-14 06:15:00,11,1,14,6,15,830,116,,,,Nuit sans éclairage public,Hors agglomération,Hors intersection,Normale,Autre collision,,,,,,,,,,,3,1,1,1.0,6.0
201100012022,0011-01-14 18:45:00,11,1,14,18,45,830,87,,,,Nuit sans éclairage public,Hors agglomération,Hors intersection,Brouillard / fumée,Deux véhicules - frontale,,,,,,,,,,,3,1,1,5.0,1.0
201100012023,0011-01-19 07:00:00,11,1,19,7,0,830,110,,,,Nuit sans éclairage public,Hors agglomération,Hors intersection,Brouillard / fumée,Trois véhicules et plus - collisions multiples,,,,,,,,,,,3,1,1,5.0,5.0
201100012024,0011-01-21 19:15:00,11,1,21,19,15,830,140,,,,Nuit sans éclairage public,Hors agglomération,Hors intersection,Normale,Deux véhicules - côté,,,,,,,,,,,3,1,1,1.0,3.0
201100012025,0011-01-22 07:00:00,11,1,22,7,0,830,87,,,,Plein jour,Hors agglomération,Hors intersection,Normale,Autre collision,,,,,,,,,,,1,1,1,1.0,6.0
201100012026,0011-02-07 17:15:00,11,2,7,17,15,830,87,,,,Crépuscule ou aube,Hors agglomération,Hors intersection,Normale,Autre collision,,,,,,,,,,,2,1,1,1.0,6.0
201100012027,0011-03-04 14:45:00,11,3,4,14,45,830,87,,,,Plein jour,Hors agglomération,Hors intersection,Normale,Deux véhicules - frontale,,,,,,,,,,,1,1,1,1.0,1.0
201100012028,0011-03-27 22:30:00,11,3,27,22,30,830,21,rue henri Fabre,43.478,5.956,Nuit avec éclairage allumé,En agglomération,Hors intersection,Normale,Autre collision,,,,,,,,,,,5,2,1,1.0,6.0
201100012029,0011-04-01 19:15:00,11,4,1,19,15,830,110,,43.401,5.88,Plein jour,Hors agglomération,Hors intersection,Normale,Sans collision,,,,,,,,,,,1,1,1,1.0,7.0
201100012030,0011-05-30 15:30:00,11,5,30,15,30,830,87,,,,Plein jour,Hors agglomération,Hors intersection,Normale,Deux véhicules - frontale,,,,,,,,,,,1,1,1,1.0,1.0
201100012031,0011-06-22 22:45:00,11,6,22,22,45,830,140,,43.412,5.975,Nuit sans éclairage public,Hors agglomération,Intersection en T,Normale,Deux véhicules - côté,,,,,,,,,,,3,1,3,1.0,3.0
201100012032,0011-06-24 13:30:00,11,6,24,13,30,830,140,,,,Plein jour,Hors agglomération,Hors intersection,Normale,Deux véhicules - arrière,,,,,,,,,,,1,1,1,1.0,2.0
201100012033,0011-07-06 16:45:00,11,7,6,16,45,830,140,,43.671,5.665,Plein jour,Hors agglomération,Hors intersection,Normale,Deux véhicules - frontale,,,,,,,,,,,1,1,1,1.0,1.0
201100012034,0011-08-10 22:45:00,11,8,10,22,45,830,97,,,,Nuit sans éclairage public,Hors agglomération,Hors intersection,Normale,Autre collision,,,,,,,,,,,3,1,1,1.0,6.0
201100012035,0011-09-01 14:15:00,11,9,1,14,15,830,140,,,,Plein jour,Hors agglomération,Hors intersection,Normale,Deux véhicules - frontale,,,,,,,,,,,1,1,1,1.0,1.0
201100012036,0011-09-28 20:30:00,11,9,28,20,30,830,140,,,,Nuit sans éclairage public,Hors agglomération,Hors intersection,Normale,Deux véhicules - frontale,,,,,,,,,,,3,1,1,1.0,1.0
201100012037,0011-11-03 11:15:00,11,11,3,11,15,830,87,,,,Plein jour,Hors agglomération,Hors intersection,Pluie légère,Deux véhicules - frontale,,,,,,,,,,,1,1,1,2.0,1.0
201100012038,0011-11-24 12:00:00,11,11,24,12,0,830,97,,,,Plein jour,Hors agglomération,Hors intersection,Normale,Deux véhicules - côté,,,,,,,,,,,1,1,1,1.0,3.0
201100012039,0011-12-03 10:00:00,11,12,3,10,0,830,140,,,,Plein jour,Hors agglomération,Hors intersection,Temps couvert,Deux véhicules - frontale,,,,,,,,,,,1,1,1,8.0,1.0
201100012040,0011-12-25 07:00:00,11,12,25,7,0,830,116,,,,Crépuscule ou aube,Hors agglomération,Hors intersection,Normale,Autre collision,,,,,,,,,,,2,1,1,1.0,6.0
201100012041,0011-12-30 18:30:00,11,12,30,18,30,830,140,,,,Nuit sans éclairage public,Hors agglomération,Hors intersection,Temps couvert,Deux véhicules - frontale,,,,,,,,,,,3,1,1,8.0,1.0
201100012042,0011-01-24 10:15:00,11,1,24,10,15,830,107,,,,Plein jour,Hors agglomération,Hors intersection,Normale,Trois véhicules et plus - collisions multiples,,,,,,,,,,,1,1,1,1.0,5.0
201100012043,0011-06-29 20:45:00,11,6,29,20,45,830,107,825 BLD des bruy?res,,,Crépuscule ou aube,En agglomération,Hors intersection,Normale,Autre collision,,,,,,,,,,,2,2,1,1.0,6.0
201100012044,0011-07-29 08:30:00,11,7,29,8,30,830,107,,,,Nuit sans éclairage public,Hors agglomération,Hors intersection,Normale,Deux véhicules - côté,,,,,,,,,,,3,1,1,1.0,3.0
201100012045,0011-12-22 18:00:00,11,12,22,18,0,830,99,,,,Nuit avec éclairage allumé,Hors agglomération,Hors intersection,Normale,Deux véhicules - frontale,,,,,,,,,,,5,1,1,1.0,1.0
201100012046,0011-01-15 21:00:00,11,1,15,21,0,830,68,,43.27,6.56,Nuit avec éclairage allumé,Hors agglomération,Hors intersection,Normale,Autre collision,,,,,,,,,,,5,1,1,1.0,6.0
201100012047,0011-02-01 07:00:00,11,2,1,7,0,830,68,,43.294,6.563,Crépuscule ou aube,Hors agglomération,Hors intersection,Normale,Deux véhicules - côté,,,,,,,,,,,2,1,1,1.0,3.0
201100012048,0011-02-10 15:45:00,11,2,10,15,45,830,68,,43.253,6.552,Plein jour,Hors agglomération,Hors intersection,Normale,Deux véhicules - arrière,,,,,,,,,,,1,1,1,1.0,2.0
201100012049,0011-02-25 19:45:00,11,2,25,19,45,830,68,,43.256,6.508,Nuit sans éclairage public,Hors agglomération,Hors intersection,Normale,Deux véhicules - frontale,,,,,,,,,,,3,1,1,1.0,1.0
201100012050,0011-03-25 07:45:00,11,3,25,7,45,830,68,,43.48,6.831,Plein jour,Hors agglomération,Hors intersection,Normale,Trois véhicules et plus - collisions multiples,,,,,,,,,,,1,1,1,1.0,5.0
201100012051,0011-04-20 12:45:00,11,4,20,12,45,830,68,,43.291,6.619,Plein jour,Hors agglomération,Hors intersection,Normale,Trois véhicules et plus - collisions multiples,,,,,,,,,,,1,1,1,1.0,5.0
201100012052,0011-04-21 14:30:00,11,4,21,14,30,830,42,,43.223,6.506,Plein jour,Hors agglomération,Hors intersection,Normale,Deux véhicules - arrière,,,,,,,,,,,1,1,1,1.0,2.0
201100012053,0011-04-22 18:00:00,11,4,22,18,0,830,42,,43.24,6.52,Plein jour,Hors agglomération,Hors intersection,Normale,Trois véhicules et plus - collisions multiples,,,,,,,,,,,1,1,1,1.0,5.0
201100012054,0011-04-25 21:15:00,11,4,25,21,15,830,79,,43.22,6.5,Nuit sans éclairage public,Hors agglomération,Hors intersection,Normale,Autre collision,,,,,,,,,,,3,1,1,1.0,6.0
201100012055,0011-04-29 15:15:00,11,4,29,15,15,830,68,,43.243,6.602,Plein jour,Hors agglomération,Hors intersection,Normale,Deux véhicules - côté,,,,,,,,,,,1,1,1,1.0,3.0
201100012056,0011-05-04 17:45:00,11,5,4,17,45,830,68,,43.287,6.603,Plein jour,Hors agglomération,Hors intersection,Normale,Deux véhicules - côté,,,,,,,,,,,1,1,1,1.0,3.0
201100012057,0011-05-13 20:30:00,11,5,13,20,30,830,68,,43.272,6.569,Nuit avec éclairage allumé,Hors agglomération,Hors intersection,Normale,Deux véhicules - frontale,,,,,,,,,,,5,1,1,1.0,1.0
201100012058,0011-06-02 22:45:00,11,6,2,22,45,830,68,,43.285,6.58,Nuit avec éclairage allumé,Hors agglomération,Hors intersection,Normale,Trois véhicules et plus - collisions multiples,,,,,,,,,,,5,1,1,1.0,5.0
201100012059,0011-06-13 19:30:00,11,6,13,19,30,830,42,,43.258,6.584,Plein jour,Hors agglomération,Hors intersection,Normale,Sans collision,,,,,,,,,,,1,1,1,1.0,7.0
201100012060,0011-06-14 23:00:00,11,6,14,23,0,830,42,,,,Nuit sans éclairage public,Hors agglomération,Hors intersection,Normale,Deux véhicules - frontale,,,,,,,,,,,3,1,1,1.0,1.0
201100012061,0011-06-15 17:15:00,11,6,15,17,15,830,68,,43.278,6.575,Plein jour,Hors agglomération,Hors intersection,Normale,Deux véhicules - côté,,,,,,,,,,,1,1,1,1.0,3.0
201100012062,0011-06-15 20:15:00,11,6,15,20,15,830,68,,,,Plein jour,Hors agglomération,Hors intersection,Normale,Deux véhicules - frontale,,,,,,,,,,,1,1,1,1.0,1.0
201100012063,0011-06-22 00:15:00,11,6,22,0,15,830,68,,,,Nuit sans éclairage public,Hors agglomération,Hors intersection,Normale,Trois véhicules et plus - collisions multiples,,,,,,,,,,,3,1,1,1.0,5.0
201100012064,0011-07-14 19:00:00,11,7,14,19,0,830,68,,43.276,6.512,Plein jour,Hors agglomération,Hors intersection,Normale,Deux véhicules - frontale,,,,,,,,,,,1,1,1,1.0,1.0
201100012065,0011-07-14 22:00:00,11,7,14,22,0,830,42,boulevard MICHELET,,,Nuit avec éclairage allumé,En agglomération,Hors intersection,Normale,Autre collision,,,,,,,,,,,5,2,1,1.0,6.0
201100012066,0011-08-10 07:45:00,11,8,10,7,45,830,68,RD 559 - PK 90+700,,,Plein jour,En agglomération,Hors intersection,Normale,Deux véhicules - arrière,,,,,,,,,,,1,2,1,1.0,2.0
201100012067,0011-08-11 16:30:00,11,8,11,16,30,830,42,CD 48,43.26,6.526,Plein jour,En agglomération,Hors intersection,Normale,Deux véhicules - frontale,,,,,,,,,,,1,2,1,1.0,1.0
201100012068,0011-08-17 23:30:00,11,8,17,23,30,830,68,,,,Nuit avec éclairage non allumé,Hors agglomération,Hors intersection,Normale,Deux véhicules - frontale,,,,,,,,,,,4,1,1,1.0,1.0
201100012069,0011-08-18 02:45:00,11,8,18,2,45,830,68,,,,Nuit sans éclairage public,Hors agglomération,Hors intersection,Normale,Autre collision,,,,,,,,,,,3,1,1,1.0,6.0
201100012070,0011-08-20 10:45:00,11,8,20,10,45,830,68,,,,Plein jour,Hors agglomération,Hors intersection,Normale,Autre collision,,,,,,,,,,,1,1,1,1.0,6.0
201100012071,0011-08-23 16:15:00,11,8,23,16,15,830,68,,,,Plein jour,Hors agglomération,Hors intersection,Normale,Deux véhicules - côté,,,,,,,,,,,1,1,1,1.0,3.0
201100012072,0011-08-24 23:45:00,11,8,24,23,45,830,68,,,,Nuit avec éclairage non allumé,Hors agglomération,Hors intersection,Normale,Sans collision,,,,,,,,,,,4,1,1,1.0,7.0