accident_id,datetime,annee,mois,jour,heure,minute,departement,commune_insee,adresse,latitude,longitude,luminosite,agglomeration,intersection,meteo,collision,nb_vehicules,nb_usagers,nb_indemnes,nb_tues,nb_blesses_hosp,nb_blesses_legers,age_cond_1,age_cond_2,veh_type_cond_1,veh_type_cond_2,lum_code,agg_code,int_code,atm_code,col_code
201100012073,0011-08-30 00:45:00,11,8,30,0,45,830,63,AVENUE DE L ESPLANADE,,,Nuit avec éclairage allumé,En agglomération,Hors intersection,Normale,Deux véhicules - arrière,,,,,,,,,,,5,2,1,1.0,2.0
201100012074,0011-09-04 11:15:00,11,9,4,11,15,830,68,,43.273,6.551,Plein jour,Hors agglomération,Giratoire,Pluie légère,Autre collision,,,,,,,,,,,1,1,6,2.0,6.0
201100012075,0011-09-07 12:00:00,11,9,7,12,0,830,68,,,,Plein jour,Hors agglomération,Hors intersection,Normale,Deux véhicules - côté,,,,,,,,,,,1,1,1,1.0,3.0
201100012076,0011-09-08 14:45:00,11,9,8,14,45,830,79,,,,Plein jour,Hors agglomération,Hors intersection,Normale,Autre collision,,,,,,,,,,,1,1,1,1.0,6.0
201100012077,0011-09-24 17:30:00,11,9,24,17,30,830,68,,,,Plein jour,Hors agglomération,Hors intersection,Normale,Deux véhicules - frontale,,,,,,,,,,,1,1,1,1.0,1.0
201100012078,0011-09-24 10:30:00,11,9,24,10,30,830,42,,,,Plein jour,Hors agglomération,Hors intersection,Normale,Trois véhicules et plus - collisions multiples,,,,,,,,,,,1,1,1,1.0,5.0
201100012079,0011-09-25 05:30:00,11,9,25,5,30,830,42,,43.256,6.555,Nuit sans éclairage public,Hors agglomération,Hors intersection,Normale,Autre collision,,,,,,,,,,,3,1,1,1.0,6.0
201100012080,0011-10-06 01:00:00,11,10,6,1,0,830,79,,,,Nuit sans éclairage public,Hors agglomération,Hors intersection,Normale,Sans collision,,,,,,,,,,,3,1,1,1.0,7.0
201100012081,0011-11-01 01:15:00,11,11,1,1,15,830,42,,,,Nuit sans éclairage public,Hors agglomération,Hors intersection,Normale,Deux véhicules - frontale,,,,,,,,,,,3,1,1,1.0,1.0
201100012082,0011-11-07 16:30:00,11,11,7,16,30,830,79,,43.213,6.458,Plein jour,Hors agglomération,Hors intersection,Normale,Deux véhicules - frontale,,,,,,,,,,,1,1,1,1.0,1.0
201100012083,0011-11-25 01:00:00,11,11,25,1,0,830,68,,,,Nuit avec éclairage allumé,Hors agglomération,Giratoire,Normale,Sans collision,,,,,,,,,,,5,1,6,1.0,7.0
201100012084,0011-11-25 18:15:00,11,11,25,18,15,830,68,,,,Nuit sans éclairage public,Hors agglomération,Hors intersection,Normale,Deux véhicules - frontale,,,,,,,,,,,3,1,1,1.0,1.0
201100012085,0011-12-08 17:45:00,11,12,8,17,45,830,42,,,,Nuit avec éclairage allumé,Hors agglomération,Hors intersection,Normale,Deux véhicules - côté,,,,,,,,,,,5,1,1,1.0,3.0
201100012086,0011-12-25 06:00:00,11,12,25,6,0,830,63,,,,Nuit sans éclairage public,Hors agglomération,Hors intersection,Normale,Sans collision,,,,,,,,,,,3,1,1,1.0,7.0
201100012087,0011-01-23 16:15:00,11,1,23,16,15,830,85,RD1555 - gare militaire,,,Plein jour,En agglomération,Hors intersection,Normale,Autre collision,,,,,,,,,,,1,2,1,1.0,6.0
201100012088,0011-02-09 07:00:00,11,2,9,7,0,830,86,,,,Nuit sans éclairage public,Hors agglomération,Autre intersection,Normale,Sans collision,,,,,,,,,,,3,1,9,1.0,7.0
201100012089,0011-05-21 11:45:00,11,5,21,11,45,830,86,,,,Plein jour,Hors agglomération,Hors intersection,Normale,Deux véhicules - côté,,,,,,,,,,,1,1,1,1.0,3.0
201100012090,0011-06-23 10:30:00,11,6,23,10,30,830,1,,,,Plein jour,Hors agglomération,Hors intersection,Normale,Deux véhicules - frontale,,,,,,,,,,,1,1,1,1.0,1.0
201100012091,0011-07-15 16:15:00,11,7,15,16,15,830,86,,,,Plein jour,Hors agglomération,Hors intersection,Normale,Trois véhicules et plus - collisions multiples,,,,,,,,,,,1,1,1,1.0,5.0
201100012092,0011-08-17 19:30:00,11,8,17,19,30,830,8,,,,Plein jour,Hors agglomération,Hors intersection,Temps éblouissant,Trois véhicules et plus - en chaîne,,,,,,,,,,,1,1,1,7.0,4.0
201100012093,0011-08-18 00:45:00,11,8,18,0,45,830,86,,,,Nuit sans éclairage public,Hors agglomération,Hors intersection,Normale,Deux véhicules - frontale,,,,,,,,,,,3,1,1,1.0,1.0
201100012094,0011-08-24 11:30:00,11,8,24,11,30,830,8,,,,Plein jour,Hors agglomération,Hors intersection,Normale,Deux véhicules - frontale,,,,,,,,,,,1,1,1,1.0,1.0
201100012095,0011-09-21 07:15:00,11,9,21,7,15,830,86,,,,Plein jour,Hors agglomération,Hors intersection,Normale,Deux véhicules - côté,,,,,,,,,,,1,1,1,1.0,3.0
201100012096,0011-10-31 14:30:00,11,10,31,14,30,830,86,,,,Plein jour,Hors agglomération,Hors intersection,Normale,Autre collision,,,,,,,,,,,1,1,1,1.0,6.0
201100012097,0011-12-17 14:15:00,11,12,17,14,15,830,86,,,,Plein jour,Hors agglomération,Hors intersection,Normale,Trois véhicules et plus - en chaîne,,,,,,,,,,,1,1,1,1.0,4.0
201100012098,0011-12-21 10:30:00,11,12,21,10,30,830,86,CARREFOUR RD25 ET BD LIB,,,Plein jour,En agglomération,Hors intersection,Normale,Autre collision,,,,,,,,,,,1,2,1,1.0,6.0
201100012099,0011-06-21 23:45:00,11,6,21,23,45,830,115,Boulevard Jean Moulin,,,Nuit avec éclairage allumé,En agglomération,Hors intersection,Normale,Autre collision,,,,,,,,,,,5,2,1,1.0,6.0
201100012100,0011-07-25 02:30:00,11,7,25,2,30,830,115,RD 74,43.327,6.605,Nuit avec éclairage allumé,En agglomération,Hors intersection,Normale,Autre collision,,,,,,,,,,,5,2,1,1.0,6.0
201100012101,0011-08-04 14:30:00,11,8,4,14,30,830,115,,,,Plein jour,Hors agglomération,Hors intersection,Normale,Deux véhicules - côté,,,,,,,,,,,1,1,1,1.0,3.0
201100012102,0011-08-07 16:15:00,11,8,7,16,15,830,115,BD ARISTIDE BRIAND,,,Plein jour,En agglomération,Hors intersection,Normale,Deux véhicules - côté,,,,,,,,,,,1,2,1,1.0,3.0
201100012103,0011-08-18 13:00:00,11,8,18,13,0,830,115,Rond point de NEUEMBURG,,,Plein jour,En agglomération,Giratoire,Normale,Deux véhicules - côté,,,,,,,,,,,1,2,6,1.0,3.0
201100012104,0011-09-05 13:00:00,11,9,5,13,0,830,115,,43.386,6.585,Plein jour,Hors agglomération,Hors intersection,Normale,Trois véhicules et plus - collisions multiples,,,,,,,,,,,1,1,1,1.0,5.0
201100012105,0011-09-14 23:30:00,11,9,14,23,30,830,115,AVENUE JEAN JAURES,,,Nuit avec éclairage allumé,En agglomération,Hors intersection,Normale,Deux véhicules - côté,,,,,,,,,,,5,2,1,1.0,3.0
201100012106,0011-10-14 19:45:00,11,10,14,19,45,830,115,RD559,,,Nuit avec éclairage allumé,En agglomération,Hors intersection,Normale,Deux véhicules - frontale,,,,,,,,,,,5,2,1,1.0,1.0
201100012107,0011-10-22 19:15:00,11,10,22,19,15,830,115,rue de VERDUN,,,Nuit avec éclairage allumé,En agglomération,Hors intersection,Normale,Autre collision,,,,,,,,,,,5,2,1,1.0,6.0
201100012108,0011-04-02 10:30:00,11,4,2,10,30,830,101,,43.29,6.638,Plein jour,Hors agglomération,Hors intersection,Normale,Deux véhicules - frontale,,,,,,,,,,,1,1,1,1.0,1.0
201100012109,0011-04-09 20:15:00,11,4,9,20,15,830,65,,43.224,6.571,Nuit sans éclairage public,Hors agglomération,Hors intersection,Normale,Deux véhicules - côté,,,,,,,,,,,3,1,1,1.0,3.0
201100012110,0011-05-21 18:15:00,11,5,21,18,15,830,65,,43.264,6.619,Plein jour,Hors agglomération,Hors intersection,Normale,Deux véhicules - arrière,,,,,,,,,,,1,1,1,1.0,2.0
201100012111,0011-06-10 10:15:00,11,6,10,10,15,830,65,,,,Plein jour,Hors agglomération,Hors intersection,Normale,Deux véhicules - frontale,,,,,,,,,,,1,1,1,1.0,1.0
201100012112,0011-06-13 19:30:00,11,6,13,19,30,830,119,,43.396,6.097,Plein jour,Hors agglomération,Hors intersection,Normale,Autre collision,,,,,,,,,,,1,1,1,1.0,6.0
201100012113,0011-06-17 17:15:00,11,6,17,17,15,830,101,Voie communale La rocade,43.214,6.616,Plein jour,En agglomération,Hors intersection,Normale,Deux véhicules - frontale,,,,,,,,,,,1,2,1,1.0,1.0
201100012114,0011-07-08 12:15:00,11,7,8,12,15,830,65,,,,Plein jour,Hors agglomération,Hors intersection,Normale,Deux véhicules - côté,,,,,,,,,,,1,1,1,1.0,3.0
201100012115,0011-07-14 19:30:00,11,7,14,19,30,830,101,,,,Plein jour,Hors agglomération,Hors intersection,Normale,Deux véhicules - frontale,,,,,,,,,,,1,1,1,1.0,1.0
201100012116,0011-07-15 19:45:00,11,7,15,19,45,830,65,,43.426,6.008,Plein jour,Hors agglomération,Hors intersection,Normale,Deux véhicules - côté,,,,,,,,,,,1,1,1,1.0,3.0
201100012117,0011-07-18 05:00:00,11,7,18,5,0,830,65,,43.257,6.591,Nuit sans éclairage public,Hors agglomération,Hors intersection,Normale,Deux véhicules - frontale,,,,,,,,,,,3,1,1,1.0,1.0
201100012118,0011-07-29 14:30:00,11,7,29,14,30,830,65,,,,Plein jour,Hors agglomération,Hors intersection,Normale,Autre collision,,,,,,,,,,,1,1,1,1.0,6.0
201100012119,0011-08-10 17:00:00,11,8,10,17,0,830,65,,43.258,6.62,Plein jour,Hors agglomération,Hors intersection,Normale,Deux véhicules - côté,,,,,,,,,,,1,1,1,1.0,3.0
201100012120,0011-08-16 21:45:00,11,8,16,21,45,830,119,AV. DU 11 NOVEMBRE 1918,,,Nuit avec éclairage allumé,En agglomération,Autre intersection,Normale,Deux véhicules - frontale,,,,,,,,,,,5,2,9,1.0,1.0
201100012121,0011-09-14 22:15:00,11,9,14,22,15,830,65,,43.258,6.61,Nuit avec éclairage allumé,Hors agglomération,Hors intersection,Normale,Deux véhicules - côté,,,,,,,,,,,5,1,1,1.0,3.0
201100012122,0011-10-01 06:30:00,11,10,1,6,30,830,65,,43.22,6.588,Nuit sans éclairage public,Hors agglomération,Hors intersection,Normale,Autre collision,,,,,,,,,,,3,1,1,1.0,6.0
201100012123,0011-02-11 19:00:00,11,2,11,19,0,830,53,,,,Nuit sans éclairage public,Hors agglomération,Hors intersection,Normale,Deux véhicules - frontale,,,,,,,,,,,3,1,1,1.0,1.0
201100012124,0011-02-16 12:45:00,11,2,16,12,45,830,127,,43.285,5.822,Plein jour,Hors agglomération,Hors intersection,Pluie légère,Deux véhicules - frontale,,,,,,,,,,,1,1,1,2.0,1.0
201100012125,0011-03-11 21:45:00,11,3,11,21,45,830,16,,,,Nuit sans éclairage public,Hors agglomération,Hors intersection,Normale,Autre collision,,,,,,,,,,,3,1,1,1.0,6.0
201100012126,0011-04-08 15:00:00,11,4,8,15,0,830,16,,,,Plein jour,Hors agglomération,Hors intersection,Normale,Autre collision,,,,,,,,,,,1,1,1,1.0,6.0
201100012127,0011-04-08 18:15:00,11,4,8,18,15,830,16,,,,Plein jour,Hors agglomération,Hors intersection,Normale,Deux véhicules - frontale,,,,,,,,,,,1,1,1,1.0,1.0
201100012128,0011-04-14 15:45:00,11,4,14,15,45,830,35,,,,Plein jour,Hors agglomération,Hors intersection,Normale,Deux véhicules - arrière,,,,,,,,,,,1,1,1,1.0,2.0
201100012129,0011-04-24 18:15:00,11,4,24,18,15,830,35,,43.24,5.803,Plein jour,Hors agglomération,Hors intersection,Normale,Deux véhicules - côté,,,,,,,,,,,1,1,1,1.0,3.0
201100012130,0011-05-11 12:15:00,11,5,11,12,15,830,53,rond point PK 15+500,,,Plein jour,En agglomération,Giratoire,Normale,Deux véhicules - côté,,,,,,,,,,,1,2,6,1.0,3.0
201100012131,0011-05-14 21:15:00,11,5,14,21,15,830,53,,,,Nuit sans éclairage public,Hors agglomération,Hors intersection,Normale,Deux véhicules - frontale,,,,,,,,,,,3,1,1,1.0,1.0
201100012132,0011-07-12 22:45:00,11,7,12,22,45,830,35,,,,Nuit sans éclairage public,Hors agglomération,Hors intersection,Normale,Deux véhicules - frontale,,,,,,,,,,,3,1,1,1.0,1.0
201100012133,0011-07-31 10:30:00,11,7,31,10,30,830,16,RDN8 PK 12+100,,,Plein jour,En agglomération,Hors intersection,Normale,Deux véhicules - arrière,,,,,,,,,,,1,2,1,1.0,2.0
201100012134,0011-09-10 15:45:00,11,9,10,15,45,830,35,,,,Plein jour,Hors agglomération,Hors intersection,Normale,Trois véhicules et plus - collisions multiples,,,,,,,,,,,1,1,1,1.0,5.0
201100012135,0011-09-17 15:00:00,11,9,17,15,0,830,35,,,,Plein jour,Hors agglomération,Autre intersection,Normale,Deux véhicules - côté,,,,,,,,,,,1,1,9,1.0,3.0
201100012136,0011-11-16 09:45:00,11,11,16,9,45,830,16,,,,Plein jour,Hors agglomération,Hors intersection,Normale,Deux véhicules - côté,,,,,,,,,,,1,1,1,1.0,3.0
201100012137,0011-12-04 11:30:00,11,12,4,11,30,830,16,,,,Plein jour,Hors agglomération,Hors intersection,Normale,Deux véhicules - frontale,,,,,,,,,,,1,1,1,1.0,1.0
201100012138,0011-01-21 08:00:00,11,1,21,8,0,830,47,,,,Plein jour,Hors agglomération,Hors intersection,Autre,Deux véhicules - frontale,,,,,,,,,,,1,1,1,9.0,1.0
201100012139,0011-02-11 21:30:00,11,2,11,21,30,830,47,,48.857,2.341,Nuit sans éclairage public,Hors agglomération,Hors intersection,Normale,Sans collision,,,,,,,,,,,3,1,1,1.0,7.0
201100012140,0011-04-18 22:45:00,11,4,18,22,45,830,47,23 avenue des limans,,,Nuit avec éclairage allumé,En agglomération,Hors intersection,Normale,Deux véhicules - frontale,,,,,,,,,,,5,2,1,1.0,1.0
201100012141,0011-05-12 16:15:00,11,5,12,16,15,830,47,rue Louis M?ric,,,Plein jour,En agglomération,Hors intersection,Normale,Autre collision,,,,,,,,,,,1,2,1,1.0,6.0
201100012142,0011-05-21 23:30:00,11,5,21,23,30,830,47,avenue G?n?ral de Gaulle,,,Nuit avec éclairage allumé,En agglomération,Hors intersection,Normale,Sans collision,,,,,,,,,,,5,2,1,1.0,7.0
201100012143,0011-06-22 14:45:00,11,6,22,14,45,830,47,,,,Plein jour,Hors agglomération,Hors intersection,Normale,Deux véhicules - frontale,,,,,,,,,,,1,1,1,1.0,1.0
201100012144,0011-07-23 22:15:00,11,7,23,22,15,830,47,,,,Nuit sans éclairage public,Hors agglomération,Hors intersection,Normale,Deux véhicules - côté,,,,,,,,,,,3,1,1,1.0,3.0
201100012145,0011-08-05 18:15:00,11,8,5,18,15,830,47,,,,Plein jour,Hors agglomération,Hors intersection,Normale,Trois véhicules et plus - collisions multiples,,,,,,,,,,,1,1,1,1.0,5.0
201100012146,0011-08-20 18:45:00,11,8,20,18,45,830,47,Rue M Lambert/CD29-PK1.8,,,Plein jour,En agglomération,Intersection en T,Normale,Deux véhicules - frontale,,,,,,,,,,,1,2,3,1.0,1.0
201100012147,0011-09-13 08:45:00,11,9,13,8,45,830,47,,,,Plein jour,Hors agglomération,Hors intersection,Normale,Deux véhicules - frontale,,,,,,,,,,,1,1,1,1.0,1.0
201100012148,0011-09-29 19:45:00,11,9,29,19,45,830,47,,,,Nuit sans éclairage public,Hors agglomération,Intersection en T,Normale,Deux véhicules - côté,,,,,,,,,,,3,1,3,1.0,3.0
201100012149,0011-05-31 11:00:00,11,5,31,11,0,830,71,avenue de la 1ere DFL,,,Plein jour,En agglomération,Hors intersection,Normale,Deux véhicules - frontale,,,,,,,,,,,1,2,1,1.0,1.0
201100012150,0011-08-08 12:15:00,11,8,8,12,15,830,71,,,,Plein jour,Hors agglomération,Hors intersection,Normale,Deux véhicules - côté,,,,,,,,,,,1,1,1,1.0,3.0
201100012151,0011-12-11 04:30:00,11,12,11,4,30,830,71,,43.248,6.457,Nuit sans éclairage public,Hors agglomération,Hors intersection,Normale,Autre collision,,,,,,,,,,,3,1,1,1.0,6.0
201100012152,0011-01-07 07:45:00,11,1,7,7,45,830,112,,,,Nuit sans éclairage public,Hors agglomération,Hors intersection,Pluie légère,Deux véhicules - frontale,,,,,,,,,,,3,1,1,2.0,1.0
201100012153,0011-01-12 20:45:00,11,1,12,20,45,830,27,,,,Nuit sans éclairage public,Hors agglomération,Hors intersection,Normale,Autre collision,,,,,,,,,,,3,1,1,1.0,6.0
201100012154,0011-03-06 15:45:00,11,3,6,15,45,830,112,,,,Plein jour,En agglomération,Hors intersection,Normale,Trois véhicules et plus - collisions multiples,,,,,,,,,,,1,2,1,1.0,5.0
201100012155,0011-03-09 21:45:00,11,3,9,21,45,830,27,,,,Nuit sans éclairage public,Hors agglomération,Hors intersection,Normale,Autre collision,,,,,,,,,,,3,1,1,1.0,6.0
201100012156,0011-06-19 01:45:00,11,6,19,1,45,830,112,,,,Nuit sans éclairage public,Hors agglomération,Hors intersection,Normale,Autre collision,,,,,,,,,,,3,1,1,1.0,6.0
201100012157,0011-07-20 16:30:00,11,7,20,16,30,830,112,,,,Plein jour,En agglomération,Hors intersection,Normale,Autre collision,,,,,,,,,,,1,2,1,1.0,6.0
201100012158,0011-08-07 12:00:00,11,8,7,12,0,830,112,ROUTE DE LA MADRAGUE,,,Plein jour,En agglomération,Hors intersection,Normale,Autre collision,,,,,,,,,,,1,2,1,1.0,6.0
201100012159,0011-08-27 17:45:00,11,8,27,17,45,830,27,,,,Plein jour,Hors agglomération,Hors intersection,Normale,Deux véhicules - frontale,,,,,,,,,,,1,1,1,1.0,1.0
201100012160,0011-09-26 14:30:00,11,9,26,14,30,830,27,rue gabriel PERI,,,Plein jour,En agglomération,Hors intersection,Normale,Autre collision,,,,,,,,,,,1,2,1,1.0,6.0
201100012161,0011-01-27 22:15:00,11,1,27,22,15,840,132,,,,Nuit sans éclairage public,Hors agglomération,Hors intersection,Normale,Deux véhicules - frontale,,,,,,,,,,,3,1,1,1.0,1.0
201100012162,0011-02-25 16:00:00,11,2,25,16,0,840,34,,43.893,4.931,Plein jour,Hors agglomération,Hors intersection,Normale,Trois véhicules et plus - en chaîne,,,,,,,,,,,1,1,1,1.0,4.0
201100012163,0011-04-06 15:00:00,11,4,6,15,0,840,34,,43.886,4.957,Plein jour,Hors agglomération,Hors intersection,Normale,Trois véhicules et plus - collisions multiples,,,,,,,,,,,1,1,1,1.0,5.0
201100012164,0011-05-27 16:15:00,11,5,27,16,15,840,119,,,,Plein jour,Hors agglomération,Hors intersection,Normale,Deux véhicules - côté,,,,,,,,,,,1,1,1,1.0,3.0
201100012165,0011-05-31 21:00:00,11,5,31,21,0,840,132,,43.926,4.985,Nuit sans éclairage public,Hors agglomération,Hors intersection,Normale,Deux véhicules - côté,,,,,,,,,,,3,1,1,1.0,3.0
201100012166,0011-06-09 05:30:00,11,6,9,5,30,840,132,rte de l'isle /la sorgue,,,Plein jour,En agglomération,Hors intersection,Normale,Deux véhicules - frontale,,,,,,,,,,,1,2,1,1.0,1.0
201100012167,0011-06-28 08:45:00,11,6,28,8,45,840,119,,,,Plein jour,Hors agglomération,Hors intersection,Normale,Deux véhicules - frontale,,,,,,,,,,,1,1,1,1.0,1.0
201100012168,0011-07-24 11:30:00,11,7,24,11,30,840,132,,43.885,5.041,Nuit sans éclairage public,Hors agglomération,Hors intersection,Normale,Sans collision,,,,,,,,,,,3,1,1,1.0,7.0
201100012169,0011-08-05 08:45:00,11,8,5,8,45,840,132,ROUTE D'AVIGNON,,,Plein jour,En agglomération,Hors intersection,Normale,Autre collision,,,,,,,,,,,1,2,1,1.0,6.0
201100012170,0011-08-17 18:30:00,11,8,17,18,30,840,55,rue de la r?publique,,,Plein jour,En agglomération,Hors intersection,Normale,Deux véhicules - frontale,,,,,,,,,,,1,2,1,1.0,1.0
201100012171,0011-09-06 17:45:00,11,9,6,17,45,840,34,,,,Plein jour,Hors agglomération,Hors intersection,Normale,Deux véhicules - frontale,,,,,,,,,,,1,1,1,1.0,1.0
201100012172,0011-09-30 04:30:00,11,9,30,4,30,840,34,,,,Nuit sans éclairage public,Hors agglomération,Hors intersection,Normale,Sans collision,,,,,,,,,,,3,1,1,1.0,7.0
201100012173,0011-10-01 13:15:00,11,10,1,13,15,840,132,,,,Plein jour,Hors agglomération,Hors intersection,Normale,Deux véhicules - frontale,,,,,,,,,,,1,1,1,1.0,1.0
201100012174,0011-10-28 16:45:00,11,10,28,16,45,840,132,,43.874,5.028,Plein jour,Hors agglomération,Hors intersection,Normale,Deux véhicules - frontale,,,,,,,,,,,1,1,1,1.0,1.0
201100012175,0011-11-19 00:45:00,11,11,19,0,45,840,34,,,,Nuit sans éclairage public,Hors agglomération,Hors intersection,Normale,Autre collision,,,,,,,,,,,3,1,1,1.0,6.0
201100012176,0011-02-19 11:30:00,11,2,19,11,30,840,54,,,,Plein jour,Hors agglomération,Hors intersection,Normale,Deux véhicules - côté,,,,,,,,,,,1,1,1,1.0,3.0
201100012177,0011-03-11 21:45:00,11,3,11,21,45,840,54,avenue des quatre otages,,,Nuit avec éclairage allumé,En agglomération,Hors intersection,Normale,Autre collision,,,,,,,,,,,5,2,1,1.0,6.0
201100012178,0011-04-01 21:15:00,11,4,1,21,15,840,54,avenue des sorgues,,,Nuit avec éclairage allumé,En agglomération,Hors intersection,Normale,Deux véhicules - côté,,,,,,,,,,,5,2,1,1.0,3.0
201100012179,0011-04-08 18:45:00,11,4,8,18,45,840,54,rond point du bassin,,,Plein jour,En agglomération,Giratoire,Normale,Autre collision,,,,,,,,,,,1,2,6,1.0,6.0
201100012180,0011-04-14 15:45:00,11,4,14,15,45,840,54,Avenue de l'?gali?,,,Plein jour,En agglomération,Hors intersection,Normale,Autre collision,,,,,,,,,,,1,2,1,1.0,6.0
201100012181,0011-04-29 11:15:00,11,4,29,11,15,840,54,rond point Mend?s France,43.936,5.065,Plein jour,En agglomération,Giratoire,Normale,Deux véhicules - côté,,,,,,,,,,,1,2,6,1.0,3.0
201100012182,0011-05-12 13:45:00,11,5,12,13,45,840,54,chemin pont de la sable,43.935,5.057,Plein jour,En agglomération,Hors intersection,Normale,Deux véhicules - côté,,,,,,,,,,,1,2,1,1.0,3.0
201100012183,0011-07-08 16:00:00,11,7,8,16,0,840,54,Chemin de reydet,,,Plein jour,En agglomération,Hors intersection,Normale,Deux véhicules - côté,,,,,,,,,,,1,2,1,1.0,3.0
201100012184,0011-07-19 08:15:00,11,7,19,8,15,840,54,,43.913,5.033,Plein jour,Hors agglomération,Hors intersection,Normale,Autre collision,,,,,,,,,,,1,1,1,1.0,6.0
201100012185,0011-07-28 13:00:00,11,7,28,13,0,840,54,,43.898,5.045,Plein jour,Hors agglomération,Hors intersection,Normale,Autre collision,,,,,,,,,,,1,1,1,1.0,6.0
201100012186,0011-08-21 16:30:00,11,8,21,16,30,840,54,D900 route d'APT,,,Nuit sans éclairage public,En agglomération,Autre intersection,Normale,Sans collision,,,,,,,,,,,3,2,9,1.0,7.0
201100012187,0011-09-18 15:00:00,11,9,18,15,0,840,54,,43.913,5.03,Nuit sans éclairage public,Hors agglomération,Hors intersection,Normale,Sans collision,,,,,,,,,,,3,1,1,1.0,7.0
201100012188,0011-10-02 08:00:00,11,10,2,8,0,840,54,,,,Nuit sans éclairage public,Hors agglomération,Hors intersection,Normale,Sans collision,,,,,,,,,,,3,1,1,1.0,7.0
201100012189,0011-12-06 18:45:00,11,12,6,18,45,840,54,,43.937,5.066,Nuit avec éclairage allumé,En agglomération,Hors intersection,Normale,Deux véhicules - frontale,,,,,,,,,,,5,2,1,1.0,1.0
201100012190,0011-02-02 21:00:00,11,2,2,21,0,840,141,Avenue VIDIER,,,Nuit avec éclairage non allumé,En agglomération,Hors intersection,Normale,Deux véhicules - côté,,,,,,,,,,,4,2,1,1.0,3.0
201100012191,0011-04-21 17:15:00,11,4,21,17,15,840,92,,,,Plein jour,En agglomération,Hors intersection,Normale,Deux véhicules - côté,,,,,,,,,,,1,2,1,1.0,3.0
201100012192,0011-05-14 15:30:00,11,5,14,15,30,840,92,,,,Plein jour,Hors agglomération,Hors intersection,Pluie légère,Deux véhicules - arrière,,,,,,,,,,,1,1,1,2.0,2.0
201100012193,0011-05-28 11:30:00,11,5,28,11,30,840,92,Rue Gerard de nerval,,,Plein jour,En agglomération,Hors intersection,Normale,Deux véhicules - côté,,,,,,,,,,,1,2,1,1.0,3.0
201100012194,0011-06-30 14:00:00,11,6,30,14,0,840,92,La Croix Verte,,,Plein jour,En agglomération,Hors intersection,Normale,Deux véhicules - côté,,,,,,,,,,,1,2,1,1.0,3.0
201100012195,0011-08-01 15:15:00,11,8,1,15,15,840,92,rue jean gassier,,,Plein jour,En agglomération,Autre intersection,Normale,Deux véhicules - côté,,,,,,,,,,,1,2,9,1.0,3.0
201100012196,0011-08-04 15:30:00,11,8,4,15,30,840,92,,,,Plein jour,Hors agglomération,Hors intersection,Normale,Deux véhicules - côté,,,,,,,,,,,1,1,1,1.0,3.0
201100012197,0011-08-14 12:15:00,11,8,14,12,15,840,92,,,,Plein jour,Hors agglomération,Hors intersection,Normale,Deux véhicules - frontale,,,,,,,,,,,1,1,1,1.0,1.0
201100012198,0011-09-01 17:15:00,11,9,1,17,15,840,92,,,,Plein jour,Hors agglomération,Hors intersection,Normale,Deux véhicules - côté,,,,,,,,,,,1,1,1,1.0,3.0
201100012199,0011-10-09 20:30:00,11,10,9,20,30,840,92,,,,Nuit avec éclairage allumé,Hors agglomération,Hors intersection,Vent fort / tempête,Autre collision,,,,,,,,,,,5,1,1,6.0,6.0
201100012200,0011-10-03 12:15:00,11,10,3,12,15,840,92,,,,Plein jour,En agglomération,Hors intersection,Normale,Deux véhicules - côté,,,,,,,,,,,1,2,1,1.0,3.0
201100012201,0011-10-14 20:00:00,11,10,14,20,0,840,92,avenue gustave goutarel,,,Nuit avec éclairage allumé,En agglomération,Hors intersection,Normale,Deux véhicules - arrière,,,,,,,,,,,5,2,1,1.0,2.0
201100012202,0011-10-21 16:15:00,11,10,21,16,15,840,92,,,,Plein jour,Hors agglomération,Hors intersection,Normale,Trois véhicules et plus - collisions multiples,,,,,,,,,,,1,1,1,1.0,5.0
201100012203,0011-12-11 17:45:00,11,12,11,17,45,840,92,,,,Nuit avec éclairage allumé,Hors agglomération,Hors intersection,Normale,Trois véhicules et plus - en chaîne,,,,,,,,,,,5,1,1,1.0,4.0
201100012204,0011-12-16 16:30:00,11,12,16,16,30,840,92,AVENUE GENERAL DE GAULLE,,,Plein jour,En agglomération,Hors intersection,Pluie légère,Deux véhicules - côté,,,,,,,,,,,1,2,1,2.0,3.0
201100012205,0011-12-28 23:30:00,11,12,28,23,30,840,141,avenue pasteur,,,Nuit avec éclairage allumé,En agglomération,Hors intersection,Normale,Deux véhicules - frontale,,,,,,,,,,,5,2,1,1.0,1.0
201100012206,0011-03-29 13:30:00,11,3,29,13,30,840,129,1467 chemin de l'oiselay,44.038,4.859,Plein jour,En agglomération,Hors intersection,Normale,Sans collision,,,,,,,,,,,1,2,1,1.0,7.0