accident_id,datetime,annee,mois,jour,heure,minute,departement,commune_insee,adresse,latitude,longitude,luminosite,agglomeration,intersection,meteo,collision,nb_vehicules,nb_usagers,nb_indemnes,nb_tues,nb_blesses_hosp,nb_blesses_legers,age_cond_1,age_cond_2,veh_type_cond_1,veh_type_cond_2,lum_code,agg_code,int_code,atm_code,col_code
201100012343,0011-08-27 06:30:00,11,8,27,6,30,840,138,ROUTE DE GRILLON,,,Nuit avec éclairage allumé,En agglomération,Hors intersection,Normale,Autre collision,,,,,,,,,,,5,2,1,1.0,6.0
201100012344,0011-10-14 06:30:00,11,10,14,6,30,840,138,,,,Nuit sans éclairage public,Hors agglomération,Hors intersection,Normale,Sans collision,,,,,,,,,,,3,1,1,1.0,7.0
201100012345,0011-11-10 08:45:00,11,11,10,8,45,840,138,,,,Plein jour,Hors agglomération,Hors intersection,Normale,Autre collision,,,,,,,,,,,1,1,1,1.0,6.0
201100012346,0011-12-17 20:15:00,11,12,17,20,15,840,138,,,,Nuit sans éclairage public,Hors agglomération,Hors intersection,Normale,Trois véhicules et plus - collisions multiples,,,,,,,,,,,3,1,1,1.0,5.0
201100012347,0011-01-31 09:15:00,11,1,31,9,15,340,57,STATION GEORGES POMPIDOU,43.64879,3.92135,Plein jour,Hors agglomération,Hors intersection,Normale,Deux véhicules - frontale,,,,,,,,,,,1,1,1,1.0,1.0
201100012348,0011-02-03 08:00:00,11,2,3,8,0,340,57,Rue des Genets - Mendrou,43.63622,3.91724,Plein jour,En agglomération,Hors intersection,Normale,Deux véhicules - côté,,,,,,,,,,,1,2,1,1.0,3.0
201100012349,0011-03-26 08:00:00,11,3,26,8,0,340,57,rue des Perrières,43.63276,3.9114,Plein jour,En agglomération,Hors intersection,Temps couvert,Deux véhicules - frontale,,,,,,,,,,,1,2,1,8.0,1.0
201100012350,0011-04-05 17:20:00,11,4,5,17,20,340,90,chemin departemental,43.65958,3.92722,Plein jour,Hors agglomération,Hors intersection,Normale,Deux véhicules - frontale,,,,,,,,,,,1,1,1,1.0,1.0
201100012351,0011-06-24 15:45:00,11,6,24,15,45,340,57,,43.65,3.899,Plein jour,Hors agglomération,Hors intersection,Normale,Sans collision,,,,,,,,,,,1,1,1,1.0,7.0
201100012352,0011-07-27 17:45:00,11,7,27,17,45,340,57,Chemin d'allut,43.63451,3.91219,Plein jour,En agglomération,Hors intersection,Normale,Deux véhicules - frontale,,,,,,,,,,,1,2,1,1.0,1.0
201100012353,0011-09-02 12:15:00,11,9,2,12,15,340,57,avenue Marcel Dassault,43.6307,3.90932,Plein jour,En agglomération,Hors intersection,Normale,Deux véhicules - frontale,,,,,,,,,,,1,2,1,1.0,1.0
201100012354,0011-09-23 18:15:00,11,9,23,18,15,340,57,1326 avenue de l'Europe,43.636,3.912,Plein jour,En agglomération,Hors intersection,Normale,Deux véhicules - côté,,,,,,,,,,,1,2,1,1.0,3.0
201100012355,0011-12-31 14:00:00,11,12,31,14,0,340,57,,43.648,3.894,Plein jour,Hors agglomération,Hors intersection,Vent fort / tempête,Deux véhicules - frontale,,,,,,,,,,,1,1,1,6.0,1.0
201100012356,0011-01-24 12:30:00,11,1,24,12,30,340,58,Avenue du Moulin à vent,43.67629,3.98267,Plein jour,En agglomération,Hors intersection,Normale,Autre collision,,,,,,,,,,,1,2,1,1.0,6.0
201100012357,0011-02-08 09:00:00,11,2,8,9,0,340,327,RN 113 Avenue de Montpel,43.6539,3.96648,Plein jour,En agglomération,Hors intersection,Normale,Deux véhicules - côté,,,,,,,,,,,1,2,1,1.0,3.0
201100012358,0011-02-11 19:45:00,11,2,11,19,45,340,327,RUE DE LA CADOULE,43.65898,3.98085,Nuit avec éclairage allumé,Hors agglomération,Intersection en T,Normale,Trois véhicules et plus - collisions multiples,,,,,,,,,,,5,1,3,1.0,5.0
201100012359,0011-08-01 15:00:00,11,8,1,15,0,340,327,,43.65219,3.96123,Plein jour,Hors agglomération,Hors intersection,Normale,Deux véhicules - côté,,,,,,,,,,,1,1,1,1.0,3.0
201100012360,0011-10-11 12:15:00,11,10,11,12,15,340,22,avenue de la biste,43.662,4.006,Plein jour,En agglomération,Hors intersection,Normale,Autre collision,,,,,,,,,,,1,2,1,1.0,6.0
201100012361,0011-10-11 17:15:00,11,10,11,17,15,340,58,CD610,43.684,3.987,Plein jour,En agglomération,Hors intersection,Normale,Autre collision,,,,,,,,,,,1,2,1,1.0,6.0
201100012362,0011-10-15 02:00:00,11,10,15,2,0,340,58,,43.696,4.008,Nuit sans éclairage public,Hors agglomération,Hors intersection,Normale,Autre collision,,,,,,,,,,,3,1,1,1.0,6.0
201100012363,0011-10-23 17:00:00,11,10,23,17,0,340,249,,43.72067,3.95221,Plein jour,Hors agglomération,Hors intersection,Temps couvert,Deux véhicules - frontale,,,,,,,,,,,1,1,1,8.0,1.0
201100012364,0011-11-16 15:15:00,11,11,16,15,15,340,58,,,,Plein jour,Hors agglomération,Hors intersection,Normale,Deux véhicules - frontale,,,,,,,,,,,1,1,1,1.0,1.0
201100012365,0011-11-25 12:45:00,11,11,25,12,45,340,227,,43.724,4.034,Plein jour,Hors agglomération,Hors intersection,Normale,Deux véhicules - frontale,,,,,,,,,,,1,1,1,1.0,1.0
201100012366,0011-12-17 11:15:00,11,12,17,11,15,340,327,avenue de Nimes,43.658,3.972,Plein jour,En agglomération,Hors intersection,Normale,Trois véhicules et plus - en chaîne,,,,,,,,,,,1,2,1,1.0,4.0
201100012367,0011-05-01 18:00:00,11,5,1,18,0,340,152,,43.788,3.758,Plein jour,Hors agglomération,Hors intersection,Normale,Autre collision,,,,,,,,,,,1,1,1,1.0,6.0
201100012368,0011-07-06 13:45:00,11,7,6,13,45,340,174,,43.94818,3.76844,Plein jour,Hors agglomération,Hors intersection,Normale,Deux véhicules - frontale,,,,,,,,,,,1,1,1,1.0,1.0
201100012369,0011-08-26 14:45:00,11,8,26,14,45,340,111,,43.95,3.687,Plein jour,Hors agglomération,Hors intersection,Normale,Deux véhicules - côté,,,,,,,,,,,1,1,1,1.0,3.0
201100012370,0011-10-29 21:00:00,11,10,29,21,0,340,174,,43.963,3.831,Nuit sans éclairage public,Hors agglomération,Hors intersection,Autre,Autre collision,,,,,,,,,,,3,1,1,9.0,6.0
201100012371,0011-11-01 17:30:00,11,11,1,17,30,340,111,,43.943,3.692,Crépuscule ou aube,Hors agglomération,Hors intersection,Pluie légère,Deux véhicules - frontale,,,,,,,,,,,2,1,1,2.0,1.0
201100012372,0011-11-08 09:15:00,11,11,8,9,15,340,111,,43.952,3.684,Plein jour,Hors agglomération,Hors intersection,Normale,Autre collision,,,,,,,,,,,1,1,1,1.0,6.0
201100012373,0011-02-08 10:30:00,11,2,8,10,30,340,344,Rue du casino,43.55889,4.08558,Plein jour,En agglomération,Hors intersection,Temps couvert,Autre collision,,,,,,,,,,,1,2,1,8.0,6.0
201100012374,0011-02-18 17:15:00,11,2,18,17,15,340,344,Quai  Robert FAGES,43.56034,4.0806,Plein jour,En agglomération,Hors intersection,Normale,Autre collision,,,,,,,,,,,1,2,1,1.0,6.0
201100012375,0011-02-24 20:00:00,11,2,24,20,0,340,344,,43.5572,4.03763,Nuit sans éclairage public,Hors agglomération,Hors intersection,Normale,Deux véhicules - côté,,,,,,,,,,,3,1,1,1.0,3.0
201100012376,0011-06-03 18:00:00,11,6,3,18,0,340,344,Quai George Pompidou,,,Plein jour,En agglomération,Hors intersection,Normale,Deux véhicules - arrière,,,,,,,,,,,1,2,1,1.0,2.0
201100012377,0011-06-13 15:15:00,11,6,13,15,15,340,344,,,,Plein jour,Hors agglomération,Hors intersection,Normale,Deux véhicules - côté,,,,,,,,,,,1,1,1,1.0,3.0
201100012378,0011-07-01 03:00:00,11,7,1,3,0,340,344,avenue general leclerc,43.56292,4.09449,Nuit avec éclairage allumé,En agglomération,Hors intersection,Normale,Autre collision,,,,,,,,,,,5,2,1,1.0,6.0
201100012379,0011-07-13 18:30:00,11,7,13,18,30,340,344,,43.56683,4.06029,Plein jour,Hors agglomération,Hors intersection,Normale,Deux véhicules - arrière,,,,,,,,,,,1,1,1,1.0,2.0
201100012380,0011-08-02 15:15:00,11,8,2,15,15,340,344,avenue du golf,43.57054,4.10304,Plein jour,En agglomération,Autre intersection,Normale,Deux véhicules - côté,,,,,,,,,,,1,2,9,1.0,3.0
201100012381,0011-09-08 09:45:00,11,9,8,9,45,340,344,rue du Casino,43.55888,4.0856,Plein jour,En agglomération,Hors intersection,Normale,Autre collision,,,,,,,,,,,1,2,1,1.0,6.0
201100012382,0011-09-25 18:00:00,11,9,25,18,0,340,344,Av de LATTRE DE TASSIGNY,,,Plein jour,En agglomération,Hors intersection,Normale,Deux véhicules - frontale,,,,,,,,,,,1,2,1,1.0,1.0
201100012383,0011-10-02 13:15:00,11,10,2,13,15,340,344,AVENUE JEAN BENE,43.937,4.142,Plein jour,En agglomération,Hors intersection,Normale,Deux véhicules - frontale,,,,,,,,,,,1,2,1,1.0,1.0
201100012384,0011-01-04 12:15:00,11,1,4,12,15,340,145,bd general sarrail,43.67982,4.13482,Plein jour,En agglomération,Intersection en T,Temps couvert,Deux véhicules - côté,,,,,,,,,,,1,2,3,8.0,3.0
201100012385,0011-02-23 16:15:00,11,2,23,16,15,340,146,,43.69146,4.05694,Plein jour,Hors agglomération,Hors intersection,Normale,Autre collision,,,,,,,,,,,1,1,1,1.0,6.0
201100012386,0011-02-27 16:15:00,11,2,27,16,15,340,145,CD 110 PK 03+800,43.70768,4.13225,Plein jour,Hors agglomération,Hors intersection,Normale,Deux véhicules - frontale,,,,,,,,,,,1,1,1,1.0,1.0
201100012387,0011-03-09 15:45:00,11,3,9,15,45,340,145,route de Montpellier,43.67734,4.12066,Plein jour,En agglomération,Hors intersection,Temps éblouissant,Deux véhicules - arrière,,,,,,,,,,,1,2,1,7.0,2.0
201100012388,0011-03-12 11:30:00,11,3,12,11,30,340,145,Chemin des merles,43.67747,4.12185,Plein jour,En agglomération,Hors intersection,Normale,Deux véhicules - côté,,,,,,,,,,,1,2,1,1.0,3.0
201100012389,0011-03-31 11:45:00,11,3,31,11,45,340,145,avenue des abrivados,43.67234,4.13046,Plein jour,En agglomération,Hors intersection,Normale,Autre collision,,,,,,,,,,,1,2,1,1.0,6.0
201100012390,0011-04-06 16:45:00,11,4,6,16,45,340,145,175 rue de la r?publique,43.67733,4.13069,Plein jour,En agglomération,Hors intersection,Normale,Deux véhicules - arrière,,,,,,,,,,,1,2,1,1.0,2.0
201100012391,0011-04-11 02:15:00,11,4,11,2,15,340,145,,43.65702,4.13607,Nuit sans éclairage public,Hors agglomération,Hors intersection,Normale,Autre collision,,,,,,,,,,,3,1,1,1.0,6.0
201100012392,0011-04-05 08:45:00,11,4,5,8,45,340,145,rue Tivoli,43.67291,4.13141,Plein jour,En agglomération,Hors intersection,Normale,Autre collision,,,,,,,,,,,1,2,1,1.0,6.0
201100012393,0011-04-16 22:30:00,11,4,16,22,30,340,288,avenue des c?v?nnes,43.73127,4.10568,Nuit avec éclairage allumé,En agglomération,Hors intersection,Normale,Autre collision,,,,,,,,,,,5,2,1,1.0,6.0
201100012394,0011-04-17 19:20:00,11,4,17,19,20,340,145,AV LATTRE DE TASSIGNY,43.679,4.13,Plein jour,En agglomération,Hors intersection,Normale,Deux véhicules - frontale,,,,,,,,,,,1,2,1,1.0,1.0
201100012395,0011-05-28 03:00:00,11,5,28,3,0,340,296,,43.768,4.053,Nuit sans éclairage public,Hors agglomération,Hors intersection,Normale,Autre collision,,,,,,,,,,,3,1,1,1.0,6.0
201100012396,0011-06-09 10:30:00,11,6,9,10,30,340,145,Bld Ste Claire,,,Plein jour,En agglomération,Hors intersection,Normale,Autre collision,,,,,,,,,,,1,2,1,1.0,6.0
201100012397,0011-06-25 10:00:00,11,6,25,10,0,340,321,,43.678,4.057,Plein jour,Hors agglomération,Hors intersection,Normale,Autre collision,,,,,,,,,,,1,1,1,1.0,6.0
201100012398,0011-06-29 00:30:00,11,6,29,0,30,340,33,Av Folco Baroncelli,43.761,4.077,Nuit avec éclairage allumé,En agglomération,Hors intersection,Normale,Deux véhicules - frontale,,,,,,,,,,,5,2,1,1.0,1.0
201100012399,0011-06-24 15:15:00,11,6,24,15,15,340,145,avenue des Abrivados,,,Plein jour,En agglomération,Hors intersection,Normale,Autre collision,,,,,,,,,,,1,2,1,1.0,6.0
201100012400,0011-07-06 16:00:00,11,7,6,16,0,340,145,CD 34 - ch dechetterie,43.673,4.123,Plein jour,En agglomération,Hors intersection,Normale,Deux véhicules - côté,,,,,,,,,,,1,2,1,1.0,3.0
201100012401,0011-07-24 02:30:00,11,7,24,2,30,340,280,,43.65104,4.11609,Nuit sans éclairage public,Hors agglomération,Hors intersection,Normale,Autre collision,,,,,,,,,,,3,1,1,1.0,6.0
201100012402,0011-07-29 17:15:00,11,7,29,17,15,340,151,,43.66617,4.15937,Plein jour,Hors agglomération,Hors intersection,Normale,Deux véhicules - côté,,,,,,,,,,,1,1,1,1.0,3.0
201100012403,0011-08-07 16:45:00,11,8,7,16,45,340,33,,,,Plein jour,Hors agglomération,Hors intersection,Normale,Trois véhicules et plus - collisions multiples,,,,,,,,,,,1,1,1,1.0,5.0
201100012404,0011-08-11 17:15:00,11,8,11,17,15,340,330,,43.171,4.163,Plein jour,Hors agglomération,Hors intersection,Normale,Autre collision,,,,,,,,,,,1,1,1,1.0,6.0
201100012405,0011-09-21 12:00:00,11,9,21,12,0,340,151,,,,Plein jour,Hors agglomération,Hors intersection,Normale,Deux véhicules - côté,,,,,,,,,,,1,1,1,1.0,3.0
201100012406,0011-10-01 02:30:00,11,10,1,2,30,340,145,,,,Nuit sans éclairage public,Hors agglomération,Hors intersection,Normale,Sans collision,,,,,,,,,,,3,1,1,1.0,7.0
201100012407,0011-10-07 14:45:00,11,10,7,14,45,340,151,,43.03,4.252,Plein jour,Hors agglomération,Hors intersection,Normale,Sans collision,,,,,,,,,,,1,1,1,1.0,7.0
201100012408,0011-10-07 22:45:00,11,10,7,22,45,340,272,route de lunel,,,Nuit avec éclairage allumé,En agglomération,Hors intersection,Normale,Autre collision,,,,,,,,,,,5,2,1,1.0,6.0
201100012409,0011-12-16 17:00:00,11,12,16,17,0,340,321,,43.671,4.06799,Crépuscule ou aube,Hors agglomération,Hors intersection,Vent fort / tempête,Deux véhicules - côté,,,,,,,,,,,2,1,1,6.0,3.0
201100012410,0011-05-23 06:45:00,11,5,23,6,45,340,176,,43.64,4.049,Crépuscule ou aube,Hors agglomération,Hors intersection,Temps éblouissant,Deux véhicules - arrière,,,,,,,,,,,2,1,1,7.0,2.0
201100012411,0011-08-15 10:45:00,11,8,15,10,45,340,240,,,,Plein jour,Hors agglomération,Hors intersection,Normale,Autre collision,,,,,,,,,,,1,1,1,1.0,6.0
201100012412,0011-12-28 08:00:00,11,12,28,8,0,340,50,,43.641,4.05999,Crépuscule ou aube,Hors agglomération,Intersection en T,Normale,Deux véhicules - côté,,,,,,,,,,,2,1,3,1.0,3.0
201100012413,0011-02-09 20:30:00,11,2,9,20,30,340,152,,43.75799,3.75092,Nuit sans éclairage public,Hors agglomération,Hors intersection,Normale,Autre collision,,,,,,,,,,,3,1,1,1.0,6.0
201100012414,0011-03-13 20:00:00,11,3,13,20,0,340,297,,43.8294,3.90768,Nuit sans éclairage public,Hors agglomération,Hors intersection,Pluie forte,Deux véhicules - frontale,,,,,,,,,,,3,1,1,3.0,1.0
201100012415,0011-06-26 03:00:00,11,6,26,3,0,340,242,,,,Nuit sans éclairage public,Hors agglomération,Autre intersection,Normale,Autre collision,,,,,,,,,,,3,1,9,1.0,6.0
201100012416,0011-07-15 23:15:00,11,7,15,23,15,340,322,,43.78364,3.87275,Nuit sans éclairage public,Hors agglomération,Hors intersection,Normale,Autre collision,,,,,,,,,,,3,1,1,1.0,6.0
201100012417,0011-10-15 10:15:00,11,10,15,10,15,340,314,,43.751,3.861,Plein jour,Hors agglomération,Hors intersection,Normale,Deux véhicules - frontale,,,,,,,,,,,1,1,1,1.0,1.0
201100012418,0011-11-09 06:30:00,11,11,9,6,30,340,314,,43.741,3.869,Nuit sans éclairage public,Hors agglomération,Hors intersection,Pluie légère,Deux véhicules - frontale,,,,,,,,,,,3,1,1,2.0,1.0
201100012419,0011-12-18 21:15:00,11,12,18,21,15,340,322,,43.807,3.88,Nuit sans éclairage public,Hors agglomération,Hors intersection,Normale,Autre collision,,,,,,,,,,,3,1,1,1.0,6.0
201100012420,0011-03-09 03:15:00,11,3,9,3,15,340,144,,43.72451,3.14775,Nuit sans éclairage public,Hors agglomération,Hors intersection,Normale,Autre collision,,,,,,,,,,,3,1,1,1.0,6.0
201100012421,0011-03-20 05:00:00,11,3,20,5,0,340,252,INTERSECTION D922 / D23,43.65554,3.10991,Nuit sans éclairage public,Hors agglomération,Hors intersection,Normale,Sans collision,,,,,,,,,,,3,1,1,1.0,7.0
201100012422,0011-03-22 17:30:00,11,3,22,17,30,340,312,D922,43.64874,3.11525,Plein jour,Hors agglomération,Autre intersection,Normale,Sans collision,,,,,,,,,,,1,1,9,1.0,7.0
201100012423,0011-04-04 15:30:00,11,4,4,15,30,340,126,,43.60933,3.86682,Plein jour,Hors agglomération,Hors intersection,Normale,Deux véhicules - côté,,,,,,,,,,,1,1,1,1.0,3.0
201100012424,0011-04-25 17:00:00,11,4,25,17,0,340,308,,,,Plein jour,Hors agglomération,Hors intersection,Pluie forte,Deux véhicules - côté,,,,,,,,,,,1,1,1,3.0,3.0
201100012425,0011-05-17 19:30:00,11,5,17,19,30,340,119,RESIDENCE LA TUILERIE,,,Plein jour,En agglomération,Hors intersection,Normale,Autre collision,,,,,,,,,,,1,2,1,1.0,6.0
201100012426,0011-05-18 15:30:00,11,5,18,15,30,340,119,,43.58758,3.12276,Plein jour,Hors agglomération,Hors intersection,Normale,Deux véhicules - côté,,,,,,,,,,,1,1,1,1.0,3.0
201100012427,0011-06-28 12:00:00,11,6,28,12,0,340,257,rue principale,,,Plein jour,En agglomération,Hors intersection,Normale,Autre collision,,,,,,,,,,,1,2,1,1.0,6.0
201100012428,0011-07-03 13:45:00,11,7,3,13,45,340,55,,43.66674,2.98611,Plein jour,Hors agglomération,Hors intersection,Normale,Deux véhicules - frontale,,,,,,,,,,,1,1,1,1.0,1.0
201100012429,0011-08-19 08:00:00,11,8,19,8,0,340,96,,,,Plein jour,Hors agglomération,Hors intersection,Normale,Autre collision,,,,,,,,,,,1,1,1,1.0,6.0
201100012430,0011-10-09 00:30:00,11,10,9,0,30,340,96,,43.951,3.284,Nuit sans éclairage public,Hors agglomération,Hors intersection,Normale,Autre collision,,,,,,,,,,,3,1,1,1.0,6.0
201100012431,0011-12-07 17:30:00,11,12,7,17,30,340,312,18 avenue du four ? chau,43.65,3.14,Nuit avec éclairage allumé,En agglomération,Hors intersection,Pluie légère,Autre collision,,,,,,,,,,,5,2,1,2.0,6.0
201100012432,0011-01-07 19:15:00,11,1,7,19,15,340,183,hameau de peries,43.27605,3.08076,Nuit sans éclairage public,Hors agglomération,Hors intersection,Normale,Deux véhicules - frontale,,,,,,,,,,,3,1,1,1.0,1.0
201100012433,0011-02-13 18:15:00,11,2,13,18,15,340,183,avenue de LESPIGNAN,,,Nuit sans éclairage public,En agglomération,Hors intersection,Normale,Sans collision,,,,,,,,,,,3,2,1,1.0,7.0
201100012434,0011-04-01 09:00:00,11,4,1,9,0,340,52,,43.3221,3.06303,Plein jour,Hors agglomération,Hors intersection,Normale,Deux véhicules - frontale,,,,,,,,,,,1,1,1,1.0,1.0
201100012435,0011-04-23 03:30:00,11,4,23,3,30,340,167,,43.292,3.024,Nuit sans éclairage public,Hors agglomération,Hors intersection,Pluie légère,Autre collision,,,,,,,,,,,3,1,1,2.0,6.0
201100012436,0011-05-11 11:15:00,11,5,11,11,15,340,52,avenue de la R?publique,43.32968,3.04186,Plein jour,En agglomération,Hors intersection,Normale,Autre collision,,,,,,,,,,,1,2,1,1.0,6.0
201100012437,0011-05-22 19:50:00,11,5,22,19,50,340,183,,43.27652,3.08692,Plein jour,Hors agglomération,Hors intersection,Normale,Deux véhicules - côté,,,,,,,,,,,1,1,1,1.0,3.0
201100012438,0011-07-02 03:45:00,11,7,2,3,45,340,302,,43.30542,2.66889,Nuit sans éclairage public,Hors agglomération,Hors intersection,Normale,Autre collision,,,,,,,,,,,3,1,1,1.0,6.0
201100012439,0011-07-07 18:30:00,11,7,7,18,30,340,183,,43.277,3.078,Plein jour,Hors agglomération,Hors intersection,Normale,Deux véhicules - côté,,,,,,,,,,,1,1,1,1.0,3.0
201100012440,0011-08-14 20:15:00,11,8,14,20,15,340,161,4-6 Avenue de Capestang,43.32909,3.1209,Crépuscule ou aube,En agglomération,Hors intersection,Pluie forte,Autre collision,,,,,,,,,,,2,2,1,3.0,6.0
201100012441,0011-09-20 07:45:00,11,9,20,7,45,340,225,,,,Crépuscule ou aube,Hors agglomération,Hors intersection,Normale,Sans collision,,,,,,,,,,,2,1,1,1.0,7.0
201100012442,0011-11-10 05:30:00,11,11,10,5,30,340,161,N?615 Avenue de B?ziers,43.338,3.132,Nuit avec éclairage allumé,En agglomération,Hors intersection,Pluie légère,Autre collision,,,,,,,,,,,5,2,1,2.0,6.0
201100012443,0011-11-10 16:45:00,11,11,10,16,45,340,225,Rue Paul RIQUET,,,Plein jour,En agglomération,Hors intersection,Normale,Autre collision,,,,,,,,,,,1,2,1,1.0,6.0
201100012444,0011-01-25 08:00:00,11,1,25,8,0,340,148,Avenue de BEZIERS,43.367,3.15697,Crépuscule ou aube,En agglomération,Hors intersection,Normale,Deux véhicules - frontale,,,,,,,,,,,2,2,1,1.0,1.0
201100012445,0011-02-16 17:00:00,11,2,16,17,0,340,245,Grand Rue,43.42153,2.9468,Plein jour,En agglomération,Hors intersection,Normale,Autre collision,,,,,,,,,,,1,2,1,1.0,6.0
201100012446,0011-02-17 13:30:00,11,2,17,13,30,340,201,RD 20,43.42634,2.96568,Plein jour,Hors agglomération,Hors intersection,Pluie forte,Autre collision,,,,,,,,,,,1,1,1,3.0,6.0
201100012447,0011-02-25 20:15:00,11,2,25,20,15,340,65,,43.41993,3.04425,Nuit sans éclairage public,Hors agglomération,Hors intersection,Normale,Deux véhicules - frontale,,,,,,,,,,,3,1,1,1.0,1.0
201100012448,0011-03-16 08:45:00,11,3,16,8,45,340,223,CD 909,43.44273,3.21547,Plein jour,Hors agglomération,Hors intersection,Pluie légère,Autre collision,,,,,,,,,,,1,1,1,2.0,6.0
201100012449,0011-03-19 16:30:00,11,3,19,16,30,340,130,,43.49893,3.18822,Plein jour,Hors agglomération,Hors intersection,Normale,Sans collision,,,,,,,,,,,1,1,1,1.0,7.0
201100012450,0011-03-30 15:30:00,11,3,30,15,30,340,100,,43.4528,2.90209,Plein jour,Hors agglomération,Hors intersection,Normale,Sans collision,,,,,,,,,,,1,1,1,1.0,7.0
201100012451,0011-04-10 07:15:00,11,4,10,7,15,340,92,,43.36385,2.94263,Crépuscule ou aube,Hors agglomération,Hors intersection,Normale,Sans collision,,,,,,,,,,,2,1,1,1.0,7.0
201100012452,0011-04-15 15:50:00,11,4,15,15,50,340,84,,43.40282,3.18616,Plein jour,Hors agglomération,Hors intersection,Normale,Deux véhicules - frontale,,,,,,,,,,,1,1,1,1.0,1.0
201100012453,0011-04-17 15:30:00,11,4,17,15,30,340,61,,43.46504,3.10329,Plein jour,Hors agglomération,Hors intersection,Normale,Sans collision,,,,,,,,,,,1,1,1,1.0,7.0
201100012454,0011-05-06 23:30:00,11,5,6,23,30,340,310,ZAC LES MASSELETTES,43.431,3.156,Nuit avec éclairage allumé,En agglomération,Giratoire,Normale,Autre collision,,,,,,,,,,,5,2,6,1.0,6.0
201100012455,0011-05-22 22:15:00,11,5,22,22,15,340,69,,43.381,3.098,Nuit sans éclairage public,Hors agglomération,Hors intersection,Normale,Deux véhicules - frontale,,,,,,,,,,,3,1,1,1.0,1.0
201100012456,0011-07-13 17:15:00,11,7,13,17,15,340,148,D14 - Avenue de BEZIERS,43.35844,3.17193,Plein jour,En agglomération,Hors intersection,Normale,Deux véhicules - côté,,,,,,,,,,,1,2,1,1.0,3.0
201100012457,0011-08-09 19:30:00,11,8,9,19,30,340,178,,43.442,3.102,Plein jour,Hors agglomération,Hors intersection,Normale,Deux véhicules - frontale,,,,,,,,,,,1,1,1,1.0,1.0
201100012458,0011-08-30 19:45:00,11,8,30,19,45,340,84,,,,Plein jour,Hors agglomération,Hors intersection,Normale,Deux véhicules - frontale,,,,,,,,,,,1,1,1,1.0,1.0
201100012459,0011-10-13 12:30:00,11,10,13,12,30,340,69,,43.425,3.082,Plein jour,Hors agglomération,Hors intersection,Normale,Sans collision,,,,,,,,,,,1,1,1,1.0,7.0
201100012460,0011-10-16 15:00:00,11,10,16,15,0,340,100,,43.47,2.881,Plein jour,Hors agglomération,Hors intersection,Normale,Autre collision,,,,,,,,,,,1,1,1,1.0,6.0
201100012461,0011-10-26 14:00:00,11,10,26,14,0,340,92,,43.34,2.943,Plein jour,Hors agglomération,Hors intersection,Normale,Deux véhicules - frontale,,,,,,,,,,,1,1,1,1.0,1.0
201100012462,0011-10-28 08:45:00,11,10,28,8,45,340,140,rue de la rocade,43.389,3.165,Plein jour,En agglomération,Hors intersection,Pluie légère,Trois véhicules et plus - collisions multiples,,,,,,,,,,,1,2,1,2.0,5.0
201100012463,0011-12-06 13:45:00,11,12,6,13,45,340,21,,43.446,2.918,Plein jour,Hors agglomération,Hors intersection,Pluie légère,Autre collision,,,,,,,,,,,1,1,1,2.0,6.0
201100012464,0011-02-13 16:15:00,11,2,13,16,15,340,189,D52 - PK7,43.28661,2.72301,Plein jour,En agglomération,Hors intersection,Normale,Deux véhicules - côté,,,,,,,,,,,1,2,1,1.0,3.0
201100012465,0011-03-07 17:45:00,11,3,7,17,45,340,161,12 AVENUE DES CITES,43.33379,3.12174,Plein jour,En agglomération,Hors intersection,Normale,Autre collision,,,,,,,,,,,1,2,1,1.0,6.0
201100012466,0011-08-03 17:30:00,11,8,3,17,30,340,189,,43.35174,2.74289,Plein jour,Hors agglomération,Hors intersection,Normale,Deux véhicules - frontale,,,,,,,,,,,1,1,1,1.0,1.0
201100012467,0011-01-02 18:00:00,11,1,2,18,0,340,289,,43.38729,3.41967,Nuit sans éclairage public,Hors agglomération,Hors intersection,Normale,Deux véhicules - côté,,,,,,,,,,,3,1,1,1.0,3.0
201100012468,0011-01-05 14:00:00,11,1,5,14,0,340,162,,43.48474,3.47045,Plein jour,Hors agglomération,Hors intersection,Normale,Autre collision,,,,,,,,,,,1,1,1,1.0,6.0
201100012469,0011-02-05 17:45:00,11,2,5,17,45,340,166,,43.35188,3.3549,Nuit sans éclairage public,Hors agglomération,Hors intersection,Normale,Deux véhicules - côté,,,,,,,,,,,3,1,1,1.0,3.0
201100012470,0011-03-23 16:15:00,11,3,23,16,15,340,199,RD913,43.46713,3.42962,Plein jour,En agglomération,Hors intersection,Normale,Deux véhicules - côté,,,,,,,,,,,1,2,1,1.0,3.0