accident_id,datetime,annee,mois,jour,heure,minute,departement,commune_insee,adresse,latitude,longitude,luminosite,agglomeration,intersection,meteo,collision,nb_vehicules,nb_usagers,nb_indemnes,nb_tues,nb_blesses_hosp,nb_blesses_legers,age_cond_1,age_cond_2,veh_type_cond_1,veh_type_cond_2,lum_code,agg_code,int_code,atm_code,col_code
201100012602,0011-05-30 16:15:00,11,5,30,16,15,110,342,,,,Plein jour,Hors agglomération,Hors intersection,Pluie légère,Deux véhicules - frontale,,,,,,,,,,,1,1,1,2.0,1.0
201100012603,0011-07-04 23:00:00,11,7,4,23,0,110,81,,43.375,2.501,Nuit sans éclairage public,Hors agglomération,Hors intersection,Normale,Sans collision,,,,,,,,,,,3,1,1,1.0,7.0
201100012604,0011-02-08 12:15:00,11,2,8,12,15,110,382,ROUTE DU PASTEL,,,Plein jour,En agglomération,Hors intersection,Normale,Autre collision,,,,,,,,,,,1,2,1,1.0,6.0
201100012605,0011-02-26 20:30:00,11,2,26,20,30,110,225,,43.333,1.864,Nuit sans éclairage public,Hors agglomération,Hors intersection,Pluie légère,Sans collision,,,,,,,,,,,3,1,1,2.0,7.0
201100012606,0011-05-01 09:15:00,11,5,1,9,15,110,74,,,,Plein jour,Hors agglomération,Intersection en X,Normale,Deux véhicules - frontale,,,,,,,,,,,1,1,2,1.0,1.0
201100012607,0011-06-05 18:15:00,11,6,5,18,15,110,430,lotissement les terrasse,43.292,1.92,Plein jour,En agglomération,Hors intersection,Normale,Autre collision,,,,,,,,,,,1,2,1,1.0,6.0
201100012608,0011-06-26 17:00:00,11,6,26,17,0,110,275,,,,Plein jour,Hors agglomération,Hors intersection,Normale,Sans collision,,,,,,,,,,,1,1,1,1.0,7.0
201100012609,0011-08-27 05:15:00,11,8,27,5,15,110,356,ancienne RN 113,,,Nuit sans éclairage public,En agglomération,Hors intersection,Normale,Autre collision,,,,,,,,,,,3,2,1,1.0,6.0
201100012610,0011-10-11 08:45:00,11,10,11,8,45,110,225,,,,Plein jour,Hors agglomération,Hors intersection,Normale,Sans collision,,,,,,,,,,,1,1,1,1.0,7.0
201100012611,0011-02-13 22:45:00,11,2,13,22,45,110,288,,,,Nuit sans éclairage public,Hors agglomération,Autre intersection,Temps couvert,Deux véhicules - frontale,,,,,,,,,,,3,1,9,8.0,1.0
201100012612,0011-02-18 07:00:00,11,2,18,7,0,110,9,,,,Nuit sans éclairage public,Hors agglomération,Hors intersection,Normale,Sans collision,,,,,,,,,,,3,1,1,1.0,7.0
201100012613,0011-03-10 21:00:00,11,3,10,21,0,110,434,,43.283,2.083,Nuit sans éclairage public,Hors agglomération,Hors intersection,Normale,Autre collision,,,,,,,,,,,3,1,1,1.0,6.0
201100012614,0011-03-17 09:30:00,11,3,17,9,30,110,9,,,,Plein jour,Hors agglomération,Hors intersection,Pluie forte,Deux véhicules - frontale,,,,,,,,,,,1,1,1,3.0,1.0
201100012615,0011-05-01 01:00:00,11,5,1,1,0,110,18,,43.216,2.199,Nuit sans éclairage public,Hors agglomération,Hors intersection,Normale,Autre collision,,,,,,,,,,,3,1,1,1.0,6.0
201100012616,0011-05-11 14:45:00,11,5,11,14,45,110,9,,,,Plein jour,Hors agglomération,Intersection en X,Temps éblouissant,Deux véhicules - côté,,,,,,,,,,,1,1,2,7.0,3.0
201100012617,0011-05-30 12:15:00,11,5,30,12,15,110,288,,,,Plein jour,Hors agglomération,Hors intersection,Normale,Autre collision,,,,,,,,,,,1,1,1,1.0,6.0
201100012618,0011-07-01 11:15:00,11,7,1,11,15,110,288,,,,Plein jour,Hors agglomération,Hors intersection,Normale,Trois véhicules et plus - collisions multiples,,,,,,,,,,,1,1,1,1.0,5.0
201100012619,0011-07-31 18:30:00,11,7,31,18,30,110,418,,43.221,2.043,Crépuscule ou aube,Hors agglomération,Hors intersection,Normale,Deux véhicules - côté,,,,,,,,,,,2,1,1,1.0,3.0
201100012620,0011-10-07 03:00:00,11,10,7,3,0,110,18,,,,Nuit sans éclairage public,Hors agglomération,Hors intersection,Temps couvert,Sans collision,,,,,,,,,,,3,1,1,8.0,7.0
201100012621,0011-10-15 09:00:00,11,10,15,9,0,110,18,,,,Plein jour,Hors agglomération,Intersection en X,Normale,Deux véhicules - frontale,,,,,,,,,,,1,1,2,1.0,1.0
201100012622,0011-10-19 20:45:00,11,10,19,20,45,110,254,,,,Nuit sans éclairage public,Hors agglomération,Hors intersection,Pluie légère,Deux véhicules - frontale,,,,,,,,,,,3,1,1,2.0,1.0
201100012623,0011-11-04 14:45:00,11,11,4,14,45,110,418,,,,Plein jour,Hors agglomération,Intersection en X,Normale,Deux véhicules - frontale,,,,,,,,,,,1,1,2,1.0,1.0
201100012624,0011-04-13 22:30:00,11,4,13,22,30,110,290,,,,Nuit sans éclairage public,Hors agglomération,Hors intersection,Normale,Autre collision,,,,,,,,,,,3,1,1,1.0,6.0
201100012625,0011-03-01 19:45:00,11,3,1,19,45,110,102,,,,Nuit sans éclairage public,Hors agglomération,Hors intersection,Normale,Autre collision,,,,,,,,,,,3,1,1,1.0,6.0
201100012626,0011-03-15 20:30:00,11,3,15,20,30,110,102,,,,Nuit sans éclairage public,Hors agglomération,Hors intersection,Pluie légère,Autre collision,,,,,,,,,,,3,1,1,2.0,6.0
201100012627,0011-04-07 21:30:00,11,4,7,21,30,110,206,Route de Castelnaudary,,,Nuit sans éclairage public,En agglomération,Intersection en X,Normale,Deux véhicules - côté,,,,,,,,,,,3,2,2,1.0,3.0
201100012628,0011-05-07 15:00:00,11,5,7,15,0,110,293,Route de ST HILAIRE,43.115,2.293,Plein jour,En agglomération,Hors intersection,Normale,Sans collision,,,,,,,,,,,1,2,1,1.0,7.0
201100012629,0011-06-05 15:00:00,11,6,5,15,0,110,8,,,,Plein jour,Hors agglomération,Hors intersection,Normale,Deux véhicules - frontale,,,,,,,,,,,1,1,1,1.0,1.0
201100012630,0011-06-17 18:30:00,11,6,17,18,30,110,206,Avenue du Mauzac,,,Plein jour,En agglomération,Hors intersection,Normale,Sans collision,,,,,,,,,,,1,2,1,1.0,7.0
201100012631,0011-06-28 20:15:00,11,6,28,20,15,110,183,,,,Plein jour,Hors agglomération,Hors intersection,Normale,Sans collision,,,,,,,,,,,1,1,1,1.0,7.0
201100012632,0011-08-01 13:00:00,11,8,1,13,0,110,102,,,,Plein jour,Hors agglomération,Hors intersection,Normale,Deux véhicules - frontale,,,,,,,,,,,1,1,1,1.0,1.0
201100012633,0011-09-13 17:30:00,11,9,13,17,30,110,105,,,,Plein jour,Hors agglomération,Hors intersection,Normale,Autre collision,,,,,,,,,,,1,1,1,1.0,6.0
201100012634,0011-10-29 12:15:00,11,10,29,12,15,110,58,,,,Plein jour,Hors agglomération,Hors intersection,Temps couvert,Deux véhicules - frontale,,,,,,,,,,,1,1,1,8.0,1.0
201100012635,0011-11-02 08:00:00,11,11,2,8,0,110,427,,,,Plein jour,Hors agglomération,Hors intersection,Temps éblouissant,Deux véhicules - frontale,,,,,,,,,,,1,1,1,7.0,1.0
201100012636,0011-11-06 18:00:00,11,11,6,18,0,110,293,,,,Nuit sans éclairage public,Hors agglomération,Hors intersection,Pluie forte,Trois véhicules et plus - collisions multiples,,,,,,,,,,,3,1,1,3.0,5.0
201100012637,0011-12-15 08:45:00,11,12,15,8,45,110,206,esplanade F Mitterrand,,,Plein jour,En agglomération,Place,Normale,Deux véhicules - frontale,,,,,,,,,,,1,2,7,1.0,1.0
201100012638,0011-01-30 00:15:00,11,1,30,0,15,110,58,,,,Nuit sans éclairage public,Hors agglomération,Hors intersection,Pluie légère,Autre collision,,,,,,,,,,,3,1,1,2.0,6.0
201100012639,0011-06-11 00:01:00,11,6,11,0,1,110,58,,,,Nuit sans éclairage public,Hors agglomération,Hors intersection,Temps couvert,Autre collision,,,,,,,,,,,3,1,1,8.0,6.0
201100012640,0011-02-13 19:00:00,11,2,13,19,0,110,209,,,,Nuit sans éclairage public,Hors agglomération,Hors intersection,Normale,Deux véhicules - frontale,,,,,,,,,,,3,1,1,1.0,1.0
201100012641,0011-02-23 08:30:00,11,2,23,8,30,110,209,,,,Plein jour,Hors agglomération,Hors intersection,Temps couvert,Deux véhicules - frontale,,,,,,,,,,,1,1,1,8.0,1.0
201100012642,0011-03-28 18:00:00,11,3,28,18,0,110,209,,,,Plein jour,Hors agglomération,Hors intersection,Normale,Deux véhicules - frontale,,,,,,,,,,,1,1,1,1.0,1.0
201100012643,0011-05-15 16:15:00,11,5,15,16,15,110,263,,42.507,2.177,Plein jour,Hors agglomération,Hors intersection,Normale,Autre collision,,,,,,,,,,,1,1,1,1.0,6.0
201100012644,0011-06-26 17:30:00,11,6,26,17,30,110,63,,,,Plein jour,Hors agglomération,Hors intersection,Normale,Trois véhicules et plus - collisions multiples,,,,,,,,,,,1,1,1,1.0,5.0
201100012645,0011-07-16 01:30:00,11,7,16,1,30,110,103,route des pyrénées,,,Nuit avec éclairage allumé,En agglomération,Hors intersection,Normale,Sans collision,,,,,,,,,,,5,2,1,1.0,7.0
201100012646,0011-08-29 13:15:00,11,8,29,13,15,110,240,avenue de carcassonne,,,Plein jour,En agglomération,Hors intersection,Normale,Autre collision,,,,,,,,,,,1,2,1,1.0,6.0
201100012647,0011-10-12 15:00:00,11,10,12,15,0,110,304,BD CHARLES DE GAULLE,,,Plein jour,En agglomération,Hors intersection,Normale,Autre collision,,,,,,,,,,,1,2,1,1.0,6.0
201100012648,0011-02-01 19:00:00,11,2,1,19,0,110,106,Avenue de Toulouse,,,Nuit avec éclairage allumé,En agglomération,Hors intersection,Normale,Autre collision,,,,,,,,,,,5,2,1,1.0,6.0
201100012649,0011-02-11 21:15:00,11,2,11,21,15,110,370,CD 31 Pk 12 + 200 route,,,Nuit avec éclairage allumé,En agglomération,Hors intersection,Normale,Deux véhicules - frontale,,,,,,,,,,,5,2,1,1.0,1.0
201100012650,0011-03-19 11:45:00,11,3,19,11,45,110,910,,,,Plein jour,Hors agglomération,Hors intersection,Normale,Autre collision,,,,,,,,,,,1,1,1,1.0,6.0
201100012651,0011-03-20 20:00:00,11,3,20,20,0,110,264,,,,Nuit sans éclairage public,Hors agglomération,Hors intersection,Normale,Deux véhicules - côté,,,,,,,,,,,3,1,1,1.0,3.0
201100012652,0011-03-31 00:01:00,11,3,31,0,1,110,14,,,,Nuit sans éclairage public,Hors agglomération,Hors intersection,Normale,Autre collision,,,,,,,,,,,3,1,1,1.0,6.0
201100012653,0011-04-12 16:30:00,11,4,12,16,30,110,262,,,,Plein jour,Hors agglomération,Hors intersection,Normale,Autre collision,,,,,,,,,,,1,1,1,1.0,6.0
201100012654,0011-04-25 11:45:00,11,4,25,11,45,110,106,,,,Plein jour,Hors agglomération,Hors intersection,Normale,Deux véhicules - côté,,,,,,,,,,,1,1,1,1.0,3.0
201100012655,0011-05-08 05:00:00,11,5,8,5,0,110,106,,,,Nuit sans éclairage public,Hors agglomération,Hors intersection,Normale,Autre collision,,,,,,,,,,,3,1,1,1.0,6.0
201100012656,0011-05-10 20:30:00,11,5,10,20,30,110,14,,,,Crépuscule ou aube,Hors agglomération,Hors intersection,Normale,Autre collision,,,,,,,,,,,2,1,1,1.0,6.0
201100012657,0011-05-26 13:00:00,11,5,26,13,0,110,370,,,,Plein jour,Hors agglomération,Hors intersection,Normale,Sans collision,,,,,,,,,,,1,1,1,1.0,7.0
201100012658,0011-06-17 02:00:00,11,6,17,2,0,110,262,,,,Nuit sans éclairage public,Hors agglomération,Hors intersection,Normale,Autre collision,,,,,,,,,,,3,1,1,1.0,6.0
201100012659,0011-06-23 18:15:00,11,6,23,18,15,110,262,,,,Crépuscule ou aube,Hors agglomération,Hors intersection,Normale,Sans collision,,,,,,,,,,,2,1,1,1.0,7.0
201100012660,0011-07-03 17:30:00,11,7,3,17,30,110,116,CD 413,,,Plein jour,En agglomération,Hors intersection,Normale,Sans collision,,,,,,,,,,,1,2,1,1.0,7.0
201100012661,0011-07-20 16:30:00,11,7,20,16,30,110,262,,,,Plein jour,Hors agglomération,Hors intersection,Normale,Deux véhicules - côté,,,,,,,,,,,1,1,1,1.0,3.0
201100012662,0011-07-26 15:30:00,11,7,26,15,30,110,262,,,,Plein jour,Hors agglomération,Hors intersection,Normale,Deux véhicules - côté,,,,,,,,,,,1,1,1,1.0,3.0
201100012663,0011-08-09 16:45:00,11,8,9,16,45,110,14,,,,Plein jour,Hors agglomération,Hors intersection,Normale,Deux véhicules - frontale,,,,,,,,,,,1,1,1,1.0,1.0
201100012664,0011-08-09 06:15:00,11,8,9,6,15,110,170,CD 132,,,Crépuscule ou aube,En agglomération,Autre intersection,Normale,Autre collision,,,,,,,,,,,2,2,9,1.0,6.0
201100012665,0011-08-11 08:00:00,11,8,11,8,0,110,262,,,,Plein jour,Hors agglomération,Hors intersection,Normale,Autre collision,,,,,,,,,,,1,1,1,1.0,6.0
201100012666,0011-08-12 19:00:00,11,8,12,19,0,110,255,,,,Plein jour,Hors agglomération,Hors intersection,Temps couvert,Deux véhicules - frontale,,,,,,,,,,,1,1,1,8.0,1.0
201100012667,0011-08-19 19:30:00,11,8,19,19,30,110,40,,,,Plein jour,Hors agglomération,Hors intersection,Normale,Autre collision,,,,,,,,,,,1,1,1,1.0,6.0
201100012668,0011-09-09 01:00:00,11,9,9,1,0,110,106,,,,Nuit sans éclairage public,Hors agglomération,Hors intersection,Normale,Sans collision,,,,,,,,,,,3,1,1,1.0,7.0
201100012669,0011-10-08 19:00:00,11,10,8,19,0,110,170,,,,Crépuscule ou aube,Hors agglomération,Hors intersection,Normale,Deux véhicules - frontale,,,,,,,,,,,2,1,1,1.0,1.0
201100012670,0011-10-12 17:30:00,11,10,12,17,30,110,262,,,,Plein jour,Hors agglomération,Hors intersection,Normale,Deux véhicules - arrière,,,,,,,,,,,1,1,1,1.0,2.0
201100012671,0011-10-16 17:00:00,11,10,16,17,0,110,170,,,,Plein jour,Hors agglomération,Hors intersection,Normale,Deux véhicules - frontale,,,,,,,,,,,1,1,1,1.0,1.0
201100012672,0011-11-12 18:45:00,11,11,12,18,45,110,262,,,,Nuit sans éclairage public,Hors agglomération,Autre intersection,Normale,Autre collision,,,,,,,,,,,3,1,9,1.0,6.0
201100012673,0011-11-29 19:45:00,11,11,29,19,45,110,255,,,,Nuit sans éclairage public,Hors agglomération,Hors intersection,Normale,Trois véhicules et plus - collisions multiples,,,,,,,,,,,3,1,1,1.0,5.0
201100012674,0011-12-13 18:00:00,11,12,13,18,0,110,170,boulevard de la Corderie,,,Nuit avec éclairage allumé,En agglomération,Hors intersection,Normale,Autre collision,,,,,,,,,,,5,2,1,1.0,6.0
201100012675,0011-01-21 01:15:00,11,1,21,1,15,110,332,,,,Nuit sans éclairage public,Hors agglomération,Hors intersection,Normale,Autre collision,,,,,,,,,,,3,1,1,1.0,6.0
201100012676,0011-05-29 16:30:00,11,5,29,16,30,110,71,GRAND RUE,,,Plein jour,En agglomération,Hors intersection,Normale,Autre collision,,,,,,,,,,,1,2,1,1.0,6.0
201100012677,0011-09-09 18:45:00,11,9,9,18,45,110,113,,,,Plein jour,Hors agglomération,Hors intersection,Normale,Autre collision,,,,,,,,,,,1,1,1,1.0,6.0
201100012678,0011-12-04 13:30:00,11,12,4,13,30,110,276,Avenue des Corbi?res,,,Plein jour,En agglomération,Hors intersection,Normale,Autre collision,,,,,,,,,,,1,2,1,1.0,6.0
201100012679,0011-01-13 09:45:00,11,1,13,9,45,110,203,,43.185,2.689,Plein jour,Hors agglomération,Hors intersection,Normale,Deux véhicules - arrière,,,,,,,,,,,1,1,1,1.0,2.0
201100012680,0011-03-27 18:00:00,11,3,27,18,0,110,421,29 ROUTE NATIONALE 113,,,Plein jour,En agglomération,Hors intersection,Normale,Deux véhicules - frontale,,,,,,,,,,,1,2,1,1.0,1.0
201100012681,0011-03-30 14:45:00,11,3,30,14,45,110,148,,,,Plein jour,Hors agglomération,Hors intersection,Normale,Deux véhicules - côté,,,,,,,,,,,1,1,1,1.0,3.0
201100012682,0011-05-05 20:30:00,11,5,5,20,30,110,296,,,,Crépuscule ou aube,Hors agglomération,Hors intersection,Normale,Autre collision,,,,,,,,,,,2,1,1,1.0,6.0
201100012683,0011-06-12 20:00:00,11,6,12,20,0,110,172,,43.266,2.706,Plein jour,Hors agglomération,Hors intersection,Normale,Deux véhicules - frontale,,,,,,,,,,,1,1,1,1.0,1.0
201100012684,0011-06-18 19:45:00,11,6,18,19,45,110,203,,43.211,2.801,Plein jour,Hors agglomération,Hors intersection,Normale,Deux véhicules - frontale,,,,,,,,,,,1,1,1,1.0,1.0
201100012685,0011-06-26 02:00:00,11,6,26,2,0,110,203,RUE FREDERIC MISTRAL,,,Nuit avec éclairage allumé,En agglomération,Hors intersection,Normale,Autre collision,,,,,,,,,,,5,2,1,1.0,6.0
201100012686,0011-07-03 07:00:00,11,7,3,7,0,110,98,,43.185,2.689,Plein jour,Hors agglomération,Hors intersection,Normale,Deux véhicules - frontale,,,,,,,,,,,1,1,1,1.0,1.0
201100012687,0011-07-27 17:15:00,11,7,27,17,15,110,172,,43.271,2.737,Plein jour,Hors agglomération,Hors intersection,Normale,Deux véhicules - côté,,,,,,,,,,,1,1,1,1.0,3.0
201100012688,0011-10-13 20:15:00,11,10,13,20,15,110,41,,43.297,2.866,Nuit sans éclairage public,Hors agglomération,Hors intersection,Normale,Deux véhicules - arrière,,,,,,,,,,,3,1,1,1.0,2.0
201100012689,0011-11-03 13:15:00,11,11,3,13,15,110,67,,43.215,2.831,Plein jour,Hors agglomération,Hors intersection,Temps couvert,Autre collision,,,,,,,,,,,1,1,1,8.0,6.0
201100012690,0011-10-28 17:30:00,11,10,28,17,30,110,203,,,,Crépuscule ou aube,Hors agglomération,Hors intersection,Pluie forte,Sans collision,,,,,,,,,,,2,1,1,3.0,7.0
201100012691,0011-11-11 11:45:00,11,11,11,11,45,110,203,,43.237,2.786,Plein jour,Hors agglomération,Hors intersection,Normale,Autre collision,,,,,,,,,,,1,1,1,1.0,6.0
201100012692,0011-12-01 22:30:00,11,12,1,22,30,110,369,,,,Nuit sans éclairage public,Hors agglomération,Hors intersection,Normale,Autre collision,,,,,,,,,,,3,1,1,1.0,6.0
201100012693,0011-12-23 07:45:00,11,12,23,7,45,110,353,,43.243,2.926,Plein jour,Hors agglomération,Hors intersection,Normale,Deux véhicules - arrière,,,,,,,,,,,1,1,1,1.0,2.0
201100012694,0011-01-14 10:00:00,11,1,14,10,0,110,266,Rue pierre currie,43.02,3.04,Plein jour,En agglomération,Intersection en X,Normale,Deux véhicules - côté,,,,,,,,,,,1,2,2,1.0,3.0
201100012695,0011-02-25 10:00:00,11,2,25,10,0,110,379,63 route de narbonne,,,Plein jour,En agglomération,Hors intersection,Normale,Deux véhicules - côté,,,,,,,,,,,1,2,1,1.0,3.0
201100012696,0011-03-07 15:15:00,11,3,7,15,15,110,188,,,,Plein jour,Hors agglomération,Hors intersection,Normale,Deux véhicules - frontale,,,,,,,,,,,1,1,1,1.0,1.0
201100012697,0011-03-24 14:15:00,11,3,24,14,15,110,295,,,,Plein jour,Hors agglomération,Hors intersection,Normale,Deux véhicules - frontale,,,,,,,,,,,1,1,1,1.0,1.0
201100012698,0011-04-21 16:30:00,11,4,21,16,30,110,266,,42.98,2.982,Plein jour,Hors agglomération,Hors intersection,Normale,Deux véhicules - arrière,,,,,,,,,,,1,1,1,1.0,2.0
201100012699,0011-04-26 18:45:00,11,4,26,18,45,110,379,,43.014,2.971,Plein jour,Hors agglomération,Hors intersection,Normale,Autre collision,,,,,,,,,,,1,1,1,1.0,6.0
201100012700,0011-06-17 21:00:00,11,6,17,21,0,110,266,Bd du g?n?ral de Gaulle,43.017,3.042,Crépuscule ou aube,En agglomération,Hors intersection,Normale,Deux véhicules - frontale,,,,,,,,,,,2,2,1,1.0,1.0
201100012701,0011-07-30 20:15:00,11,7,30,20,15,110,379,,,,Plein jour,Hors agglomération,Hors intersection,Normale,Deux véhicules - frontale,,,,,,,,,,,1,1,1,1.0,1.0
201100012702,0011-10-17 15:00:00,11,10,17,15,0,110,379,,,,Plein jour,Hors agglomération,Hors intersection,Normale,Deux véhicules - frontale,,,,,,,,,,,1,1,1,1.0,1.0
201100012703,0011-01-26 09:00:00,11,1,26,9,0,300,133,Avenue de camargue,43.52849,4.14933,Plein jour,En agglomération,Hors intersection,Autre,Autre collision,,,,,,,,,,,1,2,1,9.0,6.0
201100012704,0011-02-17 21:30:00,11,2,17,21,30,300,3,avenue de la liberté,43.56773,4.19908,Nuit avec éclairage allumé,En agglomération,Giratoire,Normale,Autre collision,,,,,,,,,,,5,2,6,1.0,6.0
201100012705,0011-03-02 14:45:00,11,3,2,14,45,300,276,,43.63256,4.1898,Plein jour,Hors agglomération,Giratoire,Normale,Deux véhicules - côté,,,,,,,,,,,1,1,6,1.0,3.0
201100012706,0011-03-06 15:15:00,11,3,6,15,15,300,276,,43.58313,4.24215,Plein jour,Hors agglomération,Hors intersection,Normale,Trois véhicules et plus - en chaîne,,,,,,,,,,,1,1,1,1.0,4.0
201100012707,0011-03-16 10:30:00,11,3,16,10,30,300,133,rue de la poissonerie,43.53595,4.13765,Plein jour,En agglomération,Hors intersection,Normale,Autre collision,,,,,,,,,,,1,2,1,1.0,6.0
201100012708,0011-03-26 14:15:00,11,3,26,14,15,300,3,,43.58373,4.23428,Plein jour,Hors agglomération,Hors intersection,Normale,Trois véhicules et plus - collisions multiples,,,,,,,,,,,1,1,1,1.0,5.0
201100012709,0011-06-13 07:00:00,11,6,13,7,0,300,133,ROUTE DES MARINES,43.52308,4.14121,Plein jour,En agglomération,Giratoire,Normale,Autre collision,,,,,,,,,,,1,2,6,1.0,6.0
201100012710,0011-07-16 18:00:00,11,7,16,18,0,300,133,Quai Colbert,43.53933,4.14198,Plein jour,En agglomération,Hors intersection,Normale,Deux véhicules - frontale,,,,,,,,,,,1,2,1,1.0,1.0
201100012711,0011-07-31 09:30:00,11,7,31,9,30,300,276,,43.58713,4.22443,Plein jour,Hors agglomération,Hors intersection,Normale,Trois véhicules et plus - en chaîne,,,,,,,,,,,1,1,1,1.0,4.0
201100012712,0011-08-01 11:30:00,11,8,1,11,30,300,133,,43.55179,4.11632,Plein jour,Hors agglomération,Hors intersection,Normale,Deux véhicules - côté,,,,,,,,,,,1,1,1,1.0,3.0
201100012713,0011-07-06 22:15:00,11,7,6,22,15,300,133,avenue de la Pinède,,,Nuit avec éclairage allumé,En agglomération,Hors intersection,Normale,Autre collision,,,,,,,,,,,5,2,1,1.0,6.0
201100012714,0011-08-09 16:30:00,11,8,9,16,30,300,3,,43.56093,4.14832,Plein jour,Hors agglomération,Giratoire,Normale,Deux véhicules - côté,,,,,,,,,,,1,1,6,1.0,3.0
201100012715,0011-08-21 09:30:00,11,8,21,9,30,300,276,,43.63603,4.21037,Plein jour,Hors agglomération,Hors intersection,Normale,Sans collision,,,,,,,,,,,1,1,1,1.0,7.0
201100012716,0011-08-25 11:30:00,11,8,25,11,30,300,133,,43.55057,4.11991,Plein jour,Hors agglomération,Hors intersection,Normale,Deux véhicules - frontale,,,,,,,,,,,1,1,1,1.0,1.0
201100012717,0011-08-29 00:45:00,11,8,29,0,45,300,133,,43.57703,4.10045,Nuit sans éclairage public,Hors agglomération,Hors intersection,Normale,Sans collision,,,,,,,,,,,3,1,1,1.0,7.0
201100012718,0011-03-21 16:15:00,11,3,21,16,15,300,19,,43.74936,4.13816,Plein jour,Hors agglomération,Hors intersection,Normale,Sans collision,,,,,,,,,,,1,1,1,1.0,7.0
201100012719,0011-03-29 09:15:00,11,3,29,9,15,300,245,,43.85711,4.18832,Plein jour,Hors agglomération,Hors intersection,Normale,Deux véhicules - arrière,,,,,,,,,,,1,1,1,1.0,2.0
201100012720,0011-04-01 22:30:00,11,4,1,22,30,300,62,,43.76622,4.20118,Nuit sans éclairage public,Hors agglomération,Hors intersection,Normale,Sans collision,,,,,,,,,,,3,1,1,1.0,7.0
201100012721,0011-04-08 15:30:00,11,4,8,15,30,300,82,RUE DU STADE,43.82794,4.22751,Plein jour,En agglomération,Hors intersection,Normale,Deux véhicules - frontale,,,,,,,,,,,1,2,1,1.0,1.0
201100012722,0011-04-10 13:00:00,11,4,10,13,0,300,82,,43.8494,4.21965,Plein jour,Hors agglomération,Hors intersection,Normale,Sans collision,,,,,,,,,,,1,1,1,1.0,7.0
201100012723,0011-04-15 06:00:00,11,4,15,6,0,300,321,,,,Plein jour,Hors agglomération,Hors intersection,Normale,Autre collision,,,,,,,,,,,1,1,1,1.0,6.0
201100012724,0011-04-17 16:30:00,11,4,17,16,30,300,352,,43.81424,4.09544,Plein jour,Hors agglomération,Hors intersection,Normale,Sans collision,,,,,,,,,,,1,1,1,1.0,7.0
201100012725,0011-04-19 18:30:00,11,4,19,18,30,300,23,26 AVENUE DES CEVENNES,43.79331,4.11876,Plein jour,En agglomération,Hors intersection,Normale,Deux véhicules - frontale,,,,,,,,,,,1,2,1,1.0,1.0
201100012726,0011-05-18 17:15:00,11,5,18,17,15,300,324,D107,43.82039,4.1441,Plein jour,En agglomération,Hors intersection,Normale,Autre collision,,,,,,,,,,,1,2,1,1.0,6.0
201100012727,0011-06-14 11:30:00,11,6,14,11,30,300,138,,43.80853,4.22725,Plein jour,Hors agglomération,Hors intersection,Normale,Deux véhicules - arrière,,,,,,,,,,,1,1,1,1.0,2.0
201100012728,0011-06-14 12:45:00,11,6,14,12,45,300,75,,43.82114,4.28773,Plein jour,Hors agglomération,Hors intersection,Normale,Sans collision,,,,,,,,,,,1,1,1,1.0,7.0
201100012729,0011-07-14 16:30:00,11,7,14,16,30,300,62,rue de la République,43.78515,4.19998,Plein jour,En agglomération,Hors intersection,Normale,Deux véhicules - arrière,,,,,,,,,,,1,2,1,1.0,2.0
201100012730,0011-07-24 18:45:00,11,7,24,18,45,300,306,,43.81458,4.06037,Plein jour,Hors agglomération,Hors intersection,Normale,Sans collision,,,,,,,,,,,1,1,1,1.0,7.0
201100012731,0011-08-01 08:45:00,11,8,1,8,45,300,321,QUAI GOSSORGUES,43.78244,4.08945,Plein jour,En agglomération,Hors intersection,Normale,Autre collision,,,,,,,,,,,1,2,1,1.0,6.0
201100012732,0011-08-13 01:15:00,11,8,13,1,15,300,18,,43.80282,4.03906,Nuit sans éclairage public,Hors agglomération,Hors intersection,Normale,Deux véhicules - frontale,,,,,,,,,,,3,1,1,1.0,1.0
201100012733,0011-08-12 19:45:00,11,8,12,19,45,300,138,,43.80996,4.24504,Plein jour,Hors agglomération,Giratoire,Normale,Deux véhicules - arrière,,,,,,,,,,,1,1,6,1.0,2.0
201100012734,0011-08-16 19:45:00,11,8,16,19,45,300,62,,43.77306,4.19885,Plein jour,Hors agglomération,Giratoire,Normale,Deux véhicules - côté,,,,,,,,,,,1,1,6,1.0,3.0
201100012735,0011-08-30 08:00:00,11,8,30,8,0,300,138,,43.81047,4.24806,Plein jour,Hors agglomération,Hors intersection,Normale,Autre collision,,,,,,,,,,,1,1,1,1.0,6.0
201100012736,0011-09-08 07:15:00,11,9,8,7,15,300,75,,43.823,4.2743,Plein jour,Hors agglomération,Hors intersection,Normale,Deux véhicules - frontale,,,,,,,,,,,1,1,1,1.0,1.0