accident_id,datetime,annee,mois,jour,heure,minute,departement,commune_insee,adresse,latitude,longitude,luminosite,agglomeration,intersection,meteo,collision,nb_vehicules,nb_usagers,nb_indemnes,nb_tues,nb_blesses_hosp,nb_blesses_legers,age_cond_1,age_cond_2,veh_type_cond_1,veh_type_cond_2,lum_code,agg_code,int_code,atm_code,col_code
201100012865,0011-11-19 09:45:00,11,11,19,9,45,300,29,rue Jean Tassy,44.30642,4.34679,Plein jour,En agglomération,Hors intersection,Pluie légère,Autre collision,,,,,,,,,,,1,2,1,2.0,6.0
201100012866,0011-11-24 08:45:00,11,11,24,8,45,300,204,Le village,44.22126,4.23698,Plein jour,En agglomération,Hors intersection,Temps éblouissant,Autre collision,,,,,,,,,,,1,2,1,7.0,6.0
201100012867,0011-12-15 01:30:00,11,12,15,1,30,300,29,,44.29961,4.34148,Nuit sans éclairage public,Hors agglomération,Hors intersection,Normale,Autre collision,,,,,,,,,,,3,1,1,1.0,6.0
201100012868,0011-12-27 14:15:00,11,12,27,14,15,300,215,,44.22475,4.27135,Plein jour,En agglomération,Hors intersection,Normale,Deux véhicules - frontale,,,,,,,,,,,1,2,1,1.0,1.0
201100012869,0011-02-06 04:00:00,11,2,6,4,0,300,30,chemin de la forge,44.04981,4.28976,Nuit sans éclairage public,En agglomération,Hors intersection,Normale,Deux véhicules - arrière,,,,,,,,,,,3,2,1,1.0,2.0
201100012870,0011-02-09 10:45:00,11,2,9,10,45,300,35,,44.08847,4.38967,Plein jour,Hors agglomération,Hors intersection,Brouillard / fumée,Deux véhicules - frontale,,,,,,,,,,,1,1,1,5.0,1.0
201100012871,0011-02-25 05:30:00,11,2,25,5,30,300,308,,43.97546,4.40095,Nuit sans éclairage public,Hors agglomération,Hors intersection,Normale,Autre collision,,,,,,,,,,,3,1,1,1.0,6.0
201100012872,0011-03-06 19:30:00,11,3,6,19,30,300,334,avenue de la gare,44.0111,4.41202,Nuit avec éclairage allumé,En agglomération,Hors intersection,Normale,Autre collision,,,,,,,,,,,5,2,1,1.0,6.0
201100012873,0011-04-01 22:30:00,11,4,1,22,30,300,334,,44.00196,4.41569,Nuit sans éclairage public,Hors agglomération,Hors intersection,Normale,Autre collision,,,,,,,,,,,3,1,1,1.0,6.0
201100012874,0011-04-12 20:30:00,11,4,12,20,30,300,295,,44.03728,4.44355,Crépuscule ou aube,Hors agglomération,Hors intersection,Normale,Autre collision,,,,,,,,,,,2,1,1,1.0,6.0
201100012875,0011-04-16 18:45:00,11,4,16,18,45,300,334,,44.01186,4.39149,Plein jour,Hors agglomération,Hors intersection,Normale,Sans collision,,,,,,,,,,,1,1,1,1.0,7.0
201100012876,0011-04-28 16:15:00,11,4,28,16,15,300,338,,44.13252,4.34054,Plein jour,Hors agglomération,Hors intersection,Normale,Deux véhicules - frontale,,,,,,,,,,,1,1,1,1.0,1.0
201100012877,0011-04-29 10:45:00,11,4,29,10,45,300,334,D982,44.00075,4.37405,Plein jour,En agglomération,Hors intersection,Normale,Deux véhicules - frontale,,,,,,,,,,,1,2,1,1.0,1.0
201100012878,0011-05-03 18:00:00,11,5,3,18,0,300,295,route de St Laurent la V,44.04552,4.43762,Plein jour,En agglomération,Hors intersection,Normale,Deux véhicules - frontale,,,,,,,,,,,1,2,1,1.0,1.0
201100012879,0011-05-16 08:00:00,11,5,16,8,0,300,41,,43.98189,4.36808,Plein jour,Hors agglomération,Hors intersection,Normale,Sans collision,,,,,,,,,,,1,1,1,1.0,7.0
201100012880,0011-06-05 11:45:00,11,6,5,11,45,300,334,avenue Georges Chauvin,44.01162,4.41545,Plein jour,En agglomération,Giratoire,Pluie légère,Sans collision,,,,,,,,,,,1,2,6,2.0,7.0
201100012881,0011-06-08 06:30:00,11,6,8,6,30,300,334,,44.04602,4.40506,Plein jour,Hors agglomération,Hors intersection,Normale,Autre collision,,,,,,,,,,,1,1,1,1.0,6.0
201100012882,0011-08-07 11:30:00,11,8,7,11,30,300,14,,44.00142,4.3803,Plein jour,Hors agglomération,Hors intersection,Pluie forte,Sans collision,,,,,,,,,,,1,1,1,3.0,7.0
201100012883,0011-08-14 17:30:00,11,8,14,17,30,300,14,CD 982 route d'ANDUZE,,,Plein jour,En agglomération,Hors intersection,Normale,Sans collision,,,,,,,,,,,1,2,1,1.0,7.0
201100012884,0011-09-13 18:45:00,11,9,13,18,45,300,334,10 bis Avenue de LA GARE,44.0112,4.41275,Plein jour,En agglomération,Autre intersection,Temps éblouissant,Autre collision,,,,,,,,,,,1,2,9,7.0,6.0
201100012885,0011-10-11 18:00:00,11,10,11,18,0,300,41,,43.97482,4.3998,Plein jour,Hors agglomération,Hors intersection,Normale,Deux véhicules - côté,,,,,,,,,,,1,1,1,1.0,3.0
201100012886,0011-10-15 18:00:00,11,10,15,18,0,300,334,,43.98681,4.4135,Plein jour,Hors agglomération,Hors intersection,Normale,Sans collision,,,,,,,,,,,1,1,1,1.0,7.0
201100012887,0011-10-20 09:00:00,11,10,20,9,0,300,334,Chemin Carrignargues,43.99233,4.42686,Plein jour,En agglomération,Hors intersection,Normale,Deux véhicules - frontale,,,,,,,,,,,1,2,1,1.0,1.0
201100012888,0011-10-19 10:30:00,11,10,19,10,30,300,319,,44.03861,4.32029,Plein jour,Hors agglomération,Hors intersection,Normale,Trois véhicules et plus - collisions multiples,,,,,,,,,,,1,1,1,1.0,5.0
201100012889,0011-11-30 18:30:00,11,11,30,18,30,300,338,,44.13177,4.365,Nuit sans éclairage public,Hors agglomération,Giratoire,Normale,Sans collision,,,,,,,,,,,3,1,6,1.0,7.0
201100012890,0011-01-30 05:00:00,11,1,30,5,0,300,277,,44.21574,4.51814,Nuit sans éclairage public,Hors agglomération,Hors intersection,Temps couvert,Autre collision,,,,,,,,,,,3,1,1,8.0,6.0
201100012891,0011-02-25 16:45:00,11,2,25,16,45,300,202,,44.27504,4.6262,Nuit sans éclairage public,Hors agglomération,Autre intersection,Normale,Deux véhicules - frontale,,,,,,,,,,,3,1,9,1.0,1.0
201100012892,0011-03-13 11:15:00,11,3,13,11,15,300,288,,44.20487,4.62889,Plein jour,Hors agglomération,Hors intersection,Pluie forte,Sans collision,,,,,,,,,,,1,1,1,3.0,7.0
201100012893,0011-03-27 09:45:00,11,3,27,9,45,300,175,,44.2793,4.39977,Plein jour,Hors agglomération,Hors intersection,Normale,Autre collision,,,,,,,,,,,1,1,1,1.0,6.0
201100012894,0011-04-07 12:30:00,11,4,7,12,30,300,202,chemin de St Alexandre,,,Plein jour,En agglomération,Hors intersection,Normale,Deux véhicules - frontale,,,,,,,,,,,1,2,1,1.0,1.0
201100012895,0011-04-22 17:45:00,11,4,22,17,45,300,256,,44.1816,4.56933,Plein jour,Hors agglomération,Hors intersection,Normale,Deux véhicules - côté,,,,,,,,,,,1,1,1,1.0,3.0
201100012896,0011-05-01 01:30:00,11,5,1,1,30,300,70,,44.22876,4.5606,Nuit sans éclairage public,Hors agglomération,Hors intersection,Normale,Autre collision,,,,,,,,,,,3,1,1,1.0,6.0
201100012897,0011-05-14 01:45:00,11,5,14,1,45,300,96,,44.21084,4.50878,Nuit sans éclairage public,Hors agglomération,Hors intersection,Normale,Autre collision,,,,,,,,,,,3,1,1,1.0,6.0
201100012898,0011-05-27 18:00:00,11,5,27,18,0,300,202,Avenue Gaston Doumergue,44.25898,4.64564,Plein jour,En agglomération,Hors intersection,Normale,Autre collision,,,,,,,,,,,1,2,1,1.0,6.0
201100012899,0011-05-28 18:15:00,11,5,28,18,15,300,343,,44.18557,4.47749,Plein jour,Hors agglomération,Hors intersection,Normale,Deux véhicules - frontale,,,,,,,,,,,1,1,1,1.0,1.0
201100012900,0011-06-15 22:45:00,11,6,15,22,45,300,202,Rue du Gal De Gaulle,44.25653,4.64756,Nuit avec éclairage allumé,En agglomération,Hors intersection,Normale,Trois véhicules et plus - collisions multiples,,,,,,,,,,,5,2,1,1.0,5.0
201100012901,0011-06-19 15:30:00,11,6,19,15,30,300,202,,44.2623,4.64334,Plein jour,Hors agglomération,Hors intersection,Normale,Deux véhicules - côté,,,,,,,,,,,1,1,1,1.0,3.0
201100012902,0011-06-22 18:15:00,11,6,22,18,15,300,342,,44.21155,4.6753,Plein jour,Hors agglomération,Hors intersection,Normale,Deux véhicules - frontale,,,,,,,,,,,1,1,1,1.0,1.0
201100012903,0011-07-16 12:15:00,11,7,16,12,15,300,202,RD 6086,44.25261,4.6473,Plein jour,En agglomération,Hors intersection,Normale,Trois véhicules et plus - en chaîne,,,,,,,,,,,1,2,1,1.0,4.0
201100012904,0011-08-05 10:45:00,11,8,5,10,45,300,202,passage à niveau  N°18,44.26337,4.64167,Plein jour,En agglomération,Passage à niveau,Normale,Deux véhicules - côté,,,,,,,,,,,1,2,8,1.0,3.0
201100012905,0011-08-22 12:15:00,11,8,22,12,15,300,230,,44.23417,4.46275,Plein jour,Hors agglomération,Autre intersection,Normale,Deux véhicules - côté,,,,,,,,,,,1,1,9,1.0,3.0
201100012906,0011-08-27 12:45:00,11,8,27,12,45,300,226,,44.23859,4.6391,Plein jour,Hors agglomération,Hors intersection,Normale,Deux véhicules - arrière,,,,,,,,,,,1,1,1,1.0,2.0
201100012907,0011-08-27 18:00:00,11,8,27,18,0,300,175,,,,Plein jour,Hors agglomération,Hors intersection,Normale,Autre collision,,,,,,,,,,,1,1,1,1.0,6.0
201100012908,0011-08-28 17:00:00,11,8,28,17,0,300,290,,44.27492,4.6173,Plein jour,Hors agglomération,Hors intersection,Normale,Autre collision,,,,,,,,,,,1,1,1,1.0,6.0
201100012909,0011-08-30 18:00:00,11,8,30,18,0,300,202,boulevard Gambetta,44.25636,4.64755,Plein jour,En agglomération,Hors intersection,Normale,Autre collision,,,,,,,,,,,1,2,1,1.0,6.0
201100012910,0011-09-01 08:00:00,11,9,1,8,0,300,202,Avenue Gal de Gaulle,44.24975,4.64593,Plein jour,En agglomération,Hors intersection,Temps couvert,Autre collision,,,,,,,,,,,1,2,1,8.0,6.0
201100012911,0011-09-11 16:30:00,11,9,11,16,30,300,230,,44.24485,4.45107,Plein jour,Hors agglomération,Hors intersection,Normale,Autre collision,,,,,,,,,,,1,1,1,1.0,6.0
201100012912,0011-10-14 15:30:00,11,10,14,15,30,300,288,,44.18948,4.6232,Plein jour,Hors agglomération,Hors intersection,Normale,Trois véhicules et plus - collisions multiples,,,,,,,,,,,1,1,1,1.0,5.0
201100012913,0011-10-31 15:30:00,11,10,31,15,30,300,277,,44.20494,4.5281,Plein jour,Hors agglomération,Hors intersection,Normale,Deux véhicules - frontale,,,,,,,,,,,1,1,1,1.0,1.0
201100012914,0011-12-27 10:00:00,11,12,27,10,0,300,256,,44.18043,4.57614,Plein jour,Hors agglomération,Hors intersection,Normale,Deux véhicules - frontale,,,,,,,,,,,1,1,1,1.0,1.0
201100012915,0011-01-13 16:30:00,11,1,13,16,30,300,317,rue du puits d'agathe,43.91214,4.55338,Plein jour,En agglomération,Hors intersection,Normale,Deux véhicules - frontale,,,,,,,,,,,1,2,1,1.0,1.0
201100012916,0011-02-12 20:15:00,11,2,12,20,15,300,12,,43.89307,4.68977,Nuit sans éclairage public,Hors agglomération,Hors intersection,Normale,Deux véhicules - côté,,,,,,,,,,,3,1,1,1.0,3.0
201100012917,0011-02-26 00:01:00,11,2,26,0,1,300,12,,43.9007,4.69937,Nuit sans éclairage public,Hors agglomération,Giratoire,Normale,Sans collision,,,,,,,,,,,3,1,6,1.0,7.0
201100012918,0011-03-07 00:30:00,11,3,7,0,30,300,73,,43.96412,4.57125,Nuit sans éclairage public,Hors agglomération,Hors intersection,Normale,Autre collision,,,,,,,,,,,3,1,1,1.0,6.0
201100012919,0011-03-08 11:30:00,11,3,8,11,30,300,340,,43.99426,4.57634,Plein jour,Hors agglomération,Hors intersection,Normale,Autre collision,,,,,,,,,,,1,1,1,1.0,6.0
201100012920,0011-05-06 18:30:00,11,5,6,18,30,300,85,chemin de la Paille,43.95493,4.47838,Plein jour,En agglomération,Hors intersection,Normale,Autre collision,,,,,,,,,,,1,2,1,1.0,6.0
201100012921,0011-05-18 10:00:00,11,5,18,10,0,300,13,,43.97085,4.49965,Plein jour,Hors agglomération,Hors intersection,Normale,Deux véhicules - frontale,,,,,,,,,,,1,1,1,1.0,1.0
201100012922,0011-05-20 19:30:00,11,5,20,19,30,300,12,Avenue Charles DE GAULLE,43.89197,4.68438,Plein jour,En agglomération,Hors intersection,Normale,Deux véhicules - côté,,,,,,,,,,,1,2,1,1.0,3.0
201100012923,0011-05-29 03:15:00,11,5,29,3,15,300,336,,43.84281,4.62156,Nuit sans éclairage public,Hors agglomération,Hors intersection,Normale,Autre collision,,,,,,,,,,,3,1,1,1.0,6.0
201100012924,0011-05-30 02:30:00,11,5,30,2,30,300,346,,43.96644,4.509,Nuit sans éclairage public,Hors agglomération,Hors intersection,Normale,Autre collision,,,,,,,,,,,3,1,1,1.0,6.0
201100012925,0011-06-05 07:00:00,11,6,5,7,0,300,85,,43.95869,4.48623,Crépuscule ou aube,En agglomération,Hors intersection,Pluie légère,Autre collision,,,,,,,,,,,2,2,1,2.0,6.0
201100012926,0011-06-03 10:00:00,11,6,3,10,0,300,212,CD 6101,43.94,4.57381,Plein jour,En agglomération,Hors intersection,Normale,Deux véhicules - côté,,,,,,,,,,,1,2,1,1.0,3.0
201100012927,0011-06-27 09:45:00,11,6,27,9,45,300,340,,44.00075,4.57879,Plein jour,Hors agglomération,Hors intersection,Normale,Deux véhicules - frontale,,,,,,,,,,,1,1,1,1.0,1.0
201100012928,0011-06-27 07:15:00,11,6,27,7,15,300,12,,43.88774,4.6532,Plein jour,Hors agglomération,Hors intersection,Normale,Sans collision,,,,,,,,,,,1,1,1,1.0,7.0
201100012929,0011-07-13 08:00:00,11,7,13,8,0,300,317,,43.92849,4.56053,Plein jour,Hors agglomération,Hors intersection,Pluie forte,Deux véhicules - frontale,,,,,,,,,,,1,1,1,3.0,1.0
201100012930,0011-08-11 14:45:00,11,8,11,14,45,300,340,,44.01047,4.57951,Plein jour,Hors agglomération,Hors intersection,Normale,Deux véhicules - frontale,,,,,,,,,,,1,1,1,1.0,1.0
201100012931,0011-09-12 13:00:00,11,9,12,13,0,300,12,CHEMIN SAINTE-SUZANNE,43.89733,4.68926,Plein jour,En agglomération,Intersection en T,Normale,Deux véhicules - frontale,,,,,,,,,,,1,2,3,1.0,1.0
201100012932,0011-10-03 21:45:00,11,10,3,21,45,300,13,,43.97305,4.49581,Nuit sans éclairage public,Hors agglomération,Hors intersection,Normale,Autre collision,,,,,,,,,,,3,1,1,1.0,6.0
201100012933,0011-10-07 19:30:00,11,10,7,19,30,300,73,,43.96437,4.57134,Nuit sans éclairage public,Hors agglomération,Hors intersection,Normale,Autre collision,,,,,,,,,,,3,1,1,1.0,6.0
201100012934,0011-11-15 06:30:00,11,11,15,6,30,300,212,AVENUE DU PONT DU GARD,43.93605,4.55651,Nuit avec éclairage non allumé,En agglomération,Hors intersection,Normale,Autre collision,,,,,,,,,,,4,2,1,1.0,6.0
201100012935,0011-12-16 15:00:00,11,12,16,15,0,300,107,,43.959,4.624,Plein jour,Hors agglomération,Hors intersection,Normale,Deux véhicules - frontale,,,,,,,,,,,1,1,1,1.0,1.0
201100012936,0011-02-22 18:00:00,11,2,22,18,0,300,149,,44.02732,4.69753,Plein jour,Hors agglomération,Hors intersection,Normale,Sans collision,,,,,,,,,,,1,1,1,1.0,7.0
201100012937,0011-02-24 17:00:00,11,2,24,17,0,300,209,,43.9798,4.74869,Plein jour,Hors agglomération,Hors intersection,Normale,Deux véhicules - frontale,,,,,,,,,,,1,1,1,1.0,1.0
201100012938,0011-04-15 18:15:00,11,4,15,18,15,300,209,,43.98483,4.74876,Plein jour,Hors agglomération,Hors intersection,Normale,Deux véhicules - côté,,,,,,,,,,,1,1,1,1.0,3.0
201100012939,0011-05-03 19:15:00,11,5,3,19,15,300,326,,44.00748,4.735,Crépuscule ou aube,Hors agglomération,Hors intersection,Normale,Deux véhicules - côté,,,,,,,,,,,2,1,1,1.0,3.0
201100012940,0011-06-09 18:45:00,11,6,9,18,45,300,315,,43.95183,4.712,Plein jour,Hors agglomération,Hors intersection,Normale,Deux véhicules - côté,,,,,,,,,,,1,1,1,1.0,3.0
201100012941,0011-06-29 00:30:00,11,6,29,0,30,300,221,,44.01154,4.7349,Nuit sans éclairage public,Hors agglomération,Hors intersection,Normale,Autre collision,,,,,,,,,,,3,1,1,1.0,6.0
201100012942,0011-07-18 07:30:00,11,7,18,7,30,300,315,,43.94821,4.69258,Plein jour,Hors agglomération,Hors intersection,Normale,Autre collision,,,,,,,,,,,1,1,1,1.0,6.0
201100012943,0011-01-21 16:30:00,11,1,21,16,30,300,354,,43.95042,4.14548,Plein jour,Hors agglomération,Hors intersection,Normale,Deux véhicules - frontale,,,,,,,,,,,1,1,1,1.0,1.0
201100012944,0011-03-07 17:45:00,11,3,7,17,45,300,181,,43.90982,4.10829,Plein jour,Hors agglomération,Hors intersection,Normale,Deux véhicules - côté,,,,,,,,,,,1,1,1,1.0,3.0
201100012945,0011-03-27 13:15:00,11,3,27,13,15,300,193,,43.8658,4.2145,Plein jour,Hors agglomération,Hors intersection,Normale,Sans collision,,,,,,,,,,,1,1,1,1.0,7.0
201100012946,0011-04-30 18:15:00,11,4,30,18,15,300,228,,43.93869,4.38293,Plein jour,Hors agglomération,Hors intersection,Normale,Sans collision,,,,,,,,,,,1,1,1,1.0,7.0
201100012947,0011-05-06 17:15:00,11,5,6,17,15,300,281,,43.84102,4.14156,Plein jour,Hors agglomération,Hors intersection,Normale,Autre collision,,,,,,,,,,,1,1,1,1.0,6.0
201100012948,0011-04-29 11:15:00,11,4,29,11,15,300,241,,,,Plein jour,Hors agglomération,Hors intersection,Normale,Deux véhicules - arrière,,,,,,,,,,,1,1,1,1.0,2.0
201100012949,0011-05-14 15:00:00,11,5,14,15,0,300,88,,43.85491,4.09696,Plein jour,Hors agglomération,Hors intersection,Pluie légère,Sans collision,,,,,,,,,,,1,1,1,2.0,7.0
201100012950,0011-05-15 14:30:00,11,5,15,14,30,300,241,,43.96752,4.28179,Plein jour,Hors agglomération,Hors intersection,Normale,Sans collision,,,,,,,,,,,1,1,1,1.0,7.0
201100012951,0011-06-01 17:30:00,11,6,1,17,30,300,61,,43.95554,4.23801,Plein jour,Hors agglomération,Hors intersection,Normale,Autre collision,,,,,,,,,,,1,1,1,1.0,6.0
201100012952,0011-06-10 15:15:00,11,6,10,15,15,300,49,,43.96917,4.33412,Plein jour,Hors agglomération,Hors intersection,Normale,Deux véhicules - côté,,,,,,,,,,,1,1,1,1.0,3.0
201100012953,0011-07-03 16:30:00,11,7,3,16,30,300,88,,43.8679,4.10208,Plein jour,Hors agglomération,Hors intersection,Normale,Autre collision,,,,,,,,,,,1,1,1,1.0,6.0
201100012954,0011-07-06 17:15:00,11,7,6,17,15,300,112,CD 907,43.90881,4.2029,Plein jour,En agglomération,Hors intersection,Normale,Autre collision,,,,,,,,,,,1,2,1,1.0,6.0
201100012955,0011-07-09 01:30:00,11,7,9,1,30,300,102,,43.92043,4.28084,Nuit sans éclairage public,Hors agglomération,Hors intersection,Normale,Sans collision,,,,,,,,,,,3,1,1,1.0,7.0
201100012956,0011-07-06 17:30:00,11,7,6,17,30,300,228,,43.92684,4.39167,Plein jour,Hors agglomération,Hors intersection,Normale,Sans collision,,,,,,,,,,,1,1,1,1.0,7.0
201100012957,0011-08-15 19:00:00,11,8,15,19,0,300,98,,43.89065,4.09884,Plein jour,Hors agglomération,Hors intersection,Normale,Deux véhicules - frontale,,,,,,,,,,,1,1,1,1.0,1.0
201100012958,0011-10-14 17:30:00,11,10,14,17,30,300,88,,43.86105,4.14208,Plein jour,Hors agglomération,Hors intersection,Normale,Trois véhicules et plus - en chaîne,,,,,,,,,,,1,1,1,1.0,4.0
201100012959,0011-10-29 09:15:00,11,10,29,9,15,300,102,,43.90842,4.28522,Plein jour,Hors agglomération,Hors intersection,Normale,Autre collision,,,,,,,,,,,1,1,1,1.0,6.0
201100012960,0011-10-28 18:45:00,11,10,28,18,45,300,14,,43.99579,4.35077,Nuit sans éclairage public,Hors agglomération,Hors intersection,Normale,Deux véhicules - frontale,,,,,,,,,,,3,1,1,1.0,1.0
201100012961,0011-11-13 00:01:00,11,11,13,0,1,300,88,,43.85916,4.12197,Nuit sans éclairage public,Hors agglomération,Hors intersection,Normale,Deux véhicules - côté,,,,,,,,,,,3,1,1,1.0,3.0
201100012962,0011-11-20 11:00:00,11,11,20,11,0,300,228,,43.93145,4.38706,Plein jour,Hors agglomération,Hors intersection,Pluie légère,Deux véhicules - frontale,,,,,,,,,,,1,1,1,2.0,1.0
201100012963,0011-02-06 01:00:00,11,2,6,1,0,300,176,,43.9244,3.58781,Nuit sans éclairage public,Hors agglomération,Hors intersection,Autre,Sans collision,,,,,,,,,,,3,1,1,9.0,7.0
201100012964,0011-05-01 15:15:00,11,5,1,15,15,300,280,RD 110,43.92995,3.65617,Plein jour,En agglomération,Hors intersection,Normale,Deux véhicules - côté,,,,,,,,,,,1,2,1,1.0,3.0
201100012965,0011-06-03 12:15:00,11,6,3,12,15,300,26,,43.96875,3.60184,Plein jour,Hors agglomération,Hors intersection,Normale,Deux véhicules - côté,,,,,,,,,,,1,1,1,1.0,3.0
201100012966,0011-06-21 13:45:00,11,6,21,13,45,300,52,,43.98958,3.58104,Plein jour,Hors agglomération,Hors intersection,Normale,Deux véhicules - frontale,,,,,,,,,,,1,1,1,1.0,1.0
201100012967,0011-08-05 10:45:00,11,8,5,10,45,300,220,,43.99335,3.68751,Nuit sans éclairage public,Hors agglomération,Hors intersection,Normale,Autre collision,,,,,,,,,,,3,1,1,1.0,6.0
201100012968,0011-10-14 07:45:00,11,10,14,7,45,300,350,Place Triaire,43.99205,3.6064,Plein jour,En agglomération,Hors intersection,Normale,Autre collision,,,,,,,,,,,1,2,1,1.0,6.0
201100012969,0011-10-16 11:15:00,11,10,16,11,15,300,9,,43.96531,3.43254,Plein jour,Hors agglomération,Hors intersection,Normale,Autre collision,,,,,,,,,,,1,1,1,1.0,6.0
201100012970,0011-11-26 17:00:00,11,11,26,17,0,300,9,,43.97271,3.45367,Plein jour,Hors agglomération,Hors intersection,Normale,Deux véhicules - frontale,,,,,,,,,,,1,1,1,1.0,1.0
201100012971,0011-12-10 03:30:00,11,12,10,3,30,300,170,,43.97035,3.55692,Nuit sans éclairage public,Hors agglomération,Hors intersection,Brouillard / fumée,Autre collision,,,,,,,,,,,3,1,1,5.0,6.0
201100012972,0011-08-16 02:00:00,11,8,16,2,0,300,231,,44.16281,3.66806,Nuit sans éclairage public,Hors agglomération,Hors intersection,Normale,Sans collision,,,,,,,,,,,3,1,1,1.0,7.0
201100012973,0011-03-04 18:00:00,11,3,4,18,0,300,349,,,,Plein jour,Hors agglomération,Hors intersection,Normale,Deux véhicules - frontale,,,,,,,,,,,1,1,1,1.0,1.0
201100012974,0011-05-28 10:00:00,11,5,28,10,0,300,314,CD 8 Route de AIGREMONT,43.9618,4.0838,Nuit sans éclairage public,En agglomération,Hors intersection,Normale,Autre collision,,,,,,,,,,,3,2,1,1.0,6.0
201100012975,0011-07-30 22:30:00,11,7,30,22,30,300,66,,43.89654,4.08284,Nuit sans éclairage public,Hors agglomération,Hors intersection,Normale,Autre collision,,,,,,,,,,,3,1,1,1.0,6.0
201100012976,0011-08-11 14:45:00,11,8,11,14,45,300,265,,43.95634,3.99562,Plein jour,Hors agglomération,Hors intersection,Normale,Deux véhicules - frontale,,,,,,,,,,,1,1,1,1.0,1.0
201100012977,0011-10-22 06:30:00,11,10,22,6,30,300,69,,43.85492,4.01715,Nuit sans éclairage public,Hors agglomération,Hors intersection,Normale,Autre collision,,,,,,,,,,,3,1,1,1.0,6.0
201100012978,0011-10-28 18:00:00,11,10,28,18,0,300,58,,43.95171,3.79717,Plein jour,Hors agglomération,Hors intersection,Pluie légère,Deux véhicules - frontale,,,,,,,,,,,1,1,1,2.0,1.0
201100012979,0011-11-23 13:30:00,11,11,23,13,30,300,309,5 voie bois du vidourle,43.85508,4.04396,Plein jour,En agglomération,Hors intersection,Normale,Autre collision,,,,,,,,,,,1,2,1,1.0,6.0
201100012980,0011-05-15 03:00:00,11,5,15,3,0,300,339,,44.10268,3.52209,Nuit sans éclairage public,Hors agglomération,Hors intersection,Normale,Autre collision,,,,,,,,,,,3,1,1,1.0,6.0
201100012981,0011-10-02 17:15:00,11,10,2,17,15,300,105,,44.06893,3.45672,Plein jour,Hors agglomération,Hors intersection,Normale,Sans collision,,,,,,,,,,,1,1,1,1.0,7.0
201100012982,0011-03-13 18:00:00,11,3,13,18,0,480,16,,,,Plein jour,Hors agglomération,Hors intersection,Normale,Deux véhicules - frontale,,,,,,,,,,,1,1,1,1.0,1.0
201100012983,0011-03-28 14:30:00,11,3,28,14,30,480,16,,,,Plein jour,Hors agglomération,Hors intersection,Temps couvert,Sans collision,,,,,,,,,,,1,1,1,8.0,7.0
201100012984,0011-05-19 17:30:00,11,5,19,17,30,480,137,,,,Plein jour,Hors agglomération,Hors intersection,Normale,Trois véhicules et plus - collisions multiples,,,,,,,,,,,1,1,1,1.0,5.0
201100012985,0011-06-02 11:45:00,11,6,2,11,45,480,111,,,,Plein jour,Hors agglomération,Hors intersection,Temps couvert,Trois véhicules et plus - collisions multiples,,,,,,,,,,,1,1,1,8.0,5.0
201100012986,0011-07-04 18:15:00,11,7,4,18,15,480,37,,,,Plein jour,Hors agglomération,Hors intersection,Pluie légère,Sans collision,,,,,,,,,,,1,1,1,2.0,7.0
201100012987,0011-07-13 19:00:00,11,7,13,19,0,480,137,,,,Plein jour,Hors agglomération,Hors intersection,Normale,Autre collision,,,,,,,,,,,1,1,1,1.0,6.0
201100012988,0011-07-24 05:30:00,11,7,24,5,30,480,137,,,,Crépuscule ou aube,Hors agglomération,Hors intersection,Normale,Autre collision,,,,,,,,,,,2,1,1,1.0,6.0
201100012989,0011-07-26 15:30:00,11,7,26,15,30,480,53,Route de Cubierettes,,,Plein jour,En agglomération,Hors intersection,Temps couvert,Deux véhicules - côté,,,,,,,,,,,1,2,1,8.0,3.0
201100012990,0011-07-29 18:30:00,11,7,29,18,30,480,133,,,,Plein jour,Hors agglomération,Hors intersection,Normale,Autre collision,,,,,,,,,,,1,1,1,1.0,6.0
201100012991,0011-08-13 18:45:00,11,8,13,18,45,480,111,,,,Plein jour,Hors agglomération,Hors intersection,Normale,Sans collision,,,,,,,,,,,1,1,1,1.0,7.0
201100012992,0011-09-26 07:00:00,11,9,26,7,0,480,137,,,,Crépuscule ou aube,Hors agglomération,Hors intersection,Normale,Sans collision,,,,,,,,,,,2,1,1,1.0,7.0
201100012993,0011-10-02 17:30:00,11,10,2,17,30,480,137,,,,Plein jour,Hors agglomération,Hors intersection,Normale,Deux véhicules - côté,,,,,,,,,,,1,1,1,1.0,3.0
201100012994,0011-10-23 17:45:00,11,10,23,17,45,480,126,,44.664,3.382,Crépuscule ou aube,Hors agglomération,Hors intersection,Temps couvert,Deux véhicules - frontale,,,,,,,,,,,2,1,1,8.0,1.0