accident_id,datetime,annee,mois,jour,heure,minute,departement,commune_insee,adresse,latitude,longitude,luminosite,agglomeration,intersection,meteo,collision,nb_vehicules,nb_usagers,nb_indemnes,nb_tues,nb_blesses_hosp,nb_blesses_legers,age_cond_1,age_cond_2,veh_type_cond_1,veh_type_cond_2,lum_code,agg_code,int_code,atm_code,col_code
201100012995,0011-11-22 18:30:00,11,11,22,18,30,480,27,,44.508,3.742,Nuit sans éclairage public,Hors agglomération,Hors intersection,Normale,Sans collision,,,,,,,,,,,3,1,1,1.0,7.0
201100012996,0011-05-11 08:15:00,11,5,11,8,15,480,150,,,,Plein jour,Hors agglomération,Hors intersection,Normale,Sans collision,,,,,,,,,,,1,1,1,1.0,7.0
201100012997,0011-06-05 09:15:00,11,6,5,9,15,480,80,,,,Plein jour,Hors agglomération,Hors intersection,Pluie légère,Deux véhicules - frontale,,,,,,,,,,,1,1,1,2.0,1.0
201100012998,0011-06-10 16:00:00,11,6,10,16,0,480,82,,44.588,3.645,Plein jour,Hors agglomération,Hors intersection,Normale,Deux véhicules - frontale,,,,,,,,,,,1,1,1,1.0,1.0
201100012999,0011-07-21 11:00:00,11,7,21,11,0,480,80,AVENUE CONTURIE,,,Plein jour,En agglomération,Hors intersection,Normale,Deux véhicules - arrière,,,,,,,,,,,1,2,1,1.0,2.0
201100013000,0011-08-04 10:45:00,11,8,4,10,45,480,80,bd general de GAULLE,,,Plein jour,En agglomération,Hors intersection,Normale,Autre collision,,,,,,,,,,,1,2,1,1.0,6.0
201100013001,0011-08-04 09:30:00,11,8,4,9,30,480,139,,,,Plein jour,En agglomération,Hors intersection,Normale,Autre collision,,,,,,,,,,,1,2,1,1.0,6.0
201100013002,0011-09-18 15:45:00,11,9,18,15,45,480,45,,,,Plein jour,Hors agglomération,Hors intersection,Normale,Autre collision,,,,,,,,,,,1,1,1,1.0,6.0
201100013003,0011-10-09 12:00:00,11,10,9,12,0,480,70,RUE DE L'EGLISE,44.791,3.634,Plein jour,En agglomération,Hors intersection,Pluie légère,Autre collision,,,,,,,,,,,1,2,1,2.0,6.0
201100013004,0011-10-24 14:00:00,11,10,24,14,0,480,151,,,,Plein jour,Hors agglomération,Hors intersection,Pluie légère,Sans collision,,,,,,,,,,,1,1,1,2.0,7.0
201100013005,0011-11-28 04:00:00,11,11,28,4,0,480,129,,44.684,3.788,Nuit sans éclairage public,Hors agglomération,Hors intersection,Brouillard / fumée,Sans collision,,,,,,,,,,,3,1,1,5.0,7.0
201100013006,0011-12-02 17:00:00,11,12,2,17,0,480,86,,44.65,3.895,Plein jour,Hors agglomération,Hors intersection,Normale,Deux véhicules - frontale,,,,,,,,,,,1,1,1,1.0,1.0
201100013007,0011-12-28 16:30:00,11,12,28,16,30,480,80,,,,Plein jour,Hors agglomération,Hors intersection,Temps éblouissant,Autre collision,,,,,,,,,,,1,1,1,7.0,6.0
201100013008,0011-01-30 12:45:00,11,1,30,12,45,480,117,Castanet,44.45,3.9,Plein jour,En agglomération,Hors intersection,Normale,Sans collision,,,,,,,,,,,1,2,1,1.0,7.0
201100013009,0011-06-14 09:00:00,11,6,14,9,0,480,119,,,,Plein jour,Hors agglomération,Hors intersection,Normale,Autre collision,,,,,,,,,,,1,1,1,1.0,6.0
201100013010,0011-06-26 15:45:00,11,6,26,15,45,480,19,,,,Plein jour,Hors agglomération,Hors intersection,Normale,Deux véhicules - frontale,,,,,,,,,,,1,1,1,1.0,1.0
201100013011,0011-07-09 23:00:00,11,7,9,23,0,480,61,Avenue quartier Becede,,,Nuit avec éclairage allumé,En agglomération,Autre intersection,Normale,Autre collision,,,,,,,,,,,5,2,9,1.0,6.0
201100013012,0011-09-07 11:15:00,11,9,7,11,15,480,162,,,,Plein jour,Hors agglomération,Hors intersection,Normale,Deux véhicules - frontale,,,,,,,,,,,1,1,1,1.0,1.0
201100013013,0011-04-22 16:45:00,11,4,22,16,45,480,97,,,,Plein jour,Hors agglomération,Hors intersection,Normale,Autre collision,,,,,,,,,,,1,1,1,1.0,6.0
201100013014,0011-04-30 18:30:00,11,4,30,18,30,480,148,,,,Plein jour,Hors agglomération,Hors intersection,Normale,Sans collision,,,,,,,,,,,1,1,1,1.0,7.0
201100013015,0011-05-18 10:45:00,11,5,18,10,45,480,148,,,,Plein jour,Hors agglomération,Hors intersection,Normale,Sans collision,,,,,,,,,,,1,1,1,1.0,7.0
201100013016,0011-07-16 07:30:00,11,7,16,7,30,480,36,,,,Plein jour,Hors agglomération,Hors intersection,Normale,Autre collision,,,,,,,,,,,1,1,1,1.0,6.0
201100013017,0011-07-17 18:15:00,11,7,17,18,15,480,152,,,,Plein jour,Hors agglomération,Hors intersection,Normale,Sans collision,,,,,,,,,,,1,1,1,1.0,7.0
201100013018,0011-10-13 19:15:00,11,10,13,19,15,480,51,,,,Plein jour,Hors agglomération,Hors intersection,Normale,Autre collision,,,,,,,,,,,1,1,1,1.0,6.0
201100013019,0011-05-30 16:30:00,11,5,30,16,30,480,146,,44.38,3.418,Plein jour,Hors agglomération,Hors intersection,Normale,Sans collision,,,,,,,,,,,1,1,1,1.0,7.0
201100013020,0011-07-19 05:45:00,11,7,19,5,45,480,146,,44.397,3.425,Crépuscule ou aube,Hors agglomération,Hors intersection,Pluie forte,Sans collision,,,,,,,,,,,2,1,1,3.0,7.0
201100013021,0011-07-25 15:30:00,11,7,25,15,30,480,101,,44.291,3.484,Plein jour,Hors agglomération,Hors intersection,Pluie forte,Autre collision,,,,,,,,,,,1,1,1,3.0,6.0
201100013022,0011-08-01 18:00:00,11,8,1,18,0,480,74,,44.194,3.414,Plein jour,Hors agglomération,Hors intersection,Normale,Autre collision,,,,,,,,,,,1,1,1,1.0,6.0
201100013023,0011-09-06 10:30:00,11,9,6,10,30,480,96,,44.207,3.395,Plein jour,Hors agglomération,Hors intersection,Normale,Autre collision,,,,,,,,,,,1,1,1,1.0,6.0
201100013024,0011-12-24 02:45:00,11,12,24,2,45,480,176,,44.206,3.266,Nuit sans éclairage public,Hors agglomération,Hors intersection,Pluie légère,Autre collision,,,,,,,,,,,3,1,1,2.0,6.0
201100013025,0011-01-01 03:00:00,11,1,1,3,0,480,55,,,,Nuit sans éclairage public,Hors agglomération,Hors intersection,Normale,Autre collision,,,,,,,,,,,3,1,1,1.0,6.0
201100013026,0011-01-16 18:00:00,11,1,16,18,0,480,17,,,,Nuit avec éclairage allumé,En agglomération,Hors intersection,Normale,Autre collision,,,,,,,,,,,5,2,1,1.0,6.0
201100013027,0011-02-05 15:00:00,11,2,5,15,0,480,34,place de l'Ayre,,,Plein jour,En agglomération,Hors intersection,Normale,Deux véhicules - côté,,,,,,,,,,,1,2,1,1.0,3.0
201100013028,0011-04-02 20:45:00,11,4,2,20,45,480,92,Ave th?ophille roussel,,,Crépuscule ou aube,En agglomération,Hors intersection,Normale,Deux véhicules - arrière,,,,,,,,,,,2,2,1,1.0,2.0
201100013029,0011-04-06 08:00:00,11,4,6,8,0,480,17,ZAC La Plaine,,,Plein jour,En agglomération,Hors intersection,Normale,Deux véhicules - arrière,,,,,,,,,,,1,2,1,1.0,2.0
201100013030,0011-04-16 12:30:00,11,4,16,12,30,480,17,Avenue du LOT,,,Plein jour,En agglomération,Hors intersection,Normale,Trois véhicules et plus - collisions multiples,,,,,,,,,,,1,2,1,1.0,5.0
201100013031,0011-04-19 09:45:00,11,4,19,9,45,480,18,,,,Plein jour,Hors agglomération,Hors intersection,Normale,Deux véhicules - côté,,,,,,,,,,,1,1,1,1.0,3.0
201100013032,0011-05-24 10:15:00,11,5,24,10,15,480,39,,,,Plein jour,Hors agglomération,Hors intersection,Normale,Autre collision,,,,,,,,,,,1,1,1,1.0,6.0
201100013033,0011-06-24 05:00:00,11,6,24,5,0,480,34,,,,Crépuscule ou aube,Hors agglomération,Hors intersection,Normale,Autre collision,,,,,,,,,,,2,1,1,1.0,6.0
201100013034,0011-06-28 22:30:00,11,6,28,22,30,480,17,,,,Nuit sans éclairage public,Hors agglomération,Hors intersection,Normale,Autre collision,,,,,,,,,,,3,1,1,1.0,6.0
201100013035,0011-10-28 12:00:00,11,10,28,12,0,480,185,,,,Plein jour,Hors agglomération,Hors intersection,Pluie légère,Deux véhicules - frontale,,,,,,,,,,,1,1,1,2.0,1.0
201100013036,0011-05-10 13:45:00,11,5,10,13,45,480,140,Place du foirail,,,Plein jour,En agglomération,Hors intersection,Normale,Autre collision,,,,,,,,,,,1,2,1,1.0,6.0
201100013037,0011-07-17 17:45:00,11,7,17,17,45,480,47,,,,Plein jour,Hors agglomération,Hors intersection,Pluie légère,Sans collision,,,,,,,,,,,1,1,1,2.0,7.0
201100013038,0011-10-02 12:00:00,11,10,2,12,0,480,128,,,,Plein jour,Hors agglomération,Hors intersection,Normale,Autre collision,,,,,,,,,,,1,1,1,1.0,6.0
201100013039,0011-11-02 09:00:00,11,11,2,9,0,480,12,,44.828,3.24,Plein jour,Hors agglomération,Hors intersection,Normale,Autre collision,,,,,,,,,,,1,1,1,1.0,6.0
201100013040,0011-11-21 14:45:00,11,11,21,14,45,480,47,,,,Plein jour,Hors agglomération,Hors intersection,Normale,Deux véhicules - côté,,,,,,,,,,,1,1,1,1.0,3.0
201100013041,0011-11-21 23:45:00,11,11,21,23,45,480,63,,,,Nuit sans éclairage public,Hors agglomération,Hors intersection,Normale,Autre collision,,,,,,,,,,,3,1,1,1.0,6.0
201100013042,0011-12-07 10:30:00,11,12,7,10,30,480,140,,,,Plein jour,Hors agglomération,Hors intersection,Pluie légère,Deux véhicules - côté,,,,,,,,,,,1,1,1,2.0,3.0
201100013043,0011-04-17 20:15:00,11,4,17,20,15,660,182,Route de Canet D11,,,Plein jour,En agglomération,Hors intersection,Normale,Autre collision,,,,,,,,,,,1,2,1,1.0,6.0
201100013044,0011-06-19 05:15:00,11,6,19,5,15,660,37,voie de la m?diterran?e,42.702,3.01714,Nuit sans éclairage public,En agglomération,Hors intersection,Normale,Autre collision,,,,,,,,,,,3,2,1,1.0,6.0
201100013045,0011-09-15 11:15:00,11,9,15,11,15,660,37,bd de la c?te radieuse,42.68171,3.03134,Plein jour,En agglomération,Hors intersection,Normale,Autre collision,,,,,,,,,,,1,2,1,1.0,6.0
201100013046,0011-07-31 01:15:00,11,7,31,1,15,660,37,,42.6865,2.99693,Nuit sans éclairage public,Hors agglomération,Hors intersection,Normale,Deux véhicules - frontale,,,,,,,,,,,3,1,1,1.0,1.0
201100013047,0011-08-22 17:15:00,11,8,22,17,15,660,37,,,,Plein jour,Hors agglomération,Hors intersection,Normale,Deux véhicules - côté,,,,,,,,,,,1,1,1,1.0,3.0
201100013048,0011-11-07 07:00:00,11,11,7,7,0,660,37,,,,Crépuscule ou aube,Hors agglomération,Hors intersection,Normale,Deux véhicules - côté,,,,,,,,,,,2,1,1,1.0,3.0
201100013049,0011-11-29 18:30:00,11,11,29,18,30,660,182,,,,Nuit sans éclairage public,Hors agglomération,Hors intersection,Normale,Deux véhicules - frontale,,,,,,,,,,,3,1,1,1.0,1.0
201100013050,0011-02-26 14:15:00,11,2,26,14,15,660,227,,,,Plein jour,Hors agglomération,Hors intersection,Normale,Autre collision,,,,,,,,,,,1,1,1,1.0,6.0
201100013051,0011-06-20 20:45:00,11,6,20,20,45,660,65,,,,Plein jour,Hors agglomération,Hors intersection,Normale,Sans collision,,,,,,,,,,,1,1,1,1.0,7.0
201100013052,0011-07-02 12:00:00,11,7,2,12,0,660,65,,,,Plein jour,Hors agglomération,Hors intersection,Normale,Deux véhicules - côté,,,,,,,,,,,1,1,1,1.0,3.0
201100013053,0011-07-05 19:00:00,11,7,5,19,0,660,65,AVENUE PABLO NERUDA,42.60139,2.96681,Plein jour,En agglomération,Hors intersection,Normale,Autre collision,,,,,,,,,,,1,2,1,1.0,6.0
201100013054,0011-09-22 07:45:00,11,9,22,7,45,660,65,Carrefour D.40 / RN114,42.60354,2.98043,Crépuscule ou aube,En agglomération,Hors intersection,Normale,Autre collision,,,,,,,,,,,2,2,1,1.0,6.0
201100013055,0011-11-10 20:30:00,11,11,10,20,30,660,227,,,,Nuit sans éclairage public,Hors agglomération,Intersection en X,Normale,Deux véhicules - frontale,,,,,,,,,,,3,1,2,1.0,1.0
201100013056,0011-12-07 18:00:00,11,12,7,18,0,660,59,ROND POINT D'ORIOLA,42.62761,2.94662,Nuit avec éclairage allumé,En agglomération,Giratoire,Normale,Deux véhicules - côté,,,,,,,,,,,5,2,6,1.0,3.0
201100013057,0011-04-17 17:15:00,11,4,17,17,15,660,187,,,,Plein jour,Hors agglomération,Hors intersection,Normale,Deux véhicules - frontale,,,,,,,,,,,1,1,1,1.0,1.0
201100013058,0011-06-02 13:00:00,11,6,2,13,0,660,107,,,,Plein jour,Hors agglomération,Hors intersection,Normale,Deux véhicules - frontale,,,,,,,,,,,1,1,1,1.0,1.0
201100013059,0011-09-22 19:30:00,11,9,22,19,30,660,107,,,,Plein jour,Hors agglomération,Hors intersection,Normale,Deux véhicules - frontale,,,,,,,,,,,1,1,1,1.0,1.0
201100013060,0011-12-20 16:00:00,11,12,20,16,0,660,187,,,,Plein jour,Hors agglomération,Hors intersection,Normale,Deux véhicules - frontale,,,,,,,,,,,1,1,1,1.0,1.0
201100013061,0011-12-25 01:30:00,11,12,25,1,30,660,71,,,,Nuit avec éclairage allumé,Hors agglomération,Hors intersection,Normale,Autre collision,,,,,,,,,,,5,1,1,1.0,6.0
201100013062,0011-09-03 19:30:00,11,9,3,19,30,660,121,,,,Plein jour,Hors agglomération,Hors intersection,Normale,Sans collision,,,,,,,,,,,1,1,1,1.0,7.0
201100013063,0011-10-21 16:45:00,11,10,21,16,45,660,173,,,,Plein jour,Hors agglomération,Hors intersection,Normale,Deux véhicules - arrière,,,,,,,,,,,1,1,1,1.0,2.0
201100013064,0011-11-30 18:15:00,11,11,30,18,15,660,108,,42.68589,2.70245,Nuit sans éclairage public,Hors agglomération,Hors intersection,Normale,Deux véhicules - frontale,,,,,,,,,,,3,1,1,1.0,1.0
201100013065,0011-12-23 01:45:00,11,12,23,1,45,660,174,53 avenue du canigou,42.68176,2.73977,Nuit avec éclairage allumé,En agglomération,Hors intersection,Normale,Autre collision,,,,,,,,,,,5,2,1,1.0,6.0
201100013066,0011-01-19 00:15:00,11,1,19,0,15,660,164,,,,Nuit sans éclairage public,Hors agglomération,Hors intersection,Normale,Autre collision,,,,,,,,,,,3,1,1,1.0,6.0
201100013067,0011-01-23 18:15:00,11,1,23,18,15,660,69,,,,Crépuscule ou aube,Hors agglomération,Hors intersection,Normale,Sans collision,,,,,,,,,,,2,1,1,1.0,7.0
201100013068,0011-02-08 17:15:00,11,2,8,17,15,660,190,,,,Plein jour,Hors agglomération,Hors intersection,Normale,Autre collision,,,,,,,,,,,1,1,1,1.0,6.0
201100013069,0011-04-17 03:45:00,11,4,17,3,45,660,190,,42.7241,3.01646,Nuit sans éclairage public,Hors agglomération,Hors intersection,Normale,Autre collision,,,,,,,,,,,3,1,1,1.0,6.0
201100013070,0011-07-19 10:30:00,11,7,19,10,30,660,14,Boulevard de la fontaine,42.74951,2.80598,Plein jour,En agglomération,Hors intersection,Normale,Autre collision,,,,,,,,,,,1,2,1,1.0,6.0
201100013071,0011-09-29 15:00:00,11,9,29,15,0,660,69,,42.80264,2.84213,Plein jour,Hors agglomération,Hors intersection,Normale,Deux véhicules - frontale,,,,,,,,,,,1,1,1,1.0,1.0
201100013072,0011-10-16 03:30:00,11,10,16,3,30,660,138,,,,Nuit sans éclairage public,Hors agglomération,Hors intersection,Normale,Sans collision,,,,,,,,,,,3,1,1,1.0,7.0
201100013073,0011-10-25 21:00:00,11,10,25,21,0,660,69,,,,Nuit sans éclairage public,Hors agglomération,Hors intersection,Normale,Autre collision,,,,,,,,,,,3,1,1,1.0,6.0
201100013074,0011-11-29 09:30:00,11,11,29,9,30,660,164,,,,Plein jour,Hors agglomération,Hors intersection,Normale,Deux véhicules - côté,,,,,,,,,,,1,1,1,1.0,3.0
201100013075,0011-12-04 13:30:00,11,12,4,13,30,660,164,,,,Plein jour,Hors agglomération,Hors intersection,Normale,Autre collision,,,,,,,,,,,1,1,1,1.0,6.0
201100013076,0011-07-16 16:45:00,11,7,16,16,45,660,171,BD DESNOYER ST CYPRIEN,42.6226,3.03668,Plein jour,En agglomération,Place,Normale,Autre collision,,,,,,,,,,,1,2,7,1.0,6.0
201100013077,0011-07-23 23:45:00,11,7,23,23,45,660,208,,,,Nuit sans éclairage public,Hors agglomération,Hors intersection,Normale,Deux véhicules - frontale,,,,,,,,,,,3,1,1,1.0,1.0
201100013078,0011-10-25 14:00:00,11,10,25,14,0,660,208,,,,Plein jour,Hors agglomération,Hors intersection,Normale,Autre collision,,,,,,,,,,,1,1,1,1.0,6.0
201100013079,0011-05-02 09:30:00,11,5,2,9,30,660,17,,,,Plein jour,Hors agglomération,Hors intersection,Normale,Deux véhicules - frontale,,,,,,,,,,,1,1,1,1.0,1.0
201100013080,0011-05-17 13:45:00,11,5,17,13,45,660,212,,,,Plein jour,Hors agglomération,Autre intersection,Normale,Deux véhicules - côté,,,,,,,,,,,1,1,9,1.0,3.0
201100013081,0011-06-27 08:45:00,11,6,27,8,45,660,176,,42.781,2.957,Plein jour,Hors agglomération,Hors intersection,Normale,Autre collision,,,,,,,,,,,1,1,1,1.0,6.0
201100013082,0011-08-09 17:00:00,11,8,9,17,0,660,180,,,,Plein jour,Hors agglomération,Hors intersection,Normale,Deux véhicules - frontale,,,,,,,,,,,1,1,1,1.0,1.0
201100013083,0011-08-21 04:15:00,11,8,21,4,15,660,180,,,,Nuit sans éclairage public,Hors agglomération,Hors intersection,Normale,Deux véhicules - frontale,,,,,,,,,,,3,1,1,1.0,1.0
201100013084,0011-08-30 14:15:00,11,8,30,14,15,660,17,boulevarde de lasalanque,42.78329,3.03439,Plein jour,En agglomération,Hors intersection,Normale,Deux véhicules - côté,,,,,,,,,,,1,2,1,1.0,3.0
201100013085,0011-09-04 07:15:00,11,9,4,7,15,660,180,,,,Plein jour,Hors agglomération,Hors intersection,Normale,Trois véhicules et plus - collisions multiples,,,,,,,,,,,1,1,1,1.0,5.0
201100013086,0011-12-09 15:15:00,11,12,9,15,15,660,180,,42.77419,2.9935,Plein jour,En agglomération,Hors intersection,Normale,Deux véhicules - arrière,,,,,,,,,,,1,2,1,1.0,2.0
201100013087,0011-02-28 11:45:00,11,2,28,11,45,660,210,Av. de la Méditerranée,42.63723,2.76154,Plein jour,En agglomération,Giratoire,Normale,Autre collision,,,,,,,,,,,1,2,6,1.0,6.0
201100013088,0011-03-19 14:30:00,11,3,19,14,30,660,226,,,,Plein jour,Hors agglomération,Hors intersection,Normale,Trois véhicules et plus - en chaîne,,,,,,,,,,,1,1,1,1.0,4.0
201100013089,0011-04-13 17:45:00,11,4,13,17,45,660,210,,,,Plein jour,Hors agglomération,Hors intersection,Normale,Deux véhicules - frontale,,,,,,,,,,,1,1,1,1.0,1.0
201100013090,0011-08-04 01:30:00,11,8,4,1,30,660,144,,,,Nuit sans éclairage public,Hors agglomération,Hors intersection,Normale,Autre collision,,,,,,,,,,,3,1,1,1.0,6.0
201100013091,0011-08-15 08:00:00,11,8,15,8,0,660,210,chemin des tuileries,42.63524,2.74431,Plein jour,En agglomération,Hors intersection,Normale,Sans collision,,,,,,,,,,,1,2,1,1.0,7.0
201100013092,0011-09-02 14:30:00,11,9,2,14,30,660,226,,,,Plein jour,Hors agglomération,Hors intersection,Normale,Deux véhicules - côté,,,,,,,,,,,1,1,1,1.0,3.0
201100013093,0011-09-23 11:30:00,11,9,23,11,30,660,217,Avenue du Mas Deu,,,Plein jour,En agglomération,Hors intersection,Normale,Deux véhicules - côté,,,,,,,,,,,1,2,1,1.0,3.0
201100013094,0011-11-02 10:00:00,11,11,2,10,0,660,44,,,,Plein jour,Hors agglomération,Hors intersection,Normale,Trois véhicules et plus - collisions multiples,,,,,,,,,,,1,1,1,1.0,5.0
201100013095,0011-11-02 18:00:00,11,11,2,18,0,660,84,,,,Nuit sans éclairage public,Hors agglomération,Hors intersection,Normale,Sans collision,,,,,,,,,,,3,1,1,1.0,7.0
201100013096,0011-11-10 15:45:00,11,11,10,15,45,660,217,,,,Plein jour,Hors agglomération,Hors intersection,Normale,Sans collision,,,,,,,,,,,1,1,1,1.0,7.0
201100013097,0011-12-12 08:15:00,11,12,12,8,15,660,210,rond point de targon,42.6302,2.7517,Plein jour,En agglomération,Giratoire,Normale,Deux véhicules - côté,,,,,,,,,,,1,2,6,1.0,3.0
201100013098,0011-01-19 14:45:00,11,1,19,14,45,660,3,route de Céret - RD 115,,,Plein jour,En agglomération,Hors intersection,Normale,Autre collision,,,,,,,,,,,1,2,1,1.0,6.0
201100013099,0011-02-06 05:30:00,11,2,6,5,30,660,60,,,,Nuit sans éclairage public,Hors agglomération,Hors intersection,Normale,Sans collision,,,,,,,,,,,3,1,1,1.0,7.0
201100013100,0011-03-06 19:30:00,11,3,6,19,30,660,9,CAN PARTERRE,,,Nuit avec éclairage allumé,En agglomération,Hors intersection,Normale,Deux véhicules - frontale,,,,,,,,,,,5,2,1,1.0,1.0
201100013101,0011-03-28 08:45:00,11,3,28,8,45,660,3,BVD PETITE PROVENCE,42.47532,2.66854,Plein jour,En agglomération,Hors intersection,Normale,Autre collision,,,,,,,,,,,1,2,1,1.0,6.0
201100013102,0011-09-07 16:00:00,11,9,7,16,0,660,160,,,,Plein jour,Hors agglomération,Hors intersection,Normale,Deux véhicules - frontale,,,,,,,,,,,1,1,1,1.0,1.0
201100013103,0011-10-14 16:30:00,11,10,14,16,30,660,160,,,,Plein jour,Hors agglomération,Hors intersection,Normale,Deux véhicules - frontale,,,,,,,,,,,1,1,1,1.0,1.0
201100013104,0011-10-28 15:00:00,11,10,28,15,0,660,116,,,,Plein jour,Hors agglomération,Hors intersection,Pluie forte,Deux véhicules - frontale,,,,,,,,,,,1,1,1,3.0,1.0
201100013105,0011-11-19 12:15:00,11,11,19,12,15,660,160,,,,Plein jour,Hors agglomération,Hors intersection,Normale,Deux véhicules - côté,,,,,,,,,,,1,1,1,1.0,3.0
201100013106,0011-04-09 05:00:00,11,4,9,5,0,660,8,,,,Nuit sans éclairage public,Hors agglomération,Hors intersection,Normale,Deux véhicules - frontale,,,,,,,,,,,3,1,1,1.0,1.0
201100013107,0011-06-18 10:15:00,11,6,18,10,15,660,8,All?e Ferdinand BUISSON,42.54827,3.02066,Plein jour,En agglomération,Hors intersection,Normale,Autre collision,,,,,,,,,,,1,2,1,1.0,6.0
201100013108,0011-06-29 07:30:00,11,6,29,7,30,660,8,,42.5512,2.99132,Plein jour,Hors agglomération,Hors intersection,Normale,Deux véhicules - côté,,,,,,,,,,,1,1,1,1.0,3.0
201100013109,0011-09-05 06:15:00,11,9,5,6,15,660,8,rue des trabucaires,42.55247,3.0257,Nuit avec éclairage allumé,En agglomération,Hors intersection,Normale,Deux véhicules - frontale,,,,,,,,,,,5,2,1,1.0,1.0
201100013110,0011-04-01 23:30:00,11,4,1,23,30,660,115,,,,Nuit sans éclairage public,Hors agglomération,Hors intersection,Normale,Deux véhicules - frontale,,,,,,,,,,,3,1,1,1.0,1.0
201100013111,0011-07-17 10:45:00,11,7,17,10,45,660,115,,,,Plein jour,Hors agglomération,Hors intersection,Normale,Trois véhicules et plus - collisions multiples,,,,,,,,,,,1,1,1,1.0,5.0
201100013112,0011-12-27 10:30:00,11,12,27,10,30,660,16,,,,Plein jour,Hors agglomération,Hors intersection,Normale,Sans collision,,,,,,,,,,,1,1,1,1.0,7.0
201100013113,0011-03-18 14:30:00,11,3,18,14,30,660,214,,,,Plein jour,Hors agglomération,Hors intersection,Normale,Deux véhicules - arrière,,,,,,,,,,,1,1,1,1.0,2.0
201100013114,0011-04-22 18:45:00,11,4,22,18,45,660,106,,,,Crépuscule ou aube,Hors agglomération,Hors intersection,Pluie forte,Deux véhicules - frontale,,,,,,,,,,,2,1,1,3.0,1.0
201100013115,0011-04-22 18:45:00,11,4,22,18,45,660,106,,,,Crépuscule ou aube,Hors agglomération,Hors intersection,Pluie forte,Deux véhicules - frontale,,,,,,,,,,,2,1,1,3.0,1.0
201100013116,0011-05-11 14:45:00,11,5,11,14,45,660,178,,,,Plein jour,Hors agglomération,Hors intersection,Normale,Deux véhicules - frontale,,,,,,,,,,,1,1,1,1.0,1.0
201100013117,0011-05-28 17:30:00,11,5,28,17,30,660,178,,,,Plein jour,Hors agglomération,Hors intersection,Normale,Deux véhicules - côté,,,,,,,,,,,1,1,1,1.0,3.0
201100013118,0011-05-28 17:15:00,11,5,28,17,15,660,63,,,,Plein jour,Hors agglomération,Hors intersection,Normale,Deux véhicules - frontale,,,,,,,,,,,1,1,1,1.0,1.0
201100013119,0011-07-10 12:45:00,11,7,10,12,45,660,137,,,,Plein jour,Hors agglomération,Hors intersection,Normale,Deux véhicules - frontale,,,,,,,,,,,1,1,1,1.0,1.0
201100013120,0011-07-22 18:30:00,11,7,22,18,30,660,63,,,,Plein jour,Hors agglomération,Hors intersection,Normale,Sans collision,,,,,,,,,,,1,1,1,1.0,7.0
201100013121,0011-09-08 12:45:00,11,9,8,12,45,660,106,,,,Plein jour,Hors agglomération,Hors intersection,Normale,Deux véhicules - arrière,,,,,,,,,,,1,1,1,1.0,2.0
201100013122,0011-05-05 15:55:00,11,5,5,15,55,660,53,,,,Plein jour,Hors agglomération,Hors intersection,Normale,Deux véhicules - frontale,,,,,,,,,,,1,1,1,1.0,1.0
201100013123,0011-08-04 00:15:00,11,8,4,0,15,660,53,,,,Nuit sans éclairage public,Hors agglomération,Hors intersection,Normale,Deux véhicules - frontale,,,,,,,,,,,3,1,1,1.0,1.0
201100013124,0011-08-21 07:00:00,11,8,21,7,0,660,53,,,,Crépuscule ou aube,Hors agglomération,Hors intersection,Normale,Sans collision,,,,,,,,,,,2,1,1,1.0,7.0
201100013125,0011-01-17 07:45:00,11,1,17,7,45,660,150,,,,Crépuscule ou aube,Hors agglomération,Hors intersection,Autre,Sans collision,,,,,,,,,,,2,1,1,9.0,7.0
201100013126,0011-02-06 16:45:00,11,2,6,16,45,660,74,,,,Plein jour,Hors agglomération,Hors intersection,Normale,Trois véhicules et plus - en chaîne,,,,,,,,,,,1,1,1,1.0,4.0
201100013127,0011-03-10 16:45:00,11,3,10,16,45,660,125,,,,Plein jour,Hors agglomération,Hors intersection,Normale,Deux véhicules - frontale,,,,,,,,,,,1,1,1,1.0,1.0
201100013128,0011-05-28 10:15:00,11,5,28,10,15,660,36,,,,Plein jour,Hors agglomération,Hors intersection,Normale,Deux véhicules - côté,,,,,,,,,,,1,1,1,1.0,3.0
201100013129,0011-06-02 07:00:00,11,6,2,7,0,660,149,,,,Crépuscule ou aube,En agglomération,Hors intersection,Normale,Autre collision,,,,,,,,,,,2,2,1,1.0,6.0
201100013130,0011-07-09 17:00:00,11,7,9,17,0,660,149,,,,Plein jour,Hors agglomération,Hors intersection,Normale,Autre collision,,,,,,,,,,,1,1,1,1.0,6.0
201100013131,0011-07-21 10:15:00,11,7,21,10,15,660,149,29 rue pahou,42.61498,2.42382,Plein jour,En agglomération,Autre intersection,Normale,Autre collision,,,,,,,,,,,1,2,9,1.0,6.0