accident_id,datetime,annee,mois,jour,heure,minute,departement,commune_insee,adresse,latitude,longitude,luminosite,agglomeration,intersection,meteo,collision,nb_vehicules,nb_usagers,nb_indemnes,nb_tues,nb_blesses_hosp,nb_blesses_legers,age_cond_1,age_cond_2,veh_type_cond_1,veh_type_cond_2,lum_code,agg_code,int_code,atm_code,col_code
201100013401,0011-05-23 22:00:00,11,5,23,22,0,780,380,BD PAUL BARRE,,,Nuit avec éclairage allumé,En agglomération,Hors intersection,Normale,Autre collision,,,,,,,,,,,5,2,1,1.0,6.0
201100013402,0011-07-26 23:45:00,11,7,26,23,45,780,380,29 COTE DE BEULLE,48.917,1.859,Nuit sans éclairage public,En agglomération,Hors intersection,Normale,Autre collision,,,,,,,,,,,3,2,1,1.0,6.0
201100013403,0011-11-24 11:30:00,11,11,24,11,30,780,451,R ST BLAISE/COLOMBIER,48.949,1.836,Plein jour,En agglomération,Intersection en T,Normale,Deux véhicules - côté,,,,,,,,,,,1,2,3,1.0,3.0
201100013404,0011-04-26 18:00:00,11,4,26,18,0,780,192,D11,48.9128,1.60291,Plein jour,Hors agglomération,Hors intersection,Normale,Autre collision,,,,,,,,,,,1,1,1,1.0,6.0
201100013405,0011-06-10 10:15:00,11,6,10,10,15,780,474,,,,Plein jour,Hors agglomération,Hors intersection,Normale,Deux véhicules - frontale,,,,,,,,,,,1,1,1,1.0,1.0
201100013406,0011-10-15 12:00:00,11,10,15,12,0,780,20,,,,Plein jour,Hors agglomération,Hors intersection,Normale,Deux véhicules - côté,,,,,,,,,,,1,1,1,1.0,3.0
201100013407,0011-10-27 16:15:00,11,10,27,16,15,780,618,25 rue saint laurent,,,Plein jour,En agglomération,Hors intersection,Normale,Deux véhicules - côté,,,,,,,,,,,1,2,1,1.0,3.0
201100013408,0011-10-20 20:15:00,11,10,20,20,15,780,591,Face 14 rue de Yvelines,,,Nuit avec éclairage allumé,En agglomération,Hors intersection,Normale,Deux véhicules - frontale,,,,,,,,,,,5,2,1,1.0,1.0
201100013409,0011-11-01 08:45:00,11,11,1,8,45,780,530,RD 983,,,Plein jour,En agglomération,Intersection en T,Normale,Deux véhicules - côté,,,,,,,,,,,1,2,3,1.0,3.0
201100013410,0011-11-21 15:15:00,11,11,21,15,15,780,465,grande rue,,,Plein jour,En agglomération,Hors intersection,Normale,Sans collision,,,,,,,,,,,1,2,1,1.0,7.0
201100013411,0011-11-27 08:00:00,11,11,27,8,0,780,597,,,,Crépuscule ou aube,Hors agglomération,Hors intersection,Temps couvert,Deux véhicules - frontale,,,,,,,,,,,2,1,1,8.0,1.0
201100013412,0011-12-09 07:00:00,11,12,9,7,0,780,291,,,,Crépuscule ou aube,Hors agglomération,Hors intersection,Pluie légère,Sans collision,,,,,,,,,,,2,1,1,2.0,7.0
201100013413,0011-01-08 10:30:00,11,1,8,10,30,780,108,RD 60 / RD 191,48.7312,1.83496,Plein jour,Hors agglomération,Intersection en Y,Vent fort / tempête,Autre collision,,,,,,,,,,,1,1,4,6.0,6.0
201100013414,0011-03-27 15:00:00,11,3,27,15,0,780,30,RD 24,48.6947,1.90765,Plein jour,Hors agglomération,Hors intersection,Temps couvert,Trois véhicules et plus - collisions multiples,,,,,,,,,,,1,1,1,8.0,5.0
201100013415,0011-04-10 17:00:00,11,4,10,17,0,780,30,RD 24,,,Plein jour,Hors agglomération,Hors intersection,Normale,Trois véhicules et plus - collisions multiples,,,,,,,,,,,1,1,1,1.0,5.0
201100013416,0011-06-03 16:45:00,11,6,3,16,45,780,30,RD 24,,,Plein jour,Hors agglomération,Hors intersection,Normale,Deux véhicules - côté,,,,,,,,,,,1,1,1,1.0,3.0
201100013417,0011-06-04 13:30:00,11,6,4,13,30,780,209,RD 176/R DE CHALEINE,,,Plein jour,Hors agglomération,Intersection en X,Normale,Deux véhicules - frontale,,,,,,,,,,,1,1,2,1.0,1.0
201100013418,0011-06-24 20:30:00,11,6,24,20,30,780,307,RD 107,,,Plein jour,Hors agglomération,Hors intersection,Normale,Deux véhicules - frontale,,,,,,,,,,,1,1,1,1.0,1.0
201100013419,0011-08-05 23:45:00,11,8,5,23,45,780,655,RD 73 / RD 906,,,Nuit sans éclairage public,Hors agglomération,Intersection en X,Pluie légère,Autre collision,,,,,,,,,,,3,1,2,2.0,6.0
201100013420,0011-09-16 08:45:00,11,9,16,8,45,780,464,RD 150,,,Plein jour,Hors agglomération,Hors intersection,Normale,Sans collision,,,,,,,,,,,1,1,1,1.0,7.0
201100013421,0011-10-16 17:30:00,11,10,16,17,30,780,30,RD 24,,,Plein jour,Hors agglomération,Hors intersection,Normale,Deux véhicules - frontale,,,,,,,,,,,1,1,1,1.0,1.0
201100013422,0011-10-23 00:01:00,11,10,23,0,1,780,557,RD 906,,,Nuit avec éclairage allumé,En agglomération,Hors intersection,Normale,Deux véhicules - frontale,,,,,,,,,,,5,2,1,1.0,1.0
201100013423,0011-01-23 08:00:00,11,1,23,8,0,780,3,RD 988,48.528,1.86019,Crépuscule ou aube,Hors agglomération,Hors intersection,Pluie légère,Autre collision,,,,,,,,,,,2,1,1,2.0,6.0
201100013424,0011-01-25 18:15:00,11,1,25,18,15,780,478,RN 191,48.4752,1.85426,Nuit avec éclairage non allumé,Hors agglomération,Hors intersection,Pluie légère,Deux véhicules - frontale,,,,,,,,,,,4,1,1,2.0,1.0
201100013425,0011-02-04 16:45:00,11,2,4,16,45,780,3,RD 988,48.526,1.85727,Plein jour,Hors agglomération,Hors intersection,Pluie légère,Deux véhicules - côté,,,,,,,,,,,1,1,1,2.0,3.0
201100013426,0011-06-19 18:15:00,11,6,19,18,15,780,3,,48.521,1.842,Plein jour,Hors agglomération,Hors intersection,Temps couvert,Autre collision,,,,,,,,,,,1,1,1,8.0,6.0
201100013427,0011-09-22 20:15:00,11,9,22,20,15,780,125,moulin de b?chereau,48.646,1.965,Nuit sans éclairage public,En agglomération,Hors intersection,Normale,Autre collision,,,,,,,,,,,3,2,1,1.0,6.0
201100013428,0011-12-26 13:00:00,11,12,26,13,0,780,506,,48.552,1.79,Plein jour,Hors agglomération,Hors intersection,Normale,Deux véhicules - arrière,,,,,,,,,,,1,1,1,1.0,2.0
201100013429,0011-01-07 17:15:00,11,1,7,17,15,780,575,route de versailles,,,Crépuscule ou aube,En agglomération,Hors intersection,Normale,Autre collision,,,,,,,,,,,2,2,1,1.0,6.0
201100013430,0011-03-26 12:00:00,11,3,26,12,0,780,334,R DE LA POPINERIE,,,Plein jour,Hors agglomération,Hors intersection,Normale,Autre collision,,,,,,,,,,,1,1,1,1.0,6.0
201100013431,0011-06-02 18:30:00,11,6,2,18,30,780,128,RD 24,48.136,1.57,Plein jour,Hors agglomération,Hors intersection,Normale,Trois véhicules et plus - en chaîne,,,,,,,,,,,1,1,1,1.0,4.0
201100013432,0011-06-07 15:00:00,11,6,7,15,0,780,575,3 avenue du G?n?ral Lecl,,,Plein jour,En agglomération,Hors intersection,Pluie forte,Autre collision,,,,,,,,,,,1,2,1,3.0,6.0
201100013433,0011-07-10 20:00:00,11,7,10,20,0,780,548,RD 91,,,Plein jour,Hors agglomération,Hors intersection,Normale,Deux véhicules - frontale,,,,,,,,,,,1,1,1,1.0,1.0
201100013434,0011-09-16 19:30:00,11,9,16,19,30,780,160,rue de versailles,,,Plein jour,En agglomération,Hors intersection,Normale,Autre collision,,,,,,,,,,,1,2,1,1.0,6.0
201100013435,0011-12-29 20:15:00,11,12,29,20,15,780,160,01 route de Limours,,,Nuit avec éclairage allumé,En agglomération,Hors intersection,Pluie légère,Autre collision,,,,,,,,,,,5,2,1,2.0,6.0
201100013436,0011-01-03 21:15:00,11,1,3,21,15,780,443,RD 34,48.817,1.88,Nuit sans éclairage public,Hors agglomération,Hors intersection,Normale,Autre collision,,,,,,,,,,,3,1,1,1.0,6.0
201100013437,0011-04-12 17:45:00,11,4,12,17,45,780,576,10-12 R COUR AUX PINEAUX,48.7578,1.88084,Plein jour,En agglomération,Hors intersection,Normale,Deux véhicules - frontale,,,,,,,,,,,1,2,1,1.0,1.0
201100013438,0011-04-27 16:45:00,11,4,27,16,45,780,443,,48.809,1.868,Plein jour,Hors agglomération,Intersection en X,Normale,Deux véhicules - côté,,,,,,,,,,,1,1,2,1.0,3.0
201100013439,0011-05-05 08:30:00,11,5,5,8,30,780,389,RN 12,48.806,1.82,Plein jour,Hors agglomération,Hors intersection,Normale,Trois véhicules et plus - collisions multiples,,,,,,,,,,,1,1,1,1.0,5.0
201100013440,0011-06-24 16:45:00,11,6,24,16,45,780,562,Rue du lavoir,,,Plein jour,En agglomération,Hors intersection,Normale,Autre collision,,,,,,,,,,,1,2,1,1.0,6.0
201100013441,0011-08-04 11:15:00,11,8,4,11,15,780,443,RD 34,48.815,1.865,Plein jour,Hors agglomération,Hors intersection,Normale,Deux véhicules - frontale,,,,,,,,,,,1,1,1,1.0,1.0
201100013442,0011-08-17 13:30:00,11,8,17,13,30,780,443,RD 912 / RD 191,48.808,1.866,Plein jour,Hors agglomération,Intersection en X,Normale,Deux véhicules - côté,,,,,,,,,,,1,1,2,1.0,3.0
201100013443,0011-09-19 17:45:00,11,9,19,17,45,780,576,,48.755,1.883,Plein jour,Hors agglomération,Hors intersection,Normale,Trois véhicules et plus - collisions multiples,,,,,,,,,,,1,1,1,1.0,5.0
201100013444,0011-10-08 11:30:00,11,10,8,11,30,780,443,,48.831,1.857,Plein jour,Hors agglomération,Hors intersection,Normale,Sans collision,,,,,,,,,,,1,1,1,1.0,7.0
201100013445,0011-10-10 10:15:00,11,10,10,10,15,780,50,RD 191,,,Plein jour,Hors agglomération,Hors intersection,Normale,Deux véhicules - frontale,,,,,,,,,,,1,1,1,1.0,1.0
201100013446,0011-10-16 08:30:00,11,10,16,8,30,780,389,,48.806,1.816,Nuit avec éclairage allumé,Hors agglomération,Hors intersection,Normale,Autre collision,,,,,,,,,,,5,1,1,1.0,6.0
201100013447,0011-11-21 22:15:00,11,11,21,22,15,780,389,D76/ rue longue toise,48.801,1.816,Nuit avec éclairage allumé,En agglomération,Hors intersection,Normale,Autre collision,,,,,,,,,,,5,2,1,1.0,6.0
201100013448,0011-03-01 00:40:00,11,3,1,0,40,780,321,AV DU CHATEAU,,,Nuit sans éclairage public,En agglomération,Hors intersection,Normale,Autre collision,,,,,,,,,,,3,2,1,1.0,6.0
201100013449,0011-04-17 03:45:00,11,4,17,3,45,780,321,RD 23/R POTENCON,48.7875,1.91824,Nuit sans éclairage public,Hors agglomération,Intersection en T,Normale,Autre collision,,,,,,,,,,,3,1,3,1.0,6.0
201100013450,0011-05-19 18:30:00,11,5,19,18,30,780,550,,,,Plein jour,Hors agglomération,Passage à niveau,Normale,Deux véhicules - frontale,,,,,,,,,,,1,1,8,1.0,1.0
201100013451,0011-07-08 07:00:00,11,7,8,7,0,780,615,RD 119,48.404,1.553,Plein jour,Hors agglomération,Hors intersection,Normale,Deux véhicules - frontale,,,,,,,,,,,1,1,1,1.0,1.0
201100013452,0011-07-30 10:45:00,11,7,30,10,45,780,321,intersection RD15 / RD23,,,Plein jour,En agglomération,Hors intersection,Normale,Deux véhicules - arrière,,,,,,,,,,,1,2,1,1.0,2.0
201100013453,0011-11-16 19:00:00,11,11,16,19,0,780,321,,48.786,1.917,Nuit sans éclairage public,Hors agglomération,Hors intersection,Normale,Deux véhicules - côté,,,,,,,,,,,3,1,1,1.0,3.0
201100013454,0011-04-11 20:00:00,11,4,11,20,0,780,404,N12,48.7982,1.7345,Crépuscule ou aube,Hors agglomération,Hors intersection,Normale,Autre collision,,,,,,,,,,,2,1,1,1.0,6.0
201100013455,0011-12-10 15:30:00,11,12,10,15,30,780,265,RUE DE LA GARE CD 155,,,Plein jour,En agglomération,Hors intersection,Normale,Deux véhicules - frontale,,,,,,,,,,,1,2,1,1.0,1.0
201100013456,0011-01-14 19:15:00,11,1,14,19,15,780,537,AV H GRIVOT/R REMPARTS,48.5721,1.9372,Nuit avec éclairage allumé,En agglomération,Intersection en X,Pluie légère,Autre collision,,,,,,,,,,,5,2,2,2.0,6.0
201100013457,0011-03-10 05:45:00,11,3,10,5,45,780,9,N191,48.4556,1.91374,Nuit avec éclairage allumé,Hors agglomération,Giratoire,Normale,Autre collision,,,,,,,,,,,5,1,6,1.0,6.0
201100013458,0011-04-19 15:15:00,11,4,19,15,15,780,601,RD 936,48.6016,1.86533,Plein jour,Hors agglomération,Hors intersection,Normale,Sans collision,,,,,,,,,,,1,1,1,1.0,7.0
201100013459,0011-05-23 15:15:00,11,5,23,15,15,780,601,,,,Plein jour,Hors agglomération,Hors intersection,Normale,Autre collision,,,,,,,,,,,1,1,1,1.0,6.0
201100013460,0011-05-29 19:00:00,11,5,29,19,0,780,87,,48.606,2.007,Plein jour,Hors agglomération,Hors intersection,Normale,Deux véhicules - arrière,,,,,,,,,,,1,1,1,1.0,2.0
201100013461,0011-06-18 11:00:00,11,6,18,11,0,780,349,,,,Plein jour,Hors agglomération,Hors intersection,Autre,Deux véhicules - frontale,,,,,,,,,,,1,1,1,9.0,1.0
201100013462,0011-10-29 15:30:00,11,10,29,15,30,780,349,,48.58,1.991,Plein jour,Hors agglomération,Hors intersection,Normale,Sans collision,,,,,,,,,,,1,1,1,1.0,7.0
201100013463,0011-11-08 16:15:00,11,11,8,16,15,780,601,,48.572,1.89,Plein jour,Hors agglomération,Hors intersection,Pluie légère,Sans collision,,,,,,,,,,,1,1,1,2.0,7.0
201100013464,0011-03-24 12:30:00,11,3,24,12,30,910,340,D153,,,Plein jour,En agglomération,Intersection en X,Normale,Deux véhicules - côté,,,,,,,,,,,1,2,2,1.0,3.0
201100013465,0011-04-20 09:15:00,11,4,20,9,15,910,235,,,,Crépuscule ou aube,Hors agglomération,Hors intersection,Normale,Autre collision,,,,,,,,,,,2,1,1,1.0,6.0
201100013466,0011-04-11 23:00:00,11,4,11,23,0,910,235,rue du g?n?ral de gaulle,,,Nuit avec éclairage allumé,En agglomération,Hors intersection,Normale,Autre collision,,,,,,,,,,,5,2,1,1.0,6.0
201100013467,0011-04-13 22:00:00,11,4,13,22,0,910,235,rue du Dr Fichez,,,Nuit sans éclairage public,En agglomération,Giratoire,Normale,Deux véhicules - côté,,,,,,,,,,,3,2,6,1.0,3.0
201100013468,0011-11-11 19:00:00,11,11,11,19,0,910,235,avenue du docteur FICHEZ,48.642,2.362,Nuit avec éclairage allumé,En agglomération,Hors intersection,Normale,Deux véhicules - frontale,,,,,,,,,,,5,2,1,1.0,1.0
201100013469,0011-12-16 16:00:00,11,12,16,16,0,910,235,,48.635,2.357,Plein jour,Hors agglomération,Hors intersection,Temps couvert,Autre collision,,,,,,,,,,,1,1,1,8.0,6.0
201100013470,0011-03-28 15:30:00,11,3,28,15,30,910,386,Route de Chevannes,,,Plein jour,En agglomération,Hors intersection,Normale,Deux véhicules - frontale,,,,,,,,,,,1,2,1,1.0,1.0
201100013471,0011-05-06 18:15:00,11,5,6,18,15,910,659,cote d'ormoy,48.585,2.445,Plein jour,En agglomération,Hors intersection,Normale,Sans collision,,,,,,,,,,,1,2,1,1.0,7.0
201100013472,0011-05-21 13:00:00,11,5,21,13,0,910,195,D948,48.459,2.471,Plein jour,Hors agglomération,Intersection en X,Normale,Deux véhicules - côté,,,,,,,,,,,1,1,2,1.0,3.0
201100013473,0011-09-30 15:15:00,11,9,30,15,15,910,180,D372,,,Plein jour,Hors agglomération,Hors intersection,Normale,Deux véhicules - frontale,,,,,,,,,,,1,1,1,1.0,1.0
201100013474,0011-01-06 12:30:00,11,1,6,12,30,910,175,,,,Plein jour,Hors agglomération,Hors intersection,Normale,Sans collision,,,,,,,,,,,1,1,1,1.0,7.0
201100013475,0011-02-01 20:00:00,11,2,1,20,0,910,98,,,,Nuit sans éclairage public,Hors agglomération,Hors intersection,Autre,Deux véhicules - arrière,,,,,,,,,,,3,1,1,9.0,2.0
201100013476,0011-04-22 17:30:00,11,4,22,17,30,910,547,,,,Plein jour,Hors agglomération,Hors intersection,Temps éblouissant,Deux véhicules - frontale,,,,,,,,,,,1,1,1,7.0,1.0
201100013477,0011-07-07 01:30:00,11,7,7,1,30,910,175,,48.492,1.952,Nuit sans éclairage public,Hors agglomération,Hors intersection,Normale,Deux véhicules - frontale,,,,,,,,,,,3,1,1,1.0,1.0
201100013478,0011-08-23 10:45:00,11,8,23,10,45,910,200,,48.532,1.995,Plein jour,Hors agglomération,Hors intersection,Normale,Deux véhicules - côté,,,,,,,,,,,1,1,1,1.0,3.0
201100013479,0011-09-28 09:30:00,11,9,28,9,30,910,200,Rue  SARCEY,48.536,2.012,Plein jour,En agglomération,Hors intersection,Temps éblouissant,Autre collision,,,,,,,,,,,1,2,1,7.0,6.0
201100013480,0011-11-03 07:00:00,11,11,3,7,0,910,200,,48.546,1.996,Crépuscule ou aube,Hors agglomération,Hors intersection,Pluie légère,Trois véhicules et plus - collisions multiples,,,,,,,,,,,2,1,1,2.0,5.0
201100013481,0011-11-26 07:45:00,11,11,26,7,45,910,200,Avenue de Chateaudun,48.53,2.005,Crépuscule ou aube,En agglomération,Hors intersection,Normale,Deux véhicules - côté,,,,,,,,,,,2,2,1,1.0,3.0
201100013482,0011-12-02 09:15:00,11,12,2,9,15,910,200,Ch du Champ de course,,,Plein jour,En agglomération,Hors intersection,Normale,Deux véhicules - arrière,,,,,,,,,,,1,2,1,1.0,2.0
201100013483,0011-12-18 11:00:00,11,12,18,11,0,910,519,,,,Plein jour,Hors agglomération,Hors intersection,Autre,Sans collision,,,,,,,,,,,1,1,1,9.0,7.0
201100013484,0011-01-26 07:30:00,11,1,26,7,30,910,95,,,,Plein jour,Hors agglomération,Hors intersection,Pluie légère,Deux véhicules - frontale,,,,,,,,,,,1,1,1,2.0,1.0
201100013485,0011-03-12 16:30:00,11,3,12,16,30,910,95,CD 99,,,Plein jour,En agglomération,Hors intersection,Normale,Deux véhicules - côté,,,,,,,,,,,1,2,1,1.0,3.0
201100013486,0011-03-21 07:15:00,11,3,21,7,15,910,330,ALLEE CORNUEL,,,Plein jour,En agglomération,Hors intersection,Normale,Deux véhicules - frontale,,,,,,,,,,,1,2,1,1.0,1.0
201100013487,0011-05-23 23:30:00,11,5,23,23,30,910,132,rue Cdt Maurice Arnoux,,,Nuit avec éclairage allumé,En agglomération,Hors intersection,Normale,Autre collision,,,,,,,,,,,5,2,1,1.0,6.0
201100013488,0011-03-04 16:30:00,11,3,4,16,30,910,129,Départementale 191,,,Plein jour,En agglomération,Hors intersection,Normale,Deux véhicules - côté,,,,,,,,,,,1,2,1,1.0,3.0
201100013489,0011-07-13 16:15:00,11,7,13,16,15,910,80,,48.788,2.497,Plein jour,Hors agglomération,Hors intersection,Normale,Deux véhicules - frontale,,,,,,,,,,,1,1,1,1.0,1.0
201100013490,0011-07-28 00:01:00,11,7,28,0,1,910,315,,48.827,2.585,Nuit sans éclairage public,Hors agglomération,Giratoire,Normale,Deux véhicules - frontale,,,,,,,,,,,3,1,6,1.0,1.0
201100013491,0011-11-22 11:15:00,11,11,22,11,15,910,47,RD 191,,,Plein jour,En agglomération,Intersection en Y,Normale,Deux véhicules - côté,,,,,,,,,,,1,2,4,1.0,3.0
201100013492,0011-12-15 22:30:00,11,12,15,22,30,910,198,,48.465,2.31,Nuit sans éclairage public,Hors agglomération,Hors intersection,Pluie forte,Autre collision,,,,,,,,,,,3,1,1,3.0,6.0
201100013493,0011-12-28 23:30:00,11,12,28,23,30,910,47,46 ROUTE DE CORBEIL,,,Nuit avec éclairage allumé,En agglomération,Autre intersection,Normale,Autre collision,,,,,,,,,,,5,2,9,1.0,6.0
201100013494,0011-01-06 11:00:00,11,1,6,11,0,910,1,,,,Plein jour,Hors agglomération,Hors intersection,Pluie légère,Deux véhicules - frontale,,,,,,,,,,,1,1,1,2.0,1.0
201100013495,0011-04-18 13:15:00,11,4,18,13,15,910,1,,,,Plein jour,Hors agglomération,Hors intersection,Normale,Deux véhicules - frontale,,,,,,,,,,,1,1,1,1.0,1.0
201100013496,0011-09-16 07:00:00,11,9,16,7,0,910,79,Montoir de Mesnil Giraul,48.377,2.16,Crépuscule ou aube,Hors agglomération,Hors intersection,Normale,Deux véhicules - frontale,,,,,,,,,,,2,1,1,1.0,1.0
201100013497,0011-10-12 07:45:00,11,10,12,7,45,910,16,Rue de Dourdan,,,Nuit avec éclairage allumé,En agglomération,Hors intersection,Normale,Autre collision,,,,,,,,,,,5,2,1,1.0,6.0
201100013498,0011-11-11 05:30:00,11,11,11,5,30,910,511,,48.352,1.999,Nuit sans éclairage public,Hors agglomération,Hors intersection,Brouillard / fumée,Deux véhicules - frontale,,,,,,,,,,,3,1,1,5.0,1.0
201100013499,0011-01-13 21:30:00,11,1,13,21,30,910,546,,,,Nuit sans éclairage public,Hors agglomération,Hors intersection,Normale,Autre collision,,,,,,,,,,,3,1,1,1.0,6.0
201100013500,0011-02-11 07:00:00,11,2,11,7,0,910,630,,,,Crépuscule ou aube,Hors agglomération,Hors intersection,Autre,Sans collision,,,,,,,,,,,2,1,1,9.0,7.0
201100013501,0011-04-18 18:30:00,11,4,18,18,30,910,106,"7, rue du moulin",,,Plein jour,En agglomération,Hors intersection,Normale,Autre collision,,,,,,,,,,,1,2,1,1.0,6.0
201100013502,0011-05-22 23:00:00,11,5,22,23,0,910,85,rue du Val,,,Nuit avec éclairage allumé,En agglomération,Hors intersection,Normale,Autre collision,,,,,,,,,,,5,2,1,1.0,6.0
201100013503,0011-06-25 02:15:00,11,6,25,2,15,910,593,D116,,,Nuit sans éclairage public,Hors agglomération,Hors intersection,Normale,Autre collision,,,,,,,,,,,3,1,1,1.0,6.0
201100013504,0011-07-01 10:45:00,11,7,1,10,45,910,540,Rue Richard Vian,,,Plein jour,En agglomération,Hors intersection,Normale,Autre collision,,,,,,,,,,,1,2,1,1.0,6.0
201100013505,0011-03-23 19:45:00,11,3,23,19,45,910,661,75 av G?n?ral de Gaulle,,,Nuit avec éclairage allumé,En agglomération,Hors intersection,Normale,Deux véhicules - frontale,,,,,,,,,,,5,2,1,1.0,1.0
201100013506,0011-04-10 04:45:00,11,4,10,4,45,910,587,RD 36,,,Nuit avec éclairage allumé,En agglomération,Hors intersection,Normale,Autre collision,,,,,,,,,,,5,2,1,1.0,6.0
201100013507,0011-01-23 11:15:00,11,1,23,11,15,910,115,rue de la libération,,,Plein jour,En agglomération,Hors intersection,Pluie légère,Deux véhicules - frontale,,,,,,,,,,,1,2,1,2.0,1.0
201100013508,0011-02-18 11:45:00,11,2,18,11,45,910,461,85 rue de la Libération,,,Plein jour,En agglomération,Hors intersection,Normale,Autre collision,,,,,,,,,,,1,2,1,1.0,6.0
201100013509,0011-04-23 11:45:00,11,4,23,11,45,910,207,GRANDE RUE,,,Plein jour,En agglomération,Hors intersection,Temps éblouissant,Autre collision,,,,,,,,,,,1,2,1,7.0,6.0
201100013510,0011-05-07 04:30:00,11,5,7,4,30,910,461,D97,48.606,2.222,Nuit sans éclairage public,Hors agglomération,Hors intersection,Normale,Autre collision,,,,,,,,,,,3,1,1,1.0,6.0
201100013511,0011-06-02 18:00:00,11,6,2,18,0,910,41,D19,48.566,2.235,Plein jour,Hors agglomération,Hors intersection,Normale,Deux véhicules - arrière,,,,,,,,,,,1,1,1,1.0,2.0
201100013512,0011-08-06 12:00:00,11,8,6,12,0,910,156,,,,Plein jour,Hors agglomération,Hors intersection,Temps couvert,Sans collision,,,,,,,,,,,1,1,1,8.0,7.0
201100013513,0011-09-14 15:30:00,11,9,14,15,30,910,41,RN20,48.566,2.227,Plein jour,Hors agglomération,Hors intersection,Normale,Deux véhicules - côté,,,,,,,,,,,1,1,1,1.0,3.0
201100013514,0011-11-08 10:50:00,11,11,8,10,50,910,115,,,,Plein jour,Hors agglomération,Hors intersection,Pluie légère,Autre collision,,,,,,,,,,,1,1,1,2.0,6.0
201100013515,0011-11-16 17:15:00,11,11,16,17,15,910,41,,48.567,2.227,Crépuscule ou aube,Hors agglomération,Hors intersection,Normale,Trois véhicules et plus - en chaîne,,,,,,,,,,,2,1,1,1.0,4.0
201100013516,0011-12-06 16:15:00,11,12,6,16,15,910,461,,48.595,2.219,Crépuscule ou aube,Hors agglomération,Hors intersection,Pluie légère,Deux véhicules - frontale,,,,,,,,,,,2,1,1,2.0,1.0
201100013517,0011-12-18 10:00:00,11,12,18,10,0,910,156,,48.561,2.27,Plein jour,Hors agglomération,Hors intersection,Pluie légère,Deux véhicules - arrière,,,,,,,,,,,1,1,1,2.0,2.0
201100013518,0011-03-31 08:45:00,11,3,31,8,45,910,579,,,,Plein jour,Hors agglomération,Hors intersection,Pluie légère,Deux véhicules - frontale,,,,,,,,,,,1,1,1,2.0,1.0
201100013519,0011-04-02 18:35:00,11,4,2,18,35,910,376,CD.26,,,Plein jour,En agglomération,Hors intersection,Normale,Autre collision,,,,,,,,,,,1,2,1,1.0,6.0
201100013520,0011-05-04 11:15:00,11,5,4,11,15,910,579,Rue de Mortemart D17,48.546,2.329,Plein jour,En agglomération,Autre intersection,Normale,Autre collision,,,,,,,,,,,1,2,9,1.0,6.0
201100013521,0011-07-13 08:15:00,11,7,13,8,15,910,579,D8 rte de Marolles,,,Plein jour,Hors agglomération,Hors intersection,Pluie légère,Deux véhicules - côté,,,,,,,,,,,1,1,1,2.0,3.0
201100013522,0011-12-08 08:30:00,11,12,8,8,30,910,579,CD 17,48.54,2.314,Plein jour,Hors agglomération,Hors intersection,Normale,Deux véhicules - frontale,,,,,,,,,,,1,1,1,1.0,1.0
201100013523,0011-02-11 15:30:00,11,2,11,15,30,910,338,Rue du Vieux Pavé,,,Plein jour,En agglomération,Intersection en X,Normale,Deux véhicules - côté,,,,,,,,,,,1,2,2,1.0,3.0
201100013524,0011-03-08 10:45:00,11,3,8,10,45,910,338,,,,Plein jour,Hors agglomération,Hors intersection,Temps éblouissant,Deux véhicules - côté,,,,,,,,,,,1,1,1,7.0,3.0
201100013525,0011-04-07 17:00:00,11,4,7,17,0,910,411,Grande rue CD 838,,,Plein jour,En agglomération,Hors intersection,Normale,Autre collision,,,,,,,,,,,1,2,1,1.0,6.0
201100013526,0011-05-08 03:45:00,11,5,8,3,45,910,411,D838,,,Crépuscule ou aube,Hors agglomération,Hors intersection,Normale,Sans collision,,,,,,,,,,,2,1,1,1.0,7.0
201100013527,0011-06-04 13:15:00,11,6,4,13,15,910,249,Rue du Général Leclerc,,,Plein jour,En agglomération,Hors intersection,Normale,Deux véhicules - frontale,,,,,,,,,,,1,2,1,1.0,1.0
201100013528,0011-06-04 22:00:00,11,6,4,22,0,910,319,,,,Nuit sans éclairage public,Hors agglomération,Hors intersection,Temps couvert,Deux véhicules - frontale,,,,,,,,,,,3,1,1,8.0,1.0
201100013529,0011-06-13 16:45:00,11,6,13,16,45,910,249,,,,Plein jour,Hors agglomération,Hors intersection,Normale,Autre collision,,,,,,,,,,,1,1,1,1.0,6.0
201100013530,0011-07-20 19:30:00,11,7,20,19,30,910,44,,,,Plein jour,Hors agglomération,Hors intersection,Normale,Deux véhicules - arrière,,,,,,,,,,,1,1,1,1.0,2.0
201100013531,0011-08-09 18:00:00,11,8,9,18,0,910,587,,,,Plein jour,En agglomération,Hors intersection,Normale,Deux véhicules - frontale,,,,,,,,,,,1,2,1,1.0,1.0