accident_id,datetime,annee,mois,jour,heure,minute,departement,commune_insee,adresse,latitude,longitude,luminosite,agglomeration,intersection,meteo,collision,nb_vehicules,nb_usagers,nb_indemnes,nb_tues,nb_blesses_hosp,nb_blesses_legers,age_cond_1,age_cond_2,veh_type_cond_1,veh_type_cond_2,lum_code,agg_code,int_code,atm_code,col_code
201100013661,0011-11-26 22:30:00,11,11,26,22,30,770,398,CD222,48.866,3.287,Nuit sans éclairage public,En agglomération,Hors intersection,Normale,Autre collision,,,,,,,,,,,3,2,1,1.0,6.0
201100013662,0011-12-03 19:30:00,11,12,3,19,30,770,182,,,,Nuit sans éclairage public,Hors agglomération,Intersection en X,Normale,Trois véhicules et plus - collisions multiples,,,,,,,,,,,3,1,2,1.0,5.0
201100013663,0011-12-21 17:30:00,11,12,21,17,30,770,421,,48.749,3.319,Nuit sans éclairage public,Hors agglomération,Hors intersection,Pluie forte,Autre collision,,,,,,,,,,,3,1,1,3.0,6.0
201100013664,0011-01-21 09:00:00,11,1,21,9,0,770,238,,,,Plein jour,Hors agglomération,Hors intersection,Temps couvert,Autre collision,,,,,,,,,,,1,1,1,8.0,6.0
201100013665,0011-01-27 08:30:00,11,1,27,8,30,770,265,,,,Crépuscule ou aube,Hors agglomération,Hors intersection,Temps couvert,Deux véhicules - frontale,,,,,,,,,,,2,1,1,8.0,1.0
201100013666,0011-03-16 17:40:00,11,3,16,17,40,770,238,RD402- rue Croix Saint c,48.92199,3.12614,Plein jour,En agglomération,Intersection en X,Normale,Deux véhicules - frontale,,,,,,,,,,,1,2,2,1.0,1.0
201100013667,0011-04-18 15:00:00,11,4,18,15,0,770,238,,,,Plein jour,Hors agglomération,Hors intersection,Normale,Trois véhicules et plus - collisions multiples,,,,,,,,,,,1,1,1,1.0,5.0
201100013668,0011-06-24 17:00:00,11,6,24,17,0,770,183,Quai des Anglais,48.94829,3.1317,Plein jour,En agglomération,Hors intersection,Normale,Autre collision,,,,,,,,,,,1,2,1,1.0,6.0
201100013669,0011-06-28 18:45:00,11,6,28,18,45,770,183,,48.979,3.179,Plein jour,Hors agglomération,Hors intersection,Normale,Deux véhicules - frontale,,,,,,,,,,,1,1,1,1.0,1.0
201100013670,0011-08-30 22:30:00,11,8,30,22,30,770,440,,,,Nuit sans éclairage public,Hors agglomération,Hors intersection,Normale,Autre collision,,,,,,,,,,,3,1,1,1.0,6.0
201100013671,0011-09-11 12:00:00,11,9,11,12,0,770,238,25B RUE GENERAL LECLERC,,,Plein jour,En agglomération,Hors intersection,Pluie forte,Autre collision,,,,,,,,,,,1,2,1,3.0,6.0
201100013672,0011-02-19 11:00:00,11,2,19,11,0,770,508,,,,Plein jour,Hors agglomération,Hors intersection,Pluie forte,Deux véhicules - arrière,,,,,,,,,,,1,1,1,3.0,2.0
201100013673,0011-02-27 17:45:00,11,2,27,17,45,770,63,Route du Grand Morin,48.81202,2.96797,Plein jour,En agglomération,Autre intersection,Normale,Sans collision,,,,,,,,,,,1,2,9,1.0,7.0
201100013674,0011-03-05 20:00:00,11,3,5,20,0,770,91,,,,Nuit sans éclairage public,Hors agglomération,Hors intersection,Normale,Deux véhicules - côté,,,,,,,,,,,3,1,1,1.0,3.0
201100013675,0011-03-09 06:30:00,11,3,9,6,30,770,318,,,,Crépuscule ou aube,Hors agglomération,Hors intersection,Normale,Deux véhicules - frontale,,,,,,,,,,,2,1,1,1.0,1.0
201100013676,0011-04-04 20:15:00,11,4,4,20,15,770,176,24 rue Robert MARTIN,,,Crépuscule ou aube,En agglomération,Hors intersection,Normale,Deux véhicules - côté,,,,,,,,,,,2,2,1,1.0,3.0
201100013677,0011-05-01 16:45:00,11,5,1,16,45,770,510,,48.814,2.784,Plein jour,Hors agglomération,Hors intersection,Normale,Deux véhicules - frontale,,,,,,,,,,,1,1,1,1.0,1.0
201100013678,0011-05-24 09:00:00,11,5,24,9,0,770,508,,,,Plein jour,Hors agglomération,Hors intersection,Normale,Deux véhicules - arrière,,,,,,,,,,,1,1,1,1.0,2.0
201100013679,0011-06-26 11:15:00,11,6,26,11,15,770,154,,,,Plein jour,Hors agglomération,Hors intersection,Normale,Sans collision,,,,,,,,,,,1,1,1,1.0,7.0
201100013680,0011-07-10 19:30:00,11,7,10,19,30,770,63,,,,Plein jour,En agglomération,Intersection en X,Normale,Deux véhicules - côté,,,,,,,,,,,1,2,2,1.0,3.0
201100013681,0011-08-14 01:45:00,11,8,14,1,45,770,508,,,,Nuit sans éclairage public,Hors agglomération,Hors intersection,Normale,Sans collision,,,,,,,,,,,3,1,1,1.0,7.0
201100013682,0011-09-25 03:15:00,11,9,25,3,15,770,91,,,,Nuit sans éclairage public,Hors agglomération,Hors intersection,Normale,Deux véhicules - frontale,,,,,,,,,,,3,1,1,1.0,1.0
201100013683,0011-10-03 09:00:00,11,10,3,9,0,770,219,,48.806,2.946,Plein jour,Hors agglomération,Hors intersection,Normale,Autre collision,,,,,,,,,,,1,1,1,1.0,6.0
201100013684,0011-10-28 18:00:00,11,10,28,18,0,770,176,,,,Plein jour,Hors agglomération,Hors intersection,Normale,Autre collision,,,,,,,,,,,1,1,1,1.0,6.0
201100013685,0011-11-05 18:30:00,11,11,5,18,30,770,466,,,,Nuit sans éclairage public,Hors agglomération,Hors intersection,Normale,Autre collision,,,,,,,,,,,3,1,1,1.0,6.0
201100013686,0011-11-12 18:00:00,11,11,12,18,0,770,219,,,,Nuit sans éclairage public,Hors agglomération,Hors intersection,Normale,Deux véhicules - côté,,,,,,,,,,,3,1,1,1.0,3.0
201100013687,0011-11-12 11:00:00,11,11,12,11,0,770,176,,,,Plein jour,Hors agglomération,Hors intersection,Normale,Sans collision,,,,,,,,,,,1,1,1,1.0,7.0
201100013688,0011-12-31 17:30:00,11,12,31,17,30,770,63,,48.8,2.963,Crépuscule ou aube,Hors agglomération,Hors intersection,Pluie légère,Deux véhicules - arrière,,,,,,,,,,,2,1,1,2.0,2.0
201100013689,0011-02-02 07:15:00,11,2,2,7,15,770,360,,48.73,2.99,Crépuscule ou aube,Hors agglomération,Hors intersection,Autre,Deux véhicules - frontale,,,,,,,,,,,2,1,1,9.0,1.0
201100013690,0011-03-21 11:30:00,11,3,21,11,30,770,31,rue du général leclerc,,,Plein jour,En agglomération,Hors intersection,Normale,Sans collision,,,,,,,,,,,1,2,1,1.0,7.0
201100013691,0011-09-20 05:45:00,11,9,20,5,45,770,393,,,,Nuit sans éclairage public,Hors agglomération,Hors intersection,Pluie légère,Trois véhicules et plus - en chaîne,,,,,,,,,,,3,1,1,2.0,4.0
201100013692,0011-10-05 14:00:00,11,10,5,14,0,770,264,,,,Plein jour,Hors agglomération,Hors intersection,Normale,Deux véhicules - frontale,,,,,,,,,,,1,1,1,1.0,1.0
201100013693,0011-11-20 18:30:00,11,11,20,18,30,770,469,12 rue de la fosse aux c,48.72778,3.03444,Nuit sans éclairage public,En agglomération,Hors intersection,Normale,Autre collision,,,,,,,,,,,3,2,1,1.0,6.0
201100013694,0011-06-10 10:30:00,11,6,10,10,30,770,494,,,,Plein jour,Hors agglomération,Hors intersection,Temps couvert,Autre collision,,,,,,,,,,,1,1,1,8.0,6.0
201100013695,0011-01-28 06:45:00,11,1,28,6,45,770,1,,,,Nuit sans éclairage public,Hors agglomération,Hors intersection,Normale,Deux véhicules - frontale,,,,,,,,,,,3,1,1,1.0,1.0
201100013696,0011-04-07 19:45:00,11,4,7,19,45,770,471,,48.35433,2.45177,Crépuscule ou aube,Hors agglomération,Hors intersection,Normale,Deux véhicules - frontale,,,,,,,,,,,2,1,1,1.0,1.0
201100013697,0011-05-30 16:45:00,11,5,30,16,45,770,56,,,,Plein jour,Hors agglomération,Hors intersection,Normale,Autre collision,,,,,,,,,,,1,1,1,1.0,6.0
201100013698,0011-07-10 16:45:00,11,7,10,16,45,770,244,,,,Plein jour,Hors agglomération,Hors intersection,Normale,Deux véhicules - côté,,,,,,,,,,,1,1,1,1.0,3.0
201100013699,0011-08-14 14:30:00,11,8,14,14,30,770,198,,,,Plein jour,Hors agglomération,Intersection en X,Normale,Deux véhicules - côté,,,,,,,,,,,1,1,2,1.0,3.0
201100013700,0011-09-29 11:00:00,11,9,29,11,0,770,339,,,,Plein jour,Hors agglomération,Hors intersection,Normale,Deux véhicules - arrière,,,,,,,,,,,1,1,1,1.0,2.0
201100013701,0011-11-01 05:45:00,11,11,1,5,45,770,520,,48.326,2.662,Nuit sans éclairage public,Hors agglomération,Hors intersection,Normale,Autre collision,,,,,,,,,,,3,1,1,1.0,6.0
201100013702,0011-11-29 09:00:00,11,11,29,9,0,770,88,AVENUE DE FONTAINEBLEAU,,,Plein jour,En agglomération,Hors intersection,Autre,Autre collision,,,,,,,,,,,1,2,1,9.0,6.0
201100013703,0011-01-09 11:30:00,11,1,9,11,30,770,45,,,,Plein jour,Hors agglomération,Hors intersection,Normale,Sans collision,,,,,,,,,,,1,1,1,1.0,7.0
201100013704,0011-03-16 15:00:00,11,3,16,15,0,770,11,,,,Plein jour,Hors agglomération,Hors intersection,Normale,Sans collision,,,,,,,,,,,1,1,1,1.0,7.0
201100013705,0011-04-05 09:15:00,11,4,5,9,15,770,99,,,,Plein jour,Hors agglomération,Intersection en Y,Normale,Deux véhicules - frontale,,,,,,,,,,,1,1,4,1.0,1.0
201100013706,0011-06-12 01:45:00,11,6,12,1,45,770,230,,,,Nuit sans éclairage public,Hors agglomération,Hors intersection,Normale,Deux véhicules - arrière,,,,,,,,,,,3,1,1,1.0,2.0
201100013707,0011-06-11 15:00:00,11,6,11,15,0,770,271,,,,Plein jour,Hors agglomération,Hors intersection,Normale,Sans collision,,,,,,,,,,,1,1,1,1.0,7.0
201100013708,0011-07-07 20:00:00,11,7,7,20,0,770,99,,,,Plein jour,Hors agglomération,Hors intersection,Normale,Deux véhicules - côté,,,,,,,,,,,1,1,1,1.0,3.0
201100013709,0011-07-14 17:30:00,11,7,14,17,30,770,230,,,,Plein jour,Hors agglomération,Hors intersection,Normale,Sans collision,,,,,,,,,,,1,1,1,1.0,7.0
201100013710,0011-09-11 18:30:00,11,9,11,18,30,770,297,,,,Plein jour,Hors agglomération,Intersection en X,Normale,Deux véhicules - côté,,,,,,,,,,,1,1,2,1.0,3.0
201100013711,0011-09-19 12:15:00,11,9,19,12,15,770,99,face au 04 rue hetzel,,,Plein jour,En agglomération,Hors intersection,Normale,Autre collision,,,,,,,,,,,1,2,1,1.0,6.0
201100013712,0011-11-16 16:15:00,11,11,16,16,15,770,99,,48.163,2.698,Plein jour,Hors agglomération,Intersection en X,Temps couvert,Deux véhicules - frontale,,,,,,,,,,,1,1,2,8.0,1.0
201100013713,0011-01-07 15:15:00,11,1,7,15,15,770,115,,,,Plein jour,Hors agglomération,Hors intersection,Normale,Deux véhicules - frontale,,,,,,,,,,,1,1,1,1.0,1.0
201100013714,0011-02-15 17:45:00,11,2,15,17,45,770,465,,,,Crépuscule ou aube,Hors agglomération,Hors intersection,Pluie légère,Trois véhicules et plus - collisions multiples,,,,,,,,,,,2,1,1,2.0,5.0
201100013715,0011-03-23 16:45:00,11,3,23,16,45,770,261,,,,Plein jour,Hors agglomération,Hors intersection,Normale,Sans collision,,,,,,,,,,,1,1,1,1.0,7.0
201100013716,0011-04-29 23:15:00,11,4,29,23,15,770,370,,,,Nuit sans éclairage public,Hors agglomération,Hors intersection,Normale,Autre collision,,,,,,,,,,,3,1,1,1.0,6.0
201100013717,0011-07-13 19:30:00,11,7,13,19,30,770,387,,,,Plein jour,Hors agglomération,Hors intersection,Normale,Deux véhicules - frontale,,,,,,,,,,,1,1,1,1.0,1.0
201100013718,0011-10-13 20:15:00,11,10,13,20,15,770,399,,,,Plein jour,Hors agglomération,Hors intersection,Normale,Autre collision,,,,,,,,,,,1,1,1,1.0,6.0
201100013719,0011-11-06 01:30:00,11,11,6,1,30,770,500,,48.21769,2.93058,Nuit sans éclairage public,Hors agglomération,Hors intersection,Temps couvert,Autre collision,,,,,,,,,,,3,1,1,8.0,6.0
201100013720,0011-12-01 08:00:00,11,12,1,8,0,770,115,,,,Crépuscule ou aube,Hors agglomération,Hors intersection,Normale,Autre collision,,,,,,,,,,,2,1,1,1.0,6.0
201100013721,0011-01-09 11:30:00,11,1,9,11,30,770,259,,49.05065,2.66398,Plein jour,Hors agglomération,Hors intersection,Normale,Autre collision,,,,,,,,,,,1,1,1,1.0,6.0
201100013722,0011-01-18 18:15:00,11,1,18,18,15,770,259,CD 401,49.05,2.664,Nuit avec éclairage allumé,En agglomération,Hors intersection,Normale,Autre collision,,,,,,,,,,,5,2,1,1.0,6.0
201100013723,0011-02-09 01:00:00,11,2,9,1,0,770,511,"04, rue de Paris",,,Nuit avec éclairage allumé,En agglomération,Hors intersection,Pluie légère,Autre collision,,,,,,,,,,,5,2,1,2.0,6.0
201100013724,0011-03-07 15:00:00,11,3,7,15,0,770,511,,49.041,2.643,Plein jour,Hors agglomération,Hors intersection,Normale,Deux véhicules - côté,,,,,,,,,,,1,1,1,1.0,3.0
201100013725,0011-04-24 15:45:00,11,4,24,15,45,770,349,,49.08955,2.53288,Plein jour,Hors agglomération,Hors intersection,Normale,Autre collision,,,,,,,,,,,1,1,1,1.0,6.0
201100013726,0011-05-27 05:00:00,11,5,27,5,0,770,322,,49.071,2.585,Nuit sans éclairage public,Hors agglomération,Hors intersection,Pluie légère,Autre collision,,,,,,,,,,,3,1,1,2.0,6.0
201100013727,0011-09-14 13:30:00,11,9,14,13,30,770,259,rue de Maincourt,,,Plein jour,En agglomération,Hors intersection,Normale,Deux véhicules - côté,,,,,,,,,,,1,2,1,1.0,3.0
201100013728,0011-12-07 23:15:00,11,12,7,23,15,770,420,,,,Nuit sans éclairage public,Hors agglomération,Hors intersection,Normale,Autre collision,,,,,,,,,,,3,1,1,1.0,6.0
201100013729,0011-12-22 05:15:00,11,12,22,5,15,770,259,,49.047,2.658,Nuit sans éclairage public,Hors agglomération,Hors intersection,Temps couvert,Autre collision,,,,,,,,,,,3,1,1,8.0,6.0
201100013730,0011-06-29 00:15:00,11,6,29,0,15,770,5,,,,Nuit sans éclairage public,Hors agglomération,Hors intersection,Pluie légère,Autre collision,,,,,,,,,,,3,1,1,2.0,6.0
201100013731,0011-09-12 17:15:00,11,9,12,17,15,770,315,6 rue du 27 aout 1944,,,Plein jour,En agglomération,Intersection en X,Normale,Deux véhicules - côté,,,,,,,,,,,1,2,2,1.0,3.0
201100013732,0011-12-04 17:45:00,11,12,4,17,45,770,376,,,,Crépuscule ou aube,Hors agglomération,Hors intersection,Pluie légère,Deux véhicules - frontale,,,,,,,,,,,2,1,1,2.0,1.0
201100013733,0011-11-26 15:30:00,11,11,26,15,30,770,5,rue Camille Corot,48.9249,2.71178,Plein jour,En agglomération,Hors intersection,Normale,Autre collision,,,,,,,,,,,1,2,1,1.0,6.0
201100013734,0011-03-16 16:45:00,11,3,16,16,45,770,235,,,,Plein jour,Hors agglomération,Intersection en X,Normale,Deux véhicules - arrière,,,,,,,,,,,1,1,2,1.0,2.0
201100013735,0011-06-24 20:35:00,11,6,24,20,35,770,280,ROUTE DE TANCROU,49.01549,3.03181,Plein jour,En agglomération,Hors intersection,Normale,Deux véhicules - frontale,,,,,,,,,,,1,2,1,1.0,1.0
201100013736,0011-08-04 12:00:00,11,8,4,12,0,770,8,,,,Plein jour,Hors agglomération,Hors intersection,Normale,Autre collision,,,,,,,,,,,1,1,1,1.0,6.0
201100013737,0011-09-01 07:45:00,11,9,1,7,45,770,483,,,,Nuit sans éclairage public,Hors agglomération,Hors intersection,Normale,Sans collision,,,,,,,,,,,3,1,1,1.0,7.0
201100013738,0011-10-24 06:00:00,11,10,24,6,0,770,343,,,,Nuit sans éclairage public,Hors agglomération,Hors intersection,Normale,Deux véhicules - arrière,,,,,,,,,,,3,1,1,1.0,2.0
201100013739,0011-11-05 19:30:00,11,11,5,19,30,770,235,,,,Nuit sans éclairage public,Hors agglomération,Hors intersection,Normale,Trois véhicules et plus - collisions multiples,,,,,,,,,,,3,1,1,1.0,5.0
201100013740,0011-11-24 06:15:00,11,11,24,6,15,770,490,,,,Nuit sans éclairage public,Hors agglomération,Hors intersection,Pluie légère,Autre collision,,,,,,,,,,,3,1,1,2.0,6.0
201100013741,0011-02-05 00:01:00,11,2,5,0,1,770,525,,,,Nuit sans éclairage public,Hors agglomération,Hors intersection,Autre,Autre collision,,,,,,,,,,,3,1,1,9.0,6.0
201100013742,0011-02-17 10:45:00,11,2,17,10,45,770,274,,,,Plein jour,Hors agglomération,Hors intersection,Temps couvert,Deux véhicules - côté,,,,,,,,,,,1,1,1,8.0,3.0
201100013743,0011-04-07 13:45:00,11,4,7,13,45,770,23,,49.016,2.866,Plein jour,Hors agglomération,Hors intersection,Normale,Autre collision,,,,,,,,,,,1,1,1,1.0,6.0
201100013744,0011-05-12 11:00:00,11,5,12,11,0,770,309,RUE DE LA REPUBLIQUE,49.014,2.835,Plein jour,En agglomération,Autre intersection,Normale,Autre collision,,,,,,,,,,,1,2,9,1.0,6.0
201100013745,0011-05-14 18:30:00,11,5,14,18,30,770,437,,,,Plein jour,Hors agglomération,Hors intersection,Normale,Sans collision,,,,,,,,,,,1,1,1,1.0,7.0
201100013746,0011-05-22 10:45:00,11,5,22,10,45,770,273,,,,Plein jour,Hors agglomération,Hors intersection,Normale,Deux véhicules - frontale,,,,,,,,,,,1,1,1,1.0,1.0
201100013747,0011-06-06 21:30:00,11,6,6,21,30,770,437,rn330,,,Plein jour,En agglomération,Hors intersection,Normale,Deux véhicules - côté,,,,,,,,,,,1,2,1,1.0,3.0
201100013748,0011-11-04 17:30:00,11,11,4,17,30,770,274,,,,Crépuscule ou aube,Hors agglomération,Intersection en X,Normale,Deux véhicules - côté,,,,,,,,,,,2,1,2,1.0,3.0
201100013749,0011-01-01 07:30:00,11,1,1,7,30,770,239,,,,Crépuscule ou aube,Hors agglomération,Hors intersection,Temps couvert,Autre collision,,,,,,,,,,,2,1,1,8.0,6.0
201100013750,0011-03-23 04:00:00,11,3,23,4,0,770,32,,48.68776,3.25572,Nuit sans éclairage public,Hors agglomération,Hors intersection,Normale,Sans collision,,,,,,,,,,,3,1,1,1.0,7.0
201100013751,0011-04-07 17:30:00,11,4,7,17,30,770,197,,48.697,3.21,Plein jour,Hors agglomération,Hors intersection,Normale,Trois véhicules et plus - collisions multiples,,,,,,,,,,,1,1,1,1.0,5.0
201100013752,0011-06-02 22:30:00,11,6,2,22,30,770,12,,,,Nuit sans éclairage public,Hors agglomération,Hors intersection,Normale,Sans collision,,,,,,,,,,,3,1,1,1.0,7.0
201100013753,0011-06-07 07:45:00,11,6,7,7,45,770,239,,,,Plein jour,Hors agglomération,Hors intersection,Temps couvert,Autre collision,,,,,,,,,,,1,1,1,8.0,6.0
201100013754,0011-06-08 08:30:00,11,6,8,8,30,770,32,25 route nationale 4,,,Plein jour,En agglomération,Intersection en X,Normale,Deux véhicules - côté,,,,,,,,,,,1,2,2,1.0,3.0
201100013755,0011-07-09 21:15:00,11,7,9,21,15,770,530,,,,Crépuscule ou aube,Hors agglomération,Hors intersection,Normale,Autre collision,,,,,,,,,,,2,1,1,1.0,6.0
201100013756,0011-07-10 20:30:00,11,7,10,20,30,770,239,,,,Plein jour,Hors agglomération,Hors intersection,Normale,Deux véhicules - côté,,,,,,,,,,,1,1,1,1.0,3.0
201100013757,0011-08-07 11:45:00,11,8,7,11,45,770,239,,,,Plein jour,Hors agglomération,Hors intersection,Normale,Deux véhicules - côté,,,,,,,,,,,1,1,1,1.0,3.0
201100013758,0011-08-30 14:00:00,11,8,30,14,0,770,66,,,,Plein jour,Hors agglomération,Hors intersection,Normale,Deux véhicules - frontale,,,,,,,,,,,1,1,1,1.0,1.0
201100013759,0011-08-31 19:30:00,11,8,31,19,30,770,239,,,,Plein jour,Hors agglomération,Hors intersection,Normale,Sans collision,,,,,,,,,,,1,1,1,1.0,7.0
201100013760,0011-09-05 13:00:00,11,9,5,13,0,770,239,,,,Plein jour,Hors agglomération,Hors intersection,Normale,Deux véhicules - frontale,,,,,,,,,,,1,1,1,1.0,1.0
201100013761,0011-09-16 14:45:00,11,9,16,14,45,770,72,,,,Plein jour,Hors agglomération,Intersection en X,Normale,Deux véhicules - frontale,,,,,,,,,,,1,1,2,1.0,1.0
201100013762,0011-12-03 08:30:00,11,12,3,8,30,770,109,,,,Nuit sans éclairage public,Hors agglomération,Hors intersection,Pluie légère,Deux véhicules - frontale,,,,,,,,,,,3,1,1,2.0,1.0
201100013763,0011-12-17 09:45:00,11,12,17,9,45,770,519,,48.661,3.409,Plein jour,Hors agglomération,Hors intersection,Pluie forte,Sans collision,,,,,,,,,,,1,1,1,3.0,7.0
201100013764,0011-12-23 10:30:00,11,12,23,10,30,770,66,,48.696,3.374,Plein jour,Hors agglomération,Hors intersection,Temps couvert,Deux véhicules - frontale,,,,,,,,,,,1,1,1,8.0,1.0
201100013765,0011-01-06 17:30:00,11,1,6,17,30,770,509,,,,Nuit sans éclairage public,Hors agglomération,Hors intersection,Normale,Deux véhicules - frontale,,,,,,,,,,,3,1,1,1.0,1.0
201100013766,0011-02-11 11:30:00,11,2,11,11,30,770,355,,,,Plein jour,Hors agglomération,Intersection en X,Normale,Trois véhicules et plus - collisions multiples,,,,,,,,,,,1,1,2,1.0,5.0
201100013767,0011-02-13 09:00:00,11,2,13,9,0,770,311,,,,Nuit sans éclairage public,Hors agglomération,Hors intersection,Normale,Autre collision,,,,,,,,,,,3,1,1,1.0,6.0
201100013768,0011-04-27 09:45:00,11,4,27,9,45,770,51,,,,Plein jour,Hors agglomération,Intersection en X,Normale,Autre collision,,,,,,,,,,,1,1,2,1.0,6.0
201100013769,0011-05-07 13:15:00,11,5,7,13,15,770,311,,,,Plein jour,Hors agglomération,Hors intersection,Normale,Deux véhicules - frontale,,,,,,,,,,,1,1,1,1.0,1.0
201100013770,0011-09-09 16:00:00,11,9,9,16,0,770,461,rue du calvaire,48.48763,3.17991,Plein jour,En agglomération,Hors intersection,Normale,Autre collision,,,,,,,,,,,1,2,1,1.0,6.0
201100013771,0011-12-16 20:15:00,11,12,16,20,15,770,311,,,,Crépuscule ou aube,Hors agglomération,Hors intersection,Normale,Deux véhicules - côté,,,,,,,,,,,2,1,1,1.0,3.0
201100013772,0011-03-10 22:15:00,11,3,10,22,15,770,383,,,,Nuit sans éclairage public,Hors agglomération,Hors intersection,Normale,Deux véhicules - frontale,,,,,,,,,,,3,1,1,1.0,1.0
201100013773,0011-04-21 19:15:00,11,4,21,19,15,770,89,,48.502,2.954,Plein jour,Hors agglomération,Intersection en X,Normale,Deux véhicules - frontale,,,,,,,,,,,1,1,2,1.0,1.0
201100013774,0011-05-09 13:45:00,11,5,9,13,45,770,89,,,,Plein jour,Hors agglomération,Hors intersection,Normale,Deux véhicules - frontale,,,,,,,,,,,1,1,1,1.0,1.0
201100013775,0011-06-15 16:15:00,11,6,15,16,15,770,327,RD 619,,,Plein jour,En agglomération,Hors intersection,Normale,Deux véhicules - arrière,,,,,,,,,,,1,2,1,1.0,2.0
201100013776,0011-07-14 15:45:00,11,7,14,15,45,770,327,,48.569,3.047,Plein jour,Hors agglomération,Hors intersection,Normale,Sans collision,,,,,,,,,,,1,1,1,1.0,7.0
201100013777,0011-07-02 17:45:00,11,7,2,17,45,450,330,,48.09059,1.97052,Plein jour,Hors agglomération,Hors intersection,Normale,Autre collision,,,,,,,,,,,1,1,1,1.0,6.0
201100013778,0011-07-26 23:00:00,11,7,26,23,0,450,296,,47.98101,1.73638,Nuit sans éclairage public,Hors agglomération,Hors intersection,Normale,Deux véhicules - arrière,,,,,,,,,,,3,1,1,1.0,2.0
201100013779,0011-08-06 20:15:00,11,8,6,20,15,450,62,D 2020/ACCES ENTREPRISE,47.99117,1.88184,Plein jour,En agglomération,Intersection en T,Pluie forte,Autre collision,,,,,,,,,,,1,2,3,3.0,6.0
201100013780,0011-10-13 07:00:00,11,10,13,7,0,450,326,,48.01375,1.61709,Crépuscule ou aube,Hors agglomération,Hors intersection,Pluie légère,Deux véhicules - frontale,,,,,,,,,,,2,1,1,2.0,1.0
201100013781,0011-10-27 18:45:00,11,10,27,18,45,450,93,,48.02276,1.87503,Crépuscule ou aube,En agglomération,Hors intersection,Normale,Autre collision,,,,,,,,,,,2,2,1,1.0,6.0
201100013782,0011-03-02 20:45:00,11,3,2,20,45,450,82,RTE ORLEANS/ZI BARTHELEM,47.86192,2.20199,Nuit avec éclairage allumé,En agglomération,Giratoire,Normale,Autre collision,,,,,,,,,,,5,2,6,1.0,6.0
201100013783,0011-06-09 20:00:00,11,6,9,20,0,450,142,25 RTE BRETOUCHE,47.92352,2.14473,Plein jour,Hors agglomération,Hors intersection,Normale,Deux véhicules - frontale,,,,,,,,,,,1,1,1,1.0,1.0
201100013784,0011-07-09 16:45:00,11,7,9,16,45,450,346,RTE MADAGASCAR,47.91431,2.23668,Plein jour,Hors agglomération,Hors intersection,Normale,Autre collision,,,,,,,,,,,1,1,1,1.0,6.0
201100013785,0011-07-17 06:00:00,11,7,17,6,0,450,82,,47.89822,2.20637,Crépuscule ou aube,Hors agglomération,Hors intersection,Pluie légère,Autre collision,,,,,,,,,,,2,1,1,2.0,6.0
201100013786,0011-07-27 17:45:00,11,7,27,17,45,450,82,4 RUE PETIT HAMEAU,47.86931,2.22246,Plein jour,En agglomération,Autre intersection,Normale,Autre collision,,,,,,,,,,,1,2,9,1.0,6.0
201100013787,0011-08-17 17:30:00,11,8,17,17,30,450,346,10 RTE COMBREUX,,,Plein jour,Hors agglomération,Hors intersection,Normale,Deux véhicules - frontale,,,,,,,,,,,1,1,1,1.0,1.0
201100013788,0011-09-03 09:00:00,11,9,3,9,0,450,346,RTE CHATEAUNEUF,47.91862,2.2564,Plein jour,Hors agglomération,Hors intersection,Normale,Autre collision,,,,,,,,,,,1,1,1,1.0,6.0
201100013789,0011-09-09 22:45:00,11,9,9,22,45,450,82,87 RUE BONNE DAME,47.86498,2.21165,Nuit avec éclairage allumé,En agglomération,Hors intersection,Normale,Autre collision,,,,,,,,,,,5,2,1,1.0,6.0
201100013790,0011-09-24 16:00:00,11,9,24,16,0,450,346,D 10/RTE DU MAUPAS,47.92477,2.25761,Plein jour,Hors agglomération,Intersection en T,Normale,Deux véhicules - frontale,,,,,,,,,,,1,1,3,1.0,1.0
201100013791,0011-11-07 09:30:00,11,11,7,9,30,450,84,,,,Plein jour,Hors agglomération,Hors intersection,Temps couvert,Deux véhicules - frontale,,,,,,,,,,,1,1,1,8.0,1.0
201100013792,0011-12-03 19:30:00,11,12,3,19,30,450,346,,47.92849,2.20279,Nuit sans éclairage public,Hors agglomération,Hors intersection,Pluie légère,Autre collision,,,,,,,,,,,3,1,1,2.0,6.0
201100013793,0011-12-18 18:00:00,11,12,18,18,0,450,316,D 948/CH DES PLAINES,47.93463,2.38937,Nuit sans éclairage public,Hors agglomération,Intersection en T,Normale,Autre collision,,,,,,,,,,,3,1,3,1.0,6.0
201100013794,0011-03-13 06:00:00,11,3,13,6,0,450,194,RUE FOSSE LONGUE,47.89437,2.06373,Nuit avec éclairage allumé,En agglomération,Autre intersection,Pluie légère,Autre collision,,,,,,,,,,,5,2,9,2.0,6.0