accident_id,datetime,annee,mois,jour,heure,minute,departement,commune_insee,adresse,latitude,longitude,luminosite,agglomeration,intersection,meteo,collision,nb_vehicules,nb_usagers,nb_indemnes,nb_tues,nb_blesses_hosp,nb_blesses_legers,age_cond_1,age_cond_2,veh_type_cond_1,veh_type_cond_2,lum_code,agg_code,int_code,atm_code,col_code
201100014310,0011-04-07 17:45:00,11,4,7,17,45,370,152,,47.4583,0.67266,Plein jour,Hors agglomération,Intersection en T,Normale,Deux véhicules - côté,,,,,,,,,,,1,1,3,1.0,3.0
201100014311,0011-04-21 17:45:00,11,4,21,17,45,370,167,,47.5456,0.50359,Plein jour,Hors agglomération,Hors intersection,Normale,Deux véhicules - arrière,,,,,,,,,,,1,1,1,1.0,2.0
201100014312,0011-04-30 16:00:00,11,4,30,16,0,370,152,5 RUE DU 11 NOVEMBRE,47.4504,0.64651,Plein jour,En agglomération,Hors intersection,Normale,Autre collision,,,,,,,,,,,1,2,1,1.0,6.0
201100014313,0011-05-04 17:00:00,11,5,4,17,0,370,152,,47.4613,0.65789,Plein jour,Hors agglomération,Intersection en X,Normale,Deux véhicules - côté,,,,,,,,,,,1,1,2,1.0,3.0
201100014314,0011-04-20 19:15:00,11,4,20,19,15,370,213,,47.6315,0.50266,Plein jour,Hors agglomération,Intersection en X,Normale,Autre collision,,,,,,,,,,,1,1,2,1.0,6.0
201100014315,0011-05-23 16:30:00,11,5,23,16,30,370,167,AVENUE DE LA LIBERATION,47.5446,0.46375,Plein jour,En agglomération,Hors intersection,Normale,Trois véhicules et plus - collisions multiples,,,,,,,,,,,1,2,1,1.0,5.0
201100014316,0011-05-29 10:45:00,11,5,29,10,45,370,151,CD 959,47.4402,0.63791,Plein jour,En agglomération,Hors intersection,Normale,Deux véhicules - frontale,,,,,,,,,,,1,2,1,1.0,1.0
201100014317,0011-06-23 19:30:00,11,6,23,19,30,370,170,45 rue du 11 novembre,,,Plein jour,En agglomération,Hors intersection,Normale,Autre collision,,,,,,,,,,,1,2,1,1.0,6.0
201100014318,0011-06-26 16:00:00,11,6,26,16,0,370,152,,47.4482,0.64675,Plein jour,Hors agglomération,Hors intersection,Normale,Autre collision,,,,,,,,,,,1,1,1,1.0,6.0
201100014319,0011-06-30 19:00:00,11,6,30,19,0,370,206,rue de la Poste,,,Plein jour,En agglomération,Hors intersection,Normale,Autre collision,,,,,,,,,,,1,2,1,1.0,6.0
201100014320,0011-07-23 18:45:00,11,7,23,18,45,370,231,,47.5778,0.41902,Plein jour,Hors agglomération,Intersection en T,Normale,Deux véhicules - arrière,,,,,,,,,,,1,1,3,1.0,2.0
201100014321,0011-08-03 21:00:00,11,8,3,21,0,370,172,56 RUE DE LA SAINTRIE,47.4536,0.6957,Plein jour,En agglomération,Hors intersection,Normale,Autre collision,,,,,,,,,,,1,2,1,1.0,6.0
201100014322,0011-09-24 10:30:00,11,9,24,10,30,370,167,,47.5633,0.54981,Plein jour,Hors agglomération,Hors intersection,Normale,Deux véhicules - frontale,,,,,,,,,,,1,1,1,1.0,1.0
201100014323,0011-01-05 07:45:00,11,1,5,7,45,370,203,,,,Nuit sans éclairage public,Hors agglomération,Hors intersection,Normale,Deux véhicules - frontale,,,,,,,,,,,3,1,1,1.0,1.0
201100014324,0011-01-09 13:00:00,11,1,9,13,0,370,203,83 QUAI DE LA LOIRE,47.4102,0.77229,Plein jour,En agglomération,Hors intersection,Normale,Autre collision,,,,,,,,,,,1,2,1,1.0,6.0
201100014325,0011-01-11 15:30:00,11,1,11,15,30,370,281,,47.452,0.78689,Plein jour,Hors agglomération,Hors intersection,Vent fort / tempête,Deux véhicules - frontale,,,,,,,,,,,1,1,1,6.0,1.0
201100014326,0011-01-14 18:00:00,11,1,14,18,0,370,270,RUE AIM? BARDOU,47.4173,0.84296,Crépuscule ou aube,En agglomération,Hors intersection,Pluie légère,Autre collision,,,,,,,,,,,2,2,1,2.0,6.0
201100014327,0011-01-20 09:15:00,11,1,20,9,15,370,153,,47.4834,0.80503,Plein jour,Hors agglomération,Hors intersection,Normale,Deux véhicules - frontale,,,,,,,,,,,1,1,1,1.0,1.0
201100014328,0011-01-25 09:45:00,11,1,25,9,45,370,9,,47.5426,0.98289,Plein jour,Hors agglomération,Hors intersection,Normale,Deux véhicules - côté,,,,,,,,,,,1,1,1,1.0,3.0
201100014329,0011-01-30 07:00:00,11,1,30,7,0,370,106,,,,Nuit sans éclairage public,Hors agglomération,Hors intersection,Normale,Autre collision,,,,,,,,,,,3,1,1,1.0,6.0
201100014330,0011-01-30 13:15:00,11,1,30,13,15,370,153,,47.479,0.76202,Plein jour,Hors agglomération,Hors intersection,Normale,Deux véhicules - arrière,,,,,,,,,,,1,1,1,1.0,2.0
201100014331,0011-03-16 10:45:00,11,3,16,10,45,370,52,,,,Plein jour,Hors agglomération,Hors intersection,Normale,Autre collision,,,,,,,,,,,1,1,1,1.0,6.0
201100014332,0011-03-16 15:30:00,11,3,16,15,30,370,179,RESIDENCE DU COTEAU,47.4422,0.75069,Plein jour,En agglomération,Hors intersection,Normale,Autre collision,,,,,,,,,,,1,2,1,1.0,6.0
201100014333,0011-03-21 15:45:00,11,3,21,15,45,370,224,,47.587,0.78751,Plein jour,Hors agglomération,Hors intersection,Normale,Deux véhicules - arrière,,,,,,,,,,,1,1,1,1.0,2.0
201100014334,0011-05-23 17:30:00,11,5,23,17,30,370,179,,47.4402,0.74875,Plein jour,Hors agglomération,Hors intersection,Normale,Sans collision,,,,,,,,,,,1,1,1,1.0,7.0
201100014335,0011-05-24 16:30:00,11,5,24,16,30,370,10,,,,Plein jour,Hors agglomération,Hors intersection,Normale,Deux véhicules - frontale,,,,,,,,,,,1,1,1,1.0,1.0
201100014336,0011-06-04 17:30:00,11,6,4,17,30,370,63,,,,Nuit sans éclairage public,Hors agglomération,Hors intersection,Pluie forte,Autre collision,,,,,,,,,,,3,1,1,3.0,6.0
201100014337,0011-06-21 07:15:00,11,6,21,7,15,370,169,,,,Plein jour,Hors agglomération,Hors intersection,Normale,Deux véhicules - frontale,,,,,,,,,,,1,1,1,1.0,1.0
201100014338,0011-06-30 01:30:00,11,6,30,1,30,370,63,AVENUE DU MAINE,47.5875,0.90642,Nuit avec éclairage allumé,En agglomération,Hors intersection,Normale,Autre collision,,,,,,,,,,,5,2,1,1.0,6.0
201100014339,0011-06-30 10:00:00,11,6,30,10,0,370,276,RUE DE LA PETITE TOUCHE,47.5465,0.86379,Plein jour,Hors agglomération,Hors intersection,Normale,Sans collision,,,,,,,,,,,1,1,1,1.0,7.0
201100014340,0011-07-01 09:45:00,11,7,1,9,45,370,281,,47.3975,0.82357,Plein jour,Hors agglomération,Hors intersection,Normale,Autre collision,,,,,,,,,,,1,1,1,1.0,6.0
201100014341,0011-07-07 18:00:00,11,7,7,18,0,370,30,,47.5812,0.82564,Plein jour,Hors agglomération,Intersection en X,Normale,Deux véhicules - côté,,,,,,,,,,,1,1,2,1.0,3.0
201100014342,0011-08-19 14:45:00,11,8,19,14,45,370,281,RD952/D46,47.41,0.79716,Plein jour,En agglomération,Intersection en T,Normale,Deux véhicules - frontale,,,,,,,,,,,1,2,3,1.0,1.0
201100014343,0011-08-28 10:30:00,11,8,28,10,30,370,224,,,,Plein jour,Hors agglomération,Hors intersection,Normale,Deux véhicules - côté,,,,,,,,,,,1,1,1,1.0,3.0
201100014344,0011-08-28 17:00:00,11,8,28,17,0,370,281,RUE RABELAIS,47.412,0.80718,Plein jour,En agglomération,Autre intersection,Normale,Deux véhicules - frontale,,,,,,,,,,,1,2,9,1.0,1.0
201100014345,0011-09-16 10:15:00,11,9,16,10,15,370,153,,47.4797,0.76283,Plein jour,Hors agglomération,Hors intersection,Normale,Deux véhicules - arrière,,,,,,,,,,,1,1,1,1.0,2.0
201100014346,0011-09-14 19:00:00,11,9,14,19,0,370,155,,47.6691,0.6901,Plein jour,Hors agglomération,Hors intersection,Temps éblouissant,Sans collision,,,,,,,,,,,1,1,1,7.0,7.0
201100014347,0011-09-22 19:45:00,11,9,22,19,45,370,63,BOULEVARD NATIONAL,47.5871,0.90292,Plein jour,En agglomération,Intersection en X,Normale,Deux véhicules - côté,,,,,,,,,,,1,2,2,1.0,3.0
201100014348,0011-10-07 08:30:00,11,10,7,8,30,370,169,,47.6052,0.92004,Plein jour,Hors agglomération,Giratoire,Normale,Autre collision,,,,,,,,,,,1,1,6,1.0,6.0
201100014349,0011-10-10 18:45:00,11,10,10,18,45,370,276,,47.5446,0.89014,Plein jour,Hors agglomération,Hors intersection,Normale,Autre collision,,,,,,,,,,,1,1,1,1.0,6.0
201100014350,0011-10-16 15:30:00,11,10,16,15,30,370,270,CD46,47.4206,0.842,Plein jour,En agglomération,Hors intersection,Normale,Autre collision,,,,,,,,,,,1,2,1,1.0,6.0
201100014351,0011-10-29 21:15:00,11,10,29,21,15,370,10,,,,Nuit sans éclairage public,Hors agglomération,Hors intersection,Temps couvert,Trois véhicules et plus - en chaîne,,,,,,,,,,,3,1,1,8.0,4.0
201100014352,0011-01-05 13:15:00,11,1,5,13,15,370,201,,47.1389,0.27912,Plein jour,Hors agglomération,Hors intersection,Normale,Autre collision,,,,,,,,,,,1,1,1,1.0,6.0
201100014353,0011-01-14 18:10:00,11,1,14,18,10,370,72,QUAI  JEANNE D' ARC,47.1629,0.24872,Nuit avec éclairage allumé,En agglomération,Hors intersection,Pluie légère,Autre collision,,,,,,,,,,,5,2,1,2.0,6.0
201100014354,0011-05-15 19:15:00,11,5,15,19,15,370,72,RUE DU 11 NOVEMBRE,47.165,0.24482,Plein jour,En agglomération,Hors intersection,Normale,Autre collision,,,,,,,,,,,1,2,1,1.0,6.0
201100014355,0011-01-21 14:15:00,11,1,21,14,15,370,102,,47.3464,0.30936,Plein jour,Hors agglomération,Hors intersection,Normale,Autre collision,,,,,,,,,,,1,1,1,1.0,6.0
201100014356,0011-02-18 16:15:00,11,2,18,16,15,370,14,RUE GEORGES J?HAN,47.2628,0.47227,Plein jour,En agglomération,Hors intersection,Normale,Deux véhicules - côté,,,,,,,,,,,1,2,1,1.0,3.0
201100014357,0011-02-21 08:30:00,11,2,21,8,30,370,200,,47.2648,0.3399,Plein jour,Hors agglomération,Intersection en T,Normale,Deux véhicules - côté,,,,,,,,,,,1,1,3,1.0,3.0
201100014358,0011-03-08 18:45:00,11,3,8,18,45,370,6,,47.2572,0.60814,Plein jour,Hors agglomération,Hors intersection,Normale,Sans collision,,,,,,,,,,,1,1,1,1.0,7.0
201100014359,0011-06-22 07:45:00,11,6,22,7,45,370,128,,47.2972,0.41313,Plein jour,En agglomération,Hors intersection,Pluie forte,Autre collision,,,,,,,,,,,1,2,1,3.0,6.0
201100014360,0011-07-03 21:45:00,11,7,3,21,45,370,257,,,,Crépuscule ou aube,Hors agglomération,Hors intersection,Normale,Sans collision,,,,,,,,,,,2,1,1,1.0,7.0
201100014361,0011-07-18 18:00:00,11,7,18,18,0,370,14,,47.2546,0.52201,Plein jour,Hors agglomération,Hors intersection,Normale,Sans collision,,,,,,,,,,,1,1,1,1.0,7.0
201100014362,0011-08-01 16:45:00,11,8,1,16,45,370,128,,,,Plein jour,Hors agglomération,Hors intersection,Normale,Sans collision,,,,,,,,,,,1,1,1,1.0,7.0
201100014363,0011-08-08 21:00:00,11,8,8,21,0,370,186,,,,Crépuscule ou aube,Hors agglomération,Hors intersection,Temps couvert,Sans collision,,,,,,,,,,,2,1,1,8.0,7.0
201100014364,0011-08-25 16:45:00,11,8,25,16,45,370,38,,47.2973,0.36538,Plein jour,Hors agglomération,Hors intersection,Normale,Deux véhicules - côté,,,,,,,,,,,1,1,1,1.0,3.0
201100014365,0011-11-26 14:00:00,11,11,26,14,0,370,123,,47.3144,0.37689,Plein jour,Hors agglomération,Hors intersection,Temps couvert,Deux véhicules - côté,,,,,,,,,,,1,1,1,8.0,3.0
201100014366,0011-12-05 07:30:00,11,12,5,7,30,370,14,,47.2631,0.45711,Crépuscule ou aube,En agglomération,Hors intersection,Normale,Deux véhicules - frontale,,,,,,,,,,,2,2,1,1.0,1.0
201100014367,0011-12-16 17:15:00,11,12,16,17,15,370,123,RUE GUERMAN TITOV,47.3311,0.40345,Plein jour,En agglomération,Intersection en T,Normale,Deux véhicules - frontale,,,,,,,,,,,1,2,3,1.0,1.0
201100014368,0011-01-22 06:00:00,11,1,22,6,0,370,226,,47.0886,0.61097,Nuit sans éclairage public,Hors agglomération,Hors intersection,Autre,Autre collision,,,,,,,,,,,3,1,1,9.0,6.0
201100014369,0011-02-12 18:45:00,11,2,12,18,45,370,256,RUE DES CAVES,47.0959,0.4377,Crépuscule ou aube,Hors agglomération,Intersection en X,Normale,Deux véhicules - côté,,,,,,,,,,,2,1,2,1.0,3.0
201100014370,0011-03-13 20:45:00,11,3,13,20,45,370,187,,47.004,0.56699,Nuit sans éclairage public,Hors agglomération,Hors intersection,Normale,Sans collision,,,,,,,,,,,3,1,1,1.0,7.0
201100014371,0011-05-08 16:45:00,11,5,8,16,45,370,226,RUE DE LOCHES,47.1082,0.62452,Plein jour,En agglomération,Hors intersection,Normale,Autre collision,,,,,,,,,,,1,2,1,1.0,6.0
201100014372,0011-06-19 14:15:00,11,6,19,14,15,370,262,,,,Plein jour,Hors agglomération,Hors intersection,Normale,Autre collision,,,,,,,,,,,1,1,1,1.0,6.0
201100014373,0011-07-03 12:45:00,11,7,3,12,45,370,196,avenue de Schaffeim,,,Plein jour,En agglomération,Hors intersection,Normale,Autre collision,,,,,,,,,,,1,2,1,1.0,6.0
201100014374,0011-07-23 12:45:00,11,7,23,12,45,370,93,,,,Plein jour,Hors agglomération,Intersection en X,Normale,Deux véhicules - côté,,,,,,,,,,,1,1,2,1.0,3.0
201100014375,0011-08-15 09:15:00,11,8,15,9,15,370,65,,,,Plein jour,Hors agglomération,Hors intersection,Normale,Autre collision,,,,,,,,,,,1,1,1,1.0,6.0
201100014376,0011-09-21 20:15:00,11,9,21,20,15,370,212,,,,Crépuscule ou aube,Hors agglomération,Hors intersection,Normale,Deux véhicules - arrière,,,,,,,,,,,2,1,1,1.0,2.0
201100014377,0011-09-24 08:00:00,11,9,24,8,0,370,176,,,,Plein jour,Hors agglomération,Hors intersection,Normale,Deux véhicules - arrière,,,,,,,,,,,1,1,1,1.0,2.0
201100014378,0011-09-24 15:00:00,11,9,24,15,0,370,180,RUE DU 8 MAI 1945,,,Plein jour,En agglomération,Intersection en X,Normale,Trois véhicules et plus - collisions multiples,,,,,,,,,,,1,2,2,1.0,5.0
201100014379,0011-10-16 08:30:00,11,10,16,8,30,370,176,,47.112,0.552,Plein jour,Hors agglomération,Hors intersection,Normale,Sans collision,,,,,,,,,,,1,1,1,1.0,7.0
201100014380,0011-11-22 16:00:00,11,11,22,16,0,370,196,RUE BOURBON,,,Plein jour,En agglomération,Hors intersection,Normale,Autre collision,,,,,,,,,,,1,2,1,1.0,6.0
201100014381,0011-03-06 17:15:00,11,3,6,17,15,370,133,,,,Plein jour,Hors agglomération,Hors intersection,Normale,Deux véhicules - frontale,,,,,,,,,,,1,1,1,1.0,1.0
201100014382,0011-03-17 18:15:00,11,3,17,18,15,370,183,,47.1011,1.01181,Plein jour,Hors agglomération,Hors intersection,Normale,Deux véhicules - frontale,,,,,,,,,,,1,1,1,1.0,1.0
201100014383,0011-03-26 15:30:00,11,3,26,15,30,370,132,ROND POINT DE LA MARNE,47.1295,0.99879,Plein jour,En agglomération,Giratoire,Normale,Autre collision,,,,,,,,,,,1,2,6,1.0,6.0
201100014384,0011-04-24 12:30:00,11,4,24,12,30,370,173,,47.136,1.29796,Plein jour,Hors agglomération,Hors intersection,Normale,Deux véhicules - côté,,,,,,,,,,,1,1,1,1.0,3.0
201100014385,0011-04-26 23:30:00,11,4,26,23,30,370,39,,,,Nuit sans éclairage public,Hors agglomération,Hors intersection,Normale,Autre collision,,,,,,,,,,,3,1,1,1.0,6.0
201100014386,0011-05-01 06:30:00,11,5,1,6,30,370,132,,47.2099,0.9457,Crépuscule ou aube,Hors agglomération,Hors intersection,Normale,Autre collision,,,,,,,,,,,2,1,1,1.0,6.0
201100014387,0011-05-02 10:30:00,11,5,2,10,30,370,222,,47.0839,1.03067,Plein jour,Hors agglomération,Hors intersection,Normale,Trois véhicules et plus - collisions multiples,,,,,,,,,,,1,1,1,1.0,5.0
201100014388,0011-05-28 14:15:00,11,5,28,14,15,370,97,,47.2019,0.88658,Plein jour,Hors agglomération,Intersection en Y,Normale,Deux véhicules - côté,,,,,,,,,,,1,1,4,1.0,3.0
201100014389,0011-05-31 13:45:00,11,5,31,13,45,370,97,,47.1766,0.86035,Plein jour,Hors agglomération,Intersection en X,Normale,Deux véhicules - côté,,,,,,,,,,,1,1,2,1.0,3.0
201100014390,0011-06-26 16:45:00,11,6,26,16,45,370,69,,,,Plein jour,Hors agglomération,Hors intersection,Normale,Trois véhicules et plus - collisions multiples,,,,,,,,,,,1,1,1,1.0,5.0
201100014391,0011-07-15 11:45:00,11,7,15,11,45,370,108,,47.1576,1.05879,Plein jour,Hors agglomération,Hors intersection,Normale,Deux véhicules - côté,,,,,,,,,,,1,1,1,1.0,3.0
201100014392,0011-09-16 18:00:00,11,9,16,18,0,370,97,,47.1766,0.86035,Plein jour,Hors agglomération,Intersection en X,Normale,Deux véhicules - côté,,,,,,,,,,,1,1,2,1.0,3.0
201100014393,0011-10-02 09:45:00,11,10,2,9,45,370,108,,,,Plein jour,Hors agglomération,Hors intersection,Normale,Autre collision,,,,,,,,,,,1,1,1,1.0,6.0
201100014394,0011-11-16 15:00:00,11,11,16,15,0,370,49,,47.1644,0.9856,Plein jour,Hors agglomération,Hors intersection,Normale,Deux véhicules - frontale,,,,,,,,,,,1,1,1,1.0,1.0
201100014395,0011-11-19 07:00:00,11,11,19,7,0,370,221,,47.0532,1.1139,Crépuscule ou aube,Hors agglomération,Hors intersection,Temps couvert,Autre collision,,,,,,,,,,,2,1,1,8.0,6.0
201100014396,0011-12-05 08:15:00,11,12,5,8,15,370,132,8 RUE DES DALYAS,47.1206,0.99558,Plein jour,En agglomération,Hors intersection,Normale,Autre collision,,,,,,,,,,,1,2,1,1.0,6.0
201100014397,0011-11-17 12:00:00,11,11,17,12,0,370,273,rue marie de Lorraine,,,Plein jour,En agglomération,Hors intersection,Normale,Deux véhicules - côté,,,,,,,,,,,1,2,1,1.0,3.0
201100014398,0011-12-02 11:00:00,11,12,2,11,0,370,91,QUAI PORT DE L'EST,47.3302,0.99134,Plein jour,En agglomération,Intersection en T,Pluie légère,Deux véhicules - côté,,,,,,,,,,,1,2,3,2.0,3.0
201100014399,0011-12-09 17:45:00,11,12,9,17,45,370,96,,47.3418,0.96722,Crépuscule ou aube,Hors agglomération,Hors intersection,Pluie légère,Trois véhicules et plus - collisions multiples,,,,,,,,,,,2,1,1,2.0,5.0
201100014400,0011-12-18 09:15:00,11,12,18,9,15,370,91,,,,Plein jour,Hors agglomération,Hors intersection,Temps couvert,Autre collision,,,,,,,,,,,1,1,1,8.0,6.0
201100014401,0011-12-23 13:15:00,11,12,23,13,15,370,273,RUE GINETTE NEVEU,47.3867,0.76842,Plein jour,En agglomération,Intersection en X,Normale,Autre collision,,,,,,,,,,,1,2,2,1.0,6.0
201100014402,0011-02-26 16:45:00,11,2,26,16,45,370,259,,,,Plein jour,Hors agglomération,Hors intersection,Normale,Autre collision,,,,,,,,,,,1,1,1,1.0,6.0
201100014403,0011-03-08 14:45:00,11,3,8,14,45,370,28,,46.8607,0.96385,Plein jour,Hors agglomération,Hors intersection,Normale,Deux véhicules - frontale,,,,,,,,,,,1,1,1,1.0,1.0
201100014404,0011-05-04 08:30:00,11,5,4,8,30,370,26,,47.005,0.9594,Plein jour,Hors agglomération,Hors intersection,Normale,Sans collision,,,,,,,,,,,1,1,1,1.0,7.0
201100014405,0011-06-17 22:00:00,11,6,17,22,0,370,282,,46.8033,0.83498,Nuit sans éclairage public,Hors agglomération,Giratoire,Pluie légère,Sans collision,,,,,,,,,,,3,1,6,2.0,7.0
201100014406,0011-06-18 16:30:00,11,6,18,16,30,370,259,Rue Raymon Thomas,,,Plein jour,En agglomération,Hors intersection,Normale,Deux véhicules - côté,,,,,,,,,,,1,2,1,1.0,3.0
201100014407,0011-06-28 06:15:00,11,6,28,6,15,370,26,,46.993,0.954,Crépuscule ou aube,Hors agglomération,Hors intersection,Normale,Sans collision,,,,,,,,,,,2,1,1,1.0,7.0
201100014408,0011-07-28 19:00:00,11,7,28,19,0,370,113,RUE DES REAUX,46.9202,0.80041,Plein jour,En agglomération,Hors intersection,Normale,Autre collision,,,,,,,,,,,1,2,1,1.0,6.0
201100014409,0011-08-13 21:15:00,11,8,13,21,15,370,28,,46.7786,0.94611,Crépuscule ou aube,Hors agglomération,Hors intersection,Normale,Trois véhicules et plus - collisions multiples,,,,,,,,,,,2,1,1,1.0,5.0
201100014410,0011-02-11 15:45:00,11,2,11,15,45,370,80,,47.0358,0.71161,Plein jour,Hors agglomération,Hors intersection,Normale,Deux véhicules - côté,,,,,,,,,,,1,1,1,1.0,3.0
201100014411,0011-02-26 16:30:00,11,2,26,16,30,370,130,1 RUE DU PARADIS,47.0425,0.81792,Plein jour,En agglomération,Intersection en T,Normale,Deux véhicules - côté,,,,,,,,,,,1,2,3,1.0,3.0
201100014412,0011-05-23 19:00:00,11,5,23,19,0,370,130,,47.0361,0.84973,Plein jour,Hors agglomération,Intersection en X,Normale,Deux véhicules - côté,,,,,,,,,,,1,1,2,1.0,3.0
201100014413,0011-06-05 06:00:00,11,6,5,6,0,370,1,,,,Crépuscule ou aube,Hors agglomération,Hors intersection,Brouillard / fumée,Autre collision,,,,,,,,,,,2,1,1,5.0,6.0
201100014414,0011-09-25 10:45:00,11,9,25,10,45,370,115,RUE DE VERDUN,46.9838,0.69367,Plein jour,En agglomération,Intersection en X,Normale,Deux véhicules - frontale,,,,,,,,,,,1,2,2,1.0,1.0
201100014415,0011-12-24 20:45:00,11,12,24,20,45,370,115,50 Av. Marechal Leclerc,,,Nuit avec éclairage allumé,En agglomération,Hors intersection,Normale,Autre collision,,,,,,,,,,,5,2,1,1.0,6.0
201100014416,0011-03-07 17:30:00,11,3,7,17,30,370,266,ROND POINT RD.50 / RD.17,47.291,0.73414,Plein jour,En agglomération,Giratoire,Normale,Autre collision,,,,,,,,,,,1,2,6,1.0,6.0
201100014417,0011-04-07 02:00:00,11,4,7,2,0,370,250,,47.2025,0.67175,Nuit sans éclairage public,Hors agglomération,Hors intersection,Normale,Deux véhicules - arrière,,,,,,,,,,,3,1,1,1.0,2.0
201100014418,0011-04-13 17:00:00,11,4,13,17,0,370,254,,,,Plein jour,Hors agglomération,Hors intersection,Normale,Autre collision,,,,,,,,,,,1,1,1,1.0,6.0
201100014419,0011-07-11 09:00:00,11,7,11,9,0,370,104,,,,Plein jour,Hors agglomération,Hors intersection,Normale,Deux véhicules - côté,,,,,,,,,,,1,1,1,1.0,3.0
201100014420,0011-08-30 18:00:00,11,8,30,18,0,370,83,,47.2595,0.83929,Plein jour,Hors agglomération,Hors intersection,Normale,Autre collision,,,,,,,,,,,1,1,1,1.0,6.0
201100014421,0011-09-06 23:15:00,11,9,6,23,15,370,250,,,,Nuit avec éclairage allumé,Hors agglomération,Giratoire,Normale,Sans collision,,,,,,,,,,,5,1,6,1.0,7.0
201100014422,0011-10-26 15:15:00,11,10,26,15,15,370,266,,47.2628,0.66255,Plein jour,Hors agglomération,Intersection en Y,Normale,Deux véhicules - arrière,,,,,,,,,,,1,1,4,1.0,2.0
201100014423,0011-03-22 17:45:00,11,3,22,17,45,410,144,RUE DE LA JANVERIE,,,Plein jour,En agglomération,Hors intersection,Normale,Autre collision,,,,,,,,,,,1,2,1,1.0,6.0
201100014424,0011-04-10 18:15:00,11,4,10,18,15,410,55,RUE DU STADE,,,Plein jour,En agglomération,Hors intersection,Normale,Autre collision,,,,,,,,,,,1,2,1,1.0,6.0
201100014425,0011-07-19 11:45:00,11,7,19,11,45,410,230,,47.6106,1.25289,Plein jour,Hors agglomération,Hors intersection,Pluie forte,Autre collision,,,,,,,,,,,1,1,1,3.0,6.0
201100014426,0011-08-16 12:45:00,11,8,16,12,45,410,33,,47.5568,1.22335,Plein jour,Hors agglomération,Hors intersection,Normale,Deux véhicules - frontale,,,,,,,,,,,1,1,1,1.0,1.0
201100014427,0011-02-08 08:00:00,11,2,8,8,0,410,56,,47.9042,1.36331,Crépuscule ou aube,Hors agglomération,Hors intersection,Pluie légère,Deux véhicules - arrière,,,,,,,,,,,2,1,1,2.0,2.0
201100014428,0011-05-02 07:30:00,11,5,2,7,30,410,173,,47.9093,1.50908,Plein jour,Hors agglomération,Hors intersection,Normale,Deux véhicules - frontale,,,,,,,,,,,1,1,1,1.0,1.0
201100014429,0011-05-20 11:00:00,11,5,20,11,0,410,289,,47.8743,1.56857,Plein jour,Hors agglomération,Intersection en X,Normale,Deux véhicules - côté,,,,,,,,,,,1,1,2,1.0,3.0
201100014430,0011-08-19 09:45:00,11,8,19,9,45,410,221,,47.8352,1.36961,Plein jour,Hors agglomération,Intersection en X,Normale,Deux véhicules - côté,,,,,,,,,,,1,1,2,1.0,3.0
201100014431,0011-11-04 19:30:00,11,11,4,19,30,410,289,,47.8542,1.52216,Nuit sans éclairage public,Hors agglomération,Intersection en X,Normale,Deux véhicules - côté,,,,,,,,,,,3,1,2,1.0,3.0
201100014432,0011-01-11 07:00:00,11,1,11,7,0,410,220,ROUTE DE BLOIS,47.7158,1.60941,Crépuscule ou aube,En agglomération,Hors intersection,Pluie légère,Deux véhicules - arrière,,,,,,,,,,,2,2,1,2.0,2.0
201100014433,0011-02-07 14:30:00,11,2,7,14,30,410,85,CARREFOUR CD 951 /BONVEA,47.6531,1.67195,Plein jour,En agglomération,Hors intersection,Normale,Deux véhicules - frontale,,,,,,,,,,,1,2,1,1.0,1.0
201100014434,0011-04-18 17:30:00,11,4,18,17,30,410,134,,47.6425,1.41298,Plein jour,Hors agglomération,Hors intersection,Normale,Deux véhicules - frontale,,,,,,,,,,,1,1,1,1.0,1.0
201100014435,0011-04-18 18:30:00,11,4,18,18,30,410,252,,,,Plein jour,Hors agglomération,Hors intersection,Normale,Deux véhicules - frontale,,,,,,,,,,,1,1,1,1.0,1.0
201100014436,0011-04-27 20:45:00,11,4,27,20,45,410,136,,47.6936,1.49661,Plein jour,Hors agglomération,Intersection en X,Normale,Deux véhicules - côté,,,,,,,,,,,1,1,2,1.0,3.0
201100014437,0011-05-05 11:30:00,11,5,5,11,30,410,252,RUE LUCIEN MIGNAT,47.6673,1.46203,Plein jour,En agglomération,Hors intersection,Normale,Autre collision,,,,,,,,,,,1,2,1,1.0,6.0
201100014438,0011-05-11 17:30:00,11,5,11,17,30,410,220,rue des vieux fosses,47.723,1.613,Plein jour,En agglomération,Place,Normale,Deux véhicules - côté,,,,,,,,,,,1,2,7,1.0,3.0
201100014439,0011-05-17 16:30:00,11,5,17,16,30,410,71,,47.666,1.623,Plein jour,Hors agglomération,Hors intersection,Normale,Autre collision,,,,,,,,,,,1,1,1,1.0,6.0
201100014440,0011-05-27 17:15:00,11,5,27,17,15,410,220,,47.738,1.65085,Plein jour,Hors agglomération,Hors intersection,Normale,Deux véhicules - côté,,,,,,,,,,,1,1,1,1.0,3.0
201100014441,0011-06-02 02:00:00,11,6,2,2,0,410,207,RUE NATIONALE,47.6553,1.48689,Nuit avec éclairage allumé,En agglomération,Hors intersection,Normale,Autre collision,,,,,,,,,,,5,2,1,1.0,6.0
201100014442,0011-07-06 13:45:00,11,7,6,13,45,410,129,,47.6296,1.47653,Plein jour,En agglomération,Intersection en X,Normale,Deux véhicules - côté,,,,,,,,,,,1,2,2,1.0,3.0