accident_id,datetime,annee,mois,jour,heure,minute,departement,commune_insee,adresse,latitude,longitude,luminosite,agglomeration,intersection,meteo,collision,nb_vehicules,nb_usagers,nb_indemnes,nb_tues,nb_blesses_hosp,nb_blesses_legers,age_cond_1,age_cond_2,veh_type_cond_1,veh_type_cond_2,lum_code,agg_code,int_code,atm_code,col_code
201100014570,0011-04-09 11:00:00,11,4,9,11,0,290,146,,47.91865,-3.81576,Plein jour,Hors agglomération,Hors intersection,Normale,Deux véhicules - frontale,,,,,,,,,,,1,1,1,1.0,1.0
201100014571,0011-05-24 15:30:00,11,5,24,15,30,290,274,Rue Jean Lancien,48.02493,-3.71454,Plein jour,En agglomération,Hors intersection,Normale,Deux véhicules - côté,,,,,,,,,,,1,2,1,1.0,3.0
201100014572,0011-06-26 19:30:00,11,6,26,19,30,290,274,,48.02701,-3.70191,Plein jour,En agglomération,Giratoire,Normale,Deux véhicules - frontale,,,,,,,,,,,1,2,6,1.0,1.0
201100014573,0011-07-16 13:15:00,11,7,16,13,15,290,281,,48.00609,-3.82162,Plein jour,Hors agglomération,Hors intersection,Pluie légère,Deux véhicules - côté,,,,,,,,,,,1,1,1,2.0,3.0
201100014574,0011-07-28 19:45:00,11,7,28,19,45,290,49,,48.04445,-3.91123,Plein jour,Hors agglomération,Hors intersection,Normale,Deux véhicules - côté,,,,,,,,,,,1,1,1,1.0,3.0
201100014575,0011-10-02 17:00:00,11,10,2,17,0,290,300,,47.88754,-3.63268,Plein jour,Hors agglomération,Hors intersection,Normale,Deux véhicules - frontale,,,,,,,,,,,1,1,1,1.0,1.0
201100014576,0011-10-02 18:30:00,11,10,2,18,30,290,274,,48.01855,-3.67347,Plein jour,Hors agglomération,Hors intersection,Normale,Autre collision,,,,,,,,,,,1,1,1,1.0,6.0
201100014577,0011-11-04 07:30:00,11,11,4,7,30,290,146,rue de l'?cole de filles,47.90671,-3.83187,Crépuscule ou aube,En agglomération,Hors intersection,Temps couvert,Deux véhicules - côté,,,,,,,,,,,2,2,1,8.0,3.0
201100014578,0011-11-14 00:15:00,11,11,14,0,15,290,49,,48.02577,-3.85369,Nuit sans éclairage public,Hors agglomération,Hors intersection,Normale,Deux véhicules - frontale,,,,,,,,,,,3,1,1,1.0,1.0
201100014579,0011-12-11 18:00:00,11,12,11,18,0,290,241,,47.94311,-3.76667,Crépuscule ou aube,Hors agglomération,Hors intersection,Pluie forte,Autre collision,,,,,,,,,,,2,1,1,3.0,6.0
201100014580,0011-12-18 09:15:00,11,12,18,9,15,290,274,,48.0214,-3.71935,Plein jour,Hors agglomération,Hors intersection,Normale,Deux véhicules - frontale,,,,,,,,,,,1,1,1,1.0,1.0
201100014581,0011-02-01 07:15:00,11,2,1,7,15,130,21,Avenue Aristide BRIAND,,,Crépuscule ou aube,En agglomération,Hors intersection,Normale,Deux véhicules - côté,,,,,,,,,,,2,2,1,1.0,3.0
201100014582,0011-03-13 06:15:00,11,3,13,6,15,130,104,,,,Nuit sans éclairage public,Hors agglomération,Hors intersection,Pluie légère,Autre collision,,,,,,,,,,,3,1,1,2.0,6.0
201100014583,0011-04-21 19:00:00,11,4,21,19,0,130,88,RD 568/Bd de la Ricarde,,,Plein jour,En agglomération,Intersection en T,Normale,Deux véhicules - côté,,,,,,,,,,,1,2,3,1.0,3.0
201100014584,0011-05-01 16:00:00,11,5,1,16,0,130,21,Avenue Draio de la mar,,,Plein jour,En agglomération,Autre intersection,Normale,Deux véhicules - côté,,,,,,,,,,,1,2,9,1.0,3.0
201100014585,0011-10-10 21:30:00,11,10,10,21,30,130,104,,,,Nuit sans éclairage public,Hors agglomération,Hors intersection,Normale,Sans collision,,,,,,,,,,,3,1,1,1.0,7.0
201100014586,0011-11-18 07:15:00,11,11,18,7,15,130,104,Boulevard CAMPANULES,,,Crépuscule ou aube,En agglomération,Intersection en T,Normale,Deux véhicules - côté,,,,,,,,,,,2,2,3,1.0,3.0
201100014587,0011-01-10 19:15:00,11,1,10,19,15,950,352,RD 922,49.1022,2.443,Nuit avec éclairage allumé,Hors agglomération,Hors intersection,Normale,Deux véhicules - frontale,,,,,,,,,,,5,1,1,1.0,1.0
201100014588,0011-10-15 18:45:00,11,10,15,18,45,950,352,RD 922,49.1154,2.3942,Plein jour,Hors agglomération,Giratoire,Normale,Sans collision,,,,,,,,,,,1,1,6,1.0,7.0
201100014589,0011-04-14 12:00:00,11,4,14,12,0,950,58,R DE CREIL,49.1609,2.2973,Plein jour,En agglomération,Hors intersection,Normale,Deux véhicules - frontale,,,,,,,,,,,1,2,1,1.0,1.0
201100014590,0011-06-07 20:45:00,11,6,7,20,45,950,26,RD 909,49.1496,2.3799,Plein jour,Hors agglomération,Hors intersection,Normale,Deux véhicules - côté,,,,,,,,,,,1,1,1,1.0,3.0
201100014591,0011-11-14 23:45:00,11,11,14,23,45,950,456,RD 922,49.1413,2.3352,Nuit sans éclairage public,Hors agglomération,Hors intersection,Brouillard / fumée,Autre collision,,,,,,,,,,,3,1,1,5.0,6.0
201100014592,0011-11-26 14:45:00,11,11,26,14,45,950,26,RTE D'ASNIERES,49.1445,2.3796,Plein jour,Hors agglomération,Hors intersection,Normale,Deux véhicules - frontale,,,,,,,,,,,1,1,1,1.0,1.0
201100014593,0011-06-25 04:30:00,11,6,25,4,30,440,20,,,,Nuit sans éclairage public,Hors agglomération,Hors intersection,Normale,Trois véhicules et plus - collisions multiples,,,,,,,,,,,3,1,1,1.0,5.0
201100014594,0011-08-07 15:00:00,11,8,7,15,0,440,20,,,,Plein jour,En agglomération,Hors intersection,Normale,Autre collision,,,,,,,,,,,1,2,1,1.0,6.0
201100014595,0011-10-12 08:15:00,11,10,12,8,15,440,101,rue de l'etang,,,Crépuscule ou aube,En agglomération,Giratoire,Pluie légère,Deux véhicules - côté,,,,,,,,,,,2,2,6,2.0,3.0
201100014596,0011-02-23 11:15:00,11,2,23,11,15,330,199,Allée de Malpont,,,Plein jour,En agglomération,Intersection en T,Pluie légère,Deux véhicules - côté,,,,,,,,,,,1,2,3,2.0,3.0
201100014597,0011-03-06 01:30:00,11,3,6,1,30,330,199,,44.622,-1.106,Nuit sans éclairage public,Hors agglomération,Hors intersection,Normale,Sans collision,,,,,,,,,,,3,1,1,1.0,7.0
201100014598,0011-03-06 17:45:00,11,3,6,17,45,330,527,,44.632,-1.012,Plein jour,Hors agglomération,Hors intersection,Normale,Deux véhicules - frontale,,,,,,,,,,,1,1,1,1.0,1.0
201100014599,0011-05-25 11:00:00,11,5,25,11,0,330,199,Ave de Cesaree,,,Plein jour,En agglomération,Hors intersection,Normale,Deux véhicules - côté,,,,,,,,,,,1,2,1,1.0,3.0
201100014600,0011-06-12 07:00:00,11,6,12,7,0,330,199,,,,Crépuscule ou aube,Hors agglomération,Autre intersection,Normale,Deux véhicules - frontale,,,,,,,,,,,2,1,9,1.0,1.0
201100014601,0011-07-29 21:45:00,11,7,29,21,45,330,527,grangeneuve,44.624,-1.03499,Nuit avec éclairage allumé,En agglomération,Giratoire,Normale,Deux véhicules - côté,,,,,,,,,,,5,2,6,1.0,3.0
201100014602,0011-09-09 15:15:00,11,9,9,15,15,330,199,Bd de la c?te d'argent,44.644,-1.04499,Plein jour,En agglomération,Intersection en X,Normale,Deux véhicules - côté,,,,,,,,,,,1,2,2,1.0,3.0
201100014603,0011-01-15 22:30:00,11,1,15,22,30,870,88,ROUTE DE LA GARE,,,Nuit avec éclairage allumé,En agglomération,Giratoire,Normale,Autre collision,,,,,,,,,,,5,2,6,1.0,6.0
201100014604,0011-01-27 06:45:00,11,1,27,6,45,870,88,,45.6063,1.42573,Nuit sans éclairage public,Hors agglomération,Hors intersection,Normale,Autre collision,,,,,,,,,,,3,1,1,1.0,6.0
201100014605,0011-02-06 16:45:00,11,2,6,16,45,870,146,,45.6157,1.47801,Plein jour,Hors agglomération,Hors intersection,Normale,Sans collision,,,,,,,,,,,1,1,1,1.0,7.0
201100014606,0011-05-25 17:30:00,11,5,25,17,30,870,205,,45.7409,1.28454,Plein jour,Hors agglomération,Hors intersection,Normale,Deux véhicules - frontale,,,,,,,,,,,1,1,1,1.0,1.0
201100014607,0011-05-29 01:15:00,11,5,29,1,15,870,19,,,,Nuit sans éclairage public,Hors agglomération,Hors intersection,Normale,Autre collision,,,,,,,,,,,3,1,1,1.0,6.0
201100014608,0011-08-13 22:00:00,11,8,13,22,0,870,146,,,,Nuit sans éclairage public,Hors agglomération,Hors intersection,Normale,Sans collision,,,,,,,,,,,3,1,1,1.0,7.0
201100014609,0011-08-22 10:15:00,11,8,22,10,15,870,203,,45.641,1.37528,Plein jour,Hors agglomération,Hors intersection,Normale,Sans collision,,,,,,,,,,,1,1,1,1.0,7.0
201100014610,0011-11-27 15:00:00,11,11,27,15,0,870,205,,,,Plein jour,Hors agglomération,Hors intersection,Normale,Deux véhicules - frontale,,,,,,,,,,,1,1,1,1.0,1.0
201100014611,0011-01-06 20:30:00,11,1,6,20,30,60,4,RD6007,,,Nuit avec éclairage allumé,En agglomération,Hors intersection,Pluie légère,Autre collision,,,,,,,,,,,5,2,1,2.0,6.0
201100014612,0011-01-10 15:50:00,11,1,10,15,50,60,4,"2222, SAINT CLAUDE CH.DE",,,Plein jour,En agglomération,Hors intersection,Temps couvert,Autre collision,,,,,,,,,,,1,2,1,8.0,6.0
201100014613,0011-01-28 07:20:00,11,1,28,7,20,60,4,DUGOMMIER BD,,,Crépuscule ou aube,En agglomération,Hors intersection,Normale,Autre collision,,,,,,,,,,,2,2,1,1.0,6.0
201100014614,0011-01-28 16:40:00,11,1,28,16,40,60,4,SOLEAU AV.ROBERT,,,Plein jour,En agglomération,Intersection en Y,Normale,Deux véhicules - côté,,,,,,,,,,,1,2,4,1.0,3.0
201100014615,0011-01-30 23:15:00,11,1,30,23,15,60,4,GRASSE RTE DE,,,Nuit avec éclairage allumé,Hors agglomération,Hors intersection,Normale,Sans collision,,,,,,,,,,,5,1,1,1.0,7.0
201100014616,0011-01-31 16:50:00,11,1,31,16,50,60,4,"80, JOANNON RUE JEAN",,,Plein jour,En agglomération,Hors intersection,Normale,Deux véhicules - côté,,,,,,,,,,,1,2,1,1.0,3.0
201100014617,0011-02-01 08:20:00,11,2,1,8,20,60,4,SAINT CLAUDE CH.DE,,,Plein jour,En agglomération,Hors intersection,Normale,Autre collision,,,,,,,,,,,1,2,1,1.0,6.0
201100014618,0011-02-01 19:38:00,11,2,1,19,38,60,155,"45, CANNES AV.DE",,,Nuit sans éclairage public,En agglomération,Hors intersection,Normale,Autre collision,,,,,,,,,,,3,2,1,1.0,6.0
201100014619,0011-02-07 19:15:00,11,2,7,19,15,60,4,"55, CANNES(RN.7) AV.DE",,,Nuit avec éclairage allumé,En agglomération,Giratoire,Normale,Autre collision,,,,,,,,,,,5,2,6,1.0,6.0
201100014620,0011-02-10 16:10:00,11,2,10,16,10,60,4,VAUTRIN BD DU GENERAL,,,Plein jour,En agglomération,Hors intersection,Normale,Autre collision,,,,,,,,,,,1,2,1,1.0,6.0
201100014621,0011-02-12 14:30:00,11,2,12,14,30,60,4,GREC AV.JULES,,,Plein jour,En agglomération,Giratoire,Normale,Deux véhicules - côté,,,,,,,,,,,1,2,6,1.0,3.0
201100014622,0011-02-13 12:30:00,11,2,13,12,30,60,4,"72, NICE(RN.7) AV.ET RTE",,,Plein jour,En agglomération,Hors intersection,Normale,Deux véhicules - côté,,,,,,,,,,,1,2,1,1.0,3.0
201100014623,0011-02-15 13:03:00,11,2,15,13,3,60,155,LIBERTE AV.DE LA,,,Plein jour,En agglomération,Intersection en T,Pluie légère,Deux véhicules - côté,,,,,,,,,,,1,2,3,2.0,3.0
201100014624,0011-02-15 18:25:00,11,2,15,18,25,60,4,CANNES(RN.7) AV.DE,,,Nuit avec éclairage allumé,En agglomération,Intersection en T,Pluie légère,Deux véhicules - côté,,,,,,,,,,,5,2,3,2.0,3.0
201100014625,0011-02-17 11:35:00,11,2,17,11,35,60,155,TAPIS VERT AV.DU,,,Plein jour,En agglomération,Hors intersection,Pluie forte,Autre collision,,,,,,,,,,,1,2,1,3.0,6.0
201100014626,0011-02-18 12:30:00,11,2,18,12,30,60,155,"143, LIBERTE AV.DE LA",,,Plein jour,En agglomération,Hors intersection,Normale,Deux véhicules - frontale,,,,,,,,,,,1,2,1,1.0,1.0
201100014627,0011-02-19 17:40:00,11,2,19,17,40,60,155,"13, SICARD RUE",,,Plein jour,En agglomération,Intersection en X,Normale,Deux véhicules - côté,,,,,,,,,,,1,2,2,1.0,3.0
201100014628,0011-02-21 10:20:00,11,2,21,10,20,60,4,"36, COLLE CH.DE LA",,,Plein jour,En agglomération,Hors intersection,Normale,Autre collision,,,,,,,,,,,1,2,1,1.0,6.0
201100014629,0011-02-25 20:25:00,11,2,25,20,25,60,4,"113, POINCARE BD RAYMOND",,,Nuit avec éclairage allumé,En agglomération,Hors intersection,Normale,Deux véhicules - côté,,,,,,,,,,,5,2,1,1.0,3.0
201100014630,0011-02-26 18:45:00,11,2,26,18,45,60,155,SAINT BERNARD CH.,,,Nuit avec éclairage allumé,En agglomération,Hors intersection,Normale,Deux véhicules - côté,,,,,,,,,,,5,2,1,1.0,3.0
201100014631,0011-03-03 16:10:00,11,3,3,16,10,60,4,"88, WILSON BD",,,Plein jour,En agglomération,Hors intersection,Normale,Autre collision,,,,,,,,,,,1,2,1,1.0,6.0
201100014632,0011-03-19 15:35:00,11,3,19,15,35,60,155,CHALMETTE AV.PIERRE,,,Plein jour,En agglomération,Intersection en T,Normale,Autre collision,,,,,,,,,,,1,2,3,1.0,6.0
201100014633,0011-03-20 16:50:00,11,3,20,16,50,60,155,"54, LIBERTE AV.DE LA",,,Plein jour,En agglomération,Hors intersection,Temps éblouissant,Autre collision,,,,,,,,,,,1,2,1,7.0,6.0
201100014634,0011-03-22 14:54:00,11,3,22,14,54,60,4,"26, ALBERT 1ER BD ET SQU",,,Plein jour,En agglomération,Hors intersection,Normale,Deux véhicules - arrière,,,,,,,,,,,1,2,1,1.0,2.0
201100014635,0011-03-22 18:50:00,11,3,22,18,50,60,4,GRASSE RTE DE,,,Crépuscule ou aube,Hors agglomération,Hors intersection,Normale,Autre collision,,,,,,,,,,,2,1,1,1.0,6.0
201100014636,0011-03-24 20:20:00,11,3,24,20,20,60,155,"1856, SAINT BERNARD CH.",,,Nuit avec éclairage allumé,En agglomération,Hors intersection,Normale,Deux véhicules - frontale,,,,,,,,,,,5,2,1,1.0,1.0
201100014637,0011-03-30 16:20:00,11,3,30,16,20,60,155,LIBERTE AV.DE LA,,,Plein jour,En agglomération,Hors intersection,Normale,Deux véhicules - arrière,,,,,,,,,,,1,2,1,1.0,2.0
201100014638,0011-03-31 16:20:00,11,3,31,16,20,60,4,"1410, VALLAURIS CH.DE",,,Plein jour,En agglomération,Hors intersection,Normale,Deux véhicules - arrière,,,,,,,,,,,1,2,1,1.0,2.0
201100014639,0011-04-01 08:00:00,11,4,1,8,0,60,4,NICE(RN.7) AV.ET RTE DE,,,Plein jour,En agglomération,Hors intersection,Normale,Deux véhicules - arrière,,,,,,,,,,,1,2,1,1.0,2.0
201100014640,0011-04-01 18:45:00,11,4,1,18,45,60,4,ALBERT 1ER BD ET SQUARE,,,Plein jour,En agglomération,Hors intersection,Normale,Autre collision,,,,,,,,,,,1,2,1,1.0,6.0
201100014641,0011-04-01 11:30:00,11,4,1,11,30,60,4,WILSON BD,,,Plein jour,En agglomération,Hors intersection,Normale,Autre collision,,,,,,,,,,,1,2,1,1.0,6.0
201100014642,0011-04-03 04:31:00,11,4,3,4,31,60,4,R.N.98 BORD DE MER SIEST,,,Nuit avec éclairage allumé,En agglomération,Hors intersection,Normale,Autre collision,,,,,,,,,,,5,2,1,1.0,6.0
201100014643,0011-04-22 08:30:00,11,4,22,8,30,60,4,"55, CANNES(RN.7) AV.DE",,,Plein jour,En agglomération,Hors intersection,Normale,Deux véhicules - frontale,,,,,,,,,,,1,2,1,1.0,1.0
201100014644,0011-04-23 19:40:00,11,4,23,19,40,60,155,"15, MARTYRS DE LA RESIST",,,Plein jour,En agglomération,Hors intersection,Normale,Autre collision,,,,,,,,,,,1,2,1,1.0,6.0
201100014645,0011-04-29 21:50:00,11,4,29,21,50,60,155,"190, CANNES RTE DE",,,Nuit avec éclairage allumé,En agglomération,Hors intersection,Normale,Deux véhicules - côté,,,,,,,,,,,5,2,1,1.0,3.0
201100014646,0011-04-28 11:20:00,11,4,28,11,20,60,4,"74, WILSON BD",,,Plein jour,En agglomération,Intersection en X,Normale,Autre collision,,,,,,,,,,,1,2,2,1.0,6.0
201100014647,0011-05-13 21:40:00,11,5,13,21,40,60,4,SAINT CLAUDE CH.DE,,,Nuit avec éclairage allumé,En agglomération,Intersection en T,Normale,Deux véhicules - côté,,,,,,,,,,,5,2,3,1.0,3.0
201100014648,0011-05-16 13:30:00,11,5,16,13,30,60,4,RD6098,,,Plein jour,En agglomération,Hors intersection,Normale,Autre collision,,,,,,,,,,,1,2,1,1.0,6.0
201100014649,0011-05-23 15:35:00,11,5,23,15,35,60,4,"8, VERDUN AV.DE",,,Plein jour,En agglomération,Hors intersection,Normale,Deux véhicules - côté,,,,,,,,,,,1,2,1,1.0,3.0
201100014650,0011-05-26 16:30:00,11,5,26,16,30,60,4,RD6098,,,Plein jour,Hors agglomération,Hors intersection,Normale,Deux véhicules - côté,,,,,,,,,,,1,1,1,1.0,3.0
201100014651,0011-05-28 09:45:00,11,5,28,9,45,60,4,OLIVIERS CH.DES,,,Plein jour,En agglomération,Intersection en T,Normale,Autre collision,,,,,,,,,,,1,2,3,1.0,6.0
201100014652,0011-05-28 11:30:00,11,5,28,11,30,60,4,"72, POINCARE BD RAYMOND",,,Plein jour,En agglomération,Hors intersection,Normale,Autre collision,,,,,,,,,,,1,2,1,1.0,6.0
201100014653,0011-05-29 20:30:00,11,5,29,20,30,60,4,SOLEAU AV.ROBERT,,,Plein jour,En agglomération,Hors intersection,Normale,Deux véhicules - arrière,,,,,,,,,,,1,2,1,1.0,2.0
201100014654,0011-05-30 17:40:00,11,5,30,17,40,60,155,"7, BELGIQUE AV.DE",,,Plein jour,En agglomération,Intersection en T,Normale,Autre collision,,,,,,,,,,,1,2,3,1.0,6.0
201100014655,0011-06-03 17:05:00,11,6,3,17,5,60,4,NICE(RN.7) AV.ET RTE DE,,,Plein jour,En agglomération,Hors intersection,Normale,Trois véhicules et plus - en chaîne,,,,,,,,,,,1,2,1,1.0,4.0
201100014656,0011-06-08 11:00:00,11,6,8,11,0,60,4,GRASSE RTE DE,,,Plein jour,Hors agglomération,Hors intersection,Normale,Autre collision,,,,,,,,,,,1,1,1,1.0,6.0
201100014657,0011-06-10 16:38:00,11,6,10,16,38,60,4,SAINT CLAUDE CH.DE,,,Plein jour,En agglomération,Hors intersection,Normale,Autre collision,,,,,,,,,,,1,2,1,1.0,6.0
201100014658,0011-06-17 23:46:00,11,6,17,23,46,60,4,"2257, MICHARD PELISSIER",,,Nuit avec éclairage allumé,En agglomération,Hors intersection,Normale,Sans collision,,,,,,,,,,,5,2,1,1.0,7.0
201100014659,0011-06-21 16:05:00,11,6,21,16,5,60,4,RD6098,,,Plein jour,En agglomération,Hors intersection,Normale,Deux véhicules - arrière,,,,,,,,,,,1,2,1,1.0,2.0
201100014660,0011-06-23 16:50:00,11,6,23,16,50,60,4,TROIS MOULINS RUE DES,,,Plein jour,En agglomération,Intersection en T,Normale,Deux véhicules - côté,,,,,,,,,,,1,2,3,1.0,3.0
201100014661,0011-06-24 18:30:00,11,6,24,18,30,60,4,"172, KENNEDY BD J.F.",,,Plein jour,En agglomération,Hors intersection,Normale,Deux véhicules - côté,,,,,,,,,,,1,2,1,1.0,3.0
201100014662,0011-07-05 20:00:00,11,7,5,20,0,60,4,RD6098,,,Plein jour,Hors agglomération,Hors intersection,Normale,Deux véhicules - côté,,,,,,,,,,,1,1,1,1.0,3.0
201100014663,0011-07-07 19:05:00,11,7,7,19,5,60,4,NICE(RN.7) AV.ET RTE DE,,,Plein jour,En agglomération,Intersection en T,Normale,Deux véhicules - côté,,,,,,,,,,,1,2,3,1.0,3.0
201100014664,0011-07-09 14:10:00,11,7,9,14,10,60,4,NICE(RN.7) AV.ET RTE DE,,,Plein jour,En agglomération,Hors intersection,Normale,Autre collision,,,,,,,,,,,1,2,1,1.0,6.0
201100014665,0011-07-18 14:20:00,11,7,18,14,20,60,4,ALGER RUE D',,,Plein jour,En agglomération,Intersection en X,Normale,Trois véhicules et plus - collisions multiples,,,,,,,,,,,1,2,2,1.0,5.0
201100014666,0011-07-21 10:25:00,11,7,21,10,25,60,4,GRASSE RTE DE,,,Plein jour,En agglomération,Hors intersection,Normale,Autre collision,,,,,,,,,,,1,2,1,1.0,6.0
201100014667,0011-07-16 16:30:00,11,7,16,16,30,60,4,BACON BD DU ET BD GARDIO,,,Plein jour,En agglomération,Hors intersection,Normale,Deux véhicules - frontale,,,,,,,,,,,1,2,1,1.0,1.0
201100014668,0011-07-24 21:00:00,11,7,24,21,0,60,155,"141, LIBERTE AV.DE LA",,,Nuit avec éclairage allumé,En agglomération,Hors intersection,Normale,Autre collision,,,,,,,,,,,5,2,1,1.0,6.0
201100014669,0011-07-30 00:50:00,11,7,30,0,50,60,4,"29, DUGOMMIER BD",,,Nuit avec éclairage allumé,En agglomération,Hors intersection,Normale,Deux véhicules - côté,,,,,,,,,,,5,2,1,1.0,3.0
201100014670,0011-08-01 13:15:00,11,8,1,13,15,60,155,SAINT BERNARD CH.,,,Plein jour,Hors agglomération,Hors intersection,Normale,Deux véhicules - frontale,,,,,,,,,,,1,1,1,1.0,1.0
201100014671,0011-08-04 17:30:00,11,8,4,17,30,60,4,GRASSE RTE DE,,,Plein jour,Hors agglomération,Hors intersection,Normale,Trois véhicules et plus - en chaîne,,,,,,,,,,,1,1,1,1.0,4.0
201100014672,0011-08-09 18:20:00,11,8,9,18,20,60,4,"1123, GAROUPE BD DE LA",,,Plein jour,En agglomération,Hors intersection,Normale,Sans collision,,,,,,,,,,,1,2,1,1.0,7.0
201100014673,0011-08-10 15:30:00,11,8,10,15,30,60,4,"44, CANNES(RN.7) AV.DE",,,Plein jour,Hors agglomération,Hors intersection,Normale,Deux véhicules - côté,,,,,,,,,,,1,1,1,1.0,3.0
201100014674,0011-08-10 20:00:00,11,8,10,20,0,60,4,MALESPINE AV.,,,Plein jour,En agglomération,Intersection en X,Normale,Deux véhicules - côté,,,,,,,,,,,1,2,2,1.0,3.0
201100014675,0011-08-11 12:20:00,11,8,11,12,20,60,4,REPUBLIQUE RUE DE LA,,,Plein jour,En agglomération,Hors intersection,Normale,Autre collision,,,,,,,,,,,1,2,1,1.0,6.0
201100014676,0011-08-23 07:50:00,11,8,23,7,50,60,4,PAROUQUINE CH.DE LA,,,Plein jour,En agglomération,Hors intersection,Normale,Deux véhicules - côté,,,,,,,,,,,1,2,1,1.0,3.0
201100014677,0011-08-23 20:40:00,11,8,23,20,40,60,4,"13, ALPES AV.DES",,,Nuit avec éclairage allumé,En agglomération,Hors intersection,Normale,Autre collision,,,,,,,,,,,5,2,1,1.0,6.0
201100014678,0011-08-27 22:05:00,11,8,27,22,5,60,155,"150, GROS CH.CHARLES",,,Nuit avec éclairage allumé,En agglomération,Hors intersection,Normale,Autre collision,,,,,,,,,,,5,2,1,1.0,6.0
201100014679,0011-08-28 13:15:00,11,8,28,13,15,60,4,RD6007,,,Plein jour,Hors agglomération,Hors intersection,Normale,Deux véhicules - arrière,,,,,,,,,,,1,1,1,1.0,2.0
201100014680,0011-09-01 23:30:00,11,9,1,23,30,60,4,"95, POINCARE BD RAYMOND.",,,Nuit avec éclairage allumé,En agglomération,Intersection en X,Normale,Deux véhicules - côté,,,,,,,,,,,5,2,2,1.0,3.0
201100014681,0011-09-03 19:00:00,11,9,3,19,0,60,4,"620, RABIAC ESTAGNOL CH.",,,Plein jour,En agglomération,Hors intersection,Temps couvert,Deux véhicules - côté,,,,,,,,,,,1,2,1,8.0,3.0
201100014682,0011-09-08 07:45:00,11,9,8,7,45,60,4,REIBAUD AV.,,,Plein jour,En agglomération,Intersection en T,Normale,Deux véhicules - côté,,,,,,,,,,,1,2,3,1.0,3.0
201100014683,0011-09-11 10:10:00,11,9,11,10,10,60,4,BRETON BD ANDRE,,,Plein jour,En agglomération,Hors intersection,Normale,Autre collision,,,,,,,,,,,1,2,1,1.0,6.0
201100014684,0011-09-18 17:30:00,11,9,18,17,30,60,4,CANNES(RN.7) AV.DE,,,Plein jour,En agglomération,Hors intersection,Normale,Deux véhicules - côté,,,,,,,,,,,1,2,1,1.0,3.0
201100014685,0011-09-20 14:30:00,11,9,20,14,30,60,4,NICE(RN.7) AV.ET RTE DE,,,Plein jour,En agglomération,Hors intersection,Normale,Deux véhicules - côté,,,,,,,,,,,1,2,1,1.0,3.0
201100014686,0011-09-23 20:25:00,11,9,23,20,25,60,4,CHANCEL BD,,,Nuit avec éclairage allumé,En agglomération,Intersection en T,Normale,Deux véhicules - côté,,,,,,,,,,,5,2,3,1.0,3.0
201100014687,0011-09-25 06:00:00,11,9,25,6,0,60,4,CANNES(RN.7) AV.DE,,,Nuit avec éclairage allumé,En agglomération,Hors intersection,Pluie légère,Sans collision,,,,,,,,,,,5,2,1,2.0,7.0
201100014688,0011-10-02 02:50:00,11,10,2,2,50,60,4,"1530, CLAUDE CH.DE ST",,,Nuit avec éclairage allumé,En agglomération,Hors intersection,Normale,Autre collision,,,,,,,,,,,5,2,1,1.0,6.0
201100014689,0011-10-03 17:35:00,11,10,3,17,35,60,155,HORIZONS BD DES,,,Plein jour,En agglomération,Hors intersection,Normale,Deux véhicules - frontale,,,,,,,,,,,1,2,1,1.0,1.0
201100014690,0011-10-04 17:35:00,11,10,4,17,35,60,4,"129, POINCARE BD RAYMOND",,,Plein jour,En agglomération,Hors intersection,Normale,Deux véhicules - arrière,,,,,,,,,,,1,2,1,1.0,2.0
201100014691,0011-10-08 19:30:00,11,10,8,19,30,60,4,"333, PETIT FOUR CH.DU",,,Nuit avec éclairage allumé,En agglomération,Intersection en T,Normale,Deux véhicules - côté,,,,,,,,,,,5,2,3,1.0,3.0
201100014692,0011-10-07 19:00:00,11,10,7,19,0,60,155,GRASSE AV.ET ROUTE,,,Nuit sans éclairage public,En agglomération,Hors intersection,Normale,Deux véhicules - frontale,,,,,,,,,,,3,2,1,1.0,1.0
201100014693,0011-10-11 12:00:00,11,10,11,12,0,60,4,NATIONS  BD DES,,,Plein jour,En agglomération,Hors intersection,Normale,Autre collision,,,,,,,,,,,1,2,1,1.0,6.0
201100014694,0011-10-21 12:20:00,11,10,21,12,20,60,4,NICE(RN.7) AV.ET RTE DE,,,Plein jour,Hors agglomération,Hors intersection,Normale,Deux véhicules - arrière,,,,,,,,,,,1,1,1,1.0,2.0
201100014695,0011-10-28 10:45:00,11,10,28,10,45,60,155,"1887, SAINT BERNARD CH.",,,Plein jour,En agglomération,Hors intersection,Normale,Deux véhicules - côté,,,,,,,,,,,1,2,1,1.0,3.0
201100014696,0011-10-28 18:25:00,11,10,28,18,25,60,155,ROUVIER BD MAURICE,,,Crépuscule ou aube,En agglomération,Intersection en X,Normale,Deux véhicules - arrière,,,,,,,,,,,2,2,2,1.0,2.0
201100014697,0011-10-28 16:45:00,11,10,28,16,45,60,155,"690, LIBERTE AV.DE LA",,,Plein jour,Hors agglomération,Hors intersection,Normale,Deux véhicules - côté,,,,,,,,,,,1,1,1,1.0,3.0
201100014698,0011-11-03 21:45:00,11,11,3,21,45,60,4,"122, WILSON BD",,,Nuit sans éclairage public,En agglomération,Hors intersection,Pluie légère,Deux véhicules - côté,,,,,,,,,,,3,2,1,2.0,3.0
201100014699,0011-11-07 20:30:00,11,11,7,20,30,60,4,VAUTRIN BD DU GENERAL,,,Nuit avec éclairage allumé,En agglomération,Hors intersection,Normale,Autre collision,,,,,,,,,,,5,2,1,1.0,6.0
201100014700,0011-11-10 18:35:00,11,11,10,18,35,60,4,CLAUDE CH.DE ST,,,Nuit avec éclairage allumé,En agglomération,Intersection en T,Normale,Deux véhicules - côté,,,,,,,,,,,5,2,3,1.0,3.0