accident_id,datetime,annee,mois,jour,heure,minute,departement,commune_insee,adresse,latitude,longitude,luminosite,agglomeration,intersection,meteo,collision,nb_vehicules,nb_usagers,nb_indemnes,nb_tues,nb_blesses_hosp,nb_blesses_legers,age_cond_1,age_cond_2,veh_type_cond_1,veh_type_cond_2,lum_code,agg_code,int_code,atm_code,col_code
201100014829,0011-08-05 17:00:00,11,8,5,17,0,60,27,"50 BIS, VALLON DES VAUX",,,Plein jour,En agglomération,Hors intersection,Normale,Deux véhicules - côté,,,,,,,,,,,1,2,1,1.0,3.0
201100014830,0011-08-10 23:10:00,11,8,10,23,10,60,27,NICE AVENUE DE (RN7),,,Nuit avec éclairage allumé,En agglomération,Intersection en X,Normale,Deux véhicules - arrière,,,,,,,,,,,5,2,2,1.0,2.0
201100014831,0011-08-14 13:30:00,11,8,14,13,30,60,27,GAUDE AVENUE DE LA,,,Plein jour,Hors agglomération,Hors intersection,Normale,Deux véhicules - côté,,,,,,,,,,,1,1,1,1.0,3.0
201100014832,0011-08-15 11:50:00,11,8,15,11,50,60,123,"425, FAHNESTOCK G. CORNI",,,Plein jour,En agglomération,Hors intersection,Normale,Deux véhicules - côté,,,,,,,,,,,1,2,1,1.0,3.0
201100014833,0011-08-19 09:15:00,11,8,19,9,15,60,27,BREGUIERES AVENUE DES,,,Plein jour,En agglomération,Intersection en T,Normale,Sans collision,,,,,,,,,,,1,2,3,1.0,7.0
201100014834,0011-08-19 23:45:00,11,8,19,23,45,60,123,DE GAULLE GENERAL AVENUE,,,Nuit avec éclairage allumé,En agglomération,Hors intersection,Normale,Autre collision,,,,,,,,,,,5,2,1,1.0,6.0
201100014835,0011-08-21 17:15:00,11,8,21,17,15,60,123,"181, CEZANNE PAUL AVENUE",,,Plein jour,En agglomération,Hors intersection,Normale,Deux véhicules - côté,,,,,,,,,,,1,2,1,1.0,3.0
201100014836,0011-08-24 09:30:00,11,8,24,9,30,60,27,"23, SERRE AVENUE DE LA",,,Plein jour,En agglomération,Hors intersection,Normale,Autre collision,,,,,,,,,,,1,2,1,1.0,6.0
201100014837,0011-08-25 08:25:00,11,8,25,8,25,60,123,"891, FAHNESTOCK G. CORNI",,,Plein jour,En agglomération,Hors intersection,Normale,Trois véhicules et plus - en chaîne,,,,,,,,,,,1,2,1,1.0,4.0
201100014838,0011-08-27 09:40:00,11,8,27,9,40,60,123,"108, PUGETS AVENUE DES",,,Plein jour,En agglomération,Intersection en T,Normale,Deux véhicules - côté,,,,,,,,,,,1,2,3,1.0,3.0
201100014839,0011-08-27 19:00:00,11,8,27,19,0,60,27,JAURES AVENUE JEAN,,,Plein jour,En agglomération,Intersection en T,Normale,Deux véhicules - côté,,,,,,,,,,,1,2,3,1.0,3.0
201100014840,0011-08-28 15:20:00,11,8,28,15,20,60,27,"3, PLAGE BOULEVARD DE LA",,,Plein jour,En agglomération,Hors intersection,Normale,Trois véhicules et plus - collisions multiples,,,,,,,,,,,1,2,1,1.0,5.0
201100014841,0011-08-28 18:40:00,11,8,28,18,40,60,27,NICE AVENUE DE (RN7),,,Plein jour,En agglomération,Hors intersection,Normale,Trois véhicules et plus - collisions multiples,,,,,,,,,,,1,2,1,1.0,5.0
201100014842,0011-08-29 17:10:00,11,8,29,17,10,60,123,AICARD AVENUE,,,Plein jour,En agglomération,Giratoire,Normale,Deux véhicules - arrière,,,,,,,,,,,1,2,6,1.0,2.0
201100014843,0011-09-05 08:00:00,11,9,5,8,0,60,27,VAL FLEURI CHEMIN DU,,,Plein jour,En agglomération,Intersection en T,Normale,Deux véhicules - côté,,,,,,,,,,,1,2,3,1.0,3.0
201100014844,0011-09-06 08:00:00,11,9,6,8,0,60,27,CHENES AVENUE DES,,,Plein jour,En agglomération,Intersection en X,Normale,Deux véhicules - côté,,,,,,,,,,,1,2,2,1.0,3.0
201100014845,0011-09-08 23:30:00,11,9,8,23,30,60,27,PLAGE BOULEVARD DE LA,,,Nuit avec éclairage allumé,En agglomération,Intersection en T,Normale,Deux véhicules - arrière,,,,,,,,,,,5,2,3,1.0,2.0
201100014846,0011-09-13 08:50:00,11,9,13,8,50,60,27,PLAGE BOULEVARD DE LA,,,Plein jour,En agglomération,Intersection en T,Normale,Deux véhicules - arrière,,,,,,,,,,,1,2,3,1.0,2.0
201100014847,0011-09-13 16:45:00,11,9,13,16,45,60,27,"92, BESSET AVENUE CYRILL",,,Plein jour,En agglomération,Hors intersection,Normale,Autre collision,,,,,,,,,,,1,2,1,1.0,6.0
201100014848,0011-09-13 17:00:00,11,9,13,17,0,60,123,VESPINS ROUTE DES,,,Plein jour,En agglomération,Intersection en T,Normale,Deux véhicules - côté,,,,,,,,,,,1,2,3,1.0,3.0
201100014849,0011-09-13 20:25:00,11,9,13,20,25,60,123,DE GAULLE GENERAL AVENUE,,,Nuit avec éclairage allumé,En agglomération,Intersection en T,Normale,Deux véhicules - côté,,,,,,,,,,,5,2,3,1.0,3.0
201100014850,0011-09-14 10:10:00,11,9,14,10,10,60,123,"40, ORANGERS AVENUE DES",,,Plein jour,En agglomération,Hors intersection,Normale,Deux véhicules - côté,,,,,,,,,,,1,2,1,1.0,3.0
201100014851,0011-09-21 08:05:00,11,9,21,8,5,60,123,MAICON PROMENADE,,,Plein jour,En agglomération,Hors intersection,Normale,Autre collision,,,,,,,,,,,1,2,1,1.0,6.0
201100014852,0011-09-22 08:50:00,11,9,22,8,50,60,27,"60, NICE AVENUE DE (RN7)",,,Plein jour,En agglomération,Hors intersection,Normale,Deux véhicules - côté,,,,,,,,,,,1,2,1,1.0,3.0
201100014853,0011-09-26 12:00:00,11,9,26,12,0,60,27,OUVEA ROND POINT DES GEN,,,Plein jour,En agglomération,Giratoire,Normale,Deux véhicules - côté,,,,,,,,,,,1,2,6,1.0,3.0
201100014854,0011-10-01 21:00:00,11,10,1,21,0,60,27,NICE AVENUE DE (RN7),,,Nuit avec éclairage allumé,En agglomération,Intersection en T,Normale,Deux véhicules - côté,,,,,,,,,,,5,2,3,1.0,3.0
201100014855,0011-10-03 14:15:00,11,10,3,14,15,60,27,BESSET AVENUE CYRILLE,,,Plein jour,En agglomération,Intersection en T,Normale,Deux véhicules - frontale,,,,,,,,,,,1,2,3,1.0,1.0
201100014856,0011-10-04 17:00:00,11,10,4,17,0,60,27,"41, TUILIERES AVENUE DES",,,Plein jour,En agglomération,Hors intersection,Normale,Autre collision,,,,,,,,,,,1,2,1,1.0,6.0
201100014857,0011-10-06 08:05:00,11,10,6,8,5,60,123,"173, ISCLES CHEMIN DES",,,Plein jour,En agglomération,Hors intersection,Normale,Trois véhicules et plus - collisions multiples,,,,,,,,,,,1,2,1,1.0,5.0
201100014858,0011-10-06 11:15:00,11,10,6,11,15,60,27,"93, BESSET AVENUE CYRILL",,,Plein jour,En agglomération,Hors intersection,Normale,Deux véhicules - côté,,,,,,,,,,,1,2,1,1.0,3.0
201100014859,0011-10-06 21:05:00,11,10,6,21,5,60,27,ESPARTES CHEMIN DES,,,Nuit avec éclairage allumé,En agglomération,Hors intersection,Normale,Deux véhicules - côté,,,,,,,,,,,5,2,1,1.0,3.0
201100014860,0011-10-07 15:35:00,11,10,7,15,35,60,27,"12, JUIN BOULEVARD MAREC",,,Plein jour,En agglomération,Hors intersection,Normale,Deux véhicules - côté,,,,,,,,,,,1,2,1,1.0,3.0
201100014861,0011-10-07 21:45:00,11,10,7,21,45,60,123,"339, SAUVAIGO PIERRE AVE",,,Nuit avec éclairage allumé,En agglomération,Hors intersection,Normale,Autre collision,,,,,,,,,,,5,2,1,1.0,6.0
201100014862,0011-10-10 16:30:00,11,10,10,16,30,60,27,"19, TRAVAILS CHEMIN DES",,,Plein jour,En agglomération,Hors intersection,Normale,Deux véhicules - côté,,,,,,,,,,,1,2,1,1.0,3.0
201100014863,0011-10-11 16:20:00,11,10,11,16,20,60,27,"91, BESSET AVENUE CYRILL",,,Plein jour,En agglomération,Hors intersection,Normale,Autre collision,,,,,,,,,,,1,2,1,1.0,6.0
201100014864,0011-10-11 18:15:00,11,10,11,18,15,60,123,"20, BERENGER LEON AVENUE",,,Plein jour,En agglomération,Hors intersection,Normale,Autre collision,,,,,,,,,,,1,2,1,1.0,6.0
201100014865,0011-10-11 21:50:00,11,10,11,21,50,60,27,PLAGE BOULEVARD DE LA,,,Nuit avec éclairage allumé,En agglomération,Hors intersection,Normale,Deux véhicules - arrière,,,,,,,,,,,5,2,1,1.0,2.0
201100014866,0011-10-13 12:05:00,11,10,13,12,5,60,123,BORD DE MER RN 98,,,Plein jour,En agglomération,Hors intersection,Normale,Autre collision,,,,,,,,,,,1,2,1,1.0,6.0
201100014867,0011-10-14 16:45:00,11,10,14,16,45,60,123,"226, DE GAULLE GENERAL A",,,Plein jour,En agglomération,Hors intersection,Normale,Deux véhicules - côté,,,,,,,,,,,1,2,1,1.0,3.0
201100014868,0011-10-15 13:45:00,11,10,15,13,45,60,123,"436, LIBERATION AVENUE D",,,Plein jour,En agglomération,Hors intersection,Normale,Autre collision,,,,,,,,,,,1,2,1,1.0,6.0
201100014869,0011-10-17 17:40:00,11,10,17,17,40,60,27,GARIGLIANO RUE DU,,,Plein jour,En agglomération,Intersection en X,Normale,Autre collision,,,,,,,,,,,1,2,2,1.0,6.0
201100014870,0011-10-17 20:05:00,11,10,17,20,5,60,27,"72, BESSET AVENUE CYRILL",,,Nuit avec éclairage allumé,En agglomération,Hors intersection,Normale,Sans collision,,,,,,,,,,,5,2,1,1.0,7.0
201100014871,0011-10-17 20:30:00,11,10,17,20,30,60,123,JUIN MARECHAL AVENUE,,,Nuit avec éclairage allumé,En agglomération,Hors intersection,Normale,Deux véhicules - côté,,,,,,,,,,,5,2,1,1.0,3.0
201100014872,0011-10-18 09:05:00,11,10,18,9,5,60,27,NEGRE IMPASSE,,,Plein jour,En agglomération,Intersection en T,Normale,Deux véhicules - côté,,,,,,,,,,,1,2,3,1.0,3.0
201100014873,0011-10-19 18:40:00,11,10,19,18,40,60,27,"98, NICE AVENUE DE (RN7)",,,Nuit avec éclairage allumé,En agglomération,Hors intersection,Pluie forte,Autre collision,,,,,,,,,,,5,2,1,3.0,6.0
201100014874,0011-10-21 15:10:00,11,10,21,15,10,60,27,BUGADIERES ALLEE DES,,,Plein jour,En agglomération,Hors intersection,Normale,Autre collision,,,,,,,,,,,1,2,1,1.0,6.0
201100014875,0011-10-24 19:00:00,11,10,24,19,0,60,27,"28, TUILIERES AVENUE DES",,,Nuit avec éclairage allumé,En agglomération,Hors intersection,Pluie légère,Deux véhicules - frontale,,,,,,,,,,,5,2,1,2.0,1.0
201100014876,0011-10-26 17:50:00,11,10,26,17,50,60,27,ST LAURENT CHEMIN DE,,,Plein jour,En agglomération,Intersection en T,Normale,Deux véhicules - côté,,,,,,,,,,,1,2,3,1.0,3.0
201100014877,0011-10-27 06:50:00,11,10,27,6,50,60,27,NICE AVENUE DE (RN7),,,Plein jour,En agglomération,Intersection en T,Normale,Deux véhicules - côté,,,,,,,,,,,1,2,3,1.0,3.0
201100014878,0011-10-31 18:00:00,11,10,31,18,0,60,123,BORD DE MER RN 98,,,Nuit avec éclairage allumé,En agglomération,Hors intersection,Normale,Deux véhicules - côté,,,,,,,,,,,5,2,1,1.0,3.0
201100014879,0011-11-02 10:45:00,11,11,2,10,45,60,27,SERRE AVENUE DE LA,,,Plein jour,En agglomération,Intersection en T,Normale,Deux véhicules - côté,,,,,,,,,,,1,2,3,1.0,3.0
201100014880,0011-11-07 17:00:00,11,11,7,17,0,60,27,"124, NICE AVENUE DE (RN7",,,Nuit avec éclairage allumé,En agglomération,Hors intersection,Normale,Trois véhicules et plus - en chaîne,,,,,,,,,,,5,2,1,1.0,4.0
201100014881,0011-11-08 13:30:00,11,11,8,13,30,60,27,BIR HAKEIM RUE,,,Plein jour,En agglomération,Hors intersection,Normale,Deux véhicules - côté,,,,,,,,,,,1,2,1,1.0,3.0
201100014882,0011-11-08 18:15:00,11,11,8,18,15,60,27,"37, VERDUN AVENUE DE",,,Nuit avec éclairage allumé,En agglomération,Hors intersection,Pluie forte,Autre collision,,,,,,,,,,,5,2,1,3.0,6.0
201100014883,0011-11-10 11:30:00,11,11,10,11,30,60,123,"2028, PLATEAUX FLEURIS C",,,Plein jour,En agglomération,Hors intersection,Normale,Deux véhicules - côté,,,,,,,,,,,1,2,1,1.0,3.0
201100014884,0011-11-12 14:50:00,11,11,12,14,50,60,27,"116, PLAGE BOULEVARD DE",,,Plein jour,En agglomération,Hors intersection,Normale,Deux véhicules - côté,,,,,,,,,,,1,2,1,1.0,3.0
201100014885,0011-11-15 17:05:00,11,11,15,17,5,60,27,VAL FLEURI CHEMIN DU,,,Plein jour,En agglomération,Intersection en T,Normale,Trois véhicules et plus - collisions multiples,,,,,,,,,,,1,2,3,1.0,5.0
201100014886,0011-11-17 17:50:00,11,11,17,17,50,60,27,NICE AVENUE DE (RN7),,,Nuit avec éclairage allumé,En agglomération,Hors intersection,Normale,Autre collision,,,,,,,,,,,5,2,1,1.0,6.0
201100014887,0011-11-17 19:40:00,11,11,17,19,40,60,27,VAL FLEURI CHEMIN DU,,,Nuit avec éclairage allumé,En agglomération,Intersection en X,Normale,Deux véhicules - côté,,,,,,,,,,,5,2,2,1.0,3.0
201100014888,0011-11-18 20:40:00,11,11,18,20,40,60,27,BESSET AVENUE CYRILLE,,,Nuit avec éclairage allumé,En agglomération,Intersection en T,Normale,Deux véhicules - côté,,,,,,,,,,,5,2,3,1.0,3.0
201100014889,0011-11-20 16:45:00,11,11,20,16,45,60,27,NICE AVENUE DE (RN7),,,Crépuscule ou aube,En agglomération,Intersection en X,Normale,Deux véhicules - côté,,,,,,,,,,,2,2,2,1.0,3.0
201100014890,0011-11-21 07:20:00,11,11,21,7,20,60,27,ST LAURENT CHEMIN DE,,,Crépuscule ou aube,En agglomération,Intersection en X,Normale,Deux véhicules - côté,,,,,,,,,,,2,2,2,1.0,3.0
201100014891,0011-11-23 12:15:00,11,11,23,12,15,60,27,TUILIERES AVENUE DES,,,Plein jour,En agglomération,Hors intersection,Normale,Deux véhicules - côté,,,,,,,,,,,1,2,1,1.0,3.0
201100014892,0011-11-23 15:15:00,11,11,23,15,15,60,123,COUBERTIN PIERRE DE AVEN,,,Plein jour,En agglomération,Hors intersection,Normale,Autre collision,,,,,,,,,,,1,2,1,1.0,6.0
201100014893,0011-11-26 11:20:00,11,11,26,11,20,60,27,MISTRAL AVENUE FREDERIC,,,Plein jour,En agglomération,Intersection en X,Normale,Deux véhicules - côté,,,,,,,,,,,1,2,2,1.0,3.0
201100014894,0011-11-24 12:00:00,11,11,24,12,0,60,123,DE GAULLE GENERAL AVENUE,,,Plein jour,En agglomération,Intersection en T,Normale,Deux véhicules - côté,,,,,,,,,,,1,2,3,1.0,3.0
201100014895,0011-11-29 11:50:00,11,11,29,11,50,60,123,"4, ANCIEN PONT RUE DE L'",,,Plein jour,En agglomération,Intersection en T,Normale,Autre collision,,,,,,,,,,,1,2,3,1.0,6.0
201100014896,0011-11-29 10:45:00,11,11,29,10,45,60,123,"591, AICARD AVENUE",,,Plein jour,En agglomération,Hors intersection,Normale,Deux véhicules - côté,,,,,,,,,,,1,2,1,1.0,3.0
201100014897,0011-11-29 19:45:00,11,11,29,19,45,60,123,"296, PUGETS ROUTE DES",,,Nuit avec éclairage allumé,En agglomération,Hors intersection,Normale,Deux véhicules - frontale,,,,,,,,,,,5,2,1,1.0,1.0
201100014898,0011-11-30 12:50:00,11,11,30,12,50,60,123,"751, SAUVAIGO PIERRE AVE",,,Plein jour,En agglomération,Hors intersection,Normale,Deux véhicules - côté,,,,,,,,,,,1,2,1,1.0,3.0
201100014899,0011-11-30 22:30:00,11,11,30,22,30,60,123,BORD DE MER RN 98,,,Nuit avec éclairage allumé,En agglomération,Hors intersection,Normale,Sans collision,,,,,,,,,,,5,2,1,1.0,7.0
201100014900,0011-12-02 06:10:00,11,12,2,6,10,60,27,NICE AVENUE DE (RN7),,,Crépuscule ou aube,En agglomération,Intersection en X,Normale,Deux véhicules - frontale,,,,,,,,,,,2,2,2,1.0,1.0
201100014901,0011-12-02 13:30:00,11,12,2,13,30,60,27,"112, PLAGE BOULEVARD DE",,,Plein jour,En agglomération,Hors intersection,Pluie légère,Deux véhicules - arrière,,,,,,,,,,,1,2,1,2.0,2.0
201100014902,0011-12-05 13:20:00,11,12,5,13,20,60,123,"521, LIBERATION AVENUE D",,,Plein jour,En agglomération,Hors intersection,Normale,Autre collision,,,,,,,,,,,1,2,1,1.0,6.0
201100014903,0011-12-08 11:00:00,11,12,8,11,0,60,123,"1829, CURIE PIERRE ET MA",,,Plein jour,En agglomération,Intersection en T,Normale,Deux véhicules - côté,,,,,,,,,,,1,2,3,1.0,3.0
201100014904,0011-12-09 11:00:00,11,12,9,11,0,60,123,"3184, PUGETS MOYENNE COR",,,Plein jour,Hors agglomération,Hors intersection,Normale,Autre collision,,,,,,,,,,,1,1,1,1.0,6.0
201100014905,0011-12-09 13:00:00,11,12,9,13,0,60,27,CANNES AVENUE DE (RN7),,,Plein jour,En agglomération,Hors intersection,Normale,Deux véhicules - arrière,,,,,,,,,,,1,2,1,1.0,2.0
201100014906,0011-12-10 15:00:00,11,12,10,15,0,60,123,CURIE PIERRE ET MARIE AV,,,Plein jour,En agglomération,Hors intersection,Normale,Autre collision,,,,,,,,,,,1,2,1,1.0,6.0
201100014907,0011-12-12 09:10:00,11,12,12,9,10,60,123,MAGNOLIAS AVENUE DES,,,Plein jour,En agglomération,Intersection en T,Pluie légère,Deux véhicules - côté,,,,,,,,,,,1,2,3,2.0,3.0
201100014908,0011-12-14 19:30:00,11,12,14,19,30,60,123,11 NOVEMBRE AVENUE DU,,,Nuit avec éclairage allumé,En agglomération,Intersection en T,Normale,Deux véhicules - côté,,,,,,,,,,,5,2,3,1.0,3.0
201100014909,0011-12-15 21:10:00,11,12,15,21,10,60,27,CANNES AVENUE DE (RN7),,,Nuit avec éclairage allumé,En agglomération,Hors intersection,Normale,Deux véhicules - arrière,,,,,,,,,,,5,2,1,1.0,2.0
201100014910,0011-12-16 15:30:00,11,12,16,15,30,60,27,JUIN BOULEVARD MARECHAL,,,Plein jour,En agglomération,Intersection en X,Normale,Deux véhicules - côté,,,,,,,,,,,1,2,2,1.0,3.0
201100014911,0011-12-16 09:00:00,11,12,16,9,0,60,123,GARE ROUTE DE LA,,,Plein jour,En agglomération,Intersection en T,Normale,Deux véhicules - arrière,,,,,,,,,,,1,2,3,1.0,2.0
201100014912,0011-12-20 14:50:00,11,12,20,14,50,60,27,PLAGE BOULEVARD DE LA,,,Plein jour,En agglomération,Intersection en T,Normale,Deux véhicules - côté,,,,,,,,,,,1,2,3,1.0,3.0
201100014913,0011-12-27 14:30:00,11,12,27,14,30,60,27,KENNEDY BOULEVARD J.F.,,,Plein jour,En agglomération,Hors intersection,Normale,Autre collision,,,,,,,,,,,1,2,1,1.0,6.0
201100014914,0011-01-03 12:17:00,11,1,3,12,17,60,30,"114, CARNOT (BOULEVARD)",,,Plein jour,En agglomération,Hors intersection,Normale,Sans collision,,,,,,,,,,,1,2,1,1.0,7.0
201100014915,0011-01-06 16:40:00,11,1,6,16,40,60,29,"82, TONNER (AVENUE FRANC",,,Plein jour,En agglomération,Hors intersection,Normale,Autre collision,,,,,,,,,,,1,2,1,1.0,6.0
201100014916,0011-01-07 08:20:00,11,1,7,8,20,60,30,CARNOT (BOULEVARD),,,Plein jour,En agglomération,Hors intersection,Normale,Autre collision,,,,,,,,,,,1,2,1,1.0,6.0
201100014917,0011-01-11 08:15:00,11,1,11,8,15,60,29,"00, GAZAGNAIRE (RUE DU D",,,Plein jour,En agglomération,Hors intersection,Normale,Deux véhicules - côté,,,,,,,,,,,1,2,1,1.0,3.0
201100014918,0011-01-14 16:40:00,11,1,14,16,40,60,29,ASTEGIANO (BD ETIENNE),,,Plein jour,En agglomération,Hors intersection,Normale,Deux véhicules - côté,,,,,,,,,,,1,2,1,1.0,3.0
201100014919,0011-01-19 17:45:00,11,1,19,17,45,60,29,CARNOT (BOULEVARD),,,Crépuscule ou aube,En agglomération,Hors intersection,Normale,Deux véhicules - côté,,,,,,,,,,,2,2,1,1.0,3.0
201100014920,0011-01-24 09:00:00,11,1,24,9,0,60,29,MOULIN (BOULEVARD DU),,,Plein jour,En agglomération,Hors intersection,Normale,Deux véhicules - arrière,,,,,,,,,,,1,2,1,1.0,2.0
201100014921,0011-01-24 15:42:00,11,1,24,15,42,60,29,BORDE (AVENUE DE LA),,,Plein jour,En agglomération,Hors intersection,Normale,Deux véhicules - côté,,,,,,,,,,,1,2,1,1.0,3.0
201100014922,0011-01-25 16:30:00,11,1,25,16,30,60,29,HIBERT (BOULEVARD JEAN),,,Plein jour,En agglomération,Hors intersection,Normale,Autre collision,,,,,,,,,,,1,2,1,1.0,6.0
201100014923,0011-01-28 17:50:00,11,1,28,17,50,60,30,"97, CARNOT (BOULEVARD)",,,Crépuscule ou aube,En agglomération,Hors intersection,Normale,Autre collision,,,,,,,,,,,2,2,1,1.0,6.0
201100014924,0011-01-31 12:35:00,11,1,31,12,35,60,29,"62, REPUBLIQUE (BOULEVAR",,,Plein jour,En agglomération,Hors intersection,Normale,Deux véhicules - côté,,,,,,,,,,,1,2,1,1.0,3.0
201100014925,0011-01-31 16:40:00,11,1,31,16,40,60,30,"97, CARNOT (BOULEVARD)",,,Plein jour,En agglomération,Hors intersection,Normale,Autre collision,,,,,,,,,,,1,2,1,1.0,6.0
201100014926,0011-02-01 11:00:00,11,2,1,11,0,60,29,CARNOT (BOULEVARD),,,Crépuscule ou aube,En agglomération,Hors intersection,Normale,Autre collision,,,,,,,,,,,2,2,1,1.0,6.0
201100014927,0011-02-03 09:00:00,11,2,3,9,0,60,29,"00, MAUBERT (RONT POINT",,,Plein jour,En agglomération,Giratoire,Normale,Deux véhicules - arrière,,,,,,,,,,,1,2,6,1.0,2.0
201100014928,0011-02-04 19:00:00,11,2,4,19,0,60,30,DOUMER (BOULEVARD PAUL),,,Crépuscule ou aube,En agglomération,Hors intersection,Normale,Deux véhicules - côté,,,,,,,,,,,2,2,1,1.0,3.0
201100014929,0011-02-05 14:15:00,11,2,5,14,15,60,29,"00, HADDAD SIMON (RUE)",,,Plein jour,En agglomération,Intersection en T,Normale,Autre collision,,,,,,,,,,,1,2,3,1.0,6.0
201100014930,0011-02-05 12:15:00,11,2,5,12,15,60,29,COUVERTURE VOIE FERREE,,,Plein jour,En agglomération,Hors intersection,Autre,Autre collision,,,,,,,,,,,1,2,1,9.0,6.0
201100014931,0011-02-09 16:25:00,11,2,9,16,25,60,30,JEANPIERRE (AVENUE MAURI,,,Plein jour,En agglomération,Hors intersection,Normale,Autre collision,,,,,,,,,,,1,2,1,1.0,6.0
201100014932,0011-02-10 13:25:00,11,2,10,13,25,60,29,TONNER (AVENUE FRANCIS),,,Plein jour,En agglomération,Hors intersection,Normale,Deux véhicules - côté,,,,,,,,,,,1,2,1,1.0,3.0
201100014933,0011-02-11 09:15:00,11,2,11,9,15,60,29,"75, REPUBLIQUE (BOULEVAR",,,Plein jour,En agglomération,Hors intersection,Normale,Autre collision,,,,,,,,,,,1,2,1,1.0,6.0
201100014934,0011-02-14 15:40:00,11,2,14,15,40,60,30,"43, NOTRE DAME DES ANGES",,,Plein jour,En agglomération,Hors intersection,Normale,Deux véhicules - frontale,,,,,,,,,,,1,2,1,1.0,1.0
201100014935,0011-02-15 19:10:00,11,2,15,19,10,60,29,PICAUD (AVENUE DR) BOCCA,,,Nuit avec éclairage allumé,En agglomération,Hors intersection,Normale,Deux véhicules - frontale,,,,,,,,,,,5,2,1,1.0,1.0
201100014936,0011-02-16 11:40:00,11,2,16,11,40,60,30,ROOSEVELT (AVENUE FRANKL,,,Plein jour,En agglomération,Hors intersection,Normale,Deux véhicules - arrière,,,,,,,,,,,1,2,1,1.0,2.0
201100014937,0011-02-26 19:20:00,11,2,26,19,20,60,29,CROISETTE (BOULEVARD DE,,,Crépuscule ou aube,En agglomération,Hors intersection,Normale,Deux véhicules - côté,,,,,,,,,,,2,2,1,1.0,3.0
201100014938,0011-02-26 19:30:00,11,2,26,19,30,60,29,"91, CARNOT (BOULEVARD)",,,Nuit avec éclairage allumé,En agglomération,Hors intersection,Normale,Autre collision,,,,,,,,,,,5,2,1,1.0,6.0
201100014939,0011-02-26 09:52:00,11,2,26,9,52,60,29,CROISETTE (BOULEVARD DE,,,Plein jour,En agglomération,Hors intersection,Normale,Autre collision,,,,,,,,,,,1,2,1,1.0,6.0
201100014940,0011-02-25 10:00:00,11,2,25,10,0,60,30,"00, POMPIDOU (AVENUE GEO",,,Plein jour,En agglomération,Hors intersection,Normale,Trois véhicules et plus - en chaîne,,,,,,,,,,,1,2,1,1.0,4.0
201100014941,0011-03-03 19:10:00,11,3,3,19,10,60,29,BASTIDE ROUGE,,,Nuit avec éclairage allumé,En agglomération,Giratoire,Normale,Deux véhicules - côté,,,,,,,,,,,5,2,6,1.0,3.0
201100014942,0011-03-05 05:10:00,11,3,5,5,10,60,29,JAURES (RUE JEAN),,,Nuit avec éclairage allumé,En agglomération,Hors intersection,Normale,Autre collision,,,,,,,,,,,5,2,1,1.0,6.0
201100014943,0011-03-03 23:10:00,11,3,3,23,10,60,29,TONNER (AVENUE FRANCIS),,,Nuit avec éclairage allumé,En agglomération,Hors intersection,Normale,Autre collision,,,,,,,,,,,5,2,1,1.0,6.0
201100014944,0011-03-06 08:50:00,11,3,6,8,50,60,29,RIOU (BOULEVARD DU),,,Plein jour,Hors agglomération,Hors intersection,Normale,Deux véhicules - côté,,,,,,,,,,,1,1,1,1.0,3.0
201100014945,0011-03-07 14:45:00,11,3,7,14,45,60,29,"29, FERRAGE (BOULEVARD D",,,Plein jour,En agglomération,Hors intersection,Normale,Deux véhicules - côté,,,,,,,,,,,1,2,1,1.0,3.0
201100014946,0011-03-09 16:10:00,11,3,9,16,10,60,30,MOULIN (BOULEVARD JEAN),,,Plein jour,En agglomération,Hors intersection,Normale,Autre collision,,,,,,,,,,,1,2,1,1.0,6.0
201100014947,0011-03-10 13:40:00,11,3,10,13,40,60,29,COUBERTIN (AVENUE PIERRE,,,Plein jour,En agglomération,Hors intersection,Normale,Deux véhicules - côté,,,,,,,,,,,1,2,1,1.0,3.0
201100014948,0011-03-10 12:50:00,11,3,10,12,50,60,29,GRASSE (AVENUE DE),,,Plein jour,En agglomération,Hors intersection,Normale,Deux véhicules - côté,,,,,,,,,,,1,2,1,1.0,3.0
201100014949,0011-03-12 20:00:00,11,3,12,20,0,60,30,DOUMER (BOULEVARD PAUL),,,Nuit avec éclairage non allumé,En agglomération,Hors intersection,Pluie forte,Autre collision,,,,,,,,,,,4,2,1,3.0,6.0
201100014950,0011-03-16 17:50:00,11,3,16,17,50,60,29,"00, GALLIENI (AVENUE MAR",,,Plein jour,En agglomération,Intersection en X,Normale,Deux véhicules - côté,,,,,,,,,,,1,2,2,1.0,3.0
201100014951,0011-03-17 17:40:00,11,3,17,17,40,60,29,SERBES (RUE DES),,,Plein jour,En agglomération,Hors intersection,Normale,Autre collision,,,,,,,,,,,1,2,1,1.0,6.0
201100014952,0011-03-19 02:15:00,11,3,19,2,15,60,29,"109, CARNOT (BOULEVARD)",,,Nuit avec éclairage allumé,En agglomération,Hors intersection,Normale,Autre collision,,,,,,,,,,,5,2,1,1.0,6.0
201100014953,0011-03-19 17:00:00,11,3,19,17,0,60,29,"00, COUVERTURE VOIE FERR",,,Plein jour,En agglomération,Hors intersection,Pluie forte,Deux véhicules - côté,,,,,,,,,,,1,2,1,3.0,3.0
201100014954,0011-03-20 17:25:00,11,3,20,17,25,60,29,ESTEREL (BOULEVARD DE L',,,Plein jour,En agglomération,Hors intersection,Normale,Autre collision,,,,,,,,,,,1,2,1,1.0,6.0
201100014955,0011-03-22 12:50:00,11,3,22,12,50,60,29,"65, CARNOT (BOULEVARD)",,,Plein jour,En agglomération,Hors intersection,Normale,Deux véhicules - côté,,,,,,,,,,,1,2,1,1.0,3.0
201100014956,0011-03-22 17:25:00,11,3,22,17,25,60,29,CARNOT (BOULEVARD),,,Plein jour,En agglomération,Hors intersection,Normale,Deux véhicules - arrière,,,,,,,,,,,1,2,1,1.0,2.0