accident_id,datetime,annee,mois,jour,heure,minute,departement,commune_insee,adresse,latitude,longitude,luminosite,agglomeration,intersection,meteo,collision,nb_vehicules,nb_usagers,nb_indemnes,nb_tues,nb_blesses_hosp,nb_blesses_legers,age_cond_1,age_cond_2,veh_type_cond_1,veh_type_cond_2,lum_code,agg_code,int_code,atm_code,col_code
201100015343,0011-10-16 17:35:00,11,10,16,17,35,60,69,"x, RENOIR (AVENUE AUGUST",,,Plein jour,En agglomération,Hors intersection,Normale,Autre collision,,,,,,,,,,,1,2,1,1.0,6.0
201100015344,0011-10-18 09:30:00,11,10,18,9,30,60,69,"17, TASSIGNY (AVENUE DEL",,,Plein jour,En agglomération,Hors intersection,Normale,Deux véhicules - côté,,,,,,,,,,,1,2,1,1.0,3.0
201100015345,0011-10-18 11:50:00,11,10,18,11,50,60,69,"23, PEYREGUIS (RUE DU)",,,Plein jour,En agglomération,Hors intersection,Normale,Autre collision,,,,,,,,,,,1,2,1,1.0,6.0
201100015346,0011-10-19 14:55:00,11,10,19,14,55,60,69,"x, SEMARD (AVENUE PIERRE",,,Plein jour,En agglomération,Hors intersection,Pluie forte,Sans collision,,,,,,,,,,,1,2,1,3.0,7.0
201100015347,0011-10-19 17:40:00,11,10,19,17,40,60,69,"20, FRAGONARD (BOULEVARD",,,Plein jour,En agglomération,Hors intersection,Pluie forte,Sans collision,,,,,,,,,,,1,2,1,3.0,7.0
201100015348,0011-10-20 17:43:00,11,10,20,17,43,60,69,"x, NAPOLEON (ROUTE)",,,Plein jour,Hors agglomération,Hors intersection,Pluie forte,Autre collision,,,,,,,,,,,1,1,1,3.0,6.0
201100015349,0011-10-22 14:45:00,11,10,22,14,45,60,69,"152, BASSES MOULIERES (C",,,Plein jour,En agglomération,Hors intersection,Normale,Autre collision,,,,,,,,,,,1,2,1,1.0,6.0
201100015350,0011-10-24 18:20:00,11,10,24,18,20,60,69,"x, MARIGARDE (ROUTE DE L",,,Crépuscule ou aube,En agglomération,Hors intersection,Normale,Sans collision,,,,,,,,,,,2,2,1,1.0,7.0
201100015351,0011-10-25 16:00:00,11,10,25,16,0,60,69,"14bis, AUTRANT (BOULEVAR",,,Plein jour,En agglomération,Hors intersection,Pluie forte,Sans collision,,,,,,,,,,,1,2,1,3.0,7.0
201100015352,0011-10-26 23:30:00,11,10,26,23,30,60,69,"x, VALBONNE (ROUTE)",,,Nuit avec éclairage allumé,En agglomération,Hors intersection,Normale,Sans collision,,,,,,,,,,,5,2,1,1.0,7.0
201100015353,0011-10-28 19:00:00,11,10,28,19,0,60,69,"117, CANNES (ROUTE DE)",,,Crépuscule ou aube,En agglomération,Hors intersection,Normale,Autre collision,,,,,,,,,,,2,2,1,1.0,6.0
201100015354,0011-10-31 16:45:00,11,10,31,16,45,60,69,"50, CANNES (ROUTE DE)  -",,,Plein jour,En agglomération,Hors intersection,Normale,Autre collision,,,,,,,,,,,1,2,1,1.0,6.0
201100015355,0011-10-31 19:45:00,11,10,31,19,45,60,69,"X, SAINTE ANNE (CHEMIN,",,,Nuit avec éclairage allumé,En agglomération,Hors intersection,Normale,Autre collision,,,,,,,,,,,5,2,1,1.0,6.0
201100015356,0011-11-01 15:35:00,11,11,1,15,35,60,69,"72, POMPIDOU (AVENUE GEO",,,Plein jour,En agglomération,Hors intersection,Normale,Deux véhicules - frontale,,,,,,,,,,,1,2,1,1.0,1.0
201100015357,0011-11-04 18:10:00,11,11,4,18,10,60,69,"4, CHARABOT (BOULEVARD E",,,Nuit avec éclairage allumé,En agglomération,Hors intersection,Pluie forte,Autre collision,,,,,,,,,,,5,2,1,3.0,6.0
201100015358,0011-11-06 04:00:00,11,11,6,4,0,60,69,"X, FRAGONARD (BOULEVARD",,,Nuit avec éclairage allumé,En agglomération,Hors intersection,Normale,Autre collision,,,,,,,,,,,5,2,1,1.0,6.0
201100015359,0011-11-08 09:10:00,11,11,8,9,10,60,69,"x, BELLETRUD (BOULEVARD",,,Plein jour,En agglomération,Hors intersection,Pluie légère,Autre collision,,,,,,,,,,,1,2,1,2.0,6.0
201100015360,0011-11-08 10:15:00,11,11,8,10,15,60,69,"44, VICTOR HUGO  (BD)",,,Plein jour,En agglomération,Hors intersection,Pluie légère,Autre collision,,,,,,,,,,,1,2,1,2.0,6.0
201100015361,0011-11-08 18:35:00,11,11,8,18,35,60,69,"x, PEGOMAS (ROUTE DE)",,,Nuit avec éclairage allumé,En agglomération,Hors intersection,Pluie légère,Deux véhicules - côté,,,,,,,,,,,5,2,1,2.0,3.0
201100015362,0011-11-13 03:45:00,11,11,13,3,45,60,69,"x, CAPUCINS (CHEMIN ET I",,,Nuit avec éclairage allumé,En agglomération,Intersection en X,Normale,Deux véhicules - côté,,,,,,,,,,,5,2,2,1.0,3.0
201100015363,0011-11-14 13:20:00,11,11,14,13,20,60,69,"x, CRESP (COURS HONORE)",,,Plein jour,En agglomération,Hors intersection,Normale,Autre collision,,,,,,,,,,,1,2,1,1.0,6.0
201100015364,0011-11-17 16:20:00,11,11,17,16,20,60,69,"14, LECLERC (BOULEVARD D",,,Plein jour,En agglomération,Hors intersection,Normale,Trois véhicules et plus - collisions multiples,,,,,,,,,,,1,2,1,1.0,5.0
201100015365,0011-11-18 16:10:00,11,11,18,16,10,60,69,"229, CANNES (ROUTE DE)",,,Plein jour,En agglomération,Hors intersection,Temps éblouissant,Autre collision,,,,,,,,,,,1,2,1,7.0,6.0
201100015366,0011-11-22 10:00:00,11,11,22,10,0,60,69,"61, MARIGARDE (ROUTE DE",,,Plein jour,En agglomération,Hors intersection,Normale,Deux véhicules - côté,,,,,,,,,,,1,2,1,1.0,3.0
201100015367,0011-11-22 16:30:00,11,11,22,16,30,60,69,"x, VIEUX PONT (CHEMIN DU",,,Plein jour,En agglomération,Hors intersection,Normale,Sans collision,,,,,,,,,,,1,2,1,1.0,7.0
201100015368,0011-11-22 19:00:00,11,11,22,19,0,60,69,"x, ROUQUIER (BOULEVARD E",,,Nuit avec éclairage allumé,En agglomération,Hors intersection,Normale,Sans collision,,,,,,,,,,,5,2,1,1.0,7.0
201100015369,0011-11-24 08:15:00,11,11,24,8,15,60,69,"x, DRAGUIGNAN (ROUTE DE)",,,Plein jour,En agglomération,Intersection en T,Normale,Deux véhicules - côté,,,,,,,,,,,1,2,3,1.0,3.0
201100015370,0011-12-02 06:30:00,11,12,2,6,30,60,69,"18, SEMARD (AVENUE PIERR",,,Nuit avec éclairage allumé,En agglomération,Hors intersection,Pluie légère,Autre collision,,,,,,,,,,,5,2,1,2.0,6.0
201100015371,0011-12-02 08:45:00,11,12,2,8,45,60,69,"2, SAINT EXUPERY (AVENUE",,,Plein jour,En agglomération,Hors intersection,Normale,Trois véhicules et plus - en chaîne,,,,,,,,,,,1,2,1,1.0,4.0
201100015372,0011-12-02 18:00:00,11,12,2,18,0,60,69,"107, PLAN (ROUTE DU) -D3",,,Crépuscule ou aube,En agglomération,Hors intersection,Normale,Deux véhicules - côté,,,,,,,,,,,2,2,1,1.0,3.0
201100015373,0011-12-03 11:00:00,11,12,3,11,0,60,69,"116, CANNES (ROUTE DE)",,,Plein jour,En agglomération,Hors intersection,Normale,Autre collision,,,,,,,,,,,1,2,1,1.0,6.0
201100015374,0011-12-04 11:20:00,11,12,4,11,20,60,69,"X, RENOIR (AVENUE AUGUST",,,Plein jour,En agglomération,Hors intersection,Normale,Deux véhicules - frontale,,,,,,,,,,,1,2,1,1.0,1.0
201100015375,0011-12-06 12:35:00,11,12,6,12,35,60,69,"X, LIBERATION (AVENUE DE",,,Plein jour,En agglomération,Hors intersection,Normale,Autre collision,,,,,,,,,,,1,2,1,1.0,6.0
201100015376,0011-12-05 10:55:00,11,12,5,10,55,60,69,"50, PAOUTE (ROUTE ET TRA",,,Plein jour,En agglomération,Hors intersection,Normale,Deux véhicules - arrière,,,,,,,,,,,1,2,1,1.0,2.0
201100015377,0011-12-06 08:15:00,11,12,6,8,15,60,69,"x, SAINT EXUPERY (AVENUE",,,Plein jour,En agglomération,Hors intersection,Normale,Deux véhicules - côté,,,,,,,,,,,1,2,1,1.0,3.0
201100015378,0011-12-06 09:45:00,11,12,6,9,45,60,69,"1, TASSIGNY (AVENUE DELA",,,Plein jour,En agglomération,Hors intersection,Normale,Autre collision,,,,,,,,,,,1,2,1,1.0,6.0
201100015379,0011-12-06 14:40:00,11,12,6,14,40,60,69,"x, CANNES (ROUTE DE)  -R",,,Plein jour,En agglomération,Hors intersection,Normale,Sans collision,,,,,,,,,,,1,2,1,1.0,7.0
201100015380,0011-12-08 10:15:00,11,12,8,10,15,60,69,"14, ROUQUIER (BOULEVARD",,,Plein jour,En agglomération,Hors intersection,Normale,Autre collision,,,,,,,,,,,1,2,1,1.0,6.0
201100015381,0011-12-08 18:40:00,11,12,8,18,40,60,69,"123, CANNES (ROUTE DE)",,,Nuit avec éclairage allumé,En agglomération,Hors intersection,Normale,Deux véhicules - côté,,,,,,,,,,,5,2,1,1.0,3.0
201100015382,0011-12-10 05:55:00,11,12,10,5,55,60,69,"x, PEYLOUBET (CHEMIN DU)",,,Crépuscule ou aube,En agglomération,Hors intersection,Normale,Sans collision,,,,,,,,,,,2,2,1,1.0,7.0
201100015383,0011-12-10 20:45:00,11,12,10,20,45,60,69,"X, MARIGARDE (ROUTE DE L",,,Nuit avec éclairage allumé,En agglomération,Hors intersection,Normale,Deux véhicules - côté,,,,,,,,,,,5,2,1,1.0,3.0
201100015384,0011-12-12 07:25:00,11,12,12,7,25,60,69,"X, LIBERATION (AVENUE DE",,,Crépuscule ou aube,En agglomération,Hors intersection,Pluie légère,Sans collision,,,,,,,,,,,2,2,1,2.0,7.0
201100015385,0011-12-12 08:55:00,11,12,12,8,55,60,69,"x, ROUQUIER (BOULEVARD E",,,Plein jour,En agglomération,Hors intersection,Normale,Autre collision,,,,,,,,,,,1,2,1,1.0,6.0
201100015386,0011-12-12 10:00:00,11,12,12,10,0,60,69,"x, BELLETRUD (BOULEVARD",,,Plein jour,En agglomération,Hors intersection,Pluie légère,Sans collision,,,,,,,,,,,1,2,1,2.0,7.0
201100015387,0011-12-12 16:30:00,11,12,12,16,30,60,69,"x, ROTHSCHILD (BOULEVARD",,,Plein jour,En agglomération,Hors intersection,Temps éblouissant,Autre collision,,,,,,,,,,,1,2,1,7.0,6.0
201100015388,0011-12-14 13:30:00,11,12,14,13,30,60,69,"18, CAPUCINS (CHEMIN ET",,,Plein jour,En agglomération,Hors intersection,Normale,Deux véhicules - frontale,,,,,,,,,,,1,2,1,1.0,1.0
201100015389,0011-12-17 16:40:00,11,12,17,16,40,60,69,"57, PROVENCE (AVENUE DE)",,,Plein jour,En agglomération,Hors intersection,Normale,Deux véhicules - arrière,,,,,,,,,,,1,2,1,1.0,2.0
201100015390,0011-12-18 19:00:00,11,12,18,19,0,60,69,"X, ROUQUIER (BOULEVARD E",,,Crépuscule ou aube,En agglomération,Hors intersection,Normale,Sans collision,,,,,,,,,,,2,2,1,1.0,7.0
201100015391,0011-12-19 19:30:00,11,12,19,19,30,60,69,"x, POMPIDOU (AVENUE GEOR",,,Crépuscule ou aube,En agglomération,Hors intersection,Normale,Trois véhicules et plus - en chaîne,,,,,,,,,,,2,2,1,1.0,4.0
201100015392,0011-12-19 09:25:00,11,12,19,9,25,60,69,"X, CANNES (ROUTE DE)  -R",,,Plein jour,En agglomération,Hors intersection,Normale,Deux véhicules - côté,,,,,,,,,,,1,2,1,1.0,3.0
201100015393,0011-12-20 16:50:00,11,12,20,16,50,60,69,"73, CANNES (ROUTE DE)  -",,,Plein jour,En agglomération,Hors intersection,Normale,Deux véhicules - arrière,,,,,,,,,,,1,2,1,1.0,2.0
201100015394,0011-12-20 23:10:00,11,12,20,23,10,60,69,"77, VICTOR HUGO  (BD)",,,Nuit avec éclairage allumé,En agglomération,Hors intersection,Normale,Deux véhicules - arrière,,,,,,,,,,,5,2,1,1.0,2.0
201100015395,0011-12-22 15:15:00,11,12,22,15,15,60,69,"x, DRAGUIGNAN (ROUTE DE)",,,Plein jour,En agglomération,Hors intersection,Normale,Sans collision,,,,,,,,,,,1,2,1,1.0,7.0
201100015396,0011-12-22 20:40:00,11,12,22,20,40,60,69,"27, ROUQUIER (BOULEVARD",,,Nuit avec éclairage allumé,En agglomération,Hors intersection,Normale,Deux véhicules - côté,,,,,,,,,,,5,2,1,1.0,3.0
201100015397,0011-12-23 16:00:00,11,12,23,16,0,60,69,"x, CANNES (ROUTE DE)  -R",,,Plein jour,En agglomération,Autre intersection,Normale,Autre collision,,,,,,,,,,,1,2,9,1.0,6.0
201100015398,0011-12-24 11:45:00,11,12,24,11,45,60,69,"2, THIERS (AVENUE)",,,Plein jour,En agglomération,Hors intersection,Normale,Autre collision,,,,,,,,,,,1,2,1,1.0,6.0
201100015399,0011-12-28 09:00:00,11,12,28,9,0,60,69,"46, DUNANT (AVENUE HENRI",,,Plein jour,En agglomération,Hors intersection,Normale,Sans collision,,,,,,,,,,,1,2,1,1.0,7.0
201100015400,0011-12-28 16:35:00,11,12,28,16,35,60,69,"230, CANNES (ROUTE DE)",,,Plein jour,En agglomération,Hors intersection,Normale,Deux véhicules - côté,,,,,,,,,,,1,2,1,1.0,3.0
201100015401,0011-12-29 19:30:00,11,12,29,19,30,60,69,"10, THIERS (AVENUE)",,,Nuit avec éclairage allumé,En agglomération,Hors intersection,Normale,Deux véhicules - frontale,,,,,,,,,,,5,2,1,1.0,1.0
201100015402,0011-01-03 11:30:00,11,1,3,11,30,60,104,PROFONDEVILLE (AVENUE),,,Plein jour,En agglomération,Intersection en Y,Normale,Autre collision,,,,,,,,,,,1,2,4,1.0,6.0
201100015403,0011-01-03 12:20:00,11,1,3,12,20,60,83,DE GAULLE (AVENUE GENERA,,,Plein jour,En agglomération,Hors intersection,Normale,Autre collision,,,,,,,,,,,1,2,1,1.0,6.0
201100015404,0011-01-09 09:40:00,11,1,9,9,40,60,104,"83, CHURCHILL (AVENUE WI",,,Plein jour,En agglomération,Hors intersection,Normale,Autre collision,,,,,,,,,,,1,2,1,1.0,6.0
201100015405,0011-01-11 08:50:00,11,1,11,8,50,60,104,"79, AZUR (AVENUE DE LA C",,,Plein jour,En agglomération,Hors intersection,Normale,Deux véhicules - côté,,,,,,,,,,,1,2,1,1.0,3.0
201100015406,0011-01-14 11:50:00,11,1,14,11,50,60,12,"0, FOCH (AVENUE MARECHAL",,,Plein jour,En agglomération,Intersection en T,Normale,Deux véhicules - côté,,,,,,,,,,,1,2,3,1.0,3.0
201100015407,0011-02-03 19:25:00,11,2,3,19,25,60,104,KENNEDY (AVENUE PRESIDEN,,,Nuit avec éclairage allumé,En agglomération,Hors intersection,Normale,Deux véhicules - frontale,,,,,,,,,,,5,2,1,1.0,1.0
201100015408,0011-02-04 13:00:00,11,2,4,13,0,60,83,"71, FRANCE (AVENUE PORTE",,,Plein jour,En agglomération,Hors intersection,Normale,Deux véhicules - côté,,,,,,,,,,,1,2,1,1.0,3.0
201100015409,0011-02-09 05:30:00,11,2,9,5,30,60,104,"21, FRANCE (AVENUE DE)",,,Nuit avec éclairage allumé,En agglomération,Hors intersection,Normale,Autre collision,,,,,,,,,,,5,2,1,1.0,6.0
201100015410,0011-02-08 16:55:00,11,2,8,16,55,60,104,"16, DOUMER (AVENUE PAUL)",,,Plein jour,En agglomération,Intersection en T,Normale,Deux véhicules - côté,,,,,,,,,,,1,2,3,1.0,3.0
201100015411,0011-02-08 18:15:00,11,2,8,18,15,60,83,"38, LECLERC (PROMENADE M",,,Nuit avec éclairage allumé,En agglomération,Hors intersection,Normale,Autre collision,,,,,,,,,,,5,2,1,1.0,6.0
201100015412,0011-02-09 23:00:00,11,2,9,23,0,60,104,"815, KENNEDY (AVENUE PRE",,,Nuit avec éclairage allumé,En agglomération,Hors intersection,Normale,Autre collision,,,,,,,,,,,5,2,1,1.0,6.0
201100015413,0011-02-12 06:15:00,11,2,12,6,15,60,104,"90, GRACE (AVENUE PRINCE",,,Crépuscule ou aube,En agglomération,Hors intersection,Normale,Deux véhicules - frontale,,,,,,,,,,,2,2,1,1.0,1.0
201100015414,0011-02-13 18:40:00,11,2,13,18,40,60,12,"3027, CORNICHE (MOYENNE,",,,Nuit avec éclairage allumé,En agglomération,Hors intersection,Normale,Sans collision,,,,,,,,,,,5,2,1,1.0,7.0
201100015415,0011-02-15 16:45:00,11,2,15,16,45,60,83,DELATTRE DE TASSIGNY (AL,,,Plein jour,En agglomération,Hors intersection,Pluie légère,Deux véhicules - frontale,,,,,,,,,,,1,2,1,2.0,1.0
201100015416,0011-02-17 14:30:00,11,2,17,14,30,60,104,"519, TURBIE (ROUTE DE LA",,,Plein jour,Hors agglomération,Hors intersection,Pluie légère,Deux véhicules - frontale,,,,,,,,,,,1,1,1,2.0,1.0
201100015417,0011-02-22 11:30:00,11,2,22,11,30,60,83,"1, HEBERT (RUE COLONEL)",,,Plein jour,En agglomération,Hors intersection,Normale,Autre collision,,,,,,,,,,,1,2,1,1.0,6.0
201100015418,0011-02-21 09:20:00,11,2,21,9,20,60,104,AZUR (AVENUE DE LA COTE,,,Plein jour,En agglomération,Hors intersection,Normale,Deux véhicules - côté,,,,,,,,,,,1,2,1,1.0,3.0
201100015419,0011-02-25 15:40:00,11,2,25,15,40,60,83,MONT GROS (ROUTE DU),,,Plein jour,Hors agglomération,Hors intersection,Normale,Sans collision,,,,,,,,,,,1,1,1,1.0,7.0
201100015420,0011-03-02 01:15:00,11,3,2,1,15,60,12,"CORNICHE (MOYENNE, N° 1",,,Nuit avec éclairage allumé,En agglomération,Intersection en T,Normale,Deux véhicules - frontale,,,,,,,,,,,5,2,3,1.0,1.0
201100015421,0011-03-11 19:40:00,11,3,11,19,40,60,83,"43, GORBIO (ROUTE DE)",,,Nuit avec éclairage allumé,En agglomération,Hors intersection,Normale,Autre collision,,,,,,,,,,,5,2,1,1.0,6.0
201100015422,0011-03-17 21:40:00,11,3,17,21,40,60,83,"60, LECLERC (PROMENADE M",,,Nuit avec éclairage allumé,En agglomération,Hors intersection,Normale,Autre collision,,,,,,,,,,,5,2,1,1.0,6.0
201100015423,0011-03-22 05:00:00,11,3,22,5,0,60,104,"81, GRACE (AVENUE PRINCE",,,Nuit avec éclairage allumé,En agglomération,Intersection en T,Normale,Deux véhicules - côté,,,,,,,,,,,5,2,3,1.0,3.0
201100015424,0011-03-23 16:00:00,11,3,23,16,0,60,83,"3, FRANCE (AVENUE PORTE",,,Plein jour,En agglomération,Hors intersection,Normale,Autre collision,,,,,,,,,,,1,2,1,1.0,6.0
201100015425,0011-03-24 19:40:00,11,3,24,19,40,60,104,"19, FRANCE (AVENUE DE)",,,Nuit avec éclairage allumé,En agglomération,Hors intersection,Normale,Autre collision,,,,,,,,,,,5,2,1,1.0,6.0
201100015426,0011-03-31 12:20:00,11,3,31,12,20,60,83,"0, VICTOIRES (PLACE DES)",,,Plein jour,En agglomération,Hors intersection,Normale,Trois véhicules et plus - en chaîne,,,,,,,,,,,1,2,1,1.0,4.0
201100015427,0011-04-06 06:00:00,11,4,6,6,0,60,104,KENNEDY (AVENUE PRESIDEN,,,Crépuscule ou aube,En agglomération,Hors intersection,Normale,Autre collision,,,,,,,,,,,2,2,1,1.0,6.0
201100015428,0011-04-09 12:15:00,11,4,9,12,15,60,12,"3, VILLAINE (AVENUE DE)",,,Plein jour,En agglomération,Hors intersection,Normale,Autre collision,,,,,,,,,,,1,2,1,1.0,6.0
201100015429,0011-03-10 16:50:00,11,3,10,16,50,60,83,SOSPEL (ROUTE DE ),,,Plein jour,Hors agglomération,Intersection en T,Normale,Sans collision,,,,,,,,,,,1,1,3,1.0,7.0
201100015430,0011-04-18 14:20:00,11,4,18,14,20,60,104,"21, FRANCE (AVENUE DE)",,,Plein jour,En agglomération,Hors intersection,Normale,Trois véhicules et plus - collisions multiples,,,,,,,,,,,1,2,1,1.0,5.0
201100015431,0011-04-25 15:55:00,11,4,25,15,55,60,104,"204, PASTEUR (AVENUE, N?",,,Plein jour,En agglomération,Intersection en X,Normale,Trois véhicules et plus - collisions multiples,,,,,,,,,,,1,2,2,1.0,5.0
201100015432,0011-04-21 13:35:00,11,4,21,13,35,60,83,CARNOT (AVENUE),,,Plein jour,En agglomération,Giratoire,Normale,Deux véhicules - côté,,,,,,,,,,,1,2,6,1.0,3.0
201100015433,0011-04-21 16:15:00,11,4,21,16,15,60,83,"49, GORBIO (ROUTE DE)",,,Plein jour,En agglomération,Hors intersection,Normale,Deux véhicules - côté,,,,,,,,,,,1,2,1,1.0,3.0
201100015434,0011-04-22 15:45:00,11,4,22,15,45,60,12,"CORNICHE (MOYENNE, N? 20",,,Plein jour,En agglomération,Hors intersection,Vent fort / tempête,Trois véhicules et plus - collisions multiples,,,,,,,,,,,1,2,1,6.0,5.0
201100015435,0011-04-27 22:10:00,11,4,27,22,10,60,83,"COTY (COURS RENE, SENS M",,,Nuit avec éclairage allumé,En agglomération,Intersection en T,Normale,Deux véhicules - côté,,,,,,,,,,,5,2,3,1.0,3.0
201100015436,0011-04-28 17:25:00,11,4,28,17,25,60,83,"39BIS, CASTAGNINS (ROUTE",,,Plein jour,En agglomération,Hors intersection,Normale,Autre collision,,,,,,,,,,,1,2,1,1.0,6.0
201100015437,0011-05-03 04:15:00,11,5,3,4,15,60,104,"42, JAURES (AVENUE JEAN)",,,Nuit avec éclairage allumé,En agglomération,Intersection en T,Normale,Autre collision,,,,,,,,,,,5,2,3,1.0,6.0
201100015438,0011-05-01 20:55:00,11,5,1,20,55,60,104,"85 bis, AZUR (AVENUE DE",,,Nuit avec éclairage allumé,En agglomération,Hors intersection,Normale,Deux véhicules - arrière,,,,,,,,,,,5,2,1,1.0,2.0
201100015439,0011-05-02 11:30:00,11,5,2,11,30,60,104,MONNET (AVENUE JEAN),,,Plein jour,En agglomération,Intersection en Y,Normale,Deux véhicules - côté,,,,,,,,,,,1,2,4,1.0,3.0
201100015440,0011-05-05 10:00:00,11,5,5,10,0,60,83,"0, COTY (COURS RENE, SEN",,,Plein jour,En agglomération,Hors intersection,Normale,Autre collision,,,,,,,,,,,1,2,1,1.0,6.0
201100015441,0011-05-08 18:40:00,11,5,8,18,40,60,83,"100, SOLEIL (PROMENADE D",,,Plein jour,En agglomération,Hors intersection,Normale,Autre collision,,,,,,,,,,,1,2,1,1.0,6.0
201100015442,0011-05-12 12:50:00,11,5,12,12,50,60,104,"127, VERDUN (AVENUE DE,",,,Plein jour,En agglomération,Hors intersection,Normale,Autre collision,,,,,,,,,,,1,2,1,1.0,6.0
201100015443,0011-05-15 18:45:00,11,5,15,18,45,60,104,"67, MONNET (AVENUE JEAN)",,,Plein jour,En agglomération,Hors intersection,Normale,Autre collision,,,,,,,,,,,1,2,1,1.0,6.0
201100015444,0011-05-15 07:49:00,11,5,15,7,49,60,104,"11, HANOTEAUX (AVENUE GA",,,Plein jour,En agglomération,Hors intersection,Normale,Autre collision,,,,,,,,,,,1,2,1,1.0,6.0
201100015445,0011-05-14 17:13:00,11,5,14,17,13,60,83,"FACE N9, FRANCE (AVENUE",,,Plein jour,En agglomération,Hors intersection,Temps couvert,Deux véhicules - arrière,,,,,,,,,,,1,2,1,8.0,2.0
201100015446,0011-05-19 17:35:00,11,5,19,17,35,60,104,"81, AZUR (AVENUE DE LA C",,,Plein jour,En agglomération,Hors intersection,Normale,Trois véhicules et plus - collisions multiples,,,,,,,,,,,1,2,1,1.0,5.0
201100015447,0011-05-23 17:30:00,11,5,23,17,30,60,104,"0, CURIE (AVENUE PIERRE)",,,Plein jour,En agglomération,Intersection en T,Normale,Trois véhicules et plus - collisions multiples,,,,,,,,,,,1,2,3,1.0,5.0
201100015448,0011-05-21 17:15:00,11,5,21,17,15,60,104,"190, VERDUN (AVENUE DE,",,,Plein jour,En agglomération,Hors intersection,Normale,Deux véhicules - côté,,,,,,,,,,,1,2,1,1.0,3.0
201100015449,0011-05-30 17:25:00,11,5,30,17,25,60,104,"93, AZUR (AVENUE DE LA C",,,Plein jour,En agglomération,Hors intersection,Normale,Autre collision,,,,,,,,,,,1,2,1,1.0,6.0
201100015450,0011-05-27 10:25:00,11,5,27,10,25,60,83,GREVILLE (RUE HENRI),,,Plein jour,En agglomération,Intersection en T,Temps couvert,Deux véhicules - côté,,,,,,,,,,,1,2,3,8.0,3.0
201100015451,0011-06-11 23:58:00,11,6,11,23,58,60,104,"173, PASTEUR (AVENUE, N?",,,Nuit avec éclairage allumé,En agglomération,Hors intersection,Normale,Deux véhicules - côté,,,,,,,,,,,5,2,1,1.0,3.0
201100015452,0011-06-13 14:55:00,11,6,13,14,55,60,83,"0, BENETT (QUAI GORDON)",,,Plein jour,En agglomération,Hors intersection,Normale,Trois véhicules et plus - collisions multiples,,,,,,,,,,,1,2,1,1.0,5.0
201100015453,0011-06-12 14:30:00,11,6,12,14,30,60,12,"CORNICHE (MOYENNE, N? 1",,,Plein jour,En agglomération,Intersection en T,Normale,Deux véhicules - frontale,,,,,,,,,,,1,2,3,1.0,1.0
201100015454,0011-06-08 09:15:00,11,6,8,9,15,60,83,"1, POMPIDOU (ESPLANADE G",,,Plein jour,En agglomération,Giratoire,Normale,Deux véhicules - côté,,,,,,,,,,,1,2,6,1.0,3.0
201100015455,0011-06-13 23:40:00,11,6,13,23,40,60,12,"CORNICHE (MOYENNE, N? 1",,,Nuit avec éclairage allumé,En agglomération,Hors intersection,Pluie légère,Deux véhicules - frontale,,,,,,,,,,,5,2,1,2.0,1.0
201100015456,0011-06-18 15:45:00,11,6,18,15,45,60,83,"0, EDOUARD VII (AVENUE)",,,Plein jour,En agglomération,Intersection en T,Normale,Deux véhicules - côté,,,,,,,,,,,1,2,3,1.0,3.0
201100015457,0011-06-20 18:50:00,11,6,20,18,50,60,83,"153, CASTELLAR (ROUTE DE",,,Plein jour,En agglomération,Hors intersection,Normale,Sans collision,,,,,,,,,,,1,2,1,1.0,7.0
201100015458,0011-06-22 03:15:00,11,6,22,3,15,60,83,"0, DELATTRE DE TASSIGNY",,,Nuit avec éclairage allumé,En agglomération,Intersection en T,Normale,Autre collision,,,,,,,,,,,5,2,3,1.0,6.0
201100015459,0011-06-25 14:50:00,11,6,25,14,50,60,104,TURBIE (ROUTE DE LA),,,Plein jour,En agglomération,Intersection en X,Normale,Deux véhicules - frontale,,,,,,,,,,,1,2,2,1.0,1.0
201100015460,0011-06-26 04:50:00,11,6,26,4,50,60,104,KENNEDY (AVENUE PRESIDEN,,,Nuit avec éclairage allumé,En agglomération,Hors intersection,Normale,Deux véhicules - frontale,,,,,,,,,,,5,2,1,1.0,1.0
201100015461,0011-06-28 16:35:00,11,6,28,16,35,60,104,"0, AGERBOL (AVENUE D')",,,Plein jour,En agglomération,Hors intersection,Normale,Deux véhicules - frontale,,,,,,,,,,,1,2,1,1.0,1.0
201100015462,0011-07-02 02:06:00,11,7,2,2,6,60,83,MONLEON (QUAI),,,Nuit avec éclairage allumé,En agglomération,Intersection en Y,Normale,Autre collision,,,,,,,,,,,5,2,4,1.0,6.0
201100015463,0011-07-02 21:50:00,11,7,2,21,50,60,104,"MONLEON (AV. FRANCOIS, N",,,Nuit avec éclairage allumé,En agglomération,Intersection en X,Normale,Deux véhicules - côté,,,,,,,,,,,5,2,2,1.0,3.0
201100015464,0011-07-05 15:25:00,11,7,5,15,25,60,104,"194, VERDUN (AVENUE DE,",,,Plein jour,En agglomération,Hors intersection,Normale,Trois véhicules et plus - collisions multiples,,,,,,,,,,,1,2,1,1.0,5.0
201100015465,0011-07-08 20:27:00,11,7,8,20,27,60,83,", MORGAN",,,Plein jour,En agglomération,Intersection en X,Normale,Deux véhicules - frontale,,,,,,,,,,,1,2,2,1.0,1.0
201100015466,0011-07-09 18:45:00,11,7,9,18,45,60,83,MONLEON (QUAI),,,Plein jour,En agglomération,Hors intersection,Normale,Autre collision,,,,,,,,,,,1,2,1,1.0,6.0
201100015467,0011-07-10 03:15:00,11,7,10,3,15,60,104,"58, FRANCE (AVENUE DE)",,,Nuit avec éclairage allumé,En agglomération,Hors intersection,Normale,Autre collision,,,,,,,,,,,5,2,1,1.0,6.0