accident_id,datetime,annee,mois,jour,heure,minute,departement,commune_insee,adresse,latitude,longitude,luminosite,agglomeration,intersection,meteo,collision,nb_vehicules,nb_usagers,nb_indemnes,nb_tues,nb_blesses_hosp,nb_blesses_legers,age_cond_1,age_cond_2,veh_type_cond_1,veh_type_cond_2,lum_code,agg_code,int_code,atm_code,col_code
201100015468,0011-07-12 01:10:00,11,7,12,1,10,60,83,"408, SOLEIL (PROMENADE D",,,Nuit avec éclairage allumé,En agglomération,Intersection en T,Normale,Deux véhicules - frontale,,,,,,,,,,,5,2,3,1.0,1.0
201100015469,0011-07-14 00:33:00,11,7,14,0,33,60,104,"30, FRANCE (AVENUE DE)",,,Nuit avec éclairage allumé,Hors agglomération,Hors intersection,Normale,Deux véhicules - côté,,,,,,,,,,,5,1,1,1.0,3.0
201100015470,0011-07-15 15:20:00,11,7,15,15,20,60,83,"0, ST CHARLES (RUE)",,,Plein jour,En agglomération,Intersection en X,Normale,Autre collision,,,,,,,,,,,1,2,2,1.0,6.0
201100015471,0011-07-16 23:05:00,11,7,16,23,5,60,104,"13, FRANCE (AVENUE DE)",,,Nuit avec éclairage allumé,En agglomération,Hors intersection,Normale,Deux véhicules - côté,,,,,,,,,,,5,2,1,1.0,3.0
201100015472,0011-07-21 08:00:00,11,7,21,8,0,60,83,"0, DELATTRE DE TASSIGNY",,,Plein jour,En agglomération,Hors intersection,Normale,Autre collision,,,,,,,,,,,1,2,1,1.0,6.0
201100015473,0011-07-26 17:55:00,11,7,26,17,55,60,104,"12, HANOTEAUX (AVENUE GA",,,Plein jour,En agglomération,Hors intersection,Pluie légère,Autre collision,,,,,,,,,,,1,2,1,2.0,6.0
201100015474,0011-08-02 11:25:00,11,8,2,11,25,60,83,"55, FRANCE (AVENUE PORTE",,,Plein jour,En agglomération,Hors intersection,Normale,Autre collision,,,,,,,,,,,1,2,1,1.0,6.0
201100015475,0011-08-18 05:25:00,11,8,18,5,25,60,104,"33 bis, VARAVILLA (AVENU",,,Nuit avec éclairage allumé,En agglomération,Hors intersection,Normale,Autre collision,,,,,,,,,,,5,2,1,1.0,6.0
201100015476,0011-08-30 11:55:00,11,8,30,11,55,60,104,"167, PASTEUR (AVENUE, N?",,,Plein jour,En agglomération,Hors intersection,Normale,Autre collision,,,,,,,,,,,1,2,1,1.0,6.0
201100015477,0011-08-29 18:25:00,11,8,29,18,25,60,83,"0, COTY (COURS RENE, SEN",,,Plein jour,En agglomération,Hors intersection,Normale,Autre collision,,,,,,,,,,,1,2,1,1.0,6.0
201100015478,0011-09-05 16:30:00,11,9,5,16,30,60,83,JEAN MOULIN (AVENUE),,,Plein jour,En agglomération,Hors intersection,Normale,Autre collision,,,,,,,,,,,1,2,1,1.0,6.0
201100015479,0011-09-05 20:45:00,11,9,5,20,45,60,83,"FRANCE (AVENUE PORTE DE,",,,Nuit avec éclairage allumé,En agglomération,Hors intersection,Normale,Autre collision,,,,,,,,,,,5,2,1,1.0,6.0
201100015480,0011-09-07 06:40:00,11,9,7,6,40,60,83,"face au 55, FRANCE (AVEN",,,Crépuscule ou aube,En agglomération,Hors intersection,Normale,Deux véhicules - côté,,,,,,,,,,,2,2,1,1.0,3.0
201100015481,0011-09-22 16:25:00,11,9,22,16,25,60,12,"19, CORNICHE (GRANDE)",,,Plein jour,Hors agglomération,Hors intersection,Normale,Deux véhicules - frontale,,,,,,,,,,,1,1,1,1.0,1.0
201100015482,0011-09-19 16:40:00,11,9,19,16,40,60,83,"17, FRANCE (AVENUE PORTE",,,Plein jour,En agglomération,Hors intersection,Pluie légère,Trois véhicules et plus - en chaîne,,,,,,,,,,,1,2,1,2.0,4.0
201100015483,0011-09-19 19:30:00,11,9,19,19,30,60,83,"17, MADONE (AVENUE DE LA",,,Crépuscule ou aube,En agglomération,Intersection en T,Normale,Deux véhicules - côté,,,,,,,,,,,2,2,3,1.0,3.0
201100015484,0011-10-05 14:35:00,11,10,5,14,35,60,104,"39, CAP MARTIN (PROMENAD",,,Plein jour,En agglomération,Intersection en T,Normale,Deux véhicules - côté,,,,,,,,,,,1,2,3,1.0,3.0
201100015485,0011-10-05 17:20:00,11,10,5,17,20,60,104,"121, VERDUN (AVENUE DE,",,,Plein jour,En agglomération,Hors intersection,Normale,Sans collision,,,,,,,,,,,1,2,1,1.0,7.0
201100015486,0011-10-05 17:47:00,11,10,5,17,47,60,83,"54, LECLERC (PROMENADE M",,,Plein jour,En agglomération,Hors intersection,Normale,Autre collision,,,,,,,,,,,1,2,1,1.0,6.0
201100015487,0011-10-16 21:10:00,11,10,16,21,10,60,83,"29, SOSPEL (AVENUE DE, N",,,Nuit avec éclairage allumé,En agglomération,Hors intersection,Normale,Deux véhicules - arrière,,,,,,,,,,,5,2,1,1.0,2.0
201100015488,0011-10-17 21:40:00,11,10,17,21,40,60,83,"13, CASTAGNINS (ROUTE DE",,,Nuit avec éclairage allumé,En agglomération,Hors intersection,Normale,Autre collision,,,,,,,,,,,5,2,1,1.0,6.0
201100015489,0011-10-19 16:10:00,11,10,19,16,10,60,83,"85, GARAVAN (BOULEVARD,",,,Plein jour,En agglomération,Hors intersection,Pluie légère,Deux véhicules - frontale,,,,,,,,,,,1,2,1,2.0,1.0
201100015490,0011-10-28 17:25:00,11,10,28,17,25,60,83,"47, SOSPEL (AVENUE DE, N",,,Plein jour,En agglomération,Hors intersection,Normale,Autre collision,,,,,,,,,,,1,2,1,1.0,6.0
201100015491,0011-11-04 17:20:00,11,11,4,17,20,60,83,"9, LECLERC (PROMENADE MA",,,Crépuscule ou aube,En agglomération,Hors intersection,Pluie légère,Autre collision,,,,,,,,,,,2,2,1,2.0,6.0
201100015492,0011-11-12 09:40:00,11,11,12,9,40,60,104,"37, SCHUMANN (PROMENADE",,,Plein jour,En agglomération,Hors intersection,Normale,Autre collision,,,,,,,,,,,1,2,1,1.0,6.0
201100015493,0011-11-13 13:45:00,11,11,13,13,45,60,104,"144, CURIE (AVENUE PIERR",,,Plein jour,En agglomération,Hors intersection,Normale,Autre collision,,,,,,,,,,,1,2,1,1.0,6.0
201100015494,0011-11-20 07:00:00,11,11,20,7,0,60,104,"190, VERDUN (AVENUE DE,",,,Plein jour,En agglomération,Hors intersection,Normale,Autre collision,,,,,,,,,,,1,2,1,1.0,6.0
201100015495,0011-11-25 21:45:00,11,11,25,21,45,60,83,"07, IBANEZ (AVENUE BLASC",,,Nuit avec éclairage allumé,En agglomération,Hors intersection,Normale,Autre collision,,,,,,,,,,,5,2,1,1.0,6.0
201100015496,0011-11-24 11:30:00,11,11,24,11,30,60,12,PRINCE RAINIER III (AVEN,,,Plein jour,En agglomération,Intersection en Y,Normale,Sans collision,,,,,,,,,,,1,2,4,1.0,7.0
201100015497,0011-11-27 13:28:00,11,11,27,13,28,60,104,"175, PASTEUR (AVENUE, N?",,,Plein jour,En agglomération,Hors intersection,Normale,Deux véhicules - côté,,,,,,,,,,,1,2,1,1.0,3.0
201100015498,0011-12-17 13:10:00,11,12,17,13,10,60,83,"9, BONAPARTE (QUAI)",,,Plein jour,En agglomération,Hors intersection,Temps éblouissant,Autre collision,,,,,,,,,,,1,2,1,7.0,6.0
201100015499,0011-12-02 19:05:00,11,12,2,19,5,60,83,", BONAPARTE (QUAI)",,,Nuit avec éclairage allumé,En agglomération,Hors intersection,Pluie légère,Autre collision,,,,,,,,,,,5,2,1,2.0,6.0
201100015500,0011-12-23 05:40:00,11,12,23,5,40,60,104,"96, JAURES (AVENUE JEAN)",,,Nuit avec éclairage allumé,En agglomération,Hors intersection,Normale,Deux véhicules - côté,,,,,,,,,,,5,2,1,1.0,3.0
201100015501,0011-01-01 05:50:00,11,1,1,5,50,60,88,"0, ANGLAIS",,,Nuit avec éclairage allumé,En agglomération,Intersection en T,Normale,Deux véhicules - côté,,,,,,,,,,,5,2,3,1.0,3.0
201100015502,0011-01-01 11:40:00,11,1,1,11,40,60,88,"154, GAIRAUT (VIEUX CH.)",,,Plein jour,En agglomération,Hors intersection,Normale,Autre collision,,,,,,,,,,,1,2,1,1.0,6.0
201100015503,0011-01-01 20:10:00,11,1,1,20,10,60,88,"03, COMBOUL (AV. RAYMOND",,,Nuit avec éclairage allumé,En agglomération,Hors intersection,Pluie légère,Deux véhicules - frontale,,,,,,,,,,,5,2,1,2.0,1.0
201100015504,0011-01-02 10:15:00,11,1,2,10,15,60,88,"0, CAVENDISH (RUE)",,,Plein jour,En agglomération,Intersection en X,Normale,Deux véhicules - côté,,,,,,,,,,,1,2,2,1.0,3.0
201100015505,0011-01-03 06:20:00,11,1,3,6,20,60,88,"824, GRENOBLE (ROUTE DE)",,,Nuit sans éclairage public,En agglomération,Hors intersection,Normale,Deux véhicules - arrière,,,,,,,,,,,3,2,1,1.0,2.0
201100015506,0011-01-03 07:45:00,11,1,3,7,45,60,88,"0, BASHKISTEFF (AV. MARI",,,Plein jour,En agglomération,Intersection en X,Normale,Autre collision,,,,,,,,,,,1,2,2,1.0,6.0
201100015507,0011-01-04 08:20:00,11,1,4,8,20,60,88,"0, ARIANE (BD DE L')",,,Plein jour,En agglomération,Hors intersection,Normale,Deux véhicules - côté,,,,,,,,,,,1,2,1,1.0,3.0
201100015508,0011-01-04 17:14:00,11,1,4,17,14,60,88,"0, HEROLD (R.)",,,Nuit avec éclairage allumé,En agglomération,Intersection en T,Normale,Deux véhicules - côté,,,,,,,,,,,5,2,3,1.0,3.0
201100015509,0011-01-05 09:30:00,11,1,5,9,30,60,88,VEROLA (AV. AUGUSTE),,,Plein jour,En agglomération,Hors intersection,Normale,Deux véhicules - frontale,,,,,,,,,,,1,2,1,1.0,1.0
201100015510,0011-01-05 09:50:00,11,1,5,9,50,60,88,"151, CESSOLE (BD DE) (A",,,Plein jour,En agglomération,Hors intersection,Normale,Autre collision,,,,,,,,,,,1,2,1,1.0,6.0
201100015511,0011-01-05 15:15:00,11,1,5,15,15,60,88,"0, BELLET (RTE DE)",,,Plein jour,En agglomération,Intersection en Y,Normale,Deux véhicules - côté,,,,,,,,,,,1,2,4,1.0,3.0
201100015512,0011-01-05 18:00:00,11,1,5,18,0,60,88,"09, MATISSE (AV. HENRI)",,,Nuit avec éclairage allumé,En agglomération,Hors intersection,Pluie légère,Autre collision,,,,,,,,,,,5,2,1,2.0,6.0
201100015513,0011-01-06 09:00:00,11,1,6,9,0,60,88,"0, DESAMBROIS (AV.)",,,Plein jour,En agglomération,Intersection en T,Pluie légère,Autre collision,,,,,,,,,,,1,2,3,2.0,6.0
201100015514,0011-01-06 10:50:00,11,1,6,10,50,60,88,"4, FAURE (AV. FELIX)",,,Plein jour,Hors agglomération,Hors intersection,Pluie légère,Autre collision,,,,,,,,,,,1,1,1,2.0,6.0
201100015515,0011-01-06 15:55:00,11,1,6,15,55,60,88,"0, ESTIENNE -D'ORVES (AV",,,Plein jour,En agglomération,Hors intersection,Pluie légère,Deux véhicules - côté,,,,,,,,,,,1,2,1,2.0,3.0
201100015516,0011-01-06 18:40:00,11,1,6,18,40,60,88,"0, MEDECIN (AV. JEAN)",,,Nuit avec éclairage allumé,En agglomération,Hors intersection,Pluie légère,Deux véhicules - côté,,,,,,,,,,,5,2,1,2.0,3.0
201100015517,0011-01-07 09:50:00,11,1,7,9,50,60,88,"317, ANGLAIS PLAGE (DU 2",,,Plein jour,En agglomération,Hors intersection,Normale,Trois véhicules et plus - en chaîne,,,,,,,,,,,1,2,1,1.0,4.0
201100015518,0011-01-09 12:00:00,11,1,9,12,0,60,88,THIERS (AV.),,,Plein jour,En agglomération,Hors intersection,Pluie légère,Autre collision,,,,,,,,,,,1,2,1,2.0,6.0
201100015519,0011-01-10 08:05:00,11,1,10,8,5,60,88,"0, BOSQUETS (AV. DES)",,,Plein jour,En agglomération,Hors intersection,Pluie forte,Autre collision,,,,,,,,,,,1,2,1,3.0,6.0
201100015520,0011-01-11 14:15:00,11,1,11,14,15,60,88,"0, ANGLAIS",,,Plein jour,En agglomération,Hors intersection,Pluie légère,Deux véhicules - côté,,,,,,,,,,,1,2,1,2.0,3.0
201100015521,0011-01-10 20:20:00,11,1,10,20,20,60,88,"0, GROSSO (A PARTIR DU N",,,Nuit avec éclairage allumé,En agglomération,Hors intersection,Pluie forte,Deux véhicules - côté,,,,,,,,,,,5,2,1,3.0,3.0
201100015522,0011-01-11 09:10:00,11,1,11,9,10,60,88,"0, CALIFORNIE (AV.) (A P",,,Plein jour,En agglomération,Intersection en X,Normale,Deux véhicules - côté,,,,,,,,,,,1,2,2,1.0,3.0
201100015523,0011-01-11 10:15:00,11,1,11,10,15,60,88,"0, ARSON (RUE)",,,Plein jour,En agglomération,Intersection en X,Normale,Deux véhicules - côté,,,,,,,,,,,1,2,2,1.0,3.0
201100015524,0011-01-11 13:48:00,11,1,11,13,48,60,88,"0, PASTEUR (BD)",,,Plein jour,En agglomération,Intersection en T,Normale,Deux véhicules - côté,,,,,,,,,,,1,2,3,1.0,3.0
201100015525,0011-01-11 16:05:00,11,1,11,16,5,60,88,"0, THIERS (AV.)",,,Plein jour,En agglomération,Hors intersection,Normale,Autre collision,,,,,,,,,,,1,2,1,1.0,6.0
201100015526,0011-01-11 16:00:00,11,1,11,16,0,60,88,"154, FRANCE (R. DE) A PA",,,Plein jour,En agglomération,Hors intersection,Normale,Autre collision,,,,,,,,,,,1,2,1,1.0,6.0
201100015527,0011-01-11 17:45:00,11,1,11,17,45,60,88,"0, RAYBAUD JOSEPH",,,Nuit sans éclairage public,En agglomération,Hors intersection,Normale,Deux véhicules - arrière,,,,,,,,,,,3,2,1,1.0,2.0
201100015528,0011-01-11 19:00:00,11,1,11,19,0,60,88,"0, OBSERVATOIRE (R. PRIV",,,Nuit avec éclairage allumé,En agglomération,Hors intersection,Normale,Sans collision,,,,,,,,,,,5,2,1,1.0,7.0
201100015529,0011-01-11 19:00:00,11,1,11,19,0,60,88,"0, GROSSO (A PARTIR DU N",,,Nuit avec éclairage allumé,En agglomération,Intersection en X,Normale,Deux véhicules - côté,,,,,,,,,,,5,2,2,1.0,3.0
201100015530,0011-01-12 14:45:00,11,1,12,14,45,60,88,"0, CIMIEZ (BD) A PARTIR",,,Plein jour,En agglomération,Hors intersection,Normale,Deux véhicules - arrière,,,,,,,,,,,1,2,1,1.0,2.0
201100015531,0011-01-12 14:55:00,11,1,12,14,55,60,88,"0, MADELEINE (BD DE LA)",,,Plein jour,En agglomération,Hors intersection,Normale,Autre collision,,,,,,,,,,,1,2,1,1.0,6.0
201100015532,0011-01-12 17:30:00,11,1,12,17,30,60,88,"0, VOIE RAPIDE",,,Plein jour,En agglomération,Hors intersection,Normale,Trois véhicules et plus - collisions multiples,,,,,,,,,,,1,2,1,1.0,5.0
201100015533,0011-01-13 15:30:00,11,1,13,15,30,60,88,"0, DESAMBROIS (AV.)",,,Plein jour,En agglomération,Hors intersection,Normale,Deux véhicules - côté,,,,,,,,,,,1,2,1,1.0,3.0
201100015534,0011-01-14 08:00:00,11,1,14,8,0,60,88,"39, GAIRAUT (AV. DE)",,,Plein jour,En agglomération,Hors intersection,Normale,Trois véhicules et plus - collisions multiples,,,,,,,,,,,1,2,1,1.0,5.0
201100015535,0011-01-14 14:30:00,11,1,14,14,30,60,88,"0, MONNIER (RUE THYDE)",,,Plein jour,En agglomération,Intersection en T,Normale,Trois véhicules et plus - collisions multiples,,,,,,,,,,,1,2,3,1.0,5.0
201100015536,0011-01-14 15:50:00,11,1,14,15,50,60,88,"0, GARIBALDI (PL.)",,,Plein jour,En agglomération,Hors intersection,Normale,Deux véhicules - côté,,,,,,,,,,,1,2,1,1.0,3.0
201100015537,0011-01-14 18:30:00,11,1,14,18,30,60,88,"0, MATISSE (AV. HENRI)",,,Nuit avec éclairage allumé,En agglomération,Hors intersection,Normale,Deux véhicules - côté,,,,,,,,,,,5,2,1,1.0,3.0
201100015538,0011-01-15 11:15:00,11,1,15,11,15,60,88,"13, BERTRAND (RUE LEON)",,,Plein jour,En agglomération,Hors intersection,Normale,Autre collision,,,,,,,,,,,1,2,1,1.0,6.0
201100015539,0011-01-15 15:10:00,11,1,15,15,10,60,88,"0, VOIE ROMAINE (AV. DE",,,Plein jour,En agglomération,Hors intersection,Normale,Deux véhicules - frontale,,,,,,,,,,,1,2,1,1.0,1.0
201100015540,0011-01-16 11:05:00,11,1,16,11,5,60,88,"0, CASSIN (BD RENE)",,,Plein jour,En agglomération,Hors intersection,Normale,Deux véhicules - côté,,,,,,,,,,,1,2,1,1.0,3.0
201100015541,0011-01-16 16:00:00,11,1,16,16,0,60,88,"0, FRANCE (R. DE) A PART",,,Plein jour,En agglomération,Hors intersection,Normale,Deux véhicules - côté,,,,,,,,,,,1,2,1,1.0,3.0
201100015542,0011-01-16 18:20:00,11,1,16,18,20,60,88,"0, DIGUE DES FRANCAIS (T",,,Nuit avec éclairage allumé,En agglomération,Hors intersection,Normale,Deux véhicules - côté,,,,,,,,,,,5,2,1,1.0,3.0
201100015543,0011-01-16 21:40:00,11,1,16,21,40,60,88,"109, GAMBETTA (JUSQU'AU",,,Nuit avec éclairage allumé,En agglomération,Hors intersection,Normale,Autre collision,,,,,,,,,,,5,2,1,1.0,6.0
201100015544,0011-01-17 10:00:00,11,1,17,10,0,60,88,"0, HUGO (BD VICTOR)",,,Plein jour,En agglomération,Intersection en X,Normale,Deux véhicules - côté,,,,,,,,,,,1,2,2,1.0,3.0
201100015545,0011-01-17 11:00:00,11,1,17,11,0,60,88,"25, MEDECIN (AV. JEAN)",,,Plein jour,En agglomération,Hors intersection,Normale,Autre collision,,,,,,,,,,,1,2,1,1.0,6.0
201100015546,0011-01-17 14:50:00,11,1,17,14,50,60,88,"0, DELFINO (BD GENERAL)",,,Plein jour,En agglomération,Intersection en X,Normale,Deux véhicules - côté,,,,,,,,,,,1,2,2,1.0,3.0
201100015547,0011-01-17 17:20:00,11,1,17,17,20,60,88,"38, MADELEINE (BD DE LA)",,,Crépuscule ou aube,En agglomération,Hors intersection,Normale,Deux véhicules - côté,,,,,,,,,,,2,2,1,1.0,3.0
201100015548,0011-01-17 17:10:00,11,1,17,17,10,60,88,"25, JOLY (CORNICHE ANDRE",,,Nuit avec éclairage allumé,En agglomération,Hors intersection,Normale,Deux véhicules - côté,,,,,,,,,,,5,2,1,1.0,3.0
201100015549,0011-01-19 10:20:00,11,1,19,10,20,60,88,"3, GARNIER (BD JOSEPH)",,,Plein jour,En agglomération,Hors intersection,Normale,Autre collision,,,,,,,,,,,1,2,1,1.0,6.0
201100015550,0011-01-19 14:10:00,11,1,19,14,10,60,88,"0, VOIE RAPIDE",,,Plein jour,En agglomération,Hors intersection,Normale,Deux véhicules - arrière,,,,,,,,,,,1,2,1,1.0,2.0
201100015551,0011-01-19 16:25:00,11,1,19,16,25,60,88,"0, VILLERMONT (AV.)",,,Plein jour,En agglomération,Hors intersection,Normale,Autre collision,,,,,,,,,,,1,2,1,1.0,6.0
201100015552,0011-01-19 18:50:00,11,1,19,18,50,60,88,"0, PENETRANTE DU PAILLON",,,Nuit avec éclairage allumé,En agglomération,Hors intersection,Normale,Deux véhicules - côté,,,,,,,,,,,5,2,1,1.0,3.0
201100015553,0011-01-19 18:48:00,11,1,19,18,48,60,159,"49, CORNE D OR (BOULEVAR",,,Nuit avec éclairage allumé,En agglomération,Hors intersection,Normale,Deux véhicules - côté,,,,,,,,,,,5,2,1,1.0,3.0
201100015554,0011-01-19 20:08:00,11,1,19,20,8,60,88,"0, CARNOT (BD)",,,Nuit avec éclairage allumé,En agglomération,Hors intersection,Normale,Trois véhicules et plus - collisions multiples,,,,,,,,,,,5,2,1,1.0,5.0
201100015555,0011-01-20 15:40:00,11,1,20,15,40,60,88,"3, CAVELL (AV. EDITH)",,,Plein jour,En agglomération,Hors intersection,Normale,Deux véhicules - côté,,,,,,,,,,,1,2,1,1.0,3.0
201100015556,0011-01-20 21:00:00,11,1,20,21,0,60,88,"0, AURIOL (PONT VINCENT)",,,Nuit avec éclairage allumé,En agglomération,Intersection en X,Normale,Deux véhicules - côté,,,,,,,,,,,5,2,2,1.0,3.0
201100015557,0011-01-20 21:50:00,11,1,20,21,50,60,88,"0, PENETRANTE DU PAILLON",,,Nuit avec éclairage allumé,En agglomération,Hors intersection,Normale,Autre collision,,,,,,,,,,,5,2,1,1.0,6.0
201100015558,0011-01-21 07:45:00,11,1,21,7,45,60,88,"47, ANGLAIS (DU N° 1 AU",,,Plein jour,En agglomération,Hors intersection,Normale,Deux véhicules - arrière,,,,,,,,,,,1,2,1,1.0,2.0
201100015559,0011-01-21 07:50:00,11,1,21,7,50,60,88,"0, GARIGLIANO (PONTS)",,,Plein jour,En agglomération,Hors intersection,Normale,Trois véhicules et plus - en chaîne,,,,,,,,,,,1,2,1,1.0,4.0
201100015560,0011-01-21 08:30:00,11,1,21,8,30,60,88,"107, ARENES DE CIMIEZ (A",,,Plein jour,En agglomération,Hors intersection,Normale,Autre collision,,,,,,,,,,,1,2,1,1.0,6.0
201100015561,0011-01-21 11:40:00,11,1,21,11,40,60,88,"27, CERNUSCHI (AV.)",,,Plein jour,Hors agglomération,Hors intersection,Normale,Deux véhicules - côté,,,,,,,,,,,1,1,1,1.0,3.0
201100015562,0011-01-21 14:30:00,11,1,21,14,30,60,88,"0, FABRON (AV. DE) (JUSQ",,,Plein jour,En agglomération,Intersection en T,Normale,Deux véhicules - côté,,,,,,,,,,,1,2,3,1.0,3.0
201100015563,0011-01-21 19:30:00,11,1,21,19,30,60,88,"23, CERNUSCHI (AV.)",,,Nuit avec éclairage allumé,En agglomération,Hors intersection,Normale,Deux véhicules - arrière,,,,,,,,,,,5,2,1,1.0,2.0
201100015564,0011-01-22 04:00:00,11,1,22,4,0,60,88,"30, JAURES (BD JEAN)",,,Nuit avec éclairage allumé,En agglomération,Hors intersection,Normale,Autre collision,,,,,,,,,,,5,2,1,1.0,6.0
201100015565,0011-01-22 17:15:00,11,1,22,17,15,60,88,"227, STE MARGUERITE (AV.",,,Plein jour,En agglomération,Hors intersection,Normale,Deux véhicules - côté,,,,,,,,,,,1,2,1,1.0,3.0
201100015566,0011-01-24 08:00:00,11,1,24,8,0,60,88,"0, GAMBETTA (JUSQU'AU N°",,,Plein jour,En agglomération,Hors intersection,Normale,Deux véhicules - côté,,,,,,,,,,,1,2,1,1.0,3.0
201100015567,0011-01-24 12:00:00,11,1,24,12,0,60,88,"6, GARIBALDI (PL.)",,,Plein jour,En agglomération,Hors intersection,Normale,Autre collision,,,,,,,,,,,1,2,1,1.0,6.0
201100015568,0011-01-24 18:20:00,11,1,24,18,20,60,88,"35, MADELEINE (BD DE LA)",,,Nuit avec éclairage allumé,En agglomération,Hors intersection,Normale,Deux véhicules - côté,,,,,,,,,,,5,2,1,1.0,3.0
201100015569,0011-01-25 13:10:00,11,1,25,13,10,60,88,"0, GIACOBI (AV.)",,,Plein jour,En agglomération,Intersection en X,Normale,Deux véhicules - côté,,,,,,,,,,,1,2,2,1.0,3.0
201100015570,0011-01-25 16:22:00,11,1,25,16,22,60,88,"0, CIMIEZ (BD) A PARTIR",,,Plein jour,En agglomération,Hors intersection,Normale,Deux véhicules - arrière,,,,,,,,,,,1,2,1,1.0,2.0
201100015571,0011-01-25 23:04:00,11,1,25,23,4,60,88,"0, DALPOZZO (RUE)",,,Nuit avec éclairage allumé,En agglomération,Intersection en X,Normale,Deux véhicules - côté,,,,,,,,,,,5,2,2,1.0,3.0
201100015572,0011-01-26 10:30:00,11,1,26,10,30,60,88,"0, HUGO (BD VICTOR)",,,Plein jour,En agglomération,Hors intersection,Normale,Autre collision,,,,,,,,,,,1,2,1,1.0,6.0
201100015573,0011-01-26 15:00:00,11,1,26,15,0,60,88,"8, BARLA (RUE)",,,Plein jour,En agglomération,Hors intersection,Normale,Trois véhicules et plus - en chaîne,,,,,,,,,,,1,2,1,1.0,4.0
201100015574,0011-01-26 20:15:00,11,1,26,20,15,60,88,"99, CANTA GALET (RTE DE)",,,Nuit avec éclairage allumé,En agglomération,Hors intersection,Normale,Deux véhicules - arrière,,,,,,,,,,,5,2,1,1.0,2.0
201100015575,0011-01-27 09:45:00,11,1,27,9,45,60,88,"0, MICHEL ANGE (RLLE)",,,Plein jour,En agglomération,Hors intersection,Normale,Deux véhicules - arrière,,,,,,,,,,,1,2,1,1.0,2.0
201100015576,0011-01-28 10:15:00,11,1,28,10,15,60,88,"42, BORRIGLIONE (JUSQU'A",,,Plein jour,En agglomération,Hors intersection,Normale,Autre collision,,,,,,,,,,,1,2,1,1.0,6.0
201100015577,0011-01-28 16:45:00,11,1,28,16,45,60,88,"0, MALRAUX (VOIE ET TUNN",,,Plein jour,En agglomération,Hors intersection,Normale,Deux véhicules - arrière,,,,,,,,,,,1,2,1,1.0,2.0
201100015578,0011-01-28 17:20:00,11,1,28,17,20,60,88,"0, MONTREAL (BD DE)",,,Crépuscule ou aube,En agglomération,Intersection en Y,Normale,Deux véhicules - côté,,,,,,,,,,,2,2,4,1.0,3.0
201100015579,0011-01-29 09:00:00,11,1,29,9,0,60,88,"0, BANVILLE (RUE THEODOR",,,Plein jour,En agglomération,Hors intersection,Normale,Autre collision,,,,,,,,,,,1,2,1,1.0,6.0
201100015580,0011-01-29 11:20:00,11,1,29,11,20,60,88,"0, JAVA (R. DE)",,,Plein jour,En agglomération,Hors intersection,Normale,Autre collision,,,,,,,,,,,1,2,1,1.0,6.0
201100015581,0011-01-29 13:15:00,11,1,29,13,15,60,88,"0, LAUVETTE (CITE DE LA)",,,Plein jour,En agglomération,Intersection en X,Normale,Deux véhicules - côté,,,,,,,,,,,1,2,2,1.0,3.0
201100015582,0011-01-30 04:30:00,11,1,30,4,30,60,88,"0, DUBOUCHAGE (BD)",,,Nuit avec éclairage allumé,En agglomération,Intersection en X,Normale,Deux véhicules - côté,,,,,,,,,,,5,2,2,1.0,3.0
201100015583,0011-01-30 13:35:00,11,1,30,13,35,60,88,"0, TURIN (RTE DE)",,,Plein jour,En agglomération,Hors intersection,Normale,Autre collision,,,,,,,,,,,1,2,1,1.0,6.0
201100015584,0011-01-31 14:30:00,11,1,31,14,30,60,88,"2, NATHANYA (R.)",,,Plein jour,En agglomération,Hors intersection,Normale,Autre collision,,,,,,,,,,,1,2,1,1.0,6.0
201100015585,0011-02-01 07:45:00,11,2,1,7,45,60,88,"0, CROS DE CAPEU (RUE)",,,Plein jour,En agglomération,Intersection en X,Normale,Deux véhicules - côté,,,,,,,,,,,1,2,2,1.0,3.0
201100015586,0011-02-01 12:45:00,11,2,1,12,45,60,88,"27, ANGLAIS (A PARTIR DU",,,Plein jour,En agglomération,Hors intersection,Normale,Trois véhicules et plus - collisions multiples,,,,,,,,,,,1,2,1,1.0,5.0
201100015587,0011-02-01 22:21:00,11,2,1,22,21,60,88,"0, VOIE RAPIDE",,,Nuit avec éclairage allumé,En agglomération,Hors intersection,Normale,Deux véhicules - arrière,,,,,,,,,,,5,2,1,1.0,2.0
201100015588,0011-02-02 15:40:00,11,2,2,15,40,60,88,"0, ROASSAL (R. CLEMENT)",,,Plein jour,En agglomération,Intersection en X,Normale,Autre collision,,,,,,,,,,,1,2,2,1.0,6.0
201100015589,0011-02-03 09:30:00,11,2,3,9,30,60,88,"136 bis, GAMBETTA (A PAR",,,Plein jour,En agglomération,Hors intersection,Normale,Autre collision,,,,,,,,,,,1,2,1,1.0,6.0
201100015590,0011-02-04 07:20:00,11,2,4,7,20,60,88,"0, HERRIOT (BD EDOUARD)",,,Plein jour,En agglomération,Giratoire,Normale,Autre collision,,,,,,,,,,,1,2,6,1.0,6.0
201100015591,0011-02-04 09:18:00,11,2,4,9,18,60,88,"33, HOTEL DES POSTES (R.",,,Plein jour,En agglomération,Hors intersection,Normale,Deux véhicules - arrière,,,,,,,,,,,1,2,1,1.0,2.0
201100015592,0011-02-04 16:50:00,11,2,4,16,50,60,88,"2, HUGO (BD VICTOR)",,,Plein jour,En agglomération,Hors intersection,Normale,Deux véhicules - arrière,,,,,,,,,,,1,2,1,1.0,2.0
201100015593,0011-02-04 17:20:00,11,2,4,17,20,60,88,"10, DURANTE (AV.)",,,Plein jour,En agglomération,Hors intersection,Normale,Autre collision,,,,,,,,,,,1,2,1,1.0,6.0