accident_id,datetime,annee,mois,jour,heure,minute,departement,commune_insee,adresse,latitude,longitude,luminosite,agglomeration,intersection,meteo,collision,nb_vehicules,nb_usagers,nb_indemnes,nb_tues,nb_blesses_hosp,nb_blesses_legers,age_cond_1,age_cond_2,veh_type_cond_1,veh_type_cond_2,lum_code,agg_code,int_code,atm_code,col_code
201100015721,0011-03-22 11:30:00,11,3,22,11,30,60,88,"0, JOFFRE (R. MARECHAL)",,,Plein jour,En agglomération,Intersection en X,Normale,Deux véhicules - côté,,,,,,,,,,,1,2,2,1.0,3.0
201100015722,0011-03-22 16:00:00,11,3,22,16,0,60,88,"0, SAINT-AUGUSTIN (AV. D",,,Plein jour,En agglomération,Hors intersection,Normale,Deux véhicules - côté,,,,,,,,,,,1,2,1,1.0,3.0
201100015723,0011-03-22 18:40:00,11,3,22,18,40,60,88,"358, STE MARGUERITE (AV.",,,Plein jour,En agglomération,Hors intersection,Normale,Autre collision,,,,,,,,,,,1,2,1,1.0,6.0
201100015724,0011-03-23 14:15:00,11,3,23,14,15,60,88,"4, BINET (RUE ALFRED)",,,Plein jour,En agglomération,Hors intersection,Normale,Deux véhicules - arrière,,,,,,,,,,,1,2,1,1.0,2.0
201100015725,0011-03-23 14:40:00,11,3,23,14,40,60,88,"71, LANTERNE (AV. DE LA)",,,Plein jour,En agglomération,Hors intersection,Normale,Autre collision,,,,,,,,,,,1,2,1,1.0,6.0
201100015726,0011-03-23 17:40:00,11,3,23,17,40,60,88,TURIN (RTE DE),,,Plein jour,En agglomération,Intersection en X,Normale,Deux véhicules - côté,,,,,,,,,,,1,2,2,1.0,3.0
201100015727,0011-03-24 13:40:00,11,3,24,13,40,60,88,"58, SAINT-AUGUSTIN (AV.",,,Plein jour,En agglomération,Hors intersection,Normale,Trois véhicules et plus - collisions multiples,,,,,,,,,,,1,2,1,1.0,5.0
201100015728,0011-03-24 21:35:00,11,3,24,21,35,60,88,"0, ROQUEBILLIERE (R. DE)",,,Nuit avec éclairage allumé,En agglomération,Hors intersection,Normale,Deux véhicules - côté,,,,,,,,,,,5,2,1,1.0,3.0
201100015729,0011-03-25 07:40:00,11,3,25,7,40,60,159,"916, BELLAVISTA (AVENUE)",,,Plein jour,En agglomération,Hors intersection,Normale,Deux véhicules - côté,,,,,,,,,,,1,2,1,1.0,3.0
201100015730,0011-03-25 13:45:00,11,3,25,13,45,60,88,"400, ANGLAIS (DU N° 265",,,Plein jour,En agglomération,Hors intersection,Normale,Deux véhicules - côté,,,,,,,,,,,1,2,1,1.0,3.0
201100015731,0011-03-25 15:15:00,11,3,25,15,15,60,88,"8, FAURE (AV. FELIX)",,,Plein jour,En agglomération,Hors intersection,Normale,Deux véhicules - frontale,,,,,,,,,,,1,2,1,1.0,1.0
201100015732,0011-03-25 22:25:00,11,3,25,22,25,60,88,"0, CASSIN (BD RENE)",,,Nuit avec éclairage allumé,En agglomération,Hors intersection,Normale,Deux véhicules - frontale,,,,,,,,,,,5,2,1,1.0,1.0
201100015733,0011-03-26 01:20:00,11,3,26,1,20,60,88,"26, ETATS UNIS (QUAI DES",,,Nuit avec éclairage non allumé,En agglomération,Hors intersection,Normale,Autre collision,,,,,,,,,,,4,2,1,1.0,6.0
201100015734,0011-03-26 13:30:00,11,3,26,13,30,60,88,"0, HUGO (BD VICTOR)",,,Plein jour,En agglomération,Hors intersection,Normale,Deux véhicules - côté,,,,,,,,,,,1,2,1,1.0,3.0
201100015735,0011-03-27 01:50:00,11,3,27,1,50,60,88,"44, HUGO (BD VICTOR)",,,Nuit avec éclairage allumé,En agglomération,Intersection en X,Normale,Autre collision,,,,,,,,,,,5,2,2,1.0,6.0
201100015736,0011-03-27 13:15:00,11,3,27,13,15,60,88,"0, PAULIANI (AV.)",,,Plein jour,En agglomération,Intersection en T,Normale,Deux véhicules - côté,,,,,,,,,,,1,2,3,1.0,3.0
201100015737,0011-03-28 09:25:00,11,3,28,9,25,60,88,"103, DUNANT (AV. HENRI)",,,Plein jour,En agglomération,Hors intersection,Normale,Autre collision,,,,,,,,,,,1,2,1,1.0,6.0
201100015738,0011-03-28 10:50:00,11,3,28,10,50,60,88,"8 BIS, BOSQUETS (AV. DES",,,Plein jour,En agglomération,Hors intersection,Normale,Autre collision,,,,,,,,,,,1,2,1,1.0,6.0
201100015739,0011-03-28 13:40:00,11,3,28,13,40,60,88,"17, BOUNIN (RUE PAUL)",,,Plein jour,En agglomération,Intersection en X,Normale,Deux véhicules - côté,,,,,,,,,,,1,2,2,1.0,3.0
201100015740,0011-03-30 10:40:00,11,3,30,10,40,60,88,"0, BRES (RUE J.)",,,Plein jour,En agglomération,Intersection en T,Normale,Deux véhicules - côté,,,,,,,,,,,1,2,3,1.0,3.0
201100015741,0011-03-30 13:45:00,11,3,30,13,45,60,88,"0, FLORALIES (AV. DES)",,,Plein jour,En agglomération,Hors intersection,Normale,Deux véhicules - arrière,,,,,,,,,,,1,2,1,1.0,2.0
201100015742,0011-03-30 14:40:00,11,3,30,14,40,60,88,"0, MEDECIN (PL. ALEXANDR",,,Plein jour,En agglomération,Hors intersection,Normale,Deux véhicules - côté,,,,,,,,,,,1,2,1,1.0,3.0
201100015743,0011-03-30 20:50:00,11,3,30,20,50,60,88,"0, MEDECIN (AV. JEAN)",,,Nuit avec éclairage allumé,En agglomération,Hors intersection,Normale,Autre collision,,,,,,,,,,,5,2,1,1.0,6.0
201100015744,0011-03-31 10:45:00,11,3,31,10,45,60,88,CAPPATTI (AV. LOUIS),,,Plein jour,En agglomération,Intersection en X,Normale,Autre collision,,,,,,,,,,,1,2,2,1.0,6.0
201100015745,0011-03-31 14:20:00,11,3,31,14,20,60,88,"0, PASTEUR (BD)",,,Plein jour,En agglomération,Hors intersection,Normale,Deux véhicules - côté,,,,,,,,,,,1,2,1,1.0,3.0
201100015746,0011-03-31 16:00:00,11,3,31,16,0,60,88,"133, STE MARGUERITE (AV.",,,Plein jour,En agglomération,Hors intersection,Normale,Deux véhicules - côté,,,,,,,,,,,1,2,1,1.0,3.0
201100015747,0011-04-01 11:15:00,11,4,1,11,15,60,88,"0, ST LAMBERT A PARTIR D",,,Plein jour,En agglomération,Hors intersection,Normale,Deux véhicules - côté,,,,,,,,,,,1,2,1,1.0,3.0
201100015748,0011-04-01 13:30:00,11,4,1,13,30,60,88,"0, VAUBAN (R. MARECHAL)",,,Plein jour,En agglomération,Hors intersection,Normale,Deux véhicules - côté,,,,,,,,,,,1,2,1,1.0,3.0
201100015749,0011-04-01 15:30:00,11,4,1,15,30,60,88,"22, GALLIENI (AV.)",,,Plein jour,En agglomération,Hors intersection,Normale,Deux véhicules - côté,,,,,,,,,,,1,2,1,1.0,3.0
201100015750,0011-04-02 09:45:00,11,4,2,9,45,60,88,"0, SLAMA (RUE MAURICE)",,,Plein jour,En agglomération,Hors intersection,Normale,Deux véhicules - côté,,,,,,,,,,,1,2,1,1.0,3.0
201100015751,0011-04-02 16:40:00,11,4,2,16,40,60,88,"0, RISSO (BD)",,,Plein jour,En agglomération,Hors intersection,Normale,Autre collision,,,,,,,,,,,1,2,1,1.0,6.0
201100015752,0011-04-02 17:50:00,11,4,2,17,50,60,88,"193, MADELEINE (BD DE LA",,,Plein jour,En agglomération,Hors intersection,Normale,Autre collision,,,,,,,,,,,1,2,1,1.0,6.0
201100015753,0011-04-03 18:00:00,11,4,3,18,0,60,88,"321, ANGLAIS (A PARTIR D",,,Plein jour,En agglomération,Hors intersection,Autre,Deux véhicules - arrière,,,,,,,,,,,1,2,1,9.0,2.0
201100015754,0011-04-04 08:05:00,11,4,4,8,5,60,88,"0, ROUGET-DE-LISLE (R.)",,,Plein jour,En agglomération,Intersection en X,Normale,Deux véhicules - côté,,,,,,,,,,,1,2,2,1.0,3.0
201100015755,0011-04-04 21:30:00,11,4,4,21,30,60,88,"0, ARMEE DES ALPES (BD D",,,Nuit avec éclairage allumé,En agglomération,Intersection en X,Normale,Deux véhicules - frontale,,,,,,,,,,,5,2,2,1.0,1.0
201100015756,0011-04-05 16:45:00,11,4,5,16,45,60,88,"32, PASSY (R. FREDERIC)",,,Plein jour,En agglomération,Hors intersection,Normale,Autre collision,,,,,,,,,,,1,2,1,1.0,6.0
201100015757,0011-04-06 08:20:00,11,4,6,8,20,60,88,"0, GARNIER (BD JOSEPH)",,,Plein jour,En agglomération,Hors intersection,Normale,Deux véhicules - côté,,,,,,,,,,,1,2,1,1.0,3.0
201100015758,0011-04-06 14:30:00,11,4,6,14,30,60,88,"79, SAINT-AUGUSTIN (AV.",,,Plein jour,En agglomération,Intersection en T,Normale,Deux véhicules - côté,,,,,,,,,,,1,2,3,1.0,3.0
201100015759,0011-04-06 15:20:00,11,4,6,15,20,60,88,"14, HOTEL DES POSTES (R.",,,Plein jour,En agglomération,Hors intersection,Normale,Autre collision,,,,,,,,,,,1,2,1,1.0,6.0
201100015760,0011-04-07 07:50:00,11,4,7,7,50,60,88,"0, CARNOT (BD)",,,Plein jour,En agglomération,Hors intersection,Normale,Deux véhicules - côté,,,,,,,,,,,1,2,1,1.0,3.0
201100015761,0011-04-07 10:30:00,11,4,7,10,30,60,88,"0, QUINZIEME CORPS (AV.",,,Plein jour,En agglomération,Hors intersection,Normale,Autre collision,,,,,,,,,,,1,2,1,1.0,6.0
201100015762,0011-04-07 17:40:00,11,4,7,17,40,60,88,"0, FRANKLIN (PL.)",,,Plein jour,En agglomération,Hors intersection,Normale,Deux véhicules - côté,,,,,,,,,,,1,2,1,1.0,3.0
201100015763,0011-04-08 11:10:00,11,4,8,11,10,60,88,"0, LAMARTINE (R.)",,,Plein jour,En agglomération,Intersection en X,Normale,Deux véhicules - côté,,,,,,,,,,,1,2,2,1.0,3.0
201100015764,0011-04-08 15:50:00,11,4,8,15,50,60,88,"292, GRENOBLE (ROUTE DE)",,,Plein jour,En agglomération,Hors intersection,Normale,Trois véhicules et plus - collisions multiples,,,,,,,,,,,1,2,1,1.0,5.0
201100015765,0011-04-08 16:50:00,11,4,8,16,50,60,88,"329, ANGLAIS (DU N? 265",,,Plein jour,En agglomération,Hors intersection,Normale,Autre collision,,,,,,,,,,,1,2,1,1.0,6.0
201100015766,0011-04-08 18:19:00,11,4,8,18,19,60,88,CASSIN (BD RENE),,,Plein jour,En agglomération,Hors intersection,Normale,Deux véhicules - côté,,,,,,,,,,,1,2,1,1.0,3.0
201100015767,0011-04-09 08:30:00,11,4,9,8,30,60,88,"62, SAINT-ROCH (BD DE)",,,Plein jour,En agglomération,Hors intersection,Normale,Deux véhicules - arrière,,,,,,,,,,,1,2,1,1.0,2.0
201100015768,0011-04-09 13:45:00,11,4,9,13,45,60,88,"0, DUNANT (AV. HENRI)",,,Plein jour,En agglomération,Hors intersection,Normale,Deux véhicules - côté,,,,,,,,,,,1,2,1,1.0,3.0
201100015769,0011-04-09 17:00:00,11,4,9,17,0,60,159,"520, CONDAMINE (AVENUE D",,,Plein jour,En agglomération,Hors intersection,Normale,Deux véhicules - arrière,,,,,,,,,,,1,2,1,1.0,2.0
201100015770,0011-04-09 17:30:00,11,4,9,17,30,60,88,"0, CESSOLE (BD DE) (A PA",,,Plein jour,En agglomération,Intersection en X,Normale,Autre collision,,,,,,,,,,,1,2,2,1.0,6.0
201100015771,0011-04-09 19:50:00,11,4,9,19,50,60,88,"19, AUGUSTA (AV. ANTONIA",,,Crépuscule ou aube,En agglomération,Hors intersection,Normale,Autre collision,,,,,,,,,,,2,2,1,1.0,6.0
201100015772,0011-04-10 17:30:00,11,4,10,17,30,60,88,"0, GARIBALDI (PL.)",,,Plein jour,En agglomération,Hors intersection,Normale,Autre collision,,,,,,,,,,,1,2,1,1.0,6.0
201100015773,0011-04-10 20:00:00,11,4,10,20,0,60,88,"12, HUGO (BD VICTOR)",,,Crépuscule ou aube,En agglomération,Intersection en X,Normale,Deux véhicules - côté,,,,,,,,,,,2,2,2,1.0,3.0
201100015774,0011-04-11 11:50:00,11,4,11,11,50,60,88,"0, FONTAINE DES ISCLES (",,,Plein jour,En agglomération,Hors intersection,Normale,Deux véhicules - frontale,,,,,,,,,,,1,2,1,1.0,1.0
201100015775,0011-04-11 15:00:00,11,4,11,15,0,60,88,"124, GAMBETTA (JUSQU'AU",,,Plein jour,En agglomération,Hors intersection,Normale,Deux véhicules - côté,,,,,,,,,,,1,2,1,1.0,3.0
201100015776,0011-04-11 18:35:00,11,4,11,18,35,60,88,"111, CESSOLE (BD DE) (A",,,Plein jour,En agglomération,Intersection en X,Normale,Autre collision,,,,,,,,,,,1,2,2,1.0,6.0
201100015777,0011-04-12 09:40:00,11,4,12,9,40,60,88,"0, HOTEL DES POSTES (R.)",,,Plein jour,En agglomération,Intersection en X,Normale,Autre collision,,,,,,,,,,,1,2,2,1.0,6.0
201100015778,0011-04-12 15:40:00,11,4,12,15,40,60,88,"0, CAISSOTI (RUE)",,,Plein jour,En agglomération,Intersection en X,Normale,Deux véhicules - côté,,,,,,,,,,,1,2,2,1.0,3.0
201100015779,0011-04-12 16:30:00,11,4,12,16,30,60,88,"0, CASSIN (BD RENE)",,,Plein jour,En agglomération,Hors intersection,Normale,Autre collision,,,,,,,,,,,1,2,1,1.0,6.0
201100015780,0011-04-12 16:30:00,11,4,12,16,30,60,88,"0, RAYNAUD (BD AUGUSTE)",,,Plein jour,En agglomération,Intersection en T,Normale,Deux véhicules - côté,,,,,,,,,,,1,2,3,1.0,3.0
201100015781,0011-04-13 15:15:00,11,4,13,15,15,60,88,"0, GRINDA (AV. EDOUARD)",,,Plein jour,En agglomération,Hors intersection,Normale,Deux véhicules - côté,,,,,,,,,,,1,2,1,1.0,3.0
201100015782,0011-04-13 16:10:00,11,4,13,16,10,60,88,"0, SUEDE (AV. DE)",,,Plein jour,En agglomération,Intersection en T,Normale,Sans collision,,,,,,,,,,,1,2,3,1.0,7.0
201100015783,0011-04-13 16:50:00,11,4,13,16,50,60,88,"0, BARLA (TRAV.)",,,Plein jour,En agglomération,Hors intersection,Normale,Autre collision,,,,,,,,,,,1,2,1,1.0,6.0
201100015784,0011-04-13 17:30:00,11,4,13,17,30,60,88,"04, JAURES (BD JEAN)",,,Plein jour,En agglomération,Hors intersection,Normale,Autre collision,,,,,,,,,,,1,2,1,1.0,6.0
201100015785,0011-04-13 18:05:00,11,4,13,18,5,60,88,"8, SAPPIA (AV. HENRI)",,,Plein jour,En agglomération,Hors intersection,Normale,Autre collision,,,,,,,,,,,1,2,1,1.0,6.0
201100015786,0011-04-14 10:43:00,11,4,14,10,43,60,88,"0, ANGLAIS (DU N? 45 AU",,,Plein jour,En agglomération,Hors intersection,Normale,Deux véhicules - côté,,,,,,,,,,,1,2,1,1.0,3.0
201100015787,0011-04-14 16:40:00,11,4,14,16,40,60,88,"0, VOIE RAPIDE",,,Plein jour,En agglomération,Hors intersection,Normale,Trois véhicules et plus - en chaîne,,,,,,,,,,,1,2,1,1.0,4.0
201100015788,0011-04-15 10:50:00,11,4,15,10,50,60,88,"0, SAINT-FRANCOIS (PL.)",,,Plein jour,En agglomération,Hors intersection,Normale,Autre collision,,,,,,,,,,,1,2,1,1.0,6.0
201100015789,0011-04-15 12:47:00,11,4,15,12,47,60,88,"154, GAIRAUT (VIEUX CH.)",,,Plein jour,En agglomération,Hors intersection,Normale,Deux véhicules - frontale,,,,,,,,,,,1,2,1,1.0,1.0
201100015790,0011-04-15 10:25:00,11,4,15,10,25,60,88,"0, ILE-DE-BEAUTE (PL. DE",,,Plein jour,En agglomération,Hors intersection,Normale,Autre collision,,,,,,,,,,,1,2,1,1.0,6.0
201100015791,0011-04-16 10:20:00,11,4,16,10,20,60,88,"0, BARLA (RUE)",,,Plein jour,En agglomération,Intersection en X,Normale,Deux véhicules - côté,,,,,,,,,,,1,2,2,1.0,3.0
201100015792,0011-04-16 11:10:00,11,4,16,11,10,60,88,"170/174, TURIN (RTE DE)",,,Plein jour,En agglomération,Hors intersection,Normale,Autre collision,,,,,,,,,,,1,2,1,1.0,6.0
201100015793,0011-04-16 15:20:00,11,4,16,15,20,60,88,"0, ORESTIS (R. DES)",,,Plein jour,En agglomération,Hors intersection,Normale,Autre collision,,,,,,,,,,,1,2,1,1.0,6.0
201100015794,0011-04-16 19:00:00,11,4,16,19,0,60,88,BIECKERT (AV. EMILE),,,Plein jour,En agglomération,Hors intersection,Normale,Autre collision,,,,,,,,,,,1,2,1,1.0,6.0
201100015795,0011-04-17 01:10:00,11,4,17,1,10,60,88,"75, ANGLAIS PLAGE (N? 11",,,Nuit avec éclairage allumé,En agglomération,Hors intersection,Normale,Autre collision,,,,,,,,,,,5,2,1,1.0,6.0
201100015796,0011-04-17 15:50:00,11,4,17,15,50,60,88,"0, JAURES (BD JEAN)",,,Plein jour,En agglomération,Hors intersection,Normale,Autre collision,,,,,,,,,,,1,2,1,1.0,6.0
201100015797,0011-04-17 22:45:00,11,4,17,22,45,60,88,"0, ST LAMBERT (JUSQU'AU",,,Nuit avec éclairage allumé,En agglomération,Hors intersection,Normale,Sans collision,,,,,,,,,,,5,2,1,1.0,7.0
201100015798,0011-04-18 14:15:00,11,4,18,14,15,60,88,"305, ANGLAIS PLAGE (DU 2",,,Plein jour,En agglomération,Hors intersection,Normale,Autre collision,,,,,,,,,,,1,2,1,1.0,6.0
201100015799,0011-04-18 16:25:00,11,4,18,16,25,60,88,"143, CALIFORNIE (AV.) (D",,,Plein jour,En agglomération,Hors intersection,Normale,Deux véhicules - côté,,,,,,,,,,,1,2,1,1.0,3.0
201100015800,0011-04-18 21:50:00,11,4,18,21,50,60,88,"11, RIQUIER (BD DE)",,,Nuit avec éclairage allumé,En agglomération,Hors intersection,Normale,Autre collision,,,,,,,,,,,5,2,1,1.0,6.0
201100015801,0011-04-18 17:00:00,11,4,18,17,0,60,88,"0, RD 6202",,,Plein jour,En agglomération,Hors intersection,Normale,Autre collision,,,,,,,,,,,1,2,1,1.0,6.0
201100015802,0011-04-19 00:45:00,11,4,19,0,45,60,88,"0, ILE-DE-BEAUTE (PL. DE",,,Nuit avec éclairage allumé,En agglomération,Hors intersection,Normale,Deux véhicules - côté,,,,,,,,,,,5,2,1,1.0,3.0
201100015803,0011-04-19 15:20:00,11,4,19,15,20,60,88,"70, CARNOT (BD)",,,Plein jour,En agglomération,Hors intersection,Normale,Deux véhicules - côté,,,,,,,,,,,1,2,1,1.0,3.0
201100015804,0011-04-19 18:10:00,11,4,19,18,10,60,88,"124, GAMBETTA (JUSQU'AU",,,Plein jour,En agglomération,Hors intersection,Normale,Deux véhicules - côté,,,,,,,,,,,1,2,1,1.0,3.0
201100015805,0011-04-19 18:45:00,11,4,19,18,45,60,88,"0, GRENOBLE (ROUTE DE)",,,Plein jour,En agglomération,Hors intersection,Normale,Deux véhicules - côté,,,,,,,,,,,1,2,1,1.0,3.0
201100015806,0011-04-20 17:45:00,11,4,20,17,45,60,88,"0, LANTERNE (AV. DE LA)",,,Plein jour,En agglomération,Intersection en T,Normale,Autre collision,,,,,,,,,,,1,2,3,1.0,6.0
201100015807,0011-04-20 21:30:00,11,4,20,21,30,60,88,"0, SAINT-AUGUSTIN (AV. D",,,Nuit avec éclairage allumé,En agglomération,Intersection en T,Normale,Deux véhicules - côté,,,,,,,,,,,5,2,3,1.0,3.0
201100015808,0011-04-20 22:20:00,11,4,20,22,20,60,88,"0, FERAUD (R. RAYMOND)",,,Nuit avec éclairage allumé,En agglomération,Hors intersection,Normale,Autre collision,,,,,,,,,,,5,2,1,1.0,6.0
201100015809,0011-04-21 07:45:00,11,4,21,7,45,60,88,"0, BORRIGLIONE (A PARTIR",,,Plein jour,En agglomération,Intersection en T,Normale,Deux véhicules - côté,,,,,,,,,,,1,2,3,1.0,3.0
201100015810,0011-04-21 09:00:00,11,4,21,9,0,60,88,"223, ANGLAIS PLAGE (DU 1",,,Plein jour,En agglomération,Hors intersection,Normale,Autre collision,,,,,,,,,,,1,2,1,1.0,6.0
201100015811,0011-04-21 13:30:00,11,4,21,13,30,60,88,"245, BELLET (RTE DE)",,,Plein jour,En agglomération,Hors intersection,Normale,Deux véhicules - arrière,,,,,,,,,,,1,2,1,1.0,2.0
201100015812,0011-04-21 16:10:00,11,4,21,16,10,60,88,"0, POTIERS (R. DES)",,,Plein jour,En agglomération,Intersection en X,Normale,Autre collision,,,,,,,,,,,1,2,2,1.0,6.0
201100015813,0011-04-21 18:15:00,11,4,21,18,15,60,88,"0, JOLY (CORNICHE ANDRE",,,Plein jour,Hors agglomération,Hors intersection,Normale,Deux véhicules - arrière,,,,,,,,,,,1,1,1,1.0,2.0
201100015814,0011-04-21 15:15:00,11,4,21,15,15,60,159,"0, PONCHARDIER (QUAI)",,,Plein jour,En agglomération,Hors intersection,Normale,Autre collision,,,,,,,,,,,1,2,1,1.0,6.0
201100015815,0011-04-22 00:30:00,11,4,22,0,30,60,88,"0, RIQUIER (BD DE)",,,Nuit avec éclairage allumé,En agglomération,Intersection en X,Normale,Deux véhicules - côté,,,,,,,,,,,5,2,2,1.0,3.0
201100015816,0011-04-23 08:10:00,11,4,23,8,10,60,88,"242, GINESTIERE (CH. DE",,,Plein jour,En agglomération,Hors intersection,Normale,Autre collision,,,,,,,,,,,1,2,1,1.0,6.0
201100015817,0011-04-24 03:18:00,11,4,24,3,18,60,88,"0, GENDARMERIE (R. DE LA",,,Nuit avec éclairage allumé,En agglomération,Intersection en X,Normale,Trois véhicules et plus - collisions multiples,,,,,,,,,,,5,2,2,1.0,5.0
201100015818,0011-04-24 21:33:00,11,4,24,21,33,60,88,"0, GAMBETTA (A PARTIR DU",,,Plein jour,En agglomération,Intersection en X,Normale,Deux véhicules - côté,,,,,,,,,,,1,2,2,1.0,3.0
201100015819,0011-04-25 14:15:00,11,4,25,14,15,60,88,"228, TURIN (RTE DE)",,,Plein jour,En agglomération,Hors intersection,Normale,Deux véhicules - arrière,,,,,,,,,,,1,2,1,1.0,2.0
201100015820,0011-04-26 08:10:00,11,4,26,8,10,60,88,"0, ANGLAIS (DU N? 1 AU N",,,Plein jour,En agglomération,Hors intersection,Normale,Autre collision,,,,,,,,,,,1,2,1,1.0,6.0
201100015821,0011-04-27 13:45:00,11,4,27,13,45,60,88,"0, SAINT-LAMBERT (AV.) (",,,Plein jour,En agglomération,Hors intersection,Normale,Deux véhicules - côté,,,,,,,,,,,1,2,1,1.0,3.0
201100015822,0011-04-29 08:30:00,11,4,29,8,30,60,88,"47, ANGLAIS (DU N? 45 AU",,,Plein jour,En agglomération,Hors intersection,Normale,Trois véhicules et plus - collisions multiples,,,,,,,,,,,1,2,1,1.0,5.0
201100015823,0011-04-29 12:50:00,11,4,29,12,50,60,88,"0, LEPANTE (R. DE)",,,Plein jour,En agglomération,Intersection en X,Normale,Deux véhicules - côté,,,,,,,,,,,1,2,2,1.0,3.0
201100015824,0011-04-29 14:10:00,11,4,29,14,10,60,88,"0, BOYER (RUE)",,,Plein jour,En agglomération,Hors intersection,Normale,Deux véhicules - côté,,,,,,,,,,,1,2,1,1.0,3.0
201100015825,0011-04-29 16:30:00,11,4,29,16,30,60,88,"23, BUFFA (RUE DE LA)",,,Plein jour,En agglomération,Hors intersection,Normale,Autre collision,,,,,,,,,,,1,2,1,1.0,6.0
201100015826,0011-04-29 18:00:00,11,4,29,18,0,60,88,"40, BRAILLE (BD LOUIS)",,,Plein jour,En agglomération,Hors intersection,Normale,Autre collision,,,,,,,,,,,1,2,1,1.0,6.0
201100015827,0011-04-29 20:35:00,11,4,29,20,35,60,88,"0, DIDEROT (RUE)",,,Plein jour,En agglomération,Hors intersection,Normale,Deux véhicules - côté,,,,,,,,,,,1,2,1,1.0,3.0
201100015828,0011-04-30 08:30:00,11,4,30,8,30,60,88,"66, ESTIENNE -D'ORVES (A",,,Plein jour,En agglomération,Hors intersection,Normale,Deux véhicules - côté,,,,,,,,,,,1,2,1,1.0,3.0
201100015829,0011-04-30 14:00:00,11,4,30,14,0,60,88,"36, HUGO (BD VICTOR)",,,Plein jour,En agglomération,Hors intersection,Normale,Autre collision,,,,,,,,,,,1,2,1,1.0,6.0
201100015830,0011-05-01 17:00:00,11,5,1,17,0,60,88,"0, VOIE RAPIDE",,,Plein jour,En agglomération,Hors intersection,Normale,Autre collision,,,,,,,,,,,1,2,1,1.0,6.0
201100015831,0011-05-01 17:15:00,11,5,1,17,15,60,159,"43, NAPOLEON III (BOULEV",,,Plein jour,En agglomération,Hors intersection,Normale,Deux véhicules - côté,,,,,,,,,,,1,2,1,1.0,3.0
201100015832,0011-05-02 08:15:00,11,5,2,8,15,60,88,"41, CARABACEL (BD)",,,Plein jour,En agglomération,Hors intersection,Normale,Deux véhicules - côté,,,,,,,,,,,1,2,1,1.0,3.0
201100015833,0011-05-02 09:00:00,11,5,2,9,0,60,88,"0, BUFFA (RUE DE LA)",,,Plein jour,En agglomération,Hors intersection,Normale,Deux véhicules - côté,,,,,,,,,,,1,2,1,1.0,3.0
201100015834,0011-05-02 17:20:00,11,5,2,17,20,60,88,"25, JOLY (CORNICHE ANDRE",,,Plein jour,En agglomération,Hors intersection,Normale,Deux véhicules - côté,,,,,,,,,,,1,2,1,1.0,3.0
201100015835,0011-05-02 17:45:00,11,5,2,17,45,60,88,"11, DUNOYER DE SEGONZAC",,,Plein jour,En agglomération,Hors intersection,Normale,Autre collision,,,,,,,,,,,1,2,1,1.0,6.0
201100015836,0011-05-02 18:25:00,11,5,2,18,25,60,88,"0, SCHUMAN (R. R.)",,,Plein jour,En agglomération,Hors intersection,Normale,Autre collision,,,,,,,,,,,1,2,1,1.0,6.0
201100015837,0011-05-03 08:55:00,11,5,3,8,55,60,88,"103, GAMBETTA (A PARTIR",,,Plein jour,En agglomération,Hors intersection,Normale,Deux véhicules - arrière,,,,,,,,,,,1,2,1,1.0,2.0
201100015838,0011-05-03 09:20:00,11,5,3,9,20,60,88,"25, MONTEL (BD PAUL)",,,Plein jour,En agglomération,Hors intersection,Normale,Autre collision,,,,,,,,,,,1,2,1,1.0,6.0
201100015839,0011-05-03 11:30:00,11,5,3,11,30,60,88,"0, SOLA (BD PIERRE)",,,Plein jour,En agglomération,Intersection en X,Normale,Autre collision,,,,,,,,,,,1,2,2,1.0,6.0
201100015840,0011-05-03 17:35:00,11,5,3,17,35,60,88,"0, GARIGLIANO (PONTS)",,,Plein jour,En agglomération,Hors intersection,Normale,Deux véhicules - frontale,,,,,,,,,,,1,2,1,1.0,1.0
201100015841,0011-05-04 09:45:00,11,5,4,9,45,60,159,"1925, BELLAVISTA (AVENUE",,,Plein jour,En agglomération,Hors intersection,Normale,Deux véhicules - côté,,,,,,,,,,,1,2,1,1.0,3.0
201100015842,0011-05-04 12:20:00,11,5,4,12,20,60,88,"174, CARNOT (BD)",,,Plein jour,En agglomération,Hors intersection,Normale,Trois véhicules et plus - en chaîne,,,,,,,,,,,1,2,1,1.0,4.0
201100015843,0011-05-04 14:20:00,11,5,4,14,20,60,88,"41, THIERS (AV.)",,,Plein jour,En agglomération,Hors intersection,Normale,Autre collision,,,,,,,,,,,1,2,1,1.0,6.0
201100015844,0011-05-04 19:50:00,11,5,4,19,50,60,88,"0, FERRIE (SQUARE GENERA",,,Plein jour,En agglomération,Hors intersection,Normale,Deux véhicules - côté,,,,,,,,,,,1,2,1,1.0,3.0
201100015845,0011-05-04 12:50:00,11,5,4,12,50,60,88,"0, TURIN (RTE DE)",,,Plein jour,En agglomération,Hors intersection,Normale,Deux véhicules - arrière,,,,,,,,,,,1,2,1,1.0,2.0
201100015846,0011-05-05 11:25:00,11,5,5,11,25,60,159,"5, COURBET (QUAI)",,,Plein jour,En agglomération,Hors intersection,Normale,Autre collision,,,,,,,,,,,1,2,1,1.0,6.0
201100015847,0011-05-05 17:15:00,11,5,5,17,15,60,88,"0, BEAUMONT (RUE)",,,Plein jour,En agglomération,Intersection en X,Normale,Autre collision,,,,,,,,,,,1,2,2,1.0,6.0
201100015848,0011-05-05 18:45:00,11,5,5,18,45,60,88,"0, VOIE RAPIDE",,,Plein jour,En agglomération,Hors intersection,Normale,Deux véhicules - arrière,,,,,,,,,,,1,2,1,1.0,2.0
201100015849,0011-05-05 18:50:00,11,5,5,18,50,60,88,"0, DEFLY (RUE)",,,Plein jour,En agglomération,Hors intersection,Normale,Autre collision,,,,,,,,,,,1,2,1,1.0,6.0
201100015850,0011-05-05 19:00:00,11,5,5,19,0,60,88,"88, BESSET (AV.) (A PART",,,Plein jour,En agglomération,Hors intersection,Normale,Autre collision,,,,,,,,,,,1,2,1,1.0,6.0