accident_id,datetime,annee,mois,jour,heure,minute,departement,commune_insee,adresse,latitude,longitude,luminosite,agglomeration,intersection,meteo,collision,nb_vehicules,nb_usagers,nb_indemnes,nb_tues,nb_blesses_hosp,nb_blesses_legers,age_cond_1,age_cond_2,veh_type_cond_1,veh_type_cond_2,lum_code,agg_code,int_code,atm_code,col_code
201100015980,0011-06-17 16:10:00,11,6,17,16,10,60,88,"03, ANGLAIS PLAGE (N?1 A",,,Plein jour,En agglomération,Hors intersection,Normale,Autre collision,,,,,,,,,,,1,2,1,1.0,6.0
201100015981,0011-06-18 01:15:00,11,6,18,1,15,60,88,"77, CARNOT (BD)",,,Nuit avec éclairage allumé,Hors agglomération,Hors intersection,Normale,Deux véhicules - frontale,,,,,,,,,,,5,1,1,1.0,1.0
201100015982,0011-06-18 10:50:00,11,6,18,10,50,60,88,"0, VERAN (AV. IMP. ANTOI",,,Plein jour,En agglomération,Hors intersection,Normale,Autre collision,,,,,,,,,,,1,2,1,1.0,6.0
201100015983,0011-06-19 11:00:00,11,6,19,11,0,60,88,"13, GRAMMONT (R. DE)",,,Plein jour,En agglomération,Hors intersection,Normale,Deux véhicules - côté,,,,,,,,,,,1,2,1,1.0,3.0
201100015984,0011-06-18 16:40:00,11,6,18,16,40,60,88,"0, CLEMENCEAU (AV. GEORG",,,Plein jour,En agglomération,Intersection en X,Normale,Deux véhicules - côté,,,,,,,,,,,1,2,2,1.0,3.0
201100015985,0011-06-19 01:05:00,11,6,19,1,5,60,88,"0, ARIANE (BD DE L')",,,Nuit avec éclairage allumé,En agglomération,Hors intersection,Normale,Deux véhicules - arrière,,,,,,,,,,,5,2,1,1.0,2.0
201100015986,0011-06-19 18:50:00,11,6,19,18,50,60,88,"0, GAMBETTA (JUSQU'AU N?",,,Plein jour,En agglomération,Hors intersection,Normale,Trois véhicules et plus - collisions multiples,,,,,,,,,,,1,2,1,1.0,5.0
201100015987,0011-06-21 15:18:00,11,6,21,15,18,60,88,"127, LYAUTEY (AV. DU MAL",,,Plein jour,En agglomération,Hors intersection,Normale,Autre collision,,,,,,,,,,,1,2,1,1.0,6.0
201100015988,0011-06-22 06:20:00,11,6,22,6,20,60,88,"105, ETATS UNIS (QUAI DE",,,Crépuscule ou aube,En agglomération,Hors intersection,Normale,Autre collision,,,,,,,,,,,2,2,1,1.0,6.0
201100015989,0011-06-22 12:00:00,11,6,22,12,0,60,88,"18, MONTREAL (BD DE)",,,Plein jour,En agglomération,Hors intersection,Normale,Autre collision,,,,,,,,,,,1,2,1,1.0,6.0
201100015990,0011-06-22 16:30:00,11,6,22,16,30,60,88,"0, CARLONE (BD)",,,Plein jour,En agglomération,Hors intersection,Normale,Deux véhicules - côté,,,,,,,,,,,1,2,1,1.0,3.0
201100015991,0011-06-22 18:40:00,11,6,22,18,40,60,88,"47, LYAUTEY (AV. DU MAL)",,,Plein jour,En agglomération,Hors intersection,Normale,Deux véhicules - arrière,,,,,,,,,,,1,2,1,1.0,2.0
201100015992,0011-06-23 08:10:00,11,6,23,8,10,60,88,"0, BELLET (AV. DE)",,,Plein jour,En agglomération,Hors intersection,Normale,Trois véhicules et plus - en chaîne,,,,,,,,,,,1,2,1,1.0,4.0
201100015993,0011-06-23 12:10:00,11,6,23,12,10,60,88,"59, GRENOBLE (ROUTE DE)",,,Plein jour,En agglomération,Hors intersection,Normale,Deux véhicules - arrière,,,,,,,,,,,1,2,1,1.0,2.0
201100015994,0011-06-23 16:10:00,11,6,23,16,10,60,88,"0, ARENE (AV. PAUL)",,,Plein jour,En agglomération,Hors intersection,Normale,Deux véhicules - côté,,,,,,,,,,,1,2,1,1.0,3.0
201100015995,0011-06-23 23:25:00,11,6,23,23,25,60,88,"0, MOULIN (PL. JEAN)",,,Nuit avec éclairage allumé,En agglomération,Intersection en X,Normale,Deux véhicules - côté,,,,,,,,,,,5,2,2,1.0,3.0
201100015996,0011-06-24 10:00:00,11,6,24,10,0,60,88,"19, CARABACEL (BD)",,,Plein jour,En agglomération,Hors intersection,Normale,Deux véhicules - côté,,,,,,,,,,,1,2,1,1.0,3.0
201100015997,0011-06-24 13:45:00,11,6,24,13,45,60,88,"0, ALLEGRE (AV. JEAN)",,,Plein jour,En agglomération,Hors intersection,Normale,Autre collision,,,,,,,,,,,1,2,1,1.0,6.0
201100015998,0011-06-24 14:30:00,11,6,24,14,30,60,88,"0, RICHELMI (R. DR P.)",,,Plein jour,En agglomération,Intersection en X,Normale,Trois véhicules et plus - collisions multiples,,,,,,,,,,,1,2,2,1.0,5.0
201100015999,0011-06-24 16:30:00,11,6,24,16,30,60,88,"06, MALONAT (R. DU)",,,Plein jour,En agglomération,Hors intersection,Normale,Autre collision,,,,,,,,,,,1,2,1,1.0,6.0
201100016000,0011-06-24 20:30:00,11,6,24,20,30,60,88,"0, MICHEL ANGE (AV.) (JU",,,Plein jour,En agglomération,Intersection en X,Normale,Autre collision,,,,,,,,,,,1,2,2,1.0,6.0
201100016001,0011-06-25 10:30:00,11,6,25,10,30,60,88,"0, MONT-BORON (BD DU) (A",,,Plein jour,En agglomération,Intersection en X,Normale,Deux véhicules - côté,,,,,,,,,,,1,2,2,1.0,3.0
201100016002,0011-06-25 18:00:00,11,6,25,18,0,60,88,"450, ANGLAIS PLAGE(  PAR",,,Plein jour,En agglomération,Hors intersection,Normale,Deux véhicules - côté,,,,,,,,,,,1,2,1,1.0,3.0
201100016003,0011-06-26 05:50:00,11,6,26,5,50,60,88,"0, MASSENA (PLACE)",,,Plein jour,En agglomération,Intersection en X,Normale,Deux véhicules - côté,,,,,,,,,,,1,2,2,1.0,3.0
201100016004,0011-06-26 07:45:00,11,6,26,7,45,60,88,"0, ARSON (RUE)",,,Plein jour,En agglomération,Intersection en X,Normale,Deux véhicules - côté,,,,,,,,,,,1,2,2,1.0,3.0
201100016005,0011-06-26 16:15:00,11,6,26,16,15,60,88,"26, RAYNAUD (BD AUGUSTE)",,,Plein jour,En agglomération,Hors intersection,Normale,Autre collision,,,,,,,,,,,1,2,1,1.0,6.0
201100016006,0011-06-27 08:30:00,11,6,27,8,30,60,88,"13, GRAMMONT (R. DE)",,,Plein jour,En agglomération,Hors intersection,Normale,Deux véhicules - côté,,,,,,,,,,,1,2,1,1.0,3.0
201100016007,0011-06-27 12:10:00,11,6,27,12,10,60,88,"15, BRAILLE (BD LOUIS)",,,Plein jour,En agglomération,Hors intersection,Normale,Autre collision,,,,,,,,,,,1,2,1,1.0,6.0
201100016008,0011-06-27 18:45:00,11,6,27,18,45,60,88,"4, SAINT-ROCH (BD DE)",,,Plein jour,En agglomération,Hors intersection,Normale,Autre collision,,,,,,,,,,,1,2,1,1.0,6.0
201100016009,0011-06-28 07:20:00,11,6,28,7,20,60,88,"24, FLIREY (AV. DE)",,,Plein jour,En agglomération,Hors intersection,Normale,Deux véhicules - côté,,,,,,,,,,,1,2,1,1.0,3.0
201100016010,0011-06-28 08:15:00,11,6,28,8,15,60,88,"0, GRENOBLE (ROUTE DE)",,,Plein jour,En agglomération,Hors intersection,Normale,Deux véhicules - arrière,,,,,,,,,,,1,2,1,1.0,2.0
201100016011,0011-06-28 10:00:00,11,6,28,10,0,60,88,"0, ANGLAIS (A PARTIR DU",,,Plein jour,En agglomération,Hors intersection,Normale,Deux véhicules - côté,,,,,,,,,,,1,2,1,1.0,3.0
201100016012,0011-06-28 13:30:00,11,6,28,13,30,60,88,"113, PASTEUR (BD)",,,Plein jour,En agglomération,Hors intersection,Normale,Deux véhicules - frontale,,,,,,,,,,,1,2,1,1.0,1.0
201100016013,0011-06-28 15:00:00,11,6,28,15,0,60,88,"0, VERANY (BD J.B.)",,,Plein jour,En agglomération,Hors intersection,Normale,Autre collision,,,,,,,,,,,1,2,1,1.0,6.0
201100016014,0011-06-28 22:36:00,11,6,28,22,36,60,88,"0, ANGLAIS (A PARTIR DU",,,Plein jour,En agglomération,Hors intersection,Normale,Deux véhicules - côté,,,,,,,,,,,1,2,1,1.0,3.0
201100016015,0011-06-29 12:00:00,11,6,29,12,0,60,88,"235, ANGLAIS (A PARTIR D",,,Plein jour,En agglomération,Hors intersection,Normale,Deux véhicules - arrière,,,,,,,,,,,1,2,1,1.0,2.0
201100016016,0011-06-29 12:35:00,11,6,29,12,35,60,88,"13, CALIFORNIE (AV.) (A",,,Plein jour,En agglomération,Hors intersection,Normale,Deux véhicules - côté,,,,,,,,,,,1,2,1,1.0,3.0
201100016017,0011-06-29 18:00:00,11,6,29,18,0,60,88,"27, VEROLA (AV. AUGUSTE)",,,Plein jour,En agglomération,Hors intersection,Normale,Deux véhicules - arrière,,,,,,,,,,,1,2,1,1.0,2.0
201100016018,0011-06-30 10:05:00,11,6,30,10,5,60,88,"0, PHOCEENS (AV. DES)",,,Plein jour,En agglomération,Hors intersection,Normale,Deux véhicules - côté,,,,,,,,,,,1,2,1,1.0,3.0
201100016019,0011-06-30 13:25:00,11,6,30,13,25,60,88,"10, FAURE (AV. FELIX)",,,Plein jour,En agglomération,Hors intersection,Normale,Deux véhicules - côté,,,,,,,,,,,1,2,1,1.0,3.0
201100016020,0011-06-30 16:00:00,11,6,30,16,0,60,159,"0, PRINCESSE GRACE DE MO",,,Plein jour,En agglomération,Hors intersection,Normale,Trois véhicules et plus - collisions multiples,,,,,,,,,,,1,2,1,1.0,5.0
201100016021,0011-07-01 00:01:00,11,7,1,0,1,60,88,"16, CAFFARELLI (RUE)",,,Nuit avec éclairage allumé,En agglomération,Hors intersection,Normale,Sans collision,,,,,,,,,,,5,2,1,1.0,7.0
201100016022,0011-07-04 12:40:00,11,7,4,12,40,60,88,"0, SAINT-SYLVESTRE (AV.",,,Plein jour,En agglomération,Hors intersection,Normale,Deux véhicules - arrière,,,,,,,,,,,1,2,1,1.0,2.0
201100016023,0011-07-01 13:55:00,11,7,1,13,55,60,88,"0, CESSOLE (BD DE) (JUSQ",,,Plein jour,En agglomération,Hors intersection,Normale,Autre collision,,,,,,,,,,,1,2,1,1.0,6.0
201100016024,0011-07-01 20:40:00,11,7,1,20,40,60,88,"298, CREMAT (CH. DE)",,,Plein jour,En agglomération,Hors intersection,Normale,Deux véhicules - frontale,,,,,,,,,,,1,2,1,1.0,1.0
201100016025,0011-07-02 03:00:00,11,7,2,3,0,60,88,"0, SAINT-SEBASTIEN (AV.)",,,Nuit avec éclairage allumé,En agglomération,Hors intersection,Normale,Autre collision,,,,,,,,,,,5,2,1,1.0,6.0
201100016026,0011-07-02 03:45:00,11,7,2,3,45,60,88,"400, ANGLAIS (A PARTIR D",,,Nuit avec éclairage allumé,En agglomération,Hors intersection,Normale,Deux véhicules - côté,,,,,,,,,,,5,2,1,1.0,3.0
201100016027,0011-07-03 17:10:00,11,7,3,17,10,60,88,"0, MEDECIN (AV. JEAN)",,,Plein jour,En agglomération,Intersection en X,Normale,Deux véhicules - côté,,,,,,,,,,,1,2,2,1.0,3.0
201100016028,0011-07-04 10:35:00,11,7,4,10,35,60,88,"0, VOIE RAPIDE",,,Plein jour,En agglomération,Hors intersection,Normale,Deux véhicules - arrière,,,,,,,,,,,1,2,1,1.0,2.0
201100016029,0011-07-04 15:30:00,11,7,4,15,30,60,88,"0, BARLA (TRAV.)",,,Plein jour,En agglomération,Hors intersection,Normale,Autre collision,,,,,,,,,,,1,2,1,1.0,6.0
201100016030,0011-07-06 07:30:00,11,7,6,7,30,60,88,"0, COTY (PONT RENE)",,,Plein jour,En agglomération,Intersection en T,Normale,Deux véhicules - côté,,,,,,,,,,,1,2,3,1.0,3.0
201100016031,0011-07-06 09:30:00,11,7,6,9,30,60,88,"0, BEAUTRUCH (RUE)",,,Plein jour,En agglomération,Hors intersection,Normale,Autre collision,,,,,,,,,,,1,2,1,1.0,6.0
201100016032,0011-07-06 10:10:00,11,7,6,10,10,60,88,ARMEE DES ALPES (BD DE L,,,Plein jour,En agglomération,Hors intersection,Normale,Deux véhicules - côté,,,,,,,,,,,1,2,1,1.0,3.0
201100016033,0011-07-06 12:50:00,11,7,6,12,50,60,88,"8, FAURE (AV. FELIX)",,,Plein jour,En agglomération,Intersection en X,Normale,Autre collision,,,,,,,,,,,1,2,2,1.0,6.0
201100016034,0011-07-06 17:00:00,11,7,6,17,0,60,88,"18, SAINT-JEAN BAPTISTE",,,Plein jour,En agglomération,Hors intersection,Normale,Deux véhicules - côté,,,,,,,,,,,1,2,1,1.0,3.0
201100016035,0011-07-06 18:00:00,11,7,6,18,0,60,88,"0, CONGRES (RUE DU)",,,Plein jour,En agglomération,Hors intersection,Normale,Autre collision,,,,,,,,,,,1,2,1,1.0,6.0
201100016036,0011-07-06 18:30:00,11,7,6,18,30,60,88,"70, FRANCE (R. DE) DU N?",,,Plein jour,En agglomération,Hors intersection,Normale,Autre collision,,,,,,,,,,,1,2,1,1.0,6.0
201100016037,0011-07-06 19:55:00,11,7,6,19,55,60,88,"0, DELFINO (BD GENERAL)",,,Plein jour,En agglomération,Intersection en X,Normale,Autre collision,,,,,,,,,,,1,2,2,1.0,6.0
201100016038,0011-07-07 08:55:00,11,7,7,8,55,60,88,"0, ARMEE DES ALPES (BD D",,,Plein jour,En agglomération,Hors intersection,Normale,Autre collision,,,,,,,,,,,1,2,1,1.0,6.0
201100016039,0011-07-07 13:15:00,11,7,7,13,15,60,88,"22, LAMARTINE (R.)",,,Plein jour,En agglomération,Hors intersection,Normale,Deux véhicules - côté,,,,,,,,,,,1,2,1,1.0,3.0
201100016040,0011-07-08 09:20:00,11,7,8,9,20,60,88,"0, NAPOLEON III (BD)",,,Plein jour,En agglomération,Hors intersection,Normale,Deux véhicules - côté,,,,,,,,,,,1,2,1,1.0,3.0
201100016041,0011-07-08 08:00:00,11,7,8,8,0,60,88,"167, ARIANE (BD DE L')",,,Plein jour,En agglomération,Hors intersection,Normale,Autre collision,,,,,,,,,,,1,2,1,1.0,6.0
201100016042,0011-07-08 10:00:00,11,7,8,10,0,60,88,"0, BELLET (AV. DE)",,,Plein jour,En agglomération,Hors intersection,Normale,Deux véhicules - côté,,,,,,,,,,,1,2,1,1.0,3.0
201100016043,0011-07-08 23:00:00,11,7,8,23,0,60,88,"0, ANGLAIS (DU N? 1 AU N",,,Nuit avec éclairage allumé,En agglomération,Hors intersection,Normale,Trois véhicules et plus - collisions multiples,,,,,,,,,,,5,2,1,1.0,5.0
201100016044,0011-07-10 15:30:00,11,7,10,15,30,60,88,"0, THIERS (AV.)",,,Plein jour,En agglomération,Hors intersection,Normale,Deux véhicules - côté,,,,,,,,,,,1,2,1,1.0,3.0
201100016045,0011-07-11 21:17:00,11,7,11,21,17,60,88,"0, TORRE-DE-CIMELLA (R.)",,,Nuit avec éclairage allumé,En agglomération,Hors intersection,Normale,Deux véhicules - frontale,,,,,,,,,,,5,2,1,1.0,1.0
201100016046,0011-07-11 21:50:00,11,7,11,21,50,60,88,"0, TUNNEL DU PAILLON",,,Plein jour,En agglomération,Hors intersection,Normale,Autre collision,,,,,,,,,,,1,2,1,1.0,6.0
201100016047,0011-07-12 19:15:00,11,7,12,19,15,60,88,"0, VOIE RAPIDE",,,Plein jour,En agglomération,Hors intersection,Normale,Deux véhicules - arrière,,,,,,,,,,,1,2,1,1.0,2.0
201100016048,0011-07-13 11:00:00,11,7,13,11,0,60,88,"61, BESSET (AV.) (A PART",,,Plein jour,En agglomération,Hors intersection,Pluie légère,Autre collision,,,,,,,,,,,1,2,1,2.0,6.0
201100016049,0011-07-13 13:50:00,11,7,13,13,50,60,88,"221, ANGLAIS PLAGE (N? 1",,,Plein jour,En agglomération,Hors intersection,Normale,Deux véhicules - arrière,,,,,,,,,,,1,2,1,1.0,2.0
201100016050,0011-07-13 18:25:00,11,7,13,18,25,60,88,"61, HUGO (BD VICTOR)",,,Plein jour,En agglomération,Hors intersection,Pluie légère,Autre collision,,,,,,,,,,,1,2,1,2.0,6.0
201100016051,0011-07-14 03:39:00,11,7,14,3,39,60,88,"0, VOIE RAPIDE",,,Nuit avec éclairage allumé,En agglomération,Hors intersection,Normale,Autre collision,,,,,,,,,,,5,2,1,1.0,6.0
201100016052,0011-07-15 07:20:00,11,7,15,7,20,60,88,"0, VOIE RAPIDE",,,Plein jour,En agglomération,Hors intersection,Normale,Trois véhicules et plus - en chaîne,,,,,,,,,,,1,2,1,1.0,4.0
201100016053,0011-07-15 18:00:00,11,7,15,18,0,60,88,"58, SEMERIA (AV. DENIS)",,,Plein jour,En agglomération,Hors intersection,Normale,Deux véhicules - arrière,,,,,,,,,,,1,2,1,1.0,2.0
201100016054,0011-07-15 19:22:00,11,7,15,19,22,60,88,"0, SEMERIA (AV. DENIS)",,,Plein jour,En agglomération,Intersection en X,Normale,Deux véhicules - côté,,,,,,,,,,,1,2,2,1.0,3.0
201100016055,0011-07-15 21:30:00,11,7,15,21,30,60,88,"0, ILE-DE-BEAUTE (PL. DE",,,Nuit avec éclairage allumé,En agglomération,Hors intersection,Normale,Deux véhicules - arrière,,,,,,,,,,,5,2,1,1.0,2.0
201100016056,0011-07-16 15:15:00,11,7,16,15,15,60,88,"0, MOULIN (PL. JEAN)",,,Plein jour,En agglomération,Hors intersection,Normale,Autre collision,,,,,,,,,,,1,2,1,1.0,6.0
201100016057,0011-07-16 18:45:00,11,7,16,18,45,60,88,"0, GAMBETTA (JUSQU'AU N?",,,Plein jour,En agglomération,Hors intersection,Normale,Autre collision,,,,,,,,,,,1,2,1,1.0,6.0
201100016058,0011-07-17 15:15:00,11,7,17,15,15,60,88,"175, ANGLAIS (DU N? 114",,,Plein jour,En agglomération,Hors intersection,Normale,Autre collision,,,,,,,,,,,1,2,1,1.0,6.0
201100016059,0011-07-18 09:50:00,11,7,18,9,50,60,88,"0, CASSIN (BD RENE)",,,Plein jour,En agglomération,Hors intersection,Normale,Deux véhicules - côté,,,,,,,,,,,1,2,1,1.0,3.0
201100016060,0011-07-18 10:45:00,11,7,18,10,45,60,88,"04, MACCARIO (R. MAURICE",,,Plein jour,En agglomération,Hors intersection,Normale,Autre collision,,,,,,,,,,,1,2,1,1.0,6.0
201100016061,0011-07-18 13:50:00,11,7,18,13,50,60,88,"0, BARAQUES (TRAV.)",,,Plein jour,En agglomération,Giratoire,Normale,Deux véhicules - côté,,,,,,,,,,,1,2,6,1.0,3.0
201100016062,0011-07-18 16:20:00,11,7,18,16,20,60,88,"0, SAINT-AGATHE (R. GUIG",,,Plein jour,En agglomération,Intersection en X,Normale,Deux véhicules - côté,,,,,,,,,,,1,2,2,1.0,3.0
201100016063,0011-07-19 11:15:00,11,7,19,11,15,60,88,"0, TONDUTI-DE-L'ESCARENE",,,Plein jour,En agglomération,Hors intersection,Pluie forte,Autre collision,,,,,,,,,,,1,2,1,3.0,6.0
201100016064,0011-07-19 12:35:00,11,7,19,12,35,60,88,"0, SAINT-PHILIPPE (R.)",,,Plein jour,En agglomération,Intersection en X,Pluie forte,Deux véhicules - côté,,,,,,,,,,,1,2,2,3.0,3.0
201100016065,0011-07-19 13:30:00,11,7,19,13,30,60,88,"31, CLUA (AV. DE LA)",,,Plein jour,En agglomération,Hors intersection,Pluie forte,Deux véhicules - frontale,,,,,,,,,,,1,2,1,3.0,1.0
201100016066,0011-07-20 10:10:00,11,7,20,10,10,60,88,"87, ETATS UNIS (QUAI DES",,,Plein jour,En agglomération,Hors intersection,Normale,Trois véhicules et plus - en chaîne,,,,,,,,,,,1,2,1,1.0,4.0
201100016067,0011-07-20 10:15:00,11,7,20,10,15,60,88,"0, LEPANTE (R. DE)",,,Plein jour,En agglomération,Hors intersection,Normale,Deux véhicules - côté,,,,,,,,,,,1,2,1,1.0,3.0
201100016068,0011-07-21 02:00:00,11,7,21,2,0,60,88,"0, GROSSO (A PARTIR DU N",,,Nuit avec éclairage allumé,En agglomération,Intersection en T,Normale,Deux véhicules - côté,,,,,,,,,,,5,2,3,1.0,3.0
201100016069,0011-07-21 07:45:00,11,7,21,7,45,60,88,"38, ANGLAIS PLAGE(DU 45",,,Plein jour,En agglomération,Hors intersection,Normale,Deux véhicules - arrière,,,,,,,,,,,1,2,1,1.0,2.0
201100016070,0011-07-21 12:05:00,11,7,21,12,5,60,88,"0, ETATS UNIS (QUAI DES)",,,Plein jour,En agglomération,Hors intersection,Normale,Autre collision,,,,,,,,,,,1,2,1,1.0,6.0
201100016071,0011-07-21 17:10:00,11,7,21,17,10,60,88,"151, GINESTIERE (CH. DE",,,Plein jour,En agglomération,Hors intersection,Normale,Deux véhicules - arrière,,,,,,,,,,,1,2,1,1.0,2.0
201100016072,0011-07-21 17:30:00,11,7,21,17,30,60,88,"0, POMPIDOU (BD GEORGES)",,,Plein jour,En agglomération,Hors intersection,Normale,Trois véhicules et plus - en chaîne,,,,,,,,,,,1,2,1,1.0,4.0
201100016073,0011-07-22 08:30:00,11,7,22,8,30,60,88,"301 BIS, ANGLAIS (DU N?",,,Plein jour,En agglomération,Hors intersection,Normale,Deux véhicules - arrière,,,,,,,,,,,1,2,1,1.0,2.0
201100016074,0011-07-22 17:40:00,11,7,22,17,40,60,88,"255, ANGLAIS (DU N? 1 AU",,,Plein jour,En agglomération,Hors intersection,Normale,Deux véhicules - arrière,,,,,,,,,,,1,2,1,1.0,2.0
201100016075,0011-07-23 22:57:00,11,7,23,22,57,60,88,"77, GAMBETTA (A PARTIR D",,,Nuit avec éclairage allumé,En agglomération,Hors intersection,Normale,Autre collision,,,,,,,,,,,5,2,1,1.0,6.0
201100016076,0011-07-24 05:20:00,11,7,24,5,20,60,88,"93, CALIFORNIE (AV.) (DU",,,Crépuscule ou aube,En agglomération,Hors intersection,Normale,Autre collision,,,,,,,,,,,2,2,1,1.0,6.0
201100016077,0011-07-24 05:30:00,11,7,24,5,30,60,88,"0, BARLA (RUE)",,,Plein jour,En agglomération,Intersection en X,Normale,Deux véhicules - côté,,,,,,,,,,,1,2,2,1.0,3.0
201100016078,0011-07-24 20:15:00,11,7,24,20,15,60,88,"6, CARLONE (BD)",,,Plein jour,En agglomération,Hors intersection,Normale,Autre collision,,,,,,,,,,,1,2,1,1.0,6.0
201100016079,0011-07-25 07:20:00,11,7,25,7,20,60,88,"0, PENETRANTE DU PAILLON",,,Plein jour,En agglomération,Hors intersection,Normale,Autre collision,,,,,,,,,,,1,2,1,1.0,6.0
201100016080,0011-07-25 22:10:00,11,7,25,22,10,60,88,"0, ANGLAIS (A PARTIR DU",,,Nuit avec éclairage allumé,En agglomération,Hors intersection,Normale,Deux véhicules - arrière,,,,,,,,,,,5,2,1,1.0,2.0
201100016081,0011-07-26 11:50:00,11,7,26,11,50,60,88,"0, ARMEE DES ALPES (BD D",,,Plein jour,En agglomération,Hors intersection,Normale,Autre collision,,,,,,,,,,,1,2,1,1.0,6.0
201100016082,0011-07-26 14:00:00,11,7,26,14,0,60,88,"188, MADELEINE (AV. DE L",,,Plein jour,En agglomération,Hors intersection,Normale,Deux véhicules - arrière,,,,,,,,,,,1,2,1,1.0,2.0
201100016083,0011-07-26 16:30:00,11,7,26,16,30,60,88,"0, VOIE RAPIDE",,,Plein jour,En agglomération,Hors intersection,Normale,Deux véhicules - arrière,,,,,,,,,,,1,2,1,1.0,2.0
201100016084,0011-07-27 07:45:00,11,7,27,7,45,60,88,"0, TURIN (RTE DE)",,,Plein jour,En agglomération,Hors intersection,Normale,Deux véhicules - côté,,,,,,,,,,,1,2,1,1.0,3.0
201100016085,0011-07-27 10:35:00,11,7,27,10,35,60,88,"0, GIOFFREDO (R.)",,,Plein jour,En agglomération,Intersection en X,Pluie légère,Deux véhicules - côté,,,,,,,,,,,1,2,2,2.0,3.0
201100016086,0011-07-27 11:20:00,11,7,27,11,20,60,88,"0, BAREL (PLACE MAX)",,,Plein jour,En agglomération,Hors intersection,Normale,Autre collision,,,,,,,,,,,1,2,1,1.0,6.0
201100016087,0011-07-27 21:40:00,11,7,27,21,40,60,88,"28, BARLA (RUE)",,,Crépuscule ou aube,En agglomération,Hors intersection,Normale,Trois véhicules et plus - en chaîne,,,,,,,,,,,2,2,1,1.0,4.0
201100016088,0011-07-28 15:15:00,11,7,28,15,15,60,88,"56, CASSIN (BD RENE)",,,Plein jour,En agglomération,Hors intersection,Normale,Autre collision,,,,,,,,,,,1,2,1,1.0,6.0
201100016089,0011-07-28 18:30:00,11,7,28,18,30,60,88,"0, DESAMBROIS (AV.)",,,Plein jour,En agglomération,Hors intersection,Normale,Autre collision,,,,,,,,,,,1,2,1,1.0,6.0
201100016090,0011-07-28 23:10:00,11,7,28,23,10,60,88,"0, FABRON (AV. DE) (JUSQ",,,Nuit avec éclairage allumé,En agglomération,Hors intersection,Normale,Deux véhicules - arrière,,,,,,,,,,,5,2,1,1.0,2.0
201100016091,0011-07-29 09:35:00,11,7,29,9,35,60,88,"0, GROSSO (A PARTIR DU N",,,Plein jour,En agglomération,Intersection en X,Normale,Deux véhicules - côté,,,,,,,,,,,1,2,2,1.0,3.0
201100016092,0011-07-29 16:15:00,11,7,29,16,15,60,88,"31, PESSICART (A PARTIR",,,Plein jour,En agglomération,Hors intersection,Normale,Deux véhicules - côté,,,,,,,,,,,1,2,1,1.0,3.0
201100016093,0011-07-30 01:35:00,11,7,30,1,35,60,88,"0, POMPIDOU (BD GEORGES)",,,Nuit avec éclairage allumé,En agglomération,Hors intersection,Normale,Autre collision,,,,,,,,,,,5,2,1,1.0,6.0
201100016094,0011-07-30 07:25:00,11,7,30,7,25,60,88,"97, ETATS UNIS (QUAI DES",,,Plein jour,En agglomération,Hors intersection,Normale,Deux véhicules - côté,,,,,,,,,,,1,2,1,1.0,3.0
201100016095,0011-07-30 11:30:00,11,7,30,11,30,60,88,"0, JAURES (BD JEAN)",,,Plein jour,En agglomération,Hors intersection,Normale,Autre collision,,,,,,,,,,,1,2,1,1.0,6.0
201100016096,0011-07-30 14:00:00,11,7,30,14,0,60,88,"30, QUAI LUNEL",,,Plein jour,En agglomération,Hors intersection,Normale,Autre collision,,,,,,,,,,,1,2,1,1.0,6.0
201100016097,0011-07-30 14:15:00,11,7,30,14,15,60,88,"0, GAMBETTA (A PARTIR DU",,,Plein jour,En agglomération,Hors intersection,Normale,Deux véhicules - côté,,,,,,,,,,,1,2,1,1.0,3.0
201100016098,0011-07-30 21:12:00,11,7,30,21,12,60,88,"91, CESSOLE (BD DE) (JUS",,,Nuit avec éclairage allumé,En agglomération,Hors intersection,Normale,Deux véhicules - côté,,,,,,,,,,,5,2,1,1.0,3.0
201100016099,0011-07-30 21:30:00,11,7,30,21,30,60,88,"0, CASSIN (BD RENE)",,,Crépuscule ou aube,En agglomération,Hors intersection,Normale,Deux véhicules - arrière,,,,,,,,,,,2,2,1,1.0,2.0
201100016100,0011-07-31 07:35:00,11,7,31,7,35,60,88,ANGLAIS (DU N? 1 AU N? 4,,,Plein jour,En agglomération,Hors intersection,Normale,Autre collision,,,,,,,,,,,1,2,1,1.0,6.0
201100016101,0011-07-31 09:50:00,11,7,31,9,50,60,88,"0, VALLOT (AV. JOSEPH)",,,Plein jour,En agglomération,Intersection en X,Normale,Autre collision,,,,,,,,,,,1,2,2,1.0,6.0
201100016102,0011-07-31 12:00:00,11,7,31,12,0,60,88,"0, VOIE RAPIDE",,,Plein jour,En agglomération,Hors intersection,Normale,Autre collision,,,,,,,,,,,1,2,1,1.0,6.0
201100016103,0011-08-01 00:25:00,11,8,1,0,25,60,88,"0, MIRON (R.)",,,Nuit avec éclairage allumé,En agglomération,Intersection en X,Normale,Deux véhicules - côté,,,,,,,,,,,5,2,2,1.0,3.0
201100016104,0011-08-01 16:00:00,11,8,1,16,0,60,88,"0, VOIE RAPIDE",,,Plein jour,En agglomération,Hors intersection,Normale,Trois véhicules et plus - collisions multiples,,,,,,,,,,,1,2,1,1.0,5.0
201100016105,0011-08-01 20:15:00,11,8,1,20,15,60,88,"0, CLUA (AV. DE LA)",,,Crépuscule ou aube,En agglomération,Intersection en X,Normale,Deux véhicules - côté,,,,,,,,,,,2,2,2,1.0,3.0
201100016106,0011-08-01 21:40:00,11,8,1,21,40,60,159,"80, CORNE D OR (BOULEVAR",,,Nuit avec éclairage allumé,En agglomération,Hors intersection,Normale,Deux véhicules - côté,,,,,,,,,,,5,2,1,1.0,3.0
201100016107,0011-08-02 08:40:00,11,8,2,8,40,60,88,"13, ANGLAIS (A PARTIR DU",,,Plein jour,En agglomération,Hors intersection,Normale,Deux véhicules - arrière,,,,,,,,,,,1,2,1,1.0,2.0