accident_id,datetime,annee,mois,jour,heure,minute,departement,commune_insee,adresse,latitude,longitude,luminosite,agglomeration,intersection,meteo,collision,nb_vehicules,nb_usagers,nb_indemnes,nb_tues,nb_blesses_hosp,nb_blesses_legers,age_cond_1,age_cond_2,veh_type_cond_1,veh_type_cond_2,lum_code,agg_code,int_code,atm_code,col_code
201100016108,0011-08-02 10:00:00,11,8,2,10,0,60,88,"16, DELFINO (BD GENERAL)",,,Plein jour,En agglomération,Hors intersection,Normale,Autre collision,,,,,,,,,,,1,2,1,1.0,6.0
201100016109,0011-08-02 13:15:00,11,8,2,13,15,60,88,"16, SEGURANE (R.)",,,Plein jour,En agglomération,Intersection en T,Normale,Autre collision,,,,,,,,,,,1,2,3,1.0,6.0
201100016110,0011-08-02 22:00:00,11,8,2,22,0,60,88,"27, BUFFA (RUE DE LA)",,,Nuit avec éclairage allumé,En agglomération,Hors intersection,Normale,Trois véhicules et plus - en chaîne,,,,,,,,,,,5,2,1,1.0,4.0
201100016111,0011-08-03 10:45:00,11,8,3,10,45,60,88,"0, MAETERLINCK (BD M.)",,,Plein jour,En agglomération,Hors intersection,Normale,Deux véhicules - côté,,,,,,,,,,,1,2,1,1.0,3.0
201100016112,0011-08-03 16:30:00,11,8,3,16,30,60,88,"337, STE MARGUERITE (AV.",,,Plein jour,En agglomération,Hors intersection,Normale,Sans collision,,,,,,,,,,,1,2,1,1.0,7.0
201100016113,0011-08-03 17:30:00,11,8,3,17,30,60,88,"64, BORNALA (AV. DE LA)",,,Plein jour,En agglomération,Hors intersection,Normale,Deux véhicules - côté,,,,,,,,,,,1,2,1,1.0,3.0
201100016114,0011-08-03 19:30:00,11,8,3,19,30,60,88,"0, RD 6202",,,Plein jour,En agglomération,Hors intersection,Normale,Deux véhicules - arrière,,,,,,,,,,,1,2,1,1.0,2.0
201100016115,0011-08-04 00:10:00,11,8,4,0,10,60,88,"0, VOIE RAPIDE",,,Nuit avec éclairage allumé,En agglomération,Hors intersection,Normale,Autre collision,,,,,,,,,,,5,2,1,1.0,6.0
201100016116,0011-08-04 08:30:00,11,8,4,8,30,60,88,"0, THIERS (AV.)",,,Plein jour,En agglomération,Hors intersection,Normale,Autre collision,,,,,,,,,,,1,2,1,1.0,6.0
201100016117,0011-08-04 14:00:00,11,8,4,14,0,60,88,"0, SOLA (BD PIERRE)",,,Plein jour,En agglomération,Intersection en X,Normale,Autre collision,,,,,,,,,,,1,2,2,1.0,6.0
201100016118,0011-08-04 22:10:00,11,8,4,22,10,60,88,"0, COTY (PONT RENE)",,,Nuit avec éclairage allumé,En agglomération,Hors intersection,Normale,Autre collision,,,,,,,,,,,5,2,1,1.0,6.0
201100016119,0011-08-05 17:15:00,11,8,5,17,15,60,88,"0, RD 6202",,,Plein jour,En agglomération,Hors intersection,Normale,Autre collision,,,,,,,,,,,1,2,1,1.0,6.0
201100016120,0011-08-05 21:30:00,11,8,5,21,30,60,88,"0, COMBOUL (AV. RAYMOND)",,,Crépuscule ou aube,En agglomération,Hors intersection,Normale,Deux véhicules - côté,,,,,,,,,,,2,2,1,1.0,3.0
201100016121,0011-08-06 09:00:00,11,8,6,9,0,60,159,", MOYENNE CORNICHE",,,Plein jour,En agglomération,Hors intersection,Normale,Deux véhicules - frontale,,,,,,,,,,,1,2,1,1.0,1.0
201100016122,0011-08-06 09:00:00,11,8,6,9,0,60,88,GAMBETTA (JUSQU'AU N? 62,,,Plein jour,En agglomération,Intersection en X,Normale,Autre collision,,,,,,,,,,,1,2,2,1.0,6.0
201100016123,0011-08-07 18:00:00,11,8,7,18,0,60,88,"0, ANGLAIS (DU N? 45 AU",,,Plein jour,En agglomération,Hors intersection,Normale,Deux véhicules - côté,,,,,,,,,,,1,2,1,1.0,3.0
201100016124,0011-08-08 08:00:00,11,8,8,8,0,60,88,"0, GAMBETTA (A PARTIR DU",,,Plein jour,En agglomération,Hors intersection,Normale,Deux véhicules - côté,,,,,,,,,,,1,2,1,1.0,3.0
201100016125,0011-08-08 13:15:00,11,8,8,13,15,60,88,"6, BORNALA (AV. DE LA)",,,Plein jour,En agglomération,Hors intersection,Normale,Deux véhicules - côté,,,,,,,,,,,1,2,1,1.0,3.0
201100016126,0011-08-09 14:00:00,11,8,9,14,0,60,88,"0, SAINT-SYLVESTRE (AV.",,,Plein jour,En agglomération,Hors intersection,Normale,Deux véhicules - côté,,,,,,,,,,,1,2,1,1.0,3.0
201100016127,0011-08-09 16:40:00,11,8,9,16,40,60,88,"0, DUFOURMANTEL (AV.)",,,Plein jour,En agglomération,Intersection en X,Normale,Deux véhicules - côté,,,,,,,,,,,1,2,2,1.0,3.0
201100016128,0011-08-09 20:37:00,11,8,9,20,37,60,88,"0, RAUBA-CAPEU (QUAI)",,,Plein jour,En agglomération,Hors intersection,Normale,Trois véhicules et plus - collisions multiples,,,,,,,,,,,1,2,1,1.0,5.0
201100016129,0011-08-10 10:45:00,11,8,10,10,45,60,159,"0, LIBERATION (CARREFOUR",,,Plein jour,En agglomération,Place,Normale,Deux véhicules - côté,,,,,,,,,,,1,2,7,1.0,3.0
201100016130,0011-08-10 13:45:00,11,8,10,13,45,60,88,TUNNEL DU PAILLON,,,Plein jour,En agglomération,Hors intersection,Normale,Deux véhicules - arrière,,,,,,,,,,,1,2,1,1.0,2.0
201100016131,0011-08-10 16:15:00,11,8,10,16,15,60,159,"0, PRINCESSE GRACE DE MO",,,Plein jour,En agglomération,Hors intersection,Normale,Autre collision,,,,,,,,,,,1,2,1,1.0,6.0
201100016132,0011-08-10 16:45:00,11,8,10,16,45,60,88,"0, POMPIERS (CASERNE MAG",,,Plein jour,En agglomération,Hors intersection,Normale,Trois véhicules et plus - collisions multiples,,,,,,,,,,,1,2,1,1.0,5.0
201100016133,0011-08-10 18:30:00,11,8,10,18,30,60,88,"0, FAURE (AV. FELIX)",,,Plein jour,En agglomération,Hors intersection,Normale,Autre collision,,,,,,,,,,,1,2,1,1.0,6.0
201100016134,0011-08-11 07:20:00,11,8,11,7,20,60,88,"0, VOIE RAPIDE",,,Plein jour,En agglomération,Hors intersection,Normale,Deux véhicules - arrière,,,,,,,,,,,1,2,1,1.0,2.0
201100016135,0011-08-11 23:31:00,11,8,11,23,31,60,88,"91, CALIFORNIE (AV.) (A",,,Nuit avec éclairage allumé,En agglomération,Hors intersection,Normale,Autre collision,,,,,,,,,,,5,2,1,1.0,6.0
201100016136,0011-08-12 11:45:00,11,8,12,11,45,60,88,"0, PAGANINI (R.)",,,Plein jour,En agglomération,Intersection en Y,Normale,Autre collision,,,,,,,,,,,1,2,4,1.0,6.0
201100016137,0011-08-12 17:00:00,11,8,12,17,0,60,88,"0, ARMEE DES ALPES (BD D",,,Plein jour,En agglomération,Hors intersection,Normale,Deux véhicules - côté,,,,,,,,,,,1,2,1,1.0,3.0
201100016138,0011-08-12 18:45:00,11,8,12,18,45,60,88,"11, ANGLETERRE (RUE D')",,,Plein jour,En agglomération,Hors intersection,Normale,Autre collision,,,,,,,,,,,1,2,1,1.0,6.0
201100016139,0011-08-15 15:45:00,11,8,15,15,45,60,88,"0, BARBERIS (RUE)",,,Plein jour,En agglomération,Intersection en X,Normale,Autre collision,,,,,,,,,,,1,2,2,1.0,6.0
201100016140,0011-08-16 09:50:00,11,8,16,9,50,60,88,"0, NAPOLEON III (PONT)",,,Plein jour,En agglomération,Hors intersection,Normale,Deux véhicules - arrière,,,,,,,,,,,1,2,1,1.0,2.0
201100016141,0011-08-16 11:05:00,11,8,16,11,5,60,88,"0, ROQUEBILLIERE (R. DE)",,,Plein jour,En agglomération,Hors intersection,Normale,Deux véhicules - côté,,,,,,,,,,,1,2,1,1.0,3.0
201100016142,0011-08-16 13:20:00,11,8,16,13,20,60,88,"5, PASSY (R. FREDERIC)",,,Plein jour,En agglomération,Hors intersection,Normale,Deux véhicules - arrière,,,,,,,,,,,1,2,1,1.0,2.0
201100016143,0011-08-16 17:05:00,11,8,16,17,5,60,88,"1, DESAMBROIS (AV.)",,,Plein jour,En agglomération,Hors intersection,Normale,Deux véhicules - côté,,,,,,,,,,,1,2,1,1.0,3.0
201100016144,0011-08-16 21:20:00,11,8,16,21,20,60,88,"99, GAMBETTA (A PARTIR D",,,Crépuscule ou aube,En agglomération,Hors intersection,Normale,Deux véhicules - côté,,,,,,,,,,,2,2,1,1.0,3.0
201100016145,0011-08-16 21:20:00,11,8,16,21,20,60,88,"0, BISCHOFFSHEIM (BD)",,,Nuit avec éclairage allumé,En agglomération,Intersection en X,Normale,Deux véhicules - côté,,,,,,,,,,,5,2,2,1.0,3.0
201100016146,0011-08-16 22:20:00,11,8,16,22,20,60,88,"62, GAMBETTA (A PARTIR D",,,Nuit avec éclairage allumé,En agglomération,Hors intersection,Normale,Autre collision,,,,,,,,,,,5,2,1,1.0,6.0
201100016147,0011-08-18 11:25:00,11,8,18,11,25,60,88,"9, SARAMITO (AV. GEN.)",,,Plein jour,En agglomération,Hors intersection,Normale,Autre collision,,,,,,,,,,,1,2,1,1.0,6.0
201100016148,0011-08-18 12:00:00,11,8,18,12,0,60,88,"0, FOCH (AV. MARECHAL)",,,Plein jour,En agglomération,Intersection en X,Normale,Deux véhicules - côté,,,,,,,,,,,1,2,2,1.0,3.0
201100016149,0011-08-19 07:20:00,11,8,19,7,20,60,88,"9, GROSSO (A PARTIR DU N",,,Plein jour,En agglomération,Hors intersection,Normale,Deux véhicules - arrière,,,,,,,,,,,1,2,1,1.0,2.0
201100016150,0011-08-19 13:50:00,11,8,19,13,50,60,88,"35, RIQUIER (BD DE)",,,Plein jour,En agglomération,Hors intersection,Normale,Autre collision,,,,,,,,,,,1,2,1,1.0,6.0
201100016151,0011-08-19 15:00:00,11,8,19,15,0,60,88,"0, CARNOT (BD)",,,Plein jour,En agglomération,Hors intersection,Normale,Deux véhicules - arrière,,,,,,,,,,,1,2,1,1.0,2.0
201100016152,0011-08-19 16:45:00,11,8,19,16,45,60,88,"0, HOTEL DES POSTES (R.)",,,Plein jour,En agglomération,Hors intersection,Normale,Deux véhicules - côté,,,,,,,,,,,1,2,1,1.0,3.0
201100016153,0011-08-20 18:30:00,11,8,20,18,30,60,88,"0, TUNNEL DU PAILLON",,,Nuit avec éclairage allumé,En agglomération,Hors intersection,Normale,Autre collision,,,,,,,,,,,5,2,1,1.0,6.0
201100016154,0011-08-21 03:00:00,11,8,21,3,0,60,88,"451 BIS, BELLET (RTE DE)",,,Nuit avec éclairage allumé,En agglomération,Hors intersection,Normale,Sans collision,,,,,,,,,,,5,2,1,1.0,7.0
201100016155,0011-08-21 15:10:00,11,8,21,15,10,60,88,"273, ANGLAIS PLAGE (DU 2",,,Plein jour,En agglomération,Hors intersection,Normale,Deux véhicules - arrière,,,,,,,,,,,1,2,1,1.0,2.0
201100016156,0011-08-21 17:40:00,11,8,21,17,40,60,88,"43, DUBOUCHAGE (BD)",,,Plein jour,En agglomération,Hors intersection,Temps éblouissant,Autre collision,,,,,,,,,,,1,2,1,7.0,6.0
201100016157,0011-08-23 18:30:00,11,8,23,18,30,60,88,COMBOUL (AV. )-Mirabeau,,,Plein jour,En agglomération,Hors intersection,Normale,Deux véhicules - arrière,,,,,,,,,,,1,2,1,1.0,2.0
201100016158,0011-08-24 11:25:00,11,8,24,11,25,60,88,"62, DELFINO (BD GENERAL)",,,Plein jour,En agglomération,Hors intersection,Normale,Autre collision,,,,,,,,,,,1,2,1,1.0,6.0
201100016159,0011-08-24 12:45:00,11,8,24,12,45,60,88,"0, SAINT-JEAN BAPTISTE (",,,Plein jour,En agglomération,Hors intersection,Normale,Deux véhicules - côté,,,,,,,,,,,1,2,1,1.0,3.0
201100016160,0011-08-24 15:30:00,11,8,24,15,30,60,88,"0, JOLY (CORNICHE ANDRE",,,Plein jour,En agglomération,Hors intersection,Normale,Deux véhicules - arrière,,,,,,,,,,,1,2,1,1.0,2.0
201100016161,0011-08-24 20:15:00,11,8,24,20,15,60,88,"0, HUGO (BD VICTOR)",,,Crépuscule ou aube,En agglomération,Hors intersection,Normale,Deux véhicules - côté,,,,,,,,,,,2,2,1,1.0,3.0
201100016162,0011-08-25 08:00:00,11,8,25,8,0,60,88,"0, GAMBETTA (A PARTIR DU",,,Plein jour,En agglomération,Hors intersection,Normale,Deux véhicules - côté,,,,,,,,,,,1,2,1,1.0,3.0
201100016163,0011-08-25 10:35:00,11,8,25,10,35,60,159,"48, CORNE D OR (BOULEVAR",,,Plein jour,Hors agglomération,Hors intersection,Normale,Autre collision,,,,,,,,,,,1,1,1,1.0,6.0
201100016164,0011-08-26 07:15:00,11,8,26,7,15,60,88,"0, ANGLAIS (DU N? 265 AU",,,Plein jour,En agglomération,Hors intersection,Normale,Autre collision,,,,,,,,,,,1,2,1,1.0,6.0
201100016165,0011-08-26 10:00:00,11,8,26,10,0,60,88,"0, BONAPARTE (RUE)",,,Plein jour,En agglomération,Hors intersection,Normale,Autre collision,,,,,,,,,,,1,2,1,1.0,6.0
201100016166,0011-08-26 16:00:00,11,8,26,16,0,60,88,"0, CIMIEZ (VIEUX CH. DE)",,,Plein jour,En agglomération,Hors intersection,Normale,Autre collision,,,,,,,,,,,1,2,1,1.0,6.0
201100016167,0011-08-26 20:55:00,11,8,26,20,55,60,88,"0, DUBOUCHAGE (BD)",,,Nuit avec éclairage allumé,En agglomération,Hors intersection,Normale,Deux véhicules - côté,,,,,,,,,,,5,2,1,1.0,3.0
201100016168,0011-08-27 10:10:00,11,8,27,10,10,60,88,"0, GAMBETTA (JUSQU'AU N?",,,Plein jour,En agglomération,Hors intersection,Normale,Autre collision,,,,,,,,,,,1,2,1,1.0,6.0
201100016169,0011-08-27 10:55:00,11,8,27,10,55,60,88,"0, DIABLES BLEUS (AV. DE",,,Plein jour,En agglomération,Intersection en X,Normale,Autre collision,,,,,,,,,,,1,2,2,1.0,6.0
201100016170,0011-08-28 12:00:00,11,8,28,12,0,60,159,"30, COURBET (QUAI)",,,Plein jour,En agglomération,Hors intersection,Normale,Autre collision,,,,,,,,,,,1,2,1,1.0,6.0
201100016171,0011-08-28 12:05:00,11,8,28,12,5,60,88,"0, HUGO (BD VICTOR)",,,Plein jour,En agglomération,Hors intersection,Normale,Deux véhicules - côté,,,,,,,,,,,1,2,1,1.0,3.0
201100016172,0011-08-28 21:15:00,11,8,28,21,15,60,88,DELFINO (BD )-roquebili,,,Nuit avec éclairage allumé,En agglomération,Hors intersection,Normale,Deux véhicules - arrière,,,,,,,,,,,5,2,1,1.0,2.0
201100016173,0011-08-29 09:00:00,11,8,29,9,0,60,88,"0, GRENOBLE (ROUTE DE)",,,Plein jour,En agglomération,Hors intersection,Normale,Deux véhicules - côté,,,,,,,,,,,1,2,1,1.0,3.0
201100016174,0011-08-29 10:15:00,11,8,29,10,15,60,88,"0, CLEMENCEAU (AV. GEORG",,,Plein jour,En agglomération,Intersection en X,Normale,Autre collision,,,,,,,,,,,1,2,2,1.0,6.0
201100016175,0011-08-29 15:50:00,11,8,29,15,50,60,88,"0, TURIN (RTE DE)",,,Plein jour,En agglomération,Hors intersection,Normale,Deux véhicules - côté,,,,,,,,,,,1,2,1,1.0,3.0
201100016176,0011-08-29 20:10:00,11,8,29,20,10,60,88,"0, VOIE RAPIDE",,,Crépuscule ou aube,En agglomération,Hors intersection,Normale,Deux véhicules - arrière,,,,,,,,,,,2,2,1,1.0,2.0
201100016177,0011-08-30 08:00:00,11,8,30,8,0,60,88,"0, ARIANE (BD DE L')",,,Plein jour,En agglomération,Hors intersection,Normale,Deux véhicules - arrière,,,,,,,,,,,1,2,1,1.0,2.0
201100016178,0011-08-30 07:55:00,11,8,30,7,55,60,88,"0, BISCHOFFSHEIM (BD)",,,Plein jour,En agglomération,Hors intersection,Normale,Deux véhicules - arrière,,,,,,,,,,,1,2,1,1.0,2.0
201100016179,0011-08-31 00:01:00,11,8,31,0,1,60,88,"0, CESSOLE (BD DE) (A PA",,,Nuit avec éclairage allumé,En agglomération,Hors intersection,Normale,Deux véhicules - côté,,,,,,,,,,,5,2,1,1.0,3.0
201100016180,0011-08-31 16:30:00,11,8,31,16,30,60,88,"742, GRENOBLE (ROUTE DE)",,,Plein jour,En agglomération,Hors intersection,Normale,Deux véhicules - arrière,,,,,,,,,,,1,2,1,1.0,2.0
201100016181,0011-09-01 09:00:00,11,9,1,9,0,60,88,"23, BUFFA (RUE DE LA)",,,Plein jour,En agglomération,Hors intersection,Normale,Deux véhicules - arrière,,,,,,,,,,,1,2,1,1.0,2.0
201100016182,0011-09-02 03:00:00,11,9,2,3,0,60,88,"0, MONZIE (R. ANATOLE DE",,,Nuit avec éclairage allumé,En agglomération,Hors intersection,Normale,Deux véhicules - arrière,,,,,,,,,,,5,2,1,1.0,2.0
201100016183,0011-09-02 11:30:00,11,9,2,11,30,60,88,"0, VOIE RAPIDE",,,Plein jour,En agglomération,Hors intersection,Normale,Deux véhicules - côté,,,,,,,,,,,1,2,1,1.0,3.0
201100016184,0011-09-02 21:20:00,11,9,2,21,20,60,88,"0, TUNNEL DU PAILLON",,,Nuit avec éclairage allumé,En agglomération,Hors intersection,Normale,Autre collision,,,,,,,,,,,5,2,1,1.0,6.0
201100016185,0011-09-03 10:35:00,11,9,3,10,35,60,88,"73, GROSSO (A PARTIR DU",,,Plein jour,En agglomération,Hors intersection,Normale,Deux véhicules - côté,,,,,,,,,,,1,2,1,1.0,3.0
201100016186,0011-09-04 20:45:00,11,9,4,20,45,60,88,"0, TUNNEL DU PAILLON",,,Nuit avec éclairage allumé,En agglomération,Hors intersection,Normale,Autre collision,,,,,,,,,,,5,2,1,1.0,6.0
201100016187,0011-09-05 12:55:00,11,9,5,12,55,60,88,"0, CANAVESE (RUE JEAN)",,,Plein jour,En agglomération,Intersection en X,Normale,Deux véhicules - côté,,,,,,,,,,,1,2,2,1.0,3.0
201100016188,0011-09-05 16:20:00,11,9,5,16,20,60,88,"0, SAINT-AUGUSTIN (AV. D",,,Plein jour,En agglomération,Intersection en T,Normale,Deux véhicules - côté,,,,,,,,,,,1,2,3,1.0,3.0
201100016189,0011-09-05 18:10:00,11,9,5,18,10,60,88,"14, ROASSAL (R. CLEMENT)",,,Plein jour,En agglomération,Hors intersection,Normale,Autre collision,,,,,,,,,,,1,2,1,1.0,6.0
201100016190,0011-09-06 08:45:00,11,9,6,8,45,60,88,"0, BEAUMONT (RUE)",,,Plein jour,En agglomération,Intersection en X,Normale,Deux véhicules - côté,,,,,,,,,,,1,2,2,1.0,3.0
201100016191,0011-09-06 09:00:00,11,9,6,9,0,60,88,"0, RAIBERTI (R.)",,,Plein jour,En agglomération,Hors intersection,Normale,Autre collision,,,,,,,,,,,1,2,1,1.0,6.0
201100016192,0011-09-07 08:30:00,11,9,7,8,30,60,88,"113, SAINT-PIERRE DE FER",,,Plein jour,En agglomération,Hors intersection,Normale,Deux véhicules - arrière,,,,,,,,,,,1,2,1,1.0,2.0
201100016193,0011-09-07 09:45:00,11,9,7,9,45,60,88,"61, GRENOBLE (ROUTE DE)",,,Plein jour,En agglomération,Hors intersection,Normale,Deux véhicules - arrière,,,,,,,,,,,1,2,1,1.0,2.0
201100016194,0011-09-07 14:05:00,11,9,7,14,5,60,88,"0, GARNIER (BD JOSEPH)",,,Plein jour,En agglomération,Hors intersection,Normale,Autre collision,,,,,,,,,,,1,2,1,1.0,6.0
201100016195,0011-09-08 14:55:00,11,9,8,14,55,60,88,"0, SAINT-ISIDORE (QUART.",,,Plein jour,En agglomération,Giratoire,Normale,Deux véhicules - arrière,,,,,,,,,,,1,2,6,1.0,2.0
201100016196,0011-09-08 16:50:00,11,9,8,16,50,60,88,"0, GRENOBLE (ROUTE DE)",,,Plein jour,En agglomération,Hors intersection,Normale,Deux véhicules - côté,,,,,,,,,,,1,2,1,1.0,3.0
201100016197,0011-09-08 17:30:00,11,9,8,17,30,60,88,"0, VOIE RAPIDE",,,Plein jour,En agglomération,Hors intersection,Normale,Trois véhicules et plus - en chaîne,,,,,,,,,,,1,2,1,1.0,4.0
201100016198,0011-09-08 17:35:00,11,9,8,17,35,60,88,"0, BLANQUI (PL. AUGUSTE)",,,Plein jour,En agglomération,Hors intersection,Normale,Autre collision,,,,,,,,,,,1,2,1,1.0,6.0
201100016199,0011-09-09 18:50:00,11,9,9,18,50,60,159,"322, LAZARET (CHEMIN DU)",,,Plein jour,En agglomération,Hors intersection,Normale,Autre collision,,,,,,,,,,,1,2,1,1.0,6.0
201100016200,0011-09-09 21:45:00,11,9,9,21,45,60,88,"0, ANGLAIS (A PARTIR DU",,,Nuit avec éclairage allumé,En agglomération,Hors intersection,Normale,Deux véhicules - arrière,,,,,,,,,,,5,2,1,1.0,2.0
201100016201,0011-09-10 18:55:00,11,9,10,18,55,60,88,"0, ANGLAIS (DU N? 1 AU N",,,Plein jour,En agglomération,Hors intersection,Normale,Trois véhicules et plus - collisions multiples,,,,,,,,,,,1,2,1,1.0,5.0
201100016202,0011-09-11 08:15:00,11,9,11,8,15,60,88,"0, CESSOLE (BD DE) (A PA",,,Plein jour,En agglomération,Hors intersection,Normale,Deux véhicules - côté,,,,,,,,,,,1,2,1,1.0,3.0
201100016203,0011-09-11 18:45:00,11,9,11,18,45,60,88,"0, TURIN (RTE DE)",,,Plein jour,En agglomération,Intersection en T,Normale,Deux véhicules - côté,,,,,,,,,,,1,2,3,1.0,3.0
201100016204,0011-09-12 07:30:00,11,9,12,7,30,60,88,"165, NAPOLEON III (BD)",,,Plein jour,En agglomération,Hors intersection,Normale,Autre collision,,,,,,,,,,,1,2,1,1.0,6.0
201100016205,0011-09-12 22:10:00,11,9,12,22,10,60,88,TUNNEL DU PAILLON,,,Nuit avec éclairage allumé,En agglomération,Hors intersection,Normale,Autre collision,,,,,,,,,,,5,2,1,1.0,6.0
201100016206,0011-09-13 09:30:00,11,9,13,9,30,60,88,"0, SORGENTINO (R.)",,,Plein jour,En agglomération,Intersection en X,Normale,Deux véhicules - côté,,,,,,,,,,,1,2,2,1.0,3.0
201100016207,0011-09-13 10:30:00,11,9,13,10,30,60,88,"0, VILLERMONT (AV.)",,,Plein jour,En agglomération,Hors intersection,Normale,Autre collision,,,,,,,,,,,1,2,1,1.0,6.0
201100016208,0011-09-13 13:15:00,11,9,13,13,15,60,88,"0, HUGO (BD VICTOR)",,,Plein jour,En agglomération,Intersection en X,Normale,Deux véhicules - côté,,,,,,,,,,,1,2,2,1.0,3.0
201100016209,0011-09-14 10:15:00,11,9,14,10,15,60,88,"0, MOLIERE (R.)",,,Plein jour,En agglomération,Intersection en X,Normale,Autre collision,,,,,,,,,,,1,2,2,1.0,6.0
201100016210,0011-09-14 16:20:00,11,9,14,16,20,60,88,"54, PASTEUR (BD)",,,Plein jour,En agglomération,Hors intersection,Normale,Autre collision,,,,,,,,,,,1,2,1,1.0,6.0
201100016211,0011-09-14 23:45:00,11,9,14,23,45,60,88,"0, GROSSO (A PARTIR DU N",,,Nuit avec éclairage allumé,En agglomération,Hors intersection,Normale,Autre collision,,,,,,,,,,,5,2,1,1.0,6.0
201100016212,0011-09-15 00:30:00,11,9,15,0,30,60,88,"0, GAMBETTA (A PARTIR DU",,,Nuit avec éclairage allumé,En agglomération,Intersection en X,Normale,Deux véhicules - côté,,,,,,,,,,,5,2,2,1.0,3.0
201100016213,0011-09-15 18:00:00,11,9,15,18,0,60,88,"0, COMBOUL (AV. RAYMOND)",,,Plein jour,En agglomération,Hors intersection,Normale,Deux véhicules - côté,,,,,,,,,,,1,2,1,1.0,3.0
201100016214,0011-09-14 21:20:00,11,9,14,21,20,60,88,"0, BISCHOFFSHEIM (BD)",,,Nuit avec éclairage non allumé,En agglomération,Hors intersection,Normale,Deux véhicules - arrière,,,,,,,,,,,4,2,1,1.0,2.0
201100016215,0011-09-15 23:55:00,11,9,15,23,55,60,88,CALIFORNIE (AV.) (JUSQU',,,Nuit avec éclairage allumé,En agglomération,Intersection en X,Normale,Deux véhicules - côté,,,,,,,,,,,5,2,2,1.0,3.0
201100016216,0011-09-16 13:40:00,11,9,16,13,40,60,88,"43, LECLERC (SQUARE)",,,Plein jour,En agglomération,Hors intersection,Normale,Autre collision,,,,,,,,,,,1,2,1,1.0,6.0
201100016217,0011-09-16 15:05:00,11,9,16,15,5,60,88,"0, BARLA (RUE)",,,Plein jour,En agglomération,Hors intersection,Normale,Autre collision,,,,,,,,,,,1,2,1,1.0,6.0
201100016218,0011-09-16 15:00:00,11,9,16,15,0,60,88,"0, FRANCE (R. DE) DU N?",,,Plein jour,En agglomération,Hors intersection,Normale,Deux véhicules - côté,,,,,,,,,,,1,2,1,1.0,3.0
201100016219,0011-09-16 16:30:00,11,9,16,16,30,60,88,"32, PASTEUR (BD)",,,Plein jour,En agglomération,Hors intersection,Normale,Deux véhicules - côté,,,,,,,,,,,1,2,1,1.0,3.0
201100016220,0011-09-16 18:15:00,11,9,16,18,15,60,88,"89, ETATS UNIS (QUAI DES",,,Plein jour,En agglomération,Hors intersection,Normale,Autre collision,,,,,,,,,,,1,2,1,1.0,6.0
201100016221,0011-09-16 23:10:00,11,9,16,23,10,60,88,"0, GAMBETTA (JUSQU'AU N?",,,Nuit avec éclairage allumé,En agglomération,Hors intersection,Normale,Deux véhicules - côté,,,,,,,,,,,5,2,1,1.0,3.0
201100016222,0011-09-17 17:00:00,11,9,17,17,0,60,88,"0, VOIE RAPIDE",,,Plein jour,En agglomération,Hors intersection,Normale,Deux véhicules - arrière,,,,,,,,,,,1,2,1,1.0,2.0
201100016223,0011-09-17 23:15:00,11,9,17,23,15,60,88,"0, MEDECIN (AV. JEAN)",,,Nuit avec éclairage allumé,En agglomération,Intersection en X,Normale,Deux véhicules - côté,,,,,,,,,,,5,2,2,1.0,3.0
201100016224,0011-09-19 08:50:00,11,9,19,8,50,60,88,"43, ANGLAIS (DU N? 1 AU",,,Plein jour,En agglomération,Hors intersection,Normale,Deux véhicules - arrière,,,,,,,,,,,1,2,1,1.0,2.0
201100016225,0011-09-19 15:00:00,11,9,19,15,0,60,88,"61, STE MARGUERITE (AV.)",,,Plein jour,En agglomération,Hors intersection,Normale,Autre collision,,,,,,,,,,,1,2,1,1.0,6.0
201100016226,0011-09-20 13:20:00,11,9,20,13,20,60,88,"10, SAPPIA (AV. HENRI)",,,Plein jour,En agglomération,Hors intersection,Normale,Autre collision,,,,,,,,,,,1,2,1,1.0,6.0
201100016227,0011-09-20 18:45:00,11,9,20,18,45,60,88,"136, GAMBETTA (A PARTIR",,,Plein jour,En agglomération,Hors intersection,Normale,Deux véhicules - arrière,,,,,,,,,,,1,2,1,1.0,2.0
201100016228,0011-09-21 08:00:00,11,9,21,8,0,60,88,"201, FABRON (AV. DE) (A",,,Plein jour,En agglomération,Hors intersection,Normale,Deux véhicules - côté,,,,,,,,,,,1,2,1,1.0,3.0
201100016229,0011-09-21 20:00:00,11,9,21,20,0,60,88,"0, ANGLAIS PLAGE (N? 113",,,Nuit avec éclairage allumé,En agglomération,Hors intersection,Normale,Autre collision,,,,,,,,,,,5,2,1,1.0,6.0
201100016230,0011-09-22 12:50:00,11,9,22,12,50,60,88,"15, FLIREY (AV. DE)",,,Plein jour,En agglomération,Hors intersection,Normale,Autre collision,,,,,,,,,,,1,2,1,1.0,6.0
201100016231,0011-09-22 15:03:00,11,9,22,15,3,60,88,"0, ESTIENNE -D'ORVES (AV",,,Plein jour,En agglomération,Intersection en T,Normale,Deux véhicules - côté,,,,,,,,,,,1,2,3,1.0,3.0
201100016232,0011-09-22 18:10:00,11,9,22,18,10,60,88,"0, VALOMBROSE (AV. DE)",,,Plein jour,En agglomération,Hors intersection,Normale,Autre collision,,,,,,,,,,,1,2,1,1.0,6.0
201100016233,0011-09-23 10:35:00,11,9,23,10,35,60,88,"1, NOTRE-DAME (AV.)",,,Plein jour,En agglomération,Hors intersection,Normale,Deux véhicules - côté,,,,,,,,,,,1,2,1,1.0,3.0
201100016234,0011-09-23 11:20:00,11,9,23,11,20,60,88,"445, ANGLAIS (DU N? 114",,,Plein jour,En agglomération,Hors intersection,Normale,Deux véhicules - arrière,,,,,,,,,,,1,2,1,1.0,2.0
201100016235,0011-09-23 13:50:00,11,9,23,13,50,60,88,"0, BARBERIS (RUE)",,,Plein jour,En agglomération,Intersection en X,Normale,Deux véhicules - côté,,,,,,,,,,,1,2,2,1.0,3.0
201100016236,0011-09-23 15:05:00,11,9,23,15,5,60,88,"4, SAINT-SYLVESTRE (AV.",,,Plein jour,En agglomération,Hors intersection,Normale,Deux véhicules - côté,,,,,,,,,,,1,2,1,1.0,3.0