accident_id,datetime,annee,mois,jour,heure,minute,departement,commune_insee,adresse,latitude,longitude,luminosite,agglomeration,intersection,meteo,collision,nb_vehicules,nb_usagers,nb_indemnes,nb_tues,nb_blesses_hosp,nb_blesses_legers,age_cond_1,age_cond_2,veh_type_cond_1,veh_type_cond_2,lum_code,agg_code,int_code,atm_code,col_code
201100016488,0011-12-22 07:40:00,11,12,22,7,40,60,88,"0, THIERS (AV.)",,,Plein jour,En agglomération,Hors intersection,Normale,Autre collision,,,,,,,,,,,1,2,1,1.0,6.0
201100016489,0011-12-22 12:05:00,11,12,22,12,5,60,88,"0, MARSHALL (PL. GENERAL",,,Plein jour,En agglomération,Hors intersection,Normale,Deux véhicules - côté,,,,,,,,,,,1,2,1,1.0,3.0
201100016490,0011-12-22 13:15:00,11,12,22,13,15,60,88,"14, RISSO (BD)",,,Plein jour,En agglomération,Hors intersection,Normale,Deux véhicules - côté,,,,,,,,,,,1,2,1,1.0,3.0
201100016491,0011-12-22 15:00:00,11,12,22,15,0,60,88,"270, TURIN (RTE DE)",,,Plein jour,En agglomération,Hors intersection,Normale,Deux véhicules - arrière,,,,,,,,,,,1,2,1,1.0,2.0
201100016492,0011-12-23 22:25:00,11,12,23,22,25,60,88,"0, CALIFORNIE (AV.) (A P",,,Nuit avec éclairage allumé,En agglomération,Hors intersection,Normale,Deux véhicules - côté,,,,,,,,,,,5,2,1,1.0,3.0
201100016493,0011-12-26 10:50:00,11,12,26,10,50,60,88,"0, GRENOBLE (ROUTE DE)",,,Plein jour,En agglomération,Hors intersection,Normale,Deux véhicules - arrière,,,,,,,,,,,1,2,1,1.0,2.0
201100016494,0011-12-26 15:00:00,11,12,26,15,0,60,88,"0, DEMONTZEY (RTE)",,,Plein jour,En agglomération,Hors intersection,Normale,Autre collision,,,,,,,,,,,1,2,1,1.0,6.0
201100016495,0011-12-27 10:40:00,11,12,27,10,40,60,88,PESSICART (A PARTIR DU 3,,,Plein jour,En agglomération,Hors intersection,Normale,Deux véhicules - arrière,,,,,,,,,,,1,2,1,1.0,2.0
201100016496,0011-12-27 15:45:00,11,12,27,15,45,60,88,"27, JOLY (CORNICHE ANDRE",,,Plein jour,En agglomération,Hors intersection,Normale,Deux véhicules - arrière,,,,,,,,,,,1,2,1,1.0,2.0
201100016497,0011-12-27 21:30:00,11,12,27,21,30,60,88,"0, BISCARRA (RUE)",,,Nuit avec éclairage allumé,En agglomération,Intersection en X,Normale,Deux véhicules - côté,,,,,,,,,,,5,2,2,1.0,3.0
201100016498,0011-12-28 15:45:00,11,12,28,15,45,60,88,"0, BESSET (AV.) (JUSQU'A",,,Plein jour,En agglomération,Intersection en X,Normale,Deux véhicules - côté,,,,,,,,,,,1,2,2,1.0,3.0
201100016499,0011-12-28 19:20:00,11,12,28,19,20,60,88,"0, LYAUTEY (AV. DU MAL)",,,Nuit avec éclairage allumé,En agglomération,Hors intersection,Normale,Deux véhicules - arrière,,,,,,,,,,,5,2,1,1.0,2.0
201100016500,0011-12-29 18:00:00,11,12,29,18,0,60,88,"0, ARIANE (BD DE L')",,,Plein jour,En agglomération,Intersection en X,Normale,Deux véhicules - côté,,,,,,,,,,,1,2,2,1.0,3.0
201100016501,0011-12-30 01:30:00,11,12,30,1,30,60,88,"0, CESSOLE (BD DE) (A PA",,,Nuit avec éclairage allumé,En agglomération,Intersection en T,Normale,Deux véhicules - côté,,,,,,,,,,,5,2,3,1.0,3.0
201100016502,0011-12-31 10:10:00,11,12,31,10,10,60,88,"0, ROQUEBILLIERE (R. DE)",,,Plein jour,En agglomération,Hors intersection,Normale,Deux véhicules - arrière,,,,,,,,,,,1,2,1,1.0,2.0
201100016503,0011-01-06 13:45:00,11,1,6,13,45,330,85,,44.774,-0.493,Plein jour,Hors agglomération,Hors intersection,Normale,Deux véhicules - arrière,,,,,,,,,,,1,1,1,1.0,2.0
201100016504,0011-01-15 09:45:00,11,1,15,9,45,330,85,,44.779,-0.492,Plein jour,Hors agglomération,Hors intersection,Brouillard / fumée,Deux véhicules - côté,,,,,,,,,,,1,1,1,5.0,3.0
201100016505,0011-04-02 10:30:00,11,4,2,10,30,330,65,Chemin de la Matte,44.812,-0.516,Plein jour,En agglomération,Hors intersection,Normale,Deux véhicules - arrière,,,,,,,,,,,1,2,1,1.0,2.0
201100016506,0011-04-21 19:30:00,11,4,21,19,30,330,65,Chemin de la Matte,44.814,-0.509,Plein jour,En agglomération,Hors intersection,Temps éblouissant,Autre collision,,,,,,,,,,,1,2,1,7.0,6.0
201100016507,0011-07-24 06:45:00,11,7,24,6,45,330,349,,44.763,-0.47,Plein jour,Hors agglomération,Hors intersection,Normale,Deux véhicules - frontale,,,,,,,,,,,1,1,1,1.0,1.0
201100016508,0011-10-24 07:45:00,11,10,24,7,45,330,234,,44.802,-0.516,Plein jour,Hors agglomération,Intersection en T,Normale,Deux véhicules - frontale,,,,,,,,,,,1,1,3,1.0,1.0
201100016509,0011-11-10 22:30:00,11,11,10,22,30,330,118,avenue de la R?publique,44.784,-0.461,Nuit avec éclairage allumé,En agglomération,Hors intersection,Normale,Autre collision,,,,,,,,,,,5,2,1,1.0,6.0
201100016510,0011-02-16 16:15:00,11,2,16,16,15,580,254,,47.03,3.21,Plein jour,Hors agglomération,Hors intersection,Normale,Deux véhicules - frontale,,,,,,,,,,,1,1,1,1.0,1.0
201100016511,0011-03-29 19:00:00,11,3,29,19,0,580,300,route du Greux,47.066,3.205,Plein jour,En agglomération,Hors intersection,Normale,Sans collision,,,,,,,,,,,1,2,1,1.0,7.0
201100016512,0011-05-26 17:15:00,11,5,26,17,15,580,300,,47.034,3.184,Plein jour,Hors agglomération,Hors intersection,Normale,Sans collision,,,,,,,,,,,1,1,1,1.0,7.0
201100016513,0011-05-28 23:45:00,11,5,28,23,45,580,88,,,,Nuit sans éclairage public,En agglomération,Hors intersection,Normale,Sans collision,,,,,,,,,,,3,2,1,1.0,7.0
201100016514,0011-07-29 20:45:00,11,7,29,20,45,580,131,,47.09,3.194,Plein jour,En agglomération,Intersection en X,Normale,Deux véhicules - côté,,,,,,,,,,,1,2,2,1.0,3.0
201100016515,0011-09-02 01:15:00,11,9,2,1,15,580,88,Avenue du 8 mai 45,47.011,3.189,Nuit avec éclairage allumé,En agglomération,Hors intersection,Normale,Autre collision,,,,,,,,,,,5,2,1,1.0,6.0
201100016516,0011-02-12 06:45:00,11,2,12,6,45,210,452,,,,Nuit avec éclairage allumé,Hors agglomération,Hors intersection,Brouillard / fumée,Deux véhicules - frontale,,,,,,,,,,,5,1,1,5.0,1.0
201100016517,0011-03-23 13:10:00,11,3,23,13,10,210,171,,47.2924,5.13844,Plein jour,En agglomération,Hors intersection,Normale,Deux véhicules - arrière,,,,,,,,,,,1,2,1,1.0,2.0
201100016518,0011-05-30 15:00:00,11,5,30,15,0,210,605,,47.2916,5.10111,Plein jour,En agglomération,Hors intersection,Normale,Deux véhicules - côté,,,,,,,,,,,1,2,1,1.0,3.0
201100016519,0011-07-29 12:15:00,11,7,29,12,15,210,540,RUE DE CRACOVIE,,,Plein jour,En agglomération,Hors intersection,Normale,Deux véhicules - côté,,,,,,,,,,,1,2,1,1.0,3.0
201100016520,0011-11-06 17:30:00,11,11,6,17,30,210,171,RUE DE DIJON,,,Crépuscule ou aube,En agglomération,Hors intersection,Normale,Deux véhicules - côté,,,,,,,,,,,2,2,1,1.0,3.0
201100016521,0011-05-24 16:30:00,11,5,24,16,30,150,216,PLACE DU FOIRAIL,44.701,3.004,Plein jour,En agglomération,Place,Normale,Autre collision,,,,,,,,,,,1,2,7,1.0,6.0
201100016522,0011-07-17 22:30:00,11,7,17,22,30,150,216,,44.701,3.004,Nuit avec éclairage allumé,En agglomération,Hors intersection,Pluie légère,Autre collision,,,,,,,,,,,5,2,1,2.0,6.0
201100016523,0011-02-14 19:00:00,11,2,14,19,0,130,40,,,,Nuit sans éclairage public,Hors agglomération,Hors intersection,Pluie légère,Deux véhicules - frontale,,,,,,,,,,,3,1,1,2.0,1.0
201100016524,0011-02-17 09:00:00,11,2,17,9,0,130,40,RD96 LA BARQUE,,,Plein jour,En agglomération,Hors intersection,Temps couvert,Deux véhicules - côté,,,,,,,,,,,1,2,1,8.0,3.0
201100016525,0011-04-20 08:00:00,11,4,20,8,0,130,40,RD96N Les Laouvas,,,Plein jour,En agglomération,Hors intersection,Normale,Deux véhicules - frontale,,,,,,,,,,,1,2,1,1.0,1.0
201100016526,0011-06-16 09:30:00,11,6,16,9,30,130,25,,,,Plein jour,Hors agglomération,Hors intersection,Normale,Deux véhicules - côté,,,,,,,,,,,1,1,1,1.0,3.0
201100016527,0011-06-27 22:30:00,11,6,27,22,30,130,41,,,,Nuit sans éclairage public,Hors agglomération,Hors intersection,Normale,Sans collision,,,,,,,,,,,3,1,1,1.0,7.0
201100016528,0011-07-06 08:30:00,11,7,6,8,30,130,25,,,,Plein jour,Hors agglomération,Hors intersection,Normale,Trois véhicules et plus - collisions multiples,,,,,,,,,,,1,1,1,1.0,5.0
201100016529,0011-07-07 09:45:00,11,7,7,9,45,130,87,,,,Plein jour,Hors agglomération,Intersection en X,Normale,Deux véhicules - côté,,,,,,,,,,,1,1,2,1.0,3.0
201100016530,0011-08-30 21:30:00,11,8,30,21,30,130,87,,,,Nuit avec éclairage allumé,En agglomération,Giratoire,Normale,Deux véhicules - frontale,,,,,,,,,,,5,2,6,1.0,1.0
201100016531,0011-11-17 19:30:00,11,11,17,19,30,130,87,,,,Nuit sans éclairage public,Hors agglomération,Hors intersection,Normale,Deux véhicules - côté,,,,,,,,,,,3,1,1,1.0,3.0
201100016532,0011-11-30 15:30:00,11,11,30,15,30,130,40,,,,Plein jour,Hors agglomération,Hors intersection,Normale,Deux véhicules - frontale,,,,,,,,,,,1,1,1,1.0,1.0
201100016533,0011-12-31 15:15:00,11,12,31,15,15,470,186,LIEU-DIT MONSONEVE,44.207,0.44716,Plein jour,Hors agglomération,Hors intersection,Pluie forte,Deux véhicules - frontale,,,,,,,,,,,1,1,1,3.0,1.0
201100016534,0011-01-10 10:30:00,11,1,10,10,30,470,180,,44.1417,0.45738,Plein jour,Hors agglomération,Hors intersection,Normale,Deux véhicules - frontale,,,,,,,,,,,1,1,1,1.0,1.0
201100016535,0011-04-15 15:00:00,11,4,15,15,0,470,174,,44.0639,0.37103,Plein jour,Hors agglomération,Intersection en X,Normale,Deux véhicules - côté,,,,,,,,,,,1,1,2,1.0,3.0
201100016536,0011-05-25 23:00:00,11,5,25,23,0,470,172,LDT LA MOL?RE BAS,44.1352,0.5171,Nuit sans éclairage public,Hors agglomération,Hors intersection,Normale,Autre collision,,,,,,,,,,,3,1,1,1.0,6.0
201100016537,0011-07-29 08:00:00,11,7,29,8,0,470,143,AV DE GAULLE/ DE LA GARE,44.1767,0.29494,Plein jour,En agglomération,Intersection en T,Normale,Deux véhicules - côté,,,,,,,,,,,1,2,3,1.0,3.0
201100016538,0011-08-02 18:00:00,11,8,2,18,0,470,197,LIEU-DIT LAURIBAT,44.0738,0.47478,Plein jour,Hors agglomération,Hors intersection,Normale,Sans collision,,,,,,,,,,,1,1,1,1.0,7.0
201100016539,0011-09-20 09:45:00,11,9,20,9,45,470,318,pont de VIANNE,44.203,0.315,Plein jour,En agglomération,Hors intersection,Normale,Sans collision,,,,,,,,,,,1,2,1,1.0,7.0
201100016540,0011-10-21 20:00:00,11,10,21,20,0,470,302,,44.0343,0.11874,Nuit sans éclairage public,Hors agglomération,Hors intersection,Normale,Autre collision,,,,,,,,,,,3,1,1,1.0,6.0
201100016541,0011-10-22 12:00:00,11,10,22,12,0,470,197,,44.0672,0.46988,Plein jour,Hors agglomération,Hors intersection,Normale,Autre collision,,,,,,,,,,,1,1,1,1.0,6.0
201100016542,0011-01-17 16:45:00,11,1,17,16,45,70,10,"1, JANVIER (RUE FERDINAN",,,Plein jour,En agglomération,Intersection en T,Normale,Autre collision,,,,,,,,,,,1,2,3,1.0,6.0
201100016543,0011-02-16 07:10:00,11,2,16,7,10,70,10,"20, CARNOT (RUE SADI)",,,Crépuscule ou aube,En agglomération,Hors intersection,Normale,Autre collision,,,,,,,,,,,2,2,1,1.0,6.0
201100016544,0011-03-31 09:20:00,11,3,31,9,20,70,10,"50, JAURES (AVENUE JEAN)",,,Plein jour,En agglomération,Intersection en T,Normale,Autre collision,,,,,,,,,,,1,2,3,1.0,6.0
201100016545,0011-04-06 13:20:00,11,4,6,13,20,70,10,MOULIN (RUE JEAN),,,Plein jour,En agglomération,Giratoire,Normale,Deux véhicules - côté,,,,,,,,,,,1,2,6,1.0,3.0
201100016546,0011-05-08 15:10:00,11,5,8,15,10,70,10,"209, JANVIER (RUE FERDIN",,,Plein jour,Hors agglomération,Hors intersection,Normale,Trois véhicules et plus - collisions multiples,,,,,,,,,,,1,1,1,1.0,5.0
201100016547,0011-05-06 18:54:00,11,5,6,18,54,70,10,"33, EUROPE (AVENUE DE L'",,,Plein jour,En agglomération,Hors intersection,Normale,Autre collision,,,,,,,,,,,1,2,1,1.0,6.0
201100016548,0011-07-15 17:45:00,11,7,15,17,45,70,10,"22, CHOMEL (RUE MAURICE)",,,Plein jour,En agglomération,Hors intersection,Normale,Deux véhicules - côté,,,,,,,,,,,1,2,1,1.0,3.0
201100016549,0011-01-07 08:00:00,11,1,7,8,0,70,19,"5, GARE (AVENUE DE LA )",,,Nuit avec éclairage allumé,En agglomération,Hors intersection,Pluie légère,Autre collision,,,,,,,,,,,5,2,1,2.0,6.0
201100016550,0011-02-15 12:20:00,11,2,15,12,20,70,19,"22, MONTELIMAR ( ROUTE D",,,Plein jour,En agglomération,Hors intersection,Pluie légère,Deux véhicules - côté,,,,,,,,,,,1,2,1,2.0,3.0
201100016551,0011-06-07 16:40:00,11,6,7,16,40,70,19,RN 102,,,Plein jour,Hors agglomération,Giratoire,Normale,Deux véhicules - côté,,,,,,,,,,,1,1,6,1.0,3.0
201100016552,0011-06-24 15:15:00,11,6,24,15,15,70,116,"1, MAURICE CHAZE ( RUE )",,,Plein jour,En agglomération,Intersection en T,Normale,Deux véhicules - côté,,,,,,,,,,,1,2,3,1.0,3.0
201100016553,0011-09-17 20:20:00,11,9,17,20,20,70,116,102 ( ROUTE NATIONALE ),,,Nuit sans éclairage public,Hors agglomération,Hors intersection,Pluie légère,Trois véhicules et plus - collisions multiples,,,,,,,,,,,3,1,1,2.0,5.0
201100016554,0011-08-26 16:20:00,11,8,26,16,20,70,19,RN 102,,,Plein jour,Hors agglomération,Hors intersection,Pluie forte,Deux véhicules - côté,,,,,,,,,,,1,1,1,3.0,3.0
201100016555,0011-10-14 13:30:00,11,10,14,13,30,70,116,102 ( ROUTE NATIONALE ),,,Plein jour,Hors agglomération,Intersection en X,Normale,Deux véhicules - frontale,,,,,,,,,,,1,1,2,1.0,1.0
201100016556,0011-10-19 11:54:00,11,10,19,11,54,70,19,"8, EUROPE (BOULEVARD DE",,,Plein jour,En agglomération,Hors intersection,Temps couvert,Autre collision,,,,,,,,,,,1,2,1,8.0,6.0
201100016557,0011-10-06 15:10:00,11,10,6,15,10,70,19,"91, JEAN MATHON(BOULEVAR",,,Plein jour,En agglomération,Hors intersection,Normale,Deux véhicules - frontale,,,,,,,,,,,1,2,1,1.0,1.0
201100016558,0011-11-17 15:55:00,11,11,17,15,55,70,19,"23, GEORGES COUDERC (RUE",,,Plein jour,En agglomération,Hors intersection,Normale,Deux véhicules - côté,,,,,,,,,,,1,2,1,1.0,3.0
201100016559,0011-12-10 09:00:00,11,12,10,9,0,70,229,"700, RN102",,,Plein jour,En agglomération,Hors intersection,Temps éblouissant,Autre collision,,,,,,,,,,,1,2,1,7.0,6.0
201100016560,0011-12-13 08:15:00,11,12,13,8,15,70,19,ROQUA(AVE DE),,,Plein jour,En agglomération,Intersection en Y,Normale,Deux véhicules - côté,,,,,,,,,,,1,2,4,1.0,3.0
201100016561,0011-01-20 10:10:00,11,1,20,10,10,70,102,"172, REPUBLIQUE (AV. DE",,,Plein jour,En agglomération,Intersection en T,Normale,Deux véhicules - côté,,,,,,,,,,,1,2,3,1.0,3.0
201100016562,0011-02-01 12:35:00,11,2,1,12,35,70,316,"1175, LYON (ROUTE DE)",,,Plein jour,Hors agglomération,Hors intersection,Normale,Autre collision,,,,,,,,,,,1,1,1,1.0,6.0
201100016563,0011-02-06 16:20:00,11,2,6,16,20,70,70,ROUTE DEPARTEMENTALE 86,,,Plein jour,Hors agglomération,Hors intersection,Normale,Autre collision,,,,,,,,,,,1,1,1,1.0,6.0
201100016564,0011-02-25 15:20:00,11,2,25,15,20,70,281,C.D. 279 (VERS TOULAUD),,,Plein jour,Hors agglomération,Hors intersection,Normale,Sans collision,,,,,,,,,,,1,1,1,1.0,7.0
201100016565,0011-03-27 05:50:00,11,3,27,5,50,70,316,"1165, LYON (ROUTE DE)",,,Nuit sans éclairage public,Hors agglomération,Hors intersection,Normale,Autre collision,,,,,,,,,,,3,1,1,1.0,6.0
201100016566,0011-05-28 16:50:00,11,5,28,16,50,70,102,"0, Jean MOULIN (Rue)",,,Plein jour,En agglomération,Giratoire,Normale,Deux véhicules - côté,,,,,,,,,,,1,2,6,1.0,3.0
201100016567,0011-06-29 18:25:00,11,6,29,18,25,70,281,"930, GROSS-UMSTADT (AVEN",,,Plein jour,En agglomération,Hors intersection,Normale,Deux véhicules - côté,,,,,,,,,,,1,2,1,1.0,3.0
201100016568,0011-08-09 10:15:00,11,8,9,10,15,70,281,"14, BOUVAT (QUAI JULES)",,,Plein jour,En agglomération,Intersection en T,Normale,Autre collision,,,,,,,,,,,1,2,3,1.0,6.0
201100016569,0011-09-03 12:50:00,11,9,3,12,50,70,281,C.D. 287 (VERS ST ROMAIN,,,Plein jour,Hors agglomération,Hors intersection,Normale,Deux véhicules - côté,,,,,,,,,,,1,1,1,1.0,3.0
201100016570,0011-09-12 18:10:00,11,9,12,18,10,70,281,C.D.533,,,Plein jour,Hors agglomération,Hors intersection,Normale,Deux véhicules - côté,,,,,,,,,,,1,1,1,1.0,3.0
201100016571,0011-10-04 16:45:00,11,10,4,16,45,70,102,"0, THIERS (RUE)",,,Plein jour,En agglomération,Intersection en X,Normale,Deux véhicules - côté,,,,,,,,,,,1,2,2,1.0,3.0
201100016572,0011-10-06 09:50:00,11,10,6,9,50,70,281,C.D. 533 (VERS LE PUY),,,Plein jour,Hors agglomération,Hors intersection,Normale,Deux véhicules - frontale,,,,,,,,,,,1,1,1,1.0,1.0
201100016573,0011-10-24 18:25:00,11,10,24,18,25,70,281,"1170, DUCROS (AV. LOUIS",,,Plein jour,En agglomération,Hors intersection,Normale,Deux véhicules - côté,,,,,,,,,,,1,2,1,1.0,3.0
201100016574,0011-11-05 16:25:00,11,11,5,16,25,70,316,LONES (PONT DES),,,Crépuscule ou aube,Hors agglomération,Hors intersection,Pluie forte,Autre collision,,,,,,,,,,,2,1,1,3.0,6.0
201100016575,0011-08-20 08:15:00,11,8,20,8,15,110,202,,42.934,3.019,Plein jour,Hors agglomération,Hors intersection,Normale,Deux véhicules - frontale,,,,,,,,,,,1,1,1,1.0,1.0
201100016576,0011-08-09 21:15:00,11,8,9,21,15,570,529,Route de Rumelange,,,Nuit avec éclairage allumé,En agglomération,Intersection en T,Normale,Autre collision,,,,,,,,,,,5,2,3,1.0,6.0
201100016577,0011-08-22 15:15:00,11,8,22,15,15,570,41,,,,Plein jour,Hors agglomération,Hors intersection,Normale,Deux véhicules - frontale,,,,,,,,,,,1,1,1,1.0,1.0
201100016578,0011-09-03 08:45:00,11,9,3,8,45,570,41,,,,Plein jour,Hors agglomération,Intersection en T,Normale,Deux véhicules - frontale,,,,,,,,,,,1,1,3,1.0,1.0
201100016579,0011-09-09 12:00:00,11,9,9,12,0,570,731,RD15,49.43905,6.08577,Plein jour,En agglomération,Hors intersection,Temps couvert,Deux véhicules - côté,,,,,,,,,,,1,2,1,8.0,3.0
201100016580,0011-09-24 18:30:00,11,9,24,18,30,570,96,GN 49.386 5.958,,,Plein jour,Hors agglomération,Hors intersection,Normale,Deux véhicules - frontale,,,,,,,,,,,1,1,1,1.0,1.0
201100016581,0011-10-18 17:15:00,11,10,18,17,15,570,678,,,,Crépuscule ou aube,Hors agglomération,Hors intersection,Pluie légère,Deux véhicules - frontale,,,,,,,,,,,2,1,1,2.0,1.0
201100016582,0011-11-24 04:15:00,11,11,24,4,15,570,226,GN 49.383 6.017,,,Nuit sans éclairage public,Hors agglomération,Hors intersection,Vent fort / tempête,Sans collision,,,,,,,,,,,3,1,1,6.0,7.0
201100016583,0011-02-19 01:20:00,11,2,19,1,20,70,8,"1, GRANDE RUE",,,Nuit avec éclairage allumé,En agglomération,Intersection en Y,Normale,Autre collision,,,,,,,,,,,5,2,4,1.0,6.0
201100016584,0011-03-20 19:45:00,11,3,20,19,45,70,186,"23, AUBENAS (ROUTE D')",,,Nuit avec éclairage allumé,En agglomération,Hors intersection,Normale,Trois véhicules et plus - collisions multiples,,,,,,,,,,,5,2,1,1.0,5.0
201100016585,0011-03-23 15:50:00,11,3,23,15,50,70,186,"75, AUBENAS (ROUTE D')",,,Plein jour,En agglomération,Hors intersection,Normale,Deux véhicules - côté,,,,,,,,,,,1,2,1,1.0,3.0
201100016586,0011-04-09 15:20:00,11,4,9,15,20,70,72,MEYRAND,,,Plein jour,Hors agglomération,Hors intersection,Normale,Deux véhicules - frontale,,,,,,,,,,,1,1,1,1.0,1.0
201100016587,0011-05-13 17:35:00,11,5,13,17,35,70,186,AUBENAS (ROUTE D'),,,Plein jour,En agglomération,Hors intersection,Normale,Deux véhicules - côté,,,,,,,,,,,1,2,1,1.0,3.0
201100016588,0011-05-14 15:30:00,11,5,14,15,30,70,8,D2 ( ROUTE DEPARTEMENTAL,,,Plein jour,En agglomération,Hors intersection,Temps couvert,Deux véhicules - côté,,,,,,,,,,,1,2,1,8.0,3.0
201100016589,0011-05-27 10:40:00,11,5,27,10,40,70,186,RN 304 LE RUISSOL,,,Plein jour,En agglomération,Intersection en T,Normale,Deux véhicules - côté,,,,,,,,,,,1,2,3,1.0,3.0
201100016590,0011-06-17 23:00:00,11,6,17,23,0,70,72,MOULIN DES CORNES,,,Nuit avec éclairage allumé,Hors agglomération,Hors intersection,Normale,Deux véhicules - côté,,,,,,,,,,,5,1,1,1.0,3.0
201100016591,0011-07-01 10:20:00,11,7,1,10,20,70,186,"5, HUGO (PLACE VICTOR)",,,Plein jour,En agglomération,Hors intersection,Normale,Autre collision,,,,,,,,,,,1,2,1,1.0,6.0
201100016592,0011-07-27 08:30:00,11,7,27,8,30,70,8,D2 ( ROUTE DEPARTEMENTAL,,,Plein jour,Hors agglomération,Hors intersection,Pluie légère,Deux véhicules - côté,,,,,,,,,,,1,1,1,2.0,3.0
201100016593,0011-08-06 04:50:00,11,8,6,4,50,70,186,DEPARTEMENTALE D2,,,Nuit sans éclairage public,Hors agglomération,Hors intersection,Normale,Autre collision,,,,,,,,,,,3,1,1,1.0,6.0
201100016594,0011-08-24 14:20:00,11,8,24,14,20,70,186,ROUTE DEPARTEMENTALE D2,,,Plein jour,En agglomération,Hors intersection,Normale,Deux véhicules - côté,,,,,,,,,,,1,2,1,1.0,3.0
201100016595,0011-09-27 10:50:00,11,9,27,10,50,70,186,"01, VERNON (BLD. DE)",,,Plein jour,En agglomération,Hors intersection,Normale,Autre collision,,,,,,,,,,,1,2,1,1.0,6.0
201100016596,0011-10-18 15:35:00,11,10,18,15,35,70,186,LYCEE (BLD. DU)  TOUS N?,,,Plein jour,En agglomération,Hors intersection,Normale,Deux véhicules - côté,,,,,,,,,,,1,2,1,1.0,3.0
201100016597,0011-11-27 08:30:00,11,11,27,8,30,70,186,"03, HUGO (PLACE VICTOR)",,,Plein jour,En agglomération,Hors intersection,Normale,Autre collision,,,,,,,,,,,1,2,1,1.0,6.0
201100016598,0011-12-08 08:10:00,11,12,8,8,10,70,340,VAUMALLE (CHEMIN DE),,,Crépuscule ou aube,En agglomération,Hors intersection,Pluie légère,Deux véhicules - frontale,,,,,,,,,,,2,2,1,2.0,1.0
201100016599,0011-12-15 19:15:00,11,12,15,19,15,70,186,BACCONNIER (RUE LUDOVIC),,,Nuit avec éclairage allumé,En agglomération,Hors intersection,Pluie légère,Sans collision,,,,,,,,,,,5,2,1,2.0,7.0
201100016600,0011-01-02 16:45:00,11,1,2,16,45,340,123,juvignac,43.60726,3.81274,Crépuscule ou aube,En agglomération,Hors intersection,Normale,Deux véhicules - côté,,,,,,,,,,,2,2,1,1.0,3.0
201100016601,0011-01-15 17:45:00,11,1,15,17,45,340,202,,43.58471,3.77848,Crépuscule ou aube,Hors agglomération,Hors intersection,Normale,Deux véhicules - côté,,,,,,,,,,,2,1,1,1.0,3.0
201100016602,0011-03-23 15:00:00,11,3,23,15,0,340,202,rond point de l'Horloge,43.58466,3.75761,Plein jour,En agglomération,Giratoire,Normale,Deux véhicules - côté,,,,,,,,,,,1,2,6,1.0,3.0
201100016603,0011-07-23 18:45:00,11,7,23,18,45,340,163,,43.6467,3.68146,Plein jour,Hors agglomération,Hors intersection,Normale,Sans collision,,,,,,,,,,,1,1,1,1.0,7.0
201100016604,0011-08-03 18:00:00,11,8,3,18,0,340,163,,43.62631,3.70496,Plein jour,Hors agglomération,Hors intersection,Normale,Autre collision,,,,,,,,,,,1,1,1,1.0,6.0
201100016605,0011-09-02 13:45:00,11,9,2,13,45,340,163,,43.63091,3.7016,Plein jour,Hors agglomération,Hors intersection,Normale,Autre collision,,,,,,,,,,,1,1,1,1.0,6.0
201100016606,0011-09-17 18:45:00,11,9,17,18,45,340,202,,43.602,3.783,Plein jour,Hors agglomération,Hors intersection,Pluie légère,Trois véhicules et plus - en chaîne,,,,,,,,,,,1,1,1,2.0,4.0
201100016607,0011-09-19 10:30:00,11,9,19,10,30,340,202,,43.589,3.782,Plein jour,Hors agglomération,Hors intersection,Normale,Deux véhicules - frontale,,,,,,,,,,,1,1,1,1.0,1.0
201100016608,0011-03-21 18:30:00,11,3,21,18,30,350,51,avenue de Belle fontaine,48.12725,-1.62377,Plein jour,En agglomération,Autre intersection,Normale,Deux véhicules - frontale,,,,,,,,,,,1,2,9,1.0,1.0
201100016609,0011-04-14 13:30:00,11,4,14,13,30,350,51,porte de beaulieu,48.10113,-1.60904,Plein jour,En agglomération,Giratoire,Normale,Deux véhicules - côté,,,,,,,,,,,1,2,6,1.0,3.0
201100016610,0011-04-28 15:45:00,11,4,28,15,45,350,51,,48.11941,-1.56986,Plein jour,Hors agglomération,Hors intersection,Normale,Sans collision,,,,,,,,,,,1,1,1,1.0,7.0
201100016611,0011-05-06 08:30:00,11,5,6,8,30,350,51,51 RUE DE LA CROIX CONNU,48.12264,-1.61081,Plein jour,En agglomération,Hors intersection,Normale,Autre collision,,,,,,,,,,,1,2,1,1.0,6.0
201100016612,0011-05-13 11:00:00,11,5,13,11,0,350,51,rue de l'Erbonière,48.10537,-1.62901,Plein jour,En agglomération,Intersection en T,Normale,Deux véhicules - frontale,,,,,,,,,,,1,2,3,1.0,1.0
201100016613,0011-11-22 14:00:00,11,11,22,14,0,350,334,,48.153,-1.59,Plein jour,Hors agglomération,Giratoire,Normale,Deux véhicules - arrière,,,,,,,,,,,1,1,6,1.0,2.0
201100016614,0011-12-12 17:45:00,11,12,12,17,45,350,51,15 av gde fontenelle,48.12122,-1.60748,Nuit avec éclairage allumé,En agglomération,Hors intersection,Normale,Autre collision,,,,,,,,,,,5,2,1,1.0,6.0
201100016615,0011-03-08 18:00:00,11,3,8,18,0,110,397,,,,Plein jour,Hors agglomération,Giratoire,Normale,Autre collision,,,,,,,,,,,1,1,6,1.0,6.0
201100016616,0011-06-14 09:30:00,11,6,14,9,30,110,397,,,,Plein jour,Hors agglomération,Hors intersection,Normale,Deux véhicules - frontale,,,,,,,,,,,1,1,1,1.0,1.0