accident_id,datetime,annee,mois,jour,heure,minute,departement,commune_insee,adresse,latitude,longitude,luminosite,agglomeration,intersection,meteo,collision,nb_vehicules,nb_usagers,nb_indemnes,nb_tues,nb_blesses_hosp,nb_blesses_legers,age_cond_1,age_cond_2,veh_type_cond_1,veh_type_cond_2,lum_code,agg_code,int_code,atm_code,col_code
201100016751,0011-07-16 04:15:00,11,7,16,4,15,800,2,,,,Nuit sans éclairage public,Hors agglomération,Hors intersection,Normale,Autre collision,,,,,,,,,,,3,1,1,1.0,6.0
201100016752,0011-07-30 04:00:00,11,7,30,4,0,800,322,,,,Nuit sans éclairage public,Hors agglomération,Hors intersection,Normale,Deux véhicules - côté,,,,,,,,,,,3,1,1,1.0,3.0
201100016753,0011-08-16 04:40:00,11,8,16,4,40,800,521,,,,Nuit sans éclairage public,Hors agglomération,Hors intersection,Temps couvert,Autre collision,,,,,,,,,,,3,1,1,8.0,6.0
201100016754,0011-08-24 06:30:00,11,8,24,6,30,800,204,,,,Plein jour,Hors agglomération,Hors intersection,Normale,Autre collision,,,,,,,,,,,1,1,1,1.0,6.0
201100016755,0011-09-18 19:30:00,11,9,18,19,30,800,2,,,,Plein jour,Hors agglomération,Hors intersection,Temps couvert,Deux véhicules - côté,,,,,,,,,,,1,1,1,8.0,3.0
201100016756,0011-11-01 20:30:00,11,11,1,20,30,800,267,,,,Nuit sans éclairage public,Hors agglomération,Hors intersection,Normale,Autre collision,,,,,,,,,,,3,1,1,1.0,6.0
201100016757,0011-12-11 07:00:00,11,12,11,7,0,800,467,,,,Nuit sans éclairage public,Hors agglomération,Hors intersection,Normale,Deux véhicules - frontale,,,,,,,,,,,3,1,1,1.0,1.0
201100016758,0011-12-19 06:45:00,11,12,19,6,45,800,421,,,,Crépuscule ou aube,Hors agglomération,Hors intersection,Temps couvert,Deux véhicules - arrière,,,,,,,,,,,2,1,1,8.0,2.0
201100016759,0011-12-31 04:15:00,11,12,31,4,15,710,270,,,,Nuit sans éclairage public,Hors agglomération,Hors intersection,Pluie forte,Deux véhicules - arrière,,,,,,,,,,,3,1,1,3.0,2.0
201100016760,0011-02-03 01:15:00,11,2,3,1,15,710,481,,,,Nuit sans éclairage public,Hors agglomération,Hors intersection,Normale,Autre collision,,,,,,,,,,,3,1,1,1.0,6.0
201100016761,0011-02-07 16:30:00,11,2,7,16,30,710,513,,,,Plein jour,Hors agglomération,Hors intersection,Normale,Autre collision,,,,,,,,,,,1,1,1,1.0,6.0
201100016762,0011-04-12 23:00:00,11,4,12,23,0,710,448,,,,Nuit sans éclairage public,Hors agglomération,Hors intersection,Normale,Trois véhicules et plus - collisions multiples,,,,,,,,,,,3,1,1,1.0,5.0
201100016763,0011-04-18 08:00:00,11,4,18,8,0,710,105,,,,Plein jour,Hors agglomération,Hors intersection,Normale,Autre collision,,,,,,,,,,,1,1,1,1.0,6.0
201100016764,0011-04-18 18:00:00,11,4,18,18,0,710,543,,,,Plein jour,Hors agglomération,Hors intersection,Normale,Autre collision,,,,,,,,,,,1,1,1,1.0,6.0
201100016765,0011-05-01 23:45:00,11,5,1,23,45,710,556,,8.83548,,Nuit sans éclairage public,Hors agglomération,Hors intersection,Normale,Deux véhicules - arrière,,,,,,,,,,,3,1,1,1.0,2.0
201100016766,0011-05-06 03:00:00,11,5,6,3,0,710,270,,9.09374,,Nuit sans éclairage public,Hors agglomération,Hors intersection,Normale,Trois véhicules et plus - collisions multiples,,,,,,,,,,,3,1,1,1.0,5.0
201100016767,0011-05-21 15:45:00,11,5,21,15,45,710,543,,9.08086,,Plein jour,Hors agglomération,Hors intersection,Normale,Deux véhicules - côté,,,,,,,,,,,1,1,1,1.0,3.0
201100016768,0011-06-16 19:15:00,11,6,16,19,15,710,543,,9.08158,,Plein jour,Hors agglomération,Hors intersection,Normale,Deux véhicules - côté,,,,,,,,,,,1,1,1,1.0,3.0
201100016769,0011-06-27 08:15:00,11,6,27,8,15,710,359,,9.06857,,Plein jour,Hors agglomération,Hors intersection,Normale,Autre collision,,,,,,,,,,,1,1,1,1.0,6.0
201100016770,0011-07-15 07:45:00,11,7,15,7,45,710,543,,9.08133,,Plein jour,Hors agglomération,Hors intersection,Normale,Sans collision,,,,,,,,,,,1,1,1,1.0,7.0
201100016771,0011-07-27 09:00:00,11,7,27,9,0,710,270,,8.85057,,Plein jour,Hors agglomération,Hors intersection,Normale,Autre collision,,,,,,,,,,,1,1,1,1.0,6.0
201100016772,0011-09-20 16:00:00,11,9,20,16,0,710,550,,46.4894,4.89492,Plein jour,Hors agglomération,Hors intersection,Normale,Sans collision,,,,,,,,,,,1,1,1,1.0,7.0
201100016773,0011-10-29 10:30:00,11,10,29,10,30,710,513,,,,Plein jour,Hors agglomération,Hors intersection,Normale,Autre collision,,,,,,,,,,,1,1,1,1.0,6.0
201100016774,0011-10-30 09:00:00,11,10,30,9,0,710,305,,,,Plein jour,Hors agglomération,Hors intersection,Normale,Autre collision,,,,,,,,,,,1,1,1,1.0,6.0
201100016775,0011-11-18 22:00:00,11,11,18,22,0,710,543,,,,Nuit sans éclairage public,Hors agglomération,Hors intersection,Brouillard / fumée,Deux véhicules - arrière,,,,,,,,,,,3,1,1,5.0,2.0
201100016776,0011-12-27 14:15:00,11,12,27,14,15,710,90,,,,Plein jour,Hors agglomération,Hors intersection,Temps couvert,Deux véhicules - côté,,,,,,,,,,,1,1,1,8.0,3.0
201100016777,0011-01-30 23:15:00,11,1,30,23,15,130,51,,,,Nuit sans éclairage public,Hors agglomération,Hors intersection,Normale,Deux véhicules - frontale,,,,,,,,,,,3,1,1,1.0,1.0
201100016778,0011-02-22 15:45:00,11,2,22,15,45,130,114,,,,Nuit sans éclairage public,Hors agglomération,Hors intersection,Normale,Deux véhicules - arrière,,,,,,,,,,,3,1,1,1.0,2.0
201100016779,0011-03-10 00:15:00,11,3,10,0,15,130,114,,,,Nuit sans éclairage public,Hors agglomération,Hors intersection,Normale,Deux véhicules - arrière,,,,,,,,,,,3,1,1,1.0,2.0
201100016780,0011-05-13 11:15:00,11,5,13,11,15,130,51,,,,Plein jour,Hors agglomération,Hors intersection,Normale,Autre collision,,,,,,,,,,,1,1,1,1.0,6.0
201100016781,0011-05-23 13:45:00,11,5,23,13,45,130,51,,,,Plein jour,Hors agglomération,Hors intersection,Normale,Autre collision,,,,,,,,,,,1,1,1,1.0,6.0
201100016782,0011-06-08 15:00:00,11,6,8,15,0,130,51,,,,Plein jour,Hors agglomération,Hors intersection,Normale,Deux véhicules - frontale,,,,,,,,,,,1,1,1,1.0,1.0
201100016783,0011-06-14 07:45:00,11,6,14,7,45,130,103,,,,Plein jour,Hors agglomération,Hors intersection,Normale,Deux véhicules - côté,,,,,,,,,,,1,1,1,1.0,3.0
201100016784,0011-06-25 11:45:00,11,6,25,11,45,130,118,,,,Plein jour,Hors agglomération,Hors intersection,Normale,Trois véhicules et plus - en chaîne,,,,,,,,,,,1,1,1,1.0,4.0
201100016785,0011-07-01 08:00:00,11,7,1,8,0,130,51,,,,Plein jour,Hors agglomération,Hors intersection,Normale,Deux véhicules - côté,,,,,,,,,,,1,1,1,1.0,3.0
201100016786,0011-07-08 07:45:00,11,7,8,7,45,130,51,,,,Plein jour,Hors agglomération,Hors intersection,Normale,Sans collision,,,,,,,,,,,1,1,1,1.0,7.0
201100016787,0011-07-13 14:30:00,11,7,13,14,30,130,51,,,,Plein jour,Hors agglomération,Hors intersection,Normale,Deux véhicules - arrière,,,,,,,,,,,1,1,1,1.0,2.0
201100016788,0011-07-18 20:00:00,11,7,18,20,0,130,18,,,,Plein jour,Hors agglomération,Hors intersection,Normale,Autre collision,,,,,,,,,,,1,1,1,1.0,6.0
201100016789,0011-07-23 09:30:00,11,7,23,9,30,130,118,,,,Plein jour,Hors agglomération,Hors intersection,Normale,Trois véhicules et plus - en chaîne,,,,,,,,,,,1,1,1,1.0,4.0
201100016790,0011-07-24 05:45:00,11,7,24,5,45,130,51,,,,Crépuscule ou aube,Hors agglomération,Hors intersection,Normale,Deux véhicules - frontale,,,,,,,,,,,2,1,1,1.0,1.0
201100016791,0011-07-27 03:45:00,11,7,27,3,45,130,118,,,,Nuit sans éclairage public,Hors agglomération,Hors intersection,Normale,Deux véhicules - arrière,,,,,,,,,,,3,1,1,1.0,2.0
201100016792,0011-08-01 07:45:00,11,8,1,7,45,130,49,,,,Plein jour,Hors agglomération,Hors intersection,Normale,Autre collision,,,,,,,,,,,1,1,1,1.0,6.0
201100016793,0011-08-17 12:15:00,11,8,17,12,15,130,67,,,,Plein jour,Hors agglomération,Hors intersection,Normale,Deux véhicules - arrière,,,,,,,,,,,1,1,1,1.0,2.0
201100016794,0011-08-29 16:15:00,11,8,29,16,15,130,18,,,,Plein jour,Hors agglomération,Hors intersection,Normale,Deux véhicules - arrière,,,,,,,,,,,1,1,1,1.0,2.0
201100016795,0011-08-30 14:00:00,11,8,30,14,0,130,18,,,,Plein jour,Hors agglomération,Hors intersection,Normale,Deux véhicules - frontale,,,,,,,,,,,1,1,1,1.0,1.0
201100016796,0011-09-17 03:15:00,11,9,17,3,15,130,67,,,,Nuit sans éclairage public,Hors agglomération,Hors intersection,Normale,Trois véhicules et plus - en chaîne,,,,,,,,,,,3,1,1,1.0,4.0
201100016797,0011-09-24 10:45:00,11,9,24,10,45,130,51,,,,Plein jour,Hors agglomération,Hors intersection,Normale,Trois véhicules et plus - en chaîne,,,,,,,,,,,1,1,1,1.0,4.0
201100016798,0011-10-01 08:30:00,11,10,1,8,30,130,51,,,,Plein jour,Hors agglomération,Hors intersection,Normale,Autre collision,,,,,,,,,,,1,1,1,1.0,6.0
201100016799,0011-10-03 12:45:00,11,10,3,12,45,130,67,,,,Plein jour,Hors agglomération,Hors intersection,Normale,Deux véhicules - arrière,,,,,,,,,,,1,1,1,1.0,2.0
201100016800,0011-10-10 08:00:00,11,10,10,8,0,130,114,,,,Plein jour,Hors agglomération,Hors intersection,Temps éblouissant,Trois véhicules et plus - en chaîne,,,,,,,,,,,1,1,1,7.0,4.0
201100016801,0011-10-27 20:30:00,11,10,27,20,30,130,49,,,,Nuit sans éclairage public,Hors agglomération,Hors intersection,Normale,Deux véhicules - côté,,,,,,,,,,,3,1,1,1.0,3.0
201100016802,0011-10-28 22:45:00,11,10,28,22,45,130,76,,,,Nuit sans éclairage public,Hors agglomération,Hors intersection,Normale,Sans collision,,,,,,,,,,,3,1,1,1.0,7.0
201100016803,0011-10-29 07:00:00,11,10,29,7,0,130,49,,,,Nuit sans éclairage public,Hors agglomération,Hors intersection,Normale,Deux véhicules - arrière,,,,,,,,,,,3,1,1,1.0,2.0
201100016804,0011-11-04 12:45:00,11,11,4,12,45,130,103,,,,Plein jour,Hors agglomération,Hors intersection,Pluie légère,Autre collision,,,,,,,,,,,1,1,1,2.0,6.0
201100016805,0011-11-09 05:00:00,11,11,9,5,0,130,37,,,,Nuit sans éclairage public,Hors agglomération,Hors intersection,Normale,Deux véhicules - frontale,,,,,,,,,,,3,1,1,1.0,1.0
201100016806,0011-11-09 10:45:00,11,11,9,10,45,130,32,,,,Plein jour,Hors agglomération,Hors intersection,Normale,Deux véhicules - frontale,,,,,,,,,,,1,1,1,1.0,1.0
201100016807,0011-11-26 02:45:00,11,11,26,2,45,130,66,,,,Nuit sans éclairage public,Hors agglomération,Hors intersection,Normale,Autre collision,,,,,,,,,,,3,1,1,1.0,6.0
201100016808,0011-12-22 09:30:00,11,12,22,9,30,130,105,,,,Nuit sans éclairage public,Hors agglomération,Hors intersection,Normale,Deux véhicules - arrière,,,,,,,,,,,3,1,1,1.0,2.0
201100016809,0011-12-30 04:45:00,11,12,30,4,45,130,67,,,,Nuit sans éclairage public,Hors agglomération,Hors intersection,Normale,Trois véhicules et plus - collisions multiples,,,,,,,,,,,3,1,1,1.0,5.0
201100016810,0011-01-11 21:00:00,11,1,11,21,0,840,87,,44.123,4.806,Nuit sans éclairage public,Hors agglomération,Hors intersection,Normale,Autre collision,,,,,,,,,,,3,1,1,1.0,6.0
201100016811,0011-03-08 16:15:00,11,3,8,16,15,300,221,,44.05469,4.76747,Plein jour,Hors agglomération,Hors intersection,Normale,Deux véhicules - frontale,,,,,,,,,,,1,1,1,1.0,1.0
201100016812,0011-04-04 02:15:00,11,4,4,2,15,840,81,,,,Nuit sans éclairage public,Hors agglomération,Hors intersection,Normale,Deux véhicules - arrière,,,,,,,,,,,3,1,1,1.0,2.0
201100016813,0011-04-14 03:45:00,11,4,14,3,45,840,39,,,,Nuit sans éclairage public,Hors agglomération,Hors intersection,Normale,Deux véhicules - arrière,,,,,,,,,,,3,1,1,1.0,2.0
201100016814,0011-05-25 14:00:00,11,5,25,14,0,840,87,,,,Plein jour,Hors agglomération,Hors intersection,Normale,Trois véhicules et plus - collisions multiples,,,,,,,,,,,1,1,1,1.0,5.0
201100016815,0011-06-17 17:00:00,11,6,17,17,0,300,107,,43.96577,4.64044,Plein jour,Hors agglomération,Hors intersection,Normale,Sans collision,,,,,,,,,,,1,1,1,1.0,7.0
201100016816,0011-09-09 09:00:00,11,9,9,9,0,300,116,,43.93822,4.60666,Plein jour,Hors agglomération,Hors intersection,Normale,Deux véhicules - arrière,,,,,,,,,,,1,1,1,1.0,2.0
201100016817,0011-09-16 14:30:00,11,9,16,14,30,300,116,,43.9388,4.60761,Plein jour,Hors agglomération,Hors intersection,Normale,Deux véhicules - arrière,,,,,,,,,,,1,1,1,1.0,2.0
201100016818,0011-11-17 03:30:00,11,11,17,3,30,840,19,,,,Nuit sans éclairage public,Hors agglomération,Hors intersection,Normale,Autre collision,,,,,,,,,,,3,1,1,1.0,6.0
201100016819,0011-11-25 19:45:00,11,11,25,19,45,840,7,,43.906,4.913,Nuit sans éclairage public,Hors agglomération,Hors intersection,Normale,Deux véhicules - arrière,,,,,,,,,,,3,1,1,1.0,2.0
201100016820,0011-11-29 09:00:00,11,11,29,9,0,840,87,,,,Plein jour,Hors agglomération,Hors intersection,Normale,Autre collision,,,,,,,,,,,1,1,1,1.0,6.0
201100016821,0011-01-22 00:30:00,11,1,22,0,30,830,130,,,,Nuit sans éclairage public,Hors agglomération,Hors intersection,Normale,Deux véhicules - frontale,,,,,,,,,,,3,1,1,1.0,1.0
201100016822,0011-01-25 21:45:00,11,1,25,21,45,830,100,,,,Nuit sans éclairage public,Hors agglomération,Hors intersection,Normale,Autre collision,,,,,,,,,,,3,1,1,1.0,6.0
201100016823,0011-02-06 05:45:00,11,2,6,5,45,830,148,,,,Nuit sans éclairage public,Hors agglomération,Hors intersection,Brouillard / fumée,Trois véhicules et plus - collisions multiples,,,,,,,,,,,3,1,1,5.0,5.0
201100016824,0011-04-28 06:00:00,11,4,28,6,0,830,4,,,,Nuit sans éclairage public,Hors agglomération,Hors intersection,Normale,Trois véhicules et plus - collisions multiples,,,,,,,,,,,3,1,1,1.0,5.0
201100016825,0011-05-09 17:00:00,11,5,9,17,0,830,140,,,,Plein jour,Hors agglomération,Hors intersection,Normale,Deux véhicules - arrière,,,,,,,,,,,1,1,1,1.0,2.0
201100016826,0011-06-06 07:30:00,11,6,6,7,30,830,67,,,,Plein jour,Hors agglomération,Hors intersection,Normale,Autre collision,,,,,,,,,,,1,1,1,1.0,6.0
201100016827,0011-06-13 05:45:00,11,6,13,5,45,830,73,,,,Crépuscule ou aube,Hors agglomération,Hors intersection,Normale,Autre collision,,,,,,,,,,,2,1,1,1.0,6.0
201100016828,0011-06-13 15:00:00,11,6,13,15,0,830,148,,,,Plein jour,Hors agglomération,Hors intersection,Normale,Autre collision,,,,,,,,,,,1,1,1,1.0,6.0
201100016829,0011-06-15 08:45:00,11,6,15,8,45,830,54,,,,Plein jour,Hors agglomération,Hors intersection,Normale,Sans collision,,,,,,,,,,,1,1,1,1.0,7.0
201100016830,0011-06-23 12:45:00,11,6,23,12,45,830,148,,,,Plein jour,Hors agglomération,Hors intersection,Normale,Deux véhicules - arrière,,,,,,,,,,,1,1,1,1.0,2.0
201100016831,0011-07-08 10:15:00,11,7,8,10,15,830,26,,,,Nuit sans éclairage public,Hors agglomération,Hors intersection,Normale,Autre collision,,,,,,,,,,,3,1,1,1.0,6.0
201100016832,0011-07-30 16:15:00,11,7,30,16,15,830,86,,,,Plein jour,Hors agglomération,Hors intersection,Normale,Trois véhicules et plus - collisions multiples,,,,,,,,,,,1,1,1,1.0,5.0
201100016833,0011-08-08 13:30:00,11,8,8,13,30,830,23,,,,Plein jour,Hors agglomération,Hors intersection,Normale,Autre collision,,,,,,,,,,,1,1,1,1.0,6.0
201100016834,0011-08-26 13:00:00,11,8,26,13,0,830,107,,,,Plein jour,Hors agglomération,Hors intersection,Normale,Deux véhicules - arrière,,,,,,,,,,,1,1,1,1.0,2.0
201100016835,0011-09-04 23:15:00,11,9,4,23,15,830,31,,,,Nuit sans éclairage public,Hors agglomération,Hors intersection,Normale,Autre collision,,,,,,,,,,,3,1,1,1.0,6.0
201100016836,0011-11-22 17:00:00,11,11,22,17,0,830,31,,,,Crépuscule ou aube,Hors agglomération,Hors intersection,Normale,Deux véhicules - arrière,,,,,,,,,,,2,1,1,1.0,2.0
201100016837,0011-12-08 10:00:00,11,12,8,10,0,830,86,,,,Plein jour,Hors agglomération,Hors intersection,Normale,Deux véhicules - arrière,,,,,,,,,,,1,1,1,1.0,2.0
201100016838,0011-02-05 15:30:00,11,2,5,15,30,600,44,,,,Plein jour,En agglomération,Hors intersection,Normale,Autre collision,,,,,,,,,,,1,2,1,1.0,6.0
201100016839,0011-03-08 14:15:00,11,3,8,14,15,600,86,,,,Plein jour,Hors agglomération,Hors intersection,Normale,Trois véhicules et plus - collisions multiples,,,,,,,,,,,1,1,1,1.0,5.0
201100016840,0011-03-10 22:30:00,11,3,10,22,30,600,44,,,,Nuit sans éclairage public,Hors agglomération,Hors intersection,Normale,Autre collision,,,,,,,,,,,3,1,1,1.0,6.0
201100016841,0011-03-15 18:45:00,11,3,15,18,45,600,513,27 rue du Havre,,,Crépuscule ou aube,En agglomération,Hors intersection,Normale,Deux véhicules - frontale,,,,,,,,,,,2,2,1,1.0,1.0
201100016842,0011-05-07 19:30:00,11,5,7,19,30,600,584,,,,Plein jour,Hors agglomération,Hors intersection,Normale,Deux véhicules - côté,,,,,,,,,,,1,1,1,1.0,3.0
201100016843,0011-06-10 08:00:00,11,6,10,8,0,600,155,35 rue de Maysel,,,Plein jour,En agglomération,Hors intersection,Normale,Deux véhicules - côté,,,,,,,,,,,1,2,1,1.0,3.0
201100016844,0011-06-17 17:15:00,11,6,17,17,15,600,86,,49.171,2.356,Plein jour,Hors agglomération,Hors intersection,Pluie légère,Deux véhicules - côté,,,,,,,,,,,1,1,1,2.0,3.0
201100016845,0011-07-19 13:00:00,11,7,19,13,0,600,651,,49.26,2.29,Plein jour,Hors agglomération,Hors intersection,Pluie légère,Deux véhicules - frontale,,,,,,,,,,,1,1,1,2.0,1.0
201100016846,0011-10-05 23:15:00,11,10,5,23,15,600,513,rue de beauvais,,,Nuit avec éclairage allumé,En agglomération,Hors intersection,Normale,Deux véhicules - frontale,,,,,,,,,,,5,2,1,1.0,1.0
201100016847,0011-10-12 20:30:00,11,10,12,20,30,600,155,,,,Nuit sans éclairage public,Hors agglomération,Hors intersection,Pluie légère,Deux véhicules - frontale,,,,,,,,,,,3,1,1,2.0,1.0
201100016848,0011-10-19 20:15:00,11,10,19,20,15,600,393,face au n? 4 rue de Crei,,,Nuit avec éclairage allumé,En agglomération,Hors intersection,Normale,Deux véhicules - frontale,,,,,,,,,,,5,2,1,1.0,1.0
201100016849,0011-11-17 18:30:00,11,11,17,18,30,600,686,RUE DE PRECY,,,Nuit avec éclairage allumé,En agglomération,Intersection en X,Normale,Deux véhicules - côté,,,,,,,,,,,5,2,2,1.0,3.0
201100016850,0011-12-05 17:45:00,11,12,5,17,45,600,393,GRANDE RUE,,,Nuit avec éclairage allumé,En agglomération,Hors intersection,Pluie légère,Autre collision,,,,,,,,,,,5,2,1,2.0,6.0
201100016851,0011-02-13 19:30:00,11,2,13,19,30,250,56,,47.294,6.012,Nuit sans éclairage public,Hors agglomération,Hors intersection,Normale,Autre collision,,,,,,,,,,,3,1,1,1.0,6.0
201100016852,0011-04-27 13:00:00,11,4,27,13,0,250,368,,47.331,6.119,Plein jour,Hors agglomération,Hors intersection,Normale,Trois véhicules et plus - collisions multiples,,,,,,,,,,,1,1,1,1.0,5.0
201100016853,0011-09-14 14:45:00,11,9,14,14,45,250,86,,,,Plein jour,Hors agglomération,Hors intersection,Normale,Trois véhicules et plus - en chaîne,,,,,,,,,,,1,1,1,1.0,4.0
201100016854,0011-01-02 01:45:00,11,1,2,1,45,270,102,,49.3699,0.7425,Nuit sans éclairage public,Hors agglomération,Hors intersection,Temps couvert,Sans collision,,,,,,,,,,,3,1,1,8.0,7.0
201100016855,0011-03-28 10:45:00,11,3,28,10,45,270,227,,49.375,0.64645,Plein jour,Hors agglomération,Hors intersection,Normale,Autre collision,,,,,,,,,,,1,1,1,1.0,6.0
201100016856,0011-04-06 07:45:00,11,4,6,7,45,270,580,PK 124+000,49.3456,0.91402,Plein jour,Hors agglomération,Hors intersection,Normale,Autre collision,,,,,,,,,,,1,1,1,1.0,6.0
201100016857,0011-04-09 14:00:00,11,4,9,14,0,760,682,A13,49.3191,1.10388,Plein jour,Hors agglomération,Hors intersection,Normale,Autre collision,,,,,,,,,,,1,1,1,1.0,6.0
201100016858,0011-05-12 23:30:00,11,5,12,23,30,270,65,,49.3206,0.31867,Nuit sans éclairage public,Hors agglomération,Hors intersection,Normale,Deux véhicules - côté,,,,,,,,,,,3,1,1,1.0,3.0
201100016859,0011-05-09 01:30:00,11,5,9,1,30,760,484,,49.3405,1.06698,Nuit avec éclairage allumé,Hors agglomération,Hors intersection,Normale,Deux véhicules - arrière,,,,,,,,,,,5,1,1,1.0,2.0
201100016860,0011-06-07 12:00:00,11,6,7,12,0,270,65,,49.33,0.34459,Plein jour,Hors agglomération,Hors intersection,Normale,Sans collision,,,,,,,,,,,1,1,1,1.0,7.0
201100016861,0011-06-20 07:15:00,11,6,20,7,15,760,484,A13,49.3419,1.06372,Plein jour,Hors agglomération,Hors intersection,Pluie légère,Autre collision,,,,,,,,,,,1,1,1,2.0,6.0
201100016862,0011-08-13 11:15:00,11,8,13,11,15,270,580,,49.3431,0.92476,Plein jour,Hors agglomération,Hors intersection,Normale,Deux véhicules - frontale,,,,,,,,,,,1,1,1,1.0,1.0
201100016863,0011-11-10 06:45:00,11,11,10,6,45,760,484,,49.34216,1.06342,Plein jour,Hors agglomération,Hors intersection,Normale,Trois véhicules et plus - collisions multiples,,,,,,,,,,,1,1,1,1.0,5.0
201100016864,0011-11-10 15:45:00,11,11,10,15,45,760,484,A13,49.3435,1.05739,Plein jour,Hors agglomération,Hors intersection,Normale,Deux véhicules - côté,,,,,,,,,,,1,1,1,1.0,3.0
201100016865,0011-12-18 07:30:00,11,12,18,7,30,760,457,A13,49.3383,0.97641,Nuit sans éclairage public,Hors agglomération,Hors intersection,Autre,Autre collision,,,,,,,,,,,3,1,1,9.0,6.0
201100016866,0011-01-21 05:45:00,11,1,21,5,45,270,351,,49.2585,1.15053,Nuit sans éclairage public,Hors agglomération,Hors intersection,Normale,Deux véhicules - arrière,,,,,,,,,,,3,1,1,1.0,2.0
201100016867,0011-01-21 18:45:00,11,1,21,18,45,780,531,A13,49.002,1.60736,Nuit sans éclairage public,Hors agglomération,Hors intersection,Normale,Autre collision,,,,,,,,,,,3,1,1,1.0,6.0
201100016868,0011-03-21 19:00:00,11,3,21,19,0,780,531,A13,48.9972,1.61516,Plein jour,Hors agglomération,Hors intersection,Normale,Trois véhicules et plus - en chaîne,,,,,,,,,,,1,1,1,1.0,4.0
201100016869,0011-04-17 09:15:00,11,4,17,9,15,780,668,A13,49.0198,1.51717,Plein jour,Hors agglomération,Hors intersection,Normale,Autre collision,,,,,,,,,,,1,1,1,1.0,6.0
201100016870,0011-04-15 18:00:00,11,4,15,18,0,780,89,A13,48.8393,2.11976,Plein jour,Hors agglomération,Hors intersection,Normale,Autre collision,,,,,,,,,,,1,1,1,1.0,6.0
201100016871,0011-05-05 05:00:00,11,5,5,5,0,270,150,PK 30+500,49.0938,1.3644,Nuit sans éclairage public,Hors agglomération,Hors intersection,Normale,Deux véhicules - arrière,,,,,,,,,,,3,1,1,1.0,2.0
201100016872,0011-05-31 16:00:00,11,5,31,16,0,780,68,A13,49.0393,1.45573,Plein jour,Hors agglomération,Hors intersection,Normale,Autre collision,,,,,,,,,,,1,1,1,1.0,6.0
201100016873,0011-07-01 02:30:00,11,7,1,2,30,780,89,A13,,,Nuit sans éclairage public,Hors agglomération,Hors intersection,Normale,Deux véhicules - frontale,,,,,,,,,,,3,1,1,1.0,1.0
201100016874,0011-07-06 06:15:00,11,7,6,6,15,780,668,AIRE DE REPOS A13,49.025,1.548,Crépuscule ou aube,Hors agglomération,Autre intersection,Normale,Autre collision,,,,,,,,,,,2,1,9,1.0,6.0
201100016875,0011-08-23 00:15:00,11,8,23,0,15,270,150,,49.0856,1.37694,Nuit sans éclairage public,Hors agglomération,Hors intersection,Pluie légère,Sans collision,,,,,,,,,,,3,1,1,2.0,7.0
201100016876,0011-08-20 05:00:00,11,8,20,5,0,270,701,,49.2387,1.19752,Nuit sans éclairage public,Hors agglomération,Hors intersection,Normale,Deux véhicules - arrière,,,,,,,,,,,3,1,1,1.0,2.0
201100016877,0011-09-06 00:01:00,11,9,6,0,1,780,531,A13,49.002,1.616,Nuit sans éclairage public,Hors agglomération,Hors intersection,Normale,Autre collision,,,,,,,,,,,3,1,1,1.0,6.0
201100016878,0011-11-22 20:15:00,11,11,22,20,15,270,701,,49.2329,1.20387,Nuit sans éclairage public,Hors agglomération,Hors intersection,Normale,Deux véhicules - arrière,,,,,,,,,,,3,1,1,1.0,2.0
201100016879,0011-12-09 09:15:00,11,12,9,9,15,270,351,,49.2525,1.16576,Plein jour,Hors agglomération,Hors intersection,Temps couvert,Autre collision,,,,,,,,,,,1,1,1,8.0,6.0
201100016880,0011-01-17 01:15:00,11,1,17,1,15,600,254,,,,Nuit sans éclairage public,Hors agglomération,Hors intersection,Normale,Trois véhicules et plus - en chaîne,,,,,,,,,,,3,1,1,1.0,4.0
201100016881,0011-01-25 08:00:00,11,1,25,8,0,600,138,,,,Plein jour,Hors agglomération,Hors intersection,Brouillard / fumée,Autre collision,,,,,,,,,,,1,1,1,5.0,6.0
201100016882,0011-02-06 23:45:00,11,2,6,23,45,600,281,,,,Nuit sans éclairage public,Hors agglomération,Hors intersection,Normale,Sans collision,,,,,,,,,,,3,1,1,1.0,7.0
201100016883,0011-03-16 06:00:00,11,3,16,6,0,600,369,,,,Crépuscule ou aube,Hors agglomération,Hors intersection,Normale,Autre collision,,,,,,,,,,,2,1,1,1.0,6.0
201100016884,0011-04-07 08:00:00,11,4,7,8,0,600,424,,,,Plein jour,Hors agglomération,Hors intersection,Normale,Trois véhicules et plus - collisions multiples,,,,,,,,,,,1,1,1,1.0,5.0