accident_id,datetime,annee,mois,jour,heure,minute,departement,commune_insee,adresse,latitude,longitude,luminosite,agglomeration,intersection,meteo,collision,nb_vehicules,nb_usagers,nb_indemnes,nb_tues,nb_blesses_hosp,nb_blesses_legers,age_cond_1,age_cond_2,veh_type_cond_1,veh_type_cond_2,lum_code,agg_code,int_code,atm_code,col_code
201100016885,0011-04-13 05:30:00,11,4,13,5,30,600,100,,,,Crépuscule ou aube,Hors agglomération,Hors intersection,Normale,Autre collision,,,,,,,,,,,2,1,1,1.0,6.0
201100016886,0011-05-05 17:00:00,11,5,5,17,0,600,369,,,,Plein jour,Hors agglomération,Hors intersection,Normale,Deux véhicules - arrière,,,,,,,,,,,1,1,1,1.0,2.0
201100016887,0011-06-03 10:45:00,11,6,3,10,45,600,19,,,,Plein jour,Hors agglomération,Hors intersection,Normale,Trois véhicules et plus - collisions multiples,,,,,,,,,,,1,1,1,1.0,5.0
201100016888,0011-07-06 13:45:00,11,7,6,13,45,600,531,,,,Plein jour,Hors agglomération,Hors intersection,Normale,Trois véhicules et plus - collisions multiples,,,,,,,,,,,1,1,1,1.0,5.0
201100016889,0011-07-22 18:30:00,11,7,22,18,30,600,369,,,,Plein jour,Hors agglomération,Hors intersection,Normale,Sans collision,,,,,,,,,,,1,1,1,1.0,7.0
201100016890,0011-08-28 03:45:00,11,8,28,3,45,600,475,,,,Nuit sans éclairage public,Hors agglomération,Hors intersection,Normale,Autre collision,,,,,,,,,,,3,1,1,1.0,6.0
201100016891,0011-09-04 07:30:00,11,9,4,7,30,600,229,,,,Crépuscule ou aube,Hors agglomération,Hors intersection,Pluie légère,Autre collision,,,,,,,,,,,2,1,1,2.0,6.0
201100016892,0011-09-22 06:45:00,11,9,22,6,45,600,254,,,,Nuit sans éclairage public,Hors agglomération,Hors intersection,Normale,Trois véhicules et plus - en chaîne,,,,,,,,,,,3,1,1,1.0,4.0
201100016893,0011-09-30 09:15:00,11,9,30,9,15,600,138,,,,Plein jour,Hors agglomération,Hors intersection,Normale,Trois véhicules et plus - en chaîne,,,,,,,,,,,1,1,1,1.0,4.0
201100016894,0011-10-04 01:15:00,11,10,4,1,15,600,531,,,,Nuit sans éclairage public,Hors agglomération,Hors intersection,Normale,Autre collision,,,,,,,,,,,3,1,1,1.0,6.0
201100016895,0011-10-29 19:00:00,11,10,29,19,0,600,160,,,,Nuit sans éclairage public,Hors agglomération,Hors intersection,Temps couvert,Deux véhicules - arrière,,,,,,,,,,,3,1,1,8.0,2.0
201100016896,0011-11-20 23:45:00,11,11,20,23,45,600,538,,,,Nuit sans éclairage public,Hors agglomération,Hors intersection,Brouillard / fumée,Autre collision,,,,,,,,,,,3,1,1,5.0,6.0
201100016897,0011-02-27 14:15:00,11,2,27,14,15,210,3,,47.3719,5.03737,Plein jour,Hors agglomération,Hors intersection,Normale,Deux véhicules - frontale,,,,,,,,,,,1,1,1,1.0,1.0
201100016898,0011-03-08 11:30:00,11,3,8,11,30,210,27,,47.3961,5.03765,Plein jour,Hors agglomération,Hors intersection,Normale,Sans collision,,,,,,,,,,,1,1,1,1.0,7.0
201100016899,0011-03-22 15:45:00,11,3,22,15,45,210,408,,47.1174,4.77596,Plein jour,Hors agglomération,Hors intersection,Normale,Deux véhicules - frontale,,,,,,,,,,,1,1,1,1.0,1.0
201100016900,0011-07-29 19:00:00,11,7,29,19,0,210,479,RUE HAUTE,47.511,4.781,Plein jour,En agglomération,Intersection en T,Normale,Deux véhicules - côté,,,,,,,,,,,1,2,3,1.0,3.0
201100016901,0011-07-30 19:15:00,11,7,30,19,15,210,85,,47.461,4.752,Plein jour,Hors agglomération,Hors intersection,Normale,Autre collision,,,,,,,,,,,1,1,1,1.0,6.0
201100016902,0011-09-13 11:45:00,11,9,13,11,45,210,651,,47.4171,4.87881,Plein jour,Hors agglomération,Hors intersection,Temps couvert,Deux véhicules - frontale,,,,,,,,,,,1,1,1,8.0,1.0
201100016903,0011-10-02 16:45:00,11,10,2,16,45,210,485,,47.3655,4.97039,Plein jour,Hors agglomération,Hors intersection,Normale,Deux véhicules - côté,,,,,,,,,,,1,1,1,1.0,3.0
201100016904,0011-01-17 15:00:00,11,1,17,15,0,690,19,,,,Plein jour,Hors agglomération,Hors intersection,Normale,Autre collision,,,,,,,,,,,1,1,1,1.0,6.0
201100016905,0011-02-17 12:15:00,11,2,17,12,15,690,206,,,,Plein jour,Hors agglomération,Autre intersection,Normale,Autre collision,,,,,,,,,,,1,1,9,1.0,6.0
201100016906,0011-05-02 16:45:00,11,5,2,16,45,690,13,,,,Plein jour,Hors agglomération,Hors intersection,Normale,Deux véhicules - côté,,,,,,,,,,,1,1,1,1.0,3.0
201100016907,0011-05-23 16:45:00,11,5,23,16,45,690,242,,,,Plein jour,Hors agglomération,Hors intersection,Normale,Deux véhicules - arrière,,,,,,,,,,,1,1,1,1.0,2.0
201100016908,0011-06-04 12:15:00,11,6,4,12,15,690,13,,,,Plein jour,Hors agglomération,Hors intersection,Normale,Trois véhicules et plus - en chaîne,,,,,,,,,,,1,1,1,1.0,4.0
201100016909,0011-06-04 12:15:00,11,6,4,12,15,690,13,,,,Plein jour,Hors agglomération,Hors intersection,Normale,Sans collision,,,,,,,,,,,1,1,1,1.0,7.0
201100016910,0011-06-10 14:15:00,11,6,10,14,15,690,206,,,,Plein jour,Hors agglomération,Hors intersection,Normale,Autre collision,,,,,,,,,,,1,1,1,1.0,6.0
201100016911,0011-09-04 03:00:00,11,9,4,3,0,690,242,,,,Nuit sans éclairage public,Hors agglomération,Hors intersection,Normale,Autre collision,,,,,,,,,,,3,1,1,1.0,6.0
201100016912,0011-10-19 07:45:00,11,10,19,7,45,690,206,,,,Crépuscule ou aube,Hors agglomération,Hors intersection,Pluie forte,Deux véhicules - frontale,,,,,,,,,,,2,1,1,3.0,1.0
201100016913,0011-10-19 08:00:00,11,10,19,8,0,690,115,,,,Plein jour,Hors agglomération,Hors intersection,Pluie légère,Trois véhicules et plus - en chaîne,,,,,,,,,,,1,1,1,2.0,4.0
201100016914,0011-10-24 08:00:00,11,10,24,8,0,690,19,,,,Plein jour,Hors agglomération,Hors intersection,Normale,Deux véhicules - arrière,,,,,,,,,,,1,1,1,1.0,2.0
201100016915,0011-02-09 23:00:00,11,2,9,23,0,620,440,,,,Nuit sans éclairage public,Hors agglomération,Hors intersection,Normale,Autre collision,,,,,,,,,,,3,1,1,1.0,6.0
201100016916,0011-03-29 07:00:00,11,3,29,7,0,620,440,,,,Crépuscule ou aube,Hors agglomération,Hors intersection,Normale,Deux véhicules - arrière,,,,,,,,,,,2,1,1,1.0,2.0
201100016917,0011-05-02 07:00:00,11,5,2,7,0,620,829,,,,Crépuscule ou aube,Hors agglomération,Hors intersection,Normale,Sans collision,,,,,,,,,,,2,1,1,1.0,7.0
201100016918,0011-07-01 10:00:00,11,7,1,10,0,620,384,,,,Plein jour,Hors agglomération,Hors intersection,Normale,Trois véhicules et plus - collisions multiples,,,,,,,,,,,1,1,1,1.0,5.0
201100016919,0011-07-09 03:15:00,11,7,9,3,15,590,593,,50.22955,3.27227,Nuit avec éclairage allumé,Hors agglomération,Autre intersection,Pluie légère,Autre collision,,,,,,,,,,,5,1,9,2.0,6.0
201100016920,0011-12-31 14:15:00,11,12,31,14,15,590,10,,50.15084,3.14094,Plein jour,Hors agglomération,Hors intersection,Normale,Sans collision,,,,,,,,,,,1,1,1,1.0,7.0
201100016921,0011-05-01 12:45:00,11,5,1,12,45,380,64,PK 42+0900,45.564,5.36212,Plein jour,Hors agglomération,Hors intersection,Normale,Deux véhicules - frontale,,,,,,,,,,,1,1,1,1.0,1.0
201100016922,0011-05-17 13:45:00,11,5,17,13,45,380,343,,45.582,5.633,Plein jour,Hors agglomération,Hors intersection,Normale,Autre collision,,,,,,,,,,,1,1,1,1.0,6.0
201100016923,0011-06-04 05:15:00,11,6,4,5,15,380,343,,,,Nuit avec éclairage allumé,Hors agglomération,Hors intersection,Normale,Deux véhicules - arrière,,,,,,,,,,,5,1,1,1.0,2.0
201100016924,0011-06-27 18:45:00,11,6,27,18,45,380,348,,,,Plein jour,Hors agglomération,Hors intersection,Normale,Autre collision,,,,,,,,,,,1,1,1,1.0,6.0
201100016925,0011-09-29 20:15:00,11,9,29,20,15,380,193,,45.6,5.283,Plein jour,Hors agglomération,Hors intersection,Normale,Deux véhicules - arrière,,,,,,,,,,,1,1,1,1.0,2.0
201100016926,0011-10-04 09:15:00,11,10,4,9,15,380,343,,,,Plein jour,Hors agglomération,Hors intersection,Normale,Trois véhicules et plus - collisions multiples,,,,,,,,,,,1,1,1,1.0,5.0
201100016927,0011-03-25 18:30:00,11,3,25,18,30,680,278,,47.748,7.40916,Plein jour,En agglomération,Hors intersection,Normale,Trois véhicules et plus - en chaîne,,,,,,,,,,,1,2,1,1.0,4.0
201100016928,0011-03-26 07:00:00,11,3,26,7,0,680,278,rue Ile Napoleon,47.75454,7.40378,Plein jour,En agglomération,Intersection en X,Normale,Deux véhicules - côté,,,,,,,,,,,1,2,2,1.0,3.0
201100016929,0011-08-14 15:45:00,11,8,14,15,45,680,118,rue du G?n?ral De Gaulle,47.72783,7.41697,Plein jour,En agglomération,Hors intersection,Normale,Deux véhicules - arrière,,,,,,,,,,,1,2,1,1.0,2.0
201100016930,0011-02-24 09:00:00,11,2,24,9,0,530,243,53410,48.14552,-0.87002,Plein jour,Hors agglomération,Hors intersection,Pluie légère,Deux véhicules - frontale,,,,,,,,,,,1,1,1,2.0,1.0
201100016931,0011-02-26 01:00:00,11,2,26,1,0,530,103,,48.09639,-0.91499,Nuit sans éclairage public,Hors agglomération,Hors intersection,Normale,Autre collision,,,,,,,,,,,3,1,1,1.0,6.0
201100016932,0011-03-12 18:15:00,11,3,12,18,15,530,137,,48.076,-0.884,Plein jour,Hors agglomération,Hors intersection,Pluie légère,Autre collision,,,,,,,,,,,1,1,1,2.0,6.0
201100016933,0011-04-23 03:45:00,11,4,23,3,45,530,229,53240,48.14073,-0.74841,Nuit avec éclairage non allumé,Hors agglomération,Hors intersection,Normale,Sans collision,,,,,,,,,,,4,1,1,1.0,7.0
201100016934,0011-05-11 18:45:00,11,5,11,18,45,530,247,la feuillee,48.112,-1.01699,Plein jour,En agglomération,Giratoire,Normale,Deux véhicules - côté,,,,,,,,,,,1,2,6,1.0,3.0
201100016935,0011-05-15 20:15:00,11,5,15,20,15,530,40,,48.131,-1.04299,Plein jour,Hors agglomération,Hors intersection,Normale,Sans collision,,,,,,,,,,,1,1,1,1.0,7.0
201100016936,0011-05-25 20:30:00,11,5,25,20,30,530,229,,48.15741,-0.76178,Plein jour,Hors agglomération,Hors intersection,Normale,Deux véhicules - frontale,,,,,,,,,,,1,1,1,1.0,1.0
201100016937,0011-05-27 21:30:00,11,5,27,21,30,530,39,,48.169,-0.9512,Plein jour,Hors agglomération,Hors intersection,Normale,Autre collision,,,,,,,,,,,1,1,1,1.0,6.0
201100016938,0011-06-04 18:15:00,11,6,4,18,15,530,123,,48.232,-0.958,Plein jour,Hors agglomération,Intersection en X,Normale,Deux véhicules - côté,,,,,,,,,,,1,1,2,1.0,3.0
201100016939,0011-06-14 12:30:00,11,6,14,12,30,530,103,,48.105,-0.881,Plein jour,Hors agglomération,Hors intersection,Normale,Deux véhicules - frontale,,,,,,,,,,,1,1,1,1.0,1.0
201100016940,0011-06-26 06:15:00,11,6,26,6,15,530,108,La sailloterie    53410,48.071,-1.024,Plein jour,Hors agglomération,Hors intersection,Normale,Autre collision,,,,,,,,,,,1,1,1,1.0,6.0
201100016941,0011-07-01 23:45:00,11,7,1,23,45,530,229,,48.13711,-0.75683,Nuit sans éclairage public,Hors agglomération,Hors intersection,Normale,Sans collision,,,,,,,,,,,3,1,1,1.0,7.0
201100016942,0011-08-16 17:15:00,11,8,16,17,15,530,137,,48.077,-0.936,Plein jour,Hors agglomération,Hors intersection,Normale,Sans collision,,,,,,,,,,,1,1,1,1.0,7.0
201100016943,0011-09-08 16:15:00,11,9,8,16,15,530,243,53410,48.159,-0.877,Plein jour,Hors agglomération,Hors intersection,Normale,Trois véhicules et plus - collisions multiples,,,,,,,,,,,1,1,1,1.0,5.0
201100016944,0011-09-20 13:15:00,11,9,20,13,15,530,103,53940,48.0956,-0.90679,Plein jour,Hors agglomération,Hors intersection,Normale,Deux véhicules - côté,,,,,,,,,,,1,1,1,1.0,3.0
201100016945,0011-09-28 09:30:00,11,9,28,9,30,530,123,53380,48.262,-1.061,Plein jour,Hors agglomération,Hors intersection,Normale,Deux véhicules - côté,,,,,,,,,,,1,1,1,1.0,3.0
201100016946,0011-10-04 16:15:00,11,10,4,16,15,530,5,,48.19258,-0.79333,Plein jour,Hors agglomération,Hors intersection,Normale,Trois véhicules et plus - collisions multiples,,,,,,,,,,,1,1,1,1.0,5.0
201100016947,0011-10-15 18:30:00,11,10,15,18,30,530,225,,48.19737,-0.83861,Plein jour,Hors agglomération,Hors intersection,Normale,Autre collision,,,,,,,,,,,1,1,1,1.0,6.0
201100016948,0011-12-27 14:15:00,11,12,27,14,15,530,226,,48.217,-0.932,Plein jour,Hors agglomération,Hors intersection,Normale,Deux véhicules - frontale,,,,,,,,,,,1,1,1,1.0,1.0
201100016949,0011-12-16 07:45:00,11,12,16,7,45,690,285,,,,Crépuscule ou aube,Hors agglomération,Hors intersection,Pluie légère,Deux véhicules - frontale,,,,,,,,,,,2,1,1,2.0,1.0
201100016950,0011-12-17 20:45:00,11,12,17,20,45,690,285,chemin du ch?teau,,,Nuit avec éclairage allumé,En agglomération,Hors intersection,Autre,Sans collision,,,,,,,,,,,5,2,1,9.0,7.0
201100016951,0011-01-21 23:45:00,11,1,21,23,45,950,371,RD 317,49.0653,2.5218,Nuit sans éclairage public,Hors agglomération,Hors intersection,Normale,Autre collision,,,,,,,,,,,3,1,1,1.0,6.0
201100016952,0011-01-23 20:10:00,11,1,23,20,10,950,580,RD 16,49.0902,2.5381,Nuit sans éclairage public,Hors agglomération,Hors intersection,Normale,Autre collision,,,,,,,,,,,3,1,1,1.0,6.0
201100016953,0011-02-03 08:30:00,11,2,3,8,30,950,371,R Roger SALENGRO,49.0862,2.5064,Plein jour,En agglomération,Hors intersection,Temps couvert,Autre collision,,,,,,,,,,,1,2,1,8.0,6.0
201100016954,0011-03-24 16:15:00,11,3,24,16,15,950,250,AV HENRI BARBUSSE,49.0949,2.5081,Plein jour,En agglomération,Hors intersection,Normale,Deux véhicules - arrière,,,,,,,,,,,1,2,1,1.0,2.0
201100016955,0011-03-28 08:15:00,11,3,28,8,15,950,580,RD 10,49.0867,2.5524,Plein jour,Hors agglomération,Giratoire,Normale,Deux véhicules - côté,,,,,,,,,,,1,1,6,1.0,3.0
201100016956,0011-05-06 18:00:00,11,5,6,18,0,950,250,Parking collège Stendhal,49.103,2.5087,Plein jour,En agglomération,Hors intersection,Normale,Autre collision,,,,,,,,,,,1,2,1,1.0,6.0
201100016957,0011-05-13 22:00:00,11,5,13,22,0,950,580,RD 16,49.0853,2.5447,Nuit sans éclairage public,Hors agglomération,Hors intersection,Normale,Sans collision,,,,,,,,,,,3,1,1,1.0,7.0
201100016958,0011-07-03 17:00:00,11,7,3,17,0,950,371,Hameau de la bonne,49.0846,2.5035,Plein jour,En agglomération,Intersection en T,Normale,Deux véhicules - côté,,,,,,,,,,,1,2,3,1.0,3.0
201100016959,0011-04-26 13:00:00,11,4,26,13,0,760,517,A28,49.5139,1.19122,Plein jour,Hors agglomération,Hors intersection,Normale,Sans collision,,,,,,,,,,,1,1,1,1.0,7.0
201100016960,0011-05-21 11:30:00,11,5,21,11,30,760,517,A28,49.5336,1.21964,Plein jour,Hors agglomération,Hors intersection,Normale,Sans collision,,,,,,,,,,,1,1,1,1.0,7.0
201100016961,0011-10-04 10:45:00,11,10,4,10,45,760,377,,49.49365,1.16358,Plein jour,Hors agglomération,Hors intersection,Pluie légère,Sans collision,,,,,,,,,,,1,1,1,2.0,7.0
201100016962,0011-12-22 16:45:00,11,12,22,16,45,760,517,,49.51526,1.19298,Crépuscule ou aube,Hors agglomération,Hors intersection,Temps couvert,Sans collision,,,,,,,,,,,2,1,1,8.0,7.0
201100016963,0011-01-12 19:30:00,11,1,12,19,30,170,205,,,,Nuit sans éclairage public,Hors agglomération,Hors intersection,Normale,Deux véhicules - frontale,,,,,,,,,,,3,1,1,1.0,1.0
201100016964,0011-02-03 07:00:00,11,2,3,7,0,170,436,,,,Nuit sans éclairage public,Hors agglomération,Hors intersection,Pluie légère,Deux véhicules - côté,,,,,,,,,,,3,1,1,2.0,3.0
201100016965,0011-02-11 18:45:00,11,2,11,18,45,170,299,,,,Nuit sans éclairage public,Hors agglomération,Hors intersection,Normale,Trois véhicules et plus - en chaîne,,,,,,,,,,,3,1,1,1.0,4.0
201100016966,0011-02-21 11:45:00,11,2,21,11,45,170,415,,,,Plein jour,Hors agglomération,Hors intersection,Temps couvert,Autre collision,,,,,,,,,,,1,1,1,8.0,6.0
201100016967,0011-06-19 06:15:00,11,6,19,6,15,170,213,,,,Plein jour,Hors agglomération,Hors intersection,Normale,Sans collision,,,,,,,,,,,1,1,1,1.0,7.0
201100016968,0011-08-18 22:30:00,11,8,18,22,30,170,299,,,,Nuit sans éclairage public,Hors agglomération,Hors intersection,Normale,Sans collision,,,,,,,,,,,3,1,1,1.0,7.0
201100016969,0011-09-02 16:30:00,11,9,2,16,30,170,438,,,,Plein jour,Hors agglomération,Hors intersection,Normale,Autre collision,,,,,,,,,,,1,1,1,1.0,6.0
201100016970,0011-02-10 00:15:00,11,2,10,0,15,310,182,,,,Nuit avec éclairage allumé,Hors agglomération,Hors intersection,Normale,Deux véhicules - frontale,,,,,,,,,,,5,1,1,1.0,1.0
201100016971,0011-03-02 14:00:00,11,3,2,14,0,310,116,17 rte de bruguières,,,Plein jour,Hors agglomération,Hors intersection,Temps couvert,Deux véhicules - côté,,,,,,,,,,,1,1,1,8.0,3.0
201100016972,0011-03-14 22:00:00,11,3,14,22,0,310,22,44 chemin des Bourdettes,43.667,1.43231,Nuit avec éclairage allumé,En agglomération,Hors intersection,Normale,Deux véhicules - frontale,,,,,,,,,,,5,2,1,1.0,1.0
201100016973,0011-05-25 16:15:00,11,5,25,16,15,310,410,PK49.100,,,Plein jour,En agglomération,Hors intersection,Normale,Deux véhicules - frontale,,,,,,,,,,,1,2,1,1.0,1.0
201100016974,0011-06-28 08:30:00,11,6,28,8,30,310,116,route de Fonbeauzard,,,Plein jour,En agglomération,Hors intersection,Normale,Deux véhicules - côté,,,,,,,,,,,1,2,1,1.0,3.0
201100016975,0011-09-26 22:45:00,11,9,26,22,45,310,186,rue des violettes,43.67742,1.42944,Nuit avec éclairage allumé,En agglomération,Hors intersection,Normale,Sans collision,,,,,,,,,,,5,2,1,1.0,7.0
201100016976,0011-10-07 09:15:00,11,10,7,9,15,310,410,22 route de gratentour,43.71084,1.46301,Plein jour,En agglomération,Hors intersection,Normale,Sans collision,,,,,,,,,,,1,2,1,1.0,7.0
201100016977,0011-11-10 18:45:00,11,11,10,18,45,310,116,62 che. BUFFEBIAU,43.68771,1.44115,Nuit avec éclairage allumé,En agglomération,Hors intersection,Normale,Deux véhicules - côté,,,,,,,,,,,5,2,1,1.0,3.0
201100016978,0011-12-11 01:15:00,11,12,11,1,15,310,410,RD 15,,,Nuit avec éclairage allumé,En agglomération,Hors intersection,Normale,Deux véhicules - frontale,,,,,,,,,,,5,2,1,1.0,1.0
201100016979,0011-12-27 17:00:00,11,12,27,17,0,310,410,,,,Plein jour,Hors agglomération,Hors intersection,Normale,Deux véhicules - frontale,,,,,,,,,,,1,1,1,1.0,1.0
201100016980,0011-02-17 12:30:00,11,2,17,12,30,130,87,,,,Plein jour,Hors agglomération,Hors intersection,Pluie forte,Deux véhicules - côté,,,,,,,,,,,1,1,1,3.0,3.0
201100016981,0011-07-10 19:45:00,11,7,10,19,45,830,140,,,,Plein jour,Hors agglomération,Hors intersection,Normale,Deux véhicules - côté,,,,,,,,,,,1,1,1,1.0,3.0
201100016982,0011-11-24 12:00:00,11,11,24,12,0,830,96,,,,Plein jour,Hors agglomération,Hors intersection,Normale,Deux véhicules - arrière,,,,,,,,,,,1,1,1,1.0,2.0
201100016983,0011-09-29 04:00:00,11,9,29,4,0,830,116,,,,Nuit sans éclairage public,Hors agglomération,Hors intersection,Normale,Deux véhicules - arrière,,,,,,,,,,,3,1,1,1.0,2.0
201100016984,0011-10-18 06:00:00,11,10,18,6,0,130,87,,,,Nuit sans éclairage public,Hors agglomération,Hors intersection,Normale,Deux véhicules - arrière,,,,,,,,,,,3,1,1,1.0,2.0
201100016985,0011-12-12 13:15:00,11,12,12,13,15,130,87,,,,Plein jour,Hors agglomération,Hors intersection,Normale,Trois véhicules et plus - collisions multiples,,,,,,,,,,,1,1,1,1.0,5.0
201100016986,0011-12-12 17:15:00,11,12,12,17,15,830,23,,,,Crépuscule ou aube,Hors agglomération,Hors intersection,Normale,Autre collision,,,,,,,,,,,2,1,1,1.0,6.0
201100016987,0011-12-18 01:30:00,11,12,18,1,30,830,140,,,,Nuit sans éclairage public,Hors agglomération,Hors intersection,Normale,Autre collision,,,,,,,,,,,3,1,1,1.0,6.0
201100016988,0011-12-29 14:45:00,11,12,29,14,45,830,140,,,,Plein jour,Hors agglomération,Hors intersection,Normale,Deux véhicules - arrière,,,,,,,,,,,1,1,1,1.0,2.0
201100016989,0011-01-06 07:45:00,11,1,6,7,45,740,42,,,,Plein jour,Hors agglomération,Hors intersection,Normale,Deux véhicules - arrière,,,,,,,,,,,1,1,1,1.0,2.0
201100016990,0011-01-16 05:30:00,11,1,16,5,30,740,208,,45.916,6.692,Nuit avec éclairage allumé,Hors agglomération,Autre intersection,Normale,Sans collision,,,,,,,,,,,5,1,9,1.0,7.0
201100016991,0011-04-16 10:00:00,11,4,16,10,0,740,18,,,,Plein jour,Hors agglomération,Hors intersection,Normale,Deux véhicules - arrière,,,,,,,,,,,1,1,1,1.0,2.0
201100016992,0011-06-20 02:00:00,11,6,20,2,0,740,133,,,,Nuit avec éclairage allumé,Hors agglomération,Hors intersection,Normale,Autre collision,,,,,,,,,,,5,1,1,1.0,6.0
201100016993,0011-11-03 11:30:00,11,11,3,11,30,740,81,,,,Plein jour,Hors agglomération,Autre intersection,Normale,Autre collision,,,,,,,,,,,1,1,9,1.0,6.0
201100016994,0011-01-16 16:30:00,11,1,16,16,30,300,344,,43.75071,4.22538,Plein jour,Hors agglomération,Hors intersection,Normale,Deux véhicules - arrière,,,,,,,,,,,1,1,1,1.0,2.0
201100016995,0011-01-25 14:00:00,11,1,25,14,0,300,189,,43.79908,4.38381,Plein jour,Hors agglomération,Hors intersection,Normale,Deux véhicules - côté,,,,,,,,,,,1,1,1,1.0,3.0
201100016996,0011-03-01 16:00:00,11,3,1,16,0,300,156,,43.86459,4.43346,Plein jour,Hors agglomération,Hors intersection,Vent fort / tempête,Autre collision,,,,,,,,,,,1,1,1,6.0,6.0
201100016997,0011-03-05 02:30:00,11,3,5,2,30,300,189,,43.80662,4.33419,Nuit sans éclairage public,Hors agglomération,Hors intersection,Normale,Deux véhicules - arrière,,,,,,,,,,,3,1,1,1.0,2.0
201100016998,0011-03-21 02:45:00,11,3,21,2,45,300,145,,43.90169,4.53087,Nuit sans éclairage public,Hors agglomération,Hors intersection,Normale,Trois véhicules et plus - collisions multiples,,,,,,,,,,,3,1,1,1.0,5.0
201100016999,0011-03-27 01:45:00,11,3,27,1,45,340,294,,43.70198,4.11441,Nuit sans éclairage public,Hors agglomération,Hors intersection,Normale,Autre collision,,,,,,,,,,,3,1,1,1.0,6.0
201100017000,0011-03-28 01:45:00,11,3,28,1,45,300,34,,43.73784,4.46089,Nuit sans éclairage public,Hors agglomération,Hors intersection,Autre,Deux véhicules - arrière,,,,,,,,,,,3,1,1,9.0,2.0
201100017001,0011-04-23 16:45:00,11,4,23,16,45,300,116,,43.91916,4.57859,Plein jour,Hors agglomération,Hors intersection,Pluie légère,Trois véhicules et plus - collisions multiples,,,,,,,,,,,1,1,1,2.0,5.0
201100017002,0011-04-28 02:45:00,11,4,28,2,45,300,185,,43.74083,4.19657,Nuit sans éclairage public,Hors agglomération,Hors intersection,Normale,Autre collision,,,,,,,,,,,3,1,1,1.0,6.0
201100017003,0011-04-28 09:00:00,11,4,28,9,0,300,317,,43.90706,4.55979,Plein jour,Hors agglomération,Hors intersection,Normale,Deux véhicules - arrière,,,,,,,,,,,1,1,1,1.0,2.0
201100017004,0011-05-15 09:40:00,11,5,15,9,40,340,340,,43.71876,4.14069,Plein jour,Hors agglomération,Hors intersection,Normale,Trois véhicules et plus - en chaîne,,,,,,,,,,,1,1,1,1.0,4.0
201100017005,0011-05-22 14:00:00,11,5,22,14,0,300,156,,43.86698,4.43582,Plein jour,Hors agglomération,Hors intersection,Normale,Sans collision,,,,,,,,,,,1,1,1,1.0,7.0
201100017006,0011-05-29 03:15:00,11,5,29,3,15,340,146,,,,Nuit sans éclairage public,Hors agglomération,Hors intersection,Normale,Trois véhicules et plus - en chaîne,,,,,,,,,,,3,1,1,1.0,4.0
201100017007,0011-07-06 16:00:00,11,7,6,16,0,300,36,,43.76925,4.27293,Plein jour,Hors agglomération,Hors intersection,Normale,Autre collision,,,,,,,,,,,1,1,1,1.0,6.0
201100017008,0011-07-09 19:00:00,11,7,9,19,0,340,321,,43.68058,4.04034,Plein jour,Hors agglomération,Hors intersection,Normale,Trois véhicules et plus - en chaîne,,,,,,,,,,,1,1,1,1.0,4.0
201100017009,0011-07-11 11:45:00,11,7,11,11,45,300,123,,43.72699,4.18255,Plein jour,Hors agglomération,Hors intersection,Normale,Autre collision,,,,,,,,,,,1,1,1,1.0,6.0
201100017010,0011-07-19 16:15:00,11,7,19,16,15,300,169,,43.79582,4.30634,Plein jour,Hors agglomération,Hors intersection,Normale,Deux véhicules - côté,,,,,,,,,,,1,1,1,1.0,3.0
201100017011,0011-07-30 05:30:00,11,7,30,5,30,300,169,,43.78765,4.29851,Nuit sans éclairage public,Hors agglomération,Hors intersection,Normale,Deux véhicules - côté,,,,,,,,,,,3,1,1,1.0,3.0
201100017012,0011-08-01 10:00:00,11,8,1,10,0,300,344,,43.74986,4.23112,Plein jour,Hors agglomération,Hors intersection,Normale,Trois véhicules et plus - en chaîne,,,,,,,,,,,1,1,1,1.0,4.0
201100017013,0011-08-02 09:30:00,11,8,2,9,30,300,36,,43.7739,4.28249,Plein jour,Hors agglomération,Hors intersection,Normale,Deux véhicules - arrière,,,,,,,,,,,1,1,1,1.0,2.0
201100017014,0011-08-07 16:45:00,11,8,7,16,45,340,294,,43.70144,4.11447,Plein jour,Hors agglomération,Hors intersection,Pluie légère,Autre collision,,,,,,,,,,,1,1,1,2.0,6.0
201100017015,0011-08-14 02:45:00,11,8,14,2,45,340,154,,43.61097,3.93974,Nuit sans éclairage public,Hors agglomération,Hors intersection,Normale,Deux véhicules - côté,,,,,,,,,,,3,1,1,1.0,3.0
201100017016,0011-08-30 22:00:00,11,8,30,22,0,300,34,,43.73587,4.46402,Nuit sans éclairage public,Hors agglomération,Hors intersection,Normale,Deux véhicules - arrière,,,,,,,,,,,3,1,1,1.0,2.0