accident_id,datetime,annee,mois,jour,heure,minute,departement,commune_insee,adresse,latitude,longitude,luminosite,agglomeration,intersection,meteo,collision,nb_vehicules,nb_usagers,nb_indemnes,nb_tues,nb_blesses_hosp,nb_blesses_legers,age_cond_1,age_cond_2,veh_type_cond_1,veh_type_cond_2,lum_code,agg_code,int_code,atm_code,col_code
201100017017,0011-10-10 00:15:00,11,10,10,0,15,340,240,,,,Nuit sans éclairage public,Hors agglomération,Hors intersection,Normale,Trois véhicules et plus - collisions multiples,,,,,,,,,,,3,1,1,1.0,5.0
201100017018,0011-10-12 01:45:00,11,10,12,1,45,300,344,,43.74902,4.23731,Nuit sans éclairage public,Hors agglomération,Hors intersection,Normale,Sans collision,,,,,,,,,,,3,1,1,1.0,7.0
201100017019,0011-10-25 14:00:00,11,10,25,14,0,300,189,,43.83854,4.41196,Plein jour,Hors agglomération,Hors intersection,Normale,Deux véhicules - côté,,,,,,,,,,,1,1,1,1.0,3.0
201100017020,0011-10-31 15:30:00,11,10,31,15,30,300,258,,43.7629,4.42399,Plein jour,Hors agglomération,Hors intersection,Normale,Autre collision,,,,,,,,,,,1,1,1,1.0,6.0
201100017021,0011-10-20 14:00:00,11,10,20,14,0,300,333,,43.75477,4.2587,Plein jour,Hors agglomération,Hors intersection,Normale,Deux véhicules - côté,,,,,,,,,,,1,1,1,1.0,3.0
201100017022,0011-11-21 21:30:00,11,11,21,21,30,300,34,,43.73528,4.4651,Nuit sans éclairage public,Hors agglomération,Hors intersection,Normale,Deux véhicules - côté,,,,,,,,,,,3,1,1,1.0,3.0
201100017023,0011-12-04 01:15:00,11,12,4,1,15,340,154,,,,Nuit sans éclairage public,Hors agglomération,Hors intersection,Normale,Deux véhicules - arrière,,,,,,,,,,,3,1,1,1.0,2.0
201100017024,0011-01-09 17:30:00,11,1,9,17,30,110,262,,43.154,2.983,Crépuscule ou aube,Hors agglomération,Hors intersection,Pluie légère,Autre collision,,,,,,,,,,,2,1,1,2.0,6.0
201100017025,0011-02-14 06:00:00,11,2,14,6,0,110,370,,,,Nuit sans éclairage public,Hors agglomération,Hors intersection,Normale,Deux véhicules - arrière,,,,,,,,,,,3,1,1,1.0,2.0
201100017026,0011-03-01 12:15:00,11,3,1,12,15,110,14,,43.197,3.071,Plein jour,Hors agglomération,Hors intersection,Vent fort / tempête,Deux véhicules - côté,,,,,,,,,,,1,1,1,6.0,3.0
201100017027,0011-03-30 16:15:00,11,3,30,16,15,110,262,,43.155,2.983,Nuit sans éclairage public,Hors agglomération,Hors intersection,Normale,Trois véhicules et plus - collisions multiples,,,,,,,,,,,3,1,1,1.0,5.0
201100017028,0011-05-21 06:15:00,11,5,21,6,15,110,188,,,,Crépuscule ou aube,Hors agglomération,Hors intersection,Normale,Deux véhicules - arrière,,,,,,,,,,,2,1,1,1.0,2.0
201100017029,0011-07-05 11:45:00,11,7,5,11,45,110,441,,43.205,3.08,Plein jour,Hors agglomération,Hors intersection,Normale,Deux véhicules - frontale,,,,,,,,,,,1,1,1,1.0,1.0
201100017030,0011-07-13 20:15:00,11,7,13,20,15,110,370,,43.216,3.09,Plein jour,Hors agglomération,Hors intersection,Normale,Autre collision,,,,,,,,,,,1,1,1,1.0,6.0
201100017031,0011-08-08 00:01:00,11,8,8,0,1,110,262,,43.158,2.987,Nuit sans éclairage public,Hors agglomération,Hors intersection,Normale,Trois véhicules et plus - collisions multiples,,,,,,,,,,,3,1,1,1.0,5.0
201100017032,0011-12-07 05:00:00,11,12,7,5,0,110,40,,,,Nuit sans éclairage public,Hors agglomération,Hors intersection,Temps couvert,Deux véhicules - arrière,,,,,,,,,,,3,1,1,8.0,2.0
201100017033,0011-01-12 14:45:00,11,1,12,14,45,370,156,,47.3967,0.88201,Plein jour,Hors agglomération,Hors intersection,Temps couvert,Deux véhicules - côté,,,,,,,,,,,1,1,1,8.0,3.0
201100017034,0011-01-17 22:00:00,11,1,17,22,0,370,156,,47.397,0.88802,Nuit sans éclairage public,Hors agglomération,Hors intersection,Normale,Deux véhicules - frontale,,,,,,,,,,,3,1,1,1.0,1.0
201100017035,0011-01-18 15:30:00,11,1,18,15,30,370,8,RUE DE L'EGALIT?,47.321,0.91539,Plein jour,En agglomération,Hors intersection,Normale,Deux véhicules - arrière,,,,,,,,,,,1,2,1,1.0,2.0
201100017036,0011-02-03 15:30:00,11,2,3,15,30,370,8,RUE DE LA GANGNERIE,47.3068,0.87712,Plein jour,En agglomération,Hors intersection,Normale,Autre collision,,,,,,,,,,,1,2,1,1.0,6.0
201100017037,0011-03-23 13:45:00,11,3,23,13,45,370,15,"7, RUE D'ESVRES",47.3372,0.83462,Plein jour,En agglomération,Hors intersection,Normale,Autre collision,,,,,,,,,,,1,2,1,1.0,6.0
201100017038,0011-03-25 17:30:00,11,3,25,17,30,370,8,,47.3334,0.90431,Plein jour,Hors agglomération,Intersection en X,Normale,Deux véhicules - frontale,,,,,,,,,,,1,1,2,1.0,1.0
201100017039,0011-04-11 05:30:00,11,4,11,5,30,370,79,,47.323,1.03575,Nuit sans éclairage public,Hors agglomération,Giratoire,Normale,Sans collision,,,,,,,,,,,3,1,6,1.0,7.0
201100017040,0011-06-05 00:15:00,11,6,5,0,15,370,96,route de chenonceaux,,,Nuit avec éclairage non allumé,En agglomération,Hors intersection,Pluie forte,Autre collision,,,,,,,,,,,4,2,1,3.0,6.0
201100017041,0011-06-23 07:15:00,11,6,23,7,15,370,91,,,,Plein jour,Hors agglomération,Hors intersection,Normale,Deux véhicules - frontale,,,,,,,,,,,1,1,1,1.0,1.0
201100017042,0011-07-23 18:45:00,11,7,23,18,45,370,156,,,,Plein jour,Hors agglomération,Hors intersection,Normale,Deux véhicules - côté,,,,,,,,,,,1,1,1,1.0,3.0
201100017043,0011-07-29 17:30:00,11,7,29,17,30,370,79,,47.3326,1.05575,Plein jour,Hors agglomération,Hors intersection,Normale,Deux véhicules - côté,,,,,,,,,,,1,1,1,1.0,3.0
201100017044,0011-07-31 05:45:00,11,7,31,5,45,370,267,,,,Nuit avec éclairage allumé,Hors agglomération,Giratoire,Normale,Sans collision,,,,,,,,,,,5,1,6,1.0,7.0
201100017045,0011-08-04 13:30:00,11,8,4,13,30,370,79,,,,Plein jour,Hors agglomération,Hors intersection,Normale,Trois véhicules et plus - collisions multiples,,,,,,,,,,,1,1,1,1.0,5.0
201100017046,0011-08-25 15:15:00,11,8,25,15,15,370,156,,,,Plein jour,Hors agglomération,Hors intersection,Normale,Deux véhicules - frontale,,,,,,,,,,,1,1,1,1.0,1.0
201100017047,0011-10-15 11:30:00,11,10,15,11,30,370,267,,47.3407,0.80187,Plein jour,Hors agglomération,Intersection en X,Normale,Deux véhicules - côté,,,,,,,,,,,1,1,2,1.0,3.0
201100017048,0011-10-20 20:00:00,11,10,20,20,0,370,91,,47.3553,0.98818,Nuit sans éclairage public,Hors agglomération,Intersection en T,Normale,Deux véhicules - côté,,,,,,,,,,,3,1,3,1.0,3.0
201100017049,0011-11-11 14:00:00,11,11,11,14,0,370,79,,47.353,1.04306,Plein jour,Hors agglomération,Hors intersection,Normale,Sans collision,,,,,,,,,,,1,1,1,1.0,7.0
201100017050,0011-11-27 17:00:00,11,11,27,17,0,370,267,chemin des acacias,,,Plein jour,En agglomération,Autre intersection,Normale,Autre collision,,,,,,,,,,,1,2,9,1.0,6.0
201100017051,0011-11-27 17:15:00,11,11,27,17,15,370,156,38 Quai Albert Baillet,,,Nuit avec éclairage allumé,En agglomération,Hors intersection,Pluie légère,Sans collision,,,,,,,,,,,5,2,1,2.0,7.0
201100017052,0011-12-22 16:15:00,11,12,22,16,15,370,27,,,,Plein jour,Hors agglomération,Hors intersection,Normale,Deux véhicules - frontale,,,,,,,,,,,1,1,1,1.0,1.0
201100017053,0011-02-02 06:30:00,11,2,2,6,30,450,313,,,,Nuit sans éclairage public,Hors agglomération,Hors intersection,Temps couvert,Trois véhicules et plus - en chaîne,,,,,,,,,,,3,1,1,8.0,4.0
201100017054,0011-04-10 19:45:00,11,4,10,19,45,280,121,,,,Plein jour,Hors agglomération,Hors intersection,Normale,Deux véhicules - arrière,,,,,,,,,,,1,1,1,1.0,2.0
201100017055,0011-06-14 05:00:00,11,6,14,5,0,450,313,,,,Nuit sans éclairage public,Hors agglomération,Hors intersection,Normale,Deux véhicules - côté,,,,,,,,,,,3,1,1,1.0,3.0
201100017056,0011-07-02 13:30:00,11,7,2,13,30,450,67,,,,Plein jour,Hors agglomération,Hors intersection,Autre,Autre collision,,,,,,,,,,,1,1,1,9.0,6.0
201100017057,0011-08-01 16:15:00,11,8,1,16,15,280,311,,,,Plein jour,Hors agglomération,Hors intersection,Normale,Sans collision,,,,,,,,,,,1,1,1,1.0,7.0
201100017058,0011-08-02 13:45:00,11,8,2,13,45,280,276,,,,Plein jour,Hors agglomération,Hors intersection,Normale,Sans collision,,,,,,,,,,,1,1,1,1.0,7.0
201100017059,0011-08-02 17:45:00,11,8,2,17,45,450,302,,47.94984,1.8488,Plein jour,Hors agglomération,Hors intersection,Normale,Deux véhicules - côté,,,,,,,,,,,1,1,1,1.0,3.0
201100017060,0011-08-20 06:45:00,11,8,20,6,45,450,317,,,,Nuit sans éclairage public,Hors agglomération,Hors intersection,Normale,Autre collision,,,,,,,,,,,3,1,1,1.0,6.0
201100017061,0011-08-21 06:25:00,11,8,21,6,25,450,317,,,,Nuit sans éclairage public,Hors agglomération,Hors intersection,Normale,Autre collision,,,,,,,,,,,3,1,1,1.0,6.0
201100017062,0011-08-25 01:00:00,11,8,25,1,0,450,20,,,,Nuit sans éclairage public,Hors agglomération,Hors intersection,Normale,Deux véhicules - arrière,,,,,,,,,,,3,1,1,1.0,2.0
201100017063,0011-09-08 18:30:00,11,9,8,18,30,280,392,,48.243,1.85,Plein jour,Hors agglomération,Hors intersection,Normale,Autre collision,,,,,,,,,,,1,1,1,1.0,6.0
201100017064,0011-09-28 03:30:00,11,9,28,3,30,280,392,,,,Nuit sans éclairage public,Hors agglomération,Hors intersection,Normale,Autre collision,,,,,,,,,,,3,1,1,1.0,6.0
201100017065,0011-11-01 01:30:00,11,11,1,1,30,450,154,,,,Nuit sans éclairage public,Hors agglomération,Hors intersection,Normale,Deux véhicules - arrière,,,,,,,,,,,3,1,1,1.0,2.0
201100017066,0011-12-03 06:00:00,11,12,3,6,0,450,202,,,,Nuit sans éclairage public,Hors agglomération,Hors intersection,Pluie légère,Autre collision,,,,,,,,,,,3,1,1,2.0,6.0
201100017067,0011-12-10 13:00:00,11,12,10,13,0,450,154,AIRE DE REPOS A10,47.97778,1.85834,Plein jour,Hors agglomération,Autre intersection,Normale,Autre collision,,,,,,,,,,,1,1,9,1.0,6.0
201100017068,0011-12-17 14:00:00,11,12,17,14,0,280,367,,48.13,1.85,Plein jour,Hors agglomération,Hors intersection,Normale,Deux véhicules - arrière,,,,,,,,,,,1,1,1,1.0,2.0
201100017069,0011-12-19 14:30:00,11,12,19,14,30,450,146,,,,Plein jour,Hors agglomération,Hors intersection,Temps couvert,Autre collision,,,,,,,,,,,1,1,1,8.0,6.0
201100017070,0011-12-20 21:45:00,11,12,20,21,45,280,121,,,,Nuit sans éclairage public,Hors agglomération,Hors intersection,Temps couvert,Autre collision,,,,,,,,,,,3,1,1,8.0,6.0
201100017071,0011-07-01 08:15:00,11,7,1,8,15,730,304,Avenue du prarion,45.44734,6.98451,Plein jour,En agglomération,Intersection en T,Normale,Deux véhicules - côté,,,,,,,,,,,1,2,3,1.0,3.0
201100017072,0011-03-10 04:00:00,11,3,10,4,0,730,296,sortie tunnel du Borsat,,,Nuit avec éclairage allumé,En agglomération,Hors intersection,Normale,Sans collision,,,,,,,,,,,5,2,1,1.0,7.0
201100017073,0011-02-02 10:00:00,11,2,2,10,0,130,32,,43.549,5.342,Plein jour,Hors agglomération,Hors intersection,Normale,Trois véhicules et plus - collisions multiples,,,,,,,,,,,1,1,1,1.0,5.0
201100017074,0011-03-21 07:30:00,11,3,21,7,30,130,37,,,,Plein jour,Hors agglomération,Hors intersection,Normale,Deux véhicules - côté,,,,,,,,,,,1,1,1,1.0,3.0
201100017075,0011-08-16 00:30:00,11,8,16,0,30,130,112,rond point des 4 tours,,,Nuit avec éclairage allumé,En agglomération,Giratoire,Normale,Sans collision,,,,,,,,,,,5,2,6,1.0,7.0
201100017076,0011-09-05 16:30:00,11,9,5,16,30,130,32,,,,Plein jour,Hors agglomération,Hors intersection,Normale,Deux véhicules - côté,,,,,,,,,,,1,1,1,1.0,3.0
201100017077,0011-10-17 15:30:00,11,10,17,15,30,130,114,,,,Plein jour,Hors agglomération,Hors intersection,Normale,Autre collision,,,,,,,,,,,1,1,1,1.0,6.0
201100017078,0011-01-14 23:30:00,11,1,14,23,30,310,433,,,,Nuit avec éclairage allumé,Hors agglomération,Hors intersection,Normale,Trois véhicules et plus - collisions multiples,,,,,,,,,,,5,1,1,1.0,5.0
201100017079,0011-03-09 16:45:00,11,3,9,16,45,310,107,,43.328,1.225,Plein jour,Hors agglomération,Hors intersection,Normale,Trois véhicules et plus - collisions multiples,,,,,,,,,,,1,1,1,1.0,5.0
201100017080,0011-03-20 07:00:00,11,3,20,7,0,310,433,,43.52,1.4,Plein jour,Hors agglomération,Autre intersection,Normale,Autre collision,,,,,,,,,,,1,1,9,1.0,6.0
201100017081,0011-08-09 13:45:00,11,8,9,13,45,310,433,,,,Plein jour,Hors agglomération,Hors intersection,Normale,Autre collision,,,,,,,,,,,1,1,1,1.0,6.0
201100017082,0011-08-28 19:30:00,11,8,28,19,30,310,286,,,,Plein jour,Hors agglomération,Hors intersection,Normale,Deux véhicules - arrière,,,,,,,,,,,1,1,1,1.0,2.0
201100017083,0011-09-28 12:15:00,11,9,28,12,15,310,334,,43.391,1.284,Plein jour,Hors agglomération,Autre intersection,Normale,Sans collision,,,,,,,,,,,1,1,9,1.0,7.0
201100017084,0011-11-27 16:15:00,11,11,27,16,15,310,395,,43.4527,1.30545,Plein jour,Hors agglomération,Hors intersection,Normale,Autre collision,,,,,,,,,,,1,1,1,1.0,6.0
201100017085,0011-12-05 11:30:00,11,12,5,11,30,310,181,,,,Plein jour,Hors agglomération,Hors intersection,Normale,Trois véhicules et plus - en chaîne,,,,,,,,,,,1,1,1,1.0,4.0
201100017086,0011-01-04 17:15:00,11,1,4,17,15,670,405,"PV, Rue principale",48.82775,8.03604,Nuit avec éclairage allumé,En agglomération,Hors intersection,Normale,Autre collision,,,,,,,,,,,5,2,1,1.0,6.0
201100017087,0011-01-13 04:15:00,11,1,13,4,15,670,472,SPV,48.811,7.957,Nuit sans éclairage public,Hors agglomération,Hors intersection,Normale,Sans collision,,,,,,,,,,,3,1,1,1.0,7.0
201100017088,0011-02-18 00:30:00,11,2,18,0,30,670,140,ROUTE DE HATTEN,,,Nuit avec éclairage allumé,En agglomération,Hors intersection,Pluie légère,Autre collision,,,,,,,,,,,5,2,1,2.0,6.0
201100017089,0011-04-15 05:15:00,11,4,15,5,15,670,472,24 rue Rapp,,,Nuit avec éclairage allumé,En agglomération,Autre intersection,Normale,Autre collision,,,,,,,,,,,5,2,9,1.0,6.0
201100017090,0011-04-21 23:45:00,11,4,21,23,45,670,106,Route du Rhin,,,Nuit avec éclairage allumé,En agglomération,Hors intersection,Normale,Sans collision,,,,,,,,,,,5,2,1,1.0,7.0
201100017091,0011-04-22 13:45:00,11,4,22,13,45,670,465,,,,Plein jour,Hors agglomération,Hors intersection,Normale,Deux véhicules - côté,,,,,,,,,,,1,1,1,1.0,3.0
201100017092,0011-04-23 14:15:00,11,4,23,14,15,670,264,rue du moulin,,,Plein jour,En agglomération,Hors intersection,Normale,Deux véhicules - frontale,,,,,,,,,,,1,2,1,1.0,1.0
201100017093,0011-05-24 21:45:00,11,5,24,21,45,670,407,rue du ried,,,Nuit sans éclairage public,En agglomération,Hors intersection,Normale,Deux véhicules - côté,,,,,,,,,,,3,2,1,1.0,3.0
201100017094,0011-08-12 18:45:00,11,8,12,18,45,670,465,,,,Plein jour,Hors agglomération,Giratoire,Normale,Deux véhicules - frontale,,,,,,,,,,,1,1,6,1.0,1.0
201100017095,0011-09-20 09:00:00,11,9,20,9,0,670,194,Rue du sel,,,Plein jour,En agglomération,Passage à niveau,Normale,Deux véhicules - côté,,,,,,,,,,,1,2,8,1.0,3.0
201100017096,0011-10-13 07:30:00,11,10,13,7,30,670,465,,,,Crépuscule ou aube,Hors agglomération,Hors intersection,Pluie légère,Deux véhicules - frontale,,,,,,,,,,,2,1,1,2.0,1.0
201100017097,0011-10-15 07:45:00,11,10,15,7,45,670,356,,,,Plein jour,Hors agglomération,Hors intersection,Normale,Deux véhicules - frontale,,,,,,,,,,,1,1,1,1.0,1.0
201100017098,0011-12-12 13:30:00,11,12,12,13,30,670,472,,,,Plein jour,Hors agglomération,Hors intersection,Pluie forte,Autre collision,,,,,,,,,,,1,1,1,3.0,6.0
201100017099,0011-01-20 08:15:00,11,1,20,8,15,210,405,,,,Crépuscule ou aube,Hors agglomération,Hors intersection,Normale,Deux véhicules - arrière,,,,,,,,,,,2,1,1,1.0,2.0
201100017100,0011-02-11 16:15:00,11,2,11,16,15,210,295,,,,Plein jour,Hors agglomération,Hors intersection,Normale,Sans collision,,,,,,,,,,,1,1,1,1.0,7.0
201100017101,0011-03-05 15:35:00,11,3,5,15,35,210,405,,46.9395,4.82525,Plein jour,Hors agglomération,Hors intersection,Normale,Deux véhicules - arrière,,,,,,,,,,,1,1,1,1.0,2.0
201100017102,0011-04-16 05:15:00,11,4,16,5,15,210,606,,47.048,4.89504,Nuit avec éclairage allumé,Hors agglomération,Hors intersection,Normale,Deux véhicules - côté,,,,,,,,,,,5,1,1,1.0,3.0
201100017103,0011-08-07 17:00:00,11,8,7,17,0,210,517,,47.1068,4.9555,Plein jour,Hors agglomération,Hors intersection,Normale,Sans collision,,,,,,,,,,,1,1,1,1.0,7.0
201100017104,0011-09-02 01:00:00,11,9,2,1,0,210,405,,,,Nuit sans éclairage public,Hors agglomération,Hors intersection,Normale,Deux véhicules - arrière,,,,,,,,,,,3,1,1,1.0,2.0
201100017105,0011-09-14 08:30:00,11,9,14,8,30,210,405,,46.587,4.387,Plein jour,Hors agglomération,Hors intersection,Normale,Sans collision,,,,,,,,,,,1,1,1,1.0,7.0
201100017106,0011-09-26 15:45:00,11,9,26,15,45,210,347,,46.9977,4.85816,Plein jour,Hors agglomération,Hors intersection,Normale,Deux véhicules - côté,,,,,,,,,,,1,1,1,1.0,3.0
201100017107,0011-04-21 06:00:00,11,4,21,6,0,730,184,,45.578,5.794,Crépuscule ou aube,Hors agglomération,Hors intersection,Normale,Deux véhicules - frontale,,,,,,,,,,,2,1,1,1.0,1.0
201100017108,0011-05-19 19:00:00,11,5,19,19,0,730,179,,45.606,5.879,Plein jour,Hors agglomération,Hors intersection,Normale,Autre collision,,,,,,,,,,,1,1,1,1.0,6.0
201100017109,0011-05-30 05:45:00,11,5,30,5,45,730,8,,45.712,5.927,Crépuscule ou aube,Hors agglomération,Hors intersection,Normale,Deux véhicules - arrière,,,,,,,,,,,2,1,1,1.0,2.0
201100017110,0011-11-13 13:00:00,11,11,13,13,0,730,104,,45.56,5.754,Plein jour,Hors agglomération,Hors intersection,Normale,Deux véhicules - côté,,,,,,,,,,,1,1,1,1.0,3.0
201100017111,0011-03-29 10:00:00,11,3,29,10,0,740,217,,45.954,6.118,Plein jour,Hors agglomération,Hors intersection,Normale,Autre collision,,,,,,,,,,,1,1,1,1.0,6.0
201100017112,0011-10-14 17:15:00,11,10,14,17,15,740,224,,46.067,6.292,Plein jour,Hors agglomération,Hors intersection,Normale,Autre collision,,,,,,,,,,,1,1,1,1.0,6.0
201100017113,0011-02-01 03:45:00,11,2,1,3,45,380,257,,45.4616,5.40197,Nuit sans éclairage public,Hors agglomération,Hors intersection,Autre,Trois véhicules et plus - collisions multiples,,,,,,,,,,,3,1,1,9.0,5.0
201100017114,0011-02-11 20:30:00,11,2,11,20,30,380,508,,45.5063,5.40117,Nuit sans éclairage public,Hors agglomération,Hors intersection,Normale,Deux véhicules - arrière,,,,,,,,,,,3,1,1,1.0,2.0
201100017115,0011-06-05 01:15:00,11,6,5,1,15,380,464,,,,Nuit sans éclairage public,Hors agglomération,Hors intersection,Autre,Sans collision,,,,,,,,,,,3,1,1,9.0,7.0
201100017116,0011-07-04 07:30:00,11,7,4,7,30,380,565,,,,Plein jour,Hors agglomération,Autre intersection,Normale,Trois véhicules et plus - collisions multiples,,,,,,,,,,,1,1,9,1.0,5.0
201100017117,0011-08-23 07:45:00,11,8,23,7,45,380,565,,45.274,5.627,Plein jour,Hors agglomération,Hors intersection,Normale,Deux véhicules - frontale,,,,,,,,,,,1,1,1,1.0,1.0
201100017118,0011-10-27 19:15:00,11,10,27,19,15,380,565,,45.283,5.624,Nuit sans éclairage public,Hors agglomération,Hors intersection,Normale,Deux véhicules - frontale,,,,,,,,,,,3,1,1,1.0,1.0
201100017119,0011-02-28 06:30:00,11,2,28,6,30,550,237,,49.12001,5.49689,Crépuscule ou aube,Hors agglomération,Hors intersection,Autre,Autre collision,,,,,,,,,,,2,1,1,9.0,6.0
201100017120,0011-06-07 05:30:00,11,6,7,5,30,550,492,,49.119,5.45,Crépuscule ou aube,Hors agglomération,Hors intersection,Normale,Autre collision,,,,,,,,,,,2,1,1,1.0,6.0
201100017121,0011-06-24 16:00:00,11,6,24,16,0,550,236,,49.111,5.428,Plein jour,Hors agglomération,Hors intersection,Normale,Sans collision,,,,,,,,,,,1,1,1,1.0,7.0
201100017122,0011-08-19 16:15:00,11,8,19,16,15,550,117,,49.0916,5.10227,Plein jour,Hors agglomération,Hors intersection,Normale,Trois véhicules et plus - collisions multiples,,,,,,,,,,,1,1,1,1.0,5.0
201100017123,0011-10-02 17:30:00,11,10,2,17,30,550,166,,49.11828,5.39653,Plein jour,Hors agglomération,Hors intersection,Normale,Sans collision,,,,,,,,,,,1,1,1,1.0,7.0
201100017124,0011-01-31 07:25:00,11,1,31,7,25,80,180,A34,49.7244,4.70924,Crépuscule ou aube,Hors agglomération,Hors intersection,Temps couvert,Deux véhicules - arrière,,,,,,,,,,,2,1,1,8.0,2.0
201100017125,0011-01-31 12:15:00,11,1,31,12,15,80,105,GAILLY G. AVENUE,49.7763,4.71525,Plein jour,En agglomération,Hors intersection,Temps couvert,Autre collision,,,,,,,,,,,1,2,1,8.0,6.0
201100017126,0011-02-08 16:25:00,11,2,8,16,25,80,105,MESANGES,49.7491,4.72038,Plein jour,En agglomération,Hors intersection,Normale,Autre collision,,,,,,,,,,,1,2,1,1.0,6.0
201100017127,0011-02-11 19:19:00,11,2,11,19,19,80,480,DESSERTE CORA - CITRO?N,49.7326,4.75622,Nuit avec éclairage allumé,En agglomération,Hors intersection,Normale,Autre collision,,,,,,,,,,,5,2,1,1.0,6.0
201100017128,0011-02-26 14:10:00,11,2,26,14,10,80,480,JAURES J. AVENUE,49.7391,4.74798,Plein jour,En agglomération,Intersection en X,Normale,Deux véhicules - côté,,,,,,,,,,,1,2,2,1.0,3.0
201100017129,0011-03-11 18:35:00,11,3,11,18,35,80,105,SAINT JULIEN AVENUE,49.7616,4.70669,Plein jour,En agglomération,Intersection en X,Autre,Deux véhicules - côté,,,,,,,,,,,1,2,2,9.0,3.0
201100017130,0011-03-12 05:25:00,11,3,12,5,25,80,180,A34,49.7236,4.70771,Crépuscule ou aube,Hors agglomération,Hors intersection,Normale,Deux véhicules - arrière,,,,,,,,,,,2,1,1,1.0,2.0
201100017131,0011-03-16 12:12:00,11,3,16,12,12,80,105,"0, CAQUOT ALBERT (RUE)",49.753,4.71347,Plein jour,En agglomération,Hors intersection,Normale,Sans collision,,,,,,,,,,,1,2,1,1.0,7.0
201100017132,0011-03-22 19:20:00,11,3,22,19,20,80,105,"1, ARCHES (AVENUE)",49.7605,4.71871,Plein jour,En agglomération,Intersection en X,Normale,Deux véhicules - arrière,,,,,,,,,,,1,2,2,1.0,2.0
201100017133,0011-03-25 12:30:00,11,3,25,12,30,80,497,PIERQUIN L. BOULEVARD,49.78,4.69178,Plein jour,En agglomération,Hors intersection,Normale,Deux véhicules - côté,,,,,,,,,,,1,2,1,1.0,3.0
201100017134,0011-03-28 09:55:00,11,3,28,9,55,80,346,WARNECOURT ROUTE,49.7551,4.70025,Plein jour,En agglomération,Intersection en Y,Normale,Deux véhicules - côté,,,,,,,,,,,1,2,4,1.0,3.0
201100017135,0011-04-07 16:30:00,11,4,7,16,30,80,105,RICHIER P.,49.741,4.70216,Plein jour,Hors agglomération,Hors intersection,Normale,Autre collision,,,,,,,,,,,1,1,1,1.0,6.0
201100017136,0011-04-18 16:59:00,11,4,18,16,59,80,105,FERROUL,49.746,4.72355,Plein jour,En agglomération,Hors intersection,Temps éblouissant,Autre collision,,,,,,,,,,,1,2,1,7.0,6.0
201100017137,0011-04-22 16:49:00,11,4,22,16,49,80,105,MOULIN J.,49.7524,4.7287,Plein jour,En agglomération,Hors intersection,Temps éblouissant,Autre collision,,,,,,,,,,,1,2,1,7.0,6.0
201100017138,0011-05-04 18:55:00,11,5,4,18,55,80,105,MONTHERME,49.7849,4.71282,Plein jour,En agglomération,Hors intersection,Normale,Deux véhicules - arrière,,,,,,,,,,,1,2,1,1.0,2.0
201100017139,0011-05-11 17:10:00,11,5,11,17,10,80,105,MOULIN J.,49.7525,4.72755,Plein jour,En agglomération,Intersection en T,Normale,Deux véhicules - côté,,,,,,,,,,,1,2,3,1.0,3.0
201100017140,0011-05-10 17:20:00,11,5,10,17,20,80,105,ARCHES (AVENUE),49.7604,4.71871,Plein jour,En agglomération,Hors intersection,Normale,Autre collision,,,,,,,,,,,1,2,1,1.0,6.0
201100017141,0011-05-28 16:15:00,11,5,28,16,15,80,298,ROUTE DE NOUZONVILLE,49.7951,4.74883,Plein jour,Hors agglomération,Hors intersection,Normale,Deux véhicules - arrière,,,,,,,,,,,1,1,1,1.0,2.0
201100017142,0011-06-02 18:15:00,11,6,2,18,15,80,105,MESANGES,,,Plein jour,En agglomération,Hors intersection,Normale,Deux véhicules - frontale,,,,,,,,,,,1,2,1,1.0,1.0
201100017143,0011-06-27 21:30:00,11,6,27,21,30,80,105,"70, ONZE NOVEMBRE",49.7508,4.71877,Plein jour,En agglomération,Hors intersection,Normale,Autre collision,,,,,,,,,,,1,2,1,1.0,6.0
201100017144,0011-06-28 07:40:00,11,6,28,7,40,80,105,CALVAIRE,,,Plein jour,En agglomération,Hors intersection,Normale,Autre collision,,,,,,,,,,,1,2,1,1.0,6.0
201100017145,0011-08-12 19:05:00,11,8,12,19,5,80,480,GUESDE J.,,,Nuit avec éclairage allumé,En agglomération,Intersection en X,Temps couvert,Deux véhicules - côté,,,,,,,,,,,5,2,2,8.0,3.0
201100017146,0011-08-16 10:27:00,11,8,16,10,27,80,105,PREFECTURE PLACE,49.7614,4.71988,Plein jour,En agglomération,Hors intersection,Normale,Autre collision,,,,,,,,,,,1,2,1,1.0,6.0
201100017147,0011-09-05 21:05:00,11,9,5,21,5,80,105,MONTHERME,,,Nuit avec éclairage allumé,En agglomération,Hors intersection,Normale,Sans collision,,,,,,,,,,,5,2,1,1.0,7.0