accident_id,datetime,annee,mois,jour,heure,minute,departement,commune_insee,adresse,latitude,longitude,luminosite,agglomeration,intersection,meteo,collision,nb_vehicules,nb_usagers,nb_indemnes,nb_tues,nb_blesses_hosp,nb_blesses_legers,age_cond_1,age_cond_2,veh_type_cond_1,veh_type_cond_2,lum_code,agg_code,int_code,atm_code,col_code
201100017415,0011-03-02 14:30:00,11,3,2,14,30,770,235,,,,Plein jour,Hors agglomération,Hors intersection,Normale,Autre collision,,,,,,,,,,,1,1,1,1.0,6.0
201100017416,0011-08-28 05:15:00,11,8,28,5,15,770,141,,,,Nuit avec éclairage allumé,Hors agglomération,Hors intersection,Normale,Autre collision,,,,,,,,,,,5,1,1,1.0,6.0
201100017417,0011-12-22 13:30:00,11,12,22,13,30,770,141,,48.855,2.858,Plein jour,Hors agglomération,Hors intersection,Temps couvert,Sans collision,,,,,,,,,,,1,1,1,8.0,7.0
201100017418,0011-05-30 16:00:00,11,5,30,16,0,640,112,,43.5082,-0.8466,Plein jour,Hors agglomération,Autre intersection,Normale,Autre collision,,,,,,,,,,,1,1,9,1.0,6.0
201100017419,0011-05-30 16:30:00,11,5,30,16,30,640,445,,43.3283,-0.33729,Plein jour,Hors agglomération,Hors intersection,Normale,Deux véhicules - côté,,,,,,,,,,,1,1,1,1.0,3.0
201100017420,0011-01-03 14:30:00,11,1,3,14,30,660,172,avenue Général De Gaulle,42.7076,2.84068,Plein jour,En agglomération,Hors intersection,Normale,Deux véhicules - côté,,,,,,,,,,,1,2,1,1.0,3.0
201100017421,0011-11-08 10:00:00,11,11,8,10,0,660,172,,,,Plein jour,Hors agglomération,Hors intersection,Normale,Deux véhicules - frontale,,,,,,,,,,,1,1,1,1.0,1.0
201100017422,0011-01-29 06:30:00,11,1,29,6,30,630,200,,45.831,3.203,Nuit sans éclairage public,Hors agglomération,Hors intersection,Brouillard / fumée,Deux véhicules - frontale,,,,,,,,,,,3,1,1,5.0,1.0
201100017423,0011-12-06 20:15:00,11,12,6,20,15,630,276,,45.859,3.478,Nuit sans éclairage public,Hors agglomération,Hors intersection,Pluie légère,Trois véhicules et plus - en chaîne,,,,,,,,,,,3,1,1,2.0,4.0
201100017424,0011-12-22 11:00:00,11,12,22,11,0,630,430,,45.864,3.498,Plein jour,Hors agglomération,Hors intersection,Pluie forte,Trois véhicules et plus - en chaîne,,,,,,,,,,,1,1,1,3.0,4.0
201100017425,0011-01-04 18:15:00,11,1,4,18,15,740,264,avenue du crozet,,,Crépuscule ou aube,En agglomération,Hors intersection,Normale,Deux véhicules - arrière,,,,,,,,,,,2,2,1,1.0,2.0
201100017426,0011-01-17 22:30:00,11,1,17,22,30,740,64,,,,Nuit sans éclairage public,Hors agglomération,Hors intersection,Normale,Autre collision,,,,,,,,,,,3,1,1,1.0,6.0
201100017427,0011-01-27 16:00:00,11,1,27,16,0,740,64,,,,Plein jour,Hors agglomération,Hors intersection,Normale,Deux véhicules - frontale,,,,,,,,,,,1,1,1,1.0,1.0
201100017428,0011-02-14 12:00:00,11,2,14,12,0,740,14,DE L'AGORA,,,Plein jour,En agglomération,Autre intersection,Normale,Autre collision,,,,,,,,,,,1,2,9,1.0,6.0
201100017429,0011-03-08 18:15:00,11,3,8,18,15,740,264,avenue des lacs,,,Plein jour,En agglomération,Hors intersection,Normale,Deux véhicules - frontale,,,,,,,,,,,1,2,1,1.0,1.0
201100017430,0011-03-17 08:15:00,11,3,17,8,15,740,81,Imp MT BLANC Av MT BLANC,,,Plein jour,En agglomération,Intersection en T,Pluie légère,Deux véhicules - côté,,,,,,,,,,,1,2,3,2.0,3.0
201100017431,0011-03-07 10:45:00,11,3,7,10,45,740,64,355 B ROUTE BOIS DESSOUS,,,Plein jour,En agglomération,Hors intersection,Normale,Deux véhicules - côté,,,,,,,,,,,1,2,1,1.0,3.0
201100017432,0011-04-05 09:30:00,11,4,5,9,30,740,264,,,,Plein jour,Hors agglomération,Hors intersection,Pluie légère,Deux véhicules - frontale,,,,,,,,,,,1,1,1,2.0,1.0
201100017433,0011-04-14 10:30:00,11,4,14,10,30,740,64,,,,Plein jour,Hors agglomération,Hors intersection,Normale,Deux véhicules - frontale,,,,,,,,,,,1,1,1,1.0,1.0
201100017434,0011-05-05 20:30:00,11,5,5,20,30,740,159,,,,Crépuscule ou aube,Hors agglomération,Hors intersection,Normale,Deux véhicules - côté,,,,,,,,,,,2,1,1,1.0,3.0
201100017435,0011-05-19 08:30:00,11,5,19,8,30,740,264,avenue lacs/rue des iles,,,Plein jour,En agglomération,Giratoire,Normale,Deux véhicules - frontale,,,,,,,,,,,1,2,6,1.0,1.0
201100017436,0011-05-19 09:15:00,11,5,19,9,15,740,264,AVENUE DU CROZET,,,Plein jour,En agglomération,Hors intersection,Normale,Deux véhicules - frontale,,,,,,,,,,,1,2,1,1.0,1.0
201100017437,0011-05-22 12:30:00,11,5,22,12,30,740,81,Avenue des Glieres,,,Plein jour,En agglomération,Intersection en T,Normale,Trois véhicules et plus - en chaîne,,,,,,,,,,,1,2,3,1.0,4.0
201100017438,0011-05-23 08:45:00,11,5,23,8,45,740,81,grande rue,,,Plein jour,En agglomération,Autre intersection,Normale,Autre collision,,,,,,,,,,,1,2,9,1.0,6.0
201100017439,0011-06-07 12:15:00,11,6,7,12,15,740,81,avenue des Glieres,,,Plein jour,En agglomération,Intersection en T,Normale,Deux véhicules - frontale,,,,,,,,,,,1,2,3,1.0,1.0
201100017440,0011-06-10 23:00:00,11,6,10,23,0,740,81,Glieres - Gallet,,,Nuit avec éclairage allumé,En agglomération,Intersection en X,Normale,Deux véhicules - côté,,,,,,,,,,,5,2,2,1.0,3.0
201100017441,0011-07-10 04:30:00,11,7,10,4,30,740,159,route de chamonix mottet,46.033,6.613,Nuit sans éclairage public,En agglomération,Hors intersection,Normale,Sans collision,,,,,,,,,,,3,2,1,1.0,7.0
201100017442,0011-07-16 17:30:00,11,7,16,17,30,740,169,av Liberation/ rue Fond,46.064,6.528,Plein jour,En agglomération,Intersection en T,Normale,Deux véhicules - frontale,,,,,,,,,,,1,2,3,1.0,1.0
201100017443,0011-07-31 16:30:00,11,7,31,16,30,740,81,,,,Plein jour,Hors agglomération,Hors intersection,Normale,Deux véhicules - arrière,,,,,,,,,,,1,1,1,1.0,2.0
201100017444,0011-08-12 20:15:00,11,8,12,20,15,740,14,,,,Plein jour,Hors agglomération,Hors intersection,Normale,Deux véhicules - frontale,,,,,,,,,,,1,1,1,1.0,1.0
201100017445,0011-08-24 08:45:00,11,8,24,8,45,740,14,ROUTE DE FLAINE,,,Plein jour,Hors agglomération,Hors intersection,Normale,Deux véhicules - frontale,,,,,,,,,,,1,1,1,1.0,1.0
201100017446,0011-10-05 15:00:00,11,10,5,15,0,740,264,MONTBLANC / ANDRE BRUN,,,Plein jour,En agglomération,Intersection en X,Temps éblouissant,Autre collision,,,,,,,,,,,1,2,2,7.0,6.0
201100017447,0011-10-16 11:45:00,11,10,16,11,45,740,264,AV COLOMBIERE / MURIERS,,,Plein jour,Hors agglomération,Intersection en T,Normale,Autre collision,,,,,,,,,,,1,1,3,1.0,6.0
201100017448,0011-10-16 20:00:00,11,10,16,20,0,740,169,avenue du stade,,,Nuit avec éclairage allumé,En agglomération,Hors intersection,Normale,Deux véhicules - côté,,,,,,,,,,,5,2,1,1.0,3.0
201100017449,0011-11-01 22:30:00,11,11,1,22,30,740,159,,,,Nuit sans éclairage public,Hors agglomération,Hors intersection,Normale,Sans collision,,,,,,,,,,,3,1,1,1.0,7.0
201100017450,0011-10-14 14:00:00,11,10,14,14,0,740,159,,,,Plein jour,Hors agglomération,Autre intersection,Normale,Trois véhicules et plus - en chaîne,,,,,,,,,,,1,1,9,1.0,4.0
201100017451,0011-11-07 17:00:00,11,11,7,17,0,740,64,,,,Crépuscule ou aube,Hors agglomération,Hors intersection,Pluie légère,Sans collision,,,,,,,,,,,2,1,1,2.0,7.0
201100017452,0011-11-26 15:30:00,11,11,26,15,30,740,264,11 avenue du mont blanc,,,Plein jour,En agglomération,Autre intersection,Brouillard / fumée,Autre collision,,,,,,,,,,,1,2,9,5.0,6.0
201100017453,0011-05-18 11:15:00,11,5,18,11,15,110,195,,,,Plein jour,Hors agglomération,Hors intersection,Normale,Trois véhicules et plus - en chaîne,,,,,,,,,,,1,1,1,1.0,4.0
201100017454,0011-08-08 02:30:00,11,8,8,2,30,110,49,,,,Nuit sans éclairage public,Hors agglomération,Hors intersection,Normale,Trois véhicules et plus - en chaîne,,,,,,,,,,,3,1,1,1.0,4.0
201100017455,0011-08-23 13:45:00,11,8,23,13,45,110,397,,43.199,2.441,Plein jour,Hors agglomération,Hors intersection,Normale,Deux véhicules - frontale,,,,,,,,,,,1,1,1,1.0,1.0
201100017456,0011-10-04 07:15:00,11,10,4,7,15,110,18,,,,Nuit sans éclairage public,Hors agglomération,Hors intersection,Normale,Deux véhicules - arrière,,,,,,,,,,,3,1,1,1.0,2.0
201100017457,0011-05-12 22:15:00,11,5,12,22,15,590,502,rue Joseph Dollet,50.20914,3.34546,Nuit avec éclairage allumé,En agglomération,Hors intersection,Normale,Deux véhicules - côté,,,,,,,,,,,5,2,1,1.0,3.0
201100017458,0011-11-14 06:30:00,11,11,14,6,30,590,37,10 rue du 19 mars 1962,50.19874,3.37159,Nuit avec éclairage allumé,En agglomération,Hors intersection,Normale,Autre collision,,,,,,,,,,,5,2,1,1.0,6.0
201100017459,0011-03-03 02:15:00,11,3,3,2,15,470,61,,44.429,0.159,Nuit sans éclairage public,Hors agglomération,Hors intersection,Normale,Sans collision,,,,,,,,,,,3,1,1,1.0,7.0
201100017460,0011-10-19 11:00:00,11,10,19,11,0,470,46,,44.3783,0.219,Plein jour,Hors agglomération,Hors intersection,Normale,Autre collision,,,,,,,,,,,1,1,1,1.0,6.0
201100017461,0011-05-23 17:15:00,11,5,23,17,15,720,67,,48.081,0.482,Plein jour,Hors agglomération,Hors intersection,Normale,Deux véhicules - arrière,,,,,,,,,,,1,1,1,1.0,2.0
201100017462,0011-07-26 08:45:00,11,7,26,8,45,720,353,,48.184,0.784,Plein jour,Hors agglomération,Hors intersection,Normale,Autre collision,,,,,,,,,,,1,1,1,1.0,6.0
201100017463,0011-12-30 11:00:00,11,12,30,11,0,720,80,,,,Plein jour,Hors agglomération,Hors intersection,Normale,Autre collision,,,,,,,,,,,1,1,1,1.0,6.0
201100017464,0011-07-30 20:00:00,11,7,30,20,0,890,130,,,,Plein jour,Hors agglomération,Hors intersection,Normale,Autre collision,,,,,,,,,,,1,1,1,1.0,6.0
201100017465,0011-08-28 00:30:00,11,8,28,0,30,890,378,,47.527,3.988,Nuit sans éclairage public,Hors agglomération,Hors intersection,Normale,Deux véhicules - arrière,,,,,,,,,,,3,1,1,1.0,2.0
201100017466,0011-12-16 08:00:00,11,12,16,8,0,890,197,,,,Crépuscule ou aube,Hors agglomération,Hors intersection,Vent fort / tempête,Autre collision,,,,,,,,,,,2,1,1,6.0,6.0
201100017467,0011-03-18 09:20:00,11,3,18,9,20,90,122,CLEMENCEAU (AVENUE),42.9776,1.611,Plein jour,Hors agglomération,Intersection en T,Normale,Deux véhicules - côté,,,,,,,,,,,1,1,3,1.0,3.0
201100017468,0011-05-13 10:40:00,11,5,13,10,40,90,122,19 MARS  (RUE DU),42.98624,1.61587,Plein jour,En agglomération,Hors intersection,Normale,Sans collision,,,,,,,,,,,1,2,1,1.0,7.0
201100017469,0011-08-22 09:55:00,11,8,22,9,55,90,207,,42.93812,1.63202,Plein jour,En agglomération,Intersection en T,Normale,Autre collision,,,,,,,,,,,1,2,3,1.0,6.0
201100017470,0011-08-29 12:08:00,11,8,29,12,8,90,122,09000,42.97485,1.60797,Plein jour,En agglomération,Hors intersection,Normale,Deux véhicules - côté,,,,,,,,,,,1,2,1,1.0,3.0
201100017471,0011-09-09 09:11:00,11,9,9,9,11,90,122,RD 919,42.98313,1.61329,Plein jour,Hors agglomération,Hors intersection,Normale,Sans collision,,,,,,,,,,,1,1,1,1.0,7.0
201100017472,0011-09-13 18:30:00,11,9,13,18,30,90,122,RD 117,42.95991,1.61596,Plein jour,En agglomération,Hors intersection,Normale,Trois véhicules et plus - collisions multiples,,,,,,,,,,,1,2,1,1.0,5.0
201100017473,0011-10-19 19:40:00,11,10,19,19,40,90,122,"9, LERIDA (AVENUE DE)",42.96441,1.60287,Crépuscule ou aube,En agglomération,Hors intersection,Pluie légère,Sans collision,,,,,,,,,,,2,2,1,2.0,7.0
201100017474,0011-05-13 19:00:00,11,5,13,19,0,910,573,Av du G GAULLE D947,48.62,2.508,Plein jour,En agglomération,Giratoire,Normale,Deux véhicules - côté,,,,,,,,,,,1,2,6,1.0,3.0
201100017475,0011-06-24 16:45:00,11,6,24,16,45,910,617,route de Lieusaint,48.642,2.513,Plein jour,En agglomération,Hors intersection,Normale,Trois véhicules et plus - collisions multiples,,,,,,,,,,,1,2,1,1.0,5.0
201100017476,0011-09-08 19:00:00,11,9,8,19,0,910,577,,,,Plein jour,Hors agglomération,Hors intersection,Normale,Deux véhicules - arrière,,,,,,,,,,,1,1,1,1.0,2.0
201100017477,0011-09-26 11:00:00,11,9,26,11,0,910,617,,48.65,2.536,Plein jour,Hors agglomération,Hors intersection,Normale,Deux véhicules - arrière,,,,,,,,,,,1,1,1,1.0,2.0
201100017478,0011-11-10 16:00:00,11,11,10,16,0,910,573,avenue  du gal de gaulle,,,Plein jour,En agglomération,Hors intersection,Normale,Deux véhicules - frontale,,,,,,,,,,,1,2,1,1.0,1.0
201100017479,0011-11-12 13:45:00,11,11,12,13,45,910,577,,,,Plein jour,Hors agglomération,Hors intersection,Normale,Autre collision,,,,,,,,,,,1,1,1,1.0,6.0
201100017480,0011-12-08 20:15:00,11,12,8,20,15,910,617,RTE de Lieusaint,48.63,2.53,Nuit sans éclairage public,Hors agglomération,Hors intersection,Temps couvert,Deux véhicules - frontale,,,,,,,,,,,3,1,1,8.0,1.0
201100017481,0011-12-23 19:00:00,11,12,23,19,0,910,577,Av. du Général Leclerc,48.611,2.498,Nuit avec éclairage allumé,En agglomération,Hors intersection,Normale,Deux véhicules - frontale,,,,,,,,,,,5,2,1,1.0,1.0
201100017482,0011-07-23 22:15:00,11,7,23,22,15,380,253,,45.045,6.133,Nuit sans éclairage public,Hors agglomération,Hors intersection,Pluie légère,Sans collision,,,,,,,,,,,3,1,1,2.0,7.0
201100017483,0011-09-10 18:00:00,11,9,10,18,0,380,534,,44.994,6.098,Plein jour,Hors agglomération,Hors intersection,Normale,Sans collision,,,,,,,,,,,1,1,1,1.0,7.0
201100017484,0011-01-30 15:00:00,11,1,30,15,0,90,225,", RAMBAUD (COURS)",42.9776,1.611,Plein jour,En agglomération,Intersection en X,Normale,Deux véhicules - frontale,,,,,,,,,,,1,2,2,1.0,1.0
201100017485,0011-04-06 21:20:00,11,4,6,21,20,90,225,"36, ALSACE LORRAINE BOUL",43.1169,1.61495,Nuit avec éclairage allumé,En agglomération,Hors intersection,Normale,Sans collision,,,,,,,,,,,5,2,1,1.0,7.0
201100017486,0011-04-12 19:50:00,11,4,12,19,50,90,225,SAINT ANTONIN RUE,43.11223,1.61039,Plein jour,En agglomération,Hors intersection,Normale,Deux véhicules - côté,,,,,,,,,,,1,2,1,1.0,3.0
201100017487,0011-05-06 08:45:00,11,5,6,8,45,90,225,JACQUES FOURNIE RUE,43.11627,1.61214,Plein jour,En agglomération,Hors intersection,Normale,Autre collision,,,,,,,,,,,1,2,1,1.0,6.0
201100017488,0011-05-20 16:30:00,11,5,20,16,30,90,225,"12, FOIX AVENUE DE",43.10772,1.61791,Plein jour,En agglomération,Hors intersection,Normale,Deux véhicules - côté,,,,,,,,,,,1,2,1,1.0,3.0
201100017489,0011-05-22 18:30:00,11,5,22,18,30,90,225,BELPECH ROUTE DE,43.11603,1.63149,Plein jour,En agglomération,Hors intersection,Normale,Sans collision,,,,,,,,,,,1,2,1,1.0,7.0
201100017490,0011-08-23 05:55:00,11,8,23,5,55,90,225,ROUTE DE MIREPOIX,43.10486,1.62048,Nuit avec éclairage allumé,En agglomération,Giratoire,Normale,Deux véhicules - frontale,,,,,,,,,,,5,2,6,1.0,1.0
201100017491,0011-09-13 19:25:00,11,9,13,19,25,90,225,TOULOUSE ROUTE DE,43.13459,1.60739,Plein jour,En agglomération,Hors intersection,Normale,Sans collision,,,,,,,,,,,1,2,1,1.0,7.0
201100017492,0011-10-04 13:55:00,11,10,4,13,55,90,225,IRENEE CROS AVENUE,43.11019,1.61496,Plein jour,En agglomération,Hors intersection,Normale,Deux véhicules - côté,,,,,,,,,,,1,2,1,1.0,3.0
201100017493,0011-10-20 09:00:00,11,10,20,9,0,90,225,"0, RIJOLE AVENUE DE LA",43.11537,1.62153,Plein jour,En agglomération,Intersection en T,Normale,Autre collision,,,,,,,,,,,1,2,3,1.0,6.0
201100017494,0011-12-22 20:00:00,11,12,22,20,0,90,225,MIREPOIX ROUTE DE,43.10442,1.62251,Nuit avec éclairage allumé,En agglomération,Intersection en T,Normale,Deux véhicules - côté,,,,,,,,,,,5,2,3,1.0,3.0
201100017495,0011-02-19 09:15:00,11,2,19,9,15,310,2,,,,Plein jour,Hors agglomération,Hors intersection,Normale,Sans collision,,,,,,,,,,,1,1,1,1.0,7.0
201100017496,0011-07-29 04:15:00,11,7,29,4,15,310,254,,43.5471,1.499,Nuit avec éclairage allumé,Hors agglomération,Hors intersection,Normale,Autre collision,,,,,,,,,,,5,1,1,1.0,6.0
201100017497,0011-12-03 13:15:00,11,12,3,13,15,110,225,,,,Plein jour,Hors agglomération,Hors intersection,Normale,Autre collision,,,,,,,,,,,1,1,1,1.0,6.0
201100017498,0011-12-13 13:45:00,11,12,13,13,45,310,450,,43.3752,1.74731,Plein jour,Hors agglomération,Hors intersection,Normale,Deux véhicules - arrière,,,,,,,,,,,1,1,1,1.0,2.0
201100017499,0011-01-15 18:00:00,11,1,15,18,0,330,284,,,,Crépuscule ou aube,Hors agglomération,Hors intersection,Normale,Autre collision,,,,,,,,,,,2,1,1,1.0,6.0
201100017500,0011-02-10 08:00:00,11,2,10,8,0,330,42,,44.5,-0.837,Plein jour,Hors agglomération,Hors intersection,Normale,Autre collision,,,,,,,,,,,1,1,1,1.0,6.0
201100017501,0011-02-20 08:30:00,11,2,20,8,30,330,284,,44.682,-0.799,Plein jour,Hors agglomération,Hors intersection,Normale,Deux véhicules - arrière,,,,,,,,,,,1,1,1,1.0,2.0
201100017502,0011-04-18 12:30:00,11,4,18,12,30,330,199,,,,Plein jour,Hors agglomération,Hors intersection,Normale,Deux véhicules - arrière,,,,,,,,,,,1,1,1,1.0,2.0
201100017503,0011-05-11 13:00:00,11,5,11,13,0,330,284,,44.597,-0.836,Plein jour,Hors agglomération,Hors intersection,Normale,Deux véhicules - arrière,,,,,,,,,,,1,1,1,1.0,2.0
201100017504,0011-06-15 14:45:00,11,6,15,14,45,330,199,,,,Plein jour,Hors agglomération,Hors intersection,Normale,Deux véhicules - arrière,,,,,,,,,,,1,1,1,1.0,2.0
201100017505,0011-07-08 22:30:00,11,7,8,22,30,330,284,,,,Nuit sans éclairage public,Hors agglomération,Hors intersection,Normale,Deux véhicules - arrière,,,,,,,,,,,3,1,1,1.0,2.0
201100017506,0011-08-10 11:30:00,11,8,10,11,30,330,284,,,,Plein jour,Hors agglomération,Hors intersection,Normale,Sans collision,,,,,,,,,,,1,1,1,1.0,7.0
201100017507,0011-08-16 09:15:00,11,8,16,9,15,330,284,,44.685,-0.791,Plein jour,Hors agglomération,Hors intersection,Normale,Trois véhicules et plus - collisions multiples,,,,,,,,,,,1,1,1,1.0,5.0
201100017508,0011-11-17 16:15:00,11,11,17,16,15,330,527,,44.623,-0.978,Plein jour,Hors agglomération,Hors intersection,Normale,Deux véhicules - arrière,,,,,,,,,,,1,1,1,1.0,2.0
201100017509,0011-12-03 08:30:00,11,12,3,8,30,330,284,,,,Crépuscule ou aube,Hors agglomération,Hors intersection,Pluie légère,Autre collision,,,,,,,,,,,2,1,1,2.0,6.0
201100017510,0011-12-27 14:30:00,11,12,27,14,30,330,527,,44.682,-0.799,Plein jour,Hors agglomération,Hors intersection,Normale,Sans collision,,,,,,,,,,,1,1,1,1.0,7.0
201100017511,0011-01-03 23:45:00,11,1,3,23,45,740,208,Montée des EGRATZ,45.924,6.732,Nuit sans éclairage public,Hors agglomération,Hors intersection,Normale,Autre collision,,,,,,,,,,,3,1,1,1.0,6.0
201100017512,0011-01-14 13:45:00,11,1,14,13,45,740,208,LE FAYET,45.914,6.705,Plein jour,Hors agglomération,Hors intersection,Normale,Trois véhicules et plus - collisions multiples,,,,,,,,,,,1,1,1,1.0,5.0
201100017513,0011-04-10 11:00:00,11,4,10,11,0,740,208,,45.92,6.729,Plein jour,Hors agglomération,Hors intersection,Normale,Deux véhicules - arrière,,,,,,,,,,,1,1,1,1.0,2.0
201100017514,0011-02-21 16:00:00,11,2,21,16,0,460,331,,44.493,1.553,Plein jour,Hors agglomération,Hors intersection,Pluie forte,Autre collision,,,,,,,,,,,1,1,1,3.0,6.0
201100017515,0011-05-23 07:45:00,11,5,23,7,45,460,275,,,,Plein jour,Hors agglomération,Intersection en T,Normale,Deux véhicules - côté,,,,,,,,,,,1,1,3,1.0,3.0
201100017516,0011-02-03 20:00:00,11,2,3,20,0,720,70,,,,Nuit sans éclairage public,Hors agglomération,Hors intersection,Normale,Autre collision,,,,,,,,,,,3,1,1,1.0,6.0
201100017517,0011-06-20 08:30:00,11,6,20,8,30,720,278,,,,Plein jour,Hors agglomération,Hors intersection,Vent fort / tempête,Sans collision,,,,,,,,,,,1,1,1,6.0,7.0
201100017518,0011-07-06 14:15:00,11,7,6,14,15,720,360,,,,Plein jour,Hors agglomération,Hors intersection,Normale,Autre collision,,,,,,,,,,,1,1,1,1.0,6.0
201100017519,0011-07-29 03:15:00,11,7,29,3,15,720,45,,,,Nuit sans éclairage public,Hors agglomération,Hors intersection,Normale,Deux véhicules - arrière,,,,,,,,,,,3,1,1,1.0,2.0
201100017520,0011-08-12 18:45:00,11,8,12,18,45,720,217,,48.063,0.214,Plein jour,Hors agglomération,Hors intersection,Normale,Autre collision,,,,,,,,,,,1,1,1,1.0,6.0
201100017521,0011-10-20 11:30:00,11,10,20,11,30,720,45,,,,Plein jour,Hors agglomération,Hors intersection,Normale,Autre collision,,,,,,,,,,,1,1,1,1.0,6.0
201100017522,0011-02-24 07:30:00,11,2,24,7,30,680,297,,47.57728,7.56154,Plein jour,Hors agglomération,Hors intersection,Temps couvert,Autre collision,,,,,,,,,,,1,1,1,8.0,6.0
201100017523,0011-04-19 03:30:00,11,4,19,3,30,680,297,,47.57969,7.556,Nuit sans éclairage public,Hors agglomération,Hors intersection,Normale,Deux véhicules - arrière,,,,,,,,,,,3,1,1,1.0,2.0
201100017524,0011-06-15 09:30:00,11,6,15,9,30,680,297,,47.60232,7.5341,Plein jour,Hors agglomération,Hors intersection,Normale,Deux véhicules - arrière,,,,,,,,,,,1,1,1,1.0,2.0
201100017525,0011-08-10 22:45:00,11,8,10,22,45,680,301,,47.69619,7.44379,Nuit sans éclairage public,Hors agglomération,Hors intersection,Normale,Deux véhicules - arrière,,,,,,,,,,,3,1,1,1.0,2.0
201100017526,0011-08-11 04:00:00,11,8,11,4,0,680,278,,47.7457,7.42084,Nuit sans éclairage public,Hors agglomération,Hors intersection,Normale,Deux véhicules - arrière,,,,,,,,,,,3,1,1,1.0,2.0
201100017527,0011-09-29 18:15:00,11,9,29,18,15,680,300,,47.77526,7.38813,Plein jour,Hors agglomération,Hors intersection,Normale,Trois véhicules et plus - en chaîne,,,,,,,,,,,1,1,1,1.0,4.0
201100017528,0011-12-28 10:00:00,11,12,28,10,0,680,278,,47.75668,7.41965,Plein jour,Hors agglomération,Hors intersection,Normale,Deux véhicules - arrière,,,,,,,,,,,1,1,1,1.0,2.0
201100017529,0011-05-14 10:45:00,11,5,14,10,45,530,267,,48.05031,-0.44748,Plein jour,Hors agglomération,Hors intersection,Normale,Sans collision,,,,,,,,,,,1,1,1,1.0,7.0
201100017530,0011-06-07 10:45:00,11,6,7,10,45,530,54,,48.11351,-0.77014,Plein jour,Hors agglomération,Hors intersection,Normale,Autre collision,,,,,,,,,,,1,1,1,1.0,6.0
201100017531,0011-07-08 12:30:00,11,7,8,12,30,530,7,,48.07454,-0.60167,Plein jour,Hors agglomération,Hors intersection,Normale,Sans collision,,,,,,,,,,,1,1,1,1.0,7.0
201100017532,0011-02-09 14:30:00,11,2,9,14,30,440,94,,,,Plein jour,Hors agglomération,Hors intersection,Normale,Autre collision,,,,,,,,,,,1,1,1,1.0,6.0
201100017533,0011-02-11 15:30:00,11,2,11,15,30,440,109,,,,Plein jour,Hors agglomération,Hors intersection,Normale,Autre collision,,,,,,,,,,,1,1,1,1.0,6.0
201100017534,0011-02-12 15:30:00,11,2,12,15,30,440,213,,,,Plein jour,Hors agglomération,Hors intersection,Normale,Autre collision,,,,,,,,,,,1,1,1,1.0,6.0
201100017535,0011-03-24 22:45:00,11,3,24,22,45,440,163,,,,Nuit sans éclairage public,Hors agglomération,Hors intersection,Normale,Deux véhicules - arrière,,,,,,,,,,,3,1,1,1.0,2.0
201100017536,0011-08-03 10:15:00,11,8,3,10,15,440,163,,,,Plein jour,Hors agglomération,Hors intersection,Normale,Sans collision,,,,,,,,,,,1,1,1,1.0,7.0
201100017537,0011-09-02 12:30:00,11,9,2,12,30,440,26,,47.295,-1.47,Plein jour,Hors agglomération,Hors intersection,Normale,Deux véhicules - côté,,,,,,,,,,,1,1,1,1.0,3.0
201100017538,0011-02-12 05:15:00,11,2,12,5,15,470,238,,44.197,0.519,Nuit avec éclairage allumé,Hors agglomération,Hors intersection,Normale,Deux véhicules - arrière,,,,,,,,,,,5,1,1,1.0,2.0
201100017539,0011-02-20 09:30:00,11,2,20,9,30,470,43,,44.2456,0.30935,Plein jour,Hors agglomération,Hors intersection,Normale,Autre collision,,,,,,,,,,,1,1,1,1.0,6.0
201100017540,0011-12-20 20:15:00,11,12,20,20,15,470,60,,,,Nuit sans éclairage public,Hors agglomération,Hors intersection,Normale,Autre collision,,,,,,,,,,,3,1,1,1.0,6.0
201100017541,0011-02-08 14:45:00,11,2,8,14,45,820,169,,,,Plein jour,Hors agglomération,Hors intersection,Normale,Deux véhicules - frontale,,,,,,,,,,,1,1,1,1.0,1.0
201100017542,0011-06-09 18:15:00,11,6,9,18,15,820,27,,,,Plein jour,Hors agglomération,Hors intersection,Normale,Autre collision,,,,,,,,,,,1,1,1,1.0,6.0
201100017543,0011-07-02 15:30:00,11,7,2,15,30,820,171,,,,Plein jour,Hors agglomération,Hors intersection,Normale,Deux véhicules - arrière,,,,,,,,,,,1,1,1,1.0,2.0
201100017544,0011-07-14 06:15:00,11,7,14,6,15,820,33,,,,Crépuscule ou aube,Hors agglomération,Hors intersection,Normale,Deux véhicules - arrière,,,,,,,,,,,2,1,1,1.0,2.0
201100017545,0011-05-08 01:15:00,11,5,8,1,15,201,348,,,,Nuit sans éclairage public,Hors agglomération,Hors intersection,Normale,Autre collision,,,,,,,,,,,3,1,1,1.0,6.0
201100017546,0011-05-21 22:00:00,11,5,21,22,0,201,90,CD81,,,Nuit sans éclairage public,En agglomération,Hors intersection,Normale,Deux véhicules - frontale,,,,,,,,,,,3,2,1,1.0,1.0