accident_id,datetime,annee,mois,jour,heure,minute,departement,commune_insee,adresse,latitude,longitude,luminosite,agglomeration,intersection,meteo,collision,nb_vehicules,nb_usagers,nb_indemnes,nb_tues,nb_blesses_hosp,nb_blesses_legers,age_cond_1,age_cond_2,veh_type_cond_1,veh_type_cond_2,lum_code,agg_code,int_code,atm_code,col_code
201100017940,0011-04-16 19:19:00,11,4,16,19,19,100,357,"., GENERAL DE GAULLE (RU",,,Plein jour,Hors agglomération,Hors intersection,Normale,Sans collision,,,,,,,,,,,1,1,1,1.0,7.0
201100017941,0011-05-06 11:35:00,11,5,6,11,35,100,387,"97, LOMBARDS (AVENUE)",,,Plein jour,En agglomération,Giratoire,Normale,Autre collision,,,,,,,,,,,1,2,6,1.0,6.0
201100017942,0011-05-14 18:30:00,11,5,14,18,30,100,387,"20, GEORGES POMPIDOU (BD",,,Plein jour,En agglomération,Hors intersection,Normale,Deux véhicules - côté,,,,,,,,,,,1,2,1,1.0,3.0
201100017943,0011-05-08 19:10:00,11,5,8,19,10,100,81,JEAN MOULIN (RUE),,,Plein jour,En agglomération,Hors intersection,Normale,Autre collision,,,,,,,,,,,1,2,1,1.0,6.0
201100017944,0011-05-13 10:10:00,11,5,13,10,10,100,387,"., AMBROISE COTTET (RUE)",,,Plein jour,En agglomération,Intersection en X,Normale,Autre collision,,,,,,,,,,,1,2,2,1.0,6.0
201100017945,0011-05-14 19:35:00,11,5,14,19,35,100,333,TILLEULS (AVENUE DES),,,Plein jour,En agglomération,Giratoire,Normale,Autre collision,,,,,,,,,,,1,2,6,1.0,6.0
201100017946,0011-05-25 13:55:00,11,5,25,13,55,100,333,"22, CHARLES BALTET (RUE)",,,Plein jour,En agglomération,Hors intersection,Normale,Deux véhicules - côté,,,,,,,,,,,1,2,1,1.0,3.0
201100017947,0011-05-23 09:10:00,11,5,23,9,10,100,333,"142, ADOLPHE THIERS (RUE",,,Plein jour,En agglomération,Intersection en Y,Normale,Autre collision,,,,,,,,,,,1,2,4,1.0,6.0
201100017948,0011-05-28 16:25:00,11,5,28,16,25,100,387,"., PREMIER MAI (RUE DU)",,,Plein jour,En agglomération,Intersection en X,Normale,Deux véhicules - arrière,,,,,,,,,,,1,2,2,1.0,2.0
201100017949,0011-06-08 19:52:00,11,6,8,19,52,100,387,SIMART (RUE),,,Plein jour,En agglomération,Intersection en T,Normale,Deux véhicules - côté,,,,,,,,,,,1,2,3,1.0,3.0
201100017950,0011-06-01 18:40:00,11,6,1,18,40,100,325,"., GABRIEL DEHEURLES (RU",,,Plein jour,En agglomération,Intersection en X,Normale,Autre collision,,,,,,,,,,,1,2,2,1.0,6.0
201100017951,0011-06-04 19:10:00,11,6,4,19,10,100,357,"., RN19",,,Plein jour,Hors agglomération,Hors intersection,Normale,Trois véhicules et plus - en chaîne,,,,,,,,,,,1,1,1,1.0,4.0
201100017952,0011-05-31 04:39:00,11,5,31,4,39,100,387,"., PIERRE BROSSOLETTE (R",,,Nuit sans éclairage public,En agglomération,Hors intersection,Normale,Deux véhicules - côté,,,,,,,,,,,3,2,1,1.0,3.0
201100017953,0011-06-15 18:48:00,11,6,15,18,48,100,387,VEON A L'ANE (RUE),,,Plein jour,En agglomération,Intersection en T,Normale,Deux véhicules - côté,,,,,,,,,,,1,2,3,1.0,3.0
201100017954,0011-05-24 20:11:00,11,5,24,20,11,100,387,GASTON BACHELARD (RUE),,,Plein jour,En agglomération,Hors intersection,Normale,Autre collision,,,,,,,,,,,1,2,1,1.0,6.0
201100017955,0011-06-19 19:55:00,11,6,19,19,55,100,387,"114, ETIENNE PEDRON (RUE",,,Plein jour,En agglomération,Hors intersection,Normale,Deux véhicules - côté,,,,,,,,,,,1,2,1,1.0,3.0
201100017956,0011-06-27 20:50:00,11,6,27,20,50,100,357,ROCADE SUD,,,Plein jour,Hors agglomération,Hors intersection,Normale,Deux véhicules - frontale,,,,,,,,,,,1,1,1,1.0,1.0
201100017957,0011-06-11 19:04:00,11,6,11,19,4,100,387,rue Pierre Brossolette,,,Plein jour,En agglomération,Intersection en T,Normale,Deux véhicules - côté,,,,,,,,,,,1,2,3,1.0,3.0
201100017958,0011-06-17 11:10:00,11,6,17,11,10,100,387,"38, VERDUN (RUE DE)",,,Plein jour,En agglomération,Autre intersection,Normale,Autre collision,,,,,,,,,,,1,2,9,1.0,6.0
201100017959,0011-07-15 09:35:00,11,7,15,9,35,100,387,"., QUATORZE JUILLET (RUE",,,Plein jour,En agglomération,Intersection en X,Normale,Autre collision,,,,,,,,,,,1,2,2,1.0,6.0
201100017960,0011-07-22 19:10:00,11,7,22,19,10,100,387,"32, CHOMEDEY DE MAISONNE",,,Plein jour,En agglomération,Hors intersection,Normale,Autre collision,,,,,,,,,,,1,2,1,1.0,6.0
201100017961,0011-07-21 12:00:00,11,7,21,12,0,100,387,"., CAMILLE CLAUDEL (RUE)",,,Plein jour,En agglomération,Intersection en T,Pluie légère,Deux véhicules - côté,,,,,,,,,,,1,2,3,2.0,3.0
201100017962,0011-07-29 18:53:00,11,7,29,18,53,100,362,"., GENERAL GALLIENI (RUE",,,Plein jour,En agglomération,Hors intersection,Normale,Deux véhicules - côté,,,,,,,,,,,1,2,1,1.0,3.0
201100017963,0011-08-01 14:45:00,11,8,1,14,45,100,387,"26, CHOMEDEY DE MAISONNE",,,Plein jour,En agglomération,Intersection en X,Normale,Autre collision,,,,,,,,,,,1,2,2,1.0,6.0
201100017964,0011-07-29 11:55:00,11,7,29,11,55,100,387,ANATOLE FRANCE (RUE),,,Plein jour,En agglomération,Intersection en X,Normale,Autre collision,,,,,,,,,,,1,2,2,1.0,6.0
201100017965,0011-08-12 23:00:00,11,8,12,23,0,100,387,CHARLES DELAUNAY (RUE),,,Nuit avec éclairage allumé,En agglomération,Intersection en X,Normale,Deux véhicules - côté,,,,,,,,,,,5,2,2,1.0,3.0
201100017966,0011-08-21 12:49:00,11,8,21,12,49,100,387,"., THENARD (RUE)",,,Plein jour,Hors agglomération,Hors intersection,Normale,Deux véhicules - côté,,,,,,,,,,,1,1,1,1.0,3.0
201100017967,0011-08-22 18:30:00,11,8,22,18,30,100,387,"., ANATOLE FRANCE (RUE)",,,Plein jour,En agglomération,Intersection en T,Normale,Deux véhicules - frontale,,,,,,,,,,,1,2,3,1.0,1.0
201100017968,0011-08-23 06:15:00,11,8,23,6,15,100,387,"., CHARLES DELAUNAY (RUE",,,Crépuscule ou aube,En agglomération,Intersection en X,Normale,Deux véhicules - côté,,,,,,,,,,,2,2,2,1.0,3.0
201100017969,0011-08-24 08:45:00,11,8,24,8,45,100,387,"18 TER, ANATOLE FRANCE",,,Plein jour,En agglomération,Intersection en X,Normale,Deux véhicules - côté,,,,,,,,,,,1,2,2,1.0,3.0
201100017970,0011-09-02 23:18:00,11,9,2,23,18,100,387,"82, EDOUARD VAILLANT (RU",,,Nuit avec éclairage allumé,En agglomération,Hors intersection,Normale,Autre collision,,,,,,,,,,,5,2,1,1.0,6.0
201100017971,0011-09-03 21:45:00,11,9,3,21,45,100,387,"34, EDOUARD HERRIOT (RUE",,,Nuit avec éclairage allumé,En agglomération,Giratoire,Normale,Autre collision,,,,,,,,,,,5,2,6,1.0,6.0
201100017972,0011-09-01 11:56:00,11,9,1,11,56,100,60,ROCADE SUD (RD 610),,,Plein jour,Hors agglomération,Hors intersection,Normale,Deux véhicules - frontale,,,,,,,,,,,1,1,1,1.0,1.0
201100017973,0011-08-15 14:54:00,11,8,15,14,54,100,387,"., COMTE HENRI( QUAI)",,,Plein jour,En agglomération,Hors intersection,Normale,Deux véhicules - côté,,,,,,,,,,,1,2,1,1.0,3.0
201100017974,0011-09-07 11:55:00,11,9,7,11,55,100,81,ROCADE OUEST (RD 610),,,Plein jour,En agglomération,Autre intersection,Normale,Trois véhicules et plus - collisions multiples,,,,,,,,,,,1,2,9,1.0,5.0
201100017975,0011-08-15 19:10:00,11,8,15,19,10,100,387,"71, ANATOLE FRANCE (RUE)",,,Plein jour,En agglomération,Hors intersection,Normale,Autre collision,,,,,,,,,,,1,2,1,1.0,6.0
201100017976,0011-09-07 06:00:00,11,9,7,6,0,100,387,PAIX (RUE DE LA),,,Crépuscule ou aube,En agglomération,Intersection en X,Pluie légère,Deux véhicules - côté,,,,,,,,,,,2,2,2,2.0,3.0
201100017977,0011-09-03 11:30:00,11,9,3,11,30,100,387,EDMOND FARIAT (RUE),,,Plein jour,En agglomération,Intersection en X,Normale,Deux véhicules - côté,,,,,,,,,,,1,2,2,1.0,3.0
201100017978,0011-09-08 11:00:00,11,9,8,11,0,100,387,"23, JEANNE D'ARC (RUE)",,,Plein jour,En agglomération,Hors intersection,Normale,Deux véhicules - arrière,,,,,,,,,,,1,2,1,1.0,2.0
201100017979,0011-09-12 12:15:00,11,9,12,12,15,100,387,"., SOEST (RUE)",,,Plein jour,En agglomération,Autre intersection,Normale,Autre collision,,,,,,,,,,,1,2,9,1.0,6.0
201100017980,0011-09-15 12:20:00,11,9,15,12,20,100,387,JACQUIN (RUE),,,Plein jour,En agglomération,Hors intersection,Normale,Trois véhicules et plus - en chaîne,,,,,,,,,,,1,2,1,1.0,4.0
201100017981,0011-09-01 15:15:00,11,9,1,15,15,100,333,"9, CHARLES DERNUET (RUE)",,,Plein jour,En agglomération,Hors intersection,Normale,Autre collision,,,,,,,,,,,1,2,1,1.0,6.0
201100017982,0011-09-02 11:45:00,11,9,2,11,45,100,362,NOES (RUE DES),,,Plein jour,En agglomération,Intersection en X,Normale,Deux véhicules - frontale,,,,,,,,,,,1,2,2,1.0,1.0
201100017983,0011-09-20 10:45:00,11,9,20,10,45,100,387,"., MAURICE ROMAGON (RUE)",,,Plein jour,En agglomération,Hors intersection,Normale,Trois véhicules et plus - collisions multiples,,,,,,,,,,,1,2,1,1.0,5.0
201100017984,0011-09-13 08:55:00,11,9,13,8,55,100,387,GRAND MENETRIER (RUE),,,Plein jour,En agglomération,Intersection en T,Normale,Deux véhicules - côté,,,,,,,,,,,1,2,3,1.0,3.0
201100017985,0011-09-21 17:46:00,11,9,21,17,46,100,357,COTTAGE (RUE),,,Plein jour,En agglomération,Intersection en T,Normale,Deux véhicules - côté,,,,,,,,,,,1,2,3,1.0,3.0
201100017986,0011-09-02 11:10:00,11,9,2,11,10,100,333,AUXERRE (ROUTE),,,Plein jour,En agglomération,Hors intersection,Normale,Trois véhicules et plus - en chaîne,,,,,,,,,,,1,2,1,1.0,4.0
201100017987,0011-09-04 08:06:00,11,9,4,8,6,100,387,COURS JACQUIN (RUE),,,Plein jour,En agglomération,Intersection en T,Pluie légère,Deux véhicules - côté,,,,,,,,,,,1,2,3,2.0,3.0
201100017988,0011-09-12 18:20:00,11,9,12,18,20,100,387,"46, MARIE DE CHAMPAGNE (",,,Plein jour,En agglomération,Hors intersection,Normale,Autre collision,,,,,,,,,,,1,2,1,1.0,6.0
201100017989,0011-09-27 08:25:00,11,9,27,8,25,100,387,BAS TREVOIS (RUE DES),,,Plein jour,En agglomération,Intersection en T,Normale,Deux véhicules - côté,,,,,,,,,,,1,2,3,1.0,3.0
201100017990,0011-09-29 16:49:00,11,9,29,16,49,100,387,"., PAIX (RUE DE LA)",,,Plein jour,En agglomération,Intersection en X,Normale,Sans collision,,,,,,,,,,,1,2,2,1.0,7.0
201100017991,0011-10-03 14:09:00,11,10,3,14,9,100,387,"60, PREMIER MAI (RUE DU)",48.18194,4.52685,Plein jour,En agglomération,Hors intersection,Normale,Autre collision,,,,,,,,,,,1,2,1,1.0,6.0
201100017992,0011-09-21 18:00:00,11,9,21,18,0,100,387,"04, GUILLAUME LE BE (RUE",,,Plein jour,En agglomération,Hors intersection,Normale,Sans collision,,,,,,,,,,,1,2,1,1.0,7.0
201100017993,0011-10-06 17:05:00,11,10,6,17,5,100,357,,48.29389,4.14365,Plein jour,Hors agglomération,Intersection en T,Pluie légère,Deux véhicules - côté,,,,,,,,,,,1,1,3,2.0,3.0
201100017994,0011-10-07 16:10:00,11,10,7,16,10,100,387,PIERRE BROSSOLETTE (RUE,48.17311,4.42679,Plein jour,En agglomération,Hors intersection,Pluie forte,Deux véhicules - arrière,,,,,,,,,,,1,2,1,3.0,2.0
201100017995,0011-10-12 20:48:00,11,10,12,20,48,100,333,"1, ECHENILLY (RUE)",48.16513,4.24775,Nuit avec éclairage allumé,En agglomération,Hors intersection,Normale,Deux véhicules - frontale,,,,,,,,,,,5,2,1,1.0,1.0
201100017996,0011-10-08 16:30:00,11,10,8,16,30,100,387,QUATORZE JUILLET (BD),48.29437,4.07828,Plein jour,En agglomération,Hors intersection,Normale,Sans collision,,,,,,,,,,,1,2,1,1.0,7.0
201100017997,0011-10-07 19:39:00,11,10,7,19,39,100,387,"24, QUATORZE JUILLET (BD",48.17376,4.43533,Nuit avec éclairage allumé,En agglomération,Hors intersection,Normale,Trois véhicules et plus - en chaîne,,,,,,,,,,,5,2,1,1.0,4.0
201100017998,0011-10-08 18:20:00,11,10,8,18,20,100,325,ST LEGER (RUE),,,Plein jour,En agglomération,Hors intersection,Normale,Autre collision,,,,,,,,,,,1,2,1,1.0,6.0
201100017999,0011-10-18 20:16:00,11,10,18,20,16,100,387,GEORGES POMPIDOU (BD),48.18298,4.61543,Nuit sans éclairage public,Hors agglomération,Hors intersection,Normale,Deux véhicules - frontale,,,,,,,,,,,3,1,1,1.0,1.0
201100018000,0011-10-10 14:03:00,11,10,10,14,3,100,387,"., LOUIS ULBACH (RUE)",48.17432,4.43448,Plein jour,En agglomération,Intersection en T,Normale,Deux véhicules - côté,,,,,,,,,,,1,2,3,1.0,3.0
201100018001,0011-10-21 16:57:00,11,10,21,16,57,100,333,"170, AUXERRE (ROUTE)",48.16299,4.24524,Plein jour,En agglomération,Hors intersection,Normale,Deux véhicules - arrière,,,,,,,,,,,1,2,1,1.0,2.0
201100018002,0011-10-14 17:20:00,11,10,14,17,20,100,343,CHATEAU DES COURS (RUE D,48.16187,4.52646,Plein jour,En agglomération,Giratoire,Normale,Deux véhicules - côté,,,,,,,,,,,1,2,6,1.0,3.0
201100018003,0011-11-12 22:30:00,11,11,12,22,30,100,333,"100, AUXERRE (ROUTE)",48.16271,4.32989,Nuit avec éclairage allumé,En agglomération,Intersection en X,Normale,Trois véhicules et plus - collisions multiples,,,,,,,,,,,5,2,2,1.0,5.0
201100018004,0011-11-10 19:03:00,11,11,10,19,3,100,387,"., RAYMOND BURGARD (RUE)",48.16284,4.4472,Nuit avec éclairage allumé,En agglomération,Hors intersection,Normale,Deux véhicules - côté,,,,,,,,,,,5,2,1,1.0,3.0
201100018005,0011-11-14 20:15:00,11,11,14,20,15,100,387,ANATOLE FRANCE (AVE),48.15545,4.41354,Nuit avec éclairage allumé,En agglomération,Intersection en X,Normale,Deux véhicules - côté,,,,,,,,,,,5,2,2,1.0,3.0
201100018006,0011-11-26 11:20:00,11,11,26,11,20,100,333,"9, JULES DIDIER (RUE)",48.28937,4.06746,Plein jour,En agglomération,Hors intersection,Normale,Autre collision,,,,,,,,,,,1,2,1,1.0,6.0
201100018007,0011-11-22 15:43:00,11,11,22,15,43,100,325,GUSTAVE EIFFEL (RUE),48.26708,4.07607,Plein jour,En agglomération,Giratoire,Normale,Deux véhicules - côté,,,,,,,,,,,1,2,6,1.0,3.0
201100018008,0011-11-30 09:21:00,11,11,30,9,21,100,357,ROCADE SUD,48.29653,4.13711,Plein jour,Hors agglomération,Giratoire,Normale,Trois véhicules et plus - en chaîne,,,,,,,,,,,1,1,6,1.0,4.0
201100018009,0011-11-17 18:20:00,11,11,17,18,20,100,81,ROCADE OUEST (RD 610),48.1615,4.12472,Nuit sans éclairage public,Hors agglomération,Hors intersection,Normale,Trois véhicules et plus - en chaîne,,,,,,,,,,,3,1,1,1.0,4.0
201100018010,0011-12-08 17:30:00,11,12,8,17,30,100,357,ROCADE SUD,,,Nuit sans éclairage public,Hors agglomération,Hors intersection,Normale,Trois véhicules et plus - en chaîne,,,,,,,,,,,3,1,1,1.0,4.0
201100018011,0011-12-10 19:43:00,11,12,10,19,43,100,333,"78, AUXERRE (ROUTE)",,,Nuit avec éclairage allumé,En agglomération,Hors intersection,Normale,Deux véhicules - arrière,,,,,,,,,,,5,2,1,1.0,2.0
201100018012,0011-12-13 17:37:00,11,12,13,17,37,100,325,PASTEUR (RUE),,,Nuit avec éclairage allumé,En agglomération,Hors intersection,Normale,Autre collision,,,,,,,,,,,5,2,1,1.0,6.0
201100018013,0011-12-16 08:38:00,11,12,16,8,38,100,387,PREMIER RAM (RUE DU),48.17288,4.41548,Plein jour,En agglomération,Intersection en X,Vent fort / tempête,Deux véhicules - côté,,,,,,,,,,,1,2,2,6.0,3.0
201100018014,0011-12-19 17:40:00,11,12,19,17,40,100,387,"23, ETIENNE PEDRON (RUE)",48.18224,4.43806,Nuit sans éclairage public,En agglomération,Hors intersection,Normale,Deux véhicules - côté,,,,,,,,,,,3,2,1,1.0,3.0
201100018015,0011-12-22 11:03:00,11,12,22,11,3,100,387,"105, PIERRE BROSSOLETTE",48.28862,4.07688,Plein jour,En agglomération,Hors intersection,Normale,Autre collision,,,,,,,,,,,1,2,1,1.0,6.0
201100018016,0011-12-28 09:50:00,11,12,28,9,50,100,81,ROCADE OUEST (RD 610),,,Plein jour,Hors agglomération,Hors intersection,Normale,Deux véhicules - arrière,,,,,,,,,,,1,1,1,1.0,2.0
201100018017,0011-01-17 07:30:00,11,1,17,7,30,670,124,PV,48.552,7.652,Crépuscule ou aube,Hors agglomération,Autre intersection,Brouillard / fumée,Sans collision,,,,,,,,,,,2,1,9,5.0,7.0
201100018018,0011-02-11 19:15:00,11,2,11,19,15,670,124,,48.529,7.639,Nuit sans éclairage public,Hors agglomération,Hors intersection,Normale,Deux véhicules - frontale,,,,,,,,,,,3,1,1,1.0,1.0
201100018019,0011-02-19 13:45:00,11,2,19,13,45,670,152,,48.524,7.667,Plein jour,Hors agglomération,Hors intersection,Normale,Deux véhicules - frontale,,,,,,,,,,,1,1,1,1.0,1.0
201100018020,0011-03-17 09:00:00,11,3,17,9,0,670,152,,48.511,7.659,Plein jour,Hors agglomération,Hors intersection,Pluie légère,Deux véhicules - frontale,,,,,,,,,,,1,1,1,2.0,1.0
201100018021,0011-05-29 06:00:00,11,5,29,6,0,670,212,3 rue Joseph GRAFF,48.563,7.647,Crépuscule ou aube,En agglomération,Hors intersection,Normale,Autre collision,,,,,,,,,,,2,2,1,1.0,6.0
201100018022,0011-05-30 08:15:00,11,5,30,8,15,670,152,route d'entzheim,48.522,7.65,Plein jour,En agglomération,Hors intersection,Normale,Deux véhicules - frontale,,,,,,,,,,,1,2,1,1.0,1.0
201100018023,0011-12-16 20:15:00,11,12,16,20,15,670,152,,48.526,7.642,Nuit sans éclairage public,Hors agglomération,Hors intersection,Vent fort / tempête,Deux véhicules - frontale,,,,,,,,,,,3,1,1,6.0,1.0
201100018024,0011-01-08 17:30:00,11,1,8,17,30,670,506,"PV, DEVANT MAGASIN DARTY",48.663,7.721,Nuit sans éclairage public,En agglomération,Hors intersection,Pluie légère,Autre collision,,,,,,,,,,,3,2,1,2.0,6.0
201100018025,0011-02-09 19:30:00,11,2,9,19,30,670,343,,,,Nuit sans éclairage public,Hors agglomération,Hors intersection,Pluie légère,Deux véhicules - frontale,,,,,,,,,,,3,1,1,2.0,1.0
201100018026,0011-02-14 14:30:00,11,2,14,14,30,670,471,route de BRUMATH,48.638,7.729,Plein jour,En agglomération,Hors intersection,Normale,Autre collision,,,,,,,,,,,1,2,1,1.0,6.0
201100018027,0011-03-29 12:00:00,11,3,29,12,0,670,506,1 RUE DU GENERAL LECLERC,48.672,7.717,Plein jour,En agglomération,Hors intersection,Normale,Autre collision,,,,,,,,,,,1,2,1,1.0,6.0
201100018028,0011-04-11 23:45:00,11,4,11,23,45,670,343,"40, rue du De Gaulle",48.61,7.68,Nuit avec éclairage allumé,En agglomération,Hors intersection,Normale,Autre collision,,,,,,,,,,,5,2,1,1.0,6.0
201100018029,0011-09-06 09:00:00,11,9,6,9,0,670,309,INTERSECTION RD263/RD64,,,Plein jour,En agglomération,Hors intersection,Temps éblouissant,Deux véhicules - frontale,,,,,,,,,,,1,2,1,7.0,1.0
201100018030,0011-09-30 11:00:00,11,9,30,11,0,670,309,,,,Plein jour,Hors agglomération,Hors intersection,Normale,Deux véhicules - arrière,,,,,,,,,,,1,1,1,1.0,2.0
201100018031,0011-12-09 18:15:00,11,12,9,18,15,670,309,rue de Strasbourg,,,Nuit avec éclairage allumé,En agglomération,Hors intersection,Pluie légère,Autre collision,,,,,,,,,,,5,2,1,2.0,6.0
201100018032,0011-01-07 16:00:00,11,1,7,16,0,60,105,CD 204 PK 0+900,,,Plein jour,En agglomération,Hors intersection,Pluie forte,Autre collision,,,,,,,,,,,1,2,1,3.0,6.0
201100018033,0011-03-18 16:15:00,11,3,18,16,15,60,10,,43.687,6.972,Plein jour,Hors agglomération,Hors intersection,Normale,Deux véhicules - frontale,,,,,,,,,,,1,1,1,1.0,1.0
201100018034,0011-03-29 16:00:00,11,3,29,16,0,60,10,avenue amiral de grasse,,,Plein jour,En agglomération,Hors intersection,Normale,Deux véhicules - frontale,,,,,,,,,,,1,2,1,1.0,1.0
201100018035,0011-04-09 18:45:00,11,4,9,18,45,60,105,chemin des pignatons,,,Plein jour,En agglomération,Hors intersection,Normale,Deux véhicules - côté,,,,,,,,,,,1,2,1,1.0,3.0
201100018036,0011-04-18 14:45:00,11,4,18,14,45,60,148,,,,Plein jour,Hors agglomération,Hors intersection,Normale,Deux véhicules - frontale,,,,,,,,,,,1,1,1,1.0,1.0
201100018037,0011-06-04 05:45:00,11,6,4,5,45,60,105,,,,Crépuscule ou aube,Hors agglomération,Hors intersection,Pluie légère,Deux véhicules - frontale,,,,,,,,,,,2,1,1,2.0,1.0
201100018038,0011-07-24 09:00:00,11,7,24,9,0,60,112,67 route de nice,43.678,7.004,Plein jour,En agglomération,Hors intersection,Normale,Deux véhicules - frontale,,,,,,,,,,,1,2,1,1.0,1.0
201100018039,0011-05-21 19:00:00,11,5,21,19,0,650,356,,43.157,0.294,Plein jour,Hors agglomération,Hors intersection,Normale,Sans collision,,,,,,,,,,,1,1,1,1.0,7.0
201100018040,0011-07-31 10:45:00,11,7,31,10,45,650,62,,43.22,0.12,Plein jour,Hors agglomération,Hors intersection,Normale,Trois véhicules et plus - en chaîne,,,,,,,,,,,1,1,1,1.0,4.0
201100018041,0011-08-08 22:00:00,11,8,8,22,0,650,417,,43.221,0.114,Nuit avec éclairage non allumé,Hors agglomération,Hors intersection,Normale,Autre collision,,,,,,,,,,,4,1,1,1.0,6.0
201100018042,0011-09-04 17:30:00,11,9,4,17,30,650,127,,43.108,0.339,Plein jour,Hors agglomération,Hors intersection,Pluie forte,Autre collision,,,,,,,,,,,1,1,1,3.0,6.0
201100018043,0011-09-15 12:30:00,11,9,15,12,30,650,127,,43.113,0.323,Plein jour,Hors agglomération,Hors intersection,Normale,Autre collision,,,,,,,,,,,1,1,1,1.0,6.0
201100018044,0011-09-17 16:30:00,11,9,17,16,30,650,127,,43.109,0.337,Plein jour,Hors agglomération,Hors intersection,Pluie légère,Sans collision,,,,,,,,,,,1,1,1,2.0,7.0
201100018045,0011-12-23 23:15:00,11,12,23,23,15,650,417,,43.22,0.121,Nuit sans éclairage public,Hors agglomération,Hors intersection,Normale,Trois véhicules et plus - collisions multiples,,,,,,,,,,,3,1,1,1.0,5.0
201100018046,0011-02-18 22:10:00,11,2,18,22,10,20,180,,,,Nuit sans éclairage public,Hors agglomération,Hors intersection,Normale,Deux véhicules - frontale,,,,,,,,,,,3,1,1,1.0,1.0
201100018047,0011-04-19 18:45:00,11,4,19,18,45,20,28,,49.58545,3.68823,Plein jour,Hors agglomération,Hors intersection,Temps éblouissant,Deux véhicules - arrière,,,,,,,,,,,1,1,1,7.0,2.0
201100018048,0011-07-11 22:30:00,11,7,11,22,30,20,472,,,,Nuit sans éclairage public,Hors agglomération,Hors intersection,Normale,Sans collision,,,,,,,,,,,3,1,1,1.0,7.0
201100018049,0011-07-18 17:30:00,11,7,18,17,30,20,399,,,,Plein jour,Hors agglomération,Hors intersection,Normale,Deux véhicules - arrière,,,,,,,,,,,1,1,1,1.0,2.0
201100018050,0011-01-28 20:45:00,11,1,28,20,45,380,352,R DE LA ROCHE,45.5962,5.22521,Nuit avec éclairage allumé,En agglomération,Intersection en X,Normale,Deux véhicules - arrière,,,,,,,,,,,5,2,2,1.0,2.0
201100018051,0011-02-04 19:00:00,11,2,4,19,0,380,53,LA GRIVE,45.5944,5.23578,Nuit avec éclairage allumé,En agglomération,Hors intersection,Normale,Autre collision,,,,,,,,,,,5,2,1,1.0,6.0
201100018052,0011-04-08 16:00:00,11,4,8,16,0,380,193,BOULEVARD DE L'ARBONNAS,45.6171,5.22416,Plein jour,En agglomération,Intersection en T,Normale,Deux véhicules - côté,,,,,,,,,,,1,2,3,1.0,3.0
201100018053,0011-05-31 13:45:00,11,5,31,13,45,380,193,BD ARBONNAS MEDIATHEQUE,45.6212,5.2195,Plein jour,En agglomération,Intersection en X,Pluie légère,Autre collision,,,,,,,,,,,1,2,2,2.0,6.0
201100018054,0011-07-08 12:15:00,11,7,8,12,15,380,193,ROND POINT DE L'ARBONNAS,45.6153,5.2257,Plein jour,En agglomération,Giratoire,Normale,Deux véhicules - côté,,,,,,,,,,,1,2,6,1.0,3.0
201100018055,0011-08-23 17:30:00,11,8,23,17,30,380,193,Rue du Lans,,,Plein jour,En agglomération,Hors intersection,Normale,Deux véhicules - frontale,,,,,,,,,,,1,2,1,1.0,1.0
201100018056,0011-10-29 16:15:00,11,10,29,16,15,380,530,Avenue Blaise Pascal,,,Plein jour,En agglomération,Hors intersection,Normale,Deux véhicules - côté,,,,,,,,,,,1,2,1,1.0,3.0
201100018057,0011-12-05 07:15:00,11,12,5,7,15,380,193,,,,Nuit sans éclairage public,Hors agglomération,Hors intersection,Pluie légère,Autre collision,,,,,,,,,,,3,1,1,2.0,6.0
201100018058,0011-06-05 15:45:00,11,6,5,15,45,30,193,,46.513,2.605,Plein jour,Hors agglomération,Hors intersection,Pluie légère,Deux véhicules - arrière,,,,,,,,,,,1,1,1,2.0,2.0
201100018059,0011-08-17 07:15:00,11,8,17,7,15,30,31,,46.394,2.719,Plein jour,Hors agglomération,Hors intersection,Temps éblouissant,Deux véhicules - arrière,,,,,,,,,,,1,1,1,7.0,2.0
201100018060,0011-10-03 14:15:00,11,10,3,14,15,30,158,,46.509,2.643,Plein jour,Hors agglomération,Hors intersection,Normale,Deux véhicules - arrière,,,,,,,,,,,1,1,1,1.0,2.0
201100018061,0011-10-28 14:00:00,11,10,28,14,0,30,104,,46.361,2.806,Plein jour,Hors agglomération,Hors intersection,Normale,Deux véhicules - arrière,,,,,,,,,,,1,1,1,1.0,2.0
201100018062,0011-12-02 16:00:00,11,12,2,16,0,30,158,,46.513,2.637,Plein jour,Hors agglomération,Hors intersection,Normale,Deux véhicules - arrière,,,,,,,,,,,1,1,1,1.0,2.0
201100018063,0011-12-09 03:45:00,11,12,9,3,45,30,256,,46.335,2.904,Nuit sans éclairage public,Hors agglomération,Hors intersection,Normale,Autre collision,,,,,,,,,,,3,1,1,1.0,6.0
201100018064,0011-02-03 13:30:00,11,2,3,13,30,210,16,,47.3945,5.18018,Plein jour,Hors agglomération,Hors intersection,Normale,Deux véhicules - côté,,,,,,,,,,,1,1,1,1.0,3.0
201100018065,0011-06-24 12:00:00,11,6,24,12,0,210,599,,,,Plein jour,Hors agglomération,Hors intersection,Normale,Autre collision,,,,,,,,,,,1,1,1,1.0,6.0