accident_id,datetime,annee,mois,jour,heure,minute,departement,commune_insee,adresse,latitude,longitude,luminosite,agglomeration,intersection,meteo,collision,nb_vehicules,nb_usagers,nb_indemnes,nb_tues,nb_blesses_hosp,nb_blesses_legers,age_cond_1,age_cond_2,veh_type_cond_1,veh_type_cond_2,lum_code,agg_code,int_code,atm_code,col_code
201100018196,0011-08-16 00:21:00,11,8,16,0,21,110,69,RD118,,,Nuit sans éclairage public,Hors agglomération,Hors intersection,Normale,Autre collision,,,,,,,,,,,3,1,1,1.0,6.0
201100018197,0011-08-19 16:32:00,11,8,19,16,32,110,69,"50, JAURES JEAN -BD- PAI",,,Plein jour,En agglomération,Hors intersection,Normale,Sans collision,,,,,,,,,,,1,2,1,1.0,7.0
201100018198,0011-08-22 15:46:00,11,8,22,15,46,110,69,ROCADE SUD RD 342,,,Plein jour,Hors agglomération,Hors intersection,Normale,Sans collision,,,,,,,,,,,1,1,1,1.0,7.0
201100018199,0011-08-22 16:50:00,11,8,22,16,50,110,69,JOFFRE MARECHAL -AVENUE-,,,Plein jour,En agglomération,Hors intersection,Normale,Deux véhicules - côté,,,,,,,,,,,1,2,1,1.0,3.0
201100018200,0011-08-22 18:30:00,11,8,22,18,30,110,69,SOUVENIR FRANCAIS -AVENU,,,Plein jour,En agglomération,Hors intersection,Normale,Deux véhicules - côté,,,,,,,,,,,1,2,1,1.0,3.0
201100018201,0011-08-27 08:39:00,11,8,27,8,39,110,69,BARBES BD ET PROMENADE-P,,,Plein jour,En agglomération,Hors intersection,Normale,Sans collision,,,,,,,,,,,1,2,1,1.0,7.0
201100018202,0011-09-02 12:07:00,11,9,2,12,7,110,69,SANTINI ADJUDANT -ALLEE-,,,Plein jour,En agglomération,Intersection en X,Normale,Deux véhicules - côté,,,,,,,,,,,1,2,2,1.0,3.0
201100018203,0011-09-05 10:00:00,11,9,5,10,0,110,69,"1, VARSOVIE -BD-",,,Plein jour,En agglomération,Hors intersection,Normale,Deux véhicules - arrière,,,,,,,,,,,1,2,1,1.0,2.0
201100018204,0011-09-05 12:09:00,11,9,5,12,9,110,69,"8, DESCARTES RENE",,,Plein jour,En agglomération,Intersection en X,Normale,Deux véhicules - côté,,,,,,,,,,,1,2,2,1.0,3.0
201100018205,0011-09-05 13:55:00,11,9,5,13,55,110,69,MINERVOISE -ROUTE-,,,Plein jour,Hors agglomération,Hors intersection,Normale,Autre collision,,,,,,,,,,,1,1,1,1.0,6.0
201100018206,0011-09-06 13:53:00,11,9,6,13,53,110,69,SERRES -CHEMIN-,,,Plein jour,En agglomération,Intersection en T,Normale,Trois véhicules et plus - en chaîne,,,,,,,,,,,1,2,3,1.0,4.0
201100018207,0011-09-19 09:04:00,11,9,19,9,4,110,69,MAGINOT ANDRE -AVENUE-,,,Plein jour,En agglomération,Hors intersection,Normale,Deux véhicules - côté,,,,,,,,,,,1,2,1,1.0,3.0
201100018208,0011-09-22 15:59:00,11,9,22,15,59,110,69,"131, ROOSEVELT -IMPAIRS",,,Plein jour,En agglomération,Hors intersection,Normale,Autre collision,,,,,,,,,,,1,2,1,1.0,6.0
201100018209,0011-09-23 14:01:00,11,9,23,14,1,110,69,"2, MARCOU -BD-",,,Plein jour,En agglomération,Hors intersection,Normale,Autre collision,,,,,,,,,,,1,2,1,1.0,6.0
201100018210,0011-09-25 02:45:00,11,9,25,2,45,110,69,MONTREAL -ROUTE DE -,,,Nuit avec éclairage allumé,En agglomération,Hors intersection,Normale,Autre collision,,,,,,,,,,,5,2,1,1.0,6.0
201100018211,0011-09-29 08:13:00,11,9,29,8,13,110,69,COMBELERAN GASTON -MONT-,,,Plein jour,En agglomération,Giratoire,Normale,Autre collision,,,,,,,,,,,1,2,6,1.0,6.0
201100018212,0011-10-01 15:15:00,11,10,1,15,15,110,69,GUILLE GEORGES -AVENUE-,,,Plein jour,Hors agglomération,Hors intersection,Normale,Deux véhicules - côté,,,,,,,,,,,1,1,1,1.0,3.0
201100018213,0011-10-04 18:49:00,11,10,4,18,49,110,69,"43, BARBES BD IMPAIR",,,Plein jour,En agglomération,Hors intersection,Normale,Deux véhicules - arrière,,,,,,,,,,,1,2,1,1.0,2.0
201100018214,0011-10-07 17:17:00,11,10,7,17,17,110,69,AVENIR -PONT-,,,Plein jour,En agglomération,Hors intersection,Normale,Deux véhicules - côté,,,,,,,,,,,1,2,1,1.0,3.0
201100018215,0011-10-08 14:09:00,11,10,8,14,9,110,69,"37, JUIN MARECHAL",,,Plein jour,En agglomération,Intersection en X,Normale,Deux véhicules - côté,,,,,,,,,,,1,2,2,1.0,3.0
201100018216,0011-10-11 08:46:00,11,10,11,8,46,110,69,BEZONS -ALLEE-,,,Plein jour,En agglomération,Hors intersection,Normale,Autre collision,,,,,,,,,,,1,2,1,1.0,6.0
201100018217,0011-10-12 14:17:00,11,10,12,14,17,110,69,JOLIOT CURIE -BD IRENE F,,,Plein jour,En agglomération,Intersection en X,Normale,Sans collision,,,,,,,,,,,1,2,2,1.0,7.0
201100018218,0011-10-13 11:22:00,11,10,13,11,22,110,69,R N 113 sens NARBONNE/TO,,,Plein jour,En agglomération,Hors intersection,Normale,Sans collision,,,,,,,,,,,1,2,1,1.0,7.0
201100018219,0011-10-13 14:54:00,11,10,13,14,54,110,69,BARBACANE,,,Plein jour,En agglomération,Intersection en X,Normale,Deux véhicules - côté,,,,,,,,,,,1,2,2,1.0,3.0
201100018220,0011-10-14 16:00:00,11,10,14,16,0,110,69,QUATRE CHEMINS,,,Plein jour,En agglomération,Intersection en X,Normale,Deux véhicules - côté,,,,,,,,,,,1,2,2,1.0,3.0
201100018221,0011-10-19 09:54:00,11,10,19,9,54,110,69,"28, MOULIN JEAN -AVENUE-",,,Plein jour,En agglomération,Hors intersection,Normale,Deux véhicules - côté,,,,,,,,,,,1,2,1,1.0,3.0
201100018222,0011-10-22 14:05:00,11,10,22,14,5,110,69,NARBONNE -ROUTE DE-,,,Plein jour,Hors agglomération,Hors intersection,Normale,Sans collision,,,,,,,,,,,1,1,1,1.0,7.0
201100018223,0011-10-25 17:53:00,11,10,25,17,53,110,69,"50, VINGT QUATRE FEVRIER",,,Plein jour,En agglomération,Intersection en T,Normale,Sans collision,,,,,,,,,,,1,2,3,1.0,7.0
201100018224,0011-10-26 18:16:00,11,10,26,18,16,110,69,D 118,,,Plein jour,Hors agglomération,Autre intersection,Normale,Deux véhicules - côté,,,,,,,,,,,1,1,9,1.0,3.0
201100018225,0011-10-27 17:59:00,11,10,27,17,59,110,69,GOUT HENRI -AVENUE N? PA,,,Plein jour,En agglomération,Hors intersection,Normale,Sans collision,,,,,,,,,,,1,2,1,1.0,7.0
201100018226,0011-10-28 14:25:00,11,10,28,14,25,110,69,NOEL SUZANNE DR -AVENUE-,,,Plein jour,En agglomération,Hors intersection,Normale,Deux véhicules - frontale,,,,,,,,,,,1,2,1,1.0,1.0
201100018227,0011-10-30 15:02:00,11,10,30,15,2,110,69,"52, IENA -ALLEE D'- N? I",,,Plein jour,En agglomération,Hors intersection,Normale,Sans collision,,,,,,,,,,,1,2,1,1.0,7.0
201100018228,0011-11-01 12:27:00,11,11,1,12,27,110,69,JOURDANE GASTON -PLACE-,,,Plein jour,En agglomération,Intersection en X,Normale,Deux véhicules - frontale,,,,,,,,,,,1,2,2,1.0,1.0
201100018229,0011-11-02 17:04:00,11,11,2,17,4,110,69,ROCADE SUD RD 342,,,Plein jour,Hors agglomération,Hors intersection,Normale,Autre collision,,,,,,,,,,,1,1,1,1.0,6.0
201100018230,0011-11-07 13:50:00,11,11,7,13,50,110,69,ROMAINE -VOIE-,,,Plein jour,Hors agglomération,Hors intersection,Normale,Sans collision,,,,,,,,,,,1,1,1,1.0,7.0
201100018231,0011-11-16 11:15:00,11,11,16,11,15,110,69,GOUT HENRI -AV. N? IMPAI,,,Plein jour,En agglomération,Hors intersection,Normale,Deux véhicules - arrière,,,,,,,,,,,1,2,1,1.0,2.0
201100018232,0011-11-16 18:26:00,11,11,16,18,26,110,69,MOULIN JEAN -AVENUE-,,,Plein jour,En agglomération,Hors intersection,Normale,Autre collision,,,,,,,,,,,1,2,1,1.0,6.0
201100018233,0011-11-16 18:54:00,11,11,16,18,54,110,69,FAJEOLLE -AVENUE DE LA-,,,Nuit sans éclairage public,Hors agglomération,Hors intersection,Normale,Deux véhicules - frontale,,,,,,,,,,,3,1,1,1.0,1.0
201100018234,0011-11-21 11:24:00,11,11,21,11,24,110,69,SARRAUT OMER BD -IMPAIRS,,,Plein jour,En agglomération,Hors intersection,Normale,Deux véhicules - arrière,,,,,,,,,,,1,2,1,1.0,2.0
201100018235,0011-11-28 20:19:00,11,11,28,20,19,110,69,BRAM -ROUTE DE-,,,Nuit sans éclairage public,Hors agglomération,Hors intersection,Normale,Sans collision,,,,,,,,,,,3,1,1,1.0,7.0
201100018236,0011-11-29 07:41:00,11,11,29,7,41,110,69,FAJEOLLE -AVENUE DE LA-,,,Crépuscule ou aube,Hors agglomération,Intersection en T,Normale,Deux véhicules - côté,,,,,,,,,,,2,1,3,1.0,3.0
201100018237,0011-12-03 11:06:00,11,12,3,11,6,110,69,"19, BUFFON -IMPASSE-",,,Plein jour,En agglomération,Hors intersection,Normale,Deux véhicules - arrière,,,,,,,,,,,1,2,1,1.0,2.0
201100018238,0011-12-04 09:05:00,11,12,4,9,5,110,69,"17, ROOSEVELT -IMPAIRS J",,,Plein jour,En agglomération,Intersection en T,Normale,Deux véhicules - côté,,,,,,,,,,,1,2,3,1.0,3.0
201100018239,0011-12-07 16:13:00,11,12,7,16,13,110,69,ROCADE SUD RD 342,,,Plein jour,Hors agglomération,Hors intersection,Normale,Deux véhicules - côté,,,,,,,,,,,1,1,1,1.0,3.0
201100018240,0011-12-08 10:50:00,11,12,8,10,50,110,69,ROCADE SUD RD 342,,,Plein jour,Hors agglomération,Giratoire,Normale,Deux véhicules - arrière,,,,,,,,,,,1,1,6,1.0,2.0
201100018241,0011-12-11 13:10:00,11,12,11,13,10,110,69,BLUM PAIRS JUSQUAU 1402,,,Plein jour,En agglomération,Hors intersection,Normale,Sans collision,,,,,,,,,,,1,2,1,1.0,7.0
201100018242,0011-12-14 12:55:00,11,12,14,12,55,110,69,MAGINOT ANDRE -AVENUE-,,,Plein jour,En agglomération,Intersection en T,Normale,Deux véhicules - arrière,,,,,,,,,,,1,2,3,1.0,2.0
201100018243,0011-12-27 12:45:00,11,12,27,12,45,110,69,LIMOUX -ROUTE DE - JUSQU,,,Plein jour,Hors agglomération,Hors intersection,Normale,Deux véhicules - arrière,,,,,,,,,,,1,1,1,1.0,2.0
201100018244,0011-12-27 12:45:00,11,12,27,12,45,110,69,LIMOUX -ROUTE DE - JUSQU,,,Plein jour,Hors agglomération,Hors intersection,Normale,Deux véhicules - arrière,,,,,,,,,,,1,1,1,1.0,2.0
201100018245,0011-02-08 16:10:00,11,2,8,16,10,110,76,"51, LANGLE (AVENUE MONSE",,,Plein jour,En agglomération,Hors intersection,Normale,Autre collision,,,,,,,,,,,1,2,1,1.0,6.0
201100018246,0011-03-01 10:20:00,11,3,1,10,20,110,76,CD 624,,,Plein jour,Hors agglomération,Hors intersection,Normale,Deux véhicules - frontale,,,,,,,,,,,1,1,1,1.0,1.0
201100018247,0011-03-02 22:00:00,11,3,2,22,0,110,76,CD 624,,,Nuit sans éclairage public,Hors agglomération,Hors intersection,Normale,Sans collision,,,,,,,,,,,3,1,1,1.0,7.0
201100018248,0011-03-20 15:35:00,11,3,20,15,35,110,76,"37, CASSIEU (ALLEE DU)",,,Plein jour,En agglomération,Hors intersection,Normale,Deux véhicules - côté,,,,,,,,,,,1,2,1,1.0,3.0
201100018249,0011-04-16 14:32:00,11,4,16,14,32,110,76,CD 624,,,Plein jour,Hors agglomération,Intersection en T,Normale,Deux véhicules - côté,,,,,,,,,,,1,1,3,1.0,3.0
201100018250,0011-09-05 10:50:00,11,9,5,10,50,110,76,"4, PORT (QUAI DU )",,,Plein jour,En agglomération,Autre intersection,Normale,Autre collision,,,,,,,,,,,1,2,9,1.0,6.0
201100018251,0011-10-11 10:40:00,11,10,11,10,40,110,76,"32, REPUBLIQUE (COURS DE",,,Plein jour,En agglomération,Hors intersection,Normale,Autre collision,,,,,,,,,,,1,2,1,1.0,6.0
201100018252,0011-10-28 19:15:00,11,10,28,19,15,110,76,D6113,,,Nuit sans éclairage public,Hors agglomération,Hors intersection,Pluie légère,Deux véhicules - côté,,,,,,,,,,,3,1,1,2.0,3.0
201100018253,0011-12-01 07:55:00,11,12,1,7,55,110,76,"940, LAENNEC (AVENUE DU",,,Plein jour,En agglomération,Hors intersection,Normale,Deux véhicules - côté,,,,,,,,,,,1,2,1,1.0,3.0
201100018254,0011-04-20 05:15:00,11,4,20,5,15,310,118,,,,Nuit sans éclairage public,Hors agglomération,Hors intersection,Normale,Trois véhicules et plus - collisions multiples,,,,,,,,,,,3,1,1,1.0,5.0
201100018255,0011-07-13 09:15:00,11,7,13,9,15,310,22,,,,Plein jour,Hors agglomération,Hors intersection,Normale,Deux véhicules - côté,,,,,,,,,,,1,1,1,1.0,3.0
201100018256,0011-08-14 22:30:00,11,8,14,22,30,310,462,,,,Nuit sans éclairage public,Hors agglomération,Hors intersection,Normale,Trois véhicules et plus - collisions multiples,,,,,,,,,,,3,1,1,1.0,5.0
201100018257,0011-08-29 21:15:00,11,8,29,21,15,310,212,,,,Nuit sans éclairage public,Hors agglomération,Hors intersection,Normale,Autre collision,,,,,,,,,,,3,1,1,1.0,6.0
201100018258,0011-01-16 08:15:00,11,1,16,8,15,770,165,,,,Crépuscule ou aube,Hors agglomération,Hors intersection,Normale,Sans collision,,,,,,,,,,,2,1,1,1.0,7.0
201100018259,0011-04-04 05:45:00,11,4,4,5,45,770,279,,,,Nuit sans éclairage public,Hors agglomération,Hors intersection,Normale,Deux véhicules - arrière,,,,,,,,,,,3,1,1,1.0,2.0
201100018260,0011-05-18 09:30:00,11,5,18,9,30,770,165,,,,Plein jour,Hors agglomération,Hors intersection,Normale,Deux véhicules - frontale,,,,,,,,,,,1,1,1,1.0,1.0
201100018261,0011-06-04 18:00:00,11,6,4,18,0,770,103,,,,Plein jour,Hors agglomération,Hors intersection,Normale,Autre collision,,,,,,,,,,,1,1,1,1.0,6.0
201100018262,0011-07-16 22:15:00,11,7,16,22,15,770,195,,,,Nuit sans éclairage public,Hors agglomération,Hors intersection,Pluie forte,Deux véhicules - arrière,,,,,,,,,,,3,1,1,3.0,2.0
201100018263,0011-09-23 12:45:00,11,9,23,12,45,770,279,,,,Plein jour,Hors agglomération,Hors intersection,Normale,Autre collision,,,,,,,,,,,1,1,1,1.0,6.0
201100018264,0011-01-01 17:00:00,11,1,1,17,0,110,262,TOULOUSE (AVENUE DE),,,Plein jour,En agglomération,Hors intersection,Normale,Sans collision,,,,,,,,,,,1,2,1,1.0,7.0
201100018265,0011-01-03 14:00:00,11,1,3,14,0,110,262,FRANCE (AVENUE ANATOLE),,,Plein jour,En agglomération,Hors intersection,Normale,Deux véhicules - côté,,,,,,,,,,,1,2,1,1.0,3.0
201100018266,0011-01-05 16:50:00,11,1,5,16,50,110,262,POMPIDOR (AVENUE),,,Plein jour,En agglomération,Intersection en T,Normale,Deux véhicules - côté,,,,,,,,,,,1,2,3,1.0,3.0
201100018267,0011-01-05 09:05:00,11,1,5,9,5,110,262,VIEU (RUE PAUL),,,Plein jour,En agglomération,Hors intersection,Normale,Autre collision,,,,,,,,,,,1,2,1,1.0,6.0
201100018268,0011-01-09 17:05:00,11,1,9,17,5,110,262,LECLERC (AVENUE DU GENER,,,Plein jour,En agglomération,Hors intersection,Normale,Autre collision,,,,,,,,,,,1,2,1,1.0,6.0
201100018269,0011-01-18 14:30:00,11,1,18,14,30,110,262,AVENIR (PONT DE L'),,,Plein jour,En agglomération,Giratoire,Normale,Deux véhicules - arrière,,,,,,,,,,,1,2,6,1.0,2.0
201100018270,0011-01-21 17:00:00,11,1,21,17,0,110,262,RACINE (RUE),,,Plein jour,En agglomération,Hors intersection,Normale,Autre collision,,,,,,,,,,,1,2,1,1.0,6.0
201100018271,0011-01-25 21:50:00,11,1,25,21,50,110,262,BARBES (RUE),,,Nuit avec éclairage allumé,En agglomération,Intersection en X,Normale,Deux véhicules - côté,,,,,,,,,,,5,2,2,1.0,3.0
201100018272,0011-01-27 12:20:00,11,1,27,12,20,110,262,MONTESQUIEU (AVENUE),,,Plein jour,En agglomération,Hors intersection,Normale,Sans collision,,,,,,,,,,,1,2,1,1.0,7.0
201100018273,0011-01-08 05:30:00,11,1,8,5,30,110,262,RATACAS (ZI),,,Nuit sans éclairage public,En agglomération,Hors intersection,Normale,Sans collision,,,,,,,,,,,3,2,1,1.0,7.0
201100018274,0011-02-03 18:45:00,11,2,3,18,45,110,262,HUBERT MOULY (AVENUE),,,Nuit sans éclairage public,En agglomération,Giratoire,Normale,Deux véhicules - côté,,,,,,,,,,,3,2,6,1.0,3.0
201100018275,0011-02-04 04:15:00,11,2,4,4,15,110,262,RD 6009 NARBONNE - BEZIE,,,Nuit sans éclairage public,En agglomération,Hors intersection,Normale,Sans collision,,,,,,,,,,,3,2,1,1.0,7.0
201100018276,0011-02-05 19:30:00,11,2,5,19,30,110,262,ROUSSILLON (BOULEVARD DU,,,Nuit avec éclairage allumé,Hors agglomération,Intersection en X,Normale,Deux véhicules - côté,,,,,,,,,,,5,1,2,1.0,3.0
201100018277,0011-02-09 17:50:00,11,2,9,17,50,110,262,RD 6009 NARBONNE - BEZIE,,,Crépuscule ou aube,En agglomération,Hors intersection,Normale,Deux véhicules - côté,,,,,,,,,,,2,2,1,1.0,3.0
201100018278,0011-01-10 16:00:00,11,1,10,16,0,110,262,"0, ESPAGNE (AVENUE D')",,,Plein jour,En agglomération,Hors intersection,Normale,Trois véhicules et plus - en chaîne,,,,,,,,,,,1,2,1,1.0,4.0
201100018279,0011-01-13 19:05:00,11,1,13,19,5,110,262,HUBERT MOULY (AVENUE),,,Nuit avec éclairage allumé,En agglomération,Hors intersection,Normale,Deux véhicules - arrière,,,,,,,,,,,5,2,1,1.0,2.0
201100018280,0011-01-16 17:20:00,11,1,16,17,20,110,262,LACROIX (BOULEVARD DU DO,,,Crépuscule ou aube,En agglomération,Hors intersection,Normale,Sans collision,,,,,,,,,,,2,2,1,1.0,7.0
201100018281,0011-02-25 09:20:00,11,2,25,9,20,110,262,"7, MILLE HUIT CENT QUAR.",,,Plein jour,En agglomération,Hors intersection,Normale,Deux véhicules - arrière,,,,,,,,,,,1,2,1,1.0,2.0
201100018282,0011-03-02 20:45:00,11,3,2,20,45,110,262,"1, CARNOT (AVENUE)",,,Nuit avec éclairage allumé,Hors agglomération,Hors intersection,Normale,Autre collision,,,,,,,,,,,5,1,1,1.0,6.0
201100018283,0011-03-05 20:15:00,11,3,5,20,15,110,262,TASSIGNY (AV. MCHAL DE L,,,Nuit avec éclairage allumé,En agglomération,Hors intersection,Normale,Autre collision,,,,,,,,,,,5,2,1,1.0,6.0
201100018284,0011-03-13 07:45:00,11,3,13,7,45,110,262,"7, PYRENEES (PLACE ET AV",,,Crépuscule ou aube,En agglomération,Hors intersection,Normale,Deux véhicules - arrière,,,,,,,,,,,2,2,1,1.0,2.0
201100018285,0011-11-27 18:30:00,11,11,27,18,30,110,262,LACROIX (BOULEVARD DU DO,,,Crépuscule ou aube,En agglomération,Hors intersection,Normale,Autre collision,,,,,,,,,,,2,2,1,1.0,6.0
201100018286,0011-03-16 16:05:00,11,3,16,16,5,110,262,1830 (BOULEVARD),,,Plein jour,En agglomération,Intersection en X,Normale,Deux véhicules - côté,,,,,,,,,,,1,2,2,1.0,3.0
201100018287,0011-03-21 03:20:00,11,3,21,3,20,110,262,", CROIX SUD (AVENUE DE)",,,Nuit avec éclairage allumé,Hors agglomération,Giratoire,Normale,Autre collision,,,,,,,,,,,5,1,6,1.0,6.0
201100018288,0011-03-25 13:55:00,11,3,25,13,55,110,262,MISTRAL (BOULEVARD FREDE,,,Plein jour,En agglomération,Hors intersection,Normale,Autre collision,,,,,,,,,,,1,2,1,1.0,6.0
201100018289,0011-03-26 02:30:00,11,3,26,2,30,110,262,BORDEAUX (AVENUE DE),,,Nuit avec éclairage allumé,En agglomération,Giratoire,Normale,Sans collision,,,,,,,,,,,5,2,6,1.0,7.0
201100018290,0011-04-09 10:45:00,11,4,9,10,45,110,262,FOCH (AVENUE MARECHAL),,,Plein jour,En agglomération,Intersection en X,Normale,Deux véhicules - côté,,,,,,,,,,,1,2,2,1.0,3.0
201100018291,0011-04-20 17:00:00,11,4,20,17,0,110,262,"40, BLANQUE (RUE)",,,Plein jour,En agglomération,Hors intersection,Normale,Deux véhicules - côté,,,,,,,,,,,1,2,1,1.0,3.0
201100018292,0011-04-17 16:30:00,11,4,17,16,30,110,262,RD 6009 NARBONNE - PERPI,,,Plein jour,En agglomération,Hors intersection,Normale,Autre collision,,,,,,,,,,,1,2,1,1.0,6.0
201100018293,0011-04-21 18:45:00,11,4,21,18,45,110,262,", TOULOUSE (AVENUE DE)",,,Plein jour,En agglomération,Hors intersection,Normale,Trois véhicules et plus - en chaîne,,,,,,,,,,,1,2,1,1.0,4.0
201100018294,0011-04-30 10:20:00,11,4,30,10,20,110,262,KENNEDY (AVENUE DU PRESI,,,Plein jour,En agglomération,Hors intersection,Normale,Autre collision,,,,,,,,,,,1,2,1,1.0,6.0
201100018295,0011-05-03 15:15:00,11,5,3,15,15,110,262,LECLERC (AVENUE DU GENER,,,Plein jour,En agglomération,Hors intersection,Normale,Autre collision,,,,,,,,,,,1,2,1,1.0,6.0
201100018296,0011-04-29 23:30:00,11,4,29,23,30,110,262,MONTESQUIEU (AVENUE),,,Nuit avec éclairage allumé,En agglomération,Hors intersection,Normale,Autre collision,,,,,,,,,,,5,2,1,1.0,6.0
201100018297,0011-05-06 05:15:00,11,5,6,5,15,110,262,RD6009 NARBONNE / BEZIER,,,Nuit sans éclairage public,Hors agglomération,Hors intersection,Normale,Sans collision,,,,,,,,,,,3,1,1,1.0,7.0
201100018298,0011-01-29 17:10:00,11,1,29,17,10,110,262,ELYSIQUES (VOIES DES),,,Plein jour,En agglomération,Hors intersection,Normale,Sans collision,,,,,,,,,,,1,2,1,1.0,7.0
201100018299,0011-05-12 00:10:00,11,5,12,0,10,110,262,ALSACE (QUAI),,,Nuit avec éclairage allumé,En agglomération,Intersection en T,Normale,Autre collision,,,,,,,,,,,5,2,3,1.0,6.0
201100018300,0011-05-17 13:55:00,11,5,17,13,55,110,262,JONQUIERES (RUE ET CHEMI,,,Plein jour,En agglomération,Hors intersection,Normale,Sans collision,,,,,,,,,,,1,2,1,1.0,7.0
201100018301,0011-06-06 06:35:00,11,6,6,6,35,110,262,RN 009 NARBONNE / BEZIER,,,Plein jour,Hors agglomération,Hors intersection,Normale,Autre collision,,,,,,,,,,,1,1,1,1.0,6.0
201100018302,0011-06-18 18:45:00,11,6,18,18,45,110,262,COUBERTIN (AVENUE PIERRE,,,Plein jour,En agglomération,Hors intersection,Normale,Deux véhicules - arrière,,,,,,,,,,,1,2,1,1.0,2.0
201100018303,0011-06-21 18:10:00,11,6,21,18,10,110,262,LECLERC (AVENUE DU GENER,,,Plein jour,En agglomération,Intersection en T,Normale,Deux véhicules - côté,,,,,,,,,,,1,2,3,1.0,3.0
201100018304,0011-06-22 12:15:00,11,6,22,12,15,110,262,HUGO (QUAI ET PASSERELLE,,,Plein jour,En agglomération,Hors intersection,Normale,Deux véhicules - côté,,,,,,,,,,,1,2,1,1.0,3.0
201100018305,0011-07-02 16:55:00,11,7,2,16,55,110,262,,,,Plein jour,En agglomération,Hors intersection,Normale,Deux véhicules - côté,,,,,,,,,,,1,2,1,1.0,3.0
201100018306,0011-07-03 12:10:00,11,7,3,12,10,110,262,CARNOT (AVENUE),,,Plein jour,En agglomération,Giratoire,Normale,Deux véhicules - côté,,,,,,,,,,,1,2,6,1.0,3.0
201100018307,0011-07-04 20:15:00,11,7,4,20,15,110,262,CARNOT (AVENUE),,,Plein jour,En agglomération,Hors intersection,Normale,Deux véhicules - arrière,,,,,,,,,,,1,2,1,1.0,2.0
201100018308,0011-07-17 11:50:00,11,7,17,11,50,110,262,LORRAINE (QUAI DE),,,Plein jour,En agglomération,Hors intersection,Normale,Deux véhicules - frontale,,,,,,,,,,,1,2,1,1.0,1.0
201100018309,0011-07-13 21:05:00,11,7,13,21,5,110,262,DROITE (RUE),,,Plein jour,En agglomération,Hors intersection,Normale,Autre collision,,,,,,,,,,,1,2,1,1.0,6.0
201100018310,0011-07-23 02:20:00,11,7,23,2,20,110,262,REVEILLON (Avenue de),,,Nuit avec éclairage allumé,En agglomération,Hors intersection,Normale,Autre collision,,,,,,,,,,,5,2,1,1.0,6.0
201100018311,0011-02-21 12:40:00,11,2,21,12,40,110,262,"1, GRUISSAN (ROUTE DE)",,,Plein jour,En agglomération,Hors intersection,Normale,Deux véhicules - côté,,,,,,,,,,,1,2,1,1.0,3.0
201100018312,0011-08-18 10:20:00,11,8,18,10,20,110,262,,,,Plein jour,Hors agglomération,Hors intersection,Normale,Trois véhicules et plus - en chaîne,,,,,,,,,,,1,1,1,1.0,4.0
201100018313,0011-08-05 17:30:00,11,8,5,17,30,110,262,CORBIERES (RUE DES),,,Plein jour,En agglomération,Hors intersection,Normale,Deux véhicules - frontale,,,,,,,,,,,1,2,1,1.0,1.0
201100018314,0011-02-25 09:00:00,11,2,25,9,0,110,262,MILLE HUIT CENT QUAR. HU,,,Plein jour,En agglomération,Hors intersection,Normale,Autre collision,,,,,,,,,,,1,2,1,1.0,6.0
201100018315,0011-09-06 16:15:00,11,9,6,16,15,110,262,AUGE (BOULEVARD DU DR LE,,,Plein jour,En agglomération,Hors intersection,Normale,Autre collision,,,,,,,,,,,1,2,1,1.0,6.0
201100018316,0011-09-07 14:10:00,11,9,7,14,10,110,262,LORRAINE (QUAI DE),,,Plein jour,En agglomération,Hors intersection,Normale,Autre collision,,,,,,,,,,,1,2,1,1.0,6.0
201100018317,0011-09-09 11:50:00,11,9,9,11,50,110,262,LECLERC (AVENUE DU GENER,,,Plein jour,En agglomération,Intersection en T,Normale,Autre collision,,,,,,,,,,,1,2,3,1.0,6.0
201100018318,0011-09-09 07:45:00,11,9,9,7,45,110,262,ARMISSAN ROUTE D'),,,Plein jour,En agglomération,Intersection en T,Normale,Deux véhicules - côté,,,,,,,,,,,1,2,3,1.0,3.0
201100018319,0011-02-25 19:00:00,11,2,25,19,0,110,262,"1, ARMEE (RUE DE LA GRAN",,,Crépuscule ou aube,En agglomération,Intersection en T,Normale,Deux véhicules - côté,,,,,,,,,,,2,2,3,1.0,3.0
201100018320,0011-02-25 19:40:00,11,2,25,19,40,110,262,MALARD (BOULEVARD DE),,,Crépuscule ou aube,En agglomération,Hors intersection,Normale,Deux véhicules - arrière,,,,,,,,,,,2,2,1,1.0,2.0
201100018321,0011-09-05 15:20:00,11,9,5,15,20,110,262,CUXAC (ROUTE DE),,,Plein jour,En agglomération,Hors intersection,Normale,Sans collision,,,,,,,,,,,1,2,1,1.0,7.0
201100018322,0011-02-28 03:05:00,11,2,28,3,5,110,262,ARMISSAN ROUTE D'),,,Nuit sans éclairage public,Hors agglomération,Hors intersection,Normale,Autre collision,,,,,,,,,,,3,1,1,1.0,6.0
201100018323,0011-09-21 03:20:00,11,9,21,3,20,110,262,MARAUSSAN (BOULEVARD DE),,,Nuit avec éclairage allumé,En agglomération,Hors intersection,Normale,Autre collision,,,,,,,,,,,5,2,1,1.0,6.0
201100018324,0011-09-21 08:35:00,11,9,21,8,35,110,262,LUNES (ROUTE DE),,,Plein jour,En agglomération,Giratoire,Normale,Deux véhicules - arrière,,,,,,,,,,,1,2,6,1.0,2.0
201100018325,0011-09-27 19:15:00,11,9,27,19,15,110,262,"17, FRANCE (AVENUE ANATO",,,Crépuscule ou aube,En agglomération,Intersection en X,Normale,Deux véhicules - arrière,,,,,,,,,,,2,2,2,1.0,2.0