accident_id,datetime,annee,mois,jour,heure,minute,departement,commune_insee,adresse,latitude,longitude,luminosite,agglomeration,intersection,meteo,collision,nb_vehicules,nb_usagers,nb_indemnes,nb_tues,nb_blesses_hosp,nb_blesses_legers,age_cond_1,age_cond_2,veh_type_cond_1,veh_type_cond_2,lum_code,agg_code,int_code,atm_code,col_code
201100018590,0011-12-20 18:20:00,11,12,20,18,20,130,1,"10, LACEPEDE (RUE)",43.52776,5.45256,Nuit avec éclairage allumé,En agglomération,Hors intersection,Normale,Autre collision,,,,,,,,,,,5,2,1,1.0,6.0
201100018591,0011-01-05 14:30:00,11,1,5,14,30,130,1,"-----, MOURET HENRI (AV)",,,Plein jour,En agglomération,Intersection en X,Temps couvert,Deux véhicules - côté,,,,,,,,,,,1,2,2,8.0,3.0
201100018592,0011-01-11 07:30:00,11,1,11,7,30,130,1,"/, BOUENHOURE HAUT (CH D",,,Nuit sans éclairage public,Hors agglomération,Hors intersection,Normale,Autre collision,,,,,,,,,,,3,1,1,1.0,6.0
201100018593,0011-01-12 20:10:00,11,1,12,20,10,130,1,"4, MIRABEAU (COURS)",43.52633,5.44637,Nuit avec éclairage allumé,En agglomération,Hors intersection,Normale,Autre collision,,,,,,,,,,,5,2,1,1.0,6.0
201100018594,0011-01-15 15:40:00,11,1,15,15,40,130,1,FONTENAILLE JEAN ET  MAR,,,Plein jour,En agglomération,Hors intersection,Normale,Autre collision,,,,,,,,,,,1,2,1,1.0,6.0
201100018595,0011-01-15 22:20:00,11,1,15,22,20,130,1,"/, ROI RENE (BD DU)",,,Nuit avec éclairage allumé,En agglomération,Hors intersection,Normale,Deux véhicules - côté,,,,,,,,,,,5,2,1,1.0,3.0
201100018596,0011-01-16 14:30:00,11,1,16,14,30,130,1,"/, BONAPARTE NAPOLEON(AV",,,Plein jour,En agglomération,Hors intersection,Normale,Deux véhicules - côté,,,,,,,,,,,1,2,1,1.0,3.0
201100018597,0011-01-20 08:15:00,11,1,20,8,15,130,1,CLOS GABRIEL (BD DU),43.52842,5.41203,Plein jour,En agglomération,Autre intersection,Normale,Autre collision,,,,,,,,,,,1,2,9,1.0,6.0
201100018598,0011-01-26 15:45:00,11,1,26,15,45,130,1,MIGNET (RUE),,,Plein jour,En agglomération,Hors intersection,Temps éblouissant,Autre collision,,,,,,,,,,,1,2,1,7.0,6.0
201100018599,0011-01-27 14:40:00,11,1,27,14,40,130,1,GIONO JEAN (AV),,,Plein jour,En agglomération,Intersection en X,Normale,Deux véhicules - côté,,,,,,,,,,,1,2,2,1.0,3.0
201100018600,0011-02-02 14:35:00,11,2,2,14,35,130,1,"/, BONAPARTE NAPOLEON(AV",,,Plein jour,En agglomération,Giratoire,Normale,Deux véhicules - côté,,,,,,,,,,,1,2,6,1.0,3.0
201100018601,0011-02-05 19:50:00,11,2,5,19,50,130,1,"/, SISTERON (RTE DE )",,,Nuit avec éclairage allumé,En agglomération,Hors intersection,Normale,Autre collision,,,,,,,,,,,5,2,1,1.0,6.0
201100018602,0011-01-30 22:20:00,11,1,30,22,20,130,1,"/, PIGONNET (AV DU)",,,Nuit sans éclairage public,En agglomération,Intersection en T,Normale,Deux véhicules - côté,,,,,,,,,,,3,2,3,1.0,3.0
201100018603,0011-01-24 17:15:00,11,1,24,17,15,130,1,PIOLINE (CH DE LA),,,Plein jour,Hors agglomération,Intersection en T,Normale,Deux véhicules - côté,,,,,,,,,,,1,1,3,1.0,3.0
201100018604,0011-02-16 13:25:00,11,2,16,13,25,130,1,SCHUMAN ROBERT (AV),,,Plein jour,En agglomération,Hors intersection,Temps couvert,Sans collision,,,,,,,,,,,1,2,1,8.0,7.0
201100018605,0011-07-23 19:40:00,11,7,23,19,40,130,1,"/, ST JEROME (AV)",,,Crépuscule ou aube,En agglomération,Hors intersection,Normale,Autre collision,,,,,,,,,,,2,2,1,1.0,6.0
201100018606,0011-02-20 20:40:00,11,2,20,20,40,130,1,"/, RD9",,,Nuit sans éclairage public,Hors agglomération,Hors intersection,Normale,Autre collision,,,,,,,,,,,3,1,1,1.0,6.0
201100018607,0011-02-23 11:30:00,11,2,23,11,30,130,1,GALICE (RTE),,,Plein jour,En agglomération,Giratoire,Normale,Deux véhicules - côté,,,,,,,,,,,1,2,6,1.0,3.0
201100018608,0011-02-22 21:00:00,11,2,22,21,0,130,1,"/, GUIGOU ALBERT (CH)",43.49663,5.37756,Nuit sans éclairage public,Hors agglomération,Intersection en T,Normale,Deux véhicules - frontale,,,,,,,,,,,3,1,3,1.0,1.0
201100018609,0011-02-17 17:45:00,11,2,17,17,45,130,1,"0, BENOIT FERNAND (AV)",,,Crépuscule ou aube,En agglomération,Hors intersection,Temps couvert,Trois véhicules et plus - en chaîne,,,,,,,,,,,2,2,1,8.0,4.0
201100018610,0011-02-25 07:30:00,11,2,25,7,30,130,1,"2405, GARDANNE (ROUTE DE",43.48331,5.41484,Plein jour,Hors agglomération,Hors intersection,Normale,Deux véhicules - frontale,,,,,,,,,,,1,1,1,1.0,1.0
201100018611,0011-03-03 20:15:00,11,3,3,20,15,130,1,"/, AMOURIQ LOUIS (AVENUE",,,Nuit avec éclairage allumé,En agglomération,Hors intersection,Pluie légère,Deux véhicules - frontale,,,,,,,,,,,5,2,1,2.0,1.0
201100018612,0011-10-31 13:10:00,11,10,31,13,10,130,1,BERGER GASTON (AV),,,Plein jour,En agglomération,Hors intersection,Normale,Autre collision,,,,,,,,,,,1,2,1,1.0,6.0
201100018613,0011-03-08 12:30:00,11,3,8,12,30,130,1,"/, JAURES JEAN (BD)",,,Plein jour,En agglomération,Autre intersection,Normale,Deux véhicules - côté,,,,,,,,,,,1,2,9,1.0,3.0
201100018614,0011-03-11 07:45:00,11,3,11,7,45,130,1,"/, BRIAND ARISTIDE (BD)",,,Plein jour,En agglomération,Intersection en T,Normale,Autre collision,,,,,,,,,,,1,2,3,1.0,6.0
201100018615,0011-03-16 08:04:00,11,3,16,8,4,130,1,"/, SOLARI PHILIPPE (AV)",,,Plein jour,En agglomération,Intersection en T,Normale,Autre collision,,,,,,,,,,,1,2,3,1.0,6.0
201100018616,0011-03-19 15:20:00,11,3,19,15,20,130,1,LEDOUX CLAUDE NICOLAS (R,43.47925,5.39383,Plein jour,Hors agglomération,Intersection en X,Normale,Deux véhicules - arrière,,,,,,,,,,,1,1,2,1.0,2.0
201100018617,0011-03-24 16:35:00,11,3,24,16,35,130,1,"750, R.N 7",,,Plein jour,Hors agglomération,Hors intersection,Normale,Deux véhicules - côté,,,,,,,,,,,1,1,1,1.0,3.0
201100018618,0011-03-24 20:30:00,11,3,24,20,30,130,1,REPUBLIQUE (BD DE LA),,,Nuit avec éclairage allumé,En agglomération,Intersection en T,Normale,Trois véhicules et plus - en chaîne,,,,,,,,,,,5,2,3,1.0,4.0
201100018619,0011-03-08 17:15:00,11,3,8,17,15,130,1,"/, VAIR GUILLAUME DU (RU",,,Plein jour,En agglomération,Hors intersection,Normale,Deux véhicules - côté,,,,,,,,,,,1,2,1,1.0,3.0
201100018620,0011-04-02 05:20:00,11,4,2,5,20,130,1,"25, SAUVAIRE (CH DE)",43.56855,5.39895,Nuit sans éclairage public,Hors agglomération,Hors intersection,Normale,Autre collision,,,,,,,,,,,3,1,1,1.0,6.0
201100018621,0011-04-02 13:30:00,11,4,2,13,30,130,1,RD9,,,Plein jour,Hors agglomération,Hors intersection,Normale,Sans collision,,,,,,,,,,,1,1,1,1.0,7.0
201100018622,0011-03-17 13:15:00,11,3,17,13,15,130,1,"45, LANGEVIN PAUL (RUE)",43.47928,5.37169,Plein jour,En agglomération,Hors intersection,Normale,Deux véhicules - côté,,,,,,,,,,,1,2,1,1.0,3.0
201100018623,0011-04-06 18:40:00,11,4,6,18,40,130,1,"540, PUYRICARD (RTE)",,,Plein jour,Hors agglomération,Giratoire,Normale,Deux véhicules - frontale,,,,,,,,,,,1,1,6,1.0,1.0
201100018624,0011-04-09 00:50:00,11,4,9,0,50,130,1,ST JOHN PERSE (AV),43.52573,5.41739,Nuit avec éclairage allumé,En agglomération,Intersection en T,Normale,Autre collision,,,,,,,,,,,5,2,3,1.0,6.0
201100018625,0011-04-09 21:10:00,11,4,9,21,10,130,1,CARTOUX LEOPOLD (AV),43.48844,5.4354,Nuit avec éclairage allumé,En agglomération,Intersection à plus de 4 branches,Normale,Deux véhicules - côté,,,,,,,,,,,5,2,5,1.0,3.0
201100018626,0011-04-18 09:00:00,11,4,18,9,0,130,1,"/, ST JOHN PERSE (AV)",43.52577,5.41731,Plein jour,En agglomération,Intersection en X,Normale,Autre collision,,,,,,,,,,,1,2,2,1.0,6.0
201100018627,0011-04-24 20:40:00,11,4,24,20,40,130,1,"0, BELGES (AV DES)",43.52484,5.44385,Nuit avec éclairage allumé,En agglomération,Hors intersection,Normale,Deux véhicules - côté,,,,,,,,,,,5,2,1,1.0,3.0
201100018628,0011-04-27 17:00:00,11,4,27,17,0,130,1,"990, ROGNES (RTE DE)",,,Plein jour,Hors agglomération,Hors intersection,Normale,Deux véhicules - frontale,,,,,,,,,,,1,1,1,1.0,1.0
201100018629,0011-05-03 17:45:00,11,5,3,17,45,130,1,"/, PAGNOL MARCEL (AV)",,,Plein jour,En agglomération,Hors intersection,Normale,Deux véhicules - côté,,,,,,,,,,,1,2,1,1.0,3.0
201100018630,0011-05-07 09:30:00,11,5,7,9,30,130,1,"62, DE LATTRE DE TASSIGN",43.53705,5.43463,Plein jour,En agglomération,Hors intersection,Normale,Trois véhicules et plus - en chaîne,,,,,,,,,,,1,2,1,1.0,4.0
201100018631,0011-04-11 09:45:00,11,4,11,9,45,130,1,"/, DUCHESNE CHARLES (RUE",,,Plein jour,Hors agglomération,Hors intersection,Normale,Autre collision,,,,,,,,,,,1,1,1,1.0,6.0
201100018632,0011-04-10 12:50:00,11,4,10,12,50,130,1,BERRE (ROUTE DE),,,Plein jour,En agglomération,Hors intersection,Normale,Deux véhicules - arrière,,,,,,,,,,,1,2,1,1.0,2.0
201100018633,0011-05-06 13:20:00,11,5,6,13,20,130,1,"-----, PARAYRE LIEUTENAN",,,Plein jour,Hors agglomération,Hors intersection,Normale,Autre collision,,,,,,,,,,,1,1,1,1.0,6.0
201100018634,0011-05-06 11:30:00,11,5,6,11,30,130,1,SCHWEITZER DOCTEUR(BD DU,,,Plein jour,En agglomération,Hors intersection,Normale,Deux véhicules - arrière,,,,,,,,,,,1,2,1,1.0,2.0
201100018635,0011-05-21 10:40:00,11,5,21,10,40,130,1,"/, RD 7",,,Plein jour,En agglomération,Intersection en Y,Normale,Deux véhicules - arrière,,,,,,,,,,,1,2,4,1.0,2.0
201100018636,0011-05-26 21:40:00,11,5,26,21,40,130,1,TAMARIS (AV DU),,,Nuit avec éclairage allumé,En agglomération,Hors intersection,Normale,Autre collision,,,,,,,,,,,5,2,1,1.0,6.0
201100018637,0011-05-21 17:30:00,11,5,21,17,30,130,1,"28, MARSEILLE (ROUTE DE",,,Plein jour,En agglomération,Intersection en T,Normale,Autre collision,,,,,,,,,,,1,2,3,1.0,6.0
201100018638,0011-05-28 23:00:00,11,5,28,23,0,130,1,"/, RN 96",,,Nuit sans éclairage public,Hors agglomération,Hors intersection,Normale,Autre collision,,,,,,,,,,,3,1,1,1.0,6.0
201100018639,0011-06-02 16:35:00,11,6,2,16,35,130,1,"00, PREMIERE DIV FRANCAI",,,Plein jour,Hors agglomération,Hors intersection,Pluie légère,Deux véhicules - côté,,,,,,,,,,,1,1,1,2.0,3.0
201100018640,0011-06-15 17:37:00,11,6,15,17,37,130,1,"/, GARDANNE (ROUTE DE )",,,Plein jour,Hors agglomération,Hors intersection,Normale,Trois véhicules et plus - collisions multiples,,,,,,,,,,,1,1,1,1.0,5.0
201100018641,0011-06-18 16:00:00,11,6,18,16,0,130,1,"/, ROSE (CH DE LA)",,,Plein jour,En agglomération,Hors intersection,Normale,Autre collision,,,,,,,,,,,1,2,1,1.0,6.0
201100018642,0011-06-17 10:00:00,11,6,17,10,0,130,1,"0, GARDANNE (ROUTE DE )",,,Plein jour,Hors agglomération,Hors intersection,Normale,Deux véhicules - côté,,,,,,,,,,,1,1,1,1.0,3.0
201100018643,0011-06-25 23:15:00,11,6,25,23,15,130,1,"/, CASSIN RENE (AV)",,,Nuit avec éclairage allumé,En agglomération,Hors intersection,Normale,Sans collision,,,,,,,,,,,5,2,1,1.0,7.0
201100018644,0011-06-25 22:35:00,11,6,25,22,35,130,1,"/, GALICE (RTE DE)",,,Nuit avec éclairage non allumé,En agglomération,Intersection en T,Normale,Deux véhicules - côté,,,,,,,,,,,4,2,3,1.0,3.0
201100018645,0011-06-28 19:30:00,11,6,28,19,30,130,1,LECORBUSIER  (RUE),,,Plein jour,En agglomération,Hors intersection,Temps éblouissant,Autre collision,,,,,,,,,,,1,2,1,7.0,6.0
201100018646,0011-06-20 16:45:00,11,6,20,16,45,130,1,"/, HUIT MAI (AV DU)",,,Plein jour,En agglomération,Hors intersection,Normale,Autre collision,,,,,,,,,,,1,2,1,1.0,6.0
201100018647,0011-07-02 14:40:00,11,7,2,14,40,130,1,"3265, BERRE (ROUTE DE)",43.53959,5.37828,Plein jour,Hors agglomération,Intersection en T,Normale,Deux véhicules - côté,,,,,,,,,,,1,1,3,1.0,3.0
201100018648,0011-07-01 17:45:00,11,7,1,17,45,130,1,"/, CHATEAU DOUBLE (BD)",,,Plein jour,En agglomération,Hors intersection,Normale,Autre collision,,,,,,,,,,,1,2,1,1.0,6.0
201100018649,0011-07-06 12:45:00,11,7,6,12,45,130,1,"6 TER, BELGES (AV DES)",,,Plein jour,En agglomération,Hors intersection,Normale,Deux véhicules - côté,,,,,,,,,,,1,2,1,1.0,3.0
201100018650,0011-07-06 16:50:00,11,7,6,16,50,130,1,"/, RD 10",,,Plein jour,Hors agglomération,Hors intersection,Normale,Deux véhicules - arrière,,,,,,,,,,,1,1,1,1.0,2.0
201100018651,0011-07-06 20:30:00,11,7,6,20,30,130,1,"1885, PUY SAINTE REPARAD",43.57338,5.43246,Plein jour,Hors agglomération,Hors intersection,Normale,Deux véhicules - côté,,,,,,,,,,,1,1,1,1.0,3.0
201100018652,0011-07-01 15:05:00,11,7,1,15,5,130,1,POUDRIERE (RUE DE LA),43.52093,5.44526,Plein jour,En agglomération,Hors intersection,Normale,Deux véhicules - côté,,,,,,,,,,,1,2,1,1.0,3.0
201100018653,0011-07-10 16:55:00,11,7,10,16,55,130,1,"125, PUYRICARD (RTE)",43.55319,5.43501,Plein jour,Hors agglomération,Hors intersection,Normale,Deux véhicules - côté,,,,,,,,,,,1,1,1,1.0,3.0
201100018654,0011-07-14 04:00:00,11,7,14,4,0,130,1,"/, BELLEC MAURICE (RTE D",,,Nuit sans éclairage public,Hors agglomération,Hors intersection,Normale,Sans collision,,,,,,,,,,,3,1,1,1.0,7.0
201100018655,0011-07-19 12:20:00,11,7,19,12,20,130,1,"1170, R.N 7",,,Plein jour,En agglomération,Hors intersection,Normale,Deux véhicules - côté,,,,,,,,,,,1,2,1,1.0,3.0
201100018656,0011-07-21 23:15:00,11,7,21,23,15,130,1,"/, PUY SAINTE REPARADE (",,,Nuit sans éclairage public,En agglomération,Hors intersection,Normale,Deux véhicules - frontale,,,,,,,,,,,3,2,1,1.0,1.0
201100018657,0011-07-25 08:20:00,11,7,25,8,20,130,1,"/, BELLEC MAURICE (RTE D",43.57688,5.41037,Plein jour,Hors agglomération,Intersection en T,Normale,Deux véhicules - côté,,,,,,,,,,,1,1,3,1.0,3.0
201100018658,0011-07-29 10:20:00,11,7,29,10,20,130,1,"/, GALICE (RTE DE)",,,Plein jour,En agglomération,Intersection en Y,Normale,Sans collision,,,,,,,,,,,1,2,4,1.0,7.0
201100018659,0011-07-30 00:15:00,11,7,30,0,15,130,1,RD 10,,,Nuit avec éclairage non allumé,En agglomération,Intersection en T,Normale,Deux véhicules - côté,,,,,,,,,,,4,2,3,1.0,3.0
201100018660,0011-08-04 22:00:00,11,8,4,22,0,130,1,"/, MOLLE (RUE DE LA)",,,Nuit avec éclairage allumé,En agglomération,Hors intersection,Normale,Deux véhicules - côté,,,,,,,,,,,5,2,1,1.0,3.0
201100018661,0011-08-05 20:00:00,11,8,5,20,0,130,1,"/, ENFANT (RTE DE L')",43.48855,5.38733,Plein jour,Hors agglomération,Intersection en X,Normale,Deux véhicules - côté,,,,,,,,,,,1,1,2,1.0,3.0
201100018662,0011-08-10 17:00:00,11,8,10,17,0,130,1,"/, ST JOHN PERSE (AV)",,,Plein jour,En agglomération,Giratoire,Normale,Autre collision,,,,,,,,,,,1,2,6,1.0,6.0
201100018663,0011-08-15 00:10:00,11,8,15,0,10,130,1,"/, PICASSO PABLO (AV)",,,Nuit avec éclairage non allumé,En agglomération,Hors intersection,Normale,Autre collision,,,,,,,,,,,4,2,1,1.0,6.0
201100018664,0011-08-21 11:15:00,11,8,21,11,15,130,1,RD 7,,,Plein jour,Hors agglomération,Hors intersection,Normale,Deux véhicules - arrière,,,,,,,,,,,1,1,1,1.0,2.0
201100018665,0011-08-27 22:05:00,11,8,27,22,5,130,1,"0, LECORBUSIER  (RUE)",,,Nuit avec éclairage non allumé,En agglomération,Intersection en T,Normale,Deux véhicules - côté,,,,,,,,,,,4,2,3,1.0,3.0
201100018666,0011-08-03 18:05:00,11,8,3,18,5,130,1,"1, MALACRIDA HENRI (AV)",,,Plein jour,En agglomération,Hors intersection,Normale,Deux véhicules - côté,,,,,,,,,,,1,2,1,1.0,3.0
201100018667,0011-07-18 12:02:00,11,7,18,12,2,130,1,"1650, COM. ST JEAN DE MA",,,Plein jour,En agglomération,Hors intersection,Normale,Autre collision,,,,,,,,,,,1,2,1,1.0,6.0
201100018668,0011-08-30 17:10:00,11,8,30,17,10,130,1,BROSSOLETTE PIERRE (AV),,,Plein jour,En agglomération,Hors intersection,Normale,Autre collision,,,,,,,,,,,1,2,1,1.0,6.0
201100018669,0011-09-08 09:00:00,11,9,8,9,0,130,1,"01, ST JEROME (AV)",,,Plein jour,En agglomération,Hors intersection,Normale,Autre collision,,,,,,,,,,,1,2,1,1.0,6.0
201100018670,0011-09-01 19:20:00,11,9,1,19,20,130,1,LAGRANGE LEO (AV),,,Plein jour,En agglomération,Hors intersection,Normale,Deux véhicules - frontale,,,,,,,,,,,1,2,1,1.0,1.0
201100018671,0011-09-13 07:50:00,11,9,13,7,50,130,1,"/, ARC DE MEYRAN (AV)",,,Plein jour,En agglomération,Giratoire,Normale,Deux véhicules - côté,,,,,,,,,,,1,2,6,1.0,3.0
201100018672,0011-09-12 15:15:00,11,9,12,15,15,130,1,"/, GALICE (RTE DE)",,,Plein jour,En agglomération,Intersection en Y,Normale,Deux véhicules - côté,,,,,,,,,,,1,2,4,1.0,3.0
201100018673,0011-09-19 16:30:00,11,9,19,16,30,130,1,"10, THUMINE GRANDE (BD D",43.52234,5.41367,Plein jour,En agglomération,Hors intersection,Normale,Autre collision,,,,,,,,,,,1,2,1,1.0,6.0
201100018674,0011-09-16 23:25:00,11,9,16,23,25,130,1,"1, PRECHEURS (PL DES)",,,Nuit avec éclairage allumé,En agglomération,Giratoire,Normale,Autre collision,,,,,,,,,,,5,2,6,1.0,6.0
201100018675,0011-09-23 13:45:00,11,9,23,13,45,130,1,"1, ST LAZARE (RUE)",,,Plein jour,En agglomération,Hors intersection,Normale,Autre collision,,,,,,,,,,,1,2,1,1.0,6.0
201100018676,0011-09-23 18:30:00,11,9,23,18,30,130,1,"1, COSTE JEAN PAUL (AV )",,,Plein jour,En agglomération,Hors intersection,Normale,Deux véhicules - côté,,,,,,,,,,,1,2,1,1.0,3.0
201100018677,0011-09-27 11:00:00,11,9,27,11,0,130,1,"/, MOLLE (RUE DE LA)",43.53084,5.4403,Plein jour,En agglomération,Intersection en X,Normale,Autre collision,,,,,,,,,,,1,2,2,1.0,6.0
201100018678,0011-10-02 04:15:00,11,10,2,4,15,130,1,PREMIERE DIV FRANCAISE L,,,Nuit avec éclairage allumé,En agglomération,Hors intersection,Normale,Deux véhicules - arrière,,,,,,,,,,,5,2,1,1.0,2.0
201100018679,0011-10-12 17:50:00,11,10,12,17,50,130,1,RD 7,,,Plein jour,Hors agglomération,Hors intersection,Normale,Trois véhicules et plus - en chaîne,,,,,,,,,,,1,1,1,1.0,4.0
201100018680,0011-09-26 12:45:00,11,9,26,12,45,130,1,"1, COSTE JEAN PAUL (AV )",43.51402,5.46138,Plein jour,En agglomération,Intersection en X,Normale,Deux véhicules - frontale,,,,,,,,,,,1,2,2,1.0,1.0
201100018681,0011-09-26 17:45:00,11,9,26,17,45,130,1,"1, RD9",,,Plein jour,En agglomération,Hors intersection,Normale,Deux véhicules - côté,,,,,,,,,,,1,2,1,1.0,3.0
201100018682,0011-10-21 18:30:00,11,10,21,18,30,130,1,"60, CARNOT (BD)",,,Nuit avec éclairage allumé,En agglomération,Hors intersection,Normale,Deux véhicules - côté,,,,,,,,,,,5,2,1,1.0,3.0
201100018683,0011-10-09 04:50:00,11,10,9,4,50,130,1,"08, GIONO JEAN (AV)",,,Nuit avec éclairage allumé,En agglomération,Hors intersection,Normale,Autre collision,,,,,,,,,,,5,2,1,1.0,6.0
201100018684,0011-10-09 11:00:00,11,10,9,11,0,130,1,PUY SAINTE REPARADE (CH),,,Plein jour,Hors agglomération,Passage à niveau,Normale,Deux véhicules - côté,,,,,,,,,,,1,1,8,1.0,3.0
201100018685,0011-10-06 12:22:00,11,10,6,12,22,130,1,SCHUMAN ROBERT (AV),,,Plein jour,En agglomération,Hors intersection,Pluie légère,Autre collision,,,,,,,,,,,1,2,1,2.0,6.0
201100018686,0011-10-09 05:55:00,11,10,9,5,55,130,1,"/, EGUILLES (CH D')",,,Nuit sans éclairage public,Hors agglomération,Hors intersection,Normale,Sans collision,,,,,,,,,,,3,1,1,1.0,7.0
201100018687,0011-10-04 08:15:00,11,10,4,8,15,130,1,"1, RD9",,,Plein jour,Hors agglomération,Hors intersection,Normale,Trois véhicules et plus - collisions multiples,,,,,,,,,,,1,1,1,1.0,5.0
201100018688,0011-10-14 20:00:00,11,10,14,20,0,130,1,"/, SOLARI PHILIPPE (AV)",,,Crépuscule ou aube,En agglomération,Hors intersection,Normale,Deux véhicules - côté,,,,,,,,,,,2,2,1,1.0,3.0
201100018689,0011-09-01 16:10:00,11,9,1,16,10,130,1,"27, FERRY JULES (AV)",,,Plein jour,En agglomération,Hors intersection,Normale,Trois véhicules et plus - collisions multiples,,,,,,,,,,,1,2,1,1.0,5.0
201100018690,0011-10-21 11:55:00,11,10,21,11,55,130,1,"sans, MALACRIDA HENRI (A",,,Plein jour,En agglomération,Hors intersection,Normale,Sans collision,,,,,,,,,,,1,2,1,1.0,7.0
201100018691,0011-10-27 17:00:00,11,10,27,17,0,130,1,"510, RD 7",,,Plein jour,En agglomération,Hors intersection,Normale,Deux véhicules - côté,,,,,,,,,,,1,2,1,1.0,3.0
201100018692,0011-10-31 20:30:00,11,10,31,20,30,130,1,"000, GARDANNE (ROUTE DE",,,Nuit avec éclairage allumé,En agglomération,Hors intersection,Temps couvert,Deux véhicules - frontale,,,,,,,,,,,5,2,1,8.0,1.0
201100018693,0011-10-08 10:45:00,11,10,8,10,45,130,1,"50, PALERNE (BD DE)",,,Plein jour,En agglomération,Hors intersection,Normale,Autre collision,,,,,,,,,,,1,2,1,1.0,6.0
201100018694,0011-11-01 14:45:00,11,11,1,14,45,130,1,"40, GALICE (RTE DE)",,,Plein jour,En agglomération,Intersection en X,Normale,Deux véhicules - côté,,,,,,,,,,,1,2,2,1.0,3.0
201100018695,0011-11-14 16:30:00,11,11,14,16,30,130,1,"/, ARTS ET METIERS (COUR",,,Plein jour,En agglomération,Hors intersection,Normale,Sans collision,,,,,,,,,,,1,2,1,1.0,7.0
201100018696,0011-11-14 18:30:00,11,11,14,18,30,130,1,BELLEC MAURICE (RTE DU C,43.57501,5.42011,Nuit avec éclairage allumé,En agglomération,Hors intersection,Normale,Sans collision,,,,,,,,,,,5,2,1,1.0,7.0
201100018697,0011-11-15 20:55:00,11,11,15,20,55,130,1,"/, LACEPEDE (RUE)",,,Nuit avec éclairage allumé,En agglomération,Intersection en X,Normale,Deux véhicules - côté,,,,,,,,,,,5,2,2,1.0,3.0
201100018698,0011-11-17 13:30:00,11,11,17,13,30,130,1,"6445, RD 543",,,Plein jour,Hors agglomération,Hors intersection,Normale,Deux véhicules - frontale,,,,,,,,,,,1,1,1,1.0,1.0
201100018699,0011-11-25 11:20:00,11,11,25,11,20,130,1,"000, MASSE (RUE DE LA)",,,Plein jour,En agglomération,Intersection en X,Normale,Autre collision,,,,,,,,,,,1,2,2,1.0,6.0
201100018700,0011-11-25 16:15:00,11,11,25,16,15,130,1,"0001, VAIR GUILLAUME DU",,,Plein jour,En agglomération,Hors intersection,Pluie légère,Deux véhicules - frontale,,,,,,,,,,,1,2,1,2.0,1.0
201100018701,0011-12-10 05:40:00,11,12,10,5,40,130,1,PREMIERE DIV FRANCAISE L,,,Nuit sans éclairage public,Hors agglomération,Hors intersection,Normale,Deux véhicules - côté,,,,,,,,,,,3,1,1,1.0,3.0
201100018702,0011-12-11 06:20:00,11,12,11,6,20,130,1,R.N 7,,,Nuit avec éclairage allumé,En agglomération,Hors intersection,Normale,Deux véhicules - arrière,,,,,,,,,,,5,2,1,1.0,2.0
201100018703,0011-12-28 11:10:00,11,12,28,11,10,130,1,"10, PAGNOL MARCEL (AV)",43.52126,5.4233,Plein jour,Hors agglomération,Hors intersection,Normale,Autre collision,,,,,,,,,,,1,1,1,1.0,6.0
201100018704,0011-12-14 07:30:00,11,12,14,7,30,130,1,RD 543,,,Nuit sans éclairage public,Hors agglomération,Hors intersection,Normale,Deux véhicules - frontale,,,,,,,,,,,3,1,1,1.0,1.0
201100018705,0011-12-02 07:00:00,11,12,2,7,0,130,1,"01, ANCIEN CHEMIN D'AVIG",43.56875,5.39899,Crépuscule ou aube,En agglomération,Hors intersection,Normale,Deux véhicules - côté,,,,,,,,,,,2,2,1,1.0,3.0
201100018706,0011-12-12 08:00:00,11,12,12,8,0,130,1,RD 543,,,Plein jour,En agglomération,Hors intersection,Normale,Deux véhicules - côté,,,,,,,,,,,1,2,1,1.0,3.0
201100018707,0011-11-17 17:15:00,11,11,17,17,15,130,1,"10, RD9",,,Nuit avec éclairage allumé,Hors agglomération,Hors intersection,Normale,Deux véhicules - côté,,,,,,,,,,,5,1,1,1.0,3.0
201100018708,0011-12-15 15:30:00,11,12,15,15,30,130,1,PONTIER HENRI (AV),,,Plein jour,En agglomération,Hors intersection,Normale,Deux véhicules - frontale,,,,,,,,,,,1,2,1,1.0,1.0
201100018709,0011-12-04 18:30:00,11,12,4,18,30,130,1,"10, FERRINI FORTUNE (AV)",43.51022,5.44201,Nuit sans éclairage public,En agglomération,Hors intersection,Normale,Sans collision,,,,,,,,,,,3,2,1,1.0,7.0
201100018710,0011-01-08 00:01:00,11,1,8,0,1,130,4,"0, R.D.83 ROUTE D'EYGUIE",,,Nuit sans éclairage public,Hors agglomération,Hors intersection,Normale,Autre collision,,,,,,,,,,,3,1,1,1.0,6.0
201100018711,0011-01-13 17:00:00,11,1,13,17,0,130,4,EMILE COMBES BOULEVARD,,,Plein jour,En agglomération,Hors intersection,Normale,Autre collision,,,,,,,,,,,1,2,1,1.0,6.0
201100018712,0011-01-13 21:30:00,11,1,13,21,30,130,4,RD 453,,,Nuit sans éclairage public,En agglomération,Hors intersection,Normale,Autre collision,,,,,,,,,,,3,2,1,1.0,6.0
201100018713,0011-01-15 20:00:00,11,1,15,20,0,130,4,"70, FORTUNE CHEMIN DE LA",,,Nuit avec éclairage allumé,En agglomération,Intersection en T,Normale,Autre collision,,,,,,,,,,,5,2,3,1.0,6.0
201100018714,0011-01-31 08:49:00,11,1,31,8,49,130,4,CRAU ROUTE DE,,,Plein jour,En agglomération,Hors intersection,Normale,Sans collision,,,,,,,,,,,1,2,1,1.0,7.0
201100018715,0011-02-03 12:35:00,11,2,3,12,35,130,4,"0, RD 453",,,Plein jour,Hors agglomération,Hors intersection,Normale,Autre collision,,,,,,,,,,,1,1,1,1.0,6.0