accident_id,datetime,annee,mois,jour,heure,minute,departement,commune_insee,adresse,latitude,longitude,luminosite,agglomeration,intersection,meteo,collision,nb_vehicules,nb_usagers,nb_indemnes,nb_tues,nb_blesses_hosp,nb_blesses_legers,age_cond_1,age_cond_2,veh_type_cond_1,veh_type_cond_2,lum_code,agg_code,int_code,atm_code,col_code
201100018842,0011-07-21 19:30:00,11,7,21,19,30,130,28,"22, GRAND MADIER (RUE DU",43.17456,5.60944,Crépuscule ou aube,En agglomération,Hors intersection,Normale,Autre collision,,,,,,,,,,,2,2,1,1.0,6.0
201100018843,0011-08-15 20:00:00,11,8,15,20,0,130,28,CD.559,,,Plein jour,Hors agglomération,Hors intersection,Normale,Trois véhicules et plus - collisions multiples,,,,,,,,,,,1,1,1,1.0,5.0
201100018844,0011-08-19 03:50:00,11,8,19,3,50,130,28,"552, SEVERIERS (CHEMIN D",43.2018,5.61581,Nuit avec éclairage allumé,En agglomération,Autre intersection,Normale,Autre collision,,,,,,,,,,,5,2,9,1.0,6.0
201100018845,0011-08-19 18:45:00,11,8,19,18,45,130,28,BODIN (AVENUE EMILE),,,Plein jour,Hors agglomération,Intersection en T,Normale,Deux véhicules - côté,,,,,,,,,,,1,1,3,1.0,3.0
201100018846,0011-08-26 14:20:00,11,8,26,14,20,130,28,LOUP (CHEMIN DE SAINT),,,Plein jour,Hors agglomération,Hors intersection,Temps couvert,Deux véhicules - frontale,,,,,,,,,,,1,1,1,8.0,1.0
201100018847,0011-09-01 17:20:00,11,9,1,17,20,130,28,"1, SUBILIA (AVENUE ERNES",,,Plein jour,En agglomération,Hors intersection,Normale,Deux véhicules - arrière,,,,,,,,,,,1,2,1,1.0,2.0
201100018848,0011-09-04 17:10:00,11,9,4,17,10,130,28,CD.559,,,Plein jour,Hors agglomération,Hors intersection,Normale,Deux véhicules - frontale,,,,,,,,,,,1,1,1,1.0,1.0
201100018849,0011-09-21 14:10:00,11,9,21,14,10,130,28,CD40B,,,Plein jour,Hors agglomération,Hors intersection,Normale,Autre collision,,,,,,,,,,,1,1,1,1.0,6.0
201100018850,0011-09-23 20:45:00,11,9,23,20,45,130,28,DULAC (AVENUE GUILLAUME),43.18604,5.60775,Nuit avec éclairage allumé,En agglomération,Hors intersection,Normale,Deux véhicules - côté,,,,,,,,,,,5,2,1,1.0,3.0
201100018851,0011-09-28 18:00:00,11,9,28,18,0,130,28,ANTOINE (CHEMIN DE SAINT,,,Plein jour,Hors agglomération,Hors intersection,Normale,Deux véhicules - arrière,,,,,,,,,,,1,1,1,1.0,2.0
201100018852,0011-09-29 11:00:00,11,9,29,11,0,130,28,"51, GASSION (AVENUE FERN",43.18234,5.60531,Plein jour,En agglomération,Hors intersection,Normale,Autre collision,,,,,,,,,,,1,2,1,1.0,6.0
201100018853,0011-10-07 08:45:00,11,10,7,8,45,130,28,"22, RIPERT (AVENUE EMILE",,,Plein jour,En agglomération,Hors intersection,Normale,Autre collision,,,,,,,,,,,1,2,1,1.0,6.0
201100018854,0011-10-23 09:00:00,11,10,23,9,0,130,28,ROVARCH (AVENUE PIERRE),,,Plein jour,En agglomération,Hors intersection,Normale,Deux véhicules - frontale,,,,,,,,,,,1,2,1,1.0,1.0
201100018855,0011-11-01 10:15:00,11,11,1,10,15,130,28,BILLOUX (AVENUE FRANCOIS,,,Plein jour,En agglomération,Hors intersection,Normale,Sans collision,,,,,,,,,,,1,2,1,1.0,7.0
201100018856,0011-11-14 06:05:00,11,11,14,6,5,130,28,"404, TRAMONTANE (AVENUE",43.20453,5.604,Crépuscule ou aube,Hors agglomération,Hors intersection,Autre,Autre collision,,,,,,,,,,,2,1,1,9.0,6.0
201100018857,0011-11-29 14:45:00,11,11,29,14,45,130,28,ROMAGOUA (CHEMIN DE),43.19494,5.61144,Plein jour,Hors agglomération,Hors intersection,Normale,Deux véhicules - frontale,,,,,,,,,,,1,1,1,1.0,1.0
201100018858,0011-11-29 18:30:00,11,11,29,18,30,130,28,"135, RIPERT (AVENUE EMIL",43.18418,5.61341,Nuit avec éclairage allumé,Hors agglomération,Intersection en X,Normale,Deux véhicules - arrière,,,,,,,,,,,5,1,2,1.0,2.0
201100018859,0011-12-16 22:50:00,11,12,16,22,50,130,28,SAINT JEAN (AVENUE DE),,,Nuit avec éclairage allumé,En agglomération,Hors intersection,Normale,Deux véhicules - frontale,,,,,,,,,,,5,2,1,1.0,1.0
201100018860,0011-12-23 16:40:00,11,12,23,16,40,130,28,"2366, CD 559",,,Plein jour,Hors agglomération,Hors intersection,Normale,Deux véhicules - frontale,,,,,,,,,,,1,1,1,1.0,1.0
201100018861,0011-01-02 22:45:00,11,1,2,22,45,130,47,ROUQUIER CHEMIN DU,43.50801,4.99319,Nuit avec éclairage allumé,En agglomération,Hors intersection,Normale,Autre collision,,,,,,,,,,,5,2,1,1.0,6.0
201100018862,0011-01-05 04:15:00,11,1,5,4,15,130,47,FELIX GOUIN AVENUE,,,Nuit avec éclairage allumé,En agglomération,Hors intersection,Normale,Autre collision,,,,,,,,,,,5,2,1,1.0,6.0
201100018863,0011-01-10 18:50:00,11,1,10,18,50,130,47,BELLONS CHEMIN DES,,,Nuit avec éclairage allumé,Hors agglomération,Intersection en X,Normale,Deux véhicules - côté,,,,,,,,,,,5,1,2,1.0,3.0
201100018864,0011-01-10 15:15:00,11,1,10,15,15,130,47,LEON JOUHAUX BOULEVARD,,,Plein jour,En agglomération,Autre intersection,Normale,Autre collision,,,,,,,,,,,1,2,9,1.0,6.0
201100018865,0011-01-16 10:23:00,11,1,16,10,23,130,63,"., C.D 10",,,Plein jour,Hors agglomération,Hors intersection,Normale,Trois véhicules et plus - collisions multiples,,,,,,,,,,,1,1,1,1.0,5.0
201100018866,0011-01-18 07:45:00,11,1,18,7,45,130,47,FELIX GOUIN AVENUE,,,Crépuscule ou aube,En agglomération,Hors intersection,Normale,Autre collision,,,,,,,,,,,2,2,1,1.0,6.0
201100018867,0011-02-15 13:20:00,11,2,15,13,20,130,47,PIBOULES ALL?E DES,,,Plein jour,En agglomération,Hors intersection,Normale,Autre collision,,,,,,,,,,,1,2,1,1.0,6.0
201100018868,0011-02-19 14:55:00,11,2,19,14,55,130,47,FELIX GOUIN AVENUE,,,Plein jour,En agglomération,Hors intersection,Normale,Autre collision,,,,,,,,,,,1,2,1,1.0,6.0
201100018869,0011-02-19 21:10:00,11,2,19,21,10,130,47,RD 1569,,,Nuit sans éclairage public,Hors agglomération,Hors intersection,Normale,Deux véhicules - frontale,,,,,,,,,,,3,1,1,1.0,1.0
201100018870,0011-02-26 15:15:00,11,2,26,15,15,130,47,"., RN 569",,,Plein jour,Hors agglomération,Hors intersection,Normale,Deux véhicules - arrière,,,,,,,,,,,1,1,1,1.0,2.0
201100018871,0011-03-21 10:30:00,11,3,21,10,30,130,47,RAYMOND FILIPPI AVENUE,,,Plein jour,En agglomération,Intersection en X,Normale,Deux véhicules - frontale,,,,,,,,,,,1,2,2,1.0,1.0
201100018872,0011-04-05 20:45:00,11,4,5,20,45,130,47,CENTRE COMMERCIAL GEANT,,,Crépuscule ou aube,En agglomération,Hors intersection,Normale,Deux véhicules - arrière,,,,,,,,,,,2,2,1,1.0,2.0
201100018873,0011-04-12 22:45:00,11,4,12,22,45,130,47,RN 569,,,Nuit sans éclairage public,Hors agglomération,Hors intersection,Vent fort / tempête,Autre collision,,,,,,,,,,,3,1,1,6.0,6.0
201100018874,0011-04-17 01:35:00,11,4,17,1,35,130,63,ANCIENS COMBATTANTS AVEN,,,Nuit avec éclairage allumé,En agglomération,Hors intersection,Normale,Deux véhicules - arrière,,,,,,,,,,,5,2,1,1.0,2.0
201100018875,0011-04-17 17:40:00,11,4,17,17,40,130,63,C.D 10,,,Plein jour,Hors agglomération,Hors intersection,Normale,Trois véhicules et plus - collisions multiples,,,,,,,,,,,1,1,1,1.0,5.0
201100018876,0011-04-07 13:40:00,11,4,7,13,40,130,47,MARTIGUES ROUTE DE,,,Plein jour,Hors agglomération,Hors intersection,Normale,Deux véhicules - arrière,,,,,,,,,,,1,1,1,1.0,2.0
201100018877,0011-04-07 19:45:00,11,4,7,19,45,130,47,LAVALDUC CHEMIN DE,,,Plein jour,Hors agglomération,Intersection en T,Normale,Deux véhicules - côté,,,,,,,,,,,1,1,3,1.0,3.0
201100018878,0011-06-10 13:50:00,11,6,10,13,50,130,63,COUVENT CHEMIN DE,,,Plein jour,Hors agglomération,Hors intersection,Normale,Sans collision,,,,,,,,,,,1,1,1,1.0,7.0
201100018879,0011-06-25 15:00:00,11,6,25,15,0,130,47,RD 569,43.52403,4.97844,Plein jour,En agglomération,Hors intersection,Normale,Deux véhicules - arrière,,,,,,,,,,,1,2,1,1.0,2.0
201100018880,0011-06-27 20:50:00,11,6,27,20,50,130,47,CD16 (LE DELA),,,Plein jour,Hors agglomération,Hors intersection,Normale,Deux véhicules - frontale,,,,,,,,,,,1,1,1,1.0,1.0
201100018881,0011-11-12 17:50:00,11,11,12,17,50,130,98,RADOLFZELL AVENUE DE,,,Nuit avec éclairage allumé,En agglomération,Hors intersection,Normale,Autre collision,,,,,,,,,,,5,2,1,1.0,6.0
201100018882,0011-11-21 18:50:00,11,11,21,18,50,130,47,RAYMOND FILIPPI AVENUE,,,Nuit avec éclairage non allumé,En agglomération,Hors intersection,Normale,Autre collision,,,,,,,,,,,4,2,1,1.0,6.0
201100018883,0011-11-04 17:30:00,11,11,4,17,30,130,47,D.10,,,Nuit sans éclairage public,Hors agglomération,Giratoire,Pluie forte,Deux véhicules - côté,,,,,,,,,,,3,1,6,3.0,3.0
201100018884,0011-12-12 21:40:00,11,12,12,21,40,130,98,D.5,,,Nuit sans éclairage public,Hors agglomération,Hors intersection,Normale,Deux véhicules - arrière,,,,,,,,,,,3,1,1,1.0,2.0
201100018885,0011-11-15 18:00:00,11,11,15,18,0,130,98,TOUR DE L'ETANG CHEMIN D,,,Nuit avec éclairage allumé,En agglomération,Hors intersection,Normale,Deux véhicules - côté,,,,,,,,,,,5,2,1,1.0,3.0
201100018886,0011-01-07 11:45:00,11,1,7,11,45,130,43,VENTURA  AVENUE LINO,,,Plein jour,Hors agglomération,Hors intersection,Normale,Deux véhicules - côté,,,,,,,,,,,1,1,1,1.0,3.0
201100018887,0011-01-14 20:50:00,11,1,14,20,50,130,54,HUIT MAI 1945  AVE DU,,,Nuit avec éclairage allumé,En agglomération,Giratoire,Normale,Deux véhicules - côté,,,,,,,,,,,5,2,6,1.0,3.0
201100018888,0011-01-18 18:45:00,11,1,18,18,45,130,54,CD 9,,,Nuit sans éclairage public,Hors agglomération,Hors intersection,Normale,Trois véhicules et plus - en chaîne,,,,,,,,,,,3,1,1,1.0,4.0
201100018889,0011-01-20 14:05:00,11,1,20,14,5,130,43,POUSARAQUE  AVENUE DE LA,,,Plein jour,En agglomération,Hors intersection,Normale,Deux véhicules - côté,,,,,,,,,,,1,2,1,1.0,3.0
201100018890,0011-01-24 12:30:00,11,1,24,12,30,130,102,"51, RAUMARTIN  AVENUE DU",,,Plein jour,En agglomération,Hors intersection,Normale,Deux véhicules - côté,,,,,,,,,,,1,2,1,1.0,3.0
201100018891,0011-02-02 07:58:00,11,2,2,7,58,130,54,DE GAULLE  AVE GAL DE,,,Plein jour,En agglomération,Hors intersection,Normale,Autre collision,,,,,,,,,,,1,2,1,1.0,6.0
201100018892,0011-02-02 15:15:00,11,2,2,15,15,130,43,FRANCOIS MITTERAND  AVEN,,,Plein jour,Hors agglomération,Intersection en T,Normale,Deux véhicules - côté,,,,,,,,,,,1,1,3,1.0,3.0
201100018893,0011-02-09 09:45:00,11,2,9,9,45,130,54,OLIVIERS  ALLEE DES,43.40898,5.22882,Plein jour,En agglomération,Intersection en X,Normale,Deux véhicules - côté,,,,,,,,,,,1,2,2,1.0,3.0
201100018894,0011-02-12 11:00:00,11,2,12,11,0,130,54,"14, SAINT EXUPERY  RUE A",,,Plein jour,En agglomération,Hors intersection,Normale,Autre collision,,,,,,,,,,,1,2,1,1.0,6.0
201100018895,0011-02-12 17:50:00,11,2,12,17,50,130,102,CAILLOUX  BLD R.,,,Plein jour,En agglomération,Hors intersection,Normale,Deux véhicules - côté,,,,,,,,,,,1,2,1,1.0,3.0
201100018896,0011-02-15 20:45:00,11,2,15,20,45,130,54,BEUGONS  CHEMIN DES,,,Nuit avec éclairage allumé,Hors agglomération,Hors intersection,Normale,Deux véhicules - frontale,,,,,,,,,,,5,1,1,1.0,1.0
201100018897,0011-02-19 14:15:00,11,2,19,14,15,130,54,CD9,,,Plein jour,Hors agglomération,Hors intersection,Normale,Sans collision,,,,,,,,,,,1,1,1,1.0,7.0
201100018898,0011-02-21 10:35:00,11,2,21,10,35,130,54,MAI-45 AV DU 8,,,Plein jour,En agglomération,Hors intersection,Normale,Deux véhicules - arrière,,,,,,,,,,,1,2,1,1.0,2.0
201100018899,0011-02-22 06:25:00,11,2,22,6,25,130,43,VENTURA  AVENUE LINO,,,Nuit sans éclairage public,Hors agglomération,Hors intersection,Pluie légère,Deux véhicules - côté,,,,,,,,,,,3,1,1,2.0,3.0
201100018900,0011-02-22 14:00:00,11,2,22,14,0,130,102,"00, ABBADIE  BLD",43.41569,5.24399,Plein jour,En agglomération,Intersection en T,Normale,Deux véhicules - côté,,,,,,,,,,,1,2,3,1.0,3.0
201100018901,0011-02-28 16:10:00,11,2,28,16,10,130,54,MAI-45 AV DU 8,,,Plein jour,En agglomération,Hors intersection,Normale,Trois véhicules et plus - collisions multiples,,,,,,,,,,,1,2,1,1.0,5.0
201100018902,0011-03-02 09:00:00,11,3,2,9,0,130,43,"00, POMPIDOU  AVENUE",,,Plein jour,Hors agglomération,Intersection en X,Normale,Deux véhicules - côté,,,,,,,,,,,1,1,2,1.0,3.0
201100018903,0011-03-05 10:40:00,11,3,5,10,40,130,54,"87, SALAN  AVE GENERAL",43.39726,5.2194,Plein jour,En agglomération,Intersection en T,Normale,Deux véhicules - côté,,,,,,,,,,,1,2,3,1.0,3.0
201100018904,0011-03-15 15:20:00,11,3,15,15,20,130,43,PRES  AVENUE DES,,,Plein jour,En agglomération,Hors intersection,Pluie légère,Trois véhicules et plus - en chaîne,,,,,,,,,,,1,2,1,2.0,4.0
201100018905,0011-03-16 16:35:00,11,3,16,16,35,130,102,CALDERON  BLD J.L.,,,Plein jour,Hors agglomération,Hors intersection,Normale,Autre collision,,,,,,,,,,,1,1,1,1.0,6.0
201100018906,0011-03-17 19:00:00,11,3,17,19,0,130,54,CARPENTIER  AVENUE GEORG,,,Nuit avec éclairage allumé,Hors agglomération,Intersection en T,Normale,Deux véhicules - côté,,,,,,,,,,,5,1,3,1.0,3.0
201100018907,0011-03-19 15:20:00,11,3,19,15,20,130,43,RN 368,,,Plein jour,Hors agglomération,Intersection en T,Normale,Deux véhicules - frontale,,,,,,,,,,,1,1,3,1.0,1.0
201100018908,0011-04-01 19:25:00,11,4,1,19,25,130,43,HUGO  BD VICTOR,,,Plein jour,En agglomération,Intersection en T,Normale,Deux véhicules - côté,,,,,,,,,,,1,2,3,1.0,3.0
201100018909,0011-04-04 07:15:00,11,4,4,7,15,130,102,"868, LIBERATION  BLD DE",43.41707,5.26131,Plein jour,En agglomération,Autre intersection,Normale,Trois véhicules et plus - en chaîne,,,,,,,,,,,1,2,9,1.0,4.0
201100018910,0011-04-21 11:30:00,11,4,21,11,30,130,102,JUIN  AVENUE MARECHAL,,,Plein jour,En agglomération,Hors intersection,Normale,Deux véhicules - côté,,,,,,,,,,,1,2,1,1.0,3.0
201100018911,0011-05-06 08:50:00,11,5,6,8,50,130,43,FRANCOIS MITTERAND  AVEN,,,Plein jour,Hors agglomération,Hors intersection,Normale,Deux véhicules - côté,,,,,,,,,,,1,1,1,1.0,3.0
201100018912,0011-05-07 15:10:00,11,5,7,15,10,130,54,"1, CARPENTIER  AVENUE GE",43.4213,5.20473,Plein jour,En agglomération,Hors intersection,Normale,Autre collision,,,,,,,,,,,1,2,1,1.0,6.0
201100018913,0011-05-08 17:55:00,11,5,8,17,55,130,54,HUIT MAI 1945  AVE DU,,,Plein jour,En agglomération,Hors intersection,Normale,Deux véhicules - côté,,,,,,,,,,,1,2,1,1.0,3.0
201100018914,0011-03-21 21:30:00,11,3,21,21,30,130,43,"471, MITTERAND  AV. FRAN",,,Nuit sans éclairage public,En agglomération,Hors intersection,Normale,Autre collision,,,,,,,,,,,3,2,1,1.0,6.0
201100018915,0011-05-19 20:00:00,11,5,19,20,0,130,43,MEDITERRANEE  AVENUE DE,,,Plein jour,Hors agglomération,Hors intersection,Normale,Sans collision,,,,,,,,,,,1,1,1,1.0,7.0
201100018916,0011-05-27 16:50:00,11,5,27,16,50,130,102,LEOTARD  RUE HUGUETTE,,,Plein jour,En agglomération,Hors intersection,Normale,Trois véhicules et plus - collisions multiples,,,,,,,,,,,1,2,1,1.0,5.0
201100018917,0011-05-29 16:15:00,11,5,29,16,15,130,54,PLAGE  ROUTE DE LA,,,Plein jour,Hors agglomération,Hors intersection,Normale,Autre collision,,,,,,,,,,,1,1,1,1.0,6.0
201100018918,0011-06-01 10:50:00,11,6,1,10,50,130,54,"0, LOMBARDO  AVE ETIENNE",,,Plein jour,En agglomération,Hors intersection,Vent fort / tempête,Sans collision,,,,,,,,,,,1,2,1,6.0,7.0
201100018919,0011-06-21 22:25:00,11,6,21,22,25,130,54,CD9,,,Nuit sans éclairage public,Hors agglomération,Hors intersection,Normale,Sans collision,,,,,,,,,,,3,1,1,1.0,7.0
201100018920,0011-06-24 15:05:00,11,6,24,15,5,130,102,RAUMARTIN  AVENUE DU,,,Plein jour,En agglomération,Hors intersection,Normale,Deux véhicules - côté,,,,,,,,,,,1,2,1,1.0,3.0
201100018921,0011-06-25 16:10:00,11,6,25,16,10,130,43,FERNANDEL  AVENUE,,,Plein jour,Hors agglomération,Hors intersection,Normale,Deux véhicules - arrière,,,,,,,,,,,1,1,1,1.0,2.0
201100018922,0011-07-02 06:40:00,11,7,2,6,40,130,43,VENTURA  AVENUE LINO,,,Plein jour,Hors agglomération,Hors intersection,Normale,Deux véhicules - côté,,,,,,,,,,,1,1,1,1.0,3.0
201100018923,0011-07-02 21:40:00,11,7,2,21,40,130,54,"84, BEUGONS  CHEMIN DES",43.42356,5.19938,Crépuscule ou aube,En agglomération,Hors intersection,Normale,Deux véhicules - côté,,,,,,,,,,,2,2,1,1.0,3.0
201100018924,0011-07-03 10:30:00,11,7,3,10,30,130,54,CARPENTIER  AVENUE GEORG,,,Plein jour,En agglomération,Hors intersection,Normale,Autre collision,,,,,,,,,,,1,2,1,1.0,6.0
201100018925,0011-07-04 18:00:00,11,7,4,18,0,130,43,MITTERAND  AV. FRANCOIS,,,Plein jour,Hors agglomération,Hors intersection,Normale,Trois véhicules et plus - collisions multiples,,,,,,,,,,,1,1,1,1.0,5.0
201100018926,0011-07-07 17:00:00,11,7,7,17,0,130,102,RAUMARTIN  AVENUE DU,,,Plein jour,En agglomération,Hors intersection,Normale,Sans collision,,,,,,,,,,,1,2,1,1.0,7.0
201100018927,0011-07-11 11:43:00,11,7,11,11,43,130,43,MEDITERRANEE  AVENUE DE,,,Plein jour,Hors agglomération,Hors intersection,Normale,Deux véhicules - arrière,,,,,,,,,,,1,1,1,1.0,2.0
201100018928,0011-07-21 15:00:00,11,7,21,15,0,130,54,MAI-45 AV DU 8,,,Plein jour,Hors agglomération,Hors intersection,Normale,Trois véhicules et plus - en chaîne,,,,,,,,,,,1,1,1,1.0,4.0
201100018929,0011-07-22 18:10:00,11,7,22,18,10,130,54,MATTEI  RUE DU COLONNEL,,,Plein jour,En agglomération,Hors intersection,Normale,Deux véhicules - frontale,,,,,,,,,,,1,2,1,1.0,1.0
201100018930,0011-08-09 22:15:00,11,8,9,22,15,130,54,PLAGE  ROUTE DE LA,,,Nuit avec éclairage allumé,En agglomération,Intersection en T,Vent fort / tempête,Deux véhicules - côté,,,,,,,,,,,5,2,3,6.0,3.0
201100018931,0011-08-11 03:00:00,11,8,11,3,0,130,54,FABRE AVIATEUR  AVE HENR,,,Nuit avec éclairage allumé,En agglomération,Hors intersection,Normale,Autre collision,,,,,,,,,,,5,2,1,1.0,6.0
201100018932,0011-08-12 11:00:00,11,8,12,11,0,130,54,FIGUERAS  RUE DE,,,Plein jour,En agglomération,Intersection en X,Normale,Trois véhicules et plus - collisions multiples,,,,,,,,,,,1,2,2,1.0,5.0
201100018933,0011-08-12 12:15:00,11,8,12,12,15,130,43,POUSARAQUE  AVENUE DE LA,,,Plein jour,En agglomération,Hors intersection,Normale,Deux véhicules - arrière,,,,,,,,,,,1,2,1,1.0,2.0
201100018934,0011-08-18 18:40:00,11,8,18,18,40,130,102,LEOTARD  RUE HUGUETTE,,,Plein jour,En agglomération,Hors intersection,Normale,Trois véhicules et plus - en chaîne,,,,,,,,,,,1,2,1,1.0,4.0
201100018935,0011-08-23 12:50:00,11,8,23,12,50,130,54,DE LATTRE TASSIGNY AV MA,,,Plein jour,En agglomération,Intersection en T,Normale,Deux véhicules - arrière,,,,,,,,,,,1,2,3,1.0,2.0
201100018936,0011-08-30 15:15:00,11,8,30,15,15,130,43,MEDITERRANEE  AVENUE DE,,,Plein jour,Hors agglomération,Hors intersection,Normale,Autre collision,,,,,,,,,,,1,1,1,1.0,6.0
201100018937,0011-09-15 15:30:00,11,9,15,15,30,130,54,PLAGE  ROUTE DE LA,,,Plein jour,Hors agglomération,Hors intersection,Normale,Autre collision,,,,,,,,,,,1,1,1,1.0,6.0
201100018938,0011-09-15 18:20:00,11,9,15,18,20,130,102,RAUMARTIN  AVENUE DU,,,Plein jour,Hors agglomération,Hors intersection,Normale,Deux véhicules - frontale,,,,,,,,,,,1,1,1,1.0,1.0
201100018939,0011-09-17 13:30:00,11,9,17,13,30,130,102,"0, AURIOL  PLACE V.",,,Plein jour,En agglomération,Hors intersection,Normale,Autre collision,,,,,,,,,,,1,2,1,1.0,6.0
201100018940,0011-09-22 17:45:00,11,9,22,17,45,130,54,LYCEE M. GENEVOIX,,,Plein jour,En agglomération,Hors intersection,Normale,Autre collision,,,,,,,,,,,1,2,1,1.0,6.0
201100018941,0011-09-26 09:10:00,11,9,26,9,10,130,54,CD9,,,Plein jour,Hors agglomération,Autre intersection,Normale,Deux véhicules - côté,,,,,,,,,,,1,1,9,1.0,3.0
201100018942,0011-10-12 15:50:00,11,10,12,15,50,130,54,CD 9,,,Plein jour,Hors agglomération,Hors intersection,Normale,Deux véhicules - arrière,,,,,,,,,,,1,1,1,1.0,2.0
201100018943,0011-10-12 17:45:00,11,10,12,17,45,130,54,MURAT  RUE MARECHAL,,,Plein jour,En agglomération,Hors intersection,Normale,Autre collision,,,,,,,,,,,1,2,1,1.0,6.0
201100018944,0011-10-21 08:35:00,11,10,21,8,35,130,54,CD 9,,,Plein jour,Hors agglomération,Hors intersection,Normale,Deux véhicules - côté,,,,,,,,,,,1,1,1,1.0,3.0
201100018945,0011-10-31 19:40:00,11,10,31,19,40,130,102,"000000, MOULIN  BLD JEAN",,,Nuit avec éclairage allumé,En agglomération,Autre intersection,Normale,Autre collision,,,,,,,,,,,5,2,9,1.0,6.0
201100018946,0011-11-18 20:00:00,11,11,18,20,0,130,102,APOLLINAIRE  AVENUE G.,,,Nuit avec éclairage allumé,En agglomération,Hors intersection,Normale,Deux véhicules - frontale,,,,,,,,,,,5,2,1,1.0,1.0
201100018947,0011-11-18 21:15:00,11,11,18,21,15,130,54,"21, ROS ET ROMANO  AVE R",43.42458,5.21669,Nuit avec éclairage allumé,En agglomération,Hors intersection,Normale,Autre collision,,,,,,,,,,,5,2,1,1.0,6.0
201100018948,0011-11-18 18:45:00,11,11,18,18,45,130,43,VENTURA  AVENUE LINO,,,Nuit sans éclairage public,Hors agglomération,Intersection en T,Normale,Autre collision,,,,,,,,,,,3,1,3,1.0,6.0
201100018949,0011-11-25 15:00:00,11,11,25,15,0,130,43,ROUTE NATIONALE 568,,,Plein jour,Hors agglomération,Intersection en X,Normale,Deux véhicules - arrière,,,,,,,,,,,1,1,2,1.0,2.0
201100018950,0011-11-29 10:20:00,11,11,29,10,20,130,54,JUIN  AVE MARECHAL,,,Plein jour,En agglomération,Hors intersection,Normale,Deux véhicules - frontale,,,,,,,,,,,1,2,1,1.0,1.0
201100018951,0011-12-01 15:35:00,11,12,1,15,35,130,54,CD 9,,,Plein jour,Hors agglomération,Hors intersection,Pluie légère,Deux véhicules - côté,,,,,,,,,,,1,1,1,2.0,3.0
201100018952,0011-12-02 11:30:00,11,12,2,11,30,130,54,"17, DE LATTRE TASSIGNY A",43.41402,5.21411,Plein jour,En agglomération,Hors intersection,Normale,Autre collision,,,,,,,,,,,1,2,1,1.0,6.0
201100018953,0011-12-08 16:50:00,11,12,8,16,50,130,54,CORRAO  AVENUE ROLAND,,,Plein jour,En agglomération,Giratoire,Normale,Autre collision,,,,,,,,,,,1,2,6,1.0,6.0
201100018954,0011-12-09 10:05:00,11,12,9,10,5,130,54,LACANAU  AVENUE DE,43.40876,5.22564,Plein jour,En agglomération,Intersection en X,Normale,Deux véhicules - côté,,,,,,,,,,,1,2,2,1.0,3.0
201100018955,0011-12-20 18:00:00,11,12,20,18,0,130,54,CD 9,,,Nuit sans éclairage public,Hors agglomération,Hors intersection,Normale,Deux véhicules - arrière,,,,,,,,,,,3,1,1,1.0,2.0
201100018956,0011-12-23 14:10:00,11,12,23,14,10,130,54,"1, ROSTAND  RUE EDMOND",43.41666,5.20979,Plein jour,En agglomération,Intersection en X,Normale,Deux véhicules - frontale,,,,,,,,,,,1,2,2,1.0,1.0
201100018957,0011-12-31 00:15:00,11,12,31,0,15,130,55,RUE SAINT PIERRE,43.28991,5.42635,Nuit avec éclairage allumé,En agglomération,Intersection en X,Normale,Deux véhicules - côté,,,,,,,,,,,5,2,2,1.0,3.0
201100018958,0011-12-31 19:30:00,11,12,31,19,30,130,2,"1, AUBAGNENS (AVENUE DES",43.33186,5.46789,Nuit avec éclairage allumé,En agglomération,Hors intersection,Normale,Autre collision,,,,,,,,,,,5,2,1,1.0,6.0
201100018959,0011-08-08 09:30:00,11,8,8,9,30,130,55,"00, BD DE SAINTE MARGUER",,,Plein jour,En agglomération,Hors intersection,Normale,Autre collision,,,,,,,,,,,1,2,1,1.0,6.0
201100018960,0011-12-13 04:00:00,11,12,13,4,0,130,55,"00, TRA DE LA SEIGNEURIE",,,Nuit avec éclairage allumé,En agglomération,Hors intersection,Normale,Deux véhicules - frontale,,,,,,,,,,,5,2,1,1.0,1.0
201100018961,0011-12-19 16:30:00,11,12,19,16,30,130,55,"00, RUE DU DOCTEUR ESCAT",,,Plein jour,En agglomération,Hors intersection,Normale,Deux véhicules - arrière,,,,,,,,,,,1,2,1,1.0,2.0
201100018962,0011-12-27 14:30:00,11,12,27,14,30,130,55,"2, RUE CAPITAINE DESSEMO",,,Plein jour,Hors agglomération,Intersection en T,Normale,Autre collision,,,,,,,,,,,1,1,3,1.0,6.0
201100018963,0011-12-28 16:00:00,11,12,28,16,0,130,55,BD ROLAND DORGELES,,,Crépuscule ou aube,En agglomération,Hors intersection,Normale,Deux véhicules - arrière,,,,,,,,,,,2,2,1,1.0,2.0
201100018964,0011-12-09 08:35:00,11,12,9,8,35,130,55,"66 A, RUE JULES MOULET",,,Plein jour,En agglomération,Hors intersection,Normale,Autre collision,,,,,,,,,,,1,2,1,1.0,6.0
201100018965,0011-12-13 15:45:00,11,12,13,15,45,130,55,"36, BD CHARLES LIVON",,,Plein jour,En agglomération,Hors intersection,Normale,Deux véhicules - arrière,,,,,,,,,,,1,2,1,1.0,2.0
201100018966,0011-12-08 14:10:00,11,12,8,14,10,130,55,"161, RUE SAINT PIERRE",43.29209,5.39471,Plein jour,En agglomération,Hors intersection,Normale,Deux véhicules - arrière,,,,,,,,,,,1,2,1,1.0,2.0
201100018967,0011-12-23 13:15:00,11,12,23,13,15,130,55,CRS LIEUTAUD,43.29246,5.38264,Plein jour,En agglomération,Hors intersection,Normale,Deux véhicules - arrière,,,,,,,,,,,1,2,1,1.0,2.0