accident_id,datetime,annee,mois,jour,heure,minute,departement,commune_insee,adresse,latitude,longitude,luminosite,agglomeration,intersection,meteo,collision,nb_vehicules,nb_usagers,nb_indemnes,nb_tues,nb_blesses_hosp,nb_blesses_legers,age_cond_1,age_cond_2,veh_type_cond_1,veh_type_cond_2,lum_code,agg_code,int_code,atm_code,col_code
201100019092,0011-01-02 19:00:00,11,1,2,19,0,130,55,"94, BD DE SAINT LOUP",,,Nuit avec éclairage allumé,En agglomération,Intersection en T,Normale,Autre collision,,,,,,,,,,,5,2,3,1.0,6.0
201100019093,0011-12-19 11:45:00,11,12,19,11,45,130,55,"93, BD BARRY",43.31984,5.41293,Plein jour,En agglomération,Hors intersection,Normale,Autre collision,,,,,,,,,,,1,2,1,1.0,6.0
201100019094,0011-12-13 07:30:00,11,12,13,7,30,130,55,"1, CHE DE SAINT ANTOINE",43.35366,5.33654,Crépuscule ou aube,En agglomération,Hors intersection,Normale,Autre collision,,,,,,,,,,,2,2,1,1.0,6.0
201100019095,0011-09-11 19:10:00,11,9,11,19,10,130,55,"75, AVE DE SAINT ANTOINE",,,Plein jour,En agglomération,Hors intersection,Normale,Autre collision,,,,,,,,,,,1,2,1,1.0,6.0
201100019096,0011-11-22 15:30:00,11,11,22,15,30,130,55,AVE JEAN PAUL SARTRE,,,Plein jour,En agglomération,Hors intersection,Normale,Autre collision,,,,,,,,,,,1,2,1,1.0,6.0
201100019097,0011-01-22 21:00:00,11,1,22,21,0,130,55,"42, AVE DE SAINT JUST",,,Nuit avec éclairage allumé,En agglomération,Hors intersection,Normale,Deux véhicules - côté,,,,,,,,,,,5,2,1,1.0,3.0
201100019098,0011-01-23 22:10:00,11,1,23,22,10,130,55,"1, BD BAILLE",,,Nuit avec éclairage allumé,En agglomération,Hors intersection,Normale,Deux véhicules - arrière,,,,,,,,,,,5,2,1,1.0,2.0
201100019099,0011-01-05 07:45:00,11,1,5,7,45,130,55,"79, BD JEANNE D' ARC",,,Plein jour,En agglomération,Autre intersection,Pluie légère,Autre collision,,,,,,,,,,,1,2,9,2.0,6.0
201100019100,0011-01-08 19:15:00,11,1,8,19,15,130,55,"192, RUE DU ROUET",,,Nuit avec éclairage allumé,En agglomération,Hors intersection,Normale,Sans collision,,,,,,,,,,,5,2,1,1.0,7.0
201100019101,0011-01-25 16:20:00,11,1,25,16,20,130,55,"0, AVE DE MONTOLIVET",,,Plein jour,En agglomération,Intersection en X,Normale,Deux véhicules - côté,,,,,,,,,,,1,2,2,1.0,3.0
201100019102,0011-01-26 15:45:00,11,1,26,15,45,130,55,"103, AVE DES CHARTREUX",,,Plein jour,En agglomération,Intersection en T,Normale,Deux véhicules - côté,,,,,,,,,,,1,2,3,1.0,3.0
201100019103,0011-01-22 10:45:00,11,1,22,10,45,130,55,"57, RUE CHATEAU PAYAN",,,Plein jour,En agglomération,Hors intersection,Normale,Sans collision,,,,,,,,,,,1,2,1,1.0,7.0
201100019104,0011-01-25 08:30:00,11,1,25,8,30,130,2,ETIENNE CUCCA-CD908 (AVE,,,Plein jour,Hors agglomération,Hors intersection,Normale,Deux véhicules - frontale,,,,,,,,,,,1,1,1,1.0,1.0
201100019105,0011-01-11 15:00:00,11,1,11,15,0,130,2,ETIENNE CUCCA-CD908 (AVE,,,Plein jour,Hors agglomération,Hors intersection,Pluie légère,Sans collision,,,,,,,,,,,1,1,1,2.0,7.0
201100019106,0011-12-25 19:00:00,11,12,25,19,0,130,55,"4, RUE TEISSERE",,,Nuit avec éclairage allumé,En agglomération,Hors intersection,Normale,Sans collision,,,,,,,,,,,5,2,1,1.0,7.0
201100019107,0011-01-18 08:35:00,11,1,18,8,35,130,2,PROVENCE (AVENUE DE),,,Crépuscule ou aube,En agglomération,Hors intersection,Brouillard / fumée,Autre collision,,,,,,,,,,,2,2,1,5.0,6.0
201100019108,0011-12-27 16:45:00,11,12,27,16,45,130,55,"0, AVE DU PRADO",,,Crépuscule ou aube,En agglomération,Intersection en T,Normale,Deux véhicules - côté,,,,,,,,,,,2,2,3,1.0,3.0
201100019109,0011-01-21 06:30:00,11,1,21,6,30,130,55,"20, RUE MARIUS BRIATA",,,Plein jour,En agglomération,Hors intersection,Neige / grêle,Deux véhicules - arrière,,,,,,,,,,,1,2,1,4.0,2.0
201100019110,0011-12-31 13:00:00,11,12,31,13,0,130,55,"1, RUE DAUMIER",,,Plein jour,En agglomération,Intersection en X,Normale,Deux véhicules - côté,,,,,,,,,,,1,2,2,1.0,3.0
201100019111,0011-01-26 15:55:00,11,1,26,15,55,130,2,ETIENNE CUCCA-CD908 (AVE,,,Plein jour,Hors agglomération,Hors intersection,Normale,Sans collision,,,,,,,,,,,1,1,1,1.0,7.0
201100019112,0011-12-07 10:30:00,11,12,7,10,30,130,55,"365, RUE PARADIS",,,Plein jour,En agglomération,Hors intersection,Normale,Deux véhicules - côté,,,,,,,,,,,1,2,1,1.0,3.0
201100019113,0011-01-10 08:55:00,11,1,10,8,55,130,55,"9, BD FERNAND BONNEFOY",,,Plein jour,En agglomération,Hors intersection,Normale,Sans collision,,,,,,,,,,,1,2,1,1.0,7.0
201100019114,0011-11-05 13:30:00,11,11,5,13,30,130,55,"168/170, BD DE SAINT LOU",43.28396,5.43532,Plein jour,En agglomération,Intersection en T,Pluie forte,Deux véhicules - côté,,,,,,,,,,,1,2,3,3.0,3.0
201100019115,0011-01-21 09:00:00,11,1,21,9,0,130,55,"15, RUE ALBERT MARQUET",,,Plein jour,En agglomération,Hors intersection,Autre,Autre collision,,,,,,,,,,,1,2,1,9.0,6.0
201100019116,0011-12-15 17:20:00,11,12,15,17,20,130,55,"112, AVE WILLIAM BOOTH",,,Nuit avec éclairage allumé,En agglomération,Hors intersection,Normale,Deux véhicules - arrière,,,,,,,,,,,5,2,1,1.0,2.0
201100019117,0011-01-20 21:40:00,11,1,20,21,40,130,55,"168, RUE DE ROME",43.28768,5.38266,Nuit avec éclairage allumé,En agglomération,Intersection en T,Normale,Deux véhicules - côté,,,,,,,,,,,5,2,3,1.0,3.0
201100019118,0011-01-19 13:40:00,11,1,19,13,40,130,55,"42, VOI LA CANEBIERE",43.29651,5.37811,Plein jour,En agglomération,Hors intersection,Normale,Autre collision,,,,,,,,,,,1,2,1,1.0,6.0
201100019119,0011-01-11 19:00:00,11,1,11,19,0,130,55,"257, AVE DE MAZARGUES",,,Nuit avec éclairage allumé,En agglomération,Hors intersection,Normale,Deux véhicules - côté,,,,,,,,,,,5,2,1,1.0,3.0
201100019120,0011-01-24 13:10:00,11,1,24,13,10,130,55,"75, RUE D' ITALIE",,,Plein jour,En agglomération,Intersection en X,Normale,Deux véhicules - côté,,,,,,,,,,,1,2,2,1.0,3.0
201100019121,0011-01-14 15:15:00,11,1,14,15,15,130,55,AVE JEAN PAUL SARTRE,,,Plein jour,En agglomération,Hors intersection,Normale,Deux véhicules - côté,,,,,,,,,,,1,2,1,1.0,3.0
201100019122,0011-01-20 14:50:00,11,1,20,14,50,130,55,"146, BD DANIELLE CASANOV",43.32737,5.37503,Plein jour,En agglomération,Hors intersection,Normale,Deux véhicules - côté,,,,,,,,,,,1,2,1,1.0,3.0
201100019123,0011-01-21 20:20:00,11,1,21,20,20,130,55,"103, BD BAILLE",,,Nuit avec éclairage allumé,En agglomération,Hors intersection,Normale,Autre collision,,,,,,,,,,,5,2,1,1.0,6.0
201100019124,0011-12-16 17:40:00,11,12,16,17,40,130,55,"1, RTE LEON LACHAMP",43.24502,5.42803,Crépuscule ou aube,Hors agglomération,Hors intersection,Pluie légère,Deux véhicules - frontale,,,,,,,,,,,2,1,1,2.0,1.0
201100019125,0011-01-25 21:45:00,11,1,25,21,45,130,55,"35, BD SAKAKINI",,,Nuit avec éclairage allumé,En agglomération,Hors intersection,Normale,Deux véhicules - arrière,,,,,,,,,,,5,2,1,1.0,2.0
201100019126,0011-01-03 12:40:00,11,1,3,12,40,130,55,"90, RUE SAINTE CECILE",,,Plein jour,En agglomération,Intersection en T,Normale,Deux véhicules - côté,,,,,,,,,,,1,2,3,1.0,3.0
201100019127,0011-09-08 14:20:00,11,9,8,14,20,130,55,"50, RUE DE RUFFI",,,Plein jour,En agglomération,Intersection en X,Normale,Deux véhicules - côté,,,,,,,,,,,1,2,2,1.0,3.0
201100019128,0011-01-15 11:10:00,11,1,15,11,10,130,75,"91, LIBERATION (AVE DE L",,,Plein jour,En agglomération,Hors intersection,Normale,Deux véhicules - frontale,,,,,,,,,,,1,2,1,1.0,1.0
201100019129,0011-01-27 15:00:00,11,1,27,15,0,130,2,"1, VATERSTETTEN (AVENUE",,,Plein jour,En agglomération,Hors intersection,Normale,Deux véhicules - côté,,,,,,,,,,,1,2,1,1.0,3.0
201100019130,0011-11-25 15:50:00,11,11,25,15,50,130,55,"36, BD CHARLES LIVON",,,Plein jour,En agglomération,Hors intersection,Normale,Trois véhicules et plus - collisions multiples,,,,,,,,,,,1,2,1,1.0,5.0
201100019131,0011-12-15 16:50:00,11,12,15,16,50,130,55,RUE NICOLAS APPERT,43.33971,5.41477,Nuit avec éclairage allumé,En agglomération,Intersection en T,Normale,Deux véhicules - côté,,,,,,,,,,,5,2,3,1.0,3.0
201100019132,0011-02-01 08:00:00,11,2,1,8,0,130,55,"00, RUE ROGER BRUN",,,Plein jour,En agglomération,Hors intersection,Normale,Autre collision,,,,,,,,,,,1,2,1,1.0,6.0
201100019133,0011-11-08 16:30:00,11,11,8,16,30,130,55,"5, AVE DE MONTREDON",,,Plein jour,En agglomération,Hors intersection,Normale,Autre collision,,,,,,,,,,,1,2,1,1.0,6.0
201100019134,0011-01-03 07:00:00,11,1,3,7,0,130,55,"39BIS, RUE SAINT SEBASTI",,,Crépuscule ou aube,En agglomération,Intersection en X,Normale,Deux véhicules - côté,,,,,,,,,,,2,2,2,1.0,3.0
201100019135,0011-10-21 16:10:00,11,10,21,16,10,130,55,BD DE LA POMME,,,Plein jour,En agglomération,Hors intersection,Normale,Deux véhicules - arrière,,,,,,,,,,,1,2,1,1.0,2.0
201100019136,0011-01-19 12:45:00,11,1,19,12,45,130,55,"00, RUE CAISSERIE",,,Plein jour,En agglomération,Hors intersection,Normale,Autre collision,,,,,,,,,,,1,2,1,1.0,6.0
201100019137,0011-02-03 03:25:00,11,2,3,3,25,130,55,"190, RUE FELIX PYAT",,,Nuit avec éclairage allumé,En agglomération,Hors intersection,Normale,Sans collision,,,,,,,,,,,5,2,1,1.0,7.0
201100019138,0011-01-26 12:30:00,11,1,26,12,30,130,55,"50, AVE DE LA CROIX ROUG",43.33145,5.43327,Plein jour,En agglomération,Hors intersection,Normale,Deux véhicules - côté,,,,,,,,,,,1,2,1,1.0,3.0
201100019139,0011-12-16 15:30:00,11,12,16,15,30,130,55,"00, AVE PROSPER MERIMEE",,,Plein jour,En agglomération,Hors intersection,Normale,Deux véhicules - arrière,,,,,,,,,,,1,2,1,1.0,2.0
201100019140,0011-12-16 19:15:00,11,12,16,19,15,130,55,BD DE PLOMBIERES,,,Nuit avec éclairage allumé,En agglomération,Hors intersection,Normale,Autre collision,,,,,,,,,,,5,2,1,1.0,6.0
201100019141,0011-01-28 16:00:00,11,1,28,16,0,130,55,"00, RUE DE LA REPUBLIQUE",,,Plein jour,En agglomération,Hors intersection,Normale,Autre collision,,,,,,,,,,,1,2,1,1.0,6.0
201100019142,0011-01-18 10:15:00,11,1,18,10,15,130,55,"130, AVE DE LATTRE DE TA",,,Plein jour,En agglomération,Hors intersection,Normale,Autre collision,,,,,,,,,,,1,2,1,1.0,6.0
201100019143,0011-01-28 13:00:00,11,1,28,13,0,130,55,"1, AVE ARNAVON",,,Plein jour,En agglomération,Giratoire,Normale,Deux véhicules - arrière,,,,,,,,,,,1,2,6,1.0,2.0
201100019144,0011-01-17 13:50:00,11,1,17,13,50,130,55,"10, BD PROSPERI",43.38039,5.37395,Plein jour,En agglomération,Hors intersection,Normale,Deux véhicules - côté,,,,,,,,,,,1,2,1,1.0,3.0
201100019145,0011-02-06 18:00:00,11,2,6,18,0,130,55,BD SCHLOESING,,,Nuit avec éclairage allumé,En agglomération,Hors intersection,Normale,Autre collision,,,,,,,,,,,5,2,1,1.0,6.0
201100019146,0011-01-30 13:20:00,11,1,30,13,20,130,55,"2, AVE DE LA CORSE",,,Plein jour,En agglomération,Intersection en T,Normale,Deux véhicules - côté,,,,,,,,,,,1,2,3,1.0,3.0
201100019147,0011-01-17 05:10:00,11,1,17,5,10,130,55,"78, BD SAKAKINI",,,Nuit avec éclairage allumé,En agglomération,Hors intersection,Normale,Autre collision,,,,,,,,,,,5,2,1,1.0,6.0
201100019148,0011-01-27 08:30:00,11,1,27,8,30,130,55,RPT DU PRADO,,,Plein jour,En agglomération,Hors intersection,Normale,Deux véhicules - arrière,,,,,,,,,,,1,2,1,1.0,2.0
201100019149,0011-01-22 10:20:00,11,1,22,10,20,130,55,"269, COR PRESIDENT JOHN",43.28029,5.3535,Plein jour,En agglomération,Intersection en T,Normale,Autre collision,,,,,,,,,,,1,2,3,1.0,6.0
201100019150,0011-01-10 09:30:00,11,1,10,9,30,130,55,"129, BD BAILLE",,,Plein jour,En agglomération,Hors intersection,Normale,Deux véhicules - arrière,,,,,,,,,,,1,2,1,1.0,2.0
201100019151,0011-01-23 15:00:00,11,1,23,15,0,130,55,"105 bis, RUE DE ROME",,,Plein jour,En agglomération,Hors intersection,Normale,Deux véhicules - arrière,,,,,,,,,,,1,2,1,1.0,2.0
201100019152,0011-02-07 17:30:00,11,2,7,17,30,130,55,"192, AVE DE LA CAPELETTE",,,Plein jour,En agglomération,Hors intersection,Normale,Autre collision,,,,,,,,,,,1,2,1,1.0,6.0
201100019153,0011-02-07 12:15:00,11,2,7,12,15,130,55,"118, BD CHAVE",,,Plein jour,En agglomération,Intersection en T,Normale,Autre collision,,,,,,,,,,,1,2,3,1.0,6.0
201100019154,0011-12-13 21:00:00,11,12,13,21,0,130,55,"170, RUE DE ROME",,,Nuit avec éclairage allumé,En agglomération,Hors intersection,Normale,Autre collision,,,,,,,,,,,5,2,1,1.0,6.0
201100019155,0011-01-26 11:48:00,11,1,26,11,48,130,55,"244, AVE DU PRADO",,,Plein jour,En agglomération,Intersection en X,Normale,Trois véhicules et plus - en chaîne,,,,,,,,,,,1,2,2,1.0,4.0
201100019156,0011-02-05 08:30:00,11,2,5,8,30,130,55,"41, BD CHARLES MORETTI",43.32386,5.38436,Plein jour,En agglomération,Hors intersection,Normale,Autre collision,,,,,,,,,,,1,2,1,1.0,6.0
201100019157,0011-01-10 22:50:00,11,1,10,22,50,130,55,"51, BD DE LA LIBERTE",43.30219,5.38338,Nuit avec éclairage allumé,En agglomération,Intersection en X,Normale,Deux véhicules - côté,,,,,,,,,,,5,2,2,1.0,3.0
201100019158,0011-01-28 12:35:00,11,1,28,12,35,130,55,"7, BD DE LA PETITE RENTE",,,Plein jour,En agglomération,Hors intersection,Normale,Deux véhicules - arrière,,,,,,,,,,,1,2,1,1.0,2.0
201100019159,0011-01-27 12:35:00,11,1,27,12,35,130,55,"67, ALL DE LA GRANDE BAS",43.29628,5.43854,Plein jour,En agglomération,Hors intersection,Normale,Autre collision,,,,,,,,,,,1,2,1,1.0,6.0
201100019160,0011-01-13 09:30:00,11,1,13,9,30,130,55,"30, AVE DE LA POINTE ROU",43.24803,5.37483,Plein jour,En agglomération,Giratoire,Normale,Deux véhicules - côté,,,,,,,,,,,1,2,6,1.0,3.0
201100019161,0011-01-13 11:40:00,11,1,13,11,40,130,55,"1, VSN PRADO AVE",,,Plein jour,En agglomération,Hors intersection,Normale,Autre collision,,,,,,,,,,,1,2,1,1.0,6.0
201100019162,0011-01-08 16:15:00,11,1,8,16,15,130,55,"171, BD MIREILLE LAUZE",,,Plein jour,En agglomération,Hors intersection,Normale,Deux véhicules - côté,,,,,,,,,,,1,2,1,1.0,3.0
201100019163,0011-01-17 14:25:00,11,1,17,14,25,130,55,TRA DE LA MONTRE,,,Plein jour,En agglomération,Giratoire,Normale,Deux véhicules - arrière,,,,,,,,,,,1,2,6,1.0,2.0
201100019164,0011-01-02 14:25:00,11,1,2,14,25,130,55,"103, BD DE SAINT LOUP",,,Plein jour,En agglomération,Hors intersection,Normale,Deux véhicules - arrière,,,,,,,,,,,1,2,1,1.0,2.0
201100019165,0011-01-07 11:15:00,11,1,7,11,15,130,55,AVE DES ARNAVAUX,,,Plein jour,En agglomération,Hors intersection,Normale,Deux véhicules - côté,,,,,,,,,,,1,2,1,1.0,3.0
201100019166,0011-10-15 21:45:00,11,10,15,21,45,130,55,AVE FRANCOIS MIGNET,,,Nuit avec éclairage allumé,En agglomération,Hors intersection,Normale,Deux véhicules - frontale,,,,,,,,,,,5,2,1,1.0,1.0
201100019167,0011-01-07 18:00:00,11,1,7,18,0,130,55,"189, BD ROMAIN ROLLAND",,,Nuit avec éclairage allumé,En agglomération,Hors intersection,Normale,Autre collision,,,,,,,,,,,5,2,1,1.0,6.0
201100019168,0011-12-04 22:45:00,11,12,4,22,45,130,55,BD BALTHAZAR BLANC,43.34478,5.35662,Nuit avec éclairage allumé,En agglomération,Intersection en T,Normale,Deux véhicules - côté,,,,,,,,,,,5,2,3,1.0,3.0
201100019169,0011-07-02 22:00:00,11,7,2,22,0,130,55,"120, BD GAY LUSSAC",,,Nuit avec éclairage allumé,En agglomération,Hors intersection,Normale,Deux véhicules - côté,,,,,,,,,,,5,2,1,1.0,3.0
201100019170,0011-01-20 22:15:00,11,1,20,22,15,130,55,"35, PRO GEORGES POMPIDOU",,,Nuit avec éclairage allumé,En agglomération,Hors intersection,Pluie légère,Deux véhicules - arrière,,,,,,,,,,,5,2,1,2.0,2.0
201100019171,0011-08-14 04:30:00,11,8,14,4,30,130,55,"217, AVE DE SAINT ANTOIN",,,Nuit avec éclairage allumé,En agglomération,Intersection en T,Normale,Deux véhicules - arrière,,,,,,,,,,,5,2,3,1.0,2.0
201100019172,0011-02-02 19:45:00,11,2,2,19,45,130,55,"40, CHE DU VALLON DE TOU",,,Nuit avec éclairage allumé,En agglomération,Hors intersection,Normale,Deux véhicules - côté,,,,,,,,,,,5,2,1,1.0,3.0
201100019173,0011-01-23 18:40:00,11,1,23,18,40,130,55,"1, AVE YVES GIROUD",,,Crépuscule ou aube,En agglomération,Hors intersection,Normale,Deux véhicules - arrière,,,,,,,,,,,2,2,1,1.0,2.0
201100019174,0011-05-26 16:30:00,11,5,26,16,30,130,55,"529, CHE DE LA MADRAGUE",,,Plein jour,En agglomération,Hors intersection,Normale,Autre collision,,,,,,,,,,,1,2,1,1.0,6.0
201100019175,0011-01-05 23:30:00,11,1,5,23,30,130,55,AVE DE LA VISTE,,,Nuit avec éclairage allumé,En agglomération,Hors intersection,Normale,Autre collision,,,,,,,,,,,5,2,1,1.0,6.0
201100019176,0011-01-20 08:50:00,11,1,20,8,50,130,55,"1, BD DE LA SAVINE",,,Plein jour,En agglomération,Hors intersection,Normale,Autre collision,,,,,,,,,,,1,2,1,1.0,6.0
201100019177,0011-12-01 23:45:00,11,12,1,23,45,130,55,"1, AVE DU GENERAL LECLER",43.30329,5.37897,Nuit avec éclairage allumé,En agglomération,Hors intersection,Normale,Deux véhicules - côté,,,,,,,,,,,5,2,1,1.0,3.0
201100019178,0011-02-03 19:00:00,11,2,3,19,0,130,55,"359, BD MIREILLE LAUZE",,,Nuit avec éclairage allumé,En agglomération,Hors intersection,Normale,Deux véhicules - côté,,,,,,,,,,,5,2,1,1.0,3.0
201100019179,0011-02-10 01:00:00,11,2,10,1,0,130,55,"154, CHE DE LA MADRAGUE",,,Nuit avec éclairage allumé,En agglomération,Autre intersection,Normale,Deux véhicules - côté,,,,,,,,,,,5,2,9,1.0,3.0
201100019180,0011-01-04 19:00:00,11,1,4,19,0,130,55,", CHE DE SAINTE MARTHE",,,Nuit avec éclairage allumé,En agglomération,Giratoire,Normale,Deux véhicules - arrière,,,,,,,,,,,5,2,6,1.0,2.0
201100019181,0011-02-10 17:15:00,11,2,10,17,15,130,55,"00, PCE FELIX BARET",43.2918,5.37925,Plein jour,En agglomération,Hors intersection,Normale,Autre collision,,,,,,,,,,,1,2,1,1.0,6.0
201100019182,0011-01-22 12:25:00,11,1,22,12,25,130,55,"64, BD DE LA COMTESSE",,,Plein jour,En agglomération,Hors intersection,Normale,Autre collision,,,,,,,,,,,1,2,1,1.0,6.0
201100019183,0011-01-15 19:30:00,11,1,15,19,30,130,55,"258, BD ROMAIN ROLLAND",,,Nuit avec éclairage allumé,En agglomération,Hors intersection,Normale,Deux véhicules - frontale,,,,,,,,,,,5,2,1,1.0,1.0
201100019184,0011-01-07 20:35:00,11,1,7,20,35,130,55,"336, AVE DES POILUS",43.31423,5.46255,Nuit avec éclairage allumé,En agglomération,Hors intersection,Normale,Autre collision,,,,,,,,,,,5,2,1,1.0,6.0
201100019185,0011-11-29 06:10:00,11,11,29,6,10,130,55,"32, CRS LIEUTAUD",,,Nuit avec éclairage allumé,En agglomération,Hors intersection,Normale,Autre collision,,,,,,,,,,,5,2,1,1.0,6.0
201100019186,0011-01-20 17:30:00,11,1,20,17,30,130,55,"32, AVE JULES CANTINI",,,Crépuscule ou aube,En agglomération,Intersection en T,Normale,Deux véhicules - côté,,,,,,,,,,,2,2,3,1.0,3.0
201100019187,0011-01-23 16:30:00,11,1,23,16,30,130,55,"27, AVE DE SAINT MENET",,,Plein jour,En agglomération,Autre intersection,Normale,Autre collision,,,,,,,,,,,1,2,9,1.0,6.0
201100019188,0011-01-28 15:25:00,11,1,28,15,25,130,55,"95, BD CHARLES LIVON",,,Plein jour,En agglomération,Hors intersection,Normale,Deux véhicules - côté,,,,,,,,,,,1,2,1,1.0,3.0
201100019189,0011-01-22 20:50:00,11,1,22,20,50,130,55,"36, RUE D ENDOUME",,,Nuit avec éclairage allumé,En agglomération,Hors intersection,Normale,Deux véhicules - côté,,,,,,,,,,,5,2,1,1.0,3.0
201100019190,0011-01-29 19:26:00,11,1,29,19,26,130,55,"115, RUE MONTAIGNE",,,Nuit avec éclairage allumé,En agglomération,Hors intersection,Normale,Deux véhicules - arrière,,,,,,,,,,,5,2,1,1.0,2.0
201100019191,0011-01-16 01:45:00,11,1,16,1,45,130,55,"247, VSN MICHELET CONTRE",,,Nuit avec éclairage allumé,En agglomération,Hors intersection,Normale,Autre collision,,,,,,,,,,,5,2,1,1.0,6.0
201100019192,0011-11-14 11:00:00,11,11,14,11,0,130,55,"32, AVE DE LA CROIX ROUG",,,Plein jour,En agglomération,Hors intersection,Normale,Trois véhicules et plus - en chaîne,,,,,,,,,,,1,2,1,1.0,4.0
201100019193,0011-02-06 01:50:00,11,2,6,1,50,130,55,CHE DE LA PARETTE,,,Nuit avec éclairage allumé,En agglomération,Hors intersection,Normale,Autre collision,,,,,,,,,,,5,2,1,1.0,6.0
201100019194,0011-11-22 16:00:00,11,11,22,16,0,130,55,"32, RUE GEORGE",,,Plein jour,En agglomération,Hors intersection,Normale,Deux véhicules - côté,,,,,,,,,,,1,2,1,1.0,3.0
201100019195,0011-01-22 09:30:00,11,1,22,9,30,130,55,"00, RUE PIERRE DOIZE",,,Plein jour,En agglomération,Intersection en T,Normale,Autre collision,,,,,,,,,,,1,2,3,1.0,6.0
201100019196,0011-01-29 19:50:00,11,1,29,19,50,130,55,AVE DE SAINT MENET,,,Nuit avec éclairage allumé,En agglomération,Autre intersection,Pluie légère,Deux véhicules - arrière,,,,,,,,,,,5,2,9,2.0,2.0
201100019197,0011-01-28 15:00:00,11,1,28,15,0,130,55,"8, AVE DES OLIVES",,,Plein jour,En agglomération,Hors intersection,Normale,Deux véhicules - côté,,,,,,,,,,,1,2,1,1.0,3.0
201100019198,0011-01-21 22:45:00,11,1,21,22,45,130,55,AVE FREDERIC MISTRAL,,,Nuit avec éclairage allumé,En agglomération,Hors intersection,Autre,Autre collision,,,,,,,,,,,5,2,1,9.0,6.0
201100019199,0011-01-20 21:15:00,11,1,20,21,15,130,55,"90, AVE DU PRADO",,,Nuit avec éclairage allumé,En agglomération,Intersection en X,Normale,Deux véhicules - côté,,,,,,,,,,,5,2,2,1.0,3.0
201100019200,0011-02-04 11:40:00,11,2,4,11,40,130,55,"58, CHE DE LA COMMANDERI",,,Plein jour,En agglomération,Hors intersection,Normale,Autre collision,,,,,,,,,,,1,2,1,1.0,6.0
201100019201,0011-01-29 01:00:00,11,1,29,1,0,130,55,AVE FREDERIC MISTRAL,,,Nuit avec éclairage allumé,En agglomération,Hors intersection,Normale,Trois véhicules et plus - collisions multiples,,,,,,,,,,,5,2,1,1.0,5.0
201100019202,0011-12-27 00:40:00,11,12,27,0,40,130,55,"101, PRO GEORGES POMPIDO",43.26262,5.37437,Nuit avec éclairage allumé,En agglomération,Hors intersection,Normale,Autre collision,,,,,,,,,,,5,2,1,1.0,6.0
201100019203,0011-02-04 13:20:00,11,2,4,13,20,130,55,"120, BD DE LA MILLIERE",,,Plein jour,En agglomération,Hors intersection,Normale,Autre collision,,,,,,,,,,,1,2,1,1.0,6.0
201100019204,0011-01-26 07:50:00,11,1,26,7,50,130,55,"00, TRA DE LA MARTINE",,,Crépuscule ou aube,En agglomération,Hors intersection,Normale,Autre collision,,,,,,,,,,,2,2,1,1.0,6.0
201100019205,0011-01-17 07:55:00,11,1,17,7,55,130,55,"00, AVE FILLOL",,,Crépuscule ou aube,En agglomération,Intersection en T,Normale,Autre collision,,,,,,,,,,,2,2,3,1.0,6.0
201100019206,0011-11-07 11:36:00,11,11,7,11,36,130,55,BD PIERRE DRAMARD,,,Plein jour,En agglomération,Hors intersection,Normale,Deux véhicules - côté,,,,,,,,,,,1,2,1,1.0,3.0
201100019207,0011-02-02 08:15:00,11,2,2,8,15,130,55,"00, BD MIREILLE LAUZE",,,Plein jour,En agglomération,Hors intersection,Normale,Autre collision,,,,,,,,,,,1,2,1,1.0,6.0
201100019208,0011-02-02 08:10:00,11,2,2,8,10,130,55,"128, BD DE SAINT MARCEL",43.28812,5.46332,Plein jour,En agglomération,Hors intersection,Normale,Autre collision,,,,,,,,,,,1,2,1,1.0,6.0
201100019209,0011-01-13 17:00:00,11,1,13,17,0,130,55,"201, BD MICHELET",,,Crépuscule ou aube,En agglomération,Hors intersection,Normale,Deux véhicules - arrière,,,,,,,,,,,2,2,1,1.0,2.0
201100019210,0011-01-28 17:25:00,11,1,28,17,25,130,55,"34, BD DU REDON",,,Crépuscule ou aube,En agglomération,Hors intersection,Normale,Deux véhicules - côté,,,,,,,,,,,2,2,1,1.0,3.0
201100019211,0011-02-09 16:40:00,11,2,9,16,40,130,55,"21, TRA MUSSO",43.24507,5.38415,Plein jour,En agglomération,Intersection en T,Normale,Deux véhicules - côté,,,,,,,,,,,1,2,3,1.0,3.0
201100019212,0011-09-28 12:05:00,11,9,28,12,5,130,55,"24A, CHE JOSEPH AIGUIER",,,Plein jour,En agglomération,Hors intersection,Normale,Deux véhicules - côté,,,,,,,,,,,1,2,1,1.0,3.0
201100019213,0011-08-30 16:20:00,11,8,30,16,20,130,55,"72, AVE DE LATTRE DE TAS",,,Plein jour,En agglomération,Hors intersection,Normale,Sans collision,,,,,,,,,,,1,2,1,1.0,7.0
201100019214,0011-02-09 11:30:00,11,2,9,11,30,130,55,"51, BD DE LA PADOUANE",,,Plein jour,En agglomération,Hors intersection,Normale,Deux véhicules - côté,,,,,,,,,,,1,2,1,1.0,3.0
201100019215,0011-11-13 16:30:00,11,11,13,16,30,130,55,"72, AVE DE LATTRE DE TAS",,,Plein jour,En agglomération,Hors intersection,Normale,Deux véhicules - côté,,,,,,,,,,,1,2,1,1.0,3.0
201100019216,0011-02-01 18:00:00,11,2,1,18,0,130,55,"00, RPT VERRERIE LAFFON",,,Crépuscule ou aube,En agglomération,Giratoire,Normale,Deux véhicules - côté,,,,,,,,,,,2,2,6,1.0,3.0
201100019217,0011-08-06 18:30:00,11,8,6,18,30,130,55,CHE DE LA COLLINE SAINT,,,Plein jour,En agglomération,Intersection en Y,Normale,Deux véhicules - côté,,,,,,,,,,,1,2,4,1.0,3.0