accident_id,datetime,annee,mois,jour,heure,minute,departement,commune_insee,adresse,latitude,longitude,luminosite,agglomeration,intersection,meteo,collision,nb_vehicules,nb_usagers,nb_indemnes,nb_tues,nb_blesses_hosp,nb_blesses_legers,age_cond_1,age_cond_2,veh_type_cond_1,veh_type_cond_2,lum_code,agg_code,int_code,atm_code,col_code
201100019218,0011-01-23 13:45:00,11,1,23,13,45,130,55,"47, RUE D ENDOUME",,,Plein jour,En agglomération,Hors intersection,Normale,Sans collision,,,,,,,,,,,1,2,1,1.0,7.0
201100019219,0011-01-20 12:15:00,11,1,20,12,15,130,55,"5, RUE CAPITAINE DESSEMO",,,Plein jour,En agglomération,Hors intersection,Normale,Deux véhicules - côté,,,,,,,,,,,1,2,1,1.0,3.0
201100019220,0011-02-09 08:25:00,11,2,9,8,25,130,75,"7, Frederic CHEVILLON (A",43.345,5.46073,Plein jour,En agglomération,Intersection en T,Normale,Deux véhicules - arrière,,,,,,,,,,,1,2,3,1.0,2.0
201100019221,0011-02-08 11:10:00,11,2,8,11,10,130,75,"70, L'ENJOLRAS (AVE DE)",43.33962,5.45511,Plein jour,En agglomération,Hors intersection,Normale,Autre collision,,,,,,,,,,,1,2,1,1.0,6.0
201100019222,0011-01-27 07:15:00,11,1,27,7,15,130,55,"61, RUE PAUL LANGEVIN",,,Plein jour,En agglomération,Intersection en T,Normale,Deux véhicules - arrière,,,,,,,,,,,1,2,3,1.0,2.0
201100019223,0011-02-12 16:15:00,11,2,12,16,15,130,55,"67, RUE DE LA MAURELLE",,,Plein jour,En agglomération,Hors intersection,Normale,Autre collision,,,,,,,,,,,1,2,1,1.0,6.0
201100019224,0011-02-12 20:00:00,11,2,12,20,0,130,55,"156, AVE DE FRAIS VALLON",,,Crépuscule ou aube,En agglomération,Hors intersection,Normale,Deux véhicules - côté,,,,,,,,,,,2,2,1,1.0,3.0
201100019225,0011-09-06 18:00:00,11,9,6,18,0,130,55,"52, CHE DE NOTRE DAME DE",,,Plein jour,En agglomération,Hors intersection,Normale,Trois véhicules et plus - collisions multiples,,,,,,,,,,,1,2,1,1.0,5.0
201100019226,0011-02-16 23:05:00,11,2,16,23,5,130,55,"142, AVE DE LA VISTE",43.36246,5.35725,Nuit avec éclairage allumé,En agglomération,Hors intersection,Normale,Autre collision,,,,,,,,,,,5,2,1,1.0,6.0
201100019227,0011-02-12 17:45:00,11,2,12,17,45,130,55,"493, CHE DE LA MADRAGUE",43.34385,5.35374,Plein jour,En agglomération,Hors intersection,Normale,Deux véhicules - côté,,,,,,,,,,,1,2,1,1.0,3.0
201100019228,0011-12-22 00:30:00,11,12,22,0,30,130,55,"81, RUE BRETEUIL",43.28853,5.37655,Nuit avec éclairage allumé,En agglomération,Hors intersection,Normale,Autre collision,,,,,,,,,,,5,2,1,1.0,6.0
201100019229,0011-01-08 09:20:00,11,1,8,9,20,130,55,"1, RUE DE LA CASCADE",,,Plein jour,En agglomération,Hors intersection,Normale,Autre collision,,,,,,,,,,,1,2,1,1.0,6.0
201100019230,0011-02-12 17:00:00,11,2,12,17,0,130,55,"148, CRS LIEUTAUD",,,Plein jour,En agglomération,Hors intersection,Normale,Deux véhicules - arrière,,,,,,,,,,,1,2,1,1.0,2.0
201100019231,0011-01-25 18:30:00,11,1,25,18,30,130,55,"19, BD SAKAKINI",,,Nuit avec éclairage allumé,En agglomération,Hors intersection,Normale,Autre collision,,,,,,,,,,,5,2,1,1.0,6.0
201100019232,0011-02-01 16:20:00,11,2,1,16,20,130,55,"178, BD FRANCOISE DUPARC",,,Plein jour,En agglomération,Hors intersection,Normale,Deux véhicules - arrière,,,,,,,,,,,1,2,1,1.0,2.0
201100019233,0011-01-14 09:55:00,11,1,14,9,55,130,55,"24, ALL LEON GAMBETTA",43.29907,5.38221,Plein jour,En agglomération,Intersection en T,Normale,Deux véhicules - côté,,,,,,,,,,,1,2,3,1.0,3.0
201100019234,0011-02-05 13:20:00,11,2,5,13,20,130,55,"181, AVE DU VINGT QUATRE",,,Plein jour,En agglomération,Hors intersection,Normale,Deux véhicules - côté,,,,,,,,,,,1,2,1,1.0,3.0
201100019235,0011-02-01 09:15:00,11,2,1,9,15,130,2,"0, PROVENCE (AVENUE DE)",,,Plein jour,En agglomération,Intersection en T,Normale,Deux véhicules - côté,,,,,,,,,,,1,2,3,1.0,3.0
201100019236,0011-02-04 06:30:00,11,2,4,6,30,130,55,"1, RPT PERE WRESINKI",,,Nuit avec éclairage allumé,En agglomération,Hors intersection,Normale,Deux véhicules - côté,,,,,,,,,,,5,2,1,1.0,3.0
201100019237,0011-12-26 11:10:00,11,12,26,11,10,130,55,AVE DU CAP PINEDE ROC 3,,,Plein jour,En agglomération,Hors intersection,Normale,Sans collision,,,,,,,,,,,1,2,1,1.0,7.0
201100019238,0011-01-11 07:30:00,11,1,11,7,30,130,55,AVE DE LA CROIX ROUGE,,,Nuit avec éclairage allumé,En agglomération,Hors intersection,Normale,Deux véhicules - frontale,,,,,,,,,,,5,2,1,1.0,1.0
201100019239,0011-02-08 12:00:00,11,2,8,12,0,130,55,"30, BD JEAN MOULIN",,,Plein jour,En agglomération,Hors intersection,Normale,Deux véhicules - arrière,,,,,,,,,,,1,2,1,1.0,2.0
201100019240,0011-02-13 18:00:00,11,2,13,18,0,130,55,"278, BD CHAVE",,,Nuit avec éclairage allumé,En agglomération,Hors intersection,Normale,Autre collision,,,,,,,,,,,5,2,1,1.0,6.0
201100019241,0011-01-29 22:00:00,11,1,29,22,0,130,55,"38, AVE DE LA VISTE",,,Nuit avec éclairage allumé,En agglomération,Hors intersection,Normale,Deux véhicules - côté,,,,,,,,,,,5,2,1,1.0,3.0
201100019242,0011-12-27 11:00:00,11,12,27,11,0,130,55,"180, AVE DE LA CAPELETTE",,,Plein jour,En agglomération,Hors intersection,Normale,Deux véhicules - côté,,,,,,,,,,,1,2,1,1.0,3.0
201100019243,0011-02-02 07:00:00,11,2,2,7,0,130,55,"62, VSN DE LATTRE DE TAS",,,Plein jour,En agglomération,Hors intersection,Normale,Sans collision,,,,,,,,,,,1,2,1,1.0,7.0
201100019244,0011-02-07 07:30:00,11,2,7,7,30,130,55,"40, AVE DE SAINT JULIEN",43.30493,5.41621,Crépuscule ou aube,En agglomération,Hors intersection,Normale,Autre collision,,,,,,,,,,,2,2,1,1.0,6.0
201100019245,0011-02-06 16:15:00,11,2,6,16,15,130,55,"18, RUE RAPHAEL",,,Plein jour,En agglomération,Hors intersection,Normale,Deux véhicules - côté,,,,,,,,,,,1,2,1,1.0,3.0
201100019246,0011-01-20 13:45:00,11,1,20,13,45,130,55,"506, RUE PARADIS",,,Plein jour,En agglomération,Hors intersection,Normale,Autre collision,,,,,,,,,,,1,2,1,1.0,6.0
201100019247,0011-02-07 10:20:00,11,2,7,10,20,130,55,"25, RUE NEGRESKO",,,Plein jour,En agglomération,Hors intersection,Normale,Deux véhicules - arrière,,,,,,,,,,,1,2,1,1.0,2.0
201100019248,0011-02-03 07:55:00,11,2,3,7,55,130,55,"123, BD ROMAIN ROLLAND",,,Crépuscule ou aube,En agglomération,Hors intersection,Normale,Autre collision,,,,,,,,,,,2,2,1,1.0,6.0
201100019249,0011-02-10 15:45:00,11,2,10,15,45,130,55,"1, CHE DE LA MADRAGUE VI",,,Plein jour,En agglomération,Hors intersection,Normale,Deux véhicules - côté,,,,,,,,,,,1,2,1,1.0,3.0
201100019250,0011-02-09 21:15:00,11,2,9,21,15,130,55,CHE DE SAINTE MARTHE,,,Nuit avec éclairage allumé,En agglomération,Hors intersection,Normale,Deux véhicules - côté,,,,,,,,,,,5,2,1,1.0,3.0
201100019251,0011-02-05 00:30:00,11,2,5,0,30,130,55,"00, PCE JEAN JAURES",,,Nuit avec éclairage allumé,En agglomération,Hors intersection,Normale,Autre collision,,,,,,,,,,,5,2,1,1.0,6.0
201100019252,0011-02-18 04:30:00,11,2,18,4,30,130,55,BD DU MARECHAL JUIN,43.3114,5.40329,Nuit avec éclairage allumé,En agglomération,Hors intersection,Normale,Autre collision,,,,,,,,,,,5,2,1,1.0,6.0
201100019253,0011-02-17 11:45:00,11,2,17,11,45,130,55,"00, AVE DE MIRAMAS",,,Plein jour,En agglomération,Hors intersection,Pluie légère,Autre collision,,,,,,,,,,,1,2,1,2.0,6.0
201100019254,0011-02-12 08:45:00,11,2,12,8,45,130,55,"3, PCE JEAN JAURES",43.29602,5.38686,Plein jour,En agglomération,Hors intersection,Normale,Autre collision,,,,,,,,,,,1,2,1,1.0,6.0
201100019255,0011-02-12 19:45:00,11,2,12,19,45,130,55,"244, AVE DES OLIVES",43.32414,5.44365,Nuit avec éclairage allumé,En agglomération,Hors intersection,Normale,Autre collision,,,,,,,,,,,5,2,1,1.0,6.0
201100019256,0011-02-15 16:20:00,11,2,15,16,20,130,55,AVE JEAN PAUL SARTRE,,,Plein jour,En agglomération,Hors intersection,Normale,Sans collision,,,,,,,,,,,1,2,1,1.0,7.0
201100019257,0011-02-14 12:30:00,11,2,14,12,30,130,55,"01, AVE DE VALDONNE",,,Plein jour,En agglomération,Intersection en T,Pluie légère,Deux véhicules - frontale,,,,,,,,,,,1,2,3,2.0,1.0
201100019258,0011-02-14 10:20:00,11,2,14,10,20,130,55,AVE DES OLIVES,,,Plein jour,En agglomération,Intersection à plus de 4 branches,Temps couvert,Deux véhicules - côté,,,,,,,,,,,1,2,5,8.0,3.0
201100019259,0011-02-15 09:15:00,11,2,15,9,15,130,55,"44, VOI LA CANEBIERE",,,Plein jour,En agglomération,Hors intersection,Normale,Sans collision,,,,,,,,,,,1,2,1,1.0,7.0
201100019260,0011-01-11 10:30:00,11,1,11,10,30,130,55,"3, PCE EDMOND AUDRAN",,,Plein jour,En agglomération,Hors intersection,Normale,Autre collision,,,,,,,,,,,1,2,1,1.0,6.0
201100019261,0011-02-20 05:45:00,11,2,20,5,45,130,55,"199, BD DE SAINTE MARGUE",,,Nuit avec éclairage allumé,En agglomération,Intersection en X,Normale,Autre collision,,,,,,,,,,,5,2,2,1.0,6.0
201100019262,0011-02-18 19:45:00,11,2,18,19,45,130,55,"57, RUE AVIATEUR LE BRIX",,,Nuit avec éclairage allumé,En agglomération,Hors intersection,Normale,Deux véhicules - arrière,,,,,,,,,,,5,2,1,1.0,2.0
201100019263,0011-02-16 12:00:00,11,2,16,12,0,130,55,"1, PCE JULES GUESDE",,,Plein jour,En agglomération,Hors intersection,Normale,Autre collision,,,,,,,,,,,1,2,1,1.0,6.0
201100019264,0011-02-15 15:00:00,11,2,15,15,0,130,55,"35, PCE JULES GUESDE",43.30189,5.37438,Plein jour,En agglomération,Hors intersection,Temps couvert,Deux véhicules - côté,,,,,,,,,,,1,2,1,8.0,3.0
201100019265,0011-02-04 10:30:00,11,2,4,10,30,130,55,"138, AVE DES OLIVES",,,Plein jour,En agglomération,Intersection en T,Normale,Autre collision,,,,,,,,,,,1,2,3,1.0,6.0
201100019266,0011-02-22 02:15:00,11,2,22,2,15,130,55,"1, BD JEAN MOULIN",,,Nuit avec éclairage allumé,En agglomération,Hors intersection,Pluie légère,Deux véhicules - côté,,,,,,,,,,,5,2,1,2.0,3.0
201100019267,0011-02-18 19:10:00,11,2,18,19,10,130,55,"18, BD DE DUNKERQUE",,,Nuit avec éclairage allumé,En agglomération,Hors intersection,Normale,Deux véhicules - arrière,,,,,,,,,,,5,2,1,1.0,2.0
201100019268,0011-01-07 16:30:00,11,1,7,16,30,130,55,"363, COR PRESIDENT JOHN",,,Plein jour,En agglomération,Hors intersection,Normale,Deux véhicules - côté,,,,,,,,,,,1,2,1,1.0,3.0
201100019269,0011-02-11 22:40:00,11,2,11,22,40,130,55,"136, RUE PARADIS",43.28768,5.37929,Nuit avec éclairage allumé,En agglomération,Intersection en T,Normale,Deux véhicules - côté,,,,,,,,,,,5,2,3,1.0,3.0
201100019270,0011-02-18 13:40:00,11,2,18,13,40,130,55,"222, RUE SAINT PIERRE",,,Plein jour,En agglomération,Hors intersection,Normale,Autre collision,,,,,,,,,,,1,2,1,1.0,6.0
201100019271,0011-01-04 14:15:00,11,1,4,14,15,130,55,"172, RUE DE ROME",,,Plein jour,En agglomération,Hors intersection,Normale,Deux véhicules - arrière,,,,,,,,,,,1,2,1,1.0,2.0
201100019272,0011-02-18 16:40:00,11,2,18,16,40,130,55,RUE DES HAUTS BOIS,,,Plein jour,En agglomération,Intersection en T,Normale,Sans collision,,,,,,,,,,,1,2,3,1.0,7.0
201100019273,0011-02-16 00:45:00,11,2,16,0,45,130,55,"55, AVE CAMILLE PELLETAN",,,Nuit avec éclairage allumé,En agglomération,Intersection en T,Normale,Deux véhicules - côté,,,,,,,,,,,5,2,3,1.0,3.0
201100019274,0011-02-20 10:50:00,11,2,20,10,50,130,55,"33, AVE DE SAINT JUST",,,Plein jour,En agglomération,Hors intersection,Normale,Deux véhicules - côté,,,,,,,,,,,1,2,1,1.0,3.0
201100019275,0011-02-19 22:00:00,11,2,19,22,0,130,55,"38, ALL DES ANCIENS COMB",43.37375,5.35528,Nuit avec éclairage non allumé,En agglomération,Hors intersection,Normale,Deux véhicules - côté,,,,,,,,,,,4,2,1,1.0,3.0
201100019276,0011-02-02 10:10:00,11,2,2,10,10,130,55,"564, AVE DU PRADO",,,Plein jour,En agglomération,Hors intersection,Normale,Deux véhicules - côté,,,,,,,,,,,1,2,1,1.0,3.0
201100019277,0011-01-25 16:40:00,11,1,25,16,40,130,55,"2, AVE DU VINGT QUATRE A",,,Plein jour,En agglomération,Hors intersection,Normale,Deux véhicules - côté,,,,,,,,,,,1,2,1,1.0,3.0
201100019278,0011-02-15 09:20:00,11,2,15,9,20,130,55,"411, AVE DU PRADO",,,Plein jour,En agglomération,Intersection en T,Normale,Deux véhicules - côté,,,,,,,,,,,1,2,3,1.0,3.0
201100019279,0011-02-16 14:30:00,11,2,16,14,30,130,55,"74, AVE DE LATTRE DE TAS",43.24656,5.40821,Plein jour,En agglomération,Intersection en T,Temps couvert,Deux véhicules - côté,,,,,,,,,,,1,2,3,8.0,3.0
201100019280,0011-02-12 21:26:00,11,2,12,21,26,130,55,"67, BD RABATAU",43.27542,5.39589,Nuit avec éclairage allumé,En agglomération,Intersection en X,Normale,Deux véhicules - frontale,,,,,,,,,,,5,2,2,1.0,1.0
201100019281,0011-02-16 12:15:00,11,2,16,12,15,130,55,"38, AVE JEAN LOMBARD",,,Plein jour,En agglomération,Intersection en T,Temps couvert,Deux véhicules - côté,,,,,,,,,,,1,2,3,8.0,3.0
201100019282,0011-01-10 14:30:00,11,1,10,14,30,130,55,RUE DU DOCTEUR CAUVIN,,,Plein jour,En agglomération,Hors intersection,Normale,Deux véhicules - côté,,,,,,,,,,,1,2,1,1.0,3.0
201100019283,0011-02-14 07:25:00,11,2,14,7,25,130,55,"156, RPT VALENTINE SABLI",,,Crépuscule ou aube,En agglomération,Giratoire,Pluie légère,Autre collision,,,,,,,,,,,2,2,6,2.0,6.0
201100019284,0011-02-18 20:15:00,11,2,18,20,15,130,55,"431, AVE DE MAZARGUES",,,Nuit avec éclairage allumé,En agglomération,Hors intersection,Normale,Deux véhicules - arrière,,,,,,,,,,,5,2,1,1.0,2.0
201100019285,0011-02-12 13:30:00,11,2,12,13,30,130,55,"21, BD DE LA CONCORDE",,,Plein jour,En agglomération,Hors intersection,Normale,Autre collision,,,,,,,,,,,1,2,1,1.0,6.0
201100019286,0011-01-24 12:00:00,11,1,24,12,0,130,55,"160, AVE DU PRADO",,,Plein jour,En agglomération,Hors intersection,Normale,Autre collision,,,,,,,,,,,1,2,1,1.0,6.0
201100019287,0011-01-31 08:00:00,11,1,31,8,0,130,55,"1, RUE BERNEX",,,Plein jour,En agglomération,Intersection en T,Pluie légère,Deux véhicules - côté,,,,,,,,,,,1,2,3,2.0,3.0
201100019288,0011-01-26 10:50:00,11,1,26,10,50,130,55,ALL TURCAT MERY,,,Plein jour,En agglomération,Hors intersection,Normale,Autre collision,,,,,,,,,,,1,2,1,1.0,6.0
201100019289,0011-02-05 12:30:00,11,2,5,12,30,130,55,"3, BD DE PONT DE VIVAUX",,,Plein jour,En agglomération,Hors intersection,Normale,Deux véhicules - arrière,,,,,,,,,,,1,2,1,1.0,2.0
201100019290,0011-06-12 16:30:00,11,6,12,16,30,130,55,"000, PGE DE L' ESTAQUE",,,Plein jour,En agglomération,Hors intersection,Normale,Deux véhicules - arrière,,,,,,,,,,,1,2,1,1.0,2.0
201100019291,0011-02-16 13:00:00,11,2,16,13,0,130,55,"00, BD NATIONAL",,,Plein jour,En agglomération,Hors intersection,Normale,Autre collision,,,,,,,,,,,1,2,1,1.0,6.0
201100019292,0011-02-17 22:50:00,11,2,17,22,50,130,55,"3, QAI DU PORT",,,Nuit avec éclairage allumé,En agglomération,Hors intersection,Normale,Deux véhicules - arrière,,,,,,,,,,,5,2,1,1.0,2.0
201100019293,0011-02-19 23:00:00,11,2,19,23,0,130,55,"55, BD JEAN MOULIN",43.28865,5.40033,Nuit avec éclairage allumé,En agglomération,Hors intersection,Normale,Deux véhicules - côté,,,,,,,,,,,5,2,1,1.0,3.0
201100019294,0011-02-17 06:45:00,11,2,17,6,45,130,55,"39, BD ROMAIN ROLLAND",,,Plein jour,En agglomération,Intersection en T,Normale,Deux véhicules - côté,,,,,,,,,,,1,2,3,1.0,3.0
201100019295,0011-02-27 22:00:00,11,2,27,22,0,130,55,"69, BD DU CAPITAINE GEZE",43.33156,5.37608,Nuit avec éclairage allumé,En agglomération,Hors intersection,Normale,Trois véhicules et plus - collisions multiples,,,,,,,,,,,5,2,1,1.0,5.0
201100019296,0011-02-26 06:00:00,11,2,26,6,0,130,55,AVE DES OLIVES,,,Nuit avec éclairage allumé,En agglomération,Intersection en T,Normale,Deux véhicules - frontale,,,,,,,,,,,5,2,3,1.0,1.0
201100019297,0011-02-18 10:45:00,11,2,18,10,45,130,55,"1, RUE ANDRE ISAIA",,,Plein jour,En agglomération,Hors intersection,Pluie légère,Autre collision,,,,,,,,,,,1,2,1,2.0,6.0
201100019298,0011-02-20 13:00:00,11,2,20,13,0,130,55,"38, RUE FRANCOIS MAURIAC",,,Plein jour,En agglomération,Hors intersection,Normale,Deux véhicules - côté,,,,,,,,,,,1,2,1,1.0,3.0
201100019299,0011-02-15 18:00:00,11,2,15,18,0,130,55,RTE LEON LACHAMP,,,Nuit sans éclairage public,En agglomération,Hors intersection,Temps couvert,Deux véhicules - côté,,,,,,,,,,,3,2,1,8.0,3.0
201100019300,0011-02-03 08:15:00,11,2,3,8,15,130,55,"191, AVE DE LA CAPELETTE",,,Plein jour,En agglomération,Hors intersection,Normale,Deux véhicules - arrière,,,,,,,,,,,1,2,1,1.0,2.0
201100019301,0011-02-10 17:30:00,11,2,10,17,30,130,55,"00, RUE CHATEAUREDON",,,Plein jour,En agglomération,Hors intersection,Normale,Autre collision,,,,,,,,,,,1,2,1,1.0,6.0
201100019302,0011-11-25 16:15:00,11,11,25,16,15,130,55,"41, AVE ALEXANDRE ANSALD",,,Plein jour,En agglomération,Hors intersection,Normale,Autre collision,,,,,,,,,,,1,2,1,1.0,6.0
201100019303,0011-02-16 07:35:00,11,2,16,7,35,130,55,"00, AVE DE LATTRE DE TAS",,,Crépuscule ou aube,En agglomération,Hors intersection,Normale,Deux véhicules - arrière,,,,,,,,,,,2,2,1,1.0,2.0
201100019304,0011-02-19 13:30:00,11,2,19,13,30,130,55,"19, PCE JEAN JAURES",,,Plein jour,En agglomération,Hors intersection,Normale,Autre collision,,,,,,,,,,,1,2,1,1.0,6.0
201100019305,0011-11-17 23:15:00,11,11,17,23,15,130,55,RUE BRETEUIL,,,Nuit avec éclairage allumé,En agglomération,Intersection en X,Normale,Deux véhicules - côté,,,,,,,,,,,5,2,2,1.0,3.0
201100019306,0011-02-17 19:40:00,11,2,17,19,40,130,55,"23, RUE DE LA REPUBLIQUE",43.29818,5.37238,Nuit avec éclairage allumé,En agglomération,Hors intersection,Pluie légère,Deux véhicules - arrière,,,,,,,,,,,5,2,1,2.0,2.0
201100019307,0011-02-05 11:00:00,11,2,5,11,0,130,55,"185 A, RUE DE ROME",,,Plein jour,En agglomération,Hors intersection,Normale,Deux véhicules - côté,,,,,,,,,,,1,2,1,1.0,3.0
201100019308,0011-02-15 15:15:00,11,2,15,15,15,130,55,"12, RUE EMILE DUCLAUX",,,Plein jour,En agglomération,Hors intersection,Temps couvert,Deux véhicules - côté,,,,,,,,,,,1,2,1,8.0,3.0
201100019309,0011-02-10 11:15:00,11,2,10,11,15,130,55,"40, RUE D ENDOUME",,,Plein jour,En agglomération,Hors intersection,Normale,Deux véhicules - frontale,,,,,,,,,,,1,2,1,1.0,1.0
201100019310,0011-02-15 17:30:00,11,2,15,17,30,130,55,"230, BD CHAVE",,,Crépuscule ou aube,En agglomération,Hors intersection,Pluie légère,Autre collision,,,,,,,,,,,2,2,1,2.0,6.0
201100019311,0011-02-16 14:35:00,11,2,16,14,35,130,2,ETIENNE CUCCA-CD908 (AVE,,,Plein jour,Hors agglomération,Hors intersection,Pluie légère,Deux véhicules - arrière,,,,,,,,,,,1,1,1,2.0,2.0
201100019312,0011-02-01 10:00:00,11,2,1,10,0,130,55,"28, ESP DE LA TOURETTE",43.29786,5.36442,Plein jour,En agglomération,Hors intersection,Normale,Sans collision,,,,,,,,,,,1,2,1,1.0,7.0
201100019313,0011-02-20 18:50:00,11,2,20,18,50,130,55,"18, AVE DE VALDONNE",,,Nuit avec éclairage allumé,En agglomération,Intersection en T,Normale,Autre collision,,,,,,,,,,,5,2,3,1.0,6.0
201100019314,0011-02-19 15:25:00,11,2,19,15,25,130,55,"128, CHE DES MOURETS",43.35996,5.43188,Plein jour,En agglomération,Hors intersection,Normale,Autre collision,,,,,,,,,,,1,2,1,1.0,6.0
201100019315,0011-10-24 17:40:00,11,10,24,17,40,130,55,"00, CHE DU LITTORAL",,,Plein jour,En agglomération,Hors intersection,Normale,Autre collision,,,,,,,,,,,1,2,1,1.0,6.0
201100019316,0011-01-11 08:30:00,11,1,11,8,30,130,55,"78, AVE JULES CANTINI",,,Plein jour,En agglomération,Hors intersection,Normale,Sans collision,,,,,,,,,,,1,2,1,1.0,7.0
201100019317,0011-02-25 14:50:00,11,2,25,14,50,130,55,"39, CRS PIERRE PUGET",,,Plein jour,En agglomération,Hors intersection,Normale,Autre collision,,,,,,,,,,,1,2,1,1.0,6.0
201100019318,0011-03-01 09:45:00,11,3,1,9,45,130,55,"00, PAL BOULEVARD RABATA",,,Plein jour,En agglomération,Hors intersection,Normale,Sans collision,,,,,,,,,,,1,2,1,1.0,7.0
201100019319,0011-02-02 11:40:00,11,2,2,11,40,130,55,"32, BD DE LA CARTONNERIE",,,Plein jour,En agglomération,Hors intersection,Normale,Sans collision,,,,,,,,,,,1,2,1,1.0,7.0
201100019320,0011-12-31 17:55:00,11,12,31,17,55,130,55,"7, AVE DE CHATEAU GOMBER",43.35182,5.43427,Plein jour,En agglomération,Hors intersection,Normale,Deux véhicules - côté,,,,,,,,,,,1,2,1,1.0,3.0
201100019321,0011-02-15 09:39:00,11,2,15,9,39,130,55,"411, AVE DU PRADO",,,Plein jour,En agglomération,Hors intersection,Normale,Deux véhicules - côté,,,,,,,,,,,1,2,1,1.0,3.0
201100019322,0011-02-14 08:20:00,11,2,14,8,20,130,55,"137, CV DE MORGIOU",,,Plein jour,En agglomération,Intersection en X,Normale,Deux véhicules - côté,,,,,,,,,,,1,2,2,1.0,3.0
201100019323,0011-12-29 22:15:00,11,12,29,22,15,130,55,"79, BD DE STRASBOURG",,,Nuit avec éclairage allumé,En agglomération,Intersection en X,Normale,Autre collision,,,,,,,,,,,5,2,2,1.0,6.0
201100019324,0011-02-01 19:45:00,11,2,1,19,45,130,55,"48, BD RABATAU",,,Nuit avec éclairage allumé,En agglomération,Hors intersection,Normale,Deux véhicules - frontale,,,,,,,,,,,5,2,1,1.0,1.0
201100019325,0011-02-27 07:30:00,11,2,27,7,30,130,55,"69, BD CHAVE",,,Plein jour,En agglomération,Hors intersection,Normale,Sans collision,,,,,,,,,,,1,2,1,1.0,7.0
201100019326,0011-07-15 14:30:00,11,7,15,14,30,130,55,"263, BD ROMAIN ROLLAND",,,Plein jour,En agglomération,Hors intersection,Normale,Autre collision,,,,,,,,,,,1,2,1,1.0,6.0
201100019327,0011-02-14 13:50:00,11,2,14,13,50,130,55,"1, RPT DE MAZARGUES",,,Plein jour,En agglomération,Giratoire,Pluie légère,Deux véhicules - côté,,,,,,,,,,,1,2,6,2.0,3.0
201100019328,0011-02-19 16:10:00,11,2,19,16,10,130,55,"1, PRO DU GRAND LARGE",,,Plein jour,En agglomération,Intersection en T,Normale,Deux véhicules - côté,,,,,,,,,,,1,2,3,1.0,3.0
201100019329,0011-02-24 13:50:00,11,2,24,13,50,130,55,"64, BD MIREILLE LAUZE",,,Plein jour,En agglomération,Hors intersection,Temps couvert,Deux véhicules - côté,,,,,,,,,,,1,2,1,8.0,3.0
201100019330,0011-02-25 19:20:00,11,2,25,19,20,130,55,"47, BD FRANCOISE DUPARC",,,Nuit avec éclairage allumé,En agglomération,Hors intersection,Normale,Autre collision,,,,,,,,,,,5,2,1,1.0,6.0
201100019331,0011-12-16 17:30:00,11,12,16,17,30,130,55,"8, BD DE PONT DE VIVAUX",,,Nuit avec éclairage allumé,En agglomération,Hors intersection,Temps couvert,Autre collision,,,,,,,,,,,5,2,1,8.0,6.0
201100019332,0011-12-13 15:00:00,11,12,13,15,0,130,55,"5, CRS LIEUTAUD",43.2955,5.38165,Plein jour,En agglomération,Hors intersection,Normale,Deux véhicules - côté,,,,,,,,,,,1,2,1,1.0,3.0
201100019333,0011-02-13 20:00:00,11,2,13,20,0,130,55,"33, RUE WULFRAM PUGET",,,Nuit avec éclairage allumé,En agglomération,Hors intersection,Normale,Sans collision,,,,,,,,,,,5,2,1,1.0,7.0
201100019334,0011-02-24 07:50:00,11,2,24,7,50,130,55,"133, AVE DE LA TIMONE",,,Plein jour,En agglomération,Hors intersection,Normale,Deux véhicules - côté,,,,,,,,,,,1,2,1,1.0,3.0
201100019335,0011-01-28 12:45:00,11,1,28,12,45,130,55,"366, RUE PARADIS",,,Plein jour,En agglomération,Hors intersection,Normale,Sans collision,,,,,,,,,,,1,2,1,1.0,7.0
201100019336,0011-02-23 19:50:00,11,2,23,19,50,130,55,"97, RUE CHARLES KADDOUZ",,,Nuit avec éclairage allumé,En agglomération,Hors intersection,Normale,Deux véhicules - côté,,,,,,,,,,,5,2,1,1.0,3.0
201100019337,0011-02-19 05:35:00,11,2,19,5,35,130,55,"176, RUE FELIX PYAT",,,Nuit avec éclairage allumé,En agglomération,Hors intersection,Normale,Deux véhicules - frontale,,,,,,,,,,,5,2,1,1.0,1.0
201100019338,0011-02-24 12:30:00,11,2,24,12,30,130,55,"0, RUE AMELIE",,,Plein jour,En agglomération,Intersection en X,Normale,Deux véhicules - arrière,,,,,,,,,,,1,2,2,1.0,2.0
201100019339,0011-02-27 02:40:00,11,2,27,2,40,130,55,"89, RUE BRETEUIL",43.28831,5.37661,Nuit avec éclairage allumé,En agglomération,Hors intersection,Normale,Deux véhicules - arrière,,,,,,,,,,,5,2,1,1.0,2.0
201100019340,0011-02-02 10:10:00,11,2,2,10,10,130,55,VSN MARECHAL JUIN FLEMIN,,,Plein jour,En agglomération,Intersection en X,Normale,Deux véhicules - côté,,,,,,,,,,,1,2,2,1.0,3.0
201100019341,0011-01-10 18:30:00,11,1,10,18,30,130,55,"14, RUE SERAPHIN",,,Nuit avec éclairage allumé,En agglomération,Hors intersection,Normale,Autre collision,,,,,,,,,,,5,2,1,1.0,6.0
201100019342,0011-01-29 02:30:00,11,1,29,2,30,130,55,"231, AVE PIERRE MENDES F",43.24996,5.3754,Nuit avec éclairage allumé,En agglomération,Hors intersection,Normale,Sans collision,,,,,,,,,,,5,2,1,1.0,7.0