accident_id,datetime,annee,mois,jour,heure,minute,departement,commune_insee,adresse,latitude,longitude,luminosite,agglomeration,intersection,meteo,collision,nb_vehicules,nb_usagers,nb_indemnes,nb_tues,nb_blesses_hosp,nb_blesses_legers,age_cond_1,age_cond_2,veh_type_cond_1,veh_type_cond_2,lum_code,agg_code,int_code,atm_code,col_code
201100019720,0011-04-17 18:30:00,11,4,17,18,30,130,55,"00, ALL TURCAT MERY",,,Plein jour,En agglomération,Hors intersection,Normale,Deux véhicules - arrière,,,,,,,,,,,1,2,1,1.0,2.0
201100019721,0011-03-05 17:30:00,11,3,5,17,30,130,55,"00, VSN LEON LACHAMP (RT",,,Plein jour,En agglomération,Hors intersection,Normale,Deux véhicules - arrière,,,,,,,,,,,1,2,1,1.0,2.0
201100019722,0011-04-10 15:00:00,11,4,10,15,0,130,55,RTE A CASSIS,,,Plein jour,Hors agglomération,Hors intersection,Normale,Deux véhicules - arrière,,,,,,,,,,,1,1,1,1.0,2.0
201100019723,0011-01-06 14:20:00,11,1,6,14,20,130,55,"91, BD DE PLOMBIERES",43.31656,5.38241,Plein jour,En agglomération,Hors intersection,Normale,Deux véhicules - côté,,,,,,,,,,,1,2,1,1.0,3.0
201100019724,0011-03-25 09:15:00,11,3,25,9,15,130,55,"388, RUE PARADIS",43.27716,5.38365,Plein jour,En agglomération,Intersection en T,Normale,Autre collision,,,,,,,,,,,1,2,3,1.0,6.0
201100019725,0011-03-30 08:00:00,11,3,30,8,0,130,55,"39, AVE DU CORAIL",,,Plein jour,En agglomération,Giratoire,Normale,Deux véhicules - côté,,,,,,,,,,,1,2,6,1.0,3.0
201100019726,0011-04-05 11:45:00,11,4,5,11,45,130,55,"13, BD GUSTAVE GANAY",,,Plein jour,En agglomération,Hors intersection,Normale,Autre collision,,,,,,,,,,,1,2,1,1.0,6.0
201100019727,0011-04-26 01:00:00,11,4,26,1,0,130,55,BD DANIELLE CASANOVA PRO,,,Nuit avec éclairage allumé,En agglomération,Hors intersection,Normale,Autre collision,,,,,,,,,,,5,2,1,1.0,6.0
201100019728,0011-04-27 16:00:00,11,4,27,16,0,130,55,"3, RUE DE BIR-HAKEIM",,,Plein jour,En agglomération,Hors intersection,Normale,Deux véhicules - côté,,,,,,,,,,,1,2,1,1.0,3.0
201100019729,0011-04-28 12:30:00,11,4,28,12,30,130,55,"38, BD FERDINAND DE LESS",,,Plein jour,En agglomération,Hors intersection,Normale,Trois véhicules et plus - en chaîne,,,,,,,,,,,1,2,1,1.0,4.0
201100019730,0011-04-21 14:00:00,11,4,21,14,0,130,55,"120, BD DE LA LIBERATION",,,Plein jour,En agglomération,Hors intersection,Normale,Autre collision,,,,,,,,,,,1,2,1,1.0,6.0
201100019731,0011-04-16 19:00:00,11,4,16,19,0,130,55,"281, RUE D ENDOUME",,,Plein jour,En agglomération,Hors intersection,Normale,Deux véhicules - côté,,,,,,,,,,,1,2,1,1.0,3.0
201100019732,0011-04-25 17:00:00,11,4,25,17,0,130,55,AVE ALEXANDRE FLEMING,,,Plein jour,En agglomération,Hors intersection,Pluie forte,Trois véhicules et plus - en chaîne,,,,,,,,,,,1,2,1,3.0,4.0
201100019733,0011-04-19 15:00:00,11,4,19,15,0,130,55,"68, RUE SAINTE",,,Plein jour,En agglomération,Intersection en X,Normale,Deux véhicules - côté,,,,,,,,,,,1,2,2,1.0,3.0
201100019734,0011-03-12 19:00:00,11,3,12,19,0,130,55,AVE COROT,,,Nuit avec éclairage allumé,En agglomération,Hors intersection,Pluie forte,Deux véhicules - arrière,,,,,,,,,,,5,2,1,3.0,2.0
201100019735,0011-04-10 05:45:00,11,4,10,5,45,130,55,"197, BD DE LA LIBERATION",43.30205,5.39452,Nuit avec éclairage allumé,En agglomération,Hors intersection,Normale,Deux véhicules - côté,,,,,,,,,,,5,2,1,1.0,3.0
201100019736,0011-03-03 23:20:00,11,3,3,23,20,130,55,"1, RUE LE CHATELIER",43.34773,5.35906,Nuit avec éclairage allumé,En agglomération,Intersection en X,Normale,Deux véhicules - côté,,,,,,,,,,,5,2,2,1.0,3.0
201100019737,0011-04-28 20:35:00,11,4,28,20,35,130,55,"1, RPT GERARD TOULON",43.30592,5.47017,Crépuscule ou aube,En agglomération,Hors intersection,Pluie légère,Deux véhicules - arrière,,,,,,,,,,,2,2,1,2.0,2.0
201100019738,0011-03-08 13:45:00,11,3,8,13,45,130,55,BD CHARLES NEDELEC,,,Plein jour,En agglomération,Hors intersection,Normale,Deux véhicules - côté,,,,,,,,,,,1,2,1,1.0,3.0
201100019739,0011-04-08 15:50:00,11,4,8,15,50,130,55,AVE DE LA CROIX ROUGE,,,Plein jour,En agglomération,Intersection en T,Normale,Deux véhicules - côté,,,,,,,,,,,1,2,3,1.0,3.0
201100019740,0011-03-24 23:30:00,11,3,24,23,30,130,55,AVE DE SAINT ANTOINE,,,Nuit avec éclairage allumé,En agglomération,Hors intersection,Pluie légère,Autre collision,,,,,,,,,,,5,2,1,2.0,6.0
201100019741,0011-04-08 18:30:00,11,4,8,18,30,130,55,"79, RUE LOUBON",,,Plein jour,En agglomération,Hors intersection,Normale,Deux véhicules - côté,,,,,,,,,,,1,2,1,1.0,3.0
201100019742,0011-02-25 07:10:00,11,2,25,7,10,130,55,"1, AVE ARNAVON",,,Plein jour,En agglomération,Hors intersection,Normale,Deux véhicules - côté,,,,,,,,,,,1,2,1,1.0,3.0
201100019743,0011-03-24 16:45:00,11,3,24,16,45,130,55,"72, BD DE LA BLANCARDE",,,Plein jour,En agglomération,Hors intersection,Normale,Autre collision,,,,,,,,,,,1,2,1,1.0,6.0
201100019744,0011-03-20 12:15:00,11,3,20,12,15,130,55,"9, BD SAKAKINI",,,Plein jour,En agglomération,Hors intersection,Normale,Deux véhicules - côté,,,,,,,,,,,1,2,1,1.0,3.0
201100019745,0011-03-21 13:55:00,11,3,21,13,55,130,55,"121, RUE CONDORCET",,,Plein jour,En agglomération,Hors intersection,Normale,Deux véhicules - côté,,,,,,,,,,,1,2,1,1.0,3.0
201100019746,0011-04-15 09:05:00,11,4,15,9,5,130,55,"28, RUE DU VALLON DE MON",,,Plein jour,En agglomération,Intersection en T,Normale,Deux véhicules - frontale,,,,,,,,,,,1,2,3,1.0,1.0
201100019747,0011-04-25 10:00:00,11,4,25,10,0,130,55,"100, CRS GOUFFE",,,Plein jour,En agglomération,Intersection en X,Normale,Deux véhicules - côté,,,,,,,,,,,1,2,2,1.0,3.0
201100019748,0011-04-05 15:00:00,11,4,5,15,0,130,55,"130, CRS LIEUTAUD",,,Plein jour,En agglomération,Hors intersection,Normale,Deux véhicules - côté,,,,,,,,,,,1,2,1,1.0,3.0
201100019749,0011-04-14 19:00:00,11,4,14,19,0,130,55,"31, RUE DES TROIS FRERES",,,Plein jour,En agglomération,Hors intersection,Normale,Autre collision,,,,,,,,,,,1,2,1,1.0,6.0
201100019750,0011-12-13 16:00:00,11,12,13,16,0,130,55,RUE CONSOLAT,43.30063,5.38838,Plein jour,En agglomération,Intersection en X,Normale,Deux véhicules - côté,,,,,,,,,,,1,2,2,1.0,3.0
201100019751,0011-04-08 14:30:00,11,4,8,14,30,130,55,"397, COR PRESIDENT JOHN",43.26998,5.3659,Plein jour,En agglomération,Hors intersection,Normale,Deux véhicules - arrière,,,,,,,,,,,1,2,1,1.0,2.0
201100019752,0011-04-02 20:40:00,11,4,2,20,40,130,55,"271, COR PRESIDENT JOHN",,,Nuit avec éclairage allumé,En agglomération,Hors intersection,Normale,Trois véhicules et plus - en chaîne,,,,,,,,,,,5,2,1,1.0,4.0
201100019753,0011-04-19 07:45:00,11,4,19,7,45,130,55,"105 bis, RUE DE ROME",,,Plein jour,En agglomération,Intersection en X,Normale,Deux véhicules - côté,,,,,,,,,,,1,2,2,1.0,3.0
201100019754,0011-04-14 09:30:00,11,4,14,9,30,130,55,"01, PCE CASTELLANE",,,Plein jour,En agglomération,Hors intersection,Normale,Autre collision,,,,,,,,,,,1,2,1,1.0,6.0
201100019755,0011-05-01 07:40:00,11,5,1,7,40,130,55,BD DE PARIS,43.31593,5.36656,Plein jour,En agglomération,Giratoire,Normale,Sans collision,,,,,,,,,,,1,2,6,1.0,7.0
201100019756,0011-03-23 10:15:00,11,3,23,10,15,130,55,"63, RTE DES CAMOINS",,,Plein jour,En agglomération,Hors intersection,Normale,Deux véhicules - arrière,,,,,,,,,,,1,2,1,1.0,2.0
201100019757,0011-04-25 19:30:00,11,4,25,19,30,130,55,"228, AVE DE LA CAPELETTE",,,Plein jour,En agglomération,Intersection en T,Normale,Deux véhicules - côté,,,,,,,,,,,1,2,3,1.0,3.0
201100019758,0011-04-21 07:45:00,11,4,21,7,45,130,55,"6, CHE DES AMARYLLIS",,,Plein jour,En agglomération,Hors intersection,Normale,Deux véhicules - côté,,,,,,,,,,,1,2,1,1.0,3.0
201100019759,0011-10-01 22:49:00,11,10,1,22,49,130,55,AVE DU MARCHE NATIONAL,,,Nuit avec éclairage allumé,En agglomération,Hors intersection,Normale,Deux véhicules - côté,,,,,,,,,,,5,2,1,1.0,3.0
201100019760,0011-04-14 19:00:00,11,4,14,19,0,130,55,"50, BD DE SAINT MARCEL",,,Plein jour,En agglomération,Hors intersection,Normale,Deux véhicules - frontale,,,,,,,,,,,1,2,1,1.0,1.0
201100019761,0011-03-12 19:00:00,11,3,12,19,0,130,55,"376, AVE DU PRADO",,,Nuit avec éclairage non allumé,En agglomération,Hors intersection,Pluie légère,Sans collision,,,,,,,,,,,4,2,1,2.0,7.0
201100019762,0011-04-28 17:45:00,11,4,28,17,45,130,55,"431, RUE SAINT PIERRE",,,Plein jour,En agglomération,Hors intersection,Normale,Trois véhicules et plus - en chaîne,,,,,,,,,,,1,2,1,1.0,4.0
201100019763,0011-03-23 07:15:00,11,3,23,7,15,130,55,"33, BD DE PONT DE VIVAUX",,,Plein jour,En agglomération,Intersection en T,Normale,Deux véhicules - côté,,,,,,,,,,,1,2,3,1.0,3.0
201100019764,0011-04-07 18:40:00,11,4,7,18,40,130,55,"492, RUE PARADIS",,,Plein jour,En agglomération,Hors intersection,Normale,Deux véhicules - côté,,,,,,,,,,,1,2,1,1.0,3.0
201100019765,0011-04-12 09:30:00,11,4,12,9,30,130,55,BD JEAN MOULIN,,,Plein jour,En agglomération,Hors intersection,Normale,Deux véhicules - arrière,,,,,,,,,,,1,2,1,1.0,2.0
201100019766,0011-04-05 11:50:00,11,4,5,11,50,130,55,RUE DU COMMANDANT ROLLAN,,,Plein jour,En agglomération,Hors intersection,Normale,Deux véhicules - arrière,,,,,,,,,,,1,2,1,1.0,2.0
201100019767,0011-04-01 16:00:00,11,4,1,16,0,130,55,"140, BD DES LIBERATEURS",,,Plein jour,En agglomération,Hors intersection,Normale,Deux véhicules - frontale,,,,,,,,,,,1,2,1,1.0,1.0
201100019768,0011-03-27 18:30:00,11,3,27,18,30,130,55,"112, AVE WILLIAM BOOTH",,,Plein jour,En agglomération,Hors intersection,Pluie légère,Autre collision,,,,,,,,,,,1,2,1,2.0,6.0
201100019769,0011-04-14 08:40:00,11,4,14,8,40,130,55,"159, AVE DU VINGT QUATRE",,,Plein jour,En agglomération,Hors intersection,Normale,Autre collision,,,,,,,,,,,1,2,1,1.0,6.0
201100019770,0011-03-22 18:00:00,11,3,22,18,0,130,55,"50, AVE DES CAILLOLS",,,Crépuscule ou aube,En agglomération,Hors intersection,Normale,Deux véhicules - frontale,,,,,,,,,,,2,2,1,1.0,1.0
201100019771,0011-04-26 17:20:00,11,4,26,17,20,130,55,"546, AVE DU PRADO",43.26435,5.37863,Plein jour,En agglomération,Hors intersection,Normale,Deux véhicules - côté,,,,,,,,,,,1,2,1,1.0,3.0
201100019772,0011-04-22 11:50:00,11,4,22,11,50,130,55,"ALLEE 13, RTE DE LA SABL",,,Plein jour,En agglomération,Hors intersection,Normale,Deux véhicules - côté,,,,,,,,,,,1,2,1,1.0,3.0
201100019773,0011-05-03 23:35:00,11,5,3,23,35,130,55,"55, CRS LIEUTAUD",43.29115,5.38305,Nuit avec éclairage allumé,En agglomération,Intersection en T,Normale,Autre collision,,,,,,,,,,,5,2,3,1.0,6.0
201100019774,0011-05-03 11:40:00,11,5,3,11,40,130,55,"1, AVE PIERRE MENDES FRA",43.26178,5.37461,Plein jour,En agglomération,Hors intersection,Normale,Sans collision,,,,,,,,,,,1,2,1,1.0,7.0
201100019775,0011-04-24 20:00:00,11,4,24,20,0,130,55,"35, BD ALPHONSE ALLAIS",43.34046,5.38516,Crépuscule ou aube,En agglomération,Hors intersection,Normale,Sans collision,,,,,,,,,,,2,2,1,1.0,7.0
201100019776,0011-03-28 18:15:00,11,3,28,18,15,130,75,"89, LIBERATION (AVE DE L",43.34128,5.45694,Plein jour,En agglomération,Intersection en T,Normale,Autre collision,,,,,,,,,,,1,2,3,1.0,6.0
201100019777,0011-04-07 07:15:00,11,4,7,7,15,130,55,"28/30, BD DU CABOT",,,Plein jour,En agglomération,Hors intersection,Normale,Autre collision,,,,,,,,,,,1,2,1,1.0,6.0
201100019778,0011-04-21 19:00:00,11,4,21,19,0,130,55,VSN FENOUIL BD ESTAQUE P,,,Plein jour,En agglomération,Hors intersection,Normale,Autre collision,,,,,,,,,,,1,2,1,1.0,6.0
201100019779,0011-12-30 07:10:00,11,12,30,7,10,130,55,VSN LIAISON PELLETA GENE,,,Crépuscule ou aube,En agglomération,Intersection en X,Normale,Deux véhicules - côté,,,,,,,,,,,2,2,2,1.0,3.0
201100019780,0011-04-09 20:00:00,11,4,9,20,0,130,55,CRS HONORE D' ESTIENNE D,,,Plein jour,En agglomération,Hors intersection,Normale,Autre collision,,,,,,,,,,,1,2,1,1.0,6.0
201100019781,0011-04-30 19:00:00,11,4,30,19,0,130,55,"32, BD DU GENERAL MANGIN",,,Plein jour,En agglomération,Hors intersection,Normale,Deux véhicules - arrière,,,,,,,,,,,1,2,1,1.0,2.0
201100019782,0011-04-22 15:30:00,11,4,22,15,30,130,55,"1, BD DE PLOMBIERES",,,Plein jour,En agglomération,Hors intersection,Normale,Deux véhicules - arrière,,,,,,,,,,,1,2,1,1.0,2.0
201100019783,0011-04-26 20:00:00,11,4,26,20,0,130,55,"269, BD HENRI BARNIER",43.36389,5.34249,Plein jour,En agglomération,Hors intersection,Normale,Autre collision,,,,,,,,,,,1,2,1,1.0,6.0
201100019784,0011-04-11 17:00:00,11,4,11,17,0,130,55,"17, RUE DESIREE CLARY",43.30911,5.37164,Plein jour,En agglomération,Hors intersection,Normale,Autre collision,,,,,,,,,,,1,2,1,1.0,6.0
201100019785,0011-05-01 16:00:00,11,5,1,16,0,130,55,"20, BD LAVOISIER",,,Plein jour,En agglomération,Hors intersection,Normale,Autre collision,,,,,,,,,,,1,2,1,1.0,6.0
201100019786,0011-04-26 14:10:00,11,4,26,14,10,130,55,RPT PERE WRESINKI,,,Plein jour,En agglomération,Hors intersection,Normale,Deux véhicules - arrière,,,,,,,,,,,1,2,1,1.0,2.0
201100019787,0011-04-19 13:10:00,11,4,19,13,10,130,55,"8, AVE JEAN LOMBARD",,,Plein jour,En agglomération,Hors intersection,Normale,Deux véhicules - côté,,,,,,,,,,,1,2,1,1.0,3.0
201100019788,0011-04-15 23:15:00,11,4,15,23,15,130,55,"135, CHE SAINT JEAN DU D",,,Nuit sans éclairage public,En agglomération,Intersection en X,Pluie légère,Deux véhicules - côté,,,,,,,,,,,3,2,2,2.0,3.0
201100019789,0011-04-28 07:50:00,11,4,28,7,50,130,55,RPT VERRERIE LAFFON,43.30047,5.47715,Plein jour,En agglomération,Giratoire,Normale,Deux véhicules - côté,,,,,,,,,,,1,2,6,1.0,3.0
201100019790,0011-04-15 15:15:00,11,4,15,15,15,130,55,"159, RTE DES TROIS LUCS",,,Plein jour,En agglomération,Hors intersection,Normale,Deux véhicules - arrière,,,,,,,,,,,1,2,1,1.0,2.0
201100019791,0011-05-05 12:30:00,11,5,5,12,30,130,55,"368, BD HENRI BARNIER",,,Plein jour,En agglomération,Hors intersection,Normale,Deux véhicules - côté,,,,,,,,,,,1,2,1,1.0,3.0
201100019792,0011-04-17 10:15:00,11,4,17,10,15,130,55,"01, BD DE PARIS",,,Plein jour,En agglomération,Hors intersection,Normale,Deux véhicules - côté,,,,,,,,,,,1,2,1,1.0,3.0
201100019793,0011-03-20 12:00:00,11,3,20,12,0,130,55,"150, QAI DU PORT",,,Plein jour,En agglomération,Hors intersection,Normale,Deux véhicules - arrière,,,,,,,,,,,1,2,1,1.0,2.0
201100019794,0011-04-25 07:10:00,11,4,25,7,10,130,55,"15, RUE DE L' ESCALET",,,Plein jour,En agglomération,Hors intersection,Normale,Autre collision,,,,,,,,,,,1,2,1,1.0,6.0
201100019795,0011-04-30 10:40:00,11,4,30,10,40,130,55,"307, BD ROMAIN ROLLAND",,,Plein jour,En agglomération,Hors intersection,Normale,Deux véhicules - côté,,,,,,,,,,,1,2,1,1.0,3.0
201100019796,0011-04-11 18:00:00,11,4,11,18,0,130,55,"366, AVE DU PRADO",,,Plein jour,En agglomération,Hors intersection,Normale,Autre collision,,,,,,,,,,,1,2,1,1.0,6.0
201100019797,0011-05-05 17:00:00,11,5,5,17,0,130,55,"133, CHE DE SAINT LOUIS",43.3484,5.3575,Plein jour,En agglomération,Intersection en X,Normale,Autre collision,,,,,,,,,,,1,2,2,1.0,6.0
201100019798,0011-05-01 10:20:00,11,5,1,10,20,130,55,"1, RUE EDOUARD CALVET",43.33077,5.38488,Plein jour,En agglomération,Hors intersection,Normale,Deux véhicules - frontale,,,,,,,,,,,1,2,1,1.0,1.0
201100019799,0011-04-07 13:00:00,11,4,7,13,0,130,55,"4, BD DE LA MAISON BLANC",,,Plein jour,En agglomération,Hors intersection,Normale,Autre collision,,,,,,,,,,,1,2,1,1.0,6.0
201100019800,0011-04-27 08:00:00,11,4,27,8,0,130,55,"145, CHE DU MERLAN A LA",,,Plein jour,En agglomération,Intersection en T,Normale,Deux véhicules - côté,,,,,,,,,,,1,2,3,1.0,3.0
201100019801,0011-05-03 07:45:00,11,5,3,7,45,130,55,ANC CHE CHATEAU GOMBERT,,,Plein jour,En agglomération,Intersection en T,Normale,Deux véhicules - frontale,,,,,,,,,,,1,2,3,1.0,1.0
201100019802,0011-03-23 15:00:00,11,3,23,15,0,130,55,"118, CHE SAINT JEAN DU D",,,Plein jour,En agglomération,Intersection en X,Normale,Deux véhicules - frontale,,,,,,,,,,,1,2,2,1.0,1.0
201100019803,0011-04-29 10:50:00,11,4,29,10,50,130,55,"07, RUE GASTON DE FLOTTE",,,Plein jour,En agglomération,Hors intersection,Normale,Sans collision,,,,,,,,,,,1,2,1,1.0,7.0
201100019804,0011-05-01 17:50:00,11,5,1,17,50,130,55,"8, PCE DES MARSEILLAISES",,,Plein jour,En agglomération,Hors intersection,Normale,Sans collision,,,,,,,,,,,1,2,1,1.0,7.0
201100019805,0011-05-08 21:42:00,11,5,8,21,42,130,55,CHE DE SAINT ANTOINE A S,,,Nuit avec éclairage allumé,En agglomération,Hors intersection,Normale,Autre collision,,,,,,,,,,,5,2,1,1.0,6.0
201100019806,0011-05-08 16:20:00,11,5,8,16,20,130,2,ETIENNE CUCCA-CD908 (AVE,,,Plein jour,Hors agglomération,Hors intersection,Normale,Autre collision,,,,,,,,,,,1,1,1,1.0,6.0
201100019807,0011-05-07 21:45:00,11,5,7,21,45,130,55,"117, RUE LE CHATELIER",43.3477,5.36998,Nuit avec éclairage allumé,En agglomération,Hors intersection,Normale,Autre collision,,,,,,,,,,,5,2,1,1.0,6.0
201100019808,0011-05-03 07:45:00,11,5,3,7,45,130,55,"112, AVE DES CHUTES LAVI",,,Plein jour,En agglomération,Hors intersection,Normale,Deux véhicules - arrière,,,,,,,,,,,1,2,1,1.0,2.0
201100019809,0011-04-30 14:30:00,11,4,30,14,30,130,55,AV SALVADOR ALLENDE,43.33043,5.41014,Plein jour,En agglomération,Giratoire,Normale,Deux véhicules - côté,,,,,,,,,,,1,2,6,1.0,3.0
201100019810,0011-09-19 10:00:00,11,9,19,10,0,130,55,"13, BD RABATAU",,,Plein jour,En agglomération,Hors intersection,Normale,Deux véhicules - côté,,,,,,,,,,,1,2,1,1.0,3.0
201100019811,0011-04-23 11:30:00,11,4,23,11,30,130,55,"141, CRS LIEUTAUD",,,Plein jour,En agglomération,Intersection en X,Pluie légère,Deux véhicules - arrière,,,,,,,,,,,1,2,2,2.0,2.0
201100019812,0011-04-21 18:35:00,11,4,21,18,35,130,55,"22, BD DE LA CORDERIE",,,Plein jour,En agglomération,Intersection en T,Normale,Deux véhicules - côté,,,,,,,,,,,1,2,3,1.0,3.0
201100019813,0011-05-09 11:10:00,11,5,9,11,10,130,55,"38, BD ERNEST GASQUY",43.30051,5.42279,Plein jour,En agglomération,Hors intersection,Normale,Deux véhicules - arrière,,,,,,,,,,,1,2,1,1.0,2.0
201100019814,0011-04-14 19:20:00,11,4,14,19,20,130,55,RUE DU CARGO RHIN FIDELI,,,Plein jour,En agglomération,Hors intersection,Normale,Deux véhicules - arrière,,,,,,,,,,,1,2,1,1.0,2.0
201100019815,0011-03-30 12:15:00,11,3,30,12,15,130,55,"71, RUE CHATEAU PAYAN",,,Plein jour,En agglomération,Intersection en X,Normale,Deux véhicules - côté,,,,,,,,,,,1,2,2,1.0,3.0
201100019816,0011-03-29 07:50:00,11,3,29,7,50,130,55,"119, BD BARA",,,Plein jour,En agglomération,Hors intersection,Normale,Sans collision,,,,,,,,,,,1,2,1,1.0,7.0
201100019817,0011-04-22 08:40:00,11,4,22,8,40,130,55,BD BARRY,,,Plein jour,En agglomération,Giratoire,Normale,Deux véhicules - côté,,,,,,,,,,,1,2,6,1.0,3.0
201100019818,0011-04-28 15:30:00,11,4,28,15,30,130,55,"10, BD D ATHENES",,,Plein jour,En agglomération,Hors intersection,Normale,Autre collision,,,,,,,,,,,1,2,1,1.0,6.0
201100019819,0011-03-28 08:45:00,11,3,28,8,45,130,55,BD DU CAPITAINE GEZE,,,Plein jour,En agglomération,Hors intersection,Normale,Deux véhicules - arrière,,,,,,,,,,,1,2,1,1.0,2.0
201100019820,0011-04-26 19:45:00,11,4,26,19,45,130,55,"344, AVE DE SAINT ANTOIN",,,Plein jour,En agglomération,Hors intersection,Normale,Deux véhicules - frontale,,,,,,,,,,,1,2,1,1.0,1.0
201100019821,0011-04-01 19:40:00,11,4,1,19,40,130,55,"02, AVE DE LA MADRAGUE D",,,Plein jour,En agglomération,Hors intersection,Normale,Deux véhicules - arrière,,,,,,,,,,,1,2,1,1.0,2.0
201100019822,0011-11-14 17:46:00,11,11,14,17,46,130,55,"327, AVE DU PRADO",,,Crépuscule ou aube,En agglomération,Hors intersection,Normale,Deux véhicules - côté,,,,,,,,,,,2,2,1,1.0,3.0
201100019823,0011-04-27 16:30:00,11,4,27,16,30,130,55,"83, BD RABATAU",,,Plein jour,En agglomération,Hors intersection,Normale,Sans collision,,,,,,,,,,,1,2,1,1.0,7.0
201100019824,0011-04-26 19:15:00,11,4,26,19,15,130,55,"65, AVE CLOT BEY",,,Plein jour,En agglomération,Hors intersection,Normale,Deux véhicules - frontale,,,,,,,,,,,1,2,1,1.0,1.0
201100019825,0011-04-10 17:10:00,11,4,10,17,10,130,55,"243, AVE DE MONTOLIVET",,,Plein jour,En agglomération,Intersection en X,Normale,Deux véhicules - côté,,,,,,,,,,,1,2,2,1.0,3.0
201100019826,0011-04-23 13:41:00,11,4,23,13,41,130,55,"1, BD GUSTAVE GANAY",43.26605,5.40046,Plein jour,En agglomération,Hors intersection,Normale,Autre collision,,,,,,,,,,,1,2,1,1.0,6.0
201100019827,0011-04-03 16:15:00,11,4,3,16,15,130,55,"226, AVE DU PRADO",,,Plein jour,En agglomération,Intersection en T,Normale,Deux véhicules - côté,,,,,,,,,,,1,2,3,1.0,3.0
201100019828,0011-04-26 11:20:00,11,4,26,11,20,130,55,TRA DE LA MONTRE,,,Plein jour,En agglomération,Hors intersection,Normale,Sans collision,,,,,,,,,,,1,2,1,1.0,7.0
201100019829,0011-04-23 19:35:00,11,4,23,19,35,130,55,"1, IMP GASTON DE FLOTTE",43.29574,5.42273,Nuit avec éclairage allumé,En agglomération,Intersection en T,Normale,Deux véhicules - côté,,,,,,,,,,,5,2,3,1.0,3.0
201100019830,0011-04-30 17:20:00,11,4,30,17,20,130,55,"12, AVE RAOUL FOLLEREAU",,,Plein jour,En agglomération,Hors intersection,Normale,Autre collision,,,,,,,,,,,1,2,1,1.0,6.0
201100019831,0011-05-01 17:15:00,11,5,1,17,15,130,55,"377, AVE DU PRADO",,,Plein jour,En agglomération,Intersection en X,Normale,Deux véhicules - côté,,,,,,,,,,,1,2,2,1.0,3.0
201100019832,0011-04-28 18:20:00,11,4,28,18,20,130,55,AVE PIERRE MENDES FRANCE,,,Plein jour,En agglomération,Hors intersection,Normale,Deux véhicules - arrière,,,,,,,,,,,1,2,1,1.0,2.0
201100019833,0011-05-03 09:00:00,11,5,3,9,0,130,55,"0, RUE PIERRE ROCHE",,,Plein jour,En agglomération,Intersection en X,Normale,Autre collision,,,,,,,,,,,1,2,2,1.0,6.0
201100019834,0011-05-03 00:20:00,11,5,3,0,20,130,55,VSN SAINT ANTOINE (CHE),,,Nuit avec éclairage allumé,En agglomération,Hors intersection,Normale,Autre collision,,,,,,,,,,,5,2,1,1.0,6.0
201100019835,0011-05-05 09:30:00,11,5,5,9,30,130,55,"149, AVE DU PRADO",,,Plein jour,En agglomération,Hors intersection,Normale,Autre collision,,,,,,,,,,,1,2,1,1.0,6.0
201100019836,0011-05-10 01:00:00,11,5,10,1,0,130,55,"4, BD THEODORE THURNER",,,Nuit avec éclairage allumé,En agglomération,Hors intersection,Normale,Sans collision,,,,,,,,,,,5,2,1,1.0,7.0
201100019837,0011-11-29 12:25:00,11,11,29,12,25,130,55,"165, AVE DU PRADO",,,Plein jour,En agglomération,Hors intersection,Normale,Autre collision,,,,,,,,,,,1,2,1,1.0,6.0
201100019838,0011-04-28 16:10:00,11,4,28,16,10,130,55,"90, BD DE PARIS",43.30877,5.37081,Plein jour,En agglomération,Intersection en X,Normale,Autre collision,,,,,,,,,,,1,2,2,1.0,6.0
201100019839,0011-12-02 18:00:00,11,12,2,18,0,130,55,RTE LEON LACHAMP,,,Nuit sans éclairage public,Hors agglomération,Hors intersection,Pluie légère,Deux véhicules - frontale,,,,,,,,,,,3,1,1,2.0,1.0
201100019840,0011-05-03 19:30:00,11,5,3,19,30,130,55,"71, AVE D' AIR BEL",,,Plein jour,En agglomération,Hors intersection,Normale,Autre collision,,,,,,,,,,,1,2,1,1.0,6.0
201100019841,0011-03-02 11:30:00,11,3,2,11,30,130,55,"145, RUE FELIX PYAT",,,Plein jour,En agglomération,Hors intersection,Normale,Sans collision,,,,,,,,,,,1,2,1,1.0,7.0
201100019842,0011-11-09 16:10:00,11,11,9,16,10,130,55,"185, AVE DE MAZARGUES",,,Plein jour,En agglomération,Intersection en T,Normale,Deux véhicules - côté,,,,,,,,,,,1,2,3,1.0,3.0
201100019843,0011-01-26 09:50:00,11,1,26,9,50,130,55,"730, AVE DE MAZARGUES",,,Plein jour,En agglomération,Hors intersection,Normale,Trois véhicules et plus - en chaîne,,,,,,,,,,,1,2,1,1.0,4.0
201100019844,0011-04-27 13:20:00,11,4,27,13,20,130,55,"25, CRS PIERRE PUGET",,,Plein jour,En agglomération,Hors intersection,Normale,Deux véhicules - côté,,,,,,,,,,,1,2,1,1.0,3.0
201100019845,0011-03-18 14:10:00,11,3,18,14,10,130,55,"189, BD DE SAINTE MARGUE",,,Plein jour,En agglomération,Hors intersection,Normale,Trois véhicules et plus - en chaîne,,,,,,,,,,,1,2,1,1.0,4.0
201100019846,0011-04-30 20:00:00,11,4,30,20,0,130,75,LOUIS PASTEUR (AVE),,,Nuit avec éclairage allumé,En agglomération,Giratoire,Normale,Deux véhicules - côté,,,,,,,,,,,5,2,6,1.0,3.0
201100019847,0011-05-11 18:30:00,11,5,11,18,30,130,55,"103, AVE DE LA ROSE",43.3268,5.42284,Plein jour,En agglomération,Hors intersection,Normale,Autre collision,,,,,,,,,,,1,2,1,1.0,6.0