accident_id,datetime,annee,mois,jour,heure,minute,departement,commune_insee,adresse,latitude,longitude,luminosite,agglomeration,intersection,meteo,collision,nb_vehicules,nb_usagers,nb_indemnes,nb_tues,nb_blesses_hosp,nb_blesses_legers,age_cond_1,age_cond_2,veh_type_cond_1,veh_type_cond_2,lum_code,agg_code,int_code,atm_code,col_code
201100019848,0011-05-13 18:55:00,11,5,13,18,55,130,55,"120, AVE JEAN PAUL SARTR",,,Plein jour,En agglomération,Hors intersection,Normale,Deux véhicules - côté,,,,,,,,,,,1,2,1,1.0,3.0
201100019849,0011-05-03 18:35:00,11,5,3,18,35,130,55,"231, RUE PIERRE DOIZE",,,Plein jour,En agglomération,Hors intersection,Normale,Autre collision,,,,,,,,,,,1,2,1,1.0,6.0
201100019850,0011-05-07 18:30:00,11,5,7,18,30,130,55,AVE DE FRAIS VALLON,,,Plein jour,En agglomération,Hors intersection,Normale,Deux véhicules - arrière,,,,,,,,,,,1,2,1,1.0,2.0
201100019851,0011-05-07 16:25:00,11,5,7,16,25,130,55,"68, CRS LIEUTAUD",,,Plein jour,En agglomération,Hors intersection,Normale,Deux véhicules - côté,,,,,,,,,,,1,2,1,1.0,3.0
201100019852,0011-04-06 08:10:00,11,4,6,8,10,130,55,"49, BD CHARLES MORETTI",,,Plein jour,En agglomération,Hors intersection,Normale,Autre collision,,,,,,,,,,,1,2,1,1.0,6.0
201100019853,0011-05-06 13:15:00,11,5,6,13,15,130,55,"69, BD SAKAKINI",,,Plein jour,En agglomération,Intersection en X,Normale,Deux véhicules - côté,,,,,,,,,,,1,2,2,1.0,3.0
201100019854,0011-04-15 16:50:00,11,4,15,16,50,130,55,"117, CHE DE CHATEAU GOMB",,,Plein jour,En agglomération,Hors intersection,Normale,Deux véhicules - arrière,,,,,,,,,,,1,2,1,1.0,2.0
201100019855,0011-04-27 08:40:00,11,4,27,8,40,130,55,AVE ARNAVON,,,Plein jour,En agglomération,Hors intersection,Normale,Deux véhicules - arrière,,,,,,,,,,,1,2,1,1.0,2.0
201100019856,0011-04-21 12:00:00,11,4,21,12,0,130,55,"107, AVE DES OLIVES",,,Plein jour,En agglomération,Hors intersection,Normale,Deux véhicules - arrière,,,,,,,,,,,1,2,1,1.0,2.0
201100019857,0011-04-15 12:00:00,11,4,15,12,0,130,55,"54, AVE DE SAINT ANTOINE",,,Plein jour,En agglomération,Intersection en T,Pluie légère,Deux véhicules - côté,,,,,,,,,,,1,2,3,2.0,3.0
201100019858,0011-04-28 14:40:00,11,4,28,14,40,130,55,"32, RUE EMILE DUCLAUX",,,Plein jour,En agglomération,Intersection en X,Normale,Deux véhicules - côté,,,,,,,,,,,1,2,2,1.0,3.0
201100019859,0011-05-02 08:00:00,11,5,2,8,0,130,55,"18, BD DU JARDIN ZOOLOGI",,,Plein jour,En agglomération,Hors intersection,Normale,Deux véhicules - côté,,,,,,,,,,,1,2,1,1.0,3.0
201100019860,0011-04-26 01:15:00,11,4,26,1,15,130,55,"28, QAI DE RIVE NEUVE",,,Nuit avec éclairage allumé,En agglomération,Hors intersection,Normale,Deux véhicules - côté,,,,,,,,,,,5,2,1,1.0,3.0
201100019861,0011-04-28 19:00:00,11,4,28,19,0,130,55,"11, PCE JOSEPH ETIENNE",,,Plein jour,En agglomération,Hors intersection,Normale,Autre collision,,,,,,,,,,,1,2,1,1.0,6.0
201100019862,0011-03-22 13:30:00,11,3,22,13,30,130,55,"12, RUE LOUIS GROBET",,,Plein jour,En agglomération,Hors intersection,Normale,Sans collision,,,,,,,,,,,1,2,1,1.0,7.0
201100019863,0011-04-18 13:30:00,11,4,18,13,30,130,55,"16, RUE D' ALGER",,,Plein jour,En agglomération,Intersection en X,Normale,Deux véhicules - côté,,,,,,,,,,,1,2,2,1.0,3.0
201100019864,0011-05-13 14:05:00,11,5,13,14,5,130,55,RUE THUBANEAU,,,Plein jour,En agglomération,Intersection en X,Normale,Deux véhicules - côté,,,,,,,,,,,1,2,2,1.0,3.0
201100019865,0011-05-13 09:00:00,11,5,13,9,0,130,55,"86, BD DE PONT DE VIVAUX",,,Plein jour,En agglomération,Hors intersection,Normale,Deux véhicules - côté,,,,,,,,,,,1,2,1,1.0,3.0
201100019866,0011-04-29 16:20:00,11,4,29,16,20,130,55,"21, BD MIRABEAU",,,Plein jour,Hors agglomération,Hors intersection,Normale,Deux véhicules - côté,,,,,,,,,,,1,1,1,1.0,3.0
201100019867,0011-05-01 13:20:00,11,5,1,13,20,130,55,RUE DU CARGO RHIN FIDELI,,,Plein jour,En agglomération,Hors intersection,Normale,Deux véhicules - côté,,,,,,,,,,,1,2,1,1.0,3.0
201100019868,0011-04-21 07:30:00,11,4,21,7,30,130,55,RUE THERESA,,,Plein jour,En agglomération,Intersection en X,Normale,Deux véhicules - côté,,,,,,,,,,,1,2,2,1.0,3.0
201100019869,0011-05-11 14:10:00,11,5,11,14,10,130,55,"10, ESP DE LA TOURETTE",,,Plein jour,En agglomération,Hors intersection,Normale,Deux véhicules - frontale,,,,,,,,,,,1,2,1,1.0,1.0
201100019870,0011-05-14 04:40:00,11,5,14,4,40,130,55,"8, QAI DU PORT",43.29624,5.37337,Nuit avec éclairage allumé,En agglomération,Hors intersection,Normale,Sans collision,,,,,,,,,,,5,2,1,1.0,7.0
201100019871,0011-05-15 05:00:00,11,5,15,5,0,130,55,"50, RUE DE LA REPUBLIQUE",,,Nuit avec éclairage allumé,En agglomération,Hors intersection,Normale,Sans collision,,,,,,,,,,,5,2,1,1.0,7.0
201100019872,0011-01-12 14:00:00,11,1,12,14,0,130,55,"232, BD DE SAINTE MARGUE",43.26357,5.41069,Plein jour,En agglomération,Hors intersection,Normale,Deux véhicules - côté,,,,,,,,,,,1,2,1,1.0,3.0
201100019873,0011-05-09 19:55:00,11,5,9,19,55,130,55,"11, BD GEORGES CLEMENCEA",,,Crépuscule ou aube,En agglomération,Hors intersection,Normale,Autre collision,,,,,,,,,,,2,2,1,1.0,6.0
201100019874,0011-01-19 12:15:00,11,1,19,12,15,130,55,"26, RUE DES FORGES",43.27881,5.4101,Plein jour,En agglomération,Intersection en T,Normale,Deux véhicules - côté,,,,,,,,,,,1,2,3,1.0,3.0
201100019875,0011-04-16 15:40:00,11,4,16,15,40,130,55,"246, RUE DE LYON",43.33296,5.36428,Plein jour,En agglomération,Hors intersection,Normale,Trois véhicules et plus - collisions multiples,,,,,,,,,,,1,2,1,1.0,5.0
201100019876,0011-03-18 23:30:00,11,3,18,23,30,130,55,"214, CHE DE LA MADRAGUE",,,Nuit avec éclairage allumé,En agglomération,Hors intersection,Normale,Autre collision,,,,,,,,,,,5,2,1,1.0,6.0
201100019877,0011-03-30 20:10:00,11,3,30,20,10,130,55,"101, AVE FERNANDEL",,,Nuit avec éclairage allumé,En agglomération,Hors intersection,Normale,Deux véhicules - côté,,,,,,,,,,,5,2,1,1.0,3.0
201100019878,0011-05-18 00:40:00,11,5,18,0,40,130,55,AVE ARNAVON,,,Nuit avec éclairage allumé,En agglomération,Hors intersection,Normale,Autre collision,,,,,,,,,,,5,2,1,1.0,6.0
201100019879,0011-05-07 04:50:00,11,5,7,4,50,130,55,"361, COR PRESIDENT JOHN",,,Crépuscule ou aube,En agglomération,Hors intersection,Normale,Autre collision,,,,,,,,,,,2,2,1,1.0,6.0
201100019880,0011-05-18 13:05:00,11,5,18,13,5,130,55,"90, BD BAILLE",43.28795,5.39143,Plein jour,En agglomération,Intersection en X,Normale,Deux véhicules - côté,,,,,,,,,,,1,2,2,1.0,3.0
201100019881,0011-05-06 15:10:00,11,5,6,15,10,130,55,"00, AVE DE SAINT BARNABE",,,Plein jour,En agglomération,Hors intersection,Normale,Autre collision,,,,,,,,,,,1,2,1,1.0,6.0
201100019882,0011-05-14 16:00:00,11,5,14,16,0,130,55,"94, RUE BELLE DE MAI",,,Plein jour,En agglomération,Hors intersection,Normale,Autre collision,,,,,,,,,,,1,2,1,1.0,6.0
201100019883,0011-03-09 14:45:00,11,3,9,14,45,130,55,"25, BD NEUF",43.33283,5.43249,Plein jour,En agglomération,Hors intersection,Normale,Autre collision,,,,,,,,,,,1,2,1,1.0,6.0
201100019884,0011-05-09 08:30:00,11,5,9,8,30,130,55,"41/43, BD DE LA BARASSE",43.2862,5.47715,Plein jour,En agglomération,Hors intersection,Normale,Deux véhicules - arrière,,,,,,,,,,,1,2,1,1.0,2.0
201100019885,0011-05-13 17:50:00,11,5,13,17,50,130,55,"33, AVE ALEXANDRE ANSALD",,,Plein jour,En agglomération,Hors intersection,Normale,Autre collision,,,,,,,,,,,1,2,1,1.0,6.0
201100019886,0011-04-27 10:00:00,11,4,27,10,0,130,55,"6, MTE MOUREN",,,Plein jour,En agglomération,Hors intersection,Normale,Sans collision,,,,,,,,,,,1,2,1,1.0,7.0
201100019887,0011-05-07 12:35:00,11,5,7,12,35,130,55,"344, BD MICHELET",,,Plein jour,En agglomération,Hors intersection,Normale,Deux véhicules - côté,,,,,,,,,,,1,2,1,1.0,3.0
201100019888,0011-05-10 18:50:00,11,5,10,18,50,130,2,JEAN GIONO (AVENUE),,,Plein jour,Hors agglomération,Hors intersection,Normale,Trois véhicules et plus - collisions multiples,,,,,,,,,,,1,1,1,1.0,5.0
201100019889,0011-05-07 18:35:00,11,5,7,18,35,130,2,"721, VATERSTETTEN (AVENU",,,Plein jour,En agglomération,Giratoire,Normale,Deux véhicules - côté,,,,,,,,,,,1,2,6,1.0,3.0
201100019890,0011-05-07 15:30:00,11,5,7,15,30,130,2,"500, GENERAL MONTSABERT",,,Plein jour,En agglomération,Hors intersection,Normale,Autre collision,,,,,,,,,,,1,2,1,1.0,6.0
201100019891,0011-03-19 15:10:00,11,3,19,15,10,130,55,"365, RUE PARADIS",,,Plein jour,En agglomération,Intersection en T,Normale,Deux véhicules - arrière,,,,,,,,,,,1,2,3,1.0,2.0
201100019892,0011-02-01 16:45:00,11,2,1,16,45,130,55,"59559, RPT PERE WRESINKI",,,Plein jour,En agglomération,Giratoire,Normale,Deux véhicules - arrière,,,,,,,,,,,1,2,6,1.0,2.0
201100019893,0011-04-06 16:55:00,11,4,6,16,55,130,55,"24, CHE DE SAINTE MARTHE",,,Plein jour,En agglomération,Hors intersection,Normale,Autre collision,,,,,,,,,,,1,2,1,1.0,6.0
201100019894,0011-04-02 19:55:00,11,4,2,19,55,130,55,"11, CHE DE SAINTE MARTHE",,,Nuit avec éclairage allumé,En agglomération,Hors intersection,Normale,Deux véhicules - côté,,,,,,,,,,,5,2,1,1.0,3.0
201100019895,0011-05-04 20:45:00,11,5,4,20,45,130,55,"73, BD DE SAINT MARCEL",,,Nuit avec éclairage allumé,En agglomération,Hors intersection,Normale,Deux véhicules - côté,,,,,,,,,,,5,2,1,1.0,3.0
201100019896,0011-05-15 21:40:00,11,5,15,21,40,130,55,"171, AVE DE SAINT ANTOIN",,,Nuit avec éclairage allumé,En agglomération,Hors intersection,Normale,Deux véhicules - arrière,,,,,,,,,,,5,2,1,1.0,2.0
201100019897,0011-05-18 19:00:00,11,5,18,19,0,130,55,"00, RUE SAINT PIERRE",,,Plein jour,En agglomération,Hors intersection,Normale,Autre collision,,,,,,,,,,,1,2,1,1.0,6.0
201100019898,0011-04-07 12:00:00,11,4,7,12,0,130,55,RUE MIRES,43.31135,5.37048,Plein jour,En agglomération,Intersection en X,Normale,Sans collision,,,,,,,,,,,1,2,2,1.0,7.0
201100019899,0011-04-06 18:30:00,11,4,6,18,30,130,55,"159, BD DE LA LIBERATION",43.30147,5.3925,Plein jour,En agglomération,Hors intersection,Normale,Deux véhicules - côté,,,,,,,,,,,1,2,1,1.0,3.0
201100019900,0011-04-16 23:30:00,11,4,16,23,30,130,55,"16, AVE ALEXANDRE FLEMIN",,,Nuit avec éclairage allumé,En agglomération,Hors intersection,Normale,Deux véhicules - arrière,,,,,,,,,,,5,2,1,1.0,2.0
201100019901,0011-05-13 15:40:00,11,5,13,15,40,130,55,"16, AVE DU PRADO",,,Plein jour,En agglomération,Hors intersection,Normale,Autre collision,,,,,,,,,,,1,2,1,1.0,6.0
201100019902,0011-05-07 18:15:00,11,5,7,18,15,130,55,"10, CRS GOUFFE",,,Plein jour,En agglomération,Hors intersection,Normale,Deux véhicules - côté,,,,,,,,,,,1,2,1,1.0,3.0
201100019903,0011-05-03 14:15:00,11,5,3,14,15,130,55,"8, AVE PASTEUR",43.29174,5.359,Plein jour,En agglomération,Hors intersection,Normale,Deux véhicules - côté,,,,,,,,,,,1,2,1,1.0,3.0
201100019904,0011-05-11 14:30:00,11,5,11,14,30,130,55,"138, AVE DES CHARTREUX",43.30773,5.40004,Plein jour,En agglomération,Hors intersection,Normale,Autre collision,,,,,,,,,,,1,2,1,1.0,6.0
201100019905,0011-05-14 15:30:00,11,5,14,15,30,130,55,"41, RUE D ENDOUME",,,Plein jour,En agglomération,Hors intersection,Normale,Autre collision,,,,,,,,,,,1,2,1,1.0,6.0
201100019906,0011-05-14 19:45:00,11,5,14,19,45,130,55,"400, RPT FRANCIS CHAMANT",,,Plein jour,En agglomération,Hors intersection,Normale,Deux véhicules - côté,,,,,,,,,,,1,2,1,1.0,3.0
201100019907,0011-05-02 20:00:00,11,5,2,20,0,130,55,"144, RUE DE ROME",,,Plein jour,En agglomération,Intersection en X,Normale,Deux véhicules - côté,,,,,,,,,,,1,2,2,1.0,3.0
201100019908,0011-05-11 11:00:00,11,5,11,11,0,130,55,"2, RUE HOCHE",,,Plein jour,En agglomération,Hors intersection,Normale,Autre collision,,,,,,,,,,,1,2,1,1.0,6.0
201100019909,0011-03-10 10:40:00,11,3,10,10,40,130,55,"11, CHE DE CHATEAU GOMBE",,,Plein jour,En agglomération,Hors intersection,Normale,Deux véhicules - arrière,,,,,,,,,,,1,2,1,1.0,2.0
201100019910,0011-08-11 21:45:00,11,8,11,21,45,130,55,RUE BERNEX,,,Nuit avec éclairage allumé,En agglomération,Intersection en X,Normale,Deux véhicules - côté,,,,,,,,,,,5,2,2,1.0,3.0
201100019911,0011-04-28 23:15:00,11,4,28,23,15,130,55,"52, RUE BRETEUIL",43.29043,5.37578,Nuit avec éclairage allumé,En agglomération,Intersection en T,Normale,Deux véhicules - côté,,,,,,,,,,,5,2,3,1.0,3.0
201100019912,0011-05-07 00:30:00,11,5,7,0,30,130,55,AVE DU PRADO,,,Nuit avec éclairage allumé,En agglomération,Hors intersection,Normale,Deux véhicules - arrière,,,,,,,,,,,5,2,1,1.0,2.0
201100019913,0011-05-12 15:15:00,11,5,12,15,15,130,55,BD ACHILLE MARCEL,,,Plein jour,En agglomération,Hors intersection,Normale,Autre collision,,,,,,,,,,,1,2,1,1.0,6.0
201100019914,0011-05-13 11:30:00,11,5,13,11,30,130,55,"1, RPT IAN PALACH",,,Plein jour,En agglomération,Giratoire,Normale,Deux véhicules - arrière,,,,,,,,,,,1,2,6,1.0,2.0
201100019915,0011-05-02 17:30:00,11,5,2,17,30,130,55,"1, BD DES NEIGES",,,Plein jour,En agglomération,Intersection en T,Normale,Deux véhicules - côté,,,,,,,,,,,1,2,3,1.0,3.0
201100019916,0011-04-30 10:20:00,11,4,30,10,20,130,55,AVE DE MONTREDON,,,Plein jour,En agglomération,Hors intersection,Normale,Deux véhicules - côté,,,,,,,,,,,1,2,1,1.0,3.0
201100019917,0011-05-26 17:00:00,11,5,26,17,0,130,55,"3, RUE SAINTE VICTORINE",,,Plein jour,En agglomération,Hors intersection,Normale,Autre collision,,,,,,,,,,,1,2,1,1.0,6.0
201100019918,0011-05-16 23:00:00,11,5,16,23,0,130,55,"67, BD SAKAKINI",,,Nuit avec éclairage allumé,En agglomération,Hors intersection,Normale,Autre collision,,,,,,,,,,,5,2,1,1.0,6.0
201100019919,0011-05-09 11:40:00,11,5,9,11,40,130,55,AVE DE LA ROSE,,,Plein jour,En agglomération,Hors intersection,Normale,Deux véhicules - côté,,,,,,,,,,,1,2,1,1.0,3.0
201100019920,0011-04-29 08:20:00,11,4,29,8,20,130,55,"40, AVE ROGER SALENGRO",43.31091,5.37289,Plein jour,En agglomération,Hors intersection,Normale,Autre collision,,,,,,,,,,,1,2,1,1.0,6.0
201100019921,0011-05-24 17:00:00,11,5,24,17,0,130,55,RUE CONDORCET,,,Plein jour,En agglomération,Intersection en T,Normale,Deux véhicules - côté,,,,,,,,,,,1,2,3,1.0,3.0
201100019922,0011-05-10 13:20:00,11,5,10,13,20,130,55,"54, RUE DE RUFFI",43.31205,5.37109,Plein jour,En agglomération,Hors intersection,Normale,Deux véhicules - arrière,,,,,,,,,,,1,2,1,1.0,2.0
201100019923,0011-04-09 16:10:00,11,4,9,16,10,130,55,"2, BD LEDRU ROLLIN",43.34048,5.35658,Plein jour,En agglomération,Hors intersection,Normale,Deux véhicules - côté,,,,,,,,,,,1,2,1,1.0,3.0
201100019924,0011-05-13 20:45:00,11,5,13,20,45,130,55,"141, BD FRANCOISE DUPARC",,,Nuit avec éclairage allumé,En agglomération,Hors intersection,Normale,Deux véhicules - arrière,,,,,,,,,,,5,2,1,1.0,2.0
201100019925,0011-07-06 10:30:00,11,7,6,10,30,130,55,AVE DE LA ROSE,,,Plein jour,En agglomération,Hors intersection,Normale,Deux véhicules - côté,,,,,,,,,,,1,2,1,1.0,3.0
201100019926,0011-04-04 11:40:00,11,4,4,11,40,130,55,"33, AVE DE LA CAPELETTE",,,Plein jour,En agglomération,Intersection en X,Normale,Autre collision,,,,,,,,,,,1,2,2,1.0,6.0
201100019927,0011-05-13 16:40:00,11,5,13,16,40,130,55,"57, BD ROMAIN ROLLAND",,,Plein jour,En agglomération,Hors intersection,Normale,Autre collision,,,,,,,,,,,1,2,1,1.0,6.0
201100019928,0011-05-01 16:40:00,11,5,1,16,40,130,55,CR DE LA VALBARELLE A SA,,,Plein jour,En agglomération,Intersection en T,Normale,Deux véhicules - côté,,,,,,,,,,,1,2,3,1.0,3.0
201100019929,0011-04-20 14:15:00,11,4,20,14,15,130,55,BD SCHLOESING,,,Plein jour,En agglomération,Hors intersection,Normale,Deux véhicules - arrière,,,,,,,,,,,1,2,1,1.0,2.0
201100019930,0011-04-13 13:50:00,11,4,13,13,50,130,55,"234, AVE DE TOULON",,,Plein jour,En agglomération,Intersection en T,Normale,Deux véhicules - côté,,,,,,,,,,,1,2,3,1.0,3.0
201100019931,0011-05-03 07:20:00,11,5,3,7,20,130,55,"70, BD MIREILLE LAUZE",,,Plein jour,En agglomération,Hors intersection,Normale,Autre collision,,,,,,,,,,,1,2,1,1.0,6.0
201100019932,0011-05-14 17:00:00,11,5,14,17,0,130,55,"767, AVE DE MAZARGUES",,,Plein jour,En agglomération,Hors intersection,Normale,Deux véhicules - côté,,,,,,,,,,,1,2,1,1.0,3.0
201100019933,0011-05-05 19:45:00,11,5,5,19,45,130,55,"12, BD GOUZIAN",43.31951,5.37488,Plein jour,En agglomération,Hors intersection,Normale,Autre collision,,,,,,,,,,,1,2,1,1.0,6.0
201100019934,0011-01-26 13:05:00,11,1,26,13,5,130,55,"7, RUE DE LA BUSSERINE",43.33014,5.39376,Plein jour,En agglomération,Hors intersection,Normale,Deux véhicules - côté,,,,,,,,,,,1,2,1,1.0,3.0
201100019935,0011-05-15 12:10:00,11,5,15,12,10,130,55,"65, RUE JOSEPH CLERISSY",43.29593,5.43002,Plein jour,En agglomération,Hors intersection,Normale,Autre collision,,,,,,,,,,,1,2,1,1.0,6.0
201100019936,0011-05-05 15:50:00,11,5,5,15,50,130,55,"31, ALL DE LA GRANDE BAS",43.29861,5.43676,Plein jour,En agglomération,Hors intersection,Normale,Deux véhicules - arrière,,,,,,,,,,,1,2,1,1.0,2.0
201100019937,0011-05-20 20:00:00,11,5,20,20,0,130,55,"35, CHE DES BAUMILLONS",,,Plein jour,En agglomération,Hors intersection,Normale,Autre collision,,,,,,,,,,,1,2,1,1.0,6.0
201100019938,0011-06-08 11:00:00,11,6,8,11,0,130,55,"02, BD FRANCOISE DUPARC",43.301,5.40059,Plein jour,En agglomération,Hors intersection,Normale,Autre collision,,,,,,,,,,,1,2,1,1.0,6.0
201100019939,0011-04-04 07:30:00,11,4,4,7,30,130,55,"155, BD ROMAIN ROLLAND",,,Plein jour,En agglomération,Intersection en X,Normale,Autre collision,,,,,,,,,,,1,2,2,1.0,6.0
201100019940,0011-05-21 17:45:00,11,5,21,17,45,130,55,"1, RUE DE LA MAIRIE",,,Plein jour,En agglomération,Hors intersection,Normale,Autre collision,,,,,,,,,,,1,2,1,1.0,6.0
201100019941,0011-04-24 00:25:00,11,4,24,0,25,130,55,"26, PCE JEAN JAURES",,,Nuit avec éclairage allumé,En agglomération,Hors intersection,Normale,Autre collision,,,,,,,,,,,5,2,1,1.0,6.0
201100019942,0011-03-23 10:30:00,11,3,23,10,30,130,55,"142, AVE DE LA VISTE",,,Plein jour,En agglomération,Hors intersection,Normale,Trois véhicules et plus - en chaîne,,,,,,,,,,,1,2,1,1.0,4.0
201100019943,0011-05-02 12:25:00,11,5,2,12,25,130,55,AVE ALEXANDRE ANSALDI,43.33556,5.39967,Plein jour,En agglomération,Autre intersection,Normale,Deux véhicules - côté,,,,,,,,,,,1,2,9,1.0,3.0
201100019944,0011-05-16 17:00:00,11,5,16,17,0,130,55,"56, BD DE LA VALBARELLE",,,Plein jour,En agglomération,Hors intersection,Normale,Deux véhicules - arrière,,,,,,,,,,,1,2,1,1.0,2.0
201100019945,0011-05-16 13:30:00,11,5,16,13,30,130,55,"120, RUE FRANCOIS MAURIA",,,Plein jour,En agglomération,Intersection en T,Normale,Autre collision,,,,,,,,,,,1,2,3,1.0,6.0
201100019946,0011-05-13 15:30:00,11,5,13,15,30,130,55,"00, QAI DES BELGES",,,Plein jour,En agglomération,Hors intersection,Normale,Autre collision,,,,,,,,,,,1,2,1,1.0,6.0
201100019947,0011-05-11 14:30:00,11,5,11,14,30,130,55,"00, AVE DE LA CAPELETTE",,,Plein jour,En agglomération,Hors intersection,Normale,Autre collision,,,,,,,,,,,1,2,1,1.0,6.0
201100019948,0011-05-10 08:00:00,11,5,10,8,0,130,55,"00, BD DU REDON",,,Plein jour,En agglomération,Intersection en X,Normale,Autre collision,,,,,,,,,,,1,2,2,1.0,6.0
201100019949,0011-05-11 09:00:00,11,5,11,9,0,130,55,"00, AVE DU PRADO",,,Plein jour,En agglomération,Intersection en T,Normale,Deux véhicules - côté,,,,,,,,,,,1,2,3,1.0,3.0
201100019950,0011-05-07 09:30:00,11,5,7,9,30,130,55,"90, AVE DU PRADO",43.28193,5.38562,Plein jour,Hors agglomération,Hors intersection,Normale,Autre collision,,,,,,,,,,,1,1,1,1.0,6.0
201100019951,0011-03-18 11:50:00,11,3,18,11,50,130,55,"2, BD DE STRASBOURG",,,Plein jour,En agglomération,Intersection en T,Normale,Sans collision,,,,,,,,,,,1,2,3,1.0,7.0
201100019952,0011-05-11 17:30:00,11,5,11,17,30,130,55,"82, BD MICHELET",,,Plein jour,En agglomération,Intersection en T,Normale,Deux véhicules - côté,,,,,,,,,,,1,2,3,1.0,3.0
201100019953,0011-07-31 18:30:00,11,7,31,18,30,130,55,"31, RTE DES CAMOINS",,,Plein jour,En agglomération,Hors intersection,Normale,Deux véhicules - frontale,,,,,,,,,,,1,2,1,1.0,1.0
201100019954,0011-05-20 13:00:00,11,5,20,13,0,130,55,"38, RUE GRANOUX",,,Plein jour,En agglomération,Intersection en X,Normale,Autre collision,,,,,,,,,,,1,2,2,1.0,6.0
201100019955,0011-04-19 11:20:00,11,4,19,11,20,130,55,"1, AVE DES POILUS",43.32478,5.45009,Plein jour,En agglomération,Giratoire,Normale,Autre collision,,,,,,,,,,,1,2,6,1.0,6.0
201100019956,0011-05-22 03:20:00,11,5,22,3,20,130,55,"6, RUE DU DOCTEUR ESCAT",43.28367,5.38326,Nuit avec éclairage allumé,En agglomération,Hors intersection,Normale,Deux véhicules - arrière,,,,,,,,,,,5,2,1,1.0,2.0
201100019957,0011-05-16 13:55:00,11,5,16,13,55,130,55,"167, BD CHAVE",,,Plein jour,En agglomération,Intersection en X,Normale,Deux véhicules - côté,,,,,,,,,,,1,2,2,1.0,3.0
201100019958,0011-05-18 18:15:00,11,5,18,18,15,130,55,"13, BD RABATAU",,,Plein jour,En agglomération,Hors intersection,Normale,Autre collision,,,,,,,,,,,1,2,1,1.0,6.0
201100019959,0011-05-19 08:15:00,11,5,19,8,15,130,55,"69, AVE DE LATTRE DE TAS",,,Plein jour,En agglomération,Hors intersection,Normale,Autre collision,,,,,,,,,,,1,2,1,1.0,6.0
201100019960,0011-05-18 10:50:00,11,5,18,10,50,130,55,"475, VSN PRADO AVE",,,Plein jour,En agglomération,Hors intersection,Normale,Deux véhicules - côté,,,,,,,,,,,1,2,1,1.0,3.0
201100019961,0011-05-16 08:30:00,11,5,16,8,30,130,55,"9, RUE ALFRED CURTEL",,,Plein jour,En agglomération,Intersection en X,Normale,Trois véhicules et plus - en chaîne,,,,,,,,,,,1,2,2,1.0,4.0
201100019962,0011-05-12 19:30:00,11,5,12,19,30,130,55,"22, RTE D ENCO DE BOTTE",,,Plein jour,En agglomération,Hors intersection,Normale,Autre collision,,,,,,,,,,,1,2,1,1.0,6.0
201100019963,0011-05-06 16:30:00,11,5,6,16,30,130,55,"8, BD FERDINAND NEGRO",,,Plein jour,En agglomération,Hors intersection,Normale,Deux véhicules - arrière,,,,,,,,,,,1,2,1,1.0,2.0
201100019964,0011-05-23 18:00:00,11,5,23,18,0,130,55,"00, CHE DE L ARMEE D AFR",,,Plein jour,En agglomération,Hors intersection,Normale,Autre collision,,,,,,,,,,,1,2,1,1.0,6.0
201100019965,0011-05-05 16:45:00,11,5,5,16,45,130,55,"97, AVE DES PEINTRES ROU",43.30466,5.47177,Plein jour,En agglomération,Hors intersection,Normale,Deux véhicules - arrière,,,,,,,,,,,1,2,1,1.0,2.0
201100019966,0011-05-20 15:30:00,11,5,20,15,30,130,55,"39, BD ROMAIN ROLLAND",,,Plein jour,En agglomération,Hors intersection,Normale,Deux véhicules - côté,,,,,,,,,,,1,2,1,1.0,3.0
201100019967,0011-05-30 10:35:00,11,5,30,10,35,130,55,AVE DES PEINTRES ROUX,,,Plein jour,Hors agglomération,Hors intersection,Normale,Autre collision,,,,,,,,,,,1,1,1,1.0,6.0
201100019968,0011-01-13 18:45:00,11,1,13,18,45,130,55,"33, QAI DU LAZARET",,,Nuit avec éclairage allumé,En agglomération,Hors intersection,Normale,Deux véhicules - côté,,,,,,,,,,,5,2,1,1.0,3.0
201100019969,0011-05-25 21:30:00,11,5,25,21,30,130,55,"1, AVE DE VIENNE",,,Nuit avec éclairage allumé,En agglomération,Intersection en X,Normale,Deux véhicules - côté,,,,,,,,,,,5,2,2,1.0,3.0
201100019970,0011-05-23 08:13:00,11,5,23,8,13,130,55,"00, COR PRESIDENT JOHN F",,,Plein jour,En agglomération,Hors intersection,Normale,Autre collision,,,,,,,,,,,1,2,1,1.0,6.0
201100019971,0011-05-04 15:50:00,11,5,4,15,50,130,55,"16, BD THEODORE THURNER",,,Plein jour,En agglomération,Hors intersection,Normale,Autre collision,,,,,,,,,,,1,2,1,1.0,6.0
201100019972,0011-05-19 10:05:00,11,5,19,10,5,130,55,"50, AVE SAINT PAUL",,,Plein jour,En agglomération,Hors intersection,Normale,Autre collision,,,,,,,,,,,1,2,1,1.0,6.0
201100019973,0011-05-20 17:00:00,11,5,20,17,0,130,55,"33, AVE DE LA CORSE",,,Plein jour,En agglomération,Hors intersection,Normale,Autre collision,,,,,,,,,,,1,2,1,1.0,6.0
201100019974,0011-05-09 16:05:00,11,5,9,16,5,130,55,"36, BD CHARLES LIVON",,,Plein jour,En agglomération,Hors intersection,Normale,Deux véhicules - côté,,,,,,,,,,,1,2,1,1.0,3.0
201100019975,0011-05-21 22:15:00,11,5,21,22,15,130,55,"4, CRS PIERRE PUGET",43.29058,5.37768,Nuit avec éclairage allumé,En agglomération,Hors intersection,Normale,Deux véhicules - côté,,,,,,,,,,,5,2,1,1.0,3.0