accident_id,datetime,annee,mois,jour,heure,minute,departement,commune_insee,adresse,latitude,longitude,luminosite,agglomeration,intersection,meteo,collision,nb_vehicules,nb_usagers,nb_indemnes,nb_tues,nb_blesses_hosp,nb_blesses_legers,age_cond_1,age_cond_2,veh_type_cond_1,veh_type_cond_2,lum_code,agg_code,int_code,atm_code,col_code
201100020104,0011-05-20 19:10:00,11,5,20,19,10,130,55,"50, AVE DU MARCHE NATION",,,Plein jour,En agglomération,Hors intersection,Normale,Deux véhicules - côté,,,,,,,,,,,1,2,1,1.0,3.0
201100020105,0011-05-21 09:45:00,11,5,21,9,45,130,55,"210, QAI DU PORT",,,Plein jour,En agglomération,Hors intersection,Normale,Deux véhicules - frontale,,,,,,,,,,,1,2,1,1.0,1.0
201100020106,0011-04-27 16:15:00,11,4,27,16,15,130,55,"160, BD DU CAPITAINE GEZ",43.33137,5.37685,Plein jour,En agglomération,Hors intersection,Normale,Deux véhicules - frontale,,,,,,,,,,,1,2,1,1.0,1.0
201100020107,0011-05-11 18:00:00,11,5,11,18,0,130,55,RUE LE PELLETIER,,,Plein jour,En agglomération,Hors intersection,Normale,Deux véhicules - frontale,,,,,,,,,,,1,2,1,1.0,1.0
201100020108,0011-05-24 18:15:00,11,5,24,18,15,130,55,"571, AVE DE MAZARGUES",43.25346,5.39464,Plein jour,En agglomération,Autre intersection,Normale,Deux véhicules - côté,,,,,,,,,,,1,2,9,1.0,3.0
201100020109,0011-06-19 20:00:00,11,6,19,20,0,130,55,"17, RUE DU SUD ET DU PER",,,Plein jour,En agglomération,Hors intersection,Normale,Deux véhicules - côté,,,,,,,,,,,1,2,1,1.0,3.0
201100020110,0011-06-20 16:45:00,11,6,20,16,45,130,55,"260, BD PAUL CLAUDEL",,,Plein jour,En agglomération,Hors intersection,Normale,Deux véhicules - côté,,,,,,,,,,,1,2,1,1.0,3.0
201100020111,0011-05-30 07:40:00,11,5,30,7,40,130,55,"12, BD DE LA CARTONNERIE",43.29225,5.45899,Plein jour,En agglomération,Hors intersection,Normale,Autre collision,,,,,,,,,,,1,2,1,1.0,6.0
201100020112,0011-05-29 17:35:00,11,5,29,17,35,130,55,"1, RUE ALEXIS CARREL",,,Plein jour,En agglomération,Hors intersection,Normale,Autre collision,,,,,,,,,,,1,2,1,1.0,6.0
201100020113,0011-05-25 06:50:00,11,5,25,6,50,130,55,"42, RUE BRETEUIL",,,Plein jour,En agglomération,Hors intersection,Normale,Deux véhicules - arrière,,,,,,,,,,,1,2,1,1.0,2.0
201100020114,0011-06-07 16:30:00,11,6,7,16,30,130,55,BD BAILLE,,,Plein jour,En agglomération,Intersection en T,Normale,Deux véhicules - côté,,,,,,,,,,,1,2,3,1.0,3.0
201100020115,0011-06-09 18:00:00,11,6,9,18,0,130,55,PIERRE CHEVALIER (RUE),,,Plein jour,En agglomération,Intersection à plus de 4 branches,Normale,Deux véhicules - côté,,,,,,,,,,,1,2,5,1.0,3.0
201100020116,0011-06-11 23:45:00,11,6,11,23,45,130,55,"244, AVE DE MONTOLIVET",,,Nuit avec éclairage allumé,En agglomération,Intersection en T,Normale,Deux véhicules - frontale,,,,,,,,,,,5,2,3,1.0,1.0
201100020117,0011-05-10 19:30:00,11,5,10,19,30,130,55,"2, AVE DE BONNEVEINE",43.25438,5.37895,Plein jour,En agglomération,Hors intersection,Normale,Deux véhicules - arrière,,,,,,,,,,,1,2,1,1.0,2.0
201100020118,0011-06-16 09:10:00,11,6,16,9,10,130,55,BD ACHILLE MARCEL,,,Plein jour,En agglomération,Hors intersection,Normale,Autre collision,,,,,,,,,,,1,2,1,1.0,6.0
201100020119,0011-06-12 11:20:00,11,6,12,11,20,130,2,ETIENNE CUCCA-CD908 (AVE,,,Plein jour,Hors agglomération,Hors intersection,Normale,Autre collision,,,,,,,,,,,1,1,1,1.0,6.0
201100020120,0011-06-07 01:30:00,11,6,7,1,30,130,55,AVE FRANCOIS CHARDIGNY,43.1764,5.28988,Nuit avec éclairage allumé,En agglomération,Hors intersection,Normale,Autre collision,,,,,,,,,,,5,2,1,1.0,6.0
201100020121,0011-05-03 08:30:00,11,5,3,8,30,130,55,AVE DE LATTRE DE TASSIGN,,,Plein jour,En agglomération,Hors intersection,Normale,Trois véhicules et plus - en chaîne,,,,,,,,,,,1,2,1,1.0,4.0
201100020122,0011-06-07 14:20:00,11,6,7,14,20,130,55,VOI LA CANEBIERE,,,Plein jour,En agglomération,Hors intersection,Normale,Autre collision,,,,,,,,,,,1,2,1,1.0,6.0
201100020123,0011-06-14 08:05:00,11,6,14,8,5,130,55,"185, BD DE LA MILLIERE",,,Plein jour,En agglomération,Intersection en T,Normale,Deux véhicules - côté,,,,,,,,,,,1,2,3,1.0,3.0
201100020124,0011-06-08 00:10:00,11,6,8,0,10,130,55,AVE DU MARECHAL FOCH,,,Nuit avec éclairage allumé,En agglomération,Intersection en X,Normale,Deux véhicules - frontale,,,,,,,,,,,5,2,2,1.0,1.0
201100020125,0011-06-08 00:30:00,11,6,8,0,30,130,55,"1, BD DUGOMMIER",,,Nuit avec éclairage allumé,En agglomération,Hors intersection,Normale,Deux véhicules - côté,,,,,,,,,,,5,2,1,1.0,3.0
201100020126,0011-06-06 10:00:00,11,6,6,10,0,130,55,"392, VSN PRADO AVE",,,Plein jour,En agglomération,Hors intersection,Normale,Deux véhicules - arrière,,,,,,,,,,,1,2,1,1.0,2.0
201100020127,0011-06-14 08:05:00,11,6,14,8,5,130,2,GUSTAVE RAMBERT (BOULEVA,,,Plein jour,En agglomération,Hors intersection,Normale,Deux véhicules - côté,,,,,,,,,,,1,2,1,1.0,3.0
201100020128,0011-06-10 16:40:00,11,6,10,16,40,130,2,"670, GENERAL LECLERC (AV",,,Plein jour,En agglomération,Hors intersection,Normale,Autre collision,,,,,,,,,,,1,2,1,1.0,6.0
201100020129,0011-06-10 13:45:00,11,6,10,13,45,130,55,"1, VSN LES ACCATES",,,Plein jour,En agglomération,Intersection en T,Normale,Autre collision,,,,,,,,,,,1,2,3,1.0,6.0
201100020130,0011-06-16 12:15:00,11,6,16,12,15,130,55,"1, ALL DES PLATANES",,,Plein jour,Hors agglomération,Hors intersection,Normale,Sans collision,,,,,,,,,,,1,1,1,1.0,7.0
201100020131,0011-04-15 07:55:00,11,4,15,7,55,130,55,"261, BD MICHELET",43.26049,5.39808,Plein jour,En agglomération,Hors intersection,Normale,Deux véhicules - côté,,,,,,,,,,,1,2,1,1.0,3.0
201100020132,0011-05-17 08:40:00,11,5,17,8,40,130,55,"53, BD DE LA CARTONNERIE",,,Plein jour,En agglomération,Hors intersection,Normale,Deux véhicules - frontale,,,,,,,,,,,1,2,1,1.0,1.0
201100020133,0011-06-03 13:00:00,11,6,3,13,0,130,55,"274, RTE DES TROIS LUCS",,,Plein jour,En agglomération,Hors intersection,Normale,Deux véhicules - côté,,,,,,,,,,,1,2,1,1.0,3.0
201100020134,0011-05-26 09:50:00,11,5,26,9,50,130,2,PROVENCE (AVENUE DE),,,Plein jour,En agglomération,Hors intersection,Normale,Deux véhicules - arrière,,,,,,,,,,,1,2,1,1.0,2.0
201100020135,0011-06-23 01:10:00,11,6,23,1,10,130,55,"21, CHE DE CHATEAU GOMBE",43.33533,5.42071,Nuit avec éclairage allumé,En agglomération,Hors intersection,Normale,Deux véhicules - côté,,,,,,,,,,,5,2,1,1.0,3.0
201100020136,0011-06-14 20:40:00,11,6,14,20,40,130,75,"6, LOUIS PASTEUR (AVE)",,,Plein jour,En agglomération,Hors intersection,Normale,Deux véhicules - frontale,,,,,,,,,,,1,2,1,1.0,1.0
201100020137,0011-06-18 18:40:00,11,6,18,18,40,130,55,"192, RUE DU ROUET",,,Plein jour,En agglomération,Hors intersection,Normale,Autre collision,,,,,,,,,,,1,2,1,1.0,6.0
201100020138,0011-06-14 10:30:00,11,6,14,10,30,130,55,"15, BD ANATOLE DE LA FOR",,,Plein jour,En agglomération,Hors intersection,Normale,Trois véhicules et plus - en chaîne,,,,,,,,,,,1,2,1,1.0,4.0
201100020139,0011-06-24 02:15:00,11,6,24,2,15,130,55,AVE DE SAINT JEROME,43.3311,5.41929,Nuit avec éclairage allumé,En agglomération,Intersection en T,Normale,Deux véhicules - frontale,,,,,,,,,,,5,2,3,1.0,1.0
201100020140,0011-06-23 19:15:00,11,6,23,19,15,130,55,BD DU CAPITAINE GEZE,,,Plein jour,En agglomération,Hors intersection,Normale,Deux véhicules - arrière,,,,,,,,,,,1,2,1,1.0,2.0
201100020141,0011-06-15 12:30:00,11,6,15,12,30,130,55,"51, BD DU COMMANDANT ROB",,,Plein jour,En agglomération,Hors intersection,Normale,Autre collision,,,,,,,,,,,1,2,1,1.0,6.0
201100020142,0011-06-02 19:20:00,11,6,2,19,20,130,55,"1, BD LAVERAN",,,Plein jour,En agglomération,Hors intersection,Normale,Deux véhicules - côté,,,,,,,,,,,1,2,1,1.0,3.0
201100020143,0011-05-28 15:20:00,11,5,28,15,20,130,55,VSN PASSERELLE AVE DE ST,,,Plein jour,En agglomération,Hors intersection,Normale,Deux véhicules - côté,,,,,,,,,,,1,2,1,1.0,3.0
201100020144,0011-08-25 15:11:00,11,8,25,15,11,130,55,"17, BD MAURICE BOURDET",,,Plein jour,En agglomération,Hors intersection,Normale,Deux véhicules - arrière,,,,,,,,,,,1,2,1,1.0,2.0
201100020145,0011-06-21 08:30:00,11,6,21,8,30,130,55,"00, BD MICHELET",,,Plein jour,En agglomération,Hors intersection,Normale,Autre collision,,,,,,,,,,,1,2,1,1.0,6.0
201100020146,0011-05-10 13:00:00,11,5,10,13,0,130,55,"02, BD JEAN MOULIN",,,Plein jour,En agglomération,Intersection en X,Normale,Autre collision,,,,,,,,,,,1,2,2,1.0,6.0
201100020147,0011-06-18 18:15:00,11,6,18,18,15,130,55,AVE JEAN PAUL SARTRE,,,Plein jour,En agglomération,Hors intersection,Normale,Sans collision,,,,,,,,,,,1,2,1,1.0,7.0
201100020148,0011-06-13 23:20:00,11,6,13,23,20,130,55,"20, AVE DE LA CROIX ROUG",,,Nuit avec éclairage non allumé,En agglomération,Hors intersection,Normale,Deux véhicules - frontale,,,,,,,,,,,4,2,1,1.0,1.0
201100020149,0011-05-17 10:00:00,11,5,17,10,0,130,55,"129, BD FRANCOISE DUPARC",,,Plein jour,En agglomération,Hors intersection,Normale,Autre collision,,,,,,,,,,,1,2,1,1.0,6.0
201100020150,0011-04-21 20:00:00,11,4,21,20,0,130,55,"116, AVE DES CHARTREUX",,,Crépuscule ou aube,En agglomération,Hors intersection,Normale,Deux véhicules - arrière,,,,,,,,,,,2,2,1,1.0,2.0
201100020151,0011-06-20 20:05:00,11,6,20,20,5,130,55,"75, AVE DE TOULON",43.28499,5.38984,Plein jour,En agglomération,Hors intersection,Normale,Sans collision,,,,,,,,,,,1,2,1,1.0,7.0
201100020152,0011-06-17 17:00:00,11,6,17,17,0,130,55,"16, PAS LEO FERRE",,,Plein jour,En agglomération,Hors intersection,Normale,Sans collision,,,,,,,,,,,1,2,1,1.0,7.0
201100020153,0011-05-23 16:20:00,11,5,23,16,20,130,55,"39, BD CAMILLE FLAMMARIO",,,Plein jour,En agglomération,Intersection en X,Normale,Deux véhicules - côté,,,,,,,,,,,1,2,2,1.0,3.0
201100020154,0011-05-16 11:20:00,11,5,16,11,20,130,55,"105, RUE DU CAMAS",,,Plein jour,En agglomération,Intersection en X,Normale,Deux véhicules - côté,,,,,,,,,,,1,2,2,1.0,3.0
201100020155,0011-06-10 07:15:00,11,6,10,7,15,130,55,"25, RUE LACEPEDE",,,Plein jour,En agglomération,Intersection en X,Normale,Deux véhicules - côté,,,,,,,,,,,1,2,2,1.0,3.0
201100020156,0011-05-17 08:00:00,11,5,17,8,0,130,55,"21, RUE THYDE MONNIER",,,Plein jour,En agglomération,Hors intersection,Normale,Autre collision,,,,,,,,,,,1,2,1,1.0,6.0
201100020157,0011-06-14 15:45:00,11,6,14,15,45,130,55,"349, AVE DU PRADO",,,Plein jour,En agglomération,Hors intersection,Normale,Deux véhicules - côté,,,,,,,,,,,1,2,1,1.0,3.0
201100020158,0011-06-23 20:30:00,11,6,23,20,30,130,55,"86, BD DE PONT DE VIVAUX",43.28068,5.42121,Nuit avec éclairage allumé,En agglomération,Hors intersection,Normale,Deux véhicules - côté,,,,,,,,,,,5,2,1,1.0,3.0
201100020159,0011-06-22 07:45:00,11,6,22,7,45,130,75,"1, FR?D?RIC CHEVILLON (A",,,Plein jour,En agglomération,Intersection en T,Normale,Deux véhicules - côté,,,,,,,,,,,1,2,3,1.0,3.0
201100020160,0011-06-18 02:10:00,11,6,18,2,10,130,55,"91, RUE DE ROME",43.2921,5.38023,Nuit avec éclairage allumé,En agglomération,Intersection en T,Normale,Deux véhicules - côté,,,,,,,,,,,5,2,3,1.0,3.0
201100020161,0011-06-19 11:00:00,11,6,19,11,0,130,55,"2, VSN QUAI DU PORT A LO",43.29579,5.37429,Plein jour,En agglomération,Intersection en X,Normale,Deux véhicules - côté,,,,,,,,,,,1,2,2,1.0,3.0
201100020162,0011-06-10 14:00:00,11,6,10,14,0,130,55,"181, COR PRESIDENT JOHN",,,Plein jour,En agglomération,Hors intersection,Normale,Deux véhicules - côté,,,,,,,,,,,1,2,1,1.0,3.0
201100020163,0011-06-14 21:40:00,11,6,14,21,40,130,55,"30, RUE BENEDIT",,,Nuit avec éclairage allumé,En agglomération,Hors intersection,Normale,Deux véhicules - frontale,,,,,,,,,,,5,2,1,1.0,1.0
201100020164,0011-06-13 00:20:00,11,6,13,0,20,130,55,"57, RUE JEAN DE BERNARDY",,,Nuit avec éclairage allumé,En agglomération,Intersection en T,Normale,Deux véhicules - côté,,,,,,,,,,,5,2,3,1.0,3.0
201100020165,0011-06-22 17:30:00,11,6,22,17,30,130,55,"28, BD GARIBALDI",,,Plein jour,En agglomération,Intersection en T,Normale,Deux véhicules - côté,,,,,,,,,,,1,2,3,1.0,3.0
201100020166,0011-06-23 13:40:00,11,6,23,13,40,130,55,"42, QAI DE RIVE NEUVE",,,Plein jour,En agglomération,Hors intersection,Normale,Deux véhicules - côté,,,,,,,,,,,1,2,1,1.0,3.0
201100020167,0011-06-24 06:55:00,11,6,24,6,55,130,55,"133, RUE PARADIS",,,Crépuscule ou aube,En agglomération,Intersection en X,Normale,Deux véhicules - côté,,,,,,,,,,,2,2,2,1.0,3.0
201100020168,0011-06-24 22:00:00,11,6,24,22,0,130,55,AVE DE CORINTHE,,,Nuit avec éclairage allumé,En agglomération,Intersection en X,Normale,Deux véhicules - côté,,,,,,,,,,,5,2,2,1.0,3.0
201100020169,0011-06-13 10:45:00,11,6,13,10,45,130,55,"49, VOI LA CANEBIERE",,,Plein jour,En agglomération,Hors intersection,Normale,Trois véhicules et plus - collisions multiples,,,,,,,,,,,1,2,1,1.0,5.0
201100020170,0011-08-23 12:00:00,11,8,23,12,0,130,55,"27, AVE DE MONTREDON",,,Plein jour,En agglomération,Hors intersection,Normale,Deux véhicules - arrière,,,,,,,,,,,1,2,1,1.0,2.0
201100020171,0011-05-17 08:00:00,11,5,17,8,0,130,55,"36, AVE DU PRADO",,,Plein jour,En agglomération,Intersection en X,Normale,Autre collision,,,,,,,,,,,1,2,2,1.0,6.0
201100020172,0011-06-16 18:30:00,11,6,16,18,30,130,55,"71, CHE DU ROUCAS BLANC",,,Plein jour,En agglomération,Hors intersection,Normale,Autre collision,,,,,,,,,,,1,2,1,1.0,6.0
201100020173,0011-06-13 10:35:00,11,6,13,10,35,130,55,"187, AVE PIERRE MENDES F",,,Plein jour,En agglomération,Hors intersection,Normale,Autre collision,,,,,,,,,,,1,2,1,1.0,6.0
201100020174,0011-06-01 11:15:00,11,6,1,11,15,130,55,"104, RUE PARADIS",,,Plein jour,En agglomération,Intersection en X,Normale,Deux véhicules - côté,,,,,,,,,,,1,2,2,1.0,3.0
201100020175,0011-06-28 14:00:00,11,6,28,14,0,130,55,RUE GASTON DE FLOTTE,,,Plein jour,En agglomération,Hors intersection,Normale,Deux véhicules - frontale,,,,,,,,,,,1,2,1,1.0,1.0
201100020176,0011-06-17 23:05:00,11,6,17,23,5,130,55,"358, RUE RABELAIS",,,Nuit avec éclairage allumé,En agglomération,Hors intersection,Normale,Autre collision,,,,,,,,,,,5,2,1,1.0,6.0
201100020177,0011-01-12 17:00:00,11,1,12,17,0,130,55,AVE DU MARECHAL FOCH,,,Plein jour,En agglomération,Hors intersection,Normale,Autre collision,,,,,,,,,,,1,2,1,1.0,6.0
201100020178,0011-06-07 16:40:00,11,6,7,16,40,130,55,"37, AVE CAMILLE PELLETAN",,,Plein jour,En agglomération,Hors intersection,Normale,Autre collision,,,,,,,,,,,1,2,1,1.0,6.0
201100020179,0011-06-16 08:00:00,11,6,16,8,0,130,55,"00, RUE BRETEUIL",,,Plein jour,En agglomération,Hors intersection,Normale,Autre collision,,,,,,,,,,,1,2,1,1.0,6.0
201100020180,0011-06-28 03:45:00,11,6,28,3,45,130,55,ECH ECHANGEUR SARTRE / S,,,Nuit avec éclairage allumé,En agglomération,Hors intersection,Normale,Deux véhicules - arrière,,,,,,,,,,,5,2,1,1.0,2.0
201100020181,0011-04-30 18:00:00,11,4,30,18,0,130,55,"68, BD DU CAPITAINE GEZE",,,Plein jour,En agglomération,Hors intersection,Normale,Deux véhicules - côté,,,,,,,,,,,1,2,1,1.0,3.0
201100020182,0011-06-05 10:30:00,11,6,5,10,30,130,55,"32bis, AVE FELIX ZOCCOLA",,,Plein jour,En agglomération,Hors intersection,Normale,Autre collision,,,,,,,,,,,1,2,1,1.0,6.0
201100020183,0011-04-16 14:50:00,11,4,16,14,50,130,55,BD HENRI BARNIER,,,Plein jour,En agglomération,Hors intersection,Normale,Autre collision,,,,,,,,,,,1,2,1,1.0,6.0
201100020184,0011-06-22 03:45:00,11,6,22,3,45,130,55,"11, CRS JEAN BALLARD",,,Nuit avec éclairage allumé,En agglomération,Hors intersection,Normale,Deux véhicules - arrière,,,,,,,,,,,5,2,1,1.0,2.0
201100020185,0011-06-14 15:00:00,11,6,14,15,0,130,55,BD FRANCOISE DUPARC,,,Plein jour,En agglomération,Hors intersection,Normale,Autre collision,,,,,,,,,,,1,2,1,1.0,6.0
201100020186,0011-06-25 13:00:00,11,6,25,13,0,130,55,"50, AVE COROT",,,Plein jour,En agglomération,Hors intersection,Normale,Deux véhicules - côté,,,,,,,,,,,1,2,1,1.0,3.0
201100020187,0011-06-27 10:30:00,11,6,27,10,30,130,55,"00, RUE D' ITALIE",,,Plein jour,En agglomération,Intersection en X,Normale,Deux véhicules - côté,,,,,,,,,,,1,2,2,1.0,3.0
201100020188,0011-04-01 20:15:00,11,4,1,20,15,130,55,"00, RUE D ENDOUME",,,Plein jour,En agglomération,Hors intersection,Normale,Autre collision,,,,,,,,,,,1,2,1,1.0,6.0
201100020189,0011-06-23 18:00:00,11,6,23,18,0,130,55,"00, BD DUGOMMIER",,,Plein jour,En agglomération,Hors intersection,Normale,Autre collision,,,,,,,,,,,1,2,1,1.0,6.0
201100020190,0011-06-01 14:00:00,11,6,1,14,0,130,55,"00, AVE PIERRE MENDES FR",,,Plein jour,En agglomération,Hors intersection,Normale,Deux véhicules - arrière,,,,,,,,,,,1,2,1,1.0,2.0
201100020191,0011-06-21 22:30:00,11,6,21,22,30,130,55,"1, AVE DES PEINTRES ROUX",,,Nuit avec éclairage allumé,En agglomération,Hors intersection,Normale,Deux véhicules - côté,,,,,,,,,,,5,2,1,1.0,3.0
201100020192,0011-06-07 13:30:00,11,6,7,13,30,130,55,BD SCHLOESING,,,Plein jour,En agglomération,Hors intersection,Normale,Autre collision,,,,,,,,,,,1,2,1,1.0,6.0
201100020193,0011-05-21 18:00:00,11,5,21,18,0,130,55,"80, CHE DE SAINT LOUIS A",,,Plein jour,En agglomération,Hors intersection,Normale,Autre collision,,,,,,,,,,,1,2,1,1.0,6.0
201100020194,0011-06-14 12:20:00,11,6,14,12,20,130,55,"36, BD DE SAINT MARCEL",,,Plein jour,En agglomération,Hors intersection,Normale,Deux véhicules - arrière,,,,,,,,,,,1,2,1,1.0,2.0
201100020195,0011-05-05 07:50:00,11,5,5,7,50,130,55,"305, BD DE SAINT MARCEL",,,Plein jour,En agglomération,Hors intersection,Normale,Autre collision,,,,,,,,,,,1,2,1,1.0,6.0
201100020196,0011-06-21 06:50:00,11,6,21,6,50,130,2,"180, CAGUERASSET (CHEMIN",,,Plein jour,En agglomération,Intersection en T,Normale,Deux véhicules - côté,,,,,,,,,,,1,2,3,1.0,3.0
201100020197,0011-03-31 22:15:00,11,3,31,22,15,130,55,"3, RUE DE L AUDIENCE",,,Nuit avec éclairage allumé,En agglomération,Hors intersection,Normale,Deux véhicules - frontale,,,,,,,,,,,5,2,1,1.0,1.0
201100020198,0011-07-04 16:30:00,11,7,4,16,30,130,55,"196, AVE DES AYGALADES",43.3478,5.36645,Plein jour,En agglomération,Hors intersection,Normale,Sans collision,,,,,,,,,,,1,2,1,1.0,7.0
201100020199,0011-06-10 14:00:00,11,6,10,14,0,130,55,"101, COR PRESIDENT JOHN",,,Plein jour,En agglomération,Hors intersection,Normale,Deux véhicules - côté,,,,,,,,,,,1,2,1,1.0,3.0
201100020200,0011-04-18 16:45:00,11,4,18,16,45,130,55,"1, PCE JEAN JAURES",,,Plein jour,En agglomération,Hors intersection,Normale,Autre collision,,,,,,,,,,,1,2,1,1.0,6.0
201100020201,0011-03-09 15:30:00,11,3,9,15,30,130,55,BD DU MARECHAL JUIN,,,Plein jour,En agglomération,Hors intersection,Normale,Deux véhicules - arrière,,,,,,,,,,,1,2,1,1.0,2.0
201100020202,0011-06-06 20:20:00,11,6,6,20,20,130,55,"74, AVE DES CHARTREUX",,,Nuit avec éclairage allumé,En agglomération,Hors intersection,Temps couvert,Deux véhicules - côté,,,,,,,,,,,5,2,1,8.0,3.0
201100020203,0011-05-24 12:45:00,11,5,24,12,45,130,55,"1, BD CHARLES LIVON",,,Plein jour,En agglomération,Hors intersection,Normale,Deux véhicules - côté,,,,,,,,,,,1,2,1,1.0,3.0
201100020204,0011-06-30 08:25:00,11,6,30,8,25,130,55,"22, RUE CHARRAS",43.29024,5.35743,Plein jour,En agglomération,Hors intersection,Normale,Autre collision,,,,,,,,,,,1,2,1,1.0,6.0
201100020205,0011-05-25 09:00:00,11,5,25,9,0,130,55,"120, AVE DE MONTOLIVET",,,Plein jour,En agglomération,Hors intersection,Normale,Deux véhicules - côté,,,,,,,,,,,1,2,1,1.0,3.0
201100020206,0011-06-07 13:00:00,11,6,7,13,0,130,55,"7B, RUE D AIX",,,Plein jour,En agglomération,Hors intersection,Normale,Autre collision,,,,,,,,,,,1,2,1,1.0,6.0
201100020207,0011-06-14 09:50:00,11,6,14,9,50,130,75,FR?D?RIC CHEVILLON (AVEN,,,Plein jour,En agglomération,Intersection en X,Normale,Trois véhicules et plus - collisions multiples,,,,,,,,,,,1,2,2,1.0,5.0
201100020208,0011-07-04 14:00:00,11,7,4,14,0,130,55,"11, AVE DE SAINT LOUIS",43.34297,5.35961,Plein jour,En agglomération,Hors intersection,Pluie légère,Sans collision,,,,,,,,,,,1,2,1,2.0,7.0
201100020209,0011-07-03 00:45:00,11,7,3,0,45,130,55,AVE ALEXANDRE FLEMING,,,Nuit avec éclairage allumé,En agglomération,Hors intersection,Normale,Sans collision,,,,,,,,,,,5,2,1,1.0,7.0
201100020210,0011-05-19 20:05:00,11,5,19,20,5,130,55,PCE LOUIS BONNEFON,,,Plein jour,En agglomération,Giratoire,Normale,Deux véhicules - côté,,,,,,,,,,,1,2,6,1.0,3.0
201100020211,0011-05-03 10:45:00,11,5,3,10,45,130,55,"425 au 433, BD ROMAIN RO",43.26934,5.4049,Plein jour,En agglomération,Hors intersection,Normale,Autre collision,,,,,,,,,,,1,2,1,1.0,6.0
201100020212,0011-06-07 17:15:00,11,6,7,17,15,130,55,"278, AVE DE LA CAPELETTE",,,Plein jour,En agglomération,Hors intersection,Normale,Deux véhicules - arrière,,,,,,,,,,,1,2,1,1.0,2.0
201100020213,0011-06-20 18:30:00,11,6,20,18,30,130,55,"131, AVE DU PRADO",,,Plein jour,En agglomération,Hors intersection,Normale,Autre collision,,,,,,,,,,,1,2,1,1.0,6.0
201100020214,0011-06-28 16:30:00,11,6,28,16,30,130,55,"00, CV DE L' ARGILE",,,Plein jour,En agglomération,Hors intersection,Normale,Autre collision,,,,,,,,,,,1,2,1,1.0,6.0
201100020215,0011-06-15 08:30:00,11,6,15,8,30,130,55,"76, RUE GRAND RUE",,,Plein jour,En agglomération,Intersection en Y,Normale,Autre collision,,,,,,,,,,,1,2,4,1.0,6.0
201100020216,0011-06-24 09:50:00,11,6,24,9,50,130,55,BD DE SAINTE MARGUERITE,,,Plein jour,En agglomération,Hors intersection,Normale,Deux véhicules - côté,,,,,,,,,,,1,2,1,1.0,3.0
201100020217,0011-06-28 16:25:00,11,6,28,16,25,130,55,"259, BD DE SAINT MARCEL",,,Plein jour,En agglomération,Intersection en T,Normale,Deux véhicules - côté,,,,,,,,,,,1,2,3,1.0,3.0
201100020218,0011-06-17 12:30:00,11,6,17,12,30,130,55,"278/280, AVE DES OLIVES",,,Plein jour,En agglomération,Hors intersection,Normale,Autre collision,,,,,,,,,,,1,2,1,1.0,6.0
201100020219,0011-06-25 05:15:00,11,6,25,5,15,130,55,"84, BD DE SAINT MARCEL",,,Crépuscule ou aube,En agglomération,Hors intersection,Normale,Deux véhicules - arrière,,,,,,,,,,,2,2,1,1.0,2.0
201100020220,0011-05-28 06:10:00,11,5,28,6,10,130,55,"79, AVE DE LA FIGONE",,,Crépuscule ou aube,En agglomération,Hors intersection,Normale,Autre collision,,,,,,,,,,,2,2,1,1.0,6.0
201100020221,0011-06-27 14:20:00,11,6,27,14,20,130,55,"1, IMP DE LA ROUGUIERE",,,Plein jour,En agglomération,Intersection en T,Normale,Deux véhicules - côté,,,,,,,,,,,1,2,3,1.0,3.0
201100020222,0011-06-17 14:20:00,11,6,17,14,20,130,55,"100, AVE DE LA PANOUSE",43.25528,5.42921,Plein jour,En agglomération,Hors intersection,Normale,Deux véhicules - côté,,,,,,,,,,,1,2,1,1.0,3.0
201100020223,0011-04-01 17:00:00,11,4,1,17,0,130,55,"2, AVE JULES CANTINI",,,Plein jour,En agglomération,Hors intersection,Normale,Deux véhicules - côté,,,,,,,,,,,1,2,1,1.0,3.0
201100020224,0011-06-23 18:25:00,11,6,23,18,25,130,55,"21, AVE DES BUTRIS",,,Plein jour,En agglomération,Hors intersection,Normale,Deux véhicules - arrière,,,,,,,,,,,1,2,1,1.0,2.0
201100020225,0011-06-28 13:00:00,11,6,28,13,0,130,2,"607, BELLEVUE (CHEMIN DE",43.32067,5.48612,Plein jour,En agglomération,Hors intersection,Normale,Autre collision,,,,,,,,,,,1,2,1,1.0,6.0
201100020226,0011-06-23 19:10:00,11,6,23,19,10,130,55,BD RABATAU,,,Plein jour,En agglomération,Hors intersection,Normale,Deux véhicules - côté,,,,,,,,,,,1,2,1,1.0,3.0
201100020227,0011-06-23 20:28:00,11,6,23,20,28,130,55,AVE DE HAMBOURG,,,Plein jour,En agglomération,Hors intersection,Normale,Autre collision,,,,,,,,,,,1,2,1,1.0,6.0
201100020228,0011-06-18 15:20:00,11,6,18,15,20,130,55,RPT DRAMARD BOSPHORE,,,Plein jour,En agglomération,Hors intersection,Normale,Deux véhicules - côté,,,,,,,,,,,1,2,1,1.0,3.0
201100020229,0011-06-18 13:20:00,11,6,18,13,20,130,55,BD RICOUX,,,Plein jour,En agglomération,Hors intersection,Normale,Deux véhicules - côté,,,,,,,,,,,1,2,1,1.0,3.0
201100020230,0011-06-21 11:20:00,11,6,21,11,20,130,55,"330, CHE DE SAINT ANTOIN",43.36634,5.36283,Plein jour,En agglomération,Hors intersection,Normale,Autre collision,,,,,,,,,,,1,2,1,1.0,6.0
201100020231,0011-05-24 08:10:00,11,5,24,8,10,130,55,"2, BD ALPHONSE ALLAIS",43.34031,5.3865,Plein jour,En agglomération,Hors intersection,Normale,Autre collision,,,,,,,,,,,1,2,1,1.0,6.0