accident_id,datetime,annee,mois,jour,heure,minute,departement,commune_insee,adresse,latitude,longitude,luminosite,agglomeration,intersection,meteo,collision,nb_vehicules,nb_usagers,nb_indemnes,nb_tues,nb_blesses_hosp,nb_blesses_legers,age_cond_1,age_cond_2,veh_type_cond_1,veh_type_cond_2,lum_code,agg_code,int_code,atm_code,col_code
201100020232,0011-05-13 12:45:00,11,5,13,12,45,130,55,"52, BD DE PLOMBIERES",,,Plein jour,En agglomération,Hors intersection,Normale,Autre collision,,,,,,,,,,,1,2,1,1.0,6.0
201100020233,0011-07-01 14:00:00,11,7,1,14,0,130,55,"25, CHE DE NOTRE DAME DE",,,Plein jour,En agglomération,Hors intersection,Normale,Autre collision,,,,,,,,,,,1,2,1,1.0,6.0
201100020234,0011-06-13 18:35:00,11,6,13,18,35,130,55,"12, PCE DE STRASBOURG /",,,Plein jour,En agglomération,Hors intersection,Normale,Deux véhicules - côté,,,,,,,,,,,1,2,1,1.0,3.0
201100020235,0011-06-22 00:10:00,11,6,22,0,10,130,55,"00, RPT DU PRADO",,,Nuit avec éclairage allumé,En agglomération,Hors intersection,Normale,Autre collision,,,,,,,,,,,5,2,1,1.0,6.0
201100020236,0011-06-27 15:00:00,11,6,27,15,0,130,55,"00, RUE DE RUFFI",,,Plein jour,En agglomération,Hors intersection,Normale,Autre collision,,,,,,,,,,,1,2,1,1.0,6.0
201100020237,0011-05-28 09:30:00,11,5,28,9,30,130,55,"1, AVE D' HAIFA",,,Plein jour,En agglomération,Giratoire,Normale,Deux véhicules - côté,,,,,,,,,,,1,2,6,1.0,3.0
201100020238,0011-06-28 15:00:00,11,6,28,15,0,130,55,"1, PRO DU GRAND LARGE",43.24193,5.36638,Plein jour,En agglomération,Hors intersection,Normale,Deux véhicules - côté,,,,,,,,,,,1,2,1,1.0,3.0
201100020239,0011-06-10 16:45:00,11,6,10,16,45,130,55,"45, RUE AVIATEUR LE BRIX",,,Plein jour,En agglomération,Hors intersection,Normale,Deux véhicules - arrière,,,,,,,,,,,1,2,1,1.0,2.0
201100020240,0011-06-27 13:30:00,11,6,27,13,30,130,55,"149, BD RABATAU DANIEL M",,,Plein jour,En agglomération,Hors intersection,Normale,Trois véhicules et plus - en chaîne,,,,,,,,,,,1,2,1,1.0,4.0
201100020241,0011-06-08 15:20:00,11,6,8,15,20,130,55,"00, CHE DE NOTRE DAME DE",,,Plein jour,En agglomération,Hors intersection,Normale,Deux véhicules - côté,,,,,,,,,,,1,2,1,1.0,3.0
201100020242,0011-06-06 16:35:00,11,6,6,16,35,130,55,AVE ANDRE ROUSSIN,,,Plein jour,En agglomération,Hors intersection,Normale,Deux véhicules - arrière,,,,,,,,,,,1,2,1,1.0,2.0
201100020243,0011-07-06 14:26:00,11,7,6,14,26,130,55,"60, RUE MARX DORMOY",,,Plein jour,En agglomération,Intersection en X,Normale,Deux véhicules - côté,,,,,,,,,,,1,2,2,1.0,3.0
201100020244,0011-06-21 11:10:00,11,6,21,11,10,130,55,AVE D' HAIFA,,,Plein jour,En agglomération,Hors intersection,Normale,Deux véhicules - arrière,,,,,,,,,,,1,2,1,1.0,2.0
201100020245,0011-06-09 20:20:00,11,6,9,20,20,130,55,"1, TRA DU PRADEL",,,Plein jour,En agglomération,Intersection en Y,Normale,Deux véhicules - côté,,,,,,,,,,,1,2,4,1.0,3.0
201100020246,0011-06-15 17:15:00,11,6,15,17,15,130,55,"80, AVE DE LA CROIX ROUG",,,Plein jour,En agglomération,Hors intersection,Normale,Deux véhicules - côté,,,,,,,,,,,1,2,1,1.0,3.0
201100020247,0011-06-09 07:45:00,11,6,9,7,45,130,55,"18, RUE ALBERT EINSTEIN",,,Plein jour,En agglomération,Hors intersection,Normale,Autre collision,,,,,,,,,,,1,2,1,1.0,6.0
201100020248,0011-05-20 23:10:00,11,5,20,23,10,130,55,"25, AVE DES CHUTES LAVIE",43.314,5.39728,Nuit avec éclairage allumé,En agglomération,Autre intersection,Normale,Deux véhicules - frontale,,,,,,,,,,,5,2,9,1.0,1.0
201100020249,0011-05-26 09:00:00,11,5,26,9,0,130,55,"13, BD DES CRENEAUX",43.35339,5.36119,Plein jour,En agglomération,Hors intersection,Normale,Deux véhicules - frontale,,,,,,,,,,,1,2,1,1.0,1.0
201100020250,0011-06-03 22:15:00,11,6,3,22,15,130,55,CHE DES BOURRELY,,,Nuit avec éclairage allumé,En agglomération,Giratoire,Pluie légère,Autre collision,,,,,,,,,,,5,2,6,2.0,6.0
201100020251,0011-06-23 18:00:00,11,6,23,18,0,130,55,"146, AVE DES OLIVES",43.32636,5.43872,Plein jour,En agglomération,Hors intersection,Normale,Deux véhicules - côté,,,,,,,,,,,1,2,1,1.0,3.0
201100020252,0011-06-29 13:00:00,11,6,29,13,0,130,55,"1, RUE DES MUSARDISES",,,Plein jour,En agglomération,Hors intersection,Normale,Autre collision,,,,,,,,,,,1,2,1,1.0,6.0
201100020253,0011-07-08 08:40:00,11,7,8,8,40,130,55,"3, BD PIERRE MENARD",43.29049,5.4395,Plein jour,En agglomération,Hors intersection,Normale,Deux véhicules - arrière,,,,,,,,,,,1,2,1,1.0,2.0
201100020254,0011-07-06 04:20:00,11,7,6,4,20,130,55,"49, RUE BRETEUIL",,,Nuit avec éclairage allumé,En agglomération,Intersection en X,Normale,Deux véhicules - côté,,,,,,,,,,,5,2,2,1.0,3.0
201100020255,0011-07-01 02:00:00,11,7,1,2,0,130,55,"00, CRS LIEUTAUD",,,Nuit avec éclairage allumé,En agglomération,Hors intersection,Normale,Autre collision,,,,,,,,,,,5,2,1,1.0,6.0
201100020256,0011-07-11 05:45:00,11,7,11,5,45,130,55,RTE LEON LACHAMP,,,Crépuscule ou aube,En agglomération,Hors intersection,Normale,Autre collision,,,,,,,,,,,2,2,1,1.0,6.0
201100020257,0011-06-30 06:00:00,11,6,30,6,0,130,55,"00, BD NATIONAL",,,Crépuscule ou aube,En agglomération,Intersection en X,Normale,Deux véhicules - côté,,,,,,,,,,,2,2,2,1.0,3.0
201100020258,0011-06-21 23:00:00,11,6,21,23,0,130,55,"00, BD DE LA LIBERTE",,,Nuit avec éclairage allumé,En agglomération,Hors intersection,Normale,Autre collision,,,,,,,,,,,5,2,1,1.0,6.0
201100020259,0011-03-30 20:40:00,11,3,30,20,40,130,2,"615, SALVATORE ALLENDE (",,,Nuit avec éclairage allumé,En agglomération,Intersection en T,Normale,Deux véhicules - côté,,,,,,,,,,,5,2,3,1.0,3.0
201100020260,0011-07-10 06:30:00,11,7,10,6,30,130,55,"54, QAI DU PORT",,,Plein jour,En agglomération,Hors intersection,Normale,Deux véhicules - frontale,,,,,,,,,,,1,2,1,1.0,1.0
201100020261,0011-07-11 16:50:00,11,7,11,16,50,130,55,"58, AVE DE SAINT JULIEN",43.30528,5.41694,Plein jour,En agglomération,Hors intersection,Normale,Deux véhicules - côté,,,,,,,,,,,1,2,1,1.0,3.0
201100020262,0011-07-01 16:45:00,11,7,1,16,45,130,55,"2a, AVE DE VALDONNE",,,Plein jour,En agglomération,Intersection en T,Normale,Deux véhicules - côté,,,,,,,,,,,1,2,3,1.0,3.0
201100020263,0011-07-03 04:00:00,11,7,3,4,0,130,55,CHE DU MERLAN A LA ROSE,,,Nuit avec éclairage allumé,En agglomération,Hors intersection,Normale,Sans collision,,,,,,,,,,,5,2,1,1.0,7.0
201100020264,0011-03-11 14:00:00,11,3,11,14,0,130,55,"99, RUE CONDORCET",43.35762,5.33988,Plein jour,En agglomération,Hors intersection,Normale,Autre collision,,,,,,,,,,,1,2,1,1.0,6.0
201100020265,0011-07-06 17:00:00,11,7,6,17,0,130,75,"370, PAUL SIRVENT (AVE)",,,Plein jour,En agglomération,Hors intersection,Normale,Trois véhicules et plus - collisions multiples,,,,,,,,,,,1,2,1,1.0,5.0
201100020266,0011-07-02 13:55:00,11,7,2,13,55,130,55,"00, BD BAILLE",,,Plein jour,En agglomération,Intersection en X,Normale,Autre collision,,,,,,,,,,,1,2,2,1.0,6.0
201100020267,0011-07-08 05:40:00,11,7,8,5,40,130,55,"387, RUE DE LYON",,,Crépuscule ou aube,En agglomération,Hors intersection,Normale,Deux véhicules - arrière,,,,,,,,,,,2,2,1,1.0,2.0
201100020268,0011-07-07 15:30:00,11,7,7,15,30,130,55,AVE ARNAVON,,,Plein jour,En agglomération,Hors intersection,Normale,Deux véhicules - arrière,,,,,,,,,,,1,2,1,1.0,2.0
201100020269,0011-06-30 20:00:00,11,6,30,20,0,130,55,"130, CHE DE LA COMMANDER",,,Plein jour,En agglomération,Hors intersection,Normale,Deux véhicules - côté,,,,,,,,,,,1,2,1,1.0,3.0
201100020270,0011-07-10 22:50:00,11,7,10,22,50,130,55,RUE SAINT SAVOURNIN,,,Nuit avec éclairage allumé,En agglomération,Intersection en X,Normale,Deux véhicules - côté,,,,,,,,,,,5,2,2,1.0,3.0
201100020271,0011-06-23 06:45:00,11,6,23,6,45,130,55,"11, AVE DE SAINT BARNABE",,,Plein jour,En agglomération,Hors intersection,Pluie légère,Sans collision,,,,,,,,,,,1,2,1,2.0,7.0
201100020272,0011-06-26 12:40:00,11,6,26,12,40,130,55,"., PCE DE LA GARE DE LA",43.29615,5.40616,Plein jour,En agglomération,Hors intersection,Normale,Deux véhicules - arrière,,,,,,,,,,,1,2,1,1.0,2.0
201100020273,0011-07-03 17:00:00,11,7,3,17,0,130,55,"62, RUE JEANNE D' ARC",,,Plein jour,En agglomération,Intersection en X,Normale,Deux véhicules - côté,,,,,,,,,,,1,2,2,1.0,3.0
201100020274,0011-06-08 11:30:00,11,6,8,11,30,130,55,"8, QAI DE RIVE NEUVE",,,Plein jour,En agglomération,Hors intersection,Normale,Deux véhicules - arrière,,,,,,,,,,,1,2,1,1.0,2.0
201100020275,0011-07-06 20:40:00,11,7,6,20,40,130,55,"8, BD DE LA LIBERTE",,,Plein jour,En agglomération,Intersection en X,Normale,Deux véhicules - côté,,,,,,,,,,,1,2,2,1.0,3.0
201100020276,0011-06-21 17:15:00,11,6,21,17,15,130,55,"16, CHE DE SAINT ANTOINE",,,Plein jour,En agglomération,Intersection en T,Normale,Deux véhicules - côté,,,,,,,,,,,1,2,3,1.0,3.0
201100020277,0011-07-07 12:58:00,11,7,7,12,58,130,55,"33, RUE PIERRE ROCHE",,,Plein jour,Hors agglomération,Hors intersection,Normale,Trois véhicules et plus - en chaîne,,,,,,,,,,,1,1,1,1.0,4.0
201100020278,0011-07-01 20:35:00,11,7,1,20,35,130,55,"107, BD SAKAKINI",43.29251,5.40133,Crépuscule ou aube,En agglomération,Hors intersection,Normale,Deux véhicules - côté,,,,,,,,,,,2,2,1,1.0,3.0
201100020279,0011-06-30 13:45:00,11,6,30,13,45,130,55,"142, RUE DE ROME",43.28874,5.3822,Plein jour,En agglomération,Intersection en X,Normale,Deux véhicules - côté,,,,,,,,,,,1,2,2,1.0,3.0
201100020280,0011-06-28 20:45:00,11,6,28,20,45,130,55,"51, BD DE LA LIBERTE",,,Crépuscule ou aube,En agglomération,Intersection en T,Normale,Deux véhicules - côté,,,,,,,,,,,2,2,3,1.0,3.0
201100020281,0011-07-04 14:30:00,11,7,4,14,30,130,55,"22, BD JEAN MOULIN",,,Plein jour,En agglomération,Hors intersection,Normale,Deux véhicules - arrière,,,,,,,,,,,1,2,1,1.0,2.0
201100020282,0011-07-06 01:30:00,11,7,6,1,30,130,55,"01, RUE BRETEUIL",43.29041,5.37578,Nuit avec éclairage allumé,En agglomération,Intersection en T,Normale,Deux véhicules - côté,,,,,,,,,,,5,2,3,1.0,3.0
201100020283,0011-06-08 12:00:00,11,6,8,12,0,130,55,"37, AVE JULES CANTINI",,,Plein jour,En agglomération,Hors intersection,Normale,Autre collision,,,,,,,,,,,1,2,1,1.0,6.0
201100020284,0011-06-21 19:15:00,11,6,21,19,15,130,55,RUE ALEXIS CARREL,,,Plein jour,En agglomération,Hors intersection,Normale,Autre collision,,,,,,,,,,,1,2,1,1.0,6.0
201100020285,0011-07-05 23:00:00,11,7,5,23,0,130,55,"45, RUE BRETEUIL",,,Nuit avec éclairage allumé,En agglomération,Intersection en X,Normale,Deux véhicules - côté,,,,,,,,,,,5,2,2,1.0,3.0
201100020286,0011-06-21 15:30:00,11,6,21,15,30,130,55,RUE JEAN MARTIN,,,Plein jour,En agglomération,Hors intersection,Normale,Deux véhicules - arrière,,,,,,,,,,,1,2,1,1.0,2.0
201100020287,0011-06-20 12:30:00,11,6,20,12,30,130,55,"55, RUE JEAN DE BERNARDY",,,Plein jour,En agglomération,Hors intersection,Normale,Sans collision,,,,,,,,,,,1,2,1,1.0,7.0
201100020288,0011-06-27 19:05:00,11,6,27,19,5,130,55,"18ter, RUE COLBERT",,,Plein jour,En agglomération,Intersection en X,Normale,Autre collision,,,,,,,,,,,1,2,2,1.0,6.0
201100020289,0011-06-08 10:00:00,11,6,8,10,0,130,55,"1, RUE SAINT BAZILE",,,Plein jour,En agglomération,Hors intersection,Normale,Autre collision,,,,,,,,,,,1,2,1,1.0,6.0
201100020290,0011-01-30 05:35:00,11,1,30,5,35,130,55,AVE JEAN PAUL SARTRE,,,Nuit avec éclairage allumé,En agglomération,Hors intersection,Normale,Autre collision,,,,,,,,,,,5,2,1,1.0,6.0
201100020291,0011-06-27 21:25:00,11,6,27,21,25,130,55,"105, RUE DE ROME",,,Crépuscule ou aube,En agglomération,Intersection en X,Normale,Deux véhicules - côté,,,,,,,,,,,2,2,2,1.0,3.0
201100020292,0011-06-12 12:10:00,11,6,12,12,10,130,55,"03, AVE DU CAP PINEDE RO",,,Plein jour,En agglomération,Hors intersection,Normale,Sans collision,,,,,,,,,,,1,2,1,1.0,7.0
201100020293,0011-07-02 20:50:00,11,7,2,20,50,130,55,"12, PCE BOUGAINVILLE",,,Plein jour,En agglomération,Hors intersection,Normale,Deux véhicules - côté,,,,,,,,,,,1,2,1,1.0,3.0
201100020294,0011-04-20 16:00:00,11,4,20,16,0,130,55,"458, RUE DE LYON",,,Plein jour,En agglomération,Hors intersection,Normale,Deux véhicules - arrière,,,,,,,,,,,1,2,1,1.0,2.0
201100020295,0011-07-12 17:55:00,11,7,12,17,55,130,55,"37, AVE DE SAINT JUST",,,Plein jour,En agglomération,Intersection en X,Normale,Deux véhicules - côté,,,,,,,,,,,1,2,2,1.0,3.0
201100020296,0011-07-14 09:20:00,11,7,14,9,20,130,55,"73, RUE JEAN MARTIN",,,Plein jour,En agglomération,Hors intersection,Normale,Deux véhicules - côté,,,,,,,,,,,1,2,1,1.0,3.0
201100020297,0011-05-26 11:30:00,11,5,26,11,30,130,55,"00, RUE ALEXIS CARREL",,,Plein jour,En agglomération,Hors intersection,Normale,Deux véhicules - arrière,,,,,,,,,,,1,2,1,1.0,2.0
201100020298,0011-07-04 12:30:00,11,7,4,12,30,130,55,"00, RUE PARADIS",,,Plein jour,En agglomération,Hors intersection,Normale,Autre collision,,,,,,,,,,,1,2,1,1.0,6.0
201100020299,0011-07-13 01:30:00,11,7,13,1,30,130,55,"331, COR PRESIDENT JOHN",43.27319,5.36294,Nuit avec éclairage allumé,En agglomération,Hors intersection,Temps couvert,Autre collision,,,,,,,,,,,5,2,1,8.0,6.0
201100020300,0011-07-16 11:45:00,11,7,16,11,45,130,55,CRS LIEUTAUD,,,Plein jour,En agglomération,Hors intersection,Normale,Autre collision,,,,,,,,,,,1,2,1,1.0,6.0
201100020301,0011-06-21 08:20:00,11,6,21,8,20,130,55,"331, RUE D ENDOUME",,,Plein jour,En agglomération,Hors intersection,Normale,Autre collision,,,,,,,,,,,1,2,1,1.0,6.0
201100020302,0011-05-27 17:45:00,11,5,27,17,45,130,55,"103, BD DE PARIS",,,Plein jour,En agglomération,Hors intersection,Normale,Deux véhicules - arrière,,,,,,,,,,,1,2,1,1.0,2.0
201100020303,0011-06-30 15:30:00,11,6,30,15,30,130,55,"100, AVE DE LA MADRAGUE",,,Plein jour,En agglomération,Intersection en T,Normale,Deux véhicules - côté,,,,,,,,,,,1,2,3,1.0,3.0
201100020304,0011-06-30 10:30:00,11,6,30,10,30,130,55,"1, RTE GASTON REBUFFAT",,,Plein jour,En agglomération,Hors intersection,Normale,Deux véhicules - frontale,,,,,,,,,,,1,2,1,1.0,1.0
201100020305,0011-07-01 10:00:00,11,7,1,10,0,130,55,"495, RUE PARADIS",,,Plein jour,En agglomération,Hors intersection,Normale,Deux véhicules - côté,,,,,,,,,,,1,2,1,1.0,3.0
201100020306,0011-07-11 14:40:00,11,7,11,14,40,130,55,"149, VSN PRADO AVE",,,Plein jour,Hors agglomération,Hors intersection,Normale,Deux véhicules - côté,,,,,,,,,,,1,1,1,1.0,3.0
201100020307,0011-07-07 11:50:00,11,7,7,11,50,130,55,"33, AVE DE LA CAPELETTE",,,Plein jour,En agglomération,Hors intersection,Normale,Deux véhicules - côté,,,,,,,,,,,1,2,1,1.0,3.0
201100020308,0011-06-30 12:00:00,11,6,30,12,0,130,55,RUE SAINT CLAIR,,,Plein jour,En agglomération,Hors intersection,Normale,Autre collision,,,,,,,,,,,1,2,1,1.0,6.0
201100020309,0011-05-13 14:30:00,11,5,13,14,30,130,55,"00, CRS LIEUTAUD",,,Plein jour,En agglomération,Hors intersection,Normale,Autre collision,,,,,,,,,,,1,2,1,1.0,6.0
201100020310,0011-07-06 07:30:00,11,7,6,7,30,130,75,"44, PAUL SIRVENT (AVE)",,,Plein jour,En agglomération,Hors intersection,Normale,Deux véhicules - côté,,,,,,,,,,,1,2,1,1.0,3.0
201100020311,0011-07-07 17:10:00,11,7,7,17,10,130,55,"252, CHE DE L ARMEE D AF",,,Plein jour,En agglomération,Hors intersection,Normale,Deux véhicules - arrière,,,,,,,,,,,1,2,1,1.0,2.0
201100020312,0011-07-04 13:55:00,11,7,4,13,55,130,55,"2, BD DE LA VALBARELLE",,,Plein jour,En agglomération,Hors intersection,Normale,Deux véhicules - côté,,,,,,,,,,,1,2,1,1.0,3.0
201100020313,0011-07-02 23:45:00,11,7,2,23,45,130,55,"371, BD MIREILLE LAUZE",,,Nuit avec éclairage allumé,En agglomération,Passage à niveau,Normale,Deux véhicules - arrière,,,,,,,,,,,5,2,8,1.0,2.0
201100020314,0011-06-07 12:30:00,11,6,7,12,30,130,55,"36, BD DE SAINTE MARGUER",43.26883,5.40336,Plein jour,En agglomération,Hors intersection,Normale,Autre collision,,,,,,,,,,,1,2,1,1.0,6.0
201100020315,0011-07-05 19:40:00,11,7,5,19,40,130,55,"1, BD MICHELET",,,Plein jour,En agglomération,Hors intersection,Normale,Deux véhicules - côté,,,,,,,,,,,1,2,1,1.0,3.0
201100020316,0011-06-18 13:00:00,11,6,18,13,0,130,55,RPT ADRIEN LEGROS 1903-1,,,Plein jour,En agglomération,Hors intersection,Normale,Deux véhicules - côté,,,,,,,,,,,1,2,1,1.0,3.0
201100020317,0011-06-20 11:00:00,11,6,20,11,0,130,55,RUE MAHBOUBI TIR,,,Plein jour,En agglomération,Hors intersection,Normale,Deux véhicules - côté,,,,,,,,,,,1,2,1,1.0,3.0
201100020318,0011-06-08 09:30:00,11,6,8,9,30,130,55,"265, BD ROMAIN ROLLAND",,,Plein jour,En agglomération,Intersection en T,Normale,Deux véhicules - côté,,,,,,,,,,,1,2,3,1.0,3.0
201100020319,0011-07-05 20:30:00,11,7,5,20,30,130,55,"371, BD ROMAIN ROLLAND",43.27055,5.40747,Plein jour,En agglomération,Intersection en X,Normale,Deux véhicules - côté,,,,,,,,,,,1,2,2,1.0,3.0
201100020320,0011-06-28 15:30:00,11,6,28,15,30,130,55,"150, AVE DE LA MADRAGUE",43.32747,5.36018,Plein jour,En agglomération,Hors intersection,Normale,Deux véhicules - côté,,,,,,,,,,,1,2,1,1.0,3.0
201100020321,0011-06-22 07:20:00,11,6,22,7,20,130,55,"34, BD RABATAU",,,Plein jour,En agglomération,Hors intersection,Normale,Autre collision,,,,,,,,,,,1,2,1,1.0,6.0
201100020322,0011-06-18 19:00:00,11,6,18,19,0,130,55,AVE DES PEINTRES ROUX,,,Plein jour,En agglomération,Hors intersection,Normale,Deux véhicules - arrière,,,,,,,,,,,1,2,1,1.0,2.0
201100020323,0011-06-06 14:20:00,11,6,6,14,20,130,55,"33, AVE DE LA CAPELETTE",,,Plein jour,En agglomération,Hors intersection,Normale,Deux véhicules - côté,,,,,,,,,,,1,2,1,1.0,3.0
201100020324,0011-06-24 13:30:00,11,6,24,13,30,130,55,"264, AVE DES OLIVES",,,Plein jour,En agglomération,Hors intersection,Normale,Deux véhicules - arrière,,,,,,,,,,,1,2,1,1.0,2.0
201100020325,0011-07-07 23:30:00,11,7,7,23,30,130,55,"15, BD FERDINAND DE LESS",43.3201,5.37109,Nuit avec éclairage allumé,En agglomération,Hors intersection,Normale,Deux véhicules - côté,,,,,,,,,,,5,2,1,1.0,3.0
201100020326,0011-04-22 08:55:00,11,4,22,8,55,130,55,"14, CRS LIEUTAUD",,,Plein jour,En agglomération,Hors intersection,Normale,Trois véhicules et plus - collisions multiples,,,,,,,,,,,1,2,1,1.0,5.0
201100020327,0011-07-08 21:35:00,11,7,8,21,35,130,55,"4, BD DU MARECHAL JUIN",,,Nuit avec éclairage allumé,En agglomération,Hors intersection,Normale,Deux véhicules - côté,,,,,,,,,,,5,2,1,1.0,3.0
201100020328,0011-07-07 17:20:00,11,7,7,17,20,130,55,"22, RUE AUGUSTIN FRESNEL",,,Plein jour,En agglomération,Hors intersection,Normale,Autre collision,,,,,,,,,,,1,2,1,1.0,6.0
201100020329,0011-06-23 20:30:00,11,6,23,20,30,130,55,"192, RTE LEON LACHAMP",43.24896,5.45208,Crépuscule ou aube,En agglomération,Hors intersection,Normale,Deux véhicules - côté,,,,,,,,,,,2,2,1,1.0,3.0
201100020330,0011-06-21 10:30:00,11,6,21,10,30,130,55,"25, BD ANATOLE DE LA FOR",,,Plein jour,En agglomération,Intersection en T,Normale,Deux véhicules - côté,,,,,,,,,,,1,2,3,1.0,3.0
201100020331,0011-07-02 08:00:00,11,7,2,8,0,130,55,"58, AVE COROT",,,Plein jour,En agglomération,Intersection en T,Normale,Autre collision,,,,,,,,,,,1,2,3,1.0,6.0
201100020332,0011-07-06 08:15:00,11,7,6,8,15,130,55,"00, RUE PASCAL RUINAT",,,Plein jour,En agglomération,Intersection en X,Normale,Autre collision,,,,,,,,,,,1,2,2,1.0,6.0
201100020333,0011-07-15 06:30:00,11,7,15,6,30,130,55,"52, RUE CAISSERIE",,,Crépuscule ou aube,En agglomération,Intersection en T,Normale,Deux véhicules - côté,,,,,,,,,,,2,2,3,1.0,3.0
201100020334,0011-07-01 13:00:00,11,7,1,13,0,130,55,"51, BD PIERRE DRAMARD",,,Plein jour,En agglomération,Hors intersection,Normale,Deux véhicules - côté,,,,,,,,,,,1,2,1,1.0,3.0
201100020335,0011-07-06 18:00:00,11,7,6,18,0,130,55,"44, BD DU CAPITAINE GEZE",43.33076,5.37205,Plein jour,En agglomération,Hors intersection,Normale,Trois véhicules et plus - collisions multiples,,,,,,,,,,,1,2,1,1.0,5.0
201100020336,0011-04-19 15:15:00,11,4,19,15,15,130,55,RUE SAINT PIERRE,,,Plein jour,En agglomération,Hors intersection,Normale,Trois véhicules et plus - en chaîne,,,,,,,,,,,1,2,1,1.0,4.0
201100020337,0011-06-20 11:15:00,11,6,20,11,15,130,55,"302, BD DE SAINT MARCEL",,,Plein jour,En agglomération,Hors intersection,Normale,Deux véhicules - côté,,,,,,,,,,,1,2,1,1.0,3.0
201100020338,0011-07-08 09:00:00,11,7,8,9,0,130,55,"22, BD JEAN MOULIN",,,Plein jour,En agglomération,Hors intersection,Normale,Autre collision,,,,,,,,,,,1,2,1,1.0,6.0
201100020339,0011-06-21 10:00:00,11,6,21,10,0,130,55,"1, AVE DES CHUTES LAVIE",,,Plein jour,En agglomération,Hors intersection,Normale,Autre collision,,,,,,,,,,,1,2,1,1.0,6.0
201100020340,0011-07-10 15:20:00,11,7,10,15,20,130,55,"28, AVE DU PRADO",43.28393,5.38451,Plein jour,En agglomération,Intersection en X,Normale,Autre collision,,,,,,,,,,,1,2,2,1.0,6.0
201100020341,0011-07-14 23:00:00,11,7,14,23,0,130,55,"27, RUE GRAND RUE",,,Nuit avec éclairage allumé,En agglomération,Hors intersection,Normale,Deux véhicules - arrière,,,,,,,,,,,5,2,1,1.0,2.0
201100020342,0011-07-08 08:35:00,11,7,8,8,35,130,55,"12, BD CAMILLE FLAMMARIO",,,Plein jour,En agglomération,Hors intersection,Normale,Deux véhicules - côté,,,,,,,,,,,1,2,1,1.0,3.0
201100020343,0011-07-06 08:00:00,11,7,6,8,0,130,55,"51, BD DAHDAH",,,Plein jour,En agglomération,Hors intersection,Normale,Autre collision,,,,,,,,,,,1,2,1,1.0,6.0
201100020344,0011-07-14 01:00:00,11,7,14,1,0,130,55,"31, BD D ATHENES",,,Nuit avec éclairage allumé,En agglomération,Hors intersection,Normale,Deux véhicules - côté,,,,,,,,,,,5,2,1,1.0,3.0
201100020345,0011-07-10 06:15:00,11,7,10,6,15,130,55,"75, BD SAKAKINI",,,Crépuscule ou aube,En agglomération,Hors intersection,Normale,Autre collision,,,,,,,,,,,2,2,1,1.0,6.0
201100020346,0011-07-13 09:30:00,11,7,13,9,30,130,55,"303, COR PRESIDENT JOHN",43.27578,5.35902,Plein jour,En agglomération,Hors intersection,Normale,Autre collision,,,,,,,,,,,1,2,1,1.0,6.0
201100020347,0011-07-07 08:30:00,11,7,7,8,30,130,55,"102, BD FRANCOISE DUPARC",,,Plein jour,En agglomération,Hors intersection,Normale,Deux véhicules - arrière,,,,,,,,,,,1,2,1,1.0,2.0
201100020348,0011-07-01 15:00:00,11,7,1,15,0,130,55,AVE RAIMU,,,Plein jour,En agglomération,Hors intersection,Normale,Autre collision,,,,,,,,,,,1,2,1,1.0,6.0
201100020349,0011-07-05 08:30:00,11,7,5,8,30,130,55,"27, AVE DU PRADO",,,Plein jour,En agglomération,Hors intersection,Normale,Autre collision,,,,,,,,,,,1,2,1,1.0,6.0
201100020350,0011-07-09 21:15:00,11,7,9,21,15,130,55,"00, RUE DU DOCTEUR SIMON",,,Plein jour,En agglomération,Intersection en X,Normale,Deux véhicules - côté,,,,,,,,,,,1,2,2,1.0,3.0
201100020351,0011-07-01 20:10:00,11,7,1,20,10,130,55,"66, CRS LIEUTAUD",,,Plein jour,En agglomération,Hors intersection,Normale,Deux véhicules - arrière,,,,,,,,,,,1,2,1,1.0,2.0
201100020352,0011-06-25 15:20:00,11,6,25,15,20,130,55,"20, AVE PASTEUR",,,Plein jour,En agglomération,Hors intersection,Normale,Trois véhicules et plus - en chaîne,,,,,,,,,,,1,2,1,1.0,4.0
201100020353,0011-06-24 10:00:00,11,6,24,10,0,130,55,"206, BD BAILLE",,,Plein jour,En agglomération,Hors intersection,Normale,Deux véhicules - côté,,,,,,,,,,,1,2,1,1.0,3.0
201100020354,0011-07-12 06:45:00,11,7,12,6,45,130,55,"09, PCE CASTELLANE",,,Plein jour,En agglomération,Hors intersection,Normale,Deux véhicules - arrière,,,,,,,,,,,1,2,1,1.0,2.0
201100020355,0011-07-09 15:00:00,11,7,9,15,0,130,55,"50, BD VOLTAIRE",,,Plein jour,En agglomération,Hors intersection,Normale,Autre collision,,,,,,,,,,,1,2,1,1.0,6.0
201100020356,0011-07-04 17:15:00,11,7,4,17,15,130,55,"36, BD BAILLE",,,Plein jour,En agglomération,Hors intersection,Normale,Autre collision,,,,,,,,,,,1,2,1,1.0,6.0
201100020357,0011-07-06 08:20:00,11,7,6,8,20,130,55,"43, RUE DU DOCTEUR ESCAT",,,Plein jour,En agglomération,Hors intersection,Normale,Sans collision,,,,,,,,,,,1,2,1,1.0,7.0
201100020358,0011-07-05 17:15:00,11,7,5,17,15,130,55,"36, AVE DU PRADO",,,Plein jour,En agglomération,Hors intersection,Normale,Deux véhicules - arrière,,,,,,,,,,,1,2,1,1.0,2.0
201100020359,0011-07-12 13:00:00,11,7,12,13,0,130,55,PCE DE STRASBOURG / PAUL,,,Plein jour,En agglomération,Hors intersection,Normale,Autre collision,,,,,,,,,,,1,2,1,1.0,6.0