accident_id,datetime,annee,mois,jour,heure,minute,departement,commune_insee,adresse,latitude,longitude,luminosite,agglomeration,intersection,meteo,collision,nb_vehicules,nb_usagers,nb_indemnes,nb_tues,nb_blesses_hosp,nb_blesses_legers,age_cond_1,age_cond_2,veh_type_cond_1,veh_type_cond_2,lum_code,agg_code,int_code,atm_code,col_code
201100020360,0011-07-20 16:40:00,11,7,20,16,40,130,55,"60, AVE JEAN LOMBARD",43.28893,5.43053,Plein jour,En agglomération,Hors intersection,Normale,Deux véhicules - arrière,,,,,,,,,,,1,2,1,1.0,2.0
201100020361,0011-07-06 13:45:00,11,7,6,13,45,130,55,"274, AVE DES POILUS",,,Plein jour,En agglomération,Hors intersection,Normale,Deux véhicules - côté,,,,,,,,,,,1,2,1,1.0,3.0
201100020362,0011-07-06 17:00:00,11,7,6,17,0,130,2,"282, 7EME TIRAILLEURS AL",,,Plein jour,En agglomération,Intersection en T,Normale,Deux véhicules - côté,,,,,,,,,,,1,2,3,1.0,3.0
201100020363,0011-06-25 13:25:00,11,6,25,13,25,130,55,"24, AVE ALEXANDRE FLEMIN",,,Plein jour,En agglomération,Hors intersection,Normale,Deux véhicules - arrière,,,,,,,,,,,1,2,1,1.0,2.0
201100020364,0011-06-25 19:10:00,11,6,25,19,10,130,55,"3, BD AUPHAN",,,Plein jour,En agglomération,Intersection en T,Normale,Deux véhicules - côté,,,,,,,,,,,1,2,3,1.0,3.0
201100020365,0011-07-09 07:45:00,11,7,9,7,45,130,55,"377, CHE DE LA MADRAGUE",,,Plein jour,En agglomération,Hors intersection,Normale,Autre collision,,,,,,,,,,,1,2,1,1.0,6.0
201100020366,0011-07-18 21:40:00,11,7,18,21,40,130,55,"336, RUE DE LYON",,,Nuit avec éclairage allumé,En agglomération,Hors intersection,Normale,Deux véhicules - arrière,,,,,,,,,,,5,2,1,1.0,2.0
201100020367,0011-06-30 17:15:00,11,6,30,17,15,130,55,AVE DE SAINT ANTOINE,,,Plein jour,En agglomération,Hors intersection,Normale,Deux véhicules - côté,,,,,,,,,,,1,2,1,1.0,3.0
201100020368,0011-07-08 08:45:00,11,7,8,8,45,130,55,AVE DE FRAIS VALLON,,,Plein jour,En agglomération,Hors intersection,Normale,Deux véhicules - côté,,,,,,,,,,,1,2,1,1.0,3.0
201100020369,0011-07-19 17:35:00,11,7,19,17,35,130,55,"17, BD DE PLOMBIERES",,,Plein jour,En agglomération,Hors intersection,Normale,Autre collision,,,,,,,,,,,1,2,1,1.0,6.0
201100020370,0011-07-18 18:25:00,11,7,18,18,25,130,55,BD DU METRO,,,Plein jour,En agglomération,Hors intersection,Normale,Autre collision,,,,,,,,,,,1,2,1,1.0,6.0
201100020371,0011-07-19 22:30:00,11,7,19,22,30,130,55,RUE JOBIN,,,Nuit avec éclairage allumé,En agglomération,Hors intersection,Normale,Autre collision,,,,,,,,,,,5,2,1,1.0,6.0
201100020372,0011-07-19 16:15:00,11,7,19,16,15,130,55,"27, BD FRANCOISE DUPARC",,,Plein jour,En agglomération,Hors intersection,Normale,Deux véhicules - côté,,,,,,,,,,,1,2,1,1.0,3.0
201100020373,0011-07-08 16:50:00,11,7,8,16,50,130,55,"11, RUE DU ROUET",,,Plein jour,En agglomération,Hors intersection,Normale,Autre collision,,,,,,,,,,,1,2,1,1.0,6.0
201100020374,0011-07-13 17:00:00,11,7,13,17,0,130,55,"86, AVE DU PRADO",,,Plein jour,En agglomération,Hors intersection,Normale,Trois véhicules et plus - en chaîne,,,,,,,,,,,1,2,1,1.0,4.0
201100020375,0011-06-21 16:10:00,11,6,21,16,10,130,55,"32, RUE DE L ACADEMIE",,,Plein jour,En agglomération,Hors intersection,Normale,Sans collision,,,,,,,,,,,1,2,1,1.0,7.0
201100020376,0011-06-27 18:10:00,11,6,27,18,10,130,55,"32, RUE DUPRE",,,Plein jour,En agglomération,Hors intersection,Normale,Autre collision,,,,,,,,,,,1,2,1,1.0,6.0
201100020377,0011-06-19 13:30:00,11,6,19,13,30,130,55,VAC TUNNEL PRADO CARENAG,,,Plein jour,En agglomération,Hors intersection,Normale,Deux véhicules - côté,,,,,,,,,,,1,2,1,1.0,3.0
201100020378,0011-07-03 04:35:00,11,7,3,4,35,130,55,"01, BD RABATAU",,,Nuit avec éclairage allumé,En agglomération,Hors intersection,Normale,Trois véhicules et plus - en chaîne,,,,,,,,,,,5,2,1,1.0,4.0
201100020379,0011-07-17 19:40:00,11,7,17,19,40,130,55,"0, AVE DES TILLEULS",,,Plein jour,En agglomération,Hors intersection,Pluie légère,Deux véhicules - arrière,,,,,,,,,,,1,2,1,2.0,2.0
201100020380,0011-07-24 14:40:00,11,7,24,14,40,130,55,RTE LEON LACHAMP,,,Plein jour,En agglomération,Hors intersection,Vent fort / tempête,Autre collision,,,,,,,,,,,1,2,1,6.0,6.0
201100020381,0011-07-25 07:40:00,11,7,25,7,40,130,55,"73, RUE SAINTE CECILE",,,Plein jour,En agglomération,Hors intersection,Normale,Autre collision,,,,,,,,,,,1,2,1,1.0,6.0
201100020382,0011-07-12 18:15:00,11,7,12,18,15,130,55,"00, RUE BRETEUIL",,,Plein jour,En agglomération,Hors intersection,Normale,Deux véhicules - arrière,,,,,,,,,,,1,2,1,1.0,2.0
201100020383,0011-04-26 18:45:00,11,4,26,18,45,130,55,"00, TRA DU ROMARIN",,,Plein jour,En agglomération,Hors intersection,Normale,Deux véhicules - frontale,,,,,,,,,,,1,2,1,1.0,1.0
201100020384,0011-05-11 09:55:00,11,5,11,9,55,130,55,"41, BD JEANNE D' ARC",,,Plein jour,En agglomération,Hors intersection,Normale,Autre collision,,,,,,,,,,,1,2,1,1.0,6.0
201100020385,0011-06-11 13:30:00,11,6,11,13,30,130,55,"00, TRA DE L' OASIS",,,Plein jour,En agglomération,Hors intersection,Normale,Deux véhicules - arrière,,,,,,,,,,,1,2,1,1.0,2.0
201100020386,0011-06-30 07:20:00,11,6,30,7,20,130,55,"00, TRA DES QUATRE CHEMI",,,Plein jour,En agglomération,Hors intersection,Normale,Autre collision,,,,,,,,,,,1,2,1,1.0,6.0
201100020387,0011-05-10 17:00:00,11,5,10,17,0,130,55,"00, AVE DE SAINT LOUIS",,,Plein jour,En agglomération,Hors intersection,Normale,Autre collision,,,,,,,,,,,1,2,1,1.0,6.0
201100020388,0011-07-15 09:00:00,11,7,15,9,0,130,55,"3, AVE D' ODESSA",,,Plein jour,En agglomération,Hors intersection,Normale,Deux véhicules - côté,,,,,,,,,,,1,2,1,1.0,3.0
201100020389,0011-07-08 08:30:00,11,7,8,8,30,130,55,"5, RUE AVIATEUR LE BRIX",,,Plein jour,En agglomération,Hors intersection,Normale,Deux véhicules - côté,,,,,,,,,,,1,2,1,1.0,3.0
201100020390,0011-07-13 08:30:00,11,7,13,8,30,130,55,"430, RUE PARADIS",,,Plein jour,En agglomération,Hors intersection,Pluie légère,Deux véhicules - arrière,,,,,,,,,,,1,2,1,2.0,2.0
201100020391,0011-07-03 06:30:00,11,7,3,6,30,130,55,"22, RUE D AIX",43.30018,5.37567,Crépuscule ou aube,En agglomération,Hors intersection,Normale,Sans collision,,,,,,,,,,,2,2,1,1.0,7.0
201100020392,0011-06-24 14:00:00,11,6,24,14,0,130,55,BD D ATHENES,,,Plein jour,En agglomération,Hors intersection,Normale,Deux véhicules - côté,,,,,,,,,,,1,2,1,1.0,3.0
201100020393,0011-06-14 08:00:00,11,6,14,8,0,130,55,"00, BD DU CAPITAINE GEZE",,,Plein jour,En agglomération,Hors intersection,Normale,Autre collision,,,,,,,,,,,1,2,1,1.0,6.0
201100020394,0011-04-27 08:15:00,11,4,27,8,15,130,55,"173, AVE DE LA VISTE",,,Plein jour,En agglomération,Hors intersection,Normale,Deux véhicules - arrière,,,,,,,,,,,1,2,1,1.0,2.0
201100020395,0011-06-29 22:15:00,11,6,29,22,15,130,55,"82, BD PAUL CLAUDEL",,,Nuit avec éclairage allumé,En agglomération,Intersection en T,Normale,Deux véhicules - côté,,,,,,,,,,,5,2,3,1.0,3.0
201100020396,0011-07-02 13:30:00,11,7,2,13,30,130,55,"128, RUE AVIATEUR LE BRI",43.26388,5.40427,Plein jour,En agglomération,Intersection en T,Normale,Deux véhicules - côté,,,,,,,,,,,1,2,3,1.0,3.0
201100020397,0011-07-08 14:50:00,11,7,8,14,50,130,55,"40, AVE RAOUL FOLLEREAU",43.29394,5.44505,Plein jour,En agglomération,Hors intersection,Normale,Trois véhicules et plus - collisions multiples,,,,,,,,,,,1,2,1,1.0,5.0
201100020398,0011-07-09 19:05:00,11,7,9,19,5,130,55,"174, CHE DE L ARMEE D AF",,,Plein jour,En agglomération,Hors intersection,Normale,Trois véhicules et plus - en chaîne,,,,,,,,,,,1,2,1,1.0,4.0
201100020399,0011-06-14 18:45:00,11,6,14,18,45,130,55,"61, AVE DES CHUTES LAVIE",,,Plein jour,En agglomération,Hors intersection,Normale,Autre collision,,,,,,,,,,,1,2,1,1.0,6.0
201100020400,0011-07-20 18:00:00,11,7,20,18,0,130,55,"08, PCE CASTELLANE",,,Plein jour,En agglomération,Hors intersection,Normale,Autre collision,,,,,,,,,,,1,2,1,1.0,6.0
201100020401,0011-07-07 19:20:00,11,7,7,19,20,130,55,"62, RUE PIERRE DOIZE",,,Plein jour,En agglomération,Hors intersection,Normale,Deux véhicules - côté,,,,,,,,,,,1,2,1,1.0,3.0
201100020402,0011-07-15 18:45:00,11,7,15,18,45,130,55,"33, ALL TURCAT MERY",43.28071,5.38831,Plein jour,En agglomération,Hors intersection,Normale,Autre collision,,,,,,,,,,,1,2,1,1.0,6.0
201100020403,0011-07-11 15:00:00,11,7,11,15,0,130,55,"41, AVE DE SAINT BARNABE",43.30408,5.41079,Plein jour,En agglomération,Hors intersection,Normale,Autre collision,,,,,,,,,,,1,2,1,1.0,6.0
201100020404,0011-06-18 00:10:00,11,6,18,0,10,130,55,"1, RUE AUGUSTIN AUBERT",,,Nuit avec éclairage allumé,En agglomération,Intersection en T,Normale,Deux véhicules - côté,,,,,,,,,,,5,2,3,1.0,3.0
201100020405,0011-06-28 14:35:00,11,6,28,14,35,130,55,"69, BD DE LA LIBERATION",,,Plein jour,En agglomération,Hors intersection,Normale,Autre collision,,,,,,,,,,,1,2,1,1.0,6.0
201100020406,0011-06-30 08:45:00,11,6,30,8,45,130,55,"00, AVE RELLYS",,,Plein jour,En agglomération,Hors intersection,Normale,Deux véhicules - arrière,,,,,,,,,,,1,2,1,1.0,2.0
201100020407,0011-07-26 21:35:00,11,7,26,21,35,130,55,"377, CHE DE LA MADRAGUE",,,Nuit avec éclairage allumé,En agglomération,Hors intersection,Normale,Sans collision,,,,,,,,,,,5,2,1,1.0,7.0
201100020408,0011-07-15 15:00:00,11,7,15,15,0,130,55,"51, AVE FRANCOIS MIGNET",,,Plein jour,En agglomération,Hors intersection,Normale,Deux véhicules - frontale,,,,,,,,,,,1,2,1,1.0,1.0
201100020409,0011-07-15 18:25:00,11,7,15,18,25,130,75,"51, GENERAL DE GAULLE (M",,,Plein jour,En agglomération,Hors intersection,Normale,Autre collision,,,,,,,,,,,1,2,1,1.0,6.0
201100020410,0011-07-12 17:15:00,11,7,12,17,15,130,75,"79, FR?D?RIC CHEVILLON (",,,Plein jour,En agglomération,Intersection en X,Normale,Deux véhicules - côté,,,,,,,,,,,1,2,2,1.0,3.0
201100020411,0011-02-14 07:50:00,11,2,14,7,50,130,55,BD DU CAPITAINE GEZE,43.32955,5.3669,Plein jour,En agglomération,Giratoire,Normale,Deux véhicules - côté,,,,,,,,,,,1,2,6,1.0,3.0
201100020412,0011-06-29 16:00:00,11,6,29,16,0,130,55,"15, AVE CLAUDE MONET",,,Plein jour,En agglomération,Hors intersection,Pluie légère,Deux véhicules - arrière,,,,,,,,,,,1,2,1,2.0,2.0
201100020413,0011-07-14 16:50:00,11,7,14,16,50,130,55,"142, AVE DE LA ROSE",43.32814,5.42524,Plein jour,En agglomération,Hors intersection,Normale,Deux véhicules - côté,,,,,,,,,,,1,2,1,1.0,3.0
201100020414,0011-06-10 17:00:00,11,6,10,17,0,130,55,"28, AVE CAMILLE PELLETAN",,,Plein jour,En agglomération,Hors intersection,Normale,Sans collision,,,,,,,,,,,1,2,1,1.0,7.0
201100020415,0011-07-12 23:30:00,11,7,12,23,30,130,55,"38, AVE DE LA VISTE",,,Nuit avec éclairage allumé,En agglomération,Hors intersection,Normale,Autre collision,,,,,,,,,,,5,2,1,1.0,6.0
201100020416,0011-06-23 18:00:00,11,6,23,18,0,130,55,"10, RUE DU MURET",43.33125,5.38026,Plein jour,En agglomération,Hors intersection,Normale,Autre collision,,,,,,,,,,,1,2,1,1.0,6.0
201100020417,0011-07-24 05:15:00,11,7,24,5,15,130,55,"1, RUE DU VALLON DE MONT",,,Nuit avec éclairage allumé,En agglomération,Hors intersection,Normale,Deux véhicules - frontale,,,,,,,,,,,5,2,1,1.0,1.0
201100020418,0011-06-08 16:15:00,11,6,8,16,15,130,55,CRS LIEUTAUD,,,Plein jour,En agglomération,Intersection en X,Normale,Autre collision,,,,,,,,,,,1,2,2,1.0,6.0
201100020419,0011-07-21 00:20:00,11,7,21,0,20,130,55,"73, COR PRESIDENT JOHN F",,,Nuit avec éclairage allumé,En agglomération,Hors intersection,Normale,Autre collision,,,,,,,,,,,5,2,1,1.0,6.0
201100020420,0011-07-19 06:40:00,11,7,19,6,40,130,55,"148, CRS LIEUTAUD",43.28827,5.38452,Nuit avec éclairage allumé,En agglomération,Intersection en X,Normale,Deux véhicules - côté,,,,,,,,,,,5,2,2,1.0,3.0
201100020421,0011-07-15 09:30:00,11,7,15,9,30,130,55,"171, BD CHAVE",43.29564,5.39662,Plein jour,En agglomération,Hors intersection,Normale,Deux véhicules - arrière,,,,,,,,,,,1,2,1,1.0,2.0
201100020422,0011-07-21 07:55:00,11,7,21,7,55,130,55,"01, VOI LA CANEBIERE",,,Plein jour,En agglomération,Hors intersection,Normale,Autre collision,,,,,,,,,,,1,2,1,1.0,6.0
201100020423,0011-07-25 00:15:00,11,7,25,0,15,130,55,"86, BD LONGCHAMP",,,Nuit avec éclairage allumé,En agglomération,Intersection en X,Normale,Deux véhicules - côté,,,,,,,,,,,5,2,2,1.0,3.0
201100020424,0011-07-21 18:40:00,11,7,21,18,40,130,55,"35, RUE DE LYON",,,Plein jour,En agglomération,Hors intersection,Normale,Trois véhicules et plus - collisions multiples,,,,,,,,,,,1,2,1,1.0,5.0
201100020425,0011-07-22 08:30:00,11,7,22,8,30,130,55,"67, CRS FRANKLIN ROOSEVE",,,Plein jour,En agglomération,Intersection en X,Normale,Deux véhicules - côté,,,,,,,,,,,1,2,2,1.0,3.0
201100020426,0011-07-21 14:10:00,11,7,21,14,10,130,55,"47, BD DU CAPITAINE GEZE",,,Plein jour,En agglomération,Intersection en X,Normale,Deux véhicules - côté,,,,,,,,,,,1,2,2,1.0,3.0
201100020427,0011-02-08 08:00:00,11,2,8,8,0,130,55,"296, BD HENRI BARNIER",,,Plein jour,En agglomération,Intersection en T,Normale,Deux véhicules - côté,,,,,,,,,,,1,2,3,1.0,3.0
201100020428,0011-06-13 18:40:00,11,6,13,18,40,130,55,"405, RUE DE LYON",,,Plein jour,En agglomération,Hors intersection,Normale,Deux véhicules - arrière,,,,,,,,,,,1,2,1,1.0,2.0
201100020429,0011-06-25 03:00:00,11,6,25,3,0,130,55,"63, BD JEAN MOULIN",,,Nuit avec éclairage allumé,En agglomération,Hors intersection,Normale,Deux véhicules - arrière,,,,,,,,,,,5,2,1,1.0,2.0
201100020430,0011-07-25 13:45:00,11,7,25,13,45,130,55,"31, BD DE PLOMBIERES",,,Plein jour,En agglomération,Hors intersection,Normale,Deux véhicules - côté,,,,,,,,,,,1,2,1,1.0,3.0
201100020431,0011-07-28 07:30:00,11,7,28,7,30,130,55,"161, CHE DE GIBBES",43.32571,5.38337,Plein jour,En agglomération,Hors intersection,Normale,Autre collision,,,,,,,,,,,1,2,1,1.0,6.0
201100020432,0011-07-22 19:00:00,11,7,22,19,0,130,55,"00, RUE DE LYON",,,Plein jour,En agglomération,Hors intersection,Normale,Autre collision,,,,,,,,,,,1,2,1,1.0,6.0
201100020433,0011-07-27 16:00:00,11,7,27,16,0,130,55,"139, CHE DE LA MADRAGUE",43.32676,5.3607,Plein jour,En agglomération,Hors intersection,Normale,Deux véhicules - frontale,,,,,,,,,,,1,2,1,1.0,1.0
201100020434,0011-07-24 00:30:00,11,7,24,0,30,130,55,CHE DE SAINT ANTOINE A S,,,Nuit avec éclairage allumé,En agglomération,Hors intersection,Normale,Deux véhicules - côté,,,,,,,,,,,5,2,1,1.0,3.0
201100020435,0011-07-29 00:20:00,11,7,29,0,20,130,55,"48, RUE CENTRALE",43.35202,5.43982,Nuit avec éclairage allumé,En agglomération,Autre intersection,Normale,Autre collision,,,,,,,,,,,5,2,9,1.0,6.0
201100020436,0011-07-20 16:15:00,11,7,20,16,15,130,55,"120, AVE JEAN PAUL SARTR",43.32113,5.4164,Plein jour,En agglomération,Hors intersection,Normale,Deux véhicules - côté,,,,,,,,,,,1,2,1,1.0,3.0
201100020437,0011-07-18 17:00:00,11,7,18,17,0,130,55,AVE JEAN PAUL SARTRE,,,Plein jour,En agglomération,Hors intersection,Normale,Deux véhicules - côté,,,,,,,,,,,1,2,1,1.0,3.0
201100020438,0011-07-25 18:30:00,11,7,25,18,30,130,55,"167, AVE DE LA VISTE",,,Plein jour,En agglomération,Hors intersection,Normale,Deux véhicules - côté,,,,,,,,,,,1,2,1,1.0,3.0
201100020439,0011-07-18 20:00:00,11,7,18,20,0,130,55,"189, AVE DE SAINT ANTOIN",,,Plein jour,En agglomération,Hors intersection,Normale,Deux véhicules - arrière,,,,,,,,,,,1,2,1,1.0,2.0
201100020440,0011-07-28 21:35:00,11,7,28,21,35,130,55,CHE DE L ARMEE D AFRIQUE,,,Nuit avec éclairage allumé,En agglomération,Intersection en X,Normale,Deux véhicules - arrière,,,,,,,,,,,5,2,2,1.0,2.0
201100020441,0011-08-02 07:50:00,11,8,2,7,50,130,55,"264, AVE DES OLIVES",43.32369,5.44497,Plein jour,En agglomération,Hors intersection,Normale,Deux véhicules - côté,,,,,,,,,,,1,2,1,1.0,3.0
201100020442,0011-07-20 06:00:00,11,7,20,6,0,130,55,"97, BD DES OLIVIERS",,,Plein jour,En agglomération,Autre intersection,Normale,Sans collision,,,,,,,,,,,1,2,9,1.0,7.0
201100020443,0011-07-12 18:15:00,11,7,12,18,15,130,55,"00, BD DE SAINT MARCEL",,,Plein jour,En agglomération,Hors intersection,Normale,Autre collision,,,,,,,,,,,1,2,1,1.0,6.0
201100020444,0011-07-25 23:10:00,11,7,25,23,10,130,55,BD DE STRASBOURG,,,Nuit avec éclairage allumé,En agglomération,Intersection en T,Normale,Deux véhicules - côté,,,,,,,,,,,5,2,3,1.0,3.0
201100020445,0011-03-02 19:15:00,11,3,2,19,15,130,55,"305, RUE DE LYON",,,Nuit sans éclairage public,En agglomération,Hors intersection,Normale,Autre collision,,,,,,,,,,,3,2,1,1.0,6.0
201100020446,0011-07-15 22:00:00,11,7,15,22,0,130,55,"5, AVE DU MERLAN",,,Nuit avec éclairage allumé,En agglomération,Hors intersection,Normale,Deux véhicules - côté,,,,,,,,,,,5,2,1,1.0,3.0
201100020447,0011-07-06 13:00:00,11,7,6,13,0,130,55,RUE DES ARGILIERS,,,Plein jour,En agglomération,Hors intersection,Normale,Deux véhicules - côté,,,,,,,,,,,1,2,1,1.0,3.0
201100020448,0011-07-27 05:50:00,11,7,27,5,50,130,55,RTE DE LA SABLIERE,,,Nuit avec éclairage allumé,En agglomération,Hors intersection,Normale,Sans collision,,,,,,,,,,,5,2,1,1.0,7.0
201100020449,0011-07-21 11:00:00,11,7,21,11,0,130,55,"40, BD DE SAINTE MARGUER",,,Plein jour,En agglomération,Hors intersection,Normale,Deux véhicules - côté,,,,,,,,,,,1,2,1,1.0,3.0
201100020450,0011-07-27 00:50:00,11,7,27,0,50,130,2,ETIENNE CUCCA-CD908 (AVE,,,Nuit sans éclairage public,Hors agglomération,Hors intersection,Normale,Autre collision,,,,,,,,,,,3,1,1,1.0,6.0
201100020451,0011-07-23 12:20:00,11,7,23,12,20,130,55,"104, RUE LOUBON",43.31282,5.38282,Plein jour,En agglomération,Hors intersection,Normale,Sans collision,,,,,,,,,,,1,2,1,1.0,7.0
201100020452,0011-07-23 16:45:00,11,7,23,16,45,130,55,"24-26, BD GAY LUSSAC",43.33451,5.37474,Plein jour,En agglomération,Hors intersection,Normale,Deux véhicules - arrière,,,,,,,,,,,1,2,1,1.0,2.0
201100020453,0011-06-30 07:10:00,11,6,30,7,10,130,2,"495, VALLON VERT (AVENUE",,,Plein jour,En agglomération,Hors intersection,Normale,Deux véhicules - arrière,,,,,,,,,,,1,2,1,1.0,2.0
201100020454,0011-03-30 14:00:00,11,3,30,14,0,130,55,"358, AVE DE SAINT ANTOIN",,,Plein jour,En agglomération,Hors intersection,Normale,Deux véhicules - arrière,,,,,,,,,,,1,2,1,1.0,2.0
201100020455,0011-07-21 08:45:00,11,7,21,8,45,130,55,"00, AVE DU PRADO",,,Plein jour,En agglomération,Hors intersection,Normale,Autre collision,,,,,,,,,,,1,2,1,1.0,6.0
201100020456,0011-05-18 20:45:00,11,5,18,20,45,130,55,"265, BD NATIONAL",,,Crépuscule ou aube,En agglomération,Hors intersection,Normale,Autre collision,,,,,,,,,,,2,2,1,1.0,6.0
201100020457,0011-06-21 18:20:00,11,6,21,18,20,130,55,"33, BD ROLAND DORGELES",,,Plein jour,En agglomération,Hors intersection,Normale,Deux véhicules - arrière,,,,,,,,,,,1,2,1,1.0,2.0
201100020458,0011-07-17 11:15:00,11,7,17,11,15,130,55,"34, PAR EMILE DUCLAUX",,,Plein jour,En agglomération,Intersection en X,Normale,Deux véhicules - côté,,,,,,,,,,,1,2,2,1.0,3.0
201100020459,0011-07-27 10:00:00,11,7,27,10,0,130,55,"89, RUE DE LODI",,,Plein jour,En agglomération,Intersection en T,Pluie forte,Deux véhicules - côté,,,,,,,,,,,1,2,3,3.0,3.0
201100020460,0011-07-25 15:40:00,11,7,25,15,40,130,55,AVE ANDRE ROUSSIN,,,Plein jour,En agglomération,Hors intersection,Normale,Deux véhicules - arrière,,,,,,,,,,,1,2,1,1.0,2.0
201100020461,0011-07-24 14:10:00,11,7,24,14,10,130,55,"30, QAI DU PORT",,,Plein jour,En agglomération,Hors intersection,Normale,Autre collision,,,,,,,,,,,1,2,1,1.0,6.0
201100020462,0011-06-18 12:30:00,11,6,18,12,30,130,55,BD FERDINAND DE LESSEPS,,,Plein jour,En agglomération,Hors intersection,Normale,Deux véhicules - arrière,,,,,,,,,,,1,2,1,1.0,2.0
201100020463,0011-08-03 11:10:00,11,8,3,11,10,130,55,RUE AUGUSTIN AUBERT,,,Plein jour,En agglomération,Intersection en Y,Normale,Autre collision,,,,,,,,,,,1,2,4,1.0,6.0
201100020464,0011-08-05 01:40:00,11,8,5,1,40,130,55,"146, BD BAILLE",43.28834,5.39289,Nuit avec éclairage allumé,En agglomération,Hors intersection,Normale,Deux véhicules - côté,,,,,,,,,,,5,2,1,1.0,3.0
201100020465,0011-07-29 19:00:00,11,7,29,19,0,130,75,"103, FREDERIC MISTRAL (A",,,Plein jour,En agglomération,Hors intersection,Normale,Trois véhicules et plus - en chaîne,,,,,,,,,,,1,2,1,1.0,4.0
201100020466,0011-08-06 18:15:00,11,8,6,18,15,130,55,"43, AVE DE LA COTE D AZU",43.26615,5.37364,Plein jour,En agglomération,Hors intersection,Normale,Autre collision,,,,,,,,,,,1,2,1,1.0,6.0
201100020467,0011-08-07 02:40:00,11,8,7,2,40,130,55,"187, RUE DE LYON",43.33043,5.36511,Nuit avec éclairage non allumé,En agglomération,Hors intersection,Normale,Deux véhicules - côté,,,,,,,,,,,4,2,1,1.0,3.0
201100020468,0011-08-08 01:00:00,11,8,8,1,0,130,55,"99, AVE RAIMU",43.33204,5.39863,Nuit avec éclairage allumé,En agglomération,Hors intersection,Normale,Sans collision,,,,,,,,,,,5,2,1,1.0,7.0
201100020469,0011-06-20 20:15:00,11,6,20,20,15,130,55,"29, BD FERDINAND DE LESS",43.32051,5.37283,Nuit avec éclairage allumé,En agglomération,Hors intersection,Normale,Sans collision,,,,,,,,,,,5,2,1,1.0,7.0
201100020470,0011-07-29 21:35:00,11,7,29,21,35,130,2,PROVENCE (AVENUE DE),,,Nuit avec éclairage allumé,En agglomération,Hors intersection,Normale,Autre collision,,,,,,,,,,,5,2,1,1.0,6.0
201100020471,0011-07-24 15:40:00,11,7,24,15,40,130,55,"33, RUE FORTUNE JOURDAN",,,Plein jour,En agglomération,Intersection en X,Normale,Deux véhicules - côté,,,,,,,,,,,1,2,2,1.0,3.0
201100020472,0011-08-04 02:00:00,11,8,4,2,0,130,55,"283, AVE DU PRADO",,,Nuit avec éclairage allumé,En agglomération,Hors intersection,Normale,Deux véhicules - côté,,,,,,,,,,,5,2,1,1.0,3.0
201100020473,0011-08-02 18:00:00,11,8,2,18,0,130,55,"130, BD FRANCOISE DUPARC",43.3066,5.40082,Plein jour,En agglomération,Hors intersection,Normale,Deux véhicules - côté,,,,,,,,,,,1,2,1,1.0,3.0
201100020474,0011-07-22 21:00:00,11,7,22,21,0,130,55,"140, AVE WILLIAM BOOTH",,,Plein jour,En agglomération,Intersection en X,Normale,Deux véhicules - côté,,,,,,,,,,,1,2,2,1.0,3.0
201100020475,0011-07-26 08:15:00,11,7,26,8,15,130,55,"15, RUE DOCTEUR ZAMENHOF",,,Plein jour,En agglomération,Hors intersection,Normale,Deux véhicules - arrière,,,,,,,,,,,1,2,1,1.0,2.0
201100020476,0011-08-09 20:00:00,11,8,9,20,0,130,55,"15, BD DE LA REVOLUTION",43.31428,5.38434,Crépuscule ou aube,En agglomération,Hors intersection,Normale,Autre collision,,,,,,,,,,,2,2,1,1.0,6.0
201100020477,0011-06-17 19:10:00,11,6,17,19,10,130,55,"8, BD DE LA VALBARELLE",,,Plein jour,En agglomération,Hors intersection,Normale,Sans collision,,,,,,,,,,,1,2,1,1.0,7.0
201100020478,0011-07-31 21:30:00,11,7,31,21,30,130,55,"19, RUE PEYSSONNEL",43.30778,5.37251,Nuit avec éclairage allumé,En agglomération,Hors intersection,Normale,Autre collision,,,,,,,,,,,5,2,1,1.0,6.0
201100020479,0011-08-01 11:30:00,11,8,1,11,30,130,55,"157, BD DE PLOMBIERES",,,Plein jour,En agglomération,Hors intersection,Normale,Deux véhicules - arrière,,,,,,,,,,,1,2,1,1.0,2.0
201100020480,0011-07-07 06:05:00,11,7,7,6,5,130,55,"2, BD D ATHENES",,,Crépuscule ou aube,En agglomération,Hors intersection,Normale,Autre collision,,,,,,,,,,,2,2,1,1.0,6.0
201100020481,0011-08-06 15:00:00,11,8,6,15,0,130,55,"15, RUE GASPARD MONGE",,,Plein jour,En agglomération,Giratoire,Normale,Deux véhicules - arrière,,,,,,,,,,,1,2,6,1.0,2.0
201100020482,0011-07-11 00:35:00,11,7,11,0,35,130,55,"06, PRO GEORGES POMPIDOU",43.26552,5.37335,Nuit avec éclairage allumé,En agglomération,Hors intersection,Normale,Deux véhicules - côté,,,,,,,,,,,5,2,1,1.0,3.0
201100020483,0011-05-02 14:30:00,11,5,2,14,30,130,55,RUE GORDE,,,Plein jour,En agglomération,Intersection en T,Normale,Deux véhicules - côté,,,,,,,,,,,1,2,3,1.0,3.0
201100020484,0011-07-21 09:50:00,11,7,21,9,50,130,55,"25, CHE DE L ARMEE D AFR",,,Plein jour,En agglomération,Hors intersection,Normale,Deux véhicules - côté,,,,,,,,,,,1,2,1,1.0,3.0
201100020485,0011-06-30 15:30:00,11,6,30,15,30,130,55,RUE JEAN MERMOZ,,,Plein jour,En agglomération,Intersection en X,Normale,Autre collision,,,,,,,,,,,1,2,2,1.0,6.0
201100020486,0011-07-08 19:00:00,11,7,8,19,0,130,55,"20, BD GAROUTTE",,,Plein jour,En agglomération,Intersection en T,Normale,Deux véhicules - côté,,,,,,,,,,,1,2,3,1.0,3.0