accident_id,datetime,annee,mois,jour,heure,minute,departement,commune_insee,adresse,latitude,longitude,luminosite,agglomeration,intersection,meteo,collision,nb_vehicules,nb_usagers,nb_indemnes,nb_tues,nb_blesses_hosp,nb_blesses_legers,age_cond_1,age_cond_2,veh_type_cond_1,veh_type_cond_2,lum_code,agg_code,int_code,atm_code,col_code
201100020487,0011-08-03 12:40:00,11,8,3,12,40,130,55,"176, RUE DE LYON",,,Plein jour,En agglomération,Giratoire,Normale,Deux véhicules - côté,,,,,,,,,,,1,2,6,1.0,3.0
201100020488,0011-07-29 20:10:00,11,7,29,20,10,130,55,AVE DE FRAIS VALLON,,,Plein jour,En agglomération,Intersection en T,Normale,Autre collision,,,,,,,,,,,1,2,3,1.0,6.0
201100020489,0011-06-18 07:45:00,11,6,18,7,45,130,55,"152, BD MICHELET",,,Plein jour,En agglomération,Intersection à plus de 4 branches,Normale,Deux véhicules - côté,,,,,,,,,,,1,2,5,1.0,3.0
201100020490,0011-07-21 14:05:00,11,7,21,14,5,130,55,AVE DE SAINT JULIEN,,,Plein jour,En agglomération,Intersection en X,Normale,Deux véhicules - frontale,,,,,,,,,,,1,2,2,1.0,1.0
201100020491,0011-06-21 09:50:00,11,6,21,9,50,130,55,CHE DE LA COLLINE SAINT,,,Plein jour,En agglomération,Hors intersection,Normale,Deux véhicules - arrière,,,,,,,,,,,1,2,1,1.0,2.0
201100020492,0011-08-01 11:20:00,11,8,1,11,20,130,55,"25, AVE DE LA CAPELETTE",,,Plein jour,En agglomération,Hors intersection,Normale,Deux véhicules - côté,,,,,,,,,,,1,2,1,1.0,3.0
201100020493,0011-07-24 10:00:00,11,7,24,10,0,130,55,"104, BD BAILLE",43.28779,5.39087,Plein jour,En agglomération,Hors intersection,Normale,Deux véhicules - arrière,,,,,,,,,,,1,2,1,1.0,2.0
201100020494,0011-07-22 20:10:00,11,7,22,20,10,130,55,"2, VOI LA CANEBIERE",,,Plein jour,En agglomération,Hors intersection,Normale,Deux véhicules - arrière,,,,,,,,,,,1,2,1,1.0,2.0
201100020495,0011-07-05 12:05:00,11,7,5,12,5,130,55,"60, VOI LA CANEBIERE",,,Plein jour,En agglomération,Hors intersection,Normale,Deux véhicules - frontale,,,,,,,,,,,1,2,1,1.0,1.0
201100020496,0011-08-01 18:00:00,11,8,1,18,0,130,55,"122A, RUE FERRARI",,,Plein jour,En agglomération,Hors intersection,Normale,Deux véhicules - côté,,,,,,,,,,,1,2,1,1.0,3.0
201100020497,0011-07-29 19:20:00,11,7,29,19,20,130,55,"1, BD SAKAKINI",,,Plein jour,En agglomération,Intersection en X,Normale,Deux véhicules - arrière,,,,,,,,,,,1,2,2,1.0,2.0
201100020498,0011-07-26 07:00:00,11,7,26,7,0,130,55,"76, BD DE LA CORDERIE",,,Plein jour,En agglomération,Hors intersection,Normale,Deux véhicules - arrière,,,,,,,,,,,1,2,1,1.0,2.0
201100020499,0011-08-04 15:30:00,11,8,4,15,30,130,55,"10, RAM SAINT MAURICE",,,Plein jour,En agglomération,Hors intersection,Normale,Deux véhicules - arrière,,,,,,,,,,,1,2,1,1.0,2.0
201100020500,0011-08-06 21:30:00,11,8,6,21,30,130,55,"189, BD CHAVE",43.29571,5.39787,Nuit avec éclairage allumé,En agglomération,Intersection en X,Normale,Deux véhicules - côté,,,,,,,,,,,5,2,2,1.0,3.0
201100020501,0011-07-27 01:00:00,11,7,27,1,0,130,55,"44, RUE D' ITALIE",,,Nuit avec éclairage allumé,En agglomération,Intersection en X,Normale,Deux véhicules - frontale,,,,,,,,,,,5,2,2,1.0,1.0
201100020502,0011-07-30 23:05:00,11,7,30,23,5,130,55,"146, RUE DE ROME",43.28853,5.38231,Nuit avec éclairage allumé,En agglomération,Hors intersection,Normale,Deux véhicules - côté,,,,,,,,,,,5,2,1,1.0,3.0
201100020503,0011-06-30 18:45:00,11,6,30,18,45,130,55,"196, AVE DE TOULON",,,Plein jour,En agglomération,Hors intersection,Normale,Deux véhicules - côté,,,,,,,,,,,1,2,1,1.0,3.0
201100020504,0011-08-04 17:20:00,11,8,4,17,20,130,55,"39, BD ROMAIN ROLLAND",,,Plein jour,En agglomération,Hors intersection,Normale,Autre collision,,,,,,,,,,,1,2,1,1.0,6.0
201100020505,0011-08-04 14:35:00,11,8,4,14,35,130,55,AVE DES CIGALES,,,Plein jour,En agglomération,Intersection en T,Normale,Deux véhicules - côté,,,,,,,,,,,1,2,3,1.0,3.0
201100020506,0011-07-14 19:00:00,11,7,14,19,0,130,55,"47, PCE DU CABOT",,,Plein jour,En agglomération,Intersection en T,Normale,Deux véhicules - frontale,,,,,,,,,,,1,2,3,1.0,1.0
201100020507,0011-07-24 12:00:00,11,7,24,12,0,130,55,"344, BD MICHELET",,,Plein jour,En agglomération,Hors intersection,Normale,Deux véhicules - côté,,,,,,,,,,,1,2,1,1.0,3.0
201100020508,0011-07-11 13:30:00,11,7,11,13,30,130,55,"54, RUE DE L AUDIENCE",,,Plein jour,En agglomération,Hors intersection,Normale,Deux véhicules - côté,,,,,,,,,,,1,2,1,1.0,3.0
201100020509,0011-08-09 11:30:00,11,8,9,11,30,130,55,"1, ALL DE LA ROUGUIERE",43.29708,5.45787,Plein jour,En agglomération,Hors intersection,Normale,Deux véhicules - frontale,,,,,,,,,,,1,2,1,1.0,1.0
201100020510,0011-08-06 11:30:00,11,8,6,11,30,130,55,"1, AVE PIERRE MENDES FRA",,,Plein jour,En agglomération,Hors intersection,Normale,Deux véhicules - arrière,,,,,,,,,,,1,2,1,1.0,2.0
201100020511,0011-07-30 17:00:00,11,7,30,17,0,130,55,"10, AVE LOUIS MALOSSE",,,Plein jour,En agglomération,Hors intersection,Normale,Deux véhicules - arrière,,,,,,,,,,,1,2,1,1.0,2.0
201100020512,0011-07-29 07:50:00,11,7,29,7,50,130,55,"340, BD ROMAIN ROLLAND",,,Plein jour,En agglomération,Intersection en T,Normale,Deux véhicules - côté,,,,,,,,,,,1,2,3,1.0,3.0
201100020513,0011-06-25 03:10:00,11,6,25,3,10,130,55,"76, RTE LEON LACHAMP",,,Nuit avec éclairage allumé,En agglomération,Hors intersection,Normale,Sans collision,,,,,,,,,,,5,2,1,1.0,7.0
201100020514,0011-08-01 12:00:00,11,8,1,12,0,130,55,RUE DOMINIQUE PIAZZA,,,Plein jour,En agglomération,Hors intersection,Normale,Deux véhicules - frontale,,,,,,,,,,,1,2,1,1.0,1.0
201100020515,0011-07-06 20:23:00,11,7,6,20,23,130,55,"196, AVE DE TOULON",43.28481,5.39495,Crépuscule ou aube,En agglomération,Hors intersection,Normale,Deux véhicules - côté,,,,,,,,,,,2,2,1,1.0,3.0
201100020516,0011-07-07 23:00:00,11,7,7,23,0,130,55,"35, BD SCHLOESING",,,Nuit avec éclairage allumé,En agglomération,Hors intersection,Normale,Deux véhicules - côté,,,,,,,,,,,5,2,1,1.0,3.0
201100020517,0011-07-12 19:20:00,11,7,12,19,20,130,55,"02, BD DE LA VALBARELLE",43.28584,5.44248,Plein jour,En agglomération,Intersection en X,Normale,Deux véhicules - côté,,,,,,,,,,,1,2,2,1.0,3.0
201100020518,0011-07-19 18:10:00,11,7,19,18,10,130,55,BD MICHELET,,,Plein jour,En agglomération,Intersection en X,Normale,Autre collision,,,,,,,,,,,1,2,2,1.0,6.0
201100020519,0011-07-29 18:50:00,11,7,29,18,50,130,55,"411, AVE DU PRADO",43.26825,5.38469,Plein jour,En agglomération,Hors intersection,Normale,Deux véhicules - arrière,,,,,,,,,,,1,2,1,1.0,2.0
201100020520,0011-07-24 18:50:00,11,7,24,18,50,130,55,"166, AVE DE HAMBOURG",,,Plein jour,En agglomération,Hors intersection,Normale,Sans collision,,,,,,,,,,,1,2,1,1.0,7.0
201100020521,0011-07-16 02:30:00,11,7,16,2,30,130,55,"515, AVE DU PRADO",,,Nuit avec éclairage allumé,En agglomération,Hors intersection,Normale,Deux véhicules - frontale,,,,,,,,,,,5,2,1,1.0,1.0
201100020522,0011-07-22 22:00:00,11,7,22,22,0,130,55,"86, BD DE PONT DE VIVAUX",,,Nuit avec éclairage allumé,En agglomération,Hors intersection,Normale,Deux véhicules - frontale,,,,,,,,,,,5,2,1,1.0,1.0
201100020523,0011-08-13 04:50:00,11,8,13,4,50,130,55,CHE DE LA MADRAGUE VILLE,43.33105,5.35916,Nuit avec éclairage allumé,En agglomération,Intersection en T,Normale,Autre collision,,,,,,,,,,,5,2,3,1.0,6.0
201100020524,0011-07-18 09:00:00,11,7,18,9,0,130,55,"99, RUE DE LYON",43.32752,5.36614,Plein jour,En agglomération,Hors intersection,Normale,Deux véhicules - côté,,,,,,,,,,,1,2,1,1.0,3.0
201100020525,0011-07-24 00:20:00,11,7,24,0,20,130,55,BD GASTON CREMIEUX,,,Nuit avec éclairage allumé,En agglomération,Hors intersection,Normale,Deux véhicules - frontale,,,,,,,,,,,5,2,1,1.0,1.0
201100020526,0011-08-01 14:20:00,11,8,1,14,20,130,55,BD SCHLOESING,,,Plein jour,En agglomération,Hors intersection,Normale,Deux véhicules - arrière,,,,,,,,,,,1,2,1,1.0,2.0
201100020527,0011-07-12 21:30:00,11,7,12,21,30,130,55,"18, AVE LAETITIA",,,Nuit avec éclairage allumé,En agglomération,Intersection en T,Normale,Deux véhicules - côté,,,,,,,,,,,5,2,3,1.0,3.0
201100020528,0011-08-18 05:30:00,11,8,18,5,30,130,55,"77, BD PERIER",,,Nuit avec éclairage allumé,En agglomération,Hors intersection,Normale,Autre collision,,,,,,,,,,,5,2,1,1.0,6.0
201100020529,0011-08-18 17:45:00,11,8,18,17,45,130,2,"345, G?N?RAL DE GAULLE (",,,Plein jour,En agglomération,Intersection en T,Normale,Deux véhicules - côté,,,,,,,,,,,1,2,3,1.0,3.0
201100020530,0011-08-11 16:50:00,11,8,11,16,50,130,55,"95, AVE DES ROCHES",43.2787,5.36316,Plein jour,En agglomération,Hors intersection,Normale,Deux véhicules - arrière,,,,,,,,,,,1,2,1,1.0,2.0
201100020531,0011-08-04 20:00:00,11,8,4,20,0,130,55,"15, AVE ALEXANDRE FLEMIN",,,Plein jour,En agglomération,Hors intersection,Normale,Trois véhicules et plus - en chaîne,,,,,,,,,,,1,2,1,1.0,4.0
201100020532,0011-08-09 18:20:00,11,8,9,18,20,130,55,"70, RUE MARENGO",,,Plein jour,En agglomération,Hors intersection,Normale,Deux véhicules - côté,,,,,,,,,,,1,2,1,1.0,3.0
201100020533,0011-08-11 08:35:00,11,8,11,8,35,130,55,"46, BD FRANCOISE DUPARC",,,Plein jour,En agglomération,Hors intersection,Normale,Deux véhicules - arrière,,,,,,,,,,,1,2,1,1.0,2.0
201100020534,0011-08-10 14:20:00,11,8,10,14,20,130,55,"118, RUE ABBE DE L EPEE",43.29722,5.39348,Plein jour,En agglomération,Intersection en X,Normale,Deux véhicules - côté,,,,,,,,,,,1,2,2,1.0,3.0
201100020535,0011-03-21 07:00:00,11,3,21,7,0,130,55,"1, BD BARRY",,,Crépuscule ou aube,En agglomération,Intersection en T,Normale,Autre collision,,,,,,,,,,,2,2,3,1.0,6.0
201100020536,0011-08-17 11:50:00,11,8,17,11,50,130,55,AVE DU MARCHE NATIONAL,,,Plein jour,Hors agglomération,Intersection en T,Normale,Deux véhicules - côté,,,,,,,,,,,1,1,3,1.0,3.0
201100020537,0011-08-05 13:30:00,11,8,5,13,30,130,55,"112, PGE DE L' ESTAQUE",,,Plein jour,En agglomération,Hors intersection,Normale,Deux véhicules - côté,,,,,,,,,,,1,2,1,1.0,3.0
201100020538,0011-05-29 03:45:00,11,5,29,3,45,130,55,PCE JULES GUESDE,,,Nuit avec éclairage allumé,En agglomération,Hors intersection,Normale,Autre collision,,,,,,,,,,,5,2,1,1.0,6.0
201100020539,0011-08-13 00:01:00,11,8,13,0,1,130,55,"180, VSN QUAI DU PORT A",,,Nuit avec éclairage allumé,En agglomération,Hors intersection,Normale,Autre collision,,,,,,,,,,,5,2,1,1.0,6.0
201100020540,0011-08-09 11:00:00,11,8,9,11,0,130,55,"192, VSN QUAI DU PORT A",,,Plein jour,En agglomération,Hors intersection,Normale,Autre collision,,,,,,,,,,,1,2,1,1.0,6.0
201100020541,0011-08-07 21:30:00,11,8,7,21,30,130,55,"287, CHE DE SAINTE MARTH",43.33463,5.39133,Nuit sans éclairage public,En agglomération,Hors intersection,Normale,Deux véhicules - frontale,,,,,,,,,,,3,2,1,1.0,1.0
201100020542,0011-08-11 19:10:00,11,8,11,19,10,130,55,"81, BD DU REDON",,,Plein jour,En agglomération,Hors intersection,Normale,Deux véhicules - arrière,,,,,,,,,,,1,2,1,1.0,2.0
201100020543,0011-08-08 09:45:00,11,8,8,9,45,130,55,"02, RAM SAINT MAURICE",43.28945,5.36404,Plein jour,En agglomération,Intersection en T,Normale,Autre collision,,,,,,,,,,,1,2,3,1.0,6.0
201100020544,0011-08-21 17:45:00,11,8,21,17,45,130,55,"123, CHE DES BOURRELY",,,Plein jour,En agglomération,Hors intersection,Normale,Autre collision,,,,,,,,,,,1,2,1,1.0,6.0
201100020545,0011-08-14 15:10:00,11,8,14,15,10,130,55,"12, RUE DEVILLIERS",,,Plein jour,En agglomération,Hors intersection,Normale,Deux véhicules - côté,,,,,,,,,,,1,2,1,1.0,3.0
201100020546,0011-08-11 00:25:00,11,8,11,0,25,130,55,"74, AVE DE SAINT LOUIS",,,Nuit avec éclairage allumé,En agglomération,Hors intersection,Normale,Autre collision,,,,,,,,,,,5,2,1,1.0,6.0
201100020547,0011-06-08 16:30:00,11,6,8,16,30,130,55,"161, CRS LIEUTAUD",43.28688,5.38528,Plein jour,En agglomération,Intersection en X,Normale,Deux véhicules - côté,,,,,,,,,,,1,2,2,1.0,3.0
201100020548,0011-08-09 11:30:00,11,8,9,11,30,130,55,"214, AVE DE LA CAPELETTE",43.27964,5.41052,Plein jour,En agglomération,Hors intersection,Normale,Deux véhicules - côté,,,,,,,,,,,1,2,1,1.0,3.0
201100020549,0011-08-02 13:10:00,11,8,2,13,10,130,2,"832, SALVATORE ALLENDE (",43.35211,5.47964,Plein jour,En agglomération,Hors intersection,Normale,Sans collision,,,,,,,,,,,1,2,1,1.0,7.0
201100020550,0011-07-27 18:10:00,11,7,27,18,10,130,55,"222, BD ROMAIN ROLLAND",,,Plein jour,En agglomération,Hors intersection,Normale,Deux véhicules - arrière,,,,,,,,,,,1,2,1,1.0,2.0
201100020551,0011-08-01 18:20:00,11,8,1,18,20,130,55,"146, BD LOMBARD",,,Crépuscule ou aube,En agglomération,Hors intersection,Normale,Deux véhicules - arrière,,,,,,,,,,,2,2,1,1.0,2.0
201100020552,0011-05-11 14:00:00,11,5,11,14,0,130,55,"161, AVE DE LATTRE DE TA",43.24595,5.41804,Plein jour,En agglomération,Hors intersection,Normale,Trois véhicules et plus - en chaîne,,,,,,,,,,,1,2,1,1.0,4.0
201100020553,0011-08-19 20:15:00,11,8,19,20,15,130,55,"6, RUE BONNETERIE",43.29709,5.37165,Crépuscule ou aube,En agglomération,Intersection en T,Normale,Autre collision,,,,,,,,,,,2,2,3,1.0,6.0
201100020554,0011-07-14 23:20:00,11,7,14,23,20,130,55,"11, RUE DE LA GRANDE ARM",43.30028,5.38419,Nuit avec éclairage allumé,En agglomération,Intersection en T,Normale,Deux véhicules - côté,,,,,,,,,,,5,2,3,1.0,3.0
201100020555,0011-08-19 08:20:00,11,8,19,8,20,130,55,"56, AVE COROT",43.3225,5.40693,Plein jour,En agglomération,Hors intersection,Normale,Deux véhicules - côté,,,,,,,,,,,1,2,1,1.0,3.0
201100020556,0011-06-10 14:15:00,11,6,10,14,15,130,55,"2, PCE DE L HOTEL DES PO",,,Plein jour,En agglomération,Intersection en T,Normale,Deux véhicules - côté,,,,,,,,,,,1,2,3,1.0,3.0
201100020557,0011-07-29 17:45:00,11,7,29,17,45,130,55,BD FRANCOISE DUPARC,,,Plein jour,En agglomération,Intersection en X,Normale,Autre collision,,,,,,,,,,,1,2,2,1.0,6.0
201100020558,0011-08-10 16:00:00,11,8,10,16,0,130,55,"1, RUE VACON",,,Plein jour,En agglomération,Hors intersection,Normale,Autre collision,,,,,,,,,,,1,2,1,1.0,6.0
201100020559,0011-08-13 09:20:00,11,8,13,9,20,130,55,"14, VOI LA CANEBIERE",,,Plein jour,En agglomération,Hors intersection,Normale,Deux véhicules - côté,,,,,,,,,,,1,2,1,1.0,3.0
201100020560,0011-08-14 11:10:00,11,8,14,11,10,130,55,"1, VSN LIAISON PELLETA G",,,Plein jour,En agglomération,Intersection en X,Normale,Deux véhicules - côté,,,,,,,,,,,1,2,2,1.0,3.0
201100020561,0011-08-12 10:30:00,11,8,12,10,30,130,55,"2, BD BAILLE",,,Plein jour,En agglomération,Intersection en X,Normale,Deux véhicules - côté,,,,,,,,,,,1,2,2,1.0,3.0
201100020562,0011-08-17 18:40:00,11,8,17,18,40,130,55,"99, RPT SAKAKINI JEANNE",,,Plein jour,En agglomération,Hors intersection,Normale,Deux véhicules - arrière,,,,,,,,,,,1,2,1,1.0,2.0
201100020563,0011-08-09 08:55:00,11,8,9,8,55,130,55,"9, PCE EDMOND AUDRAN",,,Plein jour,En agglomération,Intersection en T,Normale,Deux véhicules - frontale,,,,,,,,,,,1,2,3,1.0,1.0
201100020564,0011-08-16 17:30:00,11,8,16,17,30,130,55,"52, BD D ATHENES",,,Plein jour,En agglomération,Hors intersection,Normale,Deux véhicules - côté,,,,,,,,,,,1,2,1,1.0,3.0
201100020565,0011-08-14 15:35:00,11,8,14,15,35,130,55,"33, RUE DES DOMINICAINES",43.3003,5.37813,Crépuscule ou aube,En agglomération,Intersection en X,Normale,Deux véhicules - côté,,,,,,,,,,,2,2,2,1.0,3.0
201100020566,0011-06-13 14:50:00,11,6,13,14,50,130,55,"100, BD FRANCOISE DUPARC",,,Plein jour,En agglomération,Hors intersection,Normale,Trois véhicules et plus - en chaîne,,,,,,,,,,,1,2,1,1.0,4.0
201100020567,0011-06-24 21:30:00,11,6,24,21,30,130,55,"93, BD FRANCOISE DUPARC",,,Nuit avec éclairage allumé,En agglomération,Intersection en T,Normale,Deux véhicules - côté,,,,,,,,,,,5,2,3,1.0,3.0
201100020568,0011-08-17 02:30:00,11,8,17,2,30,130,55,"4, BD BUREL",,,Nuit avec éclairage allumé,En agglomération,Hors intersection,Normale,Autre collision,,,,,,,,,,,5,2,1,1.0,6.0
201100020569,0011-08-25 13:45:00,11,8,25,13,45,130,55,"1, AVE ALEXANDRE ANSALDI",,,Plein jour,En agglomération,Hors intersection,Normale,Trois véhicules et plus - en chaîne,,,,,,,,,,,1,2,1,1.0,4.0
201100020570,0011-08-08 07:00:00,11,8,8,7,0,130,55,"24, AVE DE FRAIS VALLON",,,Plein jour,En agglomération,Hors intersection,Normale,Autre collision,,,,,,,,,,,1,2,1,1.0,6.0
201100020571,0011-07-26 11:30:00,11,7,26,11,30,130,55,RPT VALLON VERT MARCEL D,,,Plein jour,En agglomération,Hors intersection,Normale,Trois véhicules et plus - collisions multiples,,,,,,,,,,,1,2,1,1.0,5.0
201100020572,0011-08-25 22:30:00,11,8,25,22,30,130,55,"39, RUE CAPITAINE DESSEM",,,Nuit avec éclairage allumé,En agglomération,Hors intersection,Normale,Autre collision,,,,,,,,,,,5,2,1,1.0,6.0
201100020573,0011-08-21 22:10:00,11,8,21,22,10,130,55,"24, AVE DU PRADO",,,Nuit avec éclairage allumé,En agglomération,Hors intersection,Normale,Trois véhicules et plus - en chaîne,,,,,,,,,,,5,2,1,1.0,4.0
201100020574,0011-08-28 12:30:00,11,8,28,12,30,130,55,"160, CHE DES JONQUILLES",,,Plein jour,En agglomération,Hors intersection,Normale,Autre collision,,,,,,,,,,,1,2,1,1.0,6.0
201100020575,0011-08-28 00:20:00,11,8,28,0,20,130,55,"80, BD LOUIS VILLECROZE",43.32086,5.39204,Nuit avec éclairage allumé,En agglomération,Hors intersection,Normale,Autre collision,,,,,,,,,,,5,2,1,1.0,6.0
201100020576,0011-08-22 17:35:00,11,8,22,17,35,130,55,"21, BD FRANCOISE DUPARC",,,Plein jour,En agglomération,Hors intersection,Normale,Autre collision,,,,,,,,,,,1,2,1,1.0,6.0
201100020577,0011-08-16 10:15:00,11,8,16,10,15,130,55,"01, RUE MONTGRAND",,,Plein jour,En agglomération,Intersection en T,Normale,Autre collision,,,,,,,,,,,1,2,3,1.0,6.0
201100020578,0011-08-26 18:15:00,11,8,26,18,15,130,55,"143, AVE DE LA TIMONE",,,Plein jour,En agglomération,Hors intersection,Normale,Deux véhicules - côté,,,,,,,,,,,1,2,1,1.0,3.0
201100020579,0011-08-25 10:40:00,11,8,25,10,40,130,55,"145, AVE ALEXANDRE ANSAL",,,Plein jour,En agglomération,Intersection en X,Normale,Deux véhicules - côté,,,,,,,,,,,1,2,2,1.0,3.0
201100020580,0011-06-06 16:30:00,11,6,6,16,30,130,55,"19, RUE FONTVERT",,,Plein jour,En agglomération,Hors intersection,Normale,Autre collision,,,,,,,,,,,1,2,1,1.0,6.0
201100020581,0011-08-10 13:50:00,11,8,10,13,50,130,55,AVE DE FRAIS VALLON,,,Plein jour,En agglomération,Autre intersection,Normale,Autre collision,,,,,,,,,,,1,2,9,1.0,6.0
201100020582,0011-08-16 06:20:00,11,8,16,6,20,130,55,"211, AVE PIERRE MENDES F",,,Crépuscule ou aube,En agglomération,Hors intersection,Normale,Sans collision,,,,,,,,,,,2,2,1,1.0,7.0
201100020583,0011-08-14 14:15:00,11,8,14,14,15,130,75,"81, FR?D?RIC CHEVILLON (",,,Plein jour,En agglomération,Intersection en X,Normale,Deux véhicules - côté,,,,,,,,,,,1,2,2,1.0,3.0
201100020584,0011-07-29 10:40:00,11,7,29,10,40,130,55,"84, BD DE LA LIBERATION",43.30077,5.39035,Plein jour,En agglomération,Hors intersection,Normale,Deux véhicules - côté,,,,,,,,,,,1,2,1,1.0,3.0
201100020585,0011-08-14 08:45:00,11,8,14,8,45,130,55,"76, VOI LA CANEBIERE",,,Plein jour,En agglomération,Hors intersection,Normale,Autre collision,,,,,,,,,,,1,2,1,1.0,6.0
201100020586,0011-07-30 10:45:00,11,7,30,10,45,130,55,AVE DE SAINT JULIEN,,,Plein jour,En agglomération,Hors intersection,Normale,Deux véhicules - côté,,,,,,,,,,,1,2,1,1.0,3.0
201100020587,0011-06-25 18:00:00,11,6,25,18,0,130,55,"6, PRO GEORGES POMPIDOU",,,Plein jour,En agglomération,Hors intersection,Normale,Deux véhicules - arrière,,,,,,,,,,,1,2,1,1.0,2.0
201100020588,0011-06-01 19:20:00,11,6,1,19,20,130,55,"39, AVE JEAN LOMBARD",,,Plein jour,En agglomération,Intersection en T,Normale,Deux véhicules - côté,,,,,,,,,,,1,2,3,1.0,3.0
201100020589,0011-08-25 08:30:00,11,8,25,8,30,130,55,"310, CHE DE L ARMEE D AF",,,Plein jour,En agglomération,Hors intersection,Normale,Deux véhicules - arrière,,,,,,,,,,,1,2,1,1.0,2.0
201100020590,0011-04-07 13:50:00,11,4,7,13,50,130,55,"35, RUE CALLELONGUE",,,Plein jour,En agglomération,Hors intersection,Normale,Deux véhicules - arrière,,,,,,,,,,,1,2,1,1.0,2.0
201100020591,0011-08-26 16:00:00,11,8,26,16,0,130,55,"113, BD ROMAIN ROLLAND",,,Plein jour,En agglomération,Hors intersection,Normale,Trois véhicules et plus - en chaîne,,,,,,,,,,,1,2,1,1.0,4.0
201100020592,0011-08-25 18:30:00,11,8,25,18,30,130,55,"379, RUE PARADIS",,,Plein jour,En agglomération,Hors intersection,Normale,Autre collision,,,,,,,,,,,1,2,1,1.0,6.0
201100020593,0011-07-15 19:20:00,11,7,15,19,20,130,55,"42, CHE SAINT JEAN DU DE",,,Plein jour,En agglomération,Hors intersection,Normale,Deux véhicules - frontale,,,,,,,,,,,1,2,1,1.0,1.0
201100020594,0011-07-19 20:15:00,11,7,19,20,15,130,55,"35, BD DE LA LIBERATION",,,Plein jour,En agglomération,Hors intersection,Normale,Autre collision,,,,,,,,,,,1,2,1,1.0,6.0
201100020595,0011-07-29 16:40:00,11,7,29,16,40,130,55,"06, PCE LEVERRIER",43.30582,5.39347,Plein jour,En agglomération,Hors intersection,Normale,Sans collision,,,,,,,,,,,1,2,1,1.0,7.0
201100020596,0011-08-25 21:40:00,11,8,25,21,40,130,55,"42, BD DU BOSPHORE",,,Nuit avec éclairage allumé,En agglomération,Hors intersection,Normale,Deux véhicules - frontale,,,,,,,,,,,5,2,1,1.0,1.0
201100020597,0011-08-01 23:10:00,11,8,1,23,10,130,55,"0, RUE JEAN QUEILLAU",,,Nuit avec éclairage allumé,En agglomération,Intersection en X,Normale,Autre collision,,,,,,,,,,,5,2,2,1.0,6.0
201100020598,0011-06-30 23:30:00,11,6,30,23,30,130,55,"00, AVE DU GENERAL LECLE",,,Nuit avec éclairage allumé,En agglomération,Intersection en X,Normale,Autre collision,,,,,,,,,,,5,2,2,1.0,6.0
201100020599,0011-05-14 09:00:00,11,5,14,9,0,130,55,"000, BD ANATOLE DE LA FO",,,Plein jour,En agglomération,Hors intersection,Normale,Autre collision,,,,,,,,,,,1,2,1,1.0,6.0
201100020600,0011-09-05 16:00:00,11,9,5,16,0,130,55,AVE ALEXANDRE FLEMING,,,Plein jour,En agglomération,Hors intersection,Normale,Trois véhicules et plus - collisions multiples,,,,,,,,,,,1,2,1,1.0,5.0
201100020601,0011-09-01 18:20:00,11,9,1,18,20,130,2,"660, CANTON VERT (AVENUE",,,Plein jour,En agglomération,Hors intersection,Normale,Sans collision,,,,,,,,,,,1,2,1,1.0,7.0
201100020602,0011-08-04 19:30:00,11,8,4,19,30,130,55,"64, BD BAILLE",,,Plein jour,En agglomération,Intersection en X,Normale,Autre collision,,,,,,,,,,,1,2,2,1.0,6.0
201100020603,0011-08-28 17:30:00,11,8,28,17,30,130,55,"07, RUE DEVILLIERS",,,Plein jour,En agglomération,Intersection en T,Normale,Autre collision,,,,,,,,,,,1,2,3,1.0,6.0
201100020604,0011-08-11 19:15:00,11,8,11,19,15,130,55,"271, COR PRESIDENT JOHN",43.27888,5.3541,Plein jour,En agglomération,Hors intersection,Normale,Deux véhicules - côté,,,,,,,,,,,1,2,1,1.0,3.0
201100020605,0011-08-30 14:15:00,11,8,30,14,15,130,55,"00, PCE JULES GUESDE",,,Plein jour,En agglomération,Hors intersection,Normale,Autre collision,,,,,,,,,,,1,2,1,1.0,6.0
201100020606,0011-08-16 12:20:00,11,8,16,12,20,130,55,AVE DU CAP PINEDE ROC 3,,,Plein jour,En agglomération,Hors intersection,Normale,Autre collision,,,,,,,,,,,1,2,1,1.0,6.0
201100020607,0011-08-22 11:00:00,11,8,22,11,0,130,55,"00, RUE SAINT SEBASTIEN",,,Plein jour,En agglomération,Hors intersection,Normale,Autre collision,,,,,,,,,,,1,2,1,1.0,6.0
201100020608,0011-08-25 09:00:00,11,8,25,9,0,130,55,RUE PARADIS,,,Plein jour,En agglomération,Intersection en T,Normale,Deux véhicules - côté,,,,,,,,,,,1,2,3,1.0,3.0
201100020609,0011-08-22 18:00:00,11,8,22,18,0,130,55,"00, RUE ESPERANDIEU",,,Plein jour,En agglomération,Intersection en X,Normale,Deux véhicules - côté,,,,,,,,,,,1,2,2,1.0,3.0
201100020610,0011-08-25 13:20:00,11,8,25,13,20,130,55,"36, RUE DE LA GUADELOUPE",,,Plein jour,En agglomération,Intersection en T,Normale,Deux véhicules - côté,,,,,,,,,,,1,2,3,1.0,3.0
201100020611,0011-08-29 19:30:00,11,8,29,19,30,130,55,"00, AVE DU CAP PINEDE RO",,,Plein jour,En agglomération,Hors intersection,Normale,Autre collision,,,,,,,,,,,1,2,1,1.0,6.0
201100020612,0011-08-17 09:45:00,11,8,17,9,45,130,55,"70, RUE MONTAIGNE",,,Plein jour,En agglomération,Hors intersection,Normale,Autre collision,,,,,,,,,,,1,2,1,1.0,6.0