accident_id,datetime,annee,mois,jour,heure,minute,departement,commune_insee,adresse,latitude,longitude,luminosite,agglomeration,intersection,meteo,collision,nb_vehicules,nb_usagers,nb_indemnes,nb_tues,nb_blesses_hosp,nb_blesses_legers,age_cond_1,age_cond_2,veh_type_cond_1,veh_type_cond_2,lum_code,agg_code,int_code,atm_code,col_code
201100020613,0011-08-15 12:10:00,11,8,15,12,10,130,55,"157, RUE D ENDOUME",,,Plein jour,En agglomération,Hors intersection,Normale,Autre collision,,,,,,,,,,,1,2,1,1.0,6.0
201100020614,0011-08-30 16:00:00,11,8,30,16,0,130,55,PCE DU ROCHER,,,Plein jour,En agglomération,Hors intersection,Pluie légère,Autre collision,,,,,,,,,,,1,2,1,2.0,6.0
201100020615,0011-08-29 00:20:00,11,8,29,0,20,130,55,"44, PRO DU GRAND LARGE",,,Nuit avec éclairage allumé,En agglomération,Hors intersection,Normale,Autre collision,,,,,,,,,,,5,2,1,1.0,6.0
201100020616,0011-08-15 22:30:00,11,8,15,22,30,130,75,"00, JULES ROLLANDIN (BD)",,,Nuit avec éclairage allumé,En agglomération,Hors intersection,Normale,Autre collision,,,,,,,,,,,5,2,1,1.0,6.0
201100020617,0011-01-19 15:00:00,11,1,19,15,0,130,55,BD DE SAINTE MARGUERI,,,Plein jour,En agglomération,Hors intersection,Normale,Deux véhicules - côté,,,,,,,,,,,1,2,1,1.0,3.0
201100020618,0011-08-23 16:45:00,11,8,23,16,45,130,55,"222, AVE DU PRADO",,,Plein jour,En agglomération,Hors intersection,Normale,Trois véhicules et plus - collisions multiples,,,,,,,,,,,1,2,1,1.0,5.0
201100020619,0011-08-04 17:30:00,11,8,4,17,30,130,55,"191, RTE DE LA TREILLE",43.31373,5.51223,Plein jour,En agglomération,Intersection en T,Normale,Deux véhicules - côté,,,,,,,,,,,1,2,3,1.0,3.0
201100020620,0011-08-09 12:20:00,11,8,9,12,20,130,55,"40, BD BERNEX",,,Plein jour,En agglomération,Hors intersection,Normale,Deux véhicules - côté,,,,,,,,,,,1,2,1,1.0,3.0
201100020621,0011-03-26 16:30:00,11,3,26,16,30,130,55,"159, RUE DE ROME",,,Plein jour,En agglomération,Intersection en T,Normale,Deux véhicules - côté,,,,,,,,,,,1,2,3,1.0,3.0
201100020622,0011-08-19 09:15:00,11,8,19,9,15,130,55,"17, MTE COMMANDANT DE RO",,,Plein jour,En agglomération,Hors intersection,Normale,Deux véhicules - arrière,,,,,,,,,,,1,2,1,1.0,2.0
201100020623,0011-08-04 17:30:00,11,8,4,17,30,130,55,AVE DE MAZARGUES,,,Plein jour,En agglomération,Hors intersection,Normale,Deux véhicules - arrière,,,,,,,,,,,1,2,1,1.0,2.0
201100020624,0011-08-17 17:30:00,11,8,17,17,30,130,55,BD BOUYALA D' ARNAUD,,,Plein jour,En agglomération,Hors intersection,Normale,Deux véhicules - arrière,,,,,,,,,,,1,2,1,1.0,2.0
201100020625,0011-08-27 08:20:00,11,8,27,8,20,130,55,"1, RPT LIEUTENANT COLONE",,,Plein jour,En agglomération,Hors intersection,Normale,Deux véhicules - côté,,,,,,,,,,,1,2,1,1.0,3.0
201100020626,0011-08-28 16:20:00,11,8,28,16,20,130,55,RTE DES TROIS LUCS A LA,,,Plein jour,En agglomération,Hors intersection,Normale,Autre collision,,,,,,,,,,,1,2,1,1.0,6.0
201100020627,0011-07-25 13:50:00,11,7,25,13,50,130,55,"00, BD BERNEX",,,Plein jour,En agglomération,Intersection en X,Normale,Deux véhicules - côté,,,,,,,,,,,1,2,2,1.0,3.0
201100020628,0011-02-08 18:00:00,11,2,8,18,0,130,55,"164, BD DE LA BARNIERE",,,Crépuscule ou aube,En agglomération,Giratoire,Normale,Deux véhicules - arrière,,,,,,,,,,,2,2,6,1.0,2.0
201100020629,0011-04-13 12:00:00,11,4,13,12,0,130,55,"166, AVE DE LA CAPELETTE",,,Plein jour,En agglomération,Hors intersection,Normale,Autre collision,,,,,,,,,,,1,2,1,1.0,6.0
201100020630,0011-08-20 13:00:00,11,8,20,13,0,130,55,CR DE LA VALBARELLE A SA,,,Plein jour,En agglomération,Hors intersection,Normale,Deux véhicules - frontale,,,,,,,,,,,1,2,1,1.0,1.0
201100020631,0011-08-13 01:30:00,11,8,13,1,30,130,55,AVE DE BOISBAUDRAN,,,Nuit avec éclairage allumé,En agglomération,Hors intersection,Normale,Deux véhicules - frontale,,,,,,,,,,,5,2,1,1.0,1.0
201100020632,0011-05-18 17:00:00,11,5,18,17,0,130,55,"1, BD CAMILLE BLANC",,,Plein jour,En agglomération,Hors intersection,Normale,Autre collision,,,,,,,,,,,1,2,1,1.0,6.0
201100020633,0011-08-16 23:30:00,11,8,16,23,30,130,55,"x, BD ROLAND DORGELES",,,Nuit avec éclairage allumé,En agglomération,Hors intersection,Normale,Deux véhicules - arrière,,,,,,,,,,,5,2,1,1.0,2.0
201100020634,0011-07-19 11:00:00,11,7,19,11,0,130,55,"376, RPT OLIVES COMTESSE",,,Plein jour,En agglomération,Giratoire,Pluie légère,Deux véhicules - côté,,,,,,,,,,,1,2,6,2.0,3.0
201100020635,0011-08-11 17:20:00,11,8,11,17,20,130,55,"face au 15, PRO GEORGES",,,Plein jour,En agglomération,Hors intersection,Normale,Deux véhicules - arrière,,,,,,,,,,,1,2,1,1.0,2.0
201100020636,0011-09-08 20:20:00,11,9,8,20,20,130,55,"1, AVE PROSPER MERIMEE",,,Nuit avec éclairage allumé,En agglomération,Hors intersection,Normale,Deux véhicules - frontale,,,,,,,,,,,5,2,1,1.0,1.0
201100020637,0011-08-28 08:00:00,11,8,28,8,0,130,55,"1, RTE DES QUATRE SAISON",43.33013,5.4894,Plein jour,En agglomération,Hors intersection,Normale,Trois véhicules et plus - en chaîne,,,,,,,,,,,1,2,1,1.0,4.0
201100020638,0011-07-30 16:00:00,11,7,30,16,0,130,55,"148, PRK PLAGE DE L'ESTA",,,Plein jour,En agglomération,Hors intersection,Normale,Deux véhicules - côté,,,,,,,,,,,1,2,1,1.0,3.0
201100020639,0011-07-25 12:00:00,11,7,25,12,0,130,55,"1, CV DU RUISSEAU MIRABE",,,Plein jour,En agglomération,Hors intersection,Normale,Deux véhicules - arrière,,,,,,,,,,,1,2,1,1.0,2.0
201100020640,0011-09-05 19:10:00,11,9,5,19,10,130,55,"2, AVE DE LA MADRAGUE DE",43.23871,5.36515,Plein jour,En agglomération,Hors intersection,Normale,Deux véhicules - frontale,,,,,,,,,,,1,2,1,1.0,1.0
201100020641,0011-08-09 19:45:00,11,8,9,19,45,130,55,"1, AVE PROSPER MERIMEE",43.32805,5.39743,Plein jour,En agglomération,Intersection en X,Normale,Deux véhicules - côté,,,,,,,,,,,1,2,2,1.0,3.0
201100020642,0011-08-22 18:45:00,11,8,22,18,45,130,55,"54, AVE COROT",,,Plein jour,En agglomération,Hors intersection,Normale,Autre collision,,,,,,,,,,,1,2,1,1.0,6.0
201100020643,0011-08-16 17:20:00,11,8,16,17,20,130,55,"0, BD ANATOLE DE LA FORG",,,Plein jour,En agglomération,Hors intersection,Normale,Autre collision,,,,,,,,,,,1,2,1,1.0,6.0
201100020644,0011-08-27 12:45:00,11,8,27,12,45,130,55,"10, PCE DU MARCHE",,,Plein jour,En agglomération,Place,Normale,Autre collision,,,,,,,,,,,1,2,7,1.0,6.0
201100020645,0011-08-26 14:00:00,11,8,26,14,0,130,55,"81 B, CRS GOUFFE",,,Plein jour,En agglomération,Hors intersection,Normale,Sans collision,,,,,,,,,,,1,2,1,1.0,7.0
201100020646,0011-08-31 13:35:00,11,8,31,13,35,130,55,"129, QAI DE RIVE NEUVE",,,Plein jour,En agglomération,Hors intersection,Normale,Deux véhicules - côté,,,,,,,,,,,1,2,1,1.0,3.0
201100020647,0011-08-30 08:40:00,11,8,30,8,40,130,55,"57, RUE TEISSERE",,,Plein jour,En agglomération,Hors intersection,Normale,Autre collision,,,,,,,,,,,1,2,1,1.0,6.0
201100020648,0011-09-03 21:20:00,11,9,3,21,20,130,55,"15, AVE DU VINGT QUATRE",,,Nuit avec éclairage allumé,En agglomération,Hors intersection,Normale,Deux véhicules - côté,,,,,,,,,,,5,2,1,1.0,3.0
201100020649,0011-08-29 18:50:00,11,8,29,18,50,130,55,"1, RTE D' ALLAUCH",,,Plein jour,En agglomération,Intersection en T,Normale,Deux véhicules - côté,,,,,,,,,,,1,2,3,1.0,3.0
201100020650,0011-06-14 09:30:00,11,6,14,9,30,130,55,"4, PCE ROBESPIERRE",,,Plein jour,En agglomération,Place,Normale,Autre collision,,,,,,,,,,,1,2,7,1.0,6.0
201100020651,0011-08-25 19:00:00,11,8,25,19,0,130,55,AVE DE SAINT MENET,,,Plein jour,En agglomération,Autre intersection,Normale,Trois véhicules et plus - en chaîne,,,,,,,,,,,1,2,9,1.0,4.0
201100020652,0011-08-25 15:30:00,11,8,25,15,30,130,55,"237, AVE DE CHATEAU GOMB",43.34636,5.42615,Plein jour,En agglomération,Intersection en T,Normale,Deux véhicules - côté,,,,,,,,,,,1,2,3,1.0,3.0
201100020653,0011-08-30 07:40:00,11,8,30,7,40,130,55,"2, BD CHARLES NEDELEC",,,Plein jour,Hors agglomération,Intersection en T,Normale,Deux véhicules - côté,,,,,,,,,,,1,1,3,1.0,3.0
201100020654,0011-08-24 11:22:00,11,8,24,11,22,130,55,"19, AVE DE GARLABAN",,,Plein jour,En agglomération,Hors intersection,Normale,Deux véhicules - arrière,,,,,,,,,,,1,2,1,1.0,2.0
201100020655,0011-08-28 20:20:00,11,8,28,20,20,130,55,"129, RUE DE ROME",43.28867,5.38223,Plein jour,En agglomération,Intersection en X,Normale,Deux véhicules - côté,,,,,,,,,,,1,2,2,1.0,3.0
201100020656,0011-08-27 01:00:00,11,8,27,1,0,130,55,AVE DES OLIVES,43.32908,5.43084,Nuit avec éclairage allumé,En agglomération,Intersection en Y,Normale,Deux véhicules - frontale,,,,,,,,,,,5,2,4,1.0,1.0
201100020657,0011-08-17 22:20:00,11,8,17,22,20,130,55,"84, AVE DE FRAIS VALLON",,,Nuit avec éclairage allumé,En agglomération,Hors intersection,Normale,Deux véhicules - côté,,,,,,,,,,,5,2,1,1.0,3.0
201100020658,0011-09-03 17:00:00,11,9,3,17,0,130,55,VSN LIAISON PELLETA GENE,,,Plein jour,En agglomération,Autre intersection,Normale,Deux véhicules - côté,,,,,,,,,,,1,2,9,1.0,3.0
201100020659,0011-09-02 12:40:00,11,9,2,12,40,130,55,"24, BD MIREILLE LAUZE",43.28228,5.40449,Plein jour,En agglomération,Hors intersection,Normale,Autre collision,,,,,,,,,,,1,2,1,1.0,6.0
201100020660,0011-09-12 12:30:00,11,9,12,12,30,130,55,"274, AVE DE SAINT ANTOIN",,,Plein jour,En agglomération,Autre intersection,Normale,Deux véhicules - côté,,,,,,,,,,,1,2,9,1.0,3.0
201100020661,0011-08-19 18:30:00,11,8,19,18,30,130,55,"1, AVE DU MARCHE NATIONA",43.34106,5.37738,Plein jour,En agglomération,Intersection en T,Normale,Deux véhicules - côté,,,,,,,,,,,1,2,3,1.0,3.0
201100020662,0011-09-12 15:55:00,11,9,12,15,55,130,55,"3, CV DES BESSONS",,,Plein jour,En agglomération,Hors intersection,Normale,Deux véhicules - côté,,,,,,,,,,,1,2,1,1.0,3.0
201100020663,0011-09-12 20:50:00,11,9,12,20,50,130,55,"8, RUE DU CAMAS",,,Nuit avec éclairage allumé,En agglomération,Hors intersection,Normale,Autre collision,,,,,,,,,,,5,2,1,1.0,6.0
201100020664,0011-09-13 13:30:00,11,9,13,13,30,130,55,BD DU CABOT,,,Plein jour,En agglomération,Intersection en T,Normale,Deux véhicules - côté,,,,,,,,,,,1,2,3,1.0,3.0
201100020665,0011-07-15 13:00:00,11,7,15,13,0,130,55,"21, BD FRANCOISE DUPARC",,,Plein jour,En agglomération,Hors intersection,Normale,Sans collision,,,,,,,,,,,1,2,1,1.0,7.0
201100020666,0011-08-05 19:45:00,11,8,5,19,45,130,55,"18, RUE COLBERT",,,Plein jour,En agglomération,Intersection en X,Normale,Deux véhicules - côté,,,,,,,,,,,1,2,2,1.0,3.0
201100020667,0011-08-31 12:00:00,11,8,31,12,0,130,55,"173, AVE CLOT BEY",,,Plein jour,En agglomération,Hors intersection,Normale,Deux véhicules - côté,,,,,,,,,,,1,2,1,1.0,3.0
201100020668,0011-09-06 07:55:00,11,9,6,7,55,130,55,"44, AVE RAOUL FOLLEREAU",,,Crépuscule ou aube,En agglomération,Hors intersection,Normale,Autre collision,,,,,,,,,,,2,2,1,1.0,6.0
201100020669,0011-09-09 17:50:00,11,9,9,17,50,130,55,BD PIERRE MENARD,,,Plein jour,En agglomération,Hors intersection,Normale,Trois véhicules et plus - en chaîne,,,,,,,,,,,1,2,1,1.0,4.0
201100020670,0011-09-10 12:00:00,11,9,10,12,0,130,55,"76, BD DE SAINT MARCEL",,,Plein jour,En agglomération,Hors intersection,Normale,Deux véhicules - côté,,,,,,,,,,,1,2,1,1.0,3.0
201100020671,0011-06-30 16:40:00,11,6,30,16,40,130,55,RUE GASTON DE FLOTTE,,,Plein jour,En agglomération,Hors intersection,Normale,Deux véhicules - frontale,,,,,,,,,,,1,2,1,1.0,1.0
201100020672,0011-08-13 11:00:00,11,8,13,11,0,130,55,TRA DE LA MONTRE,,,Plein jour,En agglomération,Hors intersection,Normale,Deux véhicules - frontale,,,,,,,,,,,1,2,1,1.0,1.0
201100020673,0011-07-30 15:30:00,11,7,30,15,30,130,55,"238, AVE DES POILUS",,,Plein jour,En agglomération,Hors intersection,Normale,Deux véhicules - frontale,,,,,,,,,,,1,2,1,1.0,1.0
201100020674,0011-09-08 20:00:00,11,9,8,20,0,130,55,"68, RTE DES CAMOINS",,,Crépuscule ou aube,En agglomération,Hors intersection,Normale,Deux véhicules - côté,,,,,,,,,,,2,2,1,1.0,3.0
201100020675,0011-08-18 10:35:00,11,8,18,10,35,130,55,RPT CH MIMET P DRAMARD,43.37892,5.35775,Plein jour,En agglomération,Hors intersection,Normale,Deux véhicules - arrière,,,,,,,,,,,1,2,1,1.0,2.0
201100020676,0011-05-19 14:30:00,11,5,19,14,30,130,55,AVE DU MARCHE NATIONAL,,,Plein jour,En agglomération,Hors intersection,Normale,Deux véhicules - côté,,,,,,,,,,,1,2,1,1.0,3.0
201100020677,0011-09-14 12:15:00,11,9,14,12,15,130,55,"285, AVE DU PRADO",43.273,5.39111,Plein jour,En agglomération,Hors intersection,Normale,Autre collision,,,,,,,,,,,1,2,1,1.0,6.0
201100020678,0011-09-07 22:10:00,11,9,7,22,10,130,55,"171, AVE DE LUMINY",43.23809,5.43562,Nuit sans éclairage public,En agglomération,Hors intersection,Normale,Sans collision,,,,,,,,,,,3,2,1,1.0,7.0
201100020679,0011-09-06 15:00:00,11,9,6,15,0,130,55,"79, AVE DE LA ROSE",,,Plein jour,En agglomération,Intersection en X,Normale,Deux véhicules - côté,,,,,,,,,,,1,2,2,1.0,3.0
201100020680,0011-08-31 13:50:00,11,8,31,13,50,130,55,"1, AVE JEAN PAUL SARTRE",43.32113,5.4164,Plein jour,En agglomération,Hors intersection,Normale,Deux véhicules - frontale,,,,,,,,,,,1,2,1,1.0,1.0
201100020681,0011-04-02 21:00:00,11,4,2,21,0,130,55,"239, AVE DES OLIVES",,,Nuit avec éclairage allumé,En agglomération,Hors intersection,Normale,Deux véhicules - frontale,,,,,,,,,,,5,2,1,1.0,1.0
201100020682,0011-09-08 21:45:00,11,9,8,21,45,130,55,"6, BD EMY",,,Nuit avec éclairage allumé,En agglomération,Hors intersection,Normale,Autre collision,,,,,,,,,,,5,2,1,1.0,6.0
201100020683,0011-09-08 12:25:00,11,9,8,12,25,130,55,"18, BD CHARLES MORETTI",,,Plein jour,En agglomération,Intersection en X,Normale,Deux véhicules - côté,,,,,,,,,,,1,2,2,1.0,3.0
201100020684,0011-09-14 13:30:00,11,9,14,13,30,130,55,"346, AVE DE MONTOLIVET",,,Plein jour,En agglomération,Hors intersection,Normale,Deux véhicules - côté,,,,,,,,,,,1,2,1,1.0,3.0
201100020685,0011-09-15 16:15:00,11,9,15,16,15,130,55,"26, CHE DE SAINTE MARTHE",43.31858,5.3903,Plein jour,En agglomération,Hors intersection,Normale,Trois véhicules et plus - collisions multiples,,,,,,,,,,,1,2,1,1.0,5.0
201100020686,0011-09-15 15:05:00,11,9,15,15,5,130,55,"197, BD DE PONT DE VIVAU",43.28163,5.42551,Plein jour,En agglomération,Hors intersection,Normale,Autre collision,,,,,,,,,,,1,2,1,1.0,6.0
201100020687,0011-02-18 07:20:00,11,2,18,7,20,130,55,"162, AVE DE LA TIMONE",,,Nuit avec éclairage allumé,En agglomération,Intersection en T,Pluie légère,Deux véhicules - côté,,,,,,,,,,,5,2,3,2.0,3.0
201100020688,0011-09-05 08:00:00,11,9,5,8,0,130,55,CHE DE LA MADRAGUE VILLE,,,Plein jour,En agglomération,Hors intersection,Normale,Autre collision,,,,,,,,,,,1,2,1,1.0,6.0
201100020689,0011-09-06 17:00:00,11,9,6,17,0,130,55,"144, RTE DE LA VALENTINE",,,Plein jour,En agglomération,Hors intersection,Normale,Autre collision,,,,,,,,,,,1,2,1,1.0,6.0
201100020690,0011-08-03 22:00:00,11,8,3,22,0,130,55,"380, AVE DE SAINT ANTOIN",,,Nuit avec éclairage allumé,En agglomération,Hors intersection,Normale,Autre collision,,,,,,,,,,,5,2,1,1.0,6.0
201100020691,0011-09-06 11:30:00,11,9,6,11,30,130,55,"00, RUE VINCENT LEBLANC",,,Plein jour,En agglomération,Hors intersection,Normale,Deux véhicules - arrière,,,,,,,,,,,1,2,1,1.0,2.0
201100020692,0011-08-06 09:20:00,11,8,6,9,20,130,55,AVE DE SAINT JUST,,,Plein jour,En agglomération,Hors intersection,Normale,Deux véhicules - arrière,,,,,,,,,,,1,2,1,1.0,2.0
201100020693,0011-06-24 08:00:00,11,6,24,8,0,130,55,"5, RUE DU DOCTEUR ALBERT",,,Plein jour,En agglomération,Hors intersection,Normale,Autre collision,,,,,,,,,,,1,2,1,1.0,6.0
201100020694,0011-09-10 07:30:00,11,9,10,7,30,130,55,"31, BD ROMAIN ROLLAND",,,Plein jour,En agglomération,Hors intersection,Normale,Autre collision,,,,,,,,,,,1,2,1,1.0,6.0
201100020695,0011-09-16 11:55:00,11,9,16,11,55,130,55,AVE FLORIAN,,,Plein jour,En agglomération,Hors intersection,Normale,Autre collision,,,,,,,,,,,1,2,1,1.0,6.0
201100020696,0011-09-17 19:25:00,11,9,17,19,25,130,55,"27, RPT CHANTERAC LAZARE",,,Plein jour,En agglomération,Hors intersection,Normale,Autre collision,,,,,,,,,,,1,2,1,1.0,6.0
201100020697,0011-09-02 21:20:00,11,9,2,21,20,130,55,"132, BD DE PARIS",,,Nuit avec éclairage allumé,En agglomération,Intersection en X,Normale,Deux véhicules - côté,,,,,,,,,,,5,2,2,1.0,3.0
201100020698,0011-09-08 15:50:00,11,9,8,15,50,130,55,"83, BD DE PLOMBIERES",43.31646,5.38306,Plein jour,En agglomération,Hors intersection,Normale,Deux véhicules - côté,,,,,,,,,,,1,2,1,1.0,3.0
201100020699,0011-07-18 15:00:00,11,7,18,15,0,130,55,"00, RUE SAINT SEBASTIEN",,,Plein jour,En agglomération,Hors intersection,Normale,Autre collision,,,,,,,,,,,1,2,1,1.0,6.0
201100020700,0011-09-10 18:45:00,11,9,10,18,45,130,55,CHE DU LITTORAL,,,Plein jour,En agglomération,Intersection en T,Normale,Deux véhicules - côté,,,,,,,,,,,1,2,3,1.0,3.0
201100020701,0011-09-09 02:32:00,11,9,9,2,32,130,55,BD JEAN MOULIN,,,Nuit avec éclairage allumé,En agglomération,Hors intersection,Normale,Sans collision,,,,,,,,,,,5,2,1,1.0,7.0
201100020702,0011-09-15 18:15:00,11,9,15,18,15,130,55,QAI DE LA JOLIETTE,43.30412,5.36516,Plein jour,En agglomération,Hors intersection,Normale,Sans collision,,,,,,,,,,,1,2,1,1.0,7.0
201100020703,0011-09-09 08:45:00,11,9,9,8,45,130,55,"182, BD DE LA VALBARELLE",,,Plein jour,En agglomération,Hors intersection,Normale,Deux véhicules - côté,,,,,,,,,,,1,2,1,1.0,3.0
201100020704,0011-08-27 11:40:00,11,8,27,11,40,130,55,PIERRE CHEVALIER (RUE),,,Plein jour,En agglomération,Hors intersection,Normale,Trois véhicules et plus - collisions multiples,,,,,,,,,,,1,2,1,1.0,5.0
201100020705,0011-04-30 20:30:00,11,4,30,20,30,130,55,"1, POR DE LA CASTELLANE",,,Nuit avec éclairage allumé,En agglomération,Hors intersection,Normale,Deux véhicules - arrière,,,,,,,,,,,5,2,1,1.0,2.0
201100020706,0011-08-31 11:20:00,11,8,31,11,20,130,55,"14, BD GUSTAVE GANAY",43.26577,5.39965,Plein jour,En agglomération,Hors intersection,Normale,Deux véhicules - côté,,,,,,,,,,,1,2,1,1.0,3.0
201100020707,0011-09-13 16:00:00,11,9,13,16,0,130,55,"116, BD DE LA BARASSE RN",43.28528,5.48218,Plein jour,En agglomération,Hors intersection,Normale,Autre collision,,,,,,,,,,,1,2,1,1.0,6.0
201100020708,0011-09-14 16:40:00,11,9,14,16,40,130,55,"239, AVE DES OLIVES",,,Plein jour,En agglomération,Hors intersection,Normale,Trois véhicules et plus - en chaîne,,,,,,,,,,,1,2,1,1.0,4.0
201100020709,0011-09-08 17:00:00,11,9,8,17,0,130,55,"72, BD DE LA BLANCARDE",,,Plein jour,En agglomération,Hors intersection,Normale,Deux véhicules - arrière,,,,,,,,,,,1,2,1,1.0,2.0
201100020710,0011-08-11 19:10:00,11,8,11,19,10,130,55,"47 ter, RUE SAUVEUR TOBE",,,Crépuscule ou aube,En agglomération,Intersection en X,Normale,Deux véhicules - côté,,,,,,,,,,,2,2,2,1.0,3.0
201100020711,0011-09-16 18:20:00,11,9,16,18,20,130,55,"44, RUE EMILE DUCLAUX",,,Plein jour,En agglomération,Hors intersection,Normale,Sans collision,,,,,,,,,,,1,2,1,1.0,7.0
201100020712,0011-09-11 10:50:00,11,9,11,10,50,130,55,BD DU CAPITAINE GEZE,,,Plein jour,En agglomération,Intersection en X,Normale,Deux véhicules - côté,,,,,,,,,,,1,2,2,1.0,3.0
201100020713,0011-09-10 12:00:00,11,9,10,12,0,130,55,"32, RUE DE LA LOGE",43.29611,5.36685,Plein jour,En agglomération,Hors intersection,Temps éblouissant,Autre collision,,,,,,,,,,,1,2,1,7.0,6.0
201100020714,0011-09-09 16:30:00,11,9,9,16,30,130,55,"FACE 42, AVE DE SAINT JU",,,Plein jour,En agglomération,Hors intersection,Normale,Deux véhicules - côté,,,,,,,,,,,1,2,1,1.0,3.0
201100020715,0011-09-16 20:00:00,11,9,16,20,0,130,55,RUE SAINT SAENS,,,Nuit avec éclairage allumé,En agglomération,Hors intersection,Normale,Autre collision,,,,,,,,,,,5,2,1,1.0,6.0
201100020716,0011-08-12 18:00:00,11,8,12,18,0,130,55,"67, AVE DE SAINT ANTOINE",,,Plein jour,Hors agglomération,Hors intersection,Normale,Deux véhicules - côté,,,,,,,,,,,1,1,1,1.0,3.0
201100020717,0011-08-11 20:15:00,11,8,11,20,15,130,55,"1, CHE DE SAINTE MARTHE",,,Plein jour,En agglomération,Hors intersection,Normale,Autre collision,,,,,,,,,,,1,2,1,1.0,6.0
201100020718,0011-09-16 12:20:00,11,9,16,12,20,130,55,"215, CHE DE GIBBES",,,Plein jour,En agglomération,Hors intersection,Normale,Autre collision,,,,,,,,,,,1,2,1,1.0,6.0
201100020719,0011-09-16 15:00:00,11,9,16,15,0,130,55,"135, RUE DE LYON",,,Plein jour,En agglomération,Intersection en X,Normale,Deux véhicules - côté,,,,,,,,,,,1,2,2,1.0,3.0
201100020720,0011-09-01 07:20:00,11,9,1,7,20,130,55,"140, CHE DE LA COLLINE S",,,Plein jour,En agglomération,Hors intersection,Normale,Sans collision,,,,,,,,,,,1,2,1,1.0,7.0
201100020721,0011-09-08 11:00:00,11,9,8,11,0,130,55,"472, CHE DU LITTORAL",,,Plein jour,En agglomération,Hors intersection,Normale,Deux véhicules - côté,,,,,,,,,,,1,2,1,1.0,3.0
201100020722,0011-03-24 18:00:00,11,3,24,18,0,130,55,"00, AVE COROT",,,Plein jour,Hors agglomération,Intersection en T,Normale,Autre collision,,,,,,,,,,,1,1,3,1.0,6.0
201100020723,0011-09-08 03:00:00,11,9,8,3,0,130,55,"00, RUE DE ROME",43.2912,5.38075,Nuit avec éclairage allumé,En agglomération,Intersection en X,Normale,Deux véhicules - côté,,,,,,,,,,,5,2,2,1.0,3.0
201100020724,0011-08-26 20:00:00,11,8,26,20,0,130,55,"13, AVE FERNANDEL",,,Plein jour,En agglomération,Hors intersection,Normale,Deux véhicules - arrière,,,,,,,,,,,1,2,1,1.0,2.0
201100020725,0011-04-25 11:55:00,11,4,25,11,55,130,55,BD NATIONAL,,,Plein jour,En agglomération,Intersection en X,Normale,Deux véhicules - côté,,,,,,,,,,,1,2,2,1.0,3.0
201100020726,0011-08-18 22:00:00,11,8,18,22,0,130,55,AVE ARNAVON,,,Nuit avec éclairage allumé,En agglomération,Giratoire,Normale,Deux véhicules - arrière,,,,,,,,,,,5,2,6,1.0,2.0
201100020727,0011-09-16 12:00:00,11,9,16,12,0,130,55,"02 A, AVE DE VALDONNE",,,Plein jour,En agglomération,Hors intersection,Normale,Deux véhicules - côté,,,,,,,,,,,1,2,1,1.0,3.0
201100020728,0011-09-12 07:40:00,11,9,12,7,40,130,55,"00, QAI DE RIVE NEUVE",,,Plein jour,En agglomération,Hors intersection,Normale,Autre collision,,,,,,,,,,,1,2,1,1.0,6.0
201100020729,0011-09-13 21:20:00,11,9,13,21,20,130,75,"12, GENERAL LECLERC (AVE",,,Crépuscule ou aube,En agglomération,Intersection en T,Normale,Deux véhicules - côté,,,,,,,,,,,2,2,3,1.0,3.0
201100020730,0011-08-10 16:30:00,11,8,10,16,30,130,55,"6, BD DU CAPITAINE GEZE",,,Plein jour,Hors agglomération,Hors intersection,Normale,Trois véhicules et plus - collisions multiples,,,,,,,,,,,1,1,1,1.0,5.0
201100020731,0011-08-24 07:15:00,11,8,24,7,15,130,55,"00, BD DE PLOMBIERES AER",,,Plein jour,En agglomération,Hors intersection,Normale,Deux véhicules - arrière,,,,,,,,,,,1,2,1,1.0,2.0
201100020732,0011-08-26 21:00:00,11,8,26,21,0,130,55,"00, BD SAKAKINI",,,Plein jour,En agglomération,Hors intersection,Normale,Autre collision,,,,,,,,,,,1,2,1,1.0,6.0
201100020733,0011-09-22 13:25:00,11,9,22,13,25,130,55,"35, RUE DE LYON",,,Plein jour,En agglomération,Hors intersection,Normale,Autre collision,,,,,,,,,,,1,2,1,1.0,6.0
201100020734,0011-09-22 23:30:00,11,9,22,23,30,130,55,"320, AVE DES POILUS",43.31502,5.46193,Nuit avec éclairage non allumé,En agglomération,Hors intersection,Normale,Sans collision,,,,,,,,,,,4,2,1,1.0,7.0
201100020735,0011-04-02 11:50:00,11,4,2,11,50,130,55,"82, AVE JEAN LOMBARD",,,Plein jour,En agglomération,Hors intersection,Normale,Autre collision,,,,,,,,,,,1,2,1,1.0,6.0
201100020736,0011-09-20 22:20:00,11,9,20,22,20,130,55,"72, BD NATIONAL",,,Nuit avec éclairage allumé,En agglomération,Intersection en X,Normale,Deux véhicules - côté,,,,,,,,,,,5,2,2,1.0,3.0
201100020737,0011-09-14 15:50:00,11,9,14,15,50,130,55,"172, AVE DU VINGT QUATRE",43.30831,5.43602,Plein jour,En agglomération,Hors intersection,Normale,Deux véhicules - arrière,,,,,,,,,,,1,2,1,1.0,2.0
201100020738,0011-09-09 11:30:00,11,9,9,11,30,130,55,"17, RUE GEORGE",,,Plein jour,En agglomération,Hors intersection,Normale,Autre collision,,,,,,,,,,,1,2,1,1.0,6.0
201100020739,0011-08-08 15:00:00,11,8,8,15,0,130,55,"19, RUE BRETEUIL",,,Plein jour,En agglomération,Intersection en X,Normale,Deux véhicules - côté,,,,,,,,,,,1,2,2,1.0,3.0