accident_id,datetime,annee,mois,jour,heure,minute,departement,commune_insee,adresse,latitude,longitude,luminosite,agglomeration,intersection,meteo,collision,nb_vehicules,nb_usagers,nb_indemnes,nb_tues,nb_blesses_hosp,nb_blesses_legers,age_cond_1,age_cond_2,veh_type_cond_1,veh_type_cond_2,lum_code,agg_code,int_code,atm_code,col_code
201100021246,0011-11-15 19:30:00,11,11,15,19,30,130,55,"11, BD D ATHENES",43.29919,5.38077,Nuit avec éclairage allumé,En agglomération,Hors intersection,Normale,Autre collision,,,,,,,,,,,5,2,1,1.0,6.0
201100021247,0011-11-11 20:00:00,11,11,11,20,0,130,55,RUE MELCHION,43.28814,5.38914,Nuit avec éclairage allumé,En agglomération,Intersection en T,Normale,Deux véhicules - côté,,,,,,,,,,,5,2,3,1.0,3.0
201100021248,0011-11-17 13:45:00,11,11,17,13,45,130,55,"22, AVE DAVID DELLEPIANE",,,Plein jour,En agglomération,Hors intersection,Normale,Deux véhicules - arrière,,,,,,,,,,,1,2,1,1.0,2.0
201100021249,0011-12-05 13:40:00,11,12,5,13,40,130,55,"90, AVE DE LA CAPELETTE",43.28154,5.40474,Plein jour,En agglomération,Hors intersection,Normale,Deux véhicules - côté,,,,,,,,,,,1,2,1,1.0,3.0
201100021250,0011-11-29 17:25:00,11,11,29,17,25,130,55,"46, AVE CLOT BEY",,,Nuit avec éclairage allumé,En agglomération,Hors intersection,Normale,Deux véhicules - frontale,,,,,,,,,,,5,2,1,1.0,1.0
201100021251,0011-12-02 13:00:00,11,12,2,13,0,130,55,"2, RUE LOUBON",43.31136,5.37824,Plein jour,En agglomération,Hors intersection,Temps couvert,Autre collision,,,,,,,,,,,1,2,1,8.0,6.0
201100021252,0011-11-06 17:30:00,11,11,6,17,30,130,55,"130, CHE DE LA MADRAGUE",43.32636,5.36099,Nuit avec éclairage allumé,En agglomération,Hors intersection,Pluie légère,Autre collision,,,,,,,,,,,5,2,1,2.0,6.0
201100021253,0011-10-21 12:30:00,11,10,21,12,30,130,55,"12, RUE EMILE DUCLAUX",,,Plein jour,En agglomération,Intersection en X,Normale,Deux véhicules - côté,,,,,,,,,,,1,2,2,1.0,3.0
201100021254,0011-10-26 15:00:00,11,10,26,15,0,130,55,"1, AVE ALEXANDRE FLEMING",,,Plein jour,En agglomération,Hors intersection,Normale,Trois véhicules et plus - en chaîne,,,,,,,,,,,1,2,1,1.0,4.0
201100021255,0011-11-02 13:40:00,11,11,2,13,40,130,55,"253, RUE SAINT PIERRE",,,Plein jour,Hors agglomération,Hors intersection,Normale,Deux véhicules - côté,,,,,,,,,,,1,1,1,1.0,3.0
201100021256,0011-11-28 12:40:00,11,11,28,12,40,130,55,"5, RUE DU DOCTEUR SIMONE",,,Plein jour,En agglomération,Hors intersection,Normale,Autre collision,,,,,,,,,,,1,2,1,1.0,6.0
201100021257,0011-11-26 00:20:00,11,11,26,0,20,130,55,"327, RUE DE LYON",,,Nuit avec éclairage allumé,En agglomération,Hors intersection,Normale,Autre collision,,,,,,,,,,,5,2,1,1.0,6.0
201100021258,0011-11-25 20:15:00,11,11,25,20,15,130,55,"33, AVE ELLEON",43.28376,5.44283,Nuit avec éclairage allumé,En agglomération,Hors intersection,Normale,Autre collision,,,,,,,,,,,5,2,1,1.0,6.0
201100021259,0011-10-04 21:40:00,11,10,4,21,40,130,55,"158, RUE DU ROUET",,,Nuit avec éclairage allumé,En agglomération,Hors intersection,Normale,Autre collision,,,,,,,,,,,5,2,1,1.0,6.0
201100021260,0011-11-30 15:05:00,11,11,30,15,5,130,55,"210, AVE DU PRADO",,,Plein jour,Hors agglomération,Hors intersection,Normale,Deux véhicules - côté,,,,,,,,,,,1,1,1,1.0,3.0
201100021261,0011-12-01 08:15:00,11,12,1,8,15,130,55,"1, AVE RAIMU",43.33204,5.39863,Plein jour,En agglomération,Autre intersection,Normale,Deux véhicules - côté,,,,,,,,,,,1,2,9,1.0,3.0
201100021262,0011-12-06 20:40:00,11,12,6,20,40,130,55,"10, BD D ATHENES",,,Nuit avec éclairage allumé,En agglomération,Intersection en X,Normale,Deux véhicules - côté,,,,,,,,,,,5,2,2,1.0,3.0
201100021263,0011-12-08 14:50:00,11,12,8,14,50,130,55,"42, CHE DU LITTORAL",43.33252,5.35469,Plein jour,En agglomération,Hors intersection,Normale,Autre collision,,,,,,,,,,,1,2,1,1.0,6.0
201100021264,0011-11-28 07:10:00,11,11,28,7,10,130,106,"40, BEDOULE (CHEMIN DE L",,,Crépuscule ou aube,En agglomération,Hors intersection,Normale,Deux véhicules - côté,,,,,,,,,,,2,2,1,1.0,3.0
201100021265,0011-10-27 17:00:00,11,10,27,17,0,130,55,"56, AVE DE SAINT ANTOINE",,,Crépuscule ou aube,En agglomération,Hors intersection,Normale,Autre collision,,,,,,,,,,,2,2,1,1.0,6.0
201100021266,0011-12-06 19:35:00,11,12,6,19,35,130,55,"99, RUE ALBERT MARQUET",43.33193,5.4129,Nuit avec éclairage allumé,En agglomération,Hors intersection,Normale,Deux véhicules - frontale,,,,,,,,,,,5,2,1,1.0,1.0
201100021267,0011-09-16 18:45:00,11,9,16,18,45,130,55,AVE ALEXANDRE FLEMING,,,Crépuscule ou aube,En agglomération,Hors intersection,Normale,Deux véhicules - arrière,,,,,,,,,,,2,2,1,1.0,2.0
201100021268,0011-11-30 09:30:00,11,11,30,9,30,130,55,"80, AVE ALEXANDRE ANSALD",43.33096,5.40603,Plein jour,En agglomération,Hors intersection,Normale,Autre collision,,,,,,,,,,,1,2,1,1.0,6.0
201100021269,0011-12-07 23:30:00,11,12,7,23,30,130,55,"151, BD MICHELET",43.26524,5.3957,Nuit avec éclairage allumé,En agglomération,Intersection en X,Normale,Deux véhicules - côté,,,,,,,,,,,5,2,2,1.0,3.0
201100021270,0011-11-27 20:00:00,11,11,27,20,0,130,55,"57, AVE DE SAINT BARNABE",,,Nuit avec éclairage allumé,En agglomération,Intersection en T,Normale,Deux véhicules - côté,,,,,,,,,,,5,2,3,1.0,3.0
201100021271,0011-11-30 23:30:00,11,11,30,23,30,130,55,"01, VOI LA CANEBIERE",,,Nuit avec éclairage allumé,En agglomération,Hors intersection,Normale,Autre collision,,,,,,,,,,,5,2,1,1.0,6.0
201100021272,0011-12-01 23:50:00,11,12,1,23,50,130,55,"92, RUE GRIGNAN",43.29126,5.37329,Nuit avec éclairage allumé,En agglomération,Intersection en X,Normale,Deux véhicules - côté,,,,,,,,,,,5,2,2,1.0,3.0
201100021273,0011-11-26 12:55:00,11,11,26,12,55,130,55,"00, RUE SAINT PIERRE",,,Plein jour,En agglomération,Hors intersection,Normale,Autre collision,,,,,,,,,,,1,2,1,1.0,6.0
201100021274,0011-11-25 17:30:00,11,11,25,17,30,130,55,"00, VOL PASSERELLE PLOMB",,,Plein jour,En agglomération,Hors intersection,Normale,Autre collision,,,,,,,,,,,1,2,1,1.0,6.0
201100021275,0011-12-02 14:50:00,11,12,2,14,50,130,55,RUE DE ROME,,,Plein jour,En agglomération,Hors intersection,Pluie légère,Autre collision,,,,,,,,,,,1,2,1,2.0,6.0
201100021276,0011-11-29 15:00:00,11,11,29,15,0,130,55,"1, RPT M.LAUZE/FLORIAN D",,,Plein jour,En agglomération,Giratoire,Normale,Deux véhicules - arrière,,,,,,,,,,,1,2,6,1.0,2.0
201100021277,0011-12-07 00:01:00,11,12,7,0,1,130,55,"60, BD DE LA LIBERATION",,,Nuit avec éclairage allumé,En agglomération,Intersection en T,Normale,Deux véhicules - côté,,,,,,,,,,,5,2,3,1.0,3.0
201100021278,0011-11-25 16:55:00,11,11,25,16,55,130,55,"355, RUE PARADIS",,,Crépuscule ou aube,En agglomération,Hors intersection,Normale,Autre collision,,,,,,,,,,,2,2,1,1.0,6.0
201100021279,0011-11-29 06:30:00,11,11,29,6,30,130,55,"00, AVE DES OLIVES",,,Nuit avec éclairage allumé,En agglomération,Hors intersection,Normale,Deux véhicules - arrière,,,,,,,,,,,5,2,1,1.0,2.0
201100021280,0011-12-02 14:15:00,11,12,2,14,15,130,55,"10, RUE FORT NOTRE DAME",,,Plein jour,En agglomération,Hors intersection,Normale,Sans collision,,,,,,,,,,,1,2,1,1.0,7.0
201100021281,0011-11-25 13:45:00,11,11,25,13,45,130,55,"309, BD DE SAINT MARCEL",,,Plein jour,En agglomération,Hors intersection,Normale,Deux véhicules - côté,,,,,,,,,,,1,2,1,1.0,3.0
201100021282,0011-11-04 08:10:00,11,11,4,8,10,130,55,"43, AVE AVIATEUR POLI",43.26094,5.39035,Plein jour,En agglomération,Hors intersection,Pluie légère,Sans collision,,,,,,,,,,,1,2,1,2.0,7.0
201100021283,0011-11-30 22:30:00,11,11,30,22,30,130,55,"39, BD SCHLOESING",,,Nuit avec éclairage allumé,En agglomération,Hors intersection,Normale,Deux véhicules - côté,,,,,,,,,,,5,2,1,1.0,3.0
201100021284,0011-11-27 12:00:00,11,11,27,12,0,130,55,"12, RUE CHARLES KADDOUZ",,,Plein jour,En agglomération,Hors intersection,Normale,Sans collision,,,,,,,,,,,1,2,1,1.0,7.0
201100021285,0011-11-26 16:30:00,11,11,26,16,30,130,55,"6, RUE SAINT SAENS",,,Plein jour,En agglomération,Hors intersection,Normale,Autre collision,,,,,,,,,,,1,2,1,1.0,6.0
201100021286,0011-11-22 07:50:00,11,11,22,7,50,130,55,"112, RUE CHARLES KADDOUZ",,,Plein jour,En agglomération,Intersection en T,Normale,Deux véhicules - côté,,,,,,,,,,,1,2,3,1.0,3.0
201100021287,0011-12-01 20:00:00,11,12,1,20,0,130,55,"55, BD SAKAKINI",43.2966,5.40029,Nuit avec éclairage allumé,En agglomération,Hors intersection,Normale,Autre collision,,,,,,,,,,,5,2,1,1.0,6.0
201100021288,0011-11-26 17:45:00,11,11,26,17,45,130,55,"167, RUE PARADIS",,,Crépuscule ou aube,En agglomération,Hors intersection,Normale,Deux véhicules - côté,,,,,,,,,,,2,2,1,1.0,3.0
201100021289,0011-12-03 09:00:00,11,12,3,9,0,130,55,"54, TRA DE CHANTE PERDRI",43.27562,5.43302,Plein jour,En agglomération,Hors intersection,Normale,Autre collision,,,,,,,,,,,1,2,1,1.0,6.0
201100021290,0011-10-21 15:08:00,11,10,21,15,8,130,55,"13, AVE LOUIS MALOSSE",,,Plein jour,En agglomération,Hors intersection,Normale,Autre collision,,,,,,,,,,,1,2,1,1.0,6.0
201100021291,0011-11-26 14:45:00,11,11,26,14,45,130,55,"50, BD DE SAINT MARCEL",43.28872,5.45837,Plein jour,En agglomération,Intersection en T,Normale,Deux véhicules - côté,,,,,,,,,,,1,2,3,1.0,3.0
201100021292,0011-11-24 18:40:00,11,11,24,18,40,130,55,VSN VALBARELLE CR SAINT,,,Nuit avec éclairage allumé,En agglomération,Hors intersection,Normale,Autre collision,,,,,,,,,,,5,2,1,1.0,6.0
201100021293,0011-12-12 16:08:00,11,12,12,16,8,130,55,AVE WILLIAM BOOTH,43.29342,5.43982,Plein jour,En agglomération,Intersection en T,Normale,Autre collision,,,,,,,,,,,1,2,3,1.0,6.0
201100021294,0011-12-11 07:10:00,11,12,11,7,10,130,55,AVE ALEXANDRE FLEMING,,,Nuit avec éclairage allumé,En agglomération,Hors intersection,Normale,Deux véhicules - côté,,,,,,,,,,,5,2,1,1.0,3.0
201100021295,0011-12-08 11:30:00,11,12,8,11,30,130,55,"2, RUE DU PETIT SAINT JE",,,Plein jour,En agglomération,Hors intersection,Normale,Sans collision,,,,,,,,,,,1,2,1,1.0,7.0
201100021296,0011-11-27 16:00:00,11,11,27,16,0,130,55,"145, BD DU MARECHAL JUIN",43.3083,5.40224,Plein jour,En agglomération,Hors intersection,Normale,Trois véhicules et plus - en chaîne,,,,,,,,,,,1,2,1,1.0,4.0
201100021297,0011-11-10 10:45:00,11,11,10,10,45,130,55,"22, BD CAMILLE FLAMMARIO",,,Plein jour,En agglomération,Hors intersection,Normale,Deux véhicules - côté,,,,,,,,,,,1,2,1,1.0,3.0
201100021298,0011-10-20 16:00:00,11,10,20,16,0,130,55,"4, BD SAKAKINI",,,Plein jour,En agglomération,Hors intersection,Normale,Trois véhicules et plus - en chaîne,,,,,,,,,,,1,2,1,1.0,4.0
201100021299,0011-09-13 14:30:00,11,9,13,14,30,130,55,BD FERDINAND DE LESSEPS,,,Plein jour,En agglomération,Hors intersection,Normale,Deux véhicules - côté,,,,,,,,,,,1,2,1,1.0,3.0
201100021300,0011-11-28 07:00:00,11,11,28,7,0,130,106,"81, 8 MAI 1945 (AVENUE D",,,Crépuscule ou aube,En agglomération,Autre intersection,Normale,Autre collision,,,,,,,,,,,2,2,9,1.0,6.0
201100021301,0011-11-30 17:45:00,11,11,30,17,45,130,55,BD RABATAU,,,Nuit avec éclairage allumé,En agglomération,Hors intersection,Normale,Deux véhicules - arrière,,,,,,,,,,,5,2,1,1.0,2.0
201100021302,0011-07-22 11:50:00,11,7,22,11,50,130,55,"35, AVE DE LA FOURRAGERE",,,Plein jour,En agglomération,Hors intersection,Normale,Deux véhicules - côté,,,,,,,,,,,1,2,1,1.0,3.0
201100021303,0011-11-30 15:20:00,11,11,30,15,20,130,55,BD DE L' HUVEAUNE,,,Plein jour,En agglomération,Hors intersection,Normale,Autre collision,,,,,,,,,,,1,2,1,1.0,6.0
201100021304,0011-11-26 20:00:00,11,11,26,20,0,130,55,"58, CRS PIERRE PUGET",,,Nuit avec éclairage allumé,En agglomération,Intersection en X,Normale,Deux véhicules - côté,,,,,,,,,,,5,2,2,1.0,3.0
201100021305,0011-12-01 18:55:00,11,12,1,18,55,130,55,"439, RUE DE LYON",43.34246,5.35974,Nuit avec éclairage allumé,En agglomération,Intersection en X,Normale,Deux véhicules - côté,,,,,,,,,,,5,2,2,1.0,3.0
201100021306,0011-11-25 09:33:00,11,11,25,9,33,130,55,"119, RUE DE ROME",,,Plein jour,En agglomération,Hors intersection,Normale,Deux véhicules - côté,,,,,,,,,,,1,2,1,1.0,3.0
201100021307,0011-12-03 17:30:00,11,12,3,17,30,130,55,AVE ALEXANDRE FLEMING,,,Nuit avec éclairage allumé,En agglomération,Hors intersection,Normale,Trois véhicules et plus - en chaîne,,,,,,,,,,,5,2,1,1.0,4.0
201100021308,0011-12-02 14:30:00,11,12,2,14,30,130,55,"167, AVE DE MAZARGUES",43.26515,5.39079,Plein jour,En agglomération,Hors intersection,Pluie légère,Autre collision,,,,,,,,,,,1,2,1,2.0,6.0
201100021309,0011-12-14 08:10:00,11,12,14,8,10,130,55,"71, AVE DE FRAIS VALLON",43.32554,5.43051,Plein jour,En agglomération,Intersection en T,Normale,Deux véhicules - frontale,,,,,,,,,,,1,2,3,1.0,1.0
201100021310,0011-11-28 19:30:00,11,11,28,19,30,130,55,"88, AVE DE LA ROSE",,,Nuit avec éclairage allumé,En agglomération,Intersection en X,Normale,Deux véhicules - côté,,,,,,,,,,,5,2,2,1.0,3.0
201100021311,0011-12-06 10:00:00,11,12,6,10,0,130,55,"18, CHE DE PALAMA",43.35306,5.43804,Plein jour,En agglomération,Intersection en X,Normale,Deux véhicules - frontale,,,,,,,,,,,1,2,2,1.0,1.0
201100021312,0011-11-17 20:30:00,11,11,17,20,30,130,55,"61, AVE DES FELIBRES",,,Nuit avec éclairage allumé,En agglomération,Intersection en T,Normale,Deux véhicules - côté,,,,,,,,,,,5,2,3,1.0,3.0
201100021313,0011-12-08 22:50:00,11,12,8,22,50,130,55,"2, IMP MELCHION",,,Nuit avec éclairage allumé,En agglomération,Intersection en X,Normale,Autre collision,,,,,,,,,,,5,2,2,1.0,6.0
201100021314,0011-11-18 16:00:00,11,11,18,16,0,130,55,"1, BD DE LA LIBERATION G",43.29919,5.38573,Plein jour,En agglomération,Hors intersection,Normale,Deux véhicules - arrière,,,,,,,,,,,1,2,1,1.0,2.0
201100021315,0011-12-14 11:30:00,11,12,14,11,30,130,55,"69, BD FIFI TURIN",,,Plein jour,En agglomération,Hors intersection,Normale,Autre collision,,,,,,,,,,,1,2,1,1.0,6.0
201100021316,0011-12-15 02:30:00,11,12,15,2,30,130,55,BD DE PLOMBIERES,43.31711,5.38179,Nuit avec éclairage allumé,En agglomération,Hors intersection,Normale,Sans collision,,,,,,,,,,,5,2,1,1.0,7.0
201100021317,0011-12-06 18:10:00,11,12,6,18,10,130,55,"96, AVE DU MERLAN",43.34089,5.40741,Nuit avec éclairage allumé,En agglomération,Hors intersection,Normale,Autre collision,,,,,,,,,,,5,2,1,1.0,6.0
201100021318,0011-11-14 08:30:00,11,11,14,8,30,130,55,"430, CHE DE LA MADRAGUE",,,Plein jour,En agglomération,Hors intersection,Normale,Autre collision,,,,,,,,,,,1,2,1,1.0,6.0
201100021319,0011-11-20 10:00:00,11,11,20,10,0,130,55,"79, RUE DE CRIMEE",,,Plein jour,En agglomération,Hors intersection,Normale,Deux véhicules - côté,,,,,,,,,,,1,2,1,1.0,3.0
201100021320,0011-12-15 21:45:00,11,12,15,21,45,130,55,"154, BD DE LA VALBARELLE",,,Nuit avec éclairage allumé,En agglomération,Hors intersection,Normale,Autre collision,,,,,,,,,,,5,2,1,1.0,6.0
201100021321,0011-11-19 17:00:00,11,11,19,17,0,130,55,"472, CHE DU LITTORAL",,,Plein jour,En agglomération,Hors intersection,Normale,Autre collision,,,,,,,,,,,1,2,1,1.0,6.0
201100021322,0011-11-22 13:30:00,11,11,22,13,30,130,55,"223, AVE ROGER SALENGRO",,,Plein jour,En agglomération,Hors intersection,Normale,Deux véhicules - côté,,,,,,,,,,,1,2,1,1.0,3.0
201100021323,0011-12-07 13:55:00,11,12,7,13,55,130,55,"6, BD DE BRIANCON",43.31689,5.36952,Plein jour,En agglomération,Hors intersection,Normale,Deux véhicules - côté,,,,,,,,,,,1,2,1,1.0,3.0
201100021324,0011-11-24 11:15:00,11,11,24,11,15,130,55,BD FERDINAND DE LESSEPS,,,Plein jour,En agglomération,Hors intersection,Normale,Deux véhicules - arrière,,,,,,,,,,,1,2,1,1.0,2.0
201100021325,0011-11-27 03:05:00,11,11,27,3,5,130,55,"2, BD DE DUNKERQUE",,,Nuit avec éclairage allumé,En agglomération,Hors intersection,Normale,Sans collision,,,,,,,,,,,5,2,1,1.0,7.0
201100021326,0011-11-22 17:30:00,11,11,22,17,30,130,55,"336, AVE DE MAZARGUES",,,Nuit avec éclairage allumé,En agglomération,Hors intersection,Normale,Autre collision,,,,,,,,,,,5,2,1,1.0,6.0
201100021327,0011-10-13 10:20:00,11,10,13,10,20,130,55,PCE LOUIS BONNEFON,,,Plein jour,En agglomération,Giratoire,Normale,Deux véhicules - côté,,,,,,,,,,,1,2,6,1.0,3.0
201100021328,0011-10-19 07:45:00,11,10,19,7,45,130,55,"194, AVE DE MAZARGUES",,,Plein jour,En agglomération,Hors intersection,Normale,Autre collision,,,,,,,,,,,1,2,1,1.0,6.0
201100021329,0011-09-28 09:00:00,11,9,28,9,0,130,55,"485, AVE DU PRADO",,,Plein jour,En agglomération,Hors intersection,Normale,Deux véhicules - côté,,,,,,,,,,,1,2,1,1.0,3.0
201100021330,0011-11-28 13:30:00,11,11,28,13,30,130,55,"81, AVE WILLIAM BOOTH",,,Plein jour,En agglomération,Hors intersection,Normale,Autre collision,,,,,,,,,,,1,2,1,1.0,6.0
201100021331,0011-12-18 18:00:00,11,12,18,18,0,130,55,"33, AVE DES CHUTES LAVIE",43.31473,5.39759,Nuit avec éclairage allumé,En agglomération,Hors intersection,Normale,Autre collision,,,,,,,,,,,5,2,1,1.0,6.0
201100021332,0011-12-19 15:30:00,11,12,19,15,30,130,55,"111, BD DE SAINT MARCEL",43.28853,5.4624,Plein jour,En agglomération,Hors intersection,Normale,Trois véhicules et plus - collisions multiples,,,,,,,,,,,1,2,1,1.0,5.0
201100021333,0011-12-18 15:35:00,11,12,18,15,35,130,55,"204, RTE LEON LACHAMP",43.24835,5.45397,Plein jour,En agglomération,Hors intersection,Normale,Deux véhicules - frontale,,,,,,,,,,,1,2,1,1.0,1.0
201100021334,0011-12-19 12:30:00,11,12,19,12,30,130,55,"20, RUE MADON",43.294,5.39982,Plein jour,En agglomération,Intersection en X,Normale,Autre collision,,,,,,,,,,,1,2,2,1.0,6.0
201100021335,0011-12-20 06:20:00,11,12,20,6,20,130,55,"114, BD DE SAINTE MARGUE",43.26781,5.40754,Nuit avec éclairage allumé,En agglomération,Intersection en T,Pluie légère,Deux véhicules - côté,,,,,,,,,,,5,2,3,2.0,3.0
201100021336,0011-12-07 14:17:00,11,12,7,14,17,130,55,AVE DE SAINT BARNABE,43.3041,5.41103,Plein jour,En agglomération,Hors intersection,Normale,Deux véhicules - arrière,,,,,,,,,,,1,2,1,1.0,2.0
201100021337,0011-11-14 17:30:00,11,11,14,17,30,130,55,"120, CRS LIEUTAUD",,,Plein jour,En agglomération,Hors intersection,Normale,Autre collision,,,,,,,,,,,1,2,1,1.0,6.0
201100021338,0011-12-14 10:30:00,11,12,14,10,30,130,55,"62, VOI LA CANEBIERE",43.29727,5.38012,Plein jour,En agglomération,Hors intersection,Normale,Autre collision,,,,,,,,,,,1,2,1,1.0,6.0
201100021339,0011-11-30 15:45:00,11,11,30,15,45,130,55,"16, BD DE LA MEDITERRANE",43.33326,5.36319,Plein jour,En agglomération,Hors intersection,Normale,Deux véhicules - côté,,,,,,,,,,,1,2,1,1.0,3.0
201100021340,0011-11-10 18:30:00,11,11,10,18,30,130,55,"322, RUE ALBERT EINSTEIN",,,Nuit sans éclairage public,En agglomération,Hors intersection,Normale,Deux véhicules - côté,,,,,,,,,,,3,2,1,1.0,3.0
201100021341,0011-08-11 18:30:00,11,8,11,18,30,130,55,"11, CHE DE CHATEAU GOMBE",,,Plein jour,En agglomération,Hors intersection,Normale,Autre collision,,,,,,,,,,,1,2,1,1.0,6.0
201100021342,0011-08-31 14:30:00,11,8,31,14,30,130,55,"238, AVE DES POILUS",,,Plein jour,En agglomération,Hors intersection,Normale,Deux véhicules - côté,,,,,,,,,,,1,2,1,1.0,3.0
201100021343,0011-11-26 12:00:00,11,11,26,12,0,130,55,"18, CHE DE PALAMA",,,Plein jour,En agglomération,Intersection en T,Normale,Trois véhicules et plus - en chaîne,,,,,,,,,,,1,2,3,1.0,4.0
201100021344,0011-04-23 20:30:00,11,4,23,20,30,130,55,BD LAVERAN,,,Nuit avec éclairage allumé,En agglomération,Hors intersection,Normale,Autre collision,,,,,,,,,,,5,2,1,1.0,6.0
201100021345,0011-12-02 15:35:00,11,12,2,15,35,130,55,"00, RUE JOEL RECHER",,,Plein jour,En agglomération,Intersection en X,Normale,Autre collision,,,,,,,,,,,1,2,2,1.0,6.0
201100021346,0011-12-07 06:20:00,11,12,7,6,20,130,55,"253, CHE DE LA MADRAGUE",,,Nuit avec éclairage allumé,En agglomération,Hors intersection,Normale,Autre collision,,,,,,,,,,,5,2,1,1.0,6.0
201100021347,0011-10-07 11:07:00,11,10,7,11,7,130,55,CHE DE PALAMA,,,Plein jour,En agglomération,Hors intersection,Normale,Deux véhicules - côté,,,,,,,,,,,1,2,1,1.0,3.0
201100021348,0011-11-27 02:00:00,11,11,27,2,0,130,55,"73, CHE DE PALAMA",,,Nuit avec éclairage allumé,En agglomération,Hors intersection,Normale,Deux véhicules - frontale,,,,,,,,,,,5,2,1,1.0,1.0
201100021349,0011-11-24 16:00:00,11,11,24,16,0,130,55,"102, RUE BRETEUIL",,,Plein jour,En agglomération,Hors intersection,Normale,Autre collision,,,,,,,,,,,1,2,1,1.0,6.0
201100021350,0011-12-07 12:20:00,11,12,7,12,20,130,55,"1, AVE ESCADRILLE NORMAN",43.33499,5.41,Plein jour,En agglomération,Hors intersection,Normale,Deux véhicules - frontale,,,,,,,,,,,1,2,1,1.0,1.0
201100021351,0011-12-16 13:20:00,11,12,16,13,20,130,55,"136, AVE DE LA VISTE",43.36059,5.35749,Plein jour,En agglomération,Hors intersection,Pluie légère,Autre collision,,,,,,,,,,,1,2,1,2.0,6.0
201100021352,0011-08-17 19:00:00,11,8,17,19,0,130,55,"366, AVE DE SAINT ANTOIN",,,Plein jour,En agglomération,Hors intersection,Normale,Autre collision,,,,,,,,,,,1,2,1,1.0,6.0
201100021353,0011-10-17 18:00:00,11,10,17,18,0,130,55,RUE JEAN QUEILLAU,,,Plein jour,En agglomération,Hors intersection,Normale,Deux véhicules - côté,,,,,,,,,,,1,2,1,1.0,3.0
201100021354,0011-12-16 11:50:00,11,12,16,11,50,130,55,"56, BD DE PLOMBIERES",43.3158,5.38515,Plein jour,En agglomération,Hors intersection,Normale,Autre collision,,,,,,,,,,,1,2,1,1.0,6.0
201100021355,0011-04-16 20:30:00,11,4,16,20,30,130,55,RUE JEAN QUEILLAU,,,Nuit avec éclairage allumé,En agglomération,Hors intersection,Normale,Sans collision,,,,,,,,,,,5,2,1,1.0,7.0
201100021356,0011-11-22 17:15:00,11,11,22,17,15,130,55,"27, RTE D' ALLAUCH",,,Crépuscule ou aube,En agglomération,Intersection en T,Normale,Deux véhicules - côté,,,,,,,,,,,2,2,3,1.0,3.0
201100021357,0011-12-15 15:00:00,11,12,15,15,0,130,55,"297, AVE DES CAILLOLS",43.30328,5.44976,Plein jour,En agglomération,Intersection en X,Normale,Deux véhicules - côté,,,,,,,,,,,1,2,2,1.0,3.0
201100021358,0011-12-12 16:30:00,11,12,12,16,30,130,55,"08, AVE JEAN LOMBARD",43.28977,5.4265,Plein jour,En agglomération,Hors intersection,Normale,Autre collision,,,,,,,,,,,1,2,1,1.0,6.0
201100021359,0011-12-13 22:50:00,11,12,13,22,50,130,55,"139, BD MIREILLE LAUZE",43.28321,5.41183,Nuit avec éclairage allumé,En agglomération,Hors intersection,Normale,Deux véhicules - côté,,,,,,,,,,,5,2,1,1.0,3.0
201100021360,0011-12-01 16:10:00,11,12,1,16,10,130,55,"49, BD JEAN EUGENE CABAS",43.28419,5.41284,Plein jour,En agglomération,Hors intersection,Normale,Autre collision,,,,,,,,,,,1,2,1,1.0,6.0
201100021361,0011-12-17 09:45:00,11,12,17,9,45,130,55,"2, RUE D' ORLEANS",43.2938,5.403,Plein jour,En agglomération,Hors intersection,Normale,Autre collision,,,,,,,,,,,1,2,1,1.0,6.0
201100021362,0011-12-05 00:10:00,11,12,5,0,10,130,55,"01, AVE ROGER SALENGRO",43.30903,5.37407,Nuit avec éclairage allumé,En agglomération,Hors intersection,Normale,Autre collision,,,,,,,,,,,5,2,1,1.0,6.0
201100021363,0011-12-15 15:50:00,11,12,15,15,50,130,55,"96, RUE LE CHATELIER",,,Plein jour,En agglomération,Hors intersection,Normale,Autre collision,,,,,,,,,,,1,2,1,1.0,6.0
201100021364,0011-12-09 16:35:00,11,12,9,16,35,130,55,"00, RUE DE LA GUADELOUPE",,,Plein jour,En agglomération,Hors intersection,Normale,Autre collision,,,,,,,,,,,1,2,1,1.0,6.0
201100021365,0011-12-02 19:20:00,11,12,2,19,20,130,55,"36, AVE DU PRADO",,,Nuit avec éclairage allumé,En agglomération,Hors intersection,Normale,Autre collision,,,,,,,,,,,5,2,1,1.0,6.0
201100021366,0011-11-22 20:00:00,11,11,22,20,0,130,55,"32, BD SCHLOESING",,,Plein jour,En agglomération,Hors intersection,Normale,Trois véhicules et plus - collisions multiples,,,,,,,,,,,1,2,1,1.0,5.0
201100021367,0011-12-07 07:26:00,11,12,7,7,26,130,55,"80, BD ALBE",,,Nuit avec éclairage allumé,En agglomération,Hors intersection,Normale,Autre collision,,,,,,,,,,,5,2,1,1.0,6.0
201100021368,0011-12-23 13:45:00,11,12,23,13,45,130,2,"00, CANTON VERT (AVENUE",,,Plein jour,En agglomération,Hors intersection,Normale,Sans collision,,,,,,,,,,,1,2,1,1.0,7.0
201100021369,0011-12-26 13:20:00,11,12,26,13,20,130,55,"1, RUE LE CHATELIER",,,Plein jour,En agglomération,Intersection en X,Normale,Deux véhicules - côté,,,,,,,,,,,1,2,2,1.0,3.0