accident_id,datetime,annee,mois,jour,heure,minute,departement,commune_insee,adresse,latitude,longitude,luminosite,agglomeration,intersection,meteo,collision,nb_vehicules,nb_usagers,nb_indemnes,nb_tues,nb_blesses_hosp,nb_blesses_legers,age_cond_1,age_cond_2,veh_type_cond_1,veh_type_cond_2,lum_code,agg_code,int_code,atm_code,col_code
201100021874,0011-11-16 15:50:00,11,11,16,15,50,130,117,"11, LONDRES (AVENUE DE)",,,Plein jour,En agglomération,Hors intersection,Normale,Deux véhicules - côté,,,,,,,,,,,1,2,1,1.0,3.0
201100021875,0011-11-18 15:30:00,11,11,18,15,30,130,117,"37, ATHENES (RUE D')",,,Plein jour,Hors agglomération,Hors intersection,Normale,Deux véhicules - arrière,,,,,,,,,,,1,1,1,1.0,2.0
201100021876,0011-11-19 06:15:00,11,11,19,6,15,130,117,CHEMIN DEPARTEMENTAL 20,,,Nuit sans éclairage public,En agglomération,Intersection en T,Pluie légère,Deux véhicules - côté,,,,,,,,,,,3,2,3,2.0,3.0
201100021877,0011-11-19 18:30:00,11,11,19,18,30,130,117,ROUTE NATIONALE 113-L'AN,,,Nuit sans éclairage public,En agglomération,Hors intersection,Normale,Deux véhicules - arrière,,,,,,,,,,,3,2,1,1.0,2.0
201100021878,0011-11-19 18:40:00,11,11,19,18,40,130,117,ESTIENNE D'ORVES ( RUE H,,,Nuit avec éclairage allumé,En agglomération,Giratoire,Normale,Deux véhicules - arrière,,,,,,,,,,,5,2,6,1.0,2.0
201100021879,0011-11-20 15:05:00,11,11,20,15,5,130,71,PLAN DE CAMPAGNE,,,Plein jour,Hors agglomération,Hors intersection,Normale,Autre collision,,,,,,,,,,,1,1,1,1.0,6.0
201100021880,0011-11-20 15:50:00,11,11,20,15,50,130,71,ROUTE NATIONALE 368 (PLA,,,Plein jour,Hors agglomération,Hors intersection,Normale,Deux véhicules - arrière,,,,,,,,,,,1,1,1,1.0,2.0
201100021881,0011-11-20 18:30:00,11,11,20,18,30,130,19,ROUTE D'APT,,,Nuit sans éclairage public,Hors agglomération,Hors intersection,Normale,Deux véhicules - frontale,,,,,,,,,,,3,1,1,1.0,1.0
201100021882,0011-11-21 17:40:00,11,11,21,17,40,130,117,"00, RHIN DANUBE ( AVENUE",,,Nuit avec éclairage allumé,En agglomération,Hors intersection,Normale,Autre collision,,,,,,,,,,,5,2,1,1.0,6.0
201100021883,0011-11-23 10:00:00,11,11,23,10,0,130,117,CHEMIN DEPARTEMENTAL 9 (,,,Plein jour,Hors agglomération,Intersection en Y,Normale,Autre collision,,,,,,,,,,,1,1,4,1.0,6.0
201100021884,0011-11-24 06:30:00,11,11,24,6,30,130,117,SALYENS ( AVENUE DES ),,,Nuit avec éclairage allumé,En agglomération,Intersection en X,Normale,Deux véhicules - côté,,,,,,,,,,,5,2,2,1.0,3.0
201100021885,0011-11-25 20:00:00,11,11,25,20,0,130,117,ROUTE NATIONALE 113-L'AN,,,Nuit avec éclairage allumé,En agglomération,Hors intersection,Normale,Trois véhicules et plus - en chaîne,,,,,,,,,,,5,2,1,1.0,4.0
201100021886,0011-11-27 10:55:00,11,11,27,10,55,130,71,ROUTE NATIONALE 113 - VI,,,Plein jour,En agglomération,Intersection en X,Normale,Deux véhicules - côté,,,,,,,,,,,1,2,2,1.0,3.0
201100021887,0011-11-27 12:20:00,11,11,27,12,20,130,19,ROUTE D'APT,,,Plein jour,En agglomération,Intersection en T,Normale,Autre collision,,,,,,,,,,,1,2,3,1.0,6.0
201100021888,0011-11-27 18:05:00,11,11,27,18,5,130,117,"00, GELU  ( AVENUE VICTO",,,Nuit avec éclairage allumé,En agglomération,Hors intersection,Normale,Autre collision,,,,,,,,,,,5,2,1,1.0,6.0
201100021889,0011-11-28 16:50:00,11,11,28,16,50,130,117,"xxxx, CHEMIN DEPARTEMENT",,,Plein jour,Hors agglomération,Hors intersection,Normale,Deux véhicules - arrière,,,,,,,,,,,1,1,1,1.0,2.0
201100021890,0011-12-01 09:00:00,11,12,1,9,0,130,117,CHEMIN DEPARTEMENTAL CD,,,Plein jour,Hors agglomération,Hors intersection,Pluie légère,Deux véhicules - arrière,,,,,,,,,,,1,1,1,2.0,2.0
201100021891,0011-12-02 12:00:00,11,12,2,12,0,130,117,PILON DU ROI ( RUE ),,,Plein jour,En agglomération,Hors intersection,Normale,Deux véhicules - arrière,,,,,,,,,,,1,2,1,1.0,2.0
201100021892,0011-12-02 17:35:00,11,12,2,17,35,130,71,"230, MITTERRAND (AVENUE",,,Nuit avec éclairage allumé,En agglomération,Hors intersection,Temps couvert,Deux véhicules - côté,,,,,,,,,,,5,2,1,8.0,3.0
201100021893,0011-12-03 12:20:00,11,12,3,12,20,130,19,"5110, D60",,,Plein jour,Hors agglomération,Hors intersection,Normale,Deux véhicules - côté,,,,,,,,,,,1,1,1,1.0,3.0
201100021894,0011-12-04 06:00:00,11,12,4,6,0,130,117,"0, CHEMIN DEPARTEMENTAL",,,Nuit sans éclairage public,Hors agglomération,Hors intersection,Pluie légère,Trois véhicules et plus - collisions multiples,,,,,,,,,,,3,1,1,2.0,5.0
201100021895,0011-12-04 10:50:00,11,12,4,10,50,130,117,CHEMIN DEPARTEMENTAL 9 (,,,Plein jour,En agglomération,Hors intersection,Normale,Autre collision,,,,,,,,,,,1,2,1,1.0,6.0
201100021896,0011-12-05 18:20:00,11,12,5,18,20,130,117,ROUTE NATIONALE 113 - LA,,,Nuit avec éclairage allumé,Hors agglomération,Hors intersection,Normale,Deux véhicules - arrière,,,,,,,,,,,5,1,1,1.0,2.0
201100021897,0011-12-06 06:40:00,11,12,6,6,40,130,71,"74, PTT GAVOTTE (RN 113)",,,Plein jour,En agglomération,Place,Normale,Deux véhicules - côté,,,,,,,,,,,1,2,7,1.0,3.0
201100021898,0011-12-07 15:00:00,11,12,7,15,0,130,71,ROUTE NATIONALE 368 (VIL,,,Plein jour,En agglomération,Autre intersection,Normale,Deux véhicules - arrière,,,,,,,,,,,1,2,9,1.0,2.0
201100021899,0011-12-08 10:20:00,11,12,8,10,20,130,71,BOWLING (CHEMIN DES PENN,,,Plein jour,Hors agglomération,Hors intersection,Normale,Autre collision,,,,,,,,,,,1,1,1,1.0,6.0
201100021900,0011-12-08 10:30:00,11,12,8,10,30,130,117,DROITS DE L'HOMME (AVENU,,,Plein jour,En agglomération,Hors intersection,Normale,Deux véhicules - arrière,,,,,,,,,,,1,2,1,1.0,2.0
201100021901,0011-12-09 10:45:00,11,12,9,10,45,130,71,"0, RIGONS ( CHEMIN DES )",,,Plein jour,En agglomération,Hors intersection,Normale,Autre collision,,,,,,,,,,,1,2,1,1.0,6.0
201100021902,0011-12-09 16:30:00,11,12,9,16,30,130,71,"00, ROUTE NATIONALE 113",,,Plein jour,En agglomération,Intersection en Y,Normale,Deux véhicules - côté,,,,,,,,,,,1,2,4,1.0,3.0
201100021903,0011-12-09 17:40:00,11,12,9,17,40,130,117,LA BASTIDE BLANCHE CD 9,,,Crépuscule ou aube,En agglomération,Hors intersection,Normale,Sans collision,,,,,,,,,,,2,2,1,1.0,7.0
201100021904,0011-12-15 18:30:00,11,12,15,18,30,130,117,"000, PADOVANI ( AVE )",,,Nuit avec éclairage allumé,En agglomération,Hors intersection,Normale,Deux véhicules - arrière,,,,,,,,,,,5,2,1,1.0,2.0
201100021905,0011-12-16 12:30:00,11,12,16,12,30,130,71,PTT GAVOTTE (RN 113),,,Plein jour,Hors agglomération,Hors intersection,Normale,Deux véhicules - côté,,,,,,,,,,,1,1,1,1.0,3.0
201100021906,0011-12-16 16:30:00,11,12,16,16,30,130,71,LANTERNE ( RUE DE LA ),,,Crépuscule ou aube,Hors agglomération,Hors intersection,Normale,Sans collision,,,,,,,,,,,2,1,1,1.0,7.0
201100021907,0011-12-16 18:00:00,11,12,16,18,0,130,117,"00, CHEMIN DEPARTEMENTAL",,,Nuit sans éclairage public,En agglomération,Hors intersection,Normale,Sans collision,,,,,,,,,,,3,2,1,1.0,7.0
201100021908,0011-12-20 08:00:00,11,12,20,8,0,130,71,ROUTE NATIONALE 113 - AG,,,Plein jour,Hors agglomération,Intersection en T,Temps couvert,Autre collision,,,,,,,,,,,1,1,3,8.0,6.0
201100021909,0011-12-20 12:15:00,11,12,20,12,15,130,71,"90, MITTERRAND (AVENUE F",,,Plein jour,En agglomération,Hors intersection,Normale,Deux véhicules - arrière,,,,,,,,,,,1,2,1,1.0,2.0
201100021910,0011-12-22 13:20:00,11,12,22,13,20,130,71,CHEMIN DEPARTEMENTAL 6 (,,,Plein jour,En agglomération,Hors intersection,Normale,Sans collision,,,,,,,,,,,1,2,1,1.0,7.0
201100021911,0011-12-26 18:45:00,11,12,26,18,45,130,71,LECLERC ( AVENUE DU GENE,,,Nuit avec éclairage allumé,En agglomération,Hors intersection,Normale,Sans collision,,,,,,,,,,,5,2,1,1.0,7.0
201100021912,0011-12-28 09:30:00,11,12,28,9,30,130,117,"41, PADOVANI ( AVE )",,,Plein jour,En agglomération,Hors intersection,Normale,Autre collision,,,,,,,,,,,1,2,1,1.0,6.0
201100021913,0011-12-31 10:50:00,11,12,31,10,50,130,71,"138, MITTERRAND (AVENUE",,,Plein jour,En agglomération,Intersection en X,Normale,Autre collision,,,,,,,,,,,1,2,2,1.0,6.0
201100021914,0011-01-03 16:00:00,11,1,3,16,0,680,146,,48.12621,7.36522,Plein jour,Hors agglomération,Hors intersection,Normale,Deux véhicules - arrière,,,,,,,,,,,1,1,1,1.0,2.0
201100021915,0011-01-08 05:15:00,11,1,8,5,15,680,37,,47.9575,7.3675,Nuit sans éclairage public,Hors agglomération,Hors intersection,Pluie légère,Deux véhicules - arrière,,,,,,,,,,,3,1,1,2.0,2.0
201100021916,0011-02-01 06:00:00,11,2,1,6,0,680,15,,47.80339,7.3928,Nuit sans éclairage public,Hors agglomération,Hors intersection,Normale,Deux véhicules - arrière,,,,,,,,,,,3,1,1,1.0,2.0
201100021917,0011-02-05 05:00:00,11,2,5,5,0,680,82,,47.84352,7.36438,Nuit sans éclairage public,Hors agglomération,Hors intersection,Normale,Deux véhicules - arrière,,,,,,,,,,,3,1,1,1.0,2.0
201100021918,0011-02-04 07:00:00,11,2,4,7,0,680,242,,47.97042,7.37151,Crépuscule ou aube,Hors agglomération,Hors intersection,Neige / grêle,Sans collision,,,,,,,,,,,2,1,1,4.0,7.0
201100021919,0011-04-06 06:45:00,11,4,6,6,45,680,296,,48.21907,7.40283,Crépuscule ou aube,Hors agglomération,Hors intersection,Normale,Autre collision,,,,,,,,,,,2,1,1,1.0,6.0
201100021920,0011-06-02 02:30:00,11,6,2,2,30,680,66,,48.04837,7.3712,Nuit sans éclairage public,Hors agglomération,Hors intersection,Normale,Deux véhicules - côté,,,,,,,,,,,3,1,1,1.0,3.0
201100021921,0011-06-10 05:30:00,11,6,10,5,30,680,22,,47.81991,7.39321,Crépuscule ou aube,Hors agglomération,Hors intersection,Normale,Sans collision,,,,,,,,,,,2,1,1,1.0,7.0
201100021922,0011-06-17 16:15:00,11,6,17,16,15,680,295,,48.03109,7.37173,Plein jour,Hors agglomération,Hors intersection,Temps couvert,Deux véhicules - arrière,,,,,,,,,,,1,1,1,8.0,2.0
201100021923,0011-07-03 19:00:00,11,7,3,19,0,680,295,,48.01109,7.3761,Plein jour,Hors agglomération,Hors intersection,Normale,Deux véhicules - arrière,,,,,,,,,,,1,1,1,1.0,2.0
201100021924,0011-07-05 10:45:00,11,7,5,10,45,680,82,,47.85469,7.3943,Plein jour,Hors agglomération,Hors intersection,Normale,Autre collision,,,,,,,,,,,1,1,1,1.0,6.0
201100021925,0011-07-08 01:00:00,11,7,8,1,0,680,66,,48.04235,7.3706,Nuit sans éclairage public,Hors agglomération,Hors intersection,Pluie forte,Deux véhicules - arrière,,,,,,,,,,,3,1,1,3.0,2.0
201100021926,0011-08-04 17:45:00,11,8,4,17,45,680,295,,48.03038,7.37159,Plein jour,Hors agglomération,Hors intersection,Normale,Autre collision,,,,,,,,,,,1,1,1,1.0,6.0
201100021927,0011-09-29 08:00:00,11,9,29,8,0,680,66,,48.0521,7.37297,Crépuscule ou aube,Hors agglomération,Hors intersection,Normale,Deux véhicules - arrière,,,,,,,,,,,2,1,1,1.0,2.0
201100021928,0011-10-03 10:15:00,11,10,3,10,15,680,266,,47.89319,7.37497,Crépuscule ou aube,Hors agglomération,Hors intersection,Brouillard / fumée,Autre collision,,,,,,,,,,,2,1,1,5.0,6.0
201100021929,0011-10-13 08:00:00,11,10,13,8,0,680,252,,48.15004,7.36996,Crépuscule ou aube,Hors agglomération,Hors intersection,Pluie légère,Autre collision,,,,,,,,,,,2,1,1,2.0,6.0
201100021930,0011-03-07 07:30:00,11,3,7,7,30,910,679,,48.743,2.109,Crépuscule ou aube,Hors agglomération,Hors intersection,Normale,Autre collision,,,,,,,,,,,2,1,1,1.0,6.0
201100021931,0011-03-12 18:30:00,11,3,12,18,30,780,356,RD 91/RD 195,48.7477,2.02531,Crépuscule ou aube,Hors agglomération,Intersection en X,Pluie légère,Deux véhicules - frontale,,,,,,,,,,,2,1,2,2.0,1.0
201100021932,0011-05-05 13:45:00,11,5,5,13,45,780,356,RD 195,48.734,2.076,Plein jour,Hors agglomération,Hors intersection,Normale,Trois véhicules et plus - collisions multiples,,,,,,,,,,,1,1,1,1.0,5.0
201100021933,0011-06-09 08:45:00,11,6,9,8,45,780,356,RD 36,48.752,2.05399,Plein jour,Hors agglomération,Giratoire,Normale,Deux véhicules - côté,,,,,,,,,,,1,1,6,1.0,3.0
201100021934,0011-06-26 23:15:00,11,6,26,23,15,780,356,12 rue Paul Vaillant Cou,48.727,2.096,Nuit avec éclairage allumé,En agglomération,Hors intersection,Normale,Autre collision,,,,,,,,,,,5,2,1,1.0,6.0
201100021935,0011-08-25 13:00:00,11,8,25,13,0,780,356,RTE DE LA BUTTE AU CHENE,48.747,2.055,Plein jour,Hors agglomération,Hors intersection,Normale,Deux véhicules - frontale,,,,,,,,,,,1,1,1,1.0,1.0
201100021936,0011-11-09 18:00:00,11,11,9,18,0,780,356,ROUTE DE VERSAILLES,48.727,2.089,Nuit avec éclairage allumé,En agglomération,Hors intersection,Normale,Autre collision,,,,,,,,,,,5,2,1,1.0,6.0
201100021937,0011-11-22 18:15:00,11,11,22,18,15,780,356,RD 91,48.75,2.023,Nuit sans éclairage public,Hors agglomération,Hors intersection,Normale,Autre collision,,,,,,,,,,,3,1,1,1.0,6.0
201100021938,0011-01-31 05:30:00,11,1,31,5,30,330,191,,,,Nuit sans éclairage public,Hors agglomération,Hors intersection,Normale,Autre collision,,,,,,,,,,,3,1,1,1.0,6.0
201100021939,0011-01-22 22:00:00,11,1,22,22,0,720,191,,,,Nuit sans éclairage public,Hors agglomération,Hors intersection,Normale,Sans collision,,,,,,,,,,,3,1,1,1.0,7.0
201100021940,0011-05-15 16:30:00,11,5,15,16,30,720,299,,,,Plein jour,Hors agglomération,Hors intersection,Normale,Autre collision,,,,,,,,,,,1,1,1,1.0,6.0
201100021941,0011-12-05 07:00:00,11,12,5,7,0,720,386,,,,Nuit sans éclairage public,Hors agglomération,Hors intersection,Normale,Trois véhicules et plus - en chaîne,,,,,,,,,,,3,1,1,1.0,4.0
201100021942,0011-12-19 11:45:00,11,12,19,11,45,720,299,,,,Plein jour,Hors agglomération,Hors intersection,Normale,Sans collision,,,,,,,,,,,1,1,1,1.0,7.0
201100021943,0011-12-27 13:00:00,11,12,27,13,0,720,124,,,,Plein jour,Hors agglomération,Hors intersection,Normale,Autre collision,,,,,,,,,,,1,1,1,1.0,6.0
201100021944,0011-01-09 09:30:00,11,1,9,9,30,720,219,,48.063,-0.008,Plein jour,Hors agglomération,Hors intersection,Normale,Autre collision,,,,,,,,,,,1,1,1,1.0,6.0
201100021945,0011-03-10 18:15:00,11,3,10,18,15,720,216,,,,Plein jour,Hors agglomération,Hors intersection,Normale,Deux véhicules - frontale,,,,,,,,,,,1,1,1,1.0,1.0
201100021946,0011-04-17 17:45:00,11,4,17,17,45,720,119,,,,Plein jour,Hors agglomération,Hors intersection,Normale,Deux véhicules - côté,,,,,,,,,,,1,1,1,1.0,3.0
201100021947,0011-05-17 20:30:00,11,5,17,20,30,720,320,,,,Plein jour,Hors agglomération,Hors intersection,Normale,Sans collision,,,,,,,,,,,1,1,1,1.0,7.0
201100021948,0011-05-23 12:15:00,11,5,23,12,15,720,351,,,,Plein jour,Hors agglomération,Hors intersection,Normale,Deux véhicules - frontale,,,,,,,,,,,1,1,1,1.0,1.0
201100021949,0011-06-09 14:15:00,11,6,9,14,15,720,334,,48.182,-0.132,Plein jour,Hors agglomération,Hors intersection,Normale,Deux véhicules - côté,,,,,,,,,,,1,1,1,1.0,3.0
201100021950,0011-07-14 16:00:00,11,7,14,16,0,720,119,,48.109,0.031,Plein jour,Hors agglomération,Hors intersection,Normale,Deux véhicules - côté,,,,,,,,,,,1,1,1,1.0,3.0
201100021951,0011-07-17 00:30:00,11,7,17,0,30,720,24,,48.127,0.125,Nuit sans éclairage public,Hors agglomération,Hors intersection,Normale,Autre collision,,,,,,,,,,,3,1,1,1.0,6.0
201100021952,0011-09-02 11:00:00,11,9,2,11,0,720,89,Rue du Mans,48.126,-0.016,Plein jour,En agglomération,Hors intersection,Normale,Deux véhicules - frontale,,,,,,,,,,,1,2,1,1.0,1.0
201100021953,0011-09-30 08:45:00,11,9,30,8,45,720,109,,48.163,-0.06,Crépuscule ou aube,Hors agglomération,Hors intersection,Normale,Autre collision,,,,,,,,,,,2,1,1,1.0,6.0
201100021954,0011-11-04 05:30:00,11,11,4,5,30,720,320,,48.072,0.155,Nuit sans éclairage public,Hors agglomération,Intersection en X,Pluie légère,Deux véhicules - côté,,,,,,,,,,,3,1,2,2.0,3.0
201100021955,0011-12-01 07:15:00,11,12,1,7,15,720,89,,,,Nuit sans éclairage public,Hors agglomération,Hors intersection,Pluie forte,Deux véhicules - frontale,,,,,,,,,,,3,1,1,3.0,1.0
201100021956,0011-01-01 01:15:00,11,1,1,1,15,950,394,R de Frépillon,49.0616,2.1922,Nuit avec éclairage allumé,En agglomération,Hors intersection,Normale,Autre collision,,,,,,,,,,,5,2,1,1.0,6.0
201100021957,0011-05-07 19:15:00,11,5,7,19,15,950,392,AV VICTOR HUGO,49.0724,2.1976,Plein jour,Hors agglomération,Hors intersection,Normale,Deux véhicules - arrière,,,,,,,,,,,1,1,1,1.0,2.0
201100021958,0011-05-18 17:45:00,11,5,18,17,45,950,151,RD 192,49.0456,2.2633,Plein jour,Hors agglomération,Hors intersection,Normale,Deux véhicules - côté,,,,,,,,,,,1,1,1,1.0,3.0
201100021959,0011-07-14 08:15:00,11,7,14,8,15,720,254,,,,Plein jour,Hors agglomération,Hors intersection,Normale,Sans collision,,,,,,,,,,,1,1,1,1.0,7.0
201100021960,0011-08-18 17:15:00,11,8,18,17,15,720,380,,,,Plein jour,Hors agglomération,Hors intersection,Normale,Autre collision,,,,,,,,,,,1,1,1,1.0,6.0
201100021961,0011-08-25 12:45:00,11,8,25,12,45,720,139,,,,Plein jour,Hors agglomération,Hors intersection,Normale,Autre collision,,,,,,,,,,,1,1,1,1.0,6.0
201100021962,0011-09-12 06:15:00,11,9,12,6,15,720,79,,,,Crépuscule ou aube,Hors agglomération,Hors intersection,Normale,Autre collision,,,,,,,,,,,2,1,1,1.0,6.0
201100021963,0011-11-24 05:30:00,11,11,24,5,30,720,186,,,,Crépuscule ou aube,Hors agglomération,Hors intersection,Normale,Autre collision,,,,,,,,,,,2,1,1,1.0,6.0
201100021964,0011-02-08 19:45:00,11,2,8,19,45,490,92,,47.24634,-0.70884,Crépuscule ou aube,Hors agglomération,Hors intersection,Normale,Autre collision,,,,,,,,,,,2,1,1,1.0,6.0
201100021965,0011-04-24 19:45:00,11,4,24,19,45,490,92,,47.21936,-0.76135,Plein jour,Hors agglomération,Hors intersection,Normale,Trois véhicules et plus - collisions multiples,,,,,,,,,,,1,1,1,1.0,5.0
201100021966,0011-05-28 11:00:00,11,5,28,11,0,490,308,,47.39961,-0.51542,Plein jour,Hors agglomération,Hors intersection,Normale,Deux véhicules - côté,,,,,,,,,,,1,1,1,1.0,3.0
201100021967,0011-08-07 16:00:00,11,8,7,16,0,490,99,,47.01479,-0.88082,Plein jour,Hors agglomération,Hors intersection,Normale,Deux véhicules - arrière,,,,,,,,,,,1,1,1,1.0,2.0
201100021968,0011-08-31 10:45:00,11,8,31,10,45,490,223,,47.39316,-0.54034,Plein jour,Hors agglomération,Hors intersection,Normale,Sans collision,,,,,,,,,,,1,1,1,1.0,7.0
201100021969,0011-09-16 07:30:00,11,9,16,7,30,490,92,,47.24576,-0.68585,Plein jour,Hors agglomération,Hors intersection,Normale,Sans collision,,,,,,,,,,,1,1,1,1.0,7.0
201100021970,0011-11-19 17:45:00,11,11,19,17,45,490,99,,47.07275,-0.82631,Nuit sans éclairage public,Hors agglomération,Autre intersection,Normale,Sans collision,,,,,,,,,,,3,1,9,1.0,7.0
201100021971,0011-12-17 16:30:00,11,12,17,16,30,490,71,,47.27134,-0.61442,Plein jour,Hors agglomération,Hors intersection,Neige / grêle,Deux véhicules - arrière,,,,,,,,,,,1,1,1,4.0,2.0
201100021972,0011-01-25 07:00:00,11,1,25,7,0,680,375,244 RUE DE REININGUE,47.79241,7.22853,Crépuscule ou aube,En agglomération,Hors intersection,Pluie légère,Deux véhicules - côté,,,,,,,,,,,2,2,1,2.0,3.0
201100021973,0011-04-15 18:15:00,11,4,15,18,15,680,375,,47.81492,7.23828,Plein jour,Hors agglomération,Hors intersection,Normale,Deux véhicules - frontale,,,,,,,,,,,1,1,1,1.0,1.0
201100021974,0011-08-07 16:45:00,11,8,7,16,45,680,375,rue d 'Ensisheim,47.81346,7.2548,Plein jour,En agglomération,Giratoire,Normale,Deux véhicules - côté,,,,,,,,,,,1,2,6,1.0,3.0
201100021975,0011-10-07 19:45:00,11,10,7,19,45,680,375,RUE DE MULHOUSE/CHARDONN,47.79029,7.22723,Nuit avec éclairage allumé,En agglomération,Hors intersection,Normale,Deux véhicules - côté,,,,,,,,,,,5,2,1,1.0,3.0
201100021976,0011-01-05 07:30:00,11,1,5,7,30,190,287,sens Bordeaux - Clermont,,,Nuit sans éclairage public,Hors agglomération,Hors intersection,Autre,Deux véhicules - côté,,,,,,,,,,,3,1,1,9.0,3.0
201100021977,0011-04-16 16:45:00,11,4,16,16,45,190,146,,45.346,1.87,Plein jour,Hors agglomération,Hors intersection,Normale,Autre collision,,,,,,,,,,,1,1,1,1.0,6.0
201100021978,0011-07-16 19:15:00,11,7,16,19,15,190,287,SENS CLERMONT - BORDEAUX,45.3684,1.95528,Plein jour,Hors agglomération,Hors intersection,Normale,Autre collision,,,,,,,,,,,1,1,1,1.0,6.0
201100021979,0011-03-02 17:30:00,11,3,2,17,30,670,324,,,,Plein jour,Hors agglomération,Intersection en T,Normale,Deux véhicules - arrière,,,,,,,,,,,1,1,3,1.0,2.0
201100021980,0011-03-20 07:15:00,11,3,20,7,15,670,291,,,,Plein jour,Hors agglomération,Hors intersection,Temps éblouissant,Autre collision,,,,,,,,,,,1,1,1,7.0,6.0
201100021981,0011-04-25 17:00:00,11,4,25,17,0,670,291,21 rue de Neubourg,,,Plein jour,En agglomération,Hors intersection,Normale,Autre collision,,,,,,,,,,,1,2,1,1.0,6.0
201100021982,0011-06-14 16:15:00,11,6,14,16,15,670,388,,,,Plein jour,Hors agglomération,Hors intersection,Normale,Trois véhicules et plus - collisions multiples,,,,,,,,,,,1,1,1,1.0,5.0
201100021983,0011-07-01 13:15:00,11,7,1,13,15,670,388,Route de STRASBOURG,,,Plein jour,En agglomération,Hors intersection,Normale,Deux véhicules - frontale,,,,,,,,,,,1,2,1,1.0,1.0
201100021984,0011-11-04 10:45:00,11,11,4,10,45,670,388,,,,Plein jour,Hors agglomération,Hors intersection,Temps couvert,Deux véhicules - frontale,,,,,,,,,,,1,1,1,8.0,1.0
201100021985,0011-12-05 18:45:00,11,12,5,18,45,670,498,,,,Nuit sans éclairage public,Hors agglomération,Hors intersection,Normale,Sans collision,,,,,,,,,,,3,1,1,1.0,7.0
201100021986,0011-12-05 19:00:00,11,12,5,19,0,670,324,,,,Nuit avec éclairage allumé,Hors agglomération,Hors intersection,Normale,Deux véhicules - frontale,,,,,,,,,,,5,1,1,1.0,1.0
201100021987,0011-12-18 22:45:00,11,12,18,22,45,670,340,18 rue de gumbrechtshoff,48.921,7.602,Nuit avec éclairage allumé,En agglomération,Hors intersection,Temps couvert,Deux véhicules - arrière,,,,,,,,,,,5,2,1,8.0,2.0
201100021988,0011-01-04 18:15:00,11,1,4,18,15,140,118,"1, JUIN (BOULEVARD MAREC",49.2107,-0.3656,Nuit avec éclairage allumé,En agglomération,Hors intersection,Normale,Autre collision,,,,,,,,,,,5,2,1,1.0,6.0
201100021989,0011-01-08 11:30:00,11,1,8,11,30,140,118,"0, AUTHIE (<=N 106 PAIRS",49.1858,-0.39047,Plein jour,En agglomération,Intersection en X,Normale,Deux véhicules - côté,,,,,,,,,,,1,2,2,1.0,3.0
201100021990,0011-01-13 14:40:00,11,1,13,14,40,140,118,ENGANNERIE (RUE DE L'),49.1821,-0.35771,Plein jour,Hors agglomération,Intersection en X,Normale,Autre collision,,,,,,,,,,,1,1,2,1.0,6.0
201100021991,0011-01-13 12:25:00,11,1,13,12,25,140,118,"13, SAINT JACQUES (RUE D",49.1813,-0.36274,Plein jour,En agglomération,Hors intersection,Pluie légère,Autre collision,,,,,,,,,,,1,2,1,2.0,6.0
201100021992,0011-01-18 06:50:00,11,1,18,6,50,140,118,"1, MOUNTBATTEN (AVENUE D",49.199,-0.39072,Nuit avec éclairage allumé,En agglomération,Intersection en T,Pluie légère,Deux véhicules - côté,,,,,,,,,,,5,2,3,2.0,3.0
201100021993,0011-01-20 13:45:00,11,1,20,13,45,140,118,"0, JUIN (BOULEVARD MAREC",49.2095,-0.37238,Plein jour,En agglomération,Intersection en T,Normale,Deux véhicules - côté,,,,,,,,,,,1,2,3,1.0,3.0
201100021994,0011-01-24 07:50:00,11,1,24,7,50,140,118,"0, SAINT NICOLAS (RUE)",49.1839,-0.37573,Crépuscule ou aube,En agglomération,Intersection en Y,Pluie légère,Deux véhicules - côté,,,,,,,,,,,2,2,4,2.0,3.0
201100021995,0011-01-28 09:25:00,11,1,28,9,25,140,118,"0, ROSEL (ROUTE DE)",49.193,-0.38346,Plein jour,En agglomération,Hors intersection,Normale,Autre collision,,,,,,,,,,,1,2,1,1.0,6.0
201100021996,0011-01-30 22:00:00,11,1,30,22,0,140,118,"2, AUTHIE (>=N  106 PAIR",49.194,-0.4025,Nuit avec éclairage allumé,En agglomération,Intersection en X,Normale,Deux véhicules - côté,,,,,,,,,,,5,2,2,1.0,3.0
201100021997,0011-02-01 08:25:00,11,2,1,8,25,140,118,"0, LIBERATION (AVENUE DE",49.1873,-0.35893,Crépuscule ou aube,En agglomération,Hors intersection,Normale,Autre collision,,,,,,,,,,,2,2,1,1.0,6.0
201100021998,0011-02-08 09:40:00,11,2,8,9,40,140,383,"1, R.D. 405",,,Plein jour,Hors agglomération,Hors intersection,Brouillard / fumée,Autre collision,,,,,,,,,,,1,1,1,5.0,6.0
201100021999,0011-02-12 16:00:00,11,2,12,16,0,140,118,"0, DELIVRANDE (RUE DE LA",49.189,-0.35943,Plein jour,En agglomération,Intersection en T,Normale,Deux véhicules - arrière,,,,,,,,,,,1,2,3,1.0,2.0
201100022000,0011-02-17 17:00:00,11,2,17,17,0,140,118,RN814,49.1965,-0.37797,Plein jour,En agglomération,Hors intersection,Normale,Trois véhicules et plus - collisions multiples,,,,,,,,,,,1,2,1,1.0,5.0