accident_id,datetime,annee,mois,jour,heure,minute,departement,commune_insee,adresse,latitude,longitude,luminosite,agglomeration,intersection,meteo,collision,nb_vehicules,nb_usagers,nb_indemnes,nb_tues,nb_blesses_hosp,nb_blesses_legers,age_cond_1,age_cond_2,veh_type_cond_1,veh_type_cond_2,lum_code,agg_code,int_code,atm_code,col_code
201100022001,0011-02-17 14:25:00,11,2,17,14,25,140,271,"31, IFS (RUE D')",49.1461,-0.37533,Plein jour,En agglomération,Hors intersection,Normale,Autre collision,,,,,,,,,,,1,2,1,1.0,6.0
201100022002,0011-03-02 22:20:00,11,3,2,22,20,140,101,"165, BRETAGNE (ROUTE DE",,,Nuit avec éclairage allumé,En agglomération,Hors intersection,Normale,Autre collision,,,,,,,,,,,5,2,1,1.0,6.0
201100022003,0011-03-05 11:25:00,11,3,5,11,25,140,118,"39, PREVOYANCE (RUE DE L",49.1896,-0.33661,Plein jour,En agglomération,Hors intersection,Normale,Autre collision,,,,,,,,,,,1,2,1,1.0,6.0
201100022004,0011-03-20 06:20:00,11,3,20,6,20,140,271,"49, HARCOURT (ROUTE D')",49.1557,-0.36932,Nuit avec éclairage allumé,En agglomération,Hors intersection,Normale,Deux véhicules - arrière,,,,,,,,,,,5,2,1,1.0,2.0
201100022005,0011-03-22 06:20:00,11,3,22,6,20,140,437,"0, MENDES FRANCE  (AVENU",,,Plein jour,En agglomération,Hors intersection,Normale,Deux véhicules - côté,,,,,,,,,,,1,2,1,1.0,3.0
201100022006,0011-03-24 19:00:00,11,3,24,19,0,140,118,"0, GUILLOU (BOULEVARD YV",49.175,-0.37145,Plein jour,En agglomération,Hors intersection,Normale,Autre collision,,,,,,,,,,,1,2,1,1.0,6.0
201100022007,0011-04-03 14:15:00,11,4,3,14,15,140,118,"40, VENDEUVRE (QUAI)",49.1823,-0.35418,Plein jour,En agglomération,Hors intersection,Normale,Autre collision,,,,,,,,,,,1,2,1,1.0,6.0
201100022008,0011-04-03 18:30:00,11,4,3,18,30,140,101,"150, BRETAGNE (ROUTE DE",49.1642,-0.42119,Plein jour,En agglomération,Hors intersection,Normale,Deux véhicules - côté,,,,,,,,,,,1,2,1,1.0,3.0
201100022009,0011-04-08 23:00:00,11,4,8,23,0,140,167,"0, ROCADE (VOIE DE LA)",49.2025,-0.308,Nuit avec éclairage allumé,En agglomération,Hors intersection,Normale,Deux véhicules - frontale,,,,,,,,,,,5,2,1,1.0,1.0
201100022010,0011-04-11 07:36:00,11,4,11,7,36,140,118,"0, GARE (PLACE DE LA)",49.1759,-0.3485,Crépuscule ou aube,En agglomération,Hors intersection,Normale,Autre collision,,,,,,,,,,,2,2,1,1.0,6.0
201100022011,0011-04-14 22:15:00,11,4,14,22,15,140,118,VIADUC DE LA CAV?E,49.1702,-0.37224,Nuit avec éclairage allumé,En agglomération,Hors intersection,Normale,Deux véhicules - frontale,,,,,,,,,,,5,2,1,1.0,1.0
201100022012,0011-04-17 08:00:00,11,4,17,8,0,140,327,"1, PAIX (BOULEVARD DE LA",,,Plein jour,En agglomération,Intersection en T,Normale,Deux véhicules - côté,,,,,,,,,,,1,2,3,1.0,3.0
201100022013,0011-04-19 19:05:00,11,4,19,19,5,140,118,"1, SAINT JULIEN (RUE DES",49.1841,-0.36961,Plein jour,En agglomération,Hors intersection,Normale,Deux véhicules - arrière,,,,,,,,,,,1,2,1,1.0,2.0
201100022014,0011-04-24 06:20:00,11,4,24,6,20,140,118,"20, DUNOIS (BOULEVARD)",49.1872,-0.37991,Crépuscule ou aube,En agglomération,Hors intersection,Normale,Autre collision,,,,,,,,,,,2,2,1,1.0,6.0
201100022015,0011-04-25 21:25:00,11,4,25,21,25,140,101,ECHANGEUR N9 (PORTE BRET,49.1664,-0.42878,Nuit avec éclairage allumé,En agglomération,Hors intersection,Normale,Autre collision,,,,,,,,,,,5,2,1,1.0,6.0
201100022016,0011-05-25 15:55:00,11,5,25,15,55,140,118,"0, MONNET (AVENUE JEAN)",49.201,-0.37988,Plein jour,En agglomération,Hors intersection,Normale,Autre collision,,,,,,,,,,,1,2,1,1.0,6.0
201100022017,0011-05-07 21:20:00,11,5,7,21,20,140,68,CAR.D79/AV.DE L'AVENIR,49.2256,-0.38735,Crépuscule ou aube,Hors agglomération,Intersection en T,Normale,Trois véhicules et plus - collisions multiples,,,,,,,,,,,2,1,3,1.0,5.0
201100022018,0011-05-28 19:40:00,11,5,28,19,40,140,437,"13.4, GRANDE RUE (RUE DE",49.1822,-0.30448,Plein jour,En agglomération,Hors intersection,Normale,Sans collision,,,,,,,,,,,1,2,1,1.0,7.0
201100022019,0011-05-31 11:00:00,11,5,31,11,0,140,118,"1, SCHUMANN (RUE ROBERT)",49.193,-0.38814,Plein jour,En agglomération,Hors intersection,Normale,Autre collision,,,,,,,,,,,1,2,1,1.0,6.0
201100022020,0011-05-31 12:25:00,11,5,31,12,25,140,118,"80, LEROY (BOULEVARD)",49.1722,-0.34732,Plein jour,En agglomération,Hors intersection,Normale,Deux véhicules - côté,,,,,,,,,,,1,2,1,1.0,3.0
201100022021,0011-06-08 14:00:00,11,6,8,14,0,140,118,"0, CAVEE (VIADUC DE LA)",49.1703,-0.36695,Plein jour,En agglomération,Hors intersection,Normale,Autre collision,,,,,,,,,,,1,2,1,1.0,6.0
201100022022,0011-06-15 16:25:00,11,6,15,16,25,140,118,"188, MOULIN (RUE DU GENE",49.1873,-0.41119,Plein jour,En agglomération,Hors intersection,Normale,Deux véhicules - côté,,,,,,,,,,,1,2,1,1.0,3.0
201100022023,0011-06-26 03:45:00,11,6,26,3,45,140,118,"0, MONTALIVET (COURS)",49.1794,-0.34201,Nuit avec éclairage allumé,En agglomération,Hors intersection,Normale,Autre collision,,,,,,,,,,,5,2,1,1.0,6.0
201100022024,0011-07-04 13:25:00,11,7,4,13,25,140,437,"0, COULOMB (RUE CHARLES",,,Plein jour,En agglomération,Hors intersection,Normale,Deux véhicules - frontale,,,,,,,,,,,1,2,1,1.0,1.0
201100022025,0011-07-15 23:10:00,11,7,15,23,10,140,566,"0, JUIN (BOULEVARD  DU M",,,Nuit avec éclairage allumé,En agglomération,Intersection en X,Normale,Deux véhicules - côté,,,,,,,,,,,5,2,2,1.0,3.0
201100022026,0011-07-26 17:45:00,11,7,26,17,45,140,118,"36, SIX JUIN (AVENUE DU>",,,Plein jour,En agglomération,Hors intersection,Normale,Autre collision,,,,,,,,,,,1,2,1,1.0,6.0
201100022027,0011-08-07 15:25:00,11,8,7,15,25,140,327,"1, CD N? 515 (ROUTE DE O",,,Plein jour,Hors agglomération,Hors intersection,Normale,Deux véhicules - côté,,,,,,,,,,,1,1,1,1.0,3.0
201100022028,0011-08-15 15:15:00,11,8,15,15,15,140,118,"91, CHEMIN VERT (RUE DU",,,Plein jour,En agglomération,Hors intersection,Normale,Autre collision,,,,,,,,,,,1,2,1,1.0,6.0
201100022029,0011-08-19 12:00:00,11,8,19,12,0,140,118,"113, AUTHIE (>=N? 106 PA",,,Plein jour,En agglomération,Intersection en X,Normale,Deux véhicules - côté,,,,,,,,,,,1,2,2,1.0,3.0
201100022030,0011-08-28 07:15:00,11,8,28,7,15,140,327,RN 814,,,Plein jour,Hors agglomération,Hors intersection,Temps couvert,Autre collision,,,,,,,,,,,1,1,1,8.0,6.0
201100022031,0011-08-30 19:10:00,11,8,30,19,10,140,221,"24, FERRE (RUE LEO)",,,Plein jour,En agglomération,Hors intersection,Normale,Autre collision,,,,,,,,,,,1,2,1,1.0,6.0
201100022032,0011-09-03 23:45:00,11,9,3,23,45,140,118,"210, BAYEUX (RUE DE  >=",,,Nuit avec éclairage allumé,En agglomération,Hors intersection,Normale,Deux véhicules - arrière,,,,,,,,,,,5,2,1,1.0,2.0
201100022033,0011-09-04 17:30:00,11,9,4,17,30,140,118,"1, LIBERATION (AVENUE DE",,,Plein jour,En agglomération,Hors intersection,Normale,Autre collision,,,,,,,,,,,1,2,1,1.0,6.0
201100022034,0011-09-06 18:00:00,11,9,6,18,0,140,118,"1, HACHE (RUE DE LA)",,,Plein jour,En agglomération,Intersection en X,Pluie légère,Deux véhicules - frontale,,,,,,,,,,,1,2,2,2.0,1.0
201100022035,0011-09-07 01:15:00,11,9,7,1,15,140,118,"0, COURSEULLES (AVENUE D",,,Nuit avec éclairage allumé,En agglomération,Hors intersection,Normale,Autre collision,,,,,,,,,,,5,2,1,1.0,6.0
201100022036,0011-09-13 18:10:00,11,9,13,18,10,140,118,"1, COTE DE NACRE(AVENUE)",,,Plein jour,En agglomération,Hors intersection,Normale,Trois véhicules et plus - collisions multiples,,,,,,,,,,,1,2,1,1.0,5.0
201100022037,0011-09-16 16:20:00,11,9,16,16,20,140,587,"1, CD N?  220 (ST GERMAI",,,Plein jour,Hors agglomération,Hors intersection,Normale,Deux véhicules - frontale,,,,,,,,,,,1,1,1,1.0,1.0
201100022038,0011-09-20 10:30:00,11,9,20,10,30,140,118,"0, LIBERATION (AVENUE DE",,,Plein jour,En agglomération,Intersection en X,Normale,Autre collision,,,,,,,,,,,1,2,2,1.0,6.0
201100022039,0011-09-24 00:35:00,11,9,24,0,35,140,437,"0, MENDES FRANCE  (AVENU",,,Nuit avec éclairage allumé,En agglomération,Hors intersection,Normale,Deux véhicules - arrière,,,,,,,,,,,5,2,1,1.0,2.0
201100022040,0011-10-06 17:00:00,11,10,6,17,0,140,118,"1, POILUS D'ORIENT (RUE",,,Plein jour,En agglomération,Intersection en T,Normale,Autre collision,,,,,,,,,,,1,2,3,1.0,6.0
201100022041,0011-10-13 10:25:00,11,10,13,10,25,140,566,"RD 126, ROSEL (ROUTE DE",,,Plein jour,Hors agglomération,Intersection en X,Normale,Trois véhicules et plus - collisions multiples,,,,,,,,,,,1,1,2,1.0,5.0
201100022042,0011-10-18 15:35:00,11,10,18,15,35,140,118,"3 bis, LEROY (BOULEVARD)",,,Plein jour,En agglomération,Hors intersection,Normale,Autre collision,,,,,,,,,,,1,2,1,1.0,6.0
201100022043,0011-10-18 18:16:00,11,10,18,18,16,140,383,"500, THURY HARCOURT (ROU",,,Plein jour,En agglomération,Hors intersection,Normale,Deux véhicules - côté,,,,,,,,,,,1,2,1,1.0,3.0
201100022044,0011-10-17 17:55:00,11,10,17,17,55,140,118,MARIE (RUE ARMAND),,,Plein jour,En agglomération,Hors intersection,Normale,Deux véhicules - côté,,,,,,,,,,,1,2,1,1.0,3.0
201100022045,0011-10-11 08:20:00,11,10,11,8,20,140,118,"01, SECQUEVILLE (RUE DE)",,,Plein jour,En agglomération,Hors intersection,Normale,Autre collision,,,,,,,,,,,1,2,1,1.0,6.0
201100022046,0011-10-21 20:25:00,11,10,21,20,25,140,137,"19, EGLISE (RUE DE L')",,,Nuit avec éclairage allumé,En agglomération,Hors intersection,Normale,Autre collision,,,,,,,,,,,5,2,1,1.0,6.0
201100022047,0011-10-21 15:35:00,11,10,21,15,35,140,437,"0, BOEUFS (CHEMIN AUX)",,,Plein jour,En agglomération,Intersection en T,Normale,Deux véhicules - côté,,,,,,,,,,,1,2,3,1.0,3.0
201100022048,0011-10-21 16:25:00,11,10,21,16,25,140,437,PERIPHERIQUE NORD (BOULE,,,Plein jour,Hors agglomération,Hors intersection,Normale,Trois véhicules et plus - collisions multiples,,,,,,,,,,,1,1,1,1.0,5.0
201100022049,0011-11-01 16:05:00,11,11,1,16,5,140,118,"140, AUTHIE (>=N? 106 PA",,,Plein jour,En agglomération,Hors intersection,Normale,Deux véhicules - côté,,,,,,,,,,,1,2,1,1.0,3.0
201100022050,0011-11-05 21:15:00,11,11,5,21,15,140,118,"14 bis, BARBEUX (RUE)",,,Nuit avec éclairage allumé,En agglomération,Hors intersection,Normale,Deux véhicules - arrière,,,,,,,,,,,5,2,1,1.0,2.0
201100022051,0011-11-07 08:00:00,11,11,7,8,0,140,437,"0, CABOURG (ROUTE DE)",,,Crépuscule ou aube,En agglomération,Hors intersection,Pluie légère,Autre collision,,,,,,,,,,,2,2,1,2.0,6.0
201100022052,0011-11-07 08:30:00,11,11,7,8,30,140,118,"5, LIBERTE (PLACE DE LA)",,,Crépuscule ou aube,En agglomération,Hors intersection,Temps couvert,Autre collision,,,,,,,,,,,2,2,1,8.0,6.0
201100022053,0011-11-15 19:20:00,11,11,15,19,20,140,118,"202, BAYEUX (RUE DE  >=",,,Nuit avec éclairage allumé,En agglomération,Hors intersection,Normale,Autre collision,,,,,,,,,,,5,2,1,1.0,6.0
201100022054,0011-11-20 18:55:00,11,11,20,18,55,140,437,"1, MENDES FRANCE  (AVENU",,,Nuit avec éclairage allumé,Hors agglomération,Intersection en X,Normale,Deux véhicules - côté,,,,,,,,,,,5,1,2,1.0,3.0
201100022055,0011-11-25 13:25:00,11,11,25,13,25,140,118,"41, DELIVRANDE (RUE DE L",,,Plein jour,En agglomération,Hors intersection,Normale,Deux véhicules - côté,,,,,,,,,,,1,2,1,1.0,3.0
201100022056,0011-11-23 15:00:00,11,11,23,15,0,140,118,"0, FALAISE (RUE DE >=90-",,,Plein jour,En agglomération,Intersection en T,Normale,Deux véhicules - côté,,,,,,,,,,,1,2,3,1.0,3.0
201100022057,0011-12-02 17:30:00,11,12,2,17,30,140,118,"2, FOSSES SAINT  JULIEN",,,Nuit avec éclairage allumé,En agglomération,Hors intersection,Normale,Deux véhicules - frontale,,,,,,,,,,,5,2,1,1.0,1.0
201100022058,0011-12-06 20:10:00,11,12,6,20,10,140,118,RN 814,,,Nuit avec éclairage allumé,En agglomération,Hors intersection,Temps couvert,Autre collision,,,,,,,,,,,5,2,1,8.0,6.0
201100022059,0011-12-10 16:20:00,11,12,10,16,20,140,181,"1, SOLIERS CD 229 (ROUTE",,,Plein jour,Hors agglomération,Hors intersection,Normale,Deux véhicules - frontale,,,,,,,,,,,1,1,1,1.0,1.0
201100022060,0011-12-14 14:55:00,11,12,14,14,55,140,437,PERIPHERIQUE SUD (BOULEV,,,Plein jour,Hors agglomération,Hors intersection,Pluie légère,Sans collision,,,,,,,,,,,1,1,1,2.0,7.0
201100022061,0011-12-18 09:30:00,11,12,18,9,30,140,327,"1, 3EME DIVISION D'INFAN",,,Plein jour,En agglomération,Intersection en T,Temps couvert,Deux véhicules - côté,,,,,,,,,,,1,2,3,8.0,3.0
201100022062,0011-12-17 17:35:00,11,12,17,17,35,140,167,"0, GUESDES (RUE JULES)",,,Crépuscule ou aube,En agglomération,Intersection en T,Normale,Deux véhicules - frontale,,,,,,,,,,,2,2,3,1.0,1.0
201100022063,0011-12-24 11:50:00,11,12,24,11,50,140,125,"0, RD N? 79  (DE CAEN A",,,Plein jour,En agglomération,Hors intersection,Normale,Deux véhicules - frontale,,,,,,,,,,,1,2,1,1.0,1.0
201100022064,0011-12-30 17:30:00,11,12,30,17,30,140,118,"88, MOULIN (RUE DU GENER",,,Nuit avec éclairage allumé,En agglomération,Intersection en T,Pluie forte,Autre collision,,,,,,,,,,,5,2,3,3.0,6.0
201100022065,0011-02-11 10:45:00,11,2,11,10,45,310,547,1110 route d'OX,,,Plein jour,En agglomération,Hors intersection,Normale,Autre collision,,,,,,,,,,,1,2,1,1.0,6.0
201100022066,0011-04-09 14:30:00,11,4,9,14,30,310,454,chemin du touges,43.40025,1.11528,Plein jour,Hors agglomération,Hors intersection,Normale,Sans collision,,,,,,,,,,,1,1,1,1.0,7.0
201100022067,0011-04-22 14:45:00,11,4,22,14,45,310,454,,,,Plein jour,Hors agglomération,Intersection en X,Normale,Deux véhicules - côté,,,,,,,,,,,1,1,2,1.0,3.0
201100022068,0011-05-08 03:45:00,11,5,8,3,45,310,520,,43.37956,1.00816,Nuit sans éclairage public,Hors agglomération,Hors intersection,Normale,Sans collision,,,,,,,,,,,3,1,1,1.0,7.0
201100022069,0011-06-14 11:00:00,11,6,14,11,0,310,454,80 Avenue de la Fôret,43.4071,1.10122,Plein jour,En agglomération,Hors intersection,Normale,Autre collision,,,,,,,,,,,1,2,1,1.0,6.0
201100022070,0011-07-20 11:45:00,11,7,20,11,45,310,547,,,,Plein jour,Hors agglomération,Hors intersection,Normale,Deux véhicules - frontale,,,,,,,,,,,1,1,1,1.0,1.0
201100022071,0011-08-27 12:00:00,11,8,27,12,0,310,253,,,,Plein jour,Hors agglomération,Hors intersection,Normale,Deux véhicules - frontale,,,,,,,,,,,1,1,1,1.0,1.0
201100022072,0011-12-11 18:30:00,11,12,11,18,30,310,454,,,,Nuit sans éclairage public,Hors agglomération,Hors intersection,Normale,Deux véhicules - côté,,,,,,,,,,,3,1,1,1.0,3.0
201100022073,0011-06-17 16:50:00,11,6,17,16,50,140,117,"1, REINE MATHILDE (AVENU",49.2819,-0.13168,Plein jour,En agglomération,Hors intersection,Normale,Autre collision,,,,,,,,,,,1,2,1,1.0,6.0
201100022074,0011-08-29 18:20:00,11,8,29,18,20,140,338,JACQUES LANDRY (BOULEVAR,,,Plein jour,En agglomération,Intersection en X,Normale,Autre collision,,,,,,,,,,,1,2,2,1.0,6.0
201100022075,0011-09-02 18:52:00,11,9,2,18,52,140,225,REPUBLIQUE (PLACE DE LA),,,Plein jour,En agglomération,Autre intersection,Normale,Deux véhicules - frontale,,,,,,,,,,,1,2,9,1.0,1.0
201100022076,0011-04-23 09:20:00,11,4,23,9,20,140,225,"115, GAULLE (RUE DU GAL)",49.2851,-0.10603,Plein jour,En agglomération,Autre intersection,Normale,Deux véhicules - côté,,,,,,,,,,,1,2,9,1.0,3.0
201100022077,0011-04-23 11:30:00,11,4,23,11,30,140,338,JACQUES LANDRY (BOULEVAR,49.3001,-0.08031,Plein jour,En agglomération,Hors intersection,Normale,Deux véhicules - côté,,,,,,,,,,,1,2,1,1.0,3.0
201100022078,0011-01-13 19:00:00,11,1,13,19,0,300,117,,43.71834,4.5483,Nuit sans éclairage public,Hors agglomération,Hors intersection,Normale,Deux véhicules - frontale,,,,,,,,,,,3,1,1,1.0,1.0
201100022079,0011-01-17 15:00:00,11,1,17,15,0,300,211,,43.82717,4.51642,Plein jour,Hors agglomération,Hors intersection,Normale,Autre collision,,,,,,,,,,,1,1,1,1.0,6.0
201100022080,0011-03-18 18:45:00,11,3,18,18,45,300,34,,43.75865,4.50483,Crépuscule ou aube,Hors agglomération,Hors intersection,Normale,Deux véhicules - frontale,,,,,,,,,,,2,1,1,1.0,1.0
201100022081,0011-04-23 17:30:00,11,4,23,17,30,300,34,,43.7589,4.50732,Plein jour,Hors agglomération,Giratoire,Normale,Deux véhicules - arrière,,,,,,,,,,,1,1,6,1.0,2.0
201100022082,0011-05-06 13:45:00,11,5,6,13,45,300,47,,43.77973,4.45445,Plein jour,Hors agglomération,Hors intersection,Normale,Deux véhicules - frontale,,,,,,,,,,,1,1,1,1.0,1.0
201100022083,0011-05-17 14:00:00,11,5,17,14,0,300,125,chemin de la farelle,43.77177,4.43152,Plein jour,En agglomération,Hors intersection,Normale,Deux véhicules - côté,,,,,,,,,,,1,2,1,1.0,3.0
201100022084,0011-05-18 11:45:00,11,5,18,11,45,300,125,,43.77624,4.42758,Plein jour,Hors agglomération,Hors intersection,Normale,Deux véhicules - frontale,,,,,,,,,,,1,1,1,1.0,1.0
201100022085,0011-06-22 19:30:00,11,6,22,19,30,300,60,,43.80311,4.39694,Plein jour,Hors agglomération,Hors intersection,Normale,Deux véhicules - frontale,,,,,,,,,,,1,1,1,1.0,1.0
201100022086,0011-07-21 22:00:00,11,7,21,22,0,300,125,,43.78414,4.42998,Crépuscule ou aube,Hors agglomération,Hors intersection,Normale,Autre collision,,,,,,,,,,,2,1,1,1.0,6.0
201100022087,0011-07-27 11:45:00,11,7,27,11,45,300,47,42 route de nimes,43.80113,4.42403,Plein jour,En agglomération,Hors intersection,Normale,Deux véhicules - côté,,,,,,,,,,,1,2,1,1.0,3.0
201100022088,0011-08-12 18:30:00,11,8,12,18,30,300,60,CD 42 - PK 04+400,43.79787,4.38141,Plein jour,En agglomération,Hors intersection,Normale,Trois véhicules et plus - en chaîne,,,,,,,,,,,1,2,1,1.0,4.0
201100022089,0011-08-20 10:30:00,11,8,20,10,30,300,60,CD 135 Feux tricolores,43.79191,4.38027,Plein jour,En agglomération,Hors intersection,Normale,Deux véhicules - arrière,,,,,,,,,,,1,2,1,1.0,2.0
201100022090,0011-10-08 12:15:00,11,10,8,12,15,300,34,chemin de barrau,43.73759,4.51974,Plein jour,En agglomération,Hors intersection,Normale,Deux véhicules - arrière,,,,,,,,,,,1,2,1,1.0,2.0
201100022091,0011-10-14 12:45:00,11,10,14,12,45,300,34,,43.75964,4.4913,Plein jour,Hors agglomération,Hors intersection,Normale,Autre collision,,,,,,,,,,,1,1,1,1.0,6.0
201100022092,0011-10-24 20:00:00,11,10,24,20,0,300,60,,43.77502,4.40137,Nuit sans éclairage public,Hors agglomération,Hors intersection,Pluie forte,Deux véhicules - côté,,,,,,,,,,,3,1,1,3.0,3.0
201100022093,0011-11-19 16:00:00,11,11,19,16,0,300,34,,43.76349,4.5266,Plein jour,Hors agglomération,Hors intersection,Pluie légère,Deux véhicules - côté,,,,,,,,,,,1,1,1,2.0,3.0
201100022094,0011-11-23 15:30:00,11,11,23,15,30,300,34,rue de la R?publique,43.75494,4.51518,Plein jour,En agglomération,Intersection en X,Normale,Deux véhicules - côté,,,,,,,,,,,1,2,2,1.0,3.0
201100022095,0011-12-02 11:30:00,11,12,2,11,30,300,34,,43.73347,4.46556,Plein jour,Hors agglomération,Hors intersection,Normale,Deux véhicules - frontale,,,,,,,,,,,1,1,1,1.0,1.0
201100022096,0011-01-09 19:30:00,11,1,9,19,30,140,333,CANTELOUP (AVENUE DU),49.4087,0.24692,Nuit avec éclairage allumé,En agglomération,Autre intersection,Normale,Deux véhicules - côté,,,,,,,,,,,5,2,9,1.0,3.0
201100022097,0011-02-20 16:40:00,11,2,20,16,40,140,243,PLANE (LA),49.3848,0.20481,Plein jour,Hors agglomération,Hors intersection,Normale,Sans collision,,,,,,,,,,,1,1,1,1.0,7.0
201100022098,0011-03-11 16:50:00,11,3,11,16,50,140,333,SEINE (QUAI EN ),49.428,0.25724,Plein jour,Hors agglomération,Hors intersection,Normale,Sans collision,,,,,,,,,,,1,1,1,1.0,7.0
201100022099,0011-04-10 10:15:00,11,4,10,10,15,140,536,CD 580,49.4117,0.25241,Plein jour,En agglomération,Giratoire,Normale,Deux véhicules - arrière,,,,,,,,,,,1,2,6,1.0,2.0
201100022100,0011-05-16 13:10:00,11,5,16,13,10,140,333,CD 579,49.3905,0.25112,Plein jour,Hors agglomération,Giratoire,Normale,Deux véhicules - frontale,,,,,,,,,,,1,1,6,1.0,1.0
201100022101,0011-06-04 21:25:00,11,6,4,21,25,140,333,CALE (QUAI DE LA),49.4209,0.23777,Plein jour,En agglomération,Autre intersection,Pluie forte,Deux véhicules - côté,,,,,,,,,,,1,2,9,3.0,3.0
201100022102,0011-07-29 07:30:00,11,7,29,7,30,140,333,SEINE (QUAI EN ),,,Plein jour,En agglomération,Intersection en T,Temps éblouissant,Deux véhicules - côté,,,,,,,,,,,1,2,3,7.0,3.0
201100022103,0011-07-31 02:50:00,11,7,31,2,50,140,1,CD 580,,,Nuit sans éclairage public,Hors agglomération,Hors intersection,Normale,Sans collision,,,,,,,,,,,3,1,1,1.0,7.0
201100022104,0011-08-07 23:30:00,11,8,7,23,30,140,1,CD 580,,,Nuit sans éclairage public,Hors agglomération,Hors intersection,Pluie légère,Deux véhicules - arrière,,,,,,,,,,,3,1,1,2.0,2.0
201100022105,0011-08-11 19:00:00,11,8,11,19,0,140,536,MONTSAINT (CHARRIERE),,,Plein jour,En agglomération,Hors intersection,Pluie forte,Sans collision,,,,,,,,,,,1,2,1,3.0,7.0
201100022106,0011-10-04 06:30:00,11,10,4,6,30,140,536,CD 580,,,Nuit avec éclairage allumé,Hors agglomération,Giratoire,Pluie légère,Deux véhicules - côté,,,,,,,,,,,5,1,6,2.0,3.0
201100022107,0011-11-04 09:40:00,11,11,4,9,40,140,333,"1, BOUDIN (RUE EUGENE)",,,Plein jour,En agglomération,Intersection en X,Temps éblouissant,Deux véhicules - côté,,,,,,,,,,,1,2,2,7.0,3.0
201100022108,0011-11-16 17:53:00,11,11,16,17,53,140,333,"32, RENOUF (RUE EMILE)",,,Nuit avec éclairage allumé,En agglomération,Hors intersection,Normale,Deux véhicules - côté,,,,,,,,,,,5,2,1,1.0,3.0
201100022109,0011-11-28 12:00:00,11,11,28,12,0,140,333,"296, VASSALE (COTE)",,,Plein jour,En agglomération,Hors intersection,Normale,Autre collision,,,,,,,,,,,1,2,1,1.0,6.0
201100022110,0011-12-23 14:40:00,11,12,23,14,40,140,304,CD 144,,,Plein jour,Hors agglomération,Intersection en X,Normale,Deux véhicules - côté,,,,,,,,,,,1,1,2,1.0,3.0
201100022111,0011-12-27 20:29:00,11,12,27,20,29,140,333,CD 580,,,Nuit avec éclairage allumé,En agglomération,Giratoire,Temps couvert,Autre collision,,,,,,,,,,,5,2,6,8.0,6.0
201100022112,0011-12-31 23:45:00,11,12,31,23,45,140,366,"9, NICOLAS ORESME (BOULE",,,Nuit avec éclairage allumé,En agglomération,Intersection en Y,Pluie légère,Deux véhicules - côté,,,,,,,,,,,5,2,4,2.0,3.0
201100022113,0011-01-06 00:05:00,11,1,6,0,5,140,487,R.D 579,,,Nuit sans éclairage public,Hors agglomération,Hors intersection,Pluie forte,Autre collision,,,,,,,,,,,3,1,1,3.0,6.0
201100022114,0011-01-12 13:45:00,11,1,12,13,45,140,366,"26, SAINTE ANNE (BOULEVA",49.143,0.22699,Plein jour,En agglomération,Giratoire,Pluie légère,Deux véhicules - côté,,,,,,,,,,,1,2,6,2.0,3.0
201100022115,0011-01-17 12:50:00,11,1,17,12,50,140,366,PARIS (RUE DE),49.1455,0.24133,Plein jour,En agglomération,Hors intersection,Normale,Deux véhicules - frontale,,,,,,,,,,,1,2,1,1.0,1.0
201100022116,0011-01-18 18:00:00,11,1,18,18,0,140,366,CORMEILLES ( CD 510 ROUT,,,Crépuscule ou aube,Hors agglomération,Hors intersection,Normale,Autre collision,,,,,,,,,,,2,1,1,1.0,6.0
201100022117,0011-01-19 09:00:00,11,1,19,9,0,140,366,"9, PAUL CORNU ( RD48 RUE",,,Plein jour,En agglomération,Hors intersection,Normale,Deux véhicules - arrière,,,,,,,,,,,1,2,1,1.0,2.0
201100022118,0011-01-27 18:20:00,11,1,27,18,20,140,366,"63, GENERAL LECLERC (RUE",49.1572,0.22224,Nuit avec éclairage allumé,En agglomération,Intersection en T,Normale,Deux véhicules - côté,,,,,,,,,,,5,2,3,1.0,3.0
201100022119,0011-01-27 17:15:00,11,1,27,17,15,140,366,"18, NICOLAS ORESME (BOUL",,,Plein jour,En agglomération,Hors intersection,Normale,Sans collision,,,,,,,,,,,1,2,1,1.0,7.0
201100022120,0011-02-01 08:50:00,11,2,1,8,50,140,366,"17, ROCQUES (CHEMIN DE)",49.153,0.22939,Plein jour,En agglomération,Hors intersection,Normale,Autre collision,,,,,,,,,,,1,2,1,1.0,6.0
201100022121,0011-02-15 11:43:00,11,2,15,11,43,140,366,"20, ROSE HAREL (RUE)",49.1402,0.22342,Plein jour,En agglomération,Intersection en T,Normale,Deux véhicules - côté,,,,,,,,,,,1,2,3,1.0,3.0
201100022122,0011-02-28 14:30:00,11,2,28,14,30,140,366,"80, ALEXANDRE FLEMING (R",49.1502,0.25457,Plein jour,En agglomération,Hors intersection,Normale,Deux véhicules - côté,,,,,,,,,,,1,2,1,1.0,3.0
201100022123,0011-03-01 19:40:00,11,3,1,19,40,140,366,R.D 579,49.163,0.22748,Nuit sans éclairage public,Hors agglomération,Giratoire,Normale,Deux véhicules - côté,,,,,,,,,,,3,1,6,1.0,3.0