accident_id,datetime,annee,mois,jour,heure,minute,departement,commune_insee,adresse,latitude,longitude,luminosite,agglomeration,intersection,meteo,collision,nb_vehicules,nb_usagers,nb_indemnes,nb_tues,nb_blesses_hosp,nb_blesses_legers,age_cond_1,age_cond_2,veh_type_cond_1,veh_type_cond_2,lum_code,agg_code,int_code,atm_code,col_code
201100022383,0011-05-21 18:45:00,11,5,21,18,45,240,139,,,,Plein jour,Hors agglomération,Hors intersection,Normale,Autre collision,,,,,,,,,,,1,1,1,1.0,6.0
201100022384,0011-06-25 21:00:00,11,6,25,21,0,240,139,,,,Plein jour,Hors agglomération,Hors intersection,Normale,Sans collision,,,,,,,,,,,1,1,1,1.0,7.0
201100022385,0011-06-29 18:30:00,11,6,29,18,30,240,59,,45.114,0.333,Plein jour,Hors agglomération,Hors intersection,Normale,Deux véhicules - arrière,,,,,,,,,,,1,1,1,1.0,2.0
201100022386,0011-08-30 15:15:00,11,8,30,15,15,240,59,,,,Plein jour,Hors agglomération,Hors intersection,Normale,Autre collision,,,,,,,,,,,1,1,1,1.0,6.0
201100022387,0011-09-07 10:30:00,11,9,7,10,30,240,439,,45.148,0.799,Plein jour,Hors agglomération,Hors intersection,Pluie légère,Sans collision,,,,,,,,,,,1,1,1,2.0,7.0
201100022388,0011-12-20 22:30:00,11,12,20,22,30,240,449,,44.995,0.215,Nuit sans éclairage public,Hors agglomération,Hors intersection,Temps couvert,Autre collision,,,,,,,,,,,3,1,1,8.0,6.0
201100022389,0011-01-25 19:30:00,11,1,25,19,30,340,169,ch du Pioch de Baillos,43.65378,3.86128,Nuit avec éclairage allumé,En agglomération,Hors intersection,Normale,Autre collision,,,,,,,,,,,5,2,1,1.0,6.0
201100022390,0011-03-08 12:45:00,11,3,8,12,45,340,169,avenue d'agropolis,43.64868,3.86848,Plein jour,En agglomération,Hors intersection,Normale,Sans collision,,,,,,,,,,,1,2,1,1.0,7.0
201100022391,0011-03-17 19:30:00,11,3,17,19,30,340,120,,43.6595,3.90115,Nuit avec éclairage allumé,Hors agglomération,Giratoire,Normale,Autre collision,,,,,,,,,,,5,1,6,1.0,6.0
201100022392,0011-04-06 21:30:00,11,4,6,21,30,340,120,avenue de vendargues,43.663,3.914,Nuit avec éclairage allumé,En agglomération,Hors intersection,Normale,Autre collision,,,,,,,,,,,5,2,1,1.0,6.0
201100022393,0011-09-05 12:00:00,11,9,5,12,0,340,309,,43.70482,3.93925,Plein jour,Hors agglomération,Autre intersection,Normale,Autre collision,,,,,,,,,,,1,1,9,1.0,6.0
201100022394,0011-10-12 13:15:00,11,10,12,13,15,340,77,,43.659,3.875,Plein jour,Hors agglomération,Hors intersection,Normale,Deux véhicules - arrière,,,,,,,,,,,1,1,1,1.0,2.0
201100022395,0011-11-09 09:15:00,11,11,9,9,15,340,120,,43.668,3.905,Plein jour,Hors agglomération,Hors intersection,Pluie légère,Deux véhicules - arrière,,,,,,,,,,,1,1,1,2.0,2.0
201100022396,0011-11-27 03:30:00,11,11,27,3,30,340,118,,,,Nuit sans éclairage public,Hors agglomération,Hors intersection,Normale,Autre collision,,,,,,,,,,,3,1,1,1.0,6.0
201100022397,0011-12-16 04:00:00,11,12,16,4,0,340,77,,43.652,3.888,Nuit sans éclairage public,Hors agglomération,Hors intersection,Normale,Autre collision,,,,,,,,,,,3,1,1,1.0,6.0
201100022398,0011-01-06 10:23:00,11,1,6,10,23,160,113,DEVIATION LA COURONNE,45.609,0.0822,Plein jour,Hors agglomération,Hors intersection,Normale,Autre collision,,,,,,,,,,,1,1,1,1.0,6.0
201100022399,0011-01-06 10:59:00,11,1,6,10,59,160,113,DEVIATION LA COURONNE,45.6071,0.0768,Plein jour,En agglomération,Hors intersection,Normale,Deux véhicules - arrière,,,,,,,,,,,1,2,1,1.0,2.0
201100022400,0011-01-09 16:55:00,11,1,9,16,55,160,291,RUE DE BREBONZAT,45.6778,0.206,Crépuscule ou aube,Hors agglomération,Hors intersection,Normale,Autre collision,,,,,,,,,,,2,1,1,1.0,6.0
201100022401,0011-01-04 15:00:00,11,1,4,15,0,160,78,Route Nationale 141,45.6943,0.2409,Plein jour,En agglomération,Hors intersection,Normale,Deux véhicules - frontale,,,,,,,,,,,1,2,1,1.0,1.0
201100022402,0011-01-18 12:46:00,11,1,18,12,46,160,15,287 ROUTE DEBORDEAUX,45.6475,0.1415,Plein jour,En agglomération,Intersection en X,Normale,Deux véhicules - côté,,,,,,,,,,,1,2,2,1.0,3.0
201100022403,0011-01-12 08:46:00,11,1,12,8,46,160,113,route de Bordeaux,45.6098,0.0945,Plein jour,En agglomération,Hors intersection,Normale,Deux véhicules - côté,,,,,,,,,,,1,2,1,1.0,3.0
201100022404,0011-01-14 14:05:00,11,1,14,14,5,160,15,RUE SAINT ANTOINE,45.66,0.1648,Plein jour,En agglomération,Hors intersection,Normale,Deux véhicules - arrière,,,,,,,,,,,1,2,1,1.0,2.0
201100022405,0011-01-15 07:50:00,11,1,15,7,50,160,15,399  RUE DEBASSEAU,45.6523,0.1085,Crépuscule ou aube,En agglomération,Hors intersection,Normale,Autre collision,,,,,,,,,,,2,2,1,1.0,6.0
201100022406,0011-01-12 21:05:00,11,1,12,21,5,160,15,BOULEVARD SAINT ANTOINE,45.6594,0.143,Nuit avec éclairage allumé,En agglomération,Hors intersection,Normale,Deux véhicules - côté,,,,,,,,,,,5,2,1,1.0,3.0
201100022407,0011-12-16 19:30:00,11,12,16,19,30,160,15,ROUTE DE BORDEAUX,45.38334,0.08071,Nuit avec éclairage allumé,En agglomération,Hors intersection,Pluie forte,Autre collision,,,,,,,,,,,5,2,1,3.0,6.0
201100022408,0011-12-15 16:50:00,11,12,15,16,50,160,15,110  RUE SAINT ROCH,45.39015,0.0956,Plein jour,En agglomération,Hors intersection,Pluie légère,Autre collision,,,,,,,,,,,1,2,1,2.0,6.0
201100022409,0011-01-31 13:35:00,11,1,31,13,35,160,15,Rue Louise Lériget,45.6533,0.1789,Plein jour,En agglomération,Place,Normale,Autre collision,,,,,,,,,,,1,2,7,1.0,6.0
201100022410,0011-09-06 16:45:00,11,9,6,16,45,160,291,6 RUE CAMILLe  PELLETAN,45.6784,0.22549,Plein jour,En agglomération,Hors intersection,Normale,Autre collision,,,,,,,,,,,1,2,1,1.0,6.0
201100022411,0011-09-08 07:30:00,11,9,8,7,30,160,154,,45.69374,0.17215,Plein jour,Hors agglomération,Hors intersection,Normale,Deux véhicules - côté,,,,,,,,,,,1,1,1,1.0,3.0
201100022412,0011-09-08 15:30:00,11,9,8,15,30,160,291,FONTAINE DES RIFFAUDS,45.68889,0.25477,Plein jour,Hors agglomération,Hors intersection,Normale,Sans collision,,,,,,,,,,,1,1,1,1.0,7.0
201100022413,0011-12-29 19:40:00,11,12,29,19,40,160,154,Giratoire de Roffit,45.40433,0.09254,Nuit avec éclairage allumé,En agglomération,Giratoire,Pluie légère,Deux véhicules - côté,,,,,,,,,,,5,2,6,2.0,3.0
201100022414,0011-12-04 18:20:00,11,12,4,18,20,160,15,"353, LATTRE DE TASSIGNY",45.39109,0.09532,Nuit avec éclairage allumé,En agglomération,Intersection en X,Autre,Deux véhicules - côté,,,,,,,,,,,5,2,2,9.0,3.0
201100022415,0011-12-03 11:45:00,11,12,3,11,45,160,291,La Combe aux Loups,45.41192,0.13259,Plein jour,Hors agglomération,Hors intersection,Pluie légère,Autre collision,,,,,,,,,,,1,1,1,2.0,6.0
201100022416,0011-11-25 09:30:00,11,11,25,9,30,160,15,BOULEVARD JEan  MOULIN,45.63173,0.15209,Plein jour,En agglomération,Hors intersection,Normale,Autre collision,,,,,,,,,,,1,2,1,1.0,6.0
201100022417,0011-11-26 19:05:00,11,11,26,19,5,160,271,Contournement Est,45.62587,0.17311,Nuit sans éclairage public,Hors agglomération,Hors intersection,Normale,Autre collision,,,,,,,,,,,3,1,1,1.0,6.0
201100022418,0011-10-21 02:30:00,11,10,21,2,30,160,15,55 Bd  BESSON BEY,45.65495,0.1586,Nuit avec éclairage allumé,En agglomération,Hors intersection,Normale,Deux véhicules - côté,,,,,,,,,,,5,2,1,1.0,3.0
201100022419,0011-02-04 07:53:00,11,2,4,7,53,160,15,218  RUE DEMONTMOREAU,45.6419,0.1572,Crépuscule ou aube,En agglomération,Hors intersection,Normale,Deux véhicules - arrière,,,,,,,,,,,2,2,1,1.0,2.0
201100022420,0011-02-02 07:40:00,11,2,2,7,40,160,15,374 RUE DE MONTMOREAU,45.6352,0.1541,Nuit avec éclairage allumé,En agglomération,Hors intersection,Normale,Autre collision,,,,,,,,,,,5,2,1,1.0,6.0
201100022421,0011-02-19 17:52:00,11,2,19,17,52,160,113,23 ROUTE DE LAVERGNE,45.6033,0.0817,Plein jour,En agglomération,Hors intersection,Normale,Autre collision,,,,,,,,,,,1,2,1,1.0,6.0
201100022422,0011-02-08 09:42:00,11,2,8,9,42,160,15,,45.6615,0.1744,Plein jour,En agglomération,Intersection en T,Brouillard / fumée,Deux véhicules - côté,,,,,,,,,,,1,2,3,5.0,3.0
201100022423,0011-02-18 10:45:00,11,2,18,10,45,160,166,17AV DU MAREchal JUIN,45.6594,0.173,Plein jour,En agglomération,Hors intersection,Normale,Deux véhicules - arrière,,,,,,,,,,,1,2,1,1.0,2.0
201100022424,0011-02-11 16:25:00,11,2,11,16,25,160,113,ROUTE DE BORDEAUX,45.6176,0.1043,Plein jour,En agglomération,Hors intersection,Normale,Deux véhicules - arrière,,,,,,,,,,,1,2,1,1.0,2.0
201100022425,0011-03-12 08:02:00,11,3,12,8,2,160,374,La Maison rouge,45.6321,0.2168,Plein jour,Hors agglomération,Hors intersection,Normale,Deux véhicules - côté,,,,,,,,,,,1,1,1,1.0,3.0
201100022426,0011-02-19 00:30:00,11,2,19,0,30,160,15,Lunesse,45.6577,0.1827,Nuit avec éclairage allumé,En agglomération,Place,Normale,Sans collision,,,,,,,,,,,5,2,7,1.0,7.0
201100022427,0011-03-04 10:00:00,11,3,4,10,0,160,374,AVENUE DU Gal DE GAULLE,45.6402,0.1982,Plein jour,En agglomération,Hors intersection,Normale,Deux véhicules - arrière,,,,,,,,,,,1,2,1,1.0,2.0
201100022428,0011-03-05 17:36:00,11,3,5,17,36,160,15,134 RUE DEBORDEAUX,45.6533,0.1498,Plein jour,En agglomération,Hors intersection,Normale,Trois véhicules et plus - en chaîne,,,,,,,,,,,1,2,1,1.0,4.0
201100022429,0011-02-26 10:00:00,11,2,26,10,0,160,15,200 RUE DE PERIGUEUX,45.6468,0.1517,Plein jour,En agglomération,Intersection en T,Normale,Sans collision,,,,,,,,,,,1,2,3,1.0,7.0
201100022430,0011-02-22 20:55:00,11,2,22,20,55,160,15,RUE RAYMOND POINCARE,45.6483,0.163,Nuit avec éclairage allumé,En agglomération,Hors intersection,Normale,Deux véhicules - côté,,,,,,,,,,,5,2,1,1.0,3.0
201100022431,0011-02-09 23:45:00,11,2,9,23,45,160,15,86 bis rue St Matin,45.6484,0.1593,Nuit avec éclairage allumé,En agglomération,Hors intersection,Normale,Sans collision,,,,,,,,,,,5,2,1,1.0,7.0
201100022432,0011-02-17 12:35:00,11,2,17,12,35,160,15,20 rue FONTAINE dechande,45.6513,0.1611,Plein jour,En agglomération,Intersection en T,Normale,Deux véhicules - côté,,,,,,,,,,,1,2,3,1.0,3.0
201100022433,0011-03-09 07:30:00,11,3,9,7,30,160,113,ROUT de BORDEAUX,45.6156,0.1018,Crépuscule ou aube,En agglomération,Giratoire,Normale,Deux véhicules - arrière,,,,,,,,,,,2,2,6,1.0,2.0
201100022434,0011-03-15 11:35:00,11,3,15,11,35,160,15,,45.6459,0.1186,Plein jour,Hors agglomération,Hors intersection,Normale,Deux véhicules - côté,,,,,,,,,,,1,1,1,1.0,3.0
201100022435,0011-03-16 08:30:00,11,3,16,8,30,160,15,87  RUE SAINT ROCH,45.6499,0.1659,Plein jour,En agglomération,Intersection en T,Normale,Deux véhicules - frontale,,,,,,,,,,,1,2,3,1.0,1.0
201100022436,0011-03-10 17:00:00,11,3,10,17,0,160,291,Route Nationale 141,45.6909,0.2311,Plein jour,Hors agglomération,Hors intersection,Normale,Deux véhicules - arrière,,,,,,,,,,,1,1,1,1.0,2.0
201100022437,0011-03-23 18:12:00,11,3,23,18,12,160,166,2 rue PASTEUR,45.6622,0.1901,Plein jour,En agglomération,Hors intersection,Normale,Deux véhicules - côté,,,,,,,,,,,1,2,1,1.0,3.0
201100022438,0011-03-29 22:15:00,11,3,29,22,15,160,15,33 rue de la tRESORiere,45.6345,0.1514,Nuit avec éclairage allumé,En agglomération,Hors intersection,Pluie légère,Deux véhicules - frontale,,,,,,,,,,,5,2,1,2.0,1.0
201100022439,0011-03-31 20:15:00,11,3,31,20,15,160,15,121 Av de lattre de tass,45.6529,0.1646,Plein jour,En agglomération,Autre intersection,Normale,Deux véhicules - côté,,,,,,,,,,,1,2,9,1.0,3.0
201100022440,0011-03-28 19:06:00,11,3,28,19,6,160,15,22 rue MAURON,45.6628,0.1475,Plein jour,En agglomération,Intersection en X,Normale,Deux véhicules - côté,,,,,,,,,,,1,2,2,1.0,3.0
201100022441,0011-03-26 11:50:00,11,3,26,11,50,160,15,parking Intermarché,45.6312,0.1528,Plein jour,En agglomération,Place,Normale,Deux véhicules - côté,,,,,,,,,,,1,2,7,1.0,3.0
201100022442,0011-04-10 12:58:00,11,4,10,12,58,160,15,Bd du  HUIT MAI 1945,,,Plein jour,En agglomération,Hors intersection,Normale,Sans collision,,,,,,,,,,,1,2,1,1.0,7.0
201100022443,0011-04-14 12:50:00,11,4,14,12,50,160,15,RUE DU PORT THUREAU,,,Plein jour,En agglomération,Giratoire,Normale,Deux véhicules - côté,,,,,,,,,,,1,2,6,1.0,3.0
201100022444,0011-04-16 14:30:00,11,4,16,14,30,160,113,CENTRE COMMERCIAL AUChan,,,Plein jour,En agglomération,Hors intersection,Normale,Autre collision,,,,,,,,,,,1,2,1,1.0,6.0
201100022445,0011-04-19 09:25:00,11,4,19,9,25,160,291,14 AVENUE SALENGRO,,,Plein jour,En agglomération,Hors intersection,Normale,Deux véhicules - côté,,,,,,,,,,,1,2,1,1.0,3.0
201100022446,0011-04-21 17:15:00,11,4,21,17,15,160,154,ROUTE DE  VARS,,,Plein jour,En agglomération,Hors intersection,Normale,Deux véhicules - arrière,,,,,,,,,,,1,2,1,1.0,2.0
201100022447,0011-04-22 05:20:00,11,4,22,5,20,160,15,,,,Nuit sans éclairage public,En agglomération,Hors intersection,Normale,Deux véhicules - arrière,,,,,,,,,,,3,2,1,1.0,2.0
201100022448,0011-04-23 16:50:00,11,4,23,16,50,160,271,RUE DE PEUSEC,,,Plein jour,En agglomération,Hors intersection,Normale,Deux véhicules - frontale,,,,,,,,,,,1,2,1,1.0,1.0
201100022449,0011-04-29 12:23:00,11,4,29,12,23,160,154,224 ROUTE DE  PARIS,,,Plein jour,En agglomération,Intersection en T,Normale,Deux véhicules - frontale,,,,,,,,,,,1,2,3,1.0,1.0
201100022450,0011-04-30 12:27:00,11,4,30,12,27,160,15,RUE  BLERIOT,,,Plein jour,En agglomération,Hors intersection,Normale,Autre collision,,,,,,,,,,,1,2,1,1.0,6.0
201100022451,0011-04-22 12:12:00,11,4,22,12,12,160,166,AVENUE MARISE BASTIE,,,Plein jour,En agglomération,Giratoire,Normale,Deux véhicules - côté,,,,,,,,,,,1,2,6,1.0,3.0
201100022452,0011-04-23 17:20:00,11,4,23,17,20,160,138,Les Planes,,,Plein jour,En agglomération,Hors intersection,Normale,Deux véhicules - côté,,,,,,,,,,,1,2,1,1.0,3.0
201100022453,0011-04-29 12:23:00,11,4,29,12,23,160,15,RUE SAINT ROCH,,,Plein jour,En agglomération,Intersection en T,Normale,Deux véhicules - côté,,,,,,,,,,,1,2,3,1.0,3.0
201100022454,0011-05-01 07:35:00,11,5,1,7,35,160,15,ROUTE DE BORDEAUX,,,Plein jour,En agglomération,Giratoire,Normale,Deux véhicules - côté,,,,,,,,,,,1,2,6,1.0,3.0
201100022455,0011-05-02 07:45:00,11,5,2,7,45,160,291,Logis de Fissac,,,Plein jour,En agglomération,Intersection en X,Normale,Deux véhicules - arrière,,,,,,,,,,,1,2,2,1.0,2.0
201100022456,0011-05-06 18:15:00,11,5,6,18,15,160,15,Bd de Bretagne,,,Plein jour,En agglomération,Giratoire,Normale,Deux véhicules - arrière,,,,,,,,,,,1,2,6,1.0,2.0
201100022457,0011-05-16 22:35:00,11,5,16,22,35,160,15,,,,Nuit avec éclairage allumé,En agglomération,Giratoire,Normale,Sans collision,,,,,,,,,,,5,2,6,1.0,7.0
201100022458,0011-05-21 13:00:00,11,5,21,13,0,160,113,DEVIATION La couronne,,,Plein jour,Hors agglomération,Hors intersection,Normale,Trois véhicules et plus - collisions multiples,,,,,,,,,,,1,1,1,1.0,5.0
201100022459,0011-05-18 18:35:00,11,5,18,18,35,160,15,"109, RUE DE PERIGUEUX",,,Plein jour,En agglomération,Intersection en T,Normale,Deux véhicules - côté,,,,,,,,,,,1,2,3,1.0,3.0
201100022460,0011-05-21 15:30:00,11,5,21,15,30,160,113,ROUTE DU PONT NEUF,,,Plein jour,Hors agglomération,Intersection en T,Normale,Deux véhicules - côté,,,,,,,,,,,1,1,3,1.0,3.0
201100022461,0011-05-17 13:35:00,11,5,17,13,35,160,15,Giratoire SAINT ANTOINE,,,Plein jour,En agglomération,Giratoire,Normale,Deux véhicules - arrière,,,,,,,,,,,1,2,6,1.0,2.0
201100022462,0011-06-05 06:10:00,11,6,5,6,10,160,15,,,,Crépuscule ou aube,En agglomération,Hors intersection,Normale,Autre collision,,,,,,,,,,,2,2,1,1.0,6.0
201100022463,0011-06-02 15:37:00,11,6,2,15,37,160,154,,,,Plein jour,En agglomération,Intersection en T,Normale,Deux véhicules - côté,,,,,,,,,,,1,2,3,1.0,3.0
201100022464,0011-05-27 18:17:00,11,5,27,18,17,160,154,40 ROUTE DE PARIS,,,Plein jour,En agglomération,Hors intersection,Normale,Autre collision,,,,,,,,,,,1,2,1,1.0,6.0
201100022465,0011-05-24 18:25:00,11,5,24,18,25,160,113,,,,Plein jour,En agglomération,Hors intersection,Normale,Deux véhicules - côté,,,,,,,,,,,1,2,1,1.0,3.0
201100022466,0011-05-29 14:30:00,11,5,29,14,30,160,374,"00, DE GAULLE (AVENUE DU",,,Plein jour,En agglomération,Intersection en X,Normale,Deux véhicules - arrière,,,,,,,,,,,1,2,2,1.0,2.0
201100022467,0011-05-31 20:15:00,11,5,31,20,15,160,15,Boulevard du HUIT MAI 45,,,Plein jour,En agglomération,Intersection en T,Pluie légère,Deux véhicules - côté,,,,,,,,,,,1,2,3,2.0,3.0
201100022468,0011-06-04 17:15:00,11,6,4,17,15,160,15,Av de LATTRE DE TASSIGNY,,,Plein jour,En agglomération,Intersection en X,Normale,Deux véhicules - côté,,,,,,,,,,,1,2,2,1.0,3.0
201100022469,0011-06-05 13:00:00,11,6,5,13,0,160,15,,,,Plein jour,En agglomération,Intersection en T,Normale,Deux véhicules - côté,,,,,,,,,,,1,2,3,1.0,3.0
201100022470,0011-06-13 15:50:00,11,6,13,15,50,160,15,RUE RAYMOND POINCARE,,,Plein jour,En agglomération,Hors intersection,Normale,Deux véhicules - côté,,,,,,,,,,,1,2,1,1.0,3.0
201100022471,0011-06-15 09:30:00,11,6,15,9,30,160,154,,,,Plein jour,En agglomération,Giratoire,Normale,Trois véhicules et plus - collisions multiples,,,,,,,,,,,1,2,6,1.0,5.0
201100022472,0011-06-21 18:35:00,11,6,21,18,35,160,15,DENFERT ROCHEREAU,,,Plein jour,En agglomération,Intersection en T,Normale,Deux véhicules - côté,,,,,,,,,,,1,2,3,1.0,3.0
201100022473,0011-06-26 15:40:00,11,6,26,15,40,160,113,Giratoire Pont Valteau,,,Plein jour,Hors agglomération,Giratoire,Normale,Deux véhicules - côté,,,,,,,,,,,1,1,6,1.0,3.0
201100022474,0011-06-18 20:25:00,11,6,18,20,25,160,15,DEVIATION d'Angoulême,,,Plein jour,Hors agglomération,Hors intersection,Normale,Autre collision,,,,,,,,,,,1,1,1,1.0,6.0
201100022475,0011-06-19 17:10:00,11,6,19,17,10,160,15,AV  LATTRE DE TASSIGNY,,,Plein jour,En agglomération,Giratoire,Normale,Deux véhicules - arrière,,,,,,,,,,,1,2,6,1.0,2.0
201100022476,0011-06-27 12:10:00,11,6,27,12,10,160,154,,,,Plein jour,En agglomération,Intersection en T,Normale,Deux véhicules - côté,,,,,,,,,,,1,2,3,1.0,3.0
201100022477,0011-06-28 16:55:00,11,6,28,16,55,160,15,20 RUE DE SAINTES,,,Plein jour,En agglomération,Hors intersection,Normale,Autre collision,,,,,,,,,,,1,2,1,1.0,6.0
201100022478,0011-07-08 06:55:00,11,7,8,6,55,160,15,,45.639,0.13089,Crépuscule ou aube,En agglomération,Hors intersection,Pluie légère,Sans collision,,,,,,,,,,,2,2,1,2.0,7.0
201100022479,0011-07-02 11:25:00,11,7,2,11,25,160,15,,45.6425,0.1353,Plein jour,En agglomération,Hors intersection,Normale,Deux véhicules - côté,,,,,,,,,,,1,2,1,1.0,3.0
201100022480,0011-07-25 11:10:00,11,7,25,11,10,160,15,,45.6527,0.1558,Plein jour,En agglomération,Hors intersection,Pluie légère,Autre collision,,,,,,,,,,,1,2,1,2.0,6.0
201100022481,0011-07-08 16:20:00,11,7,8,16,20,160,15,Av du Président Wilson,45.6528,0.1468,Plein jour,En agglomération,Hors intersection,Normale,Autre collision,,,,,,,,,,,1,2,1,1.0,6.0
201100022482,0011-07-09 02:45:00,11,7,9,2,45,160,358,11 rue PRADELLES,45.6822,0.1453,Nuit avec éclairage allumé,En agglomération,Hors intersection,Normale,Autre collision,,,,,,,,,,,5,2,1,1.0,6.0
201100022483,0011-07-09 10:55:00,11,7,9,10,55,160,15,BOULEVARD Jean MOULIN,45.6318,0.15113,Plein jour,En agglomération,Hors intersection,Normale,Deux véhicules - arrière,,,,,,,,,,,1,2,1,1.0,2.0
201100022484,0011-07-09 08:45:00,11,7,9,8,45,160,15,giratoire de Clairgon,45.6263,0.15425,Plein jour,En agglomération,Giratoire,Pluie légère,Sans collision,,,,,,,,,,,1,2,6,2.0,7.0
201100022485,0011-07-19 12:40:00,11,7,19,12,40,160,113,route du PETIT MENADEAU,45.6211,0.11261,Plein jour,En agglomération,Hors intersection,Normale,Deux véhicules - frontale,,,,,,,,,,,1,2,1,1.0,1.0
201100022486,0011-07-19 16:25:00,11,7,19,16,25,160,154,,45.6786,0.15705,Plein jour,En agglomération,Giratoire,Normale,Sans collision,,,,,,,,,,,1,2,6,1.0,7.0
201100022487,0011-07-28 19:05:00,11,7,28,19,5,160,374,CHEMIN DE LA JAUFERTIE,45.6422,0.20671,Crépuscule ou aube,En agglomération,Hors intersection,Normale,Autre collision,,,,,,,,,,,2,2,1,1.0,6.0
201100022488,0011-07-30 19:30:00,11,7,30,19,30,160,15,203 RUE DE SAINTES,45.6604,0.14017,Plein jour,En agglomération,Hors intersection,Normale,Deux véhicules - côté,,,,,,,,,,,1,2,1,1.0,3.0
201100022489,0011-07-08 21:00:00,11,7,8,21,0,160,358,giratoire de la Combe,45.6778,0.1437,Plein jour,En agglomération,Hors intersection,Normale,Sans collision,,,,,,,,,,,1,2,1,1.0,7.0
201100022490,0011-08-06 17:35:00,11,8,6,17,35,160,154,RUE DU Gal LECLERC,45.6594,0.17082,Plein jour,En agglomération,Giratoire,Normale,Autre collision,,,,,,,,,,,1,2,6,1.0,6.0
201100022491,0011-08-06 18:00:00,11,8,6,18,0,160,15,"Vallée ""les Eaux cCaires",45.62248,0.14729,Plein jour,Hors agglomération,Hors intersection,Pluie légère,Sans collision,,,,,,,,,,,1,1,1,2.0,7.0
201100022492,0011-08-05 14:50:00,11,8,5,14,50,160,154,"00, PARIS (ROUTE DE)",45.66694,0.17171,Plein jour,En agglomération,Hors intersection,Normale,Deux véhicules - arrière,,,,,,,,,,,1,2,1,1.0,2.0
201100022493,0011-08-07 22:30:00,11,8,7,22,30,160,15,",ROUTE DE BORDEAUX",45.63902,0.13091,Nuit sans éclairage public,En agglomération,Hors intersection,Normale,Deux véhicules - arrière,,,,,,,,,,,3,2,1,1.0,2.0
201100022494,0011-08-01 20:46:00,11,8,1,20,46,160,15,26 RUE AMIRAL RENAUDIN,45.65509,0.162,Crépuscule ou aube,En agglomération,Hors intersection,Normale,Autre collision,,,,,,,,,,,2,2,1,1.0,6.0
201100022495,0011-08-02 17:55:00,11,8,2,17,55,160,358,12  route ST-JEAN-D'Y,45.67211,0.12705,Plein jour,En agglomération,Hors intersection,Normale,Deux véhicules - arrière,,,,,,,,,,,1,2,1,1.0,2.0
201100022496,0011-08-19 16:00:00,11,8,19,16,0,160,113,DEVIATION de La Couronne,45.61994,0.10392,Plein jour,Hors agglomération,Hors intersection,Normale,Deux véhicules - arrière,,,,,,,,,,,1,1,1,1.0,2.0
201100022497,0011-08-17 15:50:00,11,8,17,15,50,160,358,Bretelle de sortie RN10,45.66346,0.12977,Plein jour,En agglomération,Autre intersection,Normale,Deux véhicules - arrière,,,,,,,,,,,1,2,9,1.0,2.0
201100022498,0011-08-15 11:20:00,11,8,15,11,20,160,15,BOULEVARD de BIGORRE,45.63487,0.12874,Plein jour,En agglomération,Hors intersection,Normale,Autre collision,,,,,,,,,,,1,2,1,1.0,6.0
201100022499,0011-08-13 23:30:00,11,8,13,23,30,160,15,"12, JEAN XXIII (BOULEVAR",45.64475,0.13406,Nuit avec éclairage allumé,En agglomération,Hors intersection,Normale,Autre collision,,,,,,,,,,,5,2,1,1.0,6.0
201100022500,0011-08-19 12:45:00,11,8,19,12,45,160,358,RUE DE ROYAN N141,45.66385,0.1292,Plein jour,En agglomération,Autre intersection,Normale,Autre collision,,,,,,,,,,,1,2,9,1.0,6.0
201100022501,0011-08-30 14:30:00,11,8,30,14,30,160,15,RUE DE SAINTES,45.65359,0.14794,Plein jour,En agglomération,Hors intersection,Normale,Deux véhicules - arrière,,,,,,,,,,,1,2,1,1.0,2.0
201100022502,0011-08-25 14:55:00,11,8,25,14,55,160,15,15 RUE ALPONSE AULARD,45.6454,0.13759,Plein jour,En agglomération,Hors intersection,Normale,Autre collision,,,,,,,,,,,1,2,1,1.0,6.0
201100022503,0011-08-23 18:25:00,11,8,23,18,25,160,15,84  RUE DE SAINTES,45.65802,0.1455,Plein jour,En agglomération,Hors intersection,Normale,Deux véhicules - arrière,,,,,,,,,,,1,2,1,1.0,2.0
201100022504,0011-09-18 18:50:00,11,9,18,18,50,160,15,AV de LATTRE DE TASSIGNY,45.65298,0.16476,Plein jour,En agglomération,Intersection en X,Normale,Deux véhicules - côté,,,,,,,,,,,1,2,2,1.0,3.0
201100022505,0011-08-22 18:45:00,11,8,22,18,45,160,113,DEVIATION DE LA COURONNE,45.62432,0.1093,Plein jour,Hors agglomération,Hors intersection,Normale,Trois véhicules et plus - collisions multiples,,,,,,,,,,,1,1,1,1.0,5.0
201100022506,0011-09-07 07:45:00,11,9,7,7,45,160,15,RAMPE D'AGUESSEAU,45.6492,0.159,Crépuscule ou aube,En agglomération,Hors intersection,Pluie légère,Autre collision,,,,,,,,,,,2,2,1,2.0,6.0
201100022507,0011-09-14 12:40:00,11,9,14,12,40,160,166,RUE DE LA RESISTANCE,45.6634,0.19745,Plein jour,En agglomération,Hors intersection,Normale,Deux véhicules - arrière,,,,,,,,,,,1,2,1,1.0,2.0
201100022508,0011-09-13 10:45:00,11,9,13,10,45,160,113,01 ROUTE DE NERSAC,45.60596,0.08194,Plein jour,En agglomération,Hors intersection,Normale,Autre collision,,,,,,,,,,,1,2,1,1.0,6.0