accident_id,datetime,annee,mois,jour,heure,minute,departement,commune_insee,adresse,latitude,longitude,luminosite,agglomeration,intersection,meteo,collision,nb_vehicules,nb_usagers,nb_indemnes,nb_tues,nb_blesses_hosp,nb_blesses_legers,age_cond_1,age_cond_2,veh_type_cond_1,veh_type_cond_2,lum_code,agg_code,int_code,atm_code,col_code
201100022763,0011-05-03 12:55:00,11,5,3,12,55,170,291,GRAMMONT   RUE DE,,,Plein jour,En agglomération,Hors intersection,Normale,Deux véhicules - côté,,,,,,,,,,,1,2,1,1.0,3.0
201100022764,0011-05-05 17:46:00,11,5,5,17,46,170,300,05 PK RN237 MOULIN JUSTI,,,Plein jour,Hors agglomération,Hors intersection,Normale,Trois véhicules et plus - collisions multiples,,,,,,,,,,,1,1,1,1.0,5.0
201100022765,0011-05-05 18:30:00,11,5,5,18,30,170,274,BELLE CROIX,,,Plein jour,En agglomération,Autre intersection,Normale,Deux véhicules - côté,,,,,,,,,,,1,2,9,1.0,3.0
201100022766,0011-05-07 17:33:00,11,5,7,17,33,170,300,"3, MOULIN   AVENUE JEAN",,,Plein jour,En agglomération,Hors intersection,Normale,Trois véhicules et plus - en chaîne,,,,,,,,,,,1,2,1,1.0,4.0
201100022767,0011-05-09 07:47:00,11,5,9,7,47,170,200,"1, DINAN   RUE DE",,,Plein jour,En agglomération,Hors intersection,Normale,Deux véhicules - arrière,,,,,,,,,,,1,2,1,1.0,2.0
201100022768,0011-05-11 14:15:00,11,5,11,14,15,170,200,HUIT MAI 1945   AVENUE D,,,Plein jour,En agglomération,Hors intersection,Normale,Autre collision,,,,,,,,,,,1,2,1,1.0,6.0
201100022769,0011-05-12 08:00:00,11,5,12,8,0,170,300,"1, ROYALE   AVENUE DE LA",,,Plein jour,En agglomération,Hors intersection,Normale,Autre collision,,,,,,,,,,,1,2,1,1.0,6.0
201100022770,0011-05-13 00:34:00,11,5,13,0,34,170,300,114 PK RN137 JUSTICE ROC,,,Nuit sans éclairage public,Hors agglomération,Hors intersection,Normale,Sans collision,,,,,,,,,,,3,1,1,1.0,7.0
201100022771,0011-05-13 11:41:00,11,5,13,11,41,170,300,"5, THIERS   RUE",,,Plein jour,En agglomération,Hors intersection,Normale,Autre collision,,,,,,,,,,,1,2,1,1.0,6.0
201100022772,0011-05-14 12:05:00,11,5,14,12,5,170,300,117 PK RN137 ROCHEFORT J,,,Plein jour,Hors agglomération,Hors intersection,Normale,Sans collision,,,,,,,,,,,1,1,1,1.0,7.0
201100022773,0011-05-15 16:45:00,11,5,15,16,45,170,300,REPENTIE   AVENUE DE LA,,,Plein jour,En agglomération,Hors intersection,Normale,Autre collision,,,,,,,,,,,1,2,1,1.0,6.0
201100022774,0011-05-17 11:10:00,11,5,17,11,10,170,300,"44, DUPERRE   QUAI",,,Plein jour,En agglomération,Hors intersection,Normale,Autre collision,,,,,,,,,,,1,2,1,1.0,6.0
201100022775,0011-05-18 08:15:00,11,5,18,8,15,170,300,33 PK RN11 NANTES ROCADE,,,Plein jour,Hors agglomération,Hors intersection,Normale,Trois véhicules et plus - collisions multiples,,,,,,,,,,,1,1,1,1.0,5.0
201100022776,0011-05-19 10:52:00,11,5,19,10,52,170,300,DAUPHINE  AVENUE DE LA P,,,Plein jour,En agglomération,Hors intersection,Normale,Deux véhicules - côté,,,,,,,,,,,1,2,1,1.0,3.0
201100022777,0011-05-19 18:33:00,11,5,19,18,33,170,300,05 PK RN237 RE MOULIN JU,,,Plein jour,Hors agglomération,Hors intersection,Normale,Deux véhicules - arrière,,,,,,,,,,,1,1,1,1.0,2.0
201100022778,0011-05-20 11:40:00,11,5,20,11,40,170,300,"02, SARTRE   AVENUE JEAN",,,Plein jour,En agglomération,Hors intersection,Normale,Deux véhicules - arrière,,,,,,,,,,,1,2,1,1.0,2.0
201100022779,0011-05-20 13:40:00,11,5,20,13,40,170,300,"1, JOURDAN   RUE",,,Plein jour,En agglomération,Intersection en X,Normale,Deux véhicules - côté,,,,,,,,,,,1,2,2,1.0,3.0
201100022780,0011-05-20 14:42:00,11,5,20,14,42,170,28,GAULLE   AVENUE DU GENER,,,Plein jour,En agglomération,Hors intersection,Normale,Deux véhicules - arrière,,,,,,,,,,,1,2,1,1.0,2.0
201100022781,0011-05-21 20:51:00,11,5,21,20,51,170,291,0 PK RN237 MOULIN JUSTIC,,,Plein jour,Hors agglomération,Hors intersection,Normale,Autre collision,,,,,,,,,,,1,1,1,1.0,6.0
201100022782,0011-05-21 20:50:00,11,5,21,20,50,170,300,"65, SARDINERIE   RUE",,,Plein jour,En agglomération,Hors intersection,Normale,Autre collision,,,,,,,,,,,1,2,1,1.0,6.0
201100022783,0011-05-21 22:50:00,11,5,21,22,50,170,300,VERDUN   PLACE DE,,,Nuit avec éclairage allumé,En agglomération,Hors intersection,Normale,Sans collision,,,,,,,,,,,5,2,1,1.0,7.0
201100022784,0011-05-22 01:40:00,11,5,22,1,40,170,300,"02, MUSSET   RUE ALFRED",,,Nuit avec éclairage non allumé,En agglomération,Hors intersection,Normale,Sans collision,,,,,,,,,,,4,2,1,1.0,7.0
201100022785,0011-05-23 09:00:00,11,5,23,9,0,170,291,"9, E.D.F.   RUE DE L'",,,Plein jour,En agglomération,Hors intersection,Normale,Autre collision,,,,,,,,,,,1,2,1,1.0,6.0
201100022786,0011-05-23 16:07:00,11,5,23,16,7,170,300,"31, ALSACE-LORRAINE   RU",,,Plein jour,En agglomération,Hors intersection,Normale,Deux véhicules - côté,,,,,,,,,,,1,2,1,1.0,3.0
201100022787,0011-05-24 17:42:00,11,5,24,17,42,170,300,"35, THIERS   RUE",,,Plein jour,En agglomération,Hors intersection,Normale,Deux véhicules - arrière,,,,,,,,,,,1,2,1,1.0,2.0
201100022788,0011-05-25 09:50:00,11,5,25,9,50,170,300,COGNEHORS   BOULEVARD DE,,,Plein jour,En agglomération,Hors intersection,Normale,Autre collision,,,,,,,,,,,1,2,1,1.0,6.0
201100022789,0011-05-27 09:08:00,11,5,27,9,8,170,300,"02, MONNAIE   AVENUE DE",,,Plein jour,En agglomération,Hors intersection,Normale,Sans collision,,,,,,,,,,,1,2,1,1.0,7.0
201100022790,0011-05-27 17:30:00,11,5,27,17,30,170,300,"1, RESISTANCE   AVENUE D",,,Plein jour,En agglomération,Intersection en X,Normale,Deux véhicules - côté,,,,,,,,,,,1,2,2,1.0,3.0
201100022791,0011-05-30 16:47:00,11,5,30,16,47,170,300,"16, DAME HILAIRE   COURS",,,Plein jour,En agglomération,Hors intersection,Normale,Autre collision,,,,,,,,,,,1,2,1,1.0,6.0
201100022792,0011-05-31 16:53:00,11,5,31,16,53,170,300,MAIL   ALLEE DU,,,Plein jour,En agglomération,Hors intersection,Normale,Sans collision,,,,,,,,,,,1,2,1,1.0,7.0
201100022793,0011-06-02 15:57:00,11,6,2,15,57,170,200,"02, HUIT MAI 1945   AVEN",,,Plein jour,En agglomération,Hors intersection,Normale,Deux véhicules - arrière,,,,,,,,,,,1,2,1,1.0,2.0
201100022794,0011-06-03 18:10:00,11,6,3,18,10,170,300,GRILLE   RUE DE LA,,,Plein jour,En agglomération,Autre intersection,Normale,Deux véhicules - côté,,,,,,,,,,,1,2,9,1.0,3.0
201100022795,0011-06-03 22:00:00,11,6,3,22,0,170,300,"1, CHAMPLAIN   RUE SAMUE",,,Nuit avec éclairage allumé,En agglomération,Hors intersection,Normale,Autre collision,,,,,,,,,,,5,2,1,1.0,6.0
201100022796,0011-06-04 13:12:00,11,6,4,13,12,170,300,112 PK RN137 ROCHEFORT J,,,Plein jour,Hors agglomération,Hors intersection,Normale,Deux véhicules - arrière,,,,,,,,,,,1,1,1,1.0,2.0
201100022797,0011-06-06 09:43:00,11,6,6,9,43,170,300,PRUNIER   QUAI LOUIS,,,Plein jour,En agglomération,Hors intersection,Normale,Deux véhicules - frontale,,,,,,,,,,,1,2,1,1.0,1.0
201100022798,0011-06-06 12:50:00,11,6,6,12,50,170,300,"02, PERIGNY   RUE DE",,,Plein jour,En agglomération,Hors intersection,Normale,Autre collision,,,,,,,,,,,1,2,1,1.0,6.0
201100022799,0011-06-07 00:15:00,11,6,7,0,15,170,300,"1, PALAIS   RUE DU",,,Nuit avec éclairage allumé,En agglomération,Hors intersection,Pluie légère,Sans collision,,,,,,,,,,,5,2,1,2.0,7.0
201100022800,0011-06-07 13:00:00,11,6,7,13,0,170,300,"1, 06 PK RN237 MOULIN JU",,,Plein jour,En agglomération,Hors intersection,Normale,Sans collision,,,,,,,,,,,1,2,1,1.0,7.0
201100022801,0011-06-07 13:43:00,11,6,7,13,43,170,300,DEFLANDRE   RUE MARCEL,,,Plein jour,En agglomération,Hors intersection,Normale,Deux véhicules - frontale,,,,,,,,,,,1,2,1,1.0,1.0
201100022802,0011-06-07 17:53:00,11,6,7,17,53,170,300,"59, DENFERT-ROCHEREAU",,,Plein jour,En agglomération,Hors intersection,Normale,Trois véhicules et plus - en chaîne,,,,,,,,,,,1,2,1,1.0,4.0
201100022803,0011-06-08 17:05:00,11,6,8,17,5,170,200,"02, CLAVIER   AVENUE DU",,,Plein jour,En agglomération,Hors intersection,Normale,Sans collision,,,,,,,,,,,1,2,1,1.0,7.0
201100022804,0011-06-09 18:10:00,11,6,9,18,10,170,300,"3, JUIN   AVENUE DU MARE",,,Plein jour,En agglomération,Intersection en X,Normale,Deux véhicules - côté,,,,,,,,,,,1,2,2,1.0,3.0
201100022805,0011-06-10 15:10:00,11,6,10,15,10,170,300,REMPARTS   CHEMIN DES,,,Plein jour,Hors agglomération,Hors intersection,Normale,Deux véhicules - frontale,,,,,,,,,,,1,1,1,1.0,1.0
201100022806,0011-06-10 17:57:00,11,6,10,17,57,170,300,MOULIN   AVENUE JEAN,,,Plein jour,En agglomération,Hors intersection,Normale,Deux véhicules - côté,,,,,,,,,,,1,2,1,1.0,3.0
201100022807,0011-06-14 20:15:00,11,6,14,20,15,170,291,ITALIE  RUE,,,Plein jour,En agglomération,Autre intersection,Normale,Autre collision,,,,,,,,,,,1,2,9,1.0,6.0
201100022808,0011-06-15 10:20:00,11,6,15,10,20,170,300,ONZE NOVEMBRE 1918   AVE,,,Plein jour,En agglomération,Hors intersection,Normale,Autre collision,,,,,,,,,,,1,2,1,1.0,6.0
201100022809,0011-06-15 11:44:00,11,6,15,11,44,170,291,QUATORZE JUILLET   RUE D,,,Plein jour,En agglomération,Hors intersection,Normale,Autre collision,,,,,,,,,,,1,2,1,1.0,6.0
201100022810,0011-06-15 12:00:00,11,6,15,12,0,170,300,"1, EUROPE   ROND-POINT D",,,Plein jour,En agglomération,Hors intersection,Normale,Sans collision,,,,,,,,,,,1,2,1,1.0,7.0
201100022811,0011-06-16 13:56:00,11,6,16,13,56,170,300,SARTRE   AVENUE JEAN-PAU,,,Plein jour,En agglomération,Hors intersection,Normale,Autre collision,,,,,,,,,,,1,2,1,1.0,6.0
201100022812,0011-06-17 11:14:00,11,6,17,11,14,170,300,JUIN   AVENUE DU MARECHA,,,Plein jour,En agglomération,Hors intersection,Normale,Autre collision,,,,,,,,,,,1,2,1,1.0,6.0
201100022813,0011-06-18 17:07:00,11,6,18,17,7,170,291,"51, HUIT MAI   RUE DU",,,Plein jour,En agglomération,Hors intersection,Normale,Deux véhicules - frontale,,,,,,,,,,,1,2,1,1.0,1.0
201100022814,0011-06-21 16:52:00,11,6,21,16,52,170,300,MONTCALM   RUE,,,Plein jour,En agglomération,Hors intersection,Normale,Deux véhicules - frontale,,,,,,,,,,,1,2,1,1.0,1.0
201100022815,0011-06-23 13:50:00,11,6,23,13,50,170,300,"02, REMPARTS   CHEMIN DE",,,Plein jour,En agglomération,Hors intersection,Normale,Deux véhicules - côté,,,,,,,,,,,1,2,1,1.0,3.0
201100022816,0011-06-24 13:55:00,11,6,24,13,55,170,291,"5, JUIN 18  RUE",,,Plein jour,En agglomération,Hors intersection,Normale,Deux véhicules - arrière,,,,,,,,,,,1,2,1,1.0,2.0
201100022817,0011-06-25 05:47:00,11,6,25,5,47,170,300,"02, ECOLES   RUE DES",,,Crépuscule ou aube,En agglomération,Hors intersection,Normale,Sans collision,,,,,,,,,,,2,2,1,1.0,7.0
201100022818,0011-06-25 20:25:00,11,6,25,20,25,170,300,"79, SAUTEL  BOULEVARD AN",,,Plein jour,En agglomération,Hors intersection,Normale,Autre collision,,,,,,,,,,,1,2,1,1.0,6.0
201100022819,0011-06-25 23:20:00,11,6,25,23,20,170,28,LYSIACK   AVENUE DU COMM,,,Nuit avec éclairage allumé,En agglomération,Hors intersection,Normale,Autre collision,,,,,,,,,,,5,2,1,1.0,6.0
201100022820,0011-06-27 00:15:00,11,6,27,0,15,170,300,VIELJEUX   RUE LEONCE,,,Nuit avec éclairage allumé,En agglomération,Hors intersection,Normale,Autre collision,,,,,,,,,,,5,2,1,1.0,6.0
201100022821,0011-06-27 17:21:00,11,6,27,17,21,170,300,"51, QUEBEC   RUE DE (1/1",,,Plein jour,En agglomération,Intersection en T,Normale,Deux véhicules - côté,,,,,,,,,,,1,2,3,1.0,3.0
201100022822,0011-06-29 11:20:00,11,6,29,11,20,170,200,MOISY   AVENUE DU RECTEU,,,Plein jour,En agglomération,Hors intersection,Normale,Trois véhicules et plus - en chaîne,,,,,,,,,,,1,2,1,1.0,4.0
201100022823,0011-06-30 17:30:00,11,6,30,17,30,170,300,"5, COGNEHORS   BOULEVARD",,,Plein jour,En agglomération,Hors intersection,Normale,Deux véhicules - arrière,,,,,,,,,,,1,2,1,1.0,2.0
201100022824,0011-07-01 09:42:00,11,7,1,9,42,170,300,BILLAUD-VARENNE   AVENUE,,,Plein jour,En agglomération,Hors intersection,Normale,Deux véhicules - frontale,,,,,,,,,,,1,2,1,1.0,1.0
201100022825,0011-07-02 09:50:00,11,7,2,9,50,170,300,DAMES   COURS DES,,,Plein jour,En agglomération,Hors intersection,Normale,Autre collision,,,,,,,,,,,1,2,1,1.0,6.0
201100022826,0011-07-03 00:45:00,11,7,3,0,45,170,300,RHONE   RUE DU,,,Nuit sans éclairage public,En agglomération,Hors intersection,Normale,Sans collision,,,,,,,,,,,3,2,1,1.0,7.0
201100022827,0011-07-03 09:55:00,11,7,3,9,55,170,300,"3, BARBAROUX   RUE",,,Plein jour,En agglomération,Hors intersection,Normale,Deux véhicules - arrière,,,,,,,,,,,1,2,1,1.0,2.0
201100022828,0011-07-03 19:20:00,11,7,3,19,20,170,200,FRESSYNET   RUE EUGENE,,,Plein jour,En agglomération,Intersection en X,Normale,Deux véhicules - côté,,,,,,,,,,,1,2,2,1.0,3.0
201100022829,0011-07-04 17:50:00,11,7,4,17,50,170,300,05 PK RN237 RE MOULIN JU,,,Plein jour,Hors agglomération,Hors intersection,Normale,Deux véhicules - arrière,,,,,,,,,,,1,1,1,1.0,2.0
201100022830,0011-07-04 19:42:00,11,7,4,19,42,170,300,"3, VILLENEUVE   RUE",,,Plein jour,En agglomération,Hors intersection,Normale,Deux véhicules - arrière,,,,,,,,,,,1,2,1,1.0,2.0
201100022831,0011-07-06 08:14:00,11,7,6,8,14,170,300,MINAGE   RUE DU,,,Plein jour,En agglomération,Hors intersection,Temps couvert,Sans collision,,,,,,,,,,,1,2,1,8.0,7.0
201100022832,0011-07-06 13:45:00,11,7,6,13,45,170,300,"5, BETHENCOURT   RUE DE",,,Plein jour,En agglomération,Autre intersection,Normale,Deux véhicules - côté,,,,,,,,,,,1,2,9,1.0,3.0
201100022833,0011-07-06 19:40:00,11,7,6,19,40,170,300,"5, SOMME   RUE DE LA",,,Plein jour,En agglomération,Hors intersection,Normale,Sans collision,,,,,,,,,,,1,2,1,1.0,7.0
201100022834,0011-07-07 14:00:00,11,7,7,14,0,170,274,AIGRETTES   RUE DES,,,Plein jour,En agglomération,Hors intersection,Normale,Sans collision,,,,,,,,,,,1,2,1,1.0,7.0
201100022835,0011-07-07 15:40:00,11,7,7,15,40,170,28,D 939,,,Plein jour,En agglomération,Hors intersection,Normale,Deux véhicules - arrière,,,,,,,,,,,1,2,1,1.0,2.0
201100022836,0011-07-07 20:05:00,11,7,7,20,5,170,300,"115, SAUTEL  BOULEVARD A",,,Plein jour,En agglomération,Hors intersection,Normale,Deux véhicules - frontale,,,,,,,,,,,1,2,1,1.0,1.0
201100022837,0011-07-08 05:10:00,11,7,8,5,10,170,300,"119, SAUTEL  BOULEVARD A",,,Nuit avec éclairage allumé,En agglomération,Autre intersection,Normale,Deux véhicules - côté,,,,,,,,,,,5,2,9,1.0,3.0
201100022838,0011-07-12 16:06:00,11,7,12,16,6,170,300,CARNOT   AVENUE,,,Plein jour,En agglomération,Hors intersection,Normale,Deux véhicules - frontale,,,,,,,,,,,1,2,1,1.0,1.0
201100022839,0011-07-14 23:45:00,11,7,14,23,45,170,300,THIERS   RUE,,,Nuit avec éclairage allumé,En agglomération,Intersection en X,Normale,Deux véhicules - côté,,,,,,,,,,,5,2,2,1.0,3.0
201100022840,0011-07-15 01:05:00,11,7,15,1,5,170,300,"5, SCHWEITZER   RUE DU D",,,Nuit avec éclairage allumé,En agglomération,Hors intersection,Normale,Autre collision,,,,,,,,,,,5,2,1,1.0,6.0
201100022841,0011-07-16 08:45:00,11,7,16,8,45,170,300,112 PK RN137 ROCHEFORT J,,,Plein jour,Hors agglomération,Hors intersection,Normale,Autre collision,,,,,,,,,,,1,1,1,1.0,6.0
201100022842,0011-07-17 02:45:00,11,7,17,2,45,170,300,MOULIN   AVENUE JEAN,,,Nuit avec éclairage allumé,En agglomération,Hors intersection,Normale,Deux véhicules - frontale,,,,,,,,,,,5,2,1,1.0,1.0
201100022843,0011-07-19 10:12:00,11,7,19,10,12,170,291,BELGIQUE  RUE,,,Plein jour,En agglomération,Hors intersection,Pluie légère,Sans collision,,,,,,,,,,,1,2,1,2.0,7.0
201100022844,0011-07-20 14:00:00,11,7,20,14,0,170,300,MOULIN   AVENUE JEAN,,,Plein jour,En agglomération,Hors intersection,Normale,Sans collision,,,,,,,,,,,1,2,1,1.0,7.0
201100022845,0011-07-22 21:55:00,11,7,22,21,55,170,300,116 PK RN137 ROCHEFORT J,,,Plein jour,Hors agglomération,Autre intersection,Normale,Deux véhicules - arrière,,,,,,,,,,,1,1,9,1.0,2.0
201100022846,0011-07-24 16:57:00,11,7,24,16,57,170,300,"02, ONZE NOVEMBRE 1918",,,Plein jour,En agglomération,Hors intersection,Pluie légère,Sans collision,,,,,,,,,,,1,2,1,2.0,7.0
201100022847,0011-07-26 15:25:00,11,7,26,15,25,170,28,GRASSET   AVENUE EDMOND,,,Plein jour,En agglomération,Hors intersection,Normale,Deux véhicules - arrière,,,,,,,,,,,1,2,1,1.0,2.0
201100022848,0011-07-27 20:32:00,11,7,27,20,32,170,300,05 PK RN237 MOULIN JUSTI,,,Plein jour,Hors agglomération,Hors intersection,Normale,Autre collision,,,,,,,,,,,1,1,1,1.0,6.0
201100022849,0011-07-28 00:55:00,11,7,28,0,55,170,300,"02, NORMANDIN   RUE EMIL",,,Nuit avec éclairage non allumé,En agglomération,Intersection en T,Normale,Deux véhicules - côté,,,,,,,,,,,4,2,3,1.0,3.0
201100022850,0011-07-31 11:05:00,11,7,31,11,5,170,300,"73, JUIN   AVENUE DU MAR",,,Plein jour,En agglomération,Hors intersection,Normale,Autre collision,,,,,,,,,,,1,2,1,1.0,6.0
201100022851,0011-08-01 09:49:00,11,8,1,9,49,170,300,"05, BOIS FLEURI   RUE DU",,,Plein jour,En agglomération,Autre intersection,Normale,Deux véhicules - côté,,,,,,,,,,,1,2,9,1.0,3.0
201100022852,0011-08-02 10:35:00,11,8,2,10,35,170,300,"02, TRINQUETTE   RUE DE",,,Plein jour,En agglomération,Hors intersection,Normale,Deux véhicules - arrière,,,,,,,,,,,1,2,1,1.0,2.0
201100022853,0011-08-02 16:34:00,11,8,2,16,34,170,300,08 PK RN237 MOULIN JUSTI,,,Plein jour,En agglomération,Hors intersection,Temps couvert,Deux véhicules - arrière,,,,,,,,,,,1,2,1,8.0,2.0
201100022854,0011-08-02 17:25:00,11,8,2,17,25,170,300,07 PK RN237 MOULIN JUSTI,,,Plein jour,Hors agglomération,Hors intersection,Normale,Deux véhicules - arrière,,,,,,,,,,,1,1,1,1.0,2.0
201100022855,0011-08-03 14:00:00,11,8,3,14,0,170,300,"02, VIELJEUX   RUE LEONC",,,Plein jour,En agglomération,Hors intersection,Normale,Deux véhicules - arrière,,,,,,,,,,,1,2,1,1.0,2.0
201100022856,0011-08-03 19:42:00,11,8,3,19,42,170,300,DELAYANT   RUE,,,Plein jour,En agglomération,Hors intersection,Normale,Autre collision,,,,,,,,,,,1,2,1,1.0,6.0
201100022857,0011-08-04 18:36:00,11,8,4,18,36,170,300,"3, MONET   RUE CLAUDE",,,Plein jour,En agglomération,Hors intersection,Normale,Deux véhicules - arrière,,,,,,,,,,,1,2,1,1.0,2.0
201100022858,0011-08-05 17:31:00,11,8,5,17,31,170,300,DENFERT-ROCHEREAU   AVEN,,,Plein jour,En agglomération,Hors intersection,Normale,Deux véhicules - arrière,,,,,,,,,,,1,2,1,1.0,2.0
201100022859,0011-08-06 12:50:00,11,8,6,12,50,170,200,HENNEBIQUE   RUE FRAN?OI,,,Plein jour,En agglomération,Hors intersection,Normale,Autre collision,,,,,,,,,,,1,2,1,1.0,6.0
201100022860,0011-08-06 17:50:00,11,8,6,17,50,170,300,"10, BOURGET   RUE PAUL",,,Plein jour,En agglomération,Hors intersection,Normale,Deux véhicules - frontale,,,,,,,,,,,1,2,1,1.0,1.0
201100022861,0011-08-07 00:50:00,11,8,7,0,50,170,300,"02, FERTE   RUE DE LA",,,Nuit avec éclairage allumé,En agglomération,Intersection en T,Normale,Deux véhicules - côté,,,,,,,,,,,5,2,3,1.0,3.0
201100022862,0011-08-08 17:36:00,11,8,8,17,36,170,300,DENFERT-ROCHEREAU   AVEN,,,Plein jour,En agglomération,Hors intersection,Normale,Deux véhicules - arrière,,,,,,,,,,,1,2,1,1.0,2.0
201100022863,0011-08-08 22:55:00,11,8,8,22,55,170,300,"3, MAIL   ALLEE DU",,,Nuit avec éclairage allumé,En agglomération,Hors intersection,Normale,Sans collision,,,,,,,,,,,5,2,1,1.0,7.0
201100022864,0011-08-10 00:10:00,11,8,10,0,10,170,300,MAUBEC   QUAI,,,Nuit avec éclairage allumé,En agglomération,Hors intersection,Normale,Autre collision,,,,,,,,,,,5,2,1,1.0,6.0
201100022865,0011-08-10 10:21:00,11,8,10,10,21,170,291,"02, QUATORZE JUILLET   R",,,Plein jour,En agglomération,Autre intersection,Normale,Deux véhicules - côté,,,,,,,,,,,1,2,9,1.0,3.0
201100022866,0011-08-17 06:09:00,11,8,17,6,9,170,300,NEUVE  AVENUE DE LA PORT,,,Nuit avec éclairage allumé,En agglomération,Hors intersection,Normale,Autre collision,,,,,,,,,,,5,2,1,1.0,6.0
201100022867,0011-08-17 12:42:00,11,8,17,12,42,170,300,"02, LAZARET   AVENUE DU",,,Plein jour,En agglomération,Hors intersection,Normale,Sans collision,,,,,,,,,,,1,2,1,1.0,7.0
201100022868,0011-08-19 06:09:00,11,8,19,6,9,170,300,"02, BERLIN   AVENUE DE",,,Crépuscule ou aube,En agglomération,Hors intersection,Normale,Deux véhicules - côté,,,,,,,,,,,2,2,1,1.0,3.0
201100022869,0011-08-20 12:40:00,11,8,20,12,40,170,300,JOFFRE   BOULEVARD (>79,,,Plein jour,En agglomération,Hors intersection,Normale,Deux véhicules - frontale,,,,,,,,,,,1,2,1,1.0,1.0
201100022870,0011-08-26 16:03:00,11,8,26,16,3,170,300,SARTRE   AVENUE JEAN-PAU,,,Plein jour,En agglomération,Hors intersection,Normale,Autre collision,,,,,,,,,,,1,2,1,1.0,6.0
201100022871,0011-08-29 16:04:00,11,8,29,16,4,170,300,SCHUMANN   AVENUE ROBERT,,,Plein jour,En agglomération,Hors intersection,Normale,Autre collision,,,,,,,,,,,1,2,1,1.0,6.0
201100022872,0011-08-29 22:05:00,11,8,29,22,5,170,300,"30, LUXEMBOURG   AVENUE",,,Nuit avec éclairage allumé,En agglomération,Hors intersection,Normale,Sans collision,,,,,,,,,,,5,2,1,1.0,7.0
201100022873,0011-08-29 22:55:00,11,8,29,22,55,170,300,ROUX   RUE DE,,,Crépuscule ou aube,En agglomération,Hors intersection,Normale,Autre collision,,,,,,,,,,,2,2,1,1.0,6.0
201100022874,0011-08-31 03:00:00,11,8,31,3,0,170,300,"60, BOURGOGNE   AVENUE D",,,Nuit avec éclairage allumé,En agglomération,Hors intersection,Normale,Autre collision,,,,,,,,,,,5,2,1,1.0,6.0
201100022875,0011-08-31 13:29:00,11,8,31,13,29,170,274,REPUBLIQUE   ROND-POINT,,,Plein jour,En agglomération,Giratoire,Normale,Autre collision,,,,,,,,,,,1,2,6,1.0,6.0
201100022876,0011-09-01 21:05:00,11,9,1,21,5,170,274,"02, ECOLES   RUE DES",,,Crépuscule ou aube,En agglomération,Hors intersection,Normale,Sans collision,,,,,,,,,,,2,2,1,1.0,7.0
201100022877,0011-09-02 17:32:00,11,9,2,17,32,170,300,FERTE   RUE DE LA,,,Plein jour,En agglomération,Hors intersection,Normale,Autre collision,,,,,,,,,,,1,2,1,1.0,6.0
201100022878,0011-09-03 19:06:00,11,9,3,19,6,170,300,BAUDELAIRE   RUE CHARLES,,,Plein jour,En agglomération,Hors intersection,Normale,Autre collision,,,,,,,,,,,1,2,1,1.0,6.0
201100022879,0011-09-04 15:10:00,11,9,4,15,10,170,200,"9, BOIS D'HURE   RUE DU",,,Plein jour,En agglomération,Hors intersection,Normale,Autre collision,,,,,,,,,,,1,2,1,1.0,6.0
201100022880,0011-09-04 21:50:00,11,9,4,21,50,170,300,"52ter, VINCENT   RUE PHI",,,Nuit avec éclairage allumé,En agglomération,Hors intersection,Normale,Deux véhicules - arrière,,,,,,,,,,,5,2,1,1.0,2.0
201100022881,0011-09-05 20:50:00,11,9,5,20,50,170,300,"58, CIMETIERE   AVENUE D",,,Plein jour,En agglomération,Hors intersection,Normale,Autre collision,,,,,,,,,,,1,2,1,1.0,6.0
201100022882,0011-09-06 13:54:00,11,9,6,13,54,170,300,"02, MOULIN   PONT JEAN",,,Plein jour,En agglomération,Hors intersection,Normale,Deux véhicules - côté,,,,,,,,,,,1,2,1,1.0,3.0
201100022883,0011-09-06 18:00:00,11,9,6,18,0,170,300,JERICHO   RUE DE,,,Plein jour,Hors agglomération,Hors intersection,Normale,Deux véhicules - frontale,,,,,,,,,,,1,1,1,1.0,1.0
201100022884,0011-09-07 00:10:00,11,9,7,0,10,170,291,JUIN 18  RUE,,,Nuit avec éclairage allumé,En agglomération,Hors intersection,Normale,Deux véhicules - arrière,,,,,,,,,,,5,2,1,1.0,2.0
201100022885,0011-09-02 08:40:00,11,9,2,8,40,170,300,DEFLANDRE   RUE MARCEL,,,Plein jour,En agglomération,Intersection en X,Normale,Autre collision,,,,,,,,,,,1,2,2,1.0,6.0
201100022886,0011-09-08 12:28:00,11,9,8,12,28,170,300,D 106,,,Plein jour,Hors agglomération,Hors intersection,Pluie légère,Sans collision,,,,,,,,,,,1,1,1,2.0,7.0
201100022887,0011-09-10 18:59:00,11,9,10,18,59,170,300,"3, LAZARET   AVENUE DU",,,Plein jour,En agglomération,Hors intersection,Normale,Deux véhicules - arrière,,,,,,,,,,,1,2,1,1.0,2.0
201100022888,0011-09-14 22:05:00,11,9,14,22,5,170,300,BETHENCOURT   RUE DE (1/,,,Nuit avec éclairage allumé,En agglomération,Intersection en T,Normale,Deux véhicules - côté,,,,,,,,,,,5,2,3,1.0,3.0
201100022889,0011-09-16 22:10:00,11,9,16,22,10,170,300,SIMENON   QUAI GEORGES,,,Crépuscule ou aube,Hors agglomération,Hors intersection,Normale,Deux véhicules - côté,,,,,,,,,,,2,1,1,1.0,3.0
201100022890,0011-09-17 22:00:00,11,9,17,22,0,170,300,SARTRE   AVENUE JEAN-PAU,,,Nuit avec éclairage allumé,En agglomération,Hors intersection,Normale,Deux véhicules - frontale,,,,,,,,,,,5,2,1,1.0,1.0