accident_id,datetime,annee,mois,jour,heure,minute,departement,commune_insee,adresse,latitude,longitude,luminosite,agglomeration,intersection,meteo,collision,nb_vehicules,nb_usagers,nb_indemnes,nb_tues,nb_blesses_hosp,nb_blesses_legers,age_cond_1,age_cond_2,veh_type_cond_1,veh_type_cond_2,lum_code,agg_code,int_code,atm_code,col_code
201100022891,0011-09-20 17:17:00,11,9,20,17,17,170,300,"3, SCIERIE   RUE DE LA",,,Plein jour,En agglomération,Hors intersection,Normale,Autre collision,,,,,,,,,,,1,2,1,1.0,6.0
201100022892,0011-09-21 10:00:00,11,9,21,10,0,170,300,112 PK RN137 ROCHEFORT J,,,Plein jour,Hors agglomération,Hors intersection,Normale,Sans collision,,,,,,,,,,,1,1,1,1.0,7.0
201100022893,0011-09-21 18:20:00,11,9,21,18,20,170,300,GUITON   AVENUE JEAN (16,,,Plein jour,En agglomération,Hors intersection,Normale,Deux véhicules - frontale,,,,,,,,,,,1,2,1,1.0,1.0
201100022894,0011-09-22 07:29:00,11,9,22,7,29,170,300,"12, JOFFRE   BOULEVARD (",,,Nuit avec éclairage allumé,En agglomération,Hors intersection,Normale,Autre collision,,,,,,,,,,,5,2,1,1.0,6.0
201100022895,0011-09-22 10:48:00,11,9,22,10,48,170,300,"51 ter, NORMANDIN   RUE",,,Plein jour,En agglomération,Hors intersection,Normale,Deux véhicules - arrière,,,,,,,,,,,1,2,1,1.0,2.0
201100022896,0011-09-23 19:00:00,11,9,23,19,0,170,300,LAVOISIER   RUE,,,Plein jour,En agglomération,Hors intersection,Normale,Deux véhicules - frontale,,,,,,,,,,,1,2,1,1.0,1.0
201100022897,0011-09-24 04:30:00,11,9,24,4,30,170,300,CEINTURE NORD   CHAUSSEE,,,Nuit sans éclairage public,En agglomération,Hors intersection,Normale,Autre collision,,,,,,,,,,,3,2,1,1.0,6.0
201100022898,0011-09-25 21:00:00,11,9,25,21,0,170,300,"3, COLIGNY   AVENUE",,,Nuit avec éclairage allumé,En agglomération,Hors intersection,Normale,Deux véhicules - frontale,,,,,,,,,,,5,2,1,1.0,1.0
201100022899,0011-09-27 13:47:00,11,9,27,13,47,170,300,MARECHALE   RUE DE LA,,,Plein jour,En agglomération,Hors intersection,Normale,Sans collision,,,,,,,,,,,1,2,1,1.0,7.0
201100022900,0011-09-27 14:23:00,11,9,27,14,23,170,300,05 PK RN237 RE MOULIN JU,,,Plein jour,Hors agglomération,Hors intersection,Normale,Autre collision,,,,,,,,,,,1,1,1,1.0,6.0
201100022901,0011-09-27 17:31:00,11,9,27,17,31,170,300,"3, GERANIUMS   RUE DES",,,Plein jour,En agglomération,Hors intersection,Normale,Autre collision,,,,,,,,,,,1,2,1,1.0,6.0
201100022902,0011-09-28 08:00:00,11,9,28,8,0,170,300,REPUBLIQUE   BOULEVARD D,,,Plein jour,En agglomération,Hors intersection,Normale,Deux véhicules - frontale,,,,,,,,,,,1,2,1,1.0,1.0
201100022903,0011-09-28 10:46:00,11,9,28,10,46,170,300,"173, GUITON   AVENUE JEA",,,Plein jour,En agglomération,Autre intersection,Normale,Deux véhicules - côté,,,,,,,,,,,1,2,9,1.0,3.0
201100022904,0011-09-28 13:54:00,11,9,28,13,54,170,300,"1, MOULIN   PONT JEAN",,,Plein jour,En agglomération,Hors intersection,Normale,Deux véhicules - arrière,,,,,,,,,,,1,2,1,1.0,2.0
201100022905,0011-09-28 18:35:00,11,9,28,18,35,170,300,LACROIX   RUE MARIUS,,,Crépuscule ou aube,En agglomération,Hors intersection,Normale,Autre collision,,,,,,,,,,,2,2,1,1.0,6.0
201100022906,0011-09-29 08:05:00,11,9,29,8,5,170,300,PRUNIER   QUAI LOUIS,,,Plein jour,En agglomération,Hors intersection,Normale,Sans collision,,,,,,,,,,,1,2,1,1.0,7.0
201100022907,0011-09-29 18:30:00,11,9,29,18,30,170,300,"31, JOFFRE   BOULEVARD (",,,Crépuscule ou aube,En agglomération,Hors intersection,Normale,Deux véhicules - arrière,,,,,,,,,,,2,2,1,1.0,2.0
201100022908,0011-10-01 19:46:00,11,10,1,19,46,170,300,RONDEAU   BOULEVARD ARIS,,,Plein jour,En agglomération,Hors intersection,Normale,Deux véhicules - côté,,,,,,,,,,,1,2,1,1.0,3.0
201100022909,0011-10-02 19:40:00,11,10,2,19,40,170,300,"5, CHEMIN VERT   RUE DU",,,Plein jour,En agglomération,Hors intersection,Normale,Deux véhicules - arrière,,,,,,,,,,,1,2,1,1.0,2.0
201100022910,0011-10-03 09:41:00,11,10,3,9,41,170,300,"02, GAULLE   AVENUE DU G",,,Plein jour,En agglomération,Hors intersection,Normale,Sans collision,,,,,,,,,,,1,2,1,1.0,7.0
201100022911,0011-10-03 17:39:00,11,10,3,17,39,170,200,03 PK RN237 RE MOULIN JU,,,Plein jour,Hors agglomération,Hors intersection,Normale,Deux véhicules - arrière,,,,,,,,,,,1,1,1,1.0,2.0
201100022912,0011-10-03 19:11:00,11,10,3,19,11,170,300,ROBESPIERRE   AVENUE,,,Nuit avec éclairage allumé,En agglomération,Hors intersection,Normale,Autre collision,,,,,,,,,,,5,2,1,1.0,6.0
201100022913,0011-10-03 21:10:00,11,10,3,21,10,170,300,"02, CARNOT   AVENUE",,,Nuit avec éclairage allumé,En agglomération,Hors intersection,Normale,Sans collision,,,,,,,,,,,5,2,1,1.0,7.0
201100022914,0011-10-03 22:20:00,11,10,3,22,20,170,200,LAGORD   AVENUE DE,,,Nuit avec éclairage non allumé,En agglomération,Hors intersection,Normale,Sans collision,,,,,,,,,,,4,2,1,1.0,7.0
201100022915,0011-10-05 13:55:00,11,10,5,13,55,170,300,MOULIN   AVENUE JEAN,,,Plein jour,En agglomération,Hors intersection,Normale,Deux véhicules - frontale,,,,,,,,,,,1,2,1,1.0,1.0
201100022916,0011-10-06 15:25:00,11,10,6,15,25,170,28,"34, GRASSET   AVENUE EDM",,,Plein jour,En agglomération,Hors intersection,Normale,Deux véhicules - arrière,,,,,,,,,,,1,2,1,1.0,2.0
201100022917,0011-10-06 22:00:00,11,10,6,22,0,170,300,CORSAIRES   AVENUE DES (,,,Nuit avec éclairage allumé,En agglomération,Intersection en T,Normale,Deux véhicules - côté,,,,,,,,,,,5,2,3,1.0,3.0
201100022918,0011-10-07 09:16:00,11,10,7,9,16,170,28,GAULLE   AVENUE DU GENER,,,Plein jour,En agglomération,Autre intersection,Normale,Autre collision,,,,,,,,,,,1,2,9,1.0,6.0
201100022919,0011-10-07 22:25:00,11,10,7,22,25,170,300,QUATORZE JUILLET   AVENU,,,Nuit sans éclairage public,En agglomération,Hors intersection,Normale,Autre collision,,,,,,,,,,,3,2,1,1.0,6.0
201100022920,0011-10-11 08:06:00,11,10,11,8,6,170,291,"3, REPUBLIQUE   RUE DE L",,,Plein jour,En agglomération,Hors intersection,Normale,Deux véhicules - arrière,,,,,,,,,,,1,2,1,1.0,2.0
201100022921,0011-10-11 15:36:00,11,10,11,15,36,170,300,BETHENCOURT   RUE DE (1/,,,Plein jour,En agglomération,Hors intersection,Normale,Autre collision,,,,,,,,,,,1,2,1,1.0,6.0
201100022922,0011-10-11 16:33:00,11,10,11,16,33,170,300,MAUBEC   QUAI,,,Plein jour,En agglomération,Hors intersection,Normale,Deux véhicules - arrière,,,,,,,,,,,1,2,1,1.0,2.0
201100022923,0011-10-12 07:24:00,11,10,12,7,24,170,300,", DENFERT-ROCHEREAU   AV",,,Crépuscule ou aube,En agglomération,Hors intersection,Normale,Deux véhicules - côté,,,,,,,,,,,2,2,1,1.0,3.0
201100022924,0011-10-12 11:38:00,11,10,12,11,38,170,300,"5, GRANDES VARENNES   AV",,,Plein jour,En agglomération,Hors intersection,Normale,Autre collision,,,,,,,,,,,1,2,1,1.0,6.0
201100022925,0011-10-12 12:41:00,11,10,12,12,41,170,274,REPUBLIQUE   ROND-POINT,,,Plein jour,En agglomération,Autre intersection,Normale,Deux véhicules - arrière,,,,,,,,,,,1,2,9,1.0,2.0
201100022926,0011-10-13 23:05:00,11,10,13,23,5,170,300,REMPARTS   CHEMIN DES,,,Nuit avec éclairage allumé,En agglomération,Hors intersection,Normale,Autre collision,,,,,,,,,,,5,2,1,1.0,6.0
201100022927,0011-10-14 15:31:00,11,10,14,15,31,170,300,JOFFRE   BOULEVARD (27/7,,,Plein jour,En agglomération,Hors intersection,Normale,Autre collision,,,,,,,,,,,1,2,1,1.0,6.0
201100022928,0011-10-17 20:10:00,11,10,17,20,10,170,300,"3, SCHWEITZER   RUE DU D",,,Nuit avec éclairage allumé,En agglomération,Hors intersection,Normale,Autre collision,,,,,,,,,,,5,2,1,1.0,6.0
201100022929,0011-10-17 22:10:00,11,10,17,22,10,170,300,SAINT-LOUIS   RUE,,,Nuit avec éclairage allumé,En agglomération,Intersection en X,Normale,Deux véhicules - côté,,,,,,,,,,,5,2,2,1.0,3.0
201100022930,0011-10-18 13:15:00,11,10,18,13,15,170,300,Rond Point L?gion d'Honn,,,Plein jour,En agglomération,Autre intersection,Normale,Deux véhicules - arrière,,,,,,,,,,,1,2,9,1.0,2.0
201100022931,0011-10-21 17:48:00,11,10,21,17,48,170,300,06 PK RN237 MOULIN JUSTI,,,Plein jour,Hors agglomération,Hors intersection,Normale,Sans collision,,,,,,,,,,,1,1,1,1.0,7.0
201100022932,0011-10-22 10:20:00,11,10,22,10,20,170,300,"15, SARTRE   AVENUE JEAN",,,Plein jour,En agglomération,Hors intersection,Normale,Deux véhicules - arrière,,,,,,,,,,,1,2,1,1.0,2.0
201100022933,0011-10-22 15:40:00,11,10,22,15,40,170,291,FRANCE  ROND POINT DE,,,Plein jour,En agglomération,Giratoire,Normale,Trois véhicules et plus - en chaîne,,,,,,,,,,,1,2,6,1.0,4.0
201100022934,0011-10-24 17:30:00,11,10,24,17,30,170,300,112 PK RN137 ROCHEFORT J,,,Plein jour,Hors agglomération,Hors intersection,Normale,Deux véhicules - frontale,,,,,,,,,,,1,1,1,1.0,1.0
201100022935,0011-10-27 12:47:00,11,10,27,12,47,170,300,"293, CARNOT   AVENUE",,,Plein jour,En agglomération,Hors intersection,Normale,Deux véhicules - arrière,,,,,,,,,,,1,2,1,1.0,2.0
201100022936,0011-10-29 05:41:00,11,10,29,5,41,170,300,GUITON   AVENUE JEAN (1/,,,Nuit avec éclairage allumé,En agglomération,Autre intersection,Normale,Autre collision,,,,,,,,,,,5,2,9,1.0,6.0
201100022937,0011-10-29 18:00:00,11,10,29,18,0,170,300,DELACROIX   RUE EUGENE,,,Nuit avec éclairage allumé,En agglomération,Intersection en X,Normale,Deux véhicules - côté,,,,,,,,,,,5,2,2,1.0,3.0
201100022938,0011-11-02 09:02:00,11,11,2,9,2,170,300,"9, KASTLER   RUE ALFRED",,,Plein jour,En agglomération,Hors intersection,Normale,Deux véhicules - frontale,,,,,,,,,,,1,2,1,1.0,1.0
201100022939,0011-11-03 08:12:00,11,11,3,8,12,170,300,"3, MONNET   AVENUE JEAN",,,Crépuscule ou aube,En agglomération,Hors intersection,Normale,Sans collision,,,,,,,,,,,2,2,1,1.0,7.0
201100022940,0011-11-03 18:24:00,11,11,3,18,24,170,291,0 PK RN237 MOULIN JUSTIC,,,Crépuscule ou aube,Hors agglomération,Hors intersection,Normale,Deux véhicules - côté,,,,,,,,,,,2,1,1,1.0,3.0
201100022941,0011-11-05 10:39:00,11,11,5,10,39,170,300,TRUFFAUT  RUE FRANCOIS,,,Plein jour,En agglomération,Autre intersection,Normale,Sans collision,,,,,,,,,,,1,2,9,1.0,7.0
201100022942,0011-11-06 15:45:00,11,11,6,15,45,170,300,537 RN ECHANGEUR LA PALL,,,Plein jour,Hors agglomération,Hors intersection,Pluie légère,Sans collision,,,,,,,,,,,1,1,1,2.0,7.0
201100022943,0011-11-07 17:58:00,11,11,7,17,58,170,28,CLEMENCEAU   BOULEVARD G,,,Plein jour,En agglomération,Hors intersection,Normale,Deux véhicules - côté,,,,,,,,,,,1,2,1,1.0,3.0
201100022944,0011-11-07 18:14:00,11,11,7,18,14,170,28,"31, CLEMENCEAU   BOULEVA",,,Nuit avec éclairage allumé,En agglomération,Autre intersection,Normale,Autre collision,,,,,,,,,,,5,2,9,1.0,6.0
201100022945,0011-11-09 14:56:00,11,11,9,14,56,170,300,"326, GUITON   AVENUE JEA",,,Plein jour,En agglomération,Intersection en T,Normale,Deux véhicules - côté,,,,,,,,,,,1,2,3,1.0,3.0
201100022946,0011-11-10 18:48:00,11,11,10,18,48,170,300,112 PK RN137 JUSTICE ROC,,,Nuit sans éclairage public,Hors agglomération,Hors intersection,Normale,Trois véhicules et plus - en chaîne,,,,,,,,,,,3,1,1,1.0,4.0
201100022947,0011-11-11 10:30:00,11,11,11,10,30,170,28,GAULLE   AVENUE DU GENER,,,Plein jour,En agglomération,Hors intersection,Normale,Deux véhicules - côté,,,,,,,,,,,1,2,1,1.0,3.0
201100022948,0011-11-13 14:17:00,11,11,13,14,17,170,300,"152, NORMANDIN   RUE EMI",,,Plein jour,En agglomération,Autre intersection,Normale,Deux véhicules - arrière,,,,,,,,,,,1,2,9,1.0,2.0
201100022949,0011-11-10 17:03:00,11,11,10,17,3,170,300,112 PK RN137 JUSTICE ROC,,,Plein jour,En agglomération,Hors intersection,Normale,Trois véhicules et plus - en chaîne,,,,,,,,,,,1,2,1,1.0,4.0
201100022950,0011-11-14 19:20:00,11,11,14,19,20,170,28,D 939,,,Nuit sans éclairage public,En agglomération,Hors intersection,Normale,Deux véhicules - frontale,,,,,,,,,,,3,2,1,1.0,1.0
201100022951,0011-11-14 19:29:00,11,11,14,19,29,170,300,"77, GUITON   AVENUE JEAN",,,Nuit avec éclairage allumé,En agglomération,Hors intersection,Normale,Autre collision,,,,,,,,,,,5,2,1,1.0,6.0
201100022952,0011-11-15 12:45:00,11,11,15,12,45,170,300,MOSCOU   AVENUE DE,,,Plein jour,En agglomération,Hors intersection,Normale,Autre collision,,,,,,,,,,,1,2,1,1.0,6.0
201100022953,0011-11-15 17:30:00,11,11,15,17,30,170,300,"1, COMMUNE   RUE DE LA",,,Plein jour,En agglomération,Hors intersection,Normale,Sans collision,,,,,,,,,,,1,2,1,1.0,7.0
201100022954,0011-11-16 11:44:00,11,11,16,11,44,170,300,COGNEHORS   BOULEVARD DE,,,Plein jour,En agglomération,Hors intersection,Normale,Autre collision,,,,,,,,,,,1,2,1,1.0,6.0
201100022955,0011-11-16 12:55:00,11,11,16,12,55,170,28,"32, GRASSET   AVENUE EDM",,,Plein jour,En agglomération,Hors intersection,Normale,Autre collision,,,,,,,,,,,1,2,1,1.0,6.0
201100022956,0011-11-17 03:55:00,11,11,17,3,55,170,28,GRASSET   AVENUE EDMOND,,,Nuit sans éclairage public,En agglomération,Hors intersection,Normale,Sans collision,,,,,,,,,,,3,2,1,1.0,7.0
201100022957,0011-11-19 15:30:00,11,11,19,15,30,170,300,"3, CREPEAU   AVENUE MICH",,,Plein jour,En agglomération,Hors intersection,Normale,Autre collision,,,,,,,,,,,1,2,1,1.0,6.0
201100022958,0011-11-21 06:09:00,11,11,21,6,9,170,300,33 PK RN11 ROCADE NANTES,,,Nuit avec éclairage allumé,En agglomération,Hors intersection,Normale,Autre collision,,,,,,,,,,,5,2,1,1.0,6.0
201100022959,0011-11-22 11:40:00,11,11,22,11,40,170,291,D 263,,,Plein jour,En agglomération,Hors intersection,Normale,Deux véhicules - frontale,,,,,,,,,,,1,2,1,1.0,1.0
201100022960,0011-11-23 14:20:00,11,11,23,14,20,170,300,CRAPAUDIERES   AVENUE DE,,,Plein jour,En agglomération,Hors intersection,Normale,Deux véhicules - frontale,,,,,,,,,,,1,2,1,1.0,1.0
201100022961,0011-11-23 18:50:00,11,11,23,18,50,170,300,RABELAIS   RUE,,,Plein jour,En agglomération,Hors intersection,Normale,Sans collision,,,,,,,,,,,1,2,1,1.0,7.0
201100022962,0011-11-24 14:55:00,11,11,24,14,55,170,300,"7, COGNEHORS   BOULEVARD",,,Plein jour,En agglomération,Hors intersection,Normale,Autre collision,,,,,,,,,,,1,2,1,1.0,6.0
201100022963,0011-11-28 08:46:00,11,11,28,8,46,170,300,112 PK RN137 JUSTICE ROC,,,Plein jour,Hors agglomération,Hors intersection,Normale,Autre collision,,,,,,,,,,,1,1,1,1.0,6.0
201100022964,0011-11-28 08:50:00,11,11,28,8,50,170,300,KASTLER   RUE ALFRED,,,Plein jour,En agglomération,Hors intersection,Normale,Deux véhicules - frontale,,,,,,,,,,,1,2,1,1.0,1.0
201100022965,0011-11-28 21:10:00,11,11,28,21,10,170,300,"1, PRUNIER   QUAI LOUIS",,,Nuit avec éclairage allumé,En agglomération,Hors intersection,Normale,Deux véhicules - frontale,,,,,,,,,,,5,2,1,1.0,1.0
201100022966,0011-11-30 12:27:00,11,11,30,12,27,170,300,CHAMP DE MARS   AVENUE D,,,Plein jour,En agglomération,Hors intersection,Normale,Deux véhicules - arrière,,,,,,,,,,,1,2,1,1.0,2.0
201100022967,0011-12-02 12:05:00,11,12,2,12,5,170,300,MANGIN   AVENUE DU GENER,,,Plein jour,En agglomération,Hors intersection,Normale,Deux véhicules - frontale,,,,,,,,,,,1,2,1,1.0,1.0
201100022968,0011-12-02 19:38:00,11,12,2,19,38,170,300,"1, SAUTEL  BOULEVARD AND",,,Nuit avec éclairage allumé,En agglomération,Intersection en X,Temps couvert,Deux véhicules - côté,,,,,,,,,,,5,2,2,8.0,3.0
201100022969,0011-12-03 17:45:00,11,12,3,17,45,170,300,LACROIX   RUE MARIUS,,,Crépuscule ou aube,En agglomération,Hors intersection,Pluie légère,Autre collision,,,,,,,,,,,2,2,1,2.0,6.0
201100022970,0011-12-03 18:04:00,11,12,3,18,4,170,300,"02, QUATORZE JUILLET   A",,,Nuit avec éclairage allumé,En agglomération,Hors intersection,Normale,Sans collision,,,,,,,,,,,5,2,1,1.0,7.0
201100022971,0011-12-04 01:25:00,11,12,4,1,25,170,300,"3, DIX-NEUF MARS 1962",,,Nuit avec éclairage allumé,En agglomération,Hors intersection,Pluie légère,Sans collision,,,,,,,,,,,5,2,1,2.0,7.0
201100022972,0011-12-04 19:08:00,11,12,4,19,8,170,300,SCHWEITZER   RUE DU DOCT,,,Nuit avec éclairage allumé,En agglomération,Autre intersection,Normale,Autre collision,,,,,,,,,,,5,2,9,1.0,6.0
201100022973,0011-12-05 17:15:00,11,12,5,17,15,170,300,"02, SAUTEL  BOULEVARD AN",,,Plein jour,En agglomération,Autre intersection,Normale,Sans collision,,,,,,,,,,,1,2,9,1.0,7.0
201100022974,0011-12-05 20:10:00,11,12,5,20,10,170,300,"124, BERNIER   AVENUE DU",,,Nuit avec éclairage allumé,En agglomération,Hors intersection,Normale,Autre collision,,,,,,,,,,,5,2,1,1.0,6.0
201100022975,0011-12-06 19:25:00,11,12,6,19,25,170,300,REPUBLIQUE   BOULEVARD D,,,Nuit avec éclairage allumé,En agglomération,Hors intersection,Normale,Autre collision,,,,,,,,,,,5,2,1,1.0,6.0
201100022976,0011-12-07 07:55:00,11,12,7,7,55,170,300,"02, MARILLAC   AVENUE",,,Nuit avec éclairage allumé,En agglomération,Hors intersection,Normale,Sans collision,,,,,,,,,,,5,2,1,1.0,7.0
201100022977,0011-12-07 16:00:00,11,12,7,16,0,170,291,"9, QUATORZE JUILLET   RU",,,Plein jour,En agglomération,Hors intersection,Temps couvert,Sans collision,,,,,,,,,,,1,2,1,8.0,7.0
201100022978,0011-12-07 20:50:00,11,12,7,20,50,170,300,GAMBETTA   AVENUE,,,Nuit avec éclairage allumé,En agglomération,Autre intersection,Normale,Deux véhicules - côté,,,,,,,,,,,5,2,9,1.0,3.0
201100022979,0011-12-08 12:35:00,11,12,8,12,35,170,300,MONNET   AVENUE JEAN,,,Plein jour,En agglomération,Hors intersection,Normale,Deux véhicules - frontale,,,,,,,,,,,1,2,1,1.0,1.0
201100022980,0011-12-08 18:20:00,11,12,8,18,20,170,200,"02, ROSE   AVENUE DU FIE",,,Nuit avec éclairage non allumé,En agglomération,Hors intersection,Normale,Deux véhicules - côté,,,,,,,,,,,4,2,1,1.0,3.0
201100022981,0011-12-09 18:20:00,11,12,9,18,20,170,300,33 PK RN11 NANTES ROCADE,,,Nuit avec éclairage allumé,Hors agglomération,Hors intersection,Pluie légère,Deux véhicules - arrière,,,,,,,,,,,5,1,1,2.0,2.0
201100022982,0011-12-13 19:02:00,11,12,13,19,2,170,300,"2, FERTE   RUE DE LA",,,Nuit avec éclairage allumé,En agglomération,Hors intersection,Normale,Sans collision,,,,,,,,,,,5,2,1,1.0,7.0
201100022983,0011-12-12 08:20:00,11,12,12,8,20,170,300,112 PK RN137 JUSTICE ROC,,,Plein jour,Hors agglomération,Hors intersection,Normale,Deux véhicules - côté,,,,,,,,,,,1,1,1,1.0,3.0
201100022984,0011-12-14 13:45:00,11,12,14,13,45,170,300,JOFFRE   BOULEVARD (27/7,,,Plein jour,En agglomération,Hors intersection,Pluie légère,Deux véhicules - arrière,,,,,,,,,,,1,2,1,2.0,2.0
201100022985,0011-12-16 08:33:00,11,12,16,8,33,170,300,"02, KENNEDY   AVENUE DU",,,Plein jour,En agglomération,Hors intersection,Normale,Sans collision,,,,,,,,,,,1,2,1,1.0,7.0
201100022986,0011-12-20 16:12:00,11,12,20,16,12,170,291,DIX-HUIT JUIN   RUE DU,,,Plein jour,En agglomération,Hors intersection,Normale,Deux véhicules - arrière,,,,,,,,,,,1,2,1,1.0,2.0
201100022987,0011-12-20 18:27:00,11,12,20,18,27,170,300,"2, JUSTICES   RUE DU MOU",,,Crépuscule ou aube,En agglomération,Hors intersection,Normale,Trois véhicules et plus - en chaîne,,,,,,,,,,,2,2,1,1.0,4.0
201100022988,0011-12-20 20:50:00,11,12,20,20,50,170,300,"2, STADE   RUE DU",,,Nuit avec éclairage allumé,En agglomération,Intersection en T,Normale,Deux véhicules - côté,,,,,,,,,,,5,2,3,1.0,3.0
201100022989,0011-12-21 14:01:00,11,12,21,14,1,170,300,113 PK RN137 JUSTICE ROC,,,Plein jour,Hors agglomération,Hors intersection,Normale,Deux véhicules - côté,,,,,,,,,,,1,1,1,1.0,3.0
201100022990,0011-12-22 15:58:00,11,12,22,15,58,170,28,MAILLES   RUE DES COTTES,,,Plein jour,En agglomération,Hors intersection,Normale,Sans collision,,,,,,,,,,,1,2,1,1.0,7.0
201100022991,0011-12-25 07:05:00,11,12,25,7,5,170,300,HUIT MAI    PLACE DU,,,Nuit avec éclairage allumé,En agglomération,Hors intersection,Normale,Autre collision,,,,,,,,,,,5,2,1,1.0,6.0
201100022992,0011-12-26 17:50:00,11,12,26,17,50,170,300,116 PK RN137 ROCHEFORT J,,,Plein jour,En agglomération,Hors intersection,Normale,Sans collision,,,,,,,,,,,1,2,1,1.0,7.0
201100022993,0011-12-27 23:10:00,11,12,27,23,10,170,300,"2, BEGON   RUE MICHEL",,,Nuit avec éclairage allumé,En agglomération,Hors intersection,Normale,Sans collision,,,,,,,,,,,5,2,1,1.0,7.0
201100022994,0011-01-10 11:05:00,11,1,10,11,5,170,306,"., GARE (DE LA)",,,Plein jour,En agglomération,Hors intersection,Normale,Autre collision,,,,,,,,,,,1,2,1,1.0,6.0
201100022995,0011-01-10 17:15:00,11,1,10,17,15,170,306,"38, PARIS (DE) (AVENUE)",,,Plein jour,En agglomération,Hors intersection,Normale,Autre collision,,,,,,,,,,,1,2,1,1.0,6.0
201100022996,0011-01-19 09:10:00,11,1,19,9,10,170,306,"., AQUITAINE (ALIENOR D'",,,Plein jour,En agglomération,Intersection en T,Normale,Deux véhicules - côté,,,,,,,,,,,1,2,3,1.0,3.0
201100022997,0011-01-19 10:30:00,11,1,19,10,30,170,306,"., REPUBLIQUE (DE LA) (B",,,Plein jour,En agglomération,Hors intersection,Normale,Autre collision,,,,,,,,,,,1,2,1,1.0,6.0
201100022998,0011-02-02 03:40:00,11,2,2,3,40,170,306,"., EXPRESS (VOIE)",,,Nuit sans éclairage public,Hors agglomération,Hors intersection,Autre,Sans collision,,,,,,,,,,,3,1,1,9.0,7.0
201100022999,0011-02-02 10:35:00,11,2,2,10,35,170,306,"., CHARCOT (DOCTEUR) (AV",,,Plein jour,En agglomération,Hors intersection,Normale,Deux véhicules - frontale,,,,,,,,,,,1,2,1,1.0,1.0
201100023000,0011-02-07 14:15:00,11,2,7,14,15,170,380,"., VERDUN (AVENUE DE)",,,Plein jour,En agglomération,Giratoire,Normale,Autre collision,,,,,,,,,,,1,2,6,1.0,6.0
201100023001,0011-02-09 17:45:00,11,2,9,17,45,170,306,"., BAILLET (BD COLONEL R",,,Plein jour,En agglomération,Hors intersection,Normale,Autre collision,,,,,,,,,,,1,2,1,1.0,6.0
201100023002,0011-02-24 16:30:00,11,2,24,16,30,170,306,"., LOTI PIERRE",,,Plein jour,En agglomération,Hors intersection,Normale,Deux véhicules - côté,,,,,,,,,,,1,2,1,1.0,3.0
201100023003,0011-03-01 14:30:00,11,3,1,14,30,170,306,"., HEDDE (AVENUE DANIEL)",,,Plein jour,En agglomération,Hors intersection,Normale,Deux véhicules - côté,,,,,,,,,,,1,2,1,1.0,3.0
201100023004,0011-03-02 11:05:00,11,3,2,11,5,170,306,"., FONCILLON (DE)",,,Plein jour,En agglomération,Intersection en X,Normale,Deux véhicules - côté,,,,,,,,,,,1,2,2,1.0,3.0
201100023005,0011-03-09 12:15:00,11,3,9,12,15,170,306,"., AMPERE",,,Plein jour,En agglomération,Hors intersection,Normale,Deux véhicules - frontale,,,,,,,,,,,1,2,1,1.0,1.0
201100023006,0011-03-14 21:50:00,11,3,14,21,50,170,306,"., ROCHEFORT (DE)  (AVEN",,,Nuit avec éclairage allumé,Hors agglomération,Hors intersection,Normale,Sans collision,,,,,,,,,,,5,1,1,1.0,7.0
201100023007,0011-03-23 13:00:00,11,3,23,13,0,170,380,"., JONQUE (ALLEE DE LA)",,,Plein jour,En agglomération,Hors intersection,Normale,Autre collision,,,,,,,,,,,1,2,1,1.0,6.0
201100023008,0011-03-26 13:47:00,11,3,26,13,47,170,306,"., BAILLET (BD COLONEL R",,,Plein jour,En agglomération,Hors intersection,Normale,Deux véhicules - côté,,,,,,,,,,,1,2,1,1.0,3.0
201100023009,0011-04-26 12:40:00,11,4,26,12,40,170,306,"., CLEMENCEAU  GEORGES (",,,Plein jour,En agglomération,Hors intersection,Normale,Deux véhicules - côté,,,,,,,,,,,1,2,1,1.0,3.0
201100023010,0011-04-29 15:14:00,11,4,29,15,14,170,333,"., COTE DE BEAUTE (BOULE",,,Plein jour,En agglomération,Intersection en T,Normale,Deux véhicules - côté,,,,,,,,,,,1,2,3,1.0,3.0
201100023011,0011-05-03 15:33:00,11,5,3,15,33,170,333,"., DE LATTRE DE TASSIGNY",,,Plein jour,En agglomération,Hors intersection,Normale,Deux véhicules - côté,,,,,,,,,,,1,2,1,1.0,3.0
201100023012,0011-05-07 09:51:00,11,5,7,9,51,170,380,"., EXPRESS (VOIE)",,,Plein jour,En agglomération,Hors intersection,Normale,Autre collision,,,,,,,,,,,1,2,1,1.0,6.0
201100023013,0011-05-09 18:05:00,11,5,9,18,5,170,306,"., BOUCHET LOUIS (AVENUE",,,Plein jour,En agglomération,Hors intersection,Normale,Autre collision,,,,,,,,,,,1,2,1,1.0,6.0
201100023014,0011-05-28 01:25:00,11,5,28,1,25,170,461,"., EXPRESS (VOIE)",,,Nuit sans éclairage public,Hors agglomération,Hors intersection,Normale,Sans collision,,,,,,,,,,,3,1,1,1.0,7.0
201100023015,0011-05-28 01:45:00,11,5,28,1,45,170,306,"., EXPRESS (VOIE)",,,Nuit avec éclairage allumé,Hors agglomération,Autre intersection,Normale,Sans collision,,,,,,,,,,,5,1,9,1.0,7.0
201100023016,0011-06-01 12:35:00,11,6,1,12,35,170,306,"70, BAILLET (BD COLONEL",,,Plein jour,En agglomération,Hors intersection,Normale,Deux véhicules - arrière,,,,,,,,,,,1,2,1,1.0,2.0