accident_id,datetime,annee,mois,jour,heure,minute,departement,commune_insee,adresse,latitude,longitude,luminosite,agglomeration,intersection,meteo,collision,nb_vehicules,nb_usagers,nb_indemnes,nb_tues,nb_blesses_hosp,nb_blesses_legers,age_cond_1,age_cond_2,veh_type_cond_1,veh_type_cond_2,lum_code,agg_code,int_code,atm_code,col_code
201100023017,0011-06-01 12:35:00,11,6,1,12,35,170,306,"., EXPRESS (VOIE)",,,Plein jour,Hors agglomération,Hors intersection,Normale,Autre collision,,,,,,,,,,,1,1,1,1.0,6.0
201100023018,0011-06-01 12:45:00,11,6,1,12,45,170,306,"., ROCHEFORT (DE)  (AVEN",,,Plein jour,En agglomération,Hors intersection,Normale,Deux véhicules - côté,,,,,,,,,,,1,2,1,1.0,3.0
201100023019,0011-06-02 13:00:00,11,6,2,13,0,170,306,"., 4E ZOUAVE (DU) (AVENU",,,Plein jour,En agglomération,Hors intersection,Normale,Deux véhicules - côté,,,,,,,,,,,1,2,1,1.0,3.0
201100023020,0011-06-04 02:10:00,11,6,4,2,10,170,333,"., EXPRESS (voie)",,,Nuit sans éclairage public,Hors agglomération,Autre intersection,Normale,Sans collision,,,,,,,,,,,3,1,9,1.0,7.0
201100023021,0011-06-05 18:00:00,11,6,5,18,0,170,380,"., PONTAILLAC (AVENUE DE",,,Plein jour,En agglomération,Hors intersection,Normale,Deux véhicules - arrière,,,,,,,,,,,1,2,1,1.0,2.0
201100023022,0011-06-13 01:40:00,11,6,13,1,40,170,306,"., LAMY (BD FRANCK)",,,Nuit sans éclairage public,En agglomération,Hors intersection,Normale,Sans collision,,,,,,,,,,,3,2,1,1.0,7.0
201100023023,0011-06-17 17:20:00,11,6,17,17,20,170,306,"., ROCHEFORT (DE)  (AVEN",,,Plein jour,En agglomération,Hors intersection,Normale,Trois véhicules et plus - en chaîne,,,,,,,,,,,1,2,1,1.0,4.0
201100023024,0011-06-21 16:13:00,11,6,21,16,13,170,306,"., ESPERANCE (DE L')",,,Plein jour,En agglomération,Hors intersection,Normale,Deux véhicules - arrière,,,,,,,,,,,1,2,1,1.0,2.0
201100023025,0011-06-22 02:30:00,11,6,22,2,30,170,306,"., GARNIER (BD FREDERIC)",,,Nuit avec éclairage allumé,En agglomération,Hors intersection,Normale,Autre collision,,,,,,,,,,,5,2,1,1.0,6.0
201100023026,0011-06-25 14:05:00,11,6,25,14,5,170,306,"10, LOTI PIERRE",,,Plein jour,En agglomération,Hors intersection,Normale,Autre collision,,,,,,,,,,,1,2,1,1.0,6.0
201100023027,0011-06-26 15:30:00,11,6,26,15,30,170,333,"39, ROULLET  PAUL ( AVEN",,,Plein jour,En agglomération,Hors intersection,Normale,Autre collision,,,,,,,,,,,1,2,1,1.0,6.0
201100023028,0011-06-27 18:30:00,11,6,27,18,30,170,306,"., FONT DE CHERVES",,,Crépuscule ou aube,En agglomération,Intersection en T,Normale,Deux véhicules - côté,,,,,,,,,,,2,2,3,1.0,3.0
201100023029,0011-06-28 16:30:00,11,6,28,16,30,170,333,"., DULIN  (AVENUE DU PRE",,,Plein jour,En agglomération,Giratoire,Normale,Deux véhicules - côté,,,,,,,,,,,1,2,6,1.0,3.0
201100023030,0011-06-29 08:35:00,11,6,29,8,35,170,306,"12, BOUCHET LOUIS (AVENU",,,Plein jour,En agglomération,Hors intersection,Normale,Autre collision,,,,,,,,,,,1,2,1,1.0,6.0
201100023031,0011-07-06 16:08:00,11,7,6,16,8,170,461,"., COTE DE BEAUTE (BOULE",,,Plein jour,En agglomération,Hors intersection,Normale,Deux véhicules - arrière,,,,,,,,,,,1,2,1,1.0,2.0
201100023032,0011-07-08 03:50:00,11,7,8,3,50,170,333,"., COTE DE BEAUTE (BOULE",,,Nuit avec éclairage allumé,En agglomération,Hors intersection,Normale,Sans collision,,,,,,,,,,,5,2,1,1.0,7.0
201100023033,0011-07-08 12:15:00,11,7,8,12,15,170,306,"., BASTIE MARYSE",,,Plein jour,En agglomération,Hors intersection,Normale,Autre collision,,,,,,,,,,,1,2,1,1.0,6.0
201100023034,0011-07-09 05:40:00,11,7,9,5,40,170,461,"., DE GAULLE (BOULEVARD",,,Nuit avec éclairage allumé,En agglomération,Hors intersection,Normale,Sans collision,,,,,,,,,,,5,2,1,1.0,7.0
201100023035,0011-07-11 08:50:00,11,7,11,8,50,170,306,"., REPUBLIQUE (DE LA) (B",,,Plein jour,En agglomération,Hors intersection,Normale,Deux véhicules - arrière,,,,,,,,,,,1,2,1,1.0,2.0
201100023036,0011-07-11 20:00:00,11,7,11,20,0,170,306,"., REGAZZONI (AVENUE CHA",,,Crépuscule ou aube,En agglomération,Hors intersection,Normale,Deux véhicules - arrière,,,,,,,,,,,2,2,1,1.0,2.0
201100023037,0011-07-13 10:55:00,11,7,13,10,55,170,306,"39, HEDDE (AVENUE DANIEL",,,Plein jour,En agglomération,Hors intersection,Normale,Autre collision,,,,,,,,,,,1,2,1,1.0,6.0
201100023038,0011-07-14 12:10:00,11,7,14,12,10,170,306,"148, ROCHEFORT (DE)  (AV",,,Plein jour,En agglomération,Hors intersection,Normale,Trois véhicules et plus - collisions multiples,,,,,,,,,,,1,2,1,1.0,5.0
201100023039,0011-07-16 05:25:00,11,7,16,5,25,170,306,"., EXPRESS (VOIE)",,,Nuit sans éclairage public,Hors agglomération,Hors intersection,Normale,Autre collision,,,,,,,,,,,3,1,1,1.0,6.0
201100023040,0011-07-17 12:50:00,11,7,17,12,50,170,306,"16, CHATEAU D'EAU (DU)",,,Plein jour,En agglomération,Hors intersection,Normale,Autre collision,,,,,,,,,,,1,2,1,1.0,6.0
201100023041,0011-07-18 17:55:00,11,7,18,17,55,170,306,"93 BIS, BAILLET (BD COLO",,,Plein jour,En agglomération,Hors intersection,Normale,Autre collision,,,,,,,,,,,1,2,1,1.0,6.0
201100023042,0011-07-21 00:35:00,11,7,21,0,35,170,333,"48, COULON  (AVENUE GEOR",,,Nuit avec éclairage allumé,En agglomération,Hors intersection,Normale,Autre collision,,,,,,,,,,,5,2,1,1.0,6.0
201100023043,0011-07-21 08:25:00,11,7,21,8,25,170,461,"05, COURLAY (AVENUE DE)",,,Plein jour,En agglomération,Hors intersection,Normale,Autre collision,,,,,,,,,,,1,2,1,1.0,6.0
201100023044,0011-07-21 09:20:00,11,7,21,9,20,170,306,"., MANCHE (DE LA)",,,Plein jour,En agglomération,Hors intersection,Pluie légère,Autre collision,,,,,,,,,,,1,2,1,2.0,6.0
201100023045,0011-07-21 20:16:00,11,7,21,20,16,170,306,"02, BAILLET (BD COLONEL",,,Crépuscule ou aube,En agglomération,Hors intersection,Normale,Autre collision,,,,,,,,,,,2,2,1,1.0,6.0
201100023046,0011-07-23 13:50:00,11,7,23,13,50,170,306,"., LIBERATION (DE LA) (A",,,Plein jour,En agglomération,Intersection en T,Normale,Deux véhicules - côté,,,,,,,,,,,1,2,3,1.0,3.0
201100023047,0011-07-25 18:45:00,11,7,25,18,45,170,380,"., EXPRESS (VOIE)",,,Plein jour,Hors agglomération,Hors intersection,Normale,Autre collision,,,,,,,,,,,1,1,1,1.0,6.0
201100023048,0011-07-27 11:10:00,11,7,27,11,10,170,306,"., PONTAILLAC (DE) (AVEN",,,Plein jour,En agglomération,Hors intersection,Normale,Autre collision,,,,,,,,,,,1,2,1,1.0,6.0
201100023049,0011-07-27 11:40:00,11,7,27,11,40,170,306,"., SEMIS ( RUE DES)",,,Plein jour,En agglomération,Hors intersection,Normale,Autre collision,,,,,,,,,,,1,2,1,1.0,6.0
201100023050,0011-07-27 20:00:00,11,7,27,20,0,170,306,"., CORDOUAN (DE) (BD)",,,Plein jour,En agglomération,Intersection en X,Normale,Autre collision,,,,,,,,,,,1,2,2,1.0,6.0
201100023051,0011-08-01 04:00:00,11,8,1,4,0,170,333,"., DE LATTRE DE TASSIGNY",,,Nuit avec éclairage allumé,En agglomération,Hors intersection,Normale,Autre collision,,,,,,,,,,,5,2,1,1.0,6.0
201100023052,0011-08-03 00:35:00,11,8,3,0,35,170,306,"., TORCHUT (RAMPE DU)",,,Nuit sans éclairage public,En agglomération,Hors intersection,Normale,Sans collision,,,,,,,,,,,3,2,1,1.0,7.0
201100023053,0011-08-03 18:00:00,11,8,3,18,0,170,306,"., DE LATTRE DE TASSIGNY",,,Plein jour,En agglomération,Hors intersection,Normale,Deux véhicules - côté,,,,,,,,,,,1,2,1,1.0,3.0
201100023054,0011-08-07 17:15:00,11,8,7,17,15,170,306,"., REPUBLIQUE (DE LA) (B",,,Plein jour,En agglomération,Hors intersection,Normale,Sans collision,,,,,,,,,,,1,2,1,1.0,7.0
201100023055,0011-08-08 08:44:00,11,8,8,8,44,170,306,"., EXPRESS (VOIE)",,,Plein jour,Hors agglomération,Hors intersection,Normale,Sans collision,,,,,,,,,,,1,1,1,1.0,7.0
201100023056,0011-08-08 12:55:00,11,8,8,12,55,170,306,"., REGAZZONI (AVENUE CHA",,,Plein jour,En agglomération,Hors intersection,Normale,Trois véhicules et plus - en chaîne,,,,,,,,,,,1,2,1,1.0,4.0
201100023057,0011-08-10 16:37:00,11,8,10,16,37,170,380,"., EXPRESS (VOIE)",,,Plein jour,Hors agglomération,Hors intersection,Normale,Deux véhicules - arrière,,,,,,,,,,,1,1,1,1.0,2.0
201100023058,0011-08-10 21:18:00,11,8,10,21,18,170,306,"., LAMY (BD FRANCK)",,,Crépuscule ou aube,En agglomération,Hors intersection,Normale,Autre collision,,,,,,,,,,,2,2,1,1.0,6.0
201100023059,0011-08-10 16:35:00,11,8,10,16,35,170,306,"., LAVOISIER (ANTOINE DE",,,Plein jour,En agglomération,Hors intersection,Normale,Deux véhicules - arrière,,,,,,,,,,,1,2,1,1.0,2.0
201100023060,0011-08-11 09:15:00,11,8,11,9,15,170,333,"., DE LATTRE DE TASSIGNY",,,Plein jour,En agglomération,Hors intersection,Normale,Autre collision,,,,,,,,,,,1,2,1,1.0,6.0
201100023061,0011-08-11 11:45:00,11,8,11,11,45,170,333,"., BORDEAUX (ROUTE DE)",,,Plein jour,En agglomération,Hors intersection,Normale,Trois véhicules et plus - en chaîne,,,,,,,,,,,1,2,1,1.0,4.0
201100023062,0011-08-12 12:15:00,11,8,12,12,15,170,306,"22, MAINE ARNAUD (DU) (A",,,Plein jour,En agglomération,Hors intersection,Normale,Autre collision,,,,,,,,,,,1,2,1,1.0,6.0
201100023063,0011-08-14 13:00:00,11,8,14,13,0,170,306,"., FRONT DE MER (PROMENA",,,Plein jour,En agglomération,Hors intersection,Normale,Autre collision,,,,,,,,,,,1,2,1,1.0,6.0
201100023064,0011-08-17 11:45:00,11,8,17,11,45,170,380,"., REPUBLIQUE (AVENUE DE",,,Plein jour,En agglomération,Hors intersection,Normale,Autre collision,,,,,,,,,,,1,2,1,1.0,6.0
201100023065,0011-08-21 19:23:00,11,8,21,19,23,170,333,"134, CORNICHE (BOULEVARD",,,Plein jour,En agglomération,Hors intersection,Normale,Autre collision,,,,,,,,,,,1,2,1,1.0,6.0
201100023066,0011-08-26 23:50:00,11,8,26,23,50,170,306,"57, TREILLE (DE LA)",,,Nuit avec éclairage allumé,En agglomération,Hors intersection,Normale,Autre collision,,,,,,,,,,,5,2,1,1.0,6.0
201100023067,0011-08-27 18:30:00,11,8,27,18,30,170,380,"., EXPRESS (VOIE)",,,Crépuscule ou aube,Hors agglomération,Hors intersection,Normale,Deux véhicules - frontale,,,,,,,,,,,2,1,1,1.0,1.0
201100023068,0011-08-28 10:50:00,11,8,28,10,50,170,461,"., NAUZAN-PLAGE ( AVENUE",,,Plein jour,En agglomération,Hors intersection,Normale,Autre collision,,,,,,,,,,,1,2,1,1.0,6.0
201100023069,0011-08-29 10:00:00,11,8,29,10,0,170,461,"., EXPRESS (VOIE)",,,Plein jour,Hors agglomération,Hors intersection,Normale,Deux véhicules - arrière,,,,,,,,,,,1,1,1,1.0,2.0
201100023070,0011-08-29 10:03:00,11,8,29,10,3,170,306,"., REGAZZONI (AVENUE CHA",,,Plein jour,En agglomération,Intersection en T,Normale,Deux véhicules - côté,,,,,,,,,,,1,2,3,1.0,3.0
201100023071,0011-08-29 15:28:00,11,8,29,15,28,170,306,"49, PIVOINES (DES)",,,Plein jour,En agglomération,Hors intersection,Normale,Autre collision,,,,,,,,,,,1,2,1,1.0,6.0
201100023072,0011-09-02 16:41:00,11,9,2,16,41,170,380,"., EXPRESS (VOIE)",,,Plein jour,Hors agglomération,Hors intersection,Normale,Trois véhicules et plus - en chaîne,,,,,,,,,,,1,1,1,1.0,4.0
201100023073,0011-09-07 10:45:00,11,9,7,10,45,170,380,"., EXPRESS (VOIE)",,,Plein jour,Hors agglomération,Hors intersection,Normale,Deux véhicules - frontale,,,,,,,,,,,1,1,1,1.0,1.0
201100023074,0011-09-07 13:00:00,11,9,7,13,0,170,306,"., FONT DE CHERVES",,,Plein jour,En agglomération,Hors intersection,Normale,Deux véhicules - arrière,,,,,,,,,,,1,2,1,1.0,2.0
201100023075,0011-09-21 13:14:00,11,9,21,13,14,170,306,"., QUEBEC (AVENUE)",,,Plein jour,En agglomération,Intersection en T,Normale,Autre collision,,,,,,,,,,,1,2,3,1.0,6.0
201100023076,0011-09-23 17:10:00,11,9,23,17,10,170,333,"54, BORDEAUX (ROUTE DE)",,,Plein jour,En agglomération,Hors intersection,Normale,Autre collision,,,,,,,,,,,1,2,1,1.0,6.0
201100023077,0011-09-25 11:45:00,11,9,25,11,45,170,306,"., METAIRIE (DE LA) (AVE",,,Plein jour,En agglomération,Intersection en T,Normale,Deux véhicules - côté,,,,,,,,,,,1,2,3,1.0,3.0
201100023078,0011-10-01 09:45:00,11,10,1,9,45,170,306,"., ROCHEFORT (DE)  (AVEN",,,Plein jour,En agglomération,Intersection en T,Normale,Deux véhicules - côté,,,,,,,,,,,1,2,3,1.0,3.0
201100023079,0011-10-01 18:00:00,11,10,1,18,0,170,461,"., DE GAULLE (BOULEVARD",,,Crépuscule ou aube,En agglomération,Hors intersection,Normale,Autre collision,,,,,,,,,,,2,2,1,1.0,6.0
201100023080,0011-10-05 11:52:00,11,10,5,11,52,170,306,"., REGAZZONI (AVENUE CHA",,,Plein jour,En agglomération,Hors intersection,Normale,Autre collision,,,,,,,,,,,1,2,1,1.0,6.0
201100023081,0011-10-05 16:51:00,11,10,5,16,51,170,306,"., BOUCHET LOUIS (AVENUE",,,Plein jour,En agglomération,Hors intersection,Normale,Autre collision,,,,,,,,,,,1,2,1,1.0,6.0
201100023082,0011-10-06 17:26:00,11,10,6,17,26,170,306,"., BOUCHET LOUIS (AVENUE",,,Plein jour,En agglomération,Hors intersection,Normale,Autre collision,,,,,,,,,,,1,2,1,1.0,6.0
201100023083,0011-10-07 12:13:00,11,10,7,12,13,170,306,"37, AMPERE",,,Plein jour,En agglomération,Hors intersection,Normale,Autre collision,,,,,,,,,,,1,2,1,1.0,6.0
201100023084,0011-10-13 02:55:00,11,10,13,2,55,170,461,"79, TREMBLADE ( ROUTE DE",,,Nuit sans éclairage public,En agglomération,Hors intersection,Normale,Autre collision,,,,,,,,,,,3,2,1,1.0,6.0
201100023085,0011-10-20 09:40:00,11,10,20,9,40,170,306,"1, CLEMENCEAU  GEORGES (",,,Plein jour,En agglomération,Hors intersection,Temps éblouissant,Deux véhicules - frontale,,,,,,,,,,,1,2,1,7.0,1.0
201100023086,0011-10-26 17:55:00,11,10,26,17,55,170,306,"., FRONT DE MER (PROMENA",,,Plein jour,En agglomération,Hors intersection,Normale,Autre collision,,,,,,,,,,,1,2,1,1.0,6.0
201100023087,0011-11-03 13:50:00,11,11,3,13,50,170,306,"., MAISONFORT (ROUTE)",,,Plein jour,En agglomération,Intersection en X,Normale,Trois véhicules et plus - collisions multiples,,,,,,,,,,,1,2,2,1.0,5.0
201100023088,0011-11-10 20:55:00,11,11,10,20,55,170,306,"107, EUROPE (COURS DE L'",,,Nuit avec éclairage allumé,En agglomération,Hors intersection,Normale,Deux véhicules - arrière,,,,,,,,,,,5,2,1,1.0,2.0
201100023089,0011-11-11 17:35:00,11,11,11,17,35,170,306,"., FONCILLON (FACADE DE)",,,Crépuscule ou aube,En agglomération,Hors intersection,Normale,Autre collision,,,,,,,,,,,2,2,1,1.0,6.0
201100023090,0011-11-15 12:15:00,11,11,15,12,15,170,228,"., ROUTE DE SAUJON",,,Plein jour,En agglomération,Hors intersection,Normale,Trois véhicules et plus - en chaîne,,,,,,,,,,,1,2,1,1.0,4.0
201100023091,0011-11-19 13:15:00,11,11,19,13,15,170,380,"., THUYAS (DES)",,,Plein jour,En agglomération,Giratoire,Normale,Deux véhicules - côté,,,,,,,,,,,1,2,6,1.0,3.0
201100023092,0011-11-30 10:50:00,11,11,30,10,50,170,306,"., GUINIELLE",,,Plein jour,En agglomération,Intersection en X,Normale,Deux véhicules - côté,,,,,,,,,,,1,2,2,1.0,3.0
201100023093,0011-12-06 07:55:00,11,12,6,7,55,170,306,"., REUTIN (BD FELIX)",,,Crépuscule ou aube,En agglomération,Hors intersection,Normale,Sans collision,,,,,,,,,,,2,2,1,1.0,7.0
201100023094,0011-12-07 09:00:00,11,12,7,9,0,170,306,"., ANSALDI",,,Plein jour,En agglomération,Hors intersection,Normale,Deux véhicules - arrière,,,,,,,,,,,1,2,1,1.0,2.0
201100023095,0011-12-17 05:30:00,11,12,17,5,30,170,306,"., EXPRESS (VOIE)",,,Nuit sans éclairage public,Hors agglomération,Hors intersection,Normale,Sans collision,,,,,,,,,,,3,1,1,1.0,7.0
201100023096,0011-12-17 10:05:00,11,12,17,10,5,170,306,"., LOTI PIERRE",,,Plein jour,En agglomération,Hors intersection,Normale,Autre collision,,,,,,,,,,,1,2,1,1.0,6.0
201100023097,0011-12-19 11:20:00,11,12,19,11,20,170,333,"., LECLERC (DU MARECHAL)",,,Plein jour,En agglomération,Hors intersection,Normale,Deux véhicules - frontale,,,,,,,,,,,1,2,1,1.0,1.0
201100023098,0011-12-21 02:20:00,11,12,21,2,20,170,461,"79, COTE DE BEAUTE (BOUL",,,Nuit avec éclairage allumé,En agglomération,Hors intersection,Normale,Sans collision,,,,,,,,,,,5,2,1,1.0,7.0
201100023099,0011-12-21 11:55:00,11,12,21,11,55,170,306,"18, BRIAND  ARISTIDE  (B",,,Plein jour,En agglomération,Hors intersection,Normale,Autre collision,,,,,,,,,,,1,2,1,1.0,6.0
201100023100,0011-12-24 09:39:00,11,12,24,9,39,170,306,ROCHEFORT (DE)  (AVENUE),,,Plein jour,En agglomération,Intersection en X,Normale,Trois véhicules et plus - collisions multiples,,,,,,,,,,,1,2,2,1.0,5.0
201100023101,0011-12-26 18:00:00,11,12,26,18,0,170,306,ROCHEFORT (DE)  (AVENUE),,,Nuit avec éclairage allumé,Hors agglomération,Hors intersection,Normale,Deux véhicules - côté,,,,,,,,,,,5,1,1,1.0,3.0
201100023102,0011-12-30 17:45:00,11,12,30,17,45,170,306,"., EUROPE (COURS DE L')",,,Crépuscule ou aube,En agglomération,Hors intersection,Normale,Autre collision,,,,,,,,,,,2,2,1,1.0,6.0
201100023103,0011-08-08 14:00:00,11,8,8,14,0,270,62,,49.301,0.79702,Plein jour,Hors agglomération,Hors intersection,Normale,Sans collision,,,,,,,,,,,1,1,1,1.0,7.0
201100023104,0011-01-09 17:10:00,11,1,9,17,10,170,415,"31, LEMERCIER COURS",,,Plein jour,En agglomération,Hors intersection,Normale,Autre collision,,,,,,,,,,,1,2,1,1.0,6.0
201100023105,0011-01-11 07:40:00,11,1,11,7,40,170,415,"1, JOURDAN AVENUE",,,Nuit avec éclairage allumé,En agglomération,Hors intersection,Pluie légère,Autre collision,,,,,,,,,,,5,2,1,2.0,6.0
201100023106,0011-01-15 09:40:00,11,1,15,9,40,170,415,"1, COTE DE BEAUTE RUE DE",,,Plein jour,En agglomération,Hors intersection,Brouillard / fumée,Autre collision,,,,,,,,,,,1,2,1,5.0,6.0
201100023107,0011-01-19 08:00:00,11,1,19,8,0,170,415,"1, BEAULIEU CHEMIN DE",,,Crépuscule ou aube,Hors agglomération,Hors intersection,Normale,Autre collision,,,,,,,,,,,2,1,1,1.0,6.0
201100023108,0011-01-20 14:00:00,11,1,20,14,0,170,415,"1, LECLERC COURS DU MARE",,,Plein jour,En agglomération,Hors intersection,Normale,Autre collision,,,,,,,,,,,1,2,1,1.0,6.0
201100023109,0011-01-21 08:30:00,11,1,21,8,30,170,415,"1, RETAUD ROUTE DE",,,Plein jour,En agglomération,Hors intersection,Autre,Autre collision,,,,,,,,,,,1,2,1,9.0,6.0
201100023110,0011-01-21 16:50:00,11,1,21,16,50,170,415,"1, ALLENDE AVENUE DU PRE",,,Plein jour,En agglomération,Hors intersection,Normale,Autre collision,,,,,,,,,,,1,2,1,1.0,6.0
201100023111,0011-01-24 07:55:00,11,1,24,7,55,170,415,"1, VOIVILLE RUE DE",,,Crépuscule ou aube,Hors agglomération,Hors intersection,Normale,Autre collision,,,,,,,,,,,2,1,1,1.0,6.0
201100023112,0011-01-27 09:00:00,11,1,27,9,0,170,415,"1, SAINT THOMAS ROUTE DE",,,Plein jour,Hors agglomération,Hors intersection,Autre,Sans collision,,,,,,,,,,,1,1,1,9.0,7.0
201100023113,0011-01-27 10:00:00,11,1,27,10,0,170,415,"27, ROCHERS RUE DES",,,Plein jour,En agglomération,Hors intersection,Autre,Sans collision,,,,,,,,,,,1,2,1,9.0,7.0
201100023114,0011-01-27 10:30:00,11,1,27,10,30,170,415,"1, CHANIERS RUE DE",,,Plein jour,En agglomération,Hors intersection,Autre,Autre collision,,,,,,,,,,,1,2,1,9.0,6.0
201100023115,0011-01-28 15:15:00,11,1,28,15,15,170,415,"2, DOUMER 2 A 102 ROCADE",,,Plein jour,En agglomération,Hors intersection,Normale,Autre collision,,,,,,,,,,,1,2,1,1.0,6.0
201100023116,0011-02-03 16:30:00,11,2,3,16,30,170,415,"1, MOTHE RUE DE LA",,,Plein jour,En agglomération,Hors intersection,Pluie légère,Autre collision,,,,,,,,,,,1,2,1,2.0,6.0
201100023117,0011-02-10 17:10:00,11,2,10,17,10,170,415,NATIONAL 69 A FIN ET 46,,,Plein jour,En agglomération,Hors intersection,Normale,Autre collision,,,,,,,,,,,1,2,1,1.0,6.0
201100023118,0011-02-13 15:30:00,11,2,13,15,30,170,415,"60, GAUTIER RUE",,,Plein jour,En agglomération,Hors intersection,Normale,Autre collision,,,,,,,,,,,1,2,1,1.0,6.0
201100023119,0011-02-16 09:55:00,11,2,16,9,55,170,415,"1, Route Nationale 150",,,Plein jour,En agglomération,Hors intersection,Normale,Sans collision,,,,,,,,,,,1,2,1,1.0,7.0
201100023120,0011-02-16 23:20:00,11,2,16,23,20,170,415,"1, REPUBLIQUE QUAI DE LA",,,Nuit avec éclairage allumé,En agglomération,Hors intersection,Normale,Sans collision,,,,,,,,,,,5,2,1,1.0,7.0
201100023121,0011-02-17 15:13:00,11,2,17,15,13,170,415,"1, PALISSY QUAI",,,Plein jour,En agglomération,Hors intersection,Normale,Autre collision,,,,,,,,,,,1,2,1,1.0,6.0
201100023122,0011-02-23 20:00:00,11,2,23,20,0,170,415,"1, LECLERC COURS DU MARE",,,Nuit avec éclairage allumé,En agglomération,Hors intersection,Normale,Autre collision,,,,,,,,,,,5,2,1,1.0,6.0
201100023123,0011-02-24 22:30:00,11,2,24,22,30,170,415,"9, REPUBLIQUE QUAI DE LA",,,Nuit avec éclairage allumé,En agglomération,Hors intersection,Normale,Autre collision,,,,,,,,,,,5,2,1,1.0,6.0
201100023124,0011-03-17 09:20:00,11,3,17,9,20,170,415,"1, GEMOZAC AVENUE DE",,,Plein jour,Hors agglomération,Hors intersection,Normale,Autre collision,,,,,,,,,,,1,1,1,1.0,6.0
201100023125,0011-03-17 18:45:00,11,3,17,18,45,170,415,"1, NATIONAL 1 A 67 ET 2",,,Plein jour,En agglomération,Hors intersection,Normale,Autre collision,,,,,,,,,,,1,2,1,1.0,6.0
201100023126,0011-03-18 11:05:00,11,3,18,11,5,170,415,"1, PONT AMILION RUE",,,Plein jour,En agglomération,Hors intersection,Pluie légère,Autre collision,,,,,,,,,,,1,2,1,2.0,6.0
201100023127,0011-03-18 12:50:00,11,3,18,12,50,170,415,"1, CHAMP DE TIR RUE DU",,,Plein jour,En agglomération,Hors intersection,Pluie légère,Sans collision,,,,,,,,,,,1,2,1,2.0,7.0
201100023128,0011-03-22 17:20:00,11,3,22,17,20,170,415,"1, RAMEAU RUE JEAN PHILI",,,Plein jour,En agglomération,Hors intersection,Normale,Autre collision,,,,,,,,,,,1,2,1,1.0,6.0
201100023129,0011-03-28 08:45:00,11,3,28,8,45,170,415,"19, SAINT PIERRE RUE",,,Plein jour,En agglomération,Hors intersection,Normale,Autre collision,,,,,,,,,,,1,2,1,1.0,6.0
201100023130,0011-03-30 13:00:00,11,3,30,13,0,170,415,"1, CHADIGNAC LE PETIT",,,Plein jour,Hors agglomération,Hors intersection,Normale,Sans collision,,,,,,,,,,,1,1,1,1.0,7.0
201100023131,0011-04-08 08:45:00,11,4,8,8,45,170,415,"1, DUFAURE AVENUE JULES",,,Plein jour,En agglomération,Hors intersection,Normale,Autre collision,,,,,,,,,,,1,2,1,1.0,6.0
201100023132,0011-04-12 12:15:00,11,4,12,12,15,170,415,"1, LECLERC COURS DU MARE",,,Plein jour,En agglomération,Hors intersection,Normale,Autre collision,,,,,,,,,,,1,2,1,1.0,6.0
201100023133,0011-04-20 17:05:00,11,4,20,17,5,170,415,"21, SAINT PIERRE RUE",,,Plein jour,En agglomération,Hors intersection,Normale,Autre collision,,,,,,,,,,,1,2,1,1.0,6.0
201100023134,0011-04-27 17:15:00,11,4,27,17,15,170,415,"153, GAMBETTA 74 A 162 E",,,Plein jour,En agglomération,Hors intersection,Normale,Autre collision,,,,,,,,,,,1,2,1,1.0,6.0
201100023135,0011-04-30 02:45:00,11,4,30,2,45,170,415,"4, GAMBETTA 2 A 72 ET 5",,,Nuit sans éclairage public,En agglomération,Hors intersection,Normale,Autre collision,,,,,,,,,,,3,2,1,1.0,6.0
201100023136,0011-05-08 12:45:00,11,5,8,12,45,170,415,"106, GAMBETTA 74 A 162 E",,,Plein jour,En agglomération,Hors intersection,Normale,Autre collision,,,,,,,,,,,1,2,1,1.0,6.0
201100023137,0011-05-11 11:40:00,11,5,11,11,40,170,415,"1, ALLENDE AV. DU PRESID",,,Plein jour,En agglomération,Hors intersection,Normale,Autre collision,,,,,,,,,,,1,2,1,1.0,6.0
201100023138,0011-05-11 18:50:00,11,5,11,18,50,170,415,"1, CASTAGNARY ALLEE",,,Plein jour,En agglomération,Hors intersection,Normale,Autre collision,,,,,,,,,,,1,2,1,1.0,6.0
201100023139,0011-05-12 23:05:00,11,5,12,23,5,170,415,"1, BOIFFIERS RUE DES",,,Nuit avec éclairage allumé,En agglomération,Hors intersection,Normale,Autre collision,,,,,,,,,,,5,2,1,1.0,6.0
201100023140,0011-05-14 15:30:00,11,5,14,15,30,170,415,"1, ROCADE OUEST",,,Plein jour,Hors agglomération,Hors intersection,Normale,Autre collision,,,,,,,,,,,1,1,1,1.0,6.0
201100023141,0011-05-20 12:40:00,11,5,20,12,40,170,415,"3, PESSINES ROUTE DE",,,Plein jour,Hors agglomération,Hors intersection,Normale,Sans collision,,,,,,,,,,,1,1,1,1.0,7.0
201100023142,0011-05-20 19:05:00,11,5,20,19,5,170,415,"4, GENET 2 A 64 COURS",,,Plein jour,En agglomération,Hors intersection,Normale,Deux véhicules - frontale,,,,,,,,,,,1,2,1,1.0,1.0
201100023143,0011-05-25 16:35:00,11,5,25,16,35,170,415,"1, D?partementale  137",,,Plein jour,Hors agglomération,Hors intersection,Normale,Autre collision,,,,,,,,,,,1,1,1,1.0,6.0
201100023144,0011-05-26 10:00:00,11,5,26,10,0,170,415,"1, 141",,,Plein jour,Hors agglomération,Hors intersection,Normale,Autre collision,,,,,,,,,,,1,1,1,1.0,6.0