accident_id,datetime,annee,mois,jour,heure,minute,departement,commune_insee,adresse,latitude,longitude,luminosite,agglomeration,intersection,meteo,collision,nb_vehicules,nb_usagers,nb_indemnes,nb_tues,nb_blesses_hosp,nb_blesses_legers,age_cond_1,age_cond_2,veh_type_cond_1,veh_type_cond_2,lum_code,agg_code,int_code,atm_code,col_code
201100023145,0011-05-26 18:20:00,11,5,26,18,20,170,415,LECLERC COURS DU MARECHA,,,Plein jour,En agglomération,Hors intersection,Normale,Autre collision,,,,,,,,,,,1,2,1,1.0,6.0
201100023146,0011-05-30 16:15:00,11,5,30,16,15,170,415,"88, LEMERCIER COURS",,,Plein jour,En agglomération,Hors intersection,Normale,Autre collision,,,,,,,,,,,1,2,1,1.0,6.0
201100023147,0011-06-03 13:50:00,11,6,3,13,50,170,415,"14, MOULIN DE PERAUD RUE",,,Plein jour,Hors agglomération,Hors intersection,Normale,Autre collision,,,,,,,,,,,1,1,1,1.0,6.0
201100023148,0011-06-04 04:45:00,11,6,4,4,45,170,415,"1, PALISSY QUAI",,,Nuit avec éclairage allumé,En agglomération,Hors intersection,Normale,Autre collision,,,,,,,,,,,5,2,1,1.0,6.0
201100023149,0011-06-07 12:50:00,11,6,7,12,50,170,415,"01, 11 NOVEMBRE PLACE",,,Plein jour,En agglomération,Hors intersection,Normale,Autre collision,,,,,,,,,,,1,2,1,1.0,6.0
201100023150,0011-06-11 11:50:00,11,6,11,11,50,170,415,"1, EUROPE COURS DE",,,Plein jour,En agglomération,Hors intersection,Normale,Autre collision,,,,,,,,,,,1,2,1,1.0,6.0
201100023151,0011-06-13 20:55:00,11,6,13,20,55,170,415,"1, KENNEDY AVENUE JOHN F",,,Plein jour,En agglomération,Hors intersection,Normale,Autre collision,,,,,,,,,,,1,2,1,1.0,6.0
201100023152,0011-06-14 14:30:00,11,6,14,14,30,170,415,"3, ROCHES QUAI DES",,,Plein jour,En agglomération,Hors intersection,Normale,Autre collision,,,,,,,,,,,1,2,1,1.0,6.0
201100023153,0011-06-17 09:20:00,11,6,17,9,20,170,415,"1, DICONCHE",,,Plein jour,Hors agglomération,Hors intersection,Pluie légère,Autre collision,,,,,,,,,,,1,1,1,2.0,6.0
201100023154,0011-06-17 15:25:00,11,6,17,15,25,170,415,141,,,Plein jour,Hors agglomération,Hors intersection,Pluie forte,Autre collision,,,,,,,,,,,1,1,1,3.0,6.0
201100023155,0011-06-21 15:15:00,11,6,21,15,15,170,415,"1, ROCHERS RUE DES",,,Plein jour,En agglomération,Hors intersection,Normale,Autre collision,,,,,,,,,,,1,2,1,1.0,6.0
201100023156,0011-06-29 17:50:00,11,6,29,17,50,170,415,"50, REVERSEAUX 48 A FIN",,,Plein jour,En agglomération,Hors intersection,Normale,Autre collision,,,,,,,,,,,1,2,1,1.0,6.0
201100023157,0011-06-30 14:25:00,11,6,30,14,25,170,415,"1, D?partementale  137",,,Plein jour,Hors agglomération,Hors intersection,Normale,Autre collision,,,,,,,,,,,1,1,1,1.0,6.0
201100023158,0011-07-02 15:00:00,11,7,2,15,0,170,415,"1, PALISSY QUAI",,,Plein jour,En agglomération,Hors intersection,Normale,Autre collision,,,,,,,,,,,1,2,1,1.0,6.0
201100023159,0011-07-16 15:00:00,11,7,16,15,0,170,415,"1, ABATTOIR RUE DE L'",,,Plein jour,En agglomération,Hors intersection,Pluie légère,Autre collision,,,,,,,,,,,1,2,1,2.0,6.0
201100023160,0011-07-22 17:50:00,11,7,22,17,50,170,415,"1, VERDUN QUAI DE",,,Plein jour,En agglomération,Hors intersection,Normale,Autre collision,,,,,,,,,,,1,2,1,1.0,6.0
201100023161,0011-07-23 05:00:00,11,7,23,5,0,170,415,"1, SAINTONGE A10 A ROCAD",,,Nuit avec éclairage allumé,Hors agglomération,Hors intersection,Normale,Autre collision,,,,,,,,,,,5,1,1,1.0,6.0
201100023162,0011-08-01 10:25:00,11,8,1,10,25,170,415,"1, GILARDEAUX RUE DES",,,Plein jour,En agglomération,Hors intersection,Normale,Autre collision,,,,,,,,,,,1,2,1,1.0,6.0
201100023163,0011-08-06 10:30:00,11,8,6,10,30,170,415,"1, AUBARREE PLACE DE L'",,,Plein jour,En agglomération,Hors intersection,Pluie légère,Autre collision,,,,,,,,,,,1,2,1,2.0,6.0
201100023164,0011-08-06 11:45:00,11,8,6,11,45,170,415,141,,,Plein jour,Hors agglomération,Hors intersection,Normale,Autre collision,,,,,,,,,,,1,1,1,1.0,6.0
201100023165,0011-08-12 14:30:00,11,8,12,14,30,170,415,ROCADE OUEST,,,Plein jour,Hors agglomération,Hors intersection,Normale,Autre collision,,,,,,,,,,,1,1,1,1.0,6.0
201100023166,0011-08-12 20:00:00,11,8,12,20,0,170,415,"1, CHERMIGNAC RUE DE",,,Plein jour,En agglomération,Hors intersection,Normale,Autre collision,,,,,,,,,,,1,2,1,1.0,6.0
201100023167,0011-08-17 10:30:00,11,8,17,10,30,170,415,"1, GENET ROCADE A COTE D",,,Plein jour,Hors agglomération,Hors intersection,Normale,Autre collision,,,,,,,,,,,1,1,1,1.0,6.0
201100023168,0011-08-22 17:15:00,11,8,22,17,15,170,415,"122, GAMBETTA 74 A 162 E",,,Plein jour,En agglomération,Hors intersection,Normale,Autre collision,,,,,,,,,,,1,2,1,1.0,6.0
201100023169,0011-08-25 15:50:00,11,8,25,15,50,170,415,"135, GAMBETTA 74 A 162 E",,,Plein jour,En agglomération,Hors intersection,Normale,Autre collision,,,,,,,,,,,1,2,1,1.0,6.0
201100023170,0011-08-29 15:50:00,11,8,29,15,50,170,415,Route Nationale 150,,,Plein jour,Hors agglomération,Hors intersection,Normale,Autre collision,,,,,,,,,,,1,1,1,1.0,6.0
201100023171,0011-08-31 15:45:00,11,8,31,15,45,170,415,"1, SAINTONGE A10 A ROCAD",,,Plein jour,En agglomération,Hors intersection,Normale,Autre collision,,,,,,,,,,,1,2,1,1.0,6.0
201100023172,0011-09-01 18:15:00,11,9,1,18,15,170,415,"1, CHERMIGNAC RUE DE",,,Plein jour,En agglomération,Hors intersection,Normale,Autre collision,,,,,,,,,,,1,2,1,1.0,6.0
201100023173,0011-09-03 03:35:00,11,9,3,3,35,170,415,"1, TAILLEBOURG RUE DE",,,Nuit avec éclairage allumé,En agglomération,Hors intersection,Normale,Autre collision,,,,,,,,,,,5,2,1,1.0,6.0
201100023174,0011-09-04 17:45:00,11,9,4,17,45,170,415,"1, DICONCHE RUE DE",,,Plein jour,Hors agglomération,Hors intersection,Normale,Autre collision,,,,,,,,,,,1,1,1,1.0,6.0
201100023175,0011-09-06 07:50:00,11,9,6,7,50,170,415,route nationale 141,,,Plein jour,Hors agglomération,Hors intersection,Normale,Autre collision,,,,,,,,,,,1,1,1,1.0,6.0
201100023176,0011-09-09 20:00:00,11,9,9,20,0,170,415,"1, SALANDERIE DE LA",,,Plein jour,En agglomération,Hors intersection,Normale,Autre collision,,,,,,,,,,,1,2,1,1.0,6.0
201100023177,0011-09-10 17:50:00,11,9,10,17,50,170,415,Route Nationale 150,,,Plein jour,Hors agglomération,Hors intersection,Normale,Autre collision,,,,,,,,,,,1,1,1,1.0,6.0
201100023178,0011-09-15 01:15:00,11,9,15,1,15,170,415,"1, PETIT MEDOC RUE DU",,,Nuit avec éclairage allumé,En agglomération,Hors intersection,Normale,Autre collision,,,,,,,,,,,5,2,1,1.0,6.0
201100023179,0011-09-21 19:30:00,11,9,21,19,30,170,415,"1, BOSQUETS RUE DES",,,Crépuscule ou aube,En agglomération,Hors intersection,Normale,Sans collision,,,,,,,,,,,2,2,1,1.0,7.0
201100023180,0011-09-26 10:00:00,11,9,26,10,0,170,415,ROCADE SUD,,,Plein jour,Hors agglomération,Hors intersection,Normale,Sans collision,,,,,,,,,,,1,1,1,1.0,7.0
201100023181,0011-09-28 12:15:00,11,9,28,12,15,170,415,"1, PORT D'ENVAUX ROUTE D",,,Plein jour,Hors agglomération,Hors intersection,Normale,Sans collision,,,,,,,,,,,1,1,1,1.0,7.0
201100023182,0011-09-28 07:20:00,11,9,28,7,20,170,415,route nationale 141,,,Crépuscule ou aube,Hors agglomération,Hors intersection,Normale,Autre collision,,,,,,,,,,,2,1,1,1.0,6.0
201100023183,0011-10-05 13:45:00,11,10,5,13,45,170,415,"1, SAINTONGE PONT A RUE",,,Plein jour,En agglomération,Hors intersection,Normale,Autre collision,,,,,,,,,,,1,2,1,1.0,6.0
201100023184,0011-10-02 16:20:00,11,10,2,16,20,170,415,"42, REVERSEAUX 2 A 46 ET",,,Plein jour,En agglomération,Hors intersection,Normale,Autre collision,,,,,,,,,,,1,2,1,1.0,6.0
201100023185,0011-10-02 18:50:00,11,10,2,18,50,170,415,"1, MONTLOUIS RUE",,,Nuit avec éclairage allumé,En agglomération,Hors intersection,Normale,Autre collision,,,,,,,,,,,5,2,1,1.0,6.0
201100023186,0011-10-16 17:00:00,11,10,16,17,0,170,415,"31, PORT LAROUSSELLE RUE",,,Plein jour,En agglomération,Hors intersection,Normale,Autre collision,,,,,,,,,,,1,2,1,1.0,6.0
201100023187,0011-10-20 08:00:00,11,10,20,8,0,170,415,"1, DOUMER ROCADE COTE BE",,,Plein jour,En agglomération,Hors intersection,Normale,Autre collision,,,,,,,,,,,1,2,1,1.0,6.0
201100023188,0011-10-22 09:10:00,11,10,22,9,10,170,415,"1, GENET 6 A ROCADE OUES",,,Plein jour,En agglomération,Hors intersection,Normale,Autre collision,,,,,,,,,,,1,2,1,1.0,6.0
201100023189,0011-11-02 16:00:00,11,11,2,16,0,170,415,"1, APOTRES DE LA LIBERTE",,,Plein jour,En agglomération,Hors intersection,Normale,Autre collision,,,,,,,,,,,1,2,1,1.0,6.0
201100023190,0011-11-15 17:20:00,11,11,15,17,20,170,415,"1, RECOLLETS PLACE DES",,,Plein jour,En agglomération,Hors intersection,Normale,Autre collision,,,,,,,,,,,1,2,1,1.0,6.0
201100023191,0011-11-19 03:10:00,11,11,19,3,10,170,415,"183, GAMBETTA 74 A 162 E",,,Nuit avec éclairage allumé,En agglomération,Hors intersection,Normale,Autre collision,,,,,,,,,,,5,2,1,1.0,6.0
201100023192,0011-11-21 18:05:00,11,11,21,18,5,170,415,route nationale 141,,,Crépuscule ou aube,Hors agglomération,Hors intersection,Normale,Autre collision,,,,,,,,,,,2,1,1,1.0,6.0
201100023193,0011-11-22 16:30:00,11,11,22,16,30,170,415,"1, JOURDAN AVENUE",,,Plein jour,En agglomération,Hors intersection,Normale,Autre collision,,,,,,,,,,,1,2,1,1.0,6.0
201100023194,0011-11-23 21:15:00,11,11,23,21,15,170,415,"7, REVERSEAUX 2 A 46 ET",,,Nuit avec éclairage allumé,Hors agglomération,Hors intersection,Normale,Autre collision,,,,,,,,,,,5,1,1,1.0,6.0
201100023195,0011-11-28 10:10:00,11,11,28,10,10,170,415,"1, DENFERT ROCHEREAU RUE",,,Plein jour,En agglomération,Hors intersection,Normale,Autre collision,,,,,,,,,,,1,2,1,1.0,6.0
201100023196,0011-11-29 21:50:00,11,11,29,21,50,170,415,"44, GAMBETTA 2 A 72 ET 5",,,Nuit avec éclairage allumé,En agglomération,Hors intersection,Pluie légère,Autre collision,,,,,,,,,,,5,2,1,2.0,6.0
201100023197,0011-12-02 11:15:00,11,12,2,11,15,170,415,"1, JEAN RUE DU DOCTEUR",,,Plein jour,En agglomération,Hors intersection,Normale,Autre collision,,,,,,,,,,,1,2,1,1.0,6.0
201100023198,0011-12-03 10:59:00,11,12,3,10,59,170,415,"1, BELLEVUE AVENUE DE",,,Plein jour,En agglomération,Hors intersection,Pluie légère,Autre collision,,,,,,,,,,,1,2,1,2.0,6.0
201100023199,0011-12-05 15:30:00,11,12,5,15,30,170,415,"88, ARC DE TRIOMPHE",,,Plein jour,En agglomération,Hors intersection,Normale,Autre collision,,,,,,,,,,,1,2,1,1.0,6.0
201100023200,0011-12-06 16:20:00,11,12,6,16,20,170,415,"1, ORMEAU DE PIED RUE DE",,,Plein jour,En agglomération,Hors intersection,Normale,Autre collision,,,,,,,,,,,1,2,1,1.0,6.0
201100023201,0011-12-08 11:20:00,11,12,8,11,20,170,415,"01, LECLERC COURS DU MAR",,,Plein jour,En agglomération,Hors intersection,Normale,Autre collision,,,,,,,,,,,1,2,1,1.0,6.0
201100023202,0011-12-19 14:00:00,11,12,19,14,0,170,415,"1, KENNEDY AVENUE JOHN F",,,Plein jour,En agglomération,Hors intersection,Pluie légère,Autre collision,,,,,,,,,,,1,2,1,2.0,6.0
201100023203,0011-12-19 17:30:00,11,12,19,17,30,170,415,"1, ABATTOIR RUE DE L'",,,Nuit avec éclairage allumé,En agglomération,Hors intersection,Pluie légère,Autre collision,,,,,,,,,,,5,2,1,2.0,6.0
201100023204,0011-12-19 17:50:00,11,12,19,17,50,170,415,"1, JEAN RUE DU DOCTEUR",,,Nuit avec éclairage allumé,En agglomération,Hors intersection,Pluie légère,Sans collision,,,,,,,,,,,5,2,1,2.0,7.0
201100023205,0011-12-21 08:45:00,11,12,21,8,45,170,415,"4, GAMBETTA 2 A 72 ET 5",,,Plein jour,En agglomération,Hors intersection,Pluie légère,Autre collision,,,,,,,,,,,1,2,1,2.0,6.0
201100023206,0011-12-22 08:45:00,11,12,22,8,45,170,415,"1, SAINTONGE RUELLE  DE",,,Plein jour,En agglomération,Hors intersection,Normale,Autre collision,,,,,,,,,,,1,2,1,1.0,6.0
201100023207,0011-12-23 06:40:00,11,12,23,6,40,170,415,"1, GUILLET MAILLET 1-65",,,Nuit avec éclairage allumé,En agglomération,Hors intersection,Normale,Autre collision,,,,,,,,,,,5,2,1,1.0,6.0
201100023208,0011-12-23 16:24:00,11,12,23,16,24,170,415,TERREFORT AVENUE DE,,,Plein jour,Hors agglomération,Hors intersection,Normale,Autre collision,,,,,,,,,,,1,1,1,1.0,6.0
201100023209,0011-12-28 10:10:00,11,12,28,10,10,170,415,"1, SAINT SORLIN RUE DE",,,Plein jour,En agglomération,Hors intersection,Normale,Autre collision,,,,,,,,,,,1,2,1,1.0,6.0
201100023210,0011-12-31 17:00:00,11,12,31,17,0,170,415,"1, LECLERC COURS DU MARE",,,Plein jour,En agglomération,Hors intersection,Normale,Autre collision,,,,,,,,,,,1,2,1,1.0,6.0
201100023211,0011-01-16 00:45:00,11,1,16,0,45,370,170,,,,Nuit sans éclairage public,Hors agglomération,Hors intersection,Normale,Autre collision,,,,,,,,,,,3,1,1,1.0,6.0
201100023212,0011-01-28 17:45:00,11,1,28,17,45,370,160,,,,Crépuscule ou aube,Hors agglomération,Hors intersection,Normale,Autre collision,,,,,,,,,,,2,1,1,1.0,6.0
201100023213,0011-04-19 01:15:00,11,4,19,1,15,370,166,,,,Nuit sans éclairage public,Hors agglomération,Hors intersection,Normale,Deux véhicules - arrière,,,,,,,,,,,3,1,1,1.0,2.0
201100023214,0011-04-19 16:15:00,11,4,19,16,15,370,194,,,,Plein jour,Hors agglomération,Hors intersection,Normale,Trois véhicules et plus - en chaîne,,,,,,,,,,,1,1,1,1.0,4.0
201100023215,0011-04-19 15:15:00,11,4,19,15,15,370,166,,,,Plein jour,Hors agglomération,Hors intersection,Normale,Deux véhicules - arrière,,,,,,,,,,,1,1,1,1.0,2.0
201100023216,0011-07-04 10:45:00,11,7,4,10,45,370,10,,47.5344,0.9594,Plein jour,Hors agglomération,Hors intersection,Normale,Autre collision,,,,,,,,,,,1,1,1,1.0,6.0
201100023217,0011-08-07 18:00:00,11,8,7,18,0,370,160,,,,Plein jour,Hors agglomération,Hors intersection,Normale,Trois véhicules et plus - collisions multiples,,,,,,,,,,,1,1,1,1.0,5.0
201100023218,0011-12-14 12:45:00,11,12,14,12,45,370,179,,47.4654,0.76381,Plein jour,Hors agglomération,Hors intersection,Pluie légère,Sans collision,,,,,,,,,,,1,1,1,2.0,7.0
201100023219,0011-02-04 12:30:00,11,2,4,12,30,340,95,intersection D613/D5E,43.5235,3.73581,Plein jour,Hors agglomération,Intersection en T,Normale,Trois véhicules et plus - collisions multiples,,,,,,,,,,,1,1,3,1.0,5.0
201100023220,0011-02-28 13:45:00,11,2,28,13,45,340,270,,43.56075,3.84937,Plein jour,Hors agglomération,Hors intersection,Normale,Deux véhicules - côté,,,,,,,,,,,1,1,1,1.0,3.0
201100023221,0011-03-30 17:00:00,11,3,30,17,0,340,270,avenue de la liberation,43.57646,3.82816,Plein jour,En agglomération,Hors intersection,Normale,Deux véhicules - côté,,,,,,,,,,,1,2,1,1.0,3.0
201100023222,0011-05-01 20:40:00,11,5,1,20,40,340,95,,43.5411,3.76536,Crépuscule ou aube,Hors agglomération,Hors intersection,Normale,Deux véhicules - frontale,,,,,,,,,,,2,1,1,1.0,1.0
201100023223,0011-05-12 16:15:00,11,5,12,16,15,340,270,,43.55537,3.8471,Plein jour,Hors agglomération,Hors intersection,Pluie forte,Autre collision,,,,,,,,,,,1,1,1,3.0,6.0
201100023224,0011-06-20 15:45:00,11,6,20,15,45,340,270,,43.551,3.779,Plein jour,Hors agglomération,Hors intersection,Normale,Deux véhicules - côté,,,,,,,,,,,1,1,1,1.0,3.0
201100023225,0011-07-05 20:30:00,11,7,5,20,30,340,95,,43.561,3.766,Crépuscule ou aube,Hors agglomération,Hors intersection,Normale,Autre collision,,,,,,,,,,,2,1,1,1.0,6.0
201100023226,0011-07-21 17:00:00,11,7,21,17,0,340,270,,43.56503,3.85018,Plein jour,Hors agglomération,Hors intersection,Normale,Deux véhicules - arrière,,,,,,,,,,,1,1,1,1.0,2.0
201100023227,0011-08-05 14:30:00,11,8,5,14,30,340,95,,43.567,3.792,Plein jour,Hors agglomération,Hors intersection,Normale,Deux véhicules - côté,,,,,,,,,,,1,1,1,1.0,3.0
201100023228,0011-08-15 19:45:00,11,8,15,19,45,340,95,,43.534,3.76,Plein jour,Hors agglomération,Hors intersection,Normale,Sans collision,,,,,,,,,,,1,1,1,1.0,7.0
201100023229,0011-10-17 17:30:00,11,10,17,17,30,340,95,,43.567,3.802,Plein jour,Hors agglomération,Autre intersection,Normale,Deux véhicules - côté,,,,,,,,,,,1,1,9,1.0,3.0
201100023230,0011-10-19 10:15:00,11,10,19,10,15,340,270,,,,Plein jour,Hors agglomération,Hors intersection,Normale,Deux véhicules - côté,,,,,,,,,,,1,1,1,1.0,3.0
201100023231,0011-10-23 20:15:00,11,10,23,20,15,340,270,route de Lattes,,,Nuit avec éclairage non allumé,En agglomération,Hors intersection,Normale,Deux véhicules - frontale,,,,,,,,,,,4,2,1,1.0,1.0
201100023232,0011-02-09 01:00:00,11,2,9,1,0,660,21,,42.71525,2.93246,Nuit sans éclairage public,Hors agglomération,Hors intersection,Normale,Autre collision,,,,,,,,,,,3,1,1,1.0,6.0
201100023233,0011-04-01 01:15:00,11,4,1,1,15,660,141,,,,Nuit sans éclairage public,Hors agglomération,Hors intersection,Normale,Deux véhicules - arrière,,,,,,,,,,,3,1,1,1.0,2.0
201100023234,0011-09-04 22:30:00,11,9,4,22,30,660,50,,,,Nuit sans éclairage public,Hors agglomération,Hors intersection,Normale,Sans collision,,,,,,,,,,,3,1,1,1.0,7.0
201100023235,0011-09-26 17:30:00,11,9,26,17,30,660,50,,42.77695,2.95214,Plein jour,Hors agglomération,Hors intersection,Normale,Deux véhicules - frontale,,,,,,,,,,,1,1,1,1.0,1.0
201100023236,0011-10-16 01:30:00,11,10,16,1,30,660,50,,,,Nuit sans éclairage public,Hors agglomération,Hors intersection,Normale,Autre collision,,,,,,,,,,,3,1,1,1.0,6.0
201100023237,0011-10-22 11:00:00,11,10,22,11,0,660,50,,,,Plein jour,Hors agglomération,Hors intersection,Normale,Autre collision,,,,,,,,,,,1,1,1,1.0,6.0
201100023238,0011-11-24 15:15:00,11,11,24,15,15,660,141,,,,Plein jour,Hors agglomération,Hors intersection,Normale,Deux véhicules - arrière,,,,,,,,,,,1,1,1,1.0,2.0
201100023239,0011-02-11 21:15:00,11,2,11,21,15,300,81,,44.14559,4.71633,Nuit sans éclairage public,Hors agglomération,Hors intersection,Normale,Sans collision,,,,,,,,,,,3,1,1,1.0,7.0
201100023240,0011-02-21 09:15:00,11,2,21,9,15,300,141,,44.11611,4.68817,Plein jour,Hors agglomération,Hors intersection,Normale,Deux véhicules - côté,,,,,,,,,,,1,1,1,1.0,3.0
201100023241,0011-03-12 06:30:00,11,3,12,6,30,300,225,,44.1542,4.52028,Nuit sans éclairage public,Hors agglomération,Autre intersection,Normale,Autre collision,,,,,,,,,,,3,1,9,1.0,6.0
201100023242,0011-03-20 00:45:00,11,3,20,0,45,300,76,,44.10522,4.54088,Nuit sans éclairage public,Hors agglomération,Hors intersection,Normale,Autre collision,,,,,,,,,,,3,1,1,1.0,6.0
201100023243,0011-05-04 18:45:00,11,5,4,18,45,300,76,,44.11481,4.52942,Plein jour,Hors agglomération,Hors intersection,Normale,Deux véhicules - frontale,,,,,,,,,,,1,1,1,1.0,1.0
201100023244,0011-05-17 07:15:00,11,5,17,7,15,300,127,,44.07785,4.58747,Plein jour,Hors agglomération,Hors intersection,Normale,Autre collision,,,,,,,,,,,1,1,1,1.0,6.0
201100023245,0011-05-27 18:15:00,11,5,27,18,15,300,76,,44.10566,4.53963,Plein jour,Hors agglomération,Hors intersection,Normale,Sans collision,,,,,,,,,,,1,1,1,1.0,7.0
201100023246,0011-06-22 10:30:00,11,6,22,10,30,300,92,,44.09247,4.59683,Plein jour,Hors agglomération,Hors intersection,Normale,Deux véhicules - arrière,,,,,,,,,,,1,1,1,1.0,2.0
201100023247,0011-06-22 14:30:00,11,6,22,14,30,300,207,,44.05575,4.57096,Plein jour,Hors agglomération,Hors intersection,Normale,Trois véhicules et plus - collisions multiples,,,,,,,,,,,1,1,1,1.0,5.0
201100023248,0011-07-03 02:45:00,11,7,3,2,45,300,207,,44.04555,4.57801,Nuit sans éclairage public,Hors agglomération,Hors intersection,Normale,Sans collision,,,,,,,,,,,3,1,1,1.0,7.0
201100023249,0011-07-05 10:00:00,11,7,5,10,0,300,28,Place Jean Jaurès,44.16531,4.61927,Plein jour,En agglomération,Hors intersection,Normale,Deux véhicules - côté,,,,,,,,,,,1,2,1,1.0,3.0
201100023250,0011-07-06 15:15:00,11,7,6,15,15,300,191,,44.12202,4.68415,Plein jour,Hors agglomération,Giratoire,Normale,Sans collision,,,,,,,,,,,1,1,6,1.0,7.0
201100023251,0011-07-08 22:15:00,11,7,8,22,15,300,292,,44.10135,4.56772,Nuit sans éclairage public,Hors agglomération,Hors intersection,Normale,Sans collision,,,,,,,,,,,3,1,1,1.0,7.0
201100023252,0011-07-22 11:30:00,11,7,22,11,30,300,331,,44.1084,4.57287,Plein jour,Hors agglomération,Hors intersection,Normale,Sans collision,,,,,,,,,,,1,1,1,1.0,7.0
201100023253,0011-08-23 07:45:00,11,8,23,7,45,300,141,,44.10306,4.6121,Plein jour,Hors agglomération,Hors intersection,Normale,Deux véhicules - frontale,,,,,,,,,,,1,1,1,1.0,1.0
201100023254,0011-09-02 13:45:00,11,9,2,13,45,300,355,,44.0804,4.6091,Plein jour,Hors agglomération,Hors intersection,Normale,Deux véhicules - frontale,,,,,,,,,,,1,1,1,1.0,1.0
201100023255,0011-09-05 17:30:00,11,9,5,17,30,300,331,,44.137,4.615,Plein jour,Hors agglomération,Autre intersection,Normale,Deux véhicules - arrière,,,,,,,,,,,1,1,9,1.0,2.0
201100023256,0011-09-21 12:30:00,11,9,21,12,30,300,331,,44.13109,4.61404,Plein jour,Hors agglomération,Hors intersection,Normale,Deux véhicules - frontale,,,,,,,,,,,1,1,1,1.0,1.0
201100023257,0011-09-25 18:45:00,11,9,25,18,45,300,141,Rd121,44.09838,4.67764,Plein jour,En agglomération,Hors intersection,Normale,Deux véhicules - côté,,,,,,,,,,,1,2,1,1.0,3.0
201100023258,0011-10-03 05:30:00,11,10,3,5,30,300,225,,44.14897,4.5396,Nuit sans éclairage public,Hors agglomération,Hors intersection,Normale,Sans collision,,,,,,,,,,,3,1,1,1.0,7.0
201100023259,0011-10-24 07:00:00,11,10,24,7,0,300,127,,44.07081,4.58115,Nuit sans éclairage public,Hors agglomération,Hors intersection,Pluie légère,Sans collision,,,,,,,,,,,3,1,1,2.0,7.0
201100023260,0011-11-12 20:30:00,11,11,12,20,30,300,302,,44.06855,4.65164,Nuit sans éclairage public,En agglomération,Hors intersection,Normale,Autre collision,,,,,,,,,,,3,2,1,1.0,6.0
201100023261,0011-12-01 13:30:00,11,12,1,13,30,300,92,CD 6086,44.08495,4.59376,Plein jour,En agglomération,Hors intersection,Normale,Autre collision,,,,,,,,,,,1,2,1,1.0,6.0
201100023262,0011-12-16 16:00:00,11,12,16,16,0,300,127,,44.06234,4.57351,Plein jour,Hors agglomération,Hors intersection,Pluie légère,Trois véhicules et plus - collisions multiples,,,,,,,,,,,1,1,1,2.0,5.0
201100023263,0011-03-16 17:30:00,11,3,16,17,30,630,163,,,,Plein jour,Hors agglomération,Hors intersection,Neige / grêle,Deux véhicules - frontale,,,,,,,,,,,1,1,1,4.0,1.0
201100023264,0011-06-05 16:45:00,11,6,5,16,45,630,206,,,,Plein jour,Hors agglomération,Hors intersection,Pluie forte,Sans collision,,,,,,,,,,,1,1,1,3.0,7.0
201100023265,0011-09-19 15:00:00,11,9,19,15,0,630,163,,,,Plein jour,Hors agglomération,Hors intersection,Normale,Deux véhicules - arrière,,,,,,,,,,,1,1,1,1.0,2.0
201100023266,0011-09-25 17:30:00,11,9,25,17,30,630,163,,,,Plein jour,Hors agglomération,Hors intersection,Normale,Autre collision,,,,,,,,,,,1,1,1,1.0,6.0
201100023267,0011-04-25 07:30:00,11,4,25,7,30,370,187,,,,Crépuscule ou aube,Hors agglomération,Hors intersection,Pluie légère,Autre collision,,,,,,,,,,,2,1,1,2.0,6.0
201100023268,0011-05-30 02:15:00,11,5,30,2,15,370,176,,47.0866,0.58596,Nuit sans éclairage public,Hors agglomération,Hors intersection,Normale,Sans collision,,,,,,,,,,,3,1,1,1.0,7.0
201100023269,0011-06-26 15:45:00,11,6,26,15,45,370,142,,47.0738,0.58676,Plein jour,Hors agglomération,Hors intersection,Normale,Sans collision,,,,,,,,,,,1,1,1,1.0,7.0
201100023270,0011-07-07 07:30:00,11,7,7,7,30,370,8,,,,Crépuscule ou aube,Hors agglomération,Hors intersection,Normale,Autre collision,,,,,,,,,,,2,1,1,1.0,6.0
201100023271,0011-08-14 12:15:00,11,8,14,12,15,370,104,,,,Plein jour,Hors agglomération,Hors intersection,Pluie forte,Autre collision,,,,,,,,,,,1,1,1,3.0,6.0
201100023272,0011-08-20 07:15:00,11,8,20,7,15,370,250,,,,Crépuscule ou aube,Hors agglomération,Hors intersection,Normale,Sans collision,,,,,,,,,,,2,1,1,1.0,7.0
201100023273,0011-09-15 17:15:00,11,9,15,17,15,370,278,,47.1966,0.64967,Plein jour,Hors agglomération,Hors intersection,Normale,Autre collision,,,,,,,,,,,1,1,1,1.0,6.0
201100023274,0011-12-02 16:30:00,11,12,2,16,30,370,261,,,,Plein jour,Hors agglomération,Hors intersection,Temps couvert,Trois véhicules et plus - collisions multiples,,,,,,,,,,,1,1,1,8.0,5.0
201100023275,0011-01-19 08:15:00,11,1,19,8,15,830,17,CD 554,,,Plein jour,En agglomération,Hors intersection,Normale,Deux véhicules - frontale,,,,,,,,,,,1,2,1,1.0,1.0
201100023276,0011-01-25 10:00:00,11,1,25,10,0,830,54,,,,Plein jour,Hors agglomération,Hors intersection,Normale,Deux véhicules - frontale,,,,,,,,,,,1,1,1,1.0,1.0