accident_id,datetime,annee,mois,jour,heure,minute,departement,commune_insee,adresse,latitude,longitude,luminosite,agglomeration,intersection,meteo,collision,nb_vehicules,nb_usagers,nb_indemnes,nb_tues,nb_blesses_hosp,nb_blesses_legers,age_cond_1,age_cond_2,veh_type_cond_1,veh_type_cond_2,lum_code,agg_code,int_code,atm_code,col_code
201100023397,0011-08-12 14:20:00,11,8,12,14,20,180,205,VOUZERON (ROUTE DE),47.137,2.34415,Plein jour,Hors agglomération,Hors intersection,Pluie légère,Autre collision,,,,,,,,,,,1,1,1,2.0,6.0
201100023398,0011-08-17 12:24:00,11,8,17,12,24,180,33,INDUSTRIE (BOULEVARD DE,47.072,2.39392,Plein jour,En agglomération,Intersection en T,Normale,Deux véhicules - arrière,,,,,,,,,,,1,2,3,1.0,2.0
201100023399,0011-08-19 00:10:00,11,8,19,0,10,180,33,SAINT-URSIN (CHEMIN DE),47.091,2.41838,Nuit sans éclairage public,En agglomération,Hors intersection,Normale,Autre collision,,,,,,,,,,,3,2,1,1.0,6.0
201100023400,0011-06-26 11:40:00,11,6,26,11,40,180,33,RN 151,47.043,2.33141,Plein jour,Hors agglomération,Hors intersection,Normale,Sans collision,,,,,,,,,,,1,1,1,1.0,7.0
201100023401,0011-08-22 17:15:00,11,8,22,17,15,180,33,"125, CHARLET (RUE)",47.0837,2.41904,Plein jour,En agglomération,Hors intersection,Normale,Autre collision,,,,,,,,,,,1,2,1,1.0,6.0
201100023402,0011-08-22 18:20:00,11,8,22,18,20,180,213,CHARITE (ROUTE DE LA),47.0971,2.45502,Plein jour,En agglomération,Giratoire,Normale,Deux véhicules - arrière,,,,,,,,,,,1,2,6,1.0,2.0
201100023403,0011-08-24 06:15:00,11,8,24,6,15,180,33,LAUDIER (AVENUE HENRI),47.0937,2.39409,Nuit sans éclairage public,En agglomération,Giratoire,Normale,Deux véhicules - côté,,,,,,,,,,,3,2,6,1.0,3.0
201100023404,0011-08-25 14:55:00,11,8,25,14,55,180,33,ROND POINT DE TECHROBA,47.0532,2.43287,Plein jour,Hors agglomération,Giratoire,Normale,Autre collision,,,,,,,,,,,1,1,6,1.0,6.0
201100023405,0011-08-26 21:00:00,11,8,26,21,0,180,33,ISSOUDUN (ROUTE D'),47.0593,2.36158,Nuit sans éclairage public,En agglomération,Hors intersection,Pluie légère,Deux véhicules - arrière,,,,,,,,,,,3,2,1,2.0,2.0
201100023406,0011-08-30 18:05:00,11,8,30,18,5,180,33,NEVERS (AVENUE DE),47.0805,2.46641,Plein jour,Hors agglomération,Hors intersection,Normale,Trois véhicules et plus - collisions multiples,,,,,,,,,,,1,1,1,1.0,5.0
201100023407,0011-08-31 09:15:00,11,8,31,9,15,180,33,JURANVILLE (BOULEVARD DE,47.0857,2.38854,Plein jour,En agglomération,Hors intersection,Normale,Deux véhicules - arrière,,,,,,,,,,,1,2,1,1.0,2.0
201100023408,0011-09-04 00:07:00,11,9,4,0,7,180,33,BECKER (RUE JACQUES),47.0538,2.40575,Nuit avec éclairage allumé,En agglomération,Giratoire,Normale,Sans collision,,,,,,,,,,,5,2,6,1.0,7.0
201100023409,0011-09-04 16:35:00,11,9,4,16,35,180,33,MEDIANE/PONT SNCF,47.0941,2.40114,Plein jour,En agglomération,Intersection en X,Normale,Deux véhicules - côté,,,,,,,,,,,1,2,2,1.0,3.0
201100023410,0011-09-06 14:08:00,11,9,6,14,8,180,33,"112, AV DE LATTRE TASSIG",47.0977,2.41753,Plein jour,En agglomération,Hors intersection,Normale,Deux véhicules - côté,,,,,,,,,,,1,2,1,1.0,3.0
201100023411,0011-09-07 18:15:00,11,9,7,18,15,180,33,JOFFRE/HERVET,47.0727,2.39848,Plein jour,En agglomération,Intersection en X,Normale,Deux véhicules - côté,,,,,,,,,,,1,2,2,1.0,3.0
201100023412,0011-08-27 10:58:00,11,8,27,10,58,180,33,RD 400 (ROCADE),47.1137,2.32978,Plein jour,Hors agglomération,Hors intersection,Normale,Autre collision,,,,,,,,,,,1,1,1,1.0,6.0
201100023413,0011-09-10 06:45:00,11,9,10,6,45,180,33,VERTUS/LAMARCK,47.0795,2.39576,Nuit avec éclairage allumé,En agglomération,Hors intersection,Normale,Sans collision,,,,,,,,,,,5,2,1,1.0,7.0
201100023414,0011-09-09 08:00:00,11,9,9,8,0,180,33,RUE L. MALLET/AL BEAUREG,47.0803,2.37899,Plein jour,En agglomération,Intersection en T,Normale,Deux véhicules - côté,,,,,,,,,,,1,2,3,1.0,3.0
201100023415,0011-09-10 16:40:00,11,9,10,16,40,180,33,BAFFIER/MOREUX,47.0738,2.40943,Plein jour,En agglomération,Intersection en X,Normale,Deux véhicules - côté,,,,,,,,,,,1,2,2,1.0,3.0
201100023416,0011-09-12 04:50:00,11,9,12,4,50,180,213,CHARITE (ROUTE DE LA),47.0963,2.4435,Nuit avec éclairage allumé,En agglomération,Giratoire,Normale,Sans collision,,,,,,,,,,,5,2,6,1.0,7.0
201100023417,0011-09-12 17:30:00,11,9,12,17,30,180,255,D107,47.0434,2.32688,Plein jour,Hors agglomération,Giratoire,Normale,Deux véhicules - côté,,,,,,,,,,,1,1,6,1.0,3.0
201100023418,0011-09-15 08:05:00,11,9,15,8,5,180,33,"32, RUE DES FONDS GAIDON",47.0795,2.42251,Plein jour,En agglomération,Intersection en T,Normale,Trois véhicules et plus - collisions multiples,,,,,,,,,,,1,2,3,1.0,5.0
201100023419,0011-09-17 04:00:00,11,9,17,4,0,180,33,ESPLANADE DU PRADO,47.0833,2.38307,Nuit avec éclairage allumé,En agglomération,Hors intersection,Normale,Autre collision,,,,,,,,,,,5,2,1,1.0,6.0
201100023420,0011-09-18 09:08:00,11,9,18,9,8,180,267,SAINT-AMAND (ROUTE DE),47.0387,2.38869,Plein jour,Hors agglomération,Hors intersection,Normale,Deux véhicules - arrière,,,,,,,,,,,1,1,1,1.0,2.0
201100023421,0011-09-18 12:55:00,11,9,18,12,55,180,33,LAMY (RUE T)/INDUSTRIE,47.0715,2.39025,Plein jour,En agglomération,Intersection en X,Normale,Autre collision,,,,,,,,,,,1,2,2,1.0,6.0
201100023422,0011-09-19 08:00:00,11,9,19,8,0,180,33,LATTRE DE TAS/B. PALISSY,47.0961,2.41916,Plein jour,En agglomération,Intersection en T,Temps couvert,Deux véhicules - côté,,,,,,,,,,,1,2,3,8.0,3.0
201100023423,0011-09-19 18:00:00,11,9,19,18,0,180,33,PONT D'AURON,47.0796,2.39023,Plein jour,En agglomération,Intersection en X,Normale,Deux véhicules - arrière,,,,,,,,,,,1,2,2,1.0,2.0
201100023424,0011-09-23 12:30:00,11,9,23,12,30,180,33,"16, LAUDIER (AVENUE HENR",47.093,2.39393,Plein jour,En agglomération,Hors intersection,Normale,Autre collision,,,,,,,,,,,1,2,1,1.0,6.0
201100023425,0011-09-27 16:20:00,11,9,27,16,20,180,33,SAINT-MICHEL (ROUTE DE),47.0978,2.4112,Plein jour,En agglomération,Hors intersection,Temps éblouissant,Autre collision,,,,,,,,,,,1,2,1,7.0,6.0
201100023426,0011-09-29 18:25:00,11,9,29,18,25,180,33,STRASBOURG (BD DE),47.0814,2.40387,Plein jour,En agglomération,Hors intersection,Normale,Deux véhicules - arrière,,,,,,,,,,,1,2,1,1.0,2.0
201100023427,0011-09-30 17:15:00,11,9,30,17,15,180,33,"27, SANTOS-DUMONT (BOULE",47.0709,2.38572,Plein jour,En agglomération,Hors intersection,Normale,Trois véhicules et plus - collisions multiples,,,,,,,,,,,1,2,1,1.0,5.0
201100023428,0011-10-02 18:20:00,11,10,2,18,20,180,33,RN 142,47.0815,2.44277,Plein jour,Hors agglomération,Hors intersection,Normale,Sans collision,,,,,,,,,,,1,1,1,1.0,7.0
201100023429,0011-10-06 17:00:00,11,10,6,17,0,180,33,"05, LECLERC (PLACE DU MA",47.0937,2.39345,Plein jour,En agglomération,Hors intersection,Pluie forte,Autre collision,,,,,,,,,,,1,2,1,3.0,6.0
201100023430,0011-10-07 12:30:00,11,10,7,12,30,180,33,"38, FILEUSES (RUE DES)",47.0649,2.41318,Plein jour,En agglomération,Hors intersection,Normale,Autre collision,,,,,,,,,,,1,2,1,1.0,6.0
201100023431,0011-10-10 08:30:00,11,10,10,8,30,180,267,SAINT-AMAND (AVENUE DE),47.0596,2.38609,Plein jour,En agglomération,Intersection en T,Temps couvert,Trois véhicules et plus - collisions multiples,,,,,,,,,,,1,2,3,8.0,5.0
201100023432,0011-10-10 17:50:00,11,10,10,17,50,180,33,TURLY (RUE DE),47.0968,2.41146,Plein jour,En agglomération,Hors intersection,Normale,Deux véhicules - frontale,,,,,,,,,,,1,2,1,1.0,1.0
201100023433,0011-10-12 17:50:00,11,10,12,17,50,180,33,SANTOS-DUMONT (BOULEVARD,47.0703,2.38205,Plein jour,En agglomération,Intersection en X,Normale,Trois véhicules et plus - collisions multiples,,,,,,,,,,,1,2,2,1.0,5.0
201100023434,0011-10-16 11:44:00,11,10,16,11,44,180,33,RACINES (ROUTE DES),47.1258,2.39399,Plein jour,En agglomération,Giratoire,Normale,Deux véhicules - arrière,,,,,,,,,,,1,2,6,1.0,2.0
201100023435,0011-10-18 07:00:00,11,10,18,7,0,180,33,REPUBLIQUE (BD DE LA),47.0876,2.39751,Plein jour,En agglomération,Intersection en X,Normale,Deux véhicules - frontale,,,,,,,,,,,1,2,2,1.0,1.0
201100023436,0011-10-18 09:45:00,11,10,18,9,45,180,33,CHAPELLE (ROUTE DE LA),47.0763,2.37656,Plein jour,En agglomération,Intersection en X,Normale,Deux véhicules - frontale,,,,,,,,,,,1,2,2,1.0,1.0
201100023437,0011-10-19 17:10:00,11,10,19,17,10,180,33,RUE JJ ROUSSEAU/ BARBES,47.0789,2.38924,Plein jour,En agglomération,Intersection en X,Temps éblouissant,Autre collision,,,,,,,,,,,1,2,2,7.0,6.0
201100023438,0011-10-21 08:30:00,11,10,21,8,30,180,33,"62, DUN-SUR-AURON (AVENU",47.0696,2.41426,Plein jour,En agglomération,Hors intersection,Normale,Trois véhicules et plus - en chaîne,,,,,,,,,,,1,2,1,1.0,4.0
201100023439,0011-10-20 13:40:00,11,10,20,13,40,180,33,LATTRE DE TASSIGNY (AVEN,47.1032,2.40929,Plein jour,En agglomération,Hors intersection,Normale,Deux véhicules - arrière,,,,,,,,,,,1,2,1,1.0,2.0
201100023440,0011-10-22 13:20:00,11,10,22,13,20,180,33,JJ JAURES/WITTELSHEIM,47.0881,2.39309,Plein jour,En agglomération,Intersection en T,Normale,Deux véhicules - frontale,,,,,,,,,,,1,2,3,1.0,1.0
201100023441,0011-10-26 18:00:00,11,10,26,18,0,180,33,"38, PRES LE ROI (AVENUE",47.0937,2.38851,Plein jour,En agglomération,Hors intersection,Normale,Deux véhicules - côté,,,,,,,,,,,1,2,1,1.0,3.0
201100023442,0011-10-28 17:40:00,11,10,28,17,40,180,33,RACINES (ROUTE DES,47.1258,2.39399,Plein jour,En agglomération,Giratoire,Normale,Autre collision,,,,,,,,,,,1,2,6,1.0,6.0
201100023443,0011-11-04 13:45:00,11,11,4,13,45,180,33,"2, LABONNE (RUE ERICK)",47.0633,2.40062,Plein jour,En agglomération,Hors intersection,Normale,Deux véhicules - côté,,,,,,,,,,,1,2,1,1.0,3.0
201100023444,0011-11-05 00:28:00,11,11,5,0,28,180,33,RUE JJ ROUSSEAU/BARBES,47.0797,2.39018,Nuit avec éclairage allumé,En agglomération,Intersection en X,Pluie forte,Autre collision,,,,,,,,,,,5,2,2,3.0,6.0
201100023445,0011-11-08 17:50:00,11,11,8,17,50,180,33,"74, TURLY (RUE DE)",47.1031,2.4295,Nuit avec éclairage allumé,En agglomération,Hors intersection,Normale,Deux véhicules - côté,,,,,,,,,,,5,2,1,1.0,3.0
201100023446,0011-11-09 18:55:00,11,11,9,18,55,180,33,JURANVILLE (BOULEVARD DE,47.0834,2.38896,Nuit avec éclairage allumé,En agglomération,Intersection en X,Normale,Autre collision,,,,,,,,,,,5,2,2,1.0,6.0
201100023447,0011-11-09 20:01:00,11,11,9,20,1,180,33,SANTOS-DUMONT/J.MERMOZ,47.0703,2.38205,Nuit avec éclairage allumé,En agglomération,Intersection en X,Normale,Deux véhicules - frontale,,,,,,,,,,,5,2,2,1.0,1.0
201100023448,0011-11-14 13:35:00,11,11,14,13,35,180,33,"11, CHAPPE (CHAUSSEE DE)",47.0869,2.42076,Plein jour,En agglomération,Hors intersection,Normale,Deux véhicules - frontale,,,,,,,,,,,1,2,1,1.0,1.0
201100023449,0011-11-15 08:35:00,11,11,15,8,35,180,33,"105, BAFFIER (RUE JEAN)",47.0749,2.40787,Plein jour,En agglomération,Hors intersection,Temps éblouissant,Autre collision,,,,,,,,,,,1,2,1,7.0,6.0
201100023450,0011-11-16 15:05:00,11,11,16,15,5,180,33,CHARITE (ROUTE DE LA),47.0949,2.42007,Plein jour,En agglomération,Intersection en T,Normale,Deux véhicules - arrière,,,,,,,,,,,1,2,3,1.0,2.0
201100023451,0011-09-28 23:40:00,11,9,28,23,40,180,213,CHARITE (RTE DE LA),47.0969,2.45231,Nuit avec éclairage allumé,Hors agglomération,Hors intersection,Normale,Sans collision,,,,,,,,,,,5,1,1,1.0,7.0
201100023452,0011-11-18 18:00:00,11,11,18,18,0,180,205,MALITORNE (RUE DE),47.1057,2.37948,Nuit avec éclairage allumé,En agglomération,Giratoire,Normale,Deux véhicules - côté,,,,,,,,,,,5,2,6,1.0,3.0
201100023453,0011-11-20 12:27:00,11,11,20,12,27,180,33,BOYER/RUE DE LA ROTT?E,47.0563,2.40745,Plein jour,En agglomération,Intersection en T,Normale,Deux véhicules - côté,,,,,,,,,,,1,2,3,1.0,3.0
201100023454,0011-11-27 02:00:00,11,11,27,2,0,180,33,ISSOUDUN (ROUTE D'),47.0593,2.36165,Nuit sans éclairage public,En agglomération,Hors intersection,Normale,Autre collision,,,,,,,,,,,3,2,1,1.0,6.0
201100023455,0011-11-27 20:35:00,11,11,27,20,35,180,33,JURANVILLE (BOULEVARD DE,47.0834,2.38896,Nuit avec éclairage allumé,En agglomération,Intersection en X,Normale,Deux véhicules - frontale,,,,,,,,,,,5,2,2,1.0,1.0
201100023456,0011-11-29 16:10:00,11,11,29,16,10,180,33,"10, LITTRE (RUE)",47.0856,2.39224,Plein jour,En agglomération,Hors intersection,Normale,Autre collision,,,,,,,,,,,1,2,1,1.0,6.0
201100023457,0011-11-30 18:39:00,11,11,30,18,39,180,33,DE GAULLE/GAUTHIER,47.1063,2.41131,Nuit avec éclairage non allumé,En agglomération,Intersection en X,Normale,Deux véhicules - côté,,,,,,,,,,,4,2,2,1.0,3.0
201100023458,0011-09-09 20:15:00,11,9,9,20,15,180,180,RN 142,47.03,2.40599,Nuit sans éclairage public,Hors agglomération,Hors intersection,Normale,Trois véhicules et plus - collisions multiples,,,,,,,,,,,3,1,1,1.0,5.0
201100023459,0011-12-05 14:20:00,11,12,5,14,20,180,213,VENTS (ROUTE DES QUATRE),47.1161,2.44502,Plein jour,Hors agglomération,Hors intersection,Normale,Autre collision,,,,,,,,,,,1,1,1,1.0,6.0
201100023460,0011-12-05 17:55:00,11,12,5,17,55,180,33,"34, BAFFIER (RUE JEAN)",47.0777,2.40239,Nuit avec éclairage allumé,En agglomération,Hors intersection,Normale,Autre collision,,,,,,,,,,,5,2,1,1.0,6.0
201100023461,0011-12-05 18:39:00,11,12,5,18,39,180,33,AVENIR /L MALLET,47.0798,2.38196,Nuit avec éclairage allumé,En agglomération,Intersection en X,Normale,Deux véhicules - côté,,,,,,,,,,,5,2,2,1.0,3.0
201100023462,0011-12-05 19:30:00,11,12,5,19,30,180,33,"04, AUTVAL (RUE ADELAIDE",47.1007,2.4007,Nuit avec éclairage allumé,En agglomération,Hors intersection,Normale,Autre collision,,,,,,,,,,,5,2,1,1.0,6.0
201100023463,0011-12-06 17:15:00,11,12,6,17,15,180,33,"5, CLEMENCEAU (BOULEVARD",47.0883,2.39666,Nuit avec éclairage non allumé,En agglomération,Hors intersection,Temps couvert,Autre collision,,,,,,,,,,,4,2,1,8.0,6.0
201100023464,0011-12-06 17:42:00,11,12,6,17,42,180,33,BAFFIER (RUE JEAN),47.0736,2.4096,Nuit avec éclairage allumé,En agglomération,Hors intersection,Pluie légère,Trois véhicules et plus - en chaîne,,,,,,,,,,,5,2,1,2.0,4.0
201100023465,0011-12-16 09:24:00,11,12,16,9,24,180,33,PROSPECTIVE (AV)BILLANT,47.1103,2.4007,Plein jour,En agglomération,Intersection en X,Vent fort / tempête,Deux véhicules - frontale,,,,,,,,,,,1,2,2,6.0,1.0
201100023466,0011-12-17 11:25:00,11,12,17,11,25,180,33,DUN-SUR-AURON (AVE,47.0603,2.4244,Plein jour,En agglomération,Intersection en T,Normale,Deux véhicules - côté,,,,,,,,,,,1,2,3,1.0,3.0
201100023467,0011-12-19 18:50:00,11,12,19,18,50,180,205,ORLEANS (ROUTE D'),47.1,2.38111,Nuit avec éclairage allumé,En agglomération,Hors intersection,Pluie légère,Trois véhicules et plus - en chaîne,,,,,,,,,,,5,2,1,2.0,4.0
201100023468,0011-12-21 18:15:00,11,12,21,18,15,180,33,"114 A, DE VOGUE (RUE ARN",47.0977,2.41106,Nuit avec éclairage allumé,En agglomération,Hors intersection,Pluie légère,Autre collision,,,,,,,,,,,5,2,1,2.0,6.0
201100023469,0011-12-22 05:00:00,11,12,22,5,0,180,50,RD 16,47.0712,2.33465,Nuit sans éclairage public,Hors agglomération,Hors intersection,Pluie légère,Autre collision,,,,,,,,,,,3,1,1,2.0,6.0
201100023470,0011-12-22 07:50:00,11,12,22,7,50,180,33,LAZENAY (R DE),47.0633,2.40018,Plein jour,En agglomération,Intersection en X,Normale,Deux véhicules - frontale,,,,,,,,,,,1,2,2,1.0,1.0
201100023471,0011-12-27 16:55:00,11,12,27,16,55,180,33,"18, POINCARE (RUE HENRI)",47.1005,2.40384,Nuit avec éclairage allumé,En agglomération,Hors intersection,Temps couvert,Autre collision,,,,,,,,,,,5,2,1,8.0,6.0
201100023472,0011-12-29 14:35:00,11,12,29,14,35,180,33,"145, MITTERRAND (AVENUE",47.0837,2.4357,Plein jour,En agglomération,Autre intersection,Normale,Deux véhicules - côté,,,,,,,,,,,1,2,9,1.0,3.0
201100023473,0011-01-12 13:00:00,11,1,12,13,0,830,49,,,,Plein jour,Hors agglomération,Hors intersection,Normale,Trois véhicules et plus - collisions multiples,,,,,,,,,,,1,1,1,1.0,5.0
201100023474,0011-02-12 20:00:00,11,2,12,20,0,830,91,,,,Nuit sans éclairage public,Hors agglomération,Hors intersection,Normale,Autre collision,,,,,,,,,,,3,1,1,1.0,6.0
201100023475,0011-02-15 17:15:00,11,2,15,17,15,830,43,,,,Plein jour,Hors agglomération,Hors intersection,Pluie légère,Autre collision,,,,,,,,,,,1,1,1,2.0,6.0
201100023476,0011-07-22 09:45:00,11,7,22,9,45,830,43,,,,Plein jour,Hors agglomération,Hors intersection,Normale,Deux véhicules - frontale,,,,,,,,,,,1,1,1,1.0,1.0
201100023477,0011-08-10 11:15:00,11,8,10,11,15,830,91,,,,Plein jour,Hors agglomération,Hors intersection,Normale,Deux véhicules - frontale,,,,,,,,,,,1,1,1,1.0,1.0
201100023478,0011-08-15 12:00:00,11,8,15,12,0,830,100,,,,Plein jour,Hors agglomération,Hors intersection,Normale,Deux véhicules - côté,,,,,,,,,,,1,1,1,1.0,3.0
201100023479,0011-08-17 15:15:00,11,8,17,15,15,830,33,,43.15,6.14,Plein jour,Hors agglomération,Hors intersection,Normale,Sans collision,,,,,,,,,,,1,1,1,1.0,7.0
201100023480,0011-09-14 22:45:00,11,9,14,22,45,830,49,,,,Nuit avec éclairage allumé,Hors agglomération,Autre intersection,Normale,Sans collision,,,,,,,,,,,5,1,9,1.0,7.0
201100023481,0011-10-16 15:45:00,11,10,16,15,45,830,91,,,,Plein jour,Hors agglomération,Hors intersection,Normale,Deux véhicules - frontale,,,,,,,,,,,1,1,1,1.0,1.0
201100023482,0011-10-19 14:45:00,11,10,19,14,45,830,91,,,,Plein jour,Hors agglomération,Hors intersection,Normale,Autre collision,,,,,,,,,,,1,1,1,1.0,6.0
201100023483,0011-12-21 09:15:00,11,12,21,9,15,830,43,,,,Plein jour,Hors agglomération,Hors intersection,Normale,Deux véhicules - côté,,,,,,,,,,,1,1,1,1.0,3.0
201100023484,0011-07-03 16:30:00,11,7,3,16,30,120,22,,44.056,3.129,Plein jour,Hors agglomération,Hors intersection,Normale,Deux véhicules - arrière,,,,,,,,,,,1,1,1,1.0,2.0
201100023485,0011-08-06 07:45:00,11,8,6,7,45,120,270,,,,Plein jour,Hors agglomération,Hors intersection,Normale,Autre collision,,,,,,,,,,,1,1,1,1.0,6.0
201100023486,0011-10-12 16:00:00,11,10,12,16,0,120,291,,44.207,3.048,Plein jour,Hors agglomération,Hors intersection,Normale,Deux véhicules - arrière,,,,,,,,,,,1,1,1,1.0,2.0
201100023487,0011-12-21 06:15:00,11,12,21,6,15,120,22,,,,Nuit sans éclairage public,Hors agglomération,Hors intersection,Pluie légère,Autre collision,,,,,,,,,,,3,1,1,2.0,6.0
201100023488,0011-01-01 18:00:00,11,1,1,18,0,580,67,,47.106,3.076,Nuit sans éclairage public,Hors agglomération,Autre intersection,Pluie légère,Autre collision,,,,,,,,,,,3,1,9,2.0,6.0
201100023489,0011-08-13 22:45:00,11,8,13,22,45,580,215,,47.271,2.983,Nuit sans éclairage public,Hors agglomération,Hors intersection,Normale,Sans collision,,,,,,,,,,,3,1,1,1.0,7.0
201100023490,0011-08-16 20:15:00,11,8,16,20,15,580,238,,46.984,3.201,Plein jour,Hors agglomération,Autre intersection,Normale,Deux véhicules - côté,,,,,,,,,,,1,1,9,1.0,3.0
201100023491,0011-08-19 14:00:00,11,8,19,14,0,580,193,,,,Plein jour,Hors agglomération,Hors intersection,Normale,Autre collision,,,,,,,,,,,1,1,1,1.0,6.0
201100023492,0011-02-02 05:50:00,11,2,2,5,50,360,230,,47.0366,1.79298,Nuit sans éclairage public,Hors agglomération,Hors intersection,Autre,Sans collision,,,,,,,,,,,3,1,1,9.0,7.0
201100023493,0011-02-02 06:45:00,11,2,2,6,45,360,57,,46.8891,1.72802,Nuit sans éclairage public,Hors agglomération,Hors intersection,Autre,Autre collision,,,,,,,,,,,3,1,1,9.0,6.0
201100023494,0011-02-02 07:00:00,11,2,2,7,0,360,57,,46.8886,1.72783,Nuit sans éclairage public,Hors agglomération,Hors intersection,Autre,Autre collision,,,,,,,,,,,3,1,1,9.0,6.0
201100023495,0011-02-23 05:15:00,11,2,23,5,15,360,26,,46.9106,1.7375,Nuit sans éclairage public,Hors agglomération,Hors intersection,Normale,Deux véhicules - arrière,,,,,,,,,,,3,1,1,1.0,2.0
201100023496,0011-04-08 16:45:00,11,4,8,16,45,360,230,,47.0575,1.81744,Plein jour,Hors agglomération,Hors intersection,Normale,Autre collision,,,,,,,,,,,1,1,1,1.0,6.0
201100023497,0011-05-26 13:45:00,11,5,26,13,45,180,140,,47.1596,1.98457,Plein jour,Hors agglomération,Hors intersection,Normale,Autre collision,,,,,,,,,,,1,1,1,1.0,6.0
201100023498,0011-02-22 17:30:00,11,2,22,17,30,360,134,,46.3881,1.4493,Nuit sans éclairage public,Hors agglomération,Hors intersection,Brouillard / fumée,Autre collision,,,,,,,,,,,3,1,1,5.0,6.0
201100023499,0011-03-04 13:30:00,11,3,4,13,30,360,101,,46.714,1.595,Plein jour,Hors agglomération,Hors intersection,Normale,Deux véhicules - arrière,,,,,,,,,,,1,1,1,1.0,2.0
201100023500,0011-05-20 19:45:00,11,5,20,19,45,360,6,,46.5825,1.49395,Plein jour,Hors agglomération,Hors intersection,Normale,Autre collision,,,,,,,,,,,1,1,1,1.0,6.0
201100023501,0011-05-23 08:30:00,11,5,23,8,30,360,101,,46.6966,1.58369,Plein jour,Hors agglomération,Hors intersection,Normale,Autre collision,,,,,,,,,,,1,1,1,1.0,6.0
201100023502,0011-06-12 20:15:00,11,6,12,20,15,360,6,,46.5602,1.50585,Plein jour,Hors agglomération,Hors intersection,Normale,Autre collision,,,,,,,,,,,1,1,1,1.0,6.0
201100023503,0011-10-17 14:30:00,11,10,17,14,30,360,150,,46.4477,1.48775,Plein jour,Hors agglomération,Hors intersection,Normale,Deux véhicules - arrière,,,,,,,,,,,1,1,1,1.0,2.0
201100023504,0011-12-20 19:15:00,11,12,20,19,15,360,6,,46.5956,1.49961,Nuit sans éclairage public,Hors agglomération,Hors intersection,Normale,Deux véhicules - frontale,,,,,,,,,,,3,1,1,1.0,1.0
201100023505,0011-02-06 16:15:00,11,2,6,16,15,150,207,,,,Plein jour,Hors agglomération,Hors intersection,Normale,Autre collision,,,,,,,,,,,1,1,1,1.0,6.0
201100023506,0011-03-11 21:00:00,11,3,11,21,0,150,55,,,,Nuit sans éclairage public,Hors agglomération,Hors intersection,Normale,Deux véhicules - arrière,,,,,,,,,,,3,1,1,1.0,2.0
201100023507,0011-01-31 01:45:00,11,1,31,1,45,630,178,,45.57,3.251,Nuit sans éclairage public,Hors agglomération,Hors intersection,Temps couvert,Deux véhicules - arrière,,,,,,,,,,,3,1,1,8.0,2.0
201100023508,0011-05-20 22:45:00,11,5,20,22,45,630,31,,45.448,3.272,Nuit sans éclairage public,Hors agglomération,Hors intersection,Temps couvert,Deux véhicules - arrière,,,,,,,,,,,3,1,1,8.0,2.0
201100023509,0011-08-08 18:45:00,11,8,8,18,45,630,411,,,,Plein jour,Hors agglomération,Hors intersection,Normale,Deux véhicules - côté,,,,,,,,,,,1,1,1,1.0,3.0
201100023510,0011-08-27 03:30:00,11,8,27,3,30,630,404,,45.59,3.24,Nuit sans éclairage public,Hors agglomération,Hors intersection,Pluie légère,Autre collision,,,,,,,,,,,3,1,1,2.0,6.0
201100023511,0011-09-04 18:45:00,11,9,4,18,45,630,178,,45.553,3.27,Plein jour,Hors agglomération,Hors intersection,Temps couvert,Deux véhicules - côté,,,,,,,,,,,1,1,1,8.0,3.0
201100023512,0011-09-30 08:15:00,11,9,30,8,15,630,178,,45.507,3.262,Plein jour,Hors agglomération,Hors intersection,Normale,Deux véhicules - arrière,,,,,,,,,,,1,1,1,1.0,2.0
201100023513,0011-10-01 09:15:00,11,10,1,9,15,630,121,,,,Nuit sans éclairage public,Hors agglomération,Hors intersection,Normale,Sans collision,,,,,,,,,,,3,1,1,1.0,7.0
201100023514,0011-11-07 09:30:00,11,11,7,9,30,630,404,,,,Plein jour,Hors agglomération,Hors intersection,Pluie légère,Autre collision,,,,,,,,,,,1,1,1,2.0,6.0
201100023515,0011-11-18 17:30:00,11,11,18,17,30,630,178,,45.547,3.268,Crépuscule ou aube,Hors agglomération,Hors intersection,Normale,Trois véhicules et plus - en chaîne,,,,,,,,,,,2,1,1,1.0,4.0
201100023516,0011-02-22 07:30:00,11,2,22,7,30,870,3,,46.2404,1.39192,Crépuscule ou aube,Hors agglomération,Hors intersection,Brouillard / fumée,Sans collision,,,,,,,,,,,2,1,1,5.0,7.0
201100023517,0011-03-05 20:30:00,11,3,5,20,30,870,14,,,,Nuit sans éclairage public,Hors agglomération,Hors intersection,Normale,Deux véhicules - arrière,,,,,,,,,,,3,1,1,1.0,2.0
201100023518,0011-06-16 00:01:00,11,6,16,0,1,870,14,,46.0667,1.36077,Nuit sans éclairage public,Hors agglomération,Hors intersection,Normale,Deux véhicules - arrière,,,,,,,,,,,3,1,1,1.0,2.0
201100023519,0011-07-19 16:15:00,11,7,19,16,15,870,14,,46.1419,1.37693,Plein jour,Hors agglomération,Hors intersection,Temps couvert,Deux véhicules - frontale,,,,,,,,,,,1,1,1,8.0,1.0