accident_id,datetime,annee,mois,jour,heure,minute,departement,commune_insee,adresse,latitude,longitude,luminosite,agglomeration,intersection,meteo,collision,nb_vehicules,nb_usagers,nb_indemnes,nb_tues,nb_blesses_hosp,nb_blesses_legers,age_cond_1,age_cond_2,veh_type_cond_1,veh_type_cond_2,lum_code,agg_code,int_code,atm_code,col_code
201100023520,0011-08-06 13:45:00,11,8,6,13,45,230,15,,,,Plein jour,Hors agglomération,Hors intersection,Normale,Autre collision,,,,,,,,,,,1,1,1,1.0,6.0
201100023521,0011-09-11 20:15:00,11,9,11,20,15,870,183,,45.9923,1.3293,Nuit sans éclairage public,Hors agglomération,Hors intersection,Pluie légère,Autre collision,,,,,,,,,,,3,1,1,2.0,6.0
201100023522,0011-10-24 12:45:00,11,10,24,12,45,230,219,,,,Plein jour,Hors agglomération,Hors intersection,Normale,Deux véhicules - frontale,,,,,,,,,,,1,1,1,1.0,1.0
201100023523,0011-12-03 16:45:00,11,12,3,16,45,870,120,,,,Plein jour,Hors agglomération,Hors intersection,Pluie forte,Deux véhicules - arrière,,,,,,,,,,,1,1,1,3.0,2.0
201100023524,0011-12-26 14:15:00,11,12,26,14,15,870,122,,,,Plein jour,Hors agglomération,Hors intersection,Normale,Autre collision,,,,,,,,,,,1,1,1,1.0,6.0
201100023525,0011-01-04 14:15:00,11,1,4,14,15,190,178,sens Paris - Toulouse,,,Plein jour,Hors agglomération,Hors intersection,Normale,Deux véhicules - côté,,,,,,,,,,,1,1,1,1.0,3.0
201100023526,0011-01-05 08:45:00,11,1,5,8,45,340,64,,43.86336,3.31041,Plein jour,Hors agglomération,Hors intersection,Neige / grêle,Deux véhicules - frontale,,,,,,,,,,,1,1,1,4.0,1.0
201100023527,0011-01-10 09:45:00,11,1,10,9,45,340,259,pk 8+500,43.62781,3.78258,Plein jour,Hors agglomération,Hors intersection,Normale,Autre collision,,,,,,,,,,,1,1,1,1.0,6.0
201100023528,0011-02-13 13:45:00,11,2,13,13,45,340,142,A75 274 +085,43.73562,3.32792,Plein jour,Hors agglomération,Hors intersection,Normale,Autre collision,,,,,,,,,,,1,1,1,1.0,6.0
201100023529,0011-03-12 13:00:00,11,3,12,13,0,340,35,,43.62349,3.62441,Plein jour,Hors agglomération,Hors intersection,Pluie forte,Sans collision,,,,,,,,,,,1,1,1,3.0,7.0
201100023530,0011-03-13 16:00:00,11,3,13,16,0,340,142,,43.711,3.32484,Plein jour,Hors agglomération,Hors intersection,Pluie forte,Sans collision,,,,,,,,,,,1,1,1,3.0,7.0
201100023531,0011-06-25 04:45:00,11,6,25,4,45,340,163,,,,Nuit sans éclairage public,Hors agglomération,Hors intersection,Normale,Autre collision,,,,,,,,,,,3,1,1,1.0,6.0
201100023532,0011-07-10 08:30:00,11,7,10,8,30,340,36,,43.68019,3.39125,Plein jour,Hors agglomération,Hors intersection,Normale,Autre collision,,,,,,,,,,,1,1,1,1.0,6.0
201100023533,0011-09-02 21:00:00,11,9,2,21,0,340,79,,43.60909,3.46124,Nuit sans éclairage public,Hors agglomération,Hors intersection,Normale,Sans collision,,,,,,,,,,,3,1,1,1.0,7.0
201100023534,0011-09-10 21:30:00,11,9,10,21,30,340,304,,43.76522,3.3346,Nuit sans éclairage public,Hors agglomération,Hors intersection,Normale,Deux véhicules - arrière,,,,,,,,,,,3,1,1,1.0,2.0
201100023535,0011-11-04 13:45:00,11,11,4,13,45,340,64,,,,Plein jour,Hors agglomération,Hors intersection,Pluie forte,Autre collision,,,,,,,,,,,1,1,1,3.0,6.0
201100023536,0011-11-12 14:30:00,11,11,12,14,30,340,196,,43.814,3.324,Plein jour,Hors agglomération,Hors intersection,Pluie forte,Autre collision,,,,,,,,,,,1,1,1,3.0,6.0
201100023537,0011-12-17 16:45:00,11,12,17,16,45,340,304,,43.774,3.337,Plein jour,Hors agglomération,Hors intersection,Normale,Sans collision,,,,,,,,,,,1,1,1,1.0,7.0
201100023538,0011-12-27 05:00:00,11,12,27,5,0,340,123,,43.626,3.791,Nuit sans éclairage public,Hors agglomération,Hors intersection,Normale,Autre collision,,,,,,,,,,,3,1,1,1.0,6.0
201100023539,0011-04-11 17:45:00,11,4,11,17,45,480,191,,,,Plein jour,Hors agglomération,Hors intersection,Normale,Autre collision,,,,,,,,,,,1,1,1,1.0,6.0
201100023540,0011-04-26 14:45:00,11,4,26,14,45,480,47,,,,Plein jour,Hors agglomération,Hors intersection,Normale,Autre collision,,,,,,,,,,,1,1,1,1.0,6.0
201100023541,0011-05-11 16:00:00,11,5,11,16,0,480,32,,,,Plein jour,Hors agglomération,Hors intersection,Normale,Autre collision,,,,,,,,,,,1,1,1,1.0,6.0
201100023542,0011-08-29 04:45:00,11,8,29,4,45,480,5,,,,Nuit sans éclairage public,Hors agglomération,Hors intersection,Normale,Sans collision,,,,,,,,,,,3,1,1,1.0,7.0
201100023543,0011-09-05 14:00:00,11,9,5,14,0,480,140,,,,Plein jour,Hors agglomération,Hors intersection,Normale,Sans collision,,,,,,,,,,,1,1,1,1.0,7.0
201100023544,0011-12-14 11:00:00,11,12,14,11,0,480,5,,,,Plein jour,Hors agglomération,Hors intersection,Pluie forte,Autre collision,,,,,,,,,,,1,1,1,3.0,6.0
201100023545,0011-03-08 18:45:00,11,3,8,18,45,80,144,,49.5298,4.42033,Plein jour,Hors agglomération,Hors intersection,Normale,Deux véhicules - arrière,,,,,,,,,,,1,1,1,1.0,2.0
201100023546,0011-04-25 05:45:00,11,4,25,5,45,80,435,,49.4524,4.29876,Crépuscule ou aube,Hors agglomération,Hors intersection,Normale,Autre collision,,,,,,,,,,,2,1,1,1.0,6.0
201100023547,0011-04-29 14:30:00,11,4,29,14,30,80,305,,49.6404,4.60315,Plein jour,Hors agglomération,Hors intersection,Normale,Autre collision,,,,,,,,,,,1,1,1,1.0,6.0
201100023548,0011-08-01 08:15:00,11,8,1,8,15,80,341,,49.6442,4.62865,Plein jour,Hors agglomération,Hors intersection,Normale,Trois véhicules et plus - en chaîne,,,,,,,,,,,1,1,1,1.0,4.0
201100023549,0011-04-22 17:45:00,11,4,22,17,45,440,209,,,,Plein jour,Hors agglomération,Hors intersection,Normale,Deux véhicules - côté,,,,,,,,,,,1,1,1,1.0,3.0
201100023550,0011-05-02 10:30:00,11,5,2,10,30,440,113,,,,Plein jour,Hors agglomération,Hors intersection,Normale,Sans collision,,,,,,,,,,,1,1,1,1.0,7.0
201100023551,0011-06-06 20:30:00,11,6,6,20,30,440,113,,,,Plein jour,Hors agglomération,Hors intersection,Normale,Sans collision,,,,,,,,,,,1,1,1,1.0,7.0
201100023552,0011-06-14 20:30:00,11,6,14,20,30,440,138,,,,Plein jour,Hors agglomération,Hors intersection,Normale,Sans collision,,,,,,,,,,,1,1,1,1.0,7.0
201100023553,0011-07-24 05:00:00,11,7,24,5,0,440,113,,,,Nuit sans éclairage public,Hors agglomération,Hors intersection,Normale,Autre collision,,,,,,,,,,,3,1,1,1.0,6.0
201100023554,0011-11-07 07:30:00,11,11,7,7,30,440,209,,,,Plein jour,Hors agglomération,Hors intersection,Normale,Trois véhicules et plus - en chaîne,,,,,,,,,,,1,1,1,1.0,4.0
201100023555,0011-12-04 05:00:00,11,12,4,5,0,440,138,,,,Nuit sans éclairage public,Hors agglomération,Hors intersection,Pluie légère,Autre collision,,,,,,,,,,,3,1,1,2.0,6.0
201100023556,0011-02-19 19:45:00,11,2,19,19,45,440,33,,,,Nuit sans éclairage public,Hors agglomération,Hors intersection,Normale,Deux véhicules - côté,,,,,,,,,,,3,1,1,1.0,3.0
201100023557,0011-03-01 11:00:00,11,3,1,11,0,440,217,,,,Plein jour,Hors agglomération,Hors intersection,Normale,Trois véhicules et plus - collisions multiples,,,,,,,,,,,1,1,1,1.0,5.0
201100023558,0011-03-12 13:00:00,11,3,12,13,0,440,195,,,,Plein jour,Hors agglomération,Hors intersection,Normale,Sans collision,,,,,,,,,,,1,1,1,1.0,7.0
201100023559,0011-04-03 08:00:00,11,4,3,8,0,440,203,,,,Crépuscule ou aube,Hors agglomération,Hors intersection,Normale,Deux véhicules - arrière,,,,,,,,,,,2,1,1,1.0,2.0
201100023560,0011-04-24 16:30:00,11,4,24,16,30,440,152,,,,Plein jour,Hors agglomération,Hors intersection,Normale,Autre collision,,,,,,,,,,,1,1,1,1.0,6.0
201100023561,0011-06-26 00:45:00,11,6,26,0,45,440,158,,,,Nuit sans éclairage public,Hors agglomération,Hors intersection,Normale,Autre collision,,,,,,,,,,,3,1,1,1.0,6.0
201100023562,0011-07-20 10:45:00,11,7,20,10,45,440,129,,,,Plein jour,Hors agglomération,Hors intersection,Pluie légère,Trois véhicules et plus - en chaîne,,,,,,,,,,,1,1,1,2.0,4.0
201100023563,0011-07-29 16:45:00,11,7,29,16,45,440,217,,,,Plein jour,Hors agglomération,Hors intersection,Normale,Deux véhicules - arrière,,,,,,,,,,,1,1,1,1.0,2.0
201100023564,0011-09-12 16:45:00,11,9,12,16,45,440,195,,,,Plein jour,Hors agglomération,Hors intersection,Normale,Trois véhicules et plus - collisions multiples,,,,,,,,,,,1,1,1,1.0,5.0
201100023565,0011-09-15 05:15:00,11,9,15,5,15,440,210,,,,Nuit sans éclairage public,Hors agglomération,Hors intersection,Normale,Deux véhicules - arrière,,,,,,,,,,,3,1,1,1.0,2.0
201100023566,0011-10-12 15:30:00,11,10,12,15,30,440,137,le bois de sem,,,Plein jour,Hors agglomération,Hors intersection,Normale,Deux véhicules - arrière,,,,,,,,,,,1,1,1,1.0,2.0
201100023567,0011-10-10 08:30:00,11,10,10,8,30,440,89,,,,Plein jour,Hors agglomération,Hors intersection,Normale,Trois véhicules et plus - en chaîne,,,,,,,,,,,1,1,1,1.0,4.0
201100023568,0011-11-28 07:45:00,11,11,28,7,45,440,103,,,,Crépuscule ou aube,Hors agglomération,Hors intersection,Brouillard / fumée,Trois véhicules et plus - en chaîne,,,,,,,,,,,2,1,1,5.0,4.0
201100023569,0011-12-18 13:30:00,11,12,18,13,30,440,129,,,,Plein jour,Hors agglomération,Hors intersection,Normale,Autre collision,,,,,,,,,,,1,1,1,1.0,6.0
201100023570,0011-01-27 06:45:00,11,1,27,6,45,140,374,,49.0453,-0.78754,Nuit sans éclairage public,Hors agglomération,Hors intersection,Normale,Deux véhicules - arrière,,,,,,,,,,,3,1,1,1.0,2.0
201100023571,0011-02-17 08:40:00,11,2,17,8,40,140,101,,49.1643,-0.43597,Plein jour,Hors agglomération,Hors intersection,Normale,Deux véhicules - arrière,,,,,,,,,,,1,1,1,1.0,2.0
201100023572,0011-03-07 07:45:00,11,3,7,7,45,140,454,,49.1521,-0.50146,Crépuscule ou aube,Hors agglomération,Hors intersection,Normale,Trois véhicules et plus - en chaîne,,,,,,,,,,,2,1,1,1.0,4.0
201100023573,0011-04-16 16:00:00,11,4,16,16,0,140,752,,49.0894,-0.63468,Plein jour,Hors agglomération,Hors intersection,Normale,Sans collision,,,,,,,,,,,1,1,1,1.0,7.0
201100023574,0011-04-22 17:30:00,11,4,22,17,30,140,120,,49.0507,-0.74422,Plein jour,Hors agglomération,Hors intersection,Normale,Autre collision,,,,,,,,,,,1,1,1,1.0,6.0
201100023575,0011-06-01 11:45:00,11,6,1,11,45,140,389,A84 SORTIE 43,49.0681,-0.65765,Plein jour,Hors agglomération,Hors intersection,Normale,Autre collision,,,,,,,,,,,1,1,1,1.0,6.0
201100023576,0011-06-20 17:35:00,11,6,20,17,35,140,475,,49.102,-0.61157,Plein jour,Hors agglomération,Hors intersection,Normale,Autre collision,,,,,,,,,,,1,1,1,1.0,6.0
201100023577,0011-06-29 19:10:00,11,6,29,19,10,140,738,,49.1579,-0.47174,Plein jour,Hors agglomération,Hors intersection,Normale,Sans collision,,,,,,,,,,,1,1,1,1.0,7.0
201100023578,0011-08-16 10:00:00,11,8,16,10,0,140,101,,,,Plein jour,Hors agglomération,Hors intersection,Normale,Autre collision,,,,,,,,,,,1,1,1,1.0,6.0
201100023579,0011-12-02 14:45:00,11,12,2,14,45,140,438,,,,Plein jour,Hors agglomération,Hors intersection,Neige / grêle,Autre collision,,,,,,,,,,,1,1,1,4.0,6.0
201100023580,0011-12-04 22:00:00,11,12,4,22,0,140,120,,,,Nuit sans éclairage public,Hors agglomération,Hors intersection,Normale,Deux véhicules - arrière,,,,,,,,,,,3,1,1,1.0,2.0
201100023581,0011-12-15 08:30:00,11,12,15,8,30,140,389,,,,Plein jour,Hors agglomération,Hors intersection,Neige / grêle,Deux véhicules - côté,,,,,,,,,,,1,1,1,4.0,3.0
201100023582,0011-12-15 10:30:00,11,12,15,10,30,140,120,,,,Plein jour,Hors agglomération,Hors intersection,Neige / grêle,Autre collision,,,,,,,,,,,1,1,1,4.0,6.0
201100023583,0011-03-23 10:30:00,11,3,23,10,30,500,71,,48.739,-1.307,Plein jour,Hors agglomération,Hors intersection,Normale,Sans collision,,,,,,,,,,,1,1,1,1.0,7.0
201100023584,0011-08-29 19:45:00,11,8,29,19,45,500,100,,48.516,-1.316,Plein jour,Hors agglomération,Hors intersection,Normale,Deux véhicules - arrière,,,,,,,,,,,1,1,1,1.0,2.0
201100023585,0011-11-06 06:00:00,11,11,6,6,0,140,513,,,,Nuit sans éclairage public,Hors agglomération,Autre intersection,Normale,Trois véhicules et plus - collisions multiples,,,,,,,,,,,3,1,9,1.0,5.0
201100023586,0011-11-25 18:15:00,11,11,25,18,15,500,224,,48.98,-0.954,Nuit sans éclairage public,Hors agglomération,Hors intersection,Normale,Deux véhicules - arrière,,,,,,,,,,,3,1,1,1.0,2.0
201100023587,0011-12-15 14:30:00,11,12,15,14,30,500,224,,,,Plein jour,Hors agglomération,Hors intersection,Neige / grêle,Sans collision,,,,,,,,,,,1,1,1,4.0,7.0
201100023588,0011-01-05 09:30:00,11,1,5,9,30,500,599,,,,Plein jour,Hors agglomération,Hors intersection,Temps éblouissant,Autre collision,,,,,,,,,,,1,1,1,7.0,6.0
201100023589,0011-01-22 17:45:00,11,1,22,17,45,500,498,,49.538,-1.531,Crépuscule ou aube,Hors agglomération,Hors intersection,Pluie légère,Autre collision,,,,,,,,,,,2,1,1,2.0,6.0
201100023590,0011-02-07 16:45:00,11,2,7,16,45,500,523,,,,Plein jour,Hors agglomération,Hors intersection,Normale,Autre collision,,,,,,,,,,,1,1,1,1.0,6.0
201100023591,0011-03-02 18:30:00,11,3,2,18,30,500,461,,,,Plein jour,Hors agglomération,Hors intersection,Normale,Sans collision,,,,,,,,,,,1,1,1,1.0,7.0
201100023592,0011-06-23 08:30:00,11,6,23,8,30,500,59,,,,Plein jour,Hors agglomération,Hors intersection,Normale,Autre collision,,,,,,,,,,,1,1,1,1.0,6.0
201100023593,0011-09-22 14:30:00,11,9,22,14,30,500,59,,49.379,-1.293,Plein jour,Hors agglomération,Hors intersection,Normale,Autre collision,,,,,,,,,,,1,1,1,1.0,6.0
201100023594,0011-12-13 23:15:00,11,12,13,23,15,500,87,,49.565,-1.566,Nuit sans éclairage public,Hors agglomération,Hors intersection,Neige / grêle,Autre collision,,,,,,,,,,,3,1,1,4.0,6.0
201100023595,0011-01-12 22:32:00,11,1,12,22,32,180,279,MANHES/GAGARINE,47.2236,2.07961,Nuit avec éclairage allumé,En agglomération,Giratoire,Normale,Autre collision,,,,,,,,,,,5,2,6,1.0,6.0
201100023596,0011-01-15 20:30:00,11,1,15,20,30,180,279,BRINAY (ROUTE DE),47.1988,2.08628,Nuit avec éclairage allumé,En agglomération,Intersection en T,Normale,Deux véhicules - frontale,,,,,,,,,,,5,2,3,1.0,1.0
201100023597,0011-01-21 13:40:00,11,1,21,13,40,180,279,"102, MARCEL (RUE ETIENNE",47.2169,2.10204,Plein jour,En agglomération,Hors intersection,Normale,Autre collision,,,,,,,,,,,1,2,1,1.0,6.0
201100023598,0011-01-30 20:20:00,11,1,30,20,20,180,279,4 PERY (RUE DU),47.2257,2.08195,Nuit avec éclairage allumé,En agglomération,Hors intersection,Normale,Autre collision,,,,,,,,,,,5,2,1,1.0,6.0
201100023599,0011-01-31 07:50:00,11,1,31,7,50,180,279,58 RUE E. MARCEL/BLANDIE,47.2177,2.09886,Crépuscule ou aube,En agglomération,Intersection en X,Normale,Deux véhicules - côté,,,,,,,,,,,2,2,2,1.0,3.0
201100023600,0011-02-10 11:50:00,11,2,10,11,50,180,279,15 MOLIERE ( RUE ),47.219,2.06513,Plein jour,En agglomération,Hors intersection,Normale,Deux véhicules - côté,,,,,,,,,,,1,2,1,1.0,3.0
201100023601,0011-02-19 17:20:00,11,2,19,17,20,180,279,PARKING AV.19 MARS62,47.2394,2.09208,Plein jour,En agglomération,Autre intersection,Pluie légère,Deux véhicules - côté,,,,,,,,,,,1,2,9,2.0,3.0
201100023602,0011-02-26 19:55:00,11,2,26,19,55,180,279,MEREAU (ROUTE DE ),47.2075,2.06158,Nuit avec éclairage allumé,En agglomération,Intersection en T,Temps couvert,Deux véhicules - côté,,,,,,,,,,,5,2,3,8.0,3.0
201100023603,0011-03-08 16:10:00,11,3,8,16,10,180,279,RUE  ROUX /RUE CHANGES,47.224,2.06991,Plein jour,En agglomération,Intersection en T,Normale,Autre collision,,,,,,,,,,,1,2,3,1.0,6.0
201100023604,0011-03-10 14:00:00,11,3,10,14,0,180,279,PUITS BERTEAU (DE LA RUE,47.237,2.07318,Plein jour,En agglomération,Hors intersection,Normale,Deux véhicules - arrière,,,,,,,,,,,1,2,1,1.0,2.0
201100023605,0011-03-30 07:55:00,11,3,30,7,55,180,279,DOLET/QUAI ETANG,47.215,2.10269,Plein jour,En agglomération,Intersection en T,Temps couvert,Deux véhicules - côté,,,,,,,,,,,1,2,3,8.0,3.0
201100023606,0011-04-01 08:55:00,11,4,1,8,55,180,279,NEUVY (ROUTE DE),47.2479,2.09684,Plein jour,Hors agglomération,Hors intersection,Pluie légère,Autre collision,,,,,,,,,,,1,1,1,2.0,6.0
201100023607,0011-04-14 18:00:00,11,4,14,18,0,180,279,B BARON/PARKING CARREFOU,47.2218,2.06542,Plein jour,En agglomération,Hors intersection,Normale,Deux véhicules - côté,,,,,,,,,,,1,2,1,1.0,3.0
201100023608,0011-04-20 14:05:00,11,4,20,14,5,180,279,ROOSEVELT ( RUE THEODORE,47.2242,2.06849,Plein jour,En agglomération,Intersection en T,Normale,Autre collision,,,,,,,,,,,1,2,3,1.0,6.0
201100023609,0011-04-23 17:30:00,11,4,23,17,30,180,279,"58, MOUTON (RUE DU )",47.2303,2.08693,Plein jour,En agglomération,Hors intersection,Normale,Autre collision,,,,,,,,,,,1,2,1,1.0,6.0
201100023610,0011-04-26 01:45:00,11,4,26,1,45,180,279,"11, FOECY (ROUTE DE)",47.211,2.10096,Nuit avec éclairage allumé,En agglomération,Hors intersection,Normale,Autre collision,,,,,,,,,,,5,2,1,1.0,6.0
201100023611,0011-04-26 11:25:00,11,4,26,11,25,180,279,DOLET (RUE ETIENNE),47.2122,2.10049,Plein jour,En agglomération,Intersection en Y,Normale,Deux véhicules - côté,,,,,,,,,,,1,2,4,1.0,3.0
201100023612,0011-05-06 18:25:00,11,5,6,18,25,180,279,VAILLANT (AVENUE EDOUARD,47.2349,2.06091,Plein jour,En agglomération,Intersection en X,Normale,Deux véhicules - côté,,,,,,,,,,,1,2,2,1.0,3.0
201100023613,0011-05-08 15:50:00,11,5,8,15,50,180,219,CD 926,47.2529,2.11384,Plein jour,Hors agglomération,Intersection en Y,Normale,Deux véhicules - côté,,,,,,,,,,,1,1,4,1.0,3.0
201100023614,0011-05-15 01:10:00,11,5,15,1,10,180,279,PASTEUR ( RUE ),47.2189,2.09039,Nuit avec éclairage allumé,En agglomération,Hors intersection,Normale,Autre collision,,,,,,,,,,,5,2,1,1.0,6.0
201100023615,0011-05-17 20:05:00,11,5,17,20,5,180,279,L?O M?RIGOT/PAS LEVEQUE,47.2281,2.05175,Plein jour,En agglomération,Hors intersection,Normale,Deux véhicules - côté,,,,,,,,,,,1,2,1,1.0,3.0
201100023616,0011-05-23 08:29:00,11,5,23,8,29,180,279,PLACE GABRIEL PERI,47.2248,2.06253,Plein jour,En agglomération,Place,Normale,Autre collision,,,,,,,,,,,1,2,7,1.0,6.0
201100023617,0011-06-04 14:45:00,11,6,4,14,45,180,279,"15, DUPONT (RUE PIERRE)",47.2351,2.04664,Plein jour,En agglomération,Hors intersection,Normale,Autre collision,,,,,,,,,,,1,2,1,1.0,6.0
201100023618,0011-06-05 13:10:00,11,6,5,13,10,180,279,"6, ROOSEVELT ( RUE THEOD",47.2237,2.06818,Plein jour,En agglomération,Hors intersection,Normale,Deux véhicules - arrière,,,,,,,,,,,1,2,1,1.0,2.0
201100023619,0011-06-06 11:20:00,11,6,6,11,20,180,279,HUIT MAI 1945 (RUE DU) (,47.237,2.0882,Plein jour,En agglomération,Hors intersection,Normale,Deux véhicules - arrière,,,,,,,,,,,1,2,1,1.0,2.0
201100023620,0011-06-25 12:20:00,11,6,25,12,20,180,279,19 ROUSSEAU (RUE G),47.2124,2.05826,Plein jour,En agglomération,Hors intersection,Normale,Autre collision,,,,,,,,,,,1,2,1,1.0,6.0
201100023621,0011-06-27 07:40:00,11,6,27,7,40,180,279,BARON (RUE BLANCHE)/GAUC,47.2221,2.06568,Plein jour,En agglomération,Intersection en X,Normale,Deux véhicules - côté,,,,,,,,,,,1,2,2,1.0,3.0
201100023622,0011-07-14 04:30:00,11,7,14,4,30,180,279,MARCEL (RUE ETIENNE),47.219,2.09234,Nuit avec éclairage allumé,En agglomération,Hors intersection,Normale,Autre collision,,,,,,,,,,,5,2,1,1.0,6.0
201100023623,0011-07-14 09:15:00,11,7,14,9,15,180,279,RD 926,47.246,2.07235,Plein jour,Hors agglomération,Hors intersection,Normale,Deux véhicules - côté,,,,,,,,,,,1,1,1,1.0,3.0
201100023624,0011-07-22 17:50:00,11,7,22,17,50,180,279,"31, DOLET (RUE ETIENNE)",47.2137,2.10171,Plein jour,En agglomération,Hors intersection,Pluie légère,Autre collision,,,,,,,,,,,1,2,1,2.0,6.0
201100023625,0011-07-23 17:45:00,11,7,23,17,45,180,279,RN 76 (ROUTE DE BOURGES),47.213,2.13064,Plein jour,Hors agglomération,Intersection en T,Normale,Deux véhicules - arrière,,,,,,,,,,,1,1,3,1.0,2.0
201100023626,0011-07-29 20:40:00,11,7,29,20,40,180,279,"30 BIS, BRUNET (RUE ARMA",47.2218,2.06994,Plein jour,En agglomération,Hors intersection,Normale,Autre collision,,,,,,,,,,,1,2,1,1.0,6.0
201100023627,0011-08-14 23:55:00,11,8,14,23,55,180,279,BRINAY (RTE DE)/CHAILLOT,47.1988,2.08628,Nuit avec éclairage allumé,En agglomération,Intersection en T,Pluie légère,Deux véhicules - frontale,,,,,,,,,,,5,2,3,2.0,1.0
201100023628,0011-09-03 05:35:00,11,9,3,5,35,180,279,MOZART (IMPASSE),47.2315,2.07874,Crépuscule ou aube,En agglomération,Hors intersection,Normale,Autre collision,,,,,,,,,,,2,2,1,1.0,6.0
201100023629,0011-09-18 02:05:00,11,9,18,2,5,180,279,"119, PUITS BERTEAU (CITE",47.2377,2.06952,Nuit avec éclairage allumé,En agglomération,Hors intersection,Pluie légère,Autre collision,,,,,,,,,,,5,2,1,2.0,6.0
201100023630,0011-09-30 08:30:00,11,9,30,8,30,180,279,NATION (BD )/RUE HENAULT,47.2153,2.05894,Plein jour,En agglomération,Intersection en X,Normale,Deux véhicules - arrière,,,,,,,,,,,1,2,2,1.0,2.0
201100023631,0011-10-05 11:35:00,11,10,5,11,35,180,279,MARS 1962 (AVE DU 19),47.2409,2.09309,Plein jour,En agglomération,Giratoire,Normale,Deux véhicules - côté,,,,,,,,,,,1,2,6,1.0,3.0
201100023632,0011-10-06 15:25:00,11,10,6,15,25,180,279,RTE DE NEUVY,47.2474,2.09635,Plein jour,Hors agglomération,Hors intersection,Pluie légère,Autre collision,,,,,,,,,,,1,1,1,2.0,6.0
201100023633,0011-10-08 15:25:00,11,10,8,15,25,180,279,BASSIN (QUAI DU),47.2199,2.07083,Plein jour,En agglomération,Hors intersection,Temps couvert,Deux véhicules - côté,,,,,,,,,,,1,2,1,8.0,3.0
201100023634,0011-10-09 13:20:00,11,10,9,13,20,180,279,CD 926,47.2444,2.09528,Plein jour,Hors agglomération,Hors intersection,Temps couvert,Autre collision,,,,,,,,,,,1,1,1,8.0,6.0
201100023635,0011-10-12 13:59:00,11,10,12,13,59,180,279,RN 76 /GU?RIGNY,47.213,2.13064,Plein jour,Hors agglomération,Intersection en T,Normale,Deux véhicules - arrière,,,,,,,,,,,1,1,3,1.0,2.0
201100023636,0011-10-15 07:10:00,11,10,15,7,10,180,279,"37, BOURGES (ROUTE DE)",47.2147,2.11676,Nuit sans éclairage public,En agglomération,Hors intersection,Normale,Autre collision,,,,,,,,,,,3,2,1,1.0,6.0
201100023637,0011-10-21 07:55:00,11,10,21,7,55,180,279,"83, AV 14 JULLET/JONC",47.2106,2.06284,Crépuscule ou aube,En agglomération,Intersection en T,Brouillard / fumée,Autre collision,,,,,,,,,,,2,2,3,5.0,6.0
201100023638,0011-10-29 15:10:00,11,10,29,15,10,180,279,EPINETTES (RUE ET PASSAG,47.2258,2.06944,Plein jour,En agglomération,Intersection en T,Pluie légère,Deux véhicules - frontale,,,,,,,,,,,1,2,3,2.0,1.0
201100023639,0011-11-04 07:20:00,11,11,4,7,20,180,279,"01, VAILLANT (AVENUE EDO",47.2295,2.06117,Crépuscule ou aube,En agglomération,Intersection en X,Normale,Deux véhicules - côté,,,,,,,,,,,2,2,2,1.0,3.0
201100023640,0011-11-09 15:30:00,11,11,9,15,30,180,279,RD2076 (ROUTE DE TOURS),47.2347,2.03636,Plein jour,En agglomération,Hors intersection,Normale,Deux véhicules - arrière,,,,,,,,,,,1,2,1,1.0,2.0
201100023641,0011-11-20 01:10:00,11,11,20,1,10,180,279,HUIT MAI 1945 (RUE DU (J,47.2312,2.0808,Nuit avec éclairage allumé,En agglomération,Intersection en X,Normale,Deux véhicules - côté,,,,,,,,,,,5,2,2,1.0,3.0
201100023642,0011-11-21 19:45:00,11,11,21,19,45,180,279,SEMARD ( RUE PIERRE ),47.2248,2.06231,Nuit avec éclairage allumé,En agglomération,Hors intersection,Normale,Deux véhicules - frontale,,,,,,,,,,,5,2,1,1.0,1.0
201100023643,0011-11-24 18:45:00,11,11,24,18,45,180,279,BRUNET (RUE ARMAND,47.2218,2.07003,Nuit avec éclairage allumé,En agglomération,Hors intersection,Normale,Deux véhicules - arrière,,,,,,,,,,,5,2,1,1.0,2.0
201100023644,0011-12-01 08:45:00,11,12,1,8,45,180,279,HENAULT/RUE DES ECOLES,47.2154,2.0627,Plein jour,En agglomération,Intersection en X,Normale,Deux véhicules - côté,,,,,,,,,,,1,2,2,1.0,3.0
201100023645,0011-12-02 17:40:00,11,12,2,17,40,180,279,VOLTAIRE ( RUE ),47.2215,2.0678,Nuit avec éclairage allumé,En agglomération,Intersection en T,Normale,Deux véhicules - côté,,,,,,,,,,,5,2,3,1.0,3.0
201100023646,0011-12-05 10:20:00,11,12,5,10,20,180,279,REPUBLIQUE (AV )/MAC NAB,47.223,2.06635,Plein jour,En agglomération,Intersection en T,Normale,Deux véhicules - côté,,,,,,,,,,,1,2,3,1.0,3.0
201100023647,0011-12-10 02:45:00,11,12,10,2,45,180,279,C. MICHAUD/FEUILLURES,47.2138,2.06697,Nuit avec éclairage allumé,En agglomération,Hors intersection,Pluie légère,Deux véhicules - frontale,,,,,,,,,,,5,2,1,2.0,1.0
201100023648,0011-12-13 13:46:00,11,12,13,13,46,180,279,MOUTON (RUE DU ),47.2312,2.08081,Plein jour,En agglomération,Intersection en X,Pluie légère,Deux véhicules - côté,,,,,,,,,,,1,2,2,2.0,3.0