accident_id,datetime,annee,mois,jour,heure,minute,departement,commune_insee,adresse,latitude,longitude,luminosite,agglomeration,intersection,meteo,collision,nb_vehicules,nb_usagers,nb_indemnes,nb_tues,nb_blesses_hosp,nb_blesses_legers,age_cond_1,age_cond_2,veh_type_cond_1,veh_type_cond_2,lum_code,agg_code,int_code,atm_code,col_code
201100023772,0011-08-08 18:15:00,11,8,8,18,15,190,31,"6, ROMAINS (RUE JULES)",,,Plein jour,En agglomération,Hors intersection,Normale,Autre collision,,,,,,,,,,,1,2,1,1.0,6.0
201100023773,0011-08-11 12:30:00,11,8,11,12,30,190,31,RUE LECAT,,,Plein jour,En agglomération,Autre intersection,Normale,Trois véhicules et plus - collisions multiples,,,,,,,,,,,1,2,9,1.0,5.0
201100023774,0011-08-12 12:00:00,11,8,12,12,0,190,31,"73, ALSACE LORRAINE (AVE",,,Plein jour,En agglomération,Hors intersection,Normale,Deux véhicules - côté,,,,,,,,,,,1,2,1,1.0,3.0
201100023775,0011-08-14 13:15:00,11,8,14,13,15,190,31,PRINTEMPS (AVENUE DU),,,Plein jour,En agglomération,Hors intersection,Normale,Autre collision,,,,,,,,,,,1,2,1,1.0,6.0
201100023776,0011-08-20 10:22:00,11,8,20,10,22,190,31,ALVITRE (AVENUE ABBE),,,Plein jour,En agglomération,Hors intersection,Normale,Deux véhicules - arrière,,,,,,,,,,,1,2,1,1.0,2.0
201100023777,0011-08-21 08:45:00,11,8,21,8,45,190,31,"102, RIBOT (AVENUE)",,,Plein jour,En agglomération,Hors intersection,Normale,Deux véhicules - arrière,,,,,,,,,,,1,2,1,1.0,2.0
201100023778,0011-08-23 10:25:00,11,8,23,10,25,190,31,"9, RIVET (AVENUE JEAN CH",,,Plein jour,En agglomération,Hors intersection,Normale,Deux véhicules - arrière,,,,,,,,,,,1,2,1,1.0,2.0
201100023779,0011-08-26 12:30:00,11,8,26,12,30,190,31,"110, POMPIDOU (AVENUE GE",,,Plein jour,En agglomération,Intersection en T,Normale,Deux véhicules - arrière,,,,,,,,,,,1,2,3,1.0,2.0
201100023780,0011-09-07 12:00:00,11,9,7,12,0,190,31,"57, GALLIENI (AVENUE)",,,Plein jour,En agglomération,Hors intersection,Pluie légère,Deux véhicules - arrière,,,,,,,,,,,1,2,1,2.0,2.0
201100023781,0011-09-08 22:10:00,11,9,8,22,10,190,31,"27, BRUNE (BOULEVARD)",,,Nuit avec éclairage allumé,En agglomération,Hors intersection,Normale,Autre collision,,,,,,,,,,,5,2,1,1.0,6.0
201100023782,0011-09-09 11:15:00,11,9,9,11,15,190,31,"1, VOLTAIRE (BOULEVARD)",,,Plein jour,En agglomération,Hors intersection,Normale,Autre collision,,,,,,,,,,,1,2,1,1.0,6.0
201100023783,0011-09-15 08:55:00,11,9,15,8,55,190,31,POMPIDOU (AVENUE GEORGES,,,Plein jour,En agglomération,Hors intersection,Normale,Deux véhicules - arrière,,,,,,,,,,,1,2,1,1.0,2.0
201100023784,0011-09-19 13:15:00,11,9,19,13,15,190,31,"08, ROUSSEAU (AVENUE JEA",,,Plein jour,En agglomération,Hors intersection,Normale,Deux véhicules - côté,,,,,,,,,,,1,2,1,1.0,3.0
201100023785,0011-09-19 14:00:00,11,9,19,14,0,190,31,BRUNE (BOULEVARD),,,Plein jour,En agglomération,Intersection en T,Normale,Deux véhicules - côté,,,,,,,,,,,1,2,3,1.0,3.0
201100023786,0011-09-19 16:50:00,11,9,19,16,50,190,31,FOCH (AVENUE MARECHAL),,,Plein jour,En agglomération,Intersection en T,Normale,Deux véhicules - côté,,,,,,,,,,,1,2,3,1.0,3.0
201100023787,0011-09-20 19:30:00,11,9,20,19,30,190,31,CHAUMEIL (RUE PIERRE),,,Plein jour,En agglomération,Intersection en T,Normale,Deux véhicules - côté,,,,,,,,,,,1,2,3,1.0,3.0
201100023788,0011-09-23 04:55:00,11,9,23,4,55,190,31,LIBERTE (PLACE DE LA),,,Nuit avec éclairage allumé,En agglomération,Hors intersection,Normale,Sans collision,,,,,,,,,,,5,2,1,1.0,7.0
201100023789,0011-09-23 17:00:00,11,9,23,17,0,190,31,CLEMENCEAU (BOULEVARD),,,Plein jour,En agglomération,Intersection en X,Normale,Deux véhicules - côté,,,,,,,,,,,1,2,2,1.0,3.0
201100023790,0011-09-23 18:25:00,11,9,23,18,25,190,31,"137, ROLLAND (RUE ROMAIN",,,Plein jour,En agglomération,Hors intersection,Normale,Trois véhicules et plus - en chaîne,,,,,,,,,,,1,2,1,1.0,4.0
201100023791,0011-09-23 19:30:00,11,9,23,19,30,190,31,"5, MAILLARD (AVENUE)",,,Plein jour,En agglomération,Hors intersection,Normale,Deux véhicules - arrière,,,,,,,,,,,1,2,1,1.0,2.0
201100023792,0011-09-29 17:45:00,11,9,29,17,45,190,31,"14, BRUNE (BOULEVARD)",,,Plein jour,En agglomération,Intersection en X,Normale,Deux véhicules - côté,,,,,,,,,,,1,2,2,1.0,3.0
201100023793,0011-09-30 21:30:00,11,9,30,21,30,190,31,ROCHE (RUE MARCELIN),,,Nuit avec éclairage allumé,En agglomération,Intersection en T,Normale,Deux véhicules - côté,,,,,,,,,,,5,2,3,1.0,3.0
201100023794,0011-10-03 17:40:00,11,10,3,17,40,190,31,RIBOT (AVENUE),,,Plein jour,En agglomération,Hors intersection,Normale,Deux véhicules - arrière,,,,,,,,,,,1,2,1,1.0,2.0
201100023795,0011-10-09 05:00:00,11,10,9,5,0,190,31,"30, PAINLEVE (BOULEVARD",,,Nuit avec éclairage allumé,En agglomération,Hors intersection,Normale,Autre collision,,,,,,,,,,,5,2,1,1.0,6.0
201100023796,0011-10-20 07:55:00,11,10,20,7,55,190,31,"49, ZOLA (AVENUE EMILE)",,,Crépuscule ou aube,En agglomération,Hors intersection,Normale,Autre collision,,,,,,,,,,,2,2,1,1.0,6.0
201100023797,0011-10-25 08:50:00,11,10,25,8,50,190,31,RIBOT (AVENUE),,,Plein jour,En agglomération,Intersection en X,Normale,Deux véhicules - côté,,,,,,,,,,,1,2,2,1.0,3.0
201100023798,0011-11-03 17:25:00,11,11,3,17,25,190,31,COMBE (BOULEVARD ROGER),,,Nuit avec éclairage allumé,En agglomération,Hors intersection,Pluie forte,Trois véhicules et plus - en chaîne,,,,,,,,,,,5,2,1,3.0,4.0
201100023799,0011-11-04 12:05:00,11,11,4,12,5,190,31,RIBOT (AVENUE),,,Plein jour,En agglomération,Hors intersection,Normale,Trois véhicules et plus - en chaîne,,,,,,,,,,,1,2,1,1.0,4.0
201100023800,0011-11-05 14:05:00,11,11,5,14,5,190,31,FERRY (BOULEVARD JULES),,,Plein jour,En agglomération,Hors intersection,Pluie légère,Deux véhicules - côté,,,,,,,,,,,1,2,1,2.0,3.0
201100023801,0011-11-05 19:05:00,11,11,5,19,5,190,31,"8 BIS, SEMARD (AVENUE PI",,,Nuit avec éclairage allumé,En agglomération,Hors intersection,Pluie légère,Deux véhicules - arrière,,,,,,,,,,,5,2,1,2.0,2.0
201100023802,0011-11-08 18:20:00,11,11,8,18,20,190,31,"26, PARIS (AVENUE DE)",,,Nuit avec éclairage allumé,En agglomération,Hors intersection,Normale,Deux véhicules - arrière,,,,,,,,,,,5,2,1,1.0,2.0
201100023803,0011-11-16 14:55:00,11,11,16,14,55,190,31,"03, QUATORZE JUILLET (AV",,,Plein jour,En agglomération,Hors intersection,Normale,Deux véhicules - arrière,,,,,,,,,,,1,2,1,1.0,2.0
201100023804,0011-11-18 08:05:00,11,11,18,8,5,190,31,"76, EMERY (AVENUE ANDRE)",,,Plein jour,En agglomération,Intersection en T,Normale,Deux véhicules - côté,,,,,,,,,,,1,2,3,1.0,3.0
201100023805,0011-11-22 16:20:00,11,11,22,16,20,190,31,NORMANDIE-NIEMEN (RUE),,,Plein jour,En agglomération,Intersection en T,Normale,Deux véhicules - côté,,,,,,,,,,,1,2,3,1.0,3.0
201100023806,0011-11-24 17:05:00,11,11,24,17,5,190,31,"45, ROUSSEAU (AVENUE JEA",,,Crépuscule ou aube,En agglomération,Hors intersection,Normale,Deux véhicules - arrière,,,,,,,,,,,2,2,1,1.0,2.0
201100023807,0011-11-26 13:05:00,11,11,26,13,5,190,31,"146, RIBOT (AVENUE)",,,Plein jour,En agglomération,Intersection en T,Normale,Deux véhicules - côté,,,,,,,,,,,1,2,3,1.0,3.0
201100023808,0011-11-29 18:26:00,11,11,29,18,26,190,31,"105, ALVITRE (AVENUE ABB",,,Nuit avec éclairage allumé,En agglomération,Hors intersection,Normale,Deux véhicules - côté,,,,,,,,,,,5,2,1,1.0,3.0
201100023809,0011-11-29 18:45:00,11,11,29,18,45,190,31,CHAUMEIL (RUE PIERRE),,,Crépuscule ou aube,En agglomération,Intersection en T,Normale,Autre collision,,,,,,,,,,,2,2,3,1.0,6.0
201100023810,0011-11-29 19:30:00,11,11,29,19,30,190,31,ROOSEVELT (AVENUE DU PRE,,,Nuit avec éclairage allumé,En agglomération,Intersection en T,Normale,Deux véhicules - côté,,,,,,,,,,,5,2,3,1.0,3.0
201100023811,0011-11-30 15:20:00,11,11,30,15,20,190,31,"60, BOURLIAGUET (RUE LEO",,,Plein jour,En agglomération,Hors intersection,Normale,Trois véhicules et plus - en chaîne,,,,,,,,,,,1,2,1,1.0,4.0
201100023812,0011-12-02 11:00:00,11,12,2,11,0,190,31,"43, SEMARD (AVENUE PIERR",45.1549,1.51432,Plein jour,En agglomération,Hors intersection,Normale,Autre collision,,,,,,,,,,,1,2,1,1.0,6.0
201100023813,0011-12-03 20:25:00,11,12,3,20,25,190,31,FRATERNITE (ROND-POINT D,45.1663,1.5418,Nuit avec éclairage allumé,En agglomération,Giratoire,Autre,Deux véhicules - arrière,,,,,,,,,,,5,2,6,9.0,2.0
201100023814,0011-12-06 13:50:00,11,12,6,13,50,190,31,"40, CHAUMEIL (RUE PIERRE",45.1556,1.50126,Plein jour,En agglomération,Hors intersection,Pluie légère,Deux véhicules - arrière,,,,,,,,,,,1,2,1,2.0,2.0
201100023815,0011-12-19 07:55:00,11,12,19,7,55,190,31,RIVET (AVENUE JEAN CHA,45.1487,1.19123,Nuit avec éclairage allumé,En agglomération,Hors intersection,Pluie légère,Deux véhicules - côté,,,,,,,,,,,5,2,1,2.0,3.0
201100023816,0011-12-19 13:45:00,11,12,19,13,45,190,31,VOLTAIRE (BOULEVARD),45.1611,1.54083,Plein jour,En agglomération,Hors intersection,Normale,Autre collision,,,,,,,,,,,1,2,1,1.0,6.0
201100023817,0011-12-30 19:20:00,11,12,30,19,20,190,31,CHAUMEIL (RUE PIERRE),45.1557,1.5017,Nuit avec éclairage allumé,En agglomération,Intersection en T,Pluie légère,Deux véhicules - côté,,,,,,,,,,,5,2,3,2.0,3.0
201100023818,0011-02-16 22:00:00,11,2,16,22,0,680,156,37 route de Rouffach,47.90637,7.25423,Nuit avec éclairage allumé,En agglomération,Hors intersection,Normale,Autre collision,,,,,,,,,,,5,2,1,1.0,6.0
201100023819,0011-04-08 20:30:00,11,4,8,20,30,680,315,,47.86541,7.12635,Nuit sans éclairage public,Hors agglomération,Hors intersection,Normale,Sans collision,,,,,,,,,,,3,1,1,1.0,7.0
201100023820,0011-04-15 02:15:00,11,4,15,2,15,680,159,,47.8925,7.18784,Nuit sans éclairage public,Hors agglomération,Hors intersection,Normale,Sans collision,,,,,,,,,,,3,1,1,1.0,7.0
201100023821,0011-05-13 19:45:00,11,5,13,19,45,680,177,,47.94255,7.15041,Plein jour,Hors agglomération,Intersection en X,Normale,Deux véhicules - côté,,,,,,,,,,,1,1,2,1.0,3.0
201100023822,0011-09-28 11:15:00,11,9,28,11,15,680,315,rue du Vieil armand,47.88178,7.23143,Plein jour,En agglomération,Hors intersection,Normale,Autre collision,,,,,,,,,,,1,2,1,1.0,6.0
201100023823,0011-01-28 07:15:00,11,1,28,7,15,590,46,,50.91557,2.57836,Crépuscule ou aube,Hors agglomération,Hors intersection,Autre,Sans collision,,,,,,,,,,,2,1,1,9.0,7.0
201100023824,0011-05-08 02:00:00,11,5,8,2,0,590,605,65 Route de Ghyvelde,51.02275,2.4909,Nuit avec éclairage allumé,En agglomération,Hors intersection,Normale,Sans collision,,,,,,,,,,,5,2,1,1.0,7.0
201100023825,0011-07-03 17:30:00,11,7,3,17,30,590,260,RD601 - rue nationale,51.06175,2.5221,Plein jour,En agglomération,Intersection en X,Normale,Trois véhicules et plus - en chaîne,,,,,,,,,,,1,2,2,1.0,4.0
201100023826,0011-07-08 18:15:00,11,7,8,18,15,590,46,rue kruystraete/ cd 947,50.90298,2.57729,Plein jour,En agglomération,Hors intersection,Temps couvert,Deux véhicules - frontale,,,,,,,,,,,1,2,1,8.0,1.0
201100023827,0011-10-01 10:45:00,11,10,1,10,45,590,260,rue de la Lib?ration,50.97843,2.57922,Plein jour,En agglomération,Hors intersection,Normale,Autre collision,,,,,,,,,,,1,2,1,1.0,6.0
201100023828,0011-10-15 10:30:00,11,10,15,10,30,590,260,rue du lac,51.0532,2.52471,Plein jour,En agglomération,Hors intersection,Normale,Deux véhicules - frontale,,,,,,,,,,,1,2,1,1.0,1.0
201100023829,0011-01-27 19:50:00,11,1,27,19,50,190,272,"02, MARTIAL BRIGOULEIX (",45.265,1.76962,Nuit avec éclairage allumé,En agglomération,Hors intersection,Normale,Autre collision,,,,,,,,,,,5,2,1,1.0,6.0
201100023830,0011-02-23 13:15:00,11,2,23,13,15,190,272,WINSTON CHURCHILL (AV),45.2572,1.76002,Plein jour,En agglomération,Hors intersection,Normale,Deux véhicules - arrière,,,,,,,,,,,1,2,1,1.0,2.0
201100023831,0011-04-27 08:10:00,11,4,27,8,10,190,272,"73, VICTOR HUGO (RUE)",45.2616,1.76006,Plein jour,En agglomération,Hors intersection,Normale,Autre collision,,,,,,,,,,,1,2,1,1.0,6.0
201100023832,0011-05-04 19:00:00,11,5,4,19,0,190,272,"44, MARTIAL BRIGOULEIX",45.2641,1.76762,Plein jour,En agglomération,Hors intersection,Normale,Deux véhicules - arrière,,,,,,,,,,,1,2,1,1.0,2.0
201100023833,0011-05-08 15:20:00,11,5,8,15,20,190,272,"1, ALSACE LORRAINE (AVEN",45.2609,1.75739,Plein jour,En agglomération,Hors intersection,Normale,Autre collision,,,,,,,,,,,1,2,1,1.0,6.0
201100023834,0011-05-13 18:25:00,11,5,13,18,25,190,272,"1BIS, ABBE LAIR (RUE)",45.2631,1.76464,Plein jour,En agglomération,Hors intersection,Normale,Autre collision,,,,,,,,,,,1,2,1,1.0,6.0
201100023835,0011-06-01 09:15:00,11,6,1,9,15,190,272,CUEILLE (LIEU DIT),45.2503,1.75024,Plein jour,En agglomération,Hors intersection,Normale,Sans collision,,,,,,,,,,,1,2,1,1.0,7.0
201100023836,0011-06-28 16:45:00,11,6,28,16,45,190,272,"78, GUYNEMER (AV)",45.2771,1.77453,Plein jour,En agglomération,Hors intersection,Normale,Autre collision,,,,,,,,,,,1,2,1,1.0,6.0
201100023837,0011-07-02 18:50:00,11,7,2,18,50,190,272,"15, VICTOR CONTINSOUZA",45.2712,1.77689,Plein jour,En agglomération,Hors intersection,Normale,Autre collision,,,,,,,,,,,1,2,1,1.0,6.0
201100023838,0011-10-24 11:05:00,11,10,24,11,5,190,272,FONTAINES (LIEU DIT),45.2887,1.77203,Plein jour,Hors agglomération,Hors intersection,Normale,Deux véhicules - frontale,,,,,,,,,,,1,1,1,1.0,1.0
201100023839,0011-11-18 00:25:00,11,11,18,0,25,190,272,"95, VICTOR HUGO (RUE)",45.2609,1.75898,Nuit avec éclairage allumé,En agglomération,Hors intersection,Normale,Autre collision,,,,,,,,,,,5,2,1,1.0,6.0
201100023840,0011-11-18 14:45:00,11,11,18,14,45,190,272,"42, BALUZE (QUAI)",45.2685,1.77197,Plein jour,En agglomération,Hors intersection,Normale,Autre collision,,,,,,,,,,,1,2,1,1.0,6.0
201100023841,0011-12-04 00:20:00,11,12,4,0,20,190,272,"2, RIGNY (QUAI)",45.2641,1.7662,Nuit avec éclairage allumé,En agglomération,Hors intersection,Pluie légère,Sans collision,,,,,,,,,,,5,2,1,2.0,7.0
201100023842,0011-01-10 17:40:00,11,1,10,17,40,190,275,"10, GAMBETTA (AVENUE)",45.54574,2.30787,Crépuscule ou aube,En agglomération,Hors intersection,Normale,Autre collision,,,,,,,,,,,2,2,1,1.0,6.0
201100023843,0011-01-21 15:00:00,11,1,21,15,0,190,275,"13, CLEMENCEAU (BOULEVAR",45.54829,2.30852,Plein jour,En agglomération,Hors intersection,Temps éblouissant,Autre collision,,,,,,,,,,,1,2,1,7.0,6.0
201100023844,0011-02-11 14:55:00,11,2,11,14,55,190,275,PONTY (ROUTE DE),45.5425,2.29767,Plein jour,En agglomération,Intersection en T,Normale,Deux véhicules - côté,,,,,,,,,,,1,2,3,1.0,3.0
201100023845,0011-02-21 16:20:00,11,2,21,16,20,190,275,R.D. 982 SUD,45.5249,2.30472,Plein jour,Hors agglomération,Hors intersection,Pluie légère,Sans collision,,,,,,,,,,,1,1,1,2.0,7.0
201100023846,0011-03-08 11:00:00,11,3,8,11,0,190,275,R.D. 45,45.5396,2.32409,Plein jour,En agglomération,Hors intersection,Normale,Sans collision,,,,,,,,,,,1,2,1,1.0,7.0
201100023847,0011-04-05 08:00:00,11,4,5,8,0,190,275,"38, JOUVENAL (RUE HENRI",45.5387,2.32605,Plein jour,En agglomération,Intersection en T,Normale,Deux véhicules - côté,,,,,,,,,,,1,2,3,1.0,3.0
201100023848,0011-04-12 18:20:00,11,4,12,18,20,190,275,"14, TREICH LAPLENE (BOUL",45.5486,2.30915,Plein jour,En agglomération,Hors intersection,Normale,Autre collision,,,,,,,,,,,1,2,1,1.0,6.0
201100023849,0011-05-29 11:15:00,11,5,29,11,15,190,275,"7, BLUM (BOULEVARD LEON)",45.55276,2.31592,Plein jour,En agglomération,Hors intersection,Normale,Autre collision,,,,,,,,,,,1,2,1,1.0,6.0
201100023850,0011-05-30 11:55:00,11,5,30,11,55,190,275,"42, GAULLE (RUE DU GENER",45.54944,2.30761,Plein jour,En agglomération,Hors intersection,Normale,Deux véhicules - arrière,,,,,,,,,,,1,2,1,1.0,2.0
201100023851,0011-06-18 23:10:00,11,6,18,23,10,190,275,"86, LECLERC (AVENUE DU G",45.5557,2.30232,Nuit avec éclairage allumé,En agglomération,Hors intersection,Normale,Sans collision,,,,,,,,,,,5,2,1,1.0,7.0
201100023852,0011-07-26 21:34:00,11,7,26,21,34,190,275,"01, TREICH LAPLENE (BOUL",45.548,2.31056,Crépuscule ou aube,En agglomération,Hors intersection,Normale,Autre collision,,,,,,,,,,,2,2,1,1.0,6.0
201100023853,0011-08-25 09:30:00,11,8,25,9,30,190,275,"11, JAURES (AVENUE JEAN)",45.5553,2.31619,Plein jour,En agglomération,Hors intersection,Temps couvert,Autre collision,,,,,,,,,,,1,2,1,8.0,6.0
201100023854,0011-10-04 07:45:00,11,10,4,7,45,190,275,THIERS (AVENUE) N? PAIRS,45.5458,2.30473,Plein jour,En agglomération,Hors intersection,Normale,Autre collision,,,,,,,,,,,1,2,1,1.0,6.0
201100023855,0011-11-14 19:38:00,11,11,14,19,38,190,275,ZOLA (RUE EMILE),45.5569,2.3183,Nuit avec éclairage allumé,En agglomération,Hors intersection,Normale,Autre collision,,,,,,,,,,,5,2,1,1.0,6.0
201100023856,0011-12-06 17:00:00,11,12,6,17,0,190,275,MONTUPET (CHEMIN DE),45.57238,3.45699,Crépuscule ou aube,En agglomération,Hors intersection,Pluie légère,Deux véhicules - frontale,,,,,,,,,,,2,2,1,2.0,1.0
201100023857,0011-01-29 10:15:00,11,1,29,10,15,680,300,rd 201,47.78871,7.38764,Plein jour,En agglomération,Hors intersection,Normale,Autre collision,,,,,,,,,,,1,2,1,1.0,6.0
201100023858,0011-02-20 01:15:00,11,2,20,1,15,680,253,,47.78163,7.49651,Nuit sans éclairage public,Hors agglomération,Hors intersection,Normale,Autre collision,,,,,,,,,,,3,1,1,1.0,6.0
201100023859,0011-05-04 15:45:00,11,5,4,15,45,680,300,GRAND RUE,47.78917,7.37014,Plein jour,En agglomération,Hors intersection,Normale,Autre collision,,,,,,,,,,,1,2,1,1.0,6.0
201100023860,0011-06-05 11:30:00,11,6,5,11,30,680,300,cd 201,47.77532,7.38997,Plein jour,En agglomération,Hors intersection,Normale,Deux véhicules - arrière,,,,,,,,,,,1,2,1,1.0,2.0
201100023861,0011-07-09 11:30:00,11,7,9,11,30,680,20,,47.81768,7.5305,Plein jour,Hors agglomération,Hors intersection,Normale,Deux véhicules - côté,,,,,,,,,,,1,1,1,1.0,3.0
201100023862,0011-08-09 15:15:00,11,8,9,15,15,680,15,,47.79538,7.37879,Plein jour,Hors agglomération,Hors intersection,Normale,Deux véhicules - côté,,,,,,,,,,,1,1,1,1.0,3.0
201100023863,0011-08-29 19:00:00,11,8,29,19,0,680,15,Rue de Bantzenheim,47.80191,7.3878,Crépuscule ou aube,En agglomération,Hors intersection,Normale,Deux véhicules - côté,,,,,,,,,,,2,2,1,1.0,3.0
201100023864,0011-10-14 06:30:00,11,10,14,6,30,680,300,rue de Mulhouse,47.77951,7.36502,Nuit avec éclairage allumé,En agglomération,Giratoire,Normale,Deux véhicules - côté,,,,,,,,,,,5,2,6,1.0,3.0
201100023865,0011-11-26 19:45:00,11,11,26,19,45,680,20,,47.81347,7.5049,Nuit sans éclairage public,En agglomération,Hors intersection,Normale,Deux véhicules - arrière,,,,,,,,,,,3,2,1,1.0,2.0
201100023866,0011-12-06 21:45:00,11,12,6,21,45,680,15,,47.79062,7.44542,Nuit sans éclairage public,Hors agglomération,Hors intersection,Pluie légère,Autre collision,,,,,,,,,,,3,1,1,2.0,6.0
201100023867,0011-12-28 09:30:00,11,12,28,9,30,210,54,", GAULLE (AVENUE DU GENE",47.0172,4.8358,Plein jour,En agglomération,Hors intersection,Normale,Autre collision,,,,,,,,,,,1,2,1,1.0,6.0
201100023868,0011-01-27 06:50:00,11,1,27,6,50,210,54,GARE (PLACE DE LA),,,Nuit avec éclairage allumé,En agglomération,Hors intersection,Normale,Deux véhicules - côté,,,,,,,,,,,5,2,1,1.0,3.0
201100023869,0011-01-26 16:30:00,11,1,26,16,30,210,54,FERRY (BOULEVARD JULES),,,Plein jour,En agglomération,Hors intersection,Pluie légère,Deux véhicules - côté,,,,,,,,,,,1,2,1,2.0,3.0
201100023870,0011-02-08 07:45:00,11,2,8,7,45,210,54,"34, BRETONNIERE (RUE DU",,,Plein jour,En agglomération,Hors intersection,Normale,Deux véhicules - côté,,,,,,,,,,,1,2,1,1.0,3.0
201100023871,0011-02-23 15:05:00,11,2,23,15,5,210,54,"4, CLUNY (SQUARE DE)",,,Plein jour,En agglomération,Hors intersection,Normale,Autre collision,,,,,,,,,,,1,2,1,1.0,6.0
201100023872,0011-03-04 21:04:00,11,3,4,21,4,210,54,AMPERE (RUE A.M.),,,Nuit avec éclairage allumé,En agglomération,Hors intersection,Normale,Deux véhicules - côté,,,,,,,,,,,5,2,1,1.0,3.0
201100023873,0011-03-28 15:50:00,11,3,28,15,50,210,54,BEURRE (PLACE AU),,,Plein jour,En agglomération,Hors intersection,Normale,Autre collision,,,,,,,,,,,1,2,1,1.0,6.0
201100023874,0011-04-01 14:50:00,11,4,1,14,50,210,54,CHALLANGES (ROUTE DE),,,Plein jour,En agglomération,Intersection en T,Normale,Deux véhicules - côté,,,,,,,,,,,1,2,3,1.0,3.0
201100023875,0011-04-26 18:50:00,11,4,26,18,50,210,54,SABLIERE (RUE DE LA),,,Plein jour,En agglomération,Intersection en T,Normale,Deux véhicules - côté,,,,,,,,,,,1,2,3,1.0,3.0
201100023876,0011-06-08 06:50:00,11,6,8,6,50,210,54,PHILIPPE LE BON (ROND PO,,,Plein jour,En agglomération,Giratoire,Pluie légère,Deux véhicules - côté,,,,,,,,,,,1,2,6,2.0,3.0
201100023877,0011-06-22 17:40:00,11,6,22,17,40,210,54,"33, JAFFELIN (AVENUE CHA",,,Plein jour,En agglomération,Hors intersection,Normale,Autre collision,,,,,,,,,,,1,2,1,1.0,6.0
201100023878,0011-06-24 17:10:00,11,6,24,17,10,210,54,REON (RUE DE),,,Plein jour,En agglomération,Intersection en T,Normale,Deux véhicules - côté,,,,,,,,,,,1,2,3,1.0,3.0
201100023879,0011-07-11 22:00:00,11,7,11,22,0,210,54,"18, VERY (RUE LOUIS)",,,Crépuscule ou aube,En agglomération,Hors intersection,Normale,Autre collision,,,,,,,,,,,2,2,1,1.0,6.0
201100023880,0011-08-06 18:55:00,11,8,6,18,55,210,54,"1, GAULLE (AVENUE DU GEN",47.0205,4.83535,Plein jour,En agglomération,Intersection à plus de 4 branches,Pluie légère,Deux véhicules - côté,,,,,,,,,,,1,2,5,2.0,3.0
201100023881,0011-08-20 11:45:00,11,8,20,11,45,210,54,", GAULLE (AVENUE DU GENE",47.0162,4.83718,Plein jour,En agglomération,Hors intersection,Normale,Autre collision,,,,,,,,,,,1,2,1,1.0,6.0
201100023882,0011-09-06 17:10:00,11,9,6,17,10,210,54,HUIT SEPTEMBRE (AVENUE D,47.0238,4.84429,Plein jour,En agglomération,Intersection en X,Normale,Deux véhicules - côté,,,,,,,,,,,1,2,2,1.0,3.0
201100023883,0011-09-23 16:50:00,11,9,23,16,50,210,54,"1, FERRY (BOULEVARD JULE",47.0216,4.84066,Plein jour,En agglomération,Hors intersection,Normale,Trois véhicules et plus - en chaîne,,,,,,,,,,,1,2,1,1.0,4.0
201100023884,0011-10-02 18:10:00,11,10,2,18,10,210,54,"1, FERRY (BOULEVARD JULE",47.0216,4.84066,Plein jour,En agglomération,Hors intersection,Normale,Autre collision,,,,,,,,,,,1,2,1,1.0,6.0
201100023885,0011-10-03 16:32:00,11,10,3,16,32,210,54,"1, FERRY (BOULEVARD JULE",47.0216,4.84065,Plein jour,En agglomération,Intersection en X,Normale,Autre collision,,,,,,,,,,,1,2,2,1.0,6.0
201100023886,0011-10-28 19:03:00,11,10,28,19,3,210,54,"4, FERRY (BOULEVARD JULE",47.0217,4.84094,Nuit avec éclairage allumé,En agglomération,Hors intersection,Normale,Deux véhicules - côté,,,,,,,,,,,5,2,1,1.0,3.0
201100023887,0011-01-07 14:35:00,11,1,7,14,35,210,231,"2, BENIGNE JOLY (RUE)",47.3318,5.06579,Plein jour,En agglomération,Hors intersection,Normale,Autre collision,,,,,,,,,,,1,2,1,1.0,6.0
201100023888,0011-01-08 19:04:00,11,1,8,19,4,210,231,LANGRES (DE) (ROUTE),,,Nuit sans éclairage public,Hors agglomération,Hors intersection,Temps couvert,Autre collision,,,,,,,,,,,3,1,1,8.0,6.0
201100023889,0011-01-10 11:10:00,11,1,10,11,10,210,355,"4, ROMELET (DE) (RUE)",47.288,5.03879,Plein jour,En agglomération,Hors intersection,Normale,Deux véhicules - arrière,,,,,,,,,,,1,2,1,1.0,2.0
201100023890,0011-01-11 15:10:00,11,1,11,15,10,210,231,BOMBARD (RUE ALAIN),47.3157,5.08306,Plein jour,En agglomération,Hors intersection,Pluie légère,Deux véhicules - frontale,,,,,,,,,,,1,2,1,2.0,1.0
201100023891,0011-01-17 15:37:00,11,1,17,15,37,210,231,CHARLES POISOT (RUE),47.3126,5.02103,Plein jour,En agglomération,Intersection en X,Normale,Deux véhicules - côté,,,,,,,,,,,1,2,2,1.0,3.0
201100023892,0011-01-25 12:40:00,11,1,25,12,40,210,231,30 OCTOBRE ET DE LA LEGI,47.3213,5.05213,Plein jour,En agglomération,Place,Normale,Deux véhicules - arrière,,,,,,,,,,,1,2,7,1.0,2.0
201100023893,0011-01-27 14:31:00,11,1,27,14,31,210,231,CHARMETTE (DE LA) (RUE),47.3438,5.04192,Plein jour,En agglomération,Intersection en X,Normale,Deux véhicules - côté,,,,,,,,,,,1,2,2,1.0,3.0
201100023894,0011-02-03 16:05:00,11,2,3,16,5,210,231,CONDORCET (RUE),47.3193,5.03317,Plein jour,En agglomération,Intersection en T,Pluie légère,Autre collision,,,,,,,,,,,1,2,3,2.0,6.0