accident_id,datetime,annee,mois,jour,heure,minute,departement,commune_insee,adresse,latitude,longitude,luminosite,agglomeration,intersection,meteo,collision,nb_vehicules,nb_usagers,nb_indemnes,nb_tues,nb_blesses_hosp,nb_blesses_legers,age_cond_1,age_cond_2,veh_type_cond_1,veh_type_cond_2,lum_code,agg_code,int_code,atm_code,col_code
201100023895,0011-02-14 12:11:00,11,2,14,12,11,210,231,"10, MIRANDE (DE) (RUE)",47.3188,5.04922,Plein jour,En agglomération,Intersection en X,Pluie légère,Deux véhicules - arrière,,,,,,,,,,,1,2,2,2.0,2.0
201100023896,0011-02-18 20:00:00,11,2,18,20,0,210,231,PARC (DU) (COURS),47.3059,5.04737,Nuit avec éclairage allumé,En agglomération,Intersection en X,Normale,Autre collision,,,,,,,,,,,5,2,2,1.0,6.0
201100023897,0011-02-22 14:00:00,11,2,22,14,0,210,231,"2, ALEMBERT (D') (RUE)",47.3293,5.05956,Plein jour,En agglomération,Hors intersection,Normale,Deux véhicules - frontale,,,,,,,,,,,1,2,1,1.0,1.0
201100023898,0011-03-03 08:47:00,11,3,3,8,47,210,231,"9, CARNOT (BOULEVARD)",,,Plein jour,En agglomération,Hors intersection,Normale,Trois véhicules et plus - en chaîne,,,,,,,,,,,1,2,1,1.0,4.0
201100023899,0011-03-07 17:20:00,11,3,7,17,20,210,231,VOIE EXPRESS,,,Plein jour,En agglomération,Intersection en X,Normale,Trois véhicules et plus - en chaîne,,,,,,,,,,,1,2,2,1.0,4.0
201100023900,0011-03-06 18:00:00,11,3,6,18,0,210,231,"16, NICOLAS ROLIN (QUAI)",,,Plein jour,En agglomération,Hors intersection,Normale,Deux véhicules - arrière,,,,,,,,,,,1,2,1,1.0,2.0
201100023901,0011-03-08 15:59:00,11,3,8,15,59,210,231,NEUILLY (DE) (RUE),,,Plein jour,En agglomération,Intersection en X,Normale,Deux véhicules - côté,,,,,,,,,,,1,2,2,1.0,3.0
201100023902,0011-03-10 02:55:00,11,3,10,2,55,210,355,122 A (CD),,,Nuit sans éclairage public,En agglomération,Intersection en X,Normale,Deux véhicules - arrière,,,,,,,,,,,3,2,2,1.0,2.0
201100023903,0011-03-12 22:10:00,11,3,12,22,10,210,231,CHARLES DUMONT (RUE),,,Nuit avec éclairage allumé,En agglomération,Intersection en X,Pluie légère,Deux véhicules - côté,,,,,,,,,,,5,2,2,2.0,3.0
201100023904,0011-03-18 13:33:00,11,3,18,13,33,210,231,"10, SEVIGNE (DE) (BOULEV",,,Plein jour,En agglomération,Intersection en X,Normale,Deux véhicules - côté,,,,,,,,,,,1,2,2,1.0,3.0
201100023905,0011-03-18 20:48:00,11,3,18,20,48,210,278,AHUY (D') (ROUTE),,,Nuit avec éclairage allumé,En agglomération,Intersection en T,Normale,Deux véhicules - côté,,,,,,,,,,,5,2,3,1.0,3.0
201100023906,0011-03-23 19:09:00,11,3,23,19,9,210,231,THIERS (BOULEVARD),,,Nuit avec éclairage allumé,En agglomération,Intersection en X,Normale,Autre collision,,,,,,,,,,,5,2,2,1.0,6.0
201100023907,0011-03-23 11:41:00,11,3,23,11,41,210,278,HAUTEVILLE (D') (RUE),,,Plein jour,En agglomération,Intersection en Y,Normale,Deux véhicules - frontale,,,,,,,,,,,1,2,4,1.0,1.0
201100023908,0011-03-26 16:17:00,11,3,26,16,17,210,231,"18, GUY DE MAUPASSANT (R",,,Plein jour,En agglomération,Hors intersection,Pluie forte,Autre collision,,,,,,,,,,,1,2,1,3.0,6.0
201100023909,0011-03-29 12:23:00,11,3,29,12,23,210,231,126 (RD),,,Plein jour,Hors agglomération,Hors intersection,Normale,Deux véhicules - frontale,,,,,,,,,,,1,1,1,1.0,1.0
201100023910,0011-03-27 11:55:00,11,3,27,11,55,210,231,CHAMPOLLION (AVENUE),,,Plein jour,En agglomération,Intersection en T,Normale,Autre collision,,,,,,,,,,,1,2,3,1.0,6.0
201100023911,0011-04-08 06:33:00,11,4,8,6,33,210,231,WINSTON CHURCHILL (BOULE,47.3525,5.05273,Crépuscule ou aube,En agglomération,Intersection en T,Normale,Deux véhicules - côté,,,,,,,,,,,2,2,3,1.0,3.0
201100023912,0011-04-15 18:46:00,11,4,15,18,46,210,231,"25, JOUVENCE (DE) (RUE)",47.3308,5.03852,Plein jour,En agglomération,Intersection en X,Normale,Deux véhicules - côté,,,,,,,,,,,1,2,2,1.0,3.0
201100023913,0011-04-16 18:17:00,11,4,16,18,17,210,231,MIRANDE (DE) (RUE),47.3172,5.06539,Plein jour,En agglomération,Intersection en X,Normale,Deux véhicules - côté,,,,,,,,,,,1,2,2,1.0,3.0
201100023914,0011-04-23 16:16:00,11,4,23,16,16,210,231,"123 A, GENERAL FAUCONNET",47.3376,5.04047,Plein jour,En agglomération,Intersection en T,Normale,Deux véhicules - côté,,,,,,,,,,,1,2,3,1.0,3.0
201100023915,0011-05-02 14:50:00,11,5,2,14,50,210,231,"15, LONGVIC (DE) (RUE)",,,Plein jour,En agglomération,Hors intersection,Normale,Deux véhicules - côté,,,,,,,,,,,1,2,1,1.0,3.0
201100023916,0011-05-04 15:25:00,11,5,4,15,25,210,278,ALLOBROGES (DES) (BOULEV,,,Plein jour,En agglomération,Hors intersection,Normale,Deux véhicules - arrière,,,,,,,,,,,1,2,1,1.0,2.0
201100023917,0011-05-09 08:30:00,11,5,9,8,30,210,231,"45, STALINGRAD (DE) (AVE",,,Plein jour,En agglomération,Intersection en T,Normale,Trois véhicules et plus - en chaîne,,,,,,,,,,,1,2,3,1.0,4.0
201100023918,0011-05-11 01:03:00,11,5,11,1,3,210,617,"66, TROYES (DE) (BOULEVA",,,Nuit avec éclairage allumé,En agglomération,Hors intersection,Normale,Sans collision,,,,,,,,,,,5,2,1,1.0,7.0
201100023919,0011-05-17 08:55:00,11,5,17,8,55,210,231,ISABELLE DU PORTUGAL (RU,,,Plein jour,En agglomération,Intersection en X,Normale,Deux véhicules - côté,,,,,,,,,,,1,2,2,1.0,3.0
201100023920,0011-05-26 21:25:00,11,5,26,21,25,210,231,"65, ARISTIDE BRIAND (AVE",,,Crépuscule ou aube,En agglomération,Intersection en X,Normale,Autre collision,,,,,,,,,,,2,2,2,1.0,6.0
201100023921,0011-06-12 12:39:00,11,6,12,12,39,210,617,BELLEVUE (DE) (RUE),,,Plein jour,En agglomération,Hors intersection,Normale,Deux véhicules - frontale,,,,,,,,,,,1,2,1,1.0,1.0
201100023922,0011-06-15 08:16:00,11,6,15,8,16,210,231,NICOLAS ROLIN (QUAI),,,Plein jour,En agglomération,Intersection en T,Normale,Deux véhicules - côté,,,,,,,,,,,1,2,3,1.0,3.0
201100023923,0011-06-15 21:41:00,11,6,15,21,41,210,231,"4 bis, CHAMPOLLION (AVEN",,,Nuit avec éclairage allumé,En agglomération,Autre intersection,Normale,Autre collision,,,,,,,,,,,5,2,9,1.0,6.0
201100023924,0011-06-16 19:52:00,11,6,16,19,52,210,231,"10B, LAC (DU) (AVENUE)",,,Plein jour,En agglomération,Hors intersection,Normale,Autre collision,,,,,,,,,,,1,2,1,1.0,6.0
201100023925,0011-06-19 17:04:00,11,6,19,17,4,210,166,"21, ARMAND THIBAUT (RUE)",,,Plein jour,En agglomération,Intersection en T,Normale,Deux véhicules - côté,,,,,,,,,,,1,2,3,1.0,3.0
201100023926,0011-06-20 20:30:00,11,6,20,20,30,210,231,BOUDRONNEE (DE LA) (RUE),,,Plein jour,En agglomération,Intersection en Y,Normale,Deux véhicules - côté,,,,,,,,,,,1,2,4,1.0,3.0
201100023927,0011-06-29 15:50:00,11,6,29,15,50,210,231,"140, AUXONNE (D') (RUE)",,,Plein jour,En agglomération,Hors intersection,Normale,Autre collision,,,,,,,,,,,1,2,1,1.0,6.0
201100023928,0011-06-30 18:15:00,11,6,30,18,15,210,231,NICOLAS BERTHOT (RUE),,,Plein jour,En agglomération,Intersection en X,Normale,Deux véhicules - côté,,,,,,,,,,,1,2,2,1.0,3.0
201100023929,0011-07-05 08:39:00,11,7,5,8,39,210,231,MIRANDE (DE) (RUE),,,Plein jour,En agglomération,Intersection en X,Normale,Deux véhicules - côté,,,,,,,,,,,1,2,2,1.0,3.0
201100023930,0011-07-06 07:48:00,11,7,6,7,48,210,355,122 A (CD),47.2755,5.03622,Plein jour,En agglomération,Autre intersection,Normale,Deux véhicules - arrière,,,,,,,,,,,1,2,9,1.0,2.0
201100023931,0011-08-05 14:10:00,11,8,5,14,10,210,231,VOIE EXPRESS,,,Plein jour,En agglomération,Autre intersection,Normale,Trois véhicules et plus - collisions multiples,,,,,,,,,,,1,2,9,1.0,5.0
201100023932,0011-08-07 19:21:00,11,8,7,19,21,210,231,CHEVRE MORTE (DE) (BOULE,,,Plein jour,En agglomération,Intersection en X,Normale,Deux véhicules - frontale,,,,,,,,,,,1,2,2,1.0,1.0
201100023933,0011-08-26 08:30:00,11,8,26,8,30,210,231,"41, CLAUDE HOIN (RUE)",,,Plein jour,En agglomération,Hors intersection,Normale,Autre collision,,,,,,,,,,,1,2,1,1.0,6.0
201100023934,0011-09-09 15:30:00,11,9,9,15,30,210,231,"10, PERRIERES (DES) (RUE",,,Plein jour,En agglomération,Hors intersection,Normale,Deux véhicules - arrière,,,,,,,,,,,1,2,1,1.0,2.0
201100023935,0011-09-09 17:30:00,11,9,9,17,30,210,355,"59, DIJON (DE) (ROUTE)",,,Plein jour,En agglomération,Intersection en Y,Normale,Autre collision,,,,,,,,,,,1,2,4,1.0,6.0
201100023936,0011-09-13 11:45:00,11,9,13,11,45,210,231,"38, JEAN JACQUES ROUSSEA",,,Plein jour,En agglomération,Hors intersection,Normale,Autre collision,,,,,,,,,,,1,2,1,1.0,6.0
201100023937,0011-09-13 14:33:00,11,9,13,14,33,210,231,"17, VOLTAIRE (BOULEVARD)",,,Plein jour,En agglomération,Intersection en T,Normale,Deux véhicules - frontale,,,,,,,,,,,1,2,3,1.0,1.0
201100023938,0011-09-14 09:43:00,11,9,14,9,43,210,231,PEJOCES (DES) (RUE),,,Plein jour,En agglomération,Intersection en T,Normale,Deux véhicules - frontale,,,,,,,,,,,1,2,3,1.0,1.0
201100023939,0011-09-15 02:30:00,11,9,15,2,30,210,231,"11, UNIVERSITE (DE L') (",,,Nuit avec éclairage allumé,En agglomération,Intersection en X,Normale,Autre collision,,,,,,,,,,,5,2,2,1.0,6.0
201100023940,0011-09-15 16:35:00,11,9,15,16,35,210,166,"88, MAXIME GUILLOT (RUE)",,,Plein jour,En agglomération,Hors intersection,Normale,Trois véhicules et plus - collisions multiples,,,,,,,,,,,1,2,1,1.0,5.0
201100023941,0011-09-19 12:15:00,11,9,19,12,15,210,231,DALLAS (DE) (AVENUE),,,Plein jour,En agglomération,Hors intersection,Normale,Deux véhicules - arrière,,,,,,,,,,,1,2,1,1.0,2.0
201100023942,0011-09-22 16:42:00,11,9,22,16,42,210,231,ROSES (DES) (RUE),,,Plein jour,En agglomération,Intersection en X,Normale,Autre collision,,,,,,,,,,,1,2,2,1.0,6.0
201100023943,0011-09-22 17:40:00,11,9,22,17,40,210,355,"1, DIJON (DE) (ROUTE)",,,Plein jour,En agglomération,Intersection en Y,Normale,Deux véhicules - arrière,,,,,,,,,,,1,2,4,1.0,2.0
201100023944,0011-09-22 16:38:00,11,9,22,16,38,210,231,GEORGES POMPIDOU (VOIE),,,Plein jour,En agglomération,Hors intersection,Normale,Autre collision,,,,,,,,,,,1,2,1,1.0,6.0
201100023945,0011-09-25 17:31:00,11,9,25,17,31,210,231,"11, MOREY SAINT DENIS (D",,,Plein jour,En agglomération,Intersection en X,Normale,Deux véhicules - côté,,,,,,,,,,,1,2,2,1.0,3.0
201100023946,0011-09-30 18:29:00,11,9,30,18,29,210,231,MARECHAL GALLIENI (BOULE,,,Plein jour,En agglomération,Intersection en X,Temps éblouissant,Autre collision,,,,,,,,,,,1,2,2,7.0,6.0
201100023947,0011-10-02 18:11:00,11,10,2,18,11,210,166,"46, ROLAND CARRAZ (AVENU",,,Plein jour,En agglomération,Intersection en X,Normale,Deux véhicules - côté,,,,,,,,,,,1,2,2,1.0,3.0
201100023948,0011-10-03 12:29:00,11,10,3,12,29,210,166,ANTOINE DE SAINT EXUPERY,,,Plein jour,En agglomération,Intersection en Y,Normale,Autre collision,,,,,,,,,,,1,2,4,1.0,6.0
201100023949,0011-10-04 20:52:00,11,10,4,20,52,210,231,CARNOT (BOULEVARD),,,Nuit avec éclairage allumé,En agglomération,Place,Normale,Deux véhicules - arrière,,,,,,,,,,,5,2,7,1.0,2.0
201100023950,0011-10-14 10:27:00,11,10,14,10,27,210,231,CORROYEURS (DES) (RUE),,,Plein jour,En agglomération,Intersection en X,Normale,Autre collision,,,,,,,,,,,1,2,2,1.0,6.0
201100023951,0011-10-26 19:00:00,11,10,26,19,0,210,617,"2, GENERAL CANZIO (DU) (",,,Nuit avec éclairage allumé,En agglomération,Hors intersection,Normale,Autre collision,,,,,,,,,,,5,2,1,1.0,6.0
201100023952,0011-10-28 12:09:00,11,10,28,12,9,210,231,MANSART (BOULEVARD),,,Plein jour,En agglomération,Intersection en X,Normale,Trois véhicules et plus - collisions multiples,,,,,,,,,,,1,2,2,1.0,5.0
201100023953,0011-11-02 15:40:00,11,11,2,15,40,210,231,BOMBARD (RUE ALAIN),,,Plein jour,En agglomération,Giratoire,Normale,Autre collision,,,,,,,,,,,1,2,6,1.0,6.0
201100023954,0011-11-09 16:15:00,11,11,9,16,15,210,231,"131, AUXONNE (D') (RUE)",,,Plein jour,En agglomération,Intersection en T,Normale,Deux véhicules - côté,,,,,,,,,,,1,2,3,1.0,3.0
201100023955,0011-11-15 08:07:00,11,11,15,8,7,210,166,"34, EDOUARD BRANLY (BOUL",,,Nuit avec éclairage allumé,En agglomération,Intersection en X,Brouillard / fumée,Autre collision,,,,,,,,,,,5,2,2,5.0,6.0
201100023956,0011-11-15 13:48:00,11,11,15,13,48,210,617,"43, TROYES (DE) (BOULEVA",,,Plein jour,En agglomération,Intersection en X,Normale,Autre collision,,,,,,,,,,,1,2,2,1.0,6.0
201100023957,0011-11-17 15:22:00,11,11,17,15,22,210,231,"61, ARISTIDE BRIAND (AVE",,,Plein jour,En agglomération,Hors intersection,Normale,Autre collision,,,,,,,,,,,1,2,1,1.0,6.0
201100023958,0011-11-19 23:09:00,11,11,19,23,9,210,231,"2 B, MARIOTTE (RUE)",,,Nuit avec éclairage allumé,En agglomération,Hors intersection,Pluie légère,Deux véhicules - côté,,,,,,,,,,,5,2,1,2.0,3.0
201100023959,0011-11-22 18:16:00,11,11,22,18,16,210,355,"96, DIJON (DE) (ROUTE)",,,Nuit avec éclairage allumé,En agglomération,Intersection en T,Normale,Autre collision,,,,,,,,,,,5,2,3,1.0,6.0
201100023960,0011-11-25 00:45:00,11,11,25,0,45,210,231,NICOLAS ROLIN (QUAI),,,Nuit sans éclairage public,En agglomération,Autre intersection,Normale,Sans collision,,,,,,,,,,,3,2,9,1.0,7.0
201100023961,0011-11-28 15:35:00,11,11,28,15,35,210,231,905 (RD),,,Plein jour,Hors agglomération,Intersection en T,Normale,Deux véhicules - arrière,,,,,,,,,,,1,1,3,1.0,2.0
201100023962,0011-11-29 17:40:00,11,11,29,17,40,210,231,MARECHAL JOFFRE (BOULEVA,,,Nuit avec éclairage allumé,En agglomération,Intersection en T,Normale,Deux véhicules - arrière,,,,,,,,,,,5,2,3,1.0,2.0
201100023963,0011-12-05 09:11:00,11,12,5,9,11,210,231,PREMIER CONSUL (DU) (AVE,,,Plein jour,En agglomération,Intersection en X,Pluie légère,Trois véhicules et plus - collisions multiples,,,,,,,,,,,1,2,2,2.0,5.0
201100023964,0011-12-06 08:04:00,11,12,6,8,4,210,231,"13, EDMOND VOISENET (RUE",,,Crépuscule ou aube,En agglomération,Hors intersection,Pluie légère,Autre collision,,,,,,,,,,,2,2,1,2.0,6.0
201100023965,0011-12-06 08:40:00,11,12,6,8,40,210,231,"19, PIRON (RUE)",,,Crépuscule ou aube,En agglomération,Hors intersection,Pluie légère,Deux véhicules - arrière,,,,,,,,,,,2,2,1,2.0,2.0
201100023966,0011-12-06 17:10:00,11,12,6,17,10,210,231,"7, MAURICE RAVEL (RUE)",,,Nuit avec éclairage allumé,En agglomération,Intersection en T,Pluie légère,Autre collision,,,,,,,,,,,5,2,3,2.0,6.0
201100023967,0011-12-08 18:08:00,11,12,8,18,8,210,355,122 A (CD),,,Nuit sans éclairage public,En agglomération,Intersection en X,Normale,Deux véhicules - côté,,,,,,,,,,,3,2,2,1.0,3.0
201100023968,0011-12-13 03:05:00,11,12,13,3,5,210,231,"33, MARECHAL JOFFRE (BOU",,,Nuit avec éclairage allumé,En agglomération,Intersection en T,Normale,Deux véhicules - côté,,,,,,,,,,,5,2,3,1.0,3.0
201100023969,0011-12-15 17:40:00,11,12,15,17,40,210,231,"30, MARECHAL JOFFRE (BOU",,,Nuit avec éclairage allumé,En agglomération,Autre intersection,Pluie légère,Deux véhicules - côté,,,,,,,,,,,5,2,9,2.0,3.0
201100023970,0011-12-15 18:27:00,11,12,15,18,27,210,231,COLSON (RUE),,,Nuit avec éclairage allumé,En agglomération,Intersection en X,Pluie légère,Deux véhicules - côté,,,,,,,,,,,5,2,2,2.0,3.0
201100023971,0011-12-23 03:10:00,11,12,23,3,10,210,231,"4, MAGENTA (RUE)",,,Nuit avec éclairage allumé,En agglomération,Place,Pluie légère,Autre collision,,,,,,,,,,,5,2,7,2.0,6.0
201100023972,0011-12-24 18:18:00,11,12,24,18,18,210,231,"56 A, JOUVENCE (DE) (RUE",,,Nuit avec éclairage allumé,En agglomération,Hors intersection,Temps couvert,Autre collision,,,,,,,,,,,5,2,1,8.0,6.0
201100023973,0011-12-26 15:17:00,11,12,26,15,17,210,166,MARECHAL DE LATTRE DE TA,,,Plein jour,En agglomération,Hors intersection,Normale,Autre collision,,,,,,,,,,,1,2,1,1.0,6.0
201100023974,0011-06-07 15:45:00,11,6,7,15,45,420,271,RD7,45.47964,4.57925,Plein jour,En agglomération,Hors intersection,Normale,Deux véhicules - côté,,,,,,,,,,,1,2,1,1.0,3.0
201100023975,0011-08-11 14:15:00,11,8,11,14,15,420,283,,45.54188,4.55529,Plein jour,Hors agglomération,Hors intersection,Normale,Deux véhicules - côté,,,,,,,,,,,1,1,1,1.0,3.0
201100023976,0011-09-10 09:00:00,11,9,10,9,0,420,308,roche bouillon,45.45033,4.58303,Plein jour,En agglomération,Hors intersection,Normale,Deux véhicules - côté,,,,,,,,,,,1,2,1,1.0,3.0
201100023977,0011-11-13 15:00:00,11,11,13,15,0,420,320,,45.5274,4.49074,Plein jour,Hors agglomération,Hors intersection,Normale,Sans collision,,,,,,,,,,,1,1,1,1.0,7.0
201100023978,0011-12-13 04:00:00,11,12,13,4,0,420,308,,45.45905,4.58264,Crépuscule ou aube,Hors agglomération,Hors intersection,Temps couvert,Sans collision,,,,,,,,,,,2,1,1,8.0,7.0
201100023979,0011-01-15 19:40:00,11,1,15,19,40,220,50,100 RUE DE BREST,48.4508,-2.0669,Nuit avec éclairage allumé,En agglomération,Hors intersection,Normale,Deux véhicules - arrière,,,,,,,,,,,5,2,1,1.0,2.0
201100023980,0011-12-10 11:10:00,11,12,10,11,10,220,50,15 Place du11 NOVEMBRE,48.45646,-2.05342,Plein jour,En agglomération,Hors intersection,Normale,Autre collision,,,,,,,,,,,1,2,1,1.0,6.0
201100023981,0011-01-23 21:40:00,11,1,23,21,40,220,50,CHATEAUBRIAND (RUE),,,Nuit sans éclairage public,En agglomération,Hors intersection,Normale,Sans collision,,,,,,,,,,,3,2,1,1.0,7.0
201100023982,0011-02-06 09:30:00,11,2,6,9,30,220,50,Place MARECHAL LECLERC,48.45618,-2.04925,Plein jour,En agglomération,Giratoire,Normale,Deux véhicules - côté,,,,,,,,,,,1,2,6,1.0,3.0
201100023983,0011-02-12 11:12:00,11,2,12,11,12,220,50,RUE CHATEAUBRIAND/BROUSS,48.45238,-2.0481,Plein jour,En agglomération,Intersection en X,Normale,Autre collision,,,,,,,,,,,1,2,2,1.0,6.0
201100023984,0011-03-11 18:35:00,11,3,11,18,35,220,50,1 RUE FAYON,48.46067,-2.04631,Plein jour,En agglomération,Intersection en T,Normale,Deux véhicules - côté,,,,,,,,,,,1,2,3,1.0,3.0
201100023985,0011-03-17 17:30:00,11,3,17,17,30,220,50,"9, RUE CAPITAINE HESRY",48.45759,-2.05347,Plein jour,En agglomération,Hors intersection,Normale,Deux véhicules - arrière,,,,,,,,,,,1,2,1,1.0,2.0
201100023986,0011-03-24 21:45:00,11,3,24,21,45,220,50,"22DDD, CLOS DU HETRE (RU",,,Nuit avec éclairage allumé,En agglomération,Hors intersection,Normale,Autre collision,,,,,,,,,,,5,2,1,1.0,6.0
201100023987,0011-04-05 07:45:00,11,4,5,7,45,220,50,66 RUE DE BREST,48.45217,-2.06179,Plein jour,En agglomération,Hors intersection,Normale,Trois véhicules et plus - collisions multiples,,,,,,,,,,,1,2,1,1.0,5.0
201100023988,0011-04-08 10:45:00,11,4,8,10,45,220,50,RENE CASSIN (AVENUE),,,Plein jour,En agglomération,Giratoire,Temps éblouissant,Deux véhicules - côté,,,,,,,,,,,1,2,6,7.0,3.0
201100023989,0011-04-15 15:25:00,11,4,15,15,25,220,50,"P4, Bd EXMOUTH",48.46193,-2.04195,Plein jour,En agglomération,Intersection en T,Normale,Deux véhicules - côté,,,,,,,,,,,1,2,3,1.0,3.0
201100023990,0011-05-20 14:00:00,11,5,20,14,0,220,50,RUE DE BREST,48.45379,-2.05218,Plein jour,En agglomération,Hors intersection,Normale,Autre collision,,,,,,,,,,,1,2,1,1.0,6.0
201100023991,0011-05-31 18:20:00,11,5,31,18,20,220,50,R G.DE GAULLE/W ROUSSEAU,48.45073,-2.04155,Plein jour,En agglomération,Intersection en Y,Normale,Deux véhicules - côté,,,,,,,,,,,1,2,4,1.0,3.0
201100023992,0011-06-05 00:52:00,11,6,5,0,52,220,50,RUE DE BREST,48.45294,-2.05663,Nuit avec éclairage allumé,En agglomération,Intersection en X,Normale,Deux véhicules - frontale,,,,,,,,,,,5,2,2,1.0,1.0
201100023993,0011-06-15 09:00:00,11,6,15,9,0,220,50,"33, PLACE DUGUESCLIN",48.45222,-2.04465,Plein jour,En agglomération,Place,Normale,Deux véhicules - arrière,,,,,,,,,,,1,2,7,1.0,2.0
201100023994,0011-06-29 19:40:00,11,6,29,19,40,220,50,CHATEAUBR/St JEAN DIEU,48.44631,-2.04596,Plein jour,En agglomération,Intersection en Y,Normale,Deux véhicules - côté,,,,,,,,,,,1,2,4,1.0,3.0
201100023995,0011-07-11 22:40:00,11,7,11,22,40,220,50,"09, 11 NOVEMBRE (PLACE)",,,Nuit avec éclairage allumé,En agglomération,Hors intersection,Normale,Sans collision,,,,,,,,,,,5,2,1,1.0,7.0
201100023996,0011-07-13 07:47:00,11,7,13,7,47,220,50,R 10è RInfant/CASSIN,48.45432,-2.06233,Plein jour,En agglomération,Intersection en X,Normale,Deux véhicules - côté,,,,,,,,,,,1,2,2,1.0,3.0
201100023997,0011-08-01 16:00:00,11,8,1,16,0,220,50,Bd EXMOUTH,48.4615,-2.04099,Plein jour,En agglomération,Hors intersection,Normale,Sans collision,,,,,,,,,,,1,2,1,1.0,7.0
201100023998,0011-08-12 07:35:00,11,8,12,7,35,220,50,"210, Bd ANDRE AUBERT",48.46485,-2.04152,Plein jour,En agglomération,Hors intersection,Normale,Deux véhicules - côté,,,,,,,,,,,1,2,1,1.0,3.0
201100023999,0011-08-29 11:45:00,11,8,29,11,45,220,50,RUES THIERS/L.PETIT,48.45536,-2.04917,Plein jour,En agglomération,Intersection en T,Normale,Deux véhicules - côté,,,,,,,,,,,1,2,3,1.0,3.0
201100024000,0011-09-20 07:40:00,11,9,20,7,40,220,50,PLACE DU GENERAL LECLERC,48.45654,-2.04888,Plein jour,En agglomération,Giratoire,Normale,Deux véhicules - côté,,,,,,,,,,,1,2,6,1.0,3.0
201100024001,0011-09-24 13:30:00,11,9,24,13,30,220,50,"6, rue des ROUAIRIES",48.45441,-2.04945,Plein jour,En agglomération,Intersection en T,Normale,Deux véhicules - côté,,,,,,,,,,,1,2,3,1.0,3.0
201100024002,0011-09-25 19:40:00,11,9,25,19,40,220,50,45 RUE SAINT MARC,48.45399,-2.05559,Crépuscule ou aube,En agglomération,Hors intersection,Normale,Autre collision,,,,,,,,,,,2,2,1,1.0,6.0
201100024003,0011-09-14 11:40:00,11,9,14,11,40,220,50,66 RUE DE BREST,48.45215,2.0608,Plein jour,En agglomération,Hors intersection,Normale,Sans collision,,,,,,,,,,,1,2,1,1.0,7.0
201100024004,0011-04-28 10:40:00,11,4,28,10,40,220,50,RUE DUGENERAL DE GAULLE,48.45138,-2.04032,Plein jour,En agglomération,Hors intersection,Normale,Autre collision,,,,,,,,,,,1,2,1,1.0,6.0
201100024005,0011-09-28 09:27:00,11,9,28,9,27,220,50,PLACE CHAMP CLOS,48.45226,-2.04463,Plein jour,En agglomération,Intersection en T,Normale,Deux véhicules - côté,,,,,,,,,,,1,2,3,1.0,3.0
201100024006,0011-10-19 15:10:00,11,10,19,15,10,220,50,"257, ANDRE AUBERT (BOULE",,,Plein jour,En agglomération,Hors intersection,Normale,Deux véhicules - frontale,,,,,,,,,,,1,2,1,1.0,1.0
201100024007,0011-10-11 10:40:00,11,10,11,10,40,220,50,PLACE DUCLOS,48.45427,-2.04786,Plein jour,En agglomération,Hors intersection,Normale,Autre collision,,,,,,,,,,,1,2,1,1.0,6.0
201100024008,0011-10-21 18:25:00,11,10,21,18,25,220,50,Rue Xè D'ARTILLERIE/CASS,48.45433,-2.06232,Plein jour,En agglomération,Giratoire,Normale,Deux véhicules - côté,,,,,,,,,,,1,2,6,1.0,3.0
201100024009,0011-10-30 02:30:00,11,10,30,2,30,220,50,RUE DU PORT,48.45451,-2.03905,Nuit avec éclairage allumé,En agglomération,Hors intersection,Normale,Sans collision,,,,,,,,,,,5,2,1,1.0,7.0
201100024010,0011-09-17 22:00:00,11,9,17,22,0,220,50,RUE DU CHATEAU,48.45004,-2.04316,Nuit avec éclairage allumé,En agglomération,Intersection en X,Normale,Autre collision,,,,,,,,,,,5,2,2,1.0,6.0
201100024011,0011-11-22 07:40:00,11,11,22,7,40,220,50,RUE CHATEAUBRIAND/JAURES,48.44805,-2.04667,Crépuscule ou aube,En agglomération,Intersection en X,Normale,Deux véhicules - frontale,,,,,,,,,,,2,2,2,1.0,1.0
201100024012,0011-11-29 13:10:00,11,11,29,13,10,220,50,Rue CASSIN/Xè ARTILLERIE,48.45432,-2.06237,Plein jour,En agglomération,Giratoire,Normale,Deux véhicules - côté,,,,,,,,,,,1,2,6,1.0,3.0
201100024013,0011-12-13 14:30:00,11,12,13,14,30,220,50,Rue DEROYER/EUROPE,48.45549,-2.05737,Plein jour,En agglomération,Giratoire,Normale,Deux véhicules - côté,,,,,,,,,,,1,2,6,1.0,3.0
201100024014,0011-12-15 18:30:00,11,12,15,18,30,220,50,RUE CHATEAUBRIAND,48.4525,-2.04819,Nuit sans éclairage public,En agglomération,Hors intersection,Pluie forte,Autre collision,,,,,,,,,,,3,2,1,3.0,6.0
201100024015,0011-01-19 18:10:00,11,1,19,18,10,220,113,"0, GUILLOUX (BOULEVARD L",,,Nuit avec éclairage allumé,En agglomération,Hors intersection,Normale,Autre collision,,,,,,,,,,,5,2,1,1.0,6.0
201100024016,0011-02-03 15:20:00,11,2,3,15,20,220,113,22 RUE GEORGES POMPIDOU,48.73366,-3.46604,Plein jour,En agglomération,Hors intersection,Normale,Deux véhicules - frontale,,,,,,,,,,,1,2,1,1.0,1.0
201100024017,0011-02-12 10:45:00,11,2,12,10,45,220,113,PLEUMEUR BODOU (ROUTE DE,,,Plein jour,Hors agglomération,Hors intersection,Normale,Deux véhicules - côté,,,,,,,,,,,1,1,1,1.0,3.0
201100024018,0011-02-19 20:15:00,11,2,19,20,15,220,113,MENDES FRANCE (BOULEVARD,,,Nuit sans éclairage public,En agglomération,Hors intersection,Normale,Sans collision,,,,,,,,,,,3,2,1,1.0,7.0