accident_id,datetime,annee,mois,jour,heure,minute,departement,commune_insee,adresse,latitude,longitude,luminosite,agglomeration,intersection,meteo,collision,nb_vehicules,nb_usagers,nb_indemnes,nb_tues,nb_blesses_hosp,nb_blesses_legers,age_cond_1,age_cond_2,veh_type_cond_1,veh_type_cond_2,lum_code,agg_code,int_code,atm_code,col_code
201100024019,0011-03-12 23:35:00,11,3,12,23,35,220,113,"9, ARMOR (BOULEVARD D')",,,Nuit avec éclairage allumé,En agglomération,Intersection en T,Normale,Deux véhicules - frontale,,,,,,,,,,,5,2,3,1.0,1.0
201100024020,0011-03-07 11:15:00,11,3,7,11,15,220,113,4 QUAI MARECHAL JOFFRE,48.73245,-3.46637,Plein jour,En agglomération,Hors intersection,Normale,Sans collision,,,,,,,,,,,1,2,1,1.0,7.0
201100024021,0011-03-28 13:40:00,11,3,28,13,40,220,113,BIENFAISANCE (RUE DE LA),,,Plein jour,En agglomération,Hors intersection,Normale,Autre collision,,,,,,,,,,,1,2,1,1.0,6.0
201100024022,0011-03-28 13:50:00,11,3,28,13,50,220,113,RESISTANCE (AVENUE DE LA,,,Plein jour,En agglomération,Hors intersection,Normale,Deux véhicules - arrière,,,,,,,,,,,1,2,1,1.0,2.0
201100024023,0011-04-21 09:05:00,11,4,21,9,5,220,113,PEN AR BIEZ/BREIZH IZEL,48.73511,-3.44565,Plein jour,En agglomération,Intersection en T,Normale,Deux véhicules - côté,,,,,,,,,,,1,2,3,1.0,3.0
201100024024,0011-04-28 19:40:00,11,4,28,19,40,220,113,", KERBILC'HOAD (CHEMIN D",,,Plein jour,Hors agglomération,Intersection en T,Normale,Deux véhicules - côté,,,,,,,,,,,1,1,3,1.0,3.0
201100024025,0011-05-06 18:55:00,11,5,6,18,55,220,113,Rt PLEUMEUR BOD/KERFAOUT,48.74903,-3.48584,Plein jour,Hors agglomération,Intersection en Y,Normale,Deux véhicules - côté,,,,,,,,,,,1,1,4,1.0,3.0
201100024026,0011-06-08 12:25:00,11,6,8,12,25,220,113,KER YVON,48.75089,-3.4187,Plein jour,Hors agglomération,Intersection en X,Normale,Deux véhicules - côté,,,,,,,,,,,1,1,2,1.0,3.0
201100024027,0011-07-07 10:30:00,11,7,7,10,30,220,113,SARTRE (RUE JEAN PAUL),,,Plein jour,En agglomération,Hors intersection,Pluie légère,Autre collision,,,,,,,,,,,1,2,1,2.0,6.0
201100024028,0011-07-07 18:30:00,11,7,7,18,30,220,113,RUES POMPIDOU/TEMPLIERS,48.73935,-3.46325,Plein jour,En agglomération,Intersection en X,Normale,Deux véhicules - côté,,,,,,,,,,,1,2,2,1.0,3.0
201100024029,0011-08-01 09:50:00,11,8,1,9,50,220,113,Place du GENERAL LECLERC,48.73206,-3.45843,Plein jour,En agglomération,Hors intersection,Normale,Sans collision,,,,,,,,,,,1,2,1,1.0,7.0
201100024030,0011-08-17 19:10:00,11,8,17,19,10,220,113,ROSPEZ (ROUTE DE),,,Plein jour,Hors agglomération,Hors intersection,Normale,Sans collision,,,,,,,,,,,1,1,1,1.0,7.0
201100024031,0011-08-10 07:30:00,11,8,10,7,30,220,113,GENERAL DE GAULLE (AVENU,,,Plein jour,En agglomération,Giratoire,Normale,Deux véhicules - côté,,,,,,,,,,,1,2,6,1.0,3.0
201100024032,0011-08-26 22:20:00,11,8,26,22,20,220,113,TREBEURDEN (ROUTE DE),,,Nuit sans éclairage public,Hors agglomération,Hors intersection,Normale,Autre collision,,,,,,,,,,,3,1,1,1.0,6.0
201100024033,0011-09-15 16:40:00,11,9,15,16,40,220,113,"18, SAINT NICOLAS (RUE)",,,Plein jour,En agglomération,Hors intersection,Normale,Autre collision,,,,,,,,,,,1,2,1,1.0,6.0
201100024034,0011-10-02 20:15:00,11,10,2,20,15,220,113,PERROS (ROUTE DE),,,Crépuscule ou aube,En agglomération,Hors intersection,Normale,Deux véhicules - arrière,,,,,,,,,,,2,2,1,1.0,2.0
201100024035,0011-10-14 14:25:00,11,10,14,14,25,220,113,ROSPEZ (ROUTE DE),,,Plein jour,En agglomération,Hors intersection,Normale,Autre collision,,,,,,,,,,,1,2,1,1.0,6.0
201100024036,0011-10-18 13:10:00,11,10,18,13,10,220,113,RUE DE BROGLIE,48.75807,-3.46376,Plein jour,En agglomération,Intersection en T,Normale,Deux véhicules - côté,,,,,,,,,,,1,2,3,1.0,3.0
201100024037,0011-10-21 16:40:00,11,10,21,16,40,220,113,AIGUILLON (QUAI D'),,,Plein jour,En agglomération,Hors intersection,Normale,Deux véhicules - arrière,,,,,,,,,,,1,2,1,1.0,2.0
201100024038,0011-10-29 20:45:00,11,10,29,20,45,220,113,RUE DE KERLITOUS,48.73033,-3.46891,Nuit sans éclairage public,En agglomération,Intersection en Y,Normale,Sans collision,,,,,,,,,,,3,2,4,1.0,7.0
201100024039,0011-10-12 16:00:00,11,10,12,16,0,220,113,CENTRE HOSPITALIER,,,Plein jour,En agglomération,Hors intersection,Normale,Autre collision,,,,,,,,,,,1,2,1,1.0,6.0
201100024040,0011-11-11 13:00:00,11,11,11,13,0,220,113,ROUTE DE TREGUIER,48.73304,-3.45292,Plein jour,En agglomération,Hors intersection,Normale,Deux véhicules - côté,,,,,,,,,,,1,2,1,1.0,3.0
201100024041,0011-11-16 00:15:00,11,11,16,0,15,220,113,"57, TREGUIER (RUE DE)",,,Nuit avec éclairage allumé,En agglomération,Hors intersection,Normale,Autre collision,,,,,,,,,,,5,2,1,1.0,6.0
201100024042,0011-11-26 19:25:00,11,11,26,19,25,220,113,"08, MARECHAL JOFFRE (QUA",,,Nuit avec éclairage non allumé,En agglomération,Hors intersection,Normale,Deux véhicules - arrière,,,,,,,,,,,4,2,1,1.0,2.0
201100024043,0011-12-01 16:20:00,11,12,1,16,20,220,113,KERBABU (RUE DE)(SERVEL),,,Plein jour,En agglomération,Hors intersection,Pluie forte,Deux véhicules - côté,,,,,,,,,,,1,2,1,3.0,3.0
201100024044,0011-12-09 17:35:00,11,12,9,17,35,220,113,GUINGAMP (ROUTE DE),,,Crépuscule ou aube,En agglomération,Hors intersection,Pluie légère,Deux véhicules - côté,,,,,,,,,,,2,2,1,2.0,3.0
201100024045,0011-12-11 12:30:00,11,12,11,12,30,220,113,74 RUE DE L' AERODROME,48.74536,-3.46604,Plein jour,En agglomération,Intersection en T,Pluie légère,Deux véhicules - côté,,,,,,,,,,,1,2,3,2.0,3.0
201100024046,0011-12-18 17:50:00,11,12,18,17,50,220,113,Allée du Palais Justice,48.7297,-3.45906,Nuit avec éclairage allumé,En agglomération,Hors intersection,Pluie légère,Autre collision,,,,,,,,,,,5,2,1,2.0,6.0
201100024047,0011-12-27 15:55:00,11,12,27,15,55,220,113,RUE DE TREGUIER,48.73435,-3.44506,Plein jour,En agglomération,Hors intersection,Temps éblouissant,Autre collision,,,,,,,,,,,1,2,1,7.0,6.0
201100024048,0011-01-04 10:10:00,11,1,4,10,10,220,360,Parking rue J MONNET,48.49206,-2.76376,Plein jour,En agglomération,Hors intersection,Normale,Autre collision,,,,,,,,,,,1,2,1,1.0,6.0
201100024049,0011-01-04 19:30:00,11,1,4,19,30,220,278,Rue Paul FEVAL,48.51687,-2.776,Nuit sans éclairage public,En agglomération,Intersection en Y,Normale,Autre collision,,,,,,,,,,,3,2,4,1.0,6.0
201100024050,0011-01-05 12:55:00,11,1,5,12,55,220,278,21Bis VIELLE COTE GOUET,48.51573,-2.76392,Plein jour,En agglomération,Hors intersection,Normale,Autre collision,,,,,,,,,,,1,2,1,1.0,6.0
201100024051,0011-01-05 16:10:00,11,1,5,16,10,220,278,R J. FERRY,48.49854,-2.77174,Plein jour,En agglomération,Giratoire,Normale,Sans collision,,,,,,,,,,,1,2,6,1.0,7.0
201100024052,0011-01-05 16:45:00,11,1,5,16,45,220,215,ROUTE DU FUTUR,48.48147,-2.80032,Crépuscule ou aube,Hors agglomération,Hors intersection,Pluie légère,Trois véhicules et plus - en chaîne,,,,,,,,,,,2,1,1,2.0,4.0
201100024053,0011-01-08 15:20:00,11,1,8,15,20,220,360,RUE D'ARMOR,48.48394,-2.73493,Plein jour,En agglomération,Intersection en X,Normale,Deux véhicules - arrière,,,,,,,,,,,1,2,2,1.0,2.0
201100024054,0011-01-07 17:19:00,11,1,7,17,19,220,278,"53, Rue Maréchal FOCH",48.51552,-2.7598,Plein jour,En agglomération,Hors intersection,Normale,Autre collision,,,,,,,,,,,1,2,1,1.0,6.0
201100024055,0011-01-14 23:20:00,11,1,14,23,20,220,278,R Dr RAHUEL/PARIS,48.50567,-2.74511,Nuit avec éclairage allumé,En agglomération,Intersection en X,Normale,Deux véhicules - arrière,,,,,,,,,,,5,2,2,1.0,2.0
201100024056,0011-01-16 09:15:00,11,1,16,9,15,220,106,46 RUE DE RENNES,48.49338,-2.71045,Plein jour,Hors agglomération,Hors intersection,Normale,Sans collision,,,,,,,,,,,1,1,1,1.0,7.0
201100024057,0011-01-17 06:45:00,11,1,17,6,45,220,215,RD712,48.49682,-2.76922,Nuit sans éclairage public,Hors agglomération,Hors intersection,Normale,Deux véhicules - côté,,,,,,,,,,,3,1,1,1.0,3.0
201100024058,0011-01-19 12:20:00,11,1,19,12,20,220,278,REINE ASTRID/F BIENVENUE,48.50184,-2.75534,Plein jour,En agglomération,Intersection en Y,Normale,Deux véhicules - côté,,,,,,,,,,,1,2,4,1.0,3.0
201100024059,0011-01-23 18:20:00,11,1,23,18,20,220,278,71è RI/Lycéens MARTYRS,48.51117,-2.76251,Nuit avec éclairage allumé,En agglomération,Giratoire,Pluie légère,Deux véhicules - côté,,,,,,,,,,,5,2,6,2.0,3.0
201100024060,0011-01-23 18:50:00,11,1,23,18,50,220,278,LA FAYETTE/CORNEILLE,48.51206,-2.745,Nuit avec éclairage allumé,En agglomération,Intersection en X,Pluie légère,Trois véhicules et plus - collisions multiples,,,,,,,,,,,5,2,2,2.0,5.0
201100024061,0011-01-24 17:25:00,11,1,24,17,25,220,278,RUE DU COMBAT DES TRENTE,48.51043,-2.75757,Crépuscule ou aube,En agglomération,Hors intersection,Normale,Autre collision,,,,,,,,,,,2,2,1,1.0,6.0
201100024062,0011-01-24 21:50:00,11,1,24,21,50,220,278,RUE DU DR RAHUEL,48.50717,-2.75059,Nuit avec éclairage allumé,En agglomération,Hors intersection,Normale,Sans collision,,,,,,,,,,,5,2,1,1.0,7.0
201100024063,0011-01-27 08:15:00,11,1,27,8,15,220,360,53 rue de l'Atlantique,48.47656,-2.73231,Nuit avec éclairage allumé,En agglomération,Intersection en T,Normale,Trois véhicules et plus - collisions multiples,,,,,,,,,,,5,2,3,1.0,5.0
201100024064,0011-01-27 17:50:00,11,1,27,17,50,220,360,RUE DES TILLEULS,48.49025,-2.73731,Crépuscule ou aube,En agglomération,Hors intersection,Normale,Autre collision,,,,,,,,,,,2,2,1,1.0,6.0
201100024065,0011-01-29 14:10:00,11,1,29,14,10,220,278,65Bd de l'Atlantique,48.51944,-2.79049,Plein jour,En agglomération,Hors intersection,Normale,Deux véhicules - arrière,,,,,,,,,,,1,2,1,1.0,2.0
201100024066,0011-02-02 08:10:00,11,2,2,8,10,220,278,"0, CORNEILLE COTE IMPAIR",,,Crépuscule ou aube,En agglomération,Intersection en X,Normale,Sans collision,,,,,,,,,,,2,2,2,1.0,7.0
201100024067,0011-02-03 07:55:00,11,2,3,7,55,220,278,34 Bd Tour d'Auvergne,48.51473,-2.77425,Crépuscule ou aube,En agglomération,Hors intersection,Normale,Sans collision,,,,,,,,,,,2,2,1,1.0,7.0
201100024068,0011-02-04 08:55:00,11,2,4,8,55,220,278,71ème R Infanterie,48.51114,-2.76021,Plein jour,En agglomération,Hors intersection,Normale,Autre collision,,,,,,,,,,,1,2,1,1.0,6.0
201100024069,0011-02-06 00:15:00,11,2,6,0,15,220,278,44 bd CHARNER,48.50829,-2.76844,Nuit avec éclairage allumé,En agglomération,Intersection en T,Vent fort / tempête,Deux véhicules - côté,,,,,,,,,,,5,2,3,6.0,3.0
201100024070,0011-02-04 20:45:00,11,2,4,20,45,220,278,RUE VALLES/R NIMIER,48.5005,-2.74735,Nuit avec éclairage allumé,En agglomération,Intersection en T,Normale,Deux véhicules - côté,,,,,,,,,,,5,2,3,1.0,3.0
201100024071,0011-02-09 14:15:00,11,2,9,14,15,220,278,BERTHOLLET/ALEMBERT,48.502,-2.74307,Plein jour,En agglomération,Intersection en T,Normale,Deux véhicules - côté,,,,,,,,,,,1,2,3,1.0,3.0
201100024072,0011-02-10 07:35:00,11,2,10,7,35,220,278,Bd de la Chalotais,48.51446,-2.75572,Crépuscule ou aube,En agglomération,Hors intersection,Temps couvert,Sans collision,,,,,,,,,,,2,2,1,8.0,7.0
201100024073,0011-02-10 08:05:00,11,2,10,8,5,220,278,Bd Charner/Gare,48.50794,-2.76431,Crépuscule ou aube,En agglomération,Giratoire,Normale,Deux véhicules - côté,,,,,,,,,,,2,2,6,1.0,3.0
201100024074,0011-02-13 12:10:00,11,2,13,12,10,220,278,10 RUE PAUL FEVAL,48.51664,-2.7736,Plein jour,En agglomération,Hors intersection,Temps couvert,Sans collision,,,,,,,,,,,1,2,1,8.0,7.0
201100024075,0011-02-14 08:55:00,11,2,14,8,55,220,360,R ATLANTIQUE/QUERE,48.47668,-2.74057,Plein jour,Hors agglomération,Intersection en T,Temps éblouissant,Deux véhicules - côté,,,,,,,,,,,1,1,3,7.0,3.0
201100024076,0011-02-20 14:45:00,11,2,20,14,45,220,278,61 rue des ligneries,48.52513,-2.73415,Plein jour,En agglomération,Hors intersection,Normale,Autre collision,,,,,,,,,,,1,2,1,1.0,6.0
201100024077,0011-03-07 12:09:00,11,3,7,12,9,220,278,7 RUE ABBE GARNIER,48.50591,-2.7613,Plein jour,En agglomération,Hors intersection,Normale,Autre collision,,,,,,,,,,,1,2,1,1.0,6.0
201100024078,0011-03-08 16:44:00,11,3,8,16,44,220,278,RUE DE LA GRILLE,48.5152,-2.76312,Plein jour,En agglomération,Giratoire,Normale,Autre collision,,,,,,,,,,,1,2,6,1.0,6.0
201100024079,0011-03-11 14:30:00,11,3,11,14,30,220,278,2 ALLEE DES PROMENADES,48.51293,-2.75947,Plein jour,En agglomération,Hors intersection,Normale,Autre collision,,,,,,,,,,,1,2,1,1.0,6.0
201100024080,0011-03-12 06:35:00,11,3,12,6,35,220,215,40 RUE DU FROS,48.50354,-2.80316,Nuit sans éclairage public,En agglomération,Intersection en T,Normale,Trois véhicules et plus - collisions multiples,,,,,,,,,,,3,2,3,1.0,5.0
201100024081,0011-03-13 08:15:00,11,3,13,8,15,220,360,RUE DE SAINT RIVILY,48.48881,-2.76274,Plein jour,Hors agglomération,Giratoire,Normale,Sans collision,,,,,,,,,,,1,1,6,1.0,7.0
201100024082,0011-03-16 17:05:00,11,3,16,17,5,220,278,15 RUE P. LE GORREC,48.51259,-2.76159,Plein jour,En agglomération,Hors intersection,Normale,Autre collision,,,,,,,,,,,1,2,1,1.0,6.0
201100024083,0011-03-17 16:40:00,11,3,17,16,40,220,360,RN 12,48.48282,-2.69444,Plein jour,Hors agglomération,Hors intersection,Normale,Sans collision,,,,,,,,,,,1,1,1,1.0,7.0
201100024084,0011-03-20 05:30:00,11,3,20,5,30,220,278,Avenue G. POMPIDOU,48.5211,-2.74846,Nuit sans éclairage public,Hors agglomération,Hors intersection,Normale,Autre collision,,,,,,,,,,,3,1,1,1.0,6.0
201100024085,0011-03-18 18:35:00,11,3,18,18,35,220,360,21 rue de la lande,48.48318,-2.71339,Plein jour,Hors agglomération,Hors intersection,Pluie légère,Sans collision,,,,,,,,,,,1,1,1,2.0,7.0
201100024086,0011-03-19 18:10:00,11,3,19,18,10,220,215,"22, RUE VILLES MOISAN",48.49532,-2.77575,Crépuscule ou aube,En agglomération,Hors intersection,Normale,Sans collision,,,,,,,,,,,2,2,1,1.0,7.0
201100024087,0011-03-21 13:45:00,11,3,21,13,45,220,278,Bd WALDECK ROUSSEAU,48.50982,-2.75718,Plein jour,En agglomération,Hors intersection,Normale,Trois véhicules et plus - collisions multiples,,,,,,,,,,,1,2,1,1.0,5.0
201100024088,0011-03-22 14:30:00,11,3,22,14,30,220,278,45 RUE DE LUZEL,48.50501,-2.77587,Plein jour,En agglomération,Hors intersection,Normale,Sans collision,,,,,,,,,,,1,2,1,1.0,7.0
201100024089,0011-03-22 20:45:00,11,3,22,20,45,220,278,RUES PARIS/MONGE,48.50257,-2.73797,Nuit avec éclairage allumé,En agglomération,Intersection en X,Normale,Deux véhicules - côté,,,,,,,,,,,5,2,2,1.0,3.0
201100024090,0011-03-23 18:00:00,11,3,23,18,0,220,278,CHEMIN DE L'EGLISE,48.5276,-2.73098,Plein jour,En agglomération,Hors intersection,Normale,Sans collision,,,,,,,,,,,1,2,1,1.0,7.0
201100024091,0011-03-28 17:30:00,11,3,28,17,30,220,278,Bd DE LA COMMUNE,48.51567,-2.75364,Plein jour,En agglomération,Hors intersection,Normale,Autre collision,,,,,,,,,,,1,2,1,1.0,6.0
201100024092,0011-03-29 16:30:00,11,3,29,16,30,220,278,"3-5, PLACE DE LA CITE",48.51417,-2.74074,Plein jour,En agglomération,Hors intersection,Normale,Autre collision,,,,,,,,,,,1,2,1,1.0,6.0
201100024093,0011-04-04 07:33:00,11,4,4,7,33,220,278,39 Bd Charner,48.50861,-2.77094,Crépuscule ou aube,En agglomération,Hors intersection,Normale,Autre collision,,,,,,,,,,,2,2,1,1.0,6.0
201100024094,0011-04-05 22:40:00,11,4,5,22,40,220,278,RUE DE PARIS/DOUVENANT,48.50256,-2.73793,Nuit avec éclairage allumé,En agglomération,Intersection en X,Normale,Deux véhicules - côté,,,,,,,,,,,5,2,2,1.0,3.0
201100024095,0011-04-07 17:45:00,11,4,7,17,45,220,278,Bd CLEMENCEAU/KLEBER,48.50821,-2.76038,Plein jour,En agglomération,Intersection en T,Normale,Deux véhicules - côté,,,,,,,,,,,1,2,3,1.0,3.0
201100024096,0011-04-07 19:05:00,11,4,7,19,5,220,215,RUE DU PONT DES ISLES,48.52303,-2.81917,Plein jour,Hors agglomération,Hors intersection,Normale,Deux véhicules - arrière,,,,,,,,,,,1,1,1,1.0,2.0
201100024097,0011-04-09 16:40:00,11,4,9,16,40,220,215,R PONT NOIR/Pte VILLEMAI,48.48782,-2.82498,Plein jour,Hors agglomération,Intersection en T,Normale,Deux véhicules - côté,,,,,,,,,,,1,1,3,1.0,3.0
201100024098,0011-04-09 19:05:00,11,4,9,19,5,220,215,RUE DU 14 JUILLET 1789,48.50046,-2.78159,Crépuscule ou aube,En agglomération,Hors intersection,Normale,Sans collision,,,,,,,,,,,2,2,1,1.0,7.0
201100024099,0011-04-12 17:25:00,11,4,12,17,25,220,278,207 Bd ATLANTIQUE,48.51795,-2.80858,Plein jour,Hors agglomération,Hors intersection,Normale,Sans collision,,,,,,,,,,,1,1,1,1.0,7.0
201100024100,0011-04-12 17:00:00,11,4,12,17,0,220,360,Rd Pt BREZILLET,48.49333,-2.76147,Plein jour,En agglomération,Giratoire,Normale,Deux véhicules - côté,,,,,,,,,,,1,2,6,1.0,3.0
201100024101,0011-04-13 12:25:00,11,4,13,12,25,220,278,PLACE DU 8 MAI 1945,48.51219,-2.75528,Plein jour,En agglomération,Giratoire,Normale,Sans collision,,,,,,,,,,,1,2,6,1.0,7.0
201100024102,0011-04-13 12:20:00,11,4,13,12,20,220,278,RUE ROBERT KOCH,48.5052,-2.7816,Plein jour,En agglomération,Hors intersection,Normale,Deux véhicules - côté,,,,,,,,,,,1,2,1,1.0,3.0
201100024103,0011-04-19 08:30:00,11,4,19,8,30,220,278,Bd WALDECK ROUSSEAU,48.5075,-2.76041,Plein jour,En agglomération,Hors intersection,Normale,Autre collision,,,,,,,,,,,1,2,1,1.0,6.0
201100024104,0011-04-19 20:10:00,11,4,19,20,10,220,215,6 RUE D'ARGOAT,48.49056,-2.79754,Crépuscule ou aube,En agglomération,Hors intersection,Normale,Autre collision,,,,,,,,,,,2,2,1,1.0,6.0
201100024105,0011-04-20 17:00:00,11,4,20,17,0,220,278,RUE VERCEL/MINQUIERS,48.52389,-2.73391,Plein jour,En agglomération,Intersection en T,Normale,Deux véhicules - côté,,,,,,,,,,,1,2,3,1.0,3.0
201100024106,0011-04-22 08:40:00,11,4,22,8,40,220,215,RUE DU PONT NOIR,48.48934,-2.83702,Plein jour,Hors agglomération,Hors intersection,Temps couvert,Deux véhicules - côté,,,,,,,,,,,1,1,1,8.0,3.0
201100024107,0011-04-23 14:15:00,11,4,23,14,15,220,278,9 RUE DE BREST,48.51199,-2.76692,Plein jour,En agglomération,Hors intersection,Normale,Deux véhicules - arrière,,,,,,,,,,,1,2,1,1.0,2.0
201100024108,0011-04-25 02:50:00,11,4,25,2,50,220,215,"34,RUE DE LA LOGE",48.47188,-2.80156,Nuit avec éclairage allumé,En agglomération,Giratoire,Normale,Autre collision,,,,,,,,,,,5,2,6,1.0,6.0
201100024109,0011-04-25 18:25:00,11,4,25,18,25,220,278,Rd Pt de l'Aurore,48.51306,-2.73844,Plein jour,En agglomération,Giratoire,Normale,Deux véhicules - côté,,,,,,,,,,,1,2,6,1.0,3.0
201100024110,0011-04-25 20:40:00,11,4,25,20,40,220,278,Bd SEVIGNE,48.51245,-2.75541,Crépuscule ou aube,En agglomération,Giratoire,Normale,Autre collision,,,,,,,,,,,2,2,6,1.0,6.0
201100024111,0011-04-26 17:30:00,11,4,26,17,30,220,278,Rue P SEMARD/Bd CARNOT,48.50706,-2.77215,Plein jour,En agglomération,Intersection en Y,Normale,Deux véhicules - côté,,,,,,,,,,,1,2,4,1.0,3.0
201100024112,0011-04-28 19:15:00,11,4,28,19,15,220,278,Bd de la Mer,48.51896,-2.74757,Plein jour,Hors agglomération,Hors intersection,Normale,Sans collision,,,,,,,,,,,1,1,1,1.0,7.0
201100024113,0011-04-29 03:05:00,11,4,29,3,5,220,278,61 Bd LAENNEC,48.5121,-2.77526,Nuit avec éclairage allumé,En agglomération,Hors intersection,Normale,Sans collision,,,,,,,,,,,5,2,1,1.0,7.0
201100024114,0011-04-30 19:10:00,11,4,30,19,10,220,278,RUES T. RIBOT/J.NICOLAS,48.51737,-2.77928,Plein jour,En agglomération,Intersection en X,Normale,Deux véhicules - arrière,,,,,,,,,,,1,2,2,1.0,2.0
201100024115,0011-04-29 17:55:00,11,4,29,17,55,220,278,PLACE DU MARTRAY,48.51439,-2.7638,Plein jour,En agglomération,Place,Normale,Autre collision,,,,,,,,,,,1,2,7,1.0,6.0
201100024116,0011-05-04 13:55:00,11,5,4,13,55,220,278,STVINCENT DE PAUL/FOCH,48.51544,-2.7601,Plein jour,En agglomération,Intersection en T,Normale,Deux véhicules - arrière,,,,,,,,,,,1,2,3,1.0,2.0
201100024117,0011-05-04 19:35:00,11,5,4,19,35,220,106,RUE JOLIOT CURIE,48.49846,-2.72298,Plein jour,En agglomération,Hors intersection,Normale,Deux véhicules - arrière,,,,,,,,,,,1,2,1,1.0,2.0
201100024118,0011-05-05 23:15:00,11,5,5,23,15,220,278,"54, 71? RI (DU)",,,Nuit avec éclairage allumé,En agglomération,Hors intersection,Normale,Deux véhicules - côté,,,,,,,,,,,5,2,1,1.0,3.0
201100024119,0011-05-09 22:00:00,11,5,9,22,0,220,215,Rue des Quartiers,48.49706,-2.7914,Nuit avec éclairage allumé,En agglomération,Intersection en T,Normale,Sans collision,,,,,,,,,,,5,2,3,1.0,7.0
201100024120,0011-05-10 15:25:00,11,5,10,15,25,220,278,RUE DE LA TOUR,48.52238,-2.72864,Plein jour,En agglomération,Hors intersection,Normale,Autre collision,,,,,,,,,,,1,2,1,1.0,6.0
201100024121,0011-05-12 21:15:00,11,5,12,21,15,220,106,32 RUE DE RENNES,48.49482,-2.71552,Crépuscule ou aube,En agglomération,Hors intersection,Temps éblouissant,Sans collision,,,,,,,,,,,2,2,1,7.0,7.0
201100024122,0011-05-13 20:25:00,11,5,13,20,25,220,278,"40Bd, CLEMENCEAU",48.50807,-2.76039,Crépuscule ou aube,En agglomération,Giratoire,Normale,Autre collision,,,,,,,,,,,2,2,6,1.0,6.0
201100024123,0011-05-18 13:00:00,11,5,18,13,0,220,215,RUE DU PONT NOIR,48.48686,-2.82859,Plein jour,Hors agglomération,Hors intersection,Normale,Sans collision,,,,,,,,,,,1,1,1,1.0,7.0
201100024124,0011-05-21 11:20:00,11,5,21,11,20,220,360,RUE JUNGUENAY/LECLERC,48.49369,-2.73621,Plein jour,Hors agglomération,Intersection en X,Normale,Deux véhicules - côté,,,,,,,,,,,1,1,2,1.0,3.0
201100024125,0011-05-23 18:00:00,11,5,23,18,0,220,278,Avenue de la LIBERATION,48.51124,-2.75849,Plein jour,En agglomération,Hors intersection,Normale,Trois véhicules et plus - en chaîne,,,,,,,,,,,1,2,1,1.0,4.0
201100024126,0011-05-24 14:40:00,11,5,24,14,40,220,278,R. Marcel PROUST/PASTEUR,48.48777,-2.74507,Plein jour,En agglomération,Intersection en X,Normale,Deux véhicules - côté,,,,,,,,,,,1,2,2,1.0,3.0
201100024127,0011-05-25 17:35:00,11,5,25,17,35,220,360,RUE DE LA REPUBLIQUE,48.49373,-2.74151,Plein jour,En agglomération,Hors intersection,Normale,Trois véhicules et plus - en chaîne,,,,,,,,,,,1,2,1,1.0,4.0
201100024128,0011-05-30 16:10:00,11,5,30,16,10,220,278,Rue de ROCHE GAUTHIER,48.49753,-2.75286,Plein jour,En agglomération,Giratoire,Pluie légère,Autre collision,,,,,,,,,,,1,2,6,2.0,6.0
201100024129,0011-06-01 18:00:00,11,6,1,18,0,220,278,Avenue G.POMPIDOU,48.52342,-2.7501,Plein jour,Hors agglomération,Hors intersection,Normale,Trois véhicules et plus - en chaîne,,,,,,,,,,,1,1,1,1.0,4.0
201100024130,0011-06-02 10:15:00,11,6,2,10,15,220,278,3 RUE DE BREST,48.51188,-2.76622,Plein jour,En agglomération,Giratoire,Normale,Autre collision,,,,,,,,,,,1,2,6,1.0,6.0
201100024131,0011-06-03 16:20:00,11,6,3,16,20,220,360,RUE DES VALLEES,48.48178,-2.69358,Plein jour,En agglomération,Intersection en Y,Normale,Deux véhicules - côté,,,,,,,,,,,1,2,4,1.0,3.0
201100024132,0011-06-03 16:45:00,11,6,3,16,45,220,278,RUE AMPERE/LE VERRIER,48.50306,-2.73723,Plein jour,En agglomération,Intersection en T,Normale,Deux véhicules - côté,,,,,,,,,,,1,2,3,1.0,3.0
201100024133,0011-06-04 12:25:00,11,6,4,12,25,220,215,RUE DU 14 JUILLET 1789,48.50104,-2.78016,Plein jour,En agglomération,Hors intersection,Normale,Autre collision,,,,,,,,,,,1,2,1,1.0,6.0
201100024134,0011-06-04 22:30:00,11,6,4,22,30,220,106,RN 12,48.48704,-2.71804,Nuit sans éclairage public,Hors agglomération,Hors intersection,Normale,Sans collision,,,,,,,,,,,3,1,1,1.0,7.0
201100024135,0011-06-06 14:35:00,11,6,6,14,35,220,278,RUE T. RIBOT/EIFFEL,48.51735,-2.77851,Plein jour,En agglomération,Intersection en X,Pluie légère,Deux véhicules - côté,,,,,,,,,,,1,2,2,2.0,3.0
201100024136,0011-06-07 08:35:00,11,6,7,8,35,220,360,EPINE BLANCHE /REPUBLIQU,48.49246,-2.73926,Plein jour,En agglomération,Giratoire,Normale,Deux véhicules - côté,,,,,,,,,,,1,2,6,1.0,3.0
201100024137,0011-06-08 17:26:00,11,6,8,17,26,220,278,RUE LUZEL,48.507,-2.77225,Plein jour,En agglomération,Intersection en Y,Normale,Deux véhicules - côté,,,,,,,,,,,1,2,4,1.0,3.0
201100024138,0011-06-10 08:55:00,11,6,10,8,55,220,278,AVENUE DE FRANCE,48.50921,-2.73844,Plein jour,Hors agglomération,Hors intersection,Normale,Trois véhicules et plus - collisions multiples,,,,,,,,,,,1,1,1,1.0,5.0
201100024139,0011-06-10 10:15:00,11,6,10,10,15,220,278,Bd SEVIGNE,48.5125,-2.75532,Plein jour,En agglomération,Hors intersection,Normale,Sans collision,,,,,,,,,,,1,2,1,1.0,7.0