accident_id,datetime,annee,mois,jour,heure,minute,departement,commune_insee,adresse,latitude,longitude,luminosite,agglomeration,intersection,meteo,collision,nb_vehicules,nb_usagers,nb_indemnes,nb_tues,nb_blesses_hosp,nb_blesses_legers,age_cond_1,age_cond_2,veh_type_cond_1,veh_type_cond_2,lum_code,agg_code,int_code,atm_code,col_code
201100024140,0011-06-17 18:00:00,11,6,17,18,0,220,278,PLACE ST PIERRE,48.51221,-2.76735,Plein jour,En agglomération,Giratoire,Normale,Sans collision,,,,,,,,,,,1,2,6,1.0,7.0
201100024141,0011-06-19 07:18:00,11,6,19,7,18,220,278,Bd WALDECK ROUSSEAU,48.51033,-2.75684,Plein jour,En agglomération,Giratoire,Normale,Deux véhicules - côté,,,,,,,,,,,1,2,6,1.0,3.0
201100024142,0011-06-17 17:25:00,11,6,17,17,25,220,215,21 RUE DES VILLES MOISAN,48.49618,-2.77473,Plein jour,En agglomération,Hors intersection,Normale,Deux véhicules - arrière,,,,,,,,,,,1,2,1,1.0,2.0
201100024143,0011-06-19 08:15:00,11,6,19,8,15,220,360,RUE DE LA VILLE GROHAN,48.48507,-2.77585,Plein jour,Hors agglomération,Hors intersection,Normale,Sans collision,,,,,,,,,,,1,1,1,1.0,7.0
201100024144,0011-06-21 16:40:00,11,6,21,16,40,220,215,RUE DE FREHEL,48.49033,-2.79522,Plein jour,En agglomération,Hors intersection,Normale,Autre collision,,,,,,,,,,,1,2,1,1.0,6.0
201100024145,0011-06-23 20:25:00,11,6,23,20,25,220,106,RN 12 Bret sortie Carref,48.49684,-2.72467,Crépuscule ou aube,Hors agglomération,Hors intersection,Normale,Sans collision,,,,,,,,,,,2,1,1,1.0,7.0
201100024146,0011-06-24 08:20:00,11,6,24,8,20,220,106,Rue Ht CHEMINS/Chem NOE,48.48576,-2.68377,Plein jour,En agglomération,Intersection en X,Normale,Deux véhicules - côté,,,,,,,,,,,1,2,2,1.0,3.0
201100024147,0011-06-25 11:45:00,11,6,25,11,45,220,106,RN 12,48.49698,-2.72423,Plein jour,Hors agglomération,Hors intersection,Normale,Deux véhicules - arrière,,,,,,,,,,,1,1,1,1.0,2.0
201100024148,0011-06-25 18:45:00,11,6,25,18,45,220,360,RUE DES TUILLERIES,48.48655,-2.75093,Plein jour,En agglomération,Hors intersection,Normale,Sans collision,,,,,,,,,,,1,2,1,1.0,7.0
201100024149,0011-06-28 18:00:00,11,6,28,18,0,220,278,R. HOUVENAGLE/BARATOUX,48.51512,-2.7619,Plein jour,En agglomération,Intersection en T,Normale,Deux véhicules - frontale,,,,,,,,,,,1,2,3,1.0,1.0
201100024150,0011-07-01 15:25:00,11,7,1,15,25,220,278,PLAGE DU VALAIS,48.52661,-2.71741,Plein jour,En agglomération,Hors intersection,Normale,Sans collision,,,,,,,,,,,1,2,1,1.0,7.0
201100024151,0011-07-02 19:15:00,11,7,2,19,15,220,278,RUE J GUESDE/C BOUGLE,48.52087,-2.78581,Plein jour,En agglomération,Intersection en T,Normale,Autre collision,,,,,,,,,,,1,2,3,1.0,6.0
201100024152,0011-07-07 04:50:00,11,7,7,4,50,220,278,RUE BAGOT/CROIX AU CHAT,48.51396,-2.78391,Nuit sans éclairage public,En agglomération,Intersection en Y,Normale,Deux véhicules - côté,,,,,,,,,,,3,2,4,1.0,3.0
201100024153,0011-07-08 18:55:00,11,7,8,18,55,220,278,RUE DU LEGUE,48.52213,-2.76316,Plein jour,En agglomération,Intersection en T,Normale,Deux véhicules - arrière,,,,,,,,,,,1,2,3,1.0,2.0
201100024154,0011-07-11 16:55:00,11,7,11,16,55,220,278,"3, RUE JOLIOT CURIE",48.5062,-2.75144,Plein jour,En agglomération,Hors intersection,Normale,Sans collision,,,,,,,,,,,1,2,1,1.0,7.0
201100024155,0011-07-12 18:45:00,11,7,12,18,45,220,215,1 RUE DU VERGER,48.49472,-2.79637,Plein jour,En agglomération,Intersection en X,Normale,Sans collision,,,,,,,,,,,1,2,2,1.0,7.0
201100024156,0011-07-13 11:25:00,11,7,13,11,25,220,278,13 Bd de l'Atlantique,48.51896,-2.78573,Plein jour,En agglomération,Hors intersection,Normale,Autre collision,,,,,,,,,,,1,2,1,1.0,6.0
201100024157,0011-07-16 14:35:00,11,7,16,14,35,220,106,RUE CHAMP BIGNON/FALIGOT,48.50128,-2.71866,Plein jour,En agglomération,Intersection en X,Normale,Deux véhicules - côté,,,,,,,,,,,1,2,2,1.0,3.0
201100024158,0011-07-19 11:10:00,11,7,19,11,10,220,278,RUE DU 71è RI/VICAIRIE,48.51189,-2.76613,Plein jour,En agglomération,Giratoire,Temps couvert,Deux véhicules - côté,,,,,,,,,,,1,2,6,8.0,3.0
201100024159,0011-07-27 18:22:00,11,7,27,18,22,220,278,Avenue Georges POMPIDOU,48.51323,-2.7425,Plein jour,Hors agglomération,Hors intersection,Normale,Sans collision,,,,,,,,,,,1,1,1,1.0,7.0
201100024160,0011-08-03 20:30:00,11,8,3,20,30,220,278,RUE MONGE/BERTHOLLET,48.50074,-2.74101,Plein jour,En agglomération,Giratoire,Normale,Sans collision,,,,,,,,,,,1,2,6,1.0,7.0
201100024161,0011-08-09 11:20:00,11,8,9,11,20,220,278,Rue Prosper Mérimée,48.49368,-2.76155,Plein jour,En agglomération,Giratoire,Normale,Deux véhicules - arrière,,,,,,,,,,,1,2,6,1.0,2.0
201100024162,0011-08-16 01:00:00,11,8,16,1,0,220,278,"7, RUE DU Dr RAHUEL",48.50705,-2.75043,Nuit avec éclairage allumé,En agglomération,Hors intersection,Normale,Autre collision,,,,,,,,,,,5,2,1,1.0,6.0
201100024163,0011-08-17 12:10:00,11,8,17,12,10,220,278,Avenue G. POMPIDOU,48.51648,-2.74402,Plein jour,Hors agglomération,Hors intersection,Normale,Sans collision,,,,,,,,,,,1,1,1,1.0,7.0
201100024164,0011-08-20 12:55:00,11,8,20,12,55,220,106,RN 12,48.49319,-2.72337,Plein jour,Hors agglomération,Hors intersection,Normale,Sans collision,,,,,,,,,,,1,1,1,1.0,7.0
201100024165,0011-08-23 17:35:00,11,8,23,17,35,220,106,Bretelle RN 12,48.49758,-2.72437,Plein jour,Hors agglomération,Hors intersection,Normale,Deux véhicules - arrière,,,,,,,,,,,1,1,1,1.0,2.0
201100024166,0011-08-30 19:00:00,11,8,30,19,0,220,278,17 RUE ABBE GARNIER,48.50534,-2.76167,Plein jour,En agglomération,Hors intersection,Normale,Deux véhicules - arrière,,,,,,,,,,,1,2,1,1.0,2.0
201100024167,0011-09-02 08:40:00,11,9,2,8,40,220,360,RN 12,48.48256,-2.68881,Plein jour,Hors agglomération,Hors intersection,Normale,Trois véhicules et plus - en chaîne,,,,,,,,,,,1,1,1,1.0,4.0
201100024168,0011-09-03 15:35:00,11,9,3,15,35,220,278,Bd l'Atlantique/C Bouglé,48.51909,-2.78623,Plein jour,En agglomération,Intersection en T,Normale,Deux véhicules - arrière,,,,,,,,,,,1,2,3,1.0,2.0
201100024169,0011-09-01 20:00:00,11,9,1,20,0,220,278,Rd Pt François Mitterand,48.50802,-2.76445,Plein jour,En agglomération,Giratoire,Normale,Deux véhicules - côté,,,,,,,,,,,1,2,6,1.0,3.0
201100024170,0011-09-05 15:00:00,11,9,5,15,0,220,278,RUE DE BERRIEN,48.52636,-2.8132,Plein jour,En agglomération,Hors intersection,Normale,Deux véhicules - côté,,,,,,,,,,,1,2,1,1.0,3.0
201100024171,0011-09-07 17:15:00,11,9,7,17,15,220,278,"48-50,RUE DU 71ème RI",48.51106,-2.76061,Plein jour,En agglomération,Hors intersection,Normale,Trois véhicules et plus - en chaîne,,,,,,,,,,,1,2,1,1.0,4.0
201100024172,0011-09-09 13:10:00,11,9,9,13,10,220,360,RN 12,48.48524,-2.71027,Plein jour,Hors agglomération,Hors intersection,Normale,Sans collision,,,,,,,,,,,1,1,1,1.0,7.0
201100024173,0011-09-09 21:20:00,11,9,9,21,20,220,278,"73, RUE PAUL BERT",48.50532,-2.75488,Nuit avec éclairage allumé,En agglomération,Hors intersection,Normale,Sans collision,,,,,,,,,,,5,2,1,1.0,7.0
201100024174,0011-09-15 12:00:00,11,9,15,12,0,220,278,VIEILLE COTE DE GOUET,48.52261,-2.76447,Plein jour,En agglomération,Hors intersection,Normale,Deux véhicules - côté,,,,,,,,,,,1,2,1,1.0,3.0
201100024175,0011-09-17 18:50:00,11,9,17,18,50,220,106,RUE DES MADIERES/CRUCHON,48.49107,-2.69911,Plein jour,En agglomération,Intersection en T,Normale,Sans collision,,,,,,,,,,,1,2,3,1.0,7.0
201100024176,0011-09-17 13:50:00,11,9,17,13,50,220,278,Rue R GAUTIER/GUEURY,48.49037,-2.75316,Plein jour,En agglomération,Intersection en T,Normale,Deux véhicules - arrière,,,,,,,,,,,1,2,3,1.0,2.0
201100024177,0011-09-17 19:50:00,11,9,17,19,50,220,278,"33, RUE DE QUINTIN",48.51094,-2.76915,Plein jour,En agglomération,Hors intersection,Normale,Deux véhicules - arrière,,,,,,,,,,,1,2,1,1.0,2.0
201100024178,0011-09-17 20:05:00,11,9,17,20,5,220,278,Bd SEVIGNE,48.51473,-2.75227,Plein jour,En agglomération,Hors intersection,Autre,Sans collision,,,,,,,,,,,1,2,1,9.0,7.0
201100024179,0011-09-19 12:40:00,11,9,19,12,40,220,278,RUE ROCHE JANO/Parking,48.51396,-2.73615,Plein jour,En agglomération,Intersection en T,Normale,Deux véhicules - côté,,,,,,,,,,,1,2,3,1.0,3.0
201100024180,0011-09-23 12:15:00,11,9,23,12,15,220,278,Bd W. ROUSSEAU/Parking I,48.50789,-2.759,Plein jour,En agglomération,Intersection en T,Normale,Deux véhicules - côté,,,,,,,,,,,1,2,3,1.0,3.0
201100024181,0011-09-25 16:00:00,11,9,25,16,0,220,278,RUE ABBE VALLEE,48.51645,-2.76143,Plein jour,En agglomération,Hors intersection,Normale,Deux véhicules - arrière,,,,,,,,,,,1,2,1,1.0,2.0
201100024182,0011-09-22 13:50:00,11,9,22,13,50,220,278,Place du 8 Mai,48.51221,-2.7554,Plein jour,En agglomération,Giratoire,Normale,Deux véhicules - arrière,,,,,,,,,,,1,2,6,1.0,2.0
201100024183,0011-09-27 20:15:00,11,9,27,20,15,220,278,"0, MONGE",,,Plein jour,En agglomération,Giratoire,Normale,Sans collision,,,,,,,,,,,1,2,6,1.0,7.0
201100024184,0011-09-28 15:50:00,11,9,28,15,50,220,278,4 RUE HOUVENAGLE,48.51513,-2.76285,Plein jour,En agglomération,Hors intersection,Normale,Autre collision,,,,,,,,,,,1,2,1,1.0,6.0
201100024185,0011-09-29 07:45:00,11,9,29,7,45,220,278,10 Bd de l'Atlantique,48.51909,-2.78615,Crépuscule ou aube,En agglomération,Hors intersection,Normale,Autre collision,,,,,,,,,,,2,2,1,1.0,6.0
201100024186,0011-10-04 18:30:00,11,10,4,18,30,220,360,"0, BOCAGE (RUE DU)",,,Plein jour,Hors agglomération,Hors intersection,Normale,Sans collision,,,,,,,,,,,1,1,1,1.0,7.0
201100024187,0011-10-06 08:20:00,11,10,6,8,20,220,278,"47, Bd LAENNEC",48.51151,-2.77477,Crépuscule ou aube,En agglomération,Hors intersection,Pluie légère,Autre collision,,,,,,,,,,,2,2,1,2.0,6.0
201100024188,0011-10-18 18:40:00,11,10,18,18,40,220,215,Place des Abers,48.49064,-2.7972,Nuit avec éclairage allumé,En agglomération,Hors intersection,Normale,Autre collision,,,,,,,,,,,5,2,1,1.0,6.0
201100024189,0011-10-19 10:50:00,11,10,19,10,50,220,278,Parking CH Y. LE FOLL,48.49386,-2.75071,Plein jour,En agglomération,Hors intersection,Normale,Deux véhicules - côté,,,,,,,,,,,1,2,1,1.0,3.0
201100024190,0011-10-21 07:50:00,11,10,21,7,50,220,278,76 RUE BAGOT,48.51333,-2.78162,Nuit avec éclairage allumé,En agglomération,Hors intersection,Normale,Deux véhicules - côté,,,,,,,,,,,5,2,1,1.0,3.0
201100024191,0011-10-24 18:25:00,11,10,24,18,25,220,360,RUE DES VALLEES,48.48295,-2.68937,Plein jour,En agglomération,Intersection en T,Normale,Deux véhicules - côté,,,,,,,,,,,1,2,3,1.0,3.0
201100024192,0011-10-24 16:50:00,11,10,24,16,50,220,278,RUE PROUST/PASTEUR,48.48782,-2.74512,Plein jour,En agglomération,Intersection en X,Normale,Deux véhicules - côté,,,,,,,,,,,1,2,2,1.0,3.0
201100024193,0011-10-25 14:45:00,11,10,25,14,45,220,278,48 RUE DU 71ème RI,48.51107,-2.76083,Plein jour,En agglomération,Hors intersection,Normale,Deux véhicules - arrière,,,,,,,,,,,1,2,1,1.0,2.0
201100024194,0011-10-27 10:55:00,11,10,27,10,55,220,360,RUE VERDUN/Petit BOIS,48.48404,-2.72006,Plein jour,En agglomération,Giratoire,Normale,Deux véhicules - côté,,,,,,,,,,,1,2,6,1.0,3.0
201100024195,0011-11-08 07:30:00,11,11,8,7,30,220,278,RUE Antoine MAZIER,48.51409,-2.74226,Nuit avec éclairage allumé,En agglomération,Intersection en X,Pluie légère,Autre collision,,,,,,,,,,,5,2,2,2.0,6.0
201100024196,0011-11-09 16:25:00,11,11,9,16,25,220,278,RUE THEODULE RIBOT,48.51792,-2.78065,Plein jour,En agglomération,Hors intersection,Normale,Deux véhicules - arrière,,,,,,,,,,,1,2,1,1.0,2.0
201100024197,0011-11-13 19:50:00,11,11,13,19,50,220,106,RUE JULES VERNE,48.49656,-2.72714,Nuit avec éclairage allumé,En agglomération,Giratoire,Normale,Sans collision,,,,,,,,,,,5,2,6,1.0,7.0
201100024198,0011-11-16 00:40:00,11,11,16,0,40,220,215,Av de BRETAGNE/Calvaire,48.49249,-2.79177,Nuit avec éclairage allumé,En agglomération,Intersection en X,Normale,Sans collision,,,,,,,,,,,5,2,2,1.0,7.0
201100024199,0011-11-18 14:00:00,11,11,18,14,0,220,278,RUE ABBE GARNIER,48.50689,-2.76089,Plein jour,En agglomération,Hors intersection,Normale,Autre collision,,,,,,,,,,,1,2,1,1.0,6.0
201100024200,0011-11-21 09:00:00,11,11,21,9,0,220,278,"29, RUE DE L'ONDINE",48.50352,-2.7704,Plein jour,En agglomération,Hors intersection,Normale,Deux véhicules - frontale,,,,,,,,,,,1,2,1,1.0,1.0
201100024201,0011-11-21 17:05:00,11,11,21,17,5,220,360,Rue REPUBLIQUE/FILLEULS,48.49013,-2.73761,Nuit avec éclairage allumé,En agglomération,Intersection en X,Pluie légère,Sans collision,,,,,,,,,,,5,2,2,2.0,7.0
201100024202,0011-11-22 13:15:00,11,11,22,13,15,220,360,38 RUE DU CREAC'H,48.46873,-2.76462,Plein jour,En agglomération,Intersection en T,Pluie légère,Deux véhicules - arrière,,,,,,,,,,,1,2,3,2.0,2.0
201100024203,0011-11-23 14:35:00,11,11,23,14,35,220,215,RUE DU PONT NOIR,48.48969,-2.8408,Plein jour,Hors agglomération,Intersection en T,Normale,Deux véhicules - côté,,,,,,,,,,,1,1,3,1.0,3.0
201100024204,0011-11-25 16:30:00,11,11,25,16,30,220,106,Parking LEROY MERLIN,48.49777,-2.72917,Plein jour,Hors agglomération,Hors intersection,Normale,Autre collision,,,,,,,,,,,1,1,1,1.0,6.0
201100024205,0011-11-29 08:35:00,11,11,29,8,35,220,278,RUE AMPERE,48.50393,-2.73591,Crépuscule ou aube,En agglomération,Hors intersection,Normale,Deux véhicules - arrière,,,,,,,,,,,2,2,1,1.0,2.0
201100024206,0011-12-02 07:40:00,11,12,2,7,40,220,278,18Bd  CHARNER,48.50795,-2.76435,Nuit avec éclairage allumé,En agglomération,Giratoire,Normale,Autre collision,,,,,,,,,,,5,2,6,1.0,6.0
201100024207,0011-12-02 14:45:00,11,12,2,14,45,220,106,RUE AMBROISE PARE,48.49787,-2.73093,Plein jour,Hors agglomération,Hors intersection,Normale,Deux véhicules - côté,,,,,,,,,,,1,1,1,1.0,3.0
201100024208,0011-12-02 20:05:00,11,12,2,20,5,220,278,"60, RUE DU DR RAHUEL",48.50614,-2.74678,Nuit avec éclairage allumé,En agglomération,Hors intersection,Normale,Sans collision,,,,,,,,,,,5,2,1,1.0,7.0
201100024209,0011-12-06 14:40:00,11,12,6,14,40,220,278,Bd Charner/Parking SNCF,48.50834,-2.76866,Plein jour,En agglomération,Intersection en T,Pluie légère,Deux véhicules - arrière,,,,,,,,,,,1,2,3,2.0,2.0
201100024210,0011-12-11 16:25:00,11,12,11,16,25,220,106,RUE JULES VERNE,48.49652,-2.7355,Plein jour,En agglomération,Intersection en Y,Pluie légère,Sans collision,,,,,,,,,,,1,2,4,2.0,7.0
201100024211,0011-12-12 09:40:00,11,12,12,9,40,220,278,Bd Edouard Prigent,48.50882,-2.77228,Plein jour,En agglomération,Hors intersection,Normale,Sans collision,,,,,,,,,,,1,2,1,1.0,7.0
201100024212,0011-12-15 16:50:00,11,12,15,16,50,220,360,ALLEE ST EXUPERY,48.48983,-2.73816,Plein jour,En agglomération,Hors intersection,Normale,Sans collision,,,,,,,,,,,1,2,1,1.0,7.0
201100024213,0011-12-13 12:00:00,11,12,13,12,0,220,278,RUE CHAPTAL,48.50569,-2.73304,Plein jour,En agglomération,Giratoire,Pluie forte,Autre collision,,,,,,,,,,,1,2,6,3.0,6.0
201100024214,0011-12-16 12:25:00,11,12,16,12,25,220,215,RUE DU PONT NOIR,48.48985,-2.84357,Plein jour,Hors agglomération,Hors intersection,Normale,Trois véhicules et plus - en chaîne,,,,,,,,,,,1,1,1,1.0,4.0
201100024215,0011-12-17 23:40:00,11,12,17,23,40,220,278,Rd Pt PABLO NERUDA,48.5191,-2.7919,Nuit avec éclairage allumé,En agglomération,Giratoire,Pluie légère,Deux véhicules - frontale,,,,,,,,,,,5,2,6,2.0,1.0
201100024216,0011-12-17 10:00:00,11,12,17,10,0,220,278,Parking rue Champlain,48.52189,-2.73239,Plein jour,En agglomération,Hors intersection,Pluie légère,Deux véhicules - côté,,,,,,,,,,,1,2,1,2.0,3.0
201100024217,0011-12-17 11:40:00,11,12,17,11,40,220,278,Bd de la Chalotais,48.51278,-2.75555,Plein jour,En agglomération,Intersection en Y,Normale,Deux véhicules - arrière,,,,,,,,,,,1,2,4,1.0,2.0
201100024218,0011-12-19 18:30:00,11,12,19,18,30,220,360,RUE DE VERDUN,48.48487,-2.71613,Nuit avec éclairage non allumé,Hors agglomération,Hors intersection,Pluie légère,Sans collision,,,,,,,,,,,4,1,1,2.0,7.0
201100024219,0011-12-21 12:20:00,11,12,21,12,20,220,278,RUE 71ème Rég d'Infanter,48.51151,-2.76446,Plein jour,En agglomération,Hors intersection,Pluie légère,Autre collision,,,,,,,,,,,1,2,1,2.0,6.0
201100024220,0011-12-23 16:50:00,11,12,23,16,50,220,278,RUE 71ème Rég. Infanteri,48.51118,-2.76242,Plein jour,En agglomération,Giratoire,Normale,Autre collision,,,,,,,,,,,1,2,6,1.0,6.0
201100024221,0011-12-27 18:05:00,11,12,27,18,5,220,106,RUE LAENNEC,48.49639,-2.72497,Nuit avec éclairage allumé,En agglomération,Hors intersection,Normale,Autre collision,,,,,,,,,,,5,2,1,1.0,6.0
201100024222,0011-12-28 09:40:00,11,12,28,9,40,220,278,RUE RIBOT/EIFFEL,48.51725,-2.7783,Plein jour,En agglomération,Intersection en X,Normale,Autre collision,,,,,,,,,,,1,2,2,1.0,6.0
201100024223,0011-01-10 12:45:00,11,1,10,12,45,230,96,"23, BONNYAUD (PLACE)",,,Plein jour,En agglomération,Hors intersection,Normale,Deux véhicules - côté,,,,,,,,,,,1,2,1,1.0,3.0
201100024224,0011-02-16 12:15:00,11,2,16,12,15,230,96,GANE (ROND POINT DE LA),,,Plein jour,En agglomération,Giratoire,Normale,Autre collision,,,,,,,,,,,1,2,6,1.0,6.0
201100024225,0011-03-20 19:15:00,11,3,20,19,15,230,96,MENDES FRANCE (AVENUE),,,Crépuscule ou aube,En agglomération,Hors intersection,Normale,Deux véhicules - frontale,,,,,,,,,,,2,2,1,1.0,1.0
201100024226,0011-04-05 15:43:00,11,4,5,15,43,230,96,"100, LIMOUSIN (AVENUE DU",,,Plein jour,En agglomération,Hors intersection,Normale,Sans collision,,,,,,,,,,,1,2,1,1.0,7.0
201100024227,0011-04-22 10:55:00,11,4,22,10,55,230,96,CHARLES DE GAULLE (AVENU,,,Plein jour,En agglomération,Intersection en X,Normale,Deux véhicules - côté,,,,,,,,,,,1,2,2,1.0,3.0
201100024228,0011-06-11 20:45:00,11,6,11,20,45,230,96,"1, PASTEUR (AVENUE)",,,Crépuscule ou aube,En agglomération,Hors intersection,Normale,Deux véhicules - côté,,,,,,,,,,,2,2,1,1.0,3.0
201100024229,0011-06-21 10:05:00,11,6,21,10,5,230,96,"02 bis, ROCHEFORT (RUE D",,,Plein jour,En agglomération,Hors intersection,Normale,Sans collision,,,,,,,,,,,1,2,1,1.0,7.0
201100024230,0011-06-23 17:10:00,11,6,23,17,10,230,96,"12, FAYOLLE (Route de)",,,Plein jour,Hors agglomération,Hors intersection,Pluie légère,Autre collision,,,,,,,,,,,1,1,1,2.0,6.0
201100024231,0011-08-02 18:30:00,11,8,2,18,30,230,96,940 (ROUTE DEPARTEMENTAL,,,Plein jour,Hors agglomération,Intersection en T,Normale,Deux véhicules - côté,,,,,,,,,,,1,1,3,1.0,3.0
201100024232,0011-09-10 18:45:00,11,9,10,18,45,230,96,AUVERGNE (AVENUE),,,Plein jour,Hors agglomération,Hors intersection,Normale,Deux véhicules - côté,,,,,,,,,,,1,1,1,1.0,3.0
201100024233,0011-09-21 14:20:00,11,9,21,14,20,230,96,940 (ROUTE DEPARTEMENTAL,,,Plein jour,Hors agglomération,Hors intersection,Normale,Deux véhicules - côté,,,,,,,,,,,1,1,1,1.0,3.0
201100024234,0011-11-03 17:45:00,11,11,3,17,45,230,96,"0, COURTILLE (ROUTE DE)",,,Nuit avec éclairage allumé,En agglomération,Hors intersection,Pluie légère,Deux véhicules - côté,,,,,,,,,,,5,2,1,2.0,3.0
201100024235,0011-11-15 09:00:00,11,11,15,9,0,230,96,"1, MENDES FRANCE (AVENUE",,,Plein jour,En agglomération,Hors intersection,Normale,Autre collision,,,,,,,,,,,1,2,1,1.0,6.0
201100024236,0011-12-20 18:35:00,11,12,20,18,35,230,96,"86, POITOU (AVENUE DU)",,,Nuit sans éclairage public,En agglomération,Intersection en T,Normale,Deux véhicules - côté,,,,,,,,,,,3,2,3,1.0,3.0
201100024237,0011-03-24 17:30:00,11,3,24,17,30,240,181,,44.257,0.724,Plein jour,Hors agglomération,Hors intersection,Normale,Deux véhicules - côté,,,,,,,,,,,1,1,1,1.0,3.0
201100024238,0011-03-25 17:00:00,11,3,25,17,0,240,167,ROUTE D EYMET,44.678,0.405,Plein jour,En agglomération,Hors intersection,Normale,Deux véhicules - arrière,,,,,,,,,,,1,2,1,1.0,2.0
201100024239,0011-03-15 07:45:00,11,3,15,7,45,240,274,,44.812,0.474,Plein jour,Hors agglomération,Intersection en X,Normale,Trois véhicules et plus - collisions multiples,,,,,,,,,,,1,1,2,1.0,5.0
201100024240,0011-04-18 14:00:00,11,4,18,14,0,240,167,,,,Plein jour,Hors agglomération,Hors intersection,Normale,Deux véhicules - côté,,,,,,,,,,,1,1,1,1.0,3.0
201100024241,0011-05-22 09:45:00,11,5,22,9,45,240,276,,,,Plein jour,Hors agglomération,Hors intersection,Normale,Deux véhicules - frontale,,,,,,,,,,,1,1,1,1.0,1.0
201100024242,0011-06-02 20:00:00,11,6,2,20,0,240,276,,44.772,0.325,Plein jour,Hors agglomération,Hors intersection,Normale,Autre collision,,,,,,,,,,,1,1,1,1.0,6.0
201100024243,0011-06-07 15:30:00,11,6,7,15,30,240,126,,44.78,0.53,Plein jour,Hors agglomération,Intersection en X,Pluie forte,Autre collision,,,,,,,,,,,1,1,2,3.0,6.0
201100024244,0011-06-13 22:45:00,11,6,13,22,45,240,549,,44.234,0.605,Nuit sans éclairage public,Hors agglomération,Hors intersection,Normale,Autre collision,,,,,,,,,,,3,1,1,1.0,6.0
201100024245,0011-08-03 18:45:00,11,8,3,18,45,240,274,,,,Plein jour,Hors agglomération,Hors intersection,Normale,Autre collision,,,,,,,,,,,1,1,1,1.0,6.0
201100024246,0011-10-25 11:30:00,11,10,25,11,30,240,181,,44.257,0.724,Plein jour,Hors agglomération,Intersection en X,Normale,Deux véhicules - frontale,,,,,,,,,,,1,1,2,1.0,1.0
201100024247,0011-08-29 16:30:00,11,8,29,16,30,240,212,Lieu dit l'ancienne gare,44.731,0.599,Plein jour,En agglomération,Hors intersection,Normale,Deux véhicules - côté,,,,,,,,,,,1,2,1,1.0,3.0
201100024248,0011-09-22 00:01:00,11,9,22,0,1,240,167,,44.714,0.173,Nuit sans éclairage public,Hors agglomération,Hors intersection,Normale,Autre collision,,,,,,,,,,,3,1,1,1.0,6.0
201100024249,0011-10-22 15:45:00,11,10,22,15,45,240,167,,44.155,0.622,Plein jour,Hors agglomération,Hors intersection,Normale,Deux véhicules - frontale,,,,,,,,,,,1,1,1,1.0,1.0
201100024250,0011-11-27 11:45:00,11,11,27,11,45,240,177,,44.8,0.65,Plein jour,Hors agglomération,Hors intersection,Temps couvert,Deux véhicules - frontale,,,,,,,,,,,1,1,1,8.0,1.0
201100024251,0011-01-05 09:45:00,11,1,5,9,45,500,435,,49.491,-1.577,Plein jour,Hors agglomération,Hors intersection,Normale,Trois véhicules et plus - collisions multiples,,,,,,,,,,,1,1,1,1.0,5.0
201100024252,0011-02-12 14:00:00,11,2,12,14,0,500,31,Rue des oiseaux,49.371,-1.766,Plein jour,En agglomération,Intersection en X,Normale,Deux véhicules - côté,,,,,,,,,,,1,2,2,1.0,3.0
201100024253,0011-04-16 20:45:00,11,4,16,20,45,500,435,,,,Nuit sans éclairage public,Hors agglomération,Hors intersection,Normale,Autre collision,,,,,,,,,,,3,1,1,1.0,6.0
201100024254,0011-04-20 07:30:00,11,4,20,7,30,500,572,,,,Plein jour,Hors agglomération,Hors intersection,Normale,Autre collision,,,,,,,,,,,1,1,1,1.0,6.0
201100024255,0011-05-03 00:30:00,11,5,3,0,30,500,418,,49.497,-1.669,Nuit sans éclairage public,Hors agglomération,Hors intersection,Normale,Autre collision,,,,,,,,,,,3,1,1,1.0,6.0
201100024256,0011-05-22 06:45:00,11,5,22,6,45,500,435,,49.844,-1.992,Plein jour,Hors agglomération,Hors intersection,Normale,Sans collision,,,,,,,,,,,1,1,1,1.0,7.0
201100024257,0011-05-24 23:45:00,11,5,24,23,45,500,435,,49.49,-1.582,Nuit sans éclairage public,Hors agglomération,Hors intersection,Normale,Deux véhicules - frontale,,,,,,,,,,,3,1,1,1.0,1.0
201100024258,0011-05-30 18:00:00,11,5,30,18,0,500,82,Rue St Roch,,,Nuit avec éclairage allumé,En agglomération,Hors intersection,Normale,Deux véhicules - frontale,,,,,,,,,,,5,2,1,1.0,1.0
201100024259,0011-05-30 17:30:00,11,5,30,17,30,500,82,,49.774,-1.065,Nuit sans éclairage public,Hors agglomération,Hors intersection,Normale,Autre collision,,,,,,,,,,,3,1,1,1.0,6.0
201100024260,0011-06-03 10:00:00,11,6,3,10,0,500,222,,,,Plein jour,Hors agglomération,Hors intersection,Normale,Sans collision,,,,,,,,,,,1,1,1,1.0,7.0
201100024261,0011-06-09 21:00:00,11,6,9,21,0,500,176,,,,Plein jour,Hors agglomération,Hors intersection,Normale,Deux véhicules - côté,,,,,,,,,,,1,1,1,1.0,3.0
201100024262,0011-06-10 16:30:00,11,6,10,16,30,500,402,,49.515,-1.801,Plein jour,Hors agglomération,Hors intersection,Normale,Autre collision,,,,,,,,,,,1,1,1,1.0,6.0
201100024263,0011-06-24 08:15:00,11,6,24,8,15,500,235,,,,Plein jour,Hors agglomération,Hors intersection,Normale,Trois véhicules et plus - collisions multiples,,,,,,,,,,,1,1,1,1.0,5.0