accident_id,datetime,annee,mois,jour,heure,minute,departement,commune_insee,adresse,latitude,longitude,luminosite,agglomeration,intersection,meteo,collision,nb_vehicules,nb_usagers,nb_indemnes,nb_tues,nb_blesses_hosp,nb_blesses_legers,age_cond_1,age_cond_2,veh_type_cond_1,veh_type_cond_2,lum_code,agg_code,int_code,atm_code,col_code
201100024264,0011-07-09 17:30:00,11,7,9,17,30,500,82,rue chasse ? eau,,,Plein jour,En agglomération,Hors intersection,Normale,Autre collision,,,,,,,,,,,1,2,1,1.0,6.0
201100024265,0011-07-10 19:30:00,11,7,10,19,30,500,82,Route de valognes,,,Plein jour,En agglomération,Hors intersection,Normale,Deux véhicules - côté,,,,,,,,,,,1,2,1,1.0,3.0
201100024266,0011-08-20 14:30:00,11,8,20,14,30,500,402,,49.522,-1.804,Plein jour,Hors agglomération,Hors intersection,Normale,Deux véhicules - côté,,,,,,,,,,,1,1,1,1.0,3.0
201100024267,0011-08-31 18:15:00,11,8,31,18,15,500,412,,,,Plein jour,Hors agglomération,Hors intersection,Normale,Sans collision,,,,,,,,,,,1,1,1,1.0,7.0
201100024268,0011-09-12 09:45:00,11,9,12,9,45,500,235,,,,Plein jour,Hors agglomération,Hors intersection,Normale,Autre collision,,,,,,,,,,,1,1,1,1.0,6.0
201100024269,0011-09-23 22:15:00,11,9,23,22,15,500,238,,49.961,-1.289,Nuit sans éclairage public,Hors agglomération,Hors intersection,Normale,Autre collision,,,,,,,,,,,3,1,1,1.0,6.0
201100024270,0011-09-30 08:15:00,11,9,30,8,15,500,402,,,,Plein jour,Hors agglomération,Hors intersection,Normale,Deux véhicules - côté,,,,,,,,,,,1,1,1,1.0,3.0
201100024271,0011-10-14 13:00:00,11,10,14,13,0,500,31,Guillaume leconqu?rant,,,Plein jour,En agglomération,Hors intersection,Normale,Deux véhicules - côté,,,,,,,,,,,1,2,1,1.0,3.0
201100024272,0011-12-09 07:45:00,11,12,9,7,45,500,369,le bourg,49.496,-1.548,Crépuscule ou aube,En agglomération,Intersection en X,Pluie légère,Trois véhicules et plus - collisions multiples,,,,,,,,,,,2,2,2,2.0,5.0
201100024273,0011-12-09 16:15:00,11,12,9,16,15,500,402,,49.503,-1.6,Plein jour,Hors agglomération,Hors intersection,Normale,Autre collision,,,,,,,,,,,1,1,1,1.0,6.0
201100024274,0011-01-12 16:15:00,11,1,12,16,15,180,259,,47.4618,2.6854,Crépuscule ou aube,Hors agglomération,Hors intersection,Normale,Deux véhicules - frontale,,,,,,,,,,,2,1,1,1.0,1.0
201100024275,0011-01-13 08:30:00,11,1,13,8,30,180,20,,47.3951,2.85396,Plein jour,Hors agglomération,Hors intersection,Pluie légère,Deux véhicules - côté,,,,,,,,,,,1,1,1,2.0,3.0
201100024276,0011-01-25 18:00:00,11,1,25,18,0,180,272,,47.2922,2.77731,Nuit sans éclairage public,Hors agglomération,Intersection en T,Normale,Autre collision,,,,,,,,,,,3,1,3,1.0,6.0
201100024277,0011-02-02 17:30:00,11,2,2,17,30,180,272,,47.2709,2.73566,Crépuscule ou aube,Hors agglomération,Intersection en X,Pluie légère,Deux véhicules - côté,,,,,,,,,,,2,1,2,2.0,3.0
201100024278,0011-02-26 06:50:00,11,2,26,6,50,180,20,,47.3619,2.87161,Crépuscule ou aube,Hors agglomération,Hors intersection,Normale,Autre collision,,,,,,,,,,,2,1,1,1.0,6.0
201100024279,0011-03-21 18:30:00,11,3,21,18,30,180,116,,,,Crépuscule ou aube,Hors agglomération,Intersection en X,Normale,Deux véhicules - côté,,,,,,,,,,,2,1,2,1.0,3.0
201100024280,0011-04-18 18:45:00,11,4,18,18,45,180,125,RUE DE BERTHELON,47.47,2.8691,Plein jour,En agglomération,Autre intersection,Normale,Deux véhicules - côté,,,,,,,,,,,1,2,9,1.0,3.0
201100024281,0011-05-28 06:00:00,11,5,28,6,0,180,258,,47.37,2.8244,Crépuscule ou aube,Hors agglomération,Hors intersection,Normale,Autre collision,,,,,,,,,,,2,1,1,1.0,6.0
201100024282,0011-06-01 15:30:00,11,6,1,15,30,180,79,D86,47.3054,2.74513,Plein jour,En agglomération,Hors intersection,Normale,Autre collision,,,,,,,,,,,1,2,1,1.0,6.0
201100024283,0011-06-11 20:00:00,11,6,11,20,0,180,233,RUE DU PRES DE CHAPPES,47.3354,2.85632,Plein jour,En agglomération,Autre intersection,Normale,Deux véhicules - frontale,,,,,,,,,,,1,2,9,1.0,1.0
201100024284,0011-06-13 19:30:00,11,6,13,19,30,180,264,,,,Plein jour,Hors agglomération,Hors intersection,Normale,Deux véhicules - frontale,,,,,,,,,,,1,1,1,1.0,1.0
201100024285,0011-08-11 11:30:00,11,8,11,11,30,180,84,,,,Plein jour,Hors agglomération,Hors intersection,Normale,Sans collision,,,,,,,,,,,1,1,1,1.0,7.0
201100024286,0011-08-21 01:15:00,11,8,21,1,15,180,272,,47.2554,2.74721,Nuit sans éclairage public,Hors agglomération,Hors intersection,Normale,Autre collision,,,,,,,,,,,3,1,1,1.0,6.0
201100024287,0011-10-31 17:00:00,11,10,31,17,0,180,74,lieu-dit les vallees,,,Plein jour,En agglomération,Hors intersection,Normale,Autre collision,,,,,,,,,,,1,2,1,1.0,6.0
201100024288,0011-11-28 12:30:00,11,11,28,12,30,180,241,,,,Plein jour,Hors agglomération,Hors intersection,Temps couvert,Autre collision,,,,,,,,,,,1,1,1,8.0,6.0
201100024289,0011-12-10 11:30:00,11,12,10,11,30,180,32,,47.4426,2.883,Plein jour,Hors agglomération,Hors intersection,Temps couvert,Deux véhicules - côté,,,,,,,,,,,1,1,1,8.0,3.0
201100024290,0011-01-17 00:15:00,11,1,17,0,15,370,74,,47.2275,0.08136,Nuit sans éclairage public,Hors agglomération,Hors intersection,Normale,Autre collision,,,,,,,,,,,3,1,1,1.0,6.0
201100024291,0011-02-16 15:30:00,11,2,16,15,30,370,228,,47.285,0.13554,Plein jour,Hors agglomération,Hors intersection,Normale,Deux véhicules - frontale,,,,,,,,,,,1,1,1,1.0,1.0
201100024292,0011-02-20 14:45:00,11,2,20,14,45,370,31,RUE DES AVERRIES,47.2605,0.16982,Plein jour,En agglomération,Hors intersection,Normale,Deux véhicules - arrière,,,,,,,,,,,1,2,1,1.0,2.0
201100024293,0011-03-16 17:00:00,11,3,16,17,0,370,11,,47.2,0.18411,Plein jour,Hors agglomération,Hors intersection,Normale,Trois véhicules et plus - collisions multiples,,,,,,,,,,,1,1,1,1.0,5.0
201100024294,0011-06-15 12:15:00,11,6,15,12,15,370,228,,47.2945,0.11218,Plein jour,Hors agglomération,Hors intersection,Normale,Deux véhicules - frontale,,,,,,,,,,,1,1,1,1.0,1.0
201100024295,0011-06-19 20:45:00,11,6,19,20,45,370,118,,47.2332,0.23297,Plein jour,Hors agglomération,Hors intersection,Normale,Autre collision,,,,,,,,,,,1,1,1,1.0,6.0
201100024296,0011-10-17 07:45:00,11,10,17,7,45,370,202,,,,Crépuscule ou aube,Hors agglomération,Hors intersection,Brouillard / fumée,Deux véhicules - frontale,,,,,,,,,,,2,1,1,5.0,1.0
201100024297,0011-10-25 14:45:00,11,10,25,14,45,370,74,,47.2275,0.08136,Plein jour,Hors agglomération,Hors intersection,Normale,Deux véhicules - frontale,,,,,,,,,,,1,1,1,1.0,1.0
201100024298,0011-11-11 18:30:00,11,11,11,18,30,370,24,2 ROUTE DE SAINT GILLES,47.3027,0.20494,Nuit avec éclairage allumé,En agglomération,Hors intersection,Normale,Deux véhicules - frontale,,,,,,,,,,,5,2,1,1.0,1.0
201100024299,0011-11-21 18:00:00,11,11,21,18,0,370,72,110 RUE DU BLANC CARROI,47.1671,0.23797,Nuit sans éclairage public,Hors agglomération,Hors intersection,Normale,Autre collision,,,,,,,,,,,3,1,1,1.0,6.0
201100024300,0011-11-25 14:15:00,11,11,25,14,15,370,42,,47.2023,0.08574,Plein jour,Hors agglomération,Intersection en T,Normale,Deux véhicules - côté,,,,,,,,,,,1,1,3,1.0,3.0
201100024301,0011-12-07 15:30:00,11,12,7,15,30,370,22,,47.5468,0.31682,Plein jour,Hors agglomération,Hors intersection,Normale,Deux véhicules - frontale,,,,,,,,,,,1,1,1,1.0,1.0
201100024302,0011-01-05 22:30:00,11,1,5,22,30,10,396,66 grande rue,,,Nuit avec éclairage allumé,En agglomération,Hors intersection,Normale,Autre collision,,,,,,,,,,,5,2,1,1.0,6.0
201100024303,0011-01-07 19:00:00,11,1,7,19,0,10,202,,,,Nuit sans éclairage public,Hors agglomération,Hors intersection,Pluie légère,Deux véhicules - frontale,,,,,,,,,,,3,1,1,2.0,1.0
201100024304,0011-02-26 17:45:00,11,2,26,17,45,10,8,,,,Crépuscule ou aube,Hors agglomération,Hors intersection,Pluie légère,Autre collision,,,,,,,,,,,2,1,1,2.0,6.0
201100024305,0011-03-14 16:30:00,11,3,14,16,30,10,202,Rue des Oiseaux,,,Plein jour,En agglomération,Hors intersection,Normale,Deux véhicules - frontale,,,,,,,,,,,1,2,1,1.0,1.0
201100024306,0011-04-15 18:00:00,11,4,15,18,0,10,366,,,,Plein jour,Hors agglomération,Intersection en X,Normale,Deux véhicules - côté,,,,,,,,,,,1,1,2,1.0,3.0
201100024307,0011-04-22 11:00:00,11,4,22,11,0,10,224,,,,Plein jour,Hors agglomération,Hors intersection,Normale,Sans collision,,,,,,,,,,,1,1,1,1.0,7.0
201100024308,0011-04-30 11:00:00,11,4,30,11,0,10,202,,,,Plein jour,Hors agglomération,Autre intersection,Temps éblouissant,Deux véhicules - côté,,,,,,,,,,,1,1,9,7.0,3.0
201100024309,0011-05-16 18:15:00,11,5,16,18,15,10,7,,,,Plein jour,Hors agglomération,Hors intersection,Normale,Trois véhicules et plus - en chaîne,,,,,,,,,,,1,1,1,1.0,4.0
201100024310,0011-05-20 15:00:00,11,5,20,15,0,10,4,Rue Henri dunant,,,Plein jour,En agglomération,Hors intersection,Normale,Deux véhicules - frontale,,,,,,,,,,,1,2,1,1.0,1.0
201100024311,0011-06-24 14:30:00,11,6,24,14,30,10,7,RD 1075 - COUTELIEU,,,Plein jour,En agglomération,Hors intersection,Normale,Deux véhicules - frontale,,,,,,,,,,,1,2,1,1.0,1.0
201100024312,0011-07-02 21:00:00,11,7,2,21,0,10,4,131 rue alexandre b?rard,,,Plein jour,En agglomération,Hors intersection,Normale,Autre collision,,,,,,,,,,,1,2,1,1.0,6.0
201100024313,0011-07-11 14:15:00,11,7,11,14,15,10,7,,,,Plein jour,Hors agglomération,Hors intersection,Normale,Sans collision,,,,,,,,,,,1,1,1,1.0,7.0
201100024314,0011-07-21 20:45:00,11,7,21,20,45,10,8,,,,Crépuscule ou aube,Hors agglomération,Hors intersection,Normale,Autre collision,,,,,,,,,,,2,1,1,1.0,6.0
201100024315,0011-08-18 18:00:00,11,8,18,18,0,10,379,,45.963,5.27,Plein jour,Hors agglomération,Hors intersection,Normale,Deux véhicules - frontale,,,,,,,,,,,1,1,1,1.0,1.0
201100024316,0011-08-24 16:45:00,11,8,24,16,45,10,444,rue du Perron,,,Plein jour,En agglomération,Hors intersection,Normale,Deux véhicules - côté,,,,,,,,,,,1,2,1,1.0,3.0
201100024317,0011-09-04 17:30:00,11,9,4,17,30,10,366,,,,Plein jour,Hors agglomération,Hors intersection,Normale,Deux véhicules - côté,,,,,,,,,,,1,1,1,1.0,3.0
201100024318,0011-09-23 16:15:00,11,9,23,16,15,10,4,Chemin de l'aviation,,,Plein jour,En agglomération,Hors intersection,Normale,Autre collision,,,,,,,,,,,1,2,1,1.0,6.0
201100024319,0011-09-28 11:45:00,11,9,28,11,45,10,8,,,,Plein jour,Hors agglomération,Giratoire,Normale,Sans collision,,,,,,,,,,,1,1,6,1.0,7.0
201100024320,0011-09-29 15:15:00,11,9,29,15,15,10,7,,,,Plein jour,Hors agglomération,Hors intersection,Normale,Deux véhicules - côté,,,,,,,,,,,1,1,1,1.0,3.0
201100024321,0011-09-27 11:15:00,11,9,27,11,15,10,224,face 21 rue du bugey,,,Plein jour,En agglomération,Hors intersection,Normale,Autre collision,,,,,,,,,,,1,2,1,1.0,6.0
201100024322,0011-10-06 19:30:00,11,10,6,19,30,10,366,,,,Crépuscule ou aube,Hors agglomération,Hors intersection,Temps couvert,Sans collision,,,,,,,,,,,2,1,1,8.0,7.0
201100024323,0011-10-09 12:00:00,11,10,9,12,0,10,390,,,,Plein jour,Hors agglomération,Hors intersection,Pluie légère,Deux véhicules - frontale,,,,,,,,,,,1,1,1,2.0,1.0
201100024324,0011-10-28 06:30:00,11,10,28,6,30,10,202,,,,Nuit sans éclairage public,Hors agglomération,Hors intersection,Normale,Deux véhicules - frontale,,,,,,,,,,,3,1,1,1.0,1.0
201100024325,0011-10-29 17:15:00,11,10,29,17,15,10,224,Rue du Stade,,,Plein jour,En agglomération,Hors intersection,Normale,Deux véhicules - côté,,,,,,,,,,,1,2,1,1.0,3.0
201100024326,0011-10-30 18:30:00,11,10,30,18,30,10,89,,45.963,5.302,Nuit sans éclairage public,Hors agglomération,Hors intersection,Normale,Deux véhicules - frontale,,,,,,,,,,,3,1,1,1.0,1.0
201100024327,0011-11-03 23:30:00,11,11,3,23,30,10,99,,,,Nuit sans éclairage public,Hors agglomération,Hors intersection,Pluie légère,Sans collision,,,,,,,,,,,3,1,1,2.0,7.0
201100024328,0011-11-19 05:30:00,11,11,19,5,30,10,224,,,,Nuit sans éclairage public,Hors agglomération,Hors intersection,Normale,Sans collision,,,,,,,,,,,3,1,1,1.0,7.0
201100024329,0011-11-23 12:15:00,11,11,23,12,15,10,390,,,,Plein jour,Hors agglomération,Hors intersection,Normale,Deux véhicules - frontale,,,,,,,,,,,1,1,1,1.0,1.0
201100024330,0011-11-23 03:30:00,11,11,23,3,30,10,213,route du college,,,Nuit avec éclairage non allumé,En agglomération,Intersection en X,Brouillard / fumée,Deux véhicules - côté,,,,,,,,,,,4,2,2,5.0,3.0
201100024331,0011-12-08 11:00:00,11,12,8,11,0,10,421,,,,Plein jour,Hors agglomération,Hors intersection,Normale,Deux véhicules - frontale,,,,,,,,,,,1,1,1,1.0,1.0
201100024332,0011-12-16 18:00:00,11,12,16,18,0,10,4,avenue L?on Blum,,,Nuit avec éclairage allumé,En agglomération,Hors intersection,Normale,Autre collision,,,,,,,,,,,5,2,1,1.0,6.0
201100024333,0011-12-16 19:45:00,11,12,16,19,45,10,4,,,,Nuit avec éclairage allumé,Hors agglomération,Hors intersection,Pluie forte,Deux véhicules - côté,,,,,,,,,,,5,1,1,3.0,3.0
201100024334,0011-03-12 03:15:00,11,3,12,3,15,260,345,26345,,,Nuit sans éclairage public,Hors agglomération,Hors intersection,Normale,Autre collision,,,,,,,,,,,3,1,1,1.0,6.0
201100024335,0011-03-23 10:45:00,11,3,23,10,45,260,326,,44.345,4.798,Plein jour,Hors agglomération,Hors intersection,Normale,Deux véhicules - frontale,,,,,,,,,,,1,1,1,1.0,1.0
201100024336,0011-03-30 18:00:00,11,3,30,18,0,260,54,26054,44.29,4.874,Plein jour,Hors agglomération,Hors intersection,Normale,Deux véhicules - frontale,,,,,,,,,,,1,1,1,1.0,1.0
201100024337,0011-06-04 15:00:00,11,6,4,15,0,260,324,26324,44.34,4.773,Plein jour,Hors agglomération,Hors intersection,Normale,Sans collision,,,,,,,,,,,1,1,1,1.0,7.0
201100024338,0011-06-20 15:30:00,11,6,20,15,30,260,324,26324,44.356,4.773,Plein jour,En agglomération,Hors intersection,Normale,Autre collision,,,,,,,,,,,1,2,1,1.0,6.0
201100024339,0011-06-23 17:30:00,11,6,23,17,30,260,326,26326,44.348,4.781,Plein jour,Hors agglomération,Hors intersection,Normale,Deux véhicules - frontale,,,,,,,,,,,1,1,1,1.0,1.0
201100024340,0011-08-19 23:30:00,11,8,19,23,30,260,54,26054,44.287,4.89,Nuit sans éclairage public,Hors agglomération,Hors intersection,Normale,Deux véhicules - côté,,,,,,,,,,,3,1,1,1.0,3.0
201100024341,0011-09-10 10:15:00,11,9,10,10,15,260,54,,44.294,4.877,Plein jour,Hors agglomération,Hors intersection,Normale,Sans collision,,,,,,,,,,,1,1,1,1.0,7.0
201100024342,0011-10-14 16:45:00,11,10,14,16,45,260,326,26326,44.337,4.79,Plein jour,En agglomération,Hors intersection,Temps éblouissant,Deux véhicules - côté,,,,,,,,,,,1,2,1,7.0,3.0
201100024343,0011-11-23 08:15:00,11,11,23,8,15,260,324,26324,44.333,4.73,Plein jour,Hors agglomération,Hors intersection,Normale,Sans collision,,,,,,,,,,,1,1,1,1.0,7.0
201100024344,0011-03-24 07:15:00,11,3,24,7,15,570,356,,,,Plein jour,Hors agglomération,Hors intersection,Normale,Deux véhicules - arrière,,,,,,,,,,,1,1,1,1.0,2.0
201100024345,0011-06-05 09:30:00,11,6,5,9,30,570,214,GN 49.451 6.283,,,Plein jour,Hors agglomération,Hors intersection,Normale,Trois véhicules et plus - collisions multiples,,,,,,,,,,,1,1,1,1.0,5.0
201100024346,0011-06-08 09:15:00,11,6,8,9,15,570,323,,,,Plein jour,En agglomération,Hors intersection,Normale,Autre collision,,,,,,,,,,,1,2,1,1.0,6.0
201100024347,0011-09-26 07:00:00,11,9,26,7,0,570,124,,,,Crépuscule ou aube,Hors agglomération,Hors intersection,Normale,Autre collision,,,,,,,,,,,2,1,1,1.0,6.0
201100024348,0011-10-02 03:45:00,11,10,2,3,45,570,76,,,,Nuit sans éclairage public,Hors agglomération,Hors intersection,Normale,Autre collision,,,,,,,,,,,3,1,1,1.0,6.0
201100024349,0011-11-02 17:15:00,11,11,2,17,15,570,356,,,,Crépuscule ou aube,Hors agglomération,Hors intersection,Normale,Trois véhicules et plus - en chaîne,,,,,,,,,,,2,1,1,1.0,4.0
201100024350,0011-11-15 17:15:00,11,11,15,17,15,570,323,Rue Patton,,,Nuit avec éclairage allumé,En agglomération,Hors intersection,Normale,Autre collision,,,,,,,,,,,5,2,1,1.0,6.0
201100024351,0011-12-12 16:45:00,11,12,12,16,45,570,323,RUE DE GAULLE,,,Crépuscule ou aube,En agglomération,Hors intersection,Pluie légère,Deux véhicules - côté,,,,,,,,,,,2,2,1,2.0,3.0
201100024352,0011-02-25 21:30:00,11,2,25,21,30,240,37,PONT SAINT JEAN (RUE DU),,,Nuit avec éclairage allumé,En agglomération,Autre intersection,Normale,Autre collision,,,,,,,,,,,5,2,9,1.0,6.0
201100024353,0011-03-08 11:30:00,11,3,8,11,30,240,37,SAINT-GEORGES (RUE),,,Plein jour,En agglomération,Intersection en T,Normale,Autre collision,,,,,,,,,,,1,2,3,1.0,6.0
201100024354,0011-04-06 19:30:00,11,4,6,19,30,240,37,TOUNET (RUE DU),,,Plein jour,En agglomération,Intersection en Y,Normale,Deux véhicules - arrière,,,,,,,,,,,1,2,4,1.0,2.0
201100024355,0011-05-05 12:40:00,11,5,5,12,40,240,37,FERDINAND DE LABATTUT (R,,,Plein jour,En agglomération,Hors intersection,Normale,Deux véhicules - côté,,,,,,,,,,,1,2,1,1.0,3.0
201100024356,0011-05-11 15:30:00,11,5,11,15,30,240,37,"2bis, PONT SAINT JEAN (R",,,Plein jour,En agglomération,Hors intersection,Normale,Autre collision,,,,,,,,,,,1,2,1,1.0,6.0
201100024357,0011-05-13 10:10:00,11,5,13,10,10,240,37,PIMONT (BOULEVAR LOUIS),,,Plein jour,En agglomération,Intersection en X,Normale,Deux véhicules - frontale,,,,,,,,,,,1,2,2,1.0,1.0
201100024358,0011-05-24 13:15:00,11,5,24,13,15,240,37,PIMONT (BOULEVAR LOUIS),,,Plein jour,En agglomération,Autre intersection,Normale,Autre collision,,,,,,,,,,,1,2,9,1.0,6.0
201100024359,0011-07-31 14:30:00,11,7,31,14,30,240,37,GAMBETTA (PLACE),,,Plein jour,En agglomération,Hors intersection,Normale,Autre collision,,,,,,,,,,,1,2,1,1.0,6.0
201100024360,0011-10-26 19:30:00,11,10,26,19,30,240,37,PONT SAINT JEAN (RUE DU),,,Plein jour,En agglomération,Intersection en X,Normale,Deux véhicules - côté,,,,,,,,,,,1,2,2,1.0,3.0
201100024361,0011-10-29 18:53:00,11,10,29,18,53,240,37,BRAZZA (RUE SAVORGNAN DE,,,Plein jour,En agglomération,Hors intersection,Normale,Deux véhicules - côté,,,,,,,,,,,1,2,1,1.0,3.0
201100024362,0011-11-23 09:25:00,11,11,23,9,25,240,37,MONTESQUIEU (RUE),,,Plein jour,En agglomération,Hors intersection,Temps éblouissant,Autre collision,,,,,,,,,,,1,2,1,7.0,6.0
201100024363,0011-05-14 13:15:00,11,5,14,13,15,80,190,AVENUE LARTIGUES,50.1391,4.82135,Plein jour,En agglomération,Hors intersection,Normale,Deux véhicules - frontale,,,,,,,,,,,1,2,1,1.0,1.0
201100024364,0011-07-15 12:30:00,11,7,15,12,30,80,28,AVENUE GENERAL SARRAIL,50.1039,4.76424,Plein jour,En agglomération,Intersection en T,Normale,Deux véhicules - côté,,,,,,,,,,,1,2,3,1.0,3.0
201100024365,0011-07-19 16:00:00,11,7,19,16,0,80,190,RUE DE LA PACOG,50.149,4.809,Plein jour,En agglomération,Hors intersection,Pluie légère,Deux véhicules - frontale,,,,,,,,,,,1,2,1,2.0,1.0
201100024366,0011-07-21 17:45:00,11,7,21,17,45,80,190,ROUTE DE FROMELENNES,50.1319,4.84312,Plein jour,En agglomération,Intersection en T,Normale,Deux véhicules - côté,,,,,,,,,,,1,2,3,1.0,3.0
201100024367,0011-10-14 23:30:00,11,10,14,23,30,80,214,,49.9473,4.77981,Nuit sans éclairage public,Hors agglomération,Hors intersection,Normale,Autre collision,,,,,,,,,,,3,1,1,1.0,6.0
201100024368,0011-02-10 13:00:00,11,2,10,13,0,100,208,,48.376,3.447,Plein jour,Hors agglomération,Hors intersection,Normale,Autre collision,,,,,,,,,,,1,1,1,1.0,6.0
201100024369,0011-07-14 22:15:00,11,7,14,22,15,100,268,,48.49,3.515,Nuit sans éclairage public,Hors agglomération,Intersection en X,Normale,Deux véhicules - côté,,,,,,,,,,,3,1,2,1.0,3.0
201100024370,0011-07-17 21:00:00,11,7,17,21,0,100,106,,48.464,3.412,Crépuscule ou aube,Hors agglomération,Hors intersection,Pluie légère,Autre collision,,,,,,,,,,,2,1,1,2.0,6.0
201100024371,0011-07-21 05:15:00,11,7,21,5,15,100,20,,,,Crépuscule ou aube,Hors agglomération,Hors intersection,Pluie légère,Deux véhicules - côté,,,,,,,,,,,2,1,1,2.0,3.0
201100024372,0011-07-29 13:00:00,11,7,29,13,0,100,231,,48.511,3.436,Plein jour,Hors agglomération,Hors intersection,Normale,Deux véhicules - frontale,,,,,,,,,,,1,1,1,1.0,1.0
201100024373,0011-08-04 19:00:00,11,8,4,19,0,100,334,route de nogent,48.48,3.554,Plein jour,En agglomération,Hors intersection,Normale,Autre collision,,,,,,,,,,,1,2,1,1.0,6.0
201100024374,0011-09-02 12:30:00,11,9,2,12,30,100,277,,48.294,3.707,Plein jour,En agglomération,Intersection en X,Normale,Deux véhicules - frontale,,,,,,,,,,,1,2,2,1.0,1.0
201100024375,0011-10-05 07:15:00,11,10,5,7,15,100,268,rue des fosses,48.29338,3.30417,Crépuscule ou aube,En agglomération,Hors intersection,Normale,Deux véhicules - frontale,,,,,,,,,,,2,2,1,1.0,1.0
201100024376,0011-10-16 23:00:00,11,10,16,23,0,100,231,,,,Nuit sans éclairage public,Hors agglomération,Hors intersection,Normale,Deux véhicules - frontale,,,,,,,,,,,3,1,1,1.0,1.0
201100024377,0011-11-17 19:00:00,11,11,17,19,0,100,339,,48.39952,3.77987,Nuit sans éclairage public,Hors agglomération,Hors intersection,Normale,Trois véhicules et plus - collisions multiples,,,,,,,,,,,3,1,1,1.0,5.0
201100024378,0011-11-29 17:30:00,11,11,29,17,30,100,254,,48.58382,3.51664,Nuit sans éclairage public,Hors agglomération,Intersection en X,Normale,Deux véhicules - côté,,,,,,,,,,,3,1,2,1.0,3.0
201100024379,0011-01-16 16:10:00,11,1,16,16,10,240,53,"000, PETIT CHANGE (BOULE",,,Plein jour,En agglomération,Hors intersection,Normale,Deux véhicules - frontale,,,,,,,,,,,1,2,1,1.0,1.0
201100024380,0011-01-16 08:40:00,11,1,16,8,40,240,102,"156, RIBERAC (ROUTE DE)",,,Nuit sans éclairage public,Hors agglomération,Hors intersection,Normale,Autre collision,,,,,,,,,,,3,1,1,1.0,6.0
201100024381,0011-02-04 07:55:00,11,2,4,7,55,240,322,"31, TRARIEUX (RUE LUDOVI",,,Plein jour,En agglomération,Hors intersection,Normale,Autre collision,,,,,,,,,,,1,2,1,1.0,6.0
201100024382,0011-03-01 10:10:00,11,3,1,10,10,240,322,KLEBER (RUE),,,Plein jour,En agglomération,Intersection en X,Normale,Deux véhicules - côté,,,,,,,,,,,1,2,2,1.0,3.0
201100024383,0011-03-18 06:30:00,11,3,18,6,30,240,557,"18, GRANDOU (AVENUE MICH",,,Crépuscule ou aube,En agglomération,Hors intersection,Normale,Deux véhicules - côté,,,,,,,,,,,2,2,1,1.0,3.0
201100024384,0011-03-23 14:50:00,11,3,23,14,50,240,322,"135, SEMARD (RUE PIERRE)",,,Plein jour,En agglomération,Intersection en T,Normale,Deux véhicules - côté,,,,,,,,,,,1,2,3,1.0,3.0
201100024385,0011-03-24 05:50:00,11,3,24,5,50,240,557,"41, GRANDOU (AVENUE MICH",,,Crépuscule ou aube,En agglomération,Hors intersection,Normale,Deux véhicules - côté,,,,,,,,,,,2,2,1,1.0,3.0
201100024386,0011-04-08 13:20:00,11,4,8,13,20,240,53,"0, DELUC (AVENUE HENRI)",,,Plein jour,En agglomération,Hors intersection,Normale,Autre collision,,,,,,,,,,,1,2,1,1.0,6.0
201100024387,0011-04-09 11:36:00,11,4,9,11,36,240,322,"0, SALTGOURDE (CHEMIN DE",,,Plein jour,En agglomération,Intersection en X,Normale,Deux véhicules - côté,,,,,,,,,,,1,2,2,1.0,3.0
201100024388,0011-04-16 15:30:00,11,4,16,15,30,240,53,"125, LYON (ROUTE DE )",,,Plein jour,En agglomération,Hors intersection,Normale,Deux véhicules - arrière,,,,,,,,,,,1,2,1,1.0,2.0
201100024389,0011-04-15 15:25:00,11,4,15,15,25,240,322,"0, FENELON (COURS)",,,Plein jour,En agglomération,Intersection en X,Normale,Autre collision,,,,,,,,,,,1,2,2,1.0,6.0
201100024390,0011-04-30 11:40:00,11,4,30,11,40,240,138,"0, CHURCHILL ( AVENUE WI",,,Plein jour,En agglomération,Intersection en T,Normale,Sans collision,,,,,,,,,,,1,2,3,1.0,7.0
201100024391,0011-05-01 10:25:00,11,5,1,10,25,240,102,"20, LISLE (ROUTE)",,,Plein jour,Hors agglomération,Hors intersection,Normale,Deux véhicules - côté,,,,,,,,,,,1,1,1,1.0,3.0
201100024392,0011-05-09 13:15:00,11,5,9,13,15,240,312,ROUTE DE VERGT,,,Plein jour,Hors agglomération,Hors intersection,Normale,Autre collision,,,,,,,,,,,1,1,1,1.0,6.0
201100024393,0011-05-11 07:35:00,11,5,11,7,35,240,322,"25, POMPIDOU (AVENUE GEO",,,Plein jour,En agglomération,Hors intersection,Normale,Autre collision,,,,,,,,,,,1,2,1,1.0,6.0
201100024394,0011-05-16 16:50:00,11,5,16,16,50,240,102,"7, PUY DE L'ARCHE (ROUTE",,,Plein jour,Hors agglomération,Hors intersection,Normale,Sans collision,,,,,,,,,,,1,1,1,1.0,7.0
201100024395,0011-05-26 10:45:00,11,5,26,10,45,240,322,"3, MAUROIS  ( PLACE ANDR",,,Plein jour,En agglomération,Hors intersection,Normale,Autre collision,,,,,,,,,,,1,2,1,1.0,6.0