accident_id,datetime,annee,mois,jour,heure,minute,departement,commune_insee,adresse,latitude,longitude,luminosite,agglomeration,intersection,meteo,collision,nb_vehicules,nb_usagers,nb_indemnes,nb_tues,nb_blesses_hosp,nb_blesses_legers,age_cond_1,age_cond_2,veh_type_cond_1,veh_type_cond_2,lum_code,agg_code,int_code,atm_code,col_code
201100024524,0011-09-05 13:06:00,11,9,5,13,6,250,56,"sans, EINSTEIN RUE ALBER",,,Plein jour,En agglomération,Hors intersection,Normale,Deux véhicules - arrière,,,,,,,,,,,1,2,1,1.0,2.0
201100024525,0011-09-07 00:01:00,11,9,7,0,1,250,56,"SANS, CHOPIN RUE FREDERI",,,Nuit avec éclairage allumé,En agglomération,Hors intersection,Normale,Autre collision,,,,,,,,,,,5,2,1,1.0,6.0
201100024526,0011-09-07 06:58:00,11,9,7,6,58,250,56,"50, VESOUL RUE DE < 52",,,Crépuscule ou aube,En agglomération,Hors intersection,Pluie légère,Autre collision,,,,,,,,,,,2,2,1,2.0,6.0
201100024527,0011-09-09 07:39:00,11,9,9,7,39,250,56,"163, BELFORT RUE DE BELF",,,Plein jour,En agglomération,Hors intersection,Pluie légère,Sans collision,,,,,,,,,,,1,2,1,2.0,7.0
201100024528,0011-09-09 11:55:00,11,9,9,11,55,250,56,"SANS, CHURCHILL BD WINST",,,Plein jour,En agglomération,Hors intersection,Pluie légère,Deux véhicules - côté,,,,,,,,,,,1,2,1,2.0,3.0
201100024529,0011-09-10 23:17:00,11,9,10,23,17,250,56,"sans, OUEST BOULEVARD",,,Nuit avec éclairage allumé,En agglomération,Hors intersection,Normale,Deux véhicules - côté,,,,,,,,,,,5,2,1,1.0,3.0
201100024530,0011-09-12 14:06:00,11,9,12,14,6,250,56,"32, DOLE RUE DE <82",,,Plein jour,En agglomération,Hors intersection,Normale,Autre collision,,,,,,,,,,,1,2,1,1.0,6.0
201100024531,0011-09-13 07:55:00,11,9,13,7,55,250,56,PAIX  AVENUE DE LA,,,Plein jour,En agglomération,Hors intersection,Normale,Deux véhicules - côté,,,,,,,,,,,1,2,1,1.0,3.0
201100024532,0011-09-15 07:55:00,11,9,15,7,55,250,56,"sans, ALLENDE  BOULEVARD",,,Plein jour,En agglomération,Giratoire,Normale,Deux véhicules - arrière,,,,,,,,,,,1,2,6,1.0,2.0
201100024533,0011-09-23 17:56:00,11,9,23,17,56,250,56,"SANS, OUEST BOULEVARD",,,Plein jour,En agglomération,Hors intersection,Normale,Deux véhicules - arrière,,,,,,,,,,,1,2,1,1.0,2.0
201100024534,0011-09-23 08:20:00,11,9,23,8,20,250,56,"97, DOLE RUE DE >82 & <1",,,Plein jour,En agglomération,Hors intersection,Normale,Autre collision,,,,,,,,,,,1,2,1,1.0,6.0
201100024535,0011-09-28 20:01:00,11,9,28,20,1,250,56,"sans, MONTBOUCONS CHEMIN",,,Plein jour,En agglomération,Giratoire,Normale,Deux véhicules - côté,,,,,,,,,,,1,2,6,1.0,3.0
201100024536,0011-09-29 07:51:00,11,9,29,7,51,250,56,"SANS, FONTAINE-ARGENT AV",,,Plein jour,En agglomération,Hors intersection,Normale,Deux véhicules - frontale,,,,,,,,,,,1,2,1,1.0,1.0
201100024537,0011-09-30 00:10:00,11,9,30,0,10,250,56,"6, DOLE RUE DE <82",,,Nuit avec éclairage allumé,En agglomération,Hors intersection,Normale,Autre collision,,,,,,,,,,,5,2,1,1.0,6.0
201100024538,0011-09-30 21:14:00,11,9,30,21,14,250,56,"sans, SEPTIEME ARMEE AM.",,,Nuit avec éclairage allumé,En agglomération,Hors intersection,Normale,Sans collision,,,,,,,,,,,5,2,1,1.0,7.0
201100024539,0011-10-01 17:07:00,11,10,1,17,7,250,56,"SANS, TORCOLS CHEMIN DES",,,Plein jour,En agglomération,Hors intersection,Normale,Autre collision,,,,,,,,,,,1,2,1,1.0,6.0
201100024540,0011-10-02 12:11:00,11,10,2,12,11,250,56,"15, DROZ   AVENUE EDOUAR",,,Plein jour,En agglomération,Hors intersection,Normale,Autre collision,,,,,,,,,,,1,2,1,1.0,6.0
201100024541,0011-10-03 10:51:00,11,10,3,10,51,250,56,"37, DOLE RUE DE <82",,,Plein jour,En agglomération,Hors intersection,Normale,Trois véhicules et plus - en chaîne,,,,,,,,,,,1,2,1,1.0,4.0
201100024542,0011-10-03 12:05:00,11,10,3,12,5,250,56,"sans, CHURCHILL BD WINST",,,Plein jour,En agglomération,Hors intersection,Normale,Deux véhicules - arrière,,,,,,,,,,,1,2,1,1.0,2.0
201100024543,0011-10-04 15:20:00,11,10,4,15,20,250,56,"sans, FLEMING BOULEVARD",,,Plein jour,En agglomération,Hors intersection,Normale,Autre collision,,,,,,,,,,,1,2,1,1.0,6.0
201100024544,0011-10-04 17:27:00,11,10,4,17,27,250,56,"SANS, HUIT SEPTEMBRE PLA",,,Plein jour,En agglomération,Hors intersection,Normale,Autre collision,,,,,,,,,,,1,2,1,1.0,6.0
201100024545,0011-10-05 21:09:00,11,10,5,21,9,250,56,OUEST BOULEVARD,,,Nuit avec éclairage allumé,En agglomération,Hors intersection,Normale,Trois véhicules et plus - collisions multiples,,,,,,,,,,,5,2,1,1.0,5.0
201100024546,0011-10-07 14:17:00,11,10,7,14,17,250,56,"SANS, GAULARD AVENUE < 1",,,Plein jour,En agglomération,Hors intersection,Normale,Deux véhicules - côté,,,,,,,,,,,1,2,1,1.0,3.0
201100024547,0011-10-09 20:35:00,11,10,9,20,35,250,56,"15, RECLUS RUE ELISEE",,,Nuit avec éclairage allumé,En agglomération,Hors intersection,Pluie légère,Deux véhicules - côté,,,,,,,,,,,5,2,1,2.0,3.0
201100024548,0011-10-11 07:23:00,11,10,11,7,23,250,56,"99, DOLE RUE DE >82 & <1",,,Crépuscule ou aube,En agglomération,Hors intersection,Pluie légère,Autre collision,,,,,,,,,,,2,2,1,2.0,6.0
201100024549,0011-10-12 20:15:00,11,10,12,20,15,250,56,"51, DOLE RUE DE <82",,,Nuit avec éclairage allumé,En agglomération,Hors intersection,Normale,Autre collision,,,,,,,,,,,5,2,1,1.0,6.0
201100024550,0011-10-13 10:05:00,11,10,13,10,5,250,56,"33, BELFORT RUE DE <144",,,Plein jour,En agglomération,Hors intersection,Normale,Autre collision,,,,,,,,,,,1,2,1,1.0,6.0
201100024551,0011-10-16 16:25:00,11,10,16,16,25,250,56,"SANS, MONTOILLE CHEMIN D",,,Plein jour,Hors agglomération,Hors intersection,Normale,Autre collision,,,,,,,,,,,1,1,1,1.0,6.0
201100024552,0011-10-19 07:55:00,11,10,19,7,55,250,56,"2, OBSERVATOIRE AVENUE D",,,Crépuscule ou aube,En agglomération,Hors intersection,Pluie légère,Deux véhicules - frontale,,,,,,,,,,,2,2,1,2.0,1.0
201100024553,0011-10-19 13:09:00,11,10,19,13,9,250,56,"SANS, FAURE AVENUE EDGAR",,,Plein jour,En agglomération,Hors intersection,Pluie légère,Autre collision,,,,,,,,,,,1,2,1,2.0,6.0
201100024554,0011-10-21 16:15:00,11,10,21,16,15,250,56,"189, BELFORT RUE DE BELF",,,Plein jour,En agglomération,Hors intersection,Normale,Autre collision,,,,,,,,,,,1,2,1,1.0,6.0
201100024555,0011-10-23 05:31:00,11,10,23,5,31,250,56,DOLE RUE DE >200,,,Nuit avec éclairage allumé,En agglomération,Hors intersection,Normale,Autre collision,,,,,,,,,,,5,2,1,1.0,6.0
201100024556,0011-10-25 09:37:00,11,10,25,9,37,250,56,"23, PREFECTURE RUE DE LA",,,Plein jour,En agglomération,Hors intersection,Normale,Autre collision,,,,,,,,,,,1,2,1,1.0,6.0
201100024557,0011-10-26 08:03:00,11,10,26,8,3,250,56,"sans, BLUM BOULEVARD LEO",,,Plein jour,En agglomération,Intersection en X,Normale,Deux véhicules - côté,,,,,,,,,,,1,2,2,1.0,3.0
201100024558,0011-10-27 08:11:00,11,10,27,8,11,250,56,"58, VELOTTE RUE DE",,,Plein jour,En agglomération,Hors intersection,Normale,Deux véhicules - côté,,,,,,,,,,,1,2,1,1.0,3.0
201100024559,0011-10-28 06:14:00,11,10,28,6,14,250,56,"sans, HELVETIE AVENUE D'",,,Nuit avec éclairage allumé,En agglomération,Hors intersection,Normale,Trois véhicules et plus - collisions multiples,,,,,,,,,,,5,2,1,1.0,5.0
201100024560,0011-11-03 08:05:00,11,11,3,8,5,250,56,"41, TILLEROYES CHEMIN DE",,,Plein jour,En agglomération,Hors intersection,Normale,Sans collision,,,,,,,,,,,1,2,1,1.0,7.0
201100024561,0011-11-04 13:23:00,11,11,4,13,23,250,56,LAGRANGE  AVENUE LEO,,,Plein jour,En agglomération,Hors intersection,Pluie légère,Autre collision,,,,,,,,,,,1,2,1,2.0,6.0
201100024562,0011-11-09 16:34:00,11,11,9,16,34,250,56,BLUM BOULEVARD LEON > 90,,,Plein jour,En agglomération,Hors intersection,Normale,Deux véhicules - arrière,,,,,,,,,,,1,2,1,1.0,2.0
201100024563,0011-11-11 09:59:00,11,11,11,9,59,250,56,"sans, MARCHAUX ROUTE DE",,,Plein jour,En agglomération,Hors intersection,Normale,Autre collision,,,,,,,,,,,1,2,1,1.0,6.0
201100024564,0011-11-12 14:55:00,11,11,12,14,55,250,56,"11, GAULARD AVENUE < 14",,,Plein jour,En agglomération,Hors intersection,Normale,Deux véhicules - frontale,,,,,,,,,,,1,2,1,1.0,1.0
201100024565,0011-11-16 18:10:00,11,11,16,18,10,250,56,"SANS, CAUSSES RUE DES",,,Nuit avec éclairage allumé,En agglomération,Giratoire,Normale,Sans collision,,,,,,,,,,,5,2,6,1.0,7.0
201100024566,0011-11-18 19:23:00,11,11,18,19,23,250,56,"sans, DOLE RUE DE >200",,,Nuit avec éclairage allumé,En agglomération,Hors intersection,Normale,Trois véhicules et plus - collisions multiples,,,,,,,,,,,5,2,1,1.0,5.0
201100024567,0011-11-21 12:34:00,11,11,21,12,34,250,56,"SANS, CHAILLOT RUE DE",,,Plein jour,En agglomération,Hors intersection,Normale,Deux véhicules - arrière,,,,,,,,,,,1,2,1,1.0,2.0
201100024568,0011-11-21 13:09:00,11,11,21,13,9,250,56,BOURGEOIS RUE LEON,,,Plein jour,En agglomération,Hors intersection,Normale,Deux véhicules - côté,,,,,,,,,,,1,2,1,1.0,3.0
201100024569,0011-11-23 17:00:00,11,11,23,17,0,250,56,RN 1057 (ROUTE DE GRAY-C,,,Crépuscule ou aube,En agglomération,Hors intersection,Normale,Sans collision,,,,,,,,,,,2,2,1,1.0,7.0
201100024570,0011-11-24 08:35:00,11,11,24,8,35,250,56,"NEANT, MALPAS  CHEMIN DE",,,Plein jour,En agglomération,Hors intersection,Normale,Sans collision,,,,,,,,,,,1,2,1,1.0,7.0
201100024571,0011-11-24 09:08:00,11,11,24,9,8,250,56,"3, DOLE RUE DE <82",,,Plein jour,En agglomération,Hors intersection,Normale,Deux véhicules - arrière,,,,,,,,,,,1,2,1,1.0,2.0
201100024572,0011-11-26 14:32:00,11,11,26,14,32,250,56,"SANS, PLANCON RUE GABRIE",,,Plein jour,En agglomération,Hors intersection,Pluie légère,Autre collision,,,,,,,,,,,1,2,1,2.0,6.0
201100024573,0011-11-30 18:27:00,11,11,30,18,27,250,56,"sans, CHURCHILL BD WINST",,,Nuit avec éclairage allumé,En agglomération,Hors intersection,Normale,Autre collision,,,,,,,,,,,5,2,1,1.0,6.0
201100024574,0011-11-30 19:05:00,11,11,30,19,5,250,56,"sans, SAVARY RUE ALAIN",,,Nuit avec éclairage allumé,En agglomération,Giratoire,Normale,Deux véhicules - arrière,,,,,,,,,,,5,2,6,1.0,2.0
201100024575,0011-12-02 02:28:00,11,12,2,2,28,250,56,"sans, FOCH AVENUE MARECH",,,Nuit avec éclairage allumé,En agglomération,Hors intersection,Normale,Autre collision,,,,,,,,,,,5,2,1,1.0,6.0
201100024576,0011-12-02 14:30:00,11,12,2,14,30,250,56,"SANS, MONTRAPON AVENUE D",,,Plein jour,En agglomération,Hors intersection,Normale,Autre collision,,,,,,,,,,,1,2,1,1.0,6.0
201100024577,0011-12-02 19:49:00,11,12,2,19,49,250,56,"sans, TARRAGNOZ FAUBOURG",,,Nuit avec éclairage allumé,En agglomération,Hors intersection,Pluie légère,Deux véhicules - arrière,,,,,,,,,,,5,2,1,2.0,2.0
201100024578,0011-12-03 17:38:00,11,12,3,17,38,250,56,"SANS, ARAGON RUE LOUIS",,,Plein jour,En agglomération,Hors intersection,Pluie légère,Autre collision,,,,,,,,,,,1,2,1,2.0,6.0
201100024579,0011-12-04 21:25:00,11,12,4,21,25,250,56,"10, SEPTIEME ARMEE AM. A",,,Nuit sans éclairage public,En agglomération,Hors intersection,Autre,Autre collision,,,,,,,,,,,3,2,1,9.0,6.0
201100024580,0011-12-04 22:40:00,11,12,4,22,40,250,56,"SANS, OUEST BOULEVARD",,,Nuit avec éclairage allumé,En agglomération,Hors intersection,Normale,Autre collision,,,,,,,,,,,5,2,1,1.0,6.0
201100024581,0011-12-05 13:37:00,11,12,5,13,37,250,56,"5, PERGAUD RUE LOUIS",,,Plein jour,En agglomération,Hors intersection,Normale,Autre collision,,,,,,,,,,,1,2,1,1.0,6.0
201100024582,0011-12-10 02:23:00,11,12,10,2,23,250,56,RN 1057 (CH. EPITAPHE-CH,,,Nuit avec éclairage allumé,En agglomération,Hors intersection,Pluie légère,Autre collision,,,,,,,,,,,5,2,1,2.0,6.0
201100024583,0011-12-10 20:18:00,11,12,10,20,18,250,56,"sans, BASILIQUE RUE DE L",,,Nuit avec éclairage allumé,En agglomération,Intersection en X,Pluie forte,Deux véhicules - côté,,,,,,,,,,,5,2,2,3.0,3.0
201100024584,0011-12-12 09:03:00,11,12,12,9,3,250,56,"10 BIS, DENFERT ROCHEREA",,,Plein jour,En agglomération,Hors intersection,Pluie légère,Deux véhicules - côté,,,,,,,,,,,1,2,1,2.0,3.0
201100024585,0011-12-17 14:13:00,11,12,17,14,13,250,56,"4, PREFECTURE RUE DE LA",,,Plein jour,En agglomération,Hors intersection,Pluie légère,Autre collision,,,,,,,,,,,1,2,1,2.0,6.0
201100024586,0011-12-20 13:58:00,11,12,20,13,58,250,56,GAULARD AVENUE < 14,,,Plein jour,En agglomération,Hors intersection,Pluie forte,Autre collision,,,,,,,,,,,1,2,1,3.0,6.0
201100024587,0011-12-23 10:54:00,11,12,23,10,54,250,56,"52, VESOUL RUE DE < 52",,,Plein jour,En agglomération,Hors intersection,Normale,Autre collision,,,,,,,,,,,1,2,1,1.0,6.0
201100024588,0011-12-24 17:25:00,11,12,24,17,25,250,56,"SANS, CHAILLOT RUE DE",,,Nuit avec éclairage allumé,En agglomération,Hors intersection,Normale,Autre collision,,,,,,,,,,,5,2,1,1.0,6.0
201100024589,0011-12-25 19:19:00,11,12,25,19,19,250,56,"41, DOLE RUE DE <82",,,Nuit avec éclairage allumé,En agglomération,Hors intersection,Normale,Deux véhicules - arrière,,,,,,,,,,,5,2,1,1.0,2.0
201100024590,0011-12-30 11:20:00,11,12,30,11,20,250,56,"SANS, ILE DE FRANCE AVEN",,,Plein jour,En agglomération,Hors intersection,Temps couvert,Autre collision,,,,,,,,,,,1,2,1,8.0,6.0
201100024591,0011-01-13 19:30:00,11,1,13,19,30,250,388,"2, CHABAUD-LATOUR (AVENU",,,Nuit avec éclairage allumé,En agglomération,Hors intersection,Pluie légère,Sans collision,,,,,,,,,,,5,2,1,2.0,7.0
201100024592,0011-01-17 08:00:00,11,1,17,8,0,250,31,GIRARDOT (RUE RENE),,,Plein jour,En agglomération,Giratoire,Normale,Deux véhicules - côté,,,,,,,,,,,1,2,6,1.0,3.0
201100024593,0011-01-18 10:35:00,11,1,18,10,35,250,388,"25, TANNEURS (QUAI DES)",,,Plein jour,En agglomération,Hors intersection,Normale,Autre collision,,,,,,,,,,,1,2,1,1.0,6.0
201100024594,0011-01-25 12:06:00,11,1,25,12,6,250,31,SELONCOURT (RUE DE),,,Plein jour,En agglomération,Hors intersection,Temps couvert,Autre collision,,,,,,,,,,,1,2,1,8.0,6.0
201100024595,0011-01-24 19:19:00,11,1,24,19,19,250,580,"24, LORRAINE",,,Nuit avec éclairage allumé,En agglomération,Hors intersection,Normale,Sans collision,,,,,,,,,,,5,2,1,1.0,7.0
201100024596,0011-03-29 16:20:00,11,3,29,16,20,250,20,BRETELLE ROUTIERE,,,Plein jour,En agglomération,Hors intersection,Normale,Deux véhicules - côté,,,,,,,,,,,1,2,1,1.0,3.0
201100024597,0011-04-06 18:00:00,11,4,6,18,0,250,31,"9, VALENTIGNEY (RUE DE)",,,Plein jour,En agglomération,Hors intersection,Normale,Autre collision,,,,,,,,,,,1,2,1,1.0,6.0
201100024598,0011-04-10 17:45:00,11,4,10,17,45,250,388,HELVETIE (ROND POINT),,,Plein jour,En agglomération,Giratoire,Normale,Deux véhicules - côté,,,,,,,,,,,1,2,6,1.0,3.0
201100024599,0011-04-30 18:55:00,11,4,30,18,55,250,31,"05, JAURES (AVENUE JEAN)",,,Plein jour,En agglomération,Hors intersection,Normale,Deux véhicules - côté,,,,,,,,,,,1,2,1,1.0,3.0
201100024600,0011-05-03 16:59:00,11,5,3,16,59,250,388,MAI (AVENUE DU 8),,,Plein jour,En agglomération,Hors intersection,Normale,Sans collision,,,,,,,,,,,1,2,1,1.0,7.0
201100024601,0011-05-06 20:15:00,11,5,6,20,15,250,388,CHARS (RUES DES),,,Plein jour,En agglomération,Hors intersection,Normale,Deux véhicules - frontale,,,,,,,,,,,1,2,1,1.0,1.0
201100024602,0011-05-16 21:35:00,11,5,16,21,35,250,388,MITTERAND (AVENUE FRANCO,,,Nuit avec éclairage allumé,En agglomération,Hors intersection,Normale,Sans collision,,,,,,,,,,,5,2,1,1.0,7.0
201100024603,0011-05-20 07:20:00,11,5,20,7,20,250,31,VALENTIGNEY (RUE DE),,,Plein jour,En agglomération,Hors intersection,Normale,Autre collision,,,,,,,,,,,1,2,1,1.0,6.0
201100024604,0011-05-21 16:10:00,11,5,21,16,10,250,539,"33, MELENNE (RUE DE LA)",,,Plein jour,En agglomération,Hors intersection,Normale,Autre collision,,,,,,,,,,,1,2,1,1.0,6.0
201100024605,0011-05-23 11:45:00,11,5,23,11,45,250,31,FORGES (PLACE DES),,,Plein jour,En agglomération,Giratoire,Normale,Deux véhicules - côté,,,,,,,,,,,1,2,6,1.0,3.0
201100024606,0011-06-11 04:55:00,11,6,11,4,55,250,230,SOCHAUX (RUE DE),,,Crépuscule ou aube,En agglomération,Hors intersection,Normale,Autre collision,,,,,,,,,,,2,2,1,1.0,6.0
201100024607,0011-06-29 17:25:00,11,6,29,17,25,250,31,VIETTE (RUE),,,Plein jour,En agglomération,Hors intersection,Pluie forte,Sans collision,,,,,,,,,,,1,2,1,3.0,7.0
201100024608,0011-07-01 18:07:00,11,7,1,18,7,250,388,"46, SAINT-GEORGES (RUE)",,,Plein jour,En agglomération,Hors intersection,Normale,Autre collision,,,,,,,,,,,1,2,1,1.0,6.0
201100024609,0011-07-05 19:25:00,11,7,5,19,25,250,31,"02, FRANCHE-COMTE (RUE D",,,Plein jour,En agglomération,Hors intersection,Normale,Autre collision,,,,,,,,,,,1,2,1,1.0,6.0
201100024610,0011-07-09 15:44:00,11,7,9,15,44,250,388,GRAND -CHARMONT (ROUTE D,,,Plein jour,En agglomération,Hors intersection,Normale,Deux véhicules - côté,,,,,,,,,,,1,2,1,1.0,3.0
201100024611,0011-07-11 19:35:00,11,7,11,19,35,250,388,BROSSOLETTE (RUE PIERRE),,,Plein jour,En agglomération,Hors intersection,Normale,Autre collision,,,,,,,,,,,1,2,1,1.0,6.0
201100024612,0011-07-25 18:30:00,11,7,25,18,30,250,31,REVOLUTION DE 1789 AVENU,,,Plein jour,En agglomération,Hors intersection,Normale,Sans collision,,,,,,,,,,,1,2,1,1.0,7.0
201100024613,0011-08-14 12:40:00,11,8,14,12,40,250,31,"48, BONDEVAL (RUE DE)",,,Plein jour,En agglomération,Hors intersection,Normale,Deux véhicules - côté,,,,,,,,,,,1,2,1,1.0,3.0
201100024614,0011-08-16 17:25:00,11,8,16,17,25,250,580,REPUBLIQUE (RUE DE LA),,,Plein jour,En agglomération,Hors intersection,Normale,Deux véhicules - frontale,,,,,,,,,,,1,2,1,1.0,1.0
201100024615,0011-08-19 17:30:00,11,8,19,17,30,250,230,"16, CLEMENCEAU (RUE GEOR",,,Plein jour,En agglomération,Intersection en T,Normale,Deux véhicules - côté,,,,,,,,,,,1,2,3,1.0,3.0
201100024616,0011-08-26 20:05:00,11,8,26,20,5,250,388,"06, BAUHIN (RUE JEAN)",,,Crépuscule ou aube,En agglomération,Hors intersection,Temps couvert,Autre collision,,,,,,,,,,,2,2,1,8.0,6.0
201100024617,0011-09-01 17:10:00,11,9,1,17,10,250,539,"10, COTE (RUE DE LA)",,,Plein jour,Hors agglomération,Hors intersection,Normale,Trois véhicules et plus - collisions multiples,,,,,,,,,,,1,1,1,1.0,5.0
201100024618,0011-09-05 11:50:00,11,9,5,11,50,250,388,"17, MASSENET (RUE JULES)",,,Plein jour,En agglomération,Hors intersection,Normale,Sans collision,,,,,,,,,,,1,2,1,1.0,7.0
201100024619,0011-09-06 13:50:00,11,9,6,13,50,250,31,"29, GRANDE RUE",,,Plein jour,En agglomération,Hors intersection,Normale,Autre collision,,,,,,,,,,,1,2,1,1.0,6.0
201100024620,0011-09-30 13:15:00,11,9,30,13,15,250,31,", BRIAND (AVENUE ARISTID",,,Plein jour,En agglomération,Hors intersection,Normale,Deux véhicules - frontale,,,,,,,,,,,1,2,1,1.0,1.0
201100024621,0011-10-05 17:30:00,11,10,5,17,30,250,388,COMBE AUX BICHES (RUE DE,,,Plein jour,En agglomération,Intersection en T,Normale,Deux véhicules - côté,,,,,,,,,,,1,2,3,1.0,3.0
201100024622,0011-10-25 21:50:00,11,10,25,21,50,250,230,SOCHAUX (RUE DE),,,Nuit avec éclairage allumé,En agglomération,Hors intersection,Pluie légère,Sans collision,,,,,,,,,,,5,2,1,2.0,7.0
201100024623,0011-10-30 16:05:00,11,10,30,16,5,250,580,BRUYERES (AVENUE DES),,,Plein jour,En agglomération,Hors intersection,Normale,Sans collision,,,,,,,,,,,1,2,1,1.0,7.0
201100024624,0011-11-14 17:40:00,11,11,14,17,40,250,580,"35, GLACES (RUE DES)",,,Nuit avec éclairage allumé,En agglomération,Hors intersection,Temps couvert,Deux véhicules - côté,,,,,,,,,,,5,2,1,8.0,3.0
201100024625,0011-11-29 18:10:00,11,11,29,18,10,250,614,"1, BELFORT (RUE DE)",,,Nuit avec éclairage allumé,En agglomération,Hors intersection,Normale,Deux véhicules - frontale,,,,,,,,,,,5,2,1,1.0,1.0
201100024626,0011-12-04 20:40:00,11,12,4,20,40,250,580,"50, BARRES (RUE DES)",,,Nuit avec éclairage allumé,En agglomération,Hors intersection,Normale,Sans collision,,,,,,,,,,,5,2,1,1.0,7.0
201100024627,0011-12-21 18:05:00,11,12,21,18,5,250,388,BETHONCOURT (ROUTE DE ),,,Nuit avec éclairage allumé,En agglomération,Hors intersection,Pluie légère,Sans collision,,,,,,,,,,,5,2,1,2.0,7.0
201100024628,0011-12-30 09:30:00,11,12,30,9,30,250,31,JAURES (AVENUE JEAN),,,Plein jour,En agglomération,Hors intersection,Pluie légère,Sans collision,,,,,,,,,,,1,2,1,2.0,7.0
201100024629,0011-01-04 18:40:00,11,1,4,18,40,250,462,"1, ARMEE DE L'EST (AVENU",,,Nuit avec éclairage allumé,En agglomération,Hors intersection,Normale,Autre collision,,,,,,,,,,,5,2,1,1.0,6.0
201100024630,0011-01-31 13:35:00,11,1,31,13,35,250,204,"13, Grande rue",,,Plein jour,En agglomération,Hors intersection,Normale,Autre collision,,,,,,,,,,,1,2,1,1.0,6.0
201100024631,0011-03-05 10:30:00,11,3,5,10,30,250,462,ROCADE G.POMPIDOU (DU 25,,,Plein jour,Hors agglomération,Hors intersection,Normale,Deux véhicules - frontale,,,,,,,,,,,1,1,1,1.0,1.0
201100024632,0011-03-10 17:05:00,11,3,10,17,5,250,462,"1, PAIX DE LA",,,Plein jour,En agglomération,Hors intersection,Normale,Deux véhicules - côté,,,,,,,,,,,1,2,1,1.0,3.0
201100024633,0011-03-11 16:30:00,11,3,11,16,30,250,462,"70, BESANCON (DU 26 AU 7",,,Plein jour,En agglomération,Hors intersection,Normale,Deux véhicules - arrière,,,,,,,,,,,1,2,1,1.0,2.0
201100024634,0011-03-28 13:05:00,11,3,28,13,5,250,462,LA TUILLERIE,,,Plein jour,Hors agglomération,Hors intersection,Temps couvert,Autre collision,,,,,,,,,,,1,1,1,8.0,6.0
201100024635,0011-03-28 15:00:00,11,3,28,15,0,250,462,STAND,,,Plein jour,En agglomération,Hors intersection,Pluie légère,Autre collision,,,,,,,,,,,1,2,1,2.0,6.0
201100024636,0011-04-05 17:55:00,11,4,5,17,55,250,462,"80, BESANCON (DU 72TER A",,,Plein jour,En agglomération,Intersection en T,Normale,Autre collision,,,,,,,,,,,1,2,3,1.0,6.0
201100024637,0011-04-13 12:25:00,11,4,13,12,25,250,462,"53, DOUBS DE (DU 25 A LA",,,Plein jour,En agglomération,Hors intersection,Normale,Deux véhicules - côté,,,,,,,,,,,1,2,1,1.0,3.0
201100024638,0011-04-17 12:10:00,11,4,17,12,10,250,204,Route Départementale 437,,,Plein jour,Hors agglomération,Hors intersection,Normale,Sans collision,,,,,,,,,,,1,1,1,1.0,7.0
201100024639,0011-04-25 17:10:00,11,4,25,17,10,250,462,"66, SALINS DE (DU 64 A L",,,Plein jour,En agglomération,Hors intersection,Normale,Autre collision,,,,,,,,,,,1,2,1,1.0,6.0
201100024640,0011-05-27 21:06:00,11,5,27,21,6,250,204,R-N 57.,,,Crépuscule ou aube,Hors agglomération,Hors intersection,Normale,Deux véhicules - frontale,,,,,,,,,,,2,1,1,1.0,1.0
201100024641,0011-06-05 11:55:00,11,6,5,11,55,250,204,R-N 57.,,,Plein jour,Hors agglomération,Hors intersection,Normale,Sans collision,,,,,,,,,,,1,1,1,1.0,7.0
201100024642,0011-06-07 17:35:00,11,6,7,17,35,250,462,SAINT PIERRE PLACE,,,Plein jour,En agglomération,Place,Pluie forte,Deux véhicules - côté,,,,,,,,,,,1,2,7,3.0,3.0
201100024643,0011-08-04 16:25:00,11,8,4,16,25,250,204,"25, Grande rue",,,Plein jour,En agglomération,Hors intersection,Normale,Autre collision,,,,,,,,,,,1,2,1,1.0,6.0
201100024644,0011-08-05 18:10:00,11,8,5,18,10,250,462,"36, DENIS PAPIN",,,Plein jour,En agglomération,Hors intersection,Normale,Deux véhicules - côté,,,,,,,,,,,1,2,1,1.0,3.0
201100024645,0011-08-08 10:00:00,11,8,8,10,0,250,462,"6, JEANNE D'ARC",,,Plein jour,En agglomération,Hors intersection,Pluie légère,Autre collision,,,,,,,,,,,1,2,1,2.0,6.0
201100024646,0011-08-19 00:45:00,11,8,19,0,45,250,462,"20, BESANCON (DU 0 AU 25",,,Nuit avec éclairage allumé,En agglomération,Hors intersection,Normale,Autre collision,,,,,,,,,,,5,2,1,1.0,6.0
201100024647,0011-08-20 16:36:00,11,8,20,16,36,250,462,"70, SALINS DE (DU 64 A L",,,Plein jour,En agglomération,Hors intersection,Normale,Deux véhicules - frontale,,,,,,,,,,,1,2,1,1.0,1.0
201100024648,0011-09-26 18:59:00,11,9,26,18,59,250,462,"21, BERLIOZ (DU 0 AU 24)",,,Plein jour,En agglomération,Giratoire,Normale,Sans collision,,,,,,,,,,,1,2,6,1.0,7.0
201100024649,0011-10-05 09:00:00,11,10,5,9,0,250,462,"66, SALINS DE (DU 64 A L",,,Plein jour,En agglomération,Giratoire,Normale,Deux véhicules - côté,,,,,,,,,,,1,2,6,1.0,3.0
201100024650,0011-10-11 13:30:00,11,10,11,13,30,250,462,"1,  PONTARLIER VILLAGE",,,Plein jour,En agglomération,Hors intersection,Normale,Sans collision,,,,,,,,,,,1,2,1,1.0,7.0