accident_id,datetime,annee,mois,jour,heure,minute,departement,commune_insee,adresse,latitude,longitude,luminosite,agglomeration,intersection,meteo,collision,nb_vehicules,nb_usagers,nb_indemnes,nb_tues,nb_blesses_hosp,nb_blesses_legers,age_cond_1,age_cond_2,veh_type_cond_1,veh_type_cond_2,lum_code,agg_code,int_code,atm_code,col_code
201100025040,0011-09-29 16:50:00,11,9,29,16,50,270,229,"27, RTE CONCHES HTR HOPI",49.022,1.12249,Plein jour,En agglomération,Hors intersection,Normale,Sans collision,,,,,,,,,,,1,2,1,1.0,7.0
201100025041,0011-10-09 02:15:00,11,10,9,2,15,270,229,GARAMBOUVILLE (RUE DE),49.0371,1.15109,Nuit avec éclairage allumé,En agglomération,Hors intersection,Normale,Sans collision,,,,,,,,,,,5,2,1,1.0,7.0
201100025042,0011-10-24 09:40:00,11,10,24,9,40,270,229,BRET SORT BD14/7 FEUXN13,49.0148,1.17054,Plein jour,En agglomération,Hors intersection,Normale,Deux véhicules - arrière,,,,,,,,,,,1,2,1,1.0,2.0
201100025043,0011-11-07 13:50:00,11,11,7,13,50,270,229,"312, BECQUEREL (RUE HENR",48.9986,1.14943,Plein jour,En agglomération,Hors intersection,Normale,Deux véhicules - frontale,,,,,,,,,,,1,2,1,1.0,1.0
201100025044,0011-11-09 13:00:00,11,11,9,13,0,270,229,39 BOULEVAR BUFFARDIERE,49.0203,1.14189,Plein jour,En agglomération,Hors intersection,Normale,Autre collision,,,,,,,,,,,1,2,1,1.0,6.0
201100025045,0011-12-06 20:25:00,11,12,6,20,25,270,229,"17, SAINT LEGER (RUE DU",49.0351,1.15629,Nuit avec éclairage allumé,En agglomération,Hors intersection,Temps couvert,Deux véhicules - côté,,,,,,,,,,,5,2,1,8.0,3.0
201100025046,0011-12-07 18:35:00,11,12,7,18,35,270,229,"18, SEMARD (RUE PIERRE)",49.0167,1.1607,Nuit avec éclairage allumé,En agglomération,Hors intersection,Normale,Autre collision,,,,,,,,,,,5,2,1,1.0,6.0
201100025047,0011-12-09 18:20:00,11,12,9,18,20,270,229,"7,RUE PIERRE BROSSOLETTE",49.0203,1.15951,Nuit avec éclairage allumé,En agglomération,Hors intersection,Normale,Autre collision,,,,,,,,,,,5,2,1,1.0,6.0
201100025048,0011-07-15 13:45:00,11,7,15,13,45,350,353,route de Lorient,48.109,-1.74,Plein jour,En agglomération,Hors intersection,Normale,Deux véhicules - côté,,,,,,,,,,,1,2,1,1.0,3.0
201100025049,0011-11-17 10:15:00,11,11,17,10,15,350,353,53rue manoir de servigne,,,Plein jour,En agglomération,Hors intersection,Normale,Deux véhicules - côté,,,,,,,,,,,1,2,1,1.0,3.0
201100025050,0011-01-03 18:45:00,11,1,3,18,45,270,351,RUE DE L ' ABBE DELAMARE,49.2354,1.18219,Nuit avec éclairage allumé,En agglomération,Hors intersection,Normale,Sans collision,,,,,,,,,,,5,2,1,1.0,7.0
201100025051,0011-02-24 20:50:00,11,2,24,20,50,270,375,"12, RTE DE MONTFORT HAYE",49.213,1.1555,Nuit avec éclairage allumé,En agglomération,Hors intersection,Normale,Sans collision,,,,,,,,,,,5,2,1,1.0,7.0
201100025052,0011-03-09 09:30:00,11,3,9,9,30,270,701,CH D'ANDELLE  RD71 RD110,49.2503,1.23562,Plein jour,Hors agglomération,Intersection en T,Normale,Deux véhicules - frontale,,,,,,,,,,,1,1,3,1.0,1.0
201100025053,0011-05-14 19:00:00,11,5,14,19,0,270,351,RUE DE LA CROIX DU VOEU,49.2314,1.17804,Plein jour,En agglomération,Autre intersection,Normale,Autre collision,,,,,,,,,,,1,2,9,1.0,6.0
201100025054,0011-07-21 21:00:00,11,7,21,21,0,270,375,PARIS (ROUTE DE),49.2035,1.1978,Plein jour,En agglomération,Hors intersection,Normale,Sans collision,,,,,,,,,,,1,2,1,1.0,7.0
201100025055,0011-07-25 18:10:00,11,7,25,18,10,270,701,ANDELLE (CHAUSSEE D'),49.2803,1.22578,Plein jour,En agglomération,Intersection en T,Normale,Deux véhicules - côté,,,,,,,,,,,1,2,3,1.0,3.0
201100025056,0011-10-02 01:25:00,11,10,2,1,25,270,375,PARIS (CHAUSSEE DE),49.2071,1.1869,Nuit sans éclairage public,En agglomération,Hors intersection,Normale,Sans collision,,,,,,,,,,,3,2,1,1.0,7.0
201100025057,0011-10-21 19:05:00,11,10,21,19,5,270,701,CH BLANCHE VOIE ROUGETTE,49.2752,1.20267,Crépuscule ou aube,En agglomération,Intersection en X,Normale,Trois véhicules et plus - collisions multiples,,,,,,,,,,,2,2,2,1.0,5.0
201100025058,0011-10-21 17:30:00,11,10,21,17,30,270,375,JOFFRE (BOULEVARD DU ML),49.2148,1.16642,Plein jour,En agglomération,Hors intersection,Normale,Autre collision,,,,,,,,,,,1,2,1,1.0,6.0
201100025059,0011-11-19 17:30:00,11,11,19,17,30,270,375,PARIS (ROUTE DE),49.2035,1.1978,Nuit avec éclairage allumé,En agglomération,Hors intersection,Normale,Deux véhicules - côté,,,,,,,,,,,5,2,1,1.0,3.0
201100025060,0011-11-24 19:10:00,11,11,24,19,10,270,375,CHURCHILL DELATTRE TASSI,49.2233,1.1674,Nuit avec éclairage allumé,En agglomération,Intersection en X,Normale,Deux véhicules - frontale,,,,,,,,,,,5,2,2,1.0,1.0
201100025061,0011-03-12 03:15:00,11,3,12,3,15,140,681,,49.3183,-0.85144,Nuit sans éclairage public,Hors agglomération,Hors intersection,Normale,Sans collision,,,,,,,,,,,3,1,1,1.0,7.0
201100025062,0011-04-16 10:30:00,11,4,16,10,30,140,397,,49.3174,-0.84905,Plein jour,Hors agglomération,Hors intersection,Normale,Sans collision,,,,,,,,,,,1,1,1,1.0,7.0
201100025063,0011-04-23 20:30:00,11,4,23,20,30,140,681,,49.3267,-0.88016,Plein jour,Hors agglomération,Hors intersection,Normale,Autre collision,,,,,,,,,,,1,1,1,1.0,6.0
201100025064,0011-05-29 05:30:00,11,5,29,5,30,140,543,,49.2043,-0.49929,Nuit sans éclairage public,Hors agglomération,Hors intersection,Normale,Sans collision,,,,,,,,,,,3,1,1,1.0,7.0
201100025065,0011-07-10 06:30:00,11,7,10,6,30,140,543,,49.205,-0.488,Crépuscule ou aube,Hors agglomération,Hors intersection,Pluie forte,Autre collision,,,,,,,,,,,2,1,1,3.0,6.0
201100025066,0011-07-21 18:45:00,11,7,21,18,45,140,132,,49.347,-1.026,Plein jour,Hors agglomération,Hors intersection,Normale,Deux véhicules - côté,,,,,,,,,,,1,1,1,1.0,3.0
201100025067,0011-08-23 14:00:00,11,8,23,14,0,140,186,,49.239,-0.583,Plein jour,Hors agglomération,Hors intersection,Normale,Trois véhicules et plus - collisions multiples,,,,,,,,,,,1,1,1,1.0,5.0
201100025068,0011-10-11 12:00:00,11,10,11,12,0,140,380,,49.23,-0.557,Plein jour,Hors agglomération,Hors intersection,Normale,Sans collision,,,,,,,,,,,1,1,1,1.0,7.0
201100025069,0011-12-23 22:00:00,11,12,23,22,0,140,4,,,,Nuit sans éclairage public,Hors agglomération,Hors intersection,Vent fort / tempête,Sans collision,,,,,,,,,,,3,1,1,6.0,7.0
201100025070,0011-05-07 16:15:00,11,5,7,16,15,60,140,CHEMIN PINS PIGNOUS,,,Plein jour,En agglomération,Hors intersection,Normale,Deux véhicules - côté,,,,,,,,,,,1,2,1,1.0,3.0
201100025071,0011-06-03 23:45:00,11,6,3,23,45,60,130,Avenue Nicolas LOMBARD,,,Nuit avec éclairage allumé,En agglomération,Hors intersection,Pluie forte,Autre collision,,,,,,,,,,,5,2,1,3.0,6.0
201100025072,0011-06-19 15:00:00,11,6,19,15,0,60,130,,,,Plein jour,Hors agglomération,Hors intersection,Normale,Deux véhicules - frontale,,,,,,,,,,,1,1,1,1.0,1.0
201100025073,0011-06-22 12:45:00,11,6,22,12,45,60,37,,,,Plein jour,Hors agglomération,Hors intersection,Normale,Autre collision,,,,,,,,,,,1,1,1,1.0,6.0
201100025074,0011-08-11 19:00:00,11,8,11,19,0,60,140,,,,Plein jour,Hors agglomération,Hors intersection,Normale,Deux véhicules - frontale,,,,,,,,,,,1,1,1,1.0,1.0
201100025075,0011-10-02 11:15:00,11,10,2,11,15,60,130,RD 6085,,,Plein jour,En agglomération,Hors intersection,Normale,Deux véhicules - côté,,,,,,,,,,,1,2,1,1.0,3.0
201100025076,0011-10-31 17:30:00,11,10,31,17,30,60,118,,,,Crépuscule ou aube,Hors agglomération,Hors intersection,Normale,Deux véhicules - côté,,,,,,,,,,,2,1,1,1.0,3.0
201100025077,0011-12-15 18:00:00,11,12,15,18,0,60,140,889 route de draguigan,,,Nuit avec éclairage allumé,En agglomération,Hors intersection,Normale,Deux véhicules - arrière,,,,,,,,,,,5,2,1,1.0,2.0
201100025078,0011-12-27 17:15:00,11,12,27,17,15,60,95,30 av docteur belletrud,,,Crépuscule ou aube,En agglomération,Hors intersection,Normale,Deux véhicules - arrière,,,,,,,,,,,2,2,1,1.0,2.0
201100025079,0011-10-04 11:50:00,11,10,4,11,50,270,681,"10, GAMILLY (RUE DE)",49.089,1.48947,Plein jour,En agglomération,Hors intersection,Pluie légère,Sans collision,,,,,,,,,,,1,2,1,2.0,7.0
201100025080,0011-10-30 20:10:00,11,10,30,20,10,270,681,ARDECHE BD ISAMBAR DEVOS,49.084,1.47806,Nuit avec éclairage allumé,En agglomération,Intersection en T,Normale,Deux véhicules - côté,,,,,,,,,,,5,2,3,1.0,3.0
201100025081,0011-10-19 00:01:00,11,10,19,0,1,270,681,TASSIGNY CHE RELIGIEUSES,49.0767,1.46397,Nuit sans éclairage public,Hors agglomération,Intersection en T,Normale,Sans collision,,,,,,,,,,,3,1,3,1.0,7.0
201100025082,0011-12-24 08:45:00,11,12,24,8,45,270,681,"4, AV ARDECHE R MONTIGNY",49.0892,1.48175,Plein jour,En agglomération,Intersection en T,Normale,Autre collision,,,,,,,,,,,1,2,3,1.0,6.0
201100025083,0011-01-30 15:05:00,11,1,30,15,5,270,681,BLD JULIE DEVOS R BELGES,49.0876,1.4731,Plein jour,En agglomération,Intersection en T,Normale,Sans collision,,,,,,,,,,,1,2,3,1.0,7.0
201100025084,0011-04-23 10:15:00,11,4,23,10,15,270,562,"2,RUE POSTE RUE DES PRES",49.1029,1.45262,Plein jour,En agglomération,Intersection en T,Normale,Sans collision,,,,,,,,,,,1,2,3,1.0,7.0
201100025085,0011-04-15 19:00:00,11,4,15,19,0,270,681,BOULEVARD JEAN JAURES,49.0959,1.4655,Plein jour,En agglomération,Hors intersection,Normale,Deux véhicules - côté,,,,,,,,,,,1,2,1,1.0,3.0
201100025086,0011-06-16 12:55:00,11,6,16,12,55,270,681,AVEN ROUEN QUAI DE SEINE,49.0988,1.4749,Plein jour,En agglomération,Intersection en T,Normale,Deux véhicules - côté,,,,,,,,,,,1,2,3,1.0,3.0
201100025087,0011-05-20 16:45:00,11,5,20,16,45,270,681,GISORS (ROUTE DE),49.1204,1.49496,Plein jour,Hors agglomération,Hors intersection,Normale,Sans collision,,,,,,,,,,,1,1,1,1.0,7.0
201100025088,0011-06-03 19:00:00,11,6,3,19,0,270,681,RELIGIEUSES (CHEMIN),49.0767,1.46397,Plein jour,En agglomération,Intersection en T,Normale,Sans collision,,,,,,,,,,,1,2,3,1.0,7.0
201100025089,0011-12-29 01:35:00,11,12,29,1,35,270,681,BD DEVOS RUE DE BIZY,49.0882,1.47238,Nuit avec éclairage allumé,En agglomération,Intersection en T,Pluie légère,Deux véhicules - côté,,,,,,,,,,,5,2,3,2.0,3.0
201100025090,0011-03-29 08:00:00,11,3,29,8,0,170,222,,46.227,-1.145,Plein jour,Hors agglomération,Hors intersection,Temps couvert,Deux véhicules - frontale,,,,,,,,,,,1,1,1,8.0,1.0
201100025091,0011-05-15 17:45:00,11,5,15,17,45,170,472,CD9 villedoux,46.24,-1.079,Plein jour,En agglomération,Hors intersection,Normale,Autre collision,,,,,,,,,,,1,2,1,1.0,6.0
201100025092,0011-05-26 17:00:00,11,5,26,17,0,170,472,23 RUE DE L'OCEAN,46.248,-1.071,Plein jour,En agglomération,Intersection en T,Normale,Deux véhicules - côté,,,,,,,,,,,1,2,3,1.0,3.0
201100025093,0011-09-11 10:00:00,11,9,11,10,0,170,153,,46.243,-1.108,Plein jour,Hors agglomération,Hors intersection,Pluie forte,Deux véhicules - côté,,,,,,,,,,,1,1,1,3.0,3.0
201100025094,0011-10-26 10:45:00,11,10,26,10,45,170,472,,46.242,-1.081,Plein jour,Hors agglomération,Hors intersection,Normale,Deux véhicules - frontale,,,,,,,,,,,1,1,1,1.0,1.0
201100025095,0011-10-28 05:30:00,11,10,28,5,30,170,142,,46.188,-1.081,Nuit sans éclairage public,Hors agglomération,Hors intersection,Brouillard / fumée,Trois véhicules et plus - en chaîne,,,,,,,,,,,3,1,1,5.0,4.0
201100025096,0011-07-03 07:00:00,11,7,3,7,0,250,188,,47.55,6.865,Plein jour,Hors agglomération,Hors intersection,Normale,Deux véhicules - arrière,,,,,,,,,,,1,1,1,1.0,2.0
201100025097,0011-08-25 08:30:00,11,8,25,8,30,910,363,,,,Plein jour,Hors agglomération,Hors intersection,Normale,Trois véhicules et plus - en chaîne,,,,,,,,,,,1,1,1,1.0,4.0
201100025098,0011-11-08 10:30:00,11,11,8,10,30,910,666,,,,Plein jour,Hors agglomération,Hors intersection,Pluie légère,Deux véhicules - frontale,,,,,,,,,,,1,1,1,2.0,1.0
201100025099,0011-01-09 18:15:00,11,1,9,18,15,760,119,A28,49.628,1.26315,Nuit sans éclairage public,Hors agglomération,Hors intersection,Normale,Deux véhicules - arrière,,,,,,,,,,,3,1,1,1.0,2.0
201100025100,0011-01-13 12:30:00,11,1,13,12,30,760,257,A28,49.8733,1.56443,Plein jour,Hors agglomération,Hors intersection,Pluie forte,Autre collision,,,,,,,,,,,1,1,1,3.0,6.0
201100025101,0011-01-22 02:00:00,11,1,22,2,0,760,645,A28,49.8831,1.59561,Nuit sans éclairage public,Hors agglomération,Hors intersection,Normale,Sans collision,,,,,,,,,,,3,1,1,1.0,7.0
201100025102,0011-04-26 06:30:00,11,4,26,6,30,760,462,A28,49.7318,1.4632,Plein jour,Hors agglomération,Hors intersection,Normale,Sans collision,,,,,,,,,,,1,1,1,1.0,7.0
201100025103,0011-05-21 09:15:00,11,5,21,9,15,760,424,A28,49.747,1.47665,Plein jour,Hors agglomération,Hors intersection,Normale,Deux véhicules - arrière,,,,,,,,,,,1,1,1,1.0,2.0
201100025104,0011-08-04 09:15:00,11,8,4,9,15,760,244,,49.70944,1.37991,Plein jour,Hors agglomération,Hors intersection,Normale,Autre collision,,,,,,,,,,,1,1,1,1.0,6.0
201100025105,0011-09-23 13:45:00,11,9,23,13,45,760,584,,49.74837,1.47841,Plein jour,Hors agglomération,Hors intersection,Normale,Autre collision,,,,,,,,,,,1,1,1,1.0,6.0
201100025106,0011-12-04 16:00:00,11,12,4,16,0,760,621,,49.66015,1.29941,Plein jour,Hors agglomération,Hors intersection,Pluie forte,Sans collision,,,,,,,,,,,1,1,1,3.0,7.0
201100025107,0011-01-10 04:15:00,11,1,10,4,15,760,66,A29,49.637,1.04114,Nuit sans éclairage public,Hors agglomération,Hors intersection,Normale,Autre collision,,,,,,,,,,,3,1,1,1.0,6.0
201100025108,0011-08-10 12:30:00,11,8,10,12,30,760,325,,49.65247,0.83909,Plein jour,Hors agglomération,Hors intersection,Normale,Autre collision,,,,,,,,,,,1,1,1,1.0,6.0
201100025109,0011-11-06 02:30:00,11,11,6,2,30,760,223,,49.62762,0.81037,Nuit sans éclairage public,Hors agglomération,Hors intersection,Pluie légère,Autre collision,,,,,,,,,,,3,1,1,2.0,6.0
201100025110,0011-12-18 07:45:00,11,12,18,7,45,760,628,,49.61728,1.04087,Plein jour,Hors agglomération,Hors intersection,Neige / grêle,Autre collision,,,,,,,,,,,1,1,1,4.0,6.0
201100025111,0011-04-18 04:45:00,11,4,18,4,45,190,178,,45.271,1.55,Nuit sans éclairage public,Hors agglomération,Hors intersection,Normale,Deux véhicules - frontale,,,,,,,,,,,3,1,1,1.0,1.0
201100025112,0011-08-19 08:00:00,11,8,19,8,0,190,147,SENS 2,45.0635,1.50672,Plein jour,Hors agglomération,Hors intersection,Normale,Deux véhicules - frontale,,,,,,,,,,,1,1,1,1.0,1.0
201100025113,0011-08-27 11:15:00,11,8,27,11,15,190,248,SENS PROVINCE - PARIS,45.4227,1.51637,Plein jour,Hors agglomération,Hors intersection,Normale,Deux véhicules - arrière,,,,,,,,,,,1,1,1,1.0,2.0
201100025114,0011-09-02 03:15:00,11,9,2,3,15,190,72,SENS PARIS - PROVINCE,45.2189,1.5126,Nuit sans éclairage public,Hors agglomération,Hors intersection,Normale,Deux véhicules - frontale,,,,,,,,,,,3,1,1,1.0,1.0
201100025115,0011-12-17 18:15:00,11,12,17,18,15,190,151,SENS PROVINCE - PARIS,45.1075,1.51339,Nuit sans éclairage public,Hors agglomération,Hors intersection,Pluie forte,Autre collision,,,,,,,,,,,3,1,1,3.0,6.0
201100025116,0011-06-03 16:30:00,11,6,3,16,30,590,266,151 rue nationale,50.54274,2.97803,Plein jour,En agglomération,Hors intersection,Normale,Sans collision,,,,,,,,,,,1,2,1,1.0,7.0
201100025117,0011-06-10 09:00:00,11,6,10,9,0,590,462,,50.52732,3.00797,Plein jour,Hors agglomération,Hors intersection,Normale,Deux véhicules - côté,,,,,,,,,,,1,1,1,1.0,3.0
201100025118,0011-10-14 15:15:00,11,10,14,15,15,590,266,Rue Nationale,50.54297,2.97665,Crépuscule ou aube,En agglomération,Hors intersection,Normale,Deux véhicules - côté,,,,,,,,,,,2,2,1,1.0,3.0
201100025119,0011-01-03 07:30:00,11,1,3,7,30,280,218,"SANS, BEAUCE (RUE DE)",,,Nuit avec éclairage allumé,En agglomération,Intersection en T,Normale,Autre collision,,,,,,,,,,,5,2,3,1.0,6.0
201100025120,0011-01-06 16:40:00,11,1,6,16,40,280,85,"27, BOURGNEUF (RUE DU)",48.45678,1.48598,Plein jour,En agglomération,Hors intersection,Normale,Autre collision,,,,,,,,,,,1,2,1,1.0,6.0
201100025121,0011-01-11 10:25:00,11,1,11,10,25,280,229,"sans, D939",,,Plein jour,Hors agglomération,Hors intersection,Normale,Sans collision,,,,,,,,,,,1,1,1,1.0,7.0
201100025122,0011-01-12 07:35:00,11,1,12,7,35,280,110,"SANS, VOVES (RUE DE)",48.42634,1.49437,Nuit avec éclairage allumé,En agglomération,Intersection en T,Pluie légère,Deux véhicules - côté,,,,,,,,,,,5,2,3,2.0,3.0
201100025123,0011-01-13 15:55:00,11,1,13,15,55,280,220,"sans, AVENUE DE LA REPUB",,,Plein jour,En agglomération,Giratoire,Normale,Deux véhicules - côté,,,,,,,,,,,1,2,6,1.0,3.0
201100025124,0011-02-01 20:35:00,11,2,1,20,35,280,85,"7, COURTILLE (BOULEVARD",48.44488,1.49608,Nuit avec éclairage allumé,En agglomération,Hors intersection,Neige / grêle,Sans collision,,,,,,,,,,,5,2,1,4.0,7.0
201100025125,0011-02-03 18:55:00,11,2,3,18,55,280,85,"SANS, ANCIENS COMBATTANT",48.44979,1.5208,Nuit avec éclairage allumé,En agglomération,Autre intersection,Temps couvert,Deux véhicules - frontale,,,,,,,,,,,5,2,9,8.0,1.0
201100025126,0011-02-14 13:45:00,11,2,14,13,45,280,220,"sans, GUTEMBERG (RUE)",48.42669,1.46031,Plein jour,En agglomération,Hors intersection,Normale,Autre collision,,,,,,,,,,,1,2,1,1.0,6.0
201100025127,0011-02-21 17:25:00,11,2,21,17,25,280,229,R.D.905,,,Plein jour,Hors agglomération,Hors intersection,Temps couvert,Trois véhicules et plus - collisions multiples,,,,,,,,,,,1,1,1,8.0,5.0
201100025128,0011-01-17 19:00:00,11,1,17,19,0,280,85,RD24,,,Nuit sans éclairage public,Hors agglomération,Hors intersection,Normale,Deux véhicules - arrière,,,,,,,,,,,3,1,1,1.0,2.0
201100025129,0011-01-18 19:40:00,11,1,18,19,40,280,218,"54, REPUBLIQUE (AVENUE D",48.44008,1.46808,Nuit avec éclairage allumé,En agglomération,Hors intersection,Normale,Deux véhicules - frontale,,,,,,,,,,,5,2,1,1.0,1.0
201100025130,0011-01-22 10:30:00,11,1,22,10,30,280,218,RN 123,,,Plein jour,Hors agglomération,Autre intersection,Normale,Autre collision,,,,,,,,,,,1,1,9,1.0,6.0
201100025131,0011-02-06 17:05:00,11,2,6,17,5,280,209,"SANS, CHACATIERE (RUE DE",,,Crépuscule ou aube,En agglomération,Hors intersection,Normale,Deux véhicules - côté,,,,,,,,,,,2,2,1,1.0,3.0
201100025132,0011-02-26 07:52:00,11,2,26,7,52,280,229,"sans, RESISTANCE (AVENUE",48.4506,1.46381,Crépuscule ou aube,En agglomération,Hors intersection,Normale,Autre collision,,,,,,,,,,,2,2,1,1.0,6.0
201100025133,0011-03-02 20:07:00,11,3,2,20,7,280,85,"15, CHASLES (BOULEVARD)",48.43885,1.48877,Nuit avec éclairage allumé,En agglomération,Hors intersection,Normale,Trois véhicules et plus - collisions multiples,,,,,,,,,,,5,2,1,1.0,5.0
201100025134,0011-03-09 17:35:00,11,3,9,17,35,280,209,"SANS, Butte Celtique (Ru",48.48417,1.47542,Plein jour,Hors agglomération,Hors intersection,Normale,Sans collision,,,,,,,,,,,1,1,1,1.0,7.0
201100025135,0011-03-10 12:00:00,11,3,10,12,0,280,218,"SANS, REPUBLIQUE (AVENUE",48.43928,1.46028,Plein jour,En agglomération,Hors intersection,Normale,Autre collision,,,,,,,,,,,1,2,1,1.0,6.0
201100025136,0011-03-15 13:40:00,11,3,15,13,40,280,85,"SANS, SEMARD (PLACE PIER",48.44798,1.48192,Plein jour,En agglomération,Place,Normale,Autre collision,,,,,,,,,,,1,2,7,1.0,6.0
201100025137,0011-03-16 17:50:00,11,3,16,17,50,280,218,"SANS, TAYE (RUE DE LA)",48.42839,1.44702,Plein jour,En agglomération,Intersection en X,Normale,Deux véhicules - arrière,,,,,,,,,,,1,2,2,1.0,2.0
201100025138,0011-03-21 17:25:00,11,3,21,17,25,280,209,"sans, PAIX (AVENUE DE LA",,,Plein jour,En agglomération,Intersection en T,Normale,Deux véhicules - arrière,,,,,,,,,,,1,2,3,1.0,2.0
201100025139,0011-02-17 09:40:00,11,2,17,9,40,280,85,"sans, SOURS (RUE DE)",,,Plein jour,En agglomération,Intersection en T,Normale,Deux véhicules - arrière,,,,,,,,,,,1,2,3,1.0,2.0
201100025140,0011-03-22 17:00:00,11,3,22,17,0,280,218,LECLERC (RUE MARECHAL),,,Plein jour,En agglomération,Intersection en X,Normale,Deux véhicules - côté,,,,,,,,,,,1,2,2,1.0,3.0
201100025141,0011-03-04 14:55:00,11,3,4,14,55,280,85,"sans, RENOUARD SAINT LOU",48.43905,1.48994,Plein jour,En agglomération,Hors intersection,Normale,Autre collision,,,,,,,,,,,1,2,1,1.0,6.0
201100025142,0011-03-23 11:45:00,11,3,23,11,45,280,218,"sans, BEAUCE (RUE DE)",48.43421,1.45866,Plein jour,En agglomération,Intersection en T,Temps éblouissant,Sans collision,,,,,,,,,,,1,2,3,7.0,7.0
201100025143,0011-03-24 15:20:00,11,3,24,15,20,280,85,"SANS, PEGUY (BOULEVARD C",48.45144,1.48611,Plein jour,En agglomération,Hors intersection,Normale,Deux véhicules - arrière,,,,,,,,,,,1,2,1,1.0,2.0
201100025144,0011-03-25 14:00:00,11,3,25,14,0,280,85,CHAISES (RUE DES),48.43307,1.50343,Plein jour,En agglomération,Hors intersection,Normale,Sans collision,,,,,,,,,,,1,2,1,1.0,7.0
201100025145,0011-03-26 10:30:00,11,3,26,10,30,280,85,"SANS, FAUBOURG LA GRAPPE",,,Plein jour,En agglomération,Hors intersection,Normale,Deux véhicules - côté,,,,,,,,,,,1,2,1,1.0,3.0
201100025146,0011-04-04 07:30:00,11,4,4,7,30,280,85,"SANS, RD939",,,Plein jour,Hors agglomération,Hors intersection,Brouillard / fumée,Deux véhicules - arrière,,,,,,,,,,,1,1,1,5.0,2.0
201100025147,0011-04-04 12:10:00,11,4,4,12,10,280,209,"SANS, RN 154",,,Plein jour,Hors agglomération,Hors intersection,Normale,Sans collision,,,,,,,,,,,1,1,1,1.0,7.0
201100025148,0011-04-06 17:15:00,11,4,6,17,15,280,85,"sans, FAUBOURG SAINT JEA",,,Plein jour,En agglomération,Hors intersection,Normale,Deux véhicules - côté,,,,,,,,,,,1,2,1,1.0,3.0
201100025149,0011-04-06 17:15:00,11,4,6,17,15,280,85,"SANS, BRUNE (RUE CHARLES",48.44666,1.48268,Plein jour,En agglomération,Hors intersection,Normale,Autre collision,,,,,,,,,,,1,2,1,1.0,6.0
201100025150,0011-04-07 09:00:00,11,4,7,9,0,280,218,"SANS, FOREAU (RUE FRANCO",48.4361,1.46039,Plein jour,En agglomération,Hors intersection,Normale,Trois véhicules et plus - en chaîne,,,,,,,,,,,1,2,1,1.0,4.0
201100025151,0011-04-08 23:13:00,11,4,8,23,13,280,85,DROUAISE (PLACE),,,Nuit avec éclairage allumé,En agglomération,Intersection en X,Normale,Deux véhicules - côté,,,,,,,,,,,5,2,2,1.0,3.0
201100025152,0011-04-09 16:45:00,11,4,9,16,45,280,85,"30, FRESNAY (RUE DE)",,,Plein jour,En agglomération,Hors intersection,Normale,Autre collision,,,,,,,,,,,1,2,1,1.0,6.0
201100025153,0011-04-09 19:40:00,11,4,9,19,40,280,218,"SANS, RN 123",,,Plein jour,Hors agglomération,Hors intersection,Normale,Sans collision,,,,,,,,,,,1,1,1,1.0,7.0
201100025154,0011-04-13 08:50:00,11,4,13,8,50,280,110,"SANS, DU GORD",,,Plein jour,En agglomération,Hors intersection,Normale,Sans collision,,,,,,,,,,,1,2,1,1.0,7.0
201100025155,0011-04-17 09:45:00,11,4,17,9,45,280,85,JAURES (BOULEVARD),,,Plein jour,En agglomération,Place,Normale,Deux véhicules - frontale,,,,,,,,,,,1,2,7,1.0,1.0
201100025156,0011-04-18 22:30:00,11,4,18,22,30,280,85,"36, RESERVOIRS (RUE - IM",48.43622,1.49022,Nuit avec éclairage allumé,En agglomération,Hors intersection,Normale,Autre collision,,,,,,,,,,,5,2,1,1.0,6.0
201100025157,0011-04-20 10:00:00,11,4,20,10,0,280,85,"SANS, COURTILLE (BOULEVA",48.44278,1.49509,Plein jour,En agglomération,Hors intersection,Normale,Deux véhicules - côté,,,,,,,,,,,1,2,1,1.0,3.0
201100025158,0011-04-21 17:50:00,11,4,21,17,50,280,70,"2, PRESSOIR (RUE DU)",48.46981,1.50645,Plein jour,En agglomération,Hors intersection,Normale,Deux véhicules - côté,,,,,,,,,,,1,2,1,1.0,3.0
201100025159,0011-04-23 23:10:00,11,4,23,23,10,280,85,"SANS, CHASLES (BOULEVARD",48.44333,1.48515,Nuit avec éclairage allumé,En agglomération,Hors intersection,Pluie forte,Deux véhicules - frontale,,,,,,,,,,,5,2,1,3.0,1.0
201100025160,0011-04-30 07:40:00,11,4,30,7,40,280,229,"sans, D939",,,Plein jour,Hors agglomération,Autre intersection,Brouillard / fumée,Deux véhicules - côté,,,,,,,,,,,1,1,9,5.0,3.0
201100025161,0011-05-02 10:05:00,11,5,2,10,5,280,229,"sans, RN 1154",,,Plein jour,Hors agglomération,Hors intersection,Pluie légère,Deux véhicules - arrière,,,,,,,,,,,1,1,1,2.0,2.0
201100025162,0011-05-06 11:30:00,11,5,6,11,30,280,85,"SANS, CLEMENCEAU (BOULEV",,,Plein jour,En agglomération,Hors intersection,Normale,Deux véhicules - côté,,,,,,,,,,,1,2,1,1.0,3.0
201100025163,0011-05-08 07:50:00,11,5,8,7,50,280,229,"sans, ROSTAND (RUE JEAN)",48.4468,1.44601,Plein jour,Hors agglomération,Hors intersection,Normale,Sans collision,,,,,,,,,,,1,1,1,1.0,7.0