accident_id,datetime,annee,mois,jour,heure,minute,departement,commune_insee,adresse,latitude,longitude,luminosite,agglomeration,intersection,meteo,collision,nb_vehicules,nb_usagers,nb_indemnes,nb_tues,nb_blesses_hosp,nb_blesses_legers,age_cond_1,age_cond_2,veh_type_cond_1,veh_type_cond_2,lum_code,agg_code,int_code,atm_code,col_code
201100025415,0011-02-21 07:35:00,11,2,21,7,35,290,19,"84, EUSEN VICTOR",48.38042,-4.53273,Crépuscule ou aube,En agglomération,Hors intersection,Normale,Deux véhicules - côté,,,,,,,,,,,2,2,1,1.0,3.0
201100025416,0011-02-21 16:20:00,11,2,21,16,20,290,19,"., BRUAT (DE 1 A 23 ET 2",48.39924,-4.47905,Plein jour,En agglomération,Intersection en X,Pluie légère,Deux véhicules - côté,,,,,,,,,,,1,2,2,2.0,3.0
201100025417,0011-02-23 18:00:00,11,2,23,18,0,290,19,"01, DUC D'AUMALE",48.40112,-4.51012,Crépuscule ou aube,En agglomération,Intersection en X,Normale,Deux véhicules - côté,,,,,,,,,,,2,2,2,1.0,3.0
201100025418,0011-02-24 12:40:00,11,2,24,12,40,290,19,"13, SEBASTOPOL",48.39979,-4.46995,Plein jour,En agglomération,Hors intersection,Normale,Autre collision,,,,,,,,,,,1,2,1,1.0,6.0
201100025419,0011-03-03 09:00:00,11,3,3,9,0,290,19,TARENTE,48.40561,-4.51075,Plein jour,En agglomération,Autre intersection,Temps éblouissant,Autre collision,,,,,,,,,,,1,2,9,7.0,6.0
201100025420,0011-03-03 09:00:00,11,3,3,9,0,290,19,"37, MONTAIGNE (DE 1 A 37",48.40479,-4.47866,Plein jour,En agglomération,Intersection en X,Normale,Deux véhicules - arrière,,,,,,,,,,,1,2,2,1.0,2.0
201100025421,0011-03-03 16:40:00,11,3,3,16,40,290,19,"40, EUSEN VICTOR",48.38061,-4.53227,Plein jour,En agglomération,Intersection en Y,Normale,Autre collision,,,,,,,,,,,1,2,4,1.0,6.0
201100025422,0011-03-08 14:15:00,11,3,8,14,15,290,19,"16, AIGUILLON (DE 1 A 37",48.38732,-4.49131,Plein jour,En agglomération,Hors intersection,Normale,Autre collision,,,,,,,,,,,1,2,1,1.0,6.0
201100025423,0011-03-12 23:30:00,11,3,12,23,30,290,19,"., MONTAIGNE (DE 39 A 11",48.4039,-4.48007,Nuit avec éclairage non allumé,En agglomération,Hors intersection,Autre,Deux véhicules - arrière,,,,,,,,,,,4,2,1,9.0,2.0
201100025424,0011-03-14 20:50:00,11,3,14,20,50,290,19,"67, SEBASTOPOL",48.39908,-4.47111,Nuit avec éclairage allumé,En agglomération,Hors intersection,Normale,Autre collision,,,,,,,,,,,5,2,1,1.0,6.0
201100025425,0011-03-15 09:20:00,11,3,15,9,20,290,19,"50, MONTAIGNE (DE 39 A 1",48.40443,-4.47929,Plein jour,En agglomération,Hors intersection,Pluie légère,Trois véhicules et plus - en chaîne,,,,,,,,,,,1,2,1,2.0,4.0
201100025426,0011-03-17 10:50:00,11,3,17,10,50,290,19,"., EUROPE (DE 13 A 15)",48.41581,-4.47314,Plein jour,En agglomération,Hors intersection,Normale,Deux véhicules - côté,,,,,,,,,,,1,2,1,1.0,3.0
201100025427,0011-03-18 16:00:00,11,3,18,16,0,290,19,"., ROBESPIERRE (DE 1 A 3",48.41456,-4.49201,Plein jour,En agglomération,Intersection en X,Normale,Deux véhicules - côté,,,,,,,,,,,1,2,2,1.0,3.0
201100025428,0011-03-22 07:35:00,11,3,22,7,35,290,19,PROVENCE (AVENUE ET ROND,48.40726,-4.51876,Crépuscule ou aube,En agglomération,Intersection en T,Autre,Deux véhicules - côté,,,,,,,,,,,2,2,3,9.0,3.0
201100025429,0011-03-22 16:35:00,11,3,22,16,35,290,19,BERT PAUL,48.38221,-4.52031,Plein jour,En agglomération,Intersection en X,Normale,Autre collision,,,,,,,,,,,1,2,2,1.0,6.0
201100025430,0011-03-25 15:50:00,11,3,25,15,50,290,19,"., FRANCE ANATOLE (DE 24",48.38241,-4.52746,Plein jour,En agglomération,Giratoire,Normale,Autre collision,,,,,,,,,,,1,2,6,1.0,6.0
201100025431,0011-03-30 07:45:00,11,3,30,7,45,290,19,"., FOUGERES (RUE ET RD P",48.40651,-4.52034,Plein jour,En agglomération,Giratoire,Normale,Deux véhicules - côté,,,,,,,,,,,1,2,6,1.0,3.0
201100025432,0011-03-30 10:05:00,11,3,30,10,5,290,19,"., COLIN ANDRE",48.42597,-4.4696,Plein jour,Hors agglomération,Intersection en T,Autre,Deux véhicules - arrière,,,,,,,,,,,1,1,3,9.0,2.0
201100025433,0011-04-01 12:05:00,11,4,1,12,5,290,19,"., KERMENGUY",48.40244,-4.50181,Plein jour,En agglomération,Hors intersection,Normale,Autre collision,,,,,,,,,,,1,2,1,1.0,6.0
201100025434,0011-04-02 13:40:00,11,4,2,13,40,290,19,"., FOCH MARECHAL",48.39716,-4.48893,Plein jour,En agglomération,Hors intersection,Normale,Autre collision,,,,,,,,,,,1,2,1,1.0,6.0
201100025435,0011-04-02 14:20:00,11,4,2,14,20,290,19,"125, ESVAN CAPITAINE",48.39237,-4.53843,Plein jour,En agglomération,Hors intersection,Normale,Autre collision,,,,,,,,,,,1,2,1,1.0,6.0
201100025436,0011-04-04 16:05:00,11,4,4,16,5,290,19,"., QUIMPER (154 ET 173 A",48.40218,-4.46004,Plein jour,En agglomération,Intersection en T,Normale,Deux véhicules - côté,,,,,,,,,,,1,2,3,1.0,3.0
201100025437,0011-04-04 19:30:00,11,4,4,19,30,290,19,"., MOUCHOTTE (DE 1 A 21",48.39068,-4.50656,Plein jour,En agglomération,Giratoire,Normale,Autre collision,,,,,,,,,,,1,2,6,1.0,6.0
201100025438,0011-04-08 07:45:00,11,4,8,7,45,290,19,"36, VALMY",48.40147,-4.46698,Plein jour,En agglomération,Hors intersection,Normale,Autre collision,,,,,,,,,,,1,2,1,1.0,6.0
201100025439,0011-04-09 13:30:00,11,4,9,13,30,290,19,"., GUELMEUR (DE 1 A 61 E",48.39839,-4.45938,Plein jour,En agglomération,Intersection en X,Normale,Deux véhicules - côté,,,,,,,,,,,1,2,2,1.0,3.0
201100025440,0011-04-10 03:20:00,11,4,10,3,20,290,19,"., DUVAL MARCELLIN (DE 2",48.42043,-4.48695,Nuit avec éclairage allumé,En agglomération,Intersection en T,Normale,Autre collision,,,,,,,,,,,5,2,3,1.0,6.0
201100025441,0011-04-11 16:20:00,11,4,11,16,20,290,19,"., QUATRE POMPES (DE 1 A",48.37688,-4.53517,Plein jour,En agglomération,Hors intersection,Normale,Deux véhicules - côté,,,,,,,,,,,1,2,1,1.0,3.0
201100025442,0011-04-12 17:30:00,11,4,12,17,30,290,19,"., RUE GUSTAVE ZEDE",48.42185,-4.46351,Plein jour,En agglomération,Intersection en X,Normale,Deux véhicules - côté,,,,,,,,,,,1,2,2,1.0,3.0
201100025443,0011-04-13 17:10:00,11,4,13,17,10,290,19,"., LE GORGEU (N°ENTRE TA",48.40322,-4.50419,Plein jour,En agglomération,Giratoire,Normale,Deux véhicules - côté,,,,,,,,,,,1,2,6,1.0,3.0
201100025444,0011-04-17 17:50:00,11,4,17,17,50,290,19,"., TARENTE",48.40462,-4.50947,Plein jour,Hors agglomération,Intersection en T,Normale,Deux véhicules - arrière,,,,,,,,,,,1,1,3,1.0,2.0
201100025445,0011-04-18 09:30:00,11,4,18,9,30,290,19,EUSEN VICTOR,48.38123,-4.53021,Plein jour,En agglomération,Intersection en T,Normale,Autre collision,,,,,,,,,,,1,2,3,1.0,6.0
201100025446,0011-04-18 19:15:00,11,4,18,19,15,290,19,".., HUIT MAI 1945 (DE 46",48.41505,-4.47949,Plein jour,En agglomération,Hors intersection,Normale,Deux véhicules - arrière,,,,,,,,,,,1,2,1,1.0,2.0
201100025447,0011-04-20 12:05:00,11,4,20,12,5,290,19,"., TRAVERSE",48.38636,-4.4915,Plein jour,En agglomération,Intersection en X,Normale,Autre collision,,,,,,,,,,,1,2,2,1.0,6.0
201100025448,0011-04-21 19:10:00,11,4,21,19,10,290,19,"47, ROBESPIERRE (DE 33 A",48.41371,-4.49138,Plein jour,En agglomération,Intersection en T,Normale,Autre collision,,,,,,,,,,,1,2,3,1.0,6.0
201100025449,0011-04-22 19:35:00,11,4,22,19,35,290,19,"., KEROURIEN (DE 1 A 25",48.3832,-4.53596,Plein jour,En agglomération,Hors intersection,Normale,Deux véhicules - arrière,,,,,,,,,,,1,2,1,1.0,2.0
201100025450,0011-04-23 09:45:00,11,4,23,9,45,290,19,"127, EUROPE (DE 58 A 166",48.41554,-4.47534,Plein jour,En agglomération,Hors intersection,Normale,Deux véhicules - arrière,,,,,,,,,,,1,2,1,1.0,2.0
201100025451,0011-04-23 13:25:00,11,4,23,13,25,290,19,"., HARTELOIRE (RUE)",48.39371,-4.49536,Plein jour,En agglomération,Intersection en T,Normale,Deux véhicules - côté,,,,,,,,,,,1,2,3,1.0,3.0
201100025452,0011-04-27 12:10:00,11,4,27,12,10,290,19,"5, LOUPPE ALBERT (DE 1 A",48.40247,-4.46671,Plein jour,En agglomération,Hors intersection,Normale,Deux véhicules - côté,,,,,,,,,,,1,2,1,1.0,3.0
201100025453,0011-04-30 19:20:00,11,4,30,19,20,290,19,"., SAINTE BEUVE",48.37948,-4.5413,Plein jour,En agglomération,Intersection en X,Pluie légère,Deux véhicules - côté,,,,,,,,,,,1,2,2,2.0,3.0
201100025454,0011-05-03 23:00:00,11,5,3,23,0,290,19,"10, AUMALE DUC D'",47.98942,-4.0634,Nuit avec éclairage allumé,En agglomération,Hors intersection,Normale,Deux véhicules - arrière,,,,,,,,,,,5,2,1,1.0,2.0
201100025455,0011-05-07 23:45:00,11,5,7,23,45,290,19,MACE JEAN (DE 41 ET 4,48.38959,-4.50854,Nuit avec éclairage allumé,En agglomération,Intersection en X,Normale,Deux véhicules - côté,,,,,,,,,,,5,2,2,1.0,3.0
201100025456,0011-05-17 08:45:00,11,5,17,8,45,290,19,"., ROUSSE EMILE",48.38434,-4.52784,Plein jour,En agglomération,Giratoire,Normale,Deux véhicules - côté,,,,,,,,,,,1,2,6,1.0,3.0
201100025457,0011-05-19 11:40:00,11,5,19,11,40,290,19,"9, ROBESPIERRE (DE 1 A 3",48.41579,-4.49215,Plein jour,En agglomération,Hors intersection,Normale,Deux véhicules - arrière,,,,,,,,,,,1,2,1,1.0,2.0
201100025458,0011-05-24 08:35:00,11,5,24,8,35,290,19,"., FREGATE LA FLORE",48.38628,-4.53326,Plein jour,En agglomération,Intersection en T,Normale,Deux véhicules - côté,,,,,,,,,,,1,2,3,1.0,3.0
201100025459,0011-05-25 11:55:00,11,5,25,11,55,290,19,"60, GOUESNOU (DE 1 A 29",48.3788,-4.53141,Crépuscule ou aube,En agglomération,Hors intersection,Normale,Autre collision,,,,,,,,,,,2,2,1,1.0,6.0
201100025460,0011-05-25 11:40:00,11,5,25,11,40,290,19,"., LE GORGEU (N?29 (TOTA",48.40001,-4.49765,Plein jour,En agglomération,Giratoire,Normale,Deux véhicules - arrière,,,,,,,,,,,1,2,6,1.0,2.0
201100025461,0011-05-30 11:55:00,11,5,30,11,55,290,19,"., FOCH MARECHAL",48.39535,-4.48846,Plein jour,En agglomération,Hors intersection,Normale,Deux véhicules - arrière,,,,,,,,,,,1,2,1,1.0,2.0
201100025462,0011-05-30 13:05:00,11,5,30,13,5,290,19,"., EUROPE (DE 13 A 15)",48.42022,-4.48704,Plein jour,En agglomération,Intersection en X,Pluie légère,Deux véhicules - côté,,,,,,,,,,,1,2,2,2.0,3.0
201100025463,0011-05-30 17:30:00,11,5,30,17,30,290,19,"., COAT TAN (ROND POINT",48.38336,-4.538,Plein jour,En agglomération,Hors intersection,Normale,Autre collision,,,,,,,,,,,1,2,1,1.0,6.0
201100025464,0011-06-04 19:00:00,11,6,4,19,0,290,19,"., QUIMPER (154 ET 173 A",48.39927,-4.44264,Plein jour,En agglomération,Intersection en T,Normale,Deux véhicules - côté,,,,,,,,,,,1,2,3,1.0,3.0
201100025465,0011-06-08 13:45:00,11,6,8,13,45,290,19,"., EAU BLANCHE (DE 1 A 7",48.41042,-4.45662,Plein jour,En agglomération,Intersection en X,Normale,Deux véhicules - côté,,,,,,,,,,,1,2,2,1.0,3.0
201100025466,0011-06-11 11:10:00,11,6,11,11,10,290,19,"0, ALSACE LORAINE",48.3816,-4.5172,Plein jour,En agglomération,Intersection en X,Normale,Deux véhicules - côté,,,,,,,,,,,1,2,2,1.0,3.0
201100025467,0011-06-11 18:55:00,11,6,11,18,55,290,19,"., SEBASTOPOL",48.39807,-4.47234,Plein jour,En agglomération,Intersection en X,Normale,Trois véhicules et plus - collisions multiples,,,,,,,,,,,1,2,2,1.0,5.0
201100025468,0011-06-16 13:10:00,11,6,16,13,10,290,19,"., BLAISE JACQUES",48.37237,-4.5388,Plein jour,En agglomération,Intersection en X,Normale,Autre collision,,,,,,,,,,,1,2,2,1.0,6.0
201100025469,0011-06-17 16:40:00,11,6,17,16,40,290,19,";, BLUM LEON",48.40567,-4.48471,Plein jour,En agglomération,Hors intersection,Normale,Trois véhicules et plus - collisions multiples,,,,,,,,,,,1,2,1,1.0,5.0
201100025470,0011-06-20 10:20:00,11,6,20,10,20,290,19,"., GLASGOW (DE 1 A 9 ET",48.39268,-4.4845,Plein jour,En agglomération,Intersection en T,Pluie légère,Autre collision,,,,,,,,,,,1,2,3,2.0,6.0
201100025471,0011-06-21 13:45:00,11,6,21,13,45,290,19,"8, DUQUESNE (DE 8 ET 13",48.39064,-4.48916,Plein jour,En agglomération,Hors intersection,Normale,Autre collision,,,,,,,,,,,1,2,1,1.0,6.0
201100025472,0011-06-29 11:00:00,11,6,29,11,0,290,19,"., ROBESPIERRE (DE 1 A 3",48.41534,-4.49208,Plein jour,En agglomération,Intersection en X,Normale,Autre collision,,,,,,,,,,,1,2,2,1.0,6.0
201100025473,0011-06-29 15:30:00,11,6,29,15,30,290,19,"87, EUROPE (DE 58 A 166",48.41313,-4.48922,Plein jour,En agglomération,Hors intersection,Normale,Autre collision,,,,,,,,,,,1,2,1,1.0,6.0
201100025474,0011-06-29 18:00:00,11,6,29,18,0,290,19,"., CLAIRAUT ALEXIS",48.41501,-4.463,Plein jour,En agglomération,Intersection en X,Normale,Deux véhicules - côté,,,,,,,,,,,1,2,2,1.0,3.0
201100025475,0011-06-29 21:15:00,11,6,29,21,15,290,19,"35, CLEMENCEAU GEORGES (",48.39249,-4.49047,Plein jour,En agglomération,Hors intersection,Normale,Trois véhicules et plus - en chaîne,,,,,,,,,,,1,2,1,1.0,4.0
201100025476,0011-07-02 14:40:00,11,7,2,14,40,290,19,"., EUROPE (DE 13 A 15)",48.4156,-4.47455,Plein jour,En agglomération,Hors intersection,Normale,Deux véhicules - côté,,,,,,,,,,,1,2,1,1.0,3.0
201100025477,0011-07-03 06:30:00,11,7,3,6,30,290,19,"14, CLAIRAUT ALEXIS",48.41614,-4.46079,Crépuscule ou aube,En agglomération,Hors intersection,Autre,Autre collision,,,,,,,,,,,2,2,1,9.0,6.0
201100025478,0011-07-07 16:05:00,11,7,7,16,5,290,19,"., MELVILLE HERMAN (ROND",48.38657,-4.47096,Plein jour,En agglomération,Autre intersection,Normale,Autre collision,,,,,,,,,,,1,2,9,1.0,6.0
201100025479,0011-07-07 16:30:00,11,7,7,16,30,290,19,"38, GAY LUSSAC",48.40827,-4.4961,Plein jour,En agglomération,Intersection en X,Pluie légère,Autre collision,,,,,,,,,,,1,2,2,2.0,6.0
201100025480,0011-07-12 17:05:00,11,7,12,17,5,290,19,"<, RUE GUSTAVE ZEDE",48.4224,-4.46359,Plein jour,En agglomération,Hors intersection,Normale,Deux véhicules - côté,,,,,,,,,,,1,2,1,1.0,3.0
201100025481,0011-07-13 18:15:00,11,7,13,18,15,290,19,"., SAINT BRIEUC",48.4086,-4.51594,Plein jour,En agglomération,Hors intersection,Normale,Deux véhicules - frontale,,,,,,,,,,,1,2,1,1.0,1.0
201100025482,0011-07-16 17:30:00,11,7,16,17,30,290,19,"., PARIS ( 33 ET 42 A FI",48.40504,-4.46335,Plein jour,En agglomération,Intersection en X,Normale,Deux véhicules - frontale,,,,,,,,,,,1,2,2,1.0,1.0
201100025483,0011-07-22 00:01:00,11,7,22,0,1,290,19,"., SALAUN PENQUER",48.38617,-4.48241,Nuit avec éclairage allumé,En agglomération,Hors intersection,Normale,Autre collision,,,,,,,,,,,5,2,1,1.0,6.0
201100025484,0011-07-20 23:35:00,11,7,20,23,35,290,19,";, HARTELOIRE (RUE)",48.39287,-4.4912,Nuit avec éclairage allumé,En agglomération,Hors intersection,Pluie légère,Autre collision,,,,,,,,,,,5,2,1,2.0,6.0
201100025485,0011-07-22 20:15:00,11,7,22,20,15,290,19,"., LOUPPE ALBERT (DE 1 A",48.40286,-4.46811,Plein jour,En agglomération,Hors intersection,Normale,Deux véhicules - côté,,,,,,,,,,,1,2,1,1.0,3.0
201100025486,0011-07-25 10:20:00,11,7,25,10,20,290,19,"., HUGO VICTOR (DE 19 ET",48.39144,-4.48032,Plein jour,En agglomération,Hors intersection,Normale,Deux véhicules - arrière,,,,,,,,,,,1,2,1,1.0,2.0
201100025487,0011-07-26 11:45:00,11,7,26,11,45,290,19,"., GRIVEL AMIRAL",48.38383,-4.52975,Plein jour,En agglomération,Intersection en T,Normale,Deux véhicules - côté,,,,,,,,,,,1,2,3,1.0,3.0
201100025488,0011-07-28 23:05:00,11,7,28,23,5,290,19,"., COMMANDANT DROGOU ( D",48.40644,-4.50676,Nuit avec éclairage allumé,En agglomération,Hors intersection,Normale,Deux véhicules - côté,,,,,,,,,,,5,2,1,1.0,3.0
201100025489,0011-07-29 07:35:00,11,7,29,7,35,290,19,"23, MAISSIN",48.38699,-4.50315,Plein jour,En agglomération,Hors intersection,Normale,Deux véhicules - côté,,,,,,,,,,,1,2,1,1.0,3.0
201100025490,0011-07-30 21:30:00,11,7,30,21,30,290,19,"7, BRANLY",48.38052,-4.5134,Plein jour,Hors agglomération,Hors intersection,Normale,Autre collision,,,,,,,,,,,1,1,1,1.0,6.0
201100025491,0011-07-31 10:40:00,11,7,31,10,40,290,19,rond-point Hmcs Athabask,48.37468,-4.55751,Plein jour,En agglomération,Giratoire,Normale,Deux véhicules - côté,,,,,,,,,,,1,2,6,1.0,3.0
201100025492,0011-08-03 14:30:00,11,8,3,14,30,290,19,"., BRUAT (DE 1 A 23 ET 2",48.39924,-4.47905,Plein jour,En agglomération,Intersection en T,Normale,Deux véhicules - côté,,,,,,,,,,,1,2,3,1.0,3.0
201100025493,0011-08-04 18:30:00,11,8,4,18,30,290,19,"., ELORN",48.38518,-4.47759,Plein jour,En agglomération,Intersection en X,Normale,Deux véhicules - arrière,,,,,,,,,,,1,2,2,1.0,2.0
201100025494,0011-08-10 08:50:00,11,8,10,8,50,290,19,"., HARTELOIRE (PONT)",48.39277,-4.49099,Plein jour,En agglomération,Hors intersection,Normale,Deux véhicules - arrière,,,,,,,,,,,1,2,1,1.0,2.0
201100025495,0011-08-10 14:00:00,11,8,10,14,0,290,19,"., BLUM LEON",48.40567,-4.48471,Plein jour,En agglomération,Hors intersection,Pluie légère,Deux véhicules - arrière,,,,,,,,,,,1,2,1,2.0,2.0
201100025496,0011-08-12 12:10:00,11,8,12,12,10,290,19,"., LESSEPS FERDINAND DE",48.42092,-4.4578,Plein jour,En agglomération,Intersection en T,Normale,Deux véhicules - côté,,,,,,,,,,,1,2,3,1.0,3.0
201100025497,0011-08-15 18:45:00,11,8,15,18,45,290,19,"., BERT PAUL",48.38239,-4.51394,Plein jour,En agglomération,Intersection en X,Normale,Deux véhicules - côté,,,,,,,,,,,1,2,2,1.0,3.0
201100025498,0011-08-16 12:15:00,11,8,16,12,15,290,19,";, MONTAIGNE (DE 39 A 11",48.40479,-4.47866,Plein jour,En agglomération,Intersection en X,Normale,Deux véhicules - arrière,,,,,,,,,,,1,2,2,1.0,2.0
201100025499,0011-08-16 20:20:00,11,8,16,20,20,290,19,";, HARTELOIRE (PONT)",48.39371,-4.49536,Plein jour,En agglomération,Hors intersection,Normale,Deux véhicules - arrière,,,,,,,,,,,1,2,1,1.0,2.0
201100025500,0011-08-17 18:45:00,11,8,17,18,45,290,19,"23, CLEMENCEAU GEORGES (",48.3909,-4.48652,Plein jour,En agglomération,Intersection en X,Normale,Autre collision,,,,,,,,,,,1,2,2,1.0,6.0
201100025501,0011-08-11 17:15:00,11,8,11,17,15,290,19,"23, MOUCHOTTE (DE 23 ET",48.38934,-4.50965,Plein jour,En agglomération,Hors intersection,Normale,Sans collision,,,,,,,,,,,1,2,1,1.0,7.0
201100025502,0011-08-19 09:00:00,11,8,19,9,0,290,19,"., DESFOSSES ROMAIN (AMI",48.42763,-4.47337,Plein jour,En agglomération,Giratoire,Normale,Deux véhicules - côté,,,,,,,,,,,1,2,6,1.0,3.0
201100025503,0011-08-21 18:50:00,11,8,21,18,50,290,19,"., BERLIOZ HECTOR",48.41315,-4.48854,Plein jour,En agglomération,Intersection en X,Normale,Autre collision,,,,,,,,,,,1,2,2,1.0,6.0
201100025504,0011-08-22 20:30:00,11,8,22,20,30,290,19,LUMIERE LOUIS,48.40594,-4.47063,Plein jour,En agglomération,Intersection en X,Normale,Deux véhicules - côté,,,,,,,,,,,1,2,2,1.0,3.0
201100025505,0011-08-25 12:15:00,11,8,25,12,15,290,19,"100, ECOLE NAVALE  (DE 1",48.38141,-4.52726,Plein jour,En agglomération,Hors intersection,Normale,Autre collision,,,,,,,,,,,1,2,1,1.0,6.0
201100025506,0011-08-29 16:25:00,11,8,29,16,25,290,19,"., SALAUN PENQUER",48.38617,-4.48241,Plein jour,En agglomération,Giratoire,Normale,Autre collision,,,,,,,,,,,1,2,6,1.0,6.0
201100025507,0011-08-31 14:15:00,11,8,31,14,15,290,19,HARTELOIRE (PONT),48.39285,-4.49962,Plein jour,En agglomération,Hors intersection,Normale,Deux véhicules - arrière,,,,,,,,,,,1,2,1,1.0,2.0
201100025508,0011-08-31 18:10:00,11,8,31,18,10,290,19,"., ROND POINT DE KERVALG",48.44912,-4.51175,Plein jour,En agglomération,Hors intersection,Normale,Deux véhicules - frontale,,,,,,,,,,,1,2,1,1.0,1.0
201100025509,0011-09-01 15:10:00,11,9,1,15,10,290,19,"., FRANCHET D'ESPEREY",48.38253,-4.50861,Plein jour,En agglomération,Intersection en X,Normale,Autre collision,,,,,,,,,,,1,2,2,1.0,6.0
201100025510,0011-09-02 22:25:00,11,9,2,22,25,290,19,"130, ROBESPIERRE (96 ET",48.41443,-4.49191,Nuit avec éclairage allumé,En agglomération,Hors intersection,Normale,Autre collision,,,,,,,,,,,5,2,1,1.0,6.0
201100025511,0011-09-05 08:50:00,11,9,5,8,50,290,19,";, LE GORGEU (N?29 (TOTA",48.40122,-4.50104,Plein jour,En agglomération,Hors intersection,Normale,Deux véhicules - arrière,,,,,,,,,,,1,2,1,1.0,2.0
201100025512,0011-09-02 10:00:00,11,9,2,10,0,290,19,"., CLEMENCEAU GEORGES (D",48.38911,-4.48412,Plein jour,En agglomération,Hors intersection,Normale,Autre collision,,,,,,,,,,,1,2,1,1.0,6.0
201100025513,0011-09-07 16:30:00,11,9,7,16,30,290,19,"2, CLEMENCEAU GEORGES (D",48.38911,-4.48412,Plein jour,En agglomération,Intersection en T,Normale,Deux véhicules - côté,,,,,,,,,,,1,2,3,1.0,3.0
201100025514,0011-09-08 17:15:00,11,9,8,17,15,290,19,"29, CLEMENCEAU GEORGES (",48.3898,-4.48537,Plein jour,En agglomération,Intersection en X,Pluie légère,Autre collision,,,,,,,,,,,1,2,2,2.0,6.0
201100025515,0011-09-12 17:25:00,11,9,12,17,25,290,19,"., MONTAIGNE (DE 39 A 11",48.40315,-4.48107,Plein jour,En agglomération,Intersection en X,Normale,Deux véhicules - côté,,,,,,,,,,,1,2,2,1.0,3.0
201100025516,0011-09-13 12:15:00,11,9,13,12,15,290,19,"., BLUM LEON",48.40683,-4.4849,Plein jour,En agglomération,Intersection en T,Normale,Deux véhicules - côté,,,,,,,,,,,1,2,3,1.0,3.0
201100025517,0011-09-13 16:50:00,11,9,13,16,50,290,19,"06, MOUCHOTTE (DE 1 A 21",48.38934,-4.50965,Plein jour,En agglomération,Intersection en X,Normale,Autre collision,,,,,,,,,,,1,2,2,1.0,6.0
201100025518,0011-09-16 11:45:00,11,9,16,11,45,290,19,"., EUROPE (DE 161 A 199)",48.41315,-4.48854,Plein jour,En agglomération,Intersection en X,Normale,Autre collision,,,,,,,,,,,1,2,2,1.0,6.0
201100025519,0011-09-16 13:55:00,11,9,16,13,55,290,19,"., CLEMENCEAU GEORGES (D",48.38911,-4.48412,Plein jour,En agglomération,Hors intersection,Normale,Deux véhicules - arrière,,,,,,,,,,,1,2,1,1.0,2.0
201100025520,0011-09-16 18:30:00,11,9,16,18,30,290,19,"38, KERGRACH",48.3903,-4.51489,Plein jour,En agglomération,Intersection en T,Normale,Deux véhicules - côté,,,,,,,,,,,1,2,3,1.0,3.0
201100025521,0011-09-18 02:50:00,11,9,18,2,50,290,19,"24, PROVENCE (AVENUE ET",48.40726,-4.51876,Nuit avec éclairage allumé,En agglomération,Hors intersection,Normale,Autre collision,,,,,,,,,,,5,2,1,1.0,6.0
201100025522,0011-09-21 07:45:00,11,9,21,7,45,290,19,"., DUVAL MARCELLIN (DE 2",48.41321,-4.48716,Crépuscule ou aube,En agglomération,Intersection en X,Pluie légère,Deux véhicules - côté,,,,,,,,,,,2,2,2,2.0,3.0
201100025523,0011-09-23 13:45:00,11,9,23,13,45,290,19,"., EUROPE (DE 201 A 215)",48.41321,-4.48716,Plein jour,En agglomération,Intersection en X,Normale,Deux véhicules - arrière,,,,,,,,,,,1,2,2,1.0,2.0
201100025524,0011-09-26 08:04:00,11,9,26,8,4,290,19,"., SEBASTOPOL",48.39807,-4.47231,Nuit avec éclairage allumé,En agglomération,Hors intersection,Pluie forte,Autre collision,,,,,,,,,,,5,2,1,3.0,6.0
201100025525,0011-09-26 20:20:00,11,9,26,20,20,290,19,";, FOCH MARECHAL",48.39716,-4.48893,Crépuscule ou aube,En agglomération,Hors intersection,Pluie légère,Deux véhicules - côté,,,,,,,,,,,2,2,1,2.0,3.0
201100025526,0011-09-30 14:40:00,11,9,30,14,40,290,19,";, TREMAUDAN ERNESTINE D",48.42879,-4.47683,Plein jour,En agglomération,Hors intersection,Normale,Autre collision,,,,,,,,,,,1,2,1,1.0,6.0
201100025527,0011-09-30 15:40:00,11,9,30,15,40,290,19,"., MIRABEAU",48.40758,-4.48888,Plein jour,En agglomération,Hors intersection,Normale,Autre collision,,,,,,,,,,,1,2,1,1.0,6.0
201100025528,0011-10-03 13:10:00,11,10,3,13,10,290,19,"., DESMOULINS CAMILLE",48.39668,-4.48581,Plein jour,En agglomération,Hors intersection,Normale,Autre collision,,,,,,,,,,,1,2,1,1.0,6.0
201100025529,0011-10-04 21:15:00,11,10,4,21,15,290,19,"., LOUPPE ALBERT (DE 1 A",48.40426,-4.47591,Nuit avec éclairage allumé,En agglomération,Intersection en X,Pluie légère,Deux véhicules - arrière,,,,,,,,,,,5,2,2,2.0,2.0
201100025530,0011-10-06 19:15:00,11,10,6,19,15,290,19,"., COLLET YVES (DE 1 A 2",48.39594,-4.47599,Plein jour,Hors agglomération,Intersection en T,Normale,Deux véhicules - côté,,,,,,,,,,,1,1,3,1.0,3.0
201100025531,0011-10-13 07:45:00,11,10,13,7,45,290,19,"., PORTZMOGUER",48.39432,-4.49575,Crépuscule ou aube,En agglomération,Intersection en T,Normale,Autre collision,,,,,,,,,,,2,2,3,1.0,6.0
201100025532,0011-10-18 09:00:00,11,10,18,9,0,290,19,"., DIXMUDE",48.40138,-4.46014,Plein jour,En agglomération,Intersection en T,Pluie légère,Autre collision,,,,,,,,,,,1,2,3,2.0,6.0
201100025533,0011-10-20 07:40:00,11,10,20,7,40,290,19,"., CLEMENCEAU GEORGES (D",48.38815,-4.48313,Nuit sans éclairage public,En agglomération,Hors intersection,Pluie légère,Autre collision,,,,,,,,,,,3,2,1,2.0,6.0