accident_id,datetime,annee,mois,jour,heure,minute,departement,commune_insee,adresse,latitude,longitude,luminosite,agglomeration,intersection,meteo,collision,nb_vehicules,nb_usagers,nb_indemnes,nb_tues,nb_blesses_hosp,nb_blesses_legers,age_cond_1,age_cond_2,veh_type_cond_1,veh_type_cond_2,lum_code,agg_code,int_code,atm_code,col_code
201100025534,0011-10-23 02:45:00,11,10,23,2,45,290,19,"., QUELIVERZAN",48.39068,-4.50656,Nuit avec éclairage allumé,En agglomération,Hors intersection,Normale,Autre collision,,,,,,,,,,,5,2,1,1.0,6.0
201100025535,0011-10-24 08:15:00,11,10,24,8,15,290,19,";, EAU BLANCHE (DE 9 ET",48.41232,-4.4583,Nuit sans éclairage public,En agglomération,Hors intersection,Pluie forte,Autre collision,,,,,,,,,,,3,2,1,3.0,6.0
201100025536,0011-10-25 16:15:00,11,10,25,16,15,290,19,"120, JAURES JEAN (DE 105",48.40057,-4.47017,Plein jour,En agglomération,Intersection en T,Normale,Autre collision,,,,,,,,,,,1,2,3,1.0,6.0
201100025537,0011-10-26 21:30:00,11,10,26,21,30,290,19,"., DUVAL MARCELLIN (DE 1",48.42137,-4.48659,Nuit avec éclairage allumé,En agglomération,Intersection en T,Pluie légère,Deux véhicules - côté,,,,,,,,,,,5,2,3,2.0,3.0
201100025538,0011-10-27 17:15:00,11,10,27,17,15,290,19,"., COLLET YVES (DE 1 A 2",48.39594,-4.47599,Plein jour,En agglomération,Hors intersection,Normale,Trois véhicules et plus - collisions multiples,,,,,,,,,,,1,2,1,1.0,5.0
201100025539,0011-10-29 21:05:00,11,10,29,21,5,290,19,"4, GLASGOW (DE 1 A 9 ET",48.39209,-4.48475,Nuit avec éclairage allumé,En agglomération,Hors intersection,Pluie légère,Autre collision,,,,,,,,,,,5,2,1,2.0,6.0
201100025540,0011-10-30 02:50:00,11,10,30,2,50,290,19,"., HARTELOIRE (PONT)",48.39264,-4.50059,Nuit avec éclairage non allumé,En agglomération,Hors intersection,Pluie légère,Deux véhicules - arrière,,,,,,,,,,,4,2,1,2.0,2.0
201100025541,0011-11-05 19:35:00,11,11,5,19,35,290,19,"., KEROURIEN (DE 1 A 25",48.3832,-4.53596,Nuit avec éclairage allumé,En agglomération,Hors intersection,Normale,Autre collision,,,,,,,,,,,5,2,1,1.0,6.0
201100025542,0011-11-09 18:15:00,11,11,9,18,15,290,19,"., PLANTE GASTON",48.42741,-4.46477,Nuit avec éclairage allumé,En agglomération,Hors intersection,Normale,Deux véhicules - côté,,,,,,,,,,,5,2,1,1.0,3.0
201100025543,0011-11-10 09:00:00,11,11,10,9,0,290,19,"., FORBIN CLAUDE",48.37966,-4.51947,Plein jour,En agglomération,Intersection en T,Normale,Autre collision,,,,,,,,,,,1,2,3,1.0,6.0
201100025544,0011-11-10 22:35:00,11,11,10,22,35,290,19,"., DUPUY DE LOME (DE 34",48.39134,-4.50643,Nuit avec éclairage allumé,En agglomération,Hors intersection,Normale,Autre collision,,,,,,,,,,,5,2,1,1.0,6.0
201100025545,0011-11-13 19:05:00,11,11,13,19,5,290,19,"., LE GORGEU (N?29 (TOTA",48.39985,-4.49716,Nuit avec éclairage allumé,En agglomération,Hors intersection,Normale,Autre collision,,,,,,,,,,,5,2,1,1.0,6.0
201100025546,0011-11-18 06:40:00,11,11,18,6,40,290,19,"., PARIS ( 33 ET 42 A FI",48.40983,-4.45606,Nuit avec éclairage allumé,En agglomération,Hors intersection,Normale,Autre collision,,,,,,,,,,,5,2,1,1.0,6.0
201100025547,0011-11-18 09:50:00,11,11,18,9,50,290,19,"., TALLINN (SANS N? DE D",48.38917,-4.52799,Plein jour,En agglomération,Hors intersection,Normale,Autre collision,,,,,,,,,,,1,2,1,1.0,6.0
201100025548,0011-11-19 19:30:00,11,11,19,19,30,290,19,"., CORNICHE (DE 1 A 39 E",48.37865,-4.50776,Crépuscule ou aube,En agglomération,Hors intersection,Normale,Autre collision,,,,,,,,,,,2,2,1,1.0,6.0
201100025549,0011-11-19 19:50:00,11,11,19,19,50,290,19,"7, COMPTESSE CARBONNIERE",48.39018,-4.48427,Nuit sans éclairage public,En agglomération,Hors intersection,Normale,Autre collision,,,,,,,,,,,3,2,1,1.0,6.0
201100025550,0011-11-21 10:10:00,11,11,21,10,10,290,19,"., GOUESNOU (DE 43 A 219",48.41323,-4.4863,Plein jour,En agglomération,Intersection en X,Temps couvert,Autre collision,,,,,,,,,,,1,2,2,8.0,6.0
201100025551,0011-11-23 08:05:00,11,11,23,8,5,290,19,"., BOUGUEN",48.39979,-4.49699,Crépuscule ou aube,En agglomération,Hors intersection,Normale,Autre collision,,,,,,,,,,,2,2,1,1.0,6.0
201100025552,0011-11-26 15:35:00,11,11,26,15,35,290,19,"., NEUVE",48.38328,-4.49777,Plein jour,En agglomération,Intersection en T,Normale,Autre collision,,,,,,,,,,,1,2,3,1.0,6.0
201100025553,0011-11-30 19:35:00,11,11,30,19,35,290,19,"., VALMY",48.39914,-4.46654,Nuit avec éclairage non allumé,En agglomération,Hors intersection,Pluie légère,Deux véhicules - côté,,,,,,,,,,,4,2,1,2.0,3.0
201100025554,0011-12-01 05:55:00,11,12,1,5,55,290,19,D'ESTREES  (AMIRAL),48.39515,-4.4622,Nuit avec éclairage allumé,En agglomération,Hors intersection,Vent fort / tempête,Autre collision,,,,,,,,,,,5,2,1,6.0,6.0
201100025555,0011-12-02 08:45:00,11,12,2,8,45,290,19,"41, EUSEN VICTOR",48.37978,-4.53452,Plein jour,En agglomération,Hors intersection,Normale,Autre collision,,,,,,,,,,,1,2,1,1.0,6.0
201100025556,0011-12-03 19:05:00,11,12,3,19,5,290,19,"., LAMOTTE PICQUET (N? 2",48.39593,-4.49121,Nuit avec éclairage allumé,En agglomération,Hors intersection,Pluie légère,Autre collision,,,,,,,,,,,5,2,1,2.0,6.0
201100025557,0011-12-05 17:05:00,11,12,5,17,5,290,19,"., PASTEUR LOUIS (DE 1 A",48.38924,-4.4889,Plein jour,En agglomération,Intersection en X,Pluie légère,Autre collision,,,,,,,,,,,1,2,2,2.0,6.0
201100025558,0011-12-07 12:10:00,11,12,7,12,10,290,19,", CHEVREUL",48.4073,-4.49091,Plein jour,En agglomération,Hors intersection,Pluie légère,Autre collision,,,,,,,,,,,1,2,1,2.0,6.0
201100025559,0011-12-09 17:00:00,11,12,9,17,0,290,19,"., CLEMENCEAU GEORGES (D",48.38991,-4.48563,Crépuscule ou aube,En agglomération,Hors intersection,Normale,Autre collision,,,,,,,,,,,2,2,1,1.0,6.0
201100025560,0011-12-12 18:50:00,11,12,12,18,50,290,19,LANGEVIN PROFESSEUR,48.40453,-4.49645,Nuit avec éclairage allumé,En agglomération,Hors intersection,Pluie forte,Deux véhicules - arrière,,,,,,,,,,,5,2,1,3.0,2.0
201100025561,0011-12-14 09:55:00,11,12,14,9,55,290,19,"., PAULET GENERAL (173 E",48.4243,-4.47726,Plein jour,En agglomération,Hors intersection,Normale,Deux véhicules - arrière,,,,,,,,,,,1,2,1,1.0,2.0
201100025562,0011-12-19 09:20:00,11,12,19,9,20,290,19,"., TREMAUDAN ERNESTINE D",48.43399,-4.43966,Plein jour,Hors agglomération,Hors intersection,Pluie légère,Sans collision,,,,,,,,,,,1,1,1,2.0,7.0
201100025563,0011-12-19 14:50:00,11,12,19,14,50,290,19,"., VILLENEUVE (RUE)",48.41047,-4.46107,Plein jour,En agglomération,Hors intersection,Pluie légère,Deux véhicules - côté,,,,,,,,,,,1,2,1,2.0,3.0
201100025564,0011-12-21 17:25:00,11,12,21,17,25,290,19,"., FREZIER",48.39172,-4.48442,Plein jour,En agglomération,Hors intersection,Normale,Autre collision,,,,,,,,,,,1,2,1,1.0,6.0
201100025565,0011-12-27 13:45:00,11,12,27,13,45,290,19,"28, GAMBETTA (DE 2 A 64",48.38977,-4.47383,Plein jour,En agglomération,Hors intersection,Normale,Trois véhicules et plus - en chaîne,,,,,,,,,,,1,2,1,1.0,4.0
201100025566,0011-12-28 19:20:00,11,12,28,19,20,290,19,"., PARIS ( 33 ET 42 A FI",48.40754,-4.45956,Nuit avec éclairage allumé,En agglomération,Hors intersection,Normale,Deux véhicules - arrière,,,,,,,,,,,5,2,1,1.0,2.0
201100025567,0011-12-29 09:35:00,11,12,29,9,35,290,19,"17, BRETAGNE CUIRASSE",48.4063,-4.49649,Plein jour,En agglomération,Hors intersection,Normale,Autre collision,,,,,,,,,,,1,2,1,1.0,6.0
201100025568,0011-12-29 11:30:00,11,12,29,11,30,290,19,"., ROCH GLAS (ROUTE ET C",48.43363,-4.49026,Plein jour,En agglomération,Hors intersection,Temps couvert,Autre collision,,,,,,,,,,,1,2,1,8.0,6.0
201100025569,0011-12-30 10:00:00,11,12,30,10,0,290,19,"., LOSCOAT",48.43489,-4.50155,Plein jour,En agglomération,Intersection en T,Pluie légère,Deux véhicules - côté,,,,,,,,,,,1,2,3,2.0,3.0
201100025570,0011-03-05 17:45:00,11,3,5,17,45,400,103,,,,Plein jour,Hors agglomération,Hors intersection,Normale,Deux véhicules - arrière,,,,,,,,,,,1,1,1,1.0,2.0
201100025571,0011-05-26 17:45:00,11,5,26,17,45,400,185,,,,Plein jour,Hors agglomération,Hors intersection,Normale,Sans collision,,,,,,,,,,,1,1,1,1.0,7.0
201100025572,0011-07-02 19:10:00,11,7,2,19,10,400,245,,,,Plein jour,Hors agglomération,Hors intersection,Normale,Sans collision,,,,,,,,,,,1,1,1,1.0,7.0
201100025573,0011-01-12 01:50:00,11,1,12,1,50,290,39,FORET FOUESNANT ( ROUTE,47.91543,-3.9452,Nuit sans éclairage public,Hors agglomération,Hors intersection,Pluie forte,Autre collision,,,,,,,,,,,3,1,1,3.0,6.0
201100025574,0011-01-30 19:00:00,11,1,30,19,0,290,39,RD 122,47.8783,-3.87761,Nuit sans éclairage public,Hors agglomération,Hors intersection,Normale,Sans collision,,,,,,,,,,,3,1,1,1.0,7.0
201100025575,0011-01-31 09:10:00,11,1,31,9,10,290,39,STANG BIHAN ( LIEU-DIT),47.89696,-3.94323,Plein jour,Hors agglomération,Hors intersection,Normale,Sans collision,,,,,,,,,,,1,1,1,1.0,7.0
201100025576,0011-02-09 23:00:00,11,2,9,23,0,290,39,KERILIN (LIEU-DIT),47.91788,-3.93338,Nuit avec éclairage allumé,Hors agglomération,Autre intersection,Pluie légère,Autre collision,,,,,,,,,,,5,1,9,2.0,6.0
201100025577,0011-02-13 05:50:00,11,2,13,5,50,290,39,", CD 70",47.92618,-3.89476,Nuit sans éclairage public,Hors agglomération,Hors intersection,Pluie forte,Sans collision,,,,,,,,,,,3,1,1,3.0,7.0
201100025578,0011-03-08 09:20:00,11,3,8,9,20,290,39,"11, ROITELETS ( RUE DES)",47.87559,-3.88905,Plein jour,En agglomération,Hors intersection,Normale,Autre collision,,,,,,,,,,,1,2,1,1.0,6.0
201100025579,0011-06-05 01:55:00,11,6,5,1,55,290,39,SABLES BLANCS (RUE DES ),47.87794,-3.9302,Nuit sans éclairage public,En agglomération,Hors intersection,Normale,Autre collision,,,,,,,,,,,3,2,1,1.0,6.0
201100025580,0011-03-18 17:55:00,11,3,18,17,55,290,39,RN165 (VE),,,Plein jour,Hors agglomération,Hors intersection,Normale,Deux véhicules - côté,,,,,,,,,,,1,1,1,1.0,3.0
201100025581,0011-04-02 19:50:00,11,4,2,19,50,290,39,"135, LANRIEC ( RUE DE )",47.86933,-3.88452,Plein jour,En agglomération,Hors intersection,Normale,Deux véhicules - côté,,,,,,,,,,,1,2,1,1.0,3.0
201100025582,0011-04-10 05:15:00,11,4,10,5,15,290,39,"0, CROAS AMANDY ( RUE DE",47.91017,-3.91593,Nuit sans éclairage public,Hors agglomération,Hors intersection,Normale,Sans collision,,,,,,,,,,,3,1,1,1.0,7.0
201100025583,0011-04-10 17:15:00,11,4,10,17,15,290,39,"45, SABLES BLANCS (RUE D",47.88207,-3.93306,Plein jour,En agglomération,Hors intersection,Normale,Deux véhicules - arrière,,,,,,,,,,,1,2,1,1.0,2.0
201100025584,0011-04-27 18:45:00,11,4,27,18,45,290,39,VILLENEUVE ( RUE DE LA),47.89879,-3.91184,Plein jour,Hors agglomération,Giratoire,Normale,Deux véhicules - arrière,,,,,,,,,,,1,1,6,1.0,2.0
201100025585,0011-05-01 16:40:00,11,5,1,16,40,290,39,MADEC ( RUE RENE),47.89033,-3.91537,Plein jour,En agglomération,Hors intersection,Normale,Deux véhicules - frontale,,,,,,,,,,,1,2,1,1.0,1.0
201100025586,0011-05-13 20:27:00,11,5,13,20,27,290,39,"0000, KERILIN (LIEU-DIT)",47.9175,-3.93152,Plein jour,Hors agglomération,Hors intersection,Normale,Sans collision,,,,,,,,,,,1,1,1,1.0,7.0
201100025587,0011-05-14 10:40:00,11,5,14,10,40,290,39,"0000, QUIMPER ( RUE DE)",47.88304,-3.91939,Plein jour,En agglomération,Giratoire,Normale,Autre collision,,,,,,,,,,,1,2,6,1.0,6.0
201100025588,0011-05-30 12:30:00,11,5,30,12,30,290,39,"31, MALAKOFF ( RUE)",47.87535,-3.92338,Plein jour,En agglomération,Hors intersection,Normale,Deux véhicules - côté,,,,,,,,,,,1,2,1,1.0,3.0
201100025589,0011-05-31 10:10:00,11,5,31,10,10,290,39,GUEGUIN (AVENUE PIERRE),47.87597,-3.91387,Plein jour,En agglomération,Hors intersection,Normale,Autre collision,,,,,,,,,,,1,2,1,1.0,6.0
201100025590,0011-06-15 14:25:00,11,6,15,14,25,290,39,FORET (ANCIENNE ROUTE DE,47.90049,-3.94359,Plein jour,Hors agglomération,Hors intersection,Normale,Sans collision,,,,,,,,,,,1,1,1,1.0,7.0
201100025591,0011-06-20 18:55:00,11,6,20,18,55,290,39,RD 783,47.87569,-3.89872,Plein jour,Hors agglomération,Hors intersection,Pluie légère,Deux véhicules - arrière,,,,,,,,,,,1,1,1,2.0,2.0
201100025592,0011-07-02 22:10:00,11,7,2,22,10,290,39,"28 bis, WYLIE ( BOULEVAR",47.871,-3.92834,Crépuscule ou aube,En agglomération,Hors intersection,Normale,Autre collision,,,,,,,,,,,2,2,1,1.0,6.0
201100025593,0011-07-01 18:23:00,11,7,1,18,23,290,39,LOCHOU ( CHEMIN DU),47.92123,-3.8969,Plein jour,Hors agglomération,Hors intersection,Normale,Sans collision,,,,,,,,,,,1,1,1,1.0,7.0
201100025594,0011-07-05 09:00:00,11,7,5,9,0,290,39,RN165 (VE),47.93274,-3.90618,Plein jour,Hors agglomération,Hors intersection,Pluie forte,Sans collision,,,,,,,,,,,1,1,1,3.0,7.0
201100025595,0011-07-07 18:55:00,11,7,7,18,55,290,39,BOISSIERE (LIEU-DIT LA),47.92202,-3.90007,Plein jour,Hors agglomération,Hors intersection,Normale,Deux véhicules - côté,,,,,,,,,,,1,1,1,1.0,3.0
201100025596,0011-07-10 04:25:00,11,7,10,4,25,290,39,"54, BAYARD (RUE)",47.87404,-3.92143,Nuit avec éclairage allumé,En agglomération,Hors intersection,Normale,Autre collision,,,,,,,,,,,5,2,1,1.0,6.0
201100025597,0011-07-11 14:05:00,11,7,11,14,5,290,39,KERIOLET ( RUE DE ),47.88808,-3.90833,Plein jour,En agglomération,Hors intersection,Normale,Deux véhicules - côté,,,,,,,,,,,1,2,1,1.0,3.0
201100025598,0011-07-14 00:50:00,11,7,14,0,50,290,39,HASCOET (RUE HELENE),47.87179,-3.91839,Nuit avec éclairage allumé,En agglomération,Intersection en T,Normale,Autre collision,,,,,,,,,,,5,2,3,1.0,6.0
201100025599,0011-07-16 10:45:00,11,7,16,10,45,290,39,LIN (LIEU-DIT LE),47.87707,-3.9117,Plein jour,En agglomération,Giratoire,Pluie légère,Deux véhicules - côté,,,,,,,,,,,1,2,6,2.0,3.0
201100025600,0011-07-18 15:10:00,11,7,18,15,10,290,39,RHUN (LIEU-DIT LE),47.91927,-3.91532,Plein jour,Hors agglomération,Giratoire,Temps couvert,Autre collision,,,,,,,,,,,1,1,6,8.0,6.0
201100025601,0011-07-18 20:35:00,11,7,18,20,35,290,39,GUEGUIN (AVENUE PIERRE),47.87392,-3.91836,Plein jour,En agglomération,Hors intersection,Pluie légère,Sans collision,,,,,,,,,,,1,2,1,2.0,7.0
201100025602,0011-07-25 17:00:00,11,7,25,17,0,290,39,VILLENEUVE ( RUE DE LA),47.89415,-3.92217,Plein jour,Hors agglomération,Hors intersection,Normale,Deux véhicules - arrière,,,,,,,,,,,1,1,1,1.0,2.0
201100025603,0011-07-28 20:35:00,11,7,28,20,35,290,39,NEUVE ( RUE),47.89345,-3.90441,Plein jour,En agglomération,Intersection en T,Normale,Deux véhicules - côté,,,,,,,,,,,1,2,3,1.0,3.0
201100025604,0011-08-01 11:40:00,11,8,1,11,40,290,39,"19, QUIMPER ( RUE DE)",47.8817,-3.91945,Plein jour,En agglomération,Hors intersection,Temps couvert,Autre collision,,,,,,,,,,,1,2,1,8.0,6.0
201100025605,0011-08-05 14:20:00,11,8,5,14,20,290,39,RD 783,47.9128,-3.94632,Plein jour,Hors agglomération,Intersection en T,Normale,Deux véhicules - côté,,,,,,,,,,,1,1,3,1.0,3.0
201100025606,0011-08-18 05:50:00,11,8,18,5,50,290,39,RD 783,47.88304,-3.91939,Nuit sans éclairage public,En agglomération,Hors intersection,Normale,Autre collision,,,,,,,,,,,3,2,1,1.0,6.0
201100025607,0011-08-20 14:00:00,11,8,20,14,0,290,39,RD 783,47.86913,-3.8952,Plein jour,Hors agglomération,Autre intersection,Normale,Deux véhicules - arrière,,,,,,,,,,,1,1,9,1.0,2.0
201100025608,0011-08-21 11:35:00,11,8,21,11,35,290,39,KERIOLET (LIEU-DIT),47.88795,-3.91476,Plein jour,Hors agglomération,Giratoire,Normale,Deux véhicules - côté,,,,,,,,,,,1,1,6,1.0,3.0
201100025609,0011-08-29 15:30:00,11,8,29,15,30,290,39,"17, CARNOT ( QUAI)",47.87597,-3.91387,Plein jour,En agglomération,Hors intersection,Normale,Autre collision,,,,,,,,,,,1,2,1,1.0,6.0
201100025610,0011-09-05 07:30:00,11,9,5,7,30,290,39,RN165 (VE),47.91129,-3.86691,Crépuscule ou aube,Hors agglomération,Hors intersection,Temps couvert,Sans collision,,,,,,,,,,,2,1,1,8.0,7.0
201100025611,0011-09-09 11:00:00,11,9,9,11,0,290,39,"AUCUN, KERGUERES ( CHEMI",47.90081,-3.94364,Plein jour,Hors agglomération,Hors intersection,Pluie légère,Sans collision,,,,,,,,,,,1,1,1,2.0,7.0
201100025612,0011-09-09 13:33:00,11,9,9,13,33,290,39,VILLENEUVE (ROND POINT D,47.8943,-3.91429,Plein jour,En agglomération,Giratoire,Normale,Sans collision,,,,,,,,,,,1,2,6,1.0,7.0
201100025613,0011-09-13 14:35:00,11,9,13,14,35,290,39,"2, BOUGAINVILLE (BOULEVA",47.86977,-3.92049,Plein jour,En agglomération,Intersection en T,Normale,Deux véhicules - arrière,,,,,,,,,,,1,2,3,1.0,2.0
201100025614,0011-09-14 10:10:00,11,9,14,10,10,290,39,"neant, KERGUERES ( CHEMI",47.90158,-3.94384,Plein jour,Hors agglomération,Hors intersection,Normale,Autre collision,,,,,,,,,,,1,1,1,1.0,6.0
201100025615,0011-10-02 18:23:00,11,10,2,18,23,290,39,boulevard Katerine Wylie,47.871,-3.92834,Plein jour,En agglomération,Hors intersection,Normale,Deux véhicules - arrière,,,,,,,,,,,1,2,1,1.0,2.0
201100025616,0011-10-05 17:25:00,11,10,5,17,25,290,39,rue Saint-Jacques,47.87832,-3.91633,Plein jour,En agglomération,Intersection en T,Normale,Autre collision,,,,,,,,,,,1,2,3,1.0,6.0
201100025617,0011-10-07 19:45:00,11,10,7,19,45,290,39,"1, impasse Eugénie Cotto",47.88781,-3.9269,Nuit avec éclairage allumé,En agglomération,Giratoire,Normale,Deux véhicules - côté,,,,,,,,,,,5,2,6,1.0,3.0
201100025618,0011-10-12 08:00:00,11,10,12,8,0,290,39,chemin de Kerguères,47.89995,-3.94355,Nuit sans éclairage public,Hors agglomération,Hors intersection,Pluie légère,Sans collision,,,,,,,,,,,3,1,1,2.0,7.0
201100025619,0011-10-17 16:20:00,11,10,17,16,20,290,39,rue du Général Morvan,47.87308,-3.92025,Plein jour,En agglomération,Intersection en X,Normale,Sans collision,,,,,,,,,,,1,2,2,1.0,7.0
201100025620,0011-10-29 07:50:00,11,10,29,7,50,290,39,RN165 (VE),47.91416,-3.87159,Nuit sans éclairage public,Hors agglomération,Hors intersection,Normale,Sans collision,,,,,,,,,,,3,1,1,1.0,7.0
201100025621,0011-11-09 12:10:00,11,11,9,12,10,290,39,RD 783,47.86134,-3.88545,Plein jour,En agglomération,Hors intersection,Normale,Deux véhicules - frontale,,,,,,,,,,,1,2,1,1.0,1.0
201100025622,0011-11-27 10:25:00,11,11,27,10,25,290,39,"0, STANG COULZ ( CHEMIN",47.89065,-3.8964,Plein jour,En agglomération,Hors intersection,Pluie légère,Deux véhicules - frontale,,,,,,,,,,,1,2,1,2.0,1.0
201100025623,0011-11-30 23:20:00,11,11,30,23,20,290,39,RD 783,47.87834,-3.90215,Nuit sans éclairage public,Hors agglomération,Autre intersection,Pluie forte,Sans collision,,,,,,,,,,,3,1,9,3.0,7.0
201100025624,0011-12-02 10:10:00,11,12,2,10,10,290,39,"39, SIMON ( RUE JULES )",47.87931,-3.91114,Plein jour,En agglomération,Hors intersection,Temps éblouissant,Sans collision,,,,,,,,,,,1,2,1,7.0,7.0
201100025625,0011-12-19 14:00:00,11,12,19,14,0,290,39,COAT CONQ ( LIEU-DIT),47.92948,-3.89691,Plein jour,Hors agglomération,Hors intersection,Pluie légère,Sans collision,,,,,,,,,,,1,1,1,2.0,7.0
201100025626,0011-12-24 15:45:00,11,12,24,15,45,290,39,HUIT MAI 1945 ( PLACE DU,47.87164,-3.91719,Plein jour,En agglomération,Hors intersection,Temps couvert,Autre collision,,,,,,,,,,,1,2,1,8.0,6.0
201100025627,0011-12-27 12:44:00,11,12,27,12,44,290,39,GENERAL MORVAN (RUE DU ),47.87308,-3.92025,Plein jour,En agglomération,Hors intersection,Normale,Sans collision,,,,,,,,,,,1,2,1,1.0,7.0
201100025628,0011-12-29 11:30:00,11,12,29,11,30,290,39,RD 783,47.87392,-3.89967,Plein jour,Hors agglomération,Intersection en X,Temps couvert,Deux véhicules - frontale,,,,,,,,,,,1,1,2,8.0,1.0
201100025629,0011-01-06 08:25:00,11,1,6,8,25,290,151,"2, PARIS (ROUTE DE)",48.57578,-3.81805,Nuit sans éclairage public,En agglomération,Hors intersection,Pluie légère,Autre collision,,,,,,,,,,,3,2,1,2.0,6.0
201100025630,0011-01-09 22:40:00,11,1,9,22,40,290,151,LEON (QUAI DE),48.58457,-3.83625,Nuit avec éclairage allumé,En agglomération,Hors intersection,Normale,Autre collision,,,,,,,,,,,5,2,1,1.0,6.0
201100025631,0011-02-28 19:00:00,11,2,28,19,0,290,151,"11, BREHAT (RUE DE )",48.57694,-3.8197,Nuit avec éclairage allumé,En agglomération,Hors intersection,Pluie légère,Deux véhicules - frontale,,,,,,,,,,,5,2,1,2.0,1.0
201100025632,0011-03-06 04:15:00,11,3,6,4,15,290,254,RD58,48.57386,-3.85046,Nuit avec éclairage allumé,En agglomération,Giratoire,Normale,Autre collision,,,,,,,,,,,5,2,6,1.0,6.0
201100025633,0011-03-15 18:00:00,11,3,15,18,0,290,254,GRAND LAUNAY (RUE DU),48.57076,-3.8564,Plein jour,Hors agglomération,Hors intersection,Normale,Deux véhicules - frontale,,,,,,,,,,,1,1,1,1.0,1.0
201100025634,0011-03-18 15:15:00,11,3,18,15,15,290,151,BREST (RUE DE),48.57659,-3.82822,Plein jour,En agglomération,Hors intersection,Pluie légère,Deux véhicules - frontale,,,,,,,,,,,1,2,1,2.0,1.0
201100025635,0011-03-22 19:00:00,11,3,22,19,0,290,151,"43, LEON (QUAI DE)",48.584,-3.8347,Plein jour,En agglomération,Hors intersection,Normale,Sans collision,,,,,,,,,,,1,2,1,1.0,7.0
201100025636,0011-04-01 18:35:00,11,4,1,18,35,290,151,COURBET (RUE GUSTAVE),48.58799,-3.81921,Plein jour,En agglomération,Hors intersection,Normale,Autre collision,,,,,,,,,,,1,2,1,1.0,6.0
201100025637,0011-04-14 17:15:00,11,4,14,17,15,290,151,"35, VIERGE NOIRE (RUE DE",48.58928,-3.82879,Plein jour,En agglomération,Hors intersection,Normale,Autre collision,,,,,,,,,,,1,2,1,1.0,6.0
201100025638,0011-04-17 23:00:00,11,4,17,23,0,290,151,SAINT-NICOLAS (RAMPE),48.58181,-3.82759,Nuit avec éclairage allumé,En agglomération,Hors intersection,Normale,Autre collision,,,,,,,,,,,5,2,1,1.0,6.0
201100025639,0011-04-26 14:20:00,11,4,26,14,20,290,254,PLOUVORN (ROUTE DE),48.57555,-3.84819,Plein jour,En agglomération,Hors intersection,Normale,Deux véhicules - côté,,,,,,,,,,,1,2,1,1.0,3.0
201100025640,0011-05-02 18:00:00,11,5,2,18,0,290,254,JAURES ( RUE JEAN),48.57606,-3.84013,Plein jour,En agglomération,Hors intersection,Normale,Deux véhicules - côté,,,,,,,,,,,1,2,1,1.0,3.0
201100025641,0011-05-07 15:30:00,11,5,7,15,30,290,254,SAINTE SEVE (ROUTE DE ),48.56934,-3.85316,Plein jour,En agglomération,Hors intersection,Normale,Deux véhicules - côté,,,,,,,,,,,1,2,1,1.0,3.0
201100025642,0011-05-16 15:40:00,11,5,16,15,40,290,151,EXPRESS RN 12 (VOIE),,,Plein jour,Hors agglomération,Hors intersection,Normale,Autre collision,,,,,,,,,,,1,1,1,1.0,6.0
201100025643,0011-06-16 14:35:00,11,6,16,14,35,290,151,EXPRESS RN 12 (VOIE),48.59205,-3.81733,Plein jour,Hors agglomération,Hors intersection,Normale,Deux véhicules - côté,,,,,,,,,,,1,1,1,1.0,3.0
201100025644,0011-07-06 14:45:00,11,7,6,14,45,290,151,SERUSIER (RUE PAUL),48.58151,-3.82411,Plein jour,En agglomération,Hors intersection,Normale,Deux véhicules - côté,,,,,,,,,,,1,2,1,1.0,3.0
201100025645,0011-07-15 14:30:00,11,7,15,14,30,290,254,SAINT MARTIN (BOULEVARD),48.57673,-3.83274,Plein jour,En agglomération,Hors intersection,Temps couvert,Autre collision,,,,,,,,,,,1,2,1,8.0,6.0
201100025646,0011-07-23 10:00:00,11,7,23,10,0,290,151,"33, PARIS (RUE DE)",48.57575,-3.8227,Plein jour,En agglomération,Hors intersection,Normale,Autre collision,,,,,,,,,,,1,2,1,1.0,6.0
201100025647,0011-08-11 19:25:00,11,8,11,19,25,290,254,ROUTE NATIONALE 12,,,Plein jour,Hors agglomération,Hors intersection,Normale,Deux véhicules - arrière,,,,,,,,,,,1,1,1,1.0,2.0
201100025648,0011-08-20 14:00:00,11,8,20,14,0,290,254,RD58,48.58252,-3.87131,Plein jour,Hors agglomération,Hors intersection,Normale,Autre collision,,,,,,,,,,,1,1,1,1.0,6.0
201100025649,0011-09-04 12:05:00,11,9,4,12,5,290,151,BAIE (RUE DE LA),48.61258,-3.8459,Plein jour,Hors agglomération,Hors intersection,Temps éblouissant,Autre collision,,,,,,,,,,,1,1,1,7.0,6.0
201100025650,0011-09-23 14:25:00,11,9,23,14,25,290,151,"71, BREST (RUE DE)",48.5744,-3.83208,Plein jour,En agglomération,Hors intersection,Normale,Deux véhicules - arrière,,,,,,,,,,,1,2,1,1.0,2.0
201100025651,0011-09-29 18:05:00,11,9,29,18,5,290,151,RN12,48.59346,-3.83577,Plein jour,Hors agglomération,Hors intersection,Normale,Deux véhicules - arrière,,,,,,,,,,,1,1,1,1.0,2.0
201100025652,0011-10-18 08:20:00,11,10,18,8,20,290,151,place Émile Souvestre,48.57696,-3.82818,Crépuscule ou aube,En agglomération,Place,Pluie légère,Autre collision,,,,,,,,,,,2,2,7,2.0,6.0
201100025653,0011-10-24 11:35:00,11,10,24,11,35,290,151,route de Lannion,48.59008,-3.83157,Plein jour,En agglomération,Hors intersection,Pluie forte,Deux véhicules - frontale,,,,,,,,,,,1,2,1,3.0,1.0