accident_id,datetime,annee,mois,jour,heure,minute,departement,commune_insee,adresse,latitude,longitude,luminosite,agglomeration,intersection,meteo,collision,nb_vehicules,nb_usagers,nb_indemnes,nb_tues,nb_blesses_hosp,nb_blesses_legers,age_cond_1,age_cond_2,veh_type_cond_1,veh_type_cond_2,lum_code,agg_code,int_code,atm_code,col_code
201100026014,0011-12-10 21:05:00,11,12,10,21,5,300,7,"., ANDUZE (AVE)",,,Nuit avec éclairage allumé,En agglomération,Hors intersection,Normale,Deux véhicules - côté,,,,,,,,,,,5,2,1,1.0,3.0
201100026015,0011-12-02 13:00:00,11,12,2,13,0,300,7,LUMIERES (AVE DES FRERES,,,Plein jour,En agglomération,Hors intersection,Pluie légère,Sans collision,,,,,,,,,,,1,2,1,2.0,7.0
201100026016,0011-01-14 07:15:00,11,1,14,7,15,300,28,"1, ROBERT GOURDON (AVENU",44.16884,4.61944,Nuit avec éclairage allumé,En agglomération,Hors intersection,Normale,Deux véhicules - arrière,,,,,,,,,,,5,2,1,1.0,2.0
201100026017,0011-01-16 20:10:00,11,1,16,20,10,300,28,"D980, ROUTE DE SAINT GER",44.17811,4.61442,Nuit sans éclairage public,En agglomération,Hors intersection,Normale,Autre collision,,,,,,,,,,,3,2,1,1.0,6.0
201100026018,0011-01-20 17:00:00,11,1,20,17,0,300,28,PAUL LANGEVIN (AVENUE),44.16484,4.6209,Plein jour,En agglomération,Hors intersection,Normale,Autre collision,,,,,,,,,,,1,2,1,1.0,6.0
201100026019,0011-01-31 12:15:00,11,1,31,12,15,300,28,GENERAL DE GAULE (AVENUE,44.16239,4.62603,Plein jour,En agglomération,Hors intersection,Normale,Deux véhicules - arrière,,,,,,,,,,,1,2,1,1.0,2.0
201100026020,0011-02-09 19:50:00,11,2,9,19,50,300,28,MALRAUX (ROND POINT),44.15502,4.61657,Nuit avec éclairage allumé,En agglomération,Giratoire,Normale,Autre collision,,,,,,,,,,,5,2,6,1.0,6.0
201100026021,0011-02-16 07:50:00,11,2,16,7,50,300,28,"32, LEON BLUM (AVENUE)",44.16403,4.61772,Plein jour,En agglomération,Hors intersection,Normale,Deux véhicules - arrière,,,,,,,,,,,1,2,1,1.0,2.0
201100026022,0011-02-16 09:45:00,11,2,16,9,45,300,28,ROUTE DE NIMES,44.15502,4.61657,Plein jour,En agglomération,Hors intersection,Normale,Autre collision,,,,,,,,,,,1,2,1,1.0,6.0
201100026023,0011-02-16 10:15:00,11,2,16,10,15,300,28,"1, MOLIERE (RUE)",44.16008,4.62104,Plein jour,En agglomération,Hors intersection,Normale,Autre collision,,,,,,,,,,,1,2,1,1.0,6.0
201100026024,0011-02-22 12:30:00,11,2,22,12,30,300,28,JAURES (PLACE JEAN),44.16522,4.61896,Plein jour,En agglomération,Intersection en T,Normale,Autre collision,,,,,,,,,,,1,2,3,1.0,6.0
201100026025,0011-03-02 09:50:00,11,3,2,9,50,300,28,ROUTE DE PONT SAINT ESPR,44.16896,4.61945,Plein jour,En agglomération,Hors intersection,Normale,Autre collision,,,,,,,,,,,1,2,1,1.0,6.0
201100026026,0011-03-05 06:45:00,11,3,5,6,45,300,28,ROUTE DE NIMES,,,Crépuscule ou aube,En agglomération,Hors intersection,Normale,Deux véhicules - arrière,,,,,,,,,,,2,2,1,1.0,2.0
201100026027,0011-03-30 18:30:00,11,3,30,18,30,300,28,"CD165, ROUTE DE CARMIGNA",,,Plein jour,En agglomération,Hors intersection,Normale,Autre collision,,,,,,,,,,,1,2,1,1.0,6.0
201100026028,0011-04-05 09:15:00,11,4,5,9,15,300,28,ANDRE THOME (RUE),44.16382,4.62063,Plein jour,En agglomération,Hors intersection,Normale,Autre collision,,,,,,,,,,,1,2,1,1.0,6.0
201100026029,0011-05-19 05:20:00,11,5,19,5,20,300,28,"1, DE GAULLE (AVENUE DU",44.16088,4.62628,Crépuscule ou aube,Hors agglomération,Hors intersection,Normale,Autre collision,,,,,,,,,,,2,1,1,1.0,6.0
201100026030,0011-05-22 20:27:00,11,5,22,20,27,300,28,ALPHONSE DAUDET (AVENUE),,,Plein jour,En agglomération,Autre intersection,Normale,Autre collision,,,,,,,,,,,1,2,9,1.0,6.0
201100026031,0011-05-20 21:45:00,11,5,20,21,45,300,28,CHARRIER (AVENUE),44.1613,4.62441,Nuit avec éclairage allumé,En agglomération,Intersection en T,Normale,Deux véhicules - côté,,,,,,,,,,,5,2,3,1.0,3.0
201100026032,0011-05-25 17:50:00,11,5,25,17,50,300,28,CHARRIER (AVENUE),,,Plein jour,En agglomération,Hors intersection,Normale,Deux véhicules - arrière,,,,,,,,,,,1,2,1,1.0,2.0
201100026033,0011-05-31 22:03:00,11,5,31,22,3,300,28,"6086, ROUTE DE NIMES",44.15504,4.6168,Nuit avec éclairage allumé,En agglomération,Autre intersection,Normale,Autre collision,,,,,,,,,,,5,2,9,1.0,6.0
201100026034,0011-06-10 16:15:00,11,6,10,16,15,300,28,"1, ALEGRE (RUE GARIDEL)",44.15866,4.35845,Plein jour,En agglomération,Intersection en T,Normale,Deux véhicules - côté,,,,,,,,,,,1,2,3,1.0,3.0
201100026035,0011-07-11 07:00:00,11,7,11,7,0,300,28,"2, GOURDON (AVENUE ROBER",44.16905,4.62332,Plein jour,En agglomération,Hors intersection,Normale,Autre collision,,,,,,,,,,,1,2,1,1.0,6.0
201100026036,0011-07-22 15:30:00,11,7,22,15,30,300,28,ROUTE DE PONT SAINT ESPR,44.17664,4.61982,Plein jour,En agglomération,Intersection en T,Normale,Autre collision,,,,,,,,,,,1,2,3,1.0,6.0
201100026037,0011-07-24 18:30:00,11,7,24,18,30,300,28,"6086, SAINT GERVAIS (ROU",44.17689,4.61897,Plein jour,En agglomération,Intersection en T,Normale,Deux véhicules - côté,,,,,,,,,,,1,2,3,1.0,3.0
201100026038,0011-07-27 13:40:00,11,7,27,13,40,300,28,"580, ROUTE D'AVIGNON",,,Plein jour,Hors agglomération,Hors intersection,Normale,Deux véhicules - côté,,,,,,,,,,,1,1,1,1.0,3.0
201100026039,0011-07-27 23:55:00,11,7,27,23,55,300,28,"580, ROUTE D'AVIGNON",44.1581,4.63304,Nuit sans éclairage public,Hors agglomération,Hors intersection,Normale,Autre collision,,,,,,,,,,,3,1,1,1.0,6.0
201100026040,0011-07-29 21:30:00,11,7,29,21,30,300,28,"0, ALPHONSE DAUDET (AVEN",44.16066,4.61736,Nuit avec éclairage allumé,En agglomération,Hors intersection,Normale,Autre collision,,,,,,,,,,,5,2,1,1.0,6.0
201100026041,0011-08-22 10:40:00,11,8,22,10,40,300,28,", MARECHAL DE LATTRE DE",44.16712,4.61229,Plein jour,En agglomération,Hors intersection,Normale,Autre collision,,,,,,,,,,,1,2,1,1.0,6.0
201100026042,0011-09-07 13:45:00,11,9,7,13,45,300,28,FLOURE (AVENUE DE LA),,,Plein jour,En agglomération,Intersection en X,Normale,Deux véhicules - côté,,,,,,,,,,,1,2,2,1.0,3.0
201100026043,0011-09-10 18:05:00,11,9,10,18,5,300,28,"1, PONT SAINT ESPRIT (RO",44.17448,4.62001,Plein jour,Hors agglomération,Intersection en T,Normale,Trois véhicules et plus - collisions multiples,,,,,,,,,,,1,1,3,1.0,5.0
201100026044,0011-09-15 18:00:00,11,9,15,18,0,300,28,"17, BORDELET (AVENUE DU)",44.16169,4.61416,Plein jour,En agglomération,Hors intersection,Normale,Autre collision,,,,,,,,,,,1,2,1,1.0,6.0
201100026045,0011-09-30 10:00:00,11,9,30,10,0,300,28,ANCYSE (AVENUE DEL'),44.16043,4.60914,Plein jour,En agglomération,Intersection en X,Normale,Autre collision,,,,,,,,,,,1,2,2,1.0,6.0
201100026046,0011-09-28 17:05:00,11,9,28,17,5,300,28,DE NIMES (RO,44.15474,4.61656,Plein jour,En agglomération,Hors intersection,Normale,Autre collision,,,,,,,,,,,1,2,1,1.0,6.0
201100026047,0011-10-19 18:05:00,11,10,19,18,5,300,28,AUBEPINES (RUE DES),44.16636,4.61398,Plein jour,En agglomération,Intersection en T,Normale,Autre collision,,,,,,,,,,,1,2,3,1.0,6.0
201100026048,0011-10-31 15:45:00,11,10,31,15,45,300,28,"3, JEAN PERRIN (AVENUE)",44.16352,4.62291,Plein jour,En agglomération,Hors intersection,Normale,Autre collision,,,,,,,,,,,1,2,1,1.0,6.0
201100026049,0011-11-02 12:00:00,11,11,2,12,0,300,28,"., VIGAN BRAQUET (AVENUE",,,Plein jour,En agglomération,Hors intersection,Normale,Autre collision,,,,,,,,,,,1,2,1,1.0,6.0
201100026050,0011-11-11 08:30:00,11,11,11,8,30,300,28,"., DAUDET (AVENUE ALPHON",,,Plein jour,En agglomération,Hors intersection,Normale,Autre collision,,,,,,,,,,,1,2,1,1.0,6.0
201100026051,0011-11-24 11:05:00,11,11,24,11,5,300,28,"472, COMMANDO VIGAN BRAQ",44.16273,4.61178,Plein jour,En agglomération,Hors intersection,Normale,Autre collision,,,,,,,,,,,1,2,1,1.0,6.0
201100026052,0011-11-24 13:00:00,11,11,24,13,0,300,28,"1, EUROPE (AVENUE DE L')",44.16516,4.61879,Plein jour,En agglomération,Hors intersection,Normale,Autre collision,,,,,,,,,,,1,2,1,1.0,6.0
201100026053,0011-12-08 20:35:00,11,12,8,20,35,300,28,MARECHAL DE LATTRE DE TA,44.16887,4.61687,Nuit avec éclairage allumé,En agglomération,Hors intersection,Normale,Autre collision,,,,,,,,,,,5,2,1,1.0,6.0
201100026054,0011-12-13 14:00:00,11,12,13,14,0,300,28,DIX NEUF MARS 1962 (RUE,44.15527,4.62136,Plein jour,En agglomération,Intersection en X,Normale,Autre collision,,,,,,,,,,,1,2,2,1.0,6.0
201100026055,0011-12-19 13:00:00,11,12,19,13,0,300,28,ROUTE DE PONT SAINT ESPR,,,Plein jour,Hors agglomération,Hors intersection,Normale,Deux véhicules - arrière,,,,,,,,,,,1,1,1,1.0,2.0
201100026056,0011-12-19 14:45:00,11,12,19,14,45,300,28,GARIDEL ALEGRE (RUE),44.16055,4.62275,Plein jour,En agglomération,Intersection en T,Normale,Deux véhicules - côté,,,,,,,,,,,1,2,3,1.0,3.0
201100026057,0011-01-01 15:45:00,11,1,1,15,45,300,32,"1, SICARD (MONTEE DE)",,,Plein jour,Hors agglomération,Hors intersection,Normale,Deux véhicules - frontale,,,,,,,,,,,1,1,1,1.0,1.0
201100026058,0011-01-10 16:50:00,11,1,10,16,50,300,32,"31, MARECHAL FOCH",43.80964,4.63859,Plein jour,En agglomération,Hors intersection,Normale,Autre collision,,,,,,,,,,,1,2,1,1.0,6.0
201100026059,0011-01-15 16:20:00,11,1,15,16,20,300,32,Carrefour (parking centr,43.81707,4.61398,Plein jour,En agglomération,Hors intersection,Normale,Autre collision,,,,,,,,,,,1,2,1,1.0,6.0
201100026060,0011-01-27 06:50:00,11,1,27,6,50,300,32,"6, ANATOLE FRANCE",43.80987,4.62581,Nuit avec éclairage non allumé,En agglomération,Hors intersection,Normale,Deux véhicules - côté,,,,,,,,,,,4,2,1,1.0,3.0
201100026061,0011-02-02 14:30:00,11,2,2,14,30,300,32,"1530, ROUTE DE ST GILLES",43.80646,4.62122,Plein jour,Hors agglomération,Hors intersection,Normale,Sans collision,,,,,,,,,,,1,1,1,1.0,7.0
201100026062,0011-02-11 17:00:00,11,2,11,17,0,300,32,"1305, CLAPAS DE CORNUT (",43.8131,4.61386,Plein jour,En agglomération,Hors intersection,Normale,Deux véhicules - frontale,,,,,,,,,,,1,2,1,1.0,1.0
201100026063,0011-02-17 20:50:00,11,2,17,20,50,300,32,ROUTE DE SAINT GILLES,43.7812,4.55188,Nuit avec éclairage allumé,Hors agglomération,Hors intersection,Pluie légère,Sans collision,,,,,,,,,,,5,1,1,2.0,7.0
201100026064,0011-02-19 00:05:00,11,2,19,0,5,300,32,ROUTE DE COMPS,43.8252,4.62657,Nuit sans éclairage public,Hors agglomération,Hors intersection,Normale,Sans collision,,,,,,,,,,,3,1,1,1.0,7.0
201100026065,0011-03-06 17:10:00,11,3,6,17,10,300,32,Rocade (Dpt 90),43.82794,4.61434,Plein jour,Hors agglomération,Hors intersection,Normale,Sans collision,,,,,,,,,,,1,1,1,1.0,7.0
201100026066,0011-03-09 18:00:00,11,3,9,18,0,300,32,"02, ROUTE DE SAINT GILLE",43.80708,4.63786,Plein jour,En agglomération,Hors intersection,Normale,Autre collision,,,,,,,,,,,1,2,1,1.0,6.0
201100026067,0011-03-12 18:50:00,11,3,12,18,50,300,32,"11, FARCIENNES (AV. DE)",43.80978,4.63835,Nuit avec éclairage allumé,En agglomération,Hors intersection,Pluie forte,Deux véhicules - arrière,,,,,,,,,,,5,2,1,3.0,2.0
201100026068,0011-03-12 20:00:00,11,3,12,20,0,300,32,ROUTE DE FOURQUES,43.72543,4.60714,Nuit sans éclairage public,Hors agglomération,Hors intersection,Pluie légère,Sans collision,,,,,,,,,,,3,1,1,2.0,7.0
201100026069,0011-03-13 13:30:00,11,3,13,13,30,300,32,"1, PAIX (QUAI DE LA)",43.806,4.63811,Plein jour,En agglomération,Giratoire,Pluie légère,Sans collision,,,,,,,,,,,1,2,6,2.0,7.0
201100026070,0011-03-20 23:35:00,11,3,20,23,35,300,32,Rocade (Dpt 90),,,Nuit avec éclairage allumé,Hors agglomération,Hors intersection,Normale,Sans collision,,,,,,,,,,,5,1,1,1.0,7.0
201100026071,0011-03-26 12:30:00,11,3,26,12,30,300,32,ROUTE DE BELLEGARDE (C.D,43.79334,4.58809,Plein jour,Hors agglomération,Hors intersection,Normale,Sans collision,,,,,,,,,,,1,1,1,1.0,7.0
201100026072,0011-04-17 18:00:00,11,4,17,18,0,300,32,"3, PAIX (QUAI DE LA)",43.80607,4.63742,Plein jour,En agglomération,Hors intersection,Normale,Deux véhicules - arrière,,,,,,,,,,,1,2,1,1.0,2.0
201100026073,0011-04-21 18:40:00,11,4,21,18,40,300,32,"11, GEORGES CLEMENCEAU (",43.80734,4.64347,Plein jour,En agglomération,Hors intersection,Normale,Autre collision,,,,,,,,,,,1,2,1,1.0,6.0
201100026074,0011-05-07 15:30:00,11,5,7,15,30,300,32,"7, MOULINS (CH. DES)",43.80512,4.63666,Plein jour,En agglomération,Hors intersection,Normale,Sans collision,,,,,,,,,,,1,2,1,1.0,7.0
201100026075,0011-05-25 19:00:00,11,5,25,19,0,300,32,GAMBETTA (COURS),,,Plein jour,En agglomération,Hors intersection,Normale,Deux véhicules - côté,,,,,,,,,,,1,2,1,1.0,3.0
201100026076,0011-01-01 00:26:00,11,1,1,0,26,300,189,ABATTOIR (RUE),43.83214,4.35154,Nuit avec éclairage allumé,En agglomération,Intersection en X,Normale,Deux véhicules - côté,,,,,,,,,,,5,2,2,1.0,3.0
201100026077,0011-01-02 12:38:00,11,1,2,12,38,300,189,"2609, MONTPELLIER (ROUTE",43.8108,4.32975,Plein jour,En agglomération,Hors intersection,Normale,Deux véhicules - côté,,,,,,,,,,,1,2,1,1.0,3.0
201100026078,0011-01-02 13:17:00,11,1,2,13,17,300,189,TALABOT (BOULEVARD),43.83694,4.37098,Plein jour,En agglomération,Intersection en X,Normale,Deux véhicules - côté,,,,,,,,,,,1,2,2,1.0,3.0
201100026079,0011-01-03 06:00:00,11,1,3,6,0,300,189,GAMEL PIERRE (AVENUE),43.82307,4.3643,Nuit avec éclairage allumé,En agglomération,Intersection en X,Normale,Deux véhicules - côté,,,,,,,,,,,5,2,2,1.0,3.0
201100026080,0011-01-03 07:42:00,11,1,3,7,42,300,189,AVIGNON (ROUTE),43.84727,4.38963,Crépuscule ou aube,En agglomération,Intersection en X,Normale,Deux véhicules - côté,,,,,,,,,,,2,2,2,1.0,3.0
201100026081,0011-01-10 15:00:00,11,1,10,15,0,300,189,ALES (ROUTE),43.87191,4.31991,Plein jour,En agglomération,Intersection en T,Normale,Deux véhicules - côté,,,,,,,,,,,1,2,3,1.0,3.0
201100026082,0011-01-10 17:26:00,11,1,10,17,26,300,189,"10, COURBET AMIRAL (BOUL",43.83749,4.3629,Crépuscule ou aube,En agglomération,Hors intersection,Normale,Sans collision,,,,,,,,,,,2,2,1,1.0,7.0
201100026083,0011-01-10 19:48:00,11,1,10,19,48,300,189,"96, TOUR MAGNE, QUAI DE",43.84806,4.34967,Nuit sans éclairage public,En agglomération,Intersection en X,Normale,Deux véhicules - côté,,,,,,,,,,,3,2,2,1.0,3.0
201100026084,0011-01-13 17:25:00,11,1,13,17,25,300,189,REPUBLIQUE (RUE),43.83385,4.35999,Crépuscule ou aube,En agglomération,Hors intersection,Normale,Autre collision,,,,,,,,,,,2,2,1,1.0,6.0
201100026085,0011-01-15 21:34:00,11,1,15,21,34,300,189,POMPIDOU GEORGES (AVENUE,43.83651,4.34632,Nuit avec éclairage allumé,En agglomération,Hors intersection,Normale,Deux véhicules - frontale,,,,,,,,,,,5,2,1,1.0,1.0
201100026086,0011-01-16 01:46:00,11,1,16,1,46,300,189,"130 bis, SAUVE (ROUTE)",43.83945,4.32163,Nuit avec éclairage allumé,En agglomération,Hors intersection,Normale,Autre collision,,,,,,,,,,,5,2,1,1.0,6.0
201100026087,0011-01-19 07:40:00,11,1,19,7,40,300,189,"0000, CIGALE (CHEMIN)",43.84245,4.34016,Plein jour,En agglomération,Hors intersection,Normale,Deux véhicules - côté,,,,,,,,,,,1,2,1,1.0,3.0
201100026088,0011-01-22 02:41:00,11,1,22,2,41,300,189,136 route d'avignon,43.84176,4.37719,Nuit avec éclairage allumé,En agglomération,Hors intersection,Normale,Deux véhicules - arrière,,,,,,,,,,,5,2,1,1.0,2.0
201100026089,0011-01-23 16:35:00,11,1,23,16,35,300,189,"000, ALES (ROUTE)",43.82009,4.33594,Plein jour,En agglomération,Intersection en T,Normale,Deux véhicules - côté,,,,,,,,,,,1,2,3,1.0,3.0
201100026090,0011-01-12 23:42:00,11,1,12,23,42,300,189,PONT DES ILES (CHEMIN),43.8313,4.39015,Nuit avec éclairage allumé,En agglomération,Autre intersection,Normale,Deux véhicules - côté,,,,,,,,,,,5,2,9,1.0,3.0
201100026091,0011-01-24 20:15:00,11,1,24,20,15,300,189,MONTPELLIER (ROUTE DE),43.8078,4.32555,Nuit sans éclairage public,En agglomération,Hors intersection,Normale,Autre collision,,,,,,,,,,,3,2,1,1.0,6.0
201100026092,0011-01-20 12:40:00,11,1,20,12,40,300,189,"5, ABATTOIR (RUE)",43.83218,4.34992,Plein jour,En agglomération,Hors intersection,Normale,Sans collision,,,,,,,,,,,1,2,1,1.0,7.0
201100026093,0011-01-27 13:57:00,11,1,27,13,57,300,189,"0000, ALLENDE SALVADOR (",,,Plein jour,En agglomération,Hors intersection,Normale,Deux véhicules - côté,,,,,,,,,,,1,2,1,1.0,3.0
201100026094,0011-01-27 17:56:00,11,1,27,17,56,300,189,"0000, DAYAN GEORGES (AVE",,,Crépuscule ou aube,En agglomération,Hors intersection,Normale,Autre collision,,,,,,,,,,,2,2,1,1.0,6.0
201100026095,0011-02-02 20:41:00,11,2,2,20,41,300,189,"000, TRIAIRE SERGENT (BO",43.82848,4.3599,Nuit avec éclairage allumé,En agglomération,Intersection en X,Normale,Deux véhicules - côté,,,,,,,,,,,5,2,2,1.0,3.0
201100026096,0011-02-03 13:33:00,11,2,3,13,33,300,189,"14, RAIMU JULES (RUE)",43.81966,4.32884,Plein jour,En agglomération,Hors intersection,Normale,Autre collision,,,,,,,,,,,1,2,1,1.0,6.0
201100026097,0011-02-10 17:11:00,11,2,10,17,11,300,189,LANGUEDOC (AVENUE),,,Crépuscule ou aube,En agglomération,Hors intersection,Normale,Autre collision,,,,,,,,,,,2,2,1,1.0,6.0
201100026098,0011-02-14 06:47:00,11,2,14,6,47,300,189,"000, ROBERT JEAN (PLACE)",43.84017,4.36516,Nuit avec éclairage allumé,En agglomération,Intersection en T,Pluie légère,Autre collision,,,,,,,,,,,5,2,3,2.0,6.0
201100026099,0011-02-14 09:10:00,11,2,14,9,10,300,189,"14, SULLY (RUE)",43.84375,4.36895,Plein jour,En agglomération,Intersection en X,Pluie légère,Trois véhicules et plus - collisions multiples,,,,,,,,,,,1,2,2,2.0,5.0
201100026100,0011-02-14 16:56:00,11,2,14,16,56,300,189,"000, TOUR DE L'EVEQUE (R",43.82428,4.36962,Plein jour,En agglomération,Hors intersection,Normale,Sans collision,,,,,,,,,,,1,2,1,1.0,7.0
201100026101,0011-02-15 08:20:00,11,2,15,8,20,300,189,"000, GARCIA CRISTINO (RU",43.4941,4.2305,Plein jour,En agglomération,Hors intersection,Normale,Deux véhicules - arrière,,,,,,,,,,,1,2,1,1.0,2.0
201100026102,0011-02-15 09:35:00,11,2,15,9,35,300,189,MARTEL CHARLES (RUE),43.8303,4.35678,Plein jour,En agglomération,Intersection en X,Normale,Deux véhicules - côté,,,,,,,,,,,1,2,2,1.0,3.0
201100026103,0011-02-15 12:25:00,11,2,15,12,25,300,189,"40, SAUVE (ROUTE)",43.83749,4.3424,Plein jour,En agglomération,Hors intersection,Normale,Autre collision,,,,,,,,,,,1,2,1,1.0,6.0
201100026104,0011-02-16 08:50:00,11,2,16,8,50,300,189,TRINTIGNANT MAURICE (AVE,43.81982,4.34669,Plein jour,Hors agglomération,Intersection en T,Normale,Deux véhicules - côté,,,,,,,,,,,1,1,3,1.0,3.0
201100026105,0011-02-16 16:45:00,11,2,16,16,45,300,189,"000, PROUVE JEAN (AVENUE",43.81532,4.34948,Plein jour,En agglomération,Hors intersection,Normale,Autre collision,,,,,,,,,,,1,2,1,1.0,6.0
201100026106,0011-02-18 09:19:00,11,2,18,9,19,300,189,"140, GARCIA CRISTINO (RU",43.83027,4.38227,Plein jour,En agglomération,Hors intersection,Normale,Deux véhicules - côté,,,,,,,,,,,1,2,1,1.0,3.0
201100026107,0011-02-19 20:33:00,11,2,19,20,33,300,189,"144, CROIX DE VAUVERT (C",43.81983,4.34669,Nuit sans éclairage public,En agglomération,Hors intersection,Pluie légère,Deux véhicules - frontale,,,,,,,,,,,3,2,1,2.0,1.0
201100026108,0011-02-20 21:00:00,11,2,20,21,0,300,189,MARECHAL JUIN (BOULEVARD,43.82106,4.34729,Nuit avec éclairage allumé,En agglomération,Intersection en T,Normale,Deux véhicules - côté,,,,,,,,,,,5,2,3,1.0,3.0
201100026109,0011-02-26 00:01:00,11,2,26,0,1,300,189,BARTHOLDI FREDERIC (AVEN,43.83447,4.41317,Nuit avec éclairage allumé,En agglomération,Hors intersection,Normale,Deux véhicules - côté,,,,,,,,,,,5,2,1,1.0,3.0
201100026110,0011-02-25 22:41:00,11,2,25,22,41,300,189,"133, ALES (ROUTE)",43.85934,4.33539,Nuit avec éclairage allumé,En agglomération,Hors intersection,Normale,Autre collision,,,,,,,,,,,5,2,1,1.0,6.0
201100026111,0011-03-01 17:20:00,11,3,1,17,20,300,189,"0000, COURBESSAC (ROUTE)",43.85502,4.39939,Plein jour,En agglomération,Hors intersection,Normale,Deux véhicules - arrière,,,,,,,,,,,1,2,1,1.0,2.0
201100026112,0011-03-03 18:40:00,11,3,3,18,40,300,189,"KILOMETRE DELTA, KM",43.81564,4.34085,Crépuscule ou aube,En agglomération,Hors intersection,Normale,Deux véhicules - arrière,,,,,,,,,,,2,2,1,1.0,2.0
201100026113,0011-03-05 11:26:00,11,3,5,11,26,300,189,DAYAN GEORGES (AV),43.82264,4.34766,Plein jour,En agglomération,Intersection en X,Normale,Deux véhicules - côté,,,,,,,,,,,1,2,2,1.0,3.0
201100026114,0011-03-06 20:32:00,11,3,6,20,32,300,189,"7, GAMBETTA (BD)",43.84042,4.35819,Nuit avec éclairage allumé,En agglomération,Hors intersection,Normale,Autre collision,,,,,,,,,,,5,2,1,1.0,6.0
201100026115,0011-03-07 11:55:00,11,3,7,11,55,300,189,GAMEL PIERRE (AVENUE),43.82306,4.3643,Plein jour,En agglomération,Hors intersection,Normale,Deux véhicules - côté,,,,,,,,,,,1,2,1,1.0,3.0
201100026116,0011-03-12 14:19:00,11,3,12,14,19,300,189,PAVLOV (AVENUE),43.81427,4.31511,Plein jour,En agglomération,Intersection en T,Pluie légère,Deux véhicules - côté,,,,,,,,,,,1,2,3,2.0,3.0
201100026117,0011-03-15 09:10:00,11,3,15,9,10,300,189,"GALILEE (RUE, PLACE OU I",43.83089,4.32576,Plein jour,En agglomération,Intersection en T,Pluie forte,Autre collision,,,,,,,,,,,1,2,3,3.0,6.0
201100026118,0011-03-18 19:41:00,11,3,18,19,41,300,189,GENERAC (ROUTE),43.77937,4.3465,Nuit sans éclairage public,Hors agglomération,Intersection en T,Normale,Autre collision,,,,,,,,,,,3,1,3,1.0,6.0
201100026119,0011-03-21 13:38:00,11,3,21,13,38,300,189,SAINTE GENEVIEVE (RUE),43.82552,4.36183,Plein jour,En agglomération,Intersection en T,Normale,Autre collision,,,,,,,,,,,1,2,3,1.0,6.0
201100026120,0011-03-24 19:29:00,11,3,24,19,29,300,189,"292, MONSEIGNEUR CLAVERI",43.85614,4.39749,Nuit avec éclairage allumé,En agglomération,Hors intersection,Normale,Autre collision,,,,,,,,,,,5,2,1,1.0,6.0
201100026121,0011-03-25 19:50:00,11,3,25,19,50,300,189,ANCIENS COMBATTANTS D IN,43.85857,4.32417,Nuit avec éclairage allumé,En agglomération,Intersection en X,Normale,Deux véhicules - côté,,,,,,,,,,,5,2,2,1.0,3.0
201100026122,0011-03-26 14:30:00,11,3,26,14,30,300,189,"680, PONT DES ILES (CHEM",43.83128,4.39073,Plein jour,En agglomération,Hors intersection,Normale,Autre collision,,,,,,,,,,,1,2,1,1.0,6.0
201100026123,0011-03-27 14:35:00,11,3,27,14,35,300,189,ANCIENS COMBATTANTS D IN,43.84223,4.31718,Plein jour,En agglomération,Hors intersection,Pluie légère,Deux véhicules - frontale,,,,,,,,,,,1,2,1,2.0,1.0
201100026124,0011-04-01 01:15:00,11,4,1,1,15,300,189,POMPIDOU GEORGES (AVENUE,43.83782,4.3452,Nuit avec éclairage allumé,En agglomération,Intersection en X,Normale,Deux véhicules - côté,,,,,,,,,,,5,2,2,1.0,3.0
201100026125,0011-04-01 16:48:00,11,4,1,16,48,300,189,"16, VERDET (RUE)",43.83691,4.36892,Plein jour,En agglomération,Hors intersection,Normale,Autre collision,,,,,,,,,,,1,2,1,1.0,6.0
201100026126,0011-04-03 15:23:00,11,4,3,15,23,300,189,BACHAS (CHEMIN),43.8122,4.38245,Plein jour,En agglomération,Intersection en T,Normale,Autre collision,,,,,,,,,,,1,2,3,1.0,6.0
201100026127,0011-04-04 19:00:00,11,4,4,19,0,300,189,PARATONNERRE (CHEMIN),43.85856,4.32429,Plein jour,En agglomération,Intersection en X,Normale,Deux véhicules - côté,,,,,,,,,,,1,2,2,1.0,3.0
201100026128,0011-04-05 16:20:00,11,4,5,16,20,300,189,"10, ARNAVIEILLE (RUE)",43.82326,4.34985,Plein jour,En agglomération,Hors intersection,Normale,Deux véhicules - côté,,,,,,,,,,,1,2,1,1.0,3.0
201100026129,0011-04-08 07:37:00,11,4,8,7,37,300,189,"000, REINACH SALOMON (RU",43.83221,4.38044,Plein jour,En agglomération,Giratoire,Normale,Autre collision,,,,,,,,,,,1,2,6,1.0,6.0
201100026130,0011-04-10 09:52:00,11,4,10,9,52,300,189,"33 ter, BEC DE LIEVRE (R",43.83372,4.35369,Plein jour,En agglomération,Hors intersection,Normale,Autre collision,,,,,,,,,,,1,2,1,1.0,6.0
201100026131,0011-04-12 11:48:00,11,4,12,11,48,300,189,"000000002, DE LATTRE DE",43.84367,4.38584,Plein jour,En agglomération,Hors intersection,Normale,Autre collision,,,,,,,,,,,1,2,1,1.0,6.0
201100026132,0011-04-13 18:53:00,11,4,13,18,53,300,189,GENERAC (ROUTE),43.80574,4.3544,Plein jour,En agglomération,Intersection en X,Normale,Deux véhicules - côté,,,,,,,,,,,1,2,2,1.0,3.0