accident_id,datetime,annee,mois,jour,heure,minute,departement,commune_insee,adresse,latitude,longitude,luminosite,agglomeration,intersection,meteo,collision,nb_vehicules,nb_usagers,nb_indemnes,nb_tues,nb_blesses_hosp,nb_blesses_legers,age_cond_1,age_cond_2,veh_type_cond_1,veh_type_cond_2,lum_code,agg_code,int_code,atm_code,col_code
201100026374,0011-08-13 23:45:00,11,8,13,23,45,310,344,"1, VERDUN (RUE DE)",43.09227,0.74068,Nuit avec éclairage allumé,En agglomération,Hors intersection,Normale,Deux véhicules - arrière,,,,,,,,,,,5,2,1,1.0,2.0
201100026375,0011-08-29 17:30:00,11,8,29,17,30,310,344,ASPET (ROUTE),,,Plein jour,Hors agglomération,Hors intersection,Normale,Sans collision,,,,,,,,,,,1,1,1,1.0,7.0
201100026376,0011-09-02 08:48:00,11,9,2,8,48,310,483,PILAT (PLACE DU ),43.11014,0.72107,Plein jour,En agglomération,Hors intersection,Normale,Sans collision,,,,,,,,,,,1,2,1,1.0,7.0
201100026377,0011-09-14 17:15:00,11,9,14,17,15,310,483,,43.1014,0.70649,Plein jour,Hors agglomération,Hors intersection,Normale,Trois véhicules et plus - en chaîne,,,,,,,,,,,1,1,1,1.0,4.0
201100026378,0011-09-19 14:55:00,11,9,19,14,55,310,483,ARRIEU ANSELME (AVENUE),43.10877,0.72174,Plein jour,En agglomération,Intersection en X,Normale,Deux véhicules - côté,,,,,,,,,,,1,2,2,1.0,3.0
201100026379,0011-09-27 18:30:00,11,9,27,18,30,310,483,"34, ISLE (AVENUE DE L')",43.11299,0.72599,Plein jour,En agglomération,Hors intersection,Normale,Autre collision,,,,,,,,,,,1,2,1,1.0,6.0
201100026380,0011-09-30 18:15:00,11,9,30,18,15,310,483,"25, AV FR MITTERRAND",43.10967,0.73075,Plein jour,En agglomération,Hors intersection,Normale,Trois véhicules et plus - en chaîne,,,,,,,,,,,1,2,1,1.0,4.0
201100026381,0011-10-15 18:25:00,11,10,15,18,25,310,483,RTE DE LA SERRE DE CAZAU,43.14034,0.73545,Plein jour,Hors agglomération,Hors intersection,Normale,Sans collision,,,,,,,,,,,1,1,1,1.0,7.0
201100026382,0011-10-26 08:40:00,11,10,26,8,40,310,483,FOURNIER (PLACE ),43.11258,0.71405,Crépuscule ou aube,En agglomération,Giratoire,Temps éblouissant,Deux véhicules - côté,,,,,,,,,,,2,2,6,7.0,3.0
201100026383,0011-11-04 12:55:00,11,11,4,12,55,310,483,"96, FRANCOIS MITTERAND",43.1112,0.73968,Plein jour,En agglomération,Intersection en T,Normale,Deux véhicules - côté,,,,,,,,,,,1,2,3,1.0,3.0
201100026384,0011-11-04 17:45:00,11,11,4,17,45,310,483,LAVOISIER (RUE),,,Nuit avec éclairage allumé,En agglomération,Hors intersection,Normale,Autre collision,,,,,,,,,,,5,2,1,1.0,6.0
201100026385,0011-11-08 11:20:00,11,11,8,11,20,310,344,VERDUN (RUE DE),43.09306,0.74282,Plein jour,En agglomération,Giratoire,Normale,Deux véhicules - côté,,,,,,,,,,,1,2,6,1.0,3.0
201100026386,0011-11-10 17:05:00,11,11,10,17,5,310,483,"8, SCHUMANN ROBERT (RUE)",43.11187,0.71881,Plein jour,En agglomération,Intersection en T,Normale,Deux véhicules - côté,,,,,,,,,,,1,2,3,1.0,3.0
201100026387,0011-12-07 19:15:00,11,12,7,19,15,310,483,D921,43.09206,0.73621,Nuit sans éclairage public,Hors agglomération,Hors intersection,Normale,Deux véhicules - côté,,,,,,,,,,,3,1,1,1.0,3.0
201100026388,0011-12-02 13:45:00,11,12,2,13,45,310,483,GAULLE (BOULEVARD CHARLE,43.10923,0.72347,Plein jour,En agglomération,Intersection en X,Normale,Autre collision,,,,,,,,,,,1,2,2,1.0,6.0
201100026389,0011-12-14 12:20:00,11,12,14,12,20,310,483,ENCORE (BOULEVAR D'),43.11504,0.73249,Plein jour,En agglomération,Hors intersection,Pluie forte,Deux véhicules - arrière,,,,,,,,,,,1,2,1,3.0,2.0
201100026390,0011-12-26 00:45:00,11,12,26,0,45,310,483,FOCH (AVENUE DU MARECHAL,43.0979,0.70652,Nuit avec éclairage allumé,En agglomération,Hors intersection,Normale,Autre collision,,,,,,,,,,,5,2,1,1.0,6.0
201100026391,0011-01-21 23:35:00,11,1,21,23,35,310,247,RD8,,,Nuit sans éclairage public,En agglomération,Hors intersection,Normale,Autre collision,,,,,,,,,,,3,2,1,1.0,6.0
201100026392,0011-09-23 12:15:00,11,9,23,12,15,690,277,Rues Calmette/M?riers,,,Plein jour,En agglomération,Intersection en X,Normale,Deux véhicules - côté,,,,,,,,,,,1,2,2,1.0,3.0
201100026393,0011-10-14 13:00:00,11,10,14,13,0,690,277,angle rostand / calmette,,,Plein jour,En agglomération,Hors intersection,Normale,Deux véhicules - arrière,,,,,,,,,,,1,2,1,1.0,2.0
201100026394,0011-01-01 03:10:00,11,1,1,3,10,310,555,"999, PONT SAINT MICHEL",,,Nuit avec éclairage allumé,En agglomération,Hors intersection,Normale,Deux véhicules - arrière,,,,,,,,,,,5,2,1,1.0,2.0
201100026395,0011-01-01 04:45:00,11,1,1,4,45,310,555,"999, BD LAZARE CARNOT",,,Nuit avec éclairage allumé,En agglomération,Hors intersection,Normale,Autre collision,,,,,,,,,,,5,2,1,1.0,6.0
201100026396,0011-01-01 16:45:00,11,1,1,16,45,310,555,"999, RTE D ALBI",,,Plein jour,En agglomération,Hors intersection,Normale,Deux véhicules - arrière,,,,,,,,,,,1,2,1,1.0,2.0
201100026397,0011-01-01 18:20:00,11,1,1,18,20,310,555,"1, BD MATABIAU",,,Nuit avec éclairage allumé,En agglomération,Hors intersection,Normale,Autre collision,,,,,,,,,,,5,2,1,1.0,6.0
201100026398,0011-01-01 22:50:00,11,1,1,22,50,310,555,"999, RUE DE METZ",,,Nuit avec éclairage allumé,En agglomération,Intersection en T,Normale,Deux véhicules - côté,,,,,,,,,,,5,2,3,1.0,3.0
201100026399,0011-01-03 16:00:00,11,1,3,16,0,310,555,"999, AV DU PR JOSEPH DUC",,,Plein jour,En agglomération,Intersection en T,Normale,Deux véhicules - côté,,,,,,,,,,,1,2,3,1.0,3.0
201100026400,0011-01-03 16:05:00,11,1,3,16,5,310,555,"999, PL SAINT SERNIN",,,Plein jour,En agglomération,Hors intersection,Normale,Autre collision,,,,,,,,,,,1,2,1,1.0,6.0
201100026401,0011-01-04 15:08:00,11,1,4,15,8,310,555,AV LOUIS BAZERQUE,,,Plein jour,En agglomération,Hors intersection,Normale,Trois véhicules et plus - collisions multiples,,,,,,,,,,,1,2,1,1.0,5.0
201100026402,0011-01-06 01:30:00,11,1,6,1,30,310,555,"39, BD MATABIAU",,,Nuit avec éclairage allumé,En agglomération,Hors intersection,Normale,Sans collision,,,,,,,,,,,5,2,1,1.0,7.0
201100026403,0011-01-06 07:50:00,11,1,6,7,50,310,555,"26, AV J FRANCOIS CHAMPO",,,Nuit avec éclairage allumé,En agglomération,Hors intersection,Normale,Autre collision,,,,,,,,,,,5,2,1,1.0,6.0
201100026404,0011-01-07 23:20:00,11,1,7,23,20,310,555,"37, AV JULES JULIEN",,,Nuit avec éclairage allumé,En agglomération,Hors intersection,Normale,Autre collision,,,,,,,,,,,5,2,1,1.0,6.0
201100026405,0011-01-08 02:10:00,11,1,8,2,10,310,555,VA007333 LA FAOURETTE A6,,,Nuit avec éclairage allumé,Hors agglomération,Hors intersection,Normale,Autre collision,,,,,,,,,,,5,1,1,1.0,6.0
201100026406,0011-01-08 21:20:00,11,1,8,21,20,310,555,VA007553 A61,,,Nuit avec éclairage allumé,Hors agglomération,Hors intersection,Normale,Deux véhicules - côté,,,,,,,,,,,5,1,1,1.0,3.0
201100026407,0011-01-09 16:50:00,11,1,9,16,50,310,149,ECHANGEUR ST MICHEL (A62,,,Plein jour,En agglomération,Hors intersection,Pluie légère,Sans collision,,,,,,,,,,,1,2,1,2.0,7.0
201100026408,0011-01-09 22:30:00,11,1,9,22,30,310,555,VA007553 A61,,,Nuit avec éclairage allumé,En agglomération,Hors intersection,Normale,Trois véhicules et plus - en chaîne,,,,,,,,,,,5,2,1,1.0,4.0
201100026409,0011-01-10 06:50:00,11,1,10,6,50,310,555,"999, ALL DE GUYENNE",,,Nuit avec éclairage allumé,En agglomération,Hors intersection,Normale,Autre collision,,,,,,,,,,,5,2,1,1.0,6.0
201100026410,0011-01-10 07:20:00,11,1,10,7,20,310,555,"999, BD DE SUISSE",,,Nuit avec éclairage allumé,En agglomération,Intersection en T,Normale,Deux véhicules - frontale,,,,,,,,,,,5,2,3,1.0,1.0
201100026411,0011-01-10 22:00:00,11,1,10,22,0,310,555,"58, RTE DE NARBONNE",,,Nuit avec éclairage allumé,En agglomération,Hors intersection,Normale,Autre collision,,,,,,,,,,,5,2,1,1.0,6.0
201100026412,0011-01-14 05:15:00,11,1,14,5,15,310,555,"999, BD DE MARENGO",,,Nuit avec éclairage allumé,En agglomération,Hors intersection,Normale,Deux véhicules - frontale,,,,,,,,,,,5,2,1,1.0,1.0
201100026413,0011-01-14 05:45:00,11,1,14,5,45,310,555,"., ALL JULES GUESDE",,,Nuit avec éclairage allumé,En agglomération,Hors intersection,Normale,Sans collision,,,,,,,,,,,5,2,1,1.0,7.0
201100026414,0011-01-14 18:30:00,11,1,14,18,30,310,555,"1, PL INTERIEURE ST CYPR",,,Nuit avec éclairage allumé,En agglomération,Hors intersection,Normale,Autre collision,,,,,,,,,,,5,2,1,1.0,6.0
201100026415,0011-01-15 06:45:00,11,1,15,6,45,310,433,VA007307 FRANCAZAL A64 S,,,Nuit avec éclairage allumé,Hors agglomération,Hors intersection,Normale,Deux véhicules - arrière,,,,,,,,,,,5,1,1,1.0,2.0
201100026416,0011-01-15 11:20:00,11,1,15,11,20,310,555,"1, AV DE LA GLOIRE",,,Plein jour,En agglomération,Hors intersection,Normale,Autre collision,,,,,,,,,,,1,2,1,1.0,6.0
201100026417,0011-01-15 14:15:00,11,1,15,14,15,310,555,"999, RUE CLAUDE GONIN",,,Plein jour,En agglomération,Intersection en T,Normale,Deux véhicules - côté,,,,,,,,,,,1,2,3,1.0,3.0
201100026418,0011-01-15 21:05:00,11,1,15,21,5,310,555,VA007331 A620,,,Nuit avec éclairage allumé,En agglomération,Hors intersection,Normale,Sans collision,,,,,,,,,,,5,2,1,1.0,7.0
201100026419,0011-01-16 01:25:00,11,1,16,1,25,310,555,VA007306 A64,,,Nuit avec éclairage allumé,En agglomération,Hors intersection,Normale,Sans collision,,,,,,,,,,,5,2,1,1.0,7.0
201100026420,0011-01-16 11:05:00,11,1,16,11,5,310,555,"., AV DES ETATS UNIS",,,Plein jour,En agglomération,Hors intersection,Normale,Deux véhicules - côté,,,,,,,,,,,1,2,1,1.0,3.0
201100026421,0011-01-13 14:40:00,11,1,13,14,40,310,555,"88, RTE D AGDE",,,Plein jour,En agglomération,Hors intersection,Normale,Deux véhicules - côté,,,,,,,,,,,1,2,1,1.0,3.0
201100026422,0011-01-17 23:20:00,11,1,17,23,20,310,555,"999, AV M BOURGES MAUNOU",,,Nuit avec éclairage allumé,En agglomération,Hors intersection,Normale,Deux véhicules - côté,,,,,,,,,,,5,2,1,1.0,3.0
201100026423,0011-01-18 08:00:00,11,1,18,8,0,310,555,AV DU MIRAIL,,,Plein jour,En agglomération,Hors intersection,Normale,Deux véhicules - côté,,,,,,,,,,,1,2,1,1.0,3.0
201100026424,0011-01-18 12:15:00,11,1,18,12,15,310,555,"999, AV DE GRANDE BRETAG",,,Plein jour,En agglomération,Hors intersection,Normale,Trois véhicules et plus - en chaîne,,,,,,,,,,,1,2,1,1.0,4.0
201100026425,0011-01-18 22:30:00,11,1,18,22,30,310,555,VA007440 LES MINIMES A62,,,Nuit avec éclairage allumé,Hors agglomération,Hors intersection,Normale,Deux véhicules - côté,,,,,,,,,,,5,1,1,1.0,3.0
201100026426,0011-01-19 10:00:00,11,1,19,10,0,310,555,"275, AV DES ETATS UNIS",,,Plein jour,En agglomération,Hors intersection,Normale,Deux véhicules - arrière,,,,,,,,,,,1,2,1,1.0,2.0
201100026427,0011-01-20 08:45:00,11,1,20,8,45,310,555,VA007323 BORDELONGUE A64,,,Plein jour,Hors agglomération,Hors intersection,Normale,Deux véhicules - arrière,,,,,,,,,,,1,1,1,1.0,2.0
201100026428,0011-01-20 10:30:00,11,1,20,10,30,310,555,"330, RTE DE LAUNAGUET",,,Plein jour,En agglomération,Hors intersection,Normale,Deux véhicules - frontale,,,,,,,,,,,1,2,1,1.0,1.0
201100026429,0011-01-21 07:57:00,11,1,21,7,57,310,555,"999, BD DES MINIMES",,,Nuit avec éclairage allumé,En agglomération,Intersection en T,Normale,Autre collision,,,,,,,,,,,5,2,3,1.0,6.0
201100026430,0011-01-21 08:10:00,11,1,21,8,10,310,555,"94, BD DE SUISSE",,,Plein jour,En agglomération,Hors intersection,Normale,Deux véhicules - côté,,,,,,,,,,,1,2,1,1.0,3.0
201100026431,0011-01-21 13:38:00,11,1,21,13,38,310,555,"., AV JULES JULIEN",,,Plein jour,En agglomération,Hors intersection,Normale,Autre collision,,,,,,,,,,,1,2,1,1.0,6.0
201100026432,0011-01-21 16:15:00,11,1,21,16,15,310,555,"., AV DU GENERAL EISENHO",,,Plein jour,En agglomération,Hors intersection,Normale,Trois véhicules et plus - en chaîne,,,,,,,,,,,1,2,1,1.0,4.0
201100026433,0011-01-23 04:45:00,11,1,23,4,45,310,555,"999, PONT DES CATALANS",,,Nuit avec éclairage allumé,En agglomération,Hors intersection,Normale,Autre collision,,,,,,,,,,,5,2,1,1.0,6.0
201100026434,0011-01-24 17:20:00,11,1,24,17,20,310,555,"207, RTE DE LAUNAGUET",,,Plein jour,En agglomération,Hors intersection,Normale,Trois véhicules et plus - collisions multiples,,,,,,,,,,,1,2,1,1.0,5.0
201100026435,0011-01-25 16:10:00,11,1,25,16,10,310,555,"18, RUE MALBEC",,,Plein jour,En agglomération,Hors intersection,Normale,Autre collision,,,,,,,,,,,1,2,1,1.0,6.0
201100026436,0011-01-26 13:00:00,11,1,26,13,0,310,555,"999, AV DES ARENES ROMAI",,,Plein jour,En agglomération,Intersection en T,Normale,Deux véhicules - côté,,,,,,,,,,,1,2,3,1.0,3.0
201100026437,0011-01-26 13:40:00,11,1,26,13,40,310,555,"999, BOULINGRIN",,,Plein jour,En agglomération,Giratoire,Normale,Sans collision,,,,,,,,,,,1,2,6,1.0,7.0
201100026438,0011-01-29 01:15:00,11,1,29,1,15,310,555,"25, AV DE LYON",,,Nuit avec éclairage allumé,En agglomération,Hors intersection,Normale,Autre collision,,,,,,,,,,,5,2,1,1.0,6.0
201100026439,0011-01-29 14:50:00,11,1,29,14,50,310,555,"999, AV D EMPALOT",,,Plein jour,En agglomération,Hors intersection,Normale,Deux véhicules - côté,,,,,,,,,,,1,2,1,1.0,3.0
201100026440,0011-01-28 15:50:00,11,1,28,15,50,310,555,"999, AV DE LARDENNE",,,Plein jour,En agglomération,Intersection en T,Normale,Deux véhicules - côté,,,,,,,,,,,1,2,3,1.0,3.0
201100026441,0011-01-29 21:45:00,11,1,29,21,45,310,555,VA007418 PONT JUMEAUX A6,,,Nuit avec éclairage allumé,Hors agglomération,Hors intersection,Normale,Deux véhicules - arrière,,,,,,,,,,,5,1,1,1.0,2.0
201100026442,0011-01-30 01:00:00,11,1,30,1,0,310,555,"49, BD DE STRASBOURG",,,Nuit avec éclairage allumé,En agglomération,Hors intersection,Pluie légère,Trois véhicules et plus - collisions multiples,,,,,,,,,,,5,2,1,2.0,5.0
201100026443,0011-01-31 14:00:00,11,1,31,14,0,310,555,"3, RUE DU FAUBOURG BONNE",,,Plein jour,En agglomération,Hors intersection,Normale,Deux véhicules - côté,,,,,,,,,,,1,2,1,1.0,3.0
201100026444,0011-01-31 17:15:00,11,1,31,17,15,310,555,"., RTE D AGDE",,,Plein jour,En agglomération,Hors intersection,Normale,Deux véhicules - arrière,,,,,,,,,,,1,2,1,1.0,2.0
201100026445,0011-01-31 18:00:00,11,1,31,18,0,310,555,"15, RUE DE LA SARTHE",,,Nuit avec éclairage allumé,En agglomération,Hors intersection,Normale,Autre collision,,,,,,,,,,,5,2,1,1.0,6.0
201100026446,0011-01-30 01:20:00,11,1,30,1,20,310,555,"26, BD LAZARE CARNOT",,,Nuit avec éclairage allumé,En agglomération,Hors intersection,Normale,Sans collision,,,,,,,,,,,5,2,1,1.0,7.0
201100026447,0011-02-03 17:40:00,11,2,3,17,40,310,555,"231, AV DE FRONTON",,,Crépuscule ou aube,En agglomération,Hors intersection,Normale,Autre collision,,,,,,,,,,,2,2,1,1.0,6.0
201100026448,0011-02-03 17:40:00,11,2,3,17,40,310,555,"75, ALL DE BRIENNE",,,Plein jour,En agglomération,Hors intersection,Normale,Trois véhicules et plus - en chaîne,,,,,,,,,,,1,2,1,1.0,4.0
201100026449,0011-02-03 20:15:00,11,2,3,20,15,310,555,"35, AV JEAN ZAY",,,Nuit avec éclairage allumé,En agglomération,Hors intersection,Normale,Deux véhicules - côté,,,,,,,,,,,5,2,1,1.0,3.0
201100026450,0011-02-04 02:15:00,11,2,4,2,15,310,555,"160, AV DE CASTRES",,,Nuit avec éclairage allumé,En agglomération,Hors intersection,Normale,Autre collision,,,,,,,,,,,5,2,1,1.0,6.0
201100026451,0011-02-04 10:50:00,11,2,4,10,50,310,555,VA007331 A620,,,Plein jour,En agglomération,Hors intersection,Normale,Deux véhicules - arrière,,,,,,,,,,,1,2,1,1.0,2.0
201100026452,0011-02-05 06:00:00,11,2,5,6,0,310,555,VA007355 PURPAN A620 Sor,,,Nuit avec éclairage allumé,Hors agglomération,Hors intersection,Normale,Deux véhicules - arrière,,,,,,,,,,,5,1,1,1.0,2.0
201100026453,0011-02-04 09:20:00,11,2,4,9,20,310,555,"28, CHE DE FENOUILLET",,,Plein jour,En agglomération,Hors intersection,Normale,Deux véhicules - arrière,,,,,,,,,,,1,2,1,1.0,2.0
201100026454,0011-02-04 18:19:00,11,2,4,18,19,310,555,"5, ALL CHARLES DE FITTE",,,Crépuscule ou aube,En agglomération,Hors intersection,Normale,Autre collision,,,,,,,,,,,2,2,1,1.0,6.0
201100026455,0011-02-04 19:00:00,11,2,4,19,0,310,555,"999, RUE DU FAUBOURG BON",,,Nuit avec éclairage allumé,En agglomération,Intersection en T,Normale,Deux véhicules - côté,,,,,,,,,,,5,2,3,1.0,3.0
201100026456,0011-02-05 21:15:00,11,2,5,21,15,310,555,"999, RPT DE LA CEPIERE",,,Nuit avec éclairage allumé,En agglomération,Hors intersection,Normale,Autre collision,,,,,,,,,,,5,2,1,1.0,6.0
201100026457,0011-02-06 01:15:00,11,2,6,1,15,310,555,"999, RUE DES GALLOIS",,,Nuit avec éclairage allumé,En agglomération,Intersection en T,Normale,Autre collision,,,,,,,,,,,5,2,3,1.0,6.0
201100026458,0011-02-08 09:40:00,11,2,8,9,40,310,555,"20, RUE EMILE CARTAILHAC",,,Plein jour,En agglomération,Hors intersection,Normale,Deux véhicules - côté,,,,,,,,,,,1,2,1,1.0,3.0
201100026459,0011-02-08 15:50:00,11,2,8,15,50,310,555,"., AV D ATLANTA",,,Plein jour,En agglomération,Hors intersection,Normale,Deux véhicules - côté,,,,,,,,,,,1,2,1,1.0,3.0
201100026460,0011-02-09 00:10:00,11,2,9,0,10,310,555,"9, RUE DE LA COLOMBETTE",,,Nuit avec éclairage allumé,En agglomération,Hors intersection,Normale,Autre collision,,,,,,,,,,,5,2,1,1.0,6.0
201100026461,0011-02-09 13:00:00,11,2,9,13,0,310,555,VA007473 A62,,,Plein jour,Hors agglomération,Hors intersection,Normale,Deux véhicules - côté,,,,,,,,,,,1,1,1,1.0,3.0
201100026462,0011-02-09 20:00:00,11,2,9,20,0,310,555,"999, RTE D ALBI",,,Nuit avec éclairage allumé,En agglomération,Hors intersection,Normale,Deux véhicules - côté,,,,,,,,,,,5,2,1,1.0,3.0
201100026463,0011-02-10 21:40:00,11,2,10,21,40,310,555,VA007473 A62,,,Nuit avec éclairage allumé,Hors agglomération,Hors intersection,Normale,Trois véhicules et plus - collisions multiples,,,,,,,,,,,5,1,1,1.0,5.0
201100026464,0011-02-11 21:00:00,11,2,11,21,0,310,555,"78, BD PIERRE ET MARIE C",,,Nuit avec éclairage allumé,En agglomération,Hors intersection,Normale,Trois véhicules et plus - collisions multiples,,,,,,,,,,,5,2,1,1.0,5.0
201100026465,0011-02-12 01:05:00,11,2,12,1,5,310,555,"., AV DE LOMBEZ",,,Nuit avec éclairage allumé,En agglomération,Giratoire,Normale,Deux véhicules - côté,,,,,,,,,,,5,2,6,1.0,3.0
201100026466,0011-02-12 12:00:00,11,2,12,12,0,310,555,"., AV ARISTIDE BRIAND",,,Plein jour,En agglomération,Intersection en T,Normale,Deux véhicules - côté,,,,,,,,,,,1,2,3,1.0,3.0
201100026467,0011-02-12 17:15:00,11,2,12,17,15,310,555,"999, GRANDE RUE SAINT MI",,,Plein jour,En agglomération,Hors intersection,Normale,Autre collision,,,,,,,,,,,1,2,1,1.0,6.0
201100026468,0011-02-13 00:05:00,11,2,13,0,5,310,555,VA007355 PURPAN A620 Sor,,,Nuit avec éclairage allumé,Hors agglomération,Hors intersection,Normale,Autre collision,,,,,,,,,,,5,1,1,1.0,6.0
201100026469,0011-02-14 06:45:00,11,2,14,6,45,310,555,"., AV DE LATTRE DE TASSI",,,Nuit avec éclairage allumé,En agglomération,Hors intersection,Pluie légère,Deux véhicules - frontale,,,,,,,,,,,5,2,1,2.0,1.0
201100026470,0011-02-14 06:55:00,11,2,14,6,55,310,555,"308, RTE DE SAINT SIMON",,,Nuit sans éclairage public,En agglomération,Hors intersection,Pluie légère,Deux véhicules - arrière,,,,,,,,,,,3,2,1,2.0,2.0
201100026471,0011-02-14 07:00:00,11,2,14,7,0,310,555,"999, AV DE LATTRE DE TAS",,,Nuit avec éclairage allumé,En agglomération,Hors intersection,Normale,Trois véhicules et plus - en chaîne,,,,,,,,,,,5,2,1,1.0,4.0
201100026472,0011-02-14 07:45:00,11,2,14,7,45,310,555,"999, RUE ERNEST RENAN",,,Crépuscule ou aube,En agglomération,Giratoire,Pluie légère,Deux véhicules - arrière,,,,,,,,,,,2,2,6,2.0,2.0
201100026473,0011-02-14 19:30:00,11,2,14,19,30,310,555,AV JEAN ZAY,,,Nuit avec éclairage allumé,En agglomération,Hors intersection,Normale,Deux véhicules - côté,,,,,,,,,,,5,2,1,1.0,3.0
201100026474,0011-02-14 15:30:00,11,2,14,15,30,310,555,"999, RUE DU LOT",,,Plein jour,En agglomération,Hors intersection,Normale,Deux véhicules - côté,,,,,,,,,,,1,2,1,1.0,3.0
201100026475,0011-02-15 10:40:00,11,2,15,10,40,310,555,"17, RUE JACQUES ROUDIL",,,Plein jour,En agglomération,Hors intersection,Normale,Autre collision,,,,,,,,,,,1,2,1,1.0,6.0
201100026476,0011-02-12 19:20:00,11,2,12,19,20,310,555,"69, BD LAZARE CARNOT",,,Nuit avec éclairage allumé,En agglomération,Hors intersection,Pluie légère,Deux véhicules - frontale,,,,,,,,,,,5,2,1,2.0,1.0
201100026477,0011-02-16 14:30:00,11,2,16,14,30,310,555,"999, PL DES AVIONS",,,Plein jour,En agglomération,Hors intersection,Normale,Deux véhicules - côté,,,,,,,,,,,1,2,1,1.0,3.0
201100026478,0011-02-17 20:15:00,11,2,17,20,15,310,555,"1, BD LASCROSSES",,,Nuit avec éclairage allumé,En agglomération,Hors intersection,Normale,Autre collision,,,,,,,,,,,5,2,1,1.0,6.0
201100026479,0011-02-18 20:40:00,11,2,18,20,40,310,555,"., BD PIERRE ET MARIE CU",,,Nuit avec éclairage allumé,En agglomération,Intersection en X,Normale,Deux véhicules - côté,,,,,,,,,,,5,2,2,1.0,3.0
201100026480,0011-02-19 09:30:00,11,2,19,9,30,310,555,"35, BD DE THIBAUD",,,Plein jour,En agglomération,Intersection en T,Normale,Deux véhicules - côté,,,,,,,,,,,1,2,3,1.0,3.0
201100026481,0011-02-20 04:30:00,11,2,20,4,30,310,555,"251, RTE DE NARBONNE",,,Nuit avec éclairage allumé,Hors agglomération,Hors intersection,Normale,Sans collision,,,,,,,,,,,5,1,1,1.0,7.0
201100026482,0011-02-20 18:45:00,11,2,20,18,45,310,555,"9999, RTE DE LAUNAGUET",,,Crépuscule ou aube,En agglomération,Hors intersection,Normale,Deux véhicules - frontale,,,,,,,,,,,2,2,1,1.0,1.0
201100026483,0011-02-21 08:45:00,11,2,21,8,45,310,555,"77, RTE D ESPAGNE",,,Plein jour,En agglomération,Hors intersection,Normale,Deux véhicules - arrière,,,,,,,,,,,1,2,1,1.0,2.0
201100026484,0011-02-22 17:05:00,11,2,22,17,5,310,555,"999, AV HENRI GUILLAUMET",,,Plein jour,En agglomération,Hors intersection,Pluie forte,Deux véhicules - côté,,,,,,,,,,,1,2,1,3.0,3.0
201100026485,0011-02-22 19:00:00,11,2,22,19,0,310,555,"999, PL DU PDT THOMAS WI",,,Nuit avec éclairage allumé,En agglomération,Hors intersection,Pluie légère,Autre collision,,,,,,,,,,,5,2,1,2.0,6.0
201100026486,0011-02-22 22:00:00,11,2,22,22,0,310,555,"., RUE DU POLE",,,Nuit avec éclairage allumé,En agglomération,Intersection en T,Pluie légère,Deux véhicules - frontale,,,,,,,,,,,5,2,3,2.0,1.0
201100026487,0011-02-22 22:55:00,11,2,22,22,55,310,555,AV D ATLANTA/RUE CAMBARD,43.629,1.4765,Nuit avec éclairage allumé,En agglomération,Intersection en T,Pluie légère,Deux véhicules - frontale,,,,,,,,,,,5,2,3,2.0,1.0
201100026488,0011-02-23 19:00:00,11,2,23,19,0,310,555,"., AV DE CASTRES",,,Nuit avec éclairage allumé,En agglomération,Hors intersection,Normale,Deux véhicules - arrière,,,,,,,,,,,5,2,1,1.0,2.0
201100026489,0011-02-23 17:20:00,11,2,23,17,20,310,555,"48, ALL MAURICE SARRAUT",,,Plein jour,En agglomération,Hors intersection,Normale,Autre collision,,,,,,,,,,,1,2,1,1.0,6.0
201100026490,0011-02-23 09:50:00,11,2,23,9,50,310,555,"33, AV CAMILLE PUJOL",,,Plein jour,En agglomération,Hors intersection,Normale,Autre collision,,,,,,,,,,,1,2,1,1.0,6.0
201100026491,0011-02-24 07:45:00,11,2,24,7,45,310,555,"., AV DE GRANDE BRETAGNE",,,Plein jour,En agglomération,Intersection en X,Pluie légère,Deux véhicules - côté,,,,,,,,,,,1,2,2,2.0,3.0
201100026492,0011-02-24 18:00:00,11,2,24,18,0,310,555,"99, AV YVES BRUNAUD",,,Crépuscule ou aube,En agglomération,Hors intersection,Normale,Autre collision,,,,,,,,,,,2,2,1,1.0,6.0
201100026493,0011-02-24 22:50:00,11,2,24,22,50,310,555,"999, RTE D ESPAGNE",,,Plein jour,En agglomération,Hors intersection,Normale,Deux véhicules - côté,,,,,,,,,,,1,2,1,1.0,3.0
201100026494,0011-02-26 01:49:00,11,2,26,1,49,310,555,"999, PL SAINT PIERRE",,,Nuit avec éclairage allumé,En agglomération,Hors intersection,Normale,Autre collision,,,,,,,,,,,5,2,1,1.0,6.0
201100026495,0011-02-27 13:30:00,11,2,27,13,30,310,555,"999, AV DU GENERAL EISEN",,,Plein jour,En agglomération,Hors intersection,Normale,Autre collision,,,,,,,,,,,1,2,1,1.0,6.0
201100026496,0011-02-27 14:54:00,11,2,27,14,54,310,555,"999, RTE DE LAUNAGUET",,,Plein jour,En agglomération,Intersection en T,Normale,Deux véhicules - côté,,,,,,,,,,,1,2,3,1.0,3.0
201100026497,0011-02-28 15:40:00,11,2,28,15,40,310,555,"43, RTE DE SAINT SIMON",,,Plein jour,En agglomération,Hors intersection,Normale,Autre collision,,,,,,,,,,,1,2,1,1.0,6.0