accident_id,datetime,annee,mois,jour,heure,minute,departement,commune_insee,adresse,latitude,longitude,luminosite,agglomeration,intersection,meteo,collision,nb_vehicules,nb_usagers,nb_indemnes,nb_tues,nb_blesses_hosp,nb_blesses_legers,age_cond_1,age_cond_2,veh_type_cond_1,veh_type_cond_2,lum_code,agg_code,int_code,atm_code,col_code
201100026623,0011-05-19 17:20:00,11,5,19,17,20,310,555,VA007379 BAYLAC  A624 So,,,Plein jour,Hors agglomération,Hors intersection,Normale,Deux véhicules - arrière,,,,,,,,,,,1,1,1,1.0,2.0
201100026624,0011-05-19 17:30:00,11,5,19,17,30,310,555,"32, BD DES RECOLLETS",,,Plein jour,En agglomération,Hors intersection,Normale,Autre collision,,,,,,,,,,,1,2,1,1.0,6.0
201100026625,0011-05-20 08:25:00,11,5,20,8,25,310,555,"999, AV ALBERT BEDOUCE",,,Plein jour,En agglomération,Intersection en T,Normale,Deux véhicules - côté,,,,,,,,,,,1,2,3,1.0,3.0
201100026626,0011-05-20 23:05:00,11,5,20,23,5,310,555,"83, CHE VIREBENT",,,Nuit avec éclairage allumé,En agglomération,Hors intersection,Normale,Autre collision,,,,,,,,,,,5,2,1,1.0,6.0
201100026627,0011-05-22 20:05:00,11,5,22,20,5,310,555,VA008482 A624,,,Nuit avec éclairage allumé,Hors agglomération,Hors intersection,Normale,Deux véhicules - arrière,,,,,,,,,,,5,1,1,1.0,2.0
201100026628,0011-05-23 08:05:00,11,5,23,8,5,310,555,"999, CHE DE NICOL",,,Plein jour,En agglomération,Hors intersection,Normale,Autre collision,,,,,,,,,,,1,2,1,1.0,6.0
201100026629,0011-05-23 08:15:00,11,5,23,8,15,310,555,RTE DE BLAGNAC,,,Plein jour,En agglomération,Hors intersection,Normale,Deux véhicules - côté,,,,,,,,,,,1,2,1,1.0,3.0
201100026630,0011-05-24 04:35:00,11,5,24,4,35,310,555,"20, BD LAZARE CARNOT",,,Nuit avec éclairage allumé,En agglomération,Hors intersection,Normale,Autre collision,,,,,,,,,,,5,2,1,1.0,6.0
201100026631,0011-05-24 12:25:00,11,5,24,12,25,310,555,"., AV DES ARENES ROMAINE",,,Plein jour,En agglomération,Hors intersection,Normale,Deux véhicules - côté,,,,,,,,,,,1,2,1,1.0,3.0
201100026632,0011-05-24 15:30:00,11,5,24,15,30,310,555,"64, RUE DE LISIEUX",,,Plein jour,En agglomération,Giratoire,Normale,Deux véhicules - arrière,,,,,,,,,,,1,2,6,1.0,2.0
201100026633,0011-05-24 17:30:00,11,5,24,17,30,310,555,"30, CHE DU CANAL",,,Plein jour,En agglomération,Intersection en T,Normale,Deux véhicules - côté,,,,,,,,,,,1,2,3,1.0,3.0
201100026634,0011-05-25 12:00:00,11,5,25,12,0,310,555,"37-40, RUE DES LIBELLULE",,,Plein jour,En agglomération,Hors intersection,Normale,Autre collision,,,,,,,,,,,1,2,1,1.0,6.0
201100026635,0011-05-25 19:40:00,11,5,25,19,40,310,555,"999, BD DE MARENGO",,,Plein jour,En agglomération,Hors intersection,Normale,Autre collision,,,,,,,,,,,1,2,1,1.0,6.0
201100026636,0011-05-26 08:30:00,11,5,26,8,30,310,149,ECHANGEUR ST MARTIN (A62,,,Plein jour,Hors agglomération,Hors intersection,Normale,Trois véhicules et plus - collisions multiples,,,,,,,,,,,1,1,1,1.0,5.0
201100026637,0011-05-26 16:30:00,11,5,26,16,30,310,555,"41, AV DE GRANDE BRETAGN",,,Plein jour,En agglomération,Hors intersection,Normale,Trois véhicules et plus - collisions multiples,,,,,,,,,,,1,2,1,1.0,5.0
201100026638,0011-05-29 02:50:00,11,5,29,2,50,310,555,"2, AV JEAN RIEUX",,,Nuit avec éclairage allumé,En agglomération,Hors intersection,Normale,Deux véhicules - arrière,,,,,,,,,,,5,2,1,1.0,2.0
201100026639,0011-05-31 13:00:00,11,5,31,13,0,310,555,VA007331 A620,,,Plein jour,Hors agglomération,Hors intersection,Pluie légère,Deux véhicules - côté,,,,,,,,,,,1,1,1,2.0,3.0
201100026640,0011-06-01 08:00:00,11,6,1,8,0,310,555,"27, AV DE COURREGE",,,Plein jour,En agglomération,Hors intersection,Normale,Deux véhicules - côté,,,,,,,,,,,1,2,1,1.0,3.0
201100026641,0011-06-01 21:20:00,11,6,1,21,20,310,555,VA007323 BORDELONGUE A64,,,Crépuscule ou aube,Hors agglomération,Hors intersection,Normale,Autre collision,,,,,,,,,,,2,1,1,1.0,6.0
201100026642,0011-06-02 17:05:00,11,6,2,17,5,310,555,"999, PONT GUILHEMERY",,,Plein jour,En agglomération,Hors intersection,Pluie légère,Deux véhicules - arrière,,,,,,,,,,,1,2,1,2.0,2.0
201100026643,0011-06-02 19:10:00,11,6,2,19,10,310,555,VA001490 A621,,,Plein jour,Hors agglomération,Hors intersection,Pluie légère,Autre collision,,,,,,,,,,,1,1,1,2.0,6.0
201100026644,0011-06-03 01:00:00,11,6,3,1,0,310,555,"., PONT DES CATALANS",,,Nuit avec éclairage allumé,En agglomération,Hors intersection,Normale,Deux véhicules - arrière,,,,,,,,,,,5,2,1,1.0,2.0
201100026645,0011-06-03 22:00:00,11,6,3,22,0,310,555,"999, CHE DE TUCAUT",,,Nuit avec éclairage allumé,En agglomération,Intersection en T,Normale,Deux véhicules - côté,,,,,,,,,,,5,2,3,1.0,3.0
201100026646,0011-06-04 02:10:00,11,6,4,2,10,310,555,"18, RUE CAPUS",,,Nuit avec éclairage allumé,En agglomération,Hors intersection,Normale,Autre collision,,,,,,,,,,,5,2,1,1.0,6.0
201100026647,0011-06-04 17:45:00,11,6,4,17,45,310,555,"14, VAN DICK",,,Plein jour,En agglomération,Hors intersection,Normale,Autre collision,,,,,,,,,,,1,2,1,1.0,6.0
201100026648,0011-06-07 09:55:00,11,6,7,9,55,310,555,"., AV DE LARDENNE",,,Plein jour,En agglomération,Hors intersection,Normale,Deux véhicules - côté,,,,,,,,,,,1,2,1,1.0,3.0
201100026649,0011-06-08 17:37:00,11,6,8,17,37,310,555,"104, AV ANTOINE DE ST EX",,,Plein jour,En agglomération,Hors intersection,Normale,Sans collision,,,,,,,,,,,1,2,1,1.0,7.0
201100026650,0011-06-09 18:39:00,11,6,9,18,39,310,555,"236, RTE DE SEYSSES",,,Plein jour,En agglomération,Hors intersection,Normale,Deux véhicules - côté,,,,,,,,,,,1,2,1,1.0,3.0
201100026651,0011-06-15 01:40:00,11,6,15,1,40,310,555,"., RUE DE METZ",,,Nuit avec éclairage allumé,En agglomération,Hors intersection,Normale,Deux véhicules - côté,,,,,,,,,,,5,2,1,1.0,3.0
201100026652,0011-06-15 20:20:00,11,6,15,20,20,310,555,"10, AV DIDIER DAURAT",,,Plein jour,En agglomération,Hors intersection,Pluie forte,Sans collision,,,,,,,,,,,1,2,1,3.0,7.0
201100026653,0011-06-16 14:10:00,11,6,16,14,10,310,555,"20, RUE ROQUELAINE",,,Plein jour,En agglomération,Hors intersection,Normale,Autre collision,,,,,,,,,,,1,2,1,1.0,6.0
201100026654,0011-06-16 16:40:00,11,6,16,16,40,310,555,"., AV JULES JULIEN",,,Plein jour,En agglomération,Hors intersection,Normale,Trois véhicules et plus - collisions multiples,,,,,,,,,,,1,2,1,1.0,5.0
201100026655,0011-06-16 18:15:00,11,6,16,18,15,310,555,VA007553 A61,,,Plein jour,Hors agglomération,Hors intersection,Normale,Deux véhicules - côté,,,,,,,,,,,1,1,1,1.0,3.0
201100026656,0011-06-17 12:50:00,11,6,17,12,50,310,555,"19, RTE DE REVEL",,,Plein jour,En agglomération,Hors intersection,Normale,Deux véhicules - arrière,,,,,,,,,,,1,2,1,1.0,2.0
201100026657,0011-06-17 22:35:00,11,6,17,22,35,310,555,"999, AV DE LAVAUR",,,Nuit avec éclairage allumé,En agglomération,Intersection en T,Normale,Deux véhicules - côté,,,,,,,,,,,5,2,3,1.0,3.0
201100026658,0011-06-18 01:45:00,11,6,18,1,45,310,555,"., PONT SAINT PIERRE",,,Nuit avec éclairage allumé,En agglomération,Hors intersection,Normale,Autre collision,,,,,,,,,,,5,2,1,1.0,6.0
201100026659,0011-06-18 02:55:00,11,6,18,2,55,310,555,"51, BD DES MINIMES",,,Nuit avec éclairage allumé,En agglomération,Hors intersection,Normale,Deux véhicules - côté,,,,,,,,,,,5,2,1,1.0,3.0
201100026660,0011-06-18 17:30:00,11,6,18,17,30,310,555,"999, BD LAZARE CARNOT",,,Plein jour,En agglomération,Hors intersection,Normale,Autre collision,,,,,,,,,,,1,2,1,1.0,6.0
201100026661,0011-06-18 18:00:00,11,6,18,18,0,310,555,"21, RUE EMILE GUYOU",,,Plein jour,En agglomération,Hors intersection,Normale,Deux véhicules - arrière,,,,,,,,,,,1,2,1,1.0,2.0
201100026662,0011-06-18 21:45:00,11,6,18,21,45,310,555,"999, BD PIERRE ET MARIE",,,Nuit avec éclairage allumé,En agglomération,Hors intersection,Normale,Deux véhicules - côté,,,,,,,,,,,5,2,1,1.0,3.0
201100026663,0011-06-20 19:00:00,11,6,20,19,0,310,555,"999, CHE DE LESTANG",,,Plein jour,En agglomération,Intersection en T,Normale,Deux véhicules - côté,,,,,,,,,,,1,2,3,1.0,3.0
201100026664,0011-06-20 19:30:00,11,6,20,19,30,310,555,"999, RUE DES SEPT TROUBA",,,Plein jour,En agglomération,Intersection en X,Normale,Deux véhicules - côté,,,,,,,,,,,1,2,2,1.0,3.0
201100026665,0011-06-20 14:02:00,11,6,20,14,2,310,555,"62 bis, RTE DE BLAGNAC",,,Plein jour,En agglomération,Hors intersection,Normale,Autre collision,,,,,,,,,,,1,2,1,1.0,6.0
201100026666,0011-06-21 23:30:00,11,6,21,23,30,310,555,VA007500 CROIX DAURADE A,,,Nuit avec éclairage allumé,Hors agglomération,Hors intersection,Normale,Autre collision,,,,,,,,,,,5,1,1,1.0,6.0
201100026667,0011-06-22 02:00:00,11,6,22,2,0,310,555,"25, RUE DE GIRONIS",,,Nuit avec éclairage allumé,En agglomération,Hors intersection,Normale,Deux véhicules - arrière,,,,,,,,,,,5,2,1,1.0,2.0
201100026668,0011-06-22 09:15:00,11,6,22,9,15,310,555,VA007323 BORDELONGUE A64,,,Plein jour,Hors agglomération,Hors intersection,Pluie légère,Deux véhicules - arrière,,,,,,,,,,,1,1,1,2.0,2.0
201100026669,0011-06-22 11:00:00,11,6,22,11,0,310,555,VA007386 Fil d'Ariane A6,,,Plein jour,Hors agglomération,Hors intersection,Temps couvert,Deux véhicules - arrière,,,,,,,,,,,1,1,1,8.0,2.0
201100026670,0011-06-22 12:00:00,11,6,22,12,0,310,555,"., PL DU SALIN",,,Plein jour,En agglomération,Hors intersection,Normale,Deux véhicules - côté,,,,,,,,,,,1,2,1,1.0,3.0
201100026671,0011-06-23 08:10:00,11,6,23,8,10,310,555,"999, AV JEAN ZAY",,,Plein jour,En agglomération,Intersection en T,Normale,Deux véhicules - côté,,,,,,,,,,,1,2,3,1.0,3.0
201100026672,0011-06-23 11:15:00,11,6,23,11,15,310,555,"999, ROND POINT JEROME P",,,Plein jour,En agglomération,Hors intersection,Normale,Deux véhicules - côté,,,,,,,,,,,1,2,1,1.0,3.0
201100026673,0011-06-23 14:25:00,11,6,23,14,25,310,555,"., AV VICTOR SEGOFFIN",,,Plein jour,En agglomération,Hors intersection,Normale,Deux véhicules - frontale,,,,,,,,,,,1,2,1,1.0,1.0
201100026674,0011-06-23 16:20:00,11,6,23,16,20,310,555,"999, BD PIERRE SEMARD",,,Plein jour,En agglomération,Hors intersection,Normale,Autre collision,,,,,,,,,,,1,2,1,1.0,6.0
201100026675,0011-06-23 20:00:00,11,6,23,20,0,310,555,"., RUE HENRI DESBALS",,,Plein jour,En agglomération,Hors intersection,Normale,Deux véhicules - arrière,,,,,,,,,,,1,2,1,1.0,2.0
201100026676,0011-06-24 15:10:00,11,6,24,15,10,310,555,"15, RTE DE BAYONNE",,,Plein jour,En agglomération,Hors intersection,Normale,Deux véhicules - côté,,,,,,,,,,,1,2,1,1.0,3.0
201100026677,0011-06-25 16:24:00,11,6,25,16,24,310,555,VA007554 LASBORDES A61 S,,,Plein jour,Hors agglomération,Autre intersection,Normale,Deux véhicules - côté,,,,,,,,,,,1,1,9,1.0,3.0
201100026678,0011-06-26 19:35:00,11,6,26,19,35,310,555,"., ROND POINT GABRIEL MA",,,Plein jour,En agglomération,Hors intersection,Normale,Deux véhicules - côté,,,,,,,,,,,1,2,1,1.0,3.0
201100026679,0011-06-26 20:04:00,11,6,26,20,4,310,555,VA007566 MONTAUDRAN A61,,,Plein jour,Hors agglomération,Hors intersection,Normale,Deux véhicules - arrière,,,,,,,,,,,1,1,1,1.0,2.0
201100026680,0011-06-27 15:45:00,11,6,27,15,45,310,555,VA007331 A620,,,Plein jour,Hors agglomération,Hors intersection,Normale,Autre collision,,,,,,,,,,,1,1,1,1.0,6.0
201100026681,0011-06-27 17:50:00,11,6,27,17,50,310,555,"999, RUE ERNEST RENAN",,,Plein jour,En agglomération,Hors intersection,Normale,Deux véhicules - arrière,,,,,,,,,,,1,2,1,1.0,2.0
201100026682,0011-06-28 12:30:00,11,6,28,12,30,310,555,"175, RTE DE LAUNAGUET",,,Plein jour,En agglomération,Hors intersection,Normale,Deux véhicules - frontale,,,,,,,,,,,1,2,1,1.0,1.0
201100026683,0011-06-20 12:20:00,11,6,20,12,20,310,555,"999, RUE DE NEGRENEYS",,,Plein jour,En agglomération,Hors intersection,Normale,Deux véhicules - côté,,,,,,,,,,,1,2,1,1.0,3.0
201100026684,0011-06-30 14:00:00,11,6,30,14,0,310,555,"999, R-PT EUGENE CLAUDIU",,,Plein jour,En agglomération,Giratoire,Normale,Deux véhicules - côté,,,,,,,,,,,1,2,6,1.0,3.0
201100026685,0011-06-30 18:45:00,11,6,30,18,45,310,555,"1 bis, IMP DES NEFLIERS",,,Plein jour,En agglomération,Hors intersection,Normale,Autre collision,,,,,,,,,,,1,2,1,1.0,6.0
201100026686,0011-07-01 11:00:00,11,7,1,11,0,310,555,"999, AV HONORE SERRES",,,Plein jour,En agglomération,Hors intersection,Normale,Deux véhicules - arrière,,,,,,,,,,,1,2,1,1.0,2.0
201100026687,0011-07-01 12:20:00,11,7,1,12,20,310,555,"999, GAUSSENS (rue henry",,,Plein jour,En agglomération,Hors intersection,Normale,Deux véhicules - côté,,,,,,,,,,,1,2,1,1.0,3.0
201100026688,0011-07-01 17:35:00,11,7,1,17,35,310,555,"61, AV DE LOMBEZ",,,Plein jour,En agglomération,Hors intersection,Normale,Deux véhicules - côté,,,,,,,,,,,1,2,1,1.0,3.0
201100026689,0011-06-28 16:00:00,11,6,28,16,0,310,555,"3, AV DE MURET",,,Plein jour,En agglomération,Hors intersection,Normale,Trois véhicules et plus - collisions multiples,,,,,,,,,,,1,2,1,1.0,5.0
201100026690,0011-06-30 16:55:00,11,6,30,16,55,310,149,"999, SOLIDARITE (ROND PO",,,Plein jour,En agglomération,Hors intersection,Normale,Sans collision,,,,,,,,,,,1,2,1,1.0,7.0
201100026691,0011-07-04 11:25:00,11,7,4,11,25,310,555,"19, RUE THEODORE OZENNE",,,Plein jour,En agglomération,Hors intersection,Pluie légère,Deux véhicules - côté,,,,,,,,,,,1,2,1,2.0,3.0
201100026692,0011-07-04 19:15:00,11,7,4,19,15,310,555,"97, AV JULES JULIEN",,,Plein jour,En agglomération,Hors intersection,Normale,Deux véhicules - côté,,,,,,,,,,,1,2,1,1.0,3.0
201100026693,0011-07-04 20:00:00,11,7,4,20,0,310,555,"999, RUE DU MIDI",,,Plein jour,En agglomération,Hors intersection,Normale,Deux véhicules - côté,,,,,,,,,,,1,2,1,1.0,3.0
201100026694,0011-07-05 13:50:00,11,7,5,13,50,310,555,"999, RTE D ALBI",,,Plein jour,En agglomération,Hors intersection,Normale,Deux véhicules - côté,,,,,,,,,,,1,2,1,1.0,3.0
201100026695,0011-07-05 14:05:00,11,7,5,14,5,310,555,"999, AV PAUL SEJOURNE",,,Plein jour,En agglomération,Intersection en T,Normale,Deux véhicules - côté,,,,,,,,,,,1,2,3,1.0,3.0
201100026696,0011-07-01 14:50:00,11,7,1,14,50,310,149,SERRES (AVENUE EDOUARD),43.61193,1.35222,Plein jour,En agglomération,Hors intersection,Normale,Deux véhicules - arrière,,,,,,,,,,,1,2,1,1.0,2.0
201100026697,0011-07-06 10:30:00,11,7,6,10,30,310,555,"999, BD DE STRASBOURG",,,Plein jour,En agglomération,Hors intersection,Temps couvert,Deux véhicules - côté,,,,,,,,,,,1,2,1,8.0,3.0
201100026698,0011-07-06 10:50:00,11,7,6,10,50,310,555,"999, BD DE BONREPOS",,,Plein jour,En agglomération,Hors intersection,Normale,Deux véhicules - côté,,,,,,,,,,,1,2,1,1.0,3.0
201100026699,0011-07-06 18:20:00,11,7,6,18,20,310,555,"999, AV JEAN CHAUBET",,,Plein jour,En agglomération,Intersection en T,Normale,Deux véhicules - côté,,,,,,,,,,,1,2,3,1.0,3.0
201100026700,0011-07-06 17:00:00,11,7,6,17,0,310,555,VA007313 LE CHAPITRE A64,,,Plein jour,Hors agglomération,Hors intersection,Normale,Deux véhicules - arrière,,,,,,,,,,,1,1,1,1.0,2.0
201100026701,0011-07-01 12:30:00,11,7,1,12,30,310,555,VA001490 A621,,,Plein jour,Hors agglomération,Hors intersection,Normale,Trois véhicules et plus - en chaîne,,,,,,,,,,,1,1,1,1.0,4.0
201100026702,0011-07-07 07:15:00,11,7,7,7,15,310,555,"999, BD DES COURTIES",,,Plein jour,En agglomération,Hors intersection,Normale,Deux véhicules - arrière,,,,,,,,,,,1,2,1,1.0,2.0
201100026703,0011-07-07 21:50:00,11,7,7,21,50,310,555,"999, RTE DE LABEGE",,,Nuit avec éclairage allumé,En agglomération,Giratoire,Normale,Deux véhicules - côté,,,,,,,,,,,5,2,6,1.0,3.0
201100026704,0011-07-07 23:00:00,11,7,7,23,0,310,555,VA007306 A64,,,Nuit avec éclairage allumé,Hors agglomération,Hors intersection,Normale,Sans collision,,,,,,,,,,,5,1,1,1.0,7.0
201100026705,0011-07-05 19:10:00,11,7,5,19,10,310,149,COUDERC (RUE DU),43.6177,1.33819,Plein jour,En agglomération,Hors intersection,Normale,Sans collision,,,,,,,,,,,1,2,1,1.0,7.0
201100026706,0011-07-05 20:00:00,11,7,5,20,0,310,555,VA008482 A624,,,Nuit avec éclairage allumé,Hors agglomération,Hors intersection,Normale,Autre collision,,,,,,,,,,,5,1,1,1.0,6.0
201100026707,0011-07-06 14:05:00,11,7,6,14,5,310,149,MARIE CURIE (RUE),43.6094,1.30978,Plein jour,En agglomération,Hors intersection,Normale,Autre collision,,,,,,,,,,,1,2,1,1.0,6.0
201100026708,0011-07-08 09:30:00,11,7,8,9,30,310,555,"999, AV DU GENERAL EISEN",,,Plein jour,En agglomération,Hors intersection,Normale,Deux véhicules - arrière,,,,,,,,,,,1,2,1,1.0,2.0
201100026709,0011-07-08 12:45:00,11,7,8,12,45,310,555,ECHANGEUR ST MARTIN(A624,43.6104,1.385,Plein jour,Hors agglomération,Hors intersection,Normale,Trois véhicules et plus - en chaîne,,,,,,,,,,,1,1,1,1.0,4.0
201100026710,0011-07-08 13:40:00,11,7,8,13,40,310,555,"355, AV DES ETATS UNIS",,,Plein jour,En agglomération,Hors intersection,Normale,Deux véhicules - arrière,,,,,,,,,,,1,2,1,1.0,2.0
201100026711,0011-07-08 14:00:00,11,7,8,14,0,310,555,"999, AV JULES JULIEN",,,Plein jour,En agglomération,Intersection en T,Normale,Deux véhicules - côté,,,,,,,,,,,1,2,3,1.0,3.0
201100026712,0011-07-09 06:00:00,11,7,9,6,0,310,555,"60,CHEDEFENOUILLET/GIBER",,,Nuit avec éclairage allumé,En agglomération,Intersection en T,Normale,Autre collision,,,,,,,,,,,5,2,3,1.0,6.0
201100026713,0011-07-09 17:00:00,11,7,9,17,0,310,555,"999, RUE DU CAILLOU GRIS",,,Plein jour,En agglomération,Intersection en T,Normale,Deux véhicules - côté,,,,,,,,,,,1,2,3,1.0,3.0
201100026714,0011-07-09 19:05:00,11,7,9,19,5,310,555,"999, RPT DE LA CEPIERE",,,Plein jour,En agglomération,Giratoire,Normale,Deux véhicules - côté,,,,,,,,,,,1,2,6,1.0,3.0
201100026715,0011-07-09 20:00:00,11,7,9,20,0,310,555,"999, CHE DE LA FLAMBERE",,,Plein jour,En agglomération,Intersection en T,Normale,Deux véhicules - frontale,,,,,,,,,,,1,2,3,1.0,1.0
201100026716,0011-07-10 13:20:00,11,7,10,13,20,310,555,"999, RTE DE SEYSSES",,,Plein jour,En agglomération,Hors intersection,Normale,Deux véhicules - arrière,,,,,,,,,,,1,2,1,1.0,2.0
201100026717,0011-07-10 14:00:00,11,7,10,14,0,310,555,"999, RTE D ALBI",,,Plein jour,En agglomération,Hors intersection,Normale,Deux véhicules - côté,,,,,,,,,,,1,2,1,1.0,3.0
201100026718,0011-07-11 13:20:00,11,7,11,13,20,310,555,"50, AV CAMILLE PUJOL",,,Plein jour,En agglomération,Hors intersection,Normale,Deux véhicules - côté,,,,,,,,,,,1,2,1,1.0,3.0
201100026719,0011-07-08 11:20:00,11,7,8,11,20,310,69,AVE PINS/AVE TILLEULS,43.63622,1.38588,Plein jour,En agglomération,Intersection en T,Normale,Deux véhicules - côté,,,,,,,,,,,1,2,3,1.0,3.0
201100026720,0011-07-12 13:50:00,11,7,12,13,50,310,555,"999, AV SALVADOR ALLENDE",,,Plein jour,En agglomération,Intersection en T,Normale,Deux véhicules - côté,,,,,,,,,,,1,2,3,1.0,3.0
201100026721,0011-07-13 18:50:00,11,7,13,18,50,310,555,"999, RUE D AUSTERLITZ",,,Plein jour,En agglomération,Intersection en T,Normale,Deux véhicules - côté,,,,,,,,,,,1,2,3,1.0,3.0
201100026722,0011-07-14 00:05:00,11,7,14,0,5,310,555,"999, QU DE TOUNIS",,,Nuit avec éclairage allumé,En agglomération,Intersection en X,Normale,Deux véhicules - côté,,,,,,,,,,,5,2,2,1.0,3.0
201100026723,0011-07-15 03:30:00,11,7,15,3,30,310,555,"122, QU DE TOUNIS",,,Nuit avec éclairage allumé,En agglomération,Hors intersection,Normale,Sans collision,,,,,,,,,,,5,2,1,1.0,7.0
201100026724,0011-07-13 19:10:00,11,7,13,19,10,310,555,"999, PL DU SALIN",,,Plein jour,En agglomération,Hors intersection,Normale,Autre collision,,,,,,,,,,,1,2,1,1.0,6.0
201100026725,0011-07-17 18:45:00,11,7,17,18,45,310,555,"999, AV DU GENERAL EISEN",,,Plein jour,En agglomération,Intersection en T,Normale,Deux véhicules - côté,,,,,,,,,,,1,2,3,1.0,3.0
201100026726,0011-07-16 12:35:00,11,7,16,12,35,310,555,"999, RD916",,,Plein jour,En agglomération,Hors intersection,Normale,Deux véhicules - frontale,,,,,,,,,,,1,2,1,1.0,1.0
201100026727,0011-07-19 09:20:00,11,7,19,9,20,310,555,"., PONT DES CATALANS",,,Plein jour,En agglomération,Hors intersection,Normale,Deux véhicules - frontale,,,,,,,,,,,1,2,1,1.0,1.0
201100026728,0011-07-19 10:45:00,11,7,19,10,45,310,555,"35, BD LASCROSSES",,,Plein jour,En agglomération,Hors intersection,Pluie légère,Autre collision,,,,,,,,,,,1,2,1,2.0,6.0
201100026729,0011-07-18 14:40:00,11,7,18,14,40,310,149,CHAMPAGNE (ALLEE DE LA),43.61841,1.32741,Plein jour,En agglomération,Hors intersection,Normale,Deux véhicules - côté,,,,,,,,,,,1,2,1,1.0,3.0
201100026730,0011-07-20 05:30:00,11,7,20,5,30,310,555,"999, RUE DE METZ",,,Nuit avec éclairage allumé,En agglomération,Intersection en T,Normale,Deux véhicules - côté,,,,,,,,,,,5,2,3,1.0,3.0
201100026731,0011-07-20 15:50:00,11,7,20,15,50,310,555,"999, CHE MICHOUN",,,Plein jour,En agglomération,Intersection en T,Normale,Deux véhicules - côté,,,,,,,,,,,1,2,3,1.0,3.0
201100026732,0011-07-21 16:30:00,11,7,21,16,30,310,555,"999, ALL XAVIER SARRADET",,,Plein jour,En agglomération,Hors intersection,Normale,Autre collision,,,,,,,,,,,1,2,1,1.0,6.0
201100026733,0011-07-22 21:35:00,11,7,22,21,35,310,555,"., CHE DE LAPUJADE",,,Nuit avec éclairage allumé,En agglomération,Intersection en T,Normale,Deux véhicules - côté,,,,,,,,,,,5,2,3,1.0,3.0
201100026734,0011-07-24 22:10:00,11,7,24,22,10,310,555,"999, ALL CHARLES DE FITT",,,Nuit avec éclairage allumé,En agglomération,Intersection en T,Normale,Deux véhicules - arrière,,,,,,,,,,,5,2,3,1.0,2.0
201100026735,0011-07-16 20:40:00,11,7,16,20,40,310,557,LECLERC (AV DU MARECHAL),43.5736,1.33049,Nuit avec éclairage allumé,En agglomération,Hors intersection,Normale,Autre collision,,,,,,,,,,,5,2,1,1.0,6.0
201100026736,0011-07-20 08:25:00,11,7,20,8,25,310,555,VA007355 PURPAN A620 Sor,43.6049,1.40355,Plein jour,Hors agglomération,Hors intersection,Normale,Deux véhicules - arrière,,,,,,,,,,,1,1,1,1.0,2.0
201100026737,0011-07-26 18:10:00,11,7,26,18,10,310,555,"., RTE DE SEYSSES",,,Plein jour,En agglomération,Hors intersection,Normale,Deux véhicules - côté,,,,,,,,,,,1,2,1,1.0,3.0
201100026738,0011-07-27 07:00:00,11,7,27,7,0,310,149,ECHANGEUR ST MICHEL (A62,,,Crépuscule ou aube,Hors agglomération,Hors intersection,Normale,Trois véhicules et plus - en chaîne,,,,,,,,,,,2,1,1,1.0,4.0
201100026739,0011-07-28 15:20:00,11,7,28,15,20,310,555,VA007418 PONT JUMEAUX A6,43.6076,1.40964,Plein jour,Hors agglomération,Hors intersection,Normale,Deux véhicules - arrière,,,,,,,,,,,1,1,1,1.0,2.0
201100026740,0011-07-28 17:30:00,11,7,28,17,30,310,555,"., AV JEAN ZAY",,,Plein jour,En agglomération,Intersection en X,Normale,Deux véhicules - côté,,,,,,,,,,,1,2,2,1.0,3.0
201100026741,0011-07-28 20:00:00,11,7,28,20,0,310,555,VA007418 PONT JUMEAUX A6,43.6066,1.40731,Plein jour,Hors agglomération,Hors intersection,Normale,Deux véhicules - côté,,,,,,,,,,,1,1,1,1.0,3.0
201100026742,0011-07-31 16:12:00,11,7,31,16,12,310,555,"., RUE DU FAUBOURG BONNE",,,Plein jour,En agglomération,Intersection en X,Normale,Deux véhicules - côté,,,,,,,,,,,1,2,2,1.0,3.0
201100026743,0011-07-27 08:30:00,11,7,27,8,30,310,555,VA007553 A61,,,Plein jour,Hors agglomération,Hors intersection,Normale,Deux véhicules - arrière,,,,,,,,,,,1,1,1,1.0,2.0
201100026744,0011-07-27 09:00:00,11,7,27,9,0,310,555,VA007456 SESQUIERES A620,43.6512,1.42286,Plein jour,Hors agglomération,Hors intersection,Normale,Sans collision,,,,,,,,,,,1,1,1,1.0,7.0
201100026745,0011-08-01 15:20:00,11,8,1,15,20,310,555,"81, AV DES MINIMES",,,Plein jour,En agglomération,Hors intersection,Normale,Deux véhicules - arrière,,,,,,,,,,,1,2,1,1.0,2.0
201100026746,0011-08-01 18:40:00,11,8,1,18,40,310,555,"999, BD LAZARE CARNOT",,,Plein jour,En agglomération,Intersection en T,Normale,Deux véhicules - côté,,,,,,,,,,,1,2,3,1.0,3.0
201100026747,0011-08-01 21:35:00,11,8,1,21,35,310,555,"., RUE DES MYOSOTIS",,,Crépuscule ou aube,En agglomération,Intersection en X,Normale,Trois véhicules et plus - collisions multiples,,,,,,,,,,,2,2,2,1.0,5.0
201100026748,0011-08-04 12:05:00,11,8,4,12,5,310,555,"16, RTE DE SAINT SIMON",,,Plein jour,En agglomération,Hors intersection,Normale,Deux véhicules - arrière,,,,,,,,,,,1,2,1,1.0,2.0
201100026749,0011-08-04 13:45:00,11,8,4,13,45,310,555,Rd Pt Firmin Pons,,,Plein jour,Hors agglomération,Hors intersection,Normale,Deux véhicules - côté,,,,,,,,,,,1,1,1,1.0,3.0