accident_id,datetime,annee,mois,jour,heure,minute,departement,commune_insee,adresse,latitude,longitude,luminosite,agglomeration,intersection,meteo,collision,nb_vehicules,nb_usagers,nb_indemnes,nb_tues,nb_blesses_hosp,nb_blesses_legers,age_cond_1,age_cond_2,veh_type_cond_1,veh_type_cond_2,lum_code,agg_code,int_code,atm_code,col_code
201100026875,0011-10-06 18:05:00,11,10,6,18,5,310,555,VA007566 MONTAUDRAN A61,,,Plein jour,Hors agglomération,Hors intersection,Normale,Trois véhicules et plus - collisions multiples,,,,,,,,,,,1,1,1,1.0,5.0
201100026876,0011-10-05 18:40:00,11,10,5,18,40,310,557,"999, LARRAMET (CH DE)",,,Plein jour,En agglomération,Hors intersection,Normale,Deux véhicules - côté,,,,,,,,,,,1,2,1,1.0,3.0
201100026877,0011-10-08 15:25:00,11,10,8,15,25,310,555,"145, AV DES ARENES ROMAI",,,Plein jour,En agglomération,Hors intersection,Normale,Deux véhicules - côté,,,,,,,,,,,1,2,1,1.0,3.0
201100026878,0011-10-09 01:00:00,11,10,9,1,0,310,555,VA007306 A64,43.5677,1.41689,Nuit avec éclairage allumé,Hors agglomération,Hors intersection,Normale,Sans collision,,,,,,,,,,,5,1,1,1.0,7.0
201100026879,0011-10-09 04:15:00,11,10,9,4,15,310,555,"70, AV JULES JULIEN",,,Plein jour,En agglomération,Hors intersection,Normale,Sans collision,,,,,,,,,,,1,2,1,1.0,7.0
201100026880,0011-10-09 21:40:00,11,10,9,21,40,310,555,"., RTE DE NARBONNE",,,Nuit avec éclairage allumé,En agglomération,Hors intersection,Normale,Deux véhicules - frontale,,,,,,,,,,,5,2,1,1.0,1.0
201100026881,0011-10-10 00:01:00,11,10,10,0,1,310,555,"999, BD DES RECOLLETS",,,Nuit avec éclairage allumé,En agglomération,Hors intersection,Normale,Deux véhicules - côté,,,,,,,,,,,5,2,1,1.0,3.0
201100026882,0011-10-10 12:50:00,11,10,10,12,50,310,555,"., CHE DU VALLON",,,Plein jour,En agglomération,Intersection en Y,Normale,Deux véhicules - côté,,,,,,,,,,,1,2,4,1.0,3.0
201100026883,0011-10-10 16:00:00,11,10,10,16,0,310,555,"999, CHE DE CROIX BENITE",,,Plein jour,En agglomération,Intersection en X,Normale,Deux véhicules - côté,,,,,,,,,,,1,2,2,1.0,3.0
201100026884,0011-10-06 07:40:00,11,10,6,7,40,310,149,PIBRAC (bd)/ch ormeau,43.61654,1.3291,Nuit avec éclairage allumé,En agglomération,Intersection en T,Normale,Deux véhicules - côté,,,,,,,,,,,5,2,3,1.0,3.0
201100026885,0011-10-06 08:40:00,11,10,6,8,40,310,555,VA008124,,,Plein jour,Hors agglomération,Hors intersection,Normale,Deux véhicules - côté,,,,,,,,,,,1,1,1,1.0,3.0
201100026886,0011-10-11 07:40:00,11,10,11,7,40,310,555,"999, AV ETIENNE BILLIERE",,,Plein jour,En agglomération,Intersection en T,Normale,Deux véhicules - côté,,,,,,,,,,,1,2,3,1.0,3.0
201100026887,0011-10-11 12:10:00,11,10,11,12,10,310,555,"., RTE DE SEYSSES",,,Plein jour,En agglomération,Hors intersection,Normale,Sans collision,,,,,,,,,,,1,2,1,1.0,7.0
201100026888,0011-10-11 16:15:00,11,10,11,16,15,310,555,VA007554 LASBORDES A61 S,,,Plein jour,Hors agglomération,Hors intersection,Normale,Deux véhicules - côté,,,,,,,,,,,1,1,1,1.0,3.0
201100026889,0011-10-10 13:50:00,11,10,10,13,50,310,149,CHAMPAGNE (ALLEE DE LA),43.61702,1.33008,Plein jour,En agglomération,Intersection en T,Normale,Deux véhicules - côté,,,,,,,,,,,1,2,3,1.0,3.0
201100026890,0011-10-12 18:00:00,11,10,12,18,0,310,555,VA007566 MONTAUDRAN A61,,,Plein jour,Hors agglomération,Hors intersection,Normale,Autre collision,,,,,,,,,,,1,1,1,1.0,6.0
201100026891,0011-10-14 08:20:00,11,10,14,8,20,310,555,"30, BD JEAN BRUNHES",,,Plein jour,En agglomération,Hors intersection,Normale,Deux véhicules - arrière,,,,,,,,,,,1,2,1,1.0,2.0
201100026892,0011-10-14 10:45:00,11,10,14,10,45,310,555,PL DU CAPITOLE/RUE ROMIG,43.6048,1.44271,Plein jour,En agglomération,Intersection en X,Normale,Autre collision,,,,,,,,,,,1,2,2,1.0,6.0
201100026893,0011-10-14 20:34:00,11,10,14,20,34,310,555,CHE DE LA FRONDE/RUE EPH,43.586,1.39461,Nuit avec éclairage allumé,En agglomération,Intersection en T,Normale,Deux véhicules - côté,,,,,,,,,,,5,2,3,1.0,3.0
201100026894,0011-10-17 14:30:00,11,10,17,14,30,310,557,"999, PETIT TRAIN (RUE DU",,,Plein jour,En agglomération,Hors intersection,Normale,Deux véhicules - frontale,,,,,,,,,,,1,2,1,1.0,1.0
201100026895,0011-10-15 17:35:00,11,10,15,17,35,310,555,"62, AV CAMILLE PUJOL",,,Plein jour,En agglomération,Hors intersection,Normale,Deux véhicules - côté,,,,,,,,,,,1,2,1,1.0,3.0
201100026896,0011-10-16 00:30:00,11,10,16,0,30,310,555,"999, BD DES MINIMES",,,Nuit avec éclairage allumé,En agglomération,Hors intersection,Normale,Deux véhicules - côté,,,,,,,,,,,5,2,1,1.0,3.0
201100026897,0011-10-11 11:30:00,11,10,11,11,30,310,555,"999, RUE SAINTE PHILOMEN",,,Plein jour,En agglomération,Hors intersection,Normale,Deux véhicules - côté,,,,,,,,,,,1,2,1,1.0,3.0
201100026898,0011-10-11 18:00:00,11,10,11,18,0,310,555,BD DES RECOLLETS/RAMPE D,43.584,1.4409,Plein jour,En agglomération,Intersection en T,Normale,Deux véhicules - côté,,,,,,,,,,,1,2,3,1.0,3.0
201100026899,0011-10-13 17:00:00,11,10,13,17,0,310,555,"., AV DE GRANDE BRETAGNE",,,Plein jour,En agglomération,Hors intersection,Normale,Deux véhicules - côté,,,,,,,,,,,1,2,1,1.0,3.0
201100026900,0011-10-18 10:30:00,11,10,18,10,30,310,69,VA001490 A621,43.6216,1.39302,Plein jour,Hors agglomération,Hors intersection,Normale,Sans collision,,,,,,,,,,,1,1,1,1.0,7.0
201100026901,0011-10-18 13:50:00,11,10,18,13,50,310,555,"306, RTE DE SAINT SIMON",,,Plein jour,En agglomération,Hors intersection,Normale,Deux véhicules - côté,,,,,,,,,,,1,2,1,1.0,3.0
201100026902,0011-10-20 22:05:00,11,10,20,22,5,310,555,"999, AV DU GENERAL EISEN",,,Nuit avec éclairage allumé,En agglomération,Intersection en T,Normale,Deux véhicules - côté,,,,,,,,,,,5,2,3,1.0,3.0
201100026903,0011-09-30 19:15:00,11,9,30,19,15,310,555,"1, RUE D ALSACE LORRAINE",,,Plein jour,En agglomération,Intersection en T,Normale,Autre collision,,,,,,,,,,,1,2,3,1.0,6.0
201100026904,0011-10-21 07:25:00,11,10,21,7,25,310,555,"999, RUE RECLUSANE",,,Nuit avec éclairage allumé,En agglomération,Intersection en T,Normale,Deux véhicules - côté,,,,,,,,,,,5,2,3,1.0,3.0
201100026905,0011-10-21 17:15:00,11,10,21,17,15,310,555,"53, BD DE SUISSE",,,Plein jour,En agglomération,Hors intersection,Normale,Deux véhicules - côté,,,,,,,,,,,1,2,1,1.0,3.0
201100026906,0011-10-21 14:50:00,11,10,21,14,50,310,555,"999, AV DE MURET",,,Plein jour,En agglomération,Giratoire,Normale,Autre collision,,,,,,,,,,,1,2,6,1.0,6.0
201100026907,0011-10-23 00:10:00,11,10,23,0,10,310,555,"999, RTE DE BLAGNAC",,,Nuit avec éclairage allumé,En agglomération,Intersection en T,Normale,Trois véhicules et plus - collisions multiples,,,,,,,,,,,5,2,3,1.0,5.0
201100026908,0011-10-23 20:10:00,11,10,23,20,10,310,555,"170, AV DE GRANDE BRETAG",,,Nuit avec éclairage allumé,En agglomération,Hors intersection,Normale,Deux véhicules - arrière,,,,,,,,,,,5,2,1,1.0,2.0
201100026909,0011-10-26 07:50:00,11,10,26,7,50,310,555,"207, AV DE FRONTON",,,Nuit avec éclairage allumé,En agglomération,Hors intersection,Normale,Deux véhicules - côté,,,,,,,,,,,5,2,1,1.0,3.0
201100026910,0011-10-26 09:10:00,11,10,26,9,10,310,555,"183, RTE DE REVEL",,,Plein jour,En agglomération,Hors intersection,Normale,Deux véhicules - arrière,,,,,,,,,,,1,2,1,1.0,2.0
201100026911,0011-10-26 10:45:00,11,10,26,10,45,310,555,"56, BD DE STRASBOURG",,,Plein jour,En agglomération,Hors intersection,Normale,Autre collision,,,,,,,,,,,1,2,1,1.0,6.0
201100026912,0011-10-26 17:20:00,11,10,26,17,20,310,555,"40, BD DES RECOLLETS",,,Plein jour,En agglomération,Hors intersection,Normale,Autre collision,,,,,,,,,,,1,2,1,1.0,6.0
201100026913,0011-10-18 09:30:00,11,10,18,9,30,310,555,"33, RUE DU LOT",,,Plein jour,En agglomération,Hors intersection,Normale,Autre collision,,,,,,,,,,,1,2,1,1.0,6.0
201100026914,0011-10-28 08:25:00,11,10,28,8,25,310,149,AVE C.ADER/AVE Y.BRUNAUD,43.61525,1.34565,Plein jour,En agglomération,Intersection en T,Normale,Deux véhicules - côté,,,,,,,,,,,1,2,3,1.0,3.0
201100026915,0011-10-28 15:50:00,11,10,28,15,50,310,555,"999, RUE DU TCHAD",,,Plein jour,En agglomération,Intersection en T,Pluie légère,Deux véhicules - côté,,,,,,,,,,,1,2,3,2.0,3.0
201100026916,0011-10-28 15:45:00,11,10,28,15,45,310,555,VA007473 A62,,,Plein jour,Hors agglomération,Hors intersection,Pluie forte,Deux véhicules - arrière,,,,,,,,,,,1,1,1,3.0,2.0
201100026917,0011-10-28 19:05:00,11,10,28,19,5,310,555,"25, PORT SAINT SAUVEUR",,,Nuit avec éclairage allumé,En agglomération,Hors intersection,Pluie légère,Autre collision,,,,,,,,,,,5,2,1,2.0,6.0
201100026918,0011-10-28 22:25:00,11,10,28,22,25,310,555,"999, BD LASCROSSES",,,Nuit avec éclairage allumé,En agglomération,Hors intersection,Pluie légère,Autre collision,,,,,,,,,,,5,2,1,2.0,6.0
201100026919,0011-10-29 17:25:00,11,10,29,17,25,310,555,VA007331 A620,43.6242,1.41791,Plein jour,Hors agglomération,Hors intersection,Pluie légère,Sans collision,,,,,,,,,,,1,1,1,2.0,7.0
201100026920,0011-10-30 07:20:00,11,10,30,7,20,310,555,VA007624,,,Nuit avec éclairage allumé,Hors agglomération,Hors intersection,Normale,Sans collision,,,,,,,,,,,5,1,1,1.0,7.0
201100026921,0011-10-21 07:45:00,11,10,21,7,45,310,555,VA008482 A624,43.6049,1.40332,Plein jour,Hors agglomération,Hors intersection,Normale,Trois véhicules et plus - en chaîne,,,,,,,,,,,1,1,1,1.0,4.0
201100026922,0011-11-01 02:00:00,11,11,1,2,0,310,555,"., AV LOUIS BAZERQUE",,,Nuit avec éclairage allumé,Hors agglomération,Hors intersection,Normale,Autre collision,,,,,,,,,,,5,1,1,1.0,6.0
201100026923,0011-11-02 14:00:00,11,11,2,14,0,310,555,VA007418 PONT JUMEAUX A6,43.5984,1.39716,Plein jour,Hors agglomération,Hors intersection,Normale,Deux véhicules - arrière,,,,,,,,,,,1,1,1,1.0,2.0
201100026924,0011-11-02 19:25:00,11,11,2,19,25,310,555,VA007331 A620,43.572,1.41087,Nuit avec éclairage allumé,Hors agglomération,Hors intersection,Normale,Deux véhicules - arrière,,,,,,,,,,,5,1,1,1.0,2.0
201100026925,0011-11-03 11:10:00,11,11,3,11,10,310,555,"999, RUE DU QUATRE SEPTE",,,Plein jour,En agglomération,Intersection en T,Normale,Deux véhicules - côté,,,,,,,,,,,1,2,3,1.0,3.0
201100026926,0011-11-03 18:55:00,11,11,3,18,55,310,555,VA007331 A620,43.5815,1.40475,Nuit avec éclairage allumé,Hors agglomération,Hors intersection,Temps couvert,Trois véhicules et plus - en chaîne,,,,,,,,,,,5,1,1,8.0,4.0
201100026927,0011-11-05 17:50:00,11,11,5,17,50,310,555,VA001490 A621,,,Nuit avec éclairage allumé,Hors agglomération,Hors intersection,Pluie légère,Deux véhicules - côté,,,,,,,,,,,5,1,1,2.0,3.0
201100026928,0011-11-06 22:50:00,11,11,6,22,50,310,555,VA007553 A61,,,Nuit avec éclairage allumé,Hors agglomération,Hors intersection,Pluie légère,Autre collision,,,,,,,,,,,5,1,1,2.0,6.0
201100026929,0011-11-07 14:00:00,11,11,7,14,0,310,555,VA007418 PONT JUMEAUX A6,43.6099,1.41418,Plein jour,Hors agglomération,Hors intersection,Pluie légère,Trois véhicules et plus - en chaîne,,,,,,,,,,,1,1,1,2.0,4.0
201100026930,0011-11-07 15:05:00,11,11,7,15,5,310,555,VA007539 LA ROSERAIE A61,,,Plein jour,Hors agglomération,Hors intersection,Normale,Sans collision,,,,,,,,,,,1,1,1,1.0,7.0
201100026931,0011-11-01 20:02:00,11,11,1,20,2,310,557,ST PIERRE (CH),43.58378,1.33004,Nuit avec éclairage allumé,En agglomération,Hors intersection,Normale,Deux véhicules - côté,,,,,,,,,,,5,2,1,1.0,3.0
201100026932,0011-11-08 17:45:00,11,11,8,17,45,310,555,"999, BD LASCROSSES",,,Crépuscule ou aube,En agglomération,Hors intersection,Normale,Trois véhicules et plus - collisions multiples,,,,,,,,,,,2,2,1,1.0,5.0
201100026933,0011-11-10 08:45:00,11,11,10,8,45,310,555,"999, AV DU MIRAIL",,,Plein jour,En agglomération,Hors intersection,Normale,Deux véhicules - arrière,,,,,,,,,,,1,2,1,1.0,2.0
201100026934,0011-11-09 12:15:00,11,11,9,12,15,310,555,"16, RUE DE GASCOGNE",,,Plein jour,En agglomération,Hors intersection,Normale,Autre collision,,,,,,,,,,,1,2,1,1.0,6.0
201100026935,0011-11-10 21:00:00,11,11,10,21,0,310,555,"5, BD DE LA MEDITERRANEE",,,Nuit avec éclairage allumé,En agglomération,Hors intersection,Normale,Trois véhicules et plus - collisions multiples,,,,,,,,,,,5,2,1,1.0,5.0
201100026936,0011-11-10 14:50:00,11,11,10,14,50,310,555,"999, RUE HENRI DESBALS",,,Plein jour,En agglomération,Hors intersection,Normale,Deux véhicules - côté,,,,,,,,,,,1,2,1,1.0,3.0
201100026937,0011-11-12 11:00:00,11,11,12,11,0,310,555,VA007598 LESPINET A620 S,,,Plein jour,Hors agglomération,Hors intersection,Normale,Deux véhicules - côté,,,,,,,,,,,1,1,1,1.0,3.0
201100026938,0011-11-12 20:19:00,11,11,12,20,19,310,555,"25, BD LASCROSSES",,,Nuit avec éclairage allumé,En agglomération,Hors intersection,Autre,Autre collision,,,,,,,,,,,5,2,1,9.0,6.0
201100026939,0011-11-13 04:05:00,11,11,13,4,5,310,555,"999, BD DE SUISSE",,,Nuit avec éclairage allumé,En agglomération,Intersection en T,Normale,Deux véhicules - côté,,,,,,,,,,,5,2,3,1.0,3.0
201100026940,0011-11-13 13:35:00,11,11,13,13,35,310,557,"93b, TARBES (ROUTE DE)",43.57961,1.33176,Plein jour,En agglomération,Hors intersection,Normale,Deux véhicules - frontale,,,,,,,,,,,1,2,1,1.0,1.0
201100026941,0011-11-10 14:25:00,11,11,10,14,25,310,555,"999, AV DU GENERAL EISEN",,,Plein jour,En agglomération,Hors intersection,Normale,Deux véhicules - frontale,,,,,,,,,,,1,2,1,1.0,1.0
201100026942,0011-11-14 15:50:00,11,11,14,15,50,310,555,"55, BD DEODAT DE SEVERAC",,,Plein jour,En agglomération,Hors intersection,Normale,Deux véhicules - côté,,,,,,,,,,,1,2,1,1.0,3.0
201100026943,0011-11-11 16:20:00,11,11,11,16,20,310,555,VA008124,,,Plein jour,En agglomération,Hors intersection,Normale,Autre collision,,,,,,,,,,,1,2,1,1.0,6.0
201100026944,0011-11-16 00:30:00,11,11,16,0,30,310,555,"., BD DE LA MARQUETTE",,,Nuit avec éclairage allumé,En agglomération,Hors intersection,Normale,Sans collision,,,,,,,,,,,5,2,1,1.0,7.0
201100026945,0011-11-12 12:25:00,11,11,12,12,25,310,555,AV HONORE SERRES,43.6136,1.43802,Plein jour,En agglomération,Intersection en T,Normale,Deux véhicules - côté,,,,,,,,,,,1,2,3,1.0,3.0
201100026946,0011-11-16 14:45:00,11,11,16,14,45,310,555,"357, AV DES ETATS UNIS",,,Plein jour,En agglomération,Hors intersection,Normale,Deux véhicules - arrière,,,,,,,,,,,1,2,1,1.0,2.0
201100026947,0011-11-16 16:40:00,11,11,16,16,40,310,555,"999, AV DU GENERAL EISEN",,,Plein jour,En agglomération,Hors intersection,Normale,Autre collision,,,,,,,,,,,1,2,1,1.0,6.0
201100026948,0011-11-17 00:35:00,11,11,17,0,35,310,555,"331bis, AV DE FRONTON",,,Nuit avec éclairage allumé,En agglomération,Hors intersection,Normale,Autre collision,,,,,,,,,,,5,2,1,1.0,6.0
201100026949,0011-11-17 08:15:00,11,11,17,8,15,310,555,"5, ALL DE BELLEFONTAINE",,,Plein jour,Hors agglomération,Hors intersection,Normale,Trois véhicules et plus - en chaîne,,,,,,,,,,,1,1,1,1.0,4.0
201100026950,0011-11-17 10:10:00,11,11,17,10,10,310,555,"999, AV DE GRANDE BRETAG",,,Plein jour,En agglomération,Intersection en T,Normale,Deux véhicules - côté,,,,,,,,,,,1,2,3,1.0,3.0
201100026951,0011-11-17 18:15:00,11,11,17,18,15,310,555,VA007598 LESPINET A620 S,,,Nuit avec éclairage allumé,En agglomération,Hors intersection,Normale,Sans collision,,,,,,,,,,,5,2,1,1.0,7.0
201100026952,0011-11-17 22:40:00,11,11,17,22,40,310,555,"., RTE DE NARBONNE",,,Plein jour,En agglomération,Hors intersection,Normale,Deux véhicules - frontale,,,,,,,,,,,1,2,1,1.0,1.0
201100026953,0011-11-20 11:45:00,11,11,20,11,45,310,555,"54, BD DE LA GARE",,,Plein jour,En agglomération,Hors intersection,Normale,Sans collision,,,,,,,,,,,1,2,1,1.0,7.0
201100026954,0011-11-19 04:30:00,11,11,19,4,30,310,555,"59, AV HONORE SERRES",,,Nuit avec éclairage allumé,En agglomération,Hors intersection,Normale,Deux véhicules - côté,,,,,,,,,,,5,2,1,1.0,3.0
201100026955,0011-11-19 06:00:00,11,11,19,6,0,310,555,"999, AV DES MINIMES",,,Nuit avec éclairage allumé,En agglomération,Hors intersection,Normale,Autre collision,,,,,,,,,,,5,2,1,1.0,6.0
201100026956,0011-11-19 21:45:00,11,11,19,21,45,310,557,"115, TARBES (ROUTE DE)",43.58076,1.33452,Nuit avec éclairage allumé,En agglomération,Hors intersection,Normale,Autre collision,,,,,,,,,,,5,2,1,1.0,6.0
201100026957,0011-11-16 08:50:00,11,11,16,8,50,310,149,allée ravel/bld ingres,43.59788,1.35171,Plein jour,En agglomération,Intersection en T,Normale,Trois véhicules et plus - collisions multiples,,,,,,,,,,,1,2,3,1.0,5.0
201100026958,0011-11-22 01:30:00,11,11,22,1,30,310,555,"999, QU SAINT PIERRE",,,Nuit avec éclairage allumé,En agglomération,Hors intersection,Normale,Autre collision,,,,,,,,,,,5,2,1,1.0,6.0
201100026959,0011-11-22 09:05:00,11,11,22,9,5,310,555,"999, AV DU GENERAL EISEN",,,Plein jour,En agglomération,Intersection en X,Normale,Deux véhicules - côté,,,,,,,,,,,1,2,2,1.0,3.0
201100026960,0011-11-17 18:00:00,11,11,17,18,0,310,149,"999, MITTERAND (ESPLANAD",,,Nuit avec éclairage allumé,En agglomération,Hors intersection,Normale,Autre collision,,,,,,,,,,,5,2,1,1.0,6.0
201100026961,0011-11-22 19:00:00,11,11,22,19,0,310,555,"2, AV GEORGES POMPIDOU",,,Nuit avec éclairage allumé,En agglomération,Hors intersection,Normale,Autre collision,,,,,,,,,,,5,2,1,1.0,6.0
201100026962,0011-11-23 08:30:00,11,11,23,8,30,310,555,"4, RTE DE REVEL",,,Plein jour,En agglomération,Hors intersection,Normale,Autre collision,,,,,,,,,,,1,2,1,1.0,6.0
201100026963,0011-11-23 23:50:00,11,11,23,23,50,310,557,"19, MARQUISAT (AV DU)",43.56757,1.32803,Nuit avec éclairage allumé,En agglomération,Hors intersection,Normale,Autre collision,,,,,,,,,,,5,2,1,1.0,6.0
201100026964,0011-11-22 09:00:00,11,11,22,9,0,310,555,"304, AV DE GRANDE BRETAG",,,Plein jour,En agglomération,Intersection en T,Normale,Deux véhicules - côté,,,,,,,,,,,1,2,3,1.0,3.0
201100026965,0011-11-21 17:40:00,11,11,21,17,40,310,555,"., RUE DE SEBASTOPOL",,,Plein jour,En agglomération,Hors intersection,Pluie légère,Autre collision,,,,,,,,,,,1,2,1,2.0,6.0
201100026966,0011-11-26 10:45:00,11,11,26,10,45,310,555,"62, ALL DE BELLEFONTAINE",,,Plein jour,En agglomération,Hors intersection,Normale,Autre collision,,,,,,,,,,,1,2,1,1.0,6.0
201100026967,0011-11-25 19:50:00,11,11,25,19,50,310,555,"287, AV DE LARDENNE",,,Plein jour,En agglomération,Hors intersection,Normale,Deux véhicules - frontale,,,,,,,,,,,1,2,1,1.0,1.0
201100026968,0011-11-29 13:50:00,11,11,29,13,50,310,555,"999, RUE DU FAUBOURG BON",,,Plein jour,En agglomération,Hors intersection,Normale,Deux véhicules - frontale,,,,,,,,,,,1,2,1,1.0,1.0
201100026969,0011-11-29 20:30:00,11,11,29,20,30,310,555,"999, CHE DU CHATEAU DE L",,,Nuit avec éclairage allumé,En agglomération,Hors intersection,Normale,Autre collision,,,,,,,,,,,5,2,1,1.0,6.0
201100026970,0011-11-30 12:50:00,11,11,30,12,50,310,555,"999, BD DE STRASBOURG",,,Plein jour,En agglomération,Hors intersection,Normale,Autre collision,,,,,,,,,,,1,2,1,1.0,6.0
201100026971,0011-12-01 05:15:00,11,12,1,5,15,310,555,"999, BOULINGRIN",,,Nuit avec éclairage allumé,En agglomération,Hors intersection,Normale,Autre collision,,,,,,,,,,,5,2,1,1.0,6.0
201100026972,0011-12-01 11:00:00,11,12,1,11,0,310,555,VA007331 A620,,,Plein jour,Hors agglomération,Hors intersection,Normale,Trois véhicules et plus - collisions multiples,,,,,,,,,,,1,1,1,1.0,5.0
201100026973,0011-12-01 14:00:00,11,12,1,14,0,310,555,"999, RUE HENRI MAYER",,,Plein jour,En agglomération,Intersection en T,Normale,Deux véhicules - côté,,,,,,,,,,,1,2,3,1.0,3.0
201100026974,0011-12-01 20:10:00,11,12,1,20,10,310,149,SALVETAT (CH DE LA),43.6084,1.353,Nuit avec éclairage allumé,En agglomération,Giratoire,Normale,Deux véhicules - arrière,,,,,,,,,,,5,2,6,1.0,2.0
201100026975,0011-12-02 12:15:00,11,12,2,12,15,310,69,GRENADE (ROUTE DE),43.64013,1.38869,Plein jour,En agglomération,Hors intersection,Normale,Deux véhicules - côté,,,,,,,,,,,1,2,1,1.0,3.0
201100026976,0011-12-03 11:18:00,11,12,3,11,18,310,149,HUGO (BOULEVARD VICTOR),43.61762,1.31594,Plein jour,En agglomération,Hors intersection,Normale,Deux véhicules - côté,,,,,,,,,,,1,2,1,1.0,3.0
201100026977,0011-12-04 23:50:00,11,12,4,23,50,310,555,"999, RUE DU POLE",,,Nuit avec éclairage allumé,En agglomération,Hors intersection,Normale,Deux véhicules - frontale,,,,,,,,,,,5,2,1,1.0,1.0
201100026978,0011-12-05 12:05:00,11,12,5,12,5,310,555,"63, BD LAZARE CARNOT",,,Plein jour,En agglomération,Hors intersection,Normale,Autre collision,,,,,,,,,,,1,2,1,1.0,6.0
201100026979,0011-12-05 10:45:00,11,12,5,10,45,310,555,"999, AV DE LATTRE DE TAS",,,Plein jour,En agglomération,Hors intersection,Normale,Deux véhicules - côté,,,,,,,,,,,1,2,1,1.0,3.0
201100026980,0011-12-01 09:25:00,11,12,1,9,25,310,555,VA008482 A624,,,Plein jour,Hors agglomération,Hors intersection,Normale,Sans collision,,,,,,,,,,,1,1,1,1.0,7.0
201100026981,0011-12-01 17:00:00,11,12,1,17,0,310,555,"14, AV DU GENERAL DE CRO",,,Plein jour,En agglomération,Hors intersection,Normale,Deux véhicules - côté,,,,,,,,,,,1,2,1,1.0,3.0
201100026982,0011-12-02 14:00:00,11,12,2,14,0,310,555,"17, AV CAMILLE PUJOL",,,Plein jour,En agglomération,Hors intersection,Normale,Deux véhicules - côté,,,,,,,,,,,1,2,1,1.0,3.0
201100026983,0011-12-02 14:45:00,11,12,2,14,45,310,555,"999, RTE DE SEYSSES",,,Plein jour,En agglomération,Hors intersection,Normale,Deux véhicules - côté,,,,,,,,,,,1,2,1,1.0,3.0
201100026984,0011-12-01 15:30:00,11,12,1,15,30,310,557,DOUMERGUE (RUE GASTON),43.58386,1.34234,Plein jour,En agglomération,Hors intersection,Normale,Deux véhicules - côté,,,,,,,,,,,1,2,1,1.0,3.0
201100026985,0011-12-05 09:30:00,11,12,5,9,30,310,555,VA007313 LE CHAPITRE A64,,,Plein jour,Hors agglomération,Hors intersection,Normale,Trois véhicules et plus - collisions multiples,,,,,,,,,,,1,1,1,1.0,5.0
201100026986,0011-12-07 16:10:00,11,12,7,16,10,310,555,"999, BD LAZARE CARNOT",,,Plein jour,En agglomération,Hors intersection,Normale,Deux véhicules - côté,,,,,,,,,,,1,2,1,1.0,3.0
201100026987,0011-12-07 18:15:00,11,12,7,18,15,310,555,"999, AV DES ETATS UNIS",,,Nuit avec éclairage allumé,En agglomération,Hors intersection,Normale,Deux véhicules - côté,,,,,,,,,,,5,2,1,1.0,3.0
201100026988,0011-12-05 18:30:00,11,12,5,18,30,310,69,FIL D'ARIANE (RD902),,,Nuit avec éclairage allumé,Hors agglomération,Hors intersection,Normale,Trois véhicules et plus - en chaîne,,,,,,,,,,,5,1,1,1.0,4.0
201100026989,0011-12-08 08:25:00,11,12,8,8,25,310,555,VA007554 LASBORDES A61 S,,,Plein jour,Hors agglomération,Hors intersection,Normale,Deux véhicules - côté,,,,,,,,,,,1,1,1,1.0,3.0
201100026990,0011-12-08 18:25:00,11,12,8,18,25,310,555,"999, AV ARTHUR HUC",,,Nuit avec éclairage allumé,En agglomération,Hors intersection,Normale,Autre collision,,,,,,,,,,,5,2,1,1.0,6.0
201100026991,0011-12-09 00:05:00,11,12,9,0,5,310,555,"999, BD DEODAT DE SEVERA",,,Nuit avec éclairage allumé,En agglomération,Intersection en T,Normale,Autre collision,,,,,,,,,,,5,2,3,1.0,6.0
201100026992,0011-12-10 02:20:00,11,12,10,2,20,310,555,"999, RD PT JJ LAFFONT",,,Nuit avec éclairage allumé,En agglomération,Hors intersection,Normale,Sans collision,,,,,,,,,,,5,2,1,1.0,7.0
201100026993,0011-12-10 02:20:00,11,12,10,2,20,310,555,"05, PL SAINT PIERRE",,,Nuit sans éclairage public,En agglomération,Hors intersection,Normale,Autre collision,,,,,,,,,,,3,2,1,1.0,6.0
201100026994,0011-12-10 02:35:00,11,12,10,2,35,310,555,"80, AV DE LARDENNE",,,Nuit avec éclairage allumé,En agglomération,Hors intersection,Normale,Autre collision,,,,,,,,,,,5,2,1,1.0,6.0
201100026995,0011-12-07 12:45:00,11,12,7,12,45,310,69,"., BELISAIRE (CH DE)",,,Plein jour,En agglomération,Hors intersection,Normale,Deux véhicules - côté,,,,,,,,,,,1,2,1,1.0,3.0
201100026996,0011-12-12 14:25:00,11,12,12,14,25,310,555,"2, IMP JEAN CHAUBET",,,Plein jour,En agglomération,Hors intersection,Normale,Deux véhicules - côté,,,,,,,,,,,1,2,1,1.0,3.0
201100026997,0011-12-12 18:10:00,11,12,12,18,10,310,555,VA007355 PURPAN A620 Sor,43.6086,1.41169,Crépuscule ou aube,Hors agglomération,Hors intersection,Normale,Trois véhicules et plus - en chaîne,,,,,,,,,,,2,1,1,1.0,4.0