accident_id,datetime,annee,mois,jour,heure,minute,departement,commune_insee,adresse,latitude,longitude,luminosite,agglomeration,intersection,meteo,collision,nb_vehicules,nb_usagers,nb_indemnes,nb_tues,nb_blesses_hosp,nb_blesses_legers,age_cond_1,age_cond_2,veh_type_cond_1,veh_type_cond_2,lum_code,agg_code,int_code,atm_code,col_code
201100027251,0011-02-03 09:23:00,11,2,3,9,23,330,69,RUE FERDINAND BUISSON,,,Plein jour,En agglomération,Giratoire,Normale,Sans collision,,,,,,,,,,,1,2,6,1.0,7.0
201100027252,0011-02-08 11:15:00,11,2,8,11,15,330,63,RUE MELLIS,,,Plein jour,En agglomération,Intersection en X,Normale,Autre collision,,,,,,,,,,,1,2,2,1.0,6.0
201100027253,0011-02-07 08:10:00,11,2,7,8,10,330,13,N 89,,,Plein jour,En agglomération,Hors intersection,Normale,Deux véhicules - arrière,,,,,,,,,,,1,2,1,1.0,2.0
201100027254,0011-02-08 17:10:00,11,2,8,17,10,330,63,RUE DAVID JOHNSTON,,,Plein jour,En agglomération,Intersection en T,Normale,Deux véhicules - côté,,,,,,,,,,,1,2,3,1.0,3.0
201100027255,0011-02-08 07:35:00,11,2,8,7,35,330,63,RUE CHARLES LAMOUREUX,,,Crépuscule ou aube,En agglomération,Intersection en T,Normale,Autre collision,,,,,,,,,,,2,2,3,1.0,6.0
201100027256,0011-02-08 08:30:00,11,2,8,8,30,330,63,RUE DE PATAY,,,Plein jour,En agglomération,Intersection en X,Normale,Deux véhicules - arrière,,,,,,,,,,,1,2,2,1.0,2.0
201100027257,0011-02-08 14:00:00,11,2,8,14,0,330,63,AVE DES QUARANTE JOURNAU,,,Plein jour,En agglomération,Hors intersection,Normale,Autre collision,,,,,,,,,,,1,2,1,1.0,6.0
201100027258,0011-02-04 08:15:00,11,2,4,8,15,330,318,AVE DE SAIGE,,,Plein jour,En agglomération,Giratoire,Normale,Deux véhicules - côté,,,,,,,,,,,1,2,6,1.0,3.0
201100027259,0011-02-06 06:35:00,11,2,6,6,35,330,318,"face 49, AVE DU GENERAL",,,Nuit avec éclairage allumé,En agglomération,Hors intersection,Brouillard / fumée,Autre collision,,,,,,,,,,,5,2,1,5.0,6.0
201100027260,0011-02-09 08:15:00,11,2,9,8,15,330,63,QUAI DE LA SOUYS,,,Plein jour,En agglomération,Intersection en T,Normale,Deux véhicules - côté,,,,,,,,,,,1,2,3,1.0,3.0
201100027261,0011-02-09 21:10:00,11,2,9,21,10,330,522,AVE DE L'UNIVERSITE,,,Nuit avec éclairage allumé,En agglomération,Giratoire,Normale,Trois véhicules et plus - collisions multiples,,,,,,,,,,,5,2,6,1.0,5.0
201100027262,0011-02-09 13:10:00,11,2,9,13,10,330,63,"180, CRS DU MEDOC",,,Plein jour,En agglomération,Hors intersection,Normale,Autre collision,,,,,,,,,,,1,2,1,1.0,6.0
201100027263,0011-02-09 21:32:00,11,2,9,21,32,330,63,CRS VICTOR HUGO,,,Nuit avec éclairage allumé,En agglomération,Intersection en X,Normale,Deux véhicules - côté,,,,,,,,,,,5,2,2,1.0,3.0
201100027264,0011-02-04 15:58:00,11,2,4,15,58,330,192,"28, CRS DU GENERAL DE GA",,,Plein jour,En agglomération,Hors intersection,Normale,Deux véhicules - côté,,,,,,,,,,,1,2,1,1.0,3.0
201100027265,0011-02-07 16:40:00,11,2,7,16,40,330,63,BD JEAN-JACQUES BOSC,,,Plein jour,En agglomération,Intersection en X,Normale,Autre collision,,,,,,,,,,,1,2,2,1.0,6.0
201100027266,0011-02-10 19:00:00,11,2,10,19,0,330,63,"115, QUAI DES CHARTRONS",,,Nuit avec éclairage allumé,En agglomération,Intersection en X,Normale,Deux véhicules - côté,,,,,,,,,,,5,2,2,1.0,3.0
201100027267,0011-02-10 19:05:00,11,2,10,19,5,330,63,CRS VICTOR HUGO,,,Nuit avec éclairage allumé,En agglomération,Intersection en X,Normale,Autre collision,,,,,,,,,,,5,2,2,1.0,6.0
201100027268,0011-02-07 20:15:00,11,2,7,20,15,330,318,RUE DE LA PRINCESSE,,,Nuit avec éclairage allumé,En agglomération,Intersection en X,Normale,Deux véhicules - côté,,,,,,,,,,,5,2,2,1.0,3.0
201100027269,0011-02-09 12:35:00,11,2,9,12,35,330,281,RUE RAOUL AMAT,,,Plein jour,En agglomération,Intersection en X,Normale,Autre collision,,,,,,,,,,,1,2,2,1.0,6.0
201100027270,0011-02-09 16:55:00,11,2,9,16,55,330,63,RUE JOSEPH DE CARAYON LA,,,Plein jour,En agglomération,Intersection en T,Normale,Autre collision,,,,,,,,,,,1,2,3,1.0,6.0
201100027271,0011-02-10 15:00:00,11,2,10,15,0,330,249,QUAI CHAIGNEAU BICHON,,,Plein jour,En agglomération,Hors intersection,Normale,Deux véhicules - frontale,,,,,,,,,,,1,2,1,1.0,1.0
201100027272,0011-02-09 17:10:00,11,2,9,17,10,330,281,AVE ROLAND GARROS,,,Plein jour,En agglomération,Giratoire,Normale,Autre collision,,,,,,,,,,,1,2,6,1.0,6.0
201100027273,0011-02-12 05:20:00,11,2,12,5,20,330,281,AVE DE L'ARGONNE,,,Nuit avec éclairage non allumé,En agglomération,Giratoire,Normale,Deux véhicules - frontale,,,,,,,,,,,4,2,6,1.0,1.0
201100027274,0011-02-11 22:45:00,11,2,11,22,45,330,119,AVE CARNOT,,,Nuit avec éclairage allumé,En agglomération,Giratoire,Normale,Autre collision,,,,,,,,,,,5,2,6,1.0,6.0
201100027275,0011-02-11 17:40:00,11,2,11,17,40,330,119,"110, AVE RENE CASSAGNE",,,Plein jour,En agglomération,Giratoire,Normale,Autre collision,,,,,,,,,,,1,2,6,1.0,6.0
201100027276,0011-02-09 15:45:00,11,2,9,15,45,330,119,AVE PIERRE BROSSOLETTE,,,Plein jour,En agglomération,Giratoire,Normale,Deux véhicules - côté,,,,,,,,,,,1,2,6,1.0,3.0
201100027277,0011-02-07 12:20:00,11,2,7,12,20,330,281,RUE ALBERT GOMBERT,,,Plein jour,En agglomération,Intersection en X,Normale,Deux véhicules - côté,,,,,,,,,,,1,2,2,1.0,3.0
201100027278,0011-02-14 05:55:00,11,2,14,5,55,330,63,RUE DE SEM,,,Nuit avec éclairage allumé,En agglomération,Intersection en X,Pluie légère,Autre collision,,,,,,,,,,,5,2,2,2.0,6.0
201100027279,0011-02-09 17:10:00,11,2,9,17,10,330,281,RUE LOUIS DAVID,,,Plein jour,En agglomération,Hors intersection,Normale,Autre collision,,,,,,,,,,,1,2,1,1.0,6.0
201100027280,0011-02-14 19:24:00,11,2,14,19,24,330,63,RUE PAUL BERTHELOT,,,Nuit avec éclairage allumé,Hors agglomération,Intersection en X,Normale,Autre collision,,,,,,,,,,,5,1,2,1.0,6.0
201100027281,0011-02-16 07:45:00,11,2,16,7,45,330,318,AVE DU BOURGAILH,,,Plein jour,En agglomération,Hors intersection,Normale,Sans collision,,,,,,,,,,,1,2,1,1.0,7.0
201100027282,0011-02-16 15:45:00,11,2,16,15,45,330,63,RUE PIERRE TREBOD,,,Plein jour,En agglomération,Intersection en X,Normale,Deux véhicules - côté,,,,,,,,,,,1,2,2,1.0,3.0
201100027283,0011-02-16 07:20:00,11,2,16,7,20,330,63,RUE DE BEIRA,,,Nuit avec éclairage allumé,En agglomération,Intersection en T,Normale,Deux véhicules - côté,,,,,,,,,,,5,2,3,1.0,3.0
201100027284,0011-02-16 13:15:00,11,2,16,13,15,330,63,"22, CRS DE LA MARNE",,,Plein jour,En agglomération,Hors intersection,Normale,Autre collision,,,,,,,,,,,1,2,1,1.0,6.0
201100027285,0011-02-12 12:20:00,11,2,12,12,20,330,192,CRS DU GENERAL DE GAULLE,,,Plein jour,En agglomération,Intersection en T,Pluie légère,Deux véhicules - côté,,,,,,,,,,,1,2,3,2.0,3.0
201100027286,0011-02-15 16:45:00,11,2,15,16,45,330,318,AVE LEON DUGUIT,,,Plein jour,En agglomération,Hors intersection,Pluie légère,Autre collision,,,,,,,,,,,1,2,1,2.0,6.0
201100027287,0011-02-03 08:15:00,11,2,3,8,15,330,192,RUE DE CANTARANNE,,,Crépuscule ou aube,En agglomération,Intersection en X,Pluie légère,Deux véhicules - côté,,,,,,,,,,,2,2,2,2.0,3.0
201100027288,0011-02-16 09:30:00,11,2,16,9,30,330,318,"61 Bis, AVE ROGER CHAUME",,,Plein jour,En agglomération,Hors intersection,Normale,Deux véhicules - arrière,,,,,,,,,,,1,2,1,1.0,2.0
201100027289,0011-02-18 23:50:00,11,2,18,23,50,330,63,RUE DE TAUZIA,,,Nuit avec éclairage allumé,En agglomération,Intersection en T,Normale,Sans collision,,,,,,,,,,,5,2,3,1.0,7.0
201100027290,0011-02-18 08:15:00,11,2,18,8,15,330,249,AVE DU PDT SALVADOR ALLE,,,Plein jour,En agglomération,Intersection en X,Normale,Autre collision,,,,,,,,,,,1,2,2,1.0,6.0
201100027291,0011-02-19 21:10:00,11,2,19,21,10,330,249,"18, RUE CONDORCET",,,Nuit avec éclairage allumé,En agglomération,Intersection en T,Pluie légère,Deux véhicules - frontale,,,,,,,,,,,5,2,3,2.0,1.0
201100027292,0011-02-21 15:40:00,11,2,21,15,40,330,63,"31-33, BD ALBERT 1ER",,,Plein jour,En agglomération,Hors intersection,Pluie légère,Trois véhicules et plus - en chaîne,,,,,,,,,,,1,2,1,2.0,4.0
201100027293,0011-02-22 08:10:00,11,2,22,8,10,330,63,RUE MONI,,,Plein jour,En agglomération,Intersection en X,Normale,Autre collision,,,,,,,,,,,1,2,2,1.0,6.0
201100027294,0011-02-17 17:25:00,11,2,17,17,25,330,192,"27 BIS, RUE DE CHAUT",,,Plein jour,En agglomération,Hors intersection,Normale,Autre collision,,,,,,,,,,,1,2,1,1.0,6.0
201100027295,0011-02-18 21:00:00,11,2,18,21,0,330,69,AVE PIERRE BROSSOLETTE,,,Nuit avec éclairage allumé,En agglomération,Intersection en T,Normale,Deux véhicules - côté,,,,,,,,,,,5,2,3,1.0,3.0
201100027296,0011-02-22 09:00:00,11,2,22,9,0,330,281,AVE FRANCOIS MITTERRAND,,,Plein jour,En agglomération,Intersection en T,Normale,Autre collision,,,,,,,,,,,1,2,3,1.0,6.0
201100027297,0011-02-24 08:55:00,11,2,24,8,55,330,63,BD ALIENOR D'AQUITAINE,,,Plein jour,En agglomération,Intersection en T,Pluie légère,Trois véhicules et plus - en chaîne,,,,,,,,,,,1,2,3,2.0,4.0
201100027298,0011-02-25 02:10:00,11,2,25,2,10,330,63,"165, RUE DAVID JOHNSTON",,,Nuit avec éclairage allumé,En agglomération,Intersection en X,Normale,Deux véhicules - côté,,,,,,,,,,,5,2,2,1.0,3.0
201100027299,0011-02-24 13:40:00,11,2,24,13,40,330,63,PCE DE LA VICTOIRE,,,Plein jour,En agglomération,Hors intersection,Normale,Autre collision,,,,,,,,,,,1,2,1,1.0,6.0
201100027300,0011-02-27 16:25:00,11,2,27,16,25,330,63,RUE LUCIEN FAURE,,,Plein jour,En agglomération,Intersection en T,Normale,Deux véhicules - arrière,,,,,,,,,,,1,2,3,1.0,2.0
201100027301,0011-02-25 15:15:00,11,2,25,15,15,330,63,"111-113, BD ALFRED DANEY",,,Plein jour,En agglomération,Hors intersection,Normale,Trois véhicules et plus - en chaîne,,,,,,,,,,,1,2,1,1.0,4.0
201100027302,0011-02-25 20:13:00,11,2,25,20,13,330,63,QUAI SAINTE- CROIX,,,Crépuscule ou aube,En agglomération,Hors intersection,Normale,Autre collision,,,,,,,,,,,2,2,1,1.0,6.0
201100027303,0011-02-25 20:15:00,11,2,25,20,15,330,63,CRS DE VERDUN,,,Nuit avec éclairage allumé,En agglomération,Intersection à plus de 4 branches,Normale,Deux véhicules - côté,,,,,,,,,,,5,2,5,1.0,3.0
201100027304,0011-02-25 03:40:00,11,2,25,3,40,330,63,RUE ADRIEN BAYSSELANCE,,,Nuit avec éclairage allumé,En agglomération,Intersection à plus de 4 branches,Normale,Deux véhicules - arrière,,,,,,,,,,,5,2,5,1.0,2.0
201100027305,0011-02-25 08:00:00,11,2,25,8,0,330,63,RUE NUYENS,,,Plein jour,En agglomération,Intersection en X,Normale,Autre collision,,,,,,,,,,,1,2,2,1.0,6.0
201100027306,0011-02-21 21:15:00,11,2,21,21,15,330,318,AVE DU GENERAL LECLERC,,,Nuit avec éclairage allumé,En agglomération,Intersection à plus de 4 branches,Pluie légère,Deux véhicules - arrière,,,,,,,,,,,5,2,5,2.0,2.0
201100027307,0011-02-21 08:55:00,11,2,21,8,55,330,192,AVE DE LA GRANDE LANDE,,,Plein jour,En agglomération,Intersection à plus de 4 branches,Normale,Deux véhicules - côté,,,,,,,,,,,1,2,5,1.0,3.0
201100027308,0011-02-26 04:13:00,11,2,26,4,13,330,63,CRS EDOUARD VAILLANT,,,Nuit avec éclairage allumé,En agglomération,Intersection en T,Normale,Deux véhicules - côté,,,,,,,,,,,5,2,3,1.0,3.0
201100027309,0011-02-21 18:46:00,11,2,21,18,46,330,281,AVE DE LA LIBERATION,,,Nuit avec éclairage allumé,En agglomération,Giratoire,Pluie légère,Trois véhicules et plus - en chaîne,,,,,,,,,,,5,2,6,2.0,4.0
201100027310,0011-02-26 02:50:00,11,2,26,2,50,330,63,QUAI DE PALUDATE,,,Nuit avec éclairage allumé,En agglomération,Intersection en X,Normale,Deux véhicules - côté,,,,,,,,,,,5,2,2,1.0,3.0
201100027311,0011-02-28 08:15:00,11,2,28,8,15,330,63,"4, CRS DU MEDOC",,,Plein jour,En agglomération,Hors intersection,Normale,Deux véhicules - côté,,,,,,,,,,,1,2,1,1.0,3.0
201100027312,0011-02-28 09:00:00,11,2,28,9,0,330,63,"18, RUE FRAGONARD CAUD",,,Plein jour,En agglomération,Hors intersection,Normale,Autre collision,,,,,,,,,,,1,2,1,1.0,6.0
201100027313,0011-02-24 09:00:00,11,2,24,9,0,330,281,AVE FRANCOIS MITTERRAND,,,Plein jour,En agglomération,Giratoire,Normale,Deux véhicules - arrière,,,,,,,,,,,1,2,6,1.0,2.0
201100027314,0011-02-25 06:40:00,11,2,25,6,40,330,281,"9, ALL DE MAGUDAS",,,Crépuscule ou aube,En agglomération,Hors intersection,Normale,Deux véhicules - arrière,,,,,,,,,,,2,2,1,1.0,2.0
201100027315,0011-02-18 11:50:00,11,2,18,11,50,330,550,AVE MIRIEU DE LABARRE,,,Plein jour,En agglomération,Giratoire,Normale,Deux véhicules - côté,,,,,,,,,,,1,2,6,1.0,3.0
201100027316,0011-02-28 11:50:00,11,2,28,11,50,330,63,"72, AVE THIERS",,,Plein jour,En agglomération,Hors intersection,Normale,Autre collision,,,,,,,,,,,1,2,1,1.0,6.0
201100027317,0011-02-26 14:10:00,11,2,26,14,10,330,63,BD GEORGE V,,,Plein jour,En agglomération,Intersection en Y,Normale,Trois véhicules et plus - collisions multiples,,,,,,,,,,,1,2,4,1.0,5.0
201100027318,0011-03-01 13:30:00,11,3,1,13,30,330,63,"139, BD GODARD",,,Plein jour,En agglomération,Hors intersection,Normale,Deux véhicules - côté,,,,,,,,,,,1,2,1,1.0,3.0
201100027319,0011-03-01 17:30:00,11,3,1,17,30,330,63,CRS DE LA SOMME,,,Plein jour,En agglomération,Hors intersection,Normale,Deux véhicules - frontale,,,,,,,,,,,1,2,1,1.0,1.0
201100027320,0011-03-01 18:05:00,11,3,1,18,5,330,63,RUE DE L'OBSERVANCE,,,Plein jour,En agglomération,Intersection en X,Normale,Autre collision,,,,,,,,,,,1,2,2,1.0,6.0
201100027321,0011-03-01 16:00:00,11,3,1,16,0,330,63,CRS ARISTIDE BRIAND,,,Plein jour,En agglomération,Intersection en X,Normale,Deux véhicules - côté,,,,,,,,,,,1,2,2,1.0,3.0
201100027322,0011-03-02 15:03:00,11,3,2,15,3,330,63,"266, BD ALBERT 1ER",,,Plein jour,En agglomération,Intersection en X,Normale,Deux véhicules - côté,,,,,,,,,,,1,2,2,1.0,3.0
201100027323,0011-03-01 16:00:00,11,3,1,16,0,330,281,AVE DU BEDAT,,,Plein jour,En agglomération,Intersection à plus de 4 branches,Normale,Autre collision,,,,,,,,,,,1,2,5,1.0,6.0
201100027324,0011-03-03 17:10:00,11,3,3,17,10,330,63,"71, CRS D'ALBRET",,,Plein jour,En agglomération,Hors intersection,Normale,Autre collision,,,,,,,,,,,1,2,1,1.0,6.0
201100027325,0011-03-04 08:10:00,11,3,4,8,10,330,63,"191, RUE CAMILLE GODARD",,,Plein jour,En agglomération,Intersection en X,Normale,Autre collision,,,,,,,,,,,1,2,2,1.0,6.0
201100027326,0011-03-05 16:50:00,11,3,5,16,50,330,63,PSUP ECHANGEUR DE LABARD,,,Plein jour,En agglomération,Intersection en T,Normale,Autre collision,,,,,,,,,,,1,2,3,1.0,6.0
201100027327,0011-03-07 17:45:00,11,3,7,17,45,330,69,PCE RAVEZIES,,,Plein jour,En agglomération,Giratoire,Normale,Deux véhicules - côté,,,,,,,,,,,1,2,6,1.0,3.0
201100027328,0011-02-25 20:50:00,11,2,25,20,50,330,522,"262, CRS DE LA LIBERATIO",,,Nuit avec éclairage allumé,En agglomération,Hors intersection,Normale,Sans collision,,,,,,,,,,,5,2,1,1.0,7.0
201100027329,0011-03-04 10:30:00,11,3,4,10,30,330,281,AVE DE MAGUDAS,,,Plein jour,En agglomération,Intersection en X,Normale,Deux véhicules - côté,,,,,,,,,,,1,2,2,1.0,3.0
201100027330,0011-03-03 15:45:00,11,3,3,15,45,330,281,AVE DE VERDUN,,,Plein jour,En agglomération,Intersection en X,Normale,Autre collision,,,,,,,,,,,1,2,2,1.0,6.0
201100027331,0011-03-09 17:45:00,11,3,9,17,45,330,63,RUE CONRAD GAUSSEN,,,Plein jour,En agglomération,Intersection en X,Normale,Autre collision,,,,,,,,,,,1,2,2,1.0,6.0
201100027332,0011-03-09 21:55:00,11,3,9,21,55,330,63,CRS ARISTIDE BRIAND,,,Nuit avec éclairage allumé,En agglomération,Intersection en X,Normale,Autre collision,,,,,,,,,,,5,2,2,1.0,6.0
201100027333,0011-03-01 17:15:00,11,3,1,17,15,330,522,"9, RUE FRANCOIS RABELAIS",,,Plein jour,En agglomération,Intersection en T,Normale,Autre collision,,,,,,,,,,,1,2,3,1.0,6.0
201100027334,0011-03-07 11:25:00,11,3,7,11,25,330,318,"84, AVE DU GENERAL LECLE",,,Plein jour,En agglomération,Hors intersection,Normale,Deux véhicules - côté,,,,,,,,,,,1,2,1,1.0,3.0
201100027335,0011-03-04 21:10:00,11,3,4,21,10,330,192,"24, RUE DE POUMEY",,,Nuit avec éclairage allumé,En agglomération,Intersection en T,Normale,Deux véhicules - côté,,,,,,,,,,,5,2,3,1.0,3.0
201100027336,0011-03-10 17:43:00,11,3,10,17,43,330,63,BD ALFRED DANEY,,,Plein jour,En agglomération,Hors intersection,Normale,Autre collision,,,,,,,,,,,1,2,1,1.0,6.0
201100027337,0011-03-07 17:30:00,11,3,7,17,30,330,281,"197, AVE DE LA MARNE",,,Plein jour,En agglomération,Hors intersection,Normale,Autre collision,,,,,,,,,,,1,2,1,1.0,6.0
201100027338,0011-03-04 14:30:00,11,3,4,14,30,330,69,"291, AVE DE LA LIBERATIO",,,Plein jour,En agglomération,Hors intersection,Normale,Autre collision,,,,,,,,,,,1,2,1,1.0,6.0
201100027339,0011-03-10 17:30:00,11,3,10,17,30,330,63,RUE STEHELIN CAUD,,,Plein jour,En agglomération,Intersection en Y,Normale,Deux véhicules - côté,,,,,,,,,,,1,2,4,1.0,3.0
201100027340,0011-03-05 13:50:00,11,3,5,13,50,330,192,RUE DE LA MIGNONNE,,,Plein jour,En agglomération,Intersection en T,Normale,Autre collision,,,,,,,,,,,1,2,3,1.0,6.0
201100027341,0011-03-04 17:55:00,11,3,4,17,55,330,550,AVE DU MARECHAL LECLERC,,,Plein jour,En agglomération,Giratoire,Normale,Autre collision,,,,,,,,,,,1,2,6,1.0,6.0
201100027342,0011-03-12 14:10:00,11,3,12,14,10,330,281,RUE GAY-LUSSAC,,,Plein jour,En agglomération,Intersection en X,Normale,Deux véhicules - côté,,,,,,,,,,,1,2,2,1.0,3.0
201100027343,0011-03-13 17:50:00,11,3,13,17,50,330,281,AVE DE LA FORET,,,Plein jour,En agglomération,Intersection en X,Normale,Sans collision,,,,,,,,,,,1,2,2,1.0,7.0
201100027344,0011-03-12 02:30:00,11,3,12,2,30,330,63,CRS DE LA MARNE,,,Nuit avec éclairage allumé,En agglomération,Intersection en T,Normale,Autre collision,,,,,,,,,,,5,2,3,1.0,6.0
201100027345,0011-03-12 07:45:00,11,3,12,7,45,330,63,RUE DE SAINT GENES,,,Plein jour,En agglomération,Place,Pluie légère,Autre collision,,,,,,,,,,,1,2,7,2.0,6.0
201100027346,0011-03-13 07:00:00,11,3,13,7,0,330,63,RDPT MARIE FEL,,,Plein jour,En agglomération,Giratoire,Normale,Autre collision,,,,,,,,,,,1,2,6,1.0,6.0
201100027347,0011-03-11 16:40:00,11,3,11,16,40,330,63,"36, CRS VICTOR HUGO",,,Plein jour,En agglomération,Intersection en T,Normale,Deux véhicules - côté,,,,,,,,,,,1,2,3,1.0,3.0
201100027348,0011-03-13 03:10:00,11,3,13,3,10,330,63,CRS DE LA MARNE,,,Nuit avec éclairage allumé,En agglomération,Intersection en T,Normale,Deux véhicules - côté,,,,,,,,,,,5,2,3,1.0,3.0
201100027349,0011-03-14 02:40:00,11,3,14,2,40,330,63,RUE DE TAUZIA,,,Nuit avec éclairage allumé,En agglomération,Intersection en T,Normale,Autre collision,,,,,,,,,,,5,2,3,1.0,6.0
201100027350,0011-03-11 16:35:00,11,3,11,16,35,330,63,"7, CRS DU MEDOC",,,Plein jour,En agglomération,Hors intersection,Normale,Autre collision,,,,,,,,,,,1,2,1,1.0,6.0
201100027351,0011-03-08 20:15:00,11,3,8,20,15,330,318,AVE DU PONT DE L'ORIENT,,,Nuit avec éclairage allumé,En agglomération,Intersection à plus de 4 branches,Normale,Autre collision,,,,,,,,,,,5,2,5,1.0,6.0
201100027352,0011-03-11 23:40:00,11,3,11,23,40,330,63,RUE BRIZARD,,,Nuit avec éclairage allumé,En agglomération,Intersection en X,Normale,Deux véhicules - côté,,,,,,,,,,,5,2,2,1.0,3.0
201100027353,0011-03-11 13:05:00,11,3,11,13,5,330,63,RUE DE SAINT GENES,,,Plein jour,En agglomération,Intersection en T,Normale,Deux véhicules - côté,,,,,,,,,,,1,2,3,1.0,3.0
201100027354,0011-03-11 17:25:00,11,3,11,17,25,330,63,"226, BD DU PRESIDENT WIL",,,Plein jour,En agglomération,Intersection en X,Normale,Autre collision,,,,,,,,,,,1,2,2,1.0,6.0
201100027355,0011-03-14 18:30:00,11,3,14,18,30,330,63,"198, CRS DE LA MARNE",,,Plein jour,En agglomération,Hors intersection,Normale,Trois véhicules et plus - en chaîne,,,,,,,,,,,1,2,1,1.0,4.0
201100027356,0011-03-14 20:40:00,11,3,14,20,40,330,63,PCE TOURNY,,,Nuit avec éclairage allumé,En agglomération,Giratoire,Normale,Autre collision,,,,,,,,,,,5,2,6,1.0,6.0
201100027357,0011-03-11 07:05:00,11,3,11,7,5,330,192,RUE DU CHOUINEY,,,Crépuscule ou aube,En agglomération,Intersection en X,Normale,Autre collision,,,,,,,,,,,2,2,2,1.0,6.0
201100027358,0011-03-11 12:45:00,11,3,11,12,45,330,281,"48, RUE DU JARD",,,Plein jour,En agglomération,Hors intersection,Normale,Autre collision,,,,,,,,,,,1,2,1,1.0,6.0
201100027359,0011-03-10 12:00:00,11,3,10,12,0,330,75,AVE DE L EUROPE,,,Plein jour,En agglomération,Intersection en X,Normale,Deux véhicules - côté,,,,,,,,,,,1,2,2,1.0,3.0
201100027360,0011-03-12 05:40:00,11,3,12,5,40,330,119,RUE DU PROFESSEUR LANGEV,,,Nuit avec éclairage allumé,En agglomération,Intersection en X,Pluie légère,Deux véhicules - côté,,,,,,,,,,,5,2,2,2.0,3.0
201100027361,0011-03-12 20:20:00,11,3,12,20,20,330,69,BD DU MARECHAL LYAUTEY,,,Nuit avec éclairage allumé,En agglomération,Intersection en T,Normale,Deux véhicules - côté,,,,,,,,,,,5,2,3,1.0,3.0
201100027362,0011-03-15 17:20:00,11,3,15,17,20,330,63,QUAI DES CHARTRONS,,,Plein jour,En agglomération,Hors intersection,Normale,Deux véhicules - côté,,,,,,,,,,,1,2,1,1.0,3.0
201100027363,0011-03-15 09:05:00,11,3,15,9,5,330,63,RUE BEAUFLEURY,,,Plein jour,En agglomération,Intersection en T,Normale,Autre collision,,,,,,,,,,,1,2,3,1.0,6.0
201100027364,0011-03-09 11:30:00,11,3,9,11,30,330,281,AVE DU MARECHAL LECLERC,,,Plein jour,En agglomération,Intersection en X,Normale,Autre collision,,,,,,,,,,,1,2,2,1.0,6.0
201100027365,0011-03-12 23:25:00,11,3,12,23,25,330,32,AVE JEAN JAURES,,,Nuit avec éclairage allumé,En agglomération,Intersection à plus de 4 branches,Normale,Autre collision,,,,,,,,,,,5,2,5,1.0,6.0
201100027366,0011-03-09 13:45:00,11,3,9,13,45,330,522,PCE DU PRESIDENT WILSON,,,Plein jour,En agglomération,Intersection en Y,Normale,Deux véhicules - côté,,,,,,,,,,,1,2,4,1.0,3.0
201100027367,0011-03-16 17:15:00,11,3,16,17,15,330,63,"14, QUAI SAINTE- CROIX",,,Plein jour,En agglomération,Hors intersection,Normale,Autre collision,,,,,,,,,,,1,2,1,1.0,6.0
201100027368,0011-03-11 16:15:00,11,3,11,16,15,330,39,RUE LOUIS ROCHEMOND,,,Plein jour,En agglomération,Intersection en X,Normale,Deux véhicules - côté,,,,,,,,,,,1,2,2,1.0,3.0
201100027369,0011-03-19 14:30:00,11,3,19,14,30,330,63,"62, RUE PAUL COURTEAULT",,,Plein jour,En agglomération,Hors intersection,Normale,Autre collision,,,,,,,,,,,1,2,1,1.0,6.0
201100027370,0011-03-18 08:15:00,11,3,18,8,15,330,63,RUE GENESTA CAUD,,,Plein jour,En agglomération,Intersection en Y,Normale,Deux véhicules - côté,,,,,,,,,,,1,2,4,1.0,3.0
201100027371,0011-03-18 21:30:00,11,3,18,21,30,330,63,RUE CARLE VERNET,,,Nuit avec éclairage allumé,En agglomération,Hors intersection,Normale,Deux véhicules - arrière,,,,,,,,,,,5,2,1,1.0,2.0
201100027372,0011-03-19 11:50:00,11,3,19,11,50,330,63,AVE DES QUARANTE JOURNAU,,,Plein jour,En agglomération,Intersection en T,Normale,Deux véhicules - côté,,,,,,,,,,,1,2,3,1.0,3.0
201100027373,0011-03-18 18:55:00,11,3,18,18,55,330,63,"25, RUE LAFONTAINE",,,Plein jour,En agglomération,Hors intersection,Normale,Autre collision,,,,,,,,,,,1,2,1,1.0,6.0
201100027374,0011-03-18 08:55:00,11,3,18,8,55,330,63,RUE STEHELIN CAUD,,,Plein jour,En agglomération,Intersection en Y,Temps éblouissant,Deux véhicules - côté,,,,,,,,,,,1,2,4,7.0,3.0
201100027375,0011-03-20 22:25:00,11,3,20,22,25,330,318,AVE DU BOURGAILH,,,Nuit avec éclairage allumé,En agglomération,Intersection en X,Normale,Deux véhicules - côté,,,,,,,,,,,5,2,2,1.0,3.0
201100027376,0011-03-22 11:05:00,11,3,22,11,5,330,63,"10, RUE FRANCOIS LEVEQUE",,,Plein jour,En agglomération,Hors intersection,Normale,Autre collision,,,,,,,,,,,1,2,1,1.0,6.0
201100027377,0011-03-21 07:30:00,11,3,21,7,30,330,281,"12, RUE MARCELIN BERTHEL",,,Plein jour,En agglomération,Hors intersection,Normale,Autre collision,,,,,,,,,,,1,2,1,1.0,6.0
201100027378,0011-03-22 18:40:00,11,3,22,18,40,330,63,RUE CHARLES MARIONNEAU,,,Plein jour,En agglomération,Intersection en X,Normale,Autre collision,,,,,,,,,,,1,2,2,1.0,6.0
201100027379,0011-03-15 18:10:00,11,3,15,18,10,330,281,"28, AVE DE LA LIBERATION",,,Plein jour,En agglomération,Hors intersection,Pluie légère,Autre collision,,,,,,,,,,,1,2,1,2.0,6.0
201100027380,0011-03-16 21:50:00,11,3,16,21,50,330,318,ALL ALL?E DES JACQUETS,,,Nuit avec éclairage allumé,En agglomération,Intersection en T,Normale,Deux véhicules - frontale,,,,,,,,,,,5,2,3,1.0,1.0