accident_id,datetime,annee,mois,jour,heure,minute,departement,commune_insee,adresse,latitude,longitude,luminosite,agglomeration,intersection,meteo,collision,nb_vehicules,nb_usagers,nb_indemnes,nb_tues,nb_blesses_hosp,nb_blesses_legers,age_cond_1,age_cond_2,veh_type_cond_1,veh_type_cond_2,lum_code,agg_code,int_code,atm_code,col_code
201100027381,0011-03-18 17:05:00,11,3,18,17,5,330,119,"56, AVE RENE CASSAGNE",,,Plein jour,En agglomération,Hors intersection,Neige / grêle,Autre collision,,,,,,,,,,,1,2,1,4.0,6.0
201100027382,0011-03-22 07:45:00,11,3,22,7,45,330,32,RUE AMPERE,,,Plein jour,En agglomération,Intersection en X,Normale,Autre collision,,,,,,,,,,,1,2,2,1.0,6.0
201100027383,0011-03-22 17:20:00,11,3,22,17,20,330,249,AVE CARNOT,,,Plein jour,En agglomération,Hors intersection,Normale,Autre collision,,,,,,,,,,,1,2,1,1.0,6.0
201100027384,0011-03-22 23:00:00,11,3,22,23,0,330,119,AVE CARNOT,,,Nuit avec éclairage allumé,En agglomération,Hors intersection,Normale,Autre collision,,,,,,,,,,,5,2,1,1.0,6.0
201100027385,0011-03-23 11:25:00,11,3,23,11,25,330,119,AVE RENE CASSAGNE,,,Plein jour,En agglomération,Intersection en Y,Normale,Deux véhicules - arrière,,,,,,,,,,,1,2,4,1.0,2.0
201100027386,0011-03-22 17:30:00,11,3,22,17,30,330,318,AVE DU POITOU,,,Plein jour,En agglomération,Giratoire,Normale,Deux véhicules - côté,,,,,,,,,,,1,2,6,1.0,3.0
201100027387,0011-03-24 06:50:00,11,3,24,6,50,330,63,"119, BD ANTOINE GAUTIER",,,Plein jour,En agglomération,Intersection en X,Normale,Deux véhicules - arrière,,,,,,,,,,,1,2,2,1.0,2.0
201100027388,0011-03-24 06:45:00,11,3,24,6,45,330,63,PCE DE STALINGRAD,,,Plein jour,En agglomération,Intersection en Y,Normale,Deux véhicules - côté,,,,,,,,,,,1,2,4,1.0,3.0
201100027389,0011-03-25 09:50:00,11,3,25,9,50,330,63,RUE BOUTHIER,,,Plein jour,En agglomération,Intersection en X,Normale,Deux véhicules - côté,,,,,,,,,,,1,2,2,1.0,3.0
201100027390,0011-03-24 10:20:00,11,3,24,10,20,330,32,"36, AVE JEAN JAURES",,,Plein jour,En agglomération,Hors intersection,Normale,Sans collision,,,,,,,,,,,1,2,1,1.0,7.0
201100027391,0011-03-27 17:40:00,11,3,27,17,40,330,550,"21, CHEM DU PAS DE LA CO",,,Plein jour,En agglomération,Intersection en T,Normale,Trois véhicules et plus - collisions multiples,,,,,,,,,,,1,2,3,1.0,5.0
201100027392,0011-03-24 02:20:00,11,3,24,2,20,330,318,AVE DU DOCTEUR ALBERT SC,,,Nuit avec éclairage allumé,En agglomération,Giratoire,Normale,Autre collision,,,,,,,,,,,5,2,6,1.0,6.0
201100027393,0011-03-26 01:15:00,11,3,26,1,15,330,63,RUE EDMOND MICHELET,,,Nuit avec éclairage allumé,En agglomération,Intersection en T,Normale,Autre collision,,,,,,,,,,,5,2,3,1.0,6.0
201100027394,0011-03-22 22:10:00,11,3,22,22,10,330,39,BD JEAN-JACQUES BOSC,,,Nuit avec éclairage allumé,En agglomération,Intersection en X,Normale,Deux véhicules - côté,,,,,,,,,,,5,2,2,1.0,3.0
201100027395,0011-03-23 19:45:00,11,3,23,19,45,330,318,AVE DE NOES,,,Nuit avec éclairage allumé,En agglomération,Giratoire,Normale,Deux véhicules - côté,,,,,,,,,,,5,2,6,1.0,3.0
201100027396,0011-03-27 04:10:00,11,3,27,4,10,330,63,BD GEORGE V,,,Nuit avec éclairage allumé,En agglomération,Intersection en X,Pluie légère,Deux véhicules - frontale,,,,,,,,,,,5,2,2,2.0,1.0
201100027397,0011-03-23 18:40:00,11,3,23,18,40,330,281,AVE DE LA GRANGE NOIRE,,,Nuit sans éclairage public,En agglomération,Intersection en X,Normale,Autre collision,,,,,,,,,,,3,2,2,1.0,6.0
201100027398,0011-03-26 21:10:00,11,3,26,21,10,330,119,BD ENTRE DEUX MERS,,,Nuit avec éclairage allumé,En agglomération,Intersection en T,Pluie légère,Deux véhicules - frontale,,,,,,,,,,,5,2,3,2.0,1.0
201100027399,0011-03-28 18:15:00,11,3,28,18,15,330,63,RUE BARREYRE,,,Plein jour,En agglomération,Intersection en X,Pluie légère,Autre collision,,,,,,,,,,,1,2,2,2.0,6.0
201100027400,0011-03-25 19:30:00,11,3,25,19,30,330,63,"40, CRS DE LA MARNE",,,Nuit avec éclairage allumé,En agglomération,Hors intersection,Normale,Autre collision,,,,,,,,,,,5,2,1,1.0,6.0
201100027401,0011-03-25 17:15:00,11,3,25,17,15,330,167,COTE DE MONREPOS,,,Plein jour,En agglomération,Intersection en Y,Normale,Deux véhicules - côté,,,,,,,,,,,1,2,4,1.0,3.0
201100027402,0011-03-24 17:00:00,11,3,24,17,0,330,318,"86, AVE LEON BLUM",,,Plein jour,En agglomération,Hors intersection,Normale,Autre collision,,,,,,,,,,,1,2,1,1.0,6.0
201100027403,0011-03-23 09:25:00,11,3,23,9,25,330,522,"40, RUE PACARIS",,,Plein jour,En agglomération,Intersection en X,Normale,Autre collision,,,,,,,,,,,1,2,2,1.0,6.0
201100027404,0011-03-29 17:00:00,11,3,29,17,0,330,63,"43, RUE DESPUJOL",,,Plein jour,En agglomération,Hors intersection,Pluie légère,Autre collision,,,,,,,,,,,1,2,1,2.0,6.0
201100027405,0011-03-29 07:55:00,11,3,29,7,55,330,75,RUE DU PONT NEUF,,,Plein jour,En agglomération,Hors intersection,Pluie légère,Deux véhicules - frontale,,,,,,,,,,,1,2,1,2.0,1.0
201100027406,0011-03-23 08:56:00,11,3,23,8,56,330,522,RUE FRANCOIS RABELAIS,,,Plein jour,En agglomération,Hors intersection,Normale,Autre collision,,,,,,,,,,,1,2,1,1.0,6.0
201100027407,0011-03-29 13:15:00,11,3,29,13,15,330,63,"306, CRS DE LA SOMME",,,Plein jour,En agglomération,Intersection à plus de 4 branches,Normale,Autre collision,,,,,,,,,,,1,2,5,1.0,6.0
201100027408,0011-03-29 15:45:00,11,3,29,15,45,330,119,RUE CAMILLE PELLETAN,,,Plein jour,En agglomération,Intersection en X,Pluie légère,Deux véhicules - frontale,,,,,,,,,,,1,2,2,2.0,1.0
201100027409,0011-03-30 10:30:00,11,3,30,10,30,330,63,PCE DES QUINCONCES,,,Plein jour,En agglomération,Intersection en X,Normale,Deux véhicules - côté,,,,,,,,,,,1,2,2,1.0,3.0
201100027410,0011-03-28 18:20:00,11,3,28,18,20,330,63,AVE D'ARES CAUD,,,Plein jour,En agglomération,Hors intersection,Normale,Deux véhicules - côté,,,,,,,,,,,1,2,1,1.0,3.0
201100027411,0011-03-31 04:45:00,11,3,31,4,45,330,63,"36, RUE DE GIRONDE",,,Nuit avec éclairage allumé,En agglomération,Hors intersection,Normale,Autre collision,,,,,,,,,,,5,2,1,1.0,6.0
201100027412,0011-03-29 07:25:00,11,3,29,7,25,330,318,AVE DE MAGELLAN,,,Plein jour,En agglomération,Intersection en X,Pluie légère,Deux véhicules - côté,,,,,,,,,,,1,2,2,2.0,3.0
201100027413,0011-03-25 17:45:00,11,3,25,17,45,330,39,CHEM BARBEDEGAT,,,Plein jour,En agglomération,Intersection en T,Normale,Autre collision,,,,,,,,,,,1,2,3,1.0,6.0
201100027414,0011-04-03 17:10:00,11,4,3,17,10,330,63,CRS CHARLES BRICAUD,,,Plein jour,En agglomération,Hors intersection,Pluie légère,Autre collision,,,,,,,,,,,1,2,1,2.0,6.0
201100027415,0011-04-03 02:20:00,11,4,3,2,20,330,63,"133, RUE MAZARIN",,,Nuit avec éclairage allumé,En agglomération,Hors intersection,Temps couvert,Autre collision,,,,,,,,,,,5,2,1,8.0,6.0
201100027416,0011-04-03 04:25:00,11,4,3,4,25,330,63,"40, CRS EDOUARD VAILLANT",,,Nuit avec éclairage allumé,En agglomération,Hors intersection,Normale,Autre collision,,,,,,,,,,,5,2,1,1.0,6.0
201100027417,0011-03-31 07:40:00,11,3,31,7,40,330,281,AVE ARISTIDE BRIAND,,,Crépuscule ou aube,En agglomération,Intersection en X,Pluie légère,Deux véhicules - côté,,,,,,,,,,,2,2,2,2.0,3.0
201100027418,0011-04-03 18:10:00,11,4,3,18,10,330,63,RUE WUSTENBERG,,,Plein jour,En agglomération,Intersection en Y,Normale,Autre collision,,,,,,,,,,,1,2,4,1.0,6.0
201100027419,0011-04-01 16:15:00,11,4,1,16,15,330,63,RUE CROIX DE SEGUEY,,,Plein jour,En agglomération,Intersection en T,Normale,Deux véhicules - côté,,,,,,,,,,,1,2,3,1.0,3.0
201100027420,0011-04-01 19:45:00,11,4,1,19,45,330,63,AVE THIERS,,,Plein jour,En agglomération,Intersection en T,Normale,Autre collision,,,,,,,,,,,1,2,3,1.0,6.0
201100027421,0011-04-01 11:00:00,11,4,1,11,0,330,63,RUE DE CONDE,,,Plein jour,En agglomération,Intersection en X,Normale,Deux véhicules - côté,,,,,,,,,,,1,2,2,1.0,3.0
201100027422,0011-04-04 23:20:00,11,4,4,23,20,330,63,RUE DE BEGLES,,,Nuit avec éclairage allumé,En agglomération,Intersection en X,Normale,Autre collision,,,,,,,,,,,5,2,2,1.0,6.0
201100027423,0011-04-04 22:10:00,11,4,4,22,10,330,63,RUE DES TREUILS,,,Nuit avec éclairage allumé,En agglomération,Intersection à plus de 4 branches,Normale,Autre collision,,,,,,,,,,,5,2,5,1.0,6.0
201100027424,0011-04-04 12:30:00,11,4,4,12,30,330,63,"17, RTE DE TOULOUSE",,,Plein jour,En agglomération,Hors intersection,Temps éblouissant,Autre collision,,,,,,,,,,,1,2,1,7.0,6.0
201100027425,0011-04-04 08:00:00,11,4,4,8,0,330,63,RUE DE CAPEYRON CAUD,,,Plein jour,En agglomération,Intersection en T,Normale,Autre collision,,,,,,,,,,,1,2,3,1.0,6.0
201100027426,0011-03-30 19:35:00,11,3,30,19,35,330,281,"20, AVE DE L'ALOUETTE",,,Plein jour,En agglomération,Hors intersection,Pluie légère,Autre collision,,,,,,,,,,,1,2,1,2.0,6.0
201100027427,0011-03-28 18:00:00,11,3,28,18,0,330,192,CRS DU GENERAL DE GAULLE,,,Plein jour,En agglomération,Intersection à plus de 4 branches,Normale,Trois véhicules et plus - collisions multiples,,,,,,,,,,,1,2,5,1.0,5.0
201100027428,0011-04-04 19:10:00,11,4,4,19,10,330,249,RTE DE BASSENS,,,Plein jour,Hors agglomération,Hors intersection,Normale,Deux véhicules - arrière,,,,,,,,,,,1,1,1,1.0,2.0
201100027429,0011-04-01 16:00:00,11,4,1,16,0,330,69,"13, AVE DE LA LIBERATION",,,Plein jour,En agglomération,Hors intersection,Normale,Autre collision,,,,,,,,,,,1,2,1,1.0,6.0
201100027430,0011-04-04 08:25:00,11,4,4,8,25,330,249,RUE LOUIS BEYDTS,,,Plein jour,En agglomération,Passage à niveau,Normale,Deux véhicules - côté,,,,,,,,,,,1,2,8,1.0,3.0
201100027431,0011-03-31 07:50:00,11,3,31,7,50,330,281,"99, AVE DE MAGUDAS",,,Crépuscule ou aube,En agglomération,Hors intersection,Pluie légère,Autre collision,,,,,,,,,,,2,2,1,2.0,6.0
201100027432,0011-04-02 07:03:00,11,4,2,7,3,330,318,"14, AVE JEAN CORDIER",,,Crépuscule ou aube,En agglomération,Intersection en X,Normale,Deux véhicules - frontale,,,,,,,,,,,2,2,2,1.0,1.0
201100027433,0011-04-04 08:35:00,11,4,4,8,35,330,281,"254, AVE DE LA MARNE",,,Plein jour,En agglomération,Hors intersection,Normale,Autre collision,,,,,,,,,,,1,2,1,1.0,6.0
201100027434,0011-04-01 19:06:00,11,4,1,19,6,330,75,AVE CONRAD GAUSSENS,,,Plein jour,En agglomération,Intersection en T,Normale,Trois véhicules et plus - collisions multiples,,,,,,,,,,,1,2,3,1.0,5.0
201100027435,0011-04-07 10:00:00,11,4,7,10,0,330,63,"13, PCE GAMBETTA",,,Plein jour,En agglomération,Intersection en T,Normale,Autre collision,,,,,,,,,,,1,2,3,1.0,6.0
201100027436,0011-04-06 07:25:00,11,4,6,7,25,330,63,AVE DE MERIGNAC CAUD,,,Plein jour,En agglomération,Intersection en T,Normale,Autre collision,,,,,,,,,,,1,2,3,1.0,6.0
201100027437,0011-04-07 15:45:00,11,4,7,15,45,330,63,"147, CRS DU MARECHAL GAL",,,Plein jour,En agglomération,Intersection en T,Normale,Deux véhicules - arrière,,,,,,,,,,,1,2,3,1.0,2.0
201100027438,0011-04-08 07:30:00,11,4,8,7,30,330,63,CRS BALGUERIE STUTTENBER,,,Plein jour,En agglomération,Intersection en X,Normale,Deux véhicules - côté,,,,,,,,,,,1,2,2,1.0,3.0
201100027439,0011-04-05 16:35:00,11,4,5,16,35,330,550,RUE DE LA CROIX DE MONJO,,,Plein jour,En agglomération,Intersection en T,Normale,Trois véhicules et plus - collisions multiples,,,,,,,,,,,1,2,3,1.0,5.0
201100027440,0011-04-10 22:10:00,11,4,10,22,10,330,63,RUE DE BEGLES,,,Nuit avec éclairage allumé,En agglomération,Intersection en X,Normale,Deux véhicules - frontale,,,,,,,,,,,5,2,2,1.0,1.0
201100027441,0011-04-09 15:25:00,11,4,9,15,25,330,63,PCE DES CAPUCINS,,,Plein jour,En agglomération,Intersection en X,Normale,Autre collision,,,,,,,,,,,1,2,2,1.0,6.0
201100027442,0011-04-09 01:10:00,11,4,9,1,10,330,63,"06, CRS DE VERDUN",,,Nuit avec éclairage allumé,En agglomération,Hors intersection,Normale,Autre collision,,,,,,,,,,,5,2,1,1.0,6.0
201100027443,0011-04-10 07:35:00,11,4,10,7,35,330,63,CRS DE LA MARTINIQUE,,,Plein jour,En agglomération,Intersection en X,Normale,Autre collision,,,,,,,,,,,1,2,2,1.0,6.0
201100027444,0011-04-08 14:20:00,11,4,8,14,20,330,63,PCE AMELIE RABA LEON,,,Plein jour,En agglomération,Autre intersection,Normale,Deux véhicules - arrière,,,,,,,,,,,1,2,9,1.0,2.0
201100027445,0011-04-10 17:10:00,11,4,10,17,10,330,63,RUE DE LA TOUR D'AUVERGN,,,Plein jour,En agglomération,Intersection en X,Normale,Autre collision,,,,,,,,,,,1,2,2,1.0,6.0
201100027446,0011-04-04 10:50:00,11,4,4,10,50,330,192,AVE DE L'HIPPODROME,,,Plein jour,En agglomération,Intersection en Y,Normale,Deux véhicules - arrière,,,,,,,,,,,1,2,4,1.0,2.0
201100027447,0011-04-06 19:07:00,11,4,6,19,7,330,318,AVE JEAN JAURES,,,Plein jour,En agglomération,Intersection en X,Normale,Autre collision,,,,,,,,,,,1,2,2,1.0,6.0
201100027448,0011-04-11 12:00:00,11,4,11,12,0,330,63,BD ALBERT 1ER,,,Plein jour,En agglomération,Intersection en X,Normale,Deux véhicules - côté,,,,,,,,,,,1,2,2,1.0,3.0
201100027449,0011-04-12 15:30:00,11,4,12,15,30,330,63,RUE DU PALAIS GALLIEN,,,Plein jour,En agglomération,Hors intersection,Normale,Deux véhicules - côté,,,,,,,,,,,1,2,1,1.0,3.0
201100027450,0011-04-07 16:50:00,11,4,7,16,50,330,318,RUE DU DOMAINE DE BACALA,,,Plein jour,En agglomération,Intersection en T,Normale,Deux véhicules - côté,,,,,,,,,,,1,2,3,1.0,3.0
201100027451,0011-04-07 09:02:00,11,4,7,9,2,330,192,AVE DE L'HIPPODROME,,,Plein jour,En agglomération,Giratoire,Normale,Deux véhicules - côté,,,,,,,,,,,1,2,6,1.0,3.0
201100027452,0011-04-07 16:45:00,11,4,7,16,45,330,318,RUE THOMAS EDISON,,,Plein jour,En agglomération,Hors intersection,Normale,Deux véhicules - côté,,,,,,,,,,,1,2,1,1.0,3.0
201100027453,0011-04-12 10:30:00,11,4,12,10,30,330,63,RUE CHARLES MARIONNEAU,,,Plein jour,En agglomération,Intersection en X,Normale,Deux véhicules - côté,,,,,,,,,,,1,2,2,1.0,3.0
201100027454,0011-04-06 09:14:00,11,4,6,9,14,330,522,CRS DE LA LIBERATION,,,Plein jour,En agglomération,Hors intersection,Normale,Autre collision,,,,,,,,,,,1,2,1,1.0,6.0
201100027455,0011-04-09 21:30:00,11,4,9,21,30,330,318,AVE DU CHIQUET,,,Nuit avec éclairage allumé,En agglomération,Intersection en X,Normale,Deux véhicules - côté,,,,,,,,,,,5,2,2,1.0,3.0
201100027456,0011-04-08 14:15:00,11,4,8,14,15,330,281,AVE MARCEL DASSAULT,,,Plein jour,En agglomération,Hors intersection,Normale,Autre collision,,,,,,,,,,,1,2,1,1.0,6.0
201100027457,0011-04-08 08:10:00,11,4,8,8,10,330,281,AVE DE VERDUN,,,Plein jour,En agglomération,Intersection en Y,Normale,Deux véhicules - arrière,,,,,,,,,,,1,2,4,1.0,2.0
201100027458,0011-04-07 16:35:00,11,4,7,16,35,330,281,AVE MARCEL DASSAULT,,,Plein jour,En agglomération,Hors intersection,Normale,Deux véhicules - côté,,,,,,,,,,,1,2,1,1.0,3.0
201100027459,0011-04-10 16:15:00,11,4,10,16,15,330,318,AVE DE MADRAN,,,Plein jour,En agglomération,Intersection en X,Normale,Deux véhicules - côté,,,,,,,,,,,1,2,2,1.0,3.0
201100027460,0011-04-15 01:35:00,11,4,15,1,35,330,69,"111, RUE RAYMOND LAVIGNE",,,Nuit avec éclairage allumé,En agglomération,Hors intersection,Normale,Autre collision,,,,,,,,,,,5,2,1,1.0,6.0
201100027461,0011-04-08 17:30:00,11,4,8,17,30,330,522,AVE PIERRE CORNEILLE,,,Plein jour,En agglomération,Intersection en T,Normale,Deux véhicules - côté,,,,,,,,,,,1,2,3,1.0,3.0
201100027462,0011-04-12 13:40:00,11,4,12,13,40,330,281,AVE DU MARECHAL LECLERC,,,Plein jour,En agglomération,Hors intersection,Normale,Sans collision,,,,,,,,,,,1,2,1,1.0,7.0
201100027463,0011-04-15 21:15:00,11,4,15,21,15,330,63,RUE DESSE,,,Nuit avec éclairage allumé,En agglomération,Intersection en X,Normale,Deux véhicules - côté,,,,,,,,,,,5,2,2,1.0,3.0
201100027464,0011-04-15 23:15:00,11,4,15,23,15,330,63,QUAI LOUIS XVIII,,,Nuit avec éclairage allumé,En agglomération,Intersection en T,Normale,Deux véhicules - côté,,,,,,,,,,,5,2,3,1.0,3.0
201100027465,0011-04-18 20:35:00,11,4,18,20,35,330,69,AVE PRESIDENT ROBERT SCH,,,Nuit avec éclairage allumé,En agglomération,Intersection en Y,Normale,Autre collision,,,,,,,,,,,5,2,4,1.0,6.0
201100027466,0011-04-18 16:30:00,11,4,18,16,30,330,63,AVE DE NONTRASTE,,,Plein jour,En agglomération,Hors intersection,Normale,Deux véhicules - côté,,,,,,,,,,,1,2,1,1.0,3.0
201100027467,0011-04-13 13:55:00,11,4,13,13,55,330,318,AVE MONTESQUIEU,,,Plein jour,En agglomération,Intersection en T,Normale,Deux véhicules - côté,,,,,,,,,,,1,2,3,1.0,3.0
201100027468,0011-04-19 15:50:00,11,4,19,15,50,330,63,"34, RUE DE CANOLLE",,,Plein jour,En agglomération,Hors intersection,Normale,Autre collision,,,,,,,,,,,1,2,1,1.0,6.0
201100027469,0011-04-19 19:00:00,11,4,19,19,0,330,63,PCE DES QUINCONCES,,,Plein jour,En agglomération,Intersection en Y,Normale,Deux véhicules - côté,,,,,,,,,,,1,2,4,1.0,3.0
201100027470,0011-04-13 15:05:00,11,4,13,15,5,330,550,"117, AVE DU MARECHAL LEC",,,Plein jour,En agglomération,Giratoire,Normale,Autre collision,,,,,,,,,,,1,2,6,1.0,6.0
201100027471,0011-04-15 17:33:00,11,4,15,17,33,330,550,"451, RTE DE TOULOUSE",,,Plein jour,En agglomération,Hors intersection,Normale,Autre collision,,,,,,,,,,,1,2,1,1.0,6.0
201100027472,0011-04-21 22:33:00,11,4,21,22,33,330,63,BD ANDRE RICARD,,,Nuit avec éclairage allumé,En agglomération,Intersection en X,Normale,Deux véhicules - frontale,,,,,,,,,,,5,2,2,1.0,1.0
201100027473,0011-04-21 09:40:00,11,4,21,9,40,330,63,PCE DE LATULE,,,Plein jour,En agglomération,Place,Normale,Autre collision,,,,,,,,,,,1,2,7,1.0,6.0
201100027474,0011-04-21 07:10:00,11,4,21,7,10,330,522,CRS GAMBETTA,,,Plein jour,En agglomération,Intersection à plus de 4 branches,Normale,Autre collision,,,,,,,,,,,1,2,5,1.0,6.0
201100027475,0011-04-23 01:00:00,11,4,23,1,0,330,63,QUAI DE PALUDATE,,,Nuit avec éclairage allumé,En agglomération,Hors intersection,Normale,Sans collision,,,,,,,,,,,5,2,1,1.0,7.0
201100027476,0011-04-24 20:50:00,11,4,24,20,50,330,63,"134, AVE THIERS",,,Crépuscule ou aube,En agglomération,Hors intersection,Pluie légère,Sans collision,,,,,,,,,,,2,2,1,2.0,7.0
201100027477,0011-04-24 13:35:00,11,4,24,13,35,330,63,"26, RUE JENNY LEPREUX",,,Plein jour,En agglomération,Hors intersection,Normale,Autre collision,,,,,,,,,,,1,2,1,1.0,6.0
201100027478,0011-04-21 20:15:00,11,4,21,20,15,330,63,"183, AVE THIERS",,,Plein jour,En agglomération,Hors intersection,Normale,Autre collision,,,,,,,,,,,1,2,1,1.0,6.0
201100027479,0011-04-23 05:35:00,11,4,23,5,35,330,63,BD DU PRESIDENT WILSON,,,Nuit avec éclairage allumé,En agglomération,Intersection en X,Normale,Deux véhicules - côté,,,,,,,,,,,5,2,2,1.0,3.0
201100027480,0011-04-17 10:00:00,11,4,17,10,0,330,522,RES PACARIS,,,Plein jour,En agglomération,Intersection à plus de 4 branches,Normale,Trois véhicules et plus - en chaîne,,,,,,,,,,,1,2,5,1.0,4.0
201100027481,0011-04-19 13:05:00,11,4,19,13,5,330,318,"57, AVE JEAN JAURES",,,Plein jour,En agglomération,Hors intersection,Normale,Autre collision,,,,,,,,,,,1,2,1,1.0,6.0
201100027482,0011-04-23 01:26:00,11,4,23,1,26,330,63,BD DES FRERES MOGA,,,Nuit avec éclairage allumé,En agglomération,Hors intersection,Normale,Autre collision,,,,,,,,,,,5,2,1,1.0,6.0
201100027483,0011-04-16 21:35:00,11,4,16,21,35,330,318,AVE DU BOURGAILH,,,Crépuscule ou aube,En agglomération,Intersection en X,Normale,Trois véhicules et plus - en chaîne,,,,,,,,,,,2,2,2,1.0,4.0
201100027484,0011-04-26 07:50:00,11,4,26,7,50,330,63,"81, AVE THIERS",,,Plein jour,En agglomération,Hors intersection,Normale,Autre collision,,,,,,,,,,,1,2,1,1.0,6.0
201100027485,0011-04-22 09:55:00,11,4,22,9,55,330,281,AVE ROBERT SCHUMAN,,,Plein jour,En agglomération,Intersection à plus de 4 branches,Normale,Autre collision,,,,,,,,,,,1,2,5,1.0,6.0
201100027486,0011-04-26 08:00:00,11,4,26,8,0,330,63,"26, AVE EMILE COUNORD",,,Plein jour,En agglomération,Hors intersection,Normale,Autre collision,,,,,,,,,,,1,2,1,1.0,6.0
201100027487,0011-04-25 12:15:00,11,4,25,12,15,330,32,PCE EDOUARD HERRIOT,,,Plein jour,En agglomération,Intersection en X,Normale,Deux véhicules - côté,,,,,,,,,,,1,2,2,1.0,3.0
201100027488,0011-04-19 10:15:00,11,4,19,10,15,330,281,AVE DE MAGUDAS,,,Plein jour,En agglomération,Hors intersection,Normale,Autre collision,,,,,,,,,,,1,2,1,1.0,6.0
201100027489,0011-04-21 10:25:00,11,4,21,10,25,330,522,CRS GAMBETTA,,,Plein jour,En agglomération,Intersection à plus de 4 branches,Normale,Deux véhicules - côté,,,,,,,,,,,1,2,5,1.0,3.0
201100027490,0011-04-20 11:07:00,11,4,20,11,7,330,318,"30, AVE DU GENERAL LECLE",,,Plein jour,En agglomération,Hors intersection,Normale,Deux véhicules - arrière,,,,,,,,,,,1,2,1,1.0,2.0
201100027491,0011-04-21 07:25:00,11,4,21,7,25,330,281,"144, AVE DE LA LIBERATIO",,,Plein jour,En agglomération,Hors intersection,Normale,Autre collision,,,,,,,,,,,1,2,1,1.0,6.0
201100027492,0011-04-27 18:55:00,11,4,27,18,55,330,63,"36, PCE GAMBETTA",,,Plein jour,En agglomération,Giratoire,Normale,Autre collision,,,,,,,,,,,1,2,6,1.0,6.0
201100027493,0011-04-27 13:20:00,11,4,27,13,20,330,63,"74, CRS ARISTIDE BRIAND",,,Plein jour,En agglomération,Hors intersection,Normale,Autre collision,,,,,,,,,,,1,2,1,1.0,6.0
201100027494,0011-04-24 02:35:00,11,4,24,2,35,330,318,AVE MAL DE LATTRE DE TAS,,,Nuit avec éclairage allumé,En agglomération,Hors intersection,Normale,Deux véhicules - côté,,,,,,,,,,,5,2,1,1.0,3.0
201100027495,0011-04-26 19:00:00,11,4,26,19,0,330,167,AVE DES MONDAULTS,,,Plein jour,En agglomération,Giratoire,Normale,Autre collision,,,,,,,,,,,1,2,6,1.0,6.0
201100027496,0011-04-27 21:50:00,11,4,27,21,50,330,63,"220, CRS DE LA MARNE",,,Nuit avec éclairage allumé,En agglomération,Intersection en X,Normale,Autre collision,,,,,,,,,,,5,2,2,1.0,6.0
201100027497,0011-04-26 19:05:00,11,4,26,19,5,330,281,AVE DE L'YSER,,,Plein jour,En agglomération,Giratoire,Normale,Autre collision,,,,,,,,,,,1,2,6,1.0,6.0
201100027498,0011-04-25 21:00:00,11,4,25,21,0,330,192,CRS DU GENERAL DE GAULLE,,,Nuit avec éclairage allumé,En agglomération,Giratoire,Normale,Sans collision,,,,,,,,,,,5,2,6,1.0,7.0
201100027499,0011-04-23 16:00:00,11,4,23,16,0,330,550,AVE FERNAND GRANET,,,Plein jour,En agglomération,Intersection en Y,Normale,Deux véhicules - côté,,,,,,,,,,,1,2,4,1.0,3.0
201100027500,0011-04-29 18:00:00,11,4,29,18,0,330,63,"244, AVE THIERS",,,Plein jour,En agglomération,Hors intersection,Normale,Deux véhicules - côté,,,,,,,,,,,1,2,1,1.0,3.0
201100027501,0011-05-01 16:45:00,11,5,1,16,45,330,63,"125, RUE MOUNEYRA",,,Plein jour,En agglomération,Hors intersection,Normale,Deux véhicules - arrière,,,,,,,,,,,1,2,1,1.0,2.0
201100027502,0011-04-28 18:10:00,11,4,28,18,10,330,63,RES DES CHARTRONS,,,Plein jour,En agglomération,Intersection en T,Normale,Autre collision,,,,,,,,,,,1,2,3,1.0,6.0
201100027503,0011-05-01 18:05:00,11,5,1,18,5,330,63,"60, BD PIERRE 1ER",,,Plein jour,En agglomération,Intersection en Y,Temps couvert,Deux véhicules - arrière,,,,,,,,,,,1,2,4,8.0,2.0
201100027504,0011-04-22 12:15:00,11,4,22,12,15,330,192,"237, CRS DU GENERAL DE G",,,Plein jour,En agglomération,Hors intersection,Normale,Deux véhicules - côté,,,,,,,,,,,1,2,1,1.0,3.0
201100027505,0011-04-29 08:45:00,11,4,29,8,45,330,63,"38, RUE CAPDEVILLE",,,Plein jour,En agglomération,Intersection en T,Normale,Autre collision,,,,,,,,,,,1,2,3,1.0,6.0
201100027506,0011-04-26 19:30:00,11,4,26,19,30,330,318,"46, AVE DE MADRAN",,,Plein jour,En agglomération,Intersection en T,Normale,Trois véhicules et plus - en chaîne,,,,,,,,,,,1,2,3,1.0,4.0
201100027507,0011-05-02 15:00:00,11,5,2,15,0,330,63,PONT DE PIERRE,,,Plein jour,En agglomération,Hors intersection,Normale,Trois véhicules et plus - en chaîne,,,,,,,,,,,1,2,1,1.0,4.0
201100027508,0011-05-02 20:25:00,11,5,2,20,25,330,63,", RUE CAZEMAJOR",,,Plein jour,En agglomération,Intersection en X,Normale,Autre collision,,,,,,,,,,,1,2,2,1.0,6.0
201100027509,0011-04-28 18:00:00,11,4,28,18,0,330,522,"2, RUE FRANCOIS RABELAIS",,,Plein jour,En agglomération,Hors intersection,Normale,Autre collision,,,,,,,,,,,1,2,1,1.0,6.0
201100027510,0011-05-01 15:30:00,11,5,1,15,30,330,281,RUE ALFRED DE VIGNY,,,Plein jour,En agglomération,Intersection en X,Normale,Deux véhicules - côté,,,,,,,,,,,1,2,2,1.0,3.0