accident_id,datetime,annee,mois,jour,heure,minute,departement,commune_insee,adresse,latitude,longitude,luminosite,agglomeration,intersection,meteo,collision,nb_vehicules,nb_usagers,nb_indemnes,nb_tues,nb_blesses_hosp,nb_blesses_legers,age_cond_1,age_cond_2,veh_type_cond_1,veh_type_cond_2,lum_code,agg_code,int_code,atm_code,col_code
201100027511,0011-05-04 16:10:00,11,5,4,16,10,330,63,AVE DE VERDUN CAUD,,,Plein jour,En agglomération,Intersection en X,Normale,Autre collision,,,,,,,,,,,1,2,2,1.0,6.0
201100027512,0011-05-02 09:25:00,11,5,2,9,25,330,281,AVE PRESIDENT J.F. KENNE,,,Plein jour,En agglomération,Intersection en Y,Normale,Deux véhicules - arrière,,,,,,,,,,,1,2,4,1.0,2.0
201100027513,0011-04-29 13:30:00,11,4,29,13,30,330,281,AVE FRANCOIS MITTERRAND,,,Plein jour,En agglomération,Hors intersection,Normale,Deux véhicules - côté,,,,,,,,,,,1,2,1,1.0,3.0
201100027514,0011-05-05 16:17:00,11,5,5,16,17,330,63,"67, AVE DE LA REPUBLIQUE",,,Plein jour,En agglomération,Hors intersection,Normale,Sans collision,,,,,,,,,,,1,2,1,1.0,7.0
201100027515,0011-05-06 14:20:00,11,5,6,14,20,330,63,"178, RUE JUDAIQUE",,,Plein jour,En agglomération,Intersection en X,Normale,Autre collision,,,,,,,,,,,1,2,2,1.0,6.0
201100027516,0011-05-07 05:01:00,11,5,7,5,1,330,63,RUE RENAULT CAUD,,,Nuit avec éclairage allumé,En agglomération,Intersection en X,Normale,Deux véhicules - côté,,,,,,,,,,,5,2,2,1.0,3.0
201100027517,0011-05-07 15:30:00,11,5,7,15,30,330,69,"100, AVE D'EYSINES",,,Plein jour,En agglomération,Hors intersection,Normale,Autre collision,,,,,,,,,,,1,2,1,1.0,6.0
201100027518,0011-05-06 12:30:00,11,5,6,12,30,330,65,ACC CENTRE COMMERCIAL AU,,,Plein jour,En agglomération,Hors intersection,Normale,Deux véhicules - côté,,,,,,,,,,,1,2,1,1.0,3.0
201100027519,0011-05-06 17:20:00,11,5,6,17,20,330,63,CRS D'ALBRET,,,Plein jour,En agglomération,Intersection en X,Normale,Deux véhicules - côté,,,,,,,,,,,1,2,2,1.0,3.0
201100027520,0011-05-07 20:50:00,11,5,7,20,50,330,63,"94, RUE SAINT NICOLAS",,,Plein jour,En agglomération,Intersection en X,Normale,Deux véhicules - frontale,,,,,,,,,,,1,2,2,1.0,1.0
201100027521,0011-05-08 22:15:00,11,5,8,22,15,330,63,"12, RUE DE MARSEILLE",,,Crépuscule ou aube,En agglomération,Hors intersection,Normale,Autre collision,,,,,,,,,,,2,2,1,1.0,6.0
201100027522,0011-05-05 11:25:00,11,5,5,11,25,330,249,QUAI NUMA SENSINE,,,Plein jour,En agglomération,Intersection en X,Normale,Deux véhicules - arrière,,,,,,,,,,,1,2,2,1.0,2.0
201100027523,0011-05-09 16:45:00,11,5,9,16,45,330,63,"93, RUE STEHELIN CAUD",,,Plein jour,En agglomération,Hors intersection,Normale,Autre collision,,,,,,,,,,,1,2,1,1.0,6.0
201100027524,0011-04-29 07:20:00,11,4,29,7,20,330,192,RUE DU PROFESSEUR VILLEM,,,Plein jour,En agglomération,Intersection en T,Normale,Autre collision,,,,,,,,,,,1,2,3,1.0,6.0
201100027525,0011-05-07 14:15:00,11,5,7,14,15,330,119,AVE JEAN ZAY,,,Plein jour,En agglomération,Intersection en X,Pluie légère,Deux véhicules - arrière,,,,,,,,,,,1,2,2,2.0,2.0
201100027526,0011-05-06 13:40:00,11,5,6,13,40,330,281,AVE FRANCOIS MITTERRAND,,,Plein jour,En agglomération,Hors intersection,Normale,Trois véhicules et plus - en chaîne,,,,,,,,,,,1,2,1,1.0,4.0
201100027527,0011-05-10 07:45:00,11,5,10,7,45,330,63,AVE D'EYSINES CAUD,,,Plein jour,En agglomération,Intersection à plus de 4 branches,Normale,Deux véhicules - côté,,,,,,,,,,,1,2,5,1.0,3.0
201100027528,0011-05-10 22:50:00,11,5,10,22,50,330,63,QUAI RICHELIEU,,,Nuit avec éclairage allumé,En agglomération,Intersection en T,Normale,Autre collision,,,,,,,,,,,5,2,3,1.0,6.0
201100027529,0011-05-10 11:40:00,11,5,10,11,40,330,63,RUE D'AUPERIE,,,Plein jour,En agglomération,Intersection en X,Normale,Deux véhicules - côté,,,,,,,,,,,1,2,2,1.0,3.0
201100027530,0011-05-12 02:40:00,11,5,12,2,40,330,63,"225, AVE THIERS",,,Nuit avec éclairage allumé,En agglomération,Hors intersection,Normale,Autre collision,,,,,,,,,,,5,2,1,1.0,6.0
201100027531,0011-05-11 07:50:00,11,5,11,7,50,330,63,RUE GENERAL DE LARMINAT,,,Plein jour,En agglomération,Intersection en X,Normale,Trois véhicules et plus - en chaîne,,,,,,,,,,,1,2,2,1.0,4.0
201100027532,0011-05-12 02:20:00,11,5,12,2,20,330,63,RUE JEAN HAMEAU,,,Nuit avec éclairage allumé,En agglomération,Intersection en T,Pluie légère,Autre collision,,,,,,,,,,,5,2,3,2.0,6.0
201100027533,0011-05-09 17:37:00,11,5,9,17,37,330,318,AVE LOUIS LAUGAA,,,Plein jour,En agglomération,Intersection en Y,Normale,Deux véhicules - côté,,,,,,,,,,,1,2,4,1.0,3.0
201100027534,0011-05-11 12:30:00,11,5,11,12,30,330,63,ALL DES PEUPLIERS,,,Plein jour,En agglomération,Intersection en X,Normale,Deux véhicules - côté,,,,,,,,,,,1,2,2,1.0,3.0
201100027535,0011-05-10 17:15:00,11,5,10,17,15,330,63,PCE MARTYRS DE LA RESIST,,,Plein jour,En agglomération,Intersection en X,Normale,Deux véhicules - frontale,,,,,,,,,,,1,2,2,1.0,1.0
201100027536,0011-05-11 13:20:00,11,5,11,13,20,330,63,CRS DE VERDUN,,,Plein jour,En agglomération,Giratoire,Normale,Deux véhicules - côté,,,,,,,,,,,1,2,6,1.0,3.0
201100027537,0011-05-09 18:15:00,11,5,9,18,15,330,281,CHEM DU PHARE,,,Plein jour,En agglomération,Hors intersection,Normale,Deux véhicules - côté,,,,,,,,,,,1,2,1,1.0,3.0
201100027538,0011-05-12 17:15:00,11,5,12,17,15,330,63,RUE DU CHATEAU D'EAU,,,Plein jour,En agglomération,Passage à niveau,Normale,Autre collision,,,,,,,,,,,1,2,8,1.0,6.0
201100027539,0011-05-04 12:20:00,11,5,4,12,20,330,281,"100, AVE DE LA SOMME",,,Plein jour,En agglomération,Hors intersection,Normale,Autre collision,,,,,,,,,,,1,2,1,1.0,6.0
201100027540,0011-05-13 21:30:00,11,5,13,21,30,330,63,"24, RUE RAYMOND POINCARE",,,Nuit avec éclairage allumé,En agglomération,Hors intersection,Normale,Autre collision,,,,,,,,,,,5,2,1,1.0,6.0
201100027541,0011-05-13 18:30:00,11,5,13,18,30,330,63,RUE PEYRONNET,,,Plein jour,En agglomération,Intersection en X,Normale,Deux véhicules - côté,,,,,,,,,,,1,2,2,1.0,3.0
201100027542,0011-05-15 01:30:00,11,5,15,1,30,330,63,"41, RUE CAPDEVILLE",,,Nuit avec éclairage allumé,En agglomération,Intersection à plus de 4 branches,Normale,Autre collision,,,,,,,,,,,5,2,5,1.0,6.0
201100027543,0011-05-13 11:30:00,11,5,13,11,30,330,63,PCE ANDRE MEUNIER DIT MU,,,Plein jour,En agglomération,Intersection à plus de 4 branches,Normale,Deux véhicules - côté,,,,,,,,,,,1,2,5,1.0,3.0
201100027544,0011-05-14 04:10:00,11,5,14,4,10,330,63,BD GODARD,,,Nuit avec éclairage allumé,En agglomération,Hors intersection,Normale,Autre collision,,,,,,,,,,,5,2,1,1.0,6.0
201100027545,0011-05-09 20:20:00,11,5,9,20,20,330,192,"FACE AU30, CRS DU GENERA",,,Plein jour,En agglomération,Hors intersection,Normale,Autre collision,,,,,,,,,,,1,2,1,1.0,6.0
201100027546,0011-05-16 08:55:00,11,5,16,8,55,330,63,"11, CRS SAINT LOUIS",,,Plein jour,En agglomération,Hors intersection,Normale,Autre collision,,,,,,,,,,,1,2,1,1.0,6.0
201100027547,0011-05-16 15:15:00,11,5,16,15,15,330,63,"42, RUE RODRIGUES PEREIR",,,Plein jour,En agglomération,Hors intersection,Normale,Autre collision,,,,,,,,,,,1,2,1,1.0,6.0
201100027548,0011-05-11 08:55:00,11,5,11,8,55,330,318,AVE MONTESQUIEU,,,Plein jour,En agglomération,Hors intersection,Normale,Deux véhicules - côté,,,,,,,,,,,1,2,1,1.0,3.0
201100027549,0011-05-16 07:45:00,11,5,16,7,45,330,63,RUE DE CURSOL,,,Plein jour,En agglomération,Intersection en X,Normale,Deux véhicules - côté,,,,,,,,,,,1,2,2,1.0,3.0
201100027550,0011-05-16 08:50:00,11,5,16,8,50,330,281,CHEM DU MONTEIL,,,Plein jour,En agglomération,Intersection en Y,Normale,Deux véhicules - frontale,,,,,,,,,,,1,2,4,1.0,1.0
201100027551,0011-05-17 17:30:00,11,5,17,17,30,330,63,"29, BD DU PDT FRANKLIN R",,,Plein jour,En agglomération,Hors intersection,Normale,Trois véhicules et plus - en chaîne,,,,,,,,,,,1,2,1,1.0,4.0
201100027552,0011-05-10 13:30:00,11,5,10,13,30,330,281,AVE HENRY LE CHATELIER,,,Plein jour,En agglomération,Intersection en T,Normale,Autre collision,,,,,,,,,,,1,2,3,1.0,6.0
201100027553,0011-05-17 16:25:00,11,5,17,16,25,330,63,"25, AVE BEL AIR CAUD",,,Plein jour,En agglomération,Hors intersection,Normale,Autre collision,,,,,,,,,,,1,2,1,1.0,6.0
201100027554,0011-05-17 07:45:00,11,5,17,7,45,330,63,"2, RUE GAMBETTA CAUD",,,Plein jour,En agglomération,Hors intersection,Normale,Deux véhicules - côté,,,,,,,,,,,1,2,1,1.0,3.0
201100027555,0011-05-18 08:30:00,11,5,18,8,30,330,63,AVE DE LABARDE,,,Plein jour,En agglomération,Hors intersection,Normale,Deux véhicules - côté,,,,,,,,,,,1,2,1,1.0,3.0
201100027556,0011-05-18 11:30:00,11,5,18,11,30,330,63,BD ALFRED DANEY,,,Plein jour,En agglomération,Intersection en T,Normale,Deux véhicules - arrière,,,,,,,,,,,1,2,3,1.0,2.0
201100027557,0011-05-18 21:00:00,11,5,18,21,0,330,63,RUE HERON,,,Plein jour,En agglomération,Intersection en X,Normale,Autre collision,,,,,,,,,,,1,2,2,1.0,6.0
201100027558,0011-05-18 17:30:00,11,5,18,17,30,330,63,"3, RUE ARNAUD MIQUEU",,,Plein jour,En agglomération,Hors intersection,Normale,Autre collision,,,,,,,,,,,1,2,1,1.0,6.0
201100027559,0011-05-16 12:00:00,11,5,16,12,0,330,318,"86, AVE PASTEUR",,,Plein jour,En agglomération,Hors intersection,Normale,Autre collision,,,,,,,,,,,1,2,1,1.0,6.0
201100027560,0011-05-16 09:00:00,11,5,16,9,0,330,318,AVE DE NOES,,,Plein jour,En agglomération,Intersection en Y,Normale,Trois véhicules et plus - collisions multiples,,,,,,,,,,,1,2,4,1.0,5.0
201100027561,0011-05-16 07:40:00,11,5,16,7,40,330,550,RTE DE TOULOUSE,,,Plein jour,En agglomération,Intersection en X,Normale,Deux véhicules - côté,,,,,,,,,,,1,2,2,1.0,3.0
201100027562,0011-05-14 12:50:00,11,5,14,12,50,330,550,AVE DU 7EME ART,,,Plein jour,En agglomération,Hors intersection,Normale,Deux véhicules - arrière,,,,,,,,,,,1,2,1,1.0,2.0
201100027563,0011-05-19 13:35:00,11,5,19,13,35,330,63,RUE CROIX DE SEGUEY,,,Plein jour,En agglomération,Intersection en Y,Normale,Deux véhicules - arrière,,,,,,,,,,,1,2,4,1.0,2.0
201100027564,0011-05-19 11:45:00,11,5,19,11,45,330,63,CRS DE VERDUN,,,Plein jour,En agglomération,Intersection en X,Pluie légère,Autre collision,,,,,,,,,,,1,2,2,2.0,6.0
201100027565,0011-05-19 22:50:00,11,5,19,22,50,330,63,"01, RUE DE LA BENAUGE",,,Nuit avec éclairage allumé,En agglomération,Hors intersection,Normale,Sans collision,,,,,,,,,,,5,2,1,1.0,7.0
201100027566,0011-05-19 18:05:00,11,5,19,18,5,330,63,"62, CRS DE VERDUN",,,Plein jour,En agglomération,Hors intersection,Normale,Deux véhicules - côté,,,,,,,,,,,1,2,1,1.0,3.0
201100027567,0011-05-19 14:40:00,11,5,19,14,40,330,63,PASS BRIAN,,,Plein jour,En agglomération,Intersection en X,Normale,Trois véhicules et plus - collisions multiples,,,,,,,,,,,1,2,2,1.0,5.0
201100027568,0011-05-19 18:30:00,11,5,19,18,30,330,63,RUE BARREYRE,,,Plein jour,En agglomération,Intersection en X,Normale,Autre collision,,,,,,,,,,,1,2,2,1.0,6.0
201100027569,0011-05-19 21:00:00,11,5,19,21,0,330,119,"13, RUE CAMILLE PELLETAN",,,Plein jour,En agglomération,Hors intersection,Normale,Deux véhicules - côté,,,,,,,,,,,1,2,1,1.0,3.0
201100027570,0011-05-20 18:15:00,11,5,20,18,15,330,63,"78, RUE DE LACANAU",,,Plein jour,En agglomération,Hors intersection,Normale,Deux véhicules - côté,,,,,,,,,,,1,2,1,1.0,3.0
201100027571,0011-05-20 09:00:00,11,5,20,9,0,330,63,"2 bis, RUE BELLUS MAREIL",,,Plein jour,En agglomération,Hors intersection,Normale,Deux véhicules - frontale,,,,,,,,,,,1,2,1,1.0,1.0
201100027572,0011-05-20 17:15:00,11,5,20,17,15,330,63,"121, QUAI DE LA SOUYS",,,Plein jour,En agglomération,Intersection en T,Pluie légère,Deux véhicules - côté,,,,,,,,,,,1,2,3,2.0,3.0
201100027573,0011-05-18 13:40:00,11,5,18,13,40,330,63,AVE D'EYSINES CAUD,,,Plein jour,En agglomération,Intersection en X,Normale,Autre collision,,,,,,,,,,,1,2,2,1.0,6.0
201100027574,0011-05-19 12:03:00,11,5,19,12,3,330,249,RUE DES GRAVIERES,,,Plein jour,En agglomération,Intersection en X,Normale,Deux véhicules - côté,,,,,,,,,,,1,2,2,1.0,3.0
201100027575,0011-05-18 14:40:00,11,5,18,14,40,330,32,QUAI DE VIAL,,,Plein jour,En agglomération,Hors intersection,Normale,Autre collision,,,,,,,,,,,1,2,1,1.0,6.0
201100027576,0011-05-16 17:10:00,11,5,16,17,10,330,522,"79, BD DU PDT FRANKLIN R",,,Plein jour,En agglomération,Hors intersection,Temps éblouissant,Autre collision,,,,,,,,,,,1,2,1,7.0,6.0
201100027577,0011-05-23 16:40:00,11,5,23,16,40,330,63,RUE MAUBOURGUET,,,Plein jour,En agglomération,Intersection en T,Normale,Deux véhicules - côté,,,,,,,,,,,1,2,3,1.0,3.0
201100027578,0011-05-23 06:45:00,11,5,23,6,45,330,63,AVE DES TROIS CARDINAUX,,,Plein jour,En agglomération,Intersection en X,Normale,Deux véhicules - côté,,,,,,,,,,,1,2,2,1.0,3.0
201100027579,0011-05-23 18:30:00,11,5,23,18,30,330,63,"39, AVE THIERS",,,Plein jour,En agglomération,Hors intersection,Normale,Autre collision,,,,,,,,,,,1,2,1,1.0,6.0
201100027580,0011-05-24 17:05:00,11,5,24,17,5,330,63,"67, RUE DES CARMES",,,Plein jour,En agglomération,Hors intersection,Normale,Deux véhicules - côté,,,,,,,,,,,1,2,1,1.0,3.0
201100027581,0011-05-24 23:50:00,11,5,24,23,50,330,63,QUAI DU MARECHAL LYAUTEY,,,Nuit avec éclairage allumé,En agglomération,Place,Normale,Autre collision,,,,,,,,,,,5,2,7,1.0,6.0
201100027582,0011-05-24 17:00:00,11,5,24,17,0,330,63,PCE DE LONGCHAMPS,,,Plein jour,En agglomération,Intersection en Y,Normale,Autre collision,,,,,,,,,,,1,2,4,1.0,6.0
201100027583,0011-05-24 12:06:00,11,5,24,12,6,330,63,"240, ALL DES PASTEURINES",,,Plein jour,En agglomération,Intersection en X,Normale,Autre collision,,,,,,,,,,,1,2,2,1.0,6.0
201100027584,0011-05-23 08:55:00,11,5,23,8,55,330,281,AVE FRANCOIS MITTERRAND,,,Plein jour,En agglomération,Hors intersection,Normale,Trois véhicules et plus - collisions multiples,,,,,,,,,,,1,2,1,1.0,5.0
201100027585,0011-05-24 09:25:00,11,5,24,9,25,330,318,"71, AVE DU BOURGAILH",,,Plein jour,En agglomération,Intersection en X,Autre,Deux véhicules - arrière,,,,,,,,,,,1,2,2,9.0,2.0
201100027586,0011-05-26 21:00:00,11,5,26,21,0,330,119,RUE LOUIS PERGAUD,,,Plein jour,En agglomération,Intersection en T,Normale,Autre collision,,,,,,,,,,,1,2,3,1.0,6.0
201100027587,0011-05-24 17:55:00,11,5,24,17,55,330,318,"3, AVE DE LA FORGE",,,Plein jour,En agglomération,Hors intersection,Normale,Autre collision,,,,,,,,,,,1,2,1,1.0,6.0
201100027588,0011-05-29 22:22:00,11,5,29,22,22,330,63,RUE DE SAGET,,,Nuit avec éclairage allumé,En agglomération,Intersection en X,Normale,Autre collision,,,,,,,,,,,5,2,2,1.0,6.0
201100027589,0011-05-24 08:40:00,11,5,24,8,40,330,522,AVE PIERRE CORNEILLE,,,Plein jour,En agglomération,Intersection en T,Normale,Deux véhicules - côté,,,,,,,,,,,1,2,3,1.0,3.0
201100027590,0011-05-19 12:35:00,11,5,19,12,35,330,550,AVE DES PYRENEES,,,Plein jour,En agglomération,Intersection en T,Pluie légère,Sans collision,,,,,,,,,,,1,2,3,2.0,7.0
201100027591,0011-05-28 12:45:00,11,5,28,12,45,330,63,PCE MARTYRS DE LA RESIST,,,Plein jour,En agglomération,Intersection en X,Normale,Autre collision,,,,,,,,,,,1,2,2,1.0,6.0
201100027592,0011-05-24 13:30:00,11,5,24,13,30,330,39,RUE DES FRERES LUMIERE,,,Plein jour,En agglomération,Hors intersection,Normale,Autre collision,,,,,,,,,,,1,2,1,1.0,6.0
201100027593,0011-05-28 18:10:00,11,5,28,18,10,330,63,QUAI SAINTE- CROIX,,,Plein jour,En agglomération,Intersection en T,Normale,Autre collision,,,,,,,,,,,1,2,3,1.0,6.0
201100027594,0011-05-28 16:30:00,11,5,28,16,30,330,63,"23, AVE THIERS",,,Plein jour,En agglomération,Hors intersection,Normale,Deux véhicules - arrière,,,,,,,,,,,1,2,1,1.0,2.0
201100027595,0011-05-30 17:30:00,11,5,30,17,30,330,63,PCE DE L'EUROPE,,,Plein jour,En agglomération,Hors intersection,Normale,Autre collision,,,,,,,,,,,1,2,1,1.0,6.0
201100027596,0011-05-31 21:00:00,11,5,31,21,0,330,63,CRS DUPRE DE SAINT MAUR,,,Plein jour,En agglomération,Giratoire,Normale,Deux véhicules - côté,,,,,,,,,,,1,2,6,1.0,3.0
201100027597,0011-05-27 06:20:00,11,5,27,6,20,330,119,AVE CARNOT,,,Plein jour,En agglomération,Intersection en X,Normale,Deux véhicules - côté,,,,,,,,,,,1,2,2,1.0,3.0
201100027598,0011-05-31 19:40:00,11,5,31,19,40,330,63,", RUE DES TERRES DE BORD",,,Plein jour,En agglomération,Intersection en T,Normale,Deux véhicules - arrière,,,,,,,,,,,1,2,3,1.0,2.0
201100027599,0011-05-27 07:20:00,11,5,27,7,20,330,249,RTE DE BASSENS,,,Plein jour,En agglomération,Giratoire,Normale,Deux véhicules - arrière,,,,,,,,,,,1,2,6,1.0,2.0
201100027600,0011-06-01 09:20:00,11,6,1,9,20,330,119,AVE DES QUATRE PAVILLONS,,,Plein jour,En agglomération,Intersection en X,Normale,Deux véhicules - côté,,,,,,,,,,,1,2,2,1.0,3.0
201100027601,0011-06-03 15:45:00,11,6,3,15,45,330,63,BD ALBERT 1ER,,,Plein jour,En agglomération,Hors intersection,Normale,Deux véhicules - côté,,,,,,,,,,,1,2,1,1.0,3.0
201100027602,0011-05-31 11:30:00,11,5,31,11,30,330,318,"167 BIS, AVE PASTEUR",,,Plein jour,En agglomération,Hors intersection,Normale,Autre collision,,,,,,,,,,,1,2,1,1.0,6.0
201100027603,0011-06-04 13:20:00,11,6,4,13,20,330,63,RUE JEAN BURGUET,,,Plein jour,En agglomération,Intersection en X,Normale,Deux véhicules - côté,,,,,,,,,,,1,2,2,1.0,3.0
201100027604,0011-06-04 19:50:00,11,6,4,19,50,330,63,QUAI LOUIS XVIII,,,Plein jour,En agglomération,Hors intersection,Normale,Deux véhicules - côté,,,,,,,,,,,1,2,1,1.0,3.0
201100027605,0011-06-05 04:10:00,11,6,5,4,10,330,249,RUE D'YVRAC,,,Plein jour,En agglomération,Hors intersection,Normale,Deux véhicules - côté,,,,,,,,,,,1,2,1,1.0,3.0
201100027606,0011-06-03 11:45:00,11,6,3,11,45,330,63,CRS VICTOR HUGO,,,Plein jour,En agglomération,Intersection en T,Normale,Deux véhicules - frontale,,,,,,,,,,,1,2,3,1.0,1.0
201100027607,0011-06-05 04:15:00,11,6,5,4,15,330,63,RUE SAINT NICOLAS,,,Nuit avec éclairage allumé,En agglomération,Intersection en X,Temps couvert,Autre collision,,,,,,,,,,,5,2,2,8.0,6.0
201100027608,0011-05-30 08:50:00,11,5,30,8,50,330,318,AVE ROGER COHE,,,Plein jour,En agglomération,Intersection en T,Normale,Deux véhicules - côté,,,,,,,,,,,1,2,3,1.0,3.0
201100027609,0011-05-31 19:20:00,11,5,31,19,20,330,281,", AVE DE L'ARGONNE",,,Plein jour,En agglomération,Hors intersection,Normale,Deux véhicules - frontale,,,,,,,,,,,1,2,1,1.0,1.0
201100027610,0011-06-08 01:40:00,11,6,8,1,40,330,63,ALL DE BRISTOL,,,Nuit avec éclairage allumé,En agglomération,Intersection en X,Temps couvert,Autre collision,,,,,,,,,,,5,2,2,8.0,6.0
201100027611,0011-06-08 12:15:00,11,6,8,12,15,330,63,QUAI DES CHARTRONS,,,Plein jour,En agglomération,Hors intersection,Pluie légère,Deux véhicules - arrière,,,,,,,,,,,1,2,1,2.0,2.0
201100027612,0011-06-03 20:10:00,11,6,3,20,10,330,63,RUE PASTEUR CAUD,,,Plein jour,En agglomération,Intersection en X,Normale,Deux véhicules - côté,,,,,,,,,,,1,2,2,1.0,3.0
201100027613,0011-06-08 13:00:00,11,6,8,13,0,330,63,"273, CRS DE LA SOMME",,,Plein jour,En agglomération,Hors intersection,Normale,Autre collision,,,,,,,,,,,1,2,1,1.0,6.0
201100027614,0011-06-06 18:25:00,11,6,6,18,25,330,249,"4, AVE DE LA LIBERATION",,,Plein jour,En agglomération,Hors intersection,Normale,Autre collision,,,,,,,,,,,1,2,1,1.0,6.0
201100027615,0011-06-01 17:30:00,11,6,1,17,30,330,192,RUE DE LA CROIX DE MONJO,,,Plein jour,En agglomération,Intersection en T,Normale,Deux véhicules - côté,,,,,,,,,,,1,2,3,1.0,3.0
201100027616,0011-06-09 16:15:00,11,6,9,16,15,330,63,CRS DE L'ARGONNE,,,Plein jour,En agglomération,Hors intersection,Normale,Autre collision,,,,,,,,,,,1,2,1,1.0,6.0
201100027617,0011-06-06 13:55:00,11,6,6,13,55,330,281,AVE DE LA LIBERATION,,,Plein jour,En agglomération,Intersection en X,Normale,Deux véhicules - arrière,,,,,,,,,,,1,2,2,1.0,2.0
201100027618,0011-06-01 15:30:00,11,6,1,15,30,330,192,"26, RUE DE LOUSTALOT",,,Plein jour,En agglomération,Hors intersection,Normale,Deux véhicules - côté,,,,,,,,,,,1,2,1,1.0,3.0
201100027619,0011-06-09 15:00:00,11,6,9,15,0,330,63,"365, AVE THIERS",,,Plein jour,En agglomération,Intersection en X,Normale,Deux véhicules - arrière,,,,,,,,,,,1,2,2,1.0,2.0
201100027620,0011-06-09 14:40:00,11,6,9,14,40,330,63,BD DU PRESIDENT WILSON,,,Plein jour,En agglomération,Intersection en Y,Normale,Deux véhicules - côté,,,,,,,,,,,1,2,4,1.0,3.0
201100027621,0011-06-10 17:15:00,11,6,10,17,15,330,63,RUE FONFREDE,,,Plein jour,En agglomération,Intersection en T,Normale,Autre collision,,,,,,,,,,,1,2,3,1.0,6.0
201100027622,0011-06-12 17:54:00,11,6,12,17,54,330,63,QUAI DES QUEYRIES,,,Plein jour,En agglomération,Intersection en X,Normale,Autre collision,,,,,,,,,,,1,2,2,1.0,6.0
201100027623,0011-06-11 15:20:00,11,6,11,15,20,330,63,"90-94, BD DU PRESIDENT W",,,Plein jour,En agglomération,Hors intersection,Normale,Deux véhicules - côté,,,,,,,,,,,1,2,1,1.0,3.0
201100027624,0011-06-10 07:35:00,11,6,10,7,35,330,63,BD JOLIOT-CURIE,,,Plein jour,Hors agglomération,Intersection en T,Normale,Autre collision,,,,,,,,,,,1,1,3,1.0,6.0
201100027625,0011-06-10 08:30:00,11,6,10,8,30,330,63,"39, CRS DE L'ARGONNE",,,Plein jour,En agglomération,Hors intersection,Normale,Deux véhicules - côté,,,,,,,,,,,1,2,1,1.0,3.0
201100027626,0011-06-14 11:15:00,11,6,14,11,15,330,281,AVE DU MARECHAL LECLERC,,,Plein jour,En agglomération,Giratoire,Normale,Deux véhicules - côté,,,,,,,,,,,1,2,6,1.0,3.0
201100027627,0011-06-14 16:50:00,11,6,14,16,50,330,281,RUE CHATEAU THIERRY,,,Plein jour,En agglomération,Intersection en X,Normale,Deux véhicules - côté,,,,,,,,,,,1,2,2,1.0,3.0
201100027628,0011-06-10 22:00:00,11,6,10,22,0,330,63,"80, RUE PELLEPORT",,,Crépuscule ou aube,En agglomération,Hors intersection,Normale,Sans collision,,,,,,,,,,,2,2,1,1.0,7.0
201100027629,0011-06-08 14:00:00,11,6,8,14,0,330,69,"441, AVE DE LA LIBERATIO",,,Plein jour,En agglomération,Hors intersection,Normale,Trois véhicules et plus - en chaîne,,,,,,,,,,,1,2,1,1.0,4.0
201100027630,0011-06-07 08:55:00,11,6,7,8,55,330,281,"177, AVE DE LA LIBERATIO",,,Plein jour,En agglomération,Hors intersection,Pluie légère,Deux véhicules - côté,,,,,,,,,,,1,2,1,2.0,3.0
201100027631,0011-06-09 17:30:00,11,6,9,17,30,330,119,RUE MARTIN DU GARD,,,Plein jour,En agglomération,Intersection en X,Normale,Autre collision,,,,,,,,,,,1,2,2,1.0,6.0
201100027632,0011-06-07 12:00:00,11,6,7,12,0,330,522,"50, AVE ROUL",,,Plein jour,En agglomération,Hors intersection,Pluie légère,Trois véhicules et plus - collisions multiples,,,,,,,,,,,1,2,1,2.0,5.0
201100027633,0011-06-10 08:30:00,11,6,10,8,30,330,281,"26, AVE MAL DE LATTRE DE",,,Plein jour,En agglomération,Hors intersection,Normale,Deux véhicules - arrière,,,,,,,,,,,1,2,1,1.0,2.0
201100027634,0011-06-15 17:30:00,11,6,15,17,30,330,63,"97, RUE BARREYRE",,,Plein jour,En agglomération,Hors intersection,Normale,Autre collision,,,,,,,,,,,1,2,1,1.0,6.0
201100027635,0011-06-10 22:40:00,11,6,10,22,40,330,119,"14, RUE CHARLES DE FOUCA",,,Nuit avec éclairage allumé,En agglomération,Hors intersection,Normale,Autre collision,,,,,,,,,,,5,2,1,1.0,6.0
201100027636,0011-06-16 09:05:00,11,6,16,9,5,330,63,QUAI DE LA SOUYS,,,Plein jour,En agglomération,Intersection en T,Normale,Deux véhicules - côté,,,,,,,,,,,1,2,3,1.0,3.0
201100027637,0011-06-09 15:40:00,11,6,9,15,40,330,39,RUE DES FRERES MOGA,,,Plein jour,En agglomération,Giratoire,Temps couvert,Deux véhicules - côté,,,,,,,,,,,1,2,6,8.0,3.0
201100027638,0011-06-15 12:10:00,11,6,15,12,10,330,281,"102, AVE DE LA FORET",,,Plein jour,En agglomération,Hors intersection,Normale,Autre collision,,,,,,,,,,,1,2,1,1.0,6.0
201100027639,0011-06-13 14:45:00,11,6,13,14,45,330,522,RUE SALVADOR ALLENDE,,,Plein jour,En agglomération,Intersection en Y,Pluie forte,Deux véhicules - côté,,,,,,,,,,,1,2,4,3.0,3.0
201100027640,0011-06-16 08:50:00,11,6,16,8,50,330,119,CRS VICTOR HUGO,,,Plein jour,En agglomération,Intersection en X,Normale,Autre collision,,,,,,,,,,,1,2,2,1.0,6.0
201100027641,0011-06-19 15:45:00,11,6,19,15,45,330,63,PONT DE PIERRE,,,Plein jour,En agglomération,Hors intersection,Normale,Autre collision,,,,,,,,,,,1,2,1,1.0,6.0
201100027642,0011-06-18 22:30:00,11,6,18,22,30,330,63,"8, QUAI DE LA GRAVE",,,Nuit avec éclairage allumé,En agglomération,Intersection en T,Normale,Deux véhicules - côté,,,,,,,,,,,5,2,3,1.0,3.0