accident_id,datetime,annee,mois,jour,heure,minute,departement,commune_insee,adresse,latitude,longitude,luminosite,agglomeration,intersection,meteo,collision,nb_vehicules,nb_usagers,nb_indemnes,nb_tues,nb_blesses_hosp,nb_blesses_legers,age_cond_1,age_cond_2,veh_type_cond_1,veh_type_cond_2,lum_code,agg_code,int_code,atm_code,col_code
201100027773,0011-08-05 19:45:00,11,8,5,19,45,330,39,RUE DES QUATRE CASTERA,,,Plein jour,En agglomération,Intersection en T,Normale,Deux véhicules - côté,,,,,,,,,,,1,2,3,1.0,3.0
201100027774,0011-08-08 09:00:00,11,8,8,9,0,330,550,CHEM DE GALGON,,,Plein jour,En agglomération,Intersection en Y,Normale,Deux véhicules - côté,,,,,,,,,,,1,2,4,1.0,3.0
201100027775,0011-08-07 15:35:00,11,8,7,15,35,330,75,RTE DU MEDOC,,,Plein jour,En agglomération,Intersection en T,Normale,Deux véhicules - arrière,,,,,,,,,,,1,2,3,1.0,2.0
201100027776,0011-08-15 06:17:00,11,8,15,6,17,330,63,"146, BD GEORGE V",,,Crépuscule ou aube,En agglomération,Hors intersection,Normale,Autre collision,,,,,,,,,,,2,2,1,1.0,6.0
201100027777,0011-08-14 18:00:00,11,8,14,18,0,330,63,"43, RUE CONDILLAC",,,Plein jour,En agglomération,Intersection en X,Normale,Deux véhicules - arrière,,,,,,,,,,,1,2,2,1.0,2.0
201100027778,0011-08-15 23:45:00,11,8,15,23,45,330,63,AVE DE LAROQUE,,,Nuit avec éclairage allumé,En agglomération,Intersection en X,Normale,Deux véhicules - côté,,,,,,,,,,,5,2,2,1.0,3.0
201100027779,0011-08-12 00:10:00,11,8,12,0,10,330,249,RUE MICHEL MONTAIGNE,,,Nuit avec éclairage allumé,En agglomération,Intersection en X,Normale,Deux véhicules - arrière,,,,,,,,,,,5,2,2,1.0,2.0
201100027780,0011-08-17 02:40:00,11,8,17,2,40,330,63,BD ALFRED DANEY,,,Nuit sans éclairage public,En agglomération,Giratoire,Normale,Autre collision,,,,,,,,,,,3,2,6,1.0,6.0
201100027781,0011-08-09 16:40:00,11,8,9,16,40,330,281,AVE DE L'ARGONNE,,,Plein jour,En agglomération,Hors intersection,Normale,Deux véhicules - côté,,,,,,,,,,,1,2,1,1.0,3.0
201100027782,0011-08-17 12:20:00,11,8,17,12,20,330,63,ALL DE BOUTAUT,,,Plein jour,En agglomération,Hors intersection,Normale,Trois véhicules et plus - collisions multiples,,,,,,,,,,,1,2,1,1.0,5.0
201100027783,0011-08-19 11:10:00,11,8,19,11,10,330,63,RUE JUDAIQUE,,,Plein jour,En agglomération,Intersection en T,Normale,Deux véhicules - côté,,,,,,,,,,,1,2,3,1.0,3.0
201100027784,0011-08-20 00:30:00,11,8,20,0,30,330,63,RUE DE TAUZIA,,,Nuit avec éclairage allumé,En agglomération,Intersection en X,Normale,Deux véhicules - côté,,,,,,,,,,,5,2,2,1.0,3.0
201100027785,0011-08-21 00:01:00,11,8,21,0,1,330,63,BD ALFRED DANEY,,,Nuit avec éclairage allumé,En agglomération,Giratoire,Normale,Autre collision,,,,,,,,,,,5,2,6,1.0,6.0
201100027786,0011-08-12 13:20:00,11,8,12,13,20,330,550,RTE DE TOULOUSE,,,Plein jour,En agglomération,Intersection en X,Normale,Deux véhicules - arrière,,,,,,,,,,,1,2,2,1.0,2.0
201100027787,0011-08-22 19:10:00,11,8,22,19,10,330,63,RUE MAZARIN,,,Plein jour,En agglomération,Intersection en X,Normale,Deux véhicules - côté,,,,,,,,,,,1,2,2,1.0,3.0
201100027788,0011-08-22 17:00:00,11,8,22,17,0,330,63,AVE DE NONTRASTE,,,Plein jour,En agglomération,Hors intersection,Normale,Trois véhicules et plus - en chaîne,,,,,,,,,,,1,2,1,1.0,4.0
201100027789,0011-08-22 00:30:00,11,8,22,0,30,330,318,AVE PASTEUR,,,Nuit avec éclairage allumé,En agglomération,Intersection à plus de 4 branches,Normale,Deux véhicules - côté,,,,,,,,,,,5,2,5,1.0,3.0
201100027790,0011-08-23 15:50:00,11,8,23,15,50,330,63,CRS DU MARECHAL GALLIENI,,,Plein jour,En agglomération,Intersection en X,Normale,Deux véhicules - côté,,,,,,,,,,,1,2,2,1.0,3.0
201100027791,0011-08-23 17:20:00,11,8,23,17,20,330,63,RUE PERMENTADE,,,Plein jour,En agglomération,Intersection en X,Normale,Deux véhicules - côté,,,,,,,,,,,1,2,2,1.0,3.0
201100027792,0011-08-23 15:15:00,11,8,23,15,15,330,63,RUE MALBEC,,,Plein jour,En agglomération,Intersection en X,Normale,Autre collision,,,,,,,,,,,1,2,2,1.0,6.0
201100027793,0011-08-24 09:20:00,11,8,24,9,20,330,63,RUE AMEDEE SAINT-GERMAIN,,,Plein jour,En agglomération,Hors intersection,Temps couvert,Deux véhicules - arrière,,,,,,,,,,,1,2,1,8.0,2.0
201100027794,0011-08-19 15:30:00,11,8,19,15,30,330,281,"16, AVE DES MARTYRS DE L",,,Plein jour,En agglomération,Hors intersection,Normale,Autre collision,,,,,,,,,,,1,2,1,1.0,6.0
201100027795,0011-08-25 11:20:00,11,8,25,11,20,330,63,BD DU PRESIDENT WILSON,,,Plein jour,En agglomération,Intersection en X,Normale,Deux véhicules - côté,,,,,,,,,,,1,2,2,1.0,3.0
201100027796,0011-08-22 16:35:00,11,8,22,16,35,330,281,AVE MARCEL DASSAULT,,,Plein jour,En agglomération,Giratoire,Normale,Trois véhicules et plus - collisions multiples,,,,,,,,,,,1,2,6,1.0,5.0
201100027797,0011-08-22 19:50:00,11,8,22,19,50,330,281,AVE MARCEL DASSAULT,,,Plein jour,En agglomération,Intersection en T,Normale,Trois véhicules et plus - en chaîne,,,,,,,,,,,1,2,3,1.0,4.0
201100027798,0011-08-22 14:20:00,11,8,22,14,20,330,39,PARKING RIVE D'ARCINS,,,Plein jour,En agglomération,Intersection en T,Normale,Deux véhicules - côté,,,,,,,,,,,1,2,3,1.0,3.0
201100027799,0011-08-26 20:25:00,11,8,26,20,25,330,63,CRS D'ALBRET,,,Plein jour,En agglomération,Intersection en T,Normale,Deux véhicules - arrière,,,,,,,,,,,1,2,3,1.0,2.0
201100027800,0011-08-28 05:50:00,11,8,28,5,50,330,63,RUE LUCIEN FAURE,,,Nuit avec éclairage allumé,En agglomération,Intersection en X,Normale,Autre collision,,,,,,,,,,,5,2,2,1.0,6.0
201100027801,0011-08-27 16:00:00,11,8,27,16,0,330,63,"19, AVE THIERS",,,Plein jour,En agglomération,Hors intersection,Normale,Autre collision,,,,,,,,,,,1,2,1,1.0,6.0
201100027802,0011-08-24 11:30:00,11,8,24,11,30,330,39,AVE MAL DE LATTRE DE TAS,,,Plein jour,En agglomération,Intersection à plus de 4 branches,Normale,Deux véhicules - côté,,,,,,,,,,,1,2,5,1.0,3.0
201100027803,0011-08-26 14:15:00,11,8,26,14,15,330,550,"473, RTE DE TOULOUSE",,,Plein jour,En agglomération,Hors intersection,Normale,Trois véhicules et plus - en chaîne,,,,,,,,,,,1,2,1,1.0,4.0
201100027804,0011-08-30 19:30:00,11,8,30,19,30,330,63,"279, BD JEAN-JACQUES BOS",,,Plein jour,En agglomération,Hors intersection,Normale,Deux véhicules - arrière,,,,,,,,,,,1,2,1,1.0,2.0
201100027805,0011-08-24 17:30:00,11,8,24,17,30,330,192,AVE DE LA POTERIE,,,Plein jour,En agglomération,Intersection en T,Normale,Deux véhicules - côté,,,,,,,,,,,1,2,3,1.0,3.0
201100027806,0011-08-26 18:18:00,11,8,26,18,18,330,281,AVE FRANCOIS MITTERRAND,,,Plein jour,En agglomération,Hors intersection,Pluie légère,Trois véhicules et plus - en chaîne,,,,,,,,,,,1,2,1,2.0,4.0
201100027807,0011-08-28 20:05:00,11,8,28,20,5,330,281,ALL DES ACACIAS,,,Plein jour,En agglomération,Intersection en T,Normale,Deux véhicules - côté,,,,,,,,,,,1,2,3,1.0,3.0
201100027808,0011-08-13 16:40:00,11,8,13,16,40,330,318,AVE JEAN JAURES,,,Plein jour,En agglomération,Intersection en X,Normale,Deux véhicules - côté,,,,,,,,,,,1,2,2,1.0,3.0
201100027809,0011-08-28 13:40:00,11,8,28,13,40,330,63,RUE PEYRONNET,,,Plein jour,En agglomération,Intersection en X,Normale,Autre collision,,,,,,,,,,,1,2,2,1.0,6.0
201100027810,0011-08-28 22:10:00,11,8,28,22,10,330,281,AVE DU MARECHAL LECLERC,,,Nuit avec éclairage allumé,En agglomération,Giratoire,Normale,Deux véhicules - côté,,,,,,,,,,,5,2,6,1.0,3.0
201100027811,0011-08-31 17:30:00,11,8,31,17,30,330,63,RUE DOC CHARLES NANCEL P,,,Plein jour,En agglomération,Intersection en X,Normale,Autre collision,,,,,,,,,,,1,2,2,1.0,6.0
201100027812,0011-08-21 12:55:00,11,8,21,12,55,330,318,AVE DU BOURGAILH,,,Plein jour,En agglomération,Intersection en X,Normale,Deux véhicules - côté,,,,,,,,,,,1,2,2,1.0,3.0
201100027813,0011-08-09 08:30:00,11,8,9,8,30,330,318,AVE PAUL MONTAGNE,,,Plein jour,En agglomération,Intersection en T,Normale,Deux véhicules - côté,,,,,,,,,,,1,2,3,1.0,3.0
201100027814,0011-08-28 12:40:00,11,8,28,12,40,330,75,AVE MARTYRS DE LA RESIST,,,Plein jour,En agglomération,Intersection en X,Normale,Deux véhicules - côté,,,,,,,,,,,1,2,2,1.0,3.0
201100027815,0011-08-29 09:15:00,11,8,29,9,15,330,63,RUE DE BEGLES,,,Plein jour,En agglomération,Intersection en X,Normale,Autre collision,,,,,,,,,,,1,2,2,1.0,6.0
201100027816,0011-08-29 18:20:00,11,8,29,18,20,330,318,AVE PEY BERLAND,,,Plein jour,En agglomération,Hors intersection,Normale,Deux véhicules - côté,,,,,,,,,,,1,2,1,1.0,3.0
201100027817,0011-09-03 18:40:00,11,9,3,18,40,330,63,BD ALIENOR D'AQUITAINE,,,Plein jour,En agglomération,Hors intersection,Temps couvert,Trois véhicules et plus - en chaîne,,,,,,,,,,,1,2,1,8.0,4.0
201100027818,0011-08-30 17:45:00,11,8,30,17,45,330,318,AVE DE GRADIGNAN,,,Plein jour,En agglomération,Giratoire,Normale,Deux véhicules - arrière,,,,,,,,,,,1,2,6,1.0,2.0
201100027819,0011-09-02 15:15:00,11,9,2,15,15,330,63,CRS DE L'YSER,,,Plein jour,En agglomération,Intersection en X,Normale,Deux véhicules - arrière,,,,,,,,,,,1,2,2,1.0,2.0
201100027820,0011-09-03 06:25:00,11,9,3,6,25,330,63,CRS D'ALBRET,,,Nuit avec éclairage allumé,En agglomération,Intersection en T,Pluie légère,Autre collision,,,,,,,,,,,5,2,3,2.0,6.0
201100027821,0011-08-29 15:50:00,11,8,29,15,50,330,69,RUE AMIRAL COURBET,,,Plein jour,En agglomération,Intersection en X,Normale,Deux véhicules - côté,,,,,,,,,,,1,2,2,1.0,3.0
201100027822,0011-08-31 09:45:00,11,8,31,9,45,330,75,RUE ALFRED BERT,,,Plein jour,En agglomération,Hors intersection,Normale,Deux véhicules - frontale,,,,,,,,,,,1,2,1,1.0,1.0
201100027823,0011-09-05 08:10:00,11,9,5,8,10,330,119,BD ENTRE DEUX MERS,,,Plein jour,En agglomération,Intersection à plus de 4 branches,Normale,Deux véhicules - côté,,,,,,,,,,,1,2,5,1.0,3.0
201100027824,0011-08-26 10:15:00,11,8,26,10,15,330,69,RUE BAUDIN,,,Plein jour,En agglomération,Intersection en X,Normale,Deux véhicules - côté,,,,,,,,,,,1,2,2,1.0,3.0
201100027825,0011-08-30 21:20:00,11,8,30,21,20,330,75,"35, AVE CHARLES DE GAULL",,,Nuit avec éclairage allumé,Hors agglomération,Intersection en T,Normale,Sans collision,,,,,,,,,,,5,1,3,1.0,7.0
201100027826,0011-09-02 19:10:00,11,9,2,19,10,330,63,BD ALFRED DANEY,,,Plein jour,En agglomération,Intersection à plus de 4 branches,Normale,Deux véhicules - côté,,,,,,,,,,,1,2,5,1.0,3.0
201100027827,0011-08-30 23:30:00,11,8,30,23,30,330,550,CHEM DE PAUGE,,,Nuit avec éclairage allumé,En agglomération,Hors intersection,Normale,Deux véhicules - arrière,,,,,,,,,,,5,2,1,1.0,2.0
201100027828,0011-08-30 14:15:00,11,8,30,14,15,330,522,CRS DE LA LIBERATION,,,Plein jour,En agglomération,Hors intersection,Normale,Trois véhicules et plus - en chaîne,,,,,,,,,,,1,2,1,1.0,4.0
201100027829,0011-09-07 16:00:00,11,9,7,16,0,330,63,QUAI LOUIS XVIII,,,Plein jour,En agglomération,Autre intersection,Pluie légère,Deux véhicules - côté,,,,,,,,,,,1,2,9,2.0,3.0
201100027830,0011-09-07 13:15:00,11,9,7,13,15,330,63,BD DU PRESIDENT WILSON,,,Plein jour,En agglomération,Intersection en X,Pluie légère,Trois véhicules et plus - collisions multiples,,,,,,,,,,,1,2,2,2.0,5.0
201100027831,0011-09-03 23:55:00,11,9,3,23,55,330,318,"1, RUE DE LA POUDRIERE",,,Nuit avec éclairage allumé,En agglomération,Hors intersection,Normale,Deux véhicules - côté,,,,,,,,,,,5,2,1,1.0,3.0
201100027832,0011-09-01 08:40:00,11,9,1,8,40,330,75,AVE DES 4 PONTS,,,Plein jour,En agglomération,Intersection en T,Pluie légère,Trois véhicules et plus - en chaîne,,,,,,,,,,,1,2,3,2.0,4.0
201100027833,0011-09-01 16:15:00,11,9,1,16,15,330,318,AVE JEAN JAURES,,,Plein jour,En agglomération,Intersection en X,Normale,Deux véhicules - côté,,,,,,,,,,,1,2,2,1.0,3.0
201100027834,0011-09-07 15:43:00,11,9,7,15,43,330,281,AVE DE LA MARNE,,,Plein jour,En agglomération,Hors intersection,Pluie légère,Deux véhicules - arrière,,,,,,,,,,,1,2,1,2.0,2.0
201100027835,0011-09-01 06:15:00,11,9,1,6,15,330,281,AVE MARCEL DASSAULT,,,Nuit avec éclairage allumé,En agglomération,Giratoire,Pluie légère,Autre collision,,,,,,,,,,,5,2,6,2.0,6.0
201100027836,0011-09-07 13:50:00,11,9,7,13,50,330,63,"60, CITE SNCF/BD JEAN JA",,,Plein jour,En agglomération,Hors intersection,Normale,Trois véhicules et plus - en chaîne,,,,,,,,,,,1,2,1,1.0,4.0
201100027837,0011-09-05 14:57:00,11,9,5,14,57,330,119,AVE RENE CASSAGNE,,,Plein jour,En agglomération,Giratoire,Normale,Deux véhicules - côté,,,,,,,,,,,1,2,6,1.0,3.0
201100027838,0011-09-03 15:20:00,11,9,3,15,20,330,32,AVE FELIX CAILLEAU,,,Plein jour,En agglomération,Intersection en Y,Normale,Autre collision,,,,,,,,,,,1,2,4,1.0,6.0
201100027839,0011-09-09 06:20:00,11,9,9,6,20,330,63,"30, BD ANTOINE GAUTIER",,,Nuit avec éclairage allumé,En agglomération,Intersection en X,Normale,Deux véhicules - arrière,,,,,,,,,,,5,2,2,1.0,2.0
201100027840,0011-09-08 08:10:00,11,9,8,8,10,330,63,"477, AVE DU MAL DE LATTR",,,Plein jour,En agglomération,Intersection en T,Pluie légère,Deux véhicules - arrière,,,,,,,,,,,1,2,3,2.0,2.0
201100027841,0011-09-09 09:56:00,11,9,9,9,56,330,63,RUE JULES FERRY CAUD,,,Plein jour,En agglomération,Hors intersection,Normale,Deux véhicules - frontale,,,,,,,,,,,1,2,1,1.0,1.0
201100027842,0011-09-07 19:30:00,11,9,7,19,30,330,318,AVE DE LA TUILERANNE,,,Plein jour,En agglomération,Hors intersection,Normale,Deux véhicules - côté,,,,,,,,,,,1,2,1,1.0,3.0
201100027843,0011-09-12 15:20:00,11,9,12,15,20,330,63,"29, RUE DU MIRAIL",,,Plein jour,En agglomération,Hors intersection,Normale,Deux véhicules - arrière,,,,,,,,,,,1,2,1,1.0,2.0
201100027844,0011-09-11 01:10:00,11,9,11,1,10,330,63,"184, AVE THIERS",,,Nuit avec éclairage allumé,En agglomération,Hors intersection,Normale,Sans collision,,,,,,,,,,,5,2,1,1.0,7.0
201100027845,0011-09-07 18:10:00,11,9,7,18,10,330,318,MAIL PIERRE MENDES FRANC,,,Plein jour,En agglomération,Intersection en T,Pluie légère,Deux véhicules - côté,,,,,,,,,,,1,2,3,2.0,3.0
201100027846,0011-09-07 12:00:00,11,9,7,12,0,330,281,AVE PRESIDENT J.F. KENNE,,,Plein jour,En agglomération,Intersection en X,Pluie légère,Deux véhicules - côté,,,,,,,,,,,1,2,2,2.0,3.0
201100027847,0011-09-12 17:40:00,11,9,12,17,40,330,63,PCE PEY BERLAND,,,Plein jour,En agglomération,Place,Normale,Autre collision,,,,,,,,,,,1,2,7,1.0,6.0
201100027848,0011-09-13 16:45:00,11,9,13,16,45,330,63,PONT DE PIERRE,,,Plein jour,En agglomération,Hors intersection,Normale,Deux véhicules - arrière,,,,,,,,,,,1,2,1,1.0,2.0
201100027849,0011-09-13 18:50:00,11,9,13,18,50,330,63,RUE JEAN RENAUD DANDICOL,,,Plein jour,En agglomération,Intersection en T,Normale,Deux véhicules - côté,,,,,,,,,,,1,2,3,1.0,3.0
201100027850,0011-09-07 14:30:00,11,9,7,14,30,330,39,AVE ROGER SALENGRO,,,Plein jour,En agglomération,Giratoire,Pluie légère,Deux véhicules - côté,,,,,,,,,,,1,2,6,2.0,3.0
201100027851,0011-09-14 11:18:00,11,9,14,11,18,330,63,RUE SULLIVAN,,,Plein jour,En agglomération,Intersection à plus de 4 branches,Normale,Autre collision,,,,,,,,,,,1,2,5,1.0,6.0
201100027852,0011-09-07 12:30:00,11,9,7,12,30,330,318,AVE DU DOCTEUR NANCEL PE,,,Plein jour,En agglomération,Giratoire,Normale,Deux véhicules - côté,,,,,,,,,,,1,2,6,1.0,3.0
201100027853,0011-09-15 22:00:00,11,9,15,22,0,330,63,RUE ABBE DE L'EPEE,,,Nuit avec éclairage allumé,En agglomération,Intersection en X,Normale,Deux véhicules - côté,,,,,,,,,,,5,2,2,1.0,3.0
201100027854,0011-09-14 17:45:00,11,9,14,17,45,330,63,AVE LOUIS BARTHOU CAUD,,,Plein jour,En agglomération,Intersection en Y,Normale,Deux véhicules - côté,,,,,,,,,,,1,2,4,1.0,3.0
201100027855,0011-09-15 07:35:00,11,9,15,7,35,330,522,RUE ALDONA,,,Plein jour,En agglomération,Intersection à plus de 4 branches,Normale,Deux véhicules - côté,,,,,,,,,,,1,2,5,1.0,3.0
201100027856,0011-09-16 02:40:00,11,9,16,2,40,330,63,"21, ALL HAUSMANN",,,Nuit avec éclairage allumé,En agglomération,Hors intersection,Normale,Autre collision,,,,,,,,,,,5,2,1,1.0,6.0
201100027857,0011-09-17 22:40:00,11,9,17,22,40,330,63,"66, CRS GEORGES CLEMENCE",,,Nuit avec éclairage allumé,En agglomération,Hors intersection,Pluie légère,Deux véhicules - côté,,,,,,,,,,,5,2,1,2.0,3.0
201100027858,0011-09-16 12:45:00,11,9,16,12,45,330,63,CRS DU MARECHAL GALLIENI,,,Plein jour,En agglomération,Intersection en X,Normale,Deux véhicules - côté,,,,,,,,,,,1,2,2,1.0,3.0
201100027859,0011-09-12 17:50:00,11,9,12,17,50,330,318,AVE DES PROVINCES,,,Plein jour,En agglomération,Giratoire,Normale,Deux véhicules - arrière,,,,,,,,,,,1,2,6,1.0,2.0
201100027860,0011-09-17 11:20:00,11,9,17,11,20,330,63,"87, RUE DU TONDU",,,Plein jour,En agglomération,Hors intersection,Normale,Deux véhicules - côté,,,,,,,,,,,1,2,1,1.0,3.0
201100027861,0011-09-12 16:35:00,11,9,12,16,35,330,39,"40, AVE JEANNE D'ARC",,,Plein jour,En agglomération,Hors intersection,Normale,Deux véhicules - côté,,,,,,,,,,,1,2,1,1.0,3.0
201100027862,0011-09-13 14:45:00,11,9,13,14,45,330,318,AVE PASTEUR,,,Plein jour,En agglomération,Intersection en Y,Normale,Deux véhicules - côté,,,,,,,,,,,1,2,4,1.0,3.0
201100027863,0011-09-16 13:56:00,11,9,16,13,56,330,63,"43, BD ANTOINE GAUTIER",,,Plein jour,En agglomération,Hors intersection,Normale,Trois véhicules et plus - en chaîne,,,,,,,,,,,1,2,1,1.0,4.0
201100027864,0011-09-13 08:05:00,11,9,13,8,5,330,63,BD DU PRESIDENT WILSON,,,Plein jour,En agglomération,Intersection en Y,Normale,Deux véhicules - arrière,,,,,,,,,,,1,2,4,1.0,2.0
201100027865,0011-09-09 21:49:00,11,9,9,21,49,330,522,AVE ROUL,,,Nuit avec éclairage allumé,En agglomération,Giratoire,Normale,Sans collision,,,,,,,,,,,5,2,6,1.0,7.0
201100027866,0011-09-19 17:42:00,11,9,19,17,42,330,522,"545, CRS DE LA LIBERATIO",,,Plein jour,En agglomération,Hors intersection,Normale,Autre collision,,,,,,,,,,,1,2,1,1.0,6.0
201100027867,0011-09-19 10:50:00,11,9,19,10,50,330,63,RUE DAVID JOHNSTON,,,Plein jour,En agglomération,Intersection en X,Pluie légère,Deux véhicules - côté,,,,,,,,,,,1,2,2,2.0,3.0
201100027868,0011-09-13 16:10:00,11,9,13,16,10,330,522,"320, CRS MARECHAL GALLIE",,,Plein jour,En agglomération,Hors intersection,Normale,Trois véhicules et plus - en chaîne,,,,,,,,,,,1,2,1,1.0,4.0
201100027869,0011-09-13 10:06:00,11,9,13,10,6,330,522,"142, AVE ROUL",,,Plein jour,En agglomération,Hors intersection,Normale,Autre collision,,,,,,,,,,,1,2,1,1.0,6.0
201100027870,0011-09-19 12:40:00,11,9,19,12,40,330,522,"48, RUE ANATOLE FRANCE",,,Plein jour,En agglomération,Hors intersection,Pluie légère,Autre collision,,,,,,,,,,,1,2,1,2.0,6.0
201100027871,0011-09-19 16:10:00,11,9,19,16,10,330,63,"107, CRS D'ALBRET",,,Nuit avec éclairage non allumé,En agglomération,Hors intersection,Normale,Sans collision,,,,,,,,,,,4,2,1,1.0,7.0
201100027872,0011-09-20 11:20:00,11,9,20,11,20,330,63,CRS VICTOR HUGO,,,Plein jour,En agglomération,Intersection en T,Pluie légère,Deux véhicules - côté,,,,,,,,,,,1,2,3,2.0,3.0
201100027873,0011-09-20 14:50:00,11,9,20,14,50,330,63,"351, BD DU PRESIDENT WIL",,,Plein jour,En agglomération,Hors intersection,Normale,Deux véhicules - côté,,,,,,,,,,,1,2,1,1.0,3.0
201100027874,0011-09-13 19:50:00,11,9,13,19,50,330,522,RUE BLAISE PASCAL,,,Crépuscule ou aube,En agglomération,Intersection en T,Normale,Sans collision,,,,,,,,,,,2,2,3,1.0,7.0
201100027875,0011-09-20 12:10:00,11,9,20,12,10,330,63,"365, AVE THIERS",,,Plein jour,En agglomération,Intersection en X,Normale,Deux véhicules - côté,,,,,,,,,,,1,2,2,1.0,3.0
201100027876,0011-09-14 15:50:00,11,9,14,15,50,330,249,"76, RUE LAVERGNE",,,Plein jour,En agglomération,Hors intersection,Normale,Autre collision,,,,,,,,,,,1,2,1,1.0,6.0
201100027877,0011-09-20 19:25:00,11,9,20,19,25,330,63,"111, CRS DU MEDOC",,,Crépuscule ou aube,En agglomération,Intersection en X,Normale,Autre collision,,,,,,,,,,,2,2,2,1.0,6.0
201100027878,0011-09-20 09:40:00,11,9,20,9,40,330,63,"204, CRS SAINT LOUIS",,,Plein jour,En agglomération,Hors intersection,Normale,Sans collision,,,,,,,,,,,1,2,1,1.0,7.0
201100027879,0011-09-15 08:35:00,11,9,15,8,35,330,522,AVE DES ARTS ET METIERS,,,Plein jour,En agglomération,Giratoire,Normale,Deux véhicules - côté,,,,,,,,,,,1,2,6,1.0,3.0
201100027880,0011-09-17 06:15:00,11,9,17,6,15,330,119,"135, AVE RENE CASSAGNE",,,Nuit avec éclairage allumé,En agglomération,Giratoire,Normale,Autre collision,,,,,,,,,,,5,2,6,1.0,6.0
201100027881,0011-09-15 14:50:00,11,9,15,14,50,330,281,AVE DE LA GRANGE NOIRE,,,Plein jour,En agglomération,Intersection en X,Normale,Deux véhicules - côté,,,,,,,,,,,1,2,2,1.0,3.0
201100027882,0011-09-15 09:20:00,11,9,15,9,20,330,281,AVE DE L'YSER,,,Plein jour,En agglomération,Intersection en T,Normale,Deux véhicules - côté,,,,,,,,,,,1,2,3,1.0,3.0
201100027883,0011-09-18 21:30:00,11,9,18,21,30,330,281,AVE DU MARECHAL LECLERC,,,Nuit avec éclairage allumé,En agglomération,Intersection en X,Pluie légère,Deux véhicules - côté,,,,,,,,,,,5,2,2,2.0,3.0
201100027884,0011-09-22 16:05:00,11,9,22,16,5,330,63,"25, PCE MARTYRS DE LA RE",,,Plein jour,En agglomération,Intersection en X,Normale,Deux véhicules - côté,,,,,,,,,,,1,2,2,1.0,3.0
201100027885,0011-09-22 07:30:00,11,9,22,7,30,330,63,"50, BD MARECHAL LECLERC",,,Plein jour,En agglomération,Hors intersection,Normale,Autre collision,,,,,,,,,,,1,2,1,1.0,6.0
201100027886,0011-09-22 18:45:00,11,9,22,18,45,330,63,"00, CRS VICTOR HUGO",,,Plein jour,En agglomération,Intersection en T,Normale,Deux véhicules - côté,,,,,,,,,,,1,2,3,1.0,3.0
201100027887,0011-09-22 14:25:00,11,9,22,14,25,330,63,"4, PCE GAMBETTA",,,Plein jour,En agglomération,Hors intersection,Normale,Autre collision,,,,,,,,,,,1,2,1,1.0,6.0
201100027888,0011-09-21 16:55:00,11,9,21,16,55,330,63,ALL DE TOURNY,,,Plein jour,En agglomération,Intersection en T,Temps éblouissant,Autre collision,,,,,,,,,,,1,2,3,7.0,6.0
201100027889,0011-09-25 03:00:00,11,9,25,3,0,330,63,RUE SOUBIRAS CAUD,,,Nuit avec éclairage allumé,En agglomération,Hors intersection,Normale,Deux véhicules - arrière,,,,,,,,,,,5,2,1,1.0,2.0
201100027890,0011-09-16 17:50:00,11,9,16,17,50,330,318,VOIE ROMAINE,,,Plein jour,En agglomération,Giratoire,Normale,Deux véhicules - côté,,,,,,,,,,,1,2,6,1.0,3.0
201100027891,0011-09-25 07:10:00,11,9,25,7,10,330,63,"19, QUAI DES SALINIERES",,,Nuit avec éclairage allumé,En agglomération,Hors intersection,Normale,Autre collision,,,,,,,,,,,5,2,1,1.0,6.0
201100027892,0011-09-23 14:00:00,11,9,23,14,0,330,63,RUE POMME D'OR,,,Plein jour,En agglomération,Intersection en X,Normale,Deux véhicules - côté,,,,,,,,,,,1,2,2,1.0,3.0
201100027893,0011-09-23 20:00:00,11,9,23,20,0,330,63,ALL JEAN GIONO,,,Nuit avec éclairage allumé,En agglomération,Intersection en X,Normale,Deux véhicules - côté,,,,,,,,,,,5,2,2,1.0,3.0
201100027894,0011-09-23 10:15:00,11,9,23,10,15,330,63,CRS DE L'ARGONNE,,,Plein jour,En agglomération,Intersection à plus de 4 branches,Normale,Deux véhicules - côté,,,,,,,,,,,1,2,5,1.0,3.0
201100027895,0011-09-23 21:20:00,11,9,23,21,20,330,63,RUE CLAUDE BONNIER,,,Nuit avec éclairage allumé,En agglomération,Intersection en T,Normale,Deux véhicules - arrière,,,,,,,,,,,5,2,3,1.0,2.0
201100027896,0011-09-24 05:40:00,11,9,24,5,40,330,63,QUAI DU MAROC,,,Nuit avec éclairage allumé,En agglomération,Hors intersection,Normale,Autre collision,,,,,,,,,,,5,2,1,1.0,6.0
201100027897,0011-09-25 06:25:00,11,9,25,6,25,330,281,RUE D'EYSINES,,,Nuit avec éclairage allumé,En agglomération,Intersection en X,Normale,Deux véhicules - côté,,,,,,,,,,,5,2,2,1.0,3.0
201100027898,0011-09-26 12:10:00,11,9,26,12,10,330,63,RUE PASTEUR CAUD,,,Plein jour,En agglomération,Intersection en X,Normale,Deux véhicules - côté,,,,,,,,,,,1,2,2,1.0,3.0
201100027899,0011-09-26 09:10:00,11,9,26,9,10,330,63,RUE LE CHAPELIER,,,Plein jour,En agglomération,Intersection à plus de 4 branches,Normale,Deux véhicules - côté,,,,,,,,,,,1,2,5,1.0,3.0
201100027900,0011-09-26 14:10:00,11,9,26,14,10,330,63,"10, RUE CLARE",,,Plein jour,En agglomération,Hors intersection,Normale,Autre collision,,,,,,,,,,,1,2,1,1.0,6.0
201100027901,0011-09-23 08:50:00,11,9,23,8,50,330,281,MERIGNAC (AVENUE DE),,,Plein jour,En agglomération,Intersection en T,Normale,Deux véhicules - côté,,,,,,,,,,,1,2,3,1.0,3.0