accident_id,datetime,annee,mois,jour,heure,minute,departement,commune_insee,adresse,latitude,longitude,luminosite,agglomeration,intersection,meteo,collision,nb_vehicules,nb_usagers,nb_indemnes,nb_tues,nb_blesses_hosp,nb_blesses_legers,age_cond_1,age_cond_2,veh_type_cond_1,veh_type_cond_2,lum_code,agg_code,int_code,atm_code,col_code
201100028031,0011-10-30 06:00:00,11,10,30,6,0,330,63,RUE DE PESSAC,,,Nuit avec éclairage allumé,En agglomération,Intersection en T,Normale,Autre collision,,,,,,,,,,,5,2,3,1.0,6.0
201100028032,0011-10-29 02:00:00,11,10,29,2,0,330,63,RUE MARECHAL JOFFRE,,,Nuit avec éclairage allumé,En agglomération,Intersection en X,Normale,Deux véhicules - côté,,,,,,,,,,,5,2,2,1.0,3.0
201100028033,0011-10-20 08:20:00,11,10,20,8,20,330,39,RUE DES TIOCS,,,Plein jour,En agglomération,Intersection en T,Normale,Autre collision,,,,,,,,,,,1,2,3,1.0,6.0
201100028034,0011-10-28 23:00:00,11,10,28,23,0,330,63,RUE CAMILLE GODARD,,,Nuit avec éclairage allumé,En agglomération,Intersection à plus de 4 branches,Normale,Deux véhicules - frontale,,,,,,,,,,,5,2,5,1.0,1.0
201100028035,0011-10-26 07:30:00,11,10,26,7,30,330,318,AVE DE BEUTRE,,,Nuit avec éclairage allumé,En agglomération,Intersection en T,Normale,Autre collision,,,,,,,,,,,5,2,3,1.0,6.0
201100028036,0011-10-31 19:20:00,11,10,31,19,20,330,63,BD GEORGES POMPIDOU,,,Nuit avec éclairage allumé,En agglomération,Intersection en X,Normale,Deux véhicules - côté,,,,,,,,,,,5,2,2,1.0,3.0
201100028037,0011-10-31 17:00:00,11,10,31,17,0,330,63,BD GODARD,,,Plein jour,En agglomération,Intersection en T,Normale,Deux véhicules - arrière,,,,,,,,,,,1,2,3,1.0,2.0
201100028038,0011-10-31 16:50:00,11,10,31,16,50,330,63,RUE LUCIEN FAURE,,,Crépuscule ou aube,En agglomération,Intersection à plus de 4 branches,Normale,Deux véhicules - côté,,,,,,,,,,,2,2,5,1.0,3.0
201100028039,0011-10-24 17:10:00,11,10,24,17,10,330,550,AVE BARRET,,,Plein jour,En agglomération,Hors intersection,Pluie légère,Deux véhicules - frontale,,,,,,,,,,,1,2,1,2.0,1.0
201100028040,0011-11-02 20:10:00,11,11,2,20,10,330,63,"209, RUE DE SAINT GENES",,,Nuit avec éclairage allumé,En agglomération,Hors intersection,Pluie légère,Deux véhicules - arrière,,,,,,,,,,,5,2,1,2.0,2.0
201100028041,0011-11-02 12:40:00,11,11,2,12,40,330,63,BD DU PDT FRANKLIN ROOSE,,,Plein jour,En agglomération,Intersection en X,Normale,Deux véhicules - côté,,,,,,,,,,,1,2,2,1.0,3.0
201100028042,0011-11-02 09:00:00,11,11,2,9,0,330,63,"160, BD DU PDT FRANKLIN",,,Plein jour,En agglomération,Intersection à plus de 4 branches,Normale,Deux véhicules - arrière,,,,,,,,,,,1,2,5,1.0,2.0
201100028043,0011-11-05 05:50:00,11,11,5,5,50,330,63,QUAI DE LA DOUANE,,,Nuit sans éclairage public,En agglomération,Hors intersection,Pluie légère,Autre collision,,,,,,,,,,,3,2,1,2.0,6.0
201100028044,0011-11-06 13:45:00,11,11,6,13,45,330,119,CHEM DE LISSANDRE,,,Plein jour,En agglomération,Hors intersection,Pluie légère,Deux véhicules - frontale,,,,,,,,,,,1,2,1,2.0,1.0
201100028045,0011-11-06 10:55:00,11,11,6,10,55,330,63,CRS LOUIS FARGUE,,,Plein jour,En agglomération,Intersection à plus de 4 branches,Pluie légère,Deux véhicules - côté,,,,,,,,,,,1,2,5,2.0,3.0
201100028046,0011-11-02 11:00:00,11,11,2,11,0,330,63,AVE DES QUARANTE JOURNAU,,,Plein jour,En agglomération,Intersection en Y,Normale,Deux véhicules - côté,,,,,,,,,,,1,2,4,1.0,3.0
201100028047,0011-10-30 17:15:00,11,10,30,17,15,330,281,RUE CONCORDE,,,Plein jour,En agglomération,Intersection en T,Normale,Deux véhicules - côté,,,,,,,,,,,1,2,3,1.0,3.0
201100028048,0011-10-28 10:00:00,11,10,28,10,0,330,318,"01, AVE JEAN CORDIER",,,Plein jour,En agglomération,Autre intersection,Normale,Deux véhicules - arrière,,,,,,,,,,,1,2,9,1.0,2.0
201100028049,0011-10-31 20:30:00,11,10,31,20,30,330,75,AVE DE LA JALLE NOIRE,,,Nuit avec éclairage allumé,En agglomération,Autre intersection,Normale,Deux véhicules - côté,,,,,,,,,,,5,2,9,1.0,3.0
201100028050,0011-11-01 17:50:00,11,11,1,17,50,330,63,AVE DE LAROQUE,,,Nuit avec éclairage allumé,En agglomération,Intersection en T,Normale,Deux véhicules - côté,,,,,,,,,,,5,2,3,1.0,3.0
201100028051,0011-11-02 13:15:00,11,11,2,13,15,330,281,AVE DE VERDUN,,,Plein jour,En agglomération,Intersection en X,Normale,Trois véhicules et plus - en chaîne,,,,,,,,,,,1,2,2,1.0,4.0
201100028052,0011-10-30 15:00:00,11,10,30,15,0,330,281,AVE MARCEL DASSAULT,,,Plein jour,Hors agglomération,Giratoire,Normale,Deux véhicules - côté,,,,,,,,,,,1,1,6,1.0,3.0
201100028053,0011-11-09 12:45:00,11,11,9,12,45,330,63,RUE DE BREZETS,,,Plein jour,En agglomération,Intersection en X,Normale,Deux véhicules - côté,,,,,,,,,,,1,2,2,1.0,3.0
201100028054,0011-11-02 20:08:00,11,11,2,20,8,330,550,RTE DE LEOGNAN,,,Nuit avec éclairage allumé,En agglomération,Intersection en X,Normale,Deux véhicules - côté,,,,,,,,,,,5,2,2,1.0,3.0
201100028055,0011-11-09 13:32:00,11,11,9,13,32,330,63,CRS DE LA SOMME,,,Plein jour,En agglomération,Intersection en X,Normale,Deux véhicules - côté,,,,,,,,,,,1,2,2,1.0,3.0
201100028056,0011-11-10 08:10:00,11,11,10,8,10,330,63,BD DU PRESIDENT WILSON,,,Plein jour,En agglomération,Intersection en X,Pluie légère,Deux véhicules - côté,,,,,,,,,,,1,2,2,2.0,3.0
201100028057,0011-11-10 20:10:00,11,11,10,20,10,330,63,"23, RUE DE BREZETS",,,Nuit avec éclairage allumé,En agglomération,Hors intersection,Normale,Deux véhicules - côté,,,,,,,,,,,5,2,1,1.0,3.0
201100028058,0011-11-13 05:35:00,11,11,13,5,35,330,63,RUE CHARLES DOMERCQ,,,Nuit avec éclairage allumé,En agglomération,Intersection en Y,Normale,Autre collision,,,,,,,,,,,5,2,4,1.0,6.0
201100028059,0011-11-04 12:15:00,11,11,4,12,15,330,281,AVE DE MAGUDAS,,,Plein jour,En agglomération,Hors intersection,Normale,Deux véhicules - côté,,,,,,,,,,,1,2,1,1.0,3.0
201100028060,0011-11-10 18:50:00,11,11,10,18,50,330,63,QUAI DE LA SOUYS,,,Nuit avec éclairage allumé,En agglomération,Hors intersection,Normale,Deux véhicules - arrière,,,,,,,,,,,5,2,1,1.0,2.0
201100028061,0011-11-07 18:00:00,11,11,7,18,0,330,281,RUE ROBERT LAURENT,,,Nuit avec éclairage allumé,En agglomération,Intersection en T,Normale,Deux véhicules - côté,,,,,,,,,,,5,2,3,1.0,3.0
201100028062,0011-11-07 18:00:00,11,11,7,18,0,330,550,RTE DE LEOGNAN,,,Nuit avec éclairage allumé,En agglomération,Intersection à plus de 4 branches,Normale,Trois véhicules et plus - collisions multiples,,,,,,,,,,,5,2,5,1.0,5.0
201100028063,0011-11-05 18:20:00,11,11,5,18,20,330,281,AVE ARISTIDE BRIAND,,,Nuit avec éclairage allumé,En agglomération,Intersection en X,Normale,Deux véhicules - côté,,,,,,,,,,,5,2,2,1.0,3.0
201100028064,0011-11-11 16:55:00,11,11,11,16,55,330,13,BD FEYDEAU,,,Plein jour,En agglomération,Intersection en X,Normale,Deux véhicules - côté,,,,,,,,,,,1,2,2,1.0,3.0
201100028065,0011-11-07 17:50:00,11,11,7,17,50,330,318,RUE GUILLAUME APOLLINAIR,,,Nuit avec éclairage allumé,En agglomération,Intersection en T,Normale,Deux véhicules - côté,,,,,,,,,,,5,2,3,1.0,3.0
201100028066,0011-11-11 17:30:00,11,11,11,17,30,330,63,AVE D'EYSINES CAUD,,,Plein jour,En agglomération,Intersection en T,Normale,Deux véhicules - côté,,,,,,,,,,,1,2,3,1.0,3.0
201100028067,0011-11-10 11:30:00,11,11,10,11,30,330,63,"5, RUE DE CURSOL",,,Plein jour,En agglomération,Hors intersection,Normale,Deux véhicules - arrière,,,,,,,,,,,1,2,1,1.0,2.0
201100028068,0011-11-09 17:15:00,11,11,9,17,15,330,249,RUE EDOUARD HERRIOT,,,Plein jour,En agglomération,Hors intersection,Normale,Autre collision,,,,,,,,,,,1,2,1,1.0,6.0
201100028069,0011-11-07 12:10:00,11,11,7,12,10,330,318,RUE JEAN PERRIN,,,Plein jour,En agglomération,Intersection en X,Normale,Trois véhicules et plus - collisions multiples,,,,,,,,,,,1,2,2,1.0,5.0
201100028070,0011-11-13 09:50:00,11,11,13,9,50,330,63,AVE DU MAL DE LATTRE DE,,,Plein jour,En agglomération,Intersection en X,Normale,Autre collision,,,,,,,,,,,1,2,2,1.0,6.0
201100028071,0011-11-12 18:40:00,11,11,12,18,40,330,63,"179, CRS DU MEDOC",,,Nuit avec éclairage allumé,En agglomération,Intersection en T,Normale,Deux véhicules - arrière,,,,,,,,,,,5,2,3,1.0,2.0
201100028072,0011-11-06 02:00:00,11,11,6,2,0,330,522,AVE DE LA GARE,,,Nuit avec éclairage allumé,En agglomération,Hors intersection,Pluie légère,Sans collision,,,,,,,,,,,5,2,1,2.0,7.0
201100028073,0011-11-14 11:55:00,11,11,14,11,55,330,63,RUE CHARLES DOMERCQ,,,Plein jour,En agglomération,Hors intersection,Normale,Autre collision,,,,,,,,,,,1,2,1,1.0,6.0
201100028074,0011-11-08 07:45:00,11,11,8,7,45,330,69,AVE DE TIVOLI,,,Plein jour,En agglomération,Intersection en X,Normale,Deux véhicules - côté,,,,,,,,,,,1,2,2,1.0,3.0
201100028075,0011-11-15 07:20:00,11,11,15,7,20,330,63,RTE DE TOULOUSE,,,Crépuscule ou aube,En agglomération,Intersection en T,Pluie légère,Trois véhicules et plus - collisions multiples,,,,,,,,,,,2,2,3,2.0,5.0
201100028076,0011-11-15 14:45:00,11,11,15,14,45,330,63,ALL JEAN GIONO,,,Plein jour,En agglomération,Intersection en X,Temps couvert,Deux véhicules - côté,,,,,,,,,,,1,2,2,8.0,3.0
201100028077,0011-11-15 16:45:00,11,11,15,16,45,330,63,CRS D'ALBRET,,,Plein jour,En agglomération,Intersection en T,Normale,Deux véhicules - côté,,,,,,,,,,,1,2,3,1.0,3.0
201100028078,0011-11-15 08:30:00,11,11,15,8,30,330,63,RUE DE L'ARSENAL,,,Plein jour,En agglomération,Intersection en T,Normale,Deux véhicules - côté,,,,,,,,,,,1,2,3,1.0,3.0
201100028079,0011-11-14 16:40:00,11,11,14,16,40,330,318,AVE MONTESQUIEU,,,Plein jour,En agglomération,Intersection en X,Normale,Deux véhicules - côté,,,,,,,,,,,1,2,2,1.0,3.0
201100028080,0011-11-16 21:40:00,11,11,16,21,40,330,63,BD DU PRESIDENT WILSON,,,Nuit avec éclairage allumé,En agglomération,Intersection en T,Normale,Deux véhicules - côté,,,,,,,,,,,5,2,3,1.0,3.0
201100028081,0011-11-12 09:53:00,11,11,12,9,53,330,318,RUE CHARLES PEGUY,,,Plein jour,En agglomération,Intersection en X,Normale,Deux véhicules - côté,,,,,,,,,,,1,2,2,1.0,3.0
201100028082,0011-11-16 08:25:00,11,11,16,8,25,330,63,RUE JEAN HAMEAU,,,Plein jour,En agglomération,Intersection en X,Normale,Deux véhicules - côté,,,,,,,,,,,1,2,2,1.0,3.0
201100028083,0011-11-11 09:50:00,11,11,11,9,50,330,119,RUE CAMILLE PELLETAN,,,Plein jour,En agglomération,Intersection en X,Normale,Deux véhicules - côté,,,,,,,,,,,1,2,2,1.0,3.0
201100028084,0011-10-28 14:51:00,11,10,28,14,51,330,162,"280, AVE DU MEDOC",,,Plein jour,En agglomération,Hors intersection,Normale,Deux véhicules - arrière,,,,,,,,,,,1,2,1,1.0,2.0
201100028085,0011-11-11 11:00:00,11,11,11,11,0,330,162,AVE DU MEDOC,,,Plein jour,En agglomération,Intersection en X,Normale,Deux véhicules - côté,,,,,,,,,,,1,2,2,1.0,3.0
201100028086,0011-11-09 14:30:00,11,11,9,14,30,330,192,RUE DE LA CROIX DE MONJO,,,Plein jour,En agglomération,Intersection en T,Normale,Deux véhicules - côté,,,,,,,,,,,1,2,3,1.0,3.0
201100028087,0011-11-09 10:20:00,11,11,9,10,20,330,281,SORTIE ROCADE N?11,,,Plein jour,En agglomération,Intersection en T,Normale,Deux véhicules - côté,,,,,,,,,,,1,2,3,1.0,3.0
201100028088,0011-11-17 12:55:00,11,11,17,12,55,330,63,AVE DE LAROQUE,,,Plein jour,En agglomération,Hors intersection,Normale,Autre collision,,,,,,,,,,,1,2,1,1.0,6.0
201100028089,0011-11-17 17:34:00,11,11,17,17,34,330,63,"55, RUE FRANTZ DESPAGNET",,,Crépuscule ou aube,En agglomération,Intersection en T,Normale,Deux véhicules - côté,,,,,,,,,,,2,2,3,1.0,3.0
201100028090,0011-11-17 19:30:00,11,11,17,19,30,330,550,AVE DES PYRENEES,,,Nuit avec éclairage allumé,En agglomération,Hors intersection,Normale,Deux véhicules - côté,,,,,,,,,,,5,2,1,1.0,3.0
201100028091,0011-11-10 16:50:00,11,11,10,16,50,330,192,"9, RUE DES FONTAINES DE",,,Plein jour,En agglomération,Hors intersection,Normale,Deux véhicules - côté,,,,,,,,,,,1,2,1,1.0,3.0
201100028092,0011-11-15 03:16:00,11,11,15,3,16,330,75,"2, RUE DU PONT NEUF",,,Nuit avec éclairage non allumé,En agglomération,Hors intersection,Pluie légère,Sans collision,,,,,,,,,,,4,2,1,2.0,7.0
201100028093,0011-11-19 00:48:00,11,11,19,0,48,330,63,BD ANTOINE GAUTIER,,,Nuit avec éclairage allumé,En agglomération,Intersection en X,Normale,Autre collision,,,,,,,,,,,5,2,2,1.0,6.0
201100028094,0011-11-19 04:10:00,11,11,19,4,10,330,63,"67, CRS DU MARECHAL GALL",,,Nuit avec éclairage allumé,En agglomération,Intersection en T,Normale,Autre collision,,,,,,,,,,,5,2,3,1.0,6.0
201100028095,0011-11-17 07:50:00,11,11,17,7,50,330,281,RUE RIAUD,,,Crépuscule ou aube,En agglomération,Intersection en X,Brouillard / fumée,Deux véhicules - côté,,,,,,,,,,,2,2,2,5.0,3.0
201100028096,0011-11-16 20:35:00,11,11,16,20,35,330,167,"241, AVE PASTEUR",,,Nuit avec éclairage allumé,En agglomération,Hors intersection,Normale,Deux véhicules - arrière,,,,,,,,,,,5,2,1,1.0,2.0
201100028097,0011-11-18 13:55:00,11,11,18,13,55,330,63,"47, CRS DE LA MARNE",,,Plein jour,En agglomération,Hors intersection,Normale,Autre collision,,,,,,,,,,,1,2,1,1.0,6.0
201100028098,0011-11-21 08:30:00,11,11,21,8,30,330,63,RUE PELLEPORT,,,Plein jour,En agglomération,Intersection en X,Normale,Deux véhicules - côté,,,,,,,,,,,1,2,2,1.0,3.0
201100028099,0011-11-21 10:00:00,11,11,21,10,0,330,63,BD GEORGES POMPIDOU,,,Plein jour,En agglomération,Intersection à plus de 4 branches,Normale,Autre collision,,,,,,,,,,,1,2,5,1.0,6.0
201100028100,0011-11-21 11:30:00,11,11,21,11,30,330,63,CRS DU MARECHAL GALLIENI,,,Plein jour,En agglomération,Giratoire,Normale,Deux véhicules - côté,,,,,,,,,,,1,2,6,1.0,3.0
201100028101,0011-11-21 17:45:00,11,11,21,17,45,330,63,RTE DE TOULOUSE,,,Nuit avec éclairage allumé,En agglomération,Intersection en T,Normale,Autre collision,,,,,,,,,,,5,2,3,1.0,6.0
201100028102,0011-11-21 14:20:00,11,11,21,14,20,330,63,"82, CRS D'ALBRET",,,Plein jour,En agglomération,Hors intersection,Normale,Deux véhicules - arrière,,,,,,,,,,,1,2,1,1.0,2.0
201100028103,0011-11-21 15:45:00,11,11,21,15,45,330,63,RUE DU HAMEL,,,Plein jour,En agglomération,Intersection en X,Normale,Deux véhicules - côté,,,,,,,,,,,1,2,2,1.0,3.0
201100028104,0011-11-22 16:38:00,11,11,22,16,38,330,63,CRS D'ALSACE ET LORRAINE,,,Plein jour,En agglomération,Autre intersection,Normale,Deux véhicules - côté,,,,,,,,,,,1,2,9,1.0,3.0
201100028105,0011-11-21 18:00:00,11,11,21,18,0,330,162,AVE DU MEDOC,,,Nuit avec éclairage allumé,En agglomération,Intersection à plus de 4 branches,Normale,Deux véhicules - côté,,,,,,,,,,,5,2,5,1.0,3.0
201100028106,0011-11-18 16:05:00,11,11,18,16,5,330,69,"251, AVE DE LA LIBERATIO",,,Crépuscule ou aube,En agglomération,Intersection en X,Normale,Deux véhicules - côté,,,,,,,,,,,2,2,2,1.0,3.0
201100028107,0011-11-21 13:21:00,11,11,21,13,21,330,318,AVE ROGER CHAUMET,,,Plein jour,En agglomération,Intersection en X,Normale,Trois véhicules et plus - collisions multiples,,,,,,,,,,,1,2,2,1.0,5.0
201100028108,0011-11-17 15:15:00,11,11,17,15,15,330,281,AVE DU MARECHAL LECLERC,,,Plein jour,En agglomération,Hors intersection,Normale,Deux véhicules - côté,,,,,,,,,,,1,2,1,1.0,3.0
201100028109,0011-11-24 17:15:00,11,11,24,17,15,330,75,AVE J. CHABAN DELMAS,,,Crépuscule ou aube,En agglomération,Hors intersection,Normale,Trois véhicules et plus - collisions multiples,,,,,,,,,,,2,2,1,1.0,5.0
201100028110,0011-11-23 19:25:00,11,11,23,19,25,330,63,PONT DE PIERRE,,,Nuit avec éclairage allumé,En agglomération,Hors intersection,Normale,Trois véhicules et plus - en chaîne,,,,,,,,,,,5,2,1,1.0,4.0
201100028111,0011-11-26 03:50:00,11,11,26,3,50,330,63,RUE DE TALENCE,,,Nuit avec éclairage non allumé,En agglomération,Intersection en X,Normale,Deux véhicules - arrière,,,,,,,,,,,4,2,2,1.0,2.0
201100028112,0011-11-25 08:59:00,11,11,25,8,59,330,63,BD GEORGE V,,,Plein jour,En agglomération,Intersection en T,Normale,Deux véhicules - côté,,,,,,,,,,,1,2,3,1.0,3.0
201100028113,0011-11-22 16:35:00,11,11,22,16,35,330,39,AVE DU MARECHAL LECLERC,,,Plein jour,En agglomération,Intersection en T,Normale,Deux véhicules - côté,,,,,,,,,,,1,2,3,1.0,3.0
201100028114,0011-11-18 07:55:00,11,11,18,7,55,330,39,RTE DE COURREJEAN,,,Plein jour,En agglomération,Giratoire,Normale,Deux véhicules - côté,,,,,,,,,,,1,2,6,1.0,3.0
201100028115,0011-11-21 15:30:00,11,11,21,15,30,330,39,RUE ALEXIS LABRO,,,Plein jour,En agglomération,Intersection en X,Normale,Deux véhicules - côté,,,,,,,,,,,1,2,2,1.0,3.0
201100028116,0011-11-21 13:01:00,11,11,21,13,1,330,39,"76, RUE FERDINAND BUISSO",,,Plein jour,En agglomération,Intersection en T,Normale,Deux véhicules - arrière,,,,,,,,,,,1,2,3,1.0,2.0
201100028117,0011-11-26 23:10:00,11,11,26,23,10,330,63,RUE CHARLES DOMERCQ,,,Nuit avec éclairage allumé,En agglomération,Place,Normale,Autre collision,,,,,,,,,,,5,2,7,1.0,6.0
201100028118,0011-11-28 09:05:00,11,11,28,9,5,330,162,AVE DU MEDOC,,,Plein jour,En agglomération,Intersection en T,Normale,Autre collision,,,,,,,,,,,1,2,3,1.0,6.0
201100028119,0011-11-24 17:40:00,11,11,24,17,40,330,318,"5, AVE GUSTAVE EIFFEL",,,Nuit avec éclairage allumé,En agglomération,Giratoire,Normale,Autre collision,,,,,,,,,,,5,2,6,1.0,6.0
201100028120,0011-11-28 19:38:00,11,11,28,19,38,330,63,RUE CHARLES MARTIN,,,Nuit avec éclairage allumé,En agglomération,Intersection en X,Normale,Deux véhicules - côté,,,,,,,,,,,5,2,2,1.0,3.0
201100028121,0011-11-24 17:45:00,11,11,24,17,45,330,281,AVE MONTESQUIEU,,,Nuit avec éclairage allumé,En agglomération,Intersection en T,Normale,Deux véhicules - côté,,,,,,,,,,,5,2,3,1.0,3.0
201100028122,0011-11-28 20:40:00,11,11,28,20,40,330,63,CRS DE VERDUN,,,Nuit avec éclairage allumé,En agglomération,Intersection en T,Temps couvert,Autre collision,,,,,,,,,,,5,2,3,8.0,6.0
201100028123,0011-11-28 10:00:00,11,11,28,10,0,330,63,RUE DOCTEUR ALBERT BARRA,,,Plein jour,En agglomération,Intersection en X,Normale,Deux véhicules - côté,,,,,,,,,,,1,2,2,1.0,3.0
201100028124,0011-11-29 06:50:00,11,11,29,6,50,330,63,"214, RUE DUQUESNE",,,Nuit avec éclairage allumé,En agglomération,Intersection à plus de 4 branches,Normale,Deux véhicules - côté,,,,,,,,,,,5,2,5,1.0,3.0
201100028125,0011-11-26 06:45:00,11,11,26,6,45,330,281,AVE DE L'ARGONNE,,,Nuit avec éclairage allumé,En agglomération,Hors intersection,Brouillard / fumée,Autre collision,,,,,,,,,,,5,2,1,5.0,6.0
201100028126,0011-11-29 17:40:00,11,11,29,17,40,330,63,CRS DE LA MARNE,,,Nuit avec éclairage allumé,En agglomération,Intersection en T,Normale,Autre collision,,,,,,,,,,,5,2,3,1.0,6.0
201100028127,0011-11-29 15:30:00,11,11,29,15,30,330,63,CRS DE VERDUN,,,Plein jour,En agglomération,Intersection en X,Normale,Deux véhicules - côté,,,,,,,,,,,1,2,2,1.0,3.0
201100028128,0011-11-29 21:15:00,11,11,29,21,15,330,63,RUE DES TREUILS,,,Nuit avec éclairage allumé,En agglomération,Intersection en X,Pluie légère,Deux véhicules - frontale,,,,,,,,,,,5,2,2,2.0,1.0
201100028129,0011-11-03 18:30:00,11,11,3,18,30,330,281,AVE DE LA LIBERATION,,,Nuit avec éclairage allumé,En agglomération,Intersection à plus de 4 branches,Normale,Autre collision,,,,,,,,,,,5,2,5,1.0,6.0
201100028130,0011-11-30 12:00:00,11,11,30,12,0,330,63,"52, AVE D'ARES CAUD",,,Plein jour,En agglomération,Hors intersection,Normale,Autre collision,,,,,,,,,,,1,2,1,1.0,6.0
201100028131,0011-11-25 11:25:00,11,11,25,11,25,330,119,RUE CAMILLE PELLETAN,,,Plein jour,En agglomération,Intersection à plus de 4 branches,Normale,Autre collision,,,,,,,,,,,1,2,5,1.0,6.0
201100028132,0011-11-28 17:05:00,11,11,28,17,5,330,65,RTE DU BORD DE L'EAU,,,Crépuscule ou aube,En agglomération,Intersection en T,Normale,Deux véhicules - côté,,,,,,,,,,,2,2,3,1.0,3.0
201100028133,0011-11-28 17:45:00,11,11,28,17,45,330,281,"06, RUE PIERRE BROSSOLET",,,Nuit avec éclairage allumé,En agglomération,Intersection en T,Normale,Deux véhicules - côté,,,,,,,,,,,5,2,3,1.0,3.0
201100028134,0011-11-30 18:20:00,11,11,30,18,20,330,63,BD ANTOINE GAUTIER,,,Nuit avec éclairage allumé,En agglomération,Intersection en T,Normale,Deux véhicules - côté,,,,,,,,,,,5,2,3,1.0,3.0
201100028135,0011-11-28 13:20:00,11,11,28,13,20,330,69,RUE DU PRESIDENT KENNEDY,,,Plein jour,En agglomération,Hors intersection,Normale,Deux véhicules - côté,,,,,,,,,,,1,2,1,1.0,3.0
201100028136,0011-11-26 21:05:00,11,11,26,21,5,330,75,AVE DES 4 PONTS,,,Nuit avec éclairage non allumé,En agglomération,Hors intersection,Normale,Autre collision,,,,,,,,,,,4,2,1,1.0,6.0
201100028137,0011-11-30 17:15:00,11,11,30,17,15,330,63,CRS DE LA LIBERATION,,,Crépuscule ou aube,En agglomération,Intersection en X,Normale,Deux véhicules - côté,,,,,,,,,,,2,2,2,1.0,3.0
201100028138,0011-11-30 18:05:00,11,11,30,18,5,330,63,"100, RUE DE LA CROIX BLA",,,Nuit avec éclairage allumé,En agglomération,Hors intersection,Normale,Deux véhicules - côté,,,,,,,,,,,5,2,1,1.0,3.0
201100028139,0011-12-02 03:30:00,11,12,2,3,30,330,63,"20, ALL DE TOURNY",,,Nuit avec éclairage allumé,En agglomération,Hors intersection,Normale,Autre collision,,,,,,,,,,,5,2,1,1.0,6.0
201100028140,0011-12-02 01:50:00,11,12,2,1,50,330,63,"41, CRS DE LA SOMME",,,Nuit avec éclairage allumé,En agglomération,Hors intersection,Normale,Deux véhicules - côté,,,,,,,,,,,5,2,1,1.0,3.0
201100028141,0011-12-03 23:10:00,11,12,3,23,10,330,63,"2, RUE DE CURSOL",,,Nuit avec éclairage non allumé,En agglomération,Intersection en T,Pluie légère,Sans collision,,,,,,,,,,,4,2,3,2.0,7.0
201100028142,0011-12-03 04:10:00,11,12,3,4,10,330,63,BD MARECHAL LECLERC,,,Nuit avec éclairage allumé,En agglomération,Intersection à plus de 4 branches,Normale,Deux véhicules - côté,,,,,,,,,,,5,2,5,1.0,3.0
201100028143,0011-11-27 03:20:00,11,11,27,3,20,330,522,CRS DE LA LIBERATION,,,Nuit avec éclairage allumé,En agglomération,Giratoire,Normale,Autre collision,,,,,,,,,,,5,2,6,1.0,6.0
201100028144,0011-11-23 14:15:00,11,11,23,14,15,330,550,"331, RTE DE TOULOUSE",,,Plein jour,En agglomération,Hors intersection,Normale,Deux véhicules - côté,,,,,,,,,,,1,2,1,1.0,3.0
201100028145,0011-11-23 21:20:00,11,11,23,21,20,330,522,RUE BOURGES,,,Nuit avec éclairage allumé,En agglomération,Hors intersection,Normale,Deux véhicules - côté,,,,,,,,,,,5,2,1,1.0,3.0
201100028146,0011-11-25 00:01:00,11,11,25,0,1,330,192,RTE DE CANEJAN,,,Nuit avec éclairage allumé,En agglomération,Giratoire,Brouillard / fumée,Deux véhicules - frontale,,,,,,,,,,,5,2,6,5.0,1.0
201100028147,0011-12-02 07:55:00,11,12,2,7,55,330,63,AVE LOUIS BARTHOU CAUD,,,Crépuscule ou aube,En agglomération,Intersection en T,Pluie forte,Autre collision,,,,,,,,,,,2,2,3,3.0,6.0
201100028148,0011-12-03 10:20:00,11,12,3,10,20,330,63,RUE MOUNEYRA,,,Plein jour,En agglomération,Intersection en X,Pluie légère,Deux véhicules - côté,,,,,,,,,,,1,2,2,2.0,3.0
201100028149,0011-12-02 18:25:00,11,12,2,18,25,330,63,CRS DE LA SOMME,,,Nuit avec éclairage allumé,En agglomération,Intersection en T,Normale,Autre collision,,,,,,,,,,,5,2,3,1.0,6.0
201100028150,0011-12-02 07:45:00,11,12,2,7,45,330,63,"6, QUAI DE LA SOUYS",,,Crépuscule ou aube,En agglomération,Hors intersection,Pluie légère,Deux véhicules - côté,,,,,,,,,,,2,2,1,2.0,3.0
201100028151,0011-12-04 07:45:00,11,12,4,7,45,330,63,CRS DE LA MARNE,,,Crépuscule ou aube,En agglomération,Intersection en X,Normale,Deux véhicules - côté,,,,,,,,,,,2,2,2,1.0,3.0
201100028152,0011-12-02 23:15:00,11,12,2,23,15,330,63,QUAI RICHELIEU,,,Nuit avec éclairage allumé,En agglomération,Hors intersection,Temps couvert,Deux véhicules - côté,,,,,,,,,,,5,2,1,8.0,3.0
201100028153,0011-12-02 12:25:00,11,12,2,12,25,330,63,CRS D'ALBRET,,,Plein jour,En agglomération,Intersection à plus de 4 branches,Normale,Trois véhicules et plus - en chaîne,,,,,,,,,,,1,2,5,1.0,4.0
201100028154,0011-12-05 10:18:00,11,12,5,10,18,330,63,QUAI RICHELIEU,,,Plein jour,En agglomération,Hors intersection,Normale,Autre collision,,,,,,,,,,,1,2,1,1.0,6.0
201100028155,0011-11-30 07:40:00,11,11,30,7,40,330,69,"342, AVE DE LA LIBERATIO",,,Nuit avec éclairage allumé,En agglomération,Hors intersection,Normale,Deux véhicules - côté,,,,,,,,,,,5,2,1,1.0,3.0