accident_id,datetime,annee,mois,jour,heure,minute,departement,commune_insee,adresse,latitude,longitude,luminosite,agglomeration,intersection,meteo,collision,nb_vehicules,nb_usagers,nb_indemnes,nb_tues,nb_blesses_hosp,nb_blesses_legers,age_cond_1,age_cond_2,veh_type_cond_1,veh_type_cond_2,lum_code,agg_code,int_code,atm_code,col_code
201100028282,0011-01-18 11:45:00,11,1,18,11,45,340,32,VOIE DOMITIENNE (AV DE L,43.34805,3.24806,Plein jour,Hors agglomération,Hors intersection,Normale,Sans collision,,,,,,,,,,,1,1,1,1.0,7.0
201100028283,0011-01-19 16:45:00,11,1,19,16,45,340,32,RD 909,43.36495,3.22365,Plein jour,Hors agglomération,Intersection en T,Normale,Deux véhicules - côté,,,,,,,,,,,1,1,3,1.0,3.0
201100028284,0011-01-20 12:10:00,11,1,20,12,10,340,32,RN9,43.36325,3.25757,Plein jour,Hors agglomération,Hors intersection,Normale,Sans collision,,,,,,,,,,,1,1,1,1.0,7.0
201100028285,0011-01-22 09:40:00,11,1,22,9,40,340,336,PEAGE DE BEZIERS EST,43.33645,3.28439,Plein jour,En agglomération,Hors intersection,Normale,Autre collision,,,,,,,,,,,1,2,1,1.0,6.0
201100028286,0011-01-22 19:10:00,11,1,22,19,10,340,32,RD.64,,,Crépuscule ou aube,En agglomération,Hors intersection,Normale,Sans collision,,,,,,,,,,,2,2,1,1.0,7.0
201100028287,0011-01-22 19:22:00,11,1,22,19,22,340,32,GEANT CENTRE COMMERCIAL,,,Plein jour,Hors agglomération,Hors intersection,Normale,Autre collision,,,,,,,,,,,1,1,1,1.0,6.0
201100028288,0011-01-28 16:50:00,11,1,28,16,50,340,32,SASTRE FERNAND (AV),43.33101,3.22753,Plein jour,En agglomération,Hors intersection,Normale,Autre collision,,,,,,,,,,,1,2,1,1.0,6.0
201100028289,0011-01-24 14:40:00,11,1,24,14,40,340,32,LECLERC MARECHAL (BD),43.34211,3.23773,Plein jour,En agglomération,Hors intersection,Normale,Deux véhicules - frontale,,,,,,,,,,,1,2,1,1.0,1.0
201100028290,0011-02-01 17:40:00,11,2,1,17,40,340,336,VILLENEUVETTE (CHEMIN DE,,,Plein jour,Hors agglomération,Intersection en X,Temps éblouissant,Deux véhicules - côté,,,,,,,,,,,1,1,2,7.0,3.0
201100028291,0011-02-01 20:00:00,11,2,1,20,0,340,336,BEREGOVOY (AVENUE PIERRE,43.32125,3.2736,Plein jour,En agglomération,Hors intersection,Normale,Autre collision,,,,,,,,,,,1,2,1,1.0,6.0
201100028292,0011-02-03 10:00:00,11,2,3,10,0,340,32,"37, GAMBETTA (AV)",43.33897,3.21719,Crépuscule ou aube,En agglomération,Hors intersection,Normale,Autre collision,,,,,,,,,,,2,2,1,1.0,6.0
201100028293,0011-02-08 08:20:00,11,2,8,8,20,340,32,"23, BANQUE C.I.C AGENCE",43.35483,3.23969,Plein jour,En agglomération,Hors intersection,Normale,Deux véhicules - arrière,,,,,,,,,,,1,2,1,1.0,2.0
201100028294,0011-02-19 17:50:00,11,2,19,17,50,340,32,PECH HENRI (AV),43.35311,3.22457,Plein jour,En agglomération,Hors intersection,Normale,Autre collision,,,,,,,,,,,1,2,1,1.0,6.0
201100028295,0011-02-21 06:30:00,11,2,21,6,30,340,32,BESSAN (ROUTE DE),43.35243,3.26746,Crépuscule ou aube,Hors agglomération,Intersection en X,Normale,Deux véhicules - côté,,,,,,,,,,,2,1,2,1.0,3.0
201100028296,0011-02-21 08:25:00,11,2,21,8,25,340,32,DEVEZE (AV DE LA),,,Plein jour,En agglomération,Hors intersection,Normale,Autre collision,,,,,,,,,,,1,2,1,1.0,6.0
201100028297,0011-02-25 08:10:00,11,2,25,8,10,340,32,ANGLETERRE (BD D'),,,Plein jour,En agglomération,Hors intersection,Normale,Sans collision,,,,,,,,,,,1,2,1,1.0,7.0
201100028298,0011-03-09 14:30:00,11,3,9,14,30,340,32,CHURCHILL (ROND POINT WI,43.3336,3.23205,Plein jour,En agglomération,Giratoire,Normale,Sans collision,,,,,,,,,,,1,2,6,1.0,7.0
201100028299,0011-03-09 18:35:00,11,3,9,18,35,340,336,AGUILARD (RUE D'),43.32131,3.29189,Plein jour,En agglomération,Intersection en X,Normale,Sans collision,,,,,,,,,,,1,2,2,1.0,7.0
201100028300,0011-03-14 15:30:00,11,3,14,15,30,340,32,PECH DE VALRAS (AV DU),43.33867,3.23697,Plein jour,En agglomération,Hors intersection,Pluie légère,Deux véhicules - arrière,,,,,,,,,,,1,2,1,2.0,2.0
201100028301,0011-03-16 13:45:00,11,3,16,13,45,340,32,ROUTE DEPARTEMENTALE  61,43.3528,3.17261,Plein jour,Hors agglomération,Hors intersection,Pluie légère,Sans collision,,,,,,,,,,,1,1,1,2.0,7.0
201100028302,0011-03-16 22:40:00,11,3,16,22,40,340,32,MENDES FRANCE PIERRE (AV,,,Nuit avec éclairage allumé,En agglomération,Hors intersection,Normale,Sans collision,,,,,,,,,,,5,2,1,1.0,7.0
201100028303,0011-03-17 15:50:00,11,3,17,15,50,340,32,"33, ALBERTINI AUGUSTE (A",43.3487,3.23512,Plein jour,En agglomération,Intersection en X,Temps couvert,Sans collision,,,,,,,,,,,1,2,2,8.0,7.0
201100028304,0011-03-18 10:25:00,11,3,18,10,25,340,298,"NR, ROUTE DE BEZIERS (RD",43.29884,3.2509,Plein jour,Hors agglomération,Giratoire,Normale,Autre collision,,,,,,,,,,,1,1,6,1.0,6.0
201100028305,0011-03-20 12:35:00,11,3,20,12,35,340,32,"10, CHANZY GENERAL (RUE",43.33829,3.21112,Plein jour,En agglomération,Autre intersection,Autre,Sans collision,,,,,,,,,,,1,2,9,9.0,7.0
201100028306,0011-03-21 17:20:00,11,3,21,17,20,340,32,"18, ALBERTINI AUGUSTE (A",43.34818,3.234,Plein jour,En agglomération,Intersection en X,Normale,Trois véhicules et plus - en chaîne,,,,,,,,,,,1,2,2,1.0,4.0
201100028307,0011-03-21 17:30:00,11,3,21,17,30,340,32,"28, ALBERTINI AUGUSTE (A",43.34866,3.23502,Plein jour,En agglomération,Intersection en X,Normale,Deux véhicules - frontale,,,,,,,,,,,1,2,2,1.0,1.0
201100028308,0011-03-24 16:10:00,11,3,24,16,10,340,32,ROUTE DEPARTEMENTALE  61,,,Plein jour,Hors agglomération,Hors intersection,Normale,Sans collision,,,,,,,,,,,1,1,1,1.0,7.0
201100028309,0011-03-26 14:00:00,11,3,26,14,0,340,32,NARBONNE (ROUTE DE),43.33571,3.19997,Plein jour,Hors agglomération,Hors intersection,Normale,Sans collision,,,,,,,,,,,1,1,1,1.0,7.0
201100028310,0011-03-25 18:00:00,11,3,25,18,0,340,32,BEDARIEUX (Route de ),43.35528,3.22199,Plein jour,En agglomération,Intersection en X,Normale,Deux véhicules - côté,,,,,,,,,,,1,2,2,1.0,3.0
201100028311,0011-03-28 17:15:00,11,3,28,17,15,340,32,GEANT CENTRE COMMERCIAL,,,Plein jour,En agglomération,Hors intersection,Normale,Deux véhicules - arrière,,,,,,,,,,,1,2,1,1.0,2.0
201100028312,0011-03-29 17:30:00,11,3,29,17,30,340,32,NARBONNE (ROUTE DE),43.32221,3.18732,Plein jour,Hors agglomération,Intersection en T,Normale,Deux véhicules - arrière,,,,,,,,,,,1,1,3,1.0,2.0
201100028313,0011-03-30 12:20:00,11,3,30,12,20,340,32,"2, DEVEZE (RUE DE LA)",43.33129,3.23937,Plein jour,En agglomération,Place,Normale,Autre collision,,,,,,,,,,,1,2,7,1.0,6.0
201100028314,0011-04-01 09:30:00,11,4,1,9,30,340,32,"NR, DUGUESCLIN BERTRAND",43.3434,3.22326,Crépuscule ou aube,En agglomération,Hors intersection,Normale,Sans collision,,,,,,,,,,,2,2,1,1.0,7.0
201100028315,0011-04-01 12:20:00,11,4,1,12,20,340,32,"7, CHANZY GENERAL (RUE D",,,Plein jour,En agglomération,Hors intersection,Normale,Sans collision,,,,,,,,,,,1,2,1,1.0,7.0
201100028316,0011-04-01 16:45:00,11,4,1,16,45,340,32,LECLERC MARECHAL (BD),,,Plein jour,En agglomération,Hors intersection,Normale,Sans collision,,,,,,,,,,,1,2,1,1.0,7.0
201100028317,0011-04-05 15:15:00,11,4,5,15,15,340,32,BERLIOZ HECTOR (RUE),,,Plein jour,En agglomération,Hors intersection,Normale,Autre collision,,,,,,,,,,,1,2,1,1.0,6.0
201100028318,0011-04-05 19:00:00,11,4,5,19,0,340,32,"NR, BESSAN (ROUTE DE)",43.35555,3.27934,Plein jour,Hors agglomération,Intersection en Y,Temps éblouissant,Deux véhicules - frontale,,,,,,,,,,,1,1,4,7.0,1.0
201100028319,0011-04-07 18:30:00,11,4,7,18,30,340,32,"NR, WILSON PRESIDENT (AV",43.33624,3.22592,Plein jour,En agglomération,Intersection en T,Normale,Autre collision,,,,,,,,,,,1,2,3,1.0,6.0
201100028320,0011-04-09 05:15:00,11,4,9,5,15,340,32,BLATTES JEAN-BAPTISTE (R,,,Nuit sans éclairage public,En agglomération,Autre intersection,Normale,Autre collision,,,,,,,,,,,3,2,9,1.0,6.0
201100028321,0011-04-15 21:30:00,11,4,15,21,30,340,73,MAIRIE,,,Nuit avec éclairage allumé,En agglomération,Hors intersection,Normale,Autre collision,,,,,,,,,,,5,2,1,1.0,6.0
201100028322,0011-04-21 16:00:00,11,4,21,16,0,340,32,ROUTE DEPARTEMENTALE NR.,,,Plein jour,Hors agglomération,Intersection en X,Normale,Deux véhicules - arrière,,,,,,,,,,,1,1,2,1.0,2.0
201100028323,0011-04-23 12:20:00,11,4,23,12,20,340,32,FAURE EDGARD (RD.POINT),,,Plein jour,En agglomération,Hors intersection,Pluie forte,Sans collision,,,,,,,,,,,1,2,1,3.0,7.0
201100028324,0011-04-23 08:20:00,11,4,23,8,20,340,32,PONT VIEUX (AVENUE DU),,,Plein jour,En agglomération,Hors intersection,Pluie forte,Sans collision,,,,,,,,,,,1,2,1,3.0,7.0
201100028325,0011-04-28 20:15:00,11,4,28,20,15,340,32,MISTRAL FREDERIC (BD),,,Crépuscule ou aube,En agglomération,Hors intersection,Pluie forte,Sans collision,,,,,,,,,,,2,2,1,3.0,7.0
201100028326,0011-04-29 16:55:00,11,4,29,16,55,340,32,"46-36, ALBERTINI AUGUSTE",43.34862,3.23498,Plein jour,En agglomération,Hors intersection,Normale,Sans collision,,,,,,,,,,,1,2,1,1.0,7.0
201100028327,0011-05-06 00:15:00,11,5,6,0,15,340,336,"NR, MEDITERRANEE (ROND P",,,Nuit sans éclairage public,Hors agglomération,Giratoire,Normale,Sans collision,,,,,,,,,,,3,1,6,1.0,7.0
201100028328,0011-05-09 07:55:00,11,5,9,7,55,340,32,DUMAS ALEXANDRE (BD),,,Plein jour,En agglomération,Hors intersection,Normale,Autre collision,,,,,,,,,,,1,2,1,1.0,6.0
201100028329,0011-05-11 17:45:00,11,5,11,17,45,340,32,"NR,  CADENAT JULES (BD)",43.336,3.25911,Plein jour,En agglomération,Hors intersection,Autre,Autre collision,,,,,,,,,,,1,2,1,9.0,6.0
201100028330,0011-05-12 11:40:00,11,5,12,11,40,340,336,MEDITERRANEE (AVENUE DE,,,Plein jour,En agglomération,Intersection en X,Autre,Sans collision,,,,,,,,,,,1,2,2,9.0,7.0
201100028331,0011-05-15 21:10:00,11,5,15,21,10,340,32,"NR, FRANCO JEAN (RUE)",,,Crépuscule ou aube,En agglomération,Hors intersection,Autre,Autre collision,,,,,,,,,,,2,2,1,9.0,6.0
201100028332,0011-05-20 11:10:00,11,5,20,11,10,340,336,"NR, R.D 612",,,Plein jour,Hors agglomération,Intersection en X,Normale,Deux véhicules - côté,,,,,,,,,,,1,1,2,1.0,3.0
201100028333,0011-05-24 20:35:00,11,5,24,20,35,340,32,"NR, ALBERTINI AUGUSTE (A",,,Plein jour,En agglomération,Intersection en Y,Normale,Autre collision,,,,,,,,,,,1,2,4,1.0,6.0
201100028334,0011-05-28 12:30:00,11,5,28,12,30,340,32,LECLERC MARECHAL (BD),,,Plein jour,En agglomération,Hors intersection,Normale,Autre collision,,,,,,,,,,,1,2,1,1.0,6.0
201100028335,0011-05-28 19:10:00,11,5,28,19,10,340,32,"13, ORNANO COLONEL D' (A",,,Plein jour,En agglomération,Hors intersection,Normale,Deux véhicules - frontale,,,,,,,,,,,1,2,1,1.0,1.0
201100028336,0011-05-30 13:45:00,11,5,30,13,45,340,32,"66, PASTEUR LOUIS (RUE)",,,Plein jour,En agglomération,Intersection en T,Pluie légère,Deux véhicules - côté,,,,,,,,,,,1,2,3,2.0,3.0
201100028337,0011-06-02 15:55:00,11,6,2,15,55,340,32,METZ (RUE DE),,,Plein jour,En agglomération,Intersection en T,Pluie légère,Deux véhicules - côté,,,,,,,,,,,1,2,3,2.0,3.0
201100028338,0011-06-04 02:00:00,11,6,4,2,0,340,32,RD.909,,,Nuit sans éclairage public,Hors agglomération,Hors intersection,Pluie forte,Sans collision,,,,,,,,,,,3,1,1,3.0,7.0
201100028339,0011-06-04 02:15:00,11,6,4,2,15,340,336,MEDITERRANEE (ROND POINT,,,Nuit sans éclairage public,Hors agglomération,Hors intersection,Pluie forte,Sans collision,,,,,,,,,,,3,1,1,3.0,7.0
201100028340,0011-06-04 03:50:00,11,6,4,3,50,340,32,"11 bis, ORNANO COLONEL D",,,Nuit avec éclairage allumé,En agglomération,Hors intersection,Pluie légère,Autre collision,,,,,,,,,,,5,2,1,2.0,6.0
201100028341,0011-06-05 16:50:00,11,6,5,16,50,340,32,BERTHELOT MARCELIN (RUE),,,Plein jour,En agglomération,Hors intersection,Normale,Autre collision,,,,,,,,,,,1,2,1,1.0,6.0
201100028342,0011-06-08 15:55:00,11,6,8,15,55,340,32,ALBERT 1ER (AVENUE),,,Plein jour,En agglomération,Intersection en Y,Pluie légère,Deux véhicules - arrière,,,,,,,,,,,1,2,4,2.0,2.0
201100028343,0011-06-11 16:45:00,11,6,11,16,45,340,32,MISTRAL FREDERIC (BD),,,Plein jour,En agglomération,Intersection en X,Normale,Deux véhicules - côté,,,,,,,,,,,1,2,2,1.0,3.0
201100028344,0011-06-12 12:20:00,11,6,12,12,20,340,32,ERIGNAC CLAUDE (AV),,,Plein jour,En agglomération,Hors intersection,Normale,Deux véhicules - frontale,,,,,,,,,,,1,2,1,1.0,1.0
201100028345,0011-06-17 00:45:00,11,6,17,0,45,340,32,DUC VALENTIN (AV),,,Nuit avec éclairage allumé,En agglomération,Hors intersection,Normale,Sans collision,,,,,,,,,,,5,2,1,1.0,7.0
201100028346,0011-06-17 13:30:00,11,6,17,13,30,340,32,"5, GENEVE (BD DE)",,,Plein jour,En agglomération,Hors intersection,Normale,Sans collision,,,,,,,,,,,1,2,1,1.0,7.0
201100028347,0011-06-18 20:15:00,11,6,18,20,15,340,32,CHEMIN RURAL NR.96,,,Plein jour,Hors agglomération,Hors intersection,Normale,Autre collision,,,,,,,,,,,1,1,1,1.0,6.0
201100028348,0011-06-30 09:50:00,11,6,30,9,50,340,32,"NR, TAMARIS (AV. DES)",,,Plein jour,En agglomération,Intersection en T,Autre,Deux véhicules - frontale,,,,,,,,,,,1,2,3,9.0,1.0
201100028349,0011-07-01 00:05:00,11,7,1,0,5,340,32,"NR, TREILLE (CARREFOUR D",43.35305,3.22463,Nuit avec éclairage allumé,En agglomération,Intersection à plus de 4 branches,Normale,Deux véhicules - côté,,,,,,,,,,,5,2,5,1.0,3.0
201100028350,0011-07-05 09:45:00,11,7,5,9,45,340,73,"20, PROMENADE (AV. DE LA",43.32168,3.30434,Plein jour,En agglomération,Hors intersection,Normale,Autre collision,,,,,,,,,,,1,2,1,1.0,6.0
201100028351,0011-07-05 20:10:00,11,7,5,20,10,340,336,CANAL (QUAI DU),43.31814,3.27839,Plein jour,En agglomération,Hors intersection,Normale,Autre collision,,,,,,,,,,,1,2,1,1.0,6.0
201100028352,0011-07-11 12:45:00,11,7,11,12,45,340,32,DOMAINE LE GASQUINOY (RD,43.34467,3.17328,Plein jour,En agglomération,Hors intersection,Normale,Sans collision,,,,,,,,,,,1,2,1,1.0,7.0
201100028353,0011-07-12 09:10:00,11,7,12,9,10,340,32,RD.64,43.31164,3.28044,Plein jour,En agglomération,Hors intersection,Normale,Autre collision,,,,,,,,,,,1,2,1,1.0,6.0
201100028354,0011-07-13 16:30:00,11,7,13,16,30,340,32,VERDUN (BD DE),43.33639,3.22511,Plein jour,En agglomération,Hors intersection,Normale,Sans collision,,,,,,,,,,,1,2,1,1.0,7.0
201100028355,0011-07-14 01:30:00,11,7,14,1,30,340,32,RN.112 (ROUTE D'AGDE),43.29521,3.13478,Nuit avec éclairage allumé,En agglomération,Hors intersection,Normale,Sans collision,,,,,,,,,,,5,2,1,1.0,7.0
201100028356,0011-07-15 21:30:00,11,7,15,21,30,340,336,MEDITERRANEE (ROND POINT,43.32068,3.29272,Crépuscule ou aube,En agglomération,Hors intersection,Normale,Deux véhicules - arrière,,,,,,,,,,,2,2,1,1.0,2.0
201100028357,0011-07-18 18:45:00,11,7,18,18,45,340,32,ROUTE DEPARTEMENTALE 612,,,Plein jour,En agglomération,Hors intersection,Normale,Autre collision,,,,,,,,,,,1,2,1,1.0,6.0
201100028358,0011-07-19 17:45:00,11,7,19,17,45,340,32,ERIGNAC CLAUDE (AV),43.3553,3.22199,Plein jour,En agglomération,Intersection en X,Normale,Deux véhicules - côté,,,,,,,,,,,1,2,2,1.0,3.0
201100028359,0011-07-23 01:05:00,11,7,23,1,5,340,32,BEDARIEUX (ROUTE DE),43.35761,3.22205,Nuit avec éclairage allumé,En agglomération,Hors intersection,Normale,Autre collision,,,,,,,,,,,5,2,1,1.0,6.0
201100028360,0011-07-25 12:00:00,11,7,25,12,0,340,32,CAPISCOL (AV DU),43.32973,3.2439,Plein jour,En agglomération,Hors intersection,Normale,Autre collision,,,,,,,,,,,1,2,1,1.0,6.0
201100028361,0011-07-25 19:45:00,11,7,25,19,45,340,32,VIGUIER (AV DU),43.33307,3.27223,Plein jour,En agglomération,Hors intersection,Normale,Deux véhicules - côté,,,,,,,,,,,1,2,1,1.0,3.0
201100028362,0011-07-27 00:50:00,11,7,27,0,50,340,32,VOIE DOMITIENNE (AV DE L,43.34785,3.24532,Nuit avec éclairage allumé,En agglomération,Hors intersection,Pluie légère,Sans collision,,,,,,,,,,,5,2,1,2.0,7.0
201100028363,0011-07-28 00:10:00,11,7,28,0,10,340,32,HOURS (ROND-POINT DE L'),43.33643,3.22514,Nuit avec éclairage allumé,En agglomération,Hors intersection,Normale,Deux véhicules - frontale,,,,,,,,,,,5,2,1,1.0,1.0
201100028364,0011-08-09 10:55:00,11,8,9,10,55,340,32,"45, MOULIN JEAN (AV)",,,Plein jour,En agglomération,Hors intersection,Normale,Deux véhicules - arrière,,,,,,,,,,,1,2,1,1.0,2.0
201100028365,0011-08-11 22:40:00,11,8,11,22,40,340,32,"NR, RHIN ET DANUBE (AV.)",,,Nuit avec éclairage allumé,En agglomération,Hors intersection,Normale,Deux véhicules - frontale,,,,,,,,,,,5,2,1,1.0,1.0
201100028366,0011-08-18 22:50:00,11,8,18,22,50,340,32,"NR, ROUTE DEPARTEMENTALE",,,Nuit avec éclairage allumé,Hors agglomération,Hors intersection,Normale,Deux véhicules - côté,,,,,,,,,,,5,1,1,1.0,3.0
201100028367,0011-08-20 15:50:00,11,8,20,15,50,340,32,ROUTE DEPARTEMENTALE  61,,,Plein jour,En agglomération,Hors intersection,Normale,Autre collision,,,,,,,,,,,1,2,1,1.0,6.0
201100028368,0011-08-26 16:55:00,11,8,26,16,55,340,32,SERIGNAN (AVENUE DE),,,Plein jour,En agglomération,Hors intersection,Normale,Sans collision,,,,,,,,,,,1,2,1,1.0,7.0
201100028369,0011-08-27 19:30:00,11,8,27,19,30,340,32,"NR, VOIE COMMUNALE NR.9",,,Plein jour,Hors agglomération,Intersection en T,Normale,Deux véhicules - côté,,,,,,,,,,,1,1,3,1.0,3.0
201100028370,0011-08-26 19:20:00,11,8,26,19,20,340,32,ALBERTINI AUGUSTE (AVENU,,,Plein jour,En agglomération,Intersection en X,Normale,Deux véhicules - côté,,,,,,,,,,,1,2,2,1.0,3.0
201100028371,0011-09-01 15:25:00,11,9,1,15,25,340,32,"15, RIQUET PIERRE PAUL (",43.34341,3.21673,Plein jour,En agglomération,Hors intersection,Normale,Autre collision,,,,,,,,,,,1,2,1,1.0,6.0
201100028372,0011-09-02 18:10:00,11,9,2,18,10,340,32,"90, CLEMENCEAU GEORGES (",43.34819,3.2199,Plein jour,En agglomération,Autre intersection,Normale,Deux véhicules - côté,,,,,,,,,,,1,2,9,1.0,3.0
201100028373,0011-09-04 07:35:00,11,9,4,7,35,340,32,ROUTE DEPARTEMENTALE 612,43.37018,3.187,Plein jour,Hors agglomération,Hors intersection,Pluie forte,Autre collision,,,,,,,,,,,1,1,1,3.0,6.0
201100028374,0011-09-15 10:15:00,11,9,15,10,15,340,32,MISTRAL FREDERIC (BD),43.34492,3.21998,Plein jour,En agglomération,Intersection en X,Normale,Sans collision,,,,,,,,,,,1,2,2,1.0,7.0
201100028375,0011-09-23 01:00:00,11,9,23,1,0,340,32,CLEMENCEAU GEORGES (AVEN,,,Nuit avec éclairage allumé,En agglomération,Intersection en X,Normale,Trois véhicules et plus - collisions multiples,,,,,,,,,,,5,2,2,1.0,5.0
201100028376,0011-09-23 22:25:00,11,9,23,22,25,340,32,"NR, LAMARTINE ALPHONSE (",,,Nuit avec éclairage allumé,En agglomération,Autre intersection,Normale,Deux véhicules - frontale,,,,,,,,,,,5,2,9,1.0,1.0
201100028377,0011-10-05 15:25:00,11,10,5,15,25,340,32,HAUY VALENTIN (RUE),,,Plein jour,En agglomération,Hors intersection,Normale,Deux véhicules - côté,,,,,,,,,,,1,2,1,1.0,3.0
201100028378,0011-10-11 13:45:00,11,10,11,13,45,340,32,"NR, MISTRAL FREDERIC (BD",,,Plein jour,En agglomération,Intersection en X,Temps éblouissant,Sans collision,,,,,,,,,,,1,2,2,7.0,7.0
201100028379,0011-10-14 14:25:00,11,10,14,14,25,340,32,ROUTE DEPARTEMENTALE 612,,,Plein jour,Hors agglomération,Autre intersection,Normale,Trois véhicules et plus - en chaîne,,,,,,,,,,,1,1,9,1.0,4.0
201100028380,0011-10-14 17:40:00,11,10,14,17,40,340,32,MISTRAL FREDERIC (BD),,,Plein jour,En agglomération,Autre intersection,Normale,Sans collision,,,,,,,,,,,1,2,9,1.0,7.0
201100028381,0011-02-04 08:25:00,11,2,4,8,25,340,32,VERDIER PIERRE (AV),43.3416,3.2324,Plein jour,En agglomération,Hors intersection,Normale,Autre collision,,,,,,,,,,,1,2,1,1.0,6.0
201100028382,0011-02-09 18:15:00,11,2,9,18,15,340,32,"13, HORT DE MONSEIGNEUR",43.3518,3.23299,Plein jour,En agglomération,Hors intersection,Normale,Sans collision,,,,,,,,,,,1,2,1,1.0,7.0
201100028383,0011-02-11 05:35:00,11,2,11,5,35,340,32,"126, CLEMENCEAU GEORGES",43.35085,3.22338,Nuit avec éclairage allumé,En agglomération,Hors intersection,Normale,Sans collision,,,,,,,,,,,5,2,1,1.0,7.0
201100028384,0011-04-23 20:35:00,11,4,23,20,35,340,32,FABRE (AV.DU DOCTEUR JEA,,,Crépuscule ou aube,En agglomération,Hors intersection,Normale,Autre collision,,,,,,,,,,,2,2,1,1.0,6.0
201100028385,0011-04-24 11:30:00,11,4,24,11,30,340,336,MEDITERRANEE (AVENUE DE,,,Plein jour,En agglomération,Hors intersection,Pluie forte,Sans collision,,,,,,,,,,,1,2,1,3.0,7.0
201100028386,0011-05-07 03:50:00,11,5,7,3,50,340,336,"10, GLORIETTES (RUE DES)",43.32234,3.27956,Nuit avec éclairage allumé,En agglomération,Hors intersection,Normale,Sans collision,,,,,,,,,,,5,2,1,1.0,7.0
201100028387,0011-05-20 05:15:00,11,5,20,5,15,340,32,"NR, PEZENAS (ROUTE DE)",,,Crépuscule ou aube,Hors agglomération,Hors intersection,Normale,Autre collision,,,,,,,,,,,2,1,1,1.0,6.0
201100028388,0011-06-18 11:55:00,11,6,18,11,55,340,32,"NR, VOIE DOMITIENNE (AV",,,Plein jour,En agglomération,Hors intersection,Normale,Deux véhicules - frontale,,,,,,,,,,,1,2,1,1.0,1.0
201100028389,0011-07-04 17:00:00,11,7,4,17,0,340,32,ROUTE DEPARTEMENTALE NR.,43.35661,3.30798,Plein jour,Hors agglomération,Hors intersection,Normale,Deux véhicules - côté,,,,,,,,,,,1,1,1,1.0,3.0
201100028390,0011-08-13 05:00:00,11,8,13,5,0,340,336,"NR, SALANCS (CHEMIN DES)",,,Nuit sans éclairage public,Hors agglomération,Hors intersection,Normale,Autre collision,,,,,,,,,,,3,1,1,1.0,6.0
201100028391,0011-09-20 17:05:00,11,9,20,17,5,340,32,ROUTE D'AGDE (RD 612B),,,Plein jour,En agglomération,Hors intersection,Normale,Deux véhicules - frontale,,,,,,,,,,,1,2,1,1.0,1.0
201100028392,0011-10-09 10:35:00,11,10,9,10,35,340,336,MEDITERRANEE (ROND POINT,,,Plein jour,Hors agglomération,Giratoire,Normale,Deux véhicules - côté,,,,,,,,,,,1,1,6,1.0,3.0
201100028393,0011-10-25 18:25:00,11,10,25,18,25,340,32,"NR, LAZARE JOSEPH (AV)",,,Crépuscule ou aube,En agglomération,Autre intersection,Autre,Deux véhicules - frontale,,,,,,,,,,,2,2,9,9.0,1.0
201100028394,0011-10-27 11:30:00,11,10,27,11,30,340,32,"15, VERDUN (BD DE)",,,Plein jour,En agglomération,Hors intersection,Pluie légère,Sans collision,,,,,,,,,,,1,2,1,2.0,7.0
201100028395,0011-10-28 23:20:00,11,10,28,23,20,340,32,ROUTE DEPARTEMENTALE NR.,,,Nuit sans éclairage public,Hors agglomération,Hors intersection,Pluie forte,Sans collision,,,,,,,,,,,3,1,1,3.0,7.0
201100028396,0011-10-30 22:10:00,11,10,30,22,10,340,336,ROUTE DEPARTEMENTALE 612,,,Nuit avec éclairage allumé,Hors agglomération,Hors intersection,Normale,Deux véhicules - côté,,,,,,,,,,,5,1,1,1.0,3.0
201100028397,0011-10-30 01:45:00,11,10,30,1,45,340,73,ROUTE DEPARTEMENTALE 612,,,Nuit sans éclairage public,Hors agglomération,Hors intersection,Normale,Sans collision,,,,,,,,,,,3,1,1,1.0,7.0
201100028398,0011-11-06 18:25:00,11,11,6,18,25,340,32,ALMA (RUE DE L'),,,Nuit avec éclairage non allumé,En agglomération,Intersection en T,Pluie légère,Deux véhicules - côté,,,,,,,,,,,4,2,3,2.0,3.0
201100028399,0011-11-11 21:55:00,11,11,11,21,55,340,32,"NR, LAZARE JOSEPH (AV)",,,Nuit sans éclairage public,En agglomération,Hors intersection,Normale,Deux véhicules - frontale,,,,,,,,,,,3,2,1,1.0,1.0
201100028400,0011-11-12 01:55:00,11,11,12,1,55,340,32,ROUTE DEPARTEMENTALE 612,,,Nuit sans éclairage public,En agglomération,Hors intersection,Pluie légère,Deux véhicules - frontale,,,,,,,,,,,3,2,1,2.0,1.0
201100028401,0011-11-19 05:20:00,11,11,19,5,20,340,32,"NR, WILSON PRESIDENT (AV",,,Nuit avec éclairage allumé,En agglomération,Hors intersection,Pluie légère,Deux véhicules - frontale,,,,,,,,,,,5,2,1,2.0,1.0
201100028402,0011-11-17 19:10:00,11,11,17,19,10,340,32,"NR, 22 AOUT 1944 (AVENUE",,,Nuit avec éclairage allumé,En agglomération,Intersection en Y,Normale,Deux véhicules - côté,,,,,,,,,,,5,2,4,1.0,3.0
201100028403,0011-11-13 15:15:00,11,11,13,15,15,340,32,LOUBET PAUL (AV),,,Plein jour,En agglomération,Hors intersection,Autre,Deux véhicules - côté,,,,,,,,,,,1,2,1,9.0,3.0
201100028404,0011-11-06 09:40:00,11,11,6,9,40,340,32,"NR, CORNEILHAN (ROUTE DE",,,Plein jour,Hors agglomération,Hors intersection,Pluie forte,Autre collision,,,,,,,,,,,1,1,1,3.0,6.0
201100028405,0011-11-21 15:25:00,11,11,21,15,25,340,32,"NR, MOULIN JEAN (AV)",,,Plein jour,En agglomération,Hors intersection,Autre,Sans collision,,,,,,,,,,,1,2,1,9.0,7.0
201100028406,0011-11-27 17:40:00,11,11,27,17,40,340,32,ROUTE DEPARTEMENTALE NR.,,,Crépuscule ou aube,Hors agglomération,Hors intersection,Normale,Deux véhicules - côté,,,,,,,,,,,2,1,1,1.0,3.0