accident_id,datetime,annee,mois,jour,heure,minute,departement,commune_insee,adresse,latitude,longitude,luminosite,agglomeration,intersection,meteo,collision,nb_vehicules,nb_usagers,nb_indemnes,nb_tues,nb_blesses_hosp,nb_blesses_legers,age_cond_1,age_cond_2,veh_type_cond_1,veh_type_cond_2,lum_code,agg_code,int_code,atm_code,col_code
201100028407,0011-11-30 07:55:00,11,11,30,7,55,340,32,BEDARIEUX (ROUTE DE),,,Plein jour,Hors agglomération,Autre intersection,Brouillard / fumée,Deux véhicules - frontale,,,,,,,,,,,1,1,9,5.0,1.0
201100028408,0011-12-10 19:20:00,11,12,10,19,20,340,32,ROUTE DEPARTEMENTALE NR.,,,Nuit sans éclairage public,Hors agglomération,Hors intersection,Autre,Sans collision,,,,,,,,,,,3,1,1,9.0,7.0
201100028409,0011-12-14 15:40:00,11,12,14,15,40,340,32,BEDARIEUX (ROUTE DE),,,Plein jour,En agglomération,Hors intersection,Normale,Trois véhicules et plus - en chaîne,,,,,,,,,,,1,2,1,1.0,4.0
201100028410,0011-12-21 19:10:00,11,12,21,19,10,340,32,"12-14, GALINIER HENRI (A",,,Nuit avec éclairage allumé,En agglomération,Hors intersection,Normale,Autre collision,,,,,,,,,,,5,2,1,1.0,6.0
201100028411,0011-12-28 16:25:00,11,12,28,16,25,340,32,"NR, VERDIER PIERRE (AV)",43.34539,3.2386,Plein jour,En agglomération,Intersection en X,Normale,Trois véhicules et plus - collisions multiples,,,,,,,,,,,1,2,2,1.0,5.0
201100028412,0011-01-02 19:25:00,11,1,2,19,25,340,172,"00, LIBERTE (AVENUE DE L",43.60847,3.8619,Nuit avec éclairage allumé,En agglomération,Hors intersection,Normale,Sans collision,,,,,,,,,,,5,2,1,1.0,7.0
201100028413,0011-01-04 07:30:00,11,1,4,7,30,340,172,"0, SORBES (RUE DE LAS",,,Nuit avec éclairage allumé,En agglomération,Intersection en X,Normale,Deux véhicules - côté,,,,,,,,,,,5,2,2,1.0,3.0
201100028414,0011-01-04 14:15:00,11,1,4,14,15,340,172,"sans, MICHELET (RUE)",43.38612,3.88253,Plein jour,En agglomération,Hors intersection,Normale,Deux véhicules - frontale,,,,,,,,,,,1,2,1,1.0,1.0
201100028415,0011-01-06 16:45:00,11,1,6,16,45,340,172,"22/25, ASSAS (AVENUE D')",43.61412,3.86548,Nuit avec éclairage allumé,En agglomération,Hors intersection,Pluie légère,Autre collision,,,,,,,,,,,5,2,1,2.0,6.0
201100028416,0011-01-06 20:00:00,11,1,6,20,0,340,172,POSEIDON (RUE) PONT JU,43.60594,3.89404,Nuit avec éclairage allumé,En agglomération,Intersection en T,Pluie légère,Deux véhicules - frontale,,,,,,,,,,,5,2,3,2.0,1.0
201100028417,0011-01-07 10:40:00,11,1,7,10,40,340,172,"26, STRASBOURG (BOULEVAR",43.60322,3.88383,Plein jour,En agglomération,Hors intersection,Pluie légère,Deux véhicules - côté,,,,,,,,,,,1,2,1,2.0,3.0
201100028418,0011-01-07 12:45:00,11,1,7,12,45,340,172,"1035, SOULAS (AVENUE DU",43.62147,3.85623,Plein jour,En agglomération,Intersection en T,Pluie légère,Deux véhicules - côté,,,,,,,,,,,1,2,3,2.0,3.0
201100028419,0011-01-07 21:00:00,11,1,7,21,0,340,172,"488, JUSTICE DE CASTELNA",43.62647,3.87605,Nuit avec éclairage allumé,En agglomération,Hors intersection,Pluie légère,Sans collision,,,,,,,,,,,5,2,1,2.0,7.0
201100028420,0011-01-08 13:20:00,11,1,8,13,20,340,172,"28, PALAVAS (AVENUE DE)",43.60191,3.88458,Plein jour,En agglomération,Hors intersection,Normale,Sans collision,,,,,,,,,,,1,2,1,1.0,7.0
201100028421,0011-01-08 16:35:00,11,1,8,16,35,340,129,"0, SORIECH (ROND POINT D",43.58161,3.92174,Plein jour,En agglomération,Hors intersection,Normale,Sans collision,,,,,,,,,,,1,2,1,1.0,7.0
201100028422,0011-01-09 14:35:00,11,1,9,14,35,340,198,Av Raymond Dugrand,43.57322,3.9451,Plein jour,En agglomération,Hors intersection,Temps couvert,Deux véhicules - côté,,,,,,,,,,,1,2,1,8.0,3.0
201100028423,0011-01-10 08:45:00,11,1,10,8,45,340,172,"548 bis, PUECH VILLA (RU",43.64132,3.83205,Plein jour,En agglomération,Hors intersection,Normale,Sans collision,,,,,,,,,,,1,2,1,1.0,7.0
201100028424,0011-01-10 12:15:00,11,1,10,12,15,340,172,"0, ALCO (ROND POINT D')",43.62477,3.83595,Plein jour,En agglomération,Hors intersection,Normale,Sans collision,,,,,,,,,,,1,2,1,1.0,7.0
201100028425,0011-01-10 07:25:00,11,1,10,7,25,340,172,"0, LIBERTE (AVENUE DE LA",43.612,3.8245,Crépuscule ou aube,En agglomération,Hors intersection,Normale,Deux véhicules - côté,,,,,,,,,,,2,2,1,1.0,3.0
201100028426,0011-01-11 17:45:00,11,1,11,17,45,340,172,"sans, MENDES FRANCE (AVE",43.6078,3.92573,Nuit avec éclairage allumé,En agglomération,Hors intersection,Normale,Sans collision,,,,,,,,,,,5,2,1,1.0,7.0
201100028427,0011-01-12 08:50:00,11,1,12,8,50,340,172,"212, RIMBAUD (RUE PAUL)",43.61874,3.84648,Plein jour,En agglomération,Hors intersection,Normale,Deux véhicules - côté,,,,,,,,,,,1,2,1,1.0,3.0
201100028428,0011-01-12 15:00:00,11,1,12,15,0,340,198,ENTREPOTS (ALLEE DES),43.57269,3.93919,Plein jour,En agglomération,Intersection en X,Normale,Deux véhicules - côté,,,,,,,,,,,1,2,2,1.0,3.0
201100028429,0011-01-13 10:00:00,11,1,13,10,0,340,172,"139, LODEVE (AVENUE DE",43.61477,3.83233,Plein jour,En agglomération,Hors intersection,Normale,Deux véhicules - côté,,,,,,,,,,,1,2,1,1.0,3.0
201100028430,0011-01-13 12:40:00,11,1,13,12,40,340,172,"., BART (RUE JEAN)",43.62549,3.83765,Plein jour,En agglomération,Hors intersection,Normale,Deux véhicules - arrière,,,,,,,,,,,1,2,1,1.0,2.0
201100028431,0011-01-11 10:40:00,11,1,11,10,40,340,172,"147, BRINGUIER (AVENUE P",43.61518,3.84,Plein jour,En agglomération,Hors intersection,Pluie légère,Deux véhicules - frontale,,,,,,,,,,,1,2,1,2.0,1.0
201100028432,0011-01-14 13:30:00,11,1,14,13,30,340,172,"0, MISTRAL (AVENUE FREDE",43.60999,3.883,Plein jour,En agglomération,Hors intersection,Normale,Sans collision,,,,,,,,,,,1,2,1,1.0,7.0
201100028433,0011-01-14 15:40:00,11,1,14,15,40,340,172,"0, FRANKLIN (ROND POINT",43.61824,3.91307,Plein jour,En agglomération,Giratoire,Normale,Deux véhicules - côté,,,,,,,,,,,1,2,6,1.0,3.0
201100028434,0011-01-15 14:55:00,11,1,15,14,55,340,172,"0, POMPIGNANE (AVENUE DE",43.60988,3.89879,Plein jour,En agglomération,Intersection en T,Normale,Sans collision,,,,,,,,,,,1,2,3,1.0,7.0
201100028435,0011-01-14 19:40:00,11,1,14,19,40,340,172,"0, TOULOUSE (AVENUE DE",43.60054,3.86754,Nuit avec éclairage allumé,En agglomération,Intersection en T,Normale,Deux véhicules - frontale,,,,,,,,,,,5,2,3,1.0,1.0
201100028436,0011-01-17 18:30:00,11,1,17,18,30,340,172,"212, RIMBAUD (RUE PAUL)",43.61908,3.84803,Nuit avec éclairage allumé,En agglomération,Hors intersection,Normale,Deux véhicules - côté,,,,,,,,,,,5,2,1,1.0,3.0
201100028437,0011-01-17 20:00:00,11,1,17,20,0,340,129,CARNON (ROUTE DE  D21),43.57755,3.93614,Nuit sans éclairage public,En agglomération,Hors intersection,Normale,Deux véhicules - côté,,,,,,,,,,,3,2,1,1.0,3.0
201100028438,0011-01-18 13:45:00,11,1,18,13,45,340,172,"., BERTHELOT (BOULEVARD)",43.59938,3.87339,Plein jour,En agglomération,Intersection en T,Normale,Autre collision,,,,,,,,,,,1,2,3,1.0,6.0
201100028439,0011-01-19 01:00:00,11,1,19,1,0,340,172,FLAHAULT (AVENUE CHARLES,43.62262,3.86355,Nuit avec éclairage allumé,En agglomération,Intersection en Y,Normale,Deux véhicules - côté,,,,,,,,,,,5,2,4,1.0,3.0
201100028440,0011-01-20 02:35:00,11,1,20,2,35,340,172,"SANS, CITADELLE (ALLEE D",43.61283,3.88305,Nuit avec éclairage allumé,En agglomération,Hors intersection,Normale,Sans collision,,,,,,,,,,,5,2,1,1.0,7.0
201100028441,0011-01-13 15:52:00,11,1,13,15,52,340,172,LIBERTE (AVENUE DE LA,43.60875,3.85309,Plein jour,En agglomération,Intersection en T,Normale,Deux véhicules - côté,,,,,,,,,,,1,2,3,1.0,3.0
201100028442,0011-01-22 18:30:00,11,1,22,18,30,340,172,"212, RIMBAUD (RUE PAUL)",43.61908,3.84797,Nuit avec éclairage allumé,En agglomération,Hors intersection,Normale,Deux véhicules - arrière,,,,,,,,,,,5,2,1,1.0,2.0
201100028443,0011-01-22 21:21:00,11,1,22,21,21,340,172,MOULARES (CHEMIN DE,43.59913,3.89382,Nuit avec éclairage allumé,En agglomération,Intersection en X,Normale,Deux véhicules - côté,,,,,,,,,,,5,2,2,1.0,3.0
201100028444,0011-01-23 14:15:00,11,1,23,14,15,340,172,"sans, JAMMES (PLACE FRAN",43.61458,3.83563,Plein jour,En agglomération,Hors intersection,Normale,Autre collision,,,,,,,,,,,1,2,1,1.0,6.0
201100028445,0011-01-24 12:55:00,11,1,24,12,55,340,172,BOSSERVILLE (ALLEE DE),43.60121,3.86838,Plein jour,En agglomération,Intersection en X,Normale,Deux véhicules - côté,,,,,,,,,,,1,2,2,1.0,3.0
201100028446,0011-01-25 12:55:00,11,1,25,12,55,340,172,NARBONNAISE (RUE DE LA),43.63355,3.81996,Plein jour,En agglomération,Hors intersection,Normale,Deux véhicules - côté,,,,,,,,,,,1,2,1,1.0,3.0
201100028447,0011-01-25 18:00:00,11,1,25,18,0,340,172,"56, RENOUVIER (BOULEVARD",43.60164,3.86816,Nuit avec éclairage allumé,En agglomération,Intersection en X,Normale,Deux véhicules - côté,,,,,,,,,,,5,2,2,1.0,3.0
201100028448,0011-01-28 11:15:00,11,1,28,11,15,340,172,"0, NOBEL (RUE ALFRED)",43.61504,3.91156,Plein jour,En agglomération,Intersection en T,Normale,Deux véhicules - frontale,,,,,,,,,,,1,2,3,1.0,1.0
201100028449,0011-01-28 16:20:00,11,1,28,16,20,340,172,"18, GARENNE (RUE DE LA)",43.62035,3.8689,Plein jour,En agglomération,Hors intersection,Normale,Sans collision,,,,,,,,,,,1,2,1,1.0,7.0
201100028450,0011-01-28 21:27:00,11,1,28,21,27,340,172,"sans, CLEMENCEAU (AVENUE",43.60151,3.86874,Nuit avec éclairage allumé,En agglomération,Intersection en X,Normale,Deux véhicules - côté,,,,,,,,,,,5,2,2,1.0,3.0
201100028451,0011-01-29 02:20:00,11,1,29,2,20,340,172,"SANS, MARTELLE (ALLEE DE",43.5992,3.84242,Nuit avec éclairage allumé,En agglomération,Intersection en T,Normale,Autre collision,,,,,,,,,,,5,2,3,1.0,6.0
201100028452,0011-01-29 17:45:00,11,1,29,17,45,340,172,"sans, CHATEAU D'O (ROND-",43.63073,3.8424,Nuit avec éclairage allumé,En agglomération,Hors intersection,Pluie légère,Sans collision,,,,,,,,,,,5,2,1,2.0,7.0
201100028453,0011-01-30 18:45:00,11,1,30,18,45,340,172,SORBES (RUE DE LAS,43.61685,3.86071,Nuit avec éclairage allumé,En agglomération,Intersection en X,Normale,Deux véhicules - côté,,,,,,,,,,,5,2,2,1.0,3.0
201100028454,0011-01-30 20:55:00,11,1,30,20,55,340,198,PAGNOL (AVENUE MARCEL),43.55891,3.96014,Nuit avec éclairage allumé,En agglomération,Hors intersection,Pluie légère,Sans collision,,,,,,,,,,,5,2,1,2.0,7.0
201100028455,0011-01-31 08:15:00,11,1,31,8,15,340,172,"sans, JUSTICE DE CASTELN",43.62598,3.88227,Plein jour,En agglomération,Hors intersection,Normale,Sans collision,,,,,,,,,,,1,2,1,1.0,7.0
201100028456,0011-02-01 07:30:00,11,2,1,7,30,340,172,"62, JUSTICE DE CASTELNAU",43.62697,3.87105,Crépuscule ou aube,En agglomération,Hors intersection,Normale,Autre collision,,,,,,,,,,,2,2,1,1.0,6.0
201100028457,0011-02-01 08:45:00,11,2,1,8,45,340,172,"396, RIMBAUD (RUE PAUL)",43.61854,3.84537,Plein jour,En agglomération,Hors intersection,Normale,Deux véhicules - côté,,,,,,,,,,,1,2,1,1.0,3.0
201100028458,0011-02-01 14:15:00,11,2,1,14,15,340,172,"1659, SOULAS (AVENUE DU",43.62503,3.85104,Plein jour,En agglomération,Hors intersection,Normale,Deux véhicules - côté,,,,,,,,,,,1,2,1,1.0,3.0
201100028459,0011-02-02 06:50:00,11,2,2,6,50,340,172,"., JUSTICE DE CASTELNAU",43.62692,3.88951,Nuit avec éclairage allumé,En agglomération,Intersection en X,Normale,Deux véhicules - frontale,,,,,,,,,,,5,2,2,1.0,1.0
201100028460,0011-02-02 12:00:00,11,2,2,12,0,340,172,MOULARES (CHEMIN DE,43.60341,3.89357,Plein jour,En agglomération,Intersection en T,Normale,Autre collision,,,,,,,,,,,1,2,3,1.0,6.0
201100028461,0011-02-01 18:10:00,11,2,1,18,10,340,172,"0, AURIOL (AVENUE VINCEN",43.65039,3.86089,Nuit sans éclairage public,Hors agglomération,Hors intersection,Normale,Sans collision,,,,,,,,,,,3,1,1,1.0,7.0
201100028462,0011-02-03 12:25:00,11,2,3,12,25,340,172,"0, EINSTEIN (AVENUE ALBE",43.61286,3.93672,Plein jour,Hors agglomération,Intersection en T,Normale,Deux véhicules - frontale,,,,,,,,,,,1,1,3,1.0,1.0
201100028463,0011-02-04 08:55:00,11,2,4,8,55,340,172,"0, LIBERTE (AVENUE DE LA",43.60696,3.83787,Plein jour,En agglomération,Hors intersection,Normale,Autre collision,,,,,,,,,,,1,2,1,1.0,6.0
201100028464,0011-02-04 21:25:00,11,2,4,21,25,340,172,"SANS, FONTAINE DU PILA S",43.61441,3.88156,Nuit avec éclairage allumé,En agglomération,Intersection en T,Normale,Deux véhicules - côté,,,,,,,,,,,5,2,3,1.0,3.0
201100028465,0011-02-05 17:00:00,11,2,5,17,0,340,172,"sans, PIC SAINT LOUP (AV",43.64085,3.85726,Crépuscule ou aube,En agglomération,Hors intersection,Normale,Autre collision,,,,,,,,,,,2,2,1,1.0,6.0
201100028466,0011-02-05 17:00:00,11,2,5,17,0,340,172,"sans, MONTMORENCY (ALLEE",43.61007,3.8838,Plein jour,En agglomération,Hors intersection,Normale,Autre collision,,,,,,,,,,,1,2,1,1.0,6.0
201100028467,0011-02-05 22:35:00,11,2,5,22,35,340,172,FLANDRES-DUNKERQUE (PLAC,43.59002,3.85582,Nuit avec éclairage allumé,En agglomération,Hors intersection,Normale,Deux véhicules - côté,,,,,,,,,,,5,2,1,1.0,3.0
201100028468,0011-02-05 12:10:00,11,2,5,12,10,340,172,PELLICIER (RUE GUILLAUME,43.60788,3.861,Plein jour,En agglomération,Intersection en T,Normale,Autre collision,,,,,,,,,,,1,2,3,1.0,6.0
201100028469,0011-02-07 04:15:00,11,2,7,4,15,340,172,EINSTEIN (AVENUE ALBERT,43.61226,3.93368,Nuit sans éclairage public,Hors agglomération,Hors intersection,Normale,Sans collision,,,,,,,,,,,3,1,1,1.0,7.0
201100028470,0011-02-07 10:30:00,11,2,7,10,30,340,172,"., CLEMENCEAU (AVENUE GE",43.60439,3.87367,Plein jour,En agglomération,Intersection en T,Normale,Deux véhicules - côté,,,,,,,,,,,1,2,3,1.0,3.0
201100028471,0011-02-04 10:40:00,11,2,4,10,40,340,172,"0, LIBERTE (AVENUE DE LA",43.61654,3.8202,Plein jour,En agglomération,Hors intersection,Normale,Sans collision,,,,,,,,,,,1,2,1,1.0,7.0
201100028472,0011-02-07 14:30:00,11,2,7,14,30,340,172,"0, MONDIAL 98 (AVENUE DU",43.6034,3.91051,Plein jour,En agglomération,Hors intersection,Normale,Sans collision,,,,,,,,,,,1,2,1,1.0,7.0
201100028473,0011-02-07 16:10:00,11,2,7,16,10,340,172,"0, LIBERTE (AVENUE DE LA",43.60929,3.83802,Plein jour,En agglomération,Hors intersection,Normale,Deux véhicules - arrière,,,,,,,,,,,1,2,1,1.0,2.0
201100028474,0011-02-08 07:15:00,11,2,8,7,15,340,172,"36, BOUISSON-BERTRAND (A",43.61858,3.87108,Crépuscule ou aube,En agglomération,Hors intersection,Normale,Deux véhicules - frontale,,,,,,,,,,,2,2,1,1.0,1.0
201100028475,0011-02-07 18:00:00,11,2,7,18,0,340,172,"3, FORGUE (RUE DU PROFES",43.60896,3.8529,Crépuscule ou aube,En agglomération,Hors intersection,Normale,Trois véhicules et plus - collisions multiples,,,,,,,,,,,2,2,1,1.0,5.0
201100028476,0011-02-08 16:45:00,11,2,8,16,45,340,172,"0, VANIERES (AVENUE DE)",43.59345,3.85139,Plein jour,En agglomération,Hors intersection,Normale,Deux véhicules - arrière,,,,,,,,,,,1,2,1,1.0,2.0
201100028477,0011-02-09 09:45:00,11,2,9,9,45,340,172,LIBERTE (AVENUE DE LA,43.61184,3.82564,Plein jour,En agglomération,Hors intersection,Temps couvert,Deux véhicules - côté,,,,,,,,,,,1,2,1,8.0,3.0
201100028478,0011-02-09 20:15:00,11,2,9,20,15,340,172,"sans, LYRE (ROND-POINT D",43.64072,3.84642,Nuit avec éclairage allumé,En agglomération,Hors intersection,Normale,Deux véhicules - côté,,,,,,,,,,,5,2,1,1.0,3.0
201100028479,0011-02-10 18:35:00,11,2,10,18,35,340,172,"55, SAINT CLEOPHAS (RUE)",43.59707,3.87238,Nuit avec éclairage allumé,En agglomération,Hors intersection,Normale,Trois véhicules et plus - collisions multiples,,,,,,,,,,,5,2,1,1.0,5.0
201100028480,0011-02-11 04:45:00,11,2,11,4,45,340,129,"sans, D116",43.56173,3.86714,Nuit sans éclairage public,En agglomération,Hors intersection,Normale,Autre collision,,,,,,,,,,,3,2,1,1.0,6.0
201100028481,0011-02-11 09:20:00,11,2,11,9,20,340,172,"sans, JOUHAUX (AVENUE LE",43.60843,3.82143,Plein jour,En agglomération,Hors intersection,Temps couvert,Trois véhicules et plus - collisions multiples,,,,,,,,,,,1,2,1,8.0,5.0
201100028482,0011-02-08 12:15:00,11,2,8,12,15,340,172,"., AURIOL (AVENUE VINCEN",43.64659,3.85407,Plein jour,En agglomération,Hors intersection,Normale,Deux véhicules - arrière,,,,,,,,,,,1,2,1,1.0,2.0
201100028483,0011-02-14 18:10:00,11,2,14,18,10,340,172,"0, BENE (PLACE JEAN)",43.6041,3.89611,Nuit avec éclairage allumé,En agglomération,Giratoire,Normale,Deux véhicules - arrière,,,,,,,,,,,5,2,6,1.0,2.0
201100028484,0011-02-15 08:00:00,11,2,15,8,0,340,172,AEROPORT INTERNATIONAL (,43.60881,3.89428,Plein jour,En agglomération,Hors intersection,Normale,Trois véhicules et plus - en chaîne,,,,,,,,,,,1,2,1,1.0,4.0
201100028485,0011-02-15 08:45:00,11,2,15,8,45,340,172,"00, RIMBAUD (RUE PAUL)",43.61781,3.84348,Plein jour,En agglomération,Hors intersection,Normale,Deux véhicules - côté,,,,,,,,,,,1,2,1,1.0,3.0
201100028486,0011-02-15 07:30:00,11,2,15,7,30,340,172,"110, LODEVE (AVENUE DE",43.6107,3.84909,Plein jour,En agglomération,Hors intersection,Normale,Sans collision,,,,,,,,,,,1,2,1,1.0,7.0
201100028487,0011-02-15 15:20:00,11,2,15,15,20,340,172,"sans, MISTRAL (AVENUE FR",43.61004,3.88293,Plein jour,En agglomération,Hors intersection,Normale,Autre collision,,,,,,,,,,,1,2,1,1.0,6.0
201100028488,0011-02-16 08:35:00,11,2,16,8,35,340,172,MARCHAND (RUE DU COLONEL,43.62156,3.8686,Plein jour,En agglomération,Hors intersection,Normale,Sans collision,,,,,,,,,,,1,2,1,1.0,7.0
201100028489,0011-02-17 18:10:00,11,2,17,18,10,340,172,"3, MICHEL (RUE ERNEST)",43.60294,3.87441,Crépuscule ou aube,En agglomération,Hors intersection,Pluie légère,Autre collision,,,,,,,,,,,2,2,1,2.0,6.0
201100028490,0011-02-18 14:00:00,11,2,18,14,0,340,172,"20, BERTHELOT (BOULEVARD",43.59938,3.87345,Plein jour,En agglomération,Intersection en X,Normale,Autre collision,,,,,,,,,,,1,2,2,1.0,6.0
201100028491,0011-02-21 09:00:00,11,2,21,9,0,340,172,"00, POITIERS (AVENUE GUI",43.63564,3.81656,Plein jour,En agglomération,Hors intersection,Normale,Deux véhicules - frontale,,,,,,,,,,,1,2,1,1.0,1.0
201100028492,0011-02-21 12:05:00,11,2,21,12,5,340,172,"0, RENE (RUE HENRI)",43.60306,3.88259,Plein jour,En agglomération,Hors intersection,Normale,Sans collision,,,,,,,,,,,1,2,1,1.0,7.0
201100028493,0011-02-21 17:15:00,11,2,21,17,15,340,172,"sans, LAURAGAIS (AVENUE",43.63154,3.82225,Plein jour,En agglomération,Hors intersection,Temps couvert,Deux véhicules - côté,,,,,,,,,,,1,2,1,8.0,3.0
201100028494,0011-02-22 10:50:00,11,2,22,10,50,340,172,"0, HARCOURT (RUE FRANCOI",43.63419,3.8336,Plein jour,En agglomération,Hors intersection,Normale,Sans collision,,,,,,,,,,,1,2,1,1.0,7.0
201100028495,0011-02-22 14:20:00,11,2,22,14,20,340,198,"sans, PAGNOL (AVENUE MAR",43.55656,3.96472,Plein jour,En agglomération,Hors intersection,Temps couvert,Deux véhicules - frontale,,,,,,,,,,,1,2,1,8.0,1.0
201100028496,0011-02-22 18:20:00,11,2,22,18,20,340,172,"00, CATALPAS (RUE DES)",43.59112,3.88334,Nuit avec éclairage allumé,En agglomération,Hors intersection,Normale,Sans collision,,,,,,,,,,,5,2,1,1.0,7.0
201100028497,0011-02-23 09:15:00,11,2,23,9,15,340,172,"sans, VINCI (RUE LEONARD",43.60839,3.90653,Plein jour,En agglomération,Intersection en X,Normale,Deux véhicules - côté,,,,,,,,,,,1,2,2,1.0,3.0
201100028498,0011-02-23 21:21:00,11,2,23,21,21,340,172,"sans, SAINT CLEOPHAS (RU",43.59795,3.87112,Nuit avec éclairage allumé,En agglomération,Intersection en X,Normale,Deux véhicules - côté,,,,,,,,,,,5,2,2,1.0,3.0
201100028499,0011-02-23 22:30:00,11,2,23,22,30,340,172,"SANS, POITIERS (AVENUE G",43.63777,3.81739,Nuit avec éclairage allumé,En agglomération,Hors intersection,Normale,Sans collision,,,,,,,,,,,5,2,1,1.0,7.0
201100028500,0011-02-24 08:55:00,11,2,24,8,55,340,172,"sans, 8 MAI 1945 (PLACE",43.60113,3.86781,Plein jour,En agglomération,Hors intersection,Normale,Deux véhicules - côté,,,,,,,,,,,1,2,1,1.0,3.0
201100028501,0011-02-24 09:10:00,11,2,24,9,10,340,172,"sans, NERUDA (AVENUE PAB",43.6164,3.82011,Plein jour,En agglomération,Hors intersection,Normale,Autre collision,,,,,,,,,,,1,2,1,1.0,6.0
201100028502,0011-02-25 08:10:00,11,2,25,8,10,340,172,JUSTICE DE CASTELNAU (AV,43.62691,3.88976,Plein jour,En agglomération,Intersection en X,Normale,Autre collision,,,,,,,,,,,1,2,2,1.0,6.0
201100028503,0011-02-25 18:50:00,11,2,25,18,50,340,172,"0, SAINT MAUR (AVENUE DE",43.61858,3.89375,Nuit avec éclairage allumé,En agglomération,Intersection en X,Normale,Sans collision,,,,,,,,,,,5,2,2,1.0,7.0
201100028504,0011-02-26 10:55:00,11,2,26,10,55,340,129,SORIECH (ROND POINT DE),43.58174,3.92102,Plein jour,En agglomération,Hors intersection,Normale,Deux véhicules - côté,,,,,,,,,,,1,2,1,1.0,3.0
201100028505,0011-02-25 19:48:00,11,2,25,19,48,340,172,"0, DUBOUT (AVENUE ALBERT",43.60186,3.89168,Nuit avec éclairage allumé,En agglomération,Intersection en T,Normale,Deux véhicules - côté,,,,,,,,,,,5,2,3,1.0,3.0
201100028506,0011-02-26 21:00:00,11,2,26,21,0,340,172,"16, BOUISSON-BERTRAND (A",43.617,3.87355,Nuit avec éclairage allumé,En agglomération,Hors intersection,Normale,Deux véhicules - côté,,,,,,,,,,,5,2,1,1.0,3.0
201100028507,0011-02-27 06:15:00,11,2,27,6,15,340,172,"0, LIBERTE (AVENUE DE LA",43.60854,3.86187,Nuit avec éclairage allumé,En agglomération,Hors intersection,Normale,Sans collision,,,,,,,,,,,5,2,1,1.0,7.0
201100028508,0011-02-27 10:00:00,11,2,27,10,0,340,172,"0, AIGUELONGUE (RUE DE L",,,Plein jour,En agglomération,Hors intersection,Normale,Sans collision,,,,,,,,,,,1,2,1,1.0,7.0
201100028509,0011-03-01 15:50:00,11,3,1,15,50,340,172,PALAVAS (AVENUE DE),43.59762,3.88628,Plein jour,En agglomération,Intersection en T,Normale,Deux véhicules - côté,,,,,,,,,,,1,2,3,1.0,3.0
201100028510,0011-03-02 00:20:00,11,3,2,0,20,340,172,"SANS, CAIZERGUES (RUE MA",43.62056,3.87594,Nuit avec éclairage allumé,En agglomération,Intersection en T,Normale,Deux véhicules - côté,,,,,,,,,,,5,2,3,1.0,3.0
201100028511,0011-03-02 15:15:00,11,3,2,15,15,340,172,"968, SOULAS (AVENUE DU P",43.62099,3.85712,Plein jour,En agglomération,Hors intersection,Normale,Trois véhicules et plus - collisions multiples,,,,,,,,,,,1,2,1,1.0,5.0
201100028512,0011-03-03 14:00:00,11,3,3,14,0,340,172,"0, POMPIGNANE (AVENUE DE",43.60807,3.89866,Plein jour,En agglomération,Hors intersection,Normale,Deux véhicules - arrière,,,,,,,,,,,1,2,1,1.0,2.0
201100028513,0011-03-04 06:45:00,11,3,4,6,45,340,172,"42 bis, FLAHAULT (AVENUE",43.62313,3.86317,Nuit avec éclairage allumé,En agglomération,Hors intersection,Normale,Autre collision,,,,,,,,,,,5,2,1,1.0,6.0
201100028514,0011-03-04 12:40:00,11,3,4,12,40,340,172,SAINT LAZARE (AVENUE DE),43.61869,3.88628,Plein jour,En agglomération,Hors intersection,Normale,Autre collision,,,,,,,,,,,1,2,1,1.0,6.0
201100028515,0011-03-05 18:05:00,11,3,5,18,5,340,172,"0, LAVERUNE (ROUTE DE",43.60106,3.85036,Crépuscule ou aube,En agglomération,Hors intersection,Normale,Deux véhicules - côté,,,,,,,,,,,2,2,1,1.0,3.0
201100028516,0011-03-05 18:30:00,11,3,5,18,30,340,129,"SANS, PALAVAS D986 (ROUT",43.58282,3.92512,Nuit avec éclairage allumé,Hors agglomération,Autre intersection,Normale,Deux véhicules - côté,,,,,,,,,,,5,1,9,1.0,3.0
201100028517,0011-03-06 16:00:00,11,3,6,16,0,340,172,"sans, COMTE DE MELGUEIL",43.60381,3.89313,Plein jour,En agglomération,Hors intersection,Normale,Deux véhicules - côté,,,,,,,,,,,1,2,1,1.0,3.0
201100028518,0011-03-06 21:30:00,11,3,6,21,30,340,172,"sans, BARCELONE (AVENUE",43.59985,3.86204,Nuit avec éclairage allumé,En agglomération,Hors intersection,Normale,Autre collision,,,,,,,,,,,5,2,1,1.0,6.0
201100028519,0011-03-06 21:25:00,11,3,6,21,25,340,172,"133, ETANGS (RUE DES)",43.59985,3.86204,Nuit avec éclairage allumé,En agglomération,Hors intersection,Normale,Autre collision,,,,,,,,,,,5,2,1,1.0,6.0
201100028520,0011-03-07 11:40:00,11,3,7,11,40,340,172,"sans, FABRE DE MORLHON (",43.59143,3.8793,Plein jour,En agglomération,Hors intersection,Normale,Deux véhicules - côté,,,,,,,,,,,1,2,1,1.0,3.0
201100028521,0011-03-07 16:50:00,11,3,7,16,50,340,172,ADHEMAR (AVENUE PIERRE D,43.62258,3.86658,Plein jour,En agglomération,Intersection en T,Normale,Deux véhicules - côté,,,,,,,,,,,1,2,3,1.0,3.0