accident_id,datetime,annee,mois,jour,heure,minute,departement,commune_insee,adresse,latitude,longitude,luminosite,agglomeration,intersection,meteo,collision,nb_vehicules,nb_usagers,nb_indemnes,nb_tues,nb_blesses_hosp,nb_blesses_legers,age_cond_1,age_cond_2,veh_type_cond_1,veh_type_cond_2,lum_code,agg_code,int_code,atm_code,col_code
201100028640,0011-05-18 09:10:00,11,5,18,9,10,340,172,"801, MOULARES (CHEMIN DE",43.59867,3.89355,Plein jour,En agglomération,Hors intersection,Normale,Deux véhicules - côté,,,,,,,,,,,1,2,1,1.0,3.0
201100028641,0011-05-18 12:25:00,11,5,18,12,25,340,172,"sans, BRINGUIER (AVENUE",,,Plein jour,En agglomération,Hors intersection,Normale,Autre collision,,,,,,,,,,,1,2,1,1.0,6.0
201100028642,0011-05-19 08:00:00,11,5,19,8,0,340,172,"sans, VIEILLE POSTE (RUE",43.61138,3.90079,Plein jour,En agglomération,Hors intersection,Normale,Deux véhicules - arrière,,,,,,,,,,,1,2,1,1.0,2.0
201100028643,0011-05-19 18:45:00,11,5,19,18,45,340,172,RIMBAUD (RUE PAUL),43.61649,3.83581,Plein jour,En agglomération,Intersection en X,Normale,Deux véhicules - côté,,,,,,,,,,,1,2,2,1.0,3.0
201100028644,0011-05-20 11:15:00,11,5,20,11,15,340,172,GALOIS (ROND-POINT EVARI,43.60847,3.9137,Plein jour,En agglomération,Autre intersection,Normale,Autre collision,,,,,,,,,,,1,2,9,1.0,6.0
201100028645,0011-05-20 18:25:00,11,5,20,18,25,340,172,"0, VANIERES (AVENUE DE)",43.59737,3.84331,Plein jour,En agglomération,Hors intersection,Normale,Trois véhicules et plus - en chaîne,,,,,,,,,,,1,2,1,1.0,4.0
201100028646,0011-05-20 18:00:00,11,5,20,18,0,340,172,"0, LIBERTE (AVENUE DE LA",43.61371,3.82219,Plein jour,En agglomération,Hors intersection,Normale,Sans collision,,,,,,,,,,,1,2,1,1.0,7.0
201100028647,0011-05-21 17:00:00,11,5,21,17,0,340,172,"4, LODEVE (ROUTE DE)",43.61477,3.83066,Plein jour,En agglomération,Intersection en T,Normale,Deux véhicules - frontale,,,,,,,,,,,1,2,3,1.0,1.0
201100028648,0011-05-20 14:30:00,11,5,20,14,30,340,172,AGRICULTURE GABRIEL,43.61344,3.85896,Plein jour,En agglomération,Intersection en T,Normale,Deux véhicules - côté,,,,,,,,,,,1,2,3,1.0,3.0
201100028649,0011-05-22 18:20:00,11,5,22,18,20,340,172,"sans, JUVENAL (PONT)",43.60583,3.89363,Plein jour,En agglomération,Intersection en X,Normale,Deux véhicules - côté,,,,,,,,,,,1,2,2,1.0,3.0
201100028650,0011-05-22 21:15:00,11,5,22,21,15,340,172,"27, BERTHELOT (BOULEVARD",43.59982,3.87176,Nuit avec éclairage allumé,En agglomération,Hors intersection,Normale,Deux véhicules - côté,,,,,,,,,,,5,2,1,1.0,3.0
201100028651,0011-05-23 17:00:00,11,5,23,17,0,340,172,"sans, PONT DE LAVERUNE (",43.60731,3.83839,Plein jour,En agglomération,Hors intersection,Normale,Autre collision,,,,,,,,,,,1,2,1,1.0,6.0
201100028652,0011-05-23 18:10:00,11,5,23,18,10,340,172,"sans, PARGUEL (AVENUE AB",43.63768,3.85968,Plein jour,En agglomération,Intersection en T,Normale,Deux véhicules - côté,,,,,,,,,,,1,2,3,1.0,3.0
201100028653,0011-05-23 18:45:00,11,5,23,18,45,340,172,"sans, FLAHAULT (AVENUE C",43.62154,3.86441,Plein jour,En agglomération,Hors intersection,Normale,Sans collision,,,,,,,,,,,1,2,1,1.0,7.0
201100028654,0011-05-24 18:45:00,11,5,24,18,45,340,172,RECH (RUE HIPPOLYTE),43.61884,3.86358,Plein jour,En agglomération,Intersection en X,Normale,Deux véhicules - frontale,,,,,,,,,,,1,2,2,1.0,1.0
201100028655,0011-05-25 11:05:00,11,5,25,11,5,340,172,"face 29, GRAND SAINT JEA",43.60419,3.87827,Plein jour,En agglomération,Hors intersection,Normale,Autre collision,,,,,,,,,,,1,2,1,1.0,6.0
201100028656,0011-05-26 14:20:00,11,5,26,14,20,340,172,"200, SOULAS (AVENUE DU P",43.61851,3.865,Plein jour,En agglomération,Hors intersection,Normale,Sans collision,,,,,,,,,,,1,2,1,1.0,7.0
201100028657,0011-05-27 11:50:00,11,5,27,11,50,340,172,"100, COLLINE (AVENUE DE",43.60727,3.84192,Plein jour,En agglomération,Hors intersection,Temps couvert,Autre collision,,,,,,,,,,,1,2,1,8.0,6.0
201100028658,0011-05-26 20:30:00,11,5,26,20,30,340,172,"1209, ANGLADA (RUE DU PR",43.63172,3.85807,Plein jour,En agglomération,Hors intersection,Normale,Sans collision,,,,,,,,,,,1,2,1,1.0,7.0
201100028659,0011-05-29 01:40:00,11,5,29,1,40,340,172,PITOT (RUE),43.61197,3.87178,Nuit avec éclairage allumé,En agglomération,Place,Normale,Deux véhicules - côté,,,,,,,,,,,5,2,7,1.0,3.0
201100028660,0011-05-29 08:00:00,11,5,29,8,0,340,198,"0, D66  VOIE RAPIDE",43.57359,3.9553,Plein jour,Hors agglomération,Hors intersection,Normale,Autre collision,,,,,,,,,,,1,1,1,1.0,6.0
201100028661,0011-05-29 18:45:00,11,5,29,18,45,340,172,"SANS, GRASSET (AVENUE DU",,,Plein jour,En agglomération,Intersection en T,Normale,Deux véhicules - côté,,,,,,,,,,,1,2,3,1.0,3.0
201100028662,0011-05-30 19:15:00,11,5,30,19,15,340,172,"14, JEU DE PAUME (BOULEV",43.60803,3.8736,Plein jour,En agglomération,Hors intersection,Normale,Autre collision,,,,,,,,,,,1,2,1,1.0,6.0
201100028663,0011-05-31 09:18:00,11,5,31,9,18,340,172,"370, CENTRAYRARGUES (RUE",,,Plein jour,En agglomération,Hors intersection,Normale,Autre collision,,,,,,,,,,,1,2,1,1.0,6.0
201100028664,0011-05-31 17:00:00,11,5,31,17,0,340,172,"51, LAVERUNE (ROUTE DE",43.59917,3.84262,Plein jour,En agglomération,Hors intersection,Normale,Deux véhicules - côté,,,,,,,,,,,1,2,1,1.0,3.0
201100028665,0011-06-01 23:20:00,11,6,1,23,20,340,172,"sans, PAVELET (AVENUE DU",43.58923,3.8559,Nuit avec éclairage allumé,En agglomération,Hors intersection,Pluie légère,Sans collision,,,,,,,,,,,5,2,1,2.0,7.0
201100028666,0011-06-03 21:30:00,11,6,3,21,30,340,172,"sans, LODEVE (ROUTE DE)",43.61553,3.81884,Nuit avec éclairage allumé,En agglomération,Hors intersection,Temps couvert,Deux véhicules - frontale,,,,,,,,,,,5,2,1,8.0,1.0
201100028667,0011-06-04 18:30:00,11,6,4,18,30,340,172,"sans, MER (AVENUE DE LA)",43.59711,3.90392,Plein jour,En agglomération,Hors intersection,Pluie forte,Sans collision,,,,,,,,,,,1,2,1,3.0,7.0
201100028668,0011-06-05 07:50:00,11,6,5,7,50,340,129,"sans, PALAVAS D986 (ROUT",43.55064,3.89371,Plein jour,En agglomération,Hors intersection,Normale,Sans collision,,,,,,,,,,,1,2,1,1.0,7.0
201100028669,0011-06-10 15:35:00,11,6,10,15,35,340,172,"SANS, PLATON (ALLEE DE)",43.60656,3.89835,Plein jour,En agglomération,Hors intersection,Normale,Deux véhicules - côté,,,,,,,,,,,1,2,1,1.0,3.0
201100028670,0011-06-10 13:35:00,11,6,10,13,35,340,172,"sans, DOMITIENNE (VOIE)",43.62117,3.85843,Plein jour,En agglomération,Hors intersection,Normale,Deux véhicules - côté,,,,,,,,,,,1,2,1,1.0,3.0
201100028671,0011-06-10 19:40:00,11,6,10,19,40,340,172,"21, PUECH VILLA (RUE DE)",43.64047,3.83742,Plein jour,En agglomération,Hors intersection,Normale,Autre collision,,,,,,,,,,,1,2,1,1.0,6.0
201100028672,0011-06-12 00:35:00,11,6,12,0,35,340,172,"SANS, DUBOUT (AVENUE ALB",43.60167,3.89156,Nuit avec éclairage allumé,En agglomération,Intersection en Y,Normale,Sans collision,,,,,,,,,,,5,2,4,1.0,7.0
201100028673,0011-06-12 20:00:00,11,6,12,20,0,340,172,"28, BERTHELOT (BOULEVARD",43.59962,3.87494,Plein jour,En agglomération,Hors intersection,Normale,Autre collision,,,,,,,,,,,1,2,1,1.0,6.0
201100028674,0011-06-12 21:25:00,11,6,12,21,25,340,172,LIBERTE (AVENUE DE LA,43.60877,3.84493,Plein jour,En agglomération,Hors intersection,Normale,Trois véhicules et plus - collisions multiples,,,,,,,,,,,1,2,1,1.0,5.0
201100028675,0011-06-13 21:00:00,11,6,13,21,0,340,172,"sans, VENDEMIAIRE (RUE)",43.60256,3.89887,Plein jour,En agglomération,Hors intersection,Normale,Deux véhicules - côté,,,,,,,,,,,1,2,1,1.0,3.0
201100028676,0011-06-13 23:05:00,11,6,13,23,5,340,129,PALAVAS D986 (ROUTE DE),43.55391,3.8932,Nuit sans éclairage public,Hors agglomération,Hors intersection,Normale,Trois véhicules et plus - en chaîne,,,,,,,,,,,3,1,1,1.0,4.0
201100028677,0011-06-10 11:25:00,11,6,10,11,25,340,172,"20, MAURIN (AVENUE DE",43.60147,3.8752,Plein jour,En agglomération,Hors intersection,Normale,Sans collision,,,,,,,,,,,1,2,1,1.0,7.0
201100028678,0011-06-14 18:30:00,11,6,14,18,30,340,172,CARNOT (PLACE),43.603,3.88267,Plein jour,En agglomération,Intersection à plus de 4 branches,Normale,Deux véhicules - côté,,,,,,,,,,,1,2,5,1.0,3.0
201100028679,0011-06-15 16:40:00,11,6,15,16,40,340,172,MONDIAL 98 (AVENUE DU),43.60343,3.90631,Plein jour,En agglomération,Hors intersection,Normale,Autre collision,,,,,,,,,,,1,2,1,1.0,6.0
201100028680,0011-06-16 11:15:00,11,6,16,11,15,340,172,"0, CHATEAU D'O (ROND-POI",43.63154,3.84279,Plein jour,En agglomération,Giratoire,Normale,Trois véhicules et plus - en chaîne,,,,,,,,,,,1,2,6,1.0,4.0
201100028681,0011-06-16 12:05:00,11,6,16,12,5,340,172,"143, MASPERO (RUE HENRI)",43.60583,3.83009,Plein jour,En agglomération,Hors intersection,Normale,Deux véhicules - côté,,,,,,,,,,,1,2,1,1.0,3.0
201100028682,0011-06-16 13:45:00,11,6,16,13,45,340,172,"sans, EUROPE (AVENUE DE",43.63073,3.82255,Plein jour,En agglomération,Hors intersection,Normale,Deux véhicules - arrière,,,,,,,,,,,1,2,1,1.0,2.0
201100028683,0011-06-16 16:10:00,11,6,16,16,10,340,172,"sans, ERNEST HEMINGWAY (",43.63146,3.83925,Plein jour,En agglomération,Hors intersection,Normale,Deux véhicules - côté,,,,,,,,,,,1,2,1,1.0,3.0
201100028684,0011-06-17 12:30:00,11,6,17,12,30,340,172,"sans, LIBERTE (AVENUE DE",,,Plein jour,En agglomération,Hors intersection,Normale,Trois véhicules et plus - collisions multiples,,,,,,,,,,,1,2,1,1.0,5.0
201100028685,0011-06-17 16:00:00,11,6,17,16,0,340,172,POITIERS (AVENUE GUILHEM,43.64031,3.81814,Plein jour,En agglomération,Intersection en X,Normale,Deux véhicules - côté,,,,,,,,,,,1,2,2,1.0,3.0
201100028686,0011-06-18 12:15:00,11,6,18,12,15,340,172,"80, FLICHE (AVENUE AUGUS",43.62983,3.86116,Plein jour,En agglomération,Hors intersection,Normale,Deux véhicules - côté,,,,,,,,,,,1,2,1,1.0,3.0
201100028687,0011-06-18 19:00:00,11,6,18,19,0,340,172,"1093, MAURIN (AVENUE DE",43.59543,3.87466,Plein jour,En agglomération,Hors intersection,Normale,Deux véhicules - côté,,,,,,,,,,,1,2,1,1.0,3.0
201100028688,0011-06-18 22:35:00,11,6,18,22,35,340,172,"SANS, DUBOUT (AVENUE ALB",43.59701,3.87795,Nuit avec éclairage allumé,En agglomération,Intersection en X,Normale,Deux véhicules - frontale,,,,,,,,,,,5,2,2,1.0,1.0
201100028689,0011-06-19 03:40:00,11,6,19,3,40,340,172,"sans, ALIZES (CARREFOUR",43.59585,3.8774,Nuit avec éclairage allumé,En agglomération,Hors intersection,Normale,Sans collision,,,,,,,,,,,5,2,1,1.0,7.0
201100028690,0011-06-19 06:40:00,11,6,19,6,40,340,172,FLAHAULT (AVENUE CHARLES,43.62416,3.86196,Crépuscule ou aube,En agglomération,Intersection en X,Normale,Deux véhicules - côté,,,,,,,,,,,2,2,2,1.0,3.0
201100028691,0011-06-19 07:05:00,11,6,19,7,5,340,198,D66  VOIE RAPIDE,43.60277,3.93804,Plein jour,Hors agglomération,Hors intersection,Normale,Sans collision,,,,,,,,,,,1,1,1,1.0,7.0
201100028692,0011-06-19 16:00:00,11,6,19,16,0,340,172,RAYMOND DUGRAND (AVENUE),43.60512,3.89952,Plein jour,En agglomération,Hors intersection,Normale,Sans collision,,,,,,,,,,,1,2,1,1.0,7.0
201100028693,0011-06-19 17:20:00,11,6,19,17,20,340,172,"0, JOUHAUX (AVENUE LEON)",43.59332,3.82067,Plein jour,Hors agglomération,Hors intersection,Normale,Autre collision,,,,,,,,,,,1,1,1,1.0,6.0
201100028694,0011-06-19 19:20:00,11,6,19,19,20,340,172,"0, EURYDICE (RUE)",43.61083,3.83054,Plein jour,En agglomération,Intersection en T,Normale,Trois véhicules et plus - collisions multiples,,,,,,,,,,,1,2,3,1.0,5.0
201100028695,0011-06-20 17:20:00,11,6,20,17,20,340,172,EUROPE (AVENUE DE L'),43.63297,3.82259,Plein jour,En agglomération,Hors intersection,Normale,Sans collision,,,,,,,,,,,1,2,1,1.0,7.0
201100028696,0011-06-21 10:30:00,11,6,21,10,30,340,172,LIBERTE (AVENUE DE LA,43.61183,3.82624,Plein jour,En agglomération,Hors intersection,Normale,Deux véhicules - côté,,,,,,,,,,,1,2,1,1.0,3.0
201100028697,0011-06-22 11:30:00,11,6,22,11,30,340,172,"632, PIREE (AVENUE DU)",43.6061,3.89674,Plein jour,En agglomération,Hors intersection,Temps couvert,Autre collision,,,,,,,,,,,1,2,1,8.0,6.0
201100028698,0011-06-21 15:00:00,11,6,21,15,0,340,172,"sans, MOHAMMED V (RUE)",43.61729,3.82271,Plein jour,En agglomération,Hors intersection,Normale,Deux véhicules - frontale,,,,,,,,,,,1,2,1,1.0,1.0
201100028699,0011-06-23 10:15:00,11,6,23,10,15,340,198,"sans, FOIRE (ROUTE DE LA",43.5751,3.9491,Plein jour,En agglomération,Hors intersection,Normale,Sans collision,,,,,,,,,,,1,2,1,1.0,7.0
201100028700,0011-06-23 19:15:00,11,6,23,19,15,340,172,DUBOUT (AVENUE ALBERT),43.59699,3.88353,Plein jour,En agglomération,Hors intersection,Normale,Autre collision,,,,,,,,,,,1,2,1,1.0,6.0
201100028701,0011-06-24 16:30:00,11,6,24,16,30,340,172,"2310, TOULOUSE (AVENUE D",43.58538,3.8514,Plein jour,En agglomération,Hors intersection,Normale,Autre collision,,,,,,,,,,,1,2,1,1.0,6.0
201100028702,0011-06-25 02:35:00,11,6,25,2,35,340,172,BRUSSES (RUE DES),43.63861,3.8568,Nuit avec éclairage allumé,En agglomération,Intersection en T,Normale,Deux véhicules - côté,,,,,,,,,,,5,2,3,1.0,3.0
201100028703,0011-06-26 19:05:00,11,6,26,19,5,340,198,"0, D66  VOIE RAPIDE",43.56146,3.96064,Plein jour,Hors agglomération,Hors intersection,Normale,Deux véhicules - arrière,,,,,,,,,,,1,1,1,1.0,2.0
201100028704,0011-06-28 06:45:00,11,6,28,6,45,340,172,"817, MONTASINOS (RUE DE",43.62915,3.88062,Crépuscule ou aube,En agglomération,Hors intersection,Normale,Deux véhicules - frontale,,,,,,,,,,,2,2,1,1.0,1.0
201100028705,0011-06-28 17:15:00,11,6,28,17,15,340,172,"sans, GOSSEC (RUE FRANCO",43.57512,3.86838,Plein jour,En agglomération,Hors intersection,Normale,Deux véhicules - côté,,,,,,,,,,,1,2,1,1.0,3.0
201100028706,0011-06-28 10:00:00,11,6,28,10,0,340,129,"912, MONTELS L' EGLISE (",43.57875,3.87736,Plein jour,En agglomération,Hors intersection,Normale,Deux véhicules - côté,,,,,,,,,,,1,2,1,1.0,3.0
201100028707,0011-06-29 08:25:00,11,6,29,8,25,340,172,ASTRE (ROND POINT DU MAS,43.57496,3.85993,Plein jour,En agglomération,Hors intersection,Normale,Deux véhicules - côté,,,,,,,,,,,1,2,1,1.0,3.0
201100028708,0011-06-29 14:00:00,11,6,29,14,0,340,172,OXFORD (RUE D'),43.62704,3.82002,Plein jour,En agglomération,Giratoire,Normale,Autre collision,,,,,,,,,,,1,2,6,1.0,6.0
201100028709,0011-06-29 13:50:00,11,6,29,13,50,340,172,"., SORBES (RUE DE LAS",43.61233,3.84545,Plein jour,En agglomération,Intersection en T,Normale,Deux véhicules - arrière,,,,,,,,,,,1,2,3,1.0,2.0
201100028710,0011-06-29 19:45:00,11,6,29,19,45,340,172,"807, PONT TRINQUAT (AVEN",43.59723,3.89275,Plein jour,En agglomération,Hors intersection,Normale,Autre collision,,,,,,,,,,,1,2,1,1.0,6.0
201100028711,0011-06-29 10:55:00,11,6,29,10,55,340,172,ORANGE RAIMBAUD D',43.63742,3.82033,Plein jour,En agglomération,Hors intersection,Normale,Autre collision,,,,,,,,,,,1,2,1,1.0,6.0
201100028712,0011-06-29 11:15:00,11,6,29,11,15,340,172,"sans, LIBERTE (AVENUE DE",43.61219,3.82402,Plein jour,En agglomération,Hors intersection,Normale,Deux véhicules - arrière,,,,,,,,,,,1,2,1,1.0,2.0
201100028713,0011-06-30 13:00:00,11,6,30,13,0,340,172,GRASSET (AVENUE DU PROFE,,,Plein jour,En agglomération,Intersection en X,Normale,Deux véhicules - côté,,,,,,,,,,,1,2,2,1.0,3.0
201100028714,0011-06-30 13:15:00,11,6,30,13,15,340,198,D66  VOIE RAPIDE,43.56351,3.95916,Plein jour,Hors agglomération,Hors intersection,Normale,Deux véhicules - arrière,,,,,,,,,,,1,1,1,1.0,2.0
201100028715,0011-06-30 20:50:00,11,6,30,20,50,340,172,"SANS, GARRATS (AVENUE DE",43.61102,3.83899,Plein jour,En agglomération,Hors intersection,Normale,Sans collision,,,,,,,,,,,1,2,1,1.0,7.0
201100028716,0011-06-30 22:05:00,11,6,30,22,5,340,172,"894, MONTASINOS (RUE DE",43.62941,3.88006,Nuit avec éclairage allumé,En agglomération,Hors intersection,Normale,Sans collision,,,,,,,,,,,5,2,1,1.0,7.0
201100028717,0011-07-01 17:50:00,11,7,1,17,50,340,172,"0, MOULARES (CHEMIN DE",43.59925,3.89384,Plein jour,En agglomération,Intersection en X,Normale,Sans collision,,,,,,,,,,,1,2,2,1.0,7.0
201100028718,0011-07-02 05:10:00,11,7,2,5,10,340,172,BRANDT (CARREFOUR WILLY),43.61233,3.82507,Nuit avec éclairage allumé,En agglomération,Autre intersection,Normale,Autre collision,,,,,,,,,,,5,2,9,1.0,6.0
201100028719,0011-07-02 07:52:00,11,7,2,7,52,340,172,"1248, RAVAZ (AVENUE DU P",43.62406,3.84313,Plein jour,En agglomération,Hors intersection,Normale,Deux véhicules - frontale,,,,,,,,,,,1,2,1,1.0,1.0
201100028720,0011-06-28 09:30:00,11,6,28,9,30,340,172,"0, VIEILLE POSTE (RUE DE",43.61347,3.90508,Plein jour,En agglomération,Intersection en X,Normale,Deux véhicules - côté,,,,,,,,,,,1,2,2,1.0,3.0
201100028721,0011-07-04 08:45:00,11,7,4,8,45,340,172,"0, BROUSSONNET (RUE AUGU",43.61723,3.86815,Plein jour,En agglomération,Hors intersection,Normale,Sans collision,,,,,,,,,,,1,2,1,1.0,7.0
201100028722,0011-07-05 08:50:00,11,7,5,8,50,340,172,"sans, MOULINS (AVENUE DE",43.63633,3.84467,Plein jour,En agglomération,Hors intersection,Normale,Deux véhicules - côté,,,,,,,,,,,1,2,1,1.0,3.0
201100028723,0011-07-01 12:10:00,11,7,1,12,10,340,172,"., DOMITIENNE (VOIE)",43.62005,3.85045,Plein jour,En agglomération,Intersection en X,Normale,Deux véhicules - arrière,,,,,,,,,,,1,2,2,1.0,2.0
201100028724,0011-07-05 14:15:00,11,7,5,14,15,340,172,JOUHAUX (AVENUE LEON),43.60683,3.82085,Plein jour,En agglomération,Autre intersection,Normale,Autre collision,,,,,,,,,,,1,2,9,1.0,6.0
201100028725,0011-07-05 19:00:00,11,7,5,19,0,340,172,AVENUE DE BARCELONE,43.62286,3.81738,Plein jour,En agglomération,Autre intersection,Normale,Deux véhicules - côté,,,,,,,,,,,1,2,9,1.0,3.0
201100028726,0011-07-05 19:40:00,11,7,5,19,40,340,129,"sans, CHAMPOLLION (ROND",43.58585,3.92992,Plein jour,En agglomération,Hors intersection,Normale,Deux véhicules - arrière,,,,,,,,,,,1,2,1,1.0,2.0
201100028727,0011-07-06 14:25:00,11,7,6,14,25,340,172,"1146, SOULAS (AVENUE DU",43.66225,3.85506,Plein jour,En agglomération,Hors intersection,Normale,Autre collision,,,,,,,,,,,1,2,1,1.0,6.0
201100028728,0011-07-07 13:15:00,11,7,7,13,15,340,172,"0, CHAPTAL (RUE)",43.60497,3.86994,Plein jour,En agglomération,Intersection en X,Normale,Deux véhicules - côté,,,,,,,,,,,1,2,2,1.0,3.0
201100028729,0011-07-07 14:30:00,11,7,7,14,30,340,172,"sans, TRISTAN (QUAI FLOR",43.59786,3.84169,Plein jour,En agglomération,Hors intersection,Normale,Deux véhicules - frontale,,,,,,,,,,,1,2,1,1.0,1.0
201100028730,0011-07-07 14:20:00,11,7,7,14,20,340,172,"18, MAURIN (AVENUE DE",43.60181,3.87508,Plein jour,En agglomération,Hors intersection,Normale,Deux véhicules - côté,,,,,,,,,,,1,2,1,1.0,3.0
201100028731,0011-07-07 16:20:00,11,7,7,16,20,340,172,"0, FAUBOURG SAINT JAUMES",43.61241,3.87242,Plein jour,En agglomération,Intersection en T,Normale,Sans collision,,,,,,,,,,,1,2,3,1.0,7.0
201100028732,0011-07-08 11:25:00,11,7,8,11,25,340,172,"., TOULOUSE (AVENUE DE",43.59817,3.86509,Plein jour,En agglomération,Intersection en T,Normale,Deux véhicules - côté,,,,,,,,,,,1,2,3,1.0,3.0
201100028733,0011-07-08 11:20:00,11,7,8,11,20,340,129,"467, FIGUIERES (AVENUE D",43.58763,3.93067,Plein jour,En agglomération,Hors intersection,Normale,Deux véhicules - arrière,,,,,,,,,,,1,2,1,1.0,2.0
201100028734,0011-07-08 15:20:00,11,7,8,15,20,340,172,"286, SABATIER D'ESPEYRAN",43.62557,3.86464,Plein jour,En agglomération,Hors intersection,Normale,Deux véhicules - arrière,,,,,,,,,,,1,2,1,1.0,2.0
201100028735,0011-07-08 18:20:00,11,7,8,18,20,340,172,"57, LAVERUNE (ROUTE DE",43.60218,3.85355,Plein jour,En agglomération,Hors intersection,Normale,Autre collision,,,,,,,,,,,1,2,1,1.0,6.0
201100028736,0011-07-08 19:05:00,11,7,8,19,5,340,172,"0, FABRE (RUE FERDINAND)",43.61802,3.87847,Plein jour,En agglomération,Intersection à plus de 4 branches,Normale,Sans collision,,,,,,,,,,,1,2,5,1.0,7.0
201100028737,0011-07-10 02:30:00,11,7,10,2,30,340,129,MONTELS-EGLISE (RUE DE),43.58154,3.88447,Nuit avec éclairage allumé,Hors agglomération,Hors intersection,Normale,Sans collision,,,,,,,,,,,5,1,1,1.0,7.0
201100028738,0011-07-11 07:40:00,11,7,11,7,40,340,172,"sans, FRENAY (AVENUE HEN",43.60836,3.8867,Plein jour,En agglomération,Autre intersection,Normale,Autre collision,,,,,,,,,,,1,2,9,1.0,6.0
201100028739,0011-07-11 15:50:00,11,7,11,15,50,340,172,LIBERTE (AVENUE DE LA,43.60003,3.87006,Plein jour,En agglomération,Hors intersection,Normale,Deux véhicules - côté,,,,,,,,,,,1,2,1,1.0,3.0
201100028740,0011-07-11 18:55:00,11,7,11,18,55,340,129,"., PALAVAS D986 (ROUTE D",43.58488,3.89644,Plein jour,En agglomération,Hors intersection,Normale,Deux véhicules - frontale,,,,,,,,,,,1,2,1,1.0,1.0
201100028741,0011-07-12 09:35:00,11,7,12,9,35,340,172,VIEUSSENS (BOULEVARD),43.59974,3.87545,Plein jour,En agglomération,Autre intersection,Normale,Deux véhicules - frontale,,,,,,,,,,,1,2,9,1.0,1.0
201100028742,0011-07-12 09:30:00,11,7,12,9,30,340,172,"sans, MOULINS (AVENUE DE",43.63363,3.84333,Plein jour,En agglomération,Hors intersection,Normale,Deux véhicules - arrière,,,,,,,,,,,1,2,1,1.0,2.0
201100028743,0011-07-12 10:40:00,11,7,12,10,40,340,172,"sans, GARRATS (AVENUE DE",43.61263,3.83895,Plein jour,En agglomération,Hors intersection,Normale,Autre collision,,,,,,,,,,,1,2,1,1.0,6.0
201100028744,0011-07-13 14:45:00,11,7,13,14,45,340,172,"70, CLARET (RUE DE)",43.60124,3.86758,Plein jour,En agglomération,Hors intersection,Normale,Deux véhicules - arrière,,,,,,,,,,,1,2,1,1.0,2.0
201100028745,0011-07-13 19:20:00,11,7,13,19,20,340,129,D116,43.56621,3.8697,Plein jour,En agglomération,Intersection en T,Normale,Trois véhicules et plus - collisions multiples,,,,,,,,,,,1,2,3,1.0,5.0
201100028746,0011-07-14 06:50:00,11,7,14,6,50,340,198,D66  VOIE RAPIDE,43.55784,3.96404,Plein jour,En agglomération,Autre intersection,Normale,Deux véhicules - arrière,,,,,,,,,,,1,2,9,1.0,2.0
201100028747,0011-07-14 19:35:00,11,7,14,19,35,340,172,SAINT LOUIS (RUE),43.61078,3.86666,Plein jour,En agglomération,Intersection en X,Normale,Autre collision,,,,,,,,,,,1,2,2,1.0,6.0
201100028748,0011-07-15 09:55:00,11,7,15,9,55,340,172,"0, COLOMB (PLACE CHRISTO",43.60536,3.89911,Plein jour,En agglomération,Hors intersection,Normale,Deux véhicules - côté,,,,,,,,,,,1,2,1,1.0,3.0
201100028749,0011-07-15 21:10:00,11,7,15,21,10,340,172,"361, INDUSTRIE (RUE DE L",43.58737,3.88361,Plein jour,En agglomération,Hors intersection,Normale,Deux véhicules - côté,,,,,,,,,,,1,2,1,1.0,3.0
201100028750,0011-07-16 10:15:00,11,7,16,10,15,340,129,"0, FIGUIERES (AVENUE DE)",43.58438,3.92683,Plein jour,En agglomération,Intersection en T,Normale,Deux véhicules - côté,,,,,,,,,,,1,2,3,1.0,3.0
201100028751,0011-07-16 19:30:00,11,7,16,19,30,340,172,"sans, AURIOL (AVENUE VIN",43.64555,3.85327,Plein jour,En agglomération,Hors intersection,Normale,Sans collision,,,,,,,,,,,1,2,1,1.0,7.0
201100028752,0011-07-17 16:15:00,11,7,17,16,15,340,172,BRANDT (CARREFOUR WILLY),43.61277,3.82467,Plein jour,En agglomération,Hors intersection,Normale,Deux véhicules - côté,,,,,,,,,,,1,2,1,1.0,3.0
201100028753,0011-07-18 11:55:00,11,7,18,11,55,340,172,"sans, CARNOT (PLACE)",43.60311,3.88252,Plein jour,En agglomération,Hors intersection,Normale,Sans collision,,,,,,,,,,,1,2,1,1.0,7.0
201100028754,0011-07-18 14:55:00,11,7,18,14,55,340,172,"690, BOUISSES DE 1 A 718",43.60191,3.8339,Plein jour,En agglomération,Hors intersection,Normale,Autre collision,,,,,,,,,,,1,2,1,1.0,6.0
201100028755,0011-07-19 08:05:00,11,7,19,8,5,340,172,"597, JUSTICE DE CASTELNA",43.62621,3.87702,Plein jour,En agglomération,Hors intersection,Pluie légère,Autre collision,,,,,,,,,,,1,2,1,2.0,6.0
201100028756,0011-07-19 11:20:00,11,7,19,11,20,340,172,"6, GRAU (RUE DU)",43.59308,3.88557,Plein jour,En agglomération,Hors intersection,Normale,Autre collision,,,,,,,,,,,1,2,1,1.0,6.0
201100028757,0011-07-20 14:10:00,11,7,20,14,10,340,172,"00, BERTHELOT (BOULEVARD",43.59976,3.8755,Plein jour,En agglomération,Intersection en X,Temps couvert,Deux véhicules - côté,,,,,,,,,,,1,2,2,8.0,3.0