accident_id,datetime,annee,mois,jour,heure,minute,departement,commune_insee,adresse,latitude,longitude,luminosite,agglomeration,intersection,meteo,collision,nb_vehicules,nb_usagers,nb_indemnes,nb_tues,nb_blesses_hosp,nb_blesses_legers,age_cond_1,age_cond_2,veh_type_cond_1,veh_type_cond_2,lum_code,agg_code,int_code,atm_code,col_code
201100028758,0011-07-19 16:00:00,11,7,19,16,0,340,172,"0, MARCHAND (RUE DU COLO",43.62192,3.86989,Plein jour,En agglomération,Intersection en T,Normale,Deux véhicules - frontale,,,,,,,,,,,1,2,3,1.0,1.0
201100028759,0011-07-19 17:40:00,11,7,19,17,40,340,172,"00, COLOMB (PLACE CHRIST",43.60613,3.89841,Plein jour,En agglomération,Hors intersection,Normale,Deux véhicules - côté,,,,,,,,,,,1,2,1,1.0,3.0
201100028760,0011-07-21 17:20:00,11,7,21,17,20,340,172,"sans, VIEILLE POSTE (RUE",43.61409,3.9067,Plein jour,En agglomération,Intersection en T,Normale,Autre collision,,,,,,,,,,,1,2,3,1.0,6.0
201100028761,0011-07-21 20:00:00,11,7,21,20,0,340,172,"sans, MONDIAL 98 (AVENUE",43.6022,3.90198,Plein jour,En agglomération,Hors intersection,Normale,Deux véhicules - côté,,,,,,,,,,,1,2,1,1.0,3.0
201100028762,0011-07-23 11:00:00,11,7,23,11,0,340,198,"sans, D172",43.57825,3.9367,Plein jour,En agglomération,Hors intersection,Normale,Deux véhicules - côté,,,,,,,,,,,1,2,1,1.0,3.0
201100028763,0011-07-24 07:00:00,11,7,24,7,0,340,129,"sans, CALADE (ALLEE DE L",43.57377,3.89499,Plein jour,En agglomération,Hors intersection,Normale,Deux véhicules - côté,,,,,,,,,,,1,2,1,1.0,3.0
201100028764,0011-07-24 21:45:00,11,7,24,21,45,340,172,"SANS, NERUDA (AVENUE PAB",43.61902,3.82164,Nuit avec éclairage allumé,En agglomération,Hors intersection,Normale,Deux véhicules - frontale,,,,,,,,,,,5,2,1,1.0,1.0
201100028765,0011-07-25 12:15:00,11,7,25,12,15,340,172,JUSTICE DE CASTELNAU (AV,43.62599,3.88227,Plein jour,En agglomération,Intersection en X,Normale,Deux véhicules - côté,,,,,,,,,,,1,2,2,1.0,3.0
201100028766,0011-07-22 12:30:00,11,7,22,12,30,340,172,"0, SAINT-PRIEST (RUE)",43.63646,3.83638,Plein jour,En agglomération,Intersection en T,Normale,Deux véhicules - côté,,,,,,,,,,,1,2,3,1.0,3.0
201100028767,0011-07-25 16:20:00,11,7,25,16,20,340,129,"109, FIGUIERES (AVENUE D",43.58482,3.92736,Plein jour,Hors agglomération,Hors intersection,Pluie légère,Deux véhicules - côté,,,,,,,,,,,1,1,1,2.0,3.0
201100028768,0011-07-26 15:15:00,11,7,26,15,15,340,172,"0, MAURIN (AVENUE DE",43.58381,3.87235,Plein jour,En agglomération,Intersection en T,Normale,Deux véhicules - côté,,,,,,,,,,,1,2,3,1.0,3.0
201100028769,0011-07-27 18:20:00,11,7,27,18,20,340,172,LAVERUNE (ROUTE DE,43.5928,3.8225,Plein jour,En agglomération,Hors intersection,Temps couvert,Deux véhicules - côté,,,,,,,,,,,1,2,1,8.0,3.0
201100028770,0011-07-27 06:50:00,11,7,27,6,50,340,172,"0, MICHEL (RUE ERNEST)",43.60112,3.87372,Plein jour,En agglomération,Intersection en T,Temps couvert,Sans collision,,,,,,,,,,,1,2,3,8.0,7.0
201100028771,0011-07-28 16:15:00,11,7,28,16,15,340,172,"sans, GIRAUD (AVENUE DU",43.63486,3.84895,Plein jour,En agglomération,Hors intersection,Normale,Sans collision,,,,,,,,,,,1,2,1,1.0,7.0
201100028772,0011-07-28 23:15:00,11,7,28,23,15,340,129,"SANS, PALAVAS D986 (ROUT",43.57255,3.89651,Nuit avec éclairage allumé,En agglomération,Hors intersection,Normale,Deux véhicules - arrière,,,,,,,,,,,5,2,1,1.0,2.0
201100028773,0011-07-29 10:35:00,11,7,29,10,35,340,172,"36 bis, FAUBOURG SAINT J",43.61627,3.86863,Plein jour,En agglomération,Hors intersection,Normale,Deux véhicules - côté,,,,,,,,,,,1,2,1,1.0,3.0
201100028774,0011-07-29 17:00:00,11,7,29,17,0,340,172,"21, HOSPICES (RUE DES)",43.6258,3.86563,Plein jour,En agglomération,Hors intersection,Normale,Autre collision,,,,,,,,,,,1,2,1,1.0,6.0
201100028775,0011-07-31 07:55:00,11,7,31,7,55,340,172,"111, FAUBOURG FIGUEROLLE",43.60528,3.86035,Plein jour,En agglomération,Hors intersection,Normale,Deux véhicules - frontale,,,,,,,,,,,1,2,1,1.0,1.0
201100028776,0011-07-31 11:45:00,11,7,31,11,45,340,172,"., VILLENEUVE-ANGOULEME",43.59583,3.86832,Plein jour,En agglomération,Autre intersection,Normale,Deux véhicules - frontale,,,,,,,,,,,1,2,9,1.0,1.0
201100028777,0011-08-01 10:00:00,11,8,1,10,0,340,172,CHATEAU D'O (ROND-POINT,43.63169,3.84218,Plein jour,En agglomération,Giratoire,Normale,Deux véhicules - côté,,,,,,,,,,,1,2,6,1.0,3.0
201100028778,0011-08-01 17:15:00,11,8,1,17,15,340,172,"0, VERMELLES (RUE DE)",43.61331,3.85754,Plein jour,En agglomération,Intersection en T,Normale,Deux véhicules - côté,,,,,,,,,,,1,2,3,1.0,3.0
201100028779,0011-07-31 18:30:00,11,7,31,18,30,340,172,"0, INDUSTRIE (RUE DE L')",43.58918,3.88455,Plein jour,En agglomération,Intersection en X,Normale,Deux véhicules - côté,,,,,,,,,,,1,2,2,1.0,3.0
201100028780,0011-08-01 14:45:00,11,8,1,14,45,340,172,"0, PONT JUVENAL (AVENUE",43.60253,3.88259,Plein jour,En agglomération,Hors intersection,Normale,Sans collision,,,,,,,,,,,1,2,1,1.0,7.0
201100028781,0011-08-01 15:20:00,11,8,1,15,20,340,172,"900, PRES D'ARENES (AVEN",43.59059,3.88469,Plein jour,En agglomération,Hors intersection,Normale,Sans collision,,,,,,,,,,,1,2,1,1.0,7.0
201100028782,0011-08-02 09:55:00,11,8,2,9,55,340,172,"0, COLOMB (PLACE CHRISTO",43.60617,3.89887,Plein jour,En agglomération,Giratoire,Normale,Deux véhicules - côté,,,,,,,,,,,1,2,6,1.0,3.0
201100028783,0011-08-02 13:35:00,11,8,2,13,35,340,172,"1235, TOULOUSE (AVENUE D",43.59198,3.85834,Plein jour,En agglomération,Hors intersection,Normale,Autre collision,,,,,,,,,,,1,2,1,1.0,6.0
201100028784,0011-08-04 11:40:00,11,8,4,11,40,340,172,"23, TOULOUSE (AVENUE DE",43.59932,3.8663,Plein jour,En agglomération,Hors intersection,Normale,Deux véhicules - côté,,,,,,,,,,,1,2,1,1.0,3.0
201100028785,0011-08-05 09:00:00,11,8,5,9,0,340,172,"sans, MOULINS (AVENUE DE",43.63075,3.84229,Plein jour,En agglomération,Hors intersection,Normale,Deux véhicules - arrière,,,,,,,,,,,1,2,1,1.0,2.0
201100028786,0011-08-01 10:00:00,11,8,1,10,0,340,172,"sans, SOULAS (AVENUE DU",43.61814,3.86559,Plein jour,En agglomération,Intersection en T,Normale,Deux véhicules - côté,,,,,,,,,,,1,2,3,1.0,3.0
201100028787,0011-08-05 16:40:00,11,8,5,16,40,340,172,"8, MERMOZ (AVENUE JEAN)",43.61375,3.88426,Plein jour,En agglomération,Hors intersection,Pluie légère,Deux véhicules - côté,,,,,,,,,,,1,2,1,2.0,3.0
201100028788,0011-08-06 15:15:00,11,8,6,15,15,340,198,"0, PAGNOL (AVENUE MARCEL",43.55394,3.96725,Plein jour,En agglomération,Intersection en T,Temps couvert,Deux véhicules - côté,,,,,,,,,,,1,2,3,8.0,3.0
201100028789,0011-08-06 22:50:00,11,8,6,22,50,340,172,RENE (RUE HENRI),43.60477,3.88245,Nuit avec éclairage allumé,En agglomération,Intersection en T,Pluie légère,Deux véhicules - côté,,,,,,,,,,,5,2,3,2.0,3.0
201100028790,0011-08-07 18:30:00,11,8,7,18,30,340,129,"0, PALAVAS D986 (ROUTE D",43.58064,3.89926,Plein jour,En agglomération,Hors intersection,Normale,Deux véhicules - frontale,,,,,,,,,,,1,2,1,1.0,1.0
201100028791,0011-08-09 02:00:00,11,8,9,2,0,340,172,"sans, CARRIEU (RUE MARIU",43.61625,3.84107,Nuit avec éclairage allumé,En agglomération,Autre intersection,Normale,Trois véhicules et plus - collisions multiples,,,,,,,,,,,5,2,9,1.0,5.0
201100028792,0011-08-09 15:45:00,11,8,9,15,45,340,172,"00, COMEDIE (TUNNEL DE L",43.60916,3.88097,Plein jour,En agglomération,Hors intersection,Normale,Sans collision,,,,,,,,,,,1,2,1,1.0,7.0
201100028793,0011-08-09 18:35:00,11,8,9,18,35,340,172,LIBERTE (AVENUE DE LA,43.60494,3.86474,Plein jour,En agglomération,Hors intersection,Pluie légère,Deux véhicules - côté,,,,,,,,,,,1,2,1,2.0,3.0
201100028794,0011-08-10 10:45:00,11,8,10,10,45,340,172,"sans, PRES D'ARENES (AVE",43.591,3.88365,Plein jour,En agglomération,Hors intersection,Normale,Deux véhicules - côté,,,,,,,,,,,1,2,1,1.0,3.0
201100028795,0011-08-10 15:45:00,11,8,10,15,45,340,172,LIBERTE (AVENUE DE LA,43.61151,3.8273,Plein jour,En agglomération,Autre intersection,Normale,Deux véhicules - arrière,,,,,,,,,,,1,2,9,1.0,2.0
201100028796,0011-08-10 20:50:00,11,8,10,20,50,340,172,"949, RAVAZ (AVENUE DU PR",43.62221,3.84589,Nuit avec éclairage allumé,En agglomération,Hors intersection,Normale,Deux véhicules - arrière,,,,,,,,,,,5,2,1,1.0,2.0
201100028797,0011-08-12 01:00:00,11,8,12,1,0,340,172,MARIE DE MONTPELLIER,43.60165,3.89992,Nuit avec éclairage allumé,En agglomération,Hors intersection,Normale,Autre collision,,,,,,,,,,,5,2,1,1.0,6.0
201100028798,0011-08-12 06:05:00,11,8,12,6,5,340,129,"., AGAU (AVENUE DE L')",43.57944,3.90805,Nuit sans éclairage public,En agglomération,Hors intersection,Normale,Autre collision,,,,,,,,,,,3,2,1,1.0,6.0
201100028799,0011-08-12 16:50:00,11,8,12,16,50,340,172,"0, LIBERTE (AVENUE DE LA",43.60499,3.86474,Plein jour,En agglomération,Hors intersection,Normale,Deux véhicules - côté,,,,,,,,,,,1,2,1,1.0,3.0
201100028800,0011-08-12 21:35:00,11,8,12,21,35,340,172,"401, BOIRARGUES (AVENUE",43.59016,3.91273,Nuit sans éclairage public,Hors agglomération,Hors intersection,Normale,Sans collision,,,,,,,,,,,3,1,1,1.0,7.0
201100028801,0011-08-13 01:05:00,11,8,13,1,5,340,172,SOULAS (AVENUE DU PERE,43.63054,3.84301,Nuit avec éclairage allumé,En agglomération,Hors intersection,Normale,Sans collision,,,,,,,,,,,5,2,1,1.0,7.0
201100028802,0011-08-13 07:00:00,11,8,13,7,0,340,172,GRANIER (ROND POINT ERNE,43.60199,3.90037,Plein jour,En agglomération,Giratoire,Normale,Autre collision,,,,,,,,,,,1,2,6,1.0,6.0
201100028803,0011-08-13 18:20:00,11,8,13,18,20,340,129,"0, D132",43.57194,3.88793,Plein jour,Hors agglomération,Hors intersection,Normale,Deux véhicules - côté,,,,,,,,,,,1,1,1,1.0,3.0
201100028804,0011-08-14 18:20:00,11,8,14,18,20,340,129,MONTOUZERES (AVENUE DES),43.57006,3.8881,Plein jour,En agglomération,Hors intersection,Temps couvert,Sans collision,,,,,,,,,,,1,2,1,8.0,7.0
201100028805,0011-08-14 20:38:00,11,8,14,20,38,340,172,"sans, LIBERTE (AVENUE DE",43.59742,3.87546,Crépuscule ou aube,En agglomération,Hors intersection,Pluie légère,Sans collision,,,,,,,,,,,2,2,1,2.0,7.0
201100028806,0011-08-15 00:05:00,11,8,15,0,5,340,172,"sans, BRET (ROND POINT P",43.57678,3.87377,Nuit avec éclairage allumé,En agglomération,Hors intersection,Temps couvert,Sans collision,,,,,,,,,,,5,2,1,8.0,7.0
201100028807,0011-08-16 07:35:00,11,8,16,7,35,340,172,"sans, MARES (AVENUE HENR",43.62003,3.8514,Plein jour,En agglomération,Hors intersection,Normale,Autre collision,,,,,,,,,,,1,2,1,1.0,6.0
201100028808,0011-08-16 19:38:00,11,8,16,19,38,340,172,AQUEDUC (ALLEE DE L'),43.61625,3.84107,Plein jour,En agglomération,Intersection en T,Normale,Deux véhicules - côté,,,,,,,,,,,1,2,3,1.0,3.0
201100028809,0011-08-17 10:40:00,11,8,17,10,40,340,172,"sans, FAVRE DE SAINT CAS",43.60713,3.87284,Plein jour,En agglomération,Hors intersection,Normale,Autre collision,,,,,,,,,,,1,2,1,1.0,6.0
201100028810,0011-08-18 16:10:00,11,8,18,16,10,340,172,"21, STRASBOURG (BOULEVAR",43.36191,3.52959,Plein jour,En agglomération,Hors intersection,Normale,Deux véhicules - arrière,,,,,,,,,,,1,2,1,1.0,2.0
201100028811,0011-08-19 10:00:00,11,8,19,10,0,340,172,8 MAI 1945 (PLACE DU),43.60144,3.86883,Plein jour,En agglomération,Intersection en X,Normale,Sans collision,,,,,,,,,,,1,2,2,1.0,7.0
201100028812,0011-08-19 23:55:00,11,8,19,23,55,340,172,PRES D'ARENES (ROND-POIN,43.58922,3.8907,Nuit avec éclairage allumé,Hors agglomération,Hors intersection,Normale,Deux véhicules - arrière,,,,,,,,,,,5,1,1,1.0,2.0
201100028813,0011-08-19 20:18:00,11,8,19,20,18,340,172,"00, ODYSSEUM (PLACE)",,,Plein jour,En agglomération,Hors intersection,Normale,Deux véhicules - côté,,,,,,,,,,,1,2,1,1.0,3.0
201100028814,0011-08-22 07:15:00,11,8,22,7,15,340,129,"sans, EUROPE (AVENUE DE",43.34307,3.54591,Plein jour,En agglomération,Hors intersection,Normale,Deux véhicules - arrière,,,,,,,,,,,1,2,1,1.0,2.0
201100028815,0011-08-22 15:30:00,11,8,22,15,30,340,172,PUECH VILLA (RUE DE),43.38481,3.50088,Plein jour,En agglomération,Intersection en T,Normale,Deux véhicules - côté,,,,,,,,,,,1,2,3,1.0,3.0
201100028816,0011-08-23 16:00:00,11,8,23,16,0,340,172,BRIGADE LEGERE DU LANGUE,43.61076,3.87671,Plein jour,En agglomération,Intersection en X,Normale,Deux véhicules - côté,,,,,,,,,,,1,2,2,1.0,3.0
201100028817,0011-08-24 01:20:00,11,8,24,1,20,340,172,PALADILHE (RUE),43.61213,3.86631,Nuit avec éclairage allumé,En agglomération,Intersection en X,Normale,Deux véhicules - côté,,,,,,,,,,,5,2,2,1.0,3.0
201100028818,0011-08-24 07:00:00,11,8,24,7,0,340,172,PEZET (AVENUE DU DOCTEUR,43.62973,3.86718,Plein jour,En agglomération,Intersection en X,Normale,Deux véhicules - côté,,,,,,,,,,,1,2,2,1.0,3.0
201100028819,0011-08-24 15:40:00,11,8,24,15,40,340,172,"00, TRUC (RUE PROFESSEUR",43.38073,3.50662,Plein jour,En agglomération,Hors intersection,Normale,Sans collision,,,,,,,,,,,1,2,1,1.0,7.0
201100028820,0011-08-24 17:15:00,11,8,24,17,15,340,172,"0, LIBERTE (AVENUE DE LA",43.3654,3.51264,Plein jour,En agglomération,Hors intersection,Normale,Trois véhicules et plus - collisions multiples,,,,,,,,,,,1,2,1,1.0,5.0
201100028821,0011-08-25 22:45:00,11,8,25,22,45,340,172,VILLENEUVE-ANGOULEME (AV,43.35145,3.5175,Nuit avec éclairage allumé,En agglomération,Intersection en T,Normale,Deux véhicules - côté,,,,,,,,,,,5,2,3,1.0,3.0
201100028822,0011-08-25 08:40:00,11,8,25,8,40,340,172,HORLOGE (PASSAGE DE L'),43.60835,3.88353,Plein jour,En agglomération,Hors intersection,Pluie légère,Autre collision,,,,,,,,,,,1,2,1,2.0,6.0
201100028823,0011-08-25 10:40:00,11,8,25,10,40,340,172,"80, RAVAZ (AVENUE DU PRO",,,Plein jour,En agglomération,Hors intersection,Normale,Autre collision,,,,,,,,,,,1,2,1,1.0,6.0
201100028824,0011-08-26 15:50:00,11,8,26,15,50,340,172,"1051, SORBES (RUE DE LAS",43.36862,3.51081,Plein jour,En agglomération,Hors intersection,Normale,Autre collision,,,,,,,,,,,1,2,1,1.0,6.0
201100028825,0011-08-27 18:15:00,11,8,27,18,15,340,172,"sans, VANIERES (AVENUE D",43.35785,3.5072,Plein jour,En agglomération,Hors intersection,Normale,Deux véhicules - côté,,,,,,,,,,,1,2,1,1.0,3.0
201100028826,0011-08-28 18:00:00,11,8,28,18,0,340,172,"277, INDUSTRIE (RUE DE L",43.35277,3.5304,Plein jour,En agglomération,Hors intersection,Normale,Autre collision,,,,,,,,,,,1,2,1,1.0,6.0
201100028827,0011-08-29 12:45:00,11,8,29,12,45,340,172,CROIX DE FIGUEROLLES (RU,43.3629,3.90964,Plein jour,En agglomération,Intersection en T,Normale,Autre collision,,,,,,,,,,,1,2,3,1.0,6.0
201100028828,0011-08-29 16:15:00,11,8,29,16,15,340,129,D21 E1,43.34627,3.55994,Plein jour,En agglomération,Intersection en X,Normale,Deux véhicules - côté,,,,,,,,,,,1,2,2,1.0,3.0
201100028829,0011-08-30 09:00:00,11,8,30,9,0,340,172,OASIS (RUE DE L'),43.37158,3.49953,Plein jour,En agglomération,Intersection en T,Normale,Autre collision,,,,,,,,,,,1,2,3,1.0,6.0
201100028830,0011-08-30 17:10:00,11,8,30,17,10,340,172,"0, PIREE (AVENUE DU)",43.60879,3.89679,Plein jour,En agglomération,Intersection en T,Normale,Deux véhicules - frontale,,,,,,,,,,,1,2,3,1.0,1.0
201100028831,0011-08-31 01:25:00,11,8,31,1,25,340,172,ALIZES (CARREFOUR DES),43.35712,3.52662,Nuit avec éclairage allumé,En agglomération,Intersection en X,Normale,Deux véhicules - côté,,,,,,,,,,,5,2,2,1.0,3.0
201100028832,0011-08-31 06:16:00,11,8,31,6,16,340,172,POSEIDON (RUE),43.36459,3.53644,Nuit avec éclairage allumé,En agglomération,Hors intersection,Normale,Autre collision,,,,,,,,,,,5,2,1,1.0,6.0
201100028833,0011-08-30 16:00:00,11,8,30,16,0,340,172,"0, MOULINS (AVENUE DES",43.37581,3.50301,Plein jour,En agglomération,Hors intersection,Normale,Deux véhicules - côté,,,,,,,,,,,1,2,1,1.0,3.0
201100028834,0011-09-01 17:10:00,11,9,1,17,10,340,198,Av Raymond Dugrand,43.57768,3.93615,Plein jour,En agglomération,Giratoire,Normale,Deux véhicules - côté,,,,,,,,,,,1,2,6,1.0,3.0
201100028835,0011-09-01 16:45:00,11,9,1,16,45,340,198,,43.54792,3.96972,Plein jour,En agglomération,Hors intersection,Normale,Sans collision,,,,,,,,,,,1,2,1,1.0,7.0
201100028836,0011-09-02 03:25:00,11,9,2,3,25,340,172,"SANS, LIBERTE (AVENUE DE",43.59942,3.87112,Nuit avec éclairage allumé,En agglomération,Hors intersection,Normale,Deux véhicules - arrière,,,,,,,,,,,5,2,1,1.0,2.0
201100028837,0011-09-02 10:35:00,11,9,2,10,35,340,172,"87, JUSTICE DE CASTELNAU",43.62693,3.87102,Plein jour,En agglomération,Hors intersection,Normale,Sans collision,,,,,,,,,,,1,2,1,1.0,7.0
201100028838,0011-09-03 16:30:00,11,9,3,16,30,340,172,"90, BOUISSES DE 1 A 718",43.5964,3.83587,Plein jour,En agglomération,Autre intersection,Normale,Autre collision,,,,,,,,,,,1,2,9,1.0,6.0
201100028839,0011-09-03 16:40:00,11,9,3,16,40,340,172,"., PASSERINES (RUE DES)",43.58785,3.87087,Plein jour,En agglomération,Hors intersection,Temps couvert,Sans collision,,,,,,,,,,,1,2,1,8.0,7.0
201100028840,0011-09-05 17:50:00,11,9,5,17,50,340,172,"0, GOSSEC (RUE FRANCOIS-",43.57515,3.85665,Plein jour,En agglomération,Intersection en T,Normale,Deux véhicules - frontale,,,,,,,,,,,1,2,3,1.0,1.0
201100028841,0011-09-06 08:17:00,11,9,6,8,17,340,172,BERTHELOT (BOULEVARD),43.60115,3.86967,Plein jour,En agglomération,Hors intersection,Normale,Deux véhicules - côté,,,,,,,,,,,1,2,1,1.0,3.0
201100028842,0011-09-06 18:50:00,11,9,6,18,50,340,172,"568, MOULARES (CHEMIN DE",43.60053,3.89487,Plein jour,En agglomération,Hors intersection,Normale,Sans collision,,,,,,,,,,,1,2,1,1.0,7.0
201100028843,0011-09-07 14:51:00,11,9,7,14,51,340,172,CURIE (AVENUE JOLIO,43.63926,3.84661,Plein jour,En agglomération,Hors intersection,Normale,Deux véhicules - frontale,,,,,,,,,,,1,2,1,1.0,1.0
201100028844,0011-09-07 17:40:00,11,9,7,17,40,340,172,MONTELS L' EGLISE (RUE D,43.57993,3.87968,Plein jour,En agglomération,Hors intersection,Normale,Deux véhicules - côté,,,,,,,,,,,1,2,1,1.0,3.0
201100028845,0011-09-07 19:20:00,11,9,7,19,20,340,129,"sans, BRET (ROND POINT P",43.57622,3.87355,Plein jour,En agglomération,Hors intersection,Normale,Deux véhicules - côté,,,,,,,,,,,1,2,1,1.0,3.0
201100028846,0011-09-08 16:35:00,11,9,8,16,35,340,172,OXFORD (RUE D'),43.62702,3.8191,Plein jour,En agglomération,Hors intersection,Normale,Deux véhicules - côté,,,,,,,,,,,1,2,1,1.0,3.0
201100028847,0011-09-09 01:25:00,11,9,9,1,25,340,129,CALADE (ALLEE DE LA),43.57905,3.8978,Nuit sans éclairage public,Hors agglomération,Hors intersection,Normale,Autre collision,,,,,,,,,,,3,1,1,1.0,6.0
201100028848,0011-09-09 07:00:00,11,9,9,7,0,340,172,"ns, CHATEAU D'O (ROND-PO",43.63146,3.84272,Plein jour,En agglomération,Hors intersection,Normale,Sans collision,,,,,,,,,,,1,2,1,1.0,7.0
201100028849,0011-09-10 09:50:00,11,9,10,9,50,340,172,"sans, TARRAGONE (RUE DE)",43.60432,3.88613,Plein jour,En agglomération,Hors intersection,Normale,Autre collision,,,,,,,,,,,1,2,1,1.0,6.0
201100028850,0011-09-10 12:00:00,11,9,10,12,0,340,172,"sans, PAVELET (AVENUE DU",43.57815,3.87227,Plein jour,En agglomération,Hors intersection,Normale,Trois véhicules et plus - collisions multiples,,,,,,,,,,,1,2,1,1.0,5.0
201100028851,0011-09-11 03:45:00,11,9,11,3,45,340,172,CLEMENCEAU (AVENUE GEORG,43.6015,3.86874,Nuit avec éclairage allumé,En agglomération,Intersection en T,Normale,Deux véhicules - côté,,,,,,,,,,,5,2,3,1.0,3.0
201100028852,0011-09-11 09:00:00,11,9,11,9,0,340,198,PAGNOL (AVENUE MARCEL),43.56057,3.9549,Plein jour,En agglomération,Hors intersection,Normale,Autre collision,,,,,,,,,,,1,2,1,1.0,6.0
201100028853,0011-09-12 20:45:00,11,9,12,20,45,340,172,"0, ORIENT (BOULEVARD D')",43.6019,3.88555,Crépuscule ou aube,En agglomération,Hors intersection,Normale,Deux véhicules - arrière,,,,,,,,,,,2,2,1,1.0,2.0
201100028854,0011-09-13 10:00:00,11,9,13,10,0,340,172,"0, BARCELONE (AVENUE DE)",43.62275,3.81747,Plein jour,En agglomération,Intersection en T,Normale,Deux véhicules - arrière,,,,,,,,,,,1,2,3,1.0,2.0
201100028855,0011-09-13 10:30:00,11,9,13,10,30,340,129,"0, PALAVAS D986 (ROUTE D",43.58818,3.89248,Plein jour,Hors agglomération,Hors intersection,Normale,Deux véhicules - côté,,,,,,,,,,,1,1,1,1.0,3.0
201100028856,0011-09-14 12:05:00,11,9,14,12,5,340,172,"1243, PIC SAINT LOUP (AV",43.63892,3.84906,Plein jour,En agglomération,Hors intersection,Normale,Deux véhicules - côté,,,,,,,,,,,1,2,1,1.0,3.0
201100028857,0011-09-14 13:20:00,11,9,14,13,20,340,172,"25d, NIMES (AVENUE DE)",43.61715,3.88572,Plein jour,En agglomération,Hors intersection,Normale,Deux véhicules - côté,,,,,,,,,,,1,2,1,1.0,3.0
201100028858,0011-09-14 14:45:00,11,9,14,14,45,340,172,"12, MARES (AVENUE HENRI)",43.62042,3.8562,Plein jour,En agglomération,Hors intersection,Normale,Deux véhicules - côté,,,,,,,,,,,1,2,1,1.0,3.0
201100028859,0011-09-15 08:35:00,11,9,15,8,35,340,172,"sans, DOMITIENNE (VOIE)",43.621,3.85827,Plein jour,En agglomération,Hors intersection,Normale,Trois véhicules et plus - collisions multiples,,,,,,,,,,,1,2,1,1.0,5.0
201100028860,0011-09-15 15:45:00,11,9,15,15,45,340,172,"sans, SAINT LAZARE (AVEN",43.61773,3.88587,Plein jour,En agglomération,Intersection en T,Normale,Deux véhicules - frontale,,,,,,,,,,,1,2,3,1.0,1.0
201100028861,0011-09-15 14:45:00,11,9,15,14,45,340,172,"2144, MENDE (ROUTE DE)",43.64032,3.86415,Plein jour,En agglomération,Hors intersection,Normale,Autre collision,,,,,,,,,,,1,2,1,1.0,6.0
201100028862,0011-09-15 18:00:00,11,9,15,18,0,340,172,"sans, COMTE DE NICE (AVE",43.64219,3.81375,Plein jour,En agglomération,Hors intersection,Normale,Autre collision,,,,,,,,,,,1,2,1,1.0,6.0
201100028863,0011-09-16 02:50:00,11,9,16,2,50,340,172,"160, ALCO (RUE D'",43.61358,3.844,Nuit avec éclairage allumé,En agglomération,Hors intersection,Normale,Autre collision,,,,,,,,,,,5,2,1,1.0,6.0
201100028864,0011-09-15 15:50:00,11,9,15,15,50,340,129,D132,43.57099,3.89716,Plein jour,En agglomération,Intersection en T,Normale,Deux véhicules - côté,,,,,,,,,,,1,2,3,1.0,3.0
201100028865,0011-09-16 21:10:00,11,9,16,21,10,340,172,"129, PILORY (RUE DU)",43.61935,3.83175,Nuit sans éclairage public,En agglomération,Hors intersection,Normale,Sans collision,,,,,,,,,,,3,2,1,1.0,7.0
201100028866,0011-09-17 18:30:00,11,9,17,18,30,340,172,"223, LOUISVILLE (AVENUE",43.62345,3.81545,Plein jour,En agglomération,Hors intersection,Temps couvert,Sans collision,,,,,,,,,,,1,2,1,8.0,7.0
201100028867,0011-09-17 17:15:00,11,9,17,17,15,340,129,"0, BRET (ROND POINT PAUL",43.57618,3.8737,Plein jour,En agglomération,Giratoire,Normale,Trois véhicules et plus - en chaîne,,,,,,,,,,,1,2,6,1.0,4.0
201100028868,0011-09-19 13:05:00,11,9,19,13,5,340,172,"sans, GRASSET (AVENUE DU",43.62155,3.86835,Plein jour,En agglomération,Intersection en X,Normale,Deux véhicules - côté,,,,,,,,,,,1,2,2,1.0,3.0
201100028869,0011-09-20 00:35:00,11,9,20,0,35,340,172,"239, SOULAS (AVENUE DU P",43.61838,3.86465,Nuit avec éclairage allumé,En agglomération,Hors intersection,Normale,Deux véhicules - arrière,,,,,,,,,,,5,2,1,1.0,2.0
201100028870,0011-09-20 08:40:00,11,9,20,8,40,340,172,"0, INDUSTRIE (RUE DE L')",43.58802,3.88413,Plein jour,En agglomération,Intersection en T,Normale,Deux véhicules - côté,,,,,,,,,,,1,2,3,1.0,3.0
201100028871,0011-09-21 07:55:00,11,9,21,7,55,340,172,"sans, ALBERT 1ER (PLACE)",43.6159,3.8746,Plein jour,En agglomération,Hors intersection,Normale,Deux véhicules - frontale,,,,,,,,,,,1,2,1,1.0,1.0
201100028872,0011-09-21 17:40:00,11,9,21,17,40,340,172,"., EPIRE (RUE DE L')",43.60635,3.89138,Plein jour,En agglomération,Hors intersection,Normale,Autre collision,,,,,,,,,,,1,2,1,1.0,6.0
201100028873,0011-09-21 20:15:00,11,9,21,20,15,340,172,"1, ROC DE PEZENAS (RUE D",43.60312,3.8548,Nuit avec éclairage non allumé,En agglomération,Hors intersection,Normale,Deux véhicules - frontale,,,,,,,,,,,4,2,1,1.0,1.0
201100028874,0011-09-22 10:45:00,11,9,22,10,45,340,172,"sans, MOHAMMED V (RUE)",43.61737,3.8222,Plein jour,En agglomération,Hors intersection,Normale,Autre collision,,,,,,,,,,,1,2,1,1.0,6.0
201100028875,0011-09-22 14:50:00,11,9,22,14,50,340,172,LAVERUNE (ROUTE DE,43.60104,3.85034,Plein jour,En agglomération,Intersection en T,Normale,Deux véhicules - côté,,,,,,,,,,,1,2,3,1.0,3.0