accident_id,datetime,annee,mois,jour,heure,minute,departement,commune_insee,adresse,latitude,longitude,luminosite,agglomeration,intersection,meteo,collision,nb_vehicules,nb_usagers,nb_indemnes,nb_tues,nb_blesses_hosp,nb_blesses_legers,age_cond_1,age_cond_2,veh_type_cond_1,veh_type_cond_2,lum_code,agg_code,int_code,atm_code,col_code
201100029110,0011-08-05 21:20:00,11,8,5,21,20,350,115,"70, CHESNARDIERE (BD DE",,,Crépuscule ou aube,En agglomération,Intersection en X,Normale,Deux véhicules - côté,,,,,,,,,,,2,2,2,1.0,3.0
201100029111,0011-08-27 18:25:00,11,8,27,18,25,350,115,"0, POETES (AVENUE DES)",,,Plein jour,En agglomération,Hors intersection,Normale,Deux véhicules - arrière,,,,,,,,,,,1,2,1,1.0,2.0
201100029112,0011-08-31 08:30:00,11,8,31,8,30,350,115,"9, MITTERAND (AVENUE FRA",,,Plein jour,En agglomération,Hors intersection,Normale,Deux véhicules - arrière,,,,,,,,,,,1,2,1,1.0,2.0
201100029113,0011-09-13 10:10:00,11,9,13,10,10,350,115,"24, CARNOT (PLACE DU PRE",48.35346,-1.19865,Plein jour,En agglomération,Place,Temps couvert,Autre collision,,,,,,,,,,,1,2,7,8.0,6.0
201100029114,0011-09-22 13:50:00,11,9,22,13,50,350,115,"63, POMPIDOU (RUE GEORGE",,,Plein jour,En agglomération,Intersection en T,Temps couvert,Autre collision,,,,,,,,,,,1,2,3,8.0,6.0
201100029115,0011-10-24 18:20:00,11,10,24,18,20,350,115,"57, TILLON (BD CHARLES D",,,Plein jour,En agglomération,Intersection en X,Normale,Deux véhicules - côté,,,,,,,,,,,1,2,2,1.0,3.0
201100029116,0011-11-07 18:30:00,11,11,7,18,30,350,115,"91, NANTES (RUE DE A PAR",,,Nuit avec éclairage allumé,En agglomération,Hors intersection,Temps couvert,Autre collision,,,,,,,,,,,5,2,1,8.0,6.0
201100029117,0011-12-02 19:00:00,11,12,2,19,0,350,115,"30, NORMANDIE (AVENUE DE",,,Nuit avec éclairage allumé,En agglomération,Hors intersection,Normale,Autre collision,,,,,,,,,,,5,2,1,1.0,6.0
201100029118,0011-12-20 08:40:00,11,12,20,8,40,350,115,"46, RENNES (BOULEVARD DE",,,Plein jour,En agglomération,Hors intersection,Pluie légère,Deux véhicules - côté,,,,,,,,,,,1,2,1,2.0,3.0
201100029119,0011-12-30 13:30:00,11,12,30,13,30,350,115,PELLERINE (RUE DE LA),,,Plein jour,Hors agglomération,Hors intersection,Normale,Deux véhicules - arrière,,,,,,,,,,,1,1,1,1.0,2.0
201100029120,0011-01-01 17:25:00,11,1,1,17,25,350,238,RUE DE L'ALMA,48.1026,-1.67656,Plein jour,En agglomération,Hors intersection,Normale,Deux véhicules - côté,,,,,,,,,,,1,2,1,1.0,3.0
201100029121,0011-01-02 18:30:00,11,1,2,18,30,350,281,"00, VALLES (RUE JULES)",,,Nuit sans éclairage public,En agglomération,Hors intersection,Normale,Deux véhicules - côté,,,,,,,,,,,3,2,1,1.0,3.0
201100029122,0011-01-05 01:20:00,11,1,5,1,20,350,238,BOULEVARD DE CH?ZY,48.1124,-1.6867,Nuit avec éclairage allumé,En agglomération,Hors intersection,Normale,Autre collision,,,,,,,,,,,5,2,1,1.0,6.0
201100029123,0011-01-01 01:20:00,11,1,1,1,20,350,238,"00, ILLE ET RANCE (QUAI",,,Nuit avec éclairage allumé,En agglomération,Hors intersection,Normale,Autre collision,,,,,,,,,,,5,2,1,1.0,6.0
201100029124,0011-01-05 20:50:00,11,1,5,20,50,350,238,VITR?/GAL LECLERC,48.1141,-1.64811,Nuit avec éclairage allumé,En agglomération,Intersection en X,Pluie légère,Autre collision,,,,,,,,,,,5,2,2,2.0,6.0
201100029125,0011-01-06 08:20:00,11,1,6,8,20,350,238,G.CL?MENCEAU/LE GUEN DE,48.0945,-1.68562,Nuit avec éclairage allumé,En agglomération,Intersection en X,Pluie forte,Autre collision,,,,,,,,,,,5,2,2,3.0,6.0
201100029126,0011-01-06 07:45:00,11,1,6,7,45,350,278,"00, RD 82",,,Nuit sans éclairage public,Hors agglomération,Hors intersection,Pluie forte,Deux véhicules - arrière,,,,,,,,,,,3,1,1,3.0,2.0
201100029127,0011-01-06 13:30:00,11,1,6,13,30,350,55,"00, RD 163",,,Plein jour,Hors agglomération,Hors intersection,Pluie légère,Autre collision,,,,,,,,,,,1,1,1,2.0,6.0
201100029128,0011-01-06 19:00:00,11,1,6,19,0,350,238,VEZIN/ENCHANTEUR MERLIN,48.1163,-1.71189,Nuit avec éclairage allumé,En agglomération,Intersection en T,Pluie légère,Deux véhicules - côté,,,,,,,,,,,5,2,3,2.0,3.0
201100029129,0011-01-06 22:50:00,11,1,6,22,50,350,238,VINCENNES/ANTRAIN,48.1182,-1.67638,Nuit avec éclairage allumé,En agglomération,Intersection en X,Normale,Deux véhicules - côté,,,,,,,,,,,5,2,2,1.0,3.0
201100029130,0011-01-07 08:05:00,11,1,7,8,5,350,278,"00, PORTE DE ST MALO",,,Nuit sans éclairage public,Hors agglomération,Hors intersection,Normale,Trois véhicules et plus - en chaîne,,,,,,,,,,,3,1,1,1.0,4.0
201100029131,0011-01-10 18:05:00,11,1,10,18,5,350,238,SUISSE/ITALIE,48.0865,-1.66777,Nuit avec éclairage allumé,En agglomération,Intersection en T,Normale,Autre collision,,,,,,,,,,,5,2,3,1.0,6.0
201100029132,0011-01-11 05:15:00,11,1,11,5,15,350,281,"00, RD 837",,,Nuit sans éclairage public,En agglomération,Autre intersection,Pluie légère,Deux véhicules - arrière,,,,,,,,,,,3,2,9,2.0,2.0
201100029133,0011-01-11 15:20:00,11,1,11,15,20,350,238,PARIS/STRASBOURG,48.1146,-1.65706,Plein jour,En agglomération,Intersection à plus de 4 branches,Normale,Deux véhicules - côté,,,,,,,,,,,1,2,5,1.0,3.0
201100029134,0011-01-12 10:15:00,11,1,12,10,15,350,55,"00, LA HALLERAIS (LIEU D",,,Plein jour,En agglomération,Giratoire,Temps couvert,Deux véhicules - côté,,,,,,,,,,,1,2,6,8.0,3.0
201100029135,0011-01-12 18:00:00,11,1,12,18,0,350,238,ROCADE OUEST EXT?RIEURE,48.1115,-1.71848,Nuit sans éclairage public,En agglomération,Hors intersection,Pluie légère,Trois véhicules et plus - en chaîne,,,,,,,,,,,3,2,1,2.0,4.0
201100029136,0011-01-13 10:50:00,11,1,13,10,50,350,238,CATH?DRALE/MONNAIE,48.1115,-1.68445,Plein jour,En agglomération,Intersection en T,Normale,Autre collision,,,,,,,,,,,1,2,3,1.0,6.0
201100029137,0011-01-14 08:15:00,11,1,14,8,15,350,281,"00, PORTE DE ST NAZAIRE",,,Plein jour,En agglomération,Autre intersection,Normale,Deux véhicules - arrière,,,,,,,,,,,1,2,9,1.0,2.0
201100029138,0011-01-14 14:10:00,11,1,14,14,10,350,238,SAINT-MALO/VERDUN,48.1235,-1.6846,Plein jour,En agglomération,Intersection en X,Normale,Autre collision,,,,,,,,,,,1,2,2,1.0,6.0
201100029139,0011-01-14 14:45:00,11,1,14,14,45,350,238,VERDUN/CO?TLOGON,48.1226,-1.68542,Plein jour,En agglomération,Intersection en X,Pluie légère,Deux véhicules - côté,,,,,,,,,,,1,2,2,2.0,3.0
201100029140,0011-01-14 17:38:00,11,1,14,17,38,350,281,"00, PORTE DE ST NAZAIRE",,,Plein jour,En agglomération,Hors intersection,Normale,Trois véhicules et plus - en chaîne,,,,,,,,,,,1,2,1,1.0,4.0
201100029141,0011-01-17 08:25:00,11,1,17,8,25,350,281,"270, NANTES (RUE DE)",,,Nuit avec éclairage allumé,En agglomération,Intersection en X,Pluie légère,Autre collision,,,,,,,,,,,5,2,2,2.0,6.0
201100029142,0011-01-17 16:20:00,11,1,17,16,20,350,238,ISLY/PL?LO,48.1064,-1.67777,Plein jour,En agglomération,Intersection en X,Normale,Autre collision,,,,,,,,,,,1,2,2,1.0,6.0
201100029143,0011-01-17 18:35:00,11,1,17,18,35,350,238,85 BOULEVARD MAREUIL,48.1006,-1.64978,Nuit avec éclairage allumé,En agglomération,Hors intersection,Normale,Deux véhicules - côté,,,,,,,,,,,5,2,1,1.0,3.0
201100029144,0011-01-18 16:59:00,11,1,18,16,59,350,238,C.TILLON/PR?FECTURE,48.1261,-1.69295,Plein jour,En agglomération,Intersection en X,Normale,Autre collision,,,,,,,,,,,1,2,2,1.0,6.0
201100029145,0011-01-19 18:10:00,11,1,19,18,10,350,238,PORTE DE BR?QUIGNY,48.084,-1.69874,Nuit sans éclairage public,En agglomération,Intersection à plus de 4 branches,Normale,Trois véhicules et plus - en chaîne,,,,,,,,,,,3,2,5,1.0,4.0
201100029146,0011-01-21 03:12:00,11,1,21,3,12,350,238,88 BIS RUE DE PARIS,48.1143,-1.65847,Nuit avec éclairage allumé,En agglomération,Hors intersection,Normale,Deux véhicules - côté,,,,,,,,,,,5,2,1,1.0,3.0
201100029147,0011-01-22 11:45:00,11,1,22,11,45,350,238,METZ/PALESTINE,48.1159,-1.65812,Plein jour,En agglomération,Intersection en T,Normale,Autre collision,,,,,,,,,,,1,2,3,1.0,6.0
201100029148,0011-01-22 16:25:00,11,1,22,16,25,350,238,BORDERIE/GAL GUILLAUDOT,48.1164,-1.67416,Plein jour,En agglomération,Intersection à plus de 4 branches,Normale,Autre collision,,,,,,,,,,,1,2,5,1.0,6.0
201100029149,0011-01-22 18:50:00,11,1,22,18,50,350,281,"279, NANTES (RUE DE)",,,Nuit avec éclairage allumé,En agglomération,Hors intersection,Pluie légère,Sans collision,,,,,,,,,,,5,2,1,2.0,7.0
201100029150,0011-01-25 08:20:00,11,1,25,8,20,350,281,"00, RD 177",,,Nuit sans éclairage public,En agglomération,Hors intersection,Autre,Trois véhicules et plus - en chaîne,,,,,,,,,,,3,2,1,9.0,4.0
201100029151,0011-01-25 12:05:00,11,1,25,12,5,350,238,K?BER/VIARMES,48.1106,-1.67169,Plein jour,En agglomération,Intersection en T,Normale,Deux véhicules - arrière,,,,,,,,,,,1,2,3,1.0,2.0
201100029152,0011-01-25 14:00:00,11,1,25,14,0,350,238,156 RUE SAINT-H?LIER,48.1022,-1.66051,Plein jour,En agglomération,Hors intersection,Normale,Deux véhicules - arrière,,,,,,,,,,,1,2,1,1.0,2.0
201100029153,0011-01-26 12:15:00,11,1,26,12,15,350,238,PARKING CENTRE COMMERCIA,48.0863,-1.66833,Plein jour,En agglomération,Hors intersection,Normale,Autre collision,,,,,,,,,,,1,2,1,1.0,6.0
201100029154,0011-01-27 16:50:00,11,1,27,16,50,350,238,YOUGOSLAVIE/ROUMANIE,48.0876,-1.65384,Plein jour,En agglomération,Intersection en X,Normale,Deux véhicules - côté,,,,,,,,,,,1,2,2,1.0,3.0
201100029155,0011-01-27 17:30:00,11,1,27,17,30,350,281,"00, PERI (RUE ET RESIDEN",,,Plein jour,En agglomération,Intersection en T,Normale,Autre collision,,,,,,,,,,,1,2,3,1.0,6.0
201100029156,0011-01-27 18:30:00,11,1,27,18,30,350,238,276 RUE DE CH?TEAUGIRON,48.0925,-1.62968,Plein jour,En agglomération,Hors intersection,Normale,Autre collision,,,,,,,,,,,1,2,1,1.0,6.0
201100029157,0011-01-29 13:00:00,11,1,29,13,0,350,238,P.LANGEVIN/O.LEROUX,48.0914,-1.65842,Plein jour,En agglomération,Giratoire,Normale,Deux véhicules - côté,,,,,,,,,,,1,2,6,1.0,3.0
201100029158,0011-01-31 10:30:00,11,1,31,10,30,350,238,LYONNAIS/W.CHURCHILL,48.1236,-1.70911,Plein jour,En agglomération,Intersection en T,Normale,Autre collision,,,,,,,,,,,1,2,3,1.0,6.0
201100029159,0011-02-03 14:45:00,11,2,3,14,45,350,281,"00, RD 177",,,Plein jour,Hors agglomération,Intersection en T,Normale,Deux véhicules - arrière,,,,,,,,,,,1,1,3,1.0,2.0
201100029160,0011-02-03 17:57:00,11,2,3,17,57,350,281,"00, MARIN (RUE JEAN)",,,Plein jour,En agglomération,Intersection en T,Normale,Autre collision,,,,,,,,,,,1,2,3,1.0,6.0
201100029161,0011-02-05 02:05:00,11,2,5,2,5,350,238,15 RUE Y.MAYEUC,48.1114,-1.68991,Nuit avec éclairage allumé,En agglomération,Hors intersection,Normale,Autre collision,,,,,,,,,,,5,2,1,1.0,6.0
201100029162,0011-02-05 19:40:00,11,2,5,19,40,350,238,LA?NNEC/MAGINOT,48.1098,-1.66565,Plein jour,En agglomération,Intersection en X,Normale,Deux véhicules - côté,,,,,,,,,,,1,2,2,1.0,3.0
201100029163,0011-02-06 06:10:00,11,2,6,6,10,350,278,"00, FOUINARDIERE  (LIEU",,,Nuit avec éclairage allumé,En agglomération,Autre intersection,Normale,Autre collision,,,,,,,,,,,5,2,9,1.0,6.0
201100029164,0011-02-07 07:35:00,11,2,7,7,35,350,238,AVENUE DES MONTS D'ARR?E,48.1351,-1.6729,Nuit avec éclairage allumé,En agglomération,Hors intersection,Normale,Autre collision,,,,,,,,,,,5,2,1,1.0,6.0
201100029165,0011-02-08 07:41:00,11,2,8,7,41,350,238,ROUMANIE/YOUGOSLAVIE,48.0876,-1.65384,Nuit avec éclairage allumé,En agglomération,Intersection en X,Pluie légère,Deux véhicules - côté,,,,,,,,,,,5,2,2,2.0,3.0
201100029166,0011-02-08 15:55:00,11,2,8,15,55,350,238,"52, BOUZAT (DOYEN ALBERT",,,Plein jour,En agglomération,Hors intersection,Normale,Autre collision,,,,,,,,,,,1,2,1,1.0,6.0
201100029167,0011-02-09 12:37:00,11,2,9,12,37,350,238,ROCADE OUEST PR13+100,48.0976,-1.71321,Plein jour,En agglomération,Hors intersection,Normale,Autre collision,,,,,,,,,,,1,2,1,1.0,6.0
201100029168,0011-02-09 14:10:00,11,2,9,14,10,350,238,W.CHURCHILL/BOURBONNAIS,48.1203,-1.70841,Plein jour,En agglomération,Intersection en X,Normale,Autre collision,,,,,,,,,,,1,2,2,1.0,6.0
201100029169,0011-02-10 14:10:00,11,2,10,14,10,350,238,"00, CHURCHILL (AVENUE SI",,,Plein jour,En agglomération,Hors intersection,Normale,Sans collision,,,,,,,,,,,1,2,1,1.0,7.0
201100029170,0011-02-09 18:10:00,11,2,9,18,10,350,238,RP F.FRAN?AISES DE L'O.N,48.0893,-1.68227,Plein jour,En agglomération,Intersection en X,Normale,Deux véhicules - côté,,,,,,,,,,,1,2,2,1.0,3.0
201100029171,0011-02-10 12:25:00,11,2,10,12,25,350,238,"00, BERNARD (CLAUDE)",48.1035,-1.69401,Plein jour,En agglomération,Intersection en X,Normale,Sans collision,,,,,,,,,,,1,2,2,1.0,7.0
201100029172,0011-02-12 20:10:00,11,2,12,20,10,350,238,H.OURMES/LETTONIE,48.0875,-1.64662,Nuit avec éclairage allumé,En agglomération,Intersection en X,Normale,Deux véhicules - arrière,,,,,,,,,,,5,2,2,1.0,2.0
201100029173,0011-02-13 04:30:00,11,2,13,4,30,350,238,ANTRAIN/MAUPERTUIS,48.1224,-1.66945,Nuit avec éclairage allumé,En agglomération,Intersection à plus de 4 branches,Normale,Sans collision,,,,,,,,,,,5,2,5,1.0,7.0
201100029174,0011-02-14 08:00:00,11,2,14,8,0,350,281,"00, DODIN (AVENUE ROGER)",,,Plein jour,En agglomération,Hors intersection,Normale,Deux véhicules - côté,,,,,,,,,,,1,2,1,1.0,3.0
201100029175,0011-02-14 08:20:00,11,2,14,8,20,350,281,"00, MARIN (RUE JEAN)",,,Plein jour,En agglomération,Intersection en X,Normale,Deux véhicules - côté,,,,,,,,,,,1,2,2,1.0,3.0
201100029176,0011-02-13 03:39:00,11,2,13,3,39,350,281,"00, DODIN (AVENUE ROGER)",,,Nuit avec éclairage allumé,En agglomération,Hors intersection,Normale,Sans collision,,,,,,,,,,,5,2,1,1.0,7.0
201100029177,0011-02-15 19:05:00,11,2,15,19,5,350,238,CANADA/SU?DE,48.0868,-1.68235,Nuit avec éclairage allumé,En agglomération,Giratoire,Normale,Autre collision,,,,,,,,,,,5,2,6,1.0,6.0
201100029178,0011-02-16 18:05:00,11,2,16,18,5,350,238,G.POMPIDOU/MAUCONSEIL,48.0982,-1.6883,Plein jour,En agglomération,Intersection en X,Normale,Deux véhicules - côté,,,,,,,,,,,1,2,2,1.0,3.0
201100029179,0011-02-16 19:45:00,11,2,16,19,45,350,281,"312, NANTES (RUE DE)",,,Nuit avec éclairage allumé,En agglomération,Hors intersection,Pluie légère,Autre collision,,,,,,,,,,,5,2,1,2.0,6.0
201100029180,0011-02-17 12:05:00,11,2,17,12,5,350,55,"35, MELLETTES (AV DES)",,,Plein jour,En agglomération,Hors intersection,Normale,Deux véhicules - frontale,,,,,,,,,,,1,2,1,1.0,1.0
201100029181,0011-02-18 20:20:00,11,2,18,20,20,350,238,HAUTES OURMES/POLOGNE,48.0876,-1.6509,Nuit avec éclairage allumé,En agglomération,Giratoire,Normale,Deux véhicules - côté,,,,,,,,,,,5,2,6,1.0,3.0
201100029182,0011-02-19 18:10:00,11,2,19,18,10,350,238,5 BIS BOULEVARD DE LA TO,48.1078,-1.68451,Plein jour,En agglomération,Hors intersection,Normale,Deux véhicules - côté,,,,,,,,,,,1,2,1,1.0,3.0
201100029183,0011-02-19 20:10:00,11,2,19,20,10,350,238,G.CL?MENCEAU/H.FR?VILLE,48.0938,-1.67446,Nuit avec éclairage allumé,En agglomération,Intersection en X,Normale,Deux véhicules - arrière,,,,,,,,,,,5,2,2,1.0,2.0
201100029184,0011-02-19 16:04:00,11,2,19,16,4,350,238,1 RUE PABLO N?RUDA,48.137,-1.67011,Plein jour,En agglomération,Hors intersection,Normale,Sans collision,,,,,,,,,,,1,2,1,1.0,7.0
201100029185,0011-02-20 00:01:00,11,2,20,0,1,350,238,32 BOULEVARD DE LA LIBER,48.1077,-1.68121,Nuit avec éclairage allumé,En agglomération,Hors intersection,Normale,Autre collision,,,,,,,,,,,5,2,1,1.0,6.0
201100029186,0011-02-22 18:00:00,11,2,22,18,0,350,238,TOURAUDAIS/A.BECQUEREL,48.1201,-1.63143,Plein jour,En agglomération,Intersection en Y,Pluie légère,Deux véhicules - côté,,,,,,,,,,,1,2,4,2.0,3.0
201100029187,0011-02-23 00:33:00,11,2,23,0,33,350,278,"00, DE GAULLE (AVENUE GE",,,Nuit avec éclairage allumé,En agglomération,Hors intersection,Pluie légère,Sans collision,,,,,,,,,,,5,2,1,2.0,7.0
201100029188,0011-02-23 19:05:00,11,2,23,19,5,350,238,SUISSE/ITALIE,48.0865,-1.66777,Nuit avec éclairage allumé,En agglomération,Intersection en X,Pluie légère,Autre collision,,,,,,,,,,,5,2,2,2.0,6.0
201100029189,0011-02-23 19:30:00,11,2,23,19,30,350,281,"00, MARIN (RUE JEAN)",,,Nuit avec éclairage allumé,En agglomération,Hors intersection,Pluie légère,Autre collision,,,,,,,,,,,5,2,1,2.0,6.0
201100029190,0011-02-24 08:15:00,11,2,24,8,15,350,238,AVENUE PROFESSEUR C.FOUL,48.1193,-1.64884,Plein jour,En agglomération,Hors intersection,Temps couvert,Deux véhicules - côté,,,,,,,,,,,1,2,1,8.0,3.0
201100029191,0011-02-25 08:25:00,11,2,25,8,25,350,238,J.CARTIER/ALMA,48.0974,-1.67515,Crépuscule ou aube,En agglomération,Intersection en X,Pluie légère,Deux véhicules - côté,,,,,,,,,,,2,2,2,2.0,3.0
201100029192,0011-02-25 18:40:00,11,2,25,18,40,350,238,BEAULIEU/Y.MILON,48.1177,-1.63447,Nuit avec éclairage allumé,En agglomération,Intersection en T,Normale,Deux véhicules - côté,,,,,,,,,,,5,2,3,1.0,3.0
201100029193,0011-02-26 12:53:00,11,2,26,12,53,350,55,"00, GUERLEDAN (ALLEE DE)",,,Plein jour,En agglomération,Autre intersection,Normale,Autre collision,,,,,,,,,,,1,2,9,1.0,6.0
201100029194,0011-02-28 09:15:00,11,2,28,9,15,350,238,BREST/PAPU,48.1115,-1.69057,Plein jour,En agglomération,Intersection en X,Normale,Deux véhicules - côté,,,,,,,,,,,1,2,2,1.0,3.0
201100029195,0011-02-28 15:00:00,11,2,28,15,0,350,238,PLACE DU RONCERAY,48.0914,-1.64018,Plein jour,En agglomération,Hors intersection,Normale,Autre collision,,,,,,,,,,,1,2,1,1.0,6.0
201100029196,0011-03-01 12:50:00,11,3,1,12,50,350,278,"00, PORTE DE ST MALO",,,Plein jour,En agglomération,Autre intersection,Normale,Autre collision,,,,,,,,,,,1,2,9,1.0,6.0
201100029197,0011-03-07 08:20:00,11,3,7,8,20,350,238,CH?TILLON/G.CL?MENCEAU,48.0936,-1.67109,Plein jour,En agglomération,Intersection en X,Normale,Deux véhicules - côté,,,,,,,,,,,1,2,2,1.0,3.0
201100029198,0011-03-08 11:40:00,11,3,8,11,40,350,238,89 BIS RUE DE VERN,48.0974,-1.65432,Plein jour,En agglomération,Hors intersection,Normale,Trois véhicules et plus - en chaîne,,,,,,,,,,,1,2,1,1.0,4.0
201100029199,0011-03-08 14:30:00,11,3,8,14,30,350,238,82 RUE DE FOUG?RES,48.1198,-1.66619,Plein jour,En agglomération,Hors intersection,Normale,Autre collision,,,,,,,,,,,1,2,1,1.0,6.0
201100029200,0011-03-08 17:45:00,11,3,8,17,45,350,238,ANTRAIN/J.FERRY,48.1213,-1.67118,Plein jour,En agglomération,Intersection en T,Normale,Trois véhicules et plus - collisions multiples,,,,,,,,,,,1,2,3,1.0,5.0
201100029201,0011-03-10 10:30:00,11,3,10,10,30,350,238,HAUTES OURMES/VERN,48.0875,-1.64492,Plein jour,En agglomération,Giratoire,Normale,Deux véhicules - côté,,,,,,,,,,,1,2,6,1.0,3.0
201100029202,0011-03-11 18:53:00,11,3,11,18,53,350,238,171 RUE DE LORIENT,48.1055,-1.73428,Nuit avec éclairage allumé,En agglomération,Hors intersection,Normale,Deux véhicules - côté,,,,,,,,,,,5,2,1,1.0,3.0
201100029203,0011-03-12 07:00:00,11,3,12,7,0,350,238,ROND POINT DES GAYEULLES,48.1277,-1.65209,Plein jour,En agglomération,Giratoire,Normale,Autre collision,,,,,,,,,,,1,2,6,1.0,6.0
201100029204,0011-03-14 18:20:00,11,3,14,18,20,350,238,"45, TOUR D'AUVERGNE (BD",,,Plein jour,En agglomération,Hors intersection,Temps couvert,Autre collision,,,,,,,,,,,1,2,1,8.0,6.0
201100029205,0011-03-14 18:50:00,11,3,14,18,50,350,238,A.BLAIZE/A.DESILLES,48.0998,-1.6823,Crépuscule ou aube,En agglomération,Intersection en X,Normale,Deux véhicules - côté,,,,,,,,,,,2,2,2,1.0,3.0
201100029206,0011-03-16 16:35:00,11,3,16,16,35,350,55,"00, HALLOUVRY (RUE D')",,,Crépuscule ou aube,En agglomération,Hors intersection,Normale,Autre collision,,,,,,,,,,,2,2,1,1.0,6.0
201100029207,0011-03-17 16:05:00,11,3,17,16,5,350,238,HAUTES OURMES/POLOGNE,48.0876,-1.6509,Plein jour,En agglomération,Giratoire,Normale,Deux véhicules - côté,,,,,,,,,,,1,2,6,1.0,3.0
201100029208,0011-03-17 20:40:00,11,3,17,20,40,350,238,10 RUE DU BREIL,48.0952,-1.6293,Nuit avec éclairage allumé,En agglomération,Hors intersection,Normale,Autre collision,,,,,,,,,,,5,2,1,1.0,6.0
201100029209,0011-03-18 17:55:00,11,3,18,17,55,350,238,J.MERMOZ/G.POMPIDOU,48.0977,-1.68857,Plein jour,En agglomération,Intersection en Y,Pluie légère,Deux véhicules - côté,,,,,,,,,,,1,2,4,2.0,3.0
201100029210,0011-03-18 17:43:00,11,3,18,17,43,350,238,"16, BOURGEOIS (BOULEVARD",,,Plein jour,En agglomération,Hors intersection,Normale,Trois véhicules et plus - en chaîne,,,,,,,,,,,1,2,1,1.0,4.0
201100029211,0011-03-18 18:30:00,11,3,18,18,30,350,238,40 RUE DE CH?TEAUGIRON,48.1015,-1.65482,Plein jour,En agglomération,Hors intersection,Pluie légère,Autre collision,,,,,,,,,,,1,2,1,2.0,6.0
201100029212,0011-03-21 12:25:00,11,3,21,12,25,350,278,"00, CROIX VERTE  (LIEU D",,,Plein jour,En agglomération,Hors intersection,Normale,Sans collision,,,,,,,,,,,1,2,1,1.0,7.0
201100029213,0011-03-22 12:00:00,11,3,22,12,0,350,238,157 RUE DE SAINT-MALO,48.1229,-1.68431,Plein jour,En agglomération,Hors intersection,Normale,Trois véhicules et plus - en chaîne,,,,,,,,,,,1,2,1,1.0,4.0
201100029214,0011-03-22 14:35:00,11,3,22,14,35,350,238,PORTE DE NANTES,48.0803,-1.67918,Plein jour,En agglomération,Intersection à plus de 4 branches,Normale,Trois véhicules et plus - en chaîne,,,,,,,,,,,1,2,5,1.0,4.0
201100029215,0011-03-22 15:10:00,11,3,22,15,10,350,238,98 ROUTE DE LORIENT,48.109,-1.70981,Plein jour,En agglomération,Hors intersection,Normale,Autre collision,,,,,,,,,,,1,2,1,1.0,6.0
201100029216,0011-03-24 13:40:00,11,3,24,13,40,350,238,LORIENT/J.P.CALLOC'H,48.1083,-1.71278,Plein jour,En agglomération,Intersection en T,Normale,Autre collision,,,,,,,,,,,1,2,3,1.0,6.0
201100029217,0011-03-24 19:30:00,11,3,24,19,30,350,281,"00, TEMPLE-DE-BLOSNE (RU",,,Plein jour,En agglomération,Hors intersection,Normale,Sans collision,,,,,,,,,,,1,2,1,1.0,7.0
201100029218,0011-03-25 19:20:00,11,3,25,19,20,350,238,25 RUE DE CH?TILLON,48.1012,-1.67265,Nuit avec éclairage allumé,En agglomération,Hors intersection,Normale,Deux véhicules - côté,,,,,,,,,,,5,2,1,1.0,3.0
201100029219,0011-03-29 12:20:00,11,3,29,12,20,350,238,MISSION/DUGUAY TROUIN,48.1101,-1.6846,Plein jour,En agglomération,Intersection en X,Normale,Deux véhicules - côté,,,,,,,,,,,1,2,2,1.0,3.0
201100029220,0011-03-30 13:35:00,11,3,30,13,35,350,238,BIGNON/HAUT SANC?,48.0965,-1.63689,Plein jour,En agglomération,Giratoire,Temps couvert,Trois véhicules et plus - collisions multiples,,,,,,,,,,,1,2,6,8.0,5.0
201100029221,0011-03-30 16:00:00,11,3,30,16,0,350,55,"00, BONNIN ANDRE (AVENUE",,,Plein jour,En agglomération,Hors intersection,Temps couvert,Sans collision,,,,,,,,,,,1,2,1,8.0,7.0
201100029222,0011-03-30 18:25:00,11,3,30,18,25,350,238,5 RUE DE LA SANT?,48.1083,-1.68564,Plein jour,En agglomération,Hors intersection,Pluie légère,Autre collision,,,,,,,,,,,1,2,1,2.0,6.0
201100029223,0011-03-31 14:25:00,11,3,31,14,25,350,281,"00, PORTE DE ST NAZAIRE",,,Plein jour,En agglomération,Autre intersection,Temps couvert,Sans collision,,,,,,,,,,,1,2,9,8.0,7.0
201100029224,0011-04-01 16:40:00,11,4,1,16,40,350,238,ALBERT 1ER/BELGIQUE,48.0897,-1.68563,Plein jour,En agglomération,Intersection en X,Normale,Deux véhicules - côté,,,,,,,,,,,1,2,2,1.0,3.0
201100029225,0011-04-02 03:30:00,11,4,2,3,30,350,238,ALMA/GINGUEN?,48.0994,-1.67574,Nuit avec éclairage allumé,En agglomération,Intersection en X,Normale,Autre collision,,,,,,,,,,,5,2,2,1.0,6.0
201100029226,0011-04-02 09:30:00,11,4,2,9,30,350,238,"00, ROCADE 13-14",,,Plein jour,En agglomération,Autre intersection,Normale,Deux véhicules - arrière,,,,,,,,,,,1,2,9,1.0,2.0
201100029227,0011-04-02 21:10:00,11,4,2,21,10,350,278,"00, PORTE DE ST MALO",,,Nuit sans éclairage public,En agglomération,Autre intersection,Normale,Sans collision,,,,,,,,,,,3,2,9,1.0,7.0
201100029228,0011-04-04 16:25:00,11,4,4,16,25,350,238,7 RUE A.LEFAS,48.1304,-1.65594,Plein jour,En agglomération,Hors intersection,Normale,Autre collision,,,,,,,,,,,1,2,1,1.0,6.0
201100029229,0011-04-04 19:15:00,11,4,4,19,15,350,278,"00, PARKING CENTRE COMME",,,Plein jour,En agglomération,Autre intersection,Normale,Deux véhicules - côté,,,,,,,,,,,1,2,9,1.0,3.0
201100029230,0011-04-05 17:10:00,11,4,5,17,10,350,238,8 PLACE DU LANDREL,48.0902,-1.65235,Plein jour,En agglomération,Hors intersection,Normale,Autre collision,,,,,,,,,,,1,2,1,1.0,6.0