accident_id,datetime,annee,mois,jour,heure,minute,departement,commune_insee,adresse,latitude,longitude,luminosite,agglomeration,intersection,meteo,collision,nb_vehicules,nb_usagers,nb_indemnes,nb_tues,nb_blesses_hosp,nb_blesses_legers,age_cond_1,age_cond_2,veh_type_cond_1,veh_type_cond_2,lum_code,agg_code,int_code,atm_code,col_code
201100029475,0011-09-30 09:35:00,11,9,30,9,35,350,238,245 RUE DE NANTES,48.0951,-1.69005,Plein jour,En agglomération,Hors intersection,Normale,Autre collision,,,,,,,,,,,1,2,1,1.0,6.0
201100029476,0011-09-30 16:15:00,11,9,30,16,15,350,281,"00, TEMPLE-DE-BLOSNE (RU",,,Plein jour,En agglomération,Intersection en X,Temps éblouissant,Autre collision,,,,,,,,,,,1,2,2,7.0,6.0
201100029477,0011-09-30 16:05:00,11,9,30,16,5,350,238,LEGRAVEREND/CH?ZY,48.1178,-1.68552,Plein jour,En agglomération,Intersection en X,Normale,Deux véhicules - côté,,,,,,,,,,,1,2,2,1.0,3.0
201100029478,0011-09-30 18:15:00,11,9,30,18,15,350,281,"256, NANTES (RUE DE)",,,Plein jour,En agglomération,Hors intersection,Normale,Deux véhicules - arrière,,,,,,,,,,,1,2,1,1.0,2.0
201100029479,0011-09-30 18:45:00,11,9,30,18,45,350,238,LORIENT/L.BERTHAULT,48.1065,-1.73074,Plein jour,En agglomération,Intersection en T,Normale,Deux véhicules - côté,,,,,,,,,,,1,2,3,1.0,3.0
201100029480,0011-09-30 22:30:00,11,9,30,22,30,350,238,A.BOUCHART/L.TIERCELIN,48.1002,-1.68307,Nuit avec éclairage allumé,En agglomération,Intersection en X,Normale,Deux véhicules - côté,,,,,,,,,,,5,2,2,1.0,3.0
201100029481,0011-10-01 17:00:00,11,10,1,17,0,350,238,PORTE D'ALMA,48.0817,-1.67549,Plein jour,En agglomération,Giratoire,Normale,Deux véhicules - côté,,,,,,,,,,,1,2,6,1.0,3.0
201100029482,0011-10-01 20:05:00,11,10,1,20,5,350,238,G.PATTON/ROCHESTER,48.1285,-1.66419,Nuit avec éclairage allumé,En agglomération,Intersection en X,Normale,Deux véhicules - côté,,,,,,,,,,,5,2,2,1.0,3.0
201100029483,0011-10-02 22:00:00,11,10,2,22,0,350,238,PL?LO/E.SOUVESTRE,48.1063,-1.67859,Nuit avec éclairage allumé,En agglomération,Intersection en X,Normale,Sans collision,,,,,,,,,,,5,2,2,1.0,7.0
201100029484,0011-10-03 15:05:00,11,10,3,15,5,350,238,J.CARTIER/ALMA,48.0978,-1.672,Plein jour,En agglomération,Intersection en X,Normale,Deux véhicules - côté,,,,,,,,,,,1,2,2,1.0,3.0
201100029485,0011-10-04 15:30:00,11,10,4,15,30,350,238,15 RUE LEGRAVEREND,48.1172,-1.68194,Plein jour,En agglomération,Hors intersection,Normale,Trois véhicules et plus - en chaîne,,,,,,,,,,,1,2,1,1.0,4.0
201100029486,0011-10-02 20:50:00,11,10,2,20,50,350,238,"04, BANAT (PLACE DU)",,,Nuit avec éclairage allumé,En agglomération,Hors intersection,Normale,Sans collision,,,,,,,,,,,5,2,1,1.0,7.0
201100029487,0011-10-04 20:50:00,11,10,4,20,50,350,238,4 PLACE DU BANAT,48.0873,-1.65533,Nuit avec éclairage allumé,En agglomération,Hors intersection,Normale,Sans collision,,,,,,,,,,,5,2,1,1.0,7.0
201100029488,0011-10-05 08:00:00,11,10,5,8,0,350,238,DUJARDIN/PASTEUR,48.1102,-1.67414,Plein jour,En agglomération,Intersection en X,Normale,Deux véhicules - côté,,,,,,,,,,,1,2,2,1.0,3.0
201100029489,0011-10-05 14:25:00,11,10,5,14,25,350,238,POTERIE/P.H.DESGR?ES,48.0929,-1.64007,Plein jour,En agglomération,Giratoire,Normale,Deux véhicules - côté,,,,,,,,,,,1,2,6,1.0,3.0
201100029490,0011-10-06 14:15:00,11,10,6,14,15,350,281,"00, DODIN (AVENUE ROGER)",,,Plein jour,En agglomération,Giratoire,Normale,Deux véhicules - côté,,,,,,,,,,,1,2,6,1.0,3.0
201100029491,0011-10-06 19:30:00,11,10,6,19,30,350,238,2  AVENUE DU BOIS LABB?,48.1261,-1.70313,Plein jour,En agglomération,Hors intersection,Normale,Deux véhicules - côté,,,,,,,,,,,1,2,1,1.0,3.0
201100029492,0011-10-06 23:33:00,11,10,6,23,33,350,238,21 AVENUE G.BERGER,48.119,-1.70461,Nuit avec éclairage allumé,En agglomération,Hors intersection,Normale,Autre collision,,,,,,,,,,,5,2,1,1.0,6.0
201100029493,0011-10-07 18:50:00,11,10,7,18,50,350,238,GAL LECLERC/STRASBOURG,48.1146,-1.65579,Plein jour,En agglomération,Intersection en Y,Pluie légère,Deux véhicules - côté,,,,,,,,,,,1,2,4,2.0,3.0
201100029494,0011-10-12 08:10:00,11,10,12,8,10,350,238,3 AV DE LA PR?FECTURE,48.1276,-1.69344,Plein jour,En agglomération,Hors intersection,Pluie légère,Sans collision,,,,,,,,,,,1,2,1,2.0,7.0
201100029495,0011-10-12 08:45:00,11,10,12,8,45,350,238,AVENUE G.BERGER,48.1167,-1.70472,Plein jour,En agglomération,Hors intersection,Normale,Autre collision,,,,,,,,,,,1,2,1,1.0,6.0
201100029496,0011-10-14 12:00:00,11,10,14,12,0,350,238,24 RUE PAPU,48.1109,-1.69385,Plein jour,En agglomération,Hors intersection,Normale,Deux véhicules - côté,,,,,,,,,,,1,2,1,1.0,3.0
201100029497,0011-10-14 20:57:00,11,10,14,20,57,350,238,30 BD E.COMBES,48.0934,-1.66799,Nuit avec éclairage allumé,En agglomération,Hors intersection,Normale,Autre collision,,,,,,,,,,,5,2,1,1.0,6.0
201100029498,0011-10-15 13:05:00,11,10,15,13,5,350,238,G.POMPIDOU/NITSCH,48.1018,-1.68433,Plein jour,En agglomération,Intersection à plus de 4 branches,Normale,Deux véhicules - arrière,,,,,,,,,,,1,2,5,1.0,2.0
201100029499,0011-10-17 18:00:00,11,10,17,18,0,350,238,PORTE DE BREST,48.1225,-1.71934,Plein jour,En agglomération,Intersection à plus de 4 branches,Normale,Deux véhicules - côté,,,,,,,,,,,1,2,5,1.0,3.0
201100029500,0011-10-19 13:50:00,11,10,19,13,50,350,238,DANTON/CDT ANJOT,48.1183,-1.65357,Plein jour,En agglomération,Intersection en T,Normale,Trois véhicules et plus - collisions multiples,,,,,,,,,,,1,2,3,1.0,5.0
201100029501,0011-10-19 21:50:00,11,10,19,21,50,350,238,ROUMANIE/YOUGOSLAVIE,48.0876,-1.65384,Nuit avec éclairage allumé,En agglomération,Intersection en X,Normale,Deux véhicules - côté,,,,,,,,,,,5,2,2,1.0,3.0
201100029502,0011-10-20 07:50:00,11,10,20,7,50,350,238,BD SAINT-CONWO?ON,48.1023,-1.68929,Plein jour,En agglomération,Hors intersection,Normale,Deux véhicules - côté,,,,,,,,,,,1,2,1,1.0,3.0
201100029503,0011-10-20 16:40:00,11,10,20,16,40,350,238,PK SERGENT MAGINOT,48.11,-1.65986,Plein jour,En agglomération,Hors intersection,Temps couvert,Autre collision,,,,,,,,,,,1,2,1,8.0,6.0
201100029504,0011-10-20 17:50:00,11,10,20,17,50,350,238,100 MAIL F.MITTERRAND,48.1085,-1.69623,Plein jour,En agglomération,Hors intersection,Normale,Deux véhicules - arrière,,,,,,,,,,,1,2,1,1.0,2.0
201100029505,0011-10-20 18:45:00,11,10,20,18,45,350,278,Les Rabinardieres,,,Plein jour,En agglomération,Intersection en T,Temps couvert,Deux véhicules - arrière,,,,,,,,,,,1,2,3,8.0,2.0
201100029506,0011-10-20 20:25:00,11,10,20,20,25,350,238,246 RUE DE SAINT-MALO,48.1265,-1.68613,Nuit avec éclairage allumé,En agglomération,Hors intersection,Normale,Deux véhicules - côté,,,,,,,,,,,5,2,1,1.0,3.0
201100029507,0011-10-21 09:50:00,11,10,21,9,50,350,238,J.PALACH/LORIENT,48.1085,-1.71184,Plein jour,En agglomération,Intersection en T,Temps éblouissant,Deux véhicules - côté,,,,,,,,,,,1,2,3,7.0,3.0
201100029508,0011-10-21 22:15:00,11,10,21,22,15,350,238,45 RUE DE SAINT-MALO,48.1176,-1.68083,Nuit avec éclairage allumé,En agglomération,Hors intersection,Normale,Autre collision,,,,,,,,,,,5,2,1,1.0,6.0
201100029509,0011-10-22 02:50:00,11,10,22,2,50,350,281,"00, TEMPLE-DE-BLOSNE (RU",,,Nuit avec éclairage non allumé,En agglomération,Hors intersection,Normale,Autre collision,,,,,,,,,,,4,2,1,1.0,6.0
201100029510,0011-10-22 13:20:00,11,10,22,13,20,350,278,"06, ROBIQUETTE  (LIEU DI",,,Plein jour,En agglomération,Hors intersection,Normale,Deux véhicules - arrière,,,,,,,,,,,1,2,1,1.0,2.0
201100029511,0011-10-23 06:45:00,11,10,23,6,45,350,238,J.GU?HENNO/D.ANNE,48.1193,-1.66743,Nuit avec éclairage allumé,En agglomération,Intersection à plus de 4 branches,Normale,Deux véhicules - côté,,,,,,,,,,,5,2,5,1.0,3.0
201100029512,0011-10-23 12:15:00,11,10,23,12,15,350,238,SAINT-H?LIER/VERGER,48.1061,-1.66727,Plein jour,En agglomération,Intersection en T,Normale,Deux véhicules - côté,,,,,,,,,,,1,2,3,1.0,3.0
201100029513,0011-10-24 23:45:00,11,10,24,23,45,350,238,REDON/P.H?VIN,48.105,-1.69156,Nuit avec éclairage allumé,En agglomération,Intersection en T,Pluie légère,Deux véhicules - arrière,,,,,,,,,,,5,2,3,2.0,2.0
201100029514,0011-10-25 08:40:00,11,10,25,8,40,350,238,SUISSE/GEN?VE,48.0865,-1.66205,Nuit avec éclairage allumé,En agglomération,Intersection en T,Pluie légère,Autre collision,,,,,,,,,,,5,2,3,2.0,6.0
201100029515,0011-10-25 09:20:00,11,10,25,9,20,350,238,C.FOULON/P.DONZELOT,48.1223,-1.63872,Plein jour,En agglomération,Giratoire,Pluie légère,Deux véhicules - côté,,,,,,,,,,,1,2,6,2.0,3.0
201100029516,0011-10-26 18:00:00,11,10,26,18,0,350,238,CARREFOUR NITSCH,48.1018,-1.68433,Plein jour,En agglomération,Intersection à plus de 4 branches,Normale,Trois véhicules et plus - collisions multiples,,,,,,,,,,,1,2,5,1.0,5.0
201100029517,0011-10-27 07:30:00,11,10,27,7,30,350,278,"00, PORTE DE ST MALO",,,Nuit sans éclairage public,En agglomération,Autre intersection,Normale,Autre collision,,,,,,,,,,,3,2,9,1.0,6.0
201100029518,0011-10-29 18:25:00,11,10,29,18,25,350,238,PLACE DE LA R?PUBLIQUE,48.1098,-1.67984,Plein jour,En agglomération,Hors intersection,Normale,Sans collision,,,,,,,,,,,1,2,1,1.0,7.0
201100029519,0011-11-02 15:40:00,11,11,2,15,40,350,55,BONNIN ANDRE (AVENUE),,,Plein jour,En agglomération,Hors intersection,Normale,Autre collision,,,,,,,,,,,1,2,1,1.0,6.0
201100029520,0011-11-03 16:23:00,11,11,3,16,23,350,238,POTERIE/CORK,48.0937,-1.64333,Plein jour,En agglomération,Intersection en T,Normale,Autre collision,,,,,,,,,,,1,2,3,1.0,6.0
201100029521,0011-11-04 07:15:00,11,11,4,7,15,350,238,ALMA/J.CA TIER,48.0974,-1.67515,Nuit avec éclairage allumé,En agglomération,Intersection en X,Temps couvert,Deux véhicules - côté,,,,,,,,,,,5,2,2,8.0,3.0
201100029522,0011-11-04 13:25:00,11,11,4,13,25,350,238,2 TER BD P.PAINLEV?,48.1233,-1.6593,Plein jour,En agglomération,Hors intersection,Normale,Autre collision,,,,,,,,,,,1,2,1,1.0,6.0
201100029523,0011-11-04 17:45:00,11,11,4,17,45,350,238,93 BD E.COMBES,48.0956,-1.66212,Nuit avec éclairage allumé,En agglomération,Hors intersection,Temps couvert,Autre collision,,,,,,,,,,,5,2,1,8.0,6.0
201100029524,0011-11-08 09:20:00,11,11,8,9,20,350,238,4 PLACE DE BRETAGNE,48.1092,-1.68455,Plein jour,En agglomération,Hors intersection,Pluie légère,Deux véhicules - arrière,,,,,,,,,,,1,2,1,2.0,2.0
201100029525,0011-11-08 15:10:00,11,11,8,15,10,350,238,BD P.MEND?S FRANCE,48.0984,-1.69457,Plein jour,En agglomération,Hors intersection,Pluie légère,Sans collision,,,,,,,,,,,1,2,1,2.0,7.0
201100029526,0011-11-08 19:10:00,11,11,8,19,10,350,238,PORTE D'ALMA,48.0815,-1.6769,Nuit sans éclairage public,En agglomération,Intersection à plus de 4 branches,Pluie légère,Deux véhicules - arrière,,,,,,,,,,,3,2,5,2.0,2.0
201100029527,0011-11-10 18:25:00,11,11,10,18,25,350,238,260 RUE DE FOUG?RES,48.1282,-1.64839,Nuit sans éclairage public,En agglomération,Hors intersection,Normale,Trois véhicules et plus - en chaîne,,,,,,,,,,,3,2,1,1.0,4.0
201100029528,0011-11-12 10:10:00,11,11,12,10,10,350,238,12 COURS KENNEDY,48.1213,-1.70709,Plein jour,En agglomération,Hors intersection,Normale,Deux véhicules - arrière,,,,,,,,,,,1,2,1,1.0,2.0
201100029529,0011-11-13 10:00:00,11,11,13,10,0,350,281,"00, TEMPLE DU CERISIER",,,Plein jour,En agglomération,Hors intersection,Temps éblouissant,Sans collision,,,,,,,,,,,1,2,1,7.0,7.0
201100029530,0011-11-14 07:15:00,11,11,14,7,15,350,238,LECLERC/TOURAUDAIS,48.1141,-1.63383,Nuit avec éclairage allumé,En agglomération,Giratoire,Normale,Autre collision,,,,,,,,,,,5,2,6,1.0,6.0
201100029531,0011-11-14 13:20:00,11,11,14,13,20,350,238,10 CANAL SAINT-MARTIN,48.1212,-1.68136,Plein jour,En agglomération,Hors intersection,Normale,Sans collision,,,,,,,,,,,1,2,1,1.0,7.0
201100029532,0011-11-14 16:45:00,11,11,14,16,45,350,238,CHR PONTCHAILLOU,48.1208,-1.68953,Plein jour,En agglomération,Hors intersection,Normale,Autre collision,,,,,,,,,,,1,2,1,1.0,6.0
201100029533,0011-11-15 14:00:00,11,11,15,14,0,350,238,2 RUE MOULIN DE JOU?,48.1122,-1.64663,Plein jour,En agglomération,Hors intersection,Normale,Deux véhicules - côté,,,,,,,,,,,1,2,1,1.0,3.0
201100029534,0011-11-15 15:20:00,11,11,15,15,20,350,238,"93 BIS, GROS MALHON (AVE",,,Plein jour,En agglomération,Hors intersection,Normale,Deux véhicules - arrière,,,,,,,,,,,1,2,1,1.0,2.0
201100029535,0011-11-16 09:20:00,11,11,16,9,20,350,238,193 RUE DE NANTES,48.0978,-1.68846,Plein jour,En agglomération,Hors intersection,Temps couvert,Autre collision,,,,,,,,,,,1,2,1,8.0,6.0
201100029536,0011-11-16 16:25:00,11,11,16,16,25,350,238,RUE DE SUISSE (PK BERNE),48.0865,-1.66539,Plein jour,En agglomération,Hors intersection,Temps couvert,Deux véhicules - côté,,,,,,,,,,,1,2,1,8.0,3.0
201100029537,0011-11-16 18:35:00,11,11,16,18,35,350,238,140 AV DU GAL LECLERC,48.114,-1.63618,Nuit avec éclairage non allumé,En agglomération,Hors intersection,Temps couvert,Deux véhicules - côté,,,,,,,,,,,4,2,1,8.0,3.0
201100029538,0011-11-16 18:30:00,11,11,16,18,30,350,278,"00, CHESNAIS BEAUREGARD",,,Nuit avec éclairage non allumé,En agglomération,Giratoire,Temps couvert,Autre collision,,,,,,,,,,,4,2,6,8.0,6.0
201100029539,0011-11-16 13:08:00,11,11,16,13,8,350,238,MONTS D'ARR?E/PATTON,48.1351,-1.65963,Plein jour,En agglomération,Intersection en X,Temps couvert,Sans collision,,,,,,,,,,,1,2,2,8.0,7.0
201100029540,0011-11-19 09:35:00,11,11,19,9,35,350,238,JAUR?S/VAU ST GERMAIN,48.111,-1.67783,Plein jour,En agglomération,Intersection en X,Normale,Deux véhicules - côté,,,,,,,,,,,1,2,2,1.0,3.0
201100029541,0011-11-20 07:40:00,11,11,20,7,40,350,238,BOULEVARD DE CH?ZY,48.1151,-1.68727,Plein jour,En agglomération,Hors intersection,Normale,Sans collision,,,,,,,,,,,1,2,1,1.0,7.0
201100029542,0011-11-22 08:50:00,11,11,22,8,50,350,238,VERN/LE DANTEC,48.0965,-1.65272,Plein jour,En agglomération,Intersection en T,Temps éblouissant,Deux véhicules - côté,,,,,,,,,,,1,2,3,7.0,3.0
201100029543,0011-11-22 10:10:00,11,11,22,10,10,350,238,C.DE CIC?/F.DE LESSEPS,48.1018,-1.70729,Plein jour,En agglomération,Giratoire,Normale,Autre collision,,,,,,,,,,,1,2,6,1.0,6.0
201100029544,0011-11-22 17:15:00,11,11,22,17,15,350,238,LECLERC/F.CH?TEAU,48.1139,-1.64089,Plein jour,En agglomération,Giratoire,Normale,Deux véhicules - côté,,,,,,,,,,,1,2,6,1.0,3.0
201100029545,0011-11-23 08:50:00,11,11,23,8,50,350,281,"00, DODIN (AVENUE ROGER)",,,Plein jour,En agglomération,Autre intersection,Normale,Deux véhicules - côté,,,,,,,,,,,1,2,9,1.0,3.0
201100029546,0011-11-23 16:00:00,11,11,23,16,0,350,238,"00, CHATEAUGIRON (DE)",,,Plein jour,En agglomération,Hors intersection,Normale,Autre collision,,,,,,,,,,,1,2,1,1.0,6.0
201100029547,0011-11-25 10:10:00,11,11,25,10,10,350,238,ROUMANIE/YOUGOSLAVIE,48.0876,-1.65384,Plein jour,En agglomération,Intersection en X,Normale,Deux véhicules - côté,,,,,,,,,,,1,2,2,1.0,3.0
201100029548,0011-11-25 11:20:00,11,11,25,11,20,350,238,SAINT-H?LIER/A.LERAY,48.1027,-1.66138,Plein jour,En agglomération,Intersection en T,Pluie légère,Autre collision,,,,,,,,,,,1,2,3,2.0,6.0
201100029549,0011-11-26 06:40:00,11,11,26,6,40,350,238,ROBIDOU/BONNETS ROUGES,48.1065,-1.65874,Nuit avec éclairage allumé,En agglomération,Intersection en T,Normale,Autre collision,,,,,,,,,,,5,2,3,1.0,6.0
201100029550,0011-11-27 21:25:00,11,11,27,21,25,350,238,E.ZOLA/PASTEUR,48.1099,-1.67405,Nuit avec éclairage allumé,En agglomération,Intersection en X,Normale,Deux véhicules - côté,,,,,,,,,,,5,2,2,1.0,3.0
201100029551,0011-11-28 08:10:00,11,11,28,8,10,350,238,ROCADE OUEST PR14-7,48.1068,-1.7172,Plein jour,En agglomération,Hors intersection,Normale,Trois véhicules et plus - en chaîne,,,,,,,,,,,1,2,1,1.0,4.0
201100029552,0011-11-29 14:35:00,11,11,29,14,35,350,278,"00, RN 137",,,Plein jour,En agglomération,Hors intersection,Pluie légère,Autre collision,,,,,,,,,,,1,2,1,2.0,6.0
201100029553,0011-11-29 16:45:00,11,11,29,16,45,350,238,L.GRIMAULT/VERN,48.0912,-1.64548,Plein jour,En agglomération,Intersection en X,Normale,Deux véhicules - côté,,,,,,,,,,,1,2,2,1.0,3.0
201100029554,0011-11-29 17:45:00,11,11,29,17,45,350,238,"00, AUDIBERT (GENERAL)",,,Nuit avec éclairage allumé,En agglomération,Intersection en T,Pluie légère,Autre collision,,,,,,,,,,,5,2,3,2.0,6.0
201100029555,0011-11-30 07:30:00,11,11,30,7,30,350,55,"00, PAPILLONS (RUE DES)",,,Nuit avec éclairage allumé,En agglomération,Intersection en X,Normale,Autre collision,,,,,,,,,,,5,2,2,1.0,6.0
201100029556,0011-11-30 14:10:00,11,11,30,14,10,350,238,204 AVENUE G.PATTON,48.127,-1.66514,Plein jour,En agglomération,Hors intersection,Normale,Trois véhicules et plus - en chaîne,,,,,,,,,,,1,2,1,1.0,4.0
201100029557,0011-11-30 19:25:00,11,11,30,19,25,350,238,ROCADE OUEST,48.1056,-1.71692,Nuit sans éclairage public,En agglomération,Hors intersection,Normale,Deux véhicules - arrière,,,,,,,,,,,3,2,1,1.0,2.0
201100029558,0011-12-01 08:00:00,11,12,1,8,0,350,281,"00, DODIN (AVENUE ROGER)",,,Nuit avec éclairage allumé,En agglomération,Hors intersection,Pluie légère,Autre collision,,,,,,,,,,,5,2,1,2.0,6.0
201100029559,0011-12-01 13:19:00,11,12,1,13,19,350,238,25 BD D'ANJOU,48.1212,-1.71347,Plein jour,En agglomération,Hors intersection,Pluie légère,Sans collision,,,,,,,,,,,1,2,1,2.0,7.0
201100029560,0011-12-01 17:30:00,11,12,1,17,30,350,278,"45, RICOQUAIS (BOULEVARD",,,Nuit avec éclairage allumé,En agglomération,Hors intersection,Pluie légère,Autre collision,,,,,,,,,,,5,2,1,2.0,6.0
201100029561,0011-12-01 19:20:00,11,12,1,19,20,350,238,RUE DE SUISSE,48.0865,-1.66539,Nuit avec éclairage allumé,En agglomération,Hors intersection,Pluie forte,Deux véhicules - côté,,,,,,,,,,,5,2,1,3.0,3.0
201100029562,0011-12-02 03:50:00,11,12,2,3,50,350,238,CH?ZY/P.GOURDEL,48.1153,-1.68711,Nuit avec éclairage allumé,En agglomération,Intersection en T,Normale,Autre collision,,,,,,,,,,,5,2,3,1.0,6.0
201100029563,0011-12-02 12:25:00,11,12,2,12,25,350,238,PONT R.SCHUMAN,48.1079,-1.69532,Plein jour,En agglomération,Hors intersection,Normale,Deux véhicules - côté,,,,,,,,,,,1,2,1,1.0,3.0
201100029564,0011-12-04 17:51:00,11,12,4,17,51,350,238,PK C.COMMERCIAL ALMA,48.0819,-1.6781,Nuit avec éclairage non allumé,En agglomération,Hors intersection,Normale,Deux véhicules - côté,,,,,,,,,,,4,2,1,1.0,3.0
201100029565,0011-12-04 19:20:00,11,12,4,19,20,350,238,V.MAREUIL/CHARDONNET,48.1067,-1.6509,Nuit avec éclairage allumé,En agglomération,Intersection en T,Pluie légère,Autre collision,,,,,,,,,,,5,2,3,2.0,6.0
201100029566,0011-12-05 11:55:00,11,12,5,11,55,350,238,19 BD DE LA LIBERT?,48.1074,-1.67892,Plein jour,En agglomération,Hors intersection,Normale,Deux véhicules - arrière,,,,,,,,,,,1,2,1,1.0,2.0
201100029567,0011-12-06 21:15:00,11,12,6,21,15,350,238,1 RUE DU MAL JOFFRE,48.1094,-1.67785,Nuit avec éclairage allumé,En agglomération,Hors intersection,Normale,Autre collision,,,,,,,,,,,5,2,1,1.0,6.0
201100029568,0011-12-06 20:10:00,11,12,6,20,10,350,238,70 BD DE S?VIGN?,48.1162,-1.66537,Nuit avec éclairage allumé,En agglomération,Hors intersection,Normale,Autre collision,,,,,,,,,,,5,2,1,1.0,6.0
201100029569,0011-12-07 13:10:00,11,12,7,13,10,350,281,"00, MARIN (RUE JEAN)",,,Plein jour,En agglomération,Intersection en X,Temps couvert,Deux véhicules - côté,,,,,,,,,,,1,2,2,8.0,3.0
201100029570,0011-12-07 23:15:00,11,12,7,23,15,350,238,19 QUAI LAMARTINE,48.1102,-1.6782,Nuit avec éclairage allumé,En agglomération,Hors intersection,Normale,Autre collision,,,,,,,,,,,5,2,1,1.0,6.0
201100029571,0011-12-08 08:45:00,11,12,8,8,45,350,238,145 RUE DE LORIENT,48.107,-1.7247,Plein jour,En agglomération,Hors intersection,Normale,Deux véhicules - côté,,,,,,,,,,,1,2,1,1.0,3.0
201100029572,0011-12-08 13:05:00,11,12,8,13,5,350,238,L.GUILLOUX/TOURNEMINE,48.1098,-1.69851,Plein jour,En agglomération,Intersection en T,Normale,Trois véhicules et plus - en chaîne,,,,,,,,,,,1,2,3,1.0,4.0
201100029573,0011-12-09 07:40:00,11,12,9,7,40,350,238,"00, JONNES (MOREAU DE)",,,Nuit avec éclairage allumé,En agglomération,Intersection en T,Pluie légère,Deux véhicules - côté,,,,,,,,,,,5,2,3,2.0,3.0
201100029574,0011-12-09 17:30:00,11,12,9,17,30,350,238,RUE L ET R.MOINE,48.0926,-1.6819,Nuit avec éclairage allumé,En agglomération,Hors intersection,Pluie légère,Deux véhicules - côté,,,,,,,,,,,5,2,1,2.0,3.0
201100029575,0011-12-09 18:05:00,11,12,9,18,5,350,238,LA T.A/CHICOGN?,48.1065,-1.6845,Nuit avec éclairage allumé,En agglomération,Intersection à plus de 4 branches,Pluie légère,Autre collision,,,,,,,,,,,5,2,5,2.0,6.0
201100029576,0011-12-09 17:15:00,11,12,9,17,15,350,281,"00, AURIOL (JACQUELINE)",,,Nuit avec éclairage allumé,En agglomération,Intersection en X,Pluie légère,Deux véhicules - côté,,,,,,,,,,,5,2,2,2.0,3.0
201100029577,0011-12-09 18:20:00,11,12,9,18,20,350,238,PARIS/A.BARB?S,48.1128,-1.66357,Nuit avec éclairage allumé,En agglomération,Intersection en T,Pluie légère,Deux véhicules - côté,,,,,,,,,,,5,2,3,2.0,3.0
201100029578,0011-12-10 17:55:00,11,12,10,17,55,350,238,"00, ALMA (DE L')",,,Nuit avec éclairage allumé,En agglomération,Intersection en X,Pluie légère,Deux véhicules - arrière,,,,,,,,,,,5,2,2,2.0,2.0
201100029579,0011-12-12 08:45:00,11,12,12,8,45,350,238,MAGINOT/CH?TEAUDUN,48.1098,-1.66565,Plein jour,En agglomération,Intersection en X,Normale,Autre collision,,,,,,,,,,,1,2,2,1.0,6.0
201100029580,0011-12-12 15:40:00,11,12,12,15,40,350,278,"00, LIBERATION (AVENUE D",,,Plein jour,En agglomération,Passage à niveau,Normale,Deux véhicules - côté,,,,,,,,,,,1,2,8,1.0,3.0
201100029581,0011-12-13 11:08:00,11,12,13,11,8,350,278,"00, MONTGERMONT (ROND PO",,,Plein jour,Hors agglomération,Giratoire,Normale,Deux véhicules - côté,,,,,,,,,,,1,1,6,1.0,3.0
201100029582,0011-12-13 15:30:00,11,12,13,15,30,350,238,22 BD DE LA T.A,48.106,-1.68454,Plein jour,En agglomération,Hors intersection,Normale,Sans collision,,,,,,,,,,,1,2,1,1.0,7.0
201100029583,0011-12-13 17:55:00,11,12,13,17,55,350,238,ST J.B.SALLE/HAMON,48.1152,-1.70279,Nuit avec éclairage allumé,En agglomération,Intersection en T,Normale,Deux véhicules - côté,,,,,,,,,,,5,2,3,1.0,3.0
201100029584,0011-12-13 18:40:00,11,12,13,18,40,350,238,171 RUE DE CH?TEAUGIRON,48.0969,-1.64123,Nuit avec éclairage allumé,En agglomération,Hors intersection,Normale,Trois véhicules et plus - en chaîne,,,,,,,,,,,5,2,1,1.0,4.0
201100029585,0011-12-15 01:10:00,11,12,15,1,10,350,238,PORTE DE MAUREPAS,48.1416,-1.66381,Nuit sans éclairage public,En agglomération,Giratoire,Normale,Autre collision,,,,,,,,,,,3,2,6,1.0,6.0
201100029586,0011-12-15 18:30:00,11,12,15,18,30,350,238,RUE SAINT-H?LIER,48.1054,-1.66575,Nuit avec éclairage allumé,En agglomération,Hors intersection,Pluie légère,Deux véhicules - côté,,,,,,,,,,,5,2,1,2.0,3.0
201100029587,0011-12-15 20:00:00,11,12,15,20,0,350,238,P.AB?LARD/LA T.A,48.1055,-1.68454,Nuit avec éclairage allumé,En agglomération,Intersection en X,Pluie forte,Autre collision,,,,,,,,,,,5,2,2,3.0,6.0
201100029588,0011-12-16 03:21:00,11,12,16,3,21,350,238,52 RUE DE SAINT-MALO,48.1168,-1.68085,Nuit avec éclairage allumé,En agglomération,Hors intersection,Vent fort / tempête,Sans collision,,,,,,,,,,,5,2,1,6.0,7.0
201100029589,0011-12-16 19:01:00,11,12,16,19,1,350,238,21 RUE DU BIGNON,48.0972,-1.6269,Nuit avec éclairage allumé,En agglomération,Hors intersection,Normale,Autre collision,,,,,,,,,,,5,2,1,1.0,6.0
201100029590,0011-12-16 08:45:00,11,12,16,8,45,350,281,"00, MERMOZ (BOULEVARD JE",,,Plein jour,En agglomération,Hors intersection,Pluie légère,Deux véhicules - côté,,,,,,,,,,,1,2,1,2.0,3.0
201100029591,0011-12-16 19:10:00,11,12,16,19,10,350,238,RUE SAINT-H?LIER,48.1029,-1.6617,Nuit avec éclairage allumé,En agglomération,Hors intersection,Pluie légère,Autre collision,,,,,,,,,,,5,2,1,2.0,6.0
201100029592,0011-12-17 07:30:00,11,12,17,7,30,350,238,ALMA/J.CARTIER,48.0974,-1.67515,Nuit avec éclairage allumé,En agglomération,Intersection en X,Pluie légère,Deux véhicules - côté,,,,,,,,,,,5,2,2,2.0,3.0