accident_id,datetime,annee,mois,jour,heure,minute,departement,commune_insee,adresse,latitude,longitude,luminosite,agglomeration,intersection,meteo,collision,nb_vehicules,nb_usagers,nb_indemnes,nb_tues,nb_blesses_hosp,nb_blesses_legers,age_cond_1,age_cond_2,veh_type_cond_1,veh_type_cond_2,lum_code,agg_code,int_code,atm_code,col_code
201100029715,0011-05-02 17:55:00,11,5,2,17,55,360,202,RD 67,46.792,1.6371,Plein jour,Hors agglomération,Hors intersection,Temps éblouissant,Trois véhicules et plus - collisions multiples,,,,,,,,,,,1,1,1,7.0,5.0
201100029716,0011-05-02 18:20:00,11,5,2,18,20,360,63,RD 925,46.8204,1.72615,Plein jour,Hors agglomération,Hors intersection,Normale,Deux véhicules - côté,,,,,,,,,,,1,1,1,1.0,3.0
201100029717,0011-05-03 12:00:00,11,5,3,12,0,360,159,44 RTE DU PETIT EPOT,46.7625,1.70269,Plein jour,En agglomération,Hors intersection,Normale,Sans collision,,,,,,,,,,,1,2,1,1.0,7.0
201100029718,0011-05-04 14:19:00,11,5,4,14,19,360,159,ROUTE DE LA CHENAIE,,,Plein jour,Hors agglomération,Hors intersection,Normale,Sans collision,,,,,,,,,,,1,1,1,1.0,7.0
201100029719,0011-05-09 11:48:00,11,5,9,11,48,360,44,160 MONTAIGNE/RUE LEDOUX,46.795,1.70936,Plein jour,En agglomération,Intersection en T,Normale,Deux véhicules - côté,,,,,,,,,,,1,2,3,1.0,3.0
201100029720,0011-05-09 12:26:00,11,5,9,12,26,360,44,59 BD ST DENIS,46.8177,1.70983,Plein jour,En agglomération,Hors intersection,Normale,Deux véhicules - arrière,,,,,,,,,,,1,2,1,1.0,2.0
201100029721,0011-05-09 18:18:00,11,5,9,18,18,360,159,1 ROUTE DE VARENNES,,,Plein jour,Hors agglomération,Hors intersection,Normale,Deux véhicules - arrière,,,,,,,,,,,1,1,1,1.0,2.0
201100029722,0011-05-10 12:30:00,11,5,10,12,30,360,44,27 BD BLAISE PASCAL,46.7982,1.7115,Plein jour,En agglomération,Hors intersection,Normale,Deux véhicules - arrière,,,,,,,,,,,1,2,1,1.0,2.0
201100029723,0011-05-17 16:25:00,11,5,17,16,25,360,159,ALLEE GENIEVRES,46.7924,1.73392,Plein jour,Hors agglomération,Hors intersection,Normale,Deux véhicules - frontale,,,,,,,,,,,1,1,1,1.0,1.0
201100029724,0011-05-23 10:30:00,11,5,23,10,30,360,44,BD CHARMILLES/LA BOETIE,46.8006,1.7162,Plein jour,En agglomération,Intersection en X,Normale,Deux véhicules - côté,,,,,,,,,,,1,2,2,1.0,3.0
201100029725,0011-05-25 18:09:00,11,5,25,18,9,360,44,,46.7887,1.69672,Plein jour,Hors agglomération,Hors intersection,Normale,Deux véhicules - côté,,,,,,,,,,,1,1,1,1.0,3.0
201100029726,0011-05-26 17:00:00,11,5,26,17,0,360,159,ROUTE DE MONTLUCON,46.7924,1.73531,Plein jour,En agglomération,Hors intersection,Normale,Deux véhicules - côté,,,,,,,,,,,1,2,1,1.0,3.0
201100029727,0011-05-27 11:30:00,11,5,27,11,30,360,63,RP FREESBEE,46.8519,1.70125,Plein jour,En agglomération,Giratoire,Normale,Deux véhicules - arrière,,,,,,,,,,,1,2,6,1.0,2.0
201100029728,0011-06-07 20:20:00,11,6,7,20,20,360,44,265 AV DE VERDUN,46.7961,1.69904,Plein jour,En agglomération,Hors intersection,Normale,Sans collision,,,,,,,,,,,1,2,1,1.0,7.0
201100029729,0011-06-09 10:00:00,11,6,9,10,0,360,44,3 RUE VICTOR HUGO,46.8116,1.69422,Plein jour,En agglomération,Hors intersection,Normale,Autre collision,,,,,,,,,,,1,2,1,1.0,6.0
201100029730,0011-06-14 12:45:00,11,6,14,12,45,360,44,55 RUE MONTAIGNE,46.803,1.70028,Plein jour,En agglomération,Hors intersection,Normale,Deux véhicules - côté,,,,,,,,,,,1,2,1,1.0,3.0
201100029731,0011-06-15 11:56:00,11,6,15,11,56,360,44,RUE MONTAIGNE,46.7985,1.70482,Plein jour,En agglomération,Hors intersection,Normale,Deux véhicules - côté,,,,,,,,,,,1,2,1,1.0,3.0
201100029732,0011-06-17 10:40:00,11,6,17,10,40,360,63,AV BLOIS/CR DE BRELAY,46.8348,1.67744,Plein jour,Hors agglomération,Intersection en T,Normale,Trois véhicules et plus - en chaîne,,,,,,,,,,,1,1,3,1.0,4.0
201100029733,0011-06-20 17:14:00,11,6,20,17,14,360,159,RD 943,46.7924,1.73561,Plein jour,En agglomération,Hors intersection,Normale,Deux véhicules - côté,,,,,,,,,,,1,2,1,1.0,3.0
201100029734,0011-06-21 19:15:00,11,6,21,19,15,360,44,8 FERNAND MAILLAUD,46.8027,1.70916,Plein jour,En agglomération,Hors intersection,Normale,Autre collision,,,,,,,,,,,1,2,1,1.0,6.0
201100029735,0011-06-22 10:30:00,11,6,22,10,30,360,44,BD MARINS/BD LA VRILLE,46.8058,1.68345,Plein jour,En agglomération,Intersection en X,Normale,Deux véhicules - frontale,,,,,,,,,,,1,2,2,1.0,1.0
201100029736,0011-06-30 11:50:00,11,6,30,11,50,360,44,55 EC NORMALE/50 VILLEGO,46.8209,1.67946,Plein jour,En agglomération,Intersection en T,Normale,Deux véhicules - côté,,,,,,,,,,,1,2,3,1.0,3.0
201100029737,0011-07-05 18:05:00,11,7,5,18,5,360,63,65 ROUTE D'ISSOUDUN,46.8276,1.70617,Plein jour,En agglomération,Hors intersection,Normale,Sans collision,,,,,,,,,,,1,2,1,1.0,7.0
201100029738,0011-07-06 05:25:00,11,7,6,5,25,360,44,12 AV DE LATTRE DE TASSI,46.7986,1.71931,Nuit avec éclairage allumé,En agglomération,Hors intersection,Normale,Sans collision,,,,,,,,,,,5,2,1,1.0,7.0
201100029739,0011-07-06 10:00:00,11,7,6,10,0,360,44,12 BL PASCAL/M PROUST,46.7981,1.71127,Plein jour,En agglomération,Intersection en T,Normale,Deux véhicules - frontale,,,,,,,,,,,1,2,3,1.0,1.0
201100029740,0011-07-11 22:50:00,11,7,11,22,50,360,44,RUE EUGENE DELACROIX,46.8032,1.70646,Nuit avec éclairage allumé,En agglomération,Hors intersection,Normale,Deux véhicules - côté,,,,,,,,,,,5,2,1,1.0,3.0
201100029741,0011-07-13 05:54:00,11,7,13,5,54,360,202,AVENUE DE LA FORET,46.7719,1.65671,Nuit sans éclairage public,Hors agglomération,Hors intersection,Temps couvert,Sans collision,,,,,,,,,,,3,1,1,8.0,7.0
201100029742,0011-07-19 13:27:00,11,7,19,13,27,360,202,ROUTE DE GIREUGNE,,,Plein jour,Hors agglomération,Hors intersection,Normale,Sans collision,,,,,,,,,,,1,1,1,1.0,7.0
201100029743,0011-07-26 21:45:00,11,7,26,21,45,360,202,RD 64B,,,Nuit sans éclairage public,Hors agglomération,Hors intersection,Normale,Sans collision,,,,,,,,,,,3,1,1,1.0,7.0
201100029744,0011-08-05 14:54:00,11,8,5,14,54,360,44,BD LA VALLA/RP LA BRENNE,46.808,1.67702,Plein jour,En agglomération,Giratoire,Normale,Deux véhicules - côté,,,,,,,,,,,1,2,6,1.0,3.0
201100029745,0011-08-05 17:55:00,11,8,5,17,55,360,202,,,,Plein jour,Hors agglomération,Hors intersection,Normale,Autre collision,,,,,,,,,,,1,1,1,1.0,6.0
201100029746,0011-08-12 17:11:00,11,8,12,17,11,360,44,RP LAPEYRE AV OCCITANIE,46.7892,1.66013,Plein jour,En agglomération,Hors intersection,Normale,Trois véhicules et plus - collisions multiples,,,,,,,,,,,1,2,1,1.0,5.0
201100029747,0011-08-13 14:50:00,11,8,13,14,50,360,202,66 AVENUE D'OCCITANIE,46.7868,1.6581,Plein jour,En agglomération,Hors intersection,Normale,Deux véhicules - frontale,,,,,,,,,,,1,2,1,1.0,1.0
201100029748,0011-08-18 18:30:00,11,8,18,18,30,360,159,56 AVENUE DE LA FORET,46.7653,1.71775,Plein jour,En agglomération,Hors intersection,Normale,Sans collision,,,,,,,,,,,1,2,1,1.0,7.0
201100029749,0011-08-23 12:50:00,11,8,23,12,50,360,44,28 ROUTE DE GIREUGNE,46.7887,1.67894,Plein jour,En agglomération,Hors intersection,Normale,Autre collision,,,,,,,,,,,1,2,1,1.0,6.0
201100029750,0011-08-25 17:15:00,11,8,25,17,15,360,44,33 PLACE ST CHRISTOPHE,46.8172,1.68406,Plein jour,En agglomération,Hors intersection,Normale,Deux véhicules - côté,,,,,,,,,,,1,2,1,1.0,3.0
201100029751,0011-08-26 10:40:00,11,8,26,10,40,360,159,PRES FORGE DE L'ISLE,46.7852,1.74953,Plein jour,Hors agglomération,Hors intersection,Normale,Deux véhicules - frontale,,,,,,,,,,,1,1,1,1.0,1.0
201100029752,0011-08-26 12:37:00,11,8,26,12,37,360,44,15 RUE MONTABOULIN,46.8134,1.69562,Plein jour,En agglomération,Hors intersection,Pluie légère,Autre collision,,,,,,,,,,,1,2,1,2.0,6.0
201100029753,0011-08-26 12:46:00,11,8,26,12,46,360,44,124 AVENUE DE LA CHATRE,46.8075,1.70737,Plein jour,En agglomération,Hors intersection,Normale,Trois véhicules et plus - collisions multiples,,,,,,,,,,,1,2,1,1.0,5.0
201100029754,0011-08-30 16:15:00,11,8,30,16,15,360,44,AV LA CHATRE/AV TASSIGNY,46.7996,1.72421,Plein jour,En agglomération,Intersection en T,Normale,Deux véhicules - côté,,,,,,,,,,,1,2,3,1.0,3.0
201100029755,0011-09-07 18:13:00,11,9,7,18,13,360,44,AVENUE JOHN KENNEDY,,,Plein jour,En agglomération,Hors intersection,Normale,Deux véhicules - arrière,,,,,,,,,,,1,2,1,1.0,2.0
201100029756,0011-09-08 15:45:00,11,9,8,15,45,360,44,85 RUE DES FONTAINES,46.8167,1.67896,Plein jour,En agglomération,Hors intersection,Normale,Sans collision,,,,,,,,,,,1,2,1,1.0,7.0
201100029757,0011-09-09 10:12:00,11,9,9,10,12,360,44,49 RUE EUGENE DELACROIX,46.8037,1.71004,Plein jour,En agglomération,Hors intersection,Normale,Autre collision,,,,,,,,,,,1,2,1,1.0,6.0
201100029758,0011-09-12 13:50:00,11,9,12,13,50,360,202,81 AVENUE D'OCCITANIE,46.784,1.65565,Plein jour,Hors agglomération,Hors intersection,Temps couvert,Deux véhicules - arrière,,,,,,,,,,,1,1,1,8.0,2.0
201100029759,0011-09-14 12:03:00,11,9,14,12,3,360,44,RG DE L'ISLE/BD MARINS,46.8069,1.68018,Plein jour,En agglomération,Intersection en Y,Normale,Trois véhicules et plus - en chaîne,,,,,,,,,,,1,2,4,1.0,4.0
201100029760,0011-09-15 19:24:00,11,9,15,19,24,360,63,AVENUE G HENNEQUIN,46.8515,1.70385,Plein jour,En agglomération,Hors intersection,Normale,Deux véhicules - côté,,,,,,,,,,,1,2,1,1.0,3.0
201100029761,0011-09-16 09:30:00,11,9,16,9,30,360,44,RP BRANDT/RUE BOURDILLON,46.8093,1.69747,Plein jour,En agglomération,Giratoire,Pluie légère,Sans collision,,,,,,,,,,,1,2,6,2.0,7.0
201100029762,0011-09-17 16:00:00,11,9,17,16,0,360,44,1 BOULEVARD DE LA VRILLE,46.8058,1.68368,Plein jour,En agglomération,Hors intersection,Normale,Deux véhicules - arrière,,,,,,,,,,,1,2,1,1.0,2.0
201100029763,0011-09-18 20:43:00,11,9,18,20,43,360,44,AVENUE D'ARGENTON,46.7958,1.66509,Crépuscule ou aube,En agglomération,Hors intersection,Pluie légère,Sans collision,,,,,,,,,,,2,2,1,2.0,7.0
201100029764,0011-09-23 10:36:00,11,9,23,10,36,360,63,15 ROUTE D'ISSOUDUN,46.8261,1.70243,Plein jour,En agglomération,Hors intersection,Normale,Deux véhicules - côté,,,,,,,,,,,1,2,1,1.0,3.0
201100029765,0011-09-25 16:57:00,11,9,25,16,57,360,159,185 RTE DE LA BRAUDERIE,46.787,1.72498,Plein jour,En agglomération,Hors intersection,Normale,Sans collision,,,,,,,,,,,1,2,1,1.0,7.0
201100029766,0011-10-03 17:30:00,11,10,3,17,30,360,202,RTE DE GIREUGNE/RD 67,46.7663,1.67076,Plein jour,Hors agglomération,Intersection en T,Normale,Deux véhicules - côté,,,,,,,,,,,1,1,3,1.0,3.0
201100029767,0011-10-11 11:10:00,11,10,11,11,10,360,44,ROUTE DE VELLE,46.7863,1.6906,Plein jour,Hors agglomération,Hors intersection,Normale,Autre collision,,,,,,,,,,,1,1,1,1.0,6.0
201100029768,0011-10-13 08:19:00,11,10,13,8,19,360,63,13 AV MAURICE THOREZ,46.8267,1.70897,Plein jour,En agglomération,Hors intersection,Normale,Autre collision,,,,,,,,,,,1,2,1,1.0,6.0
201100029769,0011-10-18 07:49:00,11,10,18,7,49,360,44,230 LA CHATRE/RUE DUNANT,46.8049,1.7129,Plein jour,En agglomération,Intersection en T,Normale,Deux véhicules - côté,,,,,,,,,,,1,2,3,1.0,3.0
201100029770,0011-10-19 16:09:00,11,10,19,16,9,360,44,AV DE VERDUN,,,Plein jour,En agglomération,Hors intersection,Normale,Deux véhicules - arrière,,,,,,,,,,,1,2,1,1.0,2.0
201100029771,0011-10-20 03:00:00,11,10,20,3,0,360,44,AV DE VERDUN/RD 920,46.788,1.70369,Nuit avec éclairage allumé,En agglomération,Intersection en X,Normale,Sans collision,,,,,,,,,,,5,2,2,1.0,7.0
201100029772,0011-11-04 07:54:00,11,11,4,7,54,360,44,RUE CHARDELIEVRE/AMPERE,46.813,1.72028,Crépuscule ou aube,En agglomération,Giratoire,Normale,Deux véhicules - arrière,,,,,,,,,,,2,2,6,1.0,2.0
201100029773,0011-11-04 16:10:00,11,11,4,16,10,360,44,388 AV DE LA CHATRE,46.7983,1.7268,Plein jour,En agglomération,Hors intersection,Normale,Deux véhicules - côté,,,,,,,,,,,1,2,1,1.0,3.0
201100029774,0011-11-17 09:30:00,11,11,17,9,30,360,202,AV DE LA FORET,46.7719,1.65671,Plein jour,Hors agglomération,Hors intersection,Normale,Autre collision,,,,,,,,,,,1,1,1,1.0,6.0
201100029775,0011-11-18 08:00:00,11,11,18,8,0,360,202,203 AV DE TOURS,46.8197,1.67125,Plein jour,En agglomération,Hors intersection,Normale,Trois véhicules et plus - en chaîne,,,,,,,,,,,1,2,1,1.0,4.0
201100029776,0011-11-21 13:17:00,11,11,21,13,17,360,44,BD BRYAS/IMP PINGAUDIERE,46.8104,1.70573,Plein jour,En agglomération,Intersection en X,Normale,Deux véhicules - côté,,,,,,,,,,,1,2,2,1.0,3.0
201100029777,0011-11-24 19:05:00,11,11,24,19,5,360,44,RD920/RTE DE VELLES,46.7887,1.69131,Nuit avec éclairage allumé,En agglomération,Intersection en T,Normale,Deux véhicules - côté,,,,,,,,,,,5,2,3,1.0,3.0
201100029778,0011-12-01 11:45:00,11,12,1,11,45,360,63,RN 151,,,Plein jour,Hors agglomération,Hors intersection,Normale,Deux véhicules - arrière,,,,,,,,,,,1,1,1,1.0,2.0
201100029779,0011-12-01 18:04:00,11,12,1,18,4,360,44,RTE DE VELLES,,,Nuit sans éclairage public,Hors agglomération,Hors intersection,Normale,Sans collision,,,,,,,,,,,3,1,1,1.0,7.0
201100029780,0011-12-03 08:30:00,11,12,3,8,30,360,44,AV DU GAL DE GAULLE,46.8099,1.68796,Crépuscule ou aube,En agglomération,Hors intersection,Temps couvert,Autre collision,,,,,,,,,,,2,2,1,8.0,6.0
201100029781,0011-12-03 15:32:00,11,12,3,15,32,360,44,RTE DE VELLES,,,Plein jour,Hors agglomération,Hors intersection,Pluie légère,Sans collision,,,,,,,,,,,1,1,1,2.0,7.0
201100029782,0011-12-03 17:00:00,11,12,3,17,0,360,44,48 BD BRYAS/IMP PINGAUDI,46.8104,1.70573,Crépuscule ou aube,En agglomération,Intersection en X,Temps couvert,Deux véhicules - côté,,,,,,,,,,,2,2,2,8.0,3.0
201100029783,0011-12-03 20:20:00,11,12,3,20,20,360,159,RD 943,46.7879,1.75247,Nuit sans éclairage public,Hors agglomération,Hors intersection,Temps couvert,Deux véhicules - frontale,,,,,,,,,,,3,1,1,8.0,1.0
201100029784,0011-12-05 08:40:00,11,12,5,8,40,360,44,39 ALBERT CAMUS,46.8001,1.71309,Plein jour,En agglomération,Hors intersection,Normale,Deux véhicules - côté,,,,,,,,,,,1,2,1,1.0,3.0
201100029785,0011-12-06 07:45:00,11,12,6,7,45,360,44,37 BD DE CLUIS,46.8077,1.70303,Crépuscule ou aube,En agglomération,Hors intersection,Normale,Deux véhicules - arrière,,,,,,,,,,,2,2,1,1.0,2.0
201100029786,0011-12-06 17:46:00,11,12,6,17,46,360,44,148 AV DE VERDUN,46.803,1.69585,Crépuscule ou aube,En agglomération,Hors intersection,Normale,Deux véhicules - côté,,,,,,,,,,,2,2,1,1.0,3.0
201100029787,0011-12-08 15:23:00,11,12,8,15,23,360,44,218 STRASBOURG/RUE 3 RAC,46.8186,1.70575,Plein jour,En agglomération,Intersection en Y,Temps couvert,Deux véhicules - frontale,,,,,,,,,,,1,2,4,8.0,1.0
201100029788,0011-12-09 19:30:00,11,12,9,19,30,360,63,41 RTE DE VILLERS,46.8321,1.69661,Nuit avec éclairage allumé,Hors agglomération,Hors intersection,Normale,Sans collision,,,,,,,,,,,5,1,1,1.0,7.0
201100029789,0011-12-11 13:22:00,11,12,11,13,22,360,202,RD 920,,,Plein jour,Hors agglomération,Hors intersection,Temps couvert,Sans collision,,,,,,,,,,,1,1,1,8.0,7.0
201100029790,0011-12-11 14:40:00,11,12,11,14,40,360,202,RD 920,46.7569,1.63222,Plein jour,Hors agglomération,Hors intersection,Temps couvert,Sans collision,,,,,,,,,,,1,1,1,8.0,7.0
201100029791,0011-12-12 10:40:00,11,12,12,10,40,360,44,AV DU PONT NEUF,46.8142,1.68475,Plein jour,Hors agglomération,Hors intersection,Temps couvert,Deux véhicules - arrière,,,,,,,,,,,1,1,1,8.0,2.0
201100029792,0011-12-12 16:45:00,11,12,12,16,45,360,44,RUELA VRILLE/AV AMBULANC,46.8078,1.68365,Plein jour,En agglomération,Intersection en X,Normale,Deux véhicules - côté,,,,,,,,,,,1,2,2,1.0,3.0
201100029793,0011-12-13 12:43:00,11,12,13,12,43,360,159,RTE GRD EPOT/ AL CORBILL,46.8062,1.67194,Plein jour,En agglomération,Intersection en X,Temps couvert,Deux véhicules - côté,,,,,,,,,,,1,2,2,8.0,3.0
201100029794,0011-12-13 18:15:00,11,12,13,18,15,360,44,88 RTE DE CHATELLERAULT,46.8062,1.67194,Nuit sans éclairage public,Hors agglomération,Hors intersection,Temps couvert,Deux véhicules - arrière,,,,,,,,,,,3,1,1,8.0,2.0
201100029795,0011-12-15 08:30:00,11,12,15,8,30,360,44,R ETATS UNI /R COLOMBIER,46.8162,1.70087,Crépuscule ou aube,En agglomération,Intersection en T,Normale,Deux véhicules - côté,,,,,,,,,,,2,2,3,1.0,3.0
201100029796,0011-12-15 13:48:00,11,12,15,13,48,360,44,12 RUE F MAILLAUD,46.8021,1.70872,Plein jour,En agglomération,Hors intersection,Normale,Sans collision,,,,,,,,,,,1,2,1,1.0,7.0
201100029797,0011-12-19 17:46:00,11,12,19,17,46,360,44,10 MICHELET/69 A CAMUS,46.7996,1.71181,Nuit avec éclairage allumé,En agglomération,Intersection en Y,Pluie légère,Deux véhicules - frontale,,,,,,,,,,,5,2,4,2.0,1.0
201100029798,0011-12-21 14:19:00,11,12,21,14,19,360,202,AV D OCCITANIE,46.7885,1.6596,Plein jour,En agglomération,Hors intersection,Pluie légère,Sans collision,,,,,,,,,,,1,2,1,2.0,7.0
201100029799,0011-12-21 17:21:00,11,12,21,17,21,360,44,RD 920,46.7935,1.66444,Nuit avec éclairage allumé,En agglomération,Giratoire,Pluie légère,Deux véhicules - arrière,,,,,,,,,,,5,2,6,2.0,2.0
201100029800,0011-12-28 18:40:00,11,12,28,18,40,360,44,14EME RTA,46.805,1.68819,Nuit avec éclairage allumé,En agglomération,Hors intersection,Temps couvert,Autre collision,,,,,,,,,,,5,2,1,8.0,6.0
201100029801,0011-12-29 15:10:00,11,12,29,15,10,360,44,AV DU PONT NEUF,,,Plein jour,En agglomération,Hors intersection,Normale,Autre collision,,,,,,,,,,,1,2,1,1.0,6.0
201100029802,0011-06-10 08:00:00,11,6,10,8,0,370,261,NATIONALE (RUE),47.3927,0.68762,Plein jour,En agglomération,Hors intersection,Normale,Autre collision,,,,,,,,,,,1,2,1,1.0,6.0
201100029803,0011-01-03 08:00:00,11,1,3,8,0,370,261,RD 37,47.3694,0.65465,Crépuscule ou aube,Hors agglomération,Hors intersection,Normale,Sans collision,,,,,,,,,,,2,1,1,1.0,7.0
201100029804,0011-01-03 09:20:00,11,1,3,9,20,370,261,"., NATIONALE (RUE)",47.3907,0.68859,Plein jour,En agglomération,Intersection en X,Normale,Deux véhicules - côté,,,,,,,,,,,1,2,2,1.0,3.0
201100029805,0011-01-08 19:15:00,11,1,8,19,15,370,261,"., DE GAULLE (AVENUE DU",47.3815,0.70446,Nuit avec éclairage allumé,En agglomération,Intersection en T,Pluie légère,Autre collision,,,,,,,,,,,5,2,3,2.0,6.0
201100029806,0011-01-02 20:40:00,11,1,2,20,40,370,122,"., JAURES (BOULEVARD JEA",47.3488,0.66518,Nuit avec éclairage allumé,En agglomération,Intersection en X,Normale,Deux véhicules - côté,,,,,,,,,,,5,2,2,1.0,3.0
201100029807,0011-01-14 19:05:00,11,1,14,19,5,370,261,"., MAINE (RUE DU)",,,Nuit avec éclairage allumé,En agglomération,Hors intersection,Pluie légère,Autre collision,,,,,,,,,,,5,2,1,2.0,6.0
201100029808,0011-01-14 20:10:00,11,1,14,20,10,370,233,"., JAURES (BOULEVARD JEA",47.395,0.72615,Nuit avec éclairage allumé,En agglomération,Intersection en X,Pluie légère,Autre collision,,,,,,,,,,,5,2,2,2.0,6.0
201100029809,0011-01-19 17:30:00,11,1,19,17,30,370,195,PERIPHERIQUE OUEST,47.3825,0.65058,Plein jour,Hors agglomération,Hors intersection,Normale,Sans collision,,,,,,,,,,,1,1,1,1.0,7.0
201100029810,0011-01-20 13:50:00,11,1,20,13,50,370,261,GIRAUDEAU (RUE),,,Plein jour,En agglomération,Hors intersection,Normale,Autre collision,,,,,,,,,,,1,2,1,1.0,6.0
201100029811,0011-01-02 22:30:00,11,1,2,22,30,370,214,"65, DE GAULLE (BD CHARLE",,,Nuit avec éclairage allumé,En agglomération,Intersection en X,Autre,Deux véhicules - frontale,,,,,,,,,,,5,2,2,9.0,1.0
201100029812,0011-01-21 07:00:00,11,1,21,7,0,370,195,PERIPHERIQUE OUEST,47.383,0.65061,Nuit sans éclairage public,Hors agglomération,Hors intersection,Normale,Sans collision,,,,,,,,,,,3,1,1,1.0,7.0
201100029813,0011-01-21 07:10:00,11,1,21,7,10,370,195,PERIPHERIQUE OUEST,47.3829,0.65064,Nuit sans éclairage public,Hors agglomération,Hors intersection,Temps couvert,Deux véhicules - arrière,,,,,,,,,,,3,1,1,8.0,2.0
201100029814,0011-01-21 09:25:00,11,1,21,9,25,370,233,DUCLOS (AVENUE JACQUES),47.3776,0.71732,Plein jour,Hors agglomération,Hors intersection,Normale,Autre collision,,,,,,,,,,,1,1,1,1.0,6.0
201100029815,0011-01-27 08:10:00,11,1,27,8,10,370,261,"., SAVONNIERES (ROUTE DE",47.376,0.65338,Crépuscule ou aube,Hors agglomération,Hors intersection,Normale,Deux véhicules - côté,,,,,,,,,,,2,1,1,1.0,3.0
201100029816,0011-01-28 11:40:00,11,1,28,11,40,370,261,"., JUIN (BOULEVARD DU MA",,,Plein jour,Hors agglomération,Hors intersection,Normale,Deux véhicules - arrière,,,,,,,,,,,1,1,1,1.0,2.0
201100029817,0011-01-31 19:24:00,11,1,31,19,24,370,122,"., JAURES (BOULEVARD JEA",47.3469,0.6511,Nuit avec éclairage allumé,En agglomération,Intersection en X,Normale,Deux véhicules - côté,,,,,,,,,,,5,2,2,1.0,3.0
201100029818,0011-02-02 05:25:00,11,2,2,5,25,370,261,"., BORDIERS (RUE DES)",47.4154,0.67887,Nuit avec éclairage allumé,En agglomération,Intersection en X,Autre,Autre collision,,,,,,,,,,,5,2,2,9.0,6.0
201100029819,0011-02-03 11:35:00,11,2,3,11,35,370,214,"184, DE GAULLE (BD CHARL",47.4235,0.65768,Plein jour,En agglomération,Intersection en T,Pluie légère,Deux véhicules - côté,,,,,,,,,,,1,2,3,2.0,3.0
201100029820,0011-01-03 09:30:00,11,1,3,9,30,370,261,RENAULT (RUE DU GAL),47.3798,0.67415,Plein jour,En agglomération,Intersection en X,Normale,Deux véhicules - côté,,,,,,,,,,,1,2,2,1.0,3.0
201100029821,0011-01-09 02:00:00,11,1,9,2,0,370,261,ALOUETTE (CARREFOUR DE L,47.3636,0.69952,Nuit avec éclairage allumé,En agglomération,Hors intersection,Pluie forte,Autre collision,,,,,,,,,,,5,2,1,3.0,6.0
201100029822,0011-01-31 21:10:00,11,1,31,21,10,370,122,CAMUS (RUE ALBERT),47.3564,0.69158,Nuit avec éclairage allumé,Hors agglomération,Giratoire,Temps couvert,Deux véhicules - côté,,,,,,,,,,,5,1,6,8.0,3.0
201100029823,0011-02-02 00:55:00,11,2,2,0,55,370,261,SAVONNIERES (ROUTE DE),47.3673,0.65404,Nuit sans éclairage public,Hors agglomération,Hors intersection,Pluie légère,Sans collision,,,,,,,,,,,3,1,1,2.0,7.0
201100029824,0011-02-13 03:05:00,11,2,13,3,5,370,261,9EME DIVISION DE CAVALER,47.3822,0.71209,Nuit avec éclairage allumé,En agglomération,Hors intersection,Normale,Deux véhicules - arrière,,,,,,,,,,,5,2,1,1.0,2.0
201100029825,0011-02-18 22:00:00,11,2,18,22,0,370,261,HUGO (RUE VICTOR),47.3894,0.68288,Nuit avec éclairage allumé,En agglomération,Intersection en X,Temps couvert,Autre collision,,,,,,,,,,,5,2,2,8.0,6.0
201100029826,0011-02-18 00:40:00,11,2,18,0,40,370,122,"04, BORDEAUX (AVENUE DE)",47.355,0.69895,Nuit avec éclairage allumé,En agglomération,Hors intersection,Temps couvert,Deux véhicules - côté,,,,,,,,,,,5,2,1,8.0,3.0
201100029827,0011-02-24 21:35:00,11,2,24,21,35,370,261,"110, VAILLANT (RUE EDOUA",47.3856,0.69986,Nuit avec éclairage allumé,En agglomération,Hors intersection,Temps couvert,Autre collision,,,,,,,,,,,5,2,1,8.0,6.0
201100029828,0011-03-27 03:05:00,11,3,27,3,5,370,261,"24, JERUSALEM (RUE DE)",,,Nuit avec éclairage allumé,En agglomération,Hors intersection,Temps couvert,Sans collision,,,,,,,,,,,5,2,1,8.0,7.0
201100029829,0011-04-02 23:05:00,11,4,2,23,5,370,261,ORIGET (RUE),47.3857,0.6835,Nuit avec éclairage allumé,En agglomération,Intersection en X,Normale,Deux véhicules - côté,,,,,,,,,,,5,2,2,1.0,3.0
201100029830,0011-04-12 01:20:00,11,4,12,1,20,370,122,RD 37 SORTIE NORD,47.3405,0.66453,Nuit sans éclairage public,En agglomération,Hors intersection,Normale,Sans collision,,,,,,,,,,,3,2,1,1.0,7.0
201100029831,0011-04-24 20:50:00,11,4,24,20,50,370,261,"74, GIRAUDEAU (RUE)",47.3849,0.67669,Crépuscule ou aube,En agglomération,Hors intersection,Pluie légère,Sans collision,,,,,,,,,,,2,2,1,2.0,7.0
201100029832,0011-05-01 02:15:00,11,5,1,2,15,370,261,MASSENET (RUE JULES),47.3662,0.70404,Nuit avec éclairage allumé,En agglomération,Hors intersection,Normale,Sans collision,,,,,,,,,,,5,2,1,1.0,7.0
201100029833,0011-05-01 22:10:00,11,5,1,22,10,370,261,ROTONDE (ROND-POINT DE L,47.3811,0.70665,Nuit avec éclairage allumé,En agglomération,Giratoire,Temps couvert,Sans collision,,,,,,,,,,,5,2,6,8.0,7.0
201100029834,0011-05-13 01:50:00,11,5,13,1,50,370,261,86 BORDIERS (RUE DES),47.4159,0.67796,Nuit avec éclairage allumé,En agglomération,Hors intersection,Normale,Autre collision,,,,,,,,,,,5,2,1,1.0,6.0