accident_id,datetime,annee,mois,jour,heure,minute,departement,commune_insee,adresse,latitude,longitude,luminosite,agglomeration,intersection,meteo,collision,nb_vehicules,nb_usagers,nb_indemnes,nb_tues,nb_blesses_hosp,nb_blesses_legers,age_cond_1,age_cond_2,veh_type_cond_1,veh_type_cond_2,lum_code,agg_code,int_code,atm_code,col_code
201100029835,0011-05-23 22:15:00,11,5,23,22,15,370,261,TANNEURS (RUE DES),47.3954,0.67745,Nuit avec éclairage allumé,En agglomération,Giratoire,Normale,Sans collision,,,,,,,,,,,5,2,6,1.0,7.0
201100029836,0011-06-03 23:00:00,11,6,3,23,0,370,261,MALRAUX (QUAI ANDRE),47.3973,0.70364,Nuit avec éclairage allumé,En agglomération,Intersection en T,Normale,Sans collision,,,,,,,,,,,5,2,3,1.0,7.0
201100029837,0011-06-05 22:05:00,11,6,5,22,5,370,261,"100, BOISDENIER (RUE DE)",,,Crépuscule ou aube,En agglomération,Hors intersection,Normale,Autre collision,,,,,,,,,,,2,2,1,1.0,6.0
201100029838,0011-06-12 00:35:00,11,6,12,0,35,370,214,MENARDIERE (RUE DE LA),47.4189,0.66904,Nuit avec éclairage allumé,En agglomération,Hors intersection,Normale,Autre collision,,,,,,,,,,,5,2,1,1.0,6.0
201100029839,0011-06-12 21:35:00,11,6,12,21,35,370,208,CORMERY (RUE DE),47.3407,0.73813,Crépuscule ou aube,En agglomération,Hors intersection,Pluie légère,Sans collision,,,,,,,,,,,2,2,1,2.0,7.0
201100029840,0011-06-13 23:05:00,11,6,13,23,5,370,233,23 FEVRIER 1950 (RUE DU),47.3942,0.75144,Nuit avec éclairage allumé,En agglomération,Intersection en X,Normale,Deux véhicules - côté,,,,,,,,,,,5,2,2,1.0,3.0
201100029841,0011-06-18 22:56:00,11,6,18,22,56,370,261,NATIONALE (RUE),47.3937,0.68721,Nuit avec éclairage allumé,En agglomération,Intersection en X,Normale,Sans collision,,,,,,,,,,,5,2,2,1.0,7.0
201100029842,0011-07-14 23:00:00,11,7,14,23,0,370,261,NAPOLEON (PONT),47.3955,0.67744,Nuit avec éclairage allumé,En agglomération,Hors intersection,Normale,Autre collision,,,,,,,,,,,5,2,1,1.0,6.0
201100029843,0011-07-17 23:15:00,11,7,17,23,15,370,261,"204, BOISDENIER (RUE DE)",47.3845,0.67765,Nuit avec éclairage allumé,En agglomération,Intersection en X,Temps couvert,Sans collision,,,,,,,,,,,5,2,2,8.0,7.0
201100029844,0011-01-03 23:30:00,11,1,3,23,30,370,261,NOBEL (ROND-POINT ALFRED,47.4265,0.70155,Nuit avec éclairage allumé,En agglomération,Giratoire,Normale,Autre collision,,,,,,,,,,,5,2,6,1.0,6.0
201100029845,0011-01-05 07:45:00,11,1,5,7,45,370,233,DUCLOS (AVENUE JACQUES),47.3781,0.71882,Nuit avec éclairage allumé,En agglomération,Giratoire,Normale,Deux véhicules - côté,,,,,,,,,,,5,2,6,1.0,3.0
201100029846,0011-01-04 11:30:00,11,1,4,11,30,370,261,MARCEAU (RUE),47.3918,0.68574,Plein jour,En agglomération,Hors intersection,Normale,Autre collision,,,,,,,,,,,1,2,1,1.0,6.0
201100029847,0011-01-04 16:45:00,11,1,4,16,45,370,261,DELAROCHE (RUE),,,Nuit avec éclairage allumé,En agglomération,Intersection en Y,Normale,Autre collision,,,,,,,,,,,5,2,4,1.0,6.0
201100029848,0011-02-17 13:30:00,11,2,17,13,30,370,233,CACHIN (RUE MARCEL),47.3963,0.72995,Plein jour,En agglomération,Hors intersection,Normale,Sans collision,,,,,,,,,,,1,2,1,1.0,7.0
201100029849,0011-02-17 13:35:00,11,2,17,13,35,370,261,POMPIDOU (AVENUE GEORGES,47.3947,0.70432,Plein jour,En agglomération,Giratoire,Normale,Deux véhicules - côté,,,,,,,,,,,1,2,6,1.0,3.0
201100029850,0011-02-23 17:35:00,11,2,23,17,35,370,261,ALOUETTE (AVENUE),47.3651,0.70146,Plein jour,En agglomération,Hors intersection,Normale,Deux véhicules - côté,,,,,,,,,,,1,2,1,1.0,3.0
201100029851,0011-02-22 20:40:00,11,2,22,20,40,370,261,", CHEVALERIE (RUE DE LA)",,,Nuit avec éclairage allumé,En agglomération,Intersection en X,Normale,Deux véhicules - frontale,,,,,,,,,,,5,2,2,1.0,1.0
201100029852,0011-02-28 13:45:00,11,2,28,13,45,370,261,RD 37,47.3672,0.65558,Plein jour,Hors agglomération,Intersection en X,Normale,Deux véhicules - arrière,,,,,,,,,,,1,1,2,1.0,2.0
201100029853,0011-03-01 17:30:00,11,3,1,17,30,370,122,VERDUN (RUE DE),47.3391,0.66458,Plein jour,En agglomération,Intersection en T,Normale,Autre collision,,,,,,,,,,,1,2,3,1.0,6.0
201100029854,0011-03-08 10:20:00,11,3,8,10,20,370,208,RN 76 - ROUTE DE ST AVER,47.368,0.72239,Plein jour,En agglomération,Intersection en T,Normale,Deux véhicules - arrière,,,,,,,,,,,1,2,3,1.0,2.0
201100029855,0011-03-24 13:50:00,11,3,24,13,50,370,122,COUBERTIN (RUE PIERRE DE,47.3454,0.65697,Plein jour,En agglomération,Hors intersection,Normale,Autre collision,,,,,,,,,,,1,2,1,1.0,6.0
201100029856,0011-03-24 14:00:00,11,3,24,14,0,370,261,TANNEURS (RUE DES),47.3973,0.70369,Plein jour,En agglomération,Hors intersection,Normale,Sans collision,,,,,,,,,,,1,2,1,1.0,7.0
201100029857,0011-03-25 15:20:00,11,3,25,15,20,370,233,CUGNOT (RUE JOSEPH),47.381,0.74165,Plein jour,Hors agglomération,Hors intersection,Normale,Deux véhicules - frontale,,,,,,,,,,,1,1,1,1.0,1.0
201100029858,0011-03-08 08:20:00,11,3,8,8,20,370,261,"27, BERANGER (BOULEVARD)",47.3898,0.68631,Plein jour,En agglomération,Hors intersection,Normale,Sans collision,,,,,,,,,,,1,2,1,1.0,7.0
201100029859,0011-04-06 18:15:00,11,4,6,18,15,370,122,"106, SAINT LEGER (RUE DE",,,Plein jour,En agglomération,Hors intersection,Normale,Autre collision,,,,,,,,,,,1,2,1,1.0,6.0
201100029860,0011-04-05 15:10:00,11,4,5,15,10,370,261,GRAMMONT (AVENUE DE),,,Plein jour,En agglomération,Intersection en X,Normale,Deux véhicules - côté,,,,,,,,,,,1,2,2,1.0,3.0
201100029861,0011-04-08 08:05:00,11,4,8,8,5,370,261,SAVONNIERES (ROUTE DE),47.3673,0.65404,Plein jour,Hors agglomération,Hors intersection,Normale,Deux véhicules - arrière,,,,,,,,,,,1,1,1,1.0,2.0
201100029862,0011-04-12 18:30:00,11,4,12,18,30,370,261,"279, GIRAUDEAU (RUE)",47.3769,0.6775,Plein jour,En agglomération,Hors intersection,Normale,Deux véhicules - frontale,,,,,,,,,,,1,2,1,1.0,1.0
201100029863,0011-04-12 16:55:00,11,4,12,16,55,370,261,CHEVALLIER /ST SAUVEUR,47.3738,0.6785,Plein jour,En agglomération,Giratoire,Normale,Autre collision,,,,,,,,,,,1,2,6,1.0,6.0
201100029864,0011-01-04 10:30:00,11,1,4,10,30,370,261,"24 BIS, HEURTELOUP (BOUL",47.3907,0.6923,Plein jour,En agglomération,Intersection en X,Normale,Deux véhicules - côté,,,,,,,,,,,1,2,2,1.0,3.0
201100029865,0011-01-01 06:00:00,11,1,1,6,0,370,261,GRAMMONT (AVENUE DE),47.3893,0.68902,Crépuscule ou aube,En agglomération,Hors intersection,Normale,Autre collision,,,,,,,,,,,2,2,1,1.0,6.0
201100029866,0011-02-06 16:50:00,11,2,6,16,50,370,261,";, DANIEL MAYER",47.4182,0.67533,Plein jour,En agglomération,Hors intersection,Normale,Autre collision,,,,,,,,,,,1,2,1,1.0,6.0
201100029867,0011-02-07 19:00:00,11,2,7,19,0,370,261,"., HEURTELOUP (BOULEVARD",47.3916,0.69885,Nuit avec éclairage allumé,En agglomération,Hors intersection,Normale,Deux véhicules - arrière,,,,,,,,,,,5,2,1,1.0,2.0
201100029868,0011-02-15 07:55:00,11,2,15,7,55,370,261,"., VIGNON (RUE CLAUDE)",47.391,0.67976,Crépuscule ou aube,En agglomération,Intersection en T,Pluie légère,Deux véhicules - côté,,,,,,,,,,,2,2,3,2.0,3.0
201100029869,0011-02-15 11:35:00,11,2,15,11,35,370,261,GRAMMONT (AVENUE DE),47.3778,0.69371,Plein jour,En agglomération,Intersection en T,Pluie légère,Deux véhicules - côté,,,,,,,,,,,1,2,3,2.0,3.0
201100029870,0011-02-18 15:10:00,11,2,18,15,10,370,261,"., WAGNER (BOULEVARD RIC",47.3741,0.70342,Plein jour,En agglomération,Hors intersection,Normale,Deux véhicules - arrière,,,,,,,,,,,1,2,1,1.0,2.0
201100029871,0011-02-20 06:55:00,11,2,20,6,55,370,261,"., SUEDE (RUE DE)",47.4325,0.68576,Nuit avec éclairage allumé,En agglomération,Hors intersection,Brouillard / fumée,Sans collision,,,,,,,,,,,5,2,1,5.0,7.0
201100029872,0011-02-25 19:45:00,11,2,25,19,45,370,233,POMPIDOU (AVENUE GEORGES,47.3925,0.70635,Nuit avec éclairage allumé,En agglomération,Intersection en T,Normale,Trois véhicules et plus - collisions multiples,,,,,,,,,,,5,2,3,1.0,5.0
201100029873,0011-03-05 09:50:00,11,3,5,9,50,370,261,"., DEVILDE (RUE)",47.4102,0.68964,Plein jour,En agglomération,Intersection en T,Normale,Deux véhicules - côté,,,,,,,,,,,1,2,3,1.0,3.0
201100029874,0011-03-09 17:50:00,11,3,9,17,50,370,122,ADER (RUE CLEMENT),,,Plein jour,En agglomération,Hors intersection,Normale,Sans collision,,,,,,,,,,,1,2,1,1.0,7.0
201100029875,0011-03-10 07:40:00,11,3,10,7,40,370,261,"., GRAMMONT (AVENUE DE)",47.3661,0.69849,Plein jour,En agglomération,Hors intersection,Normale,Deux véhicules - arrière,,,,,,,,,,,1,2,1,1.0,2.0
201100029876,0011-03-11 08:40:00,11,3,11,8,40,370,261,"., HEURTELOUP (BOULEVARD",47.3911,0.69548,Plein jour,En agglomération,Intersection en X,Normale,Deux véhicules - côté,,,,,,,,,,,1,2,2,1.0,3.0
201100029877,0011-03-16 08:25:00,11,3,16,8,25,370,261,GRAMMONT (AVENUE DE),47.3882,0.68943,Plein jour,En agglomération,Intersection en T,Normale,Deux véhicules - côté,,,,,,,,,,,1,2,3,1.0,3.0
201100029878,0011-03-20 17:05:00,11,3,20,17,5,370,261,CLUZEL (RUE DU) DESAIX,47.383,0.67937,Plein jour,En agglomération,Intersection en X,Normale,Deux véhicules - côté,,,,,,,,,,,1,2,2,1.0,3.0
201100029879,0011-03-21 13:05:00,11,3,21,13,5,370,261,"., DE GAULLE (AVENUE DU",47.3743,0.70303,Plein jour,En agglomération,Hors intersection,Normale,Deux véhicules - arrière,,,,,,,,,,,1,2,1,1.0,2.0
201100029880,0011-03-21 16:05:00,11,3,21,16,5,370,261,"., MOZART (AVENUE)",,,Plein jour,Hors agglomération,Intersection en T,Normale,Deux véhicules - côté,,,,,,,,,,,1,1,3,1.0,3.0
201100029881,0011-01-29 12:00:00,11,1,29,12,0,370,261,"193, ENTRAIGUES (RUE D')",47.3864,0.67766,Plein jour,Hors agglomération,Hors intersection,Normale,Autre collision,,,,,,,,,,,1,1,1,1.0,6.0
201100029882,0011-01-03 17:25:00,11,1,3,17,25,370,261,CHAUMIER (RUE DOCTEUR),47.3923,0.66808,Crépuscule ou aube,En agglomération,Hors intersection,Normale,Autre collision,,,,,,,,,,,2,2,1,1.0,6.0
201100029883,0011-02-02 14:25:00,11,2,2,14,25,370,261,SUEDE (RUE DE),47.4354,0.69309,Plein jour,En agglomération,Intersection en X,Normale,Deux véhicules - côté,,,,,,,,,,,1,2,2,1.0,3.0
201100029884,0011-02-04 11:30:00,11,2,4,11,30,370,261,POMPIDOU (AVENUE GEORGES,47.3947,0.70426,Plein jour,En agglomération,Giratoire,Normale,Deux véhicules - côté,,,,,,,,,,,1,2,6,1.0,3.0
201100029885,0011-01-27 14:10:00,11,1,27,14,10,370,261,JUIN (BOULEVARD DU MAREC,47.4137,0.70284,Plein jour,En agglomération,Hors intersection,Normale,Trois véhicules et plus - en chaîne,,,,,,,,,,,1,2,1,1.0,4.0
201100029886,0011-01-11 06:31:00,11,1,11,6,31,370,261,STENDHAL (AVENUE),47.3678,0.70393,Nuit avec éclairage allumé,En agglomération,Hors intersection,Pluie légère,Sans collision,,,,,,,,,,,5,2,1,2.0,7.0
201100029887,0011-02-14 13:55:00,11,2,14,13,55,370,261,"126, HEURTELOUP (BOULEVA",47.3901,0.68822,Plein jour,En agglomération,Hors intersection,Normale,Trois véhicules et plus - collisions multiples,,,,,,,,,,,1,2,1,1.0,5.0
201100029888,0011-03-12 17:27:00,11,3,12,17,27,370,261,CARNOT (RUE),,,Plein jour,En agglomération,Intersection en Y,Pluie légère,Sans collision,,,,,,,,,,,1,2,4,2.0,7.0
201100029889,0011-02-23 07:20:00,11,2,23,7,20,370,261,", RENAULT (RUE DU GAL)",47.3797,0.67141,Nuit avec éclairage allumé,En agglomération,Intersection en T,Normale,Deux véhicules - côté,,,,,,,,,,,5,2,3,1.0,3.0
201100029890,0011-02-21 18:40:00,11,2,21,18,40,370,261,"8, GRAMMONT (AVENUE DE)",47.3902,0.6886,Nuit avec éclairage allumé,En agglomération,Intersection en X,Normale,Deux véhicules - arrière,,,,,,,,,,,5,2,2,1.0,2.0
201100029891,0011-03-05 17:45:00,11,3,5,17,45,370,261,JUIN (BOULEVARD DU MAREC,,,Plein jour,En agglomération,Hors intersection,Normale,Deux véhicules - arrière,,,,,,,,,,,1,2,1,1.0,2.0
201100029892,0011-03-11 16:10:00,11,3,11,16,10,370,261,FRANCE (PLACE ANATOLE),47.3966,0.6861,Plein jour,En agglomération,Hors intersection,Normale,Autre collision,,,,,,,,,,,1,2,1,1.0,6.0
201100029893,0011-03-16 19:42:00,11,3,16,19,42,370,261,DANEMARK (AVENUE DU),47.4318,0.69742,Nuit avec éclairage allumé,En agglomération,Hors intersection,Normale,Deux véhicules - côté,,,,,,,,,,,5,2,1,1.0,3.0
201100029894,0011-03-18 05:15:00,11,3,18,5,15,370,261,"13, WAGNER (BOULEVARD RI",47.3739,0.69761,Nuit avec éclairage allumé,En agglomération,Hors intersection,Normale,Deux véhicules - frontale,,,,,,,,,,,5,2,1,1.0,1.0
201100029895,0011-03-24 08:37:00,11,3,24,8,37,370,261,ROTONDE (ROND-POINT DE L,,,Plein jour,En agglomération,Giratoire,Normale,Deux véhicules - côté,,,,,,,,,,,1,2,6,1.0,3.0
201100029896,0011-03-25 12:15:00,11,3,25,12,15,370,261,"01, HEURTELOUP (BOULEVAR",47.3902,0.6886,Plein jour,En agglomération,Hors intersection,Normale,Autre collision,,,,,,,,,,,1,2,1,1.0,6.0
201100029897,0011-03-07 10:15:00,11,3,7,10,15,370,261,FRANCE (PLACE ANATOLE),47.3967,0.68585,Plein jour,En agglomération,Hors intersection,Normale,Deux véhicules - côté,,,,,,,,,,,1,2,1,1.0,3.0
201100029898,0011-03-07 12:15:00,11,3,7,12,15,370,261,SANITAS (PONT DU),47.3783,0.70137,Plein jour,En agglomération,Hors intersection,Normale,Trois véhicules et plus - en chaîne,,,,,,,,,,,1,2,1,1.0,4.0
201100029899,0011-03-29 13:23:00,11,3,29,13,23,370,214,CEDRES (AVENUE DES),47.4052,0.67729,Plein jour,En agglomération,Hors intersection,Pluie légère,Sans collision,,,,,,,,,,,1,2,1,2.0,7.0
201100029900,0011-04-04 18:00:00,11,4,4,18,0,370,261,"168 BIS, MAGINOT (AV. AN",47.4207,0.6947,Plein jour,En agglomération,Hors intersection,Normale,Autre collision,,,,,,,,,,,1,2,1,1.0,6.0
201100029901,0011-04-16 14:15:00,11,4,16,14,15,370,233,DUCLOS (AVENUE JACQUES),47.3776,0.71666,Plein jour,En agglomération,Intersection en T,Normale,Deux véhicules - côté,,,,,,,,,,,1,2,3,1.0,3.0
201100029902,0011-04-16 17:40:00,11,4,16,17,40,370,214,REPUBLIQUE (AVENUE DE LA,47.4035,0.66539,Plein jour,En agglomération,Intersection en X,Normale,Deux véhicules - côté,,,,,,,,,,,1,2,2,1.0,3.0
201100029903,0011-04-18 07:25:00,11,4,18,7,25,370,261,JUIN (BOULEVARD DU MAREC,47.4199,0.7166,Crépuscule ou aube,En agglomération,Hors intersection,Normale,Deux véhicules - arrière,,,,,,,,,,,2,2,1,1.0,2.0
201100029904,0011-01-07 10:26:00,11,1,7,10,26,370,261,VAILLANT (RUE EDOUARD),47.3832,0.70262,Plein jour,En agglomération,Hors intersection,Pluie légère,Autre collision,,,,,,,,,,,1,2,1,2.0,6.0
201100029905,0011-03-10 09:35:00,11,3,10,9,35,370,261,BERANGER (BOULEVARD),47.39,0.68784,Plein jour,En agglomération,Hors intersection,Normale,Autre collision,,,,,,,,,,,1,2,1,1.0,6.0
201100029906,0011-02-09 13:08:00,11,2,9,13,8,370,261,EUROPE (AVENUE DE L'),,,Plein jour,En agglomération,Intersection en X,Normale,Deux véhicules - côté,,,,,,,,,,,1,2,2,1.0,3.0
201100029907,0011-03-23 07:55:00,11,3,23,7,55,370,122,"., VAUX (ROUTE DES)",47.3414,0.62755,Plein jour,Hors agglomération,Intersection en Y,Normale,Deux véhicules - côté,,,,,,,,,,,1,1,4,1.0,3.0
201100029908,0011-03-29 16:40:00,11,3,29,16,40,370,122,"., AUVERGNE (RUE D')",47.3612,0.65012,Plein jour,En agglomération,Hors intersection,Normale,Sans collision,,,,,,,,,,,1,2,1,1.0,7.0
201100029909,0011-03-27 14:10:00,11,3,27,14,10,370,261,HOSPITALITE (RUE DE L'),47.3896,0.66848,Plein jour,Hors agglomération,Hors intersection,Pluie légère,Deux véhicules - côté,,,,,,,,,,,1,1,1,2.0,3.0
201100029910,0011-03-27 15:20:00,11,3,27,15,20,370,261,"., CROIX PASQUIER (RUE)",47.4115,0.68973,Plein jour,En agglomération,Intersection en X,Pluie légère,Deux véhicules - côté,,,,,,,,,,,1,2,2,2.0,3.0
201100029911,0011-03-27 16:30:00,11,3,27,16,30,370,261,"., HOCHE (RUE)",47.38,0.68584,Plein jour,En agglomération,Hors intersection,Pluie légère,Deux véhicules - arrière,,,,,,,,,,,1,2,1,2.0,2.0
201100029912,0011-03-28 08:55:00,11,3,28,8,55,370,122,ESPACE MALRAUX,47.352,0.64576,Plein jour,Hors agglomération,Hors intersection,Pluie légère,Autre collision,,,,,,,,,,,1,1,1,2.0,6.0
201100029913,0011-03-28 11:25:00,11,3,28,11,25,370,261,"., HEURTELOUP (BOULEVARD",47.3902,0.6886,Plein jour,En agglomération,Intersection en X,Pluie légère,Deux véhicules - côté,,,,,,,,,,,1,2,2,2.0,3.0
201100029914,0011-03-29 08:00:00,11,3,29,8,0,370,261,"., MOINEAUX (RUE JULES)",,,Plein jour,En agglomération,Intersection en T,Normale,Deux véhicules - côté,,,,,,,,,,,1,2,3,1.0,3.0
201100029915,0011-03-29 09:10:00,11,3,29,9,10,370,261,"., DE GAULLE (AVENUE DU",47.381,0.70652,Plein jour,En agglomération,Intersection en T,Normale,Deux véhicules - côté,,,,,,,,,,,1,2,3,1.0,3.0
201100029916,0011-04-08 13:50:00,11,4,8,13,50,370,122,"., JAURES (BOULEVARD JEA",47.3472,0.65268,Plein jour,En agglomération,Hors intersection,Normale,Autre collision,,,,,,,,,,,1,2,1,1.0,6.0
201100029917,0011-04-08 17:15:00,11,4,8,17,15,370,261,"., VICTOIRE (RUE DE LA)",47.394,0.67826,Plein jour,En agglomération,Hors intersection,Normale,Deux véhicules - côté,,,,,,,,,,,1,2,1,1.0,3.0
201100029918,0011-04-13 18:25:00,11,4,13,18,25,370,261,"., MALRAUX (QUAI ANDRE)",47.3974,0.69542,Plein jour,En agglomération,Hors intersection,Normale,Deux véhicules - côté,,,,,,,,,,,1,2,1,1.0,3.0
201100029919,0011-04-14 16:35:00,11,4,14,16,35,370,233,"., DUCLOS (AVENUE JACQUE",47.3798,0.72669,Plein jour,En agglomération,Intersection en X,Normale,Deux véhicules - côté,,,,,,,,,,,1,2,2,1.0,3.0
201100029920,0011-04-16 11:50:00,11,4,16,11,50,370,261,"., LAKANAL (RUE)",47.3845,0.68111,Plein jour,En agglomération,Intersection en X,Normale,Deux véhicules - côté,,,,,,,,,,,1,2,2,1.0,3.0
201100029921,0011-04-21 05:35:00,11,4,21,5,35,370,261,"., BOISDENIER (RUE DE)",47.3838,0.67206,Nuit avec éclairage allumé,En agglomération,Intersection en X,Normale,Deux véhicules - côté,,,,,,,,,,,5,2,2,1.0,3.0
201100029922,0011-04-22 08:15:00,11,4,22,8,15,370,261,"., SAINT SAUVEUR (PONT)",47.3715,0.67755,Plein jour,Hors agglomération,Intersection en T,Normale,Autre collision,,,,,,,,,,,1,1,3,1.0,6.0
201100029923,0011-04-22 12:00:00,11,4,22,12,0,370,261,", RENAULT (RUE DU GAL)",47.3798,0.66936,Plein jour,En agglomération,Hors intersection,Normale,Deux véhicules - côté,,,,,,,,,,,1,2,1,1.0,3.0
201100029924,0011-04-27 09:55:00,11,4,27,9,55,370,214,"., TRANCHEE (AVENUE DE L",47.4075,0.68167,Plein jour,En agglomération,Intersection en X,Normale,Deux véhicules - côté,,,,,,,,,,,1,2,2,1.0,3.0
201100029925,0011-04-28 11:55:00,11,4,28,11,55,370,195,"., GEVRIOUX (CHEMIN DE)",47.3838,0.62433,Plein jour,Hors agglomération,Hors intersection,Normale,Deux véhicules - frontale,,,,,,,,,,,1,1,1,1.0,1.0
201100029926,0011-05-03 09:00:00,11,5,3,9,0,370,261,PORTALIS (AVENUE JEAN,,,Plein jour,En agglomération,Intersection en T,Normale,Autre collision,,,,,,,,,,,1,2,3,1.0,6.0
201100029927,0011-05-03 09:45:00,11,5,3,9,45,370,261,"., SEBASTOPOL (RUE)",47.3876,0.68369,Plein jour,En agglomération,Intersection en X,Normale,Deux véhicules - côté,,,,,,,,,,,1,2,2,1.0,3.0
201100029928,0011-01-07 12:40:00,11,1,7,12,40,370,208,CORMERY (RUE DE),47.3663,0.73323,Plein jour,En agglomération,Hors intersection,Pluie légère,Sans collision,,,,,,,,,,,1,2,1,2.0,7.0
201100029929,0011-03-17 11:08:00,11,3,17,11,8,370,261,MIRABEAU (PONT),47.3993,0.70009,Plein jour,En agglomération,Hors intersection,Normale,Sans collision,,,,,,,,,,,1,2,1,1.0,7.0
201100029930,0011-01-19 08:05:00,11,1,19,8,5,370,261,HEURTELOUP (BOULEVARD),47.391,0.69356,Crépuscule ou aube,En agglomération,Intersection en X,Normale,Deux véhicules - côté,,,,,,,,,,,2,2,2,1.0,3.0
201100029931,0011-01-19 07:40:00,11,1,19,7,40,370,261,GIRAUDEAU (RUE),47.3844,0.67663,Crépuscule ou aube,En agglomération,Intersection en X,Normale,Deux véhicules - côté,,,,,,,,,,,2,2,2,1.0,3.0
201100029932,0011-01-10 07:30:00,11,1,10,7,30,370,122,"21, CHENONCEAUX (RUE DE)",47.3493,0.67729,Nuit avec éclairage allumé,En agglomération,Hors intersection,Normale,Autre collision,,,,,,,,,,,5,2,1,1.0,6.0
201100029933,0011-01-22 12:30:00,11,1,22,12,30,370,261,SEVERINE (RUE),47.3757,0.7026,Plein jour,En agglomération,Intersection en X,Normale,Autre collision,,,,,,,,,,,1,2,2,1.0,6.0
201100029934,0011-01-25 16:15:00,11,1,25,16,15,370,122,ROUTE DE NARBONNE,,,Plein jour,Hors agglomération,Giratoire,Normale,Autre collision,,,,,,,,,,,1,1,6,1.0,6.0
201100029935,0011-01-27 08:45:00,11,1,27,8,45,370,261,BORDIERS (RUE DES),47.4305,0.67296,Plein jour,En agglomération,Giratoire,Normale,Autre collision,,,,,,,,,,,1,2,6,1.0,6.0
201100029936,0011-04-29 13:20:00,11,4,29,13,20,370,261,CHURCHILL (BOULEVARD WIN,47.3743,0.70455,Plein jour,En agglomération,Hors intersection,Normale,Sans collision,,,,,,,,,,,1,2,1,1.0,7.0
201100029937,0011-04-23 14:50:00,11,4,23,14,50,370,261,BERANGER (BOULEVARD),47.39,0.68771,Plein jour,En agglomération,Hors intersection,Normale,Deux véhicules - arrière,,,,,,,,,,,1,2,1,1.0,2.0
201100029938,0011-05-11 19:20:00,11,5,11,19,20,370,214,"288, DE GAULLE (BD CHARL",47.4201,0.66192,Plein jour,En agglomération,Hors intersection,Normale,Deux véhicules - arrière,,,,,,,,,,,1,2,1,1.0,2.0
201100029939,0011-05-12 16:30:00,11,5,12,16,30,370,261,"279, GIRAUDEAU (RUE)",47.3782,0.67735,Plein jour,En agglomération,Hors intersection,Normale,Deux véhicules - côté,,,,,,,,,,,1,2,1,1.0,3.0
201100029940,0011-05-24 15:45:00,11,5,24,15,45,370,261,SEVIGNE (AVENUE DE),47.3596,0.69747,Plein jour,En agglomération,Intersection en X,Normale,Deux véhicules - côté,,,,,,,,,,,1,2,2,1.0,3.0
201100029941,0011-05-17 18:20:00,11,5,17,18,20,370,214,TONNELE (RUE),47.4007,0.67691,Plein jour,En agglomération,Hors intersection,Normale,Deux véhicules - arrière,,,,,,,,,,,1,2,1,1.0,2.0
201100029942,0011-05-25 09:15:00,11,5,25,9,15,370,261,HOSPITALITE (RUE DE L'),47.388,0.67161,Plein jour,En agglomération,Intersection en X,Normale,Deux véhicules - côté,,,,,,,,,,,1,2,2,1.0,3.0
201100029943,0011-06-04 16:20:00,11,6,4,16,20,370,261,"5, ROUGE (RUE JACQUES-MA",47.3834,0.69648,Plein jour,En agglomération,Hors intersection,Normale,Autre collision,,,,,,,,,,,1,2,1,1.0,6.0
201100029944,0011-06-07 08:15:00,11,6,7,8,15,370,261,GRAMMONT (AVENUE DE),47.3901,0.68861,Plein jour,En agglomération,Intersection en X,Normale,Autre collision,,,,,,,,,,,1,2,2,1.0,6.0
201100029945,0011-06-10 18:05:00,11,6,10,18,5,370,122,DOUZILLIERE (RUE DE LA),47.343,0.65493,Plein jour,En agglomération,Intersection en T,Normale,Deux véhicules - arrière,,,,,,,,,,,1,2,3,1.0,2.0
201100029946,0011-06-17 16:00:00,11,6,17,16,0,370,261,"226, FEBVOTTE (RUE)",47.3758,0.68061,Plein jour,En agglomération,Hors intersection,Normale,Deux véhicules - arrière,,,,,,,,,,,1,2,1,1.0,2.0
201100029947,0011-06-22 14:10:00,11,6,22,14,10,370,261,"26, GRAMMONT (AVENUE DE)",47.3862,0.69065,Plein jour,En agglomération,Hors intersection,Normale,Deux véhicules - arrière,,,,,,,,,,,1,2,1,1.0,2.0
201100029948,0011-06-18 11:55:00,11,6,18,11,55,370,261,"29, CLOCHEVILLE (RUE DE)",47.3903,0.6822,Plein jour,En agglomération,Hors intersection,Normale,Autre collision,,,,,,,,,,,1,2,1,1.0,6.0
201100029949,0011-06-17 17:45:00,11,6,17,17,45,370,261,VELPEAU (PLACE),47.3868,0.70328,Plein jour,En agglomération,Intersection en X,Normale,Deux véhicules - côté,,,,,,,,,,,1,2,2,1.0,3.0
201100029950,0011-06-29 13:50:00,11,6,29,13,50,370,261,ENTRAIGUES (RUE D'),47.3882,0.68751,Plein jour,En agglomération,Intersection en X,Normale,Deux véhicules - arrière,,,,,,,,,,,1,2,2,1.0,2.0
201100029951,0011-06-29 15:40:00,11,6,29,15,40,370,122,LAC (AVENUE DU),47.352,0.63871,Plein jour,En agglomération,Hors intersection,Normale,Deux véhicules - côté,,,,,,,,,,,1,2,1,1.0,3.0
201100029952,0011-07-04 20:10:00,11,7,4,20,10,370,195,PETIT PLESSIS (RUE DU),47.3815,0.65179,Plein jour,En agglomération,Hors intersection,Normale,Deux véhicules - arrière,,,,,,,,,,,1,2,1,1.0,2.0
201100029953,0011-07-17 19:25:00,11,7,17,19,25,370,50,RD 37 SORTIE NORD,47.3312,0.68082,Plein jour,En agglomération,Hors intersection,Pluie légère,Sans collision,,,,,,,,,,,1,2,1,2.0,7.0
201100029954,0011-02-14 06:00:00,11,2,14,6,0,370,122,ROTIERE (RUE DE LA),47.347,0.66211,Crépuscule ou aube,En agglomération,Hors intersection,Normale,Sans collision,,,,,,,,,,,2,2,1,1.0,7.0
201100029955,0011-02-14 14:47:00,11,2,14,14,47,370,261,ARCOLE (PONT D'),47.373,0.71607,Plein jour,En agglomération,Hors intersection,Normale,Sans collision,,,,,,,,,,,1,2,1,1.0,7.0