accident_id,datetime,annee,mois,jour,heure,minute,departement,commune_insee,adresse,latitude,longitude,luminosite,agglomeration,intersection,meteo,collision,nb_vehicules,nb_usagers,nb_indemnes,nb_tues,nb_blesses_hosp,nb_blesses_legers,age_cond_1,age_cond_2,veh_type_cond_1,veh_type_cond_2,lum_code,agg_code,int_code,atm_code,col_code
201100030196,0011-11-23 15:52:00,11,11,23,15,52,370,261,COLOMBIER (RUE),47.4121,0.70033,Plein jour,En agglomération,Giratoire,Normale,Sans collision,,,,,,,,,,,1,2,6,1.0,7.0
201100030197,0011-11-24 18:58:00,11,11,24,18,58,370,261,TONNELLE (BOULEVARD),47.3815,0.66817,Nuit avec éclairage non allumé,En agglomération,Intersection en T,Normale,Deux véhicules - arrière,,,,,,,,,,,4,2,3,1.0,2.0
201100030198,0011-11-08 08:45:00,11,11,8,8,45,370,261,JACQUEMIN (RUE JEAN BERN,47.3837,0.70197,Crépuscule ou aube,En agglomération,Hors intersection,Pluie légère,Autre collision,,,,,,,,,,,2,2,1,2.0,6.0
201100030199,0011-11-29 20:14:00,11,11,29,20,14,370,214,VOISIN (BD ANDRE),47.4304,0.66569,Nuit avec éclairage allumé,En agglomération,Intersection en X,Normale,Deux véhicules - arrière,,,,,,,,,,,5,2,2,1.0,2.0
201100030200,0011-12-14 12:25:00,11,12,14,12,25,370,122,MARTYRS (RUE DES),47.3508,0.66284,Plein jour,En agglomération,Intersection en T,Pluie forte,Deux véhicules - côté,,,,,,,,,,,1,2,3,3.0,3.0
201100030201,0011-12-14 11:23:00,11,12,14,11,23,370,214,CAULAINCOURT (RUE),47.4194,0.67618,Plein jour,En agglomération,Intersection en X,Normale,Deux véhicules - côté,,,,,,,,,,,1,2,2,1.0,3.0
201100030202,0011-12-14 08:20:00,11,12,14,8,20,370,214,MAINE (RUE DU),47.422,0.67931,Plein jour,En agglomération,Intersection en X,Normale,Deux véhicules - côté,,,,,,,,,,,1,2,2,1.0,3.0
201100030203,0011-12-17 15:26:00,11,12,17,15,26,370,122,CHINON (BOULEVARD DE),47.3499,0.67562,Plein jour,En agglomération,Hors intersection,Normale,Sans collision,,,,,,,,,,,1,2,1,1.0,7.0
201100030204,0011-12-13 09:00:00,11,12,13,9,0,370,214,PORTILLON (QUAI),47.4006,0.68127,Plein jour,En agglomération,Hors intersection,Pluie forte,Deux véhicules - arrière,,,,,,,,,,,1,2,1,3.0,2.0
201100030205,0011-01-06 17:50:00,11,1,6,17,50,370,122,BONDONNIERE (RUE DE),47.3568,0.69644,Crépuscule ou aube,En agglomération,Intersection en T,Normale,Deux véhicules - côté,,,,,,,,,,,2,2,3,1.0,3.0
201100030206,0011-01-07 08:20:00,11,1,7,8,20,370,261,DASSAULT (AVENUE MARCEL),47.3641,0.6841,Plein jour,En agglomération,Giratoire,Temps couvert,Sans collision,,,,,,,,,,,1,2,6,8.0,7.0
201100030207,0011-01-07 09:30:00,11,1,7,9,30,370,195,LOUIS XI (RUE),47.376,0.65376,Plein jour,En agglomération,Hors intersection,Pluie légère,Deux véhicules - arrière,,,,,,,,,,,1,2,1,2.0,2.0
201100030208,0011-01-18 17:30:00,11,1,18,17,30,370,233,LABOURDE (RUE JEANNE),47.3955,0.74166,Crépuscule ou aube,En agglomération,Hors intersection,Normale,Deux véhicules - côté,,,,,,,,,,,2,2,1,1.0,3.0
201100030209,0011-01-17 14:39:00,11,1,17,14,39,370,261,EIFFEL (AVENUE GUSTAVE),47.4332,0.69776,Plein jour,En agglomération,Intersection en X,Normale,Deux véhicules - côté,,,,,,,,,,,1,2,2,1.0,3.0
201100030210,0011-01-18 18:05:00,11,1,18,18,5,370,214,MAILLOUX (RUE DU LIEUTEN,47.4077,0.6706,Nuit avec éclairage allumé,En agglomération,Giratoire,Normale,Deux véhicules - arrière,,,,,,,,,,,5,2,6,1.0,2.0
201100030211,0011-01-19 09:05:00,11,1,19,9,5,370,261,"05, BAUGE (RUE MICHEL)",47.3804,0.66807,Plein jour,En agglomération,Hors intersection,Normale,Autre collision,,,,,,,,,,,1,2,1,1.0,6.0
201100030212,0011-01-25 08:15:00,11,1,25,8,15,370,261,SAVONNIERES (ROUTE DE),47.3674,0.65276,Plein jour,Hors agglomération,Hors intersection,Normale,Trois véhicules et plus - collisions multiples,,,,,,,,,,,1,1,1,1.0,5.0
201100030213,0011-01-26 07:15:00,11,1,26,7,15,370,122,HUGO (AVENUE VICTOR),47.3509,0.66509,Plein jour,En agglomération,Intersection en T,Pluie légère,Deux véhicules - côté,,,,,,,,,,,1,2,3,2.0,3.0
201100030214,0011-02-07 12:00:00,11,2,7,12,0,370,261,", CHOISEUL (PLACE)",47.4012,0.68434,Plein jour,En agglomération,Hors intersection,Normale,Sans collision,,,,,,,,,,,1,2,1,1.0,7.0
201100030215,0011-02-17 18:20:00,11,2,17,18,20,370,122,BORDEAUX (AVENUE DE),47.3555,0.69882,Plein jour,En agglomération,Intersection en X,Normale,Deux véhicules - arrière,,,,,,,,,,,1,2,2,1.0,2.0
201100030216,0011-02-16 14:50:00,11,2,16,14,50,370,233,LABOURDE (RUE JEANNE),47.3908,0.74247,Plein jour,En agglomération,Intersection en T,Normale,Sans collision,,,,,,,,,,,1,2,3,1.0,7.0
201100030217,0011-03-09 12:30:00,11,3,9,12,30,370,261,CHOISEUL (PLACE),47.4014,0.68416,Plein jour,En agglomération,Hors intersection,Normale,Autre collision,,,,,,,,,,,1,2,1,1.0,6.0
201100030218,0011-01-08 19:55:00,11,1,8,19,55,370,261,VERDUN (CARREFOUR DE),47.3739,0.69524,Crépuscule ou aube,En agglomération,Autre intersection,Normale,Deux véhicules - côté,,,,,,,,,,,2,2,9,1.0,3.0
201100030219,0011-10-14 12:17:00,11,10,14,12,17,370,261,MAGINOT (AV. ANDRE),47.4268,0.70167,Plein jour,En agglomération,Giratoire,Normale,Autre collision,,,,,,,,,,,1,2,6,1.0,6.0
201100030220,0011-10-13 14:35:00,11,10,13,14,35,370,214,DELAROCHE (RUE),47.4253,0.6769,Plein jour,En agglomération,Intersection en X,Normale,Autre collision,,,,,,,,,,,1,2,2,1.0,6.0
201100030221,0011-10-10 18:00:00,11,10,10,18,0,370,233,MARMOUTIER (QUAI DE),47.4023,0.71253,Crépuscule ou aube,En agglomération,Hors intersection,Normale,Deux véhicules - arrière,,,,,,,,,,,2,2,1,1.0,2.0
201100030222,0011-10-07 07:45:00,11,10,7,7,45,370,233,CACHIN (RUE MARCEL),47.3969,0.73975,Crépuscule ou aube,En agglomération,Hors intersection,Normale,Deux véhicules - côté,,,,,,,,,,,2,2,1,1.0,3.0
201100030223,0011-10-07 17:40:00,11,10,7,17,40,370,261,VAILLANT (RUE EDOUARD),47.3859,0.69935,Crépuscule ou aube,En agglomération,Hors intersection,Normale,Autre collision,,,,,,,,,,,2,2,1,1.0,6.0
201100030224,0011-10-01 18:16:00,11,10,1,18,16,370,261,PASCAL (RUE BLAISE),47.387,0.69407,Crépuscule ou aube,En agglomération,Hors intersection,Normale,Autre collision,,,,,,,,,,,2,2,1,1.0,6.0
201100030225,0011-10-02 08:18:00,11,10,2,8,18,370,208,POMPIDOU (AVENUE GEORGES,47.3781,0.71559,Crépuscule ou aube,En agglomération,Giratoire,Normale,Sans collision,,,,,,,,,,,2,2,6,1.0,7.0
201100030226,0011-10-03 11:41:00,11,10,3,11,41,370,122,CHANTEPIE (RUE DE),47.3486,0.65433,Plein jour,En agglomération,Hors intersection,Normale,Deux véhicules - arrière,,,,,,,,,,,1,2,1,1.0,2.0
201100030227,0011-10-24 14:03:00,11,10,24,14,3,370,261,GANCE (BOULEVARD ABEL),47.4091,0.72047,Plein jour,En agglomération,Giratoire,Normale,Trois véhicules et plus - en chaîne,,,,,,,,,,,1,2,6,1.0,4.0
201100030228,0011-10-26 12:29:00,11,10,26,12,29,370,233,FRANCAIS LIBRES (CARREFO,47.3973,0.70364,Plein jour,En agglomération,Giratoire,Normale,Deux véhicules - arrière,,,,,,,,,,,1,2,6,1.0,2.0
201100030229,0011-10-18 17:45:00,11,10,18,17,45,370,261,SANITAS (RUE DU),47.3779,0.69652,Crépuscule ou aube,En agglomération,Hors intersection,Normale,Autre collision,,,,,,,,,,,2,2,1,1.0,6.0
201100030230,0011-12-24 16:57:00,11,12,24,16,57,370,214,"215, DE GAULLE (BD CHARL",47.4201,0.66192,Plein jour,En agglomération,Autre intersection,Normale,Sans collision,,,,,,,,,,,1,2,9,1.0,7.0
201100030231,0011-12-08 09:14:00,11,12,8,9,14,370,233,MIRABEAU (PONT),47.403,0.70231,Crépuscule ou aube,En agglomération,Hors intersection,Pluie légère,Deux véhicules - arrière,,,,,,,,,,,2,2,1,2.0,2.0
201100030232,0011-12-20 08:35:00,11,12,20,8,35,370,261,DASSAULT (AVENUE MARCEL),47.3624,0.6894,Plein jour,En agglomération,Autre intersection,Normale,Deux véhicules - frontale,,,,,,,,,,,1,2,9,1.0,1.0
201100030233,0011-10-15 15:32:00,11,10,15,15,32,370,122,CHINON (BOULEVARD DE),47.3483,0.65995,Plein jour,En agglomération,Hors intersection,Normale,Autre collision,,,,,,,,,,,1,2,1,1.0,6.0
201100030234,0011-10-20 11:55:00,11,10,20,11,55,370,208,POMPIDOU (AVENUE GEORGES,47.3746,0.71582,Plein jour,En agglomération,Giratoire,Normale,Autre collision,,,,,,,,,,,1,2,6,1.0,6.0
201100030235,0011-10-31 14:58:00,11,10,31,14,58,370,214,DELAROCHE (RUE),47.4251,0.6769,Plein jour,En agglomération,Hors intersection,Normale,Autre collision,,,,,,,,,,,1,2,1,1.0,6.0
201100030236,0011-11-29 13:00:00,11,11,29,13,0,370,214,TONNELE (RUE),47.4001,0.66594,Plein jour,En agglomération,Intersection en X,Normale,Deux véhicules - côté,,,,,,,,,,,1,2,2,1.0,3.0
201100030237,0011-11-26 11:53:00,11,11,26,11,53,370,261,EIFFEL (AVENUE GUSTAVE),47.4274,0.69667,Plein jour,En agglomération,Hors intersection,Normale,Deux véhicules - arrière,,,,,,,,,,,1,2,1,1.0,2.0
201100030238,0011-11-24 10:15:00,11,11,24,10,15,370,122,RABELAIS (RUE),47.3494,0.66121,Crépuscule ou aube,En agglomération,Intersection en X,Normale,Deux véhicules - côté,,,,,,,,,,,2,2,2,1.0,3.0
201100030239,0011-11-22 08:52:00,11,11,22,8,52,370,261,ENTRAIGUES (RUE D'),47.3869,0.68027,Plein jour,En agglomération,Intersection en X,Normale,Autre collision,,,,,,,,,,,1,2,2,1.0,6.0
201100030240,0011-11-19 09:56:00,11,11,19,9,56,370,122,LOUIS XI (BOULEVARD),47.3761,0.65278,Plein jour,En agglomération,Hors intersection,Normale,Autre collision,,,,,,,,,,,1,2,1,1.0,6.0
201100030241,0011-11-18 19:48:00,11,11,18,19,48,370,233,MOLIERE (RUE),47.3887,0.72637,Crépuscule ou aube,En agglomération,Hors intersection,Normale,Autre collision,,,,,,,,,,,2,2,1,1.0,6.0
201100030242,0011-11-18 14:46:00,11,11,18,14,46,370,233,BROSSOLETTE (RUE PIERRE),,,Plein jour,En agglomération,Intersection en T,Normale,Autre collision,,,,,,,,,,,1,2,3,1.0,6.0
201100030243,0011-11-18 14:05:00,11,11,18,14,5,370,261,GUESDE (RUE JULES),47.3772,0.70204,Plein jour,En agglomération,Intersection en X,Normale,Deux véhicules - côté,,,,,,,,,,,1,2,2,1.0,3.0
201100030244,0011-11-17 18:17:00,11,11,17,18,17,370,261,MALRAUX (QUAI ANDRE),47.3969,0.68878,Crépuscule ou aube,En agglomération,Intersection en T,Normale,Autre collision,,,,,,,,,,,2,2,3,1.0,6.0
201100030245,0011-12-01 13:35:00,11,12,1,13,35,370,233,YVAUDIERES (RUE DES),47.3886,0.74365,Plein jour,En agglomération,Hors intersection,Normale,Autre collision,,,,,,,,,,,1,2,1,1.0,6.0
201100030246,0011-12-07 07:17:00,11,12,7,7,17,370,122,POIRIER (RUE JACQUES),47.3437,0.66432,Crépuscule ou aube,En agglomération,Intersection en X,Normale,Deux véhicules - côté,,,,,,,,,,,2,2,2,1.0,3.0
201100030247,0011-12-12 17:47:00,11,12,12,17,47,370,233,LANGEVIN (BOULEVARD PAUL,47.3903,0.7269,Nuit avec éclairage allumé,En agglomération,Intersection en T,Normale,Deux véhicules - côté,,,,,,,,,,,5,2,3,1.0,3.0
201100030248,0011-12-13 07:55:00,11,12,13,7,55,370,261,COLOMBIER (RUE),47.4175,0.70221,Nuit avec éclairage allumé,En agglomération,Hors intersection,Pluie forte,Deux véhicules - côté,,,,,,,,,,,5,2,1,3.0,3.0
201100030249,0011-12-19 08:25:00,11,12,19,8,25,370,214,CAULAINCOURT (RUE),47.4203,0.67348,Plein jour,En agglomération,Intersection en X,Normale,Autre collision,,,,,,,,,,,1,2,2,1.0,6.0
201100030250,0011-12-17 10:50:00,11,12,17,10,50,370,261,NARVIK (RUE DE),47.4228,0.69181,Plein jour,En agglomération,Intersection en X,Normale,Deux véhicules - côté,,,,,,,,,,,1,2,2,1.0,3.0
201100030251,0011-12-29 16:57:00,11,12,29,16,57,370,261,AUBERDIERE (RUE DE L'),47.365,0.6996,Crépuscule ou aube,En agglomération,Hors intersection,Normale,Deux véhicules - côté,,,,,,,,,,,2,2,1,1.0,3.0
201100030252,0011-12-13 11:01:00,11,12,13,11,1,370,233,FUYE( RUE DE LA ),47.3838,0.70695,Plein jour,En agglomération,Hors intersection,Normale,Sans collision,,,,,,,,,,,1,2,1,1.0,7.0
201100030253,0011-02-12 17:45:00,11,2,12,17,45,370,261,GEORGET (RUE),47.3878,0.67985,Crépuscule ou aube,En agglomération,Intersection en X,Normale,Deux véhicules - côté,,,,,,,,,,,2,2,2,1.0,3.0
201100030254,0011-01-04 16:40:00,11,1,4,16,40,370,261,BASSEE (RUE DE LA),47.4227,0.6789,Plein jour,En agglomération,Intersection en T,Normale,Deux véhicules - côté,,,,,,,,,,,1,2,3,1.0,3.0
201100030255,0011-03-18 09:45:00,11,3,18,9,45,370,261,PONT CHER (AVENUE DE),,,Plein jour,En agglomération,Intersection en T,Normale,Deux véhicules - côté,,,,,,,,,,,1,2,3,1.0,3.0
201100030256,0011-05-18 15:45:00,11,5,18,15,45,370,261,"35, GRAMMONT (AVENUE DE)",47.3863,0.69013,Plein jour,En agglomération,Intersection en X,Normale,Autre collision,,,,,,,,,,,1,2,2,1.0,6.0
201100030257,0011-03-27 00:50:00,11,3,27,0,50,370,214,VOISIN (BOULEVARD ANDRE-,47.4169,0.71811,Nuit avec éclairage allumé,En agglomération,Hors intersection,Normale,Autre collision,,,,,,,,,,,5,2,1,1.0,6.0
201100030258,0011-03-25 10:55:00,11,3,25,10,55,370,261,"65, MAGINOT (AV. ANDRE)",47.4127,0.68573,Plein jour,En agglomération,Hors intersection,Normale,Autre collision,,,,,,,,,,,1,2,1,1.0,6.0
201100030259,0011-04-09 01:10:00,11,4,9,1,10,370,261,"56, STENDHAL (AVENUE)",47.3678,0.7022,Nuit avec éclairage allumé,En agglomération,Hors intersection,Normale,Deux véhicules - côté,,,,,,,,,,,5,2,1,1.0,3.0
201100030260,0011-04-21 23:40:00,11,4,21,23,40,370,261,LECLERC (PLACE DU MARECH,,,Nuit avec éclairage allumé,En agglomération,Intersection en X,Normale,Deux véhicules - arrière,,,,,,,,,,,5,2,2,1.0,2.0
201100030261,0011-04-15 22:45:00,11,4,15,22,45,370,261,GRAMMONT (AVENUE DE),47.3796,0.69264,Nuit avec éclairage allumé,En agglomération,Intersection en X,Normale,Deux véhicules - côté,,,,,,,,,,,5,2,2,1.0,3.0
201100030262,0011-05-13 22:05:00,11,5,13,22,5,370,195,LOIRE (LEVEE DE LA),47.3937,0.6645,Nuit avec éclairage allumé,En agglomération,Intersection en T,Normale,Deux véhicules - arrière,,,,,,,,,,,5,2,3,1.0,2.0
201100030263,0011-05-12 09:30:00,11,5,12,9,30,370,122,BRETONNIERES (BOULEVARD,47.346,0.64506,Plein jour,En agglomération,Intersection en Y,Temps éblouissant,Autre collision,,,,,,,,,,,1,2,4,7.0,6.0
201100030264,0011-06-01 07:45:00,11,6,1,7,45,370,261,EIFFEL (AVENUE GUSTAVE),47.4368,0.69879,Plein jour,En agglomération,Intersection en T,Normale,Deux véhicules - côté,,,,,,,,,,,1,2,3,1.0,3.0
201100030265,0011-05-17 16:55:00,11,5,17,16,55,370,214,MAISONS BLANCHES (QUAI D,47.3964,0.66011,Plein jour,En agglomération,Intersection en T,Normale,Deux véhicules - arrière,,,,,,,,,,,1,2,3,1.0,2.0
201100030266,0011-06-04 15:45:00,11,6,4,15,45,370,261,"9, ALOUETTE (AVENUE)",47.3602,0.69732,Plein jour,En agglomération,Hors intersection,Normale,Deux véhicules - côté,,,,,,,,,,,1,2,1,1.0,3.0
201100030267,0011-06-07 06:50:00,11,6,7,6,50,370,214,RUE TONNEL?,47.4001,0.66677,Crépuscule ou aube,En agglomération,Hors intersection,Normale,Autre collision,,,,,,,,,,,2,2,1,1.0,6.0
201100030268,0011-06-03 17:05:00,11,6,3,17,5,370,261,MALRAUX (QUAI ANDRE),47.3966,0.6861,Plein jour,En agglomération,Giratoire,Normale,Deux véhicules - frontale,,,,,,,,,,,1,2,6,1.0,1.0
201100030269,0011-06-16 00:40:00,11,6,16,0,40,370,261,JUIN (BOULEVARD DU MAREC,,,Nuit avec éclairage non allumé,En agglomération,Hors intersection,Normale,Autre collision,,,,,,,,,,,4,2,1,1.0,6.0
201100030270,0011-06-21 21:20:00,11,6,21,21,20,370,261,POMPIDOU (AVENUE GEORGES,47.3746,0.71583,Plein jour,En agglomération,Giratoire,Normale,Deux véhicules - frontale,,,,,,,,,,,1,2,6,1.0,1.0
201100030271,0011-06-17 23:12:00,11,6,17,23,12,370,261,"2, COMMERCE (RUE DU)",47.3939,0.68709,Nuit avec éclairage allumé,En agglomération,Hors intersection,Pluie légère,Deux véhicules - côté,,,,,,,,,,,5,2,1,2.0,3.0
201100030272,0011-06-23 06:50:00,11,6,23,6,50,370,261,EIFFEL (AVENUE GUSTAVE),47.4303,0.70464,Plein jour,En agglomération,Giratoire,Normale,Deux véhicules - côté,,,,,,,,,,,1,2,6,1.0,3.0
201100030273,0011-04-27 18:05:00,11,4,27,18,5,370,261,"225, VAILLANT (RUE EDOUA",47.3773,0.71251,Plein jour,En agglomération,Hors intersection,Normale,Autre collision,,,,,,,,,,,1,2,1,1.0,6.0
201100030274,0011-06-21 16:00:00,11,6,21,16,0,370,214,AVENUE DE LA TRANCHEE,47.4063,0.68209,Plein jour,En agglomération,Hors intersection,Normale,Autre collision,,,,,,,,,,,1,2,1,1.0,6.0
201100030275,0011-07-06 09:40:00,11,7,6,9,40,370,122,", RD 37",47.3409,0.65085,Plein jour,Hors agglomération,Hors intersection,Pluie légère,Sans collision,,,,,,,,,,,1,1,1,2.0,7.0
201100030276,0011-07-21 06:45:00,11,7,21,6,45,370,208,LARCAY (RUE DE),47.3692,0.7438,Plein jour,Hors agglomération,Hors intersection,Pluie légère,Deux véhicules - frontale,,,,,,,,,,,1,1,1,2.0,1.0
201100030277,0011-07-22 10:40:00,11,7,22,10,40,370,261,DE GAULLE (AVENUE DU GEN,47.3804,0.69798,Plein jour,En agglomération,Hors intersection,Normale,Autre collision,,,,,,,,,,,1,2,1,1.0,6.0
201100030278,0011-07-26 15:33:00,11,7,26,15,33,370,233,GRAND MAIL (ALLEE DU),47.3923,0.72333,Plein jour,En agglomération,Hors intersection,Normale,Autre collision,,,,,,,,,,,1,2,1,1.0,6.0
201100030279,0011-07-28 10:05:00,11,7,28,10,5,370,261,HUGO (RUE VICTOR),47.3883,0.68355,Plein jour,En agglomération,Intersection en X,Normale,Deux véhicules - arrière,,,,,,,,,,,1,2,2,1.0,2.0
201100030280,0011-07-28 10:40:00,11,7,28,10,40,370,233,MALRAUX (QUAI ANDRE),47.3975,0.69879,Plein jour,En agglomération,Hors intersection,Normale,Autre collision,,,,,,,,,,,1,2,1,1.0,6.0
201100030281,0011-06-16 08:00:00,11,6,16,8,0,370,261,GRAMMONT (AVENUE DE),47.3855,0.6904,Plein jour,En agglomération,Hors intersection,Normale,Autre collision,,,,,,,,,,,1,2,1,1.0,6.0
201100030282,0011-07-18 09:30:00,11,7,18,9,30,370,214,"3, CAULAINCOURT (RUE)",47.4214,0.67626,Plein jour,En agglomération,Intersection en X,Pluie légère,Deux véhicules - côté,,,,,,,,,,,1,2,2,2.0,3.0
201100030283,0011-07-30 19:50:00,11,7,30,19,50,370,214,BORDIERS (RUE DES),47.4204,0.67398,Plein jour,En agglomération,Intersection en X,Normale,Deux véhicules - côté,,,,,,,,,,,1,2,2,1.0,3.0
201100030284,0011-07-01 12:05:00,11,7,1,12,5,370,261,MAGINOT (AV. ANDRE),47.425,0.69968,Plein jour,En agglomération,Hors intersection,Normale,Deux véhicules - côté,,,,,,,,,,,1,2,1,1.0,3.0
201100030285,0011-09-24 18:00:00,11,9,24,18,0,370,261,GRAMMONT (AVENUE DE),47.3666,0.69827,Plein jour,En agglomération,Hors intersection,Normale,Autre collision,,,,,,,,,,,1,2,1,1.0,6.0
201100030286,0011-09-27 18:00:00,11,9,27,18,0,370,195,"42, RD 88",47.3855,0.64645,Plein jour,En agglomération,Hors intersection,Normale,Trois véhicules et plus - collisions multiples,,,,,,,,,,,1,2,1,1.0,5.0
201100030287,0011-09-27 17:00:00,11,9,27,17,0,370,261,"., EUROPE (AVENUE DE L')",47.4233,0.69141,Plein jour,En agglomération,Hors intersection,Normale,Sans collision,,,,,,,,,,,1,2,1,1.0,7.0
201100030288,0011-08-04 17:50:00,11,8,4,17,50,370,261,BOYER (RUE LEON),47.3912,0.66812,Plein jour,En agglomération,Intersection en X,Normale,Autre collision,,,,,,,,,,,1,2,2,1.0,6.0
201100030289,0011-09-21 15:35:00,11,9,21,15,35,370,122,BEAULIEU (RUE DE),47.3614,0.67236,Plein jour,En agglomération,Intersection en T,Normale,Sans collision,,,,,,,,,,,1,2,3,1.0,7.0
201100030290,0011-09-21 17:25:00,11,9,21,17,25,370,261,"56, TONNELLE (BOULEVARD)",47.3853,0.67661,Plein jour,En agglomération,Hors intersection,Normale,Autre collision,,,,,,,,,,,1,2,1,1.0,6.0
201100030291,0011-10-03 18:05:00,11,10,3,18,5,370,208,POMPIDOU (AVENUE GEORGES,47.3678,0.71593,Plein jour,Hors agglomération,Hors intersection,Normale,Deux véhicules - arrière,,,,,,,,,,,1,1,1,1.0,2.0
201100030292,0011-10-10 08:00:00,11,10,10,8,0,370,261,"129, THIERS (BOULEVARD)",47.381,0.68543,Plein jour,En agglomération,Hors intersection,Normale,Sans collision,,,,,,,,,,,1,2,1,1.0,7.0
201100030293,0011-10-15 15:30:00,11,10,15,15,30,370,261,"X, GRAMMONT (AVENUE DE)",47.3662,0.69957,Plein jour,En agglomération,Intersection en Y,Normale,Deux véhicules - côté,,,,,,,,,,,1,2,4,1.0,3.0
201100030294,0011-10-03 07:47:00,11,10,3,7,47,370,261,DE GAULLE (AV. DU GAL),47.3803,0.69731,Plein jour,En agglomération,Giratoire,Temps couvert,Deux véhicules - côté,,,,,,,,,,,1,2,6,8.0,3.0
201100030295,0011-10-19 13:15:00,11,10,19,13,15,370,122,"127, JAURES (BOULEVARD J",47.3479,0.6588,Plein jour,En agglomération,Hors intersection,Normale,Deux véhicules - côté,,,,,,,,,,,1,2,1,1.0,3.0
201100030296,0011-10-13 21:30:00,11,10,13,21,30,370,261,"63, MAIRIE (RUE DE LA)",47.3899,0.66325,Nuit avec éclairage allumé,En agglomération,Hors intersection,Normale,Sans collision,,,,,,,,,,,5,2,1,1.0,7.0
201100030297,0011-10-27 17:10:00,11,10,27,17,10,370,261,"55, MIRABEAU (RUE)",47.3948,0.69979,Plein jour,En agglomération,Intersection en X,Normale,Autre collision,,,,,,,,,,,1,2,2,1.0,6.0
201100030298,0011-11-01 02:35:00,11,11,1,2,35,370,122,GITONNIERE (RUE DE LA),47.3377,0.65888,Nuit avec éclairage allumé,En agglomération,Intersection en T,Normale,Autre collision,,,,,,,,,,,5,2,3,1.0,6.0
201100030299,0011-11-04 07:45:00,11,11,4,7,45,370,261,DREUX (RUE ELISE),47.3878,0.67385,Plein jour,En agglomération,Hors intersection,Normale,Sans collision,,,,,,,,,,,1,2,1,1.0,7.0
201100030300,0011-11-21 10:45:00,11,11,21,10,45,370,208,POMPIDOU (AVENUE GEOR,47.3707,0.71602,Plein jour,En agglomération,Hors intersection,Normale,Deux véhicules - frontale,,,,,,,,,,,1,2,1,1.0,1.0
201100030301,0011-11-18 19:56:00,11,11,18,19,56,370,122,MARTYRS (RUE DES),47.351,0.66516,Nuit avec éclairage allumé,En agglomération,Intersection en X,Normale,Autre collision,,,,,,,,,,,5,2,2,1.0,6.0
201100030302,0011-11-22 06:25:00,11,11,22,6,25,370,261,LOUIS XI (BOULEVARD),47.3758,0.664,Nuit avec éclairage allumé,En agglomération,Hors intersection,Normale,Deux véhicules - arrière,,,,,,,,,,,5,2,1,1.0,2.0
201100030303,0011-11-21 12:25:00,11,11,21,12,25,370,261,JUIN (BOULEVARD DU MA,47.4207,0.7039,Plein jour,En agglomération,Intersection en X,Normale,Sans collision,,,,,,,,,,,1,2,2,1.0,7.0
201100030304,0011-12-01 13:00:00,11,12,1,13,0,370,261,"24, EUROPE (AVENUE DE L'",47.4229,0.68798,Plein jour,En agglomération,Hors intersection,Temps couvert,Sans collision,,,,,,,,,,,1,2,1,8.0,7.0
201100030305,0011-12-04 10:50:00,11,12,4,10,50,370,208,"X, LARCAY (RUE DE)",47.3692,0.7438,Plein jour,Hors agglomération,Hors intersection,Temps couvert,Deux véhicules - frontale,,,,,,,,,,,1,1,1,8.0,1.0
201100030306,0011-11-21 08:35:00,11,11,21,8,35,370,261,HEURTELOUP (BOULEVARD,47.3912,0.69561,Plein jour,En agglomération,Intersection en T,Normale,Sans collision,,,,,,,,,,,1,2,3,1.0,7.0
201100030307,0011-12-21 17:05:00,11,12,21,17,5,370,214,"53 BIS, CROIX PERIGOURD",47.4114,0.65949,Crépuscule ou aube,En agglomération,Hors intersection,Pluie légère,Deux véhicules - frontale,,,,,,,,,,,2,2,1,2.0,1.0
201100030308,0011-12-12 08:10:00,11,12,12,8,10,370,261,"., PSALETTE (RUE DE LA)",47.3951,0.69549,Crépuscule ou aube,En agglomération,Intersection en Y,Normale,Autre collision,,,,,,,,,,,2,2,4,1.0,6.0
201100030309,0011-12-13 18:50:00,11,12,13,18,50,370,122,RD 37 SORTIE NORD,47.3492,0.64574,Nuit avec éclairage allumé,Hors agglomération,Hors intersection,Normale,Deux véhicules - côté,,,,,,,,,,,5,1,1,1.0,3.0
201100030310,0011-01-05 11:42:00,11,1,5,11,42,380,53,AVTIXIER/BD CHAMPARET,45.5882,5.29171,Plein jour,En agglomération,Intersection en X,Normale,Deux véhicules - côté,,,,,,,,,,,1,2,2,1.0,3.0
201100030311,0011-02-08 14:30:00,11,2,8,14,30,380,53,ISLE D'ABEAU (ROUTE DE),45.6038,5.25927,Plein jour,En agglomération,Hors intersection,Normale,Trois véhicules et plus - collisions multiples,,,,,,,,,,,1,2,1,1.0,5.0
201100030312,0011-03-18 08:50:00,11,3,18,8,50,380,53,MARAIS (CHE DES),45.6001,5.25148,Plein jour,En agglomération,Intersection en T,Normale,Deux véhicules - côté,,,,,,,,,,,1,2,3,1.0,3.0
201100030313,0011-03-21 20:30:00,11,3,21,20,30,380,53,93 AV TIXIER,45.5882,5.29114,Nuit avec éclairage allumé,En agglomération,Hors intersection,Normale,Sans collision,,,,,,,,,,,5,2,1,1.0,7.0
201100030314,0011-03-31 10:42:00,11,3,31,10,42,380,53,SAINT MICHEL (BLD),45.5891,5.27588,Plein jour,En agglomération,Giratoire,Normale,Autre collision,,,,,,,,,,,1,2,6,1.0,6.0
201100030315,0011-04-12 06:40:00,11,4,12,6,40,380,53,AV DES ALPES,45.5848,5.27546,Crépuscule ou aube,En agglomération,Hors intersection,Normale,Autre collision,,,,,,,,,,,2,2,1,1.0,6.0