accident_id,datetime,annee,mois,jour,heure,minute,departement,commune_insee,adresse,latitude,longitude,luminosite,agglomeration,intersection,meteo,collision,nb_vehicules,nb_usagers,nb_indemnes,nb_tues,nb_blesses_hosp,nb_blesses_legers,age_cond_1,age_cond_2,veh_type_cond_1,veh_type_cond_2,lum_code,agg_code,int_code,atm_code,col_code
201100030316,0011-01-05 18:30:00,11,1,5,18,30,380,53,AV D'ITALIE,45.5843,5.28359,Nuit avec éclairage allumé,En agglomération,Hors intersection,Normale,Deux véhicules - arrière,,,,,,,,,,,5,2,1,1.0,2.0
201100030317,0011-05-13 08:30:00,11,5,13,8,30,380,53,29 GAMBETTA/CLEMENCEAU,45.5872,5.27326,Plein jour,En agglomération,Intersection en X,Normale,Sans collision,,,,,,,,,,,1,2,2,1.0,7.0
201100030318,0011-05-10 10:50:00,11,5,10,10,50,380,53,05 AV H BARBUSSE,45.5901,5.27271,Plein jour,En agglomération,Hors intersection,Normale,Autre collision,,,,,,,,,,,1,2,1,1.0,6.0
201100030319,0011-05-26 10:58:00,11,5,26,10,58,380,53,"FACE AU 5, BARBUSSE",45.5901,5.27272,Plein jour,En agglomération,Hors intersection,Normale,Trois véhicules et plus - collisions multiples,,,,,,,,,,,1,2,1,1.0,5.0
201100030320,0011-06-04 15:20:00,11,6,4,15,20,380,53,"35, PLAINE (PETITE RUE D",,,Plein jour,En agglomération,Hors intersection,Normale,Deux véhicules - côté,,,,,,,,,,,1,2,1,1.0,3.0
201100030321,0011-04-14 16:30:00,11,4,14,16,30,380,53,"6, CUVIER",45.6088,5.2638,Plein jour,En agglomération,Intersection en T,Normale,Deux véhicules - frontale,,,,,,,,,,,1,2,3,1.0,1.0
201100030322,0011-06-24 06:09:00,11,6,24,6,9,380,53,D 1006,,,Plein jour,En agglomération,Giratoire,Normale,Deux véhicules - arrière,,,,,,,,,,,1,2,6,1.0,2.0
201100030323,0011-06-24 12:12:00,11,6,24,12,12,380,53,ALPES,,,Plein jour,En agglomération,Intersection en X,Normale,Deux véhicules - côté,,,,,,,,,,,1,2,2,1.0,3.0
201100030324,0011-06-24 20:10:00,11,6,24,20,10,380,53,"20, ROUSSEAU (BLD JEAN J",,,Plein jour,En agglomération,Hors intersection,Normale,Deux véhicules - côté,,,,,,,,,,,1,2,1,1.0,3.0
201100030325,0011-06-29 11:57:00,11,6,29,11,57,380,53,"137, MARRONNIERS (AV)",,,Plein jour,En agglomération,Hors intersection,Normale,Deux véhicules - côté,,,,,,,,,,,1,2,1,1.0,3.0
201100030326,0011-07-03 00:50:00,11,7,3,0,50,380,53,ALPES,,,Nuit avec éclairage allumé,En agglomération,Intersection en X,Normale,Deux véhicules - côté,,,,,,,,,,,5,2,2,1.0,3.0
201100030327,0011-07-05 13:10:00,11,7,5,13,10,380,53,"118, LYON (ROUTE DE LYON",,,Plein jour,En agglomération,Hors intersection,Normale,Deux véhicules - côté,,,,,,,,,,,1,2,1,1.0,3.0
201100030328,0011-07-11 16:55:00,11,7,11,16,55,380,53,"10, PONTCOTTIER",,,Plein jour,En agglomération,Hors intersection,Normale,Autre collision,,,,,,,,,,,1,2,1,1.0,6.0
201100030329,0011-08-29 08:09:00,11,8,29,8,9,380,53,CD 522,,,Plein jour,Hors agglomération,Hors intersection,Normale,Deux véhicules - côté,,,,,,,,,,,1,1,1,1.0,3.0
201100030330,0011-09-16 10:46:00,11,9,16,10,46,380,53,BARBUSSE,,,Plein jour,En agglomération,Hors intersection,Normale,Autre collision,,,,,,,,,,,1,2,1,1.0,6.0
201100030331,0011-10-02 17:55:00,11,10,2,17,55,380,53,"10, CHAMPARET (BLD)",,,Plein jour,En agglomération,Hors intersection,Normale,Autre collision,,,,,,,,,,,1,2,1,1.0,6.0
201100030332,0011-10-04 12:38:00,11,10,4,12,38,380,53,"11, ETISSEY",,,Plein jour,En agglomération,Hors intersection,Normale,Autre collision,,,,,,,,,,,1,2,1,1.0,6.0
201100030333,0011-09-30 11:50:00,11,9,30,11,50,380,53,"27, BOURBRE (QUAI)",,,Plein jour,En agglomération,Hors intersection,Normale,Autre collision,,,,,,,,,,,1,2,1,1.0,6.0
201100030334,0011-11-17 13:50:00,11,11,17,13,50,380,53,PARC (AVENUE ET SQUARE D,,,Plein jour,En agglomération,Intersection en X,Normale,Deux véhicules - côté,,,,,,,,,,,1,2,2,1.0,3.0
201100030335,0011-12-10 06:00:00,11,12,10,6,0,380,53,"46, GRENOBLE (ROUTE DE)",,,Nuit avec éclairage allumé,En agglomération,Hors intersection,Pluie légère,Deux véhicules - frontale,,,,,,,,,,,5,2,1,2.0,1.0
201100030336,0011-12-11 10:00:00,11,12,11,10,0,380,53,ETISSEY,,,Plein jour,En agglomération,Intersection en T,Normale,Deux véhicules - frontale,,,,,,,,,,,1,2,3,1.0,1.0
201100030337,0011-12-21 17:45:00,11,12,21,17,45,380,53,LYON (ROUTE DE LYON COTE,,,Nuit avec éclairage allumé,En agglomération,Giratoire,Pluie légère,Deux véhicules - côté,,,,,,,,,,,5,2,6,2.0,3.0
201100030338,0011-12-29 16:25:00,11,12,29,16,25,380,53,"12, ITALIE (AVE)",,,Plein jour,En agglomération,Intersection en X,Normale,Deux véhicules - côté,,,,,,,,,,,1,2,2,1.0,3.0
201100030339,0011-01-01 21:40:00,11,1,1,21,40,380,421,"00, AVENUE BENO?T FRACHO",45.1792,5.75486,Nuit avec éclairage allumé,En agglomération,Intersection en X,Normale,Deux véhicules - côté,,,,,,,,,,,5,2,2,1.0,3.0
201100030340,0011-01-03 19:15:00,11,1,3,19,15,380,185,AVENUE L?ON BLUM,45.1649,5.71843,Nuit avec éclairage allumé,En agglomération,Hors intersection,Normale,Trois véhicules et plus - en chaîne,,,,,,,,,,,5,2,1,1.0,4.0
201100030341,0011-01-04 16:00:00,11,1,4,16,0,380,185,"00, AVENUE ALSACE LORRAI",45.1899,5.71801,Plein jour,En agglomération,Intersection en X,Normale,Deux véhicules - côté,,,,,,,,,,,1,2,2,1.0,3.0
201100030342,0011-01-05 14:45:00,11,1,5,14,45,380,185,"23, CRS JEAN JAUR?S",45.1885,5.71921,Plein jour,En agglomération,Intersection en T,Normale,Autre collision,,,,,,,,,,,1,2,3,1.0,6.0
201100030343,0011-01-05 18:00:00,11,1,5,18,0,380,185,"00, QUAI DE FRANCE",45.1935,5.71983,Nuit avec éclairage allumé,En agglomération,Intersection en X,Normale,Autre collision,,,,,,,,,,,5,2,2,1.0,6.0
201100030344,0011-01-06 07:45:00,11,1,6,7,45,380,169,"00, AVENUE ARISTIDE BRIA",45.1894,5.69323,Nuit avec éclairage allumé,En agglomération,Intersection en X,Pluie légère,Autre collision,,,,,,,,,,,5,2,2,2.0,6.0
201100030345,0011-01-06 08:15:00,11,1,6,8,15,380,185,"00, RUE G?N?RAL MANGIN",45.176,5.71763,Plein jour,En agglomération,Hors intersection,Normale,Deux véhicules - côté,,,,,,,,,,,1,2,1,1.0,3.0
201100030346,0011-01-08 19:30:00,11,1,8,19,30,380,185,"00, RUE H?BERT",45.1896,5.7337,Nuit avec éclairage allumé,En agglomération,Intersection en X,Normale,Deux véhicules - côté,,,,,,,,,,,5,2,2,1.0,3.0
201100030347,0011-01-11 12:15:00,11,1,11,12,15,380,185,LESDIGUIERES/GAMBETTA,45.1861,5.72469,Plein jour,En agglomération,Intersection en X,Pluie légère,Autre collision,,,,,,,,,,,1,2,2,2.0,6.0
201100030348,0011-01-11 22:15:00,11,1,11,22,15,380,151,ROCADE SUD,45.1524,5.71774,Nuit avec éclairage allumé,En agglomération,Hors intersection,Pluie légère,Deux véhicules - côté,,,,,,,,,,,5,2,1,2.0,3.0
201100030349,0011-01-15 16:00:00,11,1,15,16,0,380,151,"0, AVENUE DU 8 MAI 1945",45.151,5.71809,Plein jour,En agglomération,Hors intersection,Normale,Deux véhicules - arrière,,,,,,,,,,,1,2,1,1.0,2.0
201100030350,0011-01-15 18:10:00,11,1,15,18,10,380,185,"9, PLACE SAINT-BRUNO",45.1871,5.71434,Nuit avec éclairage allumé,En agglomération,Intersection en T,Normale,Autre collision,,,,,,,,,,,5,2,3,1.0,6.0
201100030351,0011-01-19 08:40:00,11,1,19,8,40,380,185,"0, COURS DE LA LIB?RATIO",45.1744,5.71439,Plein jour,En agglomération,Intersection en X,Normale,Deux véhicules - côté,,,,,,,,,,,1,2,2,1.0,3.0
201100030352,0011-01-20 16:00:00,11,1,20,16,0,380,185,"33, BD MARECHAL FOCH",45.1809,5.72172,Plein jour,En agglomération,Intersection en Y,Normale,Autre collision,,,,,,,,,,,1,2,4,1.0,6.0
201100030353,0011-01-22 15:30:00,11,1,22,15,30,380,151,99 VOIE NON IDENTIFIEE,45.1599,5.75135,Plein jour,En agglomération,Hors intersection,Normale,Trois véhicules et plus - collisions multiples,,,,,,,,,,,1,2,1,1.0,5.0
201100030354,0011-01-24 13:20:00,11,1,24,13,20,380,185,108 CRS DE LA LIBERATION,45.1693,5.7127,Plein jour,En agglomération,Hors intersection,Normale,Autre collision,,,,,,,,,,,1,2,1,1.0,6.0
201100030355,0011-01-24 20:55:00,11,1,24,20,55,380,229,ROCADE SUD PR10+000,45.1992,5.78068,Nuit sans éclairage public,Hors agglomération,Hors intersection,Normale,Autre collision,,,,,,,,,,,3,1,1,1.0,6.0
201100030356,0011-01-25 12:35:00,11,1,25,12,35,380,185,14  AV MARIE REYNOARD/MU,45.1648,5.72851,Plein jour,En agglomération,Intersection en X,Normale,Autre collision,,,,,,,,,,,1,2,2,1.0,6.0
201100030357,0011-01-26 08:00:00,11,1,26,8,0,380,185,"147, COURS DE LA LIB?RAT",45.1681,5.7123,Plein jour,En agglomération,Hors intersection,Normale,Autre collision,,,,,,,,,,,1,2,1,1.0,6.0
201100030358,0011-01-26 19:30:00,11,1,26,19,30,380,169,"0, AVENUE DU VERCORS",45.1925,5.69473,Nuit avec éclairage allumé,En agglomération,Intersection en X,Normale,Autre collision,,,,,,,,,,,5,2,2,1.0,6.0
201100030359,0011-01-28 18:30:00,11,1,28,18,30,380,185,"00, RN 90",45.1879,5.73872,Nuit avec éclairage allumé,En agglomération,Hors intersection,Normale,Trois véhicules et plus - en chaîne,,,,,,,,,,,5,2,1,1.0,4.0
201100030360,0011-01-30 20:15:00,11,1,30,20,15,380,185,"00, RUE DE STALINGRAD",,,Nuit avec éclairage allumé,En agglomération,Intersection en X,Normale,Deux véhicules - côté,,,,,,,,,,,5,2,2,1.0,3.0
201100030361,0011-01-31 14:00:00,11,1,31,14,0,380,185,BD ?DOUARD REY/V HUGO,45.1897,5.72465,Plein jour,En agglomération,Intersection en X,Normale,Deux véhicules - côté,,,,,,,,,,,1,2,2,1.0,3.0
201100030362,0011-02-07 16:20:00,11,2,7,16,20,380,185,"11, QUAI CLAUDE BERNARD",45.1926,5.71896,Plein jour,En agglomération,Hors intersection,Normale,Autre collision,,,,,,,,,,,1,2,1,1.0,6.0
201100030363,0011-02-08 08:25:00,11,2,8,8,25,380,185,"00, 99 VOIE NON IDENTIFI",,,Plein jour,En agglomération,Hors intersection,Normale,Autre collision,,,,,,,,,,,1,2,1,1.0,6.0
201100030364,0011-02-10 14:50:00,11,2,10,14,50,380,185,"00, CHEMIN DES TOURNELLE",45.1849,5.70797,Plein jour,En agglomération,Intersection en X,Normale,Autre collision,,,,,,,,,,,1,2,2,1.0,6.0
201100030365,0011-02-11 16:30:00,11,2,11,16,30,380,185,"00, RUE F?LIX ESCLANGON",45.1925,5.70769,Plein jour,En agglomération,Intersection en T,Normale,Deux véhicules - côté,,,,,,,,,,,1,2,3,1.0,3.0
201100030366,0011-02-16 17:15:00,11,2,16,17,15,380,421,"00, 4",,,Plein jour,En agglomération,Hors intersection,Normale,Deux véhicules - frontale,,,,,,,,,,,1,2,1,1.0,1.0
201100030367,0011-02-20 03:50:00,11,2,20,3,50,380,185,"68, COURS JEAN JAUR?S",45.1866,5.71855,Nuit avec éclairage allumé,En agglomération,Intersection en X,Pluie légère,Trois véhicules et plus - collisions multiples,,,,,,,,,,,5,2,2,2.0,5.0
201100030368,0011-02-20 04:50:00,11,2,20,4,50,380,185,"26, BOULEVARD JOSEPH VAL",45.1802,5.71131,Nuit avec éclairage allumé,En agglomération,Intersection en X,Pluie légère,Deux véhicules - arrière,,,,,,,,,,,5,2,2,2.0,2.0
201100030369,0011-02-26 09:50:00,11,2,26,9,50,380,185,"2, COURS DE LA LIB?RATIO",45.1804,5.71646,Plein jour,En agglomération,Intersection en X,Normale,Autre collision,,,,,,,,,,,1,2,2,1.0,6.0
201100030370,0011-02-28 17:15:00,11,2,28,17,15,380,185,"3, RUE LESDIGUI?RES",45.1886,5.73059,Plein jour,En agglomération,Hors intersection,Normale,Autre collision,,,,,,,,,,,1,2,1,1.0,6.0
201100030371,0011-03-03 06:40:00,11,3,3,6,40,380,185,"0, RUE ABB? DE LA SALLE",45.1902,5.73214,Crépuscule ou aube,En agglomération,Intersection en X,Normale,Deux véhicules - côté,,,,,,,,,,,2,2,2,1.0,3.0
201100030372,0011-03-04 12:28:00,11,3,4,12,28,380,382,,45.2259,5.66892,Plein jour,Hors agglomération,Hors intersection,Normale,Trois véhicules et plus - en chaîne,,,,,,,,,,,1,1,1,1.0,4.0
201100030373,0011-03-10 19:45:00,11,3,10,19,45,380,185,"15, RUE PAUL BOURGET",45.1779,5.7276,Crépuscule ou aube,En agglomération,Intersection en X,Normale,Autre collision,,,,,,,,,,,2,2,2,1.0,6.0
201100030374,0011-03-14 07:15:00,11,3,14,7,15,380,151,99 VOIE NON IDENTIFIEE,45.1586,5.70256,Plein jour,Hors agglomération,Hors intersection,Normale,Deux véhicules - arrière,,,,,,,,,,,1,1,1,1.0,2.0
201100030375,0011-03-15 18:30:00,11,3,15,18,30,380,185,"0, PLACE JEAN ACHARD",45.1895,5.729,Plein jour,En agglomération,Hors intersection,Normale,Autre collision,,,,,,,,,,,1,2,1,1.0,6.0
201100030376,0011-03-16 21:55:00,11,3,16,21,55,380,185,"0, RUE DE STRASBOURG",45.1867,5.73204,Nuit avec éclairage allumé,En agglomération,Intersection en X,Pluie forte,Deux véhicules - côté,,,,,,,,,,,5,2,2,3.0,3.0
201100030377,0011-03-21 12:10:00,11,3,21,12,10,380,185,"22, RUE JEAN BART",45.1771,5.74165,Plein jour,En agglomération,Intersection en T,Normale,Autre collision,,,,,,,,,,,1,2,3,1.0,6.0
201100030378,0011-03-21 18:00:00,11,3,21,18,0,380,185,"0, AVENUE DES MARTYRS",45.2054,5.70045,Plein jour,En agglomération,Giratoire,Normale,Deux véhicules - côté,,,,,,,,,,,1,2,6,1.0,3.0
201100030379,0011-03-22 18:40:00,11,3,22,18,40,380,421,"136, AVENUE GABRIEL P?RI",45.1846,5.76714,Plein jour,En agglomération,Hors intersection,Normale,Trois véhicules et plus - collisions multiples,,,,,,,,,,,1,2,1,1.0,5.0
201100030380,0011-03-24 21:15:00,11,3,24,21,15,380,185,"00, AVENUE JEANNE D'ARC",45.1841,5.74385,Nuit avec éclairage allumé,En agglomération,Intersection en X,Normale,Deux véhicules - côté,,,,,,,,,,,5,2,2,1.0,3.0
201100030381,0011-03-23 15:10:00,11,3,23,15,10,380,185,"00, COURS BERRIAT",45.1884,5.71448,Plein jour,En agglomération,Intersection en T,Normale,Autre collision,,,,,,,,,,,1,2,3,1.0,6.0
201100030382,0011-03-25 09:00:00,11,3,25,9,0,380,169,"72, AVENUE ARISTIDE BRIA",45.19,5.69148,Plein jour,En agglomération,Intersection en X,Normale,Autre collision,,,,,,,,,,,1,2,2,1.0,6.0
201100030383,0011-03-31 07:20:00,11,3,31,7,20,380,185,"51, RUE TURGOT",45.1688,5.73562,Plein jour,En agglomération,Hors intersection,Normale,Autre collision,,,,,,,,,,,1,2,1,1.0,6.0
201100030384,0011-04-05 09:05:00,11,4,5,9,5,380,151,ROCADE SUD,,,Plein jour,Hors agglomération,Hors intersection,Normale,Trois véhicules et plus - collisions multiples,,,,,,,,,,,1,1,1,1.0,5.0
201100030385,0011-04-07 14:00:00,11,4,7,14,0,380,185,"00, QUAI MOUNIER",45.195,5.72931,Plein jour,En agglomération,Hors intersection,Normale,Autre collision,,,,,,,,,,,1,2,1,1.0,6.0
201100030386,0011-04-07 18:08:00,11,4,7,18,8,380,185,"00, COURS DE LA LIBERATI",45.1743,5.71439,Plein jour,En agglomération,Intersection en X,Normale,Deux véhicules - côté,,,,,,,,,,,1,2,2,1.0,3.0
201100030387,0011-04-09 00:50:00,11,4,9,0,50,380,421,"0, AVENUE BENOIT FRACHON",45.1792,5.75484,Nuit avec éclairage allumé,En agglomération,Hors intersection,Normale,Deux véhicules - frontale,,,,,,,,,,,5,2,1,1.0,1.0
201100030388,0011-04-13 23:00:00,11,4,13,23,0,380,185,"00, COURS JEAN JAUR?S",45.1881,5.71907,Nuit avec éclairage allumé,En agglomération,Intersection en X,Normale,Deux véhicules - côté,,,,,,,,,,,5,2,2,1.0,3.0
201100030389,0011-04-14 18:55:00,11,4,14,18,55,380,185,"27, RUE DES VIOLETTES",45.1792,5.70877,Plein jour,En agglomération,Hors intersection,Normale,Autre collision,,,,,,,,,,,1,2,1,1.0,6.0
201100030390,0011-04-15 22:35:00,11,4,15,22,35,380,169,"17, MAIL MARCEL CACHIN",45.1954,5.69191,Nuit avec éclairage allumé,En agglomération,Hors intersection,Normale,Autre collision,,,,,,,,,,,5,2,1,1.0,6.0
201100030391,0011-04-18 18:30:00,11,4,18,18,30,380,151,"0, AVENUE DE KIMBERLEY",45.147,5.73245,Plein jour,En agglomération,Hors intersection,Normale,Autre collision,,,,,,,,,,,1,2,1,1.0,6.0
201100030392,0011-04-21 14:45:00,11,4,21,14,45,380,421,"0, AVENUE DE LA MOGNE",45.1715,5.75174,Plein jour,En agglomération,Intersection en X,Normale,Trois véhicules et plus - collisions multiples,,,,,,,,,,,1,2,2,1.0,5.0
201100030393,0011-04-21 18:35:00,11,4,21,18,35,380,185,"0, RUE DE BONNE",45.1887,5.72582,Plein jour,En agglomération,Intersection en X,Normale,Deux véhicules - côté,,,,,,,,,,,1,2,2,1.0,3.0
201100030394,0011-04-22 11:15:00,11,4,22,11,15,380,185,"0, COURS DE LA LIBERATIO",45.1804,5.71646,Plein jour,En agglomération,Intersection en X,Normale,Autre collision,,,,,,,,,,,1,2,2,1.0,6.0
201100030395,0011-04-22 11:45:00,11,4,22,11,45,380,151,99 VOIE NON IDENTIFIEE,,,Plein jour,Hors agglomération,Hors intersection,Normale,Deux véhicules - côté,,,,,,,,,,,1,1,1,1.0,3.0
201100030396,0011-04-28 09:00:00,11,4,28,9,0,380,185,"116, COURS DE LA LIBERAT",45.1678,5.71217,Plein jour,En agglomération,Hors intersection,Normale,Autre collision,,,,,,,,,,,1,2,1,1.0,6.0
201100030397,0011-04-28 18:50:00,11,4,28,18,50,380,382,99 VOIE NON IDENTIFIEE,,,Plein jour,Hors agglomération,Hors intersection,Pluie légère,Trois véhicules et plus - en chaîne,,,,,,,,,,,1,1,1,2.0,4.0
201100030398,0011-05-03 23:55:00,11,5,3,23,55,380,421,"0, AVENUE DE LA MOGNE",45.1672,5.74972,Nuit avec éclairage allumé,En agglomération,Hors intersection,Normale,Deux véhicules - frontale,,,,,,,,,,,5,2,1,1.0,1.0
201100030399,0011-05-06 12:20:00,11,5,6,12,20,380,185,"0, AVENUE FELIX VIALLET",45.1908,5.71859,Plein jour,En agglomération,Intersection en X,Normale,Autre collision,,,,,,,,,,,1,2,2,1.0,6.0
201100030400,0011-05-10 07:15:00,11,5,10,7,15,380,185,"0, RUE FELIX ESCLANGON",45.1946,5.71048,Plein jour,En agglomération,Intersection en Y,Normale,Deux véhicules - côté,,,,,,,,,,,1,2,4,1.0,3.0
201100030401,0011-05-10 16:15:00,11,5,10,16,15,380,179,ROCADE SUD,,,Plein jour,Hors agglomération,Hors intersection,Normale,Deux véhicules - arrière,,,,,,,,,,,1,1,1,1.0,2.0
201100030402,0011-05-11 12:15:00,11,5,11,12,15,380,179,"0, AVENUE DU DOCTEUR VAL",45.1798,5.78374,Plein jour,En agglomération,Intersection en T,Normale,Deux véhicules - côté,,,,,,,,,,,1,2,3,1.0,3.0
201100030403,0011-05-11 17:45:00,11,5,11,17,45,380,185,"0, AVENUE EDMOND ESMONIN",45.1596,5.72255,Plein jour,En agglomération,Hors intersection,Normale,Deux véhicules - côté,,,,,,,,,,,1,2,1,1.0,3.0
201100030404,0011-05-14 23:00:00,11,5,14,23,0,380,185,3 QUAI CREQUI/GONTARD,45.1928,5.72411,Nuit avec éclairage allumé,En agglomération,Intersection en X,Normale,Deux véhicules - côté,,,,,,,,,,,5,2,2,1.0,3.0
201100030405,0011-05-15 11:15:00,11,5,15,11,15,380,169,"0, MAIL MARCEL CACHIN",45.1936,5.68724,Plein jour,En agglomération,Intersection en X,Normale,Deux véhicules - côté,,,,,,,,,,,1,2,2,1.0,3.0
201100030406,0011-05-19 08:02:00,11,5,19,8,2,380,309,"0, BOULEVARD DULCIE SEPT",45.1619,5.76253,Plein jour,En agglomération,Intersection en T,Normale,Autre collision,,,,,,,,,,,1,2,3,1.0,6.0
201100030407,0011-05-21 17:50:00,11,5,21,17,50,380,151,"61, COURS JEAN JAURES",45.1512,5.70662,Plein jour,En agglomération,Hors intersection,Normale,Autre collision,,,,,,,,,,,1,2,1,1.0,6.0
201100030408,0011-05-25 12:50:00,11,5,25,12,50,380,423,99 VOIE NON IDENTIFIEE,45.2071,5.70623,Plein jour,Hors agglomération,Hors intersection,Normale,Trois véhicules et plus - en chaîne,,,,,,,,,,,1,1,1,1.0,4.0
201100030409,0011-05-26 18:30:00,11,5,26,18,30,380,185,"0, RUE GUETAL",45.1888,5.72703,Plein jour,En agglomération,Intersection en T,Pluie légère,Autre collision,,,,,,,,,,,1,2,3,2.0,6.0
201100030410,0011-05-28 16:30:00,11,5,28,16,30,380,151,61 COURS JEAN JAURES,45.1513,5.70665,Plein jour,En agglomération,Intersection en T,Normale,Autre collision,,,,,,,,,,,1,2,3,1.0,6.0
201100030411,0011-05-31 14:30:00,11,5,31,14,30,380,185,"35, RUE AMPERE",45.1851,5.70573,Plein jour,En agglomération,Intersection en T,Pluie légère,Autre collision,,,,,,,,,,,1,2,3,2.0,6.0
201100030412,0011-06-02 15:30:00,11,6,2,15,30,380,317,99 VOIE NON IDENTIFIEE,45.1242,5.68986,Plein jour,Hors agglomération,Hors intersection,Normale,Autre collision,,,,,,,,,,,1,1,1,1.0,6.0
201100030413,0011-06-08 07:00:00,11,6,8,7,0,380,185,"0, AVENUE DES JEUX OLYMP",,,Plein jour,En agglomération,Intersection en X,Pluie légère,Autre collision,,,,,,,,,,,1,2,2,2.0,6.0
201100030414,0011-06-15 17:20:00,11,6,15,17,20,380,185,"0, AVENUE DES JEUX OLYMP",,,Plein jour,En agglomération,Hors intersection,Normale,Autre collision,,,,,,,,,,,1,2,1,1.0,6.0
201100030415,0011-06-15 19:20:00,11,6,15,19,20,380,421,"0, RUE CHOPIN",,,Plein jour,En agglomération,Hors intersection,Normale,Autre collision,,,,,,,,,,,1,2,1,1.0,6.0
201100030416,0011-06-17 13:40:00,11,6,17,13,40,380,185,"0, RUE DE LA BAJATI?RE",,,Plein jour,En agglomération,Intersection en X,Normale,Autre collision,,,,,,,,,,,1,2,2,1.0,6.0
201100030417,0011-06-18 08:45:00,11,6,18,8,45,380,185,"29, COURS JEAN JAUR?S",,,Plein jour,En agglomération,Intersection en X,Pluie légère,Autre collision,,,,,,,,,,,1,2,2,2.0,6.0
201100030418,0011-06-23 08:15:00,11,6,23,8,15,380,179,"0, AVENUE DE LA COMBE",,,Plein jour,Hors agglomération,Hors intersection,Pluie légère,Deux véhicules - frontale,,,,,,,,,,,1,1,1,2.0,1.0
201100030419,0011-06-23 18:40:00,11,6,23,18,40,380,185,"00, AVENUE PAUL VERLAINE",,,Plein jour,En agglomération,Hors intersection,Normale,Deux véhicules - arrière,,,,,,,,,,,1,2,1,1.0,2.0
201100030420,0011-06-24 21:30:00,11,6,24,21,30,380,151,"00, AVENUE DANIELLE CASA",,,Plein jour,En agglomération,Hors intersection,Normale,Deux véhicules - arrière,,,,,,,,,,,1,2,1,1.0,2.0
201100030421,0011-06-24 16:30:00,11,6,24,16,30,380,185,"00, COURS DE LA LIB?RATI",,,Plein jour,En agglomération,Intersection en X,Normale,Deux véhicules - côté,,,,,,,,,,,1,2,2,1.0,3.0
201100030422,0011-06-25 00:10:00,11,6,25,0,10,380,421,"00, RUE HENRI WALLON",,,Nuit avec éclairage allumé,En agglomération,Hors intersection,Normale,Deux véhicules - côté,,,,,,,,,,,5,2,1,1.0,3.0
201100030423,0011-06-26 01:30:00,11,6,26,1,30,380,185,"00, RUE DES D?PORT?S DU",,,Nuit avec éclairage allumé,En agglomération,Hors intersection,Normale,Deux véhicules - arrière,,,,,,,,,,,5,2,1,1.0,2.0
201100030424,0011-06-25 01:45:00,11,6,25,1,45,380,179,"00, AVENUE DE LA COMBE",,,Nuit sans éclairage public,Hors agglomération,Hors intersection,Normale,Deux véhicules - frontale,,,,,,,,,,,3,1,1,1.0,1.0
201100030425,0011-06-27 18:50:00,11,6,27,18,50,380,185,"00, PLACE DE METZ",,,Plein jour,En agglomération,Hors intersection,Normale,Deux véhicules - côté,,,,,,,,,,,1,2,1,1.0,3.0
201100030426,0011-06-28 00:55:00,11,6,28,0,55,380,185,"00, RUE G?N?RAL MARCHAND",,,Nuit avec éclairage allumé,En agglomération,Intersection en X,Normale,Deux véhicules - côté,,,,,,,,,,,5,2,2,1.0,3.0
201100030427,0011-06-28 12:05:00,11,6,28,12,5,380,516,"00, AVENUE DU GRAND SABL",,,Plein jour,En agglomération,Hors intersection,Normale,Autre collision,,,,,,,,,,,1,2,1,1.0,6.0
201100030428,0011-06-28 13:45:00,11,6,28,13,45,380,516,"00, 99 VOIE NON IDENTIFI",,,Plein jour,En agglomération,Hors intersection,Normale,Deux véhicules - arrière,,,,,,,,,,,1,2,1,1.0,2.0
201100030429,0011-06-28 18:15:00,11,6,28,18,15,380,185,"0, AVENUE ALBERT REYNIER",,,Plein jour,En agglomération,Hors intersection,Normale,Autre collision,,,,,,,,,,,1,2,1,1.0,6.0
201100030430,0011-06-30 16:00:00,11,6,30,16,0,380,516,"0, BOULEVARD DE LA CHANT",,,Plein jour,En agglomération,Hors intersection,Normale,Autre collision,,,,,,,,,,,1,2,1,1.0,6.0
201100030431,0011-07-01 06:15:00,11,7,1,6,15,380,185,"0, AVENUE MAR?CHAL RANDO",,,Plein jour,En agglomération,Intersection en X,Normale,Deux véhicules - côté,,,,,,,,,,,1,2,2,1.0,3.0
201100030432,0011-07-02 10:00:00,11,7,2,10,0,380,185,"1, RUE SUZANNE BUISSON",,,Plein jour,En agglomération,Intersection en X,Normale,Deux véhicules - côté,,,,,,,,,,,1,2,2,1.0,3.0
201100030433,0011-07-05 18:30:00,11,7,5,18,30,380,185,"0, AVENUE ALBERT REYNIER",,,Plein jour,En agglomération,Intersection en X,Normale,Autre collision,,,,,,,,,,,1,2,2,1.0,6.0
201100030434,0011-07-07 17:45:00,11,7,7,17,45,380,151,"0, RUE PAUL H?ROULT",,,Plein jour,En agglomération,Intersection en T,Normale,Deux véhicules - côté,,,,,,,,,,,1,2,3,1.0,3.0
201100030435,0011-07-12 12:50:00,11,7,12,12,50,380,423,99 VOIE NON IDENTIFIEE,,,Plein jour,En agglomération,Hors intersection,Normale,Autre collision,,,,,,,,,,,1,2,1,1.0,6.0
201100030436,0011-07-16 12:00:00,11,7,16,12,0,380,421,"0, AVENUE GABRIEL P?RI",,,Plein jour,En agglomération,Autre intersection,Normale,Autre collision,,,,,,,,,,,1,2,9,1.0,6.0
201100030437,0011-07-22 23:25:00,11,7,22,23,25,380,185,"0, RUE BARRAL DE MONTFER",,,Nuit avec éclairage allumé,En agglomération,Hors intersection,Normale,Autre collision,,,,,,,,,,,5,2,1,1.0,6.0