accident_id,datetime,annee,mois,jour,heure,minute,departement,commune_insee,adresse,latitude,longitude,luminosite,agglomeration,intersection,meteo,collision,nb_vehicules,nb_usagers,nb_indemnes,nb_tues,nb_blesses_hosp,nb_blesses_legers,age_cond_1,age_cond_2,veh_type_cond_1,veh_type_cond_2,lum_code,agg_code,int_code,atm_code,col_code
201100030562,0011-10-07 11:15:00,11,10,7,11,15,390,198,"0, GREVY (PLACE JULES)",,,Plein jour,En agglomération,Hors intersection,Normale,Autre collision,,,,,,,,,,,1,2,1,1.0,6.0
201100030563,0011-10-11 07:40:00,11,10,11,7,40,390,198,"14, MALET (RUE DU GENERA",,,Crépuscule ou aube,En agglomération,Hors intersection,Temps couvert,Deux véhicules - côté,,,,,,,,,,,2,2,1,8.0,3.0
201100030564,0011-10-14 17:00:00,11,10,14,17,0,390,198,"39, MONT ROLAND (RUE DU)",,,Plein jour,En agglomération,Hors intersection,Normale,Autre collision,,,,,,,,,,,1,2,1,1.0,6.0
201100030565,0011-11-08 20:20:00,11,11,8,20,20,390,198,LAHR (AVENUE DE),,,Nuit avec éclairage allumé,En agglomération,Hors intersection,Normale,Autre collision,,,,,,,,,,,5,2,1,1.0,6.0
201100030566,0011-02-04 15:10:00,11,2,4,15,10,390,300,"0, SALINES (RUE DES)",,,Plein jour,En agglomération,Autre intersection,Normale,Autre collision,,,,,,,,,,,1,2,9,1.0,6.0
201100030567,0011-04-02 20:30:00,11,4,2,20,30,390,300,"0, LATTRE DE TASSIGNY (B",,,Nuit sans éclairage public,En agglomération,Hors intersection,Normale,Deux véhicules - arrière,,,,,,,,,,,3,2,1,1.0,2.0
201100030568,0011-05-05 18:15:00,11,5,5,18,15,390,300,"0, GRENAT (AVENUE HENRI)",,,Plein jour,En agglomération,Intersection en T,Normale,Autre collision,,,,,,,,,,,1,2,3,1.0,6.0
201100030569,0011-07-03 19:30:00,11,7,3,19,30,390,300,"1, PUISEUX (RUE VICTOR)",,,Plein jour,Hors agglomération,Hors intersection,Normale,Deux véhicules - frontale,,,,,,,,,,,1,1,1,1.0,1.0
201100030570,0011-11-02 14:50:00,11,11,2,14,50,390,300,"1, SAINT DESIRE (RUE) DU",,,Plein jour,En agglomération,Hors intersection,Normale,Autre collision,,,,,,,,,,,1,2,1,1.0,6.0
201100030571,0011-03-19 02:30:00,11,3,19,2,30,400,279,ROSTAND (RUE EDMOND),,,Nuit avec éclairage allumé,En agglomération,Hors intersection,Normale,Autre collision,,,,,,,,,,,5,2,1,1.0,6.0
201100030572,0011-04-12 15:15:00,11,4,12,15,15,400,88,"1, SAINT-PIERRE (COURS)",,,Plein jour,En agglomération,Hors intersection,Normale,Autre collision,,,,,,,,,,,1,2,1,1.0,6.0
201100030573,0011-04-20 17:45:00,11,4,20,17,45,400,88,,,,Plein jour,En agglomération,Hors intersection,Normale,Autre collision,,,,,,,,,,,1,2,1,1.0,6.0
201100030574,0011-05-08 19:25:00,11,5,8,19,25,400,88,"2, SARRAT (BOULEVARD DU)",,,Plein jour,En agglomération,Hors intersection,Normale,Sans collision,,,,,,,,,,,1,2,1,1.0,7.0
201100030575,0011-05-20 15:05:00,11,5,20,15,5,400,88,"4, CROIX BLANCHE (RUE DE",,,Plein jour,En agglomération,Hors intersection,Normale,Autre collision,,,,,,,,,,,1,2,1,1.0,6.0
201100030576,0011-06-06 08:55:00,11,6,6,8,55,400,279,"1390, LACS DES (AVENUE)",,,Plein jour,En agglomération,Intersection en T,Normale,Deux véhicules - arrière,,,,,,,,,,,1,2,3,1.0,2.0
201100030577,0011-06-22 12:10:00,11,6,22,12,10,400,279,"14, DOMERCQ (RUE CHARLES",,,Plein jour,En agglomération,Hors intersection,Normale,Deux véhicules - côté,,,,,,,,,,,1,2,1,1.0,3.0
201100030578,0011-06-30 15:25:00,11,6,30,15,25,400,88,"21-23, ORTHEZ (ROUTE D')",,,Plein jour,En agglomération,Hors intersection,Normale,Autre collision,,,,,,,,,,,1,2,1,1.0,6.0
201100030579,0011-07-06 17:25:00,11,7,6,17,25,400,279,"2305, RESISTANCE (AVE DE",,,Plein jour,En agglomération,Hors intersection,Normale,Deux véhicules - côté,,,,,,,,,,,1,2,1,1.0,3.0
201100030580,0011-07-23 14:35:00,11,7,23,14,35,400,88,"16-18, bd roland GARROS",,,Plein jour,En agglomération,Hors intersection,Normale,Deux véhicules - frontale,,,,,,,,,,,1,2,1,1.0,1.0
201100030581,0011-09-25 18:50:00,11,9,25,18,50,400,88,"250, MANOIR (BOULEVARD Y",,,Plein jour,En agglomération,Giratoire,Normale,Sans collision,,,,,,,,,,,1,2,6,1.0,7.0
201100030582,0011-10-08 00:10:00,11,10,8,0,10,400,88,"20, REPUBLIQUE (AVENUE D",,,Nuit avec éclairage allumé,En agglomération,Hors intersection,Normale,Deux véhicules - arrière,,,,,,,,,,,5,2,1,1.0,2.0
201100030583,0011-10-08 15:40:00,11,10,8,15,40,400,279,parking intermarche,,,Plein jour,En agglomération,Autre intersection,Normale,Autre collision,,,,,,,,,,,1,2,9,1.0,6.0
201100030584,0011-10-21 17:25:00,11,10,21,17,25,400,88,MANOIR (BOULEVARD YVES D,,,Plein jour,En agglomération,Intersection en T,Normale,Deux véhicules - frontale,,,,,,,,,,,1,2,3,1.0,1.0
201100030585,0011-10-21 16:25:00,11,10,21,16,25,400,279,"449-475, SAINT-VINCENT D",,,Plein jour,En agglomération,Intersection en T,Normale,Deux véhicules - côté,,,,,,,,,,,1,2,3,1.0,3.0
201100030586,0011-10-29 18:10:00,11,10,29,18,10,400,88,"93, SAINT-VINCENT DE PAU",,,Plein jour,En agglomération,Hors intersection,Normale,Autre collision,,,,,,,,,,,1,2,1,1.0,6.0
201100030587,0011-11-10 07:50:00,11,11,10,7,50,400,279,LAUSSUZAN (CHEMIN DE) CD,,,Crépuscule ou aube,Hors agglomération,Hors intersection,Pluie légère,Deux véhicules - frontale,,,,,,,,,,,2,1,1,2.0,1.0
201100030588,0011-12-11 02:10:00,11,12,11,2,10,400,279,MINIERES (ROUTE DES) CD,,,Nuit sans éclairage public,Hors agglomération,Hors intersection,Normale,Sans collision,,,,,,,,,,,3,1,1,1.0,7.0
201100030589,0011-12-15 17:18:00,11,12,15,17,18,400,88,"179, SAINT-VINCENT DE PA",,,Plein jour,En agglomération,Intersection en T,Normale,Deux véhicules - côté,,,,,,,,,,,1,2,3,1.0,3.0
201100030590,0011-12-23 06:50:00,11,12,23,6,50,400,88,MANOIR (BOULEVARD YVES D,,,Nuit sans éclairage public,En agglomération,Autre intersection,Brouillard / fumée,Autre collision,,,,,,,,,,,3,2,9,5.0,6.0
201100030591,0011-12-29 05:25:00,11,12,29,5,25,400,279,LIBERTE (AVE DE LA),,,Nuit avec éclairage allumé,En agglomération,Intersection en T,Pluie légère,Deux véhicules - côté,,,,,,,,,,,5,2,3,2.0,3.0
201100030592,0011-12-30 23:25:00,11,12,30,23,25,400,88,"149, SAINT-VINCENT DE PA",,,Nuit avec éclairage allumé,En agglomération,Hors intersection,Pluie légère,Trois véhicules et plus - collisions multiples,,,,,,,,,,,5,2,1,2.0,5.0
201100030593,0011-01-18 17:06:00,11,1,18,17,6,400,192,avenu monge,,,Plein jour,Hors agglomération,Hors intersection,Normale,Deux véhicules - côté,,,,,,,,,,,1,1,1,1.0,3.0
201100030594,0011-01-20 04:30:00,11,1,20,4,30,400,281,SAINT-SEVER (AV DE),,,Nuit avec éclairage allumé,En agglomération,Hors intersection,Normale,Autre collision,,,,,,,,,,,5,2,1,1.0,6.0
201100030595,0011-01-21 16:30:00,11,1,21,16,30,400,192,"244, FOCH (AV DU MARECHA",,,Plein jour,En agglomération,Hors intersection,Normale,Trois véhicules et plus - en chaîne,,,,,,,,,,,1,2,1,1.0,4.0
201100030596,0011-01-31 08:00:00,11,1,31,8,0,400,192,PLACE STANISLAS BARON,,,Plein jour,En agglomération,Giratoire,Normale,Deux véhicules - côté,,,,,,,,,,,1,2,6,1.0,3.0
201100030597,0011-02-24 10:00:00,11,2,24,10,0,400,192,"475, CLEMENCEAU (AV GEOR",,,Plein jour,En agglomération,Intersection en X,Normale,Deux véhicules - arrière,,,,,,,,,,,1,2,2,1.0,2.0
201100030598,0011-03-16 23:20:00,11,3,16,23,20,400,192,FOCH (AV DU MARECHAL),,,Nuit avec éclairage allumé,En agglomération,Intersection en T,Pluie légère,Sans collision,,,,,,,,,,,5,2,3,2.0,7.0
201100030599,0011-03-21 17:05:00,11,3,21,17,5,400,192,CLEMENCEAU (AV GEORGE,,,Plein jour,En agglomération,Hors intersection,Normale,Trois véhicules et plus - en chaîne,,,,,,,,,,,1,2,1,1.0,4.0
201100030600,0011-03-21 16:30:00,11,3,21,16,30,400,192,FOCH (AV DU MARECHAL),,,Plein jour,En agglomération,Intersection en T,Normale,Deux véhicules - côté,,,,,,,,,,,1,2,3,1.0,3.0
201100030601,0011-03-25 17:00:00,11,3,25,17,0,400,192,", CANDAU (BD FERDINANT D",,,Plein jour,En agglomération,Intersection en T,Normale,Deux véhicules - côté,,,,,,,,,,,1,2,3,1.0,3.0
201100030602,0011-04-07 11:21:00,11,4,7,11,21,400,192,"., 34EME R.I. (BOULEVARD",,,Plein jour,En agglomération,Hors intersection,Normale,Autre collision,,,,,,,,,,,1,2,1,1.0,6.0
201100030603,0011-06-07 11:50:00,11,6,7,11,50,400,192,"0, NONERES (AV DE)",,,Plein jour,En agglomération,Intersection en T,Pluie légère,Deux véhicules - côté,,,,,,,,,,,1,2,3,2.0,3.0
201100030604,0011-06-28 11:00:00,11,6,28,11,0,400,281,Rd 824 ex RN124,,,Plein jour,Hors agglomération,Hors intersection,Normale,Deux véhicules - arrière,,,,,,,,,,,1,1,1,1.0,2.0
201100030605,0011-07-10 18:22:00,11,7,10,18,22,400,281,SABDE (AV GEORGES),,,Plein jour,En agglomération,Intersection en X,Normale,Deux véhicules - côté,,,,,,,,,,,1,2,2,1.0,3.0
201100030606,0011-08-04 11:20:00,11,8,4,11,20,400,192,".., REPUBLIQUE (BD DE LA",,,Plein jour,En agglomération,Hors intersection,Normale,Deux véhicules - arrière,,,,,,,,,,,1,2,1,1.0,2.0
201100030607,0011-08-09 14:23:00,11,8,9,14,23,400,192,"392, FOCH (AV DU MARECHA",,,Plein jour,En agglomération,Hors intersection,Normale,Deux véhicules - côté,,,,,,,,,,,1,2,1,1.0,3.0
201100030608,0011-08-12 17:45:00,11,8,12,17,45,400,192,"656, FOCH (AV DU MARECHA",,,Plein jour,En agglomération,Hors intersection,Normale,Trois véhicules et plus - collisions multiples,,,,,,,,,,,1,2,1,1.0,5.0
201100030609,0011-08-17 16:07:00,11,8,17,16,7,400,192,boulevard saint médard,,,Plein jour,En agglomération,Hors intersection,Normale,Trois véhicules et plus - collisions multiples,,,,,,,,,,,1,2,1,1.0,5.0
201100030610,0011-09-08 07:35:00,11,9,8,7,35,400,192,avenue de noneres,,,Plein jour,En agglomération,Intersection en T,Normale,Deux véhicules - côté,,,,,,,,,,,1,2,3,1.0,3.0
201100030611,0011-09-13 16:25:00,11,9,13,16,25,400,192,94 av bretagne de m.,,,Plein jour,Hors agglomération,Hors intersection,Temps éblouissant,Deux véhicules - côté,,,,,,,,,,,1,1,1,7.0,3.0
201100030612,0011-09-18 18:20:00,11,9,18,18,20,400,192,av. des grands pins,,,Plein jour,En agglomération,Hors intersection,Pluie légère,Deux véhicules - frontale,,,,,,,,,,,1,2,1,2.0,1.0
201100030613,0011-10-07 12:30:00,11,10,7,12,30,400,281,SAINT-SEVER (AV DE),,,Plein jour,En agglomération,Intersection en T,Normale,Deux véhicules - côté,,,,,,,,,,,1,2,3,1.0,3.0
201100030614,0011-10-20 20:00:00,11,10,20,20,0,400,192,"159, ROZANOFF(AV DU COL.",,,Nuit avec éclairage allumé,En agglomération,Intersection en T,Normale,Deux véhicules - côté,,,,,,,,,,,5,2,3,1.0,3.0
201100030615,0011-11-12 14:50:00,11,11,12,14,50,400,192,"48, FARBOS (AV HENRI)",,,Plein jour,En agglomération,Hors intersection,Normale,Deux véhicules - frontale,,,,,,,,,,,1,2,1,1.0,1.0
201100030616,0011-11-15 12:55:00,11,11,15,12,55,400,281,Rd 824 ex RN124,,,Plein jour,Hors agglomération,Autre intersection,Normale,Deux véhicules - arrière,,,,,,,,,,,1,1,9,1.0,2.0
201100030617,0011-11-18 17:25:00,11,11,18,17,25,400,192,,,,Crépuscule ou aube,En agglomération,Hors intersection,Normale,Autre collision,,,,,,,,,,,2,2,1,1.0,6.0
201100030618,0011-11-21 11:50:00,11,11,21,11,50,400,192,giratoire de hiroire,,,Plein jour,En agglomération,Hors intersection,Normale,Deux véhicules - côté,,,,,,,,,,,1,2,1,1.0,3.0
201100030619,0011-11-22 08:00:00,11,11,22,8,0,400,192,bd chemin vert,,,Plein jour,En agglomération,Intersection en X,Normale,Deux véhicules - arrière,,,,,,,,,,,1,2,2,1.0,2.0
201100030620,0011-12-12 08:00:00,11,12,12,8,0,400,192,REPUBLIQUE (BD DE LA),,,Crépuscule ou aube,En agglomération,Hors intersection,Pluie légère,Deux véhicules - côté,,,,,,,,,,,2,2,1,2.0,3.0
201100030621,0011-12-02 20:50:00,11,12,2,20,50,400,192,GAMBETTA LEON (RUE),,,Nuit avec éclairage allumé,En agglomération,Intersection en T,Normale,Autre collision,,,,,,,,,,,5,2,3,1.0,6.0
201100030622,0011-01-02 12:05:00,11,1,2,12,5,410,18,CROIX PICHON (RUE DE LA,,,Plein jour,En agglomération,Hors intersection,Normale,Deux véhicules - arrière,,,,,,,,,,,1,2,1,1.0,2.0
201100030623,0011-01-05 13:49:00,11,1,5,13,49,410,18,"35, CHATEAUDUN (AVENUE D",,,Plein jour,En agglomération,Intersection en T,Pluie légère,Deux véhicules - frontale,,,,,,,,,,,1,2,3,2.0,1.0
201100030624,0011-01-06 05:12:00,11,1,6,5,12,410,18,"25, MAUNOURY (AVENUE DU",,,Nuit avec éclairage allumé,En agglomération,Intersection en T,Pluie légère,Deux véhicules - côté,,,,,,,,,,,5,2,3,2.0,3.0
201100030625,0011-01-08 10:00:00,11,1,8,10,0,410,18,JUIN (AVENUE DU MARECHAL,,,Plein jour,En agglomération,Hors intersection,Normale,Autre collision,,,,,,,,,,,1,2,1,1.0,6.0
201100030626,0011-01-08 17:40:00,11,1,8,17,40,410,212,NATIONALE (ROUTE),47.5694,1.3608,Plein jour,En agglomération,Hors intersection,Pluie légère,Deux véhicules - arrière,,,,,,,,,,,1,2,1,2.0,2.0
201100030627,0011-01-08 18:55:00,11,1,8,18,55,410,18,AVENUE DE FRANCE,,,Nuit avec éclairage allumé,En agglomération,Intersection en X,Pluie légère,Deux véhicules - côté,,,,,,,,,,,5,2,2,2.0,3.0
201100030628,0011-01-12 13:20:00,11,1,12,13,20,410,18,SCHUMAN (AVENUE ROBERT),,,Plein jour,En agglomération,Hors intersection,Normale,Sans collision,,,,,,,,,,,1,2,1,1.0,7.0
201100030629,0011-01-17 17:55:00,11,1,17,17,55,410,18,"9, VEZIN (RUE ALEXANDRE)",,,Nuit avec éclairage allumé,En agglomération,Hors intersection,Normale,Deux véhicules - côté,,,,,,,,,,,5,2,1,1.0,3.0
201100030630,0011-01-18 19:00:00,11,1,18,19,0,410,18,"30-32, CHAINE (RUE DE LA",,,Nuit avec éclairage allumé,En agglomération,Hors intersection,Normale,Sans collision,,,,,,,,,,,5,2,1,1.0,7.0
201100030631,0011-01-19 14:28:00,11,1,19,14,28,410,47,DEBRE (ROBERT),,,Plein jour,En agglomération,Hors intersection,Normale,Trois véhicules et plus - en chaîne,,,,,,,,,,,1,2,1,1.0,4.0
201100030632,0011-01-21 13:27:00,11,1,21,13,27,410,18,CAMUS (RUE ALBERT),,,Plein jour,En agglomération,Hors intersection,Normale,Autre collision,,,,,,,,,,,1,2,1,1.0,6.0
201100030633,0011-01-21 13:41:00,11,1,21,13,41,410,18,CROIX PICHON (RUE DE LA,,,Plein jour,En agglomération,Hors intersection,Normale,Deux véhicules - arrière,,,,,,,,,,,1,2,1,1.0,2.0
201100030634,0011-01-25 18:35:00,11,1,25,18,35,410,18,LEWES (RUE DE),,,Nuit avec éclairage allumé,En agglomération,Hors intersection,Normale,Autre collision,,,,,,,,,,,5,2,1,1.0,6.0
201100030635,0011-01-26 12:30:00,11,1,26,12,30,410,18,SCHUMAN (AVENUE ROBERT),,,Plein jour,En agglomération,Hors intersection,Pluie légère,Deux véhicules - arrière,,,,,,,,,,,1,2,1,2.0,2.0
201100030636,0011-01-30 05:55:00,11,1,30,5,55,410,18,"115, BESNARD (QUAI ULYSS",47.5733,1.31286,Nuit avec éclairage allumé,En agglomération,Hors intersection,Normale,Sans collision,,,,,,,,,,,5,2,1,1.0,7.0
201100030637,0011-01-31 08:00:00,11,1,31,8,0,410,18,CITES UNIES (BOULEVARD D,47.6038,1.34687,Crépuscule ou aube,En agglomération,Hors intersection,Normale,Deux véhicules - côté,,,,,,,,,,,2,2,1,1.0,3.0
201100030638,0011-02-01 12:35:00,11,2,1,12,35,410,18,"142, BOURG NEUF (RUE DU)",,,Plein jour,En agglomération,Hors intersection,Normale,Sans collision,,,,,,,,,,,1,2,1,1.0,7.0
201100030639,0011-02-10 16:05:00,11,2,10,16,5,410,18,BOULLE (RUE ANDRE),,,Plein jour,En agglomération,Hors intersection,Normale,Deux véhicules - arrière,,,,,,,,,,,1,2,1,1.0,2.0
201100030640,0011-02-10 16:25:00,11,2,10,16,25,410,47,RD 2152,47.6192,1.36826,Plein jour,En agglomération,Hors intersection,Normale,Deux véhicules - arrière,,,,,,,,,,,1,2,1,1.0,2.0
201100030641,0011-02-23 14:20:00,11,2,23,14,20,410,18,MARE (RUE DE LA),,,Plein jour,En agglomération,Intersection en T,Pluie légère,Deux véhicules - frontale,,,,,,,,,,,1,2,3,2.0,1.0
201100030642,0011-02-26 14:20:00,11,2,26,14,20,410,212,PERRIERES (RUE DES),,,Plein jour,En agglomération,Intersection en X,Normale,Deux véhicules - frontale,,,,,,,,,,,1,2,2,1.0,1.0
201100030643,0011-02-27 16:08:00,11,2,27,16,8,410,18,SCHUMAN (AVENUE ROBERT),,,Plein jour,En agglomération,Hors intersection,Normale,Sans collision,,,,,,,,,,,1,2,1,1.0,7.0
201100030644,0011-03-03 14:25:00,11,3,3,14,25,410,18,DUGAY-TROUIN (RUE),,,Plein jour,En agglomération,Intersection en T,Normale,Deux véhicules - côté,,,,,,,,,,,1,2,3,1.0,3.0
201100030645,0011-03-04 18:50:00,11,3,4,18,50,410,18,BESNARD (QUAI ULYSSE),47.575,1.3161,Plein jour,En agglomération,Hors intersection,Normale,Deux véhicules - arrière,,,,,,,,,,,1,2,1,1.0,2.0
201100030646,0011-03-06 18:08:00,11,3,6,18,8,410,18,D174,,,Plein jour,En agglomération,Hors intersection,Normale,Autre collision,,,,,,,,,,,1,2,1,1.0,6.0
201100030647,0011-03-08 13:48:00,11,3,8,13,48,410,18,BESNARD (QUAI ULYSSE),47.575,1.3161,Plein jour,En agglomération,Hors intersection,Normale,Autre collision,,,,,,,,,,,1,2,1,1.0,6.0
201100030648,0011-03-08 18:11:00,11,3,8,18,11,410,18,BOURG NEUF (RUE DU),,,Plein jour,En agglomération,Intersection en T,Normale,Deux véhicules - côté,,,,,,,,,,,1,2,3,1.0,3.0
201100030649,0011-03-21 08:19:00,11,3,21,8,19,410,47,COPERNIC (RUE),,,Plein jour,En agglomération,Hors intersection,Normale,Deux véhicules - arrière,,,,,,,,,,,1,2,1,1.0,2.0
201100030650,0011-03-21 22:00:00,11,3,21,22,0,410,18,"22, WILSON (AVENUE DU PR",47.5825,1.34144,Nuit avec éclairage allumé,En agglomération,Hors intersection,Normale,Deux véhicules - frontale,,,,,,,,,,,5,2,1,1.0,1.0
201100030651,0011-03-25 08:30:00,11,3,25,8,30,410,18,"0, ARMAND (RUE LOUIS )",,,Plein jour,En agglomération,Intersection en X,Normale,Deux véhicules - côté,,,,,,,,,,,1,2,2,1.0,3.0
201100030652,0011-03-28 16:02:00,11,3,28,16,2,410,18,"51, AUVERGNE (RUE D')",,,Plein jour,En agglomération,Hors intersection,Normale,Deux véhicules - côté,,,,,,,,,,,1,2,1,1.0,3.0
201100030653,0011-03-30 12:50:00,11,3,30,12,50,410,18,"13, WILSON (AVENUE DU PR",47.5829,1.34079,Plein jour,En agglomération,Hors intersection,Normale,Deux véhicules - frontale,,,,,,,,,,,1,2,1,1.0,1.0
201100030654,0011-04-04 13:00:00,11,4,4,13,0,410,18,BOURG NEUF (RUE DU),,,Plein jour,En agglomération,Intersection en T,Normale,Deux véhicules - côté,,,,,,,,,,,1,2,3,1.0,3.0
201100030655,0011-04-05 13:08:00,11,4,5,13,8,410,18,"7, PICARDIERE (RUE)",,,Plein jour,En agglomération,Hors intersection,Normale,Autre collision,,,,,,,,,,,1,2,1,1.0,6.0
201100030656,0011-04-07 09:00:00,11,4,7,9,0,410,18,"9, INDUSTRIE (BOULEVARD",,,Plein jour,En agglomération,Hors intersection,Normale,Trois véhicules et plus - en chaîne,,,,,,,,,,,1,2,1,1.0,4.0
201100030657,0011-04-08 17:30:00,11,4,8,17,30,410,18,PINGRES (CHEMIN DES),,,Plein jour,En agglomération,Intersection en Y,Normale,Deux véhicules - côté,,,,,,,,,,,1,2,4,1.0,3.0
201100030658,0011-04-09 16:05:00,11,4,9,16,5,410,18,SAINT-JEAN (QUAI),47.5894,1.34124,Plein jour,En agglomération,Hors intersection,Normale,Deux véhicules - arrière,,,,,,,,,,,1,2,1,1.0,2.0
201100030659,0011-04-14 08:28:00,11,4,14,8,28,410,18,GENTIL (BOULEVARD RENE),47.5898,1.35356,Plein jour,Hors agglomération,Hors intersection,Normale,Deux véhicules - arrière,,,,,,,,,,,1,1,1,1.0,2.0
201100030660,0011-04-17 16:40:00,11,4,17,16,40,410,18,CABOCHON (RUE DE),,,Plein jour,En agglomération,Hors intersection,Normale,Sans collision,,,,,,,,,,,1,2,1,1.0,7.0
201100030661,0011-05-04 11:28:00,11,5,4,11,28,410,18,CITES UNIES (BOULEVARD D,47.5955,1.35199,Plein jour,Hors agglomération,Hors intersection,Normale,Deux véhicules - arrière,,,,,,,,,,,1,1,1,1.0,2.0
201100030662,0011-05-05 17:40:00,11,5,5,17,40,410,18,VENDOME (AVENUE DE),,,Plein jour,En agglomération,Hors intersection,Normale,Deux véhicules - arrière,,,,,,,,,,,1,2,1,1.0,2.0
201100030663,0011-05-06 19:00:00,11,5,6,19,0,410,18,METAIRIES (RUE DES),,,Plein jour,En agglomération,Intersection en T,Normale,Deux véhicules - côté,,,,,,,,,,,1,2,3,1.0,3.0
201100030664,0011-05-10 11:55:00,11,5,10,11,55,410,212,ROUTE DEPARTEMENTALE 765,47.5597,1.3759,Plein jour,Hors agglomération,Hors intersection,Normale,Deux véhicules - arrière,,,,,,,,,,,1,1,1,1.0,2.0
201100030665,0011-05-12 16:20:00,11,5,12,16,20,410,212,"9, VILLEBREME (RUE DE)",,,Plein jour,En agglomération,Hors intersection,Normale,Autre collision,,,,,,,,,,,1,2,1,1.0,6.0
201100030666,0011-05-13 13:58:00,11,5,13,13,58,410,18,"146, MAUNOURY (AVENUE DU",,,Plein jour,En agglomération,Hors intersection,Normale,Deux véhicules - arrière,,,,,,,,,,,1,2,1,1.0,2.0
201100030667,0011-05-13 18:25:00,11,5,13,18,25,410,18,DUPUIS (BOULEVARD DANIEL,47.5822,1.32366,Plein jour,En agglomération,Intersection en X,Normale,Deux véhicules - côté,,,,,,,,,,,1,2,2,1.0,3.0
201100030668,0011-05-19 16:05:00,11,5,19,16,5,410,18,BONCOUR (BOULEVARD JOSEP,,,Plein jour,Hors agglomération,Hors intersection,Normale,Deux véhicules - côté,,,,,,,,,,,1,1,1,1.0,3.0
201100030669,0011-05-19 17:10:00,11,5,19,17,10,410,18,LATTRE DE TASSIGNY (QUAI,47.5871,1.33778,Plein jour,En agglomération,Hors intersection,Normale,Trois véhicules et plus - en chaîne,,,,,,,,,,,1,2,1,1.0,4.0
201100030670,0011-06-02 16:45:00,11,6,2,16,45,410,18,JARDEL (RUE LUCIEN),,,Plein jour,En agglomération,Hors intersection,Normale,Autre collision,,,,,,,,,,,1,2,1,1.0,6.0
201100030671,0011-06-07 12:35:00,11,6,7,12,35,410,18,CAP CINE (ROND POINT),47.6111,1.33826,Plein jour,Hors agglomération,Giratoire,Normale,Deux véhicules - côté,,,,,,,,,,,1,1,6,1.0,3.0
201100030672,0011-06-08 05:15:00,11,6,8,5,15,410,18,INDUSTRIE (BOULEVARD DE,,,Nuit avec éclairage allumé,En agglomération,Hors intersection,Normale,Deux véhicules - frontale,,,,,,,,,,,5,2,1,1.0,1.0
201100030673,0011-06-14 13:05:00,11,6,14,13,5,410,18,DEBRE (ROBERT),,,Plein jour,En agglomération,Hors intersection,Normale,Deux véhicules - arrière,,,,,,,,,,,1,2,1,1.0,2.0
201100030674,0011-06-15 10:16:00,11,6,15,10,16,410,18,"43, DORGELES (RUE ROLAND",,,Plein jour,En agglomération,Hors intersection,Normale,Autre collision,,,,,,,,,,,1,2,1,1.0,6.0
201100030675,0011-06-22 18:30:00,11,6,22,18,30,410,18,"14, GAMBETTA (AVENUE)",,,Plein jour,En agglomération,Hors intersection,Normale,Trois véhicules et plus - en chaîne,,,,,,,,,,,1,2,1,1.0,4.0
201100030676,0011-06-24 10:42:00,11,6,24,10,42,410,18,INDUSTRIE (BOULEVARD DE,,,Plein jour,En agglomération,Hors intersection,Normale,Sans collision,,,,,,,,,,,1,2,1,1.0,7.0
201100030677,0011-06-25 21:35:00,11,6,25,21,35,410,18,COULANGES (ALLEE DE),,,Crépuscule ou aube,Hors agglomération,Hors intersection,Normale,Sans collision,,,,,,,,,,,2,1,1,1.0,7.0
201100030678,0011-06-26 07:35:00,11,6,26,7,35,410,18,WILSON (AVENUE DU PRESID,47.5813,1.34322,Plein jour,En agglomération,Hors intersection,Normale,Deux véhicules - côté,,,,,,,,,,,1,2,1,1.0,3.0
201100030679,0011-06-27 08:43:00,11,6,27,8,43,410,18,"2, LIMOUSIN (RUE DU)",,,Plein jour,En agglomération,Hors intersection,Temps éblouissant,Deux véhicules - arrière,,,,,,,,,,,1,2,1,7.0,2.0
201100030680,0011-06-29 07:20:00,11,6,29,7,20,410,18,DEBRE (ROBERT),,,Plein jour,Hors agglomération,Hors intersection,Normale,Sans collision,,,,,,,,,,,1,1,1,1.0,7.0
201100030681,0011-06-30 12:15:00,11,6,30,12,15,410,18,CHATEAUDUN (AVENUE DE),,,Plein jour,En agglomération,Intersection en T,Normale,Deux véhicules - côté,,,,,,,,,,,1,2,3,1.0,3.0
201100030682,0011-07-02 04:55:00,11,7,2,4,55,410,18,"73, CHATEAUDUN (AVENUE D",,,Crépuscule ou aube,En agglomération,Hors intersection,Normale,Autre collision,,,,,,,,,,,2,2,1,1.0,6.0
201100030683,0011-07-04 10:00:00,11,7,4,10,0,410,212,NATIONALE (ROUTE),47.5677,1.36335,Plein jour,En agglomération,Hors intersection,Normale,Deux véhicules - côté,,,,,,,,,,,1,2,1,1.0,3.0
201100030684,0011-07-05 10:00:00,11,7,5,10,0,410,18,AUGE (BOULEVARD MARC ET,47.5714,1.34375,Plein jour,En agglomération,Hors intersection,Normale,Deux véhicules - frontale,,,,,,,,,,,1,2,1,1.0,1.0
201100030685,0011-07-06 14:30:00,11,7,6,14,30,410,18,D174,47.5734,1.36884,Plein jour,En agglomération,Hors intersection,Normale,Deux véhicules - arrière,,,,,,,,,,,1,2,1,1.0,2.0
201100030686,0011-07-07 14:15:00,11,7,7,14,15,410,18,FRANCE (AVENUE DE)  1,,,Plein jour,En agglomération,Hors intersection,Normale,Deux véhicules - arrière,,,,,,,,,,,1,2,1,1.0,2.0
201100030687,0011-07-13 15:15:00,11,7,13,15,15,410,18,CROIX PICHON (RUE DE LA,,,Plein jour,En agglomération,Intersection en T,Normale,Deux véhicules - côté,,,,,,,,,,,1,2,3,1.0,3.0