accident_id,datetime,annee,mois,jour,heure,minute,departement,commune_insee,adresse,latitude,longitude,luminosite,agglomeration,intersection,meteo,collision,nb_vehicules,nb_usagers,nb_indemnes,nb_tues,nb_blesses_hosp,nb_blesses_legers,age_cond_1,age_cond_2,veh_type_cond_1,veh_type_cond_2,lum_code,agg_code,int_code,atm_code,col_code
201100030688,0011-07-17 05:50:00,11,7,17,5,50,410,18,LATTRE DE TASSIGNY (QUAI,47.5879,1.33908,Nuit avec éclairage allumé,En agglomération,Hors intersection,Normale,Autre collision,,,,,,,,,,,5,2,1,1.0,6.0
201100030689,0011-07-17 19:35:00,11,7,17,19,35,410,47,RD 2152,47.612,1.35983,Plein jour,En agglomération,Intersection en X,Normale,Deux véhicules - arrière,,,,,,,,,,,1,2,2,1.0,2.0
201100030690,0011-07-21 12:55:00,11,7,21,12,55,410,18,DEBRE (ROBERT),,,Plein jour,En agglomération,Hors intersection,Pluie légère,Sans collision,,,,,,,,,,,1,2,1,2.0,7.0
201100030691,0011-07-21 18:38:00,11,7,21,18,38,410,18,DUPUIS (BOULEVARD DANIEL,47.5816,1.32353,Plein jour,En agglomération,Hors intersection,Pluie légère,Deux véhicules - côté,,,,,,,,,,,1,2,1,2.0,3.0
201100030692,0011-07-22 11:45:00,11,7,22,11,45,410,18,DUPUIS (BOULEVARD DANIEL,47.5818,1.32366,Plein jour,En agglomération,Hors intersection,Pluie légère,Trois véhicules et plus - collisions multiples,,,,,,,,,,,1,2,1,2.0,5.0
201100030693,0011-07-22 12:25:00,11,7,22,12,25,410,18,FOIX (QUAI DU),,,Plein jour,En agglomération,Hors intersection,Pluie légère,Deux véhicules - arrière,,,,,,,,,,,1,2,1,2.0,2.0
201100030694,0011-07-22 19:48:00,11,7,22,19,48,410,18,MOULIN (RUE JEAN),,,Plein jour,En agglomération,Hors intersection,Pluie légère,Deux véhicules - côté,,,,,,,,,,,1,2,1,2.0,3.0
201100030695,0011-07-28 11:47:00,11,7,28,11,47,410,18,BAUDET (RUE ETIENNE) 1,,,Plein jour,En agglomération,Hors intersection,Normale,Deux véhicules - arrière,,,,,,,,,,,1,2,1,1.0,2.0
201100030696,0011-07-28 08:20:00,11,7,28,8,20,410,18,CITES UNIES (ROND POINT),47.6111,1.33826,Plein jour,En agglomération,Giratoire,Normale,Deux véhicules - côté,,,,,,,,,,,1,2,6,1.0,3.0
201100030697,0011-07-30 10:00:00,11,7,30,10,0,410,18,GREGOIRE (QUAI DE L'ABBE,47.5823,1.3311,Plein jour,En agglomération,Hors intersection,Normale,Trois véhicules et plus - collisions multiples,,,,,,,,,,,1,2,1,1.0,5.0
201100030698,0011-07-31 04:25:00,11,7,31,4,25,410,18,MARE (RUE DE LA),,,Nuit avec éclairage allumé,En agglomération,Hors intersection,Normale,Sans collision,,,,,,,,,,,5,2,1,1.0,7.0
201100030699,0011-08-01 04:35:00,11,8,1,4,35,410,47,RD 2152,47.6045,1.35125,Nuit avec éclairage allumé,En agglomération,Hors intersection,Normale,Deux véhicules - arrière,,,,,,,,,,,5,2,1,1.0,2.0
201100030700,0011-08-05 08:55:00,11,8,5,8,55,410,18,ARTOIS (RUE D'),,,Plein jour,En agglomération,Intersection en T,Pluie légère,Deux véhicules - côté,,,,,,,,,,,1,2,3,2.0,3.0
201100030701,0011-08-07 07:45:00,11,8,7,7,45,410,18,VENDOME (AVENUE DE),,,Crépuscule ou aube,En agglomération,Hors intersection,Normale,Autre collision,,,,,,,,,,,2,2,1,1.0,6.0
201100030702,0011-08-10 19:35:00,11,8,10,19,35,410,47,RD 952 A,47.6115,1.35932,Plein jour,En agglomération,Hors intersection,Normale,Deux véhicules - arrière,,,,,,,,,,,1,2,1,1.0,2.0
201100030703,0011-08-13 19:30:00,11,8,13,19,30,410,18,BOULLE (RUE ANDRE),,,Plein jour,En agglomération,Hors intersection,Normale,Deux véhicules - côté,,,,,,,,,,,1,2,1,1.0,3.0
201100030704,0011-08-15 19:40:00,11,8,15,19,40,410,18,VENDOME (AVENUE DE),,,Plein jour,En agglomération,Hors intersection,Normale,Deux véhicules - côté,,,,,,,,,,,1,2,1,1.0,3.0
201100030705,0011-08-15 17:10:00,11,8,15,17,10,410,18,EUROPE (AVENUE DE L')  N,,,Plein jour,En agglomération,Intersection en T,Normale,Deux véhicules - côté,,,,,,,,,,,1,2,3,1.0,3.0
201100030706,0011-08-25 13:00:00,11,8,25,13,0,410,18,BOUGAINVILLE (RUE),,,Plein jour,En agglomération,Hors intersection,Normale,Deux véhicules - côté,,,,,,,,,,,1,2,1,1.0,3.0
201100030707,0011-08-26 15:22:00,11,8,26,15,22,410,18,CITES UNIES (BOULEVARD D,47.6094,1.33979,Plein jour,En agglomération,Hors intersection,Normale,Trois véhicules et plus - collisions multiples,,,,,,,,,,,1,2,1,1.0,5.0
201100030708,0011-08-30 16:20:00,11,8,30,16,20,410,18,COULANGES (ALLEE DE),,,Plein jour,Hors agglomération,Hors intersection,Normale,Sans collision,,,,,,,,,,,1,1,1,1.0,7.0
201100030709,0011-08-31 11:50:00,11,8,31,11,50,410,18,COULANGES (ALLEE DE),,,Plein jour,Hors agglomération,Hors intersection,Normale,Deux véhicules - frontale,,,,,,,,,,,1,1,1,1.0,1.0
201100030710,0011-09-09 08:15:00,11,9,9,8,15,410,18,PRESSOIR BLANC (RUE DU),,,Plein jour,En agglomération,Hors intersection,Normale,Deux véhicules - côté,,,,,,,,,,,1,2,1,1.0,3.0
201100030711,0011-09-09 16:49:00,11,9,9,16,49,410,18,"28, VENDOME (AVENUE DE)",,,Plein jour,En agglomération,Hors intersection,Normale,Deux véhicules - côté,,,,,,,,,,,1,2,1,1.0,3.0
201100030712,0011-09-15 09:40:00,11,9,15,9,40,410,18,SAUSSAYE (QUAI DE LA),47.5853,1.33524,Plein jour,En agglomération,Hors intersection,Normale,Autre collision,,,,,,,,,,,1,2,1,1.0,6.0
201100030713,0011-09-16 07:48:00,11,9,16,7,48,410,18,CHATEAUDUN (AVENUE DE),,,Crépuscule ou aube,En agglomération,Hors intersection,Pluie légère,Deux véhicules - côté,,,,,,,,,,,2,2,1,2.0,3.0
201100030714,0011-09-16 08:45:00,11,9,16,8,45,410,18,RD 952,47.5774,1.32005,Plein jour,En agglomération,Hors intersection,Pluie légère,Deux véhicules - arrière,,,,,,,,,,,1,2,1,2.0,2.0
201100030715,0011-09-17 01:35:00,11,9,17,1,35,410,295,D174,47.5881,1.36156,Nuit avec éclairage allumé,Hors agglomération,Hors intersection,Normale,Sans collision,,,,,,,,,,,5,1,1,1.0,7.0
201100030716,0011-09-19 11:30:00,11,9,19,11,30,410,212,D 956,47.5681,1.36269,Plein jour,Hors agglomération,Hors intersection,Normale,Deux véhicules - côté,,,,,,,,,,,1,1,1,1.0,3.0
201100030717,0011-09-27 11:26:00,11,9,27,11,26,410,18,DE GAULLE (PONT DU GENER,,,Plein jour,Hors agglomération,Hors intersection,Normale,Autre collision,,,,,,,,,,,1,1,1,1.0,6.0
201100030718,0011-09-28 20:20:00,11,9,28,20,20,410,18,DUGAY-TROUIN (RUE)  N? I,,,Plein jour,En agglomération,Hors intersection,Normale,Deux véhicules - arrière,,,,,,,,,,,1,2,1,1.0,2.0
201100030719,0011-09-28 10:45:00,11,9,28,10,45,410,18,ANGLETERRE (RUE D'),,,Plein jour,En agglomération,Hors intersection,Normale,Deux véhicules - arrière,,,,,,,,,,,1,2,1,1.0,2.0
201100030720,0011-09-29 12:35:00,11,9,29,12,35,410,18,ARCHES (RUE DES),,,Plein jour,En agglomération,Hors intersection,Normale,Deux véhicules - côté,,,,,,,,,,,1,2,1,1.0,3.0
201100030721,0011-10-04 08:05:00,11,10,4,8,5,410,212,NATIONALE (ROUTE),47.5725,1.35614,Plein jour,En agglomération,Hors intersection,Normale,Deux véhicules - côté,,,,,,,,,,,1,2,1,1.0,3.0
201100030722,0011-10-05 12:07:00,11,10,5,12,7,410,18,CHATEAUDUN (AVENUE DE),,,Plein jour,En agglomération,Hors intersection,Normale,Sans collision,,,,,,,,,,,1,2,1,1.0,7.0
201100030723,0011-10-05 14:05:00,11,10,5,14,5,410,18,"70, WILSON (AVENUE DU PR",47.5804,1.34452,Plein jour,En agglomération,Hors intersection,Normale,Deux véhicules - arrière,,,,,,,,,,,1,2,1,1.0,2.0
201100030724,0011-10-12 07:25:00,11,10,12,7,25,410,18,CITES UNIES (ROND POINT),47.6111,1.33826,Crépuscule ou aube,Hors agglomération,Giratoire,Normale,Deux véhicules - côté,,,,,,,,,,,2,1,6,1.0,3.0
201100030725,0011-10-17 09:05:00,11,10,17,9,5,410,18,VENDOME (AVENUE DE),,,Plein jour,En agglomération,Hors intersection,Normale,Deux véhicules - arrière,,,,,,,,,,,1,2,1,1.0,2.0
201100030726,0011-10-18 08:40:00,11,10,18,8,40,410,18,"24 BIS, GARENNE (RUE DE",,,Plein jour,En agglomération,Hors intersection,Normale,Sans collision,,,,,,,,,,,1,2,1,1.0,7.0
201100030727,0011-10-18 19:13:00,11,10,18,19,13,410,18,WILSON (AVENUE DU PRESID,47.5815,1.34295,Nuit avec éclairage allumé,En agglomération,Hors intersection,Pluie légère,Autre collision,,,,,,,,,,,5,2,1,2.0,6.0
201100030728,0011-10-19 15:59:00,11,10,19,15,59,410,18,TOURVILLE (RUE DU MARECH,,,Plein jour,En agglomération,Intersection en T,Normale,Deux véhicules - côté,,,,,,,,,,,1,2,3,1.0,3.0
201100030729,0011-10-19 18:10:00,11,10,19,18,10,410,18,CAMUS (RUE ALBERT),,,Plein jour,En agglomération,Hors intersection,Normale,Sans collision,,,,,,,,,,,1,2,1,1.0,7.0
201100030730,0011-10-20 13:00:00,11,10,20,13,0,410,18,WALDSHUT (RUE DE),,,Plein jour,En agglomération,Hors intersection,Normale,Sans collision,,,,,,,,,,,1,2,1,1.0,7.0
201100030731,0011-10-21 07:41:00,11,10,21,7,41,410,212,PATTE D'OIE (ROND POINT),47.5615,1.37295,Crépuscule ou aube,Hors agglomération,Giratoire,Normale,Deux véhicules - côté,,,,,,,,,,,2,1,6,1.0,3.0
201100030732,0011-10-21 17:55:00,11,10,21,17,55,410,18,BONCOUR (BOULEVARD JOSEP,,,Plein jour,En agglomération,Hors intersection,Normale,Trois véhicules et plus - en chaîne,,,,,,,,,,,1,2,1,1.0,4.0
201100030733,0011-10-24 13:40:00,11,10,24,13,40,410,18,WILSON (AVENUE DU PRESID,47.5832,1.34041,Plein jour,En agglomération,Hors intersection,Normale,Sans collision,,,,,,,,,,,1,2,1,1.0,7.0
201100030734,0011-10-25 00:05:00,11,10,25,0,5,410,18,"24, GARENNE (RUE DE LA)",,,Nuit avec éclairage allumé,En agglomération,Hors intersection,Pluie légère,Autre collision,,,,,,,,,,,5,2,1,2.0,6.0
201100030735,0011-10-30 13:00:00,11,10,30,13,0,410,18,D174,47.5941,1.35375,Plein jour,Hors agglomération,Hors intersection,Normale,Sans collision,,,,,,,,,,,1,1,1,1.0,7.0
201100030736,0011-10-31 17:06:00,11,10,31,17,6,410,212,D 956,47.5737,1.35446,Plein jour,En agglomération,Hors intersection,Normale,Deux véhicules - arrière,,,,,,,,,,,1,2,1,1.0,2.0
201100030737,0011-10-31 22:10:00,11,10,31,22,10,410,18,CHATEAUDUN (AVENUE DE),,,Nuit avec éclairage allumé,En agglomération,Hors intersection,Normale,Deux véhicules - côté,,,,,,,,,,,5,2,1,1.0,3.0
201100030738,0011-11-03 14:50:00,11,11,3,14,50,410,18,BOULLE (RUE ANDRE),,,Plein jour,En agglomération,Hors intersection,Pluie légère,Deux véhicules - côté,,,,,,,,,,,1,2,1,2.0,3.0
201100030739,0011-11-05 14:00:00,11,11,5,14,0,410,18,RIFFAULT (RUE EUGENE),,,Plein jour,En agglomération,Hors intersection,Normale,Deux véhicules - frontale,,,,,,,,,,,1,2,1,1.0,1.0
201100030740,0011-11-07 16:15:00,11,11,7,16,15,410,18,BEGON (RUE MICHEL ),,,Plein jour,En agglomération,Intersection en T,Pluie légère,Deux véhicules - côté,,,,,,,,,,,1,2,3,2.0,3.0
201100030741,0011-11-08 15:55:00,11,11,8,15,55,410,18,COLOMB (RUE CHRISTOPHE),,,Plein jour,En agglomération,Intersection en X,Pluie légère,Deux véhicules - côté,,,,,,,,,,,1,2,2,2.0,3.0
201100030742,0011-11-13 20:35:00,11,11,13,20,35,410,18,MAUNOURY (AVENUE DU MARE,,,Nuit avec éclairage allumé,En agglomération,Intersection en T,Normale,Deux véhicules - frontale,,,,,,,,,,,5,2,3,1.0,1.0
201100030743,0011-11-10 17:52:00,11,11,10,17,52,410,18,VENDOME (AVENUE DE),,,Nuit avec éclairage allumé,En agglomération,Hors intersection,Normale,Trois véhicules et plus - collisions multiples,,,,,,,,,,,5,2,1,1.0,5.0
201100030744,0011-11-14 13:40:00,11,11,14,13,40,410,18,VAUBAN (BOULEVARD),,,Plein jour,En agglomération,Hors intersection,Normale,Deux véhicules - côté,,,,,,,,,,,1,2,1,1.0,3.0
201100030745,0011-11-17 09:56:00,11,11,17,9,56,410,18,RIFFAULT (RUE EUGENE),,,Plein jour,En agglomération,Hors intersection,Normale,Autre collision,,,,,,,,,,,1,2,1,1.0,6.0
201100030746,0011-11-17 10:20:00,11,11,17,10,20,410,18,GENTIL (BOULEVARD RENE),47.5894,1.35196,Plein jour,En agglomération,Intersection en T,Normale,Deux véhicules - côté,,,,,,,,,,,1,2,3,1.0,3.0
201100030747,0011-11-17 11:30:00,11,11,17,11,30,410,18,RIFFAULT (RUE EUGENE),,,Plein jour,En agglomération,Hors intersection,Normale,Autre collision,,,,,,,,,,,1,2,1,1.0,6.0
201100030748,0011-11-17 13:25:00,11,11,17,13,25,410,18,"130, BOURG NEUF (RUE DU)",,,Plein jour,En agglomération,Hors intersection,Normale,Autre collision,,,,,,,,,,,1,2,1,1.0,6.0
201100030749,0011-11-17 18:55:00,11,11,17,18,55,410,18,DUGAY-TROUIN (RUE)  N  I,,,Nuit avec éclairage allumé,En agglomération,Hors intersection,Normale,Sans collision,,,,,,,,,,,5,2,1,1.0,7.0
201100030750,0011-11-18 07:52:00,11,11,18,7,52,410,18,DUGAY-TROUIN (RUE)  N  I,,,Plein jour,En agglomération,Intersection en T,Normale,Deux véhicules - côté,,,,,,,,,,,1,2,3,1.0,3.0
201100030751,0011-11-21 15:00:00,11,11,21,15,0,410,18,DUGAY-TROUIN (RUE)  N  I,,,Plein jour,En agglomération,Hors intersection,Normale,Trois véhicules et plus - collisions multiples,,,,,,,,,,,1,2,1,1.0,5.0
201100030752,0011-11-24 20:33:00,11,11,24,20,33,410,18,VENDOME (AVENUE DE),,,Nuit avec éclairage allumé,En agglomération,Hors intersection,Normale,Deux véhicules - côté,,,,,,,,,,,5,2,1,1.0,3.0
201100030753,0011-11-25 08:19:00,11,11,25,8,19,410,212,D 956,47.5604,1.37316,Crépuscule ou aube,Hors agglomération,Hors intersection,Normale,Trois véhicules et plus - en chaîne,,,,,,,,,,,2,1,1,1.0,4.0
201100030754,0011-11-27 17:55:00,11,11,27,17,55,410,18,GENTIL (BOULEVARD RENE),47.5894,1.35196,Nuit avec éclairage non allumé,Hors agglomération,Intersection en T,Pluie légère,Deux véhicules - côté,,,,,,,,,,,4,1,3,2.0,3.0
201100030755,0011-11-29 16:05:00,11,11,29,16,5,410,18,VENDOME (AVENUE DE),,,Plein jour,En agglomération,Hors intersection,Normale,Deux véhicules - côté,,,,,,,,,,,1,2,1,1.0,3.0
201100030756,0011-12-05 10:59:00,11,12,5,10,59,410,18,"42, LATTRE DE TASSIGNY (",47.5876,1.33859,Plein jour,En agglomération,Hors intersection,Normale,Trois véhicules et plus - en chaîne,,,,,,,,,,,1,2,1,1.0,4.0
201100030757,0011-12-05 17:30:00,11,12,5,17,30,410,18,"9, INDUSTRIE (BOULEVARD",,,Nuit avec éclairage allumé,En agglomération,Hors intersection,Normale,Trois véhicules et plus - en chaîne,,,,,,,,,,,5,2,1,1.0,4.0
201100030758,0011-12-11 21:18:00,11,12,11,21,18,410,18,GENTIL (BOULEVARD RENE),47.5793,1.3503,Nuit avec éclairage allumé,Hors agglomération,Hors intersection,Pluie légère,Deux véhicules - arrière,,,,,,,,,,,5,1,1,2.0,2.0
201100030759,0011-12-12 14:26:00,11,12,12,14,26,410,18,"140, CHATEAUDUN (AVENUE",,,Plein jour,En agglomération,Hors intersection,Normale,Trois véhicules et plus - en chaîne,,,,,,,,,,,1,2,1,1.0,4.0
201100030760,0011-12-12 16:56:00,11,12,12,16,56,410,18,ROBERT NAU (ROND POINT),47.6142,1.33414,Nuit avec éclairage allumé,En agglomération,Giratoire,Normale,Deux véhicules - arrière,,,,,,,,,,,5,2,6,1.0,2.0
201100030761,0011-12-14 13:15:00,11,12,14,13,15,410,18,"12, BILLOUX (RUE FRANCOI",,,Plein jour,En agglomération,Hors intersection,Pluie forte,Autre collision,,,,,,,,,,,1,2,1,3.0,6.0
201100030762,0011-12-14 16:30:00,11,12,14,16,30,410,18,D 766,47.5819,1.27019,Plein jour,Hors agglomération,Intersection en X,Pluie légère,Deux véhicules - côté,,,,,,,,,,,1,1,2,2.0,3.0
201100030763,0011-12-22 09:30:00,11,12,22,9,30,410,47,CHAMPLOUET (RUE DE),,,Plein jour,En agglomération,Hors intersection,Normale,Deux véhicules - côté,,,,,,,,,,,1,2,1,1.0,3.0
201100030764,0011-02-08 15:05:00,11,2,8,15,5,410,194,LANGON (ROUTE DE),47.3411,1.75703,Plein jour,Hors agglomération,Hors intersection,Normale,Sans collision,,,,,,,,,,,1,1,1,1.0,7.0
201100030765,0011-03-11 20:45:00,11,3,11,20,45,410,194,"25, JULES GUESDES (RUE)",,,Nuit avec éclairage allumé,En agglomération,Hors intersection,Normale,Deux véhicules - côté,,,,,,,,,,,5,2,1,1.0,3.0
201100030766,0011-03-22 14:00:00,11,3,22,14,0,410,194,PARIS (AVENUE DE),,,Plein jour,En agglomération,Hors intersection,Normale,Autre collision,,,,,,,,,,,1,2,1,1.0,6.0
201100030767,0011-04-10 16:20:00,11,4,10,16,20,410,194,"FACE 94, LANGON (ROUTE D",47.3322,1.76928,Plein jour,En agglomération,Intersection en T,Normale,Deux véhicules - côté,,,,,,,,,,,1,2,3,1.0,3.0
201100030768,0011-04-18 13:55:00,11,4,18,13,55,410,194,ORLEANS (ROUTE D'),47.3858,1.73816,Plein jour,Hors agglomération,Hors intersection,Normale,Deux véhicules - frontale,,,,,,,,,,,1,1,1,1.0,1.0
201100030769,0011-04-26 08:50:00,11,4,26,8,50,410,194,VERNOU (ROUTE DE),47.3829,1.72935,Plein jour,Hors agglomération,Intersection en X,Normale,Deux véhicules - côté,,,,,,,,,,,1,1,2,1.0,3.0
201100030770,0011-07-02 10:55:00,11,7,2,10,55,410,194,"128, HUIT MAI (RUE DU)",,,Plein jour,En agglomération,Hors intersection,Normale,Deux véhicules - côté,,,,,,,,,,,1,2,1,1.0,3.0
201100030771,0011-10-25 07:50:00,11,10,25,7,50,410,194,"14, JEAN JAURES (BOULEVA",,,Crépuscule ou aube,En agglomération,Hors intersection,Normale,Autre collision,,,,,,,,,,,2,2,1,1.0,6.0
201100030772,0011-01-01 18:15:00,11,1,1,18,15,410,269,"., MAILLETTES (RUE DES)",,,Nuit avec éclairage allumé,En agglomération,Intersection en T,Normale,Deux véhicules - côté,,,,,,,,,,,5,2,3,1.0,3.0
201100030773,0011-01-19 09:45:00,11,1,19,9,45,410,269,BLOIS (ROUTE DE),47.7642,1.09696,Plein jour,Hors agglomération,Hors intersection,Temps éblouissant,Autre collision,,,,,,,,,,,1,1,1,7.0,6.0
201100030774,0011-02-20 14:45:00,11,2,20,14,45,410,269,"., YVON (AVENUE GERARD)",47.7967,1.05531,Plein jour,En agglomération,Intersection en X,Normale,Sans collision,,,,,,,,,,,1,2,2,1.0,7.0
201100030775,0011-03-17 17:40:00,11,3,17,17,40,410,269,"., RONSARD (AVENUE) (SEC",47.7984,1.04538,Plein jour,En agglomération,Hors intersection,Normale,Deux véhicules - côté,,,,,,,,,,,1,2,1,1.0,3.0
201100030776,0011-03-19 08:15:00,11,3,19,8,15,410,269,"., TOURS (ROUTE DE)",,,Plein jour,En agglomération,Hors intersection,Normale,Sans collision,,,,,,,,,,,1,2,1,1.0,7.0
201100030777,0011-03-22 17:10:00,11,3,22,17,10,410,269,"., ETATS UNIS D'AMERIQUE",47.7934,1.06013,Plein jour,En agglomération,Intersection en T,Normale,Deux véhicules - arrière,,,,,,,,,,,1,2,3,1.0,2.0
201100030778,0011-03-28 14:40:00,11,3,28,14,40,410,269,"175, SAINT BIENHEURE (FA",47.7941,1.09153,Plein jour,En agglomération,Hors intersection,Normale,Deux véhicules - frontale,,,,,,,,,,,1,2,1,1.0,1.0
201100030779,0011-04-09 16:15:00,11,4,9,16,15,410,269,"., KENNEDY (BOULEVARD DU",,,Plein jour,En agglomération,Intersection en X,Normale,Deux véhicules - côté,,,,,,,,,,,1,2,2,1.0,3.0
201100030780,0011-04-09 11:50:00,11,4,9,11,50,410,158,"., FOLIETTE (LA) (LIEU-D",47.7934,1.04438,Plein jour,En agglomération,Hors intersection,Normale,Deux véhicules - côté,,,,,,,,,,,1,2,1,1.0,3.0
201100030781,0011-05-11 16:30:00,11,5,11,16,30,410,269,"., CLEMENCEAU (AVENUE GE",,,Plein jour,En agglomération,Intersection en X,Normale,Deux véhicules - côté,,,,,,,,,,,1,2,2,1.0,3.0
201100030782,0011-05-28 23:55:00,11,5,28,23,55,410,269,"52, BRIAND (AVENUE ARIST",,,Nuit avec éclairage allumé,En agglomération,Hors intersection,Normale,Sans collision,,,,,,,,,,,5,2,1,1.0,7.0
201100030783,0011-06-01 16:30:00,11,6,1,16,30,410,269,"., RONSARD (AVENUE) (SEC",,,Plein jour,En agglomération,Hors intersection,Normale,Deux véhicules - arrière,,,,,,,,,,,1,2,1,1.0,2.0
201100030784,0011-06-09 08:20:00,11,6,9,8,20,410,158,"., VIEUX-PUITS (RUE DU)",47.7875,1.0355,Plein jour,Hors agglomération,Intersection en T,Normale,Deux véhicules - côté,,,,,,,,,,,1,1,3,1.0,3.0
201100030785,0011-06-09 05:40:00,11,6,9,5,40,410,158,"., MONTRIEUX (RUE DE)",,,Crépuscule ou aube,Hors agglomération,Intersection en X,Normale,Deux véhicules - côté,,,,,,,,,,,2,1,2,1.0,3.0
201100030786,0011-06-22 19:20:00,11,6,22,19,20,410,269,"., FORET (RUE DE LA)",,,Plein jour,En agglomération,Intersection en T,Normale,Deux véhicules - côté,,,,,,,,,,,1,2,3,1.0,3.0
201100030787,0011-06-24 23:55:00,11,6,24,23,55,410,226,"., ROCHEBOYER (RUE DE)",,,Nuit avec éclairage allumé,En agglomération,Hors intersection,Normale,Deux véhicules - côté,,,,,,,,,,,5,2,1,1.0,3.0
201100030788,0011-07-05 10:45:00,11,7,5,10,45,410,226,PARIS (ROUTE DE),47.8265,1.07848,Plein jour,Hors agglomération,Hors intersection,Normale,Deux véhicules - arrière,,,,,,,,,,,1,1,1,1.0,2.0
201100030789,0011-08-03 13:40:00,11,8,3,13,40,410,269,"43, SAINT LUBIN (FAUBOUR",,,Plein jour,En agglomération,Hors intersection,Normale,Sans collision,,,,,,,,,,,1,2,1,1.0,7.0
201100030790,0011-08-08 12:30:00,11,8,8,12,30,410,269,PARIS (ROUTE DE),,,Plein jour,En agglomération,Intersection en X,Normale,Deux véhicules - arrière,,,,,,,,,,,1,2,2,1.0,2.0
201100030791,0011-07-30 10:45:00,11,7,30,10,45,410,226,"., COMTE (RUE AUGUSTE)",,,Plein jour,En agglomération,Intersection en X,Normale,Deux véhicules - côté,,,,,,,,,,,1,2,2,1.0,3.0
201100030792,0011-08-18 04:05:00,11,8,18,4,5,410,269,PARIS (ROUTE DE),47.791,1.07933,Nuit avec éclairage allumé,Hors agglomération,Hors intersection,Normale,Sans collision,,,,,,,,,,,5,1,1,1.0,7.0
201100030793,0011-09-02 18:30:00,11,9,2,18,30,410,226,PARIS (ROUTE DE),,,Plein jour,En agglomération,Giratoire,Normale,Autre collision,,,,,,,,,,,1,2,6,1.0,6.0
201100030794,0011-09-23 13:55:00,11,9,23,13,55,410,269,"., SAINT LUBIN (FAUBOURG",,,Plein jour,En agglomération,Intersection en T,Normale,Sans collision,,,,,,,,,,,1,2,3,1.0,7.0
201100030795,0011-09-29 14:10:00,11,9,29,14,10,410,269,"636, ROI HENRI (RUE DU)",,,Plein jour,En agglomération,Intersection en T,Normale,Sans collision,,,,,,,,,,,1,2,3,1.0,7.0
201100030796,0011-10-17 10:35:00,11,10,17,10,35,410,269,MANS (ROUTE DU),47.812,1.02379,Plein jour,Hors agglomération,Hors intersection,Normale,Sans collision,,,,,,,,,,,1,1,1,1.0,7.0
201100030797,0011-10-17 20:55:00,11,10,17,20,55,410,269,MAILLETTES (RUE DES),,,Nuit avec éclairage allumé,En agglomération,Hors intersection,Normale,Deux véhicules - côté,,,,,,,,,,,5,2,1,1.0,3.0
201100030798,0011-10-29 14:20:00,11,10,29,14,20,410,269,PARIS (ROUTE DE),47.788,1.08225,Plein jour,Hors agglomération,Hors intersection,Normale,Deux véhicules - frontale,,,,,,,,,,,1,1,1,1.0,1.0
201100030799,0011-11-04 17:55:00,11,11,4,17,55,410,158,CONDITA (RUE DE LA),,,Nuit avec éclairage allumé,En agglomération,Hors intersection,Normale,Trois véhicules et plus - collisions multiples,,,,,,,,,,,5,2,1,1.0,5.0
201100030800,0011-11-10 14:15:00,11,11,10,14,15,410,269,PARIS (ROUTE DE),47.7854,1.08189,Plein jour,Hors agglomération,Hors intersection,Normale,Deux véhicules - frontale,,,,,,,,,,,1,1,1,1.0,1.0
201100030801,0011-11-25 19:25:00,11,11,25,19,25,410,269,"., MAILLETTES (RUE DES)",,,Nuit avec éclairage allumé,En agglomération,Hors intersection,Normale,Deux véhicules - arrière,,,,,,,,,,,5,2,1,1.0,2.0
201100030802,0011-11-30 07:15:00,11,11,30,7,15,410,269,"., GAY-LUSSAC (RUE LOUIS",,,Nuit avec éclairage allumé,En agglomération,Intersection en X,Temps couvert,Sans collision,,,,,,,,,,,5,2,2,8.0,7.0
201100030803,0011-12-05 20:20:00,11,12,5,20,20,410,269,"., TUILERIE (RUE DE LA)",,,Nuit avec éclairage allumé,En agglomération,Intersection en X,Normale,Deux véhicules - arrière,,,,,,,,,,,5,2,2,1.0,2.0
201100030804,0011-12-14 15:50:00,11,12,14,15,50,410,3,"40, VALLEE DU LOIR (RUE",,,Plein jour,En agglomération,Hors intersection,Normale,Autre collision,,,,,,,,,,,1,2,1,1.0,6.0
201100030805,0011-12-17 09:55:00,11,12,17,9,55,410,269,MOULIN (AV JEAN),,,Plein jour,En agglomération,Hors intersection,Temps éblouissant,Sans collision,,,,,,,,,,,1,2,1,7.0,7.0
201100030806,0011-01-07 08:55:00,11,1,7,8,55,420,95,RD 88,45.38821,4.28595,Plein jour,En agglomération,Hors intersection,Normale,Autre collision,,,,,,,,,,,1,2,1,1.0,6.0
201100030807,0011-01-10 18:30:00,11,1,10,18,30,420,316,CD 3,45.401,4.25565,Nuit sans éclairage public,Hors agglomération,Hors intersection,Normale,Deux véhicules - côté,,,,,,,,,,,3,1,1,1.0,3.0
201100030808,0011-01-11 17:50:00,11,1,11,17,50,420,316,"35, PASTEUR (RUE)",45.39992,4.26201,Crépuscule ou aube,En agglomération,Hors intersection,Pluie légère,Autre collision,,,,,,,,,,,2,2,1,2.0,6.0
201100030809,0011-01-17 14:55:00,11,1,17,14,55,420,316,CD 3,45.40892,4.251,Plein jour,Hors agglomération,Hors intersection,Normale,Autre collision,,,,,,,,,,,1,1,1,1.0,6.0
201100030810,0011-01-13 14:50:00,11,1,13,14,50,420,44,R D 10,45.39656,4.32159,Plein jour,En agglomération,Hors intersection,Normale,Deux véhicules - côté,,,,,,,,,,,1,2,1,1.0,3.0
201100030811,0011-01-17 15:35:00,11,1,17,15,35,420,95,"31, GAMBETTA (RUE)",45.38976,4.28863,Plein jour,En agglomération,Hors intersection,Normale,Autre collision,,,,,,,,,,,1,2,1,1.0,6.0