accident_id,datetime,annee,mois,jour,heure,minute,departement,commune_insee,adresse,latitude,longitude,luminosite,agglomeration,intersection,meteo,collision,nb_vehicules,nb_usagers,nb_indemnes,nb_tues,nb_blesses_hosp,nb_blesses_legers,age_cond_1,age_cond_2,veh_type_cond_1,veh_type_cond_2,lum_code,agg_code,int_code,atm_code,col_code
201100030812,0011-01-20 19:25:00,11,1,20,19,25,420,99,"27, FERRY (RUE JULES)",45.38526,4.26421,Nuit avec éclairage allumé,Hors agglomération,Hors intersection,Neige / grêle,Autre collision,,,,,,,,,,,5,1,1,4.0,6.0
201100030813,0011-02-02 16:30:00,11,2,2,16,30,420,316,CD 25,45.41426,4.29163,Plein jour,Hors agglomération,Hors intersection,Pluie légère,Deux véhicules - côté,,,,,,,,,,,1,1,1,2.0,3.0
201100030814,0011-02-12 22:00:00,11,2,12,22,0,420,183,"1, ALIRAND (IMPASSE JEAN",45.40136,4.36032,Nuit sans éclairage public,En agglomération,Hors intersection,Normale,Sans collision,,,,,,,,,,,3,2,1,1.0,7.0
201100030815,0011-02-11 07:00:00,11,2,11,7,0,420,95,"1, SAINT-CHARLES (BOULEV",45.38861,4.27973,Crépuscule ou aube,En agglomération,Hors intersection,Normale,Deux véhicules - arrière,,,,,,,,,,,2,2,1,1.0,2.0
201100030816,0011-02-24 11:40:00,11,2,24,11,40,420,99,CD 25,45.38593,4.2729,Plein jour,En agglomération,Hors intersection,Normale,Autre collision,,,,,,,,,,,1,2,1,1.0,6.0
201100030817,0011-03-08 14:00:00,11,3,8,14,0,420,31,CD 3,45.4067,4.2312,Plein jour,En agglomération,Hors intersection,Normale,Sans collision,,,,,,,,,,,1,2,1,1.0,7.0
201100030818,0011-03-25 15:10:00,11,3,25,15,10,420,183,RD  88,45.40047,4.3542,Plein jour,En agglomération,Hors intersection,Normale,Deux véhicules - côté,,,,,,,,,,,1,2,1,1.0,3.0
201100030819,0011-04-17 13:15:00,11,4,17,13,15,420,316,CD 3,45.39515,4.26312,Plein jour,Hors agglomération,Intersection en X,Normale,Deux véhicules - côté,,,,,,,,,,,1,1,2,1.0,3.0
201100030820,0011-04-19 14:15:00,11,4,19,14,15,420,183,RD  88,45.40109,4.35576,Plein jour,En agglomération,Hors intersection,Normale,Deux véhicules - arrière,,,,,,,,,,,1,2,1,1.0,2.0
201100030821,0011-04-20 12:00:00,11,4,20,12,0,420,31,CD 3,45.40764,4.24392,Plein jour,Hors agglomération,Hors intersection,Normale,Sans collision,,,,,,,,,,,1,1,1,1.0,7.0
201100030822,0011-04-29 14:15:00,11,4,29,14,15,420,95,CD 500,45.38543,4.29899,Plein jour,Hors agglomération,Intersection en T,Normale,Deux véhicules - côté,,,,,,,,,,,1,1,3,1.0,3.0
201100030823,0011-04-30 18:30:00,11,4,30,18,30,420,95,CD 500,45.38707,4.29756,Plein jour,En agglomération,Hors intersection,Normale,Deux véhicules - côté,,,,,,,,,,,1,2,1,1.0,3.0
201100030824,0011-05-08 10:50:00,11,5,8,10,50,420,183,RD  88,45.40436,4.36806,Plein jour,En agglomération,Intersection en T,Normale,Autre collision,,,,,,,,,,,1,2,3,1.0,6.0
201100030825,0011-05-21 03:45:00,11,5,21,3,45,420,316,"3, SALENGRO (RUE ROGER)",45.40168,4.26021,Nuit avec éclairage allumé,En agglomération,Hors intersection,Normale,Autre collision,,,,,,,,,,,5,2,1,1.0,6.0
201100030826,0011-05-31 21:45:00,11,5,31,21,45,420,316,CD 25,45.40633,4.27014,Nuit avec éclairage allumé,Hors agglomération,Hors intersection,Pluie légère,Autre collision,,,,,,,,,,,5,1,1,2.0,6.0
201100030827,0011-06-12 00:10:00,11,6,12,0,10,420,316,CD 25,45.41212,4.28903,Nuit sans éclairage public,Hors agglomération,Hors intersection,Normale,Deux véhicules - frontale,,,,,,,,,,,3,1,1,1.0,1.0
201100030828,0011-06-17 11:55:00,11,6,17,11,55,420,95,"18 Bis, SAINT-CHARLES (B",45.38642,4.2823,Plein jour,En agglomération,Hors intersection,Normale,Autre collision,,,,,,,,,,,1,2,1,1.0,6.0
201100030829,0011-06-25 10:15:00,11,6,25,10,15,420,31,CD 108,45.42477,4.2405,Plein jour,Hors agglomération,Hors intersection,Normale,Trois véhicules et plus - collisions multiples,,,,,,,,,,,1,1,1,1.0,5.0
201100030830,0011-06-26 15:40:00,11,6,26,15,40,420,95,CD 500,45.38363,4.30098,Plein jour,En agglomération,Hors intersection,Normale,Deux véhicules - côté,,,,,,,,,,,1,2,1,1.0,3.0
201100030831,0011-06-26 19:20:00,11,6,26,19,20,420,95,RD 500-1,45.38691,4.29954,Plein jour,Hors agglomération,Hors intersection,Normale,Trois véhicules et plus - en chaîne,,,,,,,,,,,1,1,1,1.0,4.0
201100030832,0011-06-27 19:40:00,11,6,27,19,40,420,270,CD 108,45.39635,4.23526,Plein jour,Hors agglomération,Hors intersection,Normale,Deux véhicules - arrière,,,,,,,,,,,1,1,1,1.0,2.0
201100030833,0011-06-28 09:45:00,11,6,28,9,45,420,44,RD 88,45.39644,4.32728,Plein jour,En agglomération,Hors intersection,Normale,Autre collision,,,,,,,,,,,1,2,1,1.0,6.0
201100030834,0011-06-25 12:15:00,11,6,25,12,15,420,31,CD 108,45.39633,4.23527,Plein jour,Hors agglomération,Hors intersection,Normale,Deux véhicules - côté,,,,,,,,,,,1,1,1,1.0,3.0
201100030835,0011-06-27 20:40:00,11,6,27,20,40,420,95,"1, ARTISANS (IMPASSE DES",45.38796,4.29708,Plein jour,En agglomération,Hors intersection,Normale,Deux véhicules - côté,,,,,,,,,,,1,2,1,1.0,3.0
201100030836,0011-06-28 16:35:00,11,6,28,16,35,420,95,"2, VIEILLE PORTE (RUE DE",45.38646,4.28802,Plein jour,En agglomération,Hors intersection,Normale,Autre collision,,,,,,,,,,,1,2,1,1.0,6.0
201100030837,0011-08-01 10:00:00,11,8,1,10,0,420,316,CD 3,45.40819,4.29444,Plein jour,Hors agglomération,Hors intersection,Normale,Sans collision,,,,,,,,,,,1,1,1,1.0,7.0
201100030838,0011-08-10 14:50:00,11,8,10,14,50,420,31,CD 3,45.40531,4.23898,Plein jour,Hors agglomération,Hors intersection,Normale,Deux véhicules - frontale,,,,,,,,,,,1,1,1,1.0,1.0
201100030839,0011-08-15 15:55:00,11,8,15,15,55,420,316,CD 25,45.40655,4.2713,Plein jour,En agglomération,Hors intersection,Normale,Deux véhicules - arrière,,,,,,,,,,,1,2,1,1.0,2.0
201100030840,0011-08-31 15:45:00,11,8,31,15,45,420,95,RD 88,45.3849,4.28187,Plein jour,En agglomération,Hors intersection,Normale,Deux véhicules - côté,,,,,,,,,,,1,2,1,1.0,3.0
201100030841,0011-08-30 22:15:00,11,8,30,22,15,420,31,CD 108,45.42697,4.24151,Nuit sans éclairage public,Hors agglomération,Hors intersection,Normale,Sans collision,,,,,,,,,,,3,1,1,1.0,7.0
201100030842,0011-09-04 17:40:00,11,9,4,17,40,420,183,RD  88,45.40245,4.35976,Plein jour,En agglomération,Hors intersection,Normale,Autre collision,,,,,,,,,,,1,2,1,1.0,6.0
201100030843,0011-09-11 08:50:00,11,9,11,8,50,420,183,RD  88,45.40493,4.36933,Plein jour,En agglomération,Intersection en T,Normale,Deux véhicules - côté,,,,,,,,,,,1,2,3,1.0,3.0
201100030844,0011-09-19 08:45:00,11,9,19,8,45,420,183,"2, RD  88",45.40373,4.3657,Plein jour,En agglomération,Hors intersection,Temps couvert,Autre collision,,,,,,,,,,,1,2,1,8.0,6.0
201100030845,0011-09-27 14:55:00,11,9,27,14,55,420,95,CD 3,45.39631,4.2913,Plein jour,En agglomération,Intersection en T,Normale,Trois véhicules et plus - collisions multiples,,,,,,,,,,,1,2,3,1.0,5.0
201100030846,0011-10-07 23:20:00,11,10,7,23,20,420,95,CD 3,45.4,4.29064,Nuit avec éclairage allumé,En agglomération,Hors intersection,Normale,Autre collision,,,,,,,,,,,5,2,1,1.0,6.0
201100030847,0011-09-23 17:30:00,11,9,23,17,30,420,44,"1, BROSSE (CHEMIN DES)",45.38444,4.30784,Plein jour,En agglomération,Hors intersection,Normale,Autre collision,,,,,,,,,,,1,2,1,1.0,6.0
201100030848,0011-10-17 18:50:00,11,10,17,18,50,420,44,"1, CEDRES (ALLEE DES)",45.38926,4.326,Plein jour,En agglomération,Hors intersection,Normale,Autre collision,,,,,,,,,,,1,2,1,1.0,6.0
201100030849,0011-11-04 17:00:00,11,11,4,17,0,420,95,CD 3,45.39107,4.27561,Crépuscule ou aube,En agglomération,Hors intersection,Pluie forte,Deux véhicules - frontale,,,,,,,,,,,2,2,1,3.0,1.0
201100030850,0011-11-05 20:20:00,11,11,5,20,20,420,44,RD 88,45.39663,4.32665,Nuit avec éclairage allumé,En agglomération,Intersection en T,Pluie légère,Deux véhicules - côté,,,,,,,,,,,5,2,3,2.0,3.0
201100030851,0011-11-05 17:50:00,11,11,5,17,50,420,183,RD  88,45.40307,4.36363,Nuit avec éclairage allumé,En agglomération,Hors intersection,Pluie légère,Deux véhicules - arrière,,,,,,,,,,,5,2,1,2.0,2.0
201100030852,0011-11-09 13:30:00,11,11,9,13,30,420,316,"45, SALENGRO (RUE ROGER)",45.40379,4.25826,Plein jour,En agglomération,Intersection en T,Normale,Deux véhicules - côté,,,,,,,,,,,1,2,3,1.0,3.0
201100030853,0011-11-08 17:50:00,11,11,8,17,50,420,316,"91, PASTEUR (RUE)",45.39636,4.26552,Nuit avec éclairage allumé,En agglomération,Hors intersection,Normale,Deux véhicules - côté,,,,,,,,,,,5,2,1,1.0,3.0
201100030854,0011-11-15 19:10:00,11,11,15,19,10,420,44,RD 88,45.39348,4.29707,Nuit avec éclairage non allumé,En agglomération,Hors intersection,Normale,Deux véhicules - arrière,,,,,,,,,,,4,2,1,1.0,2.0
201100030855,0011-11-19 18:25:00,11,11,19,18,25,420,31,CD 108,45.40847,4.24566,Nuit sans éclairage public,En agglomération,Hors intersection,Pluie légère,Sans collision,,,,,,,,,,,3,2,1,2.0,7.0
201100030856,0011-11-23 12:30:00,11,11,23,12,30,420,95,RD 88,45.39312,4.29188,Plein jour,En agglomération,Hors intersection,Normale,Autre collision,,,,,,,,,,,1,2,1,1.0,6.0
201100030857,0011-01-21 07:40:00,11,1,21,7,40,420,147,LIBERATION  (AVENUE),45.60205,4.07003,Nuit avec éclairage allumé,En agglomération,Intersection en T,Normale,Deux véhicules - côté,,,,,,,,,,,5,2,3,1.0,3.0
201100030858,0011-01-18 08:55:00,11,1,18,8,55,420,147,DUPIN (BOULEVARD LOUIS),45.61085,4.06322,Plein jour,En agglomération,Autre intersection,Normale,Autre collision,,,,,,,,,,,1,2,9,1.0,6.0
201100030859,0011-03-25 11:25:00,11,3,25,11,25,420,147,"51, CHARLES DE GAULLE (A",45.6186,4.06587,Plein jour,Hors agglomération,Hors intersection,Normale,Autre collision,,,,,,,,,,,1,1,1,1.0,6.0
201100030860,0011-04-06 18:00:00,11,4,6,18,0,420,147,"31, SAINT-JEAN (RUE)",45.60643,4.06873,Plein jour,En agglomération,Giratoire,Normale,Autre collision,,,,,,,,,,,1,2,6,1.0,6.0
201100030861,0011-04-07 07:50:00,11,4,7,7,50,420,147,"1, NOUVELLE (ROUTE)",45.60634,4.04933,Plein jour,En agglomération,Intersection en X,Normale,Deux véhicules - côté,,,,,,,,,,,1,2,2,1.0,3.0
201100030862,0011-04-12 12:50:00,11,4,12,12,50,420,299,RD 60,45.63311,4.09178,Plein jour,Hors agglomération,Hors intersection,Normale,Autre collision,,,,,,,,,,,1,1,1,1.0,6.0
201100030863,0011-04-15 11:55:00,11,4,15,11,55,420,147,PRECIEUX (ROUTE DE),45.59845,4.10558,Plein jour,Hors agglomération,Hors intersection,Normale,Sans collision,,,,,,,,,,,1,1,1,1.0,7.0
201100030864,0011-05-04 18:20:00,11,5,4,18,20,420,147,"07, EGLISE (BOULEVARD DE",45.59334,4.07502,Plein jour,En agglomération,Hors intersection,Normale,Deux véhicules - côté,,,,,,,,,,,1,2,1,1.0,3.0
201100030865,0011-06-05 14:50:00,11,6,5,14,50,420,147,"32, CHAVASSIEU (BOULEVAR",45.60559,4.06423,Plein jour,En agglomération,Intersection en X,Normale,Trois véhicules et plus - collisions multiples,,,,,,,,,,,1,2,2,1.0,5.0
201100030866,0011-01-09 14:05:00,11,1,9,14,5,420,186,CHEMIN DEPARTEMENTAL 88,45.51926,4.59487,Plein jour,Hors agglomération,Intersection en T,Pluie légère,Deux véhicules - côté,,,,,,,,,,,1,1,3,2.0,3.0
201100030867,0011-01-09 18:25:00,11,1,9,18,25,420,186,JUIN AVENUE DU MARECHAL,45.53233,4.62781,Nuit avec éclairage allumé,En agglomération,Hors intersection,Temps couvert,Autre collision,,,,,,,,,,,5,2,1,8.0,6.0
201100030868,0011-02-11 12:15:00,11,2,11,12,15,420,123,"30, JAURES RUE JEAN",45.514,4.58443,Plein jour,En agglomération,Intersection en T,Normale,Deux véhicules - côté,,,,,,,,,,,1,2,3,1.0,3.0
201100030869,0011-03-05 12:35:00,11,3,5,12,35,420,186,"08, PROVINCES BOULEVARD",45.52094,4.59847,Plein jour,En agglomération,Hors intersection,Normale,Sans collision,,,,,,,,,,,1,2,1,1.0,7.0
201100030870,0011-03-13 01:00:00,11,3,13,1,0,420,186,"40, JAURES RUE JEAN",45.52983,4.61797,Nuit avec éclairage allumé,En agglomération,Intersection en T,Pluie légère,Sans collision,,,,,,,,,,,5,2,3,2.0,7.0
201100030871,0011-05-05 21:30:00,11,5,5,21,30,420,259,"12, MUNAT ROUTE DU",45.53878,4.59487,Nuit avec éclairage allumé,Hors agglomération,Hors intersection,Normale,Deux véhicules - frontale,,,,,,,,,,,5,1,1,1.0,1.0
201100030872,0011-05-24 11:45:00,11,5,24,11,45,420,186,"29, JUIN AVENUE DU MAREC",45.5313,4.62455,Plein jour,En agglomération,Hors intersection,Normale,Autre collision,,,,,,,,,,,1,2,1,1.0,6.0
201100030873,0011-06-28 15:05:00,11,6,28,15,5,420,123,"14, DURAFOUR RUE ANTOINE",45.51042,4.57645,Plein jour,En agglomération,Hors intersection,Normale,Deux véhicules - côté,,,,,,,,,,,1,2,1,1.0,3.0
201100030874,0011-09-07 11:55:00,11,9,7,11,55,420,103,JAURES RUE JEAN,45.50379,4.56902,Plein jour,En agglomération,Hors intersection,Normale,Autre collision,,,,,,,,,,,1,2,1,1.0,6.0
201100030875,0011-09-29 22:20:00,11,9,29,22,20,420,123,"2, D 88",45.51672,4.59091,Nuit avec éclairage allumé,Hors agglomération,Intersection en Y,Normale,Deux véhicules - frontale,,,,,,,,,,,5,1,4,1.0,1.0
201100030876,0011-09-30 17:25:00,11,9,30,17,25,420,186,NOVEMBRE COURS DU 11,45.52789,4.61474,Plein jour,En agglomération,Hors intersection,Normale,Autre collision,,,,,,,,,,,1,2,1,1.0,6.0
201100030877,0011-10-14 13:45:00,11,10,14,13,45,420,53,", Zone Industrielle",45.53954,4.64792,Plein jour,En agglomération,Hors intersection,Normale,Deux véhicules - arrière,,,,,,,,,,,1,2,1,1.0,2.0
201100030878,0011-12-22 22:30:00,11,12,22,22,30,420,103,"320, CELLIEU ROUTE DE",45.50825,4.56321,Nuit avec éclairage allumé,Hors agglomération,Hors intersection,Autre,Sans collision,,,,,,,,,,,5,1,1,9.0,7.0
201100030879,0011-01-03 20:10:00,11,1,3,20,10,420,187,"20, OUEST (BOULEVARD)",46.03407,4.04525,Nuit avec éclairage allumé,En agglomération,Hors intersection,Normale,Autre collision,,,,,,,,,,,5,2,1,1.0,6.0
201100030880,0011-01-05 08:45:00,11,1,5,8,45,420,187,"27, CLERMONT (RUE DE )",46.03002,4.06651,Plein jour,En agglomération,Intersection en X,Normale,Deux véhicules - côté,,,,,,,,,,,1,2,2,1.0,3.0
201100030881,0011-01-07 20:00:00,11,1,7,20,0,420,187,"80, HERMINIER (QUAI DU C",46.03992,4.08277,Nuit avec éclairage allumé,En agglomération,Hors intersection,Normale,Autre collision,,,,,,,,,,,5,2,1,1.0,6.0
201100030882,0011-01-12 22:05:00,11,1,12,22,5,420,187,"20, CIMETIERE (BOULEVARD",46.05178,4.07228,Nuit avec éclairage allumé,En agglomération,Intersection en T,Normale,Deux véhicules - côté,,,,,,,,,,,5,2,3,1.0,3.0
201100030883,0011-01-15 18:30:00,11,1,15,18,30,420,187,BRIENNON (ROUTE DE ),46.09472,4.07706,Nuit sans éclairage public,Hors agglomération,Intersection en T,Normale,Deux véhicules - côté,,,,,,,,,,,3,1,3,1.0,3.0
201100030884,0011-01-16 16:25:00,11,1,16,16,25,420,184,SAINT-ALBAN (ROUTE DE),46.02724,4.0424,Plein jour,En agglomération,Intersection en X,Normale,Deux véhicules - côté,,,,,,,,,,,1,2,2,1.0,3.0
201100030885,0011-01-17 18:25:00,11,1,17,18,25,420,187,"10, PLASSE (RUE GEORGES)",46.03512,4.05833,Crépuscule ou aube,En agglomération,Hors intersection,Normale,Deux véhicules - arrière,,,,,,,,,,,2,2,1,1.0,2.0
201100030886,0011-01-19 14:30:00,11,1,19,14,30,420,187,Pont de la LOIRE,46.03221,4.08087,Plein jour,En agglomération,Hors intersection,Normale,Deux véhicules - arrière,,,,,,,,,,,1,2,1,1.0,2.0
201100030887,0011-01-19 16:30:00,11,1,19,16,30,420,187,"72, CLERMONT (RUE DE )",46.02738,4.0636,Plein jour,En agglomération,Hors intersection,Normale,Autre collision,,,,,,,,,,,1,2,1,1.0,6.0
201100030888,0011-01-22 23:20:00,11,1,22,23,20,420,187,"72, BOCHARD (RUE CLAUDE)",46.02539,4.06848,Nuit avec éclairage allumé,En agglomération,Hors intersection,Normale,Autre collision,,,,,,,,,,,5,2,1,1.0,6.0
201100030889,0011-01-28 10:30:00,11,1,28,10,30,420,187,PROMENADES POPULLE (PLAC,46.03665,4.06679,Plein jour,En agglomération,Hors intersection,Normale,Autre collision,,,,,,,,,,,1,2,1,1.0,6.0
201100030890,0011-02-02 06:50:00,11,2,2,6,50,420,71,"68, LIBERATION (AVENUE D",46.02891,4.0841,Nuit avec éclairage allumé,En agglomération,Hors intersection,Normale,Deux véhicules - côté,,,,,,,,,,,5,2,1,1.0,3.0
201100030891,0011-02-04 13:10:00,11,2,4,13,10,420,187,"20, DOURDEIN (RUE AUGUST",46.04272,4.05889,Plein jour,En agglomération,Intersection en X,Normale,Deux véhicules - côté,,,,,,,,,,,1,2,2,1.0,3.0
201100030892,0011-02-05 12:30:00,11,2,5,12,30,420,187,"20, OUEST (BOULEVARD)",46.05044,4.0654,Plein jour,En agglomération,Hors intersection,Normale,Autre collision,,,,,,,,,,,1,2,1,1.0,6.0
201100030893,0011-02-06 15:00:00,11,2,6,15,0,420,187,"60, CLERMONT (RUE DE )",46.0278,4.0641,Plein jour,En agglomération,Hors intersection,Normale,Autre collision,,,,,,,,,,,1,2,1,1.0,6.0
201100030894,0011-02-09 13:55:00,11,2,9,13,55,420,184,FOCH MARECHAL (RUE),46.03998,4.02546,Plein jour,En agglomération,Hors intersection,Normale,Deux véhicules - côté,,,,,,,,,,,1,2,1,1.0,3.0
201100030895,0011-02-10 16:00:00,11,2,10,16,0,420,187,THOMAS (RUE ALBERT),,,Plein jour,En agglomération,Hors intersection,Normale,Autre collision,,,,,,,,,,,1,2,1,1.0,6.0
201100030896,0011-02-11 19:40:00,11,2,11,19,40,420,187,CHARLIEU (RUE DE ),,,Nuit avec éclairage allumé,En agglomération,Intersection en X,Normale,Deux véhicules - côté,,,,,,,,,,,5,2,2,1.0,3.0
201100030897,0011-02-13 17:05:00,11,2,13,17,5,420,187,"20, CIMETIERE (BOULEVARD",46.04999,4.07073,Plein jour,En agglomération,Intersection en X,Normale,Deux véhicules - côté,,,,,,,,,,,1,2,2,1.0,3.0
201100030898,0011-02-17 08:40:00,11,2,17,8,40,420,127,"10, FONTAINE JEAN  (RUE",46.06517,4.07287,Plein jour,En agglomération,Hors intersection,Normale,Autre collision,,,,,,,,,,,1,2,1,1.0,6.0
201100030899,0011-02-21 13:50:00,11,2,21,13,50,420,71,"20, VAUBAN (RUE)",46.02529,4.08999,Plein jour,En agglomération,Intersection en T,Normale,Autre collision,,,,,,,,,,,1,2,3,1.0,6.0
201100030900,0011-02-22 13:40:00,11,2,22,13,40,420,184,"20, OUEST  (BD)",46.03729,4.04562,Plein jour,En agglomération,Intersection en Y,Normale,Deux véhicules - côté,,,,,,,,,,,1,2,4,1.0,3.0
201100030901,0011-02-28 13:50:00,11,2,28,13,50,420,71,"20, PARMENTIER (RUE ANTO",46.02762,4.08932,Plein jour,En agglomération,Intersection en X,Normale,Deux véhicules - côté,,,,,,,,,,,1,2,2,1.0,3.0
201100030902,0011-03-08 16:50:00,11,3,8,16,50,420,187,"20, MARNE (AVENUE DE LA",46.05964,4.08723,Plein jour,En agglomération,Hors intersection,Normale,Deux véhicules - côté,,,,,,,,,,,1,2,1,1.0,3.0
201100030903,0011-03-09 15:50:00,11,3,9,15,50,420,127,Route nationale 7,46.06998,4.04799,Plein jour,Hors agglomération,Hors intersection,Normale,Deux véhicules - arrière,,,,,,,,,,,1,1,1,1.0,2.0
201100030904,0011-03-10 13:45:00,11,3,10,13,45,420,187,"20, PALISSY (BOULEVARD B",,,Plein jour,En agglomération,Intersection en X,Normale,Deux véhicules - frontale,,,,,,,,,,,1,2,2,1.0,1.0
201100030905,0011-03-07 09:30:00,11,3,7,9,30,420,184,"20, RONDET MICHEL (RUE)",46.05489,4.04283,Plein jour,En agglomération,Hors intersection,Normale,Autre collision,,,,,,,,,,,1,2,1,1.0,6.0
201100030906,0011-03-21 15:51:00,11,3,21,15,51,420,187,"20, SAMPAIX  (RUE LUCIEN",46.0307,4.06578,Plein jour,En agglomération,Intersection en T,Normale,Deux véhicules - côté,,,,,,,,,,,1,2,3,1.0,3.0
201100030907,0011-03-21 17:32:00,11,3,21,17,32,420,187,"21, CHARLIEU (RUE DE )",46.04141,4.07519,Plein jour,En agglomération,Hors intersection,Normale,Deux véhicules - arrière,,,,,,,,,,,1,2,1,1.0,2.0
201100030908,0011-12-06 13:15:00,11,12,6,13,15,420,127,"429, BAS DE MABLY  (CHEM",46.09308,4.09584,Plein jour,Hors agglomération,Hors intersection,Normale,Sans collision,,,,,,,,,,,1,1,1,1.0,7.0
201100030909,0011-12-12 07:50:00,11,12,12,7,50,420,184,"37, FARON JULES (RUE)",46.04739,4.03601,Crépuscule ou aube,En agglomération,Intersection en X,Pluie légère,Deux véhicules - côté,,,,,,,,,,,2,2,2,2.0,3.0
201100030910,0011-12-14 14:30:00,11,12,14,14,30,420,127,"975, BRIENNON (RT DE)",46.08615,4.07477,Plein jour,Hors agglomération,Hors intersection,Normale,Deux véhicules - arrière,,,,,,,,,,,1,1,1,1.0,2.0
201100030911,0011-12-16 16:25:00,11,12,16,16,25,420,187,"01, Pont de la LOIRE",46.03261,4.07991,Plein jour,En agglomération,Hors intersection,Pluie légère,Sans collision,,,,,,,,,,,1,2,1,2.0,7.0
201100030912,0011-12-21 18:35:00,11,12,21,18,35,420,187,"237, LYON (AVENUE DE)",46.03752,4.07707,Nuit avec éclairage allumé,En agglomération,Hors intersection,Pluie légère,Autre collision,,,,,,,,,,,5,2,1,2.0,6.0
201100030913,0011-12-23 16:50:00,11,12,23,16,50,420,184,"53, FARON JULES (RUE)",46.04514,4.03619,Crépuscule ou aube,En agglomération,Intersection en X,Normale,Deux véhicules - côté,,,,,,,,,,,2,2,2,1.0,3.0
201100030914,0011-12-23 23:00:00,11,12,23,23,0,420,170,"03, R.D 504",46.03874,4.14253,Nuit sans éclairage public,Hors agglomération,Hors intersection,Pluie légère,Sans collision,,,,,,,,,,,3,1,1,2.0,7.0
201100030915,0011-03-25 10:00:00,11,3,25,10,0,420,187,"27, BEAULIEU (RUE DE )",46.03498,4.06719,Plein jour,En agglomération,Hors intersection,Normale,Autre collision,,,,,,,,,,,1,2,1,1.0,6.0
201100030916,0011-03-25 08:31:00,11,3,25,8,31,420,187,"28, VILLEMONTAIS (RUE DE",46.02515,4.05879,Plein jour,En agglomération,Hors intersection,Normale,Autre collision,,,,,,,,,,,1,2,1,1.0,6.0
201100030917,0011-03-25 16:50:00,11,3,25,16,50,420,187,"11, VICTOR HUGO (RUE)",45.03682,4.05741,Plein jour,En agglomération,Hors intersection,Normale,Autre collision,,,,,,,,,,,1,2,1,1.0,6.0
201100030918,0011-03-28 08:35:00,11,3,28,8,35,420,187,"20, SALENGRO (RUE ROGER)",46.03852,4.07339,Plein jour,En agglomération,Intersection en X,Pluie légère,Deux véhicules - côté,,,,,,,,,,,1,2,2,2.0,3.0
201100030919,0011-04-08 15:57:00,11,4,8,15,57,420,187,"19, PARIS (AVENUE DE)",46.04338,4.0719,Plein jour,En agglomération,Hors intersection,Normale,Autre collision,,,,,,,,,,,1,2,1,1.0,6.0
201100030920,0011-04-14 08:00:00,11,4,14,8,0,420,187,"185, SAMPAIX  (RUE LUCIE",46.02879,4.05245,Plein jour,En agglomération,Hors intersection,Normale,Autre collision,,,,,,,,,,,1,2,1,1.0,6.0
201100030921,0011-04-13 17:15:00,11,4,13,17,15,420,187,"23, MATEL (RUE DE )",46.04714,4.08359,Plein jour,En agglomération,Hors intersection,Normale,Deux véhicules - côté,,,,,,,,,,,1,2,1,1.0,3.0
201100030922,0011-04-27 14:00:00,11,4,27,14,0,420,71,"21, COMMELLE (ROUTE DE )",46.02255,4.08493,Plein jour,En agglomération,Intersection en T,Normale,Deux véhicules - côté,,,,,,,,,,,1,2,3,1.0,3.0
201100030923,0011-04-27 11:30:00,11,4,27,11,30,420,184,", OUEST  (BD)",46.04685,4.06271,Plein jour,En agglomération,Intersection en T,Normale,Deux véhicules - arrière,,,,,,,,,,,1,2,3,1.0,2.0
201100030924,0011-04-28 15:55:00,11,4,28,15,55,420,187,BERGE (RUE DE LA ),46.03324,4.0716,Plein jour,En agglomération,Hors intersection,Normale,Deux véhicules - côté,,,,,,,,,,,1,2,1,1.0,3.0
201100030925,0011-05-11 14:45:00,11,5,11,14,45,420,187,", BERT (RUE PAUL)",46.0411,4.06871,Plein jour,En agglomération,Intersection en X,Normale,Deux véhicules - côté,,,,,,,,,,,1,2,2,1.0,3.0
201100030926,0011-04-11 18:00:00,11,4,11,18,0,420,187,", MACE (RUE JEAN)",46.0391,4.07482,Plein jour,En agglomération,Intersection en Y,Normale,Deux véhicules - côté,,,,,,,,,,,1,2,4,1.0,3.0
201100030927,0011-04-20 14:05:00,11,4,20,14,5,420,187,"21, THOMAS (RUE ALBERT)",46.04354,4.0739,Plein jour,En agglomération,Intersection en T,Normale,Trois véhicules et plus - collisions multiples,,,,,,,,,,,1,2,3,1.0,5.0
201100030928,0011-05-01 05:50:00,11,5,1,5,50,420,71,21 LIBERATION (AVENUE DE,46.03078,4.08305,Nuit avec éclairage allumé,En agglomération,Hors intersection,Normale,Deux véhicules - arrière,,,,,,,,,,,5,2,1,1.0,2.0
201100030929,0011-06-15 20:10:00,11,6,15,20,10,420,187,"11, GIRAUD (RUE DU GENER",46.03219,4.0639,Plein jour,En agglomération,Hors intersection,Normale,Deux véhicules - côté,,,,,,,,,,,1,2,1,1.0,3.0
201100030930,0011-05-31 12:20:00,11,5,31,12,20,420,127,"98, DE GAULLE (AVENUE CH",46.05149,4.06613,Plein jour,En agglomération,Hors intersection,Pluie forte,Deux véhicules - frontale,,,,,,,,,,,1,2,1,3.0,1.0
201100030931,0011-07-04 11:35:00,11,7,4,11,35,420,187,"117, SEMARD (RUE PIERRE",46.04413,4.06008,Plein jour,En agglomération,Hors intersection,Normale,Deux véhicules - frontale,,,,,,,,,,,1,2,1,1.0,1.0