accident_id,datetime,annee,mois,jour,heure,minute,departement,commune_insee,adresse,latitude,longitude,luminosite,agglomeration,intersection,meteo,collision,nb_vehicules,nb_usagers,nb_indemnes,nb_tues,nb_blesses_hosp,nb_blesses_legers,age_cond_1,age_cond_2,veh_type_cond_1,veh_type_cond_2,lum_code,agg_code,int_code,atm_code,col_code
201100031048,0011-01-05 17:40:00,11,1,5,17,40,420,218,VERDUN (AVENUE DE),45.46368,4.37988,Nuit avec éclairage allumé,En agglomération,Hors intersection,Normale,Autre collision,,,,,,,,,,,5,2,1,1.0,6.0
201100031049,0011-01-07 14:00:00,11,1,7,14,0,420,218,REGIMENT D'INFANTERIE (B,45.44032,4.40711,Plein jour,En agglomération,Hors intersection,Normale,Deux véhicules - arrière,,,,,,,,,,,1,2,1,1.0,2.0
201100031050,0011-01-09 17:30:00,11,1,9,17,30,420,218,THIERRY AUGUSTIN (BD) A,45.44597,4.38114,Nuit avec éclairage allumé,En agglomération,Hors intersection,Normale,Deux véhicules - arrière,,,,,,,,,,,5,2,1,1.0,2.0
201100031051,0011-01-08 18:55:00,11,1,8,18,55,420,189,BERGSON (BOULEVARD),45.43378,4.33733,Nuit avec éclairage allumé,En agglomération,Hors intersection,Normale,Autre collision,,,,,,,,,,,5,2,1,1.0,6.0
201100031052,0011-01-12 21:03:00,11,1,12,21,3,420,218,"ignoree, CHOLAT CHARLES",45.46487,4.3988,Nuit avec éclairage allumé,En agglomération,Hors intersection,Normale,Deux véhicules - côté,,,,,,,,,,,5,2,1,1.0,3.0
201100031053,0011-01-13 06:40:00,11,1,13,6,40,420,305,"16, DETRAT LOUIS",45.47851,4.43069,Nuit avec éclairage allumé,En agglomération,Hors intersection,Normale,Sans collision,,,,,,,,,,,5,2,1,1.0,7.0
201100031054,0011-01-13 17:34:00,11,1,13,17,34,420,218,"ignore, MAUSSIER PETRUS",45.4421,4.37631,Nuit avec éclairage allumé,En agglomération,Hors intersection,Normale,Autre collision,,,,,,,,,,,5,2,1,1.0,6.0
201100031055,0011-01-15 05:20:00,11,1,15,5,20,420,218,"54, THIERS (BOULEVARD)",45.45365,4.38831,Nuit avec éclairage allumé,En agglomération,Hors intersection,Normale,Deux véhicules - arrière,,,,,,,,,,,5,2,1,1.0,2.0
201100031056,0011-01-17 09:29:00,11,1,17,9,29,420,218,"20, GIRODET (PLACE)",45.44789,4.38,Plein jour,En agglomération,Intersection en X,Normale,Deux véhicules - côté,,,,,,,,,,,1,2,2,1.0,3.0
201100031057,0011-01-17 07:34:00,11,1,17,7,34,420,218,"12, POURCEL ALEXANDRE A",45.42403,4.3975,Nuit avec éclairage allumé,En agglomération,Intersection en X,Normale,Autre collision,,,,,,,,,,,5,2,2,1.0,6.0
201100031058,0011-01-15 16:00:00,11,1,15,16,0,420,218,"ignoree, BEAUBRUN",45.43469,4.38249,Plein jour,En agglomération,Hors intersection,Normale,Autre collision,,,,,,,,,,,1,2,1,1.0,6.0
201100031059,0011-01-18 18:32:00,11,1,18,18,32,420,218,"ignoree, LIOGIER A PARTI",45.42902,4.40206,Plein jour,En agglomération,Hors intersection,Normale,Autre collision,,,,,,,,,,,1,2,1,1.0,6.0
201100031060,0011-01-19 18:14:00,11,1,19,18,14,420,330,ROCADE OUEST,45.46838,4.34416,Nuit sans éclairage public,Hors agglomération,Hors intersection,Normale,Trois véhicules et plus - collisions multiples,,,,,,,,,,,3,1,1,1.0,5.0
201100031061,0011-01-20 17:40:00,11,1,20,17,40,420,218,"5, DELORY GUSTAVE",45.46481,4.39898,Nuit avec éclairage allumé,En agglomération,Hors intersection,Normale,Deux véhicules - frontale,,,,,,,,,,,5,2,1,1.0,1.0
201100031062,0011-01-21 14:56:00,11,1,21,14,56,420,218,"15, ONZE NOVEMBRE JUSQU'",45.42416,4.3915,Plein jour,En agglomération,Hors intersection,Normale,Autre collision,,,,,,,,,,,1,2,1,1.0,6.0
201100031063,0011-01-22 00:01:00,11,1,22,0,1,420,218,"ignore, ACIERIES (DES)",45.46055,4.39674,Nuit avec éclairage allumé,En agglomération,Hors intersection,Normale,Autre collision,,,,,,,,,,,5,2,1,1.0,6.0
201100031064,0011-01-22 18:25:00,11,1,22,18,25,420,218,"33, LIBERATION (AVENUE)",45.43752,4.39315,Nuit avec éclairage allumé,En agglomération,Hors intersection,Normale,Autre collision,,,,,,,,,,,5,2,1,1.0,6.0
201100031065,0011-01-24 07:45:00,11,1,24,7,45,420,218,"48, THIERS (BOULEVARD)",45.45082,4.3897,Crépuscule ou aube,En agglomération,Hors intersection,Normale,Autre collision,,,,,,,,,,,2,2,1,1.0,6.0
201100031066,0011-01-26 18:20:00,11,1,26,18,20,420,275,"9, ETRAT (ROUTE DE L')",45.46965,4.3824,Nuit avec éclairage allumé,En agglomération,Hors intersection,Normale,Autre collision,,,,,,,,,,,5,2,1,1.0,6.0
201100031067,0011-01-28 18:48:00,11,1,28,18,48,420,218,"IGNORE, MOLINA (DE)",45.46621,4.39891,Nuit avec éclairage allumé,En agglomération,Intersection en X,Normale,Deux véhicules - côté,,,,,,,,,,,5,2,2,1.0,3.0
201100031068,0011-01-30 08:49:00,11,1,30,8,49,420,218,"36, NADAUD GUSTAVE (COUR",45.43333,4.39544,Plein jour,En agglomération,Intersection en T,Normale,Deux véhicules - frontale,,,,,,,,,,,1,2,3,1.0,1.0
201100031069,0011-02-01 13:34:00,11,2,1,13,34,420,218,AMOUROUX JUSQU'AUX N? 12,45.41395,4.39779,Plein jour,En agglomération,Hors intersection,Normale,Autre collision,,,,,,,,,,,1,2,1,1.0,6.0
201100031070,0011-02-01 22:19:00,11,2,1,22,19,420,218,BOSSUET JUSQU'AUX N? 7-1,45.41109,4.38709,Nuit avec éclairage allumé,En agglomération,Hors intersection,Normale,Autre collision,,,,,,,,,,,5,2,1,1.0,6.0
201100031071,0011-02-03 10:04:00,11,2,3,10,4,420,218,MAREY COLONEL,45.44512,4.40746,Plein jour,En agglomération,Intersection en X,Normale,Deux véhicules - côté,,,,,,,,,,,1,2,2,1.0,3.0
201100031072,0011-02-05 20:03:00,11,2,5,20,3,420,218,CHOLAT CHARLES,45.46493,4.39866,Nuit avec éclairage allumé,En agglomération,Autre intersection,Normale,Deux véhicules - côté,,,,,,,,,,,5,2,9,1.0,3.0
201100031073,0011-02-06 05:50:00,11,2,6,5,50,420,275,RAIMOND (AVENUE ALBERT),45.4749,4.36952,Nuit avec éclairage allumé,En agglomération,Hors intersection,Normale,Autre collision,,,,,,,,,,,5,2,1,1.0,6.0
201100031074,0011-02-08 19:20:00,11,2,8,19,20,420,218,PALLE (DE LA) JUSQU'AUX,45.42934,4.41143,Nuit avec éclairage allumé,En agglomération,Hors intersection,Normale,Autre collision,,,,,,,,,,,5,2,1,1.0,6.0
201100031075,0011-02-10 18:11:00,11,2,10,18,11,420,223,JACQUARD (PLACE),45.44478,4.33734,Nuit avec éclairage allumé,En agglomération,Intersection en X,Temps couvert,Deux véhicules - côté,,,,,,,,,,,5,2,2,8.0,3.0
201100031076,0011-02-13 20:17:00,11,2,13,20,17,420,218,MULLER DES DOCTEURS HENR,45.44927,4.39822,Nuit avec éclairage allumé,En agglomération,Hors intersection,Normale,Deux véhicules - arrière,,,,,,,,,,,5,2,1,1.0,2.0
201100031077,0011-02-14 13:04:00,11,2,14,13,4,420,305,"4, CLEMENCEAU GEORGES",45.48143,4.43818,Plein jour,En agglomération,Hors intersection,Normale,Autre collision,,,,,,,,,,,1,2,1,1.0,6.0
201100031078,0011-02-14 19:31:00,11,2,14,19,31,420,218,PAREILLE (DE LA),45.43912,4.37861,Nuit avec éclairage allumé,En agglomération,Hors intersection,Normale,Deux véhicules - frontale,,,,,,,,,,,5,2,1,1.0,1.0
201100031079,0011-02-15 11:05:00,11,2,15,11,5,420,330,"06, HOTEL DE VILLE",45.46713,4.35345,Plein jour,En agglomération,Hors intersection,Normale,Autre collision,,,,,,,,,,,1,2,1,1.0,6.0
201100031080,0011-02-15 22:39:00,11,2,15,22,39,420,218,LIBERATION (AVENUE),45.43741,4.39297,Nuit avec éclairage allumé,En agglomération,Hors intersection,Normale,Autre collision,,,,,,,,,,,5,2,1,1.0,6.0
201100031081,0011-02-17 14:46:00,11,2,17,14,46,420,218,MALRAUX ANDRE,45.43976,4.38492,Plein jour,En agglomération,Hors intersection,Normale,Autre collision,,,,,,,,,,,1,2,1,1.0,6.0
201100031082,0011-02-22 18:38:00,11,2,22,18,38,420,218,ONZE NOVEMBRE A PARTIR N,45.42383,4.39145,Nuit avec éclairage allumé,En agglomération,Hors intersection,Normale,Deux véhicules - côté,,,,,,,,,,,5,2,1,1.0,3.0
201100031083,0011-02-25 12:02:00,11,2,25,12,2,420,218,MUSSET ALFRED DE (BD) JU,45.44322,4.37931,Plein jour,En agglomération,Hors intersection,Normale,Autre collision,,,,,,,,,,,1,2,1,1.0,6.0
201100031084,0011-02-26 00:34:00,11,2,26,0,34,420,218,GAUTHIER DUMONT JUSQU'AU,45.44105,4.4166,Nuit avec éclairage allumé,En agglomération,Hors intersection,Normale,Autre collision,,,,,,,,,,,5,2,1,1.0,6.0
201100031085,0011-02-26 20:59:00,11,2,26,20,59,420,275,MENDES FRANCE PIERRE (AV,45.47011,4.3748,Nuit avec éclairage allumé,En agglomération,Hors intersection,Normale,Deux véhicules - côté,,,,,,,,,,,5,2,1,1.0,3.0
201100031086,0011-02-27 12:13:00,11,2,27,12,13,420,218,CROZET BOUSSINGAULT JUSQ,45.42001,4.40414,Plein jour,En agglomération,Hors intersection,Normale,Autre collision,,,,,,,,,,,1,2,1,1.0,6.0
201100031087,0011-03-01 19:30:00,11,3,1,19,30,420,305,"ignorée, BRAYETIERE",45.48389,4.43698,Nuit avec éclairage allumé,En agglomération,Intersection en X,Normale,Deux véhicules - côté,,,,,,,,,,,5,2,2,1.0,3.0
201100031088,0011-03-04 09:55:00,11,3,4,9,55,420,218,"76, CHARCOT DOCTEURS A P",45.4174,4.39329,Plein jour,En agglomération,Intersection en T,Normale,Autre collision,,,,,,,,,,,1,2,3,1.0,6.0
201100031089,0011-03-04 15:00:00,11,3,4,15,0,420,218,"2, BALAY JUSQU'AUX N° 51",45.44202,4.38711,Plein jour,En agglomération,Hors intersection,Normale,Autre collision,,,,,,,,,,,1,2,1,1.0,6.0
201100031090,0011-03-05 07:18:00,11,3,5,7,18,420,218,"04, JANIN JULES (BD) JUS",45.44728,4.38622,Crépuscule ou aube,En agglomération,Hors intersection,Normale,Autre collision,,,,,,,,,,,2,2,1,1.0,6.0
201100031091,0011-03-07 08:40:00,11,3,7,8,40,420,218,"35, CHAMPROND",45.44454,4.35971,Plein jour,En agglomération,Hors intersection,Normale,Autre collision,,,,,,,,,,,1,2,1,1.0,6.0
201100031092,0011-03-08 17:13:00,11,3,8,17,13,420,218,ROCHER ROGER BOULEVARD,45.4598,4.38731,Plein jour,En agglomération,Intersection en X,Normale,Deux véhicules - arrière,,,,,,,,,,,1,2,2,1.0,2.0
201100031093,0011-03-06 17:20:00,11,3,6,17,20,420,305,"02, CHAZOTTE",45.47384,4.43948,Plein jour,Hors agglomération,Hors intersection,Normale,Deux véhicules - côté,,,,,,,,,,,1,1,1,1.0,3.0
201100031094,0011-03-09 19:59:00,11,3,9,19,59,420,218,"16, BUISSON",45.44152,4.37953,Nuit avec éclairage allumé,En agglomération,Hors intersection,Normale,Autre collision,,,,,,,,,,,5,2,1,1.0,6.0
201100031095,0011-03-10 13:39:00,11,3,10,13,39,420,237,LYON (ANCIENNE ROUTE DE),45.44534,4.45029,Plein jour,Hors agglomération,Hors intersection,Normale,Sans collision,,,,,,,,,,,1,1,1,1.0,7.0
201100031096,0011-03-10 15:11:00,11,3,10,15,11,420,218,"02, MOULINIERS",45.41889,4.3987,Plein jour,En agglomération,Intersection en X,Normale,Deux véhicules - côté,,,,,,,,,,,1,2,2,1.0,3.0
201100031097,0011-03-12 00:03:00,11,3,12,0,3,420,218,ARCOLE A PARTIR DES N° 1,45.44057,4.38552,Nuit avec éclairage allumé,En agglomération,Intersection en X,Normale,Autre collision,,,,,,,,,,,5,2,2,1.0,6.0
201100031098,0011-03-14 11:15:00,11,3,14,11,15,420,218,"14, TEISSIER GEORGES",45.37228,4.38562,Plein jour,En agglomération,Hors intersection,Normale,Autre collision,,,,,,,,,,,1,2,1,1.0,6.0
201100031099,0011-03-11 15:30:00,11,3,11,15,30,420,218,"1, LEBOIS CLAUDE",45.43884,4.39493,Plein jour,En agglomération,Intersection en T,Normale,Autre collision,,,,,,,,,,,1,2,3,1.0,6.0
201100031100,0011-03-18 14:22:00,11,3,18,14,22,420,218,"sans, POURCEL ALEXANDRE",45.42337,4.39555,Plein jour,En agglomération,Autre intersection,Normale,Autre collision,,,,,,,,,,,1,2,9,1.0,6.0
201100031101,0011-03-18 18:15:00,11,3,18,18,15,420,218,"sans, R.D. N°25",45.43761,4.29272,Plein jour,Hors agglomération,Intersection en T,Normale,Deux véhicules - côté,,,,,,,,,,,1,1,3,1.0,3.0
201100031102,0011-03-20 19:40:00,11,3,20,19,40,420,218,"ignoré, BERGSON A PARTIR",45.44828,4.38462,Nuit avec éclairage allumé,En agglomération,Intersection en T,Normale,Deux véhicules - côté,,,,,,,,,,,5,2,3,1.0,3.0
201100031103,0011-03-22 08:00:00,11,3,22,8,0,420,218,"ignoré, LITTRE EMILE A P",45.4295,4.38785,Plein jour,En agglomération,Hors intersection,Normale,Autre collision,,,,,,,,,,,1,2,1,1.0,6.0
201100031104,0011-03-23 20:45:00,11,3,23,20,45,420,218,"13, FAURIEL (COURS)",45.42905,4.39742,Nuit avec éclairage allumé,En agglomération,Hors intersection,Normale,Sans collision,,,,,,,,,,,5,2,1,1.0,7.0
201100031105,0011-03-23 15:06:00,11,3,23,15,6,420,218,"38, TARENTAIZE",45.43698,4.38218,Plein jour,En agglomération,Hors intersection,Normale,Autre collision,,,,,,,,,,,1,2,1,1.0,6.0
201100031106,0011-03-24 22:30:00,11,3,24,22,30,420,218,"6, FOY GENERAL",45.43777,4.38761,Nuit avec éclairage allumé,En agglomération,Intersection en X,Normale,Deux véhicules - côté,,,,,,,,,,,5,2,2,1.0,3.0
201100031107,0011-03-25 13:15:00,11,3,25,13,15,420,218,TALAUDIERE (DE LA) A PAR,45.45457,4.41179,Plein jour,En agglomération,Intersection en X,Normale,Deux véhicules - côté,,,,,,,,,,,1,2,2,1.0,3.0
201100031108,0011-03-25 18:11:00,11,3,25,18,11,420,218,"07, PEUPLE (PLACE)",45.43617,4.38794,Plein jour,En agglomération,Hors intersection,Normale,Autre collision,,,,,,,,,,,1,2,1,1.0,6.0
201100031109,0011-03-24 16:49:00,11,3,24,16,49,420,189,LECLERC MARECHAL (BOULEV,45.43237,4.32525,Plein jour,En agglomération,Intersection en T,Normale,Deux véhicules - arrière,,,,,,,,,,,1,2,3,1.0,2.0
201100031110,0011-03-25 17:15:00,11,3,25,17,15,420,305,"IGNORE, MIRABEAU",45.47728,4.4173,Plein jour,En agglomération,Hors intersection,Normale,Deux véhicules - arrière,,,,,,,,,,,1,2,1,1.0,2.0
201100031111,0011-03-23 16:06:00,11,3,23,16,6,420,218,"26, RICHELANDIERE (DE LA",45.43862,4.40191,Plein jour,En agglomération,Intersection en X,Normale,Autre collision,,,,,,,,,,,1,2,2,1.0,6.0
201100031112,0011-03-29 16:10:00,11,3,29,16,10,420,218,DUVAL RAOUL (BOULEVARD),45.4231,4.38312,Plein jour,En agglomération,Hors intersection,Normale,Autre collision,,,,,,,,,,,1,2,1,1.0,6.0
201100031113,0011-03-30 15:25:00,11,3,30,15,25,420,218,"30, BALAY JUSQU'AUX N° 5",45.44446,4.38651,Plein jour,En agglomération,Hors intersection,Normale,Autre collision,,,,,,,,,,,1,2,1,1.0,6.0
201100031114,0011-03-31 15:15:00,11,3,31,15,15,420,218,"85, BERGSON A PARTIR N°",45.45437,4.38287,Plein jour,En agglomération,Hors intersection,Normale,Autre collision,,,,,,,,,,,1,2,1,1.0,6.0
201100031115,0011-04-01 08:05:00,11,4,1,8,5,420,237,"SANS, CRET BEAUPLOMB (LI",45.46169,4.4453,Plein jour,En agglomération,Intersection en T,Normale,Deux véhicules - côté,,,,,,,,,,,1,2,3,1.0,3.0
201100031116,0011-04-01 08:28:00,11,4,1,8,28,420,218,"IGNORE, SAINT EXUPERY",45.46365,4.38222,Plein jour,En agglomération,Intersection en X,Normale,Deux véhicules - côté,,,,,,,,,,,1,2,2,1.0,3.0
201100031117,0011-04-01 10:08:00,11,4,1,10,8,420,218,"19, LAHARPE",45.44663,4.37752,Plein jour,En agglomération,Hors intersection,Normale,Autre collision,,,,,,,,,,,1,2,1,1.0,6.0
201100031118,0011-04-02 10:00:00,11,4,2,10,0,420,330,ARTISANAT,45.4681,4.37186,Plein jour,En agglomération,Hors intersection,Normale,Deux véhicules - arrière,,,,,,,,,,,1,2,1,1.0,2.0
201100031119,0011-04-01 12:30:00,11,4,1,12,30,420,218,"10, MAURICE ROBERT (BOUL",45.42747,4.38439,Plein jour,En agglomération,Hors intersection,Normale,Deux véhicules - côté,,,,,,,,,,,1,2,1,1.0,3.0
201100031120,0011-04-02 10:08:00,11,4,2,10,8,420,218,"12, POURCEL ALEXANDRE JU",45.42364,4.39423,Plein jour,En agglomération,Intersection en T,Normale,Autre collision,,,,,,,,,,,1,2,3,1.0,6.0
201100031121,0011-04-02 18:00:00,11,4,2,18,0,420,218,D8,45.40906,4.42466,Plein jour,En agglomération,Hors intersection,Normale,Deux véhicules - frontale,,,,,,,,,,,1,2,1,1.0,1.0
201100031122,0011-04-02 20:25:00,11,4,2,20,25,420,218,R.D. N°25,45.45296,4.2886,Nuit sans éclairage public,Hors agglomération,Hors intersection,Normale,Autre collision,,,,,,,,,,,3,1,1,1.0,6.0
201100031123,0011-04-05 07:25:00,11,4,5,7,25,420,218,"36 D, ROCHETAILLEE (AVEN",45.4172,4.40047,Plein jour,En agglomération,Hors intersection,Normale,Autre collision,,,,,,,,,,,1,2,1,1.0,6.0
201100031124,0011-04-06 12:37:00,11,4,6,12,37,420,189,"21, BRAILLE LOUIS (BOULE",45.41752,4.31178,Plein jour,En agglomération,Hors intersection,Normale,Deux véhicules - frontale,,,,,,,,,,,1,2,1,1.0,1.0
201100031125,0011-04-08 13:00:00,11,4,8,13,0,420,189,Départementale 3,45.4147,4.30368,Plein jour,En agglomération,Hors intersection,Normale,Deux véhicules - arrière,,,,,,,,,,,1,2,1,1.0,2.0
201100031126,0011-04-10 10:23:00,11,4,10,10,23,420,218,"18, CONTE GRANDCHAMP",45.43764,4.40318,Plein jour,En agglomération,Hors intersection,Normale,Autre collision,,,,,,,,,,,1,2,1,1.0,6.0
201100031127,0011-04-10 09:42:00,11,4,10,9,42,420,218,"15, DAGUERRE",45.4259,4.38803,Plein jour,En agglomération,Hors intersection,Normale,Deux véhicules - côté,,,,,,,,,,,1,2,1,1.0,3.0
201100031128,0011-04-11 17:10:00,11,4,11,17,10,420,218,"42, MAUSSIER PETRUS",45.44475,4.37554,Plein jour,En agglomération,Hors intersection,Normale,Deux véhicules - côté,,,,,,,,,,,1,2,1,1.0,3.0
201100031129,0011-04-12 08:00:00,11,4,12,8,0,420,218,"ignoré, COMTE LOUIS (PLA",45.43141,4.3879,Plein jour,En agglomération,Place,Normale,Autre collision,,,,,,,,,,,1,2,7,1.0,6.0
201100031130,0011-04-12 20:10:00,11,4,12,20,10,420,218,"ignore, SOEURS DES PAUVR",45.43115,4.37857,Crépuscule ou aube,En agglomération,Intersection en X,Normale,Deux véhicules - côté,,,,,,,,,,,2,2,2,1.0,3.0
201100031131,0011-04-13 08:05:00,11,4,13,8,5,420,218,"58, VIRGILE",45.42071,4.42703,Plein jour,En agglomération,Hors intersection,Normale,Autre collision,,,,,,,,,,,1,2,1,1.0,6.0
201100031132,0011-04-14 18:15:00,11,4,14,18,15,420,330,"IGNORE, ROCADE OUEST",,,Plein jour,Hors agglomération,Hors intersection,Normale,Trois véhicules et plus - en chaîne,,,,,,,,,,,1,1,1,1.0,4.0
201100031133,0011-04-14 10:48:00,11,4,14,10,48,420,275,"3, MENDES FRANCE PIERRE",45.46886,4.37626,Plein jour,En agglomération,Hors intersection,Normale,Deux véhicules - côté,,,,,,,,,,,1,2,1,1.0,3.0
201100031134,0011-04-15 23:57:00,11,4,15,23,57,420,218,"ignore, BERNARD MARTIN",45.43306,4.38003,Nuit avec éclairage allumé,En agglomération,Intersection en X,Normale,Deux véhicules - arrière,,,,,,,,,,,5,2,2,1.0,2.0
201100031135,0011-04-08 09:50:00,11,4,8,9,50,420,218,"4, LAMAIZIERE LEON",45.46575,4.38012,Plein jour,En agglomération,Hors intersection,Normale,Autre collision,,,,,,,,,,,1,2,1,1.0,6.0
201100031136,0011-04-19 10:15:00,11,4,19,10,15,420,218,"ignor?, KNOBLAUCH LIEUTE",45.45382,4.38297,Plein jour,En agglomération,Hors intersection,Normale,Autre collision,,,,,,,,,,,1,2,1,1.0,6.0
201100031137,0011-04-13 14:50:00,11,4,13,14,50,420,218,"ignoré, HUGUES CLOVIS",45.4481,4.38337,Plein jour,En agglomération,Intersection en X,Normale,Deux véhicules - côté,,,,,,,,,,,1,2,2,1.0,3.0
201100031138,0011-04-26 12:30:00,11,4,26,12,30,420,218,"49 TER, CLAUDE DESIRE A",45.42714,4.38949,Plein jour,En agglomération,Hors intersection,Normale,Sans collision,,,,,,,,,,,1,2,1,1.0,7.0
201100031139,0011-04-21 19:35:00,11,4,21,19,35,420,218,"IGNORE, CUVIER",45.42848,4.39286,Plein jour,En agglomération,Intersection en T,Normale,Deux véhicules - côté,,,,,,,,,,,1,2,3,1.0,3.0
201100031140,0011-04-27 14:15:00,11,4,27,14,15,420,330,ROCADE OUEST,45.46613,4.34031,Plein jour,En agglomération,Hors intersection,Pluie légère,Trois véhicules et plus - en chaîne,,,,,,,,,,,1,2,1,2.0,4.0
201100031141,0011-04-30 08:30:00,11,4,30,8,30,420,218,"105, BERGSON A PARTIR N?",45.45625,4.38233,Plein jour,En agglomération,Hors intersection,Normale,Deux véhicules - arrière,,,,,,,,,,,1,2,1,1.0,2.0
201100031142,0011-04-29 22:00:00,11,4,29,22,0,420,218,"1, MUSSET ALFRED DE (BD)",45.44343,4.37924,Nuit avec éclairage allumé,En agglomération,Intersection en X,Normale,Deux véhicules - côté,,,,,,,,,,,5,2,2,1.0,3.0
201100031143,0011-04-29 23:15:00,11,4,29,23,15,420,218,"13, VALBENOITE (BD) JUSQ",45.42883,4.39472,Nuit avec éclairage allumé,En agglomération,Hors intersection,Normale,Deux véhicules - côté,,,,,,,,,,,5,2,1,1.0,3.0
201100031144,0011-05-02 22:30:00,11,5,2,22,30,420,223,TISSOT (LIEU DIT),45.44042,4.33834,Nuit sans éclairage public,Hors agglomération,Hors intersection,Normale,Deux véhicules - frontale,,,,,,,,,,,3,1,1,1.0,1.0
201100031145,0011-05-03 02:45:00,11,5,3,2,45,420,218,"96, CROZET BOUSSINGAULT",45.41831,4.40609,Nuit sans éclairage public,En agglomération,Hors intersection,Normale,Autre collision,,,,,,,,,,,3,2,1,1.0,6.0
201100031146,0011-05-03 14:08:00,11,5,3,14,8,420,218,"52, ONZE NOVEMBRE A PART",45.42616,4.39082,Plein jour,En agglomération,Hors intersection,Pluie légère,Trois véhicules et plus - en chaîne,,,,,,,,,,,1,2,1,2.0,4.0
201100031147,0011-05-04 16:08:00,11,5,4,16,8,420,218,"09, POINTE CADET A PARTI",45.43336,4.39224,Plein jour,En agglomération,Intersection en T,Normale,Autre collision,,,,,,,,,,,1,2,3,1.0,6.0
201100031148,0011-05-05 20:05:00,11,5,5,20,5,420,218,TALAUDIERE (DE LA) A PAR,45.45457,4.41179,Plein jour,En agglomération,Intersection en X,Normale,Deux véhicules - frontale,,,,,,,,,,,1,2,2,1.0,1.0
201100031149,0011-05-05 09:00:00,11,5,5,9,0,420,218,"60, BERGSON A PARTIR N?",45.45444,4.38309,Plein jour,En agglomération,Hors intersection,Normale,Autre collision,,,,,,,,,,,1,2,1,1.0,6.0
201100031150,0011-05-09 16:54:00,11,5,9,16,54,420,223,"04, DE GAULLE CHARLES (P",45.44635,4.33608,Plein jour,En agglomération,Hors intersection,Normale,Autre collision,,,,,,,,,,,1,2,1,1.0,6.0
201100031151,0011-05-10 14:50:00,11,5,10,14,50,420,330,D?partementale 15,45.44725,4.34926,Plein jour,Hors agglomération,Intersection en T,Normale,Deux véhicules - côté,,,,,,,,,,,1,1,3,1.0,3.0
201100031152,0011-05-10 13:30:00,11,5,10,13,30,420,218,KRUMNOW FREDO (BOULEVARD,45.44169,4.37892,Plein jour,En agglomération,Intersection en X,Normale,Trois véhicules et plus - collisions multiples,,,,,,,,,,,1,2,2,1.0,5.0
201100031153,0011-05-12 12:30:00,11,5,12,12,30,420,223,"ignore, PORTS DE SAINT J",,,Plein jour,En agglomération,Intersection en T,Normale,Deux véhicules - côté,,,,,,,,,,,1,2,3,1.0,3.0
201100031154,0011-05-12 13:00:00,11,5,12,13,0,420,218,"53, FAURIAT (BOULEVARD)",45.44347,4.40801,Plein jour,En agglomération,Hors intersection,Normale,Deux véhicules - côté,,,,,,,,,,,1,2,1,1.0,3.0
201100031155,0011-05-12 17:05:00,11,5,12,17,5,420,218,DESTRE DOCTEUR LOUIS A P,,,Plein jour,En agglomération,Hors intersection,Normale,Deux véhicules - côté,,,,,,,,,,,1,2,1,1.0,3.0
201100031156,0011-05-13 14:25:00,11,5,13,14,25,420,218,"29, BADOUILLERE A PARTIR",45.43256,4.39437,Plein jour,En agglomération,Intersection en X,Normale,Deux véhicules - côté,,,,,,,,,,,1,2,2,1.0,3.0
201100031157,0011-05-13 15:00:00,11,5,13,15,0,420,218,"9, URSULES (PLACE DES)",45.4332,4.38814,Plein jour,En agglomération,Hors intersection,Normale,Trois véhicules et plus - en chaîne,,,,,,,,,,,1,2,1,1.0,4.0
201100031158,0011-05-14 08:18:00,11,5,14,8,18,420,218,"13, PALLUAT DE BESSET JU",45.44309,4.37662,Plein jour,En agglomération,Intersection en X,Normale,Deux véhicules - côté,,,,,,,,,,,1,2,2,1.0,3.0
201100031159,0011-05-18 09:10:00,11,5,18,9,10,420,218,AMOUROUX (SQUARE),45.41371,4.39619,Plein jour,En agglomération,Hors intersection,Temps éblouissant,Autre collision,,,,,,,,,,,1,2,1,7.0,6.0
201100031160,0011-05-17 14:17:00,11,5,17,14,17,420,218,D?partementale 3,45.41483,4.29674,Plein jour,Hors agglomération,Giratoire,Normale,Sans collision,,,,,,,,,,,1,1,6,1.0,7.0
201100031161,0011-05-18 11:45:00,11,5,18,11,45,420,218,"ignore, POINTE CADET A P",45.43455,4.39096,Plein jour,En agglomération,Hors intersection,Normale,Autre collision,,,,,,,,,,,1,2,1,1.0,6.0
201100031162,0011-05-19 12:45:00,11,5,19,12,45,420,218,"154 bis, FAURIEL (COURS)",45.4242,4.40731,Plein jour,En agglomération,Hors intersection,Normale,Autre collision,,,,,,,,,,,1,2,1,1.0,6.0
201100031163,0011-05-19 14:28:00,11,5,19,14,28,420,218,"27, DELORY GUSTAVE",45.46126,4.40337,Plein jour,En agglomération,Hors intersection,Normale,Deux véhicules - côté,,,,,,,,,,,1,2,1,1.0,3.0
201100031164,0011-05-20 13:20:00,11,5,20,13,20,420,218,"5, ROOSEVELT FRANKLIN (S",45.42022,4.41163,Plein jour,En agglomération,Giratoire,Normale,Deux véhicules - côté,,,,,,,,,,,1,2,6,1.0,3.0
201100031165,0011-05-20 08:50:00,11,5,20,8,50,420,223,"ignor?, GUIMET LOUIS",45.4459,4.35276,Plein jour,En agglomération,Hors intersection,Normale,Autre collision,,,,,,,,,,,1,2,1,1.0,6.0
201100031166,0011-05-23 13:12:00,11,5,23,13,12,420,275,"3, CARRIERES",45.47713,4.37948,Plein jour,En agglomération,Intersection en T,Normale,Deux véhicules - frontale,,,,,,,,,,,1,2,3,1.0,1.0