accident_id,datetime,annee,mois,jour,heure,minute,departement,commune_insee,adresse,latitude,longitude,luminosite,agglomeration,intersection,meteo,collision,nb_vehicules,nb_usagers,nb_indemnes,nb_tues,nb_blesses_hosp,nb_blesses_legers,age_cond_1,age_cond_2,veh_type_cond_1,veh_type_cond_2,lum_code,agg_code,int_code,atm_code,col_code
201100031287,0011-10-25 14:50:00,11,10,25,14,50,420,218,"ignor?, GIRODET (PLACE)",45.448,4.3812,Plein jour,En agglomération,Intersection en X,Pluie légère,Deux véhicules - côté,,,,,,,,,,,1,2,2,2.0,3.0
201100031288,0011-10-25 17:25:00,11,10,25,17,25,420,218,"111, FAURIEL (COURS)",45.42166,4.41074,Plein jour,En agglomération,Hors intersection,Pluie légère,Autre collision,,,,,,,,,,,1,2,1,2.0,6.0
201100031289,0011-10-30 21:00:00,11,10,30,21,0,420,305,"ignor?, EVRARD FLORENT J",45.47881,4.43473,Nuit avec éclairage allumé,En agglomération,Intersection en X,Normale,Deux véhicules - côté,,,,,,,,,,,5,2,2,1.0,3.0
201100031290,0011-10-29 07:15:00,11,10,29,7,15,420,218,"02, MAURICE ROBERT (BOUL",45.4279,4.38302,Nuit avec éclairage allumé,En agglomération,Hors intersection,Normale,Autre collision,,,,,,,,,,,5,2,1,1.0,6.0
201100031291,0011-11-03 17:57:00,11,11,3,17,57,420,218,"72, RICHELANDIERE (DE LA",45.43713,4.40671,Nuit avec éclairage allumé,En agglomération,Hors intersection,Normale,Trois véhicules et plus - collisions multiples,,,,,,,,,,,5,2,1,1.0,5.0
201100031292,0011-11-05 17:35:00,11,11,5,17,35,420,275,"12, MENDES FRANCE PIERRE",45.47727,4.36326,Nuit avec éclairage allumé,En agglomération,Hors intersection,Pluie forte,Autre collision,,,,,,,,,,,5,2,1,3.0,6.0
201100031293,0011-11-03 18:59:00,11,11,3,18,59,420,218,ROOSEVELT FRANKLIN (SQUA,45.42018,4.41192,Nuit avec éclairage allumé,En agglomération,Giratoire,Normale,Autre collision,,,,,,,,,,,5,2,6,1.0,6.0
201100031294,0011-11-09 16:30:00,11,11,9,16,30,420,218,"5, JANIN JULES (BD) JUSQ",45.44728,4.38622,Plein jour,En agglomération,Intersection en T,Normale,Deux véhicules - côté,,,,,,,,,,,1,2,3,1.0,3.0
201100031295,0011-11-10 17:09:00,11,11,10,17,9,420,218,BERNARD MARTIN,45.43268,4.38021,Plein jour,En agglomération,Hors intersection,Normale,Autre collision,,,,,,,,,,,1,2,1,1.0,6.0
201100031296,0011-11-10 18:28:00,11,11,10,18,28,420,218,BONNASSIEUX,45.41261,4.39918,Crépuscule ou aube,En agglomération,Hors intersection,Normale,Autre collision,,,,,,,,,,,2,2,1,1.0,6.0
201100031297,0011-11-14 14:55:00,11,11,14,14,55,420,218,INFORMATIQUE,45.45733,4.39573,Plein jour,En agglomération,Intersection en X,Normale,Deux véhicules - côté,,,,,,,,,,,1,2,2,1.0,3.0
201100031298,0011-11-14 11:00:00,11,11,14,11,0,420,275,"10, PARC (ALLEE DU)",45.47313,4.37662,Plein jour,En agglomération,Hors intersection,Normale,Autre collision,,,,,,,,,,,1,2,1,1.0,6.0
201100031299,0011-11-18 10:00:00,11,11,18,10,0,420,218,"ignor?, LIBERTE",45.44995,4.40349,Plein jour,En agglomération,Hors intersection,Normale,Autre collision,,,,,,,,,,,1,2,1,1.0,6.0
201100031300,0011-11-21 01:00:00,11,11,21,1,0,420,218,"ignore, BALAY JUSQU'AUX",45.44438,4.38645,Nuit avec éclairage allumé,En agglomération,Intersection en T,Normale,Deux véhicules - côté,,,,,,,,,,,5,2,3,1.0,3.0
201100031301,0011-11-21 23:20:00,11,11,21,23,20,420,218,"IGNORE, LIOGIER A PARTIR",45.42836,4.40488,Nuit avec éclairage allumé,En agglomération,Hors intersection,Normale,Autre collision,,,,,,,,,,,5,2,1,1.0,6.0
201100031302,0011-11-21 17:50:00,11,11,21,17,50,420,218,BOURGNEUF,45.44559,4.38296,Nuit avec éclairage allumé,En agglomération,Intersection en T,Normale,Deux véhicules - côté,,,,,,,,,,,5,2,3,1.0,3.0
201100031303,0011-11-23 07:50:00,11,11,23,7,50,420,218,"10, GIONO JEAN",45.42377,4.38525,Crépuscule ou aube,En agglomération,Hors intersection,Normale,Autre collision,,,,,,,,,,,2,2,1,1.0,6.0
201100031304,0011-11-23 11:13:00,11,11,23,11,13,420,218,"ignore, MUSSET ALFRED DE",45.44511,4.38026,Plein jour,En agglomération,Hors intersection,Normale,Autre collision,,,,,,,,,,,1,2,1,1.0,6.0
201100031305,0011-11-21 14:05:00,11,11,21,14,5,420,218,"IGNORE, BERNARD MARTIN",45.43391,4.37958,Plein jour,En agglomération,Hors intersection,Normale,Deux véhicules - arrière,,,,,,,,,,,1,2,1,1.0,2.0
201100031306,0011-11-30 13:00:00,11,11,30,13,0,420,330,"IGNORE, COTE (CHEMIN)",45.4659,4.34269,Plein jour,En agglomération,Intersection en T,Normale,Deux véhicules - côté,,,,,,,,,,,1,2,3,1.0,3.0
201100031307,0011-11-27 16:10:00,11,11,27,16,10,420,218,MENDES FRANCE PIERRE (BO,45.43434,4.37962,Plein jour,En agglomération,Intersection en X,Normale,Deux véhicules - frontale,,,,,,,,,,,1,2,2,1.0,1.0
201100031308,0011-12-01 13:20:00,11,12,1,13,20,420,218,"ignore, ROCHE DU GEAI (D",45.44285,4.36447,Plein jour,En agglomération,Hors intersection,Normale,Autre collision,,,,,,,,,,,1,2,1,1.0,6.0
201100031309,0011-12-02 18:41:00,11,12,2,18,41,420,218,"97, EVRARD FLORENT A PAR",45.41706,4.37558,Nuit avec éclairage allumé,En agglomération,Intersection en T,Normale,Deux véhicules - frontale,,,,,,,,,,,5,2,3,1.0,1.0
201100031310,0011-12-03 19:51:00,11,12,3,19,51,420,218,"07, THIERRY AUGUSTIN (BD",45.44669,4.38264,Nuit avec éclairage allumé,En agglomération,Intersection en X,Normale,Deux véhicules - côté,,,,,,,,,,,5,2,2,1.0,3.0
201100031311,0011-11-28 18:25:00,11,11,28,18,25,420,189,"7, BRAILLE LOUIS (BOULEV",45.41834,4.31234,Nuit avec éclairage allumé,En agglomération,Hors intersection,Normale,Autre collision,,,,,,,,,,,5,2,1,1.0,6.0
201100031312,0011-12-05 11:41:00,11,12,5,11,41,420,218,"117, MONTAT (DE LA) A PA",45.44305,4.41228,Plein jour,En agglomération,Hors intersection,Pluie légère,Deux véhicules - arrière,,,,,,,,,,,1,2,1,2.0,2.0
201100031313,0011-12-06 12:17:00,11,12,6,12,17,420,218,GUICHARD PAUL ET PIERRE,45.45802,4.38873,Plein jour,En agglomération,Intersection en X,Normale,Deux véhicules - côté,,,,,,,,,,,1,2,2,1.0,3.0
201100031314,0011-12-07 18:17:00,11,12,7,18,17,420,218,"42, CHARCOT DOCTEURS JUS",45.42062,4.39231,Nuit avec éclairage allumé,En agglomération,Hors intersection,Pluie légère,Autre collision,,,,,,,,,,,5,2,1,2.0,6.0
201100031315,0011-12-06 17:20:00,11,12,6,17,20,420,330,D15,45.45266,4.34277,Nuit sans éclairage public,Hors agglomération,Intersection en X,Pluie légère,Deux véhicules - côté,,,,,,,,,,,3,1,2,2.0,3.0
201100031316,0011-12-09 12:09:00,11,12,9,12,9,420,218,"435, NELTNER LOUIS (BOUL",45.46225,4.41267,Plein jour,En agglomération,Hors intersection,Normale,Sans collision,,,,,,,,,,,1,2,1,1.0,7.0
201100031317,0011-12-12 07:50:00,11,12,12,7,50,420,218,"89, FAURIEL (COURS)",45.4244,4.40783,Crépuscule ou aube,En agglomération,Hors intersection,Normale,Autre collision,,,,,,,,,,,2,2,1,1.0,6.0
201100031318,0011-12-07 07:40:00,11,12,7,7,40,420,218,DELORY GUSTAVE,45.46284,4.40104,Crépuscule ou aube,En agglomération,Hors intersection,Normale,Deux véhicules - arrière,,,,,,,,,,,2,2,1,1.0,2.0
201100031319,0011-12-19 08:45:00,11,12,19,8,45,420,218,"32, BLACHON PIERRE A PAR",45.42847,4.40792,Plein jour,En agglomération,Hors intersection,Neige / grêle,Deux véhicules - frontale,,,,,,,,,,,1,2,1,4.0,1.0
201100031320,0011-12-19 18:15:00,11,12,19,18,15,420,218,"19, MOULINIERS",45.41931,4.40047,Nuit avec éclairage allumé,En agglomération,Hors intersection,Temps couvert,Autre collision,,,,,,,,,,,5,2,1,8.0,6.0
201100031321,0011-12-17 13:55:00,11,12,17,13,55,420,218,"35, CORBUSIER (LE)",45.42641,4.40994,Plein jour,En agglomération,Hors intersection,Temps couvert,Autre collision,,,,,,,,,,,1,2,1,8.0,6.0
201100031322,0011-12-20 21:50:00,11,12,20,21,50,420,218,"IGNORE, DAGUERRE",45.42606,4.38792,Nuit avec éclairage allumé,En agglomération,Intersection en T,Pluie légère,Deux véhicules - côté,,,,,,,,,,,5,2,3,2.0,3.0
201100031323,0011-12-21 12:40:00,11,12,21,12,40,420,218,"ignor?, HUGO VICTOR (COU",45.43273,4.3883,Plein jour,En agglomération,Intersection en X,Pluie légère,Deux véhicules - frontale,,,,,,,,,,,1,2,2,2.0,1.0
201100031324,0011-12-25 18:29:00,11,12,25,18,29,420,218,"30, JANIN JULES (BD) DES",45.44849,4.38995,Nuit avec éclairage allumé,En agglomération,Hors intersection,Normale,Autre collision,,,,,,,,,,,5,2,1,1.0,6.0
201100031325,0011-12-23 14:05:00,11,12,23,14,5,420,218,"13, PERI GABRIEL A PARTI",45.41383,4.39243,Plein jour,En agglomération,Intersection en T,Temps couvert,Deux véhicules - côté,,,,,,,,,,,1,2,3,8.0,3.0
201100031326,0011-12-21 17:30:00,11,12,21,17,30,420,218,"5, ROCHE DU GEAI (DE LA)",45.44408,4.36386,Crépuscule ou aube,En agglomération,Hors intersection,Normale,Autre collision,,,,,,,,,,,2,2,1,1.0,6.0
201100031327,0011-12-27 19:10:00,11,12,27,19,10,420,218,"ignore, LIBERATION (AVEN",45.43787,4.39365,Nuit avec éclairage allumé,En agglomération,Hors intersection,Normale,Autre collision,,,,,,,,,,,5,2,1,1.0,6.0
201100031328,0011-12-28 20:16:00,11,12,28,20,16,420,218,"155, ALLIES A PARTIR N?",45.44145,4.4164,Nuit avec éclairage allumé,En agglomération,Intersection en X,Normale,Deux véhicules - côté,,,,,,,,,,,5,2,2,1.0,3.0
201100031329,0011-01-03 14:20:00,11,1,3,14,20,430,2,"18, AIGUILHE (ROCADE D')",,,Plein jour,En agglomération,Hors intersection,Normale,Autre collision,,,,,,,,,,,1,2,1,1.0,6.0
201100031330,0011-02-09 15:25:00,11,2,9,15,25,430,41,"21, ST VOSY (rue)",,,Plein jour,En agglomération,Hors intersection,Normale,Autre collision,,,,,,,,,,,1,2,1,1.0,6.0
201100031331,0011-02-28 17:25:00,11,2,28,17,25,430,157,"11, MICHELET (PLACE)",,,Plein jour,En agglomération,Hors intersection,Normale,Autre collision,,,,,,,,,,,1,2,1,1.0,6.0
201100031332,0011-03-01 18:42:00,11,3,1,18,42,430,251,"2, MASSOT (RUE CHARLES)",,,Crépuscule ou aube,En agglomération,Hors intersection,Normale,Autre collision,,,,,,,,,,,2,2,1,1.0,6.0
201100031333,0011-03-26 09:50:00,11,3,26,9,50,430,157,"1, VAL-VERT (Avenue du)",,,Plein jour,En agglomération,Hors intersection,Normale,Deux véhicules - arrière,,,,,,,,,,,1,2,1,1.0,2.0
201100031334,0011-04-15 18:00:00,11,4,15,18,0,430,41,"38, FARIGOULE (av PI",,,Plein jour,En agglomération,Hors intersection,Normale,Deux véhicules - frontale,,,,,,,,,,,1,2,1,1.0,1.0
201100031335,0011-04-15 20:50:00,11,4,15,20,50,430,46,"36, CHAMPS-ELYSEES (AVEN",,,Nuit avec éclairage allumé,En agglomération,Hors intersection,Normale,Deux véhicules - frontale,,,,,,,,,,,5,2,1,1.0,1.0
201100031336,0011-05-03 23:30:00,11,5,3,23,30,430,157,BREUIL (BD DU),,,Nuit avec éclairage non allumé,En agglomération,Hors intersection,Normale,Deux véhicules - côté,,,,,,,,,,,4,2,1,1.0,3.0
201100031337,0011-05-23 11:30:00,11,5,23,11,30,430,157,"2, DENTELLE (AV DE LA)",,,Plein jour,En agglomération,Hors intersection,Normale,Autre collision,,,,,,,,,,,1,2,1,1.0,6.0
201100031338,0011-07-04 17:15:00,11,7,4,17,15,430,46,"18, MONTGIRAUD (BOULEVAR",,,Plein jour,Hors agglomération,Hors intersection,Normale,Autre collision,,,,,,,,,,,1,1,1,1.0,6.0
201100031339,0011-07-21 16:50:00,11,7,21,16,50,430,2,PASSERELLE (CHEMIN de la,,,Plein jour,En agglomération,Hors intersection,Normale,Deux véhicules - arrière,,,,,,,,,,,1,2,1,1.0,2.0
201100031340,0011-07-21 15:45:00,11,7,21,15,45,430,251,"2, MASSOT (rue CHARLES)",,,Plein jour,En agglomération,Hors intersection,Normale,Autre collision,,,,,,,,,,,1,2,1,1.0,6.0
201100031341,0011-07-30 13:35:00,11,7,30,13,35,430,157,"16, OURS-MONS (AV. D)",,,Plein jour,En agglomération,Hors intersection,Normale,Deux véhicules - arrière,,,,,,,,,,,1,2,1,1.0,2.0
201100031342,0011-08-08 18:15:00,11,8,8,18,15,430,157,12 GAMBETTA (BD),,,Plein jour,En agglomération,Hors intersection,Normale,Deux véhicules - arrière,,,,,,,,,,,1,2,1,1.0,2.0
201100031343,0011-08-23 12:00:00,11,8,23,12,0,430,157,SAND (BD GEORGES),,,Plein jour,En agglomération,Hors intersection,Normale,Trois véhicules et plus - en chaîne,,,,,,,,,,,1,2,1,1.0,4.0
201100031344,0011-09-01 18:35:00,11,9,1,18,35,430,157,"1, LAFAYETTE (RUE GENERA",,,Plein jour,En agglomération,Hors intersection,Normale,Deux véhicules - frontale,,,,,,,,,,,1,2,1,1.0,1.0
201100031345,0011-09-04 18:44:00,11,9,4,18,44,430,157,30 REPUBLIQUE (BD DE LA,,,Plein jour,En agglomération,Hors intersection,Normale,Autre collision,,,,,,,,,,,1,2,1,1.0,6.0
201100031346,0011-09-22 09:15:00,11,9,22,9,15,430,251,"1, MASSOT (RUE CHARLES)",,,Plein jour,En agglomération,Hors intersection,Normale,Autre collision,,,,,,,,,,,1,2,1,1.0,6.0
201100031347,0011-10-07 21:50:00,11,10,7,21,50,430,89,SAUGUES (route de),,,Nuit sans éclairage public,Hors agglomération,Hors intersection,Pluie légère,Deux véhicules - frontale,,,,,,,,,,,3,1,1,2.0,1.0
201100031348,0011-10-15 17:10:00,11,10,15,17,10,430,157,"71, ST-JEAN (RUE DU FG)",,,Plein jour,En agglomération,Hors intersection,Normale,Deux véhicules - arrière,,,,,,,,,,,1,2,1,1.0,2.0
201100031349,0011-10-17 19:30:00,11,10,17,19,30,430,251,25 VALS (AVENUE DE),,,Nuit avec éclairage allumé,En agglomération,Hors intersection,Normale,Deux véhicules - côté,,,,,,,,,,,5,2,1,1.0,3.0
201100031350,0011-10-25 18:30:00,11,10,25,18,30,430,2,"13, BONNEVILLE (AVENUE D",,,Plein jour,En agglomération,Hors intersection,Normale,Autre collision,,,,,,,,,,,1,2,1,1.0,6.0
201100031351,0011-11-03 18:25:00,11,11,3,18,25,430,251,78 VALS (AVENUE DE),,,Nuit avec éclairage allumé,En agglomération,Hors intersection,Pluie forte,Autre collision,,,,,,,,,,,5,2,1,3.0,6.0
201100031352,0011-11-04 18:00:00,11,11,4,18,0,430,89,30 MAIRIE (AVENUE DE LA,,,Nuit avec éclairage allumé,En agglomération,Hors intersection,Pluie forte,Autre collision,,,,,,,,,,,5,2,1,3.0,6.0
201100031353,0011-11-07 08:50:00,11,11,7,8,50,430,157,2 FARIGOULE (RUE PIERRE,,,Plein jour,En agglomération,Hors intersection,Normale,Autre collision,,,,,,,,,,,1,2,1,1.0,6.0
201100031354,0011-01-23 01:55:00,11,1,23,1,55,440,55,"24, BARRI?RE ( ESPLANADE",,,Nuit avec éclairage allumé,En agglomération,Hors intersection,Normale,Autre collision,,,,,,,,,,,5,2,1,1.0,6.0
201100031355,0011-01-27 19:10:00,11,1,27,19,10,440,132,"35, SAINT SEBASTIEN (AVE",,,Nuit avec éclairage allumé,En agglomération,Hors intersection,Normale,Autre collision,,,,,,,,,,,5,2,1,1.0,6.0
201100031356,0011-01-29 11:53:00,11,1,29,11,53,440,55,"27, JOFFRE ( AVENUE )",,,Plein jour,En agglomération,Hors intersection,Normale,Autre collision,,,,,,,,,,,1,2,1,1.0,6.0
201100031357,0011-02-01 20:00:00,11,2,1,20,0,440,132,COMBATTANTS D'AFRIQUE DU,,,Nuit avec éclairage allumé,En agglomération,Giratoire,Pluie légère,Deux véhicules - côté,,,,,,,,,,,5,2,6,2.0,3.0
201100031358,0011-02-08 17:55:00,11,2,8,17,55,440,132,BD SAINT NAZAIRE,,,Plein jour,Hors agglomération,Hors intersection,Normale,Deux véhicules - arrière,,,,,,,,,,,1,1,1,1.0,2.0
201100031359,0011-02-27 13:05:00,11,2,27,13,5,440,55,"1, DURUY ( AVENUE VICTOR",,,Plein jour,En agglomération,Hors intersection,Normale,Autre collision,,,,,,,,,,,1,2,1,1.0,6.0
201100031360,0011-03-13 10:55:00,11,3,13,10,55,440,55,"NS, PIERRE PERCÉE ( ALLÉ",,,Plein jour,En agglomération,Intersection en T,Pluie légère,Deux véhicules - côté,,,,,,,,,,,1,2,3,2.0,3.0
201100031361,0011-03-13 15:05:00,11,3,13,15,5,440,55,"NS, LILAS ( AVENUE DES )",,,Plein jour,En agglomération,Intersection en T,Normale,Deux véhicules - côté,,,,,,,,,,,1,2,3,1.0,3.0
201100031362,0011-03-18 17:00:00,11,3,18,17,0,440,55,"22, SAINT GEORGES ( AVEN",,,Plein jour,En agglomération,Hors intersection,Normale,Deux véhicules - frontale,,,,,,,,,,,1,2,1,1.0,1.0
201100031363,0011-03-19 17:55:00,11,3,19,17,55,440,55,"35, ANDRÉ ( ESPLANADE FR",,,Plein jour,En agglomération,Hors intersection,Normale,Deux véhicules - arrière,,,,,,,,,,,1,2,1,1.0,2.0
201100031364,0011-03-22 11:00:00,11,3,22,11,0,440,135,"NS, KERHAUT ( AVENUE DE",,,Plein jour,En agglomération,Intersection en X,Normale,Deux véhicules - côté,,,,,,,,,,,1,2,2,1.0,3.0
201100031365,0011-04-09 17:14:00,11,4,9,17,14,440,55,"NS, SANDEAU ( AVENUE JUL",,,Plein jour,En agglomération,Intersection en X,Normale,Deux véhicules - côté,,,,,,,,,,,1,2,2,1.0,3.0
201100031366,0011-04-12 08:10:00,11,4,12,8,10,440,132,"65, LORIETTES (AVENUE DE",,,Plein jour,En agglomération,Intersection en X,Normale,Deux véhicules - côté,,,,,,,,,,,1,2,2,1.0,3.0
201100031367,0011-04-14 10:25:00,11,4,14,10,25,440,132,"NS, BRIQUETERIE (ROUTE D",,,Plein jour,Hors agglomération,Intersection en T,Normale,Deux véhicules - côté,,,,,,,,,,,1,1,3,1.0,3.0
201100031368,0011-04-14 16:35:00,11,4,14,16,35,440,55,"NS, CACQUERAY ( BOULEVAR",,,Plein jour,En agglomération,Hors intersection,Normale,Sans collision,,,,,,,,,,,1,2,1,1.0,7.0
201100031369,0011-04-16 19:25:00,11,4,16,19,25,440,55,"21, DIANE ( AVENUE DE )",,,Plein jour,En agglomération,Hors intersection,Normale,Deux véhicules - côté,,,,,,,,,,,1,2,1,1.0,3.0
201100031370,0011-04-17 09:10:00,11,4,17,9,10,440,55,"12, HENNECART ( BOULEVAR",,,Plein jour,En agglomération,Intersection en T,Normale,Autre collision,,,,,,,,,,,1,2,3,1.0,6.0
201100031371,0011-05-05 14:40:00,11,5,5,14,40,440,132,"34, CLEMENCEAU (AVENUE G",,,Plein jour,En agglomération,Intersection en X,Normale,Deux véhicules - côté,,,,,,,,,,,1,2,2,1.0,3.0
201100031372,0011-05-05 19:00:00,11,5,5,19,0,440,55,"NS, CAILLAUD ( BOULEVARD",,,Plein jour,En agglomération,Hors intersection,Normale,Sans collision,,,,,,,,,,,1,2,1,1.0,7.0
201100031373,0011-05-11 16:30:00,11,5,11,16,30,440,55,"26, DUBOIS ( BOULEVARD D",,,Plein jour,En agglomération,Hors intersection,Normale,Autre collision,,,,,,,,,,,1,2,1,1.0,6.0
201100031374,0011-05-18 17:15:00,11,5,18,17,15,440,132,"NS, MARCHE (PLACE DU)",,,Plein jour,En agglomération,Hors intersection,Normale,Deux véhicules - côté,,,,,,,,,,,1,2,1,1.0,3.0
201100031375,0011-05-26 17:55:00,11,5,26,17,55,440,132,"NS, SAINT NAZAIRE (BOULE",,,Plein jour,En agglomération,Hors intersection,Normale,Deux véhicules - côté,,,,,,,,,,,1,2,1,1.0,3.0
201100031376,0011-06-04 20:00:00,11,6,4,20,0,440,132,"NS, VILLES HERIOUX (ROUT",,,Plein jour,En agglomération,Hors intersection,Normale,Deux véhicules - frontale,,,,,,,,,,,1,2,1,1.0,1.0
201100031377,0011-06-14 09:40:00,11,6,14,9,40,440,132,"NS, COLLET (AVENUE)",,,Plein jour,En agglomération,Hors intersection,Pluie légère,Deux véhicules - côté,,,,,,,,,,,1,2,1,2.0,3.0
201100031378,0011-06-14 11:25:00,11,6,14,11,25,440,55,"NS, GAULLE ( AVENUE DU G",,,Plein jour,En agglomération,Hors intersection,Normale,Deux véhicules - côté,,,,,,,,,,,1,2,1,1.0,3.0
201100031379,0011-06-26 15:30:00,11,6,26,15,30,440,55,"24, CAVALI?RE ( ALL?E )",,,Plein jour,En agglomération,Giratoire,Normale,Deux véhicules - côté,,,,,,,,,,,1,2,6,1.0,3.0
201100031380,0011-06-28 09:55:00,11,6,28,9,55,440,55,"1, HENNECART ( BOULEVARD",,,Plein jour,En agglomération,Hors intersection,Normale,Autre collision,,,,,,,,,,,1,2,1,1.0,6.0
201100031381,0011-07-01 12:55:00,11,7,1,12,55,440,135,"NS, LAB?GO ( BOULEVARD D",,,Plein jour,En agglomération,Intersection en X,Normale,Deux véhicules - côté,,,,,,,,,,,1,2,2,1.0,3.0
201100031382,0011-07-02 16:00:00,11,7,2,16,0,440,135,"NS, KISSLEGG ( BOULEVARD",,,Plein jour,En agglomération,Autre intersection,Normale,Deux véhicules - arrière,,,,,,,,,,,1,2,9,1.0,2.0
201100031383,0011-07-03 17:10:00,11,7,3,17,10,440,55,"28, OC?AN ( BOULEVARD DE",,,Plein jour,En agglomération,Hors intersection,Normale,Deux véhicules - arrière,,,,,,,,,,,1,2,1,1.0,2.0
201100031384,0011-07-09 15:35:00,11,7,9,15,35,440,55,"NS, BERTHO ( RUE HENRI )",,,Plein jour,Hors agglomération,Autre intersection,Normale,Deux véhicules - côté,,,,,,,,,,,1,1,9,1.0,3.0
201100031385,0011-07-10 11:55:00,11,7,10,11,55,440,135,"17, SANDEAU ( QUAI JULES",,,Plein jour,En agglomération,Autre intersection,Normale,Deux véhicules - côté,,,,,,,,,,,1,2,9,1.0,3.0
201100031386,0011-07-13 10:50:00,11,7,13,10,50,440,55,"64, OC?AN ( BOULEVARD DE",,,Plein jour,En agglomération,Hors intersection,Normale,Deux véhicules - arrière,,,,,,,,,,,1,2,1,1.0,2.0
201100031387,0011-07-14 23:45:00,11,7,14,23,45,440,55,"NS, TOPAZES ( AVENUE DES",,,Nuit avec éclairage non allumé,En agglomération,Hors intersection,Normale,Sans collision,,,,,,,,,,,4,2,1,1.0,7.0
201100031388,0011-07-19 13:15:00,11,7,19,13,15,440,55,LATTRE DE TASSIGNY ( AVE,,,Plein jour,En agglomération,Intersection en T,Temps couvert,Deux véhicules - frontale,,,,,,,,,,,1,2,3,8.0,1.0
201100031389,0011-07-19 21:05:00,11,7,19,21,5,440,55,"23, CLEMENCEAU ( AVENUE",,,Plein jour,En agglomération,Intersection en X,Temps couvert,Deux véhicules - côté,,,,,,,,,,,1,2,2,8.0,3.0
201100031390,0011-07-22 11:50:00,11,7,22,11,50,440,132,"50, OUTTIER (AVENUE EMIL",,,Plein jour,En agglomération,Hors intersection,Normale,Deux véhicules - côté,,,,,,,,,,,1,2,1,1.0,3.0
201100031391,0011-07-24 17:15:00,11,7,24,17,15,440,132,"16, REPUBLIQUE (BOULEVAR",,,Plein jour,En agglomération,Giratoire,Normale,Deux véhicules - côté,,,,,,,,,,,1,2,6,1.0,3.0
201100031392,0011-07-30 18:55:00,11,7,30,18,55,440,55,"13, OC?AN ( BOULEVARD DE",,,Plein jour,En agglomération,Hors intersection,Normale,Deux véhicules - arrière,,,,,,,,,,,1,2,1,1.0,2.0
201100031393,0011-07-31 20:00:00,11,7,31,20,0,440,135,"16, SANDEAU ( QUAI JULES",,,Plein jour,En agglomération,Autre intersection,Normale,Deux véhicules - arrière,,,,,,,,,,,1,2,9,1.0,2.0
201100031394,0011-08-02 10:10:00,11,8,2,10,10,440,132,"NS, MARCHE (PLACE DU)",,,Plein jour,En agglomération,Intersection en X,Normale,Deux véhicules - côté,,,,,,,,,,,1,2,2,1.0,3.0
201100031395,0011-08-13 15:45:00,11,8,13,15,45,440,55,"1, PALMIERS ( PLACE DES",,,Plein jour,En agglomération,Giratoire,Pluie légère,Deux véhicules - côté,,,,,,,,,,,1,2,6,2.0,3.0
201100031396,0011-08-14 11:25:00,11,8,14,11,25,440,135,BOUGOUIN ( RUE FRAN?OIS,,,Plein jour,En agglomération,Hors intersection,Normale,Autre collision,,,,,,,,,,,1,2,1,1.0,6.0
201100031397,0011-08-16 14:55:00,11,8,16,14,55,440,132,OCEANIDES (BOULEVARD DES,,,Plein jour,En agglomération,Intersection en T,Normale,Deux véhicules - côté,,,,,,,,,,,1,2,3,1.0,3.0
201100031398,0011-08-18 18:27:00,11,8,18,18,27,440,55,LATTRE DE TASSIGNY ( AVE,,,Plein jour,En agglomération,Intersection en T,Normale,Deux véhicules - côté,,,,,,,,,,,1,2,3,1.0,3.0
201100031399,0011-08-22 16:15:00,11,8,22,16,15,440,55,RD 213,,,Plein jour,Hors agglomération,Hors intersection,Normale,Trois véhicules et plus - en chaîne,,,,,,,,,,,1,1,1,1.0,4.0
201100031400,0011-08-26 15:00:00,11,8,26,15,0,440,132,"2, OCEANIDES (BOULEVARD",,,Plein jour,En agglomération,Hors intersection,Normale,Trois véhicules et plus - en chaîne,,,,,,,,,,,1,2,1,1.0,4.0
201100031401,0011-08-26 16:20:00,11,8,26,16,20,440,55,"15, DARLU ( BOULEVARD )",,,Plein jour,En agglomération,Hors intersection,Normale,Deux véhicules - arrière,,,,,,,,,,,1,2,1,1.0,2.0
201100031402,0011-08-28 18:50:00,11,8,28,18,50,440,132,GUERANDE (ROUTE DE),,,Plein jour,Hors agglomération,Passage à niveau,Normale,Deux véhicules - arrière,,,,,,,,,,,1,1,8,1.0,2.0
201100031403,0011-08-30 18:25:00,11,8,30,18,25,440,55,OC?AN ( BOULEVARD DE L',,,Plein jour,En agglomération,Autre intersection,Normale,Autre collision,,,,,,,,,,,1,2,9,1.0,6.0
201100031404,0011-09-01 12:40:00,11,9,1,12,40,440,132,"NS, LEQUERRE (AVENUE JEA",,,Plein jour,En agglomération,Hors intersection,Normale,Autre collision,,,,,,,,,,,1,2,1,1.0,6.0
201100031405,0011-09-01 20:35:00,11,9,1,20,35,440,55,"50, JOFFRE ( AVENUE )",,,Plein jour,En agglomération,Intersection en X,Normale,Deux véhicules - côté,,,,,,,,,,,1,2,2,1.0,3.0
201100031406,0011-09-13 19:30:00,11,9,13,19,30,440,55,"12, HENNECART ( BOULEVAR",,,Plein jour,En agglomération,Intersection en T,Normale,Autre collision,,,,,,,,,,,1,2,3,1.0,6.0
201100031407,0011-09-26 09:25:00,11,9,26,9,25,440,132,"170, SAINT NAZAIRE (BOUL",,,Plein jour,Hors agglomération,Hors intersection,Normale,Deux véhicules - frontale,,,,,,,,,,,1,1,1,1.0,1.0
201100031408,0011-09-30 18:20:00,11,9,30,18,20,440,132,BAULOIS (AVENUE DU),,,Plein jour,Hors agglomération,Hors intersection,Normale,Deux véhicules - frontale,,,,,,,,,,,1,1,1,1.0,1.0