accident_id,datetime,annee,mois,jour,heure,minute,departement,commune_insee,adresse,latitude,longitude,luminosite,agglomeration,intersection,meteo,collision,nb_vehicules,nb_usagers,nb_indemnes,nb_tues,nb_blesses_hosp,nb_blesses_legers,age_cond_1,age_cond_2,veh_type_cond_1,veh_type_cond_2,lum_code,agg_code,int_code,atm_code,col_code
201100031536,0011-04-30 07:00:00,11,4,30,7,0,440,109,"., QUAI DE MALAKOFF",,,Crépuscule ou aube,En agglomération,Giratoire,Normale,Autre collision,,,,,,,,,,,2,2,6,1.0,6.0
201100031537,0011-05-04 07:48:00,11,5,4,7,48,440,109,BOULEVARD RENE CASSIN,,,Plein jour,En agglomération,Hors intersection,Normale,Deux véhicules - côté,,,,,,,,,,,1,2,1,1.0,3.0
201100031538,0011-05-03 06:18:00,11,5,3,6,18,440,109,BOULEVARD ALEXANDER FLEM,,,Nuit avec éclairage allumé,En agglomération,Hors intersection,Pluie forte,Trois véhicules et plus - collisions multiples,,,,,,,,,,,5,2,1,3.0,5.0
201100031539,0011-04-29 16:00:00,11,4,29,16,0,440,162,BOULEVARD DU MASSACRE,,,Plein jour,En agglomération,Hors intersection,Normale,Deux véhicules - côté,,,,,,,,,,,1,2,1,1.0,3.0
201100031540,0011-05-03 12:45:00,11,5,3,12,45,440,109,CHEVIRE ( PONT INTERIEUR,,,Plein jour,Hors agglomération,Hors intersection,Normale,Autre collision,,,,,,,,,,,1,1,1,1.0,6.0
201100031541,0011-05-01 08:00:00,11,5,1,8,0,440,109,"., AVENUE DE LA GARE DE",,,Plein jour,En agglomération,Hors intersection,Normale,Autre collision,,,,,,,,,,,1,2,1,1.0,6.0
201100031542,0011-05-07 23:53:00,11,5,7,23,53,440,162,"37, AVENUE DE CHEVERNY",,,Nuit avec éclairage allumé,En agglomération,Hors intersection,Normale,Autre collision,,,,,,,,,,,5,2,1,1.0,6.0
201100031543,0011-05-08 11:55:00,11,5,8,11,55,440,143,"1, SORINIERES (RUE DES)",,,Plein jour,Hors agglomération,Hors intersection,Normale,Trois véhicules et plus - collisions multiples,,,,,,,,,,,1,1,1,1.0,5.0
201100031544,0011-05-08 18:15:00,11,5,8,18,15,440,162,BOULEVARD CHARLES DE GAU,,,Plein jour,En agglomération,Intersection en T,Normale,Deux véhicules - côté,,,,,,,,,,,1,2,3,1.0,3.0
201100031545,0011-05-10 10:10:00,11,5,10,10,10,440,109,BOULEVARD JEAN PHILIPPOT,,,Plein jour,En agglomération,Giratoire,Normale,Deux véhicules - côté,,,,,,,,,,,1,2,6,1.0,3.0
201100031546,0011-05-12 00:01:00,11,5,12,0,1,440,109,"., RUE PAUL BELLAMY",,,Nuit avec éclairage allumé,En agglomération,Hors intersection,Normale,Autre collision,,,,,,,,,,,5,2,1,1.0,6.0
201100031547,0011-05-11 16:45:00,11,5,11,16,45,440,109,"00, RUE CHEVREUL",,,Plein jour,En agglomération,Giratoire,Normale,Autre collision,,,,,,,,,,,1,2,6,1.0,6.0
201100031548,0011-05-14 13:55:00,11,5,14,13,55,440,109,"., RUE CHATEAUBRIAND",,,Plein jour,En agglomération,Giratoire,Normale,Deux véhicules - côté,,,,,,,,,,,1,2,6,1.0,3.0
201100031549,0011-05-14 22:35:00,11,5,14,22,35,440,109,LADMIRAULT (PL),,,Nuit avec éclairage allumé,En agglomération,Hors intersection,Normale,Autre collision,,,,,,,,,,,5,2,1,1.0,6.0
201100031550,0011-05-13 19:20:00,11,5,13,19,20,440,109,RUE CHANOINE LAROSE,,,Plein jour,En agglomération,Intersection en X,Normale,Deux véhicules - côté,,,,,,,,,,,1,2,2,1.0,3.0
201100031551,0011-05-16 20:00:00,11,5,16,20,0,440,109,"., RUE DE MONACO",,,Plein jour,En agglomération,Hors intersection,Normale,Autre collision,,,,,,,,,,,1,2,1,1.0,6.0
201100031552,0011-05-16 17:32:00,11,5,16,17,32,440,162,PORTE D'ARMOR,,,Plein jour,En agglomération,Giratoire,Normale,Deux véhicules - côté,,,,,,,,,,,1,2,6,1.0,3.0
201100031553,0011-05-19 10:40:00,11,5,19,10,40,440,109,RUE COLONEL DESGREES DU,,,Plein jour,En agglomération,Intersection en X,Normale,Deux véhicules - côté,,,,,,,,,,,1,2,2,1.0,3.0
201100031554,0011-05-20 09:45:00,11,5,20,9,45,440,109,"65, BOULEVARD ROBERT SCH",,,Plein jour,En agglomération,Hors intersection,Normale,Sans collision,,,,,,,,,,,1,2,1,1.0,7.0
201100031555,0011-05-23 07:30:00,11,5,23,7,30,440,109,"., BOULEVARD DES NATIONS",,,Plein jour,En agglomération,Hors intersection,Normale,Sans collision,,,,,,,,,,,1,2,1,1.0,7.0
201100031556,0011-05-22 04:15:00,11,5,22,4,15,440,143,BOUGUENAIS ( PERIPH EXTE,,,Nuit sans éclairage public,Hors agglomération,Hors intersection,Normale,Sans collision,,,,,,,,,,,3,1,1,1.0,7.0
201100031557,0011-05-23 07:40:00,11,5,23,7,40,440,143,JOUAUD (RUE MAURICE),,,Plein jour,En agglomération,Intersection en X,Normale,Autre collision,,,,,,,,,,,1,2,2,1.0,6.0
201100031558,0011-05-24 20:55:00,11,5,24,20,55,440,109,"00, QUAI DE LA FOSSE",,,Plein jour,En agglomération,Intersection en T,Normale,Deux véhicules - côté,,,,,,,,,,,1,2,3,1.0,3.0
201100031559,0011-05-24 19:15:00,11,5,24,19,15,440,190,RUE JEAN MERMOZ,,,Plein jour,En agglomération,Intersection en T,Normale,Autre collision,,,,,,,,,,,1,2,3,1.0,6.0
201100031560,0011-05-25 11:00:00,11,5,25,11,0,440,109,"13, QUAI DE MALAKOFF",,,Plein jour,En agglomération,Hors intersection,Normale,Deux véhicules - côté,,,,,,,,,,,1,2,1,1.0,3.0
201100031561,0011-05-23 20:05:00,11,5,23,20,5,440,114,AVENUE CLAUDE ANTOINE PE,,,Plein jour,En agglomération,Giratoire,Normale,Deux véhicules - côté,,,,,,,,,,,1,2,6,1.0,3.0
201100031562,0011-05-26 13:05:00,11,5,26,13,5,440,143,BLORDIERE (RUE DE LA),,,Nuit avec éclairage allumé,Hors agglomération,Intersection en T,Normale,Autre collision,,,,,,,,,,,5,1,3,1.0,6.0
201100031563,0011-05-26 13:30:00,11,5,26,13,30,440,109,"11, COURS SULLY",,,Plein jour,En agglomération,Hors intersection,Normale,Deux véhicules - côté,,,,,,,,,,,1,2,1,1.0,3.0
201100031564,0011-05-26 17:50:00,11,5,26,17,50,440,109,"19, RUE PAUL BERT",,,Plein jour,En agglomération,Hors intersection,Normale,Deux véhicules - arrière,,,,,,,,,,,1,2,1,1.0,2.0
201100031565,0011-05-27 08:15:00,11,5,27,8,15,440,109,"11, RUE DE L'OUCHE BURON",,,Plein jour,En agglomération,Hors intersection,Normale,Autre collision,,,,,,,,,,,1,2,1,1.0,6.0
201100031566,0011-06-04 01:00:00,11,6,4,1,0,440,109,"102, RUE PAUL BELLAMY",,,Nuit avec éclairage allumé,En agglomération,Hors intersection,Normale,Deux véhicules - côté,,,,,,,,,,,5,2,1,1.0,3.0
201100031567,0011-05-28 10:30:00,11,5,28,10,30,440,109,"., BOULEVARD DE LA SOLID",,,Plein jour,En agglomération,Hors intersection,Normale,Sans collision,,,,,,,,,,,1,2,1,1.0,7.0
201100031568,0011-05-28 19:20:00,11,5,28,19,20,440,109,"207, ROUTE DE SAINTE LUC",,,Plein jour,En agglomération,Hors intersection,Normale,Deux véhicules - arrière,,,,,,,,,,,1,2,1,1.0,2.0
201100031569,0011-05-27 18:25:00,11,5,27,18,25,440,143,"21, RUE MADAME CURIE",,,Plein jour,En agglomération,Hors intersection,Normale,Autre collision,,,,,,,,,,,1,2,1,1.0,6.0
201100031570,0011-05-27 17:27:00,11,5,27,17,27,440,109,RUE DES CHALATRES,,,Plein jour,En agglomération,Intersection en T,Normale,Deux véhicules - côté,,,,,,,,,,,1,2,3,1.0,3.0
201100031571,0011-05-27 12:40:00,11,5,27,12,40,440,162,RUE DE LA RIVAUDIERE,,,Plein jour,En agglomération,Hors intersection,Normale,Deux véhicules - arrière,,,,,,,,,,,1,2,1,1.0,2.0
201100031572,0011-06-01 11:30:00,11,6,1,11,30,440,109,"., RUE JACQUES DUCLOS",,,Plein jour,En agglomération,Hors intersection,Normale,Sans collision,,,,,,,,,,,1,2,1,1.0,7.0
201100031573,0011-06-05 05:25:00,11,6,5,5,25,440,109,BOULEVARD DE SARREBRUCK,,,Nuit avec éclairage allumé,En agglomération,Hors intersection,Pluie légère,Autre collision,,,,,,,,,,,5,2,1,2.0,6.0
201100031574,0011-06-06 23:55:00,11,6,6,23,55,440,109,BOULEVARD DU MASSACRE,,,Nuit avec éclairage allumé,En agglomération,Giratoire,Normale,Sans collision,,,,,,,,,,,5,2,6,1.0,7.0
201100031575,0011-06-05 11:50:00,11,6,5,11,50,440,162,RUE DE LA SYONNIERE,,,Plein jour,En agglomération,Hors intersection,Pluie légère,Autre collision,,,,,,,,,,,1,2,1,2.0,6.0
201100031576,0011-06-08 11:45:00,11,6,8,11,45,440,109,RUE ROMAIN ROLLAND,,,Plein jour,En agglomération,Hors intersection,Normale,Deux véhicules - arrière,,,,,,,,,,,1,2,1,1.0,2.0
201100031577,0011-06-08 17:40:00,11,6,8,17,40,440,109,"23, RUE URBAIN LE VERRIE",,,Plein jour,En agglomération,Hors intersection,Normale,Autre collision,,,,,,,,,,,1,2,1,1.0,6.0
201100031578,0011-06-08 18:15:00,11,6,8,18,15,440,143,porte d'anjou,,,Plein jour,Hors agglomération,Hors intersection,Normale,Autre collision,,,,,,,,,,,1,1,1,1.0,6.0
201100031579,0011-06-08 19:05:00,11,6,8,19,5,440,109,"00, BOULEVARD ROBERT SCH",,,Plein jour,En agglomération,Hors intersection,Normale,Deux véhicules - côté,,,,,,,,,,,1,2,1,1.0,3.0
201100031580,0011-06-09 13:05:00,11,6,9,13,5,440,109,"41, QUAI DE LA FOSSE",,,Plein jour,En agglomération,Hors intersection,Temps couvert,Autre collision,,,,,,,,,,,1,2,1,8.0,6.0
201100031581,0011-06-09 15:35:00,11,6,9,15,35,440,109,"136, RUE GENERAL BUAT",,,Plein jour,En agglomération,Hors intersection,Normale,Autre collision,,,,,,,,,,,1,2,1,1.0,6.0
201100031582,0011-06-08 16:00:00,11,6,8,16,0,440,109,"00, RUE CHARLES BRUNELLI",,,Plein jour,En agglomération,Hors intersection,Autre,Autre collision,,,,,,,,,,,1,2,1,9.0,6.0
201100031583,0011-06-10 08:50:00,11,6,10,8,50,440,109,"., BOULEVARD GABRIEL LAU",,,Plein jour,En agglomération,Intersection en T,Pluie légère,Deux véhicules - côté,,,,,,,,,,,1,2,3,2.0,3.0
201100031584,0011-06-14 14:10:00,11,6,14,14,10,440,109,BOULEVARD DE LA LIBERTE,,,Plein jour,En agglomération,Intersection en T,Temps couvert,Deux véhicules - côté,,,,,,,,,,,1,2,3,8.0,3.0
201100031585,0011-06-15 20:55:00,11,6,15,20,55,440,109,RUE BONNE GARDE,,,Plein jour,En agglomération,Hors intersection,Normale,Autre collision,,,,,,,,,,,1,2,1,1.0,6.0
201100031586,0011-06-15 10:45:00,11,6,15,10,45,440,109,"58, BOULEVARD JULES VERN",,,Plein jour,En agglomération,Hors intersection,Normale,Deux véhicules - côté,,,,,,,,,,,1,2,1,1.0,3.0
201100031587,0011-03-11 16:00:00,11,3,11,16,0,440,162,AVENUE DES SPORTS,,,Plein jour,En agglomération,Hors intersection,Normale,Autre collision,,,,,,,,,,,1,2,1,1.0,6.0
201100031588,0011-06-11 18:45:00,11,6,11,18,45,440,162,"72, AVENUE DE LA BOUVARD",,,Plein jour,En agglomération,Hors intersection,Normale,Autre collision,,,,,,,,,,,1,2,1,1.0,6.0
201100031589,0011-06-14 10:00:00,11,6,14,10,0,440,109,"68, BOULEVARD MICHELET",,,Plein jour,En agglomération,Hors intersection,Normale,Deux véhicules - arrière,,,,,,,,,,,1,2,1,1.0,2.0
201100031590,0011-06-16 10:35:00,11,6,16,10,35,440,109,RUE D'ALGER,,,Plein jour,En agglomération,Hors intersection,Normale,Autre collision,,,,,,,,,,,1,2,1,1.0,6.0
201100031591,0011-06-18 14:30:00,11,6,18,14,30,440,9,PERIPH SUD Pte goulaine,,,Plein jour,Hors agglomération,Hors intersection,Autre,Sans collision,,,,,,,,,,,1,1,1,9.0,7.0
201100031592,0011-06-18 04:00:00,11,6,18,4,0,440,109,PONT GENERAL AUDIBERT,,,Nuit avec éclairage allumé,En agglomération,Hors intersection,Pluie légère,Sans collision,,,,,,,,,,,5,2,1,2.0,7.0
201100031593,0011-06-20 07:50:00,11,6,20,7,50,440,109,RUE LOUIS GUIOTTON,,,Plein jour,En agglomération,Intersection en T,Pluie légère,Deux véhicules - côté,,,,,,,,,,,1,2,3,2.0,3.0
201100031594,0011-06-20 11:30:00,11,6,20,11,30,440,109,"00, ROUTE DE CARQUEFOU",,,Plein jour,En agglomération,Intersection en X,Pluie légère,Trois véhicules et plus - en chaîne,,,,,,,,,,,1,2,2,2.0,4.0
201100031595,0011-06-20 18:25:00,11,6,20,18,25,440,109,BOULEVARD DE LA BEAUJOIR,,,Plein jour,En agglomération,Intersection en T,Normale,Autre collision,,,,,,,,,,,1,2,3,1.0,6.0
201100031596,0011-06-21 18:53:00,11,6,21,18,53,440,109,PLACE CANCLAUX,,,Plein jour,En agglomération,Place,Pluie légère,Deux véhicules - côté,,,,,,,,,,,1,2,7,2.0,3.0
201100031597,0011-06-22 17:30:00,11,6,22,17,30,440,190,"1, RUE DE LA NOE COTTEE",,,Plein jour,En agglomération,Intersection en T,Normale,Deux véhicules - frontale,,,,,,,,,,,1,2,3,1.0,1.0
201100031598,0011-06-23 11:00:00,11,6,23,11,0,440,109,QUAI DE LA FOSSE,,,Plein jour,En agglomération,Intersection en X,Normale,Autre collision,,,,,,,,,,,1,2,2,1.0,6.0
201100031599,0011-06-22 02:40:00,11,6,22,2,40,440,109,RUE DE STRASBOURG,,,Nuit avec éclairage allumé,En agglomération,Hors intersection,Normale,Deux véhicules - frontale,,,,,,,,,,,5,2,1,1.0,1.0
201100031600,0011-06-24 08:30:00,11,6,24,8,30,440,162,PERIPHERIQUE INTERIEUR,,,Plein jour,Hors agglomération,Hors intersection,Normale,Trois véhicules et plus - collisions multiples,,,,,,,,,,,1,1,1,1.0,5.0
201100031601,0011-06-25 09:00:00,11,6,25,9,0,440,109,RUE VINCENT SCOTTO,,,Plein jour,En agglomération,Hors intersection,Normale,Deux véhicules - côté,,,,,,,,,,,1,2,1,1.0,3.0
201100031602,0011-06-26 04:30:00,11,6,26,4,30,440,109,"., QUAI DU MARQUIS D'AIG",,,Nuit avec éclairage allumé,En agglomération,Hors intersection,Normale,Autre collision,,,,,,,,,,,5,2,1,1.0,6.0
201100031603,0011-09-26 22:35:00,11,9,26,22,35,440,109,BOULEVARD DE LAUNAY,,,Nuit avec éclairage allumé,En agglomération,Hors intersection,Normale,Autre collision,,,,,,,,,,,5,2,1,1.0,6.0
201100031604,0011-06-27 15:15:00,11,6,27,15,15,440,143,LIBERATION (AV. DE LA),,,Plein jour,En agglomération,Hors intersection,Normale,Deux véhicules - côté,,,,,,,,,,,1,2,1,1.0,3.0
201100031605,0011-06-29 12:55:00,11,6,29,12,55,440,109,"9, CHAUSSEE DE LA MADELE",,,Plein jour,En agglomération,Hors intersection,Normale,Autre collision,,,,,,,,,,,1,2,1,1.0,6.0
201100031606,0011-06-28 09:00:00,11,6,28,9,0,440,114,AVENUE DE LA PATOUILLERI,,,Plein jour,En agglomération,Hors intersection,Normale,Deux véhicules - côté,,,,,,,,,,,1,2,1,1.0,3.0
201100031607,0011-06-30 09:40:00,11,6,30,9,40,440,109,"0, PLACE VICTOR MANGIN",,,Plein jour,En agglomération,Giratoire,Normale,Deux véhicules - côté,,,,,,,,,,,1,2,6,1.0,3.0
201100031608,0011-06-30 13:45:00,11,6,30,13,45,440,109,"00, ROND-POINT DE VANNES",,,Plein jour,En agglomération,Giratoire,Normale,Autre collision,,,,,,,,,,,1,2,6,1.0,6.0
201100031609,0011-07-01 19:30:00,11,7,1,19,30,440,109,"2, IMPASSE DU PROGRES",,,Plein jour,En agglomération,Hors intersection,Normale,Autre collision,,,,,,,,,,,1,2,1,1.0,6.0
201100031610,0011-07-03 01:40:00,11,7,3,1,40,440,162,RD 201,,,Nuit sans éclairage public,Hors agglomération,Hors intersection,Normale,Autre collision,,,,,,,,,,,3,1,1,1.0,6.0
201100031611,0011-07-02 21:10:00,11,7,2,21,10,440,114,AVENUE DU PONT DE LA BAR,,,Plein jour,En agglomération,Hors intersection,Normale,Autre collision,,,,,,,,,,,1,2,1,1.0,6.0
201100031612,0011-07-13 17:10:00,11,7,13,17,10,440,109,"., RUE DE L'HOTEL DE VIL",,,Plein jour,En agglomération,Hors intersection,Normale,Sans collision,,,,,,,,,,,1,2,1,1.0,7.0
201100031613,0011-06-16 13:00:00,11,6,16,13,0,440,143,"77, RUE HENRI BARBUSSE",,,Plein jour,En agglomération,Hors intersection,Normale,Autre collision,,,,,,,,,,,1,2,1,1.0,6.0
201100031614,0011-07-04 12:15:00,11,7,4,12,15,440,114,PERIPHERIQUE ROUTIER,,,Plein jour,Hors agglomération,Hors intersection,Normale,Trois véhicules et plus - en chaîne,,,,,,,,,,,1,1,1,1.0,4.0
201100031615,0011-07-05 14:45:00,11,7,5,14,45,440,109,RUE DES HAUTS PAVES,,,Plein jour,En agglomération,Intersection en X,Normale,Deux véhicules - côté,,,,,,,,,,,1,2,2,1.0,3.0
201100031616,0011-07-02 05:20:00,11,7,2,5,20,440,109,"0, RUE DE TALENSAC",,,Nuit avec éclairage allumé,En agglomération,Hors intersection,Normale,Deux véhicules - côté,,,,,,,,,,,5,2,1,1.0,3.0
201100031617,0011-07-05 17:40:00,11,7,5,17,40,440,109,RUE DU BREIL,,,Plein jour,En agglomération,Intersection en X,Normale,Deux véhicules - côté,,,,,,,,,,,1,2,2,1.0,3.0
201100031618,0011-06-29 07:10:00,11,6,29,7,10,440,162,"142, BOULEVARD DU MASSAC",,,Plein jour,En agglomération,Hors intersection,Normale,Autre collision,,,,,,,,,,,1,2,1,1.0,6.0
201100031619,0011-07-04 19:54:00,11,7,4,19,54,440,114,RUE FARADAY,,,Plein jour,En agglomération,Giratoire,Normale,Deux véhicules - côté,,,,,,,,,,,1,2,6,1.0,3.0
201100031620,0011-07-09 22:00:00,11,7,9,22,0,440,162,AVENUE DE L'ANGEVINIERE,,,Plein jour,En agglomération,Hors intersection,Normale,Autre collision,,,,,,,,,,,1,2,1,1.0,6.0
201100031621,0011-07-09 01:17:00,11,7,9,1,17,440,109,QUAI ERNEST RENAUD,,,Nuit avec éclairage allumé,En agglomération,Hors intersection,Normale,Deux véhicules - côté,,,,,,,,,,,5,2,1,1.0,3.0
201100031622,0011-07-11 07:50:00,11,7,11,7,50,440,109,"., PLACE RENE BOUHIER",,,Plein jour,En agglomération,Intersection à plus de 4 branches,Normale,Trois véhicules et plus - collisions multiples,,,,,,,,,,,1,2,5,1.0,5.0
201100031623,0011-07-10 20:48:00,11,7,10,20,48,440,109,"9, BOULEVARD EMILE ROMAN",,,Plein jour,En agglomération,Hors intersection,Normale,Deux véhicules - arrière,,,,,,,,,,,1,2,1,1.0,2.0
201100031624,0011-07-08 18:30:00,11,7,8,18,30,440,109,QUAI ANDRE MORICE,,,Plein jour,En agglomération,Hors intersection,Pluie légère,Deux véhicules - arrière,,,,,,,,,,,1,2,1,2.0,2.0
201100031625,0011-07-12 07:54:00,11,7,12,7,54,440,109,"0, ROUTE DE SAINTE LUCE",,,Plein jour,Hors agglomération,Hors intersection,Normale,Sans collision,,,,,,,,,,,1,1,1,1.0,7.0
201100031626,0011-07-14 06:41:00,11,7,14,6,41,440,109,"0, ROUTE DE SAINTE LUCE",,,Nuit avec éclairage allumé,En agglomération,Hors intersection,Normale,Deux véhicules - arrière,,,,,,,,,,,5,2,1,1.0,2.0
201100031627,0011-07-13 17:20:00,11,7,13,17,20,440,109,"0, COURS DES 50 OTAGES",,,Plein jour,En agglomération,Autre intersection,Normale,Autre collision,,,,,,,,,,,1,2,9,1.0,6.0
201100031628,0011-07-16 06:05:00,11,7,16,6,5,440,109,QUAI DES ANTILLES,,,Crépuscule ou aube,En agglomération,Hors intersection,Pluie légère,Autre collision,,,,,,,,,,,2,2,1,2.0,6.0
201100031629,0011-07-16 06:08:00,11,7,16,6,8,440,109,"0, QUAI DES ANTILLES",,,Nuit avec éclairage allumé,En agglomération,Hors intersection,Normale,Autre collision,,,,,,,,,,,5,2,1,1.0,6.0
201100031630,0011-07-20 17:50:00,11,7,20,17,50,440,162,RD 201,,,Plein jour,Hors agglomération,Hors intersection,Pluie légère,Trois véhicules et plus - en chaîne,,,,,,,,,,,1,1,1,2.0,4.0
201100031631,0011-07-16 18:00:00,11,7,16,18,0,440,109,RUE FELIX FAURE,,,Plein jour,En agglomération,Intersection en X,Pluie forte,Deux véhicules - côté,,,,,,,,,,,1,2,2,3.0,3.0
201100031632,0011-07-19 17:50:00,11,7,19,17,50,440,114,RD 75,,,Plein jour,Hors agglomération,Hors intersection,Normale,Deux véhicules - côté,,,,,,,,,,,1,1,1,1.0,3.0
201100031633,0011-07-20 12:45:00,11,7,20,12,45,440,109,ROUTE DE LA CHAPELLE SUR,,,Plein jour,En agglomération,Hors intersection,Pluie forte,Deux véhicules - côté,,,,,,,,,,,1,2,1,3.0,3.0
201100031634,0011-07-21 13:20:00,11,7,21,13,20,440,143,PONT ROUSSEAU,,,Plein jour,En agglomération,Hors intersection,Normale,Autre collision,,,,,,,,,,,1,2,1,1.0,6.0
201100031635,0011-06-22 16:15:00,11,6,22,16,15,440,143,AVENUE DE LA LIBERATION,,,Plein jour,En agglomération,Hors intersection,Normale,Autre collision,,,,,,,,,,,1,2,1,1.0,6.0
201100031636,0011-07-20 12:10:00,11,7,20,12,10,440,109,"34, RUE DU BREIL",,,Plein jour,En agglomération,Hors intersection,Pluie forte,Autre collision,,,,,,,,,,,1,2,1,3.0,6.0
201100031637,0011-07-26 15:45:00,11,7,26,15,45,440,114,"248, ROUTE DE VANNES",,,Plein jour,En agglomération,Hors intersection,Normale,Trois véhicules et plus - en chaîne,,,,,,,,,,,1,2,1,1.0,4.0
201100031638,0011-07-27 15:06:00,11,7,27,15,6,440,109,"., RUE DOS D'ANE",,,Plein jour,En agglomération,Hors intersection,Normale,Sans collision,,,,,,,,,,,1,2,1,1.0,7.0
201100031639,0011-07-28 21:20:00,11,7,28,21,20,440,109,"1, BD MARTYRS N. DE LA R",,,Plein jour,En agglomération,Autre intersection,Normale,Autre collision,,,,,,,,,,,1,2,9,1.0,6.0
201100031640,0011-07-29 16:20:00,11,7,29,16,20,440,109,"00, PONT DE CHEVIRE",,,Plein jour,Hors agglomération,Hors intersection,Autre,Deux véhicules - arrière,,,,,,,,,,,1,1,1,9.0,2.0
201100031641,0011-07-31 21:38:00,11,7,31,21,38,440,162,RUE DE LA CHICOTIERE,,,Plein jour,En agglomération,Intersection en T,Normale,Deux véhicules - côté,,,,,,,,,,,1,2,3,1.0,3.0
201100031642,0011-07-30 15:00:00,11,7,30,15,0,440,109,BOULEVARD JEAN XXIII,,,Plein jour,En agglomération,Hors intersection,Normale,Deux véhicules - côté,,,,,,,,,,,1,2,1,1.0,3.0
201100031643,0011-07-31 19:55:00,11,7,31,19,55,440,109,ROUTE DE RENNES,,,Plein jour,En agglomération,Hors intersection,Normale,Deux véhicules - côté,,,,,,,,,,,1,2,1,1.0,3.0
201100031644,0011-08-01 15:30:00,11,8,1,15,30,440,109,BD PROFESSEUR JAC,,,Plein jour,Hors agglomération,Autre intersection,Normale,Deux véhicules - côté,,,,,,,,,,,1,1,9,1.0,3.0
201100031645,0011-07-31 15:30:00,11,7,31,15,30,440,162,RUE THEOPHILE GUILLOU,,,Plein jour,En agglomération,Hors intersection,Normale,Deux véhicules - frontale,,,,,,,,,,,1,2,1,1.0,1.0
201100031646,0011-08-03 11:30:00,11,8,3,11,30,440,109,"38, BOULEVARD CLOVIS CON",,,Plein jour,En agglomération,Hors intersection,Normale,Autre collision,,,,,,,,,,,1,2,1,1.0,6.0
201100031647,0011-08-05 20:00:00,11,8,5,20,0,440,109,"00, RUE PAUL BELLAMY",,,Plein jour,En agglomération,Hors intersection,Normale,Deux véhicules - côté,,,,,,,,,,,1,2,1,1.0,3.0
201100031648,0011-08-22 14:05:00,11,8,22,14,5,440,162,GAROTTERIE LA BAULE,,,Plein jour,En agglomération,Giratoire,Pluie légère,Autre collision,,,,,,,,,,,1,2,6,2.0,6.0
201100031649,0011-08-08 16:35:00,11,8,8,16,35,440,109,"109, BOULEVARD DES POILU",,,Plein jour,En agglomération,Hors intersection,Normale,Autre collision,,,,,,,,,,,1,2,1,1.0,6.0
201100031650,0011-08-06 13:55:00,11,8,6,13,55,440,114,PERIPHERIQUE ROUTIER,,,Plein jour,Hors agglomération,Hors intersection,Pluie légère,Deux véhicules - arrière,,,,,,,,,,,1,1,1,2.0,2.0
201100031651,0011-08-06 13:00:00,11,8,6,13,0,440,162,BOULEVARD DU TERTRE,,,Plein jour,En agglomération,Giratoire,Pluie légère,Deux véhicules - côté,,,,,,,,,,,1,2,6,2.0,3.0
201100031652,0011-08-14 03:35:00,11,8,14,3,35,440,109,"5, BOULEVARD SALVADOR AL",,,Nuit avec éclairage allumé,En agglomération,Hors intersection,Pluie forte,Sans collision,,,,,,,,,,,5,2,1,3.0,7.0
201100031653,0011-08-16 01:50:00,11,8,16,1,50,440,109,RUE DE STRASBOURG,,,Nuit avec éclairage allumé,En agglomération,Intersection en T,Normale,Deux véhicules - côté,,,,,,,,,,,5,2,3,1.0,3.0
201100031654,0011-08-15 19:30:00,11,8,15,19,30,440,143,ORDRONNEAU (RUE),,,Plein jour,En agglomération,Hors intersection,Normale,Autre collision,,,,,,,,,,,1,2,1,1.0,6.0
201100031655,0011-08-14 06:10:00,11,8,14,6,10,440,109,flemming pte de gesvres,,,Nuit sans éclairage public,Hors agglomération,Hors intersection,Pluie légère,Autre collision,,,,,,,,,,,3,1,1,2.0,6.0
201100031656,0011-08-16 16:50:00,11,8,16,16,50,440,162,Porte d'Armor,,,Plein jour,Hors agglomération,Hors intersection,Normale,Deux véhicules - arrière,,,,,,,,,,,1,1,1,1.0,2.0
201100031657,0011-08-18 04:55:00,11,8,18,4,55,440,114,PERIPHERIQUE ROUTIER,,,Nuit sans éclairage public,En agglomération,Hors intersection,Normale,Autre collision,,,,,,,,,,,3,2,1,1.0,6.0
201100031658,0011-08-18 16:15:00,11,8,18,16,15,440,109,"30, RUE DE GIGANT",,,Plein jour,En agglomération,Hors intersection,Normale,Autre collision,,,,,,,,,,,1,2,1,1.0,6.0
201100031659,0011-08-19 14:00:00,11,8,19,14,0,440,109,"., BOULEVARD DES FRERES",,,Plein jour,En agglomération,Hors intersection,Normale,Trois véhicules et plus - collisions multiples,,,,,,,,,,,1,2,1,1.0,5.0
201100031660,0011-08-23 04:00:00,11,8,23,4,0,440,109,ROUTE DE VERTOU,,,Nuit avec éclairage allumé,En agglomération,Intersection en X,Normale,Autre collision,,,,,,,,,,,5,2,2,1.0,6.0
201100031661,0011-08-19 17:20:00,11,8,19,17,20,440,109,"00, BOULEVARD DE LA BEAU",,,Plein jour,En agglomération,Giratoire,Normale,Deux véhicules - côté,,,,,,,,,,,1,2,6,1.0,3.0
201100031662,0011-08-24 08:55:00,11,8,24,8,55,440,109,"00, ROUTE DE RENNES",,,Plein jour,En agglomération,Intersection en X,Normale,Deux véhicules - côté,,,,,,,,,,,1,2,2,1.0,3.0
201100031663,0011-08-24 13:45:00,11,8,24,13,45,440,20,ROUTE DE PORNIC,,,Plein jour,Hors agglomération,Hors intersection,Normale,Autre collision,,,,,,,,,,,1,1,1,1.0,6.0
201100031664,0011-08-28 21:35:00,11,8,28,21,35,440,109,COURS JOHN KENNEDY,,,Nuit avec éclairage allumé,En agglomération,Hors intersection,Normale,Deux véhicules - frontale,,,,,,,,,,,5,2,1,1.0,1.0