accident_id,datetime,annee,mois,jour,heure,minute,departement,commune_insee,adresse,latitude,longitude,luminosite,agglomeration,intersection,meteo,collision,nb_vehicules,nb_usagers,nb_indemnes,nb_tues,nb_blesses_hosp,nb_blesses_legers,age_cond_1,age_cond_2,veh_type_cond_1,veh_type_cond_2,lum_code,agg_code,int_code,atm_code,col_code
201100032040,0011-11-07 09:00:00,11,11,7,9,0,450,208,34 R GAMBETTA,47.99583,2.73097,Plein jour,En agglomération,Hors intersection,Normale,Deux véhicules - côté,,,,,,,,,,,1,2,1,1.0,3.0
201100032041,0011-11-08 15:56:00,11,11,8,15,56,450,208,32 R FG CHAUSSEE,47.99801,2.74286,Plein jour,En agglomération,Hors intersection,Pluie légère,Deux véhicules - côté,,,,,,,,,,,1,2,1,2.0,3.0
201100032042,0011-11-10 11:32:00,11,11,10,11,32,450,208,5 RUE RENEE DE FRANCE,47.99997,2.73222,Plein jour,En agglomération,Hors intersection,Normale,Autre collision,,,,,,,,,,,1,2,1,1.0,6.0
201100032043,0011-11-10 12:19:00,11,11,10,12,19,450,208,AV GL LECLERC/R COLIGNY,48.00607,2.73907,Plein jour,En agglomération,Intersection en X,Normale,Deux véhicules - arrière,,,,,,,,,,,1,2,2,1.0,2.0
201100032044,0011-11-08 10:25:00,11,11,8,10,25,450,338,RDPT MARMOTTE,47.97591,2.71441,Crépuscule ou aube,En agglomération,Giratoire,Pluie légère,Sans collision,,,,,,,,,,,2,2,6,2.0,7.0
201100032045,0011-11-18 19:45:00,11,11,18,19,45,450,208,36 R PASTEUR,47.9944,2.74829,Nuit avec éclairage allumé,En agglomération,Hors intersection,Normale,Autre collision,,,,,,,,,,,5,2,1,1.0,6.0
201100032046,0011-12-02 16:04:00,11,12,2,16,4,450,208,45 R DU CHATEAU,47.99709,2.72849,Plein jour,En agglomération,Hors intersection,Temps éblouissant,Autre collision,,,,,,,,,,,1,2,1,7.0,6.0
201100032047,0011-12-02 16:35:00,11,12,2,16,35,450,4,60 R BOURGOGNE//VENELLE,47.99074,2.76197,Plein jour,En agglomération,Hors intersection,Normale,Autre collision,,,,,,,,,,,1,2,1,1.0,6.0
201100032048,0011-12-04 06:58:00,11,12,4,6,58,450,4,801 R DE PIPAULT,47.9927,2.83703,Nuit avec éclairage allumé,En agglomération,Hors intersection,Normale,Autre collision,,,,,,,,,,,5,2,1,1.0,6.0
201100032049,0011-12-14 19:48:00,11,12,14,19,48,450,338,125 R CHAMBON,47.98182,2.67728,Nuit avec éclairage allumé,En agglomération,Hors intersection,Normale,Autre collision,,,,,,,,,,,5,2,1,1.0,6.0
201100032050,0011-12-18 04:10:00,11,12,18,4,10,450,208,R EUROPE/BRETELLE,47.99678,2.74001,Nuit avec éclairage allumé,En agglomération,Intersection en Y,Pluie légère,Deux véhicules - arrière,,,,,,,,,,,5,2,4,2.0,2.0
201100032051,0011-12-19 18:42:00,11,12,19,18,42,450,338,R J.JAURES/R CASTORS,47.99726,2.71241,Nuit avec éclairage allumé,En agglomération,Intersection en X,Pluie forte,Deux véhicules - côté,,,,,,,,,,,5,2,2,3.0,3.0
201100032052,0011-12-21 17:55:00,11,12,21,17,55,450,4,433 R DE LA NIVELLE,47.98706,2.74773,Nuit avec éclairage allumé,En agglomération,Hors intersection,Pluie légère,Autre collision,,,,,,,,,,,5,2,1,2.0,6.0
201100032053,0011-12-26 07:40:00,11,12,26,7,40,450,4,158 AV DOCTEUR SCHWEITZE,47.99897,2.75125,Nuit avec éclairage allumé,En agglomération,Hors intersection,Temps couvert,Autre collision,,,,,,,,,,,5,2,1,8.0,6.0
201100032054,0011-01-03 15:45:00,11,1,3,15,45,450,234,R BOLIERE - ARRET TRAM,47.83158,1.92901,Plein jour,En agglomération,Hors intersection,Normale,Autre collision,,,,,,,,,,,1,2,1,1.0,6.0
201100032055,0011-01-04 20:05:00,11,1,4,20,5,450,234,AV DROITS HOMMES/R NECOT,47.92388,1.93753,Nuit avec éclairage allumé,En agglomération,Intersection en X,Normale,Trois véhicules et plus - en chaîne,,,,,,,,,,,5,2,2,1.0,4.0
201100032056,0011-01-05 18:30:00,11,1,5,18,30,450,232,AV SOLOGNE/AV VERDUN,47.8685,1.91202,Plein jour,Hors agglomération,Intersection en X,Normale,Deux véhicules - côté,,,,,,,,,,,1,1,2,1.0,3.0
201100032057,0011-01-06 18:40:00,11,1,6,18,40,450,75,R INGRE/R H.MANSARD,47.89509,1.83818,Nuit avec éclairage allumé,En agglomération,Intersection en T,Pluie légère,Autre collision,,,,,,,,,,,5,2,3,2.0,6.0
201100032058,0011-01-09 21:35:00,11,1,9,21,35,450,234,AV DAUPHINE/R D.MONCEAU,47.89145,1.90488,Nuit avec éclairage allumé,En agglomération,Intersection en X,Normale,Deux véhicules - arrière,,,,,,,,,,,5,2,2,1.0,2.0
201100032059,0011-01-08 21:00:00,11,1,8,21,0,450,274,431 RUE DE LA LOIRE,47.88625,1.95918,Nuit avec éclairage allumé,En agglomération,Hors intersection,Normale,Autre collision,,,,,,,,,,,5,2,1,1.0,6.0
201100032060,0011-01-11 08:05:00,11,1,11,8,5,450,234,R BASSE MOUILLERE/AV R.S,47.8796,1.90868,Crépuscule ou aube,En agglomération,Intersection en X,Normale,Autre collision,,,,,,,,,,,2,2,2,1.0,6.0
201100032061,0011-01-22 17:45:00,11,1,22,17,45,450,234,FG SAINT JEAN/R LANDRELO,47.90885,1.88393,Crépuscule ou aube,En agglomération,Intersection en T,Pluie légère,Trois véhicules et plus - collisions multiples,,,,,,,,,,,2,2,3,2.0,5.0
201100032062,0011-01-24 12:20:00,11,1,24,12,20,450,234,AV ROGER SECRETAIN,47.89301,1.89565,Plein jour,En agglomération,Hors intersection,Normale,Autre collision,,,,,,,,,,,1,2,1,1.0,6.0
201100032063,0011-01-24 17:30:00,11,1,24,17,30,450,232,39 RUE MARCEL BELOT,47.8672,1.90169,Crépuscule ou aube,En agglomération,Hors intersection,Normale,Deux véhicules - côté,,,,,,,,,,,2,2,1,1.0,3.0
201100032064,0011-01-24 19:50:00,11,1,24,19,50,450,234,10 RUE VIEILLE LEVEE,47.89355,1.90063,Nuit avec éclairage allumé,En agglomération,Hors intersection,Normale,Autre collision,,,,,,,,,,,5,2,1,1.0,6.0
201100032065,0011-01-26 19:00:00,11,1,26,19,0,450,286,RTE SAINT CYR EN VAL,47.86521,1.9457,Nuit sans éclairage public,Hors agglomération,Hors intersection,Pluie légère,Deux véhicules - arrière,,,,,,,,,,,3,1,1,2.0,2.0
201100032066,0011-02-09 19:20:00,11,2,9,19,20,450,274,R SANDILLON/ST DENIS/BEA,47.86928,1.95772,Nuit avec éclairage non allumé,Hors agglomération,Intersection en X,Normale,Deux véhicules - côté,,,,,,,,,,,4,1,2,1.0,3.0
201100032067,0011-02-15 19:05:00,11,2,15,19,5,450,284,69 AV P.M CURIE,47.90711,1.98271,Nuit avec éclairage allumé,En agglomération,Hors intersection,Pluie légère,Autre collision,,,,,,,,,,,5,2,1,2.0,6.0
201100032068,0011-02-17 11:25:00,11,2,17,11,25,450,147,TANGENTIELLE EST,47.94007,1.91183,Plein jour,Hors agglomération,Hors intersection,Normale,Trois véhicules et plus - en chaîne,,,,,,,,,,,1,1,1,1.0,4.0
201100032069,0011-02-23 12:38:00,11,2,23,12,38,450,298,R ST MESMIN/R ST SANTIN,47.87582,1.84954,Plein jour,Hors agglomération,Intersection en T,Normale,Deux véhicules - côté,,,,,,,,,,,1,1,3,1.0,3.0
201100032070,0011-02-26 02:25:00,11,2,26,2,25,450,285,D 520,47.9167,1.87079,Nuit avec éclairage allumé,Hors agglomération,Hors intersection,Normale,Autre collision,,,,,,,,,,,5,1,1,1.0,6.0
201100032071,0011-02-27 10:55:00,11,2,27,10,55,450,234,6 RUE JEAN MOULIN,47.86624,1.91784,Plein jour,En agglomération,Hors intersection,Normale,Autre collision,,,,,,,,,,,1,2,1,1.0,6.0
201100032072,0011-03-05 08:00:00,11,3,5,8,0,450,234,R F.RABIER/E.DAVOUST,47.90379,1.90977,Plein jour,En agglomération,Intersection en X,Normale,Deux véhicules - côté,,,,,,,,,,,1,2,2,1.0,3.0
201100032073,0011-03-15 07:55:00,11,3,15,7,55,450,284,22 RUE JEAN MERMOZ,47.9143,1.97384,Plein jour,En agglomération,Hors intersection,Normale,Autre collision,,,,,,,,,,,1,2,1,1.0,6.0
201100032074,0011-03-15 16:25:00,11,3,15,16,25,450,234,BD P.SEGELLE/A.BRIAND,47.90414,1.9141,Plein jour,En agglomération,Intersection en T,Normale,Deux véhicules - côté,,,,,,,,,,,1,2,3,1.0,3.0
201100032075,0011-03-17 07:40:00,11,3,17,7,40,450,284,AV C.PEGUY/R RENE CHAR,47.90681,1.95752,Plein jour,En agglomération,Intersection en T,Pluie légère,Deux véhicules - frontale,,,,,,,,,,,1,2,3,2.0,1.0
201100032076,0011-03-21 16:30:00,11,3,21,16,30,450,234,3AV DROITS HOMMES,47.91399,1.92351,Plein jour,En agglomération,Hors intersection,Normale,Autre collision,,,,,,,,,,,1,2,1,1.0,6.0
201100032077,0011-03-27 18:45:00,11,3,27,18,45,450,234,19 BIS RUE DES MONTEES,47.87754,1.9137,Plein jour,En agglomération,Hors intersection,Normale,Deux véhicules - arrière,,,,,,,,,,,1,2,1,1.0,2.0
201100032078,0011-03-28 17:15:00,11,3,28,17,15,450,284,123 BD JEAN ROSTAND,47.91404,1.96975,Plein jour,En agglomération,Hors intersection,Normale,Autre collision,,,,,,,,,,,1,2,1,1.0,6.0
201100032079,0011-04-01 09:05:00,11,4,1,9,5,450,285,AV PIERRE MENDES FRANCE,47.90315,1.86227,Plein jour,En agglomération,Hors intersection,Normale,Autre collision,,,,,,,,,,,1,2,1,1.0,6.0
201100032080,0011-04-04 18:55:00,11,4,4,18,55,450,298,RTE ST MESMIN,47.87374,1.84271,Plein jour,Hors agglomération,Hors intersection,Temps éblouissant,Deux véhicules - arrière,,,,,,,,,,,1,1,1,7.0,2.0
201100032081,0011-04-07 17:50:00,11,4,7,17,50,450,234,197 R NECOTIN,47.93097,1.93733,Plein jour,En agglomération,Hors intersection,Normale,Deux véhicules - frontale,,,,,,,,,,,1,2,1,1.0,1.0
201100032082,0011-04-11 09:25:00,11,4,11,9,25,450,234,ALL PIERRE CHEVALIER,47.90076,1.87675,Plein jour,En agglomération,Hors intersection,Normale,Deux véhicules - arrière,,,,,,,,,,,1,2,1,1.0,2.0
201100032083,0011-04-12 14:35:00,11,4,12,14,35,450,234,R GEORGES SAND/MAUPASSAN,47.82688,1.92942,Plein jour,En agglomération,Intersection en T,Normale,Deux véhicules - arrière,,,,,,,,,,,1,2,3,1.0,2.0
201100032084,0011-04-12 18:10:00,11,4,12,18,10,450,234,R BOLIERE/AV MONTESQUIEU,47.83639,1.9327,Plein jour,En agglomération,Intersection en X,Normale,Deux véhicules - côté,,,,,,,,,,,1,2,2,1.0,3.0
201100032085,0011-04-14 09:00:00,11,4,14,9,0,450,147,R CUREMBOURG/BICHARDIERE,47.94286,1.92649,Plein jour,En agglomération,Intersection en Y,Normale,Deux véhicules - côté,,,,,,,,,,,1,2,4,1.0,3.0
201100032086,0011-04-19 09:29:00,11,4,19,9,29,450,234,R ANGUIGNIS/EUGENE TURBA,47.88819,1.91281,Plein jour,En agglomération,Intersection en X,Normale,Deux véhicules - côté,,,,,,,,,,,1,2,2,1.0,3.0
201100032087,0011-04-26 12:45:00,11,4,26,12,45,450,169,R CHATEAU EAU/J.OFFENBAC,47.92529,1.83181,Crépuscule ou aube,En agglomération,Intersection en T,Normale,Deux véhicules - côté,,,,,,,,,,,2,2,3,1.0,3.0
201100032088,0011-04-29 15:15:00,11,4,29,15,15,450,234,58 R PORTE MADELEINE,47.90143,1.89406,Plein jour,En agglomération,Hors intersection,Normale,Autre collision,,,,,,,,,,,1,2,1,1.0,6.0
201100032089,0011-05-02 09:20:00,11,5,2,9,20,450,234,2 QU MADELEINE,47.89793,1.88693,Plein jour,En agglomération,Hors intersection,Normale,Deux véhicules - arrière,,,,,,,,,,,1,2,1,1.0,2.0
201100032090,0011-04-17 11:35:00,11,4,17,11,35,450,234,23 AV LIBERATION,47.91984,1.90228,Plein jour,En agglomération,Hors intersection,Normale,Deux véhicules - frontale,,,,,,,,,,,1,2,1,1.0,1.0
201100032091,0011-05-05 09:20:00,11,5,5,9,20,450,234,GAMBETTA (PLACE),47.90747,1.90172,Plein jour,En agglomération,Giratoire,Normale,Deux véhicules - arrière,,,,,,,,,,,1,2,6,1.0,2.0
201100032092,0011-05-07 04:45:00,11,5,7,4,45,450,302,D 2701,47.94253,1.88347,Nuit sans éclairage public,Hors agglomération,Hors intersection,Normale,Autre collision,,,,,,,,,,,3,1,1,1.0,6.0
201100032093,0011-05-07 21:40:00,11,5,7,21,40,450,234,AV DROITS DE L'HOMME,47.92017,1.92492,Nuit avec éclairage allumé,En agglomération,Hors intersection,Normale,Deux véhicules - côté,,,,,,,,,,,5,2,1,1.0,3.0
201100032094,0011-05-08 11:00:00,11,5,8,11,0,450,234,R PAUL VALERY/R AYDES,47.92937,1.89166,Plein jour,En agglomération,Intersection en T,Normale,Deux véhicules - côté,,,,,,,,,,,1,2,3,1.0,3.0
201100032095,0011-05-09 20:00:00,11,5,9,20,0,450,234,QU MADELEINE/MOTHIRON/PT,47.89798,1.87651,Plein jour,En agglomération,Intersection en X,Normale,Deux véhicules - côté,,,,,,,,,,,1,2,2,1.0,3.0
201100032096,0011-05-14 11:00:00,11,5,14,11,0,450,234,AV DROITS HOMME/NECOTIN,47.92388,1.93753,Plein jour,En agglomération,Intersection en X,Normale,Deux véhicules - côté,,,,,,,,,,,1,2,2,1.0,3.0
201100032097,0011-05-13 21:00:00,11,5,13,21,0,450,232,AV VERDUN/AL PONT SOLOGN,47.86864,1.91097,Plein jour,En agglomération,Intersection en X,Normale,Autre collision,,,,,,,,,,,1,2,2,1.0,6.0
201100032098,0011-05-13 09:57:00,11,5,13,9,57,450,234,AV PRESIDENT KENNEDY,47.839,1.93586,Plein jour,En agglomération,Hors intersection,Normale,Autre collision,,,,,,,,,,,1,2,1,1.0,6.0
201100032099,0011-05-19 15:30:00,11,5,19,15,30,450,234,18 AV ST MESMIN,,,Plein jour,En agglomération,Hors intersection,Normale,Deux véhicules - côté,,,,,,,,,,,1,2,1,1.0,3.0
201100032100,0011-05-22 16:30:00,11,5,22,16,30,450,234,AV ROGER SECRETAIN/BASSE,47.8796,1.90868,Plein jour,En agglomération,Intersection en X,Normale,Deux véhicules - arrière,,,,,,,,,,,1,2,2,1.0,2.0
201100032101,0011-05-23 18:45:00,11,5,23,18,45,450,234,5 R MOREAU,47.88063,1.90012,Plein jour,En agglomération,Hors intersection,Normale,Autre collision,,,,,,,,,,,1,2,1,1.0,6.0
201100032102,0011-05-24 10:50:00,11,5,24,10,50,450,285,42 R CHARLES BEAUHAIRE,47.91099,1.87917,Plein jour,En agglomération,Hors intersection,Normale,Autre collision,,,,,,,,,,,1,2,1,1.0,6.0
201100032103,0011-05-24 11:30:00,11,5,24,11,30,450,234,9 BD VERDUN,47.90659,1.90404,Plein jour,En agglomération,Hors intersection,Normale,Autre collision,,,,,,,,,,,1,2,1,1.0,6.0
201100032104,0011-05-25 09:55:00,11,5,25,9,55,450,232,677 RUE DE LA VALLEE,47.86208,1.88548,Plein jour,En agglomération,Hors intersection,Normale,Deux véhicules - côté,,,,,,,,,,,1,2,1,1.0,3.0
201100032105,0011-05-30 12:10:00,11,5,30,12,10,450,232,R CHAMPAGNE/R ROUSSILLON,47.84125,1.91855,Plein jour,En agglomération,Intersection en X,Normale,Deux véhicules - côté,,,,,,,,,,,1,2,2,1.0,3.0
201100032106,0011-05-31 19:55:00,11,5,31,19,55,450,234,R PIEDGROUILLE,47.89035,1.88957,Plein jour,En agglomération,Hors intersection,Normale,Deux véhicules - frontale,,,,,,,,,,,1,2,1,1.0,1.0
201100032107,0011-06-14 19:30:00,11,6,14,19,30,450,302,R BOURG/ALL BERNARD CLAU,47.95041,1.87269,Plein jour,En agglomération,Intersection en T,Normale,Deux véhicules - arrière,,,,,,,,,,,1,2,3,1.0,2.0
201100032108,0011-06-18 05:38:00,11,6,18,5,38,450,234,26 QU FORT ALLEAUME,47.89814,1.91402,Crépuscule ou aube,En agglomération,Hors intersection,Normale,Autre collision,,,,,,,,,,,2,2,1,1.0,6.0
201100032109,0011-06-20 14:45:00,11,6,20,14,45,450,234,PL MARTROI/R CHARLES SAN,47.90218,1.90469,Plein jour,En agglomération,Intersection en X,Normale,Autre collision,,,,,,,,,,,1,2,2,1.0,6.0
201100032110,0011-06-22 09:30:00,11,6,22,9,30,450,234,RUE F.HAUCHECORNE/AV PAR,47.91866,1.92572,Plein jour,En agglomération,Intersection en T,Normale,Deux véhicules - côté,,,,,,,,,,,1,2,3,1.0,3.0
201100032111,0011-06-28 21:50:00,11,6,28,21,50,450,147,TUNNEL DE L'ARDOISE,47.93427,1.90185,Plein jour,En agglomération,Hors intersection,Normale,Deux véhicules - arrière,,,,,,,,,,,1,2,1,1.0,2.0
201100032112,0011-06-28 19:15:00,11,6,28,19,15,450,234,R L.SEDAR SENGHOR/H.TROY,47.83962,1.93121,Plein jour,En agglomération,Intersection en X,Normale,Deux véhicules - côté,,,,,,,,,,,1,2,2,1.0,3.0
201100032113,0011-07-04 08:45:00,11,7,4,8,45,450,147,R ANDRE DESSAUX,,,Plein jour,En agglomération,Hors intersection,Normale,Trois véhicules et plus - en chaîne,,,,,,,,,,,1,2,1,1.0,4.0
201100032114,0011-07-04 15:20:00,11,7,4,15,20,450,235,R VARENNES/R PARADIS,47.9435,1.83402,Plein jour,En agglomération,Giratoire,Normale,Autre collision,,,,,,,,,,,1,2,6,1.0,6.0
201100032115,0011-07-05 10:50:00,11,7,5,10,50,450,285,AV P.M.FRANCE/R MOUCHETI,47.90198,1.85956,Plein jour,En agglomération,Intersection en X,Normale,Deux véhicules - côté,,,,,,,,,,,1,2,2,1.0,3.0
201100032116,0011-07-05 11:53:00,11,7,5,11,53,450,234,QU F.ALLEAUME//SOUS THIN,47.89885,1.92026,Plein jour,En agglomération,Hors intersection,Normale,Deux véhicules - côté,,,,,,,,,,,1,2,1,1.0,3.0
201100032117,0011-07-11 12:45:00,11,7,11,12,45,450,235,130 R NATIONALE,47.94133,1.81988,Plein jour,En agglomération,Hors intersection,Normale,Deux véhicules - arrière,,,,,,,,,,,1,2,1,1.0,2.0
201100032118,0011-07-14 18:15:00,11,7,14,18,15,450,285,AV G.CLEMENCEAU/R MARMOG,47.89603,1.86022,Plein jour,En agglomération,Intersection en T,Normale,Deux véhicules - côté,,,,,,,,,,,1,2,3,1.0,3.0
201100032119,0011-07-19 06:00:00,11,7,19,6,0,450,234,AV ROGER SECRETAIN,47.88739,1.89576,Nuit avec éclairage allumé,En agglomération,Hors intersection,Pluie forte,Sans collision,,,,,,,,,,,5,2,1,3.0,7.0
201100032120,0011-07-21 23:25:00,11,7,21,23,25,450,298,D 951,47.87954,1.8618,Nuit sans éclairage public,En agglomération,Hors intersection,Normale,Trois véhicules et plus - collisions multiples,,,,,,,,,,,3,2,1,1.0,5.0
201100032121,0011-07-26 16:40:00,11,7,26,16,40,450,284,R FREDEVILLE/BD SALLE,47.92305,1.99903,Plein jour,En agglomération,Intersection en T,Normale,Deux véhicules - côté,,,,,,,,,,,1,2,3,1.0,3.0
201100032122,0011-07-27 16:10:00,11,7,27,16,10,450,147,13 R DU 11 OCTOBRE,47.93406,1.89776,Plein jour,En agglomération,Hors intersection,Normale,Sans collision,,,,,,,,,,,1,2,1,1.0,7.0
201100032123,0011-08-01 17:00:00,11,8,1,17,0,450,234,3 RUE DU CLOS ROZE,47.88757,1.89492,Plein jour,En agglomération,Hors intersection,Normale,Deux véhicules - côté,,,,,,,,,,,1,2,1,1.0,3.0
201100032124,0011-08-02 18:00:00,11,8,2,18,0,450,75,RTE ORLEANS/R ENFER,47.89276,1.84668,Plein jour,En agglomération,Intersection en X,Normale,Deux véhicules - arrière,,,,,,,,,,,1,2,2,1.0,2.0
201100032125,0011-08-04 16:05:00,11,8,4,16,5,450,234,AV BUFFON/AV CONCYR,47.82867,1.93635,Plein jour,En agglomération,Giratoire,Normale,Deux véhicules - côté,,,,,,,,,,,1,2,6,1.0,3.0
201100032126,0011-08-07 13:30:00,11,8,7,13,30,450,234,BD ALEXANDRE MARTIN,47.90448,1.91286,Plein jour,En agglomération,Hors intersection,Normale,Deux véhicules - côté,,,,,,,,,,,1,2,1,1.0,3.0
201100032127,0011-08-10 10:10:00,11,8,10,10,10,450,286,RTE SANDILLON/R CORNAILL,47.87463,1.94479,Plein jour,En agglomération,Giratoire,Normale,Deux véhicules - côté,,,,,,,,,,,1,2,6,1.0,3.0
201100032128,0011-08-10 21:50:00,11,8,10,21,50,450,302,R PASSE DEBOUT/BORDES/CH,47.93488,1.87621,Nuit avec éclairage allumé,En agglomération,Intersection en X,Normale,Deux véhicules - frontale,,,,,,,,,,,5,2,2,1.0,1.0
201100032129,0011-08-16 13:30:00,11,8,16,13,30,450,286,R DEMAY/R CHEVRE,,,Plein jour,En agglomération,Intersection en T,Normale,Deux véhicules - côté,,,,,,,,,,,1,2,3,1.0,3.0
201100032130,0011-08-17 16:55:00,11,8,17,16,55,450,302,655 RUE DE LA HALTE,,,Plein jour,En agglomération,Hors intersection,Pluie légère,Autre collision,,,,,,,,,,,1,2,1,2.0,6.0
201100032131,0011-08-19 14:30:00,11,8,19,14,30,450,302,A 701 (BRETELLE ACCES),,,Plein jour,En agglomération,Hors intersection,Normale,Deux véhicules - arrière,,,,,,,,,,,1,2,1,1.0,2.0
201100032132,0011-08-19 18:18:00,11,8,19,18,18,450,75,R J.CHARLES/R MUIDS,47.88554,1.81933,Plein jour,En agglomération,Intersection en X,Normale,Deux véhicules - côté,,,,,,,,,,,1,2,2,1.0,3.0
201100032133,0011-08-24 17:50:00,11,8,24,17,50,450,75,35 RTE NATIONALE,47.88923,1.83606,Plein jour,En agglomération,Hors intersection,Normale,Autre collision,,,,,,,,,,,1,2,1,1.0,6.0
201100032134,0011-09-06 17:20:00,11,9,6,17,20,450,147,R 11 OCTOBRE,47.93421,1.90052,Plein jour,En agglomération,Hors intersection,Normale,Deux véhicules - arrière,,,,,,,,,,,1,2,1,1.0,2.0
201100032135,0011-09-07 19:30:00,11,9,7,19,30,450,298,RTE ST MESMIN/AV ST MESM,47.88096,1.86554,Plein jour,En agglomération,Giratoire,Normale,Deux véhicules - côté,,,,,,,,,,,1,2,6,1.0,3.0
201100032136,0011-09-07 16:00:00,11,9,7,16,0,450,234,FG BANNIER/R PATAY,47.90885,1.90093,Plein jour,En agglomération,Intersection en X,Normale,Autre collision,,,,,,,,,,,1,2,2,1.0,6.0
201100032137,0011-09-10 11:00:00,11,9,10,11,0,450,285,BT/TANGENTIELLE OUEST,47.90708,1.86937,Plein jour,En agglomération,Intersection en Y,Normale,Trois véhicules et plus - en chaîne,,,,,,,,,,,1,2,4,1.0,4.0
201100032138,0011-09-13 19:15:00,11,9,13,19,15,450,234,Q PRAGUE/R LAVANDIERES,47.89341,1.89972,Plein jour,En agglomération,Intersection en T,Normale,Deux véhicules - côté,,,,,,,,,,,1,2,3,1.0,3.0
201100032139,0011-09-16 12:45:00,11,9,16,12,45,450,234,FG ST JEAN,,,Plein jour,En agglomération,Hors intersection,Normale,Deux véhicules - arrière,,,,,,,,,,,1,2,1,1.0,2.0
201100032140,0011-09-17 12:10:00,11,9,17,12,10,450,234,AV DROITS HOMME/R NECOTI,47.92394,1.93762,Plein jour,En agglomération,Intersection en X,Normale,Deux véhicules - côté,,,,,,,,,,,1,2,2,1.0,3.0
201100032141,0011-09-18 19:55:00,11,9,18,19,55,450,285,R CHARLES BEAUHAIRE/MAIL,47.91399,1.87153,Plein jour,En agglomération,Intersection en T,Normale,Deux véhicules - côté,,,,,,,,,,,1,2,3,1.0,3.0
201100032142,0011-09-21 18:00:00,11,9,21,18,0,450,286,AV G.GALLOUX/R DEMAY,47.88546,1.92444,Plein jour,En agglomération,Intersection en X,Normale,Trois véhicules et plus - en chaîne,,,,,,,,,,,1,2,2,1.0,4.0
201100032143,0011-09-23 14:40:00,11,9,23,14,40,450,234,135 FG BANNIER,47.91703,1.8987,Plein jour,En agglomération,Hors intersection,Normale,Deux véhicules - arrière,,,,,,,,,,,1,2,1,1.0,2.0
201100032144,0011-09-26 15:15:00,11,9,26,15,15,450,147,R MARCELLIN BERTHELOT,47.95096,1.92096,Plein jour,En agglomération,Hors intersection,Normale,Deux véhicules - côté,,,,,,,,,,,1,2,1,1.0,3.0
201100032145,0011-09-29 07:55:00,11,9,29,7,55,450,234,7 RUE AUX LIGNEAUX,47.90526,1.92768,Plein jour,En agglomération,Hors intersection,Normale,Autre collision,,,,,,,,,,,1,2,1,1.0,6.0
201100032146,0011-09-30 13:05:00,11,9,30,13,5,450,234,2 R GEORGES GOYAU,47.90334,1.92415,Plein jour,En agglomération,Hors intersection,Normale,Autre collision,,,,,,,,,,,1,2,1,1.0,6.0
201100032147,0011-10-03 15:55:00,11,10,3,15,55,450,234,R FG BANNIER/R PATAY,47.90885,1.90093,Plein jour,En agglomération,Intersection en X,Normale,Deux véhicules - côté,,,,,,,,,,,1,2,2,1.0,3.0
201100032148,0011-10-03 09:00:00,11,10,3,9,0,450,147,R ANDRE DESSAUX,47.93778,1.89451,Plein jour,En agglomération,Hors intersection,Normale,Autre collision,,,,,,,,,,,1,2,1,1.0,6.0
201100032149,0011-10-02 06:55:00,11,10,2,6,55,450,232,AV LOIRET,,,Nuit avec éclairage allumé,En agglomération,Hors intersection,Normale,Autre collision,,,,,,,,,,,5,2,1,1.0,6.0
201100032150,0011-10-04 17:10:00,11,10,4,17,10,450,274,RTE SANDILLON/RTE ST CYR,47.88007,1.93454,Plein jour,En agglomération,Intersection en T,Normale,Deux véhicules - côté,,,,,,,,,,,1,2,3,1.0,3.0
201100032151,0011-10-06 12:41:00,11,10,6,12,41,450,232,R BAD OLDESLOE,47.86575,1.88626,Plein jour,En agglomération,Hors intersection,Normale,Deux véhicules - côté,,,,,,,,,,,1,2,1,1.0,3.0
201100032152,0011-10-11 14:06:00,11,10,11,14,6,450,284,209 FG DE BOURGOGNE,47.90424,1.94031,Plein jour,En agglomération,Intersection en X,Normale,Deux véhicules - côté,,,,,,,,,,,1,2,2,1.0,3.0
201100032153,0011-10-04 08:25:00,11,10,4,8,25,450,232,1401 R DE LA SOURCE,47.85714,1.91648,Plein jour,En agglomération,Hors intersection,Normale,Autre collision,,,,,,,,,,,1,2,1,1.0,6.0
201100032154,0011-10-15 11:35:00,11,10,15,11,35,450,284,R FG DE BOURGOGNE,,,Plein jour,En agglomération,Hors intersection,Normale,Autre collision,,,,,,,,,,,1,2,1,1.0,6.0
201100032155,0011-10-21 18:20:00,11,10,21,18,20,450,234,277 R FG BANNIER,47.92339,1.89737,Plein jour,En agglomération,Hors intersection,Normale,Autre collision,,,,,,,,,,,1,2,1,1.0,6.0
201100032156,0011-10-11 07:38:00,11,10,11,7,38,450,232,D 2271,47.84366,1.90153,Plein jour,Hors agglomération,Hors intersection,Normale,Autre collision,,,,,,,,,,,1,1,1,1.0,6.0
201100032157,0011-10-25 11:35:00,11,10,25,11,35,450,284,AV CT JEAN/R ALBERT GUYO,47.90593,1.94432,Plein jour,En agglomération,Giratoire,Normale,Autre collision,,,,,,,,,,,1,2,6,1.0,6.0
201100032158,0011-10-29 15:30:00,11,10,29,15,30,450,234,BD ST EUVERTE/R BOURGOGN,47.90112,1.91912,Plein jour,En agglomération,Giratoire,Normale,Deux véhicules - arrière,,,,,,,,,,,1,2,6,1.0,2.0
201100032159,0011-11-02 08:05:00,11,11,2,8,5,450,285,BIZARRE VOIR COMM,,,Crépuscule ou aube,En agglomération,Hors intersection,Normale,Deux véhicules - frontale,,,,,,,,,,,2,2,1,1.0,1.0