accident_id,datetime,annee,mois,jour,heure,minute,departement,commune_insee,adresse,latitude,longitude,luminosite,agglomeration,intersection,meteo,collision,nb_vehicules,nb_usagers,nb_indemnes,nb_tues,nb_blesses_hosp,nb_blesses_legers,age_cond_1,age_cond_2,veh_type_cond_1,veh_type_cond_2,lum_code,agg_code,int_code,atm_code,col_code
201100032281,0011-01-02 02:26:00,11,1,2,2,26,490,7,"0, CANTENAY EPINARD ROUT",47.50968,-0.57739,Nuit sans éclairage public,Hors agglomération,Hors intersection,Normale,Sans collision,,,,,,,,,,,3,1,1,1.0,7.0
201100032282,0011-01-02 14:10:00,11,1,2,14,10,490,246,"0, GAULLE RUE CHARLES DE",47.4254,-0.52555,Plein jour,En agglomération,Hors intersection,Normale,Deux véhicules - arrière,,,,,,,,,,,1,2,1,1.0,2.0
201100032283,0011-01-03 14:15:00,11,1,3,14,15,490,7,"0, LETANDUERE",47.46037,-0.55464,Plein jour,En agglomération,Intersection en X,Normale,Deux véhicules - côté,,,,,,,,,,,1,2,2,1.0,3.0
201100032284,0011-01-04 11:40:00,11,1,4,11,40,490,7,"0, CARNOT",47.47445,-0.54683,Crépuscule ou aube,En agglomération,Intersection en X,Normale,Sans collision,,,,,,,,,,,2,2,2,1.0,7.0
201100032285,0011-01-05 12:35:00,11,1,5,12,35,490,7,"10, GUICHARD",47.45911,-0.54713,Plein jour,En agglomération,Hors intersection,Pluie légère,Sans collision,,,,,,,,,,,1,2,1,2.0,7.0
201100032286,0011-01-06 08:20:00,11,1,6,8,20,490,7,"24, TARDAT",47.44862,-0.55249,Crépuscule ou aube,En agglomération,Hors intersection,Pluie forte,Sans collision,,,,,,,,,,,2,2,1,3.0,7.0
201100032287,0011-01-06 20:15:00,11,1,6,20,15,490,7,"0, LEKEU",47.47079,-0.51917,Nuit avec éclairage allumé,En agglomération,Intersection en X,Pluie légère,Sans collision,,,,,,,,,,,5,2,2,2.0,7.0
201100032288,0011-01-06 08:10:00,11,1,6,8,10,490,246,Route de Sorges,47.43471,-0.49971,Crépuscule ou aube,En agglomération,Giratoire,Pluie forte,Sans collision,,,,,,,,,,,2,2,6,3.0,7.0
201100032289,0011-01-07 14:05:00,11,1,7,14,5,490,7,"0, DE LATTRE DE TASSIGNY",47.45086,-0.53975,Plein jour,En agglomération,Hors intersection,Normale,Deux véhicules - arrière,,,,,,,,,,,1,2,1,1.0,2.0
201100032290,0011-01-08 19:30:00,11,1,8,19,30,490,7,"0, LAREVELLIERE",47.47141,-0.53389,Nuit avec éclairage allumé,En agglomération,Intersection en T,Normale,Deux véhicules - frontale,,,,,,,,,,,5,2,3,1.0,1.0
201100032291,0011-01-09 20:30:00,11,1,9,20,30,490,7,"0, CARNOT",47.47462,-0.54696,Nuit avec éclairage allumé,En agglomération,Hors intersection,Normale,Trois véhicules et plus - en chaîne,,,,,,,,,,,5,2,1,1.0,4.0
201100032292,0011-01-07 07:40:00,11,1,7,7,40,490,246,"0, PONT DUMNACUS LIEU DI",47.42248,-0.52368,Nuit avec éclairage allumé,En agglomération,Hors intersection,Pluie légère,Deux véhicules - arrière,,,,,,,,,,,5,2,1,2.0,2.0
201100032293,0011-01-10 17:00:00,11,1,10,17,0,490,7,"17, CLEMENCEAU BOULEVARD",47.47629,-0.56624,Plein jour,En agglomération,Intersection en X,Normale,Sans collision,,,,,,,,,,,1,2,2,1.0,7.0
201100032294,0011-01-11 13:40:00,11,1,11,13,40,490,7,"0, PASTEUR AVENUE",47.47398,-0.53742,Plein jour,En agglomération,Intersection en T,Normale,Deux véhicules - côté,,,,,,,,,,,1,2,3,1.0,3.0
201100032295,0011-01-12 20:57:00,11,1,12,20,57,490,7,"0, PATTON AVENUE",47.47307,-0.60238,Nuit avec éclairage allumé,En agglomération,Intersection en T,Pluie légère,Deux véhicules - frontale,,,,,,,,,,,5,2,3,2.0,1.0
201100032296,0011-01-13 16:35:00,11,1,13,16,35,490,7,"25,  LAFAYETTE PLACE",47.46288,-0.55254,Plein jour,En agglomération,Intersection en T,Temps couvert,Sans collision,,,,,,,,,,,1,2,3,8.0,7.0
201100032297,0011-01-14 09:10:00,11,1,14,9,10,490,7,"0, MILLOT BOULEVARD JACQ",47.45492,-0.5342,Plein jour,En agglomération,Intersection en Y,Normale,Deux véhicules - frontale,,,,,,,,,,,1,2,4,1.0,1.0
201100032298,0011-01-16 11:00:00,11,1,16,11,0,490,15,"84, MENDES FRANCE AVENUE",47.50585,-0.58846,Plein jour,En agglomération,Hors intersection,Normale,Sans collision,,,,,,,,,,,1,2,1,1.0,7.0
201100032299,0011-01-17 15:15:00,11,1,17,15,15,490,7,"0, HAUTE CHAINE PORTE",47.47746,-0.55365,Plein jour,En agglomération,Intersection en X,Normale,Sans collision,,,,,,,,,,,1,2,2,1.0,7.0
201100032300,0011-01-17 18:48:00,11,1,17,18,48,490,267,"0, ANGERS ROUTE",47.47004,-0.51395,Nuit avec éclairage allumé,En agglomération,Hors intersection,Normale,Deux véhicules - arrière,,,,,,,,,,,5,2,1,1.0,2.0
201100032301,0011-01-17 08:30:00,11,1,17,8,30,490,7,"0, DUNANT BOULEVARD",47.48333,-0.52678,Plein jour,En agglomération,Intersection en X,Normale,Deux véhicules - côté,,,,,,,,,,,1,2,2,1.0,3.0
201100032302,0011-01-18 08:50:00,11,1,18,8,50,490,267,"0, A87N",47.47151,-0.50971,Plein jour,Hors agglomération,Hors intersection,Normale,Deux véhicules - arrière,,,,,,,,,,,1,1,1,1.0,2.0
201100032303,0011-01-19 15:14:00,11,1,19,15,14,490,267,"0, CHANTERIE",47.47952,-0.49473,Plein jour,En agglomération,Hors intersection,Normale,Deux véhicules - côté,,,,,,,,,,,1,2,1,1.0,3.0
201100032304,0011-01-19 14:10:00,11,1,19,14,10,490,246,"0, BAUDRAIRIE CHEMIN",47.43911,-0.50557,Plein jour,En agglomération,Giratoire,Pluie légère,Deux véhicules - frontale,,,,,,,,,,,1,2,6,2.0,1.0
201100032305,0011-01-21 05:40:00,11,1,21,5,40,490,7,"0, BIRGE BOULEVARD",47.47625,-0.52038,Nuit avec éclairage allumé,En agglomération,Hors intersection,Normale,Deux véhicules - arrière,,,,,,,,,,,5,2,1,1.0,2.0
201100032306,0011-01-21 19:03:00,11,1,21,19,3,490,7,"0, LIZE",47.49095,-0.56278,Plein jour,En agglomération,Giratoire,Normale,Autre collision,,,,,,,,,,,1,2,6,1.0,6.0
201100032307,0011-01-21 23:48:00,11,1,21,23,48,490,7,"0, MONTAIGNE AVENUE",47.46882,-0.53199,Nuit avec éclairage allumé,En agglomération,Intersection en X,Normale,Deux véhicules - côté,,,,,,,,,,,5,2,2,1.0,3.0
201100032308,0011-01-22 12:52:00,11,1,22,12,52,490,246,"0, CHESNAIE AVENUE",47.4365,-0.52679,Plein jour,En agglomération,Intersection en X,Normale,Deux véhicules - côté,,,,,,,,,,,1,2,2,1.0,3.0
201100032309,0011-01-22 14:10:00,11,1,22,14,10,490,7,"0, PLANTAGENET",47.47228,-0.55453,Plein jour,En agglomération,Hors intersection,Normale,Autre collision,,,,,,,,,,,1,2,1,1.0,6.0
201100032310,0011-01-24 12:55:00,11,1,24,12,55,490,7,"0, PYRAMIDE ROUTE",47.45259,-0.52406,Plein jour,En agglomération,Intersection en X,Normale,Deux véhicules - côté,,,,,,,,,,,1,2,2,1.0,3.0
201100032311,0011-01-25 09:55:00,11,1,25,9,55,490,246,"0, PYRAMIDE PLACE ET ROU",47.44755,-0.50947,Plein jour,En agglomération,Intersection en X,Normale,Deux véhicules - arrière,,,,,,,,,,,1,2,2,1.0,2.0
201100032312,0011-01-26 12:45:00,11,1,26,12,45,490,353,"0, PASTEUR",47.44574,-0.46254,Plein jour,En agglomération,Intersection en X,Normale,Deux véhicules - arrière,,,,,,,,,,,1,2,2,1.0,2.0
201100032313,0011-01-26 07:43:00,11,1,26,7,43,490,7,"0, BLANCHOIN BOULEVARD",47.44517,-0.54719,Crépuscule ou aube,En agglomération,Intersection en X,Pluie légère,Deux véhicules - arrière,,,,,,,,,,,2,2,2,2.0,2.0
201100032314,0011-01-27 15:00:00,11,1,27,15,0,490,7,"83, MAIL",47.47188,-0.54789,Plein jour,En agglomération,Intersection en T,Normale,Deux véhicules - côté,,,,,,,,,,,1,2,3,1.0,3.0
201100032315,0011-01-28 15:15:00,11,1,28,15,15,490,7,"0, LORRAINE PLACE",47.46963,-0.54759,Plein jour,En agglomération,Hors intersection,Normale,Sans collision,,,,,,,,,,,1,2,1,1.0,7.0
201100032316,0011-01-29 10:20:00,11,1,29,10,20,490,7,"0, LIZE",47.48939,-0.56808,Plein jour,En agglomération,Hors intersection,Normale,Sans collision,,,,,,,,,,,1,2,1,1.0,7.0
201100032317,0011-01-30 17:50:00,11,1,30,17,50,490,246,"43, CAMUS",47.44731,-0.5256,Crépuscule ou aube,En agglomération,Hors intersection,Normale,Deux véhicules - côté,,,,,,,,,,,2,2,1,1.0,3.0
201100032318,0011-01-31 09:03:00,11,1,31,9,3,490,267,A87N,47.46633,-0.51629,Plein jour,Hors agglomération,Hors intersection,Temps couvert,Autre collision,,,,,,,,,,,1,1,1,8.0,6.0
201100032319,0011-01-31 12:00:00,11,1,31,12,0,490,7,"140, LAREVELLIERE",47.4713,-0.52694,Plein jour,En agglomération,Hors intersection,Normale,Sans collision,,,,,,,,,,,1,2,1,1.0,7.0
201100032320,0011-01-31 18:30:00,11,1,31,18,30,490,246,"0, DAVID D'ANGERS",47.43358,-0.52937,Nuit avec éclairage allumé,En agglomération,Giratoire,Normale,Sans collision,,,,,,,,,,,5,2,6,1.0,7.0
201100032321,0011-02-01 17:45:00,11,2,1,17,45,490,7,"0, MONPLAISIR BOULEVARD",47.49117,-0.52958,Crépuscule ou aube,En agglomération,Intersection en X,Normale,Deux véhicules - côté,,,,,,,,,,,2,2,2,1.0,3.0
201100032322,0011-02-02 21:15:00,11,2,2,21,15,490,267,A87N,47.48703,-0.49751,Nuit sans éclairage public,Hors agglomération,Hors intersection,Temps couvert,Sans collision,,,,,,,,,,,3,1,1,8.0,7.0
201100032323,0011-02-02 06:15:00,11,2,2,6,15,490,15,"0, BOCAGE CHEMIN",47.50278,-0.58157,Nuit avec éclairage allumé,En agglomération,Hors intersection,Brouillard / fumée,Sans collision,,,,,,,,,,,5,2,1,5.0,7.0
201100032324,0011-03-10 15:14:00,11,3,10,15,14,490,7,"0, BAUMETTE PROMENADE",47.46066,-0.56782,Plein jour,En agglomération,Hors intersection,Normale,Deux véhicules - arrière,,,,,,,,,,,1,2,1,1.0,2.0
201100032325,0011-02-06 02:13:00,11,2,6,2,13,490,7,"36, ALLONNEAU(AUGUSTE)",47.4843,-0.52696,Nuit avec éclairage allumé,En agglomération,Giratoire,Normale,Sans collision,,,,,,,,,,,5,2,6,1.0,7.0
201100032326,0011-02-04 09:05:00,11,2,4,9,5,490,7,"0, BRETAGNE",47.4772,-0.54799,Plein jour,En agglomération,Intersection en X,Normale,Deux véhicules - frontale,,,,,,,,,,,1,2,2,1.0,1.0
201100032327,0011-02-04 16:45:00,11,2,4,16,45,490,7,"0, LAKANAL",47.47786,-0.60283,Plein jour,En agglomération,Hors intersection,Normale,Sans collision,,,,,,,,,,,1,2,1,1.0,7.0
201100032328,0011-02-04 16:55:00,11,2,4,16,55,490,7,"0, POIREL BOULEVARD",47.46076,-0.56141,Plein jour,En agglomération,Hors intersection,Normale,Sans collision,,,,,,,,,,,1,2,1,1.0,7.0
201100032329,0011-02-06 19:00:00,11,2,6,19,0,490,7,"27, GEOFFRAY",47.4585,-0.54556,Nuit avec éclairage allumé,En agglomération,Hors intersection,Normale,Deux véhicules - arrière,,,,,,,,,,,5,2,1,1.0,2.0
201100032330,0011-02-06 07:10:00,11,2,6,7,10,490,7,"0, BON PASTEUR BOULEVARD",47.47111,-0.57274,Nuit avec éclairage allumé,En agglomération,Hors intersection,Normale,Trois véhicules et plus - en chaîne,,,,,,,,,,,5,2,1,1.0,4.0
201100032331,0011-02-07 18:55:00,11,2,7,18,55,490,267,A87N,47.46452,-0.51675,Nuit sans éclairage public,Hors agglomération,Hors intersection,Normale,Trois véhicules et plus - collisions multiples,,,,,,,,,,,3,1,1,1.0,5.0
201100032332,0011-02-07 08:40:00,11,2,7,8,40,490,7,"0, pont des confluences",47.48039,-0.55293,Plein jour,En agglomération,Hors intersection,Pluie légère,Sans collision,,,,,,,,,,,1,2,1,2.0,7.0
201100032333,0011-02-04 12:00:00,11,2,4,12,0,490,7,"0, QUATREBARBES (rue de)",47.46876,-0.56079,Plein jour,En agglomération,Hors intersection,Normale,Sans collision,,,,,,,,,,,1,2,1,1.0,7.0
201100032334,0011-02-08 08:08:00,11,2,8,8,8,490,7,"0, STRASBOURG BOULEVARD",47.45595,-0.55127,Crépuscule ou aube,En agglomération,Intersection en X,Normale,Deux véhicules - arrière,,,,,,,,,,,2,2,2,1.0,2.0
201100032335,0011-02-08 10:47:00,11,2,8,10,47,490,7,CHAPEAU DE GENDARME,47.45115,-0.55534,Plein jour,En agglomération,Autre intersection,Normale,Deux véhicules - arrière,,,,,,,,,,,1,2,9,1.0,2.0
201100032336,0011-02-08 21:48:00,11,2,8,21,48,490,7,"161, VOLNEY",47.46088,-0.53921,Nuit avec éclairage allumé,En agglomération,Hors intersection,Normale,Autre collision,,,,,,,,,,,5,2,1,1.0,6.0
201100032337,0011-02-09 10:10:00,11,2,9,10,10,490,7,"11, BRESSIGNY",47.4676,-0.55051,Plein jour,En agglomération,Hors intersection,Normale,Sans collision,,,,,,,,,,,1,2,1,1.0,7.0
201100032338,0011-02-12 13:04:00,11,2,12,13,4,490,7,"30, CHALOUERE",47.47928,-0.54212,Plein jour,En agglomération,Hors intersection,Pluie légère,Trois véhicules et plus - collisions multiples,,,,,,,,,,,1,2,1,2.0,5.0
201100032339,0011-02-12 11:45:00,11,2,12,11,45,490,15,"0, MENDES FRANCE AVENUE",47.50443,-0.58696,Plein jour,En agglomération,Giratoire,Normale,Deux véhicules - côté,,,,,,,,,,,1,2,6,1.0,3.0
201100032340,0011-02-11 14:55:00,11,2,11,14,55,490,7,"0, LAVOISIER BOULEVARD",47.48062,-0.60388,Plein jour,En agglomération,Hors intersection,Normale,Sans collision,,,,,,,,,,,1,2,1,1.0,7.0
201100032341,0011-02-10 12:15:00,11,2,10,12,15,490,7,"0, GAUTIER RUE ET SQUARE",47.44901,-0.54847,Plein jour,En agglomération,Hors intersection,Pluie légère,Sans collision,,,,,,,,,,,1,2,1,2.0,7.0
201100032342,0011-02-14 09:48:00,11,2,14,9,48,490,7,"21, LA COMBE RUE ET SQUA",47.48447,-0.5819,Plein jour,En agglomération,Hors intersection,Normale,Deux véhicules - frontale,,,,,,,,,,,1,2,1,1.0,1.0
201100032343,0011-02-14 18:00:00,11,2,14,18,0,490,7,"0, LANDEMAURE RUE ET SQU",47.44719,-0.54781,Plein jour,En agglomération,Intersection en T,Normale,Deux véhicules - côté,,,,,,,,,,,1,2,3,1.0,3.0
201100032344,0011-02-15 12:45:00,11,2,15,12,45,490,7,"0, MANSION",47.47733,-0.58945,Plein jour,En agglomération,Intersection en X,Pluie légère,Deux véhicules - côté,,,,,,,,,,,1,2,2,2.0,3.0
201100032345,0011-02-16 20:40:00,11,2,16,20,40,490,7,"0, BOUCHEMAINE ROUTE",47.44468,-0.57676,Nuit sans éclairage public,En agglomération,Intersection en X,Normale,Deux véhicules - côté,,,,,,,,,,,3,2,2,1.0,3.0
201100032346,0011-02-16 19:47:00,11,2,16,19,47,490,7,"0, CHEF DE VILLE",47.47512,-0.57034,Nuit avec éclairage allumé,En agglomération,Hors intersection,Normale,Sans collision,,,,,,,,,,,5,2,1,1.0,7.0
201100032347,0011-02-16 19:20:00,11,2,16,19,20,490,7,"0, GAULLE BOULEVARD CHAR",47.46857,-0.55864,Nuit avec éclairage allumé,En agglomération,Intersection en X,Normale,Sans collision,,,,,,,,,,,5,2,2,1.0,7.0
201100032348,0011-02-16 09:20:00,11,2,16,9,20,490,7,"0, CARNOT",47.47527,-0.54863,Plein jour,En agglomération,Intersection en T,Normale,Deux véhicules - côté,,,,,,,,,,,1,2,3,1.0,3.0
201100032349,0011-02-17 18:55:00,11,2,17,18,55,490,7,"51, JACQUES MILLOT (BD)",47.45583,-0.53382,Nuit avec éclairage allumé,En agglomération,Hors intersection,Normale,Sans collision,,,,,,,,,,,5,2,1,1.0,7.0
201100032350,0011-02-17 07:30:00,11,2,17,7,30,490,7,"0, DUNANT BOULEVARD",47.4834,-0.52753,Nuit avec éclairage allumé,En agglomération,Hors intersection,Normale,Sans collision,,,,,,,,,,,5,2,1,1.0,7.0
201100032351,0011-02-19 09:30:00,11,2,19,9,30,490,7,BAUMETTE CHEMIN,47.45332,-0.58042,Plein jour,En agglomération,Hors intersection,Pluie légère,Autre collision,,,,,,,,,,,1,2,1,2.0,6.0
201100032352,0011-02-23 12:35:00,11,2,23,12,35,490,7,"0, DAVID D'ANGERS",47.47139,-0.54972,Plein jour,En agglomération,Hors intersection,Pluie légère,Deux véhicules - arrière,,,,,,,,,,,1,2,1,2.0,2.0
201100032353,0011-02-23 11:52:00,11,2,23,11,52,490,7,"0, VOLNEY",47.46178,-0.54147,Plein jour,En agglomération,Intersection en X,Pluie légère,Deux véhicules - frontale,,,,,,,,,,,1,2,2,2.0,1.0
201100032354,0011-02-24 09:15:00,11,2,24,9,15,490,246,"0, LAMARTINE",47.43543,-0.48608,Plein jour,En agglomération,Hors intersection,Normale,Deux véhicules - arrière,,,,,,,,,,,1,2,1,1.0,2.0
201100032355,0011-02-25 18:28:00,11,2,25,18,28,490,7,RESISTANCE ET DEPORTATIO,47.47086,-0.54749,Plein jour,En agglomération,Hors intersection,Normale,Autre collision,,,,,,,,,,,1,2,1,1.0,6.0
201100032356,0011-02-26 05:40:00,11,2,26,5,40,490,7,"6, ALLONNEAU(AUGUSTE) BO",47.48603,-0.5271,Crépuscule ou aube,En agglomération,Hors intersection,Normale,Autre collision,,,,,,,,,,,2,2,1,1.0,6.0
201100032357,0011-02-28 18:56:00,11,2,28,18,56,490,7,"1, BELLE BEILLE",47.47478,-0.58617,Nuit avec éclairage allumé,En agglomération,Intersection en X,Normale,Deux véhicules - côté,,,,,,,,,,,5,2,2,1.0,3.0
201100032358,0011-02-28 11:50:00,11,2,28,11,50,490,246,PASTEUR,47.41589,-0.52322,Plein jour,En agglomération,Autre intersection,Normale,Autre collision,,,,,,,,,,,1,2,9,1.0,6.0
201100032359,0011-03-02 11:27:00,11,3,2,11,27,490,15,MENDES FRANCE AVENUE PIE,47.50266,-0.58556,Plein jour,En agglomération,Hors intersection,Normale,Deux véhicules - arrière,,,,,,,,,,,1,2,1,1.0,2.0
201100032360,0011-03-02 22:56:00,11,3,2,22,56,490,7,DUPETIT THOUARS,47.46032,-0.55209,Nuit avec éclairage allumé,En agglomération,Hors intersection,Normale,Autre collision,,,,,,,,,,,5,2,1,1.0,6.0
201100032361,0011-03-04 08:30:00,11,3,4,8,30,490,15,RD 107,47.50333,-0.56731,Plein jour,Hors agglomération,Hors intersection,Normale,Deux véhicules - frontale,,,,,,,,,,,1,1,1,1.0,1.0
201100032362,0011-03-04 09:45:00,11,3,4,9,45,490,15,"0, MEIGNANNE ROUTE DE LA",47.49963,-0.62103,Plein jour,Hors agglomération,Hors intersection,Normale,Deux véhicules - frontale,,,,,,,,,,,1,1,1,1.0,1.0
201100032363,0011-03-07 16:49:00,11,3,7,16,49,490,267,"0, CHANTERIE",47.47923,-0.49506,Plein jour,En agglomération,Hors intersection,Normale,Sans collision,,,,,,,,,,,1,2,1,1.0,7.0
201100032364,0011-03-07 11:10:00,11,3,7,11,10,490,7,"0, GALLIENI BOULEVARD",47.48609,-0.53005,Plein jour,En agglomération,Hors intersection,Normale,Sans collision,,,,,,,,,,,1,2,1,1.0,7.0
201100032365,0011-03-13 13:10:00,11,3,13,13,10,490,267,"71, HUIT MAI 1945",47.46192,-0.50078,Plein jour,En agglomération,Hors intersection,Pluie forte,Sans collision,,,,,,,,,,,1,2,1,3.0,7.0
201100032366,0011-03-11 08:45:00,11,3,11,8,45,490,7,"0, PARMENTIER",47.45366,-0.52068,Plein jour,En agglomération,Intersection en T,Normale,Deux véhicules - côté,,,,,,,,,,,1,2,3,1.0,3.0
201100032367,0011-03-15 15:14:00,11,3,15,15,14,490,7,"98, SAINT LAZARE",47.48131,-0.56706,Plein jour,En agglomération,Hors intersection,Normale,Autre collision,,,,,,,,,,,1,2,1,1.0,6.0
201100032368,0011-03-15 12:14:00,11,3,15,12,14,490,7,"17, VOLNEY",47.46394,-0.54671,Plein jour,En agglomération,Intersection en T,Normale,Sans collision,,,,,,,,,,,1,2,3,1.0,7.0
201100032369,0011-03-18 00:35:00,11,3,18,0,35,490,7,"0, WALDECK ROUSSEAU",47.47099,-0.54436,Nuit avec éclairage allumé,En agglomération,Hors intersection,Normale,Sans collision,,,,,,,,,,,5,2,1,1.0,7.0
201100032370,0011-03-18 18:26:00,11,3,18,18,26,490,7,"0, CHAUMIN BOULEVARD",47.45052,-0.55282,Plein jour,En agglomération,Intersection en X,Normale,Deux véhicules - côté,,,,,,,,,,,1,2,2,1.0,3.0
201100032371,0011-03-18 13:40:00,11,3,18,13,40,490,267,"0, CHENE VERT",47.47034,-0.51601,Plein jour,En agglomération,Giratoire,Normale,Deux véhicules - côté,,,,,,,,,,,1,2,6,1.0,3.0
201100032372,0011-03-19 05:30:00,11,3,19,5,30,490,7,"56, BAUDRIERE",47.47177,-0.55571,Nuit avec éclairage allumé,En agglomération,Hors intersection,Normale,Autre collision,,,,,,,,,,,5,2,1,1.0,6.0
201100032373,0011-03-18 19:05:00,11,3,18,19,5,490,7,"0, MARIANNE BOULEVARD",47.45176,-0.52603,Crépuscule ou aube,En agglomération,Hors intersection,Normale,Sans collision,,,,,,,,,,,2,2,1,1.0,7.0
201100032374,0011-03-20 18:35:00,11,3,20,18,35,490,7,"0, VOLNEY",47.46233,-0.54279,Plein jour,En agglomération,Hors intersection,Normale,Autre collision,,,,,,,,,,,1,2,1,1.0,6.0
201100032375,0011-03-20 15:45:00,11,3,20,15,45,490,7,"0, ECCE HOMO BOULEVARD",47.46481,-0.56574,Plein jour,En agglomération,Giratoire,Normale,Deux véhicules - arrière,,,,,,,,,,,1,2,6,1.0,2.0
201100032376,0011-03-22 18:11:00,11,3,22,18,11,490,7,RUE FAYE,47.48784,-0.51645,Plein jour,En agglomération,Intersection en T,Normale,Deux véhicules - côté,,,,,,,,,,,1,2,3,1.0,3.0
201100032377,0011-03-23 10:17:00,11,3,23,10,17,490,7,"0, MONTAIGNE AVENUE",47.47015,-0.5352,Plein jour,En agglomération,Hors intersection,Normale,Deux véhicules - arrière,,,,,,,,,,,1,2,1,1.0,2.0
201100032378,0011-03-28 22:25:00,11,3,28,22,25,490,7,RUE DU Dr GUICHARD,47.45094,-0.54944,Nuit avec éclairage allumé,En agglomération,Intersection en X,Normale,Deux véhicules - côté,,,,,,,,,,,5,2,2,1.0,3.0
201100032379,0011-03-29 16:04:00,11,3,29,16,4,490,7,"55, BRIAND AVENUE",47.47511,-0.58069,Plein jour,En agglomération,Hors intersection,Pluie légère,Deux véhicules - arrière,,,,,,,,,,,1,2,1,2.0,2.0
201100032380,0011-03-29 17:51:00,11,3,29,17,51,490,353,RUE CAMUS,47.45177,-0.50782,Plein jour,En agglomération,Intersection en X,Temps couvert,Deux véhicules - côté,,,,,,,,,,,1,2,2,8.0,3.0
201100032381,0011-03-30 16:48:00,11,3,30,16,48,490,353,"0, MENARD ROND POINT ET",47.44578,-0.49166,Plein jour,En agglomération,Hors intersection,Normale,Autre collision,,,,,,,,,,,1,2,1,1.0,6.0
201100032382,0011-03-29 12:00:00,11,3,29,12,0,490,7,"55, GASNIER AVENUE",47.48376,-0.57035,Plein jour,En agglomération,Intersection en T,Pluie légère,Sans collision,,,,,,,,,,,1,2,3,2.0,7.0
201100032383,0011-03-29 20:05:00,11,3,29,20,5,490,267,"0, BEAUFORT ROUTE",47.46682,-0.49321,Crépuscule ou aube,En agglomération,Intersection en X,Normale,Sans collision,,,,,,,,,,,2,2,2,1.0,7.0
201100032384,0011-03-30 10:40:00,11,3,30,10,40,490,7,"60, FOCH BOULEVARD",47.46704,-0.55232,Plein jour,En agglomération,Hors intersection,Normale,Sans collision,,,,,,,,,,,1,2,1,1.0,7.0
201100032385,0011-03-31 15:50:00,11,3,31,15,50,490,7,"42, RABELAIS",47.46226,-0.54728,Plein jour,En agglomération,Hors intersection,Temps couvert,Deux véhicules - arrière,,,,,,,,,,,1,2,1,8.0,2.0
201100032386,0011-03-31 22:36:00,11,3,31,22,36,490,7,"0, BRESSIGNY",47.46635,-0.54769,Nuit avec éclairage allumé,En agglomération,Intersection en X,Normale,Deux véhicules - côté,,,,,,,,,,,5,2,2,1.0,3.0
201100032387,0011-04-01 13:40:00,11,4,1,13,40,490,353,"43, PASTEUR",47.44549,-0.46496,Plein jour,En agglomération,Hors intersection,Normale,Deux véhicules - côté,,,,,,,,,,,1,2,1,1.0,3.0
201100032388,0011-04-01 19:12:00,11,4,1,19,12,490,7,"75, LAREVELLIERE",47.4717,-0.53587,Plein jour,En agglomération,Hors intersection,Normale,Deux véhicules - arrière,,,,,,,,,,,1,2,1,1.0,2.0
201100032389,0011-04-01 17:00:00,11,4,1,17,0,490,15,"0, MEIGNANNE ROUTE DE LA",47.49481,-0.60311,Plein jour,En agglomération,Intersection en T,Normale,Deux véhicules - arrière,,,,,,,,,,,1,2,3,1.0,2.0
201100032390,0011-04-02 19:03:00,11,4,2,19,3,490,353,"91, JEAN JAURES RUE",47.44204,-0.4935,Plein jour,En agglomération,Intersection en T,Normale,Deux véhicules - arrière,,,,,,,,,,,1,2,3,1.0,2.0
201100032391,0011-04-04 18:31:00,11,4,4,18,31,490,7,"40, BAUDRIERE",47.47193,-0.55638,Plein jour,En agglomération,Hors intersection,Normale,Autre collision,,,,,,,,,,,1,2,1,1.0,6.0
201100032392,0011-04-04 16:25:00,11,4,4,16,25,490,7,"0, BAUMETTE PROMENADE",47.46082,-0.5678,Plein jour,En agglomération,Hors intersection,Normale,Sans collision,,,,,,,,,,,1,2,1,1.0,7.0
201100032393,0011-04-04 11:34:00,11,4,4,11,34,490,7,"0, ACADEMIE PLACE",47.46809,-0.55896,Plein jour,En agglomération,Hors intersection,Normale,Sans collision,,,,,,,,,,,1,2,1,1.0,7.0
201100032394,0011-04-05 14:31:00,11,4,5,14,31,490,7,"0, SCHUMANN BOULEVARD",47.48916,-0.52679,Plein jour,En agglomération,Hors intersection,Normale,Deux véhicules - côté,,,,,,,,,,,1,2,1,1.0,3.0
201100032395,0011-04-05 18:04:00,11,4,5,18,4,490,246,"0, GAULLE RUE CHARLES DE",47.42455,-0.52501,Plein jour,En agglomération,Hors intersection,Normale,Deux véhicules - arrière,,,,,,,,,,,1,2,1,1.0,2.0
201100032396,0011-04-06 13:55:00,11,4,6,13,55,490,353,"0, REPUBLIQUE AVENUE",47.45043,-0.50416,Plein jour,En agglomération,Intersection en X,Normale,Deux véhicules - côté,,,,,,,,,,,1,2,2,1.0,3.0
201100032397,0011-04-06 17:35:00,11,4,6,17,35,490,7,"461, SAINT LEONARD",47.45797,-0.51485,Plein jour,En agglomération,Giratoire,Normale,Deux véhicules - côté,,,,,,,,,,,1,2,6,1.0,3.0
201100032398,0011-04-06 13:35:00,11,4,6,13,35,490,7,"0, ECCE HOMO BOULEVARD",47.46479,-0.56554,Plein jour,En agglomération,Giratoire,Normale,Deux véhicules - côté,,,,,,,,,,,1,2,6,1.0,3.0
201100032399,0011-04-07 12:16:00,11,4,7,12,16,490,7,"186, PATTON AVENUE",47.47302,-0.60404,Plein jour,En agglomération,Hors intersection,Normale,Deux véhicules - arrière,,,,,,,,,,,1,2,1,1.0,2.0
201100032400,0011-04-10 21:40:00,11,4,10,21,40,490,7,"6, JEAN XXIII AVENUE",47.4497,-0.56654,Nuit avec éclairage allumé,En agglomération,Hors intersection,Normale,Deux véhicules - arrière,,,,,,,,,,,5,2,1,1.0,2.0