accident_id,datetime,annee,mois,jour,heure,minute,departement,commune_insee,adresse,latitude,longitude,luminosite,agglomeration,intersection,meteo,collision,nb_vehicules,nb_usagers,nb_indemnes,nb_tues,nb_blesses_hosp,nb_blesses_legers,age_cond_1,age_cond_2,veh_type_cond_1,veh_type_cond_2,lum_code,agg_code,int_code,atm_code,col_code
201100032647,0011-10-04 00:09:00,11,10,4,0,9,490,7,Avenue PASTEUR,47.47403,-0.5374,Nuit avec éclairage allumé,En agglomération,Intersection en T,Normale,Deux véhicules - côté,,,,,,,,,,,5,2,3,1.0,3.0
201100032648,0011-10-01 23:43:00,11,10,1,23,43,490,7,Rue SAUMUROISE,47.45754,-0.53311,Nuit avec éclairage allumé,En agglomération,Intersection en X,Normale,Deux véhicules - côté,,,,,,,,,,,5,2,2,1.0,3.0
201100032649,0011-09-30 07:45:00,11,9,30,7,45,490,246,Rue Edouard ROHARD,47.43412,-0.52956,Plein jour,En agglomération,Hors intersection,Normale,Deux véhicules - arrière,,,,,,,,,,,1,2,1,1.0,2.0
201100032650,0011-09-30 12:05:00,11,9,30,12,5,490,353,Rue des PERREYEUX,47.45696,-0.51114,Plein jour,En agglomération,Giratoire,Normale,Autre collision,,,,,,,,,,,1,2,6,1.0,6.0
201100032651,0011-09-30 17:08:00,11,9,30,17,8,490,7,Pont Jean MOULIN,47.48883,-0.54586,Plein jour,En agglomération,Giratoire,Normale,Deux véhicules - arrière,,,,,,,,,,,1,2,6,1.0,2.0
201100032652,0011-10-05 18:30:00,11,10,5,18,30,490,7,"35, VOIE DES BERGES",47.4755,-0.55505,Plein jour,Hors agglomération,Hors intersection,Normale,Trois véhicules et plus - en chaîne,,,,,,,,,,,1,1,1,1.0,4.0
201100032653,0011-10-05 19:40:00,11,10,5,19,40,490,7,Rue de RENNES,47.47756,-0.54879,Nuit avec éclairage allumé,En agglomération,Hors intersection,Normale,Deux véhicules - côté,,,,,,,,,,,5,2,1,1.0,3.0
201100032654,0011-10-05 14:20:00,11,10,5,14,20,490,7,6 Av NOTRE DAME DU LAC,47.47736,-0.58347,Plein jour,En agglomération,Hors intersection,Normale,Deux véhicules - côté,,,,,,,,,,,1,2,1,1.0,3.0
201100032655,0011-10-05 17:45:00,11,10,5,17,45,490,7,Bd MONPLAISIR,47.4884,-0.51784,Plein jour,En agglomération,Hors intersection,Normale,Trois véhicules et plus - en chaîne,,,,,,,,,,,1,2,1,1.0,4.0
201100032656,0011-10-06 07:50:00,11,10,6,7,50,490,15,Z.I. de la CROIX CADEAU,47.51288,-0.61406,Crépuscule ou aube,Hors agglomération,Giratoire,Normale,Autre collision,,,,,,,,,,,2,1,6,1.0,6.0
201100032657,0011-10-06 08:48:00,11,10,6,8,48,490,15,Z.I. de la CROIX CADEAU,47.51287,-0.61397,Plein jour,Hors agglomération,Giratoire,Normale,Autre collision,,,,,,,,,,,1,1,6,1.0,6.0
201100032658,0011-10-06 13:53:00,11,10,6,13,53,490,7,COUBERTIN BOULEVARD,47.4587,-0.53294,Plein jour,En agglomération,Hors intersection,Normale,Sans collision,,,,,,,,,,,1,2,1,1.0,7.0
201100032659,0011-10-08 19:17:00,11,10,8,19,17,490,7,125 Rue de FREMUR,47.4562,-0.56139,Nuit avec éclairage allumé,En agglomération,Hors intersection,Normale,Sans collision,,,,,,,,,,,5,2,1,1.0,7.0
201100032660,0011-10-07 17:24:00,11,10,7,17,24,490,267,HELENE BOUCHER,47.4876,-0.49546,Plein jour,En agglomération,Hors intersection,Normale,Sans collision,,,,,,,,,,,1,2,1,1.0,7.0
201100032661,0011-10-11 07:56:00,11,10,11,7,56,490,7,113 Rue Jean JAURES,47.45468,-0.52505,Crépuscule ou aube,En agglomération,Intersection en T,Pluie légère,Deux véhicules - côté,,,,,,,,,,,2,2,3,2.0,3.0
201100032662,0011-10-11 14:36:00,11,10,11,14,36,490,7,Pont de VERDUN,47.47313,-0.5583,Plein jour,En agglomération,Hors intersection,Normale,Autre collision,,,,,,,,,,,1,2,1,1.0,6.0
201100032663,0011-10-14 17:00:00,11,10,14,17,0,490,7,Bd BEAUSSIER,47.47278,-0.59983,Plein jour,Hors agglomération,Intersection en T,Normale,Deux véhicules - côté,,,,,,,,,,,1,1,3,1.0,3.0
201100032664,0011-10-15 08:00:00,11,10,15,8,0,490,7,BEAUREPAIRE (RUE),47.47469,-0.56089,Crépuscule ou aube,En agglomération,Intersection en T,Normale,Sans collision,,,,,,,,,,,2,2,3,1.0,7.0
201100032665,0011-10-16 20:15:00,11,10,16,20,15,490,7,Rue RENEE,47.49247,-0.56791,Nuit avec éclairage allumé,En agglomération,Hors intersection,Normale,Sans collision,,,,,,,,,,,5,2,1,1.0,7.0
201100032666,0011-10-14 20:26:00,11,10,14,20,26,490,7,58 Bd du ROI RENE,47.46684,-0.55432,Nuit avec éclairage allumé,En agglomération,Intersection en T,Normale,Deux véhicules - côté,,,,,,,,,,,5,2,3,1.0,3.0
201100032667,0011-10-14 16:11:00,11,10,14,16,11,490,7,30 Av de la BLANCHERAIE,47.46592,-0.56348,Plein jour,En agglomération,Hors intersection,Normale,Sans collision,,,,,,,,,,,1,2,1,1.0,7.0
201100032668,0011-10-14 16:55:00,11,10,14,16,55,490,7,ROUTE de BOUCHEMAINE,47.4519,-0.571,Plein jour,En agglomération,Intersection en T,Normale,Deux véhicules - côté,,,,,,,,,,,1,2,3,1.0,3.0
201100032669,0011-10-17 16:57:00,11,10,17,16,57,490,7,Bd du DOYENNE,47.4899,-0.53355,Plein jour,En agglomération,Hors intersection,Normale,Autre collision,,,,,,,,,,,1,2,1,1.0,6.0
201100032670,0011-10-17 18:25:00,11,10,17,18,25,490,7,34 Passage MONTESQUIEU,47.47363,-0.58371,Plein jour,En agglomération,Hors intersection,Normale,Deux véhicules - côté,,,,,,,,,,,1,2,1,1.0,3.0
201100032671,0011-10-18 13:54:00,11,10,18,13,54,490,7,PLACE MENDES FRANCE,47.47331,-0.54576,Plein jour,En agglomération,Intersection en T,Normale,Deux véhicules - arrière,,,,,,,,,,,1,2,3,1.0,2.0
201100032672,0011-10-18 17:08:00,11,10,18,17,8,490,7,27 rue PORT DE L'ANCRE,47.47515,-0.55161,Plein jour,En agglomération,Hors intersection,Pluie forte,Sans collision,,,,,,,,,,,1,2,1,3.0,7.0
201100032673,0011-10-18 17:42:00,11,10,18,17,42,490,7,Rue Andre LE NOTRE,47.47791,-0.60643,Plein jour,En agglomération,Hors intersection,Pluie forte,Deux véhicules - côté,,,,,,,,,,,1,2,1,3.0,3.0
201100032674,0011-10-18 14:40:00,11,10,18,14,40,490,7,Place LECLERC,47.47192,-0.54562,Plein jour,En agglomération,Intersection en T,Normale,Sans collision,,,,,,,,,,,1,2,3,1.0,7.0
201100032675,0011-10-18 18:15:00,11,10,18,18,15,490,7,Rue LAKANAL,47.47753,-0.60184,Plein jour,En agglomération,Intersection en T,Pluie légère,Deux véhicules - côté,,,,,,,,,,,1,2,3,2.0,3.0
201100032676,0011-10-19 02:23:00,11,10,19,2,23,490,7,81 Rue DAVID D'ANGERS,47.47064,-0.54857,Nuit avec éclairage allumé,En agglomération,Hors intersection,Pluie légère,Sans collision,,,,,,,,,,,5,2,1,2.0,7.0
201100032677,0011-10-19 08:59:00,11,10,19,8,59,490,7,146 Rue  Jean JAURES,47.45341,-0.52589,Plein jour,En agglomération,Giratoire,Normale,Deux véhicules - côté,,,,,,,,,,,1,2,6,1.0,3.0
201100032678,0011-10-19 23:00:00,11,10,19,23,0,490,7,Bd RAMON,47.48759,-0.54117,Nuit avec éclairage allumé,En agglomération,Intersection en T,Normale,Deux véhicules - côté,,,,,,,,,,,5,2,3,1.0,3.0
201100032679,0011-10-20 08:54:00,11,10,20,8,54,490,7,Bd du ROI RENE,47.4675,-0.55558,Crépuscule ou aube,En agglomération,Intersection en X,Normale,Deux véhicules - côté,,,,,,,,,,,2,2,2,1.0,3.0
201100032680,0011-10-20 17:36:00,11,10,20,17,36,490,7,Rue de BELLE BEILLE,47.47473,-0.58617,Plein jour,En agglomération,Intersection en X,Normale,Deux véhicules - côté,,,,,,,,,,,1,2,2,1.0,3.0
201100032681,0011-10-21 09:55:00,11,10,21,9,55,490,7,44 Bd du ROI RENE,47.46729,-0.55543,Plein jour,En agglomération,Hors intersection,Normale,Autre collision,,,,,,,,,,,1,2,1,1.0,6.0
201100032682,0011-10-21 11:19:00,11,10,21,11,19,490,7,1 Bd SAINT MICHEL,47.4736,-0.54465,Plein jour,En agglomération,Hors intersection,Normale,Autre collision,,,,,,,,,,,1,2,1,1.0,6.0
201100032683,0011-10-22 11:31:00,11,10,22,11,31,490,353,Rue JEAN JAURES,47.44283,-0.49567,Plein jour,En agglomération,Intersection en X,Normale,Deux véhicules - côté,,,,,,,,,,,1,2,2,1.0,3.0
201100032684,0011-10-25 11:40:00,11,10,25,11,40,490,267,Rue de VERDUN,47.46789,-0.4934,Plein jour,En agglomération,Intersection en T,Normale,Sans collision,,,,,,,,,,,1,2,3,1.0,7.0
201100032685,0011-10-21 16:02:00,11,10,21,16,2,490,246,37 Port du Grand Large,47.41852,-0.52779,Plein jour,En agglomération,Intersection en T,Normale,Sans collision,,,,,,,,,,,1,2,3,1.0,7.0
201100032686,0011-10-25 19:00:00,11,10,25,19,0,490,353,Bd BAHONNEAU,47.45409,-0.48289,Nuit avec éclairage allumé,En agglomération,Intersection en T,Pluie légère,Deux véhicules - arrière,,,,,,,,,,,5,2,3,2.0,2.0
201100032687,0011-10-28 15:08:00,11,10,28,15,8,490,7,VOIE DES BERGES,47.47142,-0.55985,Plein jour,Hors agglomération,Hors intersection,Normale,Sans collision,,,,,,,,,,,1,1,1,1.0,7.0
201100032688,0011-10-27 14:21:00,11,10,27,14,21,490,7,Bd BEAUSSIER,47.47699,-0.59902,Plein jour,En agglomération,Giratoire,Normale,Sans collision,,,,,,,,,,,1,2,6,1.0,7.0
201100032689,0011-10-27 18:57:00,11,10,27,18,57,490,7,Bd Pierre de COUBERTIN,47.46427,-0.53159,Nuit avec éclairage allumé,En agglomération,Giratoire,Pluie légère,Sans collision,,,,,,,,,,,5,2,6,2.0,7.0
201100032690,0011-10-28 09:03:00,11,10,28,9,3,490,7,Avenue JOXE,47.48688,-0.53975,Plein jour,En agglomération,Intersection en T,Normale,Deux véhicules - arrière,,,,,,,,,,,1,2,3,1.0,2.0
201100032691,0011-11-02 11:11:00,11,11,2,11,11,490,7,Bd Jacques MILLOT,47.457,-0.53333,Plein jour,En agglomération,Hors intersection,Normale,Deux véhicules - arrière,,,,,,,,,,,1,2,1,1.0,2.0
201100032692,0011-11-02 16:00:00,11,11,2,16,0,490,7,Av TURPIN DE CRISSE,47.46477,-0.55416,Plein jour,En agglomération,Hors intersection,Normale,Deux véhicules - côté,,,,,,,,,,,1,2,1,1.0,3.0
201100032693,0011-11-06 10:10:00,11,11,6,10,10,490,15,221 Avenue MENDES FRANCE,47.50538,-0.58801,Plein jour,En agglomération,Hors intersection,Normale,Sans collision,,,,,,,,,,,1,2,1,1.0,7.0
201100032694,0011-11-06 13:45:00,11,11,6,13,45,490,246,Chemin du PETIT POUILLE,47.43217,-0.53391,Plein jour,En agglomération,Intersection en T,Normale,Sans collision,,,,,,,,,,,1,2,3,1.0,7.0
201100032695,0011-11-03 12:14:00,11,11,3,12,14,490,7,Av Maurice TARDAT,47.4505,-0.55281,Plein jour,En agglomération,Intersection en X,Normale,Deux véhicules - côté,,,,,,,,,,,1,2,2,1.0,3.0
201100032696,0011-11-07 17:03:00,11,11,7,17,3,490,246,Rue PASTEUR,47.41842,-0.52328,Plein jour,En agglomération,Giratoire,Normale,Deux véhicules - arrière,,,,,,,,,,,1,2,6,1.0,2.0
201100032697,0011-11-04 07:30:00,11,11,4,7,30,490,7,AVENUE VAUBAN,47.45943,-0.56033,Crépuscule ou aube,En agglomération,Intersection en X,Temps couvert,Deux véhicules - côté,,,,,,,,,,,2,2,2,8.0,3.0
201100032698,0011-11-04 16:52:00,11,11,4,16,52,490,7,10 Bd Gaston DUMESNIL,47.47265,-0.56576,Plein jour,En agglomération,Hors intersection,Normale,Deux véhicules - arrière,,,,,,,,,,,1,2,1,1.0,2.0
201100032699,0011-11-04 18:30:00,11,11,4,18,30,490,7,5 Rue GAGARINE,47.45033,-0.56555,Crépuscule ou aube,En agglomération,Hors intersection,Normale,Autre collision,,,,,,,,,,,2,2,1,1.0,6.0
201100032700,0011-11-08 10:41:00,11,11,8,10,41,490,7,Bd Albert CAMUS,47.48161,-0.57574,Plein jour,En agglomération,Giratoire,Pluie légère,Deux véhicules - côté,,,,,,,,,,,1,2,6,2.0,3.0
201100032701,0011-11-04 15:45:00,11,11,4,15,45,490,7,36 Avenue PATTON,47.4737,-0.58244,Plein jour,En agglomération,Hors intersection,Normale,Deux véhicules - côté,,,,,,,,,,,1,2,1,1.0,3.0
201100032702,0011-11-08 18:55:00,11,11,8,18,55,490,7,Rue du NID DE  PIE,47.47084,-0.60507,Nuit avec éclairage allumé,Hors agglomération,Hors intersection,Pluie légère,Deux véhicules - arrière,,,,,,,,,,,5,1,1,2.0,2.0
201100032703,0011-11-09 02:00:00,11,11,9,2,0,490,7,Av DE LATTRE DE TASSIGNY,47.44848,-0.53826,Nuit avec éclairage allumé,En agglomération,Giratoire,Normale,Sans collision,,,,,,,,,,,5,2,6,1.0,7.0
201100032704,0011-11-09 09:44:00,11,11,9,9,44,490,7,Rue CHATEAUGONTIER,47.46649,-0.54987,Plein jour,En agglomération,Hors intersection,Normale,Sans collision,,,,,,,,,,,1,2,1,1.0,7.0
201100032705,0011-11-09 20:21:00,11,11,9,20,21,490,353,26 Rue PASTEUR,47.44555,-0.46411,Nuit avec éclairage allumé,En agglomération,Hors intersection,Normale,Deux véhicules - côté,,,,,,,,,,,5,2,1,1.0,3.0
201100032706,0011-11-09 12:15:00,11,11,9,12,15,490,7,5 Rue des URSULES,47.4711,-0.54889,Plein jour,En agglomération,Hors intersection,Normale,Autre collision,,,,,,,,,,,1,2,1,1.0,6.0
201100032707,0011-11-11 11:15:00,11,11,11,11,15,490,7,Bd de STRASBOURG,47.45706,-0.55407,Plein jour,En agglomération,Intersection en X,Normale,Deux véhicules - côté,,,,,,,,,,,1,2,2,1.0,3.0
201100032708,0011-11-10 07:08:00,11,11,10,7,8,490,7,27 Rue du general LIZE,47.48995,-0.56644,Crépuscule ou aube,En agglomération,Hors intersection,Normale,Deux véhicules - côté,,,,,,,,,,,2,2,1,1.0,3.0
201100032709,0011-11-10 18:24:00,11,11,10,18,24,490,7,Bd BEAUSSIER,47.47181,-0.60008,Nuit avec éclairage allumé,En agglomération,Intersection en X,Normale,Deux véhicules - côté,,,,,,,,,,,5,2,2,1.0,3.0
201100032710,0011-11-14 15:25:00,11,11,14,15,25,490,7,125 Av PATTON,47.47331,-0.59428,Plein jour,En agglomération,Hors intersection,Normale,Autre collision,,,,,,,,,,,1,2,1,1.0,6.0
201100032711,0011-11-16 08:15:00,11,11,16,8,15,490,7,10 Rue PAUL BERT,47.46579,-0.55158,Plein jour,En agglomération,Place,Normale,Sans collision,,,,,,,,,,,1,2,7,1.0,7.0
201100032712,0011-11-17 13:50:00,11,11,17,13,50,490,7,1 Bd BARANGER,47.45439,-0.56785,Plein jour,En agglomération,Hors intersection,Normale,Sans collision,,,,,,,,,,,1,2,1,1.0,7.0
201100032713,0011-11-20 17:32:00,11,11,20,17,32,490,7,Rue GAGARINE,47.45013,-0.56515,Crépuscule ou aube,En agglomération,Hors intersection,Normale,Autre collision,,,,,,,,,,,2,2,1,1.0,6.0
201100032714,0011-11-19 15:09:00,11,11,19,15,9,490,7,VOIE DES BERGES,47.47186,-0.55913,Plein jour,En agglomération,Hors intersection,Normale,Sans collision,,,,,,,,,,,1,2,1,1.0,7.0
201100032715,0011-11-17 17:50:00,11,11,17,17,50,490,7,29 Rue St LEONARD,47.46468,-0.54072,Crépuscule ou aube,En agglomération,Hors intersection,Normale,Autre collision,,,,,,,,,,,2,2,1,1.0,6.0
201100032716,0011-11-18 15:25:00,11,11,18,15,25,490,7,69  AVENUE GASNIER,47.48406,-0.57078,Plein jour,En agglomération,Hors intersection,Normale,Deux véhicules - arrière,,,,,,,,,,,1,2,1,1.0,2.0
201100032717,0011-11-21 07:50:00,11,11,21,7,50,490,7,30 Rue DAVID D'ANGERS,47.47096,-0.54908,Nuit avec éclairage allumé,En agglomération,Hors intersection,Normale,Autre collision,,,,,,,,,,,5,2,1,1.0,6.0
201100032718,0011-11-22 18:46:00,11,11,22,18,46,490,7,PLACE MOLIERE,47.4745,-0.55492,Nuit avec éclairage allumé,En agglomération,Intersection en X,Normale,Sans collision,,,,,,,,,,,5,2,2,1.0,7.0
201100032719,0011-11-23 19:20:00,11,11,23,19,20,490,246,84 Rue DAVID D'ANGERS,47.44132,-0.53431,Nuit avec éclairage allumé,En agglomération,Hors intersection,Normale,Sans collision,,,,,,,,,,,5,2,1,1.0,7.0
201100032720,0011-11-23 10:20:00,11,11,23,10,20,490,7,Rue DUPETIT THOUARS,47.46056,-0.55214,Plein jour,En agglomération,Intersection en X,Normale,Autre collision,,,,,,,,,,,1,2,2,1.0,6.0
201100032721,0011-11-24 23:15:00,11,11,24,23,15,490,7,Bd RAMON,47.48714,-0.53966,Nuit sans éclairage public,En agglomération,Hors intersection,Normale,Autre collision,,,,,,,,,,,3,2,1,1.0,6.0
201100032722,0011-11-24 12:15:00,11,11,24,12,15,490,7,Rue de VILLESICARD,47.45171,-0.53576,Plein jour,En agglomération,Intersection en T,Normale,Deux véhicules - côté,,,,,,,,,,,1,2,3,1.0,3.0
201100032723,0011-11-25 20:26:00,11,11,25,20,26,490,7,Rue RABELAIS,47.45805,-0.54474,Nuit avec éclairage allumé,En agglomération,Giratoire,Normale,Sans collision,,,,,,,,,,,5,2,6,1.0,7.0
201100032724,0011-11-26 20:30:00,11,11,26,20,30,490,7,Rue J. CUSSONEAU,47.4689,-0.53202,Nuit avec éclairage allumé,En agglomération,Intersection en X,Normale,Deux véhicules - frontale,,,,,,,,,,,5,2,2,1.0,1.0
201100032725,0011-11-27 09:23:00,11,11,27,9,23,490,353,38 Rue de la FOUCAUDIERE,47.45615,-0.51559,Plein jour,En agglomération,Hors intersection,Normale,Sans collision,,,,,,,,,,,1,2,1,1.0,7.0
201100032726,0011-11-25 09:00:00,11,11,25,9,0,490,7,"0, DE LATTRE DE TASSIGNY",47.45096,-0.5399,Plein jour,En agglomération,Hors intersection,Normale,Sans collision,,,,,,,,,,,1,2,1,1.0,7.0
201100032727,0011-11-28 08:49:00,11,11,28,8,49,490,7,Rue BOREAU,47.47593,-0.54532,Plein jour,En agglomération,Hors intersection,Normale,Deux véhicules - côté,,,,,,,,,,,1,2,1,1.0,3.0
201100032728,0011-11-30 12:28:00,11,11,30,12,28,490,7,120 Bd du ROI RENE,47.46633,-0.55316,Plein jour,En agglomération,Giratoire,Normale,Deux véhicules - côté,,,,,,,,,,,1,2,6,1.0,3.0
201100032729,0011-12-01 07:35:00,11,12,1,7,35,490,7,Rue du general LIZE,47.48968,-0.56718,Nuit avec éclairage allumé,En agglomération,Giratoire,Normale,Autre collision,,,,,,,,,,,5,2,6,1.0,6.0
201100032730,0011-12-01 04:55:00,11,12,1,4,55,490,15,249 Av MENDES FRANCE,47.51097,-0.59528,Nuit avec éclairage allumé,En agglomération,Hors intersection,Normale,Sans collision,,,,,,,,,,,5,2,1,1.0,7.0
201100032731,0011-12-01 08:19:00,11,12,1,8,19,490,7,Bd CLEMENCEAU,47.47626,-0.56635,Crépuscule ou aube,En agglomération,Intersection en X,Normale,Autre collision,,,,,,,,,,,2,2,2,1.0,6.0
201100032732,0011-12-03 15:00:00,11,12,3,15,0,490,7,RD 323,47.46957,-0.59452,Plein jour,Hors agglomération,Hors intersection,Pluie légère,Sans collision,,,,,,,,,,,1,1,1,2.0,7.0
201100032733,0011-12-03 15:10:00,11,12,3,15,10,490,246,A87N,47.42203,-0.5041,Plein jour,Hors agglomération,Hors intersection,Pluie légère,Trois véhicules et plus - collisions multiples,,,,,,,,,,,1,1,1,2.0,5.0
201100032734,0011-12-02 22:15:00,11,12,2,22,15,490,7,Av DE LATTRE DE TASSIGNY,47.45171,-0.54028,Nuit avec éclairage allumé,En agglomération,Hors intersection,Normale,Autre collision,,,,,,,,,,,5,2,1,1.0,6.0
201100032735,0011-12-02 10:31:00,11,12,2,10,31,490,246,06 Rue DAVID D'ANGERS,47.43116,-0.52841,Plein jour,En agglomération,Hors intersection,Normale,Deux véhicules - arrière,,,,,,,,,,,1,2,1,1.0,2.0
201100032736,0011-12-05 09:06:00,11,12,5,9,6,490,7,Bd Jean Moulin,47.48891,-0.54593,Plein jour,En agglomération,Giratoire,Normale,Deux véhicules - arrière,,,,,,,,,,,1,2,6,1.0,2.0
201100032737,0011-12-05 15:36:00,11,12,5,15,36,490,7,04 Rue DESCARTES,47.47548,-0.56515,Plein jour,En agglomération,Hors intersection,Normale,Deux véhicules - arrière,,,,,,,,,,,1,2,1,1.0,2.0
201100032738,0011-12-03 10:47:00,11,12,3,10,47,490,7,Rue des BANCHAIS,47.47629,-0.53007,Plein jour,En agglomération,Hors intersection,Pluie légère,Autre collision,,,,,,,,,,,1,2,1,2.0,6.0
201100032739,0011-12-03 21:07:00,11,12,3,21,7,490,7,Rue des TONNELIERS,47.47517,-0.56193,Nuit avec éclairage allumé,En agglomération,Intersection en T,Pluie forte,Sans collision,,,,,,,,,,,5,2,3,3.0,7.0
201100032740,0011-12-07 08:16:00,11,12,7,8,16,490,7,Rue SAINT SAMSON,47.47715,-0.5442,Plein jour,En agglomération,Intersection en X,Normale,Deux véhicules - côté,,,,,,,,,,,1,2,2,1.0,3.0
201100032741,0011-12-07 15:56:00,11,12,7,15,56,490,7,Place des JUSTICES,47.45214,-0.52531,Plein jour,En agglomération,Intersection en T,Normale,Deux véhicules - côté,,,,,,,,,,,1,2,3,1.0,3.0
201100032742,0011-12-07 17:43:00,11,12,7,17,43,490,7,AVENUE DE L'ATLANTIQUE,47.46883,-0.5883,Crépuscule ou aube,Hors agglomération,Hors intersection,Normale,Trois véhicules et plus - en chaîne,,,,,,,,,,,2,1,1,1.0,4.0
201100032743,0011-12-08 04:21:00,11,12,8,4,21,490,7,44 Rue des PONTS DE CE,47.45616,-0.54127,Nuit avec éclairage allumé,En agglomération,Hors intersection,Pluie légère,Autre collision,,,,,,,,,,,5,2,1,2.0,6.0
201100032744,0011-12-08 08:16:00,11,12,8,8,16,490,7,Quai Felix FAURE,47.47769,-0.55281,Crépuscule ou aube,En agglomération,Intersection en T,Pluie légère,Deux véhicules - côté,,,,,,,,,,,2,2,3,2.0,3.0
201100032745,0011-12-08 07:59:00,11,12,8,7,59,490,7,LAREVELLIERE,47.47111,-0.53126,Crépuscule ou aube,En agglomération,Intersection en X,Pluie légère,Deux véhicules - côté,,,,,,,,,,,2,2,2,2.0,3.0
201100032746,0011-11-15 18:50:00,11,11,15,18,50,490,7,Rue de PRUNIERS,47.47121,-0.58684,Nuit avec éclairage allumé,Hors agglomération,Hors intersection,Normale,Deux véhicules - frontale,,,,,,,,,,,5,1,1,1.0,1.0
201100032747,0011-12-09 18:24:00,11,12,9,18,24,490,7,Rue Marc CHAGALL,47.48338,-0.57595,Nuit avec éclairage allumé,En agglomération,Giratoire,Normale,Deux véhicules - côté,,,,,,,,,,,5,2,6,1.0,3.0
201100032748,0011-12-10 16:50:00,11,12,10,16,50,490,7,Bd du DOYENNE,47.49073,-0.53217,Plein jour,En agglomération,Hors intersection,Normale,Sans collision,,,,,,,,,,,1,2,1,1.0,7.0
201100032749,0011-11-15 12:40:00,11,11,15,12,40,490,7,45 Rue SAVARY,47.47189,-0.54319,Plein jour,En agglomération,Autre intersection,Normale,Deux véhicules - côté,,,,,,,,,,,1,2,9,1.0,3.0
201100032750,0011-12-12 09:36:00,11,12,12,9,36,490,7,18 Place MONPROFIT,47.47395,-0.56765,Plein jour,En agglomération,Intersection en T,Normale,Sans collision,,,,,,,,,,,1,2,3,1.0,7.0
201100032751,0011-12-09 19:09:00,11,12,9,19,9,490,7,Rue SAINT LEONARD,47.45952,-0.5214,Nuit avec éclairage allumé,En agglomération,Intersection en X,Normale,Deux véhicules - frontale,,,,,,,,,,,5,2,2,1.0,1.0
201100032752,0011-12-14 09:18:00,11,12,14,9,18,490,7,133 Rue SAUMUROISE,47.45704,-0.53205,Plein jour,En agglomération,Hors intersection,Normale,Autre collision,,,,,,,,,,,1,2,1,1.0,6.0
201100032753,0011-12-14 20:50:00,11,12,14,20,50,490,7,VOIE DES BERGES,47.47334,-0.55673,Nuit avec éclairage allumé,En agglomération,Hors intersection,Pluie forte,Autre collision,,,,,,,,,,,5,2,1,3.0,6.0
201100032754,0011-12-14 15:57:00,11,12,14,15,57,490,7,Rue BAUDRIERE,47.47239,-0.5572,Plein jour,En agglomération,Intersection en X,Pluie légère,Deux véhicules - côté,,,,,,,,,,,1,2,2,2.0,3.0
201100032755,0011-12-14 21:45:00,11,12,14,21,45,490,7,Place de la GARE,47.46538,-0.55699,Nuit avec éclairage allumé,En agglomération,Hors intersection,Normale,Deux véhicules - arrière,,,,,,,,,,,5,2,1,1.0,2.0
201100032756,0011-12-15 17:36:00,11,12,15,17,36,490,7,"50, PATTON AVENUE",47.47363,-0.58435,Plein jour,En agglomération,Hors intersection,Normale,Autre collision,,,,,,,,,,,1,2,1,1.0,6.0
201100032757,0011-12-15 09:55:00,11,12,15,9,55,490,353,Rue Albert CAMUS,47.4525,-0.50745,Plein jour,En agglomération,Intersection en T,Normale,Deux véhicules - côté,,,,,,,,,,,1,2,3,1.0,3.0
201100032758,0011-12-14 08:01:00,11,12,14,8,1,490,7,Rue MIRABEAU,47.45848,-0.55169,Nuit avec éclairage allumé,En agglomération,Intersection en X,Normale,Deux véhicules - côté,,,,,,,,,,,5,2,2,1.0,3.0
201100032759,0011-12-16 16:59:00,11,12,16,16,59,490,7,BARANGE BOULEVARD,47.45443,-0.5683,Crépuscule ou aube,En agglomération,Hors intersection,Normale,Autre collision,,,,,,,,,,,2,2,1,1.0,6.0
201100032760,0011-12-17 02:00:00,11,12,17,2,0,490,267,RD 347,47.47398,-0.48143,Nuit avec éclairage allumé,En agglomération,Hors intersection,Pluie légère,Deux véhicules - frontale,,,,,,,,,,,5,2,1,2.0,1.0
201100032761,0011-12-18 09:04:00,11,12,18,9,4,490,7,BEAUSSIER BOULEVARD,47.47177,-0.59998,Plein jour,En agglomération,Intersection en X,Normale,Deux véhicules - côté,,,,,,,,,,,1,2,2,1.0,3.0
201100032762,0011-12-17 13:00:00,11,12,17,13,0,490,7,"20, STRASBOURG BOULEVARD",47.45879,-0.55864,Plein jour,En agglomération,Intersection en X,Normale,Deux véhicules - frontale,,,,,,,,,,,1,2,2,1.0,1.0
201100032763,0011-12-18 14:18:00,11,12,18,14,18,490,7,"0, NID DE  PIE",47.47126,-0.6024,Plein jour,En agglomération,Intersection en T,Normale,Deux véhicules - côté,,,,,,,,,,,1,2,3,1.0,3.0
201100032764,0011-12-17 13:40:00,11,12,17,13,40,490,267,Bd de la CHANTERIE,47.48161,-0.49107,Plein jour,En agglomération,Giratoire,Normale,Deux véhicules - côté,,,,,,,,,,,1,2,6,1.0,3.0
201100032765,0011-12-23 03:50:00,11,12,23,3,50,490,7,"62, PASTEUR AVENUE",47.47369,-0.53796,Nuit avec éclairage allumé,En agglomération,Hors intersection,Normale,Sans collision,,,,,,,,,,,5,2,1,1.0,7.0
201100032766,0011-12-22 10:41:00,11,12,22,10,41,490,7,DAVIERS BOULEVARD,47.4786,-0.55626,Plein jour,En agglomération,Intersection en X,Normale,Deux véhicules - côté,,,,,,,,,,,1,2,2,1.0,3.0
201100032767,0011-12-22 16:10:00,11,12,22,16,10,490,7,Bd St MICHEL,47.47354,-0.54164,Plein jour,En agglomération,Hors intersection,Normale,Autre collision,,,,,,,,,,,1,2,1,1.0,6.0