accident_id,datetime,annee,mois,jour,heure,minute,departement,commune_insee,adresse,latitude,longitude,luminosite,agglomeration,intersection,meteo,collision,nb_vehicules,nb_usagers,nb_indemnes,nb_tues,nb_blesses_hosp,nb_blesses_legers,age_cond_1,age_cond_2,veh_type_cond_1,veh_type_cond_2,lum_code,agg_code,int_code,atm_code,col_code
201100032768,0011-12-22 16:45:00,11,12,22,16,45,490,7,"0, HUIT MAI 1945 AVENUE",47.47035,-0.54738,Plein jour,En agglomération,Hors intersection,Normale,Autre collision,,,,,,,,,,,1,2,1,1.0,6.0
201100032769,0011-12-23 19:17:00,11,12,23,19,17,490,246,"15, HUIT MAI AVENUE",47.43662,-0.52139,Nuit avec éclairage allumé,En agglomération,Hors intersection,Pluie légère,Sans collision,,,,,,,,,,,5,2,1,2.0,7.0
201100032770,0011-12-26 11:00:00,11,12,26,11,0,490,7,RD 323,47.46511,-0.5695,Plein jour,Hors agglomération,Hors intersection,Normale,Deux véhicules - arrière,,,,,,,,,,,1,1,1,1.0,2.0
201100032771,0011-12-27 09:15:00,11,12,27,9,15,490,246,"42, DAVID D'ANGERS",47.43533,-0.53056,Plein jour,En agglomération,Hors intersection,Pluie légère,Sans collision,,,,,,,,,,,1,2,1,2.0,7.0
201100032772,0011-12-27 09:00:00,11,12,27,9,0,490,353,"23, JEAN JAURES RUE",47.44082,-0.49003,Plein jour,En agglomération,Hors intersection,Pluie légère,Sans collision,,,,,,,,,,,1,2,1,2.0,7.0
201100032773,0011-12-28 18:15:00,11,12,28,18,15,490,7,"90, PASTEUR AVENUE",47.47465,-0.53614,Nuit avec éclairage allumé,En agglomération,Hors intersection,Pluie forte,Autre collision,,,,,,,,,,,5,2,1,3.0,6.0
201100032774,0011-12-28 19:05:00,11,12,28,19,5,490,7,1 Rue de la TANNERIE,47.47344,-0.56375,Nuit avec éclairage allumé,En agglomération,Hors intersection,Pluie légère,Autre collision,,,,,,,,,,,5,2,1,2.0,6.0
201100032775,0011-12-30 14:00:00,11,12,30,14,0,490,15,121 Av MENDES FRANCE,47.50085,-0.58416,Plein jour,En agglomération,Hors intersection,Pluie légère,Sans collision,,,,,,,,,,,1,2,1,2.0,7.0
201100032776,0011-12-30 16:30:00,11,12,30,16,30,490,7,Bd Arago,47.47849,-0.55624,Plein jour,Hors agglomération,Intersection en X,Pluie légère,Deux véhicules - côté,,,,,,,,,,,1,1,2,2.0,3.0
201100032777,0011-12-30 21:35:00,11,12,30,21,35,490,7,RD 323,47.47494,-0.57298,Nuit avec éclairage allumé,En agglomération,Hors intersection,Pluie légère,Sans collision,,,,,,,,,,,5,2,1,2.0,7.0
201100032778,0011-12-30 17:07:00,11,12,30,17,7,490,353,JEAN JAURES RUE,47.44408,-0.49936,Crépuscule ou aube,En agglomération,Hors intersection,Pluie légère,Deux véhicules - arrière,,,,,,,,,,,2,2,1,2.0,2.0
201100032779,0011-01-05 07:55:00,11,1,5,7,55,490,99,"99, FAIDHERBE (BOULEVARD",47.06761,-0.88005,Nuit avec éclairage allumé,En agglomération,Hors intersection,Brouillard / fumée,Deux véhicules - côté,,,,,,,,,,,5,2,1,5.0,3.0
201100032780,0011-01-05 20:40:00,11,1,5,20,40,490,99,"1, TURBAUDIERES (BOULEVA",47.04586,-0.89543,Nuit avec éclairage allumé,En agglomération,Intersection en X,Pluie légère,Deux véhicules - côté,,,,,,,,,,,5,2,2,2.0,3.0
201100032781,0011-01-10 13:30:00,11,1,10,13,30,490,99,"26, CHOUTEAU (BOULEVARD",47.06728,-0.8873,Plein jour,En agglomération,Intersection en T,Pluie forte,Autre collision,,,,,,,,,,,1,2,3,3.0,6.0
201100032782,0011-01-12 19:17:00,11,1,12,19,17,490,99,"1, RD160",47.04918,-0.87328,Nuit avec éclairage allumé,En agglomération,Giratoire,Pluie légère,Deux véhicules - côté,,,,,,,,,,,5,2,6,2.0,3.0
201100032783,0011-01-20 00:35:00,11,1,20,0,35,490,99,RN 249,47.06436,-0.92839,Nuit avec éclairage non allumé,En agglomération,Hors intersection,Normale,Autre collision,,,,,,,,,,,4,2,1,1.0,6.0
201100032784,0011-01-25 13:35:00,11,1,25,13,35,490,99,RD 13,47.07088,-0.90169,Plein jour,En agglomération,Hors intersection,Normale,Deux véhicules - arrière,,,,,,,,,,,1,2,1,1.0,2.0
201100032785,0011-01-25 16:35:00,11,1,25,16,35,490,99,"18, NATIONALE (RUE)",47.0613,-0.87344,Plein jour,En agglomération,Hors intersection,Normale,Autre collision,,,,,,,,,,,1,2,1,1.0,6.0
201100032786,0011-02-01 22:15:00,11,2,1,22,15,490,99,"15, PASTEUR (RUE LOUIS)",47.06249,-0.89201,Nuit avec éclairage allumé,En agglomération,Hors intersection,Pluie légère,Autre collision,,,,,,,,,,,5,2,1,2.0,6.0
201100032787,0011-02-03 18:30:00,11,2,3,18,30,490,99,"17, BAZIN (RUE RENE)",47.05147,-0.8822,Plein jour,En agglomération,Intersection en X,Normale,Deux véhicules - côté,,,,,,,,,,,1,2,2,1.0,3.0
201100032788,0011-02-04 18:05:00,11,2,4,18,5,490,99,"46, NAPOLEON BONAPARTE (",47.04677,-0.89458,Crépuscule ou aube,En agglomération,Hors intersection,Normale,Autre collision,,,,,,,,,,,2,2,1,1.0,6.0
201100032789,0011-02-06 20:55:00,11,2,6,20,55,490,99,RD 20,47.04699,-0.82865,Nuit avec éclairage allumé,Hors agglomération,Intersection en X,Normale,Deux véhicules - côté,,,,,,,,,,,5,1,2,1.0,3.0
201100032790,0011-02-14 13:30:00,11,2,14,13,30,490,99,"25, LIBERATION (AVENUE D",47.05372,-0.88142,Plein jour,En agglomération,Hors intersection,Normale,Autre collision,,,,,,,,,,,1,2,1,1.0,6.0
201100032791,0011-02-17 14:48:00,11,2,17,14,48,490,99,"36, CARNOT (RUE SADI)",47.0616,-0.86954,Plein jour,En agglomération,Hors intersection,Normale,Deux véhicules - côté,,,,,,,,,,,1,2,1,1.0,3.0
201100032792,0011-02-24 12:25:00,11,2,24,12,25,490,99,"73, OISILLONNETTE (RUE D",47.06569,-0.87503,Plein jour,En agglomération,Autre intersection,Normale,Deux véhicules - arrière,,,,,,,,,,,1,2,9,1.0,2.0
201100032793,0011-02-25 16:25:00,11,2,25,16,25,490,99,"3, SAINT MALO (SQUARE)",47.06599,-0.89639,Plein jour,En agglomération,Hors intersection,Normale,Sans collision,,,,,,,,,,,1,2,1,1.0,7.0
201100032794,0011-03-08 20:50:00,11,3,8,20,50,490,99,ABREUVOIR (RUE DE),47.05832,-0.88318,Nuit avec éclairage allumé,En agglomération,Intersection en X,Normale,Deux véhicules - côté,,,,,,,,,,,5,2,2,1.0,3.0
201100032795,0011-03-11 17:50:00,11,3,11,17,50,490,99,"134, GIRARDIERE (RUE DE",47.04295,-0.90037,Plein jour,En agglomération,Giratoire,Normale,Deux véhicules - côté,,,,,,,,,,,1,2,6,1.0,3.0
201100032796,0011-03-23 22:05:00,11,3,23,22,5,490,99,"204, LORRAINE (RUE DE)",47.05431,-0.85777,Nuit avec éclairage allumé,En agglomération,Hors intersection,Normale,Deux véhicules - côté,,,,,,,,,,,5,2,1,1.0,3.0
201100032797,0011-03-25 11:45:00,11,3,25,11,45,490,99,RD 13,47.06929,-0.8531,Plein jour,En agglomération,Giratoire,Normale,Deux véhicules - côté,,,,,,,,,,,1,2,6,1.0,3.0
201100032798,0011-03-25 18:00:00,11,3,25,18,0,490,99,RD160,47.04453,-0.89689,Plein jour,En agglomération,Hors intersection,Normale,Deux véhicules - arrière,,,,,,,,,,,1,2,1,1.0,2.0
201100032799,0011-03-29 15:45:00,11,3,29,15,45,490,99,KENNEDY (AVENUE DU PRESI,47.04723,-0.89127,Plein jour,En agglomération,Hors intersection,Normale,Deux véhicules - côté,,,,,,,,,,,1,2,1,1.0,3.0
201100032800,0011-04-09 16:50:00,11,4,9,16,50,490,99,RD 752,46.99043,-0.89027,Plein jour,En agglomération,Hors intersection,Normale,Sans collision,,,,,,,,,,,1,2,1,1.0,7.0
201100032801,0011-04-10 15:55:00,11,4,10,15,55,490,99,VC 7 (rue de la valliere,47.07656,-0.84866,Plein jour,En agglomération,Hors intersection,Normale,Autre collision,,,,,,,,,,,1,2,1,1.0,6.0
201100032802,0011-04-15 17:35:00,11,4,15,17,35,490,99,"1, MARENGO (RUE DE)",47.04213,-0.89872,Plein jour,En agglomération,Giratoire,Normale,Deux véhicules - côté,,,,,,,,,,,1,2,6,1.0,3.0
201100032803,0011-04-17 18:50:00,11,4,17,18,50,490,99,"61, MAINDRON (RUE)",47.05926,-0.88703,Plein jour,En agglomération,Hors intersection,Normale,Autre collision,,,,,,,,,,,1,2,1,1.0,6.0
201100032804,0011-04-20 12:20:00,11,4,20,12,20,490,99,LORRAINE (RUE DE),47.05881,-0.86625,Plein jour,En agglomération,Intersection en X,Normale,Deux véhicules - côté,,,,,,,,,,,1,2,2,1.0,3.0
201100032805,0011-04-28 16:45:00,11,4,28,16,45,490,99,RN 249,47.04079,-0.90957,Plein jour,En agglomération,Hors intersection,Normale,Trois véhicules et plus - collisions multiples,,,,,,,,,,,1,2,1,1.0,5.0
201100032806,0011-04-29 16:50:00,11,4,29,16,50,490,99,JUIN (Bd DU MARECHAL),47.04404,-0.8874,Plein jour,En agglomération,Hors intersection,Normale,Deux véhicules - côté,,,,,,,,,,,1,2,1,1.0,3.0
201100032807,0011-04-30 16:00:00,11,4,30,16,0,490,99,VC 15 (rue d'alembert),47.04851,-0.91791,Plein jour,Hors agglomération,Intersection en Y,Normale,Deux véhicules - côté,,,,,,,,,,,1,1,4,1.0,3.0
201100032808,0011-05-03 14:15:00,11,5,3,14,15,490,99,RN 249,47.04076,-0.90954,Plein jour,Hors agglomération,Hors intersection,Normale,Deux véhicules - frontale,,,,,,,,,,,1,1,1,1.0,1.0
201100032809,0011-05-02 18:10:00,11,5,2,18,10,490,99,"33, DELHUMEAU PLESSIS (B",47.05666,-0.87754,Plein jour,En agglomération,Hors intersection,Normale,Deux véhicules - côté,,,,,,,,,,,1,2,1,1.0,3.0
201100032810,0011-05-04 20:16:00,11,5,4,20,16,490,99,"33, LIBERATION (AVENUE D",47.0531,-0.88211,Plein jour,En agglomération,Hors intersection,Normale,Autre collision,,,,,,,,,,,1,2,1,1.0,6.0
201100032811,0011-05-18 09:25:00,11,5,18,9,25,490,99,"5, HOLLANDE (RUE DE LA)",47.06002,-0.87122,Plein jour,En agglomération,Hors intersection,Normale,Autre collision,,,,,,,,,,,1,2,1,1.0,6.0
201100032812,0011-05-20 14:20:00,11,5,20,14,20,490,99,Bd Pierre de COUBERTIN,47.04937,-0.87298,Plein jour,En agglomération,Hors intersection,Normale,Autre collision,,,,,,,,,,,1,2,1,1.0,6.0
201100032813,0011-05-24 18:50:00,11,5,24,18,50,490,99,24 all VILLEBOIS MAREUIL,47.05528,-0.89076,Plein jour,En agglomération,Intersection en T,Normale,Deux véhicules - côté,,,,,,,,,,,1,2,3,1.0,3.0
201100032814,0011-05-24 19:35:00,11,5,24,19,35,490,99,"19, Av RICHARDIERE",47.04526,-0.87674,Plein jour,En agglomération,Hors intersection,Normale,Deux véhicules - côté,,,,,,,,,,,1,2,1,1.0,3.0
201100032815,0011-05-27 05:25:00,11,5,27,5,25,490,99,"13, Bd Gustave RICHARD",47.06268,-0.88073,Nuit avec éclairage allumé,En agglomération,Hors intersection,Normale,Autre collision,,,,,,,,,,,5,2,1,1.0,6.0
201100032816,0011-05-31 12:00:00,11,5,31,12,0,490,99,"65, DELHUMEAU PLESSIS (B",47.05464,-0.87577,Plein jour,En agglomération,Hors intersection,Normale,Autre collision,,,,,,,,,,,1,2,1,1.0,6.0
201100032817,0011-06-07 16:55:00,11,6,7,16,55,490,99,"1, TROIS PROVINCES (AVEN",47.06014,-0.93308,Plein jour,En agglomération,Hors intersection,Normale,Deux véhicules - côté,,,,,,,,,,,1,2,1,1.0,3.0
201100032818,0011-06-11 22:10:00,11,6,11,22,10,490,99,DOMREMY (RUE DE),47.05971,-0.84947,Nuit avec éclairage allumé,En agglomération,Hors intersection,Normale,Autre collision,,,,,,,,,,,5,2,1,1.0,6.0
201100032819,0011-06-14 15:50:00,11,6,14,15,50,490,99,BOIS LAVAU (Bd des),47.07572,-0.88916,Plein jour,En agglomération,Hors intersection,Normale,Autre collision,,,,,,,,,,,1,2,1,1.0,6.0
201100032820,0011-06-14 16:45:00,11,6,14,16,45,490,99,LINBERGH (RUE CHARLES),47.07612,-0.88226,Plein jour,Hors agglomération,Intersection en T,Normale,Deux véhicules - côté,,,,,,,,,,,1,1,3,1.0,3.0
201100032821,0011-06-14 21:30:00,11,6,14,21,30,490,99,"23, JAURES (RUE JEAN)",47.06315,-0.88496,Plein jour,En agglomération,Intersection en Y,Normale,Deux véhicules - côté,,,,,,,,,,,1,2,4,1.0,3.0
201100032822,0011-06-15 16:50:00,11,6,15,16,50,490,99,MAINE (BOULEVARD DU),47.07364,-0.86765,Plein jour,En agglomération,Intersection en T,Normale,Deux véhicules - arrière,,,,,,,,,,,1,2,3,1.0,2.0
201100032823,0011-06-16 18:45:00,11,6,16,18,45,490,99,"102, PARADIS (RUE DU)",47.06426,-0.87082,Plein jour,En agglomération,Hors intersection,Normale,Deux véhicules - arrière,,,,,,,,,,,1,2,1,1.0,2.0
201100032824,0011-06-17 17:45:00,11,6,17,17,45,490,99,"16, ARCOLE (RUE D')",47.04575,-0.89961,Plein jour,En agglomération,Giratoire,Pluie légère,Deux véhicules - frontale,,,,,,,,,,,1,2,6,2.0,1.0
201100032825,0011-06-22 17:55:00,11,6,22,17,55,490,99,VC 5,47.08155,-0.88351,Plein jour,En agglomération,Intersection en X,Normale,Deux véhicules - côté,,,,,,,,,,,1,2,2,1.0,3.0
201100032826,0011-06-26 18:47:00,11,6,26,18,47,490,99,CORDELIERS (AVENUE DES),47.05797,-0.88516,Plein jour,En agglomération,Hors intersection,Normale,Deux véhicules - arrière,,,,,,,,,,,1,2,1,1.0,2.0
201100032827,0011-07-13 17:15:00,11,7,13,17,15,490,99,RN 249,47.03036,-0.89444,Plein jour,En agglomération,Hors intersection,Normale,Autre collision,,,,,,,,,,,1,2,1,1.0,6.0
201100032828,0011-07-14 22:30:00,11,7,14,22,30,490,99,VC 4,47.04922,-0.91228,Nuit sans éclairage public,Hors agglomération,Hors intersection,Normale,Autre collision,,,,,,,,,,,3,1,1,1.0,6.0
201100032829,0011-07-24 11:40:00,11,7,24,11,40,490,99,"26, CALINS (AVENUE DES)",47.06062,-0.87214,Plein jour,En agglomération,Hors intersection,Normale,Autre collision,,,,,,,,,,,1,2,1,1.0,6.0
201100032830,0011-08-06 21:35:00,11,8,6,21,35,490,99,"17, SOURCES (RUE DES)",47.05815,-0.90318,Crépuscule ou aube,En agglomération,Hors intersection,Pluie légère,Autre collision,,,,,,,,,,,2,2,1,2.0,6.0
201100032831,0011-08-09 01:25:00,11,8,9,1,25,490,99,JUIN (BOULEVARD DU MAREC,47.04421,-0.89155,Nuit avec éclairage allumé,En agglomération,Hors intersection,Normale,Autre collision,,,,,,,,,,,5,2,1,1.0,6.0
201100032832,0011-08-12 09:10:00,11,8,12,9,10,490,99,"6, CAUCHY (AVENUE MARCEL",47.06878,-0.89708,Plein jour,En agglomération,Intersection en T,Normale,Deux véhicules - côté,,,,,,,,,,,1,2,3,1.0,3.0
201100032833,0011-08-22 12:33:00,11,8,22,12,33,490,99,"26, GAMBETTA (Av LEON)",47.06328,-0.87384,Plein jour,En agglomération,Intersection en T,Normale,Deux véhicules - côté,,,,,,,,,,,1,2,3,1.0,3.0
201100032834,0011-08-26 12:25:00,11,8,26,12,25,490,99,"104, CHOUTEAU (BOULEVARD",47.06705,-0.89063,Plein jour,En agglomération,Hors intersection,Normale,Deux véhicules - côté,,,,,,,,,,,1,2,1,1.0,3.0
201100032835,0011-08-31 00:35:00,11,8,31,0,35,490,99,RONTARDIERE (BD DE LA),47.06029,-0.85107,Nuit avec éclairage allumé,En agglomération,Hors intersection,Normale,Sans collision,,,,,,,,,,,5,2,1,1.0,7.0
201100032836,0011-08-31 11:20:00,11,8,31,11,20,490,99,RD 157,46.99466,-0.9102,Plein jour,Hors agglomération,Hors intersection,Normale,Deux véhicules - côté,,,,,,,,,,,1,1,1,1.0,3.0
201100032837,0011-09-01 17:50:00,11,9,1,17,50,490,99,EUROPE (AVENUE DE L'),47.04846,-0.88512,Plein jour,En agglomération,Intersection en T,Normale,Autre collision,,,,,,,,,,,1,2,3,1.0,6.0
201100032838,0011-09-04 17:20:00,11,9,4,17,20,490,99,RD160,47.07797,-0.83464,Plein jour,Hors agglomération,Hors intersection,Normale,Autre collision,,,,,,,,,,,1,1,1,1.0,6.0
201100032839,0011-09-09 13:00:00,11,9,9,13,0,490,99,RN 249,47.04076,-0.90957,Plein jour,En agglomération,Hors intersection,Normale,Trois véhicules et plus - en chaîne,,,,,,,,,,,1,2,1,1.0,4.0
201100032840,0011-09-11 11:30:00,11,9,11,11,30,490,99,45 bis rue de la SOMME,47.05875,-0.86134,Plein jour,En agglomération,Hors intersection,Normale,Autre collision,,,,,,,,,,,1,2,1,1.0,6.0
201100032841,0011-09-18 00:41:00,11,9,18,0,41,490,99,LECOQ (BOULEVARD PIERRE),47.04959,-0.86231,Nuit avec éclairage allumé,En agglomération,Hors intersection,Normale,Autre collision,,,,,,,,,,,5,2,1,1.0,6.0
201100032842,0011-09-20 07:55:00,11,9,20,7,55,490,99,Bd de la VICTOIRE,47.05755,-0.87651,Crépuscule ou aube,En agglomération,Hors intersection,Normale,Deux véhicules - côté,,,,,,,,,,,2,2,1,1.0,3.0
201100032843,0011-09-28 12:35:00,11,9,28,12,35,490,99,DENIA (PLACE DE),47.03718,-0.90499,Plein jour,En agglomération,Giratoire,Normale,Deux véhicules - arrière,,,,,,,,,,,1,2,6,1.0,2.0
201100032844,0011-10-02 12:10:00,11,10,2,12,10,490,99,107 Av de BEAUPREAU,47.07456,-0.9006,Plein jour,En agglomération,Hors intersection,Normale,Autre collision,,,,,,,,,,,1,2,1,1.0,6.0
201100032845,0011-10-18 18:00:00,11,10,18,18,0,490,99,ORFEVRES (RUE DES),47.04803,-0.8991,Crépuscule ou aube,En agglomération,Intersection en X,Normale,Autre collision,,,,,,,,,,,2,2,2,1.0,6.0
201100032846,0011-11-10 00:35:00,11,11,10,0,35,490,99,25 bis DELHUMEAU PLESSIS,47.05695,-0.87805,Nuit avec éclairage allumé,En agglomération,Hors intersection,Normale,Autre collision,,,,,,,,,,,5,2,1,1.0,6.0
201100032847,0011-11-12 21:00:00,11,11,12,21,0,490,99,4 Bd du Marechal JOFFRE,47.06753,-0.88171,Crépuscule ou aube,En agglomération,Hors intersection,Normale,Autre collision,,,,,,,,,,,2,2,1,1.0,6.0
201100032848,0011-11-14 15:20:00,11,11,14,15,20,490,99,63 Rue NATIONALE,47.06212,-0.8766,Plein jour,En agglomération,Hors intersection,Normale,Autre collision,,,,,,,,,,,1,2,1,1.0,6.0
201100032849,0011-12-02 11:30:00,11,12,2,11,30,490,99,"42, MONDEMENT(RUE DE)",47.06398,-0.88109,Plein jour,En agglomération,Intersection en T,Normale,Deux véhicules - frontale,,,,,,,,,,,1,2,3,1.0,1.0
201100032850,0011-12-03 19:20:00,11,12,3,19,20,490,99,27 Av Edmond MICHELET,47.07264,-0.84606,Crépuscule ou aube,En agglomération,Hors intersection,Temps couvert,Trois véhicules et plus - collisions multiples,,,,,,,,,,,2,2,1,8.0,5.0
201100032851,0011-12-07 07:25:00,11,12,7,7,25,490,99,"4, RD160",47.06029,-0.85107,Crépuscule ou aube,En agglomération,Hors intersection,Pluie légère,Deux véhicules - côté,,,,,,,,,,,2,2,1,2.0,3.0
201100032852,0011-12-08 18:45:00,11,12,8,18,45,490,99,Bd des TURBAUDIERES,47.05063,-0.89872,Nuit avec éclairage allumé,En agglomération,Hors intersection,Pluie légère,Autre collision,,,,,,,,,,,5,2,1,2.0,6.0
201100032853,0011-12-13 07:10:00,11,12,13,7,10,490,99,11 Rue de HOTEL DE VILLE,47.05788,-0.87934,Nuit avec éclairage allumé,En agglomération,Intersection en T,Pluie forte,Autre collision,,,,,,,,,,,5,2,3,3.0,6.0
201100032854,0011-12-29 16:35:00,11,12,29,16,35,490,99,GIBOUIN (RUE AUGUSTE),47.03737,-0.8871,Plein jour,En agglomération,Hors intersection,Temps éblouissant,Deux véhicules - frontale,,,,,,,,,,,1,2,1,7.0,1.0
201100032855,0011-12-31 19:15:00,11,12,31,19,15,490,99,"24, VENDEE (RUE DE LA )",47.05603,-0.88884,Nuit avec éclairage allumé,En agglomération,Hors intersection,Pluie légère,Autre collision,,,,,,,,,,,5,2,1,2.0,6.0
201100032856,0011-01-05 13:00:00,11,1,5,13,0,490,328,"SANS, BRIAND (RUE ARISTI",47.26629,-0.0754,Plein jour,En agglomération,Hors intersection,Normale,Autre collision,,,,,,,,,,,1,2,1,1.0,6.0
201100032857,0011-01-06 18:10:00,11,1,6,18,10,490,328,"sans, ROUEN (RUE DE)",47.27484,-0.0611,Nuit sans éclairage public,En agglomération,Giratoire,Pluie légère,Deux véhicules - côté,,,,,,,,,,,3,2,6,2.0,3.0
201100032858,0011-01-14 15:50:00,11,1,14,15,50,490,328,"sans, AUBRIERES (RUE DES",47.2534,-0.10962,Plein jour,En agglomération,Hors intersection,Normale,Autre collision,,,,,,,,,,,1,2,1,1.0,6.0
201100032859,0011-02-03 16:40:00,11,2,3,16,40,490,328,MONTSOREAU (ROUTE DE),47.24246,-0.0281,Plein jour,En agglomération,Hors intersection,Normale,Deux véhicules - arrière,,,,,,,,,,,1,2,1,1.0,2.0
201100032860,0011-02-07 11:15:00,11,2,7,11,15,490,328,"sans, DELESSERT (BOULEVA",47.25602,-0.08727,Plein jour,En agglomération,Hors intersection,Normale,Autre collision,,,,,,,,,,,1,2,1,1.0,6.0
201100032861,0011-02-15 17:00:00,11,2,15,17,0,490,328,DU PETIT CAPORAL (IMP),47.27025,-0.0662,Plein jour,En agglomération,Intersection en X,Temps couvert,Deux véhicules - côté,,,,,,,,,,,1,2,2,8.0,3.0
201100032862,0011-02-16 16:05:00,11,2,16,16,5,490,328,LUCIEN GAUTHIER (QUAI),47.25905,-0.07265,Plein jour,En agglomération,Giratoire,Normale,Deux véhicules - côté,,,,,,,,,,,1,2,6,1.0,3.0
201100032863,0011-02-18 08:10:00,11,2,18,8,10,490,328,DELESSERT (BD),47.25989,-0.089,Crépuscule ou aube,En agglomération,Giratoire,Brouillard / fumée,Sans collision,,,,,,,,,,,2,2,6,5.0,7.0
201100032864,0011-02-20 02:10:00,11,2,20,2,10,490,328,"85, MABILEAU (RUE RENE)",47.25427,-0.09124,Nuit avec éclairage non allumé,En agglomération,Hors intersection,Normale,Autre collision,,,,,,,,,,,4,2,1,1.0,6.0
201100032865,0011-02-27 10:55:00,11,2,27,10,55,490,328,TOURS (ROUTE DE),47.264,-0.05872,Plein jour,En agglomération,Hors intersection,Normale,Deux véhicules - côté,,,,,,,,,,,1,2,1,1.0,3.0
201100032866,0011-03-03 18:25:00,11,3,3,18,25,490,328,"sans, HOCHE (RUE)",47.25309,-0.08039,Plein jour,En agglomération,Giratoire,Normale,Deux véhicules - côté,,,,,,,,,,,1,2,6,1.0,3.0
201100032867,0011-03-04 09:00:00,11,3,4,9,0,490,328,"sans, MONTESQUIEU (ROND-",47.25905,-0.07264,Plein jour,En agglomération,Giratoire,Normale,Autre collision,,,,,,,,,,,1,2,6,1.0,6.0
201100032868,0011-03-02 23:50:00,11,3,2,23,50,490,328,DE LA MARNE (Bd),47.24537,-0.07924,Nuit sans éclairage public,Hors agglomération,Hors intersection,Normale,Deux véhicules - frontale,,,,,,,,,,,3,1,1,1.0,1.0
201100032869,0011-03-05 21:55:00,11,3,5,21,55,490,328,CADRE NOIR (PONT DU),47.27109,-0.08423,Nuit sans éclairage public,Hors agglomération,Hors intersection,Normale,Sans collision,,,,,,,,,,,3,1,1,1.0,7.0
201100032870,0011-03-06 03:10:00,11,3,6,3,10,490,328,"sans, CHAMPIGNY (ROUTE D",47.24379,-0.04849,Nuit sans éclairage public,En agglomération,Hors intersection,Normale,Sans collision,,,,,,,,,,,3,2,1,1.0,7.0
201100032871,0011-03-10 16:20:00,11,3,10,16,20,490,328,"sans, PEUPLERAIES (ALLEE",47.24704,-0.08783,Plein jour,En agglomération,Hors intersection,Normale,Sans collision,,,,,,,,,,,1,2,1,1.0,7.0
201100032872,0011-03-12 14:40:00,11,3,12,14,40,490,328,"sans, MORTINS (Route des",47.27219,-0.12787,Plein jour,Hors agglomération,Intersection en X,Pluie légère,Deux véhicules - côté,,,,,,,,,,,1,1,2,2.0,3.0
201100032873,0011-03-15 17:15:00,11,3,15,17,15,490,328,CADRE NOIR (PONT DU),47.27061,-0.085,Plein jour,Hors agglomération,Hors intersection,Normale,Deux véhicules - arrière,,,,,,,,,,,1,1,1,1.0,2.0
201100032874,0011-03-15 17:40:00,11,3,15,17,40,490,328,VIEUX VIVY (ROUTE DU),47.28212,-0.06977,Plein jour,Hors agglomération,Hors intersection,Normale,Sans collision,,,,,,,,,,,1,1,1,1.0,7.0
201100032875,0011-03-16 16:35:00,11,3,16,16,35,490,328,"sans, BALZAC (AVENUE)",47.25203,-0.08015,Plein jour,En agglomération,Intersection en T,Normale,Deux véhicules - côté,,,,,,,,,,,1,2,3,1.0,3.0
201100032876,0011-03-18 11:05:00,11,3,18,11,5,490,328,"63, BOUMOIS (RUE DE)",47.28255,-0.08809,Plein jour,En agglomération,Hors intersection,Normale,Sans collision,,,,,,,,,,,1,2,1,1.0,7.0
201100032877,0011-03-23 14:10:00,11,3,23,14,10,490,328,"125, VENDANGES (RUE DES)",47.24704,-0.06835,Plein jour,En agglomération,Hors intersection,Normale,Sans collision,,,,,,,,,,,1,2,1,1.0,7.0
201100032878,0011-03-26 06:20:00,11,3,26,6,20,490,328,ROCADE RD 347,47.25355,-0.10045,Crépuscule ou aube,Hors agglomération,Hors intersection,Normale,Sans collision,,,,,,,,,,,2,1,1,1.0,7.0
201100032879,0011-03-26 10:30:00,11,3,26,10,30,490,328,ROCADE RD 347,47.25744,-0.09808,Plein jour,Hors agglomération,Hors intersection,Normale,Sans collision,,,,,,,,,,,1,1,1,1.0,7.0
201100032880,0011-03-31 11:00:00,11,3,31,11,0,490,328,"SANS, CHAMPIGNY (ROUTE D",47.24654,-0.05301,Plein jour,Hors agglomération,Hors intersection,Pluie légère,Sans collision,,,,,,,,,,,1,1,1,2.0,7.0
201100032881,0011-03-31 17:20:00,11,3,31,17,20,490,328,"sans, MONTESQUIEU (RUE)",47.47279,-0.58236,Plein jour,En agglomération,Hors intersection,Normale,Deux véhicules - côté,,,,,,,,,,,1,2,1,1.0,3.0
201100032882,0011-04-09 19:20:00,11,4,9,19,20,490,328,LUCIEN GAUTHIER (QUAI),47.26024,-0.07478,Plein jour,En agglomération,Hors intersection,Normale,Deux véhicules - arrière,,,,,,,,,,,1,2,1,1.0,2.0
201100032883,0011-04-12 20:05:00,11,4,12,20,5,490,328,CHAMPIGNY (ROUTE DE),47.2414,-0.04588,Nuit sans éclairage public,Hors agglomération,Hors intersection,Normale,Sans collision,,,,,,,,,,,3,1,1,1.0,7.0
201100032884,0011-04-12 23:25:00,11,4,12,23,25,490,328,ECURIES (RUE DES),47.26486,-0.08583,Nuit sans éclairage public,En agglomération,Hors intersection,Normale,Sans collision,,,,,,,,,,,3,2,1,1.0,7.0
201100032885,0011-04-14 10:50:00,11,4,14,10,50,490,328,DEMOISELLES (Bd des),47.28026,-0.06823,Plein jour,En agglomération,Intersection en T,Normale,Deux véhicules - côté,,,,,,,,,,,1,2,3,1.0,3.0
201100032886,0011-04-17 19:40:00,11,4,17,19,40,490,328,KLEBER (PLACE),47.26262,-0.0794,Plein jour,En agglomération,Intersection en X,Normale,Deux véhicules - côté,,,,,,,,,,,1,2,2,1.0,3.0