accident_id,datetime,annee,mois,jour,heure,minute,departement,commune_insee,adresse,latitude,longitude,luminosite,agglomeration,intersection,meteo,collision,nb_vehicules,nb_usagers,nb_indemnes,nb_tues,nb_blesses_hosp,nb_blesses_legers,age_cond_1,age_cond_2,veh_type_cond_1,veh_type_cond_2,lum_code,agg_code,int_code,atm_code,col_code
201100033007,0011-02-08 14:20:00,11,2,8,14,20,500,203,"00, de la Banque à Genet",,,Plein jour,En agglomération,Giratoire,Normale,Sans collision,,,,,,,,,,,1,2,6,1.0,7.0
201100033008,0011-02-10 18:15:00,11,2,10,18,15,500,173,"0, MER (Bld de la )",,,Nuit avec éclairage allumé,En agglomération,Hors intersection,Pluie forte,Deux véhicules - frontale,,,,,,,,,,,5,2,1,3.0,1.0
201100033009,0011-02-14 17:35:00,11,2,14,17,35,500,129,"0, VAL DE SAIRE (RUE DU)",,,Crépuscule ou aube,En agglomération,Intersection en T,Pluie forte,Deux véhicules - arrière,,,,,,,,,,,2,2,3,3.0,2.0
201100033010,0011-02-16 18:00:00,11,2,16,18,0,500,129,"00, LIAIS (RUE EMMANUEL)",,,Plein jour,En agglomération,Intersection en X,Normale,Deux véhicules - arrière,,,,,,,,,,,1,2,2,1.0,2.0
201100033011,0011-02-18 22:50:00,11,2,18,22,50,500,129,"0, CESSART (AVENUE DE)",,,Nuit avec éclairage allumé,En agglomération,Hors intersection,Normale,Autre collision,,,,,,,,,,,5,2,1,1.0,6.0
201100033012,0011-02-19 10:15:00,11,2,19,10,15,500,173,"00, SALINE (BOULEVARD DE",,,Plein jour,En agglomération,Intersection en X,Normale,Sans collision,,,,,,,,,,,1,2,2,1.0,7.0
201100033013,0011-02-23 11:45:00,11,2,23,11,45,500,173,"26, LAGRANGE (RUE LEO)",,,Plein jour,En agglomération,Hors intersection,Pluie légère,Deux véhicules - frontale,,,,,,,,,,,1,2,1,2.0,1.0
201100033014,0011-02-23 12:00:00,11,2,23,12,0,500,203,"577, BLUM (RUE LEON)",,,Plein jour,En agglomération,Hors intersection,Pluie légère,Trois véhicules et plus - en chaîne,,,,,,,,,,,1,2,1,2.0,4.0
201100033015,0011-03-01 18:35:00,11,3,1,18,35,500,129,"0, ABBAYE (RUE DE L')",,,Crépuscule ou aube,En agglomération,Intersection en T,Temps couvert,Sans collision,,,,,,,,,,,2,2,3,8.0,7.0
201100033016,0011-03-08 08:05:00,11,3,8,8,5,500,129,"00, CALIGNY (QUAI DE)",,,Plein jour,En agglomération,Hors intersection,Normale,Sans collision,,,,,,,,,,,1,2,1,1.0,7.0
201100033017,0011-03-09 17:10:00,11,3,9,17,10,500,129,"0, CESSART (AVENUE DE)",,,Plein jour,En agglomération,Hors intersection,Normale,Sans collision,,,,,,,,,,,1,2,1,1.0,7.0
201100033018,0011-03-12 20:20:00,11,3,12,20,20,500,129,"48, VAL DE SAIRE (RUE DU",,,Nuit avec éclairage allumé,En agglomération,Intersection en T,Pluie légère,Deux véhicules - frontale,,,,,,,,,,,5,2,3,2.0,1.0
201100033019,0011-03-19 22:15:00,11,3,19,22,15,500,129,"48, LAVIEILLE (RUE FRANC",,,Nuit avec éclairage allumé,En agglomération,Hors intersection,Normale,Deux véhicules - arrière,,,,,,,,,,,5,2,1,1.0,2.0
201100033020,0011-03-22 16:15:00,11,3,22,16,15,500,203,"00, PARC DES ACTIVITES",,,Plein jour,En agglomération,Intersection en X,Normale,Sans collision,,,,,,,,,,,1,2,2,1.0,7.0
201100033021,0011-03-23 14:00:00,11,3,23,14,0,500,129,"51, LIAIS (RUE EMMANUEL)",,,Plein jour,En agglomération,Hors intersection,Normale,Deux véhicules - arrière,,,,,,,,,,,1,2,1,1.0,2.0
201100033022,0011-03-25 11:15:00,11,3,25,11,15,500,129,"74, MENDES FRANCE (CONTR",,,Plein jour,En agglomération,Hors intersection,Normale,Sans collision,,,,,,,,,,,1,2,1,1.0,7.0
201100033023,0011-03-30 18:13:00,11,3,30,18,13,500,203,"0, LUCET (RUE)",,,Plein jour,En agglomération,Hors intersection,Pluie légère,Autre collision,,,,,,,,,,,1,2,1,2.0,6.0
201100033024,0011-03-30 12:25:00,11,3,30,12,25,500,129,"0, SCHMITT (AVENUE RENE)",,,Plein jour,En agglomération,Intersection en X,Normale,Deux véhicules - frontale,,,,,,,,,,,1,2,2,1.0,1.0
201100033025,0011-03-30 18:10:00,11,3,30,18,10,500,129,"00, MILLET (AVENUE JEAN-",,,Plein jour,En agglomération,Hors intersection,Pluie forte,Trois véhicules et plus - en chaîne,,,,,,,,,,,1,2,1,3.0,4.0
201100033026,0011-03-31 09:40:00,11,3,31,9,40,500,602,"00, ROND POINT DE PENESM",,,Plein jour,En agglomération,Giratoire,Pluie légère,Sans collision,,,,,,,,,,,1,2,6,2.0,7.0
201100033027,0011-03-31 15:35:00,11,3,31,15,35,500,602,"0, COUPLETS (ROUTE DES)",,,Plein jour,Hors agglomération,Hors intersection,Pluie légère,Autre collision,,,,,,,,,,,1,1,1,2.0,6.0
201100033028,0011-04-01 18:30:00,11,4,1,18,30,500,129,"00, MACONS (RUE DES)",,,Plein jour,En agglomération,Intersection en T,Normale,Sans collision,,,,,,,,,,,1,2,3,1.0,7.0
201100033029,0011-04-04 12:05:00,11,4,4,12,5,500,602,"77, CARNOT (RUE)",,,Plein jour,En agglomération,Intersection en T,Normale,Autre collision,,,,,,,,,,,1,2,3,1.0,6.0
201100033030,0011-04-06 15:45:00,11,4,6,15,45,500,129,"00, NAPOLEON (PLACE)",,,Plein jour,En agglomération,Intersection en T,Normale,Deux véhicules - arrière,,,,,,,,,,,1,2,3,1.0,2.0
201100033031,0011-04-07 07:55:00,11,4,7,7,55,500,129,"00, ABBAYE (RUE DE L')",,,Plein jour,En agglomération,Hors intersection,Normale,Trois véhicules et plus - collisions multiples,,,,,,,,,,,1,2,1,1.0,5.0
201100033032,0011-04-09 15:50:00,11,4,9,15,50,500,129,"00, FRANCOIS 1ER (PONT)",,,Plein jour,En agglomération,Hors intersection,Normale,Deux véhicules - côté,,,,,,,,,,,1,2,1,1.0,3.0
201100033033,0011-04-08 13:30:00,11,4,8,13,30,500,129,"00, VAL CAUCHIN (RUE DU)",,,Plein jour,En agglomération,Hors intersection,Normale,Autre collision,,,,,,,,,,,1,2,1,1.0,6.0
201100033034,0011-04-11 09:48:00,11,4,11,9,48,500,129,"00, LELEDIER (RUE)",,,Plein jour,En agglomération,Intersection en T,Normale,Autre collision,,,,,,,,,,,1,2,3,1.0,6.0
201100033035,0011-04-12 13:00:00,11,4,12,13,0,500,129,"00, BOURGOGNE (RUE DE)",,,Plein jour,En agglomération,Intersection en X,Normale,Deux véhicules - côté,,,,,,,,,,,1,2,2,1.0,3.0
201100033036,0011-04-13 16:24:00,11,4,13,16,24,500,129,"0, PONT TOURNANT",,,Plein jour,En agglomération,Hors intersection,Pluie légère,Autre collision,,,,,,,,,,,1,2,1,2.0,6.0
201100033037,0011-04-13 18:15:00,11,4,13,18,15,500,129,"0, ALEXANDRE III (QUAI)",,,Plein jour,En agglomération,Intersection en T,Temps couvert,Deux véhicules - arrière,,,,,,,,,,,1,2,3,8.0,2.0
201100033038,0011-04-15 16:15:00,11,4,15,16,15,500,602,"0, EAUX (CHASSE A)",,,Plein jour,En agglomération,Hors intersection,Normale,Deux véhicules - frontale,,,,,,,,,,,1,2,1,1.0,1.0
201100033039,0011-04-19 08:00:00,11,4,19,8,0,500,602,"0, CHASSE AUX LOUPS (RUE",,,Plein jour,En agglomération,Hors intersection,Normale,Autre collision,,,,,,,,,,,1,2,1,1.0,6.0
201100033040,0011-04-21 08:25:00,11,4,21,8,25,500,129,"40, SALENGRO (RUE ROGER)",,,Plein jour,En agglomération,Hors intersection,Normale,Autre collision,,,,,,,,,,,1,2,1,1.0,6.0
201100033041,0011-04-30 06:40:00,11,4,30,6,40,500,129,"0, FERRY (RUE JULES)",,,Nuit sans éclairage public,En agglomération,Hors intersection,Brouillard / fumée,Autre collision,,,,,,,,,,,3,2,1,5.0,6.0
201100033042,0011-05-01 16:35:00,11,5,1,16,35,500,602,"00, FLEMING (RUE)",,,Plein jour,En agglomération,Intersection en T,Normale,Sans collision,,,,,,,,,,,1,2,3,1.0,7.0
201100033043,0011-05-02 20:40:00,11,5,2,20,40,500,173,ARAGO (RUE),,,Crépuscule ou aube,En agglomération,Hors intersection,Normale,Autre collision,,,,,,,,,,,2,2,1,1.0,6.0
201100033044,0011-05-05 15:25:00,11,5,5,15,25,500,173,"00, SALINE (BOULEVARD DE",,,Plein jour,En agglomération,Intersection en T,Normale,Sans collision,,,,,,,,,,,1,2,3,1.0,7.0
201100033045,0011-05-08 19:20:00,11,5,8,19,20,500,602,"0, VAL CANU (RUE DU)",,,Plein jour,En agglomération,Intersection en Y,Normale,Deux véhicules - côté,,,,,,,,,,,1,2,4,1.0,3.0
201100033046,0011-05-11 17:35:00,11,5,11,17,35,500,129,"00, FERRY (RUE JULES)",,,Plein jour,Hors agglomération,Intersection en X,Normale,Deux véhicules - côté,,,,,,,,,,,1,1,2,1.0,3.0
201100033047,0011-05-11 18:30:00,11,5,11,18,30,500,173,"0, THIVET ( avenue du )",,,Plein jour,En agglomération,Intersection en X,Normale,Deux véhicules - côté,,,,,,,,,,,1,2,2,1.0,3.0
201100033048,0011-05-13 05:00:00,11,5,13,5,0,500,129,"00, TANNERIES (RUE DES)",,,Crépuscule ou aube,En agglomération,Intersection en X,Normale,Deux véhicules - côté,,,,,,,,,,,2,2,2,1.0,3.0
201100033049,0011-05-13 13:40:00,11,5,13,13,40,500,203,"0, ROUGES TERRES (LES)",,,Plein jour,En agglomération,Intersection en T,Normale,Deux véhicules - côté,,,,,,,,,,,1,2,3,1.0,3.0
201100033050,0011-05-13 18:45:00,11,5,13,18,45,500,173,"0, PAIX (RUE DE LA)",,,Plein jour,En agglomération,Hors intersection,Normale,Deux véhicules - arrière,,,,,,,,,,,1,2,1,1.0,2.0
201100033051,0011-05-14 13:10:00,11,5,14,13,10,500,129,"00, NORMANDIE (AVENUE)",,,Plein jour,En agglomération,Hors intersection,Normale,Deux véhicules - arrière,,,,,,,,,,,1,2,1,1.0,2.0
201100033052,0011-05-13 16:35:00,11,5,13,16,35,500,129,"102, POLLE (RUE DE LA)",,,Plein jour,En agglomération,Hors intersection,Normale,Sans collision,,,,,,,,,,,1,2,1,1.0,7.0
201100033053,0011-05-14 18:15:00,11,5,14,18,15,500,173,"0, Rue des Hauts Varengs",,,Plein jour,En agglomération,Hors intersection,Normale,Autre collision,,,,,,,,,,,1,2,1,1.0,6.0
201100033054,0011-05-16 18:40:00,11,5,16,18,40,500,203,"00, ROUGES TERRES (LES)",,,Plein jour,En agglomération,Intersection en T,Normale,Deux véhicules - côté,,,,,,,,,,,1,2,3,1.0,3.0
201100033055,0011-05-18 08:20:00,11,5,18,8,20,500,129,"00, TANNERIES (RUE DES)",,,Plein jour,En agglomération,Intersection en X,Normale,Deux véhicules - frontale,,,,,,,,,,,1,2,2,1.0,1.0
201100033056,0011-05-18 17:35:00,11,5,18,17,35,500,173,"0, GAMBETTA (RUE)",,,Plein jour,En agglomération,Hors intersection,Normale,Autre collision,,,,,,,,,,,1,2,1,1.0,6.0
201100033057,0011-05-19 09:55:00,11,5,19,9,55,500,129,"31, LECLERC (RUE DU MARE",,,Plein jour,En agglomération,Hors intersection,Normale,Autre collision,,,,,,,,,,,1,2,1,1.0,6.0
201100033058,0011-05-19 08:35:00,11,5,19,8,35,500,129,"109, VAL DE SAIRE (RUE D",,,Plein jour,En agglomération,Intersection en T,Normale,Sans collision,,,,,,,,,,,1,2,3,1.0,7.0
201100033059,0011-05-21 13:15:00,11,5,21,13,15,500,129,"138, ROUSSEAU (RUE WALDE",,,Plein jour,En agglomération,Intersection en T,Normale,Deux véhicules - côté,,,,,,,,,,,1,2,3,1.0,3.0
201100033060,0011-05-21 20:40:00,11,5,21,20,40,500,129,"0, MILLET (AVENUE JEAN-F",,,Plein jour,En agglomération,Hors intersection,Normale,Autre collision,,,,,,,,,,,1,2,1,1.0,6.0
201100033061,0011-05-23 12:05:00,11,5,23,12,5,500,203,"00, BLUM (RUE LEON)",,,Plein jour,En agglomération,Intersection en T,Normale,Sans collision,,,,,,,,,,,1,2,3,1.0,7.0
201100033062,0011-05-24 12:30:00,11,5,24,12,30,500,129,"0, ABBAYE (RUE DE L')",,,Plein jour,En agglomération,Intersection en T,Normale,Deux véhicules - arrière,,,,,,,,,,,1,2,3,1.0,2.0
201100033063,0011-05-25 07:50:00,11,5,25,7,50,500,129,"00, LECLERC (ROND POINT",,,Plein jour,En agglomération,Giratoire,Normale,Deux véhicules - côté,,,,,,,,,,,1,2,6,1.0,3.0
201100033064,0011-05-27 08:59:00,11,5,27,8,59,500,129,"00, ATLANTIQUE (BOULEVAR",,,Plein jour,En agglomération,Hors intersection,Normale,Deux véhicules - arrière,,,,,,,,,,,1,2,1,1.0,2.0
201100033065,0011-05-27 13:30:00,11,5,27,13,30,500,416,"00, HAGUE (BOULEVARD DE",,,Plein jour,En agglomération,Intersection en X,Normale,Sans collision,,,,,,,,,,,1,2,2,1.0,7.0
201100033066,0011-05-27 13:30:00,11,5,27,13,30,500,602,"00, LEMARESQUIER (RUE AU",,,Plein jour,En agglomération,Hors intersection,Normale,Sans collision,,,,,,,,,,,1,2,1,1.0,7.0
201100033067,0011-05-30 16:20:00,11,5,30,16,20,500,203,"10, LUCET (RUE)",,,Plein jour,En agglomération,Hors intersection,Pluie légère,Autre collision,,,,,,,,,,,1,2,1,2.0,6.0
201100033068,0011-06-02 12:35:00,11,6,2,12,35,500,173,"0, SALINE (BOULEVARD DE",,,Plein jour,En agglomération,Hors intersection,Normale,Deux véhicules - arrière,,,,,,,,,,,1,2,1,1.0,2.0
201100033069,0011-06-02 16:57:00,11,6,2,16,57,500,602,"685, NORTHEIM (AVENUE DE",,,Plein jour,En agglomération,Hors intersection,Normale,Trois véhicules et plus - collisions multiples,,,,,,,,,,,1,2,1,1.0,5.0
201100033070,0011-06-02 17:50:00,11,6,2,17,50,500,173,"0, MER (Bld de la )",,,Plein jour,En agglomération,Hors intersection,Normale,Trois véhicules et plus - en chaîne,,,,,,,,,,,1,2,1,1.0,4.0
201100033071,0011-06-05 12:25:00,11,6,5,12,25,500,129,"00, LANGUEDOC (RUE DU)",,,Plein jour,En agglomération,Hors intersection,Pluie légère,Sans collision,,,,,,,,,,,1,2,1,2.0,7.0
201100033072,0011-06-05 22:35:00,11,6,5,22,35,500,129,"0, CONQUERANT (BOULEVARD",,,Nuit avec éclairage allumé,En agglomération,Hors intersection,Pluie légère,Sans collision,,,,,,,,,,,5,2,1,2.0,7.0
201100033073,0011-05-28 18:00:00,11,5,28,18,0,500,173,PREVERT (AVENUE JACQUES),,,Plein jour,En agglomération,Hors intersection,Normale,Deux véhicules - frontale,,,,,,,,,,,1,2,1,1.0,1.0
201100033074,0011-06-10 14:40:00,11,6,10,14,40,500,129,"5, FOUGERES (CITE)",,,Plein jour,En agglomération,Hors intersection,Normale,Deux véhicules - frontale,,,,,,,,,,,1,2,1,1.0,1.0
201100033075,0011-06-10 21:15:00,11,6,10,21,15,500,203,"00, LUCET (RUE)",,,Plein jour,En agglomération,Hors intersection,Pluie légère,Sans collision,,,,,,,,,,,1,2,1,2.0,7.0
201100033076,0011-06-12 06:15:00,11,6,12,6,15,500,203,"0, AXE NORD SUD",,,Plein jour,Hors agglomération,Hors intersection,Temps couvert,Autre collision,,,,,,,,,,,1,1,1,8.0,6.0
201100033077,0011-06-13 19:35:00,11,6,13,19,35,500,602,"00, BRIAND (RUE ARISTIDE",,,Plein jour,En agglomération,Giratoire,Normale,Sans collision,,,,,,,,,,,1,2,6,1.0,7.0
201100033078,0011-06-15 14:00:00,11,6,15,14,0,500,173,"138/140, CARNOT (RUE)",,,Plein jour,En agglomération,Hors intersection,Normale,Autre collision,,,,,,,,,,,1,2,1,1.0,6.0
201100033079,0011-06-16 14:45:00,11,6,16,14,45,500,129,"0, ARTIMONT (QUAI D')",,,Plein jour,En agglomération,Hors intersection,Normale,Deux véhicules - côté,,,,,,,,,,,1,2,1,1.0,3.0
201100033080,0011-06-20 16:45:00,11,6,20,16,45,500,203,"32, TOULORGE LEFEVRE (RU",,,Plein jour,En agglomération,Hors intersection,Pluie légère,Autre collision,,,,,,,,,,,1,2,1,2.0,6.0
201100033081,0011-06-27 04:45:00,11,6,27,4,45,500,602,"00, COTENTIN (BOULEVARD",,,Nuit avec éclairage allumé,En agglomération,Intersection en X,Normale,Deux véhicules - côté,,,,,,,,,,,5,2,2,1.0,3.0
201100033082,0011-06-27 13:58:00,11,6,27,13,58,500,203,"00, ROUGES TERRES (LES)",,,Plein jour,En agglomération,Intersection en X,Normale,Trois véhicules et plus - en chaîne,,,,,,,,,,,1,2,2,1.0,4.0
201100033083,0011-06-28 14:35:00,11,6,28,14,35,500,602,"00, BOUIN (RUE JEAN)",,,Plein jour,En agglomération,Intersection en X,Normale,Deux véhicules - côté,,,,,,,,,,,1,2,2,1.0,3.0
201100033084,0011-06-29 12:20:00,11,6,29,12,20,500,173,"3, MOULIN (RUE JEAN)",,,Plein jour,En agglomération,Hors intersection,Normale,Autre collision,,,,,,,,,,,1,2,1,1.0,6.0
201100033085,0011-07-01 01:40:00,11,7,1,1,40,500,602,"14, MARITIME (BOULEVARD)",,,Nuit avec éclairage allumé,En agglomération,Hors intersection,Normale,Deux véhicules - arrière,,,,,,,,,,,5,2,1,1.0,2.0
201100033086,0011-07-04 23:20:00,11,7,4,23,20,500,602,"0, AXE NORD - SUD",,,Nuit sans éclairage public,Hors agglomération,Hors intersection,Normale,Deux véhicules - côté,,,,,,,,,,,3,1,1,1.0,3.0
201100033087,0011-07-01 14:45:00,11,7,1,14,45,500,173,"65, PAIX (RUE DE LA)",,,Plein jour,En agglomération,Hors intersection,Normale,Deux véhicules - arrière,,,,,,,,,,,1,2,1,1.0,2.0
201100033088,0011-07-02 06:45:00,11,7,2,6,45,500,203,"0, LANSONNEUR (RUE LOUIS",,,Plein jour,En agglomération,Hors intersection,Normale,Autre collision,,,,,,,,,,,1,2,1,1.0,6.0
201100033089,0011-07-05 06:25:00,11,7,5,6,25,500,129,"0, AMIOT (BOULEVARD FELI",,,Plein jour,En agglomération,Hors intersection,Normale,Autre collision,,,,,,,,,,,1,2,1,1.0,6.0
201100033090,0011-07-05 14:15:00,11,7,5,14,15,500,129,"0, NORMANDIE (AVENUE DE)",,,Plein jour,En agglomération,Hors intersection,Normale,Autre collision,,,,,,,,,,,1,2,1,1.0,6.0
201100033091,0011-07-06 08:00:00,11,7,6,8,0,500,129,"67, MACONS (RUE DES)",,,Plein jour,En agglomération,Hors intersection,Pluie légère,Autre collision,,,,,,,,,,,1,2,1,2.0,6.0
201100033092,0011-07-06 15:35:00,11,7,6,15,35,500,602,"0, CHASSE AUX LOUPS (RUE",,,Plein jour,En agglomération,Hors intersection,Normale,Autre collision,,,,,,,,,,,1,2,1,1.0,6.0
201100033093,0011-07-07 13:10:00,11,7,7,13,10,500,129,"0,             rond poin",,,Plein jour,En agglomération,Hors intersection,Pluie forte,Autre collision,,,,,,,,,,,1,2,1,3.0,6.0
201100033094,0011-07-13 16:20:00,11,7,13,16,20,500,602,"0, MANCHE (BOULEVARD DE",,,Plein jour,En agglomération,Hors intersection,Normale,Sans collision,,,,,,,,,,,1,2,1,1.0,7.0
201100033095,0011-07-16 16:15:00,11,7,16,16,15,500,129,"0, BOIS (RUE DU)",,,Plein jour,En agglomération,Intersection en X,Pluie légère,Deux véhicules - côté,,,,,,,,,,,1,2,2,2.0,3.0
201100033096,0011-07-19 17:55:00,11,7,19,17,55,500,173,"0, SALINE (BOULEVARD DE",,,Plein jour,En agglomération,Hors intersection,Normale,Trois véhicules et plus - en chaîne,,,,,,,,,,,1,2,1,1.0,4.0
201100033097,0011-07-20 15:00:00,11,7,20,15,0,500,129,"00,             rond poi",,,Plein jour,En agglomération,Giratoire,Pluie légère,Sans collision,,,,,,,,,,,1,2,6,2.0,7.0
201100033098,0011-07-20 20:50:00,11,7,20,20,50,500,129,"0, BRANLY (RUE EDOUARD)",,,Nuit avec éclairage allumé,En agglomération,Hors intersection,Pluie forte,Autre collision,,,,,,,,,,,5,2,1,3.0,6.0
201100033099,0011-07-26 07:05:00,11,7,26,7,5,500,203,"13, BERTIN (RUE DE L'ING",,,Plein jour,En agglomération,Hors intersection,Normale,Deux véhicules - frontale,,,,,,,,,,,1,2,1,1.0,1.0
201100033100,0011-07-28 07:15:00,11,7,28,7,15,500,129,"00, MILLET (AVENUE JEAN-",,,Plein jour,En agglomération,Hors intersection,Normale,Sans collision,,,,,,,,,,,1,2,1,1.0,7.0
201100033101,0011-07-29 17:20:00,11,7,29,17,20,500,203,"22, LUCET (RUE)",,,Plein jour,En agglomération,Hors intersection,Normale,Deux véhicules - arrière,,,,,,,,,,,1,2,1,1.0,2.0
201100033102,0011-07-30 20:00:00,11,7,30,20,0,500,129,"00, ATLANTIQUE (BOULEVAR",,,Plein jour,En agglomération,Intersection en X,Normale,Deux véhicules - arrière,,,,,,,,,,,1,2,2,1.0,2.0
201100033103,0011-08-06 07:25:00,11,8,6,7,25,500,203,"00, TOULORGE LEFEVRE (RU",,,Nuit sans éclairage public,En agglomération,Hors intersection,Normale,Sans collision,,,,,,,,,,,3,2,1,1.0,7.0
201100033104,0011-08-06 22:00:00,11,8,6,22,0,500,173,"117, GAMBETTA (RUE)",,,Nuit avec éclairage allumé,En agglomération,Intersection en X,Normale,Sans collision,,,,,,,,,,,5,2,2,1.0,7.0
201100033105,0011-08-12 10:05:00,11,8,12,10,5,500,129,"00, ENTREPOT (QUAI DE L'",,,Plein jour,En agglomération,Hors intersection,Pluie légère,Deux véhicules - frontale,,,,,,,,,,,1,2,1,2.0,1.0
201100033106,0011-08-13 20:55:00,11,8,13,20,55,500,129,"00,             rond poi",,,Crépuscule ou aube,En agglomération,Giratoire,Pluie légère,Sans collision,,,,,,,,,,,2,2,6,2.0,7.0
201100033107,0011-08-15 00:50:00,11,8,15,0,50,500,602,"00, ALLIES (RUE DES)",,,Nuit avec éclairage allumé,En agglomération,Giratoire,Normale,Sans collision,,,,,,,,,,,5,2,6,1.0,7.0
201100033108,0011-08-19 10:05:00,11,8,19,10,5,500,129,"00, SCHUMAN (BOULEVARD R",,,Plein jour,En agglomération,Intersection en T,Normale,Deux véhicules - arrière,,,,,,,,,,,1,2,3,1.0,2.0
201100033109,0011-08-23 08:20:00,11,8,23,8,20,500,203,"1168, ROUGES TERRES (LES",,,Crépuscule ou aube,En agglomération,Hors intersection,Pluie légère,Sans collision,,,,,,,,,,,2,2,1,2.0,7.0
201100033110,0011-08-25 20:35:00,11,8,25,20,35,500,129,"00, BARBUSSE (RUE HENRI)",,,Crépuscule ou aube,En agglomération,Intersection en T,Pluie légère,Deux véhicules - côté,,,,,,,,,,,2,2,3,2.0,3.0
201100033111,0011-08-31 10:40:00,11,8,31,10,40,500,129,"00, ABBAYE (RUE DE L')",,,Plein jour,En agglomération,Intersection en X,Normale,Deux véhicules - côté,,,,,,,,,,,1,2,2,1.0,3.0
201100033112,0011-09-03 12:20:00,11,9,3,12,20,500,173,"117, GAMBETTA (RUE)",,,Plein jour,En agglomération,Hors intersection,Normale,Autre collision,,,,,,,,,,,1,2,1,1.0,6.0
201100033113,0011-09-06 18:15:00,11,9,6,18,15,500,129,"00, THEMIS (ROND POINT D",,,Plein jour,En agglomération,Giratoire,Pluie forte,Sans collision,,,,,,,,,,,1,2,6,3.0,7.0
201100033114,0011-09-07 10:00:00,11,9,7,10,0,500,129,"27/29, FOUACE (RUE GUILL",,,Plein jour,En agglomération,Hors intersection,Normale,Autre collision,,,,,,,,,,,1,2,1,1.0,6.0
201100033115,0011-09-07 13:35:00,11,9,7,13,35,500,602,"00, RN 13",,,Plein jour,En agglomération,Hors intersection,Vent fort / tempête,Sans collision,,,,,,,,,,,1,2,1,6.0,7.0
201100033116,0011-09-08 17:05:00,11,9,8,17,5,500,129,"1, BREMERHAVEN (AVENUE D",,,Plein jour,En agglomération,Intersection en X,Pluie légère,Deux véhicules - frontale,,,,,,,,,,,1,2,2,2.0,1.0
201100033117,0011-09-09 08:20:00,11,9,9,8,20,500,602,"143, LECLERC (RUE DU GEN",,,Plein jour,En agglomération,Hors intersection,Normale,Autre collision,,,,,,,,,,,1,2,1,1.0,6.0
201100033118,0011-09-10 20:25:00,11,9,10,20,25,500,203,"51, LUCET (RUE)",,,Nuit avec éclairage allumé,En agglomération,Hors intersection,Normale,Autre collision,,,,,,,,,,,5,2,1,1.0,6.0
201100033119,0011-09-12 18:35:00,11,9,12,18,35,500,129,"00, NAPOLEON (PLACE)",,,Plein jour,En agglomération,Intersection en X,Normale,Deux véhicules - côté,,,,,,,,,,,1,2,2,1.0,3.0
201100033120,0011-09-17 16:00:00,11,9,17,16,0,500,203,"0, HIPPODROME (rue de l'",,,Plein jour,Hors agglomération,Intersection en X,Normale,Deux véhicules - côté,,,,,,,,,,,1,1,2,1.0,3.0
201100033121,0011-09-21 10:06:00,11,9,21,10,6,500,129,"00, MINERVE ( rond point",,,Plein jour,En agglomération,Giratoire,Pluie légère,Sans collision,,,,,,,,,,,1,2,6,2.0,7.0
201100033122,0011-09-22 08:00:00,11,9,22,8,0,500,129,"0, JAURES (PLACE JEAN)",,,Plein jour,En agglomération,Hors intersection,Normale,Autre collision,,,,,,,,,,,1,2,1,1.0,6.0
201100033123,0011-09-22 17:45:00,11,9,22,17,45,500,602,"00, MARITIME (BOULEVARD)",,,Plein jour,En agglomération,Intersection en T,Normale,Deux véhicules - arrière,,,,,,,,,,,1,2,3,1.0,2.0
201100033124,0011-09-23 13:50:00,11,9,23,13,50,500,173,"18, VAUBAN (RUE)",,,Plein jour,En agglomération,Hors intersection,Normale,Deux véhicules - côté,,,,,,,,,,,1,2,1,1.0,3.0
201100033125,0011-09-25 07:55:00,11,9,25,7,55,500,203,"00, BEL AIR  (RUE DE)",,,Plein jour,En agglomération,Hors intersection,Normale,Sans collision,,,,,,,,,,,1,2,1,1.0,7.0
201100033126,0011-09-30 08:15:00,11,9,30,8,15,500,602,"614, FLAMANDS (BOULEVARD",,,Plein jour,En agglomération,Hors intersection,Normale,Autre collision,,,,,,,,,,,1,2,1,1.0,6.0
201100033127,0011-10-02 12:30:00,11,10,2,12,30,500,173,"00, MAHIEU (RUE ALBERT)",,,Plein jour,En agglomération,Intersection en T,Normale,Sans collision,,,,,,,,,,,1,2,3,1.0,7.0
201100033128,0011-10-03 17:15:00,11,10,3,17,15,500,129,"50, GRANDE VALLEE (RUE)",,,Plein jour,En agglomération,Hors intersection,Normale,Autre collision,,,,,,,,,,,1,2,1,1.0,6.0
201100033129,0011-10-10 07:30:00,11,10,10,7,30,500,129,", BARBUSSE (RUE HENRI)",,,Nuit sans éclairage public,En agglomération,Intersection en T,Pluie légère,Deux véhicules - arrière,,,,,,,,,,,3,2,3,2.0,2.0
201100033130,0011-10-12 14:10:00,11,10,12,14,10,500,129,"0, ENTREPOT (QUAI DE L')",,,Plein jour,En agglomération,Hors intersection,Normale,Deux véhicules - côté,,,,,,,,,,,1,2,1,1.0,3.0
201100033131,0011-10-12 15:50:00,11,10,12,15,50,500,602,"00, ORTOLANS (RUE DES)",,,Plein jour,En agglomération,Hors intersection,Normale,Sans collision,,,,,,,,,,,1,2,1,1.0,7.0
201100033132,0011-10-14 20:45:00,11,10,14,20,45,500,203,"671, ROUGES TERRES (LES)",,,Nuit avec éclairage allumé,En agglomération,Intersection en Y,Normale,Sans collision,,,,,,,,,,,5,2,4,1.0,7.0
201100033133,0011-10-19 18:45:00,11,10,19,18,45,500,129,"0, BECQUEREL (RUE)",,,Crépuscule ou aube,En agglomération,Hors intersection,Normale,Deux véhicules - côté,,,,,,,,,,,2,2,1,1.0,3.0