accident_id,datetime,annee,mois,jour,heure,minute,departement,commune_insee,adresse,latitude,longitude,luminosite,agglomeration,intersection,meteo,collision,nb_vehicules,nb_usagers,nb_indemnes,nb_tues,nb_blesses_hosp,nb_blesses_legers,age_cond_1,age_cond_2,veh_type_cond_1,veh_type_cond_2,lum_code,agg_code,int_code,atm_code,col_code
201100033134,0011-10-19 22:30:00,11,10,19,22,30,500,129,"0, COUBERTIN (RUE PIERRE",,,Nuit avec éclairage allumé,En agglomération,Intersection en T,Pluie légère,Deux véhicules - côté,,,,,,,,,,,5,2,3,2.0,3.0
201100033135,0011-10-20 17:10:00,11,10,20,17,10,500,129,"00, VERDUN (PLACE DE)",,,Plein jour,En agglomération,Intersection en Y,Normale,Sans collision,,,,,,,,,,,1,2,4,1.0,7.0
201100033136,0011-10-21 20:30:00,11,10,21,20,30,500,203,"0, MEZINE (RUE)",,,Nuit avec éclairage allumé,En agglomération,Hors intersection,Normale,Sans collision,,,,,,,,,,,5,2,1,1.0,7.0
201100033137,0011-10-22 14:40:00,11,10,22,14,40,500,602,"0, EST (BOULEVARD DE L')",,,Plein jour,En agglomération,Intersection en T,Normale,Deux véhicules - côté,,,,,,,,,,,1,2,3,1.0,3.0
201100033138,0011-10-24 19:25:00,11,10,24,19,25,500,203,"0, LUCET (RUE)",,,Nuit avec éclairage allumé,En agglomération,Hors intersection,Pluie légère,Sans collision,,,,,,,,,,,5,2,1,2.0,7.0
201100033139,0011-10-25 12:50:00,11,10,25,12,50,500,129,CONQUERANT (BOULEVARD GU,,,Plein jour,En agglomération,Intersection en T,Normale,Deux véhicules - arrière,,,,,,,,,,,1,2,3,1.0,2.0
201100033140,0011-10-28 17:50:00,11,10,28,17,50,500,129,"0, ATLANTIQUE (BOULEVARD",,,Plein jour,En agglomération,Hors intersection,Pluie légère,Deux véhicules - arrière,,,,,,,,,,,1,2,1,2.0,2.0
201100033141,0011-11-02 08:20:00,11,11,2,8,20,500,203,"0, AXE NORD - SUD",,,Plein jour,En agglomération,Intersection en Y,Normale,Deux véhicules - côté,,,,,,,,,,,1,2,4,1.0,3.0
201100033142,0011-11-05 13:50:00,11,11,5,13,50,500,129,"47, CACHIN (RUE DE L'ING",,,Plein jour,En agglomération,Hors intersection,Normale,Autre collision,,,,,,,,,,,1,2,1,1.0,6.0
201100033143,0011-11-07 17:40:00,11,11,7,17,40,500,602,"00, ALLIES (RUE DES)",,,Plein jour,En agglomération,Intersection en Y,Normale,Deux véhicules - côté,,,,,,,,,,,1,2,4,1.0,3.0
201100033144,0011-11-11 15:00:00,11,11,11,15,0,500,602,"351, BREQUECAL (RUE DE)",,,Plein jour,En agglomération,Hors intersection,Normale,Sans collision,,,,,,,,,,,1,2,1,1.0,7.0
201100033145,0011-11-16 00:01:00,11,11,16,0,1,500,129,"00, CONQUERANT (BOULEVAR",,,Nuit avec éclairage allumé,En agglomération,Hors intersection,Normale,Sans collision,,,,,,,,,,,5,2,1,1.0,7.0
201100033146,0011-11-16 17:00:00,11,11,16,17,0,500,602,"0, ES HAYES (HAMEAU)",,,Plein jour,Hors agglomération,Hors intersection,Normale,Deux véhicules - frontale,,,,,,,,,,,1,1,1,1.0,1.0
201100033147,0011-11-18 16:45:00,11,11,18,16,45,500,203,NATIONALE 13,,,Plein jour,Hors agglomération,Hors intersection,Normale,Deux véhicules - arrière,,,,,,,,,,,1,1,1,1.0,2.0
201100033148,0011-11-22 19:50:00,11,11,22,19,50,500,129,"0, BUCAILLE (RUE DE LA)",,,Nuit avec éclairage allumé,En agglomération,Intersection en X,Normale,Autre collision,,,,,,,,,,,5,2,2,1.0,6.0
201100033149,0011-11-23 08:00:00,11,11,23,8,0,500,129,"0, PLYMOUTH (AVENUE DE)",,,Crépuscule ou aube,En agglomération,Intersection en Y,Normale,Deux véhicules - côté,,,,,,,,,,,2,2,4,1.0,3.0
201100033150,0011-11-24 09:20:00,11,11,24,9,20,500,173,"158, SEMBAT (RUE MARCEL)",,,Plein jour,En agglomération,Intersection en T,Normale,Deux véhicules - côté,,,,,,,,,,,1,2,3,1.0,3.0
201100033151,0011-11-24 11:00:00,11,11,24,11,0,500,129,"0, SCHUMAN (BOULEVARD RO",,,Plein jour,En agglomération,Intersection en X,Normale,Sans collision,,,,,,,,,,,1,2,2,1.0,7.0
201100033152,0011-11-28 10:55:00,11,11,28,10,55,500,602,"0, BECQUET (RUE DU)",,,Plein jour,En agglomération,Hors intersection,Normale,Deux véhicules - côté,,,,,,,,,,,1,2,1,1.0,3.0
201100033153,0011-11-30 19:10:00,11,11,30,19,10,500,129,"00, CONQUERANT (BOULEVAR",,,Nuit avec éclairage allumé,En agglomération,Hors intersection,Normale,Trois véhicules et plus - en chaîne,,,,,,,,,,,5,2,1,1.0,4.0
201100033154,0011-12-01 08:00:00,11,12,1,8,0,500,129,"0, LAVIEILLE (RUE FRANCO",,,Nuit avec éclairage allumé,En agglomération,Intersection en T,Pluie forte,Autre collision,,,,,,,,,,,5,2,3,3.0,6.0
201100033155,0011-12-06 07:55:00,11,12,6,7,55,500,129,"00, RAVENEL (PLACE MARIE",,,Nuit avec éclairage allumé,En agglomération,Place,Normale,Deux véhicules - côté,,,,,,,,,,,5,2,7,1.0,3.0
201100033156,0011-12-07 11:15:00,11,12,7,11,15,500,602,"67, FOUACE (RUE GUILLAUM",,,Plein jour,En agglomération,Hors intersection,Temps couvert,Deux véhicules - frontale,,,,,,,,,,,1,2,1,8.0,1.0
201100033157,0011-12-08 21:10:00,11,12,8,21,10,500,129,"78, LECLERC (RUE DU MARE",,,Nuit avec éclairage allumé,En agglomération,Hors intersection,Pluie forte,Sans collision,,,,,,,,,,,5,2,1,3.0,7.0
201100033158,0011-12-09 12:05:00,11,12,9,12,5,500,129,"0, ABBAYE (RUE DE L')",,,Plein jour,En agglomération,Hors intersection,Normale,Sans collision,,,,,,,,,,,1,2,1,1.0,7.0
201100033159,0011-12-10 08:55:00,11,12,10,8,55,500,129,"0, BRIAND (AVENUE)",,,Plein jour,En agglomération,Intersection en X,Normale,Deux véhicules - arrière,,,,,,,,,,,1,2,2,1.0,2.0
201100033160,0011-12-12 18:40:00,11,12,12,18,40,500,602,NORTHEIM (AVENUE DE),,,Nuit avec éclairage allumé,En agglomération,Intersection en X,Pluie légère,Deux véhicules - frontale,,,,,,,,,,,5,2,2,2.0,1.0
201100033161,0011-12-13 11:30:00,11,12,13,11,30,500,602,"0, BOUIN (RUE JEAN)",,,Plein jour,En agglomération,Intersection en X,Temps éblouissant,Autre collision,,,,,,,,,,,1,2,2,7.0,6.0
201100033162,0011-12-13 11:55:00,11,12,13,11,55,500,602,"0, NOE (CHEMIN DE LA)",,,Plein jour,En agglomération,Intersection en X,Normale,Deux véhicules - côté,,,,,,,,,,,1,2,2,1.0,3.0
201100033163,0011-12-14 07:50:00,11,12,14,7,50,500,173,"0, FAURE (ALLEE FELIX)",,,Nuit avec éclairage allumé,En agglomération,Intersection en X,Normale,Sans collision,,,,,,,,,,,5,2,2,1.0,7.0
201100033164,0011-12-15 15:35:00,11,12,15,15,35,500,173,"0, Rue des Hauts Varengs",,,Plein jour,En agglomération,Hors intersection,Normale,Deux véhicules - arrière,,,,,,,,,,,1,2,1,1.0,2.0
201100033165,0011-12-16 11:30:00,11,12,16,11,30,500,173,"0, Route D?partementale",,,Plein jour,Hors agglomération,Hors intersection,Neige / grêle,Autre collision,,,,,,,,,,,1,1,1,4.0,6.0
201100033166,0011-12-17 14:20:00,11,12,17,14,20,500,129,"28, ONGLET (RUE DE L')",,,Plein jour,En agglomération,Hors intersection,Normale,Autre collision,,,,,,,,,,,1,2,1,1.0,6.0
201100033167,0011-12-18 09:05:00,11,12,18,9,5,500,129,"0, ATLANTIQUE (BOULEVARD",,,Plein jour,En agglomération,Hors intersection,Normale,Autre collision,,,,,,,,,,,1,2,1,1.0,6.0
201100033168,0011-12-18 12:18:00,11,12,18,12,18,500,129,"0, CALIGNY (QUAI DE)",,,Plein jour,En agglomération,Hors intersection,Normale,Trois véhicules et plus - en chaîne,,,,,,,,,,,1,2,1,1.0,4.0
201100033169,0011-12-20 15:35:00,11,12,20,15,35,500,129,"0, LEMONNIER (AVENUE AMI",,,Plein jour,En agglomération,Hors intersection,Normale,Deux véhicules - arrière,,,,,,,,,,,1,2,1,1.0,2.0
201100033170,0011-12-20 16:05:00,11,12,20,16,5,500,129,"0, MILLET (AVENUE JEAN-F",,,Plein jour,En agglomération,Intersection en Y,Normale,Deux véhicules - arrière,,,,,,,,,,,1,2,4,1.0,2.0
201100033171,0011-12-20 18:00:00,11,12,20,18,0,500,602,"0, METIERS (RUE DES)",,,Nuit avec éclairage allumé,En agglomération,Intersection en X,Normale,Deux véhicules - frontale,,,,,,,,,,,5,2,2,1.0,1.0
201100033172,0011-12-21 17:55:00,11,12,21,17,55,500,602,"0, GAMBETTA (RUE)",,,Nuit avec éclairage allumé,En agglomération,Intersection en X,Normale,Deux véhicules - côté,,,,,,,,,,,5,2,2,1.0,3.0
201100033173,0011-12-22 06:10:00,11,12,22,6,10,500,129,"0, COSNARD (PONT)",,,Nuit avec éclairage allumé,Hors agglomération,Hors intersection,Normale,Autre collision,,,,,,,,,,,5,1,1,1.0,6.0
201100033174,0011-12-23 23:50:00,11,12,23,23,50,500,129,"60 C, BRANLY (RUE EDOUAR",,,Nuit avec éclairage allumé,En agglomération,Hors intersection,Vent fort / tempête,Sans collision,,,,,,,,,,,5,2,1,6.0,7.0
201100033175,0011-12-24 05:10:00,11,12,24,5,10,500,173,SALINE (BOULEVARD DE LA),,,Nuit avec éclairage allumé,En agglomération,Hors intersection,Normale,Sans collision,,,,,,,,,,,5,2,1,1.0,7.0
201100033176,0011-12-25 20:50:00,11,12,25,20,50,500,129,"0, LECLERC (RUE DU MAREC",,,Nuit avec éclairage allumé,En agglomération,Giratoire,Pluie légère,Deux véhicules - côté,,,,,,,,,,,5,2,6,2.0,3.0
201100033177,0011-12-26 18:10:00,11,12,26,18,10,500,602,"0, CAPLAIN (RUE DU)",,,Nuit avec éclairage allumé,En agglomération,Hors intersection,Normale,Deux véhicules - côté,,,,,,,,,,,5,2,1,1.0,3.0
201100033178,0011-01-29 14:29:00,11,1,29,14,29,500,147,DE LA CROUTE,,,Plein jour,En agglomération,Giratoire,Normale,Deux véhicules - côté,,,,,,,,,,,1,2,6,1.0,3.0
201100033179,0011-01-31 09:15:00,11,1,31,9,15,500,147,ROND POINT DES POMMIERS,,,Plein jour,Hors agglomération,Place,Autre,Sans collision,,,,,,,,,,,1,1,7,9.0,7.0
201100033180,0011-02-26 11:40:00,11,2,26,11,40,500,147,PLANCHE MAURICE,,,Plein jour,En agglomération,Intersection en T,Temps couvert,Deux véhicules - côté,,,,,,,,,,,1,2,3,8.0,3.0
201100033181,0011-03-19 17:55:00,11,3,19,17,55,500,147,ROCADE NORD,,,Plein jour,Hors agglomération,Hors intersection,Normale,Trois véhicules et plus - collisions multiples,,,,,,,,,,,1,1,1,1.0,5.0
201100033182,0011-04-09 07:30:00,11,4,9,7,30,500,147,ROCADE NORD,49.05858,,Crépuscule ou aube,Hors agglomération,Hors intersection,Normale,Deux véhicules - frontale,,,,,,,,,,,2,1,1,1.0,1.0
201100033183,0011-05-08 05:10:00,11,5,8,5,10,500,147,"000000000, ROND POINT DE",,,Nuit avec éclairage allumé,Hors agglomération,Giratoire,Pluie légère,Autre collision,,,,,,,,,,,5,1,6,2.0,6.0
201100033184,0011-05-11 15:16:00,11,5,11,15,16,500,147,"3, ROUTE DE CARENTAN",,,Plein jour,Hors agglomération,Autre intersection,Normale,Deux véhicules - arrière,,,,,,,,,,,1,1,9,1.0,2.0
201100033185,0011-06-03 12:05:00,11,6,3,12,5,500,147,"97, GEOFFROY DE MONTBRAY",,,Plein jour,En agglomération,Hors intersection,Normale,Deux véhicules - arrière,,,,,,,,,,,1,2,1,1.0,2.0
201100033186,0011-06-10 17:45:00,11,6,10,17,45,500,147,DIVISION LECLERC,,,Plein jour,Hors agglomération,Intersection en T,Normale,Deux véhicules - côté,,,,,,,,,,,1,1,3,1.0,3.0
201100033187,0011-06-16 09:05:00,11,6,16,9,5,500,147,"0, ROUTE DE LESSAY",,,Plein jour,Hors agglomération,Hors intersection,Pluie légère,Sans collision,,,,,,,,,,,1,1,1,2.0,7.0
201100033188,0011-06-27 16:00:00,11,6,27,16,0,500,147,ROCADE NORD,,,Plein jour,Hors agglomération,Autre intersection,Normale,Autre collision,,,,,,,,,,,1,1,9,1.0,6.0
201100033189,0011-09-04 11:35:00,11,9,4,11,35,500,147,ROUTE DE GAVRAY,,,Plein jour,Hors agglomération,Hors intersection,Normale,Deux véhicules - côté,,,,,,,,,,,1,1,1,1.0,3.0
201100033190,0011-09-05 18:05:00,11,9,5,18,5,500,147,"24, DIVISION LECLERC",,,Plein jour,En agglomération,Hors intersection,Normale,Trois véhicules et plus - collisions multiples,,,,,,,,,,,1,2,1,1.0,5.0
201100033191,0011-09-06 14:30:00,11,9,6,14,30,500,147,"20, SAINT MALO",,,Plein jour,En agglomération,Hors intersection,Pluie forte,Autre collision,,,,,,,,,,,1,2,1,3.0,6.0
201100033192,0011-09-06 16:30:00,11,9,6,16,30,500,147,"8, ALSACE LORRAINE (BOUL",,,Plein jour,En agglomération,Intersection en T,Pluie forte,Deux véhicules - frontale,,,,,,,,,,,1,2,3,3.0,1.0
201100033193,0011-09-07 10:25:00,11,9,7,10,25,500,147,"65, REPUBLIQUE",,,Plein jour,En agglomération,Hors intersection,Normale,Autre collision,,,,,,,,,,,1,2,1,1.0,6.0
201100033194,0011-10-13 07:55:00,11,10,13,7,55,500,147,"3, DE LA CROUTE",,,Nuit avec éclairage allumé,En agglomération,Hors intersection,Pluie légère,Autre collision,,,,,,,,,,,5,2,1,2.0,6.0
201100033195,0011-10-19 17:40:00,11,10,19,17,40,500,147,DIVISION LECLERC,,,Plein jour,En agglomération,Hors intersection,Normale,Autre collision,,,,,,,,,,,1,2,1,1.0,6.0
201100033196,0011-11-19 18:50:00,11,11,19,18,50,500,147,ZA DE LA MARE,,,Nuit sans éclairage public,Hors agglomération,Intersection en T,Normale,Deux véhicules - côté,,,,,,,,,,,3,1,3,1.0,3.0
201100033197,0011-11-07 14:00:00,11,11,7,14,0,500,147,"73, D'ILKLEY",,,Plein jour,En agglomération,Hors intersection,Pluie légère,Sans collision,,,,,,,,,,,1,2,1,2.0,7.0
201100033198,0011-12-18 17:38:00,11,12,18,17,38,500,147,"58, DIVISION LECLERC",,,Nuit avec éclairage non allumé,En agglomération,Hors intersection,Pluie forte,Deux véhicules - arrière,,,,,,,,,,,4,2,1,3.0,2.0
201100033199,0011-12-16 12:10:00,11,12,16,12,10,500,147,"07, IMPASSE DU MANOIR",,,Plein jour,En agglomération,Hors intersection,Temps couvert,Deux véhicules - côté,,,,,,,,,,,1,2,1,8.0,3.0
201100033200,0011-12-22 23:00:00,11,12,22,23,0,500,537,LES GRENTERIES,,,Nuit sans éclairage public,Hors agglomération,Hors intersection,Temps couvert,Sans collision,,,,,,,,,,,3,1,1,8.0,7.0
201100033201,0011-01-06 07:50:00,11,1,6,7,50,500,218,"973, SHERBONE (ROND POIN",,,Nuit avec éclairage allumé,En agglomération,Giratoire,Pluie légère,Deux véhicules - côté,,,,,,,,,,,5,2,6,2.0,3.0
201100033202,0011-01-06 08:30:00,11,1,6,8,30,500,165,"75, COUTANCES (ROUTE DE)",,,Nuit avec éclairage allumé,En agglomération,Hors intersection,Pluie légère,Autre collision,,,,,,,,,,,5,2,1,2.0,6.0
201100033203,0011-01-14 16:40:00,11,1,14,16,40,500,218,"15, GIRARD DES PRAIRIES",,,Plein jour,En agglomération,Hors intersection,Normale,Autre collision,,,,,,,,,,,1,2,1,1.0,6.0
201100033204,0011-01-16 09:20:00,11,1,16,9,20,500,218,VENDEENS (AV DES),,,Crépuscule ou aube,En agglomération,Hors intersection,Normale,Autre collision,,,,,,,,,,,2,2,1,1.0,6.0
201100033205,0011-01-26 18:55:00,11,1,26,18,55,500,532,JERSEY (RUE),,,Nuit avec éclairage allumé,En agglomération,Intersection en T,Pluie légère,Deux véhicules - côté,,,,,,,,,,,5,2,3,2.0,3.0
201100033206,0011-01-28 15:50:00,11,1,28,15,50,500,218,"38, PAUL POIRIER (RUE)",,,Plein jour,En agglomération,Hors intersection,Normale,Autre collision,,,,,,,,,,,1,2,1,1.0,6.0
201100033207,0011-02-03 17:25:00,11,2,3,17,25,500,218,AMIRAL PLEVILLE (QUAI),,,Plein jour,En agglomération,Hors intersection,Normale,Autre collision,,,,,,,,,,,1,2,1,1.0,6.0
201100033208,0011-02-06 18:18:00,11,2,6,18,18,500,532,"2241, NATIONALE (ANCIENN",,,Nuit avec éclairage allumé,Hors agglomération,Hors intersection,Normale,Deux véhicules - côté,,,,,,,,,,,5,1,1,1.0,3.0
201100033209,0011-02-16 10:15:00,11,2,16,10,15,500,218,"05, ERNEST LEFRANC (RUE)",,,Plein jour,En agglomération,Hors intersection,Normale,Sans collision,,,,,,,,,,,1,2,1,1.0,7.0
201100033210,0011-02-18 17:45:00,11,2,18,17,45,500,218,MATIGNON (AV DES),,,Plein jour,En agglomération,Hors intersection,Normale,Autre collision,,,,,,,,,,,1,2,1,1.0,6.0
201100033211,0011-03-11 10:55:00,11,3,11,10,55,500,532,NATIONALE (ANCIENNE ROUT,,,Plein jour,Hors agglomération,Hors intersection,Normale,Sans collision,,,,,,,,,,,1,1,1,1.0,7.0
201100033212,0011-03-15 14:00:00,11,3,15,14,0,500,218,SAINT GAUD (BD),,,Plein jour,En agglomération,Hors intersection,Normale,Sans collision,,,,,,,,,,,1,2,1,1.0,7.0
201100033213,0011-03-30 13:34:00,11,3,30,13,34,500,218,"83, JONQUILLES (RUE DES)",,,Plein jour,En agglomération,Intersection en X,Pluie légère,Deux véhicules - côté,,,,,,,,,,,1,2,2,2.0,3.0
201100033214,0011-04-15 12:30:00,11,4,15,12,30,500,218,ALSACE LORRAINE (PLACE),,,Plein jour,En agglomération,Giratoire,Normale,Deux véhicules - côté,,,,,,,,,,,1,2,6,1.0,3.0
201100033215,0011-04-19 19:00:00,11,4,19,19,0,500,218,"1716, VILLEDIEU LES POEL",,,Plein jour,Hors agglomération,Hors intersection,Normale,Autre collision,,,,,,,,,,,1,1,1,1.0,6.0
201100033216,0011-04-28 08:55:00,11,4,28,8,55,500,532,NATIONALE (ANCIENNE ROUT,,,Plein jour,Hors agglomération,Hors intersection,Normale,Trois véhicules et plus - en chaîne,,,,,,,,,,,1,1,1,1.0,4.0
201100033217,0011-05-02 10:05:00,11,5,2,10,5,500,218,VILLEDIEU LES POELES (RO,,,Plein jour,Hors agglomération,Hors intersection,Normale,Deux véhicules - arrière,,,,,,,,,,,1,1,1,1.0,2.0
201100033218,0011-05-08 19:20:00,11,5,8,19,20,500,218,"87, COURAYE (RUE)",,,Plein jour,En agglomération,Hors intersection,Normale,Sans collision,,,,,,,,,,,1,2,1,1.0,7.0
201100033219,0011-05-14 17:55:00,11,5,14,17,55,500,218,JUIFS (DES),,,Plein jour,En agglomération,Hors intersection,Normale,Sans collision,,,,,,,,,,,1,2,1,1.0,7.0
201100033220,0011-05-16 19:35:00,11,5,16,19,35,500,532,CROISSANT (ROUTE DU),,,Plein jour,Hors agglomération,Intersection en T,Normale,Deux véhicules - côté,,,,,,,,,,,1,1,3,1.0,3.0
201100033221,0011-06-07 15:15:00,11,6,7,15,15,500,218,AMERIQUES (BOULEVARD),,,Plein jour,En agglomération,Hors intersection,Normale,Sans collision,,,,,,,,,,,1,2,1,1.0,7.0
201100033222,0011-06-08 07:50:00,11,6,8,7,50,500,532,LEZEAUX (ROUTE),,,Plein jour,Hors agglomération,Giratoire,Normale,Deux véhicules - arrière,,,,,,,,,,,1,1,6,1.0,2.0
201100033223,0011-06-29 19:45:00,11,6,29,19,45,500,218,"N?ant, PIERRE SEMARD (PL",,,Plein jour,En agglomération,Hors intersection,Normale,Deux véhicules - arrière,,,,,,,,,,,1,2,1,1.0,2.0
201100033224,0011-07-10 04:00:00,11,7,10,4,0,500,218,"11, CRETE  (RUE DE LA)",,,Nuit avec éclairage allumé,En agglomération,Intersection en Y,Normale,Autre collision,,,,,,,,,,,5,2,4,1.0,6.0
201100033225,0011-07-15 00:05:00,11,7,15,0,5,500,218,"31, SAINTE MARIE (RUE)",,,Nuit avec éclairage allumé,En agglomération,Hors intersection,Normale,Autre collision,,,,,,,,,,,5,2,1,1.0,6.0
201100033226,0011-07-20 12:20:00,11,7,20,12,20,500,218,CRETE  (RUE DE LA),,,Plein jour,En agglomération,Hors intersection,Pluie forte,Deux véhicules - arrière,,,,,,,,,,,1,2,1,3.0,2.0
201100033227,0011-07-21 13:50:00,11,7,21,13,50,500,218,"10, ALSACE LORRAINE (PLA",,,Plein jour,En agglomération,Hors intersection,Normale,Autre collision,,,,,,,,,,,1,2,1,1.0,6.0
201100033228,0011-07-24 04:40:00,11,7,24,4,40,500,218,"820, VAUDROULIN (RUE DE)",,,Nuit sans éclairage public,Hors agglomération,Hors intersection,Normale,Autre collision,,,,,,,,,,,3,1,1,1.0,6.0
201100033229,0011-07-28 12:20:00,11,7,28,12,20,500,218,"0, VILLEDIEU LES POELES",,,Plein jour,En agglomération,Hors intersection,Normale,Deux véhicules - arrière,,,,,,,,,,,1,2,1,1.0,2.0
201100033230,0011-08-01 15:10:00,11,8,1,15,10,500,532,MONT ST MICHEL (AVENUE D,,,Plein jour,En agglomération,Intersection en X,Normale,Deux véhicules - côté,,,,,,,,,,,1,2,2,1.0,3.0
201100033231,0011-08-03 16:50:00,11,8,3,16,50,500,532,"3479, D 973 (D 572- LEZE",,,Plein jour,Hors agglomération,Hors intersection,Normale,Autre collision,,,,,,,,,,,1,1,1,1.0,6.0
201100033232,0011-08-04 17:05:00,11,8,4,17,5,500,165,"18, CHAMP DE COURSE (RUE",,,Plein jour,En agglomération,Hors intersection,Normale,Deux véhicules - côté,,,,,,,,,,,1,2,1,1.0,3.0
201100033233,0011-08-05 16:00:00,11,8,5,16,0,500,218,"520, MATIGNON (AV DES)",,,Plein jour,En agglomération,Hors intersection,Normale,Deux véhicules - côté,,,,,,,,,,,1,2,1,1.0,3.0
201100033234,0011-08-09 17:45:00,11,8,9,17,45,500,532,"N?ant, GRACE DE DIEU (RU",,,Plein jour,Hors agglomération,Hors intersection,Normale,Deux véhicules - côté,,,,,,,,,,,1,1,1,1.0,3.0
201100033235,0011-08-10 19:05:00,11,8,10,19,5,500,165,PLAGE (RUE DE LA),,,Plein jour,En agglomération,Hors intersection,Normale,Autre collision,,,,,,,,,,,1,2,1,1.0,6.0
201100033236,0011-08-12 17:44:00,11,8,12,17,44,500,218,"636, VILLEDIEU LES POELE",,,Plein jour,En agglomération,Hors intersection,Pluie légère,Deux véhicules - côté,,,,,,,,,,,1,2,1,2.0,3.0
201100033237,0011-08-21 10:35:00,11,8,21,10,35,500,532,VIEUX CHATEAU (RUE),,,Plein jour,Hors agglomération,Intersection en Y,Normale,Deux véhicules - côté,,,,,,,,,,,1,1,4,1.0,3.0
201100033238,0011-08-25 13:05:00,11,8,25,13,5,500,218,"310, VENDEENS (AV DES)",,,Plein jour,En agglomération,Hors intersection,Normale,Autre collision,,,,,,,,,,,1,2,1,1.0,6.0
201100033239,0011-09-09 12:10:00,11,9,9,12,10,500,532,"584, ECUTOT (ROUTE)",,,Plein jour,En agglomération,Hors intersection,Temps couvert,Deux véhicules - frontale,,,,,,,,,,,1,2,1,8.0,1.0
201100033240,0011-09-10 17:35:00,11,9,10,17,35,500,218,", VICTOR HUGOT (RUE)",,,Plein jour,En agglomération,Hors intersection,Normale,Sans collision,,,,,,,,,,,1,2,1,1.0,7.0
201100033241,0011-09-15 19:40:00,11,9,15,19,40,500,218,"N?ant, FONTAINE JOLIE (R",,,Plein jour,Hors agglomération,Hors intersection,Normale,Sans collision,,,,,,,,,,,1,1,1,1.0,7.0
201100033242,0011-09-22 11:05:00,11,9,22,11,5,500,218,"4 BIS, ARISTIDE BRIAND (",,,Plein jour,En agglomération,Hors intersection,Temps couvert,Deux véhicules - arrière,,,,,,,,,,,1,2,1,8.0,2.0
201100033243,0011-09-23 00:46:00,11,9,23,0,46,500,218,"77, MARINE DUNKERQUE (RU",,,Nuit avec éclairage allumé,En agglomération,Hors intersection,Normale,Autre collision,,,,,,,,,,,5,2,1,1.0,6.0
201100033244,0011-09-29 09:10:00,11,9,29,9,10,500,532,"n?ant, CROISSANT (ROUTE",,,Crépuscule ou aube,Hors agglomération,Hors intersection,Normale,Autre collision,,,,,,,,,,,2,1,1,1.0,6.0
201100033245,0011-09-30 08:25:00,11,9,30,8,25,500,218,VILLEDIEU LES POELES (RO,,,Crépuscule ou aube,En agglomération,Passage à niveau,Normale,Autre collision,,,,,,,,,,,2,2,8,1.0,6.0
201100033246,0011-10-03 18:15:00,11,10,3,18,15,500,218,MARECHAL LECLERC (AV DU),,,Plein jour,En agglomération,Hors intersection,Normale,Sans collision,,,,,,,,,,,1,2,1,1.0,7.0
201100033247,0011-10-09 01:35:00,11,10,9,1,35,500,532,"491, TOMBELAINE (RUE)",,,Nuit avec éclairage allumé,En agglomération,Hors intersection,Pluie légère,Autre collision,,,,,,,,,,,5,2,1,2.0,6.0
201100033248,0011-10-09 11:35:00,11,10,9,11,35,500,532,"911, GOLF (RUE DU)",,,Plein jour,En agglomération,Giratoire,Normale,Deux véhicules - côté,,,,,,,,,,,1,2,6,1.0,3.0
201100033249,0011-10-12 17:50:00,11,10,12,17,50,500,218,MATIGNON (AV DES),,,Plein jour,En agglomération,Autre intersection,Normale,Autre collision,,,,,,,,,,,1,2,9,1.0,6.0
201100033250,0011-10-14 18:50:00,11,10,14,18,50,500,218,"852, MATIGNON (AV DES)",,,Plein jour,En agglomération,Hors intersection,Normale,Trois véhicules et plus - en chaîne,,,,,,,,,,,1,2,1,1.0,4.0
201100033251,0011-11-03 19:10:00,11,11,3,19,10,500,218,"07, ARISTIDE BRIAND (AVE",,,Nuit avec éclairage allumé,En agglomération,Hors intersection,Normale,Autre collision,,,,,,,,,,,5,2,1,1.0,6.0
201100033252,0011-11-27 18:55:00,11,11,27,18,55,500,218,"10, ALSACE LORRAINE (PLA",,,Nuit avec éclairage allumé,En agglomération,Hors intersection,Normale,Deux véhicules - côté,,,,,,,,,,,5,2,1,1.0,3.0
201100033253,0011-12-03 17:50:00,11,12,3,17,50,500,218,MATIGNON (AV DES),,,Nuit avec éclairage allumé,En agglomération,Hors intersection,Pluie forte,Autre collision,,,,,,,,,,,5,2,1,3.0,6.0
201100033254,0011-12-21 17:30:00,11,12,21,17,30,500,218,"77, SAINT GAUD (BD)",,,Nuit avec éclairage allumé,En agglomération,Hors intersection,Pluie légère,Deux véhicules - frontale,,,,,,,,,,,5,2,1,2.0,1.0
201100033255,0011-12-22 17:40:00,11,12,22,17,40,500,218,MATIGNON (AV DES),,,Nuit avec éclairage non allumé,En agglomération,Hors intersection,Normale,Autre collision,,,,,,,,,,,4,2,1,1.0,6.0
201100033256,0011-12-30 19:11:00,11,12,30,19,11,500,218,"160, LIBERATION (AV DE L",,,Nuit avec éclairage allumé,En agglomération,Hors intersection,Pluie légère,Autre collision,,,,,,,,,,,5,2,1,2.0,6.0
201100033257,0011-01-28 08:00:00,11,1,28,8,0,500,502,"38, POTERNE",,,Nuit avec éclairage allumé,En agglomération,Hors intersection,Normale,Autre collision,,,,,,,,,,,5,2,1,1.0,6.0
201100033258,0011-01-29 11:45:00,11,1,29,11,45,500,502,HETRES,,,Plein jour,En agglomération,Hors intersection,Normale,Autre collision,,,,,,,,,,,1,2,1,1.0,6.0
201100033259,0011-01-28 15:50:00,11,1,28,15,50,500,502,"571, CARENTAN",,,Plein jour,En agglomération,Intersection en Y,Normale,Trois véhicules et plus - collisions multiples,,,,,,,,,,,1,2,4,1.0,5.0