accident_id,datetime,annee,mois,jour,heure,minute,departement,commune_insee,adresse,latitude,longitude,luminosite,agglomeration,intersection,meteo,collision,nb_vehicules,nb_usagers,nb_indemnes,nb_tues,nb_blesses_hosp,nb_blesses_legers,age_cond_1,age_cond_2,veh_type_cond_1,veh_type_cond_2,lum_code,agg_code,int_code,atm_code,col_code
201100034005,0011-12-20 12:55:00,11,12,20,12,55,540,547,MALINES (RUE DE),,,Plein jour,En agglomération,Hors intersection,Normale,Deux véhicules - côté,,,,,,,,,,,1,2,1,1.0,3.0
201100034006,0011-12-22 09:50:00,11,12,22,9,50,540,526,RD 2 BIS,,,Plein jour,En agglomération,Hors intersection,Pluie légère,Sans collision,,,,,,,,,,,1,2,1,2.0,7.0
201100034007,0011-12-23 16:43:00,11,12,23,16,43,540,257,ERABLES (AVENUE DES),,,Nuit avec éclairage allumé,Hors agglomération,Hors intersection,Normale,Autre collision,,,,,,,,,,,5,1,1,1.0,6.0
201100034008,0011-12-23 17:45:00,11,12,23,17,45,540,184,"25, BRIGACHTAL (AVENUE D",,,Nuit avec éclairage allumé,En agglomération,Intersection en X,Pluie légère,Autre collision,,,,,,,,,,,5,2,2,2.0,6.0
201100034009,0011-12-27 19:40:00,11,12,27,19,40,540,395,"0, LECLERC (AV. DU GENE",,,Nuit avec éclairage allumé,En agglomération,Intersection en X,Normale,Deux véhicules - arrière,,,,,,,,,,,5,2,2,1.0,2.0
201100034010,0011-12-28 15:00:00,11,12,28,15,0,540,328,"214, BON CURE (AVENUE DU",,,Plein jour,Hors agglomération,Hors intersection,Normale,Deux véhicules - arrière,,,,,,,,,,,1,1,1,1.0,2.0
201100034011,0011-01-14 11:15:00,11,1,14,11,15,540,431,FOUR (RUE DU),,,Plein jour,En agglomération,Hors intersection,Normale,Autre collision,,,,,,,,,,,1,2,1,1.0,6.0
201100034012,0011-04-22 16:05:00,11,4,22,16,5,540,431,"54, GAMBETTA (RUE)",48.90574,6.05992,Plein jour,En agglomération,Hors intersection,Normale,Autre collision,,,,,,,,,,,1,2,1,1.0,6.0
201100034013,0011-05-09 17:46:00,11,5,9,17,46,540,431,INTERMARCHE PROCHEVILLE,,,Plein jour,Hors agglomération,Hors intersection,Normale,Deux véhicules - côté,,,,,,,,,,,1,1,1,1.0,3.0
201100034014,0011-05-11 16:00:00,11,5,11,16,0,540,431,"19, DUROC (PLACE)",48.90292,6.05469,Plein jour,En agglomération,Hors intersection,Normale,Autre collision,,,,,,,,,,,1,2,1,1.0,6.0
201100034015,0011-05-19 23:40:00,11,5,19,23,40,540,79,"50, PETITE-SUISSE (AVENU",48.88538,6.04681,Nuit avec éclairage allumé,En agglomération,Hors intersection,Normale,Sans collision,,,,,,,,,,,5,2,1,1.0,7.0
201100034016,0011-05-27 20:05:00,11,5,27,20,5,540,431,"149, COMMUN PRE (CHEMIN",48.91854,6.05809,Plein jour,En agglomération,Hors intersection,Normale,Sans collision,,,,,,,,,,,1,2,1,1.0,7.0
201100034017,0011-05-27 20:15:00,11,5,27,20,15,540,431,"34, FOUR (RUE DU)",48.89993,6.05557,Plein jour,En agglomération,Hors intersection,Normale,Autre collision,,,,,,,,,,,1,2,1,1.0,6.0
201100034018,0011-08-07 22:15:00,11,8,7,22,15,540,79,RD 657,,,Nuit avec éclairage allumé,En agglomération,Hors intersection,Normale,Deux véhicules - arrière,,,,,,,,,,,5,2,1,1.0,2.0
201100034019,0011-08-23 18:20:00,11,8,23,18,20,540,79,RD 657,,,Plein jour,En agglomération,Hors intersection,Normale,Autre collision,,,,,,,,,,,1,2,1,1.0,6.0
201100034020,0011-10-07 02:00:00,11,10,7,2,0,540,431,RD 910 LESMENILS,,,Nuit sans éclairage public,Hors agglomération,Hors intersection,Normale,Autre collision,,,,,,,,,,,3,1,1,1.0,6.0
201100034021,0011-11-03 08:40:00,11,11,3,8,40,540,79,"23, SAINT-EPVRE (RUE)",,,Plein jour,En agglomération,Hors intersection,Normale,Autre collision,,,,,,,,,,,1,2,1,1.0,6.0
201100034022,0011-12-08 09:15:00,11,12,8,9,15,540,79,RD 657,,,Plein jour,Hors agglomération,Hors intersection,Normale,Deux véhicules - arrière,,,,,,,,,,,1,1,1,1.0,2.0
201100034023,0011-12-25 01:05:00,11,12,25,1,5,540,332,"1, Saint Pierre",,,Nuit avec éclairage allumé,En agglomération,Hors intersection,Normale,Deux véhicules - frontale,,,,,,,,,,,5,2,1,1.0,1.0
201100034024,0011-01-14 17:40:00,11,1,14,17,40,540,528,PINTEVILLE (BOULEVARD),,,Nuit avec éclairage allumé,En agglomération,Hors intersection,Normale,Autre collision,,,,,,,,,,,5,2,1,1.0,6.0
201100034025,0011-01-31 13:30:00,11,1,31,13,30,540,528,"28, VILLEY SAINT ETIENNE",,,Plein jour,En agglomération,Intersection en T,Normale,Autre collision,,,,,,,,,,,1,2,3,1.0,6.0
201100034026,0011-02-15 15:15:00,11,2,15,15,15,540,167,GENERAL LECLERC (AVENUE),,,Plein jour,En agglomération,Intersection en X,Normale,Deux véhicules - arrière,,,,,,,,,,,1,2,2,1.0,2.0
201100034027,0011-04-19 18:15:00,11,4,19,18,15,540,528,GENERAL PATTON (AVENUE),,,Plein jour,En agglomération,Intersection en T,Normale,Deux véhicules - arrière,,,,,,,,,,,1,2,3,1.0,2.0
201100034028,0011-04-24 19:20:00,11,4,24,19,20,540,528,TANNEURS,,,Plein jour,En agglomération,Intersection en T,Normale,Deux véhicules - côté,,,,,,,,,,,1,2,3,1.0,3.0
201100034029,0011-05-07 15:05:00,11,5,7,15,5,540,528,BOULEVARD  DE   L' EUROP,,,Plein jour,En agglomération,Hors intersection,Normale,Deux véhicules - arrière,,,,,,,,,,,1,2,1,1.0,2.0
201100034030,0011-05-08 15:05:00,11,5,8,15,5,540,167,PISCINE DECOUVERTE,,,Plein jour,En agglomération,Intersection en T,Normale,Deux véhicules - côté,,,,,,,,,,,1,2,3,1.0,3.0
201100034031,0011-05-09 18:55:00,11,5,9,18,55,540,167,GENERAL LECLERC (AVENUE),,,Plein jour,En agglomération,Hors intersection,Normale,Autre collision,,,,,,,,,,,1,2,1,1.0,6.0
201100034032,0011-05-14 10:55:00,11,5,14,10,55,540,528,RD904,48.69935,5.89212,Plein jour,Hors agglomération,Hors intersection,Normale,Trois véhicules et plus - en chaîne,,,,,,,,,,,1,1,1,1.0,4.0
201100034033,0011-05-23 22:45:00,11,5,23,22,45,540,174,MARECHAL JOFFRE (AVENUE),48.6719,5.8767,Nuit avec éclairage allumé,En agglomération,Intersection en Y,Normale,Deux véhicules - côté,,,,,,,,,,,5,2,4,1.0,3.0
201100034034,0011-05-25 22:30:00,11,5,25,22,30,540,167,FOCH (AVENUE),,,Plein jour,En agglomération,Hors intersection,Normale,Autre collision,,,,,,,,,,,1,2,1,1.0,6.0
201100034035,0011-06-10 09:00:00,11,6,10,9,0,540,167,FOCH (AVENUE),,,Plein jour,En agglomération,Intersection en Y,Normale,Autre collision,,,,,,,,,,,1,2,4,1.0,6.0
201100034036,0011-06-30 14:30:00,11,6,30,14,30,540,528,GENERAL BIGEARD (AVENUE),48.6667,5.88909,Plein jour,En agglomération,Intersection en T,Normale,Deux véhicules - côté,,,,,,,,,,,1,2,3,1.0,3.0
201100034037,0011-06-20 12:05:00,11,6,20,12,5,540,528,"26, ALBERT 1ER",48.6836,5.89566,Plein jour,En agglomération,Hors intersection,Pluie forte,Deux véhicules - arrière,,,,,,,,,,,1,2,1,3.0,2.0
201100034038,0011-06-17 16:20:00,11,6,17,16,20,540,528,RAYMOND POINCARE (COURS),,,Plein jour,En agglomération,Hors intersection,Normale,Autre collision,,,,,,,,,,,1,2,1,1.0,6.0
201100034039,0011-08-27 05:00:00,11,8,27,5,0,540,167,FOCH (AVENUE),,,Nuit sans éclairage public,En agglomération,Intersection en X,Normale,Deux véhicules - frontale,,,,,,,,,,,3,2,2,1.0,1.0
201100034040,0011-09-09 14:35:00,11,9,9,14,35,540,528,SAINT MANSUY,,,Plein jour,En agglomération,Intersection en Y,Normale,Deux véhicules - côté,,,,,,,,,,,1,2,4,1.0,3.0
201100034041,0011-09-09 17:00:00,11,9,9,17,0,540,528,BOULEVARD  DE   L' EUROP,,,Plein jour,En agglomération,Intersection en T,Normale,Deux véhicules - côté,,,,,,,,,,,1,2,3,1.0,3.0
201100034042,0011-10-26 19:55:00,11,10,26,19,55,540,528,COLONEL GRANDVAL (AVENUE,,,Nuit avec éclairage allumé,En agglomération,Intersection en X,Normale,Deux véhicules - frontale,,,,,,,,,,,5,2,2,1.0,1.0
201100034043,0011-11-20 14:00:00,11,11,20,14,0,540,167,ALBERT LEBRUN,,,Plein jour,En agglomération,Intersection en T,Normale,Deux véhicules - frontale,,,,,,,,,,,1,2,3,1.0,1.0
201100034044,0011-12-12 13:55:00,11,12,12,13,55,540,528,RD960,,,Plein jour,Hors agglomération,Intersection en T,Normale,Deux véhicules - côté,,,,,,,,,,,1,1,3,1.0,3.0
201100034045,0011-12-16 07:45:00,11,12,16,7,45,540,528,COLONEL GRANDVAL (AVENUE,,,Nuit avec éclairage allumé,En agglomération,Hors intersection,Pluie forte,Autre collision,,,,,,,,,,,5,2,1,3.0,6.0
201100034046,0011-01-07 17:10:00,11,1,7,17,10,540,575,NATIONALE 52 (ROUTE),49.4637,5.8501,Nuit sans éclairage public,En agglomération,Hors intersection,Normale,Sans collision,,,,,,,,,,,3,2,1,1.0,7.0
201100034047,0011-01-18 12:10:00,11,1,18,12,10,540,580,"4, LEBRUN ALBERT (RUE)",,,Plein jour,En agglomération,Hors intersection,Pluie légère,Autre collision,,,,,,,,,,,1,2,1,2.0,6.0
201100034048,0011-05-20 20:35:00,11,5,20,20,35,540,575,NATIONALE 52 (ROUTE),49.48758,5.81343,Crépuscule ou aube,Hors agglomération,Hors intersection,Normale,Autre collision,,,,,,,,,,,2,1,1,1.0,6.0
201100034049,0011-06-02 05:15:00,11,6,2,5,15,540,270,"04, GARE (RUE DE LA)",49.49805,5.8663,Crépuscule ou aube,En agglomération,Hors intersection,Normale,Autre collision,,,,,,,,,,,2,2,1,1.0,6.0
201100034050,0011-06-19 00:09:00,11,6,19,0,9,540,575,DEPARTEMENTALE 26 (ROUTE,49.47794,5.85648,Nuit avec éclairage allumé,Hors agglomération,Autre intersection,Pluie forte,Trois véhicules et plus - collisions multiples,,,,,,,,,,,5,1,9,3.0,5.0
201100034051,0011-06-24 08:26:00,11,6,24,8,26,540,149,RD521/RD57,49.43892,5.91352,Plein jour,Hors agglomération,Intersection en X,Normale,Deux véhicules - arrière,,,,,,,,,,,1,1,2,1.0,2.0
201100034052,0011-07-08 22:30:00,11,7,8,22,30,540,149,NATIONALE 52 (ROUTE),,,Nuit sans éclairage public,Hors agglomération,Hors intersection,Normale,Deux véhicules - côté,,,,,,,,,,,3,1,1,1.0,3.0
201100034053,0011-08-13 11:30:00,11,8,13,11,30,540,525,BALZAC HONORE DE (RUE),,,Plein jour,Hors agglomération,Hors intersection,Normale,Sans collision,,,,,,,,,,,1,1,1,1.0,7.0
201100034054,0011-09-22 09:53:00,11,9,22,9,53,540,575,NATIONALE 52 (ROUTE),,,Plein jour,Hors agglomération,Hors intersection,Normale,Deux véhicules - arrière,,,,,,,,,,,1,1,1,1.0,2.0
201100034055,0011-11-04 07:35:00,11,11,4,7,35,540,575,"SANS, ZONE INDUSTRIELLE",,,Crépuscule ou aube,Hors agglomération,Hors intersection,Pluie légère,Deux véhicules - frontale,,,,,,,,,,,2,1,1,2.0,1.0
201100034056,0011-11-30 14:40:00,11,11,30,14,40,540,575,"1, HUSSIGNY (ROUTE D')",,,Plein jour,Hors agglomération,Intersection en T,Temps couvert,Deux véhicules - côté,,,,,,,,,,,1,1,3,8.0,3.0
201100034057,0011-12-09 14:51:00,11,12,9,14,51,540,270,D26 (CHEMIN DEPARTEMENTA,,,Plein jour,Hors agglomération,Hors intersection,Temps couvert,Trois véhicules et plus - collisions multiples,,,,,,,,,,,1,1,1,8.0,5.0
201100034058,0011-01-01 04:30:00,11,1,1,4,30,550,29,"10, 94EME RI ( AVENUE DU",,,Nuit avec éclairage allumé,En agglomération,Hors intersection,Normale,Sans collision,,,,,,,,,,,5,2,1,1.0,7.0
201100034059,0011-02-23 15:40:00,11,2,23,15,40,550,186,D994,,,Plein jour,Hors agglomération,Intersection en T,Normale,Deux véhicules - côté,,,,,,,,,,,1,1,3,1.0,3.0
201100034060,0011-03-03 14:10:00,11,3,3,14,10,550,29,"15, DE GAULLE ( RUE DU G",,,Plein jour,En agglomération,Hors intersection,Normale,Deux véhicules - arrière,,,,,,,,,,,1,2,1,1.0,2.0
201100034061,0011-03-28 18:30:00,11,3,28,18,30,550,29,avenue du 8 mai 1945,48.7671,5.18016,Plein jour,En agglomération,Hors intersection,Normale,Deux véhicules - frontale,,,,,,,,,,,1,2,1,1.0,1.0
201100034062,0011-04-08 20:30:00,11,4,8,20,30,550,302,RN 1135,48.75142,5.20847,Crépuscule ou aube,Hors agglomération,Hors intersection,Normale,Deux véhicules - frontale,,,,,,,,,,,2,1,1,1.0,1.0
201100034063,0011-05-02 10:55:00,11,5,2,10,55,550,29,"6, LIBERATION ( AVENUE D",,,Plein jour,En agglomération,Hors intersection,Normale,Trois véhicules et plus - en chaîne,,,,,,,,,,,1,2,1,1.0,4.0
201100034064,0011-05-04 12:20:00,11,5,4,12,20,550,29,SCHUMAN ( RUE ROBERT ),,,Plein jour,En agglomération,Giratoire,Normale,Deux véhicules - côté,,,,,,,,,,,1,2,6,1.0,3.0
201100034065,0011-05-28 20:00:00,11,5,28,20,0,550,186,D146,,,Plein jour,Hors agglomération,Hors intersection,Normale,Sans collision,,,,,,,,,,,1,1,1,1.0,7.0
201100034066,0011-06-23 13:25:00,11,6,23,13,25,550,29,"20, SEBASTOPOL ( RUE DE",,,Plein jour,En agglomération,Hors intersection,Normale,Deux véhicules - arrière,,,,,,,,,,,1,2,1,1.0,2.0
201100034067,0011-06-24 13:35:00,11,6,24,13,35,550,29,"9, ETOILE ( RUE DE L' )",,,Plein jour,En agglomération,Hors intersection,Normale,Autre collision,,,,,,,,,,,1,2,1,1.0,6.0
201100034068,0011-07-09 11:30:00,11,7,9,11,30,550,29,"08, CHAMPION ( RUE DU DO",,,Plein jour,En agglomération,Hors intersection,Normale,Deux véhicules - arrière,,,,,,,,,,,1,2,1,1.0,2.0
201100034069,0011-09-03 12:55:00,11,9,3,12,55,550,29,LIBERATION ( AVENUE DE L,,,Plein jour,En agglomération,Hors intersection,Normale,Deux véhicules - côté,,,,,,,,,,,1,2,1,1.0,3.0
201100034070,0011-09-12 13:20:00,11,9,12,13,20,550,29,"1, SAINT URBAIN ( RUE )",,,Plein jour,En agglomération,Hors intersection,Normale,Deux véhicules - côté,,,,,,,,,,,1,2,1,1.0,3.0
201100034071,0011-09-19 07:35:00,11,9,19,7,35,550,29,"70, SAINT MIHIEL ( RUE D",,,Plein jour,En agglomération,Hors intersection,Normale,Sans collision,,,,,,,,,,,1,2,1,1.0,7.0
201100034072,0011-09-27 15:35:00,11,9,27,15,35,550,29,VERDUN ( RUE DE ),,,Plein jour,En agglomération,Hors intersection,Normale,Sans collision,,,,,,,,,,,1,2,1,1.0,7.0
201100034073,0011-10-09 21:25:00,11,10,9,21,25,550,29,AVENUE DE LA GRANDE TERR,,,Nuit avec éclairage allumé,En agglomération,Hors intersection,Pluie légère,Sans collision,,,,,,,,,,,5,2,1,2.0,7.0
201100034074,0011-10-21 17:20:00,11,10,21,17,20,550,29,"66, POINCARE ( BOULEVARD",48.77801,5.15296,Plein jour,En agglomération,Hors intersection,Normale,Deux véhicules - arrière,,,,,,,,,,,1,2,1,1.0,2.0
201100034075,0011-10-26 16:30:00,11,10,26,16,30,550,476,D180,,,Plein jour,Hors agglomération,Hors intersection,Normale,Sans collision,,,,,,,,,,,1,1,1,1.0,7.0
201100034076,0011-10-29 14:00:00,11,10,29,14,0,550,29,"5, BRADFER ( RUE ERNEST",,,Plein jour,En agglomération,Autre intersection,Normale,Trois véhicules et plus - en chaîne,,,,,,,,,,,1,2,9,1.0,4.0
201100034077,0011-11-22 11:00:00,11,11,22,11,0,550,29,"2, ARC ( RUE JEANNE D' )",,,Plein jour,En agglomération,Hors intersection,Normale,Sans collision,,,,,,,,,,,1,2,1,1.0,7.0
201100034078,0011-11-26 17:50:00,11,11,26,17,50,550,29,SAINCERE ( RUE ),,,Nuit avec éclairage allumé,En agglomération,Hors intersection,Normale,Autre collision,,,,,,,,,,,5,2,1,1.0,6.0
201100034079,0011-11-30 23:25:00,11,11,30,23,25,550,29,RN135,,,Nuit sans éclairage public,Hors agglomération,Hors intersection,Normale,Sans collision,,,,,,,,,,,3,1,1,1.0,7.0
201100034080,0011-01-26 18:10:00,11,1,26,18,10,550,545,HUIT MAI 1945 ( DU ),49.15801,5.3922,Nuit avec éclairage allumé,En agglomération,Hors intersection,Pluie légère,Sans collision,,,,,,,,,,,5,2,1,2.0,7.0
201100034081,0011-01-28 17:30:00,11,1,28,17,30,550,545,"36, MIRIBEL ( AVENUE )",49.16774,5.39026,Crépuscule ou aube,En agglomération,Hors intersection,Normale,Deux véhicules - arrière,,,,,,,,,,,2,2,1,1.0,2.0
201100034082,0011-01-30 05:45:00,11,1,30,5,45,550,236,CD 903,49.13954,5.41163,Nuit sans éclairage public,Hors agglomération,Hors intersection,Normale,Autre collision,,,,,,,,,,,3,1,1,1.0,6.0
201100034083,0011-03-11 14:10:00,11,3,11,14,10,550,43,"50, REPUBLIQUE ( DE LA )",49.1761,5.38184,Plein jour,En agglomération,Intersection en X,Normale,Autre collision,,,,,,,,,,,1,2,2,1.0,6.0
201100034084,0011-04-10 10:55:00,11,4,10,10,55,550,505,PIERRE GOUBET ET JEAN VA,49.16512,5.36234,Plein jour,En agglomération,Intersection en T,Normale,Deux véhicules - côté,,,,,,,,,,,1,2,3,1.0,3.0
201100034085,0011-04-11 20:00:00,11,4,11,20,0,550,42,BASSE,,,Plein jour,Hors agglomération,Hors intersection,Normale,Autre collision,,,,,,,,,,,1,1,1,1.0,6.0
201100034086,0011-05-06 23:50:00,11,5,6,23,50,550,545,ARGONNE ( ROUTE DE L' ),49.13803,5.32294,Nuit sans éclairage public,Hors agglomération,Hors intersection,Normale,Autre collision,,,,,,,,,,,3,1,1,1.0,6.0
201100034087,0011-06-02 20:30:00,11,6,2,20,30,550,545,DIGUE (PLACE DE LA ),49.15609,5.3863,Crépuscule ou aube,En agglomération,Hors intersection,Normale,Autre collision,,,,,,,,,,,2,2,1,1.0,6.0
201100034088,0011-08-11 15:25:00,11,8,11,15,25,550,545,ARGONNE ( ROUTE DE L' ),,,Plein jour,Hors agglomération,Intersection en Y,Normale,Deux véhicules - frontale,,,,,,,,,,,1,1,4,1.0,1.0
201100034089,0011-08-16 17:40:00,11,8,16,17,40,550,545,COMMANDANT RAYNAL ( AVEN,,,Plein jour,En agglomération,Intersection en T,Normale,Deux véhicules - côté,,,,,,,,,,,1,2,3,1.0,3.0
201100034090,0011-08-21 18:10:00,11,8,21,18,10,550,236,CD 903,,,Plein jour,Hors agglomération,Hors intersection,Normale,Autre collision,,,,,,,,,,,1,1,1,1.0,6.0
201100034091,0011-08-25 15:45:00,11,8,25,15,45,550,545,LUXEMBOURG ( AVENUE DU ),,,Plein jour,En agglomération,Hors intersection,Normale,Autre collision,,,,,,,,,,,1,2,1,1.0,6.0
201100034092,0011-09-16 14:15:00,11,9,16,14,15,550,43,CD 0964,49.18606,5.37189,Plein jour,Hors agglomération,Intersection en X,Normale,Deux véhicules - côté,,,,,,,,,,,1,1,2,1.0,3.0
201100034093,0011-09-24 12:25:00,11,9,24,12,25,550,545,ANTHOUARD  ( D' ),49.15783,5.38573,Plein jour,En agglomération,Hors intersection,Normale,Sans collision,,,,,,,,,,,1,2,1,1.0,7.0
201100034094,0011-10-08 16:10:00,11,10,8,16,10,550,236,CD 903,49.13765,5.42862,Plein jour,Hors agglomération,Hors intersection,Pluie légère,Autre collision,,,,,,,,,,,1,1,1,2.0,6.0
201100034095,0011-10-16 01:25:00,11,10,16,1,25,550,545,ARGONNE ( ROUTE DE L' ),,,Nuit sans éclairage public,Hors agglomération,Hors intersection,Normale,Autre collision,,,,,,,,,,,3,1,1,1.0,6.0
201100034096,0011-10-18 17:10:00,11,10,18,17,10,550,545,ANDRE BEAUGUITTE (PLACE,,,Crépuscule ou aube,En agglomération,Giratoire,Pluie légère,Deux véhicules - côté,,,,,,,,,,,2,2,6,2.0,3.0
201100034097,0011-10-20 13:40:00,11,10,20,13,40,550,236,CD 903,49.1331,5.44633,Plein jour,Hors agglomération,Hors intersection,Normale,Autre collision,,,,,,,,,,,1,1,1,1.0,6.0
201100034098,0011-11-11 15:30:00,11,11,11,15,30,550,545,SAINT VANNE ( MONTEE ),,,Plein jour,En agglomération,Hors intersection,Normale,Autre collision,,,,,,,,,,,1,2,1,1.0,6.0
201100034099,0011-11-21 17:40:00,11,11,21,17,40,550,545,CHEVERT ( PLACE ),,,Crépuscule ou aube,En agglomération,Giratoire,Normale,Sans collision,,,,,,,,,,,2,2,6,1.0,7.0
201100034100,0011-12-12 17:00:00,11,12,12,17,0,550,545,PIERRE DEMATHIEU,,,Nuit avec éclairage non allumé,En agglomération,Autre intersection,Pluie légère,Deux véhicules - frontale,,,,,,,,,,,4,2,9,2.0,1.0
201100034101,0011-12-16 06:30:00,11,12,16,6,30,550,545,ONZE SIEGES ( PLACE DES,49.15775,5.39508,Nuit sans éclairage public,En agglomération,Hors intersection,Pluie légère,Autre collision,,,,,,,,,,,3,2,1,2.0,6.0
201100034102,0011-01-02 10:20:00,11,1,2,10,20,560,107,"., KERGALAN OU CD 185 (D",47.70799,-3.41468,Plein jour,Hors agglomération,Giratoire,Normale,Deux véhicules - côté,,,,,,,,,,,1,1,6,1.0,3.0
201100034103,0011-01-05 12:05:00,11,1,5,12,5,560,121,"59, BELGIQUE (RUE  DE )",47.75922,-3.37944,Plein jour,En agglomération,Hors intersection,Pluie légère,Deux véhicules - arrière,,,,,,,,,,,1,2,1,2.0,2.0
201100034104,0011-01-06 23:15:00,11,1,6,23,15,560,121,"., TOULLEC (RUE  FRANCOI",47.7335,-3.38534,Nuit avec éclairage allumé,En agglomération,Intersection en X,Normale,Deux véhicules - côté,,,,,,,,,,,5,2,2,1.0,3.0
201100034105,0011-01-07 06:40:00,11,1,7,6,40,560,98,"., ECHANGEUR RN 165",47.77839,-3.34518,Nuit avec éclairage allumé,En agglomération,Hors intersection,Vent fort / tempête,Sans collision,,,,,,,,,,,5,2,1,6.0,7.0
201100034106,0011-01-07 08:29:00,11,1,7,8,29,560,121,"., COSMAO-DUMANOIR ( BD",47.75365,-3.36951,Nuit avec éclairage allumé,En agglomération,Hors intersection,Vent fort / tempête,Sans collision,,,,,,,,,,,5,2,1,6.0,7.0
201100034107,0011-01-07 10:20:00,11,1,7,10,20,560,121,"03, SVOB ( BOULEVARD EMM",47.75066,-3.36747,Plein jour,En agglomération,Hors intersection,Normale,Autre collision,,,,,,,,,,,1,2,1,1.0,6.0
201100034108,0011-01-07 10:51:00,11,1,7,10,51,560,121,"., MULLER ( DU COLONEL J",47.76817,-3.40434,Plein jour,En agglomération,Intersection en T,Normale,Trois véhicules et plus - collisions multiples,,,,,,,,,,,1,2,3,1.0,5.0
201100034109,0011-01-07 11:35:00,11,1,7,11,35,560,121,"21, NORMANDIE ( BD ET IM",47.75841,-3.37041,Plein jour,En agglomération,Hors intersection,Normale,Trois véhicules et plus - collisions multiples,,,,,,,,,,,1,2,1,1.0,5.0
201100034110,0011-01-11 08:50:00,11,1,11,8,50,560,83,ROUTE NATIONALE  165,,,Nuit avec éclairage non allumé,Hors agglomération,Hors intersection,Normale,Deux véhicules - arrière,,,,,,,,,,,4,1,1,1.0,2.0
201100034111,0011-01-14 19:45:00,11,1,14,19,45,560,83,"., CARADEC (IMP  JEAN-MI",47.80474,-3.25753,Nuit avec éclairage allumé,En agglomération,Hors intersection,Normale,Autre collision,,,,,,,,,,,5,2,1,1.0,6.0
201100034112,0011-01-14 13:50:00,11,1,14,13,50,560,162,"., STADE (AVENUE DU)",47.73381,-3.43278,Plein jour,En agglomération,Intersection en X,Pluie légère,Deux véhicules - côté,,,,,,,,,,,1,2,2,2.0,3.0
201100034113,0011-01-15 10:33:00,11,1,15,10,33,560,121,"., SCORFF ( BD DU )",47.76408,-3.36742,Plein jour,En agglomération,Intersection en X,Normale,Deux véhicules - côté,,,,,,,,,,,1,2,2,1.0,3.0
201100034114,0011-01-19 19:28:00,11,1,19,19,28,560,83,"., QUIMPERO ( ET RD-POIN",47.80628,-3.25926,Nuit avec éclairage allumé,Hors agglomération,Giratoire,Normale,Sans collision,,,,,,,,,,,5,1,6,1.0,7.0
201100034115,0011-01-21 23:45:00,11,1,21,23,45,560,98,"217, JAURES (RUE  JEAN )",47.77007,-3.35016,Nuit avec éclairage allumé,En agglomération,Intersection en X,Normale,Deux véhicules - côté,,,,,,,,,,,5,2,2,1.0,3.0
201100034116,0011-01-22 01:55:00,11,1,22,1,55,560,121,"., CARNEL (RUE  DE )",47.73969,-3.36875,Nuit avec éclairage allumé,En agglomération,Intersection en T,Normale,Deux véhicules - côté,,,,,,,,,,,5,2,3,1.0,3.0
201100034117,0011-01-24 14:46:00,11,1,24,14,46,560,98,"., LANN-SEVELIN (ROND PO",47.77764,-3.34386,Plein jour,En agglomération,Hors intersection,Normale,Sans collision,,,,,,,,,,,1,2,1,1.0,7.0
201100034118,0011-01-26 18:48:00,11,1,26,18,48,560,121,"., DAGAU (RUE  MAURICE )",47.76191,-3.40259,Nuit avec éclairage allumé,En agglomération,Hors intersection,Normale,Autre collision,,,,,,,,,,,5,2,1,1.0,6.0
201100034119,0011-01-26 19:35:00,11,1,26,19,35,560,121,"., KERJULAUDE ( RUE DE )",47.7433,-3.38222,Nuit avec éclairage allumé,En agglomération,Hors intersection,Pluie légère,Deux véhicules - arrière,,,,,,,,,,,5,2,1,2.0,2.0
201100034120,0011-01-28 16:20:00,11,1,28,16,20,560,121,"1, FERRY ( PL. JULES )",47.74687,-3.36591,Plein jour,En agglomération,Hors intersection,Normale,Sans collision,,,,,,,,,,,1,2,1,1.0,7.0
201100034121,0011-01-30 04:40:00,11,1,30,4,40,560,98,ROUTE NATIONALE 165,,,Nuit sans éclairage public,Hors agglomération,Hors intersection,Normale,Sans collision,,,,,,,,,,,3,1,1,1.0,7.0
201100034122,0011-01-31 11:00:00,11,1,31,11,0,560,121,"., JACOB ( RP. MAX )",47.75413,-3.38341,Plein jour,En agglomération,Hors intersection,Normale,Sans collision,,,,,,,,,,,1,2,1,1.0,7.0
201100034123,0011-01-31 14:40:00,11,1,31,14,40,560,121,"., MULLER ( DU COLONEL J",47.76458,-3.39802,Plein jour,En agglomération,Intersection en T,Normale,Deux véhicules - côté,,,,,,,,,,,1,2,3,1.0,3.0
201100034124,0011-02-01 18:59:00,11,2,1,18,59,560,98,"., KERFREHOUR (HLM GEN.",47.76529,-3.33426,Nuit avec éclairage allumé,En agglomération,Hors intersection,Normale,Sans collision,,,,,,,,,,,5,2,1,1.0,7.0
201100034125,0011-02-02 21:15:00,11,2,2,21,15,560,121,"117, BLUM ( BD LEON )",47.74569,-3.38063,Nuit avec éclairage allumé,En agglomération,Hors intersection,Pluie légère,Sans collision,,,,,,,,,,,5,2,1,2.0,7.0
201100034126,0011-02-03 15:55:00,11,2,3,15,55,560,83,"., RESISTANCE (AVENUE  D",47.81554,-3.24385,Plein jour,En agglomération,Intersection en X,Normale,Deux véhicules - arrière,,,,,,,,,,,1,2,2,1.0,2.0
201100034127,0011-02-08 10:04:00,11,2,8,10,4,560,162,"., KERVAM (RUE DE)",47.73565,-3.4276,Plein jour,En agglomération,Intersection en X,Normale,Sans collision,,,,,,,,,,,1,2,2,1.0,7.0