accident_id,datetime,annee,mois,jour,heure,minute,departement,commune_insee,adresse,latitude,longitude,luminosite,agglomeration,intersection,meteo,collision,nb_vehicules,nb_usagers,nb_indemnes,nb_tues,nb_blesses_hosp,nb_blesses_legers,age_cond_1,age_cond_2,veh_type_cond_1,veh_type_cond_2,lum_code,agg_code,int_code,atm_code,col_code
201100034128,0011-02-11 23:25:00,11,2,11,23,25,560,121,"., SPITZ (RUE  AMIRAL DE",47.76358,-3.37034,Nuit avec éclairage allumé,En agglomération,Hors intersection,Pluie légère,Sans collision,,,,,,,,,,,5,2,1,2.0,7.0
201100034129,0011-02-12 16:19:00,11,2,12,16,19,560,121,"., SVOB ( BOULEVARD EMMA",47.75161,-3.36922,Plein jour,En agglomération,Giratoire,Normale,Deux véhicules - côté,,,,,,,,,,,1,2,6,1.0,3.0
201100034130,0011-02-13 00:35:00,11,2,13,0,35,560,162,ROUTE DEPARTEMENTALE 152,,,Nuit avec éclairage allumé,Hors agglomération,Hors intersection,Pluie légère,Sans collision,,,,,,,,,,,5,1,1,2.0,7.0
201100034131,0011-02-18 06:00:00,11,2,18,6,0,560,121,"., SCORFF ( BD DU )",47.76014,-3.36606,Nuit avec éclairage allumé,En agglomération,Giratoire,Normale,Deux véhicules - côté,,,,,,,,,,,5,2,6,1.0,3.0
201100034132,0011-02-18 13:40:00,11,2,18,13,40,560,121,"., BLUM ( BD LEON )",47.7466,-3.37784,Plein jour,En agglomération,Hors intersection,Normale,Sans collision,,,,,,,,,,,1,2,1,1.0,7.0
201100034133,0011-02-18 19:55:00,11,2,18,19,55,560,121,"., VILLE EN BOIS (RUE  D",47.75704,-3.35646,Nuit avec éclairage allumé,En agglomération,Intersection en X,Normale,Deux véhicules - côté,,,,,,,,,,,5,2,2,1.0,3.0
201100034134,0011-02-23 13:44:00,11,2,23,13,44,560,121,"., COURBET (RUE  AMIRAL",47.74196,-3.35849,Plein jour,En agglomération,Giratoire,Temps couvert,Deux véhicules - côté,,,,,,,,,,,1,2,6,8.0,3.0
201100034135,0011-02-23 14:30:00,11,2,23,14,30,560,121,"., CHAZELLES ( COURS LOU",47.75372,-3.36245,Plein jour,En agglomération,Hors intersection,Temps couvert,Sans collision,,,,,,,,,,,1,2,1,8.0,7.0
201100034136,0011-02-24 09:09:00,11,2,24,9,9,560,83,ROUTE NATIONALE  165,,,Plein jour,Hors agglomération,Hors intersection,Temps couvert,Trois véhicules et plus - en chaîne,,,,,,,,,,,1,1,1,8.0,4.0
201100034137,0011-02-24 18:50:00,11,2,24,18,50,560,98,"3, FABIEN ( AV. DU COLON",47.76217,-3.33805,Crépuscule ou aube,En agglomération,Hors intersection,Normale,Sans collision,,,,,,,,,,,2,2,1,1.0,7.0
201100034138,0011-02-28 16:35:00,11,2,28,16,35,560,121,"., MULLER ( DU COLONEL J",47.76473,-3.39837,Plein jour,En agglomération,Hors intersection,Normale,Deux véhicules - côté,,,,,,,,,,,1,2,1,1.0,3.0
201100034139,0011-03-02 15:20:00,11,3,2,15,20,560,83,"., KERCROCH (RUE DE )",47.81225,-3.30252,Plein jour,Hors agglomération,Hors intersection,Normale,Sans collision,,,,,,,,,,,1,1,1,1.0,7.0
201100034140,0011-03-04 11:20:00,11,3,4,11,20,560,162,"., QUEVEN (ROUTE DE)",,,Plein jour,Hors agglomération,Hors intersection,Normale,Sans collision,,,,,,,,,,,1,1,1,1.0,7.0
201100034141,0011-03-05 20:25:00,11,3,5,20,25,560,121,"6, CHAZELLES ( COURS LOU",47.7566,-3.36409,Plein jour,En agglomération,Hors intersection,Normale,Sans collision,,,,,,,,,,,1,2,1,1.0,7.0
201100034142,0011-03-08 13:47:00,11,3,8,13,47,560,121,"., LOTE (RUE  RENE )",47.7721,-3.40451,Plein jour,En agglomération,Hors intersection,Normale,Deux véhicules - frontale,,,,,,,,,,,1,2,1,1.0,1.0
201100034143,0011-03-17 12:32:00,11,3,17,12,32,560,121,"., LAUBOEUF (R INGENIEUR",47.74201,-3.39131,Plein jour,En agglomération,Intersection en X,Normale,Autre collision,,,,,,,,,,,1,2,2,1.0,6.0
201100034144,0011-03-18 09:30:00,11,3,18,9,30,560,121,"., FRANCE ( AVE ANATOLE",47.74711,-3.36587,Plein jour,En agglomération,Intersection en X,Normale,Deux véhicules - côté,,,,,,,,,,,1,2,2,1.0,3.0
201100034145,0011-03-18 19:21:00,11,3,18,19,21,560,83,".,AMBROISE PARE",47.81251,-3.24656,Plein jour,En agglomération,Intersection en X,Normale,Deux véhicules - arrière,,,,,,,,,,,1,2,2,1.0,2.0
201100034146,0011-03-19 19:10:00,11,3,19,19,10,560,98,"16, REPUBLIQUE (RUE DE L",47.75697,-3.34504,Plein jour,En agglomération,Hors intersection,Normale,Autre collision,,,,,,,,,,,1,2,1,1.0,6.0
201100034147,0011-03-22 08:39:00,11,3,22,8,39,560,162,"., D 162 E",47.73283,-3.48417,Plein jour,Hors agglomération,Intersection en X,Normale,Trois véhicules et plus - en chaîne,,,,,,,,,,,1,1,2,1.0,4.0
201100034148,0011-03-24 07:55:00,11,3,24,7,55,560,162,"., CELTES (RUE DES)",47.73696,-3.43667,Plein jour,En agglomération,Giratoire,Temps éblouissant,Deux véhicules - arrière,,,,,,,,,,,1,2,6,7.0,2.0
201100034149,0011-03-24 14:37:00,11,3,24,14,37,560,98,"., TRUDAINE (RUE  DANIEL",47.77633,-3.33865,Plein jour,En agglomération,Intersection en T,Normale,Deux véhicules - côté,,,,,,,,,,,1,2,3,1.0,3.0
201100034150,0011-03-31 12:20:00,11,3,31,12,20,560,98,"., PONT DU BONHOMME (AVE",,,Plein jour,Hors agglomération,Hors intersection,Pluie légère,Sans collision,,,,,,,,,,,1,1,1,2.0,7.0
201100034151,0011-03-31 13:24:00,11,3,31,13,24,560,83,"., GARDELOUPE ( R-P DE L",47.79965,-3.26051,Plein jour,En agglomération,Giratoire,Pluie légère,Sans collision,,,,,,,,,,,1,2,6,2.0,7.0
201100034152,0011-04-01 19:40:00,11,4,1,19,40,560,83,"., RN 165",,,Plein jour,Hors agglomération,Hors intersection,Normale,Autre collision,,,,,,,,,,,1,1,1,1.0,6.0
201100034153,0011-04-02 08:45:00,11,4,2,8,45,560,121,"17, DORVAL (RUE  MARIE )",47.74599,-3.35852,Crépuscule ou aube,En agglomération,Intersection en X,Normale,Sans collision,,,,,,,,,,,2,2,2,1.0,7.0
201100034154,0011-04-02 11:14:00,11,4,2,11,14,560,121,"44, VERDUN (RUE  DE )",47.75934,-3.3657,Plein jour,En agglomération,Hors intersection,Normale,Autre collision,,,,,,,,,,,1,2,1,1.0,6.0
201100034155,0011-04-05 13:24:00,11,4,5,13,24,560,121,"., DUGUAY-TROUIN (RUE RE",47.74193,-3.36131,Plein jour,En agglomération,Intersection en X,Normale,Deux véhicules - côté,,,,,,,,,,,1,2,2,1.0,3.0
201100034156,0011-04-08 10:00:00,11,4,8,10,0,560,121,"., LOTE (RUE  RENE )",47.7721,-3.40451,Plein jour,En agglomération,Hors intersection,Normale,Deux véhicules - arrière,,,,,,,,,,,1,2,1,1.0,2.0
201100034157,0011-04-08 17:05:00,11,4,8,17,5,560,121,"4, NORMANDIE ( BD ET IMP",47.7582,-3.37102,Plein jour,En agglomération,Intersection en T,Normale,Deux véhicules - côté,,,,,,,,,,,1,2,3,1.0,3.0
201100034158,0011-04-08 20:20:00,11,4,8,20,20,560,121,"., LE PITRE (ET IMP LOUI",47.7558,-3.37948,Plein jour,En agglomération,Intersection en X,Normale,Deux véhicules - côté,,,,,,,,,,,1,2,2,1.0,3.0
201100034159,0011-04-10 17:35:00,11,4,10,17,35,560,107,"4, KERPAPE (RUE DE)",47.7064,-3.38506,Plein jour,En agglomération,Hors intersection,Normale,Autre collision,,,,,,,,,,,1,2,1,1.0,6.0
201100034160,0011-04-13 07:47:00,11,4,13,7,47,560,98,"., PELLETAN (RUE CAMILLE",47.74763,-3.3741,Plein jour,En agglomération,Intersection en T,Normale,Deux véhicules - côté,,,,,,,,,,,1,2,3,1.0,3.0
201100034161,0011-04-13 16:49:00,11,4,13,16,49,560,98,"17, MARAT (RUE JEAN PAUL",47.76965,-3.33734,Plein jour,En agglomération,Hors intersection,Normale,Sans collision,,,,,,,,,,,1,2,1,1.0,7.0
201100034162,0011-04-14 08:53:00,11,4,14,8,53,560,121,"., GAHINET (RUE  GILLES",47.74109,-3.35238,Plein jour,En agglomération,Hors intersection,Normale,Deux véhicules - côté,,,,,,,,,,,1,2,1,1.0,3.0
201100034163,0011-04-15 21:55:00,11,4,15,21,55,560,121,"., TOULLEC (RUE  FRANCOI",47.73343,-3.38523,Nuit avec éclairage allumé,En agglomération,Intersection en X,Normale,Deux véhicules - côté,,,,,,,,,,,5,2,2,1.0,3.0
201100034164,0011-04-17 00:05:00,11,4,17,0,5,560,121,"., LE CORRE ( PONT  FRAN",47.74513,-3.35856,Nuit avec éclairage allumé,En agglomération,Hors intersection,Normale,Autre collision,,,,,,,,,,,5,2,1,1.0,6.0
201100034165,0011-04-18 17:50:00,11,4,18,17,50,560,121,"04, MARNE ( AV DE LA )",47.7453,-3.36804,Plein jour,En agglomération,Hors intersection,Normale,Autre collision,,,,,,,,,,,1,2,1,1.0,6.0
201100034166,0011-04-19 12:30:00,11,4,19,12,30,560,121,"., CARNOT (RUE  LAZARE )",47.7419,-3.36136,Plein jour,En agglomération,Intersection en X,Normale,Deux véhicules - côté,,,,,,,,,,,1,2,2,1.0,3.0
201100034167,0011-04-27 11:25:00,11,4,27,11,25,560,162,"., LE GUERMEUR",47.70418,-3.44269,Plein jour,En agglomération,Hors intersection,Normale,Deux véhicules - côté,,,,,,,,,,,1,2,1,1.0,3.0
201100034168,0011-04-28 13:30:00,11,4,28,13,30,560,121,"1, ROHAN ( Q DE )",47.7471,-3.36576,Plein jour,En agglomération,Hors intersection,Normale,Deux véhicules - arrière,,,,,,,,,,,1,2,1,1.0,2.0
201100034169,0011-04-28 16:40:00,11,4,28,16,40,560,121,"9, THOREZ (RUE  MAURICE",47.74146,-3.39345,Plein jour,En agglomération,Hors intersection,Normale,Autre collision,,,,,,,,,,,1,2,1,1.0,6.0
201100034170,0011-04-29 13:31:00,11,4,29,13,31,560,121,"68, KERGUILLETTE (RUE  D",47.76515,-3.39078,Plein jour,En agglomération,Hors intersection,Normale,Sans collision,,,,,,,,,,,1,2,1,1.0,7.0
201100034171,0011-04-29 17:20:00,11,4,29,17,20,560,121,"07, KERFONTANIOU (RUE  D",47.74318,-3.37354,Plein jour,En agglomération,Hors intersection,Normale,Sans collision,,,,,,,,,,,1,2,1,1.0,7.0
201100034172,0011-04-29 20:27:00,11,4,29,20,27,560,121,"., SCORFF ( BD DU )",47.76411,-3.36783,Plein jour,En agglomération,Intersection en X,Normale,Deux véhicules - côté,,,,,,,,,,,1,2,2,1.0,3.0
201100034173,0011-05-01 03:10:00,11,5,1,3,10,560,121,"., MULLER ( DU COLONEL J",47.76596,-3.40078,Nuit avec éclairage allumé,En agglomération,Hors intersection,Pluie forte,Sans collision,,,,,,,,,,,5,2,1,3.0,7.0
201100034174,0011-05-02 16:20:00,11,5,2,16,20,560,83,"., SAINT-PIAUX (RUE DE )",47.81327,-3.25329,Plein jour,En agglomération,Hors intersection,Pluie forte,Deux véhicules - frontale,,,,,,,,,,,1,2,1,3.0,1.0
201100034175,0011-05-02 17:44:00,11,5,2,17,44,560,121,"27, JOFFRE ( BD MARECHAL",47.75235,-3.36263,Plein jour,En agglomération,Intersection en X,Normale,Autre collision,,,,,,,,,,,1,2,2,1.0,6.0
201100034176,0011-05-04 07:57:00,11,5,4,7,57,560,121,"., LE GONIDEC (RUE  J. F",47.74357,-3.39516,Plein jour,En agglomération,Giratoire,Normale,Deux véhicules - côté,,,,,,,,,,,1,2,6,1.0,3.0
201100034177,0011-05-05 10:15:00,11,5,5,10,15,560,98,KESLER-DEVILLERS ( AV. ),47.76714,-3.33951,Plein jour,En agglomération,Intersection en T,Normale,Autre collision,,,,,,,,,,,1,2,3,1.0,6.0
201100034178,0011-05-08 15:50:00,11,5,8,15,50,560,121,"03, HERRIOT ( BD EDOUARD",47.7434,-3.38101,Plein jour,En agglomération,Hors intersection,Normale,Sans collision,,,,,,,,,,,1,2,1,1.0,7.0
201100034179,0011-05-07 20:08:00,11,5,7,20,8,560,121,"28, SEGUR (RUE  DE LA CO",47.74184,-3.38948,Plein jour,En agglomération,Hors intersection,Pluie légère,Sans collision,,,,,,,,,,,1,2,1,2.0,7.0
201100034180,0011-05-11 13:50:00,11,5,11,13,50,560,121,"82, KERLIN (RUE  DE )",47.74808,-3.37958,Plein jour,En agglomération,Hors intersection,Normale,Autre collision,,,,,,,,,,,1,2,1,1.0,6.0
201100034181,0011-05-12 10:50:00,11,5,12,10,50,560,121,"., QUEUDET ( AV RAYMOND",47.76027,-3.39336,Plein jour,En agglomération,Intersection en X,Normale,Deux véhicules - arrière,,,,,,,,,,,1,2,2,1.0,2.0
201100034182,0011-05-13 05:05:00,11,5,13,5,5,560,98,"106, JAURES (RUE  JEAN )",47.76668,-3.35605,Nuit avec éclairage allumé,En agglomération,Hors intersection,Normale,Autre collision,,,,,,,,,,,5,2,1,1.0,6.0
201100034183,0011-05-15 19:55:00,11,5,15,19,55,560,83,"., REPUBLIQUE ( AVE DE L",,,Plein jour,En agglomération,Hors intersection,Normale,Autre collision,,,,,,,,,,,1,2,1,1.0,6.0
201100034184,0011-05-16 11:43:00,11,5,16,11,43,560,98,"., SEMBAT (RUE MARCEL)",47.76722,-3.34505,Plein jour,En agglomération,Hors intersection,Normale,Deux véhicules - arrière,,,,,,,,,,,1,2,1,1.0,2.0
201100034185,0011-05-18 16:08:00,11,5,18,16,8,560,162,"., 185 (ROUTE DEPARTEMEN",47.7367,-3.40137,Plein jour,En agglomération,Hors intersection,Normale,Autre collision,,,,,,,,,,,1,2,1,1.0,6.0
201100034186,0011-05-18 18:55:00,11,5,18,18,55,560,98,"2, SAINT MICHEL (RUE)",47.75807,-3.33895,Plein jour,En agglomération,Hors intersection,Normale,Deux véhicules - côté,,,,,,,,,,,1,2,1,1.0,3.0
201100034187,0011-05-20 09:45:00,11,5,20,9,45,560,83,ROUTE NATIONALE  165,,,Plein jour,Hors agglomération,Hors intersection,Normale,Sans collision,,,,,,,,,,,1,1,1,1.0,7.0
201100034188,0011-05-21 17:10:00,11,5,21,17,10,560,98,"32, SEMBAT (RUE MARCEL)",47.76181,-3.34666,Plein jour,En agglomération,Hors intersection,Normale,Sans collision,,,,,,,,,,,1,2,1,1.0,7.0
201100034189,0011-05-21 18:10:00,11,5,21,18,10,560,98,"15, DUPUY DE LOME",47.75567,-3.32757,Plein jour,En agglomération,Hors intersection,Normale,Sans collision,,,,,,,,,,,1,2,1,1.0,7.0
201100034190,0011-05-24 17:13:00,11,5,24,17,13,560,98,"., KESLER-DEVILLERS ( AV",47.76715,-3.33959,Plein jour,En agglomération,Giratoire,Normale,Deux véhicules - côté,,,,,,,,,,,1,2,6,1.0,3.0
201100034191,0011-05-24 20:04:00,11,5,24,20,4,560,83,"., POTERIE ( PLACE DE LA",47.80411,-3.28026,Crépuscule ou aube,En agglomération,Hors intersection,Normale,Sans collision,,,,,,,,,,,2,2,1,1.0,7.0
201100034192,0011-05-25 16:30:00,11,5,25,16,30,560,98,", BLUM (RUE LEON)",47.75894,-3.33647,Plein jour,En agglomération,Hors intersection,Normale,Deux véhicules - arrière,,,,,,,,,,,1,2,1,1.0,2.0
201100034193,0011-05-26 08:57:00,11,5,26,8,57,560,83,", LAVOISIER ( AVENUE )",47.79149,-3.27248,Plein jour,En agglomération,Hors intersection,Normale,Deux véhicules - arrière,,,,,,,,,,,1,2,1,1.0,2.0
201100034194,0011-05-26 13:28:00,11,5,26,13,28,560,121,"., JOFFRE ( BD MARECHAL",47.75174,-3.36521,Plein jour,En agglomération,Hors intersection,Normale,Sans collision,,,,,,,,,,,1,2,1,1.0,7.0
201100034195,0011-05-29 16:45:00,11,5,29,16,45,560,121,"4, KERVENANEC (RUE  DE )",47.73869,-3.38753,Plein jour,En agglomération,Intersection en X,Normale,Sans collision,,,,,,,,,,,1,2,2,1.0,7.0
201100034196,0011-05-30 10:00:00,11,5,30,10,0,560,121,ROUTE DEPARTEMENTALE 465,47.74451,-3.3855,Plein jour,En agglomération,Hors intersection,Normale,Deux véhicules - arrière,,,,,,,,,,,1,2,1,1.0,2.0
201100034197,0011-05-30 16:53:00,11,5,30,16,53,560,121,"., FREBAULT (RUE  DU GEN",47.74095,-3.37274,Plein jour,En agglomération,Intersection en X,Normale,Deux véhicules - côté,,,,,,,,,,,1,2,2,1.0,3.0
201100034198,0011-06-02 14:40:00,11,6,2,14,40,560,98,"29, PHILIPPE (RUE GERARD",47.76699,-3.36009,Plein jour,En agglomération,Hors intersection,Normale,Deux véhicules - frontale,,,,,,,,,,,1,2,1,1.0,1.0
201100034199,0011-06-03 00:35:00,11,6,3,0,35,560,121,"., CLISSON (RUE ET SQUAR",47.75054,-3.36292,Nuit avec éclairage allumé,En agglomération,Intersection en X,Normale,Deux véhicules - côté,,,,,,,,,,,5,2,2,1.0,3.0
201100034200,0011-06-03 19:00:00,11,6,3,19,0,560,107,"., MINIO (RUE DU)",47.71771,-3.38399,Plein jour,En agglomération,Giratoire,Normale,Deux véhicules - arrière,,,,,,,,,,,1,2,6,1.0,2.0
201100034201,0011-06-04 18:46:00,11,6,4,18,46,560,83,"., TOUL DOUAR (RD PT)",47.79691,-3.30028,Plein jour,En agglomération,Giratoire,Normale,Sans collision,,,,,,,,,,,1,2,6,1.0,7.0
201100034202,0011-06-06 17:07:00,11,6,6,17,7,560,98,"., BRIZEUX (RUE  AUGUSTE",47.76796,-3.35544,Plein jour,En agglomération,Intersection en X,Normale,Deux véhicules - côté,,,,,,,,,,,1,2,2,1.0,3.0
201100034203,0011-06-07 20:05:00,11,6,7,20,5,560,121,"., BLUM ( BD LEON )",47.74723,-3.37646,Plein jour,En agglomération,Giratoire,Normale,Deux véhicules - côté,,,,,,,,,,,1,2,6,1.0,3.0
201100034204,0011-06-09 11:58:00,11,6,9,11,58,560,162,"., KERVAM (RUE DE)",47.7357,-3.42761,Plein jour,En agglomération,Hors intersection,Normale,Deux véhicules - frontale,,,,,,,,,,,1,2,1,1.0,1.0
201100034205,0011-06-10 10:20:00,11,6,10,10,20,560,121,"02, POULORIO (RUE ET IMP",47.7566,-3.36474,Plein jour,En agglomération,Hors intersection,Normale,Sans collision,,,,,,,,,,,1,2,1,1.0,7.0
201100034206,0011-06-14 09:24:00,11,6,14,9,24,560,98,"., RACINE (RUE  JEAN )",47.76944,-3.34767,Plein jour,En agglomération,Intersection en T,Normale,Deux véhicules - côté,,,,,,,,,,,1,2,3,1.0,3.0
201100034207,0011-06-16 14:07:00,11,6,16,14,7,560,121,"55, MONTAGNES (RUE  DES",47.74074,-3.38786,Plein jour,En agglomération,Intersection en X,Normale,Deux véhicules - côté,,,,,,,,,,,1,2,2,1.0,3.0
201100034208,0011-06-17 17:00:00,11,6,17,17,0,560,98,"., KERMORVAN (RUE  DE )",47.76594,-3.31629,Plein jour,En agglomération,Hors intersection,Normale,Deux véhicules - arrière,,,,,,,,,,,1,2,1,1.0,2.0
201100034209,0011-06-20 10:41:00,11,6,20,10,41,560,121,"1, VENTSPILS (RUE  DE )",47.74623,-3.38927,Plein jour,En agglomération,Hors intersection,Pluie légère,Sans collision,,,,,,,,,,,1,2,1,2.0,7.0
201100034210,0011-06-21 09:02:00,11,6,21,9,2,560,98,"., CROIZAT ( AVE AMBROIS",47.77514,-3.34635,Plein jour,En agglomération,Intersection en T,Normale,Deux véhicules - arrière,,,,,,,,,,,1,2,3,1.0,2.0
201100034211,0011-06-21 10:00:00,11,6,21,10,0,560,121,"83, MONISTROL (RUE)",47.73434,-3.38474,Plein jour,En agglomération,Hors intersection,Normale,Autre collision,,,,,,,,,,,1,2,1,1.0,6.0
201100034212,0011-06-21 18:15:00,11,6,21,18,15,560,83,"., D 769",47.80994,-3.29112,Plein jour,Hors agglomération,Hors intersection,Normale,Deux véhicules - côté,,,,,,,,,,,1,1,1,1.0,3.0
201100034213,0011-06-22 11:50:00,11,6,22,11,50,560,121,"., COMEDIE ( PASS. DE LA",47.74792,-3.36274,Plein jour,En agglomération,Hors intersection,Normale,Autre collision,,,,,,,,,,,1,2,1,1.0,6.0
201100034214,0011-06-23 11:30:00,11,6,23,11,30,560,98,CROIZAT ( AVE AMBROISE ),47.77514,-3.34635,Plein jour,En agglomération,Intersection en T,Normale,Deux véhicules - côté,,,,,,,,,,,1,2,3,1.0,3.0
201100034215,0011-06-24 00:20:00,11,6,24,0,20,560,121,"09, MERVILLE (RUE  JEAN",47.74505,-3.37579,Nuit avec éclairage allumé,En agglomération,Hors intersection,Normale,Autre collision,,,,,,,,,,,5,2,1,1.0,6.0
201100034216,0011-06-25 10:15:00,11,6,25,10,15,560,121,"41, MONISTROL (RUE)",47.73737,-3.38244,Plein jour,En agglomération,Hors intersection,Normale,Deux véhicules - côté,,,,,,,,,,,1,2,1,1.0,3.0
201100034217,0011-06-26 06:55:00,11,6,26,6,55,560,162,"4, LANGOUSTINES (ALLEE D",47.69937,-3.45375,Plein jour,En agglomération,Hors intersection,Normale,Autre collision,,,,,,,,,,,1,2,1,1.0,6.0
201100034218,0011-06-26 10:46:00,11,6,26,10,46,560,162,"., KERSCOUET",,,Plein jour,Hors agglomération,Intersection en X,Normale,Deux véhicules - côté,,,,,,,,,,,1,1,2,1.0,3.0
201100034219,0011-06-26 14:40:00,11,6,26,14,40,560,107,"., ROUTE DEPARTEMENTALE",,,Plein jour,Hors agglomération,Hors intersection,Normale,Deux véhicules - côté,,,,,,,,,,,1,1,1,1.0,3.0
201100034220,0011-06-26 19:35:00,11,6,26,19,35,560,98,CORNEILLE (RUE  PIERRE ),47.76807,-3.34762,Plein jour,En agglomération,Intersection en X,Normale,Deux véhicules - côté,,,,,,,,,,,1,2,2,1.0,3.0
201100034221,0011-06-27 18:40:00,11,6,27,18,40,560,162,"., FONTAINE ST PIERRE (I",47.74034,-3.42763,Plein jour,En agglomération,Hors intersection,Normale,Deux véhicules - côté,,,,,,,,,,,1,2,1,1.0,3.0
201100034222,0011-06-27 19:10:00,11,6,27,19,10,560,121,"., BOUVREUILS (RUE  DES",47.7352,-3.39357,Plein jour,En agglomération,Intersection en X,Normale,Deux véhicules - côté,,,,,,,,,,,1,2,2,1.0,3.0
201100034223,0011-06-28 16:58:00,11,6,28,16,58,560,121,"., LE COAT SAINT HAOUEN",47.74609,-3.3957,Plein jour,En agglomération,Intersection en T,Normale,Deux véhicules - arrière,,,,,,,,,,,1,2,3,1.0,2.0
201100034224,0011-06-29 19:25:00,11,6,29,19,25,560,107,"., KERGALAN OU CD 185 (D",,,Plein jour,Hors agglomération,Hors intersection,Normale,Autre collision,,,,,,,,,,,1,1,1,1.0,6.0
201100034225,0011-06-29 19:47:00,11,6,29,19,47,560,98,"., DUCLOS (RUE  JACQUES",47.77432,-3.34009,Plein jour,En agglomération,Giratoire,Normale,Deux véhicules - côté,,,,,,,,,,,1,2,6,1.0,3.0
201100034226,0011-06-30 07:45:00,11,6,30,7,45,560,162,"., LE GAILLEC",47.76,-3.4078,Plein jour,Hors agglomération,Hors intersection,Normale,Sans collision,,,,,,,,,,,1,1,1,1.0,7.0
201100034227,0011-07-02 01:35:00,11,7,2,1,35,560,107,"., QUELISOY COTE (LIEU D",47.7306,-3.38616,Nuit avec éclairage allumé,En agglomération,Intersection en Y,Normale,Autre collision,,,,,,,,,,,5,2,4,1.0,6.0
201100034228,0011-07-04 15:05:00,11,7,4,15,5,560,98,"., REPUBLIQUE (RUE DE LA",47.7575,-3.34137,Plein jour,En agglomération,Intersection en X,Normale,Deux véhicules - côté,,,,,,,,,,,1,2,2,1.0,3.0
201100034229,0011-07-04 10:50:00,11,7,4,10,50,560,121,"27, JAURES ( AVE JEAN )",47.74522,-3.3731,Plein jour,En agglomération,Hors intersection,Normale,Sans collision,,,,,,,,,,,1,2,1,1.0,7.0
201100034230,0011-07-04 15:53:00,11,7,4,15,53,560,162,"., 185 (ROUTE DEPARTEMEN",47.73218,-3.40473,Plein jour,Hors agglomération,Intersection en T,Normale,Deux véhicules - côté,,,,,,,,,,,1,1,3,1.0,3.0
201100034231,0011-07-08 13:20:00,11,7,8,13,20,560,162,"., 185 (ROUTE DEPARTEMEN",47.73301,-3.40393,Plein jour,Hors agglomération,Hors intersection,Pluie forte,Deux véhicules - frontale,,,,,,,,,,,1,1,1,3.0,1.0
201100034232,0011-07-08 13:40:00,11,7,8,13,40,560,121,"., CHAZELLES ( COURS LOU",47.75375,-3.36232,Plein jour,En agglomération,Intersection en T,Pluie forte,Deux véhicules - côté,,,,,,,,,,,1,2,3,3.0,3.0
201100034233,0011-07-09 15:50:00,11,7,9,15,50,560,83,"., RN 165",,,Plein jour,Hors agglomération,Hors intersection,Normale,Trois véhicules et plus - collisions multiples,,,,,,,,,,,1,1,1,1.0,5.0
201100034234,0011-07-09 21:30:00,11,7,9,21,30,560,98,"61, CROIZAT ( AVE AMBROI",47.77453,-3.34661,Crépuscule ou aube,En agglomération,Hors intersection,Normale,Deux véhicules - côté,,,,,,,,,,,2,2,1,1.0,3.0
201100034235,0011-07-11 17:58:00,11,7,11,17,58,560,162,"., D 163",,,Plein jour,Hors agglomération,Hors intersection,Normale,Deux véhicules - arrière,,,,,,,,,,,1,1,1,1.0,2.0
201100034236,0011-07-11 19:41:00,11,7,11,19,41,560,121,"., CHAZELLES ( COURS LOU",47.75284,-3.36167,Plein jour,En agglomération,Intersection en Y,Normale,Deux véhicules - frontale,,,,,,,,,,,1,2,4,1.0,1.0
201100034237,0011-07-15 07:53:00,11,7,15,7,53,560,98,"., SCORFF (RUE  DU )",47.76203,-3.36325,Plein jour,En agglomération,Hors intersection,Normale,Deux véhicules - frontale,,,,,,,,,,,1,2,1,1.0,1.0
201100034238,0011-07-15 15:20:00,11,7,15,15,20,560,121,"43, FREBAULT (RUE  DU GE",47.73916,-3.37775,Plein jour,En agglomération,Hors intersection,Normale,Autre collision,,,,,,,,,,,1,2,1,1.0,6.0
201100034239,0011-07-15 19:50:00,11,7,15,19,50,560,121,"7, GUIEYSSE (RUE  PAUL )",47.75678,-3.36568,Plein jour,En agglomération,Hors intersection,Pluie légère,Deux véhicules - côté,,,,,,,,,,,1,2,1,2.0,3.0
201100034240,0011-07-16 16:06:00,11,7,16,16,6,560,121,"., GAHINET (RUE  GILLES",47.74167,-3.35399,Plein jour,En agglomération,Intersection en T,Pluie forte,Deux véhicules - côté,,,,,,,,,,,1,2,3,3.0,3.0
201100034241,0011-07-16 21:50:00,11,7,16,21,50,560,83,"52, BOUETIEZ ( ET IMP. D",47.80588,-3.24687,Nuit avec éclairage allumé,Hors agglomération,Hors intersection,Normale,Sans collision,,,,,,,,,,,5,1,1,1.0,7.0
201100034242,0011-07-19 14:41:00,11,7,19,14,41,560,121,"., MARNE ( AV DE LA )",47.74286,-3.36831,Plein jour,En agglomération,Hors intersection,Normale,Deux véhicules - côté,,,,,,,,,,,1,2,1,1.0,3.0
201100034243,0011-07-19 14:57:00,11,7,19,14,57,560,162,"., KAOLINS (PLAGE DES )",47.70497,-3.45999,Plein jour,Hors agglomération,Hors intersection,Normale,Trois véhicules et plus - collisions multiples,,,,,,,,,,,1,1,1,1.0,5.0
201100034244,0011-07-21 10:34:00,11,7,21,10,34,560,98,"64, JAURES (RUE  JEAN )",47.76541,-3.35848,Plein jour,En agglomération,Intersection en T,Normale,Deux véhicules - côté,,,,,,,,,,,1,2,3,1.0,3.0
201100034245,0011-07-22 15:22:00,11,7,22,15,22,560,121,"40, CARNEL (RUE  DE )",47.73879,-3.36859,Plein jour,En agglomération,Intersection en T,Normale,Deux véhicules - côté,,,,,,,,,,,1,2,3,1.0,3.0
201100034246,0011-07-23 16:09:00,11,7,23,16,9,560,121,"06, JEGOU (RUE  FRANCOIS",47.75984,-3.3686,Plein jour,En agglomération,Hors intersection,Normale,Sans collision,,,,,,,,,,,1,2,1,1.0,7.0