accident_id,datetime,annee,mois,jour,heure,minute,departement,commune_insee,adresse,latitude,longitude,luminosite,agglomeration,intersection,meteo,collision,nb_vehicules,nb_usagers,nb_indemnes,nb_tues,nb_blesses_hosp,nb_blesses_legers,age_cond_1,age_cond_2,veh_type_cond_1,veh_type_cond_2,lum_code,agg_code,int_code,atm_code,col_code
201100034602,0011-12-07 15:10:00,11,12,7,15,10,570,463,"00, JEAN XXIII (AVENUE )",49.11332,6.18303,Plein jour,En agglomération,Hors intersection,Normale,Autre collision,,,,,,,,,,,1,2,1,1.0,6.0
201100034603,0011-12-09 19:30:00,11,12,9,19,30,570,463,"19, DRAPIERS (RUE DES )",49.11504,6.2474,Nuit avec éclairage allumé,En agglomération,Intersection en X,Normale,Deux véhicules - côté,,,,,,,,,,,5,2,2,1.0,3.0
201100034604,0011-12-11 01:35:00,11,12,11,1,35,570,487,"00, JOUY (ROUTE DE )",,,Nuit avec éclairage allumé,En agglomération,Intersection en X,Normale,Deux véhicules - frontale,,,,,,,,,,,5,2,2,1.0,1.0
201100034605,0011-12-14 17:15:00,11,12,14,17,15,570,751,"85, THIONVILLE (AVENUE )",,,Nuit avec éclairage allumé,En agglomération,Hors intersection,Pluie légère,Autre collision,,,,,,,,,,,5,2,1,2.0,6.0
201100034606,0011-12-17 10:30:00,11,12,17,10,30,570,463,"25 bis, LAFAYETTE (RUE )",49.10757,6.17229,Plein jour,En agglomération,Hors intersection,Normale,Autre collision,,,,,,,,,,,1,2,1,1.0,6.0
201100034607,0011-12-17 20:40:00,11,12,17,20,40,570,463,"00, STRASBOURG (AVENUE D",49.08972,6.22787,Nuit avec éclairage allumé,Hors agglomération,Hors intersection,Normale,Autre collision,,,,,,,,,,,5,1,1,1.0,6.0
201100034608,0011-12-22 15:35:00,11,12,22,15,35,570,487,"00, RD 157B",,,Plein jour,Hors agglomération,Hors intersection,Normale,Autre collision,,,,,,,,,,,1,1,1,1.0,6.0
201100034609,0011-12-25 17:46:00,11,12,25,17,46,570,463,"0, HENRI II (AVENUE )",,,Nuit avec éclairage allumé,En agglomération,Intersection en T,Pluie légère,Autre collision,,,,,,,,,,,5,2,3,2.0,6.0
201100034610,0011-02-01 19:35:00,11,2,1,19,35,570,630,BUHL (ROUTE DE),,,Nuit avec éclairage allumé,En agglomération,Hors intersection,Normale,Deux véhicules - frontale,,,,,,,,,,,5,2,1,1.0,1.0
201100034611,0011-04-21 14:25:00,11,4,21,14,25,570,630,JOFFRE (MARECHAL)L,,,Plein jour,En agglomération,Hors intersection,Normale,Trois véhicules et plus - en chaîne,,,,,,,,,,,1,2,1,1.0,4.0
201100034612,0011-05-27 12:25:00,11,5,27,12,25,570,566,HILBESHEIM,,,Plein jour,En agglomération,Hors intersection,Normale,Deux véhicules - frontale,,,,,,,,,,,1,2,1,1.0,1.0
201100034613,0011-06-16 18:50:00,11,6,16,18,50,570,630,NIDERVILLER,,,Plein jour,Hors agglomération,Hors intersection,Temps couvert,Trois véhicules et plus - collisions multiples,,,,,,,,,,,1,1,1,8.0,5.0
201100034614,0011-08-06 16:28:00,11,8,6,16,28,570,630,LUNEVILLE,,,Plein jour,En agglomération,Intersection en Y,Pluie légère,Deux véhicules - côté,,,,,,,,,,,1,2,4,2.0,3.0
201100034615,0011-09-15 08:10:00,11,9,15,8,10,570,630,LUMIERE (AUGUSTE),48.74463,7.07141,Plein jour,Hors agglomération,Intersection en X,Temps éblouissant,Deux véhicules - côté,,,,,,,,,,,1,1,2,7.0,3.0
201100034616,0011-08-06 14:10:00,11,8,6,14,10,570,630,RD 955,,,Plein jour,Hors agglomération,Intersection en X,Pluie forte,Deux véhicules - côté,,,,,,,,,,,1,1,2,3.0,3.0
201100034617,0011-08-26 09:30:00,11,8,26,9,30,570,630,BELLEVUE (DE),,,Plein jour,Hors agglomération,Intersection en X,Normale,Deux véhicules - côté,,,,,,,,,,,1,1,2,1.0,3.0
201100034618,0011-07-22 18:30:00,11,7,22,18,30,570,630,SARREGUEMINES,,,Plein jour,En agglomération,Intersection en X,Normale,Deux véhicules - côté,,,,,,,,,,,1,2,2,1.0,3.0
201100034619,0011-09-29 10:00:00,11,9,29,10,0,570,630,FRANCE (AV),,,Plein jour,En agglomération,Hors intersection,Normale,Deux véhicules - côté,,,,,,,,,,,1,2,1,1.0,3.0
201100034620,0011-09-26 11:45:00,11,9,26,11,45,570,630,LUMIERE (AUGUSTE),,,Plein jour,Hors agglomération,Hors intersection,Normale,Deux véhicules - arrière,,,,,,,,,,,1,1,1,1.0,2.0
201100034621,0011-09-15 13:50:00,11,9,15,13,50,570,630,PONTS (RUE DES ),,,Plein jour,En agglomération,Hors intersection,Normale,Autre collision,,,,,,,,,,,1,2,1,1.0,6.0
201100034622,0011-09-24 18:35:00,11,9,24,18,35,570,566,NANCY,,,Plein jour,En agglomération,Hors intersection,Normale,Deux véhicules - côté,,,,,,,,,,,1,2,1,1.0,3.0
201100034623,0011-11-15 17:30:00,11,11,15,17,30,570,566,NANCY,,,Nuit avec éclairage allumé,En agglomération,Intersection en X,Normale,Deux véhicules - côté,,,,,,,,,,,5,2,2,1.0,3.0
201100034624,0011-11-20 09:30:00,11,11,20,9,30,570,119,NIDERVILLER,,,Plein jour,En agglomération,Hors intersection,Normale,Autre collision,,,,,,,,,,,1,2,1,1.0,6.0
201100034625,0011-04-01 09:15:00,11,4,1,9,15,570,631,"22, PARC (RUE DU) C3-C4",49.10774,7.06504,Plein jour,En agglomération,Intersection en X,Pluie légère,Autre collision,,,,,,,,,,,1,2,2,2.0,6.0
201100034626,0011-05-22 19:10:00,11,5,22,19,10,570,631,"1, ROSSIGNOLS (RUE DES)",49.10088,7.04782,Plein jour,En agglomération,Intersection en T,Normale,Autre collision,,,,,,,,,,,1,2,3,1.0,6.0
201100034627,0011-05-25 19:30:00,11,5,25,19,30,570,631,", GEIGER (RUE)",,,Plein jour,En agglomération,Intersection en X,Normale,Deux véhicules - côté,,,,,,,,,,,1,2,2,1.0,3.0
201100034628,0011-08-12 11:55:00,11,8,12,11,55,570,631,"142, BITCHE (RUE DE) DU",,,Plein jour,Hors agglomération,Intersection en T,Normale,Deux véhicules - côté,,,,,,,,,,,1,1,3,1.0,3.0
201100034629,0011-10-14 12:05:00,11,10,14,12,5,570,631,"57, BITCHE (RUE DE)DU N?",,,Plein jour,En agglomération,Intersection en X,Normale,Deux véhicules - arrière,,,,,,,,,,,1,2,2,1.0,2.0
201100034630,0011-01-06 10:25:00,11,1,6,10,25,570,666,"135, VERDUN (ROUTE DE)",49.34695,6.13536,Plein jour,En agglomération,Hors intersection,Pluie légère,Autre collision,,,,,,,,,,,1,2,1,2.0,6.0
201100034631,0011-01-06 18:20:00,11,1,6,18,20,570,672,"21, DOUAI (AVENUE DE)",49.3662,6.17347,Nuit avec éclairage allumé,En agglomération,Hors intersection,Pluie légère,Deux véhicules - frontale,,,,,,,,,,,5,2,1,2.0,1.0
201100034632,0011-01-17 09:15:00,11,1,17,9,15,570,672,"1, WAX (RUE)",49.35937,6.16217,Plein jour,En agglomération,Intersection en X,Normale,Autre collision,,,,,,,,,,,1,2,2,1.0,6.0
201100034633,0011-01-19 14:45:00,11,1,19,14,45,570,672,EUROPTE (CHAUSSEE D'),,,Plein jour,En agglomération,Hors intersection,Normale,Autre collision,,,,,,,,,,,1,2,1,1.0,6.0
201100034634,0011-01-04 07:30:00,11,1,4,7,30,570,672,GARCHE (ROUTE DE),,,Nuit avec éclairage allumé,Hors agglomération,Intersection en X,Normale,Deux véhicules - côté,,,,,,,,,,,5,1,2,1.0,3.0
201100034635,0011-01-24 17:20:00,11,1,24,17,20,570,306,"74, VERDUN (RUE DE)",49.32763,6.0559,Nuit avec éclairage allumé,En agglomération,Hors intersection,Normale,Trois véhicules et plus - collisions multiples,,,,,,,,,,,5,2,1,1.0,5.0
201100034636,0011-01-26 07:35:00,11,1,26,7,35,570,368,"71, REPUBLIQUE (RUE DE L",,,Nuit avec éclairage allumé,En agglomération,Hors intersection,Pluie légère,Deux véhicules - frontale,,,,,,,,,,,5,2,1,2.0,1.0
201100034637,0011-01-28 17:55:00,11,1,28,17,55,570,672,"34, TERRASSE (ALLEE DE L",49.36546,6.14315,Nuit avec éclairage allumé,Hors agglomération,Hors intersection,Pluie légère,Deux véhicules - arrière,,,,,,,,,,,5,1,1,2.0,2.0
201100034638,0011-01-28 02:30:00,11,1,28,2,30,570,672,METZ (ROUTE),,,Nuit sans éclairage public,Hors agglomération,Hors intersection,Normale,Autre collision,,,,,,,,,,,3,1,1,1.0,6.0
201100034639,0011-01-28 17:10:00,11,1,28,17,10,570,12,"7, MARIE DOUCHET (RUE)",49.35743,6.04827,Crépuscule ou aube,Hors agglomération,Hors intersection,Normale,Autre collision,,,,,,,,,,,2,1,1,1.0,6.0
201100034640,0011-01-29 14:58:00,11,1,29,14,58,570,12,"56, FOCH (RUE)",,,Plein jour,En agglomération,Hors intersection,Normale,Deux véhicules - arrière,,,,,,,,,,,1,2,1,1.0,2.0
201100034641,0011-01-31 09:55:00,11,1,31,9,55,570,508,"1, MOSELLE (RUE DE LA)",,,Plein jour,Hors agglomération,Intersection en X,Normale,Autre collision,,,,,,,,,,,1,1,2,1.0,6.0
201100034642,0011-02-03 12:40:00,11,2,3,12,40,570,368,REPUBLIQUE (RUE DE LA ),,,Plein jour,En agglomération,Intersection en X,Normale,Deux véhicules - côté,,,,,,,,,,,1,2,2,1.0,3.0
201100034643,0011-02-06 13:05:00,11,2,6,13,5,570,672,OEUTRANGE (ROUTE D'),,,Plein jour,Hors agglomération,Hors intersection,Normale,Deux véhicules - frontale,,,,,,,,,,,1,1,1,1.0,1.0
201100034644,0011-02-07 11:20:00,11,2,7,11,20,570,757,"88, Nations (Avenue)",,,Plein jour,En agglomération,Intersection en X,Normale,Deux véhicules - côté,,,,,,,,,,,1,2,2,1.0,3.0
201100034645,0011-02-10 09:40:00,11,2,10,9,40,570,306,"12, LIBERTE (ESPLANADE D",49.32955,6.06578,Plein jour,En agglomération,Hors intersection,Normale,Deux véhicules - arrière,,,,,,,,,,,1,2,1,1.0,2.0
201100034646,0011-02-11 15:25:00,11,2,11,15,25,570,672,"35, CLEMENCEAU (AVENUE)",49.36184,6.16519,Plein jour,En agglomération,Hors intersection,Normale,Deux véhicules - arrière,,,,,,,,,,,1,2,1,1.0,2.0
201100034647,0011-02-14 06:45:00,11,2,14,6,45,570,306,VOSGES (RUE DES),49.31422,6.07935,Nuit sans éclairage public,En agglomération,Intersection en X,Normale,Deux véhicules - arrière,,,,,,,,,,,3,2,2,1.0,2.0
201100034648,0011-02-20 11:48:00,11,2,20,11,48,570,221,"36, GRAND'RUE",,,Plein jour,Hors agglomération,Hors intersection,Pluie légère,Deux véhicules - frontale,,,,,,,,,,,1,1,1,2.0,1.0
201100034649,0011-02-22 12:00:00,11,2,22,12,0,570,221,"1, ROMAINS (RUE DES)",,,Plein jour,En agglomération,Intersection en X,Normale,Deux véhicules - côté,,,,,,,,,,,1,2,2,1.0,3.0
201100034650,0011-02-24 18:50:00,11,2,24,18,50,570,757,ILLANGE (ROUTE D' ),,,Nuit avec éclairage allumé,Hors agglomération,Hors intersection,Pluie légère,Deux véhicules - arrière,,,,,,,,,,,5,1,1,2.0,2.0
201100034651,0011-02-28 14:10:00,11,2,28,14,10,570,666,"201, VERDUN (ROUTE DE)",49.34237,6.13376,Plein jour,En agglomération,Hors intersection,Normale,Deux véhicules - frontale,,,,,,,,,,,1,2,1,1.0,1.0
201100034652,0011-03-04 21:45:00,11,3,4,21,45,570,306,"16, CLEMENCEAU (RUE)",49.32886,6.06234,Nuit avec éclairage allumé,En agglomération,Hors intersection,Normale,Autre collision,,,,,,,,,,,5,2,1,1.0,6.0
201100034653,0011-03-08 15:30:00,11,3,8,15,30,570,672,"5, MARCHAL (QUAI)",,,Plein jour,En agglomération,Hors intersection,Normale,Deux véhicules - arrière,,,,,,,,,,,1,2,1,1.0,2.0
201100034654,0011-03-08 18:20:00,11,3,8,18,20,570,666,"9, FORGERON (RUE DU)",49.35479,6.13126,Crépuscule ou aube,En agglomération,Intersection en X,Normale,Deux véhicules - côté,,,,,,,,,,,2,2,2,1.0,3.0
201100034655,0011-03-10 09:40:00,11,3,10,9,40,570,757,"51, BORDEAUX (RUE DE)",49.36078,6.21407,Plein jour,En agglomération,Intersection en X,Normale,Deux véhicules - côté,,,,,,,,,,,1,2,2,1.0,3.0
201100034656,0011-03-12 20:10:00,11,3,12,20,10,570,221,ROMAINS (RUE DES),,,Nuit avec éclairage allumé,En agglomération,Intersection en X,Pluie légère,Deux véhicules - côté,,,,,,,,,,,5,2,2,2.0,3.0
201100034657,0011-03-15 06:30:00,11,3,15,6,30,570,672,MERLIN (ROND POINT),,,Crépuscule ou aube,En agglomération,Hors intersection,Normale,Deux véhicules - arrière,,,,,,,,,,,2,2,1,1.0,2.0
201100034658,0011-03-15 08:20:00,11,3,15,8,20,570,672,"32, MANEGE (RUE DU)",49.36016,6.16411,Plein jour,En agglomération,Hors intersection,Normale,Autre collision,,,,,,,,,,,1,2,1,1.0,6.0
201100034659,0011-03-15 11:45:00,11,3,15,11,45,570,672,"7, CLEMENCEAU (AVENUE) 1",49.35998,6.16926,Plein jour,En agglomération,Hors intersection,Normale,Autre collision,,,,,,,,,,,1,2,1,1.0,6.0
201100034660,0011-03-18 06:55:00,11,3,18,6,55,570,672,"21, GENERAL MANGIN (RUE)",49.35692,6.1606,Crépuscule ou aube,En agglomération,Intersection en X,Normale,Deux véhicules - côté,,,,,,,,,,,2,2,2,1.0,3.0
201100034661,0011-03-18 19:10:00,11,3,18,19,10,570,672,"11, CRAUSER (QUAI)",,,Nuit avec éclairage allumé,En agglomération,Hors intersection,Pluie légère,Autre collision,,,,,,,,,,,5,2,1,2.0,6.0
201100034662,0011-03-21 10:35:00,11,3,21,10,35,570,666,"----, 14 JUILLET (AVENUE",49.35487,6.13014,Plein jour,En agglomération,Hors intersection,Normale,Deux véhicules - côté,,,,,,,,,,,1,2,1,1.0,3.0
201100034663,0011-03-21 14:40:00,11,3,21,14,40,570,306,"53, FOCH (RUE )",49.33006,6.06142,Plein jour,En agglomération,Hors intersection,Normale,Autre collision,,,,,,,,,,,1,2,1,1.0,6.0
201100034664,0011-03-29 18:05:00,11,3,29,18,5,570,221,LONGWY (RUE DE),,,Plein jour,En agglomération,Hors intersection,Normale,Deux véhicules - côté,,,,,,,,,,,1,2,1,1.0,3.0
201100034665,0011-03-25 17:45:00,11,3,25,17,45,570,221,"18, OURY (RUE D')",49.32069,6.11823,Plein jour,En agglomération,Hors intersection,Normale,Autre collision,,,,,,,,,,,1,2,1,1.0,6.0
201100034666,0011-03-27 15:40:00,11,3,27,15,40,570,12,"22, LORRAINE (RUE DE)",49.35912,6.04533,Plein jour,En agglomération,Intersection en X,Normale,Deux véhicules - côté,,,,,,,,,,,1,2,2,1.0,3.0
201100034667,0011-03-29 09:15:00,11,3,29,9,15,570,672,"67, GUISE (AVENUE DE) -",49.36691,6.16881,Plein jour,En agglomération,Hors intersection,Normale,Autre collision,,,,,,,,,,,1,2,1,1.0,6.0
201100034668,0011-03-31 14:55:00,11,3,31,14,55,570,306,CD 17,,,Plein jour,En agglomération,Hors intersection,Normale,Deux véhicules - frontale,,,,,,,,,,,1,2,1,1.0,1.0
201100034669,0011-04-03 12:15:00,11,4,3,12,15,570,221,"102, VERDUN (RUE DE)",,,Plein jour,Hors agglomération,Hors intersection,Pluie légère,Autre collision,,,,,,,,,,,1,1,1,2.0,6.0
201100034670,0011-04-04 17:20:00,11,4,4,17,20,570,757,Nations (Avenue),,,Plein jour,Hors agglomération,Hors intersection,Normale,Trois véhicules et plus - collisions multiples,,,,,,,,,,,1,1,1,1.0,5.0
201100034671,0011-04-07 05:25:00,11,4,7,5,25,570,672,"51, ALBERT 1ER (AVENUE)",,,Nuit avec éclairage allumé,En agglomération,Hors intersection,Normale,Autre collision,,,,,,,,,,,5,2,1,1.0,6.0
201100034672,0011-04-07 07:10:00,11,4,7,7,10,570,221,"8,  ARTISANS (RUE DES)",49.31439,6.12714,Plein jour,Hors agglomération,Hors intersection,Normale,Deux véhicules - frontale,,,,,,,,,,,1,1,1,1.0,1.0
201100034673,0011-04-08 11:55:00,11,4,8,11,55,570,672,"35, ASIE (CHAUSSEE D') -",49.36524,6.15154,Plein jour,En agglomération,Hors intersection,Normale,Autre collision,,,,,,,,,,,1,2,1,1.0,6.0
201100034674,0011-04-09 10:20:00,11,4,9,10,20,570,306,"65, MENDES FRANCE (RUE P",,,Plein jour,En agglomération,Intersection en X,Normale,Deux véhicules - côté,,,,,,,,,,,1,2,2,1.0,3.0
201100034675,0011-04-15 19:10:00,11,4,15,19,10,570,306,"1, MENDES FRANCE (RUE PI",,,Plein jour,En agglomération,Hors intersection,Normale,Deux véhicules - arrière,,,,,,,,,,,1,2,1,1.0,2.0
201100034676,0011-04-22 10:15:00,11,4,22,10,15,570,221,"115, LORRAINE (AVENUE DE",,,Plein jour,En agglomération,Hors intersection,Normale,Deux véhicules - arrière,,,,,,,,,,,1,2,1,1.0,2.0
201100034677,0011-04-22 10:50:00,11,4,22,10,50,570,12,"103, CLEMENCEAU (RUE)",,,Plein jour,En agglomération,Hors intersection,Normale,Deux véhicules - frontale,,,,,,,,,,,1,2,1,1.0,1.0
201100034678,0011-04-22 11:25:00,11,4,22,11,25,570,306,"154, VOLKRANGE (IMPASSE",,,Plein jour,En agglomération,Hors intersection,Normale,Deux véhicules - arrière,,,,,,,,,,,1,2,1,1.0,2.0
201100034679,0011-04-24 22:00:00,11,4,24,22,0,570,672,"73, FOCH (BOULEVARD)",49.36056,6.16369,Nuit avec éclairage allumé,En agglomération,Intersection en X,Normale,Deux véhicules - côté,,,,,,,,,,,5,2,2,1.0,3.0
201100034680,0011-04-27 16:20:00,11,4,27,16,20,570,306,CD 13,,,Plein jour,Hors agglomération,Hors intersection,Normale,Deux véhicules - arrière,,,,,,,,,,,1,1,1,1.0,2.0
201100034681,0011-05-03 13:35:00,11,5,3,13,35,570,221,"53, ETOILE (RUE DE L')",,,Plein jour,En agglomération,Hors intersection,Normale,Trois véhicules et plus - collisions multiples,,,,,,,,,,,1,2,1,1.0,5.0
201100034682,0011-05-04 20:35:00,11,5,4,20,35,570,306,"11, MENDES FRANCE (RUE P",,,Crépuscule ou aube,En agglomération,Hors intersection,Normale,Deux véhicules - frontale,,,,,,,,,,,2,2,1,1.0,1.0
201100034683,0011-05-07 09:45:00,11,5,7,9,45,570,757,"33-35, BORDEAUX (RUE DE)",49.3612,6.21314,Plein jour,Hors agglomération,Hors intersection,Normale,Autre collision,,,,,,,,,,,1,1,1,1.0,6.0
201100034684,0011-05-08 19:25:00,11,5,8,19,25,570,647,"79, GAULLE (RUE CHARLES",,,Plein jour,En agglomération,Hors intersection,Normale,Autre collision,,,,,,,,,,,1,2,1,1.0,6.0
201100034685,0011-05-09 07:50:00,11,5,9,7,50,570,672,"1, PAYS HAUT (RUE DU)",49.35535,6.15811,Plein jour,En agglomération,Hors intersection,Normale,Deux véhicules - côté,,,,,,,,,,,1,2,1,1.0,3.0
201100034686,0011-05-12 09:30:00,11,5,12,9,30,570,221,METZ (ROUTE DE),,,Plein jour,Hors agglomération,Hors intersection,Normale,Autre collision,,,,,,,,,,,1,1,1,1.0,6.0
201100034687,0011-05-12 20:11:00,11,5,12,20,11,570,306,CD 17,,,Plein jour,Hors agglomération,Intersection en T,Normale,Deux véhicules - côté,,,,,,,,,,,1,1,3,1.0,3.0
201100034688,0011-05-16 17:55:00,11,5,16,17,55,570,672,"1, LUXEMBOURG (PLACE DU)",49.35927,6.16985,Plein jour,En agglomération,Intersection en X,Normale,Autre collision,,,,,,,,,,,1,2,2,1.0,6.0
201100034689,0011-05-17 17:00:00,11,5,17,17,0,570,672,"31, ALBERT 1ER (AVENUE)",,,Plein jour,En agglomération,Hors intersection,Normale,Autre collision,,,,,,,,,,,1,2,1,1.0,6.0
201100034690,0011-05-21 18:50:00,11,5,21,18,50,570,672,"1, pelerins (chemin des)",49.39549,6.11615,Plein jour,Hors agglomération,Hors intersection,Normale,Deux véhicules - frontale,,,,,,,,,,,1,1,1,1.0,1.0
201100034691,0011-05-22 15:10:00,11,5,22,15,10,570,306,"28, SOGERAIL (USINE SAIN",,,Plein jour,En agglomération,Hors intersection,Normale,Deux véhicules - arrière,,,,,,,,,,,1,2,1,1.0,2.0
201100034692,0011-05-18 13:20:00,11,5,18,13,20,570,221,ROMAINS (RUE DES),49.32964,6.13491,Plein jour,Hors agglomération,Hors intersection,Normale,Deux véhicules - arrière,,,,,,,,,,,1,1,1,1.0,2.0
201100034693,0011-05-22 16:15:00,11,5,22,16,15,570,672,CROIX-HEPICH (ROUTE DE L,,,Plein jour,Hors agglomération,Hors intersection,Normale,Deux véhicules - côté,,,,,,,,,,,1,1,1,1.0,3.0
201100034694,0011-05-23 13:50:00,11,5,23,13,50,570,672,"55, FOCH (BOULEVARD)",49.35858,6.16125,Plein jour,En agglomération,Hors intersection,Normale,Autre collision,,,,,,,,,,,1,2,1,1.0,6.0
201100034695,0011-05-24 17:30:00,11,5,24,17,30,570,757,"34, Nations (Avenue)",,,Plein jour,En agglomération,Hors intersection,Normale,Autre collision,,,,,,,,,,,1,2,1,1.0,6.0
201100034696,0011-05-27 17:00:00,11,5,27,17,0,570,666,"1, 14 JUILLET (AVENUE DU",,,Plein jour,En agglomération,Hors intersection,Normale,Deux véhicules - côté,,,,,,,,,,,1,2,1,1.0,3.0
201100034697,0011-05-30 06:09:00,11,5,30,6,9,570,306,CD 13,,,Plein jour,Hors agglomération,Hors intersection,Temps éblouissant,Deux véhicules - arrière,,,,,,,,,,,1,1,1,7.0,2.0
201100034698,0011-06-06 12:15:00,11,6,6,12,15,570,672,"4, CRAUSER (QUAI)",,,Plein jour,Hors agglomération,Hors intersection,Normale,Autre collision,,,,,,,,,,,1,1,1,1.0,6.0
201100034699,0011-06-06 16:20:00,11,6,6,16,20,570,508,"46, FOCH (RUE)",,,Plein jour,En agglomération,Hors intersection,Normale,Deux véhicules - arrière,,,,,,,,,,,1,2,1,1.0,2.0
201100034700,0011-06-08 23:20:00,11,6,8,23,20,570,306,"2, WENDEL (RUE DE)",,,Nuit avec éclairage allumé,En agglomération,Hors intersection,Normale,Autre collision,,,,,,,,,,,5,2,1,1.0,6.0
201100034701,0011-06-14 14:00:00,11,6,14,14,0,570,672,VERDUN (RUE DE),,,Plein jour,En agglomération,Hors intersection,Normale,Deux véhicules - côté,,,,,,,,,,,1,2,1,1.0,3.0
201100034702,0011-06-14 15:10:00,11,6,14,15,10,570,672,"1, CRAUSER (QUAI)",,,Plein jour,En agglomération,Hors intersection,Normale,Deux véhicules - arrière,,,,,,,,,,,1,2,1,1.0,2.0
201100034703,0011-06-16 17:40:00,11,6,16,17,40,570,672,METZ (ROUTE),,,Plein jour,Hors agglomération,Hors intersection,Normale,Autre collision,,,,,,,,,,,1,1,1,1.0,6.0
201100034704,0011-06-17 17:10:00,11,6,17,17,10,570,757,"103, KUNTZIG (RUE DE)",49.35331,6.21125,Plein jour,Hors agglomération,Hors intersection,Normale,Deux véhicules - côté,,,,,,,,,,,1,1,1,1.0,3.0
201100034705,0011-06-20 12:30:00,11,6,20,12,30,570,221,"110, LORRAINE (AVENUE DE",,,Plein jour,En agglomération,Intersection en X,Normale,Autre collision,,,,,,,,,,,1,2,2,1.0,6.0
201100034706,0011-06-21 13:40:00,11,6,21,13,40,570,672,"1, BEL AIR (ALLEE) - IMP",49.36554,6.15191,Plein jour,Hors agglomération,Intersection en X,Normale,Deux véhicules - côté,,,,,,,,,,,1,1,2,1.0,3.0
201100034707,0011-06-23 11:45:00,11,6,23,11,45,570,306,"02, ARLOIS (RUE D')",49.35201,6.05956,Plein jour,Hors agglomération,Hors intersection,Pluie légère,Autre collision,,,,,,,,,,,1,1,1,2.0,6.0
201100034708,0011-06-24 13:05:00,11,6,24,13,5,570,672,"3, MOLIERE (RUE)",49.36764,6.15334,Plein jour,En agglomération,Hors intersection,Normale,Autre collision,,,,,,,,,,,1,2,1,1.0,6.0
201100034709,0011-06-28 18:25:00,11,6,28,18,25,570,221,"11, NATIONALE (RUE)",,,Plein jour,En agglomération,Hors intersection,Normale,Autre collision,,,,,,,,,,,1,2,1,1.0,6.0
201100034710,0011-06-29 07:30:00,11,6,29,7,30,570,221,"52, GRAND'RUE",49.32736,6.12238,Plein jour,En agglomération,Intersection en T,Normale,Deux véhicules - côté,,,,,,,,,,,1,2,3,1.0,3.0
201100034711,0011-06-30 21:55:00,11,6,30,21,55,570,306,"80, VERDUN (RUE DE)",,,Crépuscule ou aube,En agglomération,Intersection en T,Normale,Deux véhicules - côté,,,,,,,,,,,2,2,3,1.0,3.0
201100034712,0011-07-07 07:30:00,11,7,7,7,30,570,672,"1, ROBERT SCHUMANN (BOUL",,,Plein jour,En agglomération,Hors intersection,Normale,Autre collision,,,,,,,,,,,1,2,1,1.0,6.0
201100034713,0011-07-12 08:20:00,11,7,12,8,20,570,757,"05, rue de LORRAINE",49.34908,6.17944,Plein jour,En agglomération,Hors intersection,Normale,Deux véhicules - côté,,,,,,,,,,,1,2,1,1.0,3.0
201100034714,0011-07-12 18:40:00,11,7,12,18,40,570,666,"1, 14 JUILLET (AVENUE DU",49.35077,6.12876,Plein jour,Hors agglomération,Hors intersection,Normale,Deux véhicules - côté,,,,,,,,,,,1,1,1,1.0,3.0
201100034715,0011-07-15 14:25:00,11,7,15,14,25,570,221,"1, ROMAINS (RUE DES)",,,Plein jour,En agglomération,Intersection en X,Normale,Deux véhicules - côté,,,,,,,,,,,1,2,2,1.0,3.0
201100034716,0011-07-15 20:15:00,11,7,15,20,15,570,672,ARLON (ROUTE D'),,,Plein jour,En agglomération,Hors intersection,Normale,Autre collision,,,,,,,,,,,1,2,1,1.0,6.0
201100034717,0011-07-21 13:25:00,11,7,21,13,25,570,757,"151, Nations (Avenue)",,,Plein jour,En agglomération,Hors intersection,Normale,Deux véhicules - côté,,,,,,,,,,,1,2,1,1.0,3.0
201100034718,0011-07-28 11:10:00,11,7,28,11,10,570,306,"62, MARNE (RUE DE LA)",49.33397,6.05698,Plein jour,En agglomération,Hors intersection,Normale,Autre collision,,,,,,,,,,,1,2,1,1.0,6.0
201100034719,0011-08-01 23:15:00,11,8,1,23,15,570,672,"1, DE GAULLE (AVENUE CHA",49.36025,6.17087,Nuit avec éclairage allumé,En agglomération,Intersection en T,Normale,Deux véhicules - côté,,,,,,,,,,,5,2,3,1.0,3.0
201100034720,0011-08-08 21:45:00,11,8,8,21,45,570,221,"30, TILLEULS (AVENUE DES",49.32622,6.12971,Nuit avec éclairage allumé,En agglomération,Hors intersection,Pluie légère,Autre collision,,,,,,,,,,,5,2,1,2.0,6.0
201100034721,0011-08-09 16:35:00,11,8,9,16,35,570,221,"1, ROMAINS (RUE DES)",,,Plein jour,Hors agglomération,Hors intersection,Pluie légère,Deux véhicules - arrière,,,,,,,,,,,1,1,1,2.0,2.0
201100034722,0011-08-10 13:30:00,11,8,10,13,30,570,672,"1, ROBERT SCHUMANN (BOUL",,,Plein jour,En agglomération,Hors intersection,Normale,Deux véhicules - arrière,,,,,,,,,,,1,2,1,1.0,2.0
201100034723,0011-08-14 19:05:00,11,8,14,19,5,570,672,"2.100, ARLON (ROUTE D')",49.3595,6.12743,Plein jour,Hors agglomération,Hors intersection,Normale,Deux véhicules - arrière,,,,,,,,,,,1,1,1,1.0,2.0
201100034724,0011-08-18 17:50:00,11,8,18,17,50,570,672,"7, COMTE DE BERTIER (AVE",49.36794,6.16929,Plein jour,En agglomération,Hors intersection,Normale,Deux véhicules - côté,,,,,,,,,,,1,2,1,1.0,3.0