accident_id,datetime,annee,mois,jour,heure,minute,departement,commune_insee,adresse,latitude,longitude,luminosite,agglomeration,intersection,meteo,collision,nb_vehicules,nb_usagers,nb_indemnes,nb_tues,nb_blesses_hosp,nb_blesses_legers,age_cond_1,age_cond_2,veh_type_cond_1,veh_type_cond_2,lum_code,agg_code,int_code,atm_code,col_code
201100034725,0011-08-23 19:25:00,11,8,23,19,25,570,757,"162, ROOSEVELT (RUE DU P",,,Plein jour,En agglomération,Hors intersection,Normale,Trois véhicules et plus - en chaîne,,,,,,,,,,,1,2,1,1.0,4.0
201100034726,0011-08-25 18:50:00,11,8,25,18,50,570,306,"1, MARNE (RUE DE LA)",,,Plein jour,En agglomération,Hors intersection,Normale,Autre collision,,,,,,,,,,,1,2,1,1.0,6.0
201100034727,0011-08-29 05:50:00,11,8,29,5,50,570,672,"1, ROBERT SCHUMANN (BOUL",,,Nuit avec éclairage allumé,En agglomération,Intersection en T,Normale,Deux véhicules - côté,,,,,,,,,,,5,2,3,1.0,3.0
201100034728,0011-08-30 09:15:00,11,8,30,9,15,570,672,"2, ROBERT SCHUMANN (BOUL",,,Plein jour,En agglomération,Hors intersection,Normale,Deux véhicules - côté,,,,,,,,,,,1,2,1,1.0,3.0
201100034729,0011-08-31 20:40:00,11,8,31,20,40,570,672,"1, MERLIN (AVENUE)   IMP",49.35662,6.15674,Nuit avec éclairage allumé,En agglomération,Intersection en X,Normale,Deux véhicules - côté,,,,,,,,,,,5,2,2,1.0,3.0
201100034730,0011-09-01 10:50:00,11,9,1,10,50,570,306,"49, FOCH (RUE)",49.32973,6.06161,Plein jour,En agglomération,Hors intersection,Pluie légère,Autre collision,,,,,,,,,,,1,2,1,2.0,6.0
201100034731,0011-09-05 16:15:00,11,9,5,16,15,570,672,"2, HILDEGARDE (RUE)",49.36331,6.16956,Plein jour,En agglomération,Intersection en X,Normale,Autre collision,,,,,,,,,,,1,2,2,1.0,6.0
201100034732,0011-09-08 08:25:00,11,9,8,8,25,570,368,"160, REPUBLIQUE (RUE DE",,,Plein jour,En agglomération,Hors intersection,Normale,Deux véhicules - côté,,,,,,,,,,,1,2,1,1.0,3.0
201100034733,0011-09-09 16:40:00,11,9,9,16,40,570,672,"1, GUISE (AVENUE DE) - I",,,Plein jour,En agglomération,Intersection en X,Normale,Deux véhicules - côté,,,,,,,,,,,1,2,2,1.0,3.0
201100034734,0011-09-14 16:55:00,11,9,14,16,55,570,672,"35, PAUL ALBERT (RUE) -",,,Plein jour,En agglomération,Hors intersection,Normale,Deux véhicules - arrière,,,,,,,,,,,1,2,1,1.0,2.0
201100034735,0011-09-14 17:15:00,11,9,14,17,15,570,672,"33, REPUBLIQUE (PLACE DE",,,Plein jour,En agglomération,Intersection en X,Normale,Autre collision,,,,,,,,,,,1,2,2,1.0,6.0
201100034736,0011-09-15 20:05:00,11,9,15,20,5,570,666,"39, VERDUN (ROUTE DE)",,,Crépuscule ou aube,Hors agglomération,Hors intersection,Normale,Deux véhicules - côté,,,,,,,,,,,2,1,1,1.0,3.0
201100034737,0011-09-19 06:55:00,11,9,19,6,55,570,672,"30.700, MONDORFF (ROUTE",,,Crépuscule ou aube,Hors agglomération,Hors intersection,Normale,Trois véhicules et plus - collisions multiples,,,,,,,,,,,2,1,1,1.0,5.0
201100034738,0011-09-21 12:00:00,11,9,21,12,0,570,672,"24, LIBERATION (ALLEE DE",,,Plein jour,En agglomération,Hors intersection,Normale,Autre collision,,,,,,,,,,,1,2,1,1.0,6.0
201100034739,0011-09-21 12:20:00,11,9,21,12,20,570,672,"83, GUENTRANGE (ROUTE DE",,,Plein jour,En agglomération,Hors intersection,Normale,Autre collision,,,,,,,,,,,1,2,1,1.0,6.0
201100034740,0011-09-27 16:30:00,11,9,27,16,30,570,672,"54, PAUL ALBERT (RUE) -",49.35632,6.14832,Plein jour,En agglomération,Hors intersection,Normale,Autre collision,,,,,,,,,,,1,2,1,1.0,6.0
201100034741,0011-09-27 17:48:00,11,9,27,17,48,570,672,"15, ASIE (CHAUSSEE D') -",49.36365,6.14849,Plein jour,En agglomération,Hors intersection,Normale,Autre collision,,,,,,,,,,,1,2,1,1.0,6.0
201100034742,0011-10-01 12:40:00,11,10,1,12,40,570,757,"113, Nations (Avenue)",,,Plein jour,En agglomération,Intersection en T,Normale,Deux véhicules - côté,,,,,,,,,,,1,2,3,1.0,3.0
201100034743,0011-10-02 09:15:00,11,10,2,9,15,570,647,"14, GAULLE (RUE CHARLES",,,Plein jour,En agglomération,Intersection en X,Normale,Deux véhicules - côté,,,,,,,,,,,1,2,2,1.0,3.0
201100034744,0011-10-05 17:50:00,11,10,5,17,50,570,672,"1, RAYMOND POINCARE (ALL",49.35969,6.15963,Plein jour,En agglomération,Intersection en X,Normale,Autre collision,,,,,,,,,,,1,2,2,1.0,6.0
201100034745,0011-10-07 19:30:00,11,10,7,19,30,570,672,"3, FOCH (BOULEVARD)",49.35914,6.16216,Nuit sans éclairage public,En agglomération,Intersection en X,Normale,Autre collision,,,,,,,,,,,3,2,2,1.0,6.0
201100034746,0011-10-07 12:05:00,11,10,7,12,5,570,672,"14, PAUL ALBERT (RUE) -",49.35651,6.15467,Plein jour,En agglomération,Hors intersection,Normale,Autre collision,,,,,,,,,,,1,2,1,1.0,6.0
201100034747,0011-10-15 19:55:00,11,10,15,19,55,570,757,"47, VIEUX-BOURG (RUE DU)",49.34723,6.17949,Nuit avec éclairage allumé,En agglomération,Intersection en X,Normale,Trois véhicules et plus - collisions multiples,,,,,,,,,,,5,2,2,1.0,5.0
201100034748,0011-10-17 07:37:00,11,10,17,7,37,570,221,"79, NATIONALE (RUE)",,,Nuit avec éclairage non allumé,En agglomération,Hors intersection,Normale,Autre collision,,,,,,,,,,,4,2,1,1.0,6.0
201100034749,0011-10-26 15:15:00,11,10,26,15,15,570,672,"2, GENERAL PATTON (PLACE",49.36255,6.17357,Plein jour,En agglomération,Hors intersection,Normale,Autre collision,,,,,,,,,,,1,2,1,1.0,6.0
201100034750,0011-10-30 19:40:00,11,10,30,19,40,570,757,"108, Nations (Avenue)",49.36168,6.19645,Crépuscule ou aube,En agglomération,Hors intersection,Normale,Deux véhicules - côté,,,,,,,,,,,2,2,1,1.0,3.0
201100034751,0011-11-07 18:25:00,11,11,7,18,25,570,666,"1, 14 JUILLET (AVENUE DU",49.34947,6.12816,Nuit avec éclairage allumé,En agglomération,Hors intersection,Pluie légère,Deux véhicules - arrière,,,,,,,,,,,5,2,1,2.0,2.0
201100034752,0011-11-10 15:45:00,11,11,10,15,45,570,672,"1, EUROPTE (CHAUSSEE D')",49.35261,6.14379,Crépuscule ou aube,En agglomération,Hors intersection,Normale,Deux véhicules - côté,,,,,,,,,,,2,2,1,1.0,3.0
201100034753,0011-11-11 14:50:00,11,11,11,14,50,570,757,"48, ROOSEVELT (RUE DU PR",,,Plein jour,En agglomération,Intersection en X,Normale,Deux véhicules - côté,,,,,,,,,,,1,2,2,1.0,3.0
201100034754,0011-11-15 07:35:00,11,11,15,7,35,570,757,"23, Nations (Avenue)",,,Crépuscule ou aube,En agglomération,Hors intersection,Normale,Autre collision,,,,,,,,,,,2,2,1,1.0,6.0
201100034755,0011-11-17 13:05:00,11,11,17,13,5,570,368,"47, REPUBLIQUE (RUE DE L",,,Plein jour,En agglomération,Hors intersection,Pluie légère,Autre collision,,,,,,,,,,,1,2,1,2.0,6.0
201100034756,0011-11-18 18:35:00,11,11,18,18,35,570,672,ESCH SUR ALZETTE (ROUTE,,,Nuit avec éclairage allumé,En agglomération,Hors intersection,Normale,Deux véhicules - côté,,,,,,,,,,,5,2,1,1.0,3.0
201100034757,0011-11-19 12:15:00,11,11,19,12,15,570,672,"33, MAILLET (RUE DU)",49.35413,6.13915,Plein jour,En agglomération,Hors intersection,Normale,Autre collision,,,,,,,,,,,1,2,1,1.0,6.0
201100034758,0011-11-22 19:30:00,11,11,22,19,30,570,672,"1, GENERAL MANGIN (RUE)",49.35696,6.16249,Nuit avec éclairage allumé,En agglomération,Hors intersection,Normale,Deux véhicules - côté,,,,,,,,,,,5,2,1,1.0,3.0
201100034759,0011-11-25 17:10:00,11,11,25,17,10,570,666,"21, MARSPICH (ROUTE DE)",,,Nuit avec éclairage allumé,En agglomération,Hors intersection,Pluie légère,Autre collision,,,,,,,,,,,5,2,1,2.0,6.0
201100034760,0011-11-25 18:30:00,11,11,25,18,30,570,757,"17, Nations (Avenue)",,,Nuit avec éclairage allumé,En agglomération,Hors intersection,Pluie légère,Autre collision,,,,,,,,,,,5,2,1,2.0,6.0
201100034761,0011-11-30 11:10:00,11,11,30,11,10,570,672,"40, RAYMOND POINCARE (AL",49.35947,6.15948,Plein jour,En agglomération,Hors intersection,Normale,Autre collision,,,,,,,,,,,1,2,1,1.0,6.0
201100034762,0011-12-01 14:10:00,11,12,1,14,10,570,757,"78, Nations (Avenue)",,,Plein jour,En agglomération,Hors intersection,Pluie légère,Deux véhicules - arrière,,,,,,,,,,,1,2,1,2.0,2.0
201100034763,0011-12-02 07:54:00,11,12,2,7,54,570,221,"82, LORRAINE (AVENUE DE)",,,Plein jour,En agglomération,Hors intersection,Pluie légère,Deux véhicules - côté,,,,,,,,,,,1,2,1,2.0,3.0
201100034764,0011-12-02 11:55:00,11,12,2,11,55,570,672,"21, GUENTRANGE (ROUTE DE",49.36034,6.15415,Plein jour,En agglomération,Hors intersection,Pluie légère,Deux véhicules - côté,,,,,,,,,,,1,2,1,2.0,3.0
201100034765,0011-12-02 19:55:00,11,12,2,19,55,570,672,"5, ESCH SUR ALZETTE (ROU",,,Nuit avec éclairage allumé,En agglomération,Hors intersection,Pluie légère,Deux véhicules - arrière,,,,,,,,,,,5,2,1,2.0,2.0
201100034766,0011-12-05 13:00:00,11,12,5,13,0,570,672,"1, AFRIQUE(CHAUSSEE D')",49.35894,6.14467,Plein jour,En agglomération,Hors intersection,Normale,Autre collision,,,,,,,,,,,1,2,1,1.0,6.0
201100034767,0011-12-09 08:15:00,11,12,9,8,15,570,757,"24, Nations (Avenue)",,,Plein jour,En agglomération,Hors intersection,Pluie forte,Autre collision,,,,,,,,,,,1,2,1,3.0,6.0
201100034768,0011-12-11 02:50:00,11,12,11,2,50,570,757,"47, Nations (Avenue)",,,Nuit avec éclairage allumé,En agglomération,Hors intersection,Normale,Autre collision,,,,,,,,,,,5,2,1,1.0,6.0
201100034769,0011-12-19 13:55:00,11,12,19,13,55,570,672,VERDUN (RUE DE),,,Plein jour,Hors agglomération,Hors intersection,Normale,Deux véhicules - arrière,,,,,,,,,,,1,1,1,1.0,2.0
201100034770,0011-12-22 17:25:00,11,12,22,17,25,570,306,"2A, MENDES FRANCE (RUE P",,,Nuit avec éclairage allumé,En agglomération,Hors intersection,Normale,Autre collision,,,,,,,,,,,5,2,1,1.0,6.0
201100034771,0011-12-23 21:45:00,11,12,23,21,45,570,757,"160, ROOSEVELT (RUE DU P",,,Nuit avec éclairage allumé,En agglomération,Intersection en X,Pluie légère,Deux véhicules - côté,,,,,,,,,,,5,2,2,2.0,3.0
201100034772,0011-12-30 17:05:00,11,12,30,17,5,570,306,"20, FOCH (RUE )",49.32959,6.06438,Nuit avec éclairage allumé,En agglomération,Hors intersection,Normale,Autre collision,,,,,,,,,,,5,2,1,1.0,6.0
201100034773,0011-01-15 15:05:00,11,1,15,15,5,580,194,"SANS, BERNARD PALISSY",,,Plein jour,En agglomération,Hors intersection,Normale,Sans collision,,,,,,,,,,,1,2,1,1.0,7.0
201100034774,0011-05-07 13:10:00,11,5,7,13,10,580,194,"SANS, CHAMEANE (PLACE)",,,Plein jour,En agglomération,Hors intersection,Normale,Sans collision,,,,,,,,,,,1,2,1,1.0,7.0
201100034775,0011-05-25 16:30:00,11,5,25,16,30,580,194,"sans, VICTOR GUENEAU (PR",,,Plein jour,En agglomération,Hors intersection,Normale,Sans collision,,,,,,,,,,,1,2,1,1.0,7.0
201100034776,0011-07-10 22:25:00,11,7,10,22,25,580,194,"sans, HENRI BOUQUILLARD",,,Nuit avec éclairage allumé,En agglomération,Hors intersection,Normale,Sans collision,,,,,,,,,,,5,2,1,1.0,7.0
201100034777,0011-07-17 12:30:00,11,7,17,12,30,580,194,MOSSE (PLACE),,,Plein jour,En agglomération,Hors intersection,Normale,Sans collision,,,,,,,,,,,1,2,1,1.0,7.0
201100034778,0011-08-19 12:10:00,11,8,19,12,10,580,194,"SANS, MONTE CASSINO (RON",,,Plein jour,En agglomération,Hors intersection,Normale,Sans collision,,,,,,,,,,,1,2,1,1.0,7.0
201100034779,0011-08-28 16:25:00,11,8,28,16,25,580,194,"SANS, MARECHAL DE LATTRE",,,Plein jour,En agglomération,Hors intersection,Normale,Sans collision,,,,,,,,,,,1,2,1,1.0,7.0
201100034780,0011-08-30 17:25:00,11,8,30,17,25,580,194,"SANS, PIERRE DE COUBERTI",,,Plein jour,En agglomération,Hors intersection,Normale,Sans collision,,,,,,,,,,,1,2,1,1.0,7.0
201100034781,0011-01-08 17:40:00,11,1,8,17,40,580,194,"SANS, MARECHAL JUIN",,,Plein jour,En agglomération,Hors intersection,Pluie légère,Deux véhicules - frontale,,,,,,,,,,,1,2,1,2.0,1.0
201100034782,0011-09-13 17:45:00,11,9,13,17,45,580,194,"61, VAUZELLES",,,Plein jour,En agglomération,Hors intersection,Pluie légère,Sans collision,,,,,,,,,,,1,2,1,2.0,7.0
201100034783,0011-09-25 16:35:00,11,9,25,16,35,580,194,EDUENS (QUAI),,,Plein jour,En agglomération,Hors intersection,Normale,Sans collision,,,,,,,,,,,1,2,1,1.0,7.0
201100034784,0011-10-04 13:20:00,11,10,4,13,20,580,194,PABLO NERUDA,,,Plein jour,En agglomération,Hors intersection,Normale,Autre collision,,,,,,,,,,,1,2,1,1.0,6.0
201100034785,0011-10-22 16:00:00,11,10,22,16,0,580,194,VAUZELLES,,,Plein jour,En agglomération,Hors intersection,Normale,Sans collision,,,,,,,,,,,1,2,1,1.0,7.0
201100034786,0011-11-04 12:05:00,11,11,4,12,5,580,194,PONT CIZEAU,,,Plein jour,En agglomération,Hors intersection,Normale,Sans collision,,,,,,,,,,,1,2,1,1.0,7.0
201100034787,0011-11-06 20:50:00,11,11,6,20,50,580,194,BARATTE (FAUBOURG),,,Nuit sans éclairage public,En agglomération,Hors intersection,Normale,Sans collision,,,,,,,,,,,3,2,1,1.0,7.0
201100034788,0011-12-06 17:30:00,11,12,6,17,30,580,194,"24, MARECHAL JUIN",,,Nuit avec éclairage allumé,En agglomération,Hors intersection,Pluie légère,Sans collision,,,,,,,,,,,5,2,1,2.0,7.0
201100034789,0011-01-11 17:10:00,11,1,11,17,10,580,194,"sans, HENRI BARBUSSE",,,Crépuscule ou aube,En agglomération,Hors intersection,Pluie légère,Sans collision,,,,,,,,,,,2,2,1,2.0,7.0
201100034790,0011-01-12 19:45:00,11,1,12,19,45,580,194,GENERAL DE GAULLE,,,Nuit avec éclairage allumé,En agglomération,Hors intersection,Pluie légère,Autre collision,,,,,,,,,,,5,2,1,2.0,6.0
201100034791,0011-01-13 18:45:00,11,1,13,18,45,580,194,CHARMILLES (PLACE),,,Nuit avec éclairage allumé,En agglomération,Hors intersection,Normale,Autre collision,,,,,,,,,,,5,2,1,1.0,6.0
201100034792,0011-01-17 17:40:00,11,1,17,17,40,580,194,GEORGES GUYNEMER,,,Crépuscule ou aube,En agglomération,Hors intersection,Normale,Deux véhicules - côté,,,,,,,,,,,2,2,1,1.0,3.0
201100034793,0011-01-22 18:10:00,11,1,22,18,10,580,194,HENRI BOUQUILLARD,,,Crépuscule ou aube,En agglomération,Hors intersection,Normale,Deux véhicules - côté,,,,,,,,,,,2,2,1,1.0,3.0
201100034794,0011-01-25 17:30:00,11,1,25,17,30,580,194,MANTOUE (QUAI),,,Crépuscule ou aube,En agglomération,Hors intersection,Normale,Deux véhicules - côté,,,,,,,,,,,2,2,1,1.0,3.0
201100034795,0011-01-26 16:50:00,11,1,26,16,50,580,194,"28, BARATTE (FAUBOURG)",,,Plein jour,En agglomération,Hors intersection,Pluie légère,Deux véhicules - frontale,,,,,,,,,,,1,2,1,2.0,1.0
201100034796,0011-02-02 20:10:00,11,2,2,20,10,580,194,"sans, MOSSE (PLACE)",,,Nuit avec éclairage allumé,En agglomération,Intersection en T,Normale,Deux véhicules - côté,,,,,,,,,,,5,2,3,1.0,3.0
201100034797,0011-02-03 12:15:00,11,2,3,12,15,580,194,"sans, MARZY",,,Plein jour,En agglomération,Hors intersection,Normale,Deux véhicules - frontale,,,,,,,,,,,1,2,1,1.0,1.0
201100034798,0011-02-16 13:35:00,11,2,16,13,35,580,194,"sans, MONTE CASSINO (RON",,,Plein jour,En agglomération,Giratoire,Normale,Deux véhicules - côté,,,,,,,,,,,1,2,6,1.0,3.0
201100034799,0011-03-10 16:40:00,11,3,10,16,40,580,194,"sans, HANOI",,,Plein jour,En agglomération,Hors intersection,Normale,Deux véhicules - côté,,,,,,,,,,,1,2,1,1.0,3.0
201100034800,0011-03-07 17:35:00,11,3,7,17,35,580,194,"22, REPUBLIQUE (BOULEVAR",,,Plein jour,En agglomération,Intersection en T,Normale,Sans collision,,,,,,,,,,,1,2,3,1.0,7.0
201100034801,0011-03-11 12:20:00,11,3,11,12,20,580,194,"SANS, PIERRE DE COUBERTI",,,Plein jour,En agglomération,Hors intersection,Normale,Deux véhicules - côté,,,,,,,,,,,1,2,1,1.0,3.0
201100034802,0011-03-13 19:50:00,11,3,13,19,50,580,194,PIERRE DE COUBERTIN,,,Crépuscule ou aube,En agglomération,Hors intersection,Pluie légère,Deux véhicules - arrière,,,,,,,,,,,2,2,1,2.0,2.0
201100034803,0011-03-15 19:40:00,11,3,15,19,40,580,194,RESISTANCE (SQUARE),,,Crépuscule ou aube,En agglomération,Hors intersection,Normale,Deux véhicules - arrière,,,,,,,,,,,2,2,1,1.0,2.0
201100034804,0011-03-19 10:25:00,11,3,19,10,25,580,194,"29, MONTAPINS",,,Plein jour,En agglomération,Hors intersection,Normale,Autre collision,,,,,,,,,,,1,2,1,1.0,6.0
201100034805,0011-03-14 08:45:00,11,3,14,8,45,580,194,CHEMIN DE FER,,,Plein jour,En agglomération,Hors intersection,Normale,Deux véhicules - frontale,,,,,,,,,,,1,2,1,1.0,1.0
201100034806,0011-03-17 12:25:00,11,3,17,12,25,580,194,RESISTANCE (SQUARE),,,Plein jour,En agglomération,Hors intersection,Normale,Autre collision,,,,,,,,,,,1,2,1,1.0,6.0
201100034807,0011-03-18 19:15:00,11,3,18,19,15,580,194,GRAND PRE DES BORDES,,,Crépuscule ou aube,En agglomération,Hors intersection,Normale,Autre collision,,,,,,,,,,,2,2,1,1.0,6.0
201100034808,0011-03-22 07:55:00,11,3,22,7,55,580,194,PONT DE LOIRE,,,Plein jour,En agglomération,Hors intersection,Normale,Sans collision,,,,,,,,,,,1,2,1,1.0,7.0
201100034809,0011-03-28 13:00:00,11,3,28,13,0,580,194,NOEL POINTE,,,Plein jour,En agglomération,Hors intersection,Normale,Deux véhicules - frontale,,,,,,,,,,,1,2,1,1.0,1.0
201100034810,0011-04-05 20:00:00,11,4,5,20,0,580,194,"sans, BERNARD PALISSY",,,Crépuscule ou aube,En agglomération,Hors intersection,Normale,Deux véhicules - côté,,,,,,,,,,,2,2,1,1.0,3.0
201100034811,0011-04-07 07:45:00,11,4,7,7,45,580,194,"95, MARZY",,,Plein jour,En agglomération,Hors intersection,Normale,Autre collision,,,,,,,,,,,1,2,1,1.0,6.0
201100034812,0011-04-07 09:40:00,11,4,7,9,40,580,194,"SANS, CHARLES ROY",,,Plein jour,En agglomération,Intersection en T,Normale,Deux véhicules - côté,,,,,,,,,,,1,2,3,1.0,3.0
201100034813,0011-04-07 10:10:00,11,4,7,10,10,580,194,"24, GRAND MOUESSE (FAUBO",,,Plein jour,En agglomération,Hors intersection,Normale,Deux véhicules - arrière,,,,,,,,,,,1,2,1,1.0,2.0
201100034814,0011-04-15 17:30:00,11,4,15,17,30,580,194,"sans, LYON (FAUBOURG)",,,Plein jour,En agglomération,Hors intersection,Normale,Deux véhicules - côté,,,,,,,,,,,1,2,1,1.0,3.0
201100034815,0011-04-18 15:55:00,11,4,18,15,55,580,194,"SANS, CROIX JOYEUSE (CAR",,,Plein jour,En agglomération,Giratoire,Normale,Deux véhicules - côté,,,,,,,,,,,1,2,6,1.0,3.0
201100034816,0011-04-21 12:45:00,11,4,21,12,45,580,194,"sans, ANDRE AMPERE",,,Plein jour,En agglomération,Intersection en T,Normale,Deux véhicules - frontale,,,,,,,,,,,1,2,3,1.0,1.0
201100034817,0011-04-22 16:35:00,11,4,22,16,35,580,194,"sans, PIERRE DE COUBERTI",,,Plein jour,En agglomération,Hors intersection,Normale,Deux véhicules - arrière,,,,,,,,,,,1,2,1,1.0,2.0
201100034818,0011-05-02 16:55:00,11,5,2,16,55,580,194,"32, SAULAIES (ROUTE)",,,Plein jour,En agglomération,Hors intersection,Normale,Deux véhicules - côté,,,,,,,,,,,1,2,1,1.0,3.0
201100034819,0011-04-01 11:15:00,11,4,1,11,15,580,194,"sans, LEON BLUM",,,Plein jour,En agglomération,Hors intersection,Normale,Sans collision,,,,,,,,,,,1,2,1,1.0,7.0
201100034820,0011-05-04 17:45:00,11,5,4,17,45,580,194,MARECHAL JUIN,,,Plein jour,En agglomération,Intersection en X,Normale,Sans collision,,,,,,,,,,,1,2,2,1.0,7.0
201100034821,0011-05-09 12:05:00,11,5,9,12,5,580,194,"sans, JEROME TRESAGUET",,,Plein jour,En agglomération,Intersection en X,Normale,Deux véhicules - côté,,,,,,,,,,,1,2,2,1.0,3.0
201100034822,0011-05-16 10:10:00,11,5,16,10,10,580,194,MADEMOISELLE BOURGEOIS,,,Plein jour,En agglomération,Hors intersection,Normale,Deux véhicules - arrière,,,,,,,,,,,1,2,1,1.0,2.0
201100034823,0011-05-18 12:35:00,11,5,18,12,35,580,194,"26bis, MARECHAL JUIN",,,Plein jour,En agglomération,Hors intersection,Normale,Trois véhicules et plus - en chaîne,,,,,,,,,,,1,2,1,1.0,4.0
201100034824,0011-05-20 16:00:00,11,5,20,16,0,580,194,"sans, JONCTION (QUAI)",,,Plein jour,En agglomération,Hors intersection,Normale,Autre collision,,,,,,,,,,,1,2,1,1.0,6.0
201100034825,0011-06-09 20:45:00,11,6,9,20,45,580,194,CHAMPS PACAUD,,,Plein jour,En agglomération,Hors intersection,Normale,Deux véhicules - côté,,,,,,,,,,,1,2,1,1.0,3.0
201100034826,0011-06-11 18:00:00,11,6,11,18,0,580,194,"sans, GRAND COURLIS (PLA",,,Plein jour,En agglomération,Hors intersection,Normale,Autre collision,,,,,,,,,,,1,2,1,1.0,6.0
201100034827,0011-05-30 08:20:00,11,5,30,8,20,580,194,TREIZIEME DE LIGNE,,,Plein jour,En agglomération,Hors intersection,Normale,Deux véhicules - arrière,,,,,,,,,,,1,2,1,1.0,2.0
201100034828,0011-06-10 16:35:00,11,6,10,16,35,580,194,FONTAINE,,,Plein jour,En agglomération,Hors intersection,Normale,Autre collision,,,,,,,,,,,1,2,1,1.0,6.0
201100034829,0011-06-13 07:45:00,11,6,13,7,45,580,194,"sans, REPUBLIQUE (BOULEV",,,Plein jour,En agglomération,Intersection en X,Normale,Deux véhicules - côté,,,,,,,,,,,1,2,2,1.0,3.0
201100034830,0011-06-13 16:50:00,11,6,13,16,50,580,194,BARATTE (FAUBOURG),,,Plein jour,En agglomération,Hors intersection,Normale,Deux véhicules - arrière,,,,,,,,,,,1,2,1,1.0,2.0
201100034831,0011-06-21 07:53:00,11,6,21,7,53,580,194,GRAND MOUESSE (FAUBOURG),,,Plein jour,En agglomération,Hors intersection,Normale,Sans collision,,,,,,,,,,,1,2,1,1.0,7.0
201100034832,0011-06-25 12:05:00,11,6,25,12,5,580,194,CHARLEVILLE,,,Plein jour,En agglomération,Hors intersection,Normale,Sans collision,,,,,,,,,,,1,2,1,1.0,7.0
201100034833,0011-07-05 17:15:00,11,7,5,17,15,580,194,"SANS, MARECHAL JUIN",,,Plein jour,En agglomération,Hors intersection,Normale,Autre collision,,,,,,,,,,,1,2,1,1.0,6.0
201100034834,0011-07-06 17:55:00,11,7,6,17,55,580,194,"SANS, DOCKS",,,Plein jour,En agglomération,Hors intersection,Normale,Deux véhicules - arrière,,,,,,,,,,,1,2,1,1.0,2.0
201100034835,0011-07-08 10:25:00,11,7,8,10,25,580,194,"SANS, MARECHAL LYAUTEY",,,Plein jour,En agglomération,Intersection en X,Normale,Deux véhicules - côté,,,,,,,,,,,1,2,2,1.0,3.0
201100034836,0011-07-08 12:35:00,11,7,8,12,35,580,194,"16, DOCTEUR LEVEILLE",,,Plein jour,En agglomération,Hors intersection,Normale,Autre collision,,,,,,,,,,,1,2,1,1.0,6.0
201100034837,0011-07-18 16:05:00,11,7,18,16,5,580,194,"sans, REMIGNY",,,Plein jour,En agglomération,Intersection en X,Normale,Deux véhicules - côté,,,,,,,,,,,1,2,2,1.0,3.0
201100034838,0011-07-22 10:35:00,11,7,22,10,35,580,194,"sans, MARECHAL JUIN",,,Plein jour,En agglomération,Hors intersection,Pluie légère,Autre collision,,,,,,,,,,,1,2,1,2.0,6.0
201100034839,0011-07-29 21:05:00,11,7,29,21,5,580,194,GENERAL DE GAULLE,,,Crépuscule ou aube,En agglomération,Hors intersection,Normale,Autre collision,,,,,,,,,,,2,2,1,1.0,6.0
201100034840,0011-08-01 19:10:00,11,8,1,19,10,580,194,BERNARD PALISSY,,,Crépuscule ou aube,En agglomération,Hors intersection,Normale,Deux véhicules - côté,,,,,,,,,,,2,2,1,1.0,3.0
201100034841,0011-08-15 19:40:00,11,8,15,19,40,580,194,MARZY,,,Plein jour,En agglomération,Hors intersection,Normale,Sans collision,,,,,,,,,,,1,2,1,1.0,7.0
201100034842,0011-08-23 16:35:00,11,8,23,16,35,580,194,BARATTE (FAUBOURG),,,Plein jour,En agglomération,Hors intersection,Normale,Trois véhicules et plus - en chaîne,,,,,,,,,,,1,2,1,1.0,4.0
201100034843,0011-08-26 13:45:00,11,8,26,13,45,580,194,LOUIS VICAT,,,Plein jour,En agglomération,Hors intersection,Normale,Deux véhicules - frontale,,,,,,,,,,,1,2,1,1.0,1.0
201100034844,0011-08-29 15:20:00,11,8,29,15,20,580,194,BLAISE PASCAL,,,Plein jour,En agglomération,Hors intersection,Normale,Autre collision,,,,,,,,,,,1,2,1,1.0,6.0
201100034845,0011-09-07 12:25:00,11,9,7,12,25,580,194,RAIE,,,Plein jour,En agglomération,Hors intersection,Normale,Sans collision,,,,,,,,,,,1,2,1,1.0,7.0
201100034846,0011-09-10 16:30:00,11,9,10,16,30,580,194,GENERAL DE GAULLE,,,Plein jour,En agglomération,Hors intersection,Normale,Deux véhicules - arrière,,,,,,,,,,,1,2,1,1.0,2.0
201100034847,0011-09-21 20:45:00,11,9,21,20,45,580,194,"58, BERNARD PALISSY",,,Nuit avec éclairage allumé,En agglomération,Hors intersection,Normale,Sans collision,,,,,,,,,,,5,2,1,1.0,7.0
201100034848,0011-09-09 17:30:00,11,9,9,17,30,580,194,"49, MONTOTS",,,Plein jour,En agglomération,Hors intersection,Normale,Deux véhicules - côté,,,,,,,,,,,1,2,1,1.0,3.0
201100034849,0011-09-09 21:05:00,11,9,9,21,5,580,194,"sans, LYON (FAUBOURG)",,,Nuit avec éclairage allumé,En agglomération,Hors intersection,Normale,Sans collision,,,,,,,,,,,5,2,1,1.0,7.0
201100034850,0011-09-19 14:45:00,11,9,19,14,45,580,194,"sans, MARECHAL JUIN",,,Plein jour,En agglomération,Hors intersection,Normale,Deux véhicules - côté,,,,,,,,,,,1,2,1,1.0,3.0
201100034851,0011-09-26 17:45:00,11,9,26,17,45,580,194,JEANNE D'ARC,,,Plein jour,En agglomération,Hors intersection,Normale,Deux véhicules - frontale,,,,,,,,,,,1,2,1,1.0,1.0