accident_id,datetime,annee,mois,jour,heure,minute,departement,commune_insee,adresse,latitude,longitude,luminosite,agglomeration,intersection,meteo,collision,nb_vehicules,nb_usagers,nb_indemnes,nb_tues,nb_blesses_hosp,nb_blesses_legers,age_cond_1,age_cond_2,veh_type_cond_1,veh_type_cond_2,lum_code,agg_code,int_code,atm_code,col_code
201100034852,0011-10-01 13:20:00,11,10,1,13,20,580,194,MARZY,,,Plein jour,En agglomération,Hors intersection,Normale,Deux véhicules - côté,,,,,,,,,,,1,2,1,1.0,3.0
201100034853,0011-10-04 17:10:00,11,10,4,17,10,580,194,MARECHAL LECLERC,,,Plein jour,En agglomération,Hors intersection,Normale,Deux véhicules - arrière,,,,,,,,,,,1,2,1,1.0,2.0
201100034854,0011-10-08 16:35:00,11,10,8,16,35,580,194,GRAND PRE DES BORDES,,,Plein jour,En agglomération,Hors intersection,Normale,Deux véhicules - côté,,,,,,,,,,,1,2,1,1.0,3.0
201100034855,0011-10-18 08:45:00,11,10,18,8,45,580,194,BERNARD PALISSY,,,Nuit avec éclairage allumé,En agglomération,Hors intersection,Normale,Autre collision,,,,,,,,,,,5,2,1,1.0,6.0
201100034856,0011-10-18 07:25:00,11,10,18,7,25,580,194,MOSSE (PLACE),,,Crépuscule ou aube,En agglomération,Hors intersection,Normale,Autre collision,,,,,,,,,,,2,2,1,1.0,6.0
201100034857,0011-10-25 11:40:00,11,10,25,11,40,580,194,LYON (FAUBOURG),,,Plein jour,En agglomération,Hors intersection,Normale,Deux véhicules - côté,,,,,,,,,,,1,2,1,1.0,3.0
201100034858,0011-11-05 15:55:00,11,11,5,15,55,580,194,MARINIERS (QUAI),,,Plein jour,En agglomération,Hors intersection,Normale,Autre collision,,,,,,,,,,,1,2,1,1.0,6.0
201100034859,0011-11-08 16:30:00,11,11,8,16,30,580,194,REPUBLIQUE (BOULEVARD),,,Plein jour,En agglomération,Hors intersection,Normale,Deux véhicules - arrière,,,,,,,,,,,1,2,1,1.0,2.0
201100034860,0011-10-26 16:30:00,11,10,26,16,30,580,194,GRAND PRE DES BORDES,,,Plein jour,En agglomération,Hors intersection,Normale,Autre collision,,,,,,,,,,,1,2,1,1.0,6.0
201100034861,0011-11-14 16:35:00,11,11,14,16,35,580,194,HENRI BOUQUILLARD,,,Plein jour,En agglomération,Hors intersection,Normale,Autre collision,,,,,,,,,,,1,2,1,1.0,6.0
201100034862,0011-11-10 18:40:00,11,11,10,18,40,580,194,MARECHAL LECLERC,,,Crépuscule ou aube,En agglomération,Hors intersection,Normale,Trois véhicules et plus - en chaîne,,,,,,,,,,,2,2,1,1.0,4.0
201100034863,0011-11-14 10:30:00,11,11,14,10,30,580,194,GENERAL DE GAULLE,,,Plein jour,En agglomération,Hors intersection,Normale,Autre collision,,,,,,,,,,,1,2,1,1.0,6.0
201100034864,0011-11-15 12:10:00,11,11,15,12,10,580,194,SABLONS (PETITE RUE),,,Plein jour,En agglomération,Hors intersection,Normale,Deux véhicules - côté,,,,,,,,,,,1,2,1,1.0,3.0
201100034865,0011-11-17 14:25:00,11,11,17,14,25,580,194,CHAMEANE (PLACE),,,Plein jour,En agglomération,Hors intersection,Normale,Deux véhicules - côté,,,,,,,,,,,1,2,1,1.0,3.0
201100034866,0011-11-18 05:50:00,11,11,18,5,50,580,194,GENERAL DE GAULLE,,,Nuit avec éclairage allumé,En agglomération,Hors intersection,Normale,Deux véhicules - frontale,,,,,,,,,,,5,2,1,1.0,1.0
201100034867,0011-10-21 15:30:00,11,10,21,15,30,580,194,REPUBLIQUE (BOULEVARD),,,Plein jour,En agglomération,Hors intersection,Normale,Autre collision,,,,,,,,,,,1,2,1,1.0,6.0
201100034868,0011-11-19 16:15:00,11,11,19,16,15,580,194,MARECHAL JUIN,,,Plein jour,En agglomération,Hors intersection,Normale,Deux véhicules - côté,,,,,,,,,,,1,2,1,1.0,3.0
201100034869,0011-11-25 16:10:00,11,11,25,16,10,580,194,SAULAIES (ROUTE),,,Plein jour,En agglomération,Hors intersection,Normale,Deux véhicules - arrière,,,,,,,,,,,1,2,1,1.0,2.0
201100034870,0011-11-26 13:25:00,11,11,26,13,25,580,194,RESISTANCE (SQUARE),,,Plein jour,En agglomération,Hors intersection,Normale,Autre collision,,,,,,,,,,,1,2,1,1.0,6.0
201100034871,0011-12-07 17:15:00,11,12,7,17,15,580,194,"SANS, JEAN DESVEAUX",,,Nuit avec éclairage allumé,En agglomération,Hors intersection,Pluie légère,Autre collision,,,,,,,,,,,5,2,1,2.0,6.0
201100034872,0011-12-06 17:40:00,11,12,6,17,40,580,194,"SANS, LYON (FAUBOURG)",,,Nuit avec éclairage allumé,En agglomération,Hors intersection,Normale,Deux véhicules - côté,,,,,,,,,,,5,2,1,1.0,3.0
201100034873,0011-12-06 19:15:00,11,12,6,19,15,580,194,CURTEAS DE ARGES (ROND P,,,Nuit avec éclairage allumé,En agglomération,Giratoire,Pluie légère,Deux véhicules - côté,,,,,,,,,,,5,2,6,2.0,3.0
201100034874,0011-12-07 20:50:00,11,12,7,20,50,580,194,"SANS, BARATTE (FAUBOURG)",,,Nuit avec éclairage allumé,En agglomération,Intersection en X,Pluie légère,Deux véhicules - côté,,,,,,,,,,,5,2,2,2.0,3.0
201100034875,0011-12-09 16:25:00,11,12,9,16,25,580,194,"sans, PIERRE DE COUBERTI",,,Plein jour,En agglomération,Hors intersection,Normale,Deux véhicules - arrière,,,,,,,,,,,1,2,1,1.0,2.0
201100034876,0011-12-15 17:35:00,11,12,15,17,35,580,194,"SANS, GRAND MOUESSE (FAU",,,Nuit avec éclairage allumé,En agglomération,Hors intersection,Pluie légère,Deux véhicules - arrière,,,,,,,,,,,5,2,1,2.0,2.0
201100034877,0011-01-07 18:40:00,11,1,7,18,40,590,8,LAUDEAU (RUE EDMOND),,,Nuit avec éclairage allumé,En agglomération,Hors intersection,Pluie légère,Deux véhicules - frontale,,,,,,,,,,,5,2,1,2.0,1.0
201100034878,0011-03-22 18:55:00,11,3,22,18,55,590,8,"56, DRION (BOULEVARD)",,,Plein jour,En agglomération,Hors intersection,Normale,Autre collision,,,,,,,,,,,1,2,1,1.0,6.0
201100034879,0011-01-05 12:40:00,11,1,5,12,40,590,17,"164, SANGNIER (AVENUE MA",,,Plein jour,En agglomération,Intersection en T,Normale,Autre collision,,,,,,,,,,,1,2,3,1.0,6.0
201100034880,0011-01-06 08:45:00,11,1,6,8,45,590,317,HUGO  (RUE VICTOR),,,Plein jour,En agglomération,Hors intersection,Normale,Autre collision,,,,,,,,,,,1,2,1,1.0,6.0
201100034881,0011-01-05 21:40:00,11,1,5,21,40,590,17,GENERAL DE GAULLE (PLACE,,,Nuit avec éclairage allumé,En agglomération,Intersection en T,Normale,Deux véhicules - frontale,,,,,,,,,,,5,2,3,1.0,1.0
201100034882,0011-01-10 18:30:00,11,1,10,18,30,590,17,FAIDHERBE (BD ),,,Nuit avec éclairage allumé,En agglomération,Intersection en T,Normale,Autre collision,,,,,,,,,,,5,2,3,1.0,6.0
201100034883,0011-12-15 07:45:00,11,12,15,7,45,590,17,"81, BEAUVAIS (QUAI DE)",,,Nuit avec éclairage allumé,En agglomération,Hors intersection,Pluie légère,Autre collision,,,,,,,,,,,5,2,1,2.0,6.0
201100034884,0011-01-22 20:20:00,11,1,22,20,20,590,17,FUSILLES (RUE DES ),,,Nuit avec éclairage allumé,En agglomération,Intersection en X,Normale,Deux véhicules - frontale,,,,,,,,,,,5,2,2,1.0,1.0
201100034885,0011-01-27 01:20:00,11,1,27,1,20,590,431,MEUNIERS (RUE DES),,,Nuit sans éclairage public,En agglomération,Passage à niveau,Normale,Deux véhicules - frontale,,,,,,,,,,,3,2,8,1.0,1.0
201100034886,0011-02-02 12:50:00,11,2,2,12,50,590,17,RESISTANTS (RUE DES ),,,Plein jour,En agglomération,Intersection en X,Pluie légère,Autre collision,,,,,,,,,,,1,2,2,2.0,6.0
201100034887,0011-12-30 20:35:00,11,12,30,20,35,590,431,"1411, ARMENTIERES  (RUE",,,Nuit avec éclairage allumé,En agglomération,Intersection en X,Pluie légère,Deux véhicules - côté,,,,,,,,,,,5,2,2,2.0,3.0
201100034888,0011-02-15 20:40:00,11,2,15,20,40,590,17,LECLERC (RUE DU GENERAL,,,Nuit avec éclairage allumé,En agglomération,Hors intersection,Normale,Autre collision,,,,,,,,,,,5,2,1,1.0,6.0
201100034889,0011-03-07 09:20:00,11,3,7,9,20,590,143,"4565, BEAUCHAMP  (RUE LE",,,Plein jour,En agglomération,Intersection en X,Normale,Deux véhicules - côté,,,,,,,,,,,1,2,2,1.0,3.0
201100034890,0011-03-10 13:55:00,11,3,10,13,55,590,17,FOCH (RUE DU MARECHAL ),,,Plein jour,En agglomération,Hors intersection,Normale,Deux véhicules - côté,,,,,,,,,,,1,2,1,1.0,3.0
201100034891,0011-03-11 11:20:00,11,3,11,11,20,590,431,HOUCKE (AVENUE JULES),,,Plein jour,Hors agglomération,Intersection en X,Normale,Deux véhicules - côté,,,,,,,,,,,1,1,2,1.0,3.0
201100034892,0011-04-06 12:10:00,11,4,6,12,10,590,143,KENNEDY (RUE DU PRESIDEN,,,Plein jour,Hors agglomération,Giratoire,Normale,Deux véhicules - côté,,,,,,,,,,,1,1,6,1.0,3.0
201100034893,0011-04-09 18:05:00,11,4,9,18,5,590,17,MARCEAU (RUE),,,Plein jour,En agglomération,Hors intersection,Normale,Autre collision,,,,,,,,,,,1,2,1,1.0,6.0
201100034894,0011-04-21 00:35:00,11,4,21,0,35,590,17,"103, SANGNIER (AVENUE MA",,,Nuit avec éclairage allumé,En agglomération,Intersection en X,Normale,Sans collision,,,,,,,,,,,5,2,2,1.0,7.0
201100034895,0011-04-21 13:30:00,11,4,21,13,30,590,431,PAVE FRUIT (RUE DU),,,Plein jour,Hors agglomération,Intersection en X,Normale,Deux véhicules - côté,,,,,,,,,,,1,1,2,1.0,3.0
201100034896,0011-04-22 18:00:00,11,4,22,18,0,590,17,PROGRES (RUE DU ),,,Plein jour,En agglomération,Hors intersection,Normale,Autre collision,,,,,,,,,,,1,2,1,1.0,6.0
201100034897,0011-04-22 18:45:00,11,4,22,18,45,590,317,DESMARAIS  (RUE JEANNE),,,Plein jour,En agglomération,Hors intersection,Normale,Autre collision,,,,,,,,,,,1,2,1,1.0,6.0
201100034898,0011-05-12 11:45:00,11,5,12,11,45,590,17,"31, JAURES (RUE JEAN )",,,Plein jour,En agglomération,Hors intersection,Normale,Autre collision,,,,,,,,,,,1,2,1,1.0,6.0
201100034899,0011-05-15 19:00:00,11,5,15,19,0,590,143,KENNEDY (RUE DU PRESIDEN,,,Plein jour,En agglomération,Hors intersection,Normale,Deux véhicules - côté,,,,,,,,,,,1,2,1,1.0,3.0
201100034900,0011-05-17 19:40:00,11,5,17,19,40,590,17,"75, SANGNIER (AVENUE MAR",,,Plein jour,En agglomération,Hors intersection,Normale,Autre collision,,,,,,,,,,,1,2,1,1.0,6.0
201100034901,0011-05-21 16:10:00,11,5,21,16,10,590,431,CROIX DU BAC (RUE DE LA,,,Plein jour,Hors agglomération,Intersection en T,Normale,Deux véhicules - côté,,,,,,,,,,,1,1,3,1.0,3.0
201100034902,0011-05-23 07:45:00,11,5,23,7,45,590,143,"255, OLLIVIER (RUE OMER",,,Plein jour,Hors agglomération,Hors intersection,Normale,Autre collision,,,,,,,,,,,1,1,1,1.0,6.0
201100034903,0011-05-24 17:25:00,11,5,24,17,25,590,317,", HUGO  (RUE VICTOR)",,,Plein jour,En agglomération,Hors intersection,Normale,Autre collision,,,,,,,,,,,1,2,1,1.0,6.0
201100034904,0011-06-06 21:15:00,11,6,6,21,15,590,143,"49, MARLE (RUE DE LA )",,,Plein jour,En agglomération,Giratoire,Normale,Deux véhicules - arrière,,,,,,,,,,,1,2,6,1.0,2.0
201100034905,0011-06-08 17:10:00,11,6,8,17,10,590,17,RENAN (RUE ERNEST ),,,Plein jour,En agglomération,Intersection en T,Normale,Deux véhicules - côté,,,,,,,,,,,1,2,3,1.0,3.0
201100034906,0011-07-01 15:45:00,11,7,1,15,45,590,17,"183, ERQUINGHEM (RUE D'",,,Plein jour,En agglomération,Hors intersection,Normale,Autre collision,,,,,,,,,,,1,2,1,1.0,6.0
201100034907,0011-07-13 18:15:00,11,7,13,18,15,590,17,EUROPE  (AVENUE DE L'),,,Plein jour,En agglomération,Hors intersection,Normale,Deux véhicules - côté,,,,,,,,,,,1,2,1,1.0,3.0
201100034908,0011-07-19 13:45:00,11,7,19,13,45,590,17,DE MUN  (RUE ALBERT ),,,Plein jour,En agglomération,Giratoire,Normale,Deux véhicules - côté,,,,,,,,,,,1,2,6,1.0,3.0
201100034909,0011-07-21 15:50:00,11,7,21,15,50,590,317,ROUTE DEPARTEMENTALE 945,,,Plein jour,Hors agglomération,Hors intersection,Normale,Deux véhicules - arrière,,,,,,,,,,,1,1,1,1.0,2.0
201100034910,0011-07-29 12:30:00,11,7,29,12,30,590,431,EPINETTE (RUE DE L' ),,,Plein jour,Hors agglomération,Hors intersection,Normale,Autre collision,,,,,,,,,,,1,1,1,1.0,6.0
201100034911,0011-08-23 05:35:00,11,8,23,5,35,590,317,18 HUGO  (RUE VICTOR),50.68913,2.90526,Nuit avec éclairage allumé,En agglomération,Hors intersection,Pluie légère,Autre collision,,,,,,,,,,,5,2,1,2.0,6.0
201100034912,0011-08-06 14:35:00,11,8,6,14,35,590,17,DE MUN  (RUE ALBERT ),,,Plein jour,En agglomération,Hors intersection,Normale,Deux véhicules - frontale,,,,,,,,,,,1,2,1,1.0,1.0
201100034913,0011-08-28 11:20:00,11,8,28,11,20,590,317,ROUTE DEPARTEMENTALE 945,,,Plein jour,Hors agglomération,Intersection en X,Normale,Deux véhicules - frontale,,,,,,,,,,,1,1,2,1.0,1.0
201100034914,0011-08-31 14:40:00,11,8,31,14,40,590,143,MARLE (RUE DE LA ),,,Plein jour,Hors agglomération,Intersection en T,Normale,Deux véhicules - arrière,,,,,,,,,,,1,1,3,1.0,2.0
201100034915,0011-09-13 10:30:00,11,9,13,10,30,590,17,"07, DUNKERQUE (RUE DE)",,,Plein jour,En agglomération,Hors intersection,Normale,Autre collision,,,,,,,,,,,1,2,1,1.0,6.0
201100034916,0011-09-24 02:25:00,11,9,24,2,25,590,431,"2145, CROIX DU BAC (RUE",,,Nuit sans éclairage public,Hors agglomération,Hors intersection,Normale,Autre collision,,,,,,,,,,,3,1,1,1.0,6.0
201100034917,0011-09-25 00:20:00,11,9,25,0,20,590,317,ROUTE DEPARTEMENTALE 945,,,Nuit avec éclairage allumé,Hors agglomération,Intersection en X,Normale,Deux véhicules - côté,,,,,,,,,,,5,1,2,1.0,3.0
201100034918,0011-10-11 15:30:00,11,10,11,15,30,590,17,"78, LIS (RUE RAYMOND )",,,Plein jour,En agglomération,Intersection en X,Normale,Autre collision,,,,,,,,,,,1,2,2,1.0,6.0
201100034919,0011-10-14 07:20:00,11,10,14,7,20,590,143,NATIONALE (ROUTE)IWEZ MA,,,Crépuscule ou aube,En agglomération,Intersection en X,Normale,Deux véhicules - côté,,,,,,,,,,,2,2,2,1.0,3.0
201100034920,0011-10-16 09:15:00,11,10,16,9,15,590,143,"61, NATIONALE  ( ROUTE)",,,Plein jour,En agglomération,Giratoire,Temps éblouissant,Autre collision,,,,,,,,,,,1,2,6,7.0,6.0
201100034921,0011-10-19 18:55:00,11,10,19,18,55,590,17,"113, DUNKERQUE (RUE DE)",,,Nuit avec éclairage allumé,En agglomération,Hors intersection,Normale,Autre collision,,,,,,,,,,,5,2,1,1.0,6.0
201100034922,0011-10-27 19:00:00,11,10,27,19,0,590,17,"280, BLUM  (AVENUE LEON)",,,Nuit avec éclairage allumé,En agglomération,Intersection en X,Pluie légère,Deux véhicules - côté,,,,,,,,,,,5,2,2,2.0,3.0
201100034923,0011-11-01 19:15:00,11,11,1,19,15,590,17,FAIDHERBE (BD ),,,Nuit avec éclairage allumé,En agglomération,Intersection en X,Normale,Deux véhicules - côté,,,,,,,,,,,5,2,2,1.0,3.0
201100034924,0011-10-07 12:50:00,11,10,7,12,50,590,431,BAILLEUL (RUE DE),,,Plein jour,En agglomération,Hors intersection,Normale,Deux véhicules - côté,,,,,,,,,,,1,2,1,1.0,3.0
201100034925,0011-11-18 18:30:00,11,11,18,18,30,590,17,ERQUINGHEM (RUE D' ),,,Nuit avec éclairage allumé,En agglomération,Giratoire,Temps couvert,Sans collision,,,,,,,,,,,5,2,6,8.0,7.0
201100034926,0011-11-23 07:50:00,11,11,23,7,50,590,143,BIRCHINGTON (PLACE),,,Nuit avec éclairage allumé,En agglomération,Giratoire,Temps couvert,Autre collision,,,,,,,,,,,5,2,6,8.0,6.0
201100034927,0011-11-28 10:15:00,11,11,28,10,15,590,17,FAIDHERBE (BD ),,,Plein jour,En agglomération,Hors intersection,Temps éblouissant,Autre collision,,,,,,,,,,,1,2,1,7.0,6.0
201100034928,0011-12-04 04:00:00,11,12,4,4,0,590,317,"102, LUTUN  (RUE)",,,Nuit avec éclairage allumé,En agglomération,Hors intersection,Pluie forte,Sans collision,,,,,,,,,,,5,2,1,3.0,7.0
201100034929,0011-12-07 07:20:00,11,12,7,7,20,590,143,KLEBER RINGOT (PLACE),,,Nuit avec éclairage allumé,En agglomération,Giratoire,Temps couvert,Deux véhicules - côté,,,,,,,,,,,5,2,6,8.0,3.0
201100034930,0011-12-10 20:10:00,11,12,10,20,10,590,431,TOUQUET (RUE DU),,,Nuit sans éclairage public,Hors agglomération,Hors intersection,Normale,Sans collision,,,,,,,,,,,3,1,1,1.0,7.0
201100034931,0011-12-06 15:00:00,11,12,6,15,0,590,17,DEPORTES (RUE DES),,,Plein jour,En agglomération,Intersection en T,Normale,Autre collision,,,,,,,,,,,1,2,3,1.0,6.0
201100034932,0011-12-15 12:50:00,11,12,15,12,50,590,17,NATIONALE (RUE),,,Plein jour,En agglomération,Hors intersection,Temps couvert,Deux véhicules - côté,,,,,,,,,,,1,2,1,8.0,3.0
201100034933,0011-12-12 07:15:00,11,12,12,7,15,590,17,"77, LYS (RUE DE LA )",,,Nuit avec éclairage allumé,En agglomération,Intersection en T,Temps couvert,Autre collision,,,,,,,,,,,5,2,3,8.0,6.0
201100034934,0011-12-11 11:40:00,11,12,11,11,40,590,17,"28, FUSILLES (RUE DES )",,,Plein jour,En agglomération,Hors intersection,Normale,Autre collision,,,,,,,,,,,1,2,1,1.0,6.0
201100034935,0011-12-16 18:05:00,11,12,16,18,5,590,143,"153, NATIONALE  ( ROUTE)",,,Nuit avec éclairage allumé,En agglomération,Hors intersection,Pluie légère,Autre collision,,,,,,,,,,,5,2,1,2.0,6.0
201100034936,0011-12-16 10:15:00,11,12,16,10,15,590,17,METZ (RUE DE ),,,Plein jour,En agglomération,Intersection en T,Autre,Autre collision,,,,,,,,,,,1,2,3,9.0,6.0
201100034937,0011-02-11 21:05:00,11,2,11,21,5,590,467,BAVAY (ROUTE DE),50.23615,3.83704,Nuit sans éclairage public,Hors agglomération,Hors intersection,Normale,Deux véhicules - arrière,,,,,,,,,,,3,1,1,1.0,2.0
201100034938,0011-04-09 22:25:00,11,4,9,22,25,590,68,"4, EUROPE (RESIDENCE DE",,,Nuit avec éclairage allumé,En agglomération,Hors intersection,Normale,Autre collision,,,,,,,,,,,5,2,1,1.0,6.0
201100034939,0011-05-06 15:55:00,11,5,6,15,55,590,344,DEPOT (RUE DU),,,Plein jour,En agglomération,Autre intersection,Normale,Deux véhicules - côté,,,,,,,,,,,1,2,9,1.0,3.0
201100034940,0011-10-21 16:05:00,11,10,21,16,5,590,467,"97, BAVAY (ROUTE DE)",,,Plein jour,Hors agglomération,Hors intersection,Normale,Deux véhicules - frontale,,,,,,,,,,,1,1,1,1.0,1.0
201100034941,0011-02-11 16:55:00,11,2,11,16,55,590,43,VIVIERS (RUE DES),,,Plein jour,En agglomération,Intersection en T,Normale,Autre collision,,,,,,,,,,,1,2,3,1.0,6.0
201100034942,0011-05-03 16:40:00,11,5,3,16,40,590,43,"27, GARE (RUE DE LA)",,,Plein jour,En agglomération,Hors intersection,Normale,Autre collision,,,,,,,,,,,1,2,1,1.0,6.0
201100034943,0011-05-12 18:25:00,11,5,12,18,25,590,43,KORTENKER (RUE DU),50.74371,2.73366,Plein jour,En agglomération,Intersection en X,Normale,Deux véhicules - côté,,,,,,,,,,,1,2,2,1.0,3.0
201100034944,0011-08-20 15:40:00,11,8,20,15,40,590,43,LOCRE (ROUTE DE),,,Plein jour,En agglomération,Hors intersection,Normale,Deux véhicules - côté,,,,,,,,,,,1,2,1,1.0,3.0
201100034945,0011-10-01 15:55:00,11,10,1,15,55,590,43,"vc 14, LEET (RUE DU)",,,Plein jour,Hors agglomération,Hors intersection,Normale,Sans collision,,,,,,,,,,,1,1,1,1.0,7.0
201100034946,0011-11-04 11:15:00,11,11,4,11,15,590,43,SIRENE (ROND POINT DE LA,,,Plein jour,En agglomération,Giratoire,Normale,Deux véhicules - côté,,,,,,,,,,,1,2,6,1.0,3.0
201100034947,0011-01-05 16:00:00,11,1,5,16,0,590,122,CATEAU (AVENUE DU),,,Plein jour,En agglomération,Giratoire,Normale,Deux véhicules - côté,,,,,,,,,,,1,2,6,1.0,3.0
201100034948,0011-01-11 08:00:00,11,1,11,8,0,590,122,"92, SAINT GEORGES (RUE)",,,Crépuscule ou aube,En agglomération,Hors intersection,Pluie forte,Autre collision,,,,,,,,,,,2,2,1,3.0,6.0
201100034949,0011-02-04 08:00:00,11,2,4,8,0,590,244,RD1643,,,Plein jour,Hors agglomération,Hors intersection,Normale,Trois véhicules et plus - collisions multiples,,,,,,,,,,,1,1,1,1.0,5.0
201100034950,0011-02-18 21:00:00,11,2,18,21,0,590,122,08 BOULEVARD VAUBAN,50.17281,3.24436,Nuit avec éclairage allumé,En agglomération,Hors intersection,Normale,Autre collision,,,,,,,,,,,5,2,1,1.0,6.0
201100034951,0011-03-27 12:10:00,11,3,27,12,10,590,122,"132, SAINT LADRE (RUE)",,,Plein jour,En agglomération,Intersection en T,Normale,Deux véhicules - côté,,,,,,,,,,,1,2,3,1.0,3.0
201100034952,0011-05-03 07:50:00,11,5,3,7,50,590,122,"83, SAINT ROCH (ALLEE)",,,Plein jour,En agglomération,Intersection en T,Normale,Deux véhicules - côté,,,,,,,,,,,1,2,3,1.0,3.0
201100034953,0011-05-03 19:35:00,11,5,3,19,35,590,122,"01, CHANTILLY (RUE DE)",,,Plein jour,En agglomération,Hors intersection,Normale,Autre collision,,,,,,,,,,,1,2,1,1.0,6.0
201100034954,0011-05-25 19:00:00,11,5,25,19,0,590,122,"83, CAUDRY (RUE DE)",,,Plein jour,En agglomération,Intersection en Y,Normale,Sans collision,,,,,,,,,,,1,2,4,1.0,7.0
201100034955,0011-06-04 17:50:00,11,6,4,17,50,590,122,"171, GAUTHIER (RUE)",,,Plein jour,En agglomération,Hors intersection,Normale,Autre collision,,,,,,,,,,,1,2,1,1.0,6.0
201100034956,0011-08-07 02:20:00,11,8,7,2,20,590,122,"168, SAINT LADRE (RUE)",50.16111,3.24977,Nuit avec éclairage allumé,En agglomération,Intersection en X,Temps couvert,Deux véhicules - côté,,,,,,,,,,,5,2,2,8.0,3.0
201100034957,0011-08-06 18:43:00,11,8,6,18,43,590,122,DOCKS (RUE DES),50.17675,3.22156,Plein jour,En agglomération,Hors intersection,Normale,Autre collision,,,,,,,,,,,1,2,1,1.0,6.0
201100034958,0011-08-07 17:30:00,11,8,7,17,30,590,122,BRIAND (PLACE ARISTIDE),,,Plein jour,En agglomération,Hors intersection,Normale,Autre collision,,,,,,,,,,,1,2,1,1.0,6.0
201100034959,0011-09-09 03:37:00,11,9,9,3,37,590,122,"345, LANDRECIES (RUE DES",,,Nuit avec éclairage allumé,En agglomération,Hors intersection,Pluie légère,Autre collision,,,,,,,,,,,5,2,1,2.0,6.0
201100034960,0011-09-06 17:15:00,11,9,6,17,15,590,122,NOYELLES (RUE DE),,,Plein jour,En agglomération,Intersection en X,Normale,Deux véhicules - côté,,,,,,,,,,,1,2,2,1.0,3.0
201100034961,0011-10-12 21:00:00,11,10,12,21,0,590,122,"13, VAUBAN (BOULEVARD)",,,Nuit sans éclairage public,En agglomération,Intersection en T,Temps couvert,Deux véhicules - côté,,,,,,,,,,,3,2,3,8.0,3.0
201100034962,0011-10-13 11:28:00,11,10,13,11,28,590,122,"1072, PARIS (AVENUE DE)",,,Plein jour,En agglomération,Intersection en T,Normale,Deux véhicules - côté,,,,,,,,,,,1,2,3,1.0,3.0
201100034963,0011-11-25 17:45:00,11,11,25,17,45,590,244,ROUTE NATIONALE,,,Nuit sans éclairage public,Hors agglomération,Hors intersection,Normale,Trois véhicules et plus - collisions multiples,,,,,,,,,,,3,1,1,1.0,5.0
201100034964,0011-03-07 15:20:00,11,3,7,15,20,590,616,BOULIEZ (RUE NESTOR ),,,Plein jour,En agglomération,Hors intersection,Normale,Deux véhicules - côté,,,,,,,,,,,1,2,1,1.0,3.0
201100034965,0011-03-29 15:15:00,11,3,29,15,15,590,153,CHAUSSIETTE (RUE DE LA ),,,Plein jour,En agglomération,Intersection en X,Normale,Deux véhicules - côté,,,,,,,,,,,1,2,2,1.0,3.0
201100034966,0011-04-17 11:40:00,11,4,17,11,40,590,253,"0, DOCTEUR GUERY (RUE DU",,,Plein jour,En agglomération,Intersection en T,Normale,Deux véhicules - côté,,,,,,,,,,,1,2,3,1.0,3.0
201100034967,0011-04-17 20:25:00,11,4,17,20,25,590,616,"703, BETH (RUE RENE )",,,Crépuscule ou aube,En agglomération,Hors intersection,Normale,Autre collision,,,,,,,,,,,2,2,1,1.0,6.0
201100034968,0011-08-10 09:30:00,11,8,10,9,30,590,153,"0, NOTRE DAME (RUE )",,,Plein jour,En agglomération,Intersection en Y,Normale,Autre collision,,,,,,,,,,,1,2,4,1.0,6.0
201100034969,0011-08-28 16:35:00,11,8,28,16,35,590,153,"1, REPUBLIQUE (PLACE DE",,,Plein jour,En agglomération,Hors intersection,Normale,Autre collision,,,,,,,,,,,1,2,1,1.0,6.0
201100034970,0011-09-03 13:25:00,11,9,3,13,25,590,153,"0, FANIART (RUE AUGUSTE)",,,Plein jour,En agglomération,Intersection en X,Normale,Deux véhicules - côté,,,,,,,,,,,1,2,2,1.0,3.0
201100034971,0011-09-13 16:25:00,11,9,13,16,25,590,153,"0, C.D. 935 (NOUVEAU )",,,Plein jour,Hors agglomération,Hors intersection,Normale,Sans collision,,,,,,,,,,,1,1,1,1.0,7.0
201100034972,0011-09-28 10:05:00,11,9,28,10,5,590,253,ZOLA (RUE EMILE ),,,Plein jour,En agglomération,Intersection en T,Temps éblouissant,Deux véhicules - côté,,,,,,,,,,,1,2,3,7.0,3.0
201100034973,0011-10-11 19:30:00,11,10,11,19,30,590,253,SARTEAU (ROUTE DU ),,,Crépuscule ou aube,Hors agglomération,Hors intersection,Normale,Deux véhicules - arrière,,,,,,,,,,,2,1,1,1.0,2.0
201100034974,0011-10-27 21:05:00,11,10,27,21,5,590,153,C.D. 935 (NOUVEAU ),,,Crépuscule ou aube,En agglomération,Hors intersection,Normale,Sans collision,,,,,,,,,,,2,2,1,1.0,7.0
201100034975,0011-11-14 13:25:00,11,11,14,13,25,590,253,"745, LOUBRY (RUE EDGARD",,,Plein jour,En agglomération,Hors intersection,Normale,Sans collision,,,,,,,,,,,1,2,1,1.0,7.0
201100034976,0011-12-06 09:45:00,11,12,6,9,45,590,153,HUGO (RUE VICTOR ),,,Plein jour,En agglomération,Hors intersection,Normale,Autre collision,,,,,,,,,,,1,2,1,1.0,6.0
201100034977,0011-11-10 08:55:00,11,11,10,8,55,590,153,DEPORTES (RUE DES ),,,Plein jour,En agglomération,Hors intersection,Normale,Deux véhicules - côté,,,,,,,,,,,1,2,1,1.0,3.0
201100034978,0011-11-03 18:00:00,11,11,3,18,0,590,153,C.D. 935 (NOUVEAU ),,,Nuit avec éclairage allumé,En agglomération,Giratoire,Pluie légère,Sans collision,,,,,,,,,,,5,2,6,2.0,7.0