accident_id,datetime,annee,mois,jour,heure,minute,departement,commune_insee,adresse,latitude,longitude,luminosite,agglomeration,intersection,meteo,collision,nb_vehicules,nb_usagers,nb_indemnes,nb_tues,nb_blesses_hosp,nb_blesses_legers,age_cond_1,age_cond_2,veh_type_cond_1,veh_type_cond_2,lum_code,agg_code,int_code,atm_code,col_code
201100035235,0011-01-26 12:20:00,11,1,26,12,20,590,350,JOUHAUX LEON PONT,,,Plein jour,En agglomération,Hors intersection,Normale,Autre collision,,,,,,,,,,,1,2,1,1.0,6.0
201100035236,0011-01-28 09:55:00,11,1,28,9,55,590,350,"001, SAINT SAUVEUR RUE",,,Plein jour,En agglomération,Hors intersection,Normale,Autre collision,,,,,,,,,,,1,2,1,1.0,6.0
201100035237,0011-01-29 16:30:00,11,1,29,16,30,590,128,"147, POINCARE RUE",,,Plein jour,En agglomération,Hors intersection,Normale,Trois véhicules et plus - en chaîne,,,,,,,,,,,1,2,1,1.0,4.0
201100035238,0011-01-29 21:25:00,11,1,29,21,25,590,527,DE LATTRE TASSIGNY.AVN°2,,,Nuit avec éclairage allumé,Hors agglomération,Hors intersection,Normale,Autre collision,,,,,,,,,,,5,1,1,1.0,6.0
201100035239,0011-01-28 11:30:00,11,1,28,11,30,590,350,ESPLANADE FACADE,,,Plein jour,En agglomération,Hors intersection,Normale,Autre collision,,,,,,,,,,,1,2,1,1.0,6.0
201100035240,0011-01-31 12:40:00,11,1,31,12,40,590,378,"001, LECLERC PLACE DU GE",,,Plein jour,En agglomération,Intersection en X,Normale,Autre collision,,,,,,,,,,,1,2,2,1.0,6.0
201100035241,0011-01-12 10:10:00,11,1,12,10,10,590,360,"001, FOCH RUE DU MARECHA",,,Plein jour,En agglomération,Intersection en X,Normale,Autre collision,,,,,,,,,,,1,2,2,1.0,6.0
201100035242,0011-02-01 14:40:00,11,2,1,14,40,590,378,CHAMPAGNE RUE DE,,,Plein jour,En agglomération,Hors intersection,Normale,Sans collision,,,,,,,,,,,1,2,1,1.0,7.0
201100035243,0011-02-02 14:45:00,11,2,2,14,45,590,9,", TOURNAI BOULEVARD DE",,,Plein jour,En agglomération,Hors intersection,Normale,Autre collision,,,,,,,,,,,1,2,1,1.0,6.0
201100035244,0011-02-02 17:00:00,11,2,2,17,0,590,378,"551, BAILLY ALBERT RUE",,,Plein jour,En agglomération,Hors intersection,Normale,Deux véhicules - arrière,,,,,,,,,,,1,2,1,1.0,2.0
201100035245,0011-02-02 20:00:00,11,2,2,20,0,590,9,"17, KING MARTIN LUTHER",,,Nuit avec éclairage allumé,En agglomération,Hors intersection,Normale,Autre collision,,,,,,,,,,,5,2,1,1.0,6.0
201100035246,0011-02-02 21:30:00,11,2,2,21,30,590,350,ZOLA EMILE AVENUE,,,Nuit avec éclairage allumé,En agglomération,Hors intersection,Pluie légère,Autre collision,,,,,,,,,,,5,2,1,2.0,6.0
201100035247,0011-02-03 10:10:00,11,2,3,10,10,590,328,"272, BOURG RUE DU N?245",50.65302,3.03144,Plein jour,En agglomération,Hors intersection,Normale,Autre collision,,,,,,,,,,,1,2,1,1.0,6.0
201100035248,0011-02-03 12:20:00,11,2,3,12,20,590,350,"00, FAUBOURG D'ARRAS RUE",,,Plein jour,En agglomération,Intersection en T,Normale,Autre collision,,,,,,,,,,,1,2,3,1.0,6.0
201100035249,0011-02-03 15:30:00,11,2,3,15,30,590,560,CD 925,,,Plein jour,En agglomération,Intersection en T,Normale,Deux véhicules - arrière,,,,,,,,,,,1,2,3,1.0,2.0
201100035250,0011-02-03 17:50:00,11,2,3,17,50,590,378,GUESDE JULES RUE,,,Nuit avec éclairage non allumé,En agglomération,Intersection en T,Normale,Deux véhicules - côté,,,,,,,,,,,4,2,3,1.0,3.0
201100035251,0011-02-04 10:50:00,11,2,4,10,50,590,368,"38, MAILLOTTE JEANNE RUE",,,Plein jour,En agglomération,Hors intersection,Pluie légère,Autre collision,,,,,,,,,,,1,2,1,2.0,6.0
201100035252,0011-02-04 19:15:00,11,2,4,19,15,590,9,8 MAI 1945 RUE DU A PART,,,Nuit avec éclairage allumé,En agglomération,Intersection en X,Normale,Deux véhicules - côté,,,,,,,,,,,5,2,2,1.0,3.0
201100035253,0011-02-06 06:00:00,11,2,6,6,0,590,9,"001, Départemental 700",,,Nuit sans éclairage public,Hors agglomération,Hors intersection,Normale,Deux véhicules - frontale,,,,,,,,,,,3,1,1,1.0,1.0
201100035254,0011-02-07 12:34:00,11,2,7,12,34,590,378,"00, NATIONALE RUE",,,Plein jour,En agglomération,Intersection en X,Normale,Autre collision,,,,,,,,,,,1,2,2,1.0,6.0
201100035255,0011-02-08 12:30:00,11,2,8,12,30,590,220,LECLERCQ AVENUE DU GENER,,,Plein jour,En agglomération,Autre intersection,Normale,Autre collision,,,,,,,,,,,1,2,9,1.0,6.0
201100035256,0011-02-08 16:30:00,11,2,8,16,30,590,350,PAINLEVE PAUL BOULEVARD,,,Plein jour,En agglomération,Hors intersection,Normale,Autre collision,,,,,,,,,,,1,2,1,1.0,6.0
201100035257,0011-02-09 08:00:00,11,2,9,8,0,590,350,"20, VAUBAN BOULEVARD N°",,,Plein jour,En agglomération,Hors intersection,Normale,Autre collision,,,,,,,,,,,1,2,1,1.0,6.0
201100035258,0011-02-09 11:05:00,11,2,9,11,5,590,350,MONTEBELLO BD PAIRS DE 7,,,Plein jour,En agglomération,Intersection en X,Normale,Deux véhicules - côté,,,,,,,,,,,1,2,2,1.0,3.0
201100035259,0011-02-09 13:10:00,11,2,9,13,10,590,350,"00, 4ème avenue Port Flu",,,Plein jour,En agglomération,Hors intersection,Normale,Autre collision,,,,,,,,,,,1,2,1,1.0,6.0
201100035260,0011-02-13 20:15:00,11,2,13,20,15,590,350,"24, CARREL ARMAND RUE",,,Nuit avec éclairage allumé,En agglomération,Hors intersection,Normale,Autre collision,,,,,,,,,,,5,2,1,1.0,6.0
201100035261,0011-02-11 15:00:00,11,2,11,15,0,590,350,LEZENNES BOULEVARD DE,,,Plein jour,En agglomération,Hors intersection,Normale,Deux véhicules - arrière,,,,,,,,,,,1,2,1,1.0,2.0
201100035262,0011-02-12 12:30:00,11,2,12,12,30,590,9,MONS BOULEVARD DE,,,Plein jour,En agglomération,Intersection en T,Pluie légère,Deux véhicules - côté,,,,,,,,,,,1,2,3,2.0,3.0
201100035263,0011-02-13 22:20:00,11,2,13,22,20,590,350,SOLFERINO RUE N°208AFIN-,,,Nuit avec éclairage allumé,En agglomération,Intersection en T,Normale,Deux véhicules - côté,,,,,,,,,,,5,2,3,1.0,3.0
201100035264,0011-02-15 14:30:00,11,2,15,14,30,590,368,"110, PAIX RUE DE LA",,,Plein jour,En agglomération,Hors intersection,Normale,Deux véhicules - côté,,,,,,,,,,,1,2,1,1.0,3.0
201100035265,0011-01-16 18:30:00,11,1,16,18,30,590,378,"370, MENIN RUE DE",,,Nuit avec éclairage allumé,En agglomération,Hors intersection,Normale,Autre collision,,,,,,,,,,,5,2,1,1.0,6.0
201100035266,0011-02-17 13:05:00,11,2,17,13,5,590,350,"001, EGALITE RUE DE L",,,Plein jour,En agglomération,Intersection en X,Normale,Autre collision,,,,,,,,,,,1,2,2,1.0,6.0
201100035267,0011-02-17 14:20:00,11,2,17,14,20,590,9,"001, TOURNAI BOULEVARD D",,,Plein jour,En agglomération,Intersection en X,Normale,Autre collision,,,,,,,,,,,1,2,2,1.0,6.0
201100035268,0011-02-18 16:00:00,11,2,18,16,0,590,350,"65, REPUBLIQUE AVENUE DE",,,Plein jour,En agglomération,Hors intersection,Normale,Deux véhicules - côté,,,,,,,,,,,1,2,1,1.0,3.0
201100035269,0011-02-17 17:30:00,11,2,17,17,30,590,128,"001, POINCARE RUE",,,Crépuscule ou aube,En agglomération,Intersection en X,Normale,Deux véhicules - côté,,,,,,,,,,,2,2,2,1.0,3.0
201100035270,0011-02-18 10:30:00,11,2,18,10,30,590,350,MONTEBELLO BOULEVARD N°2,,,Plein jour,En agglomération,Hors intersection,Normale,Deux véhicules - côté,,,,,,,,,,,1,2,1,1.0,3.0
201100035271,0011-02-19 14:00:00,11,2,19,14,0,590,585,VENDEVILLE ROUTE DE,,,Plein jour,Hors agglomération,Hors intersection,Pluie légère,Deux véhicules - frontale,,,,,,,,,,,1,1,1,2.0,1.0
201100035272,0011-02-19 15:30:00,11,2,19,15,30,590,350,"91, NATIONALE RUE N°2 A",,,Plein jour,En agglomération,Intersection en T,Normale,Autre collision,,,,,,,,,,,1,2,3,1.0,6.0
201100035273,0011-02-18 08:25:00,11,2,18,8,25,590,350,"001, BLEUETS PLACE AUX",,,Plein jour,En agglomération,Intersection en T,Normale,Deux véhicules - côté,,,,,,,,,,,1,2,3,1.0,3.0
201100035274,0011-02-19 15:30:00,11,2,19,15,30,590,350,"52, FAIDHERBE RUE",,,Plein jour,En agglomération,Hors intersection,Pluie légère,Autre collision,,,,,,,,,,,1,2,1,2.0,6.0
201100035275,0011-02-21 00:01:00,11,2,21,0,1,590,350,VANTROYEN RUE,,,Nuit avec éclairage allumé,En agglomération,Intersection en T,Normale,Autre collision,,,,,,,,,,,5,2,3,1.0,6.0
201100035276,0011-02-20 12:05:00,11,2,20,12,5,590,9,SAINT GHISLAIN ROND POIN,,,Plein jour,En agglomération,Intersection en T,Normale,Deux véhicules - côté,,,,,,,,,,,1,2,3,1.0,3.0
201100035277,0011-02-03 11:40:00,11,2,3,11,40,590,378,"00, MARNE AVENUE DE LA",,,Plein jour,En agglomération,Intersection en X,Normale,Autre collision,,,,,,,,,,,1,2,2,1.0,6.0
201100035278,0011-02-22 13:25:00,11,2,22,13,25,590,378,"56/58, BAILLY ALBERT RUE",,,Plein jour,En agglomération,Hors intersection,Normale,Deux véhicules - côté,,,,,,,,,,,1,2,1,1.0,3.0
201100035279,0011-02-24 07:40:00,11,2,24,7,40,590,328,AVENIR RUE DE L,,,Plein jour,En agglomération,Hors intersection,Pluie légère,Autre collision,,,,,,,,,,,1,2,1,2.0,6.0
201100035280,0011-02-24 09:30:00,11,2,24,9,30,590,410,"00, MILLIEZ PAUL RUE",,,Plein jour,En agglomération,Intersection en X,Pluie légère,Autre collision,,,,,,,,,,,1,2,2,2.0,6.0
201100035281,0011-02-25 03:00:00,11,2,25,3,0,590,193,"10, Seclin, rue de",,,Nuit avec éclairage allumé,En agglomération,Hors intersection,Normale,Autre collision,,,,,,,,,,,5,2,1,1.0,6.0
201100035282,0011-02-26 19:20:00,11,2,26,19,20,590,368,"001, DE GAULLE RUE DU GE",,,Nuit avec éclairage allumé,En agglomération,Intersection en X,Pluie légère,Autre collision,,,,,,,,,,,5,2,2,2.0,6.0
201100035283,0011-02-26 17:00:00,11,2,26,17,0,590,9,"00, OUEST BOULEVARD DE L",,,Plein jour,En agglomération,Intersection en X,Pluie légère,Autre collision,,,,,,,,,,,1,2,2,2.0,6.0
201100035284,0011-02-26 23:45:00,11,2,26,23,45,590,9,"001, TOURNAI BOULEVARD D",,,Nuit avec éclairage allumé,En agglomération,Intersection en T,Normale,Deux véhicules - côté,,,,,,,,,,,5,2,3,1.0,3.0
201100035285,0011-02-28 11:40:00,11,2,28,11,40,590,350,MILITAIRE RUE  HOPITAL,50.63376,3.06162,Plein jour,En agglomération,Hors intersection,Pluie légère,Autre collision,,,,,,,,,,,1,2,1,2.0,6.0
201100035286,0011-03-01 13:25:00,11,3,1,13,25,590,9,"Sans Objet, VAN GOGH BOU",,,Plein jour,En agglomération,Hors intersection,Normale,Autre collision,,,,,,,,,,,1,2,1,1.0,6.0
201100035287,0011-02-28 12:00:00,11,2,28,12,0,590,648,DE GAULLE RUE DU GENERAL,,,Plein jour,En agglomération,Intersection en X,Normale,Deux véhicules - côté,,,,,,,,,,,1,2,2,1.0,3.0
201100035288,0011-02-03 19:45:00,11,2,3,19,45,590,350,"100, TURGOT RUE",,,Nuit avec éclairage allumé,En agglomération,Hors intersection,Normale,Autre collision,,,,,,,,,,,5,2,1,1.0,6.0
201100035289,0011-02-22 18:00:00,11,2,22,18,0,590,350,"89, NATIONALE RUE N°REST",,,Nuit avec éclairage allumé,En agglomération,Hors intersection,Normale,Deux véhicules - côté,,,,,,,,,,,5,2,1,1.0,3.0
201100035290,0011-02-17 11:00:00,11,2,17,11,0,590,360,"79, POTIE GEORGES RUE",,,Plein jour,En agglomération,Hors intersection,Normale,Autre collision,,,,,,,,,,,1,2,1,1.0,6.0
201100035291,0011-03-05 15:50:00,11,3,5,15,50,590,360,"43, FOCH RUE DU MARECHAL",,,Plein jour,En agglomération,Hors intersection,Normale,Autre collision,,,,,,,,,,,1,2,1,1.0,6.0
201100035292,0011-03-06 08:45:00,11,3,6,8,45,590,350,"001, BELFORT BOULEVARD D",,,Plein jour,En agglomération,Intersection en X,Normale,Deux véhicules - côté,,,,,,,,,,,1,2,2,1.0,3.0
201100035293,0011-03-07 08:00:00,11,3,7,8,0,590,9,"LILLE, Rue de",,,Plein jour,En agglomération,Intersection en X,Normale,Deux véhicules - côté,,,,,,,,,,,1,2,2,1.0,3.0
201100035294,0011-03-07 11:20:00,11,3,7,11,20,590,9,"00, OUEST BOULEVARD DE L",,,Plein jour,En agglomération,Hors intersection,Normale,Autre collision,,,,,,,,,,,1,2,1,1.0,6.0
201100035295,0011-03-09 08:30:00,11,3,9,8,30,590,9,"116, FUSILLES RUE DES DU",,,Plein jour,En agglomération,Hors intersection,Normale,Trois véhicules et plus - en chaîne,,,,,,,,,,,1,2,1,1.0,4.0
201100035296,0011-03-09 07:25:00,11,3,9,7,25,590,350,"464, DUNKERQUE AVENUE",,,Plein jour,En agglomération,Hors intersection,Normale,Deux véhicules - côté,,,,,,,,,,,1,2,1,1.0,3.0
201100035297,0011-03-09 18:10:00,11,3,9,18,10,590,9,DE COUTURE,,,Plein jour,En agglomération,Hors intersection,Normale,Autre collision,,,,,,,,,,,1,2,1,1.0,6.0
201100035298,0011-03-10 19:10:00,11,3,10,19,10,590,286,"001, TAPIS VERT RUE DU",,,Crépuscule ou aube,En agglomération,Hors intersection,Normale,Autre collision,,,,,,,,,,,2,2,1,1.0,6.0
201100035299,0011-03-11 18:00:00,11,3,11,18,0,590,9,PERRIN JEAN  AVENUE,,,Plein jour,En agglomération,Hors intersection,Normale,Autre collision,,,,,,,,,,,1,2,1,1.0,6.0
201100035300,0011-03-11 16:30:00,11,3,11,16,30,590,378,"48, DUCHATEAU CITE (RUE",,,Plein jour,En agglomération,Hors intersection,Normale,Autre collision,,,,,,,,,,,1,2,1,1.0,6.0
201100035301,0011-03-12 16:15:00,11,3,12,16,15,590,609,SECLIN RUE DE,,,Plein jour,En agglomération,Hors intersection,Pluie légère,Autre collision,,,,,,,,,,,1,2,1,2.0,6.0
201100035302,0011-03-09 16:20:00,11,3,9,16,20,590,410,"00, THIERS RUE",,,Plein jour,En agglomération,Hors intersection,Normale,Autre collision,,,,,,,,,,,1,2,1,1.0,6.0
201100035303,0011-03-14 09:35:00,11,3,14,9,35,590,527,"001, GAMBETTA LEON RUE",,,Plein jour,En agglomération,Intersection en T,Normale,Deux véhicules - côté,,,,,,,,,,,1,2,3,1.0,3.0
201100035304,0011-03-14 18:00:00,11,3,14,18,0,590,350,"46, BERNOS RUE",,,Plein jour,En agglomération,Hors intersection,Normale,Autre collision,,,,,,,,,,,1,2,1,1.0,6.0
201100035305,0011-03-12 20:35:00,11,3,12,20,35,590,9,"116, JAURES JEAN RUE",,,Nuit avec éclairage allumé,En agglomération,Hors intersection,Pluie légère,Autre collision,,,,,,,,,,,5,2,1,2.0,6.0
201100035306,0011-03-15 08:45:00,11,3,15,8,45,590,368,"85, JOFFRE RUE",,,Plein jour,En agglomération,Intersection en T,Normale,Autre collision,,,,,,,,,,,1,2,3,1.0,6.0
201100035307,0011-03-15 10:35:00,11,3,15,10,35,590,378,REPUBLIQUE AV DE LA (N°8,,,Plein jour,En agglomération,Intersection en T,Normale,Sans collision,,,,,,,,,,,1,2,3,1.0,7.0
201100035308,0011-03-15 16:55:00,11,3,15,16,55,590,350,"37, MERMOZ RUE",,,Plein jour,En agglomération,Intersection en T,Normale,Deux véhicules - arrière,,,,,,,,,,,1,2,3,1.0,2.0
201100035309,0011-03-15 18:00:00,11,3,15,18,0,590,328,DUNKERQUE AVENUE DE,,,Plein jour,En agglomération,Hors intersection,Normale,Autre collision,,,,,,,,,,,1,2,1,1.0,6.0
201100035310,0011-03-16 13:30:00,11,3,16,13,30,590,457,"42, BOUCHERY HENRI RUE",,,Plein jour,En agglomération,Hors intersection,Normale,Autre collision,,,,,,,,,,,1,2,1,1.0,6.0
201100035311,0011-03-16 17:15:00,11,3,16,17,15,590,566,CARNOT SADI RUE,,,Plein jour,En agglomération,Giratoire,Normale,Autre collision,,,,,,,,,,,1,2,6,1.0,6.0
201100035312,0011-03-16 16:00:00,11,3,16,16,0,590,350,"107, FAUBOURG D'ARRAS RU",,,Plein jour,En agglomération,Hors intersection,Normale,Autre collision,,,,,,,,,,,1,2,1,1.0,6.0
201100035313,0011-03-16 12:25:00,11,3,16,12,25,590,350,"00, HOOVER AVENUE DU PRE",,,Plein jour,En agglomération,Intersection en X,Normale,Autre collision,,,,,,,,,,,1,2,2,1.0,6.0
201100035314,0011-03-17 11:35:00,11,3,17,11,35,590,560,"001, BOUVRY ROGER RUE",,,Plein jour,En agglomération,Intersection en T,Normale,Deux véhicules - côté,,,,,,,,,,,1,2,3,1.0,3.0
201100035315,0011-03-17 19:20:00,11,3,17,19,20,590,9,"001, PODIUM",,,Crépuscule ou aube,En agglomération,Intersection en T,Normale,Deux véhicules - arrière,,,,,,,,,,,2,2,3,1.0,2.0
201100035316,0011-03-13 05:25:00,11,3,13,5,25,590,360,LECLERC RUE DU GENERAL,,,Nuit avec éclairage allumé,En agglomération,Hors intersection,Normale,Autre collision,,,,,,,,,,,5,2,1,1.0,6.0
201100035317,0011-03-18 07:40:00,11,3,18,7,40,590,350,SOLFERINO RUE N°1 A 159,,,Plein jour,En agglomération,Hors intersection,Normale,Autre collision,,,,,,,,,,,1,2,1,1.0,6.0
201100035318,0011-03-19 03:55:00,11,3,19,3,55,590,343,JAURES JEAN RUE,50.58204,3.09146,Nuit avec éclairage allumé,En agglomération,Hors intersection,Normale,Autre collision,,,,,,,,,,,5,2,1,1.0,6.0
201100035319,0011-03-19 08:50:00,11,3,19,8,50,590,350,"001, CORMONTAIGNE PLACE",,,Plein jour,En agglomération,Intersection en X,Normale,Deux véhicules - côté,,,,,,,,,,,1,2,2,1.0,3.0
201100035320,0011-03-18 15:20:00,11,3,18,15,20,590,350,"42, SAINT VENANT CHARLES",,,Plein jour,En agglomération,Hors intersection,Normale,Deux véhicules - arrière,,,,,,,,,,,1,2,1,1.0,2.0
201100035321,0011-03-19 16:05:00,11,3,19,16,5,590,507,"EUROPE, Boulevard de",50.5984,3.10213,Plein jour,En agglomération,Hors intersection,Normale,Deux véhicules - frontale,,,,,,,,,,,1,2,1,1.0,1.0
201100035322,0011-03-19 17:15:00,11,3,19,17,15,590,350,LEBAS JEAN BAPTISTE BOUL,,,Plein jour,En agglomération,Hors intersection,Normale,Autre collision,,,,,,,,,,,1,2,1,1.0,6.0
201100035323,0011-03-19 17:15:00,11,3,19,17,15,590,350,"40, FAUBOURG DE ROUBAIX",,,Plein jour,En agglomération,Hors intersection,Normale,Deux véhicules - arrière,,,,,,,,,,,1,2,1,1.0,2.0
201100035324,0011-03-19 21:10:00,11,3,19,21,10,590,368,"001, DE GAULLE RUE DU GE",,,Nuit avec éclairage allumé,En agglomération,Hors intersection,Normale,Deux véhicules - côté,,,,,,,,,,,5,2,1,1.0,3.0
201100035325,0011-03-17 19:10:00,11,3,17,19,10,590,350,SCHUMAN ROBERT BOULEVARD,,,Plein jour,En agglomération,Intersection en X,Normale,Deux véhicules - côté,,,,,,,,,,,1,2,2,1.0,3.0
201100035326,0011-03-21 21:40:00,11,3,21,21,40,590,350,"122, LIBERTE BVD N?147 A",,,Nuit avec éclairage allumé,En agglomération,Intersection en X,Normale,Deux véhicules - côté,,,,,,,,,,,5,2,2,1.0,3.0
201100035327,0011-03-22 08:20:00,11,3,22,8,20,590,350,"25, LEBAS JEAN BAPTISTE",,,Plein jour,En agglomération,Hors intersection,Normale,Autre collision,,,,,,,,,,,1,2,1,1.0,6.0
201100035328,0011-03-21 14:20:00,11,3,21,14,20,590,220,HAUBOURDIN RUE D   N°IMP,,,Plein jour,En agglomération,Hors intersection,Normale,Autre collision,,,,,,,,,,,1,2,1,1.0,6.0
201100035329,0011-03-23 07:40:00,11,3,23,7,40,590,360,"42, PARE AMBROISE RUE",,,Plein jour,En agglomération,Hors intersection,Normale,Deux véhicules - côté,,,,,,,,,,,1,2,1,1.0,3.0
201100035330,0011-03-23 11:00:00,11,3,23,11,0,590,527,"245, LECLERC RUE DU GENE",,,Plein jour,En agglomération,Hors intersection,Normale,Autre collision,,,,,,,,,,,1,2,1,1.0,6.0
201100035331,0011-03-23 17:10:00,11,3,23,17,10,590,350,"22, SAINT AMAND RUE",,,Plein jour,En agglomération,Hors intersection,Normale,Autre collision,,,,,,,,,,,1,2,1,1.0,6.0
201100035332,0011-03-23 18:15:00,11,3,23,18,15,590,350,"244, HUGO VICTOR  BVD N°",,,Plein jour,En agglomération,Intersection en X,Normale,Deux véhicules - côté,,,,,,,,,,,1,2,2,1.0,3.0
201100035333,0011-03-24 10:00:00,11,3,24,10,0,590,350,"00, ARTOIS RUE D N°1 A 8",,,Plein jour,En agglomération,Intersection en X,Normale,Autre collision,,,,,,,,,,,1,2,2,1.0,6.0
201100035334,0011-03-24 13:00:00,11,3,24,13,0,590,378,"101, FOCH AVENUE N°1-137",,,Plein jour,En agglomération,Intersection en X,Normale,Deux véhicules - côté,,,,,,,,,,,1,2,2,1.0,3.0
201100035335,0011-03-07 13:50:00,11,3,7,13,50,590,507,LAVOISIER RUE,,,Plein jour,En agglomération,Hors intersection,Normale,Deux véhicules - côté,,,,,,,,,,,1,2,1,1.0,3.0
201100035336,0011-03-25 16:15:00,11,3,25,16,15,590,368,"263, DE GAULLE RUE DU GE",,,Plein jour,En agglomération,Hors intersection,Normale,Deux véhicules - arrière,,,,,,,,,,,1,2,1,1.0,2.0
201100035337,0011-03-25 17:45:00,11,3,25,17,45,590,9,JAURES JEAN RUE    N°101,,,Plein jour,En agglomération,Hors intersection,Normale,Trois véhicules et plus - en chaîne,,,,,,,,,,,1,2,1,1.0,4.0
201100035338,0011-03-26 17:30:00,11,3,26,17,30,590,350,LIBERTE BVD N°147 A FIN-,,,Plein jour,En agglomération,Hors intersection,Normale,Autre collision,,,,,,,,,,,1,2,1,1.0,6.0
201100035339,0011-03-26 21:55:00,11,3,26,21,55,590,378,"71, CHARCOT RUE DU DOCTE",,,Nuit avec éclairage allumé,En agglomération,Intersection en X,Pluie légère,Deux véhicules - côté,,,,,,,,,,,5,2,2,2.0,3.0
201100035340,0011-03-27 12:20:00,11,3,27,12,20,590,350,"00, DUNKERQUE PONT",,,Plein jour,En agglomération,Intersection en X,Normale,Autre collision,,,,,,,,,,,1,2,2,1.0,6.0
201100035341,0011-03-27 19:20:00,11,3,27,19,20,590,368,"00, SAINT JOSEPH RUE",,,Plein jour,En agglomération,Hors intersection,Normale,Autre collision,,,,,,,,,,,1,2,1,1.0,6.0
201100035342,0011-03-23 13:05:00,11,3,23,13,5,590,286,"174, CARNOT SADI RUE",,,Plein jour,En agglomération,Hors intersection,Normale,Autre collision,,,,,,,,,,,1,2,1,1.0,6.0
201100035343,0011-03-29 18:10:00,11,3,29,18,10,590,328,"304, DUNKERQUE AVENUE DE",,,Plein jour,En agglomération,Hors intersection,Normale,Autre collision,,,,,,,,,,,1,2,1,1.0,6.0
201100035344,0011-03-31 14:30:00,11,3,31,14,30,590,9,"001, ROUBAIX AVNUE DE",,,Plein jour,En agglomération,Hors intersection,Normale,Autre collision,,,,,,,,,,,1,2,1,1.0,6.0
201100035345,0011-04-01 16:40:00,11,4,1,16,40,590,378,GENEVOIX MAURICE RUE,,,Plein jour,En agglomération,Intersection en T,Normale,Deux véhicules - côté,,,,,,,,,,,1,2,3,1.0,3.0
201100035346,0011-04-02 14:00:00,11,4,2,14,0,590,566,CHEMIN NOIR RUE DU,,,Plein jour,Hors agglomération,Giratoire,Normale,Sans collision,,,,,,,,,,,1,1,6,1.0,7.0
201100035347,0011-04-03 23:15:00,11,4,3,23,15,590,350,"001, GRAND BUT RUE DU",,,Nuit avec éclairage allumé,En agglomération,Hors intersection,Normale,Deux véhicules - côté,,,,,,,,,,,5,2,1,1.0,3.0
201100035348,0011-04-04 12:00:00,11,4,4,12,0,590,350,"481, DUNKERQUE AVENUE DE",,,Plein jour,En agglomération,Hors intersection,Normale,Autre collision,,,,,,,,,,,1,2,1,1.0,6.0
201100035349,0011-03-31 07:50:00,11,3,31,7,50,590,350,"9, GUERIN CAMILLE RUE",,,Plein jour,En agglomération,Hors intersection,Pluie forte,Sans collision,,,,,,,,,,,1,2,1,3.0,7.0
201100035350,0011-04-05 12:20:00,11,4,5,12,20,590,350,"73, TURENNE RUE",,,Plein jour,En agglomération,Hors intersection,Normale,Autre collision,,,,,,,,,,,1,2,1,1.0,6.0
201100035351,0011-04-05 21:00:00,11,4,5,21,0,590,350,"357, HUGO VICTOR  BVD N°",,,Nuit avec éclairage allumé,En agglomération,Hors intersection,Normale,Sans collision,,,,,,,,,,,5,2,1,1.0,7.0
201100035352,0011-04-06 18:55:00,11,4,6,18,55,590,286,"8, LIBERTE RUE DE LA",,,Plein jour,En agglomération,Hors intersection,Normale,Autre collision,,,,,,,,,,,1,2,1,1.0,6.0
201100035353,0011-04-05 17:35:00,11,4,5,17,35,590,9,"BOX N4, SAULES RUE DES",,,Plein jour,En agglomération,Hors intersection,Pluie légère,Autre collision,,,,,,,,,,,1,2,1,2.0,6.0
201100035354,0011-04-07 01:55:00,11,4,7,1,55,590,350,GUESDE JULES RUE,,,Nuit avec éclairage allumé,En agglomération,Intersection en X,Normale,Deux véhicules - côté,,,,,,,,,,,5,2,2,1.0,3.0
201100035355,0011-04-08 11:50:00,11,4,8,11,50,590,378,MESUREUR GUSTAVE RUE,,,Plein jour,En agglomération,Intersection en T,Normale,Autre collision,,,,,,,,,,,1,2,3,1.0,6.0
201100035356,0011-04-09 08:20:00,11,4,9,8,20,590,350,"00, CANONNIERS RUE DES 1",,,Plein jour,En agglomération,Intersection en X,Normale,Autre collision,,,,,,,,,,,1,2,2,1.0,6.0
201100035357,0011-04-10 12:00:00,11,4,10,12,0,590,350,"53, FAUBOURG DES POSTES",,,Plein jour,En agglomération,Intersection en X,Normale,Autre collision,,,,,,,,,,,1,2,2,1.0,6.0
201100035358,0011-04-10 12:40:00,11,4,10,12,40,590,368,BRIAND ARISTIDE RUE,,,Plein jour,En agglomération,Intersection en X,Normale,Autre collision,,,,,,,,,,,1,2,2,1.0,6.0
201100035359,0011-04-10 22:10:00,11,4,10,22,10,590,350,"445, DUNKERQUE AVENUE",,,Nuit avec éclairage allumé,En agglomération,Intersection en X,Normale,Deux véhicules - frontale,,,,,,,,,,,5,2,2,1.0,1.0
201100035360,0011-03-11 08:15:00,11,3,11,8,15,590,386,"70, LALAU RUE",,,Plein jour,En agglomération,Intersection en X,Normale,Autre collision,,,,,,,,,,,1,2,2,1.0,6.0
201100035361,0011-04-11 11:30:00,11,4,11,11,30,590,368,POMPIDOU G. RUE DU PDT.1,,,Plein jour,En agglomération,Hors intersection,Normale,Deux véhicules - côté,,,,,,,,,,,1,2,1,1.0,3.0
201100035362,0011-04-11 14:25:00,11,4,11,14,25,590,636,"00, GHESQUERE VIRGINIE R",,,Plein jour,En agglomération,Intersection en Y,Normale,Autre collision,,,,,,,,,,,1,2,4,1.0,6.0
201100035363,0011-04-11 19:30:00,11,4,11,19,30,590,350,"260, FAUBOURG DE ROUBAIX",,,Plein jour,En agglomération,Hors intersection,Normale,Deux véhicules - arrière,,,,,,,,,,,1,2,1,1.0,2.0