accident_id,datetime,annee,mois,jour,heure,minute,departement,commune_insee,adresse,latitude,longitude,luminosite,agglomeration,intersection,meteo,collision,nb_vehicules,nb_usagers,nb_indemnes,nb_tues,nb_blesses_hosp,nb_blesses_legers,age_cond_1,age_cond_2,veh_type_cond_1,veh_type_cond_2,lum_code,agg_code,int_code,atm_code,col_code
201100035495,0011-06-22 14:15:00,11,6,22,14,15,590,350,"01, CARREL ARMAND RUE",,,Plein jour,En agglomération,Intersection en X,Normale,Autre collision,,,,,,,,,,,1,2,2,1.0,6.0
201100035496,0011-06-23 15:05:00,11,6,23,15,5,590,378,"117, CHARCOT RUE DU DOCT",,,Plein jour,En agglomération,Hors intersection,Normale,Autre collision,,,,,,,,,,,1,2,1,1.0,6.0
201100035497,0011-06-23 20:10:00,11,6,23,20,10,590,350,BOUCHER DE PERTHES RUE,,,Plein jour,En agglomération,Intersection en X,Normale,Autre collision,,,,,,,,,,,1,2,2,1.0,6.0
201100035498,0011-06-24 20:10:00,11,6,24,20,10,590,560,NOYELLES ROUTE DE,50.55849,3.03165,Plein jour,En agglomération,Hors intersection,Normale,Autre collision,,,,,,,,,,,1,2,1,1.0,6.0
201100035499,0011-06-25 09:35:00,11,6,25,9,35,590,350,"336, FAUBOURG D'ARRAS RU",,,Plein jour,En agglomération,Intersection en T,Normale,Sans collision,,,,,,,,,,,1,2,3,1.0,7.0
201100035500,0011-06-25 23:50:00,11,6,25,23,50,590,316,"245, JAURES JEAN RUE",50.5702,2.97933,Nuit avec éclairage allumé,En agglomération,Hors intersection,Normale,Autre collision,,,,,,,,,,,5,2,1,1.0,6.0
201100035501,0011-06-26 12:30:00,11,6,26,12,30,590,350,"27, JAURES JEAN RUE",,,Plein jour,En agglomération,Hors intersection,Normale,Autre collision,,,,,,,,,,,1,2,1,1.0,6.0
201100035502,0011-06-25 17:00:00,11,6,25,17,0,590,378,REPUBLIQUE AV DE LA ( N?,,,Plein jour,En agglomération,Intersection en X,Normale,Deux véhicules - côté,,,,,,,,,,,1,2,2,1.0,3.0
201100035503,0011-06-26 14:15:00,11,6,26,14,15,590,350,PARIS RUE N? RESTE,,,Plein jour,En agglomération,Intersection en X,Normale,Deux véhicules - côté,,,,,,,,,,,1,2,2,1.0,3.0
201100035504,0011-06-27 07:30:00,11,6,27,7,30,590,437,WATTIGNIES RUE DE,,,Plein jour,En agglomération,Hors intersection,Normale,Autre collision,,,,,,,,,,,1,2,1,1.0,6.0
201100035505,0011-06-28 15:10:00,11,6,28,15,10,590,350,"227, POSTES RUE N? RESTE",,,Plein jour,En agglomération,Intersection en X,Normale,Autre collision,,,,,,,,,,,1,2,2,1.0,6.0
201100035506,0011-06-28 18:00:00,11,6,28,18,0,590,350,"29, BERGOT LOUIS RUE",,,Plein jour,En agglomération,Hors intersection,Normale,Deux véhicules - côté,,,,,,,,,,,1,2,1,1.0,3.0
201100035507,0011-06-28 20:00:00,11,6,28,20,0,590,378,MENIN RUE DE,,,Plein jour,En agglomération,Intersection en Y,Normale,Deux véhicules - arrière,,,,,,,,,,,1,2,4,1.0,2.0
201100035508,0011-06-29 17:20:00,11,6,29,17,20,590,507,"174, JAURES JEAN RUE",,,Plein jour,En agglomération,Hors intersection,Temps éblouissant,Autre collision,,,,,,,,,,,1,2,1,7.0,6.0
201100035509,0011-06-29 19:45:00,11,6,29,19,45,590,9,DE FLANDRES (avenue),,,Plein jour,En agglomération,Intersection en X,Normale,Deux véhicules - côté,,,,,,,,,,,1,2,2,1.0,3.0
201100035510,0011-06-29 19:40:00,11,6,29,19,40,590,378,"00, REPUBLIQUE AV DE LA",,,Plein jour,En agglomération,Hors intersection,Normale,Autre collision,,,,,,,,,,,1,2,1,1.0,6.0
201100035511,0011-06-30 18:30:00,11,6,30,18,30,590,609,LAURIERS RUE DES,,,Plein jour,En agglomération,Intersection en T,Normale,Autre collision,,,,,,,,,,,1,2,3,1.0,6.0
201100035512,0011-06-30 11:20:00,11,6,30,11,20,590,350,"51, PUEBLA RUE",,,Plein jour,En agglomération,Intersection en X,Normale,Autre collision,,,,,,,,,,,1,2,2,1.0,6.0
201100035513,0011-06-30 14:40:00,11,6,30,14,40,590,350,"00, DELORY GUSTAVE RUE",,,Plein jour,En agglomération,Intersection en X,Normale,Autre collision,,,,,,,,,,,1,2,2,1.0,6.0
201100035514,0011-07-01 17:30:00,11,7,1,17,30,590,350,LEBAS JEAN BAPTISTE BOUL,,,Plein jour,En agglomération,Hors intersection,Normale,Autre collision,,,,,,,,,,,1,2,1,1.0,6.0
201100035515,0011-07-02 21:40:00,11,7,2,21,40,590,350,"94, LIBERTE BVD N?147 A",,,Nuit avec éclairage non allumé,En agglomération,Intersection en X,Normale,Autre collision,,,,,,,,,,,4,2,2,1.0,6.0
201100035516,0011-07-04 14:20:00,11,7,4,14,20,590,350,SCHUMAN ROBERT BOULEVARD,,,Plein jour,En agglomération,Hors intersection,Normale,Deux véhicules - côté,,,,,,,,,,,1,2,1,1.0,3.0
201100035517,0011-07-05 08:10:00,11,7,5,8,10,590,350,GUESDE JULES RUE,,,Plein jour,En agglomération,Hors intersection,Normale,Trois véhicules et plus - collisions multiples,,,,,,,,,,,1,2,1,1.0,5.0
201100035518,0011-07-05 13:12:00,11,7,5,13,12,590,9,VETERANS RUE DES,,,Plein jour,En agglomération,Hors intersection,Normale,Deux véhicules - côté,,,,,,,,,,,1,2,1,1.0,3.0
201100035519,0011-07-05 14:25:00,11,7,5,14,25,590,350,GAMBETTA LEON RUE,,,Plein jour,En agglomération,Intersection en X,Normale,Autre collision,,,,,,,,,,,1,2,2,1.0,6.0
201100035520,0011-07-05 17:00:00,11,7,5,17,0,590,350,LIBERTE BVD N?147 A FIN-,,,Plein jour,En agglomération,Hors intersection,Normale,Deux véhicules - côté,,,,,,,,,,,1,2,1,1.0,3.0
201100035521,0011-07-05 09:10:00,11,7,5,9,10,590,350,"44, SAINT VENANT CHARLES",,,Plein jour,En agglomération,Hors intersection,Normale,Deux véhicules - côté,,,,,,,,,,,1,2,1,1.0,3.0
201100035522,0011-06-19 19:20:00,11,6,19,19,20,590,350,"8, BEAUMARCHAIS RUE",,,Plein jour,En agglomération,Hors intersection,Normale,Autre collision,,,,,,,,,,,1,2,1,1.0,6.0
201100035523,0011-06-10 18:15:00,11,6,10,18,15,590,360,POTIE GEORGES RUE,,,Plein jour,En agglomération,Hors intersection,Normale,Sans collision,,,,,,,,,,,1,2,1,1.0,7.0
201100035524,0011-07-08 15:35:00,11,7,8,15,35,590,378,"00, PEUPLIERS RUE DES",,,Plein jour,Hors agglomération,Hors intersection,Normale,Sans collision,,,,,,,,,,,1,1,1,1.0,7.0
201100035525,0011-07-09 06:50:00,11,7,9,6,50,590,378,"121, NATIONALE RUE",,,Plein jour,En agglomération,Hors intersection,Pluie légère,Autre collision,,,,,,,,,,,1,2,1,2.0,6.0
201100035526,0011-07-10 21:10:00,11,7,10,21,10,590,350,PRINCESSE RUE,,,Crépuscule ou aube,En agglomération,Intersection en X,Normale,Deux véhicules - côté,,,,,,,,,,,2,2,2,1.0,3.0
201100035527,0011-07-11 13:00:00,11,7,11,13,0,590,350,HUGO VICTOR  BVD N?IMPAI,,,Plein jour,En agglomération,Hors intersection,Normale,Autre collision,,,,,,,,,,,1,2,1,1.0,6.0
201100035528,0011-07-12 03:45:00,11,7,12,3,45,590,9,STATION RUE DE LA N?01-2,,,Nuit avec éclairage allumé,En agglomération,Hors intersection,Pluie légère,Autre collision,,,,,,,,,,,5,2,1,2.0,6.0
201100035529,0011-07-12 12:10:00,11,7,12,12,10,590,527,SAINTE HELENE PONT,,,Plein jour,En agglomération,Hors intersection,Normale,Autre collision,,,,,,,,,,,1,2,1,1.0,6.0
201100035530,0011-07-08 19:55:00,11,7,8,19,55,590,9,"00, CHAMPOLLION AVENUE",,,Plein jour,En agglomération,Intersection en X,Pluie légère,Autre collision,,,,,,,,,,,1,2,2,2.0,6.0
201100035531,0011-07-13 00:25:00,11,7,13,0,25,590,286,"110, CARNOT SADI RUE",,,Nuit avec éclairage allumé,En agglomération,Hors intersection,Pluie légère,Autre collision,,,,,,,,,,,5,2,1,2.0,6.0
201100035532,0011-07-12 16:20:00,11,7,12,16,20,590,350,BRANDT WILLY AVENUE,,,Plein jour,En agglomération,Hors intersection,Pluie légère,Autre collision,,,,,,,,,,,1,2,1,2.0,6.0
201100035533,0011-07-14 01:35:00,11,7,14,1,35,590,350,BRULE MAISON,,,Nuit avec éclairage allumé,En agglomération,Hors intersection,Pluie légère,Deux véhicules - frontale,,,,,,,,,,,5,2,1,2.0,1.0
201100035534,0011-07-13 16:55:00,11,7,13,16,55,590,368,"00, FAURE RUE FELIX",,,Plein jour,En agglomération,Intersection en X,Normale,Autre collision,,,,,,,,,,,1,2,2,1.0,6.0
201100035535,0011-07-15 11:30:00,11,7,15,11,30,590,437,SECLIN RUE DE,,,Plein jour,Hors agglomération,Hors intersection,Normale,Deux véhicules - arrière,,,,,,,,,,,1,1,1,1.0,2.0
201100035536,0011-07-16 08:20:00,11,7,16,8,20,590,378,LISFRANC-CROISE LAROCHE,,,Plein jour,En agglomération,Hors intersection,Normale,Autre collision,,,,,,,,,,,1,2,1,1.0,6.0
201100035537,0011-07-17 20:20:00,11,7,17,20,20,590,350,"144, POT RUE LONG",,,Plein jour,En agglomération,Hors intersection,Normale,Autre collision,,,,,,,,,,,1,2,1,1.0,6.0
201100035538,0011-07-19 11:05:00,11,7,19,11,5,590,328,DE BOUFFLERS AVENUE DU M,,,Plein jour,En agglomération,Hors intersection,Normale,Autre collision,,,,,,,,,,,1,2,1,1.0,6.0
201100035539,0011-07-22 18:55:00,11,7,22,18,55,590,636,", LINSELLES ROUTE DE",,,Plein jour,En agglomération,Hors intersection,Normale,Deux véhicules - côté,,,,,,,,,,,1,2,1,1.0,3.0
201100035540,0011-07-23 19:30:00,11,7,23,19,30,590,9,"00, VERTE RUE",,,Plein jour,En agglomération,Intersection en T,Normale,Autre collision,,,,,,,,,,,1,2,3,1.0,6.0
201100035541,0011-07-24 07:50:00,11,7,24,7,50,590,648,"00, DE LATTRE DE TASSIGN",,,Plein jour,Hors agglomération,Hors intersection,Normale,Autre collision,,,,,,,,,,,1,1,1,1.0,6.0
201100035542,0011-07-25 16:30:00,11,7,25,16,30,590,636,INDUSTRIELLE AVENUE,,,Plein jour,En agglomération,Intersection en X,Normale,Deux véhicules - côté,,,,,,,,,,,1,2,2,1.0,3.0
201100035543,0011-07-27 02:00:00,11,7,27,2,0,590,350,"40, SAINT VENANT CHARLES",,,Nuit avec éclairage allumé,En agglomération,Hors intersection,Pluie légère,Autre collision,,,,,,,,,,,5,2,1,2.0,6.0
201100035544,0011-07-26 08:50:00,11,7,26,8,50,590,350,CORMONTAIGNE PLACE,,,Plein jour,En agglomération,Intersection en X,Normale,Deux véhicules - côté,,,,,,,,,,,1,2,2,1.0,3.0
201100035545,0011-07-22 09:10:00,11,7,22,9,10,590,360,GUESDE JULES RUE,,,Plein jour,En agglomération,Intersection en T,Normale,Deux véhicules - côté,,,,,,,,,,,1,2,3,1.0,3.0
201100035546,0011-07-28 14:35:00,11,7,28,14,35,590,368,SALENGRO ROGER RUE,,,Plein jour,En agglomération,Intersection en T,Normale,Deux véhicules - côté,,,,,,,,,,,1,2,3,1.0,3.0
201100035547,0011-07-28 14:50:00,11,7,28,14,50,590,350,", RENARD RUE VICTOIRE",,,Plein jour,En agglomération,Intersection en T,Normale,Deux véhicules - côté,,,,,,,,,,,1,2,3,1.0,3.0
201100035548,0011-07-31 15:20:00,11,7,31,15,20,590,350,HENAUX MARCEL RUE,,,Plein jour,En agglomération,Intersection en T,Normale,Autre collision,,,,,,,,,,,1,2,3,1.0,6.0
201100035549,0011-07-30 09:00:00,11,7,30,9,0,590,286,CARNOT SADI RUE,,,Plein jour,En agglomération,Intersection en T,Pluie légère,Deux véhicules - côté,,,,,,,,,,,1,2,3,2.0,3.0
201100035550,0011-07-29 13:55:00,11,7,29,13,55,590,648,"18, DE GAULLE RUE DU GEN",,,Plein jour,En agglomération,Hors intersection,Normale,Deux véhicules - côté,,,,,,,,,,,1,2,1,1.0,3.0
201100035551,0011-08-02 19:45:00,11,8,2,19,45,590,410,SCHUMAN ROBERT AVENUE,,,Plein jour,En agglomération,Intersection en X,Normale,Deux véhicules - côté,,,,,,,,,,,1,2,2,1.0,3.0
201100035552,0011-08-04 18:15:00,11,8,4,18,15,590,368,"146, POMPIDOU G. RUE DU",,,Plein jour,En agglomération,Hors intersection,Normale,Trois véhicules et plus - collisions multiples,,,,,,,,,,,1,2,1,1.0,5.0
201100035553,0011-08-04 02:25:00,11,8,4,2,25,590,360,POTIE GEORGES RUE,,,Nuit avec éclairage allumé,En agglomération,Hors intersection,Normale,Autre collision,,,,,,,,,,,5,2,1,1.0,6.0
201100035554,0011-08-07 14:20:00,11,8,7,14,20,590,350,"185, POT RUE LONG",,,Plein jour,En agglomération,Hors intersection,Normale,Autre collision,,,,,,,,,,,1,2,1,1.0,6.0
201100035555,0011-08-09 12:10:00,11,8,9,12,10,590,350,"12, FAUBOURG DES POSTES",,,Plein jour,En agglomération,Hors intersection,Normale,Autre collision,,,,,,,,,,,1,2,1,1.0,6.0
201100035556,0011-08-11 05:00:00,11,8,11,5,0,590,9,"158, FUSILLES RUE DES DU",,,Nuit avec éclairage allumé,En agglomération,Intersection en T,Normale,Deux véhicules - côté,,,,,,,,,,,5,2,3,1.0,3.0
201100035557,0011-08-12 14:45:00,11,8,12,14,45,590,350,"46, CONDE RUE DE",,,Plein jour,En agglomération,Intersection en X,Normale,Autre collision,,,,,,,,,,,1,2,2,1.0,6.0
201100035558,0011-08-13 20:55:00,11,8,13,20,55,590,636,"001, MARQUETTE RUE DE",,,Plein jour,En agglomération,Hors intersection,Pluie légère,Autre collision,,,,,,,,,,,1,2,1,2.0,6.0
201100035559,0011-08-15 22:35:00,11,8,15,22,35,590,350,"31, BRETAGNE AVENUE DE",,,Nuit avec éclairage allumé,En agglomération,Hors intersection,Normale,Autre collision,,,,,,,,,,,5,2,1,1.0,6.0
201100035560,0011-08-15 06:05:00,11,8,15,6,5,590,350,"165, POT RUE LONG",,,Plein jour,En agglomération,Hors intersection,Normale,Autre collision,,,,,,,,,,,1,2,1,1.0,6.0
201100035561,0011-07-29 17:10:00,11,7,29,17,10,590,196,"77 BIS, ROUTE NATIONALE",,,Plein jour,En agglomération,Hors intersection,Normale,Trois véhicules et plus - collisions multiples,,,,,,,,,,,1,2,1,1.0,5.0
201100035562,0011-08-16 11:30:00,11,8,16,11,30,590,9,DE FLANDRES (avenue),,,Plein jour,En agglomération,Hors intersection,Normale,Deux véhicules - côté,,,,,,,,,,,1,2,1,1.0,3.0
201100035563,0011-08-21 12:32:00,11,8,21,12,32,590,328,"186, HIPPODROME AV DE L",,,Plein jour,En agglomération,Intersection en X,Normale,Deux véhicules - côté,,,,,,,,,,,1,2,2,1.0,3.0
201100035564,0011-08-21 16:45:00,11,8,21,16,45,590,378,"IGNORE, BRIQUETERIE RUE",,,Plein jour,En agglomération,Intersection en X,Normale,Deux véhicules - côté,,,,,,,,,,,1,2,2,1.0,3.0
201100035565,0011-08-21 23:00:00,11,8,21,23,0,590,636,"46, MARQUETTE RUE DE",,,Nuit avec éclairage allumé,En agglomération,Hors intersection,Normale,Autre collision,,,,,,,,,,,5,2,1,1.0,6.0
201100035566,0011-08-22 17:15:00,11,8,22,17,15,590,9,FUSILLES RUE DES DU N? 2,,,Plein jour,En agglomération,Intersection en T,Pluie légère,Trois véhicules et plus - en chaîne,,,,,,,,,,,1,2,3,2.0,4.0
201100035567,0011-08-24 17:20:00,11,8,24,17,20,590,350,BAILLEUX HENRI RUE,,,Plein jour,En agglomération,Intersection en X,Normale,Deux véhicules - côté,,,,,,,,,,,1,2,2,1.0,3.0
201100035568,0011-08-26 07:20:00,11,8,26,7,20,590,350,"139, LIBERTE BVD N?2 A 9",,,Plein jour,En agglomération,Intersection en X,Pluie forte,Autre collision,,,,,,,,,,,1,2,2,3.0,6.0
201100035569,0011-08-26 12:30:00,11,8,26,12,30,590,346,D?partementale 952,,,Plein jour,En agglomération,Hors intersection,Normale,Deux véhicules - côté,,,,,,,,,,,1,2,1,1.0,3.0
201100035570,0011-08-24 09:30:00,11,8,24,9,30,590,609,"00, SECLIN RUE DE",,,Plein jour,Hors agglomération,Hors intersection,Temps couvert,Autre collision,,,,,,,,,,,1,1,1,8.0,6.0
201100035571,0011-08-25 14:50:00,11,8,25,14,50,590,350,FAUBOURG DE ROUBAIX RUE,,,Plein jour,En agglomération,Intersection en X,Normale,Deux véhicules - arrière,,,,,,,,,,,1,2,2,1.0,2.0
201100035572,0011-08-26 17:20:00,11,8,26,17,20,590,220,PASTEUR RUE,,,Plein jour,En agglomération,Intersection en X,Normale,Autre collision,,,,,,,,,,,1,2,2,1.0,6.0
201100035573,0011-08-26 22:10:00,11,8,26,22,10,590,350,SOLFERINO RUE N?1 A 159,,,Nuit avec éclairage allumé,En agglomération,Intersection en X,Normale,Deux véhicules - côté,,,,,,,,,,,5,2,2,1.0,3.0
201100035574,0011-08-27 17:00:00,11,8,27,17,0,590,350,"64, LIBERTE BVD N?2 A 90",,,Plein jour,En agglomération,Hors intersection,Normale,Autre collision,,,,,,,,,,,1,2,1,1.0,6.0
201100035575,0011-08-23 20:45:00,11,8,23,20,45,590,350,"01, DELESALLE IMPASSE",,,Nuit avec éclairage allumé,En agglomération,Intersection en T,Pluie légère,Autre collision,,,,,,,,,,,5,2,3,2.0,6.0
201100035576,0011-08-30 11:40:00,11,8,30,11,40,590,527,"42, SAINTE CECILE RUE",,,Plein jour,En agglomération,Hors intersection,Normale,Autre collision,,,,,,,,,,,1,2,1,1.0,6.0
201100035577,0011-08-26 12:00:00,11,8,26,12,0,590,316,LEBAS JEAN BAPTISTE RUE,,,Plein jour,En agglomération,Intersection en X,Normale,Autre collision,,,,,,,,,,,1,2,2,1.0,6.0
201100035578,0011-08-31 12:15:00,11,8,31,12,15,590,328,"370, HIPPODROME AV DE L",,,Plein jour,En agglomération,Hors intersection,Normale,Autre collision,,,,,,,,,,,1,2,1,1.0,6.0
201100035579,0011-08-31 20:00:00,11,8,31,20,0,590,566,CARNOT SADI RUE,,,Plein jour,En agglomération,Hors intersection,Normale,Autre collision,,,,,,,,,,,1,2,1,1.0,6.0
201100035580,0011-08-31 15:05:00,11,8,31,15,5,590,350,"00, ESPLANADE FACADE",,,Plein jour,En agglomération,Hors intersection,Normale,Autre collision,,,,,,,,,,,1,2,1,1.0,6.0
201100035581,0011-08-31 15:15:00,11,8,31,15,15,590,350,DE GIRARD PHILLLIPE RUE,,,Plein jour,En agglomération,Hors intersection,Normale,Autre collision,,,,,,,,,,,1,2,1,1.0,6.0
201100035582,0011-09-02 18:50:00,11,9,2,18,50,590,350,", BRANDT WILLY AVENUE",,,Plein jour,En agglomération,Hors intersection,Normale,Autre collision,,,,,,,,,,,1,2,1,1.0,6.0
201100035583,0011-09-03 12:00:00,11,9,3,12,0,590,350,"00, CHAUDE RIVIERE RUE D",,,Plein jour,En agglomération,Hors intersection,Normale,Autre collision,,,,,,,,,,,1,2,1,1.0,6.0
201100035584,0011-09-04 10:50:00,11,9,4,10,50,590,350,BELFORT BOULEVARD DE,,,Plein jour,En agglomération,Intersection en X,Normale,Deux véhicules - côté,,,,,,,,,,,1,2,2,1.0,3.0
201100035585,0011-09-06 15:40:00,11,9,6,15,40,590,350,DUNKERQUE AVENUE,,,Plein jour,En agglomération,Intersection en X,Normale,Deux véhicules - côté,,,,,,,,,,,1,2,2,1.0,3.0
201100035586,0011-09-06 17:00:00,11,9,6,17,0,590,470,"241, Route Nationale - R",,,Plein jour,En agglomération,Hors intersection,Pluie légère,Autre collision,,,,,,,,,,,1,2,1,2.0,6.0
201100035587,0011-09-06 17:30:00,11,9,6,17,30,590,360,MOCQUET GUY RUE,,,Plein jour,En agglomération,Intersection en Y,Pluie légère,Autre collision,,,,,,,,,,,1,2,4,2.0,6.0
201100035588,0011-09-07 13:00:00,11,9,7,13,0,590,350,"166, MONTEBELLO BD PAIRS",,,Plein jour,En agglomération,Hors intersection,Pluie légère,Autre collision,,,,,,,,,,,1,2,1,2.0,6.0
201100035589,0011-09-07 17:20:00,11,9,7,17,20,590,350,GARE PLACE DE LA,,,Plein jour,En agglomération,Intersection en Y,Normale,Deux véhicules - côté,,,,,,,,,,,1,2,4,1.0,3.0
201100035590,0011-09-09 14:15:00,11,9,9,14,15,590,350,"IGNORE, VAUBAN BOULEVARD",,,Plein jour,En agglomération,Intersection en X,Normale,Autre collision,,,,,,,,,,,1,2,2,1.0,6.0
201100035591,0011-09-09 16:15:00,11,9,9,16,15,590,328,"14, KENNEDY RUE DU PRESI",,,Plein jour,En agglomération,Intersection en Y,Normale,Autre collision,,,,,,,,,,,1,2,4,1.0,6.0
201100035592,0011-09-11 15:30:00,11,9,11,15,30,590,350,KUHLMANN RUE,,,Plein jour,En agglomération,Intersection en X,Normale,Autre collision,,,,,,,,,,,1,2,2,1.0,6.0
201100035593,0011-09-11 21:20:00,11,9,11,21,20,590,350,"00, SOLFERINO RUE N?208A",,,Nuit avec éclairage non allumé,En agglomération,Intersection en T,Normale,Autre collision,,,,,,,,,,,4,2,3,1.0,6.0
201100035594,0011-09-10 03:15:00,11,9,10,3,15,590,368,REPUBLIQUE AVENUE DE LA,,,Nuit avec éclairage allumé,En agglomération,Hors intersection,Normale,Autre collision,,,,,,,,,,,5,2,1,1.0,6.0
201100035595,0011-09-08 03:05:00,11,9,8,3,5,590,350,"94, DE WETT AVENUE DU GE",,,Nuit avec éclairage allumé,En agglomération,Hors intersection,Normale,Autre collision,,,,,,,,,,,5,2,1,1.0,6.0
201100035596,0011-09-12 14:30:00,11,9,12,14,30,590,350,JOUHAUX LEON PONT,,,Plein jour,En agglomération,Hors intersection,Normale,Autre collision,,,,,,,,,,,1,2,1,1.0,6.0
201100035597,0011-09-13 18:15:00,11,9,13,18,15,590,360,POTIE GEORGES RUE,,,Plein jour,En agglomération,Intersection en T,Normale,Deux véhicules - côté,,,,,,,,,,,1,2,3,1.0,3.0
201100035598,0011-09-13 19:30:00,11,9,13,19,30,590,350,"00, BOIS BLANCS RUE DES",,,Plein jour,En agglomération,Intersection en X,Normale,Autre collision,,,,,,,,,,,1,2,2,1.0,6.0
201100035599,0011-09-14 07:20:00,11,9,14,7,20,590,378,MARNE AVENUE DE LA,,,Plein jour,En agglomération,Intersection en X,Normale,Autre collision,,,,,,,,,,,1,2,2,1.0,6.0
201100035600,0011-09-11 15:10:00,11,9,11,15,10,590,410,"207, DE GAULLE RUE DU GE",,,Plein jour,En agglomération,Hors intersection,Normale,Autre collision,,,,,,,,,,,1,2,1,1.0,6.0
201100035601,0011-09-15 08:45:00,11,9,15,8,45,590,386,GUERIN RUE DU DOCTEUR,,,Plein jour,En agglomération,Hors intersection,Normale,Autre collision,,,,,,,,,,,1,2,1,1.0,6.0
201100035602,0011-09-15 12:50:00,11,9,15,12,50,590,286,DAME RUE DU GENERAL,,,Plein jour,En agglomération,Intersection en T,Normale,Deux véhicules - arrière,,,,,,,,,,,1,2,3,1.0,2.0
201100035603,0011-09-14 22:40:00,11,9,14,22,40,590,378,HAUTE LOGE RUE DE LA,,,Nuit avec éclairage allumé,En agglomération,Hors intersection,Normale,Autre collision,,,,,,,,,,,5,2,1,1.0,6.0
201100035604,0011-09-16 12:15:00,11,9,16,12,15,590,350,"ignore, DOUAI RUE",,,Plein jour,En agglomération,Intersection en X,Normale,Autre collision,,,,,,,,,,,1,2,2,1.0,6.0
201100035605,0011-09-11 18:00:00,11,9,11,18,0,590,560,EPINETTE RUE DE L,,,Plein jour,Hors agglomération,Intersection en X,Normale,Deux véhicules - arrière,,,,,,,,,,,1,1,2,1.0,2.0
201100035606,0011-09-12 18:45:00,11,9,12,18,45,590,507,"EUROPE, Boulevard de",,,Plein jour,En agglomération,Giratoire,Normale,Autre collision,,,,,,,,,,,1,2,6,1.0,6.0
201100035607,0011-09-20 17:15:00,11,9,20,17,15,590,350,"DELESPAUL, Barth?l?my, r",,,Plein jour,En agglomération,Intersection en X,Normale,Deux véhicules - côté,,,,,,,,,,,1,2,2,1.0,3.0
201100035608,0011-09-13 12:30:00,11,9,13,12,30,590,350,rue Léon Jouaux,,,Plein jour,En agglomération,Hors intersection,Normale,Deux véhicules - arrière,,,,,,,,,,,1,2,1,1.0,2.0
201100035609,0011-09-21 11:55:00,11,9,21,11,55,590,368,"IGNORE, DOUMER PAUL RUE",,,Plein jour,En agglomération,Hors intersection,Normale,Deux véhicules - côté,,,,,,,,,,,1,2,1,1.0,3.0
201100035610,0011-09-22 16:40:00,11,9,22,16,40,590,636,YPRES RUE D,,,Plein jour,En agglomération,Intersection en Y,Normale,Deux véhicules - côté,,,,,,,,,,,1,2,4,1.0,3.0
201100035611,0011-09-22 17:30:00,11,9,22,17,30,590,350,CARREL ARMAND RUE,,,Plein jour,En agglomération,Hors intersection,Normale,Deux véhicules - côté,,,,,,,,,,,1,2,1,1.0,3.0
201100035612,0011-09-23 08:20:00,11,9,23,8,20,590,360,DOUMER PAUL RUE,,,Plein jour,Hors agglomération,Hors intersection,Normale,Deux véhicules - côté,,,,,,,,,,,1,1,1,1.0,3.0
201100035613,0011-09-25 10:15:00,11,9,25,10,15,590,350,"00, WERNIERS GUILLAUME",,,Plein jour,En agglomération,Intersection en X,Normale,Autre collision,,,,,,,,,,,1,2,2,1.0,6.0
201100035614,0011-09-24 11:45:00,11,9,24,11,45,590,343,JAURES JEAN RUE,,,Plein jour,En agglomération,Intersection en X,Normale,Deux véhicules - côté,,,,,,,,,,,1,2,2,1.0,3.0
201100035615,0011-09-24 18:30:00,11,9,24,18,30,590,585,VENDEVILLE ROUTE DE,,,Plein jour,En agglomération,Hors intersection,Normale,Deux véhicules - côté,,,,,,,,,,,1,2,1,1.0,3.0
201100035616,0011-09-23 14:25:00,11,9,23,14,25,590,350,CORMONTAIGNE PLACE,,,Plein jour,En agglomération,Hors intersection,Normale,Autre collision,,,,,,,,,,,1,2,1,1.0,6.0
201100035617,0011-09-23 08:50:00,11,9,23,8,50,590,9,TOURNAI BOULEVARD DE,,,Plein jour,En agglomération,Intersection en X,Normale,Deux véhicules - arrière,,,,,,,,,,,1,2,2,1.0,2.0
201100035618,0011-09-23 08:15:00,11,9,23,8,15,590,316,"14, DORMOY MARX RUE",,,Plein jour,Hors agglomération,Hors intersection,Normale,Autre collision,,,,,,,,,,,1,1,1,1.0,6.0
201100035619,0011-09-26 05:50:00,11,9,26,5,50,590,350,"35, FAUBOURG DES POSTES",50.61432,3.04794,Nuit avec éclairage allumé,En agglomération,Hors intersection,Normale,Autre collision,,,,,,,,,,,5,2,1,1.0,6.0
201100035620,0011-09-21 12:10:00,11,9,21,12,10,590,507,"00, 18 JUIN AVENUE DU",,,Plein jour,En agglomération,Intersection en X,Normale,Autre collision,,,,,,,,,,,1,2,2,1.0,6.0
201100035621,0011-09-26 18:40:00,11,9,26,18,40,590,350,NATIONALE RUE N?RESTE PA,,,Plein jour,En agglomération,Hors intersection,Normale,Deux véhicules - côté,,,,,,,,,,,1,2,1,1.0,3.0
201100035622,0011-09-27 18:30:00,11,9,27,18,30,590,350,"23, BERNOS RUE",,,Plein jour,En agglomération,Hors intersection,Normale,Deux véhicules - côté,,,,,,,,,,,1,2,1,1.0,3.0
201100035623,0011-09-28 08:00:00,11,9,28,8,0,590,350,"IGNORE, CARREL ARMAND RU",,,Plein jour,En agglomération,Hors intersection,Normale,Autre collision,,,,,,,,,,,1,2,1,1.0,6.0
201100035624,0011-09-30 08:30:00,11,9,30,8,30,590,636,YPRES RUE D,,,Plein jour,En agglomération,Hors intersection,Normale,Autre collision,,,,,,,,,,,1,2,1,1.0,6.0