accident_id,datetime,annee,mois,jour,heure,minute,departement,commune_insee,adresse,latitude,longitude,luminosite,agglomeration,intersection,meteo,collision,nb_vehicules,nb_usagers,nb_indemnes,nb_tues,nb_blesses_hosp,nb_blesses_legers,age_cond_1,age_cond_2,veh_type_cond_1,veh_type_cond_2,lum_code,agg_code,int_code,atm_code,col_code
201100035625,0011-10-02 18:35:00,11,10,2,18,35,590,378,"30, Bd Clémenceau",,,Plein jour,En agglomération,Hors intersection,Normale,Deux véhicules - côté,,,,,,,,,,,1,2,1,1.0,3.0
201100035626,0011-10-03 16:00:00,11,10,3,16,0,590,378,NATIONALE RUE,,,Plein jour,En agglomération,Intersection en X,Normale,Deux véhicules - côté,,,,,,,,,,,1,2,2,1.0,3.0
201100035627,0011-10-03 19:55:00,11,10,3,19,55,590,350,HUGO VICTOR  BVD N?2 A 1,,,Crépuscule ou aube,En agglomération,Hors intersection,Normale,Autre collision,,,,,,,,,,,2,2,1,1.0,6.0
201100035628,0011-10-04 10:00:00,11,10,4,10,0,590,368,SCHUMAN ROBERT BOULEVARD,,,Plein jour,En agglomération,Intersection en X,Pluie légère,Deux véhicules - côté,,,,,,,,,,,1,2,2,2.0,3.0
201100035629,0011-10-05 20:50:00,11,10,5,20,50,590,350,LIBERTE BOULEVARD N?1 A,,,Nuit avec éclairage allumé,En agglomération,Intersection en X,Normale,Deux véhicules - côté,,,,,,,,,,,5,2,2,1.0,3.0
201100035630,0011-10-05 17:00:00,11,10,5,17,0,590,350,TOURNAI PONT DE,,,Plein jour,En agglomération,Hors intersection,Normale,Trois véhicules et plus - collisions multiples,,,,,,,,,,,1,2,1,1.0,5.0
201100035631,0011-10-05 16:45:00,11,10,5,16,45,590,368,"4, DE GAULLE RUE DU GENE",,,Plein jour,En agglomération,Hors intersection,Normale,Autre collision,,,,,,,,,,,1,2,1,1.0,6.0
201100035632,0011-10-02 10:25:00,11,10,2,10,25,590,350,HUGO VICTOR  BVD N?IMPAI,,,Plein jour,En agglomération,Intersection en X,Temps éblouissant,Deux véhicules - côté,,,,,,,,,,,1,2,2,7.0,3.0
201100035633,0011-10-09 20:00:00,11,10,9,20,0,590,356,MONNET JEAN RUE,,,Nuit avec éclairage allumé,En agglomération,Hors intersection,Pluie forte,Deux véhicules - côté,,,,,,,,,,,5,2,1,3.0,3.0
201100035634,0011-10-10 22:05:00,11,10,10,22,5,590,360,PARE AMBROISE RUE,,,Nuit avec éclairage allumé,En agglomération,Intersection en X,Normale,Deux véhicules - côté,,,,,,,,,,,5,2,2,1.0,3.0
201100035635,0011-10-08 10:55:00,11,10,8,10,55,590,378,"60, BAILLY ALBERT RUE",,,Plein jour,En agglomération,Hors intersection,Normale,Deux véhicules - côté,,,,,,,,,,,1,2,1,1.0,3.0
201100035636,0011-10-08 11:00:00,11,10,8,11,0,590,9,OUEST BOULEVARD DE L,,,Plein jour,En agglomération,Intersection en X,Normale,Deux véhicules - côté,,,,,,,,,,,1,2,2,1.0,3.0
201100035637,0011-10-10 11:20:00,11,10,10,11,20,590,527,LECLERC RUE DU GENERAL,,,Plein jour,En agglomération,Intersection en T,Normale,Deux véhicules - côté,,,,,,,,,,,1,2,3,1.0,3.0
201100035638,0011-10-11 08:00:00,11,10,11,8,0,590,368,REPUBLIQUE AVENUE DE LA,,,Plein jour,En agglomération,Hors intersection,Normale,Deux véhicules - côté,,,,,,,,,,,1,2,1,1.0,3.0
201100035639,0011-10-11 08:00:00,11,10,11,8,0,590,9,PERRIN JEAN  AVENUE,,,Plein jour,En agglomération,Hors intersection,Normale,Autre collision,,,,,,,,,,,1,2,1,1.0,6.0
201100035640,0011-10-11 15:00:00,11,10,11,15,0,590,350,"00, ALSACE BOULEVARD D",,,Plein jour,En agglomération,Intersection en X,Normale,Autre collision,,,,,,,,,,,1,2,2,1.0,6.0
201100035641,0011-10-11 18:00:00,11,10,11,18,0,590,350,"33, ALSACE BOULEVARD D",,,Plein jour,En agglomération,Hors intersection,Normale,Deux véhicules - côté,,,,,,,,,,,1,2,1,1.0,3.0
201100035642,0011-10-12 08:00:00,11,10,12,8,0,590,350,"IGNORE, VIGNETTE RUE DE",,,Crépuscule ou aube,En agglomération,Intersection en X,Normale,Deux véhicules - côté,,,,,,,,,,,2,2,2,1.0,3.0
201100035643,0011-10-12 07:30:00,11,10,12,7,30,590,527,GARE RUE DE LA,,,Nuit sans éclairage public,En agglomération,Intersection en Y,Normale,Deux véhicules - côté,,,,,,,,,,,3,2,4,1.0,3.0
201100035644,0011-09-21 17:30:00,11,9,21,17,30,590,350,"ignore, RABELAIS RUE",,,Plein jour,En agglomération,Intersection en X,Normale,Autre collision,,,,,,,,,,,1,2,2,1.0,6.0
201100035645,0011-10-02 09:25:00,11,10,2,9,25,590,507,rue gounod,,,Plein jour,En agglomération,Intersection en T,Normale,Autre collision,,,,,,,,,,,1,2,3,1.0,6.0
201100035646,0011-10-12 15:45:00,11,10,12,15,45,590,350,"721, REPUBLIQUE AVENUE D",,,Plein jour,En agglomération,Hors intersection,Normale,Sans collision,,,,,,,,,,,1,2,1,1.0,7.0
201100035647,0011-10-12 23:10:00,11,10,12,23,10,590,378,"170, BONPAIN RUE DE L'AB",,,Nuit avec éclairage allumé,En agglomération,Hors intersection,Normale,Autre collision,,,,,,,,,,,5,2,1,1.0,6.0
201100035648,0011-10-12 21:30:00,11,10,12,21,30,590,350,GAND RUE,,,Nuit avec éclairage allumé,En agglomération,Hors intersection,Normale,Deux véhicules - frontale,,,,,,,,,,,5,2,1,1.0,1.0
201100035649,0011-10-14 12:30:00,11,10,14,12,30,590,378,COLLEGE RUE DU,,,Plein jour,En agglomération,Intersection en T,Normale,Deux véhicules - côté,,,,,,,,,,,1,2,3,1.0,3.0
201100035650,0011-10-14 15:30:00,11,10,14,15,30,590,350,VAUBAN BOULEVARD N? REST,,,Plein jour,En agglomération,Intersection en X,Normale,Autre collision,,,,,,,,,,,1,2,2,1.0,6.0
201100035651,0011-10-14 15:25:00,11,10,14,15,25,590,410,"IGNORE, SANGNIER MARC AV",,,Plein jour,En agglomération,Hors intersection,Normale,Autre collision,,,,,,,,,,,1,2,1,1.0,6.0
201100035652,0011-10-14 16:30:00,11,10,14,16,30,590,350,POSTES RUE N? RESTE,,,Plein jour,En agglomération,Intersection en X,Normale,Autre collision,,,,,,,,,,,1,2,2,1.0,6.0
201100035653,0011-10-14 17:40:00,11,10,14,17,40,590,350,"IGNORE, LIBERTE BOULEVAR",,,Plein jour,En agglomération,Intersection en X,Normale,Autre collision,,,,,,,,,,,1,2,2,1.0,6.0
201100035654,0011-10-14 18:00:00,11,10,14,18,0,590,368,"32, PAIX RUE DE LA",,,Plein jour,En agglomération,Hors intersection,Normale,Autre collision,,,,,,,,,,,1,2,1,1.0,6.0
201100035655,0011-10-15 16:00:00,11,10,15,16,0,590,9,BREUCQ BOULEVARD DU,,,Plein jour,En agglomération,Hors intersection,Normale,Autre collision,,,,,,,,,,,1,2,1,1.0,6.0
201100035656,0011-10-16 03:15:00,11,10,16,3,15,590,350,"IGNORE, POSTES RUE N? RE",,,Nuit avec éclairage allumé,En agglomération,Hors intersection,Normale,Sans collision,,,,,,,,,,,5,2,1,1.0,7.0
201100035657,0011-10-17 22:30:00,11,10,17,22,30,590,350,"IGNORE, HUGO VICTOR  BVD",,,Nuit avec éclairage allumé,En agglomération,Intersection en X,Normale,Autre collision,,,,,,,,,,,5,2,2,1.0,6.0
201100035658,0011-10-18 08:55:00,11,10,18,8,55,590,350,"00, DUNKERQUE AVENUE",,,Plein jour,En agglomération,Hors intersection,Pluie légère,Autre collision,,,,,,,,,,,1,2,1,2.0,6.0
201100035659,0011-10-20 19:25:00,11,10,20,19,25,590,350,"62, STRASBOURG BOULEVARD",,,Nuit avec éclairage allumé,En agglomération,Hors intersection,Normale,Autre collision,,,,,,,,,,,5,2,1,1.0,6.0
201100035660,0011-10-21 07:40:00,11,10,21,7,40,590,286,GAMBETTA LEON RUE,,,Nuit avec éclairage allumé,En agglomération,Intersection en X,Normale,Autre collision,,,,,,,,,,,5,2,2,1.0,6.0
201100035661,0011-10-23 15:10:00,11,10,23,15,10,590,378,"00, MARNE AVENUE DE LA",,,Plein jour,En agglomération,Hors intersection,Temps éblouissant,Autre collision,,,,,,,,,,,1,2,1,7.0,6.0
201100035662,0011-10-21 11:15:00,11,10,21,11,15,590,9,"36, CONSTANT LOUIS RUE",,,Plein jour,En agglomération,Hors intersection,Normale,Autre collision,,,,,,,,,,,1,2,1,1.0,6.0
201100035663,0011-10-21 18:40:00,11,10,21,18,40,590,328,"264, HIPPODROME AV DE L",,,Crépuscule ou aube,En agglomération,Hors intersection,Normale,Autre collision,,,,,,,,,,,2,2,1,1.0,6.0
201100035664,0011-10-24 16:00:00,11,10,24,16,0,590,350,ROYALE RUE,,,Plein jour,En agglomération,Intersection en X,Normale,Autre collision,,,,,,,,,,,1,2,2,1.0,6.0
201100035665,0011-10-25 19:40:00,11,10,25,19,40,590,360,POTIE GEORGES RUE,,,Nuit avec éclairage allumé,En agglomération,Intersection en T,Pluie légère,Autre collision,,,,,,,,,,,5,2,3,2.0,6.0
201100035666,0011-10-25 11:20:00,11,10,25,11,20,590,350,VAUBAN BOULEVARD N? REST,,,Plein jour,En agglomération,Hors intersection,Pluie légère,Autre collision,,,,,,,,,,,1,2,1,2.0,6.0
201100035667,0011-10-10 18:40:00,11,10,10,18,40,590,368,"165, DE GAULLE RUE DU GE",,,Plein jour,En agglomération,Hors intersection,Normale,Trois véhicules et plus - collisions multiples,,,,,,,,,,,1,2,1,1.0,5.0
201100035668,0011-10-26 08:15:00,11,10,26,8,15,590,328,"IGNORE, HIPPODROME AV DE",,,Plein jour,En agglomération,Intersection en X,Normale,Autre collision,,,,,,,,,,,1,2,2,1.0,6.0
201100035669,0011-10-28 08:40:00,11,10,28,8,40,590,350,HOOVER AVENUE DU PRESIDE,,,Plein jour,En agglomération,Intersection en X,Normale,Deux véhicules - côté,,,,,,,,,,,1,2,2,1.0,3.0
201100035670,0011-10-30 08:15:00,11,10,30,8,15,590,9,D?partemental 700,,,Crépuscule ou aube,Hors agglomération,Hors intersection,Normale,Autre collision,,,,,,,,,,,2,1,1,1.0,6.0
201100035671,0011-10-31 17:35:00,11,10,31,17,35,590,410,"00, SCHUMAN ROBERT AVENU",,,Crépuscule ou aube,En agglomération,Intersection en T,Normale,Autre collision,,,,,,,,,,,2,2,3,1.0,6.0
201100035672,0011-11-01 05:00:00,11,11,1,5,0,590,378,REPUBLIQUE AV DE LA (N?9,,,Nuit avec éclairage allumé,En agglomération,Hors intersection,Normale,Autre collision,,,,,,,,,,,5,2,1,1.0,6.0
201100035673,0011-11-02 07:20:00,11,11,2,7,20,590,360,GUESDE JULES RUE,,,Crépuscule ou aube,En agglomération,Intersection en X,Normale,Deux véhicules - côté,,,,,,,,,,,2,2,2,1.0,3.0
201100035674,0011-10-26 14:00:00,11,10,26,14,0,590,350,"IGNORE, HOOVER AVENUE DU",,,Plein jour,En agglomération,Giratoire,Normale,Autre collision,,,,,,,,,,,1,2,6,1.0,6.0
201100035675,0011-11-03 08:45:00,11,11,3,8,45,590,350,"2, GIRONDINS RUE",,,Crépuscule ou aube,En agglomération,Intersection en X,Normale,Autre collision,,,,,,,,,,,2,2,2,1.0,6.0
201100035676,0011-11-03 16:10:00,11,11,3,16,10,590,9,"IGNORE, BREUCQ BOULEVARD",,,Plein jour,En agglomération,Autre intersection,Normale,Autre collision,,,,,,,,,,,1,2,9,1.0,6.0
201100035677,0011-11-03 21:45:00,11,11,3,21,45,590,378,MARNE AVENUE DE LA,,,Nuit avec éclairage allumé,En agglomération,Hors intersection,Pluie légère,Deux véhicules - arrière,,,,,,,,,,,5,2,1,2.0,2.0
201100035678,0011-11-05 18:20:00,11,11,5,18,20,590,636,OBERT RUE,,,Nuit avec éclairage allumé,En agglomération,Hors intersection,Normale,Sans collision,,,,,,,,,,,5,2,1,1.0,7.0
201100035679,0011-11-06 07:50:00,11,11,6,7,50,590,350,"IGNORE, ARRAS RUE D",,,Plein jour,En agglomération,Intersection en X,Normale,Deux véhicules - côté,,,,,,,,,,,1,2,2,1.0,3.0
201100035680,0011-11-06 17:15:00,11,11,6,17,15,590,350,LEGRAND PIERRE RUE,,,Crépuscule ou aube,En agglomération,Hors intersection,Normale,Autre collision,,,,,,,,,,,2,2,1,1.0,6.0
201100035681,0011-11-07 18:30:00,11,11,7,18,30,590,350,Bretelle de sortie (A25),,,Nuit avec éclairage allumé,En agglomération,Hors intersection,Normale,Autre collision,,,,,,,,,,,5,2,1,1.0,6.0
201100035682,0011-11-07 16:30:00,11,11,7,16,30,590,9,DECUGIS YVES RUE  BAT 13,,,Plein jour,En agglomération,Hors intersection,Normale,Autre collision,,,,,,,,,,,1,2,1,1.0,6.0
201100035683,0011-11-07 06:30:00,11,11,7,6,30,590,9,BREUCQ BOULEVARD DU,,,Nuit avec éclairage allumé,En agglomération,Intersection en X,Normale,Deux véhicules - côté,,,,,,,,,,,5,2,2,1.0,3.0
201100035684,0011-11-07 16:25:00,11,11,7,16,25,590,585,VENDEVILLE ROUTE DE,,,Plein jour,En agglomération,Intersection en X,Normale,Deux véhicules - côté,,,,,,,,,,,1,2,2,1.0,3.0
201100035685,0011-11-08 18:10:00,11,11,8,18,10,590,636,"00, SAINT CHRYSOLE LIEU",,,Crépuscule ou aube,Hors agglomération,Giratoire,Normale,Autre collision,,,,,,,,,,,2,1,6,1.0,6.0
201100035686,0011-11-09 15:30:00,11,11,9,15,30,590,378,"1027, REPUBLIQUE AV DE L",,,Plein jour,En agglomération,Hors intersection,Normale,Deux véhicules - côté,,,,,,,,,,,1,2,1,1.0,3.0
201100035687,0011-11-09 19:58:00,11,11,9,19,58,590,527,"85, CARNOT SADI RUE",,,Nuit avec éclairage allumé,En agglomération,Hors intersection,Normale,Autre collision,,,,,,,,,,,5,2,1,1.0,6.0
201100035688,0011-11-06 07:45:00,11,11,6,7,45,590,527,DE LATTRE TASSIGNY.AV ?1,,,Crépuscule ou aube,En agglomération,Intersection en T,Normale,Autre collision,,,,,,,,,,,2,2,3,1.0,6.0
201100035689,0011-11-10 09:20:00,11,11,10,9,20,590,328,"72, VAILLANT RUE",,,Plein jour,En agglomération,Hors intersection,Normale,Deux véhicules - côté,,,,,,,,,,,1,2,1,1.0,3.0
201100035690,0011-11-10 09:15:00,11,11,10,9,15,590,507,"35, DE LATTRE DE TASSIGN",,,Plein jour,En agglomération,Hors intersection,Normale,Autre collision,,,,,,,,,,,1,2,1,1.0,6.0
201100035691,0011-11-09 15:30:00,11,11,9,15,30,590,9,"00, BLASON RUE DU",,,Plein jour,En agglomération,Intersection en X,Normale,Autre collision,,,,,,,,,,,1,2,2,1.0,6.0
201100035692,0011-11-09 17:20:00,11,11,9,17,20,590,9,BARATTE GASTON RUE,,,Plein jour,En agglomération,Intersection en T,Normale,Deux véhicules - frontale,,,,,,,,,,,1,2,3,1.0,1.0
201100035693,0011-11-10 16:40:00,11,11,10,16,40,590,527,"00, DE LATTRE TASSIGNY.A",,,Plein jour,En agglomération,Intersection en T,Normale,Autre collision,,,,,,,,,,,1,2,3,1.0,6.0
201100035694,0011-11-10 17:40:00,11,11,10,17,40,590,9,BOIS AVENUE DU PONT DE,,,Crépuscule ou aube,En agglomération,Hors intersection,Normale,Deux véhicules - côté,,,,,,,,,,,2,2,1,1.0,3.0
201100035695,0011-11-11 16:40:00,11,11,11,16,40,590,350,"IGNORE, WALLART ERNEST R",,,Plein jour,En agglomération,Intersection à plus de 4 branches,Normale,Deux véhicules - côté,,,,,,,,,,,1,2,5,1.0,3.0
201100035696,0011-11-12 10:00:00,11,11,12,10,0,590,9,"00, TRANSIT RUE DU",,,Plein jour,En agglomération,Intersection en X,Normale,Autre collision,,,,,,,,,,,1,2,2,1.0,6.0
201100035697,0011-11-13 08:15:00,11,11,13,8,15,590,328,"255, BONTE AUGUSTE RUE",,,Crépuscule ou aube,En agglomération,Hors intersection,Normale,Autre collision,,,,,,,,,,,2,2,1,1.0,6.0
201100035698,0011-11-13 15:10:00,11,11,13,15,10,590,350,STRASBOURG PLACE,,,Plein jour,En agglomération,Hors intersection,Normale,Autre collision,,,,,,,,,,,1,2,1,1.0,6.0
201100035699,0011-11-10 13:30:00,11,11,10,13,30,590,350,"00, SAINT SAUVEUR EGLISE",,,Plein jour,En agglomération,Intersection en X,Normale,Autre collision,,,,,,,,,,,1,2,2,1.0,6.0
201100035700,0011-11-14 17:45:00,11,11,14,17,45,590,368,POMPIDOU G. RUE DU PDT.1,,,Plein jour,En agglomération,Intersection en X,Normale,Deux véhicules - côté,,,,,,,,,,,1,2,2,1.0,3.0
201100035701,0011-11-15 16:40:00,11,11,15,16,40,590,378,MARNE AVENUE DE LA,,,Plein jour,En agglomération,Hors intersection,Normale,Autre collision,,,,,,,,,,,1,2,1,1.0,6.0
201100035702,0011-11-16 17:45:00,11,11,16,17,45,590,350,COLBERT RUE N?1 - 69-2 -,,,Nuit avec éclairage allumé,En agglomération,Intersection en X,Pluie légère,Deux véhicules - côté,,,,,,,,,,,5,2,2,2.0,3.0
201100035703,0011-11-16 09:50:00,11,11,16,9,50,590,9,"152, JAURES JEAN RUE DU",,,Plein jour,En agglomération,Hors intersection,Normale,Autre collision,,,,,,,,,,,1,2,1,1.0,6.0
201100035704,0011-11-17 17:45:00,11,11,17,17,45,590,350,ARBRISSEAU RUE DE L,,,Crépuscule ou aube,En agglomération,Hors intersection,Normale,Autre collision,,,,,,,,,,,2,2,1,1.0,6.0
201100035705,0011-11-18 15:45:00,11,11,18,15,45,590,350,"15, MOLINEL RUE N?IMPAIR",,,Plein jour,En agglomération,Hors intersection,Temps éblouissant,Autre collision,,,,,,,,,,,1,2,1,7.0,6.0
201100035706,0011-11-18 19:15:00,11,11,18,19,15,590,360,FOCH RUE DU MARECHAL,,,Nuit avec éclairage allumé,En agglomération,Intersection en T,Normale,Deux véhicules - côté,,,,,,,,,,,5,2,3,1.0,3.0
201100035707,0011-11-18 21:40:00,11,11,18,21,40,590,195,HAUBOURDIN RUE D,,,Nuit avec éclairage allumé,En agglomération,Hors intersection,Normale,Autre collision,,,,,,,,,,,5,2,1,1.0,6.0
201100035708,0011-11-19 15:05:00,11,11,19,15,5,590,9,FUSILLES RUE DES DU N? 2,,,Plein jour,En agglomération,Hors intersection,Normale,Deux véhicules - arrière,,,,,,,,,,,1,2,1,1.0,2.0
201100035709,0011-11-19 15:00:00,11,11,19,15,0,590,350,FAUBOURG DES POSTES RUE,,,Plein jour,En agglomération,Intersection en T,Normale,Deux véhicules - arrière,,,,,,,,,,,1,2,3,1.0,2.0
201100035710,0011-11-19 16:10:00,11,11,19,16,10,590,9,AVENIR AVENUE DE L,,,Plein jour,En agglomération,Intersection en X,Normale,Deux véhicules - côté,,,,,,,,,,,1,2,2,1.0,3.0
201100035711,0011-11-20 12:10:00,11,11,20,12,10,590,350,PELLEVOISIN PARVIS NOTRE,,,Plein jour,En agglomération,Hors intersection,Normale,Autre collision,,,,,,,,,,,1,2,1,1.0,6.0
201100035712,0011-11-21 07:00:00,11,11,21,7,0,590,350,MARCHE RUE DU,,,Crépuscule ou aube,En agglomération,Hors intersection,Brouillard / fumée,Autre collision,,,,,,,,,,,2,2,1,5.0,6.0
201100035713,0011-11-22 13:30:00,11,11,22,13,30,590,350,"9, NATIONALE RUE N?RESTE",,,Plein jour,En agglomération,Hors intersection,Temps couvert,Autre collision,,,,,,,,,,,1,2,1,8.0,6.0
201100035714,0011-11-23 11:55:00,11,11,23,11,55,590,350,"82, KENNEDY AVENUE",,,Plein jour,En agglomération,Hors intersection,Pluie légère,Deux véhicules - arrière,,,,,,,,,,,1,2,1,2.0,2.0
201100035715,0011-11-23 17:50:00,11,11,23,17,50,590,378,"287, CLEMENCEAU BLVD (N?",,,Nuit avec éclairage allumé,En agglomération,Intersection en X,Normale,Autre collision,,,,,,,,,,,5,2,2,1.0,6.0
201100035716,0011-11-24 18:30:00,11,11,24,18,30,590,9,"51, TREMIERE RUE",,,Nuit avec éclairage allumé,En agglomération,Hors intersection,Normale,Autre collision,,,,,,,,,,,5,2,1,1.0,6.0
201100035717,0011-11-24 18:50:00,11,11,24,18,50,590,378,MARNE AVENUE DE LA,,,Nuit avec éclairage allumé,En agglomération,Intersection en X,Normale,Deux véhicules - arrière,,,,,,,,,,,5,2,2,1.0,2.0
201100035718,0011-11-25 12:10:00,11,11,25,12,10,590,350,VAUBAN BOULEVARD N?2-18-,,,Plein jour,En agglomération,Hors intersection,Normale,Autre collision,,,,,,,,,,,1,2,1,1.0,6.0
201100035719,0011-11-18 01:10:00,11,11,18,1,10,590,350,BASSE RUE,,,Nuit avec éclairage allumé,En agglomération,Intersection en X,Normale,Deux véhicules - côté,,,,,,,,,,,5,2,2,1.0,3.0
201100035720,0011-11-21 20:45:00,11,11,21,20,45,590,220,CARNOT RUE,,,Nuit avec éclairage allumé,En agglomération,Passage à niveau,Normale,Deux véhicules - arrière,,,,,,,,,,,5,2,8,1.0,2.0
201100035721,0011-11-28 08:40:00,11,11,28,8,40,590,636,"60, QUESNOY RUE DE",,,Plein jour,En agglomération,Hors intersection,Normale,Autre collision,,,,,,,,,,,1,2,1,1.0,6.0
201100035722,0011-11-28 09:20:00,11,11,28,9,20,590,378,"IGNORE, TRIEZ RUE DU",,,Plein jour,Hors agglomération,Hors intersection,Normale,Autre collision,,,,,,,,,,,1,1,1,1.0,6.0
201100035723,0011-11-28 12:30:00,11,11,28,12,30,590,286,BEAUPRE AVNUE DE,,,Plein jour,En agglomération,Hors intersection,Normale,Autre collision,,,,,,,,,,,1,2,1,1.0,6.0
201100035724,0011-11-29 17:40:00,11,11,29,17,40,590,350,MONTEBELLO BOULEVARD N?,,,Nuit avec éclairage allumé,En agglomération,Intersection en X,Normale,Autre collision,,,,,,,,,,,5,2,2,1.0,6.0
201100035725,0011-11-30 13:15:00,11,11,30,13,15,590,350,VANTROYEN RUE,,,Plein jour,En agglomération,Intersection en X,Temps éblouissant,Autre collision,,,,,,,,,,,1,2,2,7.0,6.0
201100035726,0011-12-01 15:45:00,11,12,1,15,45,590,9,"0, APPERT NICOLAS RUE",,,Plein jour,En agglomération,Intersection en T,Normale,Autre collision,,,,,,,,,,,1,2,3,1.0,6.0
201100035727,0011-12-01 17:50:00,11,12,1,17,50,590,350,"0, DUNKERQUE PONT",,,Crépuscule ou aube,En agglomération,Intersection en T,Pluie légère,Autre collision,,,,,,,,,,,2,2,3,2.0,6.0
201100035728,0011-11-30 07:00:00,11,11,30,7,0,590,360,DANTON RUE,,,Nuit avec éclairage allumé,En agglomération,Hors intersection,Normale,Deux véhicules - côté,,,,,,,,,,,5,2,1,1.0,3.0
201100035729,0011-12-03 20:00:00,11,12,3,20,0,590,286,"11, SANTES RUE DE",,,Nuit avec éclairage allumé,En agglomération,Hors intersection,Pluie légère,Autre collision,,,,,,,,,,,5,2,1,2.0,6.0
201100035730,0011-12-03 07:35:00,11,12,3,7,35,590,378,NATIONALE RUE,,,Crépuscule ou aube,En agglomération,Intersection en T,Normale,Autre collision,,,,,,,,,,,2,2,3,1.0,6.0
201100035731,0011-12-02 19:00:00,11,12,2,19,0,590,350,TOURNAI PONT DE,,,Crépuscule ou aube,En agglomération,Hors intersection,Normale,Trois véhicules et plus - collisions multiples,,,,,,,,,,,2,2,1,1.0,5.0
201100035732,0011-12-05 10:15:00,11,12,5,10,15,590,350,SANS PEUR RUE JEAN N? RE,,,Plein jour,En agglomération,Intersection en X,Normale,Deux véhicules - côté,,,,,,,,,,,1,2,2,1.0,3.0
201100035733,0011-12-06 06:00:00,11,12,6,6,0,590,560,"IGNORE, AVELIN ROUTE D",,,Nuit avec éclairage allumé,En agglomération,Hors intersection,Normale,Deux véhicules - côté,,,,,,,,,,,5,2,1,1.0,3.0
201100035734,0011-12-06 15:30:00,11,12,6,15,30,590,368,"46, FAIDHERBE RUE",,,Plein jour,En agglomération,Hors intersection,Normale,Sans collision,,,,,,,,,,,1,2,1,1.0,7.0
201100035735,0011-12-07 17:00:00,11,12,7,17,0,590,328,CLEMENCEAU GEORGES RUE,,,Crépuscule ou aube,En agglomération,Hors intersection,Normale,Deux véhicules - côté,,,,,,,,,,,2,2,1,1.0,3.0
201100035736,0011-11-17 17:45:00,11,11,17,17,45,590,350,"IGNORE, TOURNAI PONT DE",,,Crépuscule ou aube,En agglomération,Hors intersection,Normale,Trois véhicules et plus - en chaîne,,,,,,,,,,,2,2,1,1.0,4.0
201100035737,0011-12-08 14:10:00,11,12,8,14,10,590,220,"153, BARBUSSE HENRI RUE",,,Plein jour,En agglomération,Hors intersection,Normale,Autre collision,,,,,,,,,,,1,2,1,1.0,6.0
201100035738,0011-12-08 08:15:00,11,12,8,8,15,590,9,D?partemental 700,,,Plein jour,En agglomération,Hors intersection,Normale,Trois véhicules et plus - en chaîne,,,,,,,,,,,1,2,1,1.0,4.0
201100035739,0011-12-08 11:30:00,11,12,8,11,30,590,9,VERSAILLE RUE DE,,,Plein jour,En agglomération,Intersection en X,Normale,Deux véhicules - côté,,,,,,,,,,,1,2,2,1.0,3.0
201100035740,0011-12-09 05:40:00,11,12,9,5,40,590,350,JACQUEMART GIELEE RUE,,,Nuit avec éclairage allumé,En agglomération,Intersection en X,Normale,Deux véhicules - côté,,,,,,,,,,,5,2,2,1.0,3.0
201100035741,0011-12-09 08:45:00,11,12,9,8,45,590,350,"IGNORE, WAZEMMES RUE DE",,,Plein jour,En agglomération,Hors intersection,Normale,Deux véhicules - frontale,,,,,,,,,,,1,2,1,1.0,1.0
201100035742,0011-12-09 05:00:00,11,12,9,5,0,590,527,GAMBETTA LEON RUE,,,Crépuscule ou aube,En agglomération,Hors intersection,Normale,Autre collision,,,,,,,,,,,2,2,1,1.0,6.0
201100035743,0011-12-10 13:45:00,11,12,10,13,45,590,350,PORTE DES POSTES  METRO,,,Plein jour,En agglomération,Hors intersection,Normale,Autre collision,,,,,,,,,,,1,2,1,1.0,6.0
201100035744,0011-12-11 22:47:00,11,12,11,22,47,590,350,"INGORE, SCHUMAN ROBERT B",,,Nuit avec éclairage allumé,En agglomération,Hors intersection,Pluie légère,Deux véhicules - arrière,,,,,,,,,,,5,2,1,2.0,2.0
201100035745,0011-12-12 18:45:00,11,12,12,18,45,590,410,rue du general de Gaulle,,,Nuit avec éclairage allumé,En agglomération,Hors intersection,Pluie légère,Autre collision,,,,,,,,,,,5,2,1,2.0,6.0
201100035746,0011-12-12 17:15:00,11,12,12,17,15,590,350,COURBET GUSTAVE  RUE,,,Nuit avec éclairage allumé,En agglomération,Intersection en T,Normale,Autre collision,,,,,,,,,,,5,2,3,1.0,6.0
201100035747,0011-11-26 01:48:00,11,11,26,1,48,590,343,"0, JAURES JEAN RUE",,,Nuit avec éclairage allumé,En agglomération,Giratoire,Normale,Autre collision,,,,,,,,,,,5,2,6,1.0,6.0
201100035748,0011-12-13 18:10:00,11,12,13,18,10,590,368,"253, DE GAULLE RUE DU GE",,,Plein jour,En agglomération,Hors intersection,Pluie légère,Autre collision,,,,,,,,,,,1,2,1,2.0,6.0
201100035749,0011-12-13 16:45:00,11,12,13,16,45,590,350,"IGNORE, EMMERIN RUE",,,Nuit avec éclairage allumé,En agglomération,Hors intersection,Pluie forte,Deux véhicules - arrière,,,,,,,,,,,5,2,1,3.0,2.0
201100035750,0011-12-14 18:10:00,11,12,14,18,10,590,350,"106, ROYALE RUE",,,Nuit avec éclairage allumé,En agglomération,Hors intersection,Pluie forte,Autre collision,,,,,,,,,,,5,2,1,3.0,6.0
201100035751,0011-12-10 11:55:00,11,12,10,11,55,590,560,EPINETTE RUE DE L,,,Plein jour,En agglomération,Hors intersection,Temps éblouissant,Autre collision,,,,,,,,,,,1,2,1,7.0,6.0