accident_id,datetime,annee,mois,jour,heure,minute,departement,commune_insee,adresse,latitude,longitude,luminosite,agglomeration,intersection,meteo,collision,nb_vehicules,nb_usagers,nb_indemnes,nb_tues,nb_blesses_hosp,nb_blesses_legers,age_cond_1,age_cond_2,veh_type_cond_1,veh_type_cond_2,lum_code,agg_code,int_code,atm_code,col_code
201100035878,0011-03-29 19:30:00,11,3,29,19,30,590,163,HANNART (AVENUE GEORGES),,,Plein jour,En agglomération,Hors intersection,Normale,Deux véhicules - côté,,,,,,,,,,,1,2,1,1.0,3.0
201100035879,0011-04-01 16:45:00,11,4,1,16,45,590,512,"20, JAURES (AVENUE JEAN)",,,Plein jour,En agglomération,Hors intersection,Normale,Trois véhicules et plus - en chaîne,,,,,,,,,,,1,2,1,1.0,4.0
201100035880,0011-04-01 22:25:00,11,4,1,22,25,590,650,"69, GUESDE (RUE JULES)",,,Nuit avec éclairage allumé,En agglomération,Hors intersection,Normale,Autre collision,,,,,,,,,,,5,2,1,1.0,6.0
201100035881,0011-04-02 16:30:00,11,4,2,16,30,590,512,"1, DE COUBERTIN (RUE PIE",,,Plein jour,En agglomération,Hors intersection,Normale,Trois véhicules et plus - en chaîne,,,,,,,,,,,1,2,1,1.0,4.0
201100035882,0011-04-02 15:25:00,11,4,2,15,25,590,646,HUGO (RUE VICTOR),,,Plein jour,En agglomération,Hors intersection,Normale,Deux véhicules - arrière,,,,,,,,,,,1,2,1,1.0,2.0
201100035883,0011-04-02 15:40:00,11,4,2,15,40,590,646,CAUS (AVENUE DESIRE),,,Plein jour,En agglomération,Intersection en X,Normale,Deux véhicules - côté,,,,,,,,,,,1,2,2,1.0,3.0
201100035884,0011-04-05 18:00:00,11,4,5,18,0,590,512,"92, DE GAULLE (BOULEVARD",,,Crépuscule ou aube,En agglomération,Hors intersection,Pluie légère,Deux véhicules - arrière,,,,,,,,,,,2,2,1,2.0,2.0
201100035885,0011-04-05 18:25:00,11,4,5,18,25,590,512,"47, FRESNOY (RUE DU)",,,Plein jour,En agglomération,Hors intersection,Pluie légère,Deux véhicules - arrière,,,,,,,,,,,1,2,1,2.0,2.0
201100035886,0011-04-06 17:05:00,11,4,6,17,5,590,367,"45, VERT PRE (RUE DU)",,,Plein jour,En agglomération,Hors intersection,Normale,Autre collision,,,,,,,,,,,1,2,1,1.0,6.0
201100035887,0011-04-08 17:35:00,11,4,8,17,35,590,646,"32, MARNE (AVENUE DE LA)",,,Plein jour,En agglomération,Intersection en X,Normale,Deux véhicules - côté,,,,,,,,,,,1,2,2,1.0,3.0
201100035888,0011-04-08 12:15:00,11,4,8,12,15,590,512,"44, METZ (BOULEVARD DE)",,,Plein jour,En agglomération,Hors intersection,Temps éblouissant,Deux véhicules - côté,,,,,,,,,,,1,2,1,7.0,3.0
201100035889,0011-04-08 20:00:00,11,4,8,20,0,590,512,"201, DAUBENTON (RUE)",,,Plein jour,En agglomération,Hors intersection,Normale,Autre collision,,,,,,,,,,,1,2,1,1.0,6.0
201100035890,0011-04-13 17:45:00,11,4,13,17,45,590,650,"308, FAIDHERBE (RUE)",,,Plein jour,En agglomération,Hors intersection,Normale,Autre collision,,,,,,,,,,,1,2,1,1.0,6.0
201100035891,0011-04-13 17:30:00,11,4,13,17,30,590,299,"193, DE GAULLE (AVENUE C",,,Plein jour,En agglomération,Hors intersection,Normale,Autre collision,,,,,,,,,,,1,2,1,1.0,6.0
201100035892,0011-04-14 17:25:00,11,4,14,17,25,590,512,NATIONS UNIES (AVENUE DE,,,Plein jour,En agglomération,Hors intersection,Normale,Autre collision,,,,,,,,,,,1,2,1,1.0,6.0
201100035893,0011-03-14 14:30:00,11,3,14,14,30,590,512,MA CAMPAGNE (RUE),,,Plein jour,En agglomération,Intersection en T,Normale,Deux véhicules - côté,,,,,,,,,,,1,2,3,1.0,3.0
201100035894,0011-04-15 10:30:00,11,4,15,10,30,590,650,PHILIPPOT (RUE GEORGES),,,Plein jour,En agglomération,Intersection en X,Normale,Deux véhicules - arrière,,,,,,,,,,,1,2,2,1.0,2.0
201100035895,0011-04-15 17:50:00,11,4,15,17,50,590,512,BELFORT (BOULEVARD DE),,,Plein jour,En agglomération,Intersection en T,Normale,Deux véhicules - côté,,,,,,,,,,,1,2,3,1.0,3.0
201100035896,0011-04-15 16:50:00,11,4,15,16,50,590,512,DE GAULLE  (BOULEVARD DU,,,Plein jour,En agglomération,Intersection en X,Normale,Deux véhicules - côté,,,,,,,,,,,1,2,2,1.0,3.0
201100035897,0011-04-17 15:10:00,11,4,17,15,10,590,512,LINNE ( AVENUE),,,Plein jour,En agglomération,Intersection en X,Normale,Autre collision,,,,,,,,,,,1,2,2,1.0,6.0
201100035898,0011-04-17 15:00:00,11,4,17,15,0,590,512,VOLTAIRE (RUE),,,Plein jour,En agglomération,Intersection en X,Normale,Deux véhicules - côté,,,,,,,,,,,1,2,2,1.0,3.0
201100035899,0011-04-16 18:30:00,11,4,16,18,30,590,646,FLANDRE (AVENUE DE),,,Plein jour,En agglomération,Intersection en X,Normale,Deux véhicules - côté,,,,,,,,,,,1,2,2,1.0,3.0
201100035900,0011-04-19 17:10:00,11,4,19,17,10,590,512,LIMITE (RUE DE LA),,,Plein jour,En agglomération,Intersection en X,Normale,Autre collision,,,,,,,,,,,1,2,2,1.0,6.0
201100035901,0011-04-19 19:10:00,11,4,19,19,10,590,367,VERDIERS (RUE DES),,,Plein jour,En agglomération,Hors intersection,Normale,Deux véhicules - arrière,,,,,,,,,,,1,2,1,1.0,2.0
201100035902,0011-04-20 18:20:00,11,4,20,18,20,590,163,HOLDEN CROTHERS(RUE),,,Plein jour,En agglomération,Intersection en X,Normale,Deux véhicules - côté,,,,,,,,,,,1,2,2,1.0,3.0
201100035903,0011-04-20 21:00:00,11,4,20,21,0,590,646,"36, MACE (RUE JEAN)",,,Nuit avec éclairage allumé,En agglomération,Hors intersection,Normale,Autre collision,,,,,,,,,,,5,2,1,1.0,6.0
201100035904,0011-04-21 13:35:00,11,4,21,13,35,590,646,REPUBLIQUE (PLACE DE LA),,,Plein jour,En agglomération,Intersection en T,Normale,Autre collision,,,,,,,,,,,1,2,3,1.0,6.0
201100035905,0011-04-21 22:15:00,11,4,21,22,15,590,646,FLANDRE (AVENUE DE),,,Nuit avec éclairage allumé,En agglomération,Hors intersection,Normale,Sans collision,,,,,,,,,,,5,2,1,1.0,7.0
201100035906,0011-04-23 19:10:00,11,4,23,19,10,590,512,LE NOTRE (AVENUE),,,Plein jour,En agglomération,Hors intersection,Normale,Deux véhicules - côté,,,,,,,,,,,1,2,1,1.0,3.0
201100035907,0011-04-26 17:35:00,11,4,26,17,35,590,299,CD 700,,,Plein jour,Hors agglomération,Hors intersection,Normale,Trois véhicules et plus - en chaîne,,,,,,,,,,,1,1,1,1.0,4.0
201100035908,0011-04-27 16:55:00,11,4,27,16,55,590,598,"131, ROUBAIX (RUE DE)",,,Plein jour,En agglomération,Hors intersection,Normale,Autre collision,,,,,,,,,,,1,2,1,1.0,6.0
201100035909,0011-04-30 11:15:00,11,4,30,11,15,590,339,LECLERC (RUE DU MARECHAL,,,Plein jour,En agglomération,Intersection en X,Normale,Deux véhicules - côté,,,,,,,,,,,1,2,2,1.0,3.0
201100035910,0011-04-30 15:30:00,11,4,30,15,30,590,163,"38, JAURES (RUE JEAN)",,,Plein jour,En agglomération,Hors intersection,Normale,Autre collision,,,,,,,,,,,1,2,1,1.0,6.0
201100035911,0011-05-01 14:20:00,11,5,1,14,20,590,512,"97, EPEULE  (RUE DE L')",,,Plein jour,En agglomération,Intersection en T,Normale,Sans collision,,,,,,,,,,,1,2,3,1.0,7.0
201100035912,0011-05-01 14:45:00,11,5,1,14,45,590,650,MONGE (RUE),,,Plein jour,En agglomération,Intersection en T,Normale,Deux véhicules - côté,,,,,,,,,,,1,2,3,1.0,3.0
201100035913,0011-05-03 14:45:00,11,5,3,14,45,590,650,"72, CASTERMANT (RUE CHAR",,,Plein jour,En agglomération,Intersection en T,Normale,Deux véhicules - frontale,,,,,,,,,,,1,2,3,1.0,1.0
201100035914,0011-05-03 20:25:00,11,5,3,20,25,590,512,"30, MONTESQUIEU (BOULEVA",,,Plein jour,En agglomération,Hors intersection,Normale,Autre collision,,,,,,,,,,,1,2,1,1.0,6.0
201100035915,0011-05-04 19:20:00,11,5,4,19,20,590,512,DISTILLERIE (RUE DE LA),,,Plein jour,En agglomération,Hors intersection,Normale,Deux véhicules - frontale,,,,,,,,,,,1,2,1,1.0,1.0
201100035916,0011-05-05 11:15:00,11,5,5,11,15,590,512,JOUFFROY (RUE),,,Plein jour,En agglomération,Intersection en X,Normale,Deux véhicules - côté,,,,,,,,,,,1,2,2,1.0,3.0
201100035917,0011-05-05 12:50:00,11,5,5,12,50,590,646,FLANDRE (AVENUE DE),,,Plein jour,En agglomération,Intersection en X,Normale,Deux véhicules - arrière,,,,,,,,,,,1,2,2,1.0,2.0
201100035918,0011-05-05 14:00:00,11,5,5,14,0,590,339,"6, CARNOT (PLACE SADI)",,,Plein jour,En agglomération,Hors intersection,Normale,Autre collision,,,,,,,,,,,1,2,1,1.0,6.0
201100035919,0011-05-06 23:00:00,11,5,6,23,0,590,512,GUESDE (RUE JULES),,,Nuit avec éclairage allumé,En agglomération,Intersection en T,Normale,Deux véhicules - côté,,,,,,,,,,,5,2,3,1.0,3.0
201100035920,0011-04-23 13:35:00,11,4,23,13,35,590,163,"28, JAURES (RUE JEAN)",,,Plein jour,En agglomération,Hors intersection,Normale,Autre collision,,,,,,,,,,,1,2,1,1.0,6.0
201100035921,0011-05-04 18:00:00,11,5,4,18,0,590,512,"13, BARBIEUX  (RUE DE )",,,Plein jour,En agglomération,Intersection en X,Normale,Autre collision,,,,,,,,,,,1,2,2,1.0,6.0
201100035922,0011-05-08 12:10:00,11,5,8,12,10,590,512,"151, ALMA  (RUE DE L)'",,,Plein jour,En agglomération,Intersection en X,Normale,Autre collision,,,,,,,,,,,1,2,2,1.0,6.0
201100035923,0011-05-09 17:15:00,11,5,9,17,15,590,512,"92, DE GAULLE  (BOULEVAR",,,Plein jour,En agglomération,Hors intersection,Normale,Deux véhicules - arrière,,,,,,,,,,,1,2,1,1.0,2.0
201100035924,0011-05-11 12:00:00,11,5,11,12,0,590,650,JAURES (RUE JEAN),,,Plein jour,En agglomération,Intersection en X,Normale,Autre collision,,,,,,,,,,,1,2,2,1.0,6.0
201100035925,0011-05-13 17:00:00,11,5,13,17,0,590,512,NATIONS UNIES (AVENUE DE,,,Plein jour,En agglomération,Intersection en X,Normale,Deux véhicules - côté,,,,,,,,,,,1,2,2,1.0,3.0
201100035926,0011-05-15 23:05:00,11,5,15,23,5,590,650,ANTENNE SUD DE ROUBAIX,,,Nuit avec éclairage allumé,Hors agglomération,Hors intersection,Normale,Deux véhicules - frontale,,,,,,,,,,,5,1,1,1.0,1.0
201100035927,0011-05-17 16:50:00,11,5,17,16,50,590,367,VERDIERS (RUE DES),,,Plein jour,En agglomération,Intersection en X,Normale,Deux véhicules - côté,,,,,,,,,,,1,2,2,1.0,3.0
201100035928,0011-05-18 00:05:00,11,5,18,0,5,590,598,"67, VERDUN (RUE DE)",,,Nuit avec éclairage allumé,En agglomération,Intersection en T,Normale,Deux véhicules - côté,,,,,,,,,,,5,2,3,1.0,3.0
201100035929,0011-05-18 14:40:00,11,5,18,14,40,590,512,BRAME (AVENUE JULES),,,Plein jour,En agglomération,Intersection en T,Normale,Deux véhicules - côté,,,,,,,,,,,1,2,3,1.0,3.0
201100035930,0011-05-19 17:20:00,11,5,19,17,20,590,512,"26 A, DELORY  (AVENUE GU",,,Plein jour,En agglomération,Hors intersection,Normale,Deux véhicules - arrière,,,,,,,,,,,1,2,1,1.0,2.0
201100035931,0011-05-19 17:30:00,11,5,19,17,30,590,512,"63, NATIONS UNIES (AVENU",,,Plein jour,En agglomération,Hors intersection,Normale,Autre collision,,,,,,,,,,,1,2,1,1.0,6.0
201100035932,0011-05-20 14:10:00,11,5,20,14,10,590,650,SAVARY (RUE ALAIN),,,Plein jour,En agglomération,Intersection en T,Normale,Deux véhicules - côté,,,,,,,,,,,1,2,3,1.0,3.0
201100035933,0011-05-22 17:40:00,11,5,22,17,40,590,512,"83, PIERRE DE ROUBAIX (R",,,Plein jour,En agglomération,Intersection en T,Normale,Autre collision,,,,,,,,,,,1,2,3,1.0,6.0
201100035934,0011-05-25 13:10:00,11,5,25,13,10,590,299,"154, LIONDERIE (RUE DE L",,,Plein jour,En agglomération,Intersection en T,Normale,Deux véhicules - côté,,,,,,,,,,,1,2,3,1.0,3.0
201100035935,0011-05-28 08:50:00,11,5,28,8,50,590,650,CARNOT (RUE),,,Plein jour,En agglomération,Intersection en X,Normale,Deux véhicules - côté,,,,,,,,,,,1,2,2,1.0,3.0
201100035936,0011-05-29 18:50:00,11,5,29,18,50,590,512,"19, DECOTTIGNIES (RUE LO",,,Plein jour,En agglomération,Hors intersection,Normale,Autre collision,,,,,,,,,,,1,2,1,1.0,6.0
201100035937,0011-05-30 09:15:00,11,5,30,9,15,590,512,ARMENTIERES (BOULEVARD D,,,Plein jour,En agglomération,Intersection en X,Normale,Deux véhicules - côté,,,,,,,,,,,1,2,2,1.0,3.0
201100035938,0011-05-24 10:00:00,11,5,24,10,0,590,512,"21, PAYS (RUE DU)",,,Plein jour,En agglomération,Hors intersection,Normale,Autre collision,,,,,,,,,,,1,2,1,1.0,6.0
201100035939,0011-06-01 05:40:00,11,6,1,5,40,590,299,"224, DE GAULLE (AVENUE C",,,Plein jour,En agglomération,Hors intersection,Normale,Deux véhicules - arrière,,,,,,,,,,,1,2,1,1.0,2.0
201100035940,0011-06-01 21:40:00,11,6,1,21,40,590,512,"52, ALOUETTE (RUE DE L')",,,Crépuscule ou aube,En agglomération,Intersection en X,Normale,Deux véhicules - côté,,,,,,,,,,,2,2,2,1.0,3.0
201100035941,0011-06-01 17:30:00,11,6,1,17,30,590,646,"4, MARCEAU (RUE)",,,Plein jour,En agglomération,Hors intersection,Temps éblouissant,Autre collision,,,,,,,,,,,1,2,1,7.0,6.0
201100035942,0011-06-05 17:00:00,11,6,5,17,0,590,650,"27, DOUMER (RUE DU PRESI",,,Plein jour,En agglomération,Hors intersection,Normale,Autre collision,,,,,,,,,,,1,2,1,1.0,6.0
201100035943,0011-06-07 08:40:00,11,6,7,8,40,590,512,"466, LANNOY (RUE DE )",,,Plein jour,En agglomération,Hors intersection,Normale,Autre collision,,,,,,,,,,,1,2,1,1.0,6.0
201100035944,0011-05-31 20:30:00,11,5,31,20,30,590,512,DENAIN (RUE DE),,,Crépuscule ou aube,En agglomération,Hors intersection,Normale,Autre collision,,,,,,,,,,,2,2,1,1.0,6.0
201100035945,0011-06-10 15:00:00,11,6,10,15,0,590,512,"41, FOCH (RUE DU MARECHA",,,Plein jour,En agglomération,Intersection en X,Pluie forte,Autre collision,,,,,,,,,,,1,2,2,3.0,6.0
201100035946,0011-06-10 15:30:00,11,6,10,15,30,590,512,"36, ARMENTIERES (BOULEVA",,,Plein jour,En agglomération,Hors intersection,Pluie légère,Autre collision,,,,,,,,,,,1,2,1,2.0,6.0
201100035947,0011-06-10 18:30:00,11,6,10,18,30,590,512,D'ANGERS  (RUE DAVID,,,Plein jour,En agglomération,Intersection en X,Pluie légère,Deux véhicules - côté,,,,,,,,,,,1,2,2,2.0,3.0
201100035948,0011-06-12 18:30:00,11,6,12,18,30,590,512,LAGACHE (AVENUE JULIEN),,,Plein jour,En agglomération,Intersection en X,Normale,Deux véhicules - côté,,,,,,,,,,,1,2,2,1.0,3.0
201100035949,0011-06-13 08:15:00,11,6,13,8,15,590,163,"1, BERNARD (RUE CLAUDE)",,,Plein jour,En agglomération,Intersection en X,Normale,Deux véhicules - côté,,,,,,,,,,,1,2,2,1.0,3.0
201100035950,0011-06-13 12:15:00,11,6,13,12,15,590,512,"15, OUEST (RUE DE L')",,,Plein jour,En agglomération,Intersection en T,Normale,Deux véhicules - côté,,,,,,,,,,,1,2,3,1.0,3.0
201100035951,0011-06-04 08:45:00,11,6,4,8,45,590,512,DELORME (RUE PHILIBERT),,,Plein jour,En agglomération,Intersection en X,Normale,Deux véhicules - côté,,,,,,,,,,,1,2,2,1.0,3.0
201100035952,0011-06-15 21:55:00,11,6,15,21,55,590,512,"140, ALMA  (RUE DE L)'",,,Crépuscule ou aube,En agglomération,Intersection en X,Normale,Deux véhicules - côté,,,,,,,,,,,2,2,2,1.0,3.0
201100035953,0011-06-15 22:07:00,11,6,15,22,7,590,512,"2, METZ (BOULEVARD DE)",,,Plein jour,En agglomération,Intersection en X,Normale,Deux véhicules - côté,,,,,,,,,,,1,2,2,1.0,3.0
201100035954,0011-06-15 08:30:00,11,6,15,8,30,590,646,"30, CHATEAUX (RUE DES)",,,Plein jour,En agglomération,Hors intersection,Normale,Deux véhicules - côté,,,,,,,,,,,1,2,1,1.0,3.0
201100035955,0011-06-16 14:00:00,11,6,16,14,0,590,512,ORAN (RUE D'),,,Plein jour,En agglomération,Intersection en T,Normale,Deux véhicules - côté,,,,,,,,,,,1,2,3,1.0,3.0
201100035956,0011-06-17 10:50:00,11,6,17,10,50,590,650,"53, SAINT VINCENT DE PAU",,,Plein jour,En agglomération,Intersection en T,Normale,Deux véhicules - côté,,,,,,,,,,,1,2,3,1.0,3.0
201100035957,0011-06-17 16:50:00,11,6,17,16,50,590,646,GRAND COTTIGNIES (AVENUE,,,Plein jour,En agglomération,Giratoire,Pluie légère,Deux véhicules - côté,,,,,,,,,,,1,2,6,2.0,3.0
201100035958,0011-06-20 14:10:00,11,6,20,14,10,590,646,REPUBLIQUE (PLACE DE LA),,,Plein jour,En agglomération,Place,Pluie légère,Autre collision,,,,,,,,,,,1,2,7,2.0,6.0
201100035959,0011-06-17 09:40:00,11,6,17,9,40,590,512,"246, GRANDE  RUE",,,Plein jour,En agglomération,Intersection en X,Normale,Deux véhicules - arrière,,,,,,,,,,,1,2,2,1.0,2.0
201100035960,0011-06-21 12:20:00,11,6,21,12,20,590,650,PROUVOST (RUE AMEDEE),,,Plein jour,En agglomération,Intersection en X,Normale,Deux véhicules - côté,,,,,,,,,,,1,2,2,1.0,3.0
201100035961,0011-06-22 13:50:00,11,6,22,13,50,590,650,"1, JOUHAUX (BOULEVARD LE",,,Plein jour,En agglomération,Hors intersection,Normale,Autre collision,,,,,,,,,,,1,2,1,1.0,6.0
201100035962,0011-06-23 21:35:00,11,6,23,21,35,590,650,EGALITE (BOULEVARD DE L',,,Plein jour,En agglomération,Intersection en X,Normale,Deux véhicules - côté,,,,,,,,,,,1,2,2,1.0,3.0
201100035963,0011-06-23 11:25:00,11,6,23,11,25,590,512,DUNKERQUE (QUAI DE),,,Plein jour,En agglomération,Intersection en X,Normale,Deux véhicules - côté,,,,,,,,,,,1,2,2,1.0,3.0
201100035964,0011-06-25 12:30:00,11,6,25,12,30,590,367,"81, LEBAS (RUE JEAN BAPT",,,Plein jour,En agglomération,Intersection en X,Pluie légère,Deux véhicules - frontale,,,,,,,,,,,1,2,2,2.0,1.0
201100035965,0011-06-28 14:00:00,11,6,28,14,0,590,512,MOTTE (AVENUE ALFRED),,,Plein jour,En agglomération,Hors intersection,Normale,Sans collision,,,,,,,,,,,1,2,1,1.0,7.0
201100035966,0011-06-29 22:50:00,11,6,29,22,50,590,339,LECLERC (RUE DU MARECHAL,,,Nuit avec éclairage allumé,En agglomération,Intersection en X,Normale,Deux véhicules - côté,,,,,,,,,,,5,2,2,1.0,3.0
201100035967,0011-06-29 19:40:00,11,6,29,19,40,590,163,"24, SAINT JACQUES (RUE)",,,Plein jour,En agglomération,Hors intersection,Normale,Autre collision,,,,,,,,,,,1,2,1,1.0,6.0
201100035968,0011-06-30 16:50:00,11,6,30,16,50,590,512,GAMBETTA (BOULEVARD),,,Plein jour,En agglomération,Intersection à plus de 4 branches,Pluie légère,Deux véhicules - côté,,,,,,,,,,,1,2,5,2.0,3.0
201100035969,0011-07-01 16:55:00,11,7,1,16,55,590,512,LIBERTE (PLACE DE LA),,,Plein jour,En agglomération,Hors intersection,Normale,Autre collision,,,,,,,,,,,1,2,1,1.0,6.0
201100035970,0011-07-01 18:50:00,11,7,1,18,50,590,339,LEROY (RUE JOSEPH),,,Plein jour,En agglomération,Intersection en T,Normale,Deux véhicules - arrière,,,,,,,,,,,1,2,3,1.0,2.0
201100035971,0011-07-02 15:45:00,11,7,2,15,45,590,512,PARC DES SPORTS (AVENUE,,,Plein jour,En agglomération,Hors intersection,Normale,Deux véhicules - arrière,,,,,,,,,,,1,2,1,1.0,2.0
201100035972,0011-07-04 15:40:00,11,7,4,15,40,590,512,"15, DELORY  (AVENUE GUST",,,Plein jour,En agglomération,Hors intersection,Normale,Deux véhicules - côté,,,,,,,,,,,1,2,1,1.0,3.0
201100035973,0011-07-04 19:45:00,11,7,4,19,45,590,646,PREUX (RUE CHARLES),,,Plein jour,En agglomération,Hors intersection,Normale,Deux véhicules - côté,,,,,,,,,,,1,2,1,1.0,3.0
201100035974,0011-07-08 14:00:00,11,7,8,14,0,590,512,GAND (QUAI DE),,,Plein jour,En agglomération,Intersection à plus de 4 branches,Pluie légère,Deux véhicules - côté,,,,,,,,,,,1,2,5,2.0,3.0
201100035975,0011-07-11 13:30:00,11,7,11,13,30,590,650,VOLTAIRE (RUE),,,Plein jour,En agglomération,Intersection en X,Normale,Deux véhicules - côté,,,,,,,,,,,1,2,2,1.0,3.0
201100035976,0011-07-13 08:00:00,11,7,13,8,0,590,650,LIBERTE (BOULEVARD DE LA,,,Plein jour,En agglomération,Intersection en X,Pluie légère,Deux véhicules - côté,,,,,,,,,,,1,2,2,2.0,3.0
201100035977,0011-07-13 19:00:00,11,7,13,19,0,590,512,"14, JAURES (AVENUE JEAN)",,,Plein jour,En agglomération,Hors intersection,Normale,Deux véhicules - côté,,,,,,,,,,,1,2,1,1.0,3.0
201100035978,0011-07-15 15:30:00,11,7,15,15,30,590,367,"73, ECHEVIN (RUE)",,,Plein jour,En agglomération,Hors intersection,Normale,Autre collision,,,,,,,,,,,1,2,1,1.0,6.0
201100035979,0011-07-09 18:30:00,11,7,9,18,30,590,512,"170, GUESDE (RUE JULES)",,,Plein jour,En agglomération,Hors intersection,Normale,Autre collision,,,,,,,,,,,1,2,1,1.0,6.0
201100035980,0011-07-17 08:45:00,11,7,17,8,45,590,512,NATIONS UNIES (AVENUE DE,,,Plein jour,En agglomération,Intersection en X,Normale,Deux véhicules - côté,,,,,,,,,,,1,2,2,1.0,3.0
201100035981,0011-07-18 16:25:00,11,7,18,16,25,590,512,BRUNBROUCK (ROND POINT D,,,Plein jour,En agglomération,Hors intersection,Temps couvert,Autre collision,,,,,,,,,,,1,2,1,8.0,6.0
201100035982,0011-07-20 20:30:00,11,7,20,20,30,590,650,"6, BAZEILLES (RUE DE)",,,Plein jour,En agglomération,Hors intersection,Temps couvert,Autre collision,,,,,,,,,,,1,2,1,8.0,6.0
201100035983,0011-07-23 16:25:00,11,7,23,16,25,590,299,CD 700,50.64993,3.20656,Plein jour,Hors agglomération,Hors intersection,Normale,Autre collision,,,,,,,,,,,1,1,1,1.0,6.0
201100035984,0011-07-25 05:25:00,11,7,25,5,25,590,650,ARTS (RUE DES),,,Nuit avec éclairage allumé,En agglomération,Intersection en X,Normale,Deux véhicules - côté,,,,,,,,,,,5,2,2,1.0,3.0
201100035985,0011-07-26 13:45:00,11,7,26,13,45,590,512,"199, BEAUREPAIRE  (RUE D",,,Plein jour,En agglomération,Hors intersection,Normale,Autre collision,,,,,,,,,,,1,2,1,1.0,6.0
201100035986,0011-07-28 20:20:00,11,7,28,20,20,590,650,SEGHERS (RUE GEORGES),,,Plein jour,En agglomération,Intersection en X,Normale,Deux véhicules - côté,,,,,,,,,,,1,2,2,1.0,3.0
201100035987,0011-07-29 17:10:00,11,7,29,17,10,590,512,LAGACHE (AVENUE JULIEN),,,Plein jour,En agglomération,Intersection en X,Normale,Deux véhicules - côté,,,,,,,,,,,1,2,2,1.0,3.0
201100035988,0011-07-31 18:00:00,11,7,31,18,0,590,512,SAINT JEAN  (RUE),,,Plein jour,En agglomération,Hors intersection,Normale,Trois véhicules et plus - en chaîne,,,,,,,,,,,1,2,1,1.0,4.0
201100035989,0011-08-02 09:10:00,11,8,2,9,10,590,299,GUESDE (RUE JULES),,,Plein jour,En agglomération,Hors intersection,Normale,Autre collision,,,,,,,,,,,1,2,1,1.0,6.0
201100035990,0011-08-02 14:40:00,11,8,2,14,40,590,512,PILE (RUE DU),,,Plein jour,En agglomération,Intersection en X,Normale,Deux véhicules - côté,,,,,,,,,,,1,2,2,1.0,3.0
201100035991,0011-08-03 16:35:00,11,8,3,16,35,590,512,BAVAI (RUE DE),,,Plein jour,En agglomération,Intersection en T,Normale,Autre collision,,,,,,,,,,,1,2,3,1.0,6.0
201100035992,0011-08-04 13:35:00,11,8,4,13,35,590,650,VIEUX BUREAU (RUE DU),,,Plein jour,En agglomération,Intersection en T,Pluie légère,Deux véhicules - côté,,,,,,,,,,,1,2,3,2.0,3.0
201100035993,0011-08-05 06:30:00,11,8,5,6,30,590,163,VAILLANT (AVENUE EDOUARD,,,Plein jour,En agglomération,Intersection à plus de 4 branches,Normale,Deux véhicules - côté,,,,,,,,,,,1,2,5,1.0,3.0
201100035994,0011-08-08 00:50:00,11,8,8,0,50,590,650,UNION (RUE DE L'),,,Nuit sans éclairage public,En agglomération,Hors intersection,Temps couvert,Deux véhicules - arrière,,,,,,,,,,,3,2,1,8.0,2.0
201100035995,0011-08-09 18:15:00,11,8,9,18,15,590,512,DELORY  (AVENUE GUSTAVE),,,Plein jour,En agglomération,Intersection en T,Normale,Deux véhicules - arrière,,,,,,,,,,,1,2,3,1.0,2.0
201100035996,0011-07-27 16:55:00,11,7,27,16,55,590,512,TOURCOING (RUE DE),,,Plein jour,En agglomération,Hors intersection,Normale,Autre collision,,,,,,,,,,,1,2,1,1.0,6.0
201100035997,0011-08-16 15:00:00,11,8,16,15,0,590,512,"126, FOURMIES (BOULEVARD",,,Plein jour,En agglomération,Hors intersection,Normale,Autre collision,,,,,,,,,,,1,2,1,1.0,6.0
201100035998,0011-08-17 10:20:00,11,8,17,10,20,590,512,MOTTE (AVENUE ALFRED),,,Plein jour,En agglomération,Intersection en X,Normale,Autre collision,,,,,,,,,,,1,2,2,1.0,6.0
201100035999,0011-08-17 14:10:00,11,8,17,14,10,590,339,EUROPE (AVENUE DE L'),50.68012,3.22441,Plein jour,Hors agglomération,Autre intersection,Normale,Deux véhicules - frontale,,,,,,,,,,,1,1,9,1.0,1.0
201100036000,0011-08-18 14:25:00,11,8,18,14,25,590,163,OUEST (RUE DE L'),,,Plein jour,En agglomération,Intersection en X,Normale,Deux véhicules - frontale,,,,,,,,,,,1,2,2,1.0,1.0
201100036001,0011-08-28 04:00:00,11,8,28,4,0,590,646,FAIDHERBE (RUE),,,Nuit avec éclairage allumé,En agglomération,Hors intersection,Normale,Autre collision,,,,,,,,,,,5,2,1,1.0,6.0
201100036002,0011-08-26 19:15:00,11,8,26,19,15,590,512,"70, DE ROUBAIX (ALLEE PI",,,Plein jour,En agglomération,Hors intersection,Normale,Autre collision,,,,,,,,,,,1,2,1,1.0,6.0
201100036003,0011-08-29 20:45:00,11,8,29,20,45,590,163,FAVREUIL (RUE),,,Crépuscule ou aube,En agglomération,Intersection en X,Normale,Deux véhicules - côté,,,,,,,,,,,2,2,2,1.0,3.0
201100036004,0011-08-31 10:00:00,11,8,31,10,0,590,512,TRAVAIL (PLACE DU),,,Plein jour,En agglomération,Giratoire,Normale,Deux véhicules - côté,,,,,,,,,,,1,2,6,1.0,3.0
201100036005,0011-09-01 13:05:00,11,9,1,13,5,590,512,"145, FOURMIES (BOULEVARD",,,Plein jour,En agglomération,Hors intersection,Normale,Autre collision,,,,,,,,,,,1,2,1,1.0,6.0
201100036006,0011-09-01 18:30:00,11,9,1,18,30,590,646,"02, GRAND COTTIGNIES (AV",,,Plein jour,Hors agglomération,Hors intersection,Normale,Deux véhicules - côté,,,,,,,,,,,1,1,1,1.0,3.0