accident_id,datetime,annee,mois,jour,heure,minute,departement,commune_insee,adresse,latitude,longitude,luminosite,agglomeration,intersection,meteo,collision,nb_vehicules,nb_usagers,nb_indemnes,nb_tues,nb_blesses_hosp,nb_blesses_legers,age_cond_1,age_cond_2,veh_type_cond_1,veh_type_cond_2,lum_code,agg_code,int_code,atm_code,col_code
201100036007,0011-09-03 09:15:00,11,9,3,9,15,590,512,LINNE ( AVENUE),,,Plein jour,En agglomération,Intersection en X,Normale,Deux véhicules - frontale,,,,,,,,,,,1,2,2,1.0,1.0
201100036008,0011-09-05 08:00:00,11,9,5,8,0,590,512,SALENGRO (AVENUE ROGER),,,Plein jour,En agglomération,Intersection en X,Pluie légère,Deux véhicules - côté,,,,,,,,,,,1,2,2,2.0,3.0
201100036009,0011-09-08 16:50:00,11,9,8,16,50,590,646,MOLINEL (RUE DU),,,Plein jour,En agglomération,Intersection en X,Pluie légère,Deux véhicules - côté,,,,,,,,,,,1,2,2,2.0,3.0
201100036010,0011-09-09 15:05:00,11,9,9,15,5,590,512,NATIONS UNIES (AVENUE DE,,,Plein jour,En agglomération,Hors intersection,Normale,Sans collision,,,,,,,,,,,1,2,1,1.0,7.0
201100036011,0011-09-10 16:25:00,11,9,10,16,25,590,512,"130, MAUFAIT (RUE DE",,,Plein jour,En agglomération,Intersection en X,Normale,Deux véhicules - côté,,,,,,,,,,,1,2,2,1.0,3.0
201100036012,0011-09-10 22:25:00,11,9,10,22,25,590,650,"14, PHILIPPOT (RUE GEORG",,,Nuit avec éclairage allumé,En agglomération,Hors intersection,Normale,Deux véhicules - arrière,,,,,,,,,,,5,2,1,1.0,2.0
201100036013,0011-09-11 13:30:00,11,9,11,13,30,590,512,INKERMAN (RUE D'),,,Plein jour,En agglomération,Place,Normale,Autre collision,,,,,,,,,,,1,2,7,1.0,6.0
201100036014,0011-09-13 17:10:00,11,9,13,17,10,590,512,LACORDAIRE,,,Plein jour,En agglomération,Hors intersection,Normale,Deux véhicules - côté,,,,,,,,,,,1,2,1,1.0,3.0
201100036015,0011-09-16 14:30:00,11,9,16,14,30,590,512,"1, DE ROUBAIX (RUE PIERR",,,Plein jour,En agglomération,Hors intersection,Normale,Autre collision,,,,,,,,,,,1,2,1,1.0,6.0
201100036016,0011-09-16 18:00:00,11,9,16,18,0,590,512,ARMENTIERES (BOULEVARD D,,,Plein jour,En agglomération,Intersection en T,Normale,Deux véhicules - côté,,,,,,,,,,,1,2,3,1.0,3.0
201100036017,0011-09-17 16:45:00,11,9,17,16,45,590,512,"83, EPEULE  (RUE DE L')",,,Plein jour,En agglomération,Hors intersection,Normale,Autre collision,,,,,,,,,,,1,2,1,1.0,6.0
201100036018,0011-09-18 15:50:00,11,9,18,15,50,590,512,LEERS (RUE DE),,,Plein jour,En agglomération,Giratoire,Pluie légère,Autre collision,,,,,,,,,,,1,2,6,2.0,6.0
201100036019,0011-09-18 15:25:00,11,9,18,15,25,590,650,DELECOURT (RUE ALFRED),,,Plein jour,En agglomération,Hors intersection,Normale,Autre collision,,,,,,,,,,,1,2,1,1.0,6.0
201100036020,0011-09-19 08:50:00,11,9,19,8,50,590,646,"213, TRIEZ (RUE DU)",,,Plein jour,En agglomération,Hors intersection,Temps éblouissant,Deux véhicules - côté,,,,,,,,,,,1,2,1,7.0,3.0
201100036021,0011-09-19 08:45:00,11,9,19,8,45,590,646,GRAND COTTIGNIES (AVENUE,,,Plein jour,En agglomération,Hors intersection,Temps éblouissant,Autre collision,,,,,,,,,,,1,2,1,7.0,6.0
201100036022,0011-09-20 17:35:00,11,9,20,17,35,590,646,JAURES (RUE JEAN),,,Plein jour,En agglomération,Hors intersection,Normale,Deux véhicules - côté,,,,,,,,,,,1,2,1,1.0,3.0
201100036023,0011-09-21 21:30:00,11,9,21,21,30,590,512,BRAME (AVENUE JULES),,,Nuit avec éclairage allumé,En agglomération,Intersection en T,Pluie légère,Deux véhicules - côté,,,,,,,,,,,5,2,3,2.0,3.0
201100036024,0011-09-19 17:00:00,11,9,19,17,0,590,650,VAILLANT (RUE EDOUARD),,,Plein jour,En agglomération,Intersection en T,Normale,Deux véhicules - côté,,,,,,,,,,,1,2,3,1.0,3.0
201100036025,0011-09-23 08:30:00,11,9,23,8,30,590,367,LEBAS (RUE JEAN BAPTISTE,,,Plein jour,En agglomération,Intersection en T,Normale,Deux véhicules - côté,,,,,,,,,,,1,2,3,1.0,3.0
201100036026,0011-09-24 17:45:00,11,9,24,17,45,590,512,GAMBETTA ( BOULEVARD),,,Plein jour,En agglomération,Hors intersection,Normale,Autre collision,,,,,,,,,,,1,2,1,1.0,6.0
201100036027,0011-09-24 20:00:00,11,9,24,20,0,590,299,DUNANT (RUE HENRI),,,Nuit avec éclairage allumé,En agglomération,Intersection en X,Normale,Deux véhicules - côté,,,,,,,,,,,5,2,2,1.0,3.0
201100036028,0011-09-26 10:40:00,11,9,26,10,40,590,512,"140, SAINT JEAN  (RUE)",,,Plein jour,En agglomération,Hors intersection,Normale,Autre collision,,,,,,,,,,,1,2,1,1.0,6.0
201100036029,0011-09-26 13:30:00,11,9,26,13,30,590,512,"149, JOUFFROY (RUE)",,,Plein jour,En agglomération,Hors intersection,Normale,Deux véhicules - arrière,,,,,,,,,,,1,2,1,1.0,2.0
201100036030,0011-09-27 06:10:00,11,9,27,6,10,590,163,"12, CENTENAIRE (RUE DE L",,,Nuit avec éclairage allumé,En agglomération,Hors intersection,Normale,Deux véhicules - côté,,,,,,,,,,,5,2,1,1.0,3.0
201100036031,0011-09-29 16:30:00,11,9,29,16,30,590,512,rue Cadeau,,,Plein jour,En agglomération,Intersection en X,Normale,Deux véhicules - côté,,,,,,,,,,,1,2,2,1.0,3.0
201100036032,0011-09-30 16:50:00,11,9,30,16,50,590,646,FLANDRE (AVENUE DE),,,Plein jour,En agglomération,Intersection en X,Normale,Deux véhicules - côté,,,,,,,,,,,1,2,2,1.0,3.0
201100036033,0011-10-01 19:50:00,11,10,1,19,50,590,512,CAMBRAI (BOULEVARD DE),,,Plein jour,En agglomération,Intersection en X,Normale,Deux véhicules - côté,,,,,,,,,,,1,2,2,1.0,3.0
201100036034,0011-10-02 13:40:00,11,10,2,13,40,590,512,"127, DAUBENTON (RUE)",,,Plein jour,En agglomération,Intersection en T,Temps éblouissant,Deux véhicules - côté,,,,,,,,,,,1,2,3,7.0,3.0
201100036035,0011-10-03 17:40:00,11,10,3,17,40,590,646,GRAND COTTIGNIES (AVENUE,,,Plein jour,En agglomération,Giratoire,Normale,Deux véhicules - côté,,,,,,,,,,,1,2,6,1.0,3.0
201100036036,0011-10-03 19:50:00,11,10,3,19,50,590,512,"63, DAUBENTON (RUE)",,,Nuit avec éclairage allumé,En agglomération,Hors intersection,Normale,Autre collision,,,,,,,,,,,5,2,1,1.0,6.0
201100036037,0011-10-03 12:00:00,11,10,3,12,0,590,512,JAURES (AVENUE JEAN),,,Plein jour,En agglomération,Intersection en T,Normale,Deux véhicules - arrière,,,,,,,,,,,1,2,3,1.0,2.0
201100036038,0011-10-03 11:55:00,11,10,3,11,55,590,367,"128, LEBAS (RUE JEAN BAP",,,Plein jour,En agglomération,Hors intersection,Normale,Autre collision,,,,,,,,,,,1,2,1,1.0,6.0
201100036039,0011-09-30 12:40:00,11,9,30,12,40,590,512,"39, DELORY  (AVENUE GUST",,,Plein jour,En agglomération,Hors intersection,Normale,Deux véhicules - côté,,,,,,,,,,,1,2,1,1.0,3.0
201100036040,0011-10-04 17:40:00,11,10,4,17,40,590,650,"49, MONT A LEUX (RUE DU)",,,Plein jour,En agglomération,Intersection en T,Normale,Autre collision,,,,,,,,,,,1,2,3,1.0,6.0
201100036041,0011-10-06 09:30:00,11,10,6,9,30,590,512,"13, SARRAIL (RUE DU GENE",,,Plein jour,En agglomération,Intersection en T,Pluie légère,Deux véhicules - côté,,,,,,,,,,,1,2,3,2.0,3.0
201100036042,0011-10-06 20:00:00,11,10,6,20,0,590,512,SPRIET (PLACE CHARLES LO,,,Nuit avec éclairage allumé,En agglomération,Giratoire,Normale,Deux véhicules - côté,,,,,,,,,,,5,2,6,1.0,3.0
201100036043,0011-10-07 17:20:00,11,10,7,17,20,590,650,"16, KENNEDY (AVENUE PRES",,,Plein jour,En agglomération,Hors intersection,Normale,Autre collision,,,,,,,,,,,1,2,1,1.0,6.0
201100036044,0011-10-08 10:00:00,11,10,8,10,0,590,512,INKERMAN (RUE D'),,,Plein jour,En agglomération,Intersection en X,Normale,Deux véhicules - côté,,,,,,,,,,,1,2,2,1.0,3.0
201100036045,0011-10-10 19:00:00,11,10,10,19,0,590,646,CARREFOUR (CENTRE COMMER,,,Crépuscule ou aube,Hors agglomération,Hors intersection,Normale,Deux véhicules - côté,,,,,,,,,,,2,1,1,1.0,3.0
201100036046,0011-10-14 16:05:00,11,10,14,16,5,590,163,"211, SEIGNEUR (RUE LOUIS",,,Plein jour,En agglomération,Hors intersection,Normale,Autre collision,,,,,,,,,,,1,2,1,1.0,6.0
201100036047,0011-10-14 17:30:00,11,10,14,17,30,590,512,DE GAULLE (BOULEVARD DU,,,Plein jour,En agglomération,Hors intersection,Normale,Autre collision,,,,,,,,,,,1,2,1,1.0,6.0
201100036048,0011-10-15 13:20:00,11,10,15,13,20,590,163,JAURES (RUE JEAN),,,Plein jour,En agglomération,Intersection en T,Normale,Deux véhicules - côté,,,,,,,,,,,1,2,3,1.0,3.0
201100036049,0011-10-18 08:50:00,11,10,18,8,50,590,163,"234 bis, JAURES (RUE JEA",,,Plein jour,En agglomération,Hors intersection,Pluie forte,Deux véhicules - côté,,,,,,,,,,,1,2,1,3.0,3.0
201100036050,0011-10-19 08:45:00,11,10,19,8,45,590,650,EGALITE (BOULEVARD DE L',,,Plein jour,En agglomération,Intersection en X,Normale,Deux véhicules - côté,,,,,,,,,,,1,2,2,1.0,3.0
201100036051,0011-10-19 16:30:00,11,10,19,16,30,590,598,"16, CENSE (RUE DE LA)",,,Plein jour,En agglomération,Hors intersection,Normale,Autre collision,,,,,,,,,,,1,2,1,1.0,6.0
201100036052,0011-10-20 09:15:00,11,10,20,9,15,590,512,"97, SEBASTOPOL (RUE DE)",,,Plein jour,En agglomération,Hors intersection,Normale,Autre collision,,,,,,,,,,,1,2,1,1.0,6.0
201100036053,0011-10-21 14:30:00,11,10,21,14,30,590,512,FOSSE AUX CHENES (PLACE,,,Plein jour,En agglomération,Intersection en X,Normale,Autre collision,,,,,,,,,,,1,2,2,1.0,6.0
201100036054,0011-10-21 16:50:00,11,10,21,16,50,590,512,"280, ALMA (RUE DE L')",,,Plein jour,En agglomération,Hors intersection,Normale,Autre collision,,,,,,,,,,,1,2,1,1.0,6.0
201100036055,0011-10-24 09:30:00,11,10,24,9,30,590,512,"109, DELORY  (AVENUE GUS",,,Plein jour,En agglomération,Hors intersection,Normale,Deux véhicules - arrière,,,,,,,,,,,1,2,1,1.0,2.0
201100036056,0011-10-25 09:50:00,11,10,25,9,50,590,512,"55, FOURMIES (BOULEVARD",,,Plein jour,En agglomération,Hors intersection,Pluie légère,Autre collision,,,,,,,,,,,1,2,1,2.0,6.0
201100036057,0011-10-25 14:55:00,11,10,25,14,55,590,646,"155, COLI (RUE)",,,Plein jour,En agglomération,Hors intersection,Pluie légère,Deux véhicules - arrière,,,,,,,,,,,1,2,1,2.0,2.0
201100036058,0011-10-19 17:00:00,11,10,19,17,0,590,512,NAIN (RUE),,,Plein jour,En agglomération,Hors intersection,Normale,Autre collision,,,,,,,,,,,1,2,1,1.0,6.0
201100036059,0011-10-25 17:00:00,11,10,25,17,0,590,512,LILLE( RUE DE ),,,Plein jour,En agglomération,Giratoire,Normale,Deux véhicules - côté,,,,,,,,,,,1,2,6,1.0,3.0
201100036060,0011-10-10 10:40:00,11,10,10,10,40,590,163,VERTE (RUE),,,Plein jour,En agglomération,Hors intersection,Normale,Trois véhicules et plus - en chaîne,,,,,,,,,,,1,2,1,1.0,4.0
201100036061,0011-10-27 15:20:00,11,10,27,15,20,590,650,"131, BRIFFAUT (RUE HENRI",,,Plein jour,En agglomération,Hors intersection,Normale,Autre collision,,,,,,,,,,,1,2,1,1.0,6.0
201100036062,0011-10-27 22:10:00,11,10,27,22,10,590,512,METZ (BOULEVARD DE),,,Nuit avec éclairage allumé,En agglomération,Intersection en T,Pluie légère,Autre collision,,,,,,,,,,,5,2,3,2.0,6.0
201100036063,0011-10-26 18:00:00,11,10,26,18,0,590,512,"180, BEAUREPAIRE (BOULEV",,,Plein jour,En agglomération,Hors intersection,Normale,Deux véhicules - arrière,,,,,,,,,,,1,2,1,1.0,2.0
201100036064,0011-11-02 18:00:00,11,11,2,18,0,590,512,"168, LANNOY (RUE DE )",,,Plein jour,En agglomération,Intersection en T,Normale,Deux véhicules - côté,,,,,,,,,,,1,2,3,1.0,3.0
201100036065,0011-11-05 11:00:00,11,11,5,11,0,590,512,CADEAU (RUE),,,Plein jour,En agglomération,Intersection en Y,Normale,Deux véhicules - côté,,,,,,,,,,,1,2,4,1.0,3.0
201100036066,0011-11-10 07:15:00,11,11,10,7,15,590,163,GARE (RUE DE LA),,,Nuit avec éclairage allumé,En agglomération,Intersection en T,Normale,Deux véhicules - côté,,,,,,,,,,,5,2,3,1.0,3.0
201100036067,0011-11-10 07:30:00,11,11,10,7,30,590,650,"178, BAILLERIE (RUE DE L",,,Crépuscule ou aube,En agglomération,Hors intersection,Normale,Autre collision,,,,,,,,,,,2,2,1,1.0,6.0
201100036068,0011-11-10 15:30:00,11,11,10,15,30,590,299,"389, GUESDE (RUE JULES)",,,Plein jour,En agglomération,Hors intersection,Temps éblouissant,Autre collision,,,,,,,,,,,1,2,1,7.0,6.0
201100036069,0011-11-11 21:20:00,11,11,11,21,20,590,650,"31, COUTEAUX (BOULEVARD",,,Nuit avec éclairage allumé,En agglomération,Hors intersection,Normale,Deux véhicules - côté,,,,,,,,,,,5,2,1,1.0,3.0
201100036070,0011-11-12 20:00:00,11,11,12,20,0,590,598,LYS (RUE DE),,,Nuit avec éclairage allumé,En agglomération,Intersection en T,Normale,Deux véhicules - côté,,,,,,,,,,,5,2,3,1.0,3.0
201100036071,0011-11-14 17:35:00,11,11,14,17,35,590,512,CHAPLIN (RUE CHARLIE),,,Nuit avec éclairage allumé,En agglomération,Intersection en X,Normale,Deux véhicules - arrière,,,,,,,,,,,5,2,2,1.0,2.0
201100036072,0011-11-14 22:05:00,11,11,14,22,5,590,512,"150, LYON (BOULEVARD DE)",,,Nuit avec éclairage allumé,En agglomération,Intersection en X,Normale,Deux véhicules - côté,,,,,,,,,,,5,2,2,1.0,3.0
201100036073,0011-11-14 12:00:00,11,11,14,12,0,590,299,DE GAULLE (AVENUE CHARLE,,,Plein jour,En agglomération,Hors intersection,Normale,Deux véhicules - côté,,,,,,,,,,,1,2,1,1.0,3.0
201100036074,0011-11-15 17:15:00,11,11,15,17,15,590,512,ROCROI (RUE DE),,,Crépuscule ou aube,En agglomération,Intersection en X,Normale,Deux véhicules - côté,,,,,,,,,,,2,2,2,1.0,3.0
201100036075,0011-10-19 09:45:00,11,10,19,9,45,590,299,"225, DE GAULLE (AVENUE C",,,Plein jour,En agglomération,Hors intersection,Normale,Deux véhicules - arrière,,,,,,,,,,,1,2,1,1.0,2.0
201100036076,0011-11-17 19:30:00,11,11,17,19,30,590,163,JAURES (RUE JEAN),,,Nuit avec éclairage allumé,En agglomération,Hors intersection,Normale,Deux véhicules - arrière,,,,,,,,,,,5,2,1,1.0,2.0
201100036077,0011-11-18 15:20:00,11,11,18,15,20,590,512,DOUAI (BOULEVARD DE),,,Plein jour,En agglomération,Hors intersection,Normale,Deux véhicules - arrière,,,,,,,,,,,1,2,1,1.0,2.0
201100036078,0011-11-06 20:30:00,11,11,6,20,30,590,512,GAMBETTA ( BOULEVARD),,,Crépuscule ou aube,En agglomération,Intersection en T,Normale,Deux véhicules - côté,,,,,,,,,,,2,2,3,1.0,3.0
201100036079,0011-11-22 20:00:00,11,11,22,20,0,590,650,LAINE (ROUTE DE LA),,,Nuit avec éclairage allumé,Hors agglomération,Intersection en X,Normale,Deux véhicules - frontale,,,,,,,,,,,5,1,2,1.0,1.0
201100036080,0011-11-25 09:15:00,11,11,25,9,15,590,512,PIERRE DE ROUBAIX (RUE),,,Plein jour,En agglomération,Hors intersection,Normale,Deux véhicules - arrière,,,,,,,,,,,1,2,1,1.0,2.0
201100036081,0011-11-25 13:10:00,11,11,25,13,10,590,512,LECLERC (BOULEVARD DU GE,,,Plein jour,En agglomération,Intersection en X,Normale,Deux véhicules - côté,,,,,,,,,,,1,2,2,1.0,3.0
201100036082,0011-11-22 20:00:00,11,11,22,20,0,590,646,DELERUE (RUE),,,Nuit avec éclairage allumé,En agglomération,Hors intersection,Normale,Deux véhicules - côté,,,,,,,,,,,5,2,1,1.0,3.0
201100036083,0011-11-30 16:20:00,11,11,30,16,20,590,299,"194, ECOLES (RUE DES)",,,Plein jour,En agglomération,Hors intersection,Normale,Autre collision,,,,,,,,,,,1,2,1,1.0,6.0
201100036084,0011-12-02 15:50:00,11,12,2,15,50,590,512,FOURIER (AVENUE CHARLES),,,Plein jour,En agglomération,Hors intersection,Normale,Deux véhicules - côté,,,,,,,,,,,1,2,1,1.0,3.0
201100036085,0011-12-04 13:15:00,11,12,4,13,15,590,512,DE ROUBAIX (RUE PIERRE),,,Plein jour,En agglomération,Intersection en X,Normale,Deux véhicules - côté,,,,,,,,,,,1,2,2,1.0,3.0
201100036086,0011-12-05 08:25:00,11,12,5,8,25,590,646,LEBAS (AVENUE JEAN BAPTI,,,Plein jour,En agglomération,Giratoire,Normale,Autre collision,,,,,,,,,,,1,2,6,1.0,6.0
201100036087,0011-12-04 20:05:00,11,12,4,20,5,590,512,MOTTE (AVENUE ALFRED),,,Nuit avec éclairage allumé,En agglomération,Intersection en X,Pluie légère,Deux véhicules - côté,,,,,,,,,,,5,2,2,2.0,3.0
201100036088,0011-12-06 08:45:00,11,12,6,8,45,590,512,"96, GRANDE  RUE",,,Plein jour,En agglomération,Hors intersection,Normale,Autre collision,,,,,,,,,,,1,2,1,1.0,6.0
201100036089,0011-12-06 16:30:00,11,12,6,16,30,590,512,LINNE ( AVENUE),,,Nuit avec éclairage allumé,En agglomération,Intersection en T,Normale,Autre collision,,,,,,,,,,,5,2,3,1.0,6.0
201100036090,0011-12-09 17:00:00,11,12,9,17,0,590,646,GRAND COTTIGNIES (AVENUE,,,Crépuscule ou aube,En agglomération,Hors intersection,Normale,Deux véhicules - côté,,,,,,,,,,,2,2,1,1.0,3.0
201100036091,0011-12-09 17:10:00,11,12,9,17,10,590,512,COTY (AVENUE DU PRESIDEN,,,Nuit avec éclairage allumé,En agglomération,Intersection en T,Normale,Autre collision,,,,,,,,,,,5,2,3,1.0,6.0
201100036092,0011-12-09 21:10:00,11,12,9,21,10,590,512,"62, ARMENTIERES (BOULEVA",,,Nuit avec éclairage allumé,En agglomération,Intersection en T,Normale,Autre collision,,,,,,,,,,,5,2,3,1.0,6.0
201100036093,0011-12-09 22:10:00,11,12,9,22,10,590,512,LAFARGUE (RUE PAUL),,,Nuit avec éclairage allumé,En agglomération,Intersection en T,Normale,Deux véhicules - côté,,,,,,,,,,,5,2,3,1.0,3.0
201100036094,0011-12-14 09:15:00,11,12,14,9,15,590,512,ARTS  (RUE DES),,,Plein jour,En agglomération,Intersection en X,Pluie forte,Autre collision,,,,,,,,,,,1,2,2,3.0,6.0
201100036095,0011-12-14 16:15:00,11,12,14,16,15,590,512,MICHELET (RUE JULES),,,Plein jour,En agglomération,Intersection en X,Pluie légère,Autre collision,,,,,,,,,,,1,2,2,2.0,6.0
201100036096,0011-12-15 16:30:00,11,12,15,16,30,590,646,TRIEZ (RUE DU),,,Nuit avec éclairage allumé,En agglomération,Giratoire,Pluie forte,Deux véhicules - côté,,,,,,,,,,,5,2,6,3.0,3.0
201100036097,0011-12-16 08:05:00,11,12,16,8,5,590,512,"35, AVELGHEM (RUE D')",,,Nuit avec éclairage allumé,En agglomération,Hors intersection,Vent fort / tempête,Autre collision,,,,,,,,,,,5,2,1,6.0,6.0
201100036098,0011-12-16 15:55:00,11,12,16,15,55,590,512,LEBAS (AVENUE JEAN),,,Plein jour,En agglomération,Intersection en X,Pluie forte,Deux véhicules - côté,,,,,,,,,,,1,2,2,3.0,3.0
201100036099,0011-12-16 17:45:00,11,12,16,17,45,590,512,NATIONS UNIES (AVENUE DE,,,Nuit avec éclairage allumé,En agglomération,Hors intersection,Pluie légère,Deux véhicules - arrière,,,,,,,,,,,5,2,1,2.0,2.0
201100036100,0011-12-17 12:00:00,11,12,17,12,0,590,650,JOUHAUX (BOULEVARD LEON),,,Plein jour,En agglomération,Hors intersection,Normale,Deux véhicules - arrière,,,,,,,,,,,1,2,1,1.0,2.0
201100036101,0011-12-18 02:50:00,11,12,18,2,50,590,339,"1, HUGO (RUE VICTOR)",,,Nuit avec éclairage allumé,En agglomération,Hors intersection,Pluie forte,Autre collision,,,,,,,,,,,5,2,1,3.0,6.0
201100036102,0011-12-19 19:00:00,11,12,19,19,0,590,512,LYON (BOULEVARD DE),,,Nuit avec éclairage allumé,En agglomération,Intersection en X,Pluie légère,Deux véhicules - frontale,,,,,,,,,,,5,2,2,2.0,1.0
201100036103,0011-12-21 07:30:00,11,12,21,7,30,590,512,NATIONS UNIES (AVENUE DE,,,Crépuscule ou aube,En agglomération,Intersection en X,Pluie légère,Autre collision,,,,,,,,,,,2,2,2,2.0,6.0
201100036104,0011-12-22 11:00:00,11,12,22,11,0,590,163,CHURCHILL (AVENUE WINSTO,,,Plein jour,En agglomération,Intersection en T,Normale,Autre collision,,,,,,,,,,,1,2,3,1.0,6.0
201100036105,0011-12-24 22:33:00,11,12,24,22,33,590,512,"403, GUESDE (RUE JULES)",,,Nuit avec éclairage allumé,En agglomération,Hors intersection,Temps couvert,Autre collision,,,,,,,,,,,5,2,1,8.0,6.0
201100036106,0011-12-25 18:00:00,11,12,25,18,0,590,512,DE GAULLE (BOULEVARD DU,,,Nuit avec éclairage allumé,En agglomération,Intersection en X,Normale,Deux véhicules - côté,,,,,,,,,,,5,2,2,1.0,3.0
201100036107,0011-01-20 18:00:00,11,1,20,18,0,590,526,"1200, DE LA PUCHOIE",,,Nuit sans éclairage public,Hors agglomération,Hors intersection,Normale,Autre collision,,,,,,,,,,,3,1,1,1.0,6.0
201100036108,0011-03-01 18:50:00,11,3,1,18,50,590,526,DE LA GRISE CHEMISE,,,Nuit sans éclairage public,Hors agglomération,Hors intersection,Normale,Deux véhicules - frontale,,,,,,,,,,,3,1,1,1.0,1.0
201100036109,0011-05-12 08:35:00,11,5,12,8,35,590,526,DU FAUBOURG DE TOURNAI,,,Plein jour,En agglomération,Giratoire,Normale,Deux véhicules - côté,,,,,,,,,,,1,2,6,1.0,3.0
201100036110,0011-05-20 09:00:00,11,5,20,9,0,590,526,ROGER SALENGRO,,,Plein jour,En agglomération,Hors intersection,Normale,Autre collision,,,,,,,,,,,1,2,1,1.0,6.0
201100036111,0011-06-16 09:40:00,11,6,16,9,40,590,526,"07, GRAND PLACE",,,Plein jour,En agglomération,Hors intersection,Temps couvert,Autre collision,,,,,,,,,,,1,2,1,8.0,6.0
201100036112,0011-08-09 17:45:00,11,8,9,17,45,590,526,DU DOCTEUR DAVAINE,,,Plein jour,En agglomération,Intersection en X,Normale,Autre collision,,,,,,,,,,,1,2,2,1.0,6.0
201100036113,0011-08-14 08:30:00,11,8,14,8,30,590,526,ROCADE NORD(A PARTIR RUE,,,Plein jour,En agglomération,Giratoire,Normale,Deux véhicules - frontale,,,,,,,,,,,1,2,6,1.0,1.0
201100036114,0011-09-09 07:15:00,11,9,9,7,15,590,526,", HENRI DURRE",,,Plein jour,En agglomération,Giratoire,Normale,Deux véhicules - côté,,,,,,,,,,,1,2,6,1.0,3.0
201100036115,0011-09-17 16:45:00,11,9,17,16,45,590,526,ROCADE NORD(JUSQ CROISEM,,,Plein jour,En agglomération,Intersection en T,Normale,Deux véhicules - côté,,,,,,,,,,,1,2,3,1.0,3.0
201100036116,0011-10-19 09:00:00,11,10,19,9,0,590,526,ALBERT CAMUS,,,Plein jour,En agglomération,Hors intersection,Temps éblouissant,Deux véhicules - arrière,,,,,,,,,,,1,2,1,7.0,2.0
201100036117,0011-11-07 09:15:00,11,11,7,9,15,590,526,DE VALENCIENNES,,,Plein jour,En agglomération,Hors intersection,Temps couvert,Autre collision,,,,,,,,,,,1,2,1,8.0,6.0
201100036118,0011-11-14 19:35:00,11,11,14,19,35,590,526,"375, HENRI DURRE",,,Nuit avec éclairage allumé,En agglomération,Hors intersection,Normale,Deux véhicules - arrière,,,,,,,,,,,5,2,1,1.0,2.0
201100036119,0011-03-04 11:30:00,11,3,4,11,30,590,574,"32, TAMARIS(RUE)",,,Plein jour,En agglomération,Autre intersection,Normale,Deux véhicules - côté,,,,,,,,,,,1,2,9,1.0,3.0
201100036120,0011-03-08 19:25:00,11,3,8,19,25,590,113,"44, RUE PASTEUR",50.35575,3.2496,Nuit avec éclairage allumé,En agglomération,Hors intersection,Normale,Autre collision,,,,,,,,,,,5,2,1,1.0,6.0
201100036121,0011-03-08 23:30:00,11,3,8,23,30,590,227,DE NOS RESISTANTS(RUE),,,Nuit sans éclairage public,Hors agglomération,Hors intersection,Normale,Sans collision,,,,,,,,,,,3,1,1,1.0,7.0
201100036122,0011-04-08 07:55:00,11,4,8,7,55,590,574,"5, CD 957 BIS",,,Plein jour,En agglomération,Hors intersection,Normale,Deux véhicules - frontale,,,,,,,,,,,1,2,1,1.0,1.0
201100036123,0011-04-08 14:20:00,11,4,8,14,20,590,375,"7 BIS, FERNAND ROMBEAU (",,,Plein jour,Hors agglomération,Hors intersection,Normale,Deux véhicules - côté,,,,,,,,,,,1,1,1,1.0,3.0
201100036124,0011-04-07 19:00:00,11,4,7,19,0,590,314,"24, BLAISE(RUE)",,,Plein jour,En agglomération,Hors intersection,Normale,Sans collision,,,,,,,,,,,1,2,1,1.0,7.0
201100036125,0011-05-15 14:50:00,11,5,15,14,50,590,501,SUZANNE LANOY (RUE),,,Plein jour,Hors agglomération,Hors intersection,Normale,Deux véhicules - côté,,,,,,,,,,,1,1,1,1.0,3.0
201100036126,0011-03-20 22:10:00,11,3,20,22,10,590,314,BOIS(DU)(RUE),,,Nuit sans éclairage public,Hors agglomération,Hors intersection,Normale,Deux véhicules - frontale,,,,,,,,,,,3,1,1,1.0,1.0
201100036127,0011-05-11 18:40:00,11,5,11,18,40,590,375,"1, NONNETTES(RUE)",,,Plein jour,En agglomération,Intersection en Y,Normale,Trois véhicules et plus - collisions multiples,,,,,,,,,,,1,2,4,1.0,5.0
201100036128,0011-01-05 00:01:00,11,1,5,0,1,590,599,TURENNE (RUE DE),,,Nuit avec éclairage allumé,En agglomération,Hors intersection,Normale,Deux véhicules - côté,,,,,,,,,,,5,2,1,1.0,3.0
201100036129,0011-01-11 19:05:00,11,1,11,19,5,590,599,TESTELIN (RUE ACHILLE),,,Nuit avec éclairage allumé,En agglomération,Intersection en X,Pluie légère,Autre collision,,,,,,,,,,,5,2,2,2.0,6.0
201100036130,0011-01-14 08:00:00,11,1,14,8,0,590,599,"240, GAMBETTA (BOULEVARD",,,Crépuscule ou aube,En agglomération,Hors intersection,Pluie légère,Autre collision,,,,,,,,,,,2,2,1,2.0,6.0
201100036131,0011-01-17 08:30:00,11,1,17,8,30,590,152,MARCEAU (RUE),,,Plein jour,En agglomération,Giratoire,Normale,Deux véhicules - côté,,,,,,,,,,,1,2,6,1.0,3.0
201100036132,0011-01-18 10:50:00,11,1,18,10,50,590,599,DESCAT (BOULEVARD CONSTA,,,Plein jour,En agglomération,Intersection en T,Pluie légère,Deux véhicules - côté,,,,,,,,,,,1,2,3,2.0,3.0
201100036133,0011-01-14 07:50:00,11,1,14,7,50,590,599,WATT (CHAUSSEE),,,Crépuscule ou aube,En agglomération,Hors intersection,Pluie légère,Autre collision,,,,,,,,,,,2,2,1,2.0,6.0