accident_id,datetime,annee,mois,jour,heure,minute,departement,commune_insee,adresse,latitude,longitude,luminosite,agglomeration,intersection,meteo,collision,nb_vehicules,nb_usagers,nb_indemnes,nb_tues,nb_blesses_hosp,nb_blesses_legers,age_cond_1,age_cond_2,veh_type_cond_1,veh_type_cond_2,lum_code,agg_code,int_code,atm_code,col_code
201100036134,0011-01-20 07:30:00,11,1,20,7,30,590,279,DENNETIERE (RUE ARTHUR),,,Nuit avec éclairage allumé,En agglomération,Hors intersection,Autre,Sans collision,,,,,,,,,,,5,2,1,9.0,7.0
201100036135,0011-01-25 15:40:00,11,1,25,15,40,590,599,HALLUIN (BOULEVARD D'),,,Plein jour,En agglomération,Intersection en X,Pluie légère,Deux véhicules - côté,,,,,,,,,,,1,2,2,2.0,3.0
201100036136,0011-01-31 11:50:00,11,1,31,11,50,590,90,"23, HESPEL (RUE RENE D')",,,Plein jour,En agglomération,Intersection en T,Normale,Deux véhicules - côté,,,,,,,,,,,1,2,3,1.0,3.0
201100036137,0011-02-03 16:20:00,11,2,3,16,20,590,426,TOURCOING (RUE DE),,,Plein jour,En agglomération,Intersection en X,Normale,Deux véhicules - côté,,,,,,,,,,,1,2,2,1.0,3.0
201100036138,0011-02-04 07:20:00,11,2,4,7,20,590,599,GAND (RUE DE),,,Crépuscule ou aube,En agglomération,Hors intersection,Normale,Autre collision,,,,,,,,,,,2,2,1,1.0,6.0
201100036139,0011-02-05 05:30:00,11,2,5,5,30,590,98,"31A, AUGER (RUE)",,,Nuit avec éclairage allumé,En agglomération,Hors intersection,Normale,Autre collision,,,,,,,,,,,5,2,1,1.0,6.0
201100036140,0011-02-07 16:50:00,11,2,7,16,50,590,152,AMPERE (RUE),,,Crépuscule ou aube,En agglomération,Intersection en T,Normale,Deux véhicules - côté,,,,,,,,,,,2,2,3,1.0,3.0
201100036141,0011-02-04 20:20:00,11,2,4,20,20,590,599,ROUGE (RUE DE LA CROIX),,,Nuit avec éclairage non allumé,En agglomération,Hors intersection,Normale,Deux véhicules - côté,,,,,,,,,,,4,2,1,1.0,3.0
201100036142,0011-02-08 15:30:00,11,2,8,15,30,590,152,REPUBLIQUE (RUE DE LA),,,Plein jour,En agglomération,Hors intersection,Normale,Autre collision,,,,,,,,,,,1,2,1,1.0,6.0
201100036143,0011-02-17 10:25:00,11,2,17,10,25,590,90,HESPEL (RUE RENE D')2A4-,,,Plein jour,En agglomération,Intersection en X,Normale,Deux véhicules - côté,,,,,,,,,,,1,2,2,1.0,3.0
201100036144,0011-02-17 17:40:00,11,2,17,17,40,590,279,258 bis rue de la Lys,50.7765,3.09852,Plein jour,En agglomération,Hors intersection,Normale,Deux véhicules - côté,,,,,,,,,,,1,2,1,1.0,3.0
201100036145,0011-02-22 16:30:00,11,2,22,16,30,590,599,COLBERT (RUE),,,Plein jour,En agglomération,Hors intersection,Temps éblouissant,Autre collision,,,,,,,,,,,1,2,1,7.0,6.0
201100036146,0011-02-26 00:25:00,11,2,26,0,25,590,90,"1791, GAULLE (AVENUE DU",,,Nuit avec éclairage allumé,En agglomération,Intersection en X,Normale,Autre collision,,,,,,,,,,,5,2,2,1.0,6.0
201100036147,0011-03-02 19:20:00,11,3,2,19,20,590,599,"86, TESTELIN (RUE ACHILL",,,Nuit avec éclairage allumé,En agglomération,Hors intersection,Normale,Deux véhicules - arrière,,,,,,,,,,,5,2,1,1.0,2.0
201100036148,0011-03-04 14:20:00,11,3,4,14,20,590,599,MARNE (AVENUE DE LA),,,Plein jour,En agglomération,Intersection en X,Normale,Deux véhicules - côté,,,,,,,,,,,1,2,2,1.0,3.0
201100036149,0011-03-05 18:00:00,11,3,5,18,0,590,279,LEMIRE (RUE DE L'ABBE),,,Plein jour,En agglomération,Hors intersection,Normale,Trois véhicules et plus - en chaîne,,,,,,,,,,,1,2,1,1.0,4.0
201100036150,0011-03-06 17:00:00,11,3,6,17,0,590,352,PAUL (RUE SAINT VINCENT,,,Plein jour,En agglomération,Intersection en T,Normale,Deux véhicules - côté,,,,,,,,,,,1,2,3,1.0,3.0
201100036151,0011-03-11 08:40:00,11,3,11,8,40,590,599,BRAILLE (AVENUE LOUIS),,,Plein jour,En agglomération,Hors intersection,Normale,Autre collision,,,,,,,,,,,1,2,1,1.0,6.0
201100036152,0011-03-19 11:15:00,11,3,19,11,15,590,599,BRUN PAIN (RUE DU),,,Plein jour,En agglomération,Intersection en T,Normale,Deux véhicules - côté,,,,,,,,,,,1,2,3,1.0,3.0
201100036153,0011-03-21 11:30:00,11,3,21,11,30,590,426,SCHUMAN (RUE ROBERT),,,Plein jour,Hors agglomération,Intersection en X,Normale,Deux véhicules - côté,,,,,,,,,,,1,1,2,1.0,3.0
201100036154,0011-03-21 18:10:00,11,3,21,18,10,590,599,URSULINES (RUE DES),,,Plein jour,En agglomération,Intersection en T,Normale,Autre collision,,,,,,,,,,,1,2,3,1.0,6.0
201100036155,0011-03-25 07:45:00,11,3,25,7,45,590,599,SAINT BLAISE (RUE),,,Plein jour,En agglomération,Intersection en X,Normale,Deux véhicules - côté,,,,,,,,,,,1,2,2,1.0,3.0
201100036156,0011-03-27 12:00:00,11,3,27,12,0,590,599,PARIS (RUE DE),,,Plein jour,En agglomération,Intersection en T,Normale,Deux véhicules - côté,,,,,,,,,,,1,2,3,1.0,3.0
201100036157,0011-03-28 14:20:00,11,3,28,14,20,590,90,"161, SIX (ABBE)29A41",,,Plein jour,En agglomération,Hors intersection,Normale,Sans collision,,,,,,,,,,,1,2,1,1.0,7.0
201100036158,0011-03-28 17:00:00,11,3,28,17,0,590,599,BIENFAISANCE (RUE DE LA),,,Plein jour,En agglomération,Hors intersection,Normale,Autre collision,,,,,,,,,,,1,2,1,1.0,6.0
201100036159,0011-03-29 15:15:00,11,3,29,15,15,590,656,"75, INDUSTRIE (RUE DE L'",,,Plein jour,En agglomération,Hors intersection,Normale,Deux véhicules - arrière,,,,,,,,,,,1,2,1,1.0,2.0
201100036160,0011-03-30 15:30:00,11,3,30,15,30,590,599,CHOCQUEEL (RUE WINOC),,,Plein jour,En agglomération,Intersection en X,Normale,Deux véhicules - côté,,,,,,,,,,,1,2,2,1.0,3.0
201100036161,0011-04-02 05:30:00,11,4,2,5,30,590,98,"32, BOIS (LIEU DIT)",,,Nuit avec éclairage allumé,En agglomération,Hors intersection,Normale,Autre collision,,,,,,,,,,,5,2,1,1.0,6.0
201100036162,0011-03-30 12:20:00,11,3,30,12,20,590,599,"02, TONKIN (RUE DU)",,,Plein jour,En agglomération,Intersection en T,Normale,Autre collision,,,,,,,,,,,1,2,3,1.0,6.0
201100036163,0011-04-08 16:30:00,11,4,8,16,30,590,599,"52, ROUBAIX (RUE DE)",,,Plein jour,En agglomération,Hors intersection,Normale,Deux véhicules - côté,,,,,,,,,,,1,2,1,1.0,3.0
201100036164,0011-04-11 11:25:00,11,4,11,11,25,590,599,"105, GUERRE (RUE FIN DE",,,Plein jour,En agglomération,Intersection en X,Normale,Deux véhicules - côté,,,,,,,,,,,1,2,2,1.0,3.0
201100036165,0011-04-11 19:20:00,11,4,11,19,20,590,508,"283, DRONCKAERT (RUE DU)",,,Crépuscule ou aube,En agglomération,Hors intersection,Normale,Autre collision,,,,,,,,,,,2,2,1,1.0,6.0
201100036166,0011-04-12 15:40:00,11,4,12,15,40,590,426,RONCQ (ROUTE),,,Plein jour,Hors agglomération,Intersection en X,Normale,Trois véhicules et plus - collisions multiples,,,,,,,,,,,1,1,2,1.0,5.0
201100036167,0011-04-16 16:25:00,11,4,16,16,25,590,90,"6A, GAULLE (AVENUE DU GE",,,Plein jour,En agglomération,Hors intersection,Normale,Deux véhicules - arrière,,,,,,,,,,,1,2,1,1.0,2.0
201100036168,0011-04-18 11:55:00,11,4,18,11,55,590,152,"43, ARMENTIERES (RUE D')",,,Plein jour,En agglomération,Hors intersection,Normale,Trois véhicules et plus - en chaîne,,,,,,,,,,,1,2,1,1.0,4.0
201100036169,0011-04-19 15:00:00,11,4,19,15,0,590,599,TESTELIN (RUE ACHILLE),,,Plein jour,En agglomération,Hors intersection,Normale,Autre collision,,,,,,,,,,,1,2,1,1.0,6.0
201100036170,0011-04-20 16:50:00,11,4,20,16,50,590,599,BRIAND (RUE ARISTIDE),,,Plein jour,En agglomération,Hors intersection,Normale,Autre collision,,,,,,,,,,,1,2,1,1.0,6.0
201100036171,0011-04-26 15:30:00,11,4,26,15,30,590,599,"2, MONS (RUE DE)",,,Plein jour,En agglomération,Hors intersection,Normale,Autre collision,,,,,,,,,,,1,2,1,1.0,6.0
201100036172,0011-04-27 18:30:00,11,4,27,18,30,590,599,"43, JUIN (RUE DU MARECHA",,,Plein jour,En agglomération,Hors intersection,Normale,Autre collision,,,,,,,,,,,1,2,1,1.0,6.0
201100036173,0011-04-27 17:30:00,11,4,27,17,30,590,656,SPORT (AVENUE DU),,,Plein jour,En agglomération,Hors intersection,Normale,Deux véhicules - arrière,,,,,,,,,,,1,2,1,1.0,2.0
201100036174,0011-04-30 03:00:00,11,4,30,3,0,590,352,"119, WERWICQ (RUE DE)",,,Nuit avec éclairage allumé,En agglomération,Hors intersection,Pluie légère,Autre collision,,,,,,,,,,,5,2,1,2.0,6.0
201100036175,0011-05-03 17:45:00,11,5,3,17,45,590,599,LEHOUCQ (RUE FIDELE),,,Plein jour,En agglomération,Hors intersection,Normale,Autre collision,,,,,,,,,,,1,2,1,1.0,6.0
201100036176,0011-05-07 20:40:00,11,5,7,20,40,590,599,"43, JUIN (RUE DU MARECHA",,,Plein jour,En agglomération,Intersection en T,Normale,Autre collision,,,,,,,,,,,1,2,3,1.0,6.0
201100036177,0011-05-11 12:45:00,11,5,11,12,45,590,426,"32, HALLUIN (RUE D')",,,Plein jour,En agglomération,Hors intersection,Normale,Deux véhicules - arrière,,,,,,,,,,,1,2,1,1.0,2.0
201100036178,0011-05-11 17:10:00,11,5,11,17,10,590,421,"35, TERRYN (RUE HENRY)",,,Plein jour,En agglomération,Hors intersection,Normale,Autre collision,,,,,,,,,,,1,2,1,1.0,6.0
201100036179,0011-05-12 19:25:00,11,5,12,19,25,590,599,"41, OSTENDE (RUE D')",,,Plein jour,En agglomération,Hors intersection,Normale,Autre collision,,,,,,,,,,,1,2,1,1.0,6.0
201100036180,0011-05-14 01:35:00,11,5,14,1,35,590,98,"75C, WERVICQ (RUE DE)",,,Nuit avec éclairage allumé,En agglomération,Hors intersection,Normale,Deux véhicules - côté,,,,,,,,,,,5,2,1,1.0,3.0
201100036181,0011-05-14 13:30:00,11,5,14,13,30,590,656,"37, BRIAND (RUE ARISTIDE",,,Plein jour,En agglomération,Intersection en T,Normale,Autre collision,,,,,,,,,,,1,2,3,1.0,6.0
201100036182,0011-05-15 18:40:00,11,5,15,18,40,590,279,"48, LILLE (RUE DE)",,,Plein jour,En agglomération,Intersection en X,Normale,Autre collision,,,,,,,,,,,1,2,2,1.0,6.0
201100036183,0011-05-12 18:50:00,11,5,12,18,50,590,599,MAGENTA (RUE),,,Plein jour,En agglomération,Hors intersection,Normale,Deux véhicules - frontale,,,,,,,,,,,1,2,1,1.0,1.0
201100036184,0011-05-18 12:05:00,11,5,18,12,5,590,656,PERI (RUE GABRIEL),,,Plein jour,En agglomération,Intersection en X,Normale,Deux véhicules - côté,,,,,,,,,,,1,2,2,1.0,3.0
201100036185,0011-05-23 11:30:00,11,5,23,11,30,590,599,GAND (RUE DE),,,Plein jour,En agglomération,Hors intersection,Normale,Autre collision,,,,,,,,,,,1,2,1,1.0,6.0
201100036186,0011-05-24 10:45:00,11,5,24,10,45,590,599,SPEYBROCK (RUE ROGER),,,Plein jour,En agglomération,Hors intersection,Normale,Autre collision,,,,,,,,,,,1,2,1,1.0,6.0
201100036187,0011-05-27 13:45:00,11,5,27,13,45,590,508,BARBUSSE (RUE HENRI),,,Plein jour,Hors agglomération,Intersection en T,Temps couvert,Deux véhicules - côté,,,,,,,,,,,1,1,3,8.0,3.0
201100036188,0011-05-22 02:50:00,11,5,22,2,50,590,421,GAMBETTA (RUE),,,Nuit avec éclairage allumé,En agglomération,Intersection en T,Normale,Deux véhicules - côté,,,,,,,,,,,5,2,3,1.0,3.0
201100036189,0011-05-28 00:25:00,11,5,28,0,25,590,421,"481, TOURCOING (RUE DE)",50.71491,3.13542,Nuit avec éclairage allumé,En agglomération,Hors intersection,Normale,Autre collision,,,,,,,,,,,5,2,1,1.0,6.0
201100036190,0011-06-15 17:30:00,11,6,15,17,30,590,599,"78, TURGOT (RUE)",,,Plein jour,En agglomération,Hors intersection,Normale,Autre collision,,,,,,,,,,,1,2,1,1.0,6.0
201100036191,0011-06-15 17:20:00,11,6,15,17,20,590,599,HALOT (RUE DU),,,Plein jour,En agglomération,Intersection en X,Normale,Deux véhicules - côté,,,,,,,,,,,1,2,2,1.0,3.0
201100036192,0011-06-01 16:10:00,11,6,1,16,10,590,599,"11, DRON (AVENUE GUSTAVE",,,Plein jour,En agglomération,Hors intersection,Normale,Deux véhicules - arrière,,,,,,,,,,,1,2,1,1.0,2.0
201100036193,0011-06-01 17:15:00,11,6,1,17,15,590,599,"35, BAILLE (RUE DE LA)",,,Plein jour,En agglomération,Hors intersection,Normale,Autre collision,,,,,,,,,,,1,2,1,1.0,6.0
201100036194,0011-05-23 09:00:00,11,5,23,9,0,590,421,"78, LONDRES (RUE DE)22A8",,,Plein jour,En agglomération,Hors intersection,Normale,Autre collision,,,,,,,,,,,1,2,1,1.0,6.0
201100036195,0011-06-03 14:50:00,11,6,3,14,50,590,599,MOUVAUX (RUE DE),,,Plein jour,En agglomération,Intersection en T,Normale,Deux véhicules - côté,,,,,,,,,,,1,2,3,1.0,3.0
201100036196,0011-06-05 17:10:00,11,6,5,17,10,590,599,MOCQUET (RUE GUY),,,Plein jour,En agglomération,Hors intersection,Normale,Deux véhicules - côté,,,,,,,,,,,1,2,1,1.0,3.0
201100036197,0011-08-29 16:45:00,11,8,29,16,45,590,508,ROUTE DE CONTOURNEMENT,,,Plein jour,Hors agglomération,Hors intersection,Normale,Deux véhicules - arrière,,,,,,,,,,,1,1,1,1.0,2.0
201100036198,0011-06-07 19:10:00,11,6,7,19,10,590,279,ANGELIER (RUE AUGUSTE),,,Plein jour,En agglomération,Intersection en X,Pluie légère,Deux véhicules - côté,,,,,,,,,,,1,2,2,2.0,3.0
201100036199,0011-06-08 12:30:00,11,6,8,12,30,590,599,ANGES (RUE DES),,,Plein jour,En agglomération,Hors intersection,Normale,Deux véhicules - côté,,,,,,,,,,,1,2,1,1.0,3.0
201100036200,0011-06-08 15:00:00,11,6,8,15,0,590,599,GUERRE (RUE FIN DE LA),,,Plein jour,En agglomération,Intersection en T,Normale,Autre collision,,,,,,,,,,,1,2,3,1.0,6.0
201100036201,0011-06-09 15:00:00,11,6,9,15,0,590,279,LEMIRE (RUE DE L'ABBE),,,Plein jour,En agglomération,Intersection en X,Normale,Deux véhicules - côté,,,,,,,,,,,1,2,2,1.0,3.0
201100036202,0011-06-09 17:30:00,11,6,9,17,30,590,599,GUERRE (RUE FIN DE LA),,,Plein jour,En agglomération,Hors intersection,Normale,Deux véhicules - côté,,,,,,,,,,,1,2,1,1.0,3.0
201100036203,0011-06-10 09:30:00,11,6,10,9,30,590,152,MARCEAU (RUE),,,Plein jour,En agglomération,Giratoire,Normale,Deux véhicules - frontale,,,,,,,,,,,1,2,6,1.0,1.0
201100036204,0011-06-12 18:45:00,11,6,12,18,45,590,599,"30, HERRICK (RUE MYRRON)",,,Plein jour,En agglomération,Hors intersection,Normale,Autre collision,,,,,,,,,,,1,2,1,1.0,6.0
201100036205,0011-06-14 14:15:00,11,6,14,14,15,590,599,REPUBLIQUE (PLACE DE LA),,,Plein jour,En agglomération,Hors intersection,Normale,Autre collision,,,,,,,,,,,1,2,1,1.0,6.0
201100036206,0011-06-15 19:50:00,11,6,15,19,50,590,352,"91, GAVRE (CHEMIN)",,,Plein jour,Hors agglomération,Hors intersection,Normale,Deux véhicules - frontale,,,,,,,,,,,1,1,1,1.0,1.0
201100036207,0011-06-17 08:30:00,11,6,17,8,30,590,599,VIROLOIS (RUE DU),,,Plein jour,En agglomération,Intersection en Y,Normale,Deux véhicules - côté,,,,,,,,,,,1,2,4,1.0,3.0
201100036208,0011-06-18 15:45:00,11,6,18,15,45,590,599,CHOCQUEEL (RUE WINOC),,,Plein jour,En agglomération,Intersection en X,Normale,Deux véhicules - côté,,,,,,,,,,,1,2,2,1.0,3.0
201100036209,0011-06-20 08:45:00,11,6,20,8,45,590,599,WATTINE (RUE CHARLES),,,Plein jour,En agglomération,Hors intersection,Pluie légère,Deux véhicules - frontale,,,,,,,,,,,1,2,1,2.0,1.0
201100036210,0011-06-25 02:55:00,11,6,25,2,55,590,599,"300, FOREST (CHAUSSEE FE",,,Nuit avec éclairage allumé,En agglomération,Hors intersection,Pluie légère,Deux véhicules - arrière,,,,,,,,,,,5,2,1,2.0,2.0
201100036211,0011-06-28 21:45:00,11,6,28,21,45,590,279,LILLE (RUE DE),,,Plein jour,En agglomération,Hors intersection,Normale,Autre collision,,,,,,,,,,,1,2,1,1.0,6.0
201100036212,0011-06-30 13:30:00,11,6,30,13,30,590,599,ROUBAIX (RUE DE),,,Plein jour,En agglomération,Intersection en X,Normale,Autre collision,,,,,,,,,,,1,2,2,1.0,6.0
201100036213,0011-07-01 11:25:00,11,7,1,11,25,590,98,"06, JONQUILLES (AVENUE D",,,Plein jour,En agglomération,Hors intersection,Normale,Deux véhicules - côté,,,,,,,,,,,1,2,1,1.0,3.0
201100036214,0011-07-01 13:55:00,11,7,1,13,55,590,352,"82c, TOURCOING (RUE DE)",,,Plein jour,En agglomération,Hors intersection,Normale,Deux véhicules - arrière,,,,,,,,,,,1,2,1,1.0,2.0
201100036215,0011-07-01 18:00:00,11,7,1,18,0,590,90,GAULLE (AVENUE DU GENERA,,,Plein jour,En agglomération,Hors intersection,Normale,Deux véhicules - arrière,,,,,,,,,,,1,2,1,1.0,2.0
201100036216,0011-07-02 14:50:00,11,7,2,14,50,590,508,HALLUIN (BOULEVARD D'),,,Plein jour,Hors agglomération,Hors intersection,Normale,Autre collision,,,,,,,,,,,1,1,1,1.0,6.0
201100036217,0011-07-03 16:05:00,11,7,3,16,5,590,599,CLINQUET (RUE DU),,,Plein jour,En agglomération,Intersection en X,Normale,Deux véhicules - côté,,,,,,,,,,,1,2,2,1.0,3.0
201100036218,0011-07-05 13:10:00,11,7,5,13,10,590,599,"159, COLBERT (RUE)",,,Plein jour,En agglomération,Hors intersection,Normale,Deux véhicules - frontale,,,,,,,,,,,1,2,1,1.0,1.0
201100036219,0011-07-05 20:20:00,11,7,5,20,20,590,599,CONGO (RUE DU),,,Plein jour,En agglomération,Intersection en X,Normale,Deux véhicules - côté,,,,,,,,,,,1,2,2,1.0,3.0
201100036220,0011-07-07 13:00:00,11,7,7,13,0,590,599,PARIS (RUE DE),,,Plein jour,En agglomération,Intersection en T,Normale,Deux véhicules - côté,,,,,,,,,,,1,2,3,1.0,3.0
201100036221,0011-07-07 15:00:00,11,7,7,15,0,590,421,"63, ROOSEVELT (RUE FRANK",,,Plein jour,En agglomération,Intersection en T,Normale,Autre collision,,,,,,,,,,,1,2,3,1.0,6.0
201100036222,0011-07-08 11:10:00,11,7,8,11,10,590,599,FOREST (CHAUSSEE FERNAND,,,Plein jour,En agglomération,Intersection en T,Normale,Deux véhicules - arrière,,,,,,,,,,,1,2,3,1.0,2.0
201100036223,0011-07-14 11:50:00,11,7,14,11,50,590,599,"166, INGRES (RUE)",,,Plein jour,En agglomération,Intersection en T,Pluie légère,Deux véhicules - côté,,,,,,,,,,,1,2,3,2.0,3.0
201100036224,0011-07-15 15:30:00,11,7,15,15,30,590,279,"89, LINSELLES (ROUTE DE)",,,Plein jour,En agglomération,Hors intersection,Normale,Autre collision,,,,,,,,,,,1,2,1,1.0,6.0
201100036225,0011-07-10 19:15:00,11,7,10,19,15,590,599,FAGOT (RUE DU  MOULIN),,,Plein jour,En agglomération,Intersection en X,Normale,Deux véhicules - côté,,,,,,,,,,,1,2,2,1.0,3.0
201100036226,0011-07-16 16:30:00,11,7,16,16,30,590,599,LEHOUCQ (RUE FIDELE),,,Plein jour,En agglomération,Hors intersection,Pluie forte,Autre collision,,,,,,,,,,,1,2,1,3.0,6.0
201100036227,0011-07-20 10:45:00,11,7,20,10,45,590,421,"117, MARNE (BOULEVARD DE",,,Plein jour,En agglomération,Hors intersection,Normale,Deux véhicules - arrière,,,,,,,,,,,1,2,1,1.0,2.0
201100036228,0011-07-20 13:00:00,11,7,20,13,0,590,421,"11, MARNE (BOULEVARD DE",,,Plein jour,En agglomération,Intersection à plus de 4 branches,Normale,Deux véhicules - côté,,,,,,,,,,,1,2,5,1.0,3.0
201100036229,0011-07-22 05:30:00,11,7,22,5,30,590,599,FOREST (CHAUSSEE FERNAND,,,Crépuscule ou aube,En agglomération,Hors intersection,Pluie légère,Autre collision,,,,,,,,,,,2,2,1,2.0,6.0
201100036230,0011-07-24 16:15:00,11,7,24,16,15,590,599,"445, GAMBETTA (BOULEVARD",,,Plein jour,En agglomération,Hors intersection,Normale,Autre collision,,,,,,,,,,,1,2,1,1.0,6.0
201100036231,0011-07-28 11:45:00,11,7,28,11,45,590,599,GAMBETTA (BOULEVARD),,,Plein jour,En agglomération,Intersection en X,Normale,Deux véhicules - côté,,,,,,,,,,,1,2,2,1.0,3.0
201100036232,0011-07-29 05:50:00,11,7,29,5,50,590,98,LYS (RUE DE LA),,,Plein jour,Hors agglomération,Hors intersection,Temps couvert,Sans collision,,,,,,,,,,,1,1,1,8.0,7.0
201100036233,0011-08-01 21:25:00,11,8,1,21,25,590,279,"256, LILLE (RUE DE)",50.77542,3.12368,Crépuscule ou aube,En agglomération,Hors intersection,Normale,Deux véhicules - côté,,,,,,,,,,,2,2,1,1.0,3.0
201100036234,0011-09-02 11:00:00,11,9,2,11,0,590,279,"18, STADE (AVENUE DU)",,,Plein jour,En agglomération,Hors intersection,Normale,Autre collision,,,,,,,,,,,1,2,1,1.0,6.0
201100036235,0011-08-05 11:45:00,11,8,5,11,45,590,599,ALLENDE (AVENUE SALVADOR,,,Plein jour,En agglomération,Place,Normale,Autre collision,,,,,,,,,,,1,2,7,1.0,6.0
201100036236,0011-08-06 01:20:00,11,8,6,1,20,590,599,BRUN PAIN (RUE DU),,,Nuit avec éclairage allumé,En agglomération,Hors intersection,Normale,Autre collision,,,,,,,,,,,5,2,1,1.0,6.0
201100036237,0011-08-06 20:50:00,11,8,6,20,50,590,599,RONCQ (RUE DE),,,Crépuscule ou aube,En agglomération,Hors intersection,Pluie légère,Deux véhicules - arrière,,,,,,,,,,,2,2,1,2.0,2.0
201100036238,0011-08-17 11:10:00,11,8,17,11,10,590,599,PAPIN (CHAUSSEE DENIS),,,Plein jour,En agglomération,Intersection en X,Normale,Deux véhicules - arrière,,,,,,,,,,,1,2,2,1.0,2.0
201100036239,0011-08-17 20:40:00,11,8,17,20,40,590,599,PAPIN (CHAUSSEE DENIS),,,Plein jour,En agglomération,Hors intersection,Normale,Autre collision,,,,,,,,,,,1,2,1,1.0,6.0
201100036240,0011-08-17 19:00:00,11,8,17,19,0,590,426,RACCORDEMENT (VOIE DE),,,Plein jour,Hors agglomération,Intersection en T,Normale,Deux véhicules - côté,,,,,,,,,,,1,1,3,1.0,3.0
201100036241,0011-08-21 15:15:00,11,8,21,15,15,590,152,PROCESSIONS (RUE DES),,,Plein jour,En agglomération,Hors intersection,Normale,Autre collision,,,,,,,,,,,1,2,1,1.0,6.0
201100036242,0011-08-20 12:20:00,11,8,20,12,20,590,426,VERTUQUET (RUE DU),,,Plein jour,Hors agglomération,Intersection en T,Normale,Deux véhicules - côté,,,,,,,,,,,1,1,3,1.0,3.0
201100036243,0011-08-25 10:30:00,11,8,25,10,30,590,352,CASTELNAU (RUE),,,Plein jour,En agglomération,Intersection en T,Normale,Deux véhicules - côté,,,,,,,,,,,1,2,3,1.0,3.0
201100036244,0011-08-30 20:40:00,11,8,30,20,40,590,599,GRAMME (CHAUSSEE),,,Nuit avec éclairage allumé,En agglomération,Intersection en X,Normale,Deux véhicules - côté,,,,,,,,,,,5,2,2,1.0,3.0
201100036245,0011-09-02 17:30:00,11,9,2,17,30,590,90,GAULLE (AVENUE DU GENERA,,,Plein jour,En agglomération,Intersection en X,Normale,Deux véhicules - côté,,,,,,,,,,,1,2,2,1.0,3.0
201100036246,0011-09-02 17:40:00,11,9,2,17,40,590,352,QUESNOY (RUE),,,Plein jour,Hors agglomération,Intersection en X,Normale,Deux véhicules - côté,,,,,,,,,,,1,1,2,1.0,3.0
201100036247,0011-09-07 08:15:00,11,9,7,8,15,590,426,", VERTUQUET (RUE DU)",,,Plein jour,En agglomération,Intersection en X,Normale,Trois véhicules et plus - collisions multiples,,,,,,,,,,,1,2,2,1.0,5.0
201100036248,0011-09-09 10:10:00,11,9,9,10,10,590,279,PERI (RUE GABRIEL),,,Plein jour,En agglomération,Intersection en X,Normale,Deux véhicules - côté,,,,,,,,,,,1,2,2,1.0,3.0
201100036249,0011-09-10 09:30:00,11,9,10,9,30,590,599,BRUN PAIN (RUE DU),,,Plein jour,En agglomération,Hors intersection,Normale,Autre collision,,,,,,,,,,,1,2,1,1.0,6.0
201100036250,0011-09-11 01:45:00,11,9,11,1,45,590,426,RISQUONS TOUT (ROUTE DU),,,Nuit avec éclairage allumé,En agglomération,Intersection en X,Normale,Deux véhicules - côté,,,,,,,,,,,5,2,2,1.0,3.0
201100036251,0011-09-10 16:45:00,11,9,10,16,45,590,599,AVESNES (RUE D'),,,Plein jour,En agglomération,Intersection à plus de 4 branches,Normale,Deux véhicules - côté,,,,,,,,,,,1,2,5,1.0,3.0
201100036252,0011-09-19 15:30:00,11,9,19,15,30,590,279,LOISEL (CHEMIN DE),,,Plein jour,En agglomération,Hors intersection,Normale,Deux véhicules - côté,,,,,,,,,,,1,2,1,1.0,3.0
201100036253,0011-09-19 18:00:00,11,9,19,18,0,590,90,GAULLE (AVENUE DU GENERA,,,Plein jour,En agglomération,Hors intersection,Normale,Deux véhicules - côté,,,,,,,,,,,1,2,1,1.0,3.0
201100036254,0011-09-20 10:50:00,11,9,20,10,50,590,98,WERVICQ (RUE DE),,,Plein jour,En agglomération,Hors intersection,Normale,Deux véhicules - arrière,,,,,,,,,,,1,2,1,1.0,2.0
201100036255,0011-09-20 15:10:00,11,9,20,15,10,590,599,BRUN PAIN (RUE DU),,,Plein jour,En agglomération,Hors intersection,Normale,Autre collision,,,,,,,,,,,1,2,1,1.0,6.0
201100036256,0011-09-21 15:15:00,11,9,21,15,15,590,279,PRIMEVERES (RUE),,,Plein jour,En agglomération,Intersection en T,Normale,Autre collision,,,,,,,,,,,1,2,3,1.0,6.0
201100036257,0011-09-22 17:30:00,11,9,22,17,30,590,599,FOREST (CHAUSSEE FERNAND,,,Plein jour,En agglomération,Intersection en X,Normale,Deux véhicules - frontale,,,,,,,,,,,1,2,2,1.0,1.0
201100036258,0011-09-22 08:55:00,11,9,22,8,55,590,599,"28, CHOCQUEEL (RUE WINOC",,,Plein jour,En agglomération,Hors intersection,Normale,Deux véhicules - côté,,,,,,,,,,,1,2,1,1.0,3.0
201100036259,0011-09-25 19:50:00,11,9,25,19,50,590,152,REPUBLIQUE (RUE DE LA),,,Nuit avec éclairage allumé,En agglomération,Intersection en X,Normale,Deux véhicules - frontale,,,,,,,,,,,5,2,2,1.0,1.0
201100036260,0011-09-26 14:10:00,11,9,26,14,10,590,599,"32, GUISNES (RUE DE)",,,Plein jour,En agglomération,Hors intersection,Normale,Autre collision,,,,,,,,,,,1,2,1,1.0,6.0
201100036261,0011-09-28 04:55:00,11,9,28,4,55,590,279,NOLLET (RUE MARTHE),,,Nuit sans éclairage public,En agglomération,Intersection en T,Normale,Deux véhicules - côté,,,,,,,,,,,3,2,3,1.0,3.0
201100036262,0011-09-27 17:00:00,11,9,27,17,0,590,599,ALLENDE (AVENUE SALVADOR,,,Plein jour,En agglomération,Intersection en X,Normale,Deux véhicules - côté,,,,,,,,,,,1,2,2,1.0,3.0