accident_id,datetime,annee,mois,jour,heure,minute,departement,commune_insee,adresse,latitude,longitude,luminosite,agglomeration,intersection,meteo,collision,nb_vehicules,nb_usagers,nb_indemnes,nb_tues,nb_blesses_hosp,nb_blesses_legers,age_cond_1,age_cond_2,veh_type_cond_1,veh_type_cond_2,lum_code,agg_code,int_code,atm_code,col_code
201100036518,0011-08-22 07:25:00,11,8,22,7,25,600,159,RN1031,,,Plein jour,Hors agglomération,Hors intersection,Normale,Deux véhicules - frontale,,,,,,,,,,,1,1,1,1.0,1.0
201100036519,0011-08-24 18:35:00,11,8,24,18,35,600,159,"07, DELATTRE DE TASSIGNY",,,Plein jour,En agglomération,Intersection en T,Normale,Deux véhicules - côté,,,,,,,,,,,1,2,3,1.0,3.0
201100036520,0011-09-09 17:10:00,11,9,9,17,10,600,665,"03, MARTYRS (DES)",,,Plein jour,En agglomération,Hors intersection,Normale,Deux véhicules - arrière,,,,,,,,,,,1,2,1,1.0,2.0
201100036521,0011-09-09 18:10:00,11,9,9,18,10,600,665,RN 1031,,,Plein jour,Hors agglomération,Intersection en Y,Normale,Trois véhicules et plus - en chaîne,,,,,,,,,,,1,1,4,1.0,4.0
201100036522,0011-09-06 13:00:00,11,9,6,13,0,600,159,GARE (PL. DE LA),,,Plein jour,En agglomération,Hors intersection,Normale,Autre collision,,,,,,,,,,,1,2,1,1.0,6.0
201100036523,0011-10-22 01:35:00,11,10,22,1,35,600,159,"06, COUTTOLENC (ROGER)",,,Nuit sans éclairage public,En agglomération,Intersection en T,Normale,Deux véhicules - côté,,,,,,,,,,,3,2,3,1.0,3.0
201100036524,0011-11-03 18:40:00,11,11,3,18,40,600,159,"02, CALMETTE (DU DOCTEUR",,,Plein jour,En agglomération,Hors intersection,Normale,Autre collision,,,,,,,,,,,1,2,1,1.0,6.0
201100036525,0011-11-15 17:25:00,11,11,15,17,25,600,159,"79, SAINT-JOSEPH",,,Crépuscule ou aube,En agglomération,Hors intersection,Normale,Autre collision,,,,,,,,,,,2,2,1,1.0,6.0
201100036526,0011-11-28 16:25:00,11,11,28,16,25,600,159,"49 bis, MARTYRS-DE-LA-LI",,,Plein jour,En agglomération,Intersection en T,Normale,Deux véhicules - côté,,,,,,,,,,,1,2,3,1.0,3.0
201100036527,0011-11-28 17:25:00,11,11,28,17,25,600,159,", OTHENIN",,,Crépuscule ou aube,En agglomération,Intersection en T,Normale,Autre collision,,,,,,,,,,,2,2,3,1.0,6.0
201100036528,0011-12-27 17:55:00,11,12,27,17,55,600,665,EUROPE (AVENUE DE L'),,,Crépuscule ou aube,En agglomération,Hors intersection,Pluie légère,Autre collision,,,,,,,,,,,2,2,1,2.0,6.0
201100036529,0011-01-04 13:40:00,11,1,4,13,40,600,175,"0.001, HAVEZ (BOULEVARD",,,Plein jour,En agglomération,Hors intersection,Normale,Autre collision,,,,,,,,,,,1,2,1,1.0,6.0
201100036530,0011-01-17 19:15:00,11,1,17,19,15,600,175,HALATTE (AVENUE DE L'),,,Nuit avec éclairage allumé,En agglomération,Hors intersection,Temps couvert,Trois véhicules et plus - collisions multiples,,,,,,,,,,,5,2,1,8.0,5.0
201100036531,0011-02-02 19:05:00,11,2,2,19,5,600,175,"04, DUNANT (RUE HENRI)",,,Nuit avec éclairage allumé,En agglomération,Intersection en X,Normale,Autre collision,,,,,,,,,,,5,2,2,1.0,6.0
201100036532,0011-04-03 15:30:00,11,4,3,15,30,600,463,"24, ROOSVELT (AVENUE FRA",,,Plein jour,En agglomération,Hors intersection,Normale,Autre collision,,,,,,,,,,,1,2,1,1.0,6.0
201100036533,0011-04-05 15:30:00,11,4,5,15,30,600,175,"1, HAVEZ (BOULEVARD GABR",,,Plein jour,En agglomération,Giratoire,Normale,Deux véhicules - côté,,,,,,,,,,,1,2,6,1.0,3.0
201100036534,0011-04-08 22:35:00,11,4,8,22,35,600,175,"129, JAURES (RUE JEAN)",,,Nuit sans éclairage public,En agglomération,Hors intersection,Normale,Autre collision,,,,,,,,,,,3,2,1,1.0,6.0
201100036535,0011-04-27 17:30:00,11,4,27,17,30,600,175,MATERNITE (RUE DE LA),,,Plein jour,En agglomération,Intersection en T,Normale,Deux véhicules - frontale,,,,,,,,,,,1,2,3,1.0,1.0
201100036536,0011-05-10 19:40:00,11,5,10,19,40,600,175,CAWELL (RUE MISS EDITH),,,Plein jour,En agglomération,Hors intersection,Normale,Autre collision,,,,,,,,,,,1,2,1,1.0,6.0
201100036537,0011-05-18 18:50:00,11,5,18,18,50,600,175,"08, HIRONVALES (RUE DES)",,,Plein jour,En agglomération,Hors intersection,Normale,Deux véhicules - côté,,,,,,,,,,,1,2,1,1.0,3.0
201100036538,0011-05-24 10:10:00,11,5,24,10,10,600,175,"1, BRANLY (RUE EDOUARD)",,,Plein jour,En agglomération,Intersection en X,Normale,Autre collision,,,,,,,,,,,1,2,2,1.0,6.0
201100036539,0011-06-19 18:20:00,11,6,19,18,20,600,175,"1, ROBERT SCHUMANN (RUE)",,,Plein jour,En agglomération,Intersection en X,Normale,Deux véhicules - côté,,,,,,,,,,,1,2,2,1.0,3.0
201100036540,0011-06-22 00:45:00,11,6,22,0,45,600,175,RN 330_LIMITE SENLIS_PUV,,,Nuit sans éclairage public,Hors agglomération,Hors intersection,Normale,Autre collision,,,,,,,,,,,3,1,1,1.0,6.0
201100036541,0011-07-15 18:40:00,11,7,15,18,40,600,175,"0, JAURES (RUE JEAN)",,,Plein jour,En agglomération,Hors intersection,Normale,Deux véhicules - arrière,,,,,,,,,,,1,2,1,1.0,2.0
201100036542,0011-07-19 19:45:00,11,7,19,19,45,600,414,"136, BLANC (RUE LOUIS)",,,Plein jour,En agglomération,Hors intersection,Normale,Autre collision,,,,,,,,,,,1,2,1,1.0,6.0
201100036543,0011-07-27 16:45:00,11,7,27,16,45,600,175,RD1016,,,Plein jour,Hors agglomération,Giratoire,Pluie légère,Autre collision,,,,,,,,,,,1,1,6,2.0,6.0
201100036544,0011-07-29 12:35:00,11,7,29,12,35,600,175,DUNANT (RUE HENRI),,,Plein jour,En agglomération,Intersection en X,Normale,Deux véhicules - côté,,,,,,,,,,,1,2,2,1.0,3.0
201100036545,0011-08-08 18:10:00,11,8,8,18,10,600,414,"37, AVENUE GABRIEL PERI",,,Plein jour,En agglomération,Hors intersection,Normale,Sans collision,,,,,,,,,,,1,2,1,1.0,7.0
201100036546,0011-08-14 18:25:00,11,8,14,18,25,600,684,"52, UHRY (RUE JULES)",,,Plein jour,En agglomération,Hors intersection,Normale,Sans collision,,,,,,,,,,,1,2,1,1.0,7.0
201100036547,0011-09-03 09:45:00,11,9,3,9,45,600,175,"0, ALLENDE (BOULEVARD SA",,,Plein jour,En agglomération,Intersection en T,Normale,Deux véhicules - côté,,,,,,,,,,,1,2,3,1.0,3.0
201100036548,0011-09-03 16:00:00,11,9,3,16,0,600,175,"0, PASCAL (RUE BLAISE)",,,Plein jour,En agglomération,Intersection en X,Normale,Deux véhicules - côté,,,,,,,,,,,1,2,2,1.0,3.0
201100036549,0011-09-07 16:27:00,11,9,7,16,27,600,175,REPUBLIQUE (RUE DE LA),,,Plein jour,En agglomération,Hors intersection,Normale,Autre collision,,,,,,,,,,,1,2,1,1.0,6.0
201100036550,0011-09-08 20:45:00,11,9,8,20,45,600,463,"0, HUIT MAI (AVENUE DU)",,,Plein jour,En agglomération,Intersection en X,Normale,Deux véhicules - côté,,,,,,,,,,,1,2,2,1.0,3.0
201100036551,0011-09-24 14:35:00,11,9,24,14,35,600,684,"0, PAGNOL (RUE MARCEL)",,,Plein jour,En agglomération,Intersection en Y,Normale,Autre collision,,,,,,,,,,,1,2,4,1.0,6.0
201100036552,0011-10-02 15:55:00,11,10,2,15,55,600,414,"33, MOCQUET (AVENUE GUY)",,,Plein jour,En agglomération,Hors intersection,Normale,Deux véhicules - côté,,,,,,,,,,,1,2,1,1.0,3.0
201100036553,0011-10-05 17:05:00,11,10,5,17,5,600,175,"0, TREMBLAY (AVENUE DU)",,,Plein jour,En agglomération,Hors intersection,Normale,Deux véhicules - côté,,,,,,,,,,,1,2,1,1.0,3.0
201100036554,0011-10-10 21:55:00,11,10,10,21,55,600,414,"0, LIBERATION (AVENUE DE",,,Crépuscule ou aube,En agglomération,Hors intersection,Normale,Sans collision,,,,,,,,,,,2,2,1,1.0,7.0
201100036555,0011-10-19 04:55:00,11,10,19,4,55,600,414,SAINT LEU (ROUTE DE),,,Nuit avec éclairage allumé,En agglomération,Hors intersection,Normale,Deux véhicules - côté,,,,,,,,,,,5,2,1,1.0,3.0
201100036556,0011-10-19 15:40:00,11,10,19,15,40,600,175,"0, BLUM (RUE LEON)",,,Plein jour,En agglomération,Intersection en X,Temps couvert,Autre collision,,,,,,,,,,,1,2,2,8.0,6.0
201100036557,0011-10-23 21:10:00,11,10,23,21,10,600,175,RD 201_ACCES 201 PAR BD,,,Nuit sans éclairage public,Hors agglomération,Hors intersection,Normale,Sans collision,,,,,,,,,,,3,1,1,1.0,7.0
201100036558,0011-10-25 14:10:00,11,10,25,14,10,600,414,"0, LENINE (RUE)",,,Plein jour,En agglomération,Intersection en T,Normale,Autre collision,,,,,,,,,,,1,2,3,1.0,6.0
201100036559,0011-10-26 14:15:00,11,10,26,14,15,600,175,"9, BRANLY (RUE EDOUARD)",,,Plein jour,En agglomération,Hors intersection,Normale,Autre collision,,,,,,,,,,,1,2,1,1.0,6.0
201100036560,0011-10-29 21:10:00,11,10,29,21,10,600,463,"01, PROFESSEUR CALMETTE",,,Nuit avec éclairage allumé,En agglomération,Hors intersection,Pluie légère,Autre collision,,,,,,,,,,,5,2,1,2.0,6.0
201100036561,0011-10-29 23:10:00,11,10,29,23,10,600,175,RD 201_ROND POINT P.BLAN,,,Nuit sans éclairage public,Hors agglomération,Hors intersection,Pluie légère,Deux véhicules - côté,,,,,,,,,,,3,1,1,2.0,3.0
201100036562,0011-10-30 10:20:00,11,10,30,10,20,600,175,"0, REPUBLIQUE (RUE DE LA",,,Plein jour,En agglomération,Hors intersection,Normale,Autre collision,,,,,,,,,,,1,2,1,1.0,6.0
201100036563,0011-11-09 17:50:00,11,11,9,17,50,600,175,RD 201_PONT DE L'OISE_AP,,,Nuit avec éclairage allumé,Hors agglomération,Hors intersection,Normale,Deux véhicules - côté,,,,,,,,,,,5,1,1,1.0,3.0
201100036564,0011-11-10 13:15:00,11,11,10,13,15,600,414,"0, AIGUILLONS (CAVEE DES",,,Plein jour,En agglomération,Hors intersection,Normale,Deux véhicules - frontale,,,,,,,,,,,1,2,1,1.0,1.0
201100036565,0011-11-17 19:20:00,11,11,17,19,20,600,684,"0, JOLIOT CURIE (RUE FRE",,,Nuit avec éclairage allumé,Hors agglomération,Hors intersection,Temps couvert,Autre collision,,,,,,,,,,,5,1,1,8.0,6.0
201100036566,0011-11-23 13:45:00,11,11,23,13,45,600,175,"9, USINES (RUE DES)",,,Plein jour,En agglomération,Hors intersection,Normale,Autre collision,,,,,,,,,,,1,2,1,1.0,6.0
201100036567,0011-12-18 19:15:00,11,12,18,19,15,600,463,RN 16_LIMITE CNE NOGENT_,,,Nuit sans éclairage public,En agglomération,Autre intersection,Pluie forte,Deux véhicules - côté,,,,,,,,,,,3,2,9,3.0,3.0
201100036568,0011-01-27 17:10:00,11,1,27,17,10,610,1,"26, QUAKENBRUCK (AVENUE",,,Plein jour,En agglomération,Hors intersection,Normale,Autre collision,,,,,,,,,,,1,2,1,1.0,6.0
201100036569,0011-02-10 07:50:00,11,2,10,7,50,610,497,,,,Crépuscule ou aube,Hors agglomération,Hors intersection,Brouillard / fumée,Trois véhicules et plus - en chaîne,,,,,,,,,,,2,1,1,5.0,4.0
201100036570,0011-02-12 15:25:00,11,2,12,15,25,610,1,RUE D'ARGENTAN,,,Plein jour,En agglomération,Intersection en X,Normale,Deux véhicules - côté,,,,,,,,,,,1,2,2,1.0,3.0
201100036571,0011-02-18 07:40:00,11,2,18,7,40,610,497,,,,Crépuscule ou aube,Hors agglomération,Hors intersection,Brouillard / fumée,Deux véhicules - frontale,,,,,,,,,,,2,1,1,5.0,1.0
201100036572,0011-03-30 09:30:00,11,3,30,9,30,610,143,RD 26,,,Plein jour,En agglomération,Hors intersection,Normale,Sans collision,,,,,,,,,,,1,2,1,1.0,7.0
201100036573,0011-04-18 17:30:00,11,4,18,17,30,610,397,,,,Plein jour,Hors agglomération,Intersection en X,Normale,Deux véhicules - côté,,,,,,,,,,,1,1,2,1.0,3.0
201100036574,0011-05-19 15:25:00,11,5,19,15,25,610,397,"30, GENERAL LECLERC (RUE",,,Plein jour,En agglomération,Hors intersection,Normale,Deux véhicules - côté,,,,,,,,,,,1,2,1,1.0,3.0
201100036575,0011-05-20 17:35:00,11,5,20,17,35,610,1,"1, DEMEES (RUE)",,,Plein jour,En agglomération,Giratoire,Normale,Autre collision,,,,,,,,,,,1,2,6,1.0,6.0
201100036576,0011-06-01 18:00:00,11,6,1,18,0,610,143,RUE DU PONT DU FRESNE,,,Plein jour,En agglomération,Hors intersection,Normale,Autre collision,,,,,,,,,,,1,2,1,1.0,6.0
201100036577,0011-06-09 18:30:00,11,6,9,18,30,610,1,24 RUE DU GUE DE GESNE,,,Plein jour,En agglomération,Hors intersection,Normale,Autre collision,,,,,,,,,,,1,2,1,1.0,6.0
201100036578,0011-06-17 16:10:00,11,6,17,16,10,610,1,"1, MASSON (PLACE)",,,Plein jour,En agglomération,Hors intersection,Normale,Autre collision,,,,,,,,,,,1,2,1,1.0,6.0
201100036579,0011-07-04 13:25:00,11,7,4,13,25,610,1,BD DE LA REPUBLIQUE,,,Plein jour,En agglomération,Intersection en T,Normale,Deux véhicules - côté,,,,,,,,,,,1,2,3,1.0,3.0
201100036580,0011-07-21 12:15:00,11,7,21,12,15,610,1,"65, AV. GENERAL LECLERC",,,Plein jour,En agglomération,Hors intersection,Normale,Deux véhicules - côté,,,,,,,,,,,1,2,1,1.0,3.0
201100036581,0011-07-22 01:50:00,11,7,22,1,50,610,1,AV.LECLERC - BD KOUTIALA,,,Nuit avec éclairage allumé,En agglomération,Giratoire,Normale,Deux véhicules - côté,,,,,,,,,,,5,2,6,1.0,3.0
201100036582,0011-07-27 13:30:00,11,7,27,13,30,610,497,LA GRANGE,,,Plein jour,Hors agglomération,Hors intersection,Normale,Sans collision,,,,,,,,,,,1,1,1,1.0,7.0
201100036583,0011-07-29 19:35:00,11,7,29,19,35,610,117,LE PONT PERCE,,,Plein jour,Hors agglomération,Intersection en X,Normale,Deux véhicules - côté,,,,,,,,,,,1,1,2,1.0,3.0
201100036584,0011-08-11 11:05:00,11,8,11,11,5,610,1,"13, STRASBOURG (BOULEVAR",,,Plein jour,En agglomération,Hors intersection,Normale,Sans collision,,,,,,,,,,,1,2,1,1.0,7.0
201100036585,0011-08-31 16:30:00,11,8,31,16,30,610,1,MARTIN LUTHER KING ( RUE,,,Plein jour,En agglomération,Intersection en T,Normale,Deux véhicules - côté,,,,,,,,,,,1,2,3,1.0,3.0
201100036586,0011-09-26 06:50:00,11,9,26,6,50,610,1,"1, BASINGSTOKE (AVENUE D",,,Crépuscule ou aube,Hors agglomération,Intersection en X,Normale,Deux véhicules - côté,,,,,,,,,,,2,1,2,1.0,3.0
201100036587,0011-10-01 12:30:00,11,10,1,12,30,610,1,MAURES (RUE DU CHEMIN D,,,Plein jour,En agglomération,Intersection en T,Normale,Deux véhicules - côté,,,,,,,,,,,1,2,3,1.0,3.0
201100036588,0011-10-19 14:15:00,11,10,19,14,15,610,1,"17, EDOUARD HERRIOT",,,Plein jour,En agglomération,Hors intersection,Normale,Autre collision,,,,,,,,,,,1,2,1,1.0,6.0
201100036589,0011-11-01 15:46:00,11,11,1,15,46,610,117,MOULIN A VENT ( RUE DU ),,,Plein jour,Hors agglomération,Hors intersection,Normale,Deux véhicules - côté,,,,,,,,,,,1,1,1,1.0,3.0
201100036590,0011-11-12 12:05:00,11,11,12,12,5,610,117,Laleu,,,Plein jour,En agglomération,Intersection en X,Normale,Deux véhicules - côté,,,,,,,,,,,1,2,2,1.0,3.0
201100036591,0011-11-18 13:50:00,11,11,18,13,50,610,1,"01, ALBERT 1ER (RUE)",,,Plein jour,Hors agglomération,Hors intersection,Normale,Autre collision,,,,,,,,,,,1,1,1,1.0,6.0
201100036592,0011-11-26 18:10:00,11,11,26,18,10,610,1,"0, KOUTIALA (BOULEVARD)",,,Crépuscule ou aube,Hors agglomération,Intersection en X,Normale,Deux véhicules - côté,,,,,,,,,,,2,1,2,1.0,3.0
201100036593,0011-12-09 02:00:00,11,12,9,2,0,610,1,L'ABREUVOIR (RUE DE),,,Nuit avec éclairage allumé,En agglomération,Intersection en X,Normale,Autre collision,,,,,,,,,,,5,2,2,1.0,6.0
201100036594,0011-12-11 03:35:00,11,12,11,3,35,610,117,Rue du moulin ? vent,,,Nuit avec éclairage allumé,Hors agglomération,Intersection en X,Normale,Deux véhicules - côté,,,,,,,,,,,5,1,2,1.0,3.0
201100036595,0011-12-10 16:40:00,11,12,10,16,40,610,1,"17, COLBERT (BOULEVARD)",,,Plein jour,En agglomération,Hors intersection,Normale,Autre collision,,,,,,,,,,,1,2,1,1.0,6.0
201100036596,0011-12-19 00:15:00,11,12,19,0,15,610,117,"55, ALPES MANCELLES",,,Nuit avec éclairage allumé,Hors agglomération,Hors intersection,Temps couvert,Deux véhicules - frontale,,,,,,,,,,,5,1,1,8.0,1.0
201100036597,0011-12-22 11:40:00,11,12,22,11,40,610,1,QUAKENBRUCK (AVENUE DE ),,,Plein jour,En agglomération,Hors intersection,Normale,Deux véhicules - arrière,,,,,,,,,,,1,2,1,1.0,2.0
201100036598,0011-08-09 20:50:00,11,8,9,20,50,610,6,PETITS FOSSES (RUE DES),,,Plein jour,En agglomération,Intersection en X,Normale,Deux véhicules - côté,,,,,,,,,,,1,2,2,1.0,3.0
201100036599,0011-08-16 22:55:00,11,8,16,22,55,610,6,"24, PETITS FOSSES (RUE D",,,Nuit avec éclairage allumé,En agglomération,Hors intersection,Normale,Sans collision,,,,,,,,,,,5,2,1,1.0,7.0
201100036600,0011-04-11 08:55:00,11,4,11,8,55,610,6,"21, PIERRE BEREGOVOY",,,Plein jour,En agglomération,Giratoire,Normale,Autre collision,,,,,,,,,,,1,2,6,1.0,6.0
201100036601,0011-04-13 22:13:00,11,4,13,22,13,610,6,SEES (ROUTE DE),,,Nuit sans éclairage public,Hors agglomération,Hors intersection,Normale,Autre collision,,,,,,,,,,,3,1,1,1.0,6.0
201100036602,0011-04-09 11:30:00,11,4,9,11,30,610,6,"18, RUE REPUBLIQUE",,,Plein jour,En agglomération,Hors intersection,Normale,Autre collision,,,,,,,,,,,1,2,1,1.0,6.0
201100036603,0011-04-27 14:55:00,11,4,27,14,55,610,6,ROUTE DE FALAISE,,,Plein jour,En agglomération,Intersection en T,Normale,Autre collision,,,,,,,,,,,1,2,3,1.0,6.0
201100036604,0011-05-11 13:40:00,11,5,11,13,40,610,6,RUE DES BATTAGES,,,Plein jour,En agglomération,Intersection en T,Normale,Deux véhicules - côté,,,,,,,,,,,1,2,3,1.0,3.0
201100036605,0011-06-27 08:35:00,11,6,27,8,35,610,6,"face 26, JEANNE D'ARC (R",,,Plein jour,En agglomération,Intersection en T,Temps couvert,Deux véhicules - côté,,,,,,,,,,,1,2,3,8.0,3.0
201100036606,0011-09-26 18:20:00,11,9,26,18,20,610,6,"0, FONTAINES (RUE DES)",,,Plein jour,En agglomération,Intersection en X,Normale,Deux véhicules - côté,,,,,,,,,,,1,2,2,1.0,3.0
201100036607,0011-10-22 13:45:00,11,10,22,13,45,610,6,2EME D.B. (AVENUE DE LA),,,Plein jour,En agglomération,Intersection en T,Normale,Deux véhicules - côté,,,,,,,,,,,1,2,3,1.0,3.0
201100036608,0011-10-28 14:40:00,11,10,28,14,40,610,6,"23, BEREGOVOY (RUE PIERR",,,Plein jour,En agglomération,Hors intersection,Normale,Sans collision,,,,,,,,,,,1,2,1,1.0,7.0
201100036609,0011-11-21 13:30:00,11,11,21,13,30,610,6,KOENIG (BD DU GENERAL) C,,,Plein jour,En agglomération,Giratoire,Normale,Deux véhicules - côté,,,,,,,,,,,1,2,6,1.0,3.0
201100036610,0011-11-02 15:50:00,11,11,2,15,50,610,6,PETITS FOSSES (RUE DES),,,Plein jour,En agglomération,Hors intersection,Normale,Autre collision,,,,,,,,,,,1,2,1,1.0,6.0
201100036611,0011-12-09 07:40:00,11,12,9,7,40,610,6,BEREGOVOY (RUE PIERRE) C,,,Nuit avec éclairage allumé,En agglomération,Giratoire,Temps couvert,Deux véhicules - côté,,,,,,,,,,,5,2,6,8.0,3.0
201100036612,0011-11-29 23:50:00,11,11,29,23,50,610,6,"19, 2EME D.B. (AVENUE DE",,,Nuit avec éclairage allumé,En agglomération,Hors intersection,Temps couvert,Deux véhicules - arrière,,,,,,,,,,,5,2,1,8.0,2.0
201100036613,0011-06-20 12:03:00,11,6,20,12,3,610,6,"07, MEZERETTE (RUE) COTE",,,Plein jour,En agglomération,Hors intersection,Normale,Autre collision,,,,,,,,,,,1,2,1,1.0,6.0
201100036614,0011-07-05 19:25:00,11,7,5,19,25,610,6,AVENUE DE LA 2EME DB,,,Plein jour,En agglomération,Hors intersection,Pluie légère,Autre collision,,,,,,,,,,,1,2,1,2.0,6.0
201100036615,0011-01-06 08:15:00,11,1,6,8,15,610,169,"197, RUE DE DOMFRONT",,,Nuit avec éclairage allumé,En agglomération,Intersection en T,Pluie forte,Autre collision,,,,,,,,,,,5,2,3,3.0,6.0
201100036616,0011-02-12 23:25:00,11,2,12,23,25,610,169,"37, RUE DE LA PLANCHETTE",,,Nuit avec éclairage allumé,En agglomération,Hors intersection,Normale,Autre collision,,,,,,,,,,,5,2,1,1.0,6.0
201100036617,0011-02-11 23:20:00,11,2,11,23,20,610,169,,,,Nuit sans éclairage public,Hors agglomération,Hors intersection,Normale,Deux véhicules - frontale,,,,,,,,,,,3,1,1,1.0,1.0
201100036618,0011-03-22 14:35:00,11,3,22,14,35,610,169,"24, RUE RICHARD LENOIR",,,Plein jour,En agglomération,Hors intersection,Normale,Autre collision,,,,,,,,,,,1,2,1,1.0,6.0
201100036619,0011-03-23 11:35:00,11,3,23,11,35,610,169,"19, RUE RICHARD LENOIR",,,Plein jour,En agglomération,Hors intersection,Normale,Autre collision,,,,,,,,,,,1,2,1,1.0,6.0
201100036620,0011-04-02 20:00:00,11,4,2,20,0,610,391,"27, RUE DES CANADIENS",,,Plein jour,En agglomération,Intersection en X,Temps couvert,Deux véhicules - côté,,,,,,,,,,,1,2,2,8.0,3.0
201100036621,0011-05-26 17:15:00,11,5,26,17,15,610,391,"7, FLERS (RUE DE)",,,Plein jour,En agglomération,Hors intersection,Normale,Autre collision,,,,,,,,,,,1,2,1,1.0,6.0
201100036622,0011-06-11 17:15:00,11,6,11,17,15,610,169,RUE SCHNETZ,,,Plein jour,En agglomération,Autre intersection,Normale,Deux véhicules - côté,,,,,,,,,,,1,2,9,1.0,3.0
201100036623,0011-06-29 14:30:00,11,6,29,14,30,610,169,"53, SIX JUIN (RUE DU)",,,Plein jour,En agglomération,Hors intersection,Normale,Autre collision,,,,,,,,,,,1,2,1,1.0,6.0
201100036624,0011-11-10 09:15:00,11,11,10,9,15,610,175,BOIS DE PERCEY (LES),,,Plein jour,Hors agglomération,Autre intersection,Normale,Deux véhicules - arrière,,,,,,,,,,,1,1,9,1.0,2.0
201100036625,0011-12-08 17:10:00,11,12,8,17,10,610,169,"56, BELFORT (RUE DE)",,,Nuit avec éclairage allumé,En agglomération,Hors intersection,Pluie légère,Autre collision,,,,,,,,,,,5,2,1,2.0,6.0
201100036626,0011-12-22 18:30:00,11,12,22,18,30,610,169,"2, FERRIERE PERCY (RUE D",,,Nuit avec éclairage allumé,En agglomération,Intersection en X,Pluie légère,Sans collision,,,,,,,,,,,5,2,2,2.0,7.0
201100036627,0011-01-13 06:20:00,11,1,13,6,20,620,99,D 60,,,Nuit sans éclairage public,Hors agglomération,Hors intersection,Pluie légère,Deux véhicules - côté,,,,,,,,,,,3,1,1,2.0,3.0
201100036628,0011-02-26 18:30:00,11,2,26,18,30,620,41,"0, ZOLA ( EMILE )",,,Crépuscule ou aube,En agglomération,Intersection en T,Pluie légère,Deux véhicules - côté,,,,,,,,,,,2,2,3,2.0,3.0
201100036629,0011-03-10 12:10:00,11,3,10,12,10,620,41,"6, RUE CLAUDE BERNARD",,,Plein jour,En agglomération,Hors intersection,Normale,Deux véhicules - côté,,,,,,,,,,,1,2,1,1.0,3.0
201100036630,0011-04-07 19:55:00,11,4,7,19,55,620,263,"0, Rue du 19 Mars 1962",,,Plein jour,En agglomération,Hors intersection,Normale,Autre collision,,,,,,,,,,,1,2,1,1.0,6.0
201100036631,0011-04-24 21:00:00,11,4,24,21,0,620,753,"2, R D 260",,,Nuit avec éclairage allumé,En agglomération,Hors intersection,Normale,Sans collision,,,,,,,,,,,5,2,1,1.0,7.0
201100036632,0011-04-26 15:25:00,11,4,26,15,25,620,41,"82, RUE GEORGES AUPHELLE",,,Plein jour,En agglomération,Hors intersection,Normale,Deux véhicules - arrière,,,,,,,,,,,1,2,1,1.0,2.0
201100036633,0011-05-06 14:40:00,11,5,6,14,40,620,41,"0, SCHUMAN ( ROBERT )",,,Plein jour,En agglomération,Hors intersection,Normale,Autre collision,,,,,,,,,,,1,2,1,1.0,6.0
201100036634,0011-05-05 08:00:00,11,5,5,8,0,620,41,"12, CAMBRAI (DE)",,,Plein jour,En agglomération,Intersection en T,Normale,Deux véhicules - côté,,,,,,,,,,,1,2,3,1.0,3.0
201100036635,0011-05-06 11:00:00,11,5,6,11,0,620,263,WARLUS ( ROUTE DE),,,Plein jour,Hors agglomération,Hors intersection,Normale,Sans collision,,,,,,,,,,,1,1,1,1.0,7.0
201100036636,0011-05-11 23:15:00,11,5,11,23,15,620,764,"0, RD 917",,,Nuit avec éclairage allumé,Hors agglomération,Hors intersection,Normale,Sans collision,,,,,,,,,,,5,1,1,1.0,7.0
201100036637,0011-05-12 16:35:00,11,5,12,16,35,620,41,DOUMER (PAUL),,,Plein jour,En agglomération,Intersection en X,Normale,Autre collision,,,,,,,,,,,1,2,2,1.0,6.0
201100036638,0011-05-17 21:10:00,11,5,17,21,10,620,41,"67, CAMBRAI (DE)",,,Crépuscule ou aube,En agglomération,Intersection en T,Normale,Deux véhicules - côté,,,,,,,,,,,2,2,3,1.0,3.0
201100036639,0011-05-18 15:50:00,11,5,18,15,50,620,41,"67, CAMBRAI (DE)",,,Crépuscule ou aube,En agglomération,Intersection en T,Normale,Deux véhicules - côté,,,,,,,,,,,2,2,3,1.0,3.0
201100036640,0011-07-22 11:55:00,11,7,22,11,55,620,753,RD 950,,,Plein jour,Hors agglomération,Hors intersection,Pluie légère,Autre collision,,,,,,,,,,,1,1,1,2.0,6.0
201100036641,0011-08-10 14:25:00,11,8,10,14,25,620,99,CD 919,,,Plein jour,Hors agglomération,Hors intersection,Normale,Sans collision,,,,,,,,,,,1,1,1,1.0,7.0
201100036642,0011-09-03 12:35:00,11,9,3,12,35,620,41,"42, GRIGNY ( DE )",,,Plein jour,En agglomération,Hors intersection,Normale,Autre collision,,,,,,,,,,,1,2,1,1.0,6.0
201100036643,0011-09-23 12:10:00,11,9,23,12,10,620,4,"0, BUCQUOY ( ROUTE DE )",,,Plein jour,En agglomération,Giratoire,Normale,Deux véhicules - côté,,,,,,,,,,,1,2,6,1.0,3.0
201100036644,0011-10-05 11:35:00,11,10,5,11,35,620,41,"0, HIRONDELLES ( DES )",,,Plein jour,En agglomération,Giratoire,Normale,Deux véhicules - côté,,,,,,,,,,,1,2,6,1.0,3.0
201100036645,0011-10-08 04:25:00,11,10,8,4,25,620,41,"0, ST MICHEL",,,Nuit avec éclairage allumé,En agglomération,Intersection en X,Normale,Deux véhicules - côté,,,,,,,,,,,5,2,2,1.0,3.0
201100036646,0011-10-14 21:25:00,11,10,14,21,25,620,41,"5, ALBERT 1ER DE BELGIQU",,,Nuit avec éclairage allumé,En agglomération,Hors intersection,Normale,Sans collision,,,,,,,,,,,5,2,1,1.0,7.0