accident_id,datetime,annee,mois,jour,heure,minute,departement,commune_insee,adresse,latitude,longitude,luminosite,agglomeration,intersection,meteo,collision,nb_vehicules,nb_usagers,nb_indemnes,nb_tues,nb_blesses_hosp,nb_blesses_legers,age_cond_1,age_cond_2,veh_type_cond_1,veh_type_cond_2,lum_code,agg_code,int_code,atm_code,col_code
201100036647,0011-10-25 08:20:00,11,10,25,8,20,620,41,"0, HIPPODROME (AV DE L')",,,Crépuscule ou aube,En agglomération,Hors intersection,Normale,Autre collision,,,,,,,,,,,2,2,1,1.0,6.0
201100036648,0011-11-04 17:15:00,11,11,4,17,15,620,41,"0, CHARDONNERETS",,,Crépuscule ou aube,En agglomération,Intersection en X,Normale,Autre collision,,,,,,,,,,,2,2,2,1.0,6.0
201100036649,0011-11-22 17:50:00,11,11,22,17,50,620,753,"13 bis, RUE HENRI BARBUS",,,Crépuscule ou aube,En agglomération,Hors intersection,Pluie légère,Autre collision,,,,,,,,,,,2,2,1,2.0,6.0
201100036650,0011-01-18 01:30:00,11,1,18,1,30,620,532,"109, Joseph CARLIER",,,Nuit avec éclairage allumé,En agglomération,Hors intersection,Pluie légère,Autre collision,,,,,,,,,,,5,2,1,2.0,6.0
201100036651,0011-04-20 13:35:00,11,4,20,13,35,620,48,CD 183 E,,,Plein jour,En agglomération,Intersection en X,Temps éblouissant,Trois véhicules et plus - collisions multiples,,,,,,,,,,,1,2,2,7.0,5.0
201100036652,0011-05-21 12:00:00,11,5,21,12,0,620,48,"100, BEUGNET (CASIMIR)",,,Plein jour,En agglomération,Hors intersection,Normale,Autre collision,,,,,,,,,,,1,2,1,1.0,6.0
201100036653,0011-06-11 20:55:00,11,6,11,20,55,620,516,HAYE ( rue de la),,,Plein jour,Hors agglomération,Hors intersection,Normale,Autre collision,,,,,,,,,,,1,1,1,1.0,6.0
201100036654,0011-06-23 19:20:00,11,6,23,19,20,620,516,"1, F.F.I. PLACE",,,Plein jour,En agglomération,Intersection en Y,Normale,Deux véhicules - côté,,,,,,,,,,,1,2,4,1.0,3.0
201100036655,0011-07-31 18:50:00,11,7,31,18,50,620,516,"1, PRINCIPALE-MANQUEVILL",,,Plein jour,En agglomération,Hors intersection,Normale,Autre collision,,,,,,,,,,,1,2,1,1.0,6.0
201100036656,0011-09-16 22:00:00,11,9,16,22,0,620,328,"56, 19 MARS 1962",,,Nuit avec éclairage allumé,En agglomération,Hors intersection,Normale,Autre collision,,,,,,,,,,,5,2,1,1.0,6.0
201100036657,0011-09-19 20:25:00,11,9,19,20,25,620,48,LAMENDIN (ARTHUR),,,Crépuscule ou aube,En agglomération,Intersection en T,Normale,Autre collision,,,,,,,,,,,2,2,3,1.0,6.0
201100036658,0011-10-13 17:50:00,11,10,13,17,50,620,48,LAMENDIN (ARTHUR),,,Plein jour,En agglomération,Intersection en X,Normale,Trois véhicules et plus - collisions multiples,,,,,,,,,,,1,2,2,1.0,5.0
201100036659,0011-10-18 19:00:00,11,10,18,19,0,620,516,DEKEYSER ( ADOLPHE) RUE,,,Crépuscule ou aube,En agglomération,Hors intersection,Normale,Deux véhicules - côté,,,,,,,,,,,2,2,1,1.0,3.0
201100036660,0011-11-12 01:10:00,11,11,12,1,10,620,48,"210, LAMENDIN (ARTHUR)",,,Nuit avec éclairage allumé,En agglomération,Hors intersection,Normale,Autre collision,,,,,,,,,,,5,2,1,1.0,6.0
201100036661,0011-12-15 17:40:00,11,12,15,17,40,620,516,PARIS ( Bld) DE,,,Nuit avec éclairage allumé,En agglomération,Hors intersection,Pluie légère,Autre collision,,,,,,,,,,,5,2,1,2.0,6.0
201100036662,0011-01-14 20:05:00,11,1,14,20,5,620,724,FOSSE DEUX ( BOULEVARD),,,Nuit avec éclairage allumé,En agglomération,Intersection en X,Pluie légère,Deux véhicules - côté,,,,,,,,,,,5,2,2,2.0,3.0
201100036663,0011-01-22 19:05:00,11,1,22,19,5,620,65,"31, LANNOY (RENE)",,,Nuit avec éclairage allumé,En agglomération,Hors intersection,Temps couvert,Sans collision,,,,,,,,,,,5,2,1,8.0,7.0
201100036664,0011-02-12 12:36:00,11,2,12,12,36,620,65,HELLE CHARLES,,,Plein jour,En agglomération,Intersection en X,Normale,Deux véhicules - côté,,,,,,,,,,,1,2,2,1.0,3.0
201100036665,0011-02-20 00:30:00,11,2,20,0,30,620,65,LANNOY (RENE),,,Nuit avec éclairage allumé,En agglomération,Hors intersection,Pluie légère,Autre collision,,,,,,,,,,,5,2,1,2.0,6.0
201100036666,0011-02-23 23:40:00,11,2,23,23,40,620,570,VOLTAIRE,,,Nuit avec éclairage allumé,En agglomération,Intersection en X,Normale,Autre collision,,,,,,,,,,,5,2,2,1.0,6.0
201100036667,0011-03-26 14:58:00,11,3,26,14,58,620,570,CD 40,,,Plein jour,Hors agglomération,Hors intersection,Normale,Autre collision,,,,,,,,,,,1,1,1,1.0,6.0
201100036668,0011-04-04 20:45:00,11,4,4,20,45,620,277,LA FONTAINE,,,Nuit avec éclairage allumé,En agglomération,Intersection en T,Normale,Autre collision,,,,,,,,,,,5,2,3,1.0,6.0
201100036669,0011-04-06 17:45:00,11,4,6,17,45,620,724,"278, FOSSE DEUX ( BOULEV",,,Plein jour,En agglomération,Hors intersection,Normale,Deux véhicules - côté,,,,,,,,,,,1,2,1,1.0,3.0
201100036670,0011-04-14 15:15:00,11,4,14,15,15,620,65,"35, BASLY (EMILE)",,,Plein jour,En agglomération,Intersection en X,Normale,Deux véhicules - côté,,,,,,,,,,,1,2,2,1.0,3.0
201100036671,0011-04-22 19:50:00,11,4,22,19,50,620,65,FALCONET,,,Plein jour,En agglomération,Intersection en Y,Normale,Autre collision,,,,,,,,,,,1,2,4,1.0,6.0
201100036672,0011-04-30 10:30:00,11,4,30,10,30,620,277,CD 40 E,,,Plein jour,Hors agglomération,Giratoire,Normale,Autre collision,,,,,,,,,,,1,1,6,1.0,6.0
201100036673,0011-05-05 17:24:00,11,5,5,17,24,620,277,CD 40 E,,,Plein jour,Hors agglomération,Hors intersection,Normale,Autre collision,,,,,,,,,,,1,1,1,1.0,6.0
201100036674,0011-05-16 18:55:00,11,5,16,18,55,620,65,"2, PREVERT (JACQUES)",,,Plein jour,En agglomération,Hors intersection,Normale,Sans collision,,,,,,,,,,,1,2,1,1.0,7.0
201100036675,0011-05-22 21:25:00,11,5,22,21,25,620,724,ACHEVILLE (ROUTE D'),,,Crépuscule ou aube,En agglomération,Hors intersection,Normale,Deux véhicules - côté,,,,,,,,,,,2,2,1,1.0,3.0
201100036676,0011-05-22 16:00:00,11,5,22,16,0,620,570,"90, SIMON (PIERRE)",,,Plein jour,En agglomération,Intersection en T,Normale,Deux véhicules - côté,,,,,,,,,,,1,2,3,1.0,3.0
201100036677,0011-05-31 16:25:00,11,5,31,16,25,620,277,"178, ARRAS",,,Plein jour,En agglomération,Hors intersection,Normale,Autre collision,,,,,,,,,,,1,2,1,1.0,6.0
201100036678,0011-06-09 19:05:00,11,6,9,19,5,620,65,"12, LEMERCIER",,,Plein jour,En agglomération,Intersection en X,Normale,Deux véhicules - côté,,,,,,,,,,,1,2,2,1.0,3.0
201100036679,0011-06-11 20:40:00,11,6,11,20,40,620,570,"9, ARAGO",,,Plein jour,En agglomération,Hors intersection,Normale,Autre collision,,,,,,,,,,,1,2,1,1.0,6.0
201100036680,0011-06-18 17:55:00,11,6,18,17,55,620,724,D 46,,,Plein jour,Hors agglomération,Hors intersection,Temps couvert,Autre collision,,,,,,,,,,,1,1,1,8.0,6.0
201100036681,0011-06-21 10:45:00,11,6,21,10,45,620,570,"34, DESMOULIN (CAMILLE)",,,Plein jour,En agglomération,Intersection en T,Normale,Deux véhicules - côté,,,,,,,,,,,1,2,3,1.0,3.0
201100036682,0011-06-23 08:58:00,11,6,23,8,58,620,570,DIX MARS (AVENUE DU),,,Plein jour,En agglomération,Hors intersection,Normale,Deux véhicules - arrière,,,,,,,,,,,1,2,1,1.0,2.0
201100036683,0011-07-14 04:20:00,11,7,14,4,20,620,277,"69, ARRAS",,,Nuit avec éclairage allumé,En agglomération,Hors intersection,Temps couvert,Autre collision,,,,,,,,,,,5,2,1,8.0,6.0
201100036684,0011-07-14 14:40:00,11,7,14,14,40,620,277,IZEL,,,Plein jour,Hors agglomération,Hors intersection,Temps couvert,Sans collision,,,,,,,,,,,1,1,1,8.0,7.0
201100036685,0011-08-22 21:30:00,11,8,22,21,30,620,65,PERI (GABRIEL BD),,,Nuit avec éclairage allumé,En agglomération,Intersection en X,Pluie légère,Deux véhicules - côté,,,,,,,,,,,5,2,2,2.0,3.0
201100036686,0011-09-17 22:15:00,11,9,17,22,15,620,570,"20, VERNE (JULES)",,,Nuit sans éclairage public,En agglomération,Hors intersection,Temps couvert,Autre collision,,,,,,,,,,,3,2,1,8.0,6.0
201100036687,0011-09-14 17:40:00,11,9,14,17,40,620,65,LANGUEDOC,,,Plein jour,En agglomération,Intersection en T,Pluie légère,Autre collision,,,,,,,,,,,1,2,3,2.0,6.0
201100036688,0011-09-25 15:10:00,11,9,25,15,10,620,570,"34, PASTEUR",,,Plein jour,En agglomération,Intersection en T,Normale,Deux véhicules - frontale,,,,,,,,,,,1,2,3,1.0,1.0
201100036689,0011-09-28 16:50:00,11,9,28,16,50,620,65,"100, PERI (GABRIEL BD)",,,Plein jour,En agglomération,Hors intersection,Normale,Autre collision,,,,,,,,,,,1,2,1,1.0,6.0
201100036690,0011-09-30 12:15:00,11,9,30,12,15,620,65,"50, SALINGUE PERE ET FIL",,,Plein jour,En agglomération,Autre intersection,Normale,Autre collision,,,,,,,,,,,1,2,9,1.0,6.0
201100036691,0011-10-11 07:10:00,11,10,11,7,10,620,277,"00, ARRAS",,,Crépuscule ou aube,En agglomération,Intersection en X,Pluie légère,Autre collision,,,,,,,,,,,2,2,2,2.0,6.0
201100036692,0011-10-13 17:15:00,11,10,13,17,15,620,570,"20, SIMON (PIERRE)",,,Plein jour,En agglomération,Hors intersection,Normale,Autre collision,,,,,,,,,,,1,2,1,1.0,6.0
201100036693,0011-10-18 13:40:00,11,10,18,13,40,620,724,"163, DE GAULLE (DU GENER",,,Plein jour,En agglomération,Intersection en X,Normale,Autre collision,,,,,,,,,,,1,2,2,1.0,6.0
201100036694,0011-10-26 14:30:00,11,10,26,14,30,620,724,REZE,,,Plein jour,En agglomération,Hors intersection,Normale,Deux véhicules - côté,,,,,,,,,,,1,2,1,1.0,3.0
201100036695,0011-11-19 18:45:00,11,11,19,18,45,620,65,"12, FLANDRES",,,Nuit avec éclairage allumé,En agglomération,Hors intersection,Normale,Autre collision,,,,,,,,,,,5,2,1,1.0,6.0
201100036696,0011-11-27 19:35:00,11,11,27,19,35,620,724,D 46,,,Nuit avec éclairage allumé,En agglomération,Hors intersection,Normale,Deux véhicules - arrière,,,,,,,,,,,5,2,1,1.0,2.0
201100036697,0011-01-22 13:15:00,11,1,22,13,15,620,688,MONTREUIL (RUE DE),,,Plein jour,Hors agglomération,Hors intersection,Normale,Autre collision,,,,,,,,,,,1,1,1,1.0,6.0
201100036698,0011-02-02 12:05:00,11,2,2,12,5,620,108,"71, IMPERATRICE",,,Plein jour,En agglomération,Hors intersection,Normale,Autre collision,,,,,,,,,,,1,2,1,1.0,6.0
201100036699,0011-02-18 15:10:00,11,2,18,15,10,620,108,SIMON DUBOIS,,,Plein jour,En agglomération,Intersection en X,Normale,Deux véhicules - côté,,,,,,,,,,,1,2,2,1.0,3.0
201100036700,0011-03-15 09:30:00,11,3,15,9,30,620,108,PARIS,,,Plein jour,En agglomération,Giratoire,Normale,Autre collision,,,,,,,,,,,1,2,6,1.0,6.0
201100036701,0011-03-15 12:15:00,11,3,15,12,15,620,108,"88, IMPERATRICE",,,Plein jour,En agglomération,Hors intersection,Normale,Autre collision,,,,,,,,,,,1,2,1,1.0,6.0
201100036702,0011-05-04 07:45:00,11,5,4,7,45,620,108,"29, PLAINE RANDON",,,Plein jour,En agglomération,Hors intersection,Normale,Deux véhicules - côté,,,,,,,,,,,1,2,1,1.0,3.0
201100036703,0011-05-05 14:50:00,11,5,5,14,50,620,108,"25, SAINT PAUL",,,Plein jour,En agglomération,Autre intersection,Normale,Sans collision,,,,,,,,,,,1,2,9,1.0,7.0
201100036704,0011-05-28 16:25:00,11,5,28,16,25,620,108,CD940,,,Plein jour,Hors agglomération,Hors intersection,Temps couvert,Deux véhicules - côté,,,,,,,,,,,1,1,1,8.0,3.0
201100036705,0011-05-28 17:45:00,11,5,28,17,45,620,108,"94, IMPERATRICE",,,Plein jour,En agglomération,Intersection en T,Normale,Autre collision,,,,,,,,,,,1,2,3,1.0,6.0
201100036706,0011-07-03 18:55:00,11,7,3,18,55,620,108,MANCHE,,,Plein jour,En agglomération,Intersection en X,Normale,Deux véhicules - côté,,,,,,,,,,,1,2,2,1.0,3.0
201100036707,0011-08-04 19:00:00,11,8,4,19,0,620,688,MERLIMONT (ROUTE DE),,,Plein jour,En agglomération,Hors intersection,Pluie légère,Deux véhicules - côté,,,,,,,,,,,1,2,1,2.0,3.0
201100036708,0011-08-19 09:50:00,11,8,19,9,50,620,108,GENERAL DE GAULLE,,,Plein jour,En agglomération,Hors intersection,Normale,Deux véhicules - côté,,,,,,,,,,,1,2,1,1.0,3.0
201100036709,0011-08-24 16:50:00,11,8,24,16,50,620,108,RD303,,,Plein jour,En agglomération,Giratoire,Normale,Autre collision,,,,,,,,,,,1,2,6,1.0,6.0
201100036710,0011-09-30 14:20:00,11,9,30,14,20,620,688,MERLIMONT (ROUTE DE),,,Plein jour,En agglomération,Intersection en X,Normale,Trois véhicules et plus - collisions multiples,,,,,,,,,,,1,2,2,1.0,5.0
201100036711,0011-10-28 18:00:00,11,10,28,18,0,620,108,IMPERATRICE,,,Plein jour,En agglomération,Intersection en X,Normale,Deux véhicules - côté,,,,,,,,,,,1,2,2,1.0,3.0
201100036712,0011-11-29 17:30:00,11,11,29,17,30,620,108,PARIS,,,Nuit sans éclairage public,En agglomération,Hors intersection,Normale,Autre collision,,,,,,,,,,,3,2,1,1.0,6.0
201100036713,0011-11-18 08:50:00,11,11,18,8,50,620,108,PARIS,,,Plein jour,En agglomération,Giratoire,Normale,Deux véhicules - côté,,,,,,,,,,,1,2,6,1.0,3.0
201100036714,0011-01-07 17:25:00,11,1,7,17,25,620,126,"1, ROCADE NORD",,,Nuit avec éclairage allumé,Hors agglomération,Hors intersection,Pluie légère,Autre collision,,,,,,,,,,,5,1,1,2.0,6.0
201100036715,0011-01-17 18:20:00,11,1,17,18,20,620,119,KITCHENER ( BOULEVARD ),,,Nuit avec éclairage non allumé,En agglomération,Hors intersection,Normale,Autre collision,,,,,,,,,,,4,2,1,1.0,6.0
201100036716,0011-02-19 05:00:00,11,2,19,5,0,620,119,JUIN ( RUE DU MARECHAL ),,,Crépuscule ou aube,En agglomération,Giratoire,Normale,Autre collision,,,,,,,,,,,2,2,6,1.0,6.0
201100036717,0011-03-08 10:40:00,11,3,8,10,40,620,119,SAINT PRY ( ROND POINT ),,,Plein jour,En agglomération,Giratoire,Normale,Autre collision,,,,,,,,,,,1,2,6,1.0,6.0
201100036718,0011-03-24 18:20:00,11,3,24,18,20,620,51,"187, HUMBLOT IGNACE ( RU",,,Plein jour,En agglomération,Hors intersection,Normale,Deux véhicules - frontale,,,,,,,,,,,1,2,1,1.0,1.0
201100036719,0011-03-26 11:45:00,11,3,26,11,45,620,349,GRARD ( RUE ),,,Plein jour,Hors agglomération,Hors intersection,Normale,Sans collision,,,,,,,,,,,1,1,1,1.0,7.0
201100036720,0011-03-18 13:20:00,11,3,18,13,20,620,51,"28, BEUGNET CASIMIR ( RU",,,Plein jour,En agglomération,Hors intersection,Normale,Sans collision,,,,,,,,,,,1,2,1,1.0,7.0
201100036721,0011-03-24 17:45:00,11,3,24,17,45,620,846,"1, RD 39",,,Plein jour,Hors agglomération,Hors intersection,Normale,Sans collision,,,,,,,,,,,1,1,1,1.0,7.0
201100036722,0011-03-31 12:00:00,11,3,31,12,0,620,119,"294, JUIN ( RUE DU MAREC",,,Plein jour,En agglomération,Intersection en X,Normale,Autre collision,,,,,,,,,,,1,2,2,1.0,6.0
201100036723,0011-03-31 19:15:00,11,3,31,19,15,620,841,943 (CD),,,Plein jour,Hors agglomération,Hors intersection,Normale,Deux véhicules - frontale,,,,,,,,,,,1,1,1,1.0,1.0
201100036724,0011-07-07 08:05:00,11,7,7,8,5,620,836,D 86,,,Plein jour,Hors agglomération,Hors intersection,Normale,Trois véhicules et plus - collisions multiples,,,,,,,,,,,1,1,1,1.0,5.0
201100036725,0011-07-09 18:40:00,11,7,9,18,40,620,276,LENS ( ROUTE DE ),,,Plein jour,En agglomération,Intersection en T,Normale,Deux véhicules - côté,,,,,,,,,,,1,2,3,1.0,3.0
201100036726,0011-08-03 20:50:00,11,8,3,20,50,620,119,ARRAS ( RUE DU FAUBOURG,,,Plein jour,En agglomération,Giratoire,Normale,Deux véhicules - côté,,,,,,,,,,,1,2,6,1.0,3.0
201100036727,0011-08-18 20:15:00,11,8,18,20,15,620,119,UNIVERSITE ( RUE DE L' ),,,Plein jour,En agglomération,Hors intersection,Normale,Autre collision,,,,,,,,,,,1,2,1,1.0,6.0
201100036728,0011-08-20 22:35:00,11,8,20,22,35,620,846,"162, CD 943",,,Nuit avec éclairage allumé,En agglomération,Hors intersection,Normale,Sans collision,,,,,,,,,,,5,2,1,1.0,7.0
201100036729,0011-09-17 17:05:00,11,9,17,17,5,620,480,ARRAS ( RUE D' ),,,Crépuscule ou aube,En agglomération,Intersection en X,Pluie forte,Deux véhicules - côté,,,,,,,,,,,2,2,2,3.0,3.0
201100036730,0011-08-24 23:00:00,11,8,24,23,0,620,119,COPERNIC ( RUE ),,,Nuit sans éclairage public,En agglomération,Hors intersection,Normale,Autre collision,,,,,,,,,,,3,2,1,1.0,6.0
201100036731,0011-10-07 21:30:00,11,10,7,21,30,620,846,GUESDE JULES ( RUE ),,,Nuit sans éclairage public,Hors agglomération,Hors intersection,Normale,Trois véhicules et plus - collisions multiples,,,,,,,,,,,3,1,1,1.0,5.0
201100036732,0011-10-09 17:15:00,11,10,9,17,15,620,401,BRASSENS ( RUE GEORGES ),,,Plein jour,En agglomération,Hors intersection,Normale,Autre collision,,,,,,,,,,,1,2,1,1.0,6.0
201100036733,0011-10-14 17:45:00,11,10,14,17,45,620,276,"24, DULIEUX ( RUE DU CAP",,,Plein jour,En agglomération,Hors intersection,Normale,Autre collision,,,,,,,,,,,1,2,1,1.0,6.0
201100036734,0011-10-25 07:00:00,11,10,25,7,0,620,119,"41, LILLE ( RUE DE )",,,Nuit avec éclairage allumé,En agglomération,Hors intersection,Pluie forte,Autre collision,,,,,,,,,,,5,2,1,3.0,6.0
201100036735,0011-11-02 21:30:00,11,11,2,21,30,620,119,BEAU MARAIS ( RUE DU ),,,Nuit avec éclairage allumé,Hors agglomération,Hors intersection,Normale,Deux véhicules - arrière,,,,,,,,,,,5,1,1,1.0,2.0
201100036736,0011-11-04 09:50:00,11,11,4,9,50,620,126,NATIONALE  ( ROUTE ),,,Plein jour,En agglomération,Intersection en T,Normale,Autre collision,,,,,,,,,,,1,2,3,1.0,6.0
201100036737,0011-11-04 13:10:00,11,11,4,13,10,620,35,"5, NOUVEAU MONDE ( RUE D",,,Plein jour,En agglomération,Hors intersection,Normale,Autre collision,,,,,,,,,,,1,2,1,1.0,6.0
201100036738,0011-11-04 18:50:00,11,11,4,18,50,620,276,"276, LENS ( ROUTE DE )",,,Nuit avec éclairage allumé,En agglomération,Hors intersection,Normale,Deux véhicules - côté,,,,,,,,,,,5,2,1,1.0,3.0
201100036739,0011-10-10 12:10:00,11,10,10,12,10,620,119,"327, JOFFRE ( PLACE )",,,Plein jour,En agglomération,Hors intersection,Normale,Autre collision,,,,,,,,,,,1,2,1,1.0,6.0
201100036740,0011-11-25 17:30:00,11,11,25,17,30,620,350,ZONE EURO FOUQUIERES ( F,,,Crépuscule ou aube,En agglomération,Giratoire,Normale,Deux véhicules - côté,,,,,,,,,,,2,2,6,1.0,3.0
201100036741,0011-12-09 20:35:00,11,12,9,20,35,620,51,CD 941,,,Nuit avec éclairage allumé,En agglomération,Hors intersection,Pluie légère,Deux véhicules - frontale,,,,,,,,,,,5,2,1,2.0,1.0
201100036742,0011-12-19 17:00:00,11,12,19,17,0,620,119,AIRE ( RUE D' ),,,Nuit avec éclairage allumé,En agglomération,Hors intersection,Pluie légère,Autre collision,,,,,,,,,,,5,2,1,2.0,6.0
201100036743,0011-01-05 17:50:00,11,1,5,17,50,620,643,"1, LIBERTE ( Bld de la )",,,Nuit avec éclairage allumé,En agglomération,Hors intersection,Pluie légère,Autre collision,,,,,,,,,,,5,2,1,2.0,6.0
201100036744,0011-12-22 17:15:00,11,12,22,17,15,620,160,"SANS, DE GAULLE (Ave Cha",,,Nuit avec éclairage allumé,En agglomération,Giratoire,Normale,Autre collision,,,,,,,,,,,5,2,6,1.0,6.0
201100036745,0011-01-21 21:15:00,11,1,21,21,15,620,667,"0, LIBERTE ( Bld de la )",,,Nuit avec éclairage allumé,En agglomération,Hors intersection,Normale,Autre collision,,,,,,,,,,,5,2,1,1.0,6.0
201100036746,0011-01-21 19:35:00,11,1,21,19,35,620,160,", JAURES (Bld Jean)",,,Nuit avec éclairage allumé,Hors agglomération,Hors intersection,Pluie légère,Deux véhicules - frontale,,,,,,,,,,,5,1,1,2.0,1.0
201100036747,0011-02-03 18:05:00,11,2,3,18,5,620,758,"57, MARLBOROUGH ( Rue de",,,Nuit avec éclairage allumé,En agglomération,Hors intersection,Brouillard / fumée,Autre collision,,,,,,,,,,,5,2,1,5.0,6.0
201100036748,0011-01-28 20:15:00,11,1,28,20,15,620,160,"1, GAMBETTA (Bld Léon)",,,Nuit avec éclairage allumé,En agglomération,Hors intersection,Normale,Autre collision,,,,,,,,,,,5,2,1,1.0,6.0
201100036749,0011-03-12 14:00:00,11,3,12,14,0,620,160,"80, NATIONALE (Rue)",,,Plein jour,En agglomération,Intersection en T,Normale,Deux véhicules - côté,,,,,,,,,,,1,2,3,1.0,3.0
201100036750,0011-03-24 03:45:00,11,3,24,3,45,620,160,ROUSSEAU (Viaduc Jean-Ja,,,Nuit avec éclairage allumé,En agglomération,Giratoire,Normale,Deux véhicules - côté,,,,,,,,,,,5,2,6,1.0,3.0
201100036751,0011-03-24 16:00:00,11,3,24,16,0,620,160,"108, SAINTE BEUVE (Bld)",,,Plein jour,En agglomération,Giratoire,Normale,Autre collision,,,,,,,,,,,1,2,6,1.0,6.0
201100036752,0011-04-09 21:00:00,11,4,9,21,0,620,755,"1, SURCOUF ( Rue )",,,Nuit avec éclairage allumé,En agglomération,Autre intersection,Normale,Autre collision,,,,,,,,,,,5,2,9,1.0,6.0
201100036753,0011-05-24 15:20:00,11,5,24,15,20,620,160,VOLTAIRE (Bld),,,Plein jour,En agglomération,Hors intersection,Normale,Autre collision,,,,,,,,,,,1,2,1,1.0,6.0
201100036754,0011-06-21 17:05:00,11,6,21,17,5,620,758,"339, SAINT OMER ( Route",,,Plein jour,En agglomération,Hors intersection,Normale,Autre collision,,,,,,,,,,,1,2,1,1.0,6.0
201100036755,0011-06-30 21:15:00,11,6,30,21,15,620,160,"01, SAINTE BEUVE (Bld)",,,Crépuscule ou aube,En agglomération,Hors intersection,Normale,Deux véhicules - côté,,,,,,,,,,,2,2,1,1.0,3.0
201100036756,0011-07-02 13:20:00,11,7,2,13,20,620,160,", PERCIER ET FONTAINE (A",,,Plein jour,En agglomération,Intersection en T,Normale,Deux véhicules - côté,,,,,,,,,,,1,2,3,1.0,3.0
201100036757,0011-07-26 15:20:00,11,7,26,15,20,620,160,"58, DE GAULLE (Ave Charl",,,Plein jour,En agglomération,Hors intersection,Normale,Autre collision,,,,,,,,,,,1,2,1,1.0,6.0
201100036758,0011-08-27 13:05:00,11,8,27,13,5,620,667,DE GAULLE ( Bld du G?n?r,,,Plein jour,En agglomération,Hors intersection,Normale,Autre collision,,,,,,,,,,,1,2,1,1.0,6.0
201100036759,0011-09-02 19:50:00,11,9,2,19,50,620,160,ENLARD (Rue Camille),,,Plein jour,En agglomération,Intersection en X,Temps éblouissant,Autre collision,,,,,,,,,,,1,2,2,7.0,6.0
201100036760,0011-09-07 17:20:00,11,9,7,17,20,620,160,"1, FAIDHERBE (Rue)",,,Plein jour,En agglomération,Passage à niveau,Normale,Autre collision,,,,,,,,,,,1,2,8,1.0,6.0
201100036761,0011-09-16 17:55:00,11,9,16,17,55,620,893,"1, MESSAGER ( Rue Andr?",,,Plein jour,En agglomération,Intersection en Y,Normale,Deux véhicules - frontale,,,,,,,,,,,1,2,4,1.0,1.0
201100036762,0011-10-01 18:15:00,11,10,1,18,15,620,160,MARGUET (Pont),,,Plein jour,En agglomération,Hors intersection,Normale,Autre collision,,,,,,,,,,,1,2,1,1.0,6.0
201100036763,0011-10-23 15:15:00,11,10,23,15,15,620,160,"40, CHEMIN VERT (Rue du)",,,Plein jour,En agglomération,Hors intersection,Normale,Autre collision,,,,,,,,,,,1,2,1,1.0,6.0
201100036764,0011-10-28 20:05:00,11,10,28,20,5,620,160,"1, JAURES (Bld Jean)",,,Nuit avec éclairage allumé,En agglomération,Hors intersection,Normale,Autre collision,,,,,,,,,,,5,2,1,1.0,6.0
201100036765,0011-11-08 20:10:00,11,11,8,20,10,620,160,"1, COMTE (Bd Auguste)",,,Nuit avec éclairage allumé,En agglomération,Intersection en T,Normale,Autre collision,,,,,,,,,,,5,2,3,1.0,6.0
201100036766,0011-11-15 09:20:00,11,11,15,9,20,620,160,"83, MARIETTE (Bld August",,,Plein jour,En agglomération,Autre intersection,Temps éblouissant,Autre collision,,,,,,,,,,,1,2,9,7.0,6.0
201100036767,0011-11-19 17:35:00,11,11,19,17,35,620,160,SAINTE BEUVE (Bld),,,Nuit avec éclairage allumé,En agglomération,Autre intersection,Normale,Trois véhicules et plus - collisions multiples,,,,,,,,,,,5,2,9,1.0,5.0
201100036768,0011-12-05 10:10:00,11,12,5,10,10,620,160,"SANS, CHANZY (Quai)",,,Plein jour,En agglomération,Hors intersection,Normale,Autre collision,,,,,,,,,,,1,2,1,1.0,6.0
201100036769,0011-12-07 12:30:00,11,12,7,12,30,620,160,NEMOURS (Rue de ),,,Plein jour,En agglomération,Hors intersection,Normale,Autre collision,,,,,,,,,,,1,2,1,1.0,6.0
201100036770,0011-12-07 22:00:00,11,12,7,22,0,620,160,"1, NORMANDIE (Ave. de )",,,Nuit avec éclairage allumé,En agglomération,Intersection en T,Normale,Deux véhicules - frontale,,,,,,,,,,,5,2,3,1.0,1.0
201100036771,0011-12-07 22:05:00,11,12,7,22,5,620,643,BIEZ ( Rue du ),,,Nuit avec éclairage allumé,En agglomération,Intersection en X,Normale,Deux véhicules - côté,,,,,,,,,,,5,2,2,1.0,3.0
201100036772,0011-12-10 16:30:00,11,12,10,16,30,620,160,"42, DUFLOS (Rue Louis)",,,Plein jour,En agglomération,Hors intersection,Normale,Autre collision,,,,,,,,,,,1,2,1,1.0,6.0
201100036773,0011-12-17 03:15:00,11,12,17,3,15,620,160,"SANS, MONTESQUIEU (Bld)",,,Nuit avec éclairage allumé,En agglomération,Giratoire,Temps couvert,Autre collision,,,,,,,,,,,5,2,6,8.0,6.0
201100036774,0011-01-29 11:10:00,11,1,29,11,10,620,178,"63, DOYELLE ( LEON )",,,Plein jour,En agglomération,Place,Normale,Autre collision,,,,,,,,,,,1,2,7,1.0,6.0
201100036775,0011-02-23 17:05:00,11,2,23,17,5,620,178,HAILLICOURT ( D' ),,,Plein jour,En agglomération,Hors intersection,Pluie légère,Deux véhicules - côté,,,,,,,,,,,1,2,1,2.0,3.0
201100036776,0011-03-11 23:10:00,11,3,11,23,10,620,270,GUESDE (RUE JULES),,,Nuit avec éclairage allumé,En agglomération,Hors intersection,Normale,Trois véhicules et plus - collisions multiples,,,,,,,,,,,5,2,1,1.0,5.0