accident_id,datetime,annee,mois,jour,heure,minute,departement,commune_insee,adresse,latitude,longitude,luminosite,agglomeration,intersection,meteo,collision,nb_vehicules,nb_usagers,nb_indemnes,nb_tues,nb_blesses_hosp,nb_blesses_legers,age_cond_1,age_cond_2,veh_type_cond_1,veh_type_cond_2,lum_code,agg_code,int_code,atm_code,col_code
201100037156,0011-02-06 09:00:00,11,2,6,9,0,630,113,"70, BERTHELOT (BOULEVARD",45.78206,3.07247,Plein jour,En agglomération,Hors intersection,Normale,Autre collision,,,,,,,,,,,1,2,1,1.0,6.0
201100037157,0011-02-06 14:20:00,11,2,6,14,20,630,113,"., MARMONTEL (RUE)",,,Plein jour,En agglomération,Hors intersection,Normale,Autre collision,,,,,,,,,,,1,2,1,1.0,6.0
201100037158,0011-02-07 18:20:00,11,2,7,18,20,630,308,"., VAQUEZ (BOULEVARD)",45.76713,3.05631,Plein jour,En agglomération,Hors intersection,Normale,Autre collision,,,,,,,,,,,1,2,1,1.0,6.0
201100037159,0011-02-07 12:54:00,11,2,7,12,54,630,113,"19, BRUGIERE (BD AMBROIS",45.78985,3.11785,Plein jour,En agglomération,Hors intersection,Normale,Autre collision,,,,,,,,,,,1,2,1,1.0,6.0
201100037160,0011-02-07 13:00:00,11,2,7,13,0,630,113,"1, REPUBLIQUE (AVENUE DE",,,Plein jour,En agglomération,Hors intersection,Normale,Deux véhicules - côté,,,,,,,,,,,1,2,1,1.0,3.0
201100037161,0011-02-07 13:50:00,11,2,7,13,50,630,113,"47, COTE BLATIN (BD)",45.76964,3.09117,Plein jour,En agglomération,Hors intersection,Normale,Autre collision,,,,,,,,,,,1,2,1,1.0,6.0
201100037162,0011-02-07 15:45:00,11,2,7,15,45,630,14,"., ROUSSILLON (AVENUE DU",,,Plein jour,En agglomération,Hors intersection,Normale,Autre collision,,,,,,,,,,,1,2,1,1.0,6.0
201100037163,0011-02-08 08:50:00,11,2,8,8,50,630,113,"1, SOUS LES VIGNES (RUE)",,,Plein jour,En agglomération,Hors intersection,Normale,Autre collision,,,,,,,,,,,1,2,1,1.0,6.0
201100037164,0011-02-08 12:54:00,11,2,8,12,54,630,32,"., RIVAUX (AVENUE DES)",,,Plein jour,En agglomération,Hors intersection,Normale,Autre collision,,,,,,,,,,,1,2,1,1.0,6.0
201100037165,0011-02-09 13:45:00,11,2,9,13,45,630,113,"., POURCHON (BD MAURICE)",,,Plein jour,En agglomération,Hors intersection,Normale,Autre collision,,,,,,,,,,,1,2,1,1.0,6.0
201100037166,0011-02-09 15:46:00,11,2,9,15,46,630,113,"., RECLUS (AVENUE ELISEE",,,Plein jour,En agglomération,Hors intersection,Normale,Autre collision,,,,,,,,,,,1,2,1,1.0,6.0
201100037167,0011-02-09 21:30:00,11,2,9,21,30,630,113,"1, BLUM (AVENUE LEON)",,,Nuit avec éclairage allumé,En agglomération,Hors intersection,Normale,Deux véhicules - côté,,,,,,,,,,,5,2,1,1.0,3.0
201100037168,0011-02-11 16:47:00,11,2,11,16,47,630,32,"03, VERDUN (PLACE DE)",45.75259,3.08318,Plein jour,En agglomération,Hors intersection,Normale,Autre collision,,,,,,,,,,,1,2,1,1.0,6.0
201100037169,0011-02-12 13:50:00,11,2,12,13,50,630,113,"., FLAUBERT (BD GUSTAVE)",,,Plein jour,En agglomération,Hors intersection,Normale,Autre collision,,,,,,,,,,,1,2,1,1.0,6.0
201100037170,0011-02-13 00:23:00,11,2,13,0,23,630,113,"., SAINT JEAN (BD)",,,Nuit avec éclairage allumé,En agglomération,Hors intersection,Normale,Autre collision,,,,,,,,,,,5,2,1,1.0,6.0
201100037171,0011-02-15 11:30:00,11,2,15,11,30,630,113,"1, DIOMEDE (RUE PAUL)",45.78402,3.07612,Plein jour,En agglomération,Intersection en X,Normale,Deux véhicules - côté,,,,,,,,,,,1,2,2,1.0,3.0
201100037172,0011-02-15 16:30:00,11,2,15,16,30,630,113,"., DUMAS (BD J.BAPTISTE)",,,Plein jour,En agglomération,Hors intersection,Normale,Autre collision,,,,,,,,,,,1,2,1,1.0,6.0
201100037173,0011-02-16 15:03:00,11,2,16,15,3,630,113,"., DOLET (RUE ETIENNE)",,,Plein jour,En agglomération,Hors intersection,Normale,Autre collision,,,,,,,,,,,1,2,1,1.0,6.0
201100037174,0011-02-16 20:30:00,11,2,16,20,30,630,32,"6, CHATAIGNERAIE (RUE DE",45.74986,3.0787,Nuit avec éclairage allumé,En agglomération,Hors intersection,Normale,Deux véhicules - côté,,,,,,,,,,,5,2,1,1.0,3.0
201100037175,0011-02-21 16:00:00,11,2,21,16,0,630,75,"., DUCLAUX (BOULEVARD)",45.7735,3.0754,Plein jour,En agglomération,Intersection en X,Normale,Autre collision,,,,,,,,,,,1,2,2,1.0,6.0
201100037176,0011-02-20 20:10:00,11,2,20,20,10,630,113,"., REPUBLIQUE (AVENUE DE",,,Nuit avec éclairage allumé,En agglomération,Hors intersection,Normale,Autre collision,,,,,,,,,,,5,2,1,1.0,6.0
201100037177,0011-02-23 13:00:00,11,2,23,13,0,630,113,"., BLUM (AVENUE LEON)",45.7614,3.1002,Plein jour,En agglomération,Intersection en X,Normale,Autre collision,,,,,,,,,,,1,2,2,1.0,6.0
201100037178,0011-02-24 19:30:00,11,2,24,19,30,630,113,"1, BINGEN (BD JACQUES)",,,Nuit avec éclairage allumé,Hors agglomération,Hors intersection,Normale,Deux véhicules - côté,,,,,,,,,,,5,1,1,1.0,3.0
201100037179,0011-02-24 20:10:00,11,2,24,20,10,630,113,", MOULIN (BD JEAN)",,,Plein jour,En agglomération,Hors intersection,Normale,Autre collision,,,,,,,,,,,1,2,1,1.0,6.0
201100037180,0011-02-25 11:00:00,11,2,25,11,0,630,113,"., BLANZAT (RUE DE)",,,Plein jour,En agglomération,Hors intersection,Normale,Autre collision,,,,,,,,,,,1,2,1,1.0,6.0
201100037181,0011-02-28 08:20:00,11,2,28,8,20,630,113,"212, FRANCE (RUE ANATOLE",45.7796,3.1163,Plein jour,En agglomération,Hors intersection,Normale,Autre collision,,,,,,,,,,,1,2,1,1.0,6.0
201100037182,0011-03-01 14:45:00,11,3,1,14,45,630,14,"21, MARGERIDE (AVENUE DE",45.7607,3.1211,Plein jour,En agglomération,Hors intersection,Temps couvert,Deux véhicules - côté,,,,,,,,,,,1,2,1,8.0,3.0
201100037183,0011-03-01 20:32:00,11,3,1,20,32,630,113,"., QUINET (BD EDGAR)",,,Crépuscule ou aube,En agglomération,Hors intersection,Normale,Autre collision,,,,,,,,,,,2,2,1,1.0,6.0
201100037184,0011-03-02 09:50:00,11,3,2,9,50,630,113,"., BALLAINVILLIERS (RUE)",,,Plein jour,En agglomération,Hors intersection,Normale,Autre collision,,,,,,,,,,,1,2,1,1.0,6.0
201100037185,0011-03-03 10:45:00,11,3,3,10,45,630,113,"., FRANCE (RUE ANATOLE)",,,Plein jour,En agglomération,Hors intersection,Normale,Autre collision,,,,,,,,,,,1,2,1,1.0,6.0
201100037186,0011-03-05 12:00:00,11,3,5,12,0,630,113,"1, MOULIN (BD JEAN)",,,Plein jour,En agglomération,Hors intersection,Normale,Deux véhicules - arrière,,,,,,,,,,,1,2,1,1.0,2.0
201100037187,0011-03-05 13:40:00,11,3,5,13,40,630,113,"1, KLEBER (RUE)",,,Plein jour,En agglomération,Hors intersection,Normale,Autre collision,,,,,,,,,,,1,2,1,1.0,6.0
201100037188,0011-03-06 00:05:00,11,3,6,0,5,630,113,"1, SABLON (COURS)",45.7735,3.0899,Nuit avec éclairage allumé,En agglomération,Intersection en X,Normale,Deux véhicules - côté,,,,,,,,,,,5,2,2,1.0,3.0
201100037189,0011-03-06 13:00:00,11,3,6,13,0,630,113,"12, BIAUZAT (RUE GAULTIE",45.7813,3.0832,Plein jour,En agglomération,Hors intersection,Normale,Autre collision,,,,,,,,,,,1,2,1,1.0,6.0
201100037190,0011-03-08 09:25:00,11,3,8,9,25,630,113,"1, LAGARLAYE (RUE DE)",,,Plein jour,En agglomération,Hors intersection,Normale,Trois véhicules et plus - en chaîne,,,,,,,,,,,1,2,1,1.0,4.0
201100037191,0011-03-08 10:20:00,11,3,8,10,20,630,113,"., QUINET (BD EDGAR)",,,Plein jour,En agglomération,Hors intersection,Normale,Autre collision,,,,,,,,,,,1,2,1,1.0,6.0
201100037192,0011-03-08 11:45:00,11,3,8,11,45,630,113,"1, TRUDAINE (BD)",45.7775,3.0901,Plein jour,En agglomération,Hors intersection,Normale,Deux véhicules - côté,,,,,,,,,,,1,2,1,1.0,3.0
201100037193,0011-03-08 08:20:00,11,3,8,8,20,630,70,CHARADE (AVENUE DE),45.7487,3.0557,Plein jour,Hors agglomération,Intersection en T,Normale,Deux véhicules - côté,,,,,,,,,,,1,1,3,1.0,3.0
201100037194,0011-03-08 12:45:00,11,3,8,12,45,630,113,"1, GERGOVIA (BD)",,,Plein jour,En agglomération,Hors intersection,Normale,Autre collision,,,,,,,,,,,1,2,1,1.0,6.0
201100037195,0011-03-08 14:55:00,11,3,8,14,55,630,113,JOUHAUX (BD LEON),,,Plein jour,En agglomération,Hors intersection,Normale,Autre collision,,,,,,,,,,,1,2,1,1.0,6.0
201100037196,0011-03-10 07:30:00,11,3,10,7,30,630,14,CURABET (RUE JEAN),45.75123,3.11556,Plein jour,En agglomération,Intersection en X,Normale,Deux véhicules - côté,,,,,,,,,,,1,2,2,1.0,3.0
201100037197,0011-03-10 18:20:00,11,3,10,18,20,630,32,"50, AUBIERE (ROUTE D')",,,Plein jour,En agglomération,Hors intersection,Normale,Autre collision,,,,,,,,,,,1,2,1,1.0,6.0
201100037198,0011-03-10 23:10:00,11,3,10,23,10,630,308,"11, HEITZ (AVENUE JEAN)",45.7649,3.0582,Nuit avec éclairage allumé,En agglomération,Hors intersection,Normale,Autre collision,,,,,,,,,,,5,2,1,1.0,6.0
201100037199,0011-03-21 14:45:00,11,3,21,14,45,630,113,"., BEAULIEU (CHEMIN DE)",,,Plein jour,En agglomération,Hors intersection,Normale,Sans collision,,,,,,,,,,,1,2,1,1.0,7.0
201100037200,0011-03-11 15:05:00,11,3,11,15,5,630,113,"25, ROUVIER (RUE)",45.80662,3.11634,Plein jour,En agglomération,Hors intersection,Normale,Autre collision,,,,,,,,,,,1,2,1,1.0,6.0
201100037201,0011-03-12 05:20:00,11,3,12,5,20,630,113,"1, LAVOISIERS (BD)",45.784,3.0761,Nuit avec éclairage allumé,En agglomération,Intersection en X,Normale,Deux véhicules - côté,,,,,,,,,,,5,2,2,1.0,3.0
201100037202,0011-03-13 11:02:00,11,3,13,11,2,630,113,"., BLUM (AVENUE LEON)",45.7667,3.096,Plein jour,En agglomération,Intersection en X,Normale,Deux véhicules - côté,,,,,,,,,,,1,2,2,1.0,3.0
201100037203,0011-03-13 12:05:00,11,3,13,12,5,630,113,"1, CRISTAL (AVENUE ERNES",45.7595,3.1416,Plein jour,En agglomération,Intersection en X,Normale,Autre collision,,,,,,,,,,,1,2,2,1.0,6.0
201100037204,0011-03-14 16:27:00,11,3,14,16,27,630,113,"164, FRANCE (RUE ANATOLE",45.7789,3.1125,Plein jour,En agglomération,Hors intersection,Normale,Autre collision,,,,,,,,,,,1,2,1,1.0,6.0
201100037205,0011-03-16 14:20:00,11,3,16,14,20,630,32,"1, HOTEL DE VILLE (RUE D",,,Plein jour,En agglomération,Hors intersection,Normale,Autre collision,,,,,,,,,,,1,2,1,1.0,6.0
201100037206,0011-03-16 16:40:00,11,3,16,16,40,630,113,"., RECLUS (AVENUE ELISEE",45.7879,3.1394,Plein jour,En agglomération,Giratoire,Normale,Deux véhicules - côté,,,,,,,,,,,1,2,6,1.0,3.0
201100037207,0011-03-17 01:20:00,11,3,17,1,20,630,113,TORPILLEUR SIROCCO (RUE,,,Nuit avec éclairage allumé,En agglomération,Hors intersection,Normale,Autre collision,,,,,,,,,,,5,2,1,1.0,6.0
201100037208,0011-03-17 10:05:00,11,3,17,10,5,630,113,"., BRIAND (BD ARISTIDE)",,,Plein jour,En agglomération,Hors intersection,Normale,Autre collision,,,,,,,,,,,1,2,1,1.0,6.0
201100037209,0011-03-17 17:41:00,11,3,17,17,41,630,113,"82, CHARRAS (AVENUE)",45.7793,3.0995,Plein jour,En agglomération,Hors intersection,Normale,Deux véhicules - côté,,,,,,,,,,,1,2,1,1.0,3.0
201100037210,0011-03-18 12:23:00,11,3,18,12,23,630,113,JAUDE PLACE DE),,,Plein jour,En agglomération,Hors intersection,Normale,Autre collision,,,,,,,,,,,1,2,1,1.0,6.0
201100037211,0011-03-18 18:35:00,11,3,18,18,35,630,75,"., FONTMAURE (AVENUE DE)",,,Plein jour,En agglomération,Hors intersection,Normale,Autre collision,,,,,,,,,,,1,2,1,1.0,6.0
201100037212,0011-03-20 13:36:00,11,3,20,13,36,630,113,"., PREVOST (RUE ABBE)",45.7935,3.0794,Plein jour,En agglomération,Intersection en X,Normale,Deux véhicules - côté,,,,,,,,,,,1,2,2,1.0,3.0
201100037213,0011-03-21 09:02:00,11,3,21,9,2,630,113,CHATEAU DES VERGNES (RUE,45.8077,3.1282,Plein jour,En agglomération,Intersection en T,Normale,Autre collision,,,,,,,,,,,1,2,3,1.0,6.0
201100037214,0011-03-21 09:35:00,11,3,21,9,35,630,113,"16, DE LATTRE DE TASSIGN",45.77548,3.08544,Plein jour,En agglomération,Hors intersection,Normale,Autre collision,,,,,,,,,,,1,2,1,1.0,6.0
201100037215,0011-03-21 11:00:00,11,3,21,11,0,630,113,"1, CLOS FOUR (RUE DU)",,,Plein jour,En agglomération,Hors intersection,Normale,Autre collision,,,,,,,,,,,1,2,1,1.0,6.0
201100037216,0011-03-22 05:00:00,11,3,22,5,0,630,113,"., BLERIOT (AVENUE LOUIS",45.7883,3.1394,Nuit avec éclairage allumé,En agglomération,Giratoire,Normale,Deux véhicules - côté,,,,,,,,,,,5,2,6,1.0,3.0
201100037217,0011-03-24 11:03:00,11,3,24,11,3,630,113,"11, THEVENOT (RUE THIBAU",45.78381,3.08845,Plein jour,En agglomération,Hors intersection,Normale,Autre collision,,,,,,,,,,,1,2,1,1.0,6.0
201100037218,0011-03-25 14:20:00,11,3,25,14,20,630,113,"., RECLUS (AVENUE ELISEE",,,Plein jour,En agglomération,Hors intersection,Normale,Autre collision,,,,,,,,,,,1,2,1,1.0,6.0
201100037219,0011-03-24 17:20:00,11,3,24,17,20,630,113,"69, DOLET (RUE ETIENNE)",45.7617,3.087,Plein jour,En agglomération,Hors intersection,Normale,Deux véhicules - arrière,,,,,,,,,,,1,2,1,1.0,2.0
201100037220,0011-03-24 17:49:00,11,3,24,17,49,630,113,"., SERBIE (RUE DE)",45.7816,3.08,Plein jour,En agglomération,Intersection en T,Normale,Deux véhicules - côté,,,,,,,,,,,1,2,3,1.0,3.0
201100037221,0011-03-25 07:55:00,11,3,25,7,55,630,113,"83, CHAMBRETTES (RUE DES",45.76724,3.1037,Plein jour,En agglomération,Hors intersection,Normale,Autre collision,,,,,,,,,,,1,2,1,1.0,6.0
201100037222,0011-03-25 10:26:00,11,3,25,10,26,630,113,"6, GANTIERE (RUE DE LA)",45.7602,3.1225,Plein jour,En agglomération,Hors intersection,Normale,Autre collision,,,,,,,,,,,1,2,1,1.0,6.0
201100037223,0011-03-25 12:00:00,11,3,25,12,0,630,113,"1, LEBON (RUE PHILIPPE)",,,Plein jour,En agglomération,Hors intersection,Normale,Autre collision,,,,,,,,,,,1,2,1,1.0,6.0
201100037224,0011-03-26 11:40:00,11,3,26,11,40,630,113,"., MONTALEMBERT (RUE)",,,Plein jour,En agglomération,Hors intersection,Normale,Deux véhicules - arrière,,,,,,,,,,,1,2,1,1.0,2.0
201100037225,0011-03-28 13:45:00,11,3,28,13,45,630,113,FLAUBERT (BD GUSTAVE),45.7642,3.1259,Plein jour,En agglomération,Intersection en X,Normale,Trois véhicules et plus - collisions multiples,,,,,,,,,,,1,2,2,1.0,5.0
201100037226,0011-03-27 17:20:00,11,3,27,17,20,630,113,CHANTERANNE (RUE DE),,,Plein jour,En agglomération,Hors intersection,Normale,Autre collision,,,,,,,,,,,1,2,1,1.0,6.0
201100037227,0011-03-30 17:30:00,11,3,30,17,30,630,113,"1, GISCARD DE LA TOUR FO",,,Plein jour,En agglomération,Hors intersection,Temps couvert,Autre collision,,,,,,,,,,,1,2,1,8.0,6.0
201100037228,0011-04-04 13:35:00,11,4,4,13,35,630,113,BRUGIERE (BD AMBROISE),45.7896,3.1179,Plein jour,En agglomération,Intersection en X,Normale,Deux véhicules - côté,,,,,,,,,,,1,2,2,1.0,3.0
201100037229,0011-04-02 19:50:00,11,4,2,19,50,630,113,"., LAGARLAYE (RUE DE)",,,Plein jour,En agglomération,Hors intersection,Normale,Autre collision,,,,,,,,,,,1,2,1,1.0,6.0
201100037230,0011-04-04 11:50:00,11,4,4,11,50,630,113,"1, CLEMENTEL (BD ETIENNE",,,Plein jour,En agglomération,Hors intersection,Normale,Autre collision,,,,,,,,,,,1,2,1,1.0,6.0
201100037231,0011-04-04 22:14:00,11,4,4,22,14,630,113,"., MOULIN (BD JEAN)",,,Nuit avec éclairage allumé,En agglomération,Hors intersection,Normale,Deux véhicules - côté,,,,,,,,,,,5,2,1,1.0,3.0
201100037232,0011-04-05 06:35:00,11,4,5,6,35,630,113,"., JOUHAUX (BD LEON)",45.7919,3.1166,Nuit avec éclairage allumé,En agglomération,Intersection en T,Normale,Deux véhicules - frontale,,,,,,,,,,,5,2,3,1.0,1.0
201100037233,0011-04-08 18:40:00,11,4,8,18,40,630,113,"333, ORADOU (RUE DE L')",45.7645,3.1249,Plein jour,En agglomération,Hors intersection,Normale,Autre collision,,,,,,,,,,,1,2,1,1.0,6.0
201100037234,0011-04-06 15:40:00,11,4,6,15,40,630,113,"1, DESAIX (BD)",45.7763,3.084,Plein jour,En agglomération,Hors intersection,Normale,Sans collision,,,,,,,,,,,1,2,1,1.0,7.0
201100037235,0011-04-07 06:43:00,11,4,7,6,43,630,113,"., AGRICULTURE (AVENUE D",45.7796,3.121,Plein jour,En agglomération,Intersection en T,Normale,Deux véhicules - côté,,,,,,,,,,,1,2,3,1.0,3.0
201100037236,0011-04-07 10:59:00,11,4,7,10,59,630,308,"., ALLARD (PLACE)",45.7675,3.05602,Plein jour,En agglomération,Hors intersection,Normale,Autre collision,,,,,,,,,,,1,2,1,1.0,6.0
201100037237,0011-04-07 18:12:00,11,4,7,18,12,630,113,"., REPUBLIQUE (AVENUE DE",,,Plein jour,En agglomération,Hors intersection,Normale,Autre collision,,,,,,,,,,,1,2,1,1.0,6.0
201100037238,0011-04-08 08:20:00,11,4,8,8,20,630,113,"1, AULTERIBE (RUE)",45.8121,3.129,Plein jour,En agglomération,Intersection en T,Normale,Deux véhicules - côté,,,,,,,,,,,1,2,3,1.0,3.0
201100037239,0011-04-08 09:22:00,11,4,8,9,22,630,113,"., CLOS FOUR (RUE DU)",,,Plein jour,En agglomération,Hors intersection,Normale,Autre collision,,,,,,,,,,,1,2,1,1.0,6.0
201100037240,0011-04-10 21:35:00,11,4,10,21,35,630,308,"., VAQUEZ (BOULEVARD)",,,Crépuscule ou aube,En agglomération,Hors intersection,Normale,Autre collision,,,,,,,,,,,2,2,1,1.0,6.0
201100037241,0011-04-14 13:45:00,11,4,14,13,45,630,113,"105, REPUBLIQUE (AVENUE",45.7873,3.1055,Plein jour,En agglomération,Hors intersection,Normale,Deux véhicules - arrière,,,,,,,,,,,1,2,1,1.0,2.0
201100037242,0011-04-14 14:30:00,11,4,14,14,30,630,113,LAMARTINE (RUE),45.7772,3.0785,Plein jour,En agglomération,Intersection en X,Normale,Deux véhicules - côté,,,,,,,,,,,1,2,2,1.0,3.0
201100037243,0011-04-16 04:30:00,11,4,16,4,30,630,113,"., PELISSIER (RUE)",45.78421,3.10165,Nuit avec éclairage allumé,En agglomération,Intersection en T,Normale,Autre collision,,,,,,,,,,,5,2,3,1.0,6.0
201100037244,0011-04-15 09:55:00,11,4,15,9,55,630,113,"16, MOINIER (RUE ANDRE)",45.78045,3.08386,Plein jour,En agglomération,Hors intersection,Normale,Autre collision,,,,,,,,,,,1,2,1,1.0,6.0
201100037245,0011-04-16 15:06:00,11,4,16,15,6,630,113,"117, REPUBLIQUE (AVENUE",45.78865,3.10818,Plein jour,En agglomération,Hors intersection,Normale,Autre collision,,,,,,,,,,,1,2,1,1.0,6.0
201100037246,0011-04-17 15:46:00,11,4,17,15,46,630,113,"., BRUGIERE (BD AMBROISE",,,Plein jour,En agglomération,Hors intersection,Normale,Autre collision,,,,,,,,,,,1,2,1,1.0,6.0
201100037247,0011-04-17 21:15:00,11,4,17,21,15,630,113,"1, FRANCE (RUE ANATOLE)",,,Nuit avec éclairage allumé,En agglomération,Hors intersection,Normale,Deux véhicules - arrière,,,,,,,,,,,5,2,1,1.0,2.0
201100037248,0011-04-18 07:15:00,11,4,18,7,15,630,113,"91, BLUM (AVENUE LEON)",45.76738,3.09584,Plein jour,En agglomération,Hors intersection,Normale,Autre collision,,,,,,,,,,,1,2,1,1.0,6.0
201100037249,0011-04-18 09:45:00,11,4,18,9,45,630,113,"., FOREST (AVENUE FERNAN",,,Plein jour,En agglomération,Hors intersection,Normale,Deux véhicules - arrière,,,,,,,,,,,1,2,1,1.0,2.0
201100037250,0011-04-18 16:25:00,11,4,18,16,25,630,113,"., ROUVIER (RUE)",,,Plein jour,En agglomération,Hors intersection,Normale,Autre collision,,,,,,,,,,,1,2,1,1.0,6.0
201100037251,0011-04-19 08:15:00,11,4,19,8,15,630,113,"1, CHATEAU DES VERGNES (",,,Plein jour,En agglomération,Hors intersection,Normale,Sans collision,,,,,,,,,,,1,2,1,1.0,7.0
201100037252,0011-04-19 12:36:00,11,4,19,12,36,630,113,LAMARTINE (RUE),45.77725,3.07861,Plein jour,En agglomération,Hors intersection,Normale,Autre collision,,,,,,,,,,,1,2,1,1.0,6.0
201100037253,0011-04-20 12:17:00,11,4,20,12,17,630,113,"114, ORADOU (RUE DE L')",45.77005,3.1078,Plein jour,En agglomération,Hors intersection,Normale,Deux véhicules - arrière,,,,,,,,,,,1,2,1,1.0,2.0
201100037254,0011-04-20 16:30:00,11,4,20,16,30,630,113,"25, DOLET (RUE ETIENNE)",45.7644,3.0865,Plein jour,Hors agglomération,Hors intersection,Normale,Autre collision,,,,,,,,,,,1,1,1,1.0,6.0
201100037255,0011-04-21 13:00:00,11,4,21,13,0,630,113,"39, COTE BLATIN (BD)",45.77013,3.09176,Plein jour,En agglomération,Hors intersection,Normale,Deux véhicules - arrière,,,,,,,,,,,1,2,1,1.0,2.0
201100037256,0011-04-21 17:20:00,11,4,21,17,20,630,113,"., TOURRETTE (RUE)",,,Plein jour,Hors agglomération,Hors intersection,Pluie légère,Deux véhicules - arrière,,,,,,,,,,,1,1,1,2.0,2.0
201100037257,0011-04-21 19:50:00,11,4,21,19,50,630,113,"119, LAFAYETTE (BD)",45.76967,3.1025,Plein jour,Hors agglomération,Hors intersection,Normale,Autre collision,,,,,,,,,,,1,1,1,1.0,6.0
201100037258,0011-04-22 18:55:00,11,4,22,18,55,630,113,"38BIS, BONNABAUD (RUE)",45.7738,3.07995,Plein jour,En agglomération,Hors intersection,Normale,Autre collision,,,,,,,,,,,1,2,1,1.0,6.0
201100037259,0011-04-22 12:45:00,11,4,22,12,45,630,113,MARCHADIER (RUE ROBERT),45.79531,3.11036,Plein jour,En agglomération,Intersection en T,Normale,Deux véhicules - côté,,,,,,,,,,,1,2,3,1.0,3.0
201100037260,0011-04-22 13:10:00,11,4,22,13,10,630,113,MAYER (BD DANIEL),45.79254,3.09165,Plein jour,En agglomération,Intersection en X,Normale,Deux véhicules - frontale,,,,,,,,,,,1,2,2,1.0,1.0
201100037261,0011-04-22 15:30:00,11,4,22,15,30,630,113,"., PRE LA REINE (RUE DU)",,,Plein jour,En agglomération,Hors intersection,Normale,Deux véhicules - arrière,,,,,,,,,,,1,2,1,1.0,2.0
201100037262,0011-04-23 04:35:00,11,4,23,4,35,630,308,"., PUY DE DOME (ROUTE DU",,,Plein jour,En agglomération,Hors intersection,Normale,Autre collision,,,,,,,,,,,1,2,1,1.0,6.0
201100037263,0011-04-23 19:18:00,11,4,23,19,18,630,113,"1, SAINTE GEORGE (PLACE)",45.78367,3.08281,Plein jour,En agglomération,Hors intersection,Pluie forte,Autre collision,,,,,,,,,,,1,2,1,3.0,6.0
201100037264,0011-04-23 20:24:00,11,4,23,20,24,630,113,"40, ORADOU (RUE DE L')",45.77216,3.10008,Plein jour,En agglomération,Hors intersection,Normale,Autre collision,,,,,,,,,,,1,2,1,1.0,6.0
201100037265,0011-04-24 12:37:00,11,4,24,12,37,630,75,ROYAT (AVENUE DE),,,Plein jour,En agglomération,Hors intersection,Normale,Autre collision,,,,,,,,,,,1,2,1,1.0,6.0
201100037266,0011-04-25 09:40:00,11,4,25,9,40,630,113,"., CLEMENTEL (BD ETIENNE",45.80014,3.112,Plein jour,En agglomération,Intersection à plus de 4 branches,Normale,Deux véhicules - côté,,,,,,,,,,,1,2,5,1.0,3.0
201100037267,0011-04-23 21:30:00,11,4,23,21,30,630,113,"., TRUDAINE (BD)",,,Crépuscule ou aube,En agglomération,Hors intersection,Normale,Deux véhicules - arrière,,,,,,,,,,,2,2,1,1.0,2.0
201100037268,0011-04-26 09:57:00,11,4,26,9,57,630,113,"., SABLON (COURS)",45.77358,3.08999,Plein jour,En agglomération,Intersection en X,Normale,Autre collision,,,,,,,,,,,1,2,2,1.0,6.0
201100037269,0011-04-26 13:30:00,11,4,26,13,30,630,113,RESSORT (RUE DU),,,Plein jour,En agglomération,Hors intersection,Normale,Deux véhicules - côté,,,,,,,,,,,1,2,1,1.0,3.0
201100037270,0011-04-27 17:50:00,11,4,27,17,50,630,113,"., SAINT JEAN (BD)",,,Plein jour,En agglomération,Hors intersection,Normale,Autre collision,,,,,,,,,,,1,2,1,1.0,6.0
201100037271,0011-04-29 19:50:00,11,4,29,19,50,630,113,"1, TRAVERSIERE (ALLEE)",45.76873,3.10858,Plein jour,En agglomération,Intersection en T,Normale,Deux véhicules - côté,,,,,,,,,,,1,2,3,1.0,3.0
201100037272,0011-04-29 21:15:00,11,4,29,21,15,630,113,"50, LAFAYETTE (BD)",45.76845,3.1046,Plein jour,En agglomération,Intersection en T,Normale,Deux véhicules - côté,,,,,,,,,,,1,2,3,1.0,3.0
201100037273,0011-04-30 07:30:00,11,4,30,7,30,630,113,"10BIS, CREUX DE LA CHAUX",45.76314,3.10085,Plein jour,En agglomération,Hors intersection,Normale,Deux véhicules - arrière,,,,,,,,,,,1,2,1,1.0,2.0
201100037274,0011-05-03 18:30:00,11,5,3,18,30,630,113,"., SAINT JEAN (BD)",,,Plein jour,En agglomération,Hors intersection,Normale,Autre collision,,,,,,,,,,,1,2,1,1.0,6.0
201100037275,0011-05-04 07:35:00,11,5,4,7,35,630,113,"., BREZET (AVENUE)",,,Plein jour,En agglomération,Hors intersection,Normale,Sans collision,,,,,,,,,,,1,2,1,1.0,7.0
201100037276,0011-05-05 16:40:00,11,5,5,16,40,630,113,"1, VINCI (AVENUE LEONARD",,,Plein jour,En agglomération,Hors intersection,Normale,Deux véhicules - côté,,,,,,,,,,,1,2,1,1.0,3.0
201100037277,0011-05-06 05:40:00,11,5,6,5,40,630,113,"., COTE BLATIN (BD)",45.77072,3.0867,Nuit avec éclairage allumé,En agglomération,Intersection en X,Normale,Deux véhicules - côté,,,,,,,,,,,5,2,2,1.0,3.0
201100037278,0011-05-06 13:33:00,11,5,6,13,33,630,113,"., KLEBER (RUE)",45.79175,3.114,Plein jour,En agglomération,Intersection en T,Normale,Deux véhicules - côté,,,,,,,,,,,1,2,3,1.0,3.0
201100037279,0011-05-09 17:40:00,11,5,9,17,40,630,113,"., SEMARD (RUE PIERRE)",,,Plein jour,En agglomération,Hors intersection,Pluie légère,Autre collision,,,,,,,,,,,1,2,1,2.0,6.0