accident_id,datetime,annee,mois,jour,heure,minute,departement,commune_insee,adresse,latitude,longitude,luminosite,agglomeration,intersection,meteo,collision,nb_vehicules,nb_usagers,nb_indemnes,nb_tues,nb_blesses_hosp,nb_blesses_legers,age_cond_1,age_cond_2,veh_type_cond_1,veh_type_cond_2,lum_code,agg_code,int_code,atm_code,col_code
201100037280,0011-05-11 20:30:00,11,5,11,20,30,630,14,"., ROUSSILLON (AVENUE DU",,,Crépuscule ou aube,En agglomération,Hors intersection,Pluie forte,Deux véhicules - côté,,,,,,,,,,,2,2,1,3.0,3.0
201100037281,0011-05-13 23:00:00,11,5,13,23,0,630,113,"., UNION SOVIETIQUE (AVE",,,Nuit avec éclairage allumé,En agglomération,Hors intersection,Normale,Sans collision,,,,,,,,,,,5,2,1,1.0,7.0
201100037282,0011-05-13 13:08:00,11,5,13,13,8,630,113,"63, COTE BLATIN (BD)",45.76824,3.08889,Plein jour,En agglomération,Hors intersection,Normale,Autre collision,,,,,,,,,,,1,2,1,1.0,6.0
201100037283,0011-05-14 12:15:00,11,5,14,12,15,630,113,"1, ORADOU (RUE DE L')",45.77363,3.09771,Plein jour,En agglomération,Hors intersection,Pluie forte,Deux véhicules - arrière,,,,,,,,,,,1,2,1,3.0,2.0
201100037284,0011-05-15 18:14:00,11,5,15,18,14,630,113,"., MOULIN (BD JEAN)",45.77693,3.11779,Plein jour,En agglomération,Intersection en X,Normale,Deux véhicules - côté,,,,,,,,,,,1,2,2,1.0,3.0
201100037285,0011-05-16 20:25:00,11,5,16,20,25,630,75,"86, ROYAT (AVENUE DE)",45.77088,3.05885,Plein jour,En agglomération,Hors intersection,Normale,Autre collision,,,,,,,,,,,1,2,1,1.0,6.0
201100037286,0011-05-16 17:00:00,11,5,16,17,0,630,14,"26, PERRET (AVENUE NESTO",45.74485,3.10843,Plein jour,En agglomération,Hors intersection,Normale,Deux véhicules - arrière,,,,,,,,,,,1,2,1,1.0,2.0
201100037287,0011-05-17 07:30:00,11,5,17,7,30,630,113,"1, CHANDIOTS (RUE DES)",,,Plein jour,En agglomération,Hors intersection,Normale,Deux véhicules - côté,,,,,,,,,,,1,2,1,1.0,3.0
201100037288,0011-05-17 11:00:00,11,5,17,11,0,630,113,"., VIVIANI (RUE)",,,Plein jour,En agglomération,Hors intersection,Normale,Deux véhicules - côté,,,,,,,,,,,1,2,1,1.0,3.0
201100037289,0011-05-21 06:00:00,11,5,21,6,0,630,113,"166, ORADOU (RUE DE L')",45.76945,3.11442,Nuit avec éclairage allumé,En agglomération,Hors intersection,Normale,Autre collision,,,,,,,,,,,5,2,1,1.0,6.0
201100037290,0011-05-20 17:05:00,11,5,20,17,5,630,113,"8, CHAMPS DE ROSEAUX (RU",45.80835,3.12434,Plein jour,En agglomération,Hors intersection,Normale,Autre collision,,,,,,,,,,,1,2,1,1.0,6.0
201100037291,0011-05-21 00:01:00,11,5,21,0,1,630,113,"1, BLUM (AVENUE LEON)",,,Nuit avec éclairage allumé,En agglomération,Hors intersection,Normale,Deux véhicules - côté,,,,,,,,,,,5,2,1,1.0,3.0
201100037292,0011-05-21 08:00:00,11,5,21,8,0,630,113,"20, SALLES (RUE DES)",45.77577,3.07955,Plein jour,En agglomération,Hors intersection,Normale,Autre collision,,,,,,,,,,,1,2,1,1.0,6.0
201100037293,0011-05-22 08:10:00,11,5,22,8,10,630,113,"1, LIMOUSIN (AVENUE DU)",,,Plein jour,En agglomération,Hors intersection,Normale,Deux véhicules - côté,,,,,,,,,,,1,2,1,1.0,3.0
201100037294,0011-05-22 18:10:00,11,5,22,18,10,630,113,"60, BLATIN (RUE)",45.77648,3.07496,Plein jour,En agglomération,Hors intersection,Normale,Autre collision,,,,,,,,,,,1,2,1,1.0,6.0
201100037295,0011-05-23 10:50:00,11,5,23,10,50,630,113,"., CARTOUCHERIE (RUE DE",,,Plein jour,En agglomération,Hors intersection,Normale,Autre collision,,,,,,,,,,,1,2,1,1.0,6.0
201100037296,0011-05-23 16:40:00,11,5,23,16,40,630,113,"9, MICHELIN (AVENUE EDOU",45.78214,3.09662,Plein jour,En agglomération,Hors intersection,Normale,Autre collision,,,,,,,,,,,1,2,1,1.0,6.0
201100037297,0011-05-23 17:55:00,11,5,23,17,55,630,113,"., EUROPE (PLACE DE L')",45.8135,3.10801,Plein jour,En agglomération,Hors intersection,Normale,Deux véhicules - côté,,,,,,,,,,,1,2,1,1.0,3.0
201100037298,0011-05-24 00:49:00,11,5,24,0,49,630,70,EGALITE (RUE DE L'),45.74581,3.06183,Nuit avec éclairage allumé,En agglomération,Hors intersection,Normale,Autre collision,,,,,,,,,,,5,2,1,1.0,6.0
201100037299,0011-05-24 13:00:00,11,5,24,13,0,630,113,"1, LANDAIS (AVENUE DES)",,,Plein jour,En agglomération,Hors intersection,Normale,Deux véhicules - côté,,,,,,,,,,,1,2,1,1.0,3.0
201100037300,0011-05-24 12:00:00,11,5,24,12,0,630,113,"4, PRADELLE (RUE DE LA)",45.77332,3.09598,Plein jour,En agglomération,Hors intersection,Normale,Deux véhicules - arrière,,,,,,,,,,,1,2,1,1.0,2.0
201100037301,0011-05-24 12:22:00,11,5,24,12,22,630,14,MOULIN (AVENUE JEAN),45.75169,3.1267,Plein jour,En agglomération,Hors intersection,Normale,Autre collision,,,,,,,,,,,1,2,1,1.0,6.0
201100037302,0011-05-24 18:20:00,11,5,24,18,20,630,113,"1, CROUEL (RUE DE)",45.77353,3.12339,Plein jour,En agglomération,Intersection en X,Normale,Deux véhicules - côté,,,,,,,,,,,1,2,2,1.0,3.0
201100037303,0011-05-24 21:30:00,11,5,24,21,30,630,14,ROUSSILLON (AVENUE DU),,,Crépuscule ou aube,En agglomération,Hors intersection,Normale,Deux véhicules - arrière,,,,,,,,,,,2,2,1,1.0,2.0
201100037304,0011-05-26 08:10:00,11,5,26,8,10,630,75,"105, ROYAT (AVENUE DE)",45.773,3.06066,Plein jour,En agglomération,Hors intersection,Normale,Deux véhicules - arrière,,,,,,,,,,,1,2,1,1.0,2.0
201100037305,0011-05-26 17:00:00,11,5,26,17,0,630,113,"90, REPUBLIQUE (AVENUE D",45.7874,3.10548,Plein jour,En agglomération,Hors intersection,Normale,Autre collision,,,,,,,,,,,1,2,1,1.0,6.0
201100037306,0011-05-26 23:15:00,11,5,26,23,15,630,113,"1, MOULIN (BD JEAN)",45.77298,3.1209,Nuit avec éclairage allumé,En agglomération,Intersection en X,Normale,Deux véhicules - côté,,,,,,,,,,,5,2,2,1.0,3.0
201100037307,0011-05-28 15:20:00,11,5,28,15,20,630,113,"., FLAUBERT (BD GUSTAVE)",,,Plein jour,En agglomération,Hors intersection,Normale,Deux véhicules - arrière,,,,,,,,,,,1,2,1,1.0,2.0
201100037308,0011-05-28 17:11:00,11,5,28,17,11,630,113,"1, COTE BLATIN (BD)",,,Plein jour,En agglomération,Hors intersection,Normale,Deux véhicules - côté,,,,,,,,,,,1,2,1,1.0,3.0
201100037309,0011-05-28 19:25:00,11,5,28,19,25,630,113,"., TURGOT (PLACE)",45.78474,3.09935,Plein jour,En agglomération,Hors intersection,Normale,Autre collision,,,,,,,,,,,1,2,1,1.0,6.0
201100037310,0011-05-29 05:05:00,11,5,29,5,5,630,113,"., DELILLE (PLACE)",,,Crépuscule ou aube,En agglomération,Hors intersection,Normale,Deux véhicules - arrière,,,,,,,,,,,2,2,1,1.0,2.0
201100037311,0011-05-29 11:50:00,11,5,29,11,50,630,113,LIMOUSIN (AVENUE DU),,,Plein jour,En agglomération,Hors intersection,Normale,Autre collision,,,,,,,,,,,1,2,1,1.0,6.0
201100037312,0011-05-30 11:19:00,11,5,30,11,19,630,75,"2, THERMES (AVENUE DES)",45.77541,3.06735,Plein jour,En agglomération,Hors intersection,Normale,Autre collision,,,,,,,,,,,1,2,1,1.0,6.0
201100037313,0011-05-30 13:20:00,11,5,30,13,20,630,113,"., GALLIENI (PLACE)",45.77191,3.08082,Plein jour,En agglomération,Intersection en X,Normale,Autre collision,,,,,,,,,,,1,2,2,1.0,6.0
201100037314,0011-05-30 14:45:00,11,5,30,14,45,630,113,"04, MOINIER (RUE ANDRE)",45.78076,3.08528,Plein jour,En agglomération,Hors intersection,Normale,Autre collision,,,,,,,,,,,1,2,1,1.0,6.0
201100037315,0011-05-30 22:10:00,11,5,30,22,10,630,113,"., COTTAGES (AVENUE DES)",45.76491,3.07922,Plein jour,En agglomération,Intersection en X,Normale,Autre collision,,,,,,,,,,,1,2,2,1.0,6.0
201100037316,0011-05-31 10:40:00,11,5,31,10,40,630,113,"1, LIMOUSIN (AVENUE DU)",,,Plein jour,En agglomération,Hors intersection,Pluie forte,Deux véhicules - frontale,,,,,,,,,,,1,2,1,3.0,1.0
201100037317,0011-05-31 18:30:00,11,5,31,18,30,630,113,"., RENOUX (PLACE)",45.77576,3.08653,Plein jour,En agglomération,Hors intersection,Normale,Autre collision,,,,,,,,,,,1,2,1,1.0,6.0
201100037318,0011-05-25 18:47:00,11,5,25,18,47,630,113,ORADOU (RUE DE L'),,,Plein jour,En agglomération,Hors intersection,Normale,Autre collision,,,,,,,,,,,1,2,1,1.0,6.0
201100037319,0011-06-01 08:40:00,11,6,1,8,40,630,113,"1, MERMOZ (AVENUE JEAN)",,,Plein jour,En agglomération,Hors intersection,Normale,Deux véhicules - côté,,,,,,,,,,,1,2,1,1.0,3.0
201100037320,0011-06-03 14:54:00,11,6,3,14,54,630,113,"., GUESDE (RUE JULES)",45.79263,3.11321,Plein jour,En agglomération,Hors intersection,Normale,Autre collision,,,,,,,,,,,1,2,1,1.0,6.0
201100037321,0011-06-06 14:20:00,11,6,6,14,20,630,113,FONTAINE DU LARGE (RUE D,,,Plein jour,En agglomération,Hors intersection,Normale,Autre collision,,,,,,,,,,,1,2,1,1.0,6.0
201100037322,0011-06-06 17:04:00,11,6,6,17,4,630,113,"., CHANDIOTS (RUE DES)",45.78835,3.11826,Plein jour,En agglomération,Intersection en T,Normale,Autre collision,,,,,,,,,,,1,2,3,1.0,6.0
201100037323,0011-06-06 21:30:00,11,6,6,21,30,630,113,"1, SAINT JEAN (BD)",,,Plein jour,En agglomération,Hors intersection,Pluie légère,Autre collision,,,,,,,,,,,1,2,1,2.0,6.0
201100037324,0011-06-06 21:45:00,11,6,6,21,45,630,113,"., COTE BLATIN (BD)",,,Nuit avec éclairage allumé,En agglomération,Hors intersection,Normale,Trois véhicules et plus - collisions multiples,,,,,,,,,,,5,2,1,1.0,5.0
201100037325,0011-06-07 08:56:00,11,6,7,8,56,630,113,"., TORPILLEUR SIROCCO (R",,,Plein jour,En agglomération,Hors intersection,Normale,Autre collision,,,,,,,,,,,1,2,1,1.0,6.0
201100037326,0011-06-07 14:20:00,11,6,7,14,20,630,113,"60, BARBUSSE (RUE HENRI)",45.78248,3.09146,Plein jour,En agglomération,Hors intersection,Normale,Autre collision,,,,,,,,,,,1,2,1,1.0,6.0
201100037327,0011-06-07 21:00:00,11,6,7,21,0,630,113,"., QUINET (BD EDGAR)",,,Plein jour,En agglomération,Hors intersection,Normale,Autre collision,,,,,,,,,,,1,2,1,1.0,6.0
201100037328,0011-06-07 16:40:00,11,6,7,16,40,630,113,"13, BIENFAISANCE (RUE DE",45.80449,3.11081,Plein jour,En agglomération,Hors intersection,Normale,Autre collision,,,,,,,,,,,1,2,1,1.0,6.0
201100037329,0011-06-08 14:52:00,11,6,8,14,52,630,32,"., CHATAIGNERAIE (RUE DE",,,Plein jour,En agglomération,Hors intersection,Normale,Autre collision,,,,,,,,,,,1,2,1,1.0,6.0
201100037330,0011-06-08 17:21:00,11,6,8,17,21,630,113,"32, GANTIERE (RUE DE LA)",45.76234,3.12331,Plein jour,En agglomération,Hors intersection,Normale,Autre collision,,,,,,,,,,,1,2,1,1.0,6.0
201100037331,0011-06-09 08:20:00,11,6,9,8,20,630,113,"25, PUY DE DOME (AVENUE",45.78646,3.06388,Plein jour,En agglomération,Hors intersection,Normale,Autre collision,,,,,,,,,,,1,2,1,1.0,6.0
201100037332,0011-06-08 21:28:00,11,6,8,21,28,630,113,LAFAYETTE (BD),,,Nuit avec éclairage allumé,En agglomération,Hors intersection,Normale,Autre collision,,,,,,,,,,,5,2,1,1.0,6.0
201100037333,0011-06-10 19:50:00,11,6,10,19,50,630,113,"52, BESSE (RUE GEORGES)",45.79011,3.1434,Plein jour,En agglomération,Hors intersection,Normale,Autre collision,,,,,,,,,,,1,2,1,1.0,6.0
201100037334,0011-06-11 00:40:00,11,6,11,0,40,630,113,"1, CLAUDIUS (CHAUSSEE)",,,Nuit avec éclairage allumé,En agglomération,Hors intersection,Normale,Autre collision,,,,,,,,,,,5,2,1,1.0,6.0
201100037335,0011-06-11 12:20:00,11,6,11,12,20,630,113,"86, LIMOUSIN (AVENUE DU)",45.78969,3.06091,Plein jour,En agglomération,Hors intersection,Normale,Deux véhicules - côté,,,,,,,,,,,1,2,1,1.0,3.0
201100037336,0011-06-12 21:39:00,11,6,12,21,39,630,113,REPUBLIQUE (AVENUE DE LA,,,Plein jour,En agglomération,Hors intersection,Normale,Autre collision,,,,,,,,,,,1,2,1,1.0,6.0
201100037337,0011-06-14 07:22:00,11,6,14,7,22,630,113,"31, PUY DE DOME (AVENUE",45.78673,3.06366,Plein jour,En agglomération,Hors intersection,Normale,Autre collision,,,,,,,,,,,1,2,1,1.0,6.0
201100037338,0011-06-15 16:20:00,11,6,15,16,20,630,113,"1, ESTAING (RUE D')",45.78729,3.10602,Plein jour,En agglomération,Hors intersection,Normale,Deux véhicules - arrière,,,,,,,,,,,1,2,1,1.0,2.0
201100037339,0011-06-15 22:10:00,11,6,15,22,10,630,113,"14, ONSLOW (RUE)",45.78729,3.10602,Nuit avec éclairage allumé,En agglomération,Hors intersection,Normale,Autre collision,,,,,,,,,,,5,2,1,1.0,6.0
201100037340,0011-06-17 08:07:00,11,6,17,8,7,630,113,"., REPUBLIQUE (AVENUE DE",,,Plein jour,En agglomération,Hors intersection,Normale,Autre collision,,,,,,,,,,,1,2,1,1.0,6.0
201100037341,0011-06-17 18:45:00,11,6,17,18,45,630,113,"97, REPUBLIQUE (AVENUE D",45.78637,3.10347,Plein jour,En agglomération,Hors intersection,Normale,Autre collision,,,,,,,,,,,1,2,1,1.0,6.0
201100037342,0011-06-17 20:10:00,11,6,17,20,10,630,113,"1, MOINIER (RUE ANDRE)",,,Plein jour,En agglomération,Hors intersection,Normale,Autre collision,,,,,,,,,,,1,2,1,1.0,6.0
201100037343,0011-06-18 16:49:00,11,6,18,16,49,630,113,"., FLAUBERT (BD GUSTAVE)",,,Plein jour,En agglomération,Hors intersection,Normale,Sans collision,,,,,,,,,,,1,2,1,1.0,7.0
201100037344,0011-06-16 11:15:00,11,6,16,11,15,630,113,"34, AMADEO (RUE)",45.77986,3.07323,Plein jour,En agglomération,Hors intersection,Normale,Deux véhicules - frontale,,,,,,,,,,,1,2,1,1.0,1.0
201100037345,0011-06-20 08:46:00,11,6,20,8,46,630,113,"., PAULINES (AVENUE DES)",,,Plein jour,En agglomération,Hors intersection,Normale,Autre collision,,,,,,,,,,,1,2,1,1.0,6.0
201100037346,0011-06-20 13:33:00,11,6,20,13,33,630,32,"73, MONT-DORE (AVENUE DU",45.74821,3.07689,Plein jour,En agglomération,Hors intersection,Normale,Autre collision,,,,,,,,,,,1,2,1,1.0,6.0
201100037347,0011-06-20 13:00:00,11,6,20,13,0,630,113,"1, GROLIERE (RUE DE LA)",,,Plein jour,En agglomération,Hors intersection,Normale,Deux véhicules - côté,,,,,,,,,,,1,2,1,1.0,3.0
201100037348,0011-06-20 08:45:00,11,6,20,8,45,630,113,"., VERGNES (RUE DES)",,,Plein jour,En agglomération,Hors intersection,Normale,Sans collision,,,,,,,,,,,1,2,1,1.0,7.0
201100037349,0011-06-22 18:04:00,11,6,22,18,4,630,113,"., BOUSQUET (RUE DR)",,,Plein jour,En agglomération,Hors intersection,Normale,Deux véhicules - côté,,,,,,,,,,,1,2,1,1.0,3.0
201100037350,0011-06-23 18:51:00,11,6,23,18,51,630,113,"351, CLEMENTEL (BD ETIEN",45.81647,3.10947,Plein jour,Hors agglomération,Hors intersection,Normale,Autre collision,,,,,,,,,,,1,1,1,1.0,6.0
201100037351,0011-06-24 05:40:00,11,6,24,5,40,630,113,"1, MITTERRAND (BD FRANCO",,,Plein jour,En agglomération,Hors intersection,Normale,Autre collision,,,,,,,,,,,1,2,1,1.0,6.0
201100037352,0011-06-24 19:00:00,11,6,24,19,0,630,113,"., VERCINGETORIX (AVENUE",,,Plein jour,En agglomération,Hors intersection,Normale,Deux véhicules - arrière,,,,,,,,,,,1,2,1,1.0,2.0
201100037353,0011-06-25 16:45:00,11,6,25,16,45,630,113,"., POURCHON (BD MAURICE)",,,Plein jour,En agglomération,Hors intersection,Normale,Autre collision,,,,,,,,,,,1,2,1,1.0,6.0
201100037354,0011-06-27 09:16:00,11,6,27,9,16,630,32,RN 189 (ROUTE NATIONALE),,,Plein jour,Hors agglomération,Hors intersection,Normale,Autre collision,,,,,,,,,,,1,1,1,1.0,6.0
201100037355,0011-06-26 15:00:00,11,6,26,15,0,630,113,"., MAYER (BD DANIEL)",,,Plein jour,En agglomération,Hors intersection,Normale,Deux véhicules - arrière,,,,,,,,,,,1,2,1,1.0,2.0
201100037356,0011-06-27 12:15:00,11,6,27,12,15,630,113,"., COTE BLATIN (BD)",45.77194,3.0939,Plein jour,En agglomération,Intersection en X,Normale,Autre collision,,,,,,,,,,,1,2,2,1.0,6.0
201100037357,0011-06-28 07:25:00,11,6,28,7,25,630,113,"153, CLEMENTEL (BD ETIEN",45.8038,3.10991,Plein jour,En agglomération,Hors intersection,Normale,Autre collision,,,,,,,,,,,1,2,1,1.0,6.0
201100037358,0011-06-28 18:10:00,11,6,28,18,10,630,113,"., CLEMENTEL (BD ETIENNE",,,Plein jour,En agglomération,Hors intersection,Normale,Autre collision,,,,,,,,,,,1,2,1,1.0,6.0
201100037359,0011-06-30 08:40:00,11,6,30,8,40,630,113,"1, JOUHAUX (BD LEON)",,,Plein jour,En agglomération,Hors intersection,Normale,Autre collision,,,,,,,,,,,1,2,1,1.0,6.0
201100037360,0011-06-30 18:55:00,11,6,30,18,55,630,113,RECLUS (AVENUE ELISEE),,,Plein jour,En agglomération,Hors intersection,Normale,Deux véhicules - arrière,,,,,,,,,,,1,2,1,1.0,2.0
201100037361,0011-07-01 14:30:00,11,7,1,14,30,630,113,"., FLAUBERT (BD GUSTAVE)",,,Plein jour,En agglomération,Hors intersection,Normale,Autre collision,,,,,,,,,,,1,2,1,1.0,6.0
201100037362,0011-07-04 07:45:00,11,7,4,7,45,630,14,"., CRISTAL (AVENUE ERNES",,,Plein jour,Hors agglomération,Hors intersection,Normale,Autre collision,,,,,,,,,,,1,1,1,1.0,6.0
201100037363,0011-07-04 14:50:00,11,7,4,14,50,630,113,"1, CLEMENTEL (BD ETIENNE",,,Plein jour,En agglomération,Hors intersection,Normale,Sans collision,,,,,,,,,,,1,2,1,1.0,7.0
201100037364,0011-07-05 10:27:00,11,7,5,10,27,630,113,"., MOULIN (BD JEAN)",45.77697,3.11775,Plein jour,En agglomération,Intersection en X,Normale,Deux véhicules - côté,,,,,,,,,,,1,2,2,1.0,3.0
201100037365,0011-07-05 17:40:00,11,7,5,17,40,630,32,"., CHAMP MADAME (CHEMIN",,,Plein jour,Hors agglomération,Hors intersection,Normale,Deux véhicules - frontale,,,,,,,,,,,1,1,1,1.0,1.0
201100037366,0011-07-06 21:10:00,11,7,6,21,10,630,113,"1, BERNARD (BOULEVARD CL",,,Plein jour,En agglomération,Hors intersection,Normale,Autre collision,,,,,,,,,,,1,2,1,1.0,6.0
201100037367,0011-07-07 15:00:00,11,7,7,15,0,630,113,"., LIMOUSIN (AVENUE DU)",,,Plein jour,En agglomération,Hors intersection,Normale,Deux véhicules - côté,,,,,,,,,,,1,2,1,1.0,3.0
201100037368,0011-07-08 08:30:00,11,7,8,8,30,630,113,BRUGIERE (BD AMBROISE),,,Plein jour,En agglomération,Hors intersection,Normale,Deux véhicules - arrière,,,,,,,,,,,1,2,1,1.0,2.0
201100037369,0011-07-08 17:00:00,11,7,8,17,0,630,113,"., PARDIEU (ROND-POINT D",45.76127,3.13173,Plein jour,En agglomération,Giratoire,Normale,Deux véhicules - côté,,,,,,,,,,,1,2,6,1.0,3.0
201100037370,0011-07-08 17:40:00,11,7,8,17,40,630,75,"., FONTMAURE (AVENUE DE)",45.77451,3.0634,Plein jour,En agglomération,Intersection en X,Normale,Deux véhicules - côté,,,,,,,,,,,1,2,2,1.0,3.0
201100037371,0011-07-09 12:20:00,11,7,9,12,20,630,75,"25, VOIE ROMAINE",45.77859,3.04919,Plein jour,En agglomération,Hors intersection,Pluie légère,Autre collision,,,,,,,,,,,1,2,1,2.0,6.0
201100037372,0011-07-09 13:14:00,11,7,9,13,14,630,113,"., SABLON (COURS)",,,Plein jour,En agglomération,Hors intersection,Normale,Deux véhicules - frontale,,,,,,,,,,,1,2,1,1.0,1.0
201100037373,0011-07-10 09:20:00,11,7,10,9,20,630,14,"., MAERTE (RUE ROGER)",45.75498,3.11601,Plein jour,En agglomération,Intersection en T,Normale,Deux véhicules - côté,,,,,,,,,,,1,2,3,1.0,3.0
201100037374,0011-07-11 21:11:00,11,7,11,21,11,630,113,772 BEAULIEU (CHEMIN DE),45.76095,3.15173,Plein jour,Hors agglomération,Intersection en X,Normale,Deux véhicules - côté,,,,,,,,,,,1,1,2,1.0,3.0
201100037375,0011-07-12 10:30:00,11,7,12,10,30,630,32,LECLERC (AVENUE DU MAREC,,,Plein jour,En agglomération,Hors intersection,Normale,Deux véhicules - côté,,,,,,,,,,,1,2,1,1.0,3.0
201100037376,0011-07-12 18:42:00,11,7,12,18,42,630,113,SAINT JEAN (BD),,,Plein jour,En agglomération,Hors intersection,Normale,Deux véhicules - arrière,,,,,,,,,,,1,2,1,1.0,2.0
201100037377,0011-07-12 19:20:00,11,7,12,19,20,630,113,"., BELLEVUE (RUE DE)",,,Plein jour,En agglomération,Hors intersection,Normale,Deux véhicules - frontale,,,,,,,,,,,1,2,1,1.0,1.0
201100037378,0011-07-13 11:00:00,11,7,13,11,0,630,113,"., POCHET LAGAYE (BD PAU",,,Plein jour,En agglomération,Hors intersection,Normale,Deux véhicules - frontale,,,,,,,,,,,1,2,1,1.0,1.0
201100037379,0011-07-15 17:18:00,11,7,15,17,18,630,113,"., GUYNEMER (RUE)",,,Plein jour,En agglomération,Hors intersection,Normale,Autre collision,,,,,,,,,,,1,2,1,1.0,6.0
201100037380,0011-07-16 01:15:00,11,7,16,1,15,630,113,"01, BLATIN (RUE)",,,Nuit avec éclairage allumé,En agglomération,Hors intersection,Normale,Autre collision,,,,,,,,,,,5,2,1,1.0,6.0
201100037381,0011-07-16 11:20:00,11,7,16,11,20,630,113,SAINT JEAN (BD),,,Plein jour,En agglomération,Hors intersection,Normale,Autre collision,,,,,,,,,,,1,2,1,1.0,6.0
201100037382,0011-07-19 16:50:00,11,7,19,16,50,630,113,"30, JACOBINS (RUE DES)",45.78147,3.09414,Plein jour,En agglomération,Hors intersection,Normale,Sans collision,,,,,,,,,,,1,2,1,1.0,7.0
201100037383,0011-07-19 20:00:00,11,7,19,20,0,630,113,"., ESTAING (RUE D')",,,Plein jour,En agglomération,Hors intersection,Normale,Autre collision,,,,,,,,,,,1,2,1,1.0,6.0
201100037384,0011-07-20 11:00:00,11,7,20,11,0,630,32,RD 2089,,,Plein jour,Hors agglomération,Hors intersection,Normale,Deux véhicules - frontale,,,,,,,,,,,1,1,1,1.0,1.0
201100037385,0011-07-22 16:33:00,11,7,22,16,33,630,14,"., COURNON (AVENUE DE)",,,Plein jour,En agglomération,Hors intersection,Normale,Trois véhicules et plus - en chaîne,,,,,,,,,,,1,2,1,1.0,4.0
201100037386,0011-07-23 05:20:00,11,7,23,5,20,630,113,"134, FRANCE (RUE ANATOLE",45.77845,3.10987,Crépuscule ou aube,En agglomération,Hors intersection,Normale,Deux véhicules - arrière,,,,,,,,,,,2,2,1,1.0,2.0
201100037387,0011-07-22 17:43:00,11,7,22,17,43,630,14,"., PERIGNAT (RUE DE)",,,Plein jour,Hors agglomération,Hors intersection,Pluie légère,Sans collision,,,,,,,,,,,1,1,1,2.0,7.0
201100037388,0011-07-22 18:00:00,11,7,22,18,0,630,113,"23, TOURRETTE (RUE)",45.79924,3.11748,Plein jour,En agglomération,Hors intersection,Normale,Autre collision,,,,,,,,,,,1,2,1,1.0,6.0
201100037389,0011-07-23 20:12:00,11,7,23,20,12,630,113,"41, MONTCALM (RUE)",45.75821,3.09667,Crépuscule ou aube,En agglomération,Hors intersection,Normale,Autre collision,,,,,,,,,,,2,2,1,1.0,6.0
201100037390,0011-07-24 22:30:00,11,7,24,22,30,630,113,"., BLANZAT (RUE DE)",,,Nuit avec éclairage allumé,En agglomération,Hors intersection,Normale,Sans collision,,,,,,,,,,,5,2,1,1.0,7.0
201100037391,0011-07-25 18:42:00,11,7,25,18,42,630,113,VERLAINE (RUE),,,Plein jour,En agglomération,Hors intersection,Normale,Autre collision,,,,,,,,,,,1,2,1,1.0,6.0
201100037392,0011-07-28 12:03:00,11,7,28,12,3,630,113,"., INDUSTRIE (RUE DE L')",,,Plein jour,En agglomération,Hors intersection,Normale,Trois véhicules et plus - collisions multiples,,,,,,,,,,,1,2,1,1.0,5.0
201100037393,0011-07-29 12:45:00,11,7,29,12,45,630,113,"15, CLOS NOTRE DAME (RUE",45.78462,3.07947,Plein jour,En agglomération,Hors intersection,Normale,Deux véhicules - côté,,,,,,,,,,,1,2,1,1.0,3.0
201100037394,0011-07-29 14:04:00,11,7,29,14,4,630,113,JULIEN (AVENUE),,,Plein jour,En agglomération,Hors intersection,Normale,Autre collision,,,,,,,,,,,1,2,1,1.0,6.0
201100037395,0011-07-29 15:15:00,11,7,29,15,15,630,113,"., JAURES (BD JEAN)",45.76784,3.08183,Plein jour,En agglomération,Autre intersection,Normale,Autre collision,,,,,,,,,,,1,2,9,1.0,6.0
201100037396,0011-07-30 16:35:00,11,7,30,16,35,630,113,"., QUINET (BD EDGAR)",,,Plein jour,En agglomération,Hors intersection,Normale,Trois véhicules et plus - en chaîne,,,,,,,,,,,1,2,1,1.0,4.0
201100037397,0011-07-31 17:55:00,11,7,31,17,55,630,113,UNION SOVIETIQUE (AVENUE,,,Plein jour,En agglomération,Hors intersection,Normale,Autre collision,,,,,,,,,,,1,2,1,1.0,6.0
201100037398,0011-08-01 10:15:00,11,8,1,10,15,630,75,"., ROYAT (AVENUE DE)",,,Plein jour,En agglomération,Hors intersection,Normale,Autre collision,,,,,,,,,,,1,2,1,1.0,6.0
201100037399,0011-08-01 12:40:00,11,8,1,12,40,630,113,SAINT JEAN (BD),,,Plein jour,En agglomération,Hors intersection,Normale,Autre collision,,,,,,,,,,,1,2,1,1.0,6.0
201100037400,0011-08-04 20:50:00,11,8,4,20,50,630,113,"., FLAUBERT (BD GUSTAVE)",45.7645,3.12549,Plein jour,En agglomération,Intersection en X,Normale,Deux véhicules - côté,,,,,,,,,,,1,2,2,1.0,3.0
201100037401,0011-08-03 20:51:00,11,8,3,20,51,630,113,COTE BLATIN (BD),,,Plein jour,En agglomération,Hors intersection,Normale,Autre collision,,,,,,,,,,,1,2,1,1.0,6.0
201100037402,0011-08-04 12:00:00,11,8,4,12,0,630,113,"., BLERIOT (AVENUE LOUIS",,,Plein jour,En agglomération,Hors intersection,Normale,Autre collision,,,,,,,,,,,1,2,1,1.0,6.0
201100037403,0011-08-04 12:00:00,11,8,4,12,0,630,113,"72 bis, DOLET (RUE ETIEN",45.75839,3.08658,Plein jour,En agglomération,Hors intersection,Normale,Autre collision,,,,,,,,,,,1,2,1,1.0,6.0
201100037404,0011-08-08 14:10:00,11,8,8,14,10,630,113,"1, MEDICIS (RUE DE)",45.7674,3.10629,Plein jour,En agglomération,Intersection en X,Normale,Deux véhicules - côté,,,,,,,,,,,1,2,2,1.0,3.0