accident_id,datetime,annee,mois,jour,heure,minute,departement,commune_insee,adresse,latitude,longitude,luminosite,agglomeration,intersection,meteo,collision,nb_vehicules,nb_usagers,nb_indemnes,nb_tues,nb_blesses_hosp,nb_blesses_legers,age_cond_1,age_cond_2,veh_type_cond_1,veh_type_cond_2,lum_code,agg_code,int_code,atm_code,col_code
201100037529,0011-11-03 14:28:00,11,11,3,14,28,630,113,DUMAS (BD J.BAPTISTE),,,Plein jour,En agglomération,Hors intersection,Normale,Deux véhicules - frontale,,,,,,,,,,,1,2,1,1.0,1.0
201100037530,0011-10-31 08:30:00,11,10,31,8,30,630,113,FONTAINE (PLACE DE LA),45.79104,3.11338,Plein jour,En agglomération,Hors intersection,Normale,Autre collision,,,,,,,,,,,1,2,1,1.0,6.0
201100037531,0011-11-04 13:05:00,11,11,4,13,5,630,113,"42, ITALIE (AVENUE DE L'",45.77979,3.09581,Plein jour,En agglomération,Hors intersection,Normale,Autre collision,,,,,,,,,,,1,2,1,1.0,6.0
201100037532,0011-11-06 11:00:00,11,11,6,11,0,630,14,"., RAMACLES (PLACE DES)",45.74957,3.11091,Plein jour,En agglomération,Hors intersection,Normale,Autre collision,,,,,,,,,,,1,2,1,1.0,6.0
201100037533,0011-11-04 15:40:00,11,11,4,15,40,630,113,"1, CUVIER (RUE)",,,Plein jour,En agglomération,Hors intersection,Normale,Autre collision,,,,,,,,,,,1,2,1,1.0,6.0
201100037534,0011-11-04 16:20:00,11,11,4,16,20,630,14,"0, COURNON (AVENUE DE)",,,Plein jour,En agglomération,Hors intersection,Pluie légère,Deux véhicules - côté,,,,,,,,,,,1,2,1,2.0,3.0
201100037535,0011-11-04 17:15:00,11,11,4,17,15,630,113,"., MITTERRAND (BD FRANCO",,,Crépuscule ou aube,En agglomération,Hors intersection,Normale,Autre collision,,,,,,,,,,,2,2,1,1.0,6.0
201100037536,0011-11-04 19:35:00,11,11,4,19,35,630,75,"., BELLEVUE (RUE DE)",,,Nuit avec éclairage allumé,En agglomération,Hors intersection,Normale,Autre collision,,,,,,,,,,,5,2,1,1.0,6.0
201100037537,0011-11-04 22:50:00,11,11,4,22,50,630,113,"1, LAFAYETTE (BD)",45.77344,3.09216,Nuit avec éclairage allumé,En agglomération,Intersection en X,Pluie forte,Deux véhicules - côté,,,,,,,,,,,5,2,2,3.0,3.0
201100037538,0011-11-05 16:15:00,11,11,5,16,15,630,113,"0, AURIOL (BOULEBARD VIN",,,Plein jour,En agglomération,Hors intersection,Normale,Deux véhicules - côté,,,,,,,,,,,1,2,1,1.0,3.0
201100037539,0011-11-07 11:30:00,11,11,7,11,30,630,113,"., BIAUZAT (RUE GAULTIER",,,Plein jour,En agglomération,Hors intersection,Pluie légère,Autre collision,,,,,,,,,,,1,2,1,2.0,6.0
201100037540,0011-11-07 12:10:00,11,11,7,12,10,630,113,"1, MEUNIERS (RUE DES)",,,Plein jour,En agglomération,Hors intersection,Normale,Deux véhicules - côté,,,,,,,,,,,1,2,1,1.0,3.0
201100037541,0011-11-08 08:10:00,11,11,8,8,10,630,113,"17, LIONDARDS (RUE NOUVE",45.75898,3.08734,Plein jour,En agglomération,Hors intersection,Normale,Deux véhicules - arrière,,,,,,,,,,,1,2,1,1.0,2.0
201100037542,0011-11-08 12:15:00,11,11,8,12,15,630,75,"110, ROYAT (AVENUE DE)",45.76854,3.05684,Plein jour,En agglomération,Hors intersection,Normale,Autre collision,,,,,,,,,,,1,2,1,1.0,6.0
201100037543,0011-11-08 14:08:00,11,11,8,14,8,630,32,"., EUROPE (AVENUE DE L')",,,Plein jour,En agglomération,Hors intersection,Normale,Autre collision,,,,,,,,,,,1,2,1,1.0,6.0
201100037544,0011-11-08 14:00:00,11,11,8,14,0,630,113,"9, APOLLON (RUE d')",45.79576,3.10093,Plein jour,En agglomération,Hors intersection,Normale,Autre collision,,,,,,,,,,,1,2,1,1.0,6.0
201100037545,0011-11-09 07:50:00,11,11,9,7,50,630,113,"12, GRAVIERE (RUE DE LA)",45.79068,3.11051,Plein jour,En agglomération,Intersection en T,Normale,Deux véhicules - côté,,,,,,,,,,,1,2,3,1.0,3.0
201100037546,0011-11-09 10:45:00,11,11,9,10,45,630,113,"., GRANDE BRETAGNE (AVEN",,,Plein jour,En agglomération,Hors intersection,Normale,Sans collision,,,,,,,,,,,1,2,1,1.0,7.0
201100037547,0011-11-09 13:26:00,11,11,9,13,26,630,113,"0, KESSLER (RUE)",,,Plein jour,En agglomération,Hors intersection,Normale,Autre collision,,,,,,,,,,,1,2,1,1.0,6.0
201100037548,0011-11-10 15:00:00,11,11,10,15,0,630,113,"1, BINGEN (BD JACQUES)",,,Plein jour,En agglomération,Hors intersection,Temps couvert,Deux véhicules - arrière,,,,,,,,,,,1,2,1,8.0,2.0
201100037549,0011-11-12 05:40:00,11,11,12,5,40,630,113,"0, ORADOU (RUE DE L')",45.7651,3.12298,Nuit avec éclairage allumé,En agglomération,Intersection en T,Normale,Deux véhicules - côté,,,,,,,,,,,5,2,3,1.0,3.0
201100037550,0011-11-12 13:40:00,11,11,12,13,40,630,113,SAINT JEAN (BD),,,Plein jour,En agglomération,Hors intersection,Normale,Sans collision,,,,,,,,,,,1,2,1,1.0,7.0
201100037551,0011-11-12 10:30:00,11,11,12,10,30,630,113,"., VERGNES (RUE DES)",,,Plein jour,En agglomération,Hors intersection,Normale,Autre collision,,,,,,,,,,,1,2,1,1.0,6.0
201100037552,0011-11-16 18:15:00,11,11,16,18,15,630,113,"0, GAMBETTA (PLACE)",45.77054,3.08235,Nuit sans éclairage public,En agglomération,Hors intersection,Normale,Autre collision,,,,,,,,,,,3,2,1,1.0,6.0
201100037553,0011-11-18 19:30:00,11,11,18,19,30,630,113,"1, GRAVIERE (RUE DE LA)",,,Plein jour,En agglomération,Hors intersection,Normale,Autre collision,,,,,,,,,,,1,2,1,1.0,6.0
201100037554,0011-11-22 07:52:00,11,11,22,7,52,630,113,"12, TRUDAINE (BD)",45.77952,3.09082,Plein jour,En agglomération,Hors intersection,Normale,Trois véhicules et plus - collisions multiples,,,,,,,,,,,1,2,1,1.0,5.0
201100037555,0011-11-22 13:48:00,11,11,22,13,48,630,113,FOSSES SOUS LE SEMINAIRE,,,Plein jour,En agglomération,Hors intersection,Normale,Autre collision,,,,,,,,,,,1,2,1,1.0,6.0
201100037556,0011-11-22 16:00:00,11,11,22,16,0,630,113,"1, CHANTERANNE (RUE DE)",,,Plein jour,En agglomération,Hors intersection,Normale,Autre collision,,,,,,,,,,,1,2,1,1.0,6.0
201100037557,0011-11-23 08:45:00,11,11,23,8,45,630,75,PASTEUR (AVENUE),,,Plein jour,En agglomération,Hors intersection,Normale,Autre collision,,,,,,,,,,,1,2,1,1.0,6.0
201100037558,0011-11-25 08:00:00,11,11,25,8,0,630,113,"8, LIMOUSIN (AVENUE DU)",45.78597,3.06513,Plein jour,En agglomération,Hors intersection,Normale,Trois véhicules et plus - collisions multiples,,,,,,,,,,,1,2,1,1.0,5.0
201100037559,0011-11-25 11:15:00,11,11,25,11,15,630,113,"0, SOULET (RUE RENE)",45.77631,3.10829,Plein jour,En agglomération,Intersection en T,Normale,Deux véhicules - côté,,,,,,,,,,,1,2,3,1.0,3.0
201100037560,0011-11-25 12:15:00,11,11,25,12,15,630,113,"4, TRUDAINE (BD)",45.77837,3.09028,Plein jour,En agglomération,Hors intersection,Normale,Autre collision,,,,,,,,,,,1,2,1,1.0,6.0
201100037561,0011-11-25 10:00:00,11,11,25,10,0,630,14,"., ROUSSILLON (AVENUE DU",,,Plein jour,En agglomération,Hors intersection,Normale,Sans collision,,,,,,,,,,,1,2,1,1.0,7.0
201100037562,0011-11-26 00:30:00,11,11,26,0,30,630,113,"., CARMES DECHAUX (PLACE",45.78232,3.09526,Nuit avec éclairage allumé,En agglomération,Intersection en X,Normale,Deux véhicules - frontale,,,,,,,,,,,5,2,2,1.0,1.0
201100037563,0011-11-27 04:20:00,11,11,27,4,20,630,113,"1, DOLET (RUE ETIENNE)",,,Nuit avec éclairage allumé,En agglomération,Hors intersection,Normale,Autre collision,,,,,,,,,,,5,2,1,1.0,6.0
201100037564,0011-11-28 11:10:00,11,11,28,11,10,630,113,"0, FONTGIEVE (RUE)",45.78227,3.07277,Plein jour,En agglomération,Intersection en X,Normale,Trois véhicules et plus - collisions multiples,,,,,,,,,,,1,2,2,1.0,5.0
201100037565,0011-11-29 15:30:00,11,11,29,15,30,630,113,SAINT JEAN (BD),,,Plein jour,En agglomération,Hors intersection,Normale,Deux véhicules - arrière,,,,,,,,,,,1,2,1,1.0,2.0
201100037566,0011-11-30 13:55:00,11,11,30,13,55,630,113,"., DUNANT (PLACE HENRI)",45.76072,3.08886,Plein jour,En agglomération,Hors intersection,Normale,Autre collision,,,,,,,,,,,1,2,1,1.0,6.0
201100037567,0011-11-30 16:18:00,11,11,30,16,18,630,14,"., CRISTAL (AVENUE ERNES",,,Plein jour,En agglomération,Hors intersection,Normale,Autre collision,,,,,,,,,,,1,2,1,1.0,6.0
201100037568,0011-12-02 06:50:00,11,12,2,6,50,630,113,"1, ESPLANADE (PLACE DE L",,,Nuit avec éclairage allumé,En agglomération,Hors intersection,Pluie légère,Autre collision,,,,,,,,,,,5,2,1,2.0,6.0
201100037569,0011-12-01 10:15:00,11,12,1,10,15,630,113,"0, FLAUBERT (BD GUSTAVE)",45.76417,3.12593,Plein jour,En agglomération,Intersection en X,Normale,Deux véhicules - côté,,,,,,,,,,,1,2,2,1.0,3.0
201100037570,0011-12-01 17:35:00,11,12,1,17,35,630,113,GIROD (RUE JOSEPH),,,Crépuscule ou aube,En agglomération,Hors intersection,Normale,Deux véhicules - côté,,,,,,,,,,,2,2,1,1.0,3.0
201100037571,0011-12-04 01:30:00,11,12,4,1,30,630,113,POMPIDOU (BD GEORGES),,,Nuit sans éclairage public,En agglomération,Hors intersection,Normale,Trois véhicules et plus - collisions multiples,,,,,,,,,,,3,2,1,1.0,5.0
201100037572,0011-12-04 00:30:00,11,12,4,0,30,630,113,"., FONTGIEVE (RUE)",,,Nuit avec éclairage allumé,En agglomération,Hors intersection,Normale,Autre collision,,,,,,,,,,,5,2,1,1.0,6.0
201100037573,0011-12-04 01:30:00,11,12,4,1,30,630,113,"1, RIVIERE (RUE HENRI)",45.76795,3.07808,Nuit avec éclairage allumé,En agglomération,Intersection en X,Normale,Deux véhicules - côté,,,,,,,,,,,5,2,2,1.0,3.0
201100037574,0011-12-04 12:00:00,11,12,4,12,0,630,113,"0, LIBERATION (AVENUE DE",,,Plein jour,En agglomération,Hors intersection,Normale,Autre collision,,,,,,,,,,,1,2,1,1.0,6.0
201100037575,0011-12-03 16:19:00,11,12,3,16,19,630,113,MITTERRAND (BD FRANCOIS),,,Plein jour,En agglomération,Hors intersection,Normale,Deux véhicules - arrière,,,,,,,,,,,1,2,1,1.0,2.0
201100037576,0011-12-06 09:30:00,11,12,6,9,30,630,113,"11, BERNARD (BOULEVARD C",45.76486,3.08913,Plein jour,En agglomération,Hors intersection,Normale,Deux véhicules - arrière,,,,,,,,,,,1,2,1,1.0,2.0
201100037577,0011-12-06 17:28:00,11,12,6,17,28,630,113,BALLAINVILLIERS (RUE),,,Crépuscule ou aube,En agglomération,Hors intersection,Normale,Autre collision,,,,,,,,,,,2,2,1,1.0,6.0
201100037578,0011-12-07 10:00:00,11,12,7,10,0,630,113,"1, BLERIOT (AVENUE LOUIS",,,Plein jour,En agglomération,Hors intersection,Normale,Deux véhicules - côté,,,,,,,,,,,1,2,1,1.0,3.0
201100037579,0011-12-08 20:10:00,11,12,8,20,10,630,113,"., VERCINGETORIX (AVENUE",,,Nuit avec éclairage allumé,En agglomération,Hors intersection,Normale,Deux véhicules - frontale,,,,,,,,,,,5,2,1,1.0,1.0
201100037580,0011-12-09 08:10:00,11,12,9,8,10,630,113,HOSPITAL (RUE DR),,,Plein jour,En agglomération,Hors intersection,Normale,Autre collision,,,,,,,,,,,1,2,1,1.0,6.0
201100037581,0011-12-11 20:30:00,11,12,11,20,30,630,113,"., SAINT JEAN (BD)",,,Nuit avec éclairage allumé,En agglomération,Hors intersection,Normale,Deux véhicules - arrière,,,,,,,,,,,5,2,1,1.0,2.0
201100037582,0011-12-14 08:10:00,11,12,14,8,10,630,113,"., MICHELIN (AVENUE EDOU",,,Plein jour,En agglomération,Hors intersection,Pluie légère,Autre collision,,,,,,,,,,,1,2,1,2.0,6.0
201100037583,0011-12-14 11:10:00,11,12,14,11,10,630,113,"1, CHAMPRATEL (RUE DE)",45.81009,3.11508,Plein jour,En agglomération,Intersection en X,Temps couvert,Deux véhicules - côté,,,,,,,,,,,1,2,2,8.0,3.0
201100037584,0011-12-14 12:00:00,11,12,14,12,0,630,14,COURNON (AVENUE DE),,,Plein jour,En agglomération,Hors intersection,Normale,Deux véhicules - côté,,,,,,,,,,,1,2,1,1.0,3.0
201100037585,0011-12-15 17:46:00,11,12,15,17,46,630,113,"., LAFAYETTE (BD)",,,Nuit avec éclairage allumé,En agglomération,Hors intersection,Normale,Autre collision,,,,,,,,,,,5,2,1,1.0,6.0
201100037586,0011-12-15 18:40:00,11,12,15,18,40,630,113,"19, AGRICULTURE (AVENUE",45.77939,3.12289,Nuit avec éclairage allumé,En agglomération,Hors intersection,Temps couvert,Trois véhicules et plus - en chaîne,,,,,,,,,,,5,2,1,8.0,4.0
201100037587,0011-12-16 07:45:00,11,12,16,7,45,630,113,"., MITTERRAND (BD FRANCO",,,Crépuscule ou aube,En agglomération,Hors intersection,Vent fort / tempête,Autre collision,,,,,,,,,,,2,2,1,6.0,6.0
201100037588,0011-12-16 23:53:00,11,12,16,23,53,630,32,D2089,45.74693,3.09579,Nuit avec éclairage allumé,En agglomération,Hors intersection,Normale,Autre collision,,,,,,,,,,,5,2,1,1.0,6.0
201100037589,0011-12-17 23:10:00,11,12,17,23,10,630,14,"1, GRAVINS (CHEMIN DES)",,,Nuit avec éclairage allumé,En agglomération,Hors intersection,Normale,Autre collision,,,,,,,,,,,5,2,1,1.0,6.0
201100037590,0011-12-17 19:00:00,11,12,17,19,0,630,113,"., PALISSY (RUE BERNARD)",,,Crépuscule ou aube,En agglomération,Hors intersection,Normale,Autre collision,,,,,,,,,,,2,2,1,1.0,6.0
201100037591,0011-12-18 19:53:00,11,12,18,19,53,630,113,"5, DELILLE (PLACE)",45.78053,3.09105,Plein jour,En agglomération,Hors intersection,Normale,Autre collision,,,,,,,,,,,1,2,1,1.0,6.0
201100037592,0011-12-21 18:20:00,11,12,21,18,20,630,113,"1, POURCHON (BD MAURICE)",,,Nuit avec éclairage allumé,En agglomération,Hors intersection,Temps couvert,Deux véhicules - arrière,,,,,,,,,,,5,2,1,8.0,2.0
201100037593,0011-12-21 19:30:00,11,12,21,19,30,630,113,"., DUNANT (PLACE HENRI)",45.7609,3.08975,Crépuscule ou aube,En agglomération,Hors intersection,Pluie forte,Autre collision,,,,,,,,,,,2,2,1,3.0,6.0
201100037594,0011-12-24 01:15:00,11,12,24,1,15,630,113,"110, FLAUBERT (BD GUSTAV",45.76589,3.12523,Nuit avec éclairage allumé,En agglomération,Hors intersection,Temps couvert,Autre collision,,,,,,,,,,,5,2,1,8.0,6.0
201100037595,0011-12-23 08:10:00,11,12,23,8,10,630,113,FONTAINE DU BAC (CARREFO,,,Plein jour,En agglomération,Hors intersection,Normale,Deux véhicules - côté,,,,,,,,,,,1,2,1,1.0,3.0
201100037596,0011-12-23 18:25:00,11,12,23,18,25,630,113,LAGARLAYE (RUE DE),,,Nuit avec éclairage allumé,En agglomération,Hors intersection,Normale,Sans collision,,,,,,,,,,,5,2,1,1.0,7.0
201100037597,0011-12-23 20:20:00,11,12,23,20,20,630,113,JOUHAUX (BD LEON),,,Nuit avec éclairage allumé,En agglomération,Hors intersection,Normale,Deux véhicules - côté,,,,,,,,,,,5,2,1,1.0,3.0
201100037598,0011-12-26 17:17:00,11,12,26,17,17,630,113,"., CARTOUCHERIE (RUE DE",45.77506,3.10054,Crépuscule ou aube,En agglomération,Intersection en T,Normale,Deux véhicules - côté,,,,,,,,,,,2,2,3,1.0,3.0
201100037599,0011-12-26 21:13:00,11,12,26,21,13,630,113,"14, BERNARD (BOULEVARD C",45.76317,3.08904,Nuit avec éclairage non allumé,En agglomération,Hors intersection,Normale,Deux véhicules - côté,,,,,,,,,,,4,2,1,1.0,3.0
201100037600,0011-12-27 07:50:00,11,12,27,7,50,630,113,"52, PASTEUR (BD)",45.7731,3.07692,Crépuscule ou aube,En agglomération,Hors intersection,Brouillard / fumée,Autre collision,,,,,,,,,,,2,2,1,5.0,6.0
201100037601,0011-12-27 16:08:00,11,12,27,16,8,630,14,LAVOISIER (AVENUE),,,Plein jour,En agglomération,Hors intersection,Normale,Deux véhicules - arrière,,,,,,,,,,,1,2,1,1.0,2.0
201100037602,0011-12-28 15:50:00,11,12,28,15,50,630,113,REPUBLIQUE (AVENUE DE LA,,,Plein jour,En agglomération,Hors intersection,Normale,Deux véhicules - côté,,,,,,,,,,,1,2,1,1.0,3.0
201100037603,0011-12-29 04:25:00,11,12,29,4,25,630,113,"1, AGRICULTURE (AVENUE D",,,Nuit avec éclairage allumé,En agglomération,Hors intersection,Temps couvert,Deux véhicules - arrière,,,,,,,,,,,5,2,1,8.0,2.0
201100037604,0011-12-28 20:50:00,11,12,28,20,50,630,113,"., BREZET (AVENUE)",,,Nuit sans éclairage public,En agglomération,Hors intersection,Normale,Sans collision,,,,,,,,,,,3,2,1,1.0,7.0
201100037605,0011-12-30 18:45:00,11,12,30,18,45,630,75,"83, CLAUSSAT (AVENUE JOS",45.77998,3.06258,Nuit avec éclairage allumé,En agglomération,Hors intersection,Pluie forte,Autre collision,,,,,,,,,,,5,2,1,3.0,6.0
201100037606,0011-12-30 15:00:00,11,12,30,15,0,630,113,"., POURCHON (BD MAURICE)",,,Plein jour,En agglomération,Hors intersection,Normale,Sans collision,,,,,,,,,,,1,2,1,1.0,7.0
201100037607,0011-12-30 20:10:00,11,12,30,20,10,630,113,"., POMPIDOU (BD GEORGES)",,,Nuit sans éclairage public,Hors agglomération,Hors intersection,Normale,Autre collision,,,,,,,,,,,3,1,1,1.0,6.0
201100037608,0011-12-31 13:00:00,11,12,31,13,0,630,113,"1, MALLY (RUE DU DR)",,,Plein jour,En agglomération,Hors intersection,Normale,Sans collision,,,,,,,,,,,1,2,1,1.0,7.0
201100037609,0011-12-25 22:10:00,11,12,25,22,10,630,124,SAINT-EXUPERY (RUE),45.75131,3.16065,Nuit avec éclairage allumé,En agglomération,Intersection en T,Normale,Autre collision,,,,,,,,,,,5,2,3,1.0,6.0
201100037610,0011-01-27 05:55:00,11,1,27,5,55,630,124,MIDI (AVENUE DU),45.7275,3.1814,Nuit avec éclairage allumé,En agglomération,Passage à niveau,Normale,Deux véhicules - côté,,,,,,,,,,,5,2,8,1.0,3.0
201100037611,0011-02-03 14:30:00,11,2,3,14,30,630,124,"1, DOMES (AVENUE DES)",45.73161,3.19169,Plein jour,En agglomération,Hors intersection,Normale,Autre collision,,,,,,,,,,,1,2,1,1.0,6.0
201100037612,0011-02-12 12:30:00,11,2,12,12,30,630,124,"7, CENDRE (ROUTE DU)",45.7311,3.1835,Plein jour,En agglomération,Hors intersection,Normale,Deux véhicules - côté,,,,,,,,,,,1,2,1,1.0,3.0
201100037613,0011-03-29 12:35:00,11,3,29,12,35,630,124,"51, DOMES (AVENUE DES)",45.73104,3.19719,Plein jour,En agglomération,Hors intersection,Normale,Autre collision,,,,,,,,,,,1,2,1,1.0,6.0
201100037614,0011-04-06 15:05:00,11,4,6,15,5,630,124,MOULIN (AVENUE JEAN),45.7376,3.2086,Plein jour,En agglomération,Intersection en X,Normale,Deux véhicules - côté,,,,,,,,,,,1,2,2,1.0,3.0
201100037615,0011-04-30 15:10:00,11,4,30,15,10,630,124,LIBERATION (AV. DE LA),45.7301,3.19084,Plein jour,En agglomération,Intersection en X,Normale,Autre collision,,,,,,,,,,,1,2,2,1.0,6.0
201100037616,0011-05-21 08:10:00,11,5,21,8,10,630,124,GARDET (Place JOSEPH),45.73866,3.19601,Plein jour,En agglomération,Place,Normale,Deux véhicules - arrière,,,,,,,,,,,1,2,7,1.0,2.0
201100037617,0011-04-17 10:35:00,11,4,17,10,35,630,193,RD 766,45.77958,3.20364,Plein jour,En agglomération,Hors intersection,Normale,Deux véhicules - côté,,,,,,,,,,,1,2,1,1.0,3.0
201100037618,0011-06-28 07:20:00,11,6,28,7,20,630,124,PONT (AVENUE DU),45.73871,3.20216,Crépuscule ou aube,En agglomération,Intersection en X,Normale,Autre collision,,,,,,,,,,,2,2,2,1.0,6.0
201100037619,0011-08-24 13:00:00,11,8,24,13,0,630,193,RD 769,,,Plein jour,Hors agglomération,Hors intersection,Normale,Sans collision,,,,,,,,,,,1,1,1,1.0,7.0
201100037620,0011-08-27 00:55:00,11,8,27,0,55,630,193,RD 769,,,Nuit sans éclairage public,Hors agglomération,Hors intersection,Autre,Deux véhicules - frontale,,,,,,,,,,,3,1,1,9.0,1.0
201100037621,0011-09-01 20:00:00,11,9,1,20,0,630,193,RD 769,,,Nuit sans éclairage public,Hors agglomération,Hors intersection,Normale,Trois véhicules et plus - collisions multiples,,,,,,,,,,,3,1,1,1.0,5.0
201100037622,0011-09-07 07:25:00,11,9,7,7,25,630,124,CHAUX (RUE DE LA),45.73987,3.19981,Plein jour,En agglomération,Intersection en X,Normale,Autre collision,,,,,,,,,,,1,2,2,1.0,6.0
201100037623,0011-09-08 09:15:00,11,9,8,9,15,630,272,"15, COTEAU (RUE DU)",45.73374,3.14088,Plein jour,En agglomération,Hors intersection,Normale,Autre collision,,,,,,,,,,,1,2,1,1.0,6.0
201100037624,0011-09-13 10:55:00,11,9,13,10,55,630,69,"19, ALLIER (AVENUE DE L'",45.72486,3.19315,Plein jour,En agglomération,Hors intersection,Normale,Autre collision,,,,,,,,,,,1,2,1,1.0,6.0
201100037625,0011-09-17 19:05:00,11,9,17,19,5,630,193,COURNON (RUE DE),,,Plein jour,En agglomération,Hors intersection,Normale,Deux véhicules - arrière,,,,,,,,,,,1,2,1,1.0,2.0
201100037626,0011-09-28 10:45:00,11,9,28,10,45,630,124,DOMES (AVENUE DES),45.73496,3.20715,Plein jour,En agglomération,Intersection en X,Normale,Deux véhicules - côté,,,,,,,,,,,1,2,2,1.0,3.0
201100037627,0011-10-04 18:25:00,11,10,4,18,25,630,193,ONZE NOVEMBRE (RUE DU),45.77222,3.19532,Plein jour,En agglomération,Intersection en X,Normale,Deux véhicules - arrière,,,,,,,,,,,1,2,2,1.0,2.0
201100037628,0011-10-18 15:55:00,11,10,18,15,55,630,69,GARROS (RUE ROLAND),45.7266,3.18645,Plein jour,En agglomération,Hors intersection,Normale,Autre collision,,,,,,,,,,,1,2,1,1.0,6.0
201100037629,0011-11-13 05:40:00,11,11,13,5,40,630,124,avenue de la gare,,,Nuit avec éclairage allumé,Hors agglomération,Hors intersection,Normale,Deux véhicules - frontale,,,,,,,,,,,5,1,1,1.0,1.0
201100037630,0011-01-06 07:20:00,11,1,6,7,20,630,164,CHARMES (CARREFOUR DES),45.81648,3.15386,Nuit avec éclairage non allumé,En agglomération,Giratoire,Normale,Deux véhicules - côté,,,,,,,,,,,4,2,6,1.0,3.0
201100037631,0011-02-05 19:50:00,11,2,5,19,50,630,164,MITTERRAND ( Avenue Fran,45.82835,3.15806,Nuit sans éclairage public,En agglomération,Intersection en T,Normale,Deux véhicules - côté,,,,,,,,,,,3,2,3,1.0,3.0
201100037632,0011-04-21 19:40:00,11,4,21,19,40,630,164,CEBAZAT (ROUTE DE),45.82637,3.12808,Plein jour,Hors agglomération,Intersection en T,Normale,Deux véhicules - côté,,,,,,,,,,,1,1,3,1.0,3.0
201100037633,0011-05-26 17:45:00,11,5,26,17,45,630,164,MITTERRAND ( Avenue Fran,45.82832,3.15808,Plein jour,En agglomération,Intersection en Y,Normale,Deux véhicules - côté,,,,,,,,,,,1,2,4,1.0,3.0
201100037634,0011-06-18 05:05:00,11,6,18,5,5,630,63,RD 2009,,,Nuit sans éclairage public,Hors agglomération,Hors intersection,Normale,Deux véhicules - arrière,,,,,,,,,,,3,1,1,1.0,2.0
201100037635,0011-06-23 12:50:00,11,6,23,12,50,630,63,"10, MOULIN (BD JEAN)",45.83162,3.10535,Plein jour,En agglomération,Intersection en X,Normale,Trois véhicules et plus - en chaîne,,,,,,,,,,,1,2,2,1.0,4.0
201100037636,0011-06-30 19:00:00,11,6,30,19,0,630,164,"21, FERRY (RUE JULES)",45.81955,3.14382,Crépuscule ou aube,En agglomération,Hors intersection,Normale,Autre collision,,,,,,,,,,,2,2,1,1.0,6.0
201100037637,0011-09-07 08:05:00,11,9,7,8,5,630,164,MITTERRAND ( Avenue Fran,,,Plein jour,En agglomération,Hors intersection,Normale,Deux véhicules - côté,,,,,,,,,,,1,2,1,1.0,3.0
201100037638,0011-09-10 22:05:00,11,9,10,22,5,630,164,MITTERRAND ( Avenue Fran,,,Nuit sans éclairage public,En agglomération,Hors intersection,Normale,Deux véhicules - arrière,,,,,,,,,,,3,2,1,1.0,2.0
201100037639,0011-09-28 09:55:00,11,9,28,9,55,630,164,MITTERRAND ( Avenue Fran,,,Plein jour,En agglomération,Hors intersection,Normale,Deux véhicules - frontale,,,,,,,,,,,1,2,1,1.0,1.0
201100037640,0011-10-03 13:40:00,11,10,3,13,40,630,164,MITTERRAND ( Avenue Fran,45.82834,3.15805,Plein jour,En agglomération,Intersection en Y,Normale,Deux véhicules - côté,,,,,,,,,,,1,2,4,1.0,3.0
201100037641,0011-10-04 07:40:00,11,10,4,7,40,630,63,"59, CHATEAUGAY (RUE DE)",45.83867,3.09282,Plein jour,En agglomération,Hors intersection,Normale,Sans collision,,,,,,,,,,,1,2,1,1.0,7.0
201100037642,0011-11-06 18:45:00,11,11,6,18,45,630,63,"83, REPUBLIQUE (AVENUE D",45.82299,3.10631,Nuit avec éclairage allumé,Hors agglomération,Hors intersection,Pluie légère,Deux véhicules - arrière,,,,,,,,,,,5,1,1,2.0,2.0
201100037643,0011-12-18 12:50:00,11,12,18,12,50,630,63,RD 2009,,,Plein jour,Hors agglomération,Hors intersection,Pluie légère,Deux véhicules - arrière,,,,,,,,,,,1,1,1,2.0,2.0
201100037644,0011-01-07 15:30:00,11,1,7,15,30,630,103,Route départementale,45.92382,3.06779,Plein jour,En agglomération,Intersection en X,Normale,Deux véhicules - côté,,,,,,,,,,,1,2,2,1.0,3.0
201100037645,0011-01-29 16:10:00,11,1,29,16,10,630,300,"19, RD 224",45.8942,3.1275,Plein jour,En agglomération,Hors intersection,Normale,Autre collision,,,,,,,,,,,1,2,1,1.0,6.0
201100037646,0011-02-24 19:30:00,11,2,24,19,30,630,300,RD 2144,,,Nuit sans éclairage public,Hors agglomération,Hors intersection,Normale,Deux véhicules - frontale,,,,,,,,,,,3,1,1,1.0,1.0
201100037647,0011-04-30 23:40:00,11,4,30,23,40,630,300,RD 2029,,,Nuit avec éclairage allumé,En agglomération,Hors intersection,Normale,Deux véhicules - côté,,,,,,,,,,,5,2,1,1.0,3.0
201100037648,0011-05-09 00:20:00,11,5,9,0,20,630,103,SARDON (RUE DE),45.91947,3.06746,Nuit avec éclairage allumé,En agglomération,Intersection en X,Normale,Deux véhicules - côté,,,,,,,,,,,5,2,2,1.0,3.0
201100037649,0011-09-27 18:20:00,11,9,27,18,20,630,300,RD 2144,,,Plein jour,Hors agglomération,Hors intersection,Normale,Deux véhicules - côté,,,,,,,,,,,1,1,1,1.0,3.0
201100037650,0011-10-04 15:30:00,11,10,4,15,30,630,103,RD 227,45.92537,3.06358,Plein jour,En agglomération,Intersection en T,Normale,Deux véhicules - côté,,,,,,,,,,,1,2,3,1.0,3.0