accident_id,datetime,annee,mois,jour,heure,minute,departement,commune_insee,adresse,latitude,longitude,luminosite,agglomeration,intersection,meteo,collision,nb_vehicules,nb_usagers,nb_indemnes,nb_tues,nb_blesses_hosp,nb_blesses_legers,age_cond_1,age_cond_2,veh_type_cond_1,veh_type_cond_2,lum_code,agg_code,int_code,atm_code,col_code
201100037651,0011-10-17 16:40:00,11,10,17,16,40,630,300,RD 224,,,Plein jour,Hors agglomération,Autre intersection,Normale,Trois véhicules et plus - collisions multiples,,,,,,,,,,,1,1,9,1.0,5.0
201100037652,0011-11-05 05:15:00,11,11,5,5,15,630,224,bre2009 vers 2009S/N,45.8714,3.11847,Nuit sans éclairage public,Hors agglomération,Autre intersection,Normale,Autre collision,,,,,,,,,,,3,1,9,1.0,6.0
201100037653,0011-11-09 17:45:00,11,11,9,17,45,630,300,RD 2009,,,Nuit avec éclairage allumé,En agglomération,Giratoire,Normale,Deux véhicules - côté,,,,,,,,,,,5,2,6,1.0,3.0
201100037654,0011-01-05 21:10:00,11,1,5,21,10,640,102,"4, AVENUE JOUANDIN",43.5022,-1.45317,Nuit avec éclairage allumé,En agglomération,Intersection en T,Pluie légère,Deux véhicules - côté,,,,,,,,,,,5,2,3,2.0,3.0
201100037655,0011-01-06 15:30:00,11,1,6,15,30,640,102,57 AV CAPIT RESPLANDY,43.4851,-1.45962,Plein jour,En agglomération,Hors intersection,Normale,Deux véhicules - frontale,,,,,,,,,,,1,2,1,1.0,1.0
201100037656,0011-01-06 17:29:00,11,1,6,17,29,640,102,37 AV LEGION TCHEQUE,43.4927,-1.48757,Plein jour,En agglomération,Intersection en T,Normale,Deux véhicules - côté,,,,,,,,,,,1,2,3,1.0,3.0
201100037657,0011-01-08 15:55:00,11,1,8,15,55,640,102,24  AVENUE DE MOUNEDE,43.4999,-1.45741,Plein jour,En agglomération,Place,Normale,Deux véhicules - côté,,,,,,,,,,,1,2,7,1.0,3.0
201100037658,0011-01-09 06:20:00,11,1,9,6,20,640,102,"34, PLACE DE REPUBLIQUE",43.4959,-1.46964,Nuit avec éclairage allumé,En agglomération,Hors intersection,Normale,Sans collision,,,,,,,,,,,5,2,1,1.0,7.0
201100037659,0011-01-10 19:45:00,11,1,10,19,45,640,102,GIRATOIRE DE MAIGNON,43.4606,-1.49623,Nuit avec éclairage allumé,En agglomération,Giratoire,Temps couvert,Sans collision,,,,,,,,,,,5,2,6,8.0,7.0
201100037660,0011-01-12 12:40:00,11,1,12,12,40,640,102,RUE PIERRE LAPORTE,43.4853,-1.49471,Plein jour,En agglomération,Hors intersection,Pluie légère,Sans collision,,,,,,,,,,,1,2,1,2.0,7.0
201100037661,0011-01-12 18:55:00,11,1,12,18,55,640,102,BD DU BAB,43.4983,-1.49168,Nuit avec éclairage allumé,En agglomération,Hors intersection,Temps couvert,Sans collision,,,,,,,,,,,5,2,1,8.0,7.0
201100037662,0011-01-15 09:55:00,11,1,15,9,55,640,102,RUE PANNECAU,43.4894,-1.47239,Plein jour,En agglomération,Hors intersection,Normale,Sans collision,,,,,,,,,,,1,2,1,1.0,7.0
201100037663,0011-01-15 18:30:00,11,1,15,18,30,640,102,ALLEES BOUFFLERS,43.4925,-1.47127,Nuit avec éclairage allumé,En agglomération,Hors intersection,Normale,Sans collision,,,,,,,,,,,5,2,1,1.0,7.0
201100037664,0011-01-16 20:30:00,11,1,16,20,30,640,102,RUE MOULIN DE CASTERA,43.4901,-1.46024,Nuit avec éclairage allumé,En agglomération,Hors intersection,Normale,Sans collision,,,,,,,,,,,5,2,1,1.0,7.0
201100037665,0011-02-05 11:56:00,11,2,5,11,56,640,102,PONT SAINT ESPRIT,43.4948,-1.47121,Plein jour,En agglomération,Hors intersection,Normale,Deux véhicules - arrière,,,,,,,,,,,1,2,1,1.0,2.0
201100037666,0011-02-08 08:25:00,11,2,8,8,25,640,102,"51, AV LOUIS DE FOIX",43.5102,-1.46824,Plein jour,En agglomération,Intersection en T,Normale,Deux véhicules - côté,,,,,,,,,,,1,2,3,1.0,3.0
201100037667,0011-02-09 17:52:00,11,2,9,17,52,640,24,"8,DOCTEURS  GENTILHE",43.4998,-1.5422,Plein jour,En agglomération,Hors intersection,Temps éblouissant,Deux véhicules - côté,,,,,,,,,,,1,2,1,7.0,3.0
201100037668,0011-02-18 09:02:00,11,2,18,9,2,640,24,124 AV DE L' ADOUR,43.5263,-1.51159,Plein jour,En agglomération,Hors intersection,Normale,Deux véhicules - côté,,,,,,,,,,,1,2,1,1.0,3.0
201100037669,0011-02-18 19:30:00,11,2,18,19,30,640,24,"32, RUE DES CINQ CANTONS",43.4878,-1.52183,Nuit avec éclairage allumé,En agglomération,Hors intersection,Normale,Autre collision,,,,,,,,,,,5,2,1,1.0,6.0
201100037670,0011-02-24 17:20:00,11,2,24,17,20,640,140,AV CHARLES DE GAULLE,43.528,-1.47414,Plein jour,En agglomération,Intersection en X,Normale,Deux véhicules - côté,,,,,,,,,,,1,2,2,1.0,3.0
201100037671,0011-02-25 17:55:00,11,2,25,17,55,640,102,"., PONT SAINT ESPRIT",43.4947,-1.47131,Plein jour,En agglomération,Hors intersection,Normale,Deux véhicules - arrière,,,,,,,,,,,1,2,1,1.0,2.0
201100037672,0011-03-04 18:30:00,11,3,4,18,30,640,102,RUE MARECHAL KOENIG,43.4853,-1.49143,Plein jour,En agglomération,Hors intersection,Normale,Sans collision,,,,,,,,,,,1,2,1,1.0,7.0
201100037673,0011-03-05 06:02:00,11,3,5,6,2,640,102,53 DUVERGIER DE HAURANNE,43.4834,-1.46615,Crépuscule ou aube,En agglomération,Hors intersection,Normale,Sans collision,,,,,,,,,,,2,2,1,1.0,7.0
201100037674,0011-03-05 07:20:00,11,3,5,7,20,640,24,BOULEVARD DU BAB,43.4923,-1.53227,Plein jour,En agglomération,Hors intersection,Normale,Deux véhicules - côté,,,,,,,,,,,1,2,1,1.0,3.0
201100037675,0011-03-06 07:12:00,11,3,6,7,12,640,24,12 ROUTE DE MAIGNON,43.4791,-1.50508,Crépuscule ou aube,En agglomération,Hors intersection,Normale,Autre collision,,,,,,,,,,,2,2,1,1.0,6.0
201100037676,0011-03-07 13:05:00,11,3,7,13,5,640,24,"69, AV DE L'ADOUR",43.5088,-1.49852,Plein jour,En agglomération,Hors intersection,Normale,Deux véhicules - côté,,,,,,,,,,,1,2,1,1.0,3.0
201100037677,0011-03-10 23:55:00,11,3,10,23,55,640,24,"11,AVENUE DE MAIGNON",43.4801,-1.50819,Nuit avec éclairage allumé,En agglomération,Hors intersection,Normale,Sans collision,,,,,,,,,,,5,2,1,1.0,7.0
201100037678,0011-03-15 11:36:00,11,3,15,11,36,640,102,BD ALSACE LORRAINE,43.4953,-1.47023,Plein jour,En agglomération,Hors intersection,Temps couvert,Autre collision,,,,,,,,,,,1,2,1,8.0,6.0
201100037679,0011-03-22 17:30:00,11,3,22,17,30,640,102,"49, AV DU 8 MAI 1945",43.4692,-1.48978,Plein jour,En agglomération,Intersection en T,Pluie légère,Deux véhicules - côté,,,,,,,,,,,1,2,3,2.0,3.0
201100037680,0011-03-26 11:00:00,11,3,26,11,0,640,24,RUE DE HAUSQUETTE,43.4885,-1.51267,Plein jour,En agglomération,Intersection en T,Normale,Deux véhicules - côté,,,,,,,,,,,1,2,3,1.0,3.0
201100037681,0011-03-26 19:04:00,11,3,26,19,4,640,102,PONT GRENET,43.498,-1.48243,Plein jour,En agglomération,Hors intersection,Normale,Sans collision,,,,,,,,,,,1,2,1,1.0,7.0
201100037682,0011-03-28 22:00:00,11,3,28,22,0,640,102,BD DU BAB/SABALCE,43.4982,-1.49072,Nuit avec éclairage allumé,En agglomération,Intersection en X,Normale,Deux véhicules - côté,,,,,,,,,,,5,2,2,1.0,3.0
201100037683,0011-03-31 12:10:00,11,3,31,12,10,640,24,"69, AV DE BAYONNE",43.4833,-1.50198,Plein jour,En agglomération,Hors intersection,Normale,Sans collision,,,,,,,,,,,1,2,1,1.0,7.0
201100037684,0011-04-01 19:15:00,11,4,1,19,15,640,24,ROUTE DE BAHINOS,43.4982,-1.51661,Plein jour,En agglomération,Giratoire,Normale,Sans collision,,,,,,,,,,,1,2,6,1.0,7.0
201100037685,0011-04-08 01:37:00,11,4,8,1,37,640,24,64 AV DE BIARRITZ,43.4804,-1.52757,Nuit avec éclairage allumé,En agglomération,Hors intersection,Normale,Sans collision,,,,,,,,,,,5,2,1,1.0,7.0
201100037686,0011-04-09 01:02:00,11,4,9,1,2,640,102,AV DE PAMPELUNE,43.4886,-1.47954,Nuit avec éclairage allumé,En agglomération,Hors intersection,Normale,Autre collision,,,,,,,,,,,5,2,1,1.0,6.0
201100037687,0011-04-14 14:30:00,11,4,14,14,30,640,24,RUE DES BARTHES,43.4835,-1.50839,Plein jour,En agglomération,Hors intersection,Normale,Deux véhicules - frontale,,,,,,,,,,,1,2,1,1.0,1.0
201100037688,0011-04-15 17:00:00,11,4,15,17,0,640,24,RUE AMEDE DUFOURG,43.4809,-1.51521,Plein jour,En agglomération,Hors intersection,Normale,Autre collision,,,,,,,,,,,1,2,1,1.0,6.0
201100037689,0011-04-15 18:20:00,11,4,15,18,20,640,102,PLACE DE LA  REPUBLIQUE,43.4957,-1.47012,Plein jour,En agglomération,Hors intersection,Normale,Sans collision,,,,,,,,,,,1,2,1,1.0,7.0
201100037690,0011-04-17 16:25:00,11,4,17,16,25,640,24,BD DU BAB,43.4921,-1.53245,Plein jour,En agglomération,Hors intersection,Normale,Deux véhicules - côté,,,,,,,,,,,1,2,1,1.0,3.0
201100037691,0011-04-18 14:32:00,11,4,18,14,32,640,24,BD DU BAB,43.4971,-1.50892,Plein jour,En agglomération,Giratoire,Normale,Deux véhicules - arrière,,,,,,,,,,,1,2,6,1.0,2.0
201100037692,0011-04-19 14:52:00,11,4,19,14,52,640,24,AV DES GOELANDS,43.5035,-1.53808,Plein jour,En agglomération,Hors intersection,Normale,Deux véhicules - côté,,,,,,,,,,,1,2,1,1.0,3.0
201100037693,0011-04-24 13:35:00,11,4,24,13,35,640,24,BD DU BAB,43.492,-1.53247,Plein jour,En agglomération,Hors intersection,Normale,Deux véhicules - côté,,,,,,,,,,,1,2,1,1.0,3.0
201100037694,0011-05-04 16:55:00,11,5,4,16,55,640,24,"12BIS,CH DES BARTHES",43.4966,-1.49396,Plein jour,En agglomération,Hors intersection,Normale,Deux véhicules - côté,,,,,,,,,,,1,2,1,1.0,3.0
201100037695,0011-05-05 05:25:00,11,5,5,5,25,640,24,BUTTE AUX CAILLES,43.4972,-1.50904,Nuit avec éclairage allumé,En agglomération,Giratoire,Normale,Sans collision,,,,,,,,,,,5,2,6,1.0,7.0
201100037696,0011-05-05 18:23:00,11,5,5,18,23,640,102,AV PAUL PRAS,43.484,-1.47673,Plein jour,En agglomération,Intersection en T,Normale,Autre collision,,,,,,,,,,,1,2,3,1.0,6.0
201100037697,0011-05-06 07:53:00,11,5,6,7,53,640,24,7 RUE DOUS BOS,43.4903,-1.50525,Plein jour,En agglomération,Hors intersection,Normale,Deux véhicules - frontale,,,,,,,,,,,1,2,1,1.0,1.0
201100037698,0011-05-06 11:44:00,11,5,6,11,44,640,24,PROMENADE DE LA  BARRE,43.5004,-1.5278,Plein jour,En agglomération,Hors intersection,Normale,Sans collision,,,,,,,,,,,1,2,1,1.0,7.0
201100037699,0011-05-08 07:50:00,11,5,8,7,50,640,24,72 AV DE  MAIGNON,43.472,-1.49901,Plein jour,En agglomération,Hors intersection,Normale,Autre collision,,,,,,,,,,,1,2,1,1.0,6.0
201100037700,0011-05-10 15:20:00,11,5,10,15,20,640,102,AV DU CAPIT RESPLANDY,43.4841,-1.45675,Plein jour,En agglomération,Hors intersection,Normale,Deux véhicules - frontale,,,,,,,,,,,1,2,1,1.0,1.0
201100037701,0011-05-13 14:00:00,11,5,13,14,0,640,24,AVENUE DE BAYONNE,43.4808,-1.51277,Plein jour,En agglomération,Intersection en T,Normale,Deux véhicules - côté,,,,,,,,,,,1,2,3,1.0,3.0
201100037702,0011-05-20 18:17:00,11,5,20,18,17,640,24,BD D'ARITXAGUE,43.4866,-1.49044,Plein jour,En agglomération,Hors intersection,Pluie légère,Sans collision,,,,,,,,,,,1,2,1,2.0,7.0
201100037703,0011-05-20 13:34:00,11,5,20,13,34,640,102,45 AV ALLEES MARINES,43.4986,-1.48779,Plein jour,En agglomération,Hors intersection,Normale,Trois véhicules et plus - en chaîne,,,,,,,,,,,1,2,1,1.0,4.0
201100037704,0011-05-21 15:26:00,11,5,21,15,26,640,24,RUE DU BOIS BELIN,43.4936,-1.51,Plein jour,En agglomération,Intersection en X,Normale,Deux véhicules - côté,,,,,,,,,,,1,2,2,1.0,3.0
201100037705,0011-05-22 01:05:00,11,5,22,1,5,640,102,"63/64, AV RESPLANDY",43.484,-1.45661,Nuit avec éclairage allumé,En agglomération,Hors intersection,Normale,Sans collision,,,,,,,,,,,5,2,1,1.0,7.0
201100037706,0011-05-23 02:25:00,11,5,23,2,25,640,140,RUE SAINT CHARLES,43.528,-1.49445,Nuit avec éclairage allumé,En agglomération,Hors intersection,Normale,Deux véhicules - côté,,,,,,,,,,,5,2,1,1.0,3.0
201100037707,0011-05-22 06:02:00,11,5,22,6,2,640,24,7 AVENUE D' ESPAGNE,43.4802,-1.51552,Crépuscule ou aube,En agglomération,Intersection en Y,Normale,Sans collision,,,,,,,,,,,2,2,4,1.0,7.0
201100037708,0011-05-23 12:05:00,11,5,23,12,5,640,24,BD DU BAB,43.4974,-1.50275,Plein jour,En agglomération,Hors intersection,Normale,Deux véhicules - arrière,,,,,,,,,,,1,2,1,1.0,2.0
201100037709,0011-05-25 18:15:00,11,5,25,18,15,640,140,RUE MAURICE PERSE,43.528,-1.49444,Plein jour,En agglomération,Intersection en T,Normale,Deux véhicules - frontale,,,,,,,,,,,1,2,3,1.0,1.0
201100037710,0011-05-25 18:15:00,11,5,25,18,15,640,102,AV DE MOUNEDE,43.4989,-1.45943,Plein jour,En agglomération,Giratoire,Normale,Sans collision,,,,,,,,,,,1,2,6,1.0,7.0
201100037711,0011-05-27 08:15:00,11,5,27,8,15,640,102,AV DE L' AQUITAINE,43.4865,-1.46799,Plein jour,En agglomération,Hors intersection,Temps couvert,Sans collision,,,,,,,,,,,1,2,1,8.0,7.0
201100037712,0011-05-28 13:20:00,11,5,28,13,20,640,24,BD DU BAB,43.4927,-1.53182,Plein jour,En agglomération,Hors intersection,Normale,Sans collision,,,,,,,,,,,1,2,1,1.0,7.0
201100037713,0011-05-31 10:25:00,11,5,31,10,25,640,102,21 BD ALSACE LORRAINE,43.4942,-1.46758,Plein jour,En agglomération,Hors intersection,Temps couvert,Sans collision,,,,,,,,,,,1,2,1,8.0,7.0
201100037714,0011-06-04 23:50:00,11,6,4,23,50,640,102,AV HENRI GRENET,43.5037,-1.4686,Nuit avec éclairage allumé,En agglomération,Hors intersection,Normale,Sans collision,,,,,,,,,,,5,2,1,1.0,7.0
201100037715,0011-06-06 22:00:00,11,6,6,22,0,640,24,47 BD DE LA MER,43.4936,-1.54552,Nuit avec éclairage allumé,Hors agglomération,Intersection en T,Normale,Trois véhicules et plus - collisions multiples,,,,,,,,,,,5,1,3,1.0,5.0
201100037716,0011-06-10 09:35:00,11,6,10,9,35,640,140,QUAI DE LA DOUANE,43.5207,-1.48873,Plein jour,En agglomération,Hors intersection,Temps couvert,Autre collision,,,,,,,,,,,1,2,1,8.0,6.0
201100037717,0011-06-14 14:00:00,11,6,14,14,0,640,102,RP  ALLEES MARINES,43.4968,-1.48346,Plein jour,En agglomération,Giratoire,Normale,Deux véhicules - côté,,,,,,,,,,,1,2,6,1.0,3.0
201100037718,0011-06-16 14:08:00,11,6,16,14,8,640,102,CHEMIN DE SAINT ETIENNE,43.4989,-1.46057,Plein jour,En agglomération,Hors intersection,Pluie légère,Autre collision,,,,,,,,,,,1,2,1,2.0,6.0
201100037719,0011-06-18 18:30:00,11,6,18,18,30,640,140,26 RUE PAUL BIREMONT,43.5266,-1.4917,Plein jour,En agglomération,Hors intersection,Normale,Deux véhicules - arrière,,,,,,,,,,,1,2,1,1.0,2.0
201100037720,0011-06-21 20:30:00,11,6,21,20,30,640,102,PONT SAINT ESPRIT,43.4947,-1.47133,Plein jour,En agglomération,Hors intersection,Normale,Autre collision,,,,,,,,,,,1,2,1,1.0,6.0
201100037721,0011-06-23 22:25:00,11,6,23,22,25,640,24,AV JEAN LAPORTE,43.4853,-1.50365,Nuit avec éclairage allumé,En agglomération,Giratoire,Normale,Autre collision,,,,,,,,,,,5,2,6,1.0,6.0
201100037722,0011-06-24 23:30:00,11,6,24,23,30,640,102,AV DU QUATORZE AVRIL,43.5033,-1.4639,Nuit avec éclairage allumé,En agglomération,Giratoire,Normale,Deux véhicules - côté,,,,,,,,,,,5,2,6,1.0,3.0
201100037723,0011-06-26 02:20:00,11,6,26,2,20,640,102,RUE PONTRIQUE,43.4905,-1.4731,Nuit avec éclairage allumé,En agglomération,Hors intersection,Normale,Autre collision,,,,,,,,,,,5,2,1,1.0,6.0
201100037724,0011-07-04 19:30:00,11,7,4,19,30,640,102,AV DES ALLEES PAULMY,43.4943,-1.47916,Plein jour,En agglomération,Hors intersection,Normale,Deux véhicules - arrière,,,,,,,,,,,1,2,1,1.0,2.0
201100037725,0011-07-05 20:10:00,11,7,5,20,10,640,140,AV CHARLES DE GAULLE,43.5279,-1.47262,Plein jour,En agglomération,Hors intersection,Normale,Deux véhicules - arrière,,,,,,,,,,,1,2,1,1.0,2.0
201100037726,0011-07-07 10:20:00,11,7,7,10,20,640,102,103  AV DU 14 AVRIL,43.5041,-1.44966,Plein jour,En agglomération,Hors intersection,Temps couvert,Sans collision,,,,,,,,,,,1,2,1,8.0,7.0
201100037727,0011-07-07 21:59:00,11,7,7,21,59,640,24,31 RUE D'EUSKADI,43.4922,-1.50407,Nuit avec éclairage allumé,En agglomération,Hors intersection,Normale,Autre collision,,,,,,,,,,,5,2,1,1.0,6.0
201100037728,0011-07-08 22:25:00,11,7,8,22,25,640,24,BD DES PLAGES,43.5091,-1.53059,Nuit avec éclairage allumé,En agglomération,Hors intersection,Normale,Deux véhicules - arrière,,,,,,,,,,,5,2,1,1.0,2.0
201100037729,0011-07-09 07:45:00,11,7,9,7,45,640,102,ROND POINT SAINT LEON,43.4882,-1.48251,Plein jour,En agglomération,Giratoire,Pluie légère,Deux véhicules - côté,,,,,,,,,,,1,2,6,2.0,3.0
201100037730,0011-07-10 01:35:00,11,7,10,1,35,640,140,RUE PIERRE LACOUTURE,43.531,-1.47388,Nuit avec éclairage allumé,En agglomération,Hors intersection,Temps couvert,Sans collision,,,,,,,,,,,5,2,1,8.0,7.0
201100037731,0011-07-12 19:00:00,11,7,12,19,0,640,24,AV D'ESPAGNE/MALACHON,43.4725,-1.53514,Plein jour,En agglomération,Intersection en T,Pluie légère,Deux véhicules - côté,,,,,,,,,,,1,2,3,2.0,3.0
201100037732,0011-07-12 23:55:00,11,7,12,23,55,640,24,AV EUGENE BERNAIN,43.484,-1.51137,Nuit avec éclairage allumé,En agglomération,Intersection en T,Pluie forte,Deux véhicules - frontale,,,,,,,,,,,5,2,3,3.0,1.0
201100037733,0011-07-15 09:30:00,11,7,15,9,30,640,102,AV INTERNE JACQUES LOEB,43.483,-1.48241,Plein jour,En agglomération,Giratoire,Normale,Autre collision,,,,,,,,,,,1,2,6,1.0,6.0
201100037734,0011-07-17 21:46:00,11,7,17,21,46,640,24,1 BIS AV DE BIARRITZ,43.4804,-1.51591,Plein jour,En agglomération,Hors intersection,Temps couvert,Sans collision,,,,,,,,,,,1,2,1,8.0,7.0
201100037735,0011-07-18 12:50:00,11,7,18,12,50,640,24,RUE FEUILLEE,43.484,-1.50174,Plein jour,En agglomération,Hors intersection,Pluie légère,Deux véhicules - arrière,,,,,,,,,,,1,2,1,2.0,2.0
201100037736,0011-07-20 13:30:00,11,7,20,13,30,640,24,111 BIS AV DE L' ADOUR,43.5138,-1.50051,Plein jour,En agglomération,Hors intersection,Normale,Deux véhicules - côté,,,,,,,,,,,1,2,1,1.0,3.0
201100037737,0011-07-20 18:30:00,11,7,20,18,30,640,24,AV EUGENE BERNAIN,43.4834,-1.51098,Plein jour,En agglomération,Intersection en T,Normale,Deux véhicules - côté,,,,,,,,,,,1,2,3,1.0,3.0
201100037738,0011-07-22 07:40:00,11,7,22,7,40,640,24,42 AV GUYNEMER,43.4991,-1.53992,Plein jour,En agglomération,Intersection en T,Normale,Deux véhicules - arrière,,,,,,,,,,,1,2,3,1.0,2.0
201100037739,0011-07-22 15:41:00,11,7,22,15,41,640,24,ROND POINT DE JORLIS,43.4983,-1.49454,Plein jour,En agglomération,Giratoire,Normale,Deux véhicules - côté,,,,,,,,,,,1,2,6,1.0,3.0
201100037740,0011-07-23 20:45:00,11,7,23,20,45,640,102,26 AV DES ALLEES PAULMY,43.4896,-1.48235,Plein jour,En agglomération,Hors intersection,Temps couvert,Deux véhicules - côté,,,,,,,,,,,1,2,1,8.0,3.0
201100037741,0011-07-23 21:20:00,11,7,23,21,20,640,24,ROND POINT ELISE CESTAC,43.4946,-1.52821,Plein jour,En agglomération,Hors intersection,Temps couvert,Deux véhicules - frontale,,,,,,,,,,,1,2,1,8.0,1.0
201100037742,0011-07-24 04:30:00,11,7,24,4,30,640,24,AVENUE DE BIARRITZ,43.4802,-1.52546,Nuit avec éclairage allumé,En agglomération,Hors intersection,Normale,Sans collision,,,,,,,,,,,5,2,1,1.0,7.0
201100037743,0011-07-26 14:20:00,11,7,26,14,20,640,102,9 AV CAMP DE PRATS,43.484,-1.46394,Plein jour,En agglomération,Hors intersection,Pluie légère,Autre collision,,,,,,,,,,,1,2,1,2.0,6.0
201100037744,0011-07-27 10:05:00,11,7,27,10,5,640,102,14 CHEMIN DE SABALCE,43.497,-1.49125,Plein jour,En agglomération,Hors intersection,Temps couvert,Sans collision,,,,,,,,,,,1,2,1,8.0,7.0
201100037745,0011-07-27 16:17:00,11,7,27,16,17,640,102,08 AV DU GRAND BASQUE,43.4896,-1.45632,Plein jour,En agglomération,Hors intersection,Normale,Autre collision,,,,,,,,,,,1,2,1,1.0,6.0
201100037746,0011-07-30 16:15:00,11,7,30,16,15,640,102,AV DU 8 MAI 1945,43.4661,-1.49427,Plein jour,En agglomération,Hors intersection,Normale,Deux véhicules - arrière,,,,,,,,,,,1,2,1,1.0,2.0
201100037747,0011-07-31 14:40:00,11,7,31,14,40,640,102,AV MARECHAL SOULT,43.4861,-1.48991,Plein jour,En agglomération,Hors intersection,Normale,Autre collision,,,,,,,,,,,1,2,1,1.0,6.0
201100037748,0011-08-03 17:11:00,11,8,3,17,11,640,24,ROUTE DE MAIGNON,43.4662,-1.49609,Plein jour,En agglomération,Hors intersection,Normale,Deux véhicules - côté,,,,,,,,,,,1,2,1,1.0,3.0
201100037749,0011-08-10 18:15:00,11,8,10,18,15,640,24,AV MARECHAL SOULT,43.484,-1.49924,Plein jour,En agglomération,Intersection en T,Normale,Deux véhicules - côté,,,,,,,,,,,1,2,3,1.0,3.0
201100037750,0011-08-11 20:55:00,11,8,11,20,55,640,24,PARKING AEROPORT,43.4729,-1.53127,Plein jour,En agglomération,Hors intersection,Temps éblouissant,Autre collision,,,,,,,,,,,1,2,1,7.0,6.0
201100037751,0011-08-12 13:55:00,11,8,12,13,55,640,140,QUAI DE LA DOUANE,43.523,-1.49106,Plein jour,En agglomération,Intersection en T,Temps couvert,Autre collision,,,,,,,,,,,1,2,3,8.0,6.0
201100037752,0011-08-14 16:35:00,11,8,14,16,35,640,24,AV DE BAYONNE,43.4812,-1.51064,Plein jour,En agglomération,Intersection en T,Normale,Autre collision,,,,,,,,,,,1,2,3,1.0,6.0
201100037753,0011-08-16 18:50:00,11,8,16,18,50,640,140,27-31 RUE JEAN MOULIN,43.5334,-1.47073,Plein jour,En agglomération,Hors intersection,Normale,Sans collision,,,,,,,,,,,1,2,1,1.0,7.0
201100037754,0011-08-17 01:20:00,11,8,17,1,20,640,24,98 AVENUE DE BIARRITZ,43.4811,-1.53353,Nuit avec éclairage allumé,En agglomération,Hors intersection,Normale,Autre collision,,,,,,,,,,,5,2,1,1.0,6.0
201100037755,0011-08-18 06:40:00,11,8,18,6,40,640,24,25 BD DU BAB,43.4967,-1.48657,Nuit avec éclairage allumé,En agglomération,Hors intersection,Normale,Sans collision,,,,,,,,,,,5,2,1,1.0,7.0
201100037756,0011-08-18 10:02:00,11,8,18,10,2,640,24,GIRATOIRE DE MAIGNON,43.4661,-1.49576,Plein jour,En agglomération,Giratoire,Temps couvert,Autre collision,,,,,,,,,,,1,2,6,8.0,6.0
201100037757,0011-08-20 14:25:00,11,8,20,14,25,640,24,BD DU BAB,43.4878,-1.53615,Plein jour,En agglomération,Intersection en X,Normale,Deux véhicules - côté,,,,,,,,,,,1,2,2,1.0,3.0
201100037758,0011-08-22 14:05:00,11,8,22,14,5,640,24,"5 BIS, CHEMIN DU BOIS",43.4734,-1.51634,Plein jour,En agglomération,Hors intersection,Normale,Autre collision,,,,,,,,,,,1,2,1,1.0,6.0
201100037759,0011-08-23 00:35:00,11,8,23,0,35,640,102,5 CHEMIN DE HARGOUS,43.5045,-1.46336,Nuit avec éclairage allumé,En agglomération,Hors intersection,Normale,Deux véhicules - côté,,,,,,,,,,,5,2,1,1.0,3.0
201100037760,0011-08-26 00:15:00,11,8,26,0,15,640,102,AV DE L'AQUITAINE,43.4863,-1.46718,Nuit avec éclairage allumé,En agglomération,Hors intersection,Normale,Deux véhicules - arrière,,,,,,,,,,,5,2,1,1.0,2.0
201100037761,0011-08-26 14:14:00,11,8,26,14,14,640,24,AV DE BIARRITZ/LABOUHEYR,43.4811,-1.53361,Plein jour,En agglomération,Hors intersection,Normale,Deux véhicules - côté,,,,,,,,,,,1,2,1,1.0,3.0
201100037762,0011-08-27 21:13:00,11,8,27,21,13,640,140,QUAI DE LA DOUANE,43.5235,-1.49214,Nuit sans éclairage public,En agglomération,Hors intersection,Normale,Deux véhicules - frontale,,,,,,,,,,,3,2,1,1.0,1.0
201100037763,0011-08-28 11:45:00,11,8,28,11,45,640,140,SQUARE DU TROSSOAT,43.5245,-1.49357,Plein jour,En agglomération,Hors intersection,Normale,Autre collision,,,,,,,,,,,1,2,1,1.0,6.0
201100037764,0011-08-28 19:45:00,11,8,28,19,45,640,102,.AV FERNAND FORGUES,43.4867,-1.47968,Plein jour,En agglomération,Hors intersection,Normale,Sans collision,,,,,,,,,,,1,2,1,1.0,7.0
201100037765,0011-09-04 11:00:00,11,9,4,11,0,640,24,21 RUE DES BARTHES,43.4844,-1.50418,Plein jour,En agglomération,Hors intersection,Normale,Sans collision,,,,,,,,,,,1,2,1,1.0,7.0
201100037766,0011-09-08 10:34:00,11,9,8,10,34,640,102,AV DU QUATORZE AVRIL,43.5023,-1.46166,Plein jour,En agglomération,Hors intersection,Normale,Autre collision,,,,,,,,,,,1,2,1,1.0,6.0
201100037767,0011-09-13 23:00:00,11,9,13,23,0,640,24,BD DU BAB,43.4915,-1.53308,Nuit avec éclairage allumé,En agglomération,Hors intersection,Normale,Autre collision,,,,,,,,,,,5,2,1,1.0,6.0
201100037768,0011-09-18 09:40:00,11,9,18,9,40,640,102,PONT SAINT ESPRIT,43.4953,-1.47046,Plein jour,En agglomération,Hors intersection,Pluie légère,Sans collision,,,,,,,,,,,1,2,1,2.0,7.0
201100037769,0011-09-18 12:32:00,11,9,18,12,32,640,140,Z.A. DU BAZE,43.5213,-1.48881,Plein jour,En agglomération,Hors intersection,Pluie forte,Sans collision,,,,,,,,,,,1,2,1,3.0,7.0
201100037770,0011-09-19 09:05:00,11,9,19,9,5,640,140,AV LOUIS DE FOIX,43.5261,-1.4939,Plein jour,En agglomération,Intersection en T,Temps couvert,Deux véhicules - frontale,,,,,,,,,,,1,2,3,8.0,1.0
201100037771,0011-09-21 12:13:00,11,9,21,12,13,640,102,ROND POINT SAINT LEON,43.4887,-1.4827,Plein jour,En agglomération,Hors intersection,Normale,Autre collision,,,,,,,,,,,1,2,1,1.0,6.0