accident_id,datetime,annee,mois,jour,heure,minute,departement,commune_insee,adresse,latitude,longitude,luminosite,agglomeration,intersection,meteo,collision,nb_vehicules,nb_usagers,nb_indemnes,nb_tues,nb_blesses_hosp,nb_blesses_legers,age_cond_1,age_cond_2,veh_type_cond_1,veh_type_cond_2,lum_code,agg_code,int_code,atm_code,col_code
201100037772,0011-09-21 16:23:00,11,9,21,16,23,640,24,AV JEAN LAPORTE/DOUS BOS,43.4892,-1.49958,Plein jour,En agglomération,Hors intersection,Normale,Deux véhicules - arrière,,,,,,,,,,,1,2,1,1.0,2.0
201100037773,0011-09-23 13:20:00,11,9,23,13,20,640,102,123 AV MARECHAL SOULT,43.5017,-1.45774,Plein jour,En agglomération,Intersection en T,Normale,Deux véhicules - côté,,,,,,,,,,,1,2,3,1.0,3.0
201100037774,0011-09-24 20:20:00,11,9,24,20,20,640,102,RUE CHALIBARDON,43.4902,-1.45335,Nuit avec éclairage allumé,En agglomération,Giratoire,Normale,Sans collision,,,,,,,,,,,5,2,6,1.0,7.0
201100037775,0011-09-26 17:00:00,11,9,26,17,0,640,102,AVENUE DES ALLEE PAULMY,43.4887,-1.48268,Plein jour,En agglomération,Hors intersection,Temps éblouissant,Deux véhicules - côté,,,,,,,,,,,1,2,1,7.0,3.0
201100037776,0011-09-29 09:50:00,11,9,29,9,50,640,102,PONT GRENET,43.4978,-1.48261,Plein jour,En agglomération,Hors intersection,Normale,Trois véhicules et plus - en chaîne,,,,,,,,,,,1,2,1,1.0,4.0
201100037777,0011-09-29 14:50:00,11,9,29,14,50,640,24,.AV ALLEES MARINES,43.4981,-1.4869,Plein jour,En agglomération,Hors intersection,Normale,Autre collision,,,,,,,,,,,1,2,1,1.0,6.0
201100037778,0011-09-29 17:00:00,11,9,29,17,0,640,24,99 AV MARECHAL SOULT,43.4852,-1.49386,Plein jour,En agglomération,Hors intersection,Normale,Autre collision,,,,,,,,,,,1,2,1,1.0,6.0
201100037779,0011-09-29 22:25:00,11,9,29,22,25,640,102,RUE DANIEL ARGOTTE,43.4949,-1.46368,Nuit avec éclairage allumé,En agglomération,Hors intersection,Normale,Autre collision,,,,,,,,,,,5,2,1,1.0,6.0
201100037780,0011-09-30 23:05:00,11,9,30,23,5,640,102,AVENUE MARECHAL SOULT,43.4874,-1.48428,Nuit avec éclairage allumé,En agglomération,Hors intersection,Normale,Autre collision,,,,,,,,,,,5,2,1,1.0,6.0
201100037781,0011-10-01 18:22:00,11,10,1,18,22,640,102,AV FERNAND FORGUES,43.4866,-1.47945,Plein jour,En agglomération,Hors intersection,Normale,Sans collision,,,,,,,,,,,1,2,1,1.0,7.0
201100037782,0011-10-04 17:54:00,11,10,4,17,54,640,102,142 AV HENRI DE NAVARRE,43.5114,-1.44171,Plein jour,En agglomération,Hors intersection,Normale,Deux véhicules - côté,,,,,,,,,,,1,2,1,1.0,3.0
201100037783,0011-10-04 18:15:00,11,10,4,18,15,640,24,127 AV MARECHAL SOULT,43.4836,-1.50088,Plein jour,En agglomération,Hors intersection,Normale,Deux véhicules - arrière,,,,,,,,,,,1,2,1,1.0,2.0
201100037784,0011-10-05 12:15:00,11,10,5,12,15,640,24,PROMENADE DE LA BARRE,43.5035,-1.52663,Plein jour,En agglomération,Hors intersection,Normale,Sans collision,,,,,,,,,,,1,2,1,1.0,7.0
201100037785,0011-10-07 16:37:00,11,10,7,16,37,640,102,8 AV DU GRAND BASQUE,43.4896,-1.45638,Plein jour,En agglomération,Hors intersection,Normale,Deux véhicules - frontale,,,,,,,,,,,1,2,1,1.0,1.0
201100037786,0011-10-10 08:56:00,11,10,10,8,56,640,102,RUE DE BALTET,43.4868,-1.48338,Crépuscule ou aube,En agglomération,Hors intersection,Normale,Autre collision,,,,,,,,,,,2,2,1,1.0,6.0
201100037787,0011-10-10 17:25:00,11,10,10,17,25,640,102,15 AV CAPT RESPLANDY,43.4889,-1.46592,Plein jour,En agglomération,Hors intersection,Normale,Deux véhicules - côté,,,,,,,,,,,1,2,1,1.0,3.0
201100037788,0011-10-11 19:30:00,11,10,11,19,30,640,24,CHEMIN DE SABALCE,43.4926,-1.49112,Plein jour,En agglomération,Hors intersection,Normale,Deux véhicules - côté,,,,,,,,,,,1,2,1,1.0,3.0
201100037789,0011-10-12 09:45:00,11,10,12,9,45,640,24,BD DU BAB,43.494,-1.52529,Plein jour,En agglomération,Hors intersection,Temps couvert,Deux véhicules - côté,,,,,,,,,,,1,2,1,8.0,3.0
201100037790,0011-10-12 11:48:00,11,10,12,11,48,640,24,BD DU BAB,43.4927,-1.5318,Plein jour,En agglomération,Hors intersection,Temps couvert,Autre collision,,,,,,,,,,,1,2,1,8.0,6.0
201100037791,0011-10-12 13:35:00,11,10,12,13,35,640,102,RUE VAINSOT,43.4939,-1.45696,Plein jour,En agglomération,Hors intersection,Temps couvert,Sans collision,,,,,,,,,,,1,2,1,8.0,7.0
201100037792,0011-10-13 19:17:00,11,10,13,19,17,640,102,19 AV DES ALLEES PAULMY,43.4912,-1.48154,Plein jour,En agglomération,Hors intersection,Normale,Autre collision,,,,,,,,,,,1,2,1,1.0,6.0
201100037793,0011-10-14 05:15:00,11,10,14,5,15,640,102,RUE DU BASTION ROYAL,43.4879,-1.47432,Nuit avec éclairage allumé,En agglomération,Hors intersection,Normale,Sans collision,,,,,,,,,,,5,2,1,1.0,7.0
201100037794,0011-10-14 09:44:00,11,10,14,9,44,640,24,46 AV ALLEES MARINES,43.4986,-1.48784,Plein jour,En agglomération,Hors intersection,Normale,Autre collision,,,,,,,,,,,1,2,1,1.0,6.0
201100037795,0011-10-15 03:35:00,11,10,15,3,35,640,102,AV MARECHAL SOULT,43.4877,-1.48303,Nuit avec éclairage allumé,En agglomération,Hors intersection,Normale,Sans collision,,,,,,,,,,,5,2,1,1.0,7.0
201100037796,0011-10-17 09:15:00,11,10,17,9,15,640,24,RUE ALBERT BARILLIER,43.4822,-1.51421,Plein jour,En agglomération,Intersection en X,Normale,Deux véhicules - côté,,,,,,,,,,,1,2,2,1.0,3.0
201100037797,0011-10-17 19:30:00,11,10,17,19,30,640,24,RUE DE HAUSQUETTE,43.4934,-1.51028,Plein jour,En agglomération,Intersection en X,Normale,Autre collision,,,,,,,,,,,1,2,2,1.0,6.0
201100037798,0011-10-18 11:20:00,11,10,18,11,20,640,102,AV SAINTE CROIX,43.5,-1.45626,Plein jour,En agglomération,Giratoire,Normale,Autre collision,,,,,,,,,,,1,2,6,1.0,6.0
201100037799,0011-10-19 08:45:00,11,10,19,8,45,640,24,BD DU BAB/JORLIS,43.4979,-1.49387,Plein jour,En agglomération,Giratoire,Pluie légère,Sans collision,,,,,,,,,,,1,2,6,2.0,7.0
201100037800,0011-10-19 11:54:00,11,10,19,11,54,640,24,102 BD DES PLAGES,43.5137,-1.52587,Plein jour,En agglomération,Hors intersection,Pluie forte,Autre collision,,,,,,,,,,,1,2,1,3.0,6.0
201100037801,0011-10-21 14:14:00,11,10,21,14,14,640,102,BD DU BAB/GOALARD,43.4952,-1.4824,Plein jour,En agglomération,Hors intersection,Normale,Autre collision,,,,,,,,,,,1,2,1,1.0,6.0
201100037802,0011-10-22 22:40:00,11,10,22,22,40,640,102,DUVERGIER DE HAURANNE,43.4842,-1.46633,Nuit avec éclairage allumé,En agglomération,Intersection en T,Normale,Deux véhicules - côté,,,,,,,,,,,5,2,3,1.0,3.0
201100037803,0011-10-26 11:45:00,11,10,26,11,45,640,102,47 BD ALSACE LORRAINE,43.4931,-1.46585,Plein jour,En agglomération,Hors intersection,Normale,Autre collision,,,,,,,,,,,1,2,1,1.0,6.0
201100037804,0011-10-28 19:37:00,11,10,28,19,37,640,102,RUE DU DOC GAUDEUL,43.48,-1.50141,Nuit avec éclairage allumé,En agglomération,Intersection en T,Pluie légère,Deux véhicules - côté,,,,,,,,,,,5,2,3,2.0,3.0
201100037805,0011-11-03 11:51:00,11,11,3,11,51,640,102,GIRATOIRE DE MAIGNON,43.4661,-1.49469,Plein jour,En agglomération,Giratoire,Pluie forte,Deux véhicules - côté,,,,,,,,,,,1,2,6,3.0,3.0
201100037806,0011-11-04 17:26:00,11,11,4,17,26,640,102,3-5-7 AV LEGION TCHEQUE,43.4916,-1.4824,Plein jour,En agglomération,Hors intersection,Normale,Deux véhicules - arrière,,,,,,,,,,,1,2,1,1.0,2.0
201100037807,0011-11-07 23:16:00,11,11,7,23,16,640,102,PONT SAINT FREDERIC,43.4877,-1.46088,Nuit avec éclairage allumé,En agglomération,Hors intersection,Pluie légère,Deux véhicules - frontale,,,,,,,,,,,5,2,1,2.0,1.0
201100037808,0011-11-09 07:36:00,11,11,9,7,36,640,24,ROND POINT LACROIX,43.4778,-1.5236,Plein jour,En agglomération,Giratoire,Normale,Deux véhicules - côté,,,,,,,,,,,1,2,6,1.0,3.0
201100037809,0011-11-09 16:45:00,11,11,9,16,45,640,24,63 AV DE BAYONNE,43.483,-1.50617,Plein jour,En agglomération,Hors intersection,Normale,Deux véhicules - côté,,,,,,,,,,,1,2,1,1.0,3.0
201100037810,0011-11-10 18:19:00,11,11,10,18,19,640,102,21 AV LOUIS DE FOIX,43.5052,-1.46729,Nuit avec éclairage allumé,En agglomération,Hors intersection,Normale,Autre collision,,,,,,,,,,,5,2,1,1.0,6.0
201100037811,0011-11-11 09:17:00,11,11,11,9,17,640,24,AV DE BIARRITZ/ALL?SOFIA,43.4803,-1.52344,Plein jour,En agglomération,Intersection en T,Normale,Deux véhicules - arrière,,,,,,,,,,,1,2,3,1.0,2.0
201100037812,0011-11-12 18:25:00,11,11,12,18,25,640,102,11 RUE MONTALIBET,43.4855,-1.48262,Nuit avec éclairage allumé,En agglomération,Hors intersection,Normale,Autre collision,,,,,,,,,,,5,2,1,1.0,6.0
201100037813,0011-11-16 07:30:00,11,11,16,7,30,640,102,29 COMTE CABARRUS,43.4818,-1.48666,Crépuscule ou aube,En agglomération,Hors intersection,Normale,Autre collision,,,,,,,,,,,2,2,1,1.0,6.0
201100037814,0011-11-17 10:04:00,11,11,17,10,4,640,102,RP ALLEES MARINES,43.4969,-1.48296,Plein jour,En agglomération,Giratoire,Normale,Deux véhicules - côté,,,,,,,,,,,1,2,6,1.0,3.0
201100037815,0011-11-19 10:50:00,11,11,19,10,50,640,102,7 BD ALSACE LORRAINE,43.495,-1.46918,Plein jour,En agglomération,Hors intersection,Normale,Autre collision,,,,,,,,,,,1,2,1,1.0,6.0
201100037816,0011-11-26 05:01:00,11,11,26,5,1,640,24,72 RUE DE HARDOY,43.4931,-1.50287,Nuit avec éclairage allumé,En agglomération,Hors intersection,Normale,Sans collision,,,,,,,,,,,5,2,1,1.0,7.0
201100037817,0011-11-28 14:40:00,11,11,28,14,40,640,102,ROND POINT PIECE NOYEE,43.499,-1.48158,Plein jour,En agglomération,Giratoire,Normale,Autre collision,,,,,,,,,,,1,2,6,1.0,6.0
201100037818,0011-11-28 21:35:00,11,11,28,21,35,640,102,RP LACHEPAILLET,43.4849,-1.4902,Nuit avec éclairage allumé,En agglomération,Giratoire,Normale,Deux véhicules - côté,,,,,,,,,,,5,2,6,1.0,3.0
201100037819,0011-11-29 00:04:00,11,11,29,0,4,640,24,3 ROUTE DE MAIGNON,43.481,-1.50911,Nuit avec éclairage allumé,En agglomération,Hors intersection,Normale,Deux véhicules - frontale,,,,,,,,,,,5,2,1,1.0,1.0
201100037820,0011-12-01 17:08:00,11,12,1,17,8,640,24,8 RUE DE BOUNEY,43.4973,-1.53698,Plein jour,En agglomération,Hors intersection,Normale,Sans collision,,,,,,,,,,,1,2,1,1.0,7.0
201100037821,0011-12-06 13:17:00,11,12,6,13,17,640,102,AV DU ONZE NOVEMBRE,43.4931,-1.47934,Plein jour,En agglomération,Intersection en X,Pluie forte,Autre collision,,,,,,,,,,,1,2,2,3.0,6.0
201100037822,0011-12-07 12:07:00,11,12,7,12,7,640,24,CHEMIN D'ARANCETTE,43.4829,-1.48762,Plein jour,En agglomération,Hors intersection,Temps couvert,Deux véhicules - frontale,,,,,,,,,,,1,2,1,8.0,1.0
201100037823,0011-12-08 14:10:00,11,12,8,14,10,640,140,R.N. 10,43.517,-1.46533,Plein jour,En agglomération,Hors intersection,Normale,Sans collision,,,,,,,,,,,1,2,1,1.0,7.0
201100037824,0011-12-09 07:54:00,11,12,9,7,54,640,24,RUE DE CHASSIN,43.4887,-1.53023,Crépuscule ou aube,En agglomération,Intersection en X,Temps couvert,Deux véhicules - côté,,,,,,,,,,,2,2,2,8.0,3.0
201100037825,0011-12-11 20:00:00,11,12,11,20,0,640,102,COTE DU MOULIN,43.5161,-1.46577,Nuit avec éclairage allumé,En agglomération,Hors intersection,Normale,Autre collision,,,,,,,,,,,5,2,1,1.0,6.0
201100037826,0011-12-21 19:15:00,11,12,21,19,15,640,102,1 PLACE DE LA LIBERTE,43.4923,-1.47434,Nuit avec éclairage allumé,En agglomération,Hors intersection,Pluie légère,Deux véhicules - frontale,,,,,,,,,,,5,2,1,2.0,1.0
201100037827,0011-12-23 13:58:00,11,12,23,13,58,640,102,139 AV HENRI NAVARRE,43.5128,-1.43823,Plein jour,En agglomération,Hors intersection,Normale,Deux véhicules - côté,,,,,,,,,,,1,2,1,1.0,3.0
201100037828,0011-12-23 15:30:00,11,12,23,15,30,640,24,AV MARECHAL SOULT,43.4839,-1.49928,Plein jour,En agglomération,Hors intersection,Normale,Deux véhicules - côté,,,,,,,,,,,1,2,1,1.0,3.0
201100037829,0011-12-24 16:35:00,11,12,24,16,35,640,102,AV LOUIS DE FOIX,43.5045,-1.46741,Plein jour,En agglomération,Intersection en X,Normale,Sans collision,,,,,,,,,,,1,2,2,1.0,7.0
201100037830,0011-12-30 18:52:00,11,12,30,18,52,640,24,34 AV DE BIARRITZ,43.4802,-1.5225,Nuit avec éclairage allumé,En agglomération,Intersection en T,Pluie légère,Deux véhicules - côté,,,,,,,,,,,5,2,3,2.0,3.0
201100037831,0011-12-31 21:05:00,11,12,31,21,5,640,102,3 TER AV JOUANDIN,43.5015,-1.45518,Nuit avec éclairage allumé,En agglomération,Hors intersection,Pluie légère,Deux véhicules - côté,,,,,,,,,,,5,2,1,2.0,3.0
201100037832,0011-01-02 14:00:00,11,1,2,14,0,640,122,"5, AV REINE VICTORIA",43.4852,-1.55499,Plein jour,En agglomération,Hors intersection,Normale,Trois véhicules et plus - collisions multiples,,,,,,,,,,,1,2,1,1.0,5.0
201100037833,0011-01-05 08:00:00,11,1,5,8,0,640,122,ROND POINT DE L EUROPE,43.4809,-1.54086,Crépuscule ou aube,En agglomération,Giratoire,Normale,Deux véhicules - arrière,,,,,,,,,,,2,2,6,1.0,2.0
201100037834,0011-01-16 11:15:00,11,1,16,11,15,640,122,BD DASSAULT MARCEL,43.4638,-1.54381,Plein jour,En agglomération,Intersection en Y,Normale,Deux véhicules - côté,,,,,,,,,,,1,2,4,1.0,3.0
201100037835,0011-01-17 12:10:00,11,1,17,12,10,640,122,"1, AV KENNEDY",43.4746,-1.55729,Plein jour,En agglomération,Intersection en Y,Normale,Deux véhicules - frontale,,,,,,,,,,,1,2,4,1.0,1.0
201100037836,0011-01-23 04:00:00,11,1,23,4,0,640,125,"20, AV CHABADENIA",43.4386,-1.58881,Nuit avec éclairage allumé,En agglomération,Hors intersection,Normale,Sans collision,,,,,,,,,,,5,2,1,1.0,7.0
201100037837,0011-01-24 08:45:00,11,1,24,8,45,640,122,"43, RUE PRINGLE",43.4772,-1.5518,Plein jour,En agglomération,Hors intersection,Normale,Autre collision,,,,,,,,,,,1,2,1,1.0,6.0
201100037838,0011-01-30 11:40:00,11,1,30,11,40,640,122,BD DE CASCAILS,43.4697,-1.54366,Plein jour,En agglomération,Hors intersection,Pluie légère,Autre collision,,,,,,,,,,,1,2,1,2.0,6.0
201100037839,0011-01-30 18:50:00,11,1,30,18,50,640,122,AV DE VERDUN/EUROPE,43.4809,-1.54121,Crépuscule ou aube,En agglomération,Hors intersection,Normale,Deux véhicules - frontale,,,,,,,,,,,2,2,1,1.0,1.0
201100037840,0011-02-01 11:10:00,11,2,1,11,10,640,122,AV ALAN SEEGER,,,Plein jour,En agglomération,Hors intersection,Normale,Autre collision,,,,,,,,,,,1,2,1,1.0,6.0
201100037841,0011-02-02 11:50:00,11,2,2,11,50,640,122,6 RUE DU HELDER,,,Plein jour,En agglomération,Hors intersection,Normale,Deux véhicules - côté,,,,,,,,,,,1,2,1,1.0,3.0
201100037842,0011-02-05 03:40:00,11,2,5,3,40,640,122,BD DE CASCAIS,,,Nuit avec éclairage allumé,En agglomération,Hors intersection,Normale,Autre collision,,,,,,,,,,,5,2,1,1.0,6.0
201100037843,0011-02-22 11:15:00,11,2,22,11,15,640,122,9 AV EDOUARD VII,43.4841,-1.55801,Plein jour,En agglomération,Hors intersection,Pluie légère,Autre collision,,,,,,,,,,,1,2,1,2.0,6.0
201100037844,0011-02-24 12:25:00,11,2,24,12,25,640,125,.RUE BASSILOUR,43.4328,-1.56548,Plein jour,En agglomération,Hors intersection,Normale,Deux véhicules - frontale,,,,,,,,,,,1,2,1,1.0,1.0
201100037845,0011-02-24 17:50:00,11,2,24,17,50,640,122,"56, AV DE L'IMPERATRICE",43.4931,-1.55259,Plein jour,En agglomération,Hors intersection,Normale,Deux véhicules - côté,,,,,,,,,,,1,2,1,1.0,3.0
201100037846,0011-03-01 17:05:00,11,3,1,17,5,640,122,BD MARCEL DASSAULT,43.4676,-1.54001,Plein jour,En agglomération,Hors intersection,Normale,Deux véhicules - côté,,,,,,,,,,,1,2,1,1.0,3.0
201100037847,0011-03-03 18:40:00,11,3,3,18,40,640,125,AV ATHERBEA/TAMARIS,43.4335,-1.59536,Plein jour,En agglomération,Hors intersection,Normale,Deux véhicules - côté,,,,,,,,,,,1,2,1,1.0,3.0
201100037848,0011-03-11 11:00:00,11,3,11,11,0,640,122,20 RUE DES HALLES,43.4807,-1.56155,Plein jour,En agglomération,Hors intersection,Normale,Autre collision,,,,,,,,,,,1,2,1,1.0,6.0
201100037849,0011-03-11 17:20:00,11,3,11,17,20,640,122,AVENUE DE LA MILADY,43.464,-1.57068,Plein jour,En agglomération,Hors intersection,Normale,Deux véhicules - côté,,,,,,,,,,,1,2,1,1.0,3.0
201100037850,0011-03-12 08:30:00,11,3,12,8,30,640,122,51 AV KENNEDY,43.4691,-1.55507,Plein jour,En agglomération,Giratoire,Normale,Deux véhicules - côté,,,,,,,,,,,1,2,6,1.0,3.0
201100037851,0011-03-14 19:07:00,11,3,14,19,7,640,122,AV KENNEDY/AV LAC MARION,43.4703,-1.55519,Crépuscule ou aube,En agglomération,Hors intersection,Normale,Autre collision,,,,,,,,,,,2,2,1,1.0,6.0
201100037852,0011-03-19 02:45:00,11,3,19,2,45,640,122,AV DE LA MARNE/LAHOUZE,43.4824,-1.54444,Nuit avec éclairage allumé,En agglomération,Intersection en X,Temps couvert,Deux véhicules - côté,,,,,,,,,,,5,2,2,8.0,3.0
201100037853,0011-03-22 22:10:00,11,3,22,22,10,640,125,AVENUE DE BAYONNE,43.4508,-1.56491,Nuit sans éclairage public,En agglomération,Intersection en T,Normale,Deux véhicules - côté,,,,,,,,,,,3,2,3,1.0,3.0
201100037854,0011-03-24 08:45:00,11,3,24,8,45,640,125,ROND POINT DE L'ETAPE,43.4472,-1.57679,Plein jour,En agglomération,Hors intersection,Normale,Deux véhicules - côté,,,,,,,,,,,1,2,1,1.0,3.0
201100037855,0011-03-25 08:40:00,11,3,25,8,40,640,122,ROND POINT DE L EUROPE,43.4809,-1.54101,Plein jour,En agglomération,Giratoire,Normale,Deux véhicules - arrière,,,,,,,,,,,1,2,6,1.0,2.0
201100037856,0011-03-31 18:00:00,11,3,31,18,0,640,122,ROND POINT DE L EUROPE,43.4809,-1.54121,Plein jour,En agglomération,Giratoire,Normale,Deux véhicules - côté,,,,,,,,,,,1,2,6,1.0,3.0
201100037857,0011-04-01 16:30:00,11,4,1,16,30,640,122,51 AV D'ANGLET,43.487,-1.53921,Plein jour,En agglomération,Hors intersection,Normale,Autre collision,,,,,,,,,,,1,2,1,1.0,6.0
201100037858,0011-04-06 18:25:00,11,4,6,18,25,640,122,37 AV D' ANGLET,43.4868,-1.54029,Plein jour,En agglomération,Hors intersection,Normale,Deux véhicules - frontale,,,,,,,,,,,1,2,1,1.0,1.0
201100037859,0011-04-15 10:00:00,11,4,15,10,0,640,122,11 RUE SARASATE,43.4876,-1.55181,Plein jour,En agglomération,Hors intersection,Normale,Autre collision,,,,,,,,,,,1,2,1,1.0,6.0
201100037860,0011-04-24 12:10:00,11,4,24,12,10,640,125,AV CHABADENIA,43.4434,-1.5852,Plein jour,En agglomération,Hors intersection,Normale,Deux véhicules - côté,,,,,,,,,,,1,2,1,1.0,3.0
201100037861,0011-04-25 15:30:00,11,4,25,15,30,640,122,13 RUE PRINGLE,43.4806,-1.5519,Plein jour,En agglomération,Hors intersection,Normale,Deux véhicules - côté,,,,,,,,,,,1,2,1,1.0,3.0
201100037862,0011-04-27 13:00:00,11,4,27,13,0,640,122,AV EDOUARD VII/HELDER,43.4819,-1.55918,Plein jour,En agglomération,Hors intersection,Normale,Deux véhicules - côté,,,,,,,,,,,1,2,1,1.0,3.0
201100037863,0011-04-30 18:20:00,11,4,30,18,20,640,125,"1616, AV DE BIARRITZ",43.4577,-1.57241,Plein jour,Hors agglomération,Hors intersection,Normale,Autre collision,,,,,,,,,,,1,1,1,1.0,6.0
201100037864,0011-05-03 19:15:00,11,5,3,19,15,640,122,ALLEE BARROILHET,43.4492,-1.55723,Plein jour,Hors agglomération,Intersection en Y,Normale,Deux véhicules - côté,,,,,,,,,,,1,1,4,1.0,3.0
201100037865,0011-05-10 21:40:00,11,5,10,21,40,640,122,29 AV DU SABAOU,43.4744,-1.54732,Nuit avec éclairage allumé,En agglomération,Hors intersection,Normale,Deux véhicules - côté,,,,,,,,,,,5,2,1,1.0,3.0
201100037866,0011-05-11 03:20:00,11,5,11,3,20,640,122,112  AV DE LA MARNE,43.4812,-1.54141,Nuit avec éclairage allumé,En agglomération,Hors intersection,Normale,Deux véhicules - côté,,,,,,,,,,,5,2,1,1.0,3.0
201100037867,0011-05-13 18:15:00,11,5,13,18,15,640,122,AV DE LA MARNE/THERMES,43.4849,-1.55134,Plein jour,En agglomération,Hors intersection,Normale,Deux véhicules - arrière,,,,,,,,,,,1,2,1,1.0,2.0
201100037868,0011-05-16 08:05:00,11,5,16,8,5,640,122,BD MARCEL DASSAULT,43.4689,-1.53874,Plein jour,En agglomération,Hors intersection,Normale,Deux véhicules - arrière,,,,,,,,,,,1,2,1,1.0,2.0
201100037869,0011-05-17 12:15:00,11,5,17,12,15,640,122,RUE DU 8 MAI 1945,43.4856,-1.54494,Plein jour,En agglomération,Hors intersection,Normale,Deux véhicules - arrière,,,,,,,,,,,1,2,1,1.0,2.0
201100037870,0011-05-19 18:10:00,11,5,19,18,10,640,122,RUE GAMBETTA,43.4816,-1.56299,Plein jour,En agglomération,Hors intersection,Normale,Autre collision,,,,,,,,,,,1,2,1,1.0,6.0
201100037871,0011-05-22 16:05:00,11,5,22,16,5,640,122,ALLEE BARROILHET,43.4492,-1.55719,Plein jour,Hors agglomération,Hors intersection,Normale,Sans collision,,,,,,,,,,,1,1,1,1.0,7.0
201100037872,0011-05-22 16:10:00,11,5,22,16,10,640,122,AV PARKING BEAURIVAGE,43.4764,-1.56605,Plein jour,En agglomération,Hors intersection,Normale,Autre collision,,,,,,,,,,,1,2,1,1.0,6.0
201100037873,0011-05-23 19:05:00,11,5,23,19,5,640,122,AV KENNEDY/RUE ROUSTA,43.4671,-1.5542,Plein jour,En agglomération,Intersection en T,Normale,Deux véhicules - côté,,,,,,,,,,,1,2,3,1.0,3.0
201100037874,0011-06-05 00:30:00,11,6,5,0,30,640,122,AV KENNEDY/REPTOU,43.4707,-1.55528,Nuit avec éclairage allumé,En agglomération,Hors intersection,Normale,Deux véhicules - côté,,,,,,,,,,,5,2,1,1.0,3.0
201100037875,0011-06-11 17:40:00,11,6,11,17,40,640,125,RUE BURRUNTZ,43.4395,-1.57346,Plein jour,En agglomération,Intersection en T,Normale,Deux véhicules - côté,,,,,,,,,,,1,2,3,1.0,3.0
201100037876,0011-06-15 17:55:00,11,6,15,17,55,640,24,ALLEE/ IMP  AGUILERA,43.4856,-1.53541,Plein jour,En agglomération,Intersection en X,Temps couvert,Deux véhicules - côté,,,,,,,,,,,1,2,2,8.0,3.0
201100037877,0011-06-16 16:40:00,11,6,16,16,40,640,125,RUE BURRUNTZ,43.4394,-1.57266,Plein jour,Hors agglomération,Hors intersection,Normale,Deux véhicules - côté,,,,,,,,,,,1,1,1,1.0,3.0
201100037878,0011-06-18 09:55:00,11,6,18,9,55,640,122,9 AV DE L' IMPERATRICE,43.4874,-1.55418,Plein jour,En agglomération,Hors intersection,Normale,Deux véhicules - arrière,,,,,,,,,,,1,2,1,1.0,2.0
201100037879,0011-06-26 20:20:00,11,6,26,20,20,640,122,PLACE CLEMENCEAU,43.482,-1.55978,Plein jour,En agglomération,Hors intersection,Normale,Autre collision,,,,,,,,,,,1,2,1,1.0,6.0
201100037880,0011-06-30 16:10:00,11,6,30,16,10,640,125,AV DU PLATEAU,43.4456,-1.5833,Plein jour,En agglomération,Hors intersection,Normale,Deux véhicules - côté,,,,,,,,,,,1,2,1,1.0,3.0
201100037881,0011-07-01 15:15:00,11,7,1,15,15,640,122,3 AV- IMP- GRAMMONT,43.4764,-1.55209,Plein jour,En agglomération,Hors intersection,Normale,Autre collision,,,,,,,,,,,1,2,1,1.0,6.0
201100037882,0011-07-01 16:00:00,11,7,1,16,0,640,38,ROND POINT  LA NEGRESSE,43.4604,-1.54782,Plein jour,En agglomération,Hors intersection,Normale,Deux véhicules - côté,,,,,,,,,,,1,2,1,1.0,3.0
201100037883,0011-07-03 19:15:00,11,7,3,19,15,640,122,RUE BORDOLO,43.479,-1.55373,Plein jour,En agglomération,Hors intersection,Normale,Deux véhicules - frontale,,,,,,,,,,,1,2,1,1.0,1.0
201100037884,0011-07-06 13:45:00,11,7,6,13,45,640,125,AV DU PLATEAU,43.4446,-1.58419,Plein jour,En agglomération,Hors intersection,Normale,Deux véhicules - arrière,,,,,,,,,,,1,2,1,1.0,2.0
201100037885,0011-07-07 22:05:00,11,7,7,22,5,640,122,34 AV DU LAC MARION,43.4699,-1.55098,Crépuscule ou aube,En agglomération,Hors intersection,Normale,Deux véhicules - côté,,,,,,,,,,,2,2,1,1.0,3.0
201100037886,0011-07-10 16:40:00,11,7,10,16,40,640,122,21 AV BEAURIVAGE,43.475,-1.56626,Plein jour,En agglomération,Hors intersection,Normale,Deux véhicules - côté,,,,,,,,,,,1,2,1,1.0,3.0
201100037887,0011-07-12 15:54:00,11,7,12,15,54,640,24,AV DE LA MARNE/LEBAS,43.4828,-1.54541,Plein jour,En agglomération,Hors intersection,Pluie légère,Autre collision,,,,,,,,,,,1,2,1,2.0,6.0
201100037888,0011-07-15 15:40:00,11,7,15,15,40,640,24,BD DE CASCAIS,43.4801,-1.54135,Plein jour,En agglomération,Hors intersection,Normale,Autre collision,,,,,,,,,,,1,2,1,1.0,6.0
201100037889,0011-07-15 17:10:00,11,7,15,17,10,640,122,AV REINE VICTORIA/PELLOT,43.4852,-1.5541,Plein jour,En agglomération,Hors intersection,Normale,Autre collision,,,,,,,,,,,1,2,1,1.0,6.0
201100037890,0011-07-15 17:45:00,11,7,15,17,45,640,125,973 AVENUE D' ESPAGNE,43.4266,-1.60364,Plein jour,En agglomération,Hors intersection,Normale,Deux véhicules - côté,,,,,,,,,,,1,2,1,1.0,3.0
201100037891,0011-07-25 18:50:00,11,7,25,18,50,640,122,RUE DE PELLETIER,43.4676,-1.54339,Plein jour,En agglomération,Hors intersection,Pluie légère,Deux véhicules - frontale,,,,,,,,,,,1,2,1,2.0,1.0
201100037892,0011-07-25 21:35:00,11,7,25,21,35,640,122,RP LUIS MARIANO,43.4587,-1.54715,Crépuscule ou aube,En agglomération,Hors intersection,Pluie légère,Deux véhicules - côté,,,,,,,,,,,2,2,1,2.0,3.0