accident_id,datetime,annee,mois,jour,heure,minute,departement,commune_insee,adresse,latitude,longitude,luminosite,agglomeration,intersection,meteo,collision,nb_vehicules,nb_usagers,nb_indemnes,nb_tues,nb_blesses_hosp,nb_blesses_legers,age_cond_1,age_cond_2,veh_type_cond_1,veh_type_cond_2,lum_code,agg_code,int_code,atm_code,col_code
201100037893,0011-07-27 13:35:00,11,7,27,13,35,640,125,AV CUMBA,43.4467,-1.57998,Plein jour,En agglomération,Hors intersection,Normale,Deux véhicules - arrière,,,,,,,,,,,1,2,1,1.0,2.0
201100037894,0011-07-29 16:50:00,11,7,29,16,50,640,125,AV BIARRITZ,43.452,-1.57402,Plein jour,En agglomération,Hors intersection,Normale,Autre collision,,,,,,,,,,,1,2,1,1.0,6.0
201100037895,0011-08-01 09:45:00,11,8,1,9,45,640,122,RUE PELLOT,43.4853,-1.55415,Plein jour,En agglomération,Intersection en X,Normale,Autre collision,,,,,,,,,,,1,2,2,1.0,6.0
201100037896,0011-08-03 23:10:00,11,8,3,23,10,640,122,AV CARNOT/RUE FOURNEAU,43.4791,-1.56055,Nuit avec éclairage allumé,En agglomération,Intersection en T,Normale,Deux véhicules - côté,,,,,,,,,,,5,2,3,1.0,3.0
201100037897,0011-08-06 18:40:00,11,8,6,18,40,640,122,RUE GUY PETIT,43.4784,-1.55604,Plein jour,En agglomération,Hors intersection,Pluie forte,Deux véhicules - côté,,,,,,,,,,,1,2,1,3.0,3.0
201100037898,0011-08-08 18:30:00,11,8,8,18,30,640,125,RUE CHUCHUENIA,43.4279,-1.59125,Plein jour,En agglomération,Intersection en X,Normale,Deux véhicules - côté,,,,,,,,,,,1,2,2,1.0,3.0
201100037899,0011-08-09 18:10:00,11,8,9,18,10,640,24,131 AV DE LA  MARNE,43.4817,-1.54255,Plein jour,En agglomération,Hors intersection,Normale,Autre collision,,,,,,,,,,,1,2,1,1.0,6.0
201100037900,0011-08-13 17:15:00,11,8,13,17,15,640,125,AV D'ESPAGNE,43.4323,-1.59658,Plein jour,En agglomération,Hors intersection,Normale,Deux véhicules - côté,,,,,,,,,,,1,2,1,1.0,3.0
201100037901,0011-08-21 05:45:00,11,8,21,5,45,640,24,54 AV DE L' IMPERATRICE,43.4915,-1.55186,Nuit avec éclairage allumé,En agglomération,Hors intersection,Normale,Autre collision,,,,,,,,,,,5,2,1,1.0,6.0
201100037902,0011-08-27 14:50:00,11,8,27,14,50,640,24,AV MAC CROSKEY,43.4925,-1.54848,Plein jour,En agglomération,Autre intersection,Normale,Deux véhicules - côté,,,,,,,,,,,1,2,9,1.0,3.0
201100037903,0011-09-07 09:30:00,11,9,7,9,30,640,122,93 AV KENNEDY,43.464,-1.55214,Plein jour,En agglomération,Hors intersection,Normale,Deux véhicules - côté,,,,,,,,,,,1,2,1,1.0,3.0
201100037904,0011-09-07 11:45:00,11,9,7,11,45,640,122,AV DE LA MARNE,43.4842,-1.55595,Plein jour,En agglomération,Hors intersection,Normale,Autre collision,,,,,,,,,,,1,2,1,1.0,6.0
201100037905,0011-09-08 18:20:00,11,9,8,18,20,640,122,42 AV KENNEDY,43.472,-1.55543,Plein jour,En agglomération,Hors intersection,Normale,Autre collision,,,,,,,,,,,1,2,1,1.0,6.0
201100037906,0011-09-08 19:35:00,11,9,8,19,35,640,122,7 RUE PELLOT,43.4856,-1.55395,Plein jour,En agglomération,Hors intersection,Normale,Autre collision,,,,,,,,,,,1,2,1,1.0,6.0
201100037907,0011-09-13 17:15:00,11,9,13,17,15,640,38,RUE DE PITCHOT,43.4658,-1.53642,Plein jour,Hors agglomération,Hors intersection,Normale,Deux véhicules - côté,,,,,,,,,,,1,1,1,1.0,3.0
201100037908,0011-09-15 21:10:00,11,9,15,21,10,640,122,1 BD GENERAL DE GAULLE,43.4852,-1.55627,Nuit avec éclairage allumé,En agglomération,Hors intersection,Normale,Deux véhicules - côté,,,,,,,,,,,5,2,1,1.0,3.0
201100037909,0011-09-24 16:20:00,11,9,24,16,20,640,122,RUE -PASSAGE BON AIR,43.4824,-1.55287,Plein jour,En agglomération,Intersection en X,Normale,Deux véhicules - côté,,,,,,,,,,,1,2,2,1.0,3.0
201100037910,0011-10-12 07:45:00,11,10,12,7,45,640,24,RUE DU MARECHAL JUIN,43.4725,-1.5408,Plein jour,En agglomération,Intersection en X,Normale,Deux véhicules - côté,,,,,,,,,,,1,2,2,1.0,3.0
201100037911,0011-10-16 09:50:00,11,10,16,9,50,640,122,AV CARNOT,,,Plein jour,En agglomération,Hors intersection,Normale,Deux véhicules - côté,,,,,,,,,,,1,2,1,1.0,3.0
201100037912,0011-10-26 19:20:00,11,10,26,19,20,640,122,7 RUE DE MADRID,43.4722,-1.56706,Crépuscule ou aube,En agglomération,Hors intersection,Normale,Trois véhicules et plus - en chaîne,,,,,,,,,,,2,2,1,1.0,4.0
201100037913,0011-11-04 03:45:00,11,11,4,3,45,640,122,ROND POINT DE L EUROPE,43.4811,-1.54096,Nuit avec éclairage allumé,En agglomération,Giratoire,Pluie légère,Autre collision,,,,,,,,,,,5,2,6,2.0,6.0
201100037914,0011-11-04 20:10:00,11,11,4,20,10,640,122,AV DU SABAOU,,,Nuit avec éclairage allumé,En agglomération,Hors intersection,Pluie légère,Deux véhicules - côté,,,,,,,,,,,5,2,1,2.0,3.0
201100037915,0011-11-17 23:50:00,11,11,17,23,50,640,122,BD DE CASCAIS,43.4679,-1.54175,Nuit avec éclairage allumé,En agglomération,Hors intersection,Normale,Sans collision,,,,,,,,,,,5,2,1,1.0,7.0
201100037916,0011-11-20 13:15:00,11,11,20,13,15,640,122,RUE LARRALDE/RUE HELDER,43.4815,-1.55833,Plein jour,En agglomération,Hors intersection,Normale,Deux véhicules - côté,,,,,,,,,,,1,2,1,1.0,3.0
201100037917,0011-11-26 17:20:00,11,11,26,17,20,640,122,BD DE CASCAIS,43.4777,-1.54448,Plein jour,Hors agglomération,Hors intersection,Normale,Deux véhicules - arrière,,,,,,,,,,,1,1,1,1.0,2.0
201100037918,0011-11-27 18:10:00,11,11,27,18,10,640,24,BD DU BAB/LAROCHEFOUCAUL,43.4874,-1.53641,Plein jour,En agglomération,Autre intersection,Brouillard / fumée,Deux véhicules - arrière,,,,,,,,,,,1,2,9,5.0,2.0
201100037919,0011-11-30 16:00:00,11,11,30,16,0,640,125,AV BIARRITZ,43.451,-1.57467,Plein jour,En agglomération,Intersection en Y,Normale,Deux véhicules - frontale,,,,,,,,,,,1,2,4,1.0,1.0
201100037920,0011-12-06 17:50:00,11,12,6,17,50,640,24,70 AV DE VERDUN,43.4821,-1.54963,Plein jour,En agglomération,Hors intersection,Normale,Deux véhicules - côté,,,,,,,,,,,1,2,1,1.0,3.0
201100037921,0011-12-07 15:50:00,11,12,7,15,50,640,122,RUE GAMBETTA,43.4804,-1.56352,Plein jour,En agglomération,Hors intersection,Normale,Deux véhicules - côté,,,,,,,,,,,1,2,1,1.0,3.0
201100037922,0011-12-14 11:35:00,11,12,14,11,35,640,38,RP LUIS MARIANO,43.4585,-1.54713,Plein jour,En agglomération,Hors intersection,Pluie légère,Autre collision,,,,,,,,,,,1,2,1,2.0,6.0
201100037923,0011-12-20 18:05:00,11,12,20,18,5,640,122,AVENUE DE BAYONNE,43.448,-1.57316,Nuit avec éclairage allumé,En agglomération,Hors intersection,Pluie légère,Autre collision,,,,,,,,,,,5,2,1,2.0,6.0
201100037924,0011-12-27 18:30:00,11,12,27,18,30,640,122,RUE MARIE HOPE VERE,43.4829,-1.55651,Nuit avec éclairage allumé,En agglomération,Intersection en X,Normale,Deux véhicules - côté,,,,,,,,,,,5,2,2,1.0,3.0
201100037925,0011-01-03 08:18:00,11,1,3,8,18,640,445,"23,AV HONORE BARADAT",43.3055,-0.36056,Crépuscule ou aube,En agglomération,Intersection en T,Temps couvert,Autre collision,,,,,,,,,,,2,2,3,8.0,6.0
201100037926,0011-01-04 07:35:00,11,1,4,7,35,640,348,"21,AV DIDIER DAURAT",43.3297,-0.37969,Crépuscule ou aube,En agglomération,Hors intersection,Normale,Autre collision,,,,,,,,,,,2,2,1,1.0,6.0
201100037927,0011-01-06 08:13:00,11,1,6,8,13,640,445,162 BD DE LA  PAIX,43.3193,-0.34751,Crépuscule ou aube,En agglomération,Hors intersection,Normale,Autre collision,,,,,,,,,,,2,2,1,1.0,6.0
201100037928,0011-01-07 08:15:00,11,1,7,8,15,640,445,10 RUE RICHELIEU,43.3028,-0.35673,Plein jour,En agglomération,Hors intersection,Normale,Deux véhicules - côté,,,,,,,,,,,1,2,1,1.0,3.0
201100037929,0011-01-07 19:30:00,11,1,7,19,30,640,237,"3, RUE 3 FRERES PEYROU",43.2826,-0.3726,Nuit avec éclairage allumé,En agglomération,Intersection en T,Normale,Deux véhicules - côté,,,,,,,,,,,5,2,3,1.0,3.0
201100037930,0011-01-08 16:00:00,11,1,8,16,0,640,269,"0, ROCADE SUD",43.2944,-0.32227,Plein jour,En agglomération,Hors intersection,Normale,Sans collision,,,,,,,,,,,1,2,1,1.0,7.0
201100037931,0011-01-08 18:45:00,11,1,8,18,45,640,129,78 ROUTE DE BAYONNE,43.3038,-0.39935,Nuit avec éclairage allumé,En agglomération,Hors intersection,Normale,Trois véhicules et plus - en chaîne,,,,,,,,,,,5,2,1,1.0,4.0
201100037932,0011-01-08 17:15:00,11,1,8,17,15,640,335,RUE FLANDRES DUNKERQUE,43.3211,-0.43594,Plein jour,En agglomération,Hors intersection,Normale,Autre collision,,,,,,,,,,,1,2,1,1.0,6.0
201100037933,0011-01-09 06:00:00,11,1,9,6,0,640,445,"14, RUE D'ETIGNY",43.2962,-0.37687,Nuit avec éclairage allumé,En agglomération,Hors intersection,Normale,Autre collision,,,,,,,,,,,5,2,1,1.0,6.0
201100037934,0011-01-10 13:31:00,11,1,10,13,31,640,445,AV FOUCHET,43.3129,-0.36895,Plein jour,En agglomération,Giratoire,Normale,Deux véhicules - côté,,,,,,,,,,,1,2,6,1.0,3.0
201100037935,0011-01-10 13:40:00,11,1,10,13,40,640,445,AV DE SARAGOSSE/AV BUROS,43.307,-0.35334,Plein jour,En agglomération,Hors intersection,Normale,Autre collision,,,,,,,,,,,1,2,1,1.0,6.0
201100037936,0011-01-10 09:03:00,11,1,10,9,3,640,348,"0, SOUVENIR FRANCAIS",,,Plein jour,En agglomération,Giratoire,Normale,Deux véhicules - côté,,,,,,,,,,,1,2,6,1.0,3.0
201100037937,0011-01-11 17:20:00,11,1,11,17,20,640,445,"5, AV DU BEZIOU",43.3034,-0.37966,Plein jour,En agglomération,Intersection en T,Pluie légère,Deux véhicules - arrière,,,,,,,,,,,1,2,3,2.0,2.0
201100037938,0011-01-13 19:20:00,11,1,13,19,20,640,445,AV DE SARAGOSSE/G. LORCA,43.3073,-0.35501,Nuit avec éclairage allumé,En agglomération,Intersection en T,Normale,Deux véhicules - côté,,,,,,,,,,,5,2,3,1.0,3.0
201100037939,0011-01-14 11:20:00,11,1,14,11,20,640,445,COURS LYAUTEY/AV SARAGOS,43.3087,-0.36405,Plein jour,En agglomération,Intersection en T,Normale,Deux véhicules - côté,,,,,,,,,,,1,2,3,1.0,3.0
201100037940,0011-01-14 18:00:00,11,1,14,18,0,640,445,18 RUE MARECHAL JOFFRE,43.2956,-0.37124,Nuit avec éclairage allumé,En agglomération,Hors intersection,Normale,Deux véhicules - côté,,,,,,,,,,,5,2,1,1.0,3.0
201100037941,0011-01-14 16:30:00,11,1,14,16,30,640,445,11 RUE LASSANSAA,43.2956,-0.37583,Plein jour,En agglomération,Hors intersection,Normale,Deux véhicules - côté,,,,,,,,,,,1,2,1,1.0,3.0
201100037942,0011-01-15 12:21:00,11,1,15,12,21,640,445,43 AV TRESPOEY,43.2986,-0.34376,Plein jour,En agglomération,Hors intersection,Normale,Deux véhicules - arrière,,,,,,,,,,,1,2,1,1.0,2.0
201100037943,0011-01-16 03:05:00,11,1,16,3,5,640,445,68 RUE D'ETIGNY,43.296,-0.38184,Nuit avec éclairage allumé,En agglomération,Hors intersection,Normale,Deux véhicules - frontale,,,,,,,,,,,5,2,1,1.0,1.0
201100037944,0011-01-16 12:30:00,11,1,16,12,30,640,445,RUE CARREROT/BONADO,43.2983,-0.36247,Plein jour,En agglomération,Intersection en T,Normale,Deux véhicules - côté,,,,,,,,,,,1,2,3,1.0,3.0
201100037945,0011-01-17 17:30:00,11,1,17,17,30,640,445,"0, AV DOYEN  POPLAWSKI",,,Plein jour,En agglomération,Hors intersection,Normale,Deux véhicules - côté,,,,,,,,,,,1,2,1,1.0,3.0
201100037946,0011-01-18 09:10:00,11,1,18,9,10,640,284,PONT D' ESPAGNE/POMMIES,43.293,-0.38667,Plein jour,En agglomération,Intersection en T,Temps couvert,Trois véhicules et plus - collisions multiples,,,,,,,,,,,1,2,3,8.0,5.0
201100037947,0011-01-20 08:52:00,11,1,20,8,52,640,445,"5, AV DU LOUP",43.3041,-0.35702,Plein jour,En agglomération,Intersection en T,Normale,Deux véhicules - côté,,,,,,,,,,,1,2,3,1.0,3.0
201100037948,0011-01-21 11:20:00,11,1,21,11,20,640,445,"0,RUE  CARNOT",,,Plein jour,En agglomération,Hors intersection,Normale,Deux véhicules - arrière,,,,,,,,,,,1,2,1,1.0,2.0
201100037949,0011-01-21 14:50:00,11,1,21,14,50,640,445,AV DE SARAGOSSE/J.VERNE,43.308,-0.35875,Plein jour,En agglomération,Intersection en T,Normale,Deux véhicules - côté,,,,,,,,,,,1,2,3,1.0,3.0
201100037950,0011-01-22 06:50:00,11,1,22,6,50,640,445,AV TRESPOEY/AV BEARN,43.2991,-0.35518,Nuit avec éclairage allumé,En agglomération,Intersection en T,Normale,Autre collision,,,,,,,,,,,5,2,3,1.0,6.0
201100037951,0011-01-22 08:05:00,11,1,22,8,5,640,348,11 AV ANDRE MARIE AMPERE,43.312,-0.42616,Crépuscule ou aube,En agglomération,Hors intersection,Normale,Autre collision,,,,,,,,,,,2,2,1,1.0,6.0
201100037952,0011-01-22 21:20:00,11,1,22,21,20,640,445,BD ALSACE LORRAINE/ALLI?,43.3043,-0.36759,Nuit avec éclairage allumé,En agglomération,Intersection en T,Normale,Deux véhicules - côté,,,,,,,,,,,5,2,3,1.0,3.0
201100037953,0011-01-24 08:05:00,11,1,24,8,5,640,445,"10, BD DES PYRENEES",43.2937,-0.36587,Crépuscule ou aube,En agglomération,Hors intersection,Normale,Deux véhicules - arrière,,,,,,,,,,,2,2,1,1.0,2.0
201100037954,0011-01-24 09:39:00,11,1,24,9,39,640,445,OLOF PALME NG,,,Plein jour,En agglomération,Hors intersection,Normale,Deux véhicules - arrière,,,,,,,,,,,1,2,1,1.0,2.0
201100037955,0011-01-24 17:50:00,11,1,24,17,50,640,445,"46, RUE DE LIEGE",43.3004,-0.37516,Plein jour,En agglomération,Intersection en T,Normale,Deux véhicules - côté,,,,,,,,,,,1,2,3,1.0,3.0
201100037956,0011-01-25 11:46:00,11,1,25,11,46,640,445,"14, RUE DU 14 JUILLET",43.2921,-0.37832,Plein jour,En agglomération,Hors intersection,Normale,Autre collision,,,,,,,,,,,1,2,1,1.0,6.0
201100037957,0011-01-28 14:35:00,11,1,28,14,35,640,445,"34, BD TOURASSE",43.3099,-0.34572,Plein jour,En agglomération,Intersection en T,Normale,Deux véhicules - côté,,,,,,,,,,,1,2,3,1.0,3.0
201100037958,0011-02-02 14:52:00,11,2,2,14,52,640,335,"8, COTE DU VIGNE",43.3308,-0.42998,Plein jour,En agglomération,Intersection en T,Normale,Deux véhicules - côté,,,,,,,,,,,1,2,3,1.0,3.0
201100037959,0011-02-02 13:00:00,11,2,2,13,0,640,445,124 BD TOURASSE,43.3113,-0.36171,Plein jour,En agglomération,Hors intersection,Normale,Autre collision,,,,,,,,,,,1,2,1,1.0,6.0
201100037960,0011-02-03 18:18:00,11,2,3,18,18,640,445,10 AV DE GELOS,43.2894,-0.37779,Nuit avec éclairage allumé,En agglomération,Hors intersection,Normale,Deux véhicules - côté,,,,,,,,,,,5,2,1,1.0,3.0
201100037961,0011-02-03 19:41:00,11,2,3,19,41,640,445,25 AV DU LOUP,43.3063,-0.3567,Nuit avec éclairage allumé,En agglomération,Intersection en T,Normale,Deux véhicules - frontale,,,,,,,,,,,5,2,3,1.0,1.0
201100037962,0011-02-04 17:39:00,11,2,4,17,39,640,129,34 ROUTE DE BAYONNE,43.2992,-0.39081,Plein jour,En agglomération,Hors intersection,Normale,Trois véhicules et plus - collisions multiples,,,,,,,,,,,1,2,1,1.0,5.0
201100037963,0011-02-04 20:20:00,11,2,4,20,20,640,445,22 AV JEAN MERMOZ,43.3076,-0.37652,Nuit avec éclairage allumé,En agglomération,Hors intersection,Normale,Deux véhicules - côté,,,,,,,,,,,5,2,1,1.0,3.0
201100037964,0011-02-06 19:05:00,11,2,6,19,5,640,445,BD DE LA PAIX/BELLAY,43.3222,-0.36614,Nuit avec éclairage allumé,En agglomération,Intersection en T,Normale,Deux véhicules - côté,,,,,,,,,,,5,2,3,1.0,3.0
201100037965,0011-02-06 19:50:00,11,2,6,19,50,640,284,RUE GENERAL LECLERC,43.29,-0.38391,Nuit avec éclairage allumé,En agglomération,Giratoire,Normale,Deux véhicules - côté,,,,,,,,,,,5,2,6,1.0,3.0
201100037966,0011-02-08 07:50:00,11,2,8,7,50,640,335,"0, D509",,,Crépuscule ou aube,Hors agglomération,Hors intersection,Normale,Autre collision,,,,,,,,,,,2,1,1,1.0,6.0
201100037967,0011-02-09 17:25:00,11,2,9,17,25,640,445,60 AV DES LILAS,43.3098,-0.34374,Plein jour,En agglomération,Intersection en T,Normale,Deux véhicules - côté,,,,,,,,,,,1,2,3,1.0,3.0
201100037968,0011-02-10 10:35:00,11,2,10,10,35,640,129,18 ROUTE DE BAYONNE,43.2983,-0.38933,Plein jour,En agglomération,Hors intersection,Normale,Deux véhicules - côté,,,,,,,,,,,1,2,1,1.0,3.0
201100037969,0011-02-11 08:00:00,11,2,11,8,0,640,129,RUE DU PIEDMONT,43.3059,-0.39986,Crépuscule ou aube,En agglomération,Hors intersection,Normale,Deux véhicules - côté,,,,,,,,,,,2,2,1,1.0,3.0
201100037970,0011-02-12 23:30:00,11,2,12,23,30,640,445,LOUIS BARTHOU/ST LOUIS,43.2945,-0.3706,Nuit avec éclairage allumé,En agglomération,Intersection en X,Normale,Deux véhicules - côté,,,,,,,,,,,5,2,2,1.0,3.0
201100037971,0011-02-13 00:45:00,11,2,13,0,45,640,445,"16, BD BARBANEGRE",43.2966,-0.36385,Nuit avec éclairage allumé,En agglomération,Hors intersection,Normale,Deux véhicules - côté,,,,,,,,,,,5,2,1,1.0,3.0
201100037972,0011-02-14 15:15:00,11,2,14,15,15,640,445,413 BD DU CAMI SALIE,43.3336,-0.37163,Plein jour,En agglomération,Hors intersection,Temps couvert,Deux véhicules - arrière,,,,,,,,,,,1,2,1,8.0,2.0
201100037973,0011-02-15 09:15:00,11,2,15,9,15,640,335,"0, AV FRERES WRIGHT",,,Plein jour,En agglomération,Giratoire,Normale,Deux véhicules - côté,,,,,,,,,,,1,2,6,1.0,3.0
201100037974,0011-02-16 09:50:00,11,2,16,9,50,640,348,"19, AV DE SANTONA",43.3241,-0.4039,Plein jour,En agglomération,Intersection en T,Normale,Deux véhicules - arrière,,,,,,,,,,,1,2,3,1.0,2.0
201100037975,0011-02-16 18:20:00,11,2,16,18,20,640,445,59 RUE CASTETNAU,43.3004,-0.36489,Plein jour,En agglomération,Intersection en T,Normale,Deux véhicules - côté,,,,,,,,,,,1,2,3,1.0,3.0
201100037976,0011-02-18 10:08:00,11,2,18,10,8,640,445,"0, ERIC TABARLY",43.319,-0.36003,Plein jour,En agglomération,Giratoire,Normale,Deux véhicules - côté,,,,,,,,,,,1,2,6,1.0,3.0
201100037977,0011-02-19 16:15:00,11,2,19,16,15,640,445,RUE  BOURBAKI/VIARD,43.3029,-0.37354,Plein jour,En agglomération,Intersection en T,Pluie légère,Deux véhicules - côté,,,,,,,,,,,1,2,3,2.0,3.0
201100037978,0011-02-21 21:00:00,11,2,21,21,0,640,445,"2, RUE DE BIZANOS",43.2929,-0.36034,Nuit avec éclairage allumé,En agglomération,Hors intersection,Normale,Autre collision,,,,,,,,,,,5,2,1,1.0,6.0
201100037979,0011-02-23 07:30:00,11,2,23,7,30,640,348,100 BD CHARLES DE GAULLE,43.3138,-0.41763,Crépuscule ou aube,En agglomération,Hors intersection,Normale,Deux véhicules - côté,,,,,,,,,,,2,2,1,1.0,3.0
201100037980,0011-02-26 22:45:00,11,2,26,22,45,640,348,AV JEAN MERMOZ/PAIX,43.3246,-0.37953,Nuit avec éclairage allumé,En agglomération,Intersection en T,Pluie légère,Deux véhicules - côté,,,,,,,,,,,5,2,3,2.0,3.0
201100037981,0011-02-28 10:15:00,11,2,28,10,15,640,445,ALLEE CONDORCET,43.3163,-0.36124,Plein jour,En agglomération,Hors intersection,Pluie légère,Autre collision,,,,,,,,,,,1,2,1,2.0,6.0
201100037982,0011-03-01 17:26:00,11,3,1,17,26,640,445,142 BD DE LA PAIX,43.3178,-0.34391,Plein jour,En agglomération,Intersection en T,Normale,Deux véhicules - côté,,,,,,,,,,,1,2,3,1.0,3.0
201100037983,0011-03-02 10:20:00,11,3,2,10,20,640,335,"0, D509",,,Plein jour,En agglomération,Hors intersection,Temps couvert,Deux véhicules - côté,,,,,,,,,,,1,2,1,8.0,3.0
201100037984,0011-03-07 16:55:00,11,3,7,16,55,640,445,BD OLOF PALME/MITTERAND,43.3303,-0.35603,Plein jour,En agglomération,Hors intersection,Temps éblouissant,Deux véhicules - arrière,,,,,,,,,,,1,2,1,7.0,2.0
201100037985,0011-03-08 16:15:00,11,3,8,16,15,640,132,39 AV RENE MOUCHOTTE,43.3028,-0.31971,Plein jour,En agglomération,Hors intersection,Normale,Deux véhicules - arrière,,,,,,,,,,,1,2,1,1.0,2.0
201100037986,0011-03-11 09:15:00,11,3,11,9,15,640,445,28 BD JEAN SARRAIL,43.3106,-0.36781,Plein jour,En agglomération,Hors intersection,Normale,Trois véhicules et plus - collisions multiples,,,,,,,,,,,1,2,1,1.0,5.0
201100037987,0011-03-11 13:37:00,11,3,11,13,37,640,445,130  BD DE LA PAIX,43.3176,-0.34313,Plein jour,En agglomération,Hors intersection,Normale,Deux véhicules - côté,,,,,,,,,,,1,2,1,1.0,3.0
201100037988,0011-03-15 14:24:00,11,3,15,14,24,640,445,"0, BD TOURASSE",,,Plein jour,En agglomération,Intersection en T,Normale,Deux véhicules - arrière,,,,,,,,,,,1,2,3,1.0,2.0
201100037989,0011-03-16 19:42:00,11,3,16,19,42,640,445,RUE CARNOT/ALSACE LORRAI,43.3045,-0.36823,Nuit avec éclairage allumé,En agglomération,Intersection en X,Pluie forte,Autre collision,,,,,,,,,,,5,2,2,3.0,6.0
201100037990,0011-03-17 14:40:00,11,3,17,14,40,640,445,1 RUE VEDRINES,43.3096,-0.33951,Plein jour,En agglomération,Hors intersection,Pluie légère,Autre collision,,,,,,,,,,,1,2,1,2.0,6.0
201100037991,0011-03-18 14:00:00,11,3,18,14,0,640,445,50 COURS LYAUTEY,43.3097,-0.36353,Plein jour,En agglomération,Hors intersection,Normale,Autre collision,,,,,,,,,,,1,2,1,1.0,6.0
201100037992,0011-03-19 18:28:00,11,3,19,18,28,640,335,FRERES WRIGHT,,,Plein jour,En agglomération,Giratoire,Normale,Deux véhicules - côté,,,,,,,,,,,1,2,6,1.0,3.0
201100037993,0011-03-21 12:05:00,11,3,21,12,5,640,445,33 AV EGLISE ST JOSEPH,43.3063,-0.37507,Plein jour,En agglomération,Intersection en X,Normale,Deux véhicules - côté,,,,,,,,,,,1,2,2,1.0,3.0
201100037994,0011-03-21 17:35:00,11,3,21,17,35,640,445,RUE CHANTILLY/AV MERMOZ,43.3149,-0.37784,Plein jour,En agglomération,Intersection en T,Normale,Autre collision,,,,,,,,,,,1,2,3,1.0,6.0
201100037995,0011-03-21 19:58:00,11,3,21,19,58,640,445,BD TOURASSE/AV MASSE,43.3112,-0.35866,Nuit avec éclairage allumé,En agglomération,Intersection en T,Normale,Deux véhicules - côté,,,,,,,,,,,5,2,3,1.0,3.0
201100037996,0011-03-22 11:39:00,11,3,22,11,39,640,445,AV MONTPENSIER/MOMPEZAT,43.3015,-0.3735,Plein jour,En agglomération,Intersection en T,Normale,Deux véhicules - côté,,,,,,,,,,,1,2,3,1.0,3.0
201100037997,0011-03-24 09:25:00,11,3,24,9,25,640,445,RP COMMUNE DE PARIS,43.3111,-0.36298,Plein jour,En agglomération,Giratoire,Normale,Deux véhicules - côté,,,,,,,,,,,1,2,6,1.0,3.0
201100037998,0011-03-23 10:10:00,11,3,23,10,10,640,445,AV POPLAWSKY/RUE GENEZE,43.3193,-0.36754,Plein jour,En agglomération,Intersection en T,Normale,Deux véhicules - côté,,,,,,,,,,,1,2,3,1.0,3.0
201100037999,0011-03-25 13:40:00,11,3,25,13,40,640,445,5 AV DUFAU,43.3054,-0.368,Plein jour,En agglomération,Intersection en T,Normale,Deux véhicules - arrière,,,,,,,,,,,1,2,3,1.0,2.0
201100038000,0011-03-26 17:00:00,11,3,26,17,0,640,348,FREDERIC ET IRENE JOLIOT,43.3062,-0.42283,Plein jour,Hors agglomération,Hors intersection,Normale,Deux véhicules - côté,,,,,,,,,,,1,1,1,1.0,3.0
201100038001,0011-03-27 18:23:00,11,3,27,18,23,640,129,AV DU  TONKIN/BELLEVUE,43.3154,-0.3868,Plein jour,En agglomération,Giratoire,Normale,Deux véhicules - côté,,,,,,,,,,,1,2,6,1.0,3.0
201100038002,0011-03-28 14:10:00,11,3,28,14,10,640,445,"0, ST JOHN PERSE",43.3071,-0.39727,Plein jour,En agglomération,Hors intersection,Pluie forte,Deux véhicules - côté,,,,,,,,,,,1,2,1,3.0,3.0
201100038003,0011-03-29 12:07:00,11,3,29,12,7,640,445,RUE DE LIEGE/LAPOUBLE,43.2998,-0.37506,Plein jour,En agglomération,Intersection en T,Normale,Autre collision,,,,,,,,,,,1,2,3,1.0,6.0
201100038004,0011-03-29 16:25:00,11,3,29,16,25,640,445,ALFRED DE MUSSET,43.2951,-0.36248,Plein jour,En agglomération,Hors intersection,Normale,Autre collision,,,,,,,,,,,1,2,1,1.0,6.0
201100038005,0011-03-29 17:59:00,11,3,29,17,59,640,445,258 AV JEAN MERMOZ,43.3242,-0.37957,Plein jour,En agglomération,Hors intersection,Normale,Deux véhicules - côté,,,,,,,,,,,1,2,1,1.0,3.0
201100038006,0011-03-29 12:10:00,11,3,29,12,10,640,445,"0,RUE  GACHET",43.295,-0.36774,Plein jour,En agglomération,Hors intersection,Normale,Autre collision,,,,,,,,,,,1,2,1,1.0,6.0
201100038007,0011-03-30 18:10:00,11,3,30,18,10,640,237,30 RUE  PASTEUR,43.2821,-0.37954,Plein jour,En agglomération,Hors intersection,Temps couvert,Autre collision,,,,,,,,,,,1,2,1,8.0,6.0
201100038008,0011-04-01 14:15:00,11,4,1,14,15,640,445,36 COURS LYAUTEY,43.3085,-0.36414,Plein jour,En agglomération,Hors intersection,Normale,Deux véhicules - arrière,,,,,,,,,,,1,2,1,1.0,2.0
201100038009,0011-04-01 18:20:00,11,4,1,18,20,640,445,462 BD DU CAMI SALIE,43.3342,-0.37417,Plein jour,En agglomération,Hors intersection,Normale,Autre collision,,,,,,,,,,,1,2,1,1.0,6.0
201100038010,0011-04-03 18:25:00,11,4,3,18,25,640,445,AV GARCIA LORCA/AV SARAG,43.3073,-0.35501,Plein jour,En agglomération,Intersection en X,Pluie légère,Deux véhicules - côté,,,,,,,,,,,1,2,2,2.0,3.0
201100038011,0011-04-05 14:37:00,11,4,5,14,37,640,445,2 RUE JULES FERRY,43.3202,-0.36394,Plein jour,En agglomération,Hors intersection,Temps éblouissant,Deux véhicules - frontale,,,,,,,,,,,1,2,1,7.0,1.0
201100038012,0011-04-05 17:39:00,11,4,5,17,39,640,445,"0, AV TRESPOEY",,,Plein jour,En agglomération,Intersection en T,Temps éblouissant,Deux véhicules - arrière,,,,,,,,,,,1,2,3,7.0,2.0
201100038013,0011-04-06 15:40:00,11,4,6,15,40,640,445,222 AV JEAN MERMOZ,43.32,-0.37882,Plein jour,En agglomération,Hors intersection,Temps éblouissant,Deux véhicules - arrière,,,,,,,,,,,1,2,1,7.0,2.0