accident_id,datetime,annee,mois,jour,heure,minute,departement,commune_insee,adresse,latitude,longitude,luminosite,agglomeration,intersection,meteo,collision,nb_vehicules,nb_usagers,nb_indemnes,nb_tues,nb_blesses_hosp,nb_blesses_legers,age_cond_1,age_cond_2,veh_type_cond_1,veh_type_cond_2,lum_code,agg_code,int_code,atm_code,col_code
201100038014,0011-04-06 19:40:00,11,4,6,19,40,640,445,AV TRESPOEY,,,Plein jour,En agglomération,Hors intersection,Normale,Deux véhicules - côté,,,,,,,,,,,1,2,1,1.0,3.0
201100038015,0011-04-08 08:57:00,11,4,8,8,57,640,445,PLACE ROYALE/ST LOUIS,43.2945,-0.37056,Plein jour,En agglomération,Intersection en X,Normale,Autre collision,,,,,,,,,,,1,2,2,1.0,6.0
201100038016,0011-04-08 18:07:00,11,4,8,18,7,640,445,20 BD DES PYRENEES,43.2934,-0.36937,Plein jour,En agglomération,Hors intersection,Normale,Deux véhicules - côté,,,,,,,,,,,1,2,1,1.0,3.0
201100038017,0011-04-08 19:12:00,11,4,8,19,12,640,129,36 ROUTE DE  BAYONNE,43.2993,-0.39118,Plein jour,En agglomération,Hors intersection,Normale,Deux véhicules - côté,,,,,,,,,,,1,2,1,1.0,3.0
201100038018,0011-04-09 14:30:00,11,4,9,14,30,640,445,AV DU LOUP/PESQUIDOUX,43.3148,-0.35445,Plein jour,En agglomération,Hors intersection,Normale,Deux véhicules - côté,,,,,,,,,,,1,2,1,1.0,3.0
201100038019,0011-04-09 21:00:00,11,4,9,21,0,640,445,10  CHAMPETIER DE RIBES,43.3043,-0.37747,Plein jour,En agglomération,Hors intersection,Normale,Deux véhicules - côté,,,,,,,,,,,1,2,1,1.0,3.0
201100038020,0011-04-10 14:55:00,11,4,10,14,55,640,445,RUE BONADO/RUE CARREROT,43.2983,-0.36248,Plein jour,En agglomération,Intersection en T,Normale,Deux véhicules - côté,,,,,,,,,,,1,2,3,1.0,3.0
201100038021,0011-04-09 07:00:00,11,4,9,7,0,640,445,50 RUE CASTETNAU,43.3005,-0.36462,Crépuscule ou aube,En agglomération,Hors intersection,Normale,Autre collision,,,,,,,,,,,2,2,1,1.0,6.0
201100038022,0011-04-15 11:10:00,11,4,15,11,10,640,284,35 RUE GENERAL LECLERC,43.2885,-0.38891,Plein jour,En agglomération,Hors intersection,Normale,Deux véhicules - côté,,,,,,,,,,,1,2,1,1.0,3.0
201100038023,0011-04-15 14:02:00,11,4,15,14,2,640,348,181 AV JEAN MERMOZ,43.3233,-0.37944,Plein jour,En agglomération,Hors intersection,Normale,Deux véhicules - côté,,,,,,,,,,,1,2,1,1.0,3.0
201100038024,0011-04-15 17:05:00,11,4,15,17,5,640,445,34 AV MARECHAL LECLERC,43.3051,-0.34042,Plein jour,En agglomération,Hors intersection,Normale,Deux véhicules - côté,,,,,,,,,,,1,2,1,1.0,3.0
201100038025,0011-04-17 15:50:00,11,4,17,15,50,640,445,11 RUE DE NOLIVOS,43.3041,-0.37725,Plein jour,En agglomération,Intersection en T,Normale,Deux véhicules - arrière,,,,,,,,,,,1,2,3,1.0,2.0
201100038026,0011-04-21 10:21:00,11,4,21,10,21,640,445,52 BD TOURASSE,43.3108,-0.34889,Plein jour,En agglomération,Hors intersection,Normale,Autre collision,,,,,,,,,,,1,2,1,1.0,6.0
201100038027,0011-04-15 18:45:00,11,4,15,18,45,640,348,BD DE L'EUROPE/AV AMPERE,43.3185,-0.43182,Plein jour,En agglomération,Giratoire,Normale,Deux véhicules - côté,,,,,,,,,,,1,2,6,1.0,3.0
201100038028,0011-04-21 17:30:00,11,4,21,17,30,640,445,32 ALLEES DE MORLAAS,43.3069,-0.3425,Plein jour,En agglomération,Hors intersection,Normale,Trois véhicules et plus - en chaîne,,,,,,,,,,,1,2,1,1.0,4.0
201100038029,0011-04-21 20:15:00,11,4,21,20,15,640,445,RUE D'ORLEANS/RUE LIEGE,43.2988,-0.37488,Plein jour,En agglomération,Intersection en X,Normale,Deux véhicules - côté,,,,,,,,,,,1,2,2,1.0,3.0
201100038030,0011-04-23 23:30:00,11,4,23,23,30,640,132,AV DE L'EUROPE/TASSIGNY,43.2883,-0.35273,Nuit avec éclairage allumé,En agglomération,Hors intersection,Pluie légère,Deux véhicules - côté,,,,,,,,,,,5,2,1,2.0,3.0
201100038031,0011-04-23 19:50:00,11,4,23,19,50,640,445,OLOF PALME/MITTERAND,43.3301,-0.35544,Plein jour,En agglomération,Hors intersection,Pluie légère,Deux véhicules - arrière,,,,,,,,,,,1,2,1,2.0,2.0
201100038032,0011-04-25 16:50:00,11,4,25,16,50,640,445,RUE MONTPENSIER/SEGURE,43.3027,-0.37452,Plein jour,En agglomération,Intersection en X,Normale,Deux véhicules - côté,,,,,,,,,,,1,2,2,1.0,3.0
201100038033,0011-04-26 09:25:00,11,4,26,9,25,640,445,37 AV DE LA RESISTANCE,43.3042,-0.37584,Plein jour,En agglomération,Hors intersection,Normale,Autre collision,,,,,,,,,,,1,2,1,1.0,6.0
201100038034,0011-04-27 09:20:00,11,4,27,9,20,640,445,RUE HOO PARIS/FOSSIE,43.3035,-0.36233,Plein jour,En agglomération,Intersection en X,Normale,Deux véhicules - côté,,,,,,,,,,,1,2,2,1.0,3.0
201100038035,0011-04-27 15:45:00,11,4,27,15,45,640,129,25 ROUTE DE BAYONNE,43.3012,-0.39447,Plein jour,En agglomération,Hors intersection,Normale,Deux véhicules - arrière,,,,,,,,,,,1,2,1,1.0,2.0
201100038036,0011-04-28 18:16:00,11,4,28,18,16,640,445,ROUTE DE BAYONNE/PHOEBUS,43.2973,-0.38735,Plein jour,En agglomération,Intersection en T,Normale,Deux véhicules - côté,,,,,,,,,,,1,2,3,1.0,3.0
201100038037,0011-04-29 21:10:00,11,4,29,21,10,640,445,375 BD DU CAMI SALIE,43.3322,-0.36568,Nuit avec éclairage allumé,En agglomération,Hors intersection,Normale,Sans collision,,,,,,,,,,,5,2,1,1.0,7.0
201100038038,0011-05-01 20:00:00,11,5,1,20,0,640,335,ROCADE DE LESCAR,43.3457,-0.45177,Plein jour,Hors agglomération,Hors intersection,Normale,Deux véhicules - côté,,,,,,,,,,,1,1,1,1.0,3.0
201100038039,0011-05-02 12:05:00,11,5,2,12,5,640,445,RUE MAQUIS DU BEARN,43.2987,-0.37687,Plein jour,En agglomération,Intersection en T,Normale,Deux véhicules - côté,,,,,,,,,,,1,2,3,1.0,3.0
201100038040,0011-05-02 12:30:00,11,5,2,12,30,640,445,1 AV DES ECUREUILS,43.3209,-0.37912,Plein jour,En agglomération,Hors intersection,Normale,Deux véhicules - côté,,,,,,,,,,,1,2,1,1.0,3.0
201100038041,0011-05-03 08:45:00,11,5,3,8,45,640,445,RUE DE  SAUMUR,43.3287,-0.36752,Plein jour,En agglomération,Intersection en T,Normale,Deux véhicules - côté,,,,,,,,,,,1,2,3,1.0,3.0
201100038042,0011-05-06 16:00:00,11,5,6,16,0,640,445,RUE RONSARD/RP TABARLY,43.3188,-0.35974,Plein jour,En agglomération,Giratoire,Normale,Autre collision,,,,,,,,,,,1,2,6,1.0,6.0
201100038043,0011-05-06 14:25:00,11,5,6,14,25,640,445,AV GASTON LACOSTE,43.2922,-0.36484,Plein jour,En agglomération,Hors intersection,Normale,Deux véhicules - arrière,,,,,,,,,,,1,2,1,1.0,2.0
201100038044,0011-05-09 17:55:00,11,5,9,17,55,640,373,D100,43.2796,-0.35887,Plein jour,En agglomération,Hors intersection,Temps éblouissant,Trois véhicules et plus - en chaîne,,,,,,,,,,,1,2,1,7.0,4.0
201100038045,0011-05-10 20:55:00,11,5,10,20,55,640,335,ROUTE DE L' AVIATION,43.3446,-0.43086,Plein jour,En agglomération,Giratoire,Normale,Deux véhicules - côté,,,,,,,,,,,1,2,6,1.0,3.0
201100038046,0011-05-11 18:42:00,11,5,11,18,42,640,445,7 RUE NOGUE,43.2997,-0.37036,Plein jour,En agglomération,Hors intersection,Normale,Autre collision,,,,,,,,,,,1,2,1,1.0,6.0
201100038047,0011-05-12 08:50:00,11,5,12,8,50,640,335,67 AV DENIS TOUZANNE,43.3398,-0.44292,Plein jour,En agglomération,Hors intersection,Normale,Deux véhicules - frontale,,,,,,,,,,,1,2,1,1.0,1.0
201100038048,0011-05-13 00:05:00,11,5,13,0,5,640,445,ALLEES CONDORCET,43.3161,-0.36148,Nuit avec éclairage allumé,En agglomération,Hors intersection,Pluie légère,Autre collision,,,,,,,,,,,5,2,1,2.0,6.0
201100038049,0011-05-13 00:55:00,11,5,13,0,55,640,445,RUE DE BORDEU/FOIRAIL,43.3033,-0.37091,Nuit avec éclairage allumé,En agglomération,Intersection en T,Normale,Deux véhicules - arrière,,,,,,,,,,,5,2,3,1.0,2.0
201100038050,0011-05-13 11:30:00,11,5,13,11,30,640,129,66 ROUTE DE  BAYONNE,43.3029,-0.39757,Plein jour,En agglomération,Hors intersection,Normale,Deux véhicules - côté,,,,,,,,,,,1,2,1,1.0,3.0
201100038051,0011-05-13 21:55:00,11,5,13,21,55,640,445,3 RUE GASSION,43.295,-0.37321,Nuit avec éclairage allumé,En agglomération,Hors intersection,Normale,Deux véhicules - arrière,,,,,,,,,,,5,2,1,1.0,2.0
201100038052,0011-05-15 06:30:00,11,5,15,6,30,640,335,CAMI SALIE EMMAUS,43.3428,-0.41232,Crépuscule ou aube,En agglomération,Hors intersection,Normale,Deux véhicules - côté,,,,,,,,,,,2,2,1,1.0,3.0
201100038053,0011-05-17 12:40:00,11,5,17,12,40,640,445,AV  LECLERC/RUE RUSSEL,43.3026,-0.35213,Plein jour,En agglomération,Hors intersection,Normale,Trois véhicules et plus - en chaîne,,,,,,,,,,,1,2,1,1.0,4.0
201100038054,0011-05-18 05:30:00,11,5,18,5,30,640,335,CAMI SALIE,43.3445,-0.42952,Crépuscule ou aube,Hors agglomération,Hors intersection,Normale,Sans collision,,,,,,,,,,,2,1,1,1.0,7.0
201100038055,0011-05-20 07:50:00,11,5,20,7,50,640,445,19 AV DE LONS,43.3122,-0.38095,Plein jour,En agglomération,Hors intersection,Normale,Deux véhicules - côté,,,,,,,,,,,1,2,1,1.0,3.0
201100038056,0011-05-20 07:40:00,11,5,20,7,40,640,335,19 BD DE L'EUROPE,43.3332,-0.45323,Plein jour,En agglomération,Intersection en X,Normale,Deux véhicules - arrière,,,,,,,,,,,1,2,2,1.0,2.0
201100038057,0011-05-20 12:00:00,11,5,20,12,0,640,445,31 AV DES LILAS,43.3058,-0.34985,Plein jour,En agglomération,Intersection en T,Normale,Deux véhicules - arrière,,,,,,,,,,,1,2,3,1.0,2.0
201100038058,0011-05-23 08:15:00,11,5,23,8,15,640,284,CORPS FRANC POMMIES,43.2922,-0.40122,Plein jour,En agglomération,Intersection en T,Normale,Deux véhicules - côté,,,,,,,,,,,1,2,3,1.0,3.0
201100038059,0011-05-23 16:55:00,11,5,23,16,55,640,445,32 RUE DE LIEGE,43.2989,-0.37487,Plein jour,En agglomération,Hors intersection,Normale,Deux véhicules - frontale,,,,,,,,,,,1,2,1,1.0,1.0
201100038060,0011-05-24 14:10:00,11,5,24,14,10,640,445,GIRATOIRE DE LA COMMUNE,43.3113,-0.36235,Plein jour,En agglomération,Giratoire,Normale,Deux véhicules - côté,,,,,,,,,,,1,2,6,1.0,3.0
201100038061,0011-05-24 15:05:00,11,5,24,15,5,640,348,116  CHARLES DE GAULLE,43.3167,-0.4229,Plein jour,Hors agglomération,Hors intersection,Normale,Deux véhicules - côté,,,,,,,,,,,1,1,1,1.0,3.0
201100038062,0011-05-25 13:55:00,11,5,25,13,55,640,445,11 AV MARECHAL LECLERC,43.306,-0.33581,Plein jour,En agglomération,Hors intersection,Normale,Deux véhicules - côté,,,,,,,,,,,1,2,1,1.0,3.0
201100038063,0011-05-28 04:35:00,11,5,28,4,35,640,237,"0, D100",43.2798,-0.38008,Nuit avec éclairage allumé,En agglomération,Giratoire,Normale,Deux véhicules - côté,,,,,,,,,,,5,2,6,1.0,3.0
201100038064,0011-05-31 17:55:00,11,5,31,17,55,640,132,D938,43.2913,-0.33155,Plein jour,En agglomération,Giratoire,Normale,Deux véhicules - côté,,,,,,,,,,,1,2,6,1.0,3.0
201100038065,0011-05-31 13:45:00,11,5,31,13,45,640,335,68 BD DE L' EUROPE,43.3353,-0.45708,Plein jour,Hors agglomération,Hors intersection,Pluie légère,Deux véhicules - frontale,,,,,,,,,,,1,1,1,2.0,1.0
201100038066,0011-06-01 23:55:00,11,6,1,23,55,640,445,AV DES LILAS/CARBONNIERE,43.3049,-0.35233,Nuit avec éclairage allumé,En agglomération,Intersection en T,Pluie légère,Deux véhicules - côté,,,,,,,,,,,5,2,3,2.0,3.0
201100038067,0011-06-05 10:25:00,11,6,5,10,25,640,445,14 RUE MONGE,43.3197,-0.3587,Plein jour,En agglomération,Hors intersection,Normale,Deux véhicules - frontale,,,,,,,,,,,1,2,1,1.0,1.0
201100038068,0011-06-07 06:55:00,11,6,7,6,55,640,445,2 AV GASTON LACOSTE,43.2933,-0.36123,Crépuscule ou aube,En agglomération,Intersection en T,Pluie légère,Deux véhicules - côté,,,,,,,,,,,2,2,3,2.0,3.0
201100038069,0011-06-08 14:45:00,11,6,8,14,45,640,445,RUE MOUROT/GASSIOT,43.2991,-0.37189,Plein jour,En agglomération,Intersection en T,Pluie légère,Deux véhicules - côté,,,,,,,,,,,1,2,3,2.0,3.0
201100038070,0011-06-12 13:20:00,11,6,12,13,20,640,445,11 RUE LEONARD CONSTANT,43.3075,-0.37073,Plein jour,En agglomération,Hors intersection,Normale,Deux véhicules - côté,,,,,,,,,,,1,2,1,1.0,3.0
201100038071,0011-06-14 17:45:00,11,6,14,17,45,640,269,3 RENE MOUCHOTTE,43.3018,-0.31589,Plein jour,En agglomération,Hors intersection,Normale,Deux véhicules - arrière,,,,,,,,,,,1,2,1,1.0,2.0
201100038072,0011-06-16 19:15:00,11,6,16,19,15,640,445,84 BD DE LA PAIX,43.3151,-0.33601,Plein jour,En agglomération,Intersection en T,Pluie légère,Deux véhicules - côté,,,,,,,,,,,1,2,3,2.0,3.0
201100038073,0011-06-16 19:15:00,11,6,16,19,15,640,445,AV DE BUROS/CAMIE SALIE,43.3266,-0.34172,Plein jour,En agglomération,Intersection en T,Pluie légère,Deux véhicules - côté,,,,,,,,,,,1,2,3,2.0,3.0
201100038074,0011-06-20 14:40:00,11,6,20,14,40,640,445,216 AV JEAN MERMOZ,43.3192,-0.37864,Plein jour,En agglomération,Hors intersection,Normale,Sans collision,,,,,,,,,,,1,2,1,1.0,7.0
201100038075,0011-06-21 13:24:00,11,6,21,13,24,640,445,3 AV GASTON LACOSTE,43.2943,-0.35903,Plein jour,En agglomération,Hors intersection,Temps éblouissant,Deux véhicules - frontale,,,,,,,,,,,1,2,1,7.0,1.0
201100038076,0011-06-21 18:15:00,11,6,21,18,15,640,129,ROUTE DE  BAYONNE,43.3051,-0.40177,Plein jour,En agglomération,Giratoire,Normale,Deux véhicules - arrière,,,,,,,,,,,1,2,6,1.0,2.0
201100038077,0011-06-21 19:00:00,11,6,21,19,0,640,399,AV MARTYRS DU PONT LONG,43.3479,-0.37993,Plein jour,En agglomération,Hors intersection,Normale,Sans collision,,,,,,,,,,,1,2,1,1.0,7.0
201100038078,0011-06-24 17:33:00,11,6,24,17,33,640,445,RUE DU 14 JUILLET,43.2927,-0.37804,Plein jour,En agglomération,Intersection en T,Normale,Autre collision,,,,,,,,,,,1,2,3,1.0,6.0
201100038079,0011-06-27 18:20:00,11,6,27,18,20,640,335,BD DE L' EUROPE,43.3172,-0.42393,Plein jour,En agglomération,Hors intersection,Normale,Deux véhicules - arrière,,,,,,,,,,,1,2,1,1.0,2.0
201100038080,0011-06-28 08:35:00,11,6,28,8,35,640,348,AV DE SANTONA/MEDIATHEQ,43.3207,-0.39149,Plein jour,En agglomération,Giratoire,Normale,Deux véhicules - côté,,,,,,,,,,,1,2,6,1.0,3.0
201100038081,0011-06-28 23:20:00,11,6,28,23,20,640,129,56 ROUTE DE  BAYONNE,43.3011,-0.39447,Nuit avec éclairage allumé,En agglomération,Hors intersection,Pluie légère,Deux véhicules - côté,,,,,,,,,,,5,2,1,2.0,3.0
201100038082,0011-06-29 23:05:00,11,6,29,23,5,640,445,"0,AV GASTON LACOSTE",43.2922,-0.36874,Nuit avec éclairage allumé,En agglomération,Hors intersection,Normale,Deux véhicules - côté,,,,,,,,,,,5,2,1,1.0,3.0
201100038083,0011-06-29 14:25:00,11,6,29,14,25,640,315,AV ANDRE MARIE AMPERE,43.3144,-0.42912,Plein jour,En agglomération,Hors intersection,Normale,Deux véhicules - arrière,,,,,,,,,,,1,2,1,1.0,2.0
201100038084,0011-06-30 12:10:00,11,6,30,12,10,640,445,AV DIDIER DAURAT,43.3311,-0.37968,Plein jour,En agglomération,Intersection en T,Normale,Deux véhicules - côté,,,,,,,,,,,1,2,3,1.0,3.0
201100038085,0011-06-30 19:45:00,11,6,30,19,45,640,445,RUE BENGHOZI/RUE FERRY,43.3191,-0.36403,Plein jour,En agglomération,Intersection en X,Normale,Deux véhicules - arrière,,,,,,,,,,,1,2,2,1.0,2.0
201100038086,0011-07-02 18:03:00,11,7,2,18,3,640,445,RUE MARCA/ETIGNY,43.2963,-0.37635,Plein jour,En agglomération,Intersection en X,Normale,Deux véhicules - côté,,,,,,,,,,,1,2,2,1.0,3.0
201100038087,0011-07-04 18:00:00,11,7,4,18,0,640,445,AV DE SARAGOSSE/CADIER,43.3081,-0.36054,Plein jour,En agglomération,Intersection en T,Normale,Autre collision,,,,,,,,,,,1,2,3,1.0,6.0
201100038088,0011-07-05 12:15:00,11,7,5,12,15,640,445,AV LOUIS SALLENAVE,43.3166,-0.3605,Plein jour,En agglomération,Hors intersection,Normale,Trois véhicules et plus - en chaîne,,,,,,,,,,,1,2,1,1.0,4.0
201100038089,0011-07-05 17:20:00,11,7,5,17,20,640,445,8 COURS LEON BERARD,43.3141,-0.37029,Plein jour,En agglomération,Hors intersection,Normale,Deux véhicules - côté,,,,,,,,,,,1,2,1,1.0,3.0
201100038090,0011-07-05 17:30:00,11,7,5,17,30,640,399,125 MARTYRS DU PONT LONG,43.3391,-0.37975,Plein jour,En agglomération,Hors intersection,Normale,Deux véhicules - côté,,,,,,,,,,,1,2,1,1.0,3.0
201100038091,0011-07-06 13:10:00,11,7,6,13,10,640,129,94 ROUTE DE BAYONNE,43.306,-0.40332,Plein jour,En agglomération,Hors intersection,Normale,Deux véhicules - arrière,,,,,,,,,,,1,2,1,1.0,2.0
201100038092,0011-07-07 17:45:00,11,7,7,17,45,640,445,6 RUE MARCA,43.2946,-0.37712,Plein jour,Hors agglomération,Intersection en T,Pluie légère,Deux véhicules - côté,,,,,,,,,,,1,1,3,2.0,3.0
201100038093,0011-07-11 16:20:00,11,7,11,16,20,640,445,12  RUE VICTOR DUCLA,43.3254,-0.37569,Plein jour,En agglomération,Intersection en X,Normale,Deux véhicules - côté,,,,,,,,,,,1,2,2,1.0,3.0
201100038094,0011-07-12 12:25:00,11,7,12,12,25,640,445,3 RUE DU 14 JUILLET,43.2927,-0.37806,Plein jour,En agglomération,Hors intersection,Normale,Autre collision,,,,,,,,,,,1,2,1,1.0,6.0
201100038095,0011-07-12 18:00:00,11,7,12,18,0,640,445,19 RUE DE LIVRON,43.302,-0.37935,Plein jour,En agglomération,Intersection en X,Pluie légère,Deux véhicules - côté,,,,,,,,,,,1,2,2,2.0,3.0
201100038096,0011-07-12 19:17:00,11,7,12,19,17,640,445,40 RUE RONSARD,43.3187,-0.35943,Plein jour,En agglomération,Hors intersection,Pluie légère,Deux véhicules - arrière,,,,,,,,,,,1,2,1,2.0,2.0
201100038097,0011-07-13 10:10:00,11,7,13,10,10,640,445,AV FOUCHET,43.3139,-0.37577,Plein jour,En agglomération,Intersection en X,Pluie légère,Deux véhicules - côté,,,,,,,,,,,1,2,2,2.0,3.0
201100038098,0011-07-15 12:37:00,11,7,15,12,37,640,445,9 AV LEON SAY,43.2941,-0.36318,Plein jour,En agglomération,Hors intersection,Temps éblouissant,Deux véhicules - côté,,,,,,,,,,,1,2,1,7.0,3.0
201100038099,0011-07-18 17:25:00,11,7,18,17,25,640,445,30 COURS LYAUTEY,43.3081,-0.3642,Plein jour,En agglomération,Hors intersection,Normale,Autre collision,,,,,,,,,,,1,2,1,1.0,6.0
201100038100,0011-07-20 19:00:00,11,7,20,19,0,640,445,AV GASTON LACOSTE/OSSEAU,43.2921,-0.36484,Plein jour,En agglomération,Intersection en X,Normale,Autre collision,,,,,,,,,,,1,2,2,1.0,6.0
201100038101,0011-07-21 08:00:00,11,7,21,8,0,640,445,6 RUE ADOUE,43.2943,-0.37215,Plein jour,En agglomération,Hors intersection,Normale,Autre collision,,,,,,,,,,,1,2,1,1.0,6.0
201100038102,0011-07-21 18:13:00,11,7,21,18,13,640,445,MARTYRS DU PONT LONG DES,43.3447,-0.3799,Plein jour,En agglomération,Hors intersection,Normale,Trois véhicules et plus - en chaîne,,,,,,,,,,,1,2,1,1.0,4.0
201100038103,0011-07-25 17:34:00,11,7,25,17,34,640,445,AV DE SARAGOSSE/AMPERE,43.3086,-0.36304,Plein jour,En agglomération,Intersection en T,Pluie légère,Deux véhicules - côté,,,,,,,,,,,1,2,3,2.0,3.0
201100038104,0011-07-27 16:15:00,11,7,27,16,15,640,348,CAMI SALIE,43.3365,-0.38937,Plein jour,En agglomération,Hors intersection,Normale,Autre collision,,,,,,,,,,,1,2,1,1.0,6.0
201100038105,0011-07-31 18:00:00,11,7,31,18,0,640,269,"0, D938",43.2867,-0.32751,Plein jour,Hors agglomération,Hors intersection,Normale,Deux véhicules - arrière,,,,,,,,,,,1,1,1,1.0,2.0
201100038106,0011-07-31 18:55:00,11,7,31,18,55,640,335,30 CHEMIN FOURCET,43.3254,-0.43663,Plein jour,En agglomération,Hors intersection,Normale,Deux véhicules - côté,,,,,,,,,,,1,2,1,1.0,3.0
201100038107,0011-08-04 14:45:00,11,8,4,14,45,640,445,109 AV JEAN MERMOZ,43.3145,-0.37786,Plein jour,En agglomération,Hors intersection,Normale,Autre collision,,,,,,,,,,,1,2,1,1.0,6.0
201100038108,0011-08-03 12:00:00,11,8,3,12,0,640,315,"0, AV DES LACS",43.3049,-0.4249,Plein jour,En agglomération,Hors intersection,Normale,Autre collision,,,,,,,,,,,1,2,1,1.0,6.0
201100038109,0011-08-04 01:40:00,11,8,4,1,40,640,445,50 AV JEAN MERMOZ,43.3098,-0.37688,Nuit avec éclairage allumé,En agglomération,Hors intersection,Normale,Autre collision,,,,,,,,,,,5,2,1,1.0,6.0
201100038110,0011-08-04 15:47:00,11,8,4,15,47,640,445,RUE LOUIS BARTHOU/ARAGON,43.2944,-0.36805,Plein jour,En agglomération,Intersection en T,Normale,Deux véhicules - arrière,,,,,,,,,,,1,2,3,1.0,2.0
201100038111,0011-08-05 11:40:00,11,8,5,11,40,640,335,ROUTE DE BAYONNE/PHOEBUS,43.3332,-0.45319,Plein jour,En agglomération,Hors intersection,Normale,Deux véhicules - arrière,,,,,,,,,,,1,2,1,1.0,2.0
201100038112,0011-08-05 18:40:00,11,8,5,18,40,640,445,"0, AV DE BEZIOU",43.3038,-0.38009,Plein jour,En agglomération,Hors intersection,Normale,Deux véhicules - arrière,,,,,,,,,,,1,2,1,1.0,2.0
201100038113,0011-08-06 15:05:00,11,8,6,15,5,640,445,RUE ABBE BREMOND,43.3057,-0.37034,Plein jour,En agglomération,Intersection en X,Normale,Deux véhicules - arrière,,,,,,,,,,,1,2,2,1.0,2.0
201100038114,0011-08-06 16:25:00,11,8,6,16,25,640,348,60 BD CHARLES DE GAULLE,43.3106,-0.41185,Plein jour,En agglomération,Hors intersection,Normale,Deux véhicules - arrière,,,,,,,,,,,1,2,1,1.0,2.0
201100038115,0011-08-08 15:58:00,11,8,8,15,58,640,445,10 AV DE LA  RESISTANCE,43.3012,-0.37532,Plein jour,En agglomération,Hors intersection,Normale,Trois véhicules et plus - en chaîne,,,,,,,,,,,1,2,1,1.0,4.0
201100038116,0011-08-10 21:55:00,11,8,10,21,55,640,445,CORPS FRANC POMMIES/OSSE,43.2923,-0.39029,Nuit avec éclairage allumé,En agglomération,Intersection en X,Normale,Deux véhicules - côté,,,,,,,,,,,5,2,2,1.0,3.0
201100038117,0011-08-14 16:50:00,11,8,14,16,50,640,445,1 RUE RAUSKY,43.3025,-0.37559,Plein jour,En agglomération,Hors intersection,Normale,Autre collision,,,,,,,,,,,1,2,1,1.0,6.0
201100038118,0011-08-17 12:35:00,11,8,17,12,35,640,348,69 CHEMIN DES VIGNES,43.314,-0.40717,Plein jour,En agglomération,Hors intersection,Normale,Deux véhicules - côté,,,,,,,,,,,1,2,1,1.0,3.0
201100038119,0011-08-18 15:31:00,11,8,18,15,31,640,129,AV DE SANTONA,43.3209,-0.39162,Plein jour,En agglomération,Giratoire,Normale,Deux véhicules - côté,,,,,,,,,,,1,2,6,1.0,3.0
201100038120,0011-08-18 16:00:00,11,8,18,16,0,640,445,3 RUE BERNARD MAUBOULES,43.303,-0.396,Plein jour,En agglomération,Hors intersection,Normale,Sans collision,,,,,,,,,,,1,2,1,1.0,7.0
201100038121,0011-08-18 18:00:00,11,8,18,18,0,640,335,"0, SAULT DE NAVAILLES DE",43.3412,-0.43375,Plein jour,Hors agglomération,Hors intersection,Normale,Deux véhicules - frontale,,,,,,,,,,,1,1,1,1.0,1.0
201100038122,0011-08-23 17:00:00,11,8,23,17,0,640,348,AV DE L' HIPPODROME,43.3396,-0.38494,Plein jour,En agglomération,Giratoire,Normale,Deux véhicules - arrière,,,,,,,,,,,1,2,6,1.0,2.0
201100038123,0011-08-24 11:50:00,11,8,24,11,50,640,335,RUE DU SOUVENIR FRANCAIS,43.3216,-0.43822,Plein jour,En agglomération,Intersection en X,Pluie légère,Deux véhicules - côté,,,,,,,,,,,1,2,2,2.0,3.0
201100038124,0011-08-24 15:58:00,11,8,24,15,58,640,445,17 RUE VICTOR HUGO,43.2907,-0.35403,Plein jour,En agglomération,Hors intersection,Temps couvert,Autre collision,,,,,,,,,,,1,2,1,8.0,6.0
201100038125,0011-08-24 18:45:00,11,8,24,18,45,640,405,"0, ALFRED NOBEL",43.319,-0.30767,Plein jour,En agglomération,Hors intersection,Normale,Deux véhicules - arrière,,,,,,,,,,,1,2,1,1.0,2.0
201100038126,0011-08-24 23:05:00,11,8,24,23,5,640,445,AV HONORE BARADAT/CADIER,43.3054,-0.36109,Nuit avec éclairage allumé,En agglomération,Intersection en X,Normale,Deux véhicules - côté,,,,,,,,,,,5,2,2,1.0,3.0
201100038127,0011-08-25 18:15:00,11,8,25,18,15,640,445,RUE BONADO/AV DES EU,43.2983,-0.3596,Plein jour,En agglomération,Intersection en X,Normale,Deux véhicules - côté,,,,,,,,,,,1,2,2,1.0,3.0
201100038128,0011-08-28 14:50:00,11,8,28,14,50,640,445,RP DU SOUVENIR FRANCAIS,43.3056,-0.37645,Plein jour,En agglomération,Giratoire,Normale,Autre collision,,,,,,,,,,,1,2,6,1.0,6.0
201100038129,0011-08-29 18:30:00,11,8,29,18,30,640,445,2 RUE JULES VERNE,43.3074,-0.35801,Plein jour,En agglomération,Hors intersection,Normale,Autre collision,,,,,,,,,,,1,2,1,1.0,6.0
201100038130,0011-09-03 11:50:00,11,9,3,11,50,640,129,ROUTE DE BAYONNE,43.3048,-0.40112,Plein jour,En agglomération,Giratoire,Normale,Autre collision,,,,,,,,,,,1,2,6,1.0,6.0
201100038131,0011-09-03 19:05:00,11,9,3,19,5,640,445,RP DU SOUVENIR FRANCAIS,43.3057,-0.37661,Plein jour,En agglomération,Giratoire,Normale,Deux véhicules - côté,,,,,,,,,,,1,2,6,1.0,3.0
201100038132,0011-09-04 11:05:00,11,9,4,11,5,640,445,COMBATTANTS D' INDOCHINE,43.318,-0.37826,Plein jour,En agglomération,Giratoire,Normale,Deux véhicules - arrière,,,,,,,,,,,1,2,6,1.0,2.0
201100038133,0011-09-05 14:22:00,11,9,5,14,22,640,445,AV COPERNIC/GUILHEME,43.3241,-0.33344,Plein jour,En agglomération,Intersection en X,Normale,Autre collision,,,,,,,,,,,1,2,2,1.0,6.0