accident_id,datetime,annee,mois,jour,heure,minute,departement,commune_insee,adresse,latitude,longitude,luminosite,agglomeration,intersection,meteo,collision,nb_vehicules,nb_usagers,nb_indemnes,nb_tues,nb_blesses_hosp,nb_blesses_legers,age_cond_1,age_cond_2,veh_type_cond_1,veh_type_cond_2,lum_code,agg_code,int_code,atm_code,col_code
201100038255,0011-12-23 10:05:00,11,12,23,10,5,640,445,113 AV DE BUROS,43.3211,-0.34673,Plein jour,En agglomération,Hors intersection,Normale,Autre collision,,,,,,,,,,,1,2,1,1.0,6.0
201100038256,0011-12-26 16:40:00,11,12,26,16,40,640,445,RUE DU TREMBLAY,43.3284,-0.37636,Plein jour,En agglomération,Intersection en X,Normale,Deux véhicules - côté,,,,,,,,,,,1,2,2,1.0,3.0
201100038257,0011-12-26 17:00:00,11,12,26,17,0,640,445,18 BD DES PYRENEES,43.2934,-0.3691,Plein jour,En agglomération,Hors intersection,Temps éblouissant,Autre collision,,,,,,,,,,,1,2,1,7.0,6.0
201100038258,0011-12-27 20:35:00,11,12,27,20,35,640,445,RP DE LA COMMUNE PARIS,43.3117,-0.36299,Nuit avec éclairage allumé,En agglomération,Giratoire,Normale,Deux véhicules - côté,,,,,,,,,,,5,2,6,1.0,3.0
201100038259,0011-12-28 09:30:00,11,12,28,9,30,640,445,RP ALLEES DE MORLAAS,43.3082,-0.33927,Plein jour,En agglomération,Giratoire,Normale,Deux véhicules - côté,,,,,,,,,,,1,2,6,1.0,3.0
201100038260,0011-01-05 15:55:00,11,1,5,15,55,640,260,"26, AV DES ALLEES",43.3552,-1.77453,Plein jour,En agglomération,Hors intersection,Pluie légère,Deux véhicules - côté,,,,,,,,,,,1,2,1,2.0,3.0
201100038261,0011-01-07 13:10:00,11,1,7,13,10,640,545,RD 810,43.3497,-1.74477,Plein jour,Hors agglomération,Hors intersection,Normale,Sans collision,,,,,,,,,,,1,1,1,1.0,7.0
201100038262,0011-01-12 09:10:00,11,1,12,9,10,640,545,RD810,43.3698,-1.68299,Plein jour,En agglomération,Hors intersection,Normale,Trois véhicules et plus - en chaîne,,,,,,,,,,,1,2,1,1.0,4.0
201100038263,0011-01-16 15:00:00,11,1,16,15,0,640,249,RD810,43.4197,-1.60745,Plein jour,En agglomération,Hors intersection,Normale,Deux véhicules - arrière,,,,,,,,,,,1,2,1,1.0,2.0
201100038264,0011-01-24 16:45:00,11,1,24,16,45,640,483,RUE SOPITE,43.3906,-1.65919,Plein jour,En agglomération,Hors intersection,Normale,Deux véhicules - côté,,,,,,,,,,,1,2,1,1.0,3.0
201100038265,0011-01-30 22:30:00,11,1,30,22,30,640,483,RD810,43.3743,-1.67917,Nuit avec éclairage allumé,En agglomération,Hors intersection,Normale,Sans collision,,,,,,,,,,,5,2,1,1.0,7.0
201100038266,0011-02-02 14:20:00,11,2,2,14,20,640,483,RD810,43.3951,-1.64844,Plein jour,En agglomération,Hors intersection,Temps couvert,Deux véhicules - côté,,,,,,,,,,,1,2,1,8.0,3.0
201100038267,0011-03-19 15:55:00,11,3,19,15,55,640,260,"80, ROUTE DE BEHOBIE",43.3459,-1.76378,Plein jour,En agglomération,Hors intersection,Normale,Autre collision,,,,,,,,,,,1,2,1,1.0,6.0
201100038268,0011-02-03 14:55:00,11,2,3,14,55,640,483,AV PIERRE LARRAMENDY,43.3834,-1.65942,Plein jour,En agglomération,Hors intersection,Temps couvert,Deux véhicules - côté,,,,,,,,,,,1,2,1,8.0,3.0
201100038269,0011-03-24 19:25:00,11,3,24,19,25,640,260,"102, RUE DE BEHOBIE",43.3465,-1.76573,Crépuscule ou aube,En agglomération,Hors intersection,Normale,Deux véhicules - arrière,,,,,,,,,,,2,2,1,1.0,2.0
201100038270,0011-04-05 10:20:00,11,4,5,10,20,640,260,62 ROUTE DE BEHOBIE,43.3491,-1.76956,Plein jour,En agglomération,Hors intersection,Normale,Deux véhicules - côté,,,,,,,,,,,1,2,1,1.0,3.0
201100038271,0011-02-09 17:25:00,11,2,9,17,25,640,545,ROUTE DE LA CORNICHE,43.3863,-1.71026,Plein jour,Hors agglomération,Hors intersection,Normale,Sans collision,,,,,,,,,,,1,1,1,1.0,7.0
201100038272,0011-04-07 20:15:00,11,4,7,20,15,640,260,19 RUE ATABALA,43.3638,-1.76454,Plein jour,En agglomération,Hors intersection,Normale,Deux véhicules - côté,,,,,,,,,,,1,2,1,1.0,3.0
201100038273,0011-02-13 11:25:00,11,2,13,11,25,640,483,AVENUE DE CHANTACO,43.3787,-1.6387,Plein jour,En agglomération,Hors intersection,Normale,Deux véhicules - côté,,,,,,,,,,,1,2,1,1.0,3.0
201100038274,0011-04-11 18:10:00,11,4,11,18,10,640,260,"81,BD G?N?RAL DE GAULLE",43.3535,-1.78036,Plein jour,En agglomération,Hors intersection,Normale,Deux véhicules - côté,,,,,,,,,,,1,2,1,1.0,3.0
201100038275,0011-02-17 20:15:00,11,2,17,20,15,640,249,RD810,43.4216,-1.60502,Nuit avec éclairage allumé,En agglomération,Hors intersection,Normale,Deux véhicules - arrière,,,,,,,,,,,5,2,1,1.0,2.0
201100038276,0011-05-09 16:35:00,11,5,9,16,35,640,260,3 RUE DE L'AUTOPORT,43.347,-1.77138,Plein jour,En agglomération,Hors intersection,Normale,Deux véhicules - côté,,,,,,,,,,,1,2,1,1.0,3.0
201100038277,0011-05-18 11:00:00,11,5,18,11,0,640,260,1 RUE DE LA GARE,43.3571,-1.77441,Plein jour,En agglomération,Hors intersection,Normale,Deux véhicules - arrière,,,,,,,,,,,1,2,1,1.0,2.0
201100038278,0011-05-25 18:35:00,11,5,25,18,35,640,260,60 ROUTE DE BEHOBIE,43.3496,-1.77409,Plein jour,En agglomération,Intersection en T,Normale,Deux véhicules - côté,,,,,,,,,,,1,2,3,1.0,3.0
201100038279,0011-03-08 08:15:00,11,3,8,8,15,640,483,"24, RUE DE L' ICHACA",43.3876,-1.64972,Plein jour,En agglomération,Hors intersection,Normale,Deux véhicules - côté,,,,,,,,,,,1,2,1,1.0,3.0
201100038280,0011-06-01 16:30:00,11,6,1,16,30,640,545,35 RUE PELLOT,43.5046,-1.4674,Plein jour,En agglomération,Hors intersection,Normale,Deux véhicules - arrière,,,,,,,,,,,1,2,1,1.0,2.0
201100038281,0011-03-08 11:55:00,11,3,8,11,55,640,545,ROUTE DE SOUHARA,43.3716,-1.6714,Plein jour,Hors agglomération,Hors intersection,Normale,Autre collision,,,,,,,,,,,1,1,1,1.0,6.0
201100038282,0011-06-03 15:40:00,11,6,3,15,40,640,260,1 RUE DE LA GARE,43.3571,-1.77444,Plein jour,En agglomération,Hors intersection,Normale,Deux véhicules - côté,,,,,,,,,,,1,2,1,1.0,3.0
201100038283,0011-06-07 08:40:00,11,6,7,8,40,640,545,1 ROUTE DE LA GLACIERE,43.3527,-1.73917,Plein jour,Hors agglomération,Hors intersection,Pluie forte,Sans collision,,,,,,,,,,,1,1,1,3.0,7.0
201100038284,0011-03-14 12:05:00,11,3,14,12,5,640,249,RD810,43.421,-1.60599,Plein jour,En agglomération,Hors intersection,Temps couvert,Trois véhicules et plus - en chaîne,,,,,,,,,,,1,2,1,8.0,4.0
201100038285,0011-03-24 17:25:00,11,3,24,17,25,640,189,RUE POCALETTE,43.3873,-1.6698,Plein jour,En agglomération,Hors intersection,Normale,Autre collision,,,,,,,,,,,1,2,1,1.0,6.0
201100038286,0011-06-20 10:10:00,11,6,20,10,10,640,260,57 RUE DE BEHOBIE,43.3498,-1.77302,Plein jour,En agglomération,Hors intersection,Normale,Deux véhicules - arrière,,,,,,,,,,,1,2,1,1.0,2.0
201100038287,0011-04-07 12:35:00,11,4,7,12,35,640,483,AVENUE DE CHANTACO,43.3778,-1.63788,Plein jour,En agglomération,Hors intersection,Normale,Sans collision,,,,,,,,,,,1,2,1,1.0,7.0
201100038288,0011-07-03 18:10:00,11,7,3,18,10,640,260,23 RUE DES RESERVOIRS,43.3552,-1.76795,Plein jour,En agglomération,Hors intersection,Normale,Deux véhicules - côté,,,,,,,,,,,1,2,1,1.0,3.0
201100038289,0011-04-09 14:35:00,11,4,9,14,35,640,545,RD810,43.3686,-1.6854,Plein jour,Hors agglomération,Hors intersection,Normale,Deux véhicules - côté,,,,,,,,,,,1,1,1,1.0,3.0
201100038290,0011-07-13 09:00:00,11,7,13,9,0,640,545,RD 810,43.3582,-1.73372,Plein jour,Hors agglomération,Hors intersection,Pluie forte,Trois véhicules et plus - collisions multiples,,,,,,,,,,,1,1,1,3.0,5.0
201100038291,0011-04-20 15:45:00,11,4,20,15,45,640,483,11 AV JAUREGUIBERRY,43.3872,-1.65905,Plein jour,En agglomération,Hors intersection,Normale,Deux véhicules - côté,,,,,,,,,,,1,2,1,1.0,3.0
201100038292,0011-07-14 19:30:00,11,7,14,19,30,640,260,1 AV DES MIMOSAS,43.3725,-1.77287,Plein jour,En agglomération,Hors intersection,Normale,Deux véhicules - frontale,,,,,,,,,,,1,2,1,1.0,1.0
201100038293,0011-04-22 13:35:00,11,4,22,13,35,640,483,RD810,43.3968,-1.64558,Plein jour,En agglomération,Hors intersection,Temps couvert,Deux véhicules - arrière,,,,,,,,,,,1,2,1,8.0,2.0
201100038294,0011-08-15 04:20:00,11,8,15,4,20,640,260,69 AV DES MIMOSAS,43.3705,-1.78491,Nuit avec éclairage allumé,En agglomération,Hors intersection,Normale,Sans collision,,,,,,,,,,,5,2,1,1.0,7.0
201100038295,0011-05-04 19:40:00,11,5,4,19,40,640,483,RD810,43.3729,-1.68065,Plein jour,Hors agglomération,Hors intersection,Normale,Deux véhicules - côté,,,,,,,,,,,1,1,1,1.0,3.0
201100038296,0011-08-17 16:15:00,11,8,17,16,15,640,260,102 RUE DE BEHOBIE,43.3492,-1.77099,Plein jour,Hors agglomération,Hors intersection,Normale,Trois véhicules et plus - collisions multiples,,,,,,,,,,,1,1,1,1.0,5.0
201100038297,0011-05-05 14:50:00,11,5,5,14,50,640,483,RD810,43.4019,-1.63625,Plein jour,En agglomération,Hors intersection,Normale,Sans collision,,,,,,,,,,,1,2,1,1.0,7.0
201100038298,0011-08-25 19:20:00,11,8,25,19,20,640,260,35 AV BAIE DE CHINGUDY,43.3694,-1.7727,Plein jour,En agglomération,Hors intersection,Normale,Deux véhicules - côté,,,,,,,,,,,1,2,1,1.0,3.0
201100038299,0011-01-04 16:45:00,11,1,4,16,45,640,189,"2, BD DE BORDAGAIN",43.3782,-1.67256,Plein jour,En agglomération,Hors intersection,Normale,Autre collision,,,,,,,,,,,1,2,1,1.0,6.0
201100038300,0011-05-15 16:30:00,11,5,15,16,30,640,483,18  AV KAKSINENEA,43.3957,-1.63191,Plein jour,En agglomération,Hors intersection,Normale,Autre collision,,,,,,,,,,,1,2,1,1.0,6.0
201100038301,0011-09-16 13:45:00,11,9,16,13,45,640,260,BD GENERAL DE GAULLE,43.3524,-1.78198,Plein jour,En agglomération,Hors intersection,Normale,Deux véhicules - arrière,,,,,,,,,,,1,2,1,1.0,2.0
201100038302,0011-05-18 12:55:00,11,5,18,12,55,640,483,10 RUE AXULAR,43.3862,-1.65561,Plein jour,En agglomération,Hors intersection,Normale,Deux véhicules - côté,,,,,,,,,,,1,2,1,1.0,3.0
201100038303,0011-05-22 19:33:00,11,5,22,19,33,640,483,20 RUE DE L'ICHACA,43.3867,-1.64995,Plein jour,En agglomération,Hors intersection,Normale,Sans collision,,,,,,,,,,,1,2,1,1.0,7.0
201100038304,0011-05-27 20:20:00,11,5,27,20,20,640,483,RD810,43.4109,-1.6208,Crépuscule ou aube,Hors agglomération,Hors intersection,Normale,Sans collision,,,,,,,,,,,2,1,1,1.0,7.0
201100038305,0011-05-28 16:25:00,11,5,28,16,25,640,545,RD810,43.362,-1.71598,Plein jour,Hors agglomération,Hors intersection,Normale,Trois véhicules et plus - collisions multiples,,,,,,,,,,,1,1,1,1.0,5.0
201100038306,0011-05-28 11:15:00,11,5,28,11,15,640,483,AV ANDRE ITHURRALDE,43.3997,-1.64018,Plein jour,En agglomération,Hors intersection,Normale,Autre collision,,,,,,,,,,,1,2,1,1.0,6.0
201100038307,0011-06-03 16:40:00,11,6,3,16,40,640,249,RD810,43.4225,-1.60509,Plein jour,Hors agglomération,Hors intersection,Normale,Trois véhicules et plus - collisions multiples,,,,,,,,,,,1,1,1,1.0,5.0
201100038308,0011-06-04 14:40:00,11,6,4,14,40,640,545,RD810,43.3609,-1.70049,Plein jour,Hors agglomération,Hors intersection,Normale,Deux véhicules - arrière,,,,,,,,,,,1,1,1,1.0,2.0
201100038309,0011-06-05 16:45:00,11,6,5,16,45,640,249,RD810,43.4216,-1.60501,Plein jour,Hors agglomération,Hors intersection,Normale,Deux véhicules - côté,,,,,,,,,,,1,1,1,1.0,3.0
201100038310,0011-06-14 14:30:00,11,6,14,14,30,640,545,RD810,43.3721,-1.68127,Plein jour,Hors agglomération,Hors intersection,Normale,Deux véhicules - frontale,,,,,,,,,,,1,1,1,1.0,1.0
201100038311,0011-06-17 02:20:00,11,6,17,2,20,640,483,RD810,43.3997,-1.64018,Nuit avec éclairage allumé,En agglomération,Hors intersection,Normale,Sans collision,,,,,,,,,,,5,2,1,1.0,7.0
201100038312,0011-06-21 17:15:00,11,6,21,17,15,640,483,RD810,43.3934,-1.65135,Plein jour,En agglomération,Hors intersection,Normale,Deux véhicules - arrière,,,,,,,,,,,1,2,1,1.0,2.0
201100038313,0011-06-29 23:30:00,11,6,29,23,30,640,483,25 RUE PAUL GELOS,43.3963,-1.65786,Nuit avec éclairage allumé,En agglomération,Hors intersection,Normale,Deux véhicules - frontale,,,,,,,,,,,5,2,1,1.0,1.0
201100038314,0011-06-30 13:00:00,11,6,30,13,0,640,483,AV LAHANCHIPIA,43.4003,-1.62887,Plein jour,En agglomération,Hors intersection,Normale,Deux véhicules - arrière,,,,,,,,,,,1,2,1,1.0,2.0
201100038315,0011-07-03 15:05:00,11,7,3,15,5,640,483,AV DES PYRENEES,43.3892,-1.6537,Plein jour,En agglomération,Giratoire,Normale,Deux véhicules - côté,,,,,,,,,,,1,2,6,1.0,3.0
201100038316,0011-07-03 16:55:00,11,7,3,16,55,640,189,BD PIERRE BENOIT,43.3884,-1.67921,Plein jour,En agglomération,Hors intersection,Normale,Autre collision,,,,,,,,,,,1,2,1,1.0,6.0
201100038317,0011-01-06 20:35:00,11,1,6,20,35,640,545,ROUTE D'OLHETTE,43.3664,-1.65644,Nuit sans éclairage public,Hors agglomération,Hors intersection,Normale,Deux véhicules - frontale,,,,,,,,,,,3,1,1,1.0,1.0
201100038318,0011-07-12 18:55:00,11,7,12,18,55,640,189,RUE GEORGES OLASCUAGA,43.3827,-1.66501,Plein jour,En agglomération,Hors intersection,Normale,Deux véhicules - côté,,,,,,,,,,,1,2,1,1.0,3.0
201100038319,0011-07-21 14:50:00,11,7,21,14,50,640,545,RD810,43.3756,-1.67763,Plein jour,En agglomération,Hors intersection,Normale,Sans collision,,,,,,,,,,,1,2,1,1.0,7.0
201100038320,0011-07-25 13:40:00,11,7,25,13,40,640,483,ROUTE D'OSTALAPIA,43.4063,-1.60548,Plein jour,En agglomération,Hors intersection,Pluie forte,Deux véhicules - frontale,,,,,,,,,,,1,2,1,3.0,1.0
201100038321,0011-07-26 07:35:00,11,7,26,7,35,640,545,NOTRE DAME DE SOCORRI,43.3652,-1.70417,Crépuscule ou aube,En agglomération,Hors intersection,Pluie forte,Deux véhicules - frontale,,,,,,,,,,,2,2,1,3.0,1.0
201100038322,0011-07-26 10:00:00,11,7,26,10,0,640,189,BD PIERRE BENOIT,43.3849,-1.66702,Plein jour,En agglomération,Hors intersection,Pluie forte,Deux véhicules - frontale,,,,,,,,,,,1,2,1,3.0,1.0
201100038323,0011-07-26 12:00:00,11,7,26,12,0,640,545,RD810,43.3743,-1.67917,Plein jour,En agglomération,Hors intersection,Pluie légère,Deux véhicules - arrière,,,,,,,,,,,1,2,1,2.0,2.0
201100038324,0011-07-28 12:30:00,11,7,28,12,30,640,483,AV DE CHANTACO,43.3826,-1.64912,Plein jour,En agglomération,Hors intersection,Normale,Deux véhicules - arrière,,,,,,,,,,,1,2,1,1.0,2.0
201100038325,0011-07-29 17:10:00,11,7,29,17,10,640,189,AV  PIERRE LARRAMENDY,43.3828,-1.65815,Plein jour,En agglomération,Hors intersection,Normale,Autre collision,,,,,,,,,,,1,2,1,1.0,6.0
201100038326,0011-07-31 11:30:00,11,7,31,11,30,640,483,AV DE CHANTACO,43.38,-1.63997,Plein jour,En agglomération,Hors intersection,Normale,Deux véhicules - côté,,,,,,,,,,,1,2,1,1.0,3.0
201100038327,0011-07-31 19:00:00,11,7,31,19,0,640,545,ROUTE D'IBARDIN,43.3276,-1.68711,Plein jour,En agglomération,Hors intersection,Normale,Deux véhicules - arrière,,,,,,,,,,,1,2,1,1.0,2.0
201100038328,0011-08-04 18:40:00,11,8,4,18,40,640,249,RD810,43.4188,-1.60763,Plein jour,En agglomération,Hors intersection,Normale,Deux véhicules - côté,,,,,,,,,,,1,2,1,1.0,3.0
201100038329,0011-08-05 12:25:00,11,8,5,12,25,640,249,RD810,43.4188,-1.60763,Plein jour,En agglomération,Hors intersection,Normale,Trois véhicules et plus - en chaîne,,,,,,,,,,,1,2,1,1.0,4.0
201100038330,0011-08-09 19:45:00,11,8,9,19,45,640,483,AV DE CHANTACO,43.3826,-1.64334,Plein jour,Hors agglomération,Hors intersection,Normale,Deux véhicules - côté,,,,,,,,,,,1,1,1,1.0,3.0
201100038331,0011-08-10 09:55:00,11,8,10,9,55,640,483,15 AV  ANDRE ITHURRALDE,43.3917,-1.65485,Plein jour,En agglomération,Giratoire,Normale,Deux véhicules - côté,,,,,,,,,,,1,2,6,1.0,3.0
201100038332,0011-08-10 13:10:00,11,8,10,13,10,640,483,AV ANDRE ITHURRALDE,43.3923,-1.65363,Plein jour,En agglomération,Hors intersection,Normale,Deux véhicules - arrière,,,,,,,,,,,1,2,1,1.0,2.0
201100038333,0011-08-11 10:45:00,11,8,11,10,45,640,483,AV ANDRE ITHURRALDE,43.3973,-1.6431,Plein jour,En agglomération,Intersection en T,Normale,Deux véhicules - côté,,,,,,,,,,,1,2,3,1.0,3.0
201100038334,0011-08-11 18:05:00,11,8,11,18,5,640,189,AV JEAN JAURES,43.3789,-1.67027,Plein jour,En agglomération,Hors intersection,Normale,Deux véhicules - côté,,,,,,,,,,,1,2,1,1.0,3.0
201100038335,0011-08-15 17:00:00,11,8,15,17,0,640,483,ALLEE ZUBICOA,43.3954,-1.6473,Plein jour,En agglomération,Hors intersection,Normale,Deux véhicules - arrière,,,,,,,,,,,1,2,1,1.0,2.0
201100038336,0011-08-18 10:30:00,11,8,18,10,30,640,545,RUE JEAN FOURCADE,43.3623,-1.70016,Plein jour,En agglomération,Hors intersection,Normale,Deux véhicules - côté,,,,,,,,,,,1,2,1,1.0,3.0
201100038337,0011-08-22 14:10:00,11,8,22,14,10,640,483,CHEMIN D' ERROMARDIE,43.404,-1.64234,Plein jour,En agglomération,Hors intersection,Normale,Deux véhicules - côté,,,,,,,,,,,1,2,1,1.0,3.0
201100038338,0011-08-23 13:15:00,11,8,23,13,15,640,189,RD810,43.3779,-1.67229,Plein jour,Hors agglomération,Hors intersection,Normale,Deux véhicules - côté,,,,,,,,,,,1,1,1,1.0,3.0
201100038339,0011-08-28 20:00:00,11,8,28,20,0,640,189,QUAI MAURICE RAVEL,43.3881,-1.67549,Crépuscule ou aube,En agglomération,Hors intersection,Normale,Deux véhicules - côté,,,,,,,,,,,2,2,1,1.0,3.0
201100038340,0011-09-02 17:35:00,11,9,2,17,35,640,189,QUAI MAURICE RAVEL,43.3861,-1.6681,Plein jour,En agglomération,Hors intersection,Temps couvert,Autre collision,,,,,,,,,,,1,2,1,8.0,6.0
201100038341,0011-09-12 17:40:00,11,9,12,17,40,640,483,RD810,43.3951,-1.64844,Plein jour,En agglomération,Hors intersection,Normale,Deux véhicules - côté,,,,,,,,,,,1,2,1,1.0,3.0
201100038342,0011-09-15 14:20:00,11,9,15,14,20,640,545,RD810,43.3611,-1.70137,Plein jour,En agglomération,Hors intersection,Normale,Deux véhicules - côté,,,,,,,,,,,1,2,1,1.0,3.0
201100038343,0011-09-16 22:05:00,11,9,16,22,5,640,483,RD810,43.3924,-1.65311,Nuit avec éclairage allumé,En agglomération,Hors intersection,Normale,Deux véhicules - arrière,,,,,,,,,,,5,2,1,1.0,2.0
201100038344,0011-09-23 17:25:00,11,9,23,17,25,640,189,52 BD HUGO VICTOR,43.3893,-1.65784,Plein jour,En agglomération,Hors intersection,Normale,Deux véhicules - côté,,,,,,,,,,,1,2,1,1.0,3.0
201100038345,0011-09-23 19:45:00,11,9,23,19,45,640,189,52 BD HUGO VICTOR,43.3893,-1.65801,Plein jour,En agglomération,Hors intersection,Normale,Deux véhicules - côté,,,,,,,,,,,1,2,1,1.0,3.0
201100038346,0011-09-29 11:55:00,11,9,29,11,55,640,483,AV DE CHANTACO,43.3835,-1.6518,Plein jour,Hors agglomération,Hors intersection,Normale,Deux véhicules - arrière,,,,,,,,,,,1,1,1,1.0,2.0
201100038347,0011-10-01 15:00:00,11,10,1,15,0,640,249,RD810,43.4205,-1.60695,Plein jour,Hors agglomération,Hors intersection,Normale,Autre collision,,,,,,,,,,,1,1,1,1.0,6.0
201100038348,0011-10-18 18:25:00,11,10,18,18,25,640,483,23 AV GEORGES CLEMENCEAU,43.394,-1.64589,Plein jour,En agglomération,Hors intersection,Normale,Autre collision,,,,,,,,,,,1,2,1,1.0,6.0
201100038349,0011-10-20 17:35:00,11,10,20,17,35,640,545,ROUTE DE LA CORNICHE,43.3915,-1.69777,Plein jour,Hors agglomération,Hors intersection,Pluie légère,Deux véhicules - arrière,,,,,,,,,,,1,1,1,2.0,2.0
201100038350,0011-11-18 17:45:00,11,11,18,17,45,640,483,AVENUE DE LAYATS,,,Crépuscule ou aube,En agglomération,Hors intersection,Normale,Deux véhicules - arrière,,,,,,,,,,,2,2,1,1.0,2.0
201100038351,0011-11-27 11:15:00,11,11,27,11,15,640,545,RD810,43.3615,-1.7196,Plein jour,Hors agglomération,Hors intersection,Normale,Autre collision,,,,,,,,,,,1,1,1,1.0,6.0
201100038352,0011-12-06 18:10:00,11,12,6,18,10,640,189,AV DE CHANTACO,43.3841,-1.65276,Crépuscule ou aube,En agglomération,Hors intersection,Pluie légère,Deux véhicules - frontale,,,,,,,,,,,2,2,1,2.0,1.0
201100038353,0011-12-08 12:40:00,11,12,8,12,40,640,545,RD811,43.3466,-1.766,Plein jour,En agglomération,Hors intersection,Normale,Trois véhicules et plus - en chaîne,,,,,,,,,,,1,2,1,1.0,4.0
201100038354,0011-12-10 15:05:00,11,12,10,15,5,640,189,BD HUGO VICTOR,43.3876,-1.66102,Plein jour,En agglomération,Hors intersection,Normale,Autre collision,,,,,,,,,,,1,2,1,1.0,6.0
201100038355,0011-12-14 17:45:00,11,12,14,17,45,640,189,22 AV MITTERRAND,43.3819,-1.66378,Crépuscule ou aube,En agglomération,Hors intersection,Temps couvert,Deux véhicules - arrière,,,,,,,,,,,2,2,1,8.0,2.0
201100038356,0011-12-27 15:00:00,11,12,27,15,0,640,189,RD810,43.3723,-1.68108,Plein jour,En agglomération,Hors intersection,Normale,Autre collision,,,,,,,,,,,1,2,1,1.0,6.0
201100038357,0011-01-16 01:15:00,11,1,16,1,15,640,545,ROUTE D'IBARDIN,43.313,-1.68486,Nuit sans éclairage public,Hors agglomération,Hors intersection,Normale,Sans collision,,,,,,,,,,,3,1,1,1.0,7.0
201100038358,0011-01-16 20:45:00,11,1,16,20,45,640,483,DE LATTRE DE TASSIGNY,43.3868,-1.66324,Nuit avec éclairage allumé,En agglomération,Giratoire,Normale,Deux véhicules - côté,,,,,,,,,,,5,2,6,1.0,3.0
201100038359,0011-01-15 18:20:00,11,1,15,18,20,640,483,7 RUE DE L' EGLISE,43.3884,-1.6629,Nuit avec éclairage allumé,En agglomération,Hors intersection,Normale,Autre collision,,,,,,,,,,,5,2,1,1.0,6.0
201100038360,0011-01-13 16:20:00,11,1,13,16,20,640,483,"15, RUE MENDI ALDE",43.3823,-1.65209,Plein jour,En agglomération,Hors intersection,Normale,Deux véhicules - frontale,,,,,,,,,,,1,2,1,1.0,1.0
201100038361,0011-02-02 09:05:00,11,2,2,9,5,640,189,BRETELLE DE SOCOA RD 913,43.3811,-1.68917,Plein jour,En agglomération,Hors intersection,Temps couvert,Deux véhicules - arrière,,,,,,,,,,,1,2,1,8.0,2.0
201100038362,0011-02-04 16:05:00,11,2,4,16,5,640,483,AVENUE DE CHANTACO,43.3797,-1.63973,Plein jour,Hors agglomération,Hors intersection,Normale,Deux véhicules - côté,,,,,,,,,,,1,1,1,1.0,3.0
201100038363,0011-02-05 14:15:00,11,2,5,14,15,640,545,RD810,43.3615,-1.7029,Plein jour,En agglomération,Hors intersection,Normale,Deux véhicules - arrière,,,,,,,,,,,1,2,1,1.0,2.0
201100038364,0011-02-13 12:45:00,11,2,13,12,45,640,189,AV DU GOLF/AV BESSELERE,43.3803,-1.66153,Plein jour,En agglomération,Intersection en T,Temps couvert,Deux véhicules - côté,,,,,,,,,,,1,2,3,8.0,3.0
201100038365,0011-02-21 09:20:00,11,2,21,9,20,640,189,RD810,43.3787,-1.67051,Plein jour,En agglomération,Hors intersection,Temps couvert,Trois véhicules et plus - en chaîne,,,,,,,,,,,1,2,1,8.0,4.0
201100038366,0011-03-13 16:45:00,11,3,13,16,45,640,545,RD 810,43.3523,-1.73812,Plein jour,Hors agglomération,Hors intersection,Normale,Autre collision,,,,,,,,,,,1,1,1,1.0,6.0
201100038367,0011-03-12 01:40:00,11,3,12,1,40,640,545,RD810,43.3771,-1.67452,Nuit sans éclairage public,Hors agglomération,Hors intersection,Normale,Autre collision,,,,,,,,,,,3,1,1,1.0,6.0
201100038368,0011-03-02 07:25:00,11,3,2,7,25,640,189,7 RUE ARNAUD MASSY,43.3801,-1.66127,Crépuscule ou aube,En agglomération,Hors intersection,Temps couvert,Sans collision,,,,,,,,,,,2,2,1,8.0,7.0
201100038369,0011-03-08 16:55:00,11,3,8,16,55,640,483,RUE SOPITE/RUE VAUBAN,43.3907,-1.65917,Plein jour,En agglomération,Hors intersection,Normale,Autre collision,,,,,,,,,,,1,2,1,1.0,6.0
201100038370,0011-03-24 19:20:00,11,3,24,19,20,640,483,RUE PAUL RICAUD,43.3919,-1.65173,Crépuscule ou aube,En agglomération,Hors intersection,Normale,Deux véhicules - arrière,,,,,,,,,,,2,2,1,1.0,2.0
201100038371,0011-04-03 18:20:00,11,4,3,18,20,640,483,RD810,43.3962,-1.64653,Plein jour,En agglomération,Hors intersection,Pluie forte,Deux véhicules - frontale,,,,,,,,,,,1,2,1,3.0,1.0
201100038372,0011-04-01 18:50:00,11,4,1,18,50,640,260,85 BD DE LA MER,43.3726,-1.77818,Plein jour,En agglomération,Hors intersection,Normale,Deux véhicules - frontale,,,,,,,,,,,1,2,1,1.0,1.0
201100038373,0011-04-22 14:45:00,11,4,22,14,45,640,483,RUE  AUGUSTIN CHAHO,43.3873,-1.66072,Plein jour,En agglomération,Hors intersection,Normale,Autre collision,,,,,,,,,,,1,2,1,1.0,6.0
201100038374,0011-04-09 05:30:00,11,4,9,5,30,640,483,RD810,43.394,-1.65038,Nuit avec éclairage allumé,En agglomération,Hors intersection,Normale,Autre collision,,,,,,,,,,,5,2,1,1.0,6.0
201100038375,0011-04-11 16:55:00,11,4,11,16,55,640,483,RD810,43.3855,-1.66316,Plein jour,En agglomération,Hors intersection,Temps couvert,Sans collision,,,,,,,,,,,1,2,1,8.0,7.0
201100038376,0011-04-13 18:20:00,11,4,13,18,20,640,260,"15, BD G?N?RAL DE GAULLE",43.3585,-1.77648,Plein jour,En agglomération,Hors intersection,Normale,Deux véhicules - frontale,,,,,,,,,,,1,2,1,1.0,1.0
201100038377,0011-04-21 13:25:00,11,4,21,13,25,640,483,RD810,43.4016,-1.63687,Plein jour,En agglomération,Hors intersection,Normale,Deux véhicules - arrière,,,,,,,,,,,1,2,1,1.0,2.0