accident_id,datetime,annee,mois,jour,heure,minute,departement,commune_insee,adresse,latitude,longitude,luminosite,agglomeration,intersection,meteo,collision,nb_vehicules,nb_usagers,nb_indemnes,nb_tues,nb_blesses_hosp,nb_blesses_legers,age_cond_1,age_cond_2,veh_type_cond_1,veh_type_cond_2,lum_code,agg_code,int_code,atm_code,col_code
201100038502,0011-06-24 16:45:00,11,6,24,16,45,650,440,"., CARNOT (RUE)",,,Plein jour,En agglomération,Intersection en X,Normale,Deux véhicules - frontale,,,,,,,,,,,1,2,2,1.0,1.0
201100038503,0011-06-25 08:50:00,11,6,25,8,50,650,440,"., FOCH (RUE DU MARECHAL",,,Plein jour,En agglomération,Intersection en T,Normale,Deux véhicules - côté,,,,,,,,,,,1,2,3,1.0,3.0
201100038504,0011-06-27 17:20:00,11,6,27,17,20,650,440,"., PAUL (BOULEVARD JEAN",,,Plein jour,En agglomération,Hors intersection,Normale,Sans collision,,,,,,,,,,,1,2,1,1.0,7.0
201100038505,0011-06-29 16:40:00,11,6,29,16,40,650,440,"., HOPITAL (ROND POINT D",,,Plein jour,En agglomération,Hors intersection,Pluie légère,Autre collision,,,,,,,,,,,1,2,1,2.0,6.0
201100038506,0011-07-01 16:15:00,11,7,1,16,15,650,331,"., LOURDES (AVENUE DE)",,,Plein jour,En agglomération,Hors intersection,Normale,Deux véhicules - côté,,,,,,,,,,,1,2,1,1.0,3.0
201100038507,0011-07-08 18:20:00,11,7,8,18,20,650,440,"12, FOIRAIL (PLACE DU)",,,Plein jour,En agglomération,Hors intersection,Normale,Autre collision,,,,,,,,,,,1,2,1,1.0,6.0
201100038508,0011-07-08 22:05:00,11,7,8,22,5,650,100,"7, BORDEAUX (ROUTE DE) C",,,Nuit avec éclairage allumé,En agglomération,Hors intersection,Normale,Sans collision,,,,,,,,,,,5,2,1,1.0,7.0
201100038509,0011-07-11 15:30:00,11,7,11,15,30,650,440,"6, LATIL (RUE)",,,Plein jour,En agglomération,Hors intersection,Normale,Deux véhicules - côté,,,,,,,,,,,1,2,1,1.0,3.0
201100038510,0011-07-13 15:35:00,11,7,13,15,35,650,100,"., BORDEAUX (ROUTE DE) C",,,Plein jour,Hors agglomération,Hors intersection,Pluie légère,Deux véhicules - arrière,,,,,,,,,,,1,1,1,2.0,2.0
201100038511,0011-07-30 10:53:00,11,7,30,10,53,650,440,"40, HENRI IV (BOULEVARD)",,,Plein jour,En agglomération,Hors intersection,Normale,Deux véhicules - côté,,,,,,,,,,,1,2,1,1.0,3.0
201100038512,0011-08-03 19:05:00,11,8,3,19,5,650,440,"., PAUL (BOULEVARD JEAN",,,Plein jour,En agglomération,Hors intersection,Normale,Autre collision,,,,,,,,,,,1,2,1,1.0,6.0
201100038513,0011-08-05 12:30:00,11,8,5,12,30,650,331,"., BEARN (RUE DU)",,,Plein jour,En agglomération,Intersection en T,Normale,Deux véhicules - côté,,,,,,,,,,,1,2,3,1.0,3.0
201100038514,0011-08-23 08:00:00,11,8,23,8,0,650,226,"., DEPARTEMENTALE 64 (RO",,,Plein jour,Hors agglomération,Hors intersection,Normale,Deux véhicules - frontale,,,,,,,,,,,1,1,1,1.0,1.0
201100038515,0011-08-26 08:10:00,11,8,26,8,10,650,226,"., BAGNERES (CHEMIN DU)",,,Plein jour,Hors agglomération,Hors intersection,Pluie légère,Autre collision,,,,,,,,,,,1,1,1,2.0,6.0
201100038516,0011-09-07 09:25:00,11,9,7,9,25,650,440,"., KENNEDY (BOULEVARD DU",,,Plein jour,En agglomération,Hors intersection,Normale,Autre collision,,,,,,,,,,,1,2,1,1.0,6.0
201100038517,0011-09-15 11:15:00,11,9,15,11,15,650,440,"24, BRIAND (AVENUE ARIST",,,Plein jour,En agglomération,Hors intersection,Normale,Deux véhicules - côté,,,,,,,,,,,1,2,1,1.0,3.0
201100038518,0011-09-20 21:25:00,11,9,20,21,25,650,440,"42, JOFFRE (AVENUE DU MA",,,Nuit avec éclairage allumé,En agglomération,Hors intersection,Normale,Autre collision,,,,,,,,,,,5,2,1,1.0,6.0
201100038519,0011-09-22 20:40:00,11,9,22,20,40,650,417,"39, SPORTS (AVENUE DES)",,,Nuit avec éclairage allumé,En agglomération,Hors intersection,Normale,Deux véhicules - frontale,,,,,,,,,,,5,2,1,1.0,1.0
201100038520,0011-09-25 18:25:00,11,9,25,18,25,650,226,"., BAGNERES (CHEMIN DU)",,,Plein jour,Hors agglomération,Hors intersection,Normale,Autre collision,,,,,,,,,,,1,1,1,1.0,6.0
201100038521,0011-09-27 12:25:00,11,9,27,12,25,650,226,"., PAU (ROUTE DE)",,,Plein jour,En agglomération,Intersection en T,Normale,Autre collision,,,,,,,,,,,1,2,3,1.0,6.0
201100038522,0011-10-02 19:20:00,11,10,2,19,20,650,417,"., GAUTE (RUE DU DOCTEUR",,,Plein jour,En agglomération,Intersection en T,Normale,Deux véhicules - frontale,,,,,,,,,,,1,2,3,1.0,1.0
201100038523,0011-10-05 12:15:00,11,10,5,12,15,650,440,"., LATTRE DE TASSIGNY(BO",,,Plein jour,En agglomération,Intersection en T,Normale,Deux véhicules - côté,,,,,,,,,,,1,2,3,1.0,3.0
201100038524,0011-10-10 16:55:00,11,10,10,16,55,650,440,"., HENRI IV (BOULEVARD)",,,Plein jour,En agglomération,Hors intersection,Normale,Autre collision,,,,,,,,,,,1,2,1,1.0,6.0
201100038525,0011-10-10 17:10:00,11,10,10,17,10,650,440,"., MARANSIN (RUE)",,,Plein jour,En agglomération,Intersection en T,Normale,Autre collision,,,,,,,,,,,1,2,3,1.0,6.0
201100038526,0011-10-12 13:10:00,11,10,12,13,10,650,440,ROCADE SUD-OUEST,,,Plein jour,Hors agglomération,Hors intersection,Normale,Trois véhicules et plus - en chaîne,,,,,,,,,,,1,1,1,1.0,4.0
201100038527,0011-10-13 12:55:00,11,10,13,12,55,650,440,"129, CORPS FRANC POMMIES",,,Plein jour,En agglomération,Hors intersection,Normale,Deux véhicules - côté,,,,,,,,,,,1,2,1,1.0,3.0
201100038528,0011-10-13 18:10:00,11,10,13,18,10,650,440,"., MARNE (AVENUE DE LA)",,,Plein jour,En agglomération,Hors intersection,Normale,Autre collision,,,,,,,,,,,1,2,1,1.0,6.0
201100038529,0011-10-15 01:40:00,11,10,15,1,40,650,440,"., FOURCADE (RUE ANDRE)",,,Nuit avec éclairage allumé,En agglomération,Intersection en X,Normale,Autre collision,,,,,,,,,,,5,2,2,1.0,6.0
201100038530,0011-10-16 11:35:00,11,10,16,11,35,650,440,"104, CORPS FRANC POMMIES",,,Plein jour,En agglomération,Hors intersection,Normale,Autre collision,,,,,,,,,,,1,2,1,1.0,6.0
201100038531,0011-10-20 11:45:00,11,10,20,11,45,650,440,"34, VERDUN (PLACE DE)",,,Plein jour,En agglomération,Hors intersection,Normale,Autre collision,,,,,,,,,,,1,2,1,1.0,6.0
201100038532,0011-10-20 13:00:00,11,10,20,13,0,650,440,"., TRAYNES (RUE DE)",,,Plein jour,En agglomération,Intersection en T,Normale,Deux véhicules - côté,,,,,,,,,,,1,2,3,1.0,3.0
201100038533,0011-10-22 12:25:00,11,10,22,12,25,650,331,"111, LOURDES (AVENUE DE)",,,Plein jour,En agglomération,Hors intersection,Normale,Deux véhicules - côté,,,,,,,,,,,1,2,1,1.0,3.0
201100038534,0011-10-24 18:05:00,11,10,24,18,5,650,440,"., MARTINET (BOULEVARD D",,,Plein jour,En agglomération,Intersection en T,Pluie légère,Deux véhicules - côté,,,,,,,,,,,1,2,3,2.0,3.0
201100038535,0011-10-26 15:50:00,11,10,26,15,50,650,251,"., SPORTS (AVENUE DES)",,,Plein jour,En agglomération,Hors intersection,Normale,Autre collision,,,,,,,,,,,1,2,1,1.0,6.0
201100038536,0011-10-30 02:35:00,11,10,30,2,35,650,440,"13, SAINT-EXUPERY (AVENU",,,Nuit avec éclairage allumé,En agglomération,Hors intersection,Normale,Autre collision,,,,,,,,,,,5,2,1,1.0,6.0
201100038537,0011-10-31 14:25:00,11,10,31,14,25,650,440,"26, HENRI IV (BOULEVARD)",,,Plein jour,En agglomération,Hors intersection,Normale,Autre collision,,,,,,,,,,,1,2,1,1.0,6.0
201100038538,0011-11-02 10:45:00,11,11,2,10,45,650,251,"., ALLEE (RUE DE L')",,,Plein jour,Hors agglomération,Intersection en X,Normale,Deux véhicules - côté,,,,,,,,,,,1,1,2,1.0,3.0
201100038539,0011-11-03 13:20:00,11,11,3,13,20,650,440,HOCHE (AVENUE),,,Plein jour,En agglomération,Intersection en X,Normale,Deux véhicules - côté,,,,,,,,,,,1,2,2,1.0,3.0
201100038540,0011-11-06 20:40:00,11,11,6,20,40,650,440,"., HOPITAL (ROND POINT D",,,Nuit avec éclairage allumé,En agglomération,Hors intersection,Pluie forte,Autre collision,,,,,,,,,,,5,2,1,3.0,6.0
201100038541,0011-11-09 23:05:00,11,11,9,23,5,650,440,"., BRAUHAUBAN (RUE)",,,Nuit avec éclairage allumé,En agglomération,Intersection en X,Normale,Deux véhicules - côté,,,,,,,,,,,5,2,2,1.0,3.0
201100038542,0011-11-27 10:30:00,11,11,27,10,30,650,100,"., CROIZAT (RUE A.)",,,Plein jour,En agglomération,Hors intersection,Brouillard / fumée,Deux véhicules - arrière,,,,,,,,,,,1,2,1,5.0,2.0
201100038543,0011-11-29 21:20:00,11,11,29,21,20,650,100,DEPARTEMENTALE 2 (ROUTE),,,Nuit sans éclairage public,Hors agglomération,Hors intersection,Normale,Autre collision,,,,,,,,,,,3,1,1,1.0,6.0
201100038544,0011-12-01 09:50:00,11,12,1,9,50,650,440,"., HOCHE (AVENUE)",,,Plein jour,En agglomération,Intersection en T,Normale,Deux véhicules - arrière,,,,,,,,,,,1,2,3,1.0,2.0
201100038545,0011-12-06 18:00:00,11,12,6,18,0,650,440,"., HENRI IV (BOULEVARD)",,,Nuit avec éclairage allumé,En agglomération,Hors intersection,Pluie légère,Autre collision,,,,,,,,,,,5,2,1,2.0,6.0
201100038546,0011-12-07 11:30:00,11,12,7,11,30,650,440,"., ALSACE LORRAINE (AVEN",,,Plein jour,En agglomération,Intersection en X,Normale,Deux véhicules - côté,,,,,,,,,,,1,2,2,1.0,3.0
201100038547,0011-12-07 21:25:00,11,12,7,21,25,650,440,"., CLEMENCEAU (RUE GEORG",,,Nuit avec éclairage allumé,En agglomération,Intersection en X,Normale,Deux véhicules - côté,,,,,,,,,,,5,2,2,1.0,3.0
201100038548,0011-12-09 10:45:00,11,12,9,10,45,650,440,ALTENKIRCHEN (AVENUE D'),,,Plein jour,En agglomération,Autre intersection,Normale,Autre collision,,,,,,,,,,,1,2,9,1.0,6.0
201100038549,0011-12-09 19:50:00,11,12,9,19,50,650,440,SAINT-EXUPERY (AVENUE),,,Nuit avec éclairage allumé,En agglomération,Intersection en X,Normale,Deux véhicules - côté,,,,,,,,,,,5,2,2,1.0,3.0
201100038550,0011-12-12 10:50:00,11,12,12,10,50,650,440,"41, LACAUSSADE (BOULEVAR",,,Plein jour,En agglomération,Hors intersection,Normale,Trois véhicules et plus - collisions multiples,,,,,,,,,,,1,2,1,1.0,5.0
201100038551,0011-12-17 09:05:00,11,12,17,9,5,650,226,"., PAU (ROUTE DE)",,,Plein jour,Hors agglomération,Hors intersection,Neige / grêle,Deux véhicules - côté,,,,,,,,,,,1,1,1,4.0,3.0
201100038552,0011-12-23 14:15:00,11,12,23,14,15,650,226,"., PAU (ROUTE DE)",,,Plein jour,Hors agglomération,Hors intersection,Normale,Deux véhicules - côté,,,,,,,,,,,1,1,1,1.0,3.0
201100038553,0011-12-23 21:10:00,11,12,23,21,10,650,251,"., MOULIN (RUE DU)",,,Nuit avec éclairage allumé,En agglomération,Intersection en X,Normale,Deux véhicules - côté,,,,,,,,,,,5,2,2,1.0,3.0
201100038554,0011-01-04 14:00:00,11,1,4,14,0,660,136,"., VELASQUEZ (DIEGO)",42.72879,2.88881,Plein jour,En agglomération,Hors intersection,Normale,Autre collision,,,,,,,,,,,1,2,1,1.0,6.0
201100038555,0011-01-08 12:05:00,11,1,8,12,5,660,136,"99, PRADES (AVENUE DE)",,,Plein jour,En agglomération,Hors intersection,Normale,Autre collision,,,,,,,,,,,1,2,1,1.0,6.0
201100038556,0011-01-10 18:10:00,11,1,10,18,10,660,136,"., BRUTUS AVENUE GILBERT",42.6937,2.89135,Crépuscule ou aube,En agglomération,Intersection en X,Normale,Deux véhicules - frontale,,,,,,,,,,,2,2,2,1.0,1.0
201100038557,0011-01-11 12:45:00,11,1,11,12,45,660,136,"16, ESCARGUEL (COURS LAZ",42.69908,2.88695,Plein jour,En agglomération,Hors intersection,Normale,Trois véhicules et plus - en chaîne,,,,,,,,,,,1,2,1,1.0,4.0
201100038558,0011-01-13 17:00:00,11,1,13,17,0,660,136,"., MASSANE (AVENUE DE LA",42.69804,2.87242,Plein jour,En agglomération,Hors intersection,Normale,Deux véhicules - arrière,,,,,,,,,,,1,2,1,1.0,2.0
201100038559,0011-01-17 09:40:00,11,1,17,9,40,660,136,"30, Bd KOENING",42.6872,2.90185,Plein jour,En agglomération,Hors intersection,Normale,Trois véhicules et plus - en chaîne,,,,,,,,,,,1,2,1,1.0,4.0
201100038560,0011-01-18 11:00:00,11,1,18,11,0,660,136,"., ALDUY (Paul)",42.66996,2.90436,Plein jour,En agglomération,Hors intersection,Normale,Deux véhicules - côté,,,,,,,,,,,1,2,1,1.0,3.0
201100038561,0011-01-19 06:45:00,11,1,19,6,45,660,136,"76, LANGUEDOC (AVENUE DU",42.73076,2.88895,Nuit avec éclairage allumé,En agglomération,Hors intersection,Normale,Deux véhicules - côté,,,,,,,,,,,5,2,1,1.0,3.0
201100038562,0011-01-18 18:00:00,11,1,18,18,0,660,136,"., TORCATIS (AVENUE LOUI",42.703,2.88619,Crépuscule ou aube,En agglomération,Hors intersection,Normale,Deux véhicules - côté,,,,,,,,,,,2,2,1,1.0,3.0
201100038563,0011-01-19 18:14:00,11,1,19,18,14,660,136,";, VIGNES (CHEMIN DES)",42.74175,2.89568,Crépuscule ou aube,Hors agglomération,Intersection en X,Normale,Deux véhicules - côté,,,,,,,,,,,2,1,2,1.0,3.0
201100038564,0011-01-21 12:10:00,11,1,21,12,10,660,136,"., PANCHOT (AVENUE JULIE",42.68925,2.87791,Plein jour,En agglomération,Hors intersection,Normale,Deux véhicules - côté,,,,,,,,,,,1,2,1,1.0,3.0
201100038565,0011-01-21 18:00:00,11,1,21,18,0,660,136,NUNGESSER-ET-COLI (BOULE,42.68415,2.88947,Crépuscule ou aube,En agglomération,Hors intersection,Normale,Deux véhicules - arrière,,,,,,,,,,,2,2,1,1.0,2.0
201100038566,0011-01-22 16:45:00,11,1,22,16,45,660,136,PANCHOT (AVENUE JULIEN),42.68759,2.87206,Plein jour,En agglomération,Hors intersection,Normale,Deux véhicules - frontale,,,,,,,,,,,1,2,1,1.0,1.0
201100038567,0011-01-27 20:00:00,11,1,27,20,0,660,136,"., JUIN (AVENUE DU MAREC",42.6886,2.89506,Nuit avec éclairage allumé,En agglomération,Hors intersection,Pluie légère,Deux véhicules - frontale,,,,,,,,,,,5,2,1,2.0,1.0
201100038568,0011-01-25 18:30:00,11,1,25,18,30,660,136,"., BRUXELLES (AVENUE DE",42.68803,2.84969,Nuit sans éclairage public,En agglomération,Hors intersection,Normale,Deux véhicules - frontale,,,,,,,,,,,3,2,1,1.0,1.0
201100038569,0011-01-27 18:05:00,11,1,27,18,5,660,136,"136, GUYNEMER (AVENUE GE",42.6888,2.90704,Crépuscule ou aube,En agglomération,Hors intersection,Pluie légère,Autre collision,,,,,,,,,,,2,2,1,2.0,6.0
201100038570,0011-02-02 14:10:00,11,2,2,14,10,660,136,"57, DALBIEZ (AVENUE VICT",42.69035,2.8851,Plein jour,En agglomération,Hors intersection,Vent fort / tempête,Trois véhicules et plus - en chaîne,,,,,,,,,,,1,2,1,6.0,4.0
201100038571,0011-02-03 19:00:00,11,2,3,19,0,660,136,"146, JOFFRE (AVENUE DU M",42.71184,2.88974,Nuit avec éclairage allumé,En agglomération,Hors intersection,Normale,Autre collision,,,,,,,,,,,5,2,1,1.0,6.0
201100038572,0011-02-03 17:10:00,11,2,3,17,10,660,136,R D 900,,,Plein jour,Hors agglomération,Hors intersection,Normale,Deux véhicules - frontale,,,,,,,,,,,1,1,1,1.0,1.0
201100038573,0011-02-04 12:40:00,11,2,4,12,40,660,136,"., FLANDRES/DUNKERQUE (C",42.68654,2.90747,Plein jour,En agglomération,Hors intersection,Normale,Autre collision,,,,,,,,,,,1,2,1,1.0,6.0
201100038574,0011-02-05 12:55:00,11,2,5,12,55,660,136,"37, MERMOZ (AVENUE JEAN)",42.69645,2.90735,Plein jour,En agglomération,Hors intersection,Normale,Autre collision,,,,,,,,,,,1,2,1,1.0,6.0
201100038575,0011-02-08 15:50:00,11,2,8,15,50,660,136,"., MERMOZ (AVENUE JEAN)",42.69574,2.90416,Plein jour,En agglomération,Hors intersection,Normale,Deux véhicules - côté,,,,,,,,,,,1,2,1,1.0,3.0
201100038576,0011-02-08 17:55:00,11,2,8,17,55,660,136,"45, CLEMENCEAU (BOULEVAR",42.69957,2.88894,Crépuscule ou aube,En agglomération,Hors intersection,Normale,Deux véhicules - côté,,,,,,,,,,,2,2,1,1.0,3.0
201100038577,0011-02-10 05:50:00,11,2,10,5,50,660,136,"., PYRENEES (BOULEVARD D",42.69681,2.88817,Nuit avec éclairage allumé,En agglomération,Hors intersection,Normale,Deux véhicules - arrière,,,,,,,,,,,5,2,1,1.0,2.0
201100038578,0011-02-10 13:45:00,11,2,10,13,45,660,136,"19, GRANDE BRETAGNE (AVE",42.69929,2.88097,Plein jour,En agglomération,Hors intersection,Normale,Deux véhicules - côté,,,,,,,,,,,1,2,1,1.0,3.0
201100038579,0011-02-10 17:30:00,11,2,10,17,30,660,136,"., Départementale  617",,,Crépuscule ou aube,Hors agglomération,Hors intersection,Normale,Deux véhicules - côté,,,,,,,,,,,2,1,1,1.0,3.0
201100038580,0011-02-12 12:05:00,11,2,12,12,5,660,136,PANCHOT (AVENUE JULIEN),42.68595,2.86807,Plein jour,Hors agglomération,Hors intersection,Normale,Deux véhicules - côté,,,,,,,,,,,1,1,1,1.0,3.0
201100038581,0011-02-21 18:40:00,11,2,21,18,40,660,136,FRANCE LIBRE (BOULEVARD,42.70499,2.90022,Crépuscule ou aube,En agglomération,Hors intersection,Pluie forte,Autre collision,,,,,,,,,,,2,2,1,3.0,6.0
201100038582,0011-02-22 16:17:00,11,2,22,16,17,660,136,R D 900,,,Plein jour,En agglomération,Hors intersection,Normale,Autre collision,,,,,,,,,,,1,2,1,1.0,6.0
201100038583,0011-02-23 19:00:00,11,2,23,19,0,660,136,"73, CASALS Pau (Av)",42.71754,2.88529,Nuit avec éclairage allumé,En agglomération,Hors intersection,Normale,Trois véhicules et plus - collisions multiples,,,,,,,,,,,5,2,1,1.0,5.0
201100038584,0011-02-27 02:35:00,11,2,27,2,35,660,136,"955, JULIEN PANCHOT (AVE",42.68626,2.8688,Nuit avec éclairage allumé,En agglomération,Hors intersection,Normale,Autre collision,,,,,,,,,,,5,2,1,1.0,6.0
201100038585,0011-03-02 01:05:00,11,3,2,1,5,660,136,R D 900,,,Nuit sans éclairage public,Hors agglomération,Hors intersection,Normale,Deux véhicules - arrière,,,,,,,,,,,3,1,1,1.0,2.0
201100038586,0011-03-03 16:30:00,11,3,3,16,30,660,136,"37, MERMOZ (AVENUE JEAN)",42.69647,2.90747,Plein jour,En agglomération,Hors intersection,Normale,Deux véhicules - arrière,,,,,,,,,,,1,2,1,1.0,2.0
201100038587,0011-03-05 22:30:00,11,3,5,22,30,660,136,"2, ESCARGUEL (COURS LAZA",,,Nuit avec éclairage allumé,Hors agglomération,Hors intersection,Normale,Deux véhicules - arrière,,,,,,,,,,,5,1,1,1.0,2.0
201100038588,0011-03-11 12:15:00,11,3,11,12,15,660,136,";, RUBENS (PAUL)",42.69605,2.91492,Plein jour,En agglomération,Hors intersection,Normale,Deux véhicules - côté,,,,,,,,,,,1,2,1,1.0,3.0
201100038589,0011-03-12 20:30:00,11,3,12,20,30,660,136,DONNEZAN (DES DOCTEURS),42.67101,2.89131,Nuit sans éclairage public,En agglomération,Hors intersection,Normale,Deux véhicules - frontale,,,,,,,,,,,3,2,1,1.0,1.0
201100038590,0011-03-12 22:30:00,11,3,12,22,30,660,136,"., COQUELICOTS (DES)",42.7041,2.90265,Nuit sans éclairage public,En agglomération,Hors intersection,Pluie forte,Deux véhicules - côté,,,,,,,,,,,3,2,1,3.0,3.0
201100038591,0011-03-14 16:50:00,11,3,14,16,50,660,136,"781, ARGELES SUR MER AVE",42.67936,2.91168,Plein jour,En agglomération,Hors intersection,Pluie forte,Deux véhicules - arrière,,,,,,,,,,,1,2,1,3.0,2.0
201100038592,0011-03-15 14:10:00,11,3,15,14,10,660,136,"., VIDAL (PIERRE)",42.72249,2.88269,Plein jour,En agglomération,Intersection en X,Pluie forte,Deux véhicules - côté,,,,,,,,,,,1,2,2,3.0,3.0
201100038593,0011-03-17 19:30:00,11,3,17,19,30,660,136,"., PALAIS-DES-EXPO (AVEN",42.70687,2.90007,Crépuscule ou aube,En agglomération,Intersection en X,Normale,Deux véhicules - côté,,,,,,,,,,,2,2,2,1.0,3.0
201100038594,0011-03-21 10:50:00,11,3,21,10,50,660,136,"., CHEFDEBIEN (FERNAND D",42.68594,2.88505,Plein jour,En agglomération,Hors intersection,Normale,Deux véhicules - côté,,,,,,,,,,,1,2,1,1.0,3.0
201100038595,0011-03-24 10:25:00,11,3,24,10,25,660,136,"29, KENNEDY (BD JOHN-FIT",42.68824,2.9047,Plein jour,En agglomération,Hors intersection,Normale,Autre collision,,,,,,,,,,,1,2,1,1.0,6.0
201100038596,0011-03-23 15:00:00,11,3,23,15,0,660,136,";, AVENUE DE ROME",42.68124,2.85487,Plein jour,Hors agglomération,Hors intersection,Normale,Deux véhicules - côté,,,,,,,,,,,1,1,1,1.0,3.0
201100038597,0011-03-23 15:40:00,11,3,23,15,40,660,136,"., PASSIO-VELLA (CHEMIN",42.68022,2.89533,Plein jour,En agglomération,Hors intersection,Normale,Deux véhicules - arrière,,,,,,,,,,,1,2,1,1.0,2.0
201100038598,0011-03-23 18:10:00,11,3,23,18,10,660,136,"., MICHELET (BOULEVARD E",42.6992,2.87547,Plein jour,En agglomération,Hors intersection,Normale,Trois véhicules et plus - en chaîne,,,,,,,,,,,1,2,1,1.0,4.0
201100038599,0011-03-24 15:00:00,11,3,24,15,0,660,136,"., GUYNEMER (AVENUE GEOR",42.69006,2.90542,Plein jour,En agglomération,Hors intersection,Normale,Deux véhicules - frontale,,,,,,,,,,,1,2,1,1.0,1.0
201100038600,0011-03-25 18:55:00,11,3,25,18,55,660,136,"13, LEFRANC (PIERRE)",42.69608,2.88196,Crépuscule ou aube,En agglomération,Hors intersection,Normale,Autre collision,,,,,,,,,,,2,2,1,1.0,6.0
201100038601,0011-03-28 09:00:00,11,3,28,9,0,660,136,JULIEN PANCHOT (AVENUE),42.68392,2.86431,Plein jour,En agglomération,Hors intersection,Normale,Deux véhicules - côté,,,,,,,,,,,1,2,1,1.0,3.0
201100038602,0011-03-31 15:30:00,11,3,31,15,30,660,136,"., CAMUS AVENUE ALBERT",42.69321,2.90398,Plein jour,En agglomération,Intersection en X,Normale,Deux véhicules - côté,,,,,,,,,,,1,2,2,1.0,3.0
201100038603,0011-04-04 12:50:00,11,4,4,12,50,660,136,"., SULLY (MAXIMILIEN DE)",42.69739,2.88956,Plein jour,En agglomération,Hors intersection,Normale,Autre collision,,,,,,,,,,,1,2,1,1.0,6.0
201100038604,0011-04-05 19:20:00,11,4,5,19,20,660,136,CANIGOU AVENUE DU,42.68908,2.87953,Plein jour,En agglomération,Intersection en X,Normale,Deux véhicules - côté,,,,,,,,,,,1,2,2,1.0,3.0
201100038605,0011-04-06 17:45:00,11,4,6,17,45,660,136,ARGELES SUR MER AVENUE D,42.6772,2.91399,Plein jour,Hors agglomération,Hors intersection,Normale,Deux véhicules - arrière,,,,,,,,,,,1,1,1,1.0,2.0
201100038606,0011-04-10 16:50:00,11,4,10,16,50,660,136,"., FRATERNITE (DE LA)",42.72934,2.87743,Plein jour,Hors agglomération,Hors intersection,Normale,Deux véhicules - côté,,,,,,,,,,,1,1,1,1.0,3.0
201100038607,0011-04-06 18:25:00,11,4,6,18,25,660,136,"5, CLEMENCEAU (BOULEVARD",42.70111,2.89296,Plein jour,En agglomération,Hors intersection,Normale,Autre collision,,,,,,,,,,,1,2,1,1.0,6.0
201100038608,0011-04-11 17:35:00,11,4,11,17,35,660,136,"7, WILSON (BOULEVARD THO",42.70192,2.89587,Plein jour,En agglomération,Hors intersection,Normale,Autre collision,,,,,,,,,,,1,2,1,1.0,6.0
201100038609,0011-04-11 13:30:00,11,4,11,13,30,660,136,"58, MERCADER (BOULEVARD",42.69224,2.89244,Plein jour,En agglomération,Hors intersection,Normale,Autre collision,,,,,,,,,,,1,2,1,1.0,6.0
201100038610,0011-04-12 08:55:00,11,4,12,8,55,660,136,"., HONDRAT (ISIDORE)",42.70396,2.88267,Plein jour,En agglomération,Hors intersection,Normale,Autre collision,,,,,,,,,,,1,2,1,1.0,6.0
201100038611,0011-04-13 18:45:00,11,4,13,18,45,660,136,"., SEGUIN (MARC)",42.6923,2.92428,Plein jour,En agglomération,Intersection en X,Normale,Deux véhicules - côté,,,,,,,,,,,1,2,2,1.0,3.0
201100038612,0011-04-18 17:08:00,11,4,18,17,8,660,136,"., VIGNES (CHEMIN DES)",42.73285,2.88653,Plein jour,En agglomération,Hors intersection,Normale,Deux véhicules - arrière,,,,,,,,,,,1,2,1,1.0,2.0
201100038613,0011-04-18 17:30:00,11,4,18,17,30,660,136,CAMBRES AVENUE PIERRE,42.69095,2.90011,Plein jour,En agglomération,Hors intersection,Normale,Deux véhicules - arrière,,,,,,,,,,,1,2,1,1.0,2.0
201100038614,0011-04-19 14:00:00,11,4,19,14,0,660,136,"., Ettore Bugatti",42.73068,2.90831,Plein jour,En agglomération,Intersection en X,Normale,Deux véhicules - côté,,,,,,,,,,,1,2,2,1.0,3.0
201100038615,0011-04-27 07:45:00,11,4,27,7,45,660,136,"., ARGELES SUR MER AVENU",,,Plein jour,En agglomération,Hors intersection,Normale,Deux véhicules - arrière,,,,,,,,,,,1,2,1,1.0,2.0
201100038616,0011-04-28 08:30:00,11,4,28,8,30,660,136,"., BLANC AVENUE ROSETTE",42.6988,2.88653,Plein jour,Hors agglomération,Hors intersection,Normale,Deux véhicules - côté,,,,,,,,,,,1,1,1,1.0,3.0
201100038617,0011-05-02 00:55:00,11,5,2,0,55,660,136,R D 900,,,Nuit sans éclairage public,Hors agglomération,Hors intersection,Normale,Trois véhicules et plus - collisions multiples,,,,,,,,,,,3,1,1,1.0,5.0
201100038618,0011-05-02 18:20:00,11,5,2,18,20,660,136,"309, JOFFRE (AVENUE DU M",42.72097,2.88606,Plein jour,En agglomération,Hors intersection,Normale,Autre collision,,,,,,,,,,,1,2,1,1.0,6.0
201100038619,0011-05-01 13:40:00,11,5,1,13,40,660,136,"., VALLESPIR (RAMBLA DU)",42.68501,2.90364,Plein jour,En agglomération,Intersection en T,Normale,Deux véhicules - côté,,,,,,,,,,,1,2,3,1.0,3.0
201100038620,0011-05-02 08:45:00,11,5,2,8,45,660,136,"., ROUDAYRE (AVENUE EMIL",42.70889,2.89867,Plein jour,En agglomération,Hors intersection,Normale,Deux véhicules - arrière,,,,,,,,,,,1,2,1,1.0,2.0
201100038621,0011-05-08 05:20:00,11,5,8,5,20,660,136,D?partementale  617,,,Nuit avec éclairage allumé,Hors agglomération,Hors intersection,Normale,Deux véhicules - arrière,,,,,,,,,,,5,1,1,1.0,2.0