accident_id,datetime,annee,mois,jour,heure,minute,departement,commune_insee,adresse,latitude,longitude,luminosite,agglomeration,intersection,meteo,collision,nb_vehicules,nb_usagers,nb_indemnes,nb_tues,nb_blesses_hosp,nb_blesses_legers,age_cond_1,age_cond_2,veh_type_cond_1,veh_type_cond_2,lum_code,agg_code,int_code,atm_code,col_code
201100038622,0011-05-02 09:30:00,11,5,2,9,30,660,136,"., BRIAND BOULEVARD ARIS",42.69645,2.90333,Plein jour,En agglomération,Hors intersection,Normale,Deux véhicules - côté,,,,,,,,,,,1,2,1,1.0,3.0
201100038623,0011-05-09 17:00:00,11,5,9,17,0,660,136,"., BRUTUS AVENUE GILBERT",42.69363,2.89063,Plein jour,En agglomération,Intersection en X,Normale,Deux véhicules - côté,,,,,,,,,,,1,2,2,1.0,3.0
201100038624,0011-05-15 16:05:00,11,5,15,16,5,660,136,"., DALBIEZ (AVENUE VICTO",42.68558,2.8821,Plein jour,En agglomération,Hors intersection,Normale,Deux véhicules - côté,,,,,,,,,,,1,2,1,1.0,3.0
201100038625,0011-05-17 16:30:00,11,5,17,16,30,660,136,R D 900,,,Plein jour,En agglomération,Hors intersection,Normale,Deux véhicules - arrière,,,,,,,,,,,1,2,1,1.0,2.0
201100038626,0011-05-18 15:55:00,11,5,18,15,55,660,136,"31 bis, CLEMENCEAU (BOUL",42.70024,2.88962,Plein jour,En agglomération,Hors intersection,Normale,Autre collision,,,,,,,,,,,1,2,1,1.0,6.0
201100038627,0011-05-20 17:10:00,11,5,20,17,10,660,136,"4, Bd KOENING",42.68633,2.90643,Plein jour,En agglomération,Hors intersection,Normale,Autre collision,,,,,,,,,,,1,2,1,1.0,6.0
201100038628,0011-05-27 16:30:00,11,5,27,16,30,660,136,"., ROSES (DES)",42.68834,2.89336,Plein jour,En agglomération,Intersection en X,Normale,Deux véhicules - côté,,,,,,,,,,,1,2,2,1.0,3.0
201100038629,0011-06-03 19:40:00,11,6,3,19,40,660,136,"18, PRADES (AVENUE DE)",42.69864,2.87569,Plein jour,En agglomération,Hors intersection,Normale,Deux véhicules - côté,,,,,,,,,,,1,2,1,1.0,3.0
201100038630,0011-06-06 08:00:00,11,6,6,8,0,660,136,"., FAUCEILLE (CHEMIN DE",42.67128,2.8953,Plein jour,Hors agglomération,Hors intersection,Normale,Deux véhicules - côté,,,,,,,,,,,1,1,1,1.0,3.0
201100038631,0011-06-08 07:30:00,11,6,8,7,30,660,136,ESCARGUEL (COURS LAZARE),42.69968,2.88675,Plein jour,En agglomération,Hors intersection,Normale,Deux véhicules - arrière,,,,,,,,,,,1,2,1,1.0,2.0
201100038632,0011-06-08 11:55:00,11,6,8,11,55,660,136,"., JULIEN PANCHOT (AVENU",42.67723,2.84811,Plein jour,Hors agglomération,Hors intersection,Temps couvert,Deux véhicules - arrière,,,,,,,,,,,1,1,1,8.0,2.0
201100038633,0011-06-09 13:55:00,11,6,9,13,55,660,136,"8, CLEMENCEAU (BOULEVARD",42.70104,2.89244,Plein jour,En agglomération,Hors intersection,Normale,Autre collision,,,,,,,,,,,1,2,1,1.0,6.0
201100038634,0011-06-16 15:45:00,11,6,16,15,45,660,136,"., FOCH (MARECHAL)",42.70486,2.89233,Plein jour,En agglomération,Hors intersection,Normale,Deux véhicules - côté,,,,,,,,,,,1,2,1,1.0,3.0
201100038635,0011-06-15 09:05:00,11,6,15,9,5,660,136,"7, LAVOISIER (ANTOINE)",42.69419,2.90126,Plein jour,En agglomération,Hors intersection,Normale,Deux véhicules - frontale,,,,,,,,,,,1,2,1,1.0,1.0
201100038636,0011-06-20 15:45:00,11,6,20,15,45,660,136,ARGELES SUR MER AVENUE D,42.68338,2.90934,Plein jour,En agglomération,Hors intersection,Normale,Deux véhicules - côté,,,,,,,,,,,1,2,1,1.0,3.0
201100038637,0011-06-24 07:10:00,11,6,24,7,10,660,136,MICHELET (BOULEVARD EDMO,,,Plein jour,Hors agglomération,Hors intersection,Normale,Deux véhicules - côté,,,,,,,,,,,1,1,1,1.0,3.0
201100038638,0011-06-28 20:40:00,11,6,28,20,40,660,136,LANGUEDOC (AVENUE DU CD,42.72343,2.88687,Plein jour,En agglomération,Hors intersection,Normale,Deux véhicules - frontale,,,,,,,,,,,1,2,1,1.0,1.0
201100038639,0011-07-05 12:40:00,11,7,5,12,40,660,136,ARGELES SUR MER AVENUE D,42.68004,2.91123,Plein jour,En agglomération,Giratoire,Normale,Deux véhicules - arrière,,,,,,,,,,,1,2,6,1.0,2.0
201100038640,0011-07-02 19:30:00,11,7,2,19,30,660,136,"., BRIAND BOULEVARD ARIS",42.69383,2.90081,Plein jour,En agglomération,Intersection en X,Normale,Autre collision,,,,,,,,,,,1,2,2,1.0,6.0
201100038641,0011-07-05 05:30:00,11,7,5,5,30,660,136,"70, JULIEN PANCHOT (AVEN",42.69139,2.88234,Crépuscule ou aube,En agglomération,Hors intersection,Normale,Deux véhicules - côté,,,,,,,,,,,2,2,1,1.0,3.0
201100038642,0011-07-05 18:35:00,11,7,5,18,35,660,136,JULIEN PANCHOT (AVENUE),42.68827,2.87488,Plein jour,Hors agglomération,Hors intersection,Normale,Deux véhicules - côté,,,,,,,,,,,1,1,1,1.0,3.0
201100038643,0011-07-07 07:35:00,11,7,7,7,35,660,136,"., RUBENS (PAUL)",42.69628,2.91166,Plein jour,En agglomération,Intersection en X,Normale,Deux véhicules - côté,,,,,,,,,,,1,2,2,1.0,3.0
201100038644,0011-07-08 17:15:00,11,7,8,17,15,660,136,"., KENNEDY (BD JOHN-FITZ",42.68881,2.90394,Plein jour,En agglomération,Hors intersection,Normale,Deux véhicules - côté,,,,,,,,,,,1,2,1,1.0,3.0
201100038645,0011-07-18 19:15:00,11,7,18,19,15,660,136,VALETTE (FREDERIC),42.69777,2.88031,Plein jour,En agglomération,Intersection en X,Normale,Deux véhicules - côté,,,,,,,,,,,1,2,2,1.0,3.0
201100038646,0011-07-19 21:50:00,11,7,19,21,50,660,136,";, MASSOT (PAUL)",42.69588,2.88384,Crépuscule ou aube,En agglomération,Intersection en X,Normale,Deux véhicules - côté,,,,,,,,,,,2,2,2,1.0,3.0
201100038647,0011-07-22 15:55:00,11,7,22,15,55,660,136,"., BATLLO QUAI FRANCOIS",42.70214,2.8939,Plein jour,En agglomération,Hors intersection,Normale,Autre collision,,,,,,,,,,,1,2,1,1.0,6.0
201100038648,0011-07-24 13:00:00,11,7,24,13,0,660,136,"47 bis, CASSANYES (PLACE",42.69722,2.90209,Plein jour,En agglomération,Hors intersection,Normale,Autre collision,,,,,,,,,,,1,2,1,1.0,6.0
201100038649,0011-08-01 01:30:00,11,8,1,1,30,660,136,D?partementale  617,,,Nuit sans éclairage public,Hors agglomération,Hors intersection,Normale,Deux véhicules - côté,,,,,,,,,,,3,1,1,1.0,3.0
201100038650,0011-08-01 13:50:00,11,8,1,13,50,660,136,"., POINCARE (BOULEVARD H",42.69131,2.89644,Plein jour,En agglomération,Hors intersection,Normale,Deux véhicules - côté,,,,,,,,,,,1,2,1,1.0,3.0
201100038651,0011-08-02 20:30:00,11,8,2,20,30,660,136,D?partementale 1,,,Plein jour,Hors agglomération,Hors intersection,Normale,Autre collision,,,,,,,,,,,1,1,1,1.0,6.0
201100038652,0011-08-04 07:30:00,11,8,4,7,30,660,136,"5, PALMAROLE (COURS FRAN",42.70237,2.8951,Plein jour,En agglomération,Hors intersection,Normale,Deux véhicules - côté,,,,,,,,,,,1,2,1,1.0,3.0
201100038653,0011-08-09 08:40:00,11,8,9,8,40,660,136,D 616,42.71009,2.86876,Plein jour,Hors agglomération,Hors intersection,Normale,Autre collision,,,,,,,,,,,1,1,1,1.0,6.0
201100038654,0011-08-08 18:40:00,11,8,8,18,40,660,136,R D 900,,,Plein jour,Hors agglomération,Hors intersection,Normale,Deux véhicules - côté,,,,,,,,,,,1,1,1,1.0,3.0
201100038655,0011-08-10 08:30:00,11,8,10,8,30,660,136,"., JOFFRE (AVENUE DU MAR",42.7044,2.89261,Plein jour,En agglomération,Hors intersection,Normale,Autre collision,,,,,,,,,,,1,2,1,1.0,6.0
201100038656,0011-08-09 10:05:00,11,8,9,10,5,660,136,"., GIRAL (ALLEE AIME)",42.71412,2.88881,Plein jour,En agglomération,Hors intersection,Normale,Autre collision,,,,,,,,,,,1,2,1,1.0,6.0
201100038657,0011-08-14 12:15:00,11,8,14,12,15,660,136,"1, ALBERT MARCELLIN",42.69076,2.8911,Plein jour,En agglomération,Hors intersection,Normale,Autre collision,,,,,,,,,,,1,2,1,1.0,6.0
201100038658,0011-08-20 13:45:00,11,8,20,13,45,660,136,"., JULIEN PANCHOT (AVENU",42.68593,2.86803,Plein jour,Hors agglomération,Intersection en X,Normale,Deux véhicules - côté,,,,,,,,,,,1,1,2,1.0,3.0
201100038659,0011-08-24 17:50:00,11,8,24,17,50,660,136,MASSANE (AVENUE DE LA),42.69733,2.87254,Plein jour,En agglomération,Hors intersection,Normale,Deux véhicules - côté,,,,,,,,,,,1,2,1,1.0,3.0
201100038660,0011-08-28 06:40:00,11,8,28,6,40,660,136,"., DELAUNAY (LOUIS)",42.73679,2.89337,Crépuscule ou aube,En agglomération,Intersection en X,Normale,Deux véhicules - côté,,,,,,,,,,,2,2,2,1.0,3.0
201100038661,0011-08-29 08:50:00,11,8,29,8,50,660,136,"., MERMOZ (AVENUE JEAN)",42.6964,2.90848,Plein jour,En agglomération,Hors intersection,Normale,Deux véhicules - frontale,,,,,,,,,,,1,2,1,1.0,1.0
201100038662,0011-08-30 15:15:00,11,8,30,15,15,660,136,"., BATLLO QUAI FRANCOIS",42.70183,2.89377,Plein jour,En agglomération,Hors intersection,Normale,Trois véhicules et plus - en chaîne,,,,,,,,,,,1,2,1,1.0,4.0
201100038663,0011-09-01 12:45:00,11,9,1,12,45,660,136,D?partementale 914,,,Plein jour,Hors agglomération,Hors intersection,Normale,Deux véhicules - arrière,,,,,,,,,,,1,1,1,1.0,2.0
201100038664,0011-09-03 19:20:00,11,9,3,19,20,660,136,"7, PYRENEES (BOULEVARD D",42.69632,2.88839,Plein jour,En agglomération,Hors intersection,Normale,Deux véhicules - arrière,,,,,,,,,,,1,2,1,1.0,2.0
201100038665,0011-09-08 10:10:00,11,9,8,10,10,660,136,D?partementale 914,42.66466,2.90578,Plein jour,Hors agglomération,Hors intersection,Normale,Deux véhicules - frontale,,,,,,,,,,,1,1,1,1.0,1.0
201100038666,0011-09-08 19:00:00,11,9,8,19,0,660,136,"06, VILLAS (DES)",42.71385,2.88932,Plein jour,En agglomération,Hors intersection,Normale,Autre collision,,,,,,,,,,,1,2,1,1.0,6.0
201100038667,0011-09-11 12:55:00,11,9,11,12,55,660,136,VELASQUEZ (DIEGO),42.72743,2.89079,Plein jour,En agglomération,Hors intersection,Normale,Deux véhicules - arrière,,,,,,,,,,,1,2,1,1.0,2.0
201100038668,0011-09-12 08:00:00,11,9,12,8,0,660,136,";, CLAIR (RENE)",42.69295,2.94211,Plein jour,En agglomération,Hors intersection,Normale,Deux véhicules - frontale,,,,,,,,,,,1,2,1,1.0,1.0
201100038669,0011-09-08 16:05:00,11,9,8,16,5,660,136,MERMOZ (AVENUE JEAN),42.69443,2.91256,Plein jour,En agglomération,Hors intersection,Normale,Deux véhicules - côté,,,,,,,,,,,1,2,1,1.0,3.0
201100038670,0011-09-08 12:00:00,11,9,8,12,0,660,136,"300, JOFFRE (AVENUE DU M",42.71839,2.88804,Plein jour,En agglomération,Intersection en X,Normale,Autre collision,,,,,,,,,,,1,2,2,1.0,6.0
201100038671,0011-09-13 08:30:00,11,9,13,8,30,660,136,"., FOMENT DE LA SARDANE",42.68278,2.90658,Plein jour,En agglomération,Hors intersection,Normale,Autre collision,,,,,,,,,,,1,2,1,1.0,6.0
201100038672,0011-09-14 09:15:00,11,9,14,9,15,660,136,"., BALEARES ROND POINT E",42.68874,2.8949,Plein jour,En agglomération,Giratoire,Normale,Deux véhicules - côté,,,,,,,,,,,1,2,6,1.0,3.0
201100038673,0011-09-20 15:05:00,11,9,20,15,5,660,136,"31, DESGRANGE (HENRI)",42.69036,2.87017,Plein jour,En agglomération,Hors intersection,Normale,Autre collision,,,,,,,,,,,1,2,1,1.0,6.0
201100038674,0011-09-21 17:00:00,11,9,21,17,0,660,136,MASSOT (PAUL),42.69595,2.88394,Plein jour,En agglomération,Intersection en X,Normale,Deux véhicules - côté,,,,,,,,,,,1,2,2,1.0,3.0
201100038675,0011-09-26 12:13:00,11,9,26,12,13,660,136,"., PASSIO-VELLA (CHEMIN",42.68092,2.89616,Plein jour,En agglomération,Hors intersection,Normale,Autre collision,,,,,,,,,,,1,2,1,1.0,6.0
201100038676,0011-09-26 13:00:00,11,9,26,13,0,660,136,"., CASSIN (AVENUE RENE)",42.68128,2.89531,Plein jour,En agglomération,Hors intersection,Normale,Deux véhicules - côté,,,,,,,,,,,1,2,1,1.0,3.0
201100038677,0011-09-26 16:49:00,11,9,26,16,49,660,136,"., MICHELET (BOULEVARD E",42.70109,2.88407,Plein jour,Hors agglomération,Hors intersection,Normale,Deux véhicules - côté,,,,,,,,,,,1,1,1,1.0,3.0
201100038678,0011-09-28 18:12:00,11,9,28,18,12,660,136,";, PANCHOT (AVENUE JULIE",42.68245,2.86123,Plein jour,En agglomération,Hors intersection,Normale,Deux véhicules - arrière,,,,,,,,,,,1,2,1,1.0,2.0
201100038679,0011-09-27 12:20:00,11,9,27,12,20,660,136,"., HAMBOURG (ROND POINT",42.67822,2.85059,Plein jour,Hors agglomération,Hors intersection,Normale,Autre collision,,,,,,,,,,,1,1,1,1.0,6.0
201100038680,0011-09-27 16:36:00,11,9,27,16,36,660,136,"., NOBEL (QUAI ALFRED)",42.69634,2.88636,Plein jour,En agglomération,Hors intersection,Normale,Autre collision,,,,,,,,,,,1,2,1,1.0,6.0
201100038681,0011-09-27 19:15:00,11,9,27,19,15,660,136,";, D?partementale 1",42.72736,2.9024,Crépuscule ou aube,Hors agglomération,Intersection en X,Normale,Deux véhicules - côté,,,,,,,,,,,2,1,2,1.0,3.0
201100038682,0011-09-28 14:15:00,11,9,28,14,15,660,136,";, PENETRANTE NORD",42.702,2.88563,Plein jour,En agglomération,Hors intersection,Normale,Deux véhicules - arrière,,,,,,,,,,,1,2,1,1.0,2.0
201100038683,0011-09-26 20:10:00,11,9,26,20,10,660,136,"., GARIGLIANO (ROND-POIN",42.68746,2.90059,Crépuscule ou aube,En agglomération,Hors intersection,Normale,Deux véhicules - frontale,,,,,,,,,,,2,2,1,1.0,1.0
201100038684,0011-10-04 20:00:00,11,10,4,20,0,660,136,"137, JOFFRE (AVENUE DU M",42.71229,2.88949,Crépuscule ou aube,En agglomération,Hors intersection,Normale,Deux véhicules - arrière,,,,,,,,,,,2,2,1,1.0,2.0
201100038685,0011-10-07 00:15:00,11,10,7,0,15,660,136,KENNEDY (BD JOHN-FITZGER,42.69061,2.90153,Nuit avec éclairage allumé,En agglomération,Hors intersection,Normale,Autre collision,,,,,,,,,,,5,2,1,1.0,6.0
201100038686,0011-10-08 06:00:00,11,10,8,6,0,660,136,"02-04, GUILLAUD (AVENUE",42.69108,2.89351,Nuit avec éclairage allumé,En agglomération,Hors intersection,Normale,Deux véhicules - frontale,,,,,,,,,,,5,2,1,1.0,1.0
201100038687,0011-10-08 17:20:00,11,10,8,17,20,660,136,PASSIO-VELLA (CHEMIN DE,42.66714,2.88229,Plein jour,En agglomération,Hors intersection,Normale,Deux véhicules - côté,,,,,,,,,,,1,2,1,1.0,3.0
201100038688,0011-10-10 12:05:00,11,10,10,12,5,660,136,POU-DE-LES-COULOBRES (CH,42.67693,2.92176,Plein jour,Hors agglomération,Hors intersection,Normale,Autre collision,,,,,,,,,,,1,1,1,1.0,6.0
201100038689,0011-10-13 17:00:00,11,10,13,17,0,660,136,"22, GERONE (AVENUE DE)",42.66714,2.88229,Plein jour,En agglomération,Hors intersection,Normale,Autre collision,,,,,,,,,,,1,2,1,1.0,6.0
201100038690,0011-10-14 16:50:00,11,10,14,16,50,660,136,"2, PALMAROLE (COURS FRAN",42.70237,2.89513,Plein jour,En agglomération,Hors intersection,Normale,Autre collision,,,,,,,,,,,1,2,1,1.0,6.0
201100038691,0011-10-18 12:38:00,11,10,18,12,38,660,136,SAINT-ASSISCLE (BOULEVAR,42.69449,2.87903,Plein jour,En agglomération,Hors intersection,Normale,Deux véhicules - côté,,,,,,,,,,,1,2,1,1.0,3.0
201100038692,0011-10-18 17:00:00,11,10,18,17,0,660,136,JULIEN PANCHOT (AVENUE),42.69012,2.87972,Plein jour,En agglomération,Hors intersection,Temps éblouissant,Deux véhicules - côté,,,,,,,,,,,1,2,1,7.0,3.0
201100038693,0011-10-19 17:27:00,11,10,19,17,27,660,136,"., ALDUY (Paul)",42.68056,2.90305,Plein jour,En agglomération,Hors intersection,Normale,Deux véhicules - côté,,,,,,,,,,,1,2,1,1.0,3.0
201100038694,0011-10-20 15:17:00,11,10,20,15,17,660,136,";, DALBIEZ (AVENUE VICTO",42.68829,2.88303,Plein jour,En agglomération,Hors intersection,Normale,Deux véhicules - frontale,,,,,,,,,,,1,2,1,1.0,1.0
201100038695,0011-10-21 00:50:00,11,10,21,0,50,660,136,"23, CIGALE (IMPASSE ET R",42.68855,2.89208,Nuit avec éclairage allumé,En agglomération,Hors intersection,Normale,Autre collision,,,,,,,,,,,5,2,1,1.0,6.0
201100038696,0011-10-20 19:54:00,11,10,20,19,54,660,136,"36, JOFFRE (AVENUE DU MA",42.70685,2.89171,Nuit avec éclairage allumé,En agglomération,Hors intersection,Normale,Autre collision,,,,,,,,,,,5,2,1,1.0,6.0
201100038697,0011-10-23 09:25:00,11,10,23,9,25,660,136,"0, VARIETES",42.70222,2.89396,Plein jour,En agglomération,Hors intersection,Normale,Autre collision,,,,,,,,,,,1,2,1,1.0,6.0
201100038698,0011-10-24 15:20:00,11,10,24,15,20,660,136,"., DESNOYE (BOULEVARD DR",42.70795,2.88631,Plein jour,En agglomération,Hors intersection,Pluie légère,Deux véhicules - frontale,,,,,,,,,,,1,2,1,2.0,1.0
201100038699,0011-11-01 13:54:00,11,11,1,13,54,660,136,VAQUER (FERNAND),42.68537,2.87835,Plein jour,En agglomération,Hors intersection,Normale,Deux véhicules - côté,,,,,,,,,,,1,2,1,1.0,3.0
201100038700,0011-11-01 14:55:00,11,11,1,14,55,660,136,"., DOUMER (AVENUE DU PRE",42.69369,2.88526,Plein jour,En agglomération,Hors intersection,Normale,Autre collision,,,,,,,,,,,1,2,1,1.0,6.0
201100038701,0011-11-10 15:20:00,11,11,10,15,20,660,136,"0, KENNEDY (BD JOHN-FITZ",42.68921,2.9032,Plein jour,En agglomération,Hors intersection,Normale,Deux véhicules - côté,,,,,,,,,,,1,2,1,1.0,3.0
201100038702,0011-11-12 16:50:00,11,11,12,16,50,660,136,"2, TORCATIS (AVENUE LOUI",42.70433,2.89224,Plein jour,En agglomération,Hors intersection,Normale,Autre collision,,,,,,,,,,,1,2,1,1.0,6.0
201100038703,0011-11-10 14:00:00,11,11,10,14,0,660,136,BAZY DU COMMANDANT,42.6918,2.88836,Plein jour,En agglomération,Intersection en X,Normale,Deux véhicules - côté,,,,,,,,,,,1,2,2,1.0,3.0
201100038704,0011-11-12 10:40:00,11,11,12,10,40,660,136,"0, ESPAGNE (ROUTE D')",42.68811,2.89516,Plein jour,En agglomération,Hors intersection,Normale,Autre collision,,,,,,,,,,,1,2,1,1.0,6.0
201100038705,0011-11-16 12:05:00,11,11,16,12,5,660,136,"18, GRANDE BRETAGNE (AVE",42.69928,2.88109,Plein jour,En agglomération,Hors intersection,Pluie forte,Deux véhicules - côté,,,,,,,,,,,1,2,1,3.0,3.0
201100038706,0011-11-19 19:50:00,11,11,19,19,50,660,136,DALBIEZ (AVENUE VICTOR),42.6915,2.88286,Nuit sans éclairage public,En agglomération,Hors intersection,Pluie forte,Deux véhicules - côté,,,,,,,,,,,3,2,1,3.0,3.0
201100038707,0011-11-19 21:48:00,11,11,19,21,48,660,136,"., BALEARES ROND POINT E",42.68857,2.89511,Nuit avec éclairage allumé,En agglomération,Hors intersection,Pluie forte,Deux véhicules - côté,,,,,,,,,,,5,2,1,3.0,3.0
201100038708,0011-11-23 23:40:00,11,11,23,23,40,660,136,"66, SAINT-ASSISCLE (BOUL",42.6974,2.87799,Nuit avec éclairage allumé,En agglomération,Hors intersection,Normale,Autre collision,,,,,,,,,,,5,2,1,1.0,6.0
201100038709,0011-11-24 10:50:00,11,11,24,10,50,660,136,"30, DESNOYE (BOULEVARD D",42.70874,2.88596,Plein jour,En agglomération,Hors intersection,Normale,Deux véhicules - arrière,,,,,,,,,,,1,2,1,1.0,2.0
201100038710,0011-11-27 05:40:00,11,11,27,5,40,660,136,"9, LICES",42.69379,2.89298,Nuit avec éclairage allumé,En agglomération,Hors intersection,Normale,Deux véhicules - frontale,,,,,,,,,,,5,2,1,1.0,1.0
201100038711,0011-11-28 18:34:00,11,11,28,18,34,660,136,"0, DALBIEZ (AVENUE VICTO",42.69149,2.88284,Crépuscule ou aube,En agglomération,Hors intersection,Normale,Deux véhicules - frontale,,,,,,,,,,,2,2,1,1.0,1.0
201100038712,0011-12-01 12:53:00,11,12,1,12,53,660,136,"0, ESPAGNE (ROUTE D')",42.67996,2.89283,Plein jour,En agglomération,Hors intersection,Normale,Autre collision,,,,,,,,,,,1,2,1,1.0,6.0
201100038713,0011-12-02 18:30:00,11,12,2,18,30,660,136,"0, BLANC AVENUE ROSETTE",42.6994,2.91673,Crépuscule ou aube,En agglomération,Hors intersection,Normale,Deux véhicules - côté,,,,,,,,,,,2,2,1,1.0,3.0
201100038714,0011-12-06 19:28:00,11,12,6,19,28,660,136,"0, PAYRA (PLACE JEAN)",42.69826,2.88912,Plein jour,En agglomération,Intersection en X,Normale,Deux véhicules - côté,,,,,,,,,,,1,2,2,1.0,3.0
201100038715,0011-12-14 16:50:00,11,12,14,16,50,660,136,"37, ALBERT MARCELLIN",42.68922,2.89323,Plein jour,En agglomération,Hors intersection,Normale,Deux véhicules - côté,,,,,,,,,,,1,2,1,1.0,3.0
201100038716,0011-12-16 12:30:00,11,12,16,12,30,660,136,"500, FAUVELLE  (PIERRE-P",42.68104,2.87069,Plein jour,En agglomération,Hors intersection,Temps couvert,Deux véhicules - côté,,,,,,,,,,,1,2,1,8.0,3.0
201100038717,0011-12-16 18:55:00,11,12,16,18,55,660,136,CAMBRES AVENUE PIERRE,42.69117,2.89865,Nuit avec éclairage allumé,En agglomération,Hors intersection,Pluie légère,Deux véhicules - frontale,,,,,,,,,,,5,2,1,2.0,1.0
201100038718,0011-12-20 15:10:00,11,12,20,15,10,660,136,"0, R D 900",42.66923,2.8845,Plein jour,En agglomération,Hors intersection,Normale,Autre collision,,,,,,,,,,,1,2,1,1.0,6.0
201100038719,0011-12-16 07:00:00,11,12,16,7,0,660,136,"., PALAIS-DES-EXPO (AVEN",42.70812,2.90319,Plein jour,En agglomération,Hors intersection,Normale,Deux véhicules - côté,,,,,,,,,,,1,2,1,1.0,3.0
201100038720,0011-02-01 21:45:00,11,2,1,21,45,670,180,PV,,,Nuit sans éclairage public,Hors agglomération,Hors intersection,Normale,Deux véhicules - frontale,,,,,,,,,,,3,1,1,1.0,1.0
201100038721,0011-03-18 13:20:00,11,3,18,13,20,670,180,TROMPETTE (RUE DU),,,Plein jour,En agglomération,Intersection en T,Normale,Deux véhicules - côté,,,,,,,,,,,1,2,3,1.0,3.0
201100038722,0011-04-03 11:57:00,11,4,3,11,57,670,180,WOERTH (ROUTE DE),,,Plein jour,Hors agglomération,Hors intersection,Normale,Deux véhicules - frontale,,,,,,,,,,,1,1,1,1.0,1.0
201100038723,0011-04-13 10:35:00,11,4,13,10,35,670,180,BITCHE (ROUTE DE),,,Plein jour,Hors agglomération,Hors intersection,Normale,Trois véhicules et plus - collisions multiples,,,,,,,,,,,1,1,1,1.0,5.0
201100038724,0011-05-14 01:30:00,11,5,14,1,30,670,180,"00, SCHIRRHEIN (ROUTE DE",,,Nuit sans éclairage public,Hors agglomération,Hors intersection,Normale,Autre collision,,,,,,,,,,,3,1,1,1.0,6.0
201100038725,0011-05-15 15:00:00,11,5,15,15,0,670,180,RD 1062,,,Plein jour,Hors agglomération,Hors intersection,Temps couvert,Trois véhicules et plus - collisions multiples,,,,,,,,,,,1,1,1,8.0,5.0
201100038726,0011-05-20 11:40:00,11,5,20,11,40,670,180,RHIN (ROUTE DU),,,Plein jour,Hors agglomération,Hors intersection,Normale,Deux véhicules - frontale,,,,,,,,,,,1,1,1,1.0,1.0
201100038727,0011-06-30 16:30:00,11,6,30,16,30,670,180,"85, BISCHWILLER (ROUTE D",,,Plein jour,Hors agglomération,Intersection à plus de 4 branches,Normale,Deux véhicules - côté,,,,,,,,,,,1,1,5,1.0,3.0
201100038728,0011-07-09 06:50:00,11,7,9,6,50,670,180,STRASBOURG (ROUTE DE),,,Plein jour,Hors agglomération,Giratoire,Normale,Sans collision,,,,,,,,,,,1,1,6,1.0,7.0
201100038729,0011-07-11 07:45:00,11,7,11,7,45,670,180,"02, REDOUTE (RUE DE LA)",,,Plein jour,En agglomération,Autre intersection,Normale,Deux véhicules - arrière,,,,,,,,,,,1,2,9,1.0,2.0
201100038730,0011-07-18 10:35:00,11,7,18,10,35,670,180,"3, BOUC (RUE DU)",,,Plein jour,En agglomération,Hors intersection,Temps couvert,Autre collision,,,,,,,,,,,1,2,1,8.0,6.0
201100038731,0011-07-29 13:50:00,11,7,29,13,50,670,180,RD 1062,,,Plein jour,Hors agglomération,Intersection en T,Normale,Deux véhicules - côté,,,,,,,,,,,1,1,3,1.0,3.0
201100038732,0011-11-19 14:35:00,11,11,19,14,35,670,180,"2, DEUXIEME RGT DE DRAGO",,,Plein jour,En agglomération,Autre intersection,Temps couvert,Trois véhicules et plus - en chaîne,,,,,,,,,,,1,2,9,8.0,4.0
201100038733,0011-11-19 16:35:00,11,11,19,16,35,670,180,"32, MARECHAL FOCH (RUE D",,,Crépuscule ou aube,En agglomération,Autre intersection,Normale,Autre collision,,,,,,,,,,,2,2,9,1.0,6.0
201100038734,0011-11-20 15:45:00,11,11,20,15,45,670,180,CARRIERES (RUE DES),,,Plein jour,En agglomération,Intersection en X,Normale,Deux véhicules - frontale,,,,,,,,,,,1,2,2,1.0,1.0
201100038735,0011-11-22 11:30:00,11,11,22,11,30,670,180,GRAND RUE,,,Plein jour,En agglomération,Hors intersection,Normale,Autre collision,,,,,,,,,,,1,2,1,1.0,6.0
201100038736,0011-03-23 11:55:00,11,3,23,11,55,670,462,"1, PAIX (RUE DE LA)",,,Plein jour,En agglomération,Intersection en T,Normale,Autre collision,,,,,,,,,,,1,2,3,1.0,6.0
201100038737,0011-03-24 09:42:00,11,3,24,9,42,670,462,"3, GENERAL GALLIENI (RUE",,,Plein jour,En agglomération,Hors intersection,Normale,Autre collision,,,,,,,,,,,1,2,1,1.0,6.0
201100038738,0011-05-08 17:25:00,11,5,8,17,25,670,462,ROSWAG (RUE),,,Plein jour,En agglomération,Hors intersection,Normale,Deux véhicules - frontale,,,,,,,,,,,1,2,1,1.0,1.0
201100038739,0011-05-31 10:30:00,11,5,31,10,30,670,462,"1, RN 83 NORD",,,Plein jour,Hors agglomération,Hors intersection,Pluie légère,Deux véhicules - arrière,,,,,,,,,,,1,1,1,2.0,2.0
201100038740,0011-06-24 21:10:00,11,6,24,21,10,670,462,MARCKOLSHEIM (ROUTE DE),,,Crépuscule ou aube,Hors agglomération,Giratoire,Normale,Sans collision,,,,,,,,,,,2,1,6,1.0,7.0
201100038741,0011-07-16 18:40:00,11,7,16,18,40,670,462,"00, RN 422",,,Plein jour,Hors agglomération,Hors intersection,Normale,Deux véhicules - côté,,,,,,,,,,,1,1,1,1.0,3.0