accident_id,datetime,annee,mois,jour,heure,minute,departement,commune_insee,adresse,latitude,longitude,luminosite,agglomeration,intersection,meteo,collision,nb_vehicules,nb_usagers,nb_indemnes,nb_tues,nb_blesses_hosp,nb_blesses_legers,age_cond_1,age_cond_2,veh_type_cond_1,veh_type_cond_2,lum_code,agg_code,int_code,atm_code,col_code
201100038742,0011-07-23 16:35:00,11,7,23,16,35,670,462,"17, EBERSHEIM (RUE D)",,,Plein jour,En agglomération,Hors intersection,Normale,Deux véhicules - côté,,,,,,,,,,,1,2,1,1.0,3.0
201100038743,0011-10-16 20:30:00,11,10,16,20,30,670,462,MUTTERSHOLTZ (ROUTE DE),,,Nuit sans éclairage public,Hors agglomération,Hors intersection,Normale,Deux véhicules - côté,,,,,,,,,,,3,1,1,1.0,3.0
201100038744,0011-11-10 07:35:00,11,11,10,7,35,670,462,RD 424,,,Plein jour,En agglomération,Hors intersection,Pluie légère,Trois véhicules et plus - collisions multiples,,,,,,,,,,,1,2,1,2.0,5.0
201100038745,0011-11-14 16:37:00,11,11,14,16,37,670,462,"50, RN 83 NORD",,,Crépuscule ou aube,En agglomération,Hors intersection,Pluie légère,Deux véhicules - frontale,,,,,,,,,,,2,2,1,2.0,1.0
201100038746,0011-01-01 21:50:00,11,1,1,21,50,670,482,"PV, RTE DE LA FEDERATION",,,Nuit avec éclairage allumé,En agglomération,Intersection en T,Normale,Deux véhicules - côté,,,,,,,,,,,5,2,3,1.0,3.0
201100038747,0011-01-02 00:27:00,11,1,2,0,27,670,482,"PV, ROUTE DE L'HOPITAL",,,Nuit avec éclairage allumé,En agglomération,Intersection en X,Neige / grêle,Autre collision,,,,,,,,,,,5,2,2,4.0,6.0
201100038748,0011-01-06 06:00:00,11,1,6,6,0,670,482,"SPV, RTE DE LA WANTZENAU",,,Nuit sans éclairage public,En agglomération,Hors intersection,Pluie légère,Deux véhicules - côté,,,,,,,,,,,3,2,1,2.0,3.0
201100038749,0011-01-06 18:40:00,11,1,6,18,40,670,482,"SPV, RUE DE RENAISSANCE",,,Nuit avec éclairage allumé,En agglomération,Intersection en T,Temps couvert,Autre collision,,,,,,,,,,,5,2,3,8.0,6.0
201100038750,0011-01-07 13:30:00,11,1,7,13,30,670,482,"SPV, RUE DE L'ILL",,,Plein jour,En agglomération,Hors intersection,Pluie forte,Deux véhicules - arrière,,,,,,,,,,,1,2,1,3.0,2.0
201100038751,0011-01-08 07:50:00,11,1,8,7,50,670,482,"SPV, RUE DE LA LAMPROIE",,,Plein jour,En agglomération,Intersection en X,Pluie légère,Deux véhicules - côté,,,,,,,,,,,1,2,2,2.0,3.0
201100038752,0011-01-10 11:30:00,11,1,10,11,30,670,447,"SPV,41RTE DE BISCHWILLER",,,Plein jour,En agglomération,Hors intersection,Normale,Deux véhicules - arrière,,,,,,,,,,,1,2,1,1.0,2.0
201100038753,0011-01-10 18:00:00,11,1,10,18,0,670,482,"SPV,1 RUE DES CANONNIERS",,,Nuit avec éclairage allumé,En agglomération,Hors intersection,Brouillard / fumée,Deux véhicules - côté,,,,,,,,,,,5,2,1,5.0,3.0
201100038754,0011-01-11 19:30:00,11,1,11,19,30,670,218,"SPV, RUE LE CORBUSIER",,,Nuit avec éclairage allumé,En agglomération,Hors intersection,Normale,Autre collision,,,,,,,,,,,5,2,1,1.0,6.0
201100038755,0011-01-11 19:30:00,11,1,11,19,30,670,218,"SPV,RUE SEBASTIEN BRANT",,,Nuit avec éclairage allumé,En agglomération,Hors intersection,Normale,Deux véhicules - côté,,,,,,,,,,,5,2,1,1.0,3.0
201100038756,0011-01-12 16:30:00,11,1,12,16,30,670,482,"SPV, AVENUE DE COLMAR",,,Crépuscule ou aube,En agglomération,Hors intersection,Pluie légère,Autre collision,,,,,,,,,,,2,2,1,2.0,6.0
201100038757,0011-01-12 18:30:00,11,1,12,18,30,670,447,"SPV, RUE DU MITTELFELD",,,Nuit avec éclairage allumé,En agglomération,Intersection en T,Pluie légère,Deux véhicules - côté,,,,,,,,,,,5,2,3,2.0,3.0
201100038758,0011-01-14 19:50:00,11,1,14,19,50,670,482,"0, POLYGONE (ROUTE DU)",,,Nuit avec éclairage allumé,En agglomération,Intersection en X,Normale,Deux véhicules - côté,,,,,,,,,,,5,2,2,1.0,3.0
201100038759,0011-01-16 16:00:00,11,1,16,16,0,670,482,"SPV, QUAI DES BELGES",,,Plein jour,En agglomération,Hors intersection,Normale,Trois véhicules et plus - en chaîne,,,,,,,,,,,1,2,1,1.0,4.0
201100038760,0011-01-16 15:20:00,11,1,16,15,20,670,482,"SPV, R.DU CONSEIL DES 15",,,Plein jour,En agglomération,Intersection en T,Normale,Autre collision,,,,,,,,,,,1,2,3,1.0,6.0
201100038761,0011-01-15 17:28:00,11,1,15,17,28,670,218,"PV, RUE DES VIGNES",,,Nuit avec éclairage allumé,En agglomération,Hors intersection,Normale,Trois véhicules et plus - en chaîne,,,,,,,,,,,5,2,1,1.0,4.0
201100038762,0011-01-17 12:10:00,11,1,17,12,10,670,204,"SPV, 20 RUE DE LA VILLE",,,Plein jour,En agglomération,Hors intersection,Normale,Deux véhicules - côté,,,,,,,,,,,1,2,1,1.0,3.0
201100038763,0011-01-17 18:00:00,11,1,17,18,0,670,218,"SPV,ROUTE ALFRED KASTLER",,,Nuit avec éclairage allumé,En agglomération,Giratoire,Normale,Autre collision,,,,,,,,,,,5,2,6,1.0,6.0
201100038764,0011-01-18 07:15:00,11,1,18,7,15,670,482,"SPV, RUE GUTENBERG",,,Crépuscule ou aube,En agglomération,Hors intersection,Normale,Autre collision,,,,,,,,,,,2,2,1,1.0,6.0
201100038765,0011-01-18 18:00:00,11,1,18,18,0,670,482,"26, HERRADE (RUE)",,,Nuit avec éclairage allumé,En agglomération,Hors intersection,Normale,Autre collision,,,,,,,,,,,5,2,1,1.0,6.0
201100038766,0011-01-20 07:40:00,11,1,20,7,40,670,482,"SPV, 27 RTE LA WANTZENAU",,,Nuit avec éclairage allumé,En agglomération,Intersection en X,Normale,Autre collision,,,,,,,,,,,5,2,2,1.0,6.0
201100038767,0011-01-20 18:05:00,11,1,20,18,5,670,482,"SPV, PLACE DE HAGUENAU",,,Nuit avec éclairage allumé,En agglomération,Hors intersection,Temps couvert,Deux véhicules - arrière,,,,,,,,,,,5,2,1,8.0,2.0
201100038768,0011-01-21 19:50:00,11,1,21,19,50,670,482,"SPV, 15 ALLEE ROBERTSAU",,,Nuit avec éclairage allumé,En agglomération,Hors intersection,Normale,Autre collision,,,,,,,,,,,5,2,1,1.0,6.0
201100038769,0011-01-23 00:30:00,11,1,23,0,30,670,482,"SPV, 30 RUE DE MOLSHEIM",,,Nuit avec éclairage allumé,En agglomération,Hors intersection,Normale,Autre collision,,,,,,,,,,,5,2,1,1.0,6.0
201100038770,0011-01-24 14:50:00,11,1,24,14,50,670,482,"SPV,206RTE OBERHAUSBERG.",,,Plein jour,En agglomération,Hors intersection,Normale,Deux véhicules - côté,,,,,,,,,,,1,2,1,1.0,3.0
201100038771,0011-01-24 18:15:00,11,1,24,18,15,670,482,"SPV, JACQUELINE AURIOL",,,Nuit avec éclairage allumé,En agglomération,Hors intersection,Normale,Autre collision,,,,,,,,,,,5,2,1,1.0,6.0
201100038772,0011-01-27 07:50:00,11,1,27,7,50,670,43,"SPV, 32 AV. DE PERIGUEUX",,,Plein jour,En agglomération,Hors intersection,Normale,Autre collision,,,,,,,,,,,1,2,1,1.0,6.0
201100038773,0011-01-27 10:20:00,11,1,27,10,20,670,482,"SPV, RUE ALFRED DE VIGNY",,,Plein jour,En agglomération,Intersection en T,Normale,Deux véhicules - côté,,,,,,,,,,,1,2,3,1.0,3.0
201100038774,0011-01-28 06:45:00,11,1,28,6,45,670,447,"SPV, RTE GEN.DE GAULLE",,,Nuit avec éclairage allumé,En agglomération,Intersection en X,Normale,Autre collision,,,,,,,,,,,5,2,2,1.0,6.0
201100038775,0011-01-28 12:05:00,11,1,28,12,5,670,43,"SPV, 15 RUE MARC SEGUIN",,,Plein jour,En agglomération,Hors intersection,Normale,Autre collision,,,,,,,,,,,1,2,1,1.0,6.0
201100038776,0011-01-30 07:05:00,11,1,30,7,5,670,482,"PV, 1C RUE KAMPMANN",,,Crépuscule ou aube,En agglomération,Hors intersection,Normale,Autre collision,,,,,,,,,,,2,2,1,1.0,6.0
201100038777,0011-01-30 19:00:00,11,1,30,19,0,670,447,"SPV, ROUTE GEN.DE GAULLE",,,Nuit avec éclairage non allumé,En agglomération,Intersection en T,Normale,Deux véhicules - côté,,,,,,,,,,,4,2,3,1.0,3.0
201100038778,0011-01-31 13:20:00,11,1,31,13,20,670,482,"SPV, RUE GEORGES WODLI",,,Plein jour,En agglomération,Hors intersection,Normale,Trois véhicules et plus - en chaîne,,,,,,,,,,,1,2,1,1.0,4.0
201100038779,0011-02-01 21:10:00,11,2,1,21,10,670,482,"SPV,RUE DE KOENIGSHOFFEN",,,Nuit avec éclairage allumé,En agglomération,Intersection en X,Normale,Autre collision,,,,,,,,,,,5,2,2,1.0,6.0
201100038780,0011-02-02 12:30:00,11,2,2,12,30,670,482,"SPV, RUE DE PHALSBOURG",,,Plein jour,En agglomération,Intersection en X,Normale,Autre collision,,,,,,,,,,,1,2,2,1.0,6.0
201100038781,0011-02-03 11:55:00,11,2,3,11,55,670,482,"SPV, 4 RUE DE SEBASTOPOL",,,Plein jour,En agglomération,Hors intersection,Pluie légère,Autre collision,,,,,,,,,,,1,2,1,2.0,6.0
201100038782,0011-02-04 13:50:00,11,2,4,13,50,670,482,"SPV, 22 RUE 22 NOVEMBRE",,,Plein jour,En agglomération,Hors intersection,Normale,Autre collision,,,,,,,,,,,1,2,1,1.0,6.0
201100038783,0011-02-06 15:30:00,11,2,6,15,30,670,482,"0, RHIN (ROUTE DU)",,,Plein jour,En agglomération,Intersection en X,Normale,Deux véhicules - côté,,,,,,,,,,,1,2,2,1.0,3.0
201100038784,0011-02-06 16:30:00,11,2,6,16,30,670,482,"0, MARECHAL DE LATTRE DE",,,Plein jour,En agglomération,Hors intersection,Normale,Autre collision,,,,,,,,,,,1,2,1,1.0,6.0
201100038785,0011-02-10 08:20:00,11,2,10,8,20,670,482,VEAUX (RUE DES),,,Plein jour,En agglomération,Intersection en T,Normale,Deux véhicules - côté,,,,,,,,,,,1,2,3,1.0,3.0
201100038786,0011-02-11 09:20:00,11,2,11,9,20,670,218,"0, ALFRED KASTLER (ROUTE",,,Plein jour,En agglomération,Hors intersection,Normale,Deux véhicules - arrière,,,,,,,,,,,1,2,1,1.0,2.0
201100038787,0011-02-12 14:55:00,11,2,12,14,55,670,482,"59, LA WANTZENAU (ROUTE",,,Plein jour,En agglomération,Hors intersection,Normale,Deux véhicules - arrière,,,,,,,,,,,1,2,1,1.0,2.0
201100038788,0011-02-12 17:10:00,11,2,12,17,10,670,218,"0, ESPERANCE (RUE DE L )",,,Plein jour,En agglomération,Intersection en T,Normale,Deux véhicules - côté,,,,,,,,,,,1,2,3,1.0,3.0
201100038789,0011-02-13 23:20:00,11,2,13,23,20,670,482,OBERHAUSBERGEN (ROUTE D,,,Nuit avec éclairage allumé,Hors agglomération,Intersection en T,Normale,Deux véhicules - côté,,,,,,,,,,,5,1,3,1.0,3.0
201100038790,0011-02-14 07:05:00,11,2,14,7,5,670,482,ENGELBREIT (RUE DE L ),,,Crépuscule ou aube,En agglomération,Intersection en T,Normale,Autre collision,,,,,,,,,,,2,2,3,1.0,6.0
201100038791,0011-02-14 10:55:00,11,2,14,10,55,670,482,RENE CASSIN (ALLEE),,,Plein jour,En agglomération,Hors intersection,Normale,Autre collision,,,,,,,,,,,1,2,1,1.0,6.0
201100038792,0011-02-15 11:05:00,11,2,15,11,5,670,482,"0, LA ROCHELLE (RUE DE)",,,Plein jour,En agglomération,Hors intersection,Pluie légère,Deux véhicules - arrière,,,,,,,,,,,1,2,1,2.0,2.0
201100038793,0011-02-15 14:15:00,11,2,15,14,15,670,482,MAIRE DIETRICH (QUAI DU),,,Plein jour,En agglomération,Intersection en X,Pluie légère,Deux véhicules - arrière,,,,,,,,,,,1,2,2,2.0,2.0
201100038794,0011-02-16 02:45:00,11,2,16,2,45,670,482,BELGES (QUAI DES),,,Nuit avec éclairage allumé,En agglomération,Hors intersection,Normale,Autre collision,,,,,,,,,,,5,2,1,1.0,6.0
201100038795,0011-02-16 06:32:00,11,2,16,6,32,670,447,"48, BISCHWILLER (ROUTE D",,,Nuit avec éclairage allumé,En agglomération,Hors intersection,Normale,Deux véhicules - côté,,,,,,,,,,,5,2,1,1.0,3.0
201100038796,0011-02-16 08:10:00,11,2,16,8,10,670,482,BALBRONN (RUE DE),,,Plein jour,En agglomération,Hors intersection,Normale,Deux véhicules - côté,,,,,,,,,,,1,2,1,1.0,3.0
201100038797,0011-02-16 15:45:00,11,2,16,15,45,670,482,"203, COLMAR (AVENUE DE)",,,Plein jour,En agglomération,Hors intersection,Normale,Deux véhicules - côté,,,,,,,,,,,1,2,1,1.0,3.0
201100038798,0011-02-18 14:40:00,11,2,18,14,40,670,482,"0, JEAN JAURES (AVENUE)",,,Plein jour,En agglomération,Intersection en X,Normale,Deux véhicules - côté,,,,,,,,,,,1,2,2,1.0,3.0
201100038799,0011-02-18 14:50:00,11,2,18,14,50,670,482,LA ROCHELLE (RUE DE),,,Plein jour,En agglomération,Hors intersection,Normale,Autre collision,,,,,,,,,,,1,2,1,1.0,6.0
201100038800,0011-02-20 05:50:00,11,2,20,5,50,670,482,"0, MARCEL PROUST (RUE)",,,Nuit avec éclairage allumé,En agglomération,Hors intersection,Normale,Deux véhicules - frontale,,,,,,,,,,,5,2,1,1.0,1.0
201100038801,0011-02-21 18:40:00,11,2,21,18,40,670,482,"0, GENERAL DE GAULLE (AV",,,Plein jour,En agglomération,Hors intersection,Normale,Autre collision,,,,,,,,,,,1,2,1,1.0,6.0
201100038802,0011-02-22 13:40:00,11,2,22,13,40,670,482,"13, NORMANDIE (AVENUE DE",,,Plein jour,En agglomération,Hors intersection,Normale,Autre collision,,,,,,,,,,,1,2,1,1.0,6.0
201100038803,0011-02-23 09:00:00,11,2,23,9,0,670,482,"4, METZ (BOULEVARD DE)",,,Plein jour,En agglomération,Hors intersection,Normale,Autre collision,,,,,,,,,,,1,2,1,1.0,6.0
201100038804,0011-02-23 14:15:00,11,2,23,14,15,670,482,ALPES (QUAI DES),,,Plein jour,En agglomération,Intersection en X,Normale,Deux véhicules - arrière,,,,,,,,,,,1,2,2,1.0,2.0
201100038805,0011-02-25 09:30:00,11,2,25,9,30,670,482,"00, SCHIRMECK (ROUTE DE)",,,Plein jour,En agglomération,Intersection en X,Temps couvert,Deux véhicules - côté,,,,,,,,,,,1,2,2,8.0,3.0
201100038806,0011-02-25 17:10:00,11,2,25,17,10,670,218,"0, STRASBOURG (ROUTE DE)",,,Plein jour,En agglomération,Hors intersection,Normale,Deux véhicules - côté,,,,,,,,,,,1,2,1,1.0,3.0
201100038807,0011-02-25 22:35:00,11,2,25,22,35,670,482,"0, POLYGONE (ROUTE DU)",,,Nuit avec éclairage allumé,En agglomération,Intersection en X,Normale,Deux véhicules - côté,,,,,,,,,,,5,2,2,1.0,3.0
201100038808,0011-02-26 09:10:00,11,2,26,9,10,670,482,"25, MACON (RUE DE)",,,Plein jour,En agglomération,Hors intersection,Normale,Autre collision,,,,,,,,,,,1,2,1,1.0,6.0
201100038809,0011-02-28 19:30:00,11,2,28,19,30,670,218,"0, STRASBOURG (ROUTE DE)",,,Nuit avec éclairage allumé,En agglomération,Intersection en X,Normale,Autre collision,,,,,,,,,,,5,2,2,1.0,6.0
201100038810,0011-03-01 20:30:00,11,3,1,20,30,670,482,EDMOND ROSTAND (RUE),,,Nuit avec éclairage allumé,En agglomération,Autre intersection,Normale,Deux véhicules - côté,,,,,,,,,,,5,2,9,1.0,3.0
201100038811,0011-03-02 20:10:00,11,3,2,20,10,670,482,"0, FEDERATION (ROUTE DE",,,Nuit avec éclairage allumé,En agglomération,Hors intersection,Normale,Deux véhicules - arrière,,,,,,,,,,,5,2,1,1.0,2.0
201100038812,0011-03-03 11:05:00,11,3,3,11,5,670,482,"00, PECHEURS (QUAI DES)",,,Plein jour,En agglomération,Hors intersection,Normale,Deux véhicules - arrière,,,,,,,,,,,1,2,1,1.0,2.0
201100038813,0011-03-04 10:35:00,11,3,4,10,35,670,482,"00, PARIS (QUAI DE)",,,Plein jour,En agglomération,Hors intersection,Normale,Autre collision,,,,,,,,,,,1,2,1,1.0,6.0
201100038814,0011-03-04 14:30:00,11,3,4,14,30,670,482,"0, VIENNE (ROUTE DE)",,,Plein jour,En agglomération,Hors intersection,Normale,Trois véhicules et plus - en chaîne,,,,,,,,,,,1,2,1,1.0,4.0
201100038815,0011-03-04 20:45:00,11,3,4,20,45,670,43,"98, BISCHWILLER (ROUTE D",,,Nuit avec éclairage allumé,En agglomération,Hors intersection,Normale,Deux véhicules - arrière,,,,,,,,,,,5,2,1,1.0,2.0
201100038816,0011-03-05 18:40:00,11,3,5,18,40,670,365,"0, KIRCHFELD (RUE DU)",,,Nuit avec éclairage allumé,En agglomération,Intersection en X,Normale,Deux véhicules - côté,,,,,,,,,,,5,2,2,1.0,3.0
201100038817,0011-03-06 20:30:00,11,3,6,20,30,670,482,"0, MURHOF (QUAI DU)",,,Nuit avec éclairage allumé,En agglomération,Intersection en T,Normale,Deux véhicules - côté,,,,,,,,,,,5,2,3,1.0,3.0
201100038818,0011-03-08 08:05:00,11,3,8,8,5,670,482,"0, LOUIS PASTEUR (QUAI)",,,Plein jour,En agglomération,Hors intersection,Normale,Deux véhicules - arrière,,,,,,,,,,,1,2,1,1.0,2.0
201100038819,0011-03-09 08:05:00,11,3,9,8,5,670,447,"0, GENERAL DE GAULLE (RO",,,Plein jour,En agglomération,Intersection en T,Normale,Deux véhicules - côté,,,,,,,,,,,1,2,3,1.0,3.0
201100038820,0011-03-10 12:00:00,11,3,10,12,0,670,482,"00, LYON (BOULEVARD DE)",,,Plein jour,En agglomération,Intersection en X,Normale,Deux véhicules - côté,,,,,,,,,,,1,2,2,1.0,3.0
201100038821,0011-03-12 20:30:00,11,3,12,20,30,670,482,"22, SARLAT (RUE DE)",,,Nuit avec éclairage allumé,En agglomération,Hors intersection,Normale,Autre collision,,,,,,,,,,,5,2,1,1.0,6.0
201100038822,0011-03-14 08:15:00,11,3,14,8,15,670,447,"93, BISCHWILLER (ROUTE D",,,Plein jour,En agglomération,Hors intersection,Normale,Autre collision,,,,,,,,,,,1,2,1,1.0,6.0
201100038823,0011-03-14 09:40:00,11,3,14,9,40,670,365,"5, PIERRE ET MARIE CURIE",,,Plein jour,En agglomération,Hors intersection,Normale,Autre collision,,,,,,,,,,,1,2,1,1.0,6.0
201100038824,0011-03-14 16:30:00,11,3,14,16,30,670,482,"69, RHIN (ROUTE DU)",,,Plein jour,En agglomération,Hors intersection,Normale,Sans collision,,,,,,,,,,,1,2,1,1.0,7.0
201100038825,0011-03-14 19:30:00,11,3,14,19,30,670,218,"0, LIXENBUHL (RUE)",,,Nuit avec éclairage allumé,En agglomération,Intersection en X,Normale,Deux véhicules - côté,,,,,,,,,,,5,2,2,1.0,3.0
201100038826,0011-03-15 11:30:00,11,3,15,11,30,670,482,"45, ROBERTSAU (ALLEE DE",,,Plein jour,En agglomération,Hors intersection,Normale,Autre collision,,,,,,,,,,,1,2,1,1.0,6.0
201100038827,0011-03-15 15:30:00,11,3,15,15,30,670,218,"0, SEBASTIEN BRANT (RUE)",,,Plein jour,En agglomération,Intersection en X,Normale,Deux véhicules - côté,,,,,,,,,,,1,2,2,1.0,3.0
201100038828,0011-03-16 07:50:00,11,3,16,7,50,670,204,"11-13, REPUBLIQUE (RUE D",,,Plein jour,En agglomération,Hors intersection,Normale,Trois véhicules et plus - collisions multiples,,,,,,,,,,,1,2,1,1.0,5.0
201100038829,0011-03-16 17:50:00,11,3,16,17,50,670,218,"158, LYON (RTE DE)",,,Crépuscule ou aube,En agglomération,Hors intersection,Pluie légère,Deux véhicules - côté,,,,,,,,,,,2,2,1,2.0,3.0
201100038830,0011-03-18 17:00:00,11,3,18,17,0,670,482,"20, AUGUSTIN FRESNEL (RU",,,Plein jour,En agglomération,Hors intersection,Normale,Autre collision,,,,,,,,,,,1,2,1,1.0,6.0
201100038831,0011-03-19 17:15:00,11,3,19,17,15,670,482,"00, CLEMENT (PLACE)",,,Plein jour,En agglomération,Intersection en X,Normale,Autre collision,,,,,,,,,,,1,2,2,1.0,6.0
201100038832,0011-03-22 07:30:00,11,3,22,7,30,670,482,"0, EUROPE (PONT DE L )",,,Plein jour,En agglomération,Hors intersection,Normale,Autre collision,,,,,,,,,,,1,2,1,1.0,6.0
201100038833,0011-03-22 15:10:00,11,3,22,15,10,670,482,"0, POLYGONE (ROUTE DU)",,,Plein jour,En agglomération,Intersection en X,Normale,Deux véhicules - côté,,,,,,,,,,,1,2,2,1.0,3.0
201100038834,0011-03-22 20:10:00,11,3,22,20,10,670,482,"90, POLYGONE (ROUTE DU)",,,Nuit avec éclairage allumé,En agglomération,Hors intersection,Normale,Deux véhicules - arrière,,,,,,,,,,,5,2,1,1.0,2.0
201100038835,0011-03-23 12:50:00,11,3,23,12,50,670,482,"0, YSER (RUE DE L )",,,Plein jour,En agglomération,Intersection en T,Normale,Autre collision,,,,,,,,,,,1,2,3,1.0,6.0
201100038836,0011-03-25 09:35:00,11,3,25,9,35,670,482,"00, JACOB MAYER (RUE)",,,Plein jour,En agglomération,Intersection en X,Normale,Deux véhicules - côté,,,,,,,,,,,1,2,2,1.0,3.0
201100038837,0011-03-25 14:00:00,11,3,25,14,0,670,218,"114, BURKEL (ROUTE)",,,Plein jour,En agglomération,Intersection en X,Normale,Deux véhicules - côté,,,,,,,,,,,1,2,2,1.0,3.0
201100038838,0011-03-25 14:20:00,11,3,25,14,20,670,482,"0, PRESIDENT WILSON (BOU",,,Plein jour,En agglomération,Hors intersection,Normale,Deux véhicules - arrière,,,,,,,,,,,1,2,1,1.0,2.0
201100038839,0011-03-28 22:40:00,11,3,28,22,40,670,482,"4, NIEDERBRONN (RUE DE)",,,Nuit avec éclairage allumé,En agglomération,Hors intersection,Normale,Autre collision,,,,,,,,,,,5,2,1,1.0,6.0
201100038840,0011-03-29 09:10:00,11,3,29,9,10,670,482,"0, ILL (RUE DE L )",,,Plein jour,En agglomération,Intersection en X,Normale,Autre collision,,,,,,,,,,,1,2,2,1.0,6.0
201100038841,0011-03-29 22:15:00,11,3,29,22,15,670,482,POLYGONE (ROUTE DU),,,Nuit avec éclairage allumé,En agglomération,Intersection en X,Normale,Deux véhicules - côté,,,,,,,,,,,5,2,2,1.0,3.0
201100038842,0011-03-31 13:15:00,11,3,31,13,15,670,447,"00, MARAIS (RUE DU)",,,Plein jour,En agglomération,Intersection en T,Pluie légère,Deux véhicules - côté,,,,,,,,,,,1,2,3,2.0,3.0
201100038843,0011-03-31 17:00:00,11,3,31,17,0,670,482,"89, ROMAINS (ROUTE DES)",,,Plein jour,En agglomération,Hors intersection,Normale,Trois véhicules et plus - en chaîne,,,,,,,,,,,1,2,1,1.0,4.0
201100038844,0011-04-01 18:00:00,11,4,1,18,0,670,482,ROMAINS (ROUTE DES),,,Plein jour,En agglomération,Hors intersection,Normale,Deux véhicules - arrière,,,,,,,,,,,1,2,1,1.0,2.0
201100038845,0011-04-02 10:45:00,11,4,2,10,45,670,447,"00, LAUTERBOURG (RUE DE)",,,Plein jour,En agglomération,Intersection en X,Normale,Deux véhicules - côté,,,,,,,,,,,1,2,2,1.0,3.0
201100038846,0011-04-02 14:24:00,11,4,2,14,24,670,482,"0, DOUBS (RUE DU)",,,Plein jour,En agglomération,Hors intersection,Normale,Deux véhicules - arrière,,,,,,,,,,,1,2,1,1.0,2.0
201100038847,0011-04-03 16:20:00,11,4,3,16,20,670,482,"0, ROMAINS (ROUTE DES)",,,Plein jour,En agglomération,Intersection en T,Normale,Deux véhicules - côté,,,,,,,,,,,1,2,3,1.0,3.0
201100038848,0011-04-03 17:25:00,11,4,3,17,25,670,482,"63, LA FONTAINE (BOULEVA",,,Plein jour,En agglomération,Hors intersection,Normale,Deux véhicules - côté,,,,,,,,,,,1,2,1,1.0,3.0
201100038849,0011-04-03 18:46:00,11,4,3,18,46,670,267,"0, HOLTZHEIM (RUE DE)",,,Plein jour,En agglomération,Hors intersection,Normale,Sans collision,,,,,,,,,,,1,2,1,1.0,7.0
201100038850,0011-04-04 10:30:00,11,4,4,10,30,670,482,"00, PREMIERE ARMEE (RUE",,,Plein jour,En agglomération,Hors intersection,Normale,Autre collision,,,,,,,,,,,1,2,1,1.0,6.0
201100038851,0011-04-04 11:00:00,11,4,4,11,0,670,482,"00, HORACE (RUE)",,,Plein jour,En agglomération,Intersection en T,Temps couvert,Deux véhicules - côté,,,,,,,,,,,1,2,3,8.0,3.0
201100038852,0011-04-04 16:10:00,11,4,4,16,10,670,482,"0, ABBE DE L'EPEE",,,Plein jour,En agglomération,Intersection en X,Normale,Deux véhicules - arrière,,,,,,,,,,,1,2,2,1.0,2.0
201100038853,0011-04-04 18:30:00,11,4,4,18,30,670,447,"00, TOURAINE (RUE DE)",,,Plein jour,En agglomération,Hors intersection,Normale,Autre collision,,,,,,,,,,,1,2,1,1.0,6.0
201100038854,0011-04-05 15:00:00,11,4,5,15,0,670,482,"53, REUSS (ALLEE)",,,Plein jour,En agglomération,Hors intersection,Normale,Autre collision,,,,,,,,,,,1,2,1,1.0,6.0
201100038855,0011-04-06 07:45:00,11,4,6,7,45,670,482,"00, FUSTEL DE COULANGES",,,Plein jour,En agglomération,Intersection en X,Normale,Autre collision,,,,,,,,,,,1,2,2,1.0,6.0
201100038856,0011-04-06 18:40:00,11,4,6,18,40,670,482,"169, BOECKLIN (RUE)",,,Plein jour,En agglomération,Hors intersection,Normale,Deux véhicules - côté,,,,,,,,,,,1,2,1,1.0,3.0
201100038857,0011-04-07 16:08:00,11,4,7,16,8,670,482,"0, POLYGONE (ROUTE DU)",,,Plein jour,En agglomération,Intersection en T,Normale,Deux véhicules - côté,,,,,,,,,,,1,2,3,1.0,3.0
201100038858,0011-04-07 16:15:00,11,4,7,16,15,670,482,"0, BROGLIE (PLACE)",,,Plein jour,En agglomération,Intersection en X,Pluie légère,Trois véhicules et plus - collisions multiples,,,,,,,,,,,1,2,2,2.0,5.0
201100038859,0011-04-07 18:05:00,11,4,7,18,5,670,218,"0, RHIN (ROUTE DU)",,,Plein jour,En agglomération,Hors intersection,Normale,Autre collision,,,,,,,,,,,1,2,1,1.0,6.0
201100038860,0011-04-08 16:40:00,11,4,8,16,40,670,218,"0, ROSEAUX (RUE DES)",,,Plein jour,En agglomération,Hors intersection,Normale,Autre collision,,,,,,,,,,,1,2,1,1.0,6.0
201100038861,0011-04-08 16:44:00,11,4,8,16,44,670,482,"0, PETITES FERMES (RUE D",,,Plein jour,En agglomération,Hors intersection,Normale,Autre collision,,,,,,,,,,,1,2,1,1.0,6.0
201100038862,0011-04-09 19:50:00,11,4,9,19,50,670,482,"4, ROMAINS (ROUTE DES)",,,Plein jour,En agglomération,Hors intersection,Normale,Deux véhicules - côté,,,,,,,,,,,1,2,1,1.0,3.0
201100038863,0011-04-10 18:35:00,11,4,10,18,35,670,482,"18, PRESIDENT WILSON (BO",,,Plein jour,En agglomération,Hors intersection,Normale,Deux véhicules - côté,,,,,,,,,,,1,2,1,1.0,3.0
201100038864,0011-04-10 19:20:00,11,4,10,19,20,670,482,"10, MARSCHALLHOFF (RUE D",,,Plein jour,En agglomération,Hors intersection,Normale,Autre collision,,,,,,,,,,,1,2,1,1.0,6.0
201100038865,0011-04-11 09:07:00,11,4,11,9,7,670,482,"00, RHIN (ROUTE DU)",,,Plein jour,En agglomération,Intersection en T,Normale,Deux véhicules - côté,,,,,,,,,,,1,2,3,1.0,3.0
201100038866,0011-04-11 11:35:00,11,4,11,11,35,670,482,"35, FOSSE RIEPBERG (RUE",,,Plein jour,En agglomération,Hors intersection,Normale,Deux véhicules - côté,,,,,,,,,,,1,2,1,1.0,3.0
201100038867,0011-04-11 13:45:00,11,4,11,13,45,670,447,"6, BRETAGNE (RUE DE)",,,Plein jour,En agglomération,Hors intersection,Normale,Autre collision,,,,,,,,,,,1,2,1,1.0,6.0