accident_id,datetime,annee,mois,jour,heure,minute,departement,commune_insee,adresse,latitude,longitude,luminosite,agglomeration,intersection,meteo,collision,nb_vehicules,nb_usagers,nb_indemnes,nb_tues,nb_blesses_hosp,nb_blesses_legers,age_cond_1,age_cond_2,veh_type_cond_1,veh_type_cond_2,lum_code,agg_code,int_code,atm_code,col_code
201100038868,0011-04-12 12:55:00,11,4,12,12,55,670,482,"34, OBERHAUSBERGEN (ROUT",,,Plein jour,En agglomération,Hors intersection,Normale,Autre collision,,,,,,,,,,,1,2,1,1.0,6.0
201100038869,0011-04-12 19:05:00,11,4,12,19,5,670,482,"0, LONDRES (RUE DE)",,,Plein jour,En agglomération,Intersection en T,Normale,Deux véhicules - côté,,,,,,,,,,,1,2,3,1.0,3.0
201100038870,0011-04-14 12:10:00,11,4,14,12,10,670,482,"9, SAINTE ODILE (RUE)",,,Plein jour,En agglomération,Hors intersection,Normale,Autre collision,,,,,,,,,,,1,2,1,1.0,6.0
201100038871,0011-04-15 04:10:00,11,4,15,4,10,670,482,"2, WESTHOFFEN (RUE DE)",,,Nuit avec éclairage allumé,En agglomération,Hors intersection,Normale,Sans collision,,,,,,,,,,,5,2,1,1.0,7.0
201100038872,0011-04-15 08:00:00,11,4,15,8,0,670,365,"00, GENERAL LECLERC (RUE",,,Plein jour,En agglomération,Hors intersection,Normale,Autre collision,,,,,,,,,,,1,2,1,1.0,6.0
201100038873,0011-04-15 08:50:00,11,4,15,8,50,670,482,"8, ERNEST MUNCH (RUE)",,,Plein jour,En agglomération,Hors intersection,Normale,Autre collision,,,,,,,,,,,1,2,1,1.0,6.0
201100038874,0011-04-15 13:15:00,11,4,15,13,15,670,482,"8, BATELIERS (QUAI DES)",,,Plein jour,En agglomération,Hors intersection,Normale,Autre collision,,,,,,,,,,,1,2,1,1.0,6.0
201100038875,0011-04-16 06:35:00,11,4,16,6,35,670,447,"0, TRIBUNAL (RUE DU)",,,Plein jour,En agglomération,Intersection en T,Normale,Deux véhicules - côté,,,,,,,,,,,1,2,3,1.0,3.0
201100038876,0011-04-19 10:35:00,11,4,19,10,35,670,482,"19, RATHSAMHAUSEN (RUE D",,,Plein jour,En agglomération,Hors intersection,Normale,Autre collision,,,,,,,,,,,1,2,1,1.0,6.0
201100038877,0011-04-19 17:10:00,11,4,19,17,10,670,482,"0, NEUVIC (RUE DE)",,,Plein jour,En agglomération,Intersection en T,Normale,Autre collision,,,,,,,,,,,1,2,3,1.0,6.0
201100038878,0011-04-19 21:15:00,11,4,19,21,15,670,482,"0, EUROPE (PONT DE L )",,,Nuit avec éclairage allumé,En agglomération,Hors intersection,Normale,Deux véhicules - arrière,,,,,,,,,,,5,2,1,1.0,2.0
201100038879,0011-04-21 16:45:00,11,4,21,16,45,670,43,"0, BISCHWILLER (ROUTE DE",,,Plein jour,En agglomération,Intersection en X,Normale,Deux véhicules - côté,,,,,,,,,,,1,2,2,1.0,3.0
201100038880,0011-04-21 17:40:00,11,4,21,17,40,670,482,"0, RHIN (ROUTE DU)",,,Plein jour,En agglomération,Hors intersection,Normale,Deux véhicules - arrière,,,,,,,,,,,1,2,1,1.0,2.0
201100038881,0011-04-21 20:00:00,11,4,21,20,0,670,482,"00, CHANOINE WINTERER_",,,Crépuscule ou aube,En agglomération,Intersection en T,Normale,Deux véhicules - côté,,,,,,,,,,,2,2,3,1.0,3.0
201100038882,0011-04-23 17:35:00,11,4,23,17,35,670,482,"42, VIEUX MARCHE AUX POI",,,Plein jour,En agglomération,Hors intersection,Normale,Autre collision,,,,,,,,,,,1,2,1,1.0,6.0
201100038883,0011-04-23 19:00:00,11,4,23,19,0,670,447,"75, HAUSBERGEN (ROUTE DE",,,Plein jour,En agglomération,Hors intersection,Normale,Autre collision,,,,,,,,,,,1,2,1,1.0,6.0
201100038884,0011-04-23 19:20:00,11,4,23,19,20,670,482,"18, BRANTOME (RUE)",,,Plein jour,En agglomération,Hors intersection,Normale,Autre collision,,,,,,,,,,,1,2,1,1.0,6.0
201100038885,0011-04-23 18:05:00,11,4,23,18,5,670,482,"0, YPRES (RUE D )",,,Plein jour,En agglomération,Hors intersection,Normale,Autre collision,,,,,,,,,,,1,2,1,1.0,6.0
201100038886,0011-04-24 15:50:00,11,4,24,15,50,670,482,"2, JEAN MERMOZ (RUE)",,,Plein jour,En agglomération,Hors intersection,Normale,Deux véhicules - côté,,,,,,,,,,,1,2,1,1.0,3.0
201100038887,0011-04-25 14:15:00,11,4,25,14,15,670,482,"0, COLMAR (AVENUE DE)",,,Plein jour,En agglomération,Intersection en T,Normale,Deux véhicules - côté,,,,,,,,,,,1,2,3,1.0,3.0
201100038888,0011-04-29 08:00:00,11,4,29,8,0,670,482,"7, BRIGADE ALSACE LORRAI",,,Plein jour,En agglomération,Hors intersection,Normale,Autre collision,,,,,,,,,,,1,2,1,1.0,6.0
201100038889,0011-04-29 10:50:00,11,4,29,10,50,670,482,"1, PAUL ELUARD (RUE)",,,Plein jour,En agglomération,Hors intersection,Normale,Deux véhicules - arrière,,,,,,,,,,,1,2,1,1.0,2.0
201100038890,0011-04-29 12:35:00,11,4,29,12,35,670,482,"0, RHIN (ROUTE DU)",,,Plein jour,En agglomération,Hors intersection,Normale,Trois véhicules et plus - en chaîne,,,,,,,,,,,1,2,1,1.0,4.0
201100038891,0011-04-29 18:20:00,11,4,29,18,20,670,482,"0, RHIN (ROUTE DU)",,,Plein jour,En agglomération,Hors intersection,Normale,Deux véhicules - arrière,,,,,,,,,,,1,2,1,1.0,2.0
201100038892,0011-04-30 17:15:00,11,4,30,17,15,670,365,COLMAR (RUE DE),,,Plein jour,En agglomération,Hors intersection,Normale,Deux véhicules - frontale,,,,,,,,,,,1,2,1,1.0,1.0
201100038893,0011-04-30 18:35:00,11,4,30,18,35,670,482,"0, GENERAL KOENIG (QUAI",,,Plein jour,En agglomération,Hors intersection,Pluie légère,Deux véhicules - arrière,,,,,,,,,,,1,2,1,2.0,2.0
201100038894,0011-05-03 07:50:00,11,5,3,7,50,670,267,"0, OSTWALD (RUE D )",,,Plein jour,En agglomération,Intersection en T,Normale,Autre collision,,,,,,,,,,,1,2,3,1.0,6.0
201100038895,0011-05-03 15:08:00,11,5,3,15,8,670,482,"00, BERNE (RUE DE)",,,Plein jour,En agglomération,Intersection en X,Normale,Deux véhicules - côté,,,,,,,,,,,1,2,2,1.0,3.0
201100038896,0011-05-04 10:09:00,11,5,4,10,9,670,482,"00, RHIN (ROUTE DU)",,,Plein jour,En agglomération,Intersection en X,Normale,Deux véhicules - côté,,,,,,,,,,,1,2,2,1.0,3.0
201100038897,0011-05-04 12:30:00,11,5,4,12,30,670,447,"5-7, BISCHWILLER (ROUTE",,,Plein jour,En agglomération,Hors intersection,Normale,Autre collision,,,,,,,,,,,1,2,1,1.0,6.0
201100038898,0011-05-05 12:40:00,11,5,5,12,40,670,447,"00, MARAIS (RUE DU)",,,Plein jour,En agglomération,Intersection en X,Normale,Deux véhicules - côté,,,,,,,,,,,1,2,2,1.0,3.0
201100038899,0011-05-08 19:20:00,11,5,8,19,20,670,482,"0, RHIN (ROUTE DU)",,,Plein jour,En agglomération,Hors intersection,Pluie légère,Trois véhicules et plus - en chaîne,,,,,,,,,,,1,2,1,2.0,4.0
201100038900,0011-05-09 07:00:00,11,5,9,7,0,670,482,"0, POLYGONE (ROUTE DU)",,,Plein jour,En agglomération,Intersection en X,Normale,Deux véhicules - côté,,,,,,,,,,,1,2,2,1.0,3.0
201100038901,0011-05-09 13:50:00,11,5,9,13,50,670,482,"0, CARMES (RUE DES)",,,Plein jour,En agglomération,Intersection en X,Normale,Deux véhicules - côté,,,,,,,,,,,1,2,2,1.0,3.0
201100038902,0011-05-09 19:03:00,11,5,9,19,3,670,482,"0, RHIN (ROUTE DU)",,,Plein jour,En agglomération,Hors intersection,Normale,Deux véhicules - arrière,,,,,,,,,,,1,2,1,1.0,2.0
201100038903,0011-05-11 13:55:00,11,5,11,13,55,670,218,INDUSTRIE (RUE DE L ),,,Plein jour,En agglomération,Intersection en T,Pluie légère,Deux véhicules - côté,,,,,,,,,,,1,2,3,2.0,3.0
201100038904,0011-05-12 19:15:00,11,5,12,19,15,670,482,"50, RIETH (RUE DU)",,,Plein jour,En agglomération,Hors intersection,Normale,Deux véhicules - côté,,,,,,,,,,,1,2,1,1.0,3.0
201100038905,0011-05-13 04:40:00,11,5,13,4,40,670,482,"00, ABBE DE L'EPEE",,,Crépuscule ou aube,En agglomération,Intersection en X,Normale,Deux véhicules - côté,,,,,,,,,,,2,2,2,1.0,3.0
201100038906,0011-05-13 15:30:00,11,5,13,15,30,670,482,"0, PLAINE DES BOUCHERS (",,,Plein jour,En agglomération,Hors intersection,Normale,Deux véhicules - côté,,,,,,,,,,,1,2,1,1.0,3.0
201100038907,0011-05-13 16:40:00,11,5,13,16,40,670,218,"32, INDUSTRIE (RUE DE L",,,Plein jour,En agglomération,Hors intersection,Normale,Deux véhicules - côté,,,,,,,,,,,1,2,1,1.0,3.0
201100038908,0011-05-13 17:00:00,11,5,13,17,0,670,204,"7, BRUMATH (ROUTE DE)",,,Plein jour,En agglomération,Hors intersection,Normale,Autre collision,,,,,,,,,,,1,2,1,1.0,6.0
201100038909,0011-05-13 17:45:00,11,5,13,17,45,670,218,"0, ILL (QUAI DE L )",,,Plein jour,En agglomération,Giratoire,Normale,Deux véhicules - frontale,,,,,,,,,,,1,2,6,1.0,1.0
201100038910,0011-05-14 10:40:00,11,5,14,10,40,670,482,"30, YSER (RUE DE L )",,,Plein jour,En agglomération,Hors intersection,Normale,Deux véhicules - côté,,,,,,,,,,,1,2,1,1.0,3.0
201100038911,0011-05-16 08:50:00,11,5,16,8,50,670,482,"0, LOUIS PASTEUR (QUAI)",,,Plein jour,En agglomération,Hors intersection,Normale,Deux véhicules - frontale,,,,,,,,,,,1,2,1,1.0,1.0
201100038912,0011-05-16 17:30:00,11,5,16,17,30,670,482,"0, ALOISE (RUE SAINT)",,,Plein jour,En agglomération,Intersection en X,Normale,Autre collision,,,,,,,,,,,1,2,2,1.0,6.0
201100038913,0011-05-18 17:00:00,11,5,18,17,0,670,482,"00, LOUIS PASTEUR (QUAI)",,,Plein jour,En agglomération,Hors intersection,Normale,Deux véhicules - arrière,,,,,,,,,,,1,2,1,1.0,2.0
201100038914,0011-05-19 21:47:00,11,5,19,21,47,670,482,"00, FONDERIE (RUE DE LA)",,,Nuit avec éclairage allumé,En agglomération,Intersection en T,Normale,Deux véhicules - côté,,,,,,,,,,,5,2,3,1.0,3.0
201100038915,0011-05-20 10:20:00,11,5,20,10,20,670,43,"3, NOYER (RUE DU)",,,Plein jour,En agglomération,Hors intersection,Normale,Autre collision,,,,,,,,,,,1,2,1,1.0,6.0
201100038916,0011-05-20 16:00:00,11,5,20,16,0,670,43,"51, MARAIS (RUE DU)",,,Plein jour,En agglomération,Hors intersection,Normale,Autre collision,,,,,,,,,,,1,2,1,1.0,6.0
201100038917,0011-05-20 17:03:00,11,5,20,17,3,670,482,"00, PRESIDENT WILSON (BO",,,Plein jour,En agglomération,Intersection en Y,Normale,Autre collision,,,,,,,,,,,1,2,4,1.0,6.0
201100038918,0011-05-20 20:45:00,11,5,20,20,45,670,482,"0, HAGUENAU (RUE DE)",,,Plein jour,En agglomération,Giratoire,Normale,Deux véhicules - côté,,,,,,,,,,,1,2,6,1.0,3.0
201100038919,0011-05-23 12:16:00,11,5,23,12,16,670,482,"0, MARTIN SCHONGAUER (RU",,,Plein jour,En agglomération,Hors intersection,Normale,Autre collision,,,,,,,,,,,1,2,1,1.0,6.0
201100038920,0011-05-23 14:00:00,11,5,23,14,0,670,365,"0, GENERAL LECLERC (RUE",,,Plein jour,En agglomération,Intersection en T,Normale,Deux véhicules - côté,,,,,,,,,,,1,2,3,1.0,3.0
201100038921,0011-05-24 19:40:00,11,5,24,19,40,670,482,"00, EDMOND LABBE (RUE)",,,Plein jour,En agglomération,Hors intersection,Normale,Autre collision,,,,,,,,,,,1,2,1,1.0,6.0
201100038922,0011-05-25 18:00:00,11,5,25,18,0,670,365,"37, MARECHAL FOCH (RUE D",,,Plein jour,En agglomération,Intersection en T,Normale,Autre collision,,,,,,,,,,,1,2,3,1.0,6.0
201100038923,0011-05-25 18:30:00,11,5,25,18,30,670,204,"00, DURANCE (RUE DE LA)",,,Crépuscule ou aube,En agglomération,Giratoire,Normale,Deux véhicules - côté,,,,,,,,,,,2,2,6,1.0,3.0
201100038924,0011-05-25 18:50:00,11,5,25,18,50,670,43,"00, ATOME (RUE DE L )",,,Plein jour,En agglomération,Intersection en X,Normale,Deux véhicules - côté,,,,,,,,,,,1,2,2,1.0,3.0
201100038925,0011-05-25 19:20:00,11,5,25,19,20,670,482,"0, GENERAL KOENIG (QUAI",,,Plein jour,En agglomération,Hors intersection,Normale,Autre collision,,,,,,,,,,,1,2,1,1.0,6.0
201100038926,0011-05-27 13:20:00,11,5,27,13,20,670,447,"0, BISCHWILLER (ROUTE DE",,,Plein jour,En agglomération,Hors intersection,Normale,Autre collision,,,,,,,,,,,1,2,1,1.0,6.0
201100038927,0011-05-27 19:50:00,11,5,27,19,50,670,482,"0, SCHIRMECK (ROUTE DE)",,,Plein jour,En agglomération,Intersection en T,Normale,Trois véhicules et plus - en chaîne,,,,,,,,,,,1,2,3,1.0,4.0
201100038928,0011-05-30 09:30:00,11,5,30,9,30,670,482,"0, JACOUTOT (QUAI)",,,Plein jour,En agglomération,Intersection en T,Normale,Deux véhicules - côté,,,,,,,,,,,1,2,3,1.0,3.0
201100038929,0011-05-30 12:10:00,11,5,30,12,10,670,482,"0, RHIN (ROUTE DU)",,,Plein jour,En agglomération,Intersection en X,Normale,Deux véhicules - côté,,,,,,,,,,,1,2,2,1.0,3.0
201100038930,0011-05-30 12:30:00,11,5,30,12,30,670,482,"0, CHARLES PEGUY (RUE)",,,Plein jour,En agglomération,Hors intersection,Normale,Deux véhicules - côté,,,,,,,,,,,1,2,1,1.0,3.0
201100038931,0011-05-30 14:06:00,11,5,30,14,6,670,482,"0, FORET NOIRE (AVENUE D",,,Plein jour,En agglomération,Hors intersection,Normale,Autre collision,,,,,,,,,,,1,2,1,1.0,6.0
201100038932,0011-05-30 17:30:00,11,5,30,17,30,670,482,"0, SEBASTOPOL (RUE DE)",,,Plein jour,En agglomération,Hors intersection,Normale,Autre collision,,,,,,,,,,,1,2,1,1.0,6.0
201100038933,0011-05-30 23:10:00,11,5,30,23,10,670,482,"0, ORCHIDEES (RUE DES)",,,Nuit avec éclairage allumé,En agglomération,Intersection en X,Normale,Deux véhicules - côté,,,,,,,,,,,5,2,2,1.0,3.0
201100038934,0011-05-31 02:20:00,11,5,31,2,20,670,267,"0, SCHUMAN (AVENUE)",,,Nuit avec éclairage allumé,En agglomération,Hors intersection,Normale,Autre collision,,,,,,,,,,,5,2,1,1.0,6.0
201100038935,0011-05-31 08:50:00,11,5,31,8,50,670,482,"14, LANDSBERG (RUE DU)",,,Plein jour,En agglomération,Hors intersection,Normale,Autre collision,,,,,,,,,,,1,2,1,1.0,6.0
201100038936,0011-05-31 13:00:00,11,5,31,13,0,670,482,"00, KOENIGSHOFFEN (RUE D",,,Plein jour,En agglomération,Hors intersection,Pluie légère,Autre collision,,,,,,,,,,,1,2,1,2.0,6.0
201100038937,0011-06-01 09:20:00,11,6,1,9,20,670,482,"00, FORET NOIRE (AVENUE",,,Plein jour,En agglomération,Intersection en X,Normale,Deux véhicules - côté,,,,,,,,,,,1,2,2,1.0,3.0
201100038938,0011-06-01 19:09:00,11,6,1,19,9,670,482,"28, AUGUSTIN FRESNEL (RU",,,Plein jour,En agglomération,Hors intersection,Normale,Deux véhicules - côté,,,,,,,,,,,1,2,1,1.0,3.0
201100038939,0011-06-02 20:45:00,11,6,2,20,45,670,267,"0, ALFRED KASTLER (RUE)",,,Plein jour,En agglomération,Intersection en X,Normale,Autre collision,,,,,,,,,,,1,2,2,1.0,6.0
201100038940,0011-06-03 09:00:00,11,6,3,9,0,670,482,"0, WISSEMBOURG (RUE DE)",,,Plein jour,En agglomération,Intersection à plus de 4 branches,Normale,Deux véhicules - côté,,,,,,,,,,,1,2,5,1.0,3.0
201100038941,0011-06-03 20:50:00,11,6,3,20,50,670,482,"0, RIBEAUVILLE (RUE DE)",,,Crépuscule ou aube,En agglomération,Intersection en X,Normale,Deux véhicules - côté,,,,,,,,,,,2,2,2,1.0,3.0
201100038942,0011-06-03 21:45:00,11,6,3,21,45,670,482,"143, SCHIRMECK (ROUTE DE",,,Nuit avec éclairage allumé,En agglomération,Intersection en T,Normale,Autre collision,,,,,,,,,,,5,2,3,1.0,6.0
201100038943,0011-06-06 13:40:00,11,6,6,13,40,670,482,"0, ANVERS (BOULEVARD D )",,,Plein jour,En agglomération,Intersection en X,Normale,Deux véhicules - côté,,,,,,,,,,,1,2,2,1.0,3.0
201100038944,0011-06-06 14:30:00,11,6,6,14,30,670,482,"9, BEULENWOERTH (CHEMIN",,,Plein jour,En agglomération,Hors intersection,Normale,Deux véhicules - arrière,,,,,,,,,,,1,2,1,1.0,2.0
201100038945,0011-06-06 18:00:00,11,6,6,18,0,670,482,"28, AUGUSTIN FRESNEL (RU",,,Plein jour,En agglomération,Hors intersection,Normale,Deux véhicules - côté,,,,,,,,,,,1,2,1,1.0,3.0
201100038946,0011-06-06 18:10:00,11,6,6,18,10,670,482,"24, SAINT NICOLAS (QUAI)",,,Plein jour,En agglomération,Hors intersection,Normale,Autre collision,,,,,,,,,,,1,2,1,1.0,6.0
201100038947,0011-06-07 13:55:00,11,6,7,13,55,670,447,"00, GENERAL DE GAULLE (R",,,Plein jour,En agglomération,Hors intersection,Normale,Autre collision,,,,,,,,,,,1,2,1,1.0,6.0
201100038948,0011-06-07 15:20:00,11,6,7,15,20,670,204,"00, MARECHAL LECLERC (RU",,,Plein jour,En agglomération,Hors intersection,Normale,Deux véhicules - côté,,,,,,,,,,,1,2,1,1.0,3.0
201100038949,0011-06-07 20:50:00,11,6,7,20,50,670,204,"00, REPUBLIQUE (RUE DE L",,,Crépuscule ou aube,En agglomération,Intersection en T,Pluie légère,Deux véhicules - côté,,,,,,,,,,,2,2,3,2.0,3.0
201100038950,0011-06-08 17:34:00,11,6,8,17,34,670,482,"0, RACINE (AVENUE)",,,Plein jour,En agglomération,Intersection en T,Normale,Deux véhicules - arrière,,,,,,,,,,,1,2,3,1.0,2.0
201100038951,0011-06-08 19:30:00,11,6,8,19,30,670,482,"0, SCHUTZENBERGER (AVENU",,,Plein jour,En agglomération,Intersection en T,Normale,Autre collision,,,,,,,,,,,1,2,3,1.0,6.0
201100038952,0011-06-08 14:00:00,11,6,8,14,0,670,482,"0, ROETHIG (RUE DU)",,,Plein jour,En agglomération,Hors intersection,Normale,Autre collision,,,,,,,,,,,1,2,1,1.0,6.0
201100038953,0011-06-09 09:50:00,11,6,9,9,50,670,218,"2, STRASBOURG (ROUTE DE)",,,Plein jour,En agglomération,Hors intersection,Normale,Autre collision,,,,,,,,,,,1,2,1,1.0,6.0
201100038954,0011-06-10 11:20:00,11,6,10,11,20,670,482,"46, GRANDES ARCADES (RUE",,,Plein jour,En agglomération,Hors intersection,Normale,Autre collision,,,,,,,,,,,1,2,1,1.0,6.0
201100038955,0011-06-10 13:35:00,11,6,10,13,35,670,482,"195, MITTELHAUSBERGEN (R",,,Plein jour,En agglomération,Hors intersection,Normale,Deux véhicules - arrière,,,,,,,,,,,1,2,1,1.0,2.0
201100038956,0011-06-11 14:45:00,11,6,11,14,45,670,204,"0, FLECKENSTEIN (RUE DU)",,,Plein jour,En agglomération,Intersection en X,Normale,Deux véhicules - côté,,,,,,,,,,,1,2,2,1.0,3.0
201100038957,0011-06-11 18:25:00,11,6,11,18,25,670,482,"18, SAINT JOSEPH (RUE)",,,Plein jour,En agglomération,Hors intersection,Normale,Autre collision,,,,,,,,,,,1,2,1,1.0,6.0
201100038958,0011-06-13 14:30:00,11,6,13,14,30,670,482,"55, RIBEAUVILLE (RUE DE)",,,Plein jour,En agglomération,Hors intersection,Normale,Autre collision,,,,,,,,,,,1,2,1,1.0,6.0
201100038959,0011-06-13 16:50:00,11,6,13,16,50,670,267,"0, HOLTZHEIM (RUE DE)",,,Plein jour,En agglomération,Hors intersection,Normale,Autre collision,,,,,,,,,,,1,2,1,1.0,6.0
201100038960,0011-06-14 07:30:00,11,6,14,7,30,670,482,"0, SCHUTZENBERGER (AVENU",,,Plein jour,En agglomération,Intersection à plus de 4 branches,Normale,Deux véhicules - côté,,,,,,,,,,,1,2,5,1.0,3.0
201100038961,0011-06-14 11:10:00,11,6,14,11,10,670,267,"25, MARECHAL FOCH (RUE D",,,Plein jour,En agglomération,Hors intersection,Normale,Deux véhicules - côté,,,,,,,,,,,1,2,1,1.0,3.0
201100038962,0011-06-14 16:30:00,11,6,14,16,30,670,482,"00, VOSGES (AVENUE DES)",,,Plein jour,En agglomération,Intersection en X,Normale,Deux véhicules - côté,,,,,,,,,,,1,2,2,1.0,3.0
201100038963,0011-06-14 20:50:00,11,6,14,20,50,670,482,"0, SAALES (RUE DE)",,,Plein jour,En agglomération,Hors intersection,Normale,Deux véhicules - frontale,,,,,,,,,,,1,2,1,1.0,1.0
201100038964,0011-06-14 23:00:00,11,6,14,23,0,670,482,"89, ROMAINS (ROUTE DES)",,,Nuit avec éclairage non allumé,En agglomération,Hors intersection,Normale,Deux véhicules - côté,,,,,,,,,,,4,2,1,1.0,3.0
201100038965,0011-06-15 12:39:00,11,6,15,12,39,670,482,"00, WACKEN (RUE DU)",,,Plein jour,En agglomération,Hors intersection,Normale,Deux véhicules - arrière,,,,,,,,,,,1,2,1,1.0,2.0
201100038966,0011-06-16 12:50:00,11,6,16,12,50,670,43,"1, MARAIS (RUE DU)",,,Plein jour,En agglomération,Hors intersection,Normale,Deux véhicules - côté,,,,,,,,,,,1,2,1,1.0,3.0
201100038967,0011-06-21 21:45:00,11,6,21,21,45,670,482,"00, INDRE (RUE DE L )",,,Plein jour,En agglomération,Hors intersection,Normale,Deux véhicules - côté,,,,,,,,,,,1,2,1,1.0,3.0
201100038968,0011-06-23 08:35:00,11,6,23,8,35,670,482,BRUMATH (ROUTE DE),,,Plein jour,En agglomération,Place,Normale,Deux véhicules - côté,,,,,,,,,,,1,2,7,1.0,3.0
201100038969,0011-06-23 08:15:00,11,6,23,8,15,670,482,"16, FINKWILLER (RUE)",,,Plein jour,En agglomération,Hors intersection,Normale,Autre collision,,,,,,,,,,,1,2,1,1.0,6.0
201100038970,0011-06-23 19:00:00,11,6,23,19,0,670,482,"0, BAN DE LA ROCHE (RUE",,,Plein jour,En agglomération,Intersection en T,Normale,Deux véhicules - côté,,,,,,,,,,,1,2,3,1.0,3.0
201100038971,0011-06-23 21:08:00,11,6,23,21,8,670,43,"0, ROBERT KIEFFER (RUE)",,,Crépuscule ou aube,En agglomération,Intersection en X,Temps couvert,Deux véhicules - côté,,,,,,,,,,,2,2,2,8.0,3.0
201100038972,0011-06-24 12:40:00,11,6,24,12,40,670,43,"74, BISCHWILLER (ROUTE D",,,Plein jour,En agglomération,Hors intersection,Temps éblouissant,Deux véhicules - côté,,,,,,,,,,,1,2,1,7.0,3.0
201100038973,0011-06-24 16:25:00,11,6,24,16,25,670,482,"13, BOUCHERS (RUE DES)",,,Plein jour,En agglomération,Hors intersection,Normale,Deux véhicules - arrière,,,,,,,,,,,1,2,1,1.0,2.0
201100038974,0011-06-24 21:40:00,11,6,24,21,40,670,482,"0, VEAUX (RUE DES)",,,Crépuscule ou aube,En agglomération,Intersection en T,Normale,Deux véhicules - côté,,,,,,,,,,,2,2,3,1.0,3.0
201100038975,0011-06-25 10:40:00,11,6,25,10,40,670,482,"0, VIRGILE (RUE)",,,Plein jour,En agglomération,Intersection en X,Normale,Deux véhicules - côté,,,,,,,,,,,1,2,2,1.0,3.0
201100038976,0011-06-26 18:59:00,11,6,26,18,59,670,482,"0, OBERHAUSBERGEN (ROUTE",,,Plein jour,En agglomération,Intersection en X,Normale,Deux véhicules - côté,,,,,,,,,,,1,2,2,1.0,3.0
201100038977,0011-06-27 19:45:00,11,6,27,19,45,670,43,"0, ROBERTSAU (RUE DE LA)",,,Plein jour,En agglomération,Intersection en T,Normale,Deux véhicules - côté,,,,,,,,,,,1,2,3,1.0,3.0
201100038978,0011-06-28 14:25:00,11,6,28,14,25,670,218,"00, ALFRED KASTLER (ROUT",,,Plein jour,En agglomération,Hors intersection,Normale,Deux véhicules - frontale,,,,,,,,,,,1,2,1,1.0,1.0
201100038979,0011-06-29 14:00:00,11,6,29,14,0,670,482,"00, PORT DU RHIN (RUE DU",,,Plein jour,En agglomération,Intersection en T,Pluie légère,Sans collision,,,,,,,,,,,1,2,3,2.0,7.0
201100038980,0011-06-29 17:25:00,11,6,29,17,25,670,482,"00, PAUL VERLAINE (RUE)",,,Plein jour,En agglomération,Hors intersection,Pluie forte,Autre collision,,,,,,,,,,,1,2,1,3.0,6.0
201100038981,0011-06-30 19:40:00,11,6,30,19,40,670,482,"5, HOLTZHEIM (RUE DE)",,,Plein jour,En agglomération,Hors intersection,Normale,Deux véhicules - arrière,,,,,,,,,,,1,2,1,1.0,2.0
201100038982,0011-07-01 12:10:00,11,7,1,12,10,670,482,"0, OBERHAUSBERGEN (ROUTE",,,Plein jour,En agglomération,Intersection en X,Normale,Deux véhicules - côté,,,,,,,,,,,1,2,2,1.0,3.0
201100038983,0011-07-01 13:30:00,11,7,1,13,30,670,482,"37, MITTELHAUSBERGEN (RO",,,Plein jour,En agglomération,Hors intersection,Normale,Autre collision,,,,,,,,,,,1,2,1,1.0,6.0
201100038984,0011-07-01 17:45:00,11,7,1,17,45,670,482,"4, GENERAL KOENIG (QUAI",,,Plein jour,En agglomération,Hors intersection,Normale,Autre collision,,,,,,,,,,,1,2,1,1.0,6.0
201100038985,0011-07-01 17:55:00,11,7,1,17,55,670,267,"0, MOLSHEIM (RUE DE)",,,Plein jour,En agglomération,Hors intersection,Normale,Deux véhicules - côté,,,,,,,,,,,1,2,1,1.0,3.0
201100038986,0011-07-03 19:15:00,11,7,3,19,15,670,218,"0, ALFRED KASTLER (ROUTE",,,Plein jour,En agglomération,Intersection en T,Normale,Deux véhicules - arrière,,,,,,,,,,,1,2,3,1.0,2.0
201100038987,0011-07-04 16:25:00,11,7,4,16,25,670,482,"0, ROME (RUE DE)",,,Plein jour,En agglomération,Hors intersection,Normale,Deux véhicules - côté,,,,,,,,,,,1,2,1,1.0,3.0
201100038988,0011-07-05 11:25:00,11,7,5,11,25,670,482,"276, COLMAR (AVENUE DE)",,,Plein jour,En agglomération,Hors intersection,Normale,Autre collision,,,,,,,,,,,1,2,1,1.0,6.0
201100038989,0011-07-05 12:25:00,11,7,5,12,25,670,447,"0, PIERRE MENDES FRANCE",,,Plein jour,En agglomération,Hors intersection,Normale,Deux véhicules - arrière,,,,,,,,,,,1,2,1,1.0,2.0
201100038990,0011-07-05 13:25:00,11,7,5,13,25,670,482,"00, PONT DE L EUROPE (AV",,,Plein jour,En agglomération,Hors intersection,Normale,Deux véhicules - côté,,,,,,,,,,,1,2,1,1.0,3.0
201100038991,0011-07-05 15:40:00,11,7,5,15,40,670,447,"0, PIERRE MENDES FRANCE",,,Plein jour,En agglomération,Hors intersection,Normale,Autre collision,,,,,,,,,,,1,2,1,1.0,6.0
201100038992,0011-07-05 23:00:00,11,7,5,23,0,670,482,RHIN (ROUTE DU),,,Nuit avec éclairage allumé,En agglomération,Hors intersection,Normale,Trois véhicules et plus - collisions multiples,,,,,,,,,,,5,2,1,1.0,5.0
201100038993,0011-07-06 22:15:00,11,7,6,22,15,670,267,"25, OSTWALD (RUE D )",,,Nuit avec éclairage allumé,En agglomération,Hors intersection,Normale,Autre collision,,,,,,,,,,,5,2,1,1.0,6.0
201100038994,0011-07-07 16:35:00,11,7,7,16,35,670,482,"0, KRUTENAU (RUE DE LA)",,,Plein jour,En agglomération,Intersection en T,Pluie légère,Deux véhicules - côté,,,,,,,,,,,1,2,3,2.0,3.0
201100038995,0011-07-07 17:45:00,11,7,7,17,45,670,482,"18, JEAN GOEFFROY CONRAT",,,Plein jour,En agglomération,Hors intersection,Pluie forte,Deux véhicules - arrière,,,,,,,,,,,1,2,1,3.0,2.0