accident_id,datetime,annee,mois,jour,heure,minute,departement,commune_insee,adresse,latitude,longitude,luminosite,agglomeration,intersection,meteo,collision,nb_vehicules,nb_usagers,nb_indemnes,nb_tues,nb_blesses_hosp,nb_blesses_legers,age_cond_1,age_cond_2,veh_type_cond_1,veh_type_cond_2,lum_code,agg_code,int_code,atm_code,col_code
201100039122,0011-10-06 19:30:00,11,10,6,19,30,670,482,"31, RATHSAMHAUSEN (RUE D",,,Nuit avec éclairage allumé,En agglomération,Intersection en T,Pluie forte,Deux véhicules - côté,,,,,,,,,,,5,2,3,3.0,3.0
201100039123,0011-10-07 01:35:00,11,10,7,1,35,670,482,"00, UNTERELSAU (RUE DE L",,,Nuit avec éclairage allumé,En agglomération,Intersection en X,Normale,Deux véhicules - côté,,,,,,,,,,,5,2,2,1.0,3.0
201100039124,0011-10-07 12:20:00,11,10,7,12,20,670,447,"5, PAIX (RUE DE LA)",,,Plein jour,En agglomération,Hors intersection,Normale,Trois véhicules et plus - en chaîne,,,,,,,,,,,1,2,1,1.0,4.0
201100039125,0011-10-08 11:20:00,11,10,8,11,20,670,482,"0, LAUSANNE (RUE DE)",,,Plein jour,En agglomération,Hors intersection,Temps couvert,Autre collision,,,,,,,,,,,1,2,1,8.0,6.0
201100039126,0011-10-10 07:40:00,11,10,10,7,40,670,43,"0, PERIGUEUX (AVENUE DE)",,,Plein jour,En agglomération,Hors intersection,Temps couvert,Autre collision,,,,,,,,,,,1,2,1,8.0,6.0
201100039127,0011-10-10 18:50:00,11,10,10,18,50,670,482,GEORGES WODLI (RUE),,,Plein jour,En agglomération,Hors intersection,Normale,Deux véhicules - côté,,,,,,,,,,,1,2,1,1.0,3.0
201100039128,0011-10-11 08:25:00,11,10,11,8,25,670,482,"0, LYON (BOULEVARD DE)",,,Plein jour,En agglomération,Intersection en X,Normale,Autre collision,,,,,,,,,,,1,2,2,1.0,6.0
201100039129,0011-10-11 17:00:00,11,10,11,17,0,670,482,"00, NEUHOF (ROUTE)",,,Plein jour,En agglomération,Hors intersection,Normale,Deux véhicules - côté,,,,,,,,,,,1,2,1,1.0,3.0
201100039130,0011-10-12 11:05:00,11,10,12,11,5,670,482,"00, SCHIRMECK (ROUTE DE)",,,Plein jour,En agglomération,Hors intersection,Normale,Deux véhicules - arrière,,,,,,,,,,,1,2,1,1.0,2.0
201100039131,0011-10-17 11:25:00,11,10,17,11,25,670,482,"00, VICTOIRE (BOULEVARD",,,Plein jour,En agglomération,Hors intersection,Normale,Autre collision,,,,,,,,,,,1,2,1,1.0,6.0
201100039132,0011-10-14 23:10:00,11,10,14,23,10,670,482,"00, PAUL RISTELHUBER (RU",,,Nuit avec éclairage allumé,En agglomération,Intersection en T,Normale,Sans collision,,,,,,,,,,,5,2,3,1.0,7.0
201100039133,0011-10-15 11:40:00,11,10,15,11,40,670,482,"213, MITTELHAUSBERGEN (R",,,Plein jour,En agglomération,Hors intersection,Normale,Deux véhicules - arrière,,,,,,,,,,,1,2,1,1.0,2.0
201100039134,0011-10-16 14:35:00,11,10,16,14,35,670,482,"0, RACINE (AVENUE)",,,Plein jour,En agglomération,Intersection en Y,Normale,Autre collision,,,,,,,,,,,1,2,4,1.0,6.0
201100039135,0011-10-16 16:15:00,11,10,16,16,15,670,482,"00, MONTAGNE VERTE (RUE",,,Plein jour,En agglomération,Intersection en X,Normale,Deux véhicules - côté,,,,,,,,,,,1,2,2,1.0,3.0
201100039136,0011-10-17 20:10:00,11,10,17,20,10,670,482,"62, SCHIRMECK (ROUTE DE)",,,Nuit avec éclairage allumé,En agglomération,Hors intersection,Normale,Autre collision,,,,,,,,,,,5,2,1,1.0,6.0
201100039137,0011-10-18 08:00:00,11,10,18,8,0,670,482,"15, ALSACE (AVENUE D )",,,Plein jour,En agglomération,Hors intersection,Normale,Deux véhicules - côté,,,,,,,,,,,1,2,1,1.0,3.0
201100039138,0011-10-18 11:10:00,11,10,18,11,10,670,482,"0, SCHIRMECK (ROUTE DE)",,,Plein jour,En agglomération,Intersection en T,Normale,Deux véhicules - arrière,,,,,,,,,,,1,2,3,1.0,2.0
201100039139,0011-10-18 15:00:00,11,10,18,15,0,670,482,"5, FORGET (RUE)",,,Plein jour,En agglomération,Hors intersection,Normale,Autre collision,,,,,,,,,,,1,2,1,1.0,6.0
201100039140,0011-10-18 16:25:00,11,10,18,16,25,670,482,"4, SCHACH (RUE)",,,Plein jour,En agglomération,Hors intersection,Normale,Autre collision,,,,,,,,,,,1,2,1,1.0,6.0
201100039141,0011-10-19 16:52:00,11,10,19,16,52,670,482,"0, ALPES (QUAI DES)",,,Plein jour,En agglomération,Intersection en X,Normale,Deux véhicules - côté,,,,,,,,,,,1,2,2,1.0,3.0
201100039142,0011-10-19 23:25:00,11,10,19,23,25,670,43,"0, DIGUE (CHEMIN DE LA)",,,Nuit avec éclairage allumé,En agglomération,Hors intersection,Normale,Sans collision,,,,,,,,,,,5,2,1,1.0,7.0
201100039143,0011-10-20 06:40:00,11,10,20,6,40,670,482,"0, ALFRED KASTLER (RUE)",,,Nuit sans éclairage public,En agglomération,Giratoire,Brouillard / fumée,Autre collision,,,,,,,,,,,3,2,6,5.0,6.0
201100039144,0011-10-20 09:50:00,11,10,20,9,50,670,482,"0, RHIN (ROUTE DU)",,,Plein jour,En agglomération,Intersection en T,Normale,Deux véhicules - côté,,,,,,,,,,,1,2,3,1.0,3.0
201100039145,0011-10-21 14:40:00,11,10,21,14,40,670,365,"00, 23 NOVEMBRE (RUE DU)",,,Plein jour,En agglomération,Intersection en T,Normale,Deux véhicules - côté,,,,,,,,,,,1,2,3,1.0,3.0
201100039146,0011-10-22 02:20:00,11,10,22,2,20,670,482,"000, BOECKLIN (RUE)",,,Nuit avec éclairage allumé,En agglomération,Hors intersection,Brouillard / fumée,Sans collision,,,,,,,,,,,5,2,1,5.0,7.0
201100039147,0011-10-23 02:35:00,11,10,23,2,35,670,482,RHIN (ROUTE DU),,,Nuit avec éclairage allumé,En agglomération,Intersection en Y,Normale,Trois véhicules et plus - en chaîne,,,,,,,,,,,5,2,4,1.0,4.0
201100039148,0011-10-24 07:55:00,11,10,24,7,55,670,482,"00, LOUIS PASTEUR (QUAI)",,,Plein jour,En agglomération,Intersection en X,Brouillard / fumée,Deux véhicules - côté,,,,,,,,,,,1,2,2,5.0,3.0
201100039149,0011-10-25 13:10:00,11,10,25,13,10,670,482,"0, EUROPE (AVENUE DE L )",,,Plein jour,En agglomération,Hors intersection,Normale,Deux véhicules - arrière,,,,,,,,,,,1,2,1,1.0,2.0
201100039150,0011-10-25 22:55:00,11,10,25,22,55,670,482,"0, NANCY (BOULEVARD DE)",,,Plein jour,En agglomération,Intersection en X,Normale,Deux véhicules - côté,,,,,,,,,,,1,2,2,1.0,3.0
201100039151,0011-10-26 09:45:00,11,10,26,9,45,670,482,"02, LOESS (RUE DU)",,,Plein jour,En agglomération,Hors intersection,Normale,Deux véhicules - côté,,,,,,,,,,,1,2,1,1.0,3.0
201100039152,0011-10-26 17:25:00,11,10,26,17,25,670,482,"71, BOECKLIN (RUE)",,,Plein jour,En agglomération,Hors intersection,Temps éblouissant,Autre collision,,,,,,,,,,,1,2,1,7.0,6.0
201100039153,0011-10-26 17:56:00,11,10,26,17,56,670,43,"0, ENERGIE (RUE DE L )",,,Plein jour,En agglomération,Intersection en X,Temps éblouissant,Deux véhicules - côté,,,,,,,,,,,1,2,2,7.0,3.0
201100039154,0011-10-28 16:00:00,11,10,28,16,0,670,482,"15, ALSACE (AVENUE D )",,,Plein jour,En agglomération,Hors intersection,Normale,Autre collision,,,,,,,,,,,1,2,1,1.0,6.0
201100039155,0011-10-29 12:50:00,11,10,29,12,50,670,482,", MITTELHAUSBERGEN (ROUT",,,Plein jour,En agglomération,Intersection en T,Normale,Deux véhicules - côté,,,,,,,,,,,1,2,3,1.0,3.0
201100039156,0011-10-30 18:00:00,11,10,30,18,0,670,482,"00, SCHAFHARDT (ROUTE DE",,,Nuit sans éclairage public,Hors agglomération,Hors intersection,Normale,Sans collision,,,,,,,,,,,3,1,1,1.0,7.0
201100039157,0011-10-31 22:18:00,11,10,31,22,18,670,482,"0, RHIN NAPOLEON (RUE DU",,,Nuit avec éclairage allumé,En agglomération,Hors intersection,Normale,Deux véhicules - frontale,,,,,,,,,,,5,2,1,1.0,1.0
201100039158,0011-11-02 14:35:00,11,11,2,14,35,670,482,"6, ORBEY (RUE D )",,,Plein jour,En agglomération,Hors intersection,Normale,Autre collision,,,,,,,,,,,1,2,1,1.0,6.0
201100039159,0011-11-02 15:15:00,11,11,2,15,15,670,482,"38, MOLSHEIM (RUE DE)",,,Plein jour,En agglomération,Hors intersection,Normale,Autre collision,,,,,,,,,,,1,2,1,1.0,6.0
201100039160,0011-11-02 19:00:00,11,11,2,19,0,670,482,"00, RATHSAMHAUSEN (RUE D",,,Nuit avec éclairage allumé,En agglomération,Intersection en T,Normale,Autre collision,,,,,,,,,,,5,2,3,1.0,6.0
201100039161,0011-11-02 18:00:00,11,11,2,18,0,670,482,"0, ALSACE (AVENUE D )",,,Nuit avec éclairage allumé,En agglomération,Hors intersection,Normale,Autre collision,,,,,,,,,,,5,2,1,1.0,6.0
201100039162,0011-11-04 17:30:00,11,11,4,17,30,670,482,"0, SCHIRMECK (ROUTE DE)",,,Crépuscule ou aube,En agglomération,Intersection en T,Normale,Deux véhicules - côté,,,,,,,,,,,2,2,3,1.0,3.0
201100039163,0011-11-04 19:40:00,11,11,4,19,40,670,482,"98, POLYGONE (ROUTE DU)",,,Nuit avec éclairage allumé,En agglomération,Hors intersection,Normale,Deux véhicules - côté,,,,,,,,,,,5,2,1,1.0,3.0
201100039164,0011-11-05 11:40:00,11,11,5,11,40,670,365,"00, 23 NOVEMBRE (RUE DU)",,,Plein jour,En agglomération,Hors intersection,Normale,Deux véhicules - côté,,,,,,,,,,,1,2,1,1.0,3.0
201100039165,0011-11-05 12:00:00,11,11,5,12,0,670,482,"00, MAIRE DIETRICH (QUAI",,,Plein jour,En agglomération,Hors intersection,Normale,Autre collision,,,,,,,,,,,1,2,1,1.0,6.0
201100039166,0011-11-05 12:50:00,11,11,5,12,50,670,482,"00, BRUMATH (ROUTE DE)",,,Plein jour,En agglomération,Hors intersection,Normale,Deux véhicules - frontale,,,,,,,,,,,1,2,1,1.0,1.0
201100039167,0011-11-06 13:10:00,11,11,6,13,10,670,482,"25, FRAN?OIS MITTERRAND",,,Plein jour,En agglomération,Hors intersection,Normale,Deux véhicules - côté,,,,,,,,,,,1,2,1,1.0,3.0
201100039168,0011-11-07 10:40:00,11,11,7,10,40,670,365,"5, NICOLAS COPERNIC",,,Plein jour,En agglomération,Hors intersection,Normale,Sans collision,,,,,,,,,,,1,2,1,1.0,7.0
201100039169,0011-11-07 10:40:00,11,11,7,10,40,670,482,"00, REUSS (ALLEE)",,,Plein jour,En agglomération,Intersection en X,Normale,Deux véhicules - côté,,,,,,,,,,,1,2,2,1.0,3.0
201100039170,0011-11-07 16:50:00,11,11,7,16,50,670,482,"187, SCHIRMECK (ROUTE DE",,,Crépuscule ou aube,En agglomération,Hors intersection,Normale,Deux véhicules - arrière,,,,,,,,,,,2,2,1,1.0,2.0
201100039171,0011-11-07 17:05:00,11,11,7,17,5,670,43,"20, PERIGUEUX (AVENUE DE",,,Nuit avec éclairage allumé,En agglomération,Hors intersection,Pluie légère,Autre collision,,,,,,,,,,,5,2,1,2.0,6.0
201100039172,0011-11-08 13:40:00,11,11,8,13,40,670,482,"00, STIMMER (RUE)",,,Plein jour,En agglomération,Hors intersection,Normale,Autre collision,,,,,,,,,,,1,2,1,1.0,6.0
201100039173,0011-11-08 17:20:00,11,11,8,17,20,670,482,"0, SCHAFFHOUSE (RUE DE)",,,Nuit sans éclairage public,En agglomération,Intersection en T,Normale,Autre collision,,,,,,,,,,,3,2,3,1.0,6.0
201100039174,0011-11-08 20:30:00,11,11,8,20,30,670,218,"00, ALFRED KASTLER (ROUT",,,Nuit sans éclairage public,En agglomération,Hors intersection,Brouillard / fumée,Trois véhicules et plus - collisions multiples,,,,,,,,,,,3,2,1,5.0,5.0
201100039175,0011-11-09 19:40:00,11,11,9,19,40,670,482,"0, VIRGILE (RUE)",,,Nuit avec éclairage allumé,En agglomération,Intersection en X,Normale,Deux véhicules - côté,,,,,,,,,,,5,2,2,1.0,3.0
201100039176,0011-11-10 03:55:00,11,11,10,3,55,670,482,"3, CHARLES FREY (QUAI)",,,Nuit avec éclairage allumé,En agglomération,Hors intersection,Normale,Autre collision,,,,,,,,,,,5,2,1,1.0,6.0
201100039177,0011-11-10 17:00:00,11,11,10,17,0,670,482,"79, MITTELHAUSBERGEN (RO",,,Nuit avec éclairage allumé,En agglomération,Intersection en X,Normale,Autre collision,,,,,,,,,,,5,2,2,1.0,6.0
201100039178,0011-11-11 03:15:00,11,11,11,3,15,670,482,"0, MARNE (BOULEVARD DE L",,,Nuit avec éclairage allumé,En agglomération,Intersection en X,Pluie légère,Deux véhicules - côté,,,,,,,,,,,5,2,2,2.0,3.0
201100039179,0011-11-11 04:25:00,11,11,11,4,25,670,482,"00, VOSGES (AVENUE DES)",,,Nuit avec éclairage allumé,En agglomération,Intersection en T,Pluie légère,Deux véhicules - arrière,,,,,,,,,,,5,2,3,2.0,2.0
201100039180,0011-11-11 05:30:00,11,11,11,5,30,670,365,"PV, R.A.BECHAMP/R.KEPLER",,,Nuit avec éclairage allumé,En agglomération,Intersection en Y,Normale,Deux véhicules - frontale,,,,,,,,,,,5,2,4,1.0,1.0
201100039181,0011-11-13 17:30:00,11,11,13,17,30,670,482,"00, RACINE (AVENUE)",,,Plein jour,En agglomération,Intersection en T,Normale,Deux véhicules - côté,,,,,,,,,,,1,2,3,1.0,3.0
201100039182,0011-11-14 20:40:00,11,11,14,20,40,670,447,"00, HERRENSCHMIDT (AVENU",,,Nuit avec éclairage allumé,En agglomération,Intersection en X,Pluie légère,Deux véhicules - côté,,,,,,,,,,,5,2,2,2.0,3.0
201100039183,0011-11-15 11:05:00,11,11,15,11,5,670,482,"15, OBERHAUSBERGEN (ROUT",,,Plein jour,En agglomération,Hors intersection,Normale,Autre collision,,,,,,,,,,,1,2,1,1.0,6.0
201100039184,0011-11-15 11:45:00,11,11,15,11,45,670,43,"1, FOSSE NEUF (RUE DU)",,,Plein jour,En agglomération,Intersection en X,Normale,Autre collision,,,,,,,,,,,1,2,2,1.0,6.0
201100039185,0011-11-16 11:30:00,11,11,16,11,30,670,482,"40, MARNE (BOULEVARD DE",,,Plein jour,En agglomération,Hors intersection,Normale,Autre collision,,,,,,,,,,,1,2,1,1.0,6.0
201100039186,0011-11-16 14:03:00,11,11,16,14,3,670,447,"0, GENERAL DE GAULLE (RO",,,Plein jour,En agglomération,Hors intersection,Normale,Autre collision,,,,,,,,,,,1,2,1,1.0,6.0
201100039187,0011-11-17 03:25:00,11,11,17,3,25,670,482,"0, AIGURANDE (RUE D')",,,Nuit sans éclairage public,En agglomération,Hors intersection,Normale,Autre collision,,,,,,,,,,,3,2,1,1.0,6.0
201100039188,0011-11-17 16:40:00,11,11,17,16,40,670,43,"1, MAGASINS (RUE DES)",,,Crépuscule ou aube,En agglomération,Intersection en T,Normale,Deux véhicules - côté,,,,,,,,,,,2,2,3,1.0,3.0
201100039189,0011-11-18 08:00:00,11,11,18,8,0,670,218,"00, FORT UHRICH (ROUTE D",,,Plein jour,Hors agglomération,Hors intersection,Temps couvert,Sans collision,,,,,,,,,,,1,1,1,8.0,7.0
201100039190,0011-11-18 13:50:00,11,11,18,13,50,670,482,"73, JEAN JAURES (AVENUE)",,,Plein jour,En agglomération,Hors intersection,Normale,Autre collision,,,,,,,,,,,1,2,1,1.0,6.0
201100039191,0011-11-18 22:30:00,11,11,18,22,30,670,204,"46, FRANCOIS MAURIAC (RU",,,Nuit avec éclairage allumé,En agglomération,Hors intersection,Normale,Autre collision,,,,,,,,,,,5,2,1,1.0,6.0
201100039192,0011-11-20 18:00:00,11,11,20,18,0,670,482,"00, PRESIDENT WILSON (BO",,,Nuit avec éclairage allumé,En agglomération,Hors intersection,Normale,Autre collision,,,,,,,,,,,5,2,1,1.0,6.0
201100039193,0011-11-20 18:20:00,11,11,20,18,20,670,482,"0, RHIN (ROUTE DU)",,,Nuit avec éclairage allumé,En agglomération,Intersection en X,Normale,Deux véhicules - côté,,,,,,,,,,,5,2,2,1.0,3.0
201100039194,0011-11-21 15:45:00,11,11,21,15,45,670,482,"3, ALSACE (AVENUE D )",,,Plein jour,En agglomération,Hors intersection,Normale,Autre collision,,,,,,,,,,,1,2,1,1.0,6.0
201100039195,0011-11-22 06:40:00,11,11,22,6,40,670,482,"0, LA WANTZENAU (ROUTE D",,,Crépuscule ou aube,En agglomération,Hors intersection,Brouillard / fumée,Autre collision,,,,,,,,,,,2,2,1,5.0,6.0
201100039196,0011-11-23 15:30:00,11,11,23,15,30,670,482,"0, KOEBERLE (RUE)",,,Plein jour,En agglomération,Hors intersection,Normale,Autre collision,,,,,,,,,,,1,2,1,1.0,6.0
201100039197,0011-11-24 14:15:00,11,11,24,14,15,670,482,CLEMENT (RUE),,,Plein jour,En agglomération,Intersection en X,Temps couvert,Deux véhicules - côté,,,,,,,,,,,1,2,2,8.0,3.0
201100039198,0011-11-25 16:30:00,11,11,25,16,30,670,482,"49, PETITES FERMES (RUE",,,Plein jour,En agglomération,Hors intersection,Normale,Autre collision,,,,,,,,,,,1,2,1,1.0,6.0
201100039199,0011-11-27 20:15:00,11,11,27,20,15,670,482,"0, FUSTEL DE COULANGES (",,,Plein jour,En agglomération,Hors intersection,Normale,Deux véhicules - arrière,,,,,,,,,,,1,2,1,1.0,2.0
201100039200,0011-11-28 09:05:00,11,11,28,9,5,670,482,"41, ROBERTSAU (ALLEE DE",,,Plein jour,En agglomération,Intersection en X,Normale,Sans collision,,,,,,,,,,,1,2,2,1.0,7.0
201100039201,0011-11-28 14:00:00,11,11,28,14,0,670,482,"0, FORET NOIRE (AVENUE D",,,Plein jour,En agglomération,Intersection en X,Normale,Deux véhicules - côté,,,,,,,,,,,1,2,2,1.0,3.0
201100039202,0011-11-29 14:15:00,11,11,29,14,15,670,43,"3, GUIRBADEN (RUE DU)",,,Plein jour,En agglomération,Hors intersection,Normale,Deux véhicules - arrière,,,,,,,,,,,1,2,1,1.0,2.0
201100039203,0011-11-29 18:38:00,11,11,29,18,38,670,267,"64, MARECHAL FOCH (RUE D",,,Nuit avec éclairage allumé,En agglomération,Hors intersection,Normale,Autre collision,,,,,,,,,,,5,2,1,1.0,6.0
201100039204,0011-11-30 10:00:00,11,11,30,10,0,670,482,41 BOULEVARD DE NANCY,,,Plein jour,En agglomération,Hors intersection,Pluie légère,Autre collision,,,,,,,,,,,1,2,1,2.0,6.0
201100039205,0011-11-30 10:20:00,11,11,30,10,20,670,482,"0, LEVRAULT (RUE)",,,Plein jour,En agglomération,Intersection en X,Normale,Autre collision,,,,,,,,,,,1,2,2,1.0,6.0
201100039206,0011-11-30 17:30:00,11,11,30,17,30,670,218,"0, ALFRED KASTLER (ROUTE",,,Nuit avec éclairage non allumé,En agglomération,Hors intersection,Normale,Autre collision,,,,,,,,,,,4,2,1,1.0,6.0
201100039207,0011-12-01 07:50:00,11,12,1,7,50,670,447,"0, GENERAL DE GAULLE (RO",,,Plein jour,En agglomération,Hors intersection,Normale,Deux véhicules - côté,,,,,,,,,,,1,2,1,1.0,3.0
201100039208,0011-12-01 08:20:00,11,12,1,8,20,670,43,"0, NOYER (RUE DU)",,,Plein jour,En agglomération,Intersection en T,Normale,Deux véhicules - côté,,,,,,,,,,,1,2,3,1.0,3.0
201100039209,0011-12-01 12:00:00,11,12,1,12,0,670,267,"0, FLANDRES (RUE DE)",,,Plein jour,En agglomération,Intersection en X,Normale,Deux véhicules - côté,,,,,,,,,,,1,2,2,1.0,3.0
201100039210,0011-12-02 17:45:00,11,12,2,17,45,670,482,"0, ALSACE (AVENUE D )",,,Nuit avec éclairage allumé,En agglomération,Hors intersection,Normale,Autre collision,,,,,,,,,,,5,2,1,1.0,6.0
201100039211,0011-12-03 17:55:00,11,12,3,17,55,670,218,"0, ALBERT SCHWEITZER (RU",,,Plein jour,En agglomération,Intersection en T,Pluie légère,Deux véhicules - côté,,,,,,,,,,,1,2,3,2.0,3.0
201100039212,0011-12-05 07:40:00,11,12,5,7,40,670,482,"0, MITTELHAUSBERGEN (ROU",,,Plein jour,En agglomération,Intersection en T,Normale,Deux véhicules - côté,,,,,,,,,,,1,2,3,1.0,3.0
201100039213,0011-12-05 08:55:00,11,12,5,8,55,670,482,"0, FOSSE DES TREIZE (RUE",,,Plein jour,En agglomération,Intersection en X,Normale,Deux véhicules - côté,,,,,,,,,,,1,2,2,1.0,3.0
201100039214,0011-12-05 09:24:00,11,12,5,9,24,670,482,"0, WALLONIE (RUE DE)",,,Plein jour,En agglomération,Intersection en X,Normale,Deux véhicules - côté,,,,,,,,,,,1,2,2,1.0,3.0
201100039215,0011-12-05 12:10:00,11,12,5,12,10,670,482,"30, MATHIAS GRUNEWALD (R",,,Plein jour,En agglomération,Hors intersection,Pluie légère,Autre collision,,,,,,,,,,,1,2,1,2.0,6.0
201100039216,0011-12-05 13:50:00,11,12,5,13,50,670,482,"4, STOCKHOLM (RUE DE)",,,Plein jour,En agglomération,Hors intersection,Normale,Deux véhicules - côté,,,,,,,,,,,1,2,1,1.0,3.0
201100039217,0011-12-05 16:00:00,11,12,5,16,0,670,447,"1, SAINT CHARLES (RUE)",,,Plein jour,En agglomération,Intersection en T,Normale,Autre collision,,,,,,,,,,,1,2,3,1.0,6.0
201100039218,0011-12-06 09:45:00,11,12,6,9,45,670,482,"0, SELESTAT (RUE DE)",,,Crépuscule ou aube,Hors agglomération,Intersection en X,Pluie légère,Deux véhicules - côté,,,,,,,,,,,2,1,2,2.0,3.0
201100039219,0011-12-06 16:23:00,11,12,6,16,23,670,482,"26, REMPART (RUE DU)",,,Crépuscule ou aube,En agglomération,Hors intersection,Pluie légère,Autre collision,,,,,,,,,,,2,2,1,2.0,6.0
201100039220,0011-12-06 16:20:00,11,12,6,16,20,670,482,"48, PARALLELE (RUE)",,,Nuit avec éclairage allumé,En agglomération,Hors intersection,Pluie légère,Autre collision,,,,,,,,,,,5,2,1,2.0,6.0
201100039221,0011-12-06 16:45:00,11,12,6,16,45,670,482,"10, MOLSHEIM (RUE DE)",,,Crépuscule ou aube,En agglomération,Hors intersection,Pluie légère,Autre collision,,,,,,,,,,,2,2,1,2.0,6.0
201100039222,0011-12-07 08:50:00,11,12,7,8,50,670,482,"00, SAINT JEAN (QUAI)",,,Plein jour,En agglomération,Intersection en X,Pluie légère,Autre collision,,,,,,,,,,,1,2,2,2.0,6.0
201100039223,0011-12-08 19:20:00,11,12,8,19,20,670,482,"0, GEROLDSECK (RUE)",,,Nuit avec éclairage allumé,En agglomération,Intersection en T,Normale,Autre collision,,,,,,,,,,,5,2,3,1.0,6.0
201100039224,0011-12-08 20:15:00,11,12,8,20,15,670,482,"103, SCHIRMECK (ROUTE DE",,,Nuit avec éclairage allumé,En agglomération,Intersection en T,Normale,Autre collision,,,,,,,,,,,5,2,3,1.0,6.0
201100039225,0011-12-09 18:15:00,11,12,9,18,15,670,43,"8, GUIRBADEN (RUE DU)",,,Nuit avec éclairage allumé,En agglomération,Hors intersection,Pluie forte,Deux véhicules - côté,,,,,,,,,,,5,2,1,3.0,3.0
201100039226,0011-12-09 18:45:00,11,12,9,18,45,670,482,"00, POLYGONE (ROUTE DU)",,,Nuit avec éclairage allumé,En agglomération,Intersection en X,Pluie forte,Deux véhicules - côté,,,,,,,,,,,5,2,2,3.0,3.0
201100039227,0011-12-09 19:55:00,11,12,9,19,55,670,482,"0, WACKEN (RUE DU)",,,Nuit avec éclairage allumé,En agglomération,Hors intersection,Pluie forte,Deux véhicules - arrière,,,,,,,,,,,5,2,1,3.0,2.0
201100039228,0011-12-10 21:30:00,11,12,10,21,30,670,365,"0, CHAPELLE (RUE DE LA)",,,Nuit avec éclairage allumé,En agglomération,Intersection en X,Normale,Deux véhicules - côté,,,,,,,,,,,5,2,2,1.0,3.0
201100039229,0011-12-12 16:20:00,11,12,12,16,20,670,482,"0, CHRISTIAN PFISTER (AV",,,Plein jour,En agglomération,Hors intersection,Normale,Deux véhicules - côté,,,,,,,,,,,1,2,1,1.0,3.0
201100039230,0011-12-12 21:45:00,11,12,12,21,45,670,482,"00, RHIN (ROUTE DU)",,,Nuit avec éclairage allumé,En agglomération,Intersection en X,Normale,Deux véhicules - côté,,,,,,,,,,,5,2,2,1.0,3.0
201100039231,0011-12-14 16:00:00,11,12,14,16,0,670,218,"170/172, LYON (RTE DE)",,,Plein jour,En agglomération,Hors intersection,Normale,Autre collision,,,,,,,,,,,1,2,1,1.0,6.0
201100039232,0011-12-15 20:55:00,11,12,15,20,55,670,482,"0, LANDSBERG (RUE DU)",,,Plein jour,En agglomération,Hors intersection,Normale,Autre collision,,,,,,,,,,,1,2,1,1.0,6.0
201100039233,0011-12-16 09:30:00,11,12,16,9,30,670,482,"00, MARCEL PROUST (RUE)",,,Plein jour,En agglomération,Hors intersection,Pluie forte,Deux véhicules - côté,,,,,,,,,,,1,2,1,3.0,3.0
201100039234,0011-12-16 10:40:00,11,12,16,10,40,670,447,"0, FONDEUR (RUE DU)",,,Plein jour,En agglomération,Intersection en X,Vent fort / tempête,Deux véhicules - côté,,,,,,,,,,,1,2,2,6.0,3.0
201100039235,0011-12-16 12:10:00,11,12,16,12,10,670,43,"0, ROBERTSAU (RUE DE LA)",,,Plein jour,En agglomération,Hors intersection,Vent fort / tempête,Autre collision,,,,,,,,,,,1,2,1,6.0,6.0
201100039236,0011-12-17 16:08:00,11,12,17,16,8,670,267,RUE SPORTS / R. TOURAINE,,,Plein jour,En agglomération,Hors intersection,Normale,Trois véhicules et plus - en chaîne,,,,,,,,,,,1,2,1,1.0,4.0
201100039237,0011-12-17 18:18:00,11,12,17,18,18,670,447,"0, HERRENSCHMIDT (AVENUE",,,Nuit avec éclairage allumé,En agglomération,Intersection en X,Normale,Deux véhicules - côté,,,,,,,,,,,5,2,2,1.0,3.0
201100039238,0011-12-20 08:30:00,11,12,20,8,30,670,482,"34, VOSGES (AVENUE DES)",,,Plein jour,En agglomération,Intersection en T,Brouillard / fumée,Deux véhicules - côté,,,,,,,,,,,1,2,3,5.0,3.0
201100039239,0011-12-23 01:00:00,11,12,23,1,0,670,482,"17, MARNE (BOULEVARD DE",,,Nuit avec éclairage allumé,En agglomération,Intersection en X,Temps couvert,Sans collision,,,,,,,,,,,5,2,2,8.0,7.0
201100039240,0011-12-23 02:15:00,11,12,23,2,15,670,482,"00, PECHEURS (QUAI DES)",,,Nuit avec éclairage allumé,En agglomération,Hors intersection,Pluie légère,Deux véhicules - côté,,,,,,,,,,,5,2,1,2.0,3.0
201100039241,0011-12-23 19:40:00,11,12,23,19,40,670,482,"0, MULHOUSE (RUE DE)",,,Nuit avec éclairage allumé,En agglomération,Intersection en X,Normale,Deux véhicules - côté,,,,,,,,,,,5,2,2,1.0,3.0
201100039242,0011-12-28 13:00:00,11,12,28,13,0,670,482,"21, HAVRE (RUE DU)",,,Plein jour,En agglomération,Hors intersection,Normale,Deux véhicules - côté,,,,,,,,,,,1,2,1,1.0,3.0
201100039243,0011-12-28 14:15:00,11,12,28,14,15,670,482,"20, LIVIO (RUE)",,,Plein jour,En agglomération,Hors intersection,Normale,Autre collision,,,,,,,,,,,1,2,1,1.0,6.0
201100039244,0011-12-28 18:25:00,11,12,28,18,25,670,447,"18, PIERRE MENDES FRANCE",,,Nuit avec éclairage allumé,En agglomération,Hors intersection,Normale,Trois véhicules et plus - en chaîne,,,,,,,,,,,5,2,1,1.0,4.0
201100039245,0011-12-28 21:10:00,11,12,28,21,10,670,482,"0, SCHIRMECK (ROUTE DE)",,,Nuit avec éclairage allumé,En agglomération,Intersection en X,Normale,Deux véhicules - côté,,,,,,,,,,,5,2,2,1.0,3.0