accident_id,datetime,annee,mois,jour,heure,minute,departement,commune_insee,adresse,latitude,longitude,luminosite,agglomeration,intersection,meteo,collision,nb_vehicules,nb_usagers,nb_indemnes,nb_tues,nb_blesses_hosp,nb_blesses_legers,age_cond_1,age_cond_2,veh_type_cond_1,veh_type_cond_2,lum_code,agg_code,int_code,atm_code,col_code
201100039365,0011-04-30 18:40:00,11,4,30,18,40,680,224,"134, SCHUMAN (AVENUE ROB",47.7567,7.34854,Plein jour,En agglomération,Hors intersection,Normale,Deux véhicules - côté,,,,,,,,,,,1,2,1,1.0,3.0
201100039366,0011-05-07 14:20:00,11,5,7,14,20,680,224,"9, CERF (RUE DU)",47.74983,7.32851,Plein jour,En agglomération,Intersection en X,Normale,Autre collision,,,,,,,,,,,1,2,2,1.0,6.0
201100039367,0011-05-10 10:10:00,11,5,10,10,10,680,224,"24, MOSELLE (RUE DE LA)",47.74901,7.34095,Plein jour,En agglomération,Hors intersection,Normale,Autre collision,,,,,,,,,,,1,2,1,1.0,6.0
201100039368,0011-05-17 08:57:00,11,5,17,8,57,680,224,"15, DUNKERQUE (RUE DE)",47.77616,7.31822,Plein jour,En agglomération,Hors intersection,Normale,Deux véhicules - frontale,,,,,,,,,,,1,2,1,1.0,1.0
201100039369,0011-05-13 08:10:00,11,5,13,8,10,680,224,GANDER (RUE LUCIEN),47.74652,7.32711,Plein jour,En agglomération,Autre intersection,Normale,Autre collision,,,,,,,,,,,1,2,9,1.0,6.0
201100039370,0011-05-15 17:00:00,11,5,15,17,0,680,56,"320, ALTKIRCH (AVENUE D'",47.72532,7.32009,Plein jour,En agglomération,Hors intersection,Normale,Deux véhicules - arrière,,,,,,,,,,,1,2,1,1.0,2.0
201100039371,0011-05-30 15:35:00,11,5,30,15,35,680,224,"35, JUIN (AVENUE ALPHONS",47.75436,7.35318,Plein jour,En agglomération,Hors intersection,Normale,Deux véhicules - côté,,,,,,,,,,,1,2,1,1.0,3.0
201100039372,0011-05-30 17:45:00,11,5,30,17,45,680,224,"183, ROMAINS (RUE DES)",47.77678,7.33027,Plein jour,En agglomération,Hors intersection,Normale,Deux véhicules - côté,,,,,,,,,,,1,2,1,1.0,3.0
201100039373,0011-05-31 10:40:00,11,5,31,10,40,680,224,BOURTZWILLER (PONT DE),47.76446,7.32408,Plein jour,En agglomération,Hors intersection,Normale,Deux véhicules - arrière,,,,,,,,,,,1,2,1,1.0,2.0
201100039374,0011-06-05 14:21:00,11,6,5,14,21,680,224,"08-10, ZUBER (RUE)",47.74592,7.34563,Plein jour,En agglomération,Hors intersection,Normale,Deux véhicules - côté,,,,,,,,,,,1,2,1,1.0,3.0
201100039375,0011-06-03 13:00:00,11,6,3,13,0,680,224,"32, MERLES (RUE DES)",47.75717,7.34741,Plein jour,En agglomération,Intersection en T,Normale,Deux véhicules - côté,,,,,,,,,,,1,2,3,1.0,3.0
201100039376,0011-06-03 22:00:00,11,6,3,22,0,680,224,"26, SINNE (RUE DE LA)",47.74494,7.33897,Nuit avec éclairage allumé,En agglomération,Hors intersection,Normale,Deux véhicules - frontale,,,,,,,,,,,5,2,1,1.0,1.0
201100039377,0011-06-13 20:15:00,11,6,13,20,15,680,224,"10, MANEGE (RUE DU)",47.74209,7.33388,Plein jour,En agglomération,Intersection en T,Temps couvert,Deux véhicules - côté,,,,,,,,,,,1,2,3,8.0,3.0
201100039378,0011-06-15 11:00:00,11,6,15,11,0,680,224,GAY-LUSSAC (RUE),47.74347,7.32935,Plein jour,En agglomération,Passage à niveau,Normale,Autre collision,,,,,,,,,,,1,2,8,1.0,6.0
201100039379,0011-06-29 13:00:00,11,6,29,13,0,680,218,VOIE RAPIDE OUEST,47.74353,7.28072,Plein jour,Hors agglomération,Hors intersection,Normale,Autre collision,,,,,,,,,,,1,1,1,1.0,6.0
201100039380,0011-07-01 19:45:00,11,7,1,19,45,680,224,"53, ORADOUR (RUE D')",47.77796,7.32707,Plein jour,En agglomération,Intersection en T,Normale,Deux véhicules - côté,,,,,,,,,,,1,2,3,1.0,3.0
201100039381,0011-06-13 04:00:00,11,6,13,4,0,680,224,"75, OISEAUX (RUE DES)",47.7536,7.32025,Nuit avec éclairage allumé,En agglomération,Intersection en X,Normale,Deux véhicules - côté,,,,,,,,,,,5,2,2,1.0,3.0
201100039382,0011-07-04 17:45:00,11,7,4,17,45,680,224,"70, FRANKLIN (RUE)",47.75093,7.33149,Plein jour,En agglomération,Hors intersection,Normale,Autre collision,,,,,,,,,,,1,2,1,1.0,6.0
201100039383,0011-07-19 17:20:00,11,7,19,17,20,680,224,AUTOROUTE A 36,47.7726,7.3718,Plein jour,Hors agglomération,Hors intersection,Pluie forte,Deux véhicules - côté,,,,,,,,,,,1,1,1,3.0,3.0
201100039384,0011-07-20 10:33:00,11,7,20,10,33,680,224,STOESSEL (BOULEVARD CHAR,47.73971,7.32074,Plein jour,En agglomération,Hors intersection,Pluie légère,Autre collision,,,,,,,,,,,1,2,1,2.0,6.0
201100039385,0011-07-20 17:10:00,11,7,20,17,10,680,224,"26, SALENGRO (AVENUE ROG",47.74955,7.34455,Plein jour,En agglomération,Intersection en T,Normale,Deux véhicules - côté,,,,,,,,,,,1,2,3,1.0,3.0
201100039386,0011-07-22 17:15:00,11,7,22,17,15,680,224,"33, EUROPE (BOULEVARD DE",47.75283,7.34648,Plein jour,En agglomération,Hors intersection,Normale,Autre collision,,,,,,,,,,,1,2,1,1.0,6.0
201100039387,0011-08-02 20:15:00,11,8,2,20,15,680,224,"09, NORMANDIE (RUE DE)",47.76075,7.36135,Plein jour,En agglomération,Hors intersection,Normale,Autre collision,,,,,,,,,,,1,2,1,1.0,6.0
201100039388,0011-08-03 14:50:00,11,8,3,14,50,680,224,"20, ILLBERG (RUE DE L')",47.73932,7.31799,Plein jour,En agglomération,Hors intersection,Normale,Deux véhicules - arrière,,,,,,,,,,,1,2,1,1.0,2.0
201100039389,0011-08-05 16:40:00,11,8,5,16,40,680,224,"30, COUBERTIN (RUE PIERR",47.73675,7.33027,Plein jour,En agglomération,Hors intersection,Normale,Autre collision,,,,,,,,,,,1,2,1,1.0,6.0
201100039390,0011-08-05 17:15:00,11,8,5,17,15,680,224,"37, STOESSEL (BOULEVARD",,,Plein jour,En agglomération,Hors intersection,Normale,Deux véhicules - frontale,,,,,,,,,,,1,2,1,1.0,1.0
201100039391,0011-08-09 10:35:00,11,8,9,10,35,680,224,AUTOROUTE A 36,47.77349,7.35022,Plein jour,Hors agglomération,Hors intersection,Normale,Autre collision,,,,,,,,,,,1,1,1,1.0,6.0
201100039392,0011-08-16 17:15:00,11,8,16,17,15,680,224,"282, BELFORT (RUE DE)",47.73752,7.28891,Plein jour,En agglomération,Giratoire,Normale,Autre collision,,,,,,,,,,,1,2,6,1.0,6.0
201100039393,0011-08-20 12:00:00,11,8,20,12,0,680,224,"12, SAUSHEIM (RUE DE)",47.75341,7.355,Plein jour,En agglomération,Intersection en X,Normale,Deux véhicules - frontale,,,,,,,,,,,1,2,2,1.0,1.0
201100039394,0011-08-23 12:53:00,11,8,23,12,53,680,224,"60, COLMAR (AVENUE DE)",47.75397,7.33681,Plein jour,En agglomération,Hors intersection,Normale,Deux véhicules - côté,,,,,,,,,,,1,2,1,1.0,3.0
201100039395,0011-08-24 20:25:00,11,8,24,20,25,680,224,"183, ROMAINS (RUE DES)",47.77897,7.3362,Crépuscule ou aube,En agglomération,Intersection en T,Normale,Deux véhicules - côté,,,,,,,,,,,2,2,3,1.0,3.0
201100039396,0011-08-26 13:45:00,11,8,26,13,45,680,224,"130, SCHOEN (RUE ANNA)",47.76012,7.32217,Plein jour,En agglomération,Intersection en T,Normale,Deux véhicules - frontale,,,,,,,,,,,1,2,3,1.0,1.0
201100039397,0011-08-27 15:10:00,11,8,27,15,10,680,224,"112, ILLZACH (RUE D')",47.75809,7.34582,Plein jour,En agglomération,Hors intersection,Pluie légère,Autre collision,,,,,,,,,,,1,2,1,2.0,6.0
201100039398,0011-08-31 09:53:00,11,8,31,9,53,680,224,"1, EUROPE (BOULEVARD DE",47.74966,7.34096,Plein jour,En agglomération,Hors intersection,Temps éblouissant,Deux véhicules - côté,,,,,,,,,,,1,2,1,7.0,3.0
201100039399,0011-09-03 11:55:00,11,9,3,11,55,680,224,"47, FRANKLIN (RUE)",47.751,7.33169,Plein jour,En agglomération,Intersection en T,Normale,Deux véhicules - côté,,,,,,,,,,,1,2,3,1.0,3.0
201100039400,0011-09-07 10:00:00,11,9,7,10,0,680,224,"20, HEILMANN (RUE JOSUE)",47.75296,7.33143,Plein jour,En agglomération,Intersection en T,Temps couvert,Autre collision,,,,,,,,,,,1,2,3,8.0,6.0
201100039401,0011-09-08 08:09:00,11,9,8,8,9,680,224,"20, WALLACH (BOULEVARD A",47.74157,7.34485,Plein jour,En agglomération,Hors intersection,Normale,Autre collision,,,,,,,,,,,1,2,1,1.0,6.0
201100039402,0011-09-10 10:50:00,11,9,10,10,50,680,256,"21, HAEFFELY (RUE HENRI)",47.77145,7.30211,Plein jour,En agglomération,Intersection en T,Normale,Deux véhicules - frontale,,,,,,,,,,,1,2,3,1.0,1.0
201100039403,0011-09-12 13:40:00,11,9,12,13,40,680,224,"34, EUROPE (BOULEVARD DE",47.75233,7.34559,Plein jour,En agglomération,Hors intersection,Normale,Autre collision,,,,,,,,,,,1,2,1,1.0,6.0
201100039404,0011-09-12 20:55:00,11,9,12,20,55,680,224,"20, PASTEUR (RUE LOUIS)",47.7486,7.34099,Nuit avec éclairage allumé,En agglomération,Intersection en T,Normale,Deux véhicules - côté,,,,,,,,,,,5,2,3,1.0,3.0
201100039405,0011-09-09 12:00:00,11,9,9,12,0,680,224,"16, FONDERIE (RUE DE LA)",47.73792,7.33251,Plein jour,En agglomération,Intersection en X,Normale,Deux véhicules - côté,,,,,,,,,,,1,2,2,1.0,3.0
201100039406,0011-10-01 11:50:00,11,10,1,11,50,680,224,"81, SOULTZ (RUE DE)",47.77125,7.32095,Plein jour,En agglomération,Hors intersection,Normale,Deux véhicules - côté,,,,,,,,,,,1,2,1,1.0,3.0
201100039407,0011-10-05 16:25:00,11,10,5,16,25,680,224,"30, ORPHELINS (RUE DES)",47.75224,7.33574,Plein jour,En agglomération,Intersection en X,Normale,Deux véhicules - côté,,,,,,,,,,,1,2,2,1.0,3.0
201100039408,0011-10-06 16:50:00,11,10,6,16,50,680,224,"64, RIEDISHEIM (AVENUE D",47.74439,7.3493,Plein jour,En agglomération,Intersection en T,Normale,Autre collision,,,,,,,,,,,1,2,3,1.0,6.0
201100039409,0011-10-06 09:55:00,11,10,6,9,55,680,271,"363, BALE (RUE DE)",47.75382,7.36418,Plein jour,En agglomération,Hors intersection,Normale,Autre collision,,,,,,,,,,,1,2,1,1.0,6.0
201100039410,0011-10-22 15:30:00,11,10,22,15,30,680,224,AUTOROUTE A 36,47.77065,7.3424,Plein jour,Hors agglomération,Hors intersection,Normale,Trois véhicules et plus - en chaîne,,,,,,,,,,,1,1,1,1.0,4.0
201100039411,0011-10-25 18:10:00,11,10,25,18,10,680,224,ILLZACH (RUE D'),47.75816,7.34604,Crépuscule ou aube,En agglomération,Intersection en X,Normale,Deux véhicules - côté,,,,,,,,,,,2,2,2,1.0,3.0
201100039412,0011-10-29 14:40:00,11,10,29,14,40,680,224,SCHUMAN (AVENUE ROBERT),47.75438,7.34614,Plein jour,En agglomération,Hors intersection,Normale,Deux véhicules - côté,,,,,,,,,,,1,2,1,1.0,3.0
201100039413,0011-11-01 15:10:00,11,11,1,15,10,680,224,BEAU-REGARD (RUE DU),47.74555,7.3024,Plein jour,En agglomération,Hors intersection,Normale,Autre collision,,,,,,,,,,,1,2,1,1.0,6.0
201100039414,0011-10-26 19:00:00,11,10,26,19,0,680,224,"24, BALE (RUE DE)",47.74654,7.34404,Nuit avec éclairage allumé,En agglomération,Hors intersection,Normale,Deux véhicules - arrière,,,,,,,,,,,5,2,1,1.0,2.0
201100039415,0011-11-06 20:15:00,11,11,6,20,15,680,224,AUTOROUTE A 36,47.75993,7.31085,Nuit sans éclairage public,Hors agglomération,Hors intersection,Normale,Deux véhicules - arrière,,,,,,,,,,,3,1,1,1.0,2.0
201100039416,0011-11-15 16:58:00,11,11,15,16,58,680,224,NATIONS (BOULEVARD DES),47.7369,7.30183,Crépuscule ou aube,En agglomération,Intersection en T,Normale,Autre collision,,,,,,,,,,,2,2,3,1.0,6.0
201100039417,0011-11-17 11:45:00,11,11,17,11,45,680,224,"2, PREISS (RUE JACQUES)",47.74353,7.33384,Plein jour,En agglomération,Giratoire,Normale,Autre collision,,,,,,,,,,,1,2,6,1.0,6.0
201100039418,0011-11-20 19:50:00,11,11,20,19,50,680,224,"29, FIDELITE (RUE DE LA)",47.74807,7.32759,Nuit avec éclairage allumé,En agglomération,Intersection en X,Normale,Deux véhicules - côté,,,,,,,,,,,5,2,2,1.0,3.0
201100039419,0011-11-22 13:00:00,11,11,22,13,0,680,224,"20, BROCHET (RUE DU)",47.74734,7.32488,Plein jour,En agglomération,Hors intersection,Normale,Deux véhicules - frontale,,,,,,,,,,,1,2,1,1.0,1.0
201100039420,0011-11-21 16:10:00,11,11,21,16,10,680,224,KINGERSHEIM (RUE DE),47.7771,7.32892,Plein jour,En agglomération,Hors intersection,Normale,Autre collision,,,,,,,,,,,1,2,1,1.0,6.0
201100039421,0011-11-21 22:14:00,11,11,21,22,14,680,56,DRAGONS (RUE DU DIX-NEUV,47.713,7.3339,Nuit sans éclairage public,Hors agglomération,Hors intersection,Normale,Deux véhicules - frontale,,,,,,,,,,,3,1,1,1.0,1.0
201100039422,0011-11-30 16:10:00,11,11,30,16,10,680,224,"03, AGEN (RUE D')",47.76104,7.33893,Plein jour,En agglomération,Hors intersection,Normale,Deux véhicules - côté,,,,,,,,,,,1,2,1,1.0,3.0
201100039423,0011-12-02 19:34:00,11,12,2,19,34,680,224,"2, BONNES GENS (RUE DES)",47.74514,7.34508,Nuit avec éclairage allumé,En agglomération,Hors intersection,Pluie légère,Autre collision,,,,,,,,,,,5,2,1,2.0,6.0
201100039424,0011-12-05 06:24:00,11,12,5,6,24,680,224,ROMAINS (RUE DES),47.77691,7.3308,Nuit sans éclairage public,En agglomération,Hors intersection,Normale,Deux véhicules - arrière,,,,,,,,,,,3,2,1,1.0,2.0
201100039425,0011-12-06 17:25:00,11,12,6,17,25,680,224,"3, HENNER (RUE JEAN-JACQ",47.74399,7.34286,Crépuscule ou aube,En agglomération,Hors intersection,Pluie légère,Autre collision,,,,,,,,,,,2,2,1,2.0,6.0
201100039426,0011-12-23 16:45:00,11,12,23,16,45,680,224,"179, BELFORT (RUE DE)",47.73915,7.2976,Crépuscule ou aube,En agglomération,Hors intersection,Normale,Deux véhicules - frontale,,,,,,,,,,,2,2,1,1.0,1.0
201100039427,0011-12-28 08:00:00,11,12,28,8,0,680,224,"24, MERTZAU (RUE DE LA)",47.75986,7.33255,Plein jour,En agglomération,Hors intersection,Normale,Deux véhicules - arrière,,,,,,,,,,,1,2,1,1.0,2.0
201100039428,0011-02-08 18:45:00,11,2,8,18,45,680,297,68300,47.58147,7.55356,Nuit avec éclairage allumé,Hors agglomération,Hors intersection,Normale,Deux véhicules - côté,,,,,,,,,,,5,1,1,1.0,3.0
201100039429,0011-01-10 17:20:00,11,1,10,17,20,680,297,"01, MERMOZ ( RUE JEAN )",47.58072,7.55298,Nuit avec éclairage allumé,En agglomération,Hors intersection,Pluie légère,Autre collision,,,,,,,,,,,5,2,1,2.0,6.0
201100039430,0011-02-05 15:05:00,11,2,5,15,5,680,149,ST-LOUIS ( RUE DE ),47.59111,7.57443,Plein jour,En agglomération,Intersection en T,Normale,Deux véhicules - frontale,,,,,,,,,,,1,2,3,1.0,1.0
201100039431,0011-03-08 17:40:00,11,3,8,17,40,680,297,"17, DE GAULLE ( AVE DU G",47.58525,7.56226,Plein jour,En agglomération,Hors intersection,Normale,Autre collision,,,,,,,,,,,1,2,1,1.0,6.0
201100039432,0011-04-07 07:55:00,11,4,7,7,55,680,297,"115, MULHOUSE ( RUE)CITE",47.59519,7.55421,Plein jour,En agglomération,Hors intersection,Normale,Autre collision,,,,,,,,,,,1,2,1,1.0,6.0
201100039433,0011-01-19 09:50:00,11,1,19,9,50,680,297,"150, MULHOUSE ( RUE)CITE",47.5967,7.55307,Plein jour,En agglomération,Hors intersection,Normale,Deux véhicules - arrière,,,,,,,,,,,1,2,1,1.0,2.0
201100039434,0011-08-22 15:30:00,11,8,22,15,30,680,149,"18, FOCH ( RUE DU MARECH",47.59247,7.58523,Plein jour,En agglomération,Intersection en X,Normale,Deux véhicules - côté,,,,,,,,,,,1,2,2,1.0,3.0
201100039435,0011-09-14 18:45:00,11,9,14,18,45,680,297,BALE (AVE DE 72),47.58081,7.56851,Plein jour,En agglomération,Hors intersection,Normale,Deux véhicules - arrière,,,,,,,,,,,1,2,1,1.0,2.0
201100039436,0011-09-12 16:50:00,11,9,12,16,50,680,297,HURST ( RUE ),47.57803,7.55699,Plein jour,En agglomération,Intersection en T,Normale,Deux véhicules - frontale,,,,,,,,,,,1,2,3,1.0,1.0
201100039437,0011-09-24 15:05:00,11,9,24,15,5,680,297,BALE ( AVE DE)FRONTIERE,47.58072,7.56864,Plein jour,En agglomération,Intersection en X,Normale,Deux véhicules - côté,,,,,,,,,,,1,2,2,1.0,3.0
201100039438,0011-09-29 17:10:00,11,9,29,17,10,680,297,"1, BALE ( AVE DE)WIRU JU",47.58579,7.56384,Plein jour,En agglomération,Hors intersection,Normale,Autre collision,,,,,,,,,,,1,2,1,1.0,6.0
201100039439,0011-10-11 19:25:00,11,10,11,19,25,680,297,"19, DE GAULLE( AVE DU GL",47.58495,7.56176,Nuit avec éclairage allumé,En agglomération,Hors intersection,Normale,Deux véhicules - côté,,,,,,,,,,,5,2,1,1.0,3.0
201100039440,0011-11-30 17:30:00,11,11,30,17,30,680,297,SEVILLE (RUE) 1,47.60525,7.54446,Plein jour,En agglomération,Intersection en T,Normale,Autre collision,,,,,,,,,,,1,2,3,1.0,6.0
201100039441,0011-03-14 16:20:00,11,3,14,16,20,680,376,"44, SOULTZ(ROUTE DE)",47.80321,7.31186,Plein jour,En agglomération,Intersection en T,Temps éblouissant,Deux véhicules - côté,,,,,,,,,,,1,2,3,7.0,3.0
201100039442,0011-03-27 15:10:00,11,3,27,15,10,680,376,RD 430,47.80017,7.30691,Plein jour,Hors agglomération,Hors intersection,Normale,Deux véhicules - arrière,,,,,,,,,,,1,1,1,1.0,2.0
201100039443,0011-04-10 22:10:00,11,4,10,22,10,680,376,RHIN (RUEDU),47.80629,7.33989,Nuit avec éclairage allumé,En agglomération,Giratoire,Normale,Deux véhicules - côté,,,,,,,,,,,5,2,6,1.0,3.0
201100039444,0011-04-18 10:55:00,11,4,18,10,55,680,376,"11, SOULTZ(ROUTE DE)",47.79856,7.31337,Plein jour,En agglomération,Intersection en X,Normale,Deux véhicules - côté,,,,,,,,,,,1,2,2,1.0,3.0
201100039445,0011-06-16 06:55:00,11,6,16,6,55,680,166,"3, BEARN (RUE DU)",47.79135,7.32188,Plein jour,En agglomération,Giratoire,Normale,Autre collision,,,,,,,,,,,1,2,6,1.0,6.0
201100039446,0011-07-11 18:10:00,11,7,11,18,10,680,166,"105, GUEBWILLER (RUE DE)",47.79409,7.3153,Plein jour,En agglomération,Hors intersection,Autre,Deux véhicules - côté,,,,,,,,,,,1,2,1,9.0,3.0
201100039447,0011-08-09 16:20:00,11,8,9,16,20,680,166,"92, MULHOUSE (FAUBOURG D",47.79193,7.33581,Plein jour,En agglomération,Hors intersection,Normale,Deux véhicules - côté,,,,,,,,,,,1,2,1,1.0,3.0
201100039448,0011-08-12 08:55:00,11,8,12,8,55,680,166,"33, GUEBWILLER (RUE DE)",47.7829,7.31675,Plein jour,En agglomération,Hors intersection,Normale,Deux véhicules - côté,,,,,,,,,,,1,2,1,1.0,3.0
201100039449,0011-08-24 13:30:00,11,8,24,13,30,680,376,"50, MINES (RUE DES)",47.80439,7.33066,Plein jour,En agglomération,Hors intersection,Normale,Deux véhicules - côté,,,,,,,,,,,1,2,1,1.0,3.0
201100039450,0011-09-12 18:10:00,11,9,12,18,10,680,166,INDUSTRIE (RUE DE L') 6,47.786,7.31306,Plein jour,En agglomération,Hors intersection,Normale,Deux véhicules - côté,,,,,,,,,,,1,2,1,1.0,3.0
201100039451,0011-10-08 02:00:00,11,10,8,2,0,680,376,,47.82318,7.2893,Nuit sans éclairage public,En agglomération,Hors intersection,Normale,Sans collision,,,,,,,,,,,3,2,1,1.0,7.0
201100039452,0011-11-05 02:10:00,11,11,5,2,10,680,376,"27, COLMAR (RUE DE)",47.82574,7.34026,Nuit avec éclairage allumé,En agglomération,Hors intersection,Normale,Deux véhicules - côté,,,,,,,,,,,5,2,1,1.0,3.0
201100039453,0011-11-14 22:55:00,11,11,14,22,55,680,376,RD 430,47.8235,7.28887,Nuit sans éclairage public,Hors agglomération,Hors intersection,Normale,Autre collision,,,,,,,,,,,3,1,1,1.0,6.0
201100039454,0011-11-17 23:10:00,11,11,17,23,10,680,166,RD 430,47.78154,7.32964,Nuit avec éclairage non allumé,Hors agglomération,Intersection en X,Normale,Autre collision,,,,,,,,,,,4,1,2,1.0,6.0
201100039455,0011-11-18 14:15:00,11,11,18,14,15,680,166,MULHOUSE (FAUBOURG DE),47.78935,7.33578,Plein jour,En agglomération,Hors intersection,Normale,Autre collision,,,,,,,,,,,1,2,1,1.0,6.0
201100039456,0011-12-22 01:40:00,11,12,22,1,40,680,166,RD 430,47.7842,7.3239,Nuit sans éclairage public,Hors agglomération,Hors intersection,Pluie légère,Deux véhicules - arrière,,,,,,,,,,,3,1,1,2.0,2.0
201100039457,0011-01-07 15:50:00,11,1,7,15,50,690,29,"2, RUE DES GENETS",,,Plein jour,En agglomération,Hors intersection,Normale,Deux véhicules - arrière,,,,,,,,,,,1,2,1,1.0,2.0
201100039458,0011-01-13 11:25:00,11,1,13,11,25,690,29,"29, BOULEVARD PINEL",,,Plein jour,En agglomération,Hors intersection,Normale,Trois véhicules et plus - collisions multiples,,,,,,,,,,,1,2,1,1.0,5.0
201100039459,0011-03-28 11:10:00,11,3,28,11,10,690,29,BOULEVARD DES DROITS DE,,,Plein jour,En agglomération,Autre intersection,Pluie légère,Deux véhicules - côté,,,,,,,,,,,1,2,9,2.0,3.0
201100039460,0011-03-25 09:00:00,11,3,25,9,0,690,29,"3, RUE PAUL PIC",,,Plein jour,En agglomération,Hors intersection,Normale,Autre collision,,,,,,,,,,,1,2,1,1.0,6.0
201100039461,0011-04-15 13:30:00,11,4,15,13,30,690,29,"95, BOULEVARD PINEL",,,Plein jour,En agglomération,Hors intersection,Normale,Deux véhicules - côté,,,,,,,,,,,1,2,1,1.0,3.0
201100039462,0011-05-24 09:48:00,11,5,24,9,48,690,29,"3, RUE ROGER SALENGRO",,,Plein jour,En agglomération,Hors intersection,Temps éblouissant,Autre collision,,,,,,,,,,,1,2,1,7.0,6.0
201100039463,0011-06-30 17:20:00,11,6,30,17,20,690,29,"162, BOULEVARD DE L UNIV",,,Plein jour,En agglomération,Hors intersection,Normale,Autre collision,,,,,,,,,,,1,2,1,1.0,6.0
201100039464,0011-07-13 18:40:00,11,7,13,18,40,690,29,"69, AVENUE CAMILLE ROUSS",,,Plein jour,En agglomération,Hors intersection,Normale,Deux véhicules - arrière,,,,,,,,,,,1,2,1,1.0,2.0
201100039465,0011-07-11 08:15:00,11,7,11,8,15,690,383,"1, AVENUE ROCKEFELLER",,,Plein jour,En agglomération,Intersection en X,Normale,Deux véhicules - côté,,,,,,,,,,,1,2,2,1.0,3.0
201100039466,0011-07-22 01:05:00,11,7,22,1,5,690,29,"., AVENUE FRANKLIN ROOSE",,,Nuit avec éclairage allumé,En agglomération,Hors intersection,Pluie légère,Autre collision,,,,,,,,,,,5,2,1,2.0,6.0
201100039467,0011-07-27 09:00:00,11,7,27,9,0,690,29,"., AVENUE FRANKLIN ROOSE",,,Plein jour,En agglomération,Giratoire,Normale,Autre collision,,,,,,,,,,,1,2,6,1.0,6.0
201100039468,0011-08-27 19:05:00,11,8,27,19,5,690,29,"01, RUE DE REBUFER",,,Plein jour,En agglomération,Intersection en T,Normale,Autre collision,,,,,,,,,,,1,2,3,1.0,6.0
201100039469,0011-09-15 07:55:00,11,9,15,7,55,690,271,BOULEVARD DU RAQUIN,,,Plein jour,En agglomération,Hors intersection,Normale,Deux véhicules - côté,,,,,,,,,,,1,2,1,1.0,3.0
201100039470,0011-09-15 12:35:00,11,9,15,12,35,690,29,RUE ANDRE BOULLOCHE,,,Plein jour,En agglomération,Autre intersection,Normale,Deux véhicules - côté,,,,,,,,,,,1,2,9,1.0,3.0
201100039471,0011-09-15 08:30:00,11,9,15,8,30,690,29,"370, ROUTE DE GENAS",,,Plein jour,En agglomération,Hors intersection,Normale,Autre collision,,,,,,,,,,,1,2,1,1.0,6.0
201100039472,0011-10-12 17:25:00,11,10,12,17,25,690,271,"46, RUE DE LA REPUBLIQUE",,,Plein jour,En agglomération,Hors intersection,Normale,Deux véhicules - côté,,,,,,,,,,,1,2,1,1.0,3.0
201100039473,0011-10-22 12:15:00,11,10,22,12,15,690,29,AVENUE CAMILLE ROUSSET,,,Plein jour,En agglomération,Intersection en T,Normale,Deux véhicules - côté,,,,,,,,,,,1,2,3,1.0,3.0
201100039474,0011-10-26 13:15:00,11,10,26,13,15,690,29,"288, ROUTE DE GENAS",,,Plein jour,En agglomération,Hors intersection,Normale,Autre collision,,,,,,,,,,,1,2,1,1.0,6.0
201100039475,0011-11-05 11:10:00,11,11,5,11,10,690,29,ROUTE DE GENAS,,,Plein jour,En agglomération,Intersection en T,Autre,Deux véhicules - côté,,,,,,,,,,,1,2,3,9.0,3.0
201100039476,0011-11-05 12:30:00,11,11,5,12,30,690,29,"11, RUE PAUL LANGEVIN",,,Plein jour,En agglomération,Hors intersection,Pluie légère,Autre collision,,,,,,,,,,,1,2,1,2.0,6.0
201100039477,0011-11-07 11:55:00,11,11,7,11,55,690,29,"340, ROUTE DE GENAS",,,Plein jour,En agglomération,Hors intersection,Pluie légère,Deux véhicules - côté,,,,,,,,,,,1,2,1,2.0,3.0
201100039478,0011-11-22 07:15:00,11,11,22,7,15,690,29,"5-7, AVENUE PIERRE MENDE",,,Plein jour,En agglomération,Intersection en X,Normale,Deux véhicules - côté,,,,,,,,,,,1,2,2,1.0,3.0
201100039479,0011-11-22 12:05:00,11,11,22,12,5,690,29,"1, AVENUE FRANKLIN ROOSE",,,Plein jour,En agglomération,Intersection en T,Normale,Autre collision,,,,,,,,,,,1,2,3,1.0,6.0
201100039480,0011-11-29 18:15:00,11,11,29,18,15,690,29,"47, AVENUE CAMILLE ROUSS",,,Nuit avec éclairage allumé,En agglomération,Hors intersection,Normale,Deux véhicules - côté,,,,,,,,,,,5,2,1,1.0,3.0
201100039481,0011-11-16 15:25:00,11,11,16,15,25,690,29,"1, AVENUE FRANKLIN ROOSE",,,Plein jour,En agglomération,Intersection en X,Normale,Autre collision,,,,,,,,,,,1,2,2,1.0,6.0
201100039482,0011-12-12 18:15:00,11,12,12,18,15,690,29,"15, RUE DE VERDUN",,,Nuit avec éclairage allumé,En agglomération,Hors intersection,Normale,Autre collision,,,,,,,,,,,5,2,1,1.0,6.0
201100039483,0011-12-27 17:55:00,11,12,27,17,55,690,275,"02, AVENUE LOUISE MICHEL",,,Nuit avec éclairage allumé,En agglomération,Hors intersection,Normale,Autre collision,,,,,,,,,,,5,2,1,1.0,6.0
201100039484,0011-12-27 07:55:00,11,12,27,7,55,690,271,ROUTE DE GENAS,,,Crépuscule ou aube,En agglomération,Intersection en X,Temps couvert,Deux véhicules - côté,,,,,,,,,,,2,2,2,8.0,3.0