accident_id,datetime,annee,mois,jour,heure,minute,departement,commune_insee,adresse,latitude,longitude,luminosite,agglomeration,intersection,meteo,collision,nb_vehicules,nb_usagers,nb_indemnes,nb_tues,nb_blesses_hosp,nb_blesses_legers,age_cond_1,age_cond_2,veh_type_cond_1,veh_type_cond_2,lum_code,agg_code,int_code,atm_code,col_code
201100039744,0011-08-22 13:30:00,11,8,22,13,30,690,259,"0, BOULEVARD IRENE JOLIO",,,Plein jour,En agglomération,Intersection en X,Normale,Deux véhicules - arrière,,,,,,,,,,,1,2,2,1.0,2.0
201100039745,0011-08-30 02:58:00,11,8,30,2,58,690,259,"0, RUE EUGENE MARECHAL",,,Nuit avec éclairage allumé,En agglomération,Intersection en X,Normale,Autre collision,,,,,,,,,,,5,2,2,1.0,6.0
201100039746,0011-09-02 14:30:00,11,9,2,14,30,690,259,"136, IRENE JOLIOT CURIE",,,Plein jour,En agglomération,Hors intersection,Normale,Autre collision,,,,,,,,,,,1,2,1,1.0,6.0
201100039747,0011-09-05 18:15:00,11,9,5,18,15,690,259,"0, RUE PAUL BERT",,,Plein jour,En agglomération,Intersection en X,Temps éblouissant,Deux véhicules - frontale,,,,,,,,,,,1,2,2,7.0,1.0
201100039748,0011-09-02 18:50:00,11,9,2,18,50,690,259,"109, RUE DU PROFESSEUR R",,,Plein jour,En agglomération,Hors intersection,Normale,Autre collision,,,,,,,,,,,1,2,1,1.0,6.0
201100039749,0011-09-06 18:15:00,11,9,6,18,15,690,259,"00, BOULEVARD YVES FARGE",,,Plein jour,En agglomération,Hors intersection,Normale,Deux véhicules - arrière,,,,,,,,,,,1,2,1,1.0,2.0
201100039750,0011-09-09 13:25:00,11,9,9,13,25,690,199,AVENUE GABRIEL PERI,,,Plein jour,En agglomération,Hors intersection,Normale,Autre collision,,,,,,,,,,,1,2,1,1.0,6.0
201100039751,0011-09-09 20:30:00,11,9,9,20,30,690,259,"27, RUE PRESIDENT EDOUAR",,,Nuit avec éclairage allumé,En agglomération,Hors intersection,Normale,Autre collision,,,,,,,,,,,5,2,1,1.0,6.0
201100039752,0011-09-10 04:20:00,11,9,10,4,20,690,276,"0, AVENUE ALBERT RAMBOZ",,,Nuit sans éclairage public,Hors agglomération,Hors intersection,Normale,Autre collision,,,,,,,,,,,3,1,1,1.0,6.0
201100039753,0011-09-17 18:15:00,11,9,17,18,15,690,199,"0, RUE PASTEUR",,,Plein jour,En agglomération,Intersection en T,Normale,Autre collision,,,,,,,,,,,1,2,3,1.0,6.0
201100039754,0011-09-17 19:12:00,11,9,17,19,12,690,259,CHEMIN DE FEYZIN,,,Crépuscule ou aube,En agglomération,Intersection en X,Pluie forte,Autre collision,,,,,,,,,,,2,2,2,3.0,6.0
201100039755,0011-09-20 15:30:00,11,9,20,15,30,690,259,"0, AVENUE FRANCIS DE PRE",,,Plein jour,En agglomération,Intersection en T,Normale,Deux véhicules - arrière,,,,,,,,,,,1,2,3,1.0,2.0
201100039756,0011-09-21 15:05:00,11,9,21,15,5,690,259,"0, RUE GAMBETTA",,,Plein jour,En agglomération,Intersection en T,Normale,Autre collision,,,,,,,,,,,1,2,3,1.0,6.0
201100039757,0011-09-22 08:00:00,11,9,22,8,0,690,259,"0, CHEMIN DU CHARBONNIER",,,Plein jour,En agglomération,Hors intersection,Normale,Autre collision,,,,,,,,,,,1,2,1,1.0,6.0
201100039758,0011-09-16 17:28:00,11,9,16,17,28,690,259,"237, ROUTE DE VIENNE",,,Plein jour,En agglomération,Autre intersection,Normale,Deux véhicules - côté,,,,,,,,,,,1,2,9,1.0,3.0
201100039759,0011-10-01 15:20:00,11,10,1,15,20,690,259,"60, RUE DES COMBATS DU 2",,,Plein jour,En agglomération,Hors intersection,Normale,Deux véhicules - côté,,,,,,,,,,,1,2,1,1.0,3.0
201100039760,0011-10-01 14:55:00,11,10,1,14,55,690,259,"0, BOULEVARD DU STADE",,,Plein jour,En agglomération,Autre intersection,Normale,Deux véhicules - frontale,,,,,,,,,,,1,2,9,1.0,1.0
201100039761,0011-10-02 15:23:00,11,10,2,15,23,690,259,"0, AVENUE BERLIET",,,Plein jour,En agglomération,Intersection en T,Normale,Autre collision,,,,,,,,,,,1,2,3,1.0,6.0
201100039762,0011-10-03 14:00:00,11,10,3,14,0,690,259,", BOULEVARD DU DOCTEUR C",,,Plein jour,En agglomération,Hors intersection,Normale,Trois véhicules et plus - collisions multiples,,,,,,,,,,,1,2,1,1.0,5.0
201100039763,0011-10-04 20:25:00,11,10,4,20,25,690,259,"0, RUE DES MARTYRS DE LA",,,Nuit avec éclairage allumé,En agglomération,Hors intersection,Normale,Autre collision,,,,,,,,,,,5,2,1,1.0,6.0
201100039764,0011-10-10 11:10:00,11,10,10,11,10,690,259,"0, BOULEVARD AMBROISE CR",,,Plein jour,En agglomération,Hors intersection,Normale,Autre collision,,,,,,,,,,,1,2,1,1.0,6.0
201100039765,0011-10-13 12:00:00,11,10,13,12,0,690,259,"0, AVENUE JEAN CAGNE",,,Plein jour,En agglomération,Intersection en X,Normale,Autre collision,,,,,,,,,,,1,2,2,1.0,6.0
201100039766,0011-10-13 14:20:00,11,10,13,14,20,690,259,"0, AVENUE MARCEL HOUEL",,,Plein jour,En agglomération,Intersection en T,Normale,Deux véhicules - côté,,,,,,,,,,,1,2,3,1.0,3.0
201100039767,0011-10-12 18:25:00,11,10,12,18,25,690,259,ROUTE DE VIENNE,,,Crépuscule ou aube,En agglomération,Intersection en X,Normale,Deux véhicules - frontale,,,,,,,,,,,2,2,2,1.0,1.0
201100039768,0011-10-13 17:20:00,11,10,13,17,20,690,276,"36, ROUTE DE LYON",,,Plein jour,En agglomération,Hors intersection,Normale,Deux véhicules - frontale,,,,,,,,,,,1,2,1,1.0,1.0
201100039769,0011-10-17 11:57:00,11,10,17,11,57,690,259,"0, RUE PRESIDENT EDOUARD",,,Plein jour,En agglomération,Hors intersection,Normale,Autre collision,,,,,,,,,,,1,2,1,1.0,6.0
201100039770,0011-10-15 12:40:00,11,10,15,12,40,690,259,"3 BIS, RUE EMILE ZOLA",,,Plein jour,En agglomération,Hors intersection,Normale,Deux véhicules - arrière,,,,,,,,,,,1,2,1,1.0,2.0
201100039771,0011-10-18 07:55:00,11,10,18,7,55,690,259,"56, RUE ERNEST RENAN",,,Plein jour,En agglomération,Hors intersection,Normale,Autre collision,,,,,,,,,,,1,2,1,1.0,6.0
201100039772,0011-10-19 15:30:00,11,10,19,15,30,690,199,"0, RUE EMILE ZOLA",,,Plein jour,En agglomération,Intersection en X,Normale,Deux véhicules - côté,,,,,,,,,,,1,2,2,1.0,3.0
201100039773,0011-10-22 23:56:00,11,10,22,23,56,690,259,"337, ROUTE DE VIENNE",,,Nuit avec éclairage allumé,En agglomération,Hors intersection,Normale,Autre collision,,,,,,,,,,,5,2,1,1.0,6.0
201100039774,0011-11-01 09:25:00,11,11,1,9,25,690,259,"0, RUE LEO LAGRANGE",,,Plein jour,En agglomération,Intersection en X,Normale,Deux véhicules - côté,,,,,,,,,,,1,2,2,1.0,3.0
201100039775,0011-11-01 22:00:00,11,11,1,22,0,690,259,AVENUE DU DOCTEUR GEORGE,,,Nuit avec éclairage allumé,En agglomération,Intersection en X,Pluie forte,Trois véhicules et plus - en chaîne,,,,,,,,,,,5,2,2,3.0,4.0
201100039776,0011-11-02 13:45:00,11,11,2,13,45,690,259,"0, BOULEVARD AMBROISE CR",,,Plein jour,En agglomération,Autre intersection,Normale,Autre collision,,,,,,,,,,,1,2,9,1.0,6.0
201100039777,0011-11-05 13:35:00,11,11,5,13,35,690,259,"0, RUE LEO LAGRANGE",,,Plein jour,En agglomération,Hors intersection,Normale,Autre collision,,,,,,,,,,,1,2,1,1.0,6.0
201100039778,0011-11-06 15:55:00,11,11,6,15,55,690,199,"0, RUE DE LA ROCHETTE",,,Plein jour,En agglomération,Hors intersection,Normale,Autre collision,,,,,,,,,,,1,2,1,1.0,6.0
201100039779,0011-11-08 16:05:00,11,11,8,16,5,690,259,"44, AVENUE MAURICE THORE",,,Plein jour,En agglomération,Hors intersection,Autre,Autre collision,,,,,,,,,,,1,2,1,9.0,6.0
201100039780,0011-11-08 11:28:00,11,11,8,11,28,690,259,"0, RUE VAILLANT COUTURIE",,,Plein jour,En agglomération,Intersection en X,Pluie légère,Trois véhicules et plus - collisions multiples,,,,,,,,,,,1,2,2,2.0,5.0
201100039781,0011-11-10 15:40:00,11,11,10,15,40,690,259,"136, BOULEVARD IRENE JOL",,,Plein jour,En agglomération,Hors intersection,Normale,Autre collision,,,,,,,,,,,1,2,1,1.0,6.0
201100039782,0011-11-12 18:00:00,11,11,12,18,0,690,259,"0, BOULEVARD NOVY JICIN",,,Nuit avec éclairage allumé,En agglomération,Hors intersection,Normale,Autre collision,,,,,,,,,,,5,2,1,1.0,6.0
201100039783,0011-11-20 19:32:00,11,11,20,19,32,690,199,"37, RUE CARNOT",,,Nuit avec éclairage allumé,En agglomération,Hors intersection,Normale,Deux véhicules - frontale,,,,,,,,,,,5,2,1,1.0,1.0
201100039784,0011-11-19 09:30:00,11,11,19,9,30,690,259,"0, BOULEVARD DE JODINO",,,Plein jour,En agglomération,Intersection en X,Normale,Autre collision,,,,,,,,,,,1,2,2,1.0,6.0
201100039785,0011-11-27 23:10:00,11,11,27,23,10,690,259,"0, RUE GABRIEL PERI",,,Nuit avec éclairage allumé,En agglomération,Intersection en T,Normale,Autre collision,,,,,,,,,,,5,2,3,1.0,6.0
201100039786,0011-11-28 20:15:00,11,11,28,20,15,690,199,"16, RUE CARNOT",,,Nuit avec éclairage allumé,En agglomération,Intersection en X,Normale,Deux véhicules - arrière,,,,,,,,,,,5,2,2,1.0,2.0
201100039787,0011-10-28 21:00:00,11,10,28,21,0,690,259,"0, AVENUE DE LA REPUBLIQ",,,Nuit avec éclairage allumé,En agglomération,Hors intersection,Normale,Deux véhicules - frontale,,,,,,,,,,,5,2,1,1.0,1.0
201100039788,0011-12-03 20:45:00,11,12,3,20,45,690,259,"0, RUE VAILLANT COUTURIE",,,Nuit avec éclairage allumé,En agglomération,Hors intersection,Pluie légère,Autre collision,,,,,,,,,,,5,2,1,2.0,6.0
201100039789,0011-12-04 00:40:00,11,12,4,0,40,690,259,"0, AVENUE MAURICE THOREZ",,,Nuit avec éclairage allumé,En agglomération,Intersection en T,Pluie légère,Autre collision,,,,,,,,,,,5,2,3,2.0,6.0
201100039790,0011-12-04 11:40:00,11,12,4,11,40,690,259,"0, RUE ALBERT EINSTEIN",,,Plein jour,En agglomération,Hors intersection,Normale,Autre collision,,,,,,,,,,,1,2,1,1.0,6.0
201100039791,0011-12-04 16:30:00,11,12,4,16,30,690,259,"0, RUE FRANCISQUE AYNARD",,,Plein jour,En agglomération,Intersection en T,Normale,Deux véhicules - côté,,,,,,,,,,,1,2,3,1.0,3.0
201100039792,0011-12-05 16:30:00,11,12,5,16,30,690,259,"0, RUE DES COMBATS DU 24",,,Plein jour,En agglomération,Hors intersection,Normale,Autre collision,,,,,,,,,,,1,2,1,1.0,6.0
201100039793,0011-12-10 17:09:00,11,12,10,17,9,690,259,"0, AVENUE PIERRE COT",,,Crépuscule ou aube,En agglomération,Intersection en T,Normale,Autre collision,,,,,,,,,,,2,2,3,1.0,6.0
201100039794,0011-12-16 16:00:00,11,12,16,16,0,690,259,"0, AVENUE JEAN CAGNE",,,Plein jour,En agglomération,Hors intersection,Pluie forte,Deux véhicules - côté,,,,,,,,,,,1,2,1,3.0,3.0
201100039795,0011-12-21 11:15:00,11,12,21,11,15,690,259,"0, AVENUE DE LA REPUBLIQ",,,Plein jour,En agglomération,Intersection en T,Pluie légère,Autre collision,,,,,,,,,,,1,2,3,2.0,6.0
201100039796,0011-12-23 08:15:00,11,12,23,8,15,690,199,"0, RUE CARNOT",,,Plein jour,En agglomération,Intersection en T,Normale,Deux véhicules - côté,,,,,,,,,,,1,2,3,1.0,3.0
201100039797,0011-12-25 19:20:00,11,12,25,19,20,690,259,BOULEVARD AMBROISE CROIZ,,,Nuit avec éclairage allumé,En agglomération,Hors intersection,Normale,Deux véhicules - côté,,,,,,,,,,,5,2,1,1.0,3.0
201100039798,0011-12-31 13:20:00,11,12,31,13,20,690,199,"30, RUE CARNOT",,,Plein jour,En agglomération,Hors intersection,Pluie légère,Deux véhicules - arrière,,,,,,,,,,,1,2,1,2.0,2.0
201100039799,0011-12-07 14:05:00,11,12,7,14,5,690,259,PLACE JULES GRANDCLEMENT,,,Plein jour,En agglomération,Hors intersection,Pluie légère,Autre collision,,,,,,,,,,,1,2,1,2.0,6.0
201100039800,0011-01-18 19:40:00,11,1,18,19,40,690,264,"0, HERRIOT EDOUARD  AV",,,Nuit avec éclairage allumé,En agglomération,Giratoire,Normale,Deux véhicules - arrière,,,,,,,,,,,5,2,6,1.0,2.0
201100039801,0011-01-31 19:00:00,11,1,31,19,0,690,264,BURDEAU   BD ( HORS GEAN,,,Nuit avec éclairage allumé,En agglomération,Giratoire,Normale,Deux véhicules - côté,,,,,,,,,,,5,2,6,1.0,3.0
201100039802,0011-02-01 12:10:00,11,2,1,12,10,690,264,"1117, HERRIOT EDOUARD  A",,,Plein jour,En agglomération,Hors intersection,Normale,Deux véhicules - arrière,,,,,,,,,,,1,2,1,1.0,2.0
201100039803,0011-02-02 08:35:00,11,2,2,8,35,690,264,GRANGE BLAZET,,,Plein jour,En agglomération,Hors intersection,Normale,Autre collision,,,,,,,,,,,1,2,1,1.0,6.0
201100039804,0011-02-07 13:15:00,11,2,7,13,15,690,13,NIZERAND (RUE DU),,,Plein jour,En agglomération,Intersection en T,Normale,Sans collision,,,,,,,,,,,1,2,3,1.0,7.0
201100039805,0011-02-16 15:30:00,11,2,16,15,30,690,264,"768, BURDEAU   BD ( HORS",,,Plein jour,En agglomération,Hors intersection,Normale,Autre collision,,,,,,,,,,,1,2,1,1.0,6.0
201100039806,0011-02-22 18:00:00,11,2,22,18,0,690,264,LECLERC GENERAL  BD,,,Nuit avec éclairage allumé,En agglomération,Intersection en X,Normale,Deux véhicules - côté,,,,,,,,,,,5,2,2,1.0,3.0
201100039807,0011-03-05 18:30:00,11,3,5,18,30,690,264,"1525, FRANS ROUTE DE",,,Plein jour,En agglomération,Hors intersection,Normale,Autre collision,,,,,,,,,,,1,2,1,1.0,6.0
201100039808,0011-03-06 01:45:00,11,3,6,1,45,690,264,BEAUREGARD DE ROUTE,,,Nuit avec éclairage allumé,Hors agglomération,Hors intersection,Normale,Deux véhicules - frontale,,,,,,,,,,,5,1,1,1.0,1.0
201100039809,0011-03-27 14:55:00,11,3,27,14,55,690,264,"551, LAMARTINE  R",,,Plein jour,En agglomération,Hors intersection,Temps couvert,Autre collision,,,,,,,,,,,1,2,1,8.0,6.0
201100039810,0011-05-25 17:00:00,11,5,25,17,0,690,264,GRANGE BLAZET,,,Plein jour,En agglomération,Hors intersection,Normale,Autre collision,,,,,,,,,,,1,2,1,1.0,6.0
201100039811,0011-05-31 12:00:00,11,5,31,12,0,690,264,MEUNIER-VIAL FRANCOIS  R,,,Plein jour,Hors agglomération,Giratoire,Pluie forte,Autre collision,,,,,,,,,,,1,1,6,3.0,6.0
201100039812,0011-04-05 17:15:00,11,4,5,17,15,690,264,", LECLERC GENERAL  BD",,,Plein jour,En agglomération,Giratoire,Normale,Autre collision,,,,,,,,,,,1,2,6,1.0,6.0
201100039813,0011-04-20 06:15:00,11,4,20,6,15,690,264,LECLERC GENERAL  BD,,,Crépuscule ou aube,En agglomération,Intersection à plus de 4 branches,Normale,Deux véhicules - côté,,,,,,,,,,,2,2,5,1.0,3.0
201100039814,0011-03-16 16:45:00,11,3,16,16,45,690,264,JAURES JEAN  BD,,,Plein jour,En agglomération,Hors intersection,Normale,Autre collision,,,,,,,,,,,1,2,1,1.0,6.0
201100039815,0011-07-12 09:15:00,11,7,12,9,15,690,115,"226, ECOSSAIS (RUE DES)",,,Plein jour,En agglomération,Hors intersection,Normale,Autre collision,,,,,,,,,,,1,2,1,1.0,6.0
201100039816,0011-07-16 16:35:00,11,7,16,16,35,690,264,QUARANTAINE  RUE DE LA,,,Plein jour,En agglomération,Hors intersection,Normale,Deux véhicules - côté,,,,,,,,,,,1,2,1,1.0,3.0
201100039817,0011-07-31 03:00:00,11,7,31,3,0,690,264,LECLERC GENERAL  BD,,,Nuit avec éclairage allumé,En agglomération,Hors intersection,Normale,Autre collision,,,,,,,,,,,5,2,1,1.0,6.0
201100039818,0011-09-21 15:55:00,11,9,21,15,55,690,264,BURDEAU BD,,,Plein jour,En agglomération,Giratoire,Normale,Autre collision,,,,,,,,,,,1,2,6,1.0,6.0
201100039819,0011-10-14 13:20:00,11,10,14,13,20,690,264,"233, RENAN ERNEST  R",,,Plein jour,En agglomération,Hors intersection,Normale,Autre collision,,,,,,,,,,,1,2,1,1.0,6.0
201100039820,0011-10-15 18:25:00,11,10,15,18,25,690,264,"1951, RIOTTIER  ROUTE DE",,,Crépuscule ou aube,Hors agglomération,Intersection en T,Normale,Deux véhicules - côté,,,,,,,,,,,2,1,3,1.0,3.0
201100039821,0011-11-04 17:05:00,11,11,4,17,5,690,264,"236, BOIRON    R",,,Nuit avec éclairage allumé,En agglomération,Hors intersection,Pluie forte,Autre collision,,,,,,,,,,,5,2,1,3.0,6.0
201100039822,0011-11-24 18:25:00,11,11,24,18,25,690,264,"385, EUROPE L'  AV DE",,,Nuit avec éclairage allumé,En agglomération,Hors intersection,Normale,Autre collision,,,,,,,,,,,5,2,1,1.0,6.0
201100039823,0011-11-21 18:30:00,11,11,21,18,30,690,264,"282, GANTILLON  R",,,Nuit sans éclairage public,En agglomération,Hors intersection,Normale,Deux véhicules - côté,,,,,,,,,,,3,2,1,1.0,3.0
201100039824,0011-12-12 17:45:00,11,12,12,17,45,690,264,BOIRON    R,,,Nuit avec éclairage allumé,En agglomération,Hors intersection,Normale,Deux véhicules - côté,,,,,,,,,,,5,2,1,1.0,3.0
201100039825,0011-12-17 15:30:00,11,12,17,15,30,690,264,MEUNIER-VIAL FRANCOIS  R,,,Plein jour,En agglomération,Hors intersection,Normale,Deux véhicules - arrière,,,,,,,,,,,1,2,1,1.0,2.0
201100039826,0011-01-12 17:30:00,11,1,12,17,30,690,266,"25, RUE EUGENE POTTIER",,,Nuit sans éclairage public,En agglomération,Hors intersection,Pluie légère,Autre collision,,,,,,,,,,,3,2,1,2.0,6.0
201100039827,0011-01-05 10:20:00,11,1,5,10,20,690,266,"1, RUE DE LA DOUA",,,Plein jour,En agglomération,Intersection en X,Normale,Autre collision,,,,,,,,,,,1,2,2,1.0,6.0
201100039828,0011-01-17 15:30:00,11,1,17,15,30,690,266,"84, RUE DE LA SOIE",,,Plein jour,En agglomération,Hors intersection,Normale,Autre collision,,,,,,,,,,,1,2,1,1.0,6.0
201100039829,0011-01-18 13:45:00,11,1,18,13,45,690,266,"., COURS EMILE ZOLA",,,Plein jour,En agglomération,Intersection en T,Normale,Autre collision,,,,,,,,,,,1,2,3,1.0,6.0
201100039830,0011-01-10 16:40:00,11,1,10,16,40,690,266,"1, RUE DE LA POUDRETTE",,,Plein jour,En agglomération,Intersection en T,Normale,Autre collision,,,,,,,,,,,1,2,3,1.0,6.0
201100039831,0011-01-04 00:10:00,11,1,4,0,10,690,266,"40, RUE PIERRE BARATIN",,,Nuit avec éclairage allumé,En agglomération,Hors intersection,Neige / grêle,Autre collision,,,,,,,,,,,5,2,1,4.0,6.0
201100039832,0011-01-28 13:29:00,11,1,28,13,29,690,266,"13, RUE DE LA COOPERATIV",,,Plein jour,En agglomération,Autre intersection,Normale,Autre collision,,,,,,,,,,,1,2,9,1.0,6.0
201100039833,0011-02-04 08:40:00,11,2,4,8,40,690,266,"283, ROUTE DE GENAS",,,Plein jour,En agglomération,Hors intersection,Pluie légère,Autre collision,,,,,,,,,,,1,2,1,2.0,6.0
201100039834,0011-02-11 10:40:00,11,2,11,10,40,690,266,"8, ROUTE DE GENAS",,,Plein jour,En agglomération,Hors intersection,Normale,Deux véhicules - arrière,,,,,,,,,,,1,2,1,1.0,2.0
201100039835,0011-02-12 10:50:00,11,2,12,10,50,690,266,"1, PONT RAYMOND POINCARE",,,Plein jour,Hors agglomération,Intersection en Y,Normale,Autre collision,,,,,,,,,,,1,1,4,1.0,6.0
201100039836,0011-02-20 11:50:00,11,2,20,11,50,690,266,"1, RUE DES CHARMETTES",,,Plein jour,En agglomération,Intersection en X,Normale,Deux véhicules - côté,,,,,,,,,,,1,2,2,1.0,3.0
201100039837,0011-02-23 11:40:00,11,2,23,11,40,690,266,"44, PLACE JULES GRANDCLE",,,Plein jour,En agglomération,Autre intersection,Normale,Autre collision,,,,,,,,,,,1,2,9,1.0,6.0
201100039838,0011-03-25 17:50:00,11,3,25,17,50,690,266,"1, COURS EMILE ZOLA",,,Plein jour,En agglomération,Intersection en X,Normale,Autre collision,,,,,,,,,,,1,2,2,1.0,6.0
201100039839,0011-03-11 13:00:00,11,3,11,13,0,690,266,"272, COURS EMILE ZOLA",,,Plein jour,En agglomération,Intersection en T,Normale,Deux véhicules - côté,,,,,,,,,,,1,2,3,1.0,3.0
201100039840,0011-04-07 21:30:00,11,4,7,21,30,690,266,"27, RUE JEAN JAURES",,,Nuit sans éclairage public,En agglomération,Intersection en T,Normale,Deux véhicules - côté,,,,,,,,,,,3,2,3,1.0,3.0
201100039841,0011-04-09 22:50:00,11,4,9,22,50,690,266,BPNL,,,Nuit avec éclairage allumé,En agglomération,Hors intersection,Normale,Autre collision,,,,,,,,,,,5,2,1,1.0,6.0
201100039842,0011-04-10 20:40:00,11,4,10,20,40,690,266,"1, RUE ANATOLE FRANCE",,,Nuit avec éclairage allumé,En agglomération,Intersection en X,Normale,Deux véhicules - côté,,,,,,,,,,,5,2,2,1.0,3.0
201100039843,0011-04-20 13:15:00,11,4,20,13,15,690,266,"1, PONT DE CROIX LUIZET",,,Plein jour,En agglomération,Hors intersection,Normale,Deux véhicules - frontale,,,,,,,,,,,1,2,1,1.0,1.0
201100039844,0011-04-27 21:40:00,11,4,27,21,40,690,266,"1, RUE LUCETTE ET RENE D",,,Nuit sans éclairage public,En agglomération,Intersection en T,Normale,Deux véhicules - côté,,,,,,,,,,,3,2,3,1.0,3.0
201100039845,0011-04-30 11:10:00,11,4,30,11,10,690,266,"275, COURS EMILE ZOLA",,,Plein jour,En agglomération,Hors intersection,Normale,Autre collision,,,,,,,,,,,1,2,1,1.0,6.0
201100039846,0011-04-05 12:15:00,11,4,5,12,15,690,266,"1, ROUTE DE GENAS",,,Plein jour,En agglomération,Autre intersection,Normale,Sans collision,,,,,,,,,,,1,2,9,1.0,7.0
201100039847,0011-04-19 06:50:00,11,4,19,6,50,690,266,"1, COURS ANDRE PHILIP",,,Plein jour,En agglomération,Hors intersection,Normale,Autre collision,,,,,,,,,,,1,2,1,1.0,6.0
201100039848,0011-04-27 12:30:00,11,4,27,12,30,690,266,"120, RUE ANATOLE FRANCE",,,Plein jour,En agglomération,Hors intersection,Normale,Deux véhicules - arrière,,,,,,,,,,,1,2,1,1.0,2.0
201100039849,0011-05-04 19:59:00,11,5,4,19,59,690,266,"332, COURS EMILE ZOLA",,,Crépuscule ou aube,En agglomération,Hors intersection,Normale,Deux véhicules - arrière,,,,,,,,,,,2,2,1,1.0,2.0
201100039850,0011-05-18 07:40:00,11,5,18,7,40,690,266,"1, BOULEVARD LAURENT BON",,,Plein jour,En agglomération,Hors intersection,Normale,Autre collision,,,,,,,,,,,1,2,1,1.0,6.0
201100039851,0011-05-27 12:10:00,11,5,27,12,10,690,266,"15, AVENUE HENRI BARBUSS",,,Plein jour,En agglomération,Hors intersection,Normale,Autre collision,,,,,,,,,,,1,2,1,1.0,6.0
201100039852,0011-04-22 16:20:00,11,4,22,16,20,690,266,"76, RUE NICOLAS GARNIER",,,Plein jour,En agglomération,Hors intersection,Normale,Autre collision,,,,,,,,,,,1,2,1,1.0,6.0
201100039853,0011-05-28 15:00:00,11,5,28,15,0,690,266,"2, COURS TOLSTOI",,,Plein jour,En agglomération,Hors intersection,Normale,Autre collision,,,,,,,,,,,1,2,1,1.0,6.0
201100039854,0011-06-07 08:40:00,11,6,7,8,40,690,266,"163, RUE DU 4 AOUT 1789",,,Plein jour,En agglomération,Hors intersection,Normale,Deux véhicules - arrière,,,,,,,,,,,1,2,1,1.0,2.0
201100039855,0011-06-15 14:50:00,11,6,15,14,50,690,266,"1, RUE LUCETTE ET RENE D",,,Plein jour,En agglomération,Intersection en T,Normale,Deux véhicules - frontale,,,,,,,,,,,1,2,3,1.0,1.0
201100039856,0011-06-19 16:40:00,11,6,19,16,40,690,266,"31, COURS EMILE ZOLA",,,Plein jour,En agglomération,Hors intersection,Normale,Autre collision,,,,,,,,,,,1,2,1,1.0,6.0
201100039857,0011-06-24 13:40:00,11,6,24,13,40,690,266,"19, PLACE JULES GRANDCLE",,,Plein jour,En agglomération,Hors intersection,Normale,Autre collision,,,,,,,,,,,1,2,1,1.0,6.0
201100039858,0011-06-18 19:00:00,11,6,18,19,0,690,266,"20, RUE DU CANAL",,,Plein jour,En agglomération,Hors intersection,Normale,Autre collision,,,,,,,,,,,1,2,1,1.0,6.0
201100039859,0011-07-01 07:30:00,11,7,1,7,30,690,266,"244, RUE FRANCIS DE PRES",,,Plein jour,En agglomération,Intersection en X,Normale,Autre collision,,,,,,,,,,,1,2,2,1.0,6.0
201100039860,0011-06-17 15:30:00,11,6,17,15,30,690,266,"54, AVENUE GENERAL LECLE",,,Plein jour,En agglomération,Intersection en T,Normale,Deux véhicules - frontale,,,,,,,,,,,1,2,3,1.0,1.0
201100039861,0011-06-18 10:20:00,11,6,18,10,20,690,266,"198, COURS EMILE ZOLA",,,Plein jour,En agglomération,Hors intersection,Temps couvert,Autre collision,,,,,,,,,,,1,2,1,8.0,6.0
201100039862,0011-07-04 08:00:00,11,7,4,8,0,690,266,"164, RUE LEON BLUM",,,Plein jour,En agglomération,Hors intersection,Normale,Deux véhicules - côté,,,,,,,,,,,1,2,1,1.0,3.0
201100039863,0011-07-06 16:00:00,11,7,6,16,0,690,266,"102, AVENUE ROGER SALENG",,,Plein jour,En agglomération,Hors intersection,Normale,Trois véhicules et plus - collisions multiples,,,,,,,,,,,1,2,1,1.0,5.0
201100039864,0011-07-21 01:20:00,11,7,21,1,20,690,266,"81, RUE DU 1 MARS 1943",,,Nuit sans éclairage public,En agglomération,Hors intersection,Normale,Autre collision,,,,,,,,,,,3,2,1,1.0,6.0
201100039865,0011-07-23 19:00:00,11,7,23,19,0,690,266,"35, RUE COLIN",,,Plein jour,En agglomération,Hors intersection,Pluie légère,Autre collision,,,,,,,,,,,1,2,1,2.0,6.0
201100039866,0011-07-26 17:40:00,11,7,26,17,40,690,266,"1, COURS EMILE ZOLA",,,Plein jour,En agglomération,Intersection en X,Normale,Deux véhicules - côté,,,,,,,,,,,1,2,2,1.0,3.0
201100039867,0011-07-28 19:00:00,11,7,28,19,0,690,266,"., RUE LAFONTAINE",,,Plein jour,En agglomération,Intersection en X,Normale,Autre collision,,,,,,,,,,,1,2,2,1.0,6.0
201100039868,0011-07-30 10:00:00,11,7,30,10,0,690,266,RUE LEON BLUM,,,Plein jour,En agglomération,Intersection en T,Normale,Autre collision,,,,,,,,,,,1,2,3,1.0,6.0
201100039869,0011-07-31 11:40:00,11,7,31,11,40,690,266,"1, RUE LOUIS BECKER",,,Plein jour,En agglomération,Intersection en X,Normale,Deux véhicules - côté,,,,,,,,,,,1,2,2,1.0,3.0
201100039870,0011-08-12 08:15:00,11,8,12,8,15,690,266,RUE LOUIS GUERIN,,,Plein jour,En agglomération,Intersection en X,Normale,Autre collision,,,,,,,,,,,1,2,2,1.0,6.0