accident_id,datetime,annee,mois,jour,heure,minute,departement,commune_insee,adresse,latitude,longitude,luminosite,agglomeration,intersection,meteo,collision,nb_vehicules,nb_usagers,nb_indemnes,nb_tues,nb_blesses_hosp,nb_blesses_legers,age_cond_1,age_cond_2,veh_type_cond_1,veh_type_cond_2,lum_code,agg_code,int_code,atm_code,col_code
201100040125,0011-09-27 11:00:00,11,9,27,11,0,710,153,ABATTOIRS (BOULEVARD DES,46.7879,4.44449,Plein jour,En agglomération,Hors intersection,Normale,Deux véhicules - arrière,,,,,,,,,,,1,2,1,1.0,2.0
201100040126,0011-11-08 17:45:00,11,11,8,17,45,710,153,"129, MARECHAL FOCH (RUE)",,,Nuit avec éclairage allumé,En agglomération,Hors intersection,Normale,Autre collision,,,,,,,,,,,5,2,1,1.0,6.0
201100040127,0011-01-04 16:00:00,11,1,4,16,0,710,270,"1, MON REPOS (AVENUE)",8.88385,,Plein jour,En agglomération,Hors intersection,Normale,Autre collision,,,,,,,,,,,1,2,1,1.0,6.0
201100040128,0011-01-08 16:55:00,11,1,8,16,55,710,497,GENERAL DE GAULLE (BOULE,,,Plein jour,En agglomération,Hors intersection,Normale,Autre collision,,,,,,,,,,,1,2,1,1.0,6.0
201100040129,0011-01-12 14:15:00,11,1,12,14,15,710,497,CARF.19 MARS 1962/BD G?N,,,Plein jour,En agglomération,Intersection en X,Pluie légère,Trois véhicules et plus - collisions multiples,,,,,,,,,,,1,2,2,2.0,5.0
201100040130,0011-01-26 07:55:00,11,1,26,7,55,710,270,"1, REPUBLIQUE (RUE DE LA",,,Plein jour,En agglomération,Hors intersection,Normale,Autre collision,,,,,,,,,,,1,2,1,1.0,6.0
201100040131,0011-02-07 21:30:00,11,2,7,21,30,710,270,"7, MOREAU (COURS)",,,Nuit avec éclairage allumé,En agglomération,Hors intersection,Normale,Deux véhicules - côté,,,,,,,,,,,5,2,1,1.0,3.0
201100040132,0011-02-08 12:15:00,11,2,8,12,15,710,270,"1, RAMBUTEAU (RUE)",,,Plein jour,En agglomération,Autre intersection,Normale,Deux véhicules - côté,,,,,,,,,,,1,2,9,1.0,3.0
201100040133,0011-02-08 07:25:00,11,2,8,7,25,710,270,"1, PARKING AUCHAN/CORPS",,,Crépuscule ou aube,En agglomération,Intersection en T,Normale,Deux véhicules - côté,,,,,,,,,,,2,2,3,1.0,3.0
201100040134,0011-02-17 21:40:00,11,2,17,21,40,710,270,"1, PAQUIER SAINT-ANTOINE",,,Nuit avec éclairage allumé,En agglomération,Hors intersection,Normale,Autre collision,,,,,,,,,,,5,2,1,1.0,6.0
201100040135,0011-02-23 15:55:00,11,2,23,15,55,710,270,BARRE (PLACE DE LA),,,Plein jour,En agglomération,Hors intersection,Normale,Autre collision,,,,,,,,,,,1,2,1,1.0,6.0
201100040136,0011-02-24 21:40:00,11,2,24,21,40,710,270,"1, INTER RUE GAMBETTA/RU",,,Nuit avec éclairage allumé,En agglomération,Intersection en X,Pluie légère,Deux véhicules - côté,,,,,,,,,,,5,2,2,2.0,3.0
201100040137,0011-02-24 16:05:00,11,2,24,16,5,710,497,GENERAL DE GAULLE (BOULE,,,Plein jour,En agglomération,Hors intersection,Normale,Deux véhicules - arrière,,,,,,,,,,,1,2,1,1.0,2.0
201100040138,0011-03-10 07:15:00,11,3,10,7,15,710,105,"122, COUPEE (GRANDE-RUE",,,Plein jour,En agglomération,Hors intersection,Normale,Autre collision,,,,,,,,,,,1,2,1,1.0,6.0
201100040139,0011-04-01 16:30:00,11,4,1,16,30,710,497,PONT DU PILON,,,Plein jour,Hors agglomération,Hors intersection,Normale,Trois véhicules et plus - collisions multiples,,,,,,,,,,,1,1,1,1.0,5.0
201100040140,0011-04-06 11:00:00,11,4,6,11,0,710,105,"7, AMROISE-PARE (RUE)",,,Plein jour,En agglomération,Hors intersection,Normale,Deux véhicules - côté,,,,,,,,,,,1,2,1,1.0,3.0
201100040141,0011-04-24 20:40:00,11,4,24,20,40,710,270,"10, LILAS (RUE DES)",,,Crépuscule ou aube,En agglomération,Hors intersection,Normale,Autre collision,,,,,,,,,,,2,2,1,1.0,6.0
201100040142,0011-04-29 23:15:00,11,4,29,23,15,710,270,RN79,8.8519,,Nuit avec éclairage allumé,En agglomération,Hors intersection,Normale,Sans collision,,,,,,,,,,,5,2,1,1.0,7.0
201100040143,0011-05-09 20:05:00,11,5,9,20,5,710,105,"42, COUPEE (GRANDE-RUE D",8.87624,,Crépuscule ou aube,En agglomération,Hors intersection,Normale,Autre collision,,,,,,,,,,,2,2,1,1.0,6.0
201100040144,0011-05-10 16:55:00,11,5,10,16,55,710,270,RD 169 - ROUTE DU GRAND,8.85855,,Plein jour,En agglomération,Hors intersection,Normale,Deux véhicules - côté,,,,,,,,,,,1,2,1,1.0,3.0
201100040145,0011-05-21 11:50:00,11,5,21,11,50,710,497,"1, BEAUSOLEIL (RUE)",8.90203,,Plein jour,En agglomération,Intersection en X,Normale,Deux véhicules - côté,,,,,,,,,,,1,2,2,1.0,3.0
201100040146,0011-05-31 15:05:00,11,5,31,15,5,710,270,LIBERTE (RUE DE LA),8.88655,,Plein jour,En agglomération,Hors intersection,Pluie légère,Autre collision,,,,,,,,,,,1,2,1,2.0,6.0
201100040147,0011-06-10 21:00:00,11,6,10,21,0,710,270,EUROPE (CARREFOUR DE L'),8.86858,,Plein jour,En agglomération,Autre intersection,Normale,Autre collision,,,,,,,,,,,1,2,9,1.0,6.0
201100040148,0011-06-12 20:35:00,11,6,12,20,35,710,270,"1, RUE DE L'EUROPE/RUE M",8.86741,,Crépuscule ou aube,En agglomération,Intersection en X,Normale,Deux véhicules - côté,,,,,,,,,,,2,2,2,1.0,3.0
201100040149,0011-06-11 09:05:00,11,6,11,9,5,710,511,"1, RD672 BRETELLE / RD 9",8.91372,,Plein jour,Hors agglomération,Autre intersection,Normale,Deux véhicules - côté,,,,,,,,,,,1,1,9,1.0,3.0
201100040150,0011-06-24 21:15:00,11,6,24,21,15,710,105,"155, MICHELET (RUE)",8.87244,,Crépuscule ou aube,En agglomération,Hors intersection,Normale,Autre collision,,,,,,,,,,,2,2,1,1.0,6.0
201100040151,0011-06-27 11:40:00,11,6,27,11,40,710,105,ROUTE DE DAVAYE,46.2988,4.77688,Plein jour,En agglomération,Hors intersection,Normale,Autre collision,,,,,,,,,,,1,2,1,1.0,6.0
201100040152,0011-07-12 07:25:00,11,7,12,7,25,710,105,"1, BIGONNET (RUE)",8.87108,,Plein jour,En agglomération,Hors intersection,Normale,Autre collision,,,,,,,,,,,1,2,1,1.0,6.0
201100040153,0011-08-10 08:30:00,11,8,10,8,30,710,105,RN79,8.85553,,Plein jour,Hors agglomération,Hors intersection,Normale,Deux véhicules - frontale,,,,,,,,,,,1,1,1,1.0,1.0
201100040154,0011-08-18 13:30:00,11,8,18,13,30,710,105,RUE FREDERIC MISTRAL,46.2883,4.80836,Plein jour,En agglomération,Hors intersection,Normale,Autre collision,,,,,,,,,,,1,2,1,1.0,6.0
201100040155,0011-08-26 15:00:00,11,8,26,15,0,710,105,"59, PILLET (RUE CHARLES)",8.86524,,Plein jour,En agglomération,Hors intersection,Temps couvert,Deux véhicules - côté,,,,,,,,,,,1,2,1,8.0,3.0
201100040156,0011-08-30 02:00:00,11,8,30,2,0,710,105,"1, INTERSECTION RUE P.EL",8.85906,,Nuit avec éclairage allumé,En agglomération,Autre intersection,Normale,Sans collision,,,,,,,,,,,5,2,9,1.0,7.0
201100040157,0011-09-02 13:45:00,11,9,2,13,45,710,105,"15, EUROPE (RUE DE L')",46.2994,4.82617,Plein jour,En agglomération,Hors intersection,Normale,Autre collision,,,,,,,,,,,1,2,1,1.0,6.0
201100040158,0011-09-05 07:15:00,11,9,5,7,15,710,105,ROUTE NATIONALE 79,46.291,4.7758,Crépuscule ou aube,Hors agglomération,Hors intersection,Normale,Trois véhicules et plus - collisions multiples,,,,,,,,,,,2,1,1,1.0,5.0
201100040159,0011-09-15 18:10:00,11,9,15,18,10,710,270,"149, LIBERTE (RUE DE LA)",46.3207,4.81598,Plein jour,En agglomération,Hors intersection,Normale,Autre collision,,,,,,,,,,,1,2,1,1.0,6.0
201100040160,0011-09-16 21:10:00,11,9,16,21,10,710,105,"05, GENDARMERIE (AVENUE",46.3049,4.81349,Nuit avec éclairage allumé,En agglomération,Hors intersection,Normale,Autre collision,,,,,,,,,,,5,2,1,1.0,6.0
201100040161,0011-09-20 20:25:00,11,9,20,20,25,710,497,"1, GAUDRIOLLES (RUE DES)",46.3324,4.82437,Crépuscule ou aube,En agglomération,Hors intersection,Normale,Deux véhicules - frontale,,,,,,,,,,,2,2,1,1.0,1.0
201100040162,0011-10-10 20:45:00,11,10,10,20,45,710,270,"1, INTERS RUE LACRETELLE",,,Crépuscule ou aube,En agglomération,Intersection en X,Normale,Deux véhicules - côté,,,,,,,,,,,2,2,2,1.0,3.0
201100040163,0011-11-10 07:50:00,11,11,10,7,50,710,270,"1, SCHOELCHER (BOULEVARD",,,Crépuscule ou aube,En agglomération,Hors intersection,Normale,Autre collision,,,,,,,,,,,2,2,1,1.0,6.0
201100040164,0011-11-11 01:15:00,11,11,11,1,15,710,270,"164, RAMBUTEAU (RUE)",,,Nuit avec éclairage allumé,En agglomération,Hors intersection,Brouillard / fumée,Autre collision,,,,,,,,,,,5,2,1,5.0,6.0
201100040165,0011-11-12 16:45:00,11,11,12,16,45,710,260,"1, CHEMIN DES GRANDS SIL",,,Plein jour,En agglomération,Hors intersection,Normale,Deux véhicules - côté,,,,,,,,,,,1,2,1,1.0,3.0
201100040166,0011-11-22 13:25:00,11,11,22,13,25,710,270,MERMOZ (RUE JEAN),,,Plein jour,En agglomération,Hors intersection,Normale,Autre collision,,,,,,,,,,,1,2,1,1.0,6.0
201100040167,0011-11-29 15:10:00,11,11,29,15,10,710,270,"1, HUGO (RUE VICTOR)",,,Plein jour,En agglomération,Hors intersection,Normale,Autre collision,,,,,,,,,,,1,2,1,1.0,6.0
201100040168,0011-01-01 03:10:00,11,1,1,3,10,710,499,SAINT EUGENE (RUE ),,,Nuit sans éclairage public,Hors agglomération,Hors intersection,Normale,Sans collision,,,,,,,,,,,3,1,1,1.0,7.0
201100040169,0011-01-17 07:40:00,11,1,17,7,40,710,306,"4, JEAN BOUVERI (RUE)",46.6731,4.36691,Crépuscule ou aube,En agglomération,Intersection en X,Normale,Sans collision,,,,,,,,,,,2,2,2,1.0,7.0
201100040170,0011-01-21 18:15:00,11,1,21,18,15,710,40,"24, BOIS DES RANCHES (RU",,,Nuit avec éclairage allumé,En agglomération,Intersection en X,Normale,Deux véhicules - côté,,,,,,,,,,,5,2,2,1.0,3.0
201100040171,0011-02-14 16:15:00,11,2,14,16,15,710,40,RN 70 (ROUTE EXPRESS),,,Plein jour,Hors agglomération,Hors intersection,Pluie légère,Autre collision,,,,,,,,,,,1,1,1,2.0,6.0
201100040172,0011-03-03 08:05:00,11,3,3,8,5,710,40,ROUTE VENANT DE TORCY,,,Plein jour,Hors agglomération,Intersection en T,Normale,Deux véhicules - côté,,,,,,,,,,,1,1,3,1.0,3.0
201100040173,0011-04-05 06:40:00,11,4,5,6,40,710,40,"4, MACON (ROUTE DE)",,,Crépuscule ou aube,En agglomération,Hors intersection,Normale,Sans collision,,,,,,,,,,,2,2,1,1.0,7.0
201100040174,0011-04-09 21:20:00,11,4,9,21,20,710,306,11 rue champ du moulin,,,Nuit avec éclairage allumé,En agglomération,Intersection en T,Normale,Deux véhicules - côté,,,,,,,,,,,5,2,3,1.0,3.0
201100040175,0011-04-16 16:10:00,11,4,16,16,10,710,306,"25, GENERAL DE GAULLE (Q",,,Plein jour,En agglomération,Hors intersection,Normale,Sans collision,,,,,,,,,,,1,2,1,1.0,7.0
201100040176,0011-05-31 19:00:00,11,5,31,19,0,710,499,"21, CARNOT (RUE)",9.15051,,Plein jour,En agglomération,Hors intersection,Normale,Deux véhicules - frontale,,,,,,,,,,,1,2,1,1.0,1.0
201100040177,0011-06-04 19:30:00,11,6,4,19,30,710,486,"6, MAX DORMOY (AVENUE)",9.14756,,Plein jour,En agglomération,Hors intersection,Pluie légère,Deux véhicules - côté,,,,,,,,,,,1,2,1,2.0,3.0
201100040178,0011-06-15 21:20:00,11,6,15,21,20,710,40,"24, MACON (ROUTE DE)",9.18574,,Plein jour,En agglomération,Intersection en T,Normale,Deux véhicules - côté,,,,,,,,,,,1,2,3,1.0,3.0
201100040179,0011-07-15 19:45:00,11,7,15,19,45,710,499,VOIE COMMUNALE (N?8),9.17064,,Plein jour,Hors agglomération,Hors intersection,Normale,Deux véhicules - frontale,,,,,,,,,,,1,1,1,1.0,1.0
201100040180,0011-08-11 17:25:00,11,8,11,17,25,710,306,"46, JULES CHAGOT (QUAI)",9.17745,,Plein jour,En agglomération,Intersection en T,Normale,Autre collision,,,,,,,,,,,1,2,3,1.0,6.0
201100040181,0011-08-25 15:05:00,11,8,25,15,5,710,306,"20, METZ (RUE DE)",9.16895,,Plein jour,En agglomération,Hors intersection,Normale,Deux véhicules - arrière,,,,,,,,,,,1,2,1,1.0,2.0
201100040182,0011-08-31 09:55:00,11,8,31,9,55,710,40,"4, JOSEPH LAMBERT (RUE)",9.19369,,Plein jour,En agglomération,Hors intersection,Normale,Sans collision,,,,,,,,,,,1,2,1,1.0,7.0
201100040183,0011-09-02 12:00:00,11,9,2,12,0,710,486,"1, MAX DORMOY (AVENUE)",46.6428,4.32426,Plein jour,En agglomération,Giratoire,Normale,Deux véhicules - arrière,,,,,,,,,,,1,2,6,1.0,2.0
201100040184,0011-09-20 08:25:00,11,9,20,8,25,710,306,"101, COUDRAIE (RUE DE LA",46.692,4.34849,Plein jour,En agglomération,Hors intersection,Normale,Deux véhicules - arrière,,,,,,,,,,,1,2,1,1.0,2.0
201100040185,0011-09-22 22:25:00,11,9,22,22,25,710,486,RN 70 (ROUTE EXPRESS),46.6566,4.33063,Nuit sans éclairage public,Hors agglomération,Hors intersection,Normale,Sans collision,,,,,,,,,,,3,1,1,1.0,7.0
201100040186,0011-10-07 10:55:00,11,10,7,10,55,710,306,"1, ROUGET DE L'ISLE (RUE",,,Plein jour,En agglomération,Intersection en X,Normale,Deux véhicules - côté,,,,,,,,,,,1,2,2,1.0,3.0
201100040187,0011-10-08 21:05:00,11,10,8,21,5,710,486,"57, ANATOLE FRANCE (RUE)",,,Nuit avec éclairage allumé,En agglomération,Hors intersection,Pluie légère,Deux véhicules - frontale,,,,,,,,,,,5,2,1,2.0,1.0
201100040188,0011-10-15 17:30:00,11,10,15,17,30,710,306,"22, METZ (RUE DE)",,,Plein jour,En agglomération,Hors intersection,Normale,Sans collision,,,,,,,,,,,1,2,1,1.0,7.0
201100040189,0011-10-31 15:45:00,11,10,31,15,45,710,306,"10, DE LATTRE DE TASSIGN",,,Plein jour,En agglomération,Intersection en T,Normale,Sans collision,,,,,,,,,,,1,2,3,1.0,7.0
201100040190,0011-11-04 17:50:00,11,11,4,17,50,710,306,"10, DE LATTRE DE TASSIGN",,,Nuit avec éclairage non allumé,En agglomération,Intersection en T,Pluie forte,Sans collision,,,,,,,,,,,4,2,3,3.0,7.0
201100040191,0011-11-12 20:00:00,11,11,12,20,0,710,40,"1, 11 NOVEMBRE 1918 (RUE",,,Nuit avec éclairage allumé,En agglomération,Hors intersection,Brouillard / fumée,Sans collision,,,,,,,,,,,5,2,1,5.0,7.0
201100040192,0011-12-11 18:10:00,11,12,11,18,10,710,486,"12, TITUS-BARTOLI (RUE)",,,Nuit sans éclairage public,En agglomération,Hors intersection,Pluie légère,Sans collision,,,,,,,,,,,3,2,1,2.0,7.0
201100040193,0011-12-22 12:05:00,11,12,22,12,5,710,499,JEAN ZAY (RUE),,,Plein jour,En agglomération,Hors intersection,Normale,Deux véhicules - frontale,,,,,,,,,,,1,2,1,1.0,1.0
201100040194,0011-12-30 21:55:00,11,12,30,21,55,720,181,PREMIERE DIVISION FRANCA,,,Nuit sans éclairage public,Hors agglomération,Hors intersection,Pluie légère,Deux véhicules - frontale,,,,,,,,,,,3,1,1,2.0,1.0
201100040195,0011-12-31 14:15:00,11,12,31,14,15,720,181,GENESLAY FELIX (AV) N? I,,,Plein jour,En agglomération,Intersection en X,Pluie légère,Deux véhicules - côté,,,,,,,,,,,1,2,2,2.0,3.0
201100040196,0011-01-04 08:40:00,11,1,4,8,40,720,181,"241, BERTINIERE (RUE DE",,,Plein jour,En agglomération,Giratoire,Normale,Deux véhicules - côté,,,,,,,,,,,1,2,6,1.0,3.0
201100040197,0011-01-06 18:50:00,11,1,6,18,50,720,3,GAULLE CHARLES DE (AV),,,Nuit avec éclairage allumé,En agglomération,Hors intersection,Pluie légère,Autre collision,,,,,,,,,,,5,2,1,2.0,6.0
201100040198,0011-01-07 07:10:00,11,1,7,7,10,720,181,"156-158, BOLLEE (AV) N°",,,Nuit avec éclairage allumé,En agglomération,Hors intersection,Pluie légère,Autre collision,,,,,,,,,,,5,2,1,2.0,6.0
201100040199,0011-01-08 20:45:00,11,1,8,20,45,720,181,LOUIS BLANC (QUAI),,,Nuit avec éclairage allumé,En agglomération,Hors intersection,Pluie légère,Autre collision,,,,,,,,,,,5,2,1,2.0,6.0
201100040200,0011-01-09 17:37:00,11,1,9,17,37,720,181,ANGEVINIERE (RUE DE L'),,,Crépuscule ou aube,En agglomération,Hors intersection,Normale,Sans collision,,,,,,,,,,,2,2,1,1.0,7.0
201100040201,0011-01-10 08:00:00,11,1,10,8,0,720,181,RUBILLARD AV N° PAIRS 11,,,Nuit avec éclairage allumé,En agglomération,Hors intersection,Pluie légère,Deux véhicules - côté,,,,,,,,,,,5,2,1,2.0,3.0
201100040202,0011-01-10 17:55:00,11,1,10,17,55,720,181,"364, BOLLEE (AV) N° PAIR",,,Nuit avec éclairage allumé,En agglomération,Hors intersection,Normale,Deux véhicules - côté,,,,,,,,,,,5,2,1,1.0,3.0
201100040203,0011-01-11 08:00:00,11,1,11,8,0,720,181,ALLONNES PONT ROUGE (RTE,,,Crépuscule ou aube,En agglomération,Hors intersection,Pluie légère,Deux véhicules - côté,,,,,,,,,,,2,2,1,2.0,3.0
201100040204,0011-01-12 08:22:00,11,1,12,8,22,720,3,RD 23 (RTE),,,Crépuscule ou aube,Hors agglomération,Hors intersection,Pluie légère,Deux véhicules - arrière,,,,,,,,,,,2,1,1,2.0,2.0
201100040205,0011-01-12 11:15:00,11,1,12,11,15,720,181,"388, RHIN ET DANUBE (AV)",,,Plein jour,En agglomération,Hors intersection,Pluie légère,Deux véhicules - arrière,,,,,,,,,,,1,2,1,2.0,2.0
201100040206,0011-01-13 08:25:00,11,1,13,8,25,720,181,"200, SAINT AUBIN (RUE) N",,,Crépuscule ou aube,En agglomération,Hors intersection,Pluie légère,Autre collision,,,,,,,,,,,2,2,1,2.0,6.0
201100040207,0011-01-14 11:15:00,11,1,14,11,15,720,181,"1, GAULLE GENERAL DE (AV",,,Plein jour,En agglomération,Hors intersection,Normale,Sans collision,,,,,,,,,,,1,2,1,1.0,7.0
201100040208,0011-01-14 16:50:00,11,1,14,16,50,720,181,RUBILLARD AV N° PAIRS 11,,,Plein jour,En agglomération,Hors intersection,Pluie légère,Deux véhicules - côté,,,,,,,,,,,1,2,1,2.0,3.0
201100040209,0011-01-15 15:30:00,11,1,15,15,30,720,181,TOURS (RTE) LIGNE DROITE,,,Plein jour,Hors agglomération,Hors intersection,Normale,Autre collision,,,,,,,,,,,1,1,1,1.0,6.0
201100040210,0011-01-15 22:15:00,11,1,15,22,15,720,181,ALENCON (RTE D'),,,Nuit avec éclairage allumé,En agglomération,Giratoire,Normale,Deux véhicules - côté,,,,,,,,,,,5,2,6,1.0,3.0
201100040211,0011-01-21 16:30:00,11,1,21,16,30,720,181,LEFAUCHEUX PIERRE (BD),,,Plein jour,En agglomération,Intersection en T,Normale,Deux véhicules - côté,,,,,,,,,,,1,2,3,1.0,3.0
201100040212,0011-01-22 20:50:00,11,1,22,20,50,720,181,"2, BOLLEE (AV) N° PAIRS",,,Nuit avec éclairage allumé,En agglomération,Hors intersection,Normale,Deux véhicules - côté,,,,,,,,,,,5,2,1,1.0,3.0
201100040213,0011-01-24 13:30:00,11,1,24,13,30,720,181,BROSSOLETTE PIERRE (BD),,,Plein jour,En agglomération,Hors intersection,Normale,Autre collision,,,,,,,,,,,1,2,1,1.0,6.0
201100040214,0011-01-25 12:00:00,11,1,25,12,0,720,181,"sans, DEMORIEUX (BD) ENT",,,Plein jour,En agglomération,Hors intersection,Normale,Deux véhicules - arrière,,,,,,,,,,,1,2,1,1.0,2.0
201100040215,0011-01-26 14:05:00,11,1,26,14,5,720,181,"147, BONNETABLE (RTE) N°",,,Plein jour,En agglomération,Hors intersection,Pluie légère,Autre collision,,,,,,,,,,,1,2,1,2.0,6.0
201100040216,0011-01-26 18:25:00,11,1,26,18,25,720,181,LYAUTEY MARECHAL (AV) N°,,,Nuit avec éclairage allumé,En agglomération,Intersection en X,Pluie légère,Autre collision,,,,,,,,,,,5,2,2,2.0,6.0
201100040217,0011-01-27 17:55:00,11,1,27,17,55,720,181,BOURG BELE (RUE DU)  N°,,,Nuit avec éclairage allumé,En agglomération,Intersection en T,Normale,Deux véhicules - côté,,,,,,,,,,,5,2,3,1.0,3.0
201100040218,0011-01-28 16:05:00,11,1,28,16,5,720,181,DE LA FRESNAYE ROGER (RU,,,Plein jour,En agglomération,Hors intersection,Normale,Autre collision,,,,,,,,,,,1,2,1,1.0,6.0
201100040219,0011-01-29 05:00:00,11,1,29,5,0,720,181,DEMORIEUX (BD) ENTRE HUI,,,Nuit avec éclairage allumé,En agglomération,Hors intersection,Normale,Autre collision,,,,,,,,,,,5,2,1,1.0,6.0
201100040220,0011-01-29 19:05:00,11,1,29,19,5,720,181,"17, BEAULIEU (RUE DE)",,,Nuit avec éclairage allumé,En agglomération,Hors intersection,Normale,Autre collision,,,,,,,,,,,5,2,1,1.0,6.0
201100040221,0011-01-29 19:10:00,11,1,29,19,10,720,181,LAVAL (RTE DE) PAIRS,,,Nuit sans éclairage public,Hors agglomération,Intersection en X,Normale,Deux véhicules - côté,,,,,,,,,,,3,1,2,1.0,3.0
201100040222,0011-01-30 22:00:00,11,1,30,22,0,720,181,CARNOT (BD),,,Nuit avec éclairage allumé,En agglomération,Intersection en X,Normale,Deux véhicules - côté,,,,,,,,,,,5,2,2,1.0,3.0
201100040223,0011-01-31 14:00:00,11,1,31,14,0,720,181,"149, CHAMPION HENRI (RUE",,,Plein jour,En agglomération,Hors intersection,Normale,Autre collision,,,,,,,,,,,1,2,1,1.0,6.0
201100040224,0011-02-01 18:30:00,11,2,1,18,30,720,181,RUBILLARD AV N° PAIRS 11,,,Nuit avec éclairage allumé,En agglomération,Hors intersection,Normale,Deux véhicules - côté,,,,,,,,,,,5,2,1,1.0,3.0
201100040225,0011-02-01 22:15:00,11,2,1,22,15,720,181,JAURES JEAN (AV) N? PAIR,,,Nuit avec éclairage allumé,En agglomération,Hors intersection,Autre,Sans collision,,,,,,,,,,,5,2,1,9.0,7.0
201100040226,0011-02-02 07:05:00,11,2,2,7,5,720,181,BOEUFS LE PETIT HOUX (CH,,,Nuit avec éclairage allumé,En agglomération,Hors intersection,Autre,Sans collision,,,,,,,,,,,5,2,1,9.0,7.0
201100040227,0011-02-02 08:15:00,11,2,2,8,15,720,181,SAVORGNAN DE BRAZZA (AV),,,Nuit avec éclairage allumé,En agglomération,Hors intersection,Normale,Deux véhicules - arrière,,,,,,,,,,,5,2,1,1.0,2.0
201100040228,0011-02-02 11:15:00,11,2,2,11,15,720,181,"172, JAURES JEAN (AV) N°",,,Plein jour,En agglomération,Hors intersection,Brouillard / fumée,Autre collision,,,,,,,,,,,1,2,1,5.0,6.0
201100040229,0011-02-03 17:03:00,11,2,3,17,3,720,181,GAULLE GENERAL DE (AV DU,,,Plein jour,En agglomération,Hors intersection,Normale,Sans collision,,,,,,,,,,,1,2,1,1.0,7.0
201100040230,0011-02-04 08:00:00,11,2,4,8,0,720,181,"227, BERTINIERE (RUE DE",,,Nuit avec éclairage allumé,En agglomération,Hors intersection,Normale,Autre collision,,,,,,,,,,,5,2,1,1.0,6.0
201100040231,0011-02-04 15:50:00,11,2,4,15,50,720,181,RUBILLARD AV N° PAIRS 11,,,Plein jour,En agglomération,Hors intersection,Normale,Deux véhicules - arrière,,,,,,,,,,,1,2,1,1.0,2.0
201100040232,0011-02-06 17:45:00,11,2,6,17,45,720,3,SUZE (RTE DE LA),,,Plein jour,Hors agglomération,Hors intersection,Normale,Sans collision,,,,,,,,,,,1,1,1,1.0,7.0
201100040233,0011-02-06 20:15:00,11,2,6,20,15,720,181,JAURES JEAN (AV) N° PAIR,,,Nuit avec éclairage allumé,En agglomération,Hors intersection,Normale,Autre collision,,,,,,,,,,,5,2,1,1.0,6.0
201100040234,0011-02-07 14:40:00,11,2,7,14,40,720,181,"198, NATIONALE (RUE)",,,Plein jour,En agglomération,Hors intersection,Normale,Deux véhicules - arrière,,,,,,,,,,,1,2,1,1.0,2.0
201100040235,0011-02-09 12:15:00,11,2,9,12,15,720,181,HAREL DE LA NOE LOUIS (R,,,Plein jour,En agglomération,Hors intersection,Normale,Autre collision,,,,,,,,,,,1,2,1,1.0,6.0
201100040236,0011-02-12 00:20:00,11,2,12,0,20,720,181,"185, BOLLEE (AV) N° IMP",,,Nuit avec éclairage allumé,En agglomération,Hors intersection,Normale,Sans collision,,,,,,,,,,,5,2,1,1.0,7.0
201100040237,0011-02-12 14:55:00,11,2,12,14,55,720,181,LYAUTEY MARECHAL (AV) N°,,,Plein jour,En agglomération,Hors intersection,Normale,Autre collision,,,,,,,,,,,1,2,1,1.0,6.0
201100040238,0011-02-12 18:00:00,11,2,12,18,0,720,181,ESTIENNE D'ORVES (BD D'),,,Crépuscule ou aube,En agglomération,Hors intersection,Pluie légère,Sans collision,,,,,,,,,,,2,2,1,2.0,7.0
201100040239,0011-02-13 20:50:00,11,2,13,20,50,720,3,RD 23 (RTE),,,Nuit sans éclairage public,Hors agglomération,Hors intersection,Pluie légère,Autre collision,,,,,,,,,,,3,1,1,2.0,6.0
201100040240,0011-02-16 07:55:00,11,2,16,7,55,720,181,LAROCHE (RUE),,,Nuit avec éclairage allumé,En agglomération,Intersection en T,Pluie légère,Deux véhicules - côté,,,,,,,,,,,5,2,3,2.0,3.0
201100040241,0011-02-17 15:30:00,11,2,17,15,30,720,181,SIEYES (RUE),,,Plein jour,En agglomération,Intersection en X,Normale,Deux véhicules - côté,,,,,,,,,,,1,2,2,1.0,3.0
201100040242,0011-02-18 16:33:00,11,2,18,16,33,720,181,PROUST MARCEL (RUE),,,Plein jour,En agglomération,Intersection en T,Normale,Autre collision,,,,,,,,,,,1,2,3,1.0,6.0
201100040243,0011-02-18 16:30:00,11,2,18,16,30,720,181,Robert Jarry (Bd),,,Plein jour,En agglomération,Hors intersection,Normale,Deux véhicules - côté,,,,,,,,,,,1,2,1,1.0,3.0
201100040244,0011-02-21 17:30:00,11,2,21,17,30,720,181,PLATANES (AV DES),,,Plein jour,En agglomération,Intersection en T,Pluie légère,Deux véhicules - côté,,,,,,,,,,,1,2,3,2.0,3.0
201100040245,0011-02-21 19:15:00,11,2,21,19,15,720,95,SAINT NICOLAS (BD),,,Nuit avec éclairage allumé,En agglomération,Giratoire,Pluie légère,Autre collision,,,,,,,,,,,5,2,6,2.0,6.0
201100040246,0011-02-23 15:30:00,11,2,23,15,30,720,95,PREM DIV FRANCAISE LIBRE,,,Plein jour,Hors agglomération,Hors intersection,Pluie légère,Deux véhicules - arrière,,,,,,,,,,,1,1,1,2.0,2.0
201100040247,0011-02-23 19:05:00,11,2,23,19,5,720,181,KLOTZ HENRI-PIERRE (AV),,,Nuit avec éclairage allumé,En agglomération,Intersection en T,Pluie légère,Deux véhicules - côté,,,,,,,,,,,5,2,3,2.0,3.0
201100040248,0011-02-23 22:30:00,11,2,23,22,30,720,181,"158, MAILLETS (RUE DES)",,,Nuit avec éclairage allumé,En agglomération,Hors intersection,Pluie légère,Sans collision,,,,,,,,,,,5,2,1,2.0,7.0