accident_id,datetime,annee,mois,jour,heure,minute,departement,commune_insee,adresse,latitude,longitude,luminosite,agglomeration,intersection,meteo,collision,nb_vehicules,nb_usagers,nb_indemnes,nb_tues,nb_blesses_hosp,nb_blesses_legers,age_cond_1,age_cond_2,veh_type_cond_1,veh_type_cond_2,lum_code,agg_code,int_code,atm_code,col_code
201100040502,0011-07-15 15:00:00,11,7,15,15,0,730,65,LANDIERS (AVENUE DES),45.60403,5.89253,Plein jour,En agglomération,Hors intersection,Normale,Deux véhicules - côté,,,,,,,,,,,1,2,1,1.0,3.0
201100040503,0011-07-15 15:00:00,11,7,15,15,0,730,87,"0, LYON (ROUTE DE)",45.56253,5.89974,Plein jour,En agglomération,Intersection en X,Normale,Deux véhicules - côté,,,,,,,,,,,1,2,2,1.0,3.0
201100040504,0011-07-28 18:50:00,11,7,28,18,50,730,65,"688, FOLLAZ (AVENUE DES)",45.58399,5.9009,Plein jour,En agglomération,Hors intersection,Normale,Deux véhicules - frontale,,,,,,,,,,,1,2,1,1.0,1.0
201100040505,0011-08-01 17:35:00,11,8,1,17,35,730,65,"293, PARKING GARES ROUTI",45.57007,5.92019,Plein jour,En agglomération,Hors intersection,Normale,Deux véhicules - côté,,,,,,,,,,,1,2,1,1.0,3.0
201100040506,0011-08-02 05:45:00,11,8,2,5,45,730,65,"806, LANDIERS (AVENUE DE",45.59223,5.90253,Nuit sans éclairage public,En agglomération,Hors intersection,Normale,Autre collision,,,,,,,,,,,3,2,1,1.0,6.0
201100040507,0011-12-05 04:55:00,11,12,5,4,55,730,29,Route de Challes,45.56817,5.94044,Plein jour,En agglomération,Intersection en X,Normale,Deux véhicules - côté,,,,,,,,,,,1,2,2,1.0,3.0
201100040508,0011-09-21 18:25:00,11,9,21,18,25,730,65,MOUTARDE (CHEMIN DE LA),45.57103,5.90903,Plein jour,En agglomération,Intersection en X,Normale,Deux véhicules - côté,,,,,,,,,,,1,2,2,1.0,3.0
201100040509,0011-10-03 07:35:00,11,10,3,7,35,730,65,LABIAZ (ROUTE DE),,,Plein jour,En agglomération,Intersection en T,Brouillard / fumée,Sans collision,,,,,,,,,,,1,2,3,5.0,7.0
201100040510,0011-10-20 11:10:00,11,10,20,11,10,730,65,RECLUS (FAUBOURG),45.56868,5.92147,Plein jour,En agglomération,Intersection à plus de 4 branches,Normale,Autre collision,,,,,,,,,,,1,2,5,1.0,6.0
201100040511,0011-11-15 14:20:00,11,11,15,14,20,730,65,JEU DE PAUME (QUAI DU),45.56901,5.91902,Plein jour,En agglomération,Hors intersection,Normale,Deux véhicules - côté,,,,,,,,,,,1,2,1,1.0,3.0
201100040512,0011-12-13 10:00:00,11,12,13,10,0,730,65,,45.56884,5.92154,Plein jour,En agglomération,Hors intersection,Normale,Autre collision,,,,,,,,,,,1,2,1,1.0,6.0
201100040513,0011-12-18 20:15:00,11,12,18,20,15,730,65,LABIAZ (ROUTE DE),45.57494,5.88845,Nuit avec éclairage allumé,En agglomération,Hors intersection,Normale,Deux véhicules - frontale,,,,,,,,,,,5,2,1,1.0,1.0
201100040514,0011-12-16 17:00:00,11,12,16,17,0,730,65,JAURES JEAN (AVENUE),45.56837,5.91358,Nuit avec éclairage allumé,En agglomération,Hors intersection,Pluie forte,Autre collision,,,,,,,,,,,5,2,1,3.0,6.0
201100040515,0011-12-29 15:40:00,11,12,29,15,40,730,65,"585, BOISSE (AVENUE DE L",45.57572,5.91576,Plein jour,En agglomération,Hors intersection,Normale,Autre collision,,,,,,,,,,,1,2,1,1.0,6.0
201100040516,0011-01-25 10:50:00,11,1,25,10,50,740,10,PLACE DE L'ANNAPURNA,,,Plein jour,En agglomération,Hors intersection,Normale,Autre collision,,,,,,,,,,,1,2,1,1.0,6.0
201100040517,0011-02-04 23:05:00,11,2,4,23,5,740,93,9  REPUBLIQUE/LIBERATION,,,Nuit avec éclairage allumé,En agglomération,Intersection en X,Normale,Autre collision,,,,,,,,,,,5,2,2,1.0,6.0
201100040518,0011-02-08 10:05:00,11,2,8,10,5,740,10,PLAINE / ANEMONES,,,Plein jour,En agglomération,Intersection en T,Normale,Autre collision,,,,,,,,,,,1,2,3,1.0,6.0
201100040519,0011-02-13 10:35:00,11,2,13,10,35,740,93,"26, AVENUE REPUBLIQUE",,,Plein jour,En agglomération,Hors intersection,Normale,Autre collision,,,,,,,,,,,1,2,1,1.0,6.0
201100040520,0011-04-09 17:25:00,11,4,9,17,25,740,10,"16,  AV DE LOVERCHY",,,Plein jour,En agglomération,Hors intersection,Normale,Autre collision,,,,,,,,,,,1,2,1,1.0,6.0
201100040521,0011-04-10 22:15:00,11,4,10,22,15,740,10,"37, AVENUE DE NOVEL",,,Nuit avec éclairage allumé,En agglomération,Hors intersection,Normale,Autre collision,,,,,,,,,,,5,2,1,1.0,6.0
201100040522,0011-04-19 17:15:00,11,4,19,17,15,740,10,"109,BOULEVARD DU  FIER",,,Plein jour,En agglomération,Hors intersection,Normale,Deux véhicules - côté,,,,,,,,,,,1,2,1,1.0,3.0
201100040523,0011-04-21 14:25:00,11,4,21,14,25,740,10,PLAINE / GAMBETTA,,,Plein jour,En agglomération,Giratoire,Normale,Autre collision,,,,,,,,,,,1,2,6,1.0,6.0
201100040524,0011-05-04 22:25:00,11,5,4,22,25,740,10,"2, BROGNY (AVENUE DE) (S",,,Nuit avec éclairage allumé,En agglomération,Hors intersection,Normale,Autre collision,,,,,,,,,,,5,2,1,1.0,6.0
201100040525,0011-05-19 18:45:00,11,5,19,18,45,740,10,"10bis,Avenue de Geneve",,,Plein jour,En agglomération,Hors intersection,Normale,Autre collision,,,,,,,,,,,1,2,1,1.0,6.0
201100040526,0011-05-21 04:35:00,11,5,21,4,35,740,10,ROCADE / ROMAIN,,,Nuit avec éclairage allumé,En agglomération,Intersection en X,Normale,Autre collision,,,,,,,,,,,5,2,2,1.0,6.0
201100040527,0011-06-06 18:45:00,11,6,6,18,45,740,10,BD DECOUX/LYCEE,,,Plein jour,En agglomération,Intersection en X,Normale,Autre collision,,,,,,,,,,,1,2,2,1.0,6.0
201100040528,0011-06-06 16:15:00,11,6,6,16,15,740,10,AV. VIGNIERES/THONES,,,Plein jour,En agglomération,Giratoire,Normale,Autre collision,,,,,,,,,,,1,2,6,1.0,6.0
201100040529,0011-06-14 20:10:00,11,6,14,20,10,740,10,"14, Bd lycee/Bd Nicollet",,,Plein jour,En agglomération,Giratoire,Normale,Autre collision,,,,,,,,,,,1,2,6,1.0,6.0
201100040530,0011-06-17 17:05:00,11,6,17,17,5,740,10,SAINT-FRANCOIS DE SALES,,,Plein jour,En agglomération,Intersection en X,Normale,Autre collision,,,,,,,,,,,1,2,2,1.0,6.0
201100040531,0011-06-25 02:15:00,11,6,25,2,15,740,93,VERT BOIS (AVENUE DE),,,Nuit avec éclairage allumé,En agglomération,Hors intersection,Normale,Autre collision,,,,,,,,,,,5,2,1,1.0,6.0
201100040532,0011-06-24 14:40:00,11,6,24,14,40,740,10,19 AVENUE DE CHAMBERY,,,Plein jour,En agglomération,Hors intersection,Normale,Autre collision,,,,,,,,,,,1,2,1,1.0,6.0
201100040533,0011-06-26 01:40:00,11,6,26,1,40,740,10,ALBIGNY (AVE),,,Nuit avec éclairage allumé,En agglomération,Intersection en X,Normale,Deux véhicules - côté,,,,,,,,,,,5,2,2,1.0,3.0
201100040534,0011-07-01 01:05:00,11,7,1,1,5,740,93,OUEST (BOULEVARD),,,Nuit avec éclairage non allumé,En agglomération,Hors intersection,Normale,Sans collision,,,,,,,,,,,4,2,1,1.0,7.0
201100040535,0011-07-02 21:10:00,11,7,2,21,10,740,93,PEROLLIERE/PERVENCHE,,,Plein jour,En agglomération,Intersection en X,Pluie légère,Autre collision,,,,,,,,,,,1,2,2,2.0,6.0
201100040536,0011-07-24 22:55:00,11,7,24,22,55,740,10,AV. BROGNY (SECT 410),,,Nuit avec éclairage allumé,En agglomération,Hors intersection,Normale,Deux véhicules - frontale,,,,,,,,,,,5,2,1,1.0,1.0
201100040537,0011-08-06 01:25:00,11,8,6,1,25,740,10,01 AV. RHONE,,,Nuit avec éclairage allumé,En agglomération,Hors intersection,Normale,Autre collision,,,,,,,,,,,5,2,1,1.0,6.0
201100040538,0011-08-07 20:15:00,11,8,7,20,15,740,10,"., STADE (DU)  (SECTEUR",,,Crépuscule ou aube,En agglomération,Intersection en X,Normale,Deux véhicules - arrière,,,,,,,,,,,2,2,2,1.0,2.0
201100040539,0011-08-19 21:55:00,11,8,19,21,55,740,10,"29, ROCADE (BOULEVARD DE",,,Nuit avec éclairage allumé,En agglomération,Hors intersection,Normale,Autre collision,,,,,,,,,,,5,2,1,1.0,6.0
201100040540,0011-09-07 13:20:00,11,9,7,13,20,740,93,"., ALERY (GRANDE RUE D')",,,Plein jour,En agglomération,Giratoire,Normale,Autre collision,,,,,,,,,,,1,2,6,1.0,6.0
201100040541,0011-09-10 15:45:00,11,9,10,15,45,740,10,TRESUM (AVENUE DE),,,Plein jour,En agglomération,Intersection en T,Normale,Autre collision,,,,,,,,,,,1,2,3,1.0,6.0
201100040542,0011-10-01 04:55:00,11,10,1,4,55,740,10,"., THONES (DE)",,,Nuit sans éclairage public,En agglomération,Intersection en X,Normale,Autre collision,,,,,,,,,,,3,2,2,1.0,6.0
201100040543,0011-10-07 09:30:00,11,10,7,9,30,740,10,Quai eustache Chappuis,,,Plein jour,En agglomération,Hors intersection,Temps couvert,Autre collision,,,,,,,,,,,1,2,1,8.0,6.0
201100040544,0011-10-17 07:10:00,11,10,17,7,10,740,10,"., ALBIGNY (AVE)",,,Crépuscule ou aube,En agglomération,Intersection en T,Normale,Autre collision,,,,,,,,,,,2,2,3,1.0,6.0
201100040545,0011-10-28 14:35:00,11,10,28,14,35,740,93,POISY (V.R.U.),,,Plein jour,Hors agglomération,Hors intersection,Normale,Deux véhicules - côté,,,,,,,,,,,1,1,1,1.0,3.0
201100040546,0011-11-17 15:35:00,11,11,17,15,35,740,93,SALLE (ROUTE DE LA),,,Plein jour,En agglomération,Hors intersection,Normale,Autre collision,,,,,,,,,,,1,2,1,1.0,6.0
201100040547,0011-11-30 07:30:00,11,11,30,7,30,740,10,"1, INDUSTRIE (RUE DE L')",,,Crépuscule ou aube,En agglomération,Hors intersection,Normale,Autre collision,,,,,,,,,,,2,2,1,1.0,6.0
201100040548,0011-11-29 18:10:00,11,11,29,18,10,740,10,RUE MARECHAL LECLERC,,,Crépuscule ou aube,En agglomération,Intersection en T,Normale,Autre collision,,,,,,,,,,,2,2,3,1.0,6.0
201100040549,0011-12-12 18:05:00,11,12,12,18,5,740,10,RUE DES ALPINS/ BRUCHET,,,Crépuscule ou aube,En agglomération,Intersection en X,Temps couvert,Autre collision,,,,,,,,,,,2,2,2,8.0,6.0
201100040550,0011-12-23 15:05:00,11,12,23,15,5,740,10,PERIMETRE /J. AURIOL,,,Plein jour,En agglomération,Intersection en X,Normale,Deux véhicules - côté,,,,,,,,,,,1,2,2,1.0,3.0
201100040551,0011-01-22 21:05:00,11,1,22,21,5,740,12,FLORISSANT / DU LEVANT,,,Nuit avec éclairage allumé,En agglomération,Intersection en T,Normale,Deux véhicules - frontale,,,,,,,,,,,5,2,3,1.0,1.0
201100040552,0011-03-06 16:55:00,11,3,6,16,55,740,133,"109, RUE DE GENEVE",,,Plein jour,En agglomération,Hors intersection,Normale,Sans collision,,,,,,,,,,,1,2,1,1.0,7.0
201100040553,0011-04-22 15:00:00,11,4,22,15,0,740,12,Route de THONON (Total),,,Plein jour,En agglomération,Hors intersection,Normale,Deux véhicules - côté,,,,,,,,,,,1,2,1,1.0,3.0
201100040554,0011-05-04 10:00:00,11,5,4,10,0,740,12,RESISTANCE RUE DE LA,,,Plein jour,En agglomération,Intersection en T,Normale,Deux véhicules - frontale,,,,,,,,,,,1,2,3,1.0,1.0
201100040555,0011-06-13 18:45:00,11,6,13,18,45,740,133,INDUSTRIE (RUE DE L'),,,Plein jour,En agglomération,Intersection en T,Normale,Deux véhicules - côté,,,,,,,,,,,1,2,3,1.0,3.0
201100040556,0011-06-10 12:00:00,11,6,10,12,0,740,12,ETREMBIERES (ROUTE D'),,,Plein jour,En agglomération,Intersection en T,Normale,Deux véhicules - côté,,,,,,,,,,,1,2,3,1.0,3.0
201100040557,0011-06-17 21:05:00,11,6,17,21,5,740,118,"514, REIGNIER (ROUTE DE)",,,Nuit sans éclairage public,En agglomération,Hors intersection,Pluie légère,Deux véhicules - côté,,,,,,,,,,,3,2,1,2.0,3.0
201100040558,0011-07-28 12:15:00,11,7,28,12,15,740,8,"30, RUE DES MARRONNIERS",,,Plein jour,En agglomération,Hors intersection,Normale,Autre collision,,,,,,,,,,,1,2,1,1.0,6.0
201100040559,0011-08-13 21:15:00,11,8,13,21,15,740,305,"05, JEAN-JAURES (RUE)",,,Plein jour,En agglomération,Hors intersection,Normale,Autre collision,,,,,,,,,,,1,2,1,1.0,6.0
201100040560,0011-09-27 08:30:00,11,9,27,8,30,740,118,SAINT-JULIEN (ROUTE DE),,,Plein jour,En agglomération,Hors intersection,Normale,Deux véhicules - côté,,,,,,,,,,,1,2,1,1.0,3.0
201100040561,0011-09-22 00:05:00,11,9,22,0,5,740,133,"84, GENEVE (RUE DE)",,,Nuit avec éclairage allumé,En agglomération,Intersection en X,Normale,Autre collision,,,,,,,,,,,5,2,2,1.0,6.0
201100040562,0011-09-24 12:20:00,11,9,24,12,20,740,12,ROMAGNY / FLORISSANT,,,Plein jour,En agglomération,Giratoire,Normale,Deux véhicules - arrière,,,,,,,,,,,1,2,6,1.0,2.0
201100040563,0011-10-07 18:20:00,11,10,7,18,20,740,118,RUE JEAN MOULIN,,,Plein jour,En agglomération,Intersection en T,Normale,Deux véhicules - côté,,,,,,,,,,,1,2,3,1.0,3.0
201100040564,0011-10-18 17:30:00,11,10,18,17,30,740,8,"17, rue du Jura",,,Plein jour,En agglomération,Hors intersection,Normale,Autre collision,,,,,,,,,,,1,2,1,1.0,6.0
201100040565,0011-10-26 07:15:00,11,10,26,7,15,740,305,pont neuf  pere.favre,,,Nuit avec éclairage allumé,En agglomération,Intersection en X,Normale,Autre collision,,,,,,,,,,,5,2,2,1.0,6.0
201100040566,0011-10-06 12:00:00,11,10,6,12,0,740,8,"56, RUE DE GENEVE",,,Plein jour,En agglomération,Intersection en T,Normale,Deux véhicules - côté,,,,,,,,,,,1,2,3,1.0,3.0
201100040567,0011-11-12 03:25:00,11,11,12,3,25,740,298,"52, TANINGES (ROUTE DE )",,,Nuit avec éclairage allumé,En agglomération,Hors intersection,Normale,Deux véhicules - côté,,,,,,,,,,,5,2,1,1.0,3.0
201100040568,0011-01-07 20:15:00,11,1,7,20,15,740,281,17 bd du PRE-CERGUES,,,Nuit avec éclairage allumé,En agglomération,Intersection en T,Normale,Deux véhicules - arrière,,,,,,,,,,,5,2,3,1.0,2.0
201100040569,0011-01-20 18:08:00,11,1,20,18,8,740,281,"15, AV DE GAULLE",,,Nuit avec éclairage non allumé,En agglomération,Hors intersection,Normale,Autre collision,,,,,,,,,,,4,2,1,1.0,6.0
201100040570,0011-03-27 13:25:00,11,3,27,13,25,740,281,ARTS (PLACE DES),,,Plein jour,En agglomération,Giratoire,Normale,Deux véhicules - côté,,,,,,,,,,,1,2,6,1.0,3.0
201100040571,0011-03-17 10:30:00,11,3,17,10,30,740,119,"19, NOAILLES (AVENUE ANN",,,Plein jour,En agglomération,Hors intersection,Normale,Autre collision,,,,,,,,,,,1,2,1,1.0,6.0
201100040572,0011-04-02 17:00:00,11,4,2,17,0,740,281,ARMOY (Route),,,Plein jour,Hors agglomération,Intersection en T,Normale,Deux véhicules - côté,,,,,,,,,,,1,1,3,1.0,3.0
201100040573,0011-04-01 17:10:00,11,4,1,17,10,740,281,TROLIETTES (BOULEVARD DE,,,Plein jour,En agglomération,Hors intersection,Normale,Autre collision,,,,,,,,,,,1,2,1,1.0,6.0
201100040574,0011-05-11 17:38:00,11,5,11,17,38,740,281,"29, RIPAILLE (QUAI DE)",,,Plein jour,En agglomération,Hors intersection,Pluie légère,Deux véhicules - frontale,,,,,,,,,,,1,2,1,2.0,1.0
201100040575,0011-05-16 19:10:00,11,5,16,19,10,740,281,"16,AV. JULES FERRY",,,Plein jour,En agglomération,Intersection en T,Normale,Deux véhicules - côté,,,,,,,,,,,1,2,3,1.0,3.0
201100040576,0011-04-26 16:15:00,11,4,26,16,15,740,281,"5, HOTEL DIEU (RUE DE L'",,,Plein jour,En agglomération,Hors intersection,Normale,Autre collision,,,,,,,,,,,1,2,1,1.0,6.0
201100040577,0011-05-14 20:35:00,11,5,14,20,35,740,281,"83, GENEVE",,,Crépuscule ou aube,En agglomération,Hors intersection,Pluie légère,Autre collision,,,,,,,,,,,2,2,1,2.0,6.0
201100040578,0011-05-27 15:20:00,11,5,27,15,20,740,281,"29, DRANSE (AVENUE DE LA",,,Plein jour,En agglomération,Hors intersection,Autre,Autre collision,,,,,,,,,,,1,2,1,9.0,6.0
201100040579,0011-04-17 11:11:00,11,4,17,11,11,740,281,VALLEES (AVENUE DES),,,Plein jour,En agglomération,Intersection en X,Normale,Deux véhicules - côté,,,,,,,,,,,1,2,2,1.0,3.0
201100040580,0011-04-19 12:55:00,11,4,19,12,55,740,119,RUE de la MONNAIE,,,Plein jour,En agglomération,Hors intersection,Normale,Autre collision,,,,,,,,,,,1,2,1,1.0,6.0
201100040581,0011-06-30 20:15:00,11,6,30,20,15,740,119,"18, BLONAY (QUAI BARON D",,,Plein jour,En agglomération,Hors intersection,Normale,Autre collision,,,,,,,,,,,1,2,1,1.0,6.0
201100040582,0011-08-03 09:30:00,11,8,3,9,30,740,281,SENEVULAZ (AVENUE DE),,,Plein jour,En agglomération,Hors intersection,Normale,Trois véhicules et plus - en chaîne,,,,,,,,,,,1,2,1,1.0,4.0
201100040583,0011-08-20 18:51:00,11,8,20,18,51,740,281,PEUPLIERS (RUE DES),,,Plein jour,En agglomération,Hors intersection,Normale,Autre collision,,,,,,,,,,,1,2,1,1.0,6.0
201100040584,0011-07-02 11:25:00,11,7,2,11,25,740,119,"07, DOCTEUR DUMUR",,,Plein jour,En agglomération,Hors intersection,Normale,Autre collision,,,,,,,,,,,1,2,1,1.0,6.0
201100040585,0011-07-03 00:08:00,11,7,3,0,8,740,281,THUYSET / VONGY,,,Nuit avec éclairage allumé,En agglomération,Intersection en T,Normale,Deux véhicules - frontale,,,,,,,,,,,5,2,3,1.0,1.0
201100040586,0011-07-27 09:30:00,11,7,27,9,30,740,119,LEGER (AVENUE JEAN),,,Plein jour,En agglomération,Intersection en T,Normale,Deux véhicules - frontale,,,,,,,,,,,1,2,3,1.0,1.0
201100040587,0011-09-28 10:10:00,11,9,28,10,10,740,119,13 av. Anna de Noailles,,,Plein jour,En agglomération,Hors intersection,Normale,Sans collision,,,,,,,,,,,1,2,1,1.0,7.0
201100040588,0011-09-26 08:10:00,11,9,26,8,10,740,281,13 CH GENEVRAY,,,Plein jour,En agglomération,Hors intersection,Normale,Autre collision,,,,,,,,,,,1,2,1,1.0,6.0
201100040589,0011-10-05 15:20:00,11,10,5,15,20,740,218,AV THONON/IMPASSE BOTTE,,,Plein jour,En agglomération,Hors intersection,Normale,Deux véhicules - côté,,,,,,,,,,,1,2,1,1.0,3.0
201100040590,0011-10-06 06:50:00,11,10,6,6,50,740,281,99 BD DE LA CORNICHE,,,Crépuscule ou aube,En agglomération,Hors intersection,Normale,Deux véhicules - côté,,,,,,,,,,,2,2,1,1.0,3.0
201100040591,0011-10-06 07:55:00,11,10,6,7,55,740,119,"43 bis,  AV DE NOAILLES",,,Crépuscule ou aube,En agglomération,Hors intersection,Normale,Deux véhicules - côté,,,,,,,,,,,2,2,1,1.0,3.0
201100040592,0011-10-11 16:10:00,11,10,11,16,10,740,281,"11, VALLEES (AVENUE DES)",,,Plein jour,En agglomération,Hors intersection,Temps éblouissant,Deux véhicules - côté,,,,,,,,,,,1,2,1,7.0,3.0
201100040593,0011-10-21 08:15:00,11,10,21,8,15,740,119,3 AVENUE DES MARRONNIERS,,,Plein jour,En agglomération,Hors intersection,Normale,Deux véhicules - arrière,,,,,,,,,,,1,2,1,1.0,2.0
201100040594,0011-11-04 09:50:00,11,11,4,9,50,740,281,"1, URSULES (RUE DES)",,,Plein jour,En agglomération,Hors intersection,Pluie légère,Deux véhicules - arrière,,,,,,,,,,,1,2,1,2.0,2.0
201100040595,0011-11-09 17:10:00,11,11,9,17,10,740,281,2 AVENUE DU VERNAY,,,Plein jour,En agglomération,Hors intersection,Normale,Autre collision,,,,,,,,,,,1,2,1,1.0,6.0
201100040596,0011-11-13 01:30:00,11,11,13,1,30,740,281,DEVIATION THONON pk21,,,Nuit sans éclairage public,En agglomération,Hors intersection,Normale,Sans collision,,,,,,,,,,,3,2,1,1.0,7.0
201100040597,0011-11-27 09:55:00,11,11,27,9,55,740,218,"135, PAYS DE GAVOT (ROUT",,,Plein jour,En agglomération,Hors intersection,Normale,Autre collision,,,,,,,,,,,1,2,1,1.0,6.0
201100040598,0011-12-07 20:05:00,11,12,7,20,5,740,281,"24, BOULEVARD DU CANAL",,,Nuit avec éclairage allumé,En agglomération,Hors intersection,Normale,Autre collision,,,,,,,,,,,5,2,1,1.0,6.0
201100040599,0011-12-08 06:50:00,11,12,8,6,50,740,281,1 Bd du canal,,,Nuit avec éclairage non allumé,En agglomération,Hors intersection,Normale,Autre collision,,,,,,,,,,,4,2,1,1.0,6.0
201100040600,0011-12-23 17:22:00,11,12,23,17,22,740,281,8 RUE DES GRANGES,,,Plein jour,En agglomération,Hors intersection,Normale,Autre collision,,,,,,,,,,,1,2,1,1.0,6.0
201100040601,0011-12-28 19:15:00,11,12,28,19,15,740,281,CRETE (PLACE DE),,,Nuit avec éclairage allumé,En agglomération,Giratoire,Pluie légère,Deux véhicules - frontale,,,,,,,,,,,5,2,6,2.0,1.0
201100040602,0011-04-07 02:25:00,11,4,7,2,25,760,329,R DU MARECHAL FOCH,49.5444,0.49796,Nuit avec éclairage allumé,Hors agglomération,Hors intersection,Normale,Autre collision,,,,,,,,,,,5,1,1,1.0,6.0
201100040603,0011-04-08 18:50:00,11,4,8,18,50,760,384,"42, R DE LA LIBERATION",49.5233,0.54301,Plein jour,En agglomération,Hors intersection,Normale,Autre collision,,,,,,,,,,,1,2,1,1.0,6.0
201100040604,0011-06-22 16:00:00,11,6,22,16,0,760,114,R DU VAL A LA REINE,49.5695,0.49048,Plein jour,Hors agglomération,Intersection en X,Normale,Deux véhicules - arrière,,,,,,,,,,,1,1,2,1.0,2.0
201100040605,0011-07-04 17:05:00,11,7,4,17,5,760,384,RTE DE PORT JEROME,49.5101,0.53525,Plein jour,Hors agglomération,Hors intersection,Normale,Deux véhicules - arrière,,,,,,,,,,,1,1,1,1.0,2.0
201100040606,0011-07-31 06:30:00,11,7,31,6,30,760,384,"17, ALL COTE BLANCHE",49.5226,0.54838,Plein jour,En agglomération,Hors intersection,Normale,Autre collision,,,,,,,,,,,1,2,1,1.0,6.0
201100040607,0011-11-28 07:15:00,11,11,28,7,15,760,329,"23, R GENERAL DE GAULLE",49.55495,0.48614,Nuit avec éclairage allumé,En agglomération,Hors intersection,Brouillard / fumée,Autre collision,,,,,,,,,,,5,2,1,5.0,6.0
201100040608,0011-01-03 18:00:00,11,1,3,18,0,760,217,AV DE BREAUTE,49.9142,1.09229,Nuit avec éclairage allumé,En agglomération,Hors intersection,Normale,Trois véhicules et plus - en chaîne,,,,,,,,,,,5,2,1,1.0,4.0
201100040609,0011-01-07 19:25:00,11,1,7,19,25,760,217,169 R DU GENERAL CHANZY,49.9133,1.08167,Nuit avec éclairage allumé,En agglomération,Hors intersection,Normale,Deux véhicules - arrière,,,,,,,,,,,5,2,1,1.0,2.0
201100040610,0011-01-16 15:45:00,11,1,16,15,45,760,217,D925 - R DE L'AVENIR,49.9241,1.10555,Plein jour,En agglomération,Intersection en T,Normale,Deux véhicules - côté,,,,,,,,,,,1,2,3,1.0,3.0
201100040611,0011-01-22 15:25:00,11,1,22,15,25,760,565,D915,49.8833,1.08957,Plein jour,Hors agglomération,Hors intersection,Pluie légère,Deux véhicules - côté,,,,,,,,,,,1,1,1,2.0,3.0
201100040612,0011-01-25 20:00:00,11,1,25,20,0,760,217,17 R DE LA VICTOIRE,49.9267,1.09756,Nuit avec éclairage allumé,En agglomération,Hors intersection,Pluie légère,Sans collision,,,,,,,,,,,5,2,1,2.0,7.0
201100040613,0011-01-29 01:30:00,11,1,29,1,30,760,217,2 AV BENONI ROPERT,49.9169,1.07079,Nuit avec éclairage allumé,En agglomération,Hors intersection,Normale,Sans collision,,,,,,,,,,,5,2,1,1.0,7.0
201100040614,0011-01-31 17:30:00,11,1,31,17,30,760,545,R D'ARQUES,49.8937,1.115,Crépuscule ou aube,En agglomération,Hors intersection,Normale,Autre collision,,,,,,,,,,,2,2,1,1.0,6.0
201100040615,0011-02-06 02:50:00,11,2,6,2,50,760,414,R SAINT MARTIN,49.9007,1.14137,Nuit sans éclairage public,Hors agglomération,Intersection en Y,Normale,Sans collision,,,,,,,,,,,3,1,4,1.0,7.0
201100040616,0011-02-14 10:45:00,11,2,14,10,45,760,565,D915,49.888,1.08473,Plein jour,Hors agglomération,Hors intersection,Normale,Deux véhicules - frontale,,,,,,,,,,,1,1,1,1.0,1.0
201100040617,0011-02-27 13:15:00,11,2,27,13,15,760,565,N27,49.8746,1.06873,Plein jour,Hors agglomération,Hors intersection,Normale,Sans collision,,,,,,,,,,,1,1,1,1.0,7.0
201100040618,0011-03-09 15:45:00,11,3,9,15,45,760,217,QU DU CARENAGE,49.927,1.08265,Plein jour,En agglomération,Hors intersection,Normale,Deux véhicules - côté,,,,,,,,,,,1,2,1,1.0,3.0
201100040619,0011-03-19 01:10:00,11,3,19,1,10,760,217,25 R D' ISSOIRE,49.9168,1.06518,Nuit avec éclairage allumé,En agglomération,Hors intersection,Normale,Sans collision,,,,,,,,,,,5,2,1,1.0,7.0
201100040620,0011-03-19 17:10:00,11,3,19,17,10,760,217,RTE DE DIEPPE,49.919,1.1057,Plein jour,Hors agglomération,Hors intersection,Normale,Deux véhicules - côté,,,,,,,,,,,1,1,1,1.0,3.0
201100040621,0011-03-22 09:30:00,11,3,22,9,30,760,217,R DESMARETS,49.9229,1.07431,Plein jour,En agglomération,Hors intersection,Normale,Sans collision,,,,,,,,,,,1,2,1,1.0,7.0
201100040622,0011-03-28 18:40:00,11,3,28,18,40,760,217,BD MARECHAL FOCH,49.9294,1.07707,Plein jour,En agglomération,Hors intersection,Normale,Deux véhicules - arrière,,,,,,,,,,,1,2,1,1.0,2.0
201100040623,0011-03-29 15:10:00,11,3,29,15,10,760,217,44 R JEAN JAURES,49.9313,1.09459,Plein jour,En agglomération,Hors intersection,Normale,Autre collision,,,,,,,,,,,1,2,1,1.0,6.0
201100040624,0011-04-02 11:30:00,11,4,2,11,30,760,707,D915,49.8625,1.11078,Plein jour,Hors agglomération,Hors intersection,Normale,Trois véhicules et plus - en chaîne,,,,,,,,,,,1,1,1,1.0,4.0
201100040625,0011-04-02 13:25:00,11,4,2,13,25,760,545,D154E,49.9111,1.09818,Plein jour,Hors agglomération,Hors intersection,Normale,Trois véhicules et plus - collisions multiples,,,,,,,,,,,1,1,1,1.0,5.0
201100040626,0011-04-03 17:30:00,11,4,3,17,30,760,217,D925,49.924,1.10586,Plein jour,En agglomération,Intersection en T,Normale,Deux véhicules - côté,,,,,,,,,,,1,2,3,1.0,3.0
201100040627,0011-04-04 20:25:00,11,4,4,20,25,760,349,R DE LA GARE,49.9001,1.05251,Crépuscule ou aube,En agglomération,Hors intersection,Normale,Deux véhicules - frontale,,,,,,,,,,,2,2,1,1.0,1.0
201100040628,0011-04-07 17:05:00,11,4,7,17,5,760,217,QU HENRI IV,49.9286,1.08153,Plein jour,En agglomération,Hors intersection,Normale,Deux véhicules - côté,,,,,,,,,,,1,2,1,1.0,3.0