accident_id,datetime,annee,mois,jour,heure,minute,departement,commune_insee,adresse,latitude,longitude,luminosite,agglomeration,intersection,meteo,collision,nb_vehicules,nb_usagers,nb_indemnes,nb_tues,nb_blesses_hosp,nb_blesses_legers,age_cond_1,age_cond_2,veh_type_cond_1,veh_type_cond_2,lum_code,agg_code,int_code,atm_code,col_code
201100040751,0011-01-27 18:40:00,11,1,27,18,40,760,351,R PIERRE LOTI,49.5122,0.1565,Nuit avec éclairage allumé,En agglomération,Intersection en T,Normale,Deux véhicules - côté,,,,,,,,,,,5,2,3,1.0,3.0
201100040752,0011-01-28 13:55:00,11,1,28,13,55,760,351,R GUSTAVE BRINDEAU,49.4909,0.14113,Plein jour,En agglomération,Intersection en T,Normale,Autre collision,,,,,,,,,,,1,2,3,1.0,6.0
201100040753,0011-01-28 22:50:00,11,1,28,22,50,760,351,R DEMIDOFF,49.4973,0.13103,Nuit avec éclairage allumé,En agglomération,Intersection en X,Normale,Deux véhicules - arrière,,,,,,,,,,,5,2,2,1.0,2.0
201100040754,0011-01-29 01:25:00,11,1,29,1,25,760,351,R DEMIDOFF,49.4973,0.13103,Nuit avec éclairage allumé,En agglomération,Intersection en X,Normale,Deux véhicules - arrière,,,,,,,,,,,5,2,2,1.0,2.0
201100040755,0011-01-31 08:20:00,11,1,31,8,20,760,351,R ERNEST RENAN,49.4981,0.12056,Plein jour,En agglomération,Intersection en T,Normale,Autre collision,,,,,,,,,,,1,2,3,1.0,6.0
201100040756,0011-01-31 16:00:00,11,1,31,16,0,760,351,QU DE L'EUROPE,49.4807,0.17678,Plein jour,Hors agglomération,Hors intersection,Normale,Autre collision,,,,,,,,,,,1,1,1,1.0,6.0
201100040757,0011-02-02 11:15:00,11,2,2,11,15,760,351,64 R FRANCOIS MAZELINE,49.4987,0.13745,Plein jour,En agglomération,Hors intersection,Normale,Deux véhicules - frontale,,,,,,,,,,,1,2,1,1.0,1.0
201100040758,0011-02-02 23:20:00,11,2,2,23,20,760,351,R DE PARIS,49.4899,0.10752,Nuit avec éclairage allumé,En agglomération,Intersection en X,Pluie légère,Autre collision,,,,,,,,,,,5,2,2,2.0,6.0
201100040759,0011-02-03 18:50:00,11,2,3,18,50,760,351,AV DU GRAND HAMEAU,49.5259,0.09674,Nuit avec éclairage allumé,Hors agglomération,Intersection en X,Normale,Autre collision,,,,,,,,,,,5,1,2,1.0,6.0
201100040760,0011-02-04 18:20:00,11,2,4,18,20,760,447,D489,49.5325,0.18668,Nuit sans éclairage public,Hors agglomération,Hors intersection,Normale,Sans collision,,,,,,,,,,,3,1,1,1.0,7.0
201100040761,0011-02-12 01:35:00,11,2,12,1,35,760,305,CENTRE ROUTIER-RTE INDUS,49.4867,0.20829,Nuit avec éclairage allumé,Hors agglomération,Hors intersection,Normale,Trois véhicules et plus - collisions multiples,,,,,,,,,,,5,1,1,1.0,5.0
201100040762,0011-02-14 10:10:00,11,2,14,10,10,760,351,BD ALBERT 1ER,49.4967,0.09311,Plein jour,En agglomération,Hors intersection,Normale,Deux véhicules - côté,,,,,,,,,,,1,2,1,1.0,3.0
201100040763,0011-02-15 07:55:00,11,2,15,7,55,760,341,AV DE LA RESISTANCE,49.5044,0.20071,Nuit avec éclairage allumé,En agglomération,Hors intersection,Normale,Sans collision,,,,,,,,,,,5,2,1,1.0,7.0
201100040764,0011-02-15 11:50:00,11,2,15,11,50,760,481,R FAFIN,49.5552,0.11635,Plein jour,En agglomération,Hors intersection,Normale,Autre collision,,,,,,,,,,,1,2,1,1.0,6.0
201100040765,0011-02-15 18:35:00,11,2,15,18,35,760,351,88 R GUSTAVE FLAUBERT,49.4988,0.11626,Nuit avec éclairage allumé,En agglomération,Hors intersection,Pluie légère,Autre collision,,,,,,,,,,,5,2,1,2.0,6.0
201100040766,0011-02-18 12:40:00,11,2,18,12,40,760,351,PL JENNER,49.5088,0.13676,Plein jour,En agglomération,Giratoire,Normale,Sans collision,,,,,,,,,,,1,2,6,1.0,7.0
201100040767,0011-02-20 05:30:00,11,2,20,5,30,760,351,366 PIERRE MENDES FRANCE,49.5147,0.15369,Nuit avec éclairage allumé,En agglomération,Hors intersection,Normale,Autre collision,,,,,,,,,,,5,2,1,1.0,6.0
201100040768,0011-02-20 07:50:00,11,2,20,7,50,760,447,D32-D6382,49.5241,0.18295,Plein jour,Hors agglomération,Intersection en Y,Normale,Sans collision,,,,,,,,,,,1,1,4,1.0,7.0
201100040769,0011-02-21 14:30:00,11,2,21,14,30,760,351,AV DU 16E PORT-PONT VII,49.4877,0.184,Plein jour,En agglomération,Intersection en X,Normale,Deux véhicules - côté,,,,,,,,,,,1,2,2,1.0,3.0
201100040770,0011-02-22 17:45:00,11,2,22,17,45,760,351,R PABLO NERUDA,49.5044,0.14826,Plein jour,En agglomération,Intersection en X,Normale,Deux véhicules - côté,,,,,,,,,,,1,2,2,1.0,3.0
201100040771,0011-02-22 20:15:00,11,2,22,20,15,760,351,R DENFERT ROCHEREAU,49.4865,0.14058,Nuit avec éclairage allumé,En agglomération,Intersection en X,Normale,Autre collision,,,,,,,,,,,5,2,2,1.0,6.0
201100040772,0011-02-23 20:15:00,11,2,23,20,15,760,351,R DE VERDUN,49.5014,0.14968,Nuit avec éclairage allumé,En agglomération,Intersection en X,Pluie légère,Deux véhicules - côté,,,,,,,,,,,5,2,2,2.0,3.0
201100040773,0011-02-25 19:55:00,11,2,25,19,55,760,351,149 R DE PARIS,49.4895,0.10747,Plein jour,En agglomération,Intersection en X,Normale,Deux véhicules - arrière,,,,,,,,,,,1,2,2,1.0,2.0
201100040774,0011-02-26 16:30:00,11,2,26,16,30,760,351,R LOUIS EUDIER,49.4846,0.13125,Plein jour,En agglomération,Intersection à plus de 4 branches,Normale,Deux véhicules - côté,,,,,,,,,,,1,2,5,1.0,3.0
201100040775,0011-02-27 02:30:00,11,2,27,2,30,760,351,25 BD WINSTON CHURCHILL,49.4941,0.13767,Nuit avec éclairage allumé,En agglomération,Hors intersection,Normale,Sans collision,,,,,,,,,,,5,2,1,1.0,7.0
201100040776,0011-02-27 15:45:00,11,2,27,15,45,760,351,R DU BOIS AU COQ,49.5111,0.12845,Plein jour,En agglomération,Intersection en X,Normale,Sans collision,,,,,,,,,,,1,2,2,1.0,7.0
201100040777,0011-02-27 17:45:00,11,2,27,17,45,760,351,R GUSTAVE BRINDEAU,49.4943,0.13841,Plein jour,En agglomération,Intersection en X,Pluie légère,Deux véhicules - côté,,,,,,,,,,,1,2,2,2.0,3.0
201100040778,0011-03-01 02:15:00,11,3,1,2,15,760,351,146 R ANDRE CARETTE,49.4898,0.11897,Nuit avec éclairage allumé,En agglomération,Hors intersection,Normale,Sans collision,,,,,,,,,,,5,2,1,1.0,7.0
201100040779,0011-03-02 00:45:00,11,3,2,0,45,760,351,R MARCEL TOULOUZAN,49.4854,0.14966,Nuit avec éclairage allumé,En agglomération,Hors intersection,Normale,Autre collision,,,,,,,,,,,5,2,1,1.0,6.0
201100040780,0011-03-02 18:40:00,11,3,2,18,40,760,351,BD DE GRAVILLE,49.4926,0.14836,Plein jour,En agglomération,Intersection en X,Normale,Deux véhicules - côté,,,,,,,,,,,1,2,2,1.0,3.0
201100040781,0011-03-04 20:05:00,11,3,4,20,5,760,351,R DOCTEUR LAMAZE,49.5016,0.17223,Nuit avec éclairage allumé,En agglomération,Intersection en X,Normale,Deux véhicules - côté,,,,,,,,,,,5,2,2,1.0,3.0
201100040782,0011-03-08 12:00:00,11,3,8,12,0,760,351,139 AV JEAN JAURES,49.4997,0.15701,Plein jour,En agglomération,Hors intersection,Normale,Autre collision,,,,,,,,,,,1,2,1,1.0,6.0
201100040783,0011-03-09 07:50:00,11,3,9,7,50,760,351,107 R JULES LECESNE,49.4931,0.12007,Plein jour,En agglomération,Intersection en X,Normale,Sans collision,,,,,,,,,,,1,2,2,1.0,7.0
201100040784,0011-03-10 12:00:00,11,3,10,12,0,760,447,R DE LA REPUBLIQUE,49.5455,0.19176,Plein jour,En agglomération,Intersection en T,Normale,Autre collision,,,,,,,,,,,1,2,3,1.0,6.0
201100040785,0011-03-15 12:55:00,11,3,15,12,55,760,351,54 R RAOUL DUFY,49.4952,0.10311,Plein jour,En agglomération,Hors intersection,Normale,Autre collision,,,,,,,,,,,1,2,1,1.0,6.0
201100040786,0011-03-17 08:00:00,11,3,17,8,0,760,351,R DUME D'APLEMONT,49.4975,0.12556,Plein jour,En agglomération,Intersection en X,Normale,Deux véhicules - côté,,,,,,,,,,,1,2,2,1.0,3.0
201100040787,0011-03-21 07:50:00,11,3,21,7,50,760,351,R AUGUSTE BLANQUI,49.5018,0.16234,Plein jour,En agglomération,Giratoire,Normale,Sans collision,,,,,,,,,,,1,2,6,1.0,7.0
201100040788,0011-03-21 17:10:00,11,3,21,17,10,760,305,RTE INDUSTRIELLE,49.4877,0.20173,Plein jour,En agglomération,Hors intersection,Normale,Autre collision,,,,,,,,,,,1,2,1,1.0,6.0
201100040789,0011-03-22 17:00:00,11,3,22,17,0,760,351,R BOURDALOUE,49.5,0.14575,Plein jour,En agglomération,Intersection en X,Normale,Sans collision,,,,,,,,,,,1,2,2,1.0,7.0
201100040790,0011-03-26 12:05:00,11,3,26,12,5,760,351,R JEAN JACQUES ROUSSEAU,49.4996,0.1307,Plein jour,En agglomération,Intersection en T,Normale,Deux véhicules - côté,,,,,,,,,,,1,2,3,1.0,3.0
201100040791,0011-03-28 10:20:00,11,3,28,10,20,760,351,R BERTHELOT,49.4996,0.13589,Plein jour,En agglomération,Intersection en T,Normale,Sans collision,,,,,,,,,,,1,2,3,1.0,7.0
201100040792,0011-03-28 19:10:00,11,3,28,19,10,760,341,22 R CARNOT,49.5088,0.20131,Plein jour,En agglomération,Hors intersection,Normale,Autre collision,,,,,,,,,,,1,2,1,1.0,6.0
201100040793,0011-03-29 21:20:00,11,3,29,21,20,760,351,116  AV RENE COTY,49.4978,0.11435,Plein jour,En agglomération,Hors intersection,Normale,Autre collision,,,,,,,,,,,1,2,1,1.0,6.0
201100040794,0011-04-01 15:00:00,11,4,1,15,0,760,341,R FRIEDRICH ENGELS,49.5145,0.196,Plein jour,En agglomération,Hors intersection,Normale,Autre collision,,,,,,,,,,,1,2,1,1.0,6.0
201100040795,0011-04-02 05:55:00,11,4,2,5,55,760,341,D6382,49.5104,0.19865,Crépuscule ou aube,Hors agglomération,Hors intersection,Normale,Sans collision,,,,,,,,,,,2,1,1,1.0,7.0
201100040796,0011-04-03 21:10:00,11,4,3,21,10,760,341,D6015,49.5112,0.19815,Nuit avec éclairage allumé,Hors agglomération,Hors intersection,Normale,Autre collision,,,,,,,,,,,5,1,1,1.0,6.0
201100040797,0011-04-05 16:50:00,11,4,5,16,50,760,447,AV BELLE ETOILE/R CASTOR,49.5345,0.18082,Plein jour,En agglomération,Intersection en T,Normale,Deux véhicules - côté,,,,,,,,,,,1,2,3,1.0,3.0
201100040798,0011-04-07 18:20:00,11,4,7,18,20,760,351,"01, R OTHON FRIESZ",49.4936,0.10093,Plein jour,En agglomération,Hors intersection,Normale,Trois véhicules et plus - en chaîne,,,,,,,,,,,1,2,1,1.0,4.0
201100040799,0011-04-09 05:00:00,11,4,9,5,0,760,351,"69, R D'IENA",49.4925,0.13883,Nuit avec éclairage allumé,En agglomération,Hors intersection,Normale,Autre collision,,,,,,,,,,,5,2,1,1.0,6.0
201100040800,0011-04-10 14:10:00,11,4,10,14,10,760,270,"4, R DU BOIS",49.5329,0.1403,Plein jour,En agglomération,Hors intersection,Normale,Deux véhicules - arrière,,,,,,,,,,,1,2,1,1.0,2.0
201100040801,0011-04-10 16:25:00,11,4,10,16,25,760,351,R LUCIE DELARUE MARDRUS,49.5104,0.09284,Plein jour,En agglomération,Intersection en X,Normale,Deux véhicules - côté,,,,,,,,,,,1,2,2,1.0,3.0
201100040802,0011-04-13 17:55:00,11,4,13,17,55,760,447,AV PIERRE MENDES FRANCE,49.5292,0.18174,Plein jour,En agglomération,Intersection en T,Normale,Deux véhicules - côté,,,,,,,,,,,1,2,3,1.0,3.0
201100040803,0011-04-18 10:05:00,11,4,18,10,5,760,351,AV DU VAL AUX CORNEILLES,49.5097,0.15123,Plein jour,En agglomération,Hors intersection,Normale,Deux véhicules - côté,,,,,,,,,,,1,2,1,1.0,3.0
201100040804,0011-04-21 12:00:00,11,4,21,12,0,760,351,ECLUSE FRANCOIS 1ER,49.4878,0.11092,Plein jour,En agglomération,Hors intersection,Normale,Deux véhicules - arrière,,,,,,,,,,,1,2,1,1.0,2.0
201100040805,0011-04-24 16:30:00,11,4,24,16,30,760,447,R GEORGES CLEMENCEAU,49.5502,0.20059,Plein jour,En agglomération,Intersection en T,Normale,Deux véhicules - côté,,,,,,,,,,,1,2,3,1.0,3.0
201100040806,0011-04-25 17:30:00,11,4,25,17,30,760,351,56 AV DE FRILEUSE,49.5124,0.15035,Plein jour,En agglomération,Hors intersection,Normale,Autre collision,,,,,,,,,,,1,2,1,1.0,6.0
201100040807,0011-04-29 23:50:00,11,4,29,23,50,760,552,"18, R EDITH CAVELL",49.5087,0.08433,Nuit avec éclairage allumé,En agglomération,Hors intersection,Normale,Deux véhicules - côté,,,,,,,,,,,5,2,1,1.0,3.0
201100040808,0011-04-30 07:45:00,11,4,30,7,45,760,341,D6015/D6382,49.5085,0.19663,Plein jour,Hors agglomération,Intersection en Y,Normale,Autre collision,,,,,,,,,,,1,1,4,1.0,6.0
201100040809,0011-05-03 22:00:00,11,5,3,22,0,760,351,R H BARBUSSE/R H FENOUX,49.5095,0.09158,Nuit avec éclairage allumé,En agglomération,Intersection en T,Normale,Deux véhicules - côté,,,,,,,,,,,5,2,3,1.0,3.0
201100040810,0011-05-07 01:10:00,11,5,7,1,10,760,351,15 R JULES LECESNE,49.4938,0.11156,Nuit avec éclairage allumé,En agglomération,Intersection en X,Normale,Deux véhicules - côté,,,,,,,,,,,5,2,2,1.0,3.0
201100040811,0011-05-07 16:20:00,11,5,7,16,20,760,351,"80, AV DU HUIT MAI 1945",49.5162,0.16892,Plein jour,En agglomération,Hors intersection,Normale,Autre collision,,,,,,,,,,,1,2,1,1.0,6.0
201100040812,0011-05-08 06:35:00,11,5,8,6,35,760,481,18 CD 940,49.5472,0.10958,Crépuscule ou aube,En agglomération,Hors intersection,Normale,Autre collision,,,,,,,,,,,2,2,1,1.0,6.0
201100040813,0011-05-09 13:30:00,11,5,9,13,30,760,351,"89, R BOURDALOUE",49.4997,0.14452,Plein jour,En agglomération,Hors intersection,Normale,Autre collision,,,,,,,,,,,1,2,1,1.0,6.0
201100040814,0011-05-09 18:00:00,11,5,9,18,0,760,351,TUNNEL JENNER,49.503,0.13213,Plein jour,Hors agglomération,Hors intersection,Normale,Sans collision,,,,,,,,,,,1,1,1,1.0,7.0
201100040815,0011-05-10 13:15:00,11,5,10,13,15,760,351,RTE DU PONT VII,49.4892,0.18275,Plein jour,Hors agglomération,Hors intersection,Normale,Autre collision,,,,,,,,,,,1,1,1,1.0,6.0
201100040816,0011-05-15 01:45:00,11,5,15,1,45,760,351,"136, BLD ALBERT 1ER",49.501,0.08838,Nuit avec éclairage allumé,En agglomération,Hors intersection,Normale,Deux véhicules - côté,,,,,,,,,,,5,2,1,1.0,3.0
201100040817,0011-05-15 17:45:00,11,5,15,17,45,760,351,MARC BLOCH/GEORGES SAND,49.5192,0.11971,Plein jour,En agglomération,Intersection en X,Normale,Deux véhicules - côté,,,,,,,,,,,1,2,2,1.0,3.0
201100040818,0011-05-18 02:30:00,11,5,18,2,30,760,305,R DU CANAL BOSSIERE,49.4948,0.19402,Nuit avec éclairage allumé,Hors agglomération,Hors intersection,Normale,Autre collision,,,,,,,,,,,5,1,1,1.0,6.0
201100040819,0011-05-20 16:45:00,11,5,20,16,45,760,351,R H DOMERGUE/R DE REIMS,49.5131,0.12537,Plein jour,En agglomération,Intersection en T,Normale,Autre collision,,,,,,,,,,,1,2,3,1.0,6.0
201100040820,0011-05-21 02:15:00,11,5,21,2,15,760,351,28 BD DE LENINGRAD,49.4997,0.16502,Nuit avec éclairage allumé,En agglomération,Hors intersection,Normale,Deux véhicules - arrière,,,,,,,,,,,5,2,1,1.0,2.0
201100040821,0011-05-21 14:40:00,11,5,21,14,40,760,351,BLD WINSTON CHURCHILL,49.4942,0.13793,Plein jour,En agglomération,Hors intersection,Normale,Deux véhicules - arrière,,,,,,,,,,,1,2,1,1.0,2.0
201100040822,0011-05-22 20:55:00,11,5,22,20,55,760,351,54 BLD ALBERT 1ER,49.4986,0.09111,Plein jour,En agglomération,Hors intersection,Normale,Autre collision,,,,,,,,,,,1,2,1,1.0,6.0
201100040823,0011-05-23 17:20:00,11,5,23,17,20,760,341,D982/ROND POINT BREQUE,49.5037,0.1941,Plein jour,En agglomération,Hors intersection,Normale,Deux véhicules - frontale,,,,,,,,,,,1,2,1,1.0,1.0
201100040824,0011-05-24 20:15:00,11,5,24,20,15,760,351,R DOCTEUR MAIRE/R MONGE,49.5106,0.09046,Plein jour,En agglomération,Intersection en T,Normale,Autre collision,,,,,,,,,,,1,2,3,1.0,6.0
201100040825,0011-05-27 10:25:00,11,5,27,10,25,760,351,QUAI DE SOUTHAMPTON,49.4865,0.11121,Plein jour,En agglomération,Hors intersection,Normale,Autre collision,,,,,,,,,,,1,2,1,1.0,6.0
201100040826,0011-05-27 17:45:00,11,5,27,17,45,760,351,"101, AV PABLO PICASSO",49.5033,0.15721,Plein jour,En agglomération,Intersection en T,Normale,Autre collision,,,,,,,,,,,1,2,3,1.0,6.0
201100040827,0011-05-31 17:15:00,11,5,31,17,15,760,351,R DENIS CORDONNIER,49.5223,0.1048,Plein jour,En agglomération,Intersection en X,Normale,Deux véhicules - côté,,,,,,,,,,,1,2,2,1.0,3.0
201100040828,0011-06-01 15:40:00,11,6,1,15,40,760,481,R RENE COTY/R FAFIN,49.5546,0.11474,Plein jour,En agglomération,Intersection en X,Normale,Deux véhicules - côté,,,,,,,,,,,1,2,2,1.0,3.0
201100040829,0011-06-08 13:35:00,11,6,8,13,35,760,351,BD DE GRAVILLE/R DEMIDOF,49.4983,0.14636,Plein jour,En agglomération,Intersection en X,Normale,Autre collision,,,,,,,,,,,1,2,2,1.0,6.0
201100040830,0011-06-12 16:45:00,11,6,12,16,45,760,351,"24, QU LAMBLARDIE",49.4898,0.11187,Plein jour,En agglomération,Hors intersection,Pluie légère,Autre collision,,,,,,,,,,,1,2,1,2.0,6.0
201100040831,0011-06-15 15:20:00,11,6,15,15,20,760,351,CRS DE LA REPUBLIQUE,49.4922,0.1236,Plein jour,En agglomération,Hors intersection,Normale,Autre collision,,,,,,,,,,,1,2,1,1.0,6.0
201100040832,0011-06-17 20:40:00,11,6,17,20,40,760,552,RTE D OCTEVILLE,49.5084,0.08401,Plein jour,Hors agglomération,Hors intersection,Pluie légère,Autre collision,,,,,,,,,,,1,1,1,2.0,6.0
201100040833,0011-06-17 20:30:00,11,6,17,20,30,760,351,LES ROUELLES D6382,49.5237,0.16711,Plein jour,Hors agglomération,Hors intersection,Pluie légère,Sans collision,,,,,,,,,,,1,1,1,2.0,7.0
201100040834,0011-06-21 18:15:00,11,6,21,18,15,760,351,PRESIDENT WILSON,49.4953,0.10092,Plein jour,En agglomération,Intersection en X,Normale,Autre collision,,,,,,,,,,,1,2,2,1.0,6.0
201100040835,0011-06-22 08:45:00,11,6,22,8,45,760,351,336 R IRENE JOLIOT CURIE,49.5221,0.10518,Plein jour,En agglomération,Hors intersection,Pluie légère,Sans collision,,,,,,,,,,,1,2,1,2.0,7.0
201100040836,0011-06-23 07:55:00,11,6,23,7,55,760,351,"94, R MARCEAU",49.4909,0.13327,Plein jour,En agglomération,Hors intersection,Normale,Autre collision,,,,,,,,,,,1,2,1,1.0,6.0
201100040837,0011-06-24 23:15:00,11,6,24,23,15,760,351,"171, R DEMIDOFF",49.4977,0.13864,Nuit avec éclairage allumé,En agglomération,Hors intersection,Normale,Sans collision,,,,,,,,,,,5,2,1,1.0,7.0
201100040838,0011-06-27 15:40:00,11,6,27,15,40,760,351,249 AV BOIS AU COQ,49.5129,0.12476,Plein jour,En agglomération,Intersection en X,Normale,Trois véhicules et plus - en chaîne,,,,,,,,,,,1,2,2,1.0,4.0
201100040839,0011-06-29 17:25:00,11,6,29,17,25,760,351,"11, R EDOUARD VAILLANT",49.5169,0.16883,Plein jour,En agglomération,Hors intersection,Normale,Autre collision,,,,,,,,,,,1,2,1,1.0,6.0
201100040840,0011-06-30 08:35:00,11,6,30,8,35,760,351,"104, R FOUBERT",49.4963,0.09961,Plein jour,En agglomération,Intersection à plus de 4 branches,Normale,Autre collision,,,,,,,,,,,1,2,5,1.0,6.0
201100040841,0011-06-30 16:45:00,11,6,30,16,45,760,305,AV JACQUES EBERHARD,49.5077,0.23158,Plein jour,En agglomération,Intersection en X,Normale,Deux véhicules - côté,,,,,,,,,,,1,2,2,1.0,3.0
201100040842,0011-07-05 09:00:00,11,7,5,9,0,760,351,AV JEAN JAURES,49.4984,0.14858,Plein jour,En agglomération,Intersection en T,Normale,Deux véhicules - côté,,,,,,,,,,,1,2,3,1.0,3.0
201100040843,0011-07-05 15:05:00,11,7,5,15,5,760,351,102 R DU 329EME,49.5039,0.12744,Plein jour,En agglomération,Hors intersection,Normale,Autre collision,,,,,,,,,,,1,2,1,1.0,6.0
201100040844,0011-07-07 20:20:00,11,7,7,20,20,760,351,PL DE L HOTEL DE VILLE,49.4929,0.10904,Plein jour,En agglomération,Hors intersection,Pluie légère,Sans collision,,,,,,,,,,,1,2,1,2.0,7.0
201100040845,0011-07-08 10:05:00,11,7,8,10,5,760,351,"181, BD DE STRASBOURG",49.4923,0.12095,Plein jour,En agglomération,Hors intersection,Normale,Sans collision,,,,,,,,,,,1,2,1,1.0,7.0
201100040846,0011-07-08 16:45:00,11,7,8,16,45,760,351,"70, QU FRISSARD",49.4903,0.12701,Plein jour,En agglomération,Hors intersection,Normale,Autre collision,,,,,,,,,,,1,2,1,1.0,6.0
201100040847,0011-07-08 22:40:00,11,7,8,22,40,760,351,PONT J J ROUSSEAU,49.4926,0.13219,Crépuscule ou aube,En agglomération,Hors intersection,Normale,Deux véhicules - arrière,,,,,,,,,,,2,2,1,1.0,2.0
201100040848,0011-07-09 02:30:00,11,7,9,2,30,760,351,R EMILE ZOLA,49.4889,0.10626,Nuit avec éclairage allumé,En agglomération,Intersection en X,Normale,Deux véhicules - côté,,,,,,,,,,,5,2,2,1.0,3.0
201100040849,0011-07-11 08:15:00,11,7,11,8,15,760,447,D6382,49.5198,0.19092,Plein jour,Hors agglomération,Hors intersection,Normale,Sans collision,,,,,,,,,,,1,1,1,1.0,7.0
201100040850,0011-07-11 17:00:00,11,7,11,17,0,760,351,"10, R LOUIS RICHARD",49.4913,0.14968,Plein jour,En agglomération,Hors intersection,Normale,Sans collision,,,,,,,,,,,1,2,1,1.0,7.0
201100040851,0011-07-12 08:40:00,11,7,12,8,40,760,341,D6015,49.5169,0.20665,Crépuscule ou aube,Hors agglomération,Hors intersection,Normale,Sans collision,,,,,,,,,,,2,1,1,1.0,7.0
201100040852,0011-07-12 19:25:00,11,7,12,19,25,760,351,324 PIERRE MENDES FRANCE,49.5131,0.15157,Plein jour,En agglomération,Hors intersection,Normale,Deux véhicules - côté,,,,,,,,,,,1,2,1,1.0,3.0
201100040853,0011-07-14 17:50:00,11,7,14,17,50,760,351,TUNNEL JENNER,49.5054,0.13419,Nuit avec éclairage allumé,En agglomération,Hors intersection,Normale,Sans collision,,,,,,,,,,,5,2,1,1.0,7.0
201100040854,0011-07-14 20:50:00,11,7,14,20,50,760,552,"27, R ALBERT DUBOSC",49.507,0.08383,Plein jour,En agglomération,Hors intersection,Normale,Autre collision,,,,,,,,,,,1,2,1,1.0,6.0
201100040855,0011-07-15 11:30:00,11,7,15,11,30,760,351,R EDOUARD LANG/R MASURIE,49.4874,0.10586,Plein jour,En agglomération,Intersection en X,Normale,Deux véhicules - côté,,,,,,,,,,,1,2,2,1.0,3.0
201100040856,0011-07-19 16:15:00,11,7,19,16,15,760,351,RTE DE L ESTUAIRE,49.4586,0.19897,Plein jour,Hors agglomération,Hors intersection,Normale,Autre collision,,,,,,,,,,,1,1,1,1.0,6.0
201100040857,0011-07-21 17:15:00,11,7,21,17,15,760,351,2 R DOCTEUR PIASCEKI,49.4938,0.13928,Plein jour,En agglomération,Autre intersection,Normale,Autre collision,,,,,,,,,,,1,2,9,1.0,6.0
201100040858,0011-07-21 16:50:00,11,7,21,16,50,760,351,105 AV LEO LAGRANGE,49.5013,0.16984,Plein jour,En agglomération,Intersection en X,Normale,Deux véhicules - côté,,,,,,,,,,,1,2,2,1.0,3.0
201100040859,0011-07-22 18:00:00,11,7,22,18,0,760,305,RTE DU CANAL BOSSIERE,49.4908,0.18882,Plein jour,Hors agglomération,Hors intersection,Normale,Sans collision,,,,,,,,,,,1,1,1,1.0,7.0
201100040860,0011-07-23 06:15:00,11,7,23,6,15,760,351,188 BD DE GRAVILLE,49.4896,0.14991,Crépuscule ou aube,En agglomération,Hors intersection,Normale,Autre collision,,,,,,,,,,,2,2,1,1.0,6.0
201100040861,0011-07-23 17:30:00,11,7,23,17,30,760,341,D6382,49.5125,0.19524,Plein jour,Hors agglomération,Intersection en Y,Normale,Deux véhicules - côté,,,,,,,,,,,1,1,4,1.0,3.0
201100040862,0011-07-27 15:00:00,11,7,27,15,0,760,351,"29, R RENE COTY",49.4961,0.11002,Plein jour,En agglomération,Hors intersection,Normale,Sans collision,,,,,,,,,,,1,2,1,1.0,7.0
201100040863,0011-07-27 18:35:00,11,7,27,18,35,760,351,334 R DE VERDUN,49.5024,0.17243,Plein jour,En agglomération,Intersection en X,Normale,Autre collision,,,,,,,,,,,1,2,2,1.0,6.0
201100040864,0011-07-28 17:30:00,11,7,28,17,30,760,351,274 R ARISTIDE BRIAND,49.5003,0.1358,Plein jour,En agglomération,Intersection en T,Normale,Deux véhicules - côté,,,,,,,,,,,1,2,3,1.0,3.0
201100040865,0011-07-29 12:20:00,11,7,29,12,20,760,351,R MARCEAU,49.4884,0.13483,Plein jour,En agglomération,Giratoire,Normale,Autre collision,,,,,,,,,,,1,2,6,1.0,6.0
201100040866,0011-07-29 11:15:00,11,7,29,11,15,760,351,RTE DE L ESTUAIRE,49.4582,0.20359,Plein jour,Hors agglomération,Hors intersection,Normale,Autre collision,,,,,,,,,,,1,1,1,1.0,6.0
201100040867,0011-07-29 21:30:00,11,7,29,21,30,760,351,48 R VICTOR HUGO,49.4918,0.1036,Plein jour,En agglomération,Intersection en X,Normale,Deux véhicules - côté,,,,,,,,,,,1,2,2,1.0,3.0
201100040868,0011-07-30 17:15:00,11,7,30,17,15,760,351,R BOUGAINVILLE,49.4984,0.12551,Plein jour,En agglomération,Intersection en X,Normale,Deux véhicules - côté,,,,,,,,,,,1,2,2,1.0,3.0
201100040869,0011-07-31 00:50:00,11,7,31,0,50,760,351,R LUCIEN LEVY,49.4805,0.15847,Nuit avec éclairage allumé,En agglomération,Intersection en X,Normale,Deux véhicules - côté,,,,,,,,,,,5,2,2,1.0,3.0
201100040870,0011-08-01 09:30:00,11,8,1,9,30,760,351,"neant, AV JEAN JAURES",49.5006,0.17112,Plein jour,En agglomération,Hors intersection,Normale,Autre collision,,,,,,,,,,,1,2,1,1.0,6.0
201100040871,0011-08-01 19:30:00,11,8,1,19,30,760,351,51 R GABRIEL PERI,49.49572,0.11772,Plein jour,En agglomération,Hors intersection,Normale,Autre collision,,,,,,,,,,,1,2,1,1.0,6.0
201100040872,0011-08-03 17:20:00,11,8,3,17,20,760,351,"94/96, GEORGES LAFAURIE",49.50158,0.11583,Plein jour,En agglomération,Hors intersection,Normale,Deux véhicules - arrière,,,,,,,,,,,1,2,1,1.0,2.0
201100040873,0011-08-06 21:25:00,11,8,6,21,25,760,351,"48, ALBERT 1ER",49.49764,0.09219,Crépuscule ou aube,En agglomération,Hors intersection,Normale,Autre collision,,,,,,,,,,,2,2,1,1.0,6.0