accident_id,datetime,annee,mois,jour,heure,minute,departement,commune_insee,adresse,latitude,longitude,luminosite,agglomeration,intersection,meteo,collision,nb_vehicules,nb_usagers,nb_indemnes,nb_tues,nb_blesses_hosp,nb_blesses_legers,age_cond_1,age_cond_2,veh_type_cond_1,veh_type_cond_2,lum_code,agg_code,int_code,atm_code,col_code
201100040874,0011-08-08 20:15:00,11,8,8,20,15,760,552,"12, R ALBERT DUBOSC",49.50565,0.08496,Plein jour,En agglomération,Hors intersection,Normale,Autre collision,,,,,,,,,,,1,2,1,1.0,6.0
201100040875,0011-08-09 08:20:00,11,8,9,8,20,760,341,"1,R PIERRE CURIE",49.52033,0.20808,Plein jour,En agglomération,Giratoire,Pluie légère,Deux véhicules - côté,,,,,,,,,,,1,2,6,2.0,3.0
201100040876,0011-08-10 07:54:00,11,8,10,7,54,760,351,"15-23, R CLAUDE MONET",49.50195,0.08759,Plein jour,En agglomération,Intersection en Y,Normale,Autre collision,,,,,,,,,,,1,2,4,1.0,6.0
201100040877,0011-08-10 14:10:00,11,8,10,14,10,760,447,"127, AV MARECHAL FOCH",49.5282,0.19164,Plein jour,En agglomération,Hors intersection,Normale,Sans collision,,,,,,,,,,,1,2,1,1.0,7.0
201100040878,0011-08-12 18:30:00,11,8,12,18,30,760,447,AV  PIERRE MENDES FRANCE,49.53022,0.18134,Plein jour,En agglomération,Intersection en Y,Normale,Deux véhicules - arrière,,,,,,,,,,,1,2,4,1.0,2.0
201100040879,0011-08-14 09:20:00,11,8,14,9,20,760,351,"neant, BD DE LENINGRAD",49.50006,0.17238,Plein jour,En agglomération,Hors intersection,Normale,Autre collision,,,,,,,,,,,1,2,1,1.0,6.0
201100040880,0011-08-16 16:10:00,11,8,16,16,10,760,351,"63-65, AV RENE COTY",49.49755,0.1134,Plein jour,En agglomération,Hors intersection,Normale,Deux véhicules - arrière,,,,,,,,,,,1,2,1,1.0,2.0
201100040881,0011-08-17 19:50:00,11,8,17,19,50,760,351,"367, R FELIX FAURE",49.50236,0.1182,Plein jour,En agglomération,Intersection en T,Normale,Trois véhicules et plus - collisions multiples,,,,,,,,,,,1,2,3,1.0,5.0
201100040882,0011-08-19 05:20:00,11,8,19,5,20,760,351,"85, R SALVADOR ALLENDE",49.50452,0.14344,Nuit avec éclairage allumé,En agglomération,Hors intersection,Normale,Autre collision,,,,,,,,,,,5,2,1,1.0,6.0
201100040883,0011-08-19 17:50:00,11,8,19,17,50,760,351,AV DU SEIZIEME PORT,49.48203,0.153,Plein jour,Hors agglomération,Hors intersection,Normale,Deux véhicules - arrière,,,,,,,,,,,1,1,1,1.0,2.0
201100040884,0011-08-22 15:20:00,11,8,22,15,20,760,351,"34, R EUGENE MOPIN",49.51809,0.15771,Plein jour,En agglomération,Hors intersection,Pluie légère,Autre collision,,,,,,,,,,,1,2,1,2.0,6.0
201100040885,0011-08-29 11:35:00,11,8,29,11,35,760,351,"300, R ARISTIDE BRIAND",49.50042,0.1378,Plein jour,En agglomération,Intersection en X,Normale,Deux véhicules - côté,,,,,,,,,,,1,2,2,1.0,3.0
201100040886,0011-08-30 03:25:00,11,8,30,3,25,760,351,"neant, BD DE LENINGRAD",49.5001,0.17555,Nuit avec éclairage non allumé,Hors agglomération,Hors intersection,Normale,Autre collision,,,,,,,,,,,4,1,1,1.0,6.0
201100040887,0011-08-31 14:25:00,11,8,31,14,25,760,351,"51,R  MARYSE BASTIE",49.52593,0.0966,Plein jour,En agglomération,Intersection en X,Normale,Sans collision,,,,,,,,,,,1,2,2,1.0,7.0
201100040888,0011-09-03 16:25:00,11,9,3,16,25,760,351,"12, R D EPREMESNIL",49.49662,0.10112,Plein jour,En agglomération,Hors intersection,Normale,Deux véhicules - frontale,,,,,,,,,,,1,2,1,1.0,1.0
201100040889,0011-09-04 12:25:00,11,9,4,12,25,760,552,BD PRESIDENT FELIX FAURE,49.50717,0.07404,Plein jour,En agglomération,Hors intersection,Pluie légère,Autre collision,,,,,,,,,,,1,2,1,2.0,6.0
201100040890,0011-09-05 14:00:00,11,9,5,14,0,760,351,87  CRS REPUBLIQUE,49.49611,0.12673,Plein jour,En agglomération,Intersection en X,Normale,Autre collision,,,,,,,,,,,1,2,2,1.0,6.0
201100040891,0011-09-05 16:15:00,11,9,5,16,15,760,341,RD 6382,49.51016,0.19779,Plein jour,Hors agglomération,Intersection en Y,Normale,Sans collision,,,,,,,,,,,1,1,4,1.0,7.0
201100040892,0011-09-06 11:45:00,11,9,6,11,45,760,351,"NEANT, R ALBERT COPIEUX",49.50964,0.08844,Plein jour,En agglomération,Intersection en T,Pluie légère,Autre collision,,,,,,,,,,,1,2,3,2.0,6.0
201100040893,0011-09-09 09:55:00,11,9,9,9,55,760,351,"25-31, R D INGOUVILLE",49.49749,0.10915,Plein jour,En agglomération,Intersection en X,Pluie légère,Autre collision,,,,,,,,,,,1,2,2,2.0,6.0
201100040894,0011-09-10 15:30:00,11,9,10,15,30,760,351,"34, R DEMIDOFF",49.49738,0.13276,Plein jour,En agglomération,Intersection en T,Normale,Autre collision,,,,,,,,,,,1,2,3,1.0,6.0
201100040895,0011-09-11 10:30:00,11,9,11,10,30,760,296,"32, R DE LA LIBERATION",49.51511,0.23476,Plein jour,Hors agglomération,Intersection en T,Pluie légère,Sans collision,,,,,,,,,,,1,1,3,2.0,7.0
201100040896,0011-09-11 21:20:00,11,9,11,21,20,760,351,"104, CRS REPUBLIQUE",49.49731,0.12796,Nuit avec éclairage allumé,En agglomération,Hors intersection,Normale,Sans collision,,,,,,,,,,,5,2,1,1.0,7.0
201100040897,0011-09-13 07:45:00,11,9,13,7,45,760,351,AV CHRISTOPHE COLOMB,49.47693,0.14162,Plein jour,En agglomération,Intersection en X,Normale,Deux véhicules - côté,,,,,,,,,,,1,2,2,1.0,3.0
201100040898,0011-09-15 08:40:00,11,9,15,8,40,760,351,R PIERRE MENDES FRANCE,49.50849,0.13756,Plein jour,En agglomération,Intersection en T,Normale,Autre collision,,,,,,,,,,,1,2,3,1.0,6.0
201100040899,0011-09-15 13:05:00,11,9,15,13,5,760,351,"83, R DE LA CAVEE VERTE",49.50323,0.10633,Plein jour,En agglomération,Hors intersection,Normale,Autre collision,,,,,,,,,,,1,2,1,1.0,6.0
201100040900,0011-09-16 00:20:00,11,9,16,0,20,760,351,"35, R RICHELIEU",49.4893,0.10419,Nuit avec éclairage allumé,En agglomération,Intersection en X,Normale,Autre collision,,,,,,,,,,,5,2,2,1.0,6.0
201100040901,0011-09-16 18:45:00,11,9,16,18,45,760,305,"42,  R JACQUES DUCLOS",49.50691,0.22939,Crépuscule ou aube,En agglomération,Hors intersection,Normale,Autre collision,,,,,,,,,,,2,2,1,1.0,6.0
201100040902,0011-09-17 15:25:00,11,9,17,15,25,760,351,"6-12, R DE NEUSTRIE",49.49853,0.12292,Plein jour,En agglomération,Intersection en X,Normale,Autre collision,,,,,,,,,,,1,2,2,1.0,6.0
201100040903,0011-09-18 11:10:00,11,9,18,11,10,760,341,"neant, AV DE RESISTANCE",49.50482,0.19743,Plein jour,En agglomération,Hors intersection,Temps couvert,Sans collision,,,,,,,,,,,1,2,1,8.0,7.0
201100040904,0011-09-18 18:40:00,11,9,18,18,40,760,305,R DE L ESTUAIRE,49.50016,0.23247,Plein jour,Hors agglomération,Hors intersection,Pluie légère,Autre collision,,,,,,,,,,,1,1,1,2.0,6.0
201100040905,0011-09-20 10:00:00,11,9,20,10,0,760,447,HOPITAL JACQUES MONOD,49.52702,0.18511,Plein jour,Hors agglomération,Hors intersection,Normale,Autre collision,,,,,,,,,,,1,1,1,1.0,6.0
201100040906,0011-09-23 04:55:00,11,9,23,4,55,760,351,"89, AV JEAN JAURES",49.499,0.15294,Nuit avec éclairage allumé,En agglomération,Intersection en T,Normale,Autre collision,,,,,,,,,,,5,2,3,1.0,6.0
201100040907,0011-09-26 20:15:00,11,9,26,20,15,760,351,"49, R DE LA CONCORDE",49.5086,0.15887,Crépuscule ou aube,En agglomération,Intersection en X,Normale,Deux véhicules - côté,,,,,,,,,,,2,2,2,1.0,3.0
201100040908,0011-09-28 06:00:00,11,9,28,6,0,760,351,R DE LA POINTE DU HOC,49.4788,0.18648,Nuit sans éclairage public,Hors agglomération,Hors intersection,Normale,Sans collision,,,,,,,,,,,3,1,1,1.0,7.0
201100040909,0011-09-28 16:50:00,11,9,28,16,50,760,447,RTE ST MARTIN DU MANOIR,49.54392,0.20303,Plein jour,En agglomération,Hors intersection,Normale,Trois véhicules et plus - collisions multiples,,,,,,,,,,,1,2,1,1.0,5.0
201100040910,0011-09-28 16:30:00,11,9,28,16,30,760,351,R DE LA JAMBE DE BOIS,49.52068,0.11039,Plein jour,En agglomération,Hors intersection,Normale,Autre collision,,,,,,,,,,,1,2,1,1.0,6.0
201100040911,0011-09-29 16:25:00,11,9,29,16,25,760,351,"19, R ERNEST RENAN",49.49721,0.11333,Plein jour,En agglomération,Intersection en X,Normale,Autre collision,,,,,,,,,,,1,2,2,1.0,6.0
201100040912,0011-09-30 18:50:00,11,9,30,18,50,760,351,"240, R ARISTIDE BRIAND",49.50017,0.13428,Plein jour,En agglomération,Hors intersection,Normale,Autre collision,,,,,,,,,,,1,2,1,1.0,6.0
201100040913,0011-10-02 09:30:00,11,10,2,9,30,760,305,"15, R DE SAINT-LAURENT",49.52283,0.22015,Plein jour,Hors agglomération,Hors intersection,Normale,Autre collision,,,,,,,,,,,1,1,1,1.0,6.0
201100040914,0011-10-02 15:25:00,11,10,2,15,25,760,351,"79, R DE LA CAVEE HAIZE",49.51933,0.07708,Plein jour,En agglomération,Hors intersection,Normale,Autre collision,,,,,,,,,,,1,2,1,1.0,6.0
201100040915,0011-10-03 13:35:00,11,10,3,13,35,760,351,"350, R DE VERDUN",49.50242,0.17298,Plein jour,En agglomération,Hors intersection,Normale,Deux véhicules - arrière,,,,,,,,,,,1,2,1,1.0,2.0
201100040916,0011-10-04 08:00:00,11,10,4,8,0,760,351,"3, R DE CALIGNY",49.49161,0.10066,Plein jour,En agglomération,Hors intersection,Normale,Sans collision,,,,,,,,,,,1,2,1,1.0,7.0
201100040917,0011-10-04 09:45:00,11,10,4,9,45,760,305,"28-30, RTE D OUDALLE",49.50351,0.20598,Plein jour,En agglomération,Intersection en T,Normale,Autre collision,,,,,,,,,,,1,2,3,1.0,6.0
201100040918,0011-10-06 18:10:00,11,10,6,18,10,760,351,"12, R MARECHAL JOFFRE",49.49866,0.11864,Plein jour,En agglomération,Hors intersection,Temps couvert,Trois véhicules et plus - collisions multiples,,,,,,,,,,,1,2,1,8.0,5.0
201100040919,0011-10-09 01:35:00,11,10,9,1,35,760,351,"277, AV JEAN JAURES",49.50061,0.16992,Nuit avec éclairage allumé,En agglomération,Intersection en T,Pluie légère,Autre collision,,,,,,,,,,,5,2,3,2.0,6.0
201100040920,0011-10-10 12:10:00,11,10,10,12,10,760,305,R DE L ESTUAIRE,49.49832,0.23159,Plein jour,Hors agglomération,Hors intersection,Pluie légère,Sans collision,,,,,,,,,,,1,1,1,2.0,7.0
201100040921,0011-10-10 23:00:00,11,10,10,23,0,760,351,"62-64, R VOLTAIRE",49.49003,0.10387,Nuit avec éclairage allumé,En agglomération,Hors intersection,Normale,Autre collision,,,,,,,,,,,5,2,1,1.0,6.0
201100040922,0011-10-11 07:15:00,11,10,11,7,15,760,341,D6015,49.50202,0.19389,Nuit avec éclairage allumé,Hors agglomération,Hors intersection,Pluie légère,Deux véhicules - côté,,,,,,,,,,,5,1,1,2.0,3.0
201100040923,0011-10-13 11:10:00,11,10,13,11,10,760,351,R FREDERIC BELLANGER,49.49565,0.09672,Plein jour,En agglomération,Intersection en X,Normale,Autre collision,,,,,,,,,,,1,2,2,1.0,6.0
201100040924,0011-10-14 16:00:00,11,10,14,16,0,760,351,"354, R PABLO NERUDA",49.50426,0.15807,Plein jour,En agglomération,Intersection en T,Temps éblouissant,Deux véhicules - arrière,,,,,,,,,,,1,2,3,7.0,2.0
201100040925,0011-10-15 12:30:00,11,10,15,12,30,760,351,"159, CRS DE REPUBLIQUE",49.49938,0.12925,Plein jour,En agglomération,Hors intersection,Normale,Autre collision,,,,,,,,,,,1,2,1,1.0,6.0
201100040926,0011-10-15 14:30:00,11,10,15,14,30,760,351,R DE LA BOUTEILLERIE,49.52106,0.1701,Plein jour,En agglomération,Hors intersection,Normale,Autre collision,,,,,,,,,,,1,2,1,1.0,6.0
201100040927,0011-10-16 11:45:00,11,10,16,11,45,760,351,R JEAN JACQUES ROUSSEAU,49.49736,0.13132,Plein jour,En agglomération,Intersection en X,Normale,Deux véhicules - côté,,,,,,,,,,,1,2,2,1.0,3.0
201100040928,0011-10-18 08:40:00,11,10,18,8,40,760,305,R ELSA TRIOLET,49.50412,0.23621,Plein jour,En agglomération,Hors intersection,Pluie forte,Autre collision,,,,,,,,,,,1,2,1,3.0,6.0
201100040929,0011-10-20 08:40:00,11,10,20,8,40,760,351,"37, R GUSTAVE BRINDEAU",49.49013,0.14196,Plein jour,En agglomération,Intersection en X,Normale,Deux véhicules - côté,,,,,,,,,,,1,2,2,1.0,3.0
201100040930,0011-10-20 09:30:00,11,10,20,9,30,760,351,"1, R  EUGENE SUE",49.51734,0.12305,Plein jour,En agglomération,Intersection en T,Temps éblouissant,Autre collision,,,,,,,,,,,1,2,3,7.0,6.0
201100040931,0011-10-23 13:45:00,11,10,23,13,45,760,351,R IRENE JOLIOT CURIE,49.52241,0.10469,Plein jour,En agglomération,Intersection en X,Normale,Deux véhicules - côté,,,,,,,,,,,1,2,2,1.0,3.0
201100040932,0011-10-28 15:30:00,11,10,28,15,30,760,351,"10, R VICTOR HUGO",49.4919,0.10079,Plein jour,En agglomération,Intersection en X,Normale,Autre collision,,,,,,,,,,,1,2,2,1.0,6.0
201100040933,0011-10-30 00:10:00,11,10,30,0,10,760,341,AV DE LA RESISTANCE,49.50477,0.19581,Nuit avec éclairage allumé,En agglomération,Giratoire,Normale,Sans collision,,,,,,,,,,,5,2,6,1.0,7.0
201100040934,0011-10-31 16:25:00,11,10,31,16,25,760,305,AV DU CAMP DOLENT,49.51079,0.22808,Plein jour,En agglomération,Hors intersection,Normale,Deux véhicules - côté,,,,,,,,,,,1,2,1,1.0,3.0
201100040935,0011-10-31 16:55:00,11,10,31,16,55,760,481,RD 940,49.55762,0.11268,Plein jour,Hors agglomération,Intersection en X,Normale,Deux véhicules - côté,,,,,,,,,,,1,1,2,1.0,3.0
201100040936,0011-10-31 19:10:00,11,10,31,19,10,760,351,"86, R THEOPHILE GAUTIER",49.51578,0.09193,Nuit avec éclairage allumé,En agglomération,Intersection en T,Normale,Autre collision,,,,,,,,,,,5,2,3,1.0,6.0
201100040937,0011-11-01 16:50:00,11,11,1,16,50,760,351,"57, R FRANCOIS MAZELINE",49.4977,0.13741,Plein jour,En agglomération,Intersection en X,Normale,Deux véhicules - côté,,,,,,,,,,,1,2,2,1.0,3.0
201100040938,0011-11-01 19:40:00,11,11,1,19,40,760,351,AV DU BOIS AU COQ,49.51685,0.11896,Nuit avec éclairage allumé,En agglomération,Hors intersection,Normale,Autre collision,,,,,,,,,,,5,2,1,1.0,6.0
201100040939,0011-11-05 08:45:00,11,11,5,8,45,760,447,,49.52644,0.18325,Plein jour,Hors agglomération,Hors intersection,Normale,Sans collision,,,,,,,,,,,1,1,1,1.0,7.0
201100040940,0011-11-05 17:30:00,11,11,5,17,30,760,351,"60, R MARECHAL JOFFRE",49.49926,0.12127,Nuit avec éclairage allumé,En agglomération,Hors intersection,Normale,Autre collision,,,,,,,,,,,5,2,1,1.0,6.0
201100040941,0011-11-07 08:35:00,11,11,7,8,35,760,351,R IRENE JOLIOT CURIE,49.52359,0.10436,Plein jour,En agglomération,Hors intersection,Pluie légère,Deux véhicules - arrière,,,,,,,,,,,1,2,1,2.0,2.0
201100040942,0011-11-09 12:10:00,11,11,9,12,10,760,351,66 R VIVIANI,49.49306,0.15528,Plein jour,En agglomération,Hors intersection,Normale,Autre collision,,,,,,,,,,,1,2,1,1.0,6.0
201100040943,0011-11-09 13:25:00,11,11,9,13,25,760,351,"13, R CLAUDE BERNARD",49.51783,0.10751,Plein jour,En agglomération,Intersection en X,Normale,Deux véhicules - côté,,,,,,,,,,,1,2,2,1.0,3.0
201100040944,0011-11-11 14:00:00,11,11,11,14,0,760,351,"54, R LOUIS RICHARD",49.49032,0.15198,Plein jour,En agglomération,Hors intersection,Normale,Deux véhicules - frontale,,,,,,,,,,,1,2,1,1.0,1.0
201100040945,0011-11-13 02:30:00,11,11,13,2,30,760,351,"neant, AV JEAN JAURES",49.50062,0.1699,Nuit avec éclairage allumé,En agglomération,Intersection en T,Normale,Autre collision,,,,,,,,,,,5,2,3,1.0,6.0
201100040946,0011-11-13 17:50:00,11,11,13,17,50,760,351,"222, R ARISTIDE BRIAND",49.50017,0.13351,Nuit avec éclairage allumé,En agglomération,Hors intersection,Normale,Deux véhicules - côté,,,,,,,,,,,5,2,1,1.0,3.0
201100040947,0011-11-14 09:15:00,11,11,14,9,15,760,305,RD 6282,49.50094,0.19456,Plein jour,Hors agglomération,Hors intersection,Normale,Deux véhicules - arrière,,,,,,,,,,,1,1,1,1.0,2.0
201100040948,0011-11-16 16:50:00,11,11,16,16,50,760,351,"13, R MAGASINS GENERAUX",49.49171,0.13411,Plein jour,En agglomération,Hors intersection,Normale,Autre collision,,,,,,,,,,,1,2,1,1.0,6.0
201100040949,0011-11-18 11:15:00,11,11,18,11,15,760,341,D6015,49.50584,0.19403,Plein jour,Hors agglomération,Autre intersection,Normale,Deux véhicules - arrière,,,,,,,,,,,1,1,9,1.0,2.0
201100040950,0011-11-18 11:25:00,11,11,18,11,25,760,341,acces au D6382 a D6015,49.50324,0.19429,Plein jour,Hors agglomération,Hors intersection,Normale,Autre collision,,,,,,,,,,,1,1,1,1.0,6.0
201100040951,0011-11-18 18:40:00,11,11,18,18,40,760,351,"17, PL HALLES CENTRALES",49.49048,0.10387,Nuit avec éclairage non allumé,En agglomération,Hors intersection,Normale,Autre collision,,,,,,,,,,,4,2,1,1.0,6.0
201100040952,0011-11-21 14:15:00,11,11,21,14,15,760,481,R DES  MONTS TROTTINS,49.53651,0.11723,Plein jour,Hors agglomération,Hors intersection,Temps couvert,Deux véhicules - frontale,,,,,,,,,,,1,1,1,8.0,1.0
201100040953,0011-11-22 17:40:00,11,11,22,17,40,760,351,"79, R LOUIS BLANC",49.50759,0.13174,Nuit avec éclairage allumé,En agglomération,Hors intersection,Normale,Deux véhicules - arrière,,,,,,,,,,,5,2,1,1.0,2.0
201100040954,0011-11-23 17:35:00,11,11,23,17,35,760,351,"26, R D INGOUVILLE",49.49769,0.10887,Nuit avec éclairage allumé,En agglomération,Hors intersection,Normale,Autre collision,,,,,,,,,,,5,2,1,1.0,6.0
201100040955,0011-11-24 08:05:00,11,11,24,8,5,760,447,AV DE LA BELLE ETOILE,49.54155,0.17216,Plein jour,En agglomération,Hors intersection,Normale,Deux véhicules - arrière,,,,,,,,,,,1,2,1,1.0,2.0
201100040956,0011-11-30 07:15:00,11,11,30,7,15,760,351,N 282,49.50072,0.19439,Nuit avec éclairage allumé,Hors agglomération,Hors intersection,Normale,Deux véhicules - frontale,,,,,,,,,,,5,1,1,1.0,1.0
201100040957,0011-12-01 09:00:00,11,12,1,9,0,760,447,"32, R JEAN JAURES",49.54394,0.19516,Plein jour,En agglomération,Hors intersection,Normale,Autre collision,,,,,,,,,,,1,2,1,1.0,6.0
201100040958,0011-12-01 08:40:00,11,12,1,8,40,760,481,RTE DE SAINT BARTHELEMY,49.57161,0.15353,Crépuscule ou aube,Hors agglomération,Hors intersection,Normale,Autre collision,,,,,,,,,,,2,1,1,1.0,6.0
201100040959,0011-12-01 11:55:00,11,12,1,11,55,760,351,RD 6015,49.50211,0.18863,Plein jour,Hors agglomération,Hors intersection,Temps couvert,Sans collision,,,,,,,,,,,1,1,1,8.0,7.0
201100040960,0011-12-02 07:10:00,11,12,2,7,10,760,351,AV DU SEIZIEME PORT,49.48303,0.16569,Nuit avec éclairage allumé,En agglomération,Giratoire,Normale,Autre collision,,,,,,,,,,,5,2,6,1.0,6.0
201100040961,0011-12-02 17:05:00,11,12,2,17,5,760,447,AV  PIERRE MENDES FRANCE,49.53209,0.18016,Crépuscule ou aube,En agglomération,Intersection en T,Pluie légère,Trois véhicules et plus - collisions multiples,,,,,,,,,,,2,2,3,2.0,5.0
201100040962,0011-12-02 18:30:00,11,12,2,18,30,760,351,"neant, R LOUIS SIEFRIDT",49.51095,0.09912,Nuit avec éclairage allumé,En agglomération,Intersection en X,Normale,Deux véhicules - côté,,,,,,,,,,,5,2,2,1.0,3.0
201100040963,0011-12-03 15:55:00,11,12,3,15,55,760,305,R D OUDALLE,49.50223,0.21358,Plein jour,En agglomération,Giratoire,Pluie légère,Sans collision,,,,,,,,,,,1,2,6,2.0,7.0
201100040964,0011-12-03 19:35:00,11,12,3,19,35,760,351,"110, R MARECHAL JOFFRE",49.49986,0.12416,Nuit avec éclairage allumé,En agglomération,Intersection en X,Pluie légère,Autre collision,,,,,,,,,,,5,2,2,2.0,6.0
201100040965,0011-12-05 17:55:00,11,12,5,17,55,760,351,CRS DE LA REPUBLIQUE,49.50002,0.1298,Nuit avec éclairage allumé,En agglomération,Intersection en X,Normale,Deux véhicules - côté,,,,,,,,,,,5,2,2,1.0,3.0
201100040966,0011-12-07 15:50:00,11,12,7,15,50,760,305,"50, R D OUDALLE",49.50268,0.21121,Plein jour,En agglomération,Intersection en T,Normale,Deux véhicules - arrière,,,,,,,,,,,1,2,3,1.0,2.0
201100040967,0011-12-10 23:15:00,11,12,10,23,15,760,351,"24, R BOISSY D ANGLAS",49.49947,0.14864,Nuit avec éclairage allumé,En agglomération,Hors intersection,Pluie légère,Autre collision,,,,,,,,,,,5,2,1,2.0,6.0
201100040968,0011-12-14 19:55:00,11,12,14,19,55,760,447,PL DU CHAMP DE FOIRE,49.54712,0.18931,Nuit avec éclairage allumé,En agglomération,Giratoire,Pluie légère,Deux véhicules - côté,,,,,,,,,,,5,2,6,2.0,3.0
201100040969,0011-12-15 19:15:00,11,12,15,19,15,760,351,"49, R PIERRE FARCIS",49.51686,0.09945,Nuit avec éclairage allumé,En agglomération,Hors intersection,Pluie légère,Autre collision,,,,,,,,,,,5,2,1,2.0,6.0
201100040970,0011-12-15 23:40:00,11,12,15,23,40,760,351,"158, AV DU 8 MAI 1945",49.51275,0.17448,Nuit avec éclairage allumé,En agglomération,Hors intersection,Vent fort / tempête,Autre collision,,,,,,,,,,,5,2,1,6.0,6.0
201100040971,0011-12-18 15:10:00,11,12,18,15,10,760,351,QU COLBERT,49.49272,0.13117,Plein jour,En agglomération,Hors intersection,Normale,Sans collision,,,,,,,,,,,1,2,1,1.0,7.0
201100040972,0011-12-23 01:45:00,11,12,23,1,45,760,351,CHAU JOHN KENNEDY,49.48455,0.10378,Nuit avec éclairage allumé,En agglomération,Intersection en T,Normale,Autre collision,,,,,,,,,,,5,2,3,1.0,6.0
201100040973,0011-12-26 07:45:00,11,12,26,7,45,760,351,PONT J JACQUES ROUSSEAU,49.4956,0.13145,Nuit avec éclairage allumé,En agglomération,Intersection en T,Pluie légère,Autre collision,,,,,,,,,,,5,2,3,2.0,6.0
201100040974,0011-01-04 18:00:00,11,1,4,18,0,760,351,R DE LA CAVEE VERTE,49.5043,0.10992,Nuit avec éclairage allumé,En agglomération,Intersection en T,Normale,Deux véhicules - côté,,,,,,,,,,,5,2,3,1.0,3.0
201100040975,0011-02-03 08:15:00,11,2,3,8,15,760,351,R DES ACACIAS,49.5078,0.13705,Plein jour,En agglomération,Hors intersection,Normale,Autre collision,,,,,,,,,,,1,2,1,1.0,6.0
201100040976,0011-02-17 15:00:00,11,2,17,15,0,760,351,PL JAMES DE CONNINCK,49.5093,0.12859,Plein jour,En agglomération,Hors intersection,Normale,Autre collision,,,,,,,,,,,1,2,1,1.0,6.0
201100040977,0011-02-21 15:00:00,11,2,21,15,0,760,351,98 R DE VERDUN,49.5016,0.15248,Plein jour,En agglomération,Hors intersection,Normale,Autre collision,,,,,,,,,,,1,2,1,1.0,6.0
201100040978,0011-03-21 14:05:00,11,3,21,14,5,760,351,R DE LODI,49.4943,0.14187,Plein jour,En agglomération,Intersection en T,Normale,Deux véhicules - côté,,,,,,,,,,,1,2,3,1.0,3.0
201100040979,0011-03-17 07:40:00,11,3,17,7,40,760,447,AV DE LA BELLE ETOILE,49.5389,0.17432,Plein jour,En agglomération,Hors intersection,Normale,Deux véhicules - arrière,,,,,,,,,,,1,2,1,1.0,2.0
201100040980,0011-04-07 17:30:00,11,4,7,17,30,760,351,36 BD ALBERT 1ER,49.4983,0.09145,Plein jour,En agglomération,Hors intersection,Normale,Deux véhicules - arrière,,,,,,,,,,,1,2,1,1.0,2.0
201100040981,0011-04-21 19:05:00,11,4,21,19,5,760,351,QU LAMBLARDIE,49.4897,0.11613,Plein jour,En agglomération,Hors intersection,Normale,Deux véhicules - arrière,,,,,,,,,,,1,2,1,1.0,2.0
201100040982,0011-05-08 10:00:00,11,5,8,10,0,760,351,AV CIRCULAIRE/CH N 3,49.522,0.13473,Plein jour,En agglomération,Intersection en X,Normale,Deux véhicules - côté,,,,,,,,,,,1,2,2,1.0,3.0
201100040983,0011-05-05 16:50:00,11,5,5,16,50,760,447,AV MARECHAL FOCH,49.5289,0.19116,Plein jour,En agglomération,Hors intersection,Normale,Autre collision,,,,,,,,,,,1,2,1,1.0,6.0
201100040984,0011-05-09 18:15:00,11,5,9,18,15,760,351,R ARISTIDE BRIAND,49.5002,0.13063,Plein jour,En agglomération,Hors intersection,Normale,Deux véhicules - côté,,,,,,,,,,,1,2,1,1.0,3.0
201100040985,0011-05-13 13:15:00,11,5,13,13,15,760,447,R OSCAR GERMAIN,49.5453,0.18969,Plein jour,En agglomération,Hors intersection,Normale,Autre collision,,,,,,,,,,,1,2,1,1.0,6.0
201100040986,0011-01-08 00:20:00,11,1,8,0,20,760,351,R LEFEVREVILLE,49.4995,0.13239,Nuit avec éclairage allumé,En agglomération,Intersection en X,Normale,Autre collision,,,,,,,,,,,5,2,2,1.0,6.0
201100040987,0011-01-14 18:30:00,11,1,14,18,30,760,351,AV JEAN JAURES,49.5022,0.18642,Plein jour,En agglomération,Intersection en X,Normale,Deux véhicules - arrière,,,,,,,,,,,1,2,2,1.0,2.0
201100040988,0011-06-09 08:30:00,11,6,9,8,30,760,351,53 R FREDERIC BELLANGER,49.4956,0.09731,Plein jour,En agglomération,Hors intersection,Normale,Autre collision,,,,,,,,,,,1,2,1,1.0,6.0
201100040989,0011-06-14 09:00:00,11,6,14,9,0,760,351,"25, R ROBERT LE DIABLE",49.5012,0.12776,Plein jour,En agglomération,Hors intersection,Normale,Autre collision,,,,,,,,,,,1,2,1,1.0,6.0
201100040990,0011-01-17 18:30:00,11,1,17,18,30,760,351,37 R DEMIDOFF,49.4972,0.13005,Nuit avec éclairage allumé,En agglomération,Hors intersection,Autre,Autre collision,,,,,,,,,,,5,2,1,9.0,6.0
201100040991,0011-09-01 21:00:00,11,9,1,21,0,760,351,"17, R PASTEUR",49.50308,0.13065,Plein jour,En agglomération,Hors intersection,Normale,Autre collision,,,,,,,,,,,1,2,1,1.0,6.0
201100040992,0011-05-05 18:15:00,11,5,5,18,15,760,351,159 CRS DE LA REPUBLIQUE,49.4991,0.12906,Plein jour,En agglomération,Hors intersection,Normale,Autre collision,,,,,,,,,,,1,2,1,1.0,6.0