accident_id,datetime,annee,mois,jour,heure,minute,departement,commune_insee,adresse,latitude,longitude,luminosite,agglomeration,intersection,meteo,collision,nb_vehicules,nb_usagers,nb_indemnes,nb_tues,nb_blesses_hosp,nb_blesses_legers,age_cond_1,age_cond_2,veh_type_cond_1,veh_type_cond_2,lum_code,agg_code,int_code,atm_code,col_code
201100041113,0011-05-30 13:50:00,11,5,30,13,50,760,540,"01, COURS CLEMENCEAU",49.4352,1.08704,Plein jour,En agglomération,Hors intersection,Pluie légère,Autre collision,,,,,,,,,,,1,2,1,2.0,6.0
201100041114,0011-06-01 17:40:00,11,6,1,17,40,760,322,VOIE RAPIDE SUD III,49.4169,1.04697,Plein jour,Hors agglomération,Hors intersection,Normale,Deux véhicules - côté,,,,,,,,,,,1,1,1,1.0,3.0
201100041115,0011-06-04 15:45:00,11,6,4,15,45,760,498,VOIE RAPIDE SUD III,49.4348,1.07078,Plein jour,Hors agglomération,Hors intersection,Normale,Trois véhicules et plus - en chaîne,,,,,,,,,,,1,1,1,1.0,4.0
201100041116,0011-06-07 08:00:00,11,6,7,8,0,760,484,D18E,49.3678,1.10568,Plein jour,Hors agglomération,Hors intersection,Pluie légère,Trois véhicules et plus - en chaîne,,,,,,,,,,,1,1,1,2.0,4.0
201100041117,0011-06-08 08:25:00,11,6,8,8,25,760,681,"151, R PIERRE CORNEILLE",49.4193,1.09573,Plein jour,En agglomération,Hors intersection,Normale,Autre collision,,,,,,,,,,,1,2,1,1.0,6.0
201100041118,0011-06-08 18:30:00,11,6,8,18,30,760,497,"01, R DU MADRILLET",49.3873,1.04636,Plein jour,Hors agglomération,Hors intersection,Normale,Sans collision,,,,,,,,,,,1,1,1,1.0,7.0
201100041119,0011-05-31 20:25:00,11,5,31,20,25,760,457,R LOUIS MOGUEN,49.3422,0.96367,Plein jour,En agglomération,Hors intersection,Normale,Deux véhicules - côté,,,,,,,,,,,1,2,1,1.0,3.0
201100041120,0011-06-06 14:30:00,11,6,6,14,30,760,540,PONT MATHILDE,49.4352,1.10584,Plein jour,Hors agglomération,Hors intersection,Temps couvert,Deux véhicules - arrière,,,,,,,,,,,1,1,1,8.0,2.0
201100041121,0011-06-10 04:40:00,11,6,10,4,40,760,681,BD INDUSTRIEL,49.4258,1.10543,Nuit avec éclairage allumé,Hors agglomération,Hors intersection,Normale,Autre collision,,,,,,,,,,,5,1,1,1.0,6.0
201100041122,0011-04-22 16:15:00,11,4,22,16,15,760,540,49 BD DES BELGES,49.4436,1.08498,Plein jour,En agglomération,Hors intersection,Normale,Deux véhicules - arrière,,,,,,,,,,,1,2,1,1.0,2.0
201100041123,0011-06-10 09:20:00,11,6,10,9,20,760,540,"01, R CAUCHOISE",49.4446,1.08787,Plein jour,En agglomération,Hors intersection,Normale,Autre collision,,,,,,,,,,,1,2,1,1.0,6.0
201100041124,0011-06-11 14:25:00,11,6,11,14,25,760,429,"23, RTE DE PARIS",49.4051,1.15245,Plein jour,En agglomération,Hors intersection,Normale,Autre collision,,,,,,,,,,,1,2,1,1.0,6.0
201100041125,0011-05-03 18:15:00,11,5,3,18,15,760,319,"01, R PAUL CEZANNE",49.3468,0.99646,Plein jour,En agglomération,Hors intersection,Normale,Deux véhicules - côté,,,,,,,,,,,1,2,1,1.0,3.0
201100041126,0011-06-09 07:45:00,11,6,9,7,45,760,498,R DE STALINGRAD/R VALOIS,49.4328,1.04996,Plein jour,En agglomération,Intersection en Y,Normale,Deux véhicules - frontale,,,,,,,,,,,1,2,4,1.0,1.0
201100041127,0011-06-10 17:00:00,11,6,10,17,0,760,681,"5, AV JEAN JAURES",49.4145,1.09075,Plein jour,En agglomération,Hors intersection,Normale,Autre collision,,,,,,,,,,,1,2,1,1.0,6.0
201100041128,0011-06-16 09:00:00,11,6,16,9,0,760,540,RTE DE LYONS LA FORET,49.4368,1.12939,Plein jour,En agglomération,Hors intersection,Normale,Trois véhicules et plus - en chaîne,,,,,,,,,,,1,2,1,1.0,4.0
201100041129,0011-06-15 13:20:00,11,6,15,13,20,760,451,18 BD MAURICE DE BROGLIE,49.4598,1.07373,Plein jour,En agglomération,Hors intersection,Normale,Deux véhicules - côté,,,,,,,,,,,1,2,1,1.0,3.0
201100041130,0011-06-17 16:40:00,11,6,17,16,40,760,540,"17, R JEANNE D'ARC",49.4414,1.09004,Plein jour,En agglomération,Hors intersection,Normale,Autre collision,,,,,,,,,,,1,2,1,1.0,6.0
201100041131,0011-06-23 17:14:00,11,6,23,17,14,760,540,AV MONT RIBOUDET/R ANGOT,49.4465,1.07096,Plein jour,En agglomération,Intersection en X,Normale,Deux véhicules - côté,,,,,,,,,,,1,2,2,1.0,3.0
201100041132,0011-06-22 18:00:00,11,6,22,18,0,760,157,AV DE BUCHHOLZ/R CHENE A,49.4486,1.03031,Plein jour,En agglomération,Intersection en X,Normale,Autre collision,,,,,,,,,,,1,2,2,1.0,6.0
201100041133,0011-06-24 18:50:00,11,6,24,18,50,760,681,R GEORGES RISLER,49.4053,1.08213,Plein jour,En agglomération,Intersection en X,Normale,Deux véhicules - côté,,,,,,,,,,,1,2,2,1.0,3.0
201100041134,0011-06-25 06:25:00,11,6,25,6,25,760,540,QU CAVELIER DE LA SALLE,49.437,1.08731,Crépuscule ou aube,En agglomération,Hors intersection,Normale,Autre collision,,,,,,,,,,,2,2,1,1.0,6.0
201100041135,0011-06-20 19:10:00,11,6,20,19,10,760,681,"1, PONT DE 4 MARES",49.4047,1.11081,Plein jour,En agglomération,Hors intersection,Pluie légère,Deux véhicules - frontale,,,,,,,,,,,1,2,1,2.0,1.0
201100041136,0011-06-24 01:00:00,11,6,24,1,0,760,212,R DE VERDUN/R E BRANLY,49.4408,1.13414,Nuit avec éclairage allumé,En agglomération,Intersection en Y,Normale,Sans collision,,,,,,,,,,,5,2,4,1.0,7.0
201100041137,0011-06-29 07:00:00,11,6,29,7,0,760,540,QU JACQUES ANQUETIL,49.4344,1.0944,Plein jour,En agglomération,Hors intersection,Normale,Deux véhicules - côté,,,,,,,,,,,1,2,1,1.0,3.0
201100041138,0011-06-30 10:40:00,11,6,30,10,40,760,681,"35, BD INDUSTRIEL",49.4213,1.10663,Plein jour,En agglomération,Hors intersection,Normale,Trois véhicules et plus - en chaîne,,,,,,,,,,,1,2,1,1.0,4.0
201100041139,0011-06-30 11:30:00,11,6,30,11,30,760,681,BD INDUSTRIEL,49.4145,1.10731,Plein jour,Hors agglomération,Hors intersection,Normale,Deux véhicules - arrière,,,,,,,,,,,1,1,1,1.0,2.0
201100041140,0011-07-05 19:35:00,11,7,5,19,35,760,540,PONT GUSTAVE FLAUBERT,49.439,1.06974,Plein jour,En agglomération,Hors intersection,Pluie légère,Deux véhicules - arrière,,,,,,,,,,,1,2,1,2.0,2.0
201100041141,0011-07-07 07:30:00,11,7,7,7,30,760,322,VOIE RAPIDE SUR III,49.3955,1.03409,Crépuscule ou aube,En agglomération,Hors intersection,Pluie forte,Sans collision,,,,,,,,,,,2,2,1,3.0,7.0
201100041142,0011-07-06 17:15:00,11,7,6,17,15,760,216,"1B, AV GENERAL LECLERC",49.4556,1.05604,Plein jour,En agglomération,Hors intersection,Normale,Deux véhicules - frontale,,,,,,,,,,,1,2,1,1.0,1.0
201100041143,0011-07-13 19:50:00,11,7,13,19,50,760,575,1 AV DES CANADIENS,49.399,1.06317,Plein jour,En agglomération,Hors intersection,Normale,Sans collision,,,,,,,,,,,1,2,1,1.0,7.0
201100041144,0011-07-13 22:25:00,11,7,13,22,25,760,216,1 R DE LA REPUBLIQUE,49.4726,1.04248,Nuit avec éclairage allumé,Hors agglomération,Intersection en T,Normale,Autre collision,,,,,,,,,,,5,1,3,1.0,6.0
201100041145,0011-07-14 20:00:00,11,7,14,20,0,760,540,R JEANNE D'ARC,49.4425,1.09072,Plein jour,En agglomération,Intersection en X,Normale,Deux véhicules - côté,,,,,,,,,,,1,2,2,1.0,3.0
201100041146,0011-07-17 10:15:00,11,7,17,10,15,760,95,"174, RTE DE NEUFCHATEL",49.4562,1.10706,Plein jour,En agglomération,Hors intersection,Normale,Autre collision,,,,,,,,,,,1,2,1,1.0,6.0
201100041147,0011-07-19 23:00:00,11,7,19,23,0,760,540,"22, AV DE GRAMMONT",49.4266,1.09402,Nuit avec éclairage allumé,En agglomération,Hors intersection,Autre,Autre collision,,,,,,,,,,,5,2,1,9.0,6.0
201100041148,0011-07-01 14:20:00,11,7,1,14,20,760,540,"50, R DE LA REPUBLIQUE",49.44,1.09725,Plein jour,En agglomération,Hors intersection,Normale,Deux véhicules - côté,,,,,,,,,,,1,2,1,1.0,3.0
201100041149,0011-07-19 16:35:00,11,7,19,16,35,760,474,"1, RTE DE DIEPPE",49.4879,1.04879,Plein jour,Hors agglomération,Intersection en T,Normale,Deux véhicules - frontale,,,,,,,,,,,1,1,3,1.0,1.0
201100041150,0011-07-20 18:00:00,11,7,20,18,0,760,575,D418 - D18E,49.3665,1.09052,Plein jour,Hors agglomération,Autre intersection,Pluie forte,Trois véhicules et plus - collisions multiples,,,,,,,,,,,1,1,9,3.0,5.0
201100041151,0011-07-26 07:30:00,11,7,26,7,30,760,474,"314, RTE DE DIEPPE",49.496,1.04851,Plein jour,En agglomération,Hors intersection,Normale,Autre collision,,,,,,,,,,,1,2,1,1.0,6.0
201100041152,0011-07-27 02:00:00,11,7,27,2,0,760,575,D18E/D418,49.3671,1.0943,Nuit avec éclairage allumé,Hors agglomération,Hors intersection,Normale,Autre collision,,,,,,,,,,,5,1,1,1.0,6.0
201100041153,0011-07-06 17:35:00,11,7,6,17,35,760,319,"01, AV JEAN LAGARRIGUE",49.3397,1.01462,Plein jour,Hors agglomération,Hors intersection,Normale,Deux véhicules - côté,,,,,,,,,,,1,1,1,1.0,3.0
201100041154,0011-07-29 09:20:00,11,7,29,9,20,760,157,"74, R DE DUCLAIR",49.4447,1.01374,Plein jour,En agglomération,Hors intersection,Normale,Autre collision,,,,,,,,,,,1,2,1,1.0,6.0
201100041155,0011-07-20 07:10:00,11,7,20,7,10,760,540,1 QU JEAN DE BETHENCOURT,49.4401,1.07685,Plein jour,En agglomération,Hors intersection,Normale,Autre collision,,,,,,,,,,,1,2,1,1.0,6.0
201100041156,0011-07-29 09:10:00,11,7,29,9,10,760,410,A150,49.4684,1.03567,Plein jour,Hors agglomération,Hors intersection,Normale,Sans collision,,,,,,,,,,,1,1,1,1.0,7.0
201100041157,0011-08-13 10:30:00,11,8,13,10,30,760,108,"212, R DE LA REPUBLIQUE",49.4705,1.11631,Plein jour,En agglomération,Hors intersection,Pluie légère,Autre collision,,,,,,,,,,,1,2,1,2.0,6.0
201100041158,0011-08-15 16:40:00,11,8,15,16,40,760,484,RTE DES ESSARTS,49.349,1.0382,Plein jour,Hors agglomération,Hors intersection,Normale,Deux véhicules - côté,,,,,,,,,,,1,1,1,1.0,3.0
201100041159,0011-08-14 22:45:00,11,8,14,22,45,760,319,"135, AV DE CAEN",49.3433,0.97603,Nuit avec éclairage allumé,Hors agglomération,Hors intersection,Normale,Sans collision,,,,,,,,,,,5,1,1,1.0,7.0
201100041160,0011-08-18 06:45:00,11,8,18,6,45,760,451,"21, R PRESIDENT KENNEDY",49.4651,1.08675,Plein jour,En agglomération,Hors intersection,Normale,Sans collision,,,,,,,,,,,1,2,1,1.0,7.0
201100041161,0011-08-10 20:40:00,11,8,10,20,40,760,484,"4, R DE LA REPUBLIQUE",49.3393,1.09157,Plein jour,En agglomération,Hors intersection,Normale,Autre collision,,,,,,,,,,,1,2,1,1.0,6.0
201100041162,0011-08-21 01:20:00,11,8,21,1,20,760,540,4 QU DE PARIS,49.4365,1.10012,Nuit avec éclairage allumé,En agglomération,Hors intersection,Normale,Autre collision,,,,,,,,,,,5,2,1,1.0,6.0
201100041163,0011-08-19 16:00:00,11,8,19,16,0,760,103,"1, R DE LA REPUBLIQUE",49.4236,1.11453,Plein jour,En agglomération,Hors intersection,Normale,Trois véhicules et plus - en chaîne,,,,,,,,,,,1,2,1,1.0,4.0
201100041164,0011-08-21 12:20:00,11,8,21,12,20,760,484,"10, R MICHEL DUPRE",49.3398,1.08979,Plein jour,En agglomération,Hors intersection,Pluie légère,Deux véhicules - côté,,,,,,,,,,,1,2,1,2.0,3.0
201100041165,0011-08-26 19:05:00,11,8,26,19,5,760,157,"42, AV GEORGES BIZET",49.4592,1.03356,Plein jour,En agglomération,Hors intersection,Pluie légère,Autre collision,,,,,,,,,,,1,2,1,2.0,6.0
201100041166,0011-08-27 15:01:00,11,8,27,15,1,760,402,"34,  R HENRI OFFROY",49.5277,1.03948,Plein jour,En agglomération,Hors intersection,Pluie légère,Sans collision,,,,,,,,,,,1,2,1,2.0,7.0
201100041167,0011-08-31 14:40:00,11,8,31,14,40,760,95,"45, R DES CANADIENS",49.4524,1.11928,Plein jour,En agglomération,Hors intersection,Normale,Deux véhicules - côté,,,,,,,,,,,1,2,1,1.0,3.0
201100041168,0011-09-05 15:30:00,11,9,5,15,30,760,681,"17, R FRANCOIS RASPAIL",49.4162,1.09623,Plein jour,En agglomération,Intersection en X,Normale,Deux véhicules - côté,,,,,,,,,,,1,2,2,1.0,3.0
201100041169,0011-09-06 21:00:00,11,9,6,21,0,760,366,80 R GAL DE GAULLE,49.5048,1.04139,Nuit avec éclairage allumé,En agglomération,Hors intersection,Pluie forte,Autre collision,,,,,,,,,,,5,2,1,3.0,6.0
201100041170,0011-09-06 14:45:00,11,9,6,14,45,760,319,A 139,49.3526,1.03374,Plein jour,Hors agglomération,Hors intersection,Pluie légère,Sans collision,,,,,,,,,,,1,1,1,2.0,7.0
201100041171,0011-09-10 17:25:00,11,9,10,17,25,760,402,R GEORGES PELLERIN,49.5279,1.03857,Plein jour,En agglomération,Hors intersection,Normale,Deux véhicules - arrière,,,,,,,,,,,1,2,1,1.0,2.0
201100041172,0011-09-11 19:05:00,11,9,11,19,5,760,319,N138,49.3675,1.04113,Plein jour,Hors agglomération,Hors intersection,Normale,Deux véhicules - arrière,,,,,,,,,,,1,1,1,1.0,2.0
201100041173,0011-09-09 16:30:00,11,9,9,16,30,760,540,"32, R D'ELBEUF",49.4284,1.0845,Plein jour,En agglomération,Hors intersection,Normale,Deux véhicules - arrière,,,,,,,,,,,1,2,1,1.0,2.0
201100041174,0011-08-23 16:55:00,11,8,23,16,55,760,540,"15, AV ARISTIDE BRIAND",49.4356,1.1032,Plein jour,En agglomération,Hors intersection,Normale,Autre collision,,,,,,,,,,,1,2,1,1.0,6.0
201100041175,0011-08-30 23:50:00,11,8,30,23,50,760,540,34 R DU MAIL,49.4301,1.09066,Nuit avec éclairage allumé,En agglomération,Intersection en X,Normale,Deux véhicules - côté,,,,,,,,,,,5,2,2,1.0,3.0
201100041176,0011-09-06 11:15:00,11,9,6,11,15,760,540,"51, R VICTOR HUGO",49.4403,1.10084,Plein jour,En agglomération,Hors intersection,Normale,Autre collision,,,,,,,,,,,1,2,1,1.0,6.0
201100041177,0011-09-16 04:35:00,11,9,16,4,35,760,157,A150,49.4576,1.04804,Nuit sans éclairage public,Hors agglomération,Hors intersection,Autre,Autre collision,,,,,,,,,,,3,1,1,9.0,6.0
201100041178,0011-08-20 21:30:00,11,8,20,21,30,760,5,157 RTE DE PARIS,49.4147,1.12052,Nuit sans éclairage public,Hors agglomération,Hors intersection,Normale,Autre collision,,,,,,,,,,,3,1,1,1.0,6.0
201100041179,0011-09-19 07:20:00,11,9,19,7,20,760,575,"1, R DE LA BRECHE",49.3939,1.11341,Crépuscule ou aube,En agglomération,Hors intersection,Normale,Sans collision,,,,,,,,,,,2,2,1,1.0,7.0
201100041180,0011-09-19 21:55:00,11,9,19,21,55,760,540,65 AV DE BRETAGNE,49.4314,1.08264,Nuit avec éclairage allumé,En agglomération,Hors intersection,Autre,Sans collision,,,,,,,,,,,5,2,1,9.0,7.0
201100041181,0011-09-21 10:55:00,11,9,21,10,55,760,540,"22, R JEANNE D'ARC",49.4403,1.08956,Plein jour,En agglomération,Hors intersection,Normale,Sans collision,,,,,,,,,,,1,2,1,1.0,7.0
201100041182,0011-09-22 13:30:00,11,9,22,13,30,760,322,"59, R PIERRE LEFRANCOIS",49.4078,1.06382,Plein jour,En agglomération,Hors intersection,Normale,Autre collision,,,,,,,,,,,1,2,1,1.0,6.0
201100041183,0011-09-09 08:00:00,11,9,9,8,0,760,540,"14, QU GASTON BOULET",49.4414,1.08152,Plein jour,En agglomération,Hors intersection,Pluie forte,Autre collision,,,,,,,,,,,1,2,1,3.0,6.0
201100041184,0011-09-19 19:50:00,11,9,19,19,50,760,575,2 R PIERRE SEMARD,49.395,1.10058,Plein jour,En agglomération,Hors intersection,Autre,Deux véhicules - côté,,,,,,,,,,,1,2,1,9.0,3.0
201100041185,0011-09-17 23:50:00,11,9,17,23,50,760,322,"13, AV DES CANADIENS",49.402,1.06513,Nuit avec éclairage allumé,En agglomération,Intersection en T,Pluie légère,Trois véhicules et plus - collisions multiples,,,,,,,,,,,5,2,3,2.0,5.0
201100041186,0011-09-19 17:35:00,11,9,19,17,35,760,681,BD INDUSTRIEL,49.4124,1.10796,Plein jour,En agglomération,Hors intersection,Autre,Deux véhicules - côté,,,,,,,,,,,1,2,1,9.0,3.0
201100041187,0011-09-23 17:00:00,11,9,23,17,0,760,474,"2, IMP DE L'INDUSTRIE",49.4682,1.04183,Plein jour,En agglomération,Hors intersection,Normale,Autre collision,,,,,,,,,,,1,2,1,1.0,6.0
201100041188,0011-09-22 16:40:00,11,9,22,16,40,760,681,GR DE QUATRE-MARES,49.4025,1.10333,Plein jour,En agglomération,Intersection en T,Normale,Deux véhicules - côté,,,,,,,,,,,1,2,3,1.0,3.0
201100041189,0011-09-24 19:10:00,11,9,24,19,10,760,681,"145, R DE PARIS",49.4162,1.09624,Plein jour,En agglomération,Hors intersection,Normale,Sans collision,,,,,,,,,,,1,2,1,1.0,7.0
201100041190,0011-10-01 18:00:00,11,10,1,18,0,760,157,"34, QU GUSTAVE FLAUBERT",49.4305,1.02583,Plein jour,Hors agglomération,Hors intersection,Normale,Deux véhicules - côté,,,,,,,,,,,1,1,1,1.0,3.0
201100041191,0011-09-21 18:30:00,11,9,21,18,30,760,498,"27, BD DU 11 NOVEMBRE",49.4207,1.06833,Plein jour,En agglomération,Hors intersection,Normale,Deux véhicules - côté,,,,,,,,,,,1,2,1,1.0,3.0
201100041192,0011-09-30 17:15:00,11,9,30,17,15,760,540,A150,49.4542,1.05293,Plein jour,Hors agglomération,Hors intersection,Normale,Deux véhicules - côté,,,,,,,,,,,1,1,1,1.0,3.0
201100041193,0011-10-07 20:05:00,11,10,7,20,5,760,319,N138,49.3515,1.02581,Nuit sans éclairage public,Hors agglomération,Hors intersection,Normale,Autre collision,,,,,,,,,,,3,1,1,1.0,6.0
201100041194,0011-10-09 14:40:00,11,10,9,14,40,760,540,"74, RPE BOUVREUIL",49.4468,1.09009,Plein jour,En agglomération,Hors intersection,Normale,Deux véhicules - arrière,,,,,,,,,,,1,2,1,1.0,2.0
201100041195,0011-09-07 08:55:00,11,9,7,8,55,760,540,"112, R D'ELBEUF",49.4223,1.08011,Plein jour,En agglomération,Hors intersection,Normale,Deux véhicules - arrière,,,,,,,,,,,1,2,1,1.0,2.0
201100041196,0011-09-30 16:10:00,11,9,30,16,10,760,540,QU DU HAVRE,49.4409,1.08198,Plein jour,En agglomération,Hors intersection,Normale,Deux véhicules - arrière,,,,,,,,,,,1,2,1,1.0,2.0
201100041197,0011-10-14 13:00:00,11,10,14,13,0,760,681,16 BD INDUSTRIEL,49.4189,1.10787,Plein jour,Hors agglomération,Hors intersection,Normale,Deux véhicules - arrière,,,,,,,,,,,1,1,1,1.0,2.0
201100041198,0011-10-07 17:30:00,11,10,7,17,30,760,681,"17, AV DES CANADIENS",49.4179,1.07688,Plein jour,En agglomération,Intersection en T,Normale,Deux véhicules - côté,,,,,,,,,,,1,2,3,1.0,3.0
201100041199,0011-10-19 14:00:00,11,10,19,14,0,760,108,"108, R JOIN LAMBERT",49.4658,1.11392,Plein jour,En agglomération,Hors intersection,Pluie forte,Autre collision,,,,,,,,,,,1,2,1,3.0,6.0
201100041200,0011-10-08 21:50:00,11,10,8,21,50,760,575,"63, AV DES CANADIENS",49.3928,1.05875,Nuit avec éclairage allumé,En agglomération,Intersection en T,Pluie légère,Deux véhicules - côté,,,,,,,,,,,5,2,3,2.0,3.0
201100041201,0011-10-21 13:45:00,11,10,21,13,45,760,681,"221, AV DU 14 JUILLET",49.4111,1.07685,Plein jour,En agglomération,Hors intersection,Normale,Sans collision,,,,,,,,,,,1,2,1,1.0,7.0
201100041202,0011-10-07 07:35:00,11,10,7,7,35,760,575,"4, R ERNEST RENAN",49.3985,1.07334,Crépuscule ou aube,En agglomération,Hors intersection,Pluie légère,Sans collision,,,,,,,,,,,2,2,1,2.0,7.0
201100041203,0011-10-22 17:05:00,11,10,22,17,5,760,157,R DU CANAL (LECLERC),49.4568,1.04407,Plein jour,En agglomération,Hors intersection,Normale,Sans collision,,,,,,,,,,,1,2,1,1.0,7.0
201100041204,0011-10-06 13:30:00,11,10,6,13,30,760,575,"1, BLD LENINE",49.3713,1.11549,Plein jour,En agglomération,Hors intersection,Normale,Deux véhicules - côté,,,,,,,,,,,1,2,1,1.0,3.0
201100041205,0011-10-13 21:10:00,11,10,13,21,10,760,540,"264, RTE DE DARNETAL",49.4422,1.11428,Nuit avec éclairage allumé,En agglomération,Hors intersection,Normale,Deux véhicules - côté,,,,,,,,,,,5,2,1,1.0,3.0
201100041206,0011-10-29 16:10:00,11,10,29,16,10,760,216,"11, SEN AUX LOUPS",49.4733,1.04787,Plein jour,En agglomération,Hors intersection,Normale,Autre collision,,,,,,,,,,,1,2,1,1.0,6.0
201100041207,0011-10-30 16:10:00,11,10,30,16,10,760,540,"01, QU JACQUES ANQUETIL",49.4343,1.0941,Plein jour,En agglomération,Hors intersection,Normale,Deux véhicules - côté,,,,,,,,,,,1,2,1,1.0,3.0
201100041208,0011-10-21 16:00:00,11,10,21,16,0,760,540,"108, R DU MONT GARGAN",49.4359,1.11407,Plein jour,En agglomération,Hors intersection,Normale,Autre collision,,,,,,,,,,,1,2,1,1.0,6.0
201100041209,0011-11-01 07:55:00,11,11,1,7,55,760,540,R ANNIE DE PENE,49.4335,1.11778,Crépuscule ou aube,En agglomération,Hors intersection,Normale,Sans collision,,,,,,,,,,,2,2,1,1.0,7.0
201100041210,0011-11-02 18:40:00,11,11,2,18,40,760,484,AV DU GENERAL DE GAULLE,49.3429,1.0901,Nuit avec éclairage allumé,En agglomération,Intersection en X,Normale,Deux véhicules - côté,,,,,,,,,,,5,2,2,1.0,3.0
201100041211,0011-11-03 09:25:00,11,11,3,9,25,760,484,D18E,49.3677,1.10569,Plein jour,Hors agglomération,Hors intersection,Normale,Autre collision,,,,,,,,,,,1,1,1,1.0,6.0
201100041212,0011-10-30 10:50:00,11,10,30,10,50,760,540,"90, R DE GESSARD",49.4273,1.07127,Plein jour,En agglomération,Hors intersection,Normale,Autre collision,,,,,,,,,,,1,2,1,1.0,6.0
201100041213,0011-11-08 12:00:00,11,11,8,12,0,760,429,"37, RTE DE PARIS",49.4068,1.14915,Plein jour,En agglomération,Hors intersection,Autre,Deux véhicules - arrière,,,,,,,,,,,1,2,1,9.0,2.0
201100041214,0011-11-01 19:15:00,11,11,1,19,15,760,540,AV GUSTAVE FLAUBERT,49.4449,1.08362,Nuit avec éclairage allumé,En agglomération,Intersection en X,Normale,Deux véhicules - côté,,,,,,,,,,,5,2,2,1.0,3.0
201100041215,0011-11-03 11:10:00,11,11,3,11,10,760,540,103 R D'ELBEUF,49.4232,1.08073,Plein jour,En agglomération,Intersection en T,Autre,Deux véhicules - côté,,,,,,,,,,,1,2,3,9.0,3.0
201100041216,0011-11-08 08:25:00,11,11,8,8,25,760,451,"65, RTE D'HOUPPEVILLE",49.4688,1.09005,Plein jour,En agglomération,Giratoire,Pluie légère,Deux véhicules - côté,,,,,,,,,,,1,2,6,2.0,3.0
201100041217,0011-11-12 15:00:00,11,11,12,15,0,760,484,"01, SEN DE LA ROQUETTE",49.3397,1.08987,Plein jour,En agglomération,Hors intersection,Normale,Sans collision,,,,,,,,,,,1,2,1,1.0,7.0
201100041218,0011-11-07 17:40:00,11,11,7,17,40,760,484,645 AV GENERAL DE GAULLE,49.3429,1.0901,Nuit avec éclairage allumé,En agglomération,Intersection en X,Pluie légère,Deux véhicules - côté,,,,,,,,,,,5,2,2,2.0,3.0
201100041219,0011-10-29 13:50:00,11,10,29,13,50,760,157,A150,49.4649,1.03877,Plein jour,Hors agglomération,Hors intersection,Normale,Sans collision,,,,,,,,,,,1,1,1,1.0,7.0
201100041220,0011-11-08 07:10:00,11,11,8,7,10,760,498,"57, BD CHARLES DE GAULLE",49.4199,1.06116,Crépuscule ou aube,En agglomération,Hors intersection,Pluie légère,Deux véhicules - côté,,,,,,,,,,,2,2,1,2.0,3.0
201100041221,0011-11-22 23:00:00,11,11,22,23,0,760,540,"28, BD DE L'EUROPE",49.4274,1.09229,Nuit avec éclairage allumé,En agglomération,Intersection en X,Normale,Deux véhicules - côté,,,,,,,,,,,5,2,2,1.0,3.0
201100041222,0011-11-01 06:20:00,11,11,1,6,20,760,540,"62, RTE DE BONSECOURS",49.4331,1.10775,Nuit avec éclairage allumé,En agglomération,Intersection en X,Normale,Deux véhicules - frontale,,,,,,,,,,,5,2,2,1.0,1.0
201100041223,0011-11-24 15:45:00,11,11,24,15,45,760,540,"13, PORET DE BLOSSEVILLE",49.4372,1.08233,Plein jour,En agglomération,Hors intersection,Normale,Autre collision,,,,,,,,,,,1,2,1,1.0,6.0
201100041224,0011-11-26 16:00:00,11,11,26,16,0,760,322,R GAY LUSSAC,49.417,1.04455,Plein jour,Hors agglomération,Hors intersection,Normale,Sans collision,,,,,,,,,,,1,1,1,1.0,7.0
201100041225,0011-10-27 16:30:00,11,10,27,16,30,760,575,R ABEL GANCE,49.3982,1.07367,Plein jour,En agglomération,Hors intersection,Normale,Sans collision,,,,,,,,,,,1,2,1,1.0,7.0
201100041226,0011-10-17 13:30:00,11,10,17,13,30,760,498,"193, AV DES ALLIES",49.4216,1.05236,Plein jour,En agglomération,Hors intersection,Normale,Sans collision,,,,,,,,,,,1,2,1,1.0,7.0
201100041227,0011-12-04 13:35:00,11,12,4,13,35,760,540,45 QU DE PARIS (TREMIE),49.4371,1.09695,Plein jour,En agglomération,Hors intersection,Pluie légère,Deux véhicules - frontale,,,,,,,,,,,1,2,1,2.0,1.0
201100041228,0011-12-05 21:25:00,11,12,5,21,25,760,681,"552, R DE PARIS",49.4082,1.10139,Nuit avec éclairage allumé,En agglomération,Hors intersection,Pluie légère,Deux véhicules - côté,,,,,,,,,,,5,2,1,2.0,3.0
201100041229,0011-12-05 13:10:00,11,12,5,13,10,760,575,PERI JEAN MACE,49.3967,1.06662,Plein jour,En agglomération,Hors intersection,Pluie légère,Deux véhicules - côté,,,,,,,,,,,1,2,1,2.0,3.0
201100041230,0011-11-25 15:50:00,11,11,25,15,50,760,212,"1BIS, RTE LYONS LA FORET",49.4358,1.14256,Plein jour,En agglomération,Hors intersection,Pluie légère,Deux véhicules - arrière,,,,,,,,,,,1,2,1,2.0,2.0
201100041231,0011-11-22 15:10:00,11,11,22,15,10,760,540,"272, RTE DE DARNETAL",49.4422,1.11355,Plein jour,En agglomération,Hors intersection,Normale,Deux véhicules - arrière,,,,,,,,,,,1,2,1,1.0,2.0
201100041232,0011-12-10 02:20:00,11,12,10,2,20,760,540,"114, BD DE L'EUROPE",49.4282,1.08104,Nuit avec éclairage allumé,En agglomération,Intersection en X,Pluie légère,Deux véhicules - côté,,,,,,,,,,,5,2,2,2.0,3.0
201100041233,0011-12-09 05:45:00,11,12,9,5,45,760,540,"01, AV GRAND COURS",49.4294,1.10078,Nuit avec éclairage allumé,En agglomération,Hors intersection,Pluie forte,Autre collision,,,,,,,,,,,5,2,1,3.0,6.0