accident_id,datetime,annee,mois,jour,heure,minute,departement,commune_insee,adresse,latitude,longitude,luminosite,agglomeration,intersection,meteo,collision,nb_vehicules,nb_usagers,nb_indemnes,nb_tues,nb_blesses_hosp,nb_blesses_legers,age_cond_1,age_cond_2,veh_type_cond_1,veh_type_cond_2,lum_code,agg_code,int_code,atm_code,col_code
201100041600,0011-01-27 20:15:00,11,1,27,20,15,770,258,MANDINET (BOULEVARD DU),,,Nuit avec éclairage allumé,En agglomération,Intersection en T,Normale,Deux véhicules - côté,,,,,,,,,,,5,2,3,1.0,3.0
201100041601,0011-02-02 08:35:00,11,2,2,8,35,770,258,SOUBRIARDE (AVENUE DE LA,,,Plein jour,En agglomération,Hors intersection,Temps couvert,Sans collision,,,,,,,,,,,1,2,1,8.0,7.0
201100041602,0011-02-16 07:10:00,11,2,16,7,10,770,468,CHARLIE CHAPLIN (RUE),48.84208,2.65427,Nuit avec éclairage allumé,En agglomération,Hors intersection,Brouillard / fumée,Autre collision,,,,,,,,,,,5,2,1,5.0,6.0
201100041603,0011-02-21 20:18:00,11,2,21,20,18,770,258,GABRIEL (RUE),48.84085,2.63862,Nuit avec éclairage allumé,En agglomération,Hors intersection,Normale,Sans collision,,,,,,,,,,,5,2,1,1.0,7.0
201100041604,0011-02-20 23:00:00,11,2,20,23,0,770,468,JACQUES PREVERT (AVENUE),48.84757,2.65221,Nuit avec éclairage allumé,En agglomération,Hors intersection,Normale,Autre collision,,,,,,,,,,,5,2,1,1.0,6.0
201100041605,0011-03-03 19:00:00,11,3,3,19,0,770,258,"42, GABRIEL (RUE)",48.83568,2.63869,Nuit avec éclairage allumé,En agglomération,Hors intersection,Normale,Autre collision,,,,,,,,,,,5,2,1,1.0,6.0
201100041606,0011-03-08 18:20:00,11,3,8,18,20,770,468,"2, PABLO NERUDA (RUE)",48.84358,2.6476,Plein jour,En agglomération,Hors intersection,Normale,Autre collision,,,,,,,,,,,1,2,1,1.0,6.0
201100041607,0011-04-22 18:35:00,11,4,22,18,35,770,83,LUZARD (COURS DU),48.84684,2.60846,Plein jour,En agglomération,Intersection en T,Normale,Trois véhicules et plus - collisions multiples,,,,,,,,,,,1,2,3,1.0,5.0
201100041608,0011-04-26 12:55:00,11,4,26,12,55,770,83,PYRAMIDES (AVENUE DES),48.85524,2.58309,Plein jour,En agglomération,Giratoire,Normale,Deux véhicules - côté,,,,,,,,,,,1,2,6,1.0,3.0
201100041609,0011-04-29 23:00:00,11,4,29,23,0,770,468,PABLO NERUDA (RUE),,,Nuit avec éclairage allumé,En agglomération,Intersection en X,Normale,Autre collision,,,,,,,,,,,5,2,2,1.0,6.0
201100041610,0011-05-16 15:45:00,11,5,16,15,45,770,468,"4, TERRASSES (ALLEE DES)",48.85114,2.63805,Plein jour,En agglomération,Intersection en T,Normale,Autre collision,,,,,,,,,,,1,2,3,1.0,6.0
201100041611,0011-05-22 19:00:00,11,5,22,19,0,770,83,MORELLE (AVENUE DE LA),48.85861,2.5938,Plein jour,En agglomération,Intersection en X,Normale,Trois véhicules et plus - collisions multiples,,,,,,,,,,,1,2,2,1.0,5.0
201100041612,0011-05-30 18:10:00,11,5,30,18,10,770,83,AMPERE (AVENUE),48.8419,2.58395,Plein jour,En agglomération,Hors intersection,Normale,Autre collision,,,,,,,,,,,1,2,1,1.0,6.0
201100041613,0011-06-04 20:25:00,11,6,4,20,25,770,83,", EMILE ROUX (ALLEE)",48.85434,2.58049,Plein jour,En agglomération,Hors intersection,Normale,Deux véhicules - arrière,,,,,,,,,,,1,2,1,1.0,2.0
201100041614,0011-06-16 21:00:00,11,6,16,21,0,770,468,"1, LOUIS ARAGON (AVENUE)",,,Plein jour,En agglomération,Intersection en X,Normale,Deux véhicules - côté,,,,,,,,,,,1,2,2,1.0,3.0
201100041615,0011-06-22 08:45:00,11,6,22,8,45,770,83,"2, NOBEL (RUE)",48.83814,2.58566,Plein jour,En agglomération,Giratoire,Pluie forte,Deux véhicules - côté,,,,,,,,,,,1,2,6,3.0,3.0
201100041616,0011-06-25 12:55:00,11,6,25,12,55,770,83,"38, PARIS (RUE DE)",48.85239,2.60637,Plein jour,En agglomération,Hors intersection,Normale,Autre collision,,,,,,,,,,,1,2,1,1.0,6.0
201100041617,0011-06-27 13:45:00,11,6,27,13,45,770,337,"1, SALVADOR ALLENDE (RON",48.84707,2.61865,Plein jour,En agglomération,Intersection en T,Normale,Deux véhicules - côté,,,,,,,,,,,1,2,3,1.0,3.0
201100041618,0011-06-25 01:00:00,11,6,25,1,0,770,258,"25, GABRIEL (RUE)",48.84009,2.6392,Nuit avec éclairage allumé,En agglomération,Hors intersection,Normale,Autre collision,,,,,,,,,,,5,2,1,1.0,6.0
201100041619,0011-07-07 14:00:00,11,7,7,14,0,770,121,CENTRE COMMERCIAL REGION,48.8389,2.67386,Plein jour,En agglomération,Intersection en X,Normale,Deux véhicules - côté,,,,,,,,,,,1,2,2,1.0,3.0
201100041620,0011-07-15 18:35:00,11,7,15,18,35,770,146,GEORGES BIDAULT (BOULEVA,,,Plein jour,En agglomération,Hors intersection,Normale,Deux véhicules - côté,,,,,,,,,,,1,2,1,1.0,3.0
201100041621,0011-07-14 18:45:00,11,7,14,18,45,770,258,PALOMBES,48.83256,2.64128,Plein jour,En agglomération,Hors intersection,Normale,Deux véhicules - côté,,,,,,,,,,,1,2,1,1.0,3.0
201100041622,0011-07-18 08:45:00,11,7,18,8,45,770,83,CHAMPY-NESLE (BOULEVARD,,,Plein jour,En agglomération,Intersection en T,Normale,Deux véhicules - côté,,,,,,,,,,,1,2,3,1.0,3.0
201100041623,0011-07-25 18:55:00,11,7,25,18,55,770,121,"03, PARC (RUE DU)",48.83892,2.67354,Plein jour,En agglomération,Intersection en X,Normale,Autre collision,,,,,,,,,,,1,2,2,1.0,6.0
201100041624,0011-08-05 07:48:00,11,8,5,7,48,770,468,LAGNY (ROUTE DE),,,Crépuscule ou aube,En agglomération,Hors intersection,Pluie forte,Sans collision,,,,,,,,,,,2,2,1,3.0,7.0
201100041625,0011-08-12 11:15:00,11,8,12,11,15,770,468,"6, REPUBLIQUE (RUE DE LA",48.85503,2.6411,Plein jour,En agglomération,Hors intersection,Normale,Sans collision,,,,,,,,,,,1,2,1,1.0,7.0
201100041626,0011-09-03 08:40:00,11,9,3,8,40,770,468,"26, PARIS (RUE DE)",48.85091,2.65357,Plein jour,En agglomération,Intersection en T,Normale,Deux véhicules - côté,,,,,,,,,,,1,2,3,1.0,3.0
201100041627,0011-09-15 19:35:00,11,9,15,19,35,770,146,GEORGES BIDAULT (BOULEVA,,,Plein jour,Hors agglomération,Hors intersection,Normale,Deux véhicules - frontale,,,,,,,,,,,1,1,1,1.0,1.0
201100041628,0011-09-19 12:30:00,11,9,19,12,30,770,468,LAGNY (ROUTE DE),,,Plein jour,En agglomération,Intersection en T,Normale,Trois véhicules et plus - en chaîne,,,,,,,,,,,1,2,3,1.0,4.0
201100041629,0011-09-30 05:10:00,11,9,30,5,10,770,83,"46, JEAN JAURES (AVENUE)",,,Nuit avec éclairage allumé,En agglomération,Intersection en X,Normale,Deux véhicules - côté,,,,,,,,,,,5,2,2,1.0,3.0
201100041630,0011-10-07 12:34:00,11,10,7,12,34,770,337,SARTRE (JEAN-PAUL),48.84384,2.61549,Plein jour,En agglomération,Intersection en X,Temps couvert,Autre collision,,,,,,,,,,,1,2,2,8.0,6.0
201100041631,0011-10-17 07:05:00,11,10,17,7,5,770,121,DEPARTEMENTALE 371 (ROUT,,,Nuit sans éclairage public,Hors agglomération,Giratoire,Normale,Deux véhicules - côté,,,,,,,,,,,3,1,6,1.0,3.0
201100041632,0011-10-25 17:25:00,11,10,25,17,25,770,258,SEGRAIS (BOULEVARD DU),,,Plein jour,En agglomération,Giratoire,Pluie légère,Deux véhicules - côté,,,,,,,,,,,1,2,6,2.0,3.0
201100041633,0011-10-28 20:00:00,11,10,28,20,0,770,468,LOUIS ARAGON (AVENUE),,,Nuit avec éclairage allumé,En agglomération,Intersection en X,Normale,Deux véhicules - côté,,,,,,,,,,,5,2,2,1.0,3.0
201100041634,0011-11-01 10:00:00,11,11,1,10,0,770,468,"88, PARIS (RUE DE)",48.84977,2.64403,Plein jour,En agglomération,Intersection en X,Normale,Deux véhicules - côté,,,,,,,,,,,1,2,2,1.0,3.0
201100041635,0011-11-14 18:40:00,11,11,14,18,40,770,468,ARCHE GUEDON (COURS DE L,48.84958,2.64093,Nuit avec éclairage allumé,En agglomération,Hors intersection,Normale,Autre collision,,,,,,,,,,,5,2,1,1.0,6.0
201100041636,0011-11-17 17:25:00,11,11,17,17,25,770,468,"54, PARIS (RUE DE)",48.85079,2.65151,Nuit avec éclairage allumé,En agglomération,Hors intersection,Pluie légère,Autre collision,,,,,,,,,,,5,2,1,2.0,6.0
201100041637,0011-11-25 18:38:00,11,11,25,18,38,770,337,ARCHE GUEDON (COURS DE L,48.85085,2.62783,Nuit avec éclairage allumé,En agglomération,Intersection en T,Pluie légère,Deux véhicules - côté,,,,,,,,,,,5,2,3,2.0,3.0
201100041638,0011-11-25 17:30:00,11,11,25,17,30,770,121,CENTRE COMMERCIAL REGION,48.83726,2.66117,Nuit avec éclairage allumé,En agglomération,Intersection en T,Normale,Deux véhicules - côté,,,,,,,,,,,5,2,3,1.0,3.0
201100041639,0011-12-01 15:50:00,11,12,1,15,50,770,337,ROCHES (COURS DES),48.84375,2.61534,Plein jour,En agglomération,Intersection en T,Pluie légère,Autre collision,,,,,,,,,,,1,2,3,2.0,6.0
201100041640,0011-12-09 18:05:00,11,12,9,18,5,770,337,"17, LUZARD (COURS DU)",48.84709,2.61362,Nuit avec éclairage allumé,En agglomération,Intersection en X,Normale,Deux véhicules - côté,,,,,,,,,,,5,2,2,1.0,3.0
201100041641,0011-12-15 07:50:00,11,12,15,7,50,770,169,EUROPE (AVENUE DE L'),,,Crépuscule ou aube,En agglomération,Intersection en X,Normale,Deux véhicules - côté,,,,,,,,,,,2,2,2,1.0,3.0
201100041642,0011-12-19 19:11:00,11,12,19,19,11,770,337,ARCHE GUEDON (COURS DE L,48.85098,2.6266,Nuit avec éclairage allumé,En agglomération,Hors intersection,Pluie forte,Autre collision,,,,,,,,,,,5,2,1,3.0,6.0
201100041643,0011-12-23 08:30:00,11,12,23,8,30,770,468,ARCHE GUEDON (COURS DE L,48.8499,2.63804,Crépuscule ou aube,En agglomération,Intersection en X,Pluie légère,Autre collision,,,,,,,,,,,2,2,2,2.0,6.0
201100041644,0011-12-23 20:20:00,11,12,23,20,20,770,373,CENTRE COMMERCIAL CARREF,48.77604,2.60815,Nuit avec éclairage non allumé,En agglomération,Hors intersection,Pluie légère,Autre collision,,,,,,,,,,,4,2,1,2.0,6.0
201100041645,0011-01-18 14:00:00,11,1,18,14,0,770,373,"4, PARIS (RUE DE- RN 4 )",,,Plein jour,En agglomération,Hors intersection,Pluie légère,Deux véhicules - arrière,,,,,,,,,,,1,2,1,2.0,2.0
201100041646,0011-01-23 16:05:00,11,1,23,16,5,770,390,CD 21 HORS AGGLOMERATION,,,Plein jour,Hors agglomération,Hors intersection,Pluie légère,Autre collision,,,,,,,,,,,1,1,1,2.0,6.0
201100041647,0011-02-04 16:20:00,11,2,4,16,20,770,350,MAURICE CHEVALIER (AVENU,48.76441,2.67982,Plein jour,En agglomération,Hors intersection,Normale,Autre collision,,,,,,,,,,,1,2,1,1.0,6.0
201100041648,0011-01-24 13:35:00,11,1,24,13,35,770,373,"21, CHARLES ROUXEL (AVEN",48.79821,2.60493,Plein jour,En agglomération,Hors intersection,Normale,Deux véhicules - côté,,,,,,,,,,,1,2,1,1.0,3.0
201100041649,0011-02-11 19:30:00,11,2,11,19,30,770,350,"11, 08 MAI 1945 (AVENUE",,,Nuit avec éclairage allumé,En agglomération,Hors intersection,Normale,Deux véhicules - frontale,,,,,,,,,,,5,2,1,1.0,1.0
201100041650,0011-02-04 15:30:00,11,2,4,15,30,770,350,"1, 08 MAI 1945 (AVENUE D",48.76082,2.68003,Plein jour,En agglomération,Hors intersection,Pluie légère,Sans collision,,,,,,,,,,,1,2,1,2.0,7.0
201100041651,0011-03-16 13:25:00,11,3,16,13,25,770,350,,,,Plein jour,Hors agglomération,Hors intersection,Normale,Autre collision,,,,,,,,,,,1,1,1,1.0,6.0
201100041652,0011-10-04 21:40:00,11,10,4,21,40,770,373,CHARMILLES (ALLEE DE LA),48.78627,2.60658,Nuit sans éclairage public,En agglomération,Hors intersection,Pluie légère,Autre collision,,,,,,,,,,,3,2,1,2.0,6.0
201100041653,0011-02-18 17:00:00,11,2,18,17,0,770,373,"1, MONTHETY (RUE)",48.77581,2.59885,Plein jour,En agglomération,Hors intersection,Normale,Autre collision,,,,,,,,,,,1,2,1,1.0,6.0
201100041654,0011-03-09 16:00:00,11,3,9,16,0,770,390,MALIBRAN (AVENUE DE LA),,,Plein jour,En agglomération,Hors intersection,Normale,Deux véhicules - arrière,,,,,,,,,,,1,2,1,1.0,2.0
201100041655,0011-04-04 19:15:00,11,4,4,19,15,770,350,AUGUSTE HUDIER (RUE),48.76365,2.6775,Plein jour,En agglomération,Hors intersection,Normale,Deux véhicules - arrière,,,,,,,,,,,1,2,1,1.0,2.0
201100041656,0011-04-13 20:40:00,11,4,13,20,40,770,390,MONTHETY (ROUTE DE ),48.78436,2.64958,Crépuscule ou aube,En agglomération,Hors intersection,Normale,Deux véhicules - côté,,,,,,,,,,,2,2,1,1.0,3.0
201100041657,0011-04-15 20:40:00,11,4,15,20,40,770,180,RN4 HORS AGGLOMERATION,,,Crépuscule ou aube,Hors agglomération,Hors intersection,Normale,Deux véhicules - arrière,,,,,,,,,,,2,1,1,1.0,2.0
201100041658,0011-04-17 22:20:00,11,4,17,22,20,770,350,RN4 HORS AGGLOMERATION,,,Nuit sans éclairage public,Hors agglomération,Hors intersection,Normale,Deux véhicules - arrière,,,,,,,,,,,3,1,1,1.0,2.0
201100041659,0011-04-16 17:00:00,11,4,16,17,0,770,373,MONTHETY (RUE),48.77785,2.60611,Plein jour,En agglomération,Hors intersection,Normale,Deux véhicules - arrière,,,,,,,,,,,1,2,1,1.0,2.0
201100041660,0011-04-09 18:05:00,11,4,9,18,5,770,390,RENOIR A. (AVENUE),,,Plein jour,En agglomération,Hors intersection,Normale,Deux véhicules - arrière,,,,,,,,,,,1,2,1,1.0,2.0
201100041661,0011-05-11 13:20:00,11,5,11,13,20,770,373,"1, BEAUSEJOUR(AVENUE DE)",48.80309,2.61851,Plein jour,En agglomération,Intersection en T,Normale,Deux véhicules - côté,,,,,,,,,,,1,2,3,1.0,3.0
201100041662,0011-06-23 17:30:00,11,6,23,17,30,770,373,"29, CHATEAU (AVENUE)",48.79034,2.6073,Plein jour,En agglomération,Intersection en X,Normale,Deux véhicules - côté,,,,,,,,,,,1,2,2,1.0,3.0
201100041663,0011-06-20 16:00:00,11,6,20,16,0,770,373,MONTHETY (RUE),48.77764,2.60157,Plein jour,En agglomération,Hors intersection,Normale,Deux véhicules - arrière,,,,,,,,,,,1,2,1,1.0,2.0
201100041664,0011-05-30 17:35:00,11,5,30,17,35,770,373,REPUBLIQUE (AV. DE LA),48.80222,2.60759,Plein jour,En agglomération,Hors intersection,Normale,Sans collision,,,,,,,,,,,1,2,1,1.0,7.0
201100041665,0011-06-01 15:25:00,11,6,1,15,25,770,373,"8, INGRES (AVENUE)",48.80608,2.6002,Plein jour,En agglomération,Hors intersection,Normale,Sans collision,,,,,,,,,,,1,2,1,1.0,7.0
201100041666,0011-06-27 11:10:00,11,6,27,11,10,770,215,"73, PARIS (RUE DE)",,,Plein jour,En agglomération,Hors intersection,Normale,Autre collision,,,,,,,,,,,1,2,1,1.0,6.0
201100041667,0011-07-19 19:05:00,11,7,19,19,5,770,350,CD 471,,,Plein jour,Hors agglomération,Autre intersection,Pluie forte,Autre collision,,,,,,,,,,,1,1,9,3.0,6.0
201100041668,0011-08-01 14:00:00,11,8,1,14,0,770,350,CD 471,,,Plein jour,Hors agglomération,Hors intersection,Normale,Autre collision,,,,,,,,,,,1,1,1,1.0,6.0
201100041669,0011-07-31 09:00:00,11,7,31,9,0,770,215,LIBERTE  (AVENUE DE LA),,,Plein jour,En agglomération,Passage à niveau,Normale,Deux véhicules - côté,,,,,,,,,,,1,2,8,1.0,3.0
201100041670,0011-07-01 22:25:00,11,7,1,22,25,770,215,LIBERTE  (AVENUE DE LA),,,Nuit sans éclairage public,Hors agglomération,Hors intersection,Normale,Autre collision,,,,,,,,,,,3,1,1,1.0,6.0
201100041671,0011-08-11 10:55:00,11,8,11,10,55,770,373,"1, MARGUERITES (AVENUE D",48.79512,2.60745,Plein jour,En agglomération,Intersection en X,Normale,Deux véhicules - côté,,,,,,,,,,,1,2,2,1.0,3.0
201100041672,0011-09-11 00:15:00,11,9,11,0,15,770,350,RN4 HORS AGGLOMERATION,,,Nuit sans éclairage public,Hors agglomération,Hors intersection,Normale,Deux véhicules - arrière,,,,,,,,,,,3,1,1,1.0,2.0
201100041673,0011-09-13 21:05:00,11,9,13,21,5,770,215,"42, ARISTIDE BRIAND (BOU",,,Nuit avec éclairage allumé,En agglomération,Intersection en T,Normale,Deux véhicules - arrière,,,,,,,,,,,5,2,3,1.0,2.0
201100041674,0011-09-08 12:30:00,11,9,8,12,30,770,350,"31, ROND BUISSON (AVENUE",48.77682,2.68247,Plein jour,En agglomération,Giratoire,Pluie légère,Deux véhicules - arrière,,,,,,,,,,,1,2,6,2.0,2.0
201100041675,0011-09-15 18:10:00,11,9,15,18,10,770,350,FRANCOIS DE TESSAN (RUE),48.76319,2.69507,Plein jour,En agglomération,Intersection en Y,Normale,Deux véhicules - côté,,,,,,,,,,,1,2,4,1.0,3.0
201100041676,0011-09-13 15:45:00,11,9,13,15,45,770,373,"8, PRES ST MARTIN (RUE D",48.79897,2.60693,Plein jour,En agglomération,Hors intersection,Normale,Deux véhicules - côté,,,,,,,,,,,1,2,1,1.0,3.0
201100041677,0011-09-19 12:55:00,11,9,19,12,55,770,373,PRES ST MARTIN (RUE DES),48.79162,2.61297,Plein jour,En agglomération,Hors intersection,Normale,Deux véhicules - côté,,,,,,,,,,,1,2,1,1.0,3.0
201100041678,0011-09-25 15:10:00,11,9,25,15,10,770,350,"10, SULLY (AVENUE DE)",48.7759,2.68562,Plein jour,En agglomération,Hors intersection,Normale,Autre collision,,,,,,,,,,,1,2,1,1.0,6.0
201100041679,0011-09-29 13:50:00,11,9,29,13,50,770,373,"61, CHARLES ROUXEL (AVEN",48.79402,2.6045,Plein jour,En agglomération,Intersection en X,Normale,Autre collision,,,,,,,,,,,1,2,2,1.0,6.0
201100041680,0011-10-13 18:10:00,11,10,13,18,10,770,373,D 21,,,Plein jour,Hors agglomération,Hors intersection,Normale,Deux véhicules - arrière,,,,,,,,,,,1,1,1,1.0,2.0
201100041681,0011-10-21 20:15:00,11,10,21,20,15,770,390,", CHARLES VAILLANT (RUE)",48.79159,2.66469,Nuit avec éclairage allumé,En agglomération,Hors intersection,Pluie légère,Autre collision,,,,,,,,,,,5,2,1,2.0,6.0
201100041682,0011-10-25 14:28:00,11,10,25,14,28,770,373,AURIBAULT (PLACE),48.80601,2.61757,Plein jour,En agglomération,Hors intersection,Normale,Autre collision,,,,,,,,,,,1,2,1,1.0,6.0
201100041683,0011-11-01 16:05:00,11,11,1,16,5,770,373,PARKING CARREFOUR,48.77619,2.6071,Plein jour,En agglomération,Intersection en X,Pluie légère,Deux véhicules - côté,,,,,,,,,,,1,2,2,2.0,3.0
201100041684,0011-12-09 08:00:00,11,12,9,8,0,770,373,"37, MONTHETY (RUE)",48.77784,2.60506,Crépuscule ou aube,En agglomération,Hors intersection,Pluie légère,Deux véhicules - côté,,,,,,,,,,,2,2,1,2.0,3.0
201100041685,0011-12-14 10:15:00,11,12,14,10,15,770,373,"25, GILBERT REY (RUE)",48.78156,2.60512,Plein jour,En agglomération,Hors intersection,Normale,Deux véhicules - côté,,,,,,,,,,,1,2,1,1.0,3.0
201100041686,0011-12-17 10:25:00,11,12,17,10,25,770,373,"1, TILLEULS (RUE DES)",48.79714,2.61542,Plein jour,En agglomération,Giratoire,Pluie légère,Autre collision,,,,,,,,,,,1,2,6,2.0,6.0
201100041687,0011-01-06 18:00:00,11,1,6,18,0,770,368,D403,,,Nuit sans éclairage public,Hors agglomération,Intersection en T,Pluie légère,Deux véhicules - côté,,,,,,,,,,,3,1,3,2.0,3.0
201100041688,0011-04-13 13:00:00,11,4,13,13,0,770,379,"01, rue du Moulin de l'E",48.55627,3.31862,Plein jour,Hors agglomération,Hors intersection,Normale,Autre collision,,,,,,,,,,,1,1,1,1.0,6.0
201100041689,0011-07-21 18:55:00,11,7,21,18,55,770,319,DEPARTEMENTALE 55,,,Plein jour,Hors agglomération,Hors intersection,Pluie légère,Deux véhicules - côté,,,,,,,,,,,1,1,1,2.0,3.0
201100041690,0011-08-16 21:30:00,11,8,16,21,30,770,459,Route Départementale 619,,,Crépuscule ou aube,Hors agglomération,Hors intersection,Normale,Sans collision,,,,,,,,,,,2,1,1,1.0,7.0
201100041691,0011-09-15 05:25:00,11,9,15,5,25,770,459,JULES FERRY (RUE),,,Crépuscule ou aube,En agglomération,Intersection en X,Normale,Deux véhicules - côté,,,,,,,,,,,2,2,2,1.0,3.0
201100041692,0011-09-29 16:30:00,11,9,29,16,30,770,368,D403,,,Plein jour,Hors agglomération,Hors intersection,Normale,Deux véhicules - côté,,,,,,,,,,,1,1,1,1.0,3.0
201100041693,0011-10-02 13:35:00,11,10,2,13,35,770,404,GENERAL LECLERC (AVENUE,,,Plein jour,En agglomération,Intersection en T,Normale,Deux véhicules - frontale,,,,,,,,,,,1,2,3,1.0,1.0
201100041694,0011-11-08 14:40:00,11,11,8,14,40,770,459,R D 619,,,Plein jour,Hors agglomération,Intersection en T,Normale,Trois véhicules et plus - collisions multiples,,,,,,,,,,,1,1,3,1.0,5.0
201100041695,0011-12-29 12:53:00,11,12,29,12,53,770,379,avenue de la Voulzie,,,Plein jour,En agglomération,Hors intersection,Temps éblouissant,Autre collision,,,,,,,,,,,1,2,1,7.0,6.0
201100041696,0011-01-09 15:15:00,11,1,9,15,15,770,118,DEPARTEMENTAL 212,,,Plein jour,En agglomération,Intersection en T,Normale,Deux véhicules - arrière,,,,,,,,,,,1,2,3,1.0,2.0
201100041697,0011-01-12 11:35:00,11,1,12,11,35,770,514,"20, ALBERT (AVENUE)",48.9487,2.60223,Plein jour,En agglomération,Intersection en T,Pluie légère,Autre collision,,,,,,,,,,,1,2,3,2.0,6.0
201100041698,0011-01-18 16:55:00,11,1,18,16,55,770,118,ROUTE NATIONALE 3,,,Plein jour,Hors agglomération,Hors intersection,Normale,Sans collision,,,,,,,,,,,1,1,1,1.0,7.0
201100041699,0011-02-08 16:25:00,11,2,8,16,25,770,118,VERDUN (RUE DE),48.94485,2.68414,Plein jour,En agglomération,Hors intersection,Normale,Deux véhicules - arrière,,,,,,,,,,,1,2,1,1.0,2.0
201100041700,0011-02-08 12:20:00,11,2,8,12,20,770,118,VICTOR DROUET (RUE),48.95046,2.67162,Plein jour,En agglomération,Intersection en Y,Normale,Autre collision,,,,,,,,,,,1,2,4,1.0,6.0
201100041701,0011-01-18 08:50:00,11,1,18,8,50,770,514,DEPARTEMENTAL 105 (CHEMI,,,Plein jour,En agglomération,Intersection en T,Normale,Deux véhicules - côté,,,,,,,,,,,1,2,3,1.0,3.0
201100041702,0011-02-19 20:00:00,11,2,19,20,0,770,118,DEPARTEMENTAL 34 E,,,Nuit sans éclairage public,Hors agglomération,Autre intersection,Pluie légère,Deux véhicules - côté,,,,,,,,,,,3,1,9,2.0,3.0
201100041703,0011-02-03 04:50:00,11,2,3,4,50,770,118,ROUTE NATIONALE 3,,,Crépuscule ou aube,Hors agglomération,Hors intersection,Pluie légère,Deux véhicules - arrière,,,,,,,,,,,2,1,1,2.0,2.0
201100041704,0011-02-24 20:35:00,11,2,24,20,35,770,514,JEAN MONNET (AVENUE),,,Nuit avec éclairage allumé,En agglomération,Hors intersection,Normale,Deux véhicules - frontale,,,,,,,,,,,5,2,1,1.0,1.0
201100041705,0011-03-02 21:40:00,11,3,2,21,40,770,514,"76, EUGENE VARLIN (AVENU",48.94462,2.59865,Nuit avec éclairage allumé,En agglomération,Intersection en X,Normale,Deux véhicules - côté,,,,,,,,,,,5,2,2,1.0,3.0
201100041706,0011-03-06 12:15:00,11,3,6,12,15,770,514,JEAN JAURES (AVENUE),,,Plein jour,En agglomération,Intersection en T,Normale,Deux véhicules - côté,,,,,,,,,,,1,2,3,1.0,3.0
201100041707,0011-03-16 18:30:00,11,3,16,18,30,770,514,"1, FLANDRE (AVENUE DE)",48.9503,2.61508,Plein jour,Hors agglomération,Autre intersection,Normale,Autre collision,,,,,,,,,,,1,1,9,1.0,6.0
201100041708,0011-03-01 17:24:00,11,3,1,17,24,770,514,"18, BERNY (AVENUE DE)",48.94181,2.62141,Plein jour,En agglomération,Hors intersection,Normale,Autre collision,,,,,,,,,,,1,2,1,1.0,6.0
201100041709,0011-03-24 06:45:00,11,3,24,6,45,770,118,ROUTE NATIONALE 3,,,Crépuscule ou aube,Hors agglomération,Hors intersection,Normale,Trois véhicules et plus - en chaîne,,,,,,,,,,,2,1,1,1.0,4.0
201100041710,0011-03-27 05:20:00,11,3,27,5,20,770,118,ROUTE NATIONALE 3,,,Nuit sans éclairage public,Hors agglomération,Hors intersection,Pluie légère,Deux véhicules - arrière,,,,,,,,,,,3,1,1,2.0,2.0
201100041711,0011-03-26 17:00:00,11,3,26,17,0,770,118,CENTRE COMMERCIAL CARREF,48.94722,2.66387,Plein jour,En agglomération,Autre intersection,Normale,Autre collision,,,,,,,,,,,1,2,9,1.0,6.0
201100041712,0011-04-02 16:20:00,11,4,2,16,20,770,118,DEPARTEMENTAL 212 (ROUTE,,,Plein jour,En agglomération,Autre intersection,Normale,Deux véhicules - côté,,,,,,,,,,,1,2,9,1.0,3.0
201100041713,0011-07-28 17:15:00,11,7,28,17,15,770,118,DEPARTEMENTAL 34 (ROUTE),,,Plein jour,Hors agglomération,Intersection en T,Pluie légère,Autre collision,,,,,,,,,,,1,1,3,2.0,6.0
201100041714,0011-07-30 15:27:00,11,7,30,15,27,770,118,JEAN MONNET (RUE),48.94899,2.66225,Plein jour,En agglomération,Hors intersection,Normale,Autre collision,,,,,,,,,,,1,2,1,1.0,6.0
201100041715,0011-08-22 17:45:00,11,8,22,17,45,770,514,"01, VILLEVAUDE (ROUTE DE",,,Plein jour,En agglomération,Hors intersection,Normale,Trois véhicules et plus - collisions multiples,,,,,,,,,,,1,2,1,1.0,5.0
201100041716,0011-08-30 15:25:00,11,8,30,15,25,770,514,MATTEOTI (AVENUE),48.9413,2.60655,Plein jour,En agglomération,Intersection en X,Normale,Deux véhicules - côté,,,,,,,,,,,1,2,2,1.0,3.0
201100041717,0011-10-22 19:35:00,11,10,22,19,35,770,294,DEPARTEMENTAL 105 (CHEMI,,,Nuit avec éclairage non allumé,En agglomération,Intersection en Y,Normale,Deux véhicules - frontale,,,,,,,,,,,4,2,4,1.0,1.0
201100041718,0011-10-13 18:15:00,11,10,13,18,15,770,514,route de Villevaudé,,,Crépuscule ou aube,En agglomération,Hors intersection,Normale,Autre collision,,,,,,,,,,,2,2,1,1.0,6.0
201100041719,0011-11-02 12:45:00,11,11,2,12,45,770,514,8 MAI 1945 (AVENUE DU),48.93674,2.61337,Plein jour,En agglomération,Intersection en X,Normale,Deux véhicules - côté,,,,,,,,,,,1,2,2,1.0,3.0
201100041720,0011-12-31 14:00:00,11,12,31,14,0,780,126,AV DUCHESNE/CHATAIGNERAI,,,Plein jour,En agglomération,Intersection en T,Normale,Trois véhicules et plus - collisions multiples,,,,,,,,,,,1,2,3,1.0,5.0