accident_id,datetime,annee,mois,jour,heure,minute,departement,commune_insee,adresse,latitude,longitude,luminosite,agglomeration,intersection,meteo,collision,nb_vehicules,nb_usagers,nb_indemnes,nb_tues,nb_blesses_hosp,nb_blesses_legers,age_cond_1,age_cond_2,veh_type_cond_1,veh_type_cond_2,lum_code,agg_code,int_code,atm_code,col_code
201100041721,0011-03-07 18:25:00,11,3,7,18,25,780,126,AV DE GAULLE/POMPADOUR,48.8513,2.14136,Crépuscule ou aube,En agglomération,Intersection en T,Normale,Deux véhicules - côté,,,,,,,,,,,2,2,3,1.0,3.0
201100041722,0011-06-08 21:30:00,11,6,8,21,30,780,92,R YVAN TOURGUENIEF,,,Crépuscule ou aube,En agglomération,Hors intersection,Normale,Deux véhicules - côté,,,,,,,,,,,2,2,1,1.0,3.0
201100041723,0011-08-09 12:50:00,11,8,9,12,50,780,92,AV DRIONNE/LOUVECIENNES,,,Plein jour,En agglomération,Intersection en X,Normale,Autre collision,,,,,,,,,,,1,2,2,1.0,6.0
201100041724,0011-08-20 19:45:00,11,8,20,19,45,780,126,PLACE DU JUMELAGE,,,Plein jour,En agglomération,Intersection en X,Normale,Sans collision,,,,,,,,,,,1,2,2,1.0,7.0
201100041725,0011-08-22 18:30:00,11,8,22,18,30,780,126,A9013/N186,,,Plein jour,Hors agglomération,Autre intersection,Normale,Autre collision,,,,,,,,,,,1,1,9,1.0,6.0
201100041726,0011-09-21 13:30:00,11,9,21,13,30,780,92,AV DRIONNE/LOUVECIENNES,,,Plein jour,En agglomération,Intersection en X,Normale,Autre collision,,,,,,,,,,,1,2,2,1.0,6.0
201100041727,0011-10-04 15:55:00,11,10,4,15,55,780,92,PT DE LATTRE DE TASSIGNY,,,Plein jour,En agglomération,Hors intersection,Normale,Autre collision,,,,,,,,,,,1,2,1,1.0,6.0
201100041728,0011-10-20 09:55:00,11,10,20,9,55,780,126,AV DES ETANGS/SOURCES,,,Plein jour,En agglomération,Intersection en T,Normale,Autre collision,,,,,,,,,,,1,2,3,1.0,6.0
201100041729,0011-10-24 19:25:00,11,10,24,19,25,780,126,17 AV DE LA JONCHERE,,,Nuit avec éclairage allumé,En agglomération,Hors intersection,Normale,Deux véhicules - côté,,,,,,,,,,,5,2,1,1.0,3.0
201100041730,0011-11-15 14:00:00,11,11,15,14,0,780,92,DE LATTRE DE TASSIGNY,,,Plein jour,En agglomération,Intersection en T,Normale,Deux véhicules - arrière,,,,,,,,,,,1,2,3,1.0,2.0
201100041731,0011-12-19 17:30:00,11,12,19,17,30,780,92,AV DRIONNE/MAL JOFFRE,,,Nuit avec éclairage allumé,En agglomération,Intersection en T,Pluie légère,Deux véhicules - arrière,,,,,,,,,,,5,2,3,2.0,2.0
201100041732,0011-01-20 12:45:00,11,1,20,12,45,780,5,RD 30,48.9562,2.05797,Plein jour,Hors agglomération,Hors intersection,Normale,Autre collision,,,,,,,,,,,1,1,1,1.0,6.0
201100041733,0011-02-23 17:45:00,11,2,23,17,45,780,15,28 BD NOEL MARC,48.9794,2.05867,Crépuscule ou aube,En agglomération,Hors intersection,Pluie légère,Autre collision,,,,,,,,,,,2,2,1,2.0,6.0
201100041734,0011-04-17 17:50:00,11,4,17,17,50,780,172,QU REPUBLIQUE/PIERRE GUY,48.9906,2.08686,Plein jour,En agglomération,Intersection en T,Normale,Deux véhicules - côté,,,,,,,,,,,1,2,3,1.0,3.0
201100041735,0011-05-09 20:50:00,11,5,9,20,50,780,172,43 QU DE GAILLON,48.9921,2.11643,Crépuscule ou aube,En agglomération,Hors intersection,Normale,Autre collision,,,,,,,,,,,2,2,1,1.0,6.0
201100041736,0011-05-04 17:00:00,11,5,4,17,0,780,5,R DE SEINE/RD 30,48.9664,2.064,Plein jour,Hors agglomération,Intersection en X,Normale,Deux véhicules - frontale,,,,,,,,,,,1,1,2,1.0,1.0
201100041737,0011-05-21 13:30:00,11,5,21,13,30,950,218,R DE L'AMBASSADEUR,49.0098,2.1047,Plein jour,En agglomération,Hors intersection,Normale,Trois véhicules et plus - en chaîne,,,,,,,,,,,1,2,1,1.0,4.0
201100041738,0011-05-23 08:30:00,11,5,23,8,30,780,15,R DE LA GARE/M BERTEAUX,48.9752,2.05064,Plein jour,En agglomération,Intersection en T,Normale,Autre collision,,,,,,,,,,,1,2,3,1.0,6.0
201100041739,0011-05-25 18:30:00,11,5,25,18,30,780,172,R ARNOULT CRAPOTTE/CARNO,48.9948,2.09541,Plein jour,En agglomération,Intersection en T,Normale,Autre collision,,,,,,,,,,,1,2,3,1.0,6.0
201100041740,0011-08-18 19:15:00,11,8,18,19,15,780,138,FOSSES (RUE DES),,,Plein jour,En agglomération,Intersection en T,Normale,Sans collision,,,,,,,,,,,1,2,3,1.0,7.0
201100041741,0011-08-29 17:55:00,11,8,29,17,55,780,138,R GAL LECLERC/LEGRAND,,,Plein jour,En agglomération,Intersection en X,Normale,Deux véhicules - frontale,,,,,,,,,,,1,2,2,1.0,1.0
201100041742,0011-09-05 15:58:00,11,9,5,15,58,780,5,4 AV VOLTAIRE,,,Plein jour,En agglomération,Hors intersection,Normale,Autre collision,,,,,,,,,,,1,2,1,1.0,6.0
201100041743,0011-08-31 10:45:00,11,8,31,10,45,780,172,RN 184,,,Plein jour,Hors agglomération,Hors intersection,Autre,Deux véhicules - arrière,,,,,,,,,,,1,1,1,9.0,2.0
201100041744,0011-10-28 10:45:00,11,10,28,10,45,780,172,RN 184 /  BRET. ACCES RD,,,Plein jour,En agglomération,Intersection en X,Normale,Trois véhicules et plus - collisions multiples,,,,,,,,,,,1,2,2,1.0,5.0
201100041745,0011-01-07 18:15:00,11,1,7,18,15,780,208,AV POLITZER/R ARAGO,48.7609,1.97231,Nuit avec éclairage allumé,En agglomération,Intersection en T,Pluie légère,Trois véhicules et plus - en chaîne,,,,,,,,,,,5,2,3,2.0,4.0
201100041746,0011-01-18 16:40:00,11,1,18,16,40,780,383,BD DU RHIN/R BASSIGNY,48.7725,1.93978,Plein jour,En agglomération,Intersection en X,Normale,Deux véhicules - côté,,,,,,,,,,,1,2,2,1.0,3.0
201100041747,0011-01-22 11:30:00,11,1,22,11,30,780,208,BD MALRAUX/COUDRIETTE,48.778,1.94489,Plein jour,En agglomération,Intersection en X,Normale,Autre collision,,,,,,,,,,,1,2,2,1.0,6.0
201100041748,0011-01-11 06:40:00,11,1,11,6,40,780,168,RN 10 CARR FONTAINES,48.7486,1.92496,Nuit avec éclairage allumé,En agglomération,Intersection en X,Pluie forte,Deux véhicules - côté,,,,,,,,,,,5,2,2,3.0,3.0
201100041749,0011-02-09 18:10:00,11,2,9,18,10,780,208,2 AV DE LA VILLEDIEU,48.7681,1.95041,Nuit avec éclairage allumé,En agglomération,Intersection en T,Normale,Autre collision,,,,,,,,,,,5,2,3,1.0,6.0
201100041750,0011-02-12 05:30:00,11,2,12,5,30,780,168,RN 10,48.7567,1.93994,Nuit avec éclairage allumé,En agglomération,Hors intersection,Normale,Autre collision,,,,,,,,,,,5,2,1,1.0,6.0
201100041751,0011-02-16 18:45:00,11,2,16,18,45,780,168,CARREFOUR DES FONTAINES,48.7486,1.92496,Nuit avec éclairage allumé,En agglomération,Giratoire,Normale,Deux véhicules - côté,,,,,,,,,,,5,2,6,1.0,3.0
201100041752,0011-03-11 08:30:00,11,3,11,8,30,780,383,AV DE LA VILLEDIEU,48.7702,1.94561,Plein jour,En agglomération,Hors intersection,Normale,Autre collision,,,,,,,,,,,1,2,1,1.0,6.0
201100041753,0011-03-21 18:45:00,11,3,21,18,45,780,168,RN 10,48.7399,1.91081,Crépuscule ou aube,En agglomération,Intersection en X,Normale,Deux véhicules - arrière,,,,,,,,,,,2,2,2,1.0,2.0
201100041754,0011-03-21 16:15:00,11,3,21,16,15,780,397,AV CONCORDE/J D'AYEN,48.7424,1.9446,Plein jour,En agglomération,Intersection en X,Normale,Deux véhicules - côté,,,,,,,,,,,1,2,2,1.0,3.0
201100041755,0011-03-22 18:30:00,11,3,22,18,30,780,208,AV POLITZER/R ARAGO,48.7609,1.97231,Plein jour,En agglomération,Intersection en T,Normale,Deux véhicules - côté,,,,,,,,,,,1,2,3,1.0,3.0
201100041756,0011-03-24 13:15:00,11,3,24,13,15,780,168,RN 10,48.7399,1.91081,Plein jour,En agglomération,Intersection en X,Normale,Deux véhicules - arrière,,,,,,,,,,,1,2,2,1.0,2.0
201100041757,0011-03-26 22:20:00,11,3,26,22,20,780,168,5 R JACQUARD (PRKG MCDO),48.7563,1.93292,Nuit avec éclairage allumé,En agglomération,Hors intersection,Pluie légère,Autre collision,,,,,,,,,,,5,2,1,2.0,6.0
201100041758,0011-03-25 17:30:00,11,3,25,17,30,780,168,VOIE LATERALE NORD,48.7506,1.92928,Plein jour,En agglomération,Hors intersection,Normale,Trois véhicules et plus - en chaîne,,,,,,,,,,,1,2,1,1.0,4.0
201100041759,0011-04-13 11:25:00,11,4,13,11,25,780,168,RN 10/R DES COMMERES,48.7399,1.91081,Plein jour,En agglomération,Intersection en X,Normale,Deux véhicules - arrière,,,,,,,,,,,1,2,2,1.0,2.0
201100041760,0011-04-18 09:00:00,11,4,18,9,0,780,644,AV GUY SCHULLER,48.7561,1.94483,Plein jour,En agglomération,Hors intersection,Normale,Autre collision,,,,,,,,,,,1,2,1,1.0,6.0
201100041761,0011-04-20 18:55:00,11,4,20,18,55,780,168,VOIE LATERALE SUD/SPAHIS,48.7558,1.93902,Plein jour,En agglomération,Intersection en T,Normale,Deux véhicules - côté,,,,,,,,,,,1,2,3,1.0,3.0
201100041762,0011-04-20 16:50:00,11,4,20,16,50,780,208,AV POLITZER/ARAGO,48.7609,1.97231,Plein jour,En agglomération,Intersection en T,Normale,Deux véhicules - côté,,,,,,,,,,,1,2,3,1.0,3.0
201100041763,0011-04-23 19:10:00,11,4,23,19,10,780,168,CARREFOUR DES FONTAINES,48.7489,1.92557,Plein jour,En agglomération,Intersection à plus de 4 branches,Pluie forte,Deux véhicules - côté,,,,,,,,,,,1,2,5,3.0,3.0
201100041764,0011-05-07 01:10:00,11,5,7,1,10,780,168,RN 10,48.7384,1.90914,Nuit avec éclairage allumé,En agglomération,Hors intersection,Normale,Deux véhicules - arrière,,,,,,,,,,,5,2,1,1.0,2.0
201100041765,0011-05-17 18:50:00,11,5,17,18,50,780,383,BD DE LA LOIRE,48.764,1.93843,Plein jour,En agglomération,Hors intersection,Normale,Trois véhicules et plus - en chaîne,,,,,,,,,,,1,2,1,1.0,4.0
201100041766,0011-06-03 20:45:00,11,6,3,20,45,780,383,BD DU RHIN,,,Plein jour,En agglomération,Hors intersection,Normale,Deux véhicules - frontale,,,,,,,,,,,1,2,1,1.0,1.0
201100041767,0011-06-24 17:30:00,11,6,24,17,30,780,168,RN 10/AV DE LA GARE,,,Plein jour,En agglomération,Intersection en X,Normale,Deux véhicules - arrière,,,,,,,,,,,1,2,2,1.0,2.0
201100041768,0011-06-30 07:30:00,11,6,30,7,30,780,168,RN 10/R DES MARAIS,,,Plein jour,En agglomération,Intersection en T,Normale,Trois véhicules et plus - en chaîne,,,,,,,,,,,1,2,3,1.0,4.0
201100041769,0011-07-04 09:45:00,11,7,4,9,45,780,208,AV DE LA VILLEDIEU,,,Plein jour,En agglomération,Hors intersection,Normale,Deux véhicules - frontale,,,,,,,,,,,1,2,1,1.0,1.0
201100041770,0011-07-15 09:40:00,11,7,15,9,40,780,383,AV GUTENBERG,,,Plein jour,Hors agglomération,Giratoire,Normale,Deux véhicules - côté,,,,,,,,,,,1,1,6,1.0,3.0
201100041771,0011-07-23 10:20:00,11,7,23,10,20,780,208,RD 58,,,Plein jour,Hors agglomération,Hors intersection,Normale,Deux véhicules - frontale,,,,,,,,,,,1,1,1,1.0,1.0
201100041772,0011-07-23 15:00:00,11,7,23,15,0,780,208,AV DU HUIT MAI 1945,,,Plein jour,En agglomération,Hors intersection,Normale,Deux véhicules - arrière,,,,,,,,,,,1,2,1,1.0,2.0
201100041773,0011-08-01 17:30:00,11,8,1,17,30,780,383,PLACE JEAN MOULIN,,,Plein jour,En agglomération,Giratoire,Normale,Autre collision,,,,,,,,,,,1,2,6,1.0,6.0
201100041774,0011-08-07 12:00:00,11,8,7,12,0,780,397,31RTE DE COIGNIERES,,,Plein jour,En agglomération,Hors intersection,Normale,Deux véhicules - arrière,,,,,,,,,,,1,2,1,1.0,2.0
201100041775,0011-08-18 22:30:00,11,8,18,22,30,780,208,RD PT CASSINA DE PECCHI,,,Nuit avec éclairage allumé,En agglomération,Giratoire,Normale,Deux véhicules - arrière,,,,,,,,,,,5,2,6,1.0,2.0
201100041776,0011-09-01 18:30:00,11,9,1,18,30,780,208,AV GREGORY/ALL BONIFACE,,,Plein jour,En agglomération,Intersection en T,Normale,Deux véhicules - arrière,,,,,,,,,,,1,2,3,1.0,2.0
201100041777,0011-09-07 09:15:00,11,9,7,9,15,780,208,ARAGO (RUE FRANCOIS),,,Plein jour,En agglomération,Hors intersection,Normale,Deux véhicules - côté,,,,,,,,,,,1,2,1,1.0,3.0
201100041778,0011-09-07 12:35:00,11,9,7,12,35,780,383,BD DE LA LOIRE/AV VENDEE,,,Plein jour,En agglomération,Giratoire,Normale,Deux véhicules - côté,,,,,,,,,,,1,2,6,1.0,3.0
201100041779,0011-09-14 12:15:00,11,9,14,12,15,780,208,RTE DU MESNIL/R EGLISE,,,Plein jour,En agglomération,Intersection en T,Normale,Autre collision,,,,,,,,,,,1,2,3,1.0,6.0
201100041780,0011-09-16 15:45:00,11,9,16,15,45,780,383,PLC DE BRETAGNE,,,Plein jour,En agglomération,Hors intersection,Normale,Autre collision,,,,,,,,,,,1,2,1,1.0,6.0
201100041781,0011-09-19 17:00:00,11,9,19,17,0,780,383,BD GUY SCHULLER,,,Plein jour,En agglomération,Hors intersection,Normale,Autre collision,,,,,,,,,,,1,2,1,1.0,6.0
201100041782,0011-09-15 16:50:00,11,9,15,16,50,780,208,BD DU 19 MARS 62,,,Plein jour,En agglomération,Hors intersection,Normale,Deux véhicules - arrière,,,,,,,,,,,1,2,1,1.0,2.0
201100041783,0011-09-24 19:15:00,11,9,24,19,15,780,383,AV GUTENBERG/R CARNOT,,,Crépuscule ou aube,En agglomération,Intersection en T,Normale,Deux véhicules - côté,,,,,,,,,,,2,2,3,1.0,3.0
201100041784,0011-09-29 17:15:00,11,9,29,17,15,780,383,AV GUTENBERG,,,Plein jour,En agglomération,Hors intersection,Normale,Trois véhicules et plus - en chaîne,,,,,,,,,,,1,2,1,1.0,4.0
201100041785,0011-10-09 19:00:00,11,10,9,19,0,780,168,33 R NEAUPHLE LE CHATEAU,,,Crépuscule ou aube,En agglomération,Hors intersection,Normale,Autre collision,,,,,,,,,,,2,2,1,1.0,6.0
201100041786,0011-10-21 12:15:00,11,10,21,12,15,780,383,RD 13,,,Plein jour,Hors agglomération,Hors intersection,Normale,Trois véhicules et plus - en chaîne,,,,,,,,,,,1,1,1,1.0,4.0
201100041787,0011-10-24 19:00:00,11,10,24,19,0,780,208,AV POLITZER/ARAGO,,,Crépuscule ou aube,En agglomération,Intersection en T,Normale,Deux véhicules - côté,,,,,,,,,,,2,2,3,1.0,3.0
201100041788,0011-11-12 14:30:00,11,11,12,14,30,780,168,RUE DU PONT D'AULNEAU,,,Plein jour,En agglomération,Hors intersection,Normale,Deux véhicules - côté,,,,,,,,,,,1,2,1,1.0,3.0
201100041789,0011-11-16 17:15:00,11,11,16,17,15,780,383,"4, AV DU FOREZ",,,Nuit avec éclairage allumé,En agglomération,Hors intersection,Normale,Deux véhicules - côté,,,,,,,,,,,5,2,1,1.0,3.0
201100041790,0011-11-19 18:50:00,11,11,19,18,50,780,383,RHIN (BOULEVARD DU),,,Nuit avec éclairage allumé,En agglomération,Hors intersection,Normale,Sans collision,,,,,,,,,,,5,2,1,1.0,7.0
201100041791,0011-11-22 17:30:00,11,11,22,17,30,780,208,DASSAULT (AVENUE MARCEL),,,Nuit avec éclairage allumé,En agglomération,Giratoire,Normale,Autre collision,,,,,,,,,,,5,2,6,1.0,6.0
201100041792,0011-11-23 08:35:00,11,11,23,8,35,780,208,AV DE LA VILLEDIEU,,,Crépuscule ou aube,En agglomération,Hors intersection,Brouillard / fumée,Autre collision,,,,,,,,,,,2,2,1,5.0,6.0
201100041793,0011-11-30 09:00:00,11,11,30,9,0,780,397,DEPARTEMENTALE 13 (ROUTE,,,Plein jour,Hors agglomération,Hors intersection,Normale,Sans collision,,,,,,,,,,,1,1,1,1.0,7.0
201100041794,0011-12-04 00:30:00,11,12,4,0,30,780,644,N 10,,,Nuit sans éclairage public,Hors agglomération,Hors intersection,Pluie légère,Autre collision,,,,,,,,,,,3,1,1,2.0,6.0
201100041795,0011-12-09 14:55:00,11,12,9,14,55,780,208,AV MARCEL DASSAULT,,,Plein jour,En agglomération,Giratoire,Pluie légère,Trois véhicules et plus - en chaîne,,,,,,,,,,,1,2,6,2.0,4.0
201100041796,0011-12-12 19:15:00,11,12,12,19,15,780,383,BD MICHEL MISEREY,,,Nuit avec éclairage allumé,En agglomération,Hors intersection,Pluie légère,Autre collision,,,,,,,,,,,5,2,1,2.0,6.0
201100041797,0011-12-19 19:35:00,11,12,19,19,35,780,383,BD DU RHIN,,,Nuit avec éclairage allumé,En agglomération,Hors intersection,Pluie forte,Autre collision,,,,,,,,,,,5,2,1,3.0,6.0
201100041798,0011-12-27 10:35:00,11,12,27,10,35,780,423,BD DESCARTES/R LOTI,,,Plein jour,En agglomération,Intersection en T,Normale,Autre collision,,,,,,,,,,,1,2,3,1.0,6.0
201100041799,0011-01-18 07:20:00,11,1,18,7,20,780,423,AV DES PRES/DE LA GARE,48.7873,2.04549,Nuit avec éclairage allumé,En agglomération,Intersection en T,Normale,Autre collision,,,,,,,,,,,5,2,3,1.0,6.0
201100041800,0011-01-21 19:50:00,11,1,21,19,50,780,423,AV KESSEL/ALL DAVID NEAL,48.7706,2.04647,Nuit avec éclairage allumé,En agglomération,Autre intersection,Normale,Sans collision,,,,,,,,,,,5,2,9,1.0,7.0
201100041801,0011-01-26 07:15:00,11,1,26,7,15,780,688,RD 91/RENE CAUDRON,48.7611,2.06042,Crépuscule ou aube,En agglomération,Intersection en X,Pluie forte,Autre collision,,,,,,,,,,,2,2,2,3.0,6.0
201100041802,0011-01-31 08:00:00,11,1,31,8,0,780,297,RTE DE TROUX/LINLITHGOW,48.7722,2.06086,Crépuscule ou aube,En agglomération,Intersection en T,Normale,Deux véhicules - côté,,,,,,,,,,,2,2,3,1.0,3.0
201100041803,0011-01-31 19:00:00,11,1,31,19,0,780,423,AV N ABOUT/R R GARY,48.7795,2.03933,Nuit avec éclairage allumé,En agglomération,Intersection en X,Normale,Autre collision,,,,,,,,,,,5,2,2,1.0,6.0
201100041804,0011-02-02 00:01:00,11,2,2,0,1,780,423,RD 10/A9012,48.7829,2.0321,Nuit sans éclairage public,Hors agglomération,Intersection en Y,Autre,Autre collision,,,,,,,,,,,3,1,4,9.0,6.0
201100041805,0011-02-03 19:05:00,11,2,3,19,5,780,297,R CLEMENT ADER,48.7867,2.05531,Nuit sans éclairage public,En agglomération,Hors intersection,Normale,Deux véhicules - arrière,,,,,,,,,,,3,2,1,1.0,2.0
201100041806,0011-02-13 17:30:00,11,2,13,17,30,780,297,AV DE L'EUROPE / AV GARE,48.7711,2.05521,Plein jour,En agglomération,Giratoire,Normale,Deux véhicules - arrière,,,,,,,,,,,1,2,6,1.0,2.0
201100041807,0011-02-15 17:45:00,11,2,15,17,45,780,423,R DE BREHAT/ARMORIQUE,48.7683,2.01816,Plein jour,En agglomération,Intersection en X,Normale,Autre collision,,,,,,,,,,,1,2,2,1.0,6.0
201100041808,0011-02-20 17:05:00,11,2,20,17,5,780,423,RN 10,48.7824,2.03121,Plein jour,Hors agglomération,Hors intersection,Normale,Deux véhicules - arrière,,,,,,,,,,,1,1,1,1.0,2.0
201100041809,0011-02-28 09:25:00,11,2,28,9,25,780,423,AV VIEIL ETANG/AMPERE,48.7927,2.04346,Plein jour,En agglomération,Intersection en X,Temps éblouissant,Deux véhicules - frontale,,,,,,,,,,,1,2,2,7.0,1.0
201100041810,0011-03-06 20:50:00,11,3,6,20,50,780,423,65 BD VAUBAN,48.7808,2.04192,Nuit avec éclairage allumé,En agglomération,Hors intersection,Normale,Autre collision,,,,,,,,,,,5,2,1,1.0,6.0
201100041811,0011-03-08 16:05:00,11,3,8,16,5,780,297,CHE DU VAL D'OR,48.7775,2.09702,Plein jour,En agglomération,Hors intersection,Normale,Deux véhicules - frontale,,,,,,,,,,,1,2,1,1.0,1.0
201100041812,0011-03-30 12:20:00,11,3,30,12,20,780,423,AV DES PRES,48.7813,2.03194,Plein jour,En agglomération,Hors intersection,Normale,Deux véhicules - frontale,,,,,,,,,,,1,2,1,1.0,1.0
201100041813,0011-04-10 19:15:00,11,4,10,19,15,780,297,PLC DE BEL EBAT,48.7698,2.06996,Plein jour,En agglomération,Place,Normale,Deux véhicules - côté,,,,,,,,,,,1,2,7,1.0,3.0
201100041814,0011-04-28 08:35:00,11,4,28,8,35,780,297,RD 91,48.7779,2.09592,Plein jour,Hors agglomération,Hors intersection,Normale,Deux véhicules - arrière,,,,,,,,,,,1,1,1,1.0,2.0
201100041815,0011-05-01 00:15:00,11,5,1,0,15,780,423,RN 10,48.7835,2.03379,Nuit avec éclairage allumé,Hors agglomération,Hors intersection,Normale,Autre collision,,,,,,,,,,,5,1,1,1.0,6.0
201100041816,0011-05-04 09:25:00,11,5,4,9,25,780,688,GRD ILE/DUMONT D'URVILLE,48.7634,2.05492,Plein jour,En agglomération,Intersection en T,Normale,Deux véhicules - côté,,,,,,,,,,,1,2,3,1.0,3.0
201100041817,0011-05-17 17:40:00,11,5,17,17,40,780,423,R MARGUERITE YOURCENAR,48.7788,2.04115,Plein jour,En agglomération,Hors intersection,Normale,Autre collision,,,,,,,,,,,1,2,1,1.0,6.0
201100041818,0011-05-24 06:55:00,11,5,24,6,55,780,297,AV DES GARENNES/EUROPE,48.7711,2.05526,Plein jour,En agglomération,Giratoire,Normale,Autre collision,,,,,,,,,,,1,2,6,1.0,6.0
201100041819,0011-06-12 03:56:00,11,6,12,3,56,780,423,AV FRERES LUMIERE/DENTON,,,Nuit avec éclairage allumé,En agglomération,Intersection en T,Normale,Deux véhicules - côté,,,,,,,,,,,5,2,3,1.0,3.0
201100041820,0011-06-18 05:00:00,11,6,18,5,0,780,423,AV ABOUT/LECLERC,,,Nuit avec éclairage allumé,En agglomération,Intersection en X,Pluie légère,Deux véhicules - côté,,,,,,,,,,,5,2,2,2.0,3.0
201100041821,0011-06-26 17:10:00,11,6,26,17,10,780,423,R CORNOUAILLES/FOUESNANT,,,Plein jour,En agglomération,Intersection en T,Normale,Deux véhicules - côté,,,,,,,,,,,1,2,3,1.0,3.0
201100041822,0011-07-07 14:05:00,11,7,7,14,5,780,423,AV FRERES LUMIERES/N12,,,Plein jour,En agglomération,Intersection en Y,Normale,Deux véhicules - arrière,,,,,,,,,,,1,2,4,1.0,2.0
201100041823,0011-07-20 12:30:00,11,7,20,12,30,780,297,R GEORGES HAUSSMAN,,,Plein jour,En agglomération,Hors intersection,Normale,Deux véhicules - arrière,,,,,,,,,,,1,2,1,1.0,2.0
201100041824,0011-07-31 15:45:00,11,7,31,15,45,780,297,RD 91,,,Plein jour,Hors agglomération,Hors intersection,Normale,Autre collision,,,,,,,,,,,1,1,1,1.0,6.0
201100041825,0011-08-01 19:30:00,11,8,1,19,30,780,297,10 ALL DE VERSAILLES,,,Plein jour,En agglomération,Hors intersection,Normale,Deux véhicules - côté,,,,,,,,,,,1,2,1,1.0,3.0
201100041826,0011-08-04 16:40:00,11,8,4,16,40,780,297,PLC COMMUNE DE PARIS,,,Plein jour,En agglomération,Place,Normale,Autre collision,,,,,,,,,,,1,2,7,1.0,6.0
201100041827,0011-08-09 09:00:00,11,8,9,9,0,780,423,BRETELLE RN10/AV LECLERC,,,Plein jour,En agglomération,Autre intersection,Normale,Deux véhicules - côté,,,,,,,,,,,1,2,9,1.0,3.0
201100041828,0011-08-11 09:50:00,11,8,11,9,50,780,297,CARREFOUR DE LA MINIERE,,,Plein jour,En agglomération,Intersection en X,Normale,Trois véhicules et plus - collisions multiples,,,,,,,,,,,1,2,2,1.0,5.0
201100041829,0011-08-31 08:10:00,11,8,31,8,10,780,423,AV VOLTA,,,Plein jour,En agglomération,Intersection en Y,Normale,Deux véhicules - arrière,,,,,,,,,,,1,2,4,1.0,2.0
201100041830,0011-09-01 08:20:00,11,9,1,8,20,780,423,R MARCEL PROUST,,,Plein jour,En agglomération,Place,Normale,Autre collision,,,,,,,,,,,1,2,7,1.0,6.0
201100041831,0011-09-05 11:30:00,11,9,5,11,30,780,423,AV N ABOUT/BD VAUBAN,,,Plein jour,En agglomération,Intersection en T,Normale,Autre collision,,,,,,,,,,,1,2,3,1.0,6.0
201100041832,0011-09-06 18:40:00,11,9,6,18,40,780,423,R DU CHAMPS D'AVOINE,,,Plein jour,En agglomération,Hors intersection,Normale,Autre collision,,,,,,,,,,,1,2,1,1.0,6.0
201100041833,0011-09-09 12:10:00,11,9,9,12,10,780,688,AV PYRAMIDE/PLAN EGLISE,,,Plein jour,En agglomération,Intersection en X,Temps couvert,Deux véhicules - frontale,,,,,,,,,,,1,2,2,8.0,1.0
201100041834,0011-09-14 17:00:00,11,9,14,17,0,780,297,R DU MOULIN/RTE DE TROUX,,,Plein jour,En agglomération,Intersection en X,Normale,Deux véhicules - côté,,,,,,,,,,,1,2,2,1.0,3.0
201100041835,0011-09-27 15:45:00,11,9,27,15,45,780,423,AV N ABOUT/AV DU PARC,,,Plein jour,En agglomération,Intersection en X,Normale,Trois véhicules et plus - en chaîne,,,,,,,,,,,1,2,2,1.0,4.0
201100041836,0011-09-28 09:20:00,11,9,28,9,20,780,423,RD 10,,,Plein jour,Hors agglomération,Intersection en Y,Normale,Deux véhicules - arrière,,,,,,,,,,,1,1,4,1.0,2.0
201100041837,0011-10-12 08:00:00,11,10,12,8,0,780,423,RD 10,,,Plein jour,En agglomération,Hors intersection,Normale,Trois véhicules et plus - en chaîne,,,,,,,,,,,1,2,1,1.0,4.0
201100041838,0011-10-02 15:30:00,11,10,2,15,30,780,423,R AUGUSTE RODIN,,,Plein jour,En agglomération,Hors intersection,Normale,Autre collision,,,,,,,,,,,1,2,1,1.0,6.0
201100041839,0011-09-04 16:25:00,11,9,4,16,25,780,423,AV DE KIERSPE,,,Plein jour,En agglomération,Hors intersection,Pluie légère,Autre collision,,,,,,,,,,,1,2,1,2.0,6.0
201100041840,0011-09-19 03:35:00,11,9,19,3,35,780,297,RD 91,,,Nuit avec éclairage allumé,Hors agglomération,Hors intersection,Normale,Autre collision,,,,,,,,,,,5,1,1,1.0,6.0
201100041841,0011-10-05 19:55:00,11,10,5,19,55,780,423,AV DU PARC/PAVES DU ROI,,,Nuit avec éclairage allumé,En agglomération,Giratoire,Normale,Autre collision,,,,,,,,,,,5,2,6,1.0,6.0
201100041842,0011-11-03 18:00:00,11,11,3,18,0,780,423,AV DE LA GARE,,,Nuit avec éclairage allumé,En agglomération,Hors intersection,Pluie légère,Autre collision,,,,,,,,,,,5,2,1,2.0,6.0
201100041843,0011-11-08 17:15:00,11,11,8,17,15,780,423,AV N ABOUT/AV DU PARC,,,Nuit avec éclairage allumé,En agglomération,Intersection en X,Pluie forte,Deux véhicules - arrière,,,,,,,,,,,5,2,2,3.0,2.0
201100041844,0011-09-07 08:21:00,11,9,7,8,21,780,423,RN 10,,,Plein jour,En agglomération,Hors intersection,Normale,Deux véhicules - arrière,,,,,,,,,,,1,2,1,1.0,2.0
201100041845,0011-11-04 08:20:00,11,11,4,8,20,780,423,AV SRCE BIEVRE/PASS LAC,,,Plein jour,En agglomération,Giratoire,Normale,Autre collision,,,,,,,,,,,1,2,6,1.0,6.0
201100041846,0011-11-08 07:55:00,11,11,8,7,55,780,423,RTE TRAPPES/GUYANCOURT,,,Crépuscule ou aube,En agglomération,Intersection en T,Pluie légère,Autre collision,,,,,,,,,,,2,2,3,2.0,6.0