accident_id,datetime,annee,mois,jour,heure,minute,departement,commune_insee,adresse,latitude,longitude,luminosite,agglomeration,intersection,meteo,collision,nb_vehicules,nb_usagers,nb_indemnes,nb_tues,nb_blesses_hosp,nb_blesses_legers,age_cond_1,age_cond_2,veh_type_cond_1,veh_type_cond_2,lum_code,agg_code,int_code,atm_code,col_code
201100042098,0011-08-05 21:35:00,11,8,5,21,35,780,165,AV BARBUSSE/CROIX BLANCH,,,Nuit avec éclairage allumé,En agglomération,Giratoire,Pluie forte,Deux véhicules - arrière,,,,,,,,,,,5,2,6,3.0,2.0
201100042099,0011-08-09 18:25:00,11,8,9,18,25,780,165,AV HENRI BARBUSSE,,,Plein jour,En agglomération,Intersection en X,Normale,Deux véhicules - arrière,,,,,,,,,,,1,2,2,1.0,2.0
201100042100,0011-07-25 15:50:00,11,7,25,15,50,780,490,R JULES VERNE,,,Plein jour,En agglomération,Hors intersection,Normale,Autre collision,,,,,,,,,,,1,2,1,1.0,6.0
201100042101,0011-08-08 12:15:00,11,8,8,12,15,780,165,21 R JACQUES DUCLOS,,,Plein jour,En agglomération,Hors intersection,Pluie légère,Autre collision,,,,,,,,,,,1,2,1,2.0,6.0
201100042102,0011-09-18 00:05:00,11,9,18,0,5,780,490,RD PT DES GATINES,,,Nuit avec éclairage allumé,Hors agglomération,Giratoire,Temps couvert,Sans collision,,,,,,,,,,,5,1,6,8.0,7.0
201100042103,0011-09-19 16:20:00,11,9,19,16,20,780,490,N9012/RD58,,,Plein jour,Hors agglomération,Autre intersection,Normale,Sans collision,,,,,,,,,,,1,1,9,1.0,7.0
201100042104,0011-09-17 18:10:00,11,9,17,18,10,780,165,PARKG ALPHA PARK,,,Plein jour,En agglomération,Hors intersection,Normale,Deux véhicules - côté,,,,,,,,,,,1,2,1,1.0,3.0
201100042105,0011-09-21 15:25:00,11,9,21,15,25,780,490,R J VERNE/DU PETIT BOIS,,,Plein jour,En agglomération,Hors intersection,Normale,Autre collision,,,,,,,,,,,1,2,1,1.0,6.0
201100042106,0011-11-10 14:20:00,11,11,10,14,20,780,490,AV DE SAINT GERMAIN,,,Plein jour,En agglomération,Hors intersection,Normale,Autre collision,,,,,,,,,,,1,2,1,1.0,6.0
201100042107,0011-11-27 16:05:00,11,11,27,16,5,780,674,RD 11,,,Plein jour,Hors agglomération,Hors intersection,Pluie légère,Autre collision,,,,,,,,,,,1,1,1,2.0,6.0
201100042108,0011-11-25 20:00:00,11,11,25,20,0,780,165,R ROBESPIERRE/HENRI PROU,,,Nuit avec éclairage allumé,En agglomération,Giratoire,Normale,Deux véhicules - côté,,,,,,,,,,,5,2,6,1.0,3.0
201100042109,0011-12-03 14:00:00,11,12,3,14,0,780,490,RD 30/RD 109,,,Plein jour,En agglomération,Giratoire,Pluie forte,Deux véhicules - frontale,,,,,,,,,,,1,2,6,3.0,1.0
201100042110,0011-12-02 17:35:00,11,12,2,17,35,780,490,R & PASSAGE P LANGEVIN,,,Nuit avec éclairage allumé,En agglomération,Intersection en T,Normale,Sans collision,,,,,,,,,,,5,2,3,1.0,7.0
201100042111,0011-12-05 17:15:00,11,12,5,17,15,780,490,AV ST GERMAIN/EBISOIRES,,,Nuit avec éclairage allumé,En agglomération,Intersection en X,Pluie légère,Deux véhicules - côté,,,,,,,,,,,5,2,2,2.0,3.0
201100042112,0011-12-08 19:10:00,11,12,8,19,10,780,674,RD 11,,,Nuit sans éclairage public,Hors agglomération,Hors intersection,Normale,Trois véhicules et plus - en chaîne,,,,,,,,,,,3,1,1,1.0,4.0
201100042113,0011-12-12 12:15:00,11,12,12,12,15,780,490,AV D'ARMORIQUE,,,Plein jour,Hors agglomération,Intersection en T,Normale,Deux véhicules - côté,,,,,,,,,,,1,1,3,1.0,3.0
201100042114,0011-12-15 17:50:00,11,12,15,17,50,780,490,R HENRI BARBUSSE,,,Nuit avec éclairage allumé,En agglomération,Hors intersection,Pluie légère,Autre collision,,,,,,,,,,,5,2,1,2.0,6.0
201100042115,0011-12-16 08:10:00,11,12,16,8,10,780,490,AV DU 19 MARS 62,,,Crépuscule ou aube,En agglomération,Hors intersection,Pluie légère,Autre collision,,,,,,,,,,,2,2,1,2.0,6.0
201100042116,0011-10-21 13:35:00,11,10,21,13,35,780,165,AV HENRI BARBUSSE,,,Plein jour,En agglomération,Hors intersection,Normale,Sans collision,,,,,,,,,,,1,2,1,1.0,7.0
201100042117,0011-12-21 14:45:00,11,12,21,14,45,780,490,BD BLUM (PRKG AUCHAN),,,Plein jour,En agglomération,Hors intersection,Normale,Autre collision,,,,,,,,,,,1,2,1,1.0,6.0
201100042118,0011-11-05 18:50:00,11,11,5,18,50,780,490,DE GAULLE (AVENUE DU GEN,,,Nuit avec éclairage allumé,En agglomération,Hors intersection,Normale,Deux véhicules - arrière,,,,,,,,,,,5,2,1,1.0,2.0
201100042119,0011-01-12 09:00:00,11,1,12,9,0,780,498,GRANGE ST LOUIS/JEANNERE,48.9483,2.06303,Plein jour,En agglomération,Intersection en T,Pluie légère,Deux véhicules - côté,,,,,,,,,,,1,2,3,2.0,3.0
201100042120,0011-01-13 18:55:00,11,1,13,18,55,780,498,74 R DU GAL DE GAULLE,48.9298,2.04202,Nuit avec éclairage allumé,En agglomération,Hors intersection,Normale,Deux véhicules - arrière,,,,,,,,,,,5,2,1,1.0,2.0
201100042121,0011-01-07 16:40:00,11,1,7,16,40,780,498,BD GAMBETTA/R C MARECHAL,48.9294,2.04802,Plein jour,En agglomération,Intersection en X,Pluie légère,Autre collision,,,,,,,,,,,1,2,2,2.0,6.0
201100042122,0011-01-26 17:50:00,11,1,26,17,50,780,624,R PAUL DOUMER,48.9705,2.0091,Nuit avec éclairage allumé,En agglomération,Autre intersection,Pluie légère,Sans collision,,,,,,,,,,,5,2,9,2.0,7.0
201100042123,0011-01-25 19:50:00,11,1,25,19,50,780,498,R CHAMBOURCY/TOURNELLE,48.9223,2.0385,Nuit avec éclairage allumé,En agglomération,Intersection à plus de 4 branches,Normale,Deux véhicules - côté,,,,,,,,,,,5,2,5,1.0,3.0
201100042124,0011-02-24 09:45:00,11,2,24,9,45,780,123,RD 190/D55,48.9387,2.03581,Plein jour,En agglomération,Intersection en T,Pluie légère,Deux véhicules - arrière,,,,,,,,,,,1,2,3,2.0,2.0
201100042125,0011-03-02 17:10:00,11,3,2,17,10,780,498,AV CASTILLE/OEILLETS,48.9249,2.03077,Plein jour,En agglomération,Intersection en X,Normale,Trois véhicules et plus - collisions multiples,,,,,,,,,,,1,2,2,1.0,5.0
201100042126,0011-03-08 20:10:00,11,3,8,20,10,780,498,BD GAMBETTA/MAL FOCH,48.9294,2.04802,Nuit avec éclairage allumé,En agglomération,Intersection en X,Normale,Autre collision,,,,,,,,,,,5,2,2,1.0,6.0
201100042127,0011-03-27 17:15:00,11,3,27,17,15,780,643,AV DE TRIEL/R J JAURES,48.978,1.99614,Plein jour,En agglomération,Intersection en T,Pluie légère,Deux véhicules - côté,,,,,,,,,,,1,2,3,2.0,3.0
201100042128,0011-03-31 12:00:00,11,3,31,12,0,780,123,R BERTAUX/REINE BLANCHE,48.9432,2.0288,Plein jour,En agglomération,Intersection en T,Normale,Deux véhicules - côté,,,,,,,,,,,1,2,3,1.0,3.0
201100042129,0011-04-06 17:40:00,11,4,6,17,40,780,498,BD GAMBETTA/DE LA PAIX,48.9326,2.04398,Plein jour,En agglomération,Intersection en X,Normale,Autre collision,,,,,,,,,,,1,2,2,1.0,6.0
201100042130,0011-04-25 18:30:00,11,4,25,18,30,780,498,AV URSULINES/LIBERATION,48.9273,2.04101,Plein jour,En agglomération,Intersection en X,Normale,Autre collision,,,,,,,,,,,1,2,2,1.0,6.0
201100042131,0011-05-03 16:10:00,11,5,3,16,10,780,672,466 R DE POISSY,48.9318,2.00189,Plein jour,En agglomération,Hors intersection,Normale,Deux véhicules - frontale,,,,,,,,,,,1,2,1,1.0,1.0
201100042132,0011-05-04 17:10:00,11,5,4,17,10,780,624,61 R DE CHANTELOUP,48.9752,2.01969,Plein jour,En agglomération,Hors intersection,Normale,Deux véhicules - arrière,,,,,,,,,,,1,2,1,1.0,2.0
201100042133,0011-05-10 20:00:00,11,5,10,20,0,780,498,AV LEFEBVRE/PIRMASENS,48.9262,2.04837,Plein jour,En agglomération,Intersection en T,Normale,Deux véhicules - côté,,,,,,,,,,,1,2,3,1.0,3.0
201100042134,0011-05-11 11:10:00,11,5,11,11,10,780,624,61 R DE CHANTELOUP,48.9752,2.01937,Plein jour,En agglomération,Hors intersection,Normale,Deux véhicules - côté,,,,,,,,,,,1,2,1,1.0,3.0
201100042135,0011-05-12 07:45:00,11,5,12,7,45,780,123,AV VANDERBILT/TISSIER,48.944,2.02192,Plein jour,En agglomération,Intersection en X,Normale,Autre collision,,,,,,,,,,,1,2,2,1.0,6.0
201100042136,0011-05-13 18:10:00,11,5,13,18,10,780,498,AV DE LA MALADRERIE,48.9149,2.02301,Plein jour,En agglomération,Hors intersection,Normale,Deux véhicules - arrière,,,,,,,,,,,1,2,1,1.0,2.0
201100042137,0011-05-17 19:25:00,11,5,17,19,25,780,498,R DE LA TOURNELLE,48.9238,2.03878,Plein jour,En agglomération,Hors intersection,Normale,Autre collision,,,,,,,,,,,1,2,1,1.0,6.0
201100042138,0011-05-25 10:05:00,11,5,25,10,5,780,624,AV DE POISSY,48.9689,2.01025,Plein jour,En agglomération,Intersection en T,Normale,Deux véhicules - côté,,,,,,,,,,,1,2,3,1.0,3.0
201100042139,0011-06-14 07:35:00,11,6,14,7,35,780,498,BD ROBESPIERRE/ LA PAIX,,,Plein jour,En agglomération,Intersection en X,Normale,Autre collision,,,,,,,,,,,1,2,2,1.0,6.0
201100042140,0011-06-15 18:15:00,11,6,15,18,15,780,624,139 R PAUL DOUMER,,,Plein jour,En agglomération,Hors intersection,Normale,Autre collision,,,,,,,,,,,1,2,1,1.0,6.0
201100042141,0011-06-15 13:05:00,11,6,15,13,5,780,498,AV FERNAND LEFEBVRE,,,Plein jour,En agglomération,Hors intersection,Normale,Sans collision,,,,,,,,,,,1,2,1,1.0,7.0
201100042142,0011-06-21 20:25:00,11,6,21,20,25,780,498,124 R GAL DE GAULLE,,,Plein jour,En agglomération,Hors intersection,Normale,Deux véhicules - arrière,,,,,,,,,,,1,2,1,1.0,2.0
201100042143,0011-12-31 15:00:00,11,12,31,15,0,780,498,8 R DE BEAUREGARD,,,Plein jour,En agglomération,Hors intersection,Normale,Autre collision,,,,,,,,,,,1,2,1,1.0,6.0
201100042144,0011-06-17 17:40:00,11,6,17,17,40,780,498,RD30,,,Plein jour,En agglomération,Giratoire,Pluie légère,Deux véhicules - côté,,,,,,,,,,,1,2,6,2.0,3.0
201100042145,0011-06-30 19:35:00,11,6,30,19,35,780,498,PLACE VERTE,,,Plein jour,En agglomération,Giratoire,Normale,Trois véhicules et plus - en chaîne,,,,,,,,,,,1,2,6,1.0,4.0
201100042146,0011-06-23 18:25:00,11,6,23,18,25,780,498,117 AV FOCH,,,Plein jour,En agglomération,Hors intersection,Normale,Trois véhicules et plus - en chaîne,,,,,,,,,,,1,2,1,1.0,4.0
201100042147,0011-07-11 15:10:00,11,7,11,15,10,780,498,R JC MARY/DE GAULLE,,,Plein jour,En agglomération,Intersection en X,Normale,Autre collision,,,,,,,,,,,1,2,2,1.0,6.0
201100042148,0011-07-07 12:35:00,11,7,7,12,35,780,123,R DR TOUBOUL/ROSSIGNOL,,,Plein jour,En agglomération,Intersection en T,Normale,Autre collision,,,,,,,,,,,1,2,3,1.0,6.0
201100042149,0011-08-10 17:30:00,11,8,10,17,30,780,642,RTE MEULAN/CORNOUILLERS,,,Plein jour,En agglomération,Intersection en T,Normale,Trois véhicules et plus - en chaîne,,,,,,,,,,,1,2,3,1.0,4.0
201100042150,0011-08-21 00:02:00,11,8,21,0,2,780,498,AV PONTOISE/ST SEBASTIEN,,,Nuit avec éclairage allumé,En agglomération,Intersection en X,Pluie légère,Deux véhicules - frontale,,,,,,,,,,,5,2,2,2.0,1.0
201100042151,0011-08-24 15:45:00,11,8,24,15,45,780,498,RTE DE QUARANTE SOUS,,,Plein jour,Hors agglomération,Hors intersection,Normale,Trois véhicules et plus - collisions multiples,,,,,,,,,,,1,1,1,1.0,5.0
201100042152,0011-08-21 09:45:00,11,8,21,9,45,780,624,R DE L'HAUTIL,,,Plein jour,En agglomération,Intersection en T,Normale,Deux véhicules - frontale,,,,,,,,,,,1,2,3,1.0,1.0
201100042153,0011-08-26 14:00:00,11,8,26,14,0,780,624,CHE VIEUX/DES GRAVIERS,,,Plein jour,En agglomération,Intersection en X,Normale,Deux véhicules - côté,,,,,,,,,,,1,2,2,1.0,3.0
201100042154,0011-08-31 08:50:00,11,8,31,8,50,780,498,BD DEVAUX/R CONSTANTI,,,Plein jour,En agglomération,Intersection en X,Normale,Deux véhicules - côté,,,,,,,,,,,1,2,2,1.0,3.0
201100042155,0011-09-14 09:35:00,11,9,14,9,35,780,624,RTE DE MAURECOURT,,,Plein jour,En agglomération,Hors intersection,Normale,Deux véhicules - arrière,,,,,,,,,,,1,2,1,1.0,2.0
201100042156,0011-09-15 20:10:00,11,9,15,20,10,780,498,BD ROBESPIERRE/H BIRON,,,Plein jour,En agglomération,Intersection en T,Normale,Autre collision,,,,,,,,,,,1,2,3,1.0,6.0
201100042157,0011-09-24 12:15:00,11,9,24,12,15,780,498,AV FOCH/VERSAILLES,,,Plein jour,En agglomération,Intersection en X,Normale,Deux véhicules - côté,,,,,,,,,,,1,2,2,1.0,3.0
201100042158,0011-09-26 20:50:00,11,9,26,20,50,780,123,AV DE L'HAUTIL,,,Nuit avec éclairage allumé,En agglomération,Hors intersection,Normale,Sans collision,,,,,,,,,,,5,2,1,1.0,7.0
201100042159,0011-09-27 18:50:00,11,9,27,18,50,780,498,AV MALADRERIE/PASCAL,,,Plein jour,En agglomération,Intersection en T,Normale,Autre collision,,,,,,,,,,,1,2,3,1.0,6.0
201100042160,0011-10-03 15:40:00,11,10,3,15,40,780,643,AV DE TRIEL/R J JAURES,,,Plein jour,En agglomération,Intersection en T,Normale,Deux véhicules - côté,,,,,,,,,,,1,2,3,1.0,3.0
201100042161,0011-10-07 23:00:00,11,10,7,23,0,780,643,AV DE TRIEL/R J JAURES,,,Nuit avec éclairage allumé,En agglomération,Intersection en T,Normale,Deux véhicules - côté,,,,,,,,,,,5,2,3,1.0,3.0
201100042162,0011-10-11 20:20:00,11,10,11,20,20,780,498,51 BD ROBESPIERRE,,,Nuit avec éclairage allumé,En agglomération,Hors intersection,Normale,Deux véhicules - côté,,,,,,,,,,,5,2,1,1.0,3.0
201100042163,0011-10-23 00:36:00,11,10,23,0,36,780,624,R DES BOIS/R GALANDE,,,Nuit avec éclairage allumé,En agglomération,Intersection en X,Normale,Autre collision,,,,,,,,,,,5,2,2,1.0,6.0
201100042164,0011-11-10 14:05:00,11,11,10,14,5,780,498,"16, RUE DU 11 NOV 1918",,,Plein jour,En agglomération,Hors intersection,Normale,Autre collision,,,,,,,,,,,1,2,1,1.0,6.0
201100042165,0011-11-16 17:35:00,11,11,16,17,35,780,123,RD 55,,,Nuit avec éclairage allumé,En agglomération,Hors intersection,Normale,Autre collision,,,,,,,,,,,5,2,1,1.0,6.0
201100042166,0011-11-28 18:35:00,11,11,28,18,35,780,498,AV URSULINES/DE GAULLE,,,Nuit avec éclairage allumé,En agglomération,Intersection en X,Normale,Autre collision,,,,,,,,,,,5,2,2,1.0,6.0
201100042167,0011-11-18 11:15:00,11,11,18,11,15,780,498,PLC DE LA REPUBLIQUE,,,Plein jour,En agglomération,Place,Normale,Autre collision,,,,,,,,,,,1,2,7,1.0,6.0
201100042168,0011-12-01 12:20:00,11,12,1,12,20,780,498,AV DU CEP/R ST LOUIS,,,Plein jour,En agglomération,Intersection en T,Pluie légère,Deux véhicules - arrière,,,,,,,,,,,1,2,3,2.0,2.0
201100042169,0011-12-12 10:00:00,11,12,12,10,0,780,123,RTE DE TRIEL,,,Plein jour,Hors agglomération,Hors intersection,Normale,Deux véhicules - côté,,,,,,,,,,,1,1,1,1.0,3.0
201100042170,0011-12-15 07:40:00,11,12,15,7,40,780,498,R DE LA GARE,,,Nuit avec éclairage allumé,En agglomération,Hors intersection,Normale,Deux véhicules - arrière,,,,,,,,,,,5,2,1,1.0,2.0
201100042171,0011-12-22 19:10:00,11,12,22,19,10,780,123,163 R CLAUDE MONET,,,Nuit avec éclairage allumé,En agglomération,Hors intersection,Normale,Deux véhicules - côté,,,,,,,,,,,5,2,1,1.0,3.0
201100042172,0011-12-20 16:00:00,11,12,20,16,0,780,498,R LIBERATION /11 NOVEMBR,,,Plein jour,En agglomération,Intersection en X,Normale,Deux véhicules - côté,,,,,,,,,,,1,2,2,1.0,3.0
201100042173,0011-01-26 13:15:00,11,1,26,13,15,780,642,CHE DU ROUILLARD,48.992,1.96136,Plein jour,En agglomération,Hors intersection,Pluie légère,Sans collision,,,,,,,,,,,1,2,1,2.0,7.0
201100042174,0011-02-09 23:45:00,11,2,9,23,45,780,498,R GARE/CRS 14 JUILET,48.9328,2.03867,Nuit avec éclairage allumé,En agglomération,Intersection en T,Normale,Autre collision,,,,,,,,,,,5,2,3,1.0,6.0
201100042175,0011-02-19 02:00:00,11,2,19,2,0,780,498,AV BON ROI SAINT LOUIS,48.9298,2.03667,Nuit avec éclairage allumé,Hors agglomération,Hors intersection,Normale,Autre collision,,,,,,,,,,,5,1,1,1.0,6.0
201100042176,0011-02-19 10:50:00,11,2,19,10,50,780,498,BD VICTOR HUGO/LEFEBVRE,48.9273,2.04585,Plein jour,En agglomération,Intersection en T,Pluie forte,Autre collision,,,,,,,,,,,1,2,3,3.0,6.0
201100042177,0011-03-27 19:15:00,11,3,27,19,15,780,624,R DOUMER/ST MARTIN,48.9745,2.00672,Plein jour,En agglomération,Intersection en X,Normale,Deux véhicules - côté,,,,,,,,,,,1,2,2,1.0,3.0
201100042178,0011-04-10 17:25:00,11,4,10,17,25,780,498,COTE DES GRES,48.8953,1.99403,Plein jour,Hors agglomération,Hors intersection,Normale,Trois véhicules et plus - collisions multiples,,,,,,,,,,,1,1,1,1.0,5.0
201100042179,0011-04-17 18:30:00,11,4,17,18,30,780,498,2 R SAINT EXUPERY,48.9379,2.05582,Plein jour,En agglomération,Hors intersection,Normale,Deux véhicules - côté,,,,,,,,,,,1,2,1,1.0,3.0
201100042180,0011-04-25 18:25:00,11,4,25,18,25,780,123,103 R DE LA REVERIE,48.9415,2.01304,Plein jour,En agglomération,Hors intersection,Normale,Autre collision,,,,,,,,,,,1,2,1,1.0,6.0
201100042181,0011-04-26 20:20:00,11,4,26,20,20,780,498,R JP TIMBAUD,48.9391,2.04829,Plein jour,En agglomération,Giratoire,Normale,Autre collision,,,,,,,,,,,1,2,6,1.0,6.0
201100042182,0011-04-23 20:15:00,11,4,23,20,15,780,642,CHE DU ROUILLARD,48.992,1.96128,Crépuscule ou aube,En agglomération,Hors intersection,Normale,Deux véhicules - côté,,,,,,,,,,,2,2,1,1.0,3.0
201100042183,0011-05-02 13:20:00,11,5,2,13,20,780,498,AV PONTOISE/ST SEBASTIEN,48.9371,2.05491,Plein jour,En agglomération,Intersection en X,Normale,Deux véhicules - côté,,,,,,,,,,,1,2,2,1.0,3.0
201100042184,0011-05-06 19:45:00,11,5,6,19,45,780,498,BD ROBESPIERRE/SEBASTIEN,48.9334,2.04907,Plein jour,En agglomération,Intersection en X,Normale,Deux véhicules - côté,,,,,,,,,,,1,2,2,1.0,3.0
201100042185,0011-06-12 19:15:00,11,6,12,19,15,780,624,R  LECOMTE/GALIENI,,,Plein jour,En agglomération,Intersection en X,Normale,Autre collision,,,,,,,,,,,1,2,2,1.0,6.0
201100042186,0011-06-20 09:10:00,11,6,20,9,10,780,624,R DE L'HAUTIL/LECLERC,,,Plein jour,En agglomération,Intersection en X,Pluie légère,Trois véhicules et plus - collisions multiples,,,,,,,,,,,1,2,2,2.0,5.0
201100042187,0011-06-26 01:40:00,11,6,26,1,40,780,498,AV BON ROI SAINT LOUIS,,,Nuit avec éclairage allumé,En agglomération,Hors intersection,Normale,Autre collision,,,,,,,,,,,5,2,1,1.0,6.0
201100042188,0011-06-30 06:50:00,11,6,30,6,50,780,498,BD GAMBETTA,,,Plein jour,En agglomération,Hors intersection,Normale,Deux véhicules - côté,,,,,,,,,,,1,2,1,1.0,3.0
201100042189,0011-07-05 18:20:00,11,7,5,18,20,780,123,68 RTE D'ANDRESY,,,Plein jour,En agglomération,Hors intersection,Normale,Autre collision,,,,,,,,,,,1,2,1,1.0,6.0
201100042190,0011-09-01 12:50:00,11,9,1,12,50,780,498,PLACE VERTE,,,Plein jour,En agglomération,Giratoire,Normale,Deux véhicules - arrière,,,,,,,,,,,1,2,6,1.0,2.0
201100042191,0011-09-09 16:35:00,11,9,9,16,35,780,498,FOCH AV,,,Plein jour,En agglomération,Intersection en T,Normale,Autre collision,,,,,,,,,,,1,2,3,1.0,6.0
201100042192,0011-09-19 15:40:00,11,9,19,15,40,780,643,R JEAN JAURES,,,Plein jour,En agglomération,Hors intersection,Normale,Autre collision,,,,,,,,,,,1,2,1,1.0,6.0
201100042193,0011-09-09 13:20:00,11,9,9,13,20,780,123,BD PELLETIER/PSA,,,Plein jour,En agglomération,Intersection en T,Normale,Deux véhicules - côté,,,,,,,,,,,1,2,3,1.0,3.0
201100042194,0011-09-21 19:20:00,11,9,21,19,20,780,123,43 ALL DES LUPINS,,,Nuit avec éclairage allumé,En agglomération,Place,Normale,Autre collision,,,,,,,,,,,5,2,7,1.0,6.0
201100042195,0011-10-08 13:35:00,11,10,8,13,35,780,624,R DE CHANTELOUP/VERS RD1,,,Plein jour,En agglomération,Intersection en T,Normale,Deux véhicules - frontale,,,,,,,,,,,1,2,3,1.0,1.0
201100042196,0011-10-15 14:30:00,11,10,15,14,30,780,498,R TOURNELLE/URSULINES,,,Plein jour,En agglomération,Intersection en X,Normale,Trois véhicules et plus - collisions multiples,,,,,,,,,,,1,2,2,1.0,5.0
201100042197,0011-12-05 07:10:00,11,12,5,7,10,780,498,5 AV DES URSULINES,,,Nuit avec éclairage allumé,En agglomération,Hors intersection,Pluie légère,Deux véhicules - frontale,,,,,,,,,,,5,2,1,2.0,1.0
201100042198,0011-12-10 23:05:00,11,12,10,23,5,780,123,AV EUROPE / VANDERBILT,,,Nuit avec éclairage allumé,En agglomération,Intersection en T,Normale,Deux véhicules - arrière,,,,,,,,,,,5,2,3,1.0,2.0
201100042199,0011-12-09 21:25:00,11,12,9,21,25,780,624,RD1,,,Nuit avec éclairage non allumé,Hors agglomération,Hors intersection,Normale,Deux véhicules - arrière,,,,,,,,,,,4,1,1,1.0,2.0
201100042200,0011-12-13 17:45:00,11,12,13,17,45,780,498,AV F LEFEBVRE/MAL FOCH,,,Crépuscule ou aube,En agglomération,Intersection en X,Normale,Autre collision,,,,,,,,,,,2,2,2,1.0,6.0
201100042201,0011-12-16 19:45:00,11,12,16,19,45,780,498,41 CRS DU 14 JUILLET,,,Nuit avec éclairage allumé,Hors agglomération,Hors intersection,Pluie forte,Deux véhicules - côté,,,,,,,,,,,5,1,1,3.0,3.0
201100042202,0011-12-18 02:05:00,11,12,18,2,5,780,643,BD EUROPE/BOUDILLON,,,Nuit avec éclairage allumé,En agglomération,Giratoire,Pluie légère,Deux véhicules - frontale,,,,,,,,,,,5,2,6,2.0,1.0
201100042203,0011-01-07 08:10:00,11,1,7,8,10,780,269,D 906,48.639,1.79879,Crépuscule ou aube,Hors agglomération,Hors intersection,Pluie légère,Sans collision,,,,,,,,,,,2,1,1,2.0,7.0
201100042204,0011-01-13 21:40:00,11,1,13,21,40,780,517,D 937,48.6597,1.82677,Nuit sans éclairage public,Hors agglomération,Hors intersection,Normale,Deux véhicules - côté,,,,,,,,,,,3,1,1,1.0,3.0
201100042205,0011-01-16 04:13:00,11,1,16,4,13,780,220,RN 10/RD 202,48.7262,1.89337,Nuit avec éclairage allumé,Hors agglomération,Intersection en T,Normale,Deux véhicules - arrière,,,,,,,,,,,5,1,3,1.0,2.0
201100042206,0011-02-03 20:30:00,11,2,3,20,30,780,220,RN 10,48.734,1.90348,Nuit avec éclairage allumé,Hors agglomération,Hors intersection,Brouillard / fumée,Autre collision,,,,,,,,,,,5,1,1,5.0,6.0
201100042207,0011-03-12 19:15:00,11,3,12,19,15,780,220,RN 10,48.7274,1.89491,Nuit sans éclairage public,Hors agglomération,Hors intersection,Pluie légère,Deux véhicules - arrière,,,,,,,,,,,3,1,1,2.0,2.0
201100042208,0011-03-29 19:25:00,11,3,29,19,25,780,220,RN 10,48.7335,1.90286,Plein jour,Hors agglomération,Hors intersection,Normale,Trois véhicules et plus - en chaîne,,,,,,,,,,,1,1,1,1.0,4.0
201100042209,0011-03-30 13:00:00,11,3,30,13,0,780,486,RN 10,48.6772,1.84104,Plein jour,Hors agglomération,Hors intersection,Normale,Autre collision,,,,,,,,,,,1,1,1,1.0,6.0
201100042210,0011-04-13 21:45:00,11,4,13,21,45,780,517,13 R RAYMOND PATENOTRE,48.6413,1.83026,Nuit avec éclairage allumé,En agglomération,Hors intersection,Normale,Deux véhicules - arrière,,,,,,,,,,,5,2,1,1.0,2.0
201100042211,0011-04-21 11:20:00,11,4,21,11,20,780,517,R DU CLOS BATANT(PRKG),48.6482,1.8559,Plein jour,En agglomération,Hors intersection,Temps éblouissant,Autre collision,,,,,,,,,,,1,2,1,7.0,6.0
201100042212,0011-04-27 18:55:00,11,4,27,18,55,780,517,R D'ORPHIN,48.6293,1.82669,Plein jour,En agglomération,Hors intersection,Normale,Autre collision,,,,,,,,,,,1,2,1,1.0,6.0
201100042213,0011-04-29 17:15:00,11,4,29,17,15,780,517,R DE LA LOUVIERE(PARKG),48.6452,1.849,Plein jour,En agglomération,Hors intersection,Normale,Deux véhicules - arrière,,,,,,,,,,,1,2,1,1.0,2.0
201100042214,0011-05-12 08:15:00,11,5,12,8,15,780,517,R DE LA LOUVIERE,48.6432,1.83421,Plein jour,En agglomération,Hors intersection,Temps éblouissant,Autre collision,,,,,,,,,,,1,2,1,7.0,6.0
201100042215,0011-05-12 13:05:00,11,5,12,13,5,780,517,R CHOPIN/BACH,48.65,1.85051,Plein jour,En agglomération,Intersection en T,Normale,Deux véhicules - frontale,,,,,,,,,,,1,2,3,1.0,1.0
201100042216,0011-06-25 14:50:00,11,6,25,14,50,780,269,RTE BRAY/CHARBONNIERE,,,Plein jour,Hors agglomération,Intersection en T,Normale,Deux véhicules - côté,,,,,,,,,,,1,1,3,1.0,3.0
201100042217,0011-07-10 18:15:00,11,7,10,18,15,780,220,R GEORGES POMPIDOU,,,Plein jour,Hors agglomération,Hors intersection,Normale,Deux véhicules - frontale,,,,,,,,,,,1,1,1,1.0,1.0
201100042218,0011-08-03 13:35:00,11,8,3,13,35,780,517,RN 10,,,Plein jour,Hors agglomération,Hors intersection,Normale,Deux véhicules - arrière,,,,,,,,,,,1,1,1,1.0,2.0
201100042219,0011-08-09 22:05:00,11,8,9,22,5,780,220,RD 191,,,Nuit sans éclairage public,En agglomération,Hors intersection,Normale,Autre collision,,,,,,,,,,,3,2,1,1.0,6.0
201100042220,0011-09-03 16:30:00,11,9,3,16,30,780,486,R PONT MARQUANT/ENFANTS,,,Plein jour,En agglomération,Intersection en T,Normale,Autre collision,,,,,,,,,,,1,2,3,1.0,6.0
201100042221,0011-09-10 17:45:00,11,9,10,17,45,780,517,44 R DE GROUSSAY,,,Plein jour,En agglomération,Hors intersection,Normale,Autre collision,,,,,,,,,,,1,2,1,1.0,6.0
201100042222,0011-09-15 21:40:00,11,9,15,21,40,780,220,RN 10,,,Nuit sans éclairage public,Hors agglomération,Hors intersection,Normale,Deux véhicules - côté,,,,,,,,,,,3,1,1,1.0,3.0
201100042223,0011-09-19 16:55:00,11,9,19,16,55,780,220,RN 10/RD 202,,,Plein jour,Hors agglomération,Intersection en T,Normale,Trois véhicules et plus - collisions multiples,,,,,,,,,,,1,1,3,1.0,5.0