accident_id,datetime,annee,mois,jour,heure,minute,departement,commune_insee,adresse,latitude,longitude,luminosite,agglomeration,intersection,meteo,collision,nb_vehicules,nb_usagers,nb_indemnes,nb_tues,nb_blesses_hosp,nb_blesses_legers,age_cond_1,age_cond_2,veh_type_cond_1,veh_type_cond_2,lum_code,agg_code,int_code,atm_code,col_code
201100042224,0011-09-30 14:20:00,11,9,30,14,20,780,517,RN 10,,,Plein jour,Hors agglomération,Hors intersection,Normale,Sans collision,,,,,,,,,,,1,1,1,1.0,7.0
201100042225,0011-10-15 16:30:00,11,10,15,16,30,780,517,PLC DE LA LIBERATION,,,Plein jour,En agglomération,Hors intersection,Normale,Autre collision,,,,,,,,,,,1,2,1,1.0,6.0
201100042226,0011-11-03 08:30:00,11,11,3,8,30,780,517,RN 10,,,Plein jour,Hors agglomération,Hors intersection,Pluie forte,Trois véhicules et plus - collisions multiples,,,,,,,,,,,1,1,1,3.0,5.0
201100042227,0011-11-10 15:35:00,11,11,10,15,35,780,220,RD 191,,,Plein jour,Hors agglomération,Hors intersection,Normale,Deux véhicules - côté,,,,,,,,,,,1,1,1,1.0,3.0
201100042228,0011-11-14 08:16:00,11,11,14,8,16,780,220,RN 10,,,Plein jour,Hors agglomération,Hors intersection,Normale,Trois véhicules et plus - collisions multiples,,,,,,,,,,,1,1,1,1.0,5.0
201100042229,0011-11-30 08:15:00,11,11,30,8,15,780,517,"36, LENOTRE (RUE G.)",,,Crépuscule ou aube,En agglomération,Intersection en T,Normale,Autre collision,,,,,,,,,,,2,2,3,1.0,6.0
201100042230,0011-12-01 23:50:00,11,12,1,23,50,780,269,R DU CHATEAU D'EAU,,,Nuit sans éclairage public,Hors agglomération,Hors intersection,Pluie légère,Autre collision,,,,,,,,,,,3,1,1,2.0,6.0
201100042231,0011-12-09 11:15:00,11,12,9,11,15,780,517,R DU MUGUET/VILLENEUVE,,,Plein jour,En agglomération,Intersection en Y,Pluie légère,Deux véhicules - frontale,,,,,,,,,,,1,2,4,2.0,1.0
201100042232,0011-12-10 07:35:00,11,12,10,7,35,780,517,RN 10,,,Nuit sans éclairage public,Hors agglomération,Hors intersection,Normale,Autre collision,,,,,,,,,,,3,1,1,1.0,6.0
201100042233,0011-12-12 14:55:00,11,12,12,14,55,780,517,R SADI CARNOT/PRUD'HOMME,,,Plein jour,En agglomération,Intersection en X,Normale,Autre collision,,,,,,,,,,,1,2,2,1.0,6.0
201100042234,0011-12-16 13:10:00,11,12,16,13,10,780,517,R COMMUNE/QU L'ETANG,,,Plein jour,En agglomération,Intersection en X,Normale,Autre collision,,,,,,,,,,,1,2,2,1.0,6.0
201100042235,0011-01-14 18:15:00,11,1,14,18,15,780,545,AV COL FABIEN/R LEFEBVRE,48.8055,2.06263,Nuit avec éclairage non allumé,En agglomération,Intersection en T,Pluie légère,Autre collision,,,,,,,,,,,4,2,3,2.0,6.0
201100042236,0011-02-11 20:00:00,11,2,11,20,0,780,73,VAILLANT-COUTURIER/RAVEL,48.8013,2.026,Nuit avec éclairage allumé,En agglomération,Intersection en X,Normale,Deux véhicules - côté,,,,,,,,,,,5,2,2,1.0,3.0
201100042237,0011-02-23 21:30:00,11,2,23,21,30,780,242,AV DE LA REPUBLIQUE,48.8097,2.04296,Nuit sans éclairage public,En agglomération,Giratoire,Pluie légère,Autre collision,,,,,,,,,,,3,2,6,2.0,6.0
201100042238,0011-03-04 10:20:00,11,3,4,10,20,780,545,R G PERI/L SAMPAIX,48.8033,2.05935,Plein jour,En agglomération,Intersection en T,Normale,Deux véhicules - côté,,,,,,,,,,,1,2,3,1.0,3.0
201100042239,0011-03-14 17:12:00,11,3,14,17,12,780,545,AV DE GAULLE/PETIT CHAMP,48.8044,2.07174,Plein jour,En agglomération,Intersection en X,Normale,Deux véhicules - côté,,,,,,,,,,,1,2,2,1.0,3.0
201100042240,0011-03-30 17:00:00,11,3,30,17,0,780,73,STADE JEAN MOULIN,48.804,2.03291,Plein jour,En agglomération,Hors intersection,Pluie forte,Deux véhicules - frontale,,,,,,,,,,,1,2,1,3.0,1.0
201100042241,0011-04-27 16:40:00,11,4,27,16,40,780,545,CHE DES AVENUES,48.7935,2.06339,Plein jour,Hors agglomération,Hors intersection,Normale,Deux véhicules - côté,,,,,,,,,,,1,1,1,1.0,3.0
201100042242,0011-05-25 17:20:00,11,5,25,17,20,780,242,AV REPUBLIQUE/V HUGO,48.8105,2.04114,Plein jour,En agglomération,Intersection en X,Normale,Autre collision,,,,,,,,,,,1,2,2,1.0,6.0
201100042243,0011-06-14 10:05:00,11,6,14,10,5,780,73,AV JAURES/TURPAULT,,,Plein jour,En agglomération,Intersection en X,Pluie légère,Autre collision,,,,,,,,,,,1,2,2,2.0,6.0
201100042244,0011-07-07 18:35:00,11,7,7,18,35,780,545,R GABRIEL PERI/L SAMPAIX,,,Plein jour,En agglomération,Intersection en T,Normale,Deux véhicules - côté,,,,,,,,,,,1,2,3,1.0,3.0
201100042245,0011-09-17 20:35:00,11,9,17,20,35,780,545,AV CURIE/DIMITROV,,,Nuit avec éclairage allumé,En agglomération,Intersection en T,Temps couvert,Autre collision,,,,,,,,,,,5,2,3,8.0,6.0
201100042246,0011-10-03 14:20:00,11,10,3,14,20,780,73,R A TURPAULT/VAILLANT C,,,Plein jour,En agglomération,Intersection en X,Normale,Autre collision,,,,,,,,,,,1,2,2,1.0,6.0
201100042247,0011-01-02 13:50:00,11,1,2,13,50,780,551,RN 184,48.9215,2.08291,Plein jour,Hors agglomération,Hors intersection,Autre,Deux véhicules - côté,,,,,,,,,,,1,1,1,9.0,3.0
201100042248,0011-12-29 13:35:00,11,12,29,13,35,780,551,RN 184,,,Plein jour,Hors agglomération,Hors intersection,Normale,Trois véhicules et plus - collisions multiples,,,,,,,,,,,1,1,1,1.0,5.0
201100042249,0011-01-05 20:50:00,11,1,5,20,50,780,551,RN 184,48.9451,2.09523,Nuit sans éclairage public,Hors agglomération,Hors intersection,Pluie forte,Autre collision,,,,,,,,,,,3,1,1,3.0,6.0
201100042250,0011-01-12 08:05:00,11,1,12,8,5,780,551,R DE LA PAROISSE,48.898,2.09408,Nuit avec éclairage allumé,En agglomération,Hors intersection,Pluie légère,Autre collision,,,,,,,,,,,5,2,1,2.0,6.0
201100042251,0011-12-03 13:55:00,11,12,3,13,55,780,481,AV DE LATTRE DE TASSIGNY,,,Plein jour,Hors agglomération,Hors intersection,Normale,Autre collision,,,,,,,,,,,1,1,1,1.0,6.0
201100042252,0011-02-03 07:25:00,11,2,3,7,25,780,551,5 R DE PONTOISE,48.8991,2.09343,Nuit avec éclairage allumé,En agglomération,Hors intersection,Normale,Autre collision,,,,,,,,,,,5,2,1,1.0,6.0
201100042253,0011-02-12 12:40:00,11,2,12,12,40,780,551,67 R DE POLOGNE,48.8981,2.08815,Plein jour,En agglomération,Hors intersection,Normale,Autre collision,,,,,,,,,,,1,2,1,1.0,6.0
201100042254,0011-03-28 12:30:00,11,3,28,12,30,780,133,RD 113,48.8996,2.06806,Plein jour,Hors agglomération,Intersection en X,Normale,Deux véhicules - côté,,,,,,,,,,,1,1,2,1.0,3.0
201100042255,0011-04-02 20:15:00,11,4,2,20,15,780,551,R DE MONTARDAT/JOUERIES,48.8962,2.08949,Plein jour,En agglomération,Intersection en T,Normale,Autre collision,,,,,,,,,,,1,2,3,1.0,6.0
201100042256,0011-04-08 16:20:00,11,4,8,16,20,780,551,RD 308/CV 10,48.9394,2.07602,Plein jour,Hors agglomération,Intersection en X,Normale,Deux véhicules - côté,,,,,,,,,,,1,1,2,1.0,3.0
201100042257,0011-05-11 11:40:00,11,5,11,11,40,780,133,RTE MANTES/CLOS FAMILLE,,,Plein jour,En agglomération,Intersection en X,Normale,Deux véhicules - côté,,,,,,,,,,,1,2,2,1.0,3.0
201100042258,0011-04-10 00:20:00,11,4,10,0,20,780,551,RN 184/RD 190,48.9103,2.07446,Nuit avec éclairage allumé,En agglomération,Intersection en X,Normale,Deux véhicules - côté,,,,,,,,,,,5,2,2,1.0,3.0
201100042259,0011-04-28 22:35:00,11,4,28,22,35,780,551,R DE FOURQUEUX/N 13,48.8926,2.08267,Nuit avec éclairage allumé,En agglomération,Intersection en Y,Normale,Deux véhicules - côté,,,,,,,,,,,5,2,4,1.0,3.0
201100042260,0011-04-20 09:55:00,11,4,20,9,55,780,481,AV GAL LECLERC/BERTRAND,48.8893,2.09863,Plein jour,En agglomération,Intersection en X,Normale,Autre collision,,,,,,,,,,,1,2,2,1.0,6.0
201100042261,0011-05-20 08:20:00,11,5,20,8,20,780,551,RN 13,48.8918,2.08293,Plein jour,Hors agglomération,Hors intersection,Normale,Deux véhicules - côté,,,,,,,,,,,1,1,1,1.0,3.0
201100042262,0011-05-21 12:00:00,11,5,21,12,0,780,481,AV JAURES/R PROGRES,48.898,2.11073,Plein jour,En agglomération,Intersection en X,Normale,Trois véhicules et plus - collisions multiples,,,,,,,,,,,1,2,2,1.0,5.0
201100042263,0011-06-09 20:20:00,11,6,9,20,20,780,481,AV CHARLES DE GAULLE,,,Plein jour,En agglomération,Intersection à plus de 4 branches,Normale,Deux véhicules - côté,,,,,,,,,,,1,2,5,1.0,3.0
201100042264,0011-06-10 22:20:00,11,6,10,22,20,780,481,AV CHARLES DE GAULLE,,,Plein jour,En agglomération,Hors intersection,Normale,Autre collision,,,,,,,,,,,1,2,1,1.0,6.0
201100042265,0011-06-25 22:30:00,11,6,25,22,30,780,551,PLC JEHAN ALAIN,,,Crépuscule ou aube,En agglomération,Place,Normale,Deux véhicules - frontale,,,,,,,,,,,2,2,7,1.0,1.0
201100042266,0011-05-05 09:05:00,11,5,5,9,5,780,551,N13/CHEMIN VERT,48.7254,1.8924,Plein jour,En agglomération,Intersection en T,Normale,Deux véhicules - côté,,,,,,,,,,,1,2,3,1.0,3.0
201100042267,0011-06-22 15:40:00,11,6,22,15,40,780,551,R GRANDE FONTAINE (PRKG),,,Plein jour,En agglomération,Hors intersection,Normale,Autre collision,,,,,,,,,,,1,2,1,1.0,6.0
201100042268,0011-07-11 19:45:00,11,7,11,19,45,780,551,RN 184,,,Plein jour,Hors agglomération,Hors intersection,Normale,Trois véhicules et plus - collisions multiples,,,,,,,,,,,1,1,1,1.0,5.0
201100042269,0011-07-23 21:00:00,11,7,23,21,0,780,481,AV CHARLES DE GAULLE,,,Plein jour,En agglomération,Hors intersection,Normale,Deux véhicules - arrière,,,,,,,,,,,1,2,1,1.0,2.0
201100042270,0011-07-11 18:10:00,11,7,11,18,10,780,551,R PEREIRE/PARC PEREIRE,,,Plein jour,En agglomération,Intersection en T,Normale,Deux véhicules - côté,,,,,,,,,,,1,2,3,1.0,3.0
201100042271,0011-08-18 16:50:00,11,8,18,16,50,780,551,RN 13,,,Plein jour,Hors agglomération,Hors intersection,Normale,Deux véhicules - côté,,,,,,,,,,,1,1,1,1.0,3.0
201100042272,0011-09-28 19:15:00,11,9,28,19,15,780,551,BD HECTOR BERLIOZ,,,Plein jour,En agglomération,Hors intersection,Normale,Autre collision,,,,,,,,,,,1,2,1,1.0,6.0
201100042273,0011-11-02 12:10:00,11,11,2,12,10,780,7,RD 30/CH FERME POULT,,,Plein jour,Hors agglomération,Intersection en T,Normale,Deux véhicules - arrière,,,,,,,,,,,1,1,3,1.0,2.0
201100042274,0011-11-13 15:45:00,11,11,13,15,45,780,551,"ignor?, CENTRALE (ROUTE)",,,Plein jour,Hors agglomération,Hors intersection,Normale,Autre collision,,,,,,,,,,,1,1,1,1.0,6.0
201100042275,0011-11-16 21:10:00,11,11,16,21,10,780,551,R DE FOURQUEUX/RN 13,,,Nuit avec éclairage allumé,En agglomération,Intersection en X,Normale,Autre collision,,,,,,,,,,,5,2,2,1.0,6.0
201100042276,0011-11-05 11:40:00,11,11,5,11,40,780,551,AV DU PROFESSEUR ROUX,,,Plein jour,En agglomération,Hors intersection,Temps couvert,Autre collision,,,,,,,,,,,1,2,1,8.0,6.0
201100042277,0011-06-30 13:15:00,11,6,30,13,15,780,551,RN 184/RD 308,,,Plein jour,Hors agglomération,Intersection en X,Normale,Deux véhicules - côté,,,,,,,,,,,1,1,2,1.0,3.0
201100042278,0011-12-05 13:50:00,11,12,5,13,50,780,481,7 QUAI VOLTAIRE,,,Plein jour,En agglomération,Autre intersection,Normale,Deux véhicules - côté,,,,,,,,,,,1,2,9,1.0,3.0
201100042279,0011-12-10 18:30:00,11,12,10,18,30,780,551,RN 184,,,Nuit sans éclairage public,Hors agglomération,Hors intersection,Normale,Autre collision,,,,,,,,,,,3,1,1,1.0,6.0
201100042280,0011-12-16 16:00:00,11,12,16,16,0,780,551,AV GUILLAUME TAILLEVANT,,,Plein jour,En agglomération,Hors intersection,Temps couvert,Trois véhicules et plus - collisions multiples,,,,,,,,,,,1,2,1,8.0,5.0
201100042281,0011-12-07 19:05:00,11,12,7,19,5,780,551,AV MAL FOCH/R D'ALGER,,,Nuit avec éclairage allumé,En agglomération,Intersection en T,Pluie légère,Autre collision,,,,,,,,,,,5,2,3,2.0,6.0
201100042282,0011-12-13 08:45:00,11,12,13,8,45,780,481,5 AV DE LA PAIX,,,Plein jour,En agglomération,Hors intersection,Pluie forte,Deux véhicules - côté,,,,,,,,,,,1,2,1,3.0,3.0
201100042283,0011-12-12 11:40:00,11,12,12,11,40,780,481,PONT GEORGES POMPIDOU,,,Plein jour,En agglomération,Hors intersection,Temps couvert,Trois véhicules et plus - en chaîne,,,,,,,,,,,1,2,1,8.0,4.0
201100042284,0011-01-05 17:52:00,11,1,5,17,52,780,586,RD 308,48.9444,2.1591,Crépuscule ou aube,En agglomération,Hors intersection,Normale,Deux véhicules - arrière,,,,,,,,,,,2,2,1,1.0,2.0
201100042285,0011-09-28 15:55:00,11,9,28,15,55,780,586,AV MAURICE BERTEAUX,,,Plein jour,En agglomération,Hors intersection,Normale,Deux véhicules - arrière,,,,,,,,,,,1,2,1,1.0,2.0
201100042286,0011-12-16 13:10:00,11,12,16,13,10,780,586,AV BERTEAUX/CONVENTION,,,Plein jour,En agglomération,Intersection en X,Normale,Trois véhicules et plus - collisions multiples,,,,,,,,,,,1,2,2,1.0,5.0
201100042287,0011-12-04 17:30:00,11,12,4,17,30,780,586,AV CONVENTION/LAMARTINE,,,Nuit avec éclairage allumé,En agglomération,Intersection en T,Pluie forte,Autre collision,,,,,,,,,,,5,2,3,3.0,6.0
201100042288,0011-01-02 10:15:00,11,1,2,10,15,780,586,R MAUPASSANT/FRETTE,48.9474,2.17104,Plein jour,En agglomération,Giratoire,Normale,Deux véhicules - côté,,,,,,,,,,,1,2,6,1.0,3.0
201100042289,0011-02-06 01:00:00,11,2,6,1,0,780,586,AV CONVENTION/LAMARTINE,48.9334,2.16633,Nuit avec éclairage allumé,En agglomération,Intersection en X,Normale,Deux véhicules - arrière,,,,,,,,,,,5,2,2,1.0,2.0
201100042290,0011-02-28 17:10:00,11,2,28,17,10,780,586,J MERMOZ / P LANGEVIN,48.9433,2.17081,Plein jour,En agglomération,Intersection en X,Normale,Autre collision,,,,,,,,,,,1,2,2,1.0,6.0
201100042291,0011-02-27 14:50:00,11,2,27,14,50,780,586,FLAUBERT/ST EXUPERY,48.9457,2.19449,Plein jour,En agglomération,Intersection en T,Normale,Deux véhicules - côté,,,,,,,,,,,1,2,3,1.0,3.0
201100042292,0011-03-01 07:08:00,11,3,1,7,8,780,586,171 AV CLEMENCEAU,48.9419,2.19996,Plein jour,En agglomération,Hors intersection,Normale,Autre collision,,,,,,,,,,,1,2,1,1.0,6.0
201100042293,0011-03-21 15:00:00,11,3,21,15,0,780,586,R SAINT-EXUPERY,48.9448,2.1946,Plein jour,En agglomération,Autre intersection,Normale,Deux véhicules - côté,,,,,,,,,,,1,2,9,1.0,3.0
201100042294,0011-04-08 13:25:00,11,4,8,13,25,780,586,BAUDELAIRE/BROSSOLETTE,48.94,2.1954,Plein jour,En agglomération,Intersection en Y,Normale,Deux véhicules - arrière,,,,,,,,,,,1,2,4,1.0,2.0
201100042295,0011-04-10 17:15:00,11,4,10,17,15,780,586,R BERTEAUX/VOLTAIRE,48.9383,2.17061,Plein jour,En agglomération,Intersection en X,Normale,Deux véhicules - côté,,,,,,,,,,,1,2,2,1.0,3.0
201100042296,0011-04-14 20:05:00,11,4,14,20,5,780,586,R LAMARTINE (PRKG GARE),48.9351,2.16187,Plein jour,En agglomération,Hors intersection,Normale,Autre collision,,,,,,,,,,,1,2,1,1.0,6.0
201100042297,0011-04-16 15:50:00,11,4,16,15,50,950,18,RTE DE PONTOISE,48.9471,2.2061,Plein jour,En agglomération,Hors intersection,Normale,Autre collision,,,,,,,,,,,1,2,1,1.0,6.0
201100042298,0011-04-18 18:25:00,11,4,18,18,25,780,586,BD BEZONS/PRKG,48.9406,2.18711,Plein jour,En agglomération,Intersection en T,Normale,Deux véhicules - côté,,,,,,,,,,,1,2,3,1.0,3.0
201100042299,0011-04-21 15:05:00,11,4,21,15,5,780,586,R DE STALINGRAD/DR ROUX,48.9463,2.16844,Plein jour,En agglomération,Intersection en T,Normale,Autre collision,,,,,,,,,,,1,2,3,1.0,6.0
201100042300,0011-05-02 14:20:00,11,5,2,14,20,780,586,AV SCHUMAN/DE GAULLE,48.9449,2.18064,Plein jour,En agglomération,Intersection en X,Normale,Deux véhicules - côté,,,,,,,,,,,1,2,2,1.0,3.0
201100042301,0011-04-19 09:10:00,11,4,19,9,10,780,586,AV REPUBLIQUE/R MICHELET,48.9374,2.15616,Plein jour,En agglomération,Intersection en T,Normale,Autre collision,,,,,,,,,,,1,2,3,1.0,6.0
201100042302,0011-05-10 09:05:00,11,5,10,9,5,780,586,R VOLTAIRE/VAILLANT,48.9423,2.17267,Plein jour,En agglomération,Intersection en X,Normale,Deux véhicules - frontale,,,,,,,,,,,1,2,2,1.0,1.0
201100042303,0011-05-05 18:50:00,11,5,5,18,50,780,586,GALILEE/CONVENTION,48.9354,2.16823,Plein jour,En agglomération,Intersection en T,Normale,Deux véhicules - côté,,,,,,,,,,,1,2,3,1.0,3.0
201100042304,0011-06-09 17:20:00,11,6,9,17,20,780,586,R DU BERRY/LAKANAL,,,Plein jour,En agglomération,Intersection en T,Normale,Deux véhicules - côté,,,,,,,,,,,1,2,3,1.0,3.0
201100042305,0011-07-01 22:10:00,11,7,1,22,10,780,586,RTE DE CORMEILLES,,,Nuit avec éclairage allumé,En agglomération,Hors intersection,Normale,Deux véhicules - côté,,,,,,,,,,,5,2,1,1.0,3.0
201100042306,0011-07-04 16:20:00,11,7,4,16,20,780,586,AV DE LA REPUBLIQUE,,,Plein jour,En agglomération,Hors intersection,Normale,Autre collision,,,,,,,,,,,1,2,1,1.0,6.0
201100042307,0011-07-13 15:40:00,11,7,13,15,40,780,586,R FRANKLIN/MONTGOLFIER,,,Plein jour,En agglomération,Intersection en X,Normale,Deux véhicules - arrière,,,,,,,,,,,1,2,2,1.0,2.0
201100042308,0011-08-18 17:00:00,11,8,18,17,0,780,586,AV CONVENTION/R CARNOT,,,Plein jour,En agglomération,Intersection en T,Normale,Deux véhicules - côté,,,,,,,,,,,1,2,3,1.0,3.0
201100042309,0011-09-10 03:45:00,11,9,10,3,45,780,586,R HENRI PIERSON,,,Nuit avec éclairage non allumé,En agglomération,Hors intersection,Normale,Sans collision,,,,,,,,,,,4,2,1,1.0,7.0
201100042310,0011-09-15 18:24:00,11,9,15,18,24,780,586,R J MERMOZ/R DES MOULINS,,,Plein jour,En agglomération,Intersection en X,Normale,Deux véhicules - côté,,,,,,,,,,,1,2,2,1.0,3.0
201100042311,0011-09-09 17:30:00,11,9,9,17,30,780,586,R DE SOISSONS/AV RUDE,,,Plein jour,En agglomération,Intersection en T,Temps éblouissant,Deux véhicules - frontale,,,,,,,,,,,1,2,3,7.0,1.0
201100042312,0011-09-21 13:15:00,11,9,21,13,15,780,586,R DUPLEIX/ESTIENNE D'ORV,,,Plein jour,En agglomération,Intersection en X,Normale,Autre collision,,,,,,,,,,,1,2,2,1.0,6.0
201100042313,0011-09-27 18:45:00,11,9,27,18,45,780,586,AV J JAURES/L MICHEL,,,Plein jour,En agglomération,Intersection en T,Temps éblouissant,Deux véhicules - côté,,,,,,,,,,,1,2,3,7.0,3.0
201100042314,0011-09-30 17:50:00,11,9,30,17,50,780,586,95 RTE DES CORMEILLES,,,Plein jour,En agglomération,Hors intersection,Temps éblouissant,Deux véhicules - côté,,,,,,,,,,,1,2,1,7.0,3.0
201100042315,0011-09-27 13:34:00,11,9,27,13,34,780,586,83 R DE STALINGRAD,,,Plein jour,En agglomération,Hors intersection,Normale,Autre collision,,,,,,,,,,,1,2,1,1.0,6.0
201100042316,0011-09-19 16:00:00,11,9,19,16,0,780,586,87 R DE TOBROUK,,,Plein jour,En agglomération,Hors intersection,Normale,Deux véhicules - côté,,,,,,,,,,,1,2,1,1.0,3.0
201100042317,0011-09-26 20:30:00,11,9,26,20,30,780,586,AV CLEMENCEAU/P BERT,,,Plein jour,En agglomération,Intersection en X,Normale,Deux véhicules - frontale,,,,,,,,,,,1,2,2,1.0,1.0
201100042318,0011-10-11 02:15:00,11,10,11,2,15,780,586,238 AV GORGES CLEMENCEAU,,,Nuit avec éclairage allumé,En agglomération,Hors intersection,Normale,Autre collision,,,,,,,,,,,5,2,1,1.0,6.0
201100042319,0011-10-15 13:50:00,11,10,15,13,50,780,586,R VOLTAIRE/TEMPLE,,,Plein jour,En agglomération,Intersection en T,Temps éblouissant,Deux véhicules - côté,,,,,,,,,,,1,2,3,7.0,3.0
201100042320,0011-10-17 23:05:00,11,10,17,23,5,780,586,AV M BERTEAUX/R VOLTAIRE,,,Nuit avec éclairage allumé,En agglomération,Intersection en X,Normale,Deux véhicules - côté,,,,,,,,,,,5,2,2,1.0,3.0
201100042321,0011-10-20 08:28:00,11,10,20,8,28,780,586,73 AV DE LA REPUBLIQUE,,,Plein jour,En agglomération,Hors intersection,Temps éblouissant,Autre collision,,,,,,,,,,,1,2,1,7.0,6.0
201100042322,0011-09-29 14:50:00,11,9,29,14,50,780,586,22 R LAKANAL,,,Plein jour,En agglomération,Hors intersection,Normale,Deux véhicules - frontale,,,,,,,,,,,1,2,1,1.0,1.0
201100042323,0011-11-19 14:40:00,11,11,19,14,40,780,586,VO EXPRESS/R TOCQUEVILLE,,,Plein jour,En agglomération,Intersection en Y,Temps éblouissant,Deux véhicules - frontale,,,,,,,,,,,1,2,4,7.0,1.0
201100042324,0011-11-26 18:30:00,11,11,26,18,30,780,586,AV H BARBUSSE/BAUDELAIRE,,,Nuit avec éclairage allumé,En agglomération,Intersection en Y,Normale,Deux véhicules - côté,,,,,,,,,,,5,2,4,1.0,3.0
201100042325,0011-12-02 15:45:00,11,12,2,15,45,780,586,R JEAN NICOLLE/JAURES,,,Plein jour,En agglomération,Intersection en T,Normale,Autre collision,,,,,,,,,,,1,2,3,1.0,6.0
201100042326,0011-12-13 13:30:00,11,12,13,13,30,780,586,R JEAN MOULIN/J R BLOCH,,,Plein jour,En agglomération,Intersection en T,Normale,Deux véhicules - côté,,,,,,,,,,,1,2,3,1.0,3.0
201100042327,0011-02-16 22:55:00,11,2,16,22,55,780,621,R DE LA REPUBLIQUE,48.7768,1.99967,Nuit avec éclairage allumé,En agglomération,Hors intersection,Normale,Autre collision,,,,,,,,,,,5,2,1,1.0,6.0
201100042328,0011-03-04 08:25:00,11,3,4,8,25,780,621,AV GEORGES POLITZER,48.7672,1.98793,Plein jour,En agglomération,Hors intersection,Normale,Autre collision,,,,,,,,,,,1,2,1,1.0,6.0
201100042329,0011-03-12 19:25:00,11,3,12,19,25,780,621,RN 10,48.7783,2.00487,Nuit avec éclairage allumé,Hors agglomération,Hors intersection,Pluie légère,Trois véhicules et plus - en chaîne,,,,,,,,,,,5,1,1,2.0,4.0
201100042330,0011-03-22 10:00:00,11,3,22,10,0,780,621,AV DE L'ARMEE LECLERC,48.7736,1.99406,Plein jour,En agglomération,Hors intersection,Normale,Autre collision,,,,,,,,,,,1,2,1,1.0,6.0
201100042331,0011-03-22 13:30:00,11,3,22,13,30,780,621,AV JEAN PIERRE TIMBAUD,48.7838,1.97215,Plein jour,En agglomération,Hors intersection,Normale,Deux véhicules - frontale,,,,,,,,,,,1,2,1,1.0,1.0
201100042332,0011-03-09 09:20:00,11,3,9,9,20,780,621,R P LANGEVIN/J MOULIN,48.7773,1.99643,Plein jour,En agglomération,Intersection en X,Normale,Autre collision,,,,,,,,,,,1,2,2,1.0,6.0
201100042333,0011-03-26 00:10:00,11,3,26,0,10,780,621,RN 10 / RD 912,48.7792,2.0078,Nuit avec éclairage allumé,En agglomération,Intersection en X,Normale,Deux véhicules - côté,,,,,,,,,,,5,2,2,1.0,3.0
201100042334,0011-03-24 08:50:00,11,3,24,8,50,780,621,AV VERLAINE / RD912,48.7854,1.98676,Plein jour,En agglomération,Intersection en T,Normale,Deux véhicules - côté,,,,,,,,,,,1,2,3,1.0,3.0
201100042335,0011-03-29 11:00:00,11,3,29,11,0,780,621,R KOPRIVNICE (PRKG),48.7781,1.98826,Plein jour,En agglomération,Hors intersection,Normale,Autre collision,,,,,,,,,,,1,2,1,1.0,6.0
201100042336,0011-06-04 17:15:00,11,6,4,17,15,780,621,RN 10,,,Plein jour,Hors agglomération,Hors intersection,Normale,Deux véhicules - arrière,,,,,,,,,,,1,1,1,1.0,2.0
201100042337,0011-06-22 06:25:00,11,6,22,6,25,780,621,RN 10/RD 23,,,Plein jour,En agglomération,Intersection en X,Normale,Deux véhicules - arrière,,,,,,,,,,,1,2,2,1.0,2.0
201100042338,0011-07-07 13:25:00,11,7,7,13,25,780,621,RN 10,,,Plein jour,Hors agglomération,Hors intersection,Normale,Sans collision,,,,,,,,,,,1,1,1,1.0,7.0
201100042339,0011-08-23 04:30:00,11,8,23,4,30,780,621,AV SALVADOR ALLENDE,,,Nuit avec éclairage allumé,En agglomération,Hors intersection,Normale,Deux véhicules - frontale,,,,,,,,,,,5,2,1,1.0,1.0
201100042340,0011-10-03 11:00:00,11,10,3,11,0,780,621,R WALLON/LUTHER KING,,,Plein jour,En agglomération,Intersection en T,Normale,Deux véhicules - frontale,,,,,,,,,,,1,2,3,1.0,1.0
201100042341,0011-10-18 19:55:00,11,10,18,19,55,780,621,R DELACROIX/MONTFORT,,,Nuit avec éclairage non allumé,En agglomération,Intersection en X,Pluie légère,Autre collision,,,,,,,,,,,4,2,2,2.0,6.0
201100042342,0011-11-12 17:45:00,11,11,12,17,45,780,621,"1, LANGEVIN (RUE PAUL)",,,Nuit avec éclairage allumé,En agglomération,Hors intersection,Normale,Autre collision,,,,,,,,,,,5,2,1,1.0,6.0
201100042343,0011-11-30 09:15:00,11,11,30,9,15,780,621,DEPARTEMENTALE 912 (ROUT,,,Plein jour,En agglomération,Hors intersection,Normale,Autre collision,,,,,,,,,,,1,2,1,1.0,6.0
201100042344,0011-01-04 20:30:00,11,1,4,20,30,780,640,MORANE SAULNIER/DAUTIER,48.781,2.20892,Nuit avec éclairage allumé,En agglomération,Intersection en T,Normale,Sans collision,,,,,,,,,,,5,2,3,1.0,7.0
201100042345,0011-01-26 13:50:00,11,1,26,13,50,780,322,R CALMETTE/JOFFRE,48.7761,2.16755,Plein jour,En agglomération,Intersection en T,Pluie légère,Sans collision,,,,,,,,,,,1,2,3,2.0,7.0
201100042346,0011-02-10 18:30:00,11,2,10,18,30,780,640,2 AV DE SAVOIE,48.7834,2.17378,Nuit avec éclairage allumé,En agglomération,Hors intersection,Pluie légère,Autre collision,,,,,,,,,,,5,2,1,2.0,6.0
201100042347,0011-02-17 13:40:00,11,2,17,13,40,780,686,RD 10/PRES AU BOIS,48.7989,2.1589,Plein jour,En agglomération,Intersection en T,Normale,Deux véhicules - côté,,,,,,,,,,,1,2,3,1.0,3.0