accident_id,datetime,annee,mois,jour,heure,minute,departement,commune_insee,adresse,latitude,longitude,luminosite,agglomeration,intersection,meteo,collision,nb_vehicules,nb_usagers,nb_indemnes,nb_tues,nb_blesses_hosp,nb_blesses_legers,age_cond_1,age_cond_2,veh_type_cond_1,veh_type_cond_2,lum_code,agg_code,int_code,atm_code,col_code
201100042732,0011-07-11 20:40:00,11,7,11,20,40,800,21,"00, ROHAUT (RUE)",,,Plein jour,En agglomération,Intersection en X,Normale,Deux véhicules - côté,,,,,,,,,,,1,2,2,1.0,3.0
201100042733,0011-07-12 15:35:00,11,7,12,15,35,800,21,"104, SAINT PIERRE (CHAUS",,,Plein jour,En agglomération,Hors intersection,Normale,Deux véhicules - arrière,,,,,,,,,,,1,2,1,1.0,2.0
201100042734,0011-07-08 10:00:00,11,7,8,10,0,800,21,"09, GENERAL LECLERC (RUE",,,Plein jour,En agglomération,Hors intersection,Normale,Autre collision,,,,,,,,,,,1,2,1,1.0,6.0
201100042735,0011-07-09 13:00:00,11,7,9,13,0,800,724,CONTY (ROUTE DE),,,Plein jour,Hors agglomération,Intersection en X,Normale,Deux véhicules - côté,,,,,,,,,,,1,1,2,1.0,3.0
201100042736,0011-07-15 13:25:00,11,7,15,13,25,800,21,"00, PAUL CLAUDEL (AVENUE",,,Plein jour,En agglomération,Intersection en X,Normale,Deux véhicules - côté,,,,,,,,,,,1,2,2,1.0,3.0
201100042737,0011-07-17 12:20:00,11,7,17,12,20,800,21,"00, TERRAL (RUE)",,,Plein jour,En agglomération,Hors intersection,Normale,Deux véhicules - arrière,,,,,,,,,,,1,2,1,1.0,2.0
201100042738,0011-07-18 17:25:00,11,7,18,17,25,800,21,"502, QUATORZE JUILLET 17",,,Plein jour,En agglomération,Hors intersection,Normale,Deux véhicules - arrière,,,,,,,,,,,1,2,1,1.0,2.0
201100042739,0011-07-15 09:45:00,11,7,15,9,45,800,21,"00, LEO LAGRANGE (RUE)",,,Plein jour,En agglomération,Intersection en X,Normale,Deux véhicules - côté,,,,,,,,,,,1,2,2,1.0,3.0
201100042740,0011-07-24 21:20:00,11,7,24,21,20,800,21,"00, GRAND MARAIS (RUE DU",,,Plein jour,En agglomération,Giratoire,Normale,Autre collision,,,,,,,,,,,1,2,6,1.0,6.0
201100042741,0011-07-23 16:00:00,11,7,23,16,0,800,21,"378, JULES FERRY (CHAUSS",,,Plein jour,En agglomération,Hors intersection,Pluie légère,Deux véhicules - arrière,,,,,,,,,,,1,2,1,2.0,2.0
201100042742,0011-07-24 14:50:00,11,7,24,14,50,800,21,"00, BARABAN (BOULEVARD)",,,Plein jour,En agglomération,Hors intersection,Normale,Deux véhicules - arrière,,,,,,,,,,,1,2,1,1.0,2.0
201100042743,0011-07-24 10:00:00,11,7,24,10,0,800,131,RD 934,,,Plein jour,Hors agglomération,Hors intersection,Normale,Autre collision,,,,,,,,,,,1,1,1,1.0,6.0
201100042744,0011-07-22 17:00:00,11,7,22,17,0,800,21,"35, CANGE (BOULEVARD DU)",,,Plein jour,En agglomération,Hors intersection,Normale,Deux véhicules - côté,,,,,,,,,,,1,2,1,1.0,3.0
201100042745,0011-07-22 22:50:00,11,7,22,22,50,800,379,"00, ETOILE DU SUD (AVENU",,,Nuit avec éclairage allumé,En agglomération,Hors intersection,Normale,Deux véhicules - côté,,,,,,,,,,,5,2,1,1.0,3.0
201100042746,0011-07-22 23:00:00,11,7,22,23,0,800,21,"00, SOMME (QUAI DE LA)",,,Nuit avec éclairage allumé,En agglomération,Intersection en T,Normale,Deux véhicules - côté,,,,,,,,,,,5,2,3,1.0,3.0
201100042747,0011-07-25 19:50:00,11,7,25,19,50,800,21,"01, PAYS D' AUGE (PLACE",,,Plein jour,En agglomération,Intersection en T,Normale,Autre collision,,,,,,,,,,,1,2,3,1.0,6.0
201100042748,0011-07-27 21:00:00,11,7,27,21,0,800,21,"47, CANGE (BOULEVARD DU)",,,Plein jour,En agglomération,Intersection en T,Normale,Autre collision,,,,,,,,,,,1,2,3,1.0,6.0
201100042749,0011-07-27 21:40:00,11,7,27,21,40,800,21,"47, CANGE (BOULEVARD DU)",,,Nuit sans éclairage public,En agglomération,Hors intersection,Normale,Autre collision,,,,,,,,,,,3,2,1,1.0,6.0
201100042750,0011-07-25 17:50:00,11,7,25,17,50,800,21,"50, SULLY (RUE)",,,Plein jour,En agglomération,Hors intersection,Normale,Autre collision,,,,,,,,,,,1,2,1,1.0,6.0
201100042751,0011-07-25 16:55:00,11,7,25,16,55,800,489,ROCADE NORD EST RN 25,,,Plein jour,Hors agglomération,Hors intersection,Pluie légère,Autre collision,,,,,,,,,,,1,1,1,2.0,6.0
201100042752,0011-07-29 16:00:00,11,7,29,16,0,800,21,"00, MAIGNAN LARIVIERE (B",,,Plein jour,En agglomération,Hors intersection,Normale,Autre collision,,,,,,,,,,,1,2,1,1.0,6.0
201100042753,0011-07-30 19:05:00,11,7,30,19,5,800,21,"00, CAMBRESIS (RUE)",,,Plein jour,En agglomération,Intersection en X,Normale,Autre collision,,,,,,,,,,,1,2,2,1.0,6.0
201100042754,0011-08-02 10:55:00,11,8,2,10,55,800,489,"165, HENRI BARBUSSE (RUE",,,Plein jour,En agglomération,Hors intersection,Normale,Autre collision,,,,,,,,,,,1,2,1,1.0,6.0
201100042755,0011-08-04 14:15:00,11,8,4,14,15,800,21,"373, ABBEVILLE (RUE D')",,,Plein jour,En agglomération,Intersection en T,Pluie légère,Deux véhicules - côté,,,,,,,,,,,1,2,3,2.0,3.0
201100042756,0011-08-07 14:30:00,11,8,7,14,30,800,489,"00, PIERRE SEMART (RUE)",,,Plein jour,En agglomération,Hors intersection,Normale,Deux véhicules - frontale,,,,,,,,,,,1,2,1,1.0,1.0
201100042757,0011-08-11 16:30:00,11,8,11,16,30,800,674,"00, THUILLIER DELAMBRE (",,,Plein jour,En agglomération,Intersection en T,Normale,Deux véhicules - côté,,,,,,,,,,,1,2,3,1.0,3.0
201100042758,0011-08-11 15:40:00,11,8,11,15,40,800,21,"00, ALSACE LORRAINE (BOU",,,Plein jour,En agglomération,Hors intersection,Normale,Autre collision,,,,,,,,,,,1,2,1,1.0,6.0
201100042759,0011-08-16 19:05:00,11,8,16,19,5,800,21,"00, ROBERT LE COQ (RUE)",,,Plein jour,En agglomération,Hors intersection,Normale,Deux véhicules - côté,,,,,,,,,,,1,2,1,1.0,3.0
201100042760,0011-08-15 17:10:00,11,8,15,17,10,800,21,"476, JULES FERRY (CHAUSS",,,Plein jour,En agglomération,Hors intersection,Normale,Trois véhicules et plus - en chaîne,,,,,,,,,,,1,2,1,1.0,4.0
201100042761,0011-08-17 08:20:00,11,8,17,8,20,800,21,"00, BARABAN (BOULEVARD)",,,Plein jour,En agglomération,Hors intersection,Normale,Sans collision,,,,,,,,,,,1,2,1,1.0,7.0
201100042762,0011-08-20 04:00:00,11,8,20,4,0,800,21,"00, ALEXANDRE DUMAS (RUE",,,Nuit avec éclairage allumé,En agglomération,Hors intersection,Normale,Sans collision,,,,,,,,,,,5,2,1,1.0,7.0
201100042763,0011-08-22 11:06:00,11,8,22,11,6,800,21,"00, SAVEUSE (RUE DE)",,,Plein jour,Hors agglomération,Hors intersection,Normale,Sans collision,,,,,,,,,,,1,1,1,1.0,7.0
201100042764,0011-08-20 10:20:00,11,8,20,10,20,800,21,ROCADE NORD RN 1,,,Plein jour,Hors agglomération,Hors intersection,Normale,Deux véhicules - arrière,,,,,,,,,,,1,1,1,1.0,2.0
201100042765,0011-08-20 16:00:00,11,8,20,16,0,800,21,"442, ABBEVILLE (RUE D')",,,Plein jour,En agglomération,Hors intersection,Normale,Trois véhicules et plus - collisions multiples,,,,,,,,,,,1,2,1,1.0,5.0
201100042766,0011-08-21 17:30:00,11,8,21,17,30,800,21,", SAINT ROCH (RUE)",,,Plein jour,En agglomération,Intersection en X,Normale,Deux véhicules - côté,,,,,,,,,,,1,2,2,1.0,3.0
201100042767,0011-08-19 15:30:00,11,8,19,15,30,800,21,GAUTHIER DE RUMILLY (RUE,,,Plein jour,En agglomération,Intersection en X,Normale,Deux véhicules - côté,,,,,,,,,,,1,2,2,1.0,3.0
201100042768,0011-08-18 12:25:00,11,8,18,12,25,800,21,PORT (BOULEVARD DU),,,Plein jour,En agglomération,Hors intersection,Normale,Deux véhicules - arrière,,,,,,,,,,,1,2,1,1.0,2.0
201100042769,0011-08-17 15:40:00,11,8,17,15,40,800,21,", ROUEN (RUE DE)",,,Plein jour,En agglomération,Intersection en X,Normale,Autre collision,,,,,,,,,,,1,2,2,1.0,6.0
201100042770,0011-08-17 16:40:00,11,8,17,16,40,800,21,", FRANKLIN ROOSEVELT (RU",,,Plein jour,En agglomération,Hors intersection,Normale,Deux véhicules - arrière,,,,,,,,,,,1,2,1,1.0,2.0
201100042771,0011-08-23 12:10:00,11,8,23,12,10,800,21,ROCADE NORD RN 1,,,Plein jour,Hors agglomération,Hors intersection,Pluie légère,Sans collision,,,,,,,,,,,1,1,1,2.0,7.0
201100042772,0011-08-24 13:15:00,11,8,24,13,15,800,21,QUATORZE JUILLET 1789 (A,,,Plein jour,En agglomération,Giratoire,Normale,Deux véhicules - côté,,,,,,,,,,,1,2,6,1.0,3.0
201100042773,0011-08-24 14:45:00,11,8,24,14,45,800,21,"14, AUGUSTIN DUJARDIN (P",,,Plein jour,En agglomération,Hors intersection,Normale,Deux véhicules - arrière,,,,,,,,,,,1,2,1,1.0,2.0
201100042774,0011-08-30 16:20:00,11,8,30,16,20,800,21,SAINT QUENTIN (BOULEVARD,,,Plein jour,En agglomération,Hors intersection,Normale,Deux véhicules - côté,,,,,,,,,,,1,2,1,1.0,3.0
201100042775,0011-08-31 19:50:00,11,8,31,19,50,800,21,"00, DELPECH (RUE)",,,Plein jour,En agglomération,Hors intersection,Normale,Deux véhicules - frontale,,,,,,,,,,,1,2,1,1.0,1.0
201100042776,0011-08-26 08:45:00,11,8,26,8,45,800,21,"00, LAURENDEAU (RUE)",,,Plein jour,En agglomération,Intersection en X,Pluie légère,Deux véhicules - côté,,,,,,,,,,,1,2,2,2.0,3.0
201100042777,0011-09-02 17:30:00,11,9,2,17,30,800,261,RD 1001,,,Plein jour,En agglomération,Hors intersection,Normale,Trois véhicules et plus - en chaîne,,,,,,,,,,,1,2,1,1.0,4.0
201100042778,0011-09-05 20:50:00,11,9,5,20,50,800,21,"9, SAINT PIERRE (CHAUSSE",,,Crépuscule ou aube,En agglomération,Hors intersection,Normale,Autre collision,,,,,,,,,,,2,2,1,1.0,6.0
201100042779,0011-09-05 17:00:00,11,9,5,17,0,800,724,RD 210,,,Plein jour,Hors agglomération,Intersection en X,Normale,Deux véhicules - côté,,,,,,,,,,,1,1,2,1.0,3.0
201100042780,0011-09-06 09:20:00,11,9,6,9,20,800,21,"0, DURY (BOULEVARD DE)",,,Plein jour,En agglomération,Intersection en X,Normale,Deux véhicules - côté,,,,,,,,,,,1,2,2,1.0,3.0
201100042781,0011-09-06 07:45:00,11,9,6,7,45,800,21,JULES FERRY (CHAUSSE),,,Plein jour,En agglomération,Hors intersection,Normale,Autre collision,,,,,,,,,,,1,2,1,1.0,6.0
201100042782,0011-09-08 10:40:00,11,9,8,10,40,800,21,"00, FAIDHERBE (BOULEVARD",,,Plein jour,En agglomération,Hors intersection,Normale,Deux véhicules - côté,,,,,,,,,,,1,2,1,1.0,3.0
201100042783,0011-09-10 16:38:00,11,9,10,16,38,800,21,"00, LE TITIEN (RUE)",,,Plein jour,En agglomération,Giratoire,Normale,Deux véhicules - côté,,,,,,,,,,,1,2,6,1.0,3.0
201100042784,0011-09-10 19:05:00,11,9,10,19,5,800,21,"21, GABRIEL DE MORTILLET",,,Plein jour,En agglomération,Hors intersection,Normale,Autre collision,,,,,,,,,,,1,2,1,1.0,6.0
201100042785,0011-09-11 19:20:00,11,9,11,19,20,800,21,"00, JULES FERRY (CHAUSSE",,,Plein jour,En agglomération,Hors intersection,Normale,Deux véhicules - côté,,,,,,,,,,,1,2,1,1.0,3.0
201100042786,0011-09-13 18:01:00,11,9,13,18,1,800,261,"10, AMIENS (ROUTE D')",,,Plein jour,En agglomération,Hors intersection,Normale,Deux véhicules - côté,,,,,,,,,,,1,2,1,1.0,3.0
201100042787,0011-09-13 18:35:00,11,9,13,18,35,800,21,"00, JARDIN DES PLANTES (",,,Plein jour,En agglomération,Hors intersection,Normale,Deux véhicules - arrière,,,,,,,,,,,1,2,1,1.0,2.0
201100042788,0011-09-15 16:20:00,11,9,15,16,20,800,21,"00, VELASQUEZ (RUE)",,,Plein jour,En agglomération,Hors intersection,Normale,Deux véhicules - côté,,,,,,,,,,,1,2,1,1.0,3.0
201100042789,0011-09-17 22:15:00,11,9,17,22,15,800,21,"00, MARECHAL DE LATTRE D",,,Nuit avec éclairage allumé,En agglomération,Hors intersection,Pluie légère,Autre collision,,,,,,,,,,,5,2,1,2.0,6.0
201100042790,0011-09-18 17:45:00,11,9,18,17,45,800,489,"00, PIERRE SEMART (RUE)",,,Plein jour,En agglomération,Hors intersection,Pluie forte,Sans collision,,,,,,,,,,,1,2,1,3.0,7.0
201100042791,0011-09-17 21:40:00,11,9,17,21,40,800,21,"00, FRANKLIN ROOSEVELT (",,,Nuit avec éclairage allumé,En agglomération,Hors intersection,Pluie légère,Deux véhicules - arrière,,,,,,,,,,,5,2,1,2.0,2.0
201100042792,0011-09-19 12:15:00,11,9,19,12,15,800,21,"00, FENELON (RUE)",,,Plein jour,En agglomération,Hors intersection,Normale,Deux véhicules - côté,,,,,,,,,,,1,2,1,1.0,3.0
201100042793,0011-09-19 17:20:00,11,9,19,17,20,800,21,"00, JULES VALLES (AVENUE",,,Plein jour,En agglomération,Hors intersection,Normale,Autre collision,,,,,,,,,,,1,2,1,1.0,6.0
201100042794,0011-09-22 08:25:00,11,9,22,8,25,800,21,"00, PAUL CLAUDEL (AVENUE",,,Plein jour,En agglomération,Hors intersection,Normale,Deux véhicules - arrière,,,,,,,,,,,1,2,1,1.0,2.0
201100042795,0011-09-24 16:15:00,11,9,24,16,15,800,632,"00, ROUEN (ROUTE DE)",,,Plein jour,Hors agglomération,Hors intersection,Normale,Deux véhicules - arrière,,,,,,,,,,,1,1,1,1.0,2.0
201100042796,0011-09-24 05:00:00,11,9,24,5,0,800,21,"519, VERDUN (RUE DE )",,,Nuit avec éclairage allumé,En agglomération,Hors intersection,Normale,Autre collision,,,,,,,,,,,5,2,1,1.0,6.0
201100042797,0011-09-23 11:05:00,11,9,23,11,5,800,725,RD8,,,Plein jour,En agglomération,Hors intersection,Normale,Autre collision,,,,,,,,,,,1,2,1,1.0,6.0
201100042798,0011-09-26 10:00:00,11,9,26,10,0,800,674,"00, GEORGES MATIFAS (RUE",,,Plein jour,En agglomération,Hors intersection,Normale,Deux véhicules - arrière,,,,,,,,,,,1,2,1,1.0,2.0
201100042799,0011-09-26 10:00:00,11,9,26,10,0,800,21,"25, VANMARCKE (RUE)",,,Plein jour,En agglomération,Hors intersection,Normale,Autre collision,,,,,,,,,,,1,2,1,1.0,6.0
201100042800,0011-09-28 18:25:00,11,9,28,18,25,800,21,"0, JEAN MOULIN (RUE)",,,Plein jour,En agglomération,Hors intersection,Normale,Sans collision,,,,,,,,,,,1,2,1,1.0,7.0
201100042801,0011-09-28 16:15:00,11,9,28,16,15,800,21,"00, DEFENSE PASSIVE (AVE",,,Plein jour,En agglomération,Hors intersection,Normale,Deux véhicules - frontale,,,,,,,,,,,1,2,1,1.0,1.0
201100042802,0011-09-28 14:55:00,11,9,28,14,55,800,379,RD 1029 (ROUTE DE ST QUE,,,Plein jour,Hors agglomération,Hors intersection,Normale,Deux véhicules - côté,,,,,,,,,,,1,1,1,1.0,3.0
201100042803,0011-09-30 08:10:00,11,9,30,8,10,800,21,"205, JULES BARNI (RUE)",,,Plein jour,En agglomération,Hors intersection,Normale,Autre collision,,,,,,,,,,,1,2,1,1.0,6.0
201100042804,0011-09-30 15:00:00,11,9,30,15,0,800,21,"00, ALPHONSE FIQUET (PLA",,,Plein jour,En agglomération,Hors intersection,Normale,Autre collision,,,,,,,,,,,1,2,1,1.0,6.0
201100042805,0011-09-29 13:30:00,11,9,29,13,30,800,21,"95, SAINT FUSCIEN (RUE)",,,Plein jour,En agglomération,Hors intersection,Normale,Sans collision,,,,,,,,,,,1,2,1,1.0,7.0
201100042806,0011-10-03 16:45:00,11,10,3,16,45,800,21,"143, JULES FERRY (CHAUSS",,,Plein jour,En agglomération,Hors intersection,Normale,Deux véhicules - côté,,,,,,,,,,,1,2,1,1.0,3.0
201100042807,0011-10-03 16:00:00,11,10,3,16,0,800,21,"227, ABBEVILLE (RUE D')",,,Plein jour,En agglomération,Hors intersection,Normale,Deux véhicules - arrière,,,,,,,,,,,1,2,1,1.0,2.0
201100042808,0011-10-03 17:40:00,11,10,3,17,40,800,21,"00, MAIGNAN LARIVIERE (B",,,Plein jour,En agglomération,Hors intersection,Normale,Deux véhicules - côté,,,,,,,,,,,1,2,1,1.0,3.0
201100042809,0011-10-03 13:20:00,11,10,3,13,20,800,21,"21, ROGER MARTIN DU GARD",,,Plein jour,En agglomération,Hors intersection,Normale,Deux véhicules - côté,,,,,,,,,,,1,2,1,1.0,3.0
201100042810,0011-10-04 18:15:00,11,10,4,18,15,800,21,JULES VALLES (AVENUE),,,Plein jour,En agglomération,Hors intersection,Normale,Autre collision,,,,,,,,,,,1,2,1,1.0,6.0
201100042811,0011-10-06 22:35:00,11,10,6,22,35,800,21,"00, GENERAL LECLERC (RUE",,,Nuit avec éclairage allumé,En agglomération,Intersection en X,Pluie légère,Deux véhicules - côté,,,,,,,,,,,5,2,2,2.0,3.0
201100042812,0011-10-07 07:20:00,11,10,7,7,20,800,21,"265, RUE JULES BARNI",,,Plein jour,En agglomération,Hors intersection,Normale,Deux véhicules - côté,,,,,,,,,,,1,2,1,1.0,3.0
201100042813,0011-10-07 15:20:00,11,10,7,15,20,800,21,CAGNY (RUE DE),,,Plein jour,En agglomération,Intersection en X,Normale,Deux véhicules - côté,,,,,,,,,,,1,2,2,1.0,3.0
201100042814,0011-10-05 09:15:00,11,10,5,9,15,800,21,"00, FOY (AVENUE)",,,Plein jour,En agglomération,Hors intersection,Normale,Autre collision,,,,,,,,,,,1,2,1,1.0,6.0
201100042815,0011-10-05 07:25:00,11,10,5,7,25,800,21,"750, ABBEVILLE (RUE D')",,,Crépuscule ou aube,En agglomération,Hors intersection,Normale,Sans collision,,,,,,,,,,,2,2,1,1.0,7.0
201100042816,0011-10-06 22:40:00,11,10,6,22,40,800,21,"26, PORT D'AMONT",,,Nuit avec éclairage allumé,En agglomération,Hors intersection,Normale,Sans collision,,,,,,,,,,,5,2,1,1.0,7.0
201100042817,0011-10-06 12:40:00,11,10,6,12,40,800,21,"49, VANMARCKE (RUE)",,,Plein jour,En agglomération,Hors intersection,Normale,Sans collision,,,,,,,,,,,1,2,1,1.0,7.0
201100042818,0011-10-10 07:10:00,11,10,10,7,10,800,21,ALLONVILLE (ROUTE D'),,,Plein jour,Hors agglomération,Hors intersection,Pluie légère,Deux véhicules - côté,,,,,,,,,,,1,1,1,2.0,3.0
201100042819,0011-10-11 18:55:00,11,10,11,18,55,800,21,"00, QUATORZE JUILLET 178",,,Nuit avec éclairage allumé,En agglomération,Hors intersection,Normale,Trois véhicules et plus - en chaîne,,,,,,,,,,,5,2,1,1.0,4.0
201100042820,0011-10-11 09:30:00,11,10,11,9,30,800,21,"00, SAINT LEU (RUE)",,,Plein jour,En agglomération,Intersection en T,Normale,Deux véhicules - côté,,,,,,,,,,,1,2,3,1.0,3.0
201100042821,0011-10-11 17:40:00,11,10,11,17,40,800,21,"95, RUE LESCOUVE",,,Plein jour,En agglomération,Hors intersection,Normale,Sans collision,,,,,,,,,,,1,2,1,1.0,7.0
201100042822,0011-10-14 08:50:00,11,10,14,8,50,800,21,147 REU DEJEAN,,,Plein jour,En agglomération,Hors intersection,Temps éblouissant,Deux véhicules - côté,,,,,,,,,,,1,2,1,7.0,3.0
201100042823,0011-10-14 08:25:00,11,10,14,8,25,800,21,"54, QUEBEC (RUE DE)",,,Plein jour,En agglomération,Hors intersection,Temps éblouissant,Sans collision,,,,,,,,,,,1,2,1,7.0,7.0
201100042824,0011-10-17 16:25:00,11,10,17,16,25,800,21,"227, ABBEVILLE (RUE D')",,,Plein jour,En agglomération,Hors intersection,Normale,Deux véhicules - côté,,,,,,,,,,,1,2,1,1.0,3.0
201100042825,0011-10-18 07:40:00,11,10,18,7,40,800,21,"70, FOY (AVENUE)",,,Crépuscule ou aube,En agglomération,Hors intersection,Normale,Trois véhicules et plus - en chaîne,,,,,,,,,,,2,2,1,1.0,4.0
201100042826,0011-10-18 08:45:00,11,10,18,8,45,800,21,"00, QUATORZE JUILLET 178",,,Plein jour,En agglomération,Hors intersection,Normale,Trois véhicules et plus - collisions multiples,,,,,,,,,,,1,2,1,1.0,5.0
201100042827,0011-10-18 11:45:00,11,10,18,11,45,800,21,"34, SAINT HONORE (RUE)",,,Plein jour,En agglomération,Hors intersection,Pluie légère,Deux véhicules - côté,,,,,,,,,,,1,2,1,2.0,3.0
201100042828,0011-10-20 07:15:00,11,10,20,7,15,800,21,GENERAL DE GAULLE (A,,,Nuit avec éclairage allumé,En agglomération,Hors intersection,Normale,Sans collision,,,,,,,,,,,5,2,1,1.0,7.0
201100042829,0011-10-19 18:10:00,11,10,19,18,10,800,21,"18, CHABANNES (RUE)",,,Plein jour,En agglomération,Hors intersection,Normale,Sans collision,,,,,,,,,,,1,2,1,1.0,7.0
201100042830,0011-10-20 10:10:00,11,10,20,10,10,800,21,PLACE MARECHAL JOFFRE,,,Plein jour,En agglomération,Hors intersection,Normale,Deux véhicules - côté,,,,,,,,,,,1,2,1,1.0,3.0
201100042831,0011-10-21 07:25:00,11,10,21,7,25,800,21,"00, JEAN BOEN (RUE)",,,Nuit avec éclairage allumé,En agglomération,Intersection en X,Normale,Deux véhicules - côté,,,,,,,,,,,5,2,2,1.0,3.0
201100042832,0011-10-21 23:20:00,11,10,21,23,20,800,21,AVENUE ROGER DUMOULIN,,,Nuit avec éclairage allumé,En agglomération,Intersection en T,Normale,Deux véhicules - côté,,,,,,,,,,,5,2,3,1.0,3.0
201100042833,0011-10-26 17:50:00,11,10,26,17,50,800,21,"00, AMONT (PORT D')",,,Crépuscule ou aube,En agglomération,Hors intersection,Normale,Deux véhicules - côté,,,,,,,,,,,2,2,1,1.0,3.0
201100042834,0011-10-28 16:15:00,11,10,28,16,15,800,21,"200, DEFENSE PASSIVE (AV",49.91065,2.33232,Plein jour,En agglomération,Hors intersection,Normale,Deux véhicules - côté,,,,,,,,,,,1,2,1,1.0,3.0
201100042835,0011-10-28 12:55:00,11,10,28,12,55,800,489,"00, JEAN JAURES (RUE)",,,Plein jour,En agglomération,Intersection en X,Normale,Deux véhicules - côté,,,,,,,,,,,1,2,2,1.0,3.0
201100042836,0011-11-02 21:00:00,11,11,2,21,0,800,131,RD 934,,,Nuit sans éclairage public,Hors agglomération,Hors intersection,Normale,Autre collision,,,,,,,,,,,3,1,1,1.0,6.0
201100042837,0011-10-27 22:30:00,11,10,27,22,30,800,730,"00, PAUL CORNET (RUE)",49.89526,2.20579,Nuit sans éclairage public,Hors agglomération,Hors intersection,Normale,Autre collision,,,,,,,,,,,3,1,1,1.0,6.0
201100042838,0011-10-27 17:45:00,11,10,27,17,45,800,21,"172, FAUBOURG DE HEM (RU",,,Crépuscule ou aube,En agglomération,Hors intersection,Normale,Deux véhicules - frontale,,,,,,,,,,,2,2,1,1.0,1.0
201100042839,0011-10-27 17:25:00,11,10,27,17,25,800,21,"28, LEO LAGRANGE (RUE)",,,Plein jour,En agglomération,Hors intersection,Normale,Sans collision,,,,,,,,,,,1,2,1,1.0,7.0
201100042840,0011-10-27 09:05:00,11,10,27,9,5,800,21,"86, DOULLENS (RUE DE)",,,Plein jour,En agglomération,Hors intersection,Normale,Deux véhicules - côté,,,,,,,,,,,1,2,1,1.0,3.0
201100042841,0011-11-05 11:40:00,11,11,5,11,40,800,674,"90, THUILLIER DELAMBRE (",,,Plein jour,En agglomération,Hors intersection,Normale,Deux véhicules - côté,,,,,,,,,,,1,2,1,1.0,3.0
201100042842,0011-11-06 14:40:00,11,11,6,14,40,800,21,"00, PAIX (AVENUE DE LA)",,,Plein jour,En agglomération,Hors intersection,Normale,Deux véhicules - frontale,,,,,,,,,,,1,2,1,1.0,1.0
201100042843,0011-11-05 15:50:00,11,11,5,15,50,800,674,ROCADE NORD,,,Plein jour,Hors agglomération,Hors intersection,Normale,Deux véhicules - arrière,,,,,,,,,,,1,1,1,1.0,2.0
201100042844,0011-11-04 16:45:00,11,11,4,16,45,800,632,RD 408,,,Plein jour,Hors agglomération,Hors intersection,Normale,Trois véhicules et plus - collisions multiples,,,,,,,,,,,1,1,1,1.0,5.0
201100042845,0011-11-04 12:25:00,11,11,4,12,25,800,21,"5, PUVIS DE CHAVANNES (R",,,Plein jour,En agglomération,Hors intersection,Normale,Autre collision,,,,,,,,,,,1,2,1,1.0,6.0
201100042846,0011-11-04 18:25:00,11,11,4,18,25,800,21,"00, LEON DUPONTREUE (RUE",,,Nuit avec éclairage allumé,En agglomération,Hors intersection,Normale,Deux véhicules - côté,,,,,,,,,,,5,2,1,1.0,3.0
201100042847,0011-11-03 16:10:00,11,11,3,16,10,800,21,"2, JEAN JAURES (RUE)",,,Plein jour,En agglomération,Hors intersection,Pluie légère,Deux véhicules - côté,,,,,,,,,,,1,2,1,2.0,3.0
201100042848,0011-11-03 15:05:00,11,11,3,15,5,800,21,"616, ABBEVILLE (RUE D')",,,Plein jour,En agglomération,Hors intersection,Pluie légère,Trois véhicules et plus - collisions multiples,,,,,,,,,,,1,2,1,2.0,5.0
201100042849,0011-11-07 18:29:00,11,11,7,18,29,800,261,"28, AMIENS (ROUTE D')",,,Nuit avec éclairage allumé,En agglomération,Hors intersection,Pluie légère,Trois véhicules et plus - collisions multiples,,,,,,,,,,,5,2,1,2.0,5.0
201100042850,0011-11-02 18:00:00,11,11,2,18,0,800,21,"16, AUSTRALIE (RUE D')",,,Nuit avec éclairage allumé,En agglomération,Hors intersection,Normale,Deux véhicules - côté,,,,,,,,,,,5,2,1,1.0,3.0
201100042851,0011-11-08 18:05:00,11,11,8,18,5,800,21,"00, DURY (BOULEVARD DE)",,,Nuit avec éclairage allumé,En agglomération,Hors intersection,Pluie légère,Deux véhicules - côté,,,,,,,,,,,5,2,1,2.0,3.0
201100042852,0011-11-08 17:50:00,11,11,8,17,50,800,21,"10, FREDERIC PETIT (RUE)",,,Nuit avec éclairage allumé,En agglomération,Hors intersection,Pluie légère,Sans collision,,,,,,,,,,,5,2,1,2.0,7.0
201100042853,0011-11-08 12:15:00,11,11,8,12,15,800,21,"00, MARCHE AUX CHEVAUX (",,,Plein jour,En agglomération,Hors intersection,Normale,Autre collision,,,,,,,,,,,1,2,1,1.0,6.0
201100042854,0011-11-09 09:15:00,11,11,9,9,15,800,21,166 JULES FERRY (CHAUSS,,,Plein jour,En agglomération,Hors intersection,Temps couvert,Autre collision,,,,,,,,,,,1,2,1,8.0,6.0
201100042855,0011-11-09 09:50:00,11,11,9,9,50,800,21,ABBEVILLE (RUE D'),,,Plein jour,En agglomération,Giratoire,Normale,Deux véhicules - côté,,,,,,,,,,,1,2,6,1.0,3.0
201100042856,0011-11-14 18:30:00,11,11,14,18,30,800,21,"48, MABERLY (RUE)",,,Nuit avec éclairage allumé,En agglomération,Hors intersection,Normale,Autre collision,,,,,,,,,,,5,2,1,1.0,6.0
201100042857,0011-11-14 17:50:00,11,11,14,17,50,800,21,Route de saveuse,,,Nuit sans éclairage public,Hors agglomération,Hors intersection,Normale,Deux véhicules - frontale,,,,,,,,,,,3,1,1,1.0,1.0
201100042858,0011-11-14 18:15:00,11,11,14,18,15,800,21,29 RENEE COSSIN (RUE),,,Nuit avec éclairage allumé,En agglomération,Hors intersection,Normale,Autre collision,,,,,,,,,,,5,2,1,1.0,6.0