accident_id,datetime,annee,mois,jour,heure,minute,departement,commune_insee,adresse,latitude,longitude,luminosite,agglomeration,intersection,meteo,collision,nb_vehicules,nb_usagers,nb_indemnes,nb_tues,nb_blesses_hosp,nb_blesses_legers,age_cond_1,age_cond_2,veh_type_cond_1,veh_type_cond_2,lum_code,agg_code,int_code,atm_code,col_code
201100042859,0011-11-13 07:15:00,11,11,13,7,15,800,725,NORMANDIE (ROUTE DE) RD,,,Plein jour,Hors agglomération,Intersection en T,Normale,Deux véhicules - côté,,,,,,,,,,,1,1,3,1.0,3.0
201100042860,0011-11-12 15:15:00,11,11,12,15,15,800,21,"410, JULES FERRY (CHAUSS",,,Plein jour,En agglomération,Hors intersection,Normale,Trois véhicules et plus - collisions multiples,,,,,,,,,,,1,2,1,1.0,5.0
201100042861,0011-11-11 18:55:00,11,11,11,18,55,800,21,"1, GENERAL LECLERC (RUE",,,Nuit sans éclairage public,En agglomération,Hors intersection,Normale,Deux véhicules - côté,,,,,,,,,,,3,2,1,1.0,3.0
201100042862,0011-11-10 17:50:00,11,11,10,17,50,800,21,59 SAINT ACHEUL (RUE),,,Nuit avec éclairage allumé,En agglomération,Hors intersection,Normale,Deux véhicules - frontale,,,,,,,,,,,5,2,1,1.0,1.0
201100042863,0011-11-10 17:16:00,11,11,10,17,16,800,21,"191, SAINT QUENTIN (Bd",,,Crépuscule ou aube,En agglomération,Hors intersection,Normale,Sans collision,,,,,,,,,,,2,2,1,1.0,7.0
201100042864,0011-11-15 12:40:00,11,11,15,12,40,800,21,"284, SAINT QUENTIN (BOUL",,,Plein jour,En agglomération,Hors intersection,Normale,Deux véhicules - frontale,,,,,,,,,,,1,2,1,1.0,1.0
201100042865,0011-11-17 12:00:00,11,11,17,12,0,800,21,"00, SALVADOR ALLENDE (AV",,,Plein jour,En agglomération,Hors intersection,Normale,Trois véhicules et plus - collisions multiples,,,,,,,,,,,1,2,1,1.0,5.0
201100042866,0011-11-21 12:10:00,11,11,21,12,10,800,21,LANGUEDOC (AVENUE DU),,,Plein jour,En agglomération,Hors intersection,Normale,Sans collision,,,,,,,,,,,1,2,1,1.0,7.0
201100042867,0011-11-19 00:30:00,11,11,19,0,30,800,261,"0, AMIENS (ROUTE D')",,,Nuit avec éclairage allumé,En agglomération,Hors intersection,Brouillard / fumée,Sans collision,,,,,,,,,,,5,2,1,5.0,7.0
201100042868,0011-11-18 13:45:00,11,11,18,13,45,800,674,119 THUILLIER DELAMBRE,,,Plein jour,En agglomération,Hors intersection,Normale,Deux véhicules - côté,,,,,,,,,,,1,2,1,1.0,3.0
201100042869,0011-11-18 00:30:00,11,11,18,0,30,800,21,HALAGE (CHEMIN DE),,,Nuit avec éclairage non allumé,En agglomération,Hors intersection,Pluie légère,Autre collision,,,,,,,,,,,4,2,1,2.0,6.0
201100042870,0011-11-24 07:50:00,11,11,24,7,50,800,21,ARGOEUVES (CHEMIN D'),,,Crépuscule ou aube,Hors agglomération,Giratoire,Brouillard / fumée,Deux véhicules - arrière,,,,,,,,,,,2,1,6,5.0,2.0
201100042871,0011-11-23 18:25:00,11,11,23,18,25,800,21,"0, HUIT MAI 1945 (RUE DU",,,Nuit avec éclairage allumé,En agglomération,Hors intersection,Pluie légère,Autre collision,,,,,,,,,,,5,2,1,2.0,6.0
201100042872,0011-11-25 11:45:00,11,11,25,11,45,800,21,"00, SAINT LEU (RUE)",,,Plein jour,En agglomération,Intersection en T,Normale,Deux véhicules - côté,,,,,,,,,,,1,2,3,1.0,3.0
201100042873,0011-11-24 21:30:00,11,11,24,21,30,800,21,RAINNEVILLE CD11  (ROUTE,,,Nuit avec éclairage non allumé,Hors agglomération,Hors intersection,Normale,Sans collision,,,,,,,,,,,4,1,1,1.0,7.0
201100042874,0011-11-28 09:35:00,11,11,28,9,35,800,725,"13, ROUEN (ROUTE)",,,Plein jour,En agglomération,Hors intersection,Normale,Autre collision,,,,,,,,,,,1,2,1,1.0,6.0
201100042875,0011-11-29 08:05:00,11,11,29,8,5,800,21,"00, MAIGNAN LARIVIERE (B",,,Plein jour,En agglomération,Hors intersection,Normale,Deux véhicules - frontale,,,,,,,,,,,1,2,1,1.0,1.0
201100042876,0011-11-29 10:00:00,11,11,29,10,0,800,21,"4, PHILEAS LEBESGUE (RUE",,,Plein jour,En agglomération,Hors intersection,Normale,Autre collision,,,,,,,,,,,1,2,1,1.0,6.0
201100042877,0011-12-01 06:50:00,11,12,1,6,50,800,21,"00, FRANKLIN ROOSEVELT",,,Nuit avec éclairage allumé,En agglomération,Hors intersection,Normale,Deux véhicules - côté,,,,,,,,,,,5,2,1,1.0,3.0
201100042878,0011-12-02 21:00:00,11,12,2,21,0,800,21,ALLONVILLE (ROUTE D'),,,Nuit avec éclairage allumé,En agglomération,Hors intersection,Normale,Deux véhicules - frontale,,,,,,,,,,,5,2,1,1.0,1.0
201100042879,0011-12-04 22:00:00,11,12,4,22,0,800,164,"352, PAUL VAILLANT COUTU",,,Nuit avec éclairage allumé,En agglomération,Hors intersection,Pluie légère,Trois véhicules et plus - collisions multiples,,,,,,,,,,,5,2,1,2.0,5.0
201100042880,0011-12-03 20:15:00,11,12,3,20,15,800,21,PAUL CLAUDEL (AVENUE,,,Nuit avec éclairage allumé,En agglomération,Hors intersection,Pluie légère,Deux véhicules - frontale,,,,,,,,,,,5,2,1,2.0,1.0
201100042881,0011-12-02 15:00:00,11,12,2,15,0,800,21,"00, LONGUEVILLE (PLACE)",,,Plein jour,En agglomération,Hors intersection,Normale,Deux véhicules - frontale,,,,,,,,,,,1,2,1,1.0,1.0
201100042882,0011-12-05 17:15:00,11,12,5,17,15,800,21,BEAUVILLE NORD (BOUL,,,Nuit avec éclairage allumé,En agglomération,Hors intersection,Pluie légère,Sans collision,,,,,,,,,,,5,2,1,2.0,7.0
201100042883,0011-12-05 15:49:00,11,12,5,15,49,800,21,"87, SAINT ACHEUL (RUE)",,,Plein jour,En agglomération,Hors intersection,Normale,Autre collision,,,,,,,,,,,1,2,1,1.0,6.0
201100042884,0011-12-05 17:20:00,11,12,5,17,20,800,21,CESAR FRANCK (RUE),,,Plein jour,En agglomération,Hors intersection,Normale,Sans collision,,,,,,,,,,,1,2,1,1.0,7.0
201100042885,0011-12-05 14:25:00,11,12,5,14,25,800,21,"00, QUEBEC (RUE DE)",,,Plein jour,En agglomération,Hors intersection,Pluie légère,Deux véhicules - arrière,,,,,,,,,,,1,2,1,2.0,2.0
201100042886,0011-12-06 20:00:00,11,12,6,20,0,800,21,SAINT HONORE (RUE),,,Nuit avec éclairage allumé,En agglomération,Hors intersection,Pluie légère,Deux véhicules - côté,,,,,,,,,,,5,2,1,2.0,3.0
201100042887,0011-12-06 09:45:00,11,12,6,9,45,800,21,"00, MAIGNAN LARIVIERE (B",,,Plein jour,En agglomération,Hors intersection,Normale,Sans collision,,,,,,,,,,,1,2,1,1.0,7.0
201100042888,0011-12-06 13:30:00,11,12,6,13,30,800,21,"00, CAMPUS (RUE DU)",,,Plein jour,En agglomération,Hors intersection,Temps couvert,Deux véhicules - frontale,,,,,,,,,,,1,2,1,8.0,1.0
201100042889,0011-12-12 18:50:00,11,12,12,18,50,800,21,COMMUNE DE PARIS (AV,,,Nuit avec éclairage allumé,En agglomération,Hors intersection,Normale,Autre collision,,,,,,,,,,,5,2,1,1.0,6.0
201100042890,0011-12-12 07:35:00,11,12,12,7,35,800,21,"00, DURY (BOULEVARD DE)",,,Nuit avec éclairage allumé,En agglomération,Hors intersection,Pluie légère,Autre collision,,,,,,,,,,,5,2,1,2.0,6.0
201100042891,0011-12-05 08:05:00,11,12,5,8,5,800,21,"00, FRANKLIN ROOSEVELT (",,,Plein jour,En agglomération,Hors intersection,Normale,Deux véhicules - arrière,,,,,,,,,,,1,2,1,1.0,2.0
201100042892,0011-12-13 08:40:00,11,12,13,8,40,800,21,"00, JULES BARNI (RUE)",,,Crépuscule ou aube,En agglomération,Hors intersection,Pluie forte,Autre collision,,,,,,,,,,,2,2,1,3.0,6.0
201100042893,0011-12-13 18:25:00,11,12,13,18,25,800,21,"214, SAINT HONORE (RUE)",,,Nuit avec éclairage allumé,En agglomération,Hors intersection,Pluie forte,Autre collision,,,,,,,,,,,5,2,1,3.0,6.0
201100042894,0011-12-14 20:45:00,11,12,14,20,45,800,21,"00, LOUIS BLANC (AVENUE)",,,Nuit avec éclairage allumé,En agglomération,Hors intersection,Pluie légère,Deux véhicules - arrière,,,,,,,,,,,5,2,1,2.0,2.0
201100042895,0011-12-20 19:10:00,11,12,20,19,10,800,21,"00, MARCHE LANSELLES (RU",,,Nuit avec éclairage allumé,En agglomération,Hors intersection,Normale,Deux véhicules - côté,,,,,,,,,,,5,2,1,1.0,3.0
201100042896,0011-12-20 19:40:00,11,12,20,19,40,800,21,"00, JEAN CATELAS (RUE)",,,Nuit avec éclairage allumé,En agglomération,Hors intersection,Normale,Deux véhicules - côté,,,,,,,,,,,5,2,1,1.0,3.0
201100042897,0011-12-23 17:15:00,11,12,23,17,15,800,21,"00, GENERAL LECLERC (RUE",,,Crépuscule ou aube,En agglomération,Hors intersection,Normale,Deux véhicules - arrière,,,,,,,,,,,2,2,1,1.0,2.0
201100042898,0011-12-25 20:00:00,11,12,25,20,0,800,21,"00, ROUEN (RUE DE)",,,Nuit avec éclairage allumé,En agglomération,Intersection en X,Normale,Deux véhicules - côté,,,,,,,,,,,5,2,2,1.0,3.0
201100042899,0011-12-21 15:35:00,11,12,21,15,35,800,21,"178, DU 14 JUILLET (AV)",,,Plein jour,En agglomération,Hors intersection,Pluie légère,Deux véhicules - arrière,,,,,,,,,,,1,2,1,2.0,2.0
201100042900,0011-02-21 19:10:00,11,2,21,19,10,810,4,"39, MONTEBELLO (BD)",,,Nuit avec éclairage allumé,En agglomération,Hors intersection,Pluie forte,Autre collision,,,,,,,,,,,5,2,1,3.0,6.0
201100042901,0011-02-28 18:20:00,11,2,28,18,20,810,4,"19, CARNOT (BD)",,,Crépuscule ou aube,En agglomération,Hors intersection,Normale,Autre collision,,,,,,,,,,,2,2,1,1.0,6.0
201100042902,0011-03-24 17:00:00,11,3,24,17,0,810,4,TEYSSIER (AV DU COLONEL),,,Plein jour,En agglomération,Intersection en T,Normale,Deux véhicules - côté,,,,,,,,,,,1,2,3,1.0,3.0
201100042903,0011-04-18 19:58:00,11,4,18,19,58,810,4,MILLAU (RTE DE)  32,,,Plein jour,En agglomération,Hors intersection,Normale,Deux véhicules - côté,,,,,,,,,,,1,2,1,1.0,3.0
201100042904,0011-04-19 09:32:00,11,4,19,9,32,810,4,CORDES (RTE DE),44.1318,1.87737,Plein jour,Hors agglomération,Hors intersection,Normale,Trois véhicules et plus - en chaîne,,,,,,,,,,,1,1,1,1.0,4.0
201100042905,0011-04-26 17:30:00,11,4,26,17,30,810,4,LAPEROUSE (PLACE),43.9257,2.14516,Plein jour,En agglomération,Hors intersection,Normale,Autre collision,,,,,,,,,,,1,2,1,1.0,6.0
201100042906,0011-05-21 23:12:00,11,5,21,23,12,810,4,VERDIER (FRANCOIS),43.9194,2.1307,Nuit avec éclairage allumé,En agglomération,Intersection en T,Normale,Deux véhicules - frontale,,,,,,,,,,,5,2,3,1.0,1.0
201100042907,0011-06-30 07:55:00,11,6,30,7,55,810,4,"19, FOCH (AV ET PASS MAR",43.9204,2.14461,Plein jour,En agglomération,Hors intersection,Normale,Autre collision,,,,,,,,,,,1,2,1,1.0,6.0
201100042908,0011-07-11 14:25:00,11,7,11,14,25,810,4,GOYA (FRANCISCO),43.9333,2.16887,Plein jour,En agglomération,Hors intersection,Normale,Deux véhicules - côté,,,,,,,,,,,1,2,1,1.0,3.0
201100042909,0011-07-14 06:20:00,11,7,14,6,20,810,4,ROCADE RN88 NORD,43.9382,2.17117,Crépuscule ou aube,Hors agglomération,Hors intersection,Normale,Autre collision,,,,,,,,,,,2,1,1,1.0,6.0
201100042910,0011-07-21 15:03:00,11,7,21,15,3,810,4,CEVERT (FRANCOIS),43.916,2.16987,Plein jour,En agglomération,Intersection en X,Normale,Deux véhicules - côté,,,,,,,,,,,1,2,2,1.0,3.0
201100042911,0011-11-23 18:20:00,11,11,23,18,20,810,4,LANNES (BD DU MARECHAL),43.9427,2.15122,Nuit avec éclairage allumé,En agglomération,Hors intersection,Normale,Autre collision,,,,,,,,,,,5,2,1,1.0,6.0
201100042912,0011-12-10 18:42:00,11,12,10,18,42,810,144,RD97,43.9627,2.19067,Nuit avec éclairage allumé,En agglomération,Intersection en T,Normale,Trois véhicules et plus - collisions multiples,,,,,,,,,,,5,2,3,1.0,5.0
201100042913,0011-12-22 13:15:00,11,12,22,13,15,810,144,NAJAC ( CH DE ),,,Plein jour,Hors agglomération,Hors intersection,Pluie légère,Deux véhicules - côté,,,,,,,,,,,1,1,1,2.0,3.0
201100042914,0011-12-27 14:00:00,11,12,27,14,0,810,60,GAMBETTA  ( PLACE ),,,Plein jour,En agglomération,Hors intersection,Normale,Autre collision,,,,,,,,,,,1,2,1,1.0,6.0
201100042915,0011-02-02 19:05:00,11,2,2,19,5,810,33,"17, ALBI (AV. D' )",44.0424,2.15702,Nuit avec éclairage allumé,En agglomération,Autre intersection,Normale,Autre collision,,,,,,,,,,,5,2,9,1.0,6.0
201100042916,0011-03-10 14:25:00,11,3,10,14,25,810,60,"988, RODEZ  (AVENUE DE)",,,Plein jour,En agglomération,Intersection en Y,Normale,Deux véhicules - arrière,,,,,,,,,,,1,2,4,1.0,2.0
201100042917,0011-03-23 15:05:00,11,3,23,15,5,810,60,", JAURES ( PLACE JEAN )",,,Plein jour,En agglomération,Place,Normale,Trois véhicules et plus - collisions multiples,,,,,,,,,,,1,2,7,1.0,5.0
201100042918,0011-05-29 10:45:00,11,5,29,10,45,810,60,"31, JAURES ( AVENUE JEAN",,,Plein jour,En agglomération,Hors intersection,Normale,Autre collision,,,,,,,,,,,1,2,1,1.0,6.0
201100042919,0011-10-03 09:00:00,11,10,3,9,0,810,60,"09, NECKARSULM (AV. DE)",44.0556,2.15136,Plein jour,En agglomération,Hors intersection,Temps éblouissant,Deux véhicules - arrière,,,,,,,,,,,1,2,1,7.0,2.0
201100042920,0011-11-25 14:07:00,11,11,25,14,7,810,33,"18, ALBI (AV. D' )",44.0407,2.15711,Plein jour,En agglomération,Hors intersection,Normale,Autre collision,,,,,,,,,,,1,2,1,1.0,6.0
201100042921,0011-01-17 18:50:00,11,1,17,18,50,810,65,METIERS (RUE DES),,,Nuit avec éclairage allumé,En agglomération,Hors intersection,Normale,Autre collision,,,,,,,,,,,5,2,1,1.0,6.0
201100042922,0011-04-14 14:10:00,11,4,14,14,10,810,65,ROUTE DEPARTEMENTALE 101,43.6233,2.21215,Plein jour,En agglomération,Hors intersection,Normale,Sans collision,,,,,,,,,,,1,2,1,1.0,7.0
201100042923,0011-05-24 16:00:00,11,5,24,16,0,810,65,ALBI (RD612 - RTE D'),43.6657,2.23136,Plein jour,Hors agglomération,Intersection en T,Normale,Deux véhicules - côté,,,,,,,,,,,1,1,3,1.0,3.0
201100042924,0011-05-13 07:40:00,11,5,13,7,40,810,65,1012 (ROUTE DEPARTEMENTA,43.6055,2.21569,Plein jour,Hors agglomération,Hors intersection,Normale,Deux véhicules - côté,,,,,,,,,,,1,1,1,1.0,3.0
201100042925,0011-07-27 08:15:00,11,7,27,8,15,810,65,ALBI (RD612 - RTE D'),,,Plein jour,Hors agglomération,Hors intersection,Pluie légère,Deux véhicules - côté,,,,,,,,,,,1,1,1,2.0,3.0
201100042926,0011-08-04 10:50:00,11,8,4,10,50,810,65,"217, ALBERT 1 (AV)",,,Plein jour,En agglomération,Intersection en T,Normale,Trois véhicules et plus - en chaîne,,,,,,,,,,,1,2,3,1.0,4.0
201100042927,0011-08-25 14:30:00,11,8,25,14,30,810,65,ALBERT 1 (AV),,,Plein jour,En agglomération,Hors intersection,Normale,Sans collision,,,,,,,,,,,1,2,1,1.0,7.0
201100042928,0011-09-01 16:00:00,11,9,1,16,0,810,65,ALBI (RD612 - RTE D'),43.6379,2.22282,Plein jour,Hors agglomération,Hors intersection,Normale,Sans collision,,,,,,,,,,,1,1,1,1.0,7.0
201100042929,0011-11-02 22:00:00,11,11,2,22,0,810,65,"51, CAUSSE (CHEMIN DU)",43.6224,2.22905,Nuit sans éclairage public,Hors agglomération,Hors intersection,Normale,Sans collision,,,,,,,,,,,3,1,1,1.0,7.0
201100042930,0011-05-11 18:00:00,11,5,11,18,0,810,105,REALMONT (ROUTE DE),43.7706,2.05951,Plein jour,Hors agglomération,Intersection en X,Normale,Deux véhicules - côté,,,,,,,,,,,1,1,2,1.0,3.0
201100042931,0011-01-09 05:18:00,11,1,9,5,18,810,163,"70, FOCH",,,Nuit avec éclairage allumé,En agglomération,Intersection en X,Normale,Autre collision,,,,,,,,,,,5,2,2,1.0,6.0
201100042932,0011-01-03 09:45:00,11,1,3,9,45,810,163,"29, DAURE (PAULIN)",,,Plein jour,En agglomération,Hors intersection,Normale,Autre collision,,,,,,,,,,,1,2,1,1.0,6.0
201100042933,0011-01-30 22:20:00,11,1,30,22,20,810,163,"60, STRASBOURG",,,Nuit avec éclairage allumé,En agglomération,Hors intersection,Temps couvert,Deux véhicules - arrière,,,,,,,,,,,5,2,1,8.0,2.0
201100042934,0011-02-13 12:25:00,11,2,13,12,25,810,163,"16, RICHARDE",43.4976,2.39568,Plein jour,En agglomération,Hors intersection,Normale,Deux véhicules - côté,,,,,,,,,,,1,2,1,1.0,3.0
201100042935,0011-03-25 21:30:00,11,3,25,21,30,810,163,"34, SAINT JACQUES",,,Nuit avec éclairage allumé,En agglomération,Hors intersection,Normale,Autre collision,,,,,,,,,,,5,2,1,1.0,6.0
201100042936,0011-03-26 15:50:00,11,3,26,15,50,810,163,LINOUBRE (BARRAQUE,43.4694,2.36696,Plein jour,Hors agglomération,Hors intersection,Normale,Sans collision,,,,,,,,,,,1,1,1,1.0,7.0
201100042937,0011-04-08 06:30:00,11,4,8,6,30,810,163,FERRY (JULES),,,Nuit avec éclairage allumé,En agglomération,Intersection en T,Normale,Sans collision,,,,,,,,,,,5,2,3,1.0,7.0
201100042938,0011-05-02 17:55:00,11,5,2,17,55,810,21,"06, THORE",43.5075,2.37615,Plein jour,En agglomération,Hors intersection,Normale,Deux véhicules - côté,,,,,,,,,,,1,2,1,1.0,3.0
201100042939,0011-06-18 16:00:00,11,6,18,16,0,810,163,"26, BARBEY (EDOUARD)",43.4919,2.3748,Plein jour,En agglomération,Hors intersection,Normale,Autre collision,,,,,,,,,,,1,2,1,1.0,6.0
201100042940,0011-06-20 16:40:00,11,6,20,16,40,810,163,"25, JUIN (MARECHAL)",43.5048,2.37986,Plein jour,En agglomération,Hors intersection,Normale,Deux véhicules - côté,,,,,,,,,,,1,2,1,1.0,3.0
201100042941,0011-06-22 15:10:00,11,6,22,15,10,810,163,"32, BARBEY (EDOUARD)",43.4919,2.37479,Plein jour,En agglomération,Hors intersection,Normale,Autre collision,,,,,,,,,,,1,2,1,1.0,6.0
201100042942,0011-09-17 12:00:00,11,9,17,12,0,810,21,"XXX, THORE",43.507,2.37792,Plein jour,En agglomération,Hors intersection,Normale,Deux véhicules - arrière,,,,,,,,,,,1,2,1,1.0,2.0
201100042943,0011-10-01 02:25:00,11,10,1,2,25,810,163,"78, MONTPLAISIR",,,Nuit avec éclairage allumé,En agglomération,Hors intersection,Normale,Autre collision,,,,,,,,,,,5,2,1,1.0,6.0
201100042944,0011-11-04 18:40:00,11,11,4,18,40,810,21,"XXX, LIBERTE",,,Nuit avec éclairage allumé,En agglomération,Hors intersection,Pluie légère,Autre collision,,,,,,,,,,,5,2,1,2.0,6.0
201100042945,0011-01-20 18:45:00,11,1,20,18,45,820,33,RN 113,,,Crépuscule ou aube,Hors agglomération,Intersection en X,Normale,Deux véhicules - côté,,,,,,,,,,,2,1,2,1.0,3.0
201100042946,0011-04-23 01:50:00,11,4,23,1,50,820,33,"0, CD 14",,,Nuit sans éclairage public,Hors agglomération,Hors intersection,Normale,Autre collision,,,,,,,,,,,3,1,1,1.0,6.0
201100042947,0011-06-12 20:50:00,11,6,12,20,50,820,33,"1548, GANDALOU NORD",,,Plein jour,Hors agglomération,Intersection en Y,Normale,Sans collision,,,,,,,,,,,1,1,4,1.0,7.0
201100042948,0011-05-31 10:10:00,11,5,31,10,10,820,33,"0, BENAC (Gaston)",,,Plein jour,En agglomération,Giratoire,Pluie légère,Deux véhicules - côté,,,,,,,,,,,1,2,6,2.0,3.0
201100042949,0011-07-30 01:50:00,11,7,30,1,50,820,33,"3461, CD 958",,,Nuit sans éclairage public,Hors agglomération,Hors intersection,Normale,Deux véhicules - arrière,,,,,,,,,,,3,1,1,1.0,2.0
201100042950,0011-07-21 07:10:00,11,7,21,7,10,820,33,"2648, LAFRANCAISE (de)",,,Plein jour,Hors agglomération,Hors intersection,Normale,Autre collision,,,,,,,,,,,1,1,1,1.0,6.0
201100042951,0011-07-07 17:30:00,11,7,7,17,30,820,33,CD 12,,,Plein jour,En agglomération,Hors intersection,Normale,Autre collision,,,,,,,,,,,1,2,1,1.0,6.0
201100042952,0011-09-04 17:07:00,11,9,4,17,7,820,33,"3, LECLERC (du Mar?chal)",,,Plein jour,En agglomération,Hors intersection,Normale,Sans collision,,,,,,,,,,,1,2,1,1.0,7.0
201100042953,0011-09-18 17:45:00,11,9,18,17,45,820,33,"0, RN 113",,,Plein jour,Hors agglomération,Hors intersection,Pluie légère,Deux véhicules - côté,,,,,,,,,,,1,1,1,2.0,3.0
201100042954,0011-12-28 21:25:00,11,12,28,21,25,820,33,"2104, MOISSAC (de)",,,Nuit sans éclairage public,Hors agglomération,Hors intersection,Pluie légère,Autre collision,,,,,,,,,,,3,1,1,2.0,6.0
201100042955,0011-12-29 12:34:00,11,12,29,12,34,820,121,"NC, BEAUSOLEIL (AVENUE D",,,Plein jour,En agglomération,Intersection en X,Normale,Deux véhicules - côté,,,,,,,,,,,1,2,2,1.0,3.0
201100042956,0011-12-31 18:20:00,11,12,31,18,20,820,121,"NC, LEOJAC D 70 (ROUTE D",,,Nuit sans éclairage public,Hors agglomération,Hors intersection,Pluie légère,Autre collision,,,,,,,,,,,3,1,1,2.0,6.0
201100042957,0011-01-02 15:45:00,11,1,2,15,45,820,121,"5, 19 AOUT 1944 ( AVENUE",,,Plein jour,En agglomération,Hors intersection,Normale,Deux véhicules - côté,,,,,,,,,,,1,2,1,1.0,3.0
201100042958,0011-01-04 10:45:00,11,1,4,10,45,820,121,"0, VOLTAIRE (RUE)",,,Plein jour,En agglomération,Intersection en T,Normale,Deux véhicules - côté,,,,,,,,,,,1,2,3,1.0,3.0
201100042959,0011-01-18 14:00:00,11,1,18,14,0,820,121,"0, A20 entrée 66 (albasu",,,Plein jour,Hors agglomération,Hors intersection,Normale,Sans collision,,,,,,,,,,,1,1,1,1.0,7.0
201100042960,0011-01-21 10:10:00,11,1,21,10,10,820,121,"0, COS (AVENUE DE)",,,Plein jour,En agglomération,Intersection en X,Normale,Autre collision,,,,,,,,,,,1,2,2,1.0,6.0
201100042961,0011-02-08 15:50:00,11,2,8,15,50,820,121,"0, FUSTIE (CHEMIN DE)",,,Plein jour,Hors agglomération,Intersection en X,Temps éblouissant,Autre collision,,,,,,,,,,,1,1,2,7.0,6.0
201100042962,0011-02-08 18:10:00,11,2,8,18,10,820,121,"0, 1ERE ARMEE (AVENUE DE",,,Plein jour,En agglomération,Hors intersection,Normale,Deux véhicules - arrière,,,,,,,,,,,1,2,1,1.0,2.0
201100042963,0011-02-11 18:18:00,11,2,11,18,18,820,121,"0, ROUTE DE BORDEAUX",,,Plein jour,En agglomération,Giratoire,Normale,Autre collision,,,,,,,,,,,1,2,6,1.0,6.0
201100042964,0011-02-23 20:20:00,11,2,23,20,20,820,121,"4500, MARGUE (CHEMIN DE",,,Nuit sans éclairage public,Hors agglomération,Hors intersection,Normale,Autre collision,,,,,,,,,,,3,1,1,1.0,6.0
201100042965,0011-03-06 05:55:00,11,3,6,5,55,820,121,"41, POUTY (AVENUE DE)",,,Nuit avec éclairage allumé,Hors agglomération,Hors intersection,Normale,Autre collision,,,,,,,,,,,5,1,1,1.0,6.0
201100042966,0011-03-11 08:00:00,11,3,11,8,0,820,121,"0, 10EME DRAGONS (AVENUE",,,Plein jour,En agglomération,Hors intersection,Normale,Deux véhicules - arrière,,,,,,,,,,,1,2,1,1.0,2.0
201100042967,0011-03-20 04:10:00,11,3,20,4,10,820,121,"1651, DE SAINT PIERRE (C",,,Nuit sans éclairage public,Hors agglomération,Hors intersection,Normale,Autre collision,,,,,,,,,,,3,1,1,1.0,6.0
201100042968,0011-03-28 20:03:00,11,3,28,20,3,820,121,"0, ARDUS (AVENUE D')",,,Nuit avec éclairage allumé,En agglomération,Giratoire,Normale,Autre collision,,,,,,,,,,,5,2,6,1.0,6.0
201100042969,0011-04-08 23:40:00,11,4,8,23,40,820,121,"0, ARDUS (AVENUE D')",,,Nuit sans éclairage public,Hors agglomération,Hors intersection,Normale,Deux véhicules - arrière,,,,,,,,,,,3,1,1,1.0,2.0
201100042970,0011-04-02 12:45:00,11,4,2,12,45,820,121,"0, SABATIE (RUE LOUIS)",,,Plein jour,En agglomération,Intersection en T,Normale,Autre collision,,,,,,,,,,,1,2,3,1.0,6.0
201100042971,0011-04-07 14:20:00,11,4,7,14,20,820,121,"270, ABBAYE (RUE DE L')",,,Plein jour,En agglomération,Hors intersection,Normale,Deux véhicules - côté,,,,,,,,,,,1,2,1,1.0,3.0
201100042972,0011-04-08 10:25:00,11,4,8,10,25,820,121,"6, MIDI-PYRENEES (BOULEV",,,Plein jour,En agglomération,Hors intersection,Normale,Autre collision,,,,,,,,,,,1,2,1,1.0,6.0
201100042973,0011-04-30 16:05:00,11,4,30,16,5,820,121,"0, CHAMIER (AVENUE)",,,Plein jour,En agglomération,Hors intersection,Normale,Autre collision,,,,,,,,,,,1,2,1,1.0,6.0
201100042974,0011-05-05 13:45:00,11,5,5,13,45,820,121,"0, ITALIE (AVENUE D')",,,Plein jour,Hors agglomération,Giratoire,Normale,Autre collision,,,,,,,,,,,1,1,6,1.0,6.0
201100042975,0011-05-07 14:45:00,11,5,7,14,45,820,121,"0, GAMBETTA (AVENUE)",,,Plein jour,En agglomération,Giratoire,Pluie forte,Autre collision,,,,,,,,,,,1,2,6,3.0,6.0
201100042976,0011-05-16 11:00:00,11,5,16,11,0,820,121,"0, POULT (QUAI ADOLPHE)",,,Plein jour,En agglomération,Intersection en X,Normale,Deux véhicules - côté,,,,,,,,,,,1,2,2,1.0,3.0
201100042977,0011-05-22 01:15:00,11,5,22,1,15,820,121,AUTOROUTE A 20,,,Nuit sans éclairage public,Hors agglomération,Hors intersection,Normale,Autre collision,,,,,,,,,,,3,1,1,1.0,6.0
201100042978,0011-06-06 18:11:00,11,6,6,18,11,820,121,AUTOROUTE A 20,,,Plein jour,En agglomération,Hors intersection,Pluie légère,Autre collision,,,,,,,,,,,1,2,1,2.0,6.0
201100042979,0011-05-18 15:50:00,11,5,18,15,50,820,121,", HOTEL DE VILLE (RUE DE",,,Plein jour,En agglomération,Intersection en T,Normale,Deux véhicules - arrière,,,,,,,,,,,1,2,3,1.0,2.0
201100042980,0011-05-25 11:10:00,11,5,25,11,10,820,121,"0, CHROL (AVENUE DU PERE",,,Plein jour,En agglomération,Hors intersection,Normale,Autre collision,,,,,,,,,,,1,2,1,1.0,6.0
201100042981,0011-06-08 09:05:00,11,6,8,9,5,820,121,"0, HOTEL DE VILLE (RUE D",,,Plein jour,En agglomération,Hors intersection,Normale,Sans collision,,,,,,,,,,,1,2,1,1.0,7.0
201100042982,0011-06-21 18:50:00,11,6,21,18,50,820,121,AUTOROUTE A20,,,Plein jour,Hors agglomération,Hors intersection,Normale,Sans collision,,,,,,,,,,,1,1,1,1.0,7.0