accident_id,datetime,annee,mois,jour,heure,minute,departement,commune_insee,adresse,latitude,longitude,luminosite,agglomeration,intersection,meteo,collision,nb_vehicules,nb_usagers,nb_indemnes,nb_tues,nb_blesses_hosp,nb_blesses_legers,age_cond_1,age_cond_2,veh_type_cond_1,veh_type_cond_2,lum_code,agg_code,int_code,atm_code,col_code
201100043235,0011-01-03 17:06:00,11,1,3,17,6,830,137,FABIE (RUE / AVE FRANCOI,,,Nuit avec éclairage non allumé,En agglomération,Hors intersection,Pluie légère,Autre collision,,,,,,,,,,,4,2,1,2.0,6.0
201100043236,0011-01-03 18:55:00,11,1,3,18,55,830,144,PICASSO (AVE PABLO),,,Nuit avec éclairage allumé,En agglomération,Giratoire,Normale,Deux véhicules - côté,,,,,,,,,,,5,2,6,1.0,3.0
201100043237,0011-01-06 09:50:00,11,1,6,9,50,830,62,DIGNE (AVENUE DE ),,,Plein jour,En agglomération,Hors intersection,Normale,Deux véhicules - côté,,,,,,,,,,,1,2,1,1.0,3.0
201100043238,0011-01-06 14:20:00,11,1,6,14,20,830,137,VILLEVIEILLE (ROND POINT,,,Plein jour,En agglomération,Hors intersection,Temps couvert,Deux véhicules - arrière,,,,,,,,,,,1,2,1,8.0,2.0
201100043239,0011-01-06 18:35:00,11,1,6,18,35,830,144,LIBERATION (AVE DE LA),,,Nuit avec éclairage allumé,En agglomération,Intersection en T,Pluie légère,Deux véhicules - côté,,,,,,,,,,,5,2,3,2.0,3.0
201100043240,0011-01-07 21:45:00,11,1,7,21,45,830,137,BRIAND (AVE ARISTIDE DE,,,Nuit avec éclairage allumé,En agglomération,Intersection en X,Temps couvert,Deux véhicules - côté,,,,,,,,,,,5,2,2,8.0,3.0
201100043241,0011-01-11 19:10:00,11,1,11,19,10,830,62,PREMIER (BAT.INF.DU PACI,,,Nuit avec éclairage allumé,En agglomération,Giratoire,Normale,Autre collision,,,,,,,,,,,5,2,6,1.0,6.0
201100043242,0011-01-12 16:00:00,11,1,12,16,0,830,144,"180, TREMOLIERE (AVE)",,,Plein jour,En agglomération,Hors intersection,Normale,Autre collision,,,,,,,,,,,1,2,1,1.0,6.0
201100043243,0011-01-09 15:20:00,11,1,9,15,20,830,137,DAVID (RUE),,,Plein jour,En agglomération,Hors intersection,Normale,Sans collision,,,,,,,,,,,1,2,1,1.0,7.0
201100043244,0011-01-17 17:45:00,11,1,17,17,45,830,137,"1622, MOULINS (AVE DES D",,,Nuit avec éclairage allumé,En agglomération,Hors intersection,Normale,Autre collision,,,,,,,,,,,5,2,1,1.0,6.0
201100043245,0011-01-06 15:45:00,11,1,6,15,45,830,137,STRASBOURG (BD DE ),,,Plein jour,En agglomération,Autre intersection,Normale,Sans collision,,,,,,,,,,,1,2,9,1.0,7.0
201100043246,0011-01-11 14:25:00,11,1,11,14,25,830,90,DE HAUTECLOCQUE (RUE PHI,,,Plein jour,En agglomération,Hors intersection,Pluie légère,Autre collision,,,,,,,,,,,1,2,1,2.0,6.0
201100043247,0011-01-06 11:45:00,11,1,6,11,45,830,137,"389, FORBIN (AVE DE)",,,Plein jour,En agglomération,Hors intersection,Normale,Deux véhicules - frontale,,,,,,,,,,,1,2,1,1.0,1.0
201100043248,0011-01-24 20:30:00,11,1,24,20,30,830,137,CUZIN (AVE FRANCOIS),,,Nuit avec éclairage allumé,En agglomération,Intersection en X,Normale,Deux véhicules - frontale,,,,,,,,,,,5,2,2,1.0,1.0
201100043249,0011-01-19 16:20:00,11,1,19,16,20,830,137,SAINTE CLAIRE DEVILLE (R,,,Plein jour,En agglomération,Hors intersection,Normale,Deux véhicules - côté,,,,,,,,,,,1,2,1,1.0,3.0
201100043250,0011-01-20 17:40:00,11,1,20,17,40,830,137,DAVID (RUE),,,Nuit avec éclairage allumé,En agglomération,Hors intersection,Pluie légère,Deux véhicules - côté,,,,,,,,,,,5,2,1,2.0,3.0
201100043251,0011-01-26 17:30:00,11,1,26,17,30,830,137,AUDEOUD (RUE GENERAL MIC,,,Plein jour,En agglomération,Hors intersection,Normale,Deux véhicules - côté,,,,,,,,,,,1,2,1,1.0,3.0
201100043252,0011-01-29 09:42:00,11,1,29,9,42,830,62,ROUTE NATIONALE 97,,,Plein jour,En agglomération,Hors intersection,Pluie légère,Deux véhicules - frontale,,,,,,,,,,,1,2,1,2.0,1.0
201100043253,0011-01-24 08:35:00,11,1,24,8,35,830,137,FUSILIERS MARINS (AVE DE,,,Plein jour,En agglomération,Hors intersection,Normale,Autre collision,,,,,,,,,,,1,2,1,1.0,6.0
201100043254,0011-01-28 23:01:00,11,1,28,23,1,830,90,GORGES (ROUTE DES),,,Nuit sans éclairage public,Hors agglomération,Hors intersection,Normale,Autre collision,,,,,,,,,,,3,1,1,1.0,6.0
201100043255,0011-02-02 07:20:00,11,2,2,7,20,830,137,"42, SIOU BLANC (RUE DU)",,,Crépuscule ou aube,En agglomération,Hors intersection,Normale,Autre collision,,,,,,,,,,,2,2,1,1.0,6.0
201100043256,0011-02-04 11:20:00,11,2,4,11,20,830,90,BOUYERE (CHEMIN DE LA),,,Plein jour,Hors agglomération,Hors intersection,Normale,Autre collision,,,,,,,,,,,1,1,1,1.0,6.0
201100043257,0011-01-28 14:50:00,11,1,28,14,50,830,137,"131, NOBEL (AVE)",,,Plein jour,En agglomération,Hors intersection,Normale,Autre collision,,,,,,,,,,,1,2,1,1.0,6.0
201100043258,0011-02-04 14:10:00,11,2,4,14,10,830,137,RICHELIEU (RUE),,,Plein jour,En agglomération,Hors intersection,Normale,Autre collision,,,,,,,,,,,1,2,1,1.0,6.0
201100043259,0011-02-03 18:00:00,11,2,3,18,0,830,137,VIENNE (RUE HENRI),,,Nuit avec éclairage allumé,En agglomération,Hors intersection,Normale,Autre collision,,,,,,,,,,,5,2,1,1.0,6.0
201100043260,0011-01-27 17:55:00,11,1,27,17,55,830,137,COLLET (AVE AMIRAL),,,Nuit avec éclairage allumé,En agglomération,Hors intersection,Normale,Autre collision,,,,,,,,,,,5,2,1,1.0,6.0
201100043261,0011-02-03 18:30:00,11,2,3,18,30,830,62,JAURES (AVENUE JEAN),,,Nuit avec éclairage allumé,En agglomération,Hors intersection,Normale,Autre collision,,,,,,,,,,,5,2,1,1.0,6.0
201100043262,0011-02-06 13:00:00,11,2,6,13,0,830,137,NICOLAS (BD COMMANDANT),,,Plein jour,En agglomération,Hors intersection,Normale,Autre collision,,,,,,,,,,,1,2,1,1.0,6.0
201100043263,0011-02-09 13:07:00,11,2,9,13,7,830,137,DEVOUCOUX (AVE ROGER),,,Plein jour,En agglomération,Autre intersection,Normale,Autre collision,,,,,,,,,,,1,2,9,1.0,6.0
201100043264,0011-02-02 12:11:00,11,2,2,12,11,830,62,DRAGUIGNAN (AVENUE DE),,,Plein jour,En agglomération,Intersection en T,Normale,Deux véhicules - côté,,,,,,,,,,,1,2,3,1.0,3.0
201100043265,0011-02-04 09:44:00,11,2,4,9,44,830,137,DE LATTRE DE TASSIGNY (A,,,Plein jour,En agglomération,Hors intersection,Normale,Autre collision,,,,,,,,,,,1,2,1,1.0,6.0
201100043266,0011-02-13 01:30:00,11,2,13,1,30,830,137,"1187, PICOT (AVE DU COLO",,,Nuit avec éclairage allumé,En agglomération,Hors intersection,Normale,Autre collision,,,,,,,,,,,5,2,1,1.0,6.0
201100043267,0011-02-09 08:35:00,11,2,9,8,35,830,137,HERRIOT (AVE EDOUARD),,,Plein jour,En agglomération,Autre intersection,Normale,Deux véhicules - côté,,,,,,,,,,,1,2,9,1.0,3.0
201100043268,0011-02-10 17:15:00,11,2,10,17,15,830,137,"1164, MOULINS (AVE DES D",,,Plein jour,En agglomération,Hors intersection,Normale,Autre collision,,,,,,,,,,,1,2,1,1.0,6.0
201100043269,0011-01-12 18:30:00,11,1,12,18,30,830,137,SCARONNE (ROND POINT G.J,,,Nuit avec éclairage allumé,En agglomération,Giratoire,Normale,Deux véhicules - côté,,,,,,,,,,,5,2,6,1.0,3.0
201100043270,0011-02-02 13:25:00,11,2,2,13,25,830,90,CLOS DU HAUT (CHEMIN LE),,,Plein jour,En agglomération,Hors intersection,Normale,Deux véhicules - arrière,,,,,,,,,,,1,2,1,1.0,2.0
201100043271,0011-02-06 05:50:00,11,2,6,5,50,830,62,DE LATTRE DE TASSIGNY (A,,,Nuit avec éclairage allumé,En agglomération,Hors intersection,Normale,Autre collision,,,,,,,,,,,5,2,1,1.0,6.0
201100043272,0011-02-16 15:10:00,11,2,16,15,10,830,137,PLAISANCE (ROUTE DE),,,Plein jour,En agglomération,Hors intersection,Pluie légère,Deux véhicules - arrière,,,,,,,,,,,1,2,1,2.0,2.0
201100043273,0011-02-17 09:40:00,11,2,17,9,40,830,137,BARON (RUE MARC),,,Plein jour,En agglomération,Hors intersection,Normale,Deux véhicules - côté,,,,,,,,,,,1,2,1,1.0,3.0
201100043274,0011-02-10 19:25:00,11,2,10,19,25,830,137,FLAMMARION (BD CAMILLE),,,Nuit avec éclairage allumé,En agglomération,Intersection en T,Normale,Deux véhicules - côté,,,,,,,,,,,5,2,3,1.0,3.0
201100043275,0011-02-17 15:00:00,11,2,17,15,0,830,137,MALON (AVE BENOIT),,,Plein jour,En agglomération,Intersection en X,Pluie forte,Deux véhicules - côté,,,,,,,,,,,1,2,2,3.0,3.0
201100043276,0011-02-18 09:40:00,11,2,18,9,40,830,137,TERRES ROUGES (CHEMIN DE,,,Plein jour,En agglomération,Hors intersection,Normale,Sans collision,,,,,,,,,,,1,2,1,1.0,7.0
201100043277,0011-02-18 12:20:00,11,2,18,12,20,830,137,NICOLAS (BD COMMANDANT),,,Plein jour,En agglomération,Hors intersection,Normale,Autre collision,,,,,,,,,,,1,2,1,1.0,6.0
201100043278,0011-02-21 23:10:00,11,2,21,23,10,830,137,BON RENCONTRE (ROND POIN,,,Nuit avec éclairage allumé,En agglomération,Intersection à plus de 4 branches,Normale,Autre collision,,,,,,,,,,,5,2,5,1.0,6.0
201100043279,0011-03-03 12:10:00,11,3,3,12,10,830,62,"1557, GANCE (AVENUE ABEL",,,Plein jour,En agglomération,Hors intersection,Normale,Deux véhicules - frontale,,,,,,,,,,,1,2,1,1.0,1.0
201100043280,0011-02-02 15:10:00,11,2,2,15,10,830,137,"238, LICES (AVE DES)",,,Plein jour,En agglomération,Hors intersection,Normale,Autre collision,,,,,,,,,,,1,2,1,1.0,6.0
201100043281,0011-02-17 17:13:00,11,2,17,17,13,830,137,GUILLEMARD (RUE ROBERT),,,Nuit avec éclairage allumé,En agglomération,Hors intersection,Pluie légère,Deux véhicules - côté,,,,,,,,,,,5,2,1,2.0,3.0
201100043282,0011-02-21 17:30:00,11,2,21,17,30,830,62,DE LATTRE DE TASSIGNY (A,,,Plein jour,En agglomération,Intersection à plus de 4 branches,Normale,Deux véhicules - côté,,,,,,,,,,,1,2,5,1.0,3.0
201100043283,0011-03-02 21:10:00,11,3,2,21,10,830,137,MARSEILLE (ROUTE DE),,,Nuit avec éclairage allumé,En agglomération,Hors intersection,Pluie légère,Deux véhicules - arrière,,,,,,,,,,,5,2,1,2.0,2.0
201100043284,0011-03-04 12:37:00,11,3,4,12,37,830,144,LUMIERE (AVE DES FRERES),,,Plein jour,En agglomération,Intersection en T,Normale,Trois véhicules et plus - collisions multiples,,,,,,,,,,,1,2,3,1.0,5.0
201100043285,0011-03-09 14:30:00,11,3,9,14,30,830,62,PAULINE (CHEMIN DE LA),,,Plein jour,En agglomération,Hors intersection,Normale,Deux véhicules - arrière,,,,,,,,,,,1,2,1,1.0,2.0
201100043286,0011-02-26 20:30:00,11,2,26,20,30,830,90,RESISTANCE (AVE DE LA),,,Nuit avec éclairage allumé,En agglomération,Hors intersection,Normale,Deux véhicules - frontale,,,,,,,,,,,5,2,1,1.0,1.0
201100043287,0011-03-06 22:30:00,11,3,6,22,30,830,137,GASQUET (AVE JOSEPH DE 1,,,Nuit avec éclairage allumé,En agglomération,Intersection à plus de 4 branches,Normale,Deux véhicules - côté,,,,,,,,,,,5,2,5,1.0,3.0
201100043288,0011-03-10 09:20:00,11,3,10,9,20,830,137,GASQUET (AVE JOSEPH DE 1,,,Plein jour,Hors agglomération,Hors intersection,Normale,Deux véhicules - arrière,,,,,,,,,,,1,1,1,1.0,2.0
201100043289,0011-02-15 10:15:00,11,2,15,10,15,830,62,AUTRAN (AVENUE BASTITIN),,,Plein jour,En agglomération,Hors intersection,Pluie légère,Trois véhicules et plus - en chaîne,,,,,,,,,,,1,2,1,2.0,4.0
201100043290,0011-03-15 17:15:00,11,3,15,17,15,830,137,"16, CUZIN (AVE FRANCOIS)",,,Plein jour,En agglomération,Hors intersection,Pluie forte,Deux véhicules - frontale,,,,,,,,,,,1,2,1,3.0,1.0
201100043291,0011-03-09 11:15:00,11,3,9,11,15,830,137,CLOVIS (AVE HUGUES),,,Plein jour,En agglomération,Hors intersection,Normale,Autre collision,,,,,,,,,,,1,2,1,1.0,6.0
201100043292,0011-03-14 08:15:00,11,3,14,8,15,830,137,"438, LOTI (AVE PIERRE)",,,Plein jour,En agglomération,Hors intersection,Normale,Deux véhicules - côté,,,,,,,,,,,1,2,1,1.0,3.0
201100043293,0011-03-21 10:58:00,11,3,21,10,58,830,62,DRAGUIGNAN (AVENUE DE),,,Plein jour,En agglomération,Giratoire,Normale,Deux véhicules - côté,,,,,,,,,,,1,2,6,1.0,3.0
201100043294,0011-03-23 15:45:00,11,3,23,15,45,830,137,"44, STRASBOURG (BD DE )",,,Plein jour,En agglomération,Hors intersection,Normale,Deux véhicules - arrière,,,,,,,,,,,1,2,1,1.0,2.0
201100043295,0011-03-23 18:10:00,11,3,23,18,10,830,137,"641, SAINTE CLAIRE DEVIL",,,Plein jour,En agglomération,Hors intersection,Normale,Deux véhicules - côté,,,,,,,,,,,1,2,1,1.0,3.0
201100043296,0011-03-24 07:30:00,11,3,24,7,30,830,90,FAVEYROLLES (ROUTE DE),,,Crépuscule ou aube,Hors agglomération,Intersection en T,Temps éblouissant,Deux véhicules - côté,,,,,,,,,,,2,1,3,7.0,3.0
201100043297,0011-03-29 13:45:00,11,3,29,13,45,830,137,BRIAND (AVE ARISTIDE PRO,,,Plein jour,En agglomération,Intersection en T,Normale,Deux véhicules - côté,,,,,,,,,,,1,2,3,1.0,3.0
201100043298,0011-02-28 13:10:00,11,2,28,13,10,830,137,BRIAND (AVE ARISTIDE DE,,,Plein jour,En agglomération,Intersection en T,Normale,Deux véhicules - côté,,,,,,,,,,,1,2,3,1.0,3.0
201100043299,0011-03-07 17:20:00,11,3,7,17,20,830,137,"476, BRIAND (AVE ARISTID",,,Plein jour,En agglomération,Hors intersection,Normale,Deux véhicules - arrière,,,,,,,,,,,1,2,1,1.0,2.0
201100043300,0011-03-21 16:55:00,11,3,21,16,55,830,137,MIRASOULEOU (AVE / ROND,,,Plein jour,En agglomération,Giratoire,Normale,Deux véhicules - côté,,,,,,,,,,,1,2,6,1.0,3.0
201100043301,0011-03-31 14:30:00,11,3,31,14,30,830,137,"0, RESISTANCE (AVE / IMP",,,Plein jour,En agglomération,Intersection en T,Normale,Deux véhicules - côté,,,,,,,,,,,1,2,3,1.0,3.0
201100043302,0011-03-05 19:45:00,11,3,5,19,45,830,98,GANZIN (AVENUE DE),,,Nuit avec éclairage non allumé,Hors agglomération,Intersection en Y,Normale,Deux véhicules - côté,,,,,,,,,,,4,1,4,1.0,3.0
201100043303,0011-03-31 22:00:00,11,3,31,22,0,830,62,"758, AUGIAS (AVENUE EUGE",,,Nuit avec éclairage allumé,Hors agglomération,Hors intersection,Normale,Autre collision,,,,,,,,,,,5,1,1,1.0,6.0
201100043304,0011-03-28 10:20:00,11,3,28,10,20,830,137,"404, CUZIN (AVE FRANCOIS",,,Plein jour,En agglomération,Intersection en T,Normale,Autre collision,,,,,,,,,,,1,2,3,1.0,6.0
201100043305,0011-04-01 12:00:00,11,4,1,12,0,830,137,PICON (BD LOUIS),,,Plein jour,En agglomération,Intersection en T,Normale,Autre collision,,,,,,,,,,,1,2,3,1.0,6.0
201100043306,0011-04-01 07:00:00,11,4,1,7,0,830,62,DRAGUIGNAN (AVENUE DE),,,Plein jour,En agglomération,Hors intersection,Normale,Deux véhicules - côté,,,,,,,,,,,1,2,1,1.0,3.0
201100043307,0011-04-06 10:49:00,11,4,6,10,49,830,62,THOUAR MONTEE,,,Plein jour,En agglomération,Hors intersection,Normale,Deux véhicules - frontale,,,,,,,,,,,1,2,1,1.0,1.0
201100043308,0011-03-26 10:15:00,11,3,26,10,15,830,137,"372, MOULIN (AVE JEAN)",,,Plein jour,En agglomération,Hors intersection,Normale,Autre collision,,,,,,,,,,,1,2,1,1.0,6.0
201100043309,0011-03-29 14:23:00,11,3,29,14,23,830,137,ALBERT 1ER (PLACE),,,Plein jour,En agglomération,Hors intersection,Normale,Autre collision,,,,,,,,,,,1,2,1,1.0,6.0
201100043310,0011-04-05 16:55:00,11,4,5,16,55,830,62,QUATRE CHEMINS,,,Plein jour,En agglomération,Hors intersection,Normale,Deux véhicules - côté,,,,,,,,,,,1,2,1,1.0,3.0
201100043311,0011-04-05 18:00:00,11,4,5,18,0,830,62,TROIN (RUE JACQUES),,,Plein jour,En agglomération,Hors intersection,Normale,Deux véhicules - frontale,,,,,,,,,,,1,2,1,1.0,1.0
201100043312,0011-03-31 11:55:00,11,3,31,11,55,830,137,"1333, PICOT (AVE DU COLO",,,Plein jour,En agglomération,Autre intersection,Normale,Deux véhicules - côté,,,,,,,,,,,1,2,9,1.0,3.0
201100043313,0011-04-07 13:50:00,11,4,7,13,50,830,137,BRASSERIE (CHEMIN DE LA),,,Plein jour,En agglomération,Intersection en X,Normale,Deux véhicules - côté,,,,,,,,,,,1,2,2,1.0,3.0
201100043314,0011-04-07 15:25:00,11,4,7,15,25,830,137,"1060, BRIAND (AVE ARISTI",,,Plein jour,En agglomération,Hors intersection,Normale,Deux véhicules - côté,,,,,,,,,,,1,2,1,1.0,3.0
201100043315,0011-04-11 19:05:00,11,4,11,19,5,830,137,CAMUS (AVE ALBERT),,,Plein jour,En agglomération,Hors intersection,Normale,Deux véhicules - arrière,,,,,,,,,,,1,2,1,1.0,2.0
201100043316,0011-04-12 20:10:00,11,4,12,20,10,830,137,CD 46 (DEBUT TLN A ARTHE,,,Plein jour,Hors agglomération,Hors intersection,Normale,Autre collision,,,,,,,,,,,1,1,1,1.0,6.0
201100043317,0011-04-13 12:30:00,11,4,13,12,30,830,137,BEGUIN (PLACE ADOLPHE),,,Plein jour,En agglomération,Place,Normale,Autre collision,,,,,,,,,,,1,2,7,1.0,6.0
201100043318,0011-04-07 12:45:00,11,4,7,12,45,830,144,NEEL (Rue Louis),,,Plein jour,En agglomération,Autre intersection,Normale,Deux véhicules - côté,,,,,,,,,,,1,2,9,1.0,3.0
201100043319,0011-04-14 17:00:00,11,4,14,17,0,830,62,"1595, HOUOT (AVENUE CDT)",,,Plein jour,En agglomération,Hors intersection,Normale,Sans collision,,,,,,,,,,,1,2,1,1.0,7.0
201100043320,0011-04-16 12:10:00,11,4,16,12,10,830,137,DOUAUMONT (PLACE),,,Plein jour,En agglomération,Hors intersection,Normale,Autre collision,,,,,,,,,,,1,2,1,1.0,6.0
201100043321,0011-04-04 07:05:00,11,4,4,7,5,830,137,SAINT BERNARD (RUE / PAS,,,Plein jour,Hors agglomération,Hors intersection,Normale,Deux véhicules - côté,,,,,,,,,,,1,1,1,1.0,3.0
201100043322,0011-03-29 11:05:00,11,3,29,11,5,830,137,FONTAN (AVE DU DOCTEUR),,,Plein jour,Hors agglomération,Intersection en T,Normale,Deux véhicules - côté,,,,,,,,,,,1,1,3,1.0,3.0
201100043323,0011-03-25 16:20:00,11,3,25,16,20,830,137,VERT COTEAU (AVE DU),,,Plein jour,En agglomération,Hors intersection,Normale,Autre collision,,,,,,,,,,,1,2,1,1.0,6.0
201100043324,0011-04-18 16:20:00,11,4,18,16,20,830,137,GOURAUD (AVE GENERAL),,,Plein jour,En agglomération,Intersection en X,Normale,Deux véhicules - côté,,,,,,,,,,,1,2,2,1.0,3.0
201100043325,0011-04-14 19:30:00,11,4,14,19,30,830,137,JOFFRE (BD MARECHAL),,,Plein jour,En agglomération,Hors intersection,Normale,Autre collision,,,,,,,,,,,1,2,1,1.0,6.0
201100043326,0011-04-17 15:30:00,11,4,17,15,30,830,90,SANARY (Route de),,,Plein jour,Hors agglomération,Intersection en T,Normale,Deux véhicules - côté,,,,,,,,,,,1,1,3,1.0,3.0
201100043327,0011-04-17 20:40:00,11,4,17,20,40,830,137,"260, JOFFRE (BD MARECHAL",,,Nuit avec éclairage non allumé,En agglomération,Hors intersection,Normale,Autre collision,,,,,,,,,,,4,2,1,1.0,6.0
201100043328,0011-04-13 19:15:00,11,4,13,19,15,830,62,POUVEREL (CHEMIN DU),,,Crépuscule ou aube,En agglomération,Hors intersection,Normale,Autre collision,,,,,,,,,,,2,2,1,1.0,6.0
201100043329,0011-04-02 22:45:00,11,4,2,22,45,830,137,PERI  (PLACE GABRIEL),,,Nuit avec éclairage allumé,En agglomération,Giratoire,Normale,Autre collision,,,,,,,,,,,5,2,6,1.0,6.0
201100043330,0011-04-18 08:50:00,11,4,18,8,50,830,90,MONNET (AVE JEAN),,,Plein jour,En agglomération,Intersection en T,Normale,Deux véhicules - côté,,,,,,,,,,,1,2,3,1.0,3.0
201100043331,0011-04-21 12:00:00,11,4,21,12,0,830,137,GASQUET (AVE JOSEPH DE 1,,,Plein jour,En agglomération,Hors intersection,Normale,Autre collision,,,,,,,,,,,1,2,1,1.0,6.0
201100043332,0011-04-22 15:20:00,11,4,22,15,20,830,137,"364, RIGOUMEL (CHEMIN DE",,,Plein jour,En agglomération,Hors intersection,Temps couvert,Deux véhicules - frontale,,,,,,,,,,,1,2,1,8.0,1.0
201100043333,0011-04-27 08:30:00,11,4,27,8,30,830,137,COLLET (AVE AMIRAL),,,Plein jour,En agglomération,Intersection en T,Normale,Deux véhicules - côté,,,,,,,,,,,1,2,3,1.0,3.0
201100043334,0011-05-01 15:40:00,11,5,1,15,40,830,90,"427, RESISTANCE (AVE DE",,,Plein jour,En agglomération,Hors intersection,Normale,Autre collision,,,,,,,,,,,1,2,1,1.0,6.0
201100043335,0011-05-02 13:00:00,11,5,2,13,0,830,137,15EME CORPS (AVE DU),,,Plein jour,En agglomération,Hors intersection,Normale,Deux véhicules - côté,,,,,,,,,,,1,2,1,1.0,3.0
201100043336,0011-05-02 17:55:00,11,5,2,17,55,830,144,VALGORA,,,Plein jour,En agglomération,Hors intersection,Normale,Deux véhicules - côté,,,,,,,,,,,1,2,1,1.0,3.0
201100043337,0011-05-03 07:30:00,11,5,3,7,30,830,137,"1794, BRIAND (AVE ARISTI",,,Plein jour,En agglomération,Hors intersection,Normale,Deux véhicules - côté,,,,,,,,,,,1,2,1,1.0,3.0
201100043338,0011-05-03 08:10:00,11,5,3,8,10,830,137,"07, HAYE (AVE DE LA)",,,Plein jour,En agglomération,Hors intersection,Normale,Autre collision,,,,,,,,,,,1,2,1,1.0,6.0
201100043339,0011-04-29 12:00:00,11,4,29,12,0,830,137,STRASBOURG (BD DE ),,,Plein jour,En agglomération,Hors intersection,Normale,Autre collision,,,,,,,,,,,1,2,1,1.0,6.0
201100043340,0011-04-29 19:00:00,11,4,29,19,0,830,137,CHARLEUX (AVE JULES),,,Plein jour,En agglomération,Autre intersection,Normale,Deux véhicules - côté,,,,,,,,,,,1,2,9,1.0,3.0
201100043341,0011-05-11 16:45:00,11,5,11,16,45,830,62,PREMIER (BAT.INF.DU PACI,,,Plein jour,En agglomération,Giratoire,Normale,Deux véhicules - arrière,,,,,,,,,,,1,2,6,1.0,2.0
201100043342,0011-05-11 18:20:00,11,5,11,18,20,830,144,"518, BLANC (BD DR EUGENE",,,Plein jour,En agglomération,Hors intersection,Normale,Deux véhicules - côté,,,,,,,,,,,1,2,1,1.0,3.0
201100043343,0011-05-11 19:45:00,11,5,11,19,45,830,137,POMETS (ROUTE DES),,,Plein jour,Hors agglomération,Hors intersection,Normale,Deux véhicules - frontale,,,,,,,,,,,1,1,1,1.0,1.0
201100043344,0011-04-29 11:10:00,11,4,29,11,10,830,137,"2, CASTEL (RUE)",,,Plein jour,En agglomération,Hors intersection,Normale,Autre collision,,,,,,,,,,,1,2,1,1.0,6.0
201100043345,0011-04-30 19:21:00,11,4,30,19,21,830,137,"59, PONT DE BOIS (CHEMIN",,,Plein jour,En agglomération,Hors intersection,Normale,Deux véhicules - côté,,,,,,,,,,,1,2,1,1.0,3.0
201100043346,0011-05-03 10:50:00,11,5,3,10,50,830,90,"946, MONNET (AVE JEAN)",,,Plein jour,Hors agglomération,Hors intersection,Normale,Deux véhicules - frontale,,,,,,,,,,,1,1,1,1.0,1.0
201100043347,0011-05-04 07:55:00,11,5,4,7,55,830,62,"692, FABRI DE PEIRESC (A",,,Plein jour,En agglomération,Hors intersection,Normale,Deux véhicules - côté,,,,,,,,,,,1,2,1,1.0,3.0
201100043348,0011-05-05 07:50:00,11,5,5,7,50,830,137,PUY (RUE DOCTEUR LOUIS),,,Plein jour,En agglomération,Hors intersection,Normale,Deux véhicules - arrière,,,,,,,,,,,1,2,1,1.0,2.0
201100043349,0011-05-06 10:45:00,11,5,6,10,45,830,137,PASTOUREAU (RUE HENRI),,,Plein jour,En agglomération,Hors intersection,Normale,Autre collision,,,,,,,,,,,1,2,1,1.0,6.0
201100043350,0011-05-07 05:30:00,11,5,7,5,30,830,137,MARCHAND (AVE COMMANDANT,,,Crépuscule ou aube,En agglomération,Hors intersection,Normale,Deux véhicules - arrière,,,,,,,,,,,2,2,1,1.0,2.0
201100043351,0011-05-10 13:25:00,11,5,10,13,25,830,137,PINARD (ALLEE DU PROFESS,,,Plein jour,En agglomération,Hors intersection,Normale,Sans collision,,,,,,,,,,,1,2,1,1.0,7.0
201100043352,0011-05-13 23:00:00,11,5,13,23,0,830,137,SAINTE MUSSE (VIEUX CHEM,,,Nuit avec éclairage allumé,En agglomération,Intersection en X,Normale,Sans collision,,,,,,,,,,,5,2,2,1.0,7.0
201100043353,0011-05-08 18:00:00,11,5,8,18,0,830,137,GASQUET (AVE JOSEPH DE 1,,,Plein jour,En agglomération,Hors intersection,Normale,Deux véhicules - côté,,,,,,,,,,,1,2,1,1.0,3.0
201100043354,0011-05-14 16:00:00,11,5,14,16,0,830,137,"107, MALON (AVE BENOIT)",,,Plein jour,En agglomération,Hors intersection,Normale,Autre collision,,,,,,,,,,,1,2,1,1.0,6.0
201100043355,0011-04-25 10:30:00,11,4,25,10,30,830,137,15EME CORPS (AVE DU),,,Plein jour,En agglomération,Intersection en T,Normale,Autre collision,,,,,,,,,,,1,2,3,1.0,6.0
201100043356,0011-05-05 08:40:00,11,5,5,8,40,830,90,NATIONALE 8 (ROUTE),,,Plein jour,Hors agglomération,Intersection en T,Normale,Deux véhicules - côté,,,,,,,,,,,1,1,3,1.0,3.0
201100043357,0011-05-15 13:55:00,11,5,15,13,55,830,137,ESCARTEFIGUE (CORNICHE D,,,Plein jour,En agglomération,Hors intersection,Normale,Deux véhicules - frontale,,,,,,,,,,,1,2,1,1.0,1.0
201100043358,0011-05-16 11:00:00,11,5,16,11,0,830,137,BIR-HAKEIM (ROND POINT),,,Plein jour,En agglomération,Hors intersection,Normale,Autre collision,,,,,,,,,,,1,2,1,1.0,6.0
201100043359,0011-05-17 18:05:00,11,5,17,18,5,830,137,"14, DOUALA (RUE)",,,Plein jour,En agglomération,Hors intersection,Normale,Deux véhicules - frontale,,,,,,,,,,,1,2,1,1.0,1.0
201100043360,0011-05-11 07:20:00,11,5,11,7,20,830,90,MONNET (AVE JEAN),,,Plein jour,Hors agglomération,Hors intersection,Normale,Trois véhicules et plus - collisions multiples,,,,,,,,,,,1,1,1,1.0,5.0
201100043361,0011-05-16 10:10:00,11,5,16,10,10,830,62,AUGIAS (AVENUE EUGENE),,,Plein jour,Hors agglomération,Intersection en X,Normale,Deux véhicules - côté,,,,,,,,,,,1,1,2,1.0,3.0
201100043362,0011-05-20 17:55:00,11,5,20,17,55,830,137,"224, FONTAN (AVE DU DOCT",,,Plein jour,En agglomération,Hors intersection,Normale,Autre collision,,,,,,,,,,,1,2,1,1.0,6.0