accident_id,datetime,annee,mois,jour,heure,minute,departement,commune_insee,adresse,latitude,longitude,luminosite,agglomeration,intersection,meteo,collision,nb_vehicules,nb_usagers,nb_indemnes,nb_tues,nb_blesses_hosp,nb_blesses_legers,age_cond_1,age_cond_2,veh_type_cond_1,veh_type_cond_2,lum_code,agg_code,int_code,atm_code,col_code
201100043363,0011-05-21 14:45:00,11,5,21,14,45,830,144,TOURRIS (CHEMIN),,,Plein jour,Hors agglomération,Hors intersection,Normale,Deux véhicules - frontale,,,,,,,,,,,1,1,1,1.0,1.0
201100043364,0011-05-22 06:35:00,11,5,22,6,35,830,137,"291, FAVIERES (CHEMIN DE",,,Crépuscule ou aube,En agglomération,Hors intersection,Normale,Deux véhicules - frontale,,,,,,,,,,,2,2,1,1.0,1.0
201100043365,0011-05-23 08:10:00,11,5,23,8,10,830,137,FOCH (AVE DU MARECHAL),,,Plein jour,En agglomération,Hors intersection,Normale,Trois véhicules et plus - en chaîne,,,,,,,,,,,1,2,1,1.0,4.0
201100043366,0011-05-23 10:11:00,11,5,23,10,11,830,137,INFANTERIE DE MARINE (AV,,,Plein jour,En agglomération,Hors intersection,Normale,Deux véhicules - arrière,,,,,,,,,,,1,2,1,1.0,2.0
201100043367,0011-05-25 12:55:00,11,5,25,12,55,830,137,"2040, GASQUET (AVE JOSEP",,,Plein jour,En agglomération,Hors intersection,Normale,Autre collision,,,,,,,,,,,1,2,1,1.0,6.0
201100043368,0011-05-26 17:33:00,11,5,26,17,33,830,137,AUBE (AVE AMIRAL),,,Plein jour,En agglomération,Hors intersection,Normale,Autre collision,,,,,,,,,,,1,2,1,1.0,6.0
201100043369,0011-04-30 10:50:00,11,4,30,10,50,830,62,PERI (AVENUE GABRIEL),,,Plein jour,En agglomération,Passage à niveau,Normale,Autre collision,,,,,,,,,,,1,2,8,1.0,6.0
201100043370,0011-05-25 18:20:00,11,5,25,18,20,830,90,"50, REPUBLIQUE (RUE DE L",,,Plein jour,En agglomération,Hors intersection,Normale,Deux véhicules - côté,,,,,,,,,,,1,2,1,1.0,3.0
201100043371,0011-05-19 15:30:00,11,5,19,15,30,830,137,BAZEILLES (BD / ROND POI,,,Plein jour,En agglomération,Hors intersection,Normale,Autre collision,,,,,,,,,,,1,2,1,1.0,6.0
201100043372,0011-06-02 15:10:00,11,6,2,15,10,830,137,CUZIN (AVE FRANCOIS),,,Plein jour,En agglomération,Intersection en T,Normale,Trois véhicules et plus - collisions multiples,,,,,,,,,,,1,2,3,1.0,5.0
201100043373,0011-06-04 10:28:00,11,6,4,10,28,830,98,LE LEAP (AVENUE ALAIN),,,Plein jour,En agglomération,Hors intersection,Normale,Deux véhicules - frontale,,,,,,,,,,,1,2,1,1.0,1.0
201100043374,0011-05-13 19:35:00,11,5,13,19,35,830,137,PELLETAN  (BD EUGENE),,,Plein jour,En agglomération,Intersection en X,Normale,Deux véhicules - frontale,,,,,,,,,,,1,2,2,1.0,1.0
201100043375,0011-06-01 19:50:00,11,6,1,19,50,830,137,"42, CUZIN (AVE FRANCOIS)",,,Crépuscule ou aube,En agglomération,Hors intersection,Normale,Deux véhicules - côté,,,,,,,,,,,2,2,1,1.0,3.0
201100043376,0011-06-05 13:15:00,11,6,5,13,15,830,137,"83, GOURAUD (AVE GENERAL",,,Plein jour,En agglomération,Hors intersection,Normale,Deux véhicules - arrière,,,,,,,,,,,1,2,1,1.0,2.0
201100043377,0011-06-11 07:00:00,11,6,11,7,0,830,62,DIGNE (AVENUE DE ),,,Plein jour,En agglomération,Hors intersection,Normale,Deux véhicules - côté,,,,,,,,,,,1,2,1,1.0,3.0
201100043378,0011-05-26 18:15:00,11,5,26,18,15,830,137,"521, BRIAND (AVE ARISTID",,,Plein jour,En agglomération,Hors intersection,Normale,Deux véhicules - arrière,,,,,,,,,,,1,2,1,1.0,2.0
201100043379,0011-06-06 18:00:00,11,6,6,18,0,830,137,HERRIOT (AVE EDOUARD),,,Plein jour,En agglomération,Hors intersection,Normale,Autre collision,,,,,,,,,,,1,2,1,1.0,6.0
201100043380,0011-06-12 14:20:00,11,6,12,14,20,830,137,"6, POMME DE PIN (RUE DE",,,Plein jour,En agglomération,Hors intersection,Normale,Autre collision,,,,,,,,,,,1,2,1,1.0,6.0
201100043381,0011-06-13 22:10:00,11,6,13,22,10,830,137,MIRASOULEOU (AVE / ROND,,,Nuit avec éclairage non allumé,En agglomération,Hors intersection,Normale,Deux véhicules - côté,,,,,,,,,,,4,2,1,1.0,3.0
201100043382,0011-06-17 20:45:00,11,6,17,20,45,830,90,NATIONALE (RUE),,,Plein jour,En agglomération,Hors intersection,Normale,Deux véhicules - arrière,,,,,,,,,,,1,2,1,1.0,2.0
201100043383,0011-06-09 23:00:00,11,6,9,23,0,830,137,LAMARTINE (RUE),,,Nuit avec éclairage allumé,En agglomération,Hors intersection,Normale,Deux véhicules - frontale,,,,,,,,,,,5,2,1,1.0,1.0
201100043384,0011-06-23 09:30:00,11,6,23,9,30,830,137,STRASBOURG (BD DE ),,,Plein jour,En agglomération,Intersection en X,Normale,Autre collision,,,,,,,,,,,1,2,2,1.0,6.0
201100043385,0011-06-25 17:20:00,11,6,25,17,20,830,137,"537, PICOT (AVE DU COLON",,,Plein jour,En agglomération,Hors intersection,Normale,Autre collision,,,,,,,,,,,1,2,1,1.0,6.0
201100043386,0011-06-23 07:26:00,11,6,23,7,26,830,90,"2050, MONNET (AVE JEAN)",,,Plein jour,Hors agglomération,Hors intersection,Normale,Deux véhicules - côté,,,,,,,,,,,1,1,1,1.0,3.0
201100043387,0011-06-27 21:00:00,11,6,27,21,0,830,62,"840, THOUAR MONTEE",,,Nuit avec éclairage allumé,En agglomération,Hors intersection,Normale,Deux véhicules - frontale,,,,,,,,,,,5,2,1,1.0,1.0
201100043388,0011-06-17 14:56:00,11,6,17,14,56,830,137,1ER BATAILLON DE CHOC (A,,,Plein jour,En agglomération,Intersection en X,Normale,Deux véhicules - côté,,,,,,,,,,,1,2,2,1.0,3.0
201100043389,0011-05-18 15:00:00,11,5,18,15,0,830,90,SANARY (ROUTE DE),,,Plein jour,En agglomération,Hors intersection,Normale,Deux véhicules - arrière,,,,,,,,,,,1,2,1,1.0,2.0
201100043390,0011-06-24 11:00:00,11,6,24,11,0,830,137,STRASBOURG (BD DE ),,,Plein jour,En agglomération,Hors intersection,Normale,Sans collision,,,,,,,,,,,1,2,1,1.0,7.0
201100043391,0011-07-02 19:05:00,11,7,2,19,5,830,62,PLANTADES (CHEMIN DES),,,Plein jour,En agglomération,Hors intersection,Normale,Deux véhicules - arrière,,,,,,,,,,,1,2,1,1.0,2.0
201100043392,0011-07-06 05:00:00,11,7,6,5,0,830,137,STRASBOURG (BD DE ),,,Nuit sans éclairage public,En agglomération,Hors intersection,Normale,Deux véhicules - arrière,,,,,,,,,,,3,2,1,1.0,2.0
201100043393,0011-07-01 09:15:00,11,7,1,9,15,830,137,"189, BAZEILLES (BD / RON",,,Plein jour,En agglomération,Hors intersection,Normale,Autre collision,,,,,,,,,,,1,2,1,1.0,6.0
201100043394,0011-07-02 17:35:00,11,7,2,17,35,830,137,RAMEIL (RUE JEAN FRANCOI,,,Plein jour,En agglomération,Intersection en T,Normale,Autre collision,,,,,,,,,,,1,2,3,1.0,6.0
201100043395,0011-07-02 19:54:00,11,7,2,19,54,830,137,15EME CORPS (AVE DU),,,Plein jour,En agglomération,Hors intersection,Normale,Autre collision,,,,,,,,,,,1,2,1,1.0,6.0
201100043396,0011-07-03 12:40:00,11,7,3,12,40,830,137,"58, VINCENT (AVE EMILE)",,,Plein jour,En agglomération,Hors intersection,Normale,Deux véhicules - côté,,,,,,,,,,,1,2,1,1.0,3.0
201100043397,0011-07-06 09:45:00,11,7,6,9,45,830,137,HERRIOT (AVE EDOUARD),,,Plein jour,En agglomération,Hors intersection,Normale,Deux véhicules - côté,,,,,,,,,,,1,2,1,1.0,3.0
201100043398,0011-07-06 18:15:00,11,7,6,18,15,830,137,"146, NICE (ROUTE DE)",,,Plein jour,En agglomération,Hors intersection,Normale,Deux véhicules - côté,,,,,,,,,,,1,2,1,1.0,3.0
201100043399,0011-06-29 11:45:00,11,6,29,11,45,830,62,SPA,,,Plein jour,En agglomération,Hors intersection,Normale,Trois véhicules et plus - collisions multiples,,,,,,,,,,,1,2,1,1.0,5.0
201100043400,0011-06-29 18:15:00,11,6,29,18,15,830,62,PLANTADES (CHEMIN DES),,,Plein jour,En agglomération,Hors intersection,Normale,Deux véhicules - arrière,,,,,,,,,,,1,2,1,1.0,2.0
201100043401,0011-07-04 11:50:00,11,7,4,11,50,830,144,PICASSO (AVE PABLO),,,Plein jour,En agglomération,Hors intersection,Normale,Deux véhicules - arrière,,,,,,,,,,,1,2,1,1.0,2.0
201100043402,0011-07-05 19:45:00,11,7,5,19,45,830,62,AICARD (RUE JEAN),,,Plein jour,En agglomération,Intersection en X,Normale,Deux véhicules - côté,,,,,,,,,,,1,2,2,1.0,3.0
201100043403,0011-07-09 14:30:00,11,7,9,14,30,830,137,"131, CUZIN (AVE FRANCOIS",,,Plein jour,En agglomération,Intersection en T,Normale,Deux véhicules - côté,,,,,,,,,,,1,2,3,1.0,3.0
201100043404,0011-06-25 17:10:00,11,6,25,17,10,830,62,DESMOULINS (AVENUE CAMIL,,,Plein jour,En agglomération,Hors intersection,Normale,Deux véhicules - arrière,,,,,,,,,,,1,2,1,1.0,2.0
201100043405,0011-07-14 09:45:00,11,7,14,9,45,830,137,FORT ROUGE (CHEMIN DU),,,Plein jour,En agglomération,Autre intersection,Normale,Autre collision,,,,,,,,,,,1,2,9,1.0,6.0
201100043406,0011-07-16 11:10:00,11,7,16,11,10,830,137,"400, LOTI (AVE PIERRE)",,,Plein jour,En agglomération,Hors intersection,Normale,Deux véhicules - côté,,,,,,,,,,,1,2,1,1.0,3.0
201100043407,0011-07-18 20:45:00,11,7,18,20,45,830,90,EUROPE (ROND POINT DE L',,,Crépuscule ou aube,Hors agglomération,Giratoire,Normale,Deux véhicules - côté,,,,,,,,,,,2,1,6,1.0,3.0
201100043408,0011-07-25 07:10:00,11,7,25,7,10,830,62,"90, DORMOY (AVENUE MAX)",,,Plein jour,En agglomération,Giratoire,Normale,Autre collision,,,,,,,,,,,1,2,6,1.0,6.0
201100043409,0011-07-22 17:50:00,11,7,22,17,50,830,90,"2061, SANARY (ROUTE DE)",,,Plein jour,Hors agglomération,Hors intersection,Normale,Deux véhicules - arrière,,,,,,,,,,,1,1,1,1.0,2.0
201100043410,0011-07-02 17:40:00,11,7,2,17,40,830,137,GRENIER (QUAI EMILE),,,Plein jour,En agglomération,Hors intersection,Normale,Deux véhicules - côté,,,,,,,,,,,1,2,1,1.0,3.0
201100043411,0011-07-20 14:10:00,11,7,20,14,10,830,90,MONNET (AVE JEAN),,,Plein jour,Hors agglomération,Hors intersection,Normale,Deux véhicules - côté,,,,,,,,,,,1,1,1,1.0,3.0
201100043412,0011-07-21 19:25:00,11,7,21,19,25,830,62,QUATRE CHEMINS,,,Plein jour,En agglomération,Intersection à plus de 4 branches,Normale,Deux véhicules - côté,,,,,,,,,,,1,2,5,1.0,3.0
201100043413,0011-07-31 05:15:00,11,7,31,5,15,830,62,"1311, DE LATTRE DE TASSI",,,Nuit avec éclairage allumé,En agglomération,Hors intersection,Normale,Autre collision,,,,,,,,,,,5,2,1,1.0,6.0
201100043414,0011-07-26 08:45:00,11,7,26,8,45,830,137,CD 46 DE 1930 A FIN (VAL,,,Plein jour,Hors agglomération,Intersection en T,Normale,Autre collision,,,,,,,,,,,1,1,3,1.0,6.0
201100043415,0011-07-28 12:10:00,11,7,28,12,10,830,137,PUY (RUE DOCTEUR LOUIS),,,Plein jour,En agglomération,Hors intersection,Normale,Deux véhicules - côté,,,,,,,,,,,1,2,1,1.0,3.0
201100043416,0011-08-04 06:50:00,11,8,4,6,50,830,62,PLANQUETTE (CHEMIN DE LA,,,Plein jour,En agglomération,Intersection en X,Normale,Deux véhicules - côté,,,,,,,,,,,1,2,2,1.0,3.0
201100043417,0011-07-27 19:00:00,11,7,27,19,0,830,90,SANARY (ROUTE DE),,,Plein jour,En agglomération,Hors intersection,Temps couvert,Trois véhicules et plus - collisions multiples,,,,,,,,,,,1,2,1,8.0,5.0
201100043418,0011-08-03 09:45:00,11,8,3,9,45,830,90,SEYNE (ROUTE DE LA),,,Plein jour,Hors agglomération,Hors intersection,Normale,Deux véhicules - côté,,,,,,,,,,,1,1,1,1.0,3.0
201100043419,0011-08-03 11:56:00,11,8,3,11,56,830,137,BLERIOT (AVE LOUIS),,,Plein jour,Hors agglomération,Hors intersection,Normale,Deux véhicules - arrière,,,,,,,,,,,1,1,1,1.0,2.0
201100043420,0011-08-05 14:55:00,11,8,5,14,55,830,137,BIR-HAKEIM (ROND POINT),,,Plein jour,En agglomération,Place,Normale,Deux véhicules - côté,,,,,,,,,,,1,2,7,1.0,3.0
201100043421,0011-08-05 11:10:00,11,8,5,11,10,830,62,LURCAT (AVENUE ANDRE),,,Plein jour,Hors agglomération,Hors intersection,Normale,Deux véhicules - côté,,,,,,,,,,,1,1,1,1.0,3.0
201100043422,0011-08-06 17:00:00,11,8,6,17,0,830,137,"239, CARRAIRE (CHEMIN DE",,,Plein jour,En agglomération,Intersection en T,Normale,Deux véhicules - côté,,,,,,,,,,,1,2,3,1.0,3.0
201100043423,0011-08-09 11:10:00,11,8,9,11,10,830,144,UNIVERSITE (AVE DE L'),,,Plein jour,En agglomération,Hors intersection,Normale,Sans collision,,,,,,,,,,,1,2,1,1.0,7.0
201100043424,0011-08-09 18:20:00,11,8,9,18,20,830,144,SEGOND (AVE VICTORIN),,,Plein jour,En agglomération,Hors intersection,Normale,Sans collision,,,,,,,,,,,1,2,1,1.0,7.0
201100043425,0011-08-08 18:00:00,11,8,8,18,0,830,137,ARMARIS (BD DES),,,Plein jour,En agglomération,Intersection en X,Normale,Deux véhicules - côté,,,,,,,,,,,1,2,2,1.0,3.0
201100043426,0011-08-04 21:45:00,11,8,4,21,45,830,62,DE LATTRE DE TASSIGNY (A,,,Nuit avec éclairage allumé,En agglomération,Hors intersection,Normale,Sans collision,,,,,,,,,,,5,2,1,1.0,7.0
201100043427,0011-08-13 01:30:00,11,8,13,1,30,830,144,"54, CHAR VERDUN (AVE DU)",,,Nuit avec éclairage allumé,En agglomération,Hors intersection,Normale,Autre collision,,,,,,,,,,,5,2,1,1.0,6.0
201100043428,0011-08-08 08:00:00,11,8,8,8,0,830,137,EMERIAU (RUE DE L'AMIRAL,,,Plein jour,En agglomération,Hors intersection,Normale,Autre collision,,,,,,,,,,,1,2,1,1.0,6.0
201100043429,0011-08-11 18:30:00,11,8,11,18,30,830,90,"1034, MONNET (AVE JEAN)",,,Plein jour,En agglomération,Intersection en T,Normale,Deux véhicules - côté,,,,,,,,,,,1,2,3,1.0,3.0
201100043430,0011-08-15 22:40:00,11,8,15,22,40,830,137,DAVET (RUE LT PARA GERAR,,,Nuit avec éclairage non allumé,En agglomération,Hors intersection,Normale,Autre collision,,,,,,,,,,,4,2,1,1.0,6.0
201100043431,0011-08-16 07:50:00,11,8,16,7,50,830,62,DELAGE (RUE MARC),,,Plein jour,En agglomération,Giratoire,Normale,Deux véhicules - côté,,,,,,,,,,,1,2,6,1.0,3.0
201100043432,0011-08-18 08:15:00,11,8,18,8,15,830,90,MONNET (AVE JEAN),,,Plein jour,Hors agglomération,Hors intersection,Normale,Deux véhicules - frontale,,,,,,,,,,,1,1,1,1.0,1.0
201100043433,0011-08-19 21:55:00,11,8,19,21,55,830,144,UNIVERSITE (AVE DE L'),,,Nuit avec éclairage allumé,En agglomération,Hors intersection,Normale,Deux véhicules - frontale,,,,,,,,,,,5,2,1,1.0,1.0
201100043434,0011-08-20 22:51:00,11,8,20,22,51,830,98,FONTS VERTS (RUE DES),,,Nuit avec éclairage allumé,En agglomération,Hors intersection,Normale,Sans collision,,,,,,,,,,,5,2,1,1.0,7.0
201100043435,0011-08-21 14:35:00,11,8,21,14,35,830,144,BROSSOLETTE (AVE PIERRE),,,Plein jour,En agglomération,Hors intersection,Normale,Sans collision,,,,,,,,,,,1,2,1,1.0,7.0
201100043436,0011-08-24 18:15:00,11,8,24,18,15,830,137,PONT DE SUVE (ROND POINT,,,Plein jour,En agglomération,Intersection en X,Normale,Deux véhicules - côté,,,,,,,,,,,1,2,2,1.0,3.0
201100043437,0011-08-11 12:55:00,11,8,11,12,55,830,137,"BT5A, CASSINE (RUE DE LA",,,Plein jour,Hors agglomération,Hors intersection,Normale,Sans collision,,,,,,,,,,,1,1,1,1.0,7.0
201100043438,0011-08-17 19:10:00,11,8,17,19,10,830,137,PERI  (PLACE GABRIEL),,,Plein jour,En agglomération,Hors intersection,Normale,Deux véhicules - côté,,,,,,,,,,,1,2,1,1.0,3.0
201100043439,0011-08-20 10:35:00,11,8,20,10,35,830,137,", PICON (BD LOUIS)",,,Plein jour,Hors agglomération,Hors intersection,Normale,Autre collision,,,,,,,,,,,1,1,1,1.0,6.0
201100043440,0011-08-23 19:30:00,11,8,23,19,30,830,137,", JOFFRE (BD MARECHAL)",,,Plein jour,En agglomération,Hors intersection,Normale,Autre collision,,,,,,,,,,,1,2,1,1.0,6.0
201100043441,0011-08-11 19:45:00,11,8,11,19,45,830,137,JUIN (AVE ALPHONSE),,,Crépuscule ou aube,En agglomération,Intersection en T,Normale,Autre collision,,,,,,,,,,,2,2,3,1.0,6.0
201100043442,0011-08-25 14:20:00,11,8,25,14,20,830,137,CASTIGNEAU (PORTE),,,Plein jour,En agglomération,Hors intersection,Normale,Deux véhicules - arrière,,,,,,,,,,,1,2,1,1.0,2.0
201100043443,0011-08-25 14:20:00,11,8,25,14,20,830,137,"917, UBAC (IMP)",,,Plein jour,En agglomération,Hors intersection,Normale,Deux véhicules - côté,,,,,,,,,,,1,2,1,1.0,3.0
201100043444,0011-08-29 14:05:00,11,8,29,14,5,830,137,NOMY (RUE AMIRAL),,,Plein jour,En agglomération,Hors intersection,Normale,Autre collision,,,,,,,,,,,1,2,1,1.0,6.0
201100043445,0011-09-01 20:45:00,11,9,1,20,45,830,137,AUDEOUD (RUE GENERAL MIC,,,Nuit avec éclairage allumé,En agglomération,Intersection en T,Normale,Deux véhicules - côté,,,,,,,,,,,5,2,3,1.0,3.0
201100043446,0011-09-06 10:45:00,11,9,6,10,45,830,137,"394, GUES (BD DE L'ENSEI",,,Plein jour,En agglomération,Intersection en T,Normale,Deux véhicules - frontale,,,,,,,,,,,1,2,3,1.0,1.0
201100043447,0011-08-30 16:00:00,11,8,30,16,0,830,90,SANARY (ROUTE DE),,,Plein jour,Hors agglomération,Autre intersection,Normale,Deux véhicules - arrière,,,,,,,,,,,1,1,9,1.0,2.0
201100043448,0011-08-29 14:45:00,11,8,29,14,45,830,62,LURCAT (AVENUE ANDRE),,,Plein jour,Hors agglomération,Autre intersection,Normale,Deux véhicules - côté,,,,,,,,,,,1,1,9,1.0,3.0
201100043449,0011-08-31 10:20:00,11,8,31,10,20,830,62,MISTRAL (AVENUE ET PLACE,,,Plein jour,En agglomération,Intersection en T,Normale,Autre collision,,,,,,,,,,,1,2,3,1.0,6.0
201100043450,0011-08-29 02:00:00,11,8,29,2,0,830,137,ESTIENNE D'ORVES (AVE),,,Nuit avec éclairage allumé,En agglomération,Hors intersection,Normale,Autre collision,,,,,,,,,,,5,2,1,1.0,6.0
201100043451,0011-09-06 15:15:00,11,9,6,15,15,830,137,"639, ARMARIS (BD DES)",,,Plein jour,En agglomération,Hors intersection,Normale,Autre collision,,,,,,,,,,,1,2,1,1.0,6.0
201100043452,0011-09-08 01:00:00,11,9,8,1,0,830,137,"1889, RESISTANCE (AVE /",,,Nuit avec éclairage allumé,En agglomération,Hors intersection,Normale,Autre collision,,,,,,,,,,,5,2,1,1.0,6.0
201100043453,0011-08-02 16:10:00,11,8,2,16,10,830,137,"393, PICOT (AVE DU COLON",,,Plein jour,En agglomération,Hors intersection,Normale,Deux véhicules - arrière,,,,,,,,,,,1,2,1,1.0,2.0
201100043454,0011-09-06 08:40:00,11,9,6,8,40,830,137,DE LATTRE DE TASSIGNY (A,,,Plein jour,En agglomération,Intersection en T,Normale,Trois véhicules et plus - collisions multiples,,,,,,,,,,,1,2,3,1.0,5.0
201100043455,0011-09-08 18:00:00,11,9,8,18,0,830,137,"256, JAURES (RUE JEAN)",,,Plein jour,En agglomération,Hors intersection,Normale,Autre collision,,,,,,,,,,,1,2,1,1.0,6.0
201100043456,0011-09-09 08:35:00,11,9,9,8,35,830,137,"755, RESISTANCE (AVE / I",,,Plein jour,En agglomération,Hors intersection,Normale,Autre collision,,,,,,,,,,,1,2,1,1.0,6.0
201100043457,0011-09-12 19:00:00,11,9,12,19,0,830,62,"1286, DRAGUIGNAN (AVENUE",,,Plein jour,Hors agglomération,Hors intersection,Normale,Deux véhicules - côté,,,,,,,,,,,1,1,1,1.0,3.0
201100043458,0011-09-16 16:45:00,11,9,16,16,45,830,90,CAGNARDE (ROND POINT DE,,,Plein jour,Hors agglomération,Giratoire,Normale,Autre collision,,,,,,,,,,,1,1,6,1.0,6.0
201100043459,0011-09-18 18:55:00,11,9,18,18,55,830,137,"74, TRIBUS COMMONIS (ROU",,,Plein jour,En agglomération,Intersection en Y,Pluie légère,Deux véhicules - arrière,,,,,,,,,,,1,2,4,2.0,2.0
201100043460,0011-09-15 11:15:00,11,9,15,11,15,830,137,RENOUX (TRAV JULES),,,Plein jour,En agglomération,Hors intersection,Normale,Autre collision,,,,,,,,,,,1,2,1,1.0,6.0
201100043461,0011-09-20 17:15:00,11,9,20,17,15,830,90,"1251, MONNET (AVE JEAN)",,,Plein jour,Hors agglomération,Hors intersection,Normale,Trois véhicules et plus - en chaîne,,,,,,,,,,,1,1,1,1.0,4.0
201100043462,0011-09-21 08:05:00,11,9,21,8,5,830,137,STRASBOURG (BD DE ),,,Plein jour,En agglomération,Intersection en X,Normale,Autre collision,,,,,,,,,,,1,2,2,1.0,6.0
201100043463,0011-09-23 08:45:00,11,9,23,8,45,830,62,"1091, DE LATTRE DE TASSI",,,Plein jour,Hors agglomération,Hors intersection,Temps éblouissant,Deux véhicules - côté,,,,,,,,,,,1,1,1,7.0,3.0
201100043464,0011-09-23 08:15:00,11,9,23,8,15,830,137,HERRIOT (AVE EDOUARD),,,Plein jour,En agglomération,Intersection en X,Normale,Trois véhicules et plus - collisions multiples,,,,,,,,,,,1,2,2,1.0,5.0
201100043465,0011-09-27 20:40:00,11,9,27,20,40,830,137,REPUBLIQUE (AVE DE LA),,,Nuit avec éclairage allumé,En agglomération,Intersection en T,Normale,Deux véhicules - côté,,,,,,,,,,,5,2,3,1.0,3.0
201100043466,0011-08-29 01:08:00,11,8,29,1,8,830,137,DARDANELLES (AVE DES),,,Nuit avec éclairage allumé,En agglomération,Hors intersection,Normale,Autre collision,,,,,,,,,,,5,2,1,1.0,6.0
201100043467,0011-09-19 10:50:00,11,9,19,10,50,830,137,VILLEVIEILLE (ROND POINT,,,Plein jour,En agglomération,Hors intersection,Normale,Trois véhicules et plus - collisions multiples,,,,,,,,,,,1,2,1,1.0,5.0
201100043468,0011-09-20 11:35:00,11,9,20,11,35,830,137,CARNOT (AVE LAZARE),,,Plein jour,En agglomération,Intersection en X,Normale,Trois véhicules et plus - en chaîne,,,,,,,,,,,1,2,2,1.0,4.0
201100043469,0011-09-26 10:15:00,11,9,26,10,15,830,137,"612, FOCH (AVE DU MARECH",,,Plein jour,En agglomération,Hors intersection,Normale,Autre collision,,,,,,,,,,,1,2,1,1.0,6.0
201100043470,0011-09-30 18:30:00,11,9,30,18,30,830,90,GORGES (ROUTE DES),,,Plein jour,Hors agglomération,Hors intersection,Normale,Deux véhicules - côté,,,,,,,,,,,1,1,1,1.0,3.0
201100043471,0011-10-01 17:00:00,11,10,1,17,0,830,137,", JAUJARD (RUE AMIRAL)",,,Plein jour,En agglomération,Hors intersection,Normale,Autre collision,,,,,,,,,,,1,2,1,1.0,6.0
201100043472,0011-10-05 02:00:00,11,10,5,2,0,830,137,RIVIERE NEUVE (QUAI DE L,,,Nuit avec éclairage allumé,En agglomération,Hors intersection,Normale,Autre collision,,,,,,,,,,,5,2,1,1.0,6.0
201100043473,0011-09-30 12:00:00,11,9,30,12,0,830,137,SAINT BERNARD (RUE / PAS,,,Plein jour,En agglomération,Passage à niveau,Normale,Autre collision,,,,,,,,,,,1,2,8,1.0,6.0
201100043474,0011-10-04 09:45:00,11,10,4,9,45,830,137,"33, VAL D'ARDENE (ROUTE",,,Plein jour,Hors agglomération,Hors intersection,Normale,Autre collision,,,,,,,,,,,1,1,1,1.0,6.0
201100043475,0011-09-28 09:00:00,11,9,28,9,0,830,62,HUIT MAI 1945 (AVENUE DU,,,Plein jour,En agglomération,Hors intersection,Normale,Autre collision,,,,,,,,,,,1,2,1,1.0,6.0
201100043476,0011-10-06 19:35:00,11,10,6,19,35,830,137,HERRIOT (AVE EDOUARD),,,Nuit avec éclairage allumé,En agglomération,Intersection en T,Normale,Autre collision,,,,,,,,,,,5,2,3,1.0,6.0
201100043477,0011-09-20 07:30:00,11,9,20,7,30,830,137,MICHOLET (RUE VICTOR),,,Plein jour,En agglomération,Intersection en X,Normale,Deux véhicules - côté,,,,,,,,,,,1,2,2,1.0,3.0
201100043478,0011-10-05 15:50:00,11,10,5,15,50,830,137,CHATEAUBRIAND (RUE),,,Plein jour,En agglomération,Hors intersection,Normale,Autre collision,,,,,,,,,,,1,2,1,1.0,6.0
201100043479,0011-10-06 18:32:00,11,10,6,18,32,830,90,FAVEYROLLES (CHEMIN DE),,,Plein jour,Hors agglomération,Hors intersection,Normale,Deux véhicules - arrière,,,,,,,,,,,1,1,1,1.0,2.0
201100043480,0011-10-07 23:00:00,11,10,7,23,0,830,137,CLEMENCEAU (BD GEORGES),,,Nuit avec éclairage allumé,En agglomération,Hors intersection,Vent fort / tempête,Deux véhicules - arrière,,,,,,,,,,,5,2,1,6.0,2.0
201100043481,0011-10-11 09:00:00,11,10,11,9,0,830,144,PICASSO (AVE PABLO),,,Plein jour,En agglomération,Intersection en T,Normale,Deux véhicules - arrière,,,,,,,,,,,1,2,3,1.0,2.0
201100043482,0011-10-07 11:00:00,11,10,7,11,0,830,137,"1882, RESISTANCE (AVE /",,,Plein jour,En agglomération,Hors intersection,Normale,Deux véhicules - arrière,,,,,,,,,,,1,2,1,1.0,2.0
201100043483,0011-10-08 15:30:00,11,10,8,15,30,830,137,"755, FORGENTIER (CHEMIN",,,Plein jour,En agglomération,Intersection en T,Normale,Deux véhicules - côté,,,,,,,,,,,1,2,3,1.0,3.0
201100043484,0011-10-13 09:05:00,11,10,13,9,5,830,137,FAVIERES (CHEMIN DES),,,Plein jour,En agglomération,Hors intersection,Normale,Autre collision,,,,,,,,,,,1,2,1,1.0,6.0
201100043485,0011-09-29 07:10:00,11,9,29,7,10,830,137,FOCH (AVE DU MARECHAL),,,Plein jour,En agglomération,Intersection en X,Normale,Deux véhicules - côté,,,,,,,,,,,1,2,2,1.0,3.0
201100043486,0011-10-11 13:30:00,11,10,11,13,30,830,144,SAINTE CLAIRE (PARC),,,Plein jour,En agglomération,Hors intersection,Normale,Deux véhicules - frontale,,,,,,,,,,,1,2,1,1.0,1.0
201100043487,0011-10-12 09:20:00,11,10,12,9,20,830,144,"161, TREMOLIERE (AVE)",,,Plein jour,En agglomération,Hors intersection,Normale,Autre collision,,,,,,,,,,,1,2,1,1.0,6.0
201100043488,0011-10-24 16:35:00,11,10,24,16,35,830,137,CLEMENCEAU (BD GEORGES),,,Plein jour,En agglomération,Hors intersection,Pluie forte,Autre collision,,,,,,,,,,,1,2,1,3.0,6.0
201100043489,0011-10-30 13:10:00,11,10,30,13,10,830,62,"160, LEGER (RUE FERRAUD)",,,Plein jour,En agglomération,Hors intersection,Normale,Deux véhicules - côté,,,,,,,,,,,1,2,1,1.0,3.0
201100043490,0011-09-28 14:17:00,11,9,28,14,17,830,137,", PICOT (AVE DU COLONEL)",,,Plein jour,En agglomération,Intersection en T,Normale,Deux véhicules - côté,,,,,,,,,,,1,2,3,1.0,3.0