accident_id,datetime,annee,mois,jour,heure,minute,departement,commune_insee,adresse,latitude,longitude,luminosite,agglomeration,intersection,meteo,collision,nb_vehicules,nb_usagers,nb_indemnes,nb_tues,nb_blesses_hosp,nb_blesses_legers,age_cond_1,age_cond_2,veh_type_cond_1,veh_type_cond_2,lum_code,agg_code,int_code,atm_code,col_code
201100043617,0011-07-12 18:30:00,11,7,12,18,30,840,35,BANON (ROUTE DE),,,Plein jour,Hors agglomération,Hors intersection,Normale,Trois véhicules et plus - en chaîne,,,,,,,,,,,1,1,1,1.0,4.0
201100043618,0011-08-31 18:10:00,11,8,31,18,10,840,35,HUGO (COURS VICTOR),,,Plein jour,En agglomération,Hors intersection,Normale,Autre collision,,,,,,,,,,,1,2,1,1.0,6.0
201100043619,0011-09-13 10:16:00,11,9,13,10,16,840,35,JUIN (CARREFOUR MARECHAL,,,Plein jour,En agglomération,Giratoire,Normale,Deux véhicules - côté,,,,,,,,,,,1,2,6,1.0,3.0
201100043620,0011-10-02 00:01:00,11,10,2,0,1,840,35,MARSEILLE-RD938 (ROUTE D,,,Nuit avec éclairage allumé,Hors agglomération,Hors intersection,Normale,Autre collision,,,,,,,,,,,5,1,1,1.0,6.0
201100043621,0011-01-07 08:50:00,11,1,7,8,50,840,87,ROUTE DE ROQUEMAURE,,,Plein jour,Hors agglomération,Intersection en T,Temps couvert,Deux véhicules - côté,,,,,,,,,,,1,1,3,8.0,3.0
201100043622,0011-01-13 16:00:00,11,1,13,16,0,840,87,"222, ARGENSOL (AVENUE DE",,,Plein jour,En agglomération,Giratoire,Normale,Deux véhicules - côté,,,,,,,,,,,1,2,6,1.0,3.0
201100043623,0011-01-19 19:40:00,11,1,19,19,40,840,87,"554, AYMARD (AVENUE RODO",,,Nuit avec éclairage allumé,En agglomération,Intersection en T,Normale,Deux véhicules - frontale,,,,,,,,,,,5,2,3,1.0,1.0
201100043624,0011-01-21 19:10:00,11,1,21,19,10,840,87,DALADIER (BD EDOUARD),,,Nuit avec éclairage allumé,En agglomération,Intersection en T,Normale,Deux véhicules - côté,,,,,,,,,,,5,2,3,1.0,3.0
201100043625,0011-02-06 18:05:00,11,2,6,18,5,840,87,"1, ALSACE LORRAINE (RUE)",,,Crépuscule ou aube,En agglomération,Hors intersection,Normale,Sans collision,,,,,,,,,,,2,2,1,1.0,7.0
201100043626,0011-02-17 13:30:00,11,2,17,13,30,840,87,"543, FOCH (AVENUE MARECH",,,Plein jour,En agglomération,Hors intersection,Pluie légère,Deux véhicules - côté,,,,,,,,,,,1,2,1,2.0,3.0
201100043627,0011-04-15 20:00:00,11,4,15,20,0,840,87,"221, EUROPE (AVENUE DE L",,,Crépuscule ou aube,En agglomération,Hors intersection,Normale,Deux véhicules - côté,,,,,,,,,,,2,2,1,1.0,3.0
201100043628,0011-05-15 13:30:00,11,5,15,13,30,840,87,"97, BELLEROCHE (RUE ALBE",,,Plein jour,En agglomération,Hors intersection,Normale,Autre collision,,,,,,,,,,,1,2,1,1.0,6.0
201100043629,0011-06-16 18:05:00,11,6,16,18,5,840,87,CHATEAUNEUF DU PAPE (ROU,,,Plein jour,Hors agglomération,Hors intersection,Normale,Deux véhicules - frontale,,,,,,,,,,,1,1,1,1.0,1.0
201100043630,0011-07-04 23:10:00,11,7,4,23,10,840,87,CHAMPLAIN (CHEMIN DE),,,Nuit sans éclairage public,En agglomération,Hors intersection,Normale,Sans collision,,,,,,,,,,,3,2,1,1.0,7.0
201100043631,0011-07-06 13:50:00,11,7,6,13,50,840,87,"2321, JONQUIERES (ROUTE",,,Plein jour,Hors agglomération,Hors intersection,Normale,Deux véhicules - frontale,,,,,,,,,,,1,1,1,1.0,1.0
201100043632,0011-07-22 15:55:00,11,7,22,15,55,840,87,CHATEAUNEUF DU PAPE (ROU,,,Plein jour,Hors agglomération,Intersection en T,Normale,Deux véhicules - côté,,,,,,,,,,,1,1,3,1.0,3.0
201100043633,0011-08-17 12:00:00,11,8,17,12,0,840,87,"1188, CADEROUSSE (ROUTE",,,Plein jour,Hors agglomération,Hors intersection,Normale,Trois véhicules et plus - collisions multiples,,,,,,,,,,,1,1,1,1.0,5.0
201100043634,0011-10-03 09:00:00,11,10,3,9,0,840,87,"448, FOCH (AVENUE MARECH",,,Plein jour,En agglomération,Intersection en T,Temps éblouissant,Autre collision,,,,,,,,,,,1,2,3,7.0,6.0
201100043635,0011-02-05 07:45:00,11,2,5,7,45,840,89,"CD 9, BONDE (ROUTE DE LA",,,Crépuscule ou aube,Hors agglomération,Hors intersection,Normale,Deux véhicules - frontale,,,,,,,,,,,2,1,1,1.0,1.0
201100043636,0011-06-14 10:15:00,11,6,14,10,15,840,89,BONDE (ROUTE DE LA),,,Plein jour,Hors agglomération,Hors intersection,Normale,Autre collision,,,,,,,,,,,1,1,1,1.0,6.0
201100043637,0011-01-06 07:40:00,11,1,6,7,40,850,191,"149, RUE ROGER SALENGRO",,,Nuit avec éclairage allumé,En agglomération,Hors intersection,Pluie forte,Deux véhicules - frontale,,,,,,,,,,,5,2,1,3.0,1.0
201100043638,0011-02-18 20:00:00,11,2,18,20,0,850,191,55RUE AGRICOL PERDIGUIER,46.65661,-1.45302,Plein jour,En agglomération,Intersection en T,Temps couvert,Deux véhicules - côté,,,,,,,,,,,1,2,3,8.0,3.0
201100043639,0011-02-24 18:55:00,11,2,24,18,55,850,191,100  RUE ROGER SALENGRO,,,Plein jour,En agglomération,Hors intersection,Normale,Autre collision,,,,,,,,,,,1,2,1,1.0,6.0
201100043640,0011-03-14 18:20:00,11,3,14,18,20,850,191,RUE HELIODORE DURAND,,,Plein jour,En agglomération,Intersection en X,Normale,Autre collision,,,,,,,,,,,1,2,2,1.0,6.0
201100043641,0011-03-15 19:10:00,11,3,15,19,10,850,191,3  PLACE NAPOLEON,46.67005,-1.42771,Plein jour,En agglomération,Hors intersection,Pluie légère,Autre collision,,,,,,,,,,,1,2,1,2.0,6.0
201100043642,0011-03-19 21:00:00,11,3,19,21,0,850,191,128 BOULEVARD ANGLETERRE,,,Nuit avec éclairage allumé,En agglomération,Hors intersection,Normale,Deux véhicules - frontale,,,,,,,,,,,5,2,1,1.0,1.0
201100043643,0011-03-23 18:00:00,11,3,23,18,0,850,191,47 RUE D'ARCOLE,,,Plein jour,En agglomération,Hors intersection,Normale,Autre collision,,,,,,,,,,,1,2,1,1.0,6.0
201100043644,0011-03-31 12:10:00,11,3,31,12,10,850,191,PLACE NAPOLEON,46.67088,-1.4255,Plein jour,En agglomération,Hors intersection,Normale,Autre collision,,,,,,,,,,,1,2,1,1.0,6.0
201100043645,0011-04-02 11:15:00,11,4,2,11,15,850,191,AVENUE DU LITTORAL,46.64924,-1.44038,Plein jour,En agglomération,Intersection en T,Normale,Deux véhicules - côté,,,,,,,,,,,1,2,3,1.0,3.0
201100043646,0011-04-08 09:55:00,11,4,8,9,55,850,191,RUE GEORGES POMPIDOU,,,Plein jour,En agglomération,Giratoire,Normale,Autre collision,,,,,,,,,,,1,2,6,1.0,6.0
201100043647,0011-04-19 12:20:00,11,4,19,12,20,850,191,68 RUE DU P. DE GAULLE,46.67139,-1.42122,Plein jour,En agglomération,Hors intersection,Normale,Autre collision,,,,,,,,,,,1,2,1,1.0,6.0
201100043648,0011-05-02 22:55:00,11,5,2,22,55,850,191,GIRATOIRE DU 8 AOUT 1808,,,Nuit avec éclairage allumé,Hors agglomération,Giratoire,Normale,Sans collision,,,,,,,,,,,5,1,6,1.0,7.0
201100043649,0011-05-08 20:55:00,11,5,8,20,55,850,191,R-P DU 5 PRAIRIAL AN XII,,,Plein jour,En agglomération,Giratoire,Normale,Deux véhicules - côté,,,,,,,,,,,1,2,6,1.0,3.0
201100043650,0011-05-22 10:50:00,11,5,22,10,50,850,191,GIRATOIRE B. PALISSY,,,Plein jour,En agglomération,Giratoire,Normale,Autre collision,,,,,,,,,,,1,2,6,1.0,6.0
201100043651,0011-06-03 19:15:00,11,6,3,19,15,850,191,LA COUTANCIERE,,,Plein jour,Hors agglomération,Intersection en X,Normale,Deux véhicules - côté,,,,,,,,,,,1,1,2,1.0,3.0
201100043652,0011-06-09 09:00:00,11,6,9,9,0,850,191,RUE ANATOLE FRANCE,46.67178,-1.42857,Plein jour,En agglomération,Intersection en X,Normale,Deux véhicules - côté,,,,,,,,,,,1,2,2,1.0,3.0
201100043653,0011-06-15 18:11:00,11,6,15,18,11,850,191,LA MALVOISINE,,,Plein jour,Hors agglomération,Hors intersection,Normale,Deux véhicules - arrière,,,,,,,,,,,1,1,1,1.0,2.0
201100043654,0011-06-10 19:10:00,11,6,10,19,10,850,191,1  AVENUE DE FRATERNITE,46.65971,-1.44081,Plein jour,En agglomération,Hors intersection,Normale,Autre collision,,,,,,,,,,,1,2,1,1.0,6.0
201100043655,0011-07-13 11:15:00,11,7,13,11,15,850,191,32  RUE DE L'ABBE ARNAUD,,,Plein jour,En agglomération,Hors intersection,Normale,Autre collision,,,,,,,,,,,1,2,1,1.0,6.0
201100043656,0011-08-24 14:45:00,11,8,24,14,45,850,191,BOULEVARD ARAGO,46.66891,-1.44597,Plein jour,En agglomération,Intersection en X,Temps éblouissant,Deux véhicules - côté,,,,,,,,,,,1,2,2,7.0,3.0
201100043657,0011-09-01 17:45:00,11,9,1,17,45,850,191,1 PLACE DES  VIOLETTES,46.68121,-1.44353,Plein jour,En agglomération,Hors intersection,Normale,Deux véhicules - arrière,,,,,,,,,,,1,2,1,1.0,2.0
201100043658,0011-09-07 12:40:00,11,9,7,12,40,850,191,19 RUE D'IENA,46.67962,-1.42267,Plein jour,En agglomération,Hors intersection,Temps couvert,Autre collision,,,,,,,,,,,1,2,1,8.0,6.0
201100043659,0011-09-16 18:55:00,11,9,16,18,55,850,191,31 B RUE DU GL  GUERIN,,,Plein jour,En agglomération,Hors intersection,Normale,Autre collision,,,,,,,,,,,1,2,1,1.0,6.0
201100043660,0011-09-27 13:50:00,11,9,27,13,50,850,191,1  RUE GEORGES MAZURELLE,,,Plein jour,Hors agglomération,Intersection en X,Normale,Deux véhicules - côté,,,,,,,,,,,1,1,2,1.0,3.0
201100043661,0011-09-27 20:00:00,11,9,27,20,0,850,191,RUE PAUL DOUMER,46.66534,-1.4253,Crépuscule ou aube,En agglomération,Intersection en X,Normale,Deux véhicules - côté,,,,,,,,,,,2,2,2,1.0,3.0
201100043662,0011-10-18 18:10:00,11,10,18,18,10,850,191,LE CAHOT,,,Plein jour,Hors agglomération,Hors intersection,Pluie légère,Autre collision,,,,,,,,,,,1,1,1,2.0,6.0
201100043663,0011-11-15 15:25:00,11,11,15,15,25,850,191,RUE DU PONT,,,Plein jour,En agglomération,Intersection en T,Normale,Autre collision,,,,,,,,,,,1,2,3,1.0,6.0
201100043664,0011-11-19 11:15:00,11,11,19,11,15,850,191,RUE BOSSUET,46.67377,-1.42825,Plein jour,En agglomération,Intersection en T,Normale,Autre collision,,,,,,,,,,,1,2,3,1.0,6.0
201100043665,0011-11-28 20:40:00,11,11,28,20,40,850,191,126 AVENUE  Y. RABIN,46.69471,-1.4298,Nuit avec éclairage allumé,En agglomération,Hors intersection,Normale,Autre collision,,,,,,,,,,,5,2,1,1.0,6.0
201100043666,0011-11-28 16:10:00,11,11,28,16,10,850,191,AV ALIENOR D'AQUITAINE,46.68651,-1.42995,Plein jour,En agglomération,Hors intersection,Temps couvert,Deux véhicules - côté,,,,,,,,,,,1,2,1,8.0,3.0
201100043667,0011-11-23 13:30:00,11,11,23,13,30,850,191,ROND-POINT GEORGESDUVAL,46.67365,-1.40338,Plein jour,En agglomération,Giratoire,Normale,Deux véhicules - côté,,,,,,,,,,,1,2,6,1.0,3.0
201100043668,0011-11-25 21:50:00,11,11,25,21,50,850,191,RUE PHILIPE LEBON,46.6908,-1.43323,Nuit avec éclairage allumé,En agglomération,Hors intersection,Pluie légère,Deux véhicules - côté,,,,,,,,,,,5,2,1,2.0,3.0
201100043669,0011-12-04 14:15:00,11,12,4,14,15,850,191,1 RUE ROUSSEAU-DECELLE,46.66091,-1.42573,Plein jour,En agglomération,Hors intersection,Normale,Deux véhicules - côté,,,,,,,,,,,1,2,1,1.0,3.0
201100043670,0011-12-07 15:05:00,11,12,7,15,5,850,191,26 RUE PAUL DOUMER,46.66793,-1.42663,Plein jour,En agglomération,Intersection en X,Temps couvert,Deux véhicules - côté,,,,,,,,,,,1,2,2,8.0,3.0
201100043671,0011-12-12 15:30:00,11,12,12,15,30,850,191,RUE FRANCOIS CEVERT,46.69838,-1.42905,Plein jour,En agglomération,Hors intersection,Normale,Autre collision,,,,,,,,,,,1,2,1,1.0,6.0
201100043672,0011-12-20 16:15:00,11,12,20,16,15,850,191,RUE JACQUES CARTIER,46.67938,-1.43529,Plein jour,En agglomération,Intersection en X,Normale,Deux véhicules - côté,,,,,,,,,,,1,2,2,1.0,3.0
201100043673,0011-12-13 22:10:00,11,12,13,22,10,850,191,37 RUE DU MARECHAL  NEY,46.67656,-1.42969,Nuit avec éclairage allumé,En agglomération,Hors intersection,Pluie légère,Autre collision,,,,,,,,,,,5,2,1,2.0,6.0
201100043674,0011-10-08 12:00:00,11,10,8,12,0,850,191,36 BOULEVARD  ARAGO,46.66747,-1.4458,Plein jour,En agglomération,Hors intersection,Normale,Autre collision,,,,,,,,,,,1,2,1,1.0,6.0
201100043675,0011-12-31 18:00:00,11,12,31,18,0,850,191,RUE ROGER SALENGRO,,,Crépuscule ou aube,En agglomération,Hors intersection,Pluie légère,Deux véhicules - côté,,,,,,,,,,,2,2,1,2.0,3.0
201100043676,0011-01-03 13:00:00,11,1,3,13,0,850,194,PLACE DU GENE COLLINEAU,46.49707,-1.78233,Plein jour,En agglomération,Intersection en X,Temps éblouissant,Deux véhicules - côté,,,,,,,,,,,1,2,2,7.0,3.0
201100043677,0011-01-21 20:00:00,11,1,21,20,0,850,60,RUE DU BOCAGE,,,Nuit sans éclairage public,Hors agglomération,Intersection en T,Normale,Deux véhicules - frontale,,,,,,,,,,,3,1,3,1.0,1.0
201100043678,0011-01-23 15:55:00,11,1,23,15,55,850,166,RUE DU 8 MAI 1945,,,Plein jour,Hors agglomération,Hors intersection,Normale,Autre collision,,,,,,,,,,,1,1,1,1.0,6.0
201100043679,0011-01-28 09:45:00,11,1,28,9,45,850,166,ROND-POINT MITTERAND,,,Plein jour,En agglomération,Giratoire,Normale,Deux véhicules - arrière,,,,,,,,,,,1,2,6,1.0,2.0
201100043680,0011-02-19 05:05:00,11,2,19,5,5,850,60,"39, RUE DU MOULINEAU",46.50436,-1.74381,Nuit avec éclairage allumé,En agglomération,Hors intersection,Pluie légère,Autre collision,,,,,,,,,,,5,2,1,2.0,6.0
201100043681,0011-02-27 19:00:00,11,2,27,19,0,850,166,RUE DE LA CHARMELLERIE,46.52109,-1.76194,Plein jour,En agglomération,Intersection en T,Normale,Deux véhicules - frontale,,,,,,,,,,,1,2,3,1.0,1.0
201100043682,0011-03-01 15:00:00,11,3,1,15,0,850,194,RUES NICOT /MONTELBELLO,46.49875,-1.78308,Plein jour,En agglomération,Hors intersection,Normale,Autre collision,,,,,,,,,,,1,2,1,1.0,6.0
201100043683,0011-03-09 19:40:00,11,3,9,19,40,850,166,AV F.MITTERAND/OUCHES,,,Nuit avec éclairage allumé,En agglomération,Intersection en X,Normale,Deux véhicules - côté,,,,,,,,,,,5,2,2,1.0,3.0
201100043684,0011-04-05 13:20:00,11,4,5,13,20,850,60,AVENUE DU PAS DU BOIS,,,Plein jour,En agglomération,Giratoire,Normale,Deux véhicules - côté,,,,,,,,,,,1,2,6,1.0,3.0
201100043685,0011-04-13 12:35:00,11,4,13,12,35,850,166,Rue Jacques MONOD,46.51535,-1.75263,Plein jour,Hors agglomération,Hors intersection,Normale,Deux véhicules - côté,,,,,,,,,,,1,1,1,1.0,3.0
201100043686,0011-04-22 21:25:00,11,4,22,21,25,850,60,31 AVENUE RENE COTY,,,Nuit avec éclairage allumé,En agglomération,Hors intersection,Normale,Deux véhicules - arrière,,,,,,,,,,,5,2,1,1.0,2.0
201100043687,0011-04-23 23:45:00,11,4,23,23,45,850,194,AV  AQUITAINE/LAPLACE,,,Nuit avec éclairage allumé,En agglomération,Intersection en X,Pluie forte,Deux véhicules - frontale,,,,,,,,,,,5,2,2,3.0,1.0
201100043688,0011-04-25 10:35:00,11,4,25,10,35,850,166,PARKING LECLERC,46.5139,-1.77793,Plein jour,En agglomération,Hors intersection,Normale,Autre collision,,,,,,,,,,,1,2,1,1.0,6.0
201100043689,0011-05-07 14:10:00,11,5,7,14,10,850,194,AVENUE D'AQUITAINE,,,Plein jour,En agglomération,Hors intersection,Normale,Autre collision,,,,,,,,,,,1,2,1,1.0,6.0
201100043690,0011-05-19 16:50:00,11,5,19,16,50,850,166,RUE DOCTEUR CHARCOT,46.50575,-1.77536,Plein jour,En agglomération,Intersection en X,Normale,Deux véhicules - côté,,,,,,,,,,,1,2,2,1.0,3.0
201100043691,0011-05-30 16:50:00,11,5,30,16,50,850,194,5 RUE CAMILLE FLAMMARION,46.49362,-1.76948,Plein jour,En agglomération,Hors intersection,Normale,Autre collision,,,,,,,,,,,1,2,1,1.0,6.0
201100043692,0011-06-02 16:50:00,11,6,2,16,50,850,194,BOULEVARD D'ILE VERTIME,46.50462,-1.78907,Plein jour,En agglomération,Intersection en X,Normale,Deux véhicules - côté,,,,,,,,,,,1,2,2,1.0,3.0
201100043693,0011-06-05 10:30:00,11,6,5,10,30,850,194,QUAI ROUSSEAU MECHIN,,,Plein jour,En agglomération,Hors intersection,Pluie légère,Autre collision,,,,,,,,,,,1,2,1,2.0,6.0
201100043694,0011-06-10 11:15:00,11,6,10,11,15,850,166,RUE CLEMENT ADER,46.52384,-1.78038,Plein jour,En agglomération,Intersection en X,Normale,Deux véhicules - côté,,,,,,,,,,,1,2,2,1.0,3.0
201100043695,0011-06-12 01:20:00,11,6,12,1,20,850,60,RD 949,,,Nuit sans éclairage public,Hors agglomération,Hors intersection,Normale,Autre collision,,,,,,,,,,,3,1,1,1.0,6.0
201100043696,0011-06-12 10:50:00,11,6,12,10,50,850,166,LES ROUSSELIERES,,,Plein jour,Hors agglomération,Hors intersection,Normale,Autre collision,,,,,,,,,,,1,1,1,1.0,6.0
201100043697,0011-06-24 10:25:00,11,6,24,10,25,850,60,RUE SERAPHIN BUTON,46.50451,-1.73719,Plein jour,En agglomération,Hors intersection,Normale,Autre collision,,,,,,,,,,,1,2,1,1.0,6.0
201100043698,0011-06-26 06:35:00,11,6,26,6,35,850,194,40BOULEVARD F.ROOSEVELT,46.495,-1.79353,Plein jour,En agglomération,Hors intersection,Normale,Autre collision,,,,,,,,,,,1,2,1,1.0,6.0
201100043699,0011-06-25 19:05:00,11,6,25,19,5,850,194,64 PROMENADE CLEMENCEAU,46.49457,-1.7826,Plein jour,En agglomération,Hors intersection,Normale,Autre collision,,,,,,,,,,,1,2,1,1.0,6.0
201100043700,0011-06-29 18:55:00,11,6,29,18,55,850,194,1 RUE DES DEUX PHARES,46.49094,-1.77388,Plein jour,En agglomération,Hors intersection,Normale,Autre collision,,,,,,,,,,,1,2,1,1.0,6.0
201100043701,0011-07-03 17:30:00,11,7,3,17,30,850,60,AVENUE RENE COTY,,,Plein jour,En agglomération,Intersection en X,Normale,Deux véhicules - côté,,,,,,,,,,,1,2,2,1.0,3.0
201100043702,0011-07-08 19:45:00,11,7,8,19,45,850,194,45 ANCIENNE SOUS-PREFECT,46.49593,-1.79281,Plein jour,En agglomération,Hors intersection,Normale,Autre collision,,,,,,,,,,,1,2,1,1.0,6.0
201100043703,0011-07-10 11:20:00,11,7,10,11,20,850,194,AVENUE RENE COTY,,,Plein jour,En agglomération,Intersection en X,Normale,Deux véhicules - côté,,,,,,,,,,,1,2,2,1.0,3.0
201100043704,0011-07-12 20:25:00,11,7,12,20,25,850,194,5 PL  POILU  DE FRANCE,,,Plein jour,En agglomération,Hors intersection,Normale,Autre collision,,,,,,,,,,,1,2,1,1.0,6.0
201100043705,0011-07-12 17:35:00,11,7,12,17,35,850,166,RUE MARECHAL FOCH,,,Plein jour,En agglomération,Intersection en X,Pluie légère,Deux véhicules - côté,,,,,,,,,,,1,2,2,2.0,3.0
201100043706,0011-07-20 19:15:00,11,7,20,19,15,850,166,ROUTE AMIS DE LA NATURE,,,Plein jour,Hors agglomération,Hors intersection,Pluie légère,Deux véhicules - frontale,,,,,,,,,,,1,1,1,2.0,1.0
201100043707,0011-07-29 17:00:00,11,7,29,17,0,850,166,RUE CLEMENT ADER,46.52359,-1.78532,Plein jour,En agglomération,Intersection en X,Normale,Deux véhicules - côté,,,,,,,,,,,1,2,2,1.0,3.0
201100043708,0011-08-09 11:00:00,11,8,9,11,0,850,194,R-P ESTIENNE D'ORVES,,,Plein jour,En agglomération,Hors intersection,Normale,Autre collision,,,,,,,,,,,1,2,1,1.0,6.0
201100043709,0011-08-11 21:30:00,11,8,11,21,30,850,166,RUE MOULIN DE LA SALLE,46.5279,-1.79198,Plein jour,Hors agglomération,Hors intersection,Normale,Autre collision,,,,,,,,,,,1,1,1,1.0,6.0
201100043710,0011-08-19 19:15:00,11,8,19,19,15,850,60,RD 36 A,,,Plein jour,Hors agglomération,Hors intersection,Normale,Autre collision,,,,,,,,,,,1,1,1,1.0,6.0
201100043711,0011-08-20 08:55:00,11,8,20,8,55,850,60,91 RUE DE TOUVENT,46.47894,-1.72175,Plein jour,En agglomération,Hors intersection,Normale,Autre collision,,,,,,,,,,,1,2,1,1.0,6.0
201100043712,0011-09-01 11:45:00,11,9,1,11,45,850,194,43 PROMENADE KENNEDY,,,Plein jour,En agglomération,Hors intersection,Normale,Autre collision,,,,,,,,,,,1,2,1,1.0,6.0
201100043713,0011-08-31 17:40:00,11,8,31,17,40,850,194,RUE JEAN NICOT,46.4999,-1.78522,Plein jour,En agglomération,Intersection en Y,Normale,Deux véhicules - côté,,,,,,,,,,,1,2,4,1.0,3.0
201100043714,0011-08-30 11:55:00,11,8,30,11,55,850,60,AVENUE DU MARECHAL JUIN,46.48729,-1.74574,Plein jour,Hors agglomération,Hors intersection,Normale,Autre collision,,,,,,,,,,,1,1,1,1.0,6.0
201100043715,0011-09-23 08:40:00,11,9,23,8,40,850,194,RUE DES SAUNIERS,46.49949,-1.79893,Plein jour,En agglomération,Hors intersection,Normale,Deux véhicules - arrière,,,,,,,,,,,1,2,1,1.0,2.0
201100043716,0011-09-23 14:05:00,11,9,23,14,5,850,166,LA GRENOUILLERE,,,Plein jour,Hors agglomération,Hors intersection,Normale,Deux véhicules - frontale,,,,,,,,,,,1,1,1,1.0,1.0
201100043717,0011-09-25 02:20:00,11,9,25,2,20,850,60,105 RUE DE LA PIRONNIERE,46.47892,-1.74991,Nuit avec éclairage non allumé,En agglomération,Hors intersection,Normale,Deux véhicules - arrière,,,,,,,,,,,4,2,1,1.0,2.0
201100043718,0011-09-30 13:25:00,11,9,30,13,25,850,60,16 RUE ANDRE AMPERE,46.48808,-1.74213,Plein jour,En agglomération,Intersection en X,Normale,Deux véhicules - côté,,,,,,,,,,,1,2,2,1.0,3.0
201100043719,0011-10-17 14:00:00,11,10,17,14,0,850,60,BOULEVARD VENDEE GLOBE,46.49528,-1.75212,Plein jour,En agglomération,Giratoire,Normale,Deux véhicules - côté,,,,,,,,,,,1,2,6,1.0,3.0
201100043720,0011-10-22 20:20:00,11,10,22,20,20,850,60,RD 949,,,Nuit sans éclairage public,Hors agglomération,Hors intersection,Normale,Deux véhicules - arrière,,,,,,,,,,,3,1,1,1.0,2.0
201100043721,0011-11-17 10:25:00,11,11,17,10,25,850,60,AVENUE RENE COTY,,,Plein jour,En agglomération,Intersection en X,Normale,Deux véhicules - côté,,,,,,,,,,,1,2,2,1.0,3.0
201100043722,0011-11-22 17:55:00,11,11,22,17,55,850,194,RUE DES MERCIERS,46.50122,-1.78058,Nuit avec éclairage allumé,En agglomération,Intersection en X,Normale,Deux véhicules - côté,,,,,,,,,,,5,2,2,1.0,3.0
201100043723,0011-11-22 19:25:00,11,11,22,19,25,850,60,RUE SERAPHIN BUTON,46.50464,-1.73802,Nuit avec éclairage allumé,En agglomération,Hors intersection,Normale,Autre collision,,,,,,,,,,,5,2,1,1.0,6.0
201100043724,0011-11-28 15:40:00,11,11,28,15,40,850,166,BOULEVARD VENDEE GLOBE,,,Plein jour,En agglomération,Giratoire,Normale,Deux véhicules - côté,,,,,,,,,,,1,2,6,1.0,3.0
201100043725,0011-12-24 04:15:00,11,12,24,4,15,850,194,10  PLACE DE STRASBOURG,,,Nuit avec éclairage allumé,En agglomération,Giratoire,Normale,Autre collision,,,,,,,,,,,5,2,6,1.0,6.0
201100043726,0011-01-19 13:35:00,11,1,19,13,35,860,66,", RIPAULT (AVENUE LOUIS)",,,Plein jour,En agglomération,Intersection en X,Temps éblouissant,Deux véhicules - côté,,,,,,,,,,,1,2,2,7.0,3.0
201100043727,0011-02-11 11:05:00,11,2,11,11,5,860,66,"103, CHATEAUNEUF (GRANDE",,,Plein jour,En agglomération,Intersection en X,Normale,Autre collision,,,,,,,,,,,1,2,2,1.0,6.0
201100043728,0011-02-16 09:55:00,11,2,16,9,55,860,66,ABELIN (AVENUE PIERRE),,,Plein jour,En agglomération,Hors intersection,Temps éblouissant,Autre collision,,,,,,,,,,,1,2,1,7.0,6.0
201100043729,0011-03-02 19:17:00,11,3,2,19,17,860,66,NONNES (ROUTE DE),,,Nuit sans éclairage public,Hors agglomération,Hors intersection,Normale,Deux véhicules - frontale,,,,,,,,,,,3,1,1,1.0,1.0
201100043730,0011-03-11 19:35:00,11,3,11,19,35,860,66,ANTOIGNE (CHEMIN DE LA L,,,Nuit sans éclairage public,En agglomération,Intersection en X,Normale,Deux véhicules - côté,,,,,,,,,,,3,2,2,1.0,3.0
201100043731,0011-03-28 20:30:00,11,3,28,20,30,860,66,"6, NAPOLEON 1ER (QUAI)",,,Nuit avec éclairage allumé,En agglomération,Intersection en T,Normale,Deux véhicules - côté,,,,,,,,,,,5,2,3,1.0,3.0
201100043732,0011-04-02 08:20:00,11,4,2,8,20,860,66,"47, RD 725 - ROUTE DE LE",,,Crépuscule ou aube,Hors agglomération,Hors intersection,Normale,Autre collision,,,,,,,,,,,2,1,1,1.0,6.0
201100043733,0011-04-02 08:35:00,11,4,2,8,35,860,66,SCHUMANN (AVENUE ROBERT),,,Plein jour,En agglomération,Intersection en X,Normale,Deux véhicules - côté,,,,,,,,,,,1,2,2,1.0,3.0
201100043734,0011-04-17 16:15:00,11,4,17,16,15,860,66,RD 161 - ROCADE EST,,,Plein jour,En agglomération,Intersection en T,Temps éblouissant,Deux véhicules - côté,,,,,,,,,,,1,2,3,7.0,3.0
201100043735,0011-05-11 17:55:00,11,5,11,17,55,860,66,MOULIN (AVENUE JEAN),,,Plein jour,En agglomération,Hors intersection,Normale,Deux véhicules - arrière,,,,,,,,,,,1,2,1,1.0,2.0
201100043736,0011-05-22 03:00:00,11,5,22,3,0,860,66,MERMOZ (AVENUE JEAN),,,Nuit avec éclairage allumé,En agglomération,Hors intersection,Normale,Deux véhicules - côté,,,,,,,,,,,5,2,1,1.0,3.0
201100043737,0011-05-22 12:50:00,11,5,22,12,50,860,66,"85, RICHELIEU (ROUTE DE)",,,Plein jour,En agglomération,Intersection en X,Normale,Deux véhicules - côté,,,,,,,,,,,1,2,2,1.0,3.0
201100043738,0011-06-27 11:30:00,11,6,27,11,30,860,66,"7bis, EDISON (RUE THOMAS",,,Plein jour,En agglomération,Hors intersection,Normale,Deux véhicules - frontale,,,,,,,,,,,1,2,1,1.0,1.0
201100043739,0011-07-03 21:10:00,11,7,3,21,10,860,66,"15, COLBERT (RUE)",,,Crépuscule ou aube,En agglomération,Intersection en X,Normale,Deux véhicules - arrière,,,,,,,,,,,2,2,2,1.0,2.0
201100043740,0011-08-07 12:15:00,11,8,7,12,15,860,66,PLEUMARTIN (ROUTE DE),,,Plein jour,Hors agglomération,Intersection en X,Normale,Deux véhicules - côté,,,,,,,,,,,1,1,2,1.0,3.0
201100043741,0011-08-07 16:20:00,11,8,7,16,20,860,66,"189, DE LATTRE DE TASSIG",46.81938,3.45699,Plein jour,En agglomération,Hors intersection,Normale,Autre collision,,,,,,,,,,,1,2,1,1.0,6.0