accident_id,datetime,annee,mois,jour,heure,minute,departement,commune_insee,adresse,latitude,longitude,luminosite,agglomeration,intersection,meteo,collision,nb_vehicules,nb_usagers,nb_indemnes,nb_tues,nb_blesses_hosp,nb_blesses_legers,age_cond_1,age_cond_2,veh_type_cond_1,veh_type_cond_2,lum_code,agg_code,int_code,atm_code,col_code
201100043868,0011-10-05 16:00:00,11,10,5,16,0,860,194,TISON (BOULEVARD),,,Plein jour,En agglomération,Intersection en X,Normale,Deux véhicules - arrière,,,,,,,,,,,1,2,2,1.0,2.0
201100043869,0011-10-11 16:50:00,11,10,11,16,50,860,158,VAUGRAND (CHEMIN DE),,,Plein jour,Hors agglomération,Intersection en X,Normale,Deux véhicules - côté,,,,,,,,,,,1,1,2,1.0,3.0
201100043870,0011-10-12 22:15:00,11,10,12,22,15,860,194,"., ABBE FREMONT (BOULEVA",,,Nuit avec éclairage allumé,En agglomération,Hors intersection,Normale,Deux véhicules - côté,,,,,,,,,,,5,2,1,1.0,3.0
201100043871,0011-10-13 16:55:00,11,10,13,16,55,860,194,"129, PONT ACHARD (BOULEV",,,Plein jour,En agglomération,Hors intersection,Normale,Deux véhicules - côté,,,,,,,,,,,1,2,1,1.0,3.0
201100043872,0011-10-14 15:35:00,11,10,14,15,35,860,214,"58, 11 NOVEMBRE (AVENUE",,,Plein jour,En agglomération,Intersection en Y,Normale,Deux véhicules - côté,,,,,,,,,,,1,2,4,1.0,3.0
201100043873,0011-10-21 20:30:00,11,10,21,20,30,860,194,"39, MONTBERNAGE (RUE DE)",,,Nuit avec éclairage allumé,En agglomération,Hors intersection,Normale,Autre collision,,,,,,,,,,,5,2,1,1.0,6.0
201100043874,0011-10-24 19:05:00,11,10,24,19,5,860,194,NANTES (AVENUE DE),,,Nuit avec éclairage allumé,En agglomération,Intersection en X,Pluie légère,Deux véhicules - côté,,,,,,,,,,,5,2,2,2.0,3.0
201100043875,0011-10-26 07:30:00,11,10,26,7,30,860,157,NOUAILLE (ROUTE DE),,,Nuit sans éclairage public,Hors agglomération,Intersection en T,Normale,Deux véhicules - côté,,,,,,,,,,,3,1,3,1.0,3.0
201100043876,0011-10-27 18:00:00,11,10,27,18,0,860,157,NOUAILLE (ROUTE DE),,,Plein jour,Hors agglomération,Intersection en T,Normale,Sans collision,,,,,,,,,,,1,1,3,1.0,7.0
201100043877,0011-10-28 02:45:00,11,10,28,2,45,860,214,GENCAY (ROUTE DE),,,Nuit sans éclairage public,Hors agglomération,Hors intersection,Normale,Autre collision,,,,,,,,,,,3,1,1,1.0,6.0
201100043878,0011-10-28 11:10:00,11,10,28,11,10,860,194,"., AEROPOSTALE (RUE DE L",,,Plein jour,En agglomération,Intersection en X,Normale,Deux véhicules - côté,,,,,,,,,,,1,2,2,1.0,3.0
201100043879,0011-11-01 16:50:00,11,11,1,16,50,860,194,DEUX COMMUNES (RUE DES),,,Crépuscule ou aube,En agglomération,Giratoire,Temps éblouissant,Autre collision,,,,,,,,,,,2,2,6,7.0,6.0
201100043880,0011-11-03 08:56:00,11,11,3,8,56,860,194,RN 147,,,Plein jour,En agglomération,Hors intersection,Pluie forte,Deux véhicules - arrière,,,,,,,,,,,1,2,1,3.0,2.0
201100043881,0011-11-13 16:55:00,11,11,13,16,55,860,194,SAINT GERMAIN (RUE),,,Plein jour,En agglomération,Intersection en X,Normale,Deux véhicules - côté,,,,,,,,,,,1,2,2,1.0,3.0
201100043882,0011-11-14 19:45:00,11,11,14,19,45,860,194,PONT JOUBERT (BOULEVARD),,,Nuit avec éclairage non allumé,En agglomération,Intersection en T,Normale,Deux véhicules - côté,,,,,,,,,,,4,2,3,1.0,3.0
201100043883,0011-11-15 18:20:00,11,11,15,18,20,860,194,"303, NANTES (AVENUE DE)",,,Nuit avec éclairage allumé,En agglomération,Hors intersection,Normale,Autre collision,,,,,,,,,,,5,2,1,1.0,6.0
201100043884,0011-11-16 19:15:00,11,11,16,19,15,860,194,"1, TRANSPORTEURS (RUE DE",,,Nuit avec éclairage allumé,En agglomération,Hors intersection,Normale,Autre collision,,,,,,,,,,,5,2,1,1.0,6.0
201100043885,0011-11-17 21:15:00,11,11,17,21,15,860,194,ABBE FREMONT (BOULEVARD,,,Nuit avec éclairage allumé,En agglomération,Hors intersection,Normale,Sans collision,,,,,,,,,,,5,2,1,1.0,7.0
201100043886,0011-11-18 08:55:00,11,11,18,8,55,860,194,"23, SOLFERINO (BOULEVARD",,,Plein jour,En agglomération,Hors intersection,Normale,Sans collision,,,,,,,,,,,1,2,1,1.0,7.0
201100043887,0011-11-18 12:30:00,11,11,18,12,30,860,158,TEMPS PERDU (RUE DU),,,Plein jour,Hors agglomération,Intersection en Y,Normale,Deux véhicules - côté,,,,,,,,,,,1,1,4,1.0,3.0
201100043888,0011-11-20 11:15:00,11,11,20,11,15,860,214,"., ROCADE SUD EST (RD 16",,,Plein jour,En agglomération,Intersection en X,Normale,Autre collision,,,,,,,,,,,1,2,2,1.0,6.0
201100043889,0011-11-21 07:05:00,11,11,21,7,5,860,158,RN.149,,,Nuit sans éclairage public,Hors agglomération,Hors intersection,Normale,Deux véhicules - frontale,,,,,,,,,,,3,1,1,1.0,1.0
201100043890,0011-11-22 14:25:00,11,11,22,14,25,860,194,BOIS D'AMOUR (RUE DU),,,Plein jour,En agglomération,Intersection en X,Normale,Deux véhicules - côté,,,,,,,,,,,1,2,2,1.0,3.0
201100043891,0011-11-24 19:15:00,11,11,24,19,15,860,194,ROCADE EST (RD 162),,,Nuit avec éclairage allumé,En agglomération,Intersection en X,Normale,Deux véhicules - côté,,,,,,,,,,,5,2,2,1.0,3.0
201100043892,0011-11-25 14:30:00,11,11,25,14,30,860,194,"24, LIBERATION (AVENUE D",,,Plein jour,En agglomération,Hors intersection,Normale,Deux véhicules - côté,,,,,,,,,,,1,2,1,1.0,3.0
201100043893,0011-11-28 07:50:00,11,11,28,7,50,860,41,RN 147 BUXEROLLES,,,Nuit sans éclairage public,Hors agglomération,Hors intersection,Brouillard / fumée,Trois véhicules et plus - en chaîne,,,,,,,,,,,3,1,1,5.0,4.0
201100043894,0011-11-28 11:15:00,11,11,28,11,15,860,194,JOHN KENNEDY (AVENUE),,,Plein jour,En agglomération,Hors intersection,Normale,Autre collision,,,,,,,,,,,1,2,1,1.0,6.0
201100043895,0011-12-03 14:30:00,11,12,3,14,30,860,158,RN.147,,,Plein jour,Hors agglomération,Hors intersection,Pluie légère,Autre collision,,,,,,,,,,,1,1,1,2.0,6.0
201100043896,0011-12-06 00:30:00,11,12,6,0,30,860,194,"., ANDRE MALRAUX (VOIE)",,,Nuit avec éclairage allumé,En agglomération,Hors intersection,Normale,Autre collision,,,,,,,,,,,5,2,1,1.0,6.0
201100043897,0011-12-06 15:15:00,11,12,6,15,15,860,214,LIGUGE (ROUTE DE),,,Plein jour,En agglomération,Giratoire,Normale,Deux véhicules - côté,,,,,,,,,,,1,2,6,1.0,3.0
201100043898,0011-12-06 21:50:00,11,12,6,21,50,860,194,ROCADE OUEST (RD 910),,,Nuit sans éclairage public,En agglomération,Hors intersection,Normale,Autre collision,,,,,,,,,,,3,2,1,1.0,6.0
201100043899,0011-12-11 20:50:00,11,12,11,20,50,860,194,"., RECTEUR PINEAU (AVENU",,,Nuit avec éclairage allumé,En agglomération,Intersection en X,Pluie légère,Deux véhicules - côté,,,,,,,,,,,5,2,2,2.0,3.0
201100043900,0011-12-13 21:15:00,11,12,13,21,15,860,194,"., CHARLES MARTEL (PLACE",,,Nuit avec éclairage allumé,En agglomération,Intersection en T,Pluie légère,Autre collision,,,,,,,,,,,5,2,3,2.0,6.0
201100043901,0011-12-14 11:45:00,11,12,14,11,45,860,194,JOHN KENNEDY (AVENUE),,,Plein jour,En agglomération,Hors intersection,Normale,Deux véhicules - côté,,,,,,,,,,,1,2,1,1.0,3.0
201100043902,0011-12-16 14:30:00,11,12,16,14,30,860,194,"238, 8 MAI 1945 (AVENUE",,,Plein jour,En agglomération,Hors intersection,Normale,Deux véhicules - côté,,,,,,,,,,,1,2,1,1.0,3.0
201100043903,0011-12-19 10:35:00,11,12,19,10,35,860,194,"12, CLOS GAULTIER (RUE D",,,Plein jour,En agglomération,Intersection en T,Normale,Deux véhicules - frontale,,,,,,,,,,,1,2,3,1.0,1.0
201100043904,0011-12-20 15:30:00,11,12,20,15,30,860,194,SAINT GERMAIN (RUE),,,Plein jour,En agglomération,Intersection en T,Normale,Deux véhicules - côté,,,,,,,,,,,1,2,3,1.0,3.0
201100043905,0011-12-22 22:40:00,11,12,22,22,40,860,194,"., MARCHE NOTRE DAME (RU",,,Nuit avec éclairage allumé,En agglomération,Hors intersection,Normale,Autre collision,,,,,,,,,,,5,2,1,1.0,6.0
201100043906,0011-12-25 18:30:00,11,12,25,18,30,860,194,"., GENCAY (ROUTE DE)",,,Nuit avec éclairage allumé,En agglomération,Giratoire,Normale,Deux véhicules - côté,,,,,,,,,,,5,2,6,1.0,3.0
201100043907,0011-12-29 18:45:00,11,12,29,18,45,860,27,"., PARC (AVENUE DU)",,,Nuit avec éclairage allumé,En agglomération,Hors intersection,Normale,Deux véhicules - arrière,,,,,,,,,,,5,2,1,1.0,2.0
201100043908,0011-12-31 15:00:00,11,12,31,15,0,860,194,"214, BONNES (ROUTE DE)",,,Plein jour,Hors agglomération,Hors intersection,Normale,Autre collision,,,,,,,,,,,1,1,1,1.0,6.0
201100043909,0011-01-02 12:30:00,11,1,2,12,30,870,85,"101, BRIAND (RUE ARISTID",,,Plein jour,En agglomération,Intersection en T,Normale,Deux véhicules - côté,,,,,,,,,,,1,2,3,1.0,3.0
201100043910,0011-01-03 08:45:00,11,1,3,8,45,870,85,"0, GAGNANT (AVENUE JEAN)",,,Plein jour,En agglomération,Intersection en X,Normale,Autre collision,,,,,,,,,,,1,2,2,1.0,6.0
201100043911,0011-01-04 16:05:00,11,1,4,16,5,870,85,"183, DUTREIX (RUE ARMAND",,,Plein jour,En agglomération,Hors intersection,Normale,Autre collision,,,,,,,,,,,1,2,1,1.0,6.0
201100043912,0011-01-05 07:45:00,11,1,5,7,45,870,85,SCHUMAN (BOULEVARD ROBER,,,Plein jour,Hors agglomération,Hors intersection,Pluie légère,Trois véhicules et plus - en chaîne,,,,,,,,,,,1,1,1,2.0,4.0
201100043913,0011-01-05 08:00:00,11,1,5,8,0,870,85,"0, MONNET (RUE JEAN)",45.8592,1.2891,Crépuscule ou aube,En agglomération,Hors intersection,Temps couvert,Autre collision,,,,,,,,,,,2,2,1,8.0,6.0
201100043914,0011-01-05 08:05:00,11,1,5,8,5,870,85,SCHUMAN (BOULEVARD ROBER,,,Plein jour,Hors agglomération,Hors intersection,Pluie légère,Autre collision,,,,,,,,,,,1,1,1,2.0,6.0
201100043915,0011-01-06 16:12:00,11,1,6,16,12,870,85,"0, CHURCHILL WINSTON (PL",,,Plein jour,En agglomération,Hors intersection,Pluie légère,Autre collision,,,,,,,,,,,1,2,1,2.0,6.0
201100043916,0011-01-07 14:05:00,11,1,7,14,5,870,114,"30, TURGOT",,,Plein jour,En agglomération,Intersection en X,Normale,Deux véhicules - côté,,,,,,,,,,,1,2,2,1.0,3.0
201100043917,0011-01-07 22:05:00,11,1,7,22,5,870,65,PONTEIX (AVENUE DU),,,Nuit avec éclairage allumé,Hors agglomération,Hors intersection,Normale,Deux véhicules - frontale,,,,,,,,,,,5,1,1,1.0,1.0
201100043918,0011-01-08 20:55:00,11,1,8,20,55,870,85,"108, BELLAC (RUE DE)",45.8506,1.24478,Nuit avec éclairage allumé,En agglomération,Intersection en X,Normale,Deux véhicules - frontale,,,,,,,,,,,5,2,2,1.0,1.0
201100043919,0011-01-09 17:15:00,11,1,9,17,15,870,85,AUTOROUTE A20,45.8382,1.28224,Plein jour,Hors agglomération,Hors intersection,Normale,Autre collision,,,,,,,,,,,1,1,1,1.0,6.0
201100043920,0011-01-10 17:52:00,11,1,10,17,52,870,85,MONNET (RUE JEAN),45.8611,1.28198,Nuit avec éclairage allumé,En agglomération,Hors intersection,Normale,Trois véhicules et plus - collisions multiples,,,,,,,,,,,5,2,1,1.0,5.0
201100043921,0011-01-10 19:18:00,11,1,10,19,18,870,85,"96, BRACHAUD (AVENUE DE)",,,Nuit avec éclairage allumé,En agglomération,Hors intersection,Normale,Autre collision,,,,,,,,,,,5,2,1,1.0,6.0
201100043922,0011-01-11 12:00:00,11,1,11,12,0,870,85,NEXON (RUE DE),45.8109,1.2572,Plein jour,En agglomération,Giratoire,Pluie légère,Deux véhicules - côté,,,,,,,,,,,1,2,6,2.0,3.0
201100043923,0011-01-12 14:53:00,11,1,12,14,53,870,85,"3, HALLES (RUE DES)",,,Plein jour,En agglomération,Intersection en T,Pluie légère,Autre collision,,,,,,,,,,,1,2,3,2.0,6.0
201100043924,0011-01-13 04:23:00,11,1,13,4,23,870,85,GOUJAUD (QUAI LOUIS),45.8294,1.27004,Nuit avec éclairage allumé,En agglomération,Hors intersection,Normale,Autre collision,,,,,,,,,,,5,2,1,1.0,6.0
201100043925,0011-01-14 15:08:00,11,1,14,15,8,870,50,RN520,45.8908,1.26373,Plein jour,Hors agglomération,Hors intersection,Normale,Deux véhicules - frontale,,,,,,,,,,,1,1,1,1.0,1.0
201100043926,0011-01-14 19:25:00,11,1,14,19,25,870,85,"12, GIFFARD (RUE HENRI)",,,Nuit avec éclairage allumé,En agglomération,Intersection en T,Normale,Deux véhicules - côté,,,,,,,,,,,5,2,3,1.0,3.0
201100043927,0011-01-15 22:54:00,11,1,15,22,54,870,85,"109, LABUSSIERE (AVENUE",,,Nuit avec éclairage allumé,En agglomération,Intersection en T,Normale,Deux véhicules - côté,,,,,,,,,,,5,2,3,1.0,3.0
201100043928,0011-01-17 08:11:00,11,1,17,8,11,870,85,"117, BORIE (BOULEVARD DE",,,Plein jour,En agglomération,Hors intersection,Normale,Deux véhicules - arrière,,,,,,,,,,,1,2,1,1.0,2.0
201100043929,0011-01-17 09:06:00,11,1,17,9,6,870,85,"5, STAUTON (RUE DU MAJOR",,,Plein jour,En agglomération,Hors intersection,Normale,Autre collision,,,,,,,,,,,1,2,1,1.0,6.0
201100043930,0011-01-19 14:04:00,11,1,19,14,4,870,85,AUTOROUTE A20,45.8176,1.29424,Plein jour,Hors agglomération,Hors intersection,Normale,Trois véhicules et plus - en chaîne,,,,,,,,,,,1,1,1,1.0,4.0
201100043931,0011-01-21 08:25:00,11,1,21,8,25,870,85,"36, CHABOT (RUE VICTOR)",,,Crépuscule ou aube,En agglomération,Hors intersection,Normale,Autre collision,,,,,,,,,,,2,2,1,1.0,6.0
201100043932,0011-01-21 17:25:00,11,1,21,17,25,870,85,"40, SAINT ELOI (AVENUE)",,,Plein jour,En agglomération,Hors intersection,Normale,Autre collision,,,,,,,,,,,1,2,1,1.0,6.0
201100043933,0011-01-22 21:42:00,11,1,22,21,42,870,85,"53, PUY LAS RODAS (RUE D",,,Nuit avec éclairage allumé,En agglomération,Hors intersection,Normale,Autre collision,,,,,,,,,,,5,2,1,1.0,6.0
201100043934,0011-01-23 15:09:00,11,1,23,15,9,870,85,"76, CURIE  (RUE PIERRE E",,,Plein jour,En agglomération,Hors intersection,Normale,Autre collision,,,,,,,,,,,1,2,1,1.0,6.0
201100043935,0011-01-24 10:15:00,11,1,24,10,15,870,85,"1, BUGEAUD (COURS)",,,Plein jour,En agglomération,Hors intersection,Normale,Autre collision,,,,,,,,,,,1,2,1,1.0,6.0
201100043936,0011-01-27 16:20:00,11,1,27,16,20,870,85,"6, FABRE EGLANTINE (ALLE",,,Plein jour,En agglomération,Hors intersection,Normale,Autre collision,,,,,,,,,,,1,2,1,1.0,6.0
201100043937,0011-01-31 19:57:00,11,1,31,19,57,870,85,AUTOROUTE A20,45.9144,1.29374,Nuit sans éclairage public,Hors agglomération,Hors intersection,Normale,Trois véhicules et plus - collisions multiples,,,,,,,,,,,3,1,1,1.0,5.0
201100043938,0011-02-02 17:55:00,11,2,2,17,55,870,48,"7, FONTAINE SAINT MARTIN",,,Plein jour,En agglomération,Hors intersection,Normale,Deux véhicules - côté,,,,,,,,,,,1,2,1,1.0,3.0
201100043939,0011-02-04 08:41:00,11,2,4,8,41,870,65,"0, PONTEIX (AVENUE DU)",,,Plein jour,En agglomération,Hors intersection,Pluie légère,Deux véhicules - arrière,,,,,,,,,,,1,2,1,2.0,2.0
201100043940,0011-02-04 13:50:00,11,2,4,13,50,870,85,"407, TOULOUSE (RUE DE)",45.8035,1.29232,Plein jour,En agglomération,Intersection en T,Normale,Deux véhicules - côté,,,,,,,,,,,1,2,3,1.0,3.0
201100043941,0011-02-04 18:32:00,11,2,4,18,32,870,85,"12, GUESDE (RUE JULES)",,,Nuit avec éclairage allumé,En agglomération,Hors intersection,Normale,Deux véhicules - arrière,,,,,,,,,,,5,2,1,1.0,2.0
201100043942,0011-02-04 19:50:00,11,2,4,19,50,870,114,"4, JAURES (AVENUE JEAN-)",,,Nuit avec éclairage allumé,En agglomération,Hors intersection,Normale,Deux véhicules - côté,,,,,,,,,,,5,2,1,1.0,3.0
201100043943,0011-02-05 17:45:00,11,2,5,17,45,870,85,"52, LECLERC (AVENUE DU G",,,Plein jour,En agglomération,Intersection en T,Normale,Deux véhicules - côté,,,,,,,,,,,1,2,3,1.0,3.0
201100043944,0011-02-06 19:11:00,11,2,6,19,11,870,85,ORADOUR SUR GLANE (CARRE,45.8345,1.22602,Nuit avec éclairage allumé,En agglomération,Intersection en X,Brouillard / fumée,Deux véhicules - côté,,,,,,,,,,,5,2,2,5.0,3.0
201100043945,0011-02-06 18:42:00,11,2,6,18,42,870,114,"7, JONQUES (DES)",,,Nuit avec éclairage allumé,En agglomération,Hors intersection,Normale,Autre collision,,,,,,,,,,,5,2,1,1.0,6.0
201100043946,0011-02-07 08:13:00,11,2,7,8,13,870,85,PALAIS (ROUTE DU),45.8528,1.30357,Plein jour,En agglomération,Hors intersection,Normale,Sans collision,,,,,,,,,,,1,2,1,1.0,7.0
201100043947,0011-02-07 13:00:00,11,2,7,13,0,870,85,CASSEAUX (AVENUE DES) RD,45.8425,1.28771,Plein jour,En agglomération,Intersection en T,Normale,Deux véhicules - côté,,,,,,,,,,,1,2,3,1.0,3.0
201100043948,0011-02-07 16:50:00,11,2,7,16,50,870,85,"191 BIS, BRIAND (RUE ARI",,,Plein jour,En agglomération,Hors intersection,Normale,Autre collision,,,,,,,,,,,1,2,1,1.0,6.0
201100043949,0011-02-08 08:00:00,11,2,8,8,0,870,85,"1, PETINIAUD BEAUPEYRAT",,,Plein jour,En agglomération,Hors intersection,Normale,Autre collision,,,,,,,,,,,1,2,1,1.0,6.0
201100043950,0011-02-08 11:39:00,11,2,8,11,39,870,85,D941,45.8378,1.18958,Plein jour,Hors agglomération,Hors intersection,Normale,Autre collision,,,,,,,,,,,1,1,1,1.0,6.0
201100043951,0011-02-08 17:01:00,11,2,8,17,1,870,85,"1, WILSON (PLACE)",,,Plein jour,En agglomération,Hors intersection,Normale,Autre collision,,,,,,,,,,,1,2,1,1.0,6.0
201100043952,0011-02-09 15:07:00,11,2,9,15,7,870,85,"152, BELLAC (RUE DE)",45.854,1.2444,Plein jour,En agglomération,Hors intersection,Normale,Deux véhicules - côté,,,,,,,,,,,1,2,1,1.0,3.0
201100043953,0011-02-10 13:44:00,11,2,10,13,44,870,75,RD79,45.8208,1.20822,Plein jour,Hors agglomération,Autre intersection,Normale,Deux véhicules - côté,,,,,,,,,,,1,1,9,1.0,3.0
201100043954,0011-02-10 14:55:00,11,2,10,14,55,870,85,", BEAUBREUIL (PLACE DE)",,,Plein jour,En agglomération,Hors intersection,Normale,Deux véhicules - côté,,,,,,,,,,,1,2,1,1.0,3.0
201100043955,0011-02-12 19:52:00,11,2,12,19,52,870,114,"72, BLUM (AVENUE LEON-)",45.8324,1.30382,Nuit avec éclairage allumé,En agglomération,Intersection en X,Normale,Deux véhicules - côté,,,,,,,,,,,5,2,2,1.0,3.0
201100043956,0011-02-13 11:35:00,11,2,13,11,35,870,85,"1, DETAILLE (RUE)",,,Plein jour,En agglomération,Hors intersection,Normale,Autre collision,,,,,,,,,,,1,2,1,1.0,6.0
201100043957,0011-02-13 16:31:00,11,2,13,16,31,870,85,"46, MAS-LOUBIER (RUE DU)",,,Plein jour,En agglomération,Hors intersection,Normale,Autre collision,,,,,,,,,,,1,2,1,1.0,6.0
201100043958,0011-02-16 10:14:00,11,2,16,10,14,870,85,"2, ISLY (RUE D')",,,Plein jour,En agglomération,Hors intersection,Normale,Autre collision,,,,,,,,,,,1,2,1,1.0,6.0
201100043959,0011-02-17 14:32:00,11,2,17,14,32,870,85,"0, EUROPE (CARREFOUR DE",,,Plein jour,En agglomération,Hors intersection,Normale,Trois véhicules et plus - en chaîne,,,,,,,,,,,1,2,1,1.0,4.0
201100043960,0011-02-19 20:00:00,11,2,19,20,0,870,85,"10, BELLAC (RUE DE)",,,Nuit avec éclairage allumé,En agglomération,Intersection en T,Normale,Deux véhicules - côté,,,,,,,,,,,5,2,3,1.0,3.0
201100043961,0011-02-23 19:21:00,11,2,23,19,21,870,85,GIRATOIRE VLS (RD11),45.8109,1.2572,Nuit avec éclairage allumé,Hors agglomération,Autre intersection,Pluie légère,Deux véhicules - côté,,,,,,,,,,,5,1,9,2.0,3.0
201100043962,0011-02-25 09:07:00,11,2,25,9,7,870,85,"234, LATTRE-DE-TASSIGNY",45.8272,1.28456,Plein jour,En agglomération,Intersection en X,Normale,Deux véhicules - frontale,,,,,,,,,,,1,2,2,1.0,1.0
201100043963,0011-02-28 12:05:00,11,2,28,12,5,870,50,RD947,45.8798,1.23811,Plein jour,En agglomération,Giratoire,Normale,Deux véhicules - côté,,,,,,,,,,,1,2,6,1.0,3.0
201100043964,0011-03-01 08:01:00,11,3,1,8,1,870,85,"27, THOMAS (AVENUE ALBER",,,Plein jour,En agglomération,Hors intersection,Normale,Deux véhicules - arrière,,,,,,,,,,,1,2,1,1.0,2.0
201100043965,0011-03-01 13:59:00,11,3,1,13,59,870,85,"34, TARRADE (AVENUE ADRI",,,Plein jour,En agglomération,Hors intersection,Normale,Autre collision,,,,,,,,,,,1,2,1,1.0,6.0
201100043966,0011-03-03 12:30:00,11,3,3,12,30,870,85,FOUGERAS (RUE DE),45.8717,1.30043,Plein jour,En agglomération,Intersection en T,Normale,Deux véhicules - côté,,,,,,,,,,,1,2,3,1.0,3.0
201100043967,0011-03-04 13:40:00,11,3,4,13,40,870,65,"37, VALIN (AVENUE MARTIA",45.8154,1.31472,Plein jour,En agglomération,Hors intersection,Normale,Deux véhicules - arrière,,,,,,,,,,,1,2,1,1.0,2.0
201100043968,0011-03-06 06:00:00,11,3,6,6,0,870,85,RN520,45.8327,1.27475,Nuit sans éclairage public,En agglomération,Hors intersection,Normale,Autre collision,,,,,,,,,,,3,2,1,1.0,6.0
201100043969,0011-03-08 12:22:00,11,3,8,12,22,870,65,"2, MERMOZ (RUE JEAN-)",,,Plein jour,En agglomération,Hors intersection,Normale,Deux véhicules - arrière,,,,,,,,,,,1,2,1,1.0,2.0
201100043970,0011-03-08 14:21:00,11,3,8,14,21,870,65,RD 704A,45.7926,1.28198,Plein jour,En agglomération,Intersection en T,Normale,Trois véhicules et plus - collisions multiples,,,,,,,,,,,1,2,3,1.0,5.0
201100043971,0011-03-09 12:10:00,11,3,9,12,10,870,85,"404, TOULOUSE (RUE DE)",45.8037,1.29208,Plein jour,En agglomération,Intersection en T,Normale,Deux véhicules - côté,,,,,,,,,,,1,2,3,1.0,3.0
201100043972,0011-03-09 18:30:00,11,3,9,18,30,870,85,"15, BAC (RUE THEODORE)",,,Plein jour,En agglomération,Hors intersection,Normale,Deux véhicules - côté,,,,,,,,,,,1,2,1,1.0,3.0
201100043973,0011-03-11 14:38:00,11,3,11,14,38,870,85,"21, SAINT SURIN (AVENUE)",,,Plein jour,En agglomération,Hors intersection,Normale,Deux véhicules - arrière,,,,,,,,,,,1,2,1,1.0,2.0
201100043974,0011-03-12 18:57:00,11,3,12,18,57,870,85,"48, NORIAC (RUE JULES)",,,Plein jour,En agglomération,Hors intersection,Normale,Sans collision,,,,,,,,,,,1,2,1,1.0,7.0
201100043975,0011-03-13 14:11:00,11,3,13,14,11,870,85,ESSARTS (RUE DES),45.896,1.30491,Plein jour,Hors agglomération,Hors intersection,Normale,Deux véhicules - côté,,,,,,,,,,,1,1,1,1.0,3.0
201100043976,0011-03-15 16:38:00,11,3,15,16,38,870,85,"63, MONTJOVIS (AVENUE)",,,Plein jour,En agglomération,Hors intersection,Normale,Deux véhicules - arrière,,,,,,,,,,,1,2,1,1.0,2.0
201100043977,0011-03-18 07:46:00,11,3,18,7,46,870,85,"9, BROUILLEBAS (RUE DE)",,,Plein jour,En agglomération,Hors intersection,Normale,Autre collision,,,,,,,,,,,1,2,1,1.0,6.0
201100043978,0011-03-18 16:35:00,11,3,18,16,35,870,85,"36, BROGLIE (AVENUE LOUI",,,Plein jour,En agglomération,Giratoire,Normale,Deux véhicules - côté,,,,,,,,,,,1,2,6,1.0,3.0
201100043979,0011-03-20 16:19:00,11,3,20,16,19,870,85,"15, HALEVY (RUE)",,,Plein jour,En agglomération,Intersection en X,Normale,Deux véhicules - côté,,,,,,,,,,,1,2,2,1.0,3.0
201100043980,0011-03-21 08:09:00,11,3,21,8,9,870,85,"1, BLANQUI (PLACE)",,,Plein jour,En agglomération,Hors intersection,Normale,Deux véhicules - côté,,,,,,,,,,,1,2,1,1.0,3.0
201100043981,0011-03-22 08:59:00,11,3,22,8,59,870,85,VALOINE (ROND-POINT DE L,,,Plein jour,En agglomération,Autre intersection,Normale,Autre collision,,,,,,,,,,,1,2,9,1.0,6.0
201100043982,0011-03-22 15:54:00,11,3,22,15,54,870,85,"2, JOURDAN (COURS)",,,Plein jour,En agglomération,Intersection en T,Normale,Deux véhicules - côté,,,,,,,,,,,1,2,3,1.0,3.0
201100043983,0011-03-23 08:17:00,11,3,23,8,17,870,85,"106, SABLARD (AVENUE DE)",,,Plein jour,En agglomération,Autre intersection,Normale,Deux véhicules - côté,,,,,,,,,,,1,2,9,1.0,3.0
201100043984,0011-03-23 11:10:00,11,3,23,11,10,870,85,"35, CLOS AUGIER (RUE DU)",,,Plein jour,En agglomération,Hors intersection,Normale,Autre collision,,,,,,,,,,,1,2,1,1.0,6.0
201100043985,0011-03-24 17:06:00,11,3,24,17,6,870,75,RN 21,45.7825,1.20103,Plein jour,Hors agglomération,Intersection en T,Normale,Deux véhicules - côté,,,,,,,,,,,1,1,3,1.0,3.0
201100043986,0011-03-25 20:15:00,11,3,25,20,15,870,85,"25, HALEVY (RUE)",,,Nuit avec éclairage allumé,En agglomération,Hors intersection,Normale,Deux véhicules - frontale,,,,,,,,,,,5,2,1,1.0,1.0
201100043987,0011-03-26 05:33:00,11,3,26,5,33,870,85,SAINT MARTIAL (QUAI),45.8259,1.26783,Nuit avec éclairage allumé,En agglomération,Intersection en X,Normale,Deux véhicules - côté,,,,,,,,,,,5,2,2,1.0,3.0
201100043988,0011-03-26 14:55:00,11,3,26,14,55,870,85,"264, TOULOUSE (RUE DE)",,,Plein jour,En agglomération,Giratoire,Normale,Deux véhicules - côté,,,,,,,,,,,1,2,6,1.0,3.0
201100043989,0011-03-26 20:52:00,11,3,26,20,52,870,85,"57, MONTMAILLER (RUE)",,,Nuit avec éclairage allumé,En agglomération,Intersection en X,Normale,Deux véhicules - côté,,,,,,,,,,,5,2,2,1.0,3.0
201100043990,0011-03-27 15:51:00,11,3,27,15,51,870,85,"1, BENEDICTINS (RAMPE DE",,,Plein jour,En agglomération,Hors intersection,Pluie forte,Autre collision,,,,,,,,,,,1,2,1,3.0,6.0
201100043991,0011-03-28 08:43:00,11,3,28,8,43,870,85,SCHUMAN (BOULEVARD ROBER,,,Plein jour,En agglomération,Hors intersection,Normale,Trois véhicules et plus - en chaîne,,,,,,,,,,,1,2,1,1.0,4.0
201100043992,0011-03-28 18:10:00,11,3,28,18,10,870,85,"19, COMTE (RUE AUGUSTE)",,,Plein jour,En agglomération,Hors intersection,Normale,Deux véhicules - côté,,,,,,,,,,,1,2,1,1.0,3.0