accident_id,datetime,annee,mois,jour,heure,minute,departement,commune_insee,adresse,latitude,longitude,luminosite,agglomeration,intersection,meteo,collision,nb_vehicules,nb_usagers,nb_indemnes,nb_tues,nb_blesses_hosp,nb_blesses_legers,age_cond_1,age_cond_2,veh_type_cond_1,veh_type_cond_2,lum_code,agg_code,int_code,atm_code,col_code
201100043993,0011-03-29 13:32:00,11,3,29,13,32,870,85,"2, LEGENDRE (RUE CHARLES",,,Plein jour,En agglomération,Intersection en X,Normale,Autre collision,,,,,,,,,,,1,2,2,1.0,6.0
201100043994,0011-03-29 17:27:00,11,3,29,17,27,870,85,AUTOROUTE A20,45.8732,1.28792,Plein jour,Hors agglomération,Hors intersection,Pluie légère,Trois véhicules et plus - collisions multiples,,,,,,,,,,,1,1,1,2.0,5.0
201100043995,0011-03-30 12:32:00,11,3,30,12,32,870,85,FOUGERAS (RUE DE),45.8632,1.28977,Plein jour,En agglomération,Hors intersection,Normale,Autre collision,,,,,,,,,,,1,2,1,1.0,6.0
201100043996,0011-03-30 21:54:00,11,3,30,21,54,870,85,RN520,45.8212,1.2629,Nuit avec éclairage allumé,En agglomération,Intersection en X,Pluie légère,Deux véhicules - côté,,,,,,,,,,,5,2,2,2.0,3.0
201100043997,0011-03-31 12:10:00,11,3,31,12,10,870,65,RD979,45.8182,1.29244,Plein jour,Hors agglomération,Hors intersection,Pluie légère,Autre collision,,,,,,,,,,,1,1,1,2.0,6.0
201100043998,0011-03-31 13:39:00,11,3,31,13,39,870,114,"12, PERRIN (JEAN-)",,,Plein jour,En agglomération,Hors intersection,Normale,Autre collision,,,,,,,,,,,1,2,1,1.0,6.0
201100043999,0011-04-01 12:27:00,11,4,1,12,27,870,85,"28, FRANCE (RUE ANATOLE)",,,Plein jour,En agglomération,Intersection en X,Normale,Autre collision,,,,,,,,,,,1,2,2,1.0,6.0
201100044000,0011-04-02 09:05:00,11,4,2,9,5,870,48,"39, REPUBLIQUE (RUE DE L",,,Plein jour,En agglomération,Giratoire,Normale,Deux véhicules - côté,,,,,,,,,,,1,2,6,1.0,3.0
201100044001,0011-04-05 17:58:00,11,4,5,17,58,870,85,"118, SABLARD (AVENUE DE)",,,Plein jour,En agglomération,Intersection en X,Normale,Autre collision,,,,,,,,,,,1,2,2,1.0,6.0
201100044002,0011-04-05 16:02:00,11,4,5,16,2,870,65,"20, VALIN (AVENUE MARTIA",45.8153,1.31521,Plein jour,En agglomération,Hors intersection,Normale,Autre collision,,,,,,,,,,,1,2,1,1.0,6.0
201100044003,0011-04-05 19:46:00,11,4,5,19,46,870,85,"118, DUTREIX (RUE ARMAND",,,Plein jour,En agglomération,Hors intersection,Normale,Autre collision,,,,,,,,,,,1,2,1,1.0,6.0
201100044004,0011-04-06 08:49:00,11,4,6,8,49,870,114,"2, MONNET (AVENUE JEAN-)",,,Plein jour,En agglomération,Intersection en X,Normale,Deux véhicules - côté,,,,,,,,,,,1,2,2,1.0,3.0
201100044005,0011-04-06 17:58:00,11,4,6,17,58,870,85,"362, PERRIN (RUE FRANCOI",,,Plein jour,En agglomération,Hors intersection,Normale,Deux véhicules - arrière,,,,,,,,,,,1,2,1,1.0,2.0
201100044006,0011-04-08 21:03:00,11,4,8,21,3,870,85,"3, BAUDIN ( AVENUE) (VC)",,,Nuit avec éclairage allumé,En agglomération,Hors intersection,Normale,Autre collision,,,,,,,,,,,5,2,1,1.0,6.0
201100044007,0011-04-09 05:32:00,11,4,9,5,32,870,50,"35, COYOL (RUE DU)",,,Nuit sans éclairage public,Hors agglomération,Hors intersection,Normale,Autre collision,,,,,,,,,,,3,1,1,1.0,6.0
201100044008,0011-04-11 16:54:00,11,4,11,16,54,870,85,"10, COURTELINE (RUE DE L",,,Plein jour,En agglomération,Hors intersection,Normale,Deux véhicules - arrière,,,,,,,,,,,1,2,1,1.0,2.0
201100044009,0011-04-12 08:52:00,11,4,12,8,52,870,85,"47, COMTE (RUE AUGUSTE)",,,Plein jour,En agglomération,Hors intersection,Normale,Deux véhicules - arrière,,,,,,,,,,,1,2,1,1.0,2.0
201100044010,0011-04-14 09:07:00,11,4,14,9,7,870,85,TOULOUSE (RUE DE),45.7977,1.29507,Plein jour,Hors agglomération,Hors intersection,Normale,Trois véhicules et plus - en chaîne,,,,,,,,,,,1,1,1,1.0,4.0
201100044011,0011-04-14 14:17:00,11,4,14,14,17,870,75,BALEZY (ROUTE DE),,,Plein jour,Hors agglomération,Hors intersection,Normale,Deux véhicules - arrière,,,,,,,,,,,1,1,1,1.0,2.0
201100044012,0011-04-15 16:57:00,11,4,15,16,57,870,85,"22, GAGNANT (AVENUE JEAN",,,Plein jour,En agglomération,Hors intersection,Normale,Autre collision,,,,,,,,,,,1,2,1,1.0,6.0
201100044013,0011-04-16 09:06:00,11,4,16,9,6,870,85,"10, GAY-LUSSAC (COURS)",,,Plein jour,En agglomération,Hors intersection,Normale,Autre collision,,,,,,,,,,,1,2,1,1.0,6.0
201100044014,0011-04-16 10:52:00,11,4,16,10,52,870,85,"45, LECLERC (AVENUE DU G",,,Plein jour,En agglomération,Hors intersection,Normale,Autre collision,,,,,,,,,,,1,2,1,1.0,6.0
201100044015,0011-04-18 14:37:00,11,4,18,14,37,870,85,BAUDIN (AVENUE) ( RN21),45.8174,1.25248,Plein jour,En agglomération,Hors intersection,Normale,Deux véhicules - arrière,,,,,,,,,,,1,2,1,1.0,2.0
201100044016,0011-04-19 07:54:00,11,4,19,7,54,870,85,"25, VAUCANSON (RUE DE)",,,Plein jour,En agglomération,Giratoire,Normale,Deux véhicules - arrière,,,,,,,,,,,1,2,6,1.0,2.0
201100044017,0011-04-20 14:40:00,11,4,20,14,40,870,85,"47, MONTMAILLER (RUE)",,,Plein jour,En agglomération,Hors intersection,Normale,Deux véhicules - côté,,,,,,,,,,,1,2,1,1.0,3.0
201100044018,0011-04-23 17:03:00,11,4,23,17,3,870,85,"17, CALMETTE (RUE ALBERT",,,Plein jour,En agglomération,Hors intersection,Normale,Autre collision,,,,,,,,,,,1,2,1,1.0,6.0
201100044019,0011-04-23 21:39:00,11,4,23,21,39,870,85,"38, GAY-LUSSAC (COURS)",,,Nuit avec éclairage allumé,En agglomération,Intersection en T,Normale,Trois véhicules et plus - collisions multiples,,,,,,,,,,,5,2,3,1.0,5.0
201100044020,0011-04-25 12:53:00,11,4,25,12,53,870,85,"22, AMPHITHEATRE (RUE DE",,,Plein jour,En agglomération,Hors intersection,Normale,Autre collision,,,,,,,,,,,1,2,1,1.0,6.0
201100044021,0011-04-25 20:52:00,11,4,25,20,52,870,85,"15, MAUVENDIERE (RUE DE",,,Nuit avec éclairage allumé,En agglomération,Hors intersection,Normale,Autre collision,,,,,,,,,,,5,2,1,1.0,6.0
201100044022,0011-04-26 16:22:00,11,4,26,16,22,870,85,"22, DORGELES (AVENUE ROL",,,Plein jour,En agglomération,Hors intersection,Normale,Deux véhicules - côté,,,,,,,,,,,1,2,1,1.0,3.0
201100044023,0011-04-26 18:24:00,11,4,26,18,24,870,85,"35, FONTAUBERT (RUE DE)",,,Plein jour,En agglomération,Intersection en X,Normale,Deux véhicules - côté,,,,,,,,,,,1,2,2,1.0,3.0
201100044024,0011-04-28 18:10:00,11,4,28,18,10,870,85,"25, COMTE (RUE AUGUSTE)",,,Plein jour,En agglomération,Hors intersection,Normale,Deux véhicules - côté,,,,,,,,,,,1,2,1,1.0,3.0
201100044025,0011-04-28 18:27:00,11,4,28,18,27,870,85,RN520,45.8903,1.26923,Plein jour,Hors agglomération,Hors intersection,Normale,Deux véhicules - arrière,,,,,,,,,,,1,1,1,1.0,2.0
201100044026,0011-04-30 08:27:00,11,4,30,8,27,870,50,RN520 (COUZEIX),45.8865,1.20867,Plein jour,Hors agglomération,Hors intersection,Normale,Autre collision,,,,,,,,,,,1,1,1,1.0,6.0
201100044027,0011-04-30 12:13:00,11,4,30,12,13,870,85,"116, MONTJOVIS (AVENUE)",,,Plein jour,En agglomération,Hors intersection,Normale,Autre collision,,,,,,,,,,,1,2,1,1.0,6.0
201100044028,0011-04-30 19:00:00,11,4,30,19,0,870,75,"83, BAYLES (AVENUE DES)",,,Plein jour,En agglomération,Giratoire,Normale,Autre collision,,,,,,,,,,,1,2,6,1.0,6.0
201100044029,0011-05-01 22:21:00,11,5,1,22,21,870,85,"77, VIGENAL (BOULEVARD D",,,Nuit avec éclairage allumé,En agglomération,Hors intersection,Normale,Deux véhicules - frontale,,,,,,,,,,,5,2,1,1.0,1.0
201100044030,0011-05-03 15:20:00,11,5,3,15,20,870,85,"0, VELODROME (RUE DU)",,,Plein jour,En agglomération,Intersection en X,Normale,Deux véhicules - côté,,,,,,,,,,,1,2,2,1.0,3.0
201100044031,0011-05-03 17:40:00,11,5,3,17,40,870,85,"2, VANTEAUX (BOULEVARD D",,,Plein jour,En agglomération,Autre intersection,Normale,Deux véhicules - côté,,,,,,,,,,,1,2,9,1.0,3.0
201100044032,0011-05-05 21:50:00,11,5,5,21,50,870,85,"236, BRIAND (RUE ARISTID",,,Nuit avec éclairage allumé,En agglomération,Hors intersection,Normale,Autre collision,,,,,,,,,,,5,2,1,1.0,6.0
201100044033,0011-05-06 09:30:00,11,5,6,9,30,870,85,"181.500, AUTOROUTE A20",45.8415,1.27982,Plein jour,Hors agglomération,Hors intersection,Normale,Deux véhicules - arrière,,,,,,,,,,,1,1,1,1.0,2.0
201100044034,0011-05-08 10:00:00,11,5,8,10,0,870,75,"17, CHATEAU (AVENUE DU)",,,Plein jour,En agglomération,Hors intersection,Normale,Autre collision,,,,,,,,,,,1,2,1,1.0,6.0
201100044035,0011-05-11 15:56:00,11,5,11,15,56,870,85,"40, SERRES (RUE OLIVIER",,,Plein jour,En agglomération,Hors intersection,Pluie légère,Autre collision,,,,,,,,,,,1,2,1,2.0,6.0
201100044036,0011-05-11 17:19:00,11,5,11,17,19,870,48,"6, REBIER (RUE JEAN)",,,Plein jour,En agglomération,Intersection en T,Normale,Deux véhicules - frontale,,,,,,,,,,,1,2,3,1.0,1.0
201100044037,0011-05-13 21:46:00,11,5,13,21,46,870,85,"27, CAMBUSES (AVENUE DES",,,Plein jour,En agglomération,Hors intersection,Normale,Deux véhicules - côté,,,,,,,,,,,1,2,1,1.0,3.0
201100044038,0011-05-14 17:17:00,11,5,14,17,17,870,85,"56, GAMBETTA (BOULEVARD)",,,Plein jour,En agglomération,Intersection en X,Normale,Sans collision,,,,,,,,,,,1,2,2,1.0,7.0
201100044039,0011-05-15 16:18:00,11,5,15,16,18,870,85,AUTOROUTE A20,45.8062,1.29764,Plein jour,Hors agglomération,Hors intersection,Normale,Autre collision,,,,,,,,,,,1,1,1,1.0,6.0
201100044040,0011-05-16 18:44:00,11,5,16,18,44,870,85,AUTOROUTE A20,45.885,1.29192,Plein jour,Hors agglomération,Hors intersection,Normale,Autre collision,,,,,,,,,,,1,1,1,1.0,6.0
201100044041,0011-05-16 17:50:00,11,5,16,17,50,870,114,"0, LAVAUD - LIEU DIT",,,Plein jour,Hors agglomération,Hors intersection,Normale,Autre collision,,,,,,,,,,,1,1,1,1.0,6.0
201100044042,0011-05-20 18:26:00,11,5,20,18,26,870,85,ESSARTS (RUE DES),45.896,1.30491,Plein jour,Hors agglomération,Hors intersection,Pluie légère,Autre collision,,,,,,,,,,,1,1,1,2.0,6.0
201100044043,0011-05-20 19:20:00,11,5,20,19,20,870,85,"26, VIGUIER (RUE DU CAPI",,,Plein jour,En agglomération,Hors intersection,Normale,Autre collision,,,,,,,,,,,1,2,1,1.0,6.0
201100044044,0011-05-22 20:31:00,11,5,22,20,31,870,85,"20, GIFFARD (RUE HENRI)",,,Plein jour,En agglomération,Hors intersection,Normale,Deux véhicules - arrière,,,,,,,,,,,1,2,1,1.0,2.0
201100044045,0011-05-22 22:48:00,11,5,22,22,48,870,85,"48, CHINCHAUVAUD (RUE DU",,,Nuit avec éclairage allumé,En agglomération,Intersection en T,Normale,Autre collision,,,,,,,,,,,5,2,3,1.0,6.0
201100044046,0011-05-23 06:40:00,11,5,23,6,40,870,85,"163, DUTREIX (RUE ARMAND",,,Plein jour,En agglomération,Hors intersection,Normale,Deux véhicules - arrière,,,,,,,,,,,1,2,1,1.0,2.0
201100044047,0011-05-23 18:26:00,11,5,23,18,26,870,85,"39, PUY LAS RODAS (RUE D",,,Plein jour,En agglomération,Intersection en X,Normale,Deux véhicules - côté,,,,,,,,,,,1,2,2,1.0,3.0
201100044048,0011-05-25 10:45:00,11,5,25,10,45,870,85,"53, DUMAS (AVENUE GEORGE",,,Plein jour,En agglomération,Intersection en X,Normale,Autre collision,,,,,,,,,,,1,2,2,1.0,6.0
201100044049,0011-05-25 16:32:00,11,5,25,16,32,870,85,"273, PERRIN (RUE FRANCOI",,,Plein jour,En agglomération,Hors intersection,Normale,Deux véhicules - côté,,,,,,,,,,,1,2,1,1.0,3.0
201100044050,0011-05-26 08:55:00,11,5,26,8,55,870,85,"119, SAINTE CLAIRE (RUE)",,,Plein jour,En agglomération,Hors intersection,Normale,Autre collision,,,,,,,,,,,1,2,1,1.0,6.0
201100044051,0011-05-27 13:25:00,11,5,27,13,25,870,85,"125, CHINCHAUVAUD (RUE D",,,Plein jour,En agglomération,Intersection en X,Normale,Sans collision,,,,,,,,,,,1,2,2,1.0,7.0
201100044052,0011-05-27 18:20:00,11,5,27,18,20,870,85,"0, VALPARAISO (RUE DE)",,,Plein jour,En agglomération,Hors intersection,Normale,Autre collision,,,,,,,,,,,1,2,1,1.0,6.0
201100044053,0011-05-27 15:15:00,11,5,27,15,15,870,85,MAS-BOUYOL  (RUE DU),,,Plein jour,En agglomération,Hors intersection,Normale,Autre collision,,,,,,,,,,,1,2,1,1.0,6.0
201100044054,0011-05-27 22:28:00,11,5,27,22,28,870,85,"1, BEAUBLANC (BOULEVARD",,,Nuit avec éclairage allumé,En agglomération,Hors intersection,Normale,Deux véhicules - côté,,,,,,,,,,,5,2,1,1.0,3.0
201100044055,0011-05-28 11:37:00,11,5,28,11,37,870,85,"0, GROUSSIER (RUE ARTHUR",,,Plein jour,En agglomération,Intersection en T,Normale,Deux véhicules - côté,,,,,,,,,,,1,2,3,1.0,3.0
201100044056,0011-05-30 11:45:00,11,5,30,11,45,870,85,AUTOROUTE A20,45.8825,1.29076,Plein jour,Hors agglomération,Hors intersection,Normale,Autre collision,,,,,,,,,,,1,1,1,1.0,6.0
201100044057,0011-05-30 21:58:00,11,5,30,21,58,870,85,AUTOROUTE A20,45.829,1.28225,Plein jour,Hors agglomération,Hors intersection,Pluie légère,Autre collision,,,,,,,,,,,1,1,1,2.0,6.0
201100044058,0011-05-31 13:17:00,11,5,31,13,17,870,85,"51, LAGRANGE (RUE HENRI)",,,Plein jour,En agglomération,Hors intersection,Normale,Autre collision,,,,,,,,,,,1,2,1,1.0,6.0
201100044059,0011-06-03 15:03:00,11,6,3,15,3,870,65,RD 704,45.7981,1.29571,Plein jour,Hors agglomération,Intersection en T,Normale,Deux véhicules - côté,,,,,,,,,,,1,1,3,1.0,3.0
201100044060,0011-06-05 18:15:00,11,6,5,18,15,870,50,"77, HIPPODROME (ALLEE DE",,,Plein jour,Hors agglomération,Hors intersection,Normale,Autre collision,,,,,,,,,,,1,1,1,1.0,6.0
201100044061,0011-06-06 05:52:00,11,6,6,5,52,870,50,"35, COYOL (RUE DU)",,,Plein jour,Hors agglomération,Hors intersection,Normale,Autre collision,,,,,,,,,,,1,1,1,1.0,6.0
201100044062,0011-06-06 05:25:00,11,6,6,5,25,870,75,RN 21,45.7997,1.22834,Plein jour,Hors agglomération,Hors intersection,Pluie légère,Autre collision,,,,,,,,,,,1,1,1,2.0,6.0
201100044063,0011-06-06 18:55:00,11,6,6,18,55,870,85,"50, TARRADE (AVENUE ADRI",,,Plein jour,En agglomération,Hors intersection,Normale,Autre collision,,,,,,,,,,,1,2,1,1.0,6.0
201100044064,0011-06-07 08:03:00,11,6,7,8,3,870,85,MONNET (RUE JEAN),45.8512,1.29811,Plein jour,En agglomération,Hors intersection,Normale,Autre collision,,,,,,,,,,,1,2,1,1.0,6.0
201100044065,0011-06-07 11:23:00,11,6,7,11,23,870,50,RD947,45.8565,1.24556,Plein jour,Hors agglomération,Hors intersection,Pluie légère,Autre collision,,,,,,,,,,,1,1,1,2.0,6.0
201100044066,0011-06-07 17:16:00,11,6,7,17,16,870,85,"65, ANTONY (RUE  ET CHEM",,,Plein jour,En agglomération,Autre intersection,Pluie légère,Autre collision,,,,,,,,,,,1,2,9,2.0,6.0
201100044067,0011-06-07 22:11:00,11,6,7,22,11,870,85,"198, TOULOUSE (RUE DE)",,,Plein jour,En agglomération,Intersection en T,Normale,Deux véhicules - côté,,,,,,,,,,,1,2,3,1.0,3.0
201100044068,0011-06-08 15:48:00,11,6,8,15,48,870,85,PARKING LECLERC,,,Plein jour,En agglomération,Autre intersection,Normale,Deux véhicules - côté,,,,,,,,,,,1,2,9,1.0,3.0
201100044069,0011-06-10 08:00:00,11,6,10,8,0,870,85,AUTOROUTE A20,45.8382,1.28224,Plein jour,Hors agglomération,Hors intersection,Pluie légère,Autre collision,,,,,,,,,,,1,1,1,2.0,6.0
201100044070,0011-06-10 09:25:00,11,6,10,9,25,870,48,"11, REPUBLIQUE (RUE DE L",,,Plein jour,En agglomération,Giratoire,Normale,Autre collision,,,,,,,,,,,1,2,6,1.0,6.0
201100044071,0011-06-11 05:42:00,11,6,11,5,42,870,85,NEXON (RUE DE),45.8017,1.25342,Nuit sans éclairage public,Hors agglomération,Hors intersection,Normale,Autre collision,,,,,,,,,,,3,1,1,1.0,6.0
201100044072,0011-06-13 19:27:00,11,6,13,19,27,870,85,AUTOROUTE A20,45.8374,1.28285,Plein jour,Hors agglomération,Hors intersection,Normale,Autre collision,,,,,,,,,,,1,1,1,1.0,6.0
201100044073,0011-06-14 09:09:00,11,6,14,9,9,870,85,AUTOROUTE A20,45.835,1.28442,Plein jour,Hors agglomération,Hors intersection,Normale,Deux véhicules - côté,,,,,,,,,,,1,1,1,1.0,3.0
201100044074,0011-06-14 12:20:00,11,6,14,12,20,870,85,"14BIS, CORDERIE (BOULEVA",,,Plein jour,En agglomération,Hors intersection,Normale,Deux véhicules - arrière,,,,,,,,,,,1,2,1,1.0,2.0
201100044075,0011-06-14 12:30:00,11,6,14,12,30,870,75,RN 21,45.787,1.18512,Plein jour,Hors agglomération,Hors intersection,Normale,Autre collision,,,,,,,,,,,1,1,1,1.0,6.0
201100044076,0011-06-16 12:45:00,11,6,16,12,45,870,85,"118, DUTREIX (RUE ARMAND",,,Plein jour,En agglomération,Intersection en X,Normale,Deux véhicules - côté,,,,,,,,,,,1,2,2,1.0,3.0
201100044077,0011-06-17 10:26:00,11,6,17,10,26,870,85,"18, DELAGE (FIRMIN)",,,Plein jour,En agglomération,Hors intersection,Normale,Autre collision,,,,,,,,,,,1,2,1,1.0,6.0
201100044078,0011-06-17 16:50:00,11,6,17,16,50,870,85,"1, CHURCHILL WINSTON (PL",,,Plein jour,En agglomération,Place,Normale,Deux véhicules - arrière,,,,,,,,,,,1,2,7,1.0,2.0
201100044079,0011-06-17 17:51:00,11,6,17,17,51,870,85,"26, VAUCANSON (RUE DE)",,,Plein jour,En agglomération,Hors intersection,Pluie légère,Autre collision,,,,,,,,,,,1,2,1,2.0,6.0
201100044080,0011-06-17 17:28:00,11,6,17,17,28,870,85,"1, ARMAND (AVE Z.A.C",,,Plein jour,En agglomération,Hors intersection,Pluie forte,Sans collision,,,,,,,,,,,1,2,1,3.0,7.0
201100044081,0011-06-18 14:20:00,11,6,18,14,20,870,85,"33, RUBEN (AVENUE ERNEST",,,Plein jour,En agglomération,Intersection en X,Normale,Deux véhicules - côté,,,,,,,,,,,1,2,2,1.0,3.0
201100044082,0011-06-18 20:32:00,11,6,18,20,32,870,85,"24, PETIT TOUR (RUE DU)",,,Plein jour,En agglomération,Intersection en X,Normale,Autre collision,,,,,,,,,,,1,2,2,1.0,6.0
201100044083,0011-06-20 09:22:00,11,6,20,9,22,870,85,"23, NAUGEAT (AVENUE DE",,,Plein jour,En agglomération,Intersection en T,Normale,Deux véhicules - côté,,,,,,,,,,,1,2,3,1.0,3.0
201100044084,0011-06-23 08:37:00,11,6,23,8,37,870,85,"21, CONSTANTY (RUE GEORG",,,Plein jour,En agglomération,Hors intersection,Normale,Autre collision,,,,,,,,,,,1,2,1,1.0,6.0
201100044085,0011-06-23 08:41:00,11,6,23,8,41,870,85,"50,  RUE FRANCOIS PERRIN",,,Plein jour,En agglomération,Autre intersection,Normale,Autre collision,,,,,,,,,,,1,2,9,1.0,6.0
201100044086,0011-06-23 16:04:00,11,6,23,16,4,870,65,RD979,45.8104,1.34424,Plein jour,Hors agglomération,Hors intersection,Normale,Deux véhicules - frontale,,,,,,,,,,,1,1,1,1.0,1.0
201100044087,0011-06-23 17:01:00,11,6,23,17,1,870,85,ALLENDE (QUAI SALVADOR),45.8177,1.25379,Plein jour,En agglomération,Hors intersection,Normale,Autre collision,,,,,,,,,,,1,2,1,1.0,6.0
201100044088,0011-06-24 12:17:00,11,6,24,12,17,870,85,"5, GUESDE (RUE JULES)",,,Plein jour,En agglomération,Hors intersection,Normale,Autre collision,,,,,,,,,,,1,2,1,1.0,6.0
201100044089,0011-06-25 19:14:00,11,6,25,19,14,870,65,BOISSEUIL (RUE DE),45.7908,1.30543,Plein jour,Hors agglomération,Intersection en X,Normale,Deux véhicules - côté,,,,,,,,,,,1,1,2,1.0,3.0
201100044090,0011-06-26 17:40:00,11,6,26,17,40,870,85,"12, DUMAS (AVENUE GEORGE",,,Plein jour,En agglomération,Hors intersection,Normale,Deux véhicules - arrière,,,,,,,,,,,1,2,1,1.0,2.0
201100044091,0011-06-30 17:27:00,11,6,30,17,27,870,85,"51, CHENIEUX (RUE FRANCO",,,Plein jour,En agglomération,Hors intersection,Normale,Deux véhicules - côté,,,,,,,,,,,1,2,1,1.0,3.0
201100044092,0011-07-01 14:15:00,11,7,1,14,15,870,85,"56, GAMBETTA (BOULEVARD)",,,Plein jour,En agglomération,Hors intersection,Normale,Autre collision,,,,,,,,,,,1,2,1,1.0,6.0
201100044093,0011-07-01 17:26:00,11,7,1,17,26,870,85,"0, SAINTE CLAIRE (RUE)",,,Plein jour,En agglomération,Intersection en X,Normale,Deux véhicules - côté,,,,,,,,,,,1,2,2,1.0,3.0
201100044094,0011-07-02 07:39:00,11,7,2,7,39,870,85,AUTOROUTE A20,45.915,1.29417,Plein jour,Hors agglomération,Hors intersection,Normale,Autre collision,,,,,,,,,,,1,1,1,1.0,6.0
201100044095,0011-07-05 11:05:00,11,7,5,11,5,870,85,"3, DALESME (RUE)",,,Plein jour,En agglomération,Hors intersection,Normale,Autre collision,,,,,,,,,,,1,2,1,1.0,6.0
201100044096,0011-07-05 10:35:00,11,7,5,10,35,870,85,"28, PERRIN (RUE FRANCOIS",,,Plein jour,En agglomération,Intersection en T,Normale,Autre collision,,,,,,,,,,,1,2,3,1.0,6.0
201100044097,0011-07-06 17:03:00,11,7,6,17,3,870,85,"11, POMPIDOU (AVENUE GEO",,,Plein jour,En agglomération,Hors intersection,Normale,Autre collision,,,,,,,,,,,1,2,1,1.0,6.0
201100044098,0011-07-08 14:03:00,11,7,8,14,3,870,85,"128, BRIAND (RUE ARISTID",,,Plein jour,En agglomération,Hors intersection,Normale,Autre collision,,,,,,,,,,,1,2,1,1.0,6.0
201100044099,0011-07-08 20:05:00,11,7,8,20,5,870,75,"6, COURRIERES (AVENUE DE",,,Plein jour,En agglomération,Hors intersection,Normale,Autre collision,,,,,,,,,,,1,2,1,1.0,6.0
201100044100,0011-07-09 14:00:00,11,7,9,14,0,870,85,AUTOROUTE A20,45.8998,1.29231,Plein jour,Hors agglomération,Hors intersection,Pluie légère,Deux véhicules - arrière,,,,,,,,,,,1,1,1,2.0,2.0
201100044101,0011-07-09 16:35:00,11,7,9,16,35,870,85,"12, BASTIAT (RUE FREDERI",,,Plein jour,En agglomération,Hors intersection,Normale,Autre collision,,,,,,,,,,,1,2,1,1.0,6.0
201100044102,0011-07-13 08:35:00,11,7,13,8,35,870,85,"84, LABUSSIERE (AVENUE E",,,Plein jour,En agglomération,Hors intersection,Pluie légère,Deux véhicules - côté,,,,,,,,,,,1,2,1,2.0,3.0
201100044103,0011-07-16 16:34:00,11,7,16,16,34,870,85,"45, HALEVY (RUE)",,,Plein jour,En agglomération,Hors intersection,Normale,Deux véhicules - arrière,,,,,,,,,,,1,2,1,1.0,2.0
201100044104,0011-07-19 10:55:00,11,7,19,10,55,870,85,SCHUMAN (BOULEVARD ROBER,,,Plein jour,En agglomération,Hors intersection,Pluie forte,Deux véhicules - arrière,,,,,,,,,,,1,2,1,3.0,2.0
201100044105,0011-07-19 19:47:00,11,7,19,19,47,870,50,RN520 (COUZEIX),45.902,1.22904,Plein jour,Hors agglomération,Hors intersection,Pluie légère,Trois véhicules et plus - collisions multiples,,,,,,,,,,,1,1,1,2.0,5.0
201100044106,0011-07-20 18:40:00,11,7,20,18,40,870,114,"6 BIS, RUE BASSE (LA) -",,,Plein jour,En agglomération,Hors intersection,Pluie légère,Deux véhicules - frontale,,,,,,,,,,,1,2,1,2.0,1.0
201100044107,0011-07-20 21:17:00,11,7,20,21,17,870,75,RN 21,45.7824,1.19985,Nuit avec éclairage allumé,Hors agglomération,Hors intersection,Pluie forte,Autre collision,,,,,,,,,,,5,1,1,3.0,6.0
201100044108,0011-07-21 07:47:00,11,7,21,7,47,870,85,ESSARTS (RUE DES),45.896,1.30491,Plein jour,Hors agglomération,Hors intersection,Pluie légère,Autre collision,,,,,,,,,,,1,1,1,2.0,6.0
201100044109,0011-07-23 01:09:00,11,7,23,1,9,870,113,"2, JAURES (RUE JEAN)",45.8652,1.32406,Nuit avec éclairage allumé,En agglomération,Intersection en T,Pluie légère,Deux véhicules - côté,,,,,,,,,,,5,2,3,2.0,3.0
201100044110,0011-07-24 07:28:00,11,7,24,7,28,870,50,RN520 (COUZEIX),,,Nuit avec éclairage non allumé,Hors agglomération,Hors intersection,Normale,Autre collision,,,,,,,,,,,4,1,1,1.0,6.0
201100044111,0011-07-28 20:51:00,11,7,28,20,51,870,85,"21, PISSARO (RUE CAMILLE",,,Plein jour,En agglomération,Hors intersection,Normale,Autre collision,,,,,,,,,,,1,2,1,1.0,6.0
201100044112,0011-07-29 16:18:00,11,7,29,16,18,870,50,RN 520,,,Plein jour,Hors agglomération,Hors intersection,Normale,Trois véhicules et plus - en chaîne,,,,,,,,,,,1,1,1,1.0,4.0
201100044113,0011-07-29 16:06:00,11,7,29,16,6,870,50,"0, RN520",,,Plein jour,Hors agglomération,Hors intersection,Normale,Trois véhicules et plus - collisions multiples,,,,,,,,,,,1,1,1,1.0,5.0
201100044114,0011-07-30 14:05:00,11,7,30,14,5,870,85,PORT DU NAVEIX (RUE DU),45.8314,1.27296,Plein jour,En agglomération,Hors intersection,Normale,Deux véhicules - arrière,,,,,,,,,,,1,2,1,1.0,2.0
201100044115,0011-07-31 22:03:00,11,7,31,22,3,870,85,"0, DE GAULLE (AVENUE DU",,,Nuit avec éclairage allumé,En agglomération,Hors intersection,Normale,Autre collision,,,,,,,,,,,5,2,1,1.0,6.0
201100044116,0011-08-02 20:01:00,11,8,2,20,1,870,85,"43, CASSEAUX (AVE DES) (",,,Plein jour,En agglomération,Hors intersection,Pluie forte,Deux véhicules - côté,,,,,,,,,,,1,2,1,3.0,3.0
201100044117,0011-08-04 11:35:00,11,8,4,11,35,870,85,FOUGERAS (RUE DE),45.8616,1.28846,Plein jour,En agglomération,Hors intersection,Normale,Deux véhicules - arrière,,,,,,,,,,,1,2,1,1.0,2.0
201100044118,0011-08-05 04:01:00,11,8,5,4,1,870,85,ORADOUR SUR GLANE (CARRE,,,Nuit avec éclairage allumé,En agglomération,Intersection en X,Normale,Deux véhicules - côté,,,,,,,,,,,5,2,2,1.0,3.0
201100044119,0011-08-06 19:17:00,11,8,6,19,17,870,85,ESSARTS (RUE DES),45.8991,1.30976,Plein jour,Hors agglomération,Hors intersection,Pluie légère,Autre collision,,,,,,,,,,,1,1,1,2.0,6.0