accident_id,datetime,annee,mois,jour,heure,minute,departement,commune_insee,adresse,latitude,longitude,luminosite,agglomeration,intersection,meteo,collision,nb_vehicules,nb_usagers,nb_indemnes,nb_tues,nb_blesses_hosp,nb_blesses_legers,age_cond_1,age_cond_2,veh_type_cond_1,veh_type_cond_2,lum_code,agg_code,int_code,atm_code,col_code
201100044246,0011-12-23 19:30:00,11,12,23,19,30,870,114,RD941,,,Nuit avec éclairage allumé,Hors agglomération,Hors intersection,Pluie légère,Trois véhicules et plus - collisions multiples,,,,,,,,,,,5,1,1,2.0,5.0
201100044247,0011-12-29 09:54:00,11,12,29,9,54,870,85,"0, BOURNAZEL (RUE HENRI",,,Plein jour,En agglomération,Intersection en X,Normale,Deux véhicules - côté,,,,,,,,,,,1,2,2,1.0,3.0
201100044248,0011-01-06 10:55:00,11,1,6,10,55,880,160,QUAI DES BONS-ENFANTS,48.17542,6.44589,Plein jour,En agglomération,Hors intersection,Pluie légère,Autre collision,,,,,,,,,,,1,2,1,2.0,6.0
201100044249,0011-01-15 15:25:00,11,1,15,15,25,880,160,R. DES TEMPLIERS,48.16706,6.45253,Plein jour,En agglomération,Intersection en X,Normale,Deux véhicules - côté,,,,,,,,,,,1,2,2,1.0,3.0
201100044250,0011-02-06 00:05:00,11,2,6,0,5,880,87,"101, DE GAULLE (RUE GENE",48.16104,6.43086,Nuit avec éclairage allumé,En agglomération,Hors intersection,Normale,Autre collision,,,,,,,,,,,5,2,1,1.0,6.0
201100044251,0011-02-04 16:35:00,11,2,4,16,35,880,160,"0, LOGE-BLANCHE (AV. DE",48.16585,6.45079,Plein jour,En agglomération,Intersection en X,Normale,Deux véhicules - côté,,,,,,,,,,,1,2,2,1.0,3.0
201100044252,0011-02-28 20:45:00,11,2,28,20,45,880,160,"13, PONSCARME (RUE)",48.163,6.44736,Nuit avec éclairage allumé,En agglomération,Hors intersection,Normale,Autre collision,,,,,,,,,,,5,2,1,1.0,6.0
201100044253,0011-03-13 19:40:00,11,3,13,19,40,880,209,"0, LOUVROIE (RUE DE LA)",48.18662,6.42798,Nuit avec éclairage allumé,En agglomération,Intersection en X,Pluie légère,Deux véhicules - côté,,,,,,,,,,,5,2,2,2.0,3.0
201100044254,0011-03-22 13:05:00,11,3,22,13,5,880,160,"12, DUTAC (AV.)",48.17982,6.44166,Plein jour,En agglomération,Hors intersection,Normale,Deux véhicules - côté,,,,,,,,,,,1,2,1,1.0,3.0
201100044255,0011-03-24 17:54:00,11,3,24,17,54,880,160,"0, VOIVRE (RUE DE LA)",48.20133,6.4546,Plein jour,En agglomération,Hors intersection,Normale,Deux véhicules - arrière,,,,,,,,,,,1,2,1,1.0,2.0
201100044256,0011-03-29 09:15:00,11,3,29,9,15,880,209,JEAN-CHARLES PELLERIN (R,48.19757,6.41122,Plein jour,Hors agglomération,Intersection en X,Normale,Deux véhicules - côté,,,,,,,,,,,1,1,2,1.0,3.0
201100044257,0011-04-07 14:00:00,11,4,7,14,0,880,160,"3, REPUBLIQUE (AV. ETPT",48.18361,6.44318,Plein jour,En agglomération,Hors intersection,Normale,Deux véhicules - arrière,,,,,,,,,,,1,2,1,1.0,2.0
201100044258,0011-04-09 12:45:00,11,4,9,12,45,880,160,"152, ALLENDE (AV.SALVADO",48.19064,6.45035,Plein jour,En agglomération,Intersection en T,Normale,Deux véhicules - frontale,,,,,,,,,,,1,2,3,1.0,1.0
201100044259,0011-04-20 13:15:00,11,4,20,13,15,880,160,"0, AMBRAIL (FG D')",48.1742,6.45609,Plein jour,En agglomération,Hors intersection,Normale,Autre collision,,,,,,,,,,,1,2,1,1.0,6.0
201100044260,0011-04-27 21:15:00,11,4,27,21,15,880,160,"2, WILSON (RUE PRESIDENT",48.16983,6.44434,Nuit avec éclairage allumé,En agglomération,Hors intersection,Temps couvert,Deux véhicules - frontale,,,,,,,,,,,5,2,1,8.0,1.0
201100044261,0011-05-19 11:10:00,11,5,19,11,10,880,160,"0, BLUM (AV. LEON)",48.19295,6.45626,Plein jour,En agglomération,Hors intersection,Normale,Autre collision,,,,,,,,,,,1,2,1,1.0,6.0
201100044262,0011-05-04 16:10:00,11,5,4,16,10,880,160,"0, JAURES (RUE JEAN-)",48.17296,6.44105,Plein jour,En agglomération,Intersection en X,Normale,Autre collision,,,,,,,,,,,1,2,2,1.0,6.0
201100044263,0011-05-29 14:15:00,11,5,29,14,15,880,160,"01, BARTHOU (RUE LOUIS-)",48.18983,6.44724,Plein jour,En agglomération,Hors intersection,Normale,Autre collision,,,,,,,,,,,1,2,1,1.0,6.0
201100044264,0011-06-18 03:55:00,11,6,18,3,55,880,160,"139, NEUVE-GRANGE (RUE)",48.1456,6.46424,Nuit avec éclairage allumé,En agglomération,Hors intersection,Temps couvert,Autre collision,,,,,,,,,,,5,2,1,8.0,6.0
201100044265,0011-06-30 20:10:00,11,6,30,20,10,880,160,"0, FOCH (PL. MARECHAL-)",48.17314,6.44826,Plein jour,En agglomération,Intersection en X,Normale,Deux véhicules - côté,,,,,,,,,,,1,2,2,1.0,3.0
201100044266,0011-08-16 14:25:00,11,8,16,14,25,880,160,"50, REMIREMONT (RUE DE)",48.1717,6.44476,Plein jour,En agglomération,Hors intersection,Normale,Deux véhicules - arrière,,,,,,,,,,,1,2,1,1.0,2.0
201100044267,0011-08-22 05:45:00,11,8,22,5,45,880,160,"08, GERARDMER (route de)",48.17669,6.50263,Nuit sans éclairage public,Hors agglomération,Hors intersection,Normale,Deux véhicules - côté,,,,,,,,,,,3,1,1,1.0,3.0
201100044268,0011-09-10 16:30:00,11,9,10,16,30,880,160,"10, STEIN (PL. EMILE-)",48.17301,6.44521,Plein jour,En agglomération,Intersection en T,Normale,Deux véhicules - côté,,,,,,,,,,,1,2,3,1.0,3.0
201100044269,0011-10-07 18:20:00,11,10,7,18,20,880,160,"3, LOGE-BLANCHE (AV. DE",48.16549,6.4504,Plein jour,En agglomération,Hors intersection,Temps couvert,Autre collision,,,,,,,,,,,1,2,1,8.0,6.0
201100044270,0011-10-26 14:00:00,11,10,26,14,0,880,209,"0, FORGES (RTE. DES)",48.18826,6.41983,Plein jour,En agglomération,Hors intersection,Normale,Autre collision,,,,,,,,,,,1,2,1,1.0,6.0
201100044271,0011-11-20 07:30:00,11,11,20,7,30,880,160,"77, POISSOMPRE (FG DE)",48.1829,6.47277,Nuit sans éclairage public,En agglomération,Hors intersection,Normale,Autre collision,,,,,,,,,,,3,2,1,1.0,6.0
201100044272,0011-11-18 17:40:00,11,11,18,17,40,880,209,43 rue d'Epinal,48.19391,6.43776,Nuit avec éclairage allumé,En agglomération,Hors intersection,Normale,Autre collision,,,,,,,,,,,5,2,1,1.0,6.0
201100044273,0011-11-20 06:10:00,11,11,20,6,10,880,160,"0, UZEFAING (chemin)",48.152,6.50748,Nuit sans éclairage public,Hors agglomération,Hors intersection,Normale,Autre collision,,,,,,,,,,,3,1,1,1.0,6.0
201100044274,0011-11-24 18:26:00,11,11,24,18,26,880,209,"0, JEAN-CHARLES PELLERIN",48.19775,6.41145,Nuit sans éclairage public,Hors agglomération,Intersection en X,Brouillard / fumée,Deux véhicules - arrière,,,,,,,,,,,3,1,2,5.0,2.0
201100044275,0011-12-09 17:45:00,11,12,9,17,45,880,160,CAMUS (RUE ALBERT-),48.18842,6.45415,Nuit avec éclairage allumé,En agglomération,Intersection en X,Pluie forte,Deux véhicules - côté,,,,,,,,,,,5,2,2,3.0,3.0
201100044276,0011-12-13 16:33:00,11,12,13,16,33,880,160,"75, REMIREMONT (RUE DE)",48.16315,6.44996,Nuit avec éclairage allumé,En agglomération,Hors intersection,Pluie légère,Autre collision,,,,,,,,,,,5,2,1,2.0,6.0
201100044277,0011-12-15 14:15:00,11,12,15,14,15,880,209,"0, FORT (RUE DU)",48.20103,6.42889,Plein jour,En agglomération,Hors intersection,Pluie forte,Deux véhicules - frontale,,,,,,,,,,,1,2,1,3.0,1.0
201100044278,0011-06-04 12:55:00,11,6,4,12,55,880,429,"1110, Route de la Plaine",48.07935,6.59894,Plein jour,En agglomération,Hors intersection,Normale,Deux véhicules - côté,,,,,,,,,,,1,2,1,1.0,3.0
201100044279,0011-12-21 07:40:00,11,12,21,7,40,880,383,Rue de la Paltrée,48.01364,6.58627,Nuit avec éclairage non allumé,En agglomération,Hors intersection,Pluie légère,Autre collision,,,,,,,,,,,4,2,1,2.0,6.0
201100044280,0011-08-17 17:15:00,11,8,17,17,15,880,415,"1, Route de Seux",48.5766,6.6093,Plein jour,Hors agglomération,Hors intersection,Normale,Deux véhicules - frontale,,,,,,,,,,,1,1,1,1.0,1.0
201100044281,0011-09-16 18:00:00,11,9,16,18,0,880,415,"0, cd42",48.05419,6.60506,Crépuscule ou aube,Hors agglomération,Hors intersection,Normale,Autre collision,,,,,,,,,,,2,1,1,1.0,6.0
201100044282,0011-09-29 20:45:00,11,9,29,20,45,880,429,N 57,48.03724,6.58183,Nuit sans éclairage public,Hors agglomération,Intersection en Y,Normale,Sans collision,,,,,,,,,,,3,1,4,1.0,7.0
201100044283,0011-02-10 16:00:00,11,2,10,16,0,880,413,"1, Tuilerie ( rue de la",48.29682,6.94752,Plein jour,En agglomération,Hors intersection,Normale,Autre collision,,,,,,,,,,,1,2,1,1.0,6.0
201100044284,0011-03-04 02:00:00,11,3,4,2,0,880,413,"11, Rue du Petit SAINT-D",48.28123,6.94969,Nuit avec éclairage allumé,En agglomération,Hors intersection,Normale,Sans collision,,,,,,,,,,,5,2,1,1.0,7.0
201100044285,0011-03-13 22:10:00,11,3,13,22,10,880,413,RUE DES 3 VILLES,48.28874,6.94394,Nuit avec éclairage allumé,En agglomération,Intersection en X,Pluie légère,Deux véhicules - côté,,,,,,,,,,,5,2,2,2.0,3.0
201100044286,0011-03-14 13:55:00,11,3,14,13,55,880,413,Burlin (rue Louis),48.27916,6.94032,Plein jour,En agglomération,Hors intersection,Normale,Sans collision,,,,,,,,,,,1,2,1,1.0,7.0
201100044287,0011-03-24 16:10:00,11,3,24,16,10,880,424,"633, Rue de BROMPONT",48.27413,6.98184,Plein jour,En agglomération,Hors intersection,Temps éblouissant,Deux véhicules - côté,,,,,,,,,,,1,2,1,7.0,3.0
201100044288,0011-04-10 00:25:00,11,4,10,0,25,880,413,"1, Rond Point d'AMERIQUE",48.30976,6.91971,Nuit sans éclairage public,Hors agglomération,Giratoire,Normale,Autre collision,,,,,,,,,,,3,1,6,1.0,6.0
201100044289,0011-04-18 13:40:00,11,4,18,13,40,880,413,"83, Rue du 12me RA",48.2748,6.96609,Plein jour,En agglomération,Giratoire,Normale,Autre collision,,,,,,,,,,,1,2,6,1.0,6.0
201100044290,0011-04-23 15:45:00,11,4,23,15,45,880,413,"29, Route de ROBACHE",48.29745,6.95035,Plein jour,Hors agglomération,Hors intersection,Pluie légère,Deux véhicules - côté,,,,,,,,,,,1,1,1,2.0,3.0
201100044291,0011-05-02 07:28:00,11,5,2,7,28,880,413,"18, Route d'EP?NAL",48.28762,6.92879,Plein jour,En agglomération,Hors intersection,Normale,Deux véhicules - côté,,,,,,,,,,,1,2,1,1.0,3.0
201100044292,0011-05-18 11:35:00,11,5,18,11,35,880,413,"23, Avenue de VERDUN",48.29499,6.9382,Plein jour,En agglomération,Hors intersection,Normale,Trois véhicules et plus - en chaîne,,,,,,,,,,,1,2,1,1.0,4.0
201100044293,0011-06-21 09:05:00,11,6,21,9,5,880,413,"22, rue d'hellieule",48.28428,6.94733,Plein jour,En agglomération,Hors intersection,Normale,Trois véhicules et plus - en chaîne,,,,,,,,,,,1,2,1,1.0,4.0
201100044294,0011-06-29 15:45:00,11,6,29,15,45,880,413,RN 59,48.29964,6.92834,Plein jour,Hors agglomération,Hors intersection,Pluie forte,Autre collision,,,,,,,,,,,1,1,1,3.0,6.0
201100044295,0011-07-07 08:15:00,11,7,7,8,15,880,413,"1, QUAI CARNOT",48.28464,6.9496,Plein jour,En agglomération,Hors intersection,Normale,Autre collision,,,,,,,,,,,1,2,1,1.0,6.0
201100044296,0011-07-31 17:40:00,11,7,31,17,40,880,463,RD 420,48.27563,6.86755,Plein jour,Hors agglomération,Hors intersection,Normale,Autre collision,,,,,,,,,,,1,1,1,1.0,6.0
201100044297,0011-08-12 18:10:00,11,8,12,18,10,880,424,Parking CORA,48.27252,6.96818,Plein jour,En agglomération,Hors intersection,Normale,Sans collision,,,,,,,,,,,1,2,1,1.0,7.0
201100044298,0011-08-20 15:50:00,11,8,20,15,50,880,424,,48.27017,6.96153,Plein jour,En agglomération,Intersection en X,Normale,Trois véhicules et plus - collisions multiples,,,,,,,,,,,1,2,2,1.0,5.0
201100044299,0011-08-24 10:10:00,11,8,24,10,10,880,413,9 Rue Stanislas,48.28717,6.94892,Plein jour,En agglomération,Hors intersection,Normale,Autre collision,,,,,,,,,,,1,2,1,1.0,6.0
201100044300,0011-09-01 13:55:00,11,9,1,13,55,880,413,"1, Avenue de l'egalit?",48.28716,6.94891,Plein jour,En agglomération,Hors intersection,Normale,Sans collision,,,,,,,,,,,1,2,1,1.0,7.0
201100044301,0011-09-24 09:00:00,11,9,24,9,0,880,413,"12, Rue STANISLAS",48.28717,6.94893,Plein jour,En agglomération,Hors intersection,Normale,Sans collision,,,,,,,,,,,1,2,1,1.0,7.0
201100044302,0011-09-26 15:40:00,11,9,26,15,40,880,519,"1253, GRAND RUE",48.33645,6.83793,Plein jour,En agglomération,Hors intersection,Normale,Autre collision,,,,,,,,,,,1,2,1,1.0,6.0
201100044303,0011-10-05 10:10:00,11,10,5,10,10,880,413,Rue STANISLAS,48.28717,6.94893,Plein jour,En agglomération,Hors intersection,Normale,Autre collision,,,,,,,,,,,1,2,1,1.0,6.0
201100044304,0011-10-11 20:25:00,11,10,11,20,25,880,413,", Rue de LA BOLLE",48.28551,6.93343,Nuit avec éclairage allumé,En agglomération,Hors intersection,Temps couvert,Deux véhicules - frontale,,,,,,,,,,,5,2,1,8.0,1.0
201100044305,0011-10-19 10:15:00,11,10,19,10,15,880,413,"32, Travaileurs ( rue de",48.27731,6.95567,Plein jour,En agglomération,Hors intersection,Pluie forte,Autre collision,,,,,,,,,,,1,2,1,3.0,6.0
201100044306,0011-10-19 12:15:00,11,10,19,12,15,880,413,Route de ROBACHE,48.30228,6.95189,Plein jour,Hors agglomération,Hors intersection,Pluie légère,Autre collision,,,,,,,,,,,1,1,1,2.0,6.0
201100044307,0011-11-04 18:30:00,11,11,4,18,30,880,413,"5, THIERS (RUE)",48.28584,6.94935,Nuit avec éclairage allumé,En agglomération,Hors intersection,Normale,Sans collision,,,,,,,,,,,5,2,1,1.0,7.0
201100044308,0011-11-21 18:05:00,11,11,21,18,5,880,413,"1, RUE DU 11 NOVEMBRE",48.28441,6.95574,Nuit avec éclairage allumé,En agglomération,Hors intersection,Normale,Autre collision,,,,,,,,,,,5,2,1,1.0,6.0
201100044309,0011-11-24 11:25:00,11,11,24,11,25,880,413,"1, QUAI CARNOT",48.28443,6.95314,Plein jour,En agglomération,Hors intersection,Normale,Autre collision,,,,,,,,,,,1,2,1,1.0,6.0
201100044310,0011-11-30 07:35:00,11,11,30,7,35,880,413,"1, Rue du Petit SAINT-DI",,,Nuit avec éclairage allumé,En agglomération,Hors intersection,Pluie légère,Autre collision,,,,,,,,,,,5,2,1,2.0,6.0
201100044311,0011-12-01 17:45:00,11,12,1,17,45,880,424,"274, Rue de l'?tang",48.28102,6.96943,Nuit sans éclairage public,En agglomération,Hors intersection,Normale,Deux véhicules - frontale,,,,,,,,,,,3,2,1,1.0,1.0
201100044312,0011-12-07 07:55:00,11,12,7,7,55,880,413,"1, Avenue de l'egalit?",48.29213,6.9326,Crépuscule ou aube,En agglomération,Hors intersection,Pluie forte,Autre collision,,,,,,,,,,,2,2,1,3.0,6.0
201100044313,0011-12-09 17:35:00,11,12,9,17,35,880,424,"194, Route de COLMAR",48.26978,6.96147,Nuit avec éclairage allumé,En agglomération,Hors intersection,Pluie forte,Deux véhicules - frontale,,,,,,,,,,,5,2,1,3.0,1.0
201100044314,0011-12-18 02:25:00,11,12,18,2,25,880,413,RN 59,48.30262,6.9255,Nuit sans éclairage public,Hors agglomération,Hors intersection,Neige / grêle,Autre collision,,,,,,,,,,,3,1,1,4.0,6.0
201100044315,0011-01-21 20:05:00,11,1,21,20,5,890,24,"00, JULES FERRY (RUE)",,,Nuit avec éclairage non allumé,En agglomération,Intersection en X,Normale,Deux véhicules - côté,,,,,,,,,,,4,2,2,1.0,3.0
201100044316,0011-01-25 15:10:00,11,1,25,15,10,890,24,"25, DAVOUT (BOULEVARD) N",,,Plein jour,En agglomération,Hors intersection,Normale,Autre collision,,,,,,,,,,,1,2,1,1.0,6.0
201100044317,0011-01-22 18:40:00,11,1,22,18,40,890,24,"00, CHAINETTE (BOULEVARD",,,Nuit avec éclairage allumé,En agglomération,Giratoire,Normale,Deux véhicules - arrière,,,,,,,,,,,5,2,6,1.0,2.0
201100044318,0011-02-04 11:55:00,11,2,4,11,55,890,24,CHABLIS (ROUTE DE),,,Plein jour,Hors agglomération,Hors intersection,Temps couvert,Deux véhicules - frontale,,,,,,,,,,,1,1,1,8.0,1.0
201100044319,0011-02-14 12:25:00,11,2,14,12,25,890,24,"00, CHARLES DE GAULLE (A",,,Plein jour,En agglomération,Intersection en T,Normale,Deux véhicules - côté,,,,,,,,,,,1,2,3,1.0,3.0
201100044320,0011-10-21 07:28:00,11,10,21,7,28,890,24,D606,,,Crépuscule ou aube,En agglomération,Hors intersection,,Autre collision,,,,,,,,,,,2,2,1,,6.0
201100044321,0011-03-17 18:50:00,11,3,17,18,50,890,24,"00, MOULIN DU PRESIDENT",,,Crépuscule ou aube,En agglomération,Hors intersection,Pluie légère,Deux véhicules - côté,,,,,,,,,,,2,2,1,2.0,3.0
201100044322,0011-03-21 19:45:00,11,3,21,19,45,890,24,"00, BREANDES (CHEMIN DES",,,Nuit sans éclairage public,Hors agglomération,Hors intersection,Normale,Autre collision,,,,,,,,,,,3,1,1,1.0,6.0
201100044323,0011-04-06 14:15:00,11,4,6,14,15,890,24,"12, FOURNEAUX (RUE DES)",,,Plein jour,Hors agglomération,Hors intersection,Normale,Trois véhicules et plus - en chaîne,,,,,,,,,,,1,1,1,1.0,4.0
201100044324,0011-03-11 12:25:00,11,3,11,12,25,890,24,"00, VERDUN (BOULEVARD DE",,,Plein jour,En agglomération,Hors intersection,Normale,Autre collision,,,,,,,,,,,1,2,1,1.0,6.0
201100044325,0011-06-24 14:10:00,11,6,24,14,10,890,24,WORMS (AVENUE DE),,,Plein jour,Hors agglomération,Giratoire,Normale,Trois véhicules et plus - en chaîne,,,,,,,,,,,1,1,6,1.0,4.0
201100044326,0011-08-08 14:05:00,11,8,8,14,5,890,346,"02, EUROPE ( AVENUE DE L",,,Plein jour,En agglomération,Hors intersection,Normale,Autre collision,,,,,,,,,,,1,2,1,1.0,6.0
201100044327,0011-08-15 08:10:00,11,8,15,8,10,890,24,VALLAN (ROUTE DE) N? IMP,,,Plein jour,Hors agglomération,Hors intersection,Normale,Autre collision,,,,,,,,,,,1,1,1,1.0,6.0
201100044328,0011-08-22 18:00:00,11,8,22,18,0,890,24,"45, PASTEUR (AVENUE)",,,Plein jour,En agglomération,Intersection en X,Normale,Deux véhicules - côté,,,,,,,,,,,1,2,2,1.0,3.0
201100044329,0011-10-10 10:30:00,11,10,10,10,30,890,24,"18, CHARLES SURUGUE (PLA",,,Plein jour,En agglomération,Hors intersection,Normale,Autre collision,,,,,,,,,,,1,2,1,1.0,6.0
201100044330,0011-10-25 16:19:00,11,10,25,16,19,890,24,VALLAN (ROUTE DE) N? IMP,,,Plein jour,Hors agglomération,Hors intersection,Normale,Deux véhicules - frontale,,,,,,,,,,,1,1,1,1.0,1.0
201100044331,0011-11-05 13:30:00,11,11,5,13,30,890,24,"0, JEAN JAURES (AVENUE)",,,Plein jour,En agglomération,Intersection à plus de 4 branches,Normale,Deux véhicules - frontale,,,,,,,,,,,1,2,5,1.0,1.0
201100044332,0011-11-15 15:30:00,11,11,15,15,30,890,24,"09, DENFERT ROCHEREAU (A",,,Plein jour,En agglomération,Intersection en X,Normale,Autre collision,,,,,,,,,,,1,2,2,1.0,6.0
201100044333,0011-11-30 17:50:00,11,11,30,17,50,890,24,"0, MANGIN (BOULEVARD) N?",,,Nuit avec éclairage allumé,En agglomération,Intersection en X,Normale,Deux véhicules - côté,,,,,,,,,,,5,2,2,1.0,3.0
201100044334,0011-12-09 15:25:00,11,12,9,15,25,890,24,"02, R.N 77",,,Plein jour,En agglomération,Hors intersection,Pluie légère,Deux véhicules - côté,,,,,,,,,,,1,2,1,2.0,3.0
201100044335,0011-01-08 05:50:00,11,1,8,5,50,890,387,"0, D606",,,Nuit sans éclairage public,Hors agglomération,Hors intersection,Pluie légère,Autre collision,,,,,,,,,,,3,1,1,2.0,6.0
201100044336,0011-02-04 07:40:00,11,2,4,7,40,890,387,"0, CHAMPS D'ALOUPS (RUE",,,Nuit avec éclairage allumé,En agglomération,Hors intersection,Pluie légère,Autre collision,,,,,,,,,,,5,2,1,2.0,6.0
201100044337,0011-02-16 14:20:00,11,2,16,14,20,890,387,"24, HEROS (PLACE DES)",,,Plein jour,En agglomération,Hors intersection,Normale,Autre collision,,,,,,,,,,,1,2,1,1.0,6.0
201100044338,0011-02-16 15:30:00,11,2,16,15,30,890,287,"0, NEMOURS (ROUTE)",,,Plein jour,Hors agglomération,Intersection en Y,Normale,Deux véhicules - côté,,,,,,,,,,,1,1,4,1.0,3.0
201100044339,0011-02-24 07:45:00,11,2,24,7,45,890,387,"0, BARBIER (ROND POINT)",,,Plein jour,En agglomération,Giratoire,Normale,Deux véhicules - côté,,,,,,,,,,,1,2,6,1.0,3.0
201100044340,0011-02-26 05:00:00,11,2,26,5,0,890,342,"0, PARIS (RUE DE)",,,Nuit sans éclairage public,Hors agglomération,Intersection en X,Normale,Deux véhicules - côté,,,,,,,,,,,3,1,2,1.0,3.0
201100044341,0011-03-06 09:55:00,11,3,6,9,55,890,387,"0, VICTOR GUICHARD (RUE)",,,Plein jour,En agglomération,Hors intersection,Normale,Deux véhicules - arrière,,,,,,,,,,,1,2,1,1.0,2.0
201100044342,0011-03-07 17:25:00,11,3,7,17,25,890,287,"0, SAINT BOND (RUE DE)",,,Plein jour,En agglomération,Intersection en Y,Normale,Deux véhicules - côté,,,,,,,,,,,1,2,4,1.0,3.0
201100044343,0011-03-12 19:30:00,11,3,12,19,30,890,387,D606,,,Nuit sans éclairage public,Hors agglomération,Hors intersection,Normale,Autre collision,,,,,,,,,,,3,1,1,1.0,6.0
201100044344,0011-04-07 18:15:00,11,4,7,18,15,890,387,"0, MAUPEOU (BOULEVARD)",,,Plein jour,En agglomération,Intersection en X,Normale,Autre collision,,,,,,,,,,,1,2,2,1.0,6.0
201100044345,0011-04-17 18:15:00,11,4,17,18,15,890,338,"0, PORT (RUE DU)",,,Plein jour,En agglomération,Intersection en X,Normale,Deux véhicules - côté,,,,,,,,,,,1,2,2,1.0,3.0
201100044346,0011-04-18 21:10:00,11,4,18,21,10,890,387,"0, ERNEST LANDRY (QUAI)",,,Plein jour,En agglomération,Giratoire,Normale,Sans collision,,,,,,,,,,,1,2,6,1.0,7.0
201100044347,0011-05-15 18:55:00,11,5,15,18,55,890,387,"0, VICTOR GUICHARD (RUE)",,,Plein jour,En agglomération,Intersection en X,Normale,Deux véhicules - côté,,,,,,,,,,,1,2,2,1.0,3.0
201100044348,0011-05-26 17:10:00,11,5,26,17,10,890,342,"0, HENRI CAVALLIER (RUE)",,,Plein jour,En agglomération,Hors intersection,Normale,Autre collision,,,,,,,,,,,1,2,1,1.0,6.0
201100044349,0011-06-16 10:40:00,11,6,16,10,40,890,387,"0, EMILE ZOLA (RUE)",,,Plein jour,En agglomération,Intersection en Y,Normale,Deux véhicules - côté,,,,,,,,,,,1,2,4,1.0,3.0
201100044350,0011-07-05 16:55:00,11,7,5,16,55,890,387,"0, VICTOR GUICHARD (RUE)",,,Plein jour,En agglomération,Hors intersection,Normale,Deux véhicules - côté,,,,,,,,,,,1,2,1,1.0,3.0
201100044351,0011-07-26 11:20:00,11,7,26,11,20,890,387,"0, RICHEBOURG (RUE)",,,Plein jour,En agglomération,Intersection en T,Normale,Deux véhicules - côté,,,,,,,,,,,1,2,3,1.0,3.0
201100044352,0011-08-24 08:25:00,11,8,24,8,25,890,387,,,,Plein jour,Hors agglomération,Hors intersection,Normale,Deux véhicules - arrière,,,,,,,,,,,1,1,1,1.0,2.0
201100044353,0011-09-02 17:30:00,11,9,2,17,30,890,387,"0, FENEL (RUE)",,,Plein jour,En agglomération,Hors intersection,Normale,Sans collision,,,,,,,,,,,1,2,1,1.0,7.0
201100044354,0011-09-23 20:05:00,11,9,23,20,5,890,387,"0, SAINT PIERRE LE VIF (",,,Nuit avec éclairage allumé,En agglomération,Hors intersection,Normale,Autre collision,,,,,,,,,,,5,2,1,1.0,6.0
201100044355,0011-09-26 13:50:00,11,9,26,13,50,890,287,"0, NEMOURS (ROUTE)",,,Plein jour,En agglomération,Intersection en Y,Normale,Deux véhicules - côté,,,,,,,,,,,1,2,4,1.0,3.0
201100044356,0011-10-05 22:35:00,11,10,5,22,35,890,287,"0, PASTEUR (RUE)",,,Nuit avec éclairage allumé,En agglomération,Hors intersection,Normale,Deux véhicules - frontale,,,,,,,,,,,5,2,1,1.0,1.0
201100044357,0011-10-06 16:00:00,11,10,6,16,0,890,387,D606,,,Plein jour,Hors agglomération,Hors intersection,Pluie légère,Trois véhicules et plus - collisions multiples,,,,,,,,,,,1,1,1,2.0,5.0
201100044358,0011-10-22 08:45:00,11,10,22,8,45,890,127,,,,Plein jour,Hors agglomération,Hors intersection,Normale,Deux véhicules - frontale,,,,,,,,,,,1,1,1,1.0,1.0
201100044359,0011-12-01 17:25:00,11,12,1,17,25,890,387,"0, GENERAL LECLERC (RUE",,,Nuit avec éclairage allumé,En agglomération,Intersection en X,Normale,Deux véhicules - côté,,,,,,,,,,,5,2,2,1.0,3.0
201100044360,0011-12-10 00:30:00,11,12,10,0,30,890,387,"0, PIERRE DE COUBERTIN (",,,Nuit avec éclairage allumé,En agglomération,Intersection en X,Pluie légère,Deux véhicules - côté,,,,,,,,,,,5,2,2,2.0,3.0
201100044361,0011-12-09 07:40:00,11,12,9,7,40,890,387,"0, BELLOCIER (RUE)",,,Nuit avec éclairage allumé,En agglomération,Hors intersection,Normale,Autre collision,,,,,,,,,,,5,2,1,1.0,6.0
201100044362,0011-01-06 08:16:00,11,1,6,8,16,900,10,"153, JAURES (AVENUE JEAN",,,Plein jour,En agglomération,Intersection en X,Pluie légère,Autre collision,,,,,,,,,,,1,2,2,2.0,6.0
201100044363,0011-01-07 19:11:00,11,1,7,19,11,900,75,COMMANDOS D'AFRIQUE (RUE,,,Nuit avec éclairage allumé,En agglomération,Hors intersection,Normale,Deux véhicules - côté,,,,,,,,,,,5,2,1,1.0,3.0
201100044364,0011-01-08 12:41:00,11,1,8,12,41,900,8,"8, GRAND'RUE",,,Plein jour,En agglomération,Hors intersection,Normale,Autre collision,,,,,,,,,,,1,2,1,1.0,6.0
201100044365,0011-01-09 05:34:00,11,1,9,5,34,900,39,DE GAULLE (RUE DU GENERA,,,Nuit avec éclairage allumé,Hors agglomération,Hors intersection,Pluie légère,Autre collision,,,,,,,,,,,5,1,1,2.0,6.0
201100044366,0011-01-12 18:10:00,11,1,12,18,10,900,10,"1, ANCETRES (FAUBOURG DE",,,Plein jour,En agglomération,Hors intersection,Pluie légère,Autre collision,,,,,,,,,,,1,2,1,2.0,6.0