accident_id,datetime,annee,mois,jour,heure,minute,departement,commune_insee,adresse,latitude,longitude,luminosite,agglomeration,intersection,meteo,collision,nb_vehicules,nb_usagers,nb_indemnes,nb_tues,nb_blesses_hosp,nb_blesses_legers,age_cond_1,age_cond_2,veh_type_cond_1,veh_type_cond_2,lum_code,agg_code,int_code,atm_code,col_code
201100044367,0011-01-14 08:40:00,11,1,14,8,40,900,10,"1, FONTAINE (RUE JEAN DE",,,Plein jour,En agglomération,Hors intersection,Pluie forte,Autre collision,,,,,,,,,,,1,2,1,3.0,6.0
201100044368,0011-01-16 20:18:00,11,1,16,20,18,900,10,MONTBELIARD (FAUBOURG DE,,,Nuit avec éclairage allumé,En agglomération,Intersection en T,Normale,Deux véhicules - côté,,,,,,,,,,,5,2,3,1.0,3.0
201100044369,0011-01-17 13:50:00,11,1,17,13,50,900,10,"53, MONTBELIARD (FAUBOUR",,,Plein jour,En agglomération,Hors intersection,Normale,Deux véhicules - arrière,,,,,,,,,,,1,2,1,1.0,2.0
201100044370,0011-01-20 18:30:00,11,1,20,18,30,900,99,DE GAULLE (RUE DU GE,,,Nuit avec éclairage allumé,En agglomération,Hors intersection,Neige / grêle,Deux véhicules - frontale,,,,,,,,,,,5,2,1,4.0,1.0
201100044371,0011-01-22 14:20:00,11,1,22,14,20,900,99,CARNOT (RUE),,,Plein jour,En agglomération,Intersection en T,Normale,Deux véhicules - côté,,,,,,,,,,,1,2,3,1.0,3.0
201100044372,0011-01-28 18:40:00,11,1,28,18,40,900,8,"1, VERGERS (IMPASSE DES)",,,Nuit avec éclairage allumé,En agglomération,Hors intersection,Autre,Sans collision,,,,,,,,,,,5,2,1,9.0,7.0
201100044373,0011-01-30 18:45:00,11,1,30,18,45,900,10,VAUBAN (QUAI),,,Nuit sans éclairage public,En agglomération,Intersection en T,Normale,Trois véhicules et plus - en chaîne,,,,,,,,,,,3,2,3,1.0,4.0
201100044374,0011-01-31 08:30:00,11,1,31,8,30,900,32,CHARMEUSE (RUE DE LA),,,Crépuscule ou aube,En agglomération,Hors intersection,Temps couvert,Autre collision,,,,,,,,,,,2,2,1,8.0,6.0
201100044375,0011-02-03 14:30:00,11,2,3,14,30,900,10,ANCETRES (FAUBOURG DES 1,,,Plein jour,En agglomération,Intersection en T,Pluie légère,Autre collision,,,,,,,,,,,1,2,3,2.0,6.0
201100044376,0011-02-08 18:03:00,11,2,8,18,3,900,10,82  JAURES (AVENUE JEAN),,,Nuit avec éclairage allumé,En agglomération,Hors intersection,Normale,Deux véhicules - arrière,,,,,,,,,,,5,2,1,1.0,2.0
201100044377,0011-02-09 16:28:00,11,2,9,16,28,900,8,"1, ARGIESANS (RUE D')",,,Plein jour,En agglomération,Giratoire,Normale,Deux véhicules - côté,,,,,,,,,,,1,2,6,1.0,3.0
201100044378,0011-02-11 13:11:00,11,2,11,13,11,900,10,"12, MIELLET (AVENUE)",,,Plein jour,En agglomération,Intersection en T,Normale,Deux véhicules - côté,,,,,,,,,,,1,2,3,1.0,3.0
201100044379,0011-02-15 17:50:00,11,2,15,17,50,900,10,"9, FABRE D'EGLANTINE (RU",,,Nuit avec éclairage allumé,En agglomération,Hors intersection,Pluie forte,Deux véhicules - arrière,,,,,,,,,,,5,2,1,3.0,2.0
201100044380,0011-02-17 20:04:00,11,2,17,20,4,900,10,"1, VAUBAN (QUAI)",,,Nuit avec éclairage allumé,En agglomération,Hors intersection,Normale,Trois véhicules et plus - en chaîne,,,,,,,,,,,5,2,1,1.0,4.0
201100044381,0011-02-18 14:10:00,11,2,18,14,10,900,10,"1, DE GAULLE (PONT DU GE",,,Plein jour,En agglomération,Hors intersection,Normale,Deux véhicules - frontale,,,,,,,,,,,1,2,1,1.0,1.0
201100044382,0011-02-20 21:47:00,11,2,20,21,47,900,10,"1, FRATERNITE (RUE DE LA",,,Nuit avec éclairage allumé,En agglomération,Intersection en T,Pluie forte,Autre collision,,,,,,,,,,,5,2,3,3.0,6.0
201100044383,0011-02-22 16:16:00,11,2,22,16,16,900,10,"23, ALBERT 1ER (RUE)",,,Plein jour,En agglomération,Hors intersection,Temps couvert,Deux véhicules - arrière,,,,,,,,,,,1,2,1,8.0,2.0
201100044384,0011-02-24 20:32:00,11,2,24,20,32,900,10,JAURES (AVENUE JEAN) DE,,,Nuit avec éclairage allumé,En agglomération,Intersection en T,Pluie légère,Deux véhicules - côté,,,,,,,,,,,5,2,3,2.0,3.0
201100044385,0011-03-02 18:30:00,11,3,2,18,30,900,10,JAURES (AVENUE JEAN) A 1,,,Nuit avec éclairage allumé,En agglomération,Intersection en T,Normale,Deux véhicules - côté,,,,,,,,,,,5,2,3,1.0,3.0
201100044386,0011-03-04 13:21:00,11,3,4,13,21,900,75,"1, COMMANDOS D'AFRIQUE (",,,Plein jour,En agglomération,Hors intersection,Normale,Sans collision,,,,,,,,,,,1,2,1,1.0,7.0
201100044387,0011-03-03 13:58:00,11,3,3,13,58,900,10,"272, JAURES (AVENUE JEAN",,,Plein jour,En agglomération,Hors intersection,Normale,Deux véhicules - arrière,,,,,,,,,,,1,2,1,1.0,2.0
201100044388,0011-03-04 16:41:00,11,3,4,16,41,900,75,"1, COMMANDOS D'AFRIQUE (",,,Plein jour,En agglomération,Hors intersection,Normale,Deux véhicules - arrière,,,,,,,,,,,1,2,1,1.0,2.0
201100044389,0011-03-05 15:10:00,11,3,5,15,10,900,99,"1, EHRET (RUE)",,,Plein jour,En agglomération,Hors intersection,Temps éblouissant,Deux véhicules - arrière,,,,,,,,,,,1,2,1,7.0,2.0
201100044390,0011-03-13 22:14:00,11,3,13,22,14,900,10,KENNEDY (BOULEVARD),,,Nuit avec éclairage allumé,En agglomération,Intersection en X,Temps couvert,Deux véhicules - côté,,,,,,,,,,,5,2,2,8.0,3.0
201100044391,0011-03-14 17:25:00,11,3,14,17,25,900,99,"2, DE GAULLE (RUE DU GEN",,,Plein jour,En agglomération,Intersection en T,Normale,Sans collision,,,,,,,,,,,1,2,3,1.0,7.0
201100044392,0011-03-15 16:54:00,11,3,15,16,54,900,10,"79, LECLERC (AVENUE)",,,Plein jour,En agglomération,Hors intersection,Temps éblouissant,Deux véhicules - côté,,,,,,,,,,,1,2,1,7.0,3.0
201100044393,0011-03-16 11:30:00,11,3,16,11,30,900,1,MONTBELIARD (ROUTE DE),,,Plein jour,En agglomération,Hors intersection,Normale,Deux véhicules - frontale,,,,,,,,,,,1,2,1,1.0,1.0
201100044394,0011-03-17 07:28:00,11,3,17,7,28,900,10,"15, LUMIERE (AVENUE DES",,,Plein jour,En agglomération,Hors intersection,Pluie légère,Autre collision,,,,,,,,,,,1,2,1,2.0,6.0
201100044395,0011-03-24 13:55:00,11,3,24,13,55,900,29,"1, SALBERT (DOMAINE DU)",,,Plein jour,Hors agglomération,Hors intersection,Normale,Sans collision,,,,,,,,,,,1,1,1,1.0,7.0
201100044396,0011-03-30 18:10:00,11,3,30,18,10,900,10,"1, rue des sciences et d",,,Plein jour,En agglomération,Hors intersection,Normale,Deux véhicules - frontale,,,,,,,,,,,1,2,1,1.0,1.0
201100044397,0011-04-02 00:50:00,11,4,2,0,50,900,10,MONTBELIARD (FAUBOURG DE,,,Nuit avec éclairage allumé,En agglomération,Intersection en T,Normale,Deux véhicules - côté,,,,,,,,,,,5,2,3,1.0,3.0
201100044398,0011-04-02 04:55:00,11,4,2,4,55,900,8,"1, CHARMEUSE (RUE DE LA)",,,Nuit sans éclairage public,En agglomération,Place,Normale,Autre collision,,,,,,,,,,,3,2,7,1.0,6.0
201100044399,0011-04-02 10:40:00,11,4,2,10,40,900,10,"11, VOLTAIRE (RUE )",,,Plein jour,En agglomération,Intersection en X,Normale,Deux véhicules - côté,,,,,,,,,,,1,2,2,1.0,3.0
201100044400,0011-04-03 15:05:00,11,4,3,15,5,900,10,"30, VOLTAIRE (RUE )",,,Plein jour,En agglomération,Intersection en X,Normale,Deux véhicules - côté,,,,,,,,,,,1,2,2,1.0,3.0
201100044401,0011-04-05 12:55:00,11,4,5,12,55,900,10,FRANCE BOULEVARD ANATOLE,,,Plein jour,En agglomération,Hors intersection,Normale,Deux véhicules - côté,,,,,,,,,,,1,2,1,1.0,3.0
201100044402,0011-04-05 13:30:00,11,4,5,13,30,900,10,"4, JULES VERNE (RUE)",,,Plein jour,En agglomération,Hors intersection,Normale,Autre collision,,,,,,,,,,,1,2,1,1.0,6.0
201100044403,0011-04-06 16:50:00,11,4,6,16,50,900,10,"1, FORT HATRY (RUE DU)",,,Plein jour,En agglomération,Hors intersection,Normale,Autre collision,,,,,,,,,,,1,2,1,1.0,6.0
201100044404,0011-04-08 11:40:00,11,4,8,11,40,900,8,GRAND'RUE,,,Plein jour,En agglomération,Hors intersection,Normale,Autre collision,,,,,,,,,,,1,2,1,1.0,6.0
201100044405,0011-04-08 12:00:00,11,4,8,12,0,900,10,RABIN (PLACE YITZHAK),,,Plein jour,En agglomération,Intersection en X,Normale,Deux véhicules - arrière,,,,,,,,,,,1,2,2,1.0,2.0
201100044406,0011-04-09 09:10:00,11,4,9,9,10,900,10,"1, LILLE (RUE DE)",,,Plein jour,En agglomération,Hors intersection,Normale,Deux véhicules - côté,,,,,,,,,,,1,2,1,1.0,3.0
201100044407,0011-04-10 16:20:00,11,4,10,16,20,900,75,"1, EYGRAS (RUE DES)",,,Plein jour,En agglomération,Hors intersection,Normale,Autre collision,,,,,,,,,,,1,2,1,1.0,6.0
201100044408,0011-04-14 16:57:00,11,4,14,16,57,900,10,"1, MONTBELIARD (FAUBOURG",,,Plein jour,En agglomération,Hors intersection,Normale,Deux véhicules - arrière,,,,,,,,,,,1,2,1,1.0,2.0
201100044409,0011-04-14 17:58:00,11,4,14,17,58,900,10,"26, RIBEAUVILLE (RUE DE)",,,Plein jour,En agglomération,Hors intersection,Normale,Sans collision,,,,,,,,,,,1,2,1,1.0,7.0
201100044410,0011-04-16 15:55:00,11,4,16,15,55,900,32,"1, JACQUOT (RUE DU DOCTE",,,Plein jour,En agglomération,Hors intersection,Normale,Deux véhicules - arrière,,,,,,,,,,,1,2,1,1.0,2.0
201100044411,0011-04-18 18:42:00,11,4,18,18,42,900,10,"1, HUNINGUE (RUE DE)",,,Plein jour,En agglomération,Intersection en X,Normale,Deux véhicules - côté,,,,,,,,,,,1,2,2,1.0,3.0
201100044412,0011-04-19 11:50:00,11,4,19,11,50,900,10,SALBERT (RUE DU) 1,,,Plein jour,En agglomération,Intersection en T,Normale,Deux véhicules - côté,,,,,,,,,,,1,2,3,1.0,3.0
201100044413,0011-04-20 12:15:00,11,4,20,12,15,900,75,"26, D13",,,Plein jour,En agglomération,Hors intersection,Normale,Autre collision,,,,,,,,,,,1,2,1,1.0,6.0
201100044414,0011-04-20 15:00:00,11,4,20,15,0,900,10,"78, ALTKIRCH (AVENUE)",,,Plein jour,En agglomération,Hors intersection,Normale,Deux véhicules - arrière,,,,,,,,,,,1,2,1,1.0,2.0
201100044415,0011-04-25 05:40:00,11,4,25,5,40,900,99,"66, TURENNE (RUE DE)",,,Nuit avec éclairage allumé,En agglomération,Hors intersection,Normale,Autre collision,,,,,,,,,,,5,2,1,1.0,6.0
201100044416,0011-04-26 19:10:00,11,4,26,19,10,900,10,KOECHLIN (RUE),,,Plein jour,En agglomération,Intersection en X,Normale,Deux véhicules - côté,,,,,,,,,,,1,2,2,1.0,3.0
201100044417,0011-04-26 19:00:00,11,4,26,19,0,900,75,"1, CURIE(RUE MARIE)",,,Plein jour,En agglomération,Hors intersection,Normale,Deux véhicules - frontale,,,,,,,,,,,1,2,1,1.0,1.0
201100044418,0011-04-27 11:20:00,11,4,27,11,20,900,10,"1, SAVERNE (RUE DE)",,,Plein jour,En agglomération,Hors intersection,Temps couvert,Autre collision,,,,,,,,,,,1,2,1,8.0,6.0
201100044419,0011-04-29 16:00:00,11,4,29,16,0,900,10,LECLERC (AVENUE),,,Plein jour,En agglomération,Hors intersection,Normale,Trois véhicules et plus - en chaîne,,,,,,,,,,,1,2,1,1.0,4.0
201100044420,0011-05-01 20:20:00,11,5,1,20,20,900,10,"02, ROSSEL (RUE)",,,Plein jour,En agglomération,Hors intersection,Normale,Deux véhicules - frontale,,,,,,,,,,,1,2,1,1.0,1.0
201100044421,0011-05-02 23:00:00,11,5,2,23,0,900,10,CORBIS (PLACE),,,Nuit avec éclairage allumé,En agglomération,Hors intersection,Pluie légère,Deux véhicules - arrière,,,,,,,,,,,5,2,1,2.0,2.0
201100044422,0011-05-03 21:20:00,11,5,3,21,20,900,10,FRANCE BOULEVARD ANATOLE,,,Nuit avec éclairage allumé,En agglomération,Intersection en X,Normale,Autre collision,,,,,,,,,,,5,2,2,1.0,6.0
201100044423,0011-05-03 23:40:00,11,5,3,23,40,900,10,"23, FERRETTE (RUE DE)",,,Nuit avec éclairage allumé,En agglomération,Hors intersection,Normale,Deux véhicules - côté,,,,,,,,,,,5,2,1,1.0,3.0
201100044424,0011-05-10 18:00:00,11,5,10,18,0,900,10,"18, LYON (FAUBOURG DE)",,,Plein jour,En agglomération,Intersection en T,Normale,Deux véhicules - frontale,,,,,,,,,,,1,2,3,1.0,1.0
201100044425,0011-05-11 15:25:00,11,5,11,15,25,900,32,"1, EGALITE (RUE DE L')",,,Plein jour,En agglomération,Hors intersection,Normale,Deux véhicules - côté,,,,,,,,,,,1,2,1,1.0,3.0
201100044426,0011-05-11 19:10:00,11,5,11,19,10,900,29,"1, SALBERT (RUE DU)",,,Plein jour,Hors agglomération,Hors intersection,Normale,Autre collision,,,,,,,,,,,1,1,1,1.0,6.0
201100044427,0011-05-13 18:55:00,11,5,13,18,55,900,99,"1, MARCHEGAY (RUE)",,,Plein jour,En agglomération,Intersection en T,Normale,Trois véhicules et plus - en chaîne,,,,,,,,,,,1,2,3,1.0,4.0
201100044428,0011-05-14 10:51:00,11,5,14,10,51,900,10,"2, JAURES (AVENUE JEAN)",,,Plein jour,En agglomération,Hors intersection,Normale,Deux véhicules - côté,,,,,,,,,,,1,2,1,1.0,3.0
201100044429,0011-05-16 16:48:00,11,5,16,16,48,900,32,CHARMEUSE (RUE DE LA),,,Plein jour,En agglomération,Hors intersection,Normale,Deux véhicules - arrière,,,,,,,,,,,1,2,1,1.0,2.0
201100044430,0011-05-24 11:50:00,11,5,24,11,50,900,10,"12, BOHN (AVENUE CHARLES",,,Plein jour,En agglomération,Hors intersection,Normale,Autre collision,,,,,,,,,,,1,2,1,1.0,6.0
201100044431,0011-05-27 13:35:00,11,5,27,13,35,900,10,FOCH (AVENUE),,,Plein jour,En agglomération,Intersection en X,Normale,Autre collision,,,,,,,,,,,1,2,2,1.0,6.0
201100044432,0011-05-28 17:50:00,11,5,28,17,50,900,10,JAURES (AVENUE JEAN) A 1,,,Plein jour,En agglomération,Hors intersection,Normale,Autre collision,,,,,,,,,,,1,2,1,1.0,6.0
201100044433,0011-05-28 20:38:00,11,5,28,20,38,900,10,"01, SCHWEITZER (RUE)",,,Plein jour,En agglomération,Intersection en T,Normale,Deux véhicules - côté,,,,,,,,,,,1,2,3,1.0,3.0
201100044434,0011-05-30 07:30:00,11,5,30,7,30,900,75,"58, COMMANDOS D'AFRIQUE",,,Plein jour,En agglomération,Hors intersection,Normale,Deux véhicules - frontale,,,,,,,,,,,1,2,1,1.0,1.0
201100044435,0011-06-01 10:05:00,11,6,1,10,5,900,10,"10, RIBEAUVILLE (RUE DE)",,,Plein jour,En agglomération,Hors intersection,Pluie légère,Deux véhicules - côté,,,,,,,,,,,1,2,1,2.0,3.0
201100044436,0011-06-01 12:08:00,11,6,1,12,8,900,10,LAURENCIE (AVENUE CAPITA,,,Plein jour,En agglomération,Hors intersection,Pluie légère,Deux véhicules - côté,,,,,,,,,,,1,2,1,2.0,3.0
201100044437,0011-06-01 19:10:00,11,6,1,19,10,900,32,"1, FRERY (RUE DU DOCTEUR",,,Plein jour,En agglomération,Hors intersection,Normale,Sans collision,,,,,,,,,,,1,2,1,1.0,7.0
201100044438,0011-06-01 19:45:00,11,6,1,19,45,900,99,"19, GARE (RUE DE LA)",,,Plein jour,En agglomération,Hors intersection,Normale,Autre collision,,,,,,,,,,,1,2,1,1.0,6.0
201100044439,0011-06-03 21:15:00,11,6,3,21,15,900,10,"17, WISSEMBOURG (RUE DE)",,,Plein jour,En agglomération,Hors intersection,Normale,Autre collision,,,,,,,,,,,1,2,1,1.0,6.0
201100044440,0011-06-05 12:35:00,11,6,5,12,35,900,10,"07, BORDEAUX (RUE DE)",,,Plein jour,En agglomération,Hors intersection,Normale,Autre collision,,,,,,,,,,,1,2,1,1.0,6.0
201100044441,0011-06-05 21:00:00,11,6,5,21,0,900,10,"13, VIENNE (RUE DE)",,,Plein jour,En agglomération,Hors intersection,Normale,Sans collision,,,,,,,,,,,1,2,1,1.0,7.0
201100044442,0011-06-08 17:10:00,11,6,8,17,10,900,32,"1, REPUBLIQUE (RUE DE LA",,,Plein jour,Hors agglomération,Intersection à plus de 4 branches,Normale,Sans collision,,,,,,,,,,,1,1,5,1.0,7.0
201100044443,0011-06-10 17:30:00,11,6,10,17,30,900,39,"61, DE GAULLE (RUE DU GE",,,Plein jour,En agglomération,Hors intersection,Normale,Deux véhicules - côté,,,,,,,,,,,1,2,1,1.0,3.0
201100044444,0011-06-11 18:40:00,11,6,11,18,40,900,10,BESANCON (FAUBOURG DE),,,Plein jour,En agglomération,Hors intersection,Normale,Deux véhicules - arrière,,,,,,,,,,,1,2,1,1.0,2.0
201100044445,0011-06-12 15:25:00,11,6,12,15,25,900,99,MARTINET (RUE DU),,,Plein jour,En agglomération,Hors intersection,Normale,Sans collision,,,,,,,,,,,1,2,1,1.0,7.0
201100044446,0011-06-14 13:55:00,11,6,14,13,55,900,10,"44, LEBLEU (RUE)",,,Plein jour,En agglomération,Hors intersection,Normale,Autre collision,,,,,,,,,,,1,2,1,1.0,6.0
201100044447,0011-06-15 19:54:00,11,6,15,19,54,900,10,"45, PAIX (RUE DE LA)",,,Plein jour,En agglomération,Hors intersection,Normale,Autre collision,,,,,,,,,,,1,2,1,1.0,6.0
201100044448,0011-06-17 15:50:00,11,6,17,15,50,900,10,"8BIS, GRANDE RUE",,,Plein jour,En agglomération,Hors intersection,Normale,Autre collision,,,,,,,,,,,1,2,1,1.0,6.0
201100044449,0011-06-17 18:50:00,11,6,17,18,50,900,76,GRAND'RUE,,,Plein jour,Hors agglomération,Hors intersection,Pluie légère,Deux véhicules - côté,,,,,,,,,,,1,1,1,2.0,3.0
201100044450,0011-06-22 20:15:00,11,6,22,20,15,900,10,LECLERC (AVENUE),,,Plein jour,Hors agglomération,Intersection en X,Normale,Deux véhicules - côté,,,,,,,,,,,1,1,2,1.0,3.0
201100044451,0011-06-24 12:08:00,11,6,24,12,8,900,8,"1, CHARMEUSE (RUE DE LA)",,,Plein jour,En agglomération,Hors intersection,Normale,Trois véhicules et plus - collisions multiples,,,,,,,,,,,1,2,1,1.0,5.0
201100044452,0011-06-26 05:25:00,11,6,26,5,25,900,10,"20, FRANCE BOULEVARD ANA",,,Crépuscule ou aube,En agglomération,Hors intersection,Normale,Sans collision,,,,,,,,,,,2,2,1,1.0,7.0
201100044453,0011-06-28 11:05:00,11,6,28,11,5,900,10,"3, DE GAULLE (AVENUE DU",,,Plein jour,En agglomération,Hors intersection,Normale,Autre collision,,,,,,,,,,,1,2,1,1.0,6.0
201100044454,0011-06-29 23:03:00,11,6,29,23,3,900,10,CORBIS (PLACE),,,Nuit avec éclairage allumé,En agglomération,Intersection en T,Normale,Sans collision,,,,,,,,,,,5,2,3,1.0,7.0
201100044455,0011-06-29 23:03:00,11,6,29,23,3,900,32,"66, BOSMONT (RUE DU)",,,Nuit avec éclairage allumé,En agglomération,Hors intersection,Pluie légère,Autre collision,,,,,,,,,,,5,2,1,2.0,6.0
201100044456,0011-06-30 17:10:00,11,6,30,17,10,900,32,"38, DE GAULLE (RUE DU GE",,,Plein jour,En agglomération,Hors intersection,Normale,Deux véhicules - côté,,,,,,,,,,,1,2,1,1.0,3.0
201100044457,0011-07-03 21:45:00,11,7,3,21,45,900,10,JAURES (AVENUE JEAN) A 1,,,Plein jour,En agglomération,Intersection en X,Normale,Deux véhicules - arrière,,,,,,,,,,,1,2,2,1.0,2.0
201100044458,0011-07-04 04:15:00,11,7,4,4,15,900,99,"1, CD5",,,Nuit avec éclairage allumé,En agglomération,Giratoire,Normale,Autre collision,,,,,,,,,,,5,2,6,1.0,6.0
201100044459,0011-07-16 17:57:00,11,7,16,17,57,900,99,"3, TURENNE (RUE DE)",,,Plein jour,En agglomération,Hors intersection,Normale,Sans collision,,,,,,,,,,,1,2,1,1.0,7.0
201100044460,0011-07-17 13:57:00,11,7,17,13,57,900,1,MONTBELIARD (ROUTE DE),,,Plein jour,En agglomération,Hors intersection,Pluie légère,Autre collision,,,,,,,,,,,1,2,1,2.0,6.0
201100044461,0011-07-17 20:16:00,11,7,17,20,16,900,10,"8, CARRIERES (RUE DES)",,,Plein jour,En agglomération,Intersection en X,Normale,Deux véhicules - côté,,,,,,,,,,,1,2,2,1.0,3.0
201100044462,0011-07-18 11:46:00,11,7,18,11,46,900,32,BAVILLIERS,,,Plein jour,En agglomération,Intersection à plus de 4 branches,Normale,Deux véhicules - côté,,,,,,,,,,,1,2,5,1.0,3.0
201100044463,0011-07-20 07:25:00,11,7,20,7,25,900,75,"53, BRIAND (RUE ARISTIDE",,,Plein jour,En agglomération,Hors intersection,Pluie légère,Autre collision,,,,,,,,,,,1,2,1,2.0,6.0
201100044464,0011-07-23 19:10:00,11,7,23,19,10,900,10,"3, BESANCON (FAUBOURG DE",,,Plein jour,En agglomération,Hors intersection,Pluie forte,Deux véhicules - côté,,,,,,,,,,,1,2,1,3.0,3.0
201100044465,0011-07-29 23:47:00,11,7,29,23,47,900,10,"9, MELVILLE (RUE JEAN PI",,,Nuit sans éclairage public,En agglomération,Hors intersection,Normale,Autre collision,,,,,,,,,,,3,2,1,1.0,6.0
201100044466,0011-08-06 20:33:00,11,8,6,20,33,900,39,R.D.47,,,Plein jour,Hors agglomération,Hors intersection,Pluie légère,Sans collision,,,,,,,,,,,1,1,1,2.0,7.0
201100044467,0011-08-08 14:20:00,11,8,8,14,20,900,75,"1, COMMANDOS D'AFRIQUE (",,,Plein jour,En agglomération,Giratoire,Pluie légère,Autre collision,,,,,,,,,,,1,2,6,2.0,6.0
201100044468,0011-08-11 16:25:00,11,8,11,16,25,900,32,"17, MARTHYRS ( RUE DES)",,,Plein jour,En agglomération,Hors intersection,Normale,Autre collision,,,,,,,,,,,1,2,1,1.0,6.0
201100044469,0011-08-11 18:39:00,11,8,11,18,39,900,10,CORBIS (PLACE),,,Plein jour,En agglomération,Autre intersection,Normale,Autre collision,,,,,,,,,,,1,2,9,1.0,6.0
201100044470,0011-08-11 19:35:00,11,8,11,19,35,900,10,"85, MOULIN (AVENUE JEAN)",,,Plein jour,En agglomération,Hors intersection,Normale,Sans collision,,,,,,,,,,,1,2,1,1.0,7.0
201100044471,0011-08-11 19:50:00,11,8,11,19,50,900,99,"1, TURENNE (RUE DE)",,,Plein jour,En agglomération,Hors intersection,Normale,Deux véhicules - arrière,,,,,,,,,,,1,2,1,1.0,2.0
201100044472,0011-08-15 15:20:00,11,8,15,15,20,900,10,"21, KENNEDY (BOULEVARD)",,,Plein jour,En agglomération,Intersection en X,Pluie légère,Deux véhicules - côté,,,,,,,,,,,1,2,2,2.0,3.0
201100044473,0011-08-17 09:50:00,11,8,17,9,50,900,10,"1, FONTAINE (RUE JEAN DE",,,Plein jour,En agglomération,Hors intersection,Normale,Autre collision,,,,,,,,,,,1,2,1,1.0,6.0
201100044474,0011-08-18 14:21:00,11,8,18,14,21,900,10,"31, JUIN (AVENUE DU MARE",,,Plein jour,En agglomération,Hors intersection,Normale,Autre collision,,,,,,,,,,,1,2,1,1.0,6.0
201100044475,0011-08-23 17:00:00,11,8,23,17,0,900,99,"36, ZOLA (RUE EMILE)",,,Plein jour,En agglomération,Hors intersection,Normale,Deux véhicules - côté,,,,,,,,,,,1,2,1,1.0,3.0
201100044476,0011-09-01 16:50:00,11,9,1,16,50,900,32,"7, REPUBLIQUE (RUE DE LA",,,Plein jour,En agglomération,Hors intersection,Normale,Deux véhicules - côté,,,,,,,,,,,1,2,1,1.0,3.0
201100044477,0011-09-03 13:10:00,11,9,3,13,10,900,10,LYON (FAUBOURG DE),,,Plein jour,En agglomération,Hors intersection,Normale,Deux véhicules - côté,,,,,,,,,,,1,2,1,1.0,3.0
201100044478,0011-09-03 18:00:00,11,9,3,18,0,900,39,"54, DE GAULLE (RUE DU GE",,,Plein jour,En agglomération,Hors intersection,Normale,Sans collision,,,,,,,,,,,1,2,1,1.0,7.0
201100044479,0011-09-09 17:55:00,11,9,9,17,55,900,99,TURENNE (RUE DE),,,Plein jour,En agglomération,Hors intersection,Normale,Trois véhicules et plus - en chaîne,,,,,,,,,,,1,2,1,1.0,4.0
201100044480,0011-09-14 11:15:00,11,9,14,11,15,900,99,"1, MONCEAU (RUE DU)",,,Plein jour,En agglomération,Hors intersection,Normale,Deux véhicules - frontale,,,,,,,,,,,1,2,1,1.0,1.0
201100044481,0011-09-12 06:25:00,11,9,12,6,25,900,8,"5, BELFORT (RUE DE)",,,Crépuscule ou aube,En agglomération,Hors intersection,Normale,Autre collision,,,,,,,,,,,2,2,1,1.0,6.0
201100044482,0011-09-13 19:40:00,11,9,13,19,40,900,10,"1, KENNEDY (BOULEVARD)",,,Crépuscule ou aube,En agglomération,Hors intersection,Normale,Autre collision,,,,,,,,,,,2,2,1,1.0,6.0
201100044483,0011-09-14 18:34:00,11,9,14,18,34,900,10,ALTKIRCH (AVENUE),,,Plein jour,En agglomération,Giratoire,Normale,Deux véhicules - côté,,,,,,,,,,,1,2,6,1.0,3.0
201100044484,0011-09-15 13:30:00,11,9,15,13,30,900,10,"8, VOLTAIRE (RUE)",,,Plein jour,En agglomération,Hors intersection,Normale,Autre collision,,,,,,,,,,,1,2,1,1.0,6.0
201100044485,0011-09-16 17:25:00,11,9,16,17,25,900,10,"1, LANG (RUE DU DOCTEUR)",,,Plein jour,En agglomération,Autre intersection,Normale,Deux véhicules - côté,,,,,,,,,,,1,2,9,1.0,3.0
201100044486,0011-09-16 22:15:00,11,9,16,22,15,900,10,"1, VAUBAN (QUAI)",,,Nuit avec éclairage allumé,En agglomération,Intersection en X,Normale,Deux véhicules - côté,,,,,,,,,,,5,2,2,1.0,3.0
201100044487,0011-09-20 07:45:00,11,9,20,7,45,900,10,"2, MENDES FRANCE (RUE)",,,Plein jour,En agglomération,Intersection en T,Normale,Deux véhicules - arrière,,,,,,,,,,,1,2,3,1.0,2.0
201100044488,0011-09-21 22:16:00,11,9,21,22,16,900,10,"8, PARANT (RUE)",,,Nuit sans éclairage public,En agglomération,Hors intersection,Normale,Sans collision,,,,,,,,,,,3,2,1,1.0,7.0
201100044489,0011-09-23 21:58:00,11,9,23,21,58,900,10,"1, LAURENCIE (AVENUE CAP",,,Nuit avec éclairage allumé,En agglomération,Hors intersection,Normale,Sans collision,,,,,,,,,,,5,2,1,1.0,7.0
201100044490,0011-10-04 16:05:00,11,10,4,16,5,900,10,"36, RENAUD DE BOURGOGNE",,,Plein jour,En agglomération,Hors intersection,Normale,Autre collision,,,,,,,,,,,1,2,1,1.0,6.0
201100044491,0011-10-05 13:55:00,11,10,5,13,55,900,99,"1, TURENNE (RUE DE)",,,Plein jour,En agglomération,Hors intersection,Normale,Autre collision,,,,,,,,,,,1,2,1,1.0,6.0
201100044492,0011-10-05 15:23:00,11,10,5,15,23,900,10,"1, BRUXELLES (RUE DE)",,,Plein jour,En agglomération,Intersection en T,Normale,Deux véhicules - côté,,,,,,,,,,,1,2,3,1.0,3.0
201100044493,0011-10-08 13:00:00,11,10,8,13,0,900,10,"4, DUBAIL-ROY (RUE)",,,Plein jour,En agglomération,Hors intersection,Pluie légère,Autre collision,,,,,,,,,,,1,2,1,2.0,6.0
201100044494,0011-10-09 18:12:00,11,10,9,18,12,900,10,"1, MULHOUSE (RUE DE)",,,Plein jour,En agglomération,Intersection en T,Pluie légère,Deux véhicules - frontale,,,,,,,,,,,1,2,3,2.0,1.0
201100044495,0011-10-11 09:15:00,11,10,11,9,15,900,10,LECLERC (AVENUE),,,Plein jour,En agglomération,Intersection en T,Normale,Deux véhicules - côté,,,,,,,,,,,1,2,3,1.0,3.0