accident_id,datetime,annee,mois,jour,heure,minute,departement,commune_insee,adresse,latitude,longitude,luminosite,agglomeration,intersection,meteo,collision,nb_vehicules,nb_usagers,nb_indemnes,nb_tues,nb_blesses_hosp,nb_blesses_legers,age_cond_1,age_cond_2,veh_type_cond_1,veh_type_cond_2,lum_code,agg_code,int_code,atm_code,col_code
201100044623,0011-10-05 17:20:00,11,10,5,17,20,910,103,edouard branly(RUE),,,Plein jour,En agglomération,Hors intersection,Normale,Deux véhicules - côté,,,,,,,,,,,1,2,1,1.0,3.0
201100044624,0011-10-07 12:35:00,11,10,7,12,35,910,21,"84, GRANDE (RUE)",,,Plein jour,En agglomération,Hors intersection,Normale,Autre collision,,,,,,,,,,,1,2,1,1.0,6.0
201100044625,0011-10-07 22:10:00,11,10,7,22,10,910,21,RN 20,,,Nuit avec éclairage allumé,Hors agglomération,Hors intersection,Normale,Deux véhicules - arrière,,,,,,,,,,,5,1,1,1.0,2.0
201100044626,0011-10-08 10:00:00,11,10,8,10,0,910,339,RN 20,,,Plein jour,Hors agglomération,Hors intersection,Normale,Deux véhicules - arrière,,,,,,,,,,,1,1,1,1.0,2.0
201100044627,0011-10-10 08:00:00,11,10,10,8,0,910,21,"2, Rue Aristide Briand",,,Plein jour,En agglomération,Hors intersection,Normale,Autre collision,,,,,,,,,,,1,2,1,1.0,6.0
201100044628,0011-10-12 14:40:00,11,10,12,14,40,910,552,CHANTELOUP (RUE DE),,,Plein jour,En agglomération,Hors intersection,Normale,Deux véhicules - arrière,,,,,,,,,,,1,2,1,1.0,2.0
201100044629,0011-10-14 11:10:00,11,10,14,11,10,910,339,PASTEUR (RUE),,,Plein jour,En agglomération,Hors intersection,Normale,Autre collision,,,,,,,,,,,1,2,1,1.0,6.0
201100044630,0011-10-14 20:30:00,11,10,14,20,30,910,339,RN 20,,,Nuit avec éclairage allumé,Hors agglomération,Hors intersection,Normale,Deux véhicules - côté,,,,,,,,,,,5,1,1,1.0,3.0
201100044631,0011-10-15 08:10:00,11,10,15,8,10,910,425,RN 20,,,Plein jour,Hors agglomération,Intersection en T,Normale,Deux véhicules - côté,,,,,,,,,,,1,1,3,1.0,3.0
201100044632,0011-10-17 18:05:00,11,10,17,18,5,910,552,BABIN (RUE DU DOCTEUR,,,Plein jour,En agglomération,Intersection en T,Normale,Deux véhicules - côté,,,,,,,,,,,1,2,3,1.0,3.0
201100044633,0011-10-24 08:55:00,11,10,24,8,55,910,103,POITOU (RUE DU),,,Plein jour,En agglomération,Hors intersection,Normale,Deux véhicules - côté,,,,,,,,,,,1,2,1,1.0,3.0
201100044634,0011-10-25 08:10:00,11,10,25,8,10,910,552,RN 20,,,Plein jour,Hors agglomération,Hors intersection,Pluie légère,Trois véhicules et plus - en chaîne,,,,,,,,,,,1,1,1,2.0,4.0
201100044635,0011-10-26 08:00:00,11,10,26,8,0,910,339,RN 20,,,Plein jour,Hors agglomération,Hors intersection,Normale,Trois véhicules et plus - collisions multiples,,,,,,,,,,,1,1,1,1.0,5.0
201100044636,0011-10-29 17:00:00,11,10,29,17,0,910,457,CD 19,,,Plein jour,Hors agglomération,Hors intersection,Normale,Deux véhicules - arrière,,,,,,,,,,,1,1,1,1.0,2.0
201100044637,0011-10-31 20:00:00,11,10,31,20,0,910,347,RN 20,,,Nuit avec éclairage allumé,Hors agglomération,Hors intersection,Normale,Trois véhicules et plus - collisions multiples,,,,,,,,,,,5,1,1,1.0,5.0
201100044638,0011-11-01 06:45:00,11,11,1,6,45,910,552,RN 20,,,Nuit avec éclairage allumé,En agglomération,Hors intersection,Normale,Deux véhicules - côté,,,,,,,,,,,5,2,1,1.0,3.0
201100044639,0011-11-03 19:20:00,11,11,3,19,20,910,103,DOUARD HENRy (RUE),,,Nuit avec éclairage allumé,En agglomération,Hors intersection,Pluie forte,Deux véhicules - côté,,,,,,,,,,,5,2,1,3.0,3.0
201100044640,0011-11-04 09:30:00,11,11,4,9,30,910,425,BOURGUIGNONS (RUE DES,,,Plein jour,En agglomération,Hors intersection,Normale,Trois véhicules et plus - en chaîne,,,,,,,,,,,1,2,1,1.0,4.0
201100044641,0011-11-17 06:45:00,11,11,17,6,45,910,552,RN 20,,,Nuit sans éclairage public,Hors agglomération,Hors intersection,Pluie légère,Trois véhicules et plus - en chaîne,,,,,,,,,,,3,1,1,2.0,4.0
201100044642,0011-11-22 08:45:00,11,11,22,8,45,910,339,RN 20,,,Crépuscule ou aube,Hors agglomération,Hors intersection,Normale,Deux véhicules - côté,,,,,,,,,,,2,1,1,1.0,3.0
201100044643,0011-12-02 10:55:00,11,12,2,10,55,910,552,RD PTdu 19 mars 62,,,Plein jour,En agglomération,Hors intersection,Normale,Deux véhicules - arrière,,,,,,,,,,,1,2,1,1.0,2.0
201100044644,0011-12-09 12:30:00,11,12,9,12,30,910,347,RN 20,,,Plein jour,Hors agglomération,Hors intersection,Pluie légère,Trois véhicules et plus - en chaîne,,,,,,,,,,,1,1,1,2.0,4.0
201100044645,0011-12-14 12:35:00,11,12,14,12,35,910,103,GAY LUSSAC (RUE),,,Plein jour,En agglomération,Hors intersection,Normale,Deux véhicules - frontale,,,,,,,,,,,1,2,1,1.0,1.0
201100044646,0011-12-17 18:00:00,11,12,17,18,0,910,103,MAISON NEUVE (AVENUE DE,,,Nuit avec éclairage allumé,Hors agglomération,Hors intersection,Pluie légère,Autre collision,,,,,,,,,,,5,1,1,2.0,6.0
201100044647,0011-12-22 14:50:00,11,12,22,14,50,910,347,VERDUN (RUE DE),,,Plein jour,En agglomération,Hors intersection,Normale,Deux véhicules - frontale,,,,,,,,,,,1,2,1,1.0,1.0
201100044648,0011-12-22 20:00:00,11,12,22,20,0,910,347,"42, MONTLHERY (ROUTE DE)",,,Nuit avec éclairage allumé,En agglomération,Hors intersection,Normale,Deux véhicules - arrière,,,,,,,,,,,5,2,1,1.0,2.0
201100044649,0011-12-28 22:00:00,11,12,28,22,0,910,21,EGLY (ROUTE D'),,,Nuit avec éclairage allumé,En agglomération,Hors intersection,Normale,Autre collision,,,,,,,,,,,5,2,1,1.0,6.0
201100044650,0011-12-30 13:40:00,11,12,30,13,40,910,21,CORNATON ABEL (RUE),,,Plein jour,En agglomération,Hors intersection,Pluie légère,Deux véhicules - côté,,,,,,,,,,,1,2,1,2.0,3.0
201100044651,0011-01-15 17:15:00,11,1,15,17,15,910,479,"., ROBESPIERRE (RUE MAXI",,,Crépuscule ou aube,En agglomération,Intersection en X,Normale,Deux véhicules - côté,,,,,,,,,,,2,2,2,1.0,3.0
201100044652,0011-04-12 17:50:00,11,4,12,17,50,910,27,"21, GUILLON (RUE MAURICE",,,Plein jour,En agglomération,Intersection en X,Normale,Deux véhicules - côté,,,,,,,,,,,1,2,2,1.0,3.0
201100044653,0011-05-25 14:25:00,11,5,25,14,25,910,27,"27, ABLON (RUE D')",,,Plein jour,En agglomération,Hors intersection,Normale,Autre collision,,,,,,,,,,,1,2,1,1.0,6.0
201100044654,0011-09-09 07:05:00,11,9,9,7,5,910,27,VAILLANT-COUTURIER (R,,,Nuit sans éclairage public,En agglomération,Intersection en T,Normale,Deux véhicules - côté,,,,,,,,,,,3,2,3,1.0,3.0
201100044655,0011-11-07 17:25:00,11,11,7,17,25,910,479,VERDUN (AVENUE DE),,,Nuit avec éclairage allumé,En agglomération,Giratoire,Normale,Deux véhicules - frontale,,,,,,,,,,,5,2,6,1.0,1.0
201100044656,0011-09-22 14:10:00,11,9,22,14,10,910,27,DUNANT (AVENUE HENRI),,,Plein jour,En agglomération,Hors intersection,Normale,Deux véhicules - côté,,,,,,,,,,,1,2,1,1.0,3.0
201100044657,0011-12-10 20:00:00,11,12,10,20,0,910,479,FONTAINEBLEAU (BOULEV,,,Nuit avec éclairage allumé,Hors agglomération,Hors intersection,Normale,Deux véhicules - arrière,,,,,,,,,,,5,1,1,1.0,2.0
201100044658,0011-12-23 08:40:00,11,12,23,8,40,910,27,"153, SCHUMAN (RUE ROBERT",,,Plein jour,Hors agglomération,Hors intersection,Normale,Autre collision,,,,,,,,,,,1,1,1,1.0,6.0
201100044659,0011-02-02 07:20:00,11,2,2,7,20,910,479,VAILLANT-COUTURIER (AVEN,,,Nuit avec éclairage allumé,En agglomération,Intersection en T,Autre,Autre collision,,,,,,,,,,,5,2,3,9.0,6.0
201100044660,0011-03-12 22:00:00,11,3,12,22,0,910,27,"57, SCHUMAN (RUE ROBERT)",,,Nuit avec éclairage allumé,En agglomération,Hors intersection,Normale,Deux véhicules - arrière,,,,,,,,,,,5,2,1,1.0,2.0
201100044661,0011-03-16 20:35:00,11,3,16,20,35,910,27,SEMBAT (AVENUE MARCEL,,,Nuit avec éclairage allumé,En agglomération,Hors intersection,Normale,Deux véhicules - côté,,,,,,,,,,,5,2,1,1.0,3.0
201100044662,0011-01-11 08:10:00,11,1,11,8,10,910,97,JEAN MOULIN (AVENUE),,,Crépuscule ou aube,En agglomération,Hors intersection,Pluie forte,Autre collision,,,,,,,,,,,2,2,1,3.0,6.0
201100044663,0011-01-14 23:30:00,11,1,14,23,30,910,114,MONTGERON (RUE DE),,,Nuit avec éclairage allumé,En agglomération,Intersection en X,Normale,Deux véhicules - frontale,,,,,,,,,,,5,2,2,1.0,1.0
201100044664,0011-01-18 16:30:00,11,1,18,16,30,910,114,"10, GARE (RUE DE LA)",,,Plein jour,En agglomération,Hors intersection,Normale,Autre collision,,,,,,,,,,,1,2,1,1.0,6.0
201100044665,0011-01-21 19:05:00,11,1,21,19,5,910,114,ROUTE NATIONALE 6,,,Nuit avec éclairage allumé,En agglomération,Hors intersection,Normale,Deux véhicules - arrière,,,,,,,,,,,5,2,1,1.0,2.0
201100044666,0011-01-26 11:35:00,11,1,26,11,35,910,114,BRIE (ROUTE DE),,,Plein jour,En agglomération,Hors intersection,Pluie légère,Trois véhicules et plus - collisions multiples,,,,,,,,,,,1,2,1,2.0,5.0
201100044667,0011-02-01 22:45:00,11,2,1,22,45,910,514,CD 33,,,Nuit sans éclairage public,Hors agglomération,Hors intersection,Autre,Deux véhicules - arrière,,,,,,,,,,,3,1,1,9.0,2.0
201100044668,0011-02-05 15:45:00,11,2,5,15,45,910,114,"49, REVEILLON (RUE DU)",,,Plein jour,En agglomération,Hors intersection,Normale,Sans collision,,,,,,,,,,,1,2,1,1.0,7.0
201100044669,0011-02-09 20:20:00,11,2,9,20,20,910,114,VILLECRESNES (RUE),,,Nuit avec éclairage allumé,En agglomération,Intersection en X,Normale,Deux véhicules - frontale,,,,,,,,,,,5,2,2,1.0,1.0
201100044670,0011-02-25 14:45:00,11,2,25,14,45,910,514,MARCEL PAGNOL (RUE),,,Plein jour,En agglomération,Intersection en T,Normale,Deux véhicules - côté,,,,,,,,,,,1,2,3,1.0,3.0
201100044671,0011-02-25 16:35:00,11,2,25,16,35,910,514,BRUNOY (RUE DE),,,Plein jour,En agglomération,Hors intersection,Normale,Deux véhicules - côté,,,,,,,,,,,1,2,1,1.0,3.0
201100044672,0011-03-02 17:15:00,11,3,2,17,15,910,114,"1, LACHAMBAUDIE (HAMEAU",,,Plein jour,En agglomération,Intersection en Y,Normale,Trois véhicules et plus - collisions multiples,,,,,,,,,,,1,2,4,1.0,5.0
201100044673,0011-03-05 12:35:00,11,3,5,12,35,910,97,NEUENHAUS (COUR),,,Plein jour,En agglomération,Hors intersection,Normale,Autre collision,,,,,,,,,,,1,2,1,1.0,6.0
201100044674,0011-03-08 08:15:00,11,3,8,8,15,910,215,"60, BOUSSY (RUE DE)",,,Plein jour,En agglomération,Hors intersection,Normale,Autre collision,,,,,,,,,,,1,2,1,1.0,6.0
201100044675,0011-03-11 15:20:00,11,3,11,15,20,910,114,REPUBLIQUE (RUE DE LA),,,Plein jour,En agglomération,Hors intersection,Normale,Autre collision,,,,,,,,,,,1,2,1,1.0,6.0
201100044676,0011-03-11 18:30:00,11,3,11,18,30,910,114,BRIE (ROUTE DE),,,Crépuscule ou aube,En agglomération,Hors intersection,Normale,Autre collision,,,,,,,,,,,2,2,1,1.0,6.0
201100044677,0011-03-19 16:25:00,11,3,19,16,25,910,114,"11, PONT PERRONNET (RUE",,,Plein jour,En agglomération,Hors intersection,Normale,Autre collision,,,,,,,,,,,1,2,1,1.0,6.0
201100044678,0011-03-22 16:25:00,11,3,22,16,25,910,114,ROUTE NATIONALE 6,,,Plein jour,En agglomération,Hors intersection,Normale,Deux véhicules - arrière,,,,,,,,,,,1,2,1,1.0,2.0
201100044679,0011-03-23 12:40:00,11,3,23,12,40,910,114,ROUTE NATIONALE 6,,,Plein jour,En agglomération,Hors intersection,Normale,Deux véhicules - arrière,,,,,,,,,,,1,2,1,1.0,2.0
201100044680,0011-03-26 17:50:00,11,3,26,17,50,910,114,ROUTE NATIONALE 6,,,Plein jour,En agglomération,Hors intersection,Normale,Deux véhicules - arrière,,,,,,,,,,,1,2,1,1.0,2.0
201100044681,0011-03-28 19:55:00,11,3,28,19,55,910,114,PIERRE PROST (AVENUE),,,Crépuscule ou aube,En agglomération,Intersection en X,Normale,Autre collision,,,,,,,,,,,2,2,2,1.0,6.0
201100044682,0011-04-04 19:15:00,11,4,4,19,15,910,97,JEAN MOULIN (AVENUE),,,Crépuscule ou aube,En agglomération,Intersection en X,Normale,Deux véhicules - côté,,,,,,,,,,,2,2,2,1.0,3.0
201100044683,0011-04-07 08:10:00,11,4,7,8,10,910,114,"19, POINTE (RUE DE LA)",,,Plein jour,En agglomération,Intersection en X,Normale,Deux véhicules - côté,,,,,,,,,,,1,2,2,1.0,3.0
201100044684,0011-04-12 16:40:00,11,4,12,16,40,910,97,SABLIERE (RUE DE LA),,,Plein jour,En agglomération,Hors intersection,Normale,Deux véhicules - arrière,,,,,,,,,,,1,2,1,1.0,2.0
201100044685,0011-04-18 18:10:00,11,4,18,18,10,910,114,CERCAY (RUE DE),,,Plein jour,En agglomération,Hors intersection,Normale,Deux véhicules - côté,,,,,,,,,,,1,2,1,1.0,3.0
201100044686,0011-05-05 17:05:00,11,5,5,17,5,910,114,ROUTE NATIONALE 6,,,Plein jour,En agglomération,Autre intersection,Normale,Trois véhicules et plus - en chaîne,,,,,,,,,,,1,2,9,1.0,4.0
201100044687,0011-05-05 19:10:00,11,5,5,19,10,910,114,CHARLES DE GAULLE,,,Plein jour,En agglomération,Autre intersection,Normale,Autre collision,,,,,,,,,,,1,2,9,1.0,6.0
201100044688,0011-05-11 10:30:00,11,5,11,10,30,910,514,JEAN JAURES  1 av,,,Plein jour,En agglomération,Hors intersection,Normale,Deux véhicules - côté,,,,,,,,,,,1,2,1,1.0,3.0
201100044689,0011-05-29 17:40:00,11,5,29,17,40,910,215,"13, ANATOLE FRANCE (RUE)",,,Plein jour,En agglomération,Hors intersection,Normale,Autre collision,,,,,,,,,,,1,2,1,1.0,6.0
201100044690,0011-06-10 19:00:00,11,6,10,19,0,910,114,GRANDE (RUE),,,Plein jour,En agglomération,Hors intersection,Normale,Autre collision,,,,,,,,,,,1,2,1,1.0,6.0
201100044691,0011-06-11 11:20:00,11,6,11,11,20,910,97,CHARLES DE GAULLE (BOULE,,,Plein jour,En agglomération,Hors intersection,Normale,Autre collision,,,,,,,,,,,1,2,1,1.0,6.0
201100044692,0011-06-29 16:40:00,11,6,29,16,40,910,97,CHARLES DE GAULLE,,,Plein jour,En agglomération,Hors intersection,Normale,Deux véhicules - arrière,,,,,,,,,,,1,2,1,1.0,2.0
201100044693,0011-06-30 19:05:00,11,6,30,19,5,910,114,GENERAL LECLERC (AVENUE,,,Plein jour,En agglomération,Hors intersection,Normale,Deux véhicules - arrière,,,,,,,,,,,1,2,1,1.0,2.0
201100044694,0011-07-04 17:25:00,11,7,4,17,25,910,114,PYRAMIDE (AVENUE DE LA),,,Plein jour,Hors agglomération,Hors intersection,Normale,Trois véhicules et plus - en chaîne,,,,,,,,,,,1,1,1,1.0,4.0
201100044695,0011-07-07 17:15:00,11,7,7,17,15,910,97,CHARLES DE GAULLE (BUISS,,,Plein jour,En agglomération,Hors intersection,Normale,Trois véhicules et plus - en chaîne,,,,,,,,,,,1,2,1,1.0,4.0
201100044696,0011-07-07 19:05:00,11,7,7,19,5,910,114,ROUTE NATIONALE 6,,,Plein jour,Hors agglomération,Hors intersection,Normale,Trois véhicules et plus - en chaîne,,,,,,,,,,,1,1,1,1.0,4.0
201100044697,0011-07-15 20:20:00,11,7,15,20,20,910,114,WITTLICH (ROND POINT),,,Plein jour,En agglomération,Hors intersection,Normale,Deux véhicules - côté,,,,,,,,,,,1,2,1,1.0,3.0
201100044698,0011-07-28 21:20:00,11,7,28,21,20,910,114,ROUTE NATIONALE 6,,,Plein jour,En agglomération,Hors intersection,Normale,Deux véhicules - arrière,,,,,,,,,,,1,2,1,1.0,2.0
201100044699,0011-07-18 13:30:00,11,7,18,13,30,910,97,GEORGES COUBARD (RUE),,,Plein jour,En agglomération,Hors intersection,Normale,Deux véhicules - arrière,,,,,,,,,,,1,2,1,1.0,2.0
201100044700,0011-07-18 15:20:00,11,7,18,15,20,910,114,ROUTE NATIONALE 6,,,Plein jour,En agglomération,Hors intersection,Normale,Deux véhicules - arrière,,,,,,,,,,,1,2,1,1.0,2.0
201100044701,0011-07-24 20:10:00,11,7,24,20,10,910,114,ROUTE NATIONALE 6,,,Plein jour,En agglomération,Hors intersection,Normale,Deux véhicules - arrière,,,,,,,,,,,1,2,1,1.0,2.0
201100044702,0011-08-03 17:05:00,11,8,3,17,5,910,114,ROUTE NATIONALE 6,,,Plein jour,En agglomération,Hors intersection,Temps couvert,Deux véhicules - arrière,,,,,,,,,,,1,2,1,8.0,2.0
201100044703,0011-08-12 16:00:00,11,8,12,16,0,910,114,ROUTE NATIONALE 6,,,Plein jour,En agglomération,Hors intersection,Normale,Deux véhicules - arrière,,,,,,,,,,,1,2,1,1.0,2.0
201100044704,0011-09-15 06:55:00,11,9,15,6,55,910,114,CHARLES DE GAULLE,,,Crépuscule ou aube,En agglomération,Hors intersection,Normale,Autre collision,,,,,,,,,,,2,2,1,1.0,6.0
201100044705,0011-09-26 12:50:00,11,9,26,12,50,910,215,HUIT MAI QUARANTE CINQ (,,,Plein jour,En agglomération,Hors intersection,Normale,Deux véhicules - arrière,,,,,,,,,,,1,2,1,1.0,2.0
201100044706,0011-09-19 11:25:00,11,9,19,11,25,910,114,PETIT CHATEAU (AVENUE DU,,,Plein jour,En agglomération,Giratoire,Normale,Deux véhicules - côté,,,,,,,,,,,1,2,6,1.0,3.0
201100044707,0011-09-20 08:30:00,11,9,20,8,30,910,514,R N 6,,,Plein jour,En agglomération,Hors intersection,Normale,Deux véhicules - côté,,,,,,,,,,,1,2,1,1.0,3.0
201100044708,0011-09-30 14:00:00,11,9,30,14,0,910,114,GENERAL LECLERC (AVENUE,,,Plein jour,En agglomération,Hors intersection,Normale,Trois véhicules et plus - en chaîne,,,,,,,,,,,1,2,1,1.0,4.0
201100044709,0011-10-13 17:15:00,11,10,13,17,15,910,114,NEFLIERS (RUE DES),,,Plein jour,En agglomération,Hors intersection,Normale,Autre collision,,,,,,,,,,,1,2,1,1.0,6.0
201100044710,0011-10-15 00:50:00,11,10,15,0,50,910,114,ROUTE NATIONALE 6,,,Nuit avec éclairage allumé,En agglomération,Intersection en T,Normale,Trois véhicules et plus - en chaîne,,,,,,,,,,,5,2,3,1.0,4.0
201100044711,0011-10-20 08:30:00,11,10,20,8,30,910,114,WITTLICH (ROND POINT),,,Plein jour,En agglomération,Giratoire,Normale,Deux véhicules - côté,,,,,,,,,,,1,2,6,1.0,3.0
201100044712,0011-10-22 11:50:00,11,10,22,11,50,910,215,"12 BIS, QUINCY (RUE DE)",,,Plein jour,En agglomération,Hors intersection,Normale,Deux véhicules - frontale,,,,,,,,,,,1,2,1,1.0,1.0
201100044713,0011-10-23 07:30:00,11,10,23,7,30,910,114,ROUTE NATIONALE 6,,,Plein jour,En agglomération,Hors intersection,Normale,Deux véhicules - arrière,,,,,,,,,,,1,2,1,1.0,2.0
201100044714,0011-10-31 10:50:00,11,10,31,10,50,910,114,KRUGER (AVENUE),,,Plein jour,En agglomération,Hors intersection,Normale,Deux véhicules - côté,,,,,,,,,,,1,2,1,1.0,3.0
201100044715,0011-11-04 08:55:00,11,11,4,8,55,910,114,ROUTE NATIONALE 6,,,Plein jour,En agglomération,Hors intersection,Normale,Deux véhicules - arrière,,,,,,,,,,,1,2,1,1.0,2.0
201100044716,0011-11-10 11:50:00,11,11,10,11,50,910,215,HUIT MAI QUARANTE CINQ (,,,Plein jour,En agglomération,Hors intersection,Normale,Deux véhicules - arrière,,,,,,,,,,,1,2,1,1.0,2.0
201100044717,0011-11-24 07:05:00,11,11,24,7,5,910,97,JEAN MOULIN (AVENUE),,,Crépuscule ou aube,En agglomération,Hors intersection,Normale,Trois véhicules et plus - en chaîne,,,,,,,,,,,2,2,1,1.0,4.0
201100044718,0011-12-01 17:35:00,11,12,1,17,35,910,514,CD 33,,,Crépuscule ou aube,En agglomération,Hors intersection,Pluie légère,Deux véhicules - arrière,,,,,,,,,,,2,2,1,2.0,2.0
201100044719,0011-12-08 11:30:00,11,12,8,11,30,910,114,"01, DU PETIT CHATEAU (AV",,,Plein jour,En agglomération,Autre intersection,Normale,Deux véhicules - côté,,,,,,,,,,,1,2,9,1.0,3.0
201100044720,0011-12-16 14:00:00,11,12,16,14,0,910,114,ROUTE NATIONALE 6,,,Plein jour,En agglomération,Hors intersection,Normale,Deux véhicules - arrière,,,,,,,,,,,1,2,1,1.0,2.0
201100044721,0011-12-17 12:00:00,11,12,17,12,0,910,114,WITTLICH (ROND POINT),,,Plein jour,En agglomération,Hors intersection,Pluie légère,Deux véhicules - arrière,,,,,,,,,,,1,2,1,2.0,2.0
201100044722,0011-12-19 14:40:00,11,12,19,14,40,910,97,GEORGES COUBARD (RUE),,,Plein jour,En agglomération,Hors intersection,Pluie légère,Deux véhicules - arrière,,,,,,,,,,,1,2,1,2.0,2.0
201100044723,0011-12-21 18:10:00,11,12,21,18,10,910,114,CHARLES DE GAULLE,,,Nuit avec éclairage allumé,En agglomération,Hors intersection,Pluie légère,Autre collision,,,,,,,,,,,5,2,1,2.0,6.0
201100044724,0011-12-27 16:50:00,11,12,27,16,50,910,514,BOUSSY SAINT ANTOINE (RO,,,Plein jour,En agglomération,Hors intersection,Normale,Deux véhicules - arrière,,,,,,,,,,,1,2,1,1.0,2.0
201100044725,0011-12-28 18:15:00,11,12,28,18,15,910,114,ROUTE NATIONALE 6,,,Nuit avec éclairage allumé,En agglomération,Hors intersection,Normale,Deux véhicules - arrière,,,,,,,,,,,5,2,1,1.0,2.0
201100044726,0011-12-26 23:00:00,11,12,26,23,0,910,215,SAINTE GENEVIEVE (RUE),,,Nuit sans éclairage public,En agglomération,Hors intersection,Normale,Deux véhicules - frontale,,,,,,,,,,,3,2,1,1.0,1.0
201100044727,0011-01-04 10:00:00,11,1,4,10,0,910,174,"132, JOHN KENNEDY (BOULE",,,Plein jour,En agglomération,Hors intersection,Normale,Deux véhicules - côté,,,,,,,,,,,1,2,1,1.0,3.0
201100044728,0011-09-21 10:40:00,11,9,21,10,40,910,174,"06, strathkelvin (avenue",,,Plein jour,En agglomération,Hors intersection,Normale,Deux véhicules - côté,,,,,,,,,,,1,2,1,1.0,3.0
201100044729,0011-01-06 10:50:00,11,1,6,10,50,910,174,QUAI DE L'APPORT PARIS,,,Plein jour,En agglomération,Hors intersection,Pluie légère,Trois véhicules et plus - en chaîne,,,,,,,,,,,1,2,1,2.0,4.0
201100044730,0011-09-28 15:30:00,11,9,28,15,30,910,174,PARIS (RUE),,,Plein jour,En agglomération,Autre intersection,Normale,Deux véhicules - côté,,,,,,,,,,,1,2,9,1.0,3.0
201100044731,0011-01-04 16:00:00,11,1,4,16,0,910,174,JOHN KENNEDY (BOULEVARD),,,Plein jour,En agglomération,Hors intersection,Temps couvert,Autre collision,,,,,,,,,,,1,2,1,8.0,6.0
201100044732,0011-02-03 11:10:00,11,2,3,11,10,910,174,"10, 08 MAI 1945 (AVENUE)",,,Plein jour,En agglomération,Hors intersection,Normale,Deux véhicules - côté,,,,,,,,,,,1,2,1,1.0,3.0
201100044733,0011-02-13 06:08:00,11,2,13,6,8,910,174,JEAN JAURES (BOULEVARD),,,Nuit avec éclairage allumé,En agglomération,Hors intersection,Autre,Autre collision,,,,,,,,,,,5,2,1,9.0,6.0
201100044734,0011-09-07 10:45:00,11,9,7,10,45,910,174,JEAN JAURES (BOULEVARD),,,Plein jour,En agglomération,Hors intersection,Normale,Deux véhicules - arrière,,,,,,,,,,,1,2,1,1.0,2.0
201100044735,0011-02-26 17:58:00,11,2,26,17,58,910,174,"32, rue champlouis",,,Plein jour,En agglomération,Hors intersection,Normale,Autre collision,,,,,,,,,,,1,2,1,1.0,6.0
201100044736,0011-02-05 14:19:00,11,2,5,14,19,910,174,"1, QUAI MAUZAISSE",,,Plein jour,En agglomération,Hors intersection,Normale,Autre collision,,,,,,,,,,,1,2,1,1.0,6.0
201100044737,0011-03-16 10:45:00,11,3,16,10,45,910,174,"1, 14 Juillet (rue du)",,,Plein jour,En agglomération,Hors intersection,Normale,Autre collision,,,,,,,,,,,1,2,1,1.0,6.0
201100044738,0011-01-08 12:35:00,11,1,8,12,35,910,174,"30, CHEVALLIER (RUE)",,,Plein jour,En agglomération,Hors intersection,Autre,Autre collision,,,,,,,,,,,1,2,1,9.0,6.0
201100044739,0011-02-28 17:30:00,11,2,28,17,30,910,174,"24-26, JOHN KENNEDY (BOU",,,Plein jour,En agglomération,Hors intersection,Normale,Deux véhicules - frontale,,,,,,,,,,,1,2,1,1.0,1.0
201100044740,0011-12-25 04:35:00,11,12,25,4,35,910,174,"1, PARIS (RUE)",,,Nuit avec éclairage allumé,En agglomération,Intersection en X,Normale,Deux véhicules - côté,,,,,,,,,,,5,2,2,1.0,3.0
201100044741,0011-04-04 11:30:00,11,4,4,11,30,910,174,GOURNAY(rue),,,Plein jour,En agglomération,Intersection en T,Normale,Autre collision,,,,,,,,,,,1,2,3,1.0,6.0
201100044742,0011-04-25 17:40:00,11,4,25,17,40,910,174,"18, MARECHAL DE LATTRE D",,,Plein jour,En agglomération,Hors intersection,Normale,Autre collision,,,,,,,,,,,1,2,1,1.0,6.0
201100044743,0011-05-24 16:40:00,11,5,24,16,40,910,174,DUNANT ( BD HENRI),,,Plein jour,En agglomération,Intersection en T,Normale,Deux véhicules - côté,,,,,,,,,,,1,2,3,1.0,3.0
201100044744,0011-05-21 14:00:00,11,5,21,14,0,910,174,08 MAI 1945 (AVENUE),,,Plein jour,En agglomération,Hors intersection,Normale,Autre collision,,,,,,,,,,,1,2,1,1.0,6.0
201100044745,0011-11-07 18:25:00,11,11,7,18,25,910,174,JEAN JAURES (BOULEVAR,,,Nuit avec éclairage non allumé,En agglomération,Hors intersection,Pluie légère,Trois véhicules et plus - en chaîne,,,,,,,,,,,4,2,1,2.0,4.0
201100044746,0011-05-21 18:15:00,11,5,21,18,15,910,174,"62, BOURGOIN(QUAI)",,,Plein jour,En agglomération,Hors intersection,Normale,Deux véhicules - côté,,,,,,,,,,,1,2,1,1.0,3.0
201100044747,0011-05-19 18:00:00,11,5,19,18,0,910,174,Emile ZOLA (rue),,,Plein jour,En agglomération,Intersection en T,Normale,Deux véhicules - côté,,,,,,,,,,,1,2,3,1.0,3.0
201100044748,0011-05-28 23:15:00,11,5,28,23,15,910,174,FONTAINEBLEAU (BD),,,Nuit avec éclairage allumé,En agglomération,Intersection en X,Normale,Deux véhicules - côté,,,,,,,,,,,5,2,2,1.0,3.0
201100044749,0011-06-15 13:45:00,11,6,15,13,45,910,174,JOHN KENNEDY (BOULEVARD),,,Plein jour,En agglomération,Autre intersection,Normale,Deux véhicules - côté,,,,,,,,,,,1,2,9,1.0,3.0
201100044750,0011-06-29 18:55:00,11,6,29,18,55,910,174,"41, rue gustave courbet",,,Plein jour,En agglomération,Hors intersection,Normale,Autre collision,,,,,,,,,,,1,2,1,1.0,6.0