accident_id,datetime,annee,mois,jour,heure,minute,departement,commune_insee,adresse,latitude,longitude,luminosite,agglomeration,intersection,meteo,collision,nb_vehicules,nb_usagers,nb_indemnes,nb_tues,nb_blesses_hosp,nb_blesses_legers,age_cond_1,age_cond_2,veh_type_cond_1,veh_type_cond_2,lum_code,agg_code,int_code,atm_code,col_code
201100045391,0011-07-20 09:25:00,11,7,20,9,25,920,14,LIBERATION (PLACE DE LA),,,Plein jour,En agglomération,Giratoire,Normale,Deux véhicules - côté,,,,,,,,,,,1,2,6,1.0,3.0
201100045392,0011-08-04 10:05:00,11,8,4,10,5,920,2,AV JEAN MONNET,,,Plein jour,En agglomération,Hors intersection,Normale,Autre collision,,,,,,,,,,,1,2,1,1.0,6.0
201100045393,0011-08-19 19:00:00,11,8,19,19,0,920,2,DE GAULLE / BRIAND,,,Plein jour,En agglomération,Giratoire,Normale,Deux véhicules - arrière,,,,,,,,,,,1,2,6,1.0,2.0
201100045394,0011-09-18 19:05:00,11,9,18,19,5,920,2,MONNET / MIRABEAU,,,Plein jour,En agglomération,Intersection en X,Pluie légère,Deux véhicules - côté,,,,,,,,,,,1,2,2,2.0,3.0
201100045395,0011-09-21 14:35:00,11,9,21,14,35,920,2,AV DU DOCTEUR TENINE,,,Plein jour,En agglomération,Hors intersection,Normale,Deux véhicules - arrière,,,,,,,,,,,1,2,1,1.0,2.0
201100045396,0011-09-26 23:35:00,11,9,26,23,35,920,2,LECLERC / JOUHAUX,,,Nuit avec éclairage allumé,En agglomération,Intersection en T,Normale,Deux véhicules - côté,,,,,,,,,,,5,2,3,1.0,3.0
201100045397,0011-09-28 20:10:00,11,9,28,20,10,920,2,DE GAULLE / ARON,,,Nuit avec éclairage allumé,En agglomération,Giratoire,Normale,Deux véhicules - côté,,,,,,,,,,,5,2,6,1.0,3.0
201100045398,0011-10-04 08:00:00,11,10,4,8,0,920,2,"84, R VELPEAU",,,Plein jour,En agglomération,Hors intersection,Normale,Autre collision,,,,,,,,,,,1,2,1,1.0,6.0
201100045399,0011-10-12 20:15:00,11,10,12,20,15,920,14,"70, BD DU MARECHAL JOFFR",,,Nuit avec éclairage allumé,En agglomération,Hors intersection,Normale,Autre collision,,,,,,,,,,,5,2,1,1.0,6.0
201100045400,0011-10-14 16:45:00,11,10,14,16,45,920,2,"54, AV JEAN MONNET",,,Plein jour,En agglomération,Hors intersection,Normale,Trois véhicules et plus - en chaîne,,,,,,,,,,,1,2,1,1.0,4.0
201100045401,0011-10-16 15:50:00,11,10,16,15,50,920,2,CHE DE LA CROIX BRISEE,,,Plein jour,En agglomération,Hors intersection,Normale,Sans collision,,,,,,,,,,,1,2,1,1.0,7.0
201100045402,0011-10-26 19:00:00,11,10,26,19,0,920,14,"66, AV GALOIS",,,Nuit avec éclairage allumé,En agglomération,Hors intersection,Normale,Deux véhicules - frontale,,,,,,,,,,,5,2,1,1.0,1.0
201100045403,0011-10-27 10:35:00,11,10,27,10,35,920,2,"11, AV DE LA DIVISION LE",,,Plein jour,En agglomération,Hors intersection,Normale,Deux véhicules - arrière,,,,,,,,,,,1,2,1,1.0,2.0
201100045404,0011-11-01 13:50:00,11,11,1,13,50,920,2,MIRABEAU / DUVAL,,,Plein jour,En agglomération,Intersection en T,Temps couvert,Deux véhicules - côté,,,,,,,,,,,1,2,3,8.0,3.0
201100045405,0011-11-14 17:55:00,11,11,14,17,55,920,2,MONNET / MIRABEAU,,,Nuit avec éclairage non allumé,En agglomération,Intersection en X,Normale,Deux véhicules - côté,,,,,,,,,,,4,2,2,1.0,3.0
201100045406,0011-11-16 15:40:00,11,11,16,15,40,920,2,AV DE LA DIVISION LECLER,,,Plein jour,En agglomération,Hors intersection,Normale,Autre collision,,,,,,,,,,,1,2,1,1.0,6.0
201100045407,0011-11-22 21:50:00,11,11,22,21,50,920,2,GAULLE / BRIAND,,,Nuit avec éclairage allumé,En agglomération,Giratoire,Normale,Deux véhicules - arrière,,,,,,,,,,,5,2,6,1.0,2.0
201100045408,0011-11-25 22:30:00,11,11,25,22,30,920,2,VELPEAU / GAULLE,,,Nuit avec éclairage allumé,En agglomération,Intersection en T,Normale,Autre collision,,,,,,,,,,,5,2,3,1.0,6.0
201100045409,0011-12-09 08:30:00,11,12,9,8,30,920,14,"01, COTTAGES (AVENUE DES",,,Plein jour,En agglomération,Intersection en T,Pluie légère,Autre collision,,,,,,,,,,,1,2,3,2.0,6.0
201100045410,0011-12-18 20:45:00,11,12,18,20,45,920,2,LEON BLUM (AVENUE),,,Nuit avec éclairage allumé,En agglomération,Intersection en T,Pluie légère,Autre collision,,,,,,,,,,,5,2,3,2.0,6.0
201100045411,0011-12-31 18:35:00,11,12,31,18,35,920,2,"57, ARISTIDE BRIAND (AVE",,,Nuit avec éclairage allumé,En agglomération,Intersection en T,Temps couvert,Deux véhicules - côté,,,,,,,,,,,5,2,3,8.0,3.0
201100045412,0011-02-27 18:30:00,11,2,27,18,30,920,2,VERRIERES / FEES,48.7572,2.27921,Plein jour,En agglomération,Intersection en T,Normale,Deux véhicules - côté,,,,,,,,,,,1,2,3,1.0,3.0
201100045413,0011-01-04 13:40:00,11,1,4,13,40,920,4,CLICHY / BAS,48.9106,2.29901,Plein jour,En agglomération,Intersection en X,Normale,Deux véhicules - côté,,,,,,,,,,,1,2,2,1.0,3.0
201100045414,0011-01-05 10:45:00,11,1,5,10,45,920,4,DERVAUX / GAULLE,48.9052,2.28757,Plein jour,En agglomération,Intersection en X,Normale,Deux véhicules - côté,,,,,,,,,,,1,2,2,1.0,3.0
201100045415,0011-01-06 07:50:00,11,1,6,7,50,920,4,CLICHY / BAS,48.916,2.29531,Nuit avec éclairage allumé,En agglomération,Intersection en X,Pluie légère,Deux véhicules - côté,,,,,,,,,,,5,2,2,2.0,3.0
201100045416,0011-01-07 08:45:00,11,1,7,8,45,920,4,"47, QU DU DOCTEUR DERVAU",48.9055,2.28824,Plein jour,En agglomération,Hors intersection,Pluie légère,Trois véhicules et plus - collisions multiples,,,,,,,,,,,1,2,1,2.0,5.0
201100045417,0011-01-09 13:20:00,11,1,9,13,20,920,4,DERVAUX / VERT,48.903,2.28353,Plein jour,En agglomération,Intersection en X,Normale,Deux véhicules - arrière,,,,,,,,,,,1,2,2,1.0,2.0
201100045418,0011-01-10 16:40:00,11,1,10,16,40,920,4,JOIGNEAUX / BRUYERES,48.9104,2.26893,Plein jour,En agglomération,Intersection en Y,Normale,Autre collision,,,,,,,,,,,1,2,4,1.0,6.0
201100045419,0011-01-11 08:45:00,11,1,11,8,45,920,4,"39, QU DU DOCTEUR DERVAU",48.905,2.2873,Crépuscule ou aube,En agglomération,Hors intersection,Pluie légère,Deux véhicules - arrière,,,,,,,,,,,2,2,1,2.0,2.0
201100045420,0011-01-14 18:55:00,11,1,14,18,55,920,9,"21, R DU GENERAL LECLERC",48.9141,2.27138,Nuit avec éclairage non allumé,En agglomération,Hors intersection,Pluie légère,Autre collision,,,,,,,,,,,4,2,1,2.0,6.0
201100045421,0011-01-14 19:20:00,11,1,14,19,20,920,4,VOLTAIRE / TRARIEUX,48.9159,2.29132,Nuit avec éclairage allumé,En agglomération,Intersection en T,Pluie forte,Deux véhicules - arrière,,,,,,,,,,,5,2,3,3.0,2.0
201100045422,0011-01-15 20:30:00,11,1,15,20,30,920,4,VILLE / PERIER,48.9102,2.28876,Nuit avec éclairage allumé,En agglomération,Intersection en T,Normale,Deux véhicules - frontale,,,,,,,,,,,5,2,3,1.0,1.0
201100045423,0011-01-16 17:00:00,11,1,16,17,0,920,4,ALL MICKAEL LEFEBVRE,48.9268,2.27396,Plein jour,En agglomération,Hors intersection,Normale,Sans collision,,,,,,,,,,,1,2,1,1.0,7.0
201100045424,0011-01-21 16:04:00,11,1,21,16,4,920,4,VOLTAIRE / DUSSAU,48.9153,2.29344,Plein jour,En agglomération,Intersection en X,Normale,Autre collision,,,,,,,,,,,1,2,2,1.0,6.0
201100045425,0011-01-25 17:00:00,11,1,25,17,0,920,4,BAS / CLICHY,48.9106,2.29901,Plein jour,En agglomération,Intersection en X,Normale,Deux véhicules - arrière,,,,,,,,,,,1,2,2,1.0,2.0
201100045426,0011-01-26 09:20:00,11,1,26,9,20,920,9,L'EUROPE / GUYNEMER,48.9072,2.26384,Plein jour,Hors agglomération,Intersection en T,Pluie légère,Deux véhicules - côté,,,,,,,,,,,1,1,3,2.0,3.0
201100045427,0011-01-31 08:00:00,11,1,31,8,0,920,4,D'ARGENTEUIL / MENIL,48.926,2.27392,Nuit avec éclairage allumé,En agglomération,Intersection en Y,Normale,Autre collision,,,,,,,,,,,5,2,4,1.0,6.0
201100045428,0011-02-02 08:10:00,11,2,2,8,10,920,4,AV DES GRESILLONS,48.9143,2.30012,Plein jour,En agglomération,Hors intersection,Normale,Deux véhicules - arrière,,,,,,,,,,,1,2,1,1.0,2.0
201100045429,0011-02-02 15:00:00,11,2,2,15,0,920,4,QU DU DOCTEUR DERVAUX,48.9038,2.28526,Plein jour,En agglomération,Hors intersection,Normale,Deux véhicules - arrière,,,,,,,,,,,1,2,1,1.0,2.0
201100045430,0011-02-08 09:30:00,11,2,8,9,30,920,4,R DU MAINE,48.904,2.28364,Plein jour,En agglomération,Hors intersection,Normale,Autre collision,,,,,,,,,,,1,2,1,1.0,6.0
201100045431,0011-02-08 18:35:00,11,2,8,18,35,920,4,CELY / GRESILLONS,48.9172,2.30749,Nuit avec éclairage allumé,En agglomération,Intersection en X,Normale,Deux véhicules - côté,,,,,,,,,,,5,2,2,1.0,3.0
201100045432,0011-02-09 16:20:00,11,2,9,16,20,920,4,COLOMBES / COMETE,48.9124,2.28484,Plein jour,En agglomération,Intersection en X,Normale,Autre collision,,,,,,,,,,,1,2,2,1.0,6.0
201100045433,0011-02-09 18:50:00,11,2,9,18,50,920,4,QU AULAGNIER,48.9154,2.31516,Nuit avec éclairage allumé,Hors agglomération,Hors intersection,Normale,Deux véhicules - arrière,,,,,,,,,,,5,1,1,1.0,2.0
201100045434,0011-02-12 16:20:00,11,2,12,16,20,920,9,R HENRY LITOLFF,48.9137,2.26151,Plein jour,En agglomération,Hors intersection,Pluie légère,Autre collision,,,,,,,,,,,1,2,1,2.0,6.0
201100045435,0011-02-15 22:05:00,11,2,15,22,5,920,4,CHATEAU / GALLIENI,48.9072,2.28841,Nuit avec éclairage allumé,En agglomération,Intersection en X,Normale,Deux véhicules - côté,,,,,,,,,,,5,2,2,1.0,3.0
201100045436,0011-02-22 10:05:00,11,2,22,10,5,920,4,ARGENTEUIL / VUITTON,48.9132,2.28402,Plein jour,En agglomération,Intersection en T,Normale,Deux véhicules - côté,,,,,,,,,,,1,2,3,1.0,3.0
201100045437,0011-02-28 09:05:00,11,2,28,9,5,920,4,AV DE LA REDOUTE,48.9302,2.28381,Plein jour,En agglomération,Hors intersection,Normale,Autre collision,,,,,,,,,,,1,2,1,1.0,6.0
201100045438,0011-03-03 13:00:00,11,3,3,13,0,920,4,DERVAUX / VOLTAIRE,48.911,2.29739,Plein jour,En agglomération,Intersection en X,Normale,Deux véhicules - côté,,,,,,,,,,,1,2,2,1.0,3.0
201100045439,0011-03-05 02:45:00,11,3,5,2,45,920,4,"64, AV DE LA MARNE",48.9091,2.28565,Nuit avec éclairage allumé,En agglomération,Hors intersection,Normale,Autre collision,,,,,,,,,,,5,2,1,1.0,6.0
201100045440,0011-03-14 17:35:00,11,3,14,17,35,920,4,ALBERT 1ER / COLOMBES,48.9137,2.28132,Plein jour,En agglomération,Intersection en X,Normale,Deux véhicules - côté,,,,,,,,,,,1,2,2,1.0,3.0
201100045441,0011-03-17 07:40:00,11,3,17,7,40,920,4,QU DU DOCTEUR DERVAUX,48.9093,2.29383,Crépuscule ou aube,En agglomération,Hors intersection,Temps couvert,Deux véhicules - côté,,,,,,,,,,,2,2,1,8.0,3.0
201100045442,0011-03-18 19:15:00,11,3,18,19,15,920,4,BD VOLTAIRE,48.9121,2.29649,Nuit avec éclairage allumé,En agglomération,Hors intersection,Pluie forte,Autre collision,,,,,,,,,,,5,2,1,3.0,6.0
201100045443,0011-03-19 17:15:00,11,3,19,17,15,920,4,"133, BAS ( RUE DES )",,,Plein jour,En agglomération,Giratoire,Normale,Deux véhicules - côté,,,,,,,,,,,1,2,6,1.0,3.0
201100045444,0011-03-20 05:05:00,11,3,20,5,5,920,9,L'EUROPE / MINIMES,48.9068,2.26137,Nuit avec éclairage allumé,En agglomération,Intersection en X,Normale,Deux véhicules - côté,,,,,,,,,,,5,2,2,1.0,3.0
201100045445,0011-03-20 18:10:00,11,3,20,18,10,920,9,"NS, PIERRE JOIGNEAU ( RU",,,Plein jour,En agglomération,Intersection en X,Normale,Deux véhicules - côté,,,,,,,,,,,1,2,2,1.0,3.0
201100045446,0011-03-20 19:10:00,11,3,20,19,10,920,4,"103, MARNE   ( AVENUE DE",,,Plein jour,En agglomération,Hors intersection,Normale,Deux véhicules - côté,,,,,,,,,,,1,2,1,1.0,3.0
201100045447,0011-03-20 16:35:00,11,3,20,16,35,920,4,"88, MENIL",,,Plein jour,En agglomération,Intersection en T,Normale,Autre collision,,,,,,,,,,,1,2,3,1.0,6.0
201100045448,0011-04-04 08:00:00,11,4,4,8,0,920,9,"8, R RAOUL NORDLING",48.9051,2.2642,Plein jour,En agglomération,Hors intersection,Normale,Deux véhicules - côté,,,,,,,,,,,1,2,1,1.0,3.0
201100045449,0011-04-08 17:30:00,11,4,8,17,30,920,4,"39, R ARMAND NUMES",48.9158,2.30545,Plein jour,En agglomération,Hors intersection,Normale,Autre collision,,,,,,,,,,,1,2,1,1.0,6.0
201100045450,0011-04-13 14:35:00,11,4,13,14,35,920,4,D'ARGENTEUIL / COMETE,48.9121,2.28479,Plein jour,En agglomération,Intersection en T,Normale,Deux véhicules - côté,,,,,,,,,,,1,2,3,1.0,3.0
201100045451,0011-04-18 12:15:00,11,4,18,12,15,920,4,R PIERRE BROSSOLETTE,48.911,2.29252,Plein jour,En agglomération,Hors intersection,Normale,Deux véhicules - côté,,,,,,,,,,,1,2,1,1.0,3.0
201100045452,0011-04-26 20:55:00,11,4,26,20,55,920,4,"143, AV D'ARGENTEUIL",48.917,2.28193,Plein jour,En agglomération,Hors intersection,Normale,Autre collision,,,,,,,,,,,1,2,1,1.0,6.0
201100045453,0011-04-27 15:10:00,11,4,27,15,10,920,4,R EDME PERIER,48.9112,2.28771,Plein jour,En agglomération,Hors intersection,Normale,Autre collision,,,,,,,,,,,1,2,1,1.0,6.0
201100045454,0011-05-01 12:30:00,11,5,1,12,30,920,4,VOLTAIRE / GUILLEMIN,48.9182,2.28373,Plein jour,En agglomération,Intersection en X,Normale,Deux véhicules - côté,,,,,,,,,,,1,2,2,1.0,3.0
201100045455,0011-05-03 21:30:00,11,5,3,21,30,920,4,VOLTAIRE / MENIL,48.9165,2.28924,Nuit avec éclairage allumé,En agglomération,Intersection en Y,Normale,Deux véhicules - côté,,,,,,,,,,,5,2,4,1.0,3.0
201100045456,0011-05-04 08:30:00,11,5,4,8,30,920,4,BOKANOWSKI / GALLIENI,48.908,2.2874,Plein jour,En agglomération,Intersection en X,Normale,Autre collision,,,,,,,,,,,1,2,2,1.0,6.0
201100045457,0011-05-05 08:30:00,11,5,5,8,30,920,4,ZOLA / ZOLA,48.9274,2.27573,Plein jour,En agglomération,Intersection en T,Normale,Deux véhicules - côté,,,,,,,,,,,1,2,3,1.0,3.0
201100045458,0011-05-05 20:35:00,11,5,5,20,35,920,4,"288, AV D'ARGENTEUIL",48.9237,2.27564,Plein jour,En agglomération,Hors intersection,Normale,Deux véhicules - côté,,,,,,,,,,,1,2,1,1.0,3.0
201100045459,0011-05-06 15:40:00,11,5,6,15,40,920,4,R LOUIS VION,48.912,2.29737,Plein jour,En agglomération,Hors intersection,Normale,Autre collision,,,,,,,,,,,1,2,1,1.0,6.0
201100045460,0011-05-07 20:30:00,11,5,7,20,30,920,9,REPUBLIQUE / TASSIGNY,48.9152,2.26816,Plein jour,En agglomération,Intersection en T,Normale,Autre collision,,,,,,,,,,,1,2,3,1.0,6.0
201100045461,0011-05-12 23:40:00,11,5,12,23,40,920,4,"75, R DES BAS",48.9194,2.28981,Nuit avec éclairage allumé,En agglomération,Hors intersection,Normale,Deux véhicules - côté,,,,,,,,,,,5,2,1,1.0,3.0
201100045462,0011-05-10 11:20:00,11,5,10,11,20,920,4,COLOMBES / BAC,48.9154,2.27712,Plein jour,En agglomération,Intersection à plus de 4 branches,Normale,Autre collision,,,,,,,,,,,1,2,5,1.0,6.0
201100045463,0011-05-12 09:10:00,11,5,12,9,10,920,4,D'ARGENTEUIL / D'ARC,48.9202,2.27941,Plein jour,En agglomération,Intersection en T,Normale,Deux véhicules - côté,,,,,,,,,,,1,2,3,1.0,3.0
201100045464,0011-05-13 19:05:00,11,5,13,19,5,920,4,QU DU DOCTEUR DERVAUX,48.908,2.2926,Plein jour,En agglomération,Hors intersection,Normale,Deux véhicules - côté,,,,,,,,,,,1,2,1,1.0,3.0
201100045465,0011-05-15 12:30:00,11,5,15,12,30,920,4,QU AULAGNIER,48.9148,2.31229,Plein jour,Hors agglomération,Hors intersection,Normale,Deux véhicules - côté,,,,,,,,,,,1,1,1,1.0,3.0
201100045466,0011-05-15 15:40:00,11,5,15,15,40,920,4,"20, R DU 18 JUIN 1940",48.931,2.27394,Plein jour,En agglomération,Hors intersection,Normale,Deux véhicules - côté,,,,,,,,,,,1,2,1,1.0,3.0
201100045467,0011-05-16 19:45:00,11,5,16,19,45,920,4,"291, AV D'ARGENTEUIL",48.925,2.27465,Plein jour,En agglomération,Hors intersection,Normale,Sans collision,,,,,,,,,,,1,2,1,1.0,7.0
201100045468,0011-05-17 17:40:00,11,5,17,17,40,920,4,"51, AV D'ARGENTEUIL",48.9121,2.28475,Plein jour,En agglomération,Hors intersection,Normale,Autre collision,,,,,,,,,,,1,2,1,1.0,6.0
201100045469,0011-05-17 21:55:00,11,5,17,21,55,920,4,"11, AV DES GRESILLONS",48.9131,2.29738,Nuit avec éclairage allumé,En agglomération,Hors intersection,Normale,Deux véhicules - frontale,,,,,,,,,,,5,2,1,1.0,1.0
201100045470,0011-05-19 16:30:00,11,5,19,16,30,920,4,"2 BIS, R DUSSAU",48.9155,2.29378,Plein jour,En agglomération,Hors intersection,Normale,Autre collision,,,,,,,,,,,1,2,1,1.0,6.0
201100045471,0011-05-19 19:15:00,11,5,19,19,15,920,4,"19, R DES BAS",48.9192,2.28998,Plein jour,En agglomération,Hors intersection,Normale,Sans collision,,,,,,,,,,,1,2,1,1.0,7.0
201100045472,0011-05-21 09:40:00,11,5,21,9,40,920,4,"108, R DE COLOMBES",48.9153,2.27726,Plein jour,En agglomération,Hors intersection,Normale,Autre collision,,,,,,,,,,,1,2,1,1.0,6.0
201100045473,0011-05-23 13:20:00,11,5,23,13,20,920,4,"11, R PIERRE BROSSOLETTE",48.9108,2.2913,Plein jour,En agglomération,Hors intersection,Normale,Deux véhicules - côté,,,,,,,,,,,1,2,1,1.0,3.0
201100045474,0011-05-24 17:45:00,11,5,24,17,45,920,4,BERNHARDT / GAST,48.9187,2.31729,Plein jour,En agglomération,Intersection en X,Normale,Deux véhicules - côté,,,,,,,,,,,1,2,2,1.0,3.0
201100045475,0011-05-25 16:50:00,11,5,25,16,50,920,4,LORRAINE / FAIDHERBE,48.9085,2.26895,Plein jour,En agglomération,Intersection en T,Normale,Autre collision,,,,,,,,,,,1,2,3,1.0,6.0
201100045476,0011-05-27 08:30:00,11,5,27,8,30,920,9,"117, R DU GENERAL LECLER",48.9181,2.2641,Plein jour,En agglomération,Hors intersection,Normale,Autre collision,,,,,,,,,,,1,2,1,1.0,6.0
201100045477,0011-05-29 08:05:00,11,5,29,8,5,920,4,GAULLE / VERDUN,48.9072,2.28586,Plein jour,En agglomération,Intersection en X,Normale,Deux véhicules - côté,,,,,,,,,,,1,2,2,1.0,3.0
201100045478,0011-05-30 12:30:00,11,5,30,12,30,920,4,BAS / L'AUMONE,48.9212,2.28748,Plein jour,En agglomération,Intersection en T,Normale,Autre collision,,,,,,,,,,,1,2,3,1.0,6.0
201100045479,0011-05-30 14:25:00,11,5,30,14,25,920,4,"1, R DU MENIL",48.9172,2.2885,Plein jour,En agglomération,Hors intersection,Normale,Deux véhicules - arrière,,,,,,,,,,,1,2,1,1.0,2.0
201100045480,0011-06-03 14:45:00,11,6,3,14,45,920,4,DERVAUX / AULAGNIER,48.9051,2.28808,Plein jour,En agglomération,Intersection à plus de 4 branches,Normale,Deux véhicules - côté,,,,,,,,,,,1,2,5,1.0,3.0
201100045481,0011-06-09 15:00:00,11,6,9,15,0,920,4,PARMENTIER / JEANNE,48.9085,2.27191,Plein jour,En agglomération,Intersection en X,Normale,Deux véhicules - côté,,,,,,,,,,,1,2,2,1.0,3.0
201100045482,0011-06-10 10:40:00,11,6,10,10,40,920,9,GAULLE / GUYOT,48.9194,2.27632,Plein jour,En agglomération,Intersection en X,Normale,Deux véhicules - côté,,,,,,,,,,,1,2,2,1.0,3.0
201100045483,0011-06-11 11:45:00,11,6,11,11,45,920,4,"352, AV D'ARGENTEUIL",48.9262,2.27375,Plein jour,En agglomération,Hors intersection,Normale,Deux véhicules - côté,,,,,,,,,,,1,2,1,1.0,3.0
201100045484,0011-06-14 15:55:00,11,6,14,15,55,920,4,D'ARGENTEUIL / MARNE,48.9096,2.28637,Plein jour,En agglomération,Intersection en X,Normale,Autre collision,,,,,,,,,,,1,2,2,1.0,6.0
201100045485,0011-06-18 06:15:00,11,6,18,6,15,920,4,AULAGNIER / CELY,48.9142,2.31023,Plein jour,En agglomération,Intersection en X,Normale,Trois véhicules et plus - collisions multiples,,,,,,,,,,,1,2,2,1.0,5.0
201100045486,0011-06-21 00:40:00,11,6,21,0,40,920,4,REDOUTE / LAVERGNE,48.9275,2.27535,Nuit avec éclairage allumé,En agglomération,Intersection en X,Normale,Autre collision,,,,,,,,,,,5,2,2,1.0,6.0
201100045487,0011-06-21 17:55:00,11,6,21,17,55,920,4,AV DE LA MARNE,48.9095,2.28627,Plein jour,En agglomération,Hors intersection,Normale,Deux véhicules - côté,,,,,,,,,,,1,2,1,1.0,3.0
201100045488,0011-06-24 19:40:00,11,6,24,19,40,920,4,ARGENTEUIL / ROUSSET,48.9213,2.27833,Plein jour,En agglomération,Intersection en T,Normale,Deux véhicules - côté,,,,,,,,,,,1,2,3,1.0,3.0
201100045489,0011-06-27 10:00:00,11,6,27,10,0,920,4,BROSSOLETTE / ROUSSEAU,48.9123,2.29541,Plein jour,En agglomération,Intersection en T,Normale,Deux véhicules - côté,,,,,,,,,,,1,2,3,1.0,3.0
201100045490,0011-07-01 17:40:00,11,7,1,17,40,920,4,"3, QU AULAGNIER",,,Plein jour,En agglomération,Hors intersection,Normale,Trois véhicules et plus - collisions multiples,,,,,,,,,,,1,2,1,1.0,5.0
201100045491,0011-07-05 08:30:00,11,7,5,8,30,920,4,"52, R PIERRE BROSSOLETTE",,,Plein jour,En agglomération,Hors intersection,Normale,Autre collision,,,,,,,,,,,1,2,1,1.0,6.0
201100045492,0011-07-06 19:00:00,11,7,6,19,0,920,4,COMETE / GILBERT,,,Plein jour,En agglomération,Intersection en X,Normale,Deux véhicules - arrière,,,,,,,,,,,1,2,2,1.0,2.0
201100045493,0011-07-07 00:25:00,11,7,7,0,25,920,4,VOLTAIRE / COMETE,,,Nuit avec éclairage allumé,En agglomération,Intersection en T,Normale,Deux véhicules - côté,,,,,,,,,,,5,2,3,1.0,3.0
201100045494,0011-07-08 09:15:00,11,7,8,9,15,920,9,"06, R DE BOIS COLOMBES",,,Plein jour,En agglomération,Hors intersection,Normale,Autre collision,,,,,,,,,,,1,2,1,1.0,6.0
201100045495,0011-07-16 20:15:00,11,7,16,20,15,920,4,PONT DE CLICHY,,,Plein jour,En agglomération,Hors intersection,Pluie forte,Deux véhicules - côté,,,,,,,,,,,1,2,1,3.0,3.0
201100045496,0011-07-16 07:45:00,11,7,16,7,45,920,4,AULAGNIER / CELY,,,Plein jour,En agglomération,Intersection en T,Normale,Trois véhicules et plus - en chaîne,,,,,,,,,,,1,2,3,1.0,4.0
201100045497,0011-07-19 17:55:00,11,7,19,17,55,920,4,QU DU DOCTEUR DERVAUX,,,Plein jour,En agglomération,Hors intersection,Pluie légère,Deux véhicules - côté,,,,,,,,,,,1,2,1,2.0,3.0
201100045498,0011-07-20 17:00:00,11,7,20,17,0,920,9,SARRE / SAZIERES,,,Plein jour,En agglomération,Intersection en T,Normale,Deux véhicules - côté,,,,,,,,,,,1,2,3,1.0,3.0
201100045499,0011-07-25 22:30:00,11,7,25,22,30,920,4,"41, AV DE LA MARNE",,,Nuit avec éclairage allumé,En agglomération,Hors intersection,Normale,Deux véhicules - côté,,,,,,,,,,,5,2,1,1.0,3.0
201100045500,0011-07-25 11:40:00,11,7,25,11,40,920,4,"5, R JEAN JAURES",,,Plein jour,En agglomération,Hors intersection,Normale,Deux véhicules - frontale,,,,,,,,,,,1,2,1,1.0,1.0
201100045501,0011-07-31 16:10:00,11,7,31,16,10,920,4,AULAGNIER / MODELE,,,Plein jour,En agglomération,Intersection en T,Normale,Deux véhicules - arrière,,,,,,,,,,,1,2,3,1.0,2.0
201100045502,0011-07-31 18:15:00,11,7,31,18,15,920,4,AULAGNIER / MODELE,,,Plein jour,Hors agglomération,Intersection en T,Normale,Deux véhicules - côté,,,,,,,,,,,1,1,3,1.0,3.0
201100045503,0011-08-11 07:45:00,11,8,11,7,45,920,4,VOLTAIRE  / BROSSOLETTE,,,Plein jour,En agglomération,Place,Normale,Deux véhicules - côté,,,,,,,,,,,1,2,7,1.0,3.0
201100045504,0011-08-11 08:00:00,11,8,11,8,0,920,9,R PIERRE JOIGNEAUX,,,Plein jour,En agglomération,Hors intersection,Normale,Deux véhicules - côté,,,,,,,,,,,1,2,1,1.0,3.0
201100045505,0011-08-18 20:05:00,11,8,18,20,5,920,4,R NEUVE DES MOURINOUX,,,Plein jour,En agglomération,Hors intersection,Normale,Autre collision,,,,,,,,,,,1,2,1,1.0,6.0
201100045506,0011-08-23 16:40:00,11,8,23,16,40,920,4,R PIERRE BROSSOLETTE,,,Plein jour,En agglomération,Hors intersection,Normale,Autre collision,,,,,,,,,,,1,2,1,1.0,6.0
201100045507,0011-08-24 17:40:00,11,8,24,17,40,920,4,MARNE / GALLIENI,,,Plein jour,En agglomération,Intersection en X,Normale,Deux véhicules - côté,,,,,,,,,,,1,2,2,1.0,3.0
201100045508,0011-08-25 14:30:00,11,8,25,14,30,920,4,DE GAULLE / DERVAUX,,,Plein jour,En agglomération,Intersection en X,Normale,Deux véhicules - côté,,,,,,,,,,,1,2,2,1.0,3.0
201100045509,0011-08-29 12:10:00,11,8,29,12,10,920,4,ARMAND / PALISSY,,,Plein jour,En agglomération,Intersection en T,Normale,Deux véhicules - côté,,,,,,,,,,,1,2,3,1.0,3.0
201100045510,0011-08-31 18:15:00,11,8,31,18,15,920,4,QU DU DOCTEUR DERVAUX,,,Plein jour,En agglomération,Hors intersection,Normale,Deux véhicules - arrière,,,,,,,,,,,1,2,1,1.0,2.0
201100045511,0011-09-12 19:15:00,11,9,12,19,15,920,9,"16, AV DES CHATAIGNIERS",,,Plein jour,En agglomération,Hors intersection,Normale,Autre collision,,,,,,,,,,,1,2,1,1.0,6.0
201100045512,0011-09-14 19:30:00,11,9,14,19,30,920,9,"01, R DES BONS ENFANTS",,,Plein jour,En agglomération,Hors intersection,Normale,Deux véhicules - côté,,,,,,,,,,,1,2,1,1.0,3.0
201100045513,0011-09-23 10:10:00,11,9,23,10,10,920,9,SARRE / GRAMME,,,Plein jour,En agglomération,Intersection en X,Normale,Deux véhicules - côté,,,,,,,,,,,1,2,2,1.0,3.0
201100045514,0011-09-28 17:30:00,11,9,28,17,30,920,4,"34, QU AULAGNIER",,,Plein jour,En agglomération,Hors intersection,Normale,Deux véhicules - arrière,,,,,,,,,,,1,2,1,1.0,2.0
201100045515,0011-09-29 09:45:00,11,9,29,9,45,920,4,BERGSON / GRESILLONS,,,Plein jour,En agglomération,Intersection en T,Normale,Deux véhicules - côté,,,,,,,,,,,1,2,3,1.0,3.0
201100045516,0011-09-29 13:15:00,11,9,29,13,15,920,4,"21, ALL DE LA REDOUTE",,,Plein jour,En agglomération,Hors intersection,Normale,Deux véhicules - arrière,,,,,,,,,,,1,2,1,1.0,2.0