accident_id,datetime,annee,mois,jour,heure,minute,departement,commune_insee,adresse,latitude,longitude,luminosite,agglomeration,intersection,meteo,collision,nb_vehicules,nb_usagers,nb_indemnes,nb_tues,nb_blesses_hosp,nb_blesses_legers,age_cond_1,age_cond_2,veh_type_cond_1,veh_type_cond_2,lum_code,agg_code,int_code,atm_code,col_code
201100045767,0011-12-23 19:50:00,11,12,23,19,50,920,12,"103, EDOUARD VAILLANT (A",,,Nuit avec éclairage allumé,En agglomération,Hors intersection,Pluie forte,Autre collision,,,,,,,,,,,5,2,1,3.0,6.0
201100045768,0011-12-30 19:15:00,11,12,30,19,15,920,12,"25, PIERRE GRENIER (AVEN",,,Nuit avec éclairage allumé,En agglomération,Intersection en X,Pluie légère,Deux véhicules - côté,,,,,,,,,,,5,2,2,2.0,3.0
201100045769,0011-01-03 19:00:00,11,1,3,19,0,920,19,"257, DIVISION LECLERC (A",,,Nuit avec éclairage allumé,En agglomération,Hors intersection,Normale,Trois véhicules et plus - collisions multiples,,,,,,,,,,,5,2,1,1.0,5.0
201100045770,0011-01-05 14:25:00,11,1,5,14,25,920,19,CHE DE LA JUSTICE,48.7666,2.25819,Plein jour,En agglomération,Hors intersection,Normale,Autre collision,,,,,,,,,,,1,2,1,1.0,6.0
201100045771,0011-01-09 10:20:00,11,1,9,10,20,920,19,"A86, BRETELLE DE SORTIE",48.773,2.24133,Plein jour,Hors agglomération,Hors intersection,Normale,Deux véhicules - arrière,,,,,,,,,,,1,1,1,1.0,2.0
201100045772,0011-01-12 11:40:00,11,1,12,11,40,920,19,LECLERC / APPERT,48.7662,2.25547,Plein jour,En agglomération,Intersection en T,Normale,Deux véhicules - côté,,,,,,,,,,,1,2,3,1.0,3.0
201100045773,0011-01-20 16:30:00,11,1,20,16,30,920,19,"250, AV DE LA DIVISION L",48.7643,2.26938,Plein jour,En agglomération,Hors intersection,Normale,Autre collision,,,,,,,,,,,1,2,1,1.0,6.0
201100045774,0011-01-21 09:20:00,11,1,21,9,20,920,19,"251, AV DE LA DIVISION L",48.7648,2.26537,Plein jour,Hors agglomération,Hors intersection,Normale,Deux véhicules - côté,,,,,,,,,,,1,1,1,1.0,3.0
201100045775,0011-02-04 18:55:00,11,2,4,18,55,920,19,DIVISION LECLERC,48.7643,2.26949,Nuit avec éclairage allumé,En agglomération,Hors intersection,Normale,Autre collision,,,,,,,,,,,5,2,1,1.0,6.0
201100045776,0011-02-07 16:55:00,11,2,7,16,55,920,19,AV DE LA DIVISION LECLER,48.7636,2.27436,Plein jour,En agglomération,Hors intersection,Temps éblouissant,Deux véhicules - côté,,,,,,,,,,,1,2,1,7.0,3.0
201100045777,0011-02-09 09:10:00,11,2,9,9,10,920,19,4 FUSILLES / BOIS,48.7731,2.25648,Plein jour,En agglomération,Intersection en X,Pluie légère,Deux véhicules - côté,,,,,,,,,,,1,2,2,2.0,3.0
201100045778,0011-02-10 18:30:00,11,2,10,18,30,920,71,"75, BOUR5G LA REINE (AVE",,,Crépuscule ou aube,En agglomération,Hors intersection,Normale,Deux véhicules - côté,,,,,,,,,,,2,2,1,1.0,3.0
201100045779,0011-02-11 13:35:00,11,2,11,13,35,920,32,PERRIN / VILLON,48.7845,2.29607,Plein jour,En agglomération,Intersection en T,Normale,Autre collision,,,,,,,,,,,1,2,3,1.0,6.0
201100045780,0011-02-21 08:20:00,11,2,21,8,20,920,19,AV DE LA DIVISION LECLER,48.7698,2.24907,Plein jour,En agglomération,Hors intersection,Normale,Deux véhicules - côté,,,,,,,,,,,1,2,1,1.0,3.0
201100045781,0011-02-26 13:30:00,11,2,26,13,30,920,71,AV JULES GUESDE,48.7803,2.28057,Plein jour,En agglomération,Hors intersection,Normale,Deux véhicules - côté,,,,,,,,,,,1,2,1,1.0,3.0
201100045782,0011-03-13 09:45:00,11,3,13,9,45,920,71,AV DE BOURG LA REINE,48.7849,2.30854,Plein jour,En agglomération,Hors intersection,Normale,Trois véhicules et plus - collisions multiples,,,,,,,,,,,1,2,1,1.0,5.0
201100045783,0011-03-22 18:35:00,11,3,22,18,35,920,19,DIV LECLERC / APPERT,48.7662,2.25547,Plein jour,En agglomération,Intersection en T,Normale,Sans collision,,,,,,,,,,,1,2,3,1.0,7.0
201100045784,0011-03-25 12:00:00,11,3,25,12,0,920,19,AV DE LA DIVISION LECLER,48.763,2.27851,Plein jour,En agglomération,Hors intersection,Normale,Deux véhicules - côté,,,,,,,,,,,1,2,1,1.0,3.0
201100045785,0011-04-12 10:50:00,11,4,12,10,50,920,19,VOLTAIRE / DE GAULLE,48.7725,2.25134,Plein jour,En agglomération,Intersection en T,Normale,Deux véhicules - côté,,,,,,,,,,,1,2,3,1.0,3.0
201100045786,0011-04-27 09:15:00,11,4,27,9,15,920,19,LECLERC / NOVEMBRE 1918,48.7705,2.2479,Plein jour,En agglomération,Giratoire,Normale,Sans collision,,,,,,,,,,,1,2,6,1.0,7.0
201100045787,0011-04-29 12:00:00,11,4,29,12,0,920,19,"127, AV DE LA DIVISION L",48.7645,2.26751,Plein jour,En agglomération,Hors intersection,Normale,Autre collision,,,,,,,,,,,1,2,1,1.0,6.0
201100045788,0011-04-29 15:50:00,11,4,29,15,50,920,71,"27, HOUDAN (RUE)",,,Plein jour,En agglomération,Hors intersection,Normale,Autre collision,,,,,,,,,,,1,2,1,1.0,6.0
201100045789,0011-05-01 19:10:00,11,5,1,19,10,920,19,"193, AV DE LA DIVISION L",48.7635,2.27475,Plein jour,En agglomération,Hors intersection,Normale,Deux véhicules - côté,,,,,,,,,,,1,2,1,1.0,3.0
201100045790,0011-05-01 13:00:00,11,5,1,13,0,920,71,"1, ALL D'HONNEUR",48.7758,2.3095,Plein jour,En agglomération,Hors intersection,Normale,Deux véhicules - arrière,,,,,,,,,,,1,2,1,1.0,2.0
201100045791,0011-05-12 20:00:00,11,5,12,20,0,920,32,"9, AV JEAN MOULIN",48.7879,2.28781,Plein jour,En agglomération,Hors intersection,Normale,Deux véhicules - arrière,,,,,,,,,,,1,2,1,1.0,2.0
201100045792,0011-05-20 22:35:00,11,5,20,22,35,920,19,SALENGRO / VERDUN,48.7651,2.2722,Nuit avec éclairage allumé,En agglomération,Intersection en T,Normale,Deux véhicules - côté,,,,,,,,,,,5,2,3,1.0,3.0
201100045793,0011-05-25 14:30:00,11,5,25,14,30,920,71,"154, AV DU GENERAL LECLE",48.773,2.31264,Plein jour,En agglomération,Hors intersection,Normale,Deux véhicules - côté,,,,,,,,,,,1,2,1,1.0,3.0
201100045794,0011-05-29 07:35:00,11,5,29,7,35,920,71,"8, AV CAUCHY",48.7762,2.28868,Plein jour,En agglomération,Hors intersection,Normale,Autre collision,,,,,,,,,,,1,2,1,1.0,6.0
201100045795,0011-05-31 18:00:00,11,5,31,18,0,920,19,ALLENDE / LECLERC,48.7639,2.27202,Plein jour,En agglomération,Giratoire,Normale,Deux véhicules - côté,,,,,,,,,,,1,2,6,1.0,3.0
201100045796,0011-06-06 09:50:00,11,6,6,9,50,920,19,R DE SACLAY,48.7615,2.28109,Plein jour,En agglomération,Hors intersection,Normale,Autre collision,,,,,,,,,,,1,2,1,1.0,6.0
201100045797,0011-06-15 18:10:00,11,6,15,18,10,920,71,AV ALPHONSE CHERRIER,48.7741,2.28769,Plein jour,En agglomération,Intersection en T,Normale,Sans collision,,,,,,,,,,,1,2,3,1.0,7.0
201100045798,0011-06-16 18:30:00,11,6,16,18,30,920,32,DOLIVET,48.7944,2.29126,Plein jour,En agglomération,Hors intersection,Normale,Autre collision,,,,,,,,,,,1,2,1,1.0,6.0
201100045799,0011-06-26 20:20:00,11,6,26,20,20,920,19,AV ALBERT THOMAS,48.7638,2.25939,Plein jour,En agglomération,Hors intersection,Normale,Sans collision,,,,,,,,,,,1,2,1,1.0,7.0
201100045800,0011-08-05 23:40:00,11,8,5,23,40,920,19,LECLERC / MARTINE,,,Nuit avec éclairage allumé,En agglomération,Intersection en X,Normale,Deux véhicules - côté,,,,,,,,,,,5,2,2,1.0,3.0
201100045801,0011-08-07 12:05:00,11,8,7,12,5,920,19,AV DE LA DIVISION LECLER,,,Plein jour,En agglomération,Hors intersection,Normale,Trois véhicules et plus - en chaîne,,,,,,,,,,,1,2,1,1.0,4.0
201100045802,0011-08-16 19:00:00,11,8,16,19,0,920,19,LONGUET / VARLIN,,,Plein jour,En agglomération,Giratoire,Normale,Deux véhicules - côté,,,,,,,,,,,1,2,6,1.0,3.0
201100045803,0011-08-17 10:40:00,11,8,17,10,40,920,19,D'ORVES / VERRIERES,,,Plein jour,En agglomération,Intersection en X,Normale,Deux véhicules - côté,,,,,,,,,,,1,2,2,1.0,3.0
201100045804,0011-08-24 16:00:00,11,8,24,16,0,920,32,PETIT / BOUCICAUT,,,Plein jour,En agglomération,Intersection en X,Normale,Autre collision,,,,,,,,,,,1,2,2,1.0,6.0
201100045805,0011-09-02 17:25:00,11,9,2,17,25,920,71,"122, R HOUDAN",,,Plein jour,En agglomération,Hors intersection,Normale,Autre collision,,,,,,,,,,,1,2,1,1.0,6.0
201100045806,0011-09-03 19:00:00,11,9,3,19,0,920,19,LECLERC / PERDUE,,,Plein jour,En agglomération,Intersection en T,Normale,Deux véhicules - côté,,,,,,,,,,,1,2,3,1.0,3.0
201100045807,0011-09-08 17:15:00,11,9,8,17,15,920,71,"130, R HOUDAN",,,Plein jour,En agglomération,Hors intersection,Normale,Autre collision,,,,,,,,,,,1,2,1,1.0,6.0
201100045808,0011-09-16 15:35:00,11,9,16,15,35,920,19,AV DE LA DIVISION LECLER,,,Plein jour,En agglomération,Hors intersection,Normale,Deux véhicules - arrière,,,,,,,,,,,1,2,1,1.0,2.0
201100045809,0011-09-19 13:00:00,11,9,19,13,0,920,19,AV DE LA DIVISION LECLER,,,Plein jour,En agglomération,Hors intersection,Normale,Deux véhicules - côté,,,,,,,,,,,1,2,1,1.0,3.0
201100045810,0011-09-24 12:45:00,11,9,24,12,45,920,32,"28, FOCH / BENARDS",,,Plein jour,En agglomération,Intersection en X,Normale,Deux véhicules - côté,,,,,,,,,,,1,2,2,1.0,3.0
201100045811,0011-09-25 19:30:00,11,9,25,19,30,920,71,"107, R HOUDAN",,,Plein jour,En agglomération,Hors intersection,Normale,Deux véhicules - arrière,,,,,,,,,,,1,2,1,1.0,2.0
201100045812,0011-10-01 11:10:00,11,10,1,11,10,920,71,"9, ALL DE TREVISE",,,Plein jour,Hors agglomération,Hors intersection,Normale,Autre collision,,,,,,,,,,,1,1,1,1.0,6.0
201100045813,0011-10-02 04:00:00,11,10,2,4,0,920,19,"440, AV DE LA DIVISION L",,,Nuit avec éclairage allumé,En agglomération,Hors intersection,Normale,Deux véhicules - côté,,,,,,,,,,,5,2,1,1.0,3.0
201100045814,0011-10-12 07:00:00,11,10,12,7,0,920,19,"03, CHE DU LOUP PENDU",,,Crépuscule ou aube,En agglomération,Hors intersection,Normale,Autre collision,,,,,,,,,,,2,2,1,1.0,6.0
201100045815,0011-10-16 06:00:00,11,10,16,6,0,920,71,HONNEUR / TREVISE,,,Nuit avec éclairage allumé,En agglomération,Intersection en T,Normale,Deux véhicules - arrière,,,,,,,,,,,5,2,3,1.0,2.0
201100045816,0011-10-20 13:30:00,11,10,20,13,30,920,71,"122, R HOUDAN",,,Plein jour,En agglomération,Hors intersection,Normale,Deux véhicules - côté,,,,,,,,,,,1,2,1,1.0,3.0
201100045817,0011-10-21 17:25:00,11,10,21,17,25,920,32,LOMBARD / ISIDORE,,,Plein jour,En agglomération,Intersection en T,Normale,Autre collision,,,,,,,,,,,1,2,3,1.0,6.0
201100045818,0011-10-21 18:00:00,11,10,21,18,0,920,19,"6, R LAMARTINE",,,Plein jour,En agglomération,Hors intersection,Normale,Autre collision,,,,,,,,,,,1,2,1,1.0,6.0
201100045819,0011-10-24 09:05:00,11,10,24,9,5,920,19,"7, AV DE LA DIVISION LEC",,,Plein jour,En agglomération,Hors intersection,Brouillard / fumée,Autre collision,,,,,,,,,,,1,2,1,5.0,6.0
201100045820,0011-10-28 21:45:00,11,10,28,21,45,920,19,CHEMINS / ROBINSON,,,Nuit avec éclairage allumé,En agglomération,Intersection en X,Normale,Deux véhicules - côté,,,,,,,,,,,5,2,2,1.0,3.0
201100045821,0011-10-30 23:00:00,11,10,30,23,0,920,32,"7, AV JEANNE ET MAURICE",,,Nuit avec éclairage allumé,En agglomération,Hors intersection,Normale,Deux véhicules - arrière,,,,,,,,,,,5,2,1,1.0,2.0
201100045822,0011-11-06 00:30:00,11,11,6,0,30,920,32,LECLERC / LECLERC,,,Nuit avec éclairage allumé,En agglomération,Intersection en X,Normale,Deux véhicules - côté,,,,,,,,,,,5,2,2,1.0,3.0
201100045823,0011-11-07 08:12:00,11,11,7,8,12,920,19,"3, VOI PERDUE",,,Plein jour,En agglomération,Hors intersection,Normale,Autre collision,,,,,,,,,,,1,2,1,1.0,6.0
201100045824,0011-11-08 12:45:00,11,11,8,12,45,920,32,AV JEAN PERRIN,,,Plein jour,En agglomération,Hors intersection,Pluie légère,Deux véhicules - arrière,,,,,,,,,,,1,2,1,2.0,2.0
201100045825,0011-12-12 13:40:00,11,12,12,13,40,920,71,"35, PLESSIS (AVENUE DU)",,,Plein jour,En agglomération,Hors intersection,Normale,Autre collision,,,,,,,,,,,1,2,1,1.0,6.0
201100045826,0011-12-14 08:50:00,11,12,14,8,50,920,32,"20, DOLIVET J ET M (AVEN",,,Plein jour,En agglomération,Hors intersection,Pluie légère,Deux véhicules - côté,,,,,,,,,,,1,2,1,2.0,3.0
201100045827,0011-12-19 21:15:00,11,12,19,21,15,920,71,"196, HOUDAN (RUE)",,,Nuit avec éclairage allumé,En agglomération,Hors intersection,Pluie forte,Deux véhicules - côté,,,,,,,,,,,5,2,1,3.0,3.0
201100045828,0011-12-27 10:45:00,11,12,27,10,45,920,19,FAYO VINCENT (RUE),,,Plein jour,En agglomération,Intersection en X,Normale,Autre collision,,,,,,,,,,,1,2,2,1.0,6.0
201100045829,0011-01-08 19:30:00,11,1,8,19,30,920,23,AV DU PETIT CLAMART,48.779,2.22633,Nuit sans éclairage public,En agglomération,Hors intersection,Pluie légère,Autre collision,,,,,,,,,,,3,2,1,2.0,6.0
201100045830,0011-01-07 11:50:00,11,1,7,11,50,920,23,"192, AV DU GENERAL DE GA",48.7889,2.25999,Plein jour,En agglomération,Hors intersection,Pluie légère,Autre collision,,,,,,,,,,,1,2,1,2.0,6.0
201100045831,0011-01-08 22:10:00,11,1,8,22,10,920,23,FLEURY / CALMETTE,48.8137,2.27015,Nuit avec éclairage allumé,En agglomération,Intersection en X,Pluie forte,Deux véhicules - côté,,,,,,,,,,,5,2,2,3.0,3.0
201100045832,0011-01-10 18:00:00,11,1,10,18,0,920,60,RESISTANCE / L'ETANG,48.7836,2.27083,Nuit avec éclairage allumé,En agglomération,Intersection en X,Normale,Autre collision,,,,,,,,,,,5,2,2,1.0,6.0
201100045833,0011-01-16 14:50:00,11,1,16,14,50,920,23,TRIVAUX / BLANC,48.7848,2.23796,Plein jour,En agglomération,Intersection en X,Normale,Deux véhicules - côté,,,,,,,,,,,1,2,2,1.0,3.0
201100045834,0011-01-21 09:42:00,11,1,21,9,42,920,23,TRIVAUX / AUBEPINES,48.7902,2.25474,Plein jour,En agglomération,Intersection en T,Normale,Deux véhicules - côté,,,,,,,,,,,1,2,3,1.0,3.0
201100045835,0011-01-27 12:35:00,11,1,27,12,35,920,60,LECLERC / RESISTANCE,48.7834,2.26881,Plein jour,En agglomération,Intersection en X,Normale,Autre collision,,,,,,,,,,,1,2,2,1.0,6.0
201100045836,0011-01-31 18:20:00,11,1,31,18,20,920,60,CARREAU / LIBERATION,48.7777,2.25464,Nuit avec éclairage allumé,En agglomération,Intersection en X,Normale,Autre collision,,,,,,,,,,,5,2,2,1.0,6.0
201100045837,0011-02-01 16:20:00,11,2,1,16,20,920,23,AV DU GENERAL DE GAULLE,48.7823,2.2438,Plein jour,En agglomération,Hors intersection,Normale,Trois véhicules et plus - collisions multiples,,,,,,,,,,,1,2,1,1.0,5.0
201100045838,0011-02-01 17:50:00,11,2,1,17,50,920,23,AV DU GENERAL DE GAULLE,48.7938,2.27155,Nuit avec éclairage allumé,En agglomération,Giratoire,Normale,Deux véhicules - frontale,,,,,,,,,,,5,2,6,1.0,1.0
201100045839,0011-02-04 08:42:00,11,2,4,8,42,920,60,AV EDOUARD HERRIOT,48.7822,2.2538,Plein jour,En agglomération,Hors intersection,Normale,Deux véhicules - côté,,,,,,,,,,,1,2,1,1.0,3.0
201100045840,0011-02-03 20:15:00,11,2,3,20,15,920,60,LANGEVIN / DESCARTES,48.7764,2.24989,Nuit avec éclairage allumé,En agglomération,Intersection en T,Normale,Deux véhicules - frontale,,,,,,,,,,,5,2,3,1.0,1.0
201100045841,0011-03-04 10:45:00,11,3,4,10,45,920,23,"247, QU DU PRESIDENT CAR",48.8132,2.27177,Plein jour,En agglomération,Hors intersection,Normale,Autre collision,,,,,,,,,,,1,2,1,1.0,6.0
201100045842,0011-03-09 08:20:00,11,3,9,8,20,920,23,FICHET / BOURCILLIERE,48.7812,2.2351,Plein jour,En agglomération,Intersection en X,Normale,Deux véhicules - côté,,,,,,,,,,,1,2,2,1.0,3.0
201100045843,0011-03-10 17:50:00,11,3,10,17,50,920,23,"146, AV JEAN JAURES",48.8087,2.26852,Crépuscule ou aube,En agglomération,Hors intersection,Normale,Autre collision,,,,,,,,,,,2,2,1,1.0,6.0
201100045844,0011-03-11 16:25:00,11,3,11,16,25,920,60,R PAUL RIVET,48.7842,2.25878,Plein jour,En agglomération,Hors intersection,Normale,Autre collision,,,,,,,,,,,1,2,1,1.0,6.0
201100045845,0011-03-11 16:35:00,11,3,11,16,35,920,23,"05, R PAUL VAILLANT COUT",48.8016,2.26629,Plein jour,En agglomération,Hors intersection,Normale,Deux véhicules - côté,,,,,,,,,,,1,2,1,1.0,3.0
201100045846,0011-03-13 14:20:00,11,3,13,14,20,920,23,AV DU GENERAL DE GAULLE,48.7871,2.2556,Plein jour,En agglomération,Hors intersection,Normale,Deux véhicules - côté,,,,,,,,,,,1,2,1,1.0,3.0
201100045847,0011-03-14 17:00:00,11,3,14,17,0,920,23,AV HENRI BARBUSSE,48.8119,2.25812,Plein jour,En agglomération,Hors intersection,Normale,Autre collision,,,,,,,,,,,1,2,1,1.0,6.0
201100045848,0011-03-15 00:55:00,11,3,15,0,55,920,23,POMPIDOU / PAVE BLANC,48.7854,2.2378,Nuit avec éclairage allumé,En agglomération,Intersection en X,Normale,Deux véhicules - côté,,,,,,,,,,,5,2,2,1.0,3.0
201100045849,0011-03-21 09:10:00,11,3,21,9,10,920,60,LA BOURSIDIERE,48.7745,2.23977,Plein jour,Hors agglomération,Hors intersection,Normale,Deux véhicules - arrière,,,,,,,,,,,1,1,1,1.0,2.0
201100045850,0011-03-22 14:15:00,11,3,22,14,15,920,23,VOLTAIRE / REPUBLIQUE,48.7814,2.23737,Plein jour,En agglomération,Intersection en X,Normale,Autre collision,,,,,,,,,,,1,2,2,1.0,6.0
201100045851,0011-03-23 17:45:00,11,3,23,17,45,920,23,RTE DU PAVE BLANC,48.7871,2.23736,Plein jour,En agglomération,Hors intersection,Normale,Deux véhicules - côté,,,,,,,,,,,1,2,1,1.0,3.0
201100045852,0011-03-24 09:30:00,11,3,24,9,30,920,23,D'ORVES / TROSY,48.8046,2.26454,Plein jour,En agglomération,Intersection en X,Normale,Autre collision,,,,,,,,,,,1,2,2,1.0,6.0
201100045853,0011-03-24 18:45:00,11,3,24,18,45,920,23,FLEURY / BRISSARD,48.8134,2.26706,Plein jour,En agglomération,Intersection en X,Normale,Deux véhicules - frontale,,,,,,,,,,,1,2,2,1.0,1.0
201100045854,0011-03-29 09:35:00,11,3,29,9,35,920,60,AV PAUL LANGEVIN,48.7811,2.25271,Plein jour,En agglomération,Hors intersection,Normale,Deux véhicules - arrière,,,,,,,,,,,1,2,1,1.0,2.0
201100045855,0011-03-29 16:45:00,11,3,29,16,45,920,23,AV DU GENERAL DE GAULLE,48.7902,2.26306,Plein jour,En agglomération,Hors intersection,Pluie légère,Deux véhicules - côté,,,,,,,,,,,1,2,1,2.0,3.0
201100045856,0011-03-31 09:54:00,11,3,31,9,54,920,23,VIGOUROUX / HEBERT,48.8126,2.27294,Plein jour,En agglomération,Intersection à plus de 4 branches,Pluie légère,Autre collision,,,,,,,,,,,1,2,5,2.0,6.0
201100045857,0011-04-04 18:00:00,11,4,4,18,0,920,23,TRIVAUX / EPIS D'OR,48.79,2.25399,Plein jour,En agglomération,Intersection en T,Normale,Deux véhicules - côté,,,,,,,,,,,1,2,3,1.0,3.0
201100045858,0011-04-06 14:45:00,11,4,6,14,45,920,23,"92, AV VICTOR HUGO",48.8079,2.27086,Plein jour,En agglomération,Hors intersection,Normale,Autre collision,,,,,,,,,,,1,2,1,1.0,6.0
201100045859,0011-04-08 18:00:00,11,4,8,18,0,920,23,"43, AV HENRI BARBUSSE",48.8095,2.25853,Plein jour,En agglomération,Hors intersection,Normale,Autre collision,,,,,,,,,,,1,2,1,1.0,6.0
201100045860,0011-04-11 10:15:00,11,4,11,10,15,920,23,BARBUSSE / FLEURY,48.8111,2.25826,Plein jour,En agglomération,Intersection en X,Normale,Deux véhicules - côté,,,,,,,,,,,1,2,2,1.0,3.0
201100045861,0011-04-14 19:00:00,11,4,14,19,0,920,23,R DE LA PORTE DE TRIVAUX,48.7892,2.25163,Plein jour,En agglomération,Hors intersection,Normale,Deux véhicules - arrière,,,,,,,,,,,1,2,1,1.0,2.0
201100045862,0011-04-16 20:35:00,11,4,16,20,35,920,60,ETANG / FONTENAY,48.7854,2.26982,Crépuscule ou aube,En agglomération,Intersection en X,Normale,Deux véhicules - côté,,,,,,,,,,,2,2,2,1.0,3.0
201100045863,0011-04-21 08:58:00,11,4,21,8,58,920,23,AV DU GENERAL DE GAULLE,48.7894,2.26118,Plein jour,En agglomération,Hors intersection,Normale,Deux véhicules - arrière,,,,,,,,,,,1,2,1,1.0,2.0
201100045864,0011-04-23 10:15:00,11,4,23,10,15,920,23,R ANDREAS BECK,48.787,2.25213,Plein jour,En agglomération,Hors intersection,Normale,Deux véhicules - arrière,,,,,,,,,,,1,2,1,1.0,2.0
201100045865,0011-04-26 08:05:00,11,4,26,8,5,920,23,"299, AV DU GENERAL DE GA",48.7853,2.2511,Plein jour,En agglomération,Hors intersection,Normale,Deux véhicules - côté,,,,,,,,,,,1,2,1,1.0,3.0
201100045866,0011-04-28 12:15:00,11,4,28,12,15,920,23,"13, R LIEUTENANT RAOUL B",48.8155,2.25379,Plein jour,En agglomération,Hors intersection,Temps couvert,Deux véhicules - arrière,,,,,,,,,,,1,2,1,8.0,2.0
201100045867,0011-05-01 11:35:00,11,5,1,11,35,920,60,LIBERATION / LOUP PENDU,,,Plein jour,En agglomération,Intersection en X,Normale,Autre collision,,,,,,,,,,,1,2,2,1.0,6.0
201100045868,0011-05-05 08:15:00,11,5,5,8,15,920,60,"97, AV EDOUARD HERRIOT",48.7824,2.25039,Plein jour,En agglomération,Hors intersection,Normale,Deux véhicules - arrière,,,,,,,,,,,1,2,1,1.0,2.0
201100045869,0011-05-14 10:55:00,11,5,14,10,55,920,23,L'EGLISE / FERRARI,48.7991,2.26255,Plein jour,En agglomération,Intersection en T,Normale,Autre collision,,,,,,,,,,,1,2,3,1.0,6.0
201100045870,0011-05-16 11:40:00,11,5,16,11,40,920,23,"1, R DE CHATILLON",48.8014,2.26757,Plein jour,En agglomération,Hors intersection,Normale,Deux véhicules - côté,,,,,,,,,,,1,2,1,1.0,3.0
201100045871,0011-05-19 15:00:00,11,5,19,15,0,920,23,"179, R DE LA PORTE DE TR",48.7868,2.24522,Plein jour,En agglomération,Hors intersection,Normale,Autre collision,,,,,,,,,,,1,2,1,1.0,6.0
201100045872,0011-05-21 10:10:00,11,5,21,10,10,920,23,"6, AV CLAUDE TREBIGNAUD",48.7953,2.25239,Plein jour,En agglomération,Hors intersection,Normale,Deux véhicules - côté,,,,,,,,,,,1,2,1,1.0,3.0
201100045873,0011-05-24 08:55:00,11,5,24,8,55,920,23,CAR DU 8 MAI 1945,48.7915,2.26286,Plein jour,En agglomération,Hors intersection,Normale,Deux véhicules - côté,,,,,,,,,,,1,2,1,1.0,3.0
201100045874,0011-05-26 19:30:00,11,5,26,19,30,920,23,TRIVAUX / CHAMPAGNE,48.7885,2.24987,Plein jour,En agglomération,Intersection en T,Normale,Deux véhicules - côté,,,,,,,,,,,1,2,3,1.0,3.0
201100045875,0011-05-27 17:20:00,11,5,27,17,20,920,23,GARDE / MEUDON,48.8034,2.25729,Plein jour,En agglomération,Giratoire,Normale,Deux véhicules - côté,,,,,,,,,,,1,2,6,1.0,3.0
201100045876,0011-06-07 09:30:00,11,6,7,9,30,920,60,"49, AV RAYMOND CROLAND",48.7852,2.27753,Plein jour,En agglomération,Hors intersection,Normale,Deux véhicules - côté,,,,,,,,,,,1,2,1,1.0,3.0
201100045877,0011-06-08 13:30:00,11,6,8,13,30,920,23,"279, AV DU GENERAL DE GA",48.7856,2.25201,Plein jour,En agglomération,Hors intersection,Normale,Deux véhicules - côté,,,,,,,,,,,1,2,1,1.0,3.0
201100045878,0011-06-15 07:05:00,11,6,15,7,5,920,23,TRIVAUX / D'OR,48.79,2.25399,Plein jour,En agglomération,Intersection en T,Normale,Deux véhicules - côté,,,,,,,,,,,1,2,3,1.0,3.0
201100045879,0011-06-17 23:10:00,11,6,17,23,10,920,60,LANGEVIN / HERRIOT,48.7822,2.25308,Nuit avec éclairage allumé,En agglomération,Intersection en X,Vent fort / tempête,Deux véhicules - côté,,,,,,,,,,,5,2,2,6.0,3.0
201100045880,0011-06-25 13:15:00,11,6,25,13,15,920,23,GARENNE / BOSQUETS,48.7792,2.2285,Plein jour,En agglomération,Intersection en X,Normale,Deux véhicules - côté,,,,,,,,,,,1,2,2,1.0,3.0
201100045881,0011-06-28 08:00:00,11,6,28,8,0,920,23,HEBERT / GARREMENTS,48.8116,2.27515,Plein jour,En agglomération,Intersection en X,Normale,Deux véhicules - côté,,,,,,,,,,,1,2,2,1.0,3.0
201100045882,0011-06-30 07:15:00,11,6,30,7,15,920,23,"361, AV DU GENERAL DE GA",48.781,2.24051,Plein jour,En agglomération,Hors intersection,Normale,Deux véhicules - arrière,,,,,,,,,,,1,2,1,1.0,2.0
201100045883,0011-07-11 00:45:00,11,7,11,0,45,920,23,"13, R HEBERT",,,Nuit avec éclairage allumé,En agglomération,Hors intersection,Normale,Sans collision,,,,,,,,,,,5,2,1,1.0,7.0
201100045884,0011-07-11 09:05:00,11,7,11,9,5,920,60,"17, AV GALILEE",,,Plein jour,En agglomération,Hors intersection,Normale,Deux véhicules - côté,,,,,,,,,,,1,2,1,1.0,3.0
201100045885,0011-07-18 10:20:00,11,7,18,10,20,920,23,AV DU GENERAL DE GAULLE,,,Plein jour,En agglomération,Hors intersection,Normale,Deux véhicules - arrière,,,,,,,,,,,1,2,1,1.0,2.0
201100045886,0011-07-20 16:35:00,11,7,20,16,35,920,23,DEBRY / GAITE,,,Plein jour,En agglomération,Intersection en X,Pluie légère,Deux véhicules - côté,,,,,,,,,,,1,2,2,2.0,3.0
201100045887,0011-07-22 19:00:00,11,7,22,19,0,920,23,"09, RTE DE LA GARENNE",,,Plein jour,En agglomération,Hors intersection,Normale,Autre collision,,,,,,,,,,,1,2,1,1.0,6.0
201100045888,0011-07-27 18:55:00,11,7,27,18,55,920,60,"70, AV CHARLES DE GAULLE",,,Plein jour,En agglomération,Hors intersection,Normale,Deux véhicules - arrière,,,,,,,,,,,1,2,1,1.0,2.0
201100045889,0011-07-27 23:45:00,11,7,27,23,45,920,23,R DE VERSAILLES,,,Nuit sans éclairage public,En agglomération,Hors intersection,Normale,Sans collision,,,,,,,,,,,3,2,1,1.0,7.0