accident_id,datetime,annee,mois,jour,heure,minute,departement,commune_insee,adresse,latitude,longitude,luminosite,agglomeration,intersection,meteo,collision,nb_vehicules,nb_usagers,nb_indemnes,nb_tues,nb_blesses_hosp,nb_blesses_legers,age_cond_1,age_cond_2,veh_type_cond_1,veh_type_cond_2,lum_code,agg_code,int_code,atm_code,col_code
201100045890,0011-08-18 07:40:00,11,8,18,7,40,920,23,CLEMENT / TRIVAUX,,,Plein jour,En agglomération,Intersection en Y,Normale,Deux véhicules - côté,,,,,,,,,,,1,2,4,1.0,3.0
201100045891,0011-08-19 21:25:00,11,8,19,21,25,920,60,ABRICOTIERS / CERISIERS,,,Nuit avec éclairage allumé,En agglomération,Intersection en T,Normale,Deux véhicules - côté,,,,,,,,,,,5,2,3,1.0,3.0
201100045892,0011-08-27 19:10:00,11,8,27,19,10,920,60,LANGEVIN / HERRIOT,,,Plein jour,En agglomération,Intersection en X,Normale,Deux véhicules - arrière,,,,,,,,,,,1,2,2,1.0,2.0
201100045893,0011-09-01 14:35:00,11,9,1,14,35,920,23,TRIVAUX / CHAMPAGNE,,,Plein jour,En agglomération,Intersection en T,Normale,Deux véhicules - côté,,,,,,,,,,,1,2,3,1.0,3.0
201100045894,0011-09-05 13:30:00,11,9,5,13,30,920,23,AV STENDHAL,,,Plein jour,En agglomération,Hors intersection,Pluie légère,Deux véhicules - côté,,,,,,,,,,,1,2,1,2.0,3.0
201100045895,0011-09-15 19:55:00,11,9,15,19,55,920,23,AV STENDHAL,,,Crépuscule ou aube,En agglomération,Hors intersection,Normale,Deux véhicules - côté,,,,,,,,,,,2,2,1,1.0,3.0
201100045896,0011-09-19 18:05:00,11,9,19,18,5,920,23,GARDE / MARE,,,Plein jour,En agglomération,Place,Normale,Deux véhicules - côté,,,,,,,,,,,1,2,7,1.0,3.0
201100045897,0011-09-21 10:20:00,11,9,21,10,20,920,60,"02, R DE SCEAUX",,,Plein jour,En agglomération,Hors intersection,Normale,Autre collision,,,,,,,,,,,1,2,1,1.0,6.0
201100045898,0011-09-22 17:00:00,11,9,22,17,0,920,23,"88, VLA DES VALLEES",,,Plein jour,En agglomération,Hors intersection,Normale,Autre collision,,,,,,,,,,,1,2,1,1.0,6.0
201100045899,0011-09-29 08:40:00,11,9,29,8,40,920,60,AV CHARLES DE GAULLE,,,Plein jour,En agglomération,Hors intersection,Normale,Autre collision,,,,,,,,,,,1,2,1,1.0,6.0
201100045900,0011-09-30 09:00:00,11,9,30,9,0,920,60,"13, AV DESCARTES",,,Plein jour,En agglomération,Hors intersection,Normale,Deux véhicules - côté,,,,,,,,,,,1,2,1,1.0,3.0
201100045901,0011-10-01 15:35:00,11,10,1,15,35,920,23,"12, R DU PRESIDENT ROOSE",,,Plein jour,En agglomération,Hors intersection,Normale,Deux véhicules - arrière,,,,,,,,,,,1,2,1,1.0,2.0
201100045902,0011-10-05 13:00:00,11,10,5,13,0,920,23,TRIVAUX / PICARDIE,,,Plein jour,En agglomération,Intersection en X,Normale,Autre collision,,,,,,,,,,,1,2,2,1.0,6.0
201100045903,0011-10-10 08:50:00,11,10,10,8,50,920,60,RIVET / HERRIOT,,,Plein jour,En agglomération,Intersection en T,Normale,Autre collision,,,,,,,,,,,1,2,3,1.0,6.0
201100045904,0011-10-10 08:25:00,11,10,10,8,25,920,23,R DE BIEVRES,,,Plein jour,En agglomération,Hors intersection,Pluie légère,Deux véhicules - côté,,,,,,,,,,,1,2,1,2.0,3.0
201100045905,0011-10-11 14:35:00,11,10,11,14,35,920,60,ARRUFAT / REPUBLIQUE,,,Plein jour,En agglomération,Intersection en T,Normale,Deux véhicules - côté,,,,,,,,,,,1,2,3,1.0,3.0
201100045906,0011-10-12 08:55:00,11,10,12,8,55,920,60,R LUCIEN ARRUFAT,,,Plein jour,En agglomération,Hors intersection,Normale,Autre collision,,,,,,,,,,,1,2,1,1.0,6.0
201100045907,0011-10-19 20:20:00,11,10,19,20,20,920,23,TREBIGNAUD / GARDE,,,Nuit avec éclairage allumé,En agglomération,Giratoire,Normale,Deux véhicules - arrière,,,,,,,,,,,5,2,6,1.0,2.0
201100045908,0011-10-20 20:05:00,11,10,20,20,5,920,23,"15, AV VICTOR HUGO",,,Nuit avec éclairage allumé,En agglomération,Hors intersection,Normale,Deux véhicules - côté,,,,,,,,,,,5,2,1,1.0,3.0
201100045909,0011-10-23 17:30:00,11,10,23,17,30,920,23,TRIVAUX / CHARMETTES,,,Plein jour,En agglomération,Intersection en T,Normale,Deux véhicules - arrière,,,,,,,,,,,1,2,3,1.0,2.0
201100045910,0011-10-20 15:25:00,11,10,20,15,25,920,23,MARQUIS / BARBUSSE,,,Plein jour,En agglomération,Giratoire,Normale,Deux véhicules - côté,,,,,,,,,,,1,2,6,1.0,3.0
201100045911,0011-11-02 08:55:00,11,11,2,8,55,920,60,AV REAUMUR,,,Plein jour,En agglomération,Intersection en T,Normale,Autre collision,,,,,,,,,,,1,2,3,1.0,6.0
201100045912,0011-11-03 18:55:00,11,11,3,18,55,920,23,PICARDIE / CHAMPAGNE,,,Nuit avec éclairage allumé,En agglomération,Intersection en X,Pluie forte,Autre collision,,,,,,,,,,,5,2,2,3.0,6.0
201100045913,0011-11-06 16:50:00,11,11,6,16,50,920,60,PROGRES / TOUR,,,Plein jour,En agglomération,Intersection en T,Normale,Sans collision,,,,,,,,,,,1,2,3,1.0,7.0
201100045914,0011-11-08 09:55:00,11,11,8,9,55,920,23,"122, AV HENRI BARBUSSE",,,Plein jour,En agglomération,Hors intersection,Pluie légère,Trois véhicules et plus - en chaîne,,,,,,,,,,,1,2,1,2.0,4.0
201100045915,0011-11-12 19:05:00,11,11,12,19,5,920,23,FOURNIER / GOLAUDIN,,,Plein jour,En agglomération,Intersection en X,Normale,Deux véhicules - côté,,,,,,,,,,,1,2,2,1.0,3.0
201100045916,0011-11-10 14:30:00,11,11,10,14,30,920,60,"13, AV PAUL LANGEVIN",,,Plein jour,En agglomération,Hors intersection,Normale,Autre collision,,,,,,,,,,,1,2,1,1.0,6.0
201100045917,0011-11-12 19:20:00,11,11,12,19,20,920,60,AV DE LA LIBERATION,,,Nuit avec éclairage allumé,En agglomération,Hors intersection,Normale,Autre collision,,,,,,,,,,,5,2,1,1.0,6.0
201100045918,0011-11-16 14:10:00,11,11,16,14,10,920,23,"66, R DE PLAISANCE",,,Plein jour,En agglomération,Hors intersection,Normale,Deux véhicules - côté,,,,,,,,,,,1,2,1,1.0,3.0
201100045919,0011-11-17 13:50:00,11,11,17,13,50,920,23,BIEVRES / TARDIEU,,,Plein jour,En agglomération,Intersection en T,Normale,Deux véhicules - côté,,,,,,,,,,,1,2,3,1.0,3.0
201100045920,0011-11-18 19:25:00,11,11,18,19,25,920,60,BRIAND / FLORIAN,,,Nuit avec éclairage allumé,En agglomération,Intersection en T,Normale,Autre collision,,,,,,,,,,,5,2,3,1.0,6.0
201100045921,0011-11-21 19:10:00,11,11,21,19,10,920,60,L'ETANG / RESISTANCE,,,Nuit avec éclairage allumé,En agglomération,Intersection en T,Normale,Autre collision,,,,,,,,,,,5,2,3,1.0,6.0
201100045922,0011-11-21 19:55:00,11,11,21,19,55,920,23,TRIVAUX / CHAMPAGNE,,,Nuit avec éclairage allumé,En agglomération,Intersection en T,Normale,Deux véhicules - côté,,,,,,,,,,,5,2,3,1.0,3.0
201100045923,0011-11-22 08:10:00,11,11,22,8,10,920,60,RESISTANCE / SCEAUX,,,Crépuscule ou aube,En agglomération,Intersection en X,Normale,Deux véhicules - côté,,,,,,,,,,,2,2,2,1.0,3.0
201100045924,0011-11-22 19:00:00,11,11,22,19,0,920,23,"31, R PIERRE CORBY",,,Nuit avec éclairage allumé,En agglomération,Hors intersection,Normale,Autre collision,,,,,,,,,,,5,2,1,1.0,6.0
201100045925,0011-11-30 20:10:00,11,11,30,20,10,920,23,TRIVAUX / R DE PICARDIE,,,Nuit avec éclairage allumé,En agglomération,Intersection en X,Normale,Autre collision,,,,,,,,,,,5,2,2,1.0,6.0
201100045926,0011-12-01 14:40:00,11,12,1,14,40,920,60,"07, GALILEE (AVENUE)",,,Plein jour,En agglomération,Hors intersection,Pluie légère,Deux véhicules - côté,,,,,,,,,,,1,2,1,2.0,3.0
201100045927,0011-12-02 17:25:00,11,12,2,17,25,920,23,"27, PAUL VAILLANT COUTUR",,,Nuit avec éclairage allumé,En agglomération,Hors intersection,Normale,Deux véhicules - côté,,,,,,,,,,,5,2,1,1.0,3.0
201100045928,0011-12-02 14:10:00,11,12,2,14,10,920,23,"., JEAN JAURES (AVENUE)",,,Plein jour,En agglomération,Intersection en T,Normale,Autre collision,,,,,,,,,,,1,2,3,1.0,6.0
201100045929,0011-12-05 20:30:00,11,12,5,20,30,920,23,"., PORTE DE TRIVAUX (RUE",,,Nuit avec éclairage allumé,En agglomération,Intersection en T,Pluie légère,Deux véhicules - côté,,,,,,,,,,,5,2,3,2.0,3.0
201100045930,0011-12-05 18:40:00,11,12,5,18,40,920,60,"., MOULIN FIDEL (RUE DU)",,,Nuit avec éclairage allumé,En agglomération,Intersection en T,Pluie légère,Autre collision,,,,,,,,,,,5,2,3,2.0,6.0
201100045931,0011-12-06 09:10:00,11,12,6,9,10,920,23,"., HENRI BARBUSSE (AVENU",,,Plein jour,En agglomération,Intersection en T,Normale,Deux véhicules - côté,,,,,,,,,,,1,2,3,1.0,3.0
201100045932,0011-12-06 11:20:00,11,12,6,11,20,920,60,"., EDOUARD HERRIOT (AVEN",,,Plein jour,En agglomération,Intersection en X,Normale,Deux véhicules - côté,,,,,,,,,,,1,2,2,1.0,3.0
201100045933,0011-12-06 21:45:00,11,12,6,21,45,920,60,"., CARREAU (RUE DU)",,,Nuit avec éclairage allumé,En agglomération,Intersection en T,Pluie légère,Deux véhicules - côté,,,,,,,,,,,5,2,3,2.0,3.0
201100045934,0011-12-10 06:00:00,11,12,10,6,0,920,23,"86, SCHNEIDER (AVENUE)",,,Nuit avec éclairage allumé,En agglomération,Hors intersection,Normale,Autre collision,,,,,,,,,,,5,2,1,1.0,6.0
201100045935,0011-12-11 05:45:00,11,12,11,5,45,920,23,"26, VANVES (RUE DE)",,,Nuit avec éclairage allumé,En agglomération,Hors intersection,Normale,Autre collision,,,,,,,,,,,5,2,1,1.0,6.0
201100045936,0011-12-13 16:15:00,11,12,13,16,15,920,60,GENERAL LECLERC (AVENUE),,,Plein jour,En agglomération,Intersection en X,Normale,Deux véhicules - côté,,,,,,,,,,,1,2,2,1.0,3.0
201100045937,0011-12-13 23:40:00,11,12,13,23,40,920,23,"., GENERAL DE GAULLE (AV",,,Nuit sans éclairage public,En agglomération,Intersection en X,Normale,Deux véhicules - côté,,,,,,,,,,,3,2,2,1.0,3.0
201100045938,0011-12-14 20:05:00,11,12,14,20,5,920,60,"., PAUL LANGEVIN (AVENUE",,,Nuit avec éclairage allumé,En agglomération,Intersection en X,Normale,Deux véhicules - côté,,,,,,,,,,,5,2,2,1.0,3.0
201100045939,0011-12-15 16:30:00,11,12,15,16,30,920,23,"32, VICTOR HUGO (AVENUE)",,,Plein jour,En agglomération,Intersection à plus de 4 branches,Normale,Autre collision,,,,,,,,,,,1,2,5,1.0,6.0
201100045940,0011-12-17 14:55:00,11,12,17,14,55,920,23,"494, GENERAL DE GAULLE (",,,Plein jour,En agglomération,Intersection en X,Neige / grêle,Deux véhicules - côté,,,,,,,,,,,1,2,2,4.0,3.0
201100045941,0011-12-19 08:30:00,11,12,19,8,30,920,23,"361, GENERAL DE GAULLE (",,,Plein jour,En agglomération,Hors intersection,Normale,Deux véhicules - côté,,,,,,,,,,,1,2,1,1.0,3.0
201100045942,0011-12-22 20:10:00,11,12,22,20,10,920,60,"., SCEAUX (RUE DE)",,,Nuit avec éclairage allumé,En agglomération,Intersection en X,Normale,Deux véhicules - côté,,,,,,,,,,,5,2,2,1.0,3.0
201100045943,0011-01-04 20:20:00,11,1,4,20,20,920,24,LECLERC / SORET,48.9027,2.31356,Nuit avec éclairage allumé,En agglomération,Intersection en X,Normale,Trois véhicules et plus - collisions multiples,,,,,,,,,,,5,2,2,1.0,5.0
201100045944,0011-01-09 10:15:00,11,1,9,10,15,920,24,HUGO / VARET,48.9003,2.31513,Plein jour,En agglomération,Intersection en T,Normale,Deux véhicules - côté,,,,,,,,,,,1,2,3,1.0,3.0
201100045945,0011-01-10 16:25:00,11,1,10,16,25,920,24,JAURES / BARBUSSE,48.9,2.30621,Plein jour,En agglomération,Intersection en X,Normale,Deux véhicules - côté,,,,,,,,,,,1,2,2,1.0,3.0
201100045946,0011-01-13 08:50:00,11,1,13,8,50,920,24,"12, PONT D'ASNIERES",48.9043,2.28865,Plein jour,En agglomération,Hors intersection,Autre,Deux véhicules - arrière,,,,,,,,,,,1,2,1,9.0,2.0
201100045947,0011-01-17 07:45:00,11,1,17,7,45,920,24,HUGO / MOREL,48.902,2.31821,Crépuscule ou aube,En agglomération,Intersection en T,Normale,Deux véhicules - côté,,,,,,,,,,,2,2,3,1.0,3.0
201100045948,0011-01-24 06:25:00,11,1,24,6,25,920,24,CLICHY / ROGUET,48.9128,2.31285,Crépuscule ou aube,En agglomération,Intersection en T,Normale,Deux véhicules - côté,,,,,,,,,,,2,2,3,1.0,3.0
201100045949,0011-01-31 06:45:00,11,1,31,6,45,920,24,R GUSTAVE EIFFEL,48.9029,2.29129,Crépuscule ou aube,En agglomération,Hors intersection,Autre,Sans collision,,,,,,,,,,,2,2,1,9.0,7.0
201100045950,0011-02-03 14:50:00,11,2,3,14,50,920,24,MARTRE / CLICHY,48.9084,2.30013,Plein jour,En agglomération,Intersection en T,Normale,Deux véhicules - côté,,,,,,,,,,,1,2,3,1.0,3.0
201100045951,0011-02-03 16:55:00,11,2,3,16,55,920,24,R GEORGES BOISSEAU,48.9055,2.31487,Plein jour,En agglomération,Hors intersection,Normale,Autre collision,,,,,,,,,,,1,2,1,1.0,6.0
201100045952,0011-02-08 08:30:00,11,2,8,8,30,920,24,R MARTRE,48.9077,2.30115,Plein jour,En agglomération,Hors intersection,Pluie légère,Autre collision,,,,,,,,,,,1,2,1,2.0,6.0
201100045953,0011-02-06 18:10:00,11,2,6,18,10,920,24,BD JEAN JAURES,48.9041,2.30293,Crépuscule ou aube,En agglomération,Hors intersection,Normale,Deux véhicules - arrière,,,,,,,,,,,2,2,1,1.0,2.0
201100045954,0011-02-09 15:50:00,11,2,9,15,50,920,24,JEAN JAURES / VILLENEUVE,48.9028,2.30399,Plein jour,En agglomération,Intersection en X,Normale,Autre collision,,,,,,,,,,,1,2,2,1.0,6.0
201100045955,0011-02-13 20:20:00,11,2,13,20,20,920,24,JEAN JAURES / BARBUSSE,48.9,2.30621,Nuit avec éclairage allumé,En agglomération,Intersection en X,Normale,Deux véhicules - côté,,,,,,,,,,,5,2,2,1.0,3.0
201100045956,0011-02-13 02:20:00,11,2,13,2,20,920,24,BD JEAN JAURES,48.9075,2.30017,Nuit avec éclairage allumé,En agglomération,Hors intersection,Pluie légère,Autre collision,,,,,,,,,,,5,2,1,2.0,6.0
201100045957,0011-02-19 15:40:00,11,2,19,15,40,920,24,HUGO / LECLERC,48.9008,2.31593,Plein jour,En agglomération,Intersection en X,Pluie légère,Deux véhicules - côté,,,,,,,,,,,1,2,2,2.0,3.0
201100045958,0011-02-21 19:55:00,11,2,21,19,55,920,24,BD VICTOR HUGO,48.8984,2.31209,Crépuscule ou aube,Hors agglomération,Hors intersection,Normale,Deux véhicules - côté,,,,,,,,,,,2,1,1,1.0,3.0
201100045959,0011-03-02 11:55:00,11,3,2,11,55,920,24,CLICHY / LECLERC,48.9059,2.30958,Plein jour,En agglomération,Intersection en T,Normale,Deux véhicules - côté,,,,,,,,,,,1,2,3,1.0,3.0
201100045960,0011-03-03 11:25:00,11,3,3,11,25,920,24,"9, BD DU GENERAL LECLERC",48.9001,2.31776,Plein jour,En agglomération,Hors intersection,Normale,Autre collision,,,,,,,,,,,1,2,1,1.0,6.0
201100045961,0011-03-04 02:45:00,11,3,4,2,45,920,24,CLICHY / MARTRE,48.9084,2.30013,Nuit avec éclairage allumé,En agglomération,Intersection en X,Normale,Deux véhicules - côté,,,,,,,,,,,5,2,2,1.0,3.0
201100045962,0011-03-07 00:35:00,11,3,7,0,35,920,24,CLICHY / MARTRE,48.9087,2.3005,Nuit avec éclairage allumé,En agglomération,Intersection à plus de 4 branches,Normale,Deux véhicules - côté,,,,,,,,,,,5,2,5,1.0,3.0
201100045963,0011-03-08 17:35:00,11,3,8,17,35,920,24,"49, R DU GENERAL ROGUET",48.91,2.31292,Plein jour,En agglomération,Hors intersection,Normale,Deux véhicules - arrière,,,,,,,,,,,1,2,1,1.0,2.0
201100045964,0011-03-09 08:55:00,11,3,9,8,55,920,24,"01, RTE D'ASNIERES",48.903,2.29015,Plein jour,En agglomération,Hors intersection,Normale,Deux véhicules - arrière,,,,,,,,,,,1,2,1,1.0,2.0
201100045965,0011-03-09 12:15:00,11,3,9,12,15,920,24,MARTRE / ROUX,48.8989,2.30992,Plein jour,En agglomération,Intersection en X,Normale,Deux véhicules - côté,,,,,,,,,,,1,2,2,1.0,3.0
201100045966,0011-03-15 08:35:00,11,3,15,8,35,920,24,BD DU GENERAL LECLERC,48.9002,2.31753,Plein jour,En agglomération,Hors intersection,Normale,Autre collision,,,,,,,,,,,1,2,1,1.0,6.0
201100045967,0011-03-18 18:20:00,11,3,18,18,20,920,24,MITTERRAND / LECLERC,48.9034,2.31271,Plein jour,En agglomération,Giratoire,Normale,Deux véhicules - côté,,,,,,,,,,,1,2,6,1.0,3.0
201100045968,0011-03-24 08:40:00,11,3,24,8,40,920,24,BD DU GENERAL LECLERC,48.902,2.31438,Plein jour,En agglomération,Hors intersection,Normale,Deux véhicules - côté,,,,,,,,,,,1,2,1,1.0,3.0
201100045969,0011-03-31 10:30:00,11,3,31,10,30,920,24,R MARTRE,48.9007,2.30824,Plein jour,En agglomération,Hors intersection,Pluie légère,Deux véhicules - arrière,,,,,,,,,,,1,2,1,2.0,2.0
201100045970,0011-03-31 18:10:00,11,3,31,18,10,920,24,BD DU GENERAL LECLERC,48.9039,2.31205,Plein jour,En agglomération,Hors intersection,Normale,Autre collision,,,,,,,,,,,1,2,1,1.0,6.0
201100045971,0011-04-01 23:40:00,11,4,1,23,40,920,24,CLICHY / PONT DE CLICHY,48.908,2.29915,Nuit avec éclairage allumé,En agglomération,Intersection en X,Normale,Deux véhicules - côté,,,,,,,,,,,5,2,2,1.0,3.0
201100045972,0011-04-13 10:25:00,11,4,13,10,25,920,24,"31, R MARTRE",48.8995,2.30925,Plein jour,En agglomération,Hors intersection,Normale,Autre collision,,,,,,,,,,,1,2,1,1.0,6.0
201100045973,0011-04-19 13:15:00,11,4,19,13,15,920,24,HUGO / LECLERC,48.9008,2.31593,Plein jour,En agglomération,Intersection en X,Normale,Deux véhicules - côté,,,,,,,,,,,1,2,2,1.0,3.0
201100045974,0011-04-19 17:40:00,11,4,19,17,40,920,24,PAYMAL / GAMBETTA,48.9027,2.30983,Plein jour,En agglomération,Intersection en X,Normale,Deux véhicules - côté,,,,,,,,,,,1,2,2,1.0,3.0
201100045975,0011-05-10 11:25:00,11,5,10,11,25,920,24,"106, CLICHY (QUAI DE) DE",,,Plein jour,En agglomération,Hors intersection,Normale,Autre collision,,,,,,,,,,,1,2,1,1.0,6.0
201100045976,0011-05-12 08:10:00,11,5,12,8,10,920,24,"1, FRANCOIS MITERRAND (P",,,Plein jour,En agglomération,Giratoire,Normale,Deux véhicules - côté,,,,,,,,,,,1,2,6,1.0,3.0
201100045977,0011-05-05 15:35:00,11,5,5,15,35,920,24,D'ASNIERES / BERTHIER,48.9029,2.29018,Plein jour,En agglomération,Intersection en T,Normale,Deux véhicules - côté,,,,,,,,,,,1,2,3,1.0,3.0
201100045978,0011-05-30 10:50:00,11,5,30,10,50,920,24,HUGO / LECLERC,48.9008,2.31593,Plein jour,En agglomération,Intersection en X,Normale,Autre collision,,,,,,,,,,,1,2,2,1.0,6.0
201100045979,0011-05-13 20:35:00,11,5,13,20,35,920,24,"123, VICTOR HUGO (BD)",,,Plein jour,En agglomération,Intersection en T,Normale,Autre collision,,,,,,,,,,,1,2,3,1.0,6.0
201100045980,0011-05-16 19:10:00,11,5,16,19,10,920,24,"14, PL DES MARTYRS DE L'",48.9013,2.30647,Plein jour,En agglomération,Hors intersection,Normale,Autre collision,,,,,,,,,,,1,2,1,1.0,6.0
201100045981,0011-05-18 05:50:00,11,5,18,5,50,920,24,VILLENEUVE / PAYMAL,48.9045,2.30785,Nuit avec éclairage allumé,En agglomération,Intersection en X,Normale,Deux véhicules - côté,,,,,,,,,,,5,2,2,1.0,3.0
201100045982,0011-05-21 20:30:00,11,5,21,20,30,920,24,HUGO / MARS 1962,48.8995,2.31377,Plein jour,En agglomération,Intersection en T,Normale,Deux véhicules - côté,,,,,,,,,,,1,2,3,1.0,3.0
201100045983,0011-05-26 13:55:00,11,5,26,13,55,920,24,"28, R CHARLES ET RENE AU",48.9028,2.30587,Plein jour,En agglomération,Hors intersection,Normale,Deux véhicules - côté,,,,,,,,,,,1,2,1,1.0,3.0
201100045984,0011-05-30 15:25:00,11,5,30,15,25,920,24,HUGO / CURTON,48.8989,2.31278,Plein jour,En agglomération,Intersection en T,Normale,Deux véhicules - côté,,,,,,,,,,,1,2,3,1.0,3.0
201100045985,0011-06-07 16:45:00,11,6,7,16,45,920,24,"90, R DU GENERAL ROGUET",48.9072,2.31293,Plein jour,En agglomération,Hors intersection,Normale,Deux véhicules - côté,,,,,,,,,,,1,2,1,1.0,3.0
201100045986,0011-06-13 16:20:00,11,6,13,16,20,920,24,"71, BD DU GENERAL LECLER",48.9041,2.31173,Plein jour,En agglomération,Hors intersection,Normale,Autre collision,,,,,,,,,,,1,2,1,1.0,6.0
201100045987,0011-06-11 21:25:00,11,6,11,21,25,920,24,"15, RTE D'ASNIERES",48.9025,2.29059,Crépuscule ou aube,En agglomération,Hors intersection,Normale,Deux véhicules - arrière,,,,,,,,,,,2,2,1,1.0,2.0
201100045988,0011-06-15 20:05:00,11,6,15,20,5,920,24,"30, QU DE CLICHY",48.9044,2.29157,Plein jour,En agglomération,Hors intersection,Normale,Deux véhicules - côté,,,,,,,,,,,1,2,1,1.0,3.0
201100045989,0011-06-21 11:40:00,11,6,21,11,40,920,24,R VICTOR MERIC,48.9017,2.30658,Plein jour,En agglomération,Hors intersection,Normale,Autre collision,,,,,,,,,,,1,2,1,1.0,6.0
201100045990,0011-06-29 18:25:00,11,6,29,18,25,920,24,HUGO / LECLERC,48.9008,2.31593,Plein jour,En agglomération,Intersection en X,Normale,Deux véhicules - côté,,,,,,,,,,,1,2,2,1.0,3.0
201100045991,0011-06-29 19:20:00,11,6,29,19,20,920,24,"44, R MEDERIC",48.9066,2.29882,Plein jour,En agglomération,Hors intersection,Normale,Deux véhicules - côté,,,,,,,,,,,1,2,1,1.0,3.0
201100045992,0011-07-02 11:45:00,11,7,2,11,45,920,24,BARBUSSE / MILLY,,,Plein jour,En agglomération,Intersection en T,Normale,Deux véhicules - frontale,,,,,,,,,,,1,2,3,1.0,1.0
201100045993,0011-07-01 19:00:00,11,7,1,19,0,920,24,"17, R MARTRE",,,Plein jour,En agglomération,Hors intersection,Normale,Autre collision,,,,,,,,,,,1,2,1,1.0,6.0
201100045994,0011-07-03 19:20:00,11,7,3,19,20,920,24,JAURES / MAIRIE,,,Plein jour,En agglomération,Intersection en T,Normale,Deux véhicules - côté,,,,,,,,,,,1,2,3,1.0,3.0
201100045995,0011-07-11 16:05:00,11,7,11,16,5,920,24,"01, BD JEAN JAURES",,,Plein jour,En agglomération,Hors intersection,Normale,Autre collision,,,,,,,,,,,1,2,1,1.0,6.0
201100045996,0011-07-13 18:55:00,11,7,13,18,55,920,24,"151, QU DE CLICHY",,,Plein jour,En agglomération,Hors intersection,Normale,Deux véhicules - côté,,,,,,,,,,,1,2,1,1.0,3.0
201100045997,0011-07-16 10:40:00,11,7,16,10,40,920,24,JAURES / AUFFRAY,,,Plein jour,En agglomération,Intersection en X,Normale,Autre collision,,,,,,,,,,,1,2,2,1.0,6.0
201100045998,0011-07-29 14:15:00,11,7,29,14,15,920,24,ROGUET / DUMUR,,,Plein jour,En agglomération,Intersection en T,Normale,Trois véhicules et plus - collisions multiples,,,,,,,,,,,1,2,3,1.0,5.0
201100045999,0011-08-03 16:50:00,11,8,3,16,50,920,24,BD JEAN JAURES,,,Plein jour,En agglomération,Hors intersection,Normale,Deux véhicules - côté,,,,,,,,,,,1,2,1,1.0,3.0
201100046000,0011-08-05 18:25:00,11,8,5,18,25,920,24,CLICHY / FOURNIER,,,Plein jour,En agglomération,Intersection en T,Pluie forte,Deux véhicules - côté,,,,,,,,,,,1,2,3,3.0,3.0
201100046001,0011-08-08 09:10:00,11,8,8,9,10,920,24,ASNIERES / BERTHIER,,,Plein jour,En agglomération,Intersection en T,Temps couvert,Deux véhicules - arrière,,,,,,,,,,,1,2,3,8.0,2.0
201100046002,0011-08-10 20:20:00,11,8,10,20,20,920,24,SANZILLON / BOISSEAU,,,Plein jour,En agglomération,Intersection en X,Normale,Deux véhicules - côté,,,,,,,,,,,1,2,2,1.0,3.0
201100046003,0011-08-11 17:05:00,11,8,11,17,5,920,24,R HENRI BARBUSSE,,,Plein jour,En agglomération,Hors intersection,Normale,Autre collision,,,,,,,,,,,1,2,1,1.0,6.0
201100046004,0011-08-24 14:35:00,11,8,24,14,35,920,24,BD VICTOR HUGO,,,Plein jour,En agglomération,Hors intersection,Normale,Deux véhicules - arrière,,,,,,,,,,,1,2,1,1.0,2.0
201100046005,0011-08-24 07:55:00,11,8,24,7,55,920,24,R HENRI BARBUSSE,,,Plein jour,En agglomération,Hors intersection,Temps couvert,Deux véhicules - arrière,,,,,,,,,,,1,2,1,8.0,2.0
201100046006,0011-09-02 20:05:00,11,9,2,20,5,920,24,"33, BD DU GENERAL LECLER",,,Plein jour,En agglomération,Hors intersection,Normale,Autre collision,,,,,,,,,,,1,2,1,1.0,6.0
201100046007,0011-09-03 15:55:00,11,9,3,15,55,920,24,"1, R HENRI BARBUSSE",,,Plein jour,En agglomération,Hors intersection,Normale,Autre collision,,,,,,,,,,,1,2,1,1.0,6.0
201100046008,0011-09-04 11:55:00,11,9,4,11,55,920,24,MARTRE / VILLENEUVE,,,Plein jour,En agglomération,Intersection en X,Normale,Autre collision,,,,,,,,,,,1,2,2,1.0,6.0
201100046009,0011-09-08 06:20:00,11,9,8,6,20,920,24,MITTERRAND / LECLERC,,,Crépuscule ou aube,En agglomération,Giratoire,Normale,Deux véhicules - côté,,,,,,,,,,,2,2,6,1.0,3.0
201100046010,0011-09-14 15:30:00,11,9,14,15,30,920,24,"05, BD JEAN JAURES",,,Plein jour,En agglomération,Hors intersection,Normale,Autre collision,,,,,,,,,,,1,2,1,1.0,6.0
201100046011,0011-09-15 16:55:00,11,9,15,16,55,920,24,"2, R DU GENERAL ROGUET",,,Plein jour,En agglomération,Hors intersection,Normale,Deux véhicules - côté,,,,,,,,,,,1,2,1,1.0,3.0
201100046012,0011-09-15 19:10:00,11,9,15,19,10,920,24,"24, R MARTRE",,,Plein jour,En agglomération,Hors intersection,Normale,Deux véhicules - côté,,,,,,,,,,,1,2,1,1.0,3.0
201100046013,0011-09-16 18:03:00,11,9,16,18,3,920,24,"22, R DU GENERAL ROGUET",,,Plein jour,En agglomération,Hors intersection,Temps couvert,Autre collision,,,,,,,,,,,1,2,1,8.0,6.0
201100046014,0011-09-24 08:15:00,11,9,24,8,15,920,24,LECLERC / HUGO,,,Plein jour,En agglomération,Intersection en X,Normale,Autre collision,,,,,,,,,,,1,2,2,1.0,6.0
201100046015,0011-09-25 16:55:00,11,9,25,16,55,920,24,"30, BD VICTOR HUGO",,,Plein jour,En agglomération,Hors intersection,Normale,Autre collision,,,,,,,,,,,1,2,1,1.0,6.0
201100046016,0011-09-28 16:25:00,11,9,28,16,25,920,24,"171, R PIERRE DREYFUS",,,Plein jour,En agglomération,Hors intersection,Normale,Autre collision,,,,,,,,,,,1,2,1,1.0,6.0