accident_id,datetime,annee,mois,jour,heure,minute,departement,commune_insee,adresse,latitude,longitude,luminosite,agglomeration,intersection,meteo,collision,nb_vehicules,nb_usagers,nb_indemnes,nb_tues,nb_blesses_hosp,nb_blesses_legers,age_cond_1,age_cond_2,veh_type_cond_1,veh_type_cond_2,lum_code,agg_code,int_code,atm_code,col_code
201100046017,0011-09-30 20:55:00,11,9,30,20,55,920,24,"47, BD VICTOR HUGO",,,Crépuscule ou aube,En agglomération,Hors intersection,Normale,Autre collision,,,,,,,,,,,2,2,1,1.0,6.0
201100046018,0011-10-03 19:15:00,11,10,3,19,15,920,24,"78, R MARTRE",,,Plein jour,En agglomération,Hors intersection,Normale,Deux véhicules - côté,,,,,,,,,,,1,2,1,1.0,3.0
201100046019,0011-10-04 13:15:00,11,10,4,13,15,920,24,SANZILLON / MITTERRAND,,,Plein jour,En agglomération,Giratoire,Normale,Autre collision,,,,,,,,,,,1,2,6,1.0,6.0
201100046020,0011-10-05 21:40:00,11,10,5,21,40,920,24,PONT DE CLICHY,,,Nuit avec éclairage allumé,En agglomération,Hors intersection,Normale,Autre collision,,,,,,,,,,,5,2,1,1.0,6.0
201100046021,0011-10-07 11:45:00,11,10,7,11,45,920,24,HUGO / MARTRE,,,Plein jour,En agglomération,Intersection en X,Temps couvert,Autre collision,,,,,,,,,,,1,2,2,8.0,6.0
201100046022,0011-10-14 19:35:00,11,10,14,19,35,920,24,"90, R DU GENERAL ROGUET",,,Crépuscule ou aube,En agglomération,Hors intersection,Normale,Deux véhicules - côté,,,,,,,,,,,2,2,1,1.0,3.0
201100046023,0011-10-21 13:00:00,11,10,21,13,0,920,24,"80, BD DU GENERAL LECLER",,,Plein jour,En agglomération,Hors intersection,Normale,Autre collision,,,,,,,,,,,1,2,1,1.0,6.0
201100046024,0011-10-25 07:45:00,11,10,25,7,45,920,24,LECLERC / POINCARE,,,Crépuscule ou aube,En agglomération,Intersection en T,Pluie légère,Deux véhicules - côté,,,,,,,,,,,2,2,3,2.0,3.0
201100046025,0011-10-27 20:30:00,11,10,27,20,30,920,24,JAURES / AUFFRAY,,,Plein jour,En agglomération,Intersection en X,Normale,Autre collision,,,,,,,,,,,1,2,2,1.0,6.0
201100046026,0011-11-13 07:20:00,11,11,13,7,20,920,24,"93, BD JEAN JAURES",,,Crépuscule ou aube,En agglomération,Hors intersection,Normale,Deux véhicules - arrière,,,,,,,,,,,2,2,1,1.0,2.0
201100046027,0011-11-05 13:30:00,11,11,5,13,30,920,24,"18, R GUSTAVE EIFFEL",,,Plein jour,En agglomération,Hors intersection,Normale,Autre collision,,,,,,,,,,,1,2,1,1.0,6.0
201100046028,0011-11-07 12:35:00,11,11,7,12,35,920,24,HUGO / CURTON,,,Plein jour,En agglomération,Intersection en T,Normale,Deux véhicules - côté,,,,,,,,,,,1,2,3,1.0,3.0
201100046029,0011-11-23 17:10:00,11,11,23,17,10,920,24,"10, R MARC BLOCH",,,Crépuscule ou aube,En agglomération,Hors intersection,Normale,Autre collision,,,,,,,,,,,2,2,1,1.0,6.0
201100046030,0011-11-14 19:00:00,11,11,14,19,0,920,24,"16, QU DE CLICHY",,,Nuit avec éclairage allumé,En agglomération,Hors intersection,Normale,Deux véhicules - arrière,,,,,,,,,,,5,2,1,1.0,2.0
201100046031,0011-11-15 12:00:00,11,11,15,12,0,920,24,LECLERC / AUBOIN,,,Plein jour,En agglomération,Intersection en T,Normale,Deux véhicules - arrière,,,,,,,,,,,1,2,3,1.0,2.0
201100046032,0011-11-15 16:55:00,11,11,15,16,55,920,24,"1, PONT DE GENNEVILLIERS",,,Crépuscule ou aube,En agglomération,Hors intersection,Normale,Trois véhicules et plus - en chaîne,,,,,,,,,,,2,2,1,1.0,4.0
201100046033,0011-11-17 08:10:00,11,11,17,8,10,920,24,MARTRE / CLICHY,,,Plein jour,En agglomération,Intersection à plus de 4 branches,Normale,Deux véhicules - côté,,,,,,,,,,,1,2,5,1.0,3.0
201100046034,0011-11-24 17:55:00,11,11,24,17,55,920,24,LECLERC / AUBOIN,,,Nuit avec éclairage allumé,En agglomération,Intersection en T,Normale,Deux véhicules - côté,,,,,,,,,,,5,2,3,1.0,3.0
201100046035,0011-11-26 10:10:00,11,11,26,10,10,920,24,"1, PONT DE GENNEVILLIERS",,,Plein jour,En agglomération,Hors intersection,Normale,Autre collision,,,,,,,,,,,1,2,1,1.0,6.0
201100046036,0011-12-05 08:35:00,11,12,5,8,35,920,24,"20, GENERAL ROGUET (RUE",,,Plein jour,En agglomération,Intersection en T,Pluie légère,Autre collision,,,,,,,,,,,1,2,3,2.0,6.0
201100046037,0011-12-05 10:00:00,11,12,5,10,0,920,24,"62, MARTRE (RUE) DE (59",,,Plein jour,En agglomération,Hors intersection,Pluie légère,Deux véhicules - arrière,,,,,,,,,,,1,2,1,2.0,2.0
201100046038,0011-12-08 05:50:00,11,12,8,5,50,920,24,"1, CLICHY (PONT DE)",,,Crépuscule ou aube,En agglomération,Intersection à plus de 4 branches,Pluie légère,Autre collision,,,,,,,,,,,2,2,5,2.0,6.0
201100046039,0011-12-08 08:15:00,11,12,8,8,15,920,24,"46, HENRI BARBUSSE (RUE)",,,Plein jour,En agglomération,Hors intersection,Normale,Autre collision,,,,,,,,,,,1,2,1,1.0,6.0
201100046040,0011-12-12 20:35:00,11,12,12,20,35,920,24,"2, ESTIENNE D'ORVES (RUE",,,Nuit avec éclairage allumé,En agglomération,Hors intersection,Normale,Autre collision,,,,,,,,,,,5,2,1,1.0,6.0
201100046041,0011-12-13 11:55:00,11,12,13,11,55,920,24,"37, VICTOR HUGO (BD)",,,Plein jour,En agglomération,Hors intersection,Temps couvert,Autre collision,,,,,,,,,,,1,2,1,8.0,6.0
201100046042,0011-12-16 21:40:00,11,12,16,21,40,920,24,"44, GENERAL LECLERC (BD",,,Nuit avec éclairage allumé,En agglomération,Intersection en X,Pluie légère,Deux véhicules - côté,,,,,,,,,,,5,2,2,2.0,3.0
201100046043,0011-12-17 18:20:00,11,12,17,18,20,920,24,"64, GENERAL LECLERC (BD",,,Nuit avec éclairage allumé,En agglomération,Giratoire,Pluie légère,Autre collision,,,,,,,,,,,5,2,6,2.0,6.0
201100046044,0011-12-19 17:15:00,11,12,19,17,15,920,24,"77, VICTOR HUGO (BD)",,,Nuit avec éclairage allumé,En agglomération,Intersection en T,Pluie légère,Deux véhicules - arrière,,,,,,,,,,,5,2,3,2.0,2.0
201100046045,0011-12-24 11:45:00,11,12,24,11,45,920,24,"56, JEAN JAURES (BD) DE",,,Plein jour,En agglomération,Hors intersection,Normale,Autre collision,,,,,,,,,,,1,2,1,1.0,6.0
201100046046,0011-01-08 18:40:00,11,1,8,18,40,920,25,"09, R GABRIEL PERI",48.9233,2.25206,Nuit avec éclairage allumé,En agglomération,Hors intersection,Pluie légère,Sans collision,,,,,,,,,,,5,2,1,2.0,7.0
201100046047,0011-01-09 20:15:00,11,1,9,20,15,920,25,GAMBETTA / LABOURET,48.9276,2.25483,Nuit avec éclairage allumé,En agglomération,Intersection en T,Normale,Deux véhicules - côté,,,,,,,,,,,5,2,3,1.0,3.0
201100046048,0011-01-17 09:10:00,11,1,17,9,10,920,25,"26, BD DE VALMY",48.9255,2.25287,Plein jour,En agglomération,Hors intersection,Normale,Deux véhicules - côté,,,,,,,,,,,1,2,1,1.0,3.0
201100046049,0011-01-21 19:16:00,11,1,21,19,16,920,25,BERT / L'EUROPE,48.9274,2.24698,Nuit avec éclairage allumé,En agglomération,Intersection en X,Normale,Autre collision,,,,,,,,,,,5,2,2,1.0,6.0
201100046050,0011-01-21 20:50:00,11,1,21,20,50,920,25,GAULLE / GRES,48.9133,2.23061,Nuit avec éclairage allumé,En agglomération,Intersection en X,Normale,Trois véhicules et plus - en chaîne,,,,,,,,,,,5,2,2,1.0,4.0
201100046051,0011-02-11 08:50:00,11,2,11,8,50,920,25,SALVADOR ALLENDE,48.9217,2.23158,Plein jour,En agglomération,Hors intersection,Normale,Trois véhicules et plus - en chaîne,,,,,,,,,,,1,2,1,1.0,4.0
201100046052,0011-02-17 11:55:00,11,2,17,11,55,920,25,BD DE VALMY,48.935,2.25634,Plein jour,En agglomération,Hors intersection,Normale,Deux véhicules - arrière,,,,,,,,,,,1,2,1,1.0,2.0
201100046053,0011-02-19 18:10:00,11,2,19,18,10,920,25,SAINT-DENIS / VERDUN,48.924,2.25258,Nuit avec éclairage allumé,En agglomération,Intersection en X,Pluie légère,Autre collision,,,,,,,,,,,5,2,2,2.0,6.0
201100046054,0011-02-28 14:50:00,11,2,28,14,50,920,25,R GABRIEL PERI,48.9206,2.24388,Plein jour,Hors agglomération,Hors intersection,Normale,Deux véhicules - côté,,,,,,,,,,,1,1,1,1.0,3.0
201100046055,0011-03-01 16:00:00,11,3,1,16,0,920,25,ALLENDE / COLBERT,48.919,2.22593,Plein jour,En agglomération,Intersection à plus de 4 branches,Normale,Trois véhicules et plus - en chaîne,,,,,,,,,,,1,2,5,1.0,4.0
201100046056,0011-03-03 00:55:00,11,3,3,0,55,920,25,VALMY / AUDRA,48.9276,2.25372,Nuit avec éclairage allumé,En agglomération,Intersection en X,Normale,Deux véhicules - côté,,,,,,,,,,,5,2,2,1.0,3.0
201100046057,0011-03-06 17:15:00,11,3,6,17,15,920,25,VALMY / KLEBER,48.9343,2.2559,Plein jour,En agglomération,Intersection en X,Normale,Deux véhicules - côté,,,,,,,,,,,1,2,2,1.0,3.0
201100046058,0011-03-08 12:15:00,11,3,8,12,15,920,25,STALINGRAD / KLEBER,48.9357,2.26089,Plein jour,En agglomération,Intersection en X,Normale,Deux véhicules - côté,,,,,,,,,,,1,2,2,1.0,3.0
201100046059,0011-03-09 09:30:00,11,3,9,9,30,920,25,DU BOIS / PRAGUE,48.9183,2.24919,Plein jour,En agglomération,Intersection en T,Normale,Deux véhicules - côté,,,,,,,,,,,1,2,3,1.0,3.0
201100046060,0011-03-09 19:00:00,11,3,9,19,0,920,25,R PAUL BERT,48.9313,2.244,Nuit avec éclairage allumé,En agglomération,Hors intersection,Normale,Deux véhicules - côté,,,,,,,,,,,5,2,1,1.0,3.0
201100046061,0011-03-19 14:40:00,11,3,19,14,40,920,25,AV DE L'AGENT SARRE,48.9251,2.26783,Plein jour,En agglomération,Hors intersection,Normale,Autre collision,,,,,,,,,,,1,2,1,1.0,6.0
201100046062,0011-03-18 16:55:00,11,3,18,16,55,920,25,AV DE STALINGRAD,48.9333,2.26465,Plein jour,En agglomération,Hors intersection,Normale,Deux véhicules - arrière,,,,,,,,,,,1,2,1,1.0,2.0
201100046063,0011-03-25 15:35:00,11,3,25,15,35,920,25,R PAUL BERT,48.929,2.24651,Plein jour,En agglomération,Hors intersection,Normale,Autre collision,,,,,,,,,,,1,2,1,1.0,6.0
201100046064,0011-03-26 14:10:00,11,3,26,14,10,920,25,R PAUL BERT,48.9283,2.24672,Plein jour,En agglomération,Hors intersection,Normale,Deux véhicules - côté,,,,,,,,,,,1,2,1,1.0,3.0
201100046065,0011-04-04 19:20:00,11,4,4,19,20,920,25,"466, GABRIEL PERI (RUE)",,,Plein jour,En agglomération,Hors intersection,Normale,Sans collision,,,,,,,,,,,1,2,1,1.0,7.0
201100046066,0011-04-10 21:20:00,11,4,10,21,20,920,25,"22, AUDRA (AV)",,,Nuit avec éclairage allumé,En agglomération,Hors intersection,Normale,Sans collision,,,,,,,,,,,5,2,1,1.0,7.0
201100046067,0011-04-16 04:40:00,11,4,16,4,40,920,25,PAUL BERT (RUE),,,Nuit avec éclairage allumé,En agglomération,Place,Normale,Deux véhicules - côté,,,,,,,,,,,5,2,7,1.0,3.0
201100046068,0011-04-16 19:45:00,11,4,16,19,45,920,25,AGENT SARRE (AV DE L'),,,Plein jour,En agglomération,Intersection en T,Normale,Deux véhicules - frontale,,,,,,,,,,,1,2,3,1.0,1.0
201100046069,0011-04-21 22:10:00,11,4,21,22,10,920,25,"01, PAUL BERT (RUE)",,,Nuit avec éclairage allumé,En agglomération,Hors intersection,Normale,Deux véhicules - côté,,,,,,,,,,,5,2,1,1.0,3.0
201100046070,0011-04-22 14:30:00,11,4,22,14,30,920,25,"33, VALMY (BD DE)",,,Plein jour,En agglomération,Hors intersection,Normale,Deux véhicules - arrière,,,,,,,,,,,1,2,1,1.0,2.0
201100046071,0011-04-26 12:10:00,11,4,26,12,10,920,25,"20, STALINGRAD (AV DE)",,,Plein jour,En agglomération,Hors intersection,Normale,Deux véhicules - arrière,,,,,,,,,,,1,2,1,1.0,2.0
201100046072,0011-05-01 03:20:00,11,5,1,3,20,920,25,DE GAULLE / SARTROUVILLE,48.918,2.22394,Nuit avec éclairage allumé,En agglomération,Intersection en X,Normale,Deux véhicules - arrière,,,,,,,,,,,5,2,2,1.0,2.0
201100046073,0011-05-04 17:50:00,11,5,4,17,50,920,25,AV HENRI BARBUSSE,48.9166,2.25275,Plein jour,En agglomération,Hors intersection,Normale,Deux véhicules - frontale,,,,,,,,,,,1,2,1,1.0,1.0
201100046074,0011-05-11 21:20:00,11,5,11,21,20,920,25,FAURE / VIROL,48.9145,2.26004,Nuit avec éclairage allumé,En agglomération,Intersection en T,Normale,Deux véhicules - côté,,,,,,,,,,,5,2,3,1.0,3.0
201100046075,0011-05-13 08:00:00,11,5,13,8,0,920,25,"155, AV HENRI BARBUSSE",48.9177,2.25267,Plein jour,En agglomération,Hors intersection,Normale,Autre collision,,,,,,,,,,,1,2,1,1.0,6.0
201100046076,0011-05-17 14:50:00,11,5,17,14,50,920,25,"77, BD CHARLES DE GAULLE",48.9119,2.23209,Plein jour,En agglomération,Hors intersection,Normale,Autre collision,,,,,,,,,,,1,2,1,1.0,6.0
201100046077,0011-05-19 18:30:00,11,5,19,18,30,920,25,"385 BIS, R GABRIEL PERI",48.9165,2.2344,Plein jour,En agglomération,Hors intersection,Normale,Deux véhicules - frontale,,,,,,,,,,,1,2,1,1.0,1.0
201100046078,0011-05-23 14:55:00,11,5,23,14,55,920,25,"26, AV AUDRA",48.928,2.25031,Plein jour,En agglomération,Hors intersection,Normale,Deux véhicules - frontale,,,,,,,,,,,1,2,1,1.0,1.0
201100046079,0011-05-30 09:00:00,11,5,30,9,0,920,25,"1541, R DU PRESIDENT SAL",48.922,2.23226,Plein jour,En agglomération,Hors intersection,Normale,Deux véhicules - arrière,,,,,,,,,,,1,2,1,1.0,2.0
201100046080,0011-05-31 13:00:00,11,5,31,13,0,920,25,"34, AV DE L'EUROPE",48.9258,2.2418,Plein jour,En agglomération,Hors intersection,Normale,Deux véhicules - côté,,,,,,,,,,,1,2,1,1.0,3.0
201100046081,0011-06-03 13:45:00,11,6,3,13,45,920,25,"460, R GABRIEL PERI",48.9149,2.23009,Plein jour,En agglomération,Hors intersection,Normale,Autre collision,,,,,,,,,,,1,2,1,1.0,6.0
201100046082,0011-06-10 11:15:00,11,6,10,11,15,920,25,SARRE / MARCEL,48.9265,2.27216,Plein jour,En agglomération,Intersection en T,Pluie forte,Deux véhicules - côté,,,,,,,,,,,1,2,3,3.0,3.0
201100046083,0011-06-10 14:00:00,11,6,10,14,0,920,25,MOSLARD / BROSSOLETTE,48.9101,2.24033,Plein jour,En agglomération,Intersection en T,Normale,Autre collision,,,,,,,,,,,1,2,3,1.0,6.0
201100046084,0011-06-20 10:05:00,11,6,20,10,5,920,25,STALINGRAD / MICHELET,48.9317,2.26674,Plein jour,En agglomération,Intersection en X,Normale,Deux véhicules - frontale,,,,,,,,,,,1,2,2,1.0,1.0
201100046085,0011-06-26 18:35:00,11,6,26,18,35,920,25,PERI / DE GAULLE,48.9145,2.22899,Plein jour,En agglomération,Intersection en X,Normale,Deux véhicules - côté,,,,,,,,,,,1,2,2,1.0,3.0
201100046086,0011-06-28 15:20:00,11,6,28,15,20,920,25,AV FLEURY,48.9198,2.25682,Plein jour,En agglomération,Hors intersection,Normale,Autre collision,,,,,,,,,,,1,2,1,1.0,6.0
201100046087,0011-06-30 19:45:00,11,6,30,19,45,920,25,RENOUILLERS / L'EGALITE,48.9247,2.2401,Plein jour,En agglomération,Intersection en T,Normale,Autre collision,,,,,,,,,,,1,2,3,1.0,6.0
201100046088,0011-07-22 11:00:00,11,7,22,11,0,920,25,"01, R DU DEBARCADERE",,,Plein jour,En agglomération,Hors intersection,Normale,Deux véhicules - arrière,,,,,,,,,,,1,2,1,1.0,2.0
201100046089,0011-07-27 09:25:00,11,7,27,9,25,920,25,1PERI / L'EGALITE,,,Plein jour,En agglomération,Intersection en T,Normale,Deux véhicules - côté,,,,,,,,,,,1,2,3,1.0,3.0
201100046090,0011-08-02 15:50:00,11,8,2,15,50,920,25,DE GAULLE / PERI,,,Plein jour,En agglomération,Intersection en X,Normale,Sans collision,,,,,,,,,,,1,2,2,1.0,7.0
201100046091,0011-08-06 13:55:00,11,8,6,13,55,920,25,R PAUL BERT,,,Plein jour,En agglomération,Hors intersection,Normale,Deux véhicules - côté,,,,,,,,,,,1,2,1,1.0,3.0
201100046092,0011-08-09 15:10:00,11,8,9,15,10,920,25,R DES VOIES DU BOIS,,,Plein jour,En agglomération,Hors intersection,Normale,Deux véhicules - frontale,,,,,,,,,,,1,2,1,1.0,1.0
201100046093,0011-08-20 15:30:00,11,8,20,15,30,920,25,ARTS / MAURIAC,,,Plein jour,En agglomération,Intersection en T,Normale,Deux véhicules - côté,,,,,,,,,,,1,2,3,1.0,3.0
201100046094,0011-08-23 12:40:00,11,8,23,12,40,920,25,GAMBETTA / MENELOTTE,,,Plein jour,En agglomération,Intersection en X,Normale,Deux véhicules - frontale,,,,,,,,,,,1,2,2,1.0,1.0
201100046095,0011-09-03 13:40:00,11,9,3,13,40,920,25,D'ORVES / OSTYN,,,Plein jour,En agglomération,Intersection en Y,Normale,Deux véhicules - frontale,,,,,,,,,,,1,2,4,1.0,1.0
201100046096,0011-09-19 12:30:00,11,9,19,12,30,920,25,GAULLE / L'AGRICULTURE,,,Plein jour,En agglomération,Intersection en T,Normale,Deux véhicules - arrière,,,,,,,,,,,1,2,3,1.0,2.0
201100046097,0011-09-26 20:20:00,11,9,26,20,20,920,25,VALMY / FRATERNITE,,,Plein jour,En agglomération,Intersection en T,Normale,Deux véhicules - côté,,,,,,,,,,,1,2,3,1.0,3.0
201100046098,0011-10-14 20:00:00,11,10,14,20,0,920,25,"360, R GABRIEL PERI",,,Nuit avec éclairage allumé,En agglomération,Hors intersection,Normale,Deux véhicules - frontale,,,,,,,,,,,5,2,1,1.0,1.0
201100046099,0011-10-17 19:10:00,11,10,17,19,10,920,25,BOUVIER / FINLANDE,,,Nuit avec éclairage non allumé,En agglomération,Intersection en T,Normale,Autre collision,,,,,,,,,,,4,2,3,1.0,6.0
201100046100,0011-12-02 19:00:00,11,12,2,19,0,920,25,"41, BOURNARD (RUE DU)",,,Crépuscule ou aube,En agglomération,Hors intersection,Normale,Autre collision,,,,,,,,,,,2,2,1,1.0,6.0
201100046101,0011-12-03 18:00:00,11,12,3,18,0,920,25,VALMY (BD DE),,,Nuit avec éclairage allumé,En agglomération,Hors intersection,Pluie légère,Deux véhicules - côté,,,,,,,,,,,5,2,1,2.0,3.0
201100046102,0011-12-06 12:20:00,11,12,6,12,20,920,25,GABRIEL PERI (RUE),,,Plein jour,En agglomération,Hors intersection,Normale,Deux véhicules - côté,,,,,,,,,,,1,2,1,1.0,3.0
201100046103,0011-12-10 20:00:00,11,12,10,20,0,920,25,"65, PAUL BERT (RUE)",,,Nuit avec éclairage allumé,En agglomération,Hors intersection,Normale,Trois véhicules et plus - en chaîne,,,,,,,,,,,5,2,1,1.0,4.0
201100046104,0011-12-16 08:00:00,11,12,16,8,0,920,25,VALMY (BD DE),,,Nuit avec éclairage non allumé,En agglomération,Autre intersection,Pluie forte,Autre collision,,,,,,,,,,,4,2,9,3.0,6.0
201100046105,0011-12-19 16:10:00,11,12,19,16,10,920,25,VALMY (BD DE),,,Nuit avec éclairage non allumé,En agglomération,Hors intersection,Pluie légère,Autre collision,,,,,,,,,,,4,2,1,2.0,6.0
201100046106,0011-07-30 22:55:00,11,7,30,22,55,920,25,"203, R GABRIEL PERI",,,Nuit avec éclairage allumé,En agglomération,Hors intersection,Normale,Trois véhicules et plus - collisions multiples,,,,,,,,,,,5,2,1,1.0,5.0
201100046107,0011-09-02 17:00:00,11,9,2,17,0,920,25,GAULLE / CUGNET,,,Plein jour,En agglomération,Intersection en Y,Normale,Autre collision,,,,,,,,,,,1,2,4,1.0,6.0
201100046108,0011-11-16 08:55:00,11,11,16,8,55,920,25,"8, BD CHARLES DE GAULLE",,,Plein jour,En agglomération,Hors intersection,Normale,Autre collision,,,,,,,,,,,1,2,1,1.0,6.0
201100046109,0011-11-30 15:20:00,11,11,30,15,20,920,25,"50, R PAUL BERT",,,Plein jour,En agglomération,Hors intersection,Normale,Deux véhicules - arrière,,,,,,,,,,,1,2,1,1.0,2.0
201100046110,0011-12-30 21:50:00,11,12,30,21,50,920,26,PR?SIDENT PAUL DOUMER (Q,,,Nuit avec éclairage allumé,En agglomération,Hors intersection,Pluie légère,Deux véhicules - frontale,,,,,,,,,,,5,2,1,2.0,1.0
201100046111,0011-01-06 22:25:00,11,1,6,22,25,920,26,SEPTEMBRE / MOULIN,48.9067,2.27617,Nuit avec éclairage allumé,Hors agglomération,Intersection à plus de 4 branches,Normale,Deux véhicules - frontale,,,,,,,,,,,5,1,5,1.0,1.0
201100046112,0011-01-06 11:25:00,11,1,6,11,25,920,26,R JEAN PIERRE TIMBAUD,,,Plein jour,En agglomération,Hors intersection,Pluie légère,Sans collision,,,,,,,,,,,1,2,1,2.0,7.0
201100046113,0011-01-05 11:00:00,11,1,5,11,0,920,26,BITCHE / SEGOFFIN,48.8961,2.24668,Plein jour,En agglomération,Intersection en X,Normale,Deux véhicules - côté,,,,,,,,,,,1,2,2,1.0,3.0
201100046114,0011-01-08 18:10:00,11,1,8,18,10,920,26,VERDUN / DUBONNET,48.9013,2.25995,Nuit avec éclairage allumé,En agglomération,Intersection en T,Pluie légère,Deux véhicules - côté,,,,,,,,,,,5,2,3,2.0,3.0
201100046115,0011-01-11 08:50:00,11,1,11,8,50,920,26,"63, R JEAN PIERRE TIMBAU",48.8986,2.25237,Plein jour,En agglomération,Hors intersection,Normale,Deux véhicules - côté,,,,,,,,,,,1,2,1,1.0,3.0
201100046116,0011-01-14 15:00:00,11,1,14,15,0,920,26,BRIAND / VERDUN,48.9004,2.26078,Plein jour,En agglomération,Intersection en X,Autre,Autre collision,,,,,,,,,,,1,2,2,9.0,6.0
201100046117,0011-01-15 02:45:00,11,1,15,2,45,920,26,DOUMER / AUDRAN,48.8896,2.25487,Nuit avec éclairage allumé,En agglomération,Intersection en X,Normale,Sans collision,,,,,,,,,,,5,2,2,1.0,7.0
201100046118,0011-01-17 20:20:00,11,1,17,20,20,920,26,PAIX / ULBACH,48.9017,2.26416,Nuit avec éclairage allumé,En agglomération,Intersection en X,Normale,Deux véhicules - frontale,,,,,,,,,,,5,2,2,1.0,1.0
201100046119,0011-01-20 12:10:00,11,1,20,12,10,920,26,VERDUN / DUBONNET,48.9013,2.25995,Plein jour,En agglomération,Intersection en T,Normale,Deux véhicules - côté,,,,,,,,,,,1,2,3,1.0,3.0
201100046120,0011-01-21 23:25:00,11,1,21,23,25,920,26,DENIS / CARPEAUX,48.899,2.26642,Nuit avec éclairage allumé,En agglomération,Intersection en T,Normale,Deux véhicules - côté,,,,,,,,,,,5,2,3,1.0,3.0
201100046121,0011-01-25 10:05:00,11,1,25,10,5,920,26,JOFFRE / AJOUX,48.9007,2.27515,Plein jour,En agglomération,Intersection en X,Normale,Autre collision,,,,,,,,,,,1,2,2,1.0,6.0
201100046122,0011-01-27 16:50:00,11,1,27,16,50,920,26,BD ARISTIDE BRIAND,48.9,2.25955,Plein jour,En agglomération,Hors intersection,Normale,Deux véhicules - côté,,,,,,,,,,,1,2,1,1.0,3.0
201100046123,0011-01-28 08:40:00,11,1,28,8,40,920,26,BEZONS / STRASBOURG,48.8934,2.25216,Plein jour,En agglomération,Intersection en T,Normale,Autre collision,,,,,,,,,,,1,2,3,1.0,6.0
201100046124,0011-02-01 20:55:00,11,2,1,20,55,920,26,SILVESTRE / CAYLA,48.9009,2.2649,Nuit avec éclairage allumé,En agglomération,Intersection en X,Pluie légère,Sans collision,,,,,,,,,,,5,2,2,2.0,7.0
201100046125,0011-01-28 16:30:00,11,1,28,16,30,920,26,SILVESTRE / FRANCE,48.9015,2.26596,Plein jour,En agglomération,Intersection en T,Temps couvert,Autre collision,,,,,,,,,,,1,2,3,8.0,6.0
201100046126,0011-01-21 09:20:00,11,1,21,9,20,920,26,AUDRAN / ARLETTY,48.8901,2.25388,Plein jour,En agglomération,Intersection en T,Normale,Autre collision,,,,,,,,,,,1,2,3,1.0,6.0
201100046127,0011-02-02 11:35:00,11,2,2,11,35,920,26,COLOMBES / BROSSOLETTE,48.9046,2.25589,Plein jour,En agglomération,Intersection en T,Autre,Autre collision,,,,,,,,,,,1,2,3,9.0,6.0
201100046128,0011-02-02 11:15:00,11,2,2,11,15,920,26,ABREUVOIR / L'INDUSTRIE,48.8906,2.25555,Plein jour,En agglomération,Intersection en X,Normale,Deux véhicules - côté,,,,,,,,,,,1,2,2,1.0,3.0
201100046129,0011-02-03 17:30:00,11,2,3,17,30,920,26,R JEAN PIERRE TIMBAUD,48.9015,2.24742,Plein jour,En agglomération,Hors intersection,Normale,Autre collision,,,,,,,,,,,1,2,1,1.0,6.0
201100046130,0011-02-04 15:45:00,11,2,4,15,45,920,26,QU DU MARECHAL JOFFRE,48.8992,2.2708,Plein jour,En agglomération,Hors intersection,Normale,Deux véhicules - arrière,,,,,,,,,,,1,2,1,1.0,2.0
201100046131,0011-02-03 12:00:00,11,2,3,12,0,920,26,CARON / NORMANDIE,48.8969,2.24336,Plein jour,En agglomération,Intersection en T,Normale,Autre collision,,,,,,,,,,,1,2,3,1.0,6.0
201100046132,0011-02-16 14:15:00,11,2,16,14,15,920,26,JOFFRE / AJOUX,48.9007,2.27515,Plein jour,En agglomération,Intersection en T,Normale,Deux véhicules - côté,,,,,,,,,,,1,2,3,1.0,3.0
201100046133,0011-02-16 20:35:00,11,2,16,20,35,920,26,VERDUN / DUBONNET,48.9013,2.25995,Nuit avec éclairage allumé,En agglomération,Intersection en T,Normale,Deux véhicules - côté,,,,,,,,,,,5,2,3,1.0,3.0
201100046134,0011-02-17 23:50:00,11,2,17,23,50,920,26,VERDUN / REPUBLIQUE,48.9036,2.25763,Nuit avec éclairage allumé,En agglomération,Intersection en T,Normale,Deux véhicules - arrière,,,,,,,,,,,5,2,3,1.0,2.0
201100046135,0011-02-23 23:25:00,11,2,23,23,25,920,26,VERDUN / BOURSIER,48.8969,2.26429,Nuit avec éclairage allumé,En agglomération,Intersection en Y,Autre,Deux véhicules - arrière,,,,,,,,,,,5,2,4,9.0,2.0
201100046136,0011-02-24 11:40:00,11,2,24,11,40,920,26,R LEON BOURSIER,48.8975,2.264,Plein jour,En agglomération,Hors intersection,Normale,Autre collision,,,,,,,,,,,1,2,1,1.0,6.0
201100046137,0011-03-07 13:50:00,11,3,7,13,50,920,26,DENIS / PARMENTIER,48.8973,2.26151,Plein jour,En agglomération,Intersection en X,Normale,Deux véhicules - arrière,,,,,,,,,,,1,2,2,1.0,2.0
201100046138,0011-03-07 11:20:00,11,3,7,11,20,920,26,QU DU PRESIDENT PAUL DOU,48.8922,2.25905,Plein jour,En agglomération,Hors intersection,Normale,Deux véhicules - arrière,,,,,,,,,,,1,2,1,1.0,2.0
201100046139,0011-03-02 16:00:00,11,3,2,16,0,920,26,SAINT-DENIS / AJOUX,48.9022,2.27369,Plein jour,En agglomération,Intersection en T,Normale,Autre collision,,,,,,,,,,,1,2,3,1.0,6.0
201100046140,0011-03-11 17:00:00,11,3,11,17,0,920,26,"51, R DE L'ALMA",48.8968,2.25442,Plein jour,En agglomération,Hors intersection,Temps couvert,Deux véhicules - arrière,,,,,,,,,,,1,2,1,8.0,2.0