accident_id,datetime,annee,mois,jour,heure,minute,departement,commune_insee,adresse,latitude,longitude,luminosite,agglomeration,intersection,meteo,collision,nb_vehicules,nb_usagers,nb_indemnes,nb_tues,nb_blesses_hosp,nb_blesses_legers,age_cond_1,age_cond_2,veh_type_cond_1,veh_type_cond_2,lum_code,agg_code,int_code,atm_code,col_code
201100046141,0011-03-19 09:45:00,11,3,19,9,45,920,26,BD DE VERDUN,48.9012,2.26006,Plein jour,En agglomération,Hors intersection,Normale,Sans collision,,,,,,,,,,,1,2,1,1.0,7.0
201100046142,0011-03-22 09:50:00,11,3,22,9,50,920,26,PAUL DOUMER,48.8935,2.25993,Plein jour,En agglomération,Hors intersection,Normale,Deux véhicules - arrière,,,,,,,,,,,1,2,1,1.0,2.0
201100046143,0011-03-25 18:45:00,11,3,25,18,45,920,26,VERDUN / FERRY,48.8988,2.26235,Crépuscule ou aube,Hors agglomération,Intersection en T,Normale,Deux véhicules - côté,,,,,,,,,,,2,1,3,1.0,3.0
201100046144,0011-03-25 19:20:00,11,3,25,19,20,920,26,R BAUDIN,48.8959,2.25116,Crépuscule ou aube,En agglomération,Hors intersection,Normale,Deux véhicules - côté,,,,,,,,,,,2,2,1,1.0,3.0
201100046145,0011-04-05 18:55:00,11,4,5,18,55,920,26,VERDUN / BRIAND,48.9004,2.26078,Plein jour,En agglomération,Intersection en X,Normale,Trois véhicules et plus - collisions multiples,,,,,,,,,,,1,2,2,1.0,5.0
201100046146,0011-04-05 11:30:00,11,4,5,11,30,920,26,"15, R DU PRESIDENT KRUGE",48.8984,2.25543,Plein jour,En agglomération,Hors intersection,Normale,Deux véhicules - côté,,,,,,,,,,,1,2,1,1.0,3.0
201100046147,0011-04-05 08:30:00,11,4,5,8,30,920,26,BEZONS / STRASBOURG,48.8934,2.25216,Plein jour,En agglomération,Intersection en T,Normale,Deux véhicules - côté,,,,,,,,,,,1,2,3,1.0,3.0
201100046148,0011-04-08 16:00:00,11,4,8,16,0,920,26,HUGO / DOUMER,48.8966,2.26344,Plein jour,En agglomération,Intersection à plus de 4 branches,Normale,Deux véhicules - côté,,,,,,,,,,,1,2,5,1.0,3.0
201100046149,0011-04-13 09:00:00,11,4,13,9,0,920,26,"323, BD SAINT-DENIS",48.9044,2.27865,Plein jour,En agglomération,Hors intersection,Normale,Trois véhicules et plus - collisions multiples,,,,,,,,,,,1,2,1,1.0,5.0
201100046150,0011-04-21 00:25:00,11,4,21,0,25,920,26,BD ARISTIDE BRIAND,48.8994,2.258,Nuit avec éclairage allumé,En agglomération,Hors intersection,Normale,Autre collision,,,,,,,,,,,5,2,1,1.0,6.0
201100046151,0011-04-21 09:23:00,11,4,21,9,23,920,26,VERDUN / DUBONNET,48.9013,2.25995,Plein jour,En agglomération,Intersection en T,Normale,Deux véhicules - côté,,,,,,,,,,,1,2,3,1.0,3.0
201100046152,0011-04-28 10:25:00,11,4,28,10,25,920,26,"3, R DE BITCHE",48.8949,2.24916,Plein jour,En agglomération,Hors intersection,Normale,Autre collision,,,,,,,,,,,1,2,1,1.0,6.0
201100046153,0011-04-30 20:10:00,11,4,30,20,10,920,26,"199, BD SAINT-DENIS",48.9001,2.26881,Plein jour,En agglomération,Hors intersection,Normale,Autre collision,,,,,,,,,,,1,2,1,1.0,6.0
201100046154,0011-05-05 10:30:00,11,5,5,10,30,920,26,"89, BD DE VERDUN",48.9011,2.26011,Plein jour,En agglomération,Hors intersection,Normale,Deux véhicules - côté,,,,,,,,,,,1,2,1,1.0,3.0
201100046155,0011-05-13 08:35:00,11,5,13,8,35,920,26,COLOMBES / BRIAND,48.8989,2.2566,Plein jour,En agglomération,Intersection en X,Normale,Deux véhicules - côté,,,,,,,,,,,1,2,2,1.0,3.0
201100046156,0011-05-13 15:30:00,11,5,13,15,30,920,26,L'ABREUVOIR / ARLETTY,48.891,2.25514,Plein jour,En agglomération,Intersection en X,Normale,Deux véhicules - arrière,,,,,,,,,,,1,2,2,1.0,2.0
201100046157,0011-05-18 16:20:00,11,5,18,16,20,920,26,"112, BD DE VERDUN",48.9027,2.25847,Plein jour,En agglomération,Hors intersection,Normale,Autre collision,,,,,,,,,,,1,2,1,1.0,6.0
201100046158,0011-05-19 21:00:00,11,5,19,21,0,920,26,"10, BD DE VERDUN",48.8977,2.26346,Plein jour,En agglomération,Hors intersection,Normale,Deux véhicules - côté,,,,,,,,,,,1,2,1,1.0,3.0
201100046159,0011-05-24 08:20:00,11,5,24,8,20,920,26,"18, QU DU PRESIDENT PAUL",48.8922,2.25883,Plein jour,En agglomération,Hors intersection,Normale,Deux véhicules - arrière,,,,,,,,,,,1,2,1,1.0,2.0
201100046160,0011-05-30 12:35:00,11,5,30,12,35,920,26,"124, BD DE VERDUN",48.9041,2.25711,Plein jour,En agglomération,Hors intersection,Normale,Deux véhicules - arrière,,,,,,,,,,,1,2,1,1.0,2.0
201100046161,0011-06-08 21:10:00,11,6,8,21,10,920,26,"28, BD ARISTIDE BRIAND",48.8997,2.25874,Crépuscule ou aube,Hors agglomération,Hors intersection,Normale,Deux véhicules - côté,,,,,,,,,,,2,1,1,1.0,3.0
201100046162,0011-06-08 20:40:00,11,6,8,20,40,920,26,MARCHAND / DESCHANEL,48.8999,2.23986,Crépuscule ou aube,En agglomération,Intersection en X,Temps couvert,Deux véhicules - côté,,,,,,,,,,,2,2,2,8.0,3.0
201100046163,0011-06-13 01:25:00,11,6,13,1,25,920,26,R VICTOR HUGO,48.8942,2.25756,Nuit avec éclairage allumé,En agglomération,Hors intersection,Pluie légère,Sans collision,,,,,,,,,,,5,2,1,2.0,7.0
201100046164,0011-06-06 08:15:00,11,6,6,8,15,920,26,VERDUN / RIVIERE,48.903,2.25816,Plein jour,En agglomération,Intersection en X,Pluie forte,Deux véhicules - côté,,,,,,,,,,,1,2,2,3.0,3.0
201100046165,0011-06-16 14:20:00,11,6,16,14,20,920,26,JOFFRE / AJOUX,48.9006,2.27523,Plein jour,En agglomération,Intersection en T,Normale,Deux véhicules - côté,,,,,,,,,,,1,2,3,1.0,3.0
201100046166,0011-06-19 06:45:00,11,6,19,6,45,920,26,REPUBLIQUE / D'ORVES,48.9016,2.25143,Crépuscule ou aube,En agglomération,Intersection en X,Normale,Deux véhicules - côté,,,,,,,,,,,2,2,2,1.0,3.0
201100046167,0011-06-20 08:20:00,11,6,20,8,20,920,26,SAINT-DENIS / AJOUX,48.9022,2.27369,Plein jour,En agglomération,Intersection en T,Pluie légère,Autre collision,,,,,,,,,,,1,2,3,2.0,6.0
201100046168,0011-06-21 10:00:00,11,6,21,10,0,920,26,QU DU MARECHAL JOFFRE,48.9005,2.27449,Plein jour,En agglomération,Hors intersection,Temps couvert,Deux véhicules - arrière,,,,,,,,,,,1,2,1,8.0,2.0
201100046169,0011-06-24 12:10:00,11,6,24,12,10,920,26,VERDUN / REPUBLIQUE,48.9036,2.25763,Plein jour,En agglomération,Intersection en X,Normale,Deux véhicules - côté,,,,,,,,,,,1,2,2,1.0,3.0
201100046170,0011-06-24 18:00:00,11,6,24,18,0,920,26,VERDUN / SILVESTRE,48.8995,2.26168,Plein jour,En agglomération,Intersection en X,Normale,Autre collision,,,,,,,,,,,1,2,2,1.0,6.0
201100046171,0011-06-28 07:45:00,11,6,28,7,45,920,26,R DE COLOMBES,48.9014,2.25625,Plein jour,Hors agglomération,Hors intersection,Normale,Deux véhicules - arrière,,,,,,,,,,,1,1,1,1.0,2.0
201100046172,0011-06-30 14:55:00,11,6,30,14,55,920,26,MARCEAU / BLONDEL,48.9006,2.24498,Plein jour,En agglomération,Intersection en T,Normale,Autre collision,,,,,,,,,,,1,2,3,1.0,6.0
201100046173,0011-06-30 20:40:00,11,6,30,20,40,920,26,PONT LEONARD DE VINCI,48.8961,2.23404,Plein jour,En agglomération,Hors intersection,Normale,Deux véhicules - arrière,,,,,,,,,,,1,2,1,1.0,2.0
201100046174,0011-07-01 20:55:00,11,7,1,20,55,920,26,VERDUN / HUGO,,,Plein jour,En agglomération,Intersection à plus de 4 branches,Normale,Deux véhicules - côté,,,,,,,,,,,1,2,5,1.0,3.0
201100046175,0011-07-02 16:15:00,11,7,2,16,15,920,26,QU DU MARECHAL JOFFRE,,,Plein jour,En agglomération,Hors intersection,Normale,Sans collision,,,,,,,,,,,1,2,1,1.0,7.0
201100046176,0011-07-05 13:35:00,11,7,5,13,35,920,26,BD DE LA MISSION MARCHAN,,,Plein jour,En agglomération,Hors intersection,Normale,Deux véhicules - côté,,,,,,,,,,,1,2,1,1.0,3.0
201100046177,0011-07-06 17:45:00,11,7,6,17,45,920,26,VERDUN / RIVIERE,,,Plein jour,En agglomération,Intersection en X,Normale,Autre collision,,,,,,,,,,,1,2,2,1.0,6.0
201100046178,0011-07-07 14:30:00,11,7,7,14,30,920,26,BD DE LA MISSION MARCHAN,,,Plein jour,En agglomération,Hors intersection,Normale,Deux véhicules - arrière,,,,,,,,,,,1,2,1,1.0,2.0
201100046179,0011-07-11 17:40:00,11,7,11,17,40,920,26,VERDUN / FERRY,,,Plein jour,En agglomération,Intersection en T,Normale,Deux véhicules - côté,,,,,,,,,,,1,2,3,1.0,3.0
201100046180,0011-07-13 18:20:00,11,7,13,18,20,920,26,VERDUN / RIVIERE,,,Crépuscule ou aube,En agglomération,Intersection en T,Pluie légère,Deux véhicules - côté,,,,,,,,,,,2,2,3,2.0,3.0
201100046181,0011-07-27 07:05:00,11,7,27,7,5,920,26,"50, R DE COLOMBES",,,Plein jour,En agglomération,Hors intersection,Normale,Trois véhicules et plus - collisions multiples,,,,,,,,,,,1,2,1,1.0,5.0
201100046182,0011-07-28 06:00:00,11,7,28,6,0,920,26,BITCHE / SEGOFFIN,,,Crépuscule ou aube,En agglomération,Intersection en X,Normale,Deux véhicules - côté,,,,,,,,,,,2,2,2,1.0,3.0
201100046183,0011-07-28 07:45:00,11,7,28,7,45,920,26,PONT DE COURBEVOIE,,,Plein jour,En agglomération,Hors intersection,Normale,Deux véhicules - arrière,,,,,,,,,,,1,2,1,1.0,2.0
201100046184,0011-07-31 16:30:00,11,7,31,16,30,920,26,"38, MISSION MARCHAND (CO",,,Plein jour,En agglomération,Intersection en X,Normale,Deux véhicules - arrière,,,,,,,,,,,1,2,2,1.0,2.0
201100046185,0011-08-01 11:25:00,11,8,1,11,25,920,26,AV MARCEAU,,,Plein jour,En agglomération,Hors intersection,Normale,Autre collision,,,,,,,,,,,1,2,1,1.0,6.0
201100046186,0011-08-11 09:10:00,11,8,11,9,10,920,26,R DE L'ABREUVOIR,,,Plein jour,En agglomération,Hors intersection,Normale,Deux véhicules - côté,,,,,,,,,,,1,2,1,1.0,3.0
201100046187,0011-08-12 11:20:00,11,8,12,11,20,920,26,JOFFRE / SAINT-GUILLAUME,,,Plein jour,En agglomération,Intersection en T,Normale,Deux véhicules - côté,,,,,,,,,,,1,2,3,1.0,3.0
201100046188,0011-08-14 01:45:00,11,8,14,1,45,920,26,PAUL DOUMER,,,Nuit avec éclairage allumé,En agglomération,Hors intersection,Pluie légère,Sans collision,,,,,,,,,,,5,2,1,2.0,7.0
201100046189,0011-08-26 07:50:00,11,8,26,7,50,920,26,R DU PRESIDENT KRUGER,,,Plein jour,En agglomération,Hors intersection,Pluie légère,Deux véhicules - côté,,,,,,,,,,,1,2,1,2.0,3.0
201100046190,0011-08-25 11:30:00,11,8,25,11,30,920,26,AV GAMBETTA,,,Plein jour,En agglomération,Hors intersection,Normale,Deux véhicules - arrière,,,,,,,,,,,1,2,1,1.0,2.0
201100046191,0011-09-07 10:30:00,11,9,7,10,30,920,26,"47 BIS, R DE BEZONS",,,Plein jour,En agglomération,Hors intersection,Normale,Deux véhicules - arrière,,,,,,,,,,,1,2,1,1.0,2.0
201100046192,0011-09-09 14:20:00,11,9,9,14,20,920,26,PR?SIDENT PAUL DOUMER (Q,,,Plein jour,En agglomération,Hors intersection,Normale,Deux véhicules - côté,,,,,,,,,,,1,2,1,1.0,3.0
201100046193,0011-09-17 16:45:00,11,9,17,16,45,920,26,QU DU MARECHAL JOFFRE,,,Plein jour,En agglomération,Hors intersection,Normale,Sans collision,,,,,,,,,,,1,2,1,1.0,7.0
201100046194,0011-09-19 19:20:00,11,9,19,19,20,920,26,"40, R DE L'ALMA",,,Crépuscule ou aube,En agglomération,Hors intersection,Temps couvert,Sans collision,,,,,,,,,,,2,2,1,8.0,7.0
201100046195,0011-09-13 16:15:00,11,9,13,16,15,920,26,DOUMER / FICATIER,,,Plein jour,En agglomération,Intersection en T,Normale,Deux véhicules - arrière,,,,,,,,,,,1,2,3,1.0,2.0
201100046196,0011-09-22 10:00:00,11,9,22,10,0,920,26,"136, BD SAINT-DENIS",,,Plein jour,En agglomération,Hors intersection,Normale,Deux véhicules - côté,,,,,,,,,,,1,2,1,1.0,3.0
201100046197,0011-09-22 09:00:00,11,9,22,9,0,920,26,VERDUN / BERT,,,Plein jour,En agglomération,Intersection en X,Normale,Autre collision,,,,,,,,,,,1,2,2,1.0,6.0
201100046198,0011-10-01 16:15:00,11,10,1,16,15,920,26,"35, R DE L'ALMA",,,Plein jour,En agglomération,Hors intersection,Normale,Deux véhicules - côté,,,,,,,,,,,1,2,1,1.0,3.0
201100046199,0011-10-09 13:20:00,11,10,9,13,20,920,26,"03, R DU PRESIDENT KRUGE",,,Plein jour,En agglomération,Hors intersection,Normale,Deux véhicules - côté,,,,,,,,,,,1,2,1,1.0,3.0
201100046200,0011-10-09 01:05:00,11,10,9,1,5,920,26,DOUMER / FICATIER,,,Nuit avec éclairage allumé,En agglomération,Intersection en X,Normale,Autre collision,,,,,,,,,,,5,2,2,1.0,6.0
201100046201,0011-10-07 13:45:00,11,10,7,13,45,920,26,MARCEAU / REPUBLIQUE,,,Plein jour,En agglomération,Intersection en X,Normale,Deux véhicules - côté,,,,,,,,,,,1,2,2,1.0,3.0
201100046202,0011-10-11 10:20:00,11,10,11,10,20,920,26,QU DU MARECHAL JOFFRE,,,Plein jour,En agglomération,Hors intersection,Normale,Deux véhicules - arrière,,,,,,,,,,,1,2,1,1.0,2.0
201100046203,0011-10-19 15:35:00,11,10,19,15,35,920,26,"112, 112, BD DE VERDUN",,,Plein jour,En agglomération,Hors intersection,Normale,Trois véhicules et plus - en chaîne,,,,,,,,,,,1,2,1,1.0,4.0
201100046204,0011-10-22 16:40:00,11,10,22,16,40,920,26,BAILLY / ALPHAND,,,Plein jour,En agglomération,Intersection en T,Normale,Deux véhicules - côté,,,,,,,,,,,1,2,3,1.0,3.0
201100046205,0011-10-26 22:35:00,11,10,26,22,35,920,26,DOUMER / L'ABREUVOIR,,,Nuit sans éclairage public,En agglomération,Intersection en T,Normale,Deux véhicules - côté,,,,,,,,,,,3,2,3,1.0,3.0
201100046206,0011-10-28 00:30:00,11,10,28,0,30,920,26,MARCHAND / GAULTIER,,,Nuit avec éclairage allumé,En agglomération,Intersection en X,Normale,Deux véhicules - côté,,,,,,,,,,,5,2,2,1.0,3.0
201100046207,0011-11-12 13:18:00,11,11,12,13,18,920,26,QU DU PRESIDENT PAUL DOU,,,Plein jour,En agglomération,Hors intersection,Normale,Deux véhicules - arrière,,,,,,,,,,,1,2,1,1.0,2.0
201100046208,0011-11-14 07:40:00,11,11,14,7,40,920,26,DENIS / FRANKLIN,,,Crépuscule ou aube,En agglomération,Intersection en T,Normale,Deux véhicules - arrière,,,,,,,,,,,2,2,3,1.0,2.0
201100046209,0011-11-15 09:40:00,11,11,15,9,40,920,26,R LOUIS BLANC,,,Plein jour,En agglomération,Hors intersection,Pluie légère,Deux véhicules - arrière,,,,,,,,,,,1,2,1,2.0,2.0
201100046210,0011-11-16 12:35:00,11,11,16,12,35,920,26,VERDUN / BRIAND,,,Plein jour,En agglomération,Intersection en X,Normale,Deux véhicules - côté,,,,,,,,,,,1,2,2,1.0,3.0
201100046211,0011-11-18 11:30:00,11,11,18,11,30,920,26,"07, R BAUDIN",,,Plein jour,En agglomération,Hors intersection,Normale,Deux véhicules - côté,,,,,,,,,,,1,2,1,1.0,3.0
201100046212,0011-11-18 18:40:00,11,11,18,18,40,920,26,COLOMBES / LAMBRECHTS,,,Nuit avec éclairage allumé,En agglomération,Intersection en T,Normale,Deux véhicules - arrière,,,,,,,,,,,5,2,3,1.0,2.0
201100046213,0011-11-17 18:00:00,11,11,17,18,0,920,26,"73, R DE BEZONS",,,Nuit avec éclairage allumé,En agglomération,Hors intersection,Normale,Autre collision,,,,,,,,,,,5,2,1,1.0,6.0
201100046214,0011-11-21 12:00:00,11,11,21,12,0,920,26,"05, BD ARISTIDE BRIAND",,,Plein jour,En agglomération,Hors intersection,Normale,Autre collision,,,,,,,,,,,1,2,1,1.0,6.0
201100046215,0011-11-25 11:05:00,11,11,25,11,5,920,26,BEZONS / BAUDIN,,,Plein jour,En agglomération,Intersection en X,Normale,Sans collision,,,,,,,,,,,1,2,2,1.0,7.0
201100046216,0011-11-29 19:30:00,11,11,29,19,30,920,26,"14, R DE BEZONS",,,Nuit avec éclairage allumé,En agglomération,Hors intersection,Normale,Deux véhicules - arrière,,,,,,,,,,,5,2,1,1.0,2.0
201100046217,0011-12-01 21:45:00,11,12,1,21,45,920,26,LEONARD DE VINCI,,,Nuit avec éclairage allumé,En agglomération,Autre intersection,Normale,Deux véhicules - arrière,,,,,,,,,,,5,2,9,1.0,2.0
201100046218,0011-12-05 17:45:00,11,12,5,17,45,920,26,ARISTIDE BRIAND,,,Crépuscule ou aube,En agglomération,Intersection en T,Pluie légère,Deux véhicules - côté,,,,,,,,,,,2,2,3,2.0,3.0
201100046219,0011-12-07 08:10:00,11,12,7,8,10,920,26,COLOMBES,,,Crépuscule ou aube,En agglomération,Intersection en X,Normale,Deux véhicules - côté,,,,,,,,,,,2,2,2,1.0,3.0
201100046220,0011-12-07 12:05:00,11,12,7,12,5,920,26,"14, ARISTIDE BRIAND",,,Plein jour,En agglomération,Hors intersection,Normale,Autre collision,,,,,,,,,,,1,2,1,1.0,6.0
201100046221,0011-12-08 18:15:00,11,12,8,18,15,920,26,"34, COLOMBES",,,Nuit avec éclairage allumé,En agglomération,Hors intersection,Normale,Deux véhicules - côté,,,,,,,,,,,5,2,1,1.0,3.0
201100046222,0011-12-08 19:05:00,11,12,8,19,5,920,26,MARECHAL JOFFRE (QUAI DU,,,Nuit avec éclairage allumé,En agglomération,Hors intersection,Normale,Deux véhicules - arrière,,,,,,,,,,,5,2,1,1.0,2.0
201100046223,0011-12-13 13:25:00,11,12,13,13,25,920,26,PR?SIDENT PAUL DOUMER (Q,,,Plein jour,En agglomération,Hors intersection,Normale,Deux véhicules - arrière,,,,,,,,,,,1,2,1,1.0,2.0
201100046224,0011-12-15 14:00:00,11,12,15,14,0,920,26,"61, PAIX",,,Plein jour,En agglomération,Intersection en X,Normale,Deux véhicules - arrière,,,,,,,,,,,1,2,2,1.0,2.0
201100046225,0011-01-02 16:15:00,11,1,2,16,15,920,35,BROSSOLETTE / GEORGES,48.9034,2.25222,Plein jour,En agglomération,Intersection en T,Normale,Sans collision,,,,,,,,,,,1,2,3,1.0,7.0
201100046226,0011-01-22 18:15:00,11,1,22,18,15,920,35,"41, AV DE VERDUN 1916",48.9049,2.2336,Nuit avec éclairage allumé,En agglomération,Hors intersection,Normale,Sans collision,,,,,,,,,,,5,2,1,1.0,7.0
201100046227,0011-01-24 18:50:00,11,1,24,18,50,920,35,BELGIQUE / CHARLEBOURG,48.9071,2.24036,Crépuscule ou aube,En agglomération,Intersection en T,Normale,Sans collision,,,,,,,,,,,2,2,3,1.0,7.0
201100046228,0011-01-28 13:30:00,11,1,28,13,30,920,35,LIBERTE / VOLTAIRE,48.9089,2.24696,Plein jour,En agglomération,Intersection en T,Normale,Autre collision,,,,,,,,,,,1,2,3,1.0,6.0
201100046229,0011-02-08 09:40:00,11,2,8,9,40,920,35,BD DE LA REPUBLIQUE,48.9061,2.25029,Plein jour,En agglomération,Hors intersection,Normale,Deux véhicules - côté,,,,,,,,,,,1,2,1,1.0,3.0
201100046230,0011-03-11 00:25:00,11,3,11,0,25,920,35,GAULLE / TRANSVAAL,48.9133,2.25336,Nuit avec éclairage allumé,En agglomération,Intersection en X,Normale,Deux véhicules - côté,,,,,,,,,,,5,2,2,1.0,3.0
201100046231,0011-03-22 12:15:00,11,3,22,12,15,920,35,BD DE LA REPUBLIQUE,48.906,2.25092,Plein jour,En agglomération,Hors intersection,Normale,Deux véhicules - côté,,,,,,,,,,,1,2,1,1.0,3.0
201100046232,0011-03-25 01:05:00,11,3,25,1,5,920,35,BD NATIONAL /VERDUN 1916,48.9067,2.23819,Nuit avec éclairage allumé,En agglomération,Intersection à plus de 4 branches,Normale,Deux véhicules - côté,,,,,,,,,,,5,2,5,1.0,3.0
201100046233,0011-04-20 12:30:00,11,4,20,12,30,920,35,BUISSON / FOCH,48.9107,2.25256,Plein jour,En agglomération,Intersection en X,Normale,Deux véhicules - côté,,,,,,,,,,,1,2,2,1.0,3.0
201100046234,0011-04-12 16:15:00,11,4,12,16,15,920,35,NORDMANN / NATIONAL,48.9052,2.23907,Plein jour,En agglomération,Intersection en Y,Normale,Deux véhicules - côté,,,,,,,,,,,1,2,4,1.0,3.0
201100046235,0011-04-13 16:40:00,11,4,13,16,40,920,35,"41, AV DU GENERAL DE GAU",48.9109,2.25473,Plein jour,En agglomération,Hors intersection,Normale,Autre collision,,,,,,,,,,,1,2,1,1.0,6.0
201100046236,0011-04-21 14:45:00,11,4,21,14,45,920,35,NORDMAN / RHIN ET DANUBE,48.9027,2.24262,Plein jour,En agglomération,Intersection en T,Normale,Autre collision,,,,,,,,,,,1,2,3,1.0,6.0
201100046237,0011-04-28 20:05:00,11,4,28,20,5,920,35,"53, BD DE LA REPUBLIQUE",48.9067,2.24605,Plein jour,En agglomération,Hors intersection,Normale,Autre collision,,,,,,,,,,,1,2,1,1.0,6.0
201100046238,0011-04-28 11:35:00,11,4,28,11,35,920,35,"41, R SARTORIS",48.9087,2.25116,Plein jour,En agglomération,Hors intersection,Normale,Autre collision,,,,,,,,,,,1,2,1,1.0,6.0
201100046239,0011-05-10 02:45:00,11,5,10,2,45,920,35,NATIONAL / BELGIQUE,48.907,2.24006,Nuit avec éclairage allumé,En agglomération,Intersection à plus de 4 branches,Normale,Sans collision,,,,,,,,,,,5,2,5,1.0,7.0
201100046240,0011-05-10 16:30:00,11,5,10,16,30,920,35,RPT DE L'EUROPE,48.9056,2.25581,Plein jour,En agglomération,Giratoire,Normale,Deux véhicules - arrière,,,,,,,,,,,1,2,6,1.0,2.0
201100046241,0011-05-19 18:30:00,11,5,19,18,30,920,35,L'AIGLE / GAULLE,48.9112,2.2546,Plein jour,En agglomération,Intersection à plus de 4 branches,Normale,Autre collision,,,,,,,,,,,1,2,5,1.0,6.0
201100046242,0011-05-27 14:15:00,11,5,27,14,15,920,35,NATIONAL / PASTEUR,48.905,2.2391,Plein jour,En agglomération,Intersection en T,Normale,Deux véhicules - frontale,,,,,,,,,,,1,2,3,1.0,1.0
201100046243,0011-06-29 21:30:00,11,6,29,21,30,920,35,PHILIPPE / 1918,48.9053,2.23633,Crépuscule ou aube,En agglomération,Intersection en T,Normale,Deux véhicules - arrière,,,,,,,,,,,2,2,3,1.0,2.0
201100046244,0011-07-02 20:35:00,11,7,2,20,35,920,35,1916 / PHILIPPE,,,Plein jour,En agglomération,Intersection en X,Normale,Deux véhicules - côté,,,,,,,,,,,1,2,2,1.0,3.0
201100046245,0011-07-06 16:35:00,11,7,6,16,35,920,35,BELGIQUE / REPUBLIQUE,,,Plein jour,En agglomération,Intersection en Y,Normale,Sans collision,,,,,,,,,,,1,2,4,1.0,7.0
201100046246,0011-07-29 10:20:00,11,7,29,10,20,920,35,"11, AV DE VERDUN 1916",,,Plein jour,En agglomération,Hors intersection,Normale,Autre collision,,,,,,,,,,,1,2,1,1.0,6.0
201100046247,0011-08-08 00:35:00,11,8,8,0,35,920,35,REPUBLIQUE / JOFFRE,,,Nuit avec éclairage allumé,En agglomération,Intersection en X,Normale,Deux véhicules - côté,,,,,,,,,,,5,2,2,1.0,3.0
201100046248,0011-08-06 18:00:00,11,8,6,18,0,920,35,REPUBLIQUE / JOFFRE,,,Plein jour,En agglomération,Intersection en X,Normale,Deux véhicules - côté,,,,,,,,,,,1,2,2,1.0,3.0
201100046249,0011-09-11 19:30:00,11,9,11,19,30,920,35,PERI / LORRAINE,,,Plein jour,En agglomération,Intersection en Y,Normale,Deux véhicules - frontale,,,,,,,,,,,1,2,4,1.0,1.0
201100046250,0011-09-09 08:30:00,11,9,9,8,30,920,35,BERNARD / MEDERIC,,,Plein jour,En agglomération,Intersection en X,Normale,Autre collision,,,,,,,,,,,1,2,2,1.0,6.0
201100046251,0011-09-08 09:20:00,11,9,8,9,20,920,35,BROSSOLETTE / GINDRE,,,Plein jour,En agglomération,Intersection en T,Normale,Deux véhicules - côté,,,,,,,,,,,1,2,3,1.0,3.0
201100046252,0011-10-03 16:15:00,11,10,3,16,15,920,35,NORDMANN / KLEBER,,,Plein jour,En agglomération,Intersection en T,Normale,Deux véhicules - frontale,,,,,,,,,,,1,2,3,1.0,1.0
201100046253,0011-10-17 10:40:00,11,10,17,10,40,920,35,"41, BD NATIONAL",,,Plein jour,En agglomération,Hors intersection,Normale,Deux véhicules - côté,,,,,,,,,,,1,2,1,1.0,3.0
201100046254,0011-10-21 08:15:00,11,10,21,8,15,920,35,SARTORIS / L'AIGLE,,,Crépuscule ou aube,En agglomération,Intersection en Y,Normale,Autre collision,,,,,,,,,,,2,2,4,1.0,6.0
201100046255,0011-11-25 08:05:00,11,11,25,8,5,920,35,"90, BD DE LA REPUBLIQUE",,,Crépuscule ou aube,En agglomération,Hors intersection,Normale,Autre collision,,,,,,,,,,,2,2,1,1.0,6.0
201100046256,0011-11-24 14:30:00,11,11,24,14,30,920,35,NATIONAL / NORDMANN,,,Plein jour,En agglomération,Intersection en T,Normale,Deux véhicules - côté,,,,,,,,,,,1,2,3,1.0,3.0
201100046257,0011-11-26 16:10:00,11,11,26,16,10,920,35,NATIONAL / NORDMANN,,,Plein jour,Hors agglomération,Intersection en T,Normale,Deux véhicules - côté,,,,,,,,,,,1,1,3,1.0,3.0
201100046258,0011-11-29 13:30:00,11,11,29,13,30,920,35,"39, BD DE LA REPUBLIQUE",,,Plein jour,En agglomération,Hors intersection,Normale,Deux véhicules - côté,,,,,,,,,,,1,2,1,1.0,3.0
201100046259,0011-12-02 08:50:00,11,12,2,8,50,920,35,"47, G?n?ral de Gaulle  (",,,Crépuscule ou aube,En agglomération,Hors intersection,Normale,Deux véhicules - arrière,,,,,,,,,,,2,2,1,1.0,2.0
201100046260,0011-12-07 21:50:00,11,12,7,21,50,920,35,"19, Dumont d'Urville ( r",,,Nuit avec éclairage allumé,En agglomération,Intersection en X,Normale,Deux véhicules - côté,,,,,,,,,,,5,2,2,1.0,3.0
201100046261,0011-01-04 07:00:00,11,1,4,7,0,920,36,AV D'ARGENTEUIL,48.9391,2.25625,Nuit avec éclairage allumé,En agglomération,Hors intersection,Normale,Deux véhicules - côté,,,,,,,,,,,5,2,1,1.0,3.0
201100046262,0011-01-11 14:10:00,11,1,11,14,10,920,36,AV D'ARGENTEUIL,48.9387,2.25671,Plein jour,En agglomération,Hors intersection,Pluie légère,Deux véhicules - côté,,,,,,,,,,,1,2,1,2.0,3.0
201100046263,0011-01-14 10:05:00,11,1,14,10,5,920,36,PORT / PORT,48.938,2.27793,Plein jour,En agglomération,Giratoire,Normale,Deux véhicules - côté,,,,,,,,,,,1,2,6,1.0,3.0
201100046264,0011-01-20 07:10:00,11,1,20,7,10,920,36,R GUY DE MAUPASSANT,48.9321,2.28336,Plein jour,En agglomération,Hors intersection,Normale,Deux véhicules - côté,,,,,,,,,,,1,2,1,1.0,3.0
201100046265,0011-01-20 19:30:00,11,1,20,19,30,920,36,"137, AV MARCEL PAUL",48.947,2.30489,Nuit avec éclairage allumé,En agglomération,Hors intersection,Normale,Deux véhicules - arrière,,,,,,,,,,,5,2,1,1.0,2.0