accident_id,datetime,annee,mois,jour,heure,minute,departement,commune_insee,adresse,latitude,longitude,luminosite,agglomeration,intersection,meteo,collision,nb_vehicules,nb_usagers,nb_indemnes,nb_tues,nb_blesses_hosp,nb_blesses_legers,age_cond_1,age_cond_2,veh_type_cond_1,veh_type_cond_2,lum_code,agg_code,int_code,atm_code,col_code
201100046518,0011-02-16 09:25:00,11,2,16,9,25,920,48,AV LOUVOIS,48.8077,2.24022,Plein jour,En agglomération,Hors intersection,Normale,Autre collision,,,,,,,,,,,1,2,1,1.0,6.0
201100046519,0011-03-01 18:30:00,11,3,1,18,30,920,48,GARDES / BLANC,48.8186,2.23135,Crépuscule ou aube,En agglomération,Intersection en T,Normale,Deux véhicules - côté,,,,,,,,,,,2,2,3,1.0,3.0
201100046520,0011-03-19 22:05:00,11,3,19,22,5,920,48,R DE LA REPUBLIQUE,48.8059,2.23575,Nuit avec éclairage allumé,En agglomération,Hors intersection,Normale,Deux véhicules - frontale,,,,,,,,,,,5,2,1,1.0,1.0
201100046521,0011-04-16 16:40:00,11,4,16,16,40,920,48,DE GAULLE / MAILLET,48.7891,2.23321,Plein jour,En agglomération,Intersection en T,Normale,Deux véhicules - côté,,,,,,,,,,,1,2,3,1.0,3.0
201100046522,0011-04-18 12:00:00,11,4,18,12,0,920,48,RTE DES GARDES,48.8177,2.22961,Plein jour,En agglomération,Place,Normale,Sans collision,,,,,,,,,,,1,2,7,1.0,7.0
201100046523,0011-04-29 17:03:00,11,4,29,17,3,920,48,"15, AV DU CHATEAU",48.8161,2.23036,Plein jour,En agglomération,Hors intersection,Normale,Sans collision,,,,,,,,,,,1,2,1,1.0,7.0
201100046524,0011-04-29 16:50:00,11,4,29,16,50,920,48,"36 BIS, AV DU GENERAL GA",48.8183,2.22957,Plein jour,En agglomération,Hors intersection,Normale,Deux véhicules - arrière,,,,,,,,,,,1,2,1,1.0,2.0
201100046525,0011-04-27 09:30:00,11,4,27,9,30,920,48,"15, RTE DES GARDES",48.8175,2.22933,Plein jour,En agglomération,Hors intersection,Normale,Deux véhicules - côté,,,,,,,,,,,1,2,1,1.0,3.0
201100046526,0011-05-10 22:30:00,11,5,10,22,30,920,48,R DE VAUGIRARD,48.8202,2.24277,Nuit avec éclairage allumé,En agglomération,Hors intersection,Normale,Deux véhicules - côté,,,,,,,,,,,5,2,1,1.0,3.0
201100046527,0011-05-14 18:55:00,11,5,14,18,55,920,48,STALINGRAD /SAINT-JULIEN,48.8149,2.23426,Plein jour,En agglomération,Place,Normale,Autre collision,,,,,,,,,,,1,2,7,1.0,6.0
201100046528,0011-05-13 12:20:00,11,5,13,12,20,920,48,ROUGE / REPUBLIQUE,48.8097,2.23615,Plein jour,En agglomération,Intersection en T,Normale,Autre collision,,,,,,,,,,,1,2,3,1.0,6.0
201100046529,0011-05-17 14:00:00,11,5,17,14,0,920,48,"14, AV DU MARECHAL JUIN",48.7878,2.21674,Plein jour,En agglomération,Hors intersection,Normale,Deux véhicules - arrière,,,,,,,,,,,1,2,1,1.0,2.0
201100046530,0011-05-19 19:15:00,11,5,19,19,15,920,48,JANSSEN / CHATEAU,48.81,2.23166,Plein jour,En agglomération,Intersection en X,Normale,Autre collision,,,,,,,,,,,1,2,2,1.0,6.0
201100046531,0011-05-27 18:45:00,11,5,27,18,45,920,48,NEUVE / GOURAUD,48.8078,2.23502,Plein jour,En agglomération,Intersection en T,Normale,Autre collision,,,,,,,,,,,1,2,3,1.0,6.0
201100046532,0011-06-02 12:15:00,11,6,2,12,15,920,48,"13, AV DU MARECHAL DE LA",48.7846,2.22643,Plein jour,En agglomération,Hors intersection,Normale,Deux véhicules - côté,,,,,,,,,,,1,2,1,1.0,3.0
201100046533,0011-06-08 15:55:00,11,6,8,15,55,920,48,REPUBLIQUE / PARIS,48.8077,2.23604,Plein jour,En agglomération,Intersection en X,Normale,Autre collision,,,,,,,,,,,1,2,2,1.0,6.0
201100046534,0011-06-14 11:55:00,11,6,14,11,55,920,48,TASSIGNY / SORBIERS,48.7876,2.23396,Plein jour,En agglomération,Intersection en T,Normale,Autre collision,,,,,,,,,,,1,2,3,1.0,6.0
201100046535,0011-06-14 20:30:00,11,6,14,20,30,920,48,VAUGIRARD / VAUGIRARD,48.8202,2.24277,Plein jour,En agglomération,Giratoire,Normale,Autre collision,,,,,,,,,,,1,2,6,1.0,6.0
201100046536,0011-06-14 17:00:00,11,6,14,17,0,920,48,"05, AV DU MARECHAL DE LA",48.787,2.23162,Plein jour,En agglomération,Hors intersection,Normale,Autre collision,,,,,,,,,,,1,2,1,1.0,6.0
201100046537,0011-06-17 09:50:00,11,6,17,9,50,920,48,DE LATTRE DE TASSIGNY,48.7874,2.23304,Plein jour,En agglomération,Hors intersection,Normale,Deux véhicules - côté,,,,,,,,,,,1,2,1,1.0,3.0
201100046538,0011-07-02 19:20:00,11,7,2,19,20,920,48,BELGIQUE / ARNAUDET,,,Plein jour,En agglomération,Intersection en Y,Normale,Sans collision,,,,,,,,,,,1,2,4,1.0,7.0
201100046539,0011-07-12 14:45:00,11,7,12,14,45,920,48,REPUBLIQUE / LANGLOIS,,,Plein jour,En agglomération,Intersection en X,Normale,Autre collision,,,,,,,,,,,1,2,2,1.0,6.0
201100046540,0011-07-17 11:30:00,11,7,17,11,30,920,48,GAULLE / BOUCHET,,,Plein jour,Hors agglomération,Intersection en T,Normale,Deux véhicules - frontale,,,,,,,,,,,1,1,3,1.0,1.0
201100046541,0011-08-04 02:05:00,11,8,4,2,5,920,48,JUIN / SAULNIER,,,Nuit avec éclairage allumé,En agglomération,Intersection en Y,Normale,Autre collision,,,,,,,,,,,5,2,4,1.0,6.0
201100046542,0011-06-17 12:05:00,11,6,17,12,5,920,48,RTE DES GARDES,,,Plein jour,Hors agglomération,Hors intersection,Normale,Autre collision,,,,,,,,,,,1,1,1,1.0,6.0
201100046543,0011-08-10 17:30:00,11,8,10,17,30,920,48,RTE DES GARDES,,,Plein jour,En agglomération,Hors intersection,Normale,Deux véhicules - arrière,,,,,,,,,,,1,2,1,1.0,2.0
201100046544,0011-08-26 18:35:00,11,8,26,18,35,920,48,R HENRI BARBUSSE,,,Plein jour,En agglomération,Hors intersection,Normale,Autre collision,,,,,,,,,,,1,2,1,1.0,6.0
201100046545,0011-08-28 11:45:00,11,8,28,11,45,920,48,TASSIGNY / CELLE,,,Plein jour,En agglomération,Intersection en T,Normale,Deux véhicules - arrière,,,,,,,,,,,1,2,3,1.0,2.0
201100046546,0011-09-09 18:20:00,11,9,9,18,20,920,48,"07, R DES MONTALETS",,,Plein jour,En agglomération,Hors intersection,Normale,Autre collision,,,,,,,,,,,1,2,1,1.0,6.0
201100046547,0011-09-12 16:05:00,11,9,12,16,5,920,48,RTE DE L'ETANG DE TRIVAU,,,Plein jour,Hors agglomération,Hors intersection,Normale,Sans collision,,,,,,,,,,,1,1,1,1.0,7.0
201100046548,0011-09-19 20:00:00,11,9,19,20,0,920,48,"08, AV DE TRIVAUX",,,Nuit avec éclairage allumé,En agglomération,Hors intersection,Normale,Autre collision,,,,,,,,,,,5,2,1,1.0,6.0
201100046549,0011-09-24 17:25:00,11,9,24,17,25,920,48,RUSHMOOR / INFROIT,,,Plein jour,En agglomération,Intersection en X,Normale,Autre collision,,,,,,,,,,,1,2,2,1.0,6.0
201100046550,0011-10-05 17:30:00,11,10,5,17,30,920,48,"12, R CHARLES INFROIT",,,Plein jour,En agglomération,Hors intersection,Normale,Deux véhicules - côté,,,,,,,,,,,1,2,1,1.0,3.0
201100046551,0011-11-03 07:30:00,11,11,3,7,30,920,48,"05, R CLAUDE DALSEME",,,Crépuscule ou aube,En agglomération,Hors intersection,Normale,Sans collision,,,,,,,,,,,2,2,1,1.0,7.0
201100046552,0011-11-05 03:45:00,11,11,5,3,45,920,48,"16, BD VERD DE SAINT-JUL",,,Nuit avec éclairage allumé,En agglomération,Hors intersection,Pluie légère,Sans collision,,,,,,,,,,,5,2,1,2.0,7.0
201100046553,0011-11-09 07:35:00,11,11,9,7,35,920,48,VERTUGADINS / TRIVAUX,,,Crépuscule ou aube,En agglomération,Intersection en T,Normale,Sans collision,,,,,,,,,,,2,2,3,1.0,7.0
201100046554,0011-11-08 18:00:00,11,11,8,18,0,920,48,VAUGIRARD / GARDES,,,Nuit avec éclairage allumé,En agglomération,Intersection en Y,Pluie légère,Autre collision,,,,,,,,,,,5,2,4,2.0,6.0
201100046555,0011-11-10 11:20:00,11,11,10,11,20,920,48,AV DE TRIVAUX,,,Plein jour,Hors agglomération,Hors intersection,Normale,Sans collision,,,,,,,,,,,1,1,1,1.0,7.0
201100046556,0011-11-16 14:30:00,11,11,16,14,30,920,48,"29, AV DU GENERAL DE GAU",,,Plein jour,En agglomération,Hors intersection,Normale,Deux véhicules - côté,,,,,,,,,,,1,2,1,1.0,3.0
201100046557,0011-11-16 09:45:00,11,11,16,9,45,920,48,GAULLE / MEDERIC,,,Plein jour,En agglomération,Intersection en T,Brouillard / fumée,Deux véhicules - frontale,,,,,,,,,,,1,2,3,5.0,1.0
201100046558,0011-11-18 15:30:00,11,11,18,15,30,920,48,RTE DE VAUGIRARD,,,Plein jour,En agglomération,Hors intersection,Normale,Deux véhicules - arrière,,,,,,,,,,,1,2,1,1.0,2.0
201100046559,0011-11-25 20:00:00,11,11,25,20,0,920,48,JAURES / VAL,,,Nuit avec éclairage allumé,En agglomération,Intersection en T,Normale,Deux véhicules - côté,,,,,,,,,,,5,2,3,1.0,3.0
201100046560,0011-11-29 16:00:00,11,11,29,16,0,920,48,CAR DE MARE ADAM,,,Plein jour,En agglomération,Hors intersection,Normale,Sans collision,,,,,,,,,,,1,2,1,1.0,7.0
201100046561,0011-12-05 18:45:00,11,12,5,18,45,920,48,"16, MARCEL ALLEGOT (RUE)",,,Nuit avec éclairage allumé,En agglomération,Intersection en T,Normale,Autre collision,,,,,,,,,,,5,2,3,1.0,6.0
201100046562,0011-12-05 17:25:00,11,12,5,17,25,920,48,"22bis, PARIS (RUE DE) N?",,,Nuit avec éclairage allumé,En agglomération,Hors intersection,Pluie légère,Autre collision,,,,,,,,,,,5,2,1,2.0,6.0
201100046563,0011-12-04 18:00:00,11,12,4,18,0,920,48,"., DUMONT D'URVILLE (RUE",,,Plein jour,En agglomération,Hors intersection,Normale,Sans collision,,,,,,,,,,,1,2,1,1.0,7.0
201100046564,0011-12-16 09:15:00,11,12,16,9,15,920,48,"., TRIVAUX (AVENUE DE) N",,,Nuit avec éclairage allumé,En agglomération,Hors intersection,Pluie légère,Autre collision,,,,,,,,,,,5,2,1,2.0,6.0
201100046565,0011-12-16 07:40:00,11,12,16,7,40,920,48,"42, MAL DE LATTRE DE TAS",,,Nuit avec éclairage allumé,En agglomération,Hors intersection,Pluie légère,Autre collision,,,,,,,,,,,5,2,1,2.0,6.0
201100046566,0011-12-21 06:15:00,11,12,21,6,15,920,48,"42, GENERAL DE GAULLE (A",,,Nuit avec éclairage allumé,En agglomération,Giratoire,Pluie légère,Autre collision,,,,,,,,,,,5,2,6,2.0,6.0
201100046567,0011-01-05 20:15:00,11,1,5,20,15,920,20,R GABRIEL PERI,48.8018,2.28731,Nuit avec éclairage allumé,En agglomération,Hors intersection,Pluie forte,Deux véhicules - côté,,,,,,,,,,,5,2,1,3.0,3.0
201100046568,0011-01-06 13:00:00,11,1,6,13,0,920,49,"55, AV ARISTIDE BRIAND",48.8188,2.32569,Crépuscule ou aube,En agglomération,Hors intersection,Pluie légère,Autre collision,,,,,,,,,,,2,2,1,2.0,6.0
201100046569,0011-01-18 17:20:00,11,1,18,17,20,920,20,"49, AV DE VERDUN",48.8016,2.28464,Crépuscule ou aube,En agglomération,Hors intersection,Temps couvert,Autre collision,,,,,,,,,,,2,2,1,8.0,6.0
201100046570,0011-01-21 20:00:00,11,1,21,20,0,920,49,BRIAND / PERI,48.8176,2.32547,Nuit avec éclairage allumé,En agglomération,Intersection en X,Normale,Deux véhicules - côté,,,,,,,,,,,5,2,2,1.0,3.0
201100046571,0011-01-24 08:15:00,11,1,24,8,15,920,49,AV PIERRE BROSSOLETTE,48.8168,2.30669,Plein jour,En agglomération,Hors intersection,Normale,Autre collision,,,,,,,,,,,1,2,1,1.0,6.0
201100046572,0011-01-29 11:25:00,11,1,29,11,25,920,49,AV PIERRE BROSSOLETTE,48.8121,2.30084,Plein jour,En agglomération,Hors intersection,Normale,Autre collision,,,,,,,,,,,1,2,1,1.0,6.0
201100046573,0011-02-01 20:50:00,11,2,1,20,50,920,20,R GABRIEL PERI,48.8026,2.28785,Nuit avec éclairage allumé,En agglomération,Hors intersection,Normale,Deux véhicules - côté,,,,,,,,,,,5,2,1,1.0,3.0
201100046574,0011-02-04 09:50:00,11,2,4,9,50,920,49,BARBES / GENTILLY,48.8171,2.33141,Plein jour,En agglomération,Intersection en T,Normale,Deux véhicules - côté,,,,,,,,,,,1,2,3,1.0,3.0
201100046575,0011-02-05 12:10:00,11,2,5,12,10,920,20,AV DE VERDUN,48.8032,2.28729,Plein jour,En agglomération,Hors intersection,Normale,Deux véhicules - côté,,,,,,,,,,,1,2,1,1.0,3.0
201100046576,0011-02-05 13:25:00,11,2,5,13,25,920,49,AV PIERRE BROSSOLETTE,48.8167,2.30656,Plein jour,En agglomération,Hors intersection,Normale,Sans collision,,,,,,,,,,,1,2,1,1.0,7.0
201100046577,0011-02-06 00:15:00,11,2,6,0,15,920,20,FAURE / LUSSAC,48.8034,2.28441,Nuit avec éclairage allumé,En agglomération,Intersection en X,Normale,Deux véhicules - côté,,,,,,,,,,,5,2,2,1.0,3.0
201100046578,0011-02-17 18:25:00,11,2,17,18,25,920,49,R GABRIEL PERI,48.8192,2.31537,Nuit avec éclairage allumé,En agglomération,Hors intersection,Normale,Autre collision,,,,,,,,,,,5,2,1,1.0,6.0
201100046579,0011-02-17 21:00:00,11,2,17,21,0,920,20,AV DE PARIS,48.8101,2.29876,Nuit avec éclairage allumé,En agglomération,Hors intersection,Normale,Autre collision,,,,,,,,,,,5,2,1,1.0,6.0
201100046580,0011-02-18 11:30:00,11,2,18,11,30,920,49,BRIAND / BARBES,48.8175,2.32565,Plein jour,En agglomération,Intersection en X,Normale,Deux véhicules - côté,,,,,,,,,,,1,2,2,1.0,3.0
201100046581,0011-02-18 19:20:00,11,2,18,19,20,920,20,AV DE LA DIVISION LECLER,48.7975,2.28183,Nuit avec éclairage allumé,En agglomération,Hors intersection,Vent fort / tempête,Sans collision,,,,,,,,,,,5,2,1,6.0,7.0
201100046582,0011-02-21 19:00:00,11,2,21,19,0,920,49,AV JEAN JAURES,48.8133,2.30629,Nuit avec éclairage allumé,En agglomération,Hors intersection,Pluie légère,Deux véhicules - arrière,,,,,,,,,,,5,2,1,2.0,2.0
201100046583,0011-02-22 17:00:00,11,2,22,17,0,920,49,AV PIERRE BROSSOLETTE,48.815,2.30409,Plein jour,En agglomération,Hors intersection,Temps éblouissant,Autre collision,,,,,,,,,,,1,2,1,7.0,6.0
201100046584,0011-03-02 12:00:00,11,3,2,12,0,920,49,"12, AV JEAN JAURES",48.818,2.31748,Plein jour,En agglomération,Hors intersection,Normale,Deux véhicules - côté,,,,,,,,,,,1,2,1,1.0,3.0
201100046585,0011-03-02 15:30:00,11,3,2,15,30,920,20,PARIS / BERT,48.8045,2.2896,Plein jour,En agglomération,Intersection en X,Normale,Deux véhicules - côté,,,,,,,,,,,1,2,2,1.0,3.0
201100046586,0011-03-03 08:55:00,11,3,3,8,55,920,49,"112, AV JEAN JAURES",48.8141,2.30756,Plein jour,En agglomération,Hors intersection,Normale,Autre collision,,,,,,,,,,,1,2,1,1.0,6.0
201100046587,0011-03-03 22:25:00,11,3,3,22,25,920,49,VERDIER / HUGO,48.8148,2.31919,Nuit avec éclairage allumé,En agglomération,Intersection en X,Normale,Deux véhicules - côté,,,,,,,,,,,5,2,2,1.0,3.0
201100046588,0011-03-04 11:45:00,11,3,4,11,45,920,49,AV ARISTIDE BRIAND,48.8154,2.32562,Plein jour,En agglomération,Hors intersection,Normale,Deux véhicules - arrière,,,,,,,,,,,1,2,1,1.0,2.0
201100046589,0011-03-07 10:00:00,11,3,7,10,0,920,20,PARIS / BERTHELOT,48.8098,2.29805,Plein jour,En agglomération,Intersection en X,Normale,Trois véhicules et plus - collisions multiples,,,,,,,,,,,1,2,2,1.0,5.0
201100046590,0011-03-07 16:50:00,11,3,7,16,50,920,20,AV DE VERDUN,48.7978,2.27825,Plein jour,En agglomération,Hors intersection,Normale,Autre collision,,,,,,,,,,,1,2,1,1.0,6.0
201100046591,0011-03-09 08:00:00,11,3,9,8,0,920,49,"94, R MAURICE ARNOUX",48.8155,2.31108,Plein jour,En agglomération,Hors intersection,Normale,Autre collision,,,,,,,,,,,1,2,1,1.0,6.0
201100046592,0011-03-09 18:10:00,11,3,9,18,10,920,49,JAURES / GUESDE,48.8136,2.3068,Plein jour,En agglomération,Intersection en X,Normale,Autre collision,,,,,,,,,,,1,2,2,1.0,6.0
201100046593,0011-03-10 19:20:00,11,3,10,19,20,920,49,"34, R BARBES",48.8172,2.32931,Nuit avec éclairage allumé,En agglomération,Hors intersection,Normale,Deux véhicules - côté,,,,,,,,,,,5,2,1,1.0,3.0
201100046594,0011-03-15 18:00:00,11,3,15,18,0,920,49,R MAURICE ARNOUX,48.8138,2.31024,Plein jour,En agglomération,Hors intersection,Normale,Deux véhicules - arrière,,,,,,,,,,,1,2,1,1.0,2.0
201100046595,0011-03-21 17:57:00,11,3,21,17,57,920,49,BRIAND / THALHEIMER,48.8121,2.32627,Plein jour,En agglomération,Intersection en T,Normale,Deux véhicules - arrière,,,,,,,,,,,1,2,3,1.0,2.0
201100046596,0011-03-24 09:30:00,11,3,24,9,30,920,49,AV DE LA MARNE,48.8148,2.30584,Plein jour,En agglomération,Hors intersection,Normale,Deux véhicules - côté,,,,,,,,,,,1,2,1,1.0,3.0
201100046597,0011-03-24 14:15:00,11,3,24,14,15,920,49,AV HENRI GINOUX,48.8192,2.32318,Plein jour,En agglomération,Hors intersection,Normale,Deux véhicules - côté,,,,,,,,,,,1,2,1,1.0,3.0
201100046598,0011-04-05 09:05:00,11,4,5,9,5,920,20,AV DE LA DIVISION LECLER,48.7966,2.27948,Plein jour,En agglomération,Hors intersection,Normale,Deux véhicules - côté,,,,,,,,,,,1,2,1,1.0,3.0
201100046599,0011-04-06 07:05:00,11,4,6,7,5,920,49,AV PIERRE BROSSOLETTE,48.8136,2.3022,Crépuscule ou aube,En agglomération,Hors intersection,Normale,Trois véhicules et plus - en chaîne,,,,,,,,,,,2,2,1,1.0,4.0
201100046600,0011-04-06 10:00:00,11,4,6,10,0,920,20,ARAGO / LUSSAC,48.806,2.27885,Plein jour,En agglomération,Intersection en X,Normale,Deux véhicules - côté,,,,,,,,,,,1,2,2,1.0,3.0
201100046601,0011-04-06 13:15:00,11,4,6,13,15,920,49,"84, AV MARX DORMOY",48.81,2.31568,Plein jour,En agglomération,Hors intersection,Normale,Deux véhicules - côté,,,,,,,,,,,1,2,1,1.0,3.0
201100046602,0011-04-07 08:00:00,11,4,7,8,0,920,20,AV DE LA DIVISION LECLER,48.7966,2.27948,Plein jour,En agglomération,Hors intersection,Normale,Autre collision,,,,,,,,,,,1,2,1,1.0,6.0
201100046603,0011-04-10 08:30:00,11,4,10,8,30,920,49,REPUBLIQUE / PERI,48.8185,2.31962,Plein jour,En agglomération,Intersection en X,Normale,Deux véhicules - côté,,,,,,,,,,,1,2,2,1.0,3.0
201100046604,0011-04-10 12:55:00,11,4,10,12,55,920,20,"74, AV DE PARIS",48.8068,2.29328,Plein jour,En agglomération,Hors intersection,Temps éblouissant,Autre collision,,,,,,,,,,,1,2,1,7.0,6.0
201100046605,0011-04-11 12:45:00,11,4,11,12,45,920,20,AV MARCELLIN BERTHELOT,48.8092,2.29439,Plein jour,En agglomération,Hors intersection,Normale,Autre collision,,,,,,,,,,,1,2,1,1.0,6.0
201100046606,0011-04-15 20:15:00,11,4,15,20,15,920,49,DORMOY / FENELON,48.8102,2.31277,Crépuscule ou aube,En agglomération,Intersection en T,Normale,Trois véhicules et plus - collisions multiples,,,,,,,,,,,2,2,3,1.0,5.0
201100046607,0011-04-19 19:20:00,11,4,19,19,20,920,49,DORMOY / VALLIERE,48.8104,2.31122,Plein jour,En agglomération,Intersection en T,Normale,Deux véhicules - côté,,,,,,,,,,,1,2,3,1.0,3.0
201100046608,0011-04-20 11:45:00,11,4,20,11,45,920,49,AV MARX DORMOY,48.8102,2.3137,Plein jour,En agglomération,Hors intersection,Normale,Deux véhicules - côté,,,,,,,,,,,1,2,1,1.0,3.0
201100046609,0011-04-29 07:00:00,11,4,29,7,0,920,20,BROSSOLETTE / D'ORVES,48.7998,2.28576,Plein jour,En agglomération,Intersection en X,Normale,Deux véhicules - côté,,,,,,,,,,,1,2,2,1.0,3.0
201100046610,0011-05-06 17:30:00,11,5,6,17,30,920,20,"10, AV DE LA PAIX",48.8072,2.28444,Plein jour,En agglomération,Hors intersection,Normale,Autre collision,,,,,,,,,,,1,2,1,1.0,6.0
201100046611,0011-05-07 16:28:00,11,5,7,16,28,920,49,BROSSOLETTE / MARNE,48.8183,2.30869,Plein jour,En agglomération,Intersection en Y,Normale,Deux véhicules - côté,,,,,,,,,,,1,2,4,1.0,3.0
201100046612,0011-05-13 14:30:00,11,5,13,14,30,920,49,"35, R GABRIEL PERI",48.8182,2.32113,Plein jour,En agglomération,Hors intersection,Normale,Deux véhicules - côté,,,,,,,,,,,1,2,1,1.0,3.0
201100046613,0011-05-14 22:45:00,11,5,14,22,45,920,20,"138, AV DE PARIS",48.8087,2.29678,Nuit avec éclairage allumé,En agglomération,Hors intersection,Normale,Autre collision,,,,,,,,,,,5,2,1,1.0,6.0
201100046614,0011-05-18 16:25:00,11,5,18,16,25,920,49,"34, AV DE LA REPUBLIQUE",48.8185,2.31963,Plein jour,En agglomération,Hors intersection,Normale,Autre collision,,,,,,,,,,,1,2,1,1.0,6.0
201100046615,0011-05-22 02:05:00,11,5,22,2,5,920,20,"95, AV DE PARIS",48.8082,2.29589,Nuit avec éclairage allumé,En agglomération,Hors intersection,Normale,Deux véhicules - frontale,,,,,,,,,,,5,2,1,1.0,1.0
201100046616,0011-05-23 09:05:00,11,5,23,9,5,920,49,BARBES / DANTON,48.8171,2.33078,Plein jour,En agglomération,Intersection en T,Normale,Deux véhicules - côté,,,,,,,,,,,1,2,3,1.0,3.0
201100046617,0011-05-30 08:35:00,11,5,30,8,35,920,49,"80, AV DE LA MARNE",48.8135,2.30476,Plein jour,En agglomération,Hors intersection,Normale,Deux véhicules - côté,,,,,,,,,,,1,2,1,1.0,3.0
201100046618,0011-06-03 07:55:00,11,6,3,7,55,920,49,BROSSOLETTE / MARNE,48.8183,2.30869,Plein jour,En agglomération,Intersection en T,Normale,Deux véhicules - côté,,,,,,,,,,,1,2,3,1.0,3.0
201100046619,0011-06-03 13:20:00,11,6,3,13,20,920,49,DORMOY / BRIAND,48.8096,2.32544,Plein jour,En agglomération,Intersection en X,Normale,Deux véhicules - côté,,,,,,,,,,,1,2,2,1.0,3.0
201100046620,0011-06-10 09:05:00,11,6,10,9,5,920,49,"90, AV JEAN JAURES",48.8151,2.30938,Plein jour,En agglomération,Hors intersection,Normale,Deux véhicules - arrière,,,,,,,,,,,1,2,1,1.0,2.0
201100046621,0011-06-10 21:35:00,11,6,10,21,35,920,49,JAURES / BARBUSSE,48.815,2.30919,Crépuscule ou aube,En agglomération,Intersection en X,Normale,Deux véhicules - côté,,,,,,,,,,,2,2,2,1.0,3.0
201100046622,0011-06-15 22:00:00,11,6,15,22,0,920,49,JAURES / MARNE,48.8116,2.30316,Nuit avec éclairage allumé,En agglomération,Intersection en Y,Normale,Sans collision,,,,,,,,,,,5,2,4,1.0,7.0
201100046623,0011-06-16 18:25:00,11,6,16,18,25,920,20,BD DE VANVES,48.8105,2.28192,Plein jour,En agglomération,Hors intersection,Normale,Deux véhicules - côté,,,,,,,,,,,1,2,1,1.0,3.0
201100046624,0011-06-17 08:40:00,11,6,17,8,40,920,49,R ARTHUR AUGER,48.814,2.30715,Plein jour,En agglomération,Hors intersection,Normale,Autre collision,,,,,,,,,,,1,2,1,1.0,6.0
201100046625,0011-06-19 12:55:00,11,6,19,12,55,920,20,AV DE PARIS,48.8105,2.29918,Plein jour,En agglomération,Hors intersection,Normale,Deux véhicules - côté,,,,,,,,,,,1,2,1,1.0,3.0
201100046626,0011-06-24 14:20:00,11,6,24,14,20,920,20,AV DE VERDUN,48.8021,2.28551,Plein jour,En agglomération,Hors intersection,Normale,Deux véhicules - arrière,,,,,,,,,,,1,2,1,1.0,2.0
201100046627,0011-06-24 22:40:00,11,6,24,22,40,920,49,PERIER / MOREL,48.8133,2.31891,Nuit avec éclairage allumé,En agglomération,Intersection en T,Normale,Deux véhicules - côté,,,,,,,,,,,5,2,3,1.0,3.0
201100046628,0011-06-25 10:10:00,11,6,25,10,10,920,49,AV ARISTIDE BRIAND,48.8125,2.32596,Plein jour,En agglomération,Hors intersection,Normale,Deux véhicules - côté,,,,,,,,,,,1,2,1,1.0,3.0
201100046629,0011-06-25 20:10:00,11,6,25,20,10,920,49,GINOUX AVENUE HENRI AUTR,,,Plein jour,En agglomération,Intersection en T,Normale,Deux véhicules - arrière,,,,,,,,,,,1,2,3,1.0,2.0
201100046630,0011-07-02 22:55:00,11,7,2,22,55,920,20,"102, BD DE LA LIBERTE",,,Nuit sans éclairage public,En agglomération,Hors intersection,Normale,Autre collision,,,,,,,,,,,3,2,1,1.0,6.0
201100046631,0011-07-04 08:40:00,11,7,4,8,40,920,20,REPUBLIQUE / EXUPERY,,,Plein jour,En agglomération,Giratoire,Normale,Autre collision,,,,,,,,,,,1,2,6,1.0,6.0
201100046632,0011-07-09 15:55:00,11,7,9,15,55,920,49,BRIAND / THALHEIMER,,,Plein jour,En agglomération,Intersection en X,Normale,Sans collision,,,,,,,,,,,1,2,2,1.0,7.0
201100046633,0011-07-11 06:00:00,11,7,11,6,0,920,20,"33, AV DE VERDUN",,,Plein jour,En agglomération,Hors intersection,Normale,Deux véhicules - arrière,,,,,,,,,,,1,2,1,1.0,2.0
201100046634,0011-07-13 11:55:00,11,7,13,11,55,920,20,"43, BD DE LA LIBERTE",,,Plein jour,En agglomération,Hors intersection,Normale,Deux véhicules - côté,,,,,,,,,,,1,2,1,1.0,3.0
201100046635,0011-07-16 07:00:00,11,7,16,7,0,920,20,AV DE LA REPUBLIQUE,,,Plein jour,En agglomération,Hors intersection,Normale,Sans collision,,,,,,,,,,,1,2,1,1.0,7.0
201100046636,0011-07-16 21:25:00,11,7,16,21,25,920,49,BRIAND / ROLLAND,,,Nuit avec éclairage allumé,En agglomération,Intersection en X,Pluie forte,Deux véhicules - arrière,,,,,,,,,,,5,2,2,3.0,2.0
201100046637,0011-07-16 22:15:00,11,7,16,22,15,920,49,PERI / REPUBLIQUE,,,Nuit avec éclairage allumé,En agglomération,Intersection à plus de 4 branches,Pluie forte,Deux véhicules - côté,,,,,,,,,,,5,2,5,3.0,3.0
201100046638,0011-07-18 05:55:00,11,7,18,5,55,920,49,PELLETAN / JAURES,,,Crépuscule ou aube,En agglomération,Giratoire,Normale,Deux véhicules - arrière,,,,,,,,,,,2,2,6,1.0,2.0
201100046639,0011-07-18 20:00:00,11,7,18,20,0,920,49,"89, AV PIERRE BROSSOLETT",,,Plein jour,Hors agglomération,Hors intersection,Normale,Sans collision,,,,,,,,,,,1,1,1,1.0,7.0
201100046640,0011-07-19 16:10:00,11,7,19,16,10,920,20,"44, AV DE PARIS",,,Plein jour,En agglomération,Hors intersection,Pluie légère,Deux véhicules - côté,,,,,,,,,,,1,2,1,2.0,3.0
201100046641,0011-07-20 18:00:00,11,7,20,18,0,920,20,"140, AV DE LA REPUBLIQUE",,,Plein jour,En agglomération,Hors intersection,Normale,Deux véhicules - côté,,,,,,,,,,,1,2,1,1.0,3.0