accident_id,datetime,annee,mois,jour,heure,minute,departement,commune_insee,adresse,latitude,longitude,luminosite,agglomeration,intersection,meteo,collision,nb_vehicules,nb_usagers,nb_indemnes,nb_tues,nb_blesses_hosp,nb_blesses_legers,age_cond_1,age_cond_2,veh_type_cond_1,veh_type_cond_2,lum_code,agg_code,int_code,atm_code,col_code
201100046766,0011-07-24 21:05:00,11,7,24,21,5,920,50,ALL DE L'ARLEQUIN,,,Plein jour,En agglomération,Hors intersection,Normale,Autre collision,,,,,,,,,,,1,2,1,1.0,6.0
201100046767,0011-07-28 06:20:00,11,7,28,6,20,920,50,REPUBLIQUE / MUGUETS,,,Plein jour,En agglomération,Intersection en X,Autre,Deux véhicules - côté,,,,,,,,,,,1,2,2,9.0,3.0
201100046768,0011-07-28 19:50:00,11,7,28,19,50,920,50,RESISTANCE / PAVILLONS,,,Plein jour,En agglomération,Intersection en T,Pluie légère,Deux véhicules - côté,,,,,,,,,,,1,2,3,2.0,3.0
201100046769,0011-08-15 20:55:00,11,8,15,20,55,920,50,R DES FONTENELLES,,,Crépuscule ou aube,En agglomération,Hors intersection,Normale,Autre collision,,,,,,,,,,,2,2,1,1.0,6.0
201100046770,0011-08-16 11:00:00,11,8,16,11,0,920,50,BOULE / JOFFRE,,,Plein jour,En agglomération,Giratoire,Normale,Deux véhicules - côté,,,,,,,,,,,1,2,6,1.0,3.0
201100046771,0011-08-23 20:40:00,11,8,23,20,40,920,50,VAILLANT COUTURIER,,,Plein jour,En agglomération,Hors intersection,Normale,Deux véhicules - arrière,,,,,,,,,,,1,2,1,1.0,2.0
201100046772,0011-08-29 14:50:00,11,8,29,14,50,920,50,R PAUL VAILLANT COUTURIE,,,Plein jour,En agglomération,Hors intersection,Temps éblouissant,Sans collision,,,,,,,,,,,1,2,1,7.0,7.0
201100046773,0011-08-30 17:30:00,11,8,30,17,30,920,50,FRANCAISES / PONS,,,Plein jour,En agglomération,Intersection en T,Normale,Deux véhicules - côté,,,,,,,,,,,1,2,3,1.0,3.0
201100046774,0011-09-08 08:50:00,11,9,8,8,50,920,50,"43, R DU DOCTEUR CHARCOT",,,Plein jour,En agglomération,Hors intersection,Autre,Sans collision,,,,,,,,,,,1,2,1,9.0,7.0
201100046775,0011-09-09 16:10:00,11,9,9,16,10,920,50,CURIE / COURBEVOIE,,,Plein jour,En agglomération,Intersection en X,Normale,Autre collision,,,,,,,,,,,1,2,2,1.0,6.0
201100046776,0011-09-10 12:40:00,11,9,10,12,40,920,50,R PABLO NERUDA,,,Plein jour,En agglomération,Hors intersection,Normale,Trois véhicules et plus - en chaîne,,,,,,,,,,,1,2,1,1.0,4.0
201100046777,0011-09-12 08:00:00,11,9,12,8,0,920,50,AV DE LA COMMUNE DE PARI,,,Plein jour,En agglomération,Hors intersection,Normale,Deux véhicules - arrière,,,,,,,,,,,1,2,1,1.0,2.0
201100046778,0011-09-13 10:50:00,11,9,13,10,50,920,50,REPUBLIQUE / FRANCE,,,Plein jour,En agglomération,Intersection en X,Temps couvert,Sans collision,,,,,,,,,,,1,2,2,8.0,7.0
201100046779,0011-09-16 18:50:00,11,9,16,18,50,920,50,CLOUD / CHARCOT,,,Plein jour,En agglomération,Intersection en T,Autre,Autre collision,,,,,,,,,,,1,2,3,9.0,6.0
201100046780,0011-09-19 09:05:00,11,9,19,9,5,920,50,R DU 1ER MAI,,,Plein jour,En agglomération,Hors intersection,Autre,Autre collision,,,,,,,,,,,1,2,1,9.0,6.0
201100046781,0011-09-23 10:25:00,11,9,23,10,25,920,50,AV GEORGES CLEMENCEAU,,,Plein jour,En agglomération,Hors intersection,Autre,Autre collision,,,,,,,,,,,1,2,1,9.0,6.0
201100046782,0011-09-22 10:50:00,11,9,22,10,50,920,50,CURIE / BOUVETS,,,Plein jour,En agglomération,Intersection à plus de 4 branches,Normale,Deux véhicules - côté,,,,,,,,,,,1,2,5,1.0,3.0
201100046783,0011-09-24 22:20:00,11,9,24,22,20,920,50,CALVAIRE / GARCHES,,,Nuit avec éclairage allumé,En agglomération,Giratoire,Autre,Deux véhicules - côté,,,,,,,,,,,5,2,6,9.0,3.0
201100046784,0011-09-28 13:00:00,11,9,28,13,0,920,50,"27, R SADI CARNOT",,,Plein jour,En agglomération,Hors intersection,Temps éblouissant,Deux véhicules - côté,,,,,,,,,,,1,2,1,7.0,3.0
201100046785,0011-09-28 18:50:00,11,9,28,18,50,920,50,R DES ROSIERS,,,Plein jour,En agglomération,Giratoire,Autre,Sans collision,,,,,,,,,,,1,2,6,9.0,7.0
201100046786,0011-10-04 07:20:00,11,10,4,7,20,920,50,R DU 1ER MAI,,,Plein jour,En agglomération,Hors intersection,Autre,Deux véhicules - arrière,,,,,,,,,,,1,2,1,9.0,2.0
201100046787,0011-10-06 13:30:00,11,10,6,13,30,920,50,CURIE / VENETS,,,Plein jour,En agglomération,Intersection en X,Pluie légère,Deux véhicules - côté,,,,,,,,,,,1,2,2,2.0,3.0
201100046788,0011-10-06 19:00:00,11,10,6,19,0,920,50,LESCAIRE / DEFENSE,,,Crépuscule ou aube,En agglomération,Intersection en T,Temps couvert,Sans collision,,,,,,,,,,,2,2,3,8.0,7.0
201100046789,0011-10-10 13:40:00,11,10,10,13,40,920,50,"12, R DES HAUTES PATURES",,,Plein jour,En agglomération,Hors intersection,Autre,Deux véhicules - côté,,,,,,,,,,,1,2,1,9.0,3.0
201100046790,0011-10-14 09:20:00,11,10,14,9,20,920,50,"345, R PAUL VAILLANT COU",,,Plein jour,En agglomération,Hors intersection,Normale,Trois véhicules et plus - en chaîne,,,,,,,,,,,1,2,1,1.0,4.0
201100046791,0011-10-14 14:40:00,11,10,14,14,40,920,50,"30, AV DU MARECHAL JOFFR",,,Plein jour,En agglomération,Hors intersection,Normale,Deux véhicules - arrière,,,,,,,,,,,1,2,1,1.0,2.0
201100046792,0011-10-15 12:00:00,11,10,15,12,0,920,50,THOREZ / COUCHANT,,,Plein jour,En agglomération,Intersection en T,Normale,Autre collision,,,,,,,,,,,1,2,3,1.0,6.0
201100046793,0011-10-19 09:55:00,11,10,19,9,55,920,50,NOVEMBRE / DEQUEANT,,,Plein jour,En agglomération,Intersection en T,Autre,Deux véhicules - côté,,,,,,,,,,,1,2,3,9.0,3.0
201100046794,0011-10-20 07:40:00,11,10,20,7,40,920,50,R DE STALINGRAD,,,Nuit avec éclairage allumé,En agglomération,Hors intersection,Autre,Autre collision,,,,,,,,,,,5,2,1,9.0,6.0
201100046795,0011-10-23 04:55:00,11,10,23,4,55,920,50,"26, R ELISEE RECLUS",,,Nuit avec éclairage allumé,En agglomération,Hors intersection,Autre,Sans collision,,,,,,,,,,,5,2,1,9.0,7.0
201100046796,0011-11-01 21:35:00,11,11,1,21,35,920,50,BD DU HAVRE,,,Nuit avec éclairage allumé,En agglomération,Hors intersection,Normale,Deux véhicules - arrière,,,,,,,,,,,5,2,1,1.0,2.0
201100046797,0011-11-02 20:20:00,11,11,2,20,20,920,50,AV FREDERIC ET IRENE JOL,,,Nuit avec éclairage allumé,En agglomération,Intersection en X,Autre,Trois véhicules et plus - collisions multiples,,,,,,,,,,,5,2,2,9.0,5.0
201100046798,0011-11-04 19:00:00,11,11,4,19,0,920,50,"33, BD DES PROVINCES FRA",,,Nuit sans éclairage public,En agglomération,Hors intersection,Autre,Autre collision,,,,,,,,,,,3,2,1,9.0,6.0
201100046799,0011-11-12 13:40:00,11,11,12,13,40,920,50,NOEL / RN 314,,,Plein jour,En agglomération,Intersection en X,Autre,Deux véhicules - côté,,,,,,,,,,,1,2,2,9.0,3.0
201100046800,0011-11-13 11:20:00,11,11,13,11,20,920,50,"87, AV VLADIMIR ILITCH L",,,Plein jour,En agglomération,Hors intersection,Normale,Autre collision,,,,,,,,,,,1,2,1,1.0,6.0
201100046801,0011-11-15 15:30:00,11,11,15,15,30,920,50,SURESNES / BERTIN,,,Plein jour,En agglomération,Intersection en T,Autre,Deux véhicules - côté,,,,,,,,,,,1,2,3,9.0,3.0
201100046802,0011-11-13 17:30:00,11,11,13,17,30,920,50,"95, BD DE LA SEINE",,,Crépuscule ou aube,En agglomération,Hors intersection,Autre,Sans collision,,,,,,,,,,,2,2,1,9.0,7.0
201100046803,0011-11-17 17:40:00,11,11,17,17,40,920,50,"97, R DE SURESNES",,,Nuit avec éclairage allumé,En agglomération,Hors intersection,Normale,Autre collision,,,,,,,,,,,5,2,1,1.0,6.0
201100046804,0011-11-10 14:45:00,11,11,10,14,45,920,50,BD DE LA DEFENSE,,,Plein jour,En agglomération,Hors intersection,Normale,Deux véhicules - côté,,,,,,,,,,,1,2,1,1.0,3.0
201100046805,0011-11-18 12:55:00,11,11,18,12,55,920,50,"1, R GAMBETTA",,,Plein jour,En agglomération,Hors intersection,Normale,Autre collision,,,,,,,,,,,1,2,1,1.0,6.0
201100046806,0011-11-23 13:40:00,11,11,23,13,40,920,50,REPUBLIQUE / GALLIENI,,,Plein jour,En agglomération,Intersection à plus de 4 branches,Temps couvert,Deux véhicules - côté,,,,,,,,,,,1,2,5,8.0,3.0
201100046807,0011-11-27 10:25:00,11,11,27,10,25,920,50,"25, AV VLADIMIR ILITCH L",,,Plein jour,En agglomération,Hors intersection,Autre,Sans collision,,,,,,,,,,,1,2,1,9.0,7.0
201100046808,0011-11-29 11:20:00,11,11,29,11,20,920,50,"8, PL DE STRASBOURG",,,Plein jour,En agglomération,Hors intersection,Temps couvert,Autre collision,,,,,,,,,,,1,2,1,8.0,6.0
201100046809,0011-11-30 18:25:00,11,11,30,18,25,920,50,"43, AV DU MARECHAL JOFFR",,,Crépuscule ou aube,En agglomération,Hors intersection,Autre,Autre collision,,,,,,,,,,,2,2,1,9.0,6.0
201100046810,0011-11-28 17:35:00,11,11,28,17,35,920,50,"55, AV FREDERIC ET IRENE",,,Plein jour,En agglomération,Hors intersection,Normale,Deux véhicules - côté,,,,,,,,,,,1,2,1,1.0,3.0
201100046811,0011-12-05 14:45:00,11,12,5,14,45,920,50,"151, PICASSO PABLO AVENU",,,Plein jour,En agglomération,Hors intersection,Temps éblouissant,Autre collision,,,,,,,,,,,1,2,1,7.0,6.0
201100046812,0011-12-07 21:00:00,11,12,7,21,0,920,50,"176, CLEMENCEAU GEORGES",,,Nuit sans éclairage public,En agglomération,Hors intersection,Temps couvert,Autre collision,,,,,,,,,,,3,2,1,8.0,6.0
201100046813,0011-12-08 16:20:00,11,12,8,16,20,920,50,JOILIOT CURIE F. ET IREN,,,Plein jour,En agglomération,Intersection en X,Temps couvert,Autre collision,,,,,,,,,,,1,2,2,8.0,6.0
201100046814,0011-12-13 13:20:00,11,12,13,13,20,920,50,"36, VAILLANT COUTURIER P",,,Plein jour,En agglomération,Hors intersection,Autre,Deux véhicules - côté,,,,,,,,,,,1,2,1,9.0,3.0
201100046815,0011-12-19 08:30:00,11,12,19,8,30,920,50,"90, ARAGO FRANCOIS AVENU",,,Plein jour,En agglomération,Intersection en X,Autre,Autre collision,,,,,,,,,,,1,2,2,9.0,6.0
201100046816,0011-12-22 13:50:00,11,12,22,13,50,920,50,Route Nationale  314,,,Plein jour,En agglomération,Intersection en T,Temps couvert,Trois véhicules et plus - en chaîne,,,,,,,,,,,1,2,3,8.0,4.0
201100046817,0011-12-25 18:50:00,11,12,25,18,50,920,50,BOULE PLACE DE LA,,,Nuit avec éclairage allumé,En agglomération,Giratoire,Autre,Autre collision,,,,,,,,,,,5,2,6,9.0,6.0
201100046818,0011-12-29 19:35:00,11,12,29,19,35,920,50,"42, LENINE VLADIMIR ILIT",,,Nuit avec éclairage allumé,En agglomération,Hors intersection,Autre,Autre collision,,,,,,,,,,,5,2,1,9.0,6.0
201100046819,0011-12-30 12:20:00,11,12,30,12,20,920,50,PONS NOEL RUE,,,Plein jour,En agglomération,Intersection en X,Autre,Deux véhicules - côté,,,,,,,,,,,1,2,2,9.0,3.0
201100046820,0011-01-06 17:55:00,11,1,6,17,55,920,51,"94, R DE LONGCHAMP",48.8769,2.25089,Nuit avec éclairage allumé,En agglomération,Hors intersection,Pluie forte,Autre collision,,,,,,,,,,,5,2,1,3.0,6.0
201100046821,0011-01-11 18:55:00,11,1,11,18,55,920,51,PERRONET / SAUSSAYE,48.8905,2.26503,Nuit avec éclairage allumé,En agglomération,Intersection en X,Normale,Deux véhicules - côté,,,,,,,,,,,5,2,2,1.0,3.0
201100046822,0011-01-08 18:55:00,11,1,8,18,55,920,51,BINEAU / CHEZY,48.8894,2.27294,Nuit avec éclairage allumé,En agglomération,Intersection en X,Pluie légère,Deux véhicules - côté,,,,,,,,,,,5,2,2,2.0,3.0
201100046823,0011-01-17 15:25:00,11,1,17,15,25,920,51,MADRID / GAULLE,48.8845,2.26038,Plein jour,En agglomération,Giratoire,Normale,Deux véhicules - côté,,,,,,,,,,,1,2,6,1.0,3.0
201100046824,0011-01-14 08:08:00,11,1,14,8,8,920,51,BINEAU / SAUSSAYE,48.8923,2.26894,Crépuscule ou aube,En agglomération,Intersection en X,Normale,Autre collision,,,,,,,,,,,2,2,2,1.0,6.0
201100046825,0011-01-21 17:20:00,11,1,21,17,20,920,51,"06, AV SAINTE-FOY",48.8877,2.26377,Plein jour,En agglomération,Intersection en X,Normale,Deux véhicules - côté,,,,,,,,,,,1,2,2,1.0,3.0
201100046826,0011-01-26 11:10:00,11,1,26,11,10,920,51,"02, AV SAINTE-FOY",48.8847,2.26835,Plein jour,En agglomération,Hors intersection,Temps couvert,Deux véhicules - côté,,,,,,,,,,,1,2,1,8.0,3.0
201100046827,0011-01-25 10:15:00,11,1,25,10,15,920,51,"54, BD VICTOR HUGO",48.8895,2.27678,Plein jour,En agglomération,Hors intersection,Temps couvert,Deux véhicules - côté,,,,,,,,,,,1,2,1,8.0,3.0
201100046828,0011-01-20 22:30:00,11,1,20,22,30,920,51,"138, AV CHARLES DE GAULL",48.8817,2.26931,Nuit avec éclairage allumé,En agglomération,Hors intersection,Normale,Deux véhicules - côté,,,,,,,,,,,5,2,1,1.0,3.0
201100046829,0011-02-18 11:42:00,11,2,18,11,42,920,51,"50, GENERAL LECLERC (BOU",,,Plein jour,En agglomération,Hors intersection,Normale,Deux véhicules - côté,,,,,,,,,,,1,2,1,1.0,3.0
201100046830,0011-02-25 11:45:00,11,2,25,11,45,920,51,"ROULE (AVENUE DU, N? 29",,,Plein jour,En agglomération,Giratoire,Normale,Autre collision,,,,,,,,,,,1,2,6,1.0,6.0
201100046831,0011-02-22 20:55:00,11,2,22,20,55,920,51,JACQUES DULUD (RUE),,,Nuit avec éclairage allumé,En agglomération,Intersection en X,Normale,Autre collision,,,,,,,,,,,5,2,2,1.0,6.0
201100046832,0011-02-28 09:45:00,11,2,28,9,45,920,51,GENERAL KOENIG (BOULEVAR,,,Plein jour,En agglomération,Intersection en Y,Normale,Deux véhicules - frontale,,,,,,,,,,,1,2,4,1.0,1.0
201100046833,0011-03-03 09:55:00,11,3,3,9,55,920,51,"24, BD RICHARD WALLAC",48.8794,2.24082,Plein jour,En agglomération,Hors intersection,Normale,Trois véhicules et plus - en chaîne,,,,,,,,,,,1,2,1,1.0,4.0
201100046834,0011-03-08 08:40:00,11,3,8,8,40,920,51,"1, AV DE BRETTEVILLE",48.8761,2.25374,Plein jour,En agglomération,Hors intersection,Normale,Deux véhicules - arrière,,,,,,,,,,,1,2,1,1.0,2.0
201100046835,0011-03-12 21:20:00,11,3,12,21,20,920,51,SAINTE-FOY / ROULE,48.8845,2.26856,Nuit avec éclairage allumé,En agglomération,Intersection en T,Pluie légère,Deux véhicules - arrière,,,,,,,,,,,5,2,3,2.0,2.0
201100046836,0011-03-15 08:45:00,11,3,15,8,45,920,51,SAUSSAYE / SOYER,48.8878,2.26137,Plein jour,En agglomération,Intersection en T,Normale,Autre collision,,,,,,,,,,,1,2,3,1.0,6.0
201100046837,0011-03-10 13:30:00,11,3,10,13,30,920,51,"102, AV CHARLES DE GAULL",48.8823,2.26891,Plein jour,En agglomération,Hors intersection,Normale,Deux véhicules - côté,,,,,,,,,,,1,2,1,1.0,3.0
201100046838,0011-03-15 19:25:00,11,3,15,19,25,920,51,BD DU CHATEAU,48.8902,2.26926,Nuit avec éclairage non allumé,En agglomération,Hors intersection,Normale,Deux véhicules - arrière,,,,,,,,,,,4,2,1,1.0,2.0
201100046839,0011-03-17 22:30:00,11,3,17,22,30,920,51,AV DU ROULE,48.8821,2.2796,Nuit avec éclairage allumé,En agglomération,Hors intersection,Normale,Deux véhicules - arrière,,,,,,,,,,,5,2,1,1.0,2.0
201100046840,0011-03-27 16:45:00,11,3,27,16,45,920,51,BD DU COMMANDANT CHARCOT,48.8767,2.25651,Plein jour,En agglomération,Hors intersection,Temps couvert,Deux véhicules - côté,,,,,,,,,,,1,2,1,8.0,3.0
201100046841,0011-03-29 09:29:00,11,3,29,9,29,920,51,AV CHARLES DE GAULLE,48.8794,2.27825,Plein jour,En agglomération,Hors intersection,Normale,Deux véhicules - arrière,,,,,,,,,,,1,2,1,1.0,2.0
201100046842,0011-03-29 14:10:00,11,3,29,14,10,920,51,AV CHARLES DE GAULLE,48.8798,2.27509,Plein jour,En agglomération,Hors intersection,Normale,Autre collision,,,,,,,,,,,1,2,1,1.0,6.0
201100046843,0011-04-06 15:15:00,11,4,6,15,15,920,51,"28, BD D'INKERMANN",48.886,2.27448,Plein jour,En agglomération,Hors intersection,Normale,Deux véhicules - arrière,,,,,,,,,,,1,2,1,1.0,2.0
201100046844,0011-04-10 14:20:00,11,4,10,14,20,920,51,"100, BD MAURICE BARRES",48.8798,2.26348,Plein jour,En agglomération,Hors intersection,Normale,Deux véhicules - arrière,,,,,,,,,,,1,2,1,1.0,2.0
201100046845,0011-04-07 11:15:00,11,4,7,11,15,920,51,BD VICTOR HUGO,48.89,2.27635,Plein jour,En agglomération,Hors intersection,Normale,Deux véhicules - arrière,,,,,,,,,,,1,2,1,1.0,2.0
201100046846,0011-04-08 16:25:00,11,4,8,16,25,920,51,BINEAU / HUGO,48.8875,2.27854,Plein jour,En agglomération,Intersection à plus de 4 branches,Normale,Deux véhicules - côté,,,,,,,,,,,1,2,5,1.0,3.0
201100046847,0011-04-17 01:30:00,11,4,17,1,30,920,51,AV CHARLES DE GAULLE,48.881,2.27127,Nuit avec éclairage allumé,En agglomération,Hors intersection,Autre,Deux véhicules - arrière,,,,,,,,,,,5,2,1,9.0,2.0
201100046848,0011-04-26 08:50:00,11,4,26,8,50,920,51,CHEZY / D'ARGENSON,48.886,2.26879,Plein jour,En agglomération,Intersection en X,Normale,Deux véhicules - côté,,,,,,,,,,,1,2,2,1.0,3.0
201100046849,0011-04-22 13:50:00,11,4,22,13,50,920,51,"174, AV CHARLES DE GAULL",48.8853,2.25959,Plein jour,En agglomération,Hors intersection,Normale,Deux véhicules - arrière,,,,,,,,,,,1,2,1,1.0,2.0
201100046850,0011-04-18 14:55:00,11,4,18,14,55,920,51,BD BOURDON,48.896,2.27213,Plein jour,En agglomération,Hors intersection,Normale,Sans collision,,,,,,,,,,,1,2,1,1.0,7.0
201100046851,0011-04-29 14:50:00,11,4,29,14,50,920,51,"125, AV DU ROULE",48.883,2.27601,Plein jour,En agglomération,Hors intersection,Pluie légère,Deux véhicules - arrière,,,,,,,,,,,1,2,1,2.0,2.0
201100046852,0011-05-04 19:50:00,11,5,4,19,50,920,51,"33, AV CHARLES DE GAULLE",48.8787,2.2787,Plein jour,En agglomération,Hors intersection,Normale,Deux véhicules - arrière,,,,,,,,,,,1,2,1,1.0,2.0
201100046853,0011-05-06 16:00:00,11,5,6,16,0,920,51,"141, R DE LONGCHAMP",48.8764,2.25041,Plein jour,En agglomération,Hors intersection,Normale,Deux véhicules - côté,,,,,,,,,,,1,2,1,1.0,3.0
201100046854,0011-05-09 09:10:00,11,5,9,9,10,920,51,"25, R DE VILLIERS",48.8894,2.28045,Plein jour,En agglomération,Hors intersection,Normale,Autre collision,,,,,,,,,,,1,2,1,1.0,6.0
201100046855,0011-05-07 16:50:00,11,5,7,16,50,920,51,R PARMENTIER,48.8854,2.28247,Plein jour,En agglomération,Hors intersection,Normale,Deux véhicules - arrière,,,,,,,,,,,1,2,1,1.0,2.0
201100046856,0011-05-06 15:50:00,11,5,6,15,50,920,51,BD D'INKERMANN,48.8872,2.27509,Plein jour,En agglomération,Hors intersection,Normale,Autre collision,,,,,,,,,,,1,2,1,1.0,6.0
201100046857,0011-05-11 01:25:00,11,5,11,1,25,920,51,BD BINEAU,48.8872,2.28045,Nuit avec éclairage allumé,En agglomération,Hors intersection,Normale,Sans collision,,,,,,,,,,,5,2,1,1.0,7.0
201100046858,0011-05-10 10:50:00,11,5,10,10,50,920,51,R DE CHEZY,48.8887,2.27203,Plein jour,En agglomération,Hors intersection,Normale,Autre collision,,,,,,,,,,,1,2,1,1.0,6.0
201100046859,0011-05-13 09:10:00,11,5,13,9,10,920,51,"42, AV DU ROULE",48.8823,2.27874,Plein jour,En agglomération,Hors intersection,Normale,Deux véhicules - côté,,,,,,,,,,,1,2,1,1.0,3.0
201100046860,0011-05-09 12:00:00,11,5,9,12,0,920,51,"39, BD VICTOR HUGO",48.8875,2.27853,Plein jour,En agglomération,Hors intersection,Normale,Autre collision,,,,,,,,,,,1,2,1,1.0,6.0
201100046861,0011-05-11 09:55:00,11,5,11,9,55,920,51,"43, AV DU CHATEAU",48.8902,2.2667,Plein jour,En agglomération,Hors intersection,Normale,Deux véhicules - frontale,,,,,,,,,,,1,2,1,1.0,1.0
201100046862,0011-05-17 19:05:00,11,5,17,19,5,920,51,FERME / DELABORDERE,48.8774,2.25354,Plein jour,En agglomération,Intersection en T,Normale,Deux véhicules - côté,,,,,,,,,,,1,2,3,1.0,3.0
201100046863,0011-05-23 09:30:00,11,5,23,9,30,920,51,"156, AV CHARLES DE GAULL",48.8832,2.26609,Plein jour,En agglomération,Hors intersection,Normale,Sans collision,,,,,,,,,,,1,2,1,1.0,7.0
201100046864,0011-05-26 07:45:00,11,5,26,7,45,920,51,"80, AV CHARLES DE GAULLE",48.882,2.27013,Plein jour,En agglomération,Hors intersection,Normale,Deux véhicules - côté,,,,,,,,,,,1,2,1,1.0,3.0
201100046865,0011-05-24 09:50:00,11,5,24,9,50,920,51,"43, AV CHARLES DE GAULLE",48.8791,2.27778,Plein jour,En agglomération,Hors intersection,Normale,Autre collision,,,,,,,,,,,1,2,1,1.0,6.0
201100046866,0011-05-27 15:45:00,11,5,27,15,45,920,51,"106, AV CHARLES DE GAULL",48.8824,2.26866,Plein jour,En agglomération,Hors intersection,Normale,Deux véhicules - côté,,,,,,,,,,,1,2,1,1.0,3.0
201100046867,0011-05-31 15:30:00,11,5,31,15,30,920,51,"35, BD D'INKERMANN",48.8875,2.27527,Plein jour,En agglomération,Hors intersection,Temps couvert,Deux véhicules - arrière,,,,,,,,,,,1,2,1,8.0,2.0
201100046868,0011-06-01 18:00:00,11,6,1,18,0,920,51,"105, CHARLES DE GAULLE (",,,Plein jour,En agglomération,Hors intersection,Normale,Autre collision,,,,,,,,,,,1,2,1,1.0,6.0
201100046869,0011-06-01 14:20:00,11,6,1,14,20,920,51,"172, BINEAU (BOULEVARD,",,,Plein jour,En agglomération,Hors intersection,Normale,Autre collision,,,,,,,,,,,1,2,1,1.0,6.0
201100046870,0011-06-04 21:15:00,11,6,4,21,15,920,51,"61, PERRONET (RUE, N?1 A",,,Crépuscule ou aube,En agglomération,Hors intersection,Normale,Autre collision,,,,,,,,,,,2,2,1,1.0,6.0
201100046871,0011-06-14 11:35:00,11,6,14,11,35,920,51,"49, BD D'INKERMANN",48.8886,2.27582,Plein jour,En agglomération,Hors intersection,Normale,Trois véhicules et plus - collisions multiples,,,,,,,,,,,1,2,1,1.0,5.0
201100046872,0011-06-15 08:50:00,11,6,15,8,50,920,51,"66 BIS, MAURICE BARRES (",,,Plein jour,En agglomération,Hors intersection,Normale,Autre collision,,,,,,,,,,,1,2,1,1.0,6.0
201100046873,0011-06-17 00:25:00,11,6,17,0,25,920,51,LOUIS-PHILIPPE (RUE ),,,Nuit avec éclairage allumé,En agglomération,Intersection en X,Normale,Deux véhicules - côté,,,,,,,,,,,5,2,2,1.0,3.0
201100046874,0011-06-03 15:40:00,11,6,3,15,40,920,51,"208, BINEAU (BOULEVARD,",,,Plein jour,En agglomération,Hors intersection,Normale,Autre collision,,,,,,,,,,,1,2,1,1.0,6.0
201100046875,0011-06-07 15:55:00,11,6,7,15,55,920,51,RICHARD WALLACE (BOULEVA,,,Plein jour,En agglomération,Hors intersection,Pluie légère,Deux véhicules - arrière,,,,,,,,,,,1,2,1,2.0,2.0
201100046876,0011-06-04 19:30:00,11,6,4,19,30,920,51,"131, CHARLES DE GAULLE (",,,Plein jour,En agglomération,Hors intersection,Normale,Deux véhicules - arrière,,,,,,,,,,,1,2,1,1.0,2.0
201100046877,0011-06-05 22:50:00,11,6,5,22,50,920,51,"41, BD DU CHATEAU",48.8908,2.27055,Nuit avec éclairage allumé,En agglomération,Hors intersection,Pluie forte,Deux véhicules - côté,,,,,,,,,,,5,2,1,3.0,3.0
201100046878,0011-06-15 17:20:00,11,6,15,17,20,920,51,"112, CHARLES DE GAULLE (",,,Plein jour,En agglomération,Hors intersection,Normale,Deux véhicules - arrière,,,,,,,,,,,1,2,1,1.0,2.0
201100046879,0011-06-11 11:30:00,11,6,11,11,30,920,51,MARCHE (PLACE DU),,,Plein jour,En agglomération,Hors intersection,Normale,Sans collision,,,,,,,,,,,1,2,1,1.0,7.0
201100046880,0011-06-27 10:15:00,11,6,27,10,15,920,51,"82, GENERAL KOENIG (BOUL",,,Plein jour,En agglomération,Hors intersection,Normale,Deux véhicules - côté,,,,,,,,,,,1,2,1,1.0,3.0
201100046881,0011-06-26 14:30:00,11,6,26,14,30,920,51,BD DU GENERAL KOENIG,48.8858,2.2559,Plein jour,En agglomération,Hors intersection,Normale,Trois véhicules et plus - collisions multiples,,,,,,,,,,,1,2,1,1.0,5.0
201100046882,0011-06-25 14:10:00,11,6,25,14,10,920,51,SABLONVILLE (RUE DE),,,Plein jour,En agglomération,Hors intersection,Normale,Deux véhicules - côté,,,,,,,,,,,1,2,1,1.0,3.0
201100046883,0011-06-30 17:40:00,11,6,30,17,40,920,51,"23, SAINTE FOY (AVENUE)",,,Plein jour,En agglomération,Hors intersection,Normale,Autre collision,,,,,,,,,,,1,2,1,1.0,6.0
201100046884,0011-07-07 04:10:00,11,7,7,4,10,920,51,BD BOURDON,,,Nuit avec éclairage allumé,En agglomération,Hors intersection,Normale,Sans collision,,,,,,,,,,,5,2,1,1.0,7.0
201100046885,0011-07-13 10:30:00,11,7,13,10,30,920,51,"43, AV CHARLES DE GAULLE",,,Plein jour,En agglomération,Hors intersection,Temps couvert,Deux véhicules - frontale,,,,,,,,,,,1,2,1,8.0,1.0
201100046886,0011-07-06 19:35:00,11,7,6,19,35,920,51,"113, AV CHARLES DE GAULL",,,Plein jour,En agglomération,Hors intersection,Normale,Deux véhicules - côté,,,,,,,,,,,1,2,1,1.0,3.0
201100046887,0011-06-30 14:15:00,11,6,30,14,15,920,51,"VICTOR HUGO (BOULEVARD,",,,Plein jour,En agglomération,Intersection en T,Normale,Deux véhicules - côté,,,,,,,,,,,1,2,3,1.0,3.0
201100046888,0011-07-14 15:15:00,11,7,14,15,15,920,51,"196, BD BINEAU",,,Plein jour,En agglomération,Hors intersection,Normale,Sans collision,,,,,,,,,,,1,2,1,1.0,7.0
201100046889,0011-07-19 08:40:00,11,7,19,8,40,920,51,BD DE LA SAUSSAYE,,,Plein jour,En agglomération,Hors intersection,Temps couvert,Autre collision,,,,,,,,,,,1,2,1,8.0,6.0
201100046890,0011-07-14 17:45:00,11,7,14,17,45,920,51,"02, R DE CHARTRES",,,Plein jour,En agglomération,Hors intersection,Normale,Autre collision,,,,,,,,,,,1,2,1,1.0,6.0