accident_id,datetime,annee,mois,jour,heure,minute,departement,commune_insee,adresse,latitude,longitude,luminosite,agglomeration,intersection,meteo,collision,nb_vehicules,nb_usagers,nb_indemnes,nb_tues,nb_blesses_hosp,nb_blesses_legers,age_cond_1,age_cond_2,veh_type_cond_1,veh_type_cond_2,lum_code,agg_code,int_code,atm_code,col_code
201100047018,0011-10-18 15:00:00,11,10,18,15,0,920,62,R PAUL LAFARGUE,,,Plein jour,En agglomération,Hors intersection,Normale,Autre collision,,,,,,,,,,,1,2,1,1.0,6.0
201100047019,0011-11-04 12:41:00,11,11,4,12,41,920,62,RESISTANCE / ROGERS,,,Plein jour,En agglomération,Intersection en X,Normale,Deux véhicules - arrière,,,,,,,,,,,1,2,2,1.0,2.0
201100047020,0011-11-13 11:10:00,11,11,13,11,10,920,62,AV DU GENERAL DE GAULLE,,,Plein jour,En agglomération,Hors intersection,Normale,Autre collision,,,,,,,,,,,1,2,1,1.0,6.0
201100047021,0011-11-17 15:40:00,11,11,17,15,40,920,62,"42, QU DE DION BOUTON",,,Plein jour,En agglomération,Hors intersection,Normale,Autre collision,,,,,,,,,,,1,2,1,1.0,6.0
201100047022,0011-11-27 21:00:00,11,11,27,21,0,920,62,"11, QU DE DION BOUTON",,,Nuit avec éclairage allumé,En agglomération,Hors intersection,Normale,Deux véhicules - arrière,,,,,,,,,,,5,2,1,1.0,2.0
201100047023,0011-11-28 07:20:00,11,11,28,7,20,920,62,GAULLE / FONTAINES,,,Nuit avec éclairage allumé,En agglomération,Intersection en X,Normale,Deux véhicules - côté,,,,,,,,,,,5,2,2,1.0,3.0
201100047024,0011-11-29 18:15:00,11,11,29,18,15,920,62,BERTHELOT / GAULLE,,,Nuit avec éclairage allumé,En agglomération,Intersection en X,Normale,Autre collision,,,,,,,,,,,5,2,2,1.0,6.0
201100047025,0011-12-03 13:40:00,11,12,3,13,40,920,62,DE DION BOUTON (QUAI) DU,,,Plein jour,En agglomération,Hors intersection,Normale,Trois véhicules et plus - collisions multiples,,,,,,,,,,,1,2,1,1.0,5.0
201100047026,0011-12-13 20:00:00,11,12,13,20,0,920,62,BAS-ROGERS (RUE DES) N?,,,Nuit avec éclairage allumé,En agglomération,Intersection en T,Normale,Deux véhicules - côté,,,,,,,,,,,5,2,3,1.0,3.0
201100047027,0011-12-16 09:25:00,11,12,16,9,25,920,62,DE DION BOUTON (QUAI) DU,,,Plein jour,En agglomération,Hors intersection,Pluie légère,Autre collision,,,,,,,,,,,1,2,1,2.0,6.0
201100047028,0011-12-15 15:00:00,11,12,15,15,0,920,62,"73, GENERAL DE GAULLE (A",,,Plein jour,En agglomération,Hors intersection,Normale,Trois véhicules et plus - en chaîne,,,,,,,,,,,1,2,1,1.0,4.0
201100047029,0011-01-04 08:55:00,11,1,4,8,55,920,63,"16, R FILLIETTE NICOLAS",48.8738,2.18633,Plein jour,En agglomération,Hors intersection,Normale,Autre collision,,,,,,,,,,,1,2,1,1.0,6.0
201100047030,0011-01-06 00:25:00,11,1,6,0,25,920,63,PONT DE CHATOU,48.8881,2.16353,Nuit avec éclairage allumé,En agglomération,Hors intersection,Pluie forte,Deux véhicules - arrière,,,,,,,,,,,5,2,1,3.0,2.0
201100047031,0011-01-07 12:45:00,11,1,7,12,45,920,63,ALBERT 1ER / DOUMER,48.8799,2.18058,Plein jour,En agglomération,Intersection en X,Normale,Deux véhicules - côté,,,,,,,,,,,1,2,2,1.0,3.0
201100047032,0011-01-11 09:20:00,11,1,11,9,20,920,63,"133, AV DU 18 JUIN 1940",48.8672,2.19886,Plein jour,En agglomération,Hors intersection,Pluie légère,Deux véhicules - côté,,,,,,,,,,,1,2,1,2.0,3.0
201100047033,0011-01-15 12:20:00,11,1,15,12,20,920,63,PONT DE CHATOU,48.8881,2.16344,Plein jour,En agglomération,Hors intersection,Normale,Deux véhicules - arrière,,,,,,,,,,,1,2,1,1.0,2.0
201100047034,0011-01-17 14:50:00,11,1,17,14,50,920,63,"18, BD DE L'HOPITAL STEL",48.8769,2.1865,Plein jour,En agglomération,Hors intersection,Normale,Deux véhicules - arrière,,,,,,,,,,,1,2,1,1.0,2.0
201100047035,0011-01-26 06:55:00,11,1,26,6,55,920,63,RICHELIEU / BESCHE,48.8692,2.18607,Crépuscule ou aube,En agglomération,Intersection en X,Pluie légère,Deux véhicules - arrière,,,,,,,,,,,2,2,2,2.0,2.0
201100047036,0011-01-26 16:20:00,11,1,26,16,20,920,63,"15, BD DU MARECHAL FOCH",48.8779,2.17978,Plein jour,En agglomération,Hors intersection,Normale,Autre collision,,,,,,,,,,,1,2,1,1.0,6.0
201100047037,0011-02-02 13:45:00,11,2,2,13,45,920,63,DOUMER / HOPITAL STELL,48.8811,2.18458,Plein jour,En agglomération,Intersection en X,Normale,Deux véhicules - côté,,,,,,,,,,,1,2,2,1.0,3.0
201100047038,0011-02-18 18:50:00,11,2,18,18,50,920,63,R HENRI DUNANT,48.8633,2.19195,Crépuscule ou aube,En agglomération,Hors intersection,Normale,Deux véhicules - côté,,,,,,,,,,,2,2,1,1.0,3.0
201100047039,0011-02-28 07:09:00,11,2,28,7,9,920,63,NATIONAL / LAMARTINE,48.8885,2.18395,Plein jour,En agglomération,Intersection en X,Normale,Deux véhicules - côté,,,,,,,,,,,1,2,2,1.0,3.0
201100047040,0011-03-06 16:20:00,11,3,6,16,20,920,63,"09, R PIERRE BROSSOLETTE",48.8806,2.18167,Plein jour,En agglomération,Hors intersection,Normale,Deux véhicules - arrière,,,,,,,,,,,1,2,1,1.0,2.0
201100047041,0011-03-06 19:30:00,11,3,6,19,30,920,63,STELL / SOMMER,48.8763,2.18578,Nuit avec éclairage allumé,En agglomération,Intersection en X,Normale,Deux véhicules - côté,,,,,,,,,,,5,2,2,1.0,3.0
201100047042,0011-03-07 17:35:00,11,3,7,17,35,920,63,SOLFERINO / SOMMER,48.8763,2.18578,Plein jour,En agglomération,Intersection en X,Normale,Autre collision,,,,,,,,,,,1,2,2,1.0,6.0
201100047043,0011-03-08 13:10:00,11,3,8,13,10,920,63,POMPIDOU / CORNEILLE,48.8708,2.19559,Plein jour,En agglomération,Intersection en X,Normale,Deux véhicules - côté,,,,,,,,,,,1,2,2,1.0,3.0
201100047044,0011-03-11 01:25:00,11,3,11,1,25,920,63,"17, R GUY DE MAUPASSANT",48.8902,2.1674,Nuit avec éclairage allumé,En agglomération,Hors intersection,Normale,Autre collision,,,,,,,,,,,5,2,1,1.0,6.0
201100047045,0011-03-15 07:40:00,11,3,15,7,40,920,63,R DES ORTIES,48.8664,2.18934,Crépuscule ou aube,En agglomération,Hors intersection,Normale,Deux véhicules - côté,,,,,,,,,,,2,2,1,1.0,3.0
201100047046,0011-03-18 20:37:00,11,3,18,20,37,920,63,R DE MAUREPAS,48.8788,2.18146,Nuit sans éclairage public,En agglomération,Hors intersection,Pluie légère,Deux véhicules - arrière,,,,,,,,,,,3,2,1,2.0,2.0
201100047047,0011-03-30 16:25:00,11,3,30,16,25,920,63,BOIS PREAU / DOUMER,48.8772,2.17327,Plein jour,En agglomération,Intersection en T,Normale,Deux véhicules - côté,,,,,,,,,,,1,2,3,1.0,3.0
201100047048,0011-04-05 12:40:00,11,4,5,12,40,920,63,"1, R MASSENA",48.8735,2.1814,Plein jour,En agglomération,Hors intersection,Normale,Autre collision,,,,,,,,,,,1,2,1,1.0,6.0
201100047049,0011-04-08 11:15:00,11,4,8,11,15,920,63,"103, RTE DE L'EMPEREUR",48.8669,2.17663,Plein jour,En agglomération,Hors intersection,Normale,Autre collision,,,,,,,,,,,1,2,1,1.0,6.0
201100047050,0011-04-26 19:15:00,11,4,26,19,15,920,63,GARES / BELIN,48.8873,2.16991,Crépuscule ou aube,En agglomération,Intersection en X,Normale,Deux véhicules - côté,,,,,,,,,,,2,2,2,1.0,3.0
201100047051,0011-04-29 16:10:00,11,4,29,16,10,920,63,"274, AV NAPOLEON BONAPAR",48.8722,2.1624,Plein jour,En agglomération,Hors intersection,Normale,Deux véhicules - arrière,,,,,,,,,,,1,2,1,1.0,2.0
201100047052,0011-05-03 16:43:00,11,5,3,16,43,920,63,"2, R DU LIEUTENANT COLON",48.8659,2.19757,Plein jour,En agglomération,Hors intersection,Normale,Deux véhicules - arrière,,,,,,,,,,,1,2,1,1.0,2.0
201100047053,0011-05-16 17:30:00,11,5,16,17,30,920,63,FOUILLEUSE / MONTBRISON,48.8621,2.19626,Plein jour,En agglomération,Intersection en X,Normale,Deux véhicules - côté,,,,,,,,,,,1,2,2,1.0,3.0
201100047054,0011-05-17 13:00:00,11,5,17,13,0,920,63,"91, R GEORGE SAND",48.8675,2.18024,Plein jour,En agglomération,Hors intersection,Normale,Deux véhicules - côté,,,,,,,,,,,1,2,1,1.0,3.0
201100047055,0011-05-22 11:20:00,11,5,22,11,20,920,63,"6, R DU CHATEAU",48.876,2.18071,Plein jour,En agglomération,Hors intersection,Normale,Autre collision,,,,,,,,,,,1,2,1,1.0,6.0
201100047056,0011-05-23 19:30:00,11,5,23,19,30,920,63,"9, R DES BASSES GRANDES",48.8611,2.19411,Plein jour,En agglomération,Hors intersection,Normale,Deux véhicules - côté,,,,,,,,,,,1,2,1,1.0,3.0
201100047057,0011-05-27 19:20:00,11,5,27,19,20,920,63,JUIN 1940 / DUNANT,48.868,2.19307,Plein jour,En agglomération,Intersection en X,Normale,Deux véhicules - côté,,,,,,,,,,,1,2,2,1.0,3.0
201100047058,0011-06-08 10:45:00,11,6,8,10,45,920,63,PL RICHELIEU,48.8736,2.18203,Plein jour,En agglomération,Hors intersection,Normale,Autre collision,,,,,,,,,,,1,2,1,1.0,6.0
201100047059,0011-06-13 19:00:00,11,6,13,19,0,920,63,CHE DES OUCHES,48.8602,2.16203,Plein jour,En agglomération,Hors intersection,Normale,Deux véhicules - côté,,,,,,,,,,,1,2,1,1.0,3.0
201100047060,0011-06-16 11:55:00,11,6,16,11,55,920,63,PL LOUIS FRANCOIS BESCHE,48.8689,2.18647,Plein jour,En agglomération,Hors intersection,Normale,Trois véhicules et plus - en chaîne,,,,,,,,,,,1,2,1,1.0,4.0
201100047061,0011-06-17 01:30:00,11,6,17,1,30,920,63,AV VICTOR HUGO,48.8853,2.17677,Nuit avec éclairage allumé,En agglomération,Hors intersection,Normale,Sans collision,,,,,,,,,,,5,2,1,1.0,7.0
201100047062,0011-06-17 12:30:00,11,6,17,12,30,920,63,BD DE RICHELIEU,48.8694,2.18576,Plein jour,En agglomération,Hors intersection,Normale,Deux véhicules - côté,,,,,,,,,,,1,2,1,1.0,3.0
201100047063,0011-06-23 13:50:00,11,6,23,13,50,920,63,PL RICHELIEU / MASSENA,48.8735,2.18146,Plein jour,En agglomération,Giratoire,Normale,Deux véhicules - côté,,,,,,,,,,,1,2,6,1.0,3.0
201100047064,0011-06-23 15:52:00,11,6,23,15,52,920,63,R GALLIENI,48.8743,2.20098,Plein jour,En agglomération,Hors intersection,Normale,Deux véhicules - frontale,,,,,,,,,,,1,2,1,1.0,1.0
201100047065,0011-06-28 16:10:00,11,6,28,16,10,920,63,AV NAPOLEON BONAPARTE,48.8763,2.17071,Plein jour,En agglomération,Hors intersection,Normale,Sans collision,,,,,,,,,,,1,2,1,1.0,7.0
201100047066,0011-07-02 10:25:00,11,7,2,10,25,920,63,AV ALBERT 1ER,,,Plein jour,En agglomération,Hors intersection,Normale,Deux véhicules - côté,,,,,,,,,,,1,2,1,1.0,3.0
201100047067,0011-07-07 07:30:00,11,7,7,7,30,920,63,PONT DE CHATOU,,,Plein jour,En agglomération,Hors intersection,Normale,Deux véhicules - côté,,,,,,,,,,,1,2,1,1.0,3.0
201100047068,0011-07-20 16:20:00,11,7,20,16,20,920,63,HUGO / COLMAR,,,Plein jour,En agglomération,Intersection en X,Pluie légère,Deux véhicules - côté,,,,,,,,,,,1,2,2,2.0,3.0
201100047069,0011-07-21 19:35:00,11,7,21,19,35,920,63,JUIN / BROSSOLETTE,,,Plein jour,Hors agglomération,Intersection en X,Pluie légère,Deux véhicules - arrière,,,,,,,,,,,1,1,2,2.0,2.0
201100047070,0011-08-01 18:30:00,11,8,1,18,30,920,63,AV ALBERT 1ER,,,Plein jour,En agglomération,Hors intersection,Normale,Deux véhicules - côté,,,,,,,,,,,1,2,1,1.0,3.0
201100047071,0011-08-08 08:10:00,11,8,8,8,10,920,63,BONAPARTE / JONCHERE,,,Plein jour,En agglomération,Intersection en T,Normale,Deux véhicules - côté,,,,,,,,,,,1,2,3,1.0,3.0
201100047072,0011-08-11 19:45:00,11,8,11,19,45,920,63,POMPIDOU / CORNEILLE,,,Plein jour,En agglomération,Intersection en X,Normale,Deux véhicules - côté,,,,,,,,,,,1,2,2,1.0,3.0
201100047073,0011-08-17 14:00:00,11,8,17,14,0,920,63,HUGO / MICHELET,,,Plein jour,En agglomération,Intersection en T,Normale,Deux véhicules - côté,,,,,,,,,,,1,2,3,1.0,3.0
201100047074,0011-08-19 15:20:00,11,8,19,15,20,920,63,AV PAUL DOUMER,,,Plein jour,En agglomération,Hors intersection,Normale,Autre collision,,,,,,,,,,,1,2,1,1.0,6.0
201100047075,0011-08-22 15:50:00,11,8,22,15,50,920,63,R HENRI DUNANT,,,Plein jour,En agglomération,Hors intersection,Normale,Autre collision,,,,,,,,,,,1,2,1,1.0,6.0
201100047076,0011-09-07 08:00:00,11,9,7,8,0,920,63,CHATAIGNERAIE / HETRES,,,Plein jour,En agglomération,Intersection en T,Normale,Deux véhicules - côté,,,,,,,,,,,1,2,3,1.0,3.0
201100047077,0011-09-15 09:00:00,11,9,15,9,0,920,63,1940 / MAISTRASSE,,,Plein jour,En agglomération,Intersection en T,Normale,Trois véhicules et plus - collisions multiples,,,,,,,,,,,1,2,3,1.0,5.0
201100047078,0011-09-15 17:50:00,11,9,15,17,50,920,63,BONAPARTE / A86,,,Plein jour,Hors agglomération,Intersection en T,Normale,Deux véhicules - côté,,,,,,,,,,,1,1,3,1.0,3.0
201100047079,0011-09-18 19:45:00,11,9,18,19,45,920,63,"110, R DES PEUPLIERS",,,Crépuscule ou aube,En agglomération,Hors intersection,Normale,Autre collision,,,,,,,,,,,2,2,1,1.0,6.0
201100047080,0011-09-23 10:50:00,11,9,23,10,50,920,63,8 MAI 1945 / RAISINS,,,Plein jour,En agglomération,Giratoire,Normale,Deux véhicules - arrière,,,,,,,,,,,1,2,6,1.0,2.0
201100047081,0011-10-05 09:05:00,11,10,5,9,5,920,63,"6, R DE LA CHAPELLE",,,Plein jour,En agglomération,Hors intersection,Normale,Deux véhicules - arrière,,,,,,,,,,,1,2,1,1.0,2.0
201100047082,0011-10-14 07:00:00,11,10,14,7,0,920,63,"52, AV PAUL DOUMER",,,Crépuscule ou aube,En agglomération,Hors intersection,Normale,Deux véhicules - arrière,,,,,,,,,,,2,2,1,1.0,2.0
201100047083,0011-10-21 08:15:00,11,10,21,8,15,920,63,R D'ESTIENNE D'ORVES,,,Plein jour,En agglomération,Hors intersection,Normale,Autre collision,,,,,,,,,,,1,2,1,1.0,6.0
201100047084,0011-10-22 14:40:00,11,10,22,14,40,920,63,"58, AV DE FOUILLEUSE",,,Plein jour,En agglomération,Hors intersection,Normale,Deux véhicules - arrière,,,,,,,,,,,1,2,1,1.0,2.0
201100047085,0011-10-30 21:45:00,11,10,30,21,45,920,63,GALLIENI / GERANIUMS,,,Nuit avec éclairage allumé,En agglomération,Intersection en T,Normale,Deux véhicules - côté,,,,,,,,,,,5,2,3,1.0,3.0
201100047086,0011-11-03 08:40:00,11,11,3,8,40,920,63,VERSAILLES / SAINT-PERE,,,Plein jour,En agglomération,Intersection en T,Pluie légère,Deux véhicules - côté,,,,,,,,,,,1,2,3,2.0,3.0
201100047087,0011-11-12 22:15:00,11,11,12,22,15,920,63,"153, RTE DE L'EMPEREUR",,,Crépuscule ou aube,En agglomération,Hors intersection,Normale,Deux véhicules - côté,,,,,,,,,,,2,2,1,1.0,3.0
201100047088,0011-11-13 12:20:00,11,11,13,12,20,920,63,"153, RTE DE L'EMPEREUR",,,Plein jour,En agglomération,Hors intersection,Normale,Autre collision,,,,,,,,,,,1,2,1,1.0,6.0
201100047089,0011-11-14 14:59:00,11,11,14,14,59,920,63,1918 ??? / VILLE,,,Plein jour,En agglomération,Intersection en X,Normale,Autre collision,,,,,,,,,,,1,2,2,1.0,6.0
201100047090,0011-11-16 20:15:00,11,11,16,20,15,920,63,"29, R DU LIEUTENANT COLO",,,Crépuscule ou aube,En agglomération,Hors intersection,Normale,Deux véhicules - côté,,,,,,,,,,,2,2,1,1.0,3.0
201100047091,0011-11-21 18:15:00,11,11,21,18,15,920,63,"27, R DE MAUREPAS",,,Nuit avec éclairage allumé,En agglomération,Hors intersection,Normale,Autre collision,,,,,,,,,,,5,2,1,1.0,6.0
201100047092,0011-11-22 14:25:00,11,11,22,14,25,920,63,"10, R DE L'ETOILE",,,Plein jour,En agglomération,Hors intersection,Normale,Autre collision,,,,,,,,,,,1,2,1,1.0,6.0
201100047093,0011-11-23 07:30:00,11,11,23,7,30,920,63,"80, R D'ESTIENNE D'ORVES",,,Nuit avec éclairage non allumé,En agglomération,Hors intersection,Brouillard / fumée,Autre collision,,,,,,,,,,,4,2,1,5.0,6.0
201100047094,0011-11-23 14:10:00,11,11,23,14,10,920,63,"18, R MARTIGNON",,,Plein jour,En agglomération,Hors intersection,Normale,Deux véhicules - côté,,,,,,,,,,,1,2,1,1.0,3.0
201100047095,0011-11-29 12:00:00,11,11,29,12,0,920,63,"59, AV DE COLMAR",,,Plein jour,En agglomération,Hors intersection,Normale,Deux véhicules - côté,,,,,,,,,,,1,2,1,1.0,3.0
201100047096,0011-11-30 08:10:00,11,11,30,8,10,920,63,1940 / RACINE,,,Plein jour,En agglomération,Intersection en X,Normale,Deux véhicules - côté,,,,,,,,,,,1,2,2,1.0,3.0
201100047097,0011-12-01 23:18:00,11,12,1,23,18,920,63,COLMAR (AVENUE DE),,,Nuit avec éclairage allumé,En agglomération,Hors intersection,Normale,Sans collision,,,,,,,,,,,5,2,1,1.0,7.0
201100047098,0011-12-09 19:40:00,11,12,9,19,40,920,63,HUGO (AVENUE VICTOR),,,Nuit avec éclairage non allumé,En agglomération,Intersection en X,Normale,Deux véhicules - côté,,,,,,,,,,,4,2,2,1.0,3.0
201100047099,0011-12-12 07:45:00,11,12,12,7,45,920,63,"190, DOUMER (AVENUE PAUL",,,Plein jour,En agglomération,Hors intersection,Normale,Autre collision,,,,,,,,,,,1,2,1,1.0,6.0
201100047100,0011-12-12 17:25:00,11,12,12,17,25,920,63,"25, RICHELIEU (BOULEVARD",,,Nuit avec éclairage allumé,En agglomération,Hors intersection,Normale,Deux véhicules - arrière,,,,,,,,,,,5,2,1,1.0,2.0
201100047101,0011-12-15 20:10:00,11,12,15,20,10,920,63,"120, POMPIDOU (AVENUE DU",,,Nuit avec éclairage allumé,En agglomération,Intersection en T,Pluie légère,Autre collision,,,,,,,,,,,5,2,3,2.0,6.0
201100047102,0011-12-16 14:30:00,11,12,16,14,30,920,63,BROSSOLETTE (RUE PIERRE),,,Plein jour,En agglomération,Intersection en X,Normale,Deux véhicules - côté,,,,,,,,,,,1,2,2,1.0,3.0
201100047103,0011-01-04 11:50:00,11,1,4,11,50,920,64,"14, R DAILLY",48.8428,2.22098,Plein jour,En agglomération,Hors intersection,Normale,Autre collision,,,,,,,,,,,1,2,1,1.0,6.0
201100047104,0011-01-11 09:55:00,11,1,11,9,55,920,64,"1, PONT DE SAINT-CLOUD",48.8413,2.22408,Plein jour,En agglomération,Hors intersection,Pluie légère,Deux véhicules - arrière,,,,,,,,,,,1,2,1,2.0,2.0
201100047105,0011-01-11 11:40:00,11,1,11,11,40,920,64,"55, QU MARCEL DASSAULT",48.8519,2.2231,Plein jour,En agglomération,Hors intersection,Normale,Trois véhicules et plus - en chaîne,,,,,,,,,,,1,2,1,1.0,4.0
201100047106,0011-01-16 11:50:00,11,1,16,11,50,920,64,"124, BD DE LA REPUBLIQUE",48.8503,2.21344,Plein jour,En agglomération,Hors intersection,Normale,Deux véhicules - côté,,,,,,,,,,,1,2,1,1.0,3.0
201100047107,0011-01-24 07:40:00,11,1,24,7,40,920,64,"8, AV FRANCIS CHAVETON",48.8596,2.20837,Plein jour,En agglomération,Hors intersection,Temps couvert,Deux véhicules - côté,,,,,,,,,,,1,2,1,8.0,3.0
201100047108,0011-01-25 17:10:00,11,1,25,17,10,920,64,"12, R DE MONTESQUIOU",48.8453,2.2144,Plein jour,En agglomération,Hors intersection,Normale,Deux véhicules - côté,,,,,,,,,,,1,2,1,1.0,3.0
201100047109,0011-01-26 17:30:00,11,1,26,17,30,920,47,"182, R DE JARDY",48.8284,2.17119,Plein jour,En agglomération,Hors intersection,Pluie légère,Deux véhicules - arrière,,,,,,,,,,,1,2,1,2.0,2.0
201100047110,0011-02-04 19:00:00,11,2,4,19,0,920,64,REPUBLIQUE / BUZENVAL,48.8494,2.21375,Nuit avec éclairage allumé,En agglomération,Intersection en X,Normale,Autre collision,,,,,,,,,,,5,2,2,1.0,6.0
201100047111,0011-02-09 09:00:00,11,2,9,9,0,920,64,QU DU PRESIDENT CARNOT,48.8455,2.22375,Plein jour,En agglomération,Hors intersection,Normale,Deux véhicules - côté,,,,,,,,,,,1,2,1,1.0,3.0
201100047112,0011-02-10 13:45:00,11,2,10,13,45,920,64,DASSAULT / L'AQUEDUC,48.8528,2.22278,Plein jour,En agglomération,Intersection en T,Normale,Deux véhicules - côté,,,,,,,,,,,1,2,3,1.0,3.0
201100047113,0011-02-16 16:20:00,11,2,16,16,20,920,64,R DAILLY,48.8429,2.22093,Plein jour,En agglomération,Hors intersection,Normale,Deux véhicules - côté,,,,,,,,,,,1,2,1,1.0,3.0
201100047114,0011-02-21 08:35:00,11,2,21,8,35,920,33,POINCARE / PASTEUR,48.8382,2.17855,Plein jour,En agglomération,Intersection en Y,Normale,Deux véhicules - côté,,,,,,,,,,,1,2,4,1.0,3.0
201100047115,0011-02-25 19:10:00,11,2,25,19,10,920,64,QU MARCEL DASSAULT,48.859,2.22397,Nuit avec éclairage allumé,En agglomération,Hors intersection,Normale,Deux véhicules - arrière,,,,,,,,,,,5,2,1,1.0,2.0
201100047116,0011-03-01 20:10:00,11,3,1,20,10,920,64,"125, BD DE LA REPUBLIQUE",48.8512,2.21315,Nuit avec éclairage allumé,En agglomération,Hors intersection,Normale,Deux véhicules - côté,,,,,,,,,,,5,2,1,1.0,3.0
201100047117,0011-03-04 09:10:00,11,3,4,9,10,920,64,"27, QU DU PRESIDENT CARN",48.8443,2.22342,Plein jour,En agglomération,Hors intersection,Normale,Deux véhicules - arrière,,,,,,,,,,,1,2,1,1.0,2.0
201100047118,0011-03-07 20:00:00,11,3,7,20,0,920,64,CANADIEN / L'AVRE,48.8529,2.20583,Nuit avec éclairage allumé,En agglomération,Intersection en X,Normale,Deux véhicules - côté,,,,,,,,,,,5,2,2,1.0,3.0
201100047119,0011-03-09 12:51:00,11,3,9,12,51,920,64,"45, QU DU PRESIDENT CARN",48.8442,2.22338,Plein jour,En agglomération,Hors intersection,Normale,Trois véhicules et plus - collisions multiples,,,,,,,,,,,1,2,1,1.0,5.0
201100047120,0011-03-09 13:35:00,11,3,9,13,35,920,33,JAUNE / CANADIEN,48.8529,2.20583,Plein jour,En agglomération,Intersection en X,Normale,Deux véhicules - côté,,,,,,,,,,,1,2,2,1.0,3.0
201100047121,0011-03-14 10:40:00,11,3,14,10,40,920,64,QU MARCEL DASSAULT,48.8614,2.22518,Plein jour,En agglomération,Hors intersection,Normale,Deux véhicules - arrière,,,,,,,,,,,1,2,1,1.0,2.0
201100047122,0011-03-17 18:35:00,11,3,17,18,35,920,64,R DU VAL D'OR,48.8598,2.21656,Nuit avec éclairage allumé,En agglomération,Hors intersection,Normale,Autre collision,,,,,,,,,,,5,2,1,1.0,6.0
201100047123,0011-03-21 15:15:00,11,3,21,15,15,920,47,R YVES CARIOU,48.8379,2.16913,Plein jour,Hors agglomération,Hors intersection,Normale,Sans collision,,,,,,,,,,,1,1,1,1.0,7.0
201100047124,0011-03-22 12:00:00,11,3,22,12,0,920,33,R DE SURESNES,48.8456,2.18854,Plein jour,En agglomération,Hors intersection,Normale,Autre collision,,,,,,,,,,,1,2,1,1.0,6.0
201100047125,0011-03-22 16:05:00,11,3,22,16,5,920,64,R GOUNOD,48.8425,2.20858,Plein jour,En agglomération,Hors intersection,Normale,Autre collision,,,,,,,,,,,1,2,1,1.0,6.0
201100047126,0011-03-22 16:30:00,11,3,22,16,30,920,76,R DU DOCTEUR CHRISTEN,48.8387,2.15607,Plein jour,En agglomération,Hors intersection,Normale,Trois véhicules et plus - en chaîne,,,,,,,,,,,1,2,1,1.0,4.0
201100047127,0011-03-25 11:10:00,11,3,25,11,10,920,64,BD DE LA REPUBLIQUE,48.8427,2.207,Plein jour,En agglomération,Hors intersection,Normale,Deux véhicules - côté,,,,,,,,,,,1,2,1,1.0,3.0
201100047128,0011-03-26 11:00:00,11,3,26,11,0,920,33,MARECHAL LECLERC,48.8432,2.18657,Plein jour,En agglomération,Hors intersection,Normale,Deux véhicules - arrière,,,,,,,,,,,1,2,1,1.0,2.0
201100047129,0011-03-26 20:00:00,11,3,26,20,0,920,64,PL DU MOUSTIER,48.8439,2.21975,Nuit avec éclairage allumé,En agglomération,Place,Pluie légère,Autre collision,,,,,,,,,,,5,2,7,2.0,6.0
201100047130,0011-04-07 16:10:00,11,4,7,16,10,920,64,"26, R DAILLY",48.8448,2.22028,Plein jour,En agglomération,Hors intersection,Normale,Deux véhicules - arrière,,,,,,,,,,,1,2,1,1.0,2.0
201100047131,0011-04-08 13:25:00,11,4,8,13,25,920,64,"108, BD DE LA REPUBLIQUE",48.8488,2.21393,Plein jour,En agglomération,Hors intersection,Normale,Deux véhicules - côté,,,,,,,,,,,1,2,1,1.0,3.0
201100047132,0011-04-16 04:00:00,11,4,16,4,0,920,64,QU MARCEL DASSAULT,48.8555,2.2229,Nuit avec éclairage allumé,En agglomération,Hors intersection,Normale,Sans collision,,,,,,,,,,,5,2,1,1.0,7.0
201100047133,0011-04-16 13:50:00,11,4,16,13,50,920,64,QU MARCEL DASSAULT,48.8519,2.2231,Plein jour,En agglomération,Hors intersection,Normale,Trois véhicules et plus - en chaîne,,,,,,,,,,,1,2,1,1.0,4.0
201100047134,0011-04-17 09:10:00,11,4,17,9,10,920,64,QU DU PRESIDENT CARNOT,48.8451,2.22322,Plein jour,En agglomération,Hors intersection,Normale,Autre collision,,,,,,,,,,,1,2,1,1.0,6.0
201100047135,0011-04-18 14:25:00,11,4,18,14,25,920,76,CELLE SAINT-CLOUD,48.8468,2.16164,Plein jour,En agglomération,Hors intersection,Normale,Deux véhicules - côté,,,,,,,,,,,1,2,1,1.0,3.0
201100047136,0011-04-20 17:25:00,11,4,20,17,25,920,64,VALERIEN / VILLARMAINS,48.8525,2.21626,Plein jour,En agglomération,Intersection en T,Normale,Deux véhicules - côté,,,,,,,,,,,1,2,3,1.0,3.0
201100047137,0011-04-26 13:55:00,11,4,26,13,55,920,64,"110, BD DE LA REPUBLIQUE",48.8491,2.21383,Plein jour,En agglomération,Hors intersection,Normale,Deux véhicules - arrière,,,,,,,,,,,1,2,1,1.0,2.0
201100047138,0011-05-01 02:00:00,11,5,1,2,0,920,64,"1479, QU MARCEL DASSAULT",48.8588,2.2239,Nuit avec éclairage allumé,En agglomération,Hors intersection,Normale,Autre collision,,,,,,,,,,,5,2,1,1.0,6.0
201100047139,0011-05-04 12:15:00,11,5,4,12,15,920,64,PARC SAINT CLOUD ????,,,Plein jour,En agglomération,Hors intersection,Normale,Sans collision,,,,,,,,,,,1,2,1,1.0,7.0
201100047140,0011-05-04 18:15:00,11,5,4,18,15,920,64,LECLERC / DAILLY,48.8423,2.20703,Plein jour,En agglomération,Giratoire,Normale,Autre collision,,,,,,,,,,,1,2,6,1.0,6.0