accident_id,datetime,annee,mois,jour,heure,minute,departement,commune_insee,adresse,latitude,longitude,luminosite,agglomeration,intersection,meteo,collision,nb_vehicules,nb_usagers,nb_indemnes,nb_tues,nb_blesses_hosp,nb_blesses_legers,age_cond_1,age_cond_2,veh_type_cond_1,veh_type_cond_2,lum_code,agg_code,int_code,atm_code,col_code
201100047393,0011-05-31 10:15:00,11,5,31,10,15,920,46,CAMELINAT / MOQUET,48.8147,2.29681,Plein jour,En agglomération,Intersection en X,Normale,Deux véhicules - côté,,,,,,,,,,,1,2,2,1.0,3.0
201100047394,0011-05-28 13:30:00,11,5,28,13,30,920,46,R JEAN MERMOZ,48.809,2.2915,Plein jour,En agglomération,Hors intersection,Normale,Sans collision,,,,,,,,,,,1,2,1,1.0,7.0
201100047395,0011-06-08 18:40:00,11,6,8,18,40,920,75,BLEUZEN / L'INSURRECTION,48.8204,2.29083,Plein jour,En agglomération,Giratoire,Normale,Sans collision,,,,,,,,,,,1,2,6,1.0,7.0
201100047396,0011-06-14 03:20:00,11,6,14,3,20,920,46,BROSSOLETTE / PINARD,48.8223,2.31414,Nuit avec éclairage allumé,En agglomération,Intersection en X,Pluie légère,Deux véhicules - côté,,,,,,,,,,,5,2,2,2.0,3.0
201100047397,0011-06-24 00:10:00,11,6,24,0,10,920,46,BROSSOLETTE / FEV 1934,48.8177,2.30787,Nuit avec éclairage allumé,En agglomération,Intersection en X,Normale,Deux véhicules - côté,,,,,,,,,,,5,2,2,1.0,3.0
201100047398,0011-06-23 07:10:00,11,6,23,7,10,920,46,AV PIERRE BROSSOLETTE,48.8187,2.30926,Plein jour,En agglomération,Hors intersection,Normale,Autre collision,,,,,,,,,,,1,2,1,1.0,6.0
201100047399,0011-06-19 23:00:00,11,6,19,23,0,920,75,AV DE VERDUN,48.8207,2.29449,Nuit avec éclairage allumé,En agglomération,Hors intersection,Normale,Autre collision,,,,,,,,,,,5,2,1,1.0,6.0
201100047400,0011-06-17 06:45:00,11,6,17,6,45,920,46,CAMELINAT / MOQUET,48.8147,2.29681,Plein jour,En agglomération,Intersection en X,Normale,Deux véhicules - côté,,,,,,,,,,,1,2,2,1.0,3.0
201100047401,0011-07-01 16:20:00,11,7,1,16,20,920,46,BROSSOLETTE / 1934,,,Plein jour,En agglomération,Intersection en X,Normale,Autre collision,,,,,,,,,,,1,2,2,1.0,6.0
201100047402,0011-07-20 08:45:00,11,7,20,8,45,920,75,GAULLE / BARRE,,,Plein jour,En agglomération,Intersection à plus de 4 branches,Normale,Deux véhicules - côté,,,,,,,,,,,1,2,5,1.0,3.0
201100047403,0011-08-13 19:20:00,11,8,13,19,20,920,46,AV PIERRE BROSSOLETTE,,,Plein jour,En agglomération,Hors intersection,Normale,Sans collision,,,,,,,,,,,1,2,1,1.0,7.0
201100047404,0011-08-14 17:00:00,11,8,14,17,0,920,75,AV DE VERDUN,,,Plein jour,En agglomération,Hors intersection,Normale,Sans collision,,,,,,,,,,,1,2,1,1.0,7.0
201100047405,0011-09-05 20:15:00,11,9,5,20,15,920,75,R ERNEST LAVAL,,,Nuit avec éclairage non allumé,En agglomération,Hors intersection,Normale,Deux véhicules - côté,,,,,,,,,,,4,2,1,1.0,3.0
201100047406,0011-09-05 12:20:00,11,9,5,12,20,920,75,"13, AV DE VERDUN",,,Plein jour,En agglomération,Hors intersection,Normale,Sans collision,,,,,,,,,,,1,2,1,1.0,7.0
201100047407,0011-09-07 09:05:00,11,9,7,9,5,920,75,GAULLE / BARRE,,,Plein jour,En agglomération,Intersection à plus de 4 branches,Normale,Deux véhicules - côté,,,,,,,,,,,1,2,5,1.0,3.0
201100047408,0011-09-12 08:30:00,11,9,12,8,30,920,75,AV DU GENERAL DE GAULLE,,,Plein jour,En agglomération,Hors intersection,Normale,Sans collision,,,,,,,,,,,1,2,1,1.0,7.0
201100047409,0011-09-15 19:10:00,11,9,15,19,10,920,46,LAROUSSE / PERI,,,Plein jour,En agglomération,Intersection en T,Normale,Autre collision,,,,,,,,,,,1,2,3,1.0,6.0
201100047410,0011-09-30 00:45:00,11,9,30,0,45,920,75,"33, R RAYMOND MARCHERON",,,Nuit avec éclairage allumé,En agglomération,Hors intersection,Normale,Sans collision,,,,,,,,,,,5,2,1,1.0,7.0
201100047411,0011-10-03 18:40:00,11,10,3,18,40,920,46,R RAYMOND DAVID,,,Plein jour,En agglomération,Hors intersection,Normale,Autre collision,,,,,,,,,,,1,2,1,1.0,6.0
201100047412,0011-10-04 11:50:00,11,10,4,11,50,920,75,"42, R DE LA REPUBLIQUE",,,Plein jour,En agglomération,Hors intersection,Normale,Autre collision,,,,,,,,,,,1,2,1,1.0,6.0
201100047413,0011-10-08 19:30:00,11,10,8,19,30,920,75,BLEUZEN / GAMBETTA,,,Nuit avec éclairage allumé,En agglomération,Intersection en T,Normale,Autre collision,,,,,,,,,,,5,2,3,1.0,6.0
201100047414,0011-10-10 11:45:00,11,10,10,11,45,920,75,"14, AV VICTOR HUGO",,,Plein jour,En agglomération,Hors intersection,Normale,Deux véhicules - frontale,,,,,,,,,,,1,2,1,1.0,1.0
201100047415,0011-10-11 02:25:00,11,10,11,2,25,920,46,PERI / DAVID,,,Nuit avec éclairage allumé,En agglomération,Intersection en T,Normale,Sans collision,,,,,,,,,,,5,2,3,1.0,7.0
201100047416,0011-10-13 09:10:00,11,10,13,9,10,920,46,"178, BD GABRIEL PERI",,,Plein jour,En agglomération,Hors intersection,Normale,Autre collision,,,,,,,,,,,1,2,1,1.0,6.0
201100047417,0011-10-17 10:25:00,11,10,17,10,25,920,46,"87, R LOUIS GIRARD",,,Plein jour,En agglomération,Hors intersection,Normale,Sans collision,,,,,,,,,,,1,2,1,1.0,7.0
201100047418,0011-10-22 13:10:00,11,10,22,13,10,920,75,INSURRECTION / MARCHERON,,,Plein jour,En agglomération,Giratoire,Normale,Deux véhicules - côté,,,,,,,,,,,1,2,6,1.0,3.0
201100047419,0011-10-23 20:20:00,11,10,23,20,20,920,46,"37, R GALLIENI",,,Nuit avec éclairage allumé,En agglomération,Hors intersection,Normale,Sans collision,,,,,,,,,,,5,2,1,1.0,7.0
201100047420,0011-11-03 09:45:00,11,11,3,9,45,920,46,DAVID / BERT,,,Plein jour,En agglomération,Intersection en X,Pluie légère,Deux véhicules - côté,,,,,,,,,,,1,2,2,2.0,3.0
201100047421,0011-11-05 02:30:00,11,11,5,2,30,920,46,BROSSOLETTE / COPPEE,,,Nuit avec éclairage allumé,En agglomération,Intersection en T,Pluie forte,Deux véhicules - côté,,,,,,,,,,,5,2,3,3.0,3.0
201100047422,0011-11-08 18:20:00,11,11,8,18,20,920,46,AVAULEE / COUTURIER,,,Nuit avec éclairage allumé,En agglomération,Intersection en T,Pluie légère,Autre collision,,,,,,,,,,,5,2,3,2.0,6.0
201100047423,0011-11-08 13:30:00,11,11,8,13,30,920,75,"75, R JEAN BLEUZEN",,,Plein jour,En agglomération,Hors intersection,Pluie légère,Autre collision,,,,,,,,,,,1,2,1,2.0,6.0
201100047424,0011-11-18 08:45:00,11,11,18,8,45,920,75,DIDEROT / BRIAND,,,Plein jour,En agglomération,Intersection en X,Pluie légère,Deux véhicules - côté,,,,,,,,,,,1,2,2,2.0,3.0
201100047425,0011-11-28 11:35:00,11,11,28,11,35,920,75,"70, R JEAN BLEUZEN",,,Plein jour,En agglomération,Hors intersection,Temps couvert,Deux véhicules - côté,,,,,,,,,,,1,2,1,8.0,3.0
201100047426,0011-12-01 19:40:00,11,12,1,19,40,920,46,"10, RAYMOND DAVID",,,Nuit avec éclairage allumé,En agglomération,Hors intersection,Normale,Sans collision,,,,,,,,,,,5,2,1,1.0,7.0
201100047427,0011-12-05 09:30:00,11,12,5,9,30,920,46,"53, DE STALINGRAD",,,Plein jour,En agglomération,Hors intersection,Temps couvert,Deux véhicules - côté,,,,,,,,,,,1,2,1,8.0,3.0
201100047428,0011-12-13 06:20:00,11,12,13,6,20,920,75,MARCEAU (RUE),,,Nuit avec éclairage allumé,En agglomération,Intersection en T,Pluie légère,Autre collision,,,,,,,,,,,5,2,3,2.0,6.0
201100047429,0011-12-15 13:10:00,11,12,15,13,10,920,46,"29, DE STALINGRAD",,,Plein jour,En agglomération,Hors intersection,Normale,Deux véhicules - côté,,,,,,,,,,,1,2,1,1.0,3.0
201100047430,0011-12-19 21:35:00,11,12,19,21,35,920,46,GUY MOQUET (RUE),,,Nuit avec éclairage allumé,En agglomération,Intersection en X,Pluie légère,Deux véhicules - arrière,,,,,,,,,,,5,2,2,2.0,2.0
201100047431,0011-12-19 08:45:00,11,12,19,8,45,920,75,VICTOR HUGO (AVENUE),,,Plein jour,En agglomération,Intersection en X,Normale,Sans collision,,,,,,,,,,,1,2,2,1.0,7.0
201100047432,0011-12-23 16:20:00,11,12,23,16,20,920,75,"29, STALINGRAD (BOULEVAR",,,Plein jour,En agglomération,Hors intersection,Normale,Deux véhicules - côté,,,,,,,,,,,1,2,1,1.0,3.0
201100047433,0011-01-11 20:50:00,11,1,11,20,50,920,78,AV DU PONANT,48.943,2.32455,Nuit avec éclairage allumé,En agglomération,Hors intersection,Normale,Autre collision,,,,,,,,,,,5,2,1,1.0,6.0
201100047434,0011-02-11 12:05:00,11,2,11,12,5,920,78,R HENRI BARBUSSE,48.9362,2.33301,Plein jour,En agglomération,Hors intersection,Normale,Autre collision,,,,,,,,,,,1,2,1,1.0,6.0
201100047435,0011-04-05 08:45:00,11,4,5,8,45,920,78,"210, BD GALLIENI",48.9349,2.3329,Plein jour,En agglomération,Hors intersection,Normale,Autre collision,,,,,,,,,,,1,2,1,1.0,6.0
201100047436,0011-05-14 19:30:00,11,5,14,19,30,920,78,"7, R DU MARECHAL DE LADE",48.9381,2.3266,Plein jour,En agglomération,Hors intersection,Normale,Autre collision,,,,,,,,,,,1,2,1,1.0,6.0
201100047437,0011-05-24 18:00:00,11,5,24,18,0,920,78,QU DU MOULIN DE CAGE,48.9241,2.32917,Plein jour,En agglomération,Hors intersection,Normale,Deux véhicules - arrière,,,,,,,,,,,1,2,1,1.0,2.0
201100047438,0011-06-01 09:45:00,11,6,1,9,45,920,78,"65, BD GALLIENI",48.9269,2.3294,Plein jour,En agglomération,Hors intersection,Normale,Deux véhicules - côté,,,,,,,,,,,1,2,1,1.0,3.0
201100047439,0011-06-22 09:10:00,11,6,22,9,10,920,78,QU DU MOULIN DE CAGE,48.9246,2.32972,Plein jour,En agglomération,Hors intersection,Pluie forte,Deux véhicules - arrière,,,,,,,,,,,1,2,1,3.0,2.0
201100047440,0011-06-24 23:00:00,11,6,24,23,0,920,78,GALLIENI / DE LA NOUE,48.9308,2.33216,Nuit avec éclairage allumé,En agglomération,Intersection en Y,Normale,Deux véhicules - frontale,,,,,,,,,,,5,2,4,1.0,1.0
201100047441,0011-07-02 07:15:00,11,7,2,7,15,920,78,SAINT-DENIS / GALLIENI,,,Plein jour,En agglomération,Intersection en X,Normale,Deux véhicules - côté,,,,,,,,,,,1,2,2,1.0,3.0
201100047442,0011-07-05 10:40:00,11,7,5,10,40,920,78,"4, AV DU MARECHAL LECLER",,,Plein jour,En agglomération,Hors intersection,Normale,Deux véhicules - côté,,,,,,,,,,,1,2,1,1.0,3.0
201100047443,0011-07-26 14:55:00,11,7,26,14,55,920,78,AV DE LA LONGUE BERTRANE,,,Plein jour,Hors agglomération,Hors intersection,Normale,Autre collision,,,,,,,,,,,1,1,1,1.0,6.0
201100047444,0011-08-10 13:05:00,11,8,10,13,5,920,78,BD GALLIENI,,,Plein jour,En agglomération,Hors intersection,Normale,Trois véhicules et plus - en chaîne,,,,,,,,,,,1,2,1,1.0,4.0
201100047445,0011-09-13 19:10:00,11,9,13,19,10,920,78,"198, BD GALLIENI",,,Plein jour,En agglomération,Hors intersection,Normale,Deux véhicules - côté,,,,,,,,,,,1,2,1,1.0,3.0
201100047446,0011-11-15 22:50:00,11,11,15,22,50,920,78,DELATTRE / GAULLE,,,Nuit avec éclairage allumé,En agglomération,Giratoire,Normale,Autre collision,,,,,,,,,,,5,2,6,1.0,6.0
201100047447,0011-11-16 16:35:00,11,11,16,16,35,920,78,AV DE VERDUN,,,Plein jour,En agglomération,Hors intersection,Normale,Trois véhicules et plus - en chaîne,,,,,,,,,,,1,2,1,1.0,4.0
201100047448,0011-11-20 19:35:00,11,11,20,19,35,920,78,"72, AV DE VERDUN",,,Nuit avec éclairage allumé,En agglomération,Hors intersection,Normale,Autre collision,,,,,,,,,,,5,2,1,1.0,6.0
201100047449,0011-12-19 09:20:00,11,12,19,9,20,920,78,"33, 8 MAI 1945 (RUE)",,,Plein jour,En agglomération,Hors intersection,Normale,Deux véhicules - arrière,,,,,,,,,,,1,2,1,1.0,2.0
201100047450,0011-12-26 08:40:00,11,12,26,8,40,920,78,"21, JEAN JAURES (RUE) (N",,,Plein jour,En agglomération,Hors intersection,Normale,Deux véhicules - côté,,,,,,,,,,,1,2,1,1.0,3.0
201100047451,0011-01-05 02:30:00,11,1,5,2,30,920,26,PROTHIN / MOULIN,48.8915,2.24316,Nuit avec éclairage allumé,En agglomération,Intersection en Y,Normale,Deux véhicules - côté,,,,,,,,,,,5,2,4,1.0,3.0
201100047452,0011-01-25 06:15:00,11,1,25,6,15,920,62,"1, BD CIRCULAIRE",48.8944,2.2398,Nuit avec éclairage allumé,En agglomération,Hors intersection,Normale,Deux véhicules - côté,,,,,,,,,,,5,2,1,1.0,3.0
201100047453,0011-02-03 12:35:00,11,2,3,12,35,920,26,LA DEFENSE / DE GAULLE,48.8906,2.2418,Plein jour,En agglomération,Giratoire,Normale,Sans collision,,,,,,,,,,,1,2,6,1.0,7.0
201100047454,0011-02-09 18:05:00,11,2,9,18,5,920,26,SEGOFFIN / BD CIRCULAIRE,48.895,2.24408,Nuit avec éclairage allumé,En agglomération,Intersection en T,Normale,Deux véhicules - côté,,,,,,,,,,,5,2,3,1.0,3.0
201100047455,0011-02-17 14:35:00,11,2,17,14,35,920,62,BD CIRCULAIRE,48.887,2.237,Plein jour,En agglomération,Hors intersection,Normale,Sans collision,,,,,,,,,,,1,2,1,1.0,7.0
201100047456,0011-08-26 09:00:00,11,8,26,9,0,920,62,BD CIRCULAIRE,,,Plein jour,En agglomération,Hors intersection,Normale,Trois véhicules et plus - en chaîne,,,,,,,,,,,1,2,1,1.0,4.0
201100047457,0011-03-18 09:10:00,11,3,18,9,10,920,26,BD CIRCULAIRE,48.8935,2.24475,Plein jour,En agglomération,Hors intersection,Normale,Deux véhicules - côté,,,,,,,,,,,1,2,1,1.0,3.0
201100047458,0011-03-24 23:00:00,11,3,24,23,0,920,62,BD CIRCULAIRE,48.8869,2.24119,Nuit sans éclairage public,En agglomération,Hors intersection,Normale,Deux véhicules - arrière,,,,,,,,,,,3,2,1,1.0,2.0
201100047459,0011-03-26 20:40:00,11,3,26,20,40,920,62,R DE LA DEMI LUNE,48.8913,2.23445,Nuit avec éclairage allumé,Hors agglomération,Hors intersection,Pluie légère,Sans collision,,,,,,,,,,,5,1,1,2.0,7.0
201100047460,0011-04-04 14:35:00,11,4,4,14,35,920,62,"1, R DES LONGUES RAIES",,,Plein jour,En agglomération,Hors intersection,Normale,Deux véhicules - arrière,,,,,,,,,,,1,2,1,1.0,2.0
201100047461,0011-04-05 08:15:00,11,4,5,8,15,920,62,CIRCULAIRE / EBOUE,,,Plein jour,En agglomération,Intersection en Y,Normale,Sans collision,,,,,,,,,,,1,2,4,1.0,7.0
201100047462,0011-05-09 08:15:00,11,5,9,8,15,920,26,BOUVETS (BOULEVARD DES),,,Plein jour,En agglomération,Intersection en X,Normale,Deux véhicules - côté,,,,,,,,,,,1,2,2,1.0,3.0
201100047463,0011-05-06 19:00:00,11,5,6,19,0,920,62,"1, R JULES FERRY",48.8933,2.23469,Plein jour,En agglomération,Hors intersection,Normale,Sans collision,,,,,,,,,,,1,2,1,1.0,7.0
201100047464,0011-05-06 18:30:00,11,5,6,18,30,920,26,"1, AV DE LA DIVISION LEC",,,Plein jour,En agglomération,Hors intersection,Normale,Sans collision,,,,,,,,,,,1,2,1,1.0,7.0
201100047465,0011-05-07 10:05:00,11,5,7,10,5,920,26,CIRCULAIRE / GAMBETTA,48.8928,2.2452,Plein jour,En agglomération,Intersection en X,Normale,Deux véhicules - côté,,,,,,,,,,,1,2,2,1.0,3.0
201100047466,0011-06-01 08:00:00,11,6,1,8,0,920,62,"1, PARVIS (LE)",,,Plein jour,En agglomération,Hors intersection,Normale,Sans collision,,,,,,,,,,,1,2,1,1.0,7.0
201100047467,0011-06-23 23:50:00,11,6,23,23,50,920,26,BD DE NEUILLY,48.8893,2.25047,Nuit avec éclairage allumé,En agglomération,Hors intersection,Normale,Deux véhicules - côté,,,,,,,,,,,5,2,1,1.0,3.0
201100047468,0011-07-19 18:00:00,11,7,19,18,0,920,26,"1, BD CIRCULAIRE",,,Plein jour,En agglomération,Hors intersection,Pluie légère,Deux véhicules - arrière,,,,,,,,,,,1,2,1,2.0,2.0
201100047469,0011-07-21 20:45:00,11,7,21,20,45,920,62,"27, R DU GENERAL LECLERC",,,Plein jour,En agglomération,Hors intersection,Pluie légère,Deux véhicules - arrière,,,,,,,,,,,1,2,1,2.0,2.0
201100047470,0011-07-22 10:30:00,11,7,22,10,30,920,26,BD CIRCULAIRE,,,Plein jour,En agglomération,Hors intersection,Normale,Deux véhicules - côté,,,,,,,,,,,1,2,1,1.0,3.0
201100047471,0011-08-05 06:30:00,11,8,5,6,30,920,26,BD CIRCULAIRE,,,Plein jour,En agglomération,Hors intersection,Pluie légère,Deux véhicules - arrière,,,,,,,,,,,1,2,1,2.0,2.0
201100047472,0011-08-05 07:30:00,11,8,5,7,30,920,26,BD CIRCULAIRE,,,Plein jour,En agglomération,Hors intersection,Pluie légère,Trois véhicules et plus - en chaîne,,,,,,,,,,,1,2,1,2.0,4.0
201100047473,0011-08-23 10:00:00,11,8,23,10,0,920,26,BD CIRCULAIRE,,,Plein jour,En agglomération,Hors intersection,Normale,Sans collision,,,,,,,,,,,1,2,1,1.0,7.0
201100047474,0011-10-03 14:00:00,11,10,3,14,0,920,62,"1, R DELARIVIERE LEFOULL",,,Plein jour,En agglomération,Hors intersection,Normale,Deux véhicules - arrière,,,,,,,,,,,1,2,1,1.0,2.0
201100047475,0011-10-09 15:00:00,11,10,9,15,0,920,26,GAMBETTA / LECLERC,,,Plein jour,En agglomération,Intersection en X,Normale,Sans collision,,,,,,,,,,,1,2,2,1.0,7.0
201100047476,0011-10-19 14:05:00,11,10,19,14,5,920,62,"1, R PAUL LAFARGUE",,,Plein jour,En agglomération,Hors intersection,Normale,Autre collision,,,,,,,,,,,1,2,1,1.0,6.0
201100047477,0011-10-23 13:30:00,11,10,23,13,30,920,26,DEFENSE / PERRONET,,,Plein jour,En agglomération,Intersection en X,Normale,Sans collision,,,,,,,,,,,1,2,2,1.0,7.0
201100047478,0011-10-27 20:00:00,11,10,27,20,0,920,26,CIRCULAIRE / EBOUE,,,Nuit sans éclairage public,En agglomération,Intersection en X,Normale,Sans collision,,,,,,,,,,,3,2,2,1.0,7.0
201100047479,0011-11-05 18:05:00,11,11,5,18,5,920,26,"1, BD CIRCULAIRE",,,Nuit sans éclairage public,En agglomération,Hors intersection,Normale,Sans collision,,,,,,,,,,,3,2,1,1.0,7.0
201100047480,0011-11-10 15:20:00,11,11,10,15,20,920,51,BINEAU / CHATEAU,,,Plein jour,En agglomération,Intersection en X,Normale,Autre collision,,,,,,,,,,,1,2,2,1.0,6.0
201100047481,0011-11-17 16:00:00,11,11,17,16,0,920,62,BD CIRCULAIRE,,,Plein jour,En agglomération,Hors intersection,Normale,Deux véhicules - arrière,,,,,,,,,,,1,2,1,1.0,2.0
201100047482,0011-12-02 08:30:00,11,12,2,8,30,920,62,BOULEVARD CIRCULAIRE,,,Plein jour,En agglomération,Hors intersection,Pluie légère,Sans collision,,,,,,,,,,,1,2,1,2.0,7.0
201100047483,0011-12-09 14:50:00,11,12,9,14,50,920,62,RN314,,,Plein jour,En agglomération,Hors intersection,Normale,Deux véhicules - arrière,,,,,,,,,,,1,2,1,1.0,2.0
201100047484,0011-12-14 09:50:00,11,12,14,9,50,920,26,"1, DIVISION LECLERC (AVE",,,Plein jour,En agglomération,Autre intersection,Normale,Autre collision,,,,,,,,,,,1,2,9,1.0,6.0
201100047485,0011-12-17 12:20:00,11,12,17,12,20,920,26,"9, ANDRE PROTHIN (AVENUE",,,Plein jour,En agglomération,Intersection en Y,Normale,Trois véhicules et plus - en chaîne,,,,,,,,,,,1,2,4,1.0,4.0
201100047486,0011-12-20 08:10:00,11,12,20,8,10,920,62,BOULEVARD CIRCULAIRE,,,Plein jour,En agglomération,Hors intersection,Pluie légère,Autre collision,,,,,,,,,,,1,2,1,2.0,6.0
201100047487,0011-01-13 17:50:00,11,1,13,17,50,930,1,"56, R DANIELLE CASANOVA",,,Nuit sans éclairage public,En agglomération,Hors intersection,Normale,Trois véhicules et plus - collisions multiples,,,,,,,,,,,3,2,1,1.0,5.0
201100047488,0011-01-16 11:30:00,11,1,16,11,30,930,1,"2, R ERNEST PREVOST",,,Plein jour,En agglomération,Hors intersection,Normale,Autre collision,,,,,,,,,,,1,2,1,1.0,6.0
201100047489,0011-01-19 08:20:00,11,1,19,8,20,930,1,CASANOVA / RECLUS,,,Plein jour,En agglomération,Intersection en X,Normale,Autre collision,,,,,,,,,,,1,2,2,1.0,6.0
201100047490,0011-01-24 18:45:00,11,1,24,18,45,930,1,"23, R DU COMMANDANT L'HE",,,Nuit avec éclairage allumé,En agglomération,Hors intersection,Normale,Autre collision,,,,,,,,,,,5,2,1,1.0,6.0
201100047491,0011-01-25 13:21:00,11,1,25,13,21,930,1,R LEOPOLD RECHOSSIERE,,,Plein jour,En agglomération,Hors intersection,Normale,Deux véhicules - arrière,,,,,,,,,,,1,2,1,1.0,2.0
201100047492,0011-01-25 18:40:00,11,1,25,18,40,930,1,"103, AV JEAN JAURES",,,Nuit avec éclairage allumé,En agglomération,Hors intersection,Pluie légère,Deux véhicules - arrière,,,,,,,,,,,5,2,1,2.0,2.0
201100047493,0011-01-28 22:25:00,11,1,28,22,25,930,1,"136, AV DE LA REPUBLIQUE",,,Nuit avec éclairage allumé,En agglomération,Hors intersection,Normale,Autre collision,,,,,,,,,,,5,2,1,1.0,6.0
201100047494,0011-01-31 09:50:00,11,1,31,9,50,930,1,R DU PONT BLANC,,,Plein jour,En agglomération,Hors intersection,Normale,Trois véhicules et plus - en chaîne,,,,,,,,,,,1,2,1,1.0,4.0
201100047495,0011-01-31 17:40:00,11,1,31,17,40,930,1,AV DE LA REPUBLIQUE,,,Crépuscule ou aube,En agglomération,Hors intersection,Normale,Autre collision,,,,,,,,,,,2,2,1,1.0,6.0
201100047496,0011-01-31 21:30:00,11,1,31,21,30,930,1,KARMAN / DOMART,,,Nuit avec éclairage allumé,En agglomération,Intersection en X,Normale,Deux véhicules - côté,,,,,,,,,,,5,2,2,1.0,3.0
201100047497,0011-02-07 16:30:00,11,2,7,16,30,930,1,JAURES / REPUBLIQUE,,,Plein jour,En agglomération,Intersection en X,Normale,Autre collision,,,,,,,,,,,1,2,2,1.0,6.0
201100047498,0011-02-09 10:50:00,11,2,9,10,50,930,1,HUGO / FAURE,,,Plein jour,En agglomération,Intersection à plus de 4 branches,Pluie légère,Deux véhicules - arrière,,,,,,,,,,,1,2,5,2.0,2.0
201100047499,0011-02-09 12:20:00,11,2,9,12,20,930,1,BD FELIX FAURE,,,Plein jour,En agglomération,Hors intersection,Normale,Autre collision,,,,,,,,,,,1,2,1,1.0,6.0
201100047500,0011-02-16 13:30:00,11,2,16,13,30,930,1,R DES GARDINOUX,,,Plein jour,En agglomération,Hors intersection,Normale,Deux véhicules - côté,,,,,,,,,,,1,2,1,1.0,3.0
201100047501,0011-02-24 02:20:00,11,2,24,2,20,930,1,HUGO / LEFRANC,,,Nuit avec éclairage allumé,En agglomération,Intersection en X,Pluie légère,Deux véhicules - arrière,,,,,,,,,,,5,2,2,2.0,2.0
201100047502,0011-02-24 13:05:00,11,2,24,13,5,930,1,BD FELIX FAURE,,,Plein jour,En agglomération,Hors intersection,Temps couvert,Autre collision,,,,,,,,,,,1,2,1,8.0,6.0
201100047503,0011-02-24 21:50:00,11,2,24,21,50,930,1,FAURE / KARMAN,,,Nuit avec éclairage allumé,En agglomération,Intersection en X,Normale,Deux véhicules - côté,,,,,,,,,,,5,2,2,1.0,3.0
201100047504,0011-03-04 17:30:00,11,3,4,17,30,930,1,"71, R DE LA HAIE COQ",,,Crépuscule ou aube,En agglomération,Hors intersection,Normale,Autre collision,,,,,,,,,,,2,2,1,1.0,6.0
201100047505,0011-03-11 18:30:00,11,3,11,18,30,930,1,"21, R DU PORT",,,Plein jour,En agglomération,Hors intersection,Normale,Sans collision,,,,,,,,,,,1,2,1,1.0,7.0
201100047506,0011-03-12 21:15:00,11,3,12,21,15,930,1,"55, R DE LA GARE",,,Nuit sans éclairage public,En agglomération,Hors intersection,Temps couvert,Autre collision,,,,,,,,,,,3,2,1,8.0,6.0
201100047507,0011-03-14 17:00:00,11,3,14,17,0,930,1,"13, R LEOPOLD RECHOSSIER",,,Plein jour,En agglomération,Hors intersection,Normale,Autre collision,,,,,,,,,,,1,2,1,1.0,6.0
201100047508,0011-03-16 01:15:00,11,3,16,1,15,930,1,BD FELIX FAURE,,,Nuit avec éclairage allumé,En agglomération,Hors intersection,Normale,Deux véhicules - côté,,,,,,,,,,,5,2,1,1.0,3.0
201100047509,0011-03-16 08:05:00,11,3,16,8,5,930,1,AV JEAN JAURES,,,Plein jour,En agglomération,Hors intersection,Normale,Autre collision,,,,,,,,,,,1,2,1,1.0,6.0
201100047510,0011-03-04 15:40:00,11,3,4,15,40,930,1,"0, VICTOR HUGO (AVE)  =>",,,Plein jour,En agglomération,Hors intersection,Normale,Deux véhicules - côté,,,,,,,,,,,1,2,1,1.0,3.0
201100047511,0011-03-18 13:10:00,11,3,18,13,10,930,1,AV VICTOR HUGO,,,Plein jour,En agglomération,Hors intersection,Normale,Autre collision,,,,,,,,,,,1,2,1,1.0,6.0
201100047512,0011-03-24 08:50:00,11,3,24,8,50,930,1,R DE LA HAIE COQ,,,Plein jour,En agglomération,Hors intersection,Normale,Autre collision,,,,,,,,,,,1,2,1,1.0,6.0
201100047513,0011-03-24 18:10:00,11,3,24,18,10,930,1,AV VICTOR HUGO,,,Plein jour,En agglomération,Hors intersection,Normale,Deux véhicules - côté,,,,,,,,,,,1,2,1,1.0,3.0
201100047514,0011-03-28 15:05:00,11,3,28,15,5,930,1,REPUBLIQUE / KARMAN,,,Plein jour,En agglomération,Intersection en X,Normale,Deux véhicules - frontale,,,,,,,,,,,1,2,2,1.0,1.0
201100047515,0011-03-28 18:25:00,11,3,28,18,25,930,1,R HENRI BARBUSSE,,,Plein jour,En agglomération,Hors intersection,Normale,Autre collision,,,,,,,,,,,1,2,1,1.0,6.0
201100047516,0011-03-30 21:30:00,11,3,30,21,30,930,1,HUGO / GARE,,,Nuit avec éclairage allumé,En agglomération,Intersection en X,Pluie légère,Trois véhicules et plus - collisions multiples,,,,,,,,,,,5,2,2,2.0,5.0
201100047517,0011-04-01 16:50:00,11,4,1,16,50,930,1,JAURES / CASANOVA,,,Plein jour,En agglomération,Intersection en X,Normale,Autre collision,,,,,,,,,,,1,2,2,1.0,6.0
201100047518,0011-04-03 06:40:00,11,4,3,6,40,930,1,"41, AV DE LA REPUBLIQUE",,,Crépuscule ou aube,En agglomération,Hors intersection,Pluie légère,Deux véhicules - côté,,,,,,,,,,,2,2,1,2.0,3.0
201100047519,0011-04-05 10:15:00,11,4,5,10,15,930,1,"118, AV VICTOR HUGO",,,Plein jour,En agglomération,Hors intersection,Normale,Autre collision,,,,,,,,,,,1,2,1,1.0,6.0
201100047520,0011-04-11 14:25:00,11,4,11,14,25,930,1,"233, AV JEAN JAURES",,,Plein jour,En agglomération,Hors intersection,Normale,Autre collision,,,,,,,,,,,1,2,1,1.0,6.0