accident_id,datetime,annee,mois,jour,heure,minute,departement,commune_insee,adresse,latitude,longitude,luminosite,agglomeration,intersection,meteo,collision,nb_vehicules,nb_usagers,nb_indemnes,nb_tues,nb_blesses_hosp,nb_blesses_legers,age_cond_1,age_cond_2,veh_type_cond_1,veh_type_cond_2,lum_code,agg_code,int_code,atm_code,col_code
201100047651,0011-01-30 06:25:00,11,1,30,6,25,930,5,SEVRAN / PRINCET,,,Nuit avec éclairage allumé,En agglomération,Intersection en X,Normale,Deux véhicules - côté,,,,,,,,,,,5,2,2,1.0,3.0
201100047652,0011-03-04 08:40:00,11,3,4,8,40,930,71,GABRIEL PERI (RUE),,,Plein jour,En agglomération,Intersection en Y,Normale,Autre collision,,,,,,,,,,,1,2,4,1.0,6.0
201100047653,0011-01-31 08:50:00,11,1,31,8,50,930,5,BD ANDRE CITROEN,,,Plein jour,En agglomération,Hors intersection,Neige / grêle,Deux véhicules - arrière,,,,,,,,,,,1,2,1,4.0,2.0
201100047654,0011-03-07 18:45:00,11,3,7,18,45,930,71,GAMBETTA (AVENUE),,,Nuit avec éclairage non allumé,En agglomération,Intersection en X,Normale,Autre collision,,,,,,,,,,,4,2,2,1.0,6.0
201100047655,0011-02-03 11:20:00,11,2,3,11,20,930,5,PL DE GAULLE / MIRA,,,Plein jour,En agglomération,Place,Normale,Autre collision,,,,,,,,,,,1,2,7,1.0,6.0
201100047656,0011-03-10 18:25:00,11,3,10,18,25,930,71,"00, MARTIN LUTHER KING (",,,Plein jour,En agglomération,Hors intersection,Normale,Sans collision,,,,,,,,,,,1,2,1,1.0,7.0
201100047657,0011-02-07 10:40:00,11,2,7,10,40,930,5,DUCLOS / PELLETAN,,,Plein jour,En agglomération,Giratoire,Normale,Deux véhicules - arrière,,,,,,,,,,,1,2,6,1.0,2.0
201100047658,0011-03-14 16:55:00,11,3,14,16,55,930,71,GENERAL LECLERC (AVENUE,,,Plein jour,En agglomération,Hors intersection,Normale,Autre collision,,,,,,,,,,,1,2,1,1.0,6.0
201100047659,0011-02-11 16:20:00,11,2,11,16,20,930,5,PL DU GENERAL DE GAULLE,,,Plein jour,En agglomération,Hors intersection,Normale,Autre collision,,,,,,,,,,,1,2,1,1.0,6.0
201100047660,0011-03-21 17:40:00,11,3,21,17,40,930,71,GABRIEL PERI (RUE),,,Plein jour,En agglomération,Hors intersection,Normale,Autre collision,,,,,,,,,,,1,2,1,1.0,6.0
201100047661,0011-02-11 18:15:00,11,2,11,18,15,930,5,SEMBAT / VOLPATI,,,Plein jour,En agglomération,Intersection en X,Normale,Deux véhicules - côté,,,,,,,,,,,1,2,2,1.0,3.0
201100047662,0011-04-02 16:15:00,11,4,2,16,15,930,71,NOBEL / DEGAS,,,Plein jour,En agglomération,Intersection en T,Normale,Trois véhicules et plus - collisions multiples,,,,,,,,,,,1,2,3,1.0,5.0
201100047663,0011-02-11 22:00:00,11,2,11,22,0,930,5,ADER / CHAPTAL,,,Nuit avec éclairage allumé,En agglomération,Intersection en X,Normale,Sans collision,,,,,,,,,,,5,2,2,1.0,7.0
201100047664,0011-04-09 19:25:00,11,4,9,19,25,930,71,AV LIEGEARD,,,Plein jour,En agglomération,Hors intersection,Normale,Autre collision,,,,,,,,,,,1,2,1,1.0,6.0
201100047665,0011-02-15 13:30:00,11,2,15,13,30,930,5,R MARCEL SEMBAT,,,Plein jour,En agglomération,Hors intersection,Normale,Autre collision,,,,,,,,,,,1,2,1,1.0,6.0
201100047666,0011-04-16 19:50:00,11,4,16,19,50,930,71,WESTINGHOUSE / LIEGEARD,,,Plein jour,En agglomération,Intersection en X,Normale,Deux véhicules - côté,,,,,,,,,,,1,2,2,1.0,3.0
201100047667,0011-02-15 15:10:00,11,2,15,15,10,930,5,R JACQUES DUCLOS,,,Plein jour,En agglomération,Hors intersection,Normale,Autre collision,,,,,,,,,,,1,2,1,1.0,6.0
201100047668,0011-04-18 16:45:00,11,4,18,16,45,930,71,AV RAOUL DAUTRY,,,Plein jour,En agglomération,Hors intersection,Normale,Autre collision,,,,,,,,,,,1,2,1,1.0,6.0
201100047669,0011-02-18 23:00:00,11,2,18,23,0,930,5,R CAMILLE PELLETAN,,,Nuit avec éclairage allumé,En agglomération,Hors intersection,Normale,Sans collision,,,,,,,,,,,5,2,1,1.0,7.0
201100047670,0011-04-22 15:50:00,11,4,22,15,50,930,71,SAVIGNY / BERT,,,Plein jour,En agglomération,Intersection en X,Normale,Deux véhicules - côté,,,,,,,,,,,1,2,2,1.0,3.0
201100047671,0011-02-21 14:37:00,11,2,21,14,37,930,5,R JEAN LECORBUSIER,,,Plein jour,En agglomération,Hors intersection,Pluie légère,Sans collision,,,,,,,,,,,1,2,1,2.0,7.0
201100047672,0011-04-25 16:15:00,11,4,25,16,15,930,71,ALLENDE / CC BEAUSEVRAN,,,Plein jour,En agglomération,Hors intersection,Normale,Autre collision,,,,,,,,,,,1,2,1,1.0,6.0
201100047673,0011-05-02 01:45:00,11,5,2,1,45,930,71,ALL MANOUCHIAN,,,Nuit avec éclairage allumé,En agglomération,Hors intersection,Normale,Deux véhicules - frontale,,,,,,,,,,,5,2,1,1.0,1.0
201100047674,0011-03-02 08:25:00,11,3,2,8,25,930,5,AV ANATOLE FRANCE,,,Plein jour,En agglomération,Hors intersection,Normale,Deux véhicules - côté,,,,,,,,,,,1,2,1,1.0,3.0
201100047675,0011-05-12 09:05:00,11,5,12,9,5,930,71,PL GASTON BUSSIERE,,,Plein jour,En agglomération,Hors intersection,Normale,Deux véhicules - côté,,,,,,,,,,,1,2,1,1.0,3.0
201100047676,0011-03-03 14:55:00,11,3,3,14,55,930,5,BD GEORGES BRAQUE,,,Plein jour,En agglomération,Hors intersection,Normale,Trois véhicules et plus - collisions multiples,,,,,,,,,,,1,2,1,1.0,5.0
201100047677,0011-05-16 19:10:00,11,5,16,19,10,930,71,AV DU GENERAL LECLERC,,,Plein jour,En agglomération,Hors intersection,Normale,Deux véhicules - côté,,,,,,,,,,,1,2,1,1.0,3.0
201100047678,0011-03-03 17:00:00,11,3,3,17,0,930,5,"72, AV ANATOLE FRANCE",,,Plein jour,En agglomération,Hors intersection,Normale,Deux véhicules - côté,,,,,,,,,,,1,2,1,1.0,3.0
201100047679,0011-05-20 20:45:00,11,5,20,20,45,930,71,POUTRES / BOIS,,,Plein jour,En agglomération,Intersection en T,Normale,Deux véhicules - arrière,,,,,,,,,,,1,2,3,1.0,2.0
201100047680,0011-03-08 16:00:00,11,3,8,16,0,930,5,BD ANDRE CITROEN,,,Plein jour,En agglomération,Hors intersection,Normale,Deux véhicules - arrière,,,,,,,,,,,1,2,1,1.0,2.0
201100047681,0011-05-23 19:35:00,11,5,23,19,35,930,71,D'AULNAY / KENNEDY,,,Plein jour,En agglomération,Intersection en X,Normale,Deux véhicules - côté,,,,,,,,,,,1,2,2,1.0,3.0
201100047682,0011-03-14 09:20:00,11,3,14,9,20,930,5,R DE MITRY,,,Plein jour,En agglomération,Hors intersection,Normale,Autre collision,,,,,,,,,,,1,2,1,1.0,6.0
201100047683,0011-05-28 12:30:00,11,5,28,12,30,930,71,AV DES PRIMEVERES,,,Plein jour,En agglomération,Hors intersection,Normale,Deux véhicules - côté,,,,,,,,,,,1,2,1,1.0,3.0
201100047684,0011-03-14 18:00:00,11,3,14,18,0,930,5,"NEANT, PARINOR",,,Crépuscule ou aube,En agglomération,Hors intersection,Normale,Autre collision,,,,,,,,,,,2,2,1,1.0,6.0
201100047685,0011-05-31 12:00:00,11,5,31,12,0,930,71,ALL JAN MASARYK,,,Plein jour,En agglomération,Hors intersection,Normale,Autre collision,,,,,,,,,,,1,2,1,1.0,6.0
201100047686,0011-03-16 09:30:00,11,3,16,9,30,930,5,R JACQUES DUCLOS,,,Plein jour,En agglomération,Hors intersection,Normale,Autre collision,,,,,,,,,,,1,2,1,1.0,6.0
201100047687,0011-06-21 17:50:00,11,6,21,17,50,930,71,FITZGERALD KENNEDY,,,Plein jour,En agglomération,Hors intersection,Normale,Autre collision,,,,,,,,,,,1,2,1,1.0,6.0
201100047688,0011-03-18 15:38:00,11,3,18,15,38,930,5,R DU PREFET CHALEIL,,,Plein jour,En agglomération,Hors intersection,Normale,Trois véhicules et plus - en chaîne,,,,,,,,,,,1,2,1,1.0,4.0
201100047689,0011-06-24 20:25:00,11,6,24,20,25,930,71,FITZGERALD KENNEDY,,,Plein jour,En agglomération,Hors intersection,Normale,Deux véhicules - arrière,,,,,,,,,,,1,2,1,1.0,2.0
201100047690,0011-03-18 16:28:00,11,3,18,16,28,930,5,R JACQUES DUCLOS,,,Plein jour,En agglomération,Hors intersection,Normale,Autre collision,,,,,,,,,,,1,2,1,1.0,6.0
201100047691,0011-06-26 12:45:00,11,6,26,12,45,930,71,LECLERC / TASSIGNY,,,Plein jour,En agglomération,Intersection en T,Normale,Deux véhicules - côté,,,,,,,,,,,1,2,3,1.0,3.0
201100047692,0011-03-24 07:50:00,11,3,24,7,50,930,5,RTE DE MITRY,,,Plein jour,En agglomération,Hors intersection,Normale,Autre collision,,,,,,,,,,,1,2,1,1.0,6.0
201100047693,0011-06-27 07:50:00,11,6,27,7,50,930,71,LIEGEARD / HENRI IV,,,Plein jour,En agglomération,Intersection en X,Normale,Deux véhicules - côté,,,,,,,,,,,1,2,2,1.0,3.0
201100047694,0011-03-25 11:30:00,11,3,25,11,30,930,5,SCHUMAN / PETITS PONTS,,,Plein jour,En agglomération,Giratoire,Normale,Autre collision,,,,,,,,,,,1,2,6,1.0,6.0
201100047695,0011-07-01 20:20:00,11,7,1,20,20,930,71,"6, AV DE LIVRY",,,Plein jour,En agglomération,Hors intersection,Normale,Autre collision,,,,,,,,,,,1,2,1,1.0,6.0
201100047696,0011-03-26 14:20:00,11,3,26,14,20,930,5,HOTEL DE VILLE / MOLL,,,Plein jour,En agglomération,Intersection en X,Normale,Deux véhicules - côté,,,,,,,,,,,1,2,2,1.0,3.0
201100047697,0011-03-30 13:00:00,11,3,30,13,0,930,5,CHAGALL / CEZANNE,,,Plein jour,En agglomération,Giratoire,Normale,Deux véhicules - côté,,,,,,,,,,,1,2,6,1.0,3.0
201100047698,0011-04-02 15:05:00,11,4,2,15,5,930,5,KLEBER / FRANCE,,,Plein jour,En agglomération,Intersection en X,Normale,Deux véhicules - côté,,,,,,,,,,,1,2,2,1.0,3.0
201100047699,0011-04-05 19:40:00,11,4,5,19,40,930,5,R DU PREFET CHALEIL,,,Plein jour,En agglomération,Hors intersection,Normale,Deux véhicules - côté,,,,,,,,,,,1,2,1,1.0,3.0
201100047700,0011-08-04 22:54:00,11,8,4,22,54,930,71,KENNEDY / SCHAFFNER,,,Nuit avec éclairage allumé,En agglomération,Intersection en X,Normale,Deux véhicules - côté,,,,,,,,,,,5,2,2,1.0,3.0
201100047701,0011-04-06 22:30:00,11,4,6,22,30,930,5,"75, AV DE NONNEVILLE",,,Nuit avec éclairage allumé,En agglomération,Hors intersection,Normale,Deux véhicules - arrière,,,,,,,,,,,5,2,1,1.0,2.0
201100047702,0011-08-13 20:00:00,11,8,13,20,0,930,71,AV RAOUL DAUTRY,,,Plein jour,En agglomération,Hors intersection,Normale,Autre collision,,,,,,,,,,,1,2,1,1.0,6.0
201100047703,0011-04-08 15:45:00,11,4,8,15,45,930,5,AV RAOUL DUFY,,,Plein jour,En agglomération,Hors intersection,Normale,Trois véhicules et plus - collisions multiples,,,,,,,,,,,1,2,1,1.0,5.0
201100047704,0011-08-27 19:00:00,11,8,27,19,0,930,71,AV HENRI BARBUSSE,,,Plein jour,En agglomération,Hors intersection,Pluie légère,Deux véhicules - frontale,,,,,,,,,,,1,2,1,2.0,1.0
201100047705,0011-04-14 18:10:00,11,4,14,18,10,930,5,R DE SEVRAN,,,Plein jour,En agglomération,Hors intersection,Normale,Deux véhicules - côté,,,,,,,,,,,1,2,1,1.0,3.0
201100047706,0011-09-01 11:40:00,11,9,1,11,40,930,71,ALL DE SEVIGNE,,,Plein jour,En agglomération,Hors intersection,Normale,Autre collision,,,,,,,,,,,1,2,1,1.0,6.0
201100047707,0011-04-14 18:30:00,11,4,14,18,30,930,5,R DES ERABLES,,,Plein jour,En agglomération,Hors intersection,Normale,Autre collision,,,,,,,,,,,1,2,1,1.0,6.0
201100047708,0011-09-06 16:20:00,11,9,6,16,20,930,71,PERI / BUSSIERE,,,Plein jour,En agglomération,Place,Normale,Deux véhicules - arrière,,,,,,,,,,,1,2,7,1.0,2.0
201100047709,0011-04-18 14:35:00,11,4,18,14,35,930,5,SEVRAN / ROMAND,,,Plein jour,En agglomération,Intersection en T,Normale,Deux véhicules - côté,,,,,,,,,,,1,2,3,1.0,3.0
201100047710,0011-09-19 13:50:00,11,9,19,13,50,930,71,"2, AV SALVADOR ALLENDE",,,Plein jour,En agglomération,Hors intersection,Normale,Autre collision,,,,,,,,,,,1,2,1,1.0,6.0
201100047711,0011-04-18 19:00:00,11,4,18,19,0,930,5,BD ANDRE CITROEN,,,Plein jour,En agglomération,Hors intersection,Normale,Sans collision,,,,,,,,,,,1,2,1,1.0,7.0
201100047712,0011-09-27 15:05:00,11,9,27,15,5,930,71,BALLANGER ROBERT (AVENUE,,,Plein jour,En agglomération,Intersection en Y,Normale,Deux véhicules - côté,,,,,,,,,,,1,2,4,1.0,3.0
201100047713,0011-04-20 18:45:00,11,4,20,18,45,930,5,RTE DES PETITS PONTS,,,Plein jour,En agglomération,Hors intersection,Normale,Trois véhicules et plus - collisions multiples,,,,,,,,,,,1,2,1,1.0,5.0
201100047714,0011-09-30 17:45:00,11,9,30,17,45,930,71,AV RAOUL DAUTRY,,,Plein jour,En agglomération,Hors intersection,Normale,Deux véhicules - côté,,,,,,,,,,,1,2,1,1.0,3.0
201100047715,0011-04-21 08:30:00,11,4,21,8,30,930,5,R ARTHUR CHEVALIER,,,Plein jour,En agglomération,Hors intersection,Normale,Deux véhicules - côté,,,,,,,,,,,1,2,1,1.0,3.0
201100047716,0011-10-07 09:00:00,11,10,7,9,0,930,71,HOCHE / TREFLES,,,Plein jour,En agglomération,Intersection en X,Normale,Deux véhicules - côté,,,,,,,,,,,1,2,2,1.0,3.0
201100047717,0011-04-22 10:00:00,11,4,22,10,0,930,5,CEZANNE / DELACROIX,,,Plein jour,En agglomération,Intersection en X,Normale,Deux véhicules - côté,,,,,,,,,,,1,2,2,1.0,3.0
201100047718,0011-10-11 12:17:00,11,10,11,12,17,930,71,"2, BIENFAISSANCE (RUE DE",,,Plein jour,En agglomération,Hors intersection,Normale,Deux véhicules - côté,,,,,,,,,,,1,2,1,1.0,3.0
201100047719,0011-04-26 18:40:00,11,4,26,18,40,930,5,CHARCOT / L'AULNAYSIENNE,,,Plein jour,En agglomération,Intersection en T,Normale,Deux véhicules - côté,,,,,,,,,,,1,2,3,1.0,3.0
201100047720,0011-10-13 17:10:00,11,10,13,17,10,930,71,CHE DE SAVIGNY,,,Plein jour,En agglomération,Hors intersection,Normale,Autre collision,,,,,,,,,,,1,2,1,1.0,6.0
201100047721,0011-04-29 16:35:00,11,4,29,16,35,930,5,R JEAN CHARCOT,,,Plein jour,En agglomération,Hors intersection,Normale,Deux véhicules - côté,,,,,,,,,,,1,2,1,1.0,3.0
201100047722,0011-10-14 08:50:00,11,10,14,8,50,930,71,"85, VICTOR HUGO (AVENUE)",,,Plein jour,En agglomération,Hors intersection,Normale,Autre collision,,,,,,,,,,,1,2,1,1.0,6.0
201100047723,0011-04-30 07:00:00,11,4,30,7,0,930,5,DUCLOS / BLANCHE,,,Crépuscule ou aube,En agglomération,Intersection en T,Normale,Deux véhicules - arrière,,,,,,,,,,,2,2,3,1.0,2.0
201100047724,0011-10-15 12:00:00,11,10,15,12,0,930,71,R D'AULNAY,,,Plein jour,En agglomération,Hors intersection,Normale,Deux véhicules - arrière,,,,,,,,,,,1,2,1,1.0,2.0
201100047725,0011-10-15 14:05:00,11,10,15,14,5,930,71,SAVIGNY / CURIE,,,Plein jour,En agglomération,Intersection en T,Normale,Autre collision,,,,,,,,,,,1,2,3,1.0,6.0
201100047726,0011-05-06 09:00:00,11,5,6,9,0,930,5,DE GAULLE / TURGOT,,,Plein jour,En agglomération,Intersection en X,Normale,Deux véhicules - côté,,,,,,,,,,,1,2,2,1.0,3.0
201100047727,0011-10-25 12:10:00,11,10,25,12,10,930,71,TASSIGNY / LECLERC,,,Plein jour,En agglomération,Intersection en T,Normale,Trois véhicules et plus - en chaîne,,,,,,,,,,,1,2,3,1.0,4.0
201100047728,0011-05-11 18:00:00,11,5,11,18,0,930,5,PRINCET / BRASSEUR,,,Plein jour,En agglomération,Intersection en Y,Normale,Deux véhicules - côté,,,,,,,,,,,1,2,4,1.0,3.0
201100047729,0011-10-26 18:35:00,11,10,26,18,35,930,71,AULNAY (RUE D'),,,Crépuscule ou aube,En agglomération,Hors intersection,Normale,Trois véhicules et plus - en chaîne,,,,,,,,,,,2,2,1,1.0,4.0
201100047730,0011-05-16 08:20:00,11,5,16,8,20,930,5,R CLAUDE DEBUSSY,,,Plein jour,En agglomération,Hors intersection,Normale,Sans collision,,,,,,,,,,,1,2,1,1.0,7.0
201100047731,0011-10-29 20:10:00,11,10,29,20,10,930,71,WESTINGHOUSE (BOULEVARD),,,Nuit avec éclairage allumé,En agglomération,Intersection en T,Pluie légère,Trois véhicules et plus - collisions multiples,,,,,,,,,,,5,2,3,2.0,5.0
201100047732,0011-05-20 12:30:00,11,5,20,12,30,930,5,AV EUGENE SCHUELLER,,,Plein jour,En agglomération,Hors intersection,Normale,Deux véhicules - côté,,,,,,,,,,,1,2,1,1.0,3.0
201100047733,0011-05-27 19:00:00,11,5,27,19,0,930,5,BD DE STRASBOURG,,,Plein jour,En agglomération,Hors intersection,Normale,Deux véhicules - côté,,,,,,,,,,,1,2,1,1.0,3.0
201100047734,0011-11-03 00:01:00,11,11,3,0,1,930,71,"8, WESTINGHOUSE (BOULEVA",,,Nuit avec éclairage allumé,En agglomération,Hors intersection,Normale,Autre collision,,,,,,,,,,,5,2,1,1.0,6.0
201100047735,0011-05-29 18:50:00,11,5,29,18,50,930,5,SCHUMAN / KENNEDY,,,Plein jour,En agglomération,Giratoire,Normale,Deux véhicules - arrière,,,,,,,,,,,1,2,6,1.0,2.0
201100047736,0011-11-17 08:55:00,11,11,17,8,55,930,71,"7, GABRIEL PERI (RUE)",,,Plein jour,En agglomération,Hors intersection,Autre,Autre collision,,,,,,,,,,,1,2,1,9.0,6.0
201100047737,0011-05-30 18:45:00,11,5,30,18,45,930,5,RTE DE MITRY,,,Plein jour,En agglomération,Hors intersection,Normale,Deux véhicules - arrière,,,,,,,,,,,1,2,1,1.0,2.0
201100047738,0011-11-28 19:00:00,11,11,28,19,0,930,71,JOHN F. KENNEDY (AVENUE),,,Nuit avec éclairage allumé,Hors agglomération,Giratoire,Normale,Deux véhicules - côté,,,,,,,,,,,5,1,6,1.0,3.0
201100047739,0011-06-01 10:50:00,11,6,1,10,50,930,5,LECLERC / TURGOT,,,Plein jour,En agglomération,Intersection à plus de 4 branches,Normale,Deux véhicules - côté,,,,,,,,,,,1,2,5,1.0,3.0
201100047740,0011-11-29 21:00:00,11,11,29,21,0,930,71,"0, MARNE (RUE DE LA)",,,Nuit avec éclairage allumé,En agglomération,Intersection en X,Pluie légère,Deux véhicules - côté,,,,,,,,,,,5,2,2,2.0,3.0
201100047741,0011-06-01 17:15:00,11,6,1,17,15,930,5,CHARCOT / SEMBAT,,,Plein jour,En agglomération,Intersection en T,Normale,Deux véhicules - côté,,,,,,,,,,,1,2,3,1.0,3.0
201100047742,0011-11-30 18:25:00,11,11,30,18,25,930,71,AULNAY (RUE D'),,,Nuit avec éclairage allumé,En agglomération,Autre intersection,Normale,Deux véhicules - côté,,,,,,,,,,,5,2,9,1.0,3.0
201100047743,0011-06-01 22:45:00,11,6,1,22,45,930,5,DUCERIS / LEFEVRE,,,Nuit avec éclairage allumé,En agglomération,Intersection en T,Normale,Deux véhicules - côté,,,,,,,,,,,5,2,3,1.0,3.0
201100047744,0011-12-12 11:20:00,11,12,12,11,20,930,71,DUMONT D'URVILLE (AVENUE,,,Plein jour,En agglomération,Hors intersection,Normale,Autre collision,,,,,,,,,,,1,2,1,1.0,6.0
201100047745,0011-06-04 21:20:00,11,6,4,21,20,930,5,"119, R JACQUES DUCLOS",,,Plein jour,En agglomération,Hors intersection,Normale,Autre collision,,,,,,,,,,,1,2,1,1.0,6.0
201100047746,0011-12-12 16:50:00,11,12,12,16,50,930,71,PROGRES (RUE DU),,,Plein jour,En agglomération,Intersection en X,Normale,Deux véhicules - côté,,,,,,,,,,,1,2,2,1.0,3.0
201100047747,0011-12-13 19:35:00,11,12,13,19,35,930,71,PEUPLIERS (ALLEE DES),,,Nuit avec éclairage allumé,En agglomération,Autre intersection,Normale,Deux véhicules - côté,,,,,,,,,,,5,2,9,1.0,3.0
201100047748,0011-06-12 00:55:00,11,6,12,0,55,930,5,R JULES PRINCET,,,Nuit avec éclairage allumé,En agglomération,Hors intersection,Normale,Sans collision,,,,,,,,,,,5,2,1,1.0,7.0
201100047749,0011-12-14 16:45:00,11,12,14,16,45,930,71,"07, GENERAL LECLERC (AVE",,,Plein jour,En agglomération,Hors intersection,Normale,Autre collision,,,,,,,,,,,1,2,1,1.0,6.0
201100047750,0011-06-15 09:30:00,11,6,15,9,30,930,5,LEON / LA VILLE,,,Plein jour,En agglomération,Intersection en T,Normale,Deux véhicules - frontale,,,,,,,,,,,1,2,3,1.0,1.0
201100047751,0011-06-15 17:40:00,11,6,15,17,40,930,5,POMEREU / BOIS,,,Plein jour,En agglomération,Intersection en X,Normale,Deux véhicules - côté,,,,,,,,,,,1,2,2,1.0,3.0
201100047752,0011-12-17 09:30:00,11,12,17,9,30,930,71,SAVIGNY (CHEMIN DE),,,Plein jour,En agglomération,Hors intersection,Normale,Deux véhicules - côté,,,,,,,,,,,1,2,1,1.0,3.0
201100047753,0011-06-15 18:40:00,11,6,15,18,40,930,5,STRASBOURG / DIDEROT,,,Plein jour,En agglomération,Intersection en X,Normale,Deux véhicules - côté,,,,,,,,,,,1,2,2,1.0,3.0
201100047754,0011-12-21 16:10:00,11,12,21,16,10,930,71,"69, AULNAY (RUE D')",,,Plein jour,En agglomération,Hors intersection,Pluie légère,Deux véhicules - côté,,,,,,,,,,,1,2,1,2.0,3.0
201100047755,0011-06-19 22:05:00,11,6,19,22,5,930,5,AV SUZANNE LENGLEN,,,Nuit avec éclairage allumé,En agglomération,Hors intersection,Normale,Deux véhicules - arrière,,,,,,,,,,,5,2,1,1.0,2.0
201100047756,0011-12-27 13:40:00,11,12,27,13,40,930,71,RAOUL DAUTRY (AVENUE),,,Plein jour,En agglomération,Hors intersection,Temps couvert,Sans collision,,,,,,,,,,,1,2,1,8.0,7.0
201100047757,0011-06-20 10:30:00,11,6,20,10,30,930,5,BREMOND / DUQUESNE,,,Plein jour,Hors agglomération,Intersection en T,Pluie légère,Deux véhicules - côté,,,,,,,,,,,1,1,3,2.0,3.0
201100047758,0011-06-21 13:30:00,11,6,21,13,30,930,5,SEPTEMBRE / D'ARGENT,,,Plein jour,En agglomération,Intersection en Y,Normale,Deux véhicules - côté,,,,,,,,,,,1,2,4,1.0,3.0
201100047759,0011-06-21 21:10:00,11,6,21,21,10,930,5,MONNET / CHAGALL,,,Plein jour,En agglomération,Giratoire,Normale,Deux véhicules - côté,,,,,,,,,,,1,2,6,1.0,3.0
201100047760,0011-06-22 21:25:00,11,6,22,21,25,930,5,GUERIN / FLEMING,,,Crépuscule ou aube,En agglomération,Intersection en T,Normale,Deux véhicules - côté,,,,,,,,,,,2,2,3,1.0,3.0
201100047761,0011-06-24 06:45:00,11,6,24,6,45,930,5,BD GEORGES BRAQUE,,,Plein jour,En agglomération,Hors intersection,Normale,Sans collision,,,,,,,,,,,1,2,1,1.0,7.0
201100047762,0011-06-27 18:00:00,11,6,27,18,0,930,5,BD ANDRE CITROEN,,,Plein jour,En agglomération,Giratoire,Normale,Deux véhicules - côté,,,,,,,,,,,1,2,6,1.0,3.0
201100047763,0011-06-28 16:20:00,11,6,28,16,20,930,5,R ROBERT BREMOND,,,Plein jour,En agglomération,Hors intersection,Normale,Sans collision,,,,,,,,,,,1,2,1,1.0,7.0
201100047764,0011-06-29 13:30:00,11,6,29,13,30,930,5,SEVRAN / ROMAND,,,Plein jour,Hors agglomération,Intersection en T,Normale,Autre collision,,,,,,,,,,,1,1,3,1.0,6.0
201100047765,0011-06-29 17:30:00,11,6,29,17,30,930,5,R GASPARD MONGE,,,Plein jour,En agglomération,Hors intersection,Normale,Autre collision,,,,,,,,,,,1,2,1,1.0,6.0
201100047766,0011-07-01 16:00:00,11,7,1,16,0,930,5,R EDGAR DEGAS,,,Plein jour,En agglomération,Hors intersection,Normale,Deux véhicules - arrière,,,,,,,,,,,1,2,1,1.0,2.0
201100047767,0011-07-04 18:40:00,11,7,4,18,40,930,5,"3, R FRANCISCO FERRER",,,Plein jour,En agglomération,Hors intersection,Normale,Deux véhicules - côté,,,,,,,,,,,1,2,1,1.0,3.0
201100047768,0011-07-06 18:30:00,11,7,6,18,30,930,5,DEGEYTER ???,,,Plein jour,En agglomération,Hors intersection,Normale,Sans collision,,,,,,,,,,,1,2,1,1.0,7.0
201100047769,0011-07-07 19:30:00,11,7,7,19,30,930,5,SAVOIE / GRENOBLE,,,Plein jour,En agglomération,Intersection en T,Pluie légère,Deux véhicules - côté,,,,,,,,,,,1,2,3,2.0,3.0
201100047770,0011-07-08 00:37:00,11,7,8,0,37,930,5,R HENRI MATISSE,,,Nuit avec éclairage allumé,En agglomération,Hors intersection,Normale,Autre collision,,,,,,,,,,,5,2,1,1.0,6.0
201100047771,0011-07-09 00:20:00,11,7,9,0,20,930,5,DUCLOS / BLANCHE,,,Nuit avec éclairage non allumé,En agglomération,Intersection en X,Pluie légère,Deux véhicules - côté,,,,,,,,,,,4,2,2,2.0,3.0
201100047772,0011-07-13 13:45:00,11,7,13,13,45,930,5,PARINOR ????,,,Plein jour,En agglomération,Hors intersection,Normale,Sans collision,,,,,,,,,,,1,2,1,1.0,7.0
201100047773,0011-07-21 18:00:00,11,7,21,18,0,930,5,COURCELLES / POMEREU,,,Plein jour,En agglomération,Intersection en X,Normale,Deux véhicules - côté,,,,,,,,,,,1,2,2,1.0,3.0
201100047774,0011-07-21 19:00:00,11,7,21,19,0,930,5,AV SUZANNE LENGLEN,,,Plein jour,En agglomération,Hors intersection,Normale,Deux véhicules - arrière,,,,,,,,,,,1,2,1,1.0,2.0
201100047775,0011-07-22 15:40:00,11,7,22,15,40,930,5,R HENRI MATISSE,,,Plein jour,En agglomération,Hors intersection,Pluie légère,Deux véhicules - côté,,,,,,,,,,,1,2,1,2.0,3.0
201100047776,0011-07-27 17:50:00,11,7,27,17,50,930,5,DUFY / PISSARRO,,,Plein jour,En agglomération,Intersection en T,Pluie forte,Trois véhicules et plus - en chaîne,,,,,,,,,,,1,2,3,3.0,4.0
201100047777,0011-07-27 12:35:00,11,7,27,12,35,930,5,TURGOT / TOULOUSE,,,Plein jour,En agglomération,Intersection en X,Normale,Deux véhicules - côté,,,,,,,,,,,1,2,2,1.0,3.0
201100047778,0011-07-31 11:15:00,11,7,31,11,15,930,5,11 NOVEMBRE / FAURE,,,Plein jour,En agglomération,Intersection en X,Normale,Deux véhicules - côté,,,,,,,,,,,1,2,2,1.0,3.0
201100047779,0011-08-01 23:20:00,11,8,1,23,20,930,5,R MAXIMILIEN ROBESPIERRE,,,Nuit avec éclairage allumé,En agglomération,Hors intersection,Normale,Deux véhicules - arrière,,,,,,,,,,,5,2,1,1.0,2.0
201100047780,0011-08-02 19:55:00,11,8,2,19,55,930,5,NONNEVILLE / POMEREU,,,Plein jour,En agglomération,Intersection en X,Normale,Deux véhicules - côté,,,,,,,,,,,1,2,2,1.0,3.0
201100047781,0011-08-05 23:25:00,11,8,5,23,25,930,5,R DE LISBONNE,,,Nuit avec éclairage allumé,En agglomération,Hors intersection,Temps couvert,Autre collision,,,,,,,,,,,5,2,1,8.0,6.0
201100047782,0011-08-05 11:20:00,11,8,5,11,20,930,5,R DE LA DIVISION LECLERC,,,Plein jour,En agglomération,Hors intersection,Normale,Sans collision,,,,,,,,,,,1,2,1,1.0,7.0