accident_id,datetime,annee,mois,jour,heure,minute,departement,commune_insee,adresse,latitude,longitude,luminosite,agglomeration,intersection,meteo,collision,nb_vehicules,nb_usagers,nb_indemnes,nb_tues,nb_blesses_hosp,nb_blesses_legers,age_cond_1,age_cond_2,veh_type_cond_1,veh_type_cond_2,lum_code,agg_code,int_code,atm_code,col_code
201100047783,0011-08-12 20:50:00,11,8,12,20,50,930,5,R DE MADRID,,,Plein jour,En agglomération,Hors intersection,Normale,Autre collision,,,,,,,,,,,1,2,1,1.0,6.0
201100047784,0011-08-16 11:50:00,11,8,16,11,50,930,5,R LOUISE MICHEL,,,Plein jour,En agglomération,Hors intersection,Normale,Deux véhicules - côté,,,,,,,,,,,1,2,1,1.0,3.0
201100047785,0011-08-17 00:10:00,11,8,17,0,10,930,5,BD MARC CHAGALL,,,Nuit avec éclairage allumé,En agglomération,Hors intersection,Normale,Sans collision,,,,,,,,,,,5,2,1,1.0,7.0
201100047786,0011-08-18 11:15:00,11,8,18,11,15,930,5,AV DU 14 JUILLET,,,Plein jour,En agglomération,Hors intersection,Normale,Autre collision,,,,,,,,,,,1,2,1,1.0,6.0
201100047787,0011-08-21 23:10:00,11,8,21,23,10,930,5,AV SUZANNE LENGLEN,,,Nuit sans éclairage public,En agglomération,Hors intersection,Normale,Deux véhicules - côté,,,,,,,,,,,3,2,1,1.0,3.0
201100047788,0011-08-31 19:30:00,11,8,31,19,30,930,5,STRASBOURG / PIMODAN,,,Plein jour,En agglomération,Intersection en X,Normale,Deux véhicules - côté,,,,,,,,,,,1,2,2,1.0,3.0
201100047789,0011-09-02 10:08:00,11,9,2,10,8,930,5,BD DE L'HOTEL DE VILLE,,,Plein jour,En agglomération,Hors intersection,Normale,Autre collision,,,,,,,,,,,1,2,1,1.0,6.0
201100047790,0011-09-02 21:00:00,11,9,2,21,0,930,5,"80, R FRANCIS CRENO",,,Nuit avec éclairage allumé,En agglomération,Hors intersection,Normale,Deux véhicules - frontale,,,,,,,,,,,5,2,1,1.0,1.0
201100047791,0011-09-10 16:10:00,11,9,10,16,10,930,5,"NEANT, JACQUES DUCLOS [C",,,Plein jour,En agglomération,Intersection en T,Normale,Deux véhicules - frontale,,,,,,,,,,,1,2,3,1.0,1.0
201100047792,0011-09-11 08:10:00,11,9,11,8,10,930,5,CITROEN / BRAQUE,,,Plein jour,En agglomération,Giratoire,Temps couvert,Deux véhicules - côté,,,,,,,,,,,1,2,6,8.0,3.0
201100047793,0011-09-15 14:55:00,11,9,15,14,55,930,5,R CAMILLE PELLETAN,,,Plein jour,En agglomération,Hors intersection,Normale,Autre collision,,,,,,,,,,,1,2,1,1.0,6.0
201100047794,0011-09-15 12:05:00,11,9,15,12,5,930,5,VOLTAIRE / PONTS,,,Plein jour,En agglomération,Intersection à plus de 4 branches,Normale,Deux véhicules - côté,,,,,,,,,,,1,2,5,1.0,3.0
201100047795,0011-09-15 22:20:00,11,9,15,22,20,930,5,BD GEORGES BRAQUE,,,Nuit avec éclairage allumé,En agglomération,Hors intersection,Normale,Autre collision,,,,,,,,,,,5,2,1,1.0,6.0
201100047796,0011-09-17 09:35:00,11,9,17,9,35,930,5,BD ANDRE CITROEN,,,Plein jour,En agglomération,Hors intersection,Normale,Deux véhicules - côté,,,,,,,,,,,1,2,1,1.0,3.0
201100047797,0011-09-17 13:00:00,11,9,17,13,0,930,5,RTE DE MITRY,,,Plein jour,En agglomération,Hors intersection,Normale,Deux véhicules - arrière,,,,,,,,,,,1,2,1,1.0,2.0
201100047798,0011-09-20 12:15:00,11,9,20,12,15,930,5,BD GEORGES BRAQUE,,,Plein jour,En agglomération,Hors intersection,Normale,Trois véhicules et plus - collisions multiples,,,,,,,,,,,1,2,1,1.0,5.0
201100047799,0011-09-18 18:40:00,11,9,18,18,40,930,5,BD MARC CHAGALL,,,Plein jour,En agglomération,Hors intersection,Pluie légère,Sans collision,,,,,,,,,,,1,2,1,2.0,7.0
201100047800,0011-09-23 17:20:00,11,9,23,17,20,930,5,CHARCOT / LEFEVRE,,,Plein jour,En agglomération,Intersection en T,Normale,Deux véhicules - côté,,,,,,,,,,,1,2,3,1.0,3.0
201100047801,0011-09-30 18:30:00,11,9,30,18,30,930,5,R PAUL CEZANNE,,,Nuit avec éclairage non allumé,En agglomération,Hors intersection,Normale,Autre collision,,,,,,,,,,,4,2,1,1.0,6.0
201100047802,0011-10-01 08:00:00,11,10,1,8,0,930,5,MONACO / DE GAULLE,,,Plein jour,En agglomération,Giratoire,Normale,Deux véhicules - côté,,,,,,,,,,,1,2,6,1.0,3.0
201100047803,0011-10-01 11:20:00,11,10,1,11,20,930,5,MITRY / SAVIGNY,,,Plein jour,En agglomération,Intersection en T,Normale,Deux véhicules - côté,,,,,,,,,,,1,2,3,1.0,3.0
201100047804,0011-10-01 16:30:00,11,10,1,16,30,930,5,AV SUZANNE LENGLEN,,,Plein jour,En agglomération,Hors intersection,Normale,Deux véhicules - arrière,,,,,,,,,,,1,2,1,1.0,2.0
201100047805,0011-10-02 03:20:00,11,10,2,3,20,930,5,CHEVALIER / NONNEVILLE,,,Nuit avec éclairage allumé,En agglomération,Intersection en X,Normale,Deux véhicules - côté,,,,,,,,,,,5,2,2,1.0,3.0
201100047806,0011-10-02 17:40:00,11,10,2,17,40,930,5,MITRY / SAVIGNY,,,Plein jour,En agglomération,Intersection en T,Normale,Deux véhicules - arrière,,,,,,,,,,,1,2,3,1.0,2.0
201100047807,0011-10-05 19:20:00,11,10,5,19,20,930,5,R MAXIMILIEN ROBESPIERRE,,,Nuit avec éclairage allumé,En agglomération,Hors intersection,Normale,Deux véhicules - frontale,,,,,,,,,,,5,2,1,1.0,1.0
201100047808,0011-10-06 08:00:00,11,10,6,8,0,930,5,COTTAGE / MUN,,,Plein jour,En agglomération,Intersection en X,Normale,Deux véhicules - côté,,,,,,,,,,,1,2,2,1.0,3.0
201100047809,0011-10-09 19:00:00,11,10,9,19,0,930,5,BD GEORGES BRAQUE,,,Nuit sans éclairage public,Hors agglomération,Hors intersection,Normale,Deux véhicules - arrière,,,,,,,,,,,3,1,1,1.0,2.0
201100047810,0011-10-10 08:20:00,11,10,10,8,20,930,5,AV ANATOLE FRANCE,,,Plein jour,En agglomération,Hors intersection,Temps couvert,Deux véhicules - arrière,,,,,,,,,,,1,2,1,8.0,2.0
201100047811,0011-10-10 12:25:00,11,10,10,12,25,930,5,MITRY / PARE,,,Plein jour,En agglomération,Intersection en T,Temps couvert,Deux véhicules - côté,,,,,,,,,,,1,2,3,8.0,3.0
201100047812,0011-10-13 17:10:00,11,10,13,17,10,930,5,RTE DE MITRY,,,Plein jour,En agglomération,Hors intersection,Normale,Deux véhicules - côté,,,,,,,,,,,1,2,1,1.0,3.0
201100047813,0011-10-14 18:42:00,11,10,14,18,42,930,5,ALL DUGUAY TROUIN,,,Plein jour,En agglomération,Hors intersection,Normale,Autre collision,,,,,,,,,,,1,2,1,1.0,6.0
201100047814,0011-10-19 12:00:00,11,10,19,12,0,930,5,MITRY / MAI,,,Plein jour,En agglomération,Intersection en X,Normale,Deux véhicules - côté,,,,,,,,,,,1,2,2,1.0,3.0
201100047815,0011-10-21 09:50:00,11,10,21,9,50,930,5,BD MARC CHAGALL,,,Plein jour,En agglomération,Hors intersection,Normale,Autre collision,,,,,,,,,,,1,2,1,1.0,6.0
201100047816,0011-10-28 18:20:00,11,10,28,18,20,930,5,AV RAOUL DUFY,,,Plein jour,En agglomération,Hors intersection,Normale,Deux véhicules - frontale,,,,,,,,,,,1,2,1,1.0,1.0
201100047817,0011-11-06 19:00:00,11,11,6,19,0,930,5,R JEAN CHARCOT,,,Nuit avec éclairage allumé,En agglomération,Hors intersection,Normale,Deux véhicules - frontale,,,,,,,,,,,5,2,1,1.0,1.0
201100047818,0011-11-12 03:05:00,11,11,12,3,5,930,5,R JACQUES DUCLOS,,,Nuit avec éclairage allumé,En agglomération,Hors intersection,Normale,Autre collision,,,,,,,,,,,5,2,1,1.0,6.0
201100047819,0011-11-12 17:50:00,11,11,12,17,50,930,5,PRINCET / ROSERAIE,,,Nuit avec éclairage allumé,En agglomération,Intersection en X,Normale,Deux véhicules - côté,,,,,,,,,,,5,2,2,1.0,3.0
201100047820,0011-11-13 01:00:00,11,11,13,1,0,930,5,ANGE / COROT,,,Nuit avec éclairage allumé,En agglomération,Intersection en T,Normale,Sans collision,,,,,,,,,,,5,2,3,1.0,7.0
201100047821,0011-11-15 10:45:00,11,11,15,10,45,930,5,BD MARC CHAGALL,,,Plein jour,En agglomération,Hors intersection,Normale,Deux véhicules - côté,,,,,,,,,,,1,2,1,1.0,3.0
201100047822,0011-11-15 20:45:00,11,11,15,20,45,930,5,PL DU GENERAL LECLERC,,,Nuit avec éclairage allumé,En agglomération,Hors intersection,Normale,Autre collision,,,,,,,,,,,5,2,1,1.0,6.0
201100047823,0011-11-18 18:15:00,11,11,18,18,15,930,5,CHAGALL / VILLE,,,Nuit avec éclairage allumé,En agglomération,Intersection en X,Normale,Deux véhicules - côté,,,,,,,,,,,5,2,2,1.0,3.0
201100047824,0011-11-20 19:30:00,11,11,20,19,30,930,5,R JULES PRINCET,,,Nuit avec éclairage allumé,En agglomération,Hors intersection,Normale,Deux véhicules - côté,,,,,,,,,,,5,2,1,1.0,3.0
201100047825,0011-11-23 21:40:00,11,11,23,21,40,930,5,R DU DOCTEUR FLEMING,,,Nuit avec éclairage allumé,En agglomération,Hors intersection,Normale,Sans collision,,,,,,,,,,,5,2,1,1.0,7.0
201100047826,0011-11-25 13:45:00,11,11,25,13,45,930,5,CHARCOT / LEFEVRE,,,Plein jour,En agglomération,Intersection en T,Pluie légère,Deux véhicules - arrière,,,,,,,,,,,1,2,3,2.0,2.0
201100047827,0011-11-26 08:25:00,11,11,26,8,25,930,5,ALL DE COPENHAGUE,,,Nuit avec éclairage allumé,En agglomération,Hors intersection,Normale,Autre collision,,,,,,,,,,,5,2,1,1.0,6.0
201100047828,0011-11-27 08:15:00,11,11,27,8,15,930,5,ROUSSEAU / LECLERC,,,Plein jour,En agglomération,Intersection en X,Normale,Sans collision,,,,,,,,,,,1,2,2,1.0,7.0
201100047829,0011-12-01 22:30:00,11,12,1,22,30,930,5,MOULIN DE LA VILLE (CHEM,,,Nuit avec éclairage allumé,En agglomération,Hors intersection,Normale,Autre collision,,,,,,,,,,,5,2,1,1.0,6.0
201100047830,0011-12-14 12:25:00,11,12,14,12,25,930,5,PIMODAN (RUE DE),,,Plein jour,En agglomération,Intersection en X,Normale,Autre collision,,,,,,,,,,,1,2,2,1.0,6.0
201100047831,0011-12-11 15:30:00,11,12,11,15,30,930,5,LOUIS ARMAND (CARREFOUR),,,Plein jour,Hors agglomération,Giratoire,Pluie légère,Deux véhicules - côté,,,,,,,,,,,1,1,6,2.0,3.0
201100047832,0011-12-14 10:55:00,11,12,14,10,55,930,5,MARC CHAGALL (BOULEVARD),,,Plein jour,En agglomération,Giratoire,Normale,Deux véhicules - arrière,,,,,,,,,,,1,2,6,1.0,2.0
201100047833,0011-12-13 08:05:00,11,12,13,8,5,930,5,JULES PRINCET [CD115] (R,,,Plein jour,En agglomération,Intersection en X,Normale,Autre collision,,,,,,,,,,,1,2,2,1.0,6.0
201100047834,0011-12-15 11:05:00,11,12,15,11,5,930,5,EGLISE (PLACE DE),,,Plein jour,En agglomération,Hors intersection,Pluie légère,Autre collision,,,,,,,,,,,1,2,1,2.0,6.0
201100047835,0011-12-19 23:10:00,11,12,19,23,10,930,5,MITRY [CD115] (ROUTE DE),,,Nuit avec éclairage allumé,En agglomération,Hors intersection,Pluie légère,Deux véhicules - côté,,,,,,,,,,,5,2,1,2.0,3.0
201100047836,0011-12-22 14:00:00,11,12,22,14,0,930,5,MAXIMILIEN ROBESPIERRE (,,,Plein jour,En agglomération,Intersection en X,Normale,Deux véhicules - côté,,,,,,,,,,,1,2,2,1.0,3.0
201100047837,0011-12-27 19:30:00,11,12,27,19,30,930,5,LOUISE MICHEL (RUE),,,Nuit avec éclairage allumé,En agglomération,Intersection en X,Normale,Autre collision,,,,,,,,,,,5,2,2,1.0,6.0
201100047838,0011-01-14 23:45:00,11,1,14,23,45,930,7,REPUBLIQUE / SEMARD,,,Nuit avec éclairage allumé,En agglomération,Intersection en X,Pluie légère,Autre collision,,,,,,,,,,,5,2,2,2.0,6.0
201100047839,0011-01-20 17:40:00,11,1,20,17,40,930,7,AV DESCARTES,,,Nuit avec éclairage allumé,En agglomération,Hors intersection,Normale,Autre collision,,,,,,,,,,,5,2,1,1.0,6.0
201100047840,0011-01-25 22:15:00,11,1,25,22,15,930,7,BARBUSSE / KAHN,,,Nuit avec éclairage allumé,En agglomération,Intersection en X,Normale,Deux véhicules - côté,,,,,,,,,,,5,2,2,1.0,3.0
201100047841,0011-01-27 10:30:00,11,1,27,10,30,930,7,AV ALBERT EINSTEIN,,,Plein jour,En agglomération,Hors intersection,Normale,Deux véhicules - côté,,,,,,,,,,,1,2,1,1.0,3.0
201100047842,0011-01-31 06:40:00,11,1,31,6,40,930,7,AV DU 8 MAI 1945,,,Crépuscule ou aube,En agglomération,Hors intersection,Normale,Deux véhicules - arrière,,,,,,,,,,,2,2,1,1.0,2.0
201100047843,0011-02-08 18:40:00,11,2,8,18,40,930,7,AV DU 8 MAI 1945,,,Nuit avec éclairage allumé,En agglomération,Hors intersection,Normale,Deux véhicules - côté,,,,,,,,,,,5,2,1,1.0,3.0
201100047844,0011-02-11 18:20:00,11,2,11,18,20,930,7,AV DES COSMONAUTES,,,Nuit avec éclairage allumé,En agglomération,Hors intersection,Normale,Autre collision,,,,,,,,,,,5,2,1,1.0,6.0
201100047845,0011-02-13 19:25:00,11,2,13,19,25,930,7,AV CHARLES FLOQUET,,,Nuit avec éclairage allumé,En agglomération,Hors intersection,Normale,Sans collision,,,,,,,,,,,5,2,1,1.0,7.0
201100047846,0011-02-16 09:10:00,11,2,16,9,10,930,7,8 MAI 45 (AVENUE DU 1 AU,,,Plein jour,En agglomération,Hors intersection,Temps couvert,Deux véhicules - côté,,,,,,,,,,,1,2,1,8.0,3.0
201100047847,0011-02-17 07:15:00,11,2,17,7,15,930,7,AV DU 8 MAI 1945,,,Nuit avec éclairage allumé,En agglomération,Hors intersection,Normale,Autre collision,,,,,,,,,,,5,2,1,1.0,6.0
201100047848,0011-02-28 15:45:00,11,2,28,15,45,930,7,MOLIERE / ROUX,,,Plein jour,En agglomération,Giratoire,Temps couvert,Autre collision,,,,,,,,,,,1,2,6,8.0,6.0
201100047849,0011-03-02 15:50:00,11,3,2,15,50,930,7,AV DU 8 MAI 1945,,,Plein jour,En agglomération,Hors intersection,Normale,Deux véhicules - arrière,,,,,,,,,,,1,2,1,1.0,2.0
201100047850,0011-03-05 13:45:00,11,3,5,13,45,930,7,DESCARTES / EINSTEIN,,,Plein jour,En agglomération,Giratoire,Normale,Deux véhicules - côté,,,,,,,,,,,1,2,6,1.0,3.0
201100047851,0011-03-09 10:00:00,11,3,9,10,0,930,7,"110, AV DE LA DIVISION L",,,Plein jour,En agglomération,Hors intersection,Temps couvert,Deux véhicules - côté,,,,,,,,,,,1,2,1,8.0,3.0
201100047852,0011-03-14 19:45:00,11,3,14,19,45,930,7,AV DU 8 MAI 1945,,,Nuit avec éclairage non allumé,En agglomération,Hors intersection,Normale,Deux véhicules - côté,,,,,,,,,,,4,2,1,1.0,3.0
201100047853,0011-03-30 13:30:00,11,3,30,13,30,930,7,AV PASTEUR,,,Plein jour,En agglomération,Hors intersection,Normale,Autre collision,,,,,,,,,,,1,2,1,1.0,6.0
201100047854,0011-04-02 18:55:00,11,4,2,18,55,930,7,AV CHARLES FLOQUET,,,Plein jour,En agglomération,Hors intersection,Normale,Sans collision,,,,,,,,,,,1,2,1,1.0,7.0
201100047855,0011-04-06 21:20:00,11,4,6,21,20,930,7,FLOQUET/ VICTOIRE,,,Nuit avec éclairage allumé,En agglomération,Intersection en X,Normale,Sans collision,,,,,,,,,,,5,2,2,1.0,7.0
201100047856,0011-04-08 19:40:00,11,4,8,19,40,930,7,AV DE LA DIVISION LECLER,,,Plein jour,En agglomération,Hors intersection,Normale,Deux véhicules - côté,,,,,,,,,,,1,2,1,1.0,3.0
201100047857,0011-04-08 20:25:00,11,4,8,20,25,930,7,BARBUSSE / PAIX,,,Crépuscule ou aube,En agglomération,Intersection en T,Normale,Deux véhicules - côté,,,,,,,,,,,2,2,3,1.0,3.0
201100047858,0011-04-14 08:30:00,11,4,14,8,30,930,7,"27, AV AMBROISE CROIZAT",,,Plein jour,En agglomération,Hors intersection,Normale,Autre collision,,,,,,,,,,,1,2,1,1.0,6.0
201100047859,0011-04-14 15:50:00,11,4,14,15,50,930,7,AV DU 8 MAI 1945,,,Plein jour,En agglomération,Hors intersection,Normale,Trois véhicules et plus - en chaîne,,,,,,,,,,,1,2,1,1.0,4.0
201100047860,0011-04-20 14:05:00,11,4,20,14,5,930,7,NERUDA / EINSTEIN,,,Plein jour,En agglomération,Intersection en X,Normale,Deux véhicules - côté,,,,,,,,,,,1,2,2,1.0,3.0
201100047861,0011-04-20 15:00:00,11,4,20,15,0,930,7,"80, R DES CLOCHETTES",,,Plein jour,En agglomération,Hors intersection,Normale,Deux véhicules - frontale,,,,,,,,,,,1,2,1,1.0,1.0
201100047862,0011-04-27 12:40:00,11,4,27,12,40,930,7,CASANOVA / COUTURIER,,,Plein jour,En agglomération,Intersection en T,Normale,Deux véhicules - côté,,,,,,,,,,,1,2,3,1.0,3.0
201100047863,0011-05-04 13:20:00,11,5,4,13,20,930,7,CROIZAT / FLEMING,,,Plein jour,En agglomération,Intersection en X,Normale,Deux véhicules - côté,,,,,,,,,,,1,2,2,1.0,3.0
201100047864,0011-05-09 08:30:00,11,5,9,8,30,930,7,COUTURIER / JAURES,,,Plein jour,En agglomération,Intersection en X,Normale,Deux véhicules - côté,,,,,,,,,,,1,2,2,1.0,3.0
201100047865,0011-05-10 16:15:00,11,5,10,16,15,930,7,AV PAUL VAILLANT COUTURI,,,Plein jour,En agglomération,Hors intersection,Normale,Autre collision,,,,,,,,,,,1,2,1,1.0,6.0
201100047866,0011-05-11 22:30:00,11,5,11,22,30,930,7,JAURES / BUSNEL,,,Nuit avec éclairage allumé,En agglomération,Intersection en X,Normale,Deux véhicules - côté,,,,,,,,,,,5,2,2,1.0,3.0
201100047867,0011-05-15 23:00:00,11,5,15,23,0,930,7,8 MAI 1945,,,Nuit avec éclairage allumé,En agglomération,Hors intersection,Normale,Deux véhicules - côté,,,,,,,,,,,5,2,1,1.0,3.0
201100047868,0011-05-22 20:30:00,11,5,22,20,30,930,7,AV DE LA REPUBLIQUE,,,Plein jour,En agglomération,Hors intersection,Normale,Deux véhicules - côté,,,,,,,,,,,1,2,1,1.0,3.0
201100047869,0011-05-24 15:00:00,11,5,24,15,0,930,7,R ALFRED CHOQUET,,,Plein jour,En agglomération,Hors intersection,Normale,Autre collision,,,,,,,,,,,1,2,1,1.0,6.0
201100047870,0011-05-26 09:00:00,11,5,26,9,0,930,7,VAILLANT COUTURIER,,,Plein jour,En agglomération,Hors intersection,Normale,Autre collision,,,,,,,,,,,1,2,1,1.0,6.0
201100047871,0011-05-27 16:20:00,11,5,27,16,20,930,7,AV DESCARTES,,,Plein jour,En agglomération,Hors intersection,Normale,Deux véhicules - côté,,,,,,,,,,,1,2,1,1.0,3.0
201100047872,0011-05-27 21:50:00,11,5,27,21,50,930,7,PAQUERETTES / GIRAUD,,,Nuit avec éclairage allumé,En agglomération,Intersection en X,Normale,Deux véhicules - côté,,,,,,,,,,,5,2,2,1.0,3.0
201100047873,0011-05-27 21:05:00,11,5,27,21,5,930,7,AV DU 8 MAI 1945,,,Plein jour,En agglomération,Hors intersection,Normale,Deux véhicules - arrière,,,,,,,,,,,1,2,1,1.0,2.0
201100047874,0011-06-08 14:10:00,11,6,8,14,10,930,7,"23, AV ARISTIDE BRIAND",,,Plein jour,En agglomération,Hors intersection,Normale,Autre collision,,,,,,,,,,,1,2,1,1.0,6.0
201100047875,0011-06-08 20:45:00,11,6,8,20,45,930,7,"1, R JULIAN GRIMAU",,,Plein jour,En agglomération,Hors intersection,Normale,Deux véhicules - côté,,,,,,,,,,,1,2,1,1.0,3.0
201100047876,0011-06-09 11:45:00,11,6,9,11,45,930,7,"94, AV PAUL VAILLANT COU",,,Plein jour,En agglomération,Hors intersection,Temps couvert,Autre collision,,,,,,,,,,,1,2,1,8.0,6.0
201100047877,0011-06-14 17:20:00,11,6,14,17,20,930,7,"141, ALL PASTEUR",,,Plein jour,En agglomération,Hors intersection,Normale,Deux véhicules - frontale,,,,,,,,,,,1,2,1,1.0,1.0
201100047878,0011-06-16 12:00:00,11,6,16,12,0,930,7,"120, AV ARISTIDE BRIAND",,,Plein jour,En agglomération,Hors intersection,Normale,Deux véhicules - côté,,,,,,,,,,,1,2,1,1.0,3.0
201100047879,0011-06-20 07:40:00,11,6,20,7,40,930,7,"1, AV DES COSMONAUTES",,,Plein jour,En agglomération,Hors intersection,Pluie forte,Autre collision,,,,,,,,,,,1,2,1,3.0,6.0
201100047880,0011-06-21 14:25:00,11,6,21,14,25,930,7,"19, AV ARISTIDE BRIAND",,,Plein jour,En agglomération,Hors intersection,Temps couvert,Autre collision,,,,,,,,,,,1,2,1,8.0,6.0
201100047881,0011-06-21 20:15:00,11,6,21,20,15,930,7,AV DE LA DIVISION LECLER,,,Plein jour,En agglomération,Hors intersection,Normale,Sans collision,,,,,,,,,,,1,2,1,1.0,7.0
201100047882,0011-06-26 21:00:00,11,6,26,21,0,930,7,PARC URBAIN,,,Plein jour,Hors agglomération,Autre intersection,Normale,Autre collision,,,,,,,,,,,1,1,9,1.0,6.0
201100047883,0011-07-03 15:00:00,11,7,3,15,0,930,7,"1, AV DU 8 MAI 1945",,,Plein jour,En agglomération,Hors intersection,Normale,Deux véhicules - arrière,,,,,,,,,,,1,2,1,1.0,2.0
201100047884,0011-07-10 17:50:00,11,7,10,17,50,930,7,"1, AV EUGENE LE MOIGN",,,Plein jour,En agglomération,Hors intersection,Normale,Sans collision,,,,,,,,,,,1,2,1,1.0,7.0
201100047885,0011-07-11 16:45:00,11,7,11,16,45,930,7,DESCARTES / BOUQUIN,,,Plein jour,En agglomération,Intersection en T,Normale,Trois véhicules et plus - en chaîne,,,,,,,,,,,1,2,3,1.0,4.0
201100047886,0011-07-16 12:40:00,11,7,16,12,40,930,7,1945 / DAME,,,Plein jour,En agglomération,Intersection en T,Pluie légère,Deux véhicules - côté,,,,,,,,,,,1,2,3,2.0,3.0
201100047887,0011-07-23 19:50:00,11,7,23,19,50,930,7,BRIAND / ZOLA,,,Plein jour,En agglomération,Intersection en T,Pluie légère,Deux véhicules - côté,,,,,,,,,,,1,2,3,2.0,3.0
201100047888,0011-08-04 21:00:00,11,8,4,21,0,930,7,AV DES COSMONAUTES,,,Plein jour,En agglomération,Hors intersection,Normale,Deux véhicules - côté,,,,,,,,,,,1,2,1,1.0,3.0
201100047889,0011-08-05 18:40:00,11,8,5,18,40,930,7,AV JEAN JAURES,,,Plein jour,En agglomération,Hors intersection,Pluie forte,Autre collision,,,,,,,,,,,1,2,1,3.0,6.0
201100047890,0011-08-10 18:00:00,11,8,10,18,0,930,7,AV DE LA DIVISION LECLER,,,Plein jour,En agglomération,Hors intersection,Normale,Deux véhicules - arrière,,,,,,,,,,,1,2,1,1.0,2.0
201100047891,0011-08-11 12:20:00,11,8,11,12,20,930,7,LANGEVIN / DARRIET,,,Plein jour,En agglomération,Intersection en X,Normale,Deux véhicules - côté,,,,,,,,,,,1,2,2,1.0,3.0
201100047892,0011-08-17 08:40:00,11,8,17,8,40,930,7,AV ARISTIDE BRIAND,,,Plein jour,En agglomération,Hors intersection,Normale,Deux véhicules - côté,,,,,,,,,,,1,2,1,1.0,3.0
201100047893,0011-08-18 17:15:00,11,8,18,17,15,930,7,AV PIERRE SEMARD,,,Plein jour,En agglomération,Hors intersection,Normale,Deux véhicules - côté,,,,,,,,,,,1,2,1,1.0,3.0
201100047894,0011-08-24 17:50:00,11,8,24,17,50,930,7,AV DU 8 MAI 1945,,,Plein jour,En agglomération,Hors intersection,Normale,Deux véhicules - arrière,,,,,,,,,,,1,2,1,1.0,2.0
201100047895,0011-09-05 16:00:00,11,9,5,16,0,930,7,"150, AV PASTEUR",,,Plein jour,En agglomération,Hors intersection,Normale,Autre collision,,,,,,,,,,,1,2,1,1.0,6.0
201100047896,0011-09-07 06:40:00,11,9,7,6,40,930,7,"1, AV ARMAND ESDERS",,,Crépuscule ou aube,En agglomération,Hors intersection,Pluie légère,Deux véhicules - frontale,,,,,,,,,,,2,2,1,2.0,1.0
201100047897,0011-09-08 21:05:00,11,9,8,21,5,930,7,AV DU 8 MAI 1945,,,Nuit avec éclairage allumé,En agglomération,Hors intersection,Normale,Sans collision,,,,,,,,,,,5,2,1,1.0,7.0
201100047898,0011-09-12 21:15:00,11,9,12,21,15,930,7,"5, R DE L'ABBE NIORT",,,Nuit avec éclairage allumé,En agglomération,Hors intersection,Normale,Deux véhicules - côté,,,,,,,,,,,5,2,1,1.0,3.0
201100047899,0011-09-16 08:40:00,11,9,16,8,40,930,7,"12, AV DESCARTES",,,Plein jour,En agglomération,Hors intersection,Normale,Sans collision,,,,,,,,,,,1,2,1,1.0,7.0
201100047900,0011-09-19 20:40:00,11,9,19,20,40,930,7,NERUDA / EINSTEIN,,,Nuit avec éclairage allumé,En agglomération,Giratoire,Normale,Deux véhicules - côté,,,,,,,,,,,5,2,6,1.0,3.0
201100047901,0011-09-25 15:00:00,11,9,25,15,0,930,7,EINSTEIN / PASCAL,,,Plein jour,En agglomération,Intersection en X,Normale,Sans collision,,,,,,,,,,,1,2,2,1.0,7.0
201100047902,0011-09-30 09:10:00,11,9,30,9,10,930,7,AV DU GENERAL DE GAULLE,,,Plein jour,En agglomération,Hors intersection,Normale,Deux véhicules - côté,,,,,,,,,,,1,2,1,1.0,3.0
201100047903,0011-09-30 19:05:00,11,9,30,19,5,930,7,"210, AV DU 8 MAI 1945",,,Plein jour,En agglomération,Hors intersection,Normale,Deux véhicules - côté,,,,,,,,,,,1,2,1,1.0,3.0
201100047904,0011-10-14 15:05:00,11,10,14,15,5,930,7,DIVISION LECLERC,,,Plein jour,En agglomération,Hors intersection,Normale,Autre collision,,,,,,,,,,,1,2,1,1.0,6.0
201100047905,0011-10-14 17:15:00,11,10,14,17,15,930,7,AV DU 8 MAI 1945,,,Plein jour,En agglomération,Hors intersection,Normale,Sans collision,,,,,,,,,,,1,2,1,1.0,7.0
201100047906,0011-10-24 13:30:00,11,10,24,13,30,930,7,QUEBEC / ROME,,,Plein jour,En agglomération,Intersection en X,Normale,Sans collision,,,,,,,,,,,1,2,2,1.0,7.0
201100047907,0011-10-24 14:00:00,11,10,24,14,0,930,7,"02, AV DANIELLE CASANOVA",,,Plein jour,En agglomération,Hors intersection,Normale,Deux véhicules - côté,,,,,,,,,,,1,2,1,1.0,3.0
201100047908,0011-10-25 16:35:00,11,10,25,16,35,930,7,R FRANCOIS GARCIA,,,Plein jour,En agglomération,Hors intersection,Pluie légère,Deux véhicules - arrière,,,,,,,,,,,1,2,1,2.0,2.0
201100047909,0011-10-31 16:45:00,11,10,31,16,45,930,7,BRIAND / ALIZARD,,,Plein jour,En agglomération,Intersection en T,Normale,Autre collision,,,,,,,,,,,1,2,3,1.0,6.0
201100047910,0011-11-02 17:45:00,11,11,2,17,45,930,7,"192, AV CHARLES FLOQUET",,,Nuit avec éclairage allumé,En agglomération,Hors intersection,Normale,Sans collision,,,,,,,,,,,5,2,1,1.0,7.0
201100047911,0011-11-05 14:25:00,11,11,5,14,25,930,7,"09, AV PAUL VAILLANT COU",,,Plein jour,En agglomération,Hors intersection,Normale,Trois véhicules et plus - collisions multiples,,,,,,,,,,,1,2,1,1.0,5.0
201100047912,0011-12-02 19:40:00,11,12,2,19,40,930,7,"14, CASANOVA (AVENUE)",,,Nuit avec éclairage non allumé,En agglomération,Hors intersection,Normale,Autre collision,,,,,,,,,,,4,2,1,1.0,6.0
201100047913,0011-12-05 09:00:00,11,12,5,9,0,930,7,CHARLES FLOQUET (AVENUE),,,Plein jour,En agglomération,Hors intersection,Normale,Deux véhicules - arrière,,,,,,,,,,,1,2,1,1.0,2.0