accident_id,datetime,annee,mois,jour,heure,minute,departement,commune_insee,adresse,latitude,longitude,luminosite,agglomeration,intersection,meteo,collision,nb_vehicules,nb_usagers,nb_indemnes,nb_tues,nb_blesses_hosp,nb_blesses_legers,age_cond_1,age_cond_2,veh_type_cond_1,veh_type_cond_2,lum_code,agg_code,int_code,atm_code,col_code
201100047914,0011-12-10 14:20:00,11,12,10,14,20,930,7,8 MAI 45 (AVENUE DU 184,,,Plein jour,En agglomération,Hors intersection,Normale,Deux véhicules - côté,,,,,,,,,,,1,2,1,1.0,3.0
201100047915,0011-12-13 19:10:00,11,12,13,19,10,930,7,COSMONAUTES (AVENUE DES),,,Nuit avec éclairage allumé,En agglomération,Hors intersection,Temps couvert,Autre collision,,,,,,,,,,,5,2,1,8.0,6.0
201100047916,0011-12-13 20:10:00,11,12,13,20,10,930,7,"25, HENRI BARBUSSE (AVEN",,,Nuit avec éclairage allumé,En agglomération,Hors intersection,Temps couvert,Autre collision,,,,,,,,,,,5,2,1,8.0,6.0
201100047917,0011-12-20 01:25:00,11,12,20,1,25,930,7,"187, ""PAUL VAILLANT COUT",,,Nuit avec éclairage allumé,En agglomération,Hors intersection,Pluie légère,Autre collision,,,,,,,,,,,5,2,1,2.0,6.0
201100047918,0011-12-26 00:10:00,11,12,26,0,10,930,7,"84, 8 MAI 45 (AVENUE DU",,,Nuit avec éclairage allumé,En agglomération,Autre intersection,Normale,Deux véhicules - arrière,,,,,,,,,,,5,2,9,1.0,2.0
201100047919,0011-12-26 18:25:00,11,12,26,18,25,930,7,QUEBEC (AVENUE DU),,,Nuit avec éclairage allumé,En agglomération,Intersection en X,Normale,Deux véhicules - côté,,,,,,,,,,,5,2,2,1.0,3.0
201100047920,0011-12-27 13:50:00,11,12,27,13,50,930,7,"6, JULIEN GRIMAU (RUE)",,,Plein jour,En agglomération,Hors intersection,Pluie légère,Autre collision,,,,,,,,,,,1,2,1,2.0,6.0
201100047921,0011-12-28 12:55:00,11,12,28,12,55,930,7,EMILE PALADHILE (RUE),,,Plein jour,En agglomération,Intersection en X,Pluie légère,Deux véhicules - côté,,,,,,,,,,,1,2,2,2.0,3.0
201100047922,0011-12-30 09:35:00,11,12,30,9,35,930,7,"2, ""JEAN JAURES (AVENUE",,,Plein jour,En agglomération,Hors intersection,Pluie légère,Autre collision,,,,,,,,,,,1,2,1,2.0,6.0
201100047923,0011-01-03 19:15:00,11,1,3,19,15,930,8,"66, AV LOUIS ARAGON",,,Nuit avec éclairage allumé,En agglomération,Hors intersection,Normale,Autre collision,,,,,,,,,,,5,2,1,1.0,6.0
201100047924,0011-01-05 09:21:00,11,1,5,9,21,930,8,"55, AV HENRI BARBUSSE",,,Plein jour,En agglomération,Hors intersection,Normale,Deux véhicules - arrière,,,,,,,,,,,1,2,1,1.0,2.0
201100047925,0011-01-10 00:25:00,11,1,10,0,25,930,8,VAILLANT COUTURIER (AVEN,,,Nuit avec éclairage allumé,Hors agglomération,Intersection en Y,Normale,Deux véhicules - arrière,,,,,,,,,,,5,1,4,1.0,2.0
201100047926,0011-01-10 08:00:00,11,1,10,8,0,930,8,R DE PARIS,,,Plein jour,En agglomération,Hors intersection,Normale,Deux véhicules - arrière,,,,,,,,,,,1,2,1,1.0,2.0
201100047927,0011-01-12 10:45:00,11,1,12,10,45,930,8,AV YOURI GAGARINE,,,Plein jour,En agglomération,Hors intersection,Pluie légère,Deux véhicules - arrière,,,,,,,,,,,1,2,1,2.0,2.0
201100047928,0011-01-09 13:50:00,11,1,9,13,50,930,8,BARBUSSE (AVENUE HENRI),,,Plein jour,En agglomération,Hors intersection,Normale,Autre collision,,,,,,,,,,,1,2,1,1.0,6.0
201100047929,0011-01-19 12:45:00,11,1,19,12,45,930,8,R JULES VALLES,,,Plein jour,En agglomération,Hors intersection,Normale,Autre collision,,,,,,,,,,,1,2,1,1.0,6.0
201100047930,0011-01-19 15:42:00,11,1,19,15,42,930,8,AV HENRI BARBUSSE,,,Plein jour,En agglomération,Hors intersection,Normale,Trois véhicules et plus - en chaîne,,,,,,,,,,,1,2,1,1.0,4.0
201100047931,0011-01-25 09:20:00,11,1,25,9,20,930,8,AV JEAN JAURES,,,Plein jour,En agglomération,Hors intersection,Normale,Deux véhicules - côté,,,,,,,,,,,1,2,1,1.0,3.0
201100047932,0011-01-26 10:00:00,11,1,26,10,0,930,8,DENISE / ROBESPIERRE,,,Plein jour,En agglomération,Intersection en X,Pluie légère,Deux véhicules - côté,,,,,,,,,,,1,2,2,2.0,3.0
201100047933,0011-01-27 14:15:00,11,1,27,14,15,930,8,"127, AV JEAN JAURES",,,Plein jour,En agglomération,Hors intersection,Normale,Sans collision,,,,,,,,,,,1,2,1,1.0,7.0
201100047934,0011-01-30 18:05:00,11,1,30,18,5,930,8,AV HENRI BARBUSSE,,,Nuit avec éclairage allumé,En agglomération,Hors intersection,Normale,Autre collision,,,,,,,,,,,5,2,1,1.0,6.0
201100047935,0011-02-01 18:05:00,11,2,1,18,5,930,8,AV YOURI GAGARINE,,,Nuit avec éclairage allumé,En agglomération,Hors intersection,Normale,Sans collision,,,,,,,,,,,5,2,1,1.0,7.0
201100047936,0011-02-07 16:00:00,11,2,7,16,0,930,8,VAILLANT COUTURIER,,,Plein jour,En agglomération,Hors intersection,Normale,Autre collision,,,,,,,,,,,1,2,1,1.0,6.0
201100047937,0011-02-19 10:55:00,11,2,19,10,55,930,8,", VARSOVIE (RUE DE)",,,Plein jour,En agglomération,Intersection en X,Pluie forte,Deux véhicules - côté,,,,,,,,,,,1,2,2,3.0,3.0
201100047938,0011-02-21 19:15:00,11,2,21,19,15,930,8,R RENE CAMIER,,,Nuit avec éclairage allumé,En agglomération,Hors intersection,Pluie légère,Autre collision,,,,,,,,,,,5,2,1,2.0,6.0
201100047939,0011-03-02 19:35:00,11,3,2,19,35,930,8,R HONORE D'ESTIENNE D'OR,,,Nuit sans éclairage public,En agglomération,Hors intersection,Normale,Autre collision,,,,,,,,,,,3,2,1,1.0,6.0
201100047940,0011-03-08 09:30:00,11,3,8,9,30,930,8,STALINGRAD / STALINGRAD,,,Plein jour,En agglomération,Giratoire,Normale,Autre collision,,,,,,,,,,,1,2,6,1.0,6.0
201100047941,0011-03-13 00:50:00,11,3,13,0,50,930,8,AV PAUL VAILLANT COUTURI,,,Nuit avec éclairage allumé,En agglomération,Hors intersection,Pluie légère,Deux véhicules - arrière,,,,,,,,,,,5,2,1,2.0,2.0
201100047942,0011-03-13 06:10:00,11,3,13,6,10,930,8,VAILLANT COUTURIER (AVEN,,,Nuit avec éclairage allumé,En agglomération,Hors intersection,Normale,Autre collision,,,,,,,,,,,5,2,1,1.0,6.0
201100047943,0011-03-14 13:15:00,11,3,14,13,15,930,8,"60, AV JEAN JAURES",,,Plein jour,En agglomération,Hors intersection,Normale,Autre collision,,,,,,,,,,,1,2,1,1.0,6.0
201100047944,0011-03-16 14:10:00,11,3,16,14,10,930,8,R BENOIT FRACHON,,,Plein jour,En agglomération,Hors intersection,Normale,Deux véhicules - côté,,,,,,,,,,,1,2,1,1.0,3.0
201100047945,0011-03-18 13:30:00,11,3,18,13,30,930,8,COUTURIER / PEUPLIERS,,,Plein jour,En agglomération,Passage à niveau,Normale,Trois véhicules et plus - collisions multiples,,,,,,,,,,,1,2,8,1.0,5.0
201100047946,0011-03-18 14:55:00,11,3,18,14,55,930,8,AV PAUL VAILLANT COUTURI,,,Plein jour,En agglomération,Hors intersection,Normale,Autre collision,,,,,,,,,,,1,2,1,1.0,6.0
201100047947,0011-03-29 15:30:00,11,3,29,15,30,930,8,R MARGUERITE YOURCENAR,,,Plein jour,En agglomération,Hors intersection,Normale,Autre collision,,,,,,,,,,,1,2,1,1.0,6.0
201100047948,0011-04-06 22:00:00,11,4,6,22,0,930,8,AV PAUL VAILLANT COUTURI,,,Nuit avec éclairage allumé,En agglomération,Hors intersection,Normale,Sans collision,,,,,,,,,,,5,2,1,1.0,7.0
201100047949,0011-04-14 16:45:00,11,4,14,16,45,930,8,SEMARD / THOREZ,,,Plein jour,En agglomération,Intersection en X,Normale,Autre collision,,,,,,,,,,,1,2,2,1.0,6.0
201100047950,0011-04-15 19:20:00,11,4,15,19,20,930,8,"362, VAILLANT COUTURIER",,,Plein jour,En agglomération,Hors intersection,Normale,Deux véhicules - côté,,,,,,,,,,,1,2,1,1.0,3.0
201100047951,0011-04-24 16:45:00,11,4,24,16,45,930,8,"11, R DE LILLE",,,Plein jour,En agglomération,Hors intersection,Normale,Autre collision,,,,,,,,,,,1,2,1,1.0,6.0
201100047952,0011-04-25 16:40:00,11,4,25,16,40,930,8,CHE LATERAL,,,Plein jour,En agglomération,Hors intersection,Temps éblouissant,Deux véhicules - arrière,,,,,,,,,,,1,2,1,7.0,2.0
201100047953,0011-05-06 21:15:00,11,5,6,21,15,930,8,VAILLANT COUTURIER,,,Nuit avec éclairage allumé,En agglomération,Hors intersection,Normale,Trois véhicules et plus - en chaîne,,,,,,,,,,,5,2,1,1.0,4.0
201100047954,0011-05-11 10:25:00,11,5,11,10,25,930,8,REPUBLIQUE / EINSTEIN,,,Plein jour,En agglomération,Intersection en T,Normale,Deux véhicules - côté,,,,,,,,,,,1,2,3,1.0,3.0
201100047955,0011-05-18 08:25:00,11,5,18,8,25,930,8,BELWO / GRAND AIR,,,Plein jour,En agglomération,Intersection en X,Normale,Deux véhicules - côté,,,,,,,,,,,1,2,2,1.0,3.0
201100047956,0011-05-20 07:40:00,11,5,20,7,40,930,8,AV PAUL VAILLANT COUTURI,,,Plein jour,En agglomération,Hors intersection,Normale,Deux véhicules - côté,,,,,,,,,,,1,2,1,1.0,3.0
201100047957,0011-05-21 00:20:00,11,5,21,0,20,930,8,ALLENDE / JAURES,,,Nuit avec éclairage allumé,En agglomération,Giratoire,Normale,Sans collision,,,,,,,,,,,5,2,6,1.0,7.0
201100047958,0011-05-31 17:40:00,11,5,31,17,40,930,8,SEMARD / POCHETTE,,,Plein jour,En agglomération,Intersection en T,Normale,Trois véhicules et plus - collisions multiples,,,,,,,,,,,1,2,3,1.0,5.0
201100047959,0011-06-03 11:45:00,11,6,3,11,45,930,8,ALLENDE / ALLENDE,,,Plein jour,En agglomération,Giratoire,Normale,Deux véhicules - côté,,,,,,,,,,,1,2,6,1.0,3.0
201100047960,0011-06-07 15:30:00,11,6,7,15,30,930,8,"308, AV DE LA CONVENTION",,,Plein jour,En agglomération,Hors intersection,Pluie forte,Deux véhicules - côté,,,,,,,,,,,1,2,1,3.0,3.0
201100047961,0011-06-17 14:55:00,11,6,17,14,55,930,8,"20, AV HENRI BARBUSSE",,,Plein jour,En agglomération,Hors intersection,Pluie légère,Autre collision,,,,,,,,,,,1,2,1,2.0,6.0
201100047962,0011-06-22 20:10:00,11,6,22,20,10,930,8,AV HENRI BARBUSSE,,,Plein jour,En agglomération,Hors intersection,Normale,Trois véhicules et plus - collisions multiples,,,,,,,,,,,1,2,1,1.0,5.0
201100047963,0011-06-29 22:40:00,11,6,29,22,40,930,8,R DE PARIS,,,Nuit avec éclairage allumé,En agglomération,Hors intersection,Normale,Sans collision,,,,,,,,,,,5,2,1,1.0,7.0
201100047964,0011-07-03 19:20:00,11,7,3,19,20,930,8,BD MAURICE THOREZ,,,Plein jour,En agglomération,Hors intersection,Normale,Autre collision,,,,,,,,,,,1,2,1,1.0,6.0
201100047965,0011-07-12 08:45:00,11,7,12,8,45,930,8,AV DE LA DIVISION LECLER,,,Plein jour,En agglomération,Hors intersection,Normale,Autre collision,,,,,,,,,,,1,2,1,1.0,6.0
201100047966,0011-07-13 12:25:00,11,7,13,12,25,930,8,BD LENINE,,,Plein jour,En agglomération,Hors intersection,Temps couvert,Deux véhicules - côté,,,,,,,,,,,1,2,1,8.0,3.0
201100047967,0011-07-21 14:00:00,11,7,21,14,0,930,8,R DE LA REPUBLIQUE,,,Plein jour,Hors agglomération,Hors intersection,Normale,Deux véhicules - côté,,,,,,,,,,,1,1,1,1.0,3.0
201100047968,0011-07-25 10:50:00,11,7,25,10,50,930,8,AV PAUL VAILLANT COUTURI,,,Plein jour,En agglomération,Hors intersection,Normale,Deux véhicules - arrière,,,,,,,,,,,1,2,1,1.0,2.0
201100047969,0011-07-27 18:50:00,11,7,27,18,50,930,8,ROSTAND (PROMENADE JEAN),,,Plein jour,En agglomération,Intersection en X,Pluie légère,Deux véhicules - côté,,,,,,,,,,,1,2,2,2.0,3.0
201100047970,0011-08-01 20:00:00,11,8,1,20,0,930,8,VAILLANT COUTURIER,,,Plein jour,En agglomération,Hors intersection,Normale,Trois véhicules et plus - en chaîne,,,,,,,,,,,1,2,1,1.0,4.0
201100047971,0011-08-16 08:00:00,11,8,16,8,0,930,8,COUTURIER / D'ORVES,,,Plein jour,En agglomération,Intersection en T,Normale,Deux véhicules - côté,,,,,,,,,,,1,2,3,1.0,3.0
201100047972,0011-08-22 22:15:00,11,8,22,22,15,930,8,AV EDOUARD VAILLANT,,,Nuit avec éclairage allumé,En agglomération,Hors intersection,Normale,Autre collision,,,,,,,,,,,5,2,1,1.0,6.0
201100047973,0011-08-27 13:00:00,11,8,27,13,0,930,8,PL NORMANDIE NIEMEN,,,Plein jour,En agglomération,Giratoire,Temps couvert,Deux véhicules - arrière,,,,,,,,,,,1,2,6,8.0,2.0
201100047974,0011-09-05 07:45:00,11,9,5,7,45,930,8,AV PAUL VAILLANT COUTURI,,,Plein jour,En agglomération,Hors intersection,Pluie légère,Deux véhicules - arrière,,,,,,,,,,,1,2,1,2.0,2.0
201100047975,0011-09-05 11:30:00,11,9,5,11,30,930,8,AV DU PRESIDENT SALVADOR,,,Plein jour,En agglomération,Hors intersection,Normale,Autre collision,,,,,,,,,,,1,2,1,1.0,6.0
201100047976,0011-09-08 16:50:00,11,9,8,16,50,930,8,AV PIERRE SEMARD,,,Plein jour,En agglomération,Hors intersection,Temps couvert,Autre collision,,,,,,,,,,,1,2,1,8.0,6.0
201100047977,0011-09-10 14:20:00,11,9,10,14,20,930,8,R DE LA REPUBLIQUE,,,Plein jour,En agglomération,Hors intersection,Normale,Deux véhicules - arrière,,,,,,,,,,,1,2,1,1.0,2.0
201100047978,0011-09-11 00:01:00,11,9,11,0,1,930,8,AV DU PRESIDENT SALVADOR,,,Nuit avec éclairage allumé,En agglomération,Hors intersection,Normale,Deux véhicules - arrière,,,,,,,,,,,5,2,1,1.0,2.0
201100047979,0011-09-11 17:45:00,11,9,11,17,45,930,8,AV PAUL VAILLANT COUTURI,,,Plein jour,En agglomération,Hors intersection,Normale,Sans collision,,,,,,,,,,,1,2,1,1.0,7.0
201100047980,0011-09-11 16:40:00,11,9,11,16,40,930,8,"70, AV HENRI BARBUSSE",,,Plein jour,En agglomération,Hors intersection,Normale,Deux véhicules - arrière,,,,,,,,,,,1,2,1,1.0,2.0
201100047981,0011-09-20 06:55:00,11,9,20,6,55,930,8,PROM JEAN ROSTAND,,,Crépuscule ou aube,En agglomération,Giratoire,Temps couvert,Sans collision,,,,,,,,,,,2,2,6,8.0,7.0
201100047982,0011-09-22 12:55:00,11,9,22,12,55,930,8,"21, R RACINE",,,Plein jour,En agglomération,Hors intersection,Normale,Autre collision,,,,,,,,,,,1,2,1,1.0,6.0
201100047983,0011-09-23 17:40:00,11,9,23,17,40,930,8,DIDEROT / RENARD,,,Plein jour,En agglomération,Intersection en T,Normale,Deux véhicules - frontale,,,,,,,,,,,1,2,3,1.0,1.0
201100047984,0011-09-24 10:00:00,11,9,24,10,0,930,8,"9, R DE VARSOVIE",,,Plein jour,En agglomération,Hors intersection,Normale,Autre collision,,,,,,,,,,,1,2,1,1.0,6.0
201100047985,0011-09-24 18:40:00,11,9,24,18,40,930,8,AV DE LA DIVISION LECLER,,,Plein jour,En agglomération,Hors intersection,Normale,Deux véhicules - côté,,,,,,,,,,,1,2,1,1.0,3.0
201100047986,0011-09-29 20:15:00,11,9,29,20,15,930,8,AV PAUL VAILLANT COUTURI,,,Nuit avec éclairage allumé,En agglomération,Hors intersection,Normale,Deux véhicules - côté,,,,,,,,,,,5,2,1,1.0,3.0
201100047987,0011-10-01 06:15:00,11,10,1,6,15,930,8,AV HENRI BARBUSSE,,,Crépuscule ou aube,En agglomération,Hors intersection,Normale,Autre collision,,,,,,,,,,,2,2,1,1.0,6.0
201100047988,0011-10-01 07:33:00,11,10,1,7,33,930,8,ALLENDE / LENINE,,,Crépuscule ou aube,Hors agglomération,Intersection en X,Normale,Deux véhicules - côté,,,,,,,,,,,2,1,2,1.0,3.0
201100047989,0011-10-03 13:45:00,11,10,3,13,45,930,8,R HECTOR BERLIOZ,,,Plein jour,En agglomération,Hors intersection,Normale,Autre collision,,,,,,,,,,,1,2,1,1.0,6.0
201100047990,0011-10-04 00:30:00,11,10,4,0,30,930,8,COUTURIER / D'ORVES,,,Nuit avec éclairage allumé,En agglomération,Intersection en T,Normale,Deux véhicules - côté,,,,,,,,,,,5,2,3,1.0,3.0
201100047991,0011-10-05 08:00:00,11,10,5,8,0,930,8,COUTURIER / GAGARINE,,,Plein jour,En agglomération,Giratoire,Normale,Deux véhicules - côté,,,,,,,,,,,1,2,6,1.0,3.0
201100047992,0011-10-10 18:30:00,11,10,10,18,30,930,8,R RENE CAMIER,,,Plein jour,En agglomération,Hors intersection,Normale,Autre collision,,,,,,,,,,,1,2,1,1.0,6.0
201100047993,0011-10-14 10:30:00,11,10,14,10,30,930,8,JAURES / 1945,,,Plein jour,En agglomération,Intersection en X,Normale,Trois véhicules et plus - en chaîne,,,,,,,,,,,1,2,2,1.0,4.0
201100047994,0011-10-15 15:10:00,11,10,15,15,10,930,8,AV HENRI BARBUSSE,,,Plein jour,En agglomération,Hors intersection,Normale,Deux véhicules - arrière,,,,,,,,,,,1,2,1,1.0,2.0
201100047995,0011-10-21 18:00:00,11,10,21,18,0,930,8,STALINGRAD / STALINGRAD,,,Crépuscule ou aube,En agglomération,Giratoire,Normale,Autre collision,,,,,,,,,,,2,2,6,1.0,6.0
201100047996,0011-11-02 18:00:00,11,11,2,18,0,930,8,GREGOIRE / STALINGRAD,,,Nuit avec éclairage allumé,En agglomération,Giratoire,Normale,Deux véhicules - côté,,,,,,,,,,,5,2,6,1.0,3.0
201100047997,0011-11-11 15:00:00,11,11,11,15,0,930,8,"68, CHE DE LA MADELEINE",,,Plein jour,En agglomération,Hors intersection,Normale,Deux véhicules - côté,,,,,,,,,,,1,2,1,1.0,3.0
201100047998,0011-11-14 18:35:00,11,11,14,18,35,930,8,AV YOURI GAGARINE,,,Nuit avec éclairage allumé,En agglomération,Hors intersection,Normale,Autre collision,,,,,,,,,,,5,2,1,1.0,6.0
201100047999,0011-11-15 15:25:00,11,11,15,15,25,930,8,ROND POINT REPIQUET,,,Plein jour,Hors agglomération,Giratoire,Normale,Autre collision,,,,,,,,,,,1,1,6,1.0,6.0
201100048000,0011-11-24 06:40:00,11,11,24,6,40,930,8,COUTURIER / SATIE,,,Nuit avec éclairage allumé,En agglomération,Hors intersection,Normale,Deux véhicules - arrière,,,,,,,,,,,5,2,1,1.0,2.0
201100048001,0011-11-29 17:10:00,11,11,29,17,10,930,8,GROSLAY (CHEMIN DE) D20,,,Crépuscule ou aube,En agglomération,Intersection en X,Normale,Deux véhicules - côté,,,,,,,,,,,2,2,2,1.0,3.0
201100048002,0011-12-02 15:00:00,11,12,2,15,0,930,8,DIVISION LECLERC (AVENUE,,,Plein jour,En agglomération,Intersection en T,Normale,Autre collision,,,,,,,,,,,1,2,3,1.0,6.0
201100048003,0011-12-06 15:30:00,11,12,6,15,30,930,8,GAGARINE (AVENUE YOURI),,,Plein jour,En agglomération,Hors intersection,Pluie forte,Deux véhicules - côté,,,,,,,,,,,1,2,1,3.0,3.0
201100048004,0011-12-09 14:55:00,11,12,9,14,55,930,8,"51, ARAGON (AVENUE LOUIS",,,Plein jour,En agglomération,Hors intersection,Temps couvert,Deux véhicules - côté,,,,,,,,,,,1,2,1,8.0,3.0
201100048005,0011-12-09 19:15:00,11,12,9,19,15,930,8,"38, MOSCOU (RUE DE)",,,Nuit avec éclairage allumé,En agglomération,Hors intersection,Normale,Deux véhicules - côté,,,,,,,,,,,5,2,1,1.0,3.0
201100048006,0011-12-14 22:55:00,11,12,14,22,55,930,8,VAILLANT COUTURIER (AVEN,,,Nuit avec éclairage allumé,En agglomération,Hors intersection,Normale,Deux véhicules - côté,,,,,,,,,,,5,2,1,1.0,3.0
201100048007,0011-12-16 11:20:00,11,12,16,11,20,930,8,"165, BARBUSSE (AVENUE HE",,,Plein jour,En agglomération,Hors intersection,Pluie forte,Deux véhicules - côté,,,,,,,,,,,1,2,1,3.0,3.0
201100048008,0011-12-18 22:25:00,11,12,18,22,25,930,8,"6, AMICALE (RUE DE L')",,,Nuit avec éclairage allumé,En agglomération,Intersection en Y,Pluie légère,Autre collision,,,,,,,,,,,5,2,4,2.0,6.0
201100048009,0011-12-25 21:45:00,11,12,25,21,45,930,8,", LEBRUN (RUE DU LIEUTEN",,,Nuit avec éclairage allumé,En agglomération,Autre intersection,Normale,Deux véhicules - côté,,,,,,,,,,,5,2,9,1.0,3.0
201100048010,0011-12-26 16:02:00,11,12,26,16,2,930,8,MADELEINE (CHEMIN DE LA),,,Plein jour,En agglomération,Intersection en T,Normale,Deux véhicules - côté,,,,,,,,,,,1,2,3,1.0,3.0
201100048011,0011-12-28 21:00:00,11,12,28,21,0,930,8,ROND POINT REPIQUET,,,Nuit avec éclairage allumé,En agglomération,Giratoire,Normale,Deux véhicules - côté,,,,,,,,,,,5,2,6,1.0,3.0
201100048012,0011-12-30 05:45:00,11,12,30,5,45,930,8,"33, VAILLANT (AVENUE EDO",,,Nuit avec éclairage allumé,En agglomération,Hors intersection,Pluie légère,Deux véhicules - arrière,,,,,,,,,,,5,2,1,2.0,2.0
201100048013,0011-01-03 08:45:00,11,1,3,8,45,930,10,AV DU 14 JUILLET,,,Plein jour,En agglomération,Hors intersection,Temps couvert,Sans collision,,,,,,,,,,,1,2,1,8.0,7.0
201100048014,0011-01-04 14:40:00,11,1,4,14,40,930,10,POLISSARD / THOREL,,,Plein jour,En agglomération,Intersection en T,Normale,Deux véhicules - côté,,,,,,,,,,,1,2,3,1.0,3.0
201100048015,0011-01-05 08:20:00,11,1,5,8,20,930,10,"137, AV GALLIENI",,,Plein jour,En agglomération,Hors intersection,Normale,Sans collision,,,,,,,,,,,1,2,1,1.0,7.0
201100048016,0011-01-09 20:55:00,11,1,9,20,55,930,10,"9, R DU POTAGER",,,Nuit avec éclairage allumé,En agglomération,Hors intersection,Normale,Autre collision,,,,,,,,,,,5,2,1,1.0,6.0
201100048017,0011-01-25 15:00:00,11,1,25,15,0,930,10,JUILLET / ZOLA,,,Plein jour,En agglomération,Intersection en T,Pluie légère,Deux véhicules - côté,,,,,,,,,,,1,2,3,2.0,3.0
201100048018,0011-01-29 03:10:00,11,1,29,3,10,930,57,BRIAND (AV. ARISTIDE) 21,,,Nuit avec éclairage allumé,En agglomération,Intersection à plus de 4 branches,Normale,Deux véhicules - côté,,,,,,,,,,,5,2,5,1.0,3.0
201100048019,0011-01-30 14:45:00,11,1,30,14,45,930,10,AV LEON BLUM,,,Plein jour,En agglomération,Hors intersection,Normale,Sans collision,,,,,,,,,,,1,2,1,1.0,7.0
201100048020,0011-02-01 20:20:00,11,2,1,20,20,930,10,VILLEMOMBLE / VARSOVIE,,,Nuit avec éclairage allumé,En agglomération,Intersection en Y,Normale,Autre collision,,,,,,,,,,,5,2,4,1.0,6.0
201100048021,0011-02-04 20:15:00,11,2,4,20,15,930,10,CHE DE GROSLAY,,,Nuit avec éclairage allumé,En agglomération,Hors intersection,Normale,Trois véhicules et plus - collisions multiples,,,,,,,,,,,5,2,1,1.0,5.0
201100048022,0011-02-07 08:20:00,11,2,7,8,20,930,10,BARBUSSE / JUSSIEU,,,Plein jour,En agglomération,Intersection en T,Normale,Deux véhicules - côté,,,,,,,,,,,1,2,3,1.0,3.0
201100048023,0011-02-22 16:50:00,11,2,22,16,50,930,57,AV ARISTIDE BRIAND,,,Plein jour,En agglomération,Hors intersection,Normale,Deux véhicules - arrière,,,,,,,,,,,1,2,1,1.0,2.0
201100048024,0011-03-01 07:40:00,11,3,1,7,40,930,10,GALLIENI / POLISSARD,,,Plein jour,En agglomération,Intersection en X,Normale,Deux véhicules - côté,,,,,,,,,,,1,2,2,1.0,3.0
201100048025,0011-03-01 16:30:00,11,3,1,16,30,930,10,D'AULNAY / MARTIN,,,Plein jour,En agglomération,Intersection en T,Normale,Deux véhicules - côté,,,,,,,,,,,1,2,3,1.0,3.0
201100048026,0011-03-03 18:50:00,11,3,3,18,50,930,10,ROSNY / BAUDIN,,,Nuit avec éclairage allumé,En agglomération,Intersection en X,Normale,Deux véhicules - côté,,,,,,,,,,,5,2,2,1.0,3.0
201100048027,0011-03-04 19:40:00,11,3,4,19,40,930,57,MONTHYON / D'AULNAY,,,Nuit avec éclairage allumé,En agglomération,Intersection en Y,Normale,Deux véhicules - côté,,,,,,,,,,,5,2,4,1.0,3.0
201100048028,0011-03-06 08:40:00,11,3,6,8,40,930,10,"205, AV GALLIENI",,,Plein jour,En agglomération,Hors intersection,Normale,Autre collision,,,,,,,,,,,1,2,1,1.0,6.0
201100048029,0011-03-06 16:05:00,11,3,6,16,5,930,57,"8, ALL DEPARCIEUX",,,Plein jour,En agglomération,Hors intersection,Normale,Deux véhicules - arrière,,,,,,,,,,,1,2,1,1.0,2.0
201100048030,0011-03-07 14:00:00,11,3,7,14,0,930,10,GALLIENI / PASTEUR,,,Plein jour,En agglomération,Intersection en T,Autre,Deux véhicules - côté,,,,,,,,,,,1,2,3,9.0,3.0
201100048031,0011-03-17 06:40:00,11,3,17,6,40,930,10,AV GALLIENI,,,Crépuscule ou aube,En agglomération,Hors intersection,Temps couvert,Deux véhicules - arrière,,,,,,,,,,,2,2,1,8.0,2.0
201100048032,0011-03-26 13:30:00,11,3,26,13,30,930,10,BONDY / STAINS,,,Plein jour,En agglomération,Intersection en X,Normale,Trois véhicules et plus - collisions multiples,,,,,,,,,,,1,2,2,1.0,5.0
201100048033,0011-03-26 13:55:00,11,3,26,13,55,930,10,GALLIENI / GUESDE,,,Plein jour,En agglomération,Intersection en Y,Normale,Trois véhicules et plus - collisions multiples,,,,,,,,,,,1,2,4,1.0,5.0
201100048034,0011-03-26 22:00:00,11,3,26,22,0,930,10,BARBUSSE / TREMEUGE,,,Nuit avec éclairage allumé,En agglomération,Intersection en T,Pluie légère,Deux véhicules - côté,,,,,,,,,,,5,2,3,2.0,3.0
201100048035,0011-04-02 13:15:00,11,4,2,13,15,930,57,"34, ALL DE MONTHYON",,,Plein jour,En agglomération,Hors intersection,Normale,Deux véhicules - arrière,,,,,,,,,,,1,2,1,1.0,2.0
201100048036,0011-04-09 08:30:00,11,4,9,8,30,930,10,"214, AV GALLIENI",,,Plein jour,En agglomération,Hors intersection,Normale,Trois véhicules et plus - collisions multiples,,,,,,,,,,,1,2,1,1.0,5.0
201100048037,0011-04-14 09:50:00,11,4,14,9,50,930,57,RENDEZ VOUS / PARC,,,Plein jour,En agglomération,Intersection en T,Normale,Autre collision,,,,,,,,,,,1,2,3,1.0,6.0
201100048038,0011-04-17 15:15:00,11,4,17,15,15,930,10,BARBUSSE / ALPY,,,Plein jour,En agglomération,Intersection en T,Normale,Deux véhicules - côté,,,,,,,,,,,1,2,3,1.0,3.0
201100048039,0011-04-18 18:05:00,11,4,18,18,5,930,10,"1, AV GALLIENI",,,Plein jour,En agglomération,Hors intersection,Normale,Trois véhicules et plus - en chaîne,,,,,,,,,,,1,2,1,1.0,4.0
201100048040,0011-04-30 14:35:00,11,4,30,14,35,930,10,"1, AV SUZANNE BUISSON",,,Plein jour,En agglomération,Hors intersection,Normale,Sans collision,,,,,,,,,,,1,2,1,1.0,7.0
201100048041,0011-04-30 16:50:00,11,4,30,16,50,930,10,"1, AV DU 14 JUILLET",,,Plein jour,En agglomération,Hors intersection,Normale,Deux véhicules - frontale,,,,,,,,,,,1,2,1,1.0,1.0