accident_id,datetime,annee,mois,jour,heure,minute,departement,commune_insee,adresse,latitude,longitude,luminosite,agglomeration,intersection,meteo,collision,nb_vehicules,nb_usagers,nb_indemnes,nb_tues,nb_blesses_hosp,nb_blesses_legers,age_cond_1,age_cond_2,veh_type_cond_1,veh_type_cond_2,lum_code,agg_code,int_code,atm_code,col_code
201100048172,0011-08-16 09:20:00,11,8,16,9,20,930,47,CHARMILLES / MYOSOTIS,,,Plein jour,En agglomération,Intersection en X,Normale,Deux véhicules - côté,,,,,,,,,,,1,2,2,1.0,3.0
201100048173,0011-08-17 11:35:00,11,8,17,11,35,930,14,MONTFERMEIL / CASTILLON,,,Plein jour,En agglomération,Intersection en X,Normale,Autre collision,,,,,,,,,,,1,2,2,1.0,6.0
201100048174,0011-08-20 14:40:00,11,8,20,14,40,930,14,MOULIN / ZOLA,,,Plein jour,En agglomération,Intersection en X,Normale,Deux véhicules - arrière,,,,,,,,,,,1,2,2,1.0,2.0
201100048175,0011-08-26 19:00:00,11,8,26,19,0,930,47,MESANGES / ROGER,,,Plein jour,En agglomération,Intersection en T,Temps couvert,Sans collision,,,,,,,,,,,1,2,3,8.0,7.0
201100048176,0011-08-29 22:20:00,11,8,29,22,20,930,47,BD HARDY,,,Nuit avec éclairage allumé,En agglomération,Hors intersection,Normale,Sans collision,,,,,,,,,,,5,2,1,1.0,7.0
201100048177,0011-09-05 14:00:00,11,9,5,14,0,930,47,MUGUET / COSSONNEAU,,,Plein jour,En agglomération,Intersection en X,Normale,Deux véhicules - côté,,,,,,,,,,,1,2,2,1.0,3.0
201100048178,0011-09-11 16:25:00,11,9,11,16,25,930,14,"21, AV DE SEVIGNE",,,Plein jour,En agglomération,Hors intersection,Pluie forte,Sans collision,,,,,,,,,,,1,2,1,3.0,7.0
201100048179,0011-09-13 18:50:00,11,9,13,18,50,930,14,"8, ALL SAINT-EXUPERY",,,Plein jour,En agglomération,Hors intersection,Normale,Autre collision,,,,,,,,,,,1,2,1,1.0,6.0
201100048180,0011-09-25 11:00:00,11,9,25,11,0,930,47,"134, AV EMILE COSSONNEAU",,,Plein jour,En agglomération,Hors intersection,Normale,Sans collision,,,,,,,,,,,1,2,1,1.0,7.0
201100048181,0011-09-27 12:10:00,11,9,27,12,10,930,14,GAGNY / JAURES,,,Plein jour,En agglomération,Intersection à plus de 4 branches,Normale,Autre collision,,,,,,,,,,,1,2,5,1.0,6.0
201100048182,0011-10-03 16:50:00,11,10,3,16,50,930,47,AV JEAN JAURES,,,Plein jour,Hors agglomération,Hors intersection,Normale,Autre collision,,,,,,,,,,,1,1,1,1.0,6.0
201100048183,0011-10-04 05:05:00,11,10,4,5,5,930,14,GAGNY / TOURELLE,,,Nuit avec éclairage allumé,En agglomération,Intersection en X,Normale,Sans collision,,,,,,,,,,,5,2,2,1.0,7.0
201100048184,0011-10-04 18:30:00,11,10,4,18,30,930,47,AV DES CHEVREFEUILLES,,,Plein jour,En agglomération,Hors intersection,Normale,Deux véhicules - côté,,,,,,,,,,,1,2,1,1.0,3.0
201100048185,0011-10-04 20:00:00,11,10,4,20,0,930,14,GAGARINE / VEDRINES,,,Nuit avec éclairage allumé,En agglomération,Intersection en T,Normale,Autre collision,,,,,,,,,,,5,2,3,1.0,6.0
201100048186,0011-10-07 10:10:00,11,10,7,10,10,930,47,JEU D'ARC / BERT,,,Plein jour,En agglomération,Intersection en X,Normale,Deux véhicules - côté,,,,,,,,,,,1,2,2,1.0,3.0
201100048187,0011-10-09 19:30:00,11,10,9,19,30,930,14,AV DE SEVIGNE,,,Nuit avec éclairage allumé,En agglomération,Hors intersection,Normale,Autre collision,,,,,,,,,,,5,2,1,1.0,6.0
201100048188,0011-10-13 18:00:00,11,10,13,18,0,930,47,MYOSOTIS / CHARMILLES,,,Crépuscule ou aube,En agglomération,Intersection en X,Normale,Deux véhicules - côté,,,,,,,,,,,2,2,2,1.0,3.0
201100048189,0011-10-14 06:15:00,11,10,14,6,15,930,47,DE GAULLE / PERDRIGE,,,Crépuscule ou aube,En agglomération,Intersection en T,Normale,Deux véhicules - côté,,,,,,,,,,,2,2,3,1.0,3.0
201100048190,0011-11-04 20:50:00,11,11,4,20,50,930,47,BARGUE / CLICHY-SOUS-BOI,,,Nuit avec éclairage allumé,En agglomération,Intersection en T,Normale,Trois véhicules et plus - en chaîne,,,,,,,,,,,5,2,3,1.0,4.0
201100048191,0011-11-07 09:35:00,11,11,7,9,35,930,47,R DU GENERAL LECLERC,,,Plein jour,En agglomération,Hors intersection,Temps couvert,Autre collision,,,,,,,,,,,1,2,1,8.0,6.0
201100048192,0011-11-15 16:20:00,11,11,15,16,20,930,47,COUBRON (RUE DE ),,,Plein jour,En agglomération,Intersection en T,Normale,Deux véhicules - frontale,,,,,,,,,,,1,2,3,1.0,1.0
201100048193,0011-11-19 12:00:00,11,11,19,12,0,930,14,ALL JULES RENARD,,,Plein jour,En agglomération,Hors intersection,Normale,Autre collision,,,,,,,,,,,1,2,1,1.0,6.0
201100048194,0011-11-27 11:40:00,11,11,27,11,40,930,14,AUDIN / LINDET,,,Plein jour,En agglomération,Intersection en X,Normale,Deux véhicules - côté,,,,,,,,,,,1,2,2,1.0,3.0
201100048195,0011-12-05 07:55:00,11,12,5,7,55,930,14,POSTES (CHEMIN DES),,,Plein jour,En agglomération,Hors intersection,Normale,Autre collision,,,,,,,,,,,1,2,1,1.0,6.0
201100048196,0011-12-06 20:30:00,11,12,6,20,30,930,14,MONTFERMEIL (ALLEE DE),,,Nuit avec éclairage allumé,En agglomération,Hors intersection,Pluie forte,Deux véhicules - côté,,,,,,,,,,,5,2,1,3.0,3.0
201100048197,0011-12-15 06:45:00,11,12,15,6,45,930,47,"99, SCIENCES   (AVENUE D",,,Nuit avec éclairage allumé,En agglomération,Intersection en T,Normale,Trois véhicules et plus - collisions multiples,,,,,,,,,,,5,2,3,1.0,5.0
201100048198,0011-12-16 07:50:00,11,12,16,7,50,930,14,SEVIGNE (AVENUE DE),,,Nuit avec éclairage allumé,En agglomération,Intersection en X,Pluie forte,Autre collision,,,,,,,,,,,5,2,2,3.0,6.0
201100048199,0011-12-17 13:10:00,11,12,17,13,10,930,47,"59, CHEVREFEUILLES  (AVE",,,Plein jour,En agglomération,Hors intersection,Normale,Deux véhicules - côté,,,,,,,,,,,1,2,1,1.0,3.0
201100048200,0011-01-05 12:37:00,11,1,5,12,37,930,27,SAINT-DENIS / SALENGRO,,,Plein jour,En agglomération,Giratoire,Normale,Deux véhicules - côté,,,,,,,,,,,1,2,6,1.0,3.0
201100048201,0011-01-12 18:15:00,11,1,12,18,15,930,27,SALENGRO / CONVENTION,,,Nuit avec éclairage allumé,En agglomération,Giratoire,Pluie légère,Autre collision,,,,,,,,,,,5,2,6,2.0,6.0
201100048202,0011-01-15 20:00:00,11,1,15,20,0,930,27,"4, AV PAUL VAILLANT COUT",,,Nuit avec éclairage allumé,En agglomération,Hors intersection,Normale,Deux véhicules - côté,,,,,,,,,,,5,2,1,1.0,3.0
201100048203,0011-01-19 19:15:00,11,1,19,19,15,930,30,CROIZAT / MARS 1962,,,Nuit sans éclairage public,En agglomération,Intersection en T,Normale,Deux véhicules - côté,,,,,,,,,,,3,2,3,1.0,3.0
201100048204,0011-01-24 19:32:00,11,1,24,19,32,930,27,"48 ter, R EDGAR QUINET",,,Nuit avec éclairage allumé,En agglomération,Hors intersection,Normale,Deux véhicules - côté,,,,,,,,,,,5,2,1,1.0,3.0
201100048205,0011-01-28 09:01:00,11,1,28,9,1,930,27,"141, R RATEAU",,,Plein jour,En agglomération,Hors intersection,Normale,Autre collision,,,,,,,,,,,1,2,1,1.0,6.0
201100048206,0011-01-29 15:10:00,11,1,29,15,10,930,27,AV PAUL VAILLANT COUTURI,,,Plein jour,En agglomération,Hors intersection,Normale,Autre collision,,,,,,,,,,,1,2,1,1.0,6.0
201100048207,0011-02-04 14:30:00,11,2,4,14,30,930,30,LECLERC DE HAUTECLOQUE,,,Plein jour,En agglomération,Hors intersection,Normale,Deux véhicules - arrière,,,,,,,,,,,1,2,1,1.0,2.0
201100048208,0011-02-05 13:00:00,11,2,5,13,0,930,27,R DE SAINT-DENIS,,,Plein jour,En agglomération,Hors intersection,Normale,Autre collision,,,,,,,,,,,1,2,1,1.0,6.0
201100048209,0011-02-07 12:05:00,11,2,7,12,5,930,27,HUGO / PASTEUR,,,Plein jour,En agglomération,Intersection en T,Normale,Autre collision,,,,,,,,,,,1,2,3,1.0,6.0
201100048210,0011-02-09 16:00:00,11,2,9,16,0,930,27,R EDGAR QUINET,,,Plein jour,En agglomération,Hors intersection,Normale,Deux véhicules - côté,,,,,,,,,,,1,2,1,1.0,3.0
201100048211,0011-02-14 19:55:00,11,2,14,19,55,930,27,AV DU GENERAL LECLERC,,,Nuit avec éclairage allumé,En agglomération,Hors intersection,Normale,Autre collision,,,,,,,,,,,5,2,1,1.0,6.0
201100048212,0011-02-16 15:50:00,11,2,16,15,50,930,30,LARIVIERE / HENNIAUX,,,Plein jour,En agglomération,Intersection en T,Normale,Deux véhicules - côté,,,,,,,,,,,1,2,3,1.0,3.0
201100048213,0011-02-16 18:30:00,11,2,16,18,30,930,27,AV WALDECK ROCHET,,,Crépuscule ou aube,En agglomération,Hors intersection,Normale,Sans collision,,,,,,,,,,,2,2,1,1.0,7.0
201100048214,0011-02-20 09:42:00,11,2,20,9,42,930,13,JAURES (AVENUE JEAN) DE,,,Plein jour,En agglomération,Intersection en T,Normale,Autre collision,,,,,,,,,,,1,2,3,1.0,6.0
201100048215,0011-02-25 12:00:00,11,2,25,12,0,930,13,AV DE LA DIVISION LECLER,,,Plein jour,En agglomération,Hors intersection,Normale,Autre collision,,,,,,,,,,,1,2,1,1.0,6.0
201100048216,0011-03-10 14:25:00,11,3,10,14,25,930,13,"4, AV ELISE DEROCHE",,,Plein jour,En agglomération,Hors intersection,Normale,Autre collision,,,,,,,,,,,1,2,1,1.0,6.0
201100048217,0011-03-11 16:05:00,11,3,11,16,5,930,27,AV JEAN MERMOZ,,,Plein jour,En agglomération,Hors intersection,Normale,Autre collision,,,,,,,,,,,1,2,1,1.0,6.0
201100048218,0011-03-13 18:20:00,11,3,13,18,20,930,27,"20, AV ROGER SALENGRO",,,Plein jour,En agglomération,Hors intersection,Normale,Autre collision,,,,,,,,,,,1,2,1,1.0,6.0
201100048219,0011-03-15 18:40:00,11,3,15,18,40,930,13,JAURES / MIREILLE,,,Plein jour,En agglomération,Intersection en X,Normale,Deux véhicules - arrière,,,,,,,,,,,1,2,2,1.0,2.0
201100048220,0011-03-17 23:10:00,11,3,17,23,10,930,27,GENEVE / VALMY,,,Nuit avec éclairage allumé,En agglomération,Intersection en X,Pluie légère,Deux véhicules - côté,,,,,,,,,,,5,2,2,2.0,3.0
201100048221,0011-03-21 12:10:00,11,3,21,12,10,930,27,PASTEUR / JOLLOIS,,,Plein jour,En agglomération,Intersection en X,Normale,Trois véhicules et plus - collisions multiples,,,,,,,,,,,1,2,2,1.0,5.0
201100048222,0011-03-24 19:05:00,11,3,24,19,5,930,27,JAURES / 8 MAI 1945,,,Plein jour,En agglomération,Giratoire,Normale,Autre collision,,,,,,,,,,,1,2,6,1.0,6.0
201100048223,0011-03-27 20:30:00,11,3,27,20,30,930,30,BARBUSSE / LARIVIERE,,,Nuit avec éclairage allumé,En agglomération,Intersection en X,Normale,Deux véhicules - côté,,,,,,,,,,,5,2,2,1.0,3.0
201100048224,0011-03-28 17:00:00,11,3,28,17,0,930,13,LECLERC / ROLLAND,,,Plein jour,En agglomération,Intersection en X,Normale,Autre collision,,,,,,,,,,,1,2,2,1.0,6.0
201100048225,0011-03-29 20:45:00,11,3,29,20,45,930,27,AV ROGER SALENGRO,,,Nuit avec éclairage non allumé,En agglomération,Hors intersection,Pluie légère,Sans collision,,,,,,,,,,,4,2,1,2.0,7.0
201100048226,0011-03-29 21:45:00,11,3,29,21,45,930,27,VALMY / GENEVE,,,Nuit avec éclairage allumé,En agglomération,Intersection en X,Pluie légère,Deux véhicules - frontale,,,,,,,,,,,5,2,2,2.0,1.0
201100048227,0011-03-30 18:50:00,11,3,30,18,50,930,27,CONVENTION / CACHIN,,,Plein jour,En agglomération,Intersection en Y,Pluie légère,Deux véhicules - côté,,,,,,,,,,,1,2,4,2.0,3.0
201100048228,0011-03-30 18:15:00,11,3,30,18,15,930,30,LECLERC DE HAUTECLOQUE,,,Plein jour,En agglomération,Hors intersection,Pluie légère,Deux véhicules - côté,,,,,,,,,,,1,2,1,2.0,3.0
201100048229,0011-04-06 14:43:00,11,4,6,14,43,930,27,COUTURIER / TIMBAUD,,,Plein jour,En agglomération,Intersection en X,Normale,Deux véhicules - côté,,,,,,,,,,,1,2,2,1.0,3.0
201100048230,0011-04-07 11:45:00,11,4,7,11,45,930,27,AV MARCEL CACHIN,,,Plein jour,En agglomération,Hors intersection,Normale,Autre collision,,,,,,,,,,,1,2,1,1.0,6.0
201100048231,0011-04-08 13:15:00,11,4,8,13,15,930,27,R DU CHEVALIER DE LA BAR,,,Plein jour,En agglomération,Hors intersection,Normale,Autre collision,,,,,,,,,,,1,2,1,1.0,6.0
201100048232,0011-04-10 23:00:00,11,4,10,23,0,930,27,COUTURIER / RATEAU,,,Nuit avec éclairage allumé,En agglomération,Intersection en X,Normale,Deux véhicules - côté,,,,,,,,,,,5,2,2,1.0,3.0
201100048233,0011-04-11 12:50:00,11,4,11,12,50,930,27,R ALBERT DULUDET,,,Plein jour,En agglomération,Hors intersection,Normale,Deux véhicules - côté,,,,,,,,,,,1,2,1,1.0,3.0
201100048234,0011-04-01 17:40:00,11,4,1,17,40,930,27,LENINE / LACHATRE,,,Plein jour,En agglomération,Intersection en X,Normale,Deux véhicules - côté,,,,,,,,,,,1,2,2,1.0,3.0
201100048235,0011-04-17 20:00:00,11,4,17,20,0,930,30,"11 BIS, AV LOUIS LARIVIE",,,Plein jour,En agglomération,Hors intersection,Normale,Deux véhicules - côté,,,,,,,,,,,1,2,1,1.0,3.0
201100048236,0011-04-19 07:00:00,11,4,19,7,0,930,27,"6BIS, AV PAUL VAILLANT C",,,Plein jour,En agglomération,Hors intersection,Normale,Deux véhicules - arrière,,,,,,,,,,,1,2,1,1.0,2.0
201100048237,0011-04-19 17:00:00,11,4,19,17,0,930,27,R DE CREVECOEUR,,,Plein jour,En agglomération,Hors intersection,Normale,Autre collision,,,,,,,,,,,1,2,1,1.0,6.0
201100048238,0011-04-28 16:51:00,11,4,28,16,51,930,13,"4, R EDOUARD VAILLANT",,,Plein jour,En agglomération,Hors intersection,Pluie légère,Autre collision,,,,,,,,,,,1,2,1,2.0,6.0
201100048239,0011-05-04 14:45:00,11,5,4,14,45,930,27,R CHRISTINO GARCIA,,,Plein jour,En agglomération,Hors intersection,Normale,Autre collision,,,,,,,,,,,1,2,1,1.0,6.0
201100048240,0011-05-06 08:05:00,11,5,6,8,5,930,27,R DE LA CONVENTION,,,Plein jour,En agglomération,Hors intersection,Normale,Autre collision,,,,,,,,,,,1,2,1,1.0,6.0
201100048241,0011-05-09 13:10:00,11,5,9,13,10,930,27,AV DU GENERAL LECLERC,,,Plein jour,En agglomération,Hors intersection,Normale,Deux véhicules - côté,,,,,,,,,,,1,2,1,1.0,3.0
201100048242,0011-05-10 13:25:00,11,5,10,13,25,930,27,VAILLANT-COUTURIER (AVEN,,,Plein jour,En agglomération,Hors intersection,Autre,Autre collision,,,,,,,,,,,1,2,1,9.0,6.0
201100048243,0011-05-11 17:35:00,11,5,11,17,35,930,27,BD PASTEUR,,,Plein jour,En agglomération,Hors intersection,Normale,Autre collision,,,,,,,,,,,1,2,1,1.0,6.0
201100048244,0011-05-13 18:30:00,11,5,13,18,30,930,27,COUTURIER / RATEAU,,,Plein jour,En agglomération,Intersection en X,Normale,Deux véhicules - arrière,,,,,,,,,,,1,2,2,1.0,2.0
201100048245,0011-05-14 01:20:00,11,5,14,1,20,930,30,AV LOUIS LARIVIERE,,,Nuit avec éclairage allumé,En agglomération,Hors intersection,Normale,Deux véhicules - côté,,,,,,,,,,,5,2,1,1.0,3.0
201100048246,0011-05-14 23:05:00,11,5,14,23,5,930,13,R ANIZAN CAVILLON,,,Nuit avec éclairage allumé,En agglomération,Hors intersection,Normale,Deux véhicules - côté,,,,,,,,,,,5,2,1,1.0,3.0
201100048247,0011-05-16 06:45:00,11,5,16,6,45,930,27,JAURES / CORNEILLE,,,Crépuscule ou aube,En agglomération,Intersection en T,Normale,Deux véhicules - côté,,,,,,,,,,,2,2,3,1.0,3.0
201100048248,0011-05-16 07:26:00,11,5,16,7,26,930,13,AV DE LA DIVISION LECLER,,,Plein jour,En agglomération,Hors intersection,Normale,Autre collision,,,,,,,,,,,1,2,1,1.0,6.0
201100048249,0011-05-20 09:50:00,11,5,20,9,50,930,27,CONVENTION / PASTEUR,,,Plein jour,En agglomération,Intersection en T,Normale,Deux véhicules - côté,,,,,,,,,,,1,2,3,1.0,3.0
201100048250,0011-05-24 19:10:00,11,5,24,19,10,930,27,NORMANDIE / FRANCE,,,Plein jour,En agglomération,Intersection en X,Normale,Autre collision,,,,,,,,,,,1,2,2,1.0,6.0
201100048251,0011-05-24 21:15:00,11,5,24,21,15,930,30,R HENRI BARBUSSE,,,Nuit avec éclairage allumé,En agglomération,Hors intersection,Normale,Autre collision,,,,,,,,,,,5,2,1,1.0,6.0
201100048252,0011-05-25 14:35:00,11,5,25,14,35,930,27,AV ROGER SALENGRO,,,Plein jour,En agglomération,Hors intersection,Normale,Autre collision,,,,,,,,,,,1,2,1,1.0,6.0
201100048253,0011-05-26 16:20:00,11,5,26,16,20,930,13,AV JEAN JAURES,,,Plein jour,En agglomération,Hors intersection,Normale,Autre collision,,,,,,,,,,,1,2,1,1.0,6.0
201100048254,0011-05-29 11:52:00,11,5,29,11,52,930,13,LECLERC / JAURES,,,Plein jour,En agglomération,Intersection en X,Normale,Deux véhicules - arrière,,,,,,,,,,,1,2,2,1.0,2.0
201100048255,0011-05-29 12:50:00,11,5,29,12,50,930,30,LARIVIERE / 16 AOUT 1943,,,Plein jour,En agglomération,Giratoire,Normale,Autre collision,,,,,,,,,,,1,2,6,1.0,6.0
201100048256,0011-05-29 20:35:00,11,5,29,20,35,930,27,AV ROGER SALENGRO,,,Plein jour,En agglomération,Hors intersection,Normale,Sans collision,,,,,,,,,,,1,2,1,1.0,7.0
201100048257,0011-05-30 07:35:00,11,5,30,7,35,930,30,LECLERC DE HAUTECLOQUE,,,Plein jour,En agglomération,Intersection en T,Normale,Deux véhicules - côté,,,,,,,,,,,1,2,3,1.0,3.0
201100048258,0011-05-30 18:00:00,11,5,30,18,0,930,30,AV AMBROISE CROIZAT,,,Plein jour,En agglomération,Hors intersection,Normale,Deux véhicules - arrière,,,,,,,,,,,1,2,1,1.0,2.0
201100048259,0011-06-02 20:50:00,11,6,2,20,50,930,27,COUTURIER / 1945,,,Plein jour,En agglomération,Giratoire,Normale,Autre collision,,,,,,,,,,,1,2,6,1.0,6.0
201100048260,0011-06-08 19:10:00,11,6,8,19,10,930,27,COUTURIER / RENARD,,,Plein jour,En agglomération,Intersection en T,Normale,Autre collision,,,,,,,,,,,1,2,3,1.0,6.0
201100048261,0011-06-09 00:40:00,11,6,9,0,40,930,27,IMP BLOCH PRAEGER,,,Nuit avec éclairage allumé,En agglomération,Hors intersection,Normale,Deux véhicules - arrière,,,,,,,,,,,5,2,1,1.0,2.0
201100048262,0011-06-09 13:14:00,11,6,9,13,14,930,27,R DE SAINT-DENIS,,,Plein jour,En agglomération,Hors intersection,Normale,Autre collision,,,,,,,,,,,1,2,1,1.0,6.0
201100048263,0011-06-10 02:10:00,11,6,10,2,10,930,27,COUTURIER / RATEAU,,,Nuit avec éclairage allumé,En agglomération,Intersection en X,Normale,Sans collision,,,,,,,,,,,5,2,2,1.0,7.0
201100048264,0011-06-16 11:00:00,11,6,16,11,0,930,27,AV VICTOR HUGO,,,Plein jour,En agglomération,Hors intersection,Normale,Autre collision,,,,,,,,,,,1,2,1,1.0,6.0
201100048265,0011-06-16 17:20:00,11,6,16,17,20,930,27,SALENGRO / BARBUSSE,,,Plein jour,En agglomération,Giratoire,Normale,Autre collision,,,,,,,,,,,1,2,6,1.0,6.0
201100048266,0011-06-17 16:15:00,11,6,17,16,15,930,13,AV DE LA DIVISION LECLER,,,Plein jour,En agglomération,Hors intersection,Pluie légère,Sans collision,,,,,,,,,,,1,2,1,2.0,7.0
201100048267,0011-06-22 19:20:00,11,6,22,19,20,930,13,"0, MUTUALITE (RUE DE LA)",,,Plein jour,En agglomération,Hors intersection,Normale,Deux véhicules - côté,,,,,,,,,,,1,2,1,1.0,3.0
201100048268,0011-06-25 11:45:00,11,6,25,11,45,930,30,GUYNEMER / CROIZAT,,,Plein jour,En agglomération,Intersection en X,Normale,Autre collision,,,,,,,,,,,1,2,2,1.0,6.0
201100048269,0011-06-26 17:20:00,11,6,26,17,20,930,27,LECLERC / SAINT-DENIS,,,Plein jour,En agglomération,Intersection en Y,Normale,Autre collision,,,,,,,,,,,1,2,4,1.0,6.0
201100048270,0011-07-02 14:00:00,11,7,2,14,0,930,13,AV DE LA DIVISION LECLER,,,Plein jour,En agglomération,Hors intersection,Normale,Deux véhicules - arrière,,,,,,,,,,,1,2,1,1.0,2.0
201100048271,0011-07-02 17:20:00,11,7,2,17,20,930,13,JAURES / MIREILLE,,,Plein jour,En agglomération,Intersection en X,Normale,Deux véhicules - côté,,,,,,,,,,,1,2,2,1.0,3.0
201100048272,0011-07-03 07:00:00,11,7,3,7,0,930,30,1945 / YBLON,,,Plein jour,En agglomération,Intersection en X,Normale,Deux véhicules - côté,,,,,,,,,,,1,2,2,1.0,3.0
201100048273,0011-07-05 08:50:00,11,7,5,8,50,930,13,"16, R ANIZAN CAVILLON",,,Plein jour,En agglomération,Hors intersection,Normale,Deux véhicules - côté,,,,,,,,,,,1,2,1,1.0,3.0
201100048274,0011-07-05 17:25:00,11,7,5,17,25,930,27,R JOLLOIS,,,Plein jour,En agglomération,Hors intersection,Normale,Autre collision,,,,,,,,,,,1,2,1,1.0,6.0
201100048275,0011-07-05 17:50:00,11,7,5,17,50,930,27,RJAURES / CORNEILLE,,,Plein jour,En agglomération,Intersection en T,Normale,Deux véhicules - côté,,,,,,,,,,,1,2,3,1.0,3.0
201100048276,0011-07-06 10:40:00,11,7,6,10,40,930,27,"2, AV WALDECK ROCHET",,,Plein jour,En agglomération,Hors intersection,Normale,Deux véhicules - frontale,,,,,,,,,,,1,2,1,1.0,1.0
201100048277,0011-07-11 10:53:00,11,7,11,10,53,930,27,AV PAUL VAILLANT COUTURI,,,Plein jour,En agglomération,Hors intersection,Normale,Trois véhicules et plus - collisions multiples,,,,,,,,,,,1,2,1,1.0,5.0
201100048278,0011-07-12 14:25:00,11,7,12,14,25,930,27,AV JEAN JAURES,,,Plein jour,En agglomération,Hors intersection,Normale,Deux véhicules - arrière,,,,,,,,,,,1,2,1,1.0,2.0
201100048279,0011-07-13 21:20:00,11,7,13,21,20,930,27,R GUY MOQUET,,,Plein jour,En agglomération,Hors intersection,Normale,Deux véhicules - côté,,,,,,,,,,,1,2,1,1.0,3.0
201100048280,0011-07-16 08:45:00,11,7,16,8,45,930,27,R DE LA CONVENTION,,,Plein jour,En agglomération,Hors intersection,Normale,Autre collision,,,,,,,,,,,1,2,1,1.0,6.0
201100048281,0011-07-20 12:35:00,11,7,20,12,35,930,27,DENIS / DENIS,,,Plein jour,En agglomération,Giratoire,Temps couvert,Deux véhicules - côté,,,,,,,,,,,1,2,6,8.0,3.0
201100048282,0011-07-23 16:30:00,11,7,23,16,30,930,27,AV PAUL VAILLANT COUTURI,,,Plein jour,En agglomération,Hors intersection,Normale,Autre collision,,,,,,,,,,,1,2,1,1.0,6.0
201100048283,0011-07-26 14:00:00,11,7,26,14,0,930,13,R DE L'ABBE NIORT,,,Plein jour,En agglomération,Hors intersection,Normale,Deux véhicules - côté,,,,,,,,,,,1,2,1,1.0,3.0
201100048284,0011-07-26 21:55:00,11,7,26,21,55,930,27,AV ROGER SALENGRO,,,Nuit avec éclairage allumé,En agglomération,Hors intersection,Normale,Sans collision,,,,,,,,,,,5,2,1,1.0,7.0
201100048285,0011-07-26 14:50:00,11,7,26,14,50,930,13,AV DE LA DIVISION LECLER,,,Plein jour,En agglomération,Hors intersection,Normale,Autre collision,,,,,,,,,,,1,2,1,1.0,6.0
201100048286,0011-07-27 15:50:00,11,7,27,15,50,930,13,LECLERC / CAVILLON,,,Plein jour,En agglomération,Intersection en X,Pluie légère,Deux véhicules - côté,,,,,,,,,,,1,2,2,2.0,3.0
201100048287,0011-08-05 22:10:00,11,8,5,22,10,930,27,PASTEUR / CREVECOEUR,,,Nuit avec éclairage allumé,En agglomération,Intersection en X,Pluie forte,Deux véhicules - côté,,,,,,,,,,,5,2,2,3.0,3.0
201100048288,0011-08-17 19:40:00,11,8,17,19,40,930,27,"0, MASSON (RUE SUZANNE)",,,Crépuscule ou aube,En agglomération,Hors intersection,Normale,Sans collision,,,,,,,,,,,2,2,1,1.0,7.0
201100048289,0011-08-19 06:40:00,11,8,19,6,40,930,27,LECLERC / LANGEVIN,,,Crépuscule ou aube,En agglomération,Intersection en X,Normale,Sans collision,,,,,,,,,,,2,2,2,1.0,7.0
201100048290,0011-08-24 17:20:00,11,8,24,17,20,930,27,PASTEUR / L'UNION,,,Plein jour,En agglomération,Intersection en X,Normale,Deux véhicules - côté,,,,,,,,,,,1,2,2,1.0,3.0
201100048291,0011-08-30 21:15:00,11,8,30,21,15,930,27,AV JEAN MERMOZ,,,Nuit avec éclairage allumé,En agglomération,Hors intersection,Normale,Deux véhicules - côté,,,,,,,,,,,5,2,1,1.0,3.0
201100048292,0011-09-07 22:30:00,11,9,7,22,30,930,27,CONVENTION / REPUBLIQUE,,,Nuit avec éclairage allumé,En agglomération,Intersection en X,Normale,Deux véhicules - côté,,,,,,,,,,,5,2,2,1.0,3.0
201100048293,0011-09-12 06:30:00,11,9,12,6,30,930,30,"62, AV DU 8 MAI 1945",,,Crépuscule ou aube,En agglomération,Hors intersection,Normale,Deux véhicules - côté,,,,,,,,,,,2,2,1,1.0,3.0
201100048294,0011-09-12 21:45:00,11,9,12,21,45,930,13,AV JEAN JAURES,,,Nuit avec éclairage allumé,En agglomération,Hors intersection,Normale,Autre collision,,,,,,,,,,,5,2,1,1.0,6.0
201100048295,0011-09-15 18:49:00,11,9,15,18,49,930,13,CAVILLON / SEMBAT,,,Plein jour,En agglomération,Intersection en T,Normale,Deux véhicules - côté,,,,,,,,,,,1,2,3,1.0,3.0
201100048296,0011-10-26 12:21:00,11,10,26,12,21,930,27,"53, R DE GENEVE",,,Plein jour,En agglomération,Hors intersection,Normale,Deux véhicules - côté,,,,,,,,,,,1,2,1,1.0,3.0
201100048297,0011-12-29 16:15:00,11,12,29,16,15,930,13,LINDBERGH (CARREFOUR),,,Plein jour,Hors agglomération,Giratoire,Normale,Deux véhicules - côté,,,,,,,,,,,1,1,6,1.0,3.0
201100048298,0011-10-01 16:45:00,11,10,1,16,45,930,27,VAILLANT COUTURIER,,,Plein jour,En agglomération,Hors intersection,Normale,Deux véhicules - arrière,,,,,,,,,,,1,2,1,1.0,2.0
201100048299,0011-11-05 14:30:00,11,11,5,14,30,930,13,"11, BAROCHE (RUE DU CDT",,,Plein jour,En agglomération,Hors intersection,Normale,Autre collision,,,,,,,,,,,1,2,1,1.0,6.0
201100048300,0011-10-05 22:00:00,11,10,5,22,0,930,27,CONVENTION / RASPAIL,,,Nuit avec éclairage allumé,En agglomération,Intersection en X,Normale,Deux véhicules - côté,,,,,,,,,,,5,2,2,1.0,3.0
201100048301,0011-10-10 07:50:00,11,10,10,7,50,930,27,GENEVE / BALZAC,,,Crépuscule ou aube,En agglomération,Intersection en T,Normale,Deux véhicules - arrière,,,,,,,,,,,2,2,3,1.0,2.0
201100048302,0011-10-11 07:55:00,11,10,11,7,55,930,27,AV LENINE,,,Plein jour,En agglomération,Hors intersection,Normale,Deux véhicules - frontale,,,,,,,,,,,1,2,1,1.0,1.0