accident_id,datetime,annee,mois,jour,heure,minute,departement,commune_insee,adresse,latitude,longitude,luminosite,agglomeration,intersection,meteo,collision,nb_vehicules,nb_usagers,nb_indemnes,nb_tues,nb_blesses_hosp,nb_blesses_legers,age_cond_1,age_cond_2,veh_type_cond_1,veh_type_cond_2,lum_code,agg_code,int_code,atm_code,col_code
201100048562,0011-11-25 19:50:00,11,11,25,19,50,930,32,AV HENRI BARBUSSE,,,Nuit avec éclairage allumé,En agglomération,Hors intersection,Normale,Deux véhicules - arrière,,,,,,,,,,,5,2,1,1.0,2.0
201100048563,0011-12-08 14:38:00,11,12,8,14,38,930,32,"20, EUGENIE    (ALLEE)",,,Plein jour,En agglomération,Intersection en X,Temps couvert,Autre collision,,,,,,,,,,,1,2,2,8.0,6.0
201100048564,0011-12-09 12:35:00,11,12,9,12,35,930,32,"18, JOFFRES (AVENUE)",,,Plein jour,En agglomération,Intersection en X,Temps couvert,Deux véhicules - côté,,,,,,,,,,,1,2,2,8.0,3.0
201100048565,0011-12-12 15:35:00,11,12,12,15,35,930,32,CONTANT   (RUE),,,Plein jour,En agglomération,Intersection en X,Normale,Autre collision,,,,,,,,,,,1,2,2,1.0,6.0
201100048566,0011-12-17 19:30:00,11,12,17,19,30,930,32,BORDEAUX   (AVENUE DE),,,Nuit avec éclairage allumé,En agglomération,Intersection en T,Pluie légère,Autre collision,,,,,,,,,,,5,2,3,2.0,6.0
201100048567,0011-12-27 11:00:00,11,12,27,11,0,930,32,"21, JEAN JAURES (AVENUE)",,,Plein jour,En agglomération,Hors intersection,Normale,Autre collision,,,,,,,,,,,1,2,1,1.0,6.0
201100048568,0011-12-27 16:25:00,11,12,27,16,25,930,32,PAUL VAILLANT COUTURIER,,,Plein jour,En agglomération,Hors intersection,Pluie légère,Autre collision,,,,,,,,,,,1,2,1,2.0,6.0
201100048569,0011-01-01 08:40:00,11,1,1,8,40,930,63,AV DU DOCTEUR VAILLANT,,,Plein jour,En agglomération,Hors intersection,Normale,Sans collision,,,,,,,,,,,1,2,1,1.0,7.0
201100048570,0011-01-04 09:15:00,11,1,4,9,15,930,6,"101, R JULES FERRY",,,Plein jour,En agglomération,Hors intersection,Normale,Autre collision,,,,,,,,,,,1,2,1,1.0,6.0
201100048571,0011-01-13 19:40:00,11,1,13,19,40,930,63,KERAUTRET / CHASSE,,,Nuit avec éclairage allumé,En agglomération,Intersection en T,Normale,Deux véhicules - côté,,,,,,,,,,,5,2,3,1.0,3.0
201100048572,0011-01-14 09:10:00,11,1,14,9,10,930,63,"118, RTE DE NOISY",,,Plein jour,En agglomération,Hors intersection,Normale,Autre collision,,,,,,,,,,,1,2,1,1.0,6.0
201100048573,0011-01-17 14:10:00,11,1,17,14,10,930,45,BD GENERAL LECLERC DE HA,,,Plein jour,En agglomération,Hors intersection,Normale,Autre collision,,,,,,,,,,,1,2,1,1.0,6.0
201100048574,0011-01-18 20:50:00,11,1,18,20,50,930,6,"99, AV DE LA REPUBLIQUE",,,Nuit avec éclairage allumé,En agglomération,Hors intersection,Normale,Deux véhicules - côté,,,,,,,,,,,5,2,1,1.0,3.0
201100048575,0011-01-22 19:50:00,11,1,22,19,50,930,45,PERI GABRIEL RUE,,,Nuit avec éclairage allumé,En agglomération,Intersection en X,Normale,Autre collision,,,,,,,,,,,5,2,2,1.0,6.0
201100048576,0011-01-26 16:40:00,11,1,26,16,40,930,45,PARIS / NOEL,,,Crépuscule ou aube,En agglomération,Intersection en T,Normale,Autre collision,,,,,,,,,,,2,2,3,1.0,6.0
201100048577,0011-01-28 08:30:00,11,1,28,8,30,930,45,AV DE LA RESISTANCE,,,Plein jour,En agglomération,Hors intersection,Normale,Deux véhicules - frontale,,,,,,,,,,,1,2,1,1.0,1.0
201100048578,0011-02-01 07:30:00,11,2,1,7,30,930,63,BD EDOUARD BRANLY,,,Plein jour,En agglomération,Hors intersection,Temps couvert,Deux véhicules - côté,,,,,,,,,,,1,2,1,8.0,3.0
201100048579,0011-02-01 08:10:00,11,2,1,8,10,930,61,AV DU BELVEDERE,,,Plein jour,En agglomération,Hors intersection,Normale,Deux véhicules - arrière,,,,,,,,,,,1,2,1,1.0,2.0
201100048580,0011-02-01 14:50:00,11,2,1,14,50,930,45,R DE PARIS,,,Plein jour,En agglomération,Hors intersection,Normale,Autre collision,,,,,,,,,,,1,2,1,1.0,6.0
201100048581,0011-02-02 10:00:00,11,2,2,10,0,930,63,RTE DE NOISY,,,Plein jour,En agglomération,Hors intersection,Normale,Deux véhicules - côté,,,,,,,,,,,1,2,1,1.0,3.0
201100048582,0011-02-19 16:40:00,11,2,19,16,40,930,6,VERCRUYSSE / LECLERC,,,Crépuscule ou aube,En agglomération,Intersection en X,Pluie légère,Autre collision,,,,,,,,,,,2,2,2,2.0,6.0
201100048583,0011-02-21 19:45:00,11,2,21,19,45,930,45,PASTEUR / ROMAINVILLE,,,Nuit avec éclairage allumé,En agglomération,Intersection en X,Pluie légère,Deux véhicules - côté,,,,,,,,,,,5,2,2,2.0,3.0
201100048584,0011-02-24 14:55:00,11,2,24,14,55,930,6,R ETIENNE MARCEL,,,Plein jour,En agglomération,Hors intersection,Pluie légère,Autre collision,,,,,,,,,,,1,2,1,2.0,6.0
201100048585,0011-03-02 17:00:00,11,3,2,17,0,930,63,BENFLEET / CURIE,,,Plein jour,En agglomération,Intersection en T,Normale,Deux véhicules - côté,,,,,,,,,,,1,2,3,1.0,3.0
201100048586,0011-03-08 17:10:00,11,3,8,17,10,930,6,"40, R FLOREAL",,,Plein jour,En agglomération,Hors intersection,Normale,Deux véhicules - arrière,,,,,,,,,,,1,2,1,1.0,2.0
201100048587,0011-03-09 11:40:00,11,3,9,11,40,930,63,"105, BD HENRI BARBUSSE",,,Plein jour,En agglomération,Hors intersection,Normale,Autre collision,,,,,,,,,,,1,2,1,1.0,6.0
201100048588,0011-03-11 15:30:00,11,3,11,15,30,930,6,R ROBESPIERRE,,,Plein jour,En agglomération,Hors intersection,Normale,Autre collision,,,,,,,,,,,1,2,1,1.0,6.0
201100048589,0011-03-11 22:00:00,11,3,11,22,0,930,63,BRANLY / BERLIOZ,,,Nuit avec éclairage allumé,En agglomération,Intersection en X,Normale,Deux véhicules - côté,,,,,,,,,,,5,2,2,1.0,3.0
201100048590,0011-03-13 19:05:00,11,3,13,19,5,930,63,R LOUISE DORY,,,Nuit avec éclairage allumé,En agglomération,Hors intersection,Normale,Autre collision,,,,,,,,,,,5,2,1,1.0,6.0
201100048591,0011-03-14 00:03:00,11,3,14,0,3,930,6,CARNOT / RASPAIL,,,Nuit avec éclairage non allumé,En agglomération,Intersection à plus de 4 branches,Normale,Deux véhicules - côté,,,,,,,,,,,4,2,5,1.0,3.0
201100048592,0011-03-14 07:45:00,11,3,14,7,45,930,6,"83, R JULES FERRY",,,Plein jour,En agglomération,Hors intersection,Normale,Deux véhicules - arrière,,,,,,,,,,,1,2,1,1.0,2.0
201100048593,0011-03-17 10:00:00,11,3,17,10,0,930,61,PL SEVERINE,,,Plein jour,En agglomération,Hors intersection,Temps couvert,Autre collision,,,,,,,,,,,1,2,1,8.0,6.0
201100048594,0011-03-22 15:10:00,11,3,22,15,10,930,63,BD HENRI BARBUSSE,,,Plein jour,En agglomération,Hors intersection,Normale,Autre collision,,,,,,,,,,,1,2,1,1.0,6.0
201100048595,0011-03-22 22:40:00,11,3,22,22,40,930,63,KERAUTRET / SALENGRO,,,Nuit avec éclairage allumé,En agglomération,Intersection en X,Normale,Deux véhicules - côté,,,,,,,,,,,5,2,2,1.0,3.0
201100048596,0011-03-24 12:50:00,11,3,24,12,50,930,63,BARBUSSE / JAURES,,,Plein jour,En agglomération,Intersection en X,Normale,Deux véhicules - côté,,,,,,,,,,,1,2,2,1.0,3.0
201100048597,0011-03-31 09:15:00,11,3,31,9,15,930,63,BRANLY / A3,,,Plein jour,Hors agglomération,Intersection en T,Pluie légère,Deux véhicules - côté,,,,,,,,,,,1,1,3,2.0,3.0
201100048598,0011-04-01 13:10:00,11,4,1,13,10,930,63,"123, BD HENRI BARBUSSE",,,Plein jour,En agglomération,Hors intersection,Temps couvert,Deux véhicules - côté,,,,,,,,,,,1,2,1,8.0,3.0
201100048599,0011-04-05 17:50:00,11,4,5,17,50,930,6,R AMBROISE CROIZAT,,,Plein jour,En agglomération,Hors intersection,Normale,Deux véhicules - côté,,,,,,,,,,,1,2,1,1.0,3.0
201100048600,0011-04-07 00:55:00,11,4,7,0,55,930,45,HAUTECLOQUE / JUIN,,,Nuit avec éclairage allumé,En agglomération,Intersection à plus de 4 branches,Normale,Sans collision,,,,,,,,,,,5,2,5,1.0,7.0
201100048601,0011-04-08 10:00:00,11,4,8,10,0,930,63,RTE DE NOISY,,,Plein jour,En agglomération,Hors intersection,Normale,Deux véhicules - côté,,,,,,,,,,,1,2,1,1.0,3.0
201100048602,0011-04-21 12:25:00,11,4,21,12,25,930,6,"197, AV PASTEUR",,,Plein jour,En agglomération,Hors intersection,Normale,Autre collision,,,,,,,,,,,1,2,1,1.0,6.0
201100048603,0011-04-22 13:30:00,11,4,22,13,30,930,45,"120, R DE PARIS",,,Plein jour,En agglomération,Hors intersection,Normale,Autre collision,,,,,,,,,,,1,2,1,1.0,6.0
201100048604,0011-04-22 17:45:00,11,4,22,17,45,930,63,R JEAN JAURES,,,Plein jour,En agglomération,Hors intersection,Normale,Deux véhicules - côté,,,,,,,,,,,1,2,1,1.0,3.0
201100048605,0011-04-26 19:10:00,11,4,26,19,10,930,63,"64, R JEAN JAURES",,,Plein jour,En agglomération,Hors intersection,Normale,Autre collision,,,,,,,,,,,1,2,1,1.0,6.0
201100048606,0011-05-04 17:30:00,11,5,4,17,30,930,45,SQ HENRI DUNANT,,,Plein jour,En agglomération,Hors intersection,Normale,Autre collision,,,,,,,,,,,1,2,1,1.0,6.0
201100048607,0011-05-05 13:30:00,11,5,5,13,30,930,6,AV GAMBETTA,,,Plein jour,En agglomération,Hors intersection,Normale,Autre collision,,,,,,,,,,,1,2,1,1.0,6.0
201100048608,0011-05-07 19:10:00,11,5,7,19,10,930,45,R DE PARIS,,,Plein jour,En agglomération,Hors intersection,Normale,Autre collision,,,,,,,,,,,1,2,1,1.0,6.0
201100048609,0011-05-08 18:10:00,11,5,8,18,10,930,6,LENINE / DELESCLUZE,,,Plein jour,En agglomération,Intersection en T,Normale,Deux véhicules - côté,,,,,,,,,,,1,2,3,1.0,3.0
201100048610,0011-05-10 10:00:00,11,5,10,10,0,930,45,PAS PONSARD,,,Plein jour,En agglomération,Hors intersection,Normale,Autre collision,,,,,,,,,,,1,2,1,1.0,6.0
201100048611,0011-05-12 18:50:00,11,5,12,18,50,930,6,R LENINE,,,Plein jour,En agglomération,Hors intersection,Normale,Sans collision,,,,,,,,,,,1,2,1,1.0,7.0
201100048612,0011-05-13 21:30:00,11,5,13,21,30,930,61,AV DU BELVEDERE,,,Crépuscule ou aube,En agglomération,Hors intersection,Normale,Sans collision,,,,,,,,,,,2,2,1,1.0,7.0
201100048613,0011-05-18 17:00:00,11,5,18,17,0,930,63,MONTREUIL / CHEMIN VERT,,,Plein jour,En agglomération,Intersection en X,Normale,Deux véhicules - côté,,,,,,,,,,,1,2,2,1.0,3.0
201100048614,0011-05-18 21:00:00,11,5,18,21,0,930,63,REPUBLIQUE / HUSSON,,,Nuit avec éclairage allumé,En agglomération,Intersection en X,Normale,Deux véhicules - côté,,,,,,,,,,,5,2,2,1.0,3.0
201100048615,0011-05-12 15:37:00,11,5,12,15,37,930,63,R PAUL DOUMER,,,Plein jour,En agglomération,Hors intersection,Normale,Deux véhicules - arrière,,,,,,,,,,,1,2,1,1.0,2.0
201100048616,0011-05-21 11:40:00,11,5,21,11,40,930,6,AV DU GENERAL DE GAULLE,,,Plein jour,En agglomération,Hors intersection,Normale,Sans collision,,,,,,,,,,,1,2,1,1.0,7.0
201100048617,0011-05-21 11:55:00,11,5,21,11,55,930,6,STALINGRAD / A3,,,Plein jour,Hors agglomération,Intersection en X,Normale,Deux véhicules - côté,,,,,,,,,,,1,1,2,1.0,3.0
201100048618,0011-05-21 21:30:00,11,5,21,21,30,930,63,CURIE / 8 MAI 1945,,,Nuit avec éclairage allumé,En agglomération,Intersection en X,Normale,Sans collision,,,,,,,,,,,5,2,2,1.0,7.0
201100048619,0011-05-27 20:15:00,11,5,27,20,15,930,6,AV DE LA REPUBLIQUE,,,Plein jour,En agglomération,Hors intersection,Normale,Trois véhicules et plus - en chaîne,,,,,,,,,,,1,2,1,1.0,4.0
201100048620,0011-05-28 09:30:00,11,5,28,9,30,930,45,PARIS / RENAULT,,,Plein jour,En agglomération,Intersection en X,Normale,Deux véhicules - frontale,,,,,,,,,,,1,2,2,1.0,1.0
201100048621,0011-05-28 17:05:00,11,5,28,17,5,930,6,R LOUISE MICHEL,,,Plein jour,En agglomération,Hors intersection,Normale,Autre collision,,,,,,,,,,,1,2,1,1.0,6.0
201100048622,0011-05-31 09:30:00,11,5,31,9,30,930,63,SAINT-GERMAIN / FLOREAL,,,Plein jour,En agglomération,Intersection en X,Normale,Sans collision,,,,,,,,,,,1,2,2,1.0,7.0
201100048623,0011-06-03 19:40:00,11,6,3,19,40,930,63,"87, AV DU PRESIDENT WILS",,,Plein jour,En agglomération,Hors intersection,Normale,Autre collision,,,,,,,,,,,1,2,1,1.0,6.0
201100048624,0011-06-05 20:00:00,11,6,5,20,0,930,6,"14, R DE L'EPINE PROLONG",,,Plein jour,En agglomération,Hors intersection,Normale,Sans collision,,,,,,,,,,,1,2,1,1.0,7.0
201100048625,0011-06-08 15:00:00,11,6,8,15,0,930,45,PARIS / SABLONS,,,Plein jour,En agglomération,Intersection en Y,Normale,Deux véhicules - côté,,,,,,,,,,,1,2,4,1.0,3.0
201100048626,0011-06-16 13:20:00,11,6,16,13,20,930,6,R PIERRE ET MARIE CURIE,,,Plein jour,En agglomération,Hors intersection,Normale,Autre collision,,,,,,,,,,,1,2,1,1.0,6.0
201100048627,0011-06-22 06:45:00,11,6,22,6,45,930,6,AV DE LA REPUBLIQUE,,,Plein jour,En agglomération,Hors intersection,Normale,Deux véhicules - frontale,,,,,,,,,,,1,2,1,1.0,1.0
201100048628,0011-06-24 16:20:00,11,6,24,16,20,930,45,BD DE LA LIBERTE,,,Plein jour,En agglomération,Hors intersection,Normale,Deux véhicules - côté,,,,,,,,,,,1,2,1,1.0,3.0
201100048629,0011-06-26 15:30:00,11,6,26,15,30,930,6,R PIERRE BROSSOLETTE,,,Plein jour,En agglomération,Hors intersection,Normale,Autre collision,,,,,,,,,,,1,2,1,1.0,6.0
201100048630,0011-06-26 19:40:00,11,6,26,19,40,930,6,R DU LIEUTENANT THOMAS,,,Plein jour,En agglomération,Hors intersection,Normale,Autre collision,,,,,,,,,,,1,2,1,1.0,6.0
201100048631,0011-06-27 17:50:00,11,6,27,17,50,930,45,LECLERC / L'EPINETTE,,,Plein jour,En agglomération,Intersection en T,Normale,Deux véhicules - côté,,,,,,,,,,,1,2,3,1.0,3.0
201100048632,0011-06-27 19:10:00,11,6,27,19,10,930,6,AV DE LA REPUBLIQUE,,,Plein jour,En agglomération,Hors intersection,Normale,Deux véhicules - côté,,,,,,,,,,,1,2,1,1.0,3.0
201100048633,0011-07-03 16:30:00,11,7,3,16,30,930,63,"72, R JEAN JAURES",,,Plein jour,En agglomération,Hors intersection,Normale,Deux véhicules - arrière,,,,,,,,,,,1,2,1,1.0,2.0
201100048634,0011-07-11 01:10:00,11,7,11,1,10,930,45,JUIN / LIBERTE,,,Nuit avec éclairage allumé,En agglomération,Intersection à plus de 4 branches,Normale,Deux véhicules - arrière,,,,,,,,,,,5,2,5,1.0,2.0
201100048635,0011-07-20 15:55:00,11,7,20,15,55,930,63,AV PAUL VAILLANT COUTURI,,,Plein jour,En agglomération,Hors intersection,Pluie légère,Autre collision,,,,,,,,,,,1,2,1,2.0,6.0
201100048636,0011-07-22 13:30:00,11,7,22,13,30,930,63,"57, BD EDOUARD BRANLY",,,Plein jour,En agglomération,Hors intersection,Normale,Deux véhicules - côté,,,,,,,,,,,1,2,1,1.0,3.0
201100048637,0011-07-25 16:30:00,11,7,25,16,30,930,63,"14, ALL BELLEVUE",,,Plein jour,En agglomération,Hors intersection,Normale,Autre collision,,,,,,,,,,,1,2,1,1.0,6.0
201100048638,0011-07-25 18:30:00,11,7,25,18,30,930,6,CARNOT / BERTON,,,Plein jour,En agglomération,Intersection en T,Normale,Deux véhicules - côté,,,,,,,,,,,1,2,3,1.0,3.0
201100048639,0011-07-27 08:00:00,11,7,27,8,0,930,6,GAMBETTA / LAHAYE,,,Plein jour,En agglomération,Intersection en T,Normale,Deux véhicules - côté,,,,,,,,,,,1,2,3,1.0,3.0
201100048640,0011-08-02 19:15:00,11,8,2,19,15,930,6,R EUGENE VARLIN,,,Plein jour,En agglomération,Hors intersection,Normale,Autre collision,,,,,,,,,,,1,2,1,1.0,6.0
201100048641,0011-08-08 17:10:00,11,8,8,17,10,930,6,DE GAULLE / CAMELIAS,,,Plein jour,En agglomération,Intersection en T,Normale,Deux véhicules - côté,,,,,,,,,,,1,2,3,1.0,3.0
201100048642,0011-08-10 10:10:00,11,8,10,10,10,930,45,R DU COQ FRANCAIS,,,Plein jour,En agglomération,Hors intersection,Normale,Autre collision,,,,,,,,,,,1,2,1,1.0,6.0
201100048643,0011-08-21 13:00:00,11,8,21,13,0,930,6,R LOUISE MICHEL,,,Plein jour,En agglomération,Hors intersection,Normale,Autre collision,,,,,,,,,,,1,2,1,1.0,6.0
201100048644,0011-09-02 14:15:00,11,9,2,14,15,930,6,RIGONDES / STALINGRAD,,,Plein jour,En agglomération,Intersection en T,Normale,Deux véhicules - côté,,,,,,,,,,,1,2,3,1.0,3.0
201100048645,0011-09-03 21:00:00,11,9,3,21,0,930,45,BRUYERES / ROMAINVILLE,,,Nuit avec éclairage allumé,En agglomération,Intersection en X,Pluie légère,Deux véhicules - côté,,,,,,,,,,,5,2,2,2.0,3.0
201100048646,0011-09-04 17:00:00,11,9,4,17,0,930,6,STALINGRAD / RAYMOND,,,Plein jour,En agglomération,Intersection en T,Normale,Deux véhicules - côté,,,,,,,,,,,1,2,3,1.0,3.0
201100048647,0011-09-04 18:30:00,11,9,4,18,30,930,6,"72, R DE LA CAPSULERIE",,,Plein jour,En agglomération,Hors intersection,Normale,Deux véhicules - côté,,,,,,,,,,,1,2,1,1.0,3.0
201100048648,0011-09-08 10:45:00,11,9,8,10,45,930,6,"174, R SADI CARNOT",,,Plein jour,En agglomération,Hors intersection,Normale,Autre collision,,,,,,,,,,,1,2,1,1.0,6.0
201100048649,0011-09-22 10:30:00,11,9,22,10,30,930,63,AV LENINE,,,Plein jour,En agglomération,Hors intersection,Normale,Deux véhicules - côté,,,,,,,,,,,1,2,1,1.0,3.0
201100048650,0011-09-26 08:50:00,11,9,26,8,50,930,63,"159, RTE DE NOISY",,,Plein jour,En agglomération,Hors intersection,Normale,Sans collision,,,,,,,,,,,1,2,1,1.0,7.0
201100048651,0011-09-26 17:10:00,11,9,26,17,10,930,6,"163, AV GALLIENI",,,Plein jour,En agglomération,Hors intersection,Normale,Deux véhicules - arrière,,,,,,,,,,,1,2,1,1.0,2.0
201100048652,0011-09-27 16:50:00,11,9,27,16,50,930,45,LIBERTE /VERDUN,,,Plein jour,En agglomération,Intersection en X,Normale,Autre collision,,,,,,,,,,,1,2,2,1.0,6.0
201100048653,0011-10-03 19:50:00,11,10,3,19,50,930,45,R DE PARIS,,,Nuit avec éclairage allumé,En agglomération,Hors intersection,Normale,Deux véhicules - arrière,,,,,,,,,,,5,2,1,1.0,2.0
201100048654,0011-11-02 15:00:00,11,11,2,15,0,930,61,R CHEVREUL,,,Plein jour,En agglomération,Hors intersection,Normale,Autre collision,,,,,,,,,,,1,2,1,1.0,6.0
201100048655,0011-10-12 19:55:00,11,10,12,19,55,930,6,AV DU GENERAL DE GAULLE,,,Nuit avec éclairage allumé,En agglomération,Hors intersection,Pluie légère,Autre collision,,,,,,,,,,,5,2,1,2.0,6.0
201100048656,0011-10-13 17:00:00,11,10,13,17,0,930,45,R DE PARIS,,,Plein jour,En agglomération,Hors intersection,Normale,Autre collision,,,,,,,,,,,1,2,1,1.0,6.0
201100048657,0011-11-08 11:00:00,11,11,8,11,0,930,6,"26, AV DU GENERAL DE GAU",,,Plein jour,En agglomération,Hors intersection,Normale,Autre collision,,,,,,,,,,,1,2,1,1.0,6.0
201100048658,0011-11-11 19:00:00,11,11,11,19,0,930,63,BARBUSSE / JAURES,,,Nuit avec éclairage allumé,En agglomération,Intersection à plus de 4 branches,Normale,Deux véhicules - côté,,,,,,,,,,,5,2,5,1.0,3.0
201100048659,0011-11-12 17:20:00,11,11,12,17,20,930,63,VAILLANT / COUTURIER,,,Nuit avec éclairage allumé,En agglomération,Intersection en X,Normale,Deux véhicules - côté,,,,,,,,,,,5,2,2,1.0,3.0
201100048660,0011-11-13 14:05:00,11,11,13,14,5,930,61,"9, R DE STALINGRAD",,,Plein jour,En agglomération,Hors intersection,Normale,Deux véhicules - côté,,,,,,,,,,,1,2,1,1.0,3.0
201100048661,0011-11-14 22:10:00,11,11,14,22,10,930,6,REPUBLIQUE / FERRY,,,Nuit avec éclairage allumé,En agglomération,Intersection en Y,Autre,Autre collision,,,,,,,,,,,5,2,4,9.0,6.0
201100048662,0011-11-15 10:45:00,11,11,15,10,45,930,63,VERDUN AVENUE DE,,,Plein jour,En agglomération,Intersection en X,Normale,Sans collision,,,,,,,,,,,1,2,2,1.0,7.0
201100048663,0011-11-27 14:30:00,11,11,27,14,30,930,45,LECLERC BOULEVARD DU GEN,,,Plein jour,En agglomération,Hors intersection,Normale,Autre collision,,,,,,,,,,,1,2,1,1.0,6.0
201100048664,0011-11-15 19:45:00,11,11,15,19,45,930,63,MONTREUIL / DENIS,,,Nuit avec éclairage allumé,En agglomération,Intersection à plus de 4 branches,Normale,Autre collision,,,,,,,,,,,5,2,5,1.0,6.0
201100048665,0011-11-17 14:55:00,11,11,17,14,55,930,45,R DE LA PAIX,,,Plein jour,En agglomération,Hors intersection,Normale,Sans collision,,,,,,,,,,,1,2,1,1.0,7.0
201100048666,0011-11-19 20:20:00,11,11,19,20,20,930,63,RTE DE NOISY,,,Nuit avec éclairage allumé,En agglomération,Hors intersection,Normale,Deux véhicules - côté,,,,,,,,,,,5,2,1,1.0,3.0
201100048667,0011-11-21 10:00:00,11,11,21,10,0,930,6,AV GAMBETTA,,,Plein jour,En agglomération,Hors intersection,Normale,Autre collision,,,,,,,,,,,1,2,1,1.0,6.0
201100048668,0011-11-22 08:10:00,11,11,22,8,10,930,61,R CHARLES NODIER,,,Plein jour,En agglomération,Hors intersection,Normale,Deux véhicules - arrière,,,,,,,,,,,1,2,1,1.0,2.0
201100048669,0011-11-24 11:30:00,11,11,24,11,30,930,63,AV DE VERDUN,,,Plein jour,En agglomération,Hors intersection,Normale,Sans collision,,,,,,,,,,,1,2,1,1.0,7.0
201100048670,0011-11-28 16:45:00,11,11,28,16,45,930,45,R DE PARIS,,,Crépuscule ou aube,En agglomération,Hors intersection,Normale,Autre collision,,,,,,,,,,,2,2,1,1.0,6.0
201100048671,0011-12-01 10:15:00,11,12,1,10,15,930,61,PERI GABRIEL RUE,,,Plein jour,En agglomération,Hors intersection,Normale,Autre collision,,,,,,,,,,,1,2,1,1.0,6.0
201100048672,0011-12-12 06:35:00,11,12,12,6,35,930,6,"56, LENINE RUE",,,Crépuscule ou aube,En agglomération,Hors intersection,Normale,Autre collision,,,,,,,,,,,2,2,1,1.0,6.0
201100048673,0011-12-13 20:33:00,11,12,13,20,33,930,45,"02, LIBERTE BD DE LA",,,Nuit avec éclairage allumé,En agglomération,Hors intersection,Normale,Deux véhicules - frontale,,,,,,,,,,,5,2,1,1.0,1.0
201100048674,0011-12-14 11:40:00,11,12,14,11,40,930,6,"2-4, CAPSULERIE RUE DE L",,,Plein jour,En agglomération,Hors intersection,Normale,Autre collision,,,,,,,,,,,1,2,1,1.0,6.0
201100048675,0011-12-18 06:20:00,11,12,18,6,20,930,63,"0, METZ AVENUE DE",,,Nuit avec éclairage allumé,En agglomération,Hors intersection,Pluie légère,Autre collision,,,,,,,,,,,5,2,1,2.0,6.0
201100048676,0011-12-16 09:10:00,11,12,16,9,10,930,63,"64, KERAUTRET AVENUE PIE",,,Plein jour,En agglomération,Hors intersection,Pluie légère,Deux véhicules - côté,,,,,,,,,,,1,2,1,2.0,3.0
201100048677,0011-12-25 16:35:00,11,12,25,16,35,930,63,"6, BOISSIERE BD DE LA",,,Plein jour,En agglomération,Hors intersection,Normale,Sans collision,,,,,,,,,,,1,2,1,1.0,7.0
201100048678,0011-12-26 15:55:00,11,12,26,15,55,930,45,"0, PARIS RUE DE",,,Plein jour,En agglomération,Intersection en X,Normale,Deux véhicules - côté,,,,,,,,,,,1,2,2,1.0,3.0
201100048679,0011-01-19 08:00:00,11,1,19,8,0,930,63,MONTREUIL / JAURES,,,Crépuscule ou aube,En agglomération,Intersection en X,Normale,Deux véhicules - côté,,,,,,,,,,,2,2,2,1.0,3.0
201100048680,0011-01-08 16:15:00,11,1,8,16,15,930,6,"56, REPUBLIQUE AVENUE DE",,,Plein jour,En agglomération,Hors intersection,Normale,Deux véhicules - côté,,,,,,,,,,,1,2,1,1.0,3.0
201100048681,0011-07-21 19:35:00,11,7,21,19,35,930,45,BRUYERES RUE DES,,,Plein jour,En agglomération,Intersection en X,Temps couvert,Deux véhicules - côté,,,,,,,,,,,1,2,2,8.0,3.0
201100048682,0011-05-25 13:20:00,11,5,25,13,20,930,63,BRANLY / BERLIOZ,,,Plein jour,En agglomération,Intersection en X,Normale,Deux véhicules - côté,,,,,,,,,,,1,2,2,1.0,3.0
201100048683,0011-07-27 08:30:00,11,7,27,8,30,930,63,BARBUSSE / CURIE,,,Plein jour,En agglomération,Intersection à plus de 4 branches,Normale,Deux véhicules - côté,,,,,,,,,,,1,2,5,1.0,3.0
201100048684,0011-08-05 00:25:00,11,8,5,0,25,930,6,HELVETIUS RUE,,,Nuit avec éclairage allumé,En agglomération,Intersection en X,Pluie forte,Deux véhicules - frontale,,,,,,,,,,,5,2,2,3.0,1.0
201100048685,0011-08-27 21:55:00,11,8,27,21,55,930,6,STALINGRAD / RIGONDES,,,Nuit avec éclairage allumé,En agglomération,Intersection en X,Normale,Deux véhicules - côté,,,,,,,,,,,5,2,2,1.0,3.0
201100048686,0011-09-10 00:30:00,11,9,10,0,30,930,6,R ROBESPIERRE,,,Nuit avec éclairage allumé,En agglomération,Hors intersection,Normale,Autre collision,,,,,,,,,,,5,2,1,1.0,6.0
201100048687,0011-09-01 19:15:00,11,9,1,19,15,930,6,DHUYS / MOLIERE,,,Plein jour,En agglomération,Intersection en X,Normale,Deux véhicules - côté,,,,,,,,,,,1,2,2,1.0,3.0
201100048688,0011-09-10 13:40:00,11,9,10,13,40,930,63,MONTREUIL / JAURES,,,Plein jour,En agglomération,Intersection en T,Normale,Deux véhicules - côté,,,,,,,,,,,1,2,3,1.0,3.0
201100048689,0011-10-04 18:50:00,11,10,4,18,50,930,6,AV GALLIENI,,,Nuit avec éclairage allumé,En agglomération,Hors intersection,Normale,Deux véhicules - côté,,,,,,,,,,,5,2,1,1.0,3.0
201100048690,0011-09-11 17:45:00,11,9,11,17,45,930,63,"52, R DE LA REPUBLIQUE",,,Plein jour,En agglomération,Hors intersection,Normale,Autre collision,,,,,,,,,,,1,2,1,1.0,6.0
201100048691,0011-10-11 17:45:00,11,10,11,17,45,930,63,"48, METZ AVENUE DE",,,Plein jour,En agglomération,Hors intersection,Normale,Deux véhicules - arrière,,,,,,,,,,,1,2,1,1.0,2.0
201100048692,0011-09-14 18:00:00,11,9,14,18,0,930,45,BD GENERAL LECLERC DE HA,,,Plein jour,En agglomération,Hors intersection,Normale,Autre collision,,,,,,,,,,,1,2,1,1.0,6.0
201100048693,0011-11-08 18:20:00,11,11,8,18,20,930,6,PASTEUR / MOLIERE,,,Nuit avec éclairage allumé,En agglomération,Intersection en Y,Pluie légère,Deux véhicules - côté,,,,,,,,,,,5,2,4,2.0,3.0