accident_id,datetime,annee,mois,jour,heure,minute,departement,commune_insee,adresse,latitude,longitude,luminosite,agglomeration,intersection,meteo,collision,nb_vehicules,nb_usagers,nb_indemnes,nb_tues,nb_blesses_hosp,nb_blesses_legers,age_cond_1,age_cond_2,veh_type_cond_1,veh_type_cond_2,lum_code,agg_code,int_code,atm_code,col_code
201100048823,0011-01-10 10:20:00,11,1,10,10,20,930,48,"8, R DE VINCENNES",,,Plein jour,En agglomération,Hors intersection,Normale,Autre collision,,,,,,,,,,,1,2,1,1.0,6.0
201100048824,0011-01-11 14:40:00,11,1,11,14,40,930,48,PERI / WILSON,,,Plein jour,En agglomération,Intersection en X,Pluie légère,Deux véhicules - arrière,,,,,,,,,,,1,2,2,2.0,2.0
201100048825,0011-01-11 17:15:00,11,1,11,17,15,930,48,R DE ROSNY,,,Crépuscule ou aube,En agglomération,Hors intersection,Pluie légère,Deux véhicules - côté,,,,,,,,,,,2,2,1,2.0,3.0
201100048826,0011-01-14 12:30:00,11,1,14,12,30,930,48,BD CHANZY,,,Plein jour,Hors agglomération,Hors intersection,Temps couvert,Autre collision,,,,,,,,,,,1,1,1,8.0,6.0
201100048827,0011-01-13 20:00:00,11,1,13,20,0,930,48,VALMY / CARREL,,,Nuit avec éclairage allumé,En agglomération,Intersection en T,Normale,Deux véhicules - côté,,,,,,,,,,,5,2,3,1.0,3.0
201100048828,0011-01-14 14:15:00,11,1,14,14,15,930,48,MONTREUIL / MONTREUIL,,,Plein jour,En agglomération,Intersection à plus de 4 branches,Normale,Autre collision,,,,,,,,,,,1,2,5,1.0,6.0
201100048829,0011-01-16 03:45:00,11,1,16,3,45,930,48,CHANZY / PREAUX,,,Nuit avec éclairage allumé,En agglomération,Intersection en X,Normale,Deux véhicules - côté,,,,,,,,,,,5,2,2,1.0,3.0
201100048830,0011-01-16 20:30:00,11,1,16,20,30,930,48,GRAVIERS / RUISSEAU,,,Nuit avec éclairage allumé,En agglomération,Intersection en X,Normale,Deux véhicules - côté,,,,,,,,,,,5,2,2,1.0,3.0
201100048831,0011-01-24 09:00:00,11,1,24,9,0,930,48,REPUBLIQUE / ZOLA,,,Plein jour,En agglomération,Intersection en X,Normale,Autre collision,,,,,,,,,,,1,2,2,1.0,6.0
201100048832,0011-01-25 13:15:00,11,1,25,13,15,930,48,BARBUSSE / GRAVIERS,,,Plein jour,En agglomération,Intersection en X,Normale,Deux véhicules - côté,,,,,,,,,,,1,2,2,1.0,3.0
201100048833,0011-01-25 18:20:00,11,1,25,18,20,930,48,RESISTANCE / FRANCAIS,,,Nuit avec éclairage allumé,En agglomération,Intersection en X,Normale,Autre collision,,,,,,,,,,,5,2,2,1.0,6.0
201100048834,0011-01-28 15:35:00,11,1,28,15,35,930,48,DELESCLUZE / BRIAND,,,Plein jour,En agglomération,Intersection en T,Normale,Autre collision,,,,,,,,,,,1,2,3,1.0,6.0
201100048835,0011-01-28 20:40:00,11,1,28,20,40,930,48,RESISTANCE / LAGRANGE,,,Nuit avec éclairage allumé,En agglomération,Intersection en T,Normale,Deux véhicules - côté,,,,,,,,,,,5,2,3,1.0,3.0
201100048836,0011-02-07 14:55:00,11,2,7,14,55,930,48,BARBUSSE / MIDI,,,Plein jour,En agglomération,Intersection en X,Normale,Autre collision,,,,,,,,,,,1,2,2,1.0,6.0
201100048837,0011-02-08 18:00:00,11,2,8,18,0,930,48,R DESIRE PREAUX,,,Nuit avec éclairage allumé,En agglomération,Hors intersection,Normale,Autre collision,,,,,,,,,,,5,2,1,1.0,6.0
201100048838,0011-02-09 17:50:00,11,2,9,17,50,930,48,R DE PARIS,,,Plein jour,En agglomération,Hors intersection,Normale,Deux véhicules - côté,,,,,,,,,,,1,2,1,1.0,3.0
201100048839,0011-02-15 20:50:00,11,2,15,20,50,930,48,VALMY / CARREL,,,Nuit avec éclairage allumé,En agglomération,Intersection en T,Pluie légère,Deux véhicules - côté,,,,,,,,,,,5,2,3,2.0,3.0
201100048840,0011-02-22 11:40:00,11,2,22,11,40,930,48,R DE PARIS,,,Plein jour,En agglomération,Hors intersection,Normale,Deux véhicules - côté,,,,,,,,,,,1,2,1,1.0,3.0
201100048841,0011-02-24 17:20:00,11,2,24,17,20,930,48,SOLIDARITE / DESGRANGES,,,Plein jour,En agglomération,Intersection en X,Normale,Deux véhicules - côté,,,,,,,,,,,1,2,2,1.0,3.0
201100048842,0011-03-02 16:55:00,11,3,2,16,55,930,48,PARIS / ZOLA,,,Plein jour,Hors agglomération,Intersection en X,Normale,Autre collision,,,,,,,,,,,1,1,2,1.0,6.0
201100048843,0011-03-03 12:20:00,11,3,3,12,20,930,48,"175, R EDOUARD BRANLY",,,Plein jour,En agglomération,Hors intersection,Normale,Autre collision,,,,,,,,,,,1,2,1,1.0,6.0
201100048844,0011-03-05 18:10:00,11,3,5,18,10,930,48,"142 BIS, R DE ROSNY",,,Plein jour,En agglomération,Hors intersection,Normale,Autre collision,,,,,,,,,,,1,2,1,1.0,6.0
201100048845,0011-03-10 10:15:00,11,3,10,10,15,930,48,"19, BD ROUGET DE LISLE",,,Plein jour,En agglomération,Hors intersection,Normale,Autre collision,,,,,,,,,,,1,2,1,1.0,6.0
201100048846,0011-03-10 17:20:00,11,3,10,17,20,930,48,"102 bis, R DE PARIS",,,Plein jour,En agglomération,Hors intersection,Normale,Deux véhicules - côté,,,,,,,,,,,1,2,1,1.0,3.0
201100048847,0011-03-12 20:00:00,11,3,12,20,0,930,48,"216, R DE PARIS",,,Nuit avec éclairage allumé,En agglomération,Hors intersection,Pluie légère,Deux véhicules - côté,,,,,,,,,,,5,2,1,2.0,3.0
201100048848,0011-03-15 16:15:00,11,3,15,16,15,930,48,BOISSIERE / BEAUFILS,,,Plein jour,En agglomération,Intersection en T,Normale,Autre collision,,,,,,,,,,,1,2,3,1.0,6.0
201100048849,0011-03-17 07:45:00,11,3,17,7,45,930,48,AV VICTOR HUGO,,,Plein jour,En agglomération,Hors intersection,Temps couvert,Sans collision,,,,,,,,,,,1,2,1,8.0,7.0
201100048850,0011-03-21 12:48:00,11,3,21,12,48,930,48,R EMILE ZOLA,,,Plein jour,En agglomération,Hors intersection,Normale,Autre collision,,,,,,,,,,,1,2,1,1.0,6.0
201100048851,0011-03-21 11:05:00,11,3,21,11,5,930,48,CHANTEREINES / EPERNONS,,,Plein jour,En agglomération,Intersection en X,Normale,Deux véhicules - côté,,,,,,,,,,,1,2,2,1.0,3.0
201100048852,0011-03-22 18:50:00,11,3,22,18,50,930,48,BD DE LA BOISSIERE,,,Plein jour,En agglomération,Hors intersection,Normale,Deux véhicules - côté,,,,,,,,,,,1,2,1,1.0,3.0
201100048853,0011-03-23 09:00:00,11,3,23,9,0,930,48,BD CHANZY,,,Plein jour,En agglomération,Hors intersection,Normale,Autre collision,,,,,,,,,,,1,2,1,1.0,6.0
201100048854,0011-04-03 16:45:00,11,4,3,16,45,930,48,BARBUSSE / MITTERRAND,,,Plein jour,En agglomération,Giratoire,Pluie légère,Deux véhicules - côté,,,,,,,,,,,1,2,6,2.0,3.0
201100048855,0011-04-02 19:30:00,11,4,2,19,30,930,48,FRANKLIN / WALWEIN,,,Plein jour,En agglomération,Intersection en X,Normale,Deux véhicules - côté,,,,,,,,,,,1,2,2,1.0,3.0
201100048856,0011-04-08 15:00:00,11,4,8,15,0,930,48,"138, BD THEOPHILE SUEUR",,,Plein jour,En agglomération,Hors intersection,Normale,Deux véhicules - côté,,,,,,,,,,,1,2,1,1.0,3.0
201100048857,0011-04-09 00:05:00,11,4,9,0,5,930,48,BRIAND / LAGRANGE,,,Nuit avec éclairage allumé,En agglomération,Intersection en X,Normale,Deux véhicules - côté,,,,,,,,,,,5,2,2,1.0,3.0
201100048858,0011-04-09 12:06:00,11,4,9,12,6,930,48,RESISTANCE / RESISTANCE,,,Plein jour,En agglomération,Place,Normale,Autre collision,,,,,,,,,,,1,2,7,1.0,6.0
201100048859,0011-04-12 11:20:00,11,4,12,11,20,930,48,R DE LAGNY,,,Plein jour,En agglomération,Hors intersection,Normale,Deux véhicules - côté,,,,,,,,,,,1,2,1,1.0,3.0
201100048860,0011-04-14 15:30:00,11,4,14,15,30,930,48,PARIS / VOLTAIRE,,,Plein jour,En agglomération,Intersection en X,Normale,Deux véhicules - côté,,,,,,,,,,,1,2,2,1.0,3.0
201100048861,0011-04-19 14:00:00,11,4,19,14,0,930,48,VALMY / CARREL,,,Plein jour,En agglomération,Intersection en X,Normale,Deux véhicules - côté,,,,,,,,,,,1,2,2,1.0,3.0
201100048862,0011-04-19 18:00:00,11,4,19,18,0,930,48,MOULIN / LAURIAU,,,Plein jour,En agglomération,Intersection en X,Normale,Deux véhicules - côté,,,,,,,,,,,1,2,2,1.0,3.0
201100048863,0011-04-19 19:45:00,11,4,19,19,45,930,48,SAVART / LOISEAU,,,Plein jour,En agglomération,Intersection en X,Normale,Deux véhicules - côté,,,,,,,,,,,1,2,2,1.0,3.0
201100048864,0011-04-19 21:00:00,11,4,19,21,0,930,48,"19, R DE LA PATTE D'OIE",,,Crépuscule ou aube,En agglomération,Hors intersection,Normale,Sans collision,,,,,,,,,,,2,2,1,1.0,7.0
201100048865,0011-04-19 21:20:00,11,4,19,21,20,930,48,R ARSENE CHEREAU,,,Nuit sans éclairage public,En agglomération,Hors intersection,Normale,Autre collision,,,,,,,,,,,3,2,1,1.0,6.0
201100048866,0011-04-20 14:45:00,11,4,20,14,45,930,48,"97, BD CHANZY",,,Plein jour,En agglomération,Hors intersection,Normale,Deux véhicules - côté,,,,,,,,,,,1,2,1,1.0,3.0
201100048867,0011-04-24 12:10:00,11,4,24,12,10,930,48,R DE LA COTE DU NORD,,,Plein jour,En agglomération,Hors intersection,Normale,Autre collision,,,,,,,,,,,1,2,1,1.0,6.0
201100048868,0011-04-26 19:15:00,11,4,26,19,15,930,48,BD PAUL VAILLANT COUTURI,,,Plein jour,En agglomération,Hors intersection,Normale,Sans collision,,,,,,,,,,,1,2,1,1.0,7.0
201100048869,0011-05-02 18:30:00,11,5,2,18,30,930,48,PERI / CONDORCET,,,Plein jour,En agglomération,Intersection en X,Normale,Deux véhicules - côté,,,,,,,,,,,1,2,2,1.0,3.0
201100048870,0011-05-03 19:10:00,11,5,3,19,10,930,48,R D'ALEMBERT,,,Plein jour,En agglomération,Hors intersection,Normale,Autre collision,,,,,,,,,,,1,2,1,1.0,6.0
201100048871,0011-05-04 15:45:00,11,5,4,15,45,930,48,FABIEN / LAGRANGE,,,Plein jour,En agglomération,Intersection en X,Normale,Deux véhicules - côté,,,,,,,,,,,1,2,2,1.0,3.0
201100048872,0011-05-05 21:15:00,11,5,5,21,15,930,48,AV DE LA RESISTANCE,,,Nuit avec éclairage allumé,En agglomération,Hors intersection,Normale,Autre collision,,,,,,,,,,,5,2,1,1.0,6.0
201100048873,0011-05-05 20:30:00,11,5,5,20,30,930,48,R DE PARIS,,,Crépuscule ou aube,En agglomération,Hors intersection,Normale,Autre collision,,,,,,,,,,,2,2,1,1.0,6.0
201100048874,0011-05-08 00:05:00,11,5,8,0,5,930,48,BD ARISTIDE BRIAND,,,Nuit avec éclairage allumé,En agglomération,Hors intersection,Normale,Deux véhicules - frontale,,,,,,,,,,,5,2,1,1.0,1.0
201100048875,0011-05-09 08:05:00,11,5,9,8,5,930,48,R LENAIN DE TILLEMONT,,,Plein jour,En agglomération,Hors intersection,Normale,Autre collision,,,,,,,,,,,1,2,1,1.0,6.0
201100048876,0011-05-12 09:20:00,11,5,12,9,20,930,48,R D'ALEMBERT,,,Plein jour,En agglomération,Hors intersection,Normale,Deux véhicules - côté,,,,,,,,,,,1,2,1,1.0,3.0
201100048877,0011-05-12 09:30:00,11,5,12,9,30,930,48,SAVART / BARBUSSE,,,Plein jour,En agglomération,Intersection à plus de 4 branches,Normale,Deux véhicules - côté,,,,,,,,,,,1,2,5,1.0,3.0
201100048878,0011-05-17 11:20:00,11,5,17,11,20,930,48,R DE STALINGRAD,,,Plein jour,En agglomération,Hors intersection,Normale,Deux véhicules - frontale,,,,,,,,,,,1,2,1,1.0,1.0
201100048879,0011-05-18 16:15:00,11,5,18,16,15,930,48,PASTEUR / MARAIS,,,Plein jour,En agglomération,Intersection en X,Normale,Deux véhicules - côté,,,,,,,,,,,1,2,2,1.0,3.0
201100048880,0011-05-18 18:02:00,11,5,18,18,2,930,48,BD CHANZY,,,Plein jour,En agglomération,Hors intersection,Normale,Deux véhicules - côté,,,,,,,,,,,1,2,1,1.0,3.0
201100048881,0011-05-18 17:30:00,11,5,18,17,30,930,48,CONDORCET / MOLIERE,,,Plein jour,En agglomération,Intersection en X,Normale,Autre collision,,,,,,,,,,,1,2,2,1.0,6.0
201100048882,0011-05-19 03:50:00,11,5,19,3,50,930,48,BD DE LA BOISSIERE,,,Nuit avec éclairage allumé,En agglomération,Hors intersection,Normale,Sans collision,,,,,,,,,,,5,2,1,1.0,7.0
201100048883,0011-05-19 14:40:00,11,5,19,14,40,930,48,AV ERNEST RENAN,,,Plein jour,En agglomération,Hors intersection,Normale,Deux véhicules - côté,,,,,,,,,,,1,2,1,1.0,3.0
201100048884,0011-05-20 15:43:00,11,5,20,15,43,930,48,PL GENERAL DE GAULE,,,Plein jour,En agglomération,Hors intersection,Normale,Deux véhicules - côté,,,,,,,,,,,1,2,1,1.0,3.0
201100048885,0011-05-27 09:00:00,11,5,27,9,0,930,48,R DE ROMAINVILLE,,,Plein jour,En agglomération,Hors intersection,Normale,Sans collision,,,,,,,,,,,1,2,1,1.0,7.0
201100048886,0011-05-30 22:50:00,11,5,30,22,50,930,48,SAVART / BARBUSSE,,,Nuit avec éclairage allumé,En agglomération,Intersection à plus de 4 branches,Normale,Deux véhicules - frontale,,,,,,,,,,,5,2,5,1.0,1.0
201100048887,0011-05-27 20:45:00,11,5,27,20,45,930,48,BEAUSSE / COUTURIER,,,Plein jour,En agglomération,Intersection en X,Normale,Deux véhicules - côté,,,,,,,,,,,1,2,2,1.0,3.0
201100048888,0011-06-01 09:50:00,11,6,1,9,50,930,48,MONTREUIL / LARGILLIERE,,,Plein jour,En agglomération,Intersection en T,Normale,Deux véhicules - côté,,,,,,,,,,,1,2,3,1.0,3.0
201100048889,0011-06-04 17:10:00,11,6,4,17,10,930,48,"09, AV PAUL SIGNAC",,,Plein jour,En agglomération,Hors intersection,Normale,Autre collision,,,,,,,,,,,1,2,1,1.0,6.0
201100048890,0011-06-06 19:50:00,11,6,6,19,50,930,48,"27, R DES RUFFINS",,,Crépuscule ou aube,Hors agglomération,Hors intersection,Normale,Autre collision,,,,,,,,,,,2,1,1,1.0,6.0
201100048891,0011-06-08 10:50:00,11,6,8,10,50,930,48,"8, AV GABRIEL PERI",,,Plein jour,En agglomération,Hors intersection,Normale,Autre collision,,,,,,,,,,,1,2,1,1.0,6.0
201100048892,0011-06-11 19:00:00,11,6,11,19,0,930,48,"92, R SIMON DEREURE",,,Plein jour,En agglomération,Hors intersection,Normale,Autre collision,,,,,,,,,,,1,2,1,1.0,6.0
201100048893,0011-06-12 16:20:00,11,6,12,16,20,930,48,"02, ALL ROMAIN ROLLAND",,,Plein jour,En agglomération,Hors intersection,Temps couvert,Autre collision,,,,,,,,,,,1,2,1,8.0,6.0
201100048894,0011-06-15 23:20:00,11,6,15,23,20,930,48,"7 BIS, R ROCHEBRUNE",,,Nuit avec éclairage allumé,En agglomération,Hors intersection,Normale,Autre collision,,,,,,,,,,,5,2,1,1.0,6.0
201100048895,0011-06-17 19:20:00,11,6,17,19,20,930,48,PERI / RAPATEL,,,Plein jour,En agglomération,Intersection en X,Temps couvert,Autre collision,,,,,,,,,,,1,2,2,8.0,6.0
201100048896,0011-06-18 15:45:00,11,6,18,15,45,930,48,"197, R DE ROSNY",,,Plein jour,Hors agglomération,Hors intersection,Normale,Deux véhicules - frontale,,,,,,,,,,,1,1,1,1.0,1.0
201100048897,0011-06-19 17:40:00,11,6,19,17,40,930,48,"24, BD ARISTIDE BRIAND",,,Plein jour,En agglomération,Hors intersection,Pluie légère,Autre collision,,,,,,,,,,,1,2,1,2.0,6.0
201100048898,0011-06-20 15:30:00,11,6,20,15,30,930,48,DAURAT / BEAUFILS,,,Plein jour,En agglomération,Intersection en T,Pluie légère,Deux véhicules - côté,,,,,,,,,,,1,2,3,2.0,3.0
201100048899,0011-06-23 15:10:00,11,6,23,15,10,930,48,STALINGRAD / 4 RUELLES,,,Plein jour,En agglomération,Intersection en X,Normale,Trois véhicules et plus - collisions multiples,,,,,,,,,,,1,2,2,1.0,5.0
201100048900,0011-06-23 17:15:00,11,6,23,17,15,930,48,AV PASTEUR,,,Plein jour,En agglomération,Hors intersection,Normale,Autre collision,,,,,,,,,,,1,2,1,1.0,6.0
201100048901,0011-06-26 10:15:00,11,6,26,10,15,930,48,SOLIDARITE / DESGRANGES,,,Plein jour,En agglomération,Intersection en X,Normale,Deux véhicules - côté,,,,,,,,,,,1,2,2,1.0,3.0
201100048902,0011-06-27 13:50:00,11,6,27,13,50,930,48,ROMAINVILLE / LAMARCK,,,Plein jour,En agglomération,Intersection en X,Normale,Deux véhicules - côté,,,,,,,,,,,1,2,2,1.0,3.0
201100048903,0011-06-29 10:55:00,11,6,29,10,55,930,48,SOLIDARITE / DESGRANGES,,,Plein jour,Hors agglomération,Intersection en X,Normale,Deux véhicules - frontale,,,,,,,,,,,1,1,2,1.0,1.0
201100048904,0011-06-29 10:00:00,11,6,29,10,0,930,48,R DES RIGONDES,,,Plein jour,En agglomération,Hors intersection,Normale,Deux véhicules - arrière,,,,,,,,,,,1,2,1,1.0,2.0
201100048905,0011-06-30 10:00:00,11,6,30,10,0,930,48,SAINT-MANDE / LAGNY,,,Plein jour,En agglomération,Intersection à plus de 4 branches,Normale,Autre collision,,,,,,,,,,,1,2,5,1.0,6.0
201100048906,0011-07-01 18:45:00,11,7,1,18,45,930,48,"91, BD ARISTIDE BRIAND",,,Plein jour,En agglomération,Hors intersection,Normale,Deux véhicules - côté,,,,,,,,,,,1,2,1,1.0,3.0
201100048907,0011-07-03 12:30:00,11,7,3,12,30,930,48,"150, BD DE LA BOISSIERE",,,Plein jour,En agglomération,Hors intersection,Normale,Autre collision,,,,,,,,,,,1,2,1,1.0,6.0
201100048908,0011-07-05 12:00:00,11,7,5,12,0,930,48,BD ARISTIDE BRIAND,,,Plein jour,En agglomération,Hors intersection,Normale,Deux véhicules - côté,,,,,,,,,,,1,2,1,1.0,3.0
201100048909,0011-07-06 19:45:00,11,7,6,19,45,930,48,PERI / PERI,,,Plein jour,En agglomération,Giratoire,Normale,Trois véhicules et plus - collisions multiples,,,,,,,,,,,1,2,6,1.0,5.0
201100048910,0011-07-07 15:00:00,11,7,7,15,0,930,48,AV DE LA REPUBLIQUE,,,Plein jour,En agglomération,Hors intersection,Normale,Trois véhicules et plus - collisions multiples,,,,,,,,,,,1,2,1,1.0,5.0
201100048911,0011-07-18 11:45:00,11,7,18,11,45,930,48,BD CHANZY,,,Plein jour,En agglomération,Hors intersection,Pluie légère,Autre collision,,,,,,,,,,,1,2,1,2.0,6.0
201100048912,0011-07-19 14:30:00,11,7,19,14,30,930,48,AV VICTOR HUGO,,,Plein jour,En agglomération,Hors intersection,Pluie légère,Autre collision,,,,,,,,,,,1,2,1,2.0,6.0
201100048913,0011-07-19 17:15:00,11,7,19,17,15,930,48,AV DE LA REPUBLIQUE,,,Plein jour,En agglomération,Hors intersection,Pluie légère,Deux véhicules - côté,,,,,,,,,,,1,2,1,2.0,3.0
201100048914,0011-07-22 17:20:00,11,7,22,17,20,930,48,SUEUR / NORD,,,Plein jour,En agglomération,Intersection en X,Pluie forte,Deux véhicules - côté,,,,,,,,,,,1,2,2,3.0,3.0
201100048915,0011-07-25 11:25:00,11,7,25,11,25,930,48,BD ARISTIDE BRIAND,,,Plein jour,En agglomération,Hors intersection,Normale,Autre collision,,,,,,,,,,,1,2,1,1.0,6.0
201100048916,0011-07-26 11:30:00,11,7,26,11,30,930,48,BD ARISTIDE BRIAND,,,Plein jour,En agglomération,Hors intersection,Normale,Sans collision,,,,,,,,,,,1,2,1,1.0,7.0
201100048917,0011-07-30 15:45:00,11,7,30,15,45,930,48,DOUMER / ECOLE,,,Plein jour,En agglomération,Intersection en T,Normale,Deux véhicules - côté,,,,,,,,,,,1,2,3,1.0,3.0
201100048918,0011-07-31 19:30:00,11,7,31,19,30,930,48,R DE STALINGRAD,,,Plein jour,En agglomération,Hors intersection,Normale,Autre collision,,,,,,,,,,,1,2,1,1.0,6.0
201100048919,0011-07-31 20:20:00,11,7,31,20,20,930,48,R DE PARIS,,,Plein jour,En agglomération,Hors intersection,Normale,Deux véhicules - arrière,,,,,,,,,,,1,2,1,1.0,2.0
201100048920,0011-07-31 23:15:00,11,7,31,23,15,930,48,AV BERLIOZ,,,Nuit avec éclairage allumé,Hors agglomération,Hors intersection,Normale,Sans collision,,,,,,,,,,,5,1,1,1.0,7.0
201100048921,0011-08-01 17:00:00,11,8,1,17,0,930,48,BD ROUGET DE LISLE,,,Plein jour,En agglomération,Hors intersection,Normale,Autre collision,,,,,,,,,,,1,2,1,1.0,6.0
201100048922,0011-08-03 08:55:00,11,8,3,8,55,930,48,AV FERDINAND BUISSON,,,Plein jour,En agglomération,Hors intersection,Pluie légère,Trois véhicules et plus - collisions multiples,,,,,,,,,,,1,2,1,2.0,5.0
201100048923,0011-08-07 18:00:00,11,8,7,18,0,930,48,R DES ROCHES,,,Plein jour,En agglomération,Hors intersection,Normale,Autre collision,,,,,,,,,,,1,2,1,1.0,6.0
201100048924,0011-08-17 18:45:00,11,8,17,18,45,930,48,ALL EUGENIE COTTON,,,Plein jour,En agglomération,Hors intersection,Normale,Autre collision,,,,,,,,,,,1,2,1,1.0,6.0
201100048925,0011-08-23 17:45:00,11,8,23,17,45,930,48,VALMY / CARREL,,,Plein jour,En agglomération,Intersection en T,Normale,Deux véhicules - côté,,,,,,,,,,,1,2,3,1.0,3.0
201100048926,0011-08-25 16:15:00,11,8,25,16,15,930,48,R DE ROMAINVILLE,,,Plein jour,En agglomération,Hors intersection,Normale,Deux véhicules - côté,,,,,,,,,,,1,2,1,1.0,3.0
201100048927,0011-08-24 14:25:00,11,8,24,14,25,930,48,MOULIN / GALILEE,,,Plein jour,En agglomération,Intersection en T,Normale,Autre collision,,,,,,,,,,,1,2,3,1.0,6.0
201100048928,0011-08-28 19:35:00,11,8,28,19,35,930,48,SORINS / FRATERNITE,,,Plein jour,En agglomération,Intersection en X,Normale,Deux véhicules - côté,,,,,,,,,,,1,2,2,1.0,3.0
201100048929,0011-08-29 06:55:00,11,8,29,6,55,930,48,BD THEOPHILE SUEUR,,,Crépuscule ou aube,En agglomération,Hors intersection,Normale,Deux véhicules - côté,,,,,,,,,,,2,2,1,1.0,3.0
201100048930,0011-08-30 15:45:00,11,8,30,15,45,930,48,WALWEIN / COUTURIER,,,Plein jour,En agglomération,Intersection en X,Normale,Autre collision,,,,,,,,,,,1,2,2,1.0,6.0
201100048931,0011-09-02 08:40:00,11,9,2,8,40,930,48,"284, R DE ROSNY",,,Plein jour,En agglomération,Hors intersection,Normale,Deux véhicules - côté,,,,,,,,,,,1,2,1,1.0,3.0
201100048932,0011-09-03 21:45:00,11,9,3,21,45,930,48,MARMARCEAU / CUVIER,,,Nuit sans éclairage public,En agglomération,Intersection en X,Normale,Deux véhicules - côté,,,,,,,,,,,3,2,2,1.0,3.0
201100048933,0011-09-07 15:00:00,11,9,7,15,0,930,48,PERI / DEBERGUE,,,Plein jour,En agglomération,Intersection en X,Temps couvert,Sans collision,,,,,,,,,,,1,2,2,8.0,7.0
201100048934,0011-09-11 10:43:00,11,9,11,10,43,930,48,"222, BD DE LA BOISSIERE",,,Plein jour,En agglomération,Hors intersection,Temps couvert,Sans collision,,,,,,,,,,,1,2,1,8.0,7.0
201100048935,0011-09-18 17:56:00,11,9,18,17,56,930,48,WILSON / BERTHELOT,,,Plein jour,En agglomération,Intersection en T,Normale,Deux véhicules - côté,,,,,,,,,,,1,2,3,1.0,3.0
201100048936,0011-09-22 09:25:00,11,9,22,9,25,930,48,"72, AV DE LA RESISTANCE",,,Plein jour,En agglomération,Hors intersection,Normale,Deux véhicules - frontale,,,,,,,,,,,1,2,1,1.0,1.0
201100048937,0011-09-22 11:00:00,11,9,22,11,0,930,48,GASTON / RAPATEL,,,Plein jour,En agglomération,Intersection à plus de 4 branches,Normale,Deux véhicules - côté,,,,,,,,,,,1,2,5,1.0,3.0
201100048938,0011-09-22 18:00:00,11,9,22,18,0,930,48,"01, R MARGUERITE YOURCEN",,,Plein jour,En agglomération,Hors intersection,Normale,Autre collision,,,,,,,,,,,1,2,1,1.0,6.0
201100048939,0011-09-25 10:00:00,11,9,25,10,0,930,48,"108, R PIERRE DE MONTREU",,,Plein jour,En agglomération,Hors intersection,Normale,Sans collision,,,,,,,,,,,1,2,1,1.0,7.0
201100048940,0011-09-26 21:20:00,11,9,26,21,20,930,48,BARBUSSE / BARBUSSE,,,Nuit avec éclairage allumé,En agglomération,Giratoire,Normale,Autre collision,,,,,,,,,,,5,2,6,1.0,6.0
201100048941,0011-09-24 06:00:00,11,9,24,6,0,930,48,MOULIN / GALLIENI,,,Nuit avec éclairage allumé,En agglomération,Intersection en T,Normale,Sans collision,,,,,,,,,,,5,2,3,1.0,7.0
201100048942,0011-10-01 18:37:00,11,10,1,18,37,930,48,R DE PARIS,,,Plein jour,En agglomération,Hors intersection,Normale,Autre collision,,,,,,,,,,,1,2,1,1.0,6.0
201100048943,0011-10-03 07:15:00,11,10,3,7,15,930,48,R DE ROSNY,,,Plein jour,En agglomération,Autre intersection,Normale,Autre collision,,,,,,,,,,,1,2,9,1.0,6.0
201100048944,0011-10-03 09:35:00,11,10,3,9,35,930,48,PERI / CARNOT,,,Plein jour,En agglomération,Intersection en X,Normale,Deux véhicules - côté,,,,,,,,,,,1,2,2,1.0,3.0
201100048945,0011-10-03 16:50:00,11,10,3,16,50,930,48,R DE PARIS,,,Plein jour,En agglomération,Hors intersection,Normale,Deux véhicules - côté,,,,,,,,,,,1,2,1,1.0,3.0
201100048946,0011-10-05 13:10:00,11,10,5,13,10,930,48,BOISSIERE / ALLENDE,,,Plein jour,En agglomération,Intersection en X,Normale,Sans collision,,,,,,,,,,,1,2,2,1.0,7.0
201100048947,0011-10-06 15:30:00,11,10,6,15,30,930,48,R FRANKLIN,,,Plein jour,En agglomération,Hors intersection,Pluie légère,Deux véhicules - frontale,,,,,,,,,,,1,2,1,2.0,1.0
201100048948,0011-10-16 10:25:00,11,10,16,10,25,930,48,AV JEAN MOULIN,,,Plein jour,En agglomération,Hors intersection,Normale,Deux véhicules - côté,,,,,,,,,,,1,2,1,1.0,3.0
201100048949,0011-10-19 08:00:00,11,10,19,8,0,930,48,CARNOT / LEPINAY,,,Crépuscule ou aube,En agglomération,Intersection en X,Temps couvert,Deux véhicules - côté,,,,,,,,,,,2,2,2,8.0,3.0
201100048950,0011-10-19 17:00:00,11,10,19,17,0,930,48,PARIS / L'ACACIA,,,Plein jour,En agglomération,Intersection en T,Pluie légère,Autre collision,,,,,,,,,,,1,2,3,2.0,6.0
201100048951,0011-10-20 05:00:00,11,10,20,5,0,930,48,BOISSIERE / REDOUTE,,,Nuit avec éclairage allumé,En agglomération,Intersection en T,Normale,Deux véhicules - côté,,,,,,,,,,,5,2,3,1.0,3.0
201100048952,0011-10-20 12:50:00,11,10,20,12,50,930,48,"300, R DE ROSNY",,,Plein jour,En agglomération,Hors intersection,Normale,Autre collision,,,,,,,,,,,1,2,1,1.0,6.0
201100048953,0011-10-21 16:05:00,11,10,21,16,5,930,48,BERT / PARIS,,,Plein jour,En agglomération,Intersection en X,Normale,Deux véhicules - côté,,,,,,,,,,,1,2,2,1.0,3.0
201100048954,0011-10-24 17:30:00,11,10,24,17,30,930,48,"284, R DE ROSNY",,,Crépuscule ou aube,En agglomération,Hors intersection,Normale,Deux véhicules - côté,,,,,,,,,,,2,2,1,1.0,3.0