accident_id,datetime,annee,mois,jour,heure,minute,departement,commune_insee,adresse,latitude,longitude,luminosite,agglomeration,intersection,meteo,collision,nb_vehicules,nb_usagers,nb_indemnes,nb_tues,nb_blesses_hosp,nb_blesses_legers,age_cond_1,age_cond_2,veh_type_cond_1,veh_type_cond_2,lum_code,agg_code,int_code,atm_code,col_code
201100048955,0011-10-25 10:30:00,11,10,25,10,30,930,48,AV DU PRESIDENT WILSON,,,Plein jour,En agglomération,Hors intersection,Normale,Autre collision,,,,,,,,,,,1,2,1,1.0,6.0
201100048956,0011-10-26 10:00:00,11,10,26,10,0,930,48,ROSNY / BRANLY,,,Plein jour,En agglomération,Intersection en T,Normale,Deux véhicules - côté,,,,,,,,,,,1,2,3,1.0,3.0
201100048957,0011-10-28 12:30:00,11,10,28,12,30,930,48,AV DU PRESIDENT WILSON,,,Plein jour,En agglomération,Hors intersection,Normale,Sans collision,,,,,,,,,,,1,2,1,1.0,7.0
201100048958,0011-10-31 10:25:00,11,10,31,10,25,930,48,AV FAIDHERBE,,,Plein jour,En agglomération,Giratoire,Normale,Deux véhicules - arrière,,,,,,,,,,,1,2,6,1.0,2.0
201100048959,0011-10-31 17:45:00,11,10,31,17,45,930,48,"176, BD THEOPHILE SUEUR",,,Crépuscule ou aube,En agglomération,Hors intersection,Normale,Deux véhicules - côté,,,,,,,,,,,2,2,1,1.0,3.0
201100048960,0011-11-02 17:30:00,11,11,2,17,30,930,48,GALILEE / VITRY,,,Nuit avec éclairage allumé,En agglomération,Intersection en X,Normale,Deux véhicules - côté,,,,,,,,,,,5,2,2,1.0,3.0
201100048961,0011-11-03 12:20:00,11,11,3,12,20,930,48,PASTEUR / COUTURIER,,,Plein jour,En agglomération,Intersection en X,Pluie légère,Deux véhicules - frontale,,,,,,,,,,,1,2,2,2.0,1.0
201100048962,0011-11-16 07:00:00,11,11,16,7,0,930,48,PASTEUR / RESISTANCE,,,Nuit avec éclairage allumé,En agglomération,Place,Normale,Deux véhicules - côté,,,,,,,,,,,5,2,7,1.0,3.0
201100048963,0011-11-16 22:00:00,11,11,16,22,0,930,48,CHANZY / PREAUX,,,Nuit avec éclairage allumé,En agglomération,Intersection en X,Temps couvert,Deux véhicules - côté,,,,,,,,,,,5,2,2,8.0,3.0
201100048964,0011-11-17 10:30:00,11,11,17,10,30,930,48,R DESIRE CHEVALIER,,,Plein jour,En agglomération,Hors intersection,Pluie légère,Deux véhicules - arrière,,,,,,,,,,,1,2,1,2.0,2.0
201100048965,0011-11-18 11:45:00,11,11,18,11,45,930,48,ROCHES / BRANLY,,,Plein jour,En agglomération,Intersection en X,Normale,Deux véhicules - frontale,,,,,,,,,,,1,2,2,1.0,1.0
201100048966,0011-11-20 12:20:00,11,11,20,12,20,930,48,ROCHES / BRANLY,,,Plein jour,En agglomération,Intersection en X,Normale,Deux véhicules - arrière,,,,,,,,,,,1,2,2,1.0,2.0
201100048967,0011-11-27 18:00:00,11,11,27,18,0,930,48,BD CHANZY,,,Nuit avec éclairage non allumé,En agglomération,Hors intersection,Normale,Autre collision,,,,,,,,,,,4,2,1,1.0,6.0
201100048968,0011-11-28 14:50:00,11,11,28,14,50,930,48,DUCLOS / RESISTANCE,,,Plein jour,En agglomération,Giratoire,Temps couvert,Deux véhicules - arrière,,,,,,,,,,,1,2,6,8.0,2.0
201100048969,0011-11-28 18:00:00,11,11,28,18,0,930,48,ROBESPIERRE / REPUBLIQUE,,,Nuit avec éclairage allumé,En agglomération,Intersection en T,Normale,Deux véhicules - côté,,,,,,,,,,,5,2,3,1.0,3.0
201100048970,0011-11-29 10:45:00,11,11,29,10,45,930,48,"26, HENRI BARBUSSE S3 (B",,,Plein jour,En agglomération,Hors intersection,Normale,Autre collision,,,,,,,,,,,1,2,1,1.0,6.0
201100048971,0011-12-02 20:35:00,11,12,2,20,35,930,48,"33, ANATOLE FRANCE (RUE)",,,Nuit avec éclairage allumé,En agglomération,Hors intersection,Normale,Deux véhicules - frontale,,,,,,,,,,,5,2,1,1.0,1.0
201100048972,0011-12-07 13:10:00,11,12,7,13,10,930,48,"126, LAGNY (RUE DE)",,,Plein jour,En agglomération,Hors intersection,Pluie légère,Autre collision,,,,,,,,,,,1,2,1,2.0,6.0
201100048973,0011-12-12 14:00:00,11,12,12,14,0,930,48,"27, ROSNY (RUE DE)",,,Plein jour,En agglomération,Hors intersection,Temps éblouissant,Autre collision,,,,,,,,,,,1,2,1,7.0,6.0
201100048974,0011-12-15 16:45:00,11,12,15,16,45,930,48,"42, PAUL VAILLANT COUTUR",,,Plein jour,En agglomération,Hors intersection,Normale,Deux véhicules - côté,,,,,,,,,,,1,2,1,1.0,3.0
201100048975,0011-12-15 18:00:00,11,12,15,18,0,930,48,"161, ARISTIDE BRIAND S4",,,Nuit avec éclairage allumé,En agglomération,Intersection en Y,Normale,Deux véhicules - côté,,,,,,,,,,,5,2,4,1.0,3.0
201100048976,0011-12-18 06:10:00,11,12,18,6,10,930,48,"56, ARISTIDE BRIAND (BOU",,,Nuit avec éclairage allumé,En agglomération,Autre intersection,Temps couvert,Deux véhicules - arrière,,,,,,,,,,,5,2,9,8.0,2.0
201100048977,0011-12-21 11:10:00,11,12,21,11,10,930,48,"136, CHANZY (BOULEVARD)",,,Plein jour,En agglomération,Hors intersection,Pluie légère,Deux véhicules - côté,,,,,,,,,,,1,2,1,2.0,3.0
201100048978,0011-12-27 01:30:00,11,12,27,1,30,930,48,"194, ROSNY S4 (RUE DE)",,,Nuit avec éclairage allumé,En agglomération,Hors intersection,Normale,Deux véhicules - côté,,,,,,,,,,,5,2,1,1.0,3.0
201100048979,0011-01-04 13:30:00,11,1,4,13,30,930,50,FOCH / DEBRE,,,Plein jour,En agglomération,Intersection en X,Normale,Deux véhicules - côté,,,,,,,,,,,1,2,2,1.0,3.0
201100048980,0011-01-19 11:30:00,11,1,19,11,30,930,50,"113, AV DU MARECHAL LECL",,,Plein jour,En agglomération,Hors intersection,Normale,Autre collision,,,,,,,,,,,1,2,1,1.0,6.0
201100048981,0011-01-15 22:15:00,11,1,15,22,15,930,50,THOMOUX / BLUM,,,Nuit avec éclairage allumé,En agglomération,Intersection en X,Normale,Autre collision,,,,,,,,,,,5,2,2,1.0,6.0
201100048982,0011-02-07 19:20:00,11,2,7,19,20,930,49,MEAUX / DASSAULT,,,Nuit avec éclairage allumé,En agglomération,Intersection en X,Normale,Deux véhicules - côté,,,,,,,,,,,5,2,2,1.0,3.0
201100048983,0011-02-08 11:40:00,11,2,8,11,40,930,50,VERDUN / GRILLE,,,Plein jour,En agglomération,Intersection en X,Temps couvert,Deux véhicules - côté,,,,,,,,,,,1,2,2,8.0,3.0
201100048984,0011-02-09 11:10:00,11,2,9,11,10,930,50,R PAUL ET CAMILLE THOMOU,,,Plein jour,En agglomération,Hors intersection,Normale,Deux véhicules - côté,,,,,,,,,,,1,2,1,1.0,3.0
201100048985,0011-02-15 13:20:00,11,2,15,13,20,930,50,THOMOUX / DE GAULLE,,,Plein jour,En agglomération,Intersection en X,Pluie légère,Trois véhicules et plus - collisions multiples,,,,,,,,,,,1,2,2,2.0,5.0
201100048986,0011-02-16 17:30:00,11,2,16,17,30,930,50,AV DE MAISON BLANCHE,,,Plein jour,En agglomération,Hors intersection,Normale,Autre collision,,,,,,,,,,,1,2,1,1.0,6.0
201100048987,0011-02-19 22:50:00,11,2,19,22,50,930,50,DE GAULLE / THOMOUX,,,Nuit avec éclairage allumé,En agglomération,Intersection en X,Pluie légère,Deux véhicules - côté,,,,,,,,,,,5,2,2,2.0,3.0
201100048988,0011-02-24 09:00:00,11,2,24,9,0,930,49,AV VICTOR HUGO,,,Plein jour,En agglomération,Hors intersection,Normale,Sans collision,,,,,,,,,,,1,2,1,1.0,7.0
201100048989,0011-03-01 22:10:00,11,3,1,22,10,930,49,CHALET / CLEMENCEAU,,,Nuit avec éclairage allumé,En agglomération,Giratoire,Normale,Autre collision,,,,,,,,,,,5,2,6,1.0,6.0
201100048990,0011-03-03 11:30:00,11,3,3,11,30,930,50,FOCH / SES FILS,,,Plein jour,En agglomération,Intersection en T,Normale,Deux véhicules - côté,,,,,,,,,,,1,2,3,1.0,3.0
201100048991,0011-03-05 20:00:00,11,3,5,20,0,930,50,BD LOUIS ARMAND,,,Nuit avec éclairage allumé,En agglomération,Hors intersection,Normale,Trois véhicules et plus - en chaîne,,,,,,,,,,,5,2,1,1.0,4.0
201100048992,0011-03-11 21:10:00,11,3,11,21,10,930,50,"113, AV DU GENERAL DE GA",,,Nuit avec éclairage allumé,En agglomération,Hors intersection,Normale,Deux véhicules - côté,,,,,,,,,,,5,2,1,1.0,3.0
201100048993,0011-03-18 14:00:00,11,3,18,14,0,930,50,THOMOUX / VANNINI,,,Plein jour,En agglomération,Intersection en X,Normale,Deux véhicules - côté,,,,,,,,,,,1,2,2,1.0,3.0
201100048994,0011-03-18 18:15:00,11,3,18,18,15,930,50,AV ROBERT SCHUMANN,,,Plein jour,En agglomération,Hors intersection,Pluie légère,Deux véhicules - côté,,,,,,,,,,,1,2,1,2.0,3.0
201100048995,0011-03-19 15:45:00,11,3,19,15,45,930,49,R DU GENERAL DE GAULLE,,,Plein jour,En agglomération,Hors intersection,Normale,Autre collision,,,,,,,,,,,1,2,1,1.0,6.0
201100048996,0011-03-26 18:40:00,11,3,26,18,40,930,50,DE GAULLE / THOMOUX,,,Crépuscule ou aube,En agglomération,Intersection en X,Pluie légère,Deux véhicules - frontale,,,,,,,,,,,2,2,2,2.0,1.0
201100048997,0011-04-16 14:50:00,11,4,16,14,50,930,50,"109, AV DU GENERAL DE GA",,,Plein jour,En agglomération,Hors intersection,Normale,Deux véhicules - arrière,,,,,,,,,,,1,2,1,1.0,2.0
201100048998,0011-03-28 13:30:00,11,3,28,13,30,930,49,PASTEUR / CASANOVA,,,Plein jour,En agglomération,Intersection à plus de 4 branches,Normale,Deux véhicules - côté,,,,,,,,,,,1,2,5,1.0,3.0
201100048999,0011-04-20 23:15:00,11,4,20,23,15,930,50,LECLERC / DONZELOT,,,Nuit avec éclairage allumé,En agglomération,Intersection en T,Normale,Deux véhicules - côté,,,,,,,,,,,5,2,3,1.0,3.0
201100049000,0011-04-21 18:25:00,11,4,21,18,25,930,50,AV DE VERDUN,,,Plein jour,En agglomération,Hors intersection,Normale,Deux véhicules - côté,,,,,,,,,,,1,2,1,1.0,3.0
201100049001,0011-04-06 10:35:00,11,4,6,10,35,930,49,CLEMENCEAU / COUTURIER,,,Plein jour,En agglomération,Intersection en X,Normale,Deux véhicules - côté,,,,,,,,,,,1,2,2,1.0,3.0
201100049002,0011-03-23 16:15:00,11,3,23,16,15,930,49,BD GALLIENI,,,Plein jour,En agglomération,Hors intersection,Normale,Autre collision,,,,,,,,,,,1,2,1,1.0,6.0
201100049003,0011-05-13 08:00:00,11,5,13,8,0,930,49,BD GALLIENI,,,Plein jour,En agglomération,Hors intersection,Normale,Deux véhicules - côté,,,,,,,,,,,1,2,1,1.0,3.0
201100049004,0011-05-15 16:25:00,11,5,15,16,25,930,49,GALLIENI / RASPAIL,,,Plein jour,En agglomération,Intersection en X,Normale,Deux véhicules - arrière,,,,,,,,,,,1,2,2,1.0,2.0
201100049005,0011-05-17 14:55:00,11,5,17,14,55,930,49,MEDERIC (RUE),,,Plein jour,En agglomération,Intersection en X,Normale,Autre collision,,,,,,,,,,,1,2,2,1.0,6.0
201100049006,0011-05-25 08:10:00,11,5,25,8,10,930,50,R LOUIS VANNINI,,,Plein jour,En agglomération,Hors intersection,Normale,Deux véhicules - côté,,,,,,,,,,,1,2,1,1.0,3.0
201100049007,0011-06-07 07:00:00,11,6,7,7,0,930,49,GALLIENI / HUGO,,,Plein jour,En agglomération,Intersection en X,Pluie légère,Autre collision,,,,,,,,,,,1,2,2,2.0,6.0
201100049008,0011-07-05 04:05:00,11,7,5,4,5,930,49,CARNOT / FOCH,,,Plein jour,En agglomération,Intersection en X,Normale,Deux véhicules - côté,,,,,,,,,,,1,2,2,1.0,3.0
201100049009,0011-05-31 20:00:00,11,5,31,20,0,930,50,FOCH / ADER,,,Plein jour,En agglomération,Intersection en X,Normale,Trois véhicules et plus - en chaîne,,,,,,,,,,,1,2,2,1.0,4.0
201100049010,0011-06-28 19:45:00,11,6,28,19,45,930,50,STEPHAN / VIGNY,,,Plein jour,En agglomération,Autre intersection,Normale,Deux véhicules - côté,,,,,,,,,,,1,2,9,1.0,3.0
201100049011,0011-07-01 16:40:00,11,7,1,16,40,930,50,COUTURIER / TURGOT,,,Plein jour,En agglomération,Intersection en X,Normale,Trois véhicules et plus - en chaîne,,,,,,,,,,,1,2,2,1.0,4.0
201100049012,0011-07-12 18:30:00,11,7,12,18,30,930,50,THOMOUX / FAUVETTES,,,Plein jour,En agglomération,Intersection en T,Normale,Deux véhicules - arrière,,,,,,,,,,,1,2,3,1.0,2.0
201100049013,0011-07-13 17:20:00,11,7,13,17,20,930,50,AV DU MARECHAL LECLERC,,,Plein jour,En agglomération,Hors intersection,Normale,Deux véhicules - arrière,,,,,,,,,,,1,2,1,1.0,2.0
201100049014,0011-07-16 22:20:00,11,7,16,22,20,930,50,R LOUIS VANNINI,,,Nuit avec éclairage allumé,En agglomération,Hors intersection,Pluie forte,Deux véhicules - arrière,,,,,,,,,,,5,2,1,3.0,2.0
201100049015,0011-07-24 12:05:00,11,7,24,12,5,930,50,R PAUL ET CAMILLE THOMOU,,,Plein jour,En agglomération,Hors intersection,Normale,Autre collision,,,,,,,,,,,1,2,1,1.0,6.0
201100049016,0011-07-24 23:55:00,11,7,24,23,55,930,50,BLUM / TOURAINE,,,Nuit avec éclairage allumé,En agglomération,Intersection en T,Normale,Deux véhicules - côté,,,,,,,,,,,5,2,3,1.0,3.0
201100049017,0011-08-19 00:10:00,11,8,19,0,10,930,50,BLUM / BERRY,,,Nuit avec éclairage allumé,En agglomération,Intersection en X,Normale,Deux véhicules - côté,,,,,,,,,,,5,2,2,1.0,3.0
201100049018,0011-08-22 20:15:00,11,8,22,20,15,930,50,AV DU GENERAL DE GAULLE,,,Crépuscule ou aube,En agglomération,Hors intersection,Normale,Trois véhicules et plus - en chaîne,,,,,,,,,,,2,2,1,1.0,4.0
201100049019,0011-08-23 20:40:00,11,8,23,20,40,930,50,R PAUL ET CAMILLE THOMOU,,,Crépuscule ou aube,En agglomération,Hors intersection,Normale,Autre collision,,,,,,,,,,,2,2,1,1.0,6.0
201100049020,0011-09-08 11:45:00,11,9,8,11,45,930,50,R PAUL ET CAMILLE THOMOU,,,Plein jour,En agglomération,Hors intersection,Normale,Deux véhicules - côté,,,,,,,,,,,1,2,1,1.0,3.0
201100049021,0011-09-01 11:30:00,11,9,1,11,30,930,50,THOMOUX / VANNINI,,,Plein jour,En agglomération,Intersection en X,Normale,Deux véhicules - côté,,,,,,,,,,,1,2,2,1.0,3.0
201100049022,0011-09-14 10:35:00,11,9,14,10,35,930,49,"03, BD GALLIENI",,,Plein jour,En agglomération,Hors intersection,Normale,Deux véhicules - frontale,,,,,,,,,,,1,2,1,1.0,1.0
201100049023,0011-09-20 13:15:00,11,9,20,13,15,930,50,BLUM / 1945,,,Plein jour,En agglomération,Intersection en X,Normale,Deux véhicules - côté,,,,,,,,,,,1,2,2,1.0,3.0
201100049024,0011-09-24 22:00:00,11,9,24,22,0,930,50,AV DU MARECHAL LECLERC,,,Nuit avec éclairage allumé,En agglomération,Hors intersection,Normale,Deux véhicules - frontale,,,,,,,,,,,5,2,1,1.0,1.0
201100049025,0011-09-25 23:45:00,11,9,25,23,45,930,49,"19, CHE DES PROCESSIONS",,,Nuit avec éclairage allumé,En agglomération,Hors intersection,Normale,Sans collision,,,,,,,,,,,5,2,1,1.0,7.0
201100049026,0011-09-27 21:40:00,11,9,27,21,40,930,49,"25, PASTEUR (RUE)",,,Nuit avec éclairage allumé,En agglomération,Hors intersection,Normale,Deux véhicules - frontale,,,,,,,,,,,5,2,1,1.0,1.0
201100049027,0011-10-05 09:00:00,11,10,5,9,0,930,49,GALLIENI / RASPAIL,,,Plein jour,En agglomération,Intersection en T,Normale,Deux véhicules - côté,,,,,,,,,,,1,2,3,1.0,3.0
201100049028,0011-10-11 06:30:00,11,10,11,6,30,930,50,THOMOUX / L'EPI D'OR,,,Crépuscule ou aube,En agglomération,Intersection en T,Normale,Autre collision,,,,,,,,,,,2,2,3,1.0,6.0
201100049029,0011-10-12 15:35:00,11,10,12,15,35,930,50,PAUL ET CAMILLE THOMOUX,,,Plein jour,En agglomération,Hors intersection,Normale,Deux véhicules - côté,,,,,,,,,,,1,2,1,1.0,3.0
201100049030,0011-10-19 11:50:00,11,10,19,11,50,930,49,PERDRIGE / FAUVETTES,,,Plein jour,En agglomération,Intersection en X,Normale,Autre collision,,,,,,,,,,,1,2,2,1.0,6.0
201100049031,0011-10-21 17:15:00,11,10,21,17,15,930,50,R PAUL ET CAMILLE THOMOU,,,Plein jour,En agglomération,Hors intersection,Normale,Deux véhicules - côté,,,,,,,,,,,1,2,1,1.0,3.0
201100049032,0011-10-23 15:45:00,11,10,23,15,45,930,49,AV DU MARECHAL FOCH,,,Plein jour,En agglomération,Hors intersection,Normale,Deux véhicules - arrière,,,,,,,,,,,1,2,1,1.0,2.0
201100049033,0011-11-07 18:00:00,11,11,7,18,0,930,50,"164, AV JEAN JAURES",,,Nuit avec éclairage allumé,En agglomération,Hors intersection,Pluie légère,Deux véhicules - côté,,,,,,,,,,,5,2,1,2.0,3.0
201100049034,0011-11-09 13:00:00,11,11,9,13,0,930,49,R EDGAR QUINET,,,Plein jour,En agglomération,Hors intersection,Normale,Autre collision,,,,,,,,,,,1,2,1,1.0,6.0
201100049035,0011-11-15 12:55:00,11,11,15,12,55,930,50,BD DU MARECHAL FOCH,,,Plein jour,En agglomération,Hors intersection,Normale,Deux véhicules - arrière,,,,,,,,,,,1,2,1,1.0,2.0
201100049036,0011-11-30 20:20:00,11,11,30,20,20,930,49,MEAUX / KENNEDY,,,Nuit avec éclairage allumé,En agglomération,Intersection en T,Normale,Autre collision,,,,,,,,,,,5,2,3,1.0,6.0
201100049037,0011-12-05 08:20:00,11,12,5,8,20,930,50,PAUL ET CAMILLE THOMOUX,,,Plein jour,En agglomération,Intersection en X,Temps couvert,Deux véhicules - côté,,,,,,,,,,,1,2,2,8.0,3.0
201100049038,0011-12-06 08:05:00,11,12,6,8,5,930,49,GALLIENI (BOULEVARD),,,Crépuscule ou aube,En agglomération,Intersection en X,Temps couvert,Autre collision,,,,,,,,,,,2,2,2,8.0,6.0
201100049039,0011-12-08 07:25:00,11,12,8,7,25,930,50,CARNOT (BOULEVARD),,,Nuit avec éclairage allumé,En agglomération,Hors intersection,Normale,Sans collision,,,,,,,,,,,5,2,1,1.0,7.0
201100049040,0011-12-10 10:40:00,11,12,10,10,40,930,50,"73, ONZE NOVEMBRE (RUE)",,,Plein jour,En agglomération,Hors intersection,Temps éblouissant,Autre collision,,,,,,,,,,,1,2,1,7.0,6.0
201100049041,0011-12-13 08:45:00,11,12,13,8,45,930,50,"6, WINSTON CHURCHILL (AV",,,Crépuscule ou aube,En agglomération,Hors intersection,Pluie légère,Autre collision,,,,,,,,,,,2,2,1,2.0,6.0
201100049042,0011-12-16 14:30:00,11,12,16,14,30,930,50,PAUL ET CAMILLE THOMOUX,,,Plein jour,En agglomération,Intersection en X,Temps couvert,Deux véhicules - côté,,,,,,,,,,,1,2,2,8.0,3.0
201100049043,0011-12-19 22:20:00,11,12,19,22,20,930,50,"16, PAUL ET CAMILLE THOM",,,Nuit avec éclairage allumé,En agglomération,Intersection en X,Pluie légère,Deux véhicules - côté,,,,,,,,,,,5,2,2,2.0,3.0
201100049044,0011-12-22 12:10:00,11,12,22,12,10,930,50,JEAN JAURES (AVENUE) COT,,,Plein jour,En agglomération,Hors intersection,Normale,Deux véhicules - côté,,,,,,,,,,,1,2,1,1.0,3.0
201100049045,0011-01-17 18:10:00,11,1,17,18,10,930,51,AEROSTIERS / NESLES,,,Nuit avec éclairage allumé,En agglomération,Intersection en X,Temps couvert,Deux véhicules - côté,,,,,,,,,,,5,2,2,8.0,3.0
201100049046,0011-01-21 08:25:00,11,1,21,8,25,930,51,ECOLES / BEAUSEJOUR,,,Plein jour,En agglomération,Intersection en X,Normale,Deux véhicules - côté,,,,,,,,,,,1,2,2,1.0,3.0
201100049047,0011-01-28 17:30:00,11,1,28,17,30,930,51,MARNOIS / BASTIE,,,Crépuscule ou aube,En agglomération,Intersection en T,Normale,Deux véhicules - arrière,,,,,,,,,,,2,2,3,1.0,2.0
201100049048,0011-02-07 16:05:00,11,2,7,16,5,930,51,CHAMPY RICHARDETS,,,Plein jour,En agglomération,Hors intersection,Normale,Autre collision,,,,,,,,,,,1,2,1,1.0,6.0
201100049049,0011-02-09 15:45:00,11,2,9,15,45,930,33,CLEMENCEAU / NOISY LE GR,,,Plein jour,En agglomération,Intersection à plus de 4 branches,Normale,Deux véhicules - côté,,,,,,,,,,,1,2,5,1.0,3.0
201100049050,0011-02-11 01:45:00,11,2,11,1,45,930,51,BD DU MONT D'EST,,,Nuit avec éclairage allumé,En agglomération,Hors intersection,Normale,Sans collision,,,,,,,,,,,5,2,1,1.0,7.0
201100049051,0011-02-21 18:40:00,11,2,21,18,40,930,51,R DU DOCTEUR SUREAU,,,Nuit avec éclairage allumé,En agglomération,Hors intersection,Pluie légère,Autre collision,,,,,,,,,,,5,2,1,2.0,6.0
201100049052,0011-02-28 09:08:00,11,2,28,9,8,930,51,AV EMILE COSSONNEAU,,,Plein jour,En agglomération,Hors intersection,Normale,Autre collision,,,,,,,,,,,1,2,1,1.0,6.0
201100049053,0011-03-02 15:18:00,11,3,2,15,18,930,51,"99, AV MEDERIC",,,Plein jour,En agglomération,Hors intersection,Normale,Autre collision,,,,,,,,,,,1,2,1,1.0,6.0
201100049054,0011-03-03 21:45:00,11,3,3,21,45,930,51,MALNOUE / MENARD,,,Nuit avec éclairage allumé,En agglomération,Intersection en X,Normale,Deux véhicules - côté,,,,,,,,,,,5,2,2,1.0,3.0
201100049055,0011-03-04 19:05:00,11,3,4,19,5,930,51,"12, R DE LA REPUBLIQUE",,,Nuit avec éclairage allumé,En agglomération,Hors intersection,Normale,Deux véhicules - côté,,,,,,,,,,,5,2,1,1.0,3.0
201100049056,0011-03-12 21:00:00,11,3,12,21,0,930,33,BALLU / LEBRET,,,Nuit avec éclairage allumé,En agglomération,Intersection en X,Normale,Sans collision,,,,,,,,,,,5,2,2,1.0,7.0
201100049057,0011-03-19 07:45:00,11,3,19,7,45,930,51,MARNOIS / MALNOUE,,,Plein jour,En agglomération,Intersection en X,Normale,Deux véhicules - côté,,,,,,,,,,,1,2,2,1.0,3.0
201100049058,0011-03-25 13:15:00,11,3,25,13,15,930,51,PAVE NEUF / MERMOZ,,,Plein jour,En agglomération,Intersection en T,Temps éblouissant,Deux véhicules - côté,,,,,,,,,,,1,2,3,7.0,3.0
201100049059,0011-03-28 20:30:00,11,3,28,20,30,930,51,ALL DE LA NOISERAIE,,,Nuit avec éclairage allumé,En agglomération,Hors intersection,Normale,Autre collision,,,,,,,,,,,5,2,1,1.0,6.0
201100049060,0011-04-11 16:00:00,11,4,11,16,0,930,51,BD PAUL PAMBRUN,,,Plein jour,En agglomération,Hors intersection,Temps éblouissant,Sans collision,,,,,,,,,,,1,2,1,7.0,7.0
201100049061,0011-04-15 18:05:00,11,4,15,18,5,930,51,PERI / BASCH,,,Plein jour,En agglomération,Intersection en X,Normale,Deux véhicules - côté,,,,,,,,,,,1,2,2,1.0,3.0
201100049062,0011-04-21 20:10:00,11,4,21,20,10,930,51,BROSSOLETTE / CARNOT,,,Plein jour,En agglomération,Intersection en Y,Normale,Deux véhicules - côté,,,,,,,,,,,1,2,4,1.0,3.0
201100049063,0011-04-25 18:15:00,11,4,25,18,15,930,51,BD DE CHAMPY RICHARDETS,,,Plein jour,En agglomération,Hors intersection,Normale,Autre collision,,,,,,,,,,,1,2,1,1.0,6.0
201100049064,0011-04-26 17:45:00,11,4,26,17,45,930,51,AV VICTOR BASCH,,,Plein jour,En agglomération,Hors intersection,Normale,Deux véhicules - arrière,,,,,,,,,,,1,2,1,1.0,2.0
201100049065,0011-04-30 13:45:00,11,4,30,13,45,930,51,"04 BIS, AV DE NORMANDIE",,,Plein jour,En agglomération,Hors intersection,Normale,Sans collision,,,,,,,,,,,1,2,1,1.0,7.0
201100049066,0011-05-05 14:55:00,11,5,5,14,55,930,51,GRAHAM BELL / GRAHAM BEL,,,Plein jour,En agglomération,Giratoire,Normale,Deux véhicules - côté,,,,,,,,,,,1,2,6,1.0,3.0
201100049067,0011-05-06 12:50:00,11,5,6,12,50,930,51,R DES HAUTS ROSEAUX,,,Plein jour,En agglomération,Hors intersection,Normale,Autre collision,,,,,,,,,,,1,2,1,1.0,6.0
201100049068,0011-05-13 09:20:00,11,5,13,9,20,930,51,AV EMILE COSSONNEAU,,,Plein jour,En agglomération,Hors intersection,Normale,Autre collision,,,,,,,,,,,1,2,1,1.0,6.0
201100049069,0011-05-13 09:30:00,11,5,13,9,30,930,51,AV DE NEUILLY,,,Plein jour,En agglomération,Hors intersection,Normale,Sans collision,,,,,,,,,,,1,2,1,1.0,7.0
201100049070,0011-05-15 11:05:00,11,5,15,11,5,930,51,PERI / CHAPELLE,,,Plein jour,En agglomération,Intersection en X,Normale,Deux véhicules - frontale,,,,,,,,,,,1,2,2,1.0,1.0
201100049071,0011-05-19 15:40:00,11,5,19,15,40,930,51,AVENIR / BEAULIEU,,,Plein jour,En agglomération,Intersection en X,Normale,Deux véhicules - côté,,,,,,,,,,,1,2,2,1.0,3.0
201100049072,0011-05-21 21:25:00,11,5,21,21,25,930,51,BRIAND / VAQUIER,,,Nuit avec éclairage allumé,En agglomération,Intersection en T,Normale,Deux véhicules - côté,,,,,,,,,,,5,2,3,1.0,3.0
201100049073,0011-05-23 19:28:00,11,5,23,19,28,930,51,PAMBRUN / PASTEUR,,,Crépuscule ou aube,En agglomération,Intersection en X,Normale,Autre collision,,,,,,,,,,,2,2,2,1.0,6.0
201100049074,0011-05-24 08:25:00,11,5,24,8,25,930,33,PROM HERMANN REGNIER,,,Plein jour,En agglomération,Hors intersection,Normale,Sans collision,,,,,,,,,,,1,2,1,1.0,7.0
201100049075,0011-05-25 08:05:00,11,5,25,8,5,930,51,RTE DE VILLIERS,,,Plein jour,En agglomération,Hors intersection,Normale,Autre collision,,,,,,,,,,,1,2,1,1.0,6.0
201100049076,0011-05-29 12:50:00,11,5,29,12,50,930,51,MALNOUE / REPUBLIQUE,,,Plein jour,En agglomération,Intersection en X,Normale,Deux véhicules - côté,,,,,,,,,,,1,2,2,1.0,3.0
201100049077,0011-05-30 06:25:00,11,5,30,6,25,930,51,FOCH / VERDUN,,,Plein jour,En agglomération,Intersection en X,Normale,Deux véhicules - côté,,,,,,,,,,,1,2,2,1.0,3.0
201100049078,0011-06-05 16:50:00,11,6,5,16,50,930,33,MOCQUET / MERMOZ,,,Plein jour,En agglomération,Intersection à plus de 4 branches,Normale,Deux véhicules - côté,,,,,,,,,,,1,2,5,1.0,3.0
201100049079,0011-06-08 11:30:00,11,6,8,11,30,930,51,GOUTIER / PERVENCHES,,,Plein jour,En agglomération,Intersection en T,Normale,Deux véhicules - côté,,,,,,,,,,,1,2,3,1.0,3.0
201100049080,0011-06-10 20:00:00,11,6,10,20,0,930,51,MEDERIC / CHAPELLE,,,Plein jour,En agglomération,Intersection à plus de 4 branches,Normale,Deux véhicules - côté,,,,,,,,,,,1,2,5,1.0,3.0
201100049081,0011-06-17 19:45:00,11,6,17,19,45,930,33,AV DU MARECHAL FOCH,,,Plein jour,En agglomération,Hors intersection,Normale,Deux véhicules - côté,,,,,,,,,,,1,2,1,1.0,3.0
201100049082,0011-06-22 13:55:00,11,6,22,13,55,930,51,NESLES / CHATEAUX,,,Plein jour,En agglomération,Giratoire,Pluie légère,Sans collision,,,,,,,,,,,1,2,6,2.0,7.0
201100049083,0011-06-23 07:00:00,11,6,23,7,0,930,51,BD DU MARECHAL FOCH,,,Plein jour,En agglomération,Hors intersection,Pluie légère,Autre collision,,,,,,,,,,,1,2,1,2.0,6.0