accident_id,datetime,annee,mois,jour,heure,minute,departement,commune_insee,adresse,latitude,longitude,luminosite,agglomeration,intersection,meteo,collision,nb_vehicules,nb_usagers,nb_indemnes,nb_tues,nb_blesses_hosp,nb_blesses_legers,age_cond_1,age_cond_2,veh_type_cond_1,veh_type_cond_2,lum_code,agg_code,int_code,atm_code,col_code
201100049084,0011-06-23 21:10:00,11,6,23,21,10,930,51,PAVE NEUF / BASCH,,,Plein jour,En agglomération,Giratoire,Normale,Deux véhicules - côté,,,,,,,,,,,1,2,6,1.0,3.0
201100049085,0011-06-29 18:50:00,11,6,29,18,50,930,51,RODIN / DONJON,,,Plein jour,En agglomération,Intersection en T,Normale,Deux véhicules - côté,,,,,,,,,,,1,2,3,1.0,3.0
201100049086,0011-06-30 09:20:00,11,6,30,9,20,930,51,AV VICTOR BASCH,,,Plein jour,En agglomération,Hors intersection,Normale,Deux véhicules - côté,,,,,,,,,,,1,2,1,1.0,3.0
201100049087,0011-07-01 08:35:00,11,7,1,8,35,930,51,CHAPELLE / ASTRONAUTES,,,Plein jour,En agglomération,Intersection en T,Normale,Deux véhicules - côté,,,,,,,,,,,1,2,3,1.0,3.0
201100049088,0011-07-01 16:30:00,11,7,1,16,30,930,51,"44, BD DU MARECHAL FOCH",,,Plein jour,En agglomération,Hors intersection,Normale,Autre collision,,,,,,,,,,,1,2,1,1.0,6.0
201100049089,0011-07-01 19:50:00,11,7,1,19,50,930,51,"55bis, RTE DE NEUILLY",,,Plein jour,En agglomération,Hors intersection,Normale,Autre collision,,,,,,,,,,,1,2,1,1.0,6.0
201100049090,0011-07-02 10:15:00,11,7,2,10,15,930,33,AV DE CHAMPS,,,Plein jour,En agglomération,Hors intersection,Normale,Deux véhicules - frontale,,,,,,,,,,,1,2,1,1.0,1.0
201100049091,0011-07-05 18:10:00,11,7,5,18,10,930,51,"83, RTE DE NEUILLY",,,Plein jour,En agglomération,Hors intersection,Normale,Autre collision,,,,,,,,,,,1,2,1,1.0,6.0
201100049092,0011-07-20 10:15:00,11,7,20,10,15,930,51,NEUF / MERMOZ,,,Plein jour,En agglomération,Giratoire,Normale,Deux véhicules - arrière,,,,,,,,,,,1,2,6,1.0,2.0
201100049093,0011-07-29 19:40:00,11,7,29,19,40,930,51,COSSONNEAU / MAINTENON,,,Crépuscule ou aube,En agglomération,Intersection à plus de 4 branches,Normale,Deux véhicules - côté,,,,,,,,,,,2,2,5,1.0,3.0
201100049094,0011-08-07 10:50:00,11,8,7,10,50,930,51,LEVANT / L'UNIVERSITE,,,Plein jour,En agglomération,Intersection en T,Normale,Deux véhicules - côté,,,,,,,,,,,1,2,3,1.0,3.0
201100049095,0011-08-09 14:05:00,11,8,9,14,5,930,51,R DES HAUTS CHATEAUX,,,Plein jour,En agglomération,Autre intersection,Normale,Sans collision,,,,,,,,,,,1,2,9,1.0,7.0
201100049096,0011-08-22 12:50:00,11,8,22,12,50,930,51,AV ARISTIDE BRIAND,,,Plein jour,En agglomération,Hors intersection,Normale,Sans collision,,,,,,,,,,,1,2,1,1.0,7.0
201100049097,0011-08-23 06:40:00,11,8,23,6,40,930,51,R DU MARECHAL JUIN,,,Plein jour,En agglomération,Hors intersection,Normale,Sans collision,,,,,,,,,,,1,2,1,1.0,7.0
201100049098,0011-08-30 22:20:00,11,8,30,22,20,930,51,JOFFRE / COSSONNEAU,,,Nuit avec éclairage allumé,En agglomération,Intersection à plus de 4 branches,Normale,Autre collision,,,,,,,,,,,5,2,5,1.0,6.0
201100049099,0011-09-01 08:20:00,11,9,1,8,20,930,51,NEUF / MERMOZ,,,Plein jour,En agglomération,Giratoire,Normale,Deux véhicules - arrière,,,,,,,,,,,1,2,6,1.0,2.0
201100049100,0011-09-06 08:50:00,11,9,6,8,50,930,51,R LUCIEN SAMPAIX,,,Plein jour,En agglomération,Hors intersection,Normale,Deux véhicules - arrière,,,,,,,,,,,1,2,1,1.0,2.0
201100049101,0011-09-08 19:00:00,11,9,8,19,0,930,51,BD DU MONT D'EST,,,Plein jour,En agglomération,Hors intersection,Normale,Deux véhicules - côté,,,,,,,,,,,1,2,1,1.0,3.0
201100049102,0011-09-14 08:05:00,11,9,14,8,5,930,51,R GEORGES MELIES,,,Plein jour,En agglomération,Hors intersection,Normale,Sans collision,,,,,,,,,,,1,2,1,1.0,7.0
201100049103,0011-09-16 07:30:00,11,9,16,7,30,930,51,RTE DE GOURNAY,,,Plein jour,En agglomération,Hors intersection,Normale,Sans collision,,,,,,,,,,,1,2,1,1.0,7.0
201100049104,0011-09-17 17:05:00,11,9,17,17,5,930,51,RODIN / PANCA,,,Plein jour,En agglomération,Intersection en Y,Normale,Deux véhicules - côté,,,,,,,,,,,1,2,4,1.0,3.0
201100049105,0011-09-18 12:25:00,11,9,18,12,25,930,51,BRIAND / VAQUIER,,,Plein jour,En agglomération,Intersection en T,Normale,Deux véhicules - côté,,,,,,,,,,,1,2,3,1.0,3.0
201100049106,0011-09-22 18:00:00,11,9,22,18,0,930,51,NEUF / NEUF,,,Plein jour,En agglomération,Intersection en T,Normale,Deux véhicules - côté,,,,,,,,,,,1,2,3,1.0,3.0
201100049107,0011-09-26 09:10:00,11,9,26,9,10,930,51,R DU MARNOIS,,,Plein jour,En agglomération,Hors intersection,Normale,Deux véhicules - arrière,,,,,,,,,,,1,2,1,1.0,2.0
201100049108,0011-10-01 01:20:00,11,10,1,1,20,930,51,RU DE NESLE / FERRY,,,Nuit avec éclairage allumé,En agglomération,Intersection en T,Normale,Deux véhicules - côté,,,,,,,,,,,5,2,3,1.0,3.0
201100049109,0011-10-05 12:15:00,11,10,5,12,15,930,51,CHAPELLE / PLEIADES,,,Plein jour,En agglomération,Intersection en T,Normale,Deux véhicules - côté,,,,,,,,,,,1,2,3,1.0,3.0
201100049110,0011-10-08 11:40:00,11,10,8,11,40,930,51,MEDERIC / NESLES,,,Plein jour,En agglomération,Intersection en X,Normale,Deux véhicules - arrière,,,,,,,,,,,1,2,2,1.0,2.0
201100049111,0011-10-12 22:55:00,11,10,12,22,55,930,51,AV DES GRAVIERS,,,Nuit sans éclairage public,En agglomération,Hors intersection,Pluie légère,Sans collision,,,,,,,,,,,3,2,1,2.0,7.0
201100049112,0011-10-13 08:35:00,11,10,13,8,35,930,51,BEAUJOLAIS / STATION,,,Plein jour,En agglomération,Intersection en X,Normale,Autre collision,,,,,,,,,,,1,2,2,1.0,6.0
201100049113,0011-10-14 12:55:00,11,10,14,12,55,930,51,AV EMILE COSSONNEAU,,,Plein jour,En agglomération,Hors intersection,Normale,Deux véhicules - côté,,,,,,,,,,,1,2,1,1.0,3.0
201100049114,0011-10-23 16:55:00,11,10,23,16,55,930,51,"36, AV DU PAVE NEUF",,,Plein jour,En agglomération,Hors intersection,Normale,Sans collision,,,,,,,,,,,1,2,1,1.0,7.0
201100049115,0011-10-24 22:15:00,11,10,24,22,15,930,51,"54, AV GABRIEL PERI",,,Nuit avec éclairage allumé,En agglomération,Hors intersection,Pluie forte,Deux véhicules - frontale,,,,,,,,,,,5,2,1,3.0,1.0
201100049116,0011-10-26 14:00:00,11,10,26,14,0,930,51,RICHARDETS / NESLES,,,Plein jour,En agglomération,Giratoire,Normale,Deux véhicules - arrière,,,,,,,,,,,1,2,6,1.0,2.0
201100049117,0011-11-01 16:30:00,11,11,1,16,30,930,33,"102, 102, PROM ANDRE BAL",,,Plein jour,En agglomération,Hors intersection,Pluie légère,Deux véhicules - côté,,,,,,,,,,,1,2,1,2.0,3.0
201100049118,0011-11-11 07:15:00,11,11,11,7,15,930,51,NEUILLY / SOUCHET,,,Nuit avec éclairage allumé,En agglomération,Intersection en X,Pluie légère,Deux véhicules - côté,,,,,,,,,,,5,2,2,2.0,3.0
201100049119,0011-11-18 15:50:00,11,11,18,15,50,930,33,JOFFRE / DOUMER,,,Plein jour,En agglomération,Intersection en Y,Normale,Deux véhicules - côté,,,,,,,,,,,1,2,4,1.0,3.0
201100049120,0011-11-29 14:15:00,11,11,29,14,15,930,51,GRAHAM BELL,,,Plein jour,En agglomération,Autre intersection,Normale,Sans collision,,,,,,,,,,,1,2,9,1.0,7.0
201100049121,0011-12-02 07:48:00,11,12,2,7,48,930,51,LEVANT (BD),,,Crépuscule ou aube,En agglomération,Giratoire,Normale,Deux véhicules - côté,,,,,,,,,,,2,2,6,1.0,3.0
201100049122,0011-12-10 20:00:00,11,12,10,20,0,930,51,GOURNAY (ROUTE),,,Nuit avec éclairage allumé,En agglomération,Intersection en T,Normale,Deux véhicules - côté,,,,,,,,,,,5,2,3,1.0,3.0
201100049123,0011-12-09 11:00:00,11,12,9,11,0,930,51,ECOLES (AVENUE),,,Plein jour,En agglomération,Intersection en X,Pluie forte,Deux véhicules - côté,,,,,,,,,,,1,2,2,3.0,3.0
201100049124,0011-12-13 19:00:00,11,12,13,19,0,930,51,"45, GEORGES CLEMENCEAU (",,,Nuit avec éclairage allumé,En agglomération,Hors intersection,Normale,Deux véhicules - arrière,,,,,,,,,,,5,2,1,1.0,2.0
201100049125,0011-12-14 21:15:00,11,12,14,21,15,930,51,UNIVERSITE,,,Nuit avec éclairage allumé,En agglomération,Intersection en T,Normale,Deux véhicules - côté,,,,,,,,,,,5,2,3,1.0,3.0
201100049126,0011-12-19 15:10:00,11,12,19,15,10,930,51,"10, CENTRE",,,Plein jour,En agglomération,Intersection en X,Normale,Autre collision,,,,,,,,,,,1,2,2,1.0,6.0
201100049127,0011-01-10 20:55:00,11,1,10,20,55,930,53,ROSNY / CARROUGES,,,Nuit avec éclairage allumé,En agglomération,Intersection en X,Normale,Deux véhicules - côté,,,,,,,,,,,5,2,2,1.0,3.0
201100049128,0011-01-15 11:20:00,11,1,15,11,20,930,53,ROSNY / MERMOZ,,,Plein jour,En agglomération,Intersection en Y,Normale,Deux véhicules - frontale,,,,,,,,,,,1,2,4,1.0,1.0
201100049129,0011-01-26 15:35:00,11,1,26,15,35,930,53,"177, BD ROGER SALENGRO",,,Plein jour,En agglomération,Hors intersection,Pluie légère,Autre collision,,,,,,,,,,,1,2,1,2.0,6.0
201100049130,0011-02-02 00:10:00,11,2,2,0,10,930,53,ROSNY / FERRY,,,Nuit avec éclairage allumé,En agglomération,Intersection en T,Autre,Deux véhicules - frontale,,,,,,,,,,,5,2,3,9.0,1.0
201100049131,0011-02-04 00:25:00,11,2,4,0,25,930,53,ROSNY / PARIS,,,Nuit avec éclairage allumé,En agglomération,Intersection en X,Normale,Deux véhicules - côté,,,,,,,,,,,5,2,2,1.0,3.0
201100049132,0011-02-21 15:40:00,11,2,21,15,40,930,53,R DE PARIS,,,Plein jour,En agglomération,Hors intersection,Pluie légère,Deux véhicules - arrière,,,,,,,,,,,1,2,1,2.0,2.0
201100049133,0011-02-24 16:25:00,11,2,24,16,25,930,53,AVENIR / FONTAINE,,,Plein jour,En agglomération,Intersection en T,Normale,Deux véhicules - frontale,,,,,,,,,,,1,2,3,1.0,1.0
201100049134,0011-03-08 14:30:00,11,3,8,14,30,930,53,"195, R DE BREMENT",,,Plein jour,En agglomération,Hors intersection,Normale,Autre collision,,,,,,,,,,,1,2,1,1.0,6.0
201100049135,0011-03-21 10:20:00,11,3,21,10,20,930,53,R DE BREMENT,,,Plein jour,En agglomération,Hors intersection,Normale,Sans collision,,,,,,,,,,,1,2,1,1.0,7.0
201100049136,0011-03-29 23:10:00,11,3,29,23,10,930,53,BREMENT / ROSNY,,,Nuit avec éclairage non allumé,En agglomération,Intersection en X,Pluie légère,Deux véhicules - côté,,,,,,,,,,,4,2,2,2.0,3.0
201100049137,0011-03-31 22:55:00,11,3,31,22,55,930,53,GALLIENI / STRASBOURG,,,Nuit avec éclairage allumé,En agglomération,Intersection en T,Normale,Sans collision,,,,,,,,,,,5,2,3,1.0,7.0
201100049138,0011-04-04 19:20:00,11,4,4,19,20,930,53,PARIS / ROSNY,,,Plein jour,En agglomération,Intersection à plus de 4 branches,Temps couvert,Deux véhicules - côté,,,,,,,,,,,1,2,5,8.0,3.0
201100049139,0011-04-06 19:00:00,11,4,6,19,0,930,53,BOISSIERE / RENARDIERE,,,Plein jour,En agglomération,Intersection en T,Normale,Deux véhicules - côté,,,,,,,,,,,1,2,3,1.0,3.0
201100049140,0011-04-08 12:50:00,11,4,8,12,50,930,53,"119, R DE BREMENT",,,Plein jour,En agglomération,Hors intersection,Normale,Deux véhicules - côté,,,,,,,,,,,1,2,1,1.0,3.0
201100049141,0011-04-14 17:50:00,11,4,14,17,50,930,53,JAURES / BOUQUET,,,Plein jour,En agglomération,Intersection en T,Normale,Deux véhicules - côté,,,,,,,,,,,1,2,3,1.0,3.0
201100049142,0011-05-06 20:10:00,11,5,6,20,10,930,53,GALLIENI / BURGER,,,Plein jour,En agglomération,Passage à niveau,Normale,Deux véhicules - côté,,,,,,,,,,,1,2,8,1.0,3.0
201100049143,0011-05-10 18:10:00,11,5,10,18,10,930,53,GALLIENI / ARAGO,,,Plein jour,En agglomération,Intersection en X,Normale,Deux véhicules - côté,,,,,,,,,,,1,2,2,1.0,3.0
201100049144,0011-05-25 06:40:00,11,5,25,6,40,930,53,BREMENT / BROSSELETTE,,,Plein jour,En agglomération,Intersection en T,Normale,Deux véhicules - côté,,,,,,,,,,,1,2,3,1.0,3.0
201100049145,0011-06-03 08:15:00,11,6,3,8,15,930,53,"20, R JULES AUFFRET",,,Plein jour,En agglomération,Hors intersection,Normale,Deux véhicules - côté,,,,,,,,,,,1,2,1,1.0,3.0
201100049146,0011-06-05 12:20:00,11,6,5,12,20,930,53,"49, R ANATOLE FRANCE",,,Plein jour,En agglomération,Hors intersection,Normale,Sans collision,,,,,,,,,,,1,2,1,1.0,7.0
201100049147,0011-06-10 17:50:00,11,6,10,17,50,930,53,"12, R DES BERGERIES",,,Plein jour,En agglomération,Hors intersection,Temps couvert,Autre collision,,,,,,,,,,,1,2,1,8.0,6.0
201100049148,0011-06-12 16:00:00,11,6,12,16,0,930,53,PARC / GROUX,,,Plein jour,En agglomération,Intersection en X,Normale,Deux véhicules - côté,,,,,,,,,,,1,2,2,1.0,3.0
201100049149,0011-06-22 10:10:00,11,6,22,10,10,930,53,MOISSAN / MARCEAU,,,Plein jour,En agglomération,Intersection en T,Pluie légère,Autre collision,,,,,,,,,,,1,2,3,2.0,6.0
201100049150,0011-06-22 14:30:00,11,6,22,14,30,930,53,"82, R JEAN JAURES",,,Plein jour,En agglomération,Hors intersection,Normale,Deux véhicules - frontale,,,,,,,,,,,1,2,1,1.0,1.0
201100049151,0011-06-26 13:05:00,11,6,26,13,5,930,53,BREMENT / PROGRES,,,Plein jour,En agglomération,Intersection en T,Normale,Deux véhicules - côté,,,,,,,,,,,1,2,3,1.0,3.0
201100049152,0011-07-06 14:00:00,11,7,6,14,0,930,53,"61, R ANATOLE FRANCE",,,Plein jour,En agglomération,Hors intersection,Normale,Sans collision,,,,,,,,,,,1,2,1,1.0,7.0
201100049153,0011-07-12 13:45:00,11,7,12,13,45,930,53,PARIS / ROSNY,,,Plein jour,En agglomération,Intersection en X,Normale,Autre collision,,,,,,,,,,,1,2,2,1.0,6.0
201100049154,0011-07-18 11:00:00,11,7,18,11,0,930,53,SALENGRO / KERAUTRET,,,Plein jour,En agglomération,Intersection en T,Normale,Deux véhicules - côté,,,,,,,,,,,1,2,3,1.0,3.0
201100049155,0011-07-24 22:55:00,11,7,24,22,55,930,53,BAUDIN / NOISY,,,Nuit avec éclairage allumé,En agglomération,Intersection en T,Normale,Deux véhicules - côté,,,,,,,,,,,5,2,3,1.0,3.0
201100049156,0011-07-29 18:40:00,11,7,29,18,40,930,53,R DE PARIS,,,Plein jour,En agglomération,Hors intersection,Normale,Trois véhicules et plus - en chaîne,,,,,,,,,,,1,2,1,1.0,4.0
201100049157,0011-08-10 13:30:00,11,8,10,13,30,930,53,R DE PARIS,,,Plein jour,En agglomération,Hors intersection,Normale,Autre collision,,,,,,,,,,,1,2,1,1.0,6.0
201100049158,0011-08-22 17:55:00,11,8,22,17,55,930,53,R DE BREMENT,,,Plein jour,En agglomération,Hors intersection,Normale,Deux véhicules - côté,,,,,,,,,,,1,2,1,1.0,3.0
201100049159,0011-08-31 22:20:00,11,8,31,22,20,930,53,BREMENT / JAURES,,,Nuit avec éclairage allumé,En agglomération,Intersection en X,Pluie légère,Deux véhicules - arrière,,,,,,,,,,,5,2,2,2.0,2.0
201100049160,0011-09-08 11:30:00,11,9,8,11,30,930,53,R DU 19 MARS 1962,,,Plein jour,En agglomération,Hors intersection,Normale,Autre collision,,,,,,,,,,,1,2,1,1.0,6.0
201100049161,0011-09-10 17:10:00,11,9,10,17,10,930,53,AV PAUL VAILLANT COUTURI,,,Plein jour,En agglomération,Hors intersection,Normale,Deux véhicules - côté,,,,,,,,,,,1,2,1,1.0,3.0
201100049162,0011-09-14 00:55:00,11,9,14,0,55,930,53,"87, R ANATOLE FRANCE",,,Nuit avec éclairage non allumé,En agglomération,Hors intersection,Normale,Sans collision,,,,,,,,,,,4,2,1,1.0,7.0
201100049163,0011-09-21 13:25:00,11,9,21,13,25,930,53,"17, JEAN JAURES (RUE)",,,Plein jour,En agglomération,Intersection en T,Normale,Deux véhicules - côté,,,,,,,,,,,1,2,3,1.0,3.0
201100049164,0011-09-23 16:55:00,11,9,23,16,55,930,53,"86, R JEAN JAURES",,,Plein jour,En agglomération,Hors intersection,Normale,Autre collision,,,,,,,,,,,1,2,1,1.0,6.0
201100049165,0011-09-25 22:45:00,11,9,25,22,45,930,53,GAULLE / SALENGRO,,,Nuit avec éclairage allumé,En agglomération,Giratoire,Normale,Deux véhicules - frontale,,,,,,,,,,,5,2,6,1.0,1.0
201100049166,0011-09-26 17:20:00,11,9,26,17,20,930,53,"9, BD DE LA REPUBLIQUE",,,Plein jour,En agglomération,Hors intersection,Normale,Autre collision,,,,,,,,,,,1,2,1,1.0,6.0
201100049167,0011-09-29 09:10:00,11,9,29,9,10,930,53,BERGERIES / COUTURIER,,,Plein jour,En agglomération,Intersection en T,Normale,Deux véhicules - côté,,,,,,,,,,,1,2,3,1.0,3.0
201100049168,0011-09-30 09:30:00,11,9,30,9,30,930,53,JAURES / REPUBLIQUE,,,Plein jour,En agglomération,Intersection en X,Normale,Autre collision,,,,,,,,,,,1,2,2,1.0,6.0
201100049169,0011-10-03 00:30:00,11,10,3,0,30,930,53,PARC / COUTURIER,,,Nuit avec éclairage allumé,En agglomération,Intersection en X,Normale,Deux véhicules - côté,,,,,,,,,,,5,2,2,1.0,3.0
201100049170,0011-10-03 09:20:00,11,10,3,9,20,930,53,R DE BREMENT,,,Plein jour,En agglomération,Hors intersection,Normale,Deux véhicules - arrière,,,,,,,,,,,1,2,1,1.0,2.0
201100049171,0011-10-04 16:00:00,11,10,4,16,0,930,53,PARIS / PARC,,,Plein jour,En agglomération,Intersection en X,Temps couvert,Deux véhicules - côté,,,,,,,,,,,1,2,2,8.0,3.0
201100049172,0011-10-08 12:50:00,11,10,8,12,50,930,53,"39, BREMENT (RUE DE) 1 A",,,Plein jour,En agglomération,Hors intersection,Pluie légère,Autre collision,,,,,,,,,,,1,2,1,2.0,6.0
201100049173,0011-10-09 04:00:00,11,10,9,4,0,930,53,R ANATOLE FRANCE,,,Nuit avec éclairage allumé,En agglomération,Hors intersection,Pluie légère,Sans collision,,,,,,,,,,,5,2,1,2.0,7.0
201100049174,0011-10-09 05:30:00,11,10,9,5,30,930,53,R DU PARC,,,Nuit avec éclairage allumé,En agglomération,Hors intersection,Pluie légère,Trois véhicules et plus - collisions multiples,,,,,,,,,,,5,2,1,2.0,5.0
201100049175,0011-10-09 22:12:00,11,10,9,22,12,930,53,R DE PARIS,,,Nuit avec éclairage allumé,En agglomération,Hors intersection,Normale,Sans collision,,,,,,,,,,,5,2,1,1.0,7.0
201100049176,0011-10-12 09:15:00,11,10,12,9,15,930,53,R DE PARIS,,,Plein jour,En agglomération,Hors intersection,Normale,Sans collision,,,,,,,,,,,1,2,1,1.0,7.0
201100049177,0011-10-15 09:50:00,11,10,15,9,50,930,53,PARIS / ROSNY,,,Plein jour,En agglomération,Intersection en X,Normale,Deux véhicules - côté,,,,,,,,,,,1,2,2,1.0,3.0
201100049178,0011-10-17 19:30:00,11,10,17,19,30,930,53,PARIS / GALLIENI,,,Nuit avec éclairage allumé,En agglomération,Intersection en X,Normale,Trois véhicules et plus - collisions multiples,,,,,,,,,,,5,2,2,1.0,5.0
201100049179,0011-10-24 16:30:00,11,10,24,16,30,930,53,GARE / SEMARD,,,Plein jour,En agglomération,Place,Normale,Deux véhicules - côté,,,,,,,,,,,1,2,7,1.0,3.0
201100049180,0011-10-31 21:00:00,11,10,31,21,0,930,53,R DE BREMENT,,,Nuit avec éclairage allumé,En agglomération,Hors intersection,Normale,Autre collision,,,,,,,,,,,5,2,1,1.0,6.0
201100049181,0011-11-02 16:30:00,11,11,2,16,30,930,53,AV DE ROSNY,,,Plein jour,En agglomération,Passage à niveau,Autre,Deux véhicules - arrière,,,,,,,,,,,1,2,8,9.0,2.0
201100049182,0011-11-04 06:40:00,11,11,4,6,40,930,53,PARC / FRANCE,,,Crépuscule ou aube,En agglomération,Intersection en Y,Normale,Autre collision,,,,,,,,,,,2,2,4,1.0,6.0
201100049183,0011-11-08 08:05:00,11,11,8,8,5,930,53,R DU PARC,,,Plein jour,En agglomération,Hors intersection,Pluie légère,Trois véhicules et plus - en chaîne,,,,,,,,,,,1,2,1,2.0,4.0
201100049184,0011-11-12 02:20:00,11,11,12,2,20,930,53,BREMENT / ROSNY,,,Nuit avec éclairage allumé,En agglomération,Intersection en X,Normale,Deux véhicules - côté,,,,,,,,,,,5,2,2,1.0,3.0
201100049185,0011-11-21 07:30:00,11,11,21,7,30,930,53,AV DE ROSNY,,,Nuit avec éclairage allumé,En agglomération,Hors intersection,Pluie légère,Deux véhicules - arrière,,,,,,,,,,,5,2,1,2.0,2.0
201100049186,0011-11-22 16:30:00,11,11,22,16,30,930,53,BD ROGER SALENGRO,,,Crépuscule ou aube,En agglomération,Hors intersection,Normale,Sans collision,,,,,,,,,,,2,2,1,1.0,7.0
201100049187,0011-12-16 07:50:00,11,12,16,7,50,930,53,"125, BREMENT (RUE DE) 10",,,Nuit avec éclairage allumé,En agglomération,Hors intersection,Vent fort / tempête,Deux véhicules - arrière,,,,,,,,,,,5,2,1,6.0,2.0
201100049188,0011-12-24 07:15:00,11,12,24,7,15,930,53,JULES AUFFRET (RUE),,,Nuit avec éclairage allumé,En agglomération,Hors intersection,Autre,Deux véhicules - frontale,,,,,,,,,,,5,2,1,9.0,1.0
201100049189,0011-01-01 01:30:00,11,1,1,1,30,930,55,"128, JEAN LOLIVE (AVENUE",,,Nuit avec éclairage allumé,En agglomération,Intersection en T,Normale,Trois véhicules et plus - collisions multiples,,,,,,,,,,,5,2,3,1.0,5.0
201100049190,0011-01-06 08:00:00,11,1,6,8,0,930,55,BORREAU / LOLIVE,,,Nuit avec éclairage allumé,En agglomération,Intersection en T,Pluie légère,Autre collision,,,,,,,,,,,5,2,3,2.0,6.0
201100049191,0011-01-08 11:30:00,11,1,8,11,30,930,55,"37, AV DU GENERAL LECLER",,,Plein jour,En agglomération,Hors intersection,Normale,Trois véhicules et plus - collisions multiples,,,,,,,,,,,1,2,1,1.0,5.0
201100049192,0011-01-15 07:35:00,11,1,15,7,35,930,55,"11, R DE DELIZY",,,Crépuscule ou aube,En agglomération,Hors intersection,Normale,Deux véhicules - frontale,,,,,,,,,,,2,2,1,1.0,1.0
201100049193,0011-01-16 07:15:00,11,1,16,7,15,930,55,"180, AV DU GENERAL LECLE",,,Plein jour,En agglomération,Hors intersection,Normale,Deux véhicules - arrière,,,,,,,,,,,1,2,1,1.0,2.0
201100049194,0011-01-23 06:45:00,11,1,23,6,45,930,55,"79, AV DU GENERAL LECLER",,,Nuit avec éclairage allumé,En agglomération,Hors intersection,Temps couvert,Sans collision,,,,,,,,,,,5,2,1,8.0,7.0
201100049195,0011-01-27 13:15:00,11,1,27,13,15,930,55,"202, AV JEAN LOLIVE",,,Plein jour,En agglomération,Hors intersection,Normale,Sans collision,,,,,,,,,,,1,2,1,1.0,7.0
201100049196,0011-02-22 17:20:00,11,2,22,17,20,930,55,"49, GENERAL LECLERC(AVE",,,Plein jour,En agglomération,Hors intersection,Normale,Trois véhicules et plus - collisions multiples,,,,,,,,,,,1,2,1,1.0,5.0
201100049197,0011-02-26 19:15:00,11,2,26,19,15,930,55,AV JEAN JAURES,,,Nuit avec éclairage allumé,En agglomération,Hors intersection,Normale,Deux véhicules - arrière,,,,,,,,,,,5,2,1,1.0,2.0
201100049198,0011-02-28 20:20:00,11,2,28,20,20,930,55,DELIZY / HUGO,,,Nuit avec éclairage allumé,En agglomération,Intersection en X,Normale,Autre collision,,,,,,,,,,,5,2,2,1.0,6.0
201100049199,0011-03-16 08:10:00,11,3,16,8,10,930,55,AV JEAN JAURES,,,Plein jour,En agglomération,Hors intersection,Normale,Deux véhicules - côté,,,,,,,,,,,1,2,1,1.0,3.0
201100049200,0011-03-17 10:40:00,11,3,17,10,40,930,55,LOLIVE / FORMAGNE,,,Plein jour,En agglomération,Intersection en T,Normale,Deux véhicules - arrière,,,,,,,,,,,1,2,3,1.0,2.0
201100049201,0011-03-18 18:00:00,11,3,18,18,0,930,55,AV JEAN JAURES,,,Plein jour,En agglomération,Passage à niveau,Pluie légère,Autre collision,,,,,,,,,,,1,2,8,2.0,6.0
201100049202,0011-03-20 19:45:00,11,3,20,19,45,930,55,COURTILLIERES / COURTILL,,,Nuit avec éclairage allumé,En agglomération,Intersection en T,Normale,Deux véhicules - côté,,,,,,,,,,,5,2,3,1.0,3.0
201100049203,0011-04-05 16:10:00,11,4,5,16,10,930,55,DELIZY / HUGO,,,Plein jour,En agglomération,Intersection en X,Normale,Deux véhicules - côté,,,,,,,,,,,1,2,2,1.0,3.0
201100049204,0011-04-11 14:45:00,11,4,11,14,45,930,55,"14, R DE SCANDICCI",,,Plein jour,En agglomération,Hors intersection,Normale,Deux véhicules - côté,,,,,,,,,,,1,2,1,1.0,3.0
201100049205,0011-04-11 18:05:00,11,4,11,18,5,930,55,"8, VOI DE LA RESISTANCE",48.88719,3.45699,Plein jour,En agglomération,Hors intersection,Normale,Sans collision,,,,,,,,,,,1,2,1,1.0,7.0
201100049206,0011-04-12 19:20:00,11,4,12,19,20,930,55,AV EDOUARD VAILLANT,,,Plein jour,En agglomération,Hors intersection,Normale,Deux véhicules - côté,,,,,,,,,,,1,2,1,1.0,3.0
201100049207,0011-04-08 19:50:00,11,4,8,19,50,930,55,LOLIVE / HOCHE,,,Crépuscule ou aube,En agglomération,Intersection à plus de 4 branches,Normale,Autre collision,,,,,,,,,,,2,2,5,1.0,6.0
201100049208,0011-04-20 21:42:00,11,4,20,21,42,930,55,"95, AV EDOUARD VAILLANT",,,Nuit avec éclairage allumé,En agglomération,Hors intersection,Normale,Deux véhicules - arrière,,,,,,,,,,,5,2,1,1.0,2.0
201100049209,0011-04-22 10:25:00,11,4,22,10,25,930,55,"28, AV JEAN LOLIVE",,,Plein jour,En agglomération,Hors intersection,Normale,Deux véhicules - côté,,,,,,,,,,,1,2,1,1.0,3.0
201100049210,0011-04-22 18:30:00,11,4,22,18,30,930,55,"8, AV DU 8 MAI 1945",,,Plein jour,En agglomération,Hors intersection,Normale,Autre collision,,,,,,,,,,,1,2,1,1.0,6.0
201100049211,0011-04-22 19:47:00,11,4,22,19,47,930,55,DIDEROT / LECLERC,,,Plein jour,En agglomération,Intersection en T,Normale,Trois véhicules et plus - collisions multiples,,,,,,,,,,,1,2,3,1.0,5.0
201100049212,0011-04-25 22:00:00,11,4,25,22,0,930,55,"231, AV JEAN LOLIVE",,,Nuit avec éclairage allumé,En agglomération,Hors intersection,Normale,Autre collision,,,,,,,,,,,5,2,1,1.0,6.0
201100049213,0011-04-26 16:30:00,11,4,26,16,30,930,55,"51, R VICTOR HUGO",,,Plein jour,En agglomération,Hors intersection,Normale,Sans collision,,,,,,,,,,,1,2,1,1.0,7.0