accident_id,datetime,annee,mois,jour,heure,minute,departement,commune_insee,adresse,latitude,longitude,luminosite,agglomeration,intersection,meteo,collision,nb_vehicules,nb_usagers,nb_indemnes,nb_tues,nb_blesses_hosp,nb_blesses_legers,age_cond_1,age_cond_2,veh_type_cond_1,veh_type_cond_2,lum_code,agg_code,int_code,atm_code,col_code
201100049605,0011-09-15 09:38:00,11,9,15,9,38,930,66,R DE LA METALLURGIE,,,Plein jour,En agglomération,Hors intersection,Normale,Deux véhicules - côté,,,,,,,,,,,1,2,1,1.0,3.0
201100049606,0011-09-15 09:25:00,11,9,15,9,25,930,66,GORKI / MARVILLE,,,Plein jour,En agglomération,Intersection en Y,Normale,Deux véhicules - côté,,,,,,,,,,,1,2,4,1.0,3.0
201100049607,0011-09-15 11:55:00,11,9,15,11,55,930,66,R PAUL ELUARD,,,Plein jour,En agglomération,Hors intersection,Normale,Deux véhicules - côté,,,,,,,,,,,1,2,1,1.0,3.0
201100049608,0011-09-16 14:40:00,11,9,16,14,40,930,39,SAINT-DENIS / MARINE,,,Plein jour,En agglomération,Intersection en T,Normale,Deux véhicules - côté,,,,,,,,,,,1,2,3,1.0,3.0
201100049609,0011-09-20 16:15:00,11,9,20,16,15,930,66,R DE LA PROCESSION,,,Plein jour,En agglomération,Hors intersection,Normale,Deux véhicules - côté,,,,,,,,,,,1,2,1,1.0,3.0
201100049610,0011-09-21 15:15:00,11,9,21,15,15,930,66,"22, BD ORNANO",,,Plein jour,En agglomération,Hors intersection,Normale,Autre collision,,,,,,,,,,,1,2,1,1.0,6.0
201100049611,0011-09-22 11:41:00,11,9,22,11,41,930,66,AV DES ARTS ET METIERS,,,Plein jour,En agglomération,Hors intersection,Normale,Deux véhicules - côté,,,,,,,,,,,1,2,1,1.0,3.0
201100049612,0011-09-23 18:30:00,11,9,23,18,30,930,66,MONTJOIE / PROCESSION,,,Plein jour,En agglomération,Intersection en X,Normale,Deux véhicules - côté,,,,,,,,,,,1,2,2,1.0,3.0
201100049613,0011-09-23 20:30:00,11,9,23,20,30,930,66,R JEAN MARCENAC,,,Nuit avec éclairage allumé,En agglomération,Hors intersection,Normale,Autre collision,,,,,,,,,,,5,2,1,1.0,6.0
201100049614,0011-09-28 18:30:00,11,9,28,18,30,930,66,R DE LA PROCESSION,,,Plein jour,En agglomération,Hors intersection,Normale,Autre collision,,,,,,,,,,,1,2,1,1.0,6.0
201100049615,0011-09-29 13:50:00,11,9,29,13,50,930,66,"112, R AMBROISE CROIZAT",,,Plein jour,En agglomération,Passage à niveau,Normale,Trois véhicules et plus - en chaîne,,,,,,,,,,,1,2,8,1.0,4.0
201100049616,0011-09-30 10:26:00,11,9,30,10,26,930,66,FRANCIADE / LANNE,,,Plein jour,En agglomération,Intersection à plus de 4 branches,Normale,Deux véhicules - côté,,,,,,,,,,,1,2,5,1.0,3.0
201100049617,0011-10-02 13:15:00,11,10,2,13,15,930,66,R DE STRASBOURG,,,Plein jour,En agglomération,Hors intersection,Normale,Autre collision,,,,,,,,,,,1,2,1,1.0,6.0
201100049618,0011-10-03 23:00:00,11,10,3,23,0,930,66,SEMBAT / LEBLANC,,,Nuit avec éclairage allumé,En agglomération,Intersection en T,Normale,Deux véhicules - côté,,,,,,,,,,,5,2,3,1.0,3.0
201100049619,0011-10-07 09:00:00,11,10,7,9,0,930,66,BD DE LA LIBERATION,,,Plein jour,En agglomération,Hors intersection,Normale,Deux véhicules - frontale,,,,,,,,,,,1,2,1,1.0,1.0
201100049620,0011-10-13 16:00:00,11,10,13,16,0,930,66,AV DU GENERAL DE GAULLE,,,Plein jour,En agglomération,Hors intersection,Normale,Autre collision,,,,,,,,,,,1,2,1,1.0,6.0
201100049621,0011-10-13 17:50:00,11,10,13,17,50,930,66,R AMBROISE CROIZAT,,,Plein jour,En agglomération,Hors intersection,Normale,Deux véhicules - côté,,,,,,,,,,,1,2,1,1.0,3.0
201100049622,0011-10-14 16:10:00,11,10,14,16,10,930,66,SAMSON / GENIN,,,Plein jour,En agglomération,Intersection en X,Normale,Deux véhicules - côté,,,,,,,,,,,1,2,2,1.0,3.0
201100049623,0011-10-15 18:50:00,11,10,15,18,50,930,66,AV DE SAINT-REMY,,,Plein jour,En agglomération,Hors intersection,Normale,Autre collision,,,,,,,,,,,1,2,1,1.0,6.0
201100049624,0011-10-16 15:40:00,11,10,16,15,40,930,66,"33, BD ANATOLE FRANCE",,,Plein jour,En agglomération,Hors intersection,Normale,Deux véhicules - côté,,,,,,,,,,,1,2,1,1.0,3.0
201100049625,0011-10-17 23:00:00,11,10,17,23,0,930,66,R DANIELLE CASANOVA,,,Nuit avec éclairage allumé,En agglomération,Hors intersection,Normale,Autre collision,,,,,,,,,,,5,2,1,1.0,6.0
201100049626,0011-10-19 08:30:00,11,10,19,8,30,930,66,CASANOVA / MONTFORT,,,Plein jour,En agglomération,Intersection en X,Pluie légère,Deux véhicules - côté,,,,,,,,,,,1,2,2,2.0,3.0
201100049627,0011-10-20 09:35:00,11,10,20,9,35,930,66,R AMBROISE CROIZAT,,,Plein jour,En agglomération,Hors intersection,Normale,Deux véhicules - côté,,,,,,,,,,,1,2,1,1.0,3.0
201100049628,0011-10-20 20:00:00,11,10,20,20,0,930,66,"32, AV LENINE",,,Nuit avec éclairage allumé,En agglomération,Hors intersection,Normale,Autre collision,,,,,,,,,,,5,2,1,1.0,6.0
201100049629,0011-10-24 07:25:00,11,10,24,7,25,930,66,"1, BD CARNOT",,,Nuit avec éclairage allumé,En agglomération,Hors intersection,Normale,Autre collision,,,,,,,,,,,5,2,1,1.0,6.0
201100049630,0011-10-26 11:20:00,11,10,26,11,20,930,66,"181, AV DU PRESIDENT WIL",,,Plein jour,En agglomération,Hors intersection,Normale,Autre collision,,,,,,,,,,,1,2,1,1.0,6.0
201100049631,0011-10-26 15:20:00,11,10,26,15,20,930,66,FRANCE / BRETONS,,,Plein jour,En agglomération,Intersection en X,Normale,Deux véhicules - côté,,,,,,,,,,,1,2,2,1.0,3.0
201100049632,0011-10-27 07:00:00,11,10,27,7,0,930,66,"86, R AMBROISE CROIZAT",,,Nuit avec éclairage allumé,En agglomération,Hors intersection,Normale,Deux véhicules - côté,,,,,,,,,,,5,2,1,1.0,3.0
201100049633,0011-10-30 05:00:00,11,10,30,5,0,930,66,R VOLTAIRE,,,Nuit avec éclairage allumé,En agglomération,Hors intersection,Normale,Deux véhicules - arrière,,,,,,,,,,,5,2,1,1.0,2.0
201100049634,0011-10-29 21:00:00,11,10,29,21,0,930,66,"72, R AMBROISE CROIZAT",,,Nuit avec éclairage allumé,En agglomération,Hors intersection,Pluie forte,Trois véhicules et plus - en chaîne,,,,,,,,,,,5,2,1,3.0,4.0
201100049635,0011-11-01 18:50:00,11,11,1,18,50,930,66,SEMBAT / DEZOBRY,,,Nuit sans éclairage public,En agglomération,Intersection en X,Pluie légère,Deux véhicules - côté,,,,,,,,,,,3,2,2,2.0,3.0
201100049636,0011-11-04 09:50:00,11,11,4,9,50,930,66,AV DU DOCTEUR LAMAZE,,,Plein jour,En agglomération,Hors intersection,Normale,Autre collision,,,,,,,,,,,1,2,1,1.0,6.0
201100049637,0011-11-06 20:20:00,11,11,6,20,20,930,66,AV LENINE,,,Nuit avec éclairage allumé,En agglomération,Hors intersection,Normale,Deux véhicules - côté,,,,,,,,,,,5,2,1,1.0,3.0
201100049638,0011-11-11 09:50:00,11,11,11,9,50,930,66,"68, AV LENINE",,,Plein jour,En agglomération,Hors intersection,Temps couvert,Deux véhicules - arrière,,,,,,,,,,,1,2,1,8.0,2.0
201100049639,0011-11-10 18:25:00,11,11,10,18,25,930,66,BD ANATOLE FRANCE,,,Nuit avec éclairage allumé,En agglomération,Hors intersection,Normale,Sans collision,,,,,,,,,,,5,2,1,1.0,7.0
201100049640,0011-11-12 14:45:00,11,11,12,14,45,930,66,THOREZ / ELUARD,,,Plein jour,En agglomération,Intersection en Y,Normale,Deux véhicules - côté,,,,,,,,,,,1,2,4,1.0,3.0
201100049641,0011-11-14 12:30:00,11,11,14,12,30,930,66,BD ANATOLE FRANCE,,,Plein jour,En agglomération,Hors intersection,Normale,Deux véhicules - arrière,,,,,,,,,,,1,2,1,1.0,2.0
201100049642,0011-11-15 09:40:00,11,11,15,9,40,930,66,R AMBROISE CROIZAT,,,Plein jour,En agglomération,Hors intersection,Normale,Deux véhicules - arrière,,,,,,,,,,,1,2,1,1.0,2.0
201100049643,0011-11-16 15:50:00,11,11,16,15,50,930,66,BONNEVIDE / VERLAINE,,,Plein jour,En agglomération,Intersection en X,Normale,Deux véhicules - côté,,,,,,,,,,,1,2,2,1.0,3.0
201100049644,0011-11-18 08:40:00,11,11,18,8,40,930,66,CROIZAT / CHRISTOFLE,,,Plein jour,En agglomération,Intersection en T,Normale,Deux véhicules - arrière,,,,,,,,,,,1,2,3,1.0,2.0
201100049645,0011-11-19 22:00:00,11,11,19,22,0,930,66,BD MAXIME GORKI,,,Nuit avec éclairage non allumé,En agglomération,Hors intersection,Normale,Autre collision,,,,,,,,,,,4,2,1,1.0,6.0
201100049646,0011-11-21 13:45:00,11,11,21,13,45,930,66,R AMBROISE CROIZAT,,,Plein jour,En agglomération,Hors intersection,Normale,Trois véhicules et plus - en chaîne,,,,,,,,,,,1,2,1,1.0,4.0
201100049647,0011-11-24 14:10:00,11,11,24,14,10,930,66,AV ROGER SEMAT,,,Plein jour,En agglomération,Hors intersection,Normale,Deux véhicules - côté,,,,,,,,,,,1,2,1,1.0,3.0
201100049648,0011-11-25 18:30:00,11,11,25,18,30,930,66,R HENRI DELAUNAY,,,Nuit avec éclairage allumé,En agglomération,Hors intersection,Normale,Autre collision,,,,,,,,,,,5,2,1,1.0,6.0
201100049649,0011-11-29 09:40:00,11,11,29,9,40,930,66,VAILLANT COUTURIER PAUL,,,Plein jour,En agglomération,Intersection en Y,Normale,Deux véhicules - frontale,,,,,,,,,,,1,2,4,1.0,1.0
201100049650,0011-11-30 10:45:00,11,11,30,10,45,930,66,"12, BD DE LA COMMUNE DE",,,Plein jour,En agglomération,Hors intersection,Normale,Deux véhicules - côté,,,,,,,,,,,1,2,1,1.0,3.0
201100049651,0011-11-30 09:20:00,11,11,30,9,20,930,66,R FRANCIS DE PRESSENCE,,,Plein jour,En agglomération,Hors intersection,Normale,Autre collision,,,,,,,,,,,1,2,1,1.0,6.0
201100049652,0011-12-02 06:55:00,11,12,2,6,55,930,66,CASANOVA DANIELLE NR 2 A,,,Nuit avec éclairage allumé,En agglomération,Intersection en X,Pluie légère,Autre collision,,,,,,,,,,,5,2,2,2.0,6.0
201100049653,0011-12-02 12:45:00,11,12,2,12,45,930,66,MARTI JOSE,,,Plein jour,En agglomération,Hors intersection,Normale,Autre collision,,,,,,,,,,,1,2,1,1.0,6.0
201100049654,0011-12-02 20:24:00,11,12,2,20,24,930,66,"50, VAILLANT COUTURIER P",,,Nuit avec éclairage allumé,En agglomération,Hors intersection,Normale,Deux véhicules - arrière,,,,,,,,,,,5,2,1,1.0,2.0
201100049655,0011-12-03 16:00:00,11,12,3,16,0,930,66,"88, ""STALINGRAD (AVENUE)",,,Plein jour,En agglomération,Intersection en X,Pluie légère,Deux véhicules - côté,,,,,,,,,,,1,2,2,2.0,3.0
201100049656,0011-12-11 16:25:00,11,12,11,16,25,930,66,"25, LEGION D'HONNEUR",,,Plein jour,En agglomération,Hors intersection,Pluie légère,Sans collision,,,,,,,,,,,1,2,1,2.0,7.0
201100049657,0011-12-13 07:25:00,11,12,13,7,25,930,66,DE PRESSENSE FRANCIS,,,Nuit avec éclairage allumé,En agglomération,Giratoire,Pluie légère,Sans collision,,,,,,,,,,,5,2,6,2.0,7.0
201100049658,0011-12-13 08:50:00,11,12,13,8,50,930,66,"36, LENINE (AVENUE) NR 2",,,Plein jour,En agglomération,Hors intersection,Pluie forte,Autre collision,,,,,,,,,,,1,2,1,3.0,6.0
201100049659,0011-12-16 08:50:00,11,12,16,8,50,930,39,MARINE (QUAI DE LA ),,,Plein jour,En agglomération,Hors intersection,Pluie légère,Autre collision,,,,,,,,,,,1,2,1,2.0,6.0
201100049660,0011-12-19 06:13:00,11,12,19,6,13,930,66,CROIZAT AMBROISE RD 29 B,,,Nuit avec éclairage allumé,En agglomération,Hors intersection,Autre,Deux véhicules - côté,,,,,,,,,,,5,2,1,9.0,3.0
201100049661,0011-12-19 09:30:00,11,12,19,9,30,930,66,GENERAL DE GAULLE,,,Plein jour,Hors agglomération,Hors intersection,Neige / grêle,Deux véhicules - arrière,,,,,,,,,,,1,1,1,4.0,2.0
201100049662,0011-12-19 14:10:00,11,12,19,14,10,930,66,"21, COMMUNE DE PARIS (BO",,,Plein jour,En agglomération,Hors intersection,Temps couvert,Autre collision,,,,,,,,,,,1,2,1,8.0,6.0
201100049663,0011-12-19 19:45:00,11,12,19,19,45,930,66,"58-60, LENINE (AVENUE) N",,,Nuit avec éclairage allumé,En agglomération,Hors intersection,Pluie légère,Deux véhicules - arrière,,,,,,,,,,,5,2,1,2.0,2.0
201100049664,0011-12-19 22:55:00,11,12,19,22,55,930,66,FRANCE ANATOLE ENTREE A1,,,Nuit avec éclairage allumé,En agglomération,Intersection en T,Pluie légère,Deux véhicules - côté,,,,,,,,,,,5,2,3,2.0,3.0
201100049665,0011-12-15 14:54:00,11,12,15,14,54,930,66,PONT GODET (RUE),,,Plein jour,En agglomération,Hors intersection,Normale,Autre collision,,,,,,,,,,,1,2,1,1.0,6.0
201100049666,0011-12-23 09:40:00,11,12,23,9,40,930,66,"70, FRANCE ANATOLE (BOUL",,,Plein jour,En agglomération,Hors intersection,Normale,Deux véhicules - côté,,,,,,,,,,,1,2,1,1.0,3.0
201100049667,0011-12-23 21:45:00,11,12,23,21,45,930,66,SAINT JUST (ALLEE),,,Nuit sans éclairage public,En agglomération,Hors intersection,Pluie forte,Autre collision,,,,,,,,,,,3,2,1,3.0,6.0
201100049668,0011-12-26 19:00:00,11,12,26,19,0,930,66,"2, COURNEUVE (ROUTE)",,,Nuit sans éclairage public,En agglomération,Hors intersection,Normale,Autre collision,,,,,,,,,,,3,2,1,1.0,6.0
201100049669,0011-12-28 11:30:00,11,12,28,11,30,930,66,CAQUET (PLACE),,,Plein jour,En agglomération,Hors intersection,Normale,Autre collision,,,,,,,,,,,1,2,1,1.0,6.0
201100049670,0011-12-28 16:55:00,11,12,28,16,55,930,66,MOULIN JEAN (AVE) NR 10,,,Crépuscule ou aube,En agglomération,Hors intersection,Temps couvert,Deux véhicules - côté,,,,,,,,,,,2,2,1,8.0,3.0
201100049671,0011-12-26 19:45:00,11,12,26,19,45,930,66,METALLURGIE (AVENUE),,,Nuit avec éclairage allumé,En agglomération,Hors intersection,Normale,Deux véhicules - côté,,,,,,,,,,,5,2,1,1.0,3.0
201100049672,0011-01-02 21:00:00,11,1,2,21,0,930,70,"122, BD VICTOR HUGO",,,Nuit avec éclairage allumé,En agglomération,Hors intersection,Normale,Deux véhicules - côté,,,,,,,,,,,5,2,1,1.0,3.0
201100049673,0011-01-04 11:35:00,11,1,4,11,35,930,70,"64, AV GABRIEL PERI",,,Plein jour,En agglomération,Hors intersection,Normale,Autre collision,,,,,,,,,,,1,2,1,1.0,6.0
201100049674,0011-01-05 08:30:00,11,1,5,8,30,930,70,SCHMIDT / BABINSKI,,,Plein jour,En agglomération,Intersection en X,Normale,Sans collision,,,,,,,,,,,1,2,2,1.0,7.0
201100049675,0011-01-05 20:40:00,11,1,5,20,40,930,70,"108, R DOCTEUR BAUE",,,Nuit avec éclairage allumé,En agglomération,Hors intersection,Pluie forte,Deux véhicules - frontale,,,,,,,,,,,5,2,1,3.0,1.0
201100049676,0011-01-14 10:30:00,11,1,14,10,30,930,70,"63, R ARDOIN",,,Plein jour,En agglomération,Hors intersection,Normale,Deux véhicules - côté,,,,,,,,,,,1,2,1,1.0,3.0
201100049677,0011-01-15 22:00:00,11,1,15,22,0,930,70,JAURES / BASSET,,,Nuit avec éclairage allumé,En agglomération,Intersection en T,Normale,Deux véhicules - arrière,,,,,,,,,,,5,2,3,1.0,2.0
201100049678,0011-01-19 19:15:00,11,1,19,19,15,930,70,"108, R DOCTEUR BAUER",,,Nuit avec éclairage allumé,En agglomération,Hors intersection,Normale,Autre collision,,,,,,,,,,,5,2,1,1.0,6.0
201100049679,0011-01-21 00:01:00,11,1,21,0,1,930,70,MICHELET / LANDY,,,Nuit avec éclairage allumé,En agglomération,Intersection en X,Normale,Deux véhicules - côté,,,,,,,,,,,5,2,2,1.0,3.0
201100049680,0011-01-25 07:15:00,11,1,25,7,15,930,70,"114, R DE SAINT-DENIS",,,Plein jour,En agglomération,Hors intersection,Normale,Deux véhicules - côté,,,,,,,,,,,1,2,1,1.0,3.0
201100049681,0011-01-31 18:00:00,11,1,31,18,0,930,70,NOETHER / HUGO,,,Nuit avec éclairage allumé,En agglomération,Intersection en T,Normale,Deux véhicules - côté,,,,,,,,,,,5,2,3,1.0,3.0
201100049682,0011-02-07 17:00:00,11,2,7,17,0,930,70,AV MICHELET,,,Plein jour,En agglomération,Hors intersection,Normale,Deux véhicules - côté,,,,,,,,,,,1,2,1,1.0,3.0
201100049683,0011-02-08 17:00:00,11,2,8,17,0,930,70,AV MICHELET,,,Plein jour,En agglomération,Hors intersection,Normale,Deux véhicules - côté,,,,,,,,,,,1,2,1,1.0,3.0
201100049684,0011-02-23 14:40:00,11,2,23,14,40,930,70,ARAGO / FLOREAL,,,Plein jour,En agglomération,Intersection en X,Pluie légère,Deux véhicules - côté,,,,,,,,,,,1,2,2,2.0,3.0
201100049685,0011-02-25 21:30:00,11,2,25,21,30,930,70,AV MICHELET,,,Nuit avec éclairage allumé,En agglomération,Hors intersection,Pluie légère,Deux véhicules - côté,,,,,,,,,,,5,2,1,2.0,3.0
201100049686,0011-02-27 16:00:00,11,2,27,16,0,930,70,PERI / RASPAIL,,,Plein jour,En agglomération,Intersection en T,Normale,Deux véhicules - côté,,,,,,,,,,,1,2,3,1.0,3.0
201100049687,0011-03-06 18:40:00,11,3,6,18,40,930,70,"16, R DE L'HERMET",,,Crépuscule ou aube,En agglomération,Hors intersection,Normale,Autre collision,,,,,,,,,,,2,2,1,1.0,6.0
201100049688,0011-02-19 06:15:00,11,2,19,6,15,930,70,BAUER / ACHILLE,,,Crépuscule ou aube,En agglomération,Intersection en T,Normale,Deux véhicules - arrière,,,,,,,,,,,2,2,3,1.0,2.0
201100049689,0011-03-07 14:30:00,11,3,7,14,30,930,70,"54, AV GABRIEL PERI",,,Plein jour,En agglomération,Hors intersection,Normale,Trois véhicules et plus - collisions multiples,,,,,,,,,,,1,2,1,1.0,5.0
201100049690,0011-03-23 14:15:00,11,3,23,14,15,930,70,SEINE / BATELIERS,,,Plein jour,En agglomération,Intersection en T,Normale,Deux véhicules - arrière,,,,,,,,,,,1,2,3,1.0,2.0
201100049691,0011-03-23 19:40:00,11,3,23,19,40,930,70,R EMILE CORDON,,,Plein jour,En agglomération,Hors intersection,Normale,Deux véhicules - arrière,,,,,,,,,,,1,2,1,1.0,2.0
201100049692,0011-03-29 14:15:00,11,3,29,14,15,930,70,AV MICHELET,,,Plein jour,En agglomération,Hors intersection,Normale,Deux véhicules - côté,,,,,,,,,,,1,2,1,1.0,3.0
201100049693,0011-04-04 13:10:00,11,4,4,13,10,930,70,"43, R DOCTEUR BAUER",,,Plein jour,En agglomération,Hors intersection,Normale,Deux véhicules - côté,,,,,,,,,,,1,2,1,1.0,3.0
201100049694,0011-04-05 18:25:00,11,4,5,18,25,930,70,BAUER / LESESNE,,,Plein jour,En agglomération,Intersection en X,Normale,Deux véhicules - côté,,,,,,,,,,,1,2,2,1.0,3.0
201100049695,0011-04-11 22:55:00,11,4,11,22,55,930,70,PERI / BLANC,,,Nuit avec éclairage allumé,En agglomération,Intersection à plus de 4 branches,Normale,Deux véhicules - côté,,,,,,,,,,,5,2,5,1.0,3.0
201100049696,0011-04-15 09:25:00,11,4,15,9,25,930,70,ROSIERS / CURIE,,,Plein jour,En agglomération,Intersection en T,Normale,Autre collision,,,,,,,,,,,1,2,3,1.0,6.0
201100049697,0011-04-17 00:50:00,11,4,17,0,50,930,70,JAURES / DHALENNE,,,Nuit avec éclairage allumé,En agglomération,Intersection en T,Normale,Deux véhicules - côté,,,,,,,,,,,5,2,3,1.0,3.0
201100049698,0011-04-19 18:45:00,11,4,19,18,45,930,70,SCHMIDT / CURIE,,,Plein jour,En agglomération,Intersection en T,Temps éblouissant,Autre collision,,,,,,,,,,,1,2,3,7.0,6.0
201100049699,0011-04-21 12:00:00,11,4,21,12,0,930,70,MICHELET / MICHELET,,,Plein jour,En agglomération,Intersection en T,Normale,Deux véhicules - côté,,,,,,,,,,,1,2,3,1.0,3.0
201100049700,0011-04-25 10:50:00,11,4,25,10,50,930,70,MICHELET / GODILLOT,,,Plein jour,En agglomération,Intersection en T,Normale,Deux véhicules - côté,,,,,,,,,,,1,2,3,1.0,3.0
201100049701,0011-05-04 08:50:00,11,5,4,8,50,930,70,AV MICHELET,,,Plein jour,En agglomération,Hors intersection,Normale,Deux véhicules - frontale,,,,,,,,,,,1,2,1,1.0,1.0
201100049702,0011-05-07 11:05:00,11,5,7,11,5,930,70,HUGO / GLARNER,,,Plein jour,En agglomération,Intersection en X,Normale,Deux véhicules - frontale,,,,,,,,,,,1,2,2,1.0,1.0
201100049703,0011-05-10 18:15:00,11,5,10,18,15,930,70,R DOCTEUR BAUER,,,Plein jour,En agglomération,Hors intersection,Normale,Autre collision,,,,,,,,,,,1,2,1,1.0,6.0
201100049704,0011-05-14 04:07:00,11,5,14,4,7,930,70,AV MICHELET,,,Nuit avec éclairage allumé,En agglomération,Hors intersection,Normale,Deux véhicules - côté,,,,,,,,,,,5,2,1,1.0,3.0
201100049705,0011-05-14 18:00:00,11,5,14,18,0,930,70,PERI / JEAN,,,Plein jour,En agglomération,Intersection en T,Normale,Deux véhicules - frontale,,,,,,,,,,,1,2,3,1.0,1.0
201100049706,0011-05-18 09:10:00,11,5,18,9,10,930,70,PERI / CARNOT,,,Plein jour,En agglomération,Intersection en T,Normale,Autre collision,,,,,,,,,,,1,2,3,1.0,6.0
201100049707,0011-05-18 09:35:00,11,5,18,9,35,930,70,R EMMY NOETHER,,,Plein jour,En agglomération,Hors intersection,Normale,Deux véhicules - côté,,,,,,,,,,,1,2,1,1.0,3.0
201100049708,0011-05-18 11:30:00,11,5,18,11,30,930,70,AV MICHELET,,,Plein jour,En agglomération,Hors intersection,Normale,Deux véhicules - côté,,,,,,,,,,,1,2,1,1.0,3.0
201100049709,0011-05-25 17:20:00,11,5,25,17,20,930,70,BAUER / BLANQUI,,,Plein jour,En agglomération,Intersection en T,Normale,Deux véhicules - frontale,,,,,,,,,,,1,2,3,1.0,1.0
201100049710,0011-05-31 17:30:00,11,5,31,17,30,930,70,R MATHIEU,,,Plein jour,En agglomération,Hors intersection,Normale,Deux véhicules - côté,,,,,,,,,,,1,2,1,1.0,3.0
201100049711,0011-05-31 12:50:00,11,5,31,12,50,930,70,AV GABRIEL PERI,,,Plein jour,En agglomération,Hors intersection,Normale,Autre collision,,,,,,,,,,,1,2,1,1.0,6.0
201100049712,0011-06-02 17:30:00,11,6,2,17,30,930,70,"89, R DOCTEUR BAUER",,,Plein jour,En agglomération,Hors intersection,Normale,Autre collision,,,,,,,,,,,1,2,1,1.0,6.0
201100049713,0011-06-07 08:00:00,11,6,7,8,0,930,70,"50, AV MICHELET",,,Plein jour,En agglomération,Hors intersection,Pluie légère,Deux véhicules - côté,,,,,,,,,,,1,2,1,2.0,3.0
201100049714,0011-06-07 17:00:00,11,6,7,17,0,930,70,"51, AV GABRIEL PERI",,,Plein jour,En agglomération,Hors intersection,Pluie légère,Sans collision,,,,,,,,,,,1,2,1,2.0,7.0
201100049715,0011-06-14 16:45:00,11,6,14,16,45,930,70,"125, AV GABRIEL PERI",,,Plein jour,En agglomération,Hors intersection,Normale,Sans collision,,,,,,,,,,,1,2,1,1.0,7.0
201100049716,0011-06-24 11:20:00,11,6,24,11,20,930,70,AV GABRIEL PERI,,,Plein jour,En agglomération,Hors intersection,Normale,Autre collision,,,,,,,,,,,1,2,1,1.0,6.0
201100049717,0011-07-10 17:00:00,11,7,10,17,0,930,70,"98, R ARDOIN",,,Plein jour,En agglomération,Hors intersection,Normale,Deux véhicules - côté,,,,,,,,,,,1,2,1,1.0,3.0
201100049718,0011-07-11 17:05:00,11,7,11,17,5,930,70,"74, AV MICHELET",,,Plein jour,En agglomération,Hors intersection,Normale,Deux véhicules - côté,,,,,,,,,,,1,2,1,1.0,3.0
201100049719,0011-07-20 11:50:00,11,7,20,11,50,930,70,SCHMIDT / VAILLANT,,,Plein jour,En agglomération,Intersection en X,Temps couvert,Sans collision,,,,,,,,,,,1,2,2,8.0,7.0
201100049720,0011-07-23 18:00:00,11,7,23,18,0,930,70,BAUER / MADELEINE,,,Plein jour,En agglomération,Intersection en T,Pluie légère,Deux véhicules - arrière,,,,,,,,,,,1,2,3,2.0,2.0
201100049721,0011-07-25 15:15:00,11,7,25,15,15,930,70,"44, QU DE SEINE",,,Plein jour,En agglomération,Hors intersection,Normale,Deux véhicules - côté,,,,,,,,,,,1,2,1,1.0,3.0
201100049722,0011-07-26 22:50:00,11,7,26,22,50,930,70,AV MICHELET,,,Nuit avec éclairage allumé,En agglomération,Hors intersection,Normale,Deux véhicules - côté,,,,,,,,,,,5,2,1,1.0,3.0
201100049723,0011-07-28 00:20:00,11,7,28,0,20,930,70,SOUBISE / DHALENNE,,,Nuit avec éclairage allumé,En agglomération,Intersection en T,Normale,Deux véhicules - frontale,,,,,,,,,,,5,2,3,1.0,1.0
201100049724,0011-07-30 02:00:00,11,7,30,2,0,930,70,R ADRIEN LESESNE,,,Nuit avec éclairage allumé,En agglomération,Hors intersection,Normale,Deux véhicules - côté,,,,,,,,,,,5,2,1,1.0,3.0
201100049725,0011-08-03 10:20:00,11,8,3,10,20,930,70,BAUER / MICHELET,,,Plein jour,En agglomération,Intersection en X,Pluie légère,Autre collision,,,,,,,,,,,1,2,2,2.0,6.0
201100049726,0011-08-08 14:10:00,11,8,8,14,10,930,70,BD VICTOR HUGO,,,Plein jour,En agglomération,Hors intersection,Normale,Deux véhicules - arrière,,,,,,,,,,,1,2,1,1.0,2.0
201100049727,0011-08-09 16:55:00,11,8,9,16,55,930,70,MICHELET / LANDY,,,Plein jour,En agglomération,Intersection en X,Normale,Deux véhicules - côté,,,,,,,,,,,1,2,2,1.0,3.0
201100049728,0011-08-11 21:15:00,11,8,11,21,15,930,70,R DU LANDY,,,Nuit avec éclairage allumé,En agglomération,Hors intersection,Normale,Autre collision,,,,,,,,,,,5,2,1,1.0,6.0
201100049729,0011-08-16 21:30:00,11,8,16,21,30,930,70,AV GABRIEL PERI,,,Nuit avec éclairage allumé,En agglomération,Hors intersection,Normale,Deux véhicules - côté,,,,,,,,,,,5,2,1,1.0,3.0
201100049730,0011-08-25 20:45:00,11,8,25,20,45,930,70,SCHMIDT / MATHIEU,,,Nuit avec éclairage allumé,En agglomération,Intersection en X,Normale,Deux véhicules - côté,,,,,,,,,,,5,2,2,1.0,3.0
201100049731,0011-09-20 14:30:00,11,9,20,14,30,930,70,"23, AV GABRIEL PERI",,,Plein jour,En agglomération,Hors intersection,Normale,Deux véhicules - côté,,,,,,,,,,,1,2,1,1.0,3.0
201100049732,0011-09-23 07:30:00,11,9,23,7,30,930,70,"13, R NICOLAU",,,Plein jour,Hors agglomération,Hors intersection,Normale,Autre collision,,,,,,,,,,,1,1,1,1.0,6.0
201100049733,0011-09-23 18:50:00,11,9,23,18,50,930,70,"10, AV DU CAPITAINE GLAR",,,Plein jour,En agglomération,Hors intersection,Normale,Autre collision,,,,,,,,,,,1,2,1,1.0,6.0
201100049734,0011-09-24 22:00:00,11,9,24,22,0,930,70,SEINE / BATELIERS,,,Nuit avec éclairage non allumé,En agglomération,Intersection en X,Normale,Deux véhicules - arrière,,,,,,,,,,,4,2,2,1.0,2.0