accident_id,datetime,annee,mois,jour,heure,minute,departement,commune_insee,adresse,latitude,longitude,luminosite,agglomeration,intersection,meteo,collision,nb_vehicules,nb_usagers,nb_indemnes,nb_tues,nb_blesses_hosp,nb_blesses_legers,age_cond_1,age_cond_2,veh_type_cond_1,veh_type_cond_2,lum_code,agg_code,int_code,atm_code,col_code
201100049866,0011-07-11 14:45:00,11,7,11,14,45,930,73,ROISSY / PLATRE,,,Plein jour,En agglomération,Giratoire,Normale,Deux véhicules - arrière,,,,,,,,,,,1,2,6,1.0,2.0
201100049867,0011-07-12 11:25:00,11,7,12,11,25,930,78,"160, BD ROBERT BALLANGER",,,Plein jour,En agglomération,Hors intersection,Pluie légère,Deux véhicules - côté,,,,,,,,,,,1,2,1,2.0,3.0
201100049868,0011-07-16 16:00:00,11,7,16,16,0,930,73,"140, AV GILBERT BERGER",,,Plein jour,Hors agglomération,Hors intersection,Normale,Deux véhicules - côté,,,,,,,,,,,1,1,1,1.0,3.0
201100049869,0011-07-27 12:35:00,11,7,27,12,35,930,73,R DE TOULOUSE,,,Plein jour,En agglomération,Hors intersection,Normale,Autre collision,,,,,,,,,,,1,2,1,1.0,6.0
201100049870,0011-08-15 14:45:00,11,8,15,14,45,930,78,CLEMENCEAU / BREGUET,,,Plein jour,En agglomération,Intersection en X,Normale,Deux véhicules - côté,,,,,,,,,,,1,2,2,1.0,3.0
201100049871,0011-08-17 05:30:00,11,8,17,5,30,930,78,AV DU VERT GALANT,,,Nuit avec éclairage allumé,En agglomération,Hors intersection,Normale,Sans collision,,,,,,,,,,,5,2,1,1.0,7.0
201100049872,0011-08-22 20:25:00,11,8,22,20,25,930,73,SARRAUT / PICARDIE,,,Nuit avec éclairage non allumé,En agglomération,Intersection en X,Pluie forte,Deux véhicules - côté,,,,,,,,,,,4,2,2,3.0,3.0
201100049873,0011-08-31 19:20:00,11,8,31,19,20,930,73,AV PABLO NERUDA,,,Plein jour,En agglomération,Hors intersection,Normale,Deux véhicules - arrière,,,,,,,,,,,1,2,1,1.0,2.0
201100049874,0011-09-04 17:40:00,11,9,4,17,40,930,73,D'ALSACE / SALENGRO,,,Plein jour,En agglomération,Intersection en X,Normale,Deux véhicules - côté,,,,,,,,,,,1,2,2,1.0,3.0
201100049875,0011-09-12 13:00:00,11,9,12,13,0,930,73,R DE LA RAPERIE,,,Plein jour,En agglomération,Hors intersection,Normale,Deux véhicules - côté,,,,,,,,,,,1,2,1,1.0,3.0
201100049876,0011-09-12 17:00:00,11,9,12,17,0,930,73,"74, AV GILBERT BERGER",,,Plein jour,En agglomération,Hors intersection,Normale,Autre collision,,,,,,,,,,,1,2,1,1.0,6.0
201100049877,0011-09-13 19:50:00,11,9,13,19,50,930,78,R DES BLEUETS,,,Crépuscule ou aube,En agglomération,Hors intersection,Normale,Autre collision,,,,,,,,,,,2,2,1,1.0,6.0
201100049878,0011-09-18 11:30:00,11,9,18,11,30,930,78,SAUSSET / CASANOVA,,,Plein jour,En agglomération,Intersection en T,Normale,Deux véhicules - côté,,,,,,,,,,,1,2,3,1.0,3.0
201100049879,0011-09-20 07:00:00,11,9,20,7,0,930,73,AV DE LA RESISTANCE,,,Crépuscule ou aube,En agglomération,Hors intersection,Normale,Autre collision,,,,,,,,,,,2,2,1,1.0,6.0
201100049880,0011-09-22 20:30:00,11,9,22,20,30,930,78,"11, AV DE LA GARE",,,Nuit avec éclairage allumé,En agglomération,Hors intersection,Normale,Autre collision,,,,,,,,,,,5,2,1,1.0,6.0
201100049881,0011-09-22 19:00:00,11,9,22,19,0,930,78,"35, RTE DE TREMBLAY",,,Plein jour,En agglomération,Hors intersection,Normale,Trois véhicules et plus - en chaîne,,,,,,,,,,,1,2,1,1.0,4.0
201100049882,0011-09-23 15:20:00,11,9,23,15,20,930,78,NATIONS / RD 40,,,Plein jour,En agglomération,Intersection en X,Normale,Deux véhicules - côté,,,,,,,,,,,1,2,2,1.0,3.0
201100049883,0011-09-23 18:40:00,11,9,23,18,40,930,73,R PIERRE BROSSOLETTE,,,Plein jour,En agglomération,Hors intersection,Normale,Deux véhicules - arrière,,,,,,,,,,,1,2,1,1.0,2.0
201100049884,0011-09-25 17:35:00,11,9,25,17,35,930,73,BERGER / HAVRE,,,Plein jour,En agglomération,Giratoire,Normale,Deux véhicules - arrière,,,,,,,,,,,1,2,6,1.0,2.0
201100049885,0011-09-26 17:15:00,11,9,26,17,15,930,78,"30, AV BUFFON",,,Plein jour,En agglomération,Hors intersection,Normale,Deux véhicules - côté,,,,,,,,,,,1,2,1,1.0,3.0
201100049886,0011-09-27 14:00:00,11,9,27,14,0,930,78,AV GEORGES CLEMENCEAU,,,Plein jour,En agglomération,Hors intersection,Normale,Autre collision,,,,,,,,,,,1,2,1,1.0,6.0
201100049887,0011-09-29 13:45:00,11,9,29,13,45,930,78,AV DE LA PLAINE DE FRANC,,,Plein jour,En agglomération,Hors intersection,Normale,Deux véhicules - côté,,,,,,,,,,,1,2,1,1.0,3.0
201100049888,0011-10-04 18:10:00,11,10,4,18,10,930,78,AV GEORGES CLEMENCEAU,,,Plein jour,En agglomération,Hors intersection,Normale,Deux véhicules - côté,,,,,,,,,,,1,2,1,1.0,3.0
201100049889,0011-10-05 12:30:00,11,10,5,12,30,930,78,BALLANGER / VAUBAN,,,Plein jour,En agglomération,Giratoire,Normale,Trois véhicules et plus - en chaîne,,,,,,,,,,,1,2,6,1.0,4.0
201100049890,0011-10-18 21:00:00,11,10,18,21,0,930,78,AV VAUBAN,,,Nuit avec éclairage allumé,Hors agglomération,Hors intersection,Pluie légère,Deux véhicules - côté,,,,,,,,,,,5,1,1,2.0,3.0
201100049891,0011-10-14 14:00:00,11,10,14,14,0,930,73,RESISTANCE / LENINE,,,Plein jour,En agglomération,Intersection en X,Normale,Deux véhicules - arrière,,,,,,,,,,,1,2,2,1.0,2.0
201100049892,0011-10-15 11:55:00,11,10,15,11,55,930,73,BERGER / BROSSOLETTE,,,Plein jour,En agglomération,Intersection en Y,Normale,Autre collision,,,,,,,,,,,1,2,4,1.0,6.0
201100049893,0011-10-21 19:40:00,11,10,21,19,40,930,78,AV VAUBAN,,,Nuit sans éclairage public,En agglomération,Hors intersection,Normale,Deux véhicules - côté,,,,,,,,,,,3,2,1,1.0,3.0
201100049894,0011-10-21 23:30:00,11,10,21,23,30,930,73,RTE DES PETITS PONTS,,,Nuit avec éclairage allumé,En agglomération,Hors intersection,Normale,Deux véhicules - côté,,,,,,,,,,,5,2,1,1.0,3.0
201100049895,0011-10-27 09:15:00,11,10,27,9,15,930,78,BD LAURENT ET DANIELLE C,,,Plein jour,En agglomération,Hors intersection,Normale,Deux véhicules - côté,,,,,,,,,,,1,2,1,1.0,3.0
201100049896,0011-10-31 16:30:00,11,10,31,16,30,930,78,BD ROBERT BALLANGER,,,Plein jour,En agglomération,Hors intersection,Normale,Autre collision,,,,,,,,,,,1,2,1,1.0,6.0
201100049897,0011-11-02 18:30:00,11,11,2,18,30,930,78,"1, R HENRI BARBUSSE",,,Nuit avec éclairage allumé,En agglomération,Hors intersection,Normale,Deux véhicules - côté,,,,,,,,,,,5,2,1,1.0,3.0
201100049898,0011-11-03 15:05:00,11,11,3,15,5,930,73,"30, R RONSARD",,,Plein jour,En agglomération,Hors intersection,Normale,Sans collision,,,,,,,,,,,1,2,1,1.0,7.0
201100049899,0011-11-06 17:20:00,11,11,6,17,20,930,78,CLEMENCEAU / BALLANGER,,,Crépuscule ou aube,En agglomération,Giratoire,Normale,Deux véhicules - côté,,,,,,,,,,,2,2,6,1.0,3.0
201100049900,0011-11-14 17:30:00,11,11,14,17,30,930,73,AV DE LA STATION,,,Nuit avec éclairage allumé,En agglomération,Hors intersection,Normale,Deux véhicules - côté,,,,,,,,,,,5,2,1,1.0,3.0
201100049901,0011-11-17 19:05:00,11,11,17,19,5,930,78,CASANOVA / SAVIGNY,,,Crépuscule ou aube,En agglomération,Intersection en Y,Normale,Deux véhicules - côté,,,,,,,,,,,2,2,4,1.0,3.0
201100049902,0011-11-27 19:05:00,11,11,27,19,5,930,73,KALIFAT / CHENES,,,Nuit avec éclairage allumé,En agglomération,Intersection en X,Pluie légère,Deux véhicules - côté,,,,,,,,,,,5,2,2,2.0,3.0
201100049903,0011-12-05 13:05:00,11,12,5,13,5,930,73,"77, ROISSY (ROUTE DE)",,,Plein jour,En agglomération,Hors intersection,Normale,Autre collision,,,,,,,,,,,1,2,1,1.0,6.0
201100049904,0011-12-10 00:01:00,11,12,10,0,1,930,78,BALLANGER (BD ROBERT),,,Nuit avec éclairage allumé,En agglomération,Intersection en X,Normale,Deux véhicules - côté,,,,,,,,,,,5,2,2,1.0,3.0
201100049905,0011-12-12 12:45:00,11,12,12,12,45,930,73,SIXIEME (AVENUE),,,Plein jour,En agglomération,Intersection en X,Normale,Deux véhicules - côté,,,,,,,,,,,1,2,2,1.0,3.0
201100049906,0011-12-15 08:05:00,11,12,15,8,5,930,73,TOLSTOI (RUE LEON),,,Plein jour,En agglomération,Giratoire,Normale,Deux véhicules - côté,,,,,,,,,,,1,2,6,1.0,3.0
201100049907,0011-12-15 08:40:00,11,12,15,8,40,930,73,BUTTE AUX BRUYERES (ALLE,,,Plein jour,En agglomération,Hors intersection,Normale,Deux véhicules - côté,,,,,,,,,,,1,2,1,1.0,3.0
201100049908,0011-12-19 09:00:00,11,12,19,9,0,930,73,"0.000, VACHES (CHEMIN DE",,,Plein jour,En agglomération,Hors intersection,Autre,Trois véhicules et plus - collisions multiples,,,,,,,,,,,1,2,1,9.0,5.0
201100049909,0011-12-21 22:20:00,11,12,21,22,20,930,78,BALLANGER (BD ROBERT),,,Nuit avec éclairage allumé,En agglomération,Hors intersection,Pluie légère,Deux véhicules - frontale,,,,,,,,,,,5,2,1,2.0,1.0
201100049910,0011-02-22 18:00:00,11,2,22,18,0,940,2,DOLET / ECLUSE,48.7968,2.42455,Plein jour,En agglomération,Intersection en T,Normale,Deux véhicules - frontale,,,,,,,,,,,1,2,3,1.0,1.0
201100049911,0011-03-25 16:20:00,11,3,25,16,20,940,2,DE GAULLE / COUTURIER,48.8146,2.41522,Plein jour,En agglomération,Intersection en X,Normale,Autre collision,,,,,,,,,,,1,2,2,1.0,6.0
201100049912,0011-04-01 18:45:00,11,4,1,18,45,940,2,R JOSEPH FRANCESCHI,48.8054,2.42111,Plein jour,En agglomération,Hors intersection,Normale,Autre collision,,,,,,,,,,,1,2,1,1.0,6.0
201100049913,0011-04-08 13:05:00,11,4,8,13,5,940,2,COUTURIER / SEMBAT,48.8084,2.4177,Plein jour,En agglomération,Intersection en T,Normale,Deux véhicules - arrière,,,,,,,,,,,1,2,3,1.0,2.0
201100049914,0011-04-11 13:00:00,11,4,11,13,0,940,2,R VAILLANT COUTURIER,48.8051,2.41926,Plein jour,En agglomération,Hors intersection,Normale,Autre collision,,,,,,,,,,,1,2,1,1.0,6.0
201100049915,0011-05-19 17:40:00,11,5,19,17,40,940,2,"124, R EDOUARD VAILLANT",48.8085,2.41895,Plein jour,En agglomération,Hors intersection,Normale,Deux véhicules - côté,,,,,,,,,,,1,2,1,1.0,3.0
201100049916,0011-05-23 08:30:00,11,5,23,8,30,940,2,CARNOT / MANOUCHIAN,48.796,2.42658,Plein jour,En agglomération,Intersection à plus de 4 branches,Normale,Deux véhicules - côté,,,,,,,,,,,1,2,5,1.0,3.0
201100049917,0011-05-29 17:10:00,11,5,29,17,10,940,2,R MARCEL BOURDARIAS,48.8067,2.42287,Plein jour,En agglomération,Hors intersection,Normale,Deux véhicules - côté,,,,,,,,,,,1,2,1,1.0,3.0
201100049918,0011-05-31 17:40:00,11,5,31,17,40,940,2,R DES GOUJONS,48.7869,2.42512,Plein jour,En agglomération,Hors intersection,Normale,Autre collision,,,,,,,,,,,1,2,1,1.0,6.0
201100049919,0011-06-09 17:25:00,11,6,9,17,25,940,2,"48, R ETIENNE DOLET",48.796,2.42507,Plein jour,En agglomération,Hors intersection,Normale,Autre collision,,,,,,,,,,,1,2,1,1.0,6.0
201100049920,0011-06-10 11:05:00,11,6,10,11,5,940,2,"92, R ETIENNE DOLET",48.7915,2.4257,Plein jour,En agglomération,Hors intersection,Pluie légère,Autre collision,,,,,,,,,,,1,2,1,2.0,6.0
201100049921,0011-07-10 18:00:00,11,7,10,18,0,940,2,R DE DIJON,48.7865,2.42999,Plein jour,En agglomération,Hors intersection,Normale,Autre collision,,,,,,,,,,,1,2,1,1.0,6.0
201100049922,0011-07-23 13:40:00,11,7,23,13,40,940,2,VILLENEUVE SAINT-GEORGES,48.7801,2.42871,Plein jour,En agglomération,Hors intersection,Pluie forte,Sans collision,,,,,,,,,,,1,2,1,3.0,7.0
201100049923,0011-07-26 17:20:00,11,7,26,17,20,940,2,R VAILLANT COUTURIER,48.8107,2.41672,Plein jour,En agglomération,Hors intersection,Normale,Deux véhicules - côté,,,,,,,,,,,1,2,1,1.0,3.0
201100049924,0011-08-23 19:30:00,11,8,23,19,30,940,2,MITTERRAND / COUTURIER,48.8048,2.41948,Plein jour,En agglomération,Intersection en T,Normale,Autre collision,,,,,,,,,,,1,2,3,1.0,6.0
201100049925,0011-08-31 09:00:00,11,8,31,9,0,940,2,DE GAULLE / BLANQUI,48.8145,2.41193,Plein jour,En agglomération,Intersection en Y,Normale,Deux véhicules - côté,,,,,,,,,,,1,2,4,1.0,3.0
201100049926,0011-09-05 18:20:00,11,9,5,18,20,940,2,ZOLA / COUTURIER,,,Plein jour,En agglomération,Intersection en X,Normale,Deux véhicules - côté,,,,,,,,,,,1,2,2,1.0,3.0
201100049927,0011-09-23 07:45:00,11,9,23,7,45,940,2,R VAILLANT COUTURIER,,,Plein jour,En agglomération,Hors intersection,Normale,Autre collision,,,,,,,,,,,1,2,1,1.0,6.0
201100049928,0011-09-26 15:40:00,11,9,26,15,40,940,2,QU BLANQUI,,,Plein jour,En agglomération,Hors intersection,Normale,Trois véhicules et plus - en chaîne,,,,,,,,,,,1,2,1,1.0,4.0
201100049929,0011-11-09 15:05:00,11,11,9,15,5,940,2,L'EUROPE / ROME,,,Plein jour,En agglomération,Hors intersection,Normale,Autre collision,,,,,,,,,,,1,2,1,1.0,6.0
201100049930,0011-11-17 08:30:00,11,11,17,8,30,940,2,"99, R VAILLANT COUTURIER",,,Plein jour,En agglomération,Hors intersection,Normale,Sans collision,,,,,,,,,,,1,2,1,1.0,7.0
201100049931,0011-11-19 10:45:00,11,11,19,10,45,940,2,DE GAULLE / COUTURIER,,,Plein jour,En agglomération,Intersection en X,Normale,Autre collision,,,,,,,,,,,1,2,2,1.0,6.0
201100049932,0011-11-21 09:00:00,11,11,21,9,0,940,2,R ETIENNE DOLET,,,Plein jour,En agglomération,Hors intersection,Normale,Autre collision,,,,,,,,,,,1,2,1,1.0,6.0
201100049933,0011-11-25 09:15:00,11,11,25,9,15,940,2,R VAILLANT COUTURIER,,,Plein jour,En agglomération,Hors intersection,Normale,Autre collision,,,,,,,,,,,1,2,1,1.0,6.0
201100049934,0011-11-25 14:20:00,11,11,25,14,20,940,2,R EMILE ZOLA,,,Plein jour,En agglomération,Hors intersection,Pluie légère,Deux véhicules - arrière,,,,,,,,,,,1,2,1,2.0,2.0
201100049935,0011-12-03 14:50:00,11,12,3,14,50,940,2,VICTOR HUGO (R),,,Plein jour,En agglomération,Hors intersection,Pluie légère,Autre collision,,,,,,,,,,,1,2,1,2.0,6.0
201100049936,0011-12-14 19:50:00,11,12,14,19,50,940,2,"168, VAILLANT COUTURIER",,,Nuit avec éclairage allumé,En agglomération,Hors intersection,Normale,Deux véhicules - arrière,,,,,,,,,,,5,2,1,1.0,2.0
201100049937,0011-12-21 11:15:00,11,12,21,11,15,940,2,"1, VOLTA (R)",,,Plein jour,En agglomération,Intersection en T,Pluie légère,Deux véhicules - côté,,,,,,,,,,,1,2,3,2.0,3.0
201100049938,0011-12-28 21:20:00,11,12,28,21,20,940,2,"1, VERON (R)",,,Nuit avec éclairage allumé,En agglomération,Intersection en X,Normale,Deux véhicules - côté,,,,,,,,,,,5,2,2,1.0,3.0
201100049939,0011-10-01 16:30:00,11,10,1,16,30,940,47,R PAUL DOUMER,,,Plein jour,Hors agglomération,Hors intersection,Normale,Deux véhicules - arrière,,,,,,,,,,,1,1,1,1.0,2.0
201100049940,0011-10-01 19:00:00,11,10,1,19,0,940,44,AV DU 8 MAI 1945,,,Plein jour,En agglomération,Hors intersection,Normale,Autre collision,,,,,,,,,,,1,2,1,1.0,6.0
201100049941,0011-10-03 08:10:00,11,10,3,8,10,940,71,RTE DE LA QUEUE EN BRIE,,,Plein jour,En agglomération,Hors intersection,Normale,Autre collision,,,,,,,,,,,1,2,1,1.0,6.0
201100049942,0011-10-03 13:30:00,11,10,3,13,30,940,4,GENERAL LECLERC (AV),,,Plein jour,Hors agglomération,Hors intersection,Normale,Deux véhicules - côté,,,,,,,,,,,1,1,1,1.0,3.0
201100049943,0011-10-06 17:30:00,11,10,6,17,30,940,4,AV CHARLES DE GAULLE,,,Plein jour,En agglomération,Hors intersection,Normale,Autre collision,,,,,,,,,,,1,2,1,1.0,6.0
201100049944,0011-10-09 16:40:00,11,10,9,16,40,940,75,TASSIGNY / GRANGE,,,Plein jour,Hors agglomération,Intersection en T,Pluie légère,Trois véhicules et plus - collisions multiples,,,,,,,,,,,1,1,3,2.0,5.0
201100049945,0011-10-10 14:45:00,11,10,10,14,45,940,71,R DE LA FOSSE ROUGE,,,Plein jour,En agglomération,Hors intersection,Normale,Sans collision,,,,,,,,,,,1,2,1,1.0,7.0
201100049946,0011-10-11 10:15:00,11,10,11,10,15,940,71,AV DU PIPLE,,,Plein jour,En agglomération,Hors intersection,Normale,Autre collision,,,,,,,,,,,1,2,1,1.0,6.0
201100049947,0011-10-11 11:10:00,11,10,11,11,10,940,48,PARIS / VALLON,,,Plein jour,Hors agglomération,Intersection en X,Normale,Deux véhicules - arrière,,,,,,,,,,,1,1,2,1.0,2.0
201100049948,0011-10-11 23:30:00,11,10,11,23,30,940,4,VALENTON / LECLERC,,,Nuit avec éclairage allumé,En agglomération,Intersection en X,Normale,Deux véhicules - côté,,,,,,,,,,,5,2,2,1.0,3.0
201100049949,0011-10-13 11:15:00,11,10,13,11,15,940,71,R ALBERT DRU,,,Plein jour,En agglomération,Hors intersection,Normale,Sans collision,,,,,,,,,,,1,2,1,1.0,7.0
201100049950,0011-10-13 09:00:00,11,10,13,9,0,940,71,R DU GENERAL LECLERC,,,Plein jour,En agglomération,Hors intersection,Normale,Deux véhicules - côté,,,,,,,,,,,1,2,1,1.0,3.0
201100049951,0011-10-14 12:10:00,11,10,14,12,10,940,44,DESCARTES / MOULIN,,,Plein jour,En agglomération,Intersection en T,Normale,Deux véhicules - arrière,,,,,,,,,,,1,2,3,1.0,2.0
201100049952,0011-10-17 20:50:00,11,10,17,20,50,940,44,R DU CLOS,,,Nuit avec éclairage allumé,En agglomération,Hors intersection,Normale,Sans collision,,,,,,,,,,,5,2,1,1.0,7.0
201100049953,0011-10-17 21:45:00,11,10,17,21,45,940,48,GROSBOIS / IMAGE,,,Nuit avec éclairage allumé,En agglomération,Giratoire,Normale,Deux véhicules - côté,,,,,,,,,,,5,2,6,1.0,3.0
201100049954,0011-10-19 09:40:00,11,10,19,9,40,940,71,BONNEUIL / VILLENEUVE,,,Plein jour,En agglomération,Intersection en X,Temps éblouissant,Autre collision,,,,,,,,,,,1,2,2,7.0,6.0
201100049955,0011-10-19 12:35:00,11,10,19,12,35,940,71,RTE DE LA QUEUE EN BRIE,,,Plein jour,En agglomération,Hors intersection,Normale,Autre collision,,,,,,,,,,,1,2,1,1.0,6.0
201100049956,0011-10-19 19:45:00,11,10,19,19,45,940,47,CROIX ROUGE / MONTONVILL,,,Nuit avec éclairage allumé,En agglomération,Intersection en T,Normale,Deux véhicules - côté,,,,,,,,,,,5,2,3,1.0,3.0
201100049957,0011-10-20 17:30:00,11,10,20,17,30,940,44,AV DE VALENTON,,,Plein jour,En agglomération,Hors intersection,Normale,Deux véhicules - frontale,,,,,,,,,,,1,2,1,1.0,1.0
201100049958,0011-10-20 19:50:00,11,10,20,19,50,940,48,IMAGE / CHAUDRONNIERS,,,Nuit avec éclairage allumé,En agglomération,Intersection en T,Normale,Deux véhicules - côté,,,,,,,,,,,5,2,3,1.0,3.0
201100049959,0011-10-21 15:10:00,11,10,21,15,10,940,4,AV CHARLES DE GAULLE,,,Plein jour,En agglomération,Hors intersection,Normale,Autre collision,,,,,,,,,,,1,2,1,1.0,6.0
201100049960,0011-10-25 16:00:00,11,10,25,16,0,940,47,R DES ROSES,,,Plein jour,En agglomération,Hors intersection,Normale,Autre collision,,,,,,,,,,,1,2,1,1.0,6.0
201100049961,0011-10-25 20:30:00,11,10,25,20,30,940,75,R JEAN CAVAILLES,,,Nuit avec éclairage allumé,En agglomération,Hors intersection,Normale,Sans collision,,,,,,,,,,,5,2,1,1.0,7.0
201100049962,0011-10-28 07:05:00,11,10,28,7,5,940,4,AV DU GENERAL LECLERC,,,Nuit avec éclairage allumé,En agglomération,Hors intersection,Normale,Sans collision,,,,,,,,,,,5,2,1,1.0,7.0
201100049963,0011-01-01 18:45:00,11,1,1,18,45,940,71,CHAMPIGNY / PARIS,48.7746,2.51093,Nuit avec éclairage allumé,En agglomération,Giratoire,Pluie légère,Deux véhicules - côté,,,,,,,,,,,5,2,6,2.0,3.0
201100049964,0011-01-07 16:35:00,11,1,7,16,35,940,75,TASSIGNY/ GRANGE,48.7344,2.52044,Plein jour,Hors agglomération,Intersection en T,Temps couvert,Deux véhicules - côté,,,,,,,,,,,1,1,3,8.0,3.0
201100049965,0011-11-07 09:00:00,11,11,7,9,0,940,44,AV DE VERDUN,,,Plein jour,En agglomération,Hors intersection,Normale,Deux véhicules - côté,,,,,,,,,,,1,2,1,1.0,3.0
201100049966,0011-11-08 11:00:00,11,11,8,11,0,940,4,SABLONS / GARRY,,,Plein jour,En agglomération,Intersection en T,Temps couvert,Deux véhicules - côté,,,,,,,,,,,1,2,3,8.0,3.0
201100049967,0011-01-10 19:10:00,11,1,10,19,10,940,71,"7, CITE VERTE",48.7732,2.5251,Nuit avec éclairage allumé,En agglomération,Hors intersection,Normale,Deux véhicules - frontale,,,,,,,,,,,5,2,1,1.0,1.0
201100049968,0011-11-10 08:20:00,11,11,10,8,20,940,44,R ROGER SALENGRO,,,Plein jour,En agglomération,Hors intersection,Temps couvert,Deux véhicules - côté,,,,,,,,,,,1,2,1,8.0,3.0
201100049969,0011-01-13 15:00:00,11,1,13,15,0,940,44,MONET / VALENTON,48.743,2.50069,Plein jour,En agglomération,Intersection en T,Pluie légère,Autre collision,,,,,,,,,,,1,2,3,2.0,6.0
201100049970,0011-11-16 08:10:00,11,11,16,8,10,940,75,AV DU MARECHAL DE LATTRE,,,Plein jour,En agglomération,Hors intersection,Normale,Deux véhicules - côté,,,,,,,,,,,1,2,1,1.0,3.0
201100049971,0011-11-17 12:15:00,11,11,17,12,15,940,71,LECLERC / BOON,,,Plein jour,En agglomération,Intersection en T,Pluie légère,Deux véhicules - côté,,,,,,,,,,,1,2,3,2.0,3.0
201100049972,0011-11-17 22:20:00,11,11,17,22,20,940,75,"31, R DU LIEUTENANT DAGO",,,Nuit avec éclairage allumé,En agglomération,Hors intersection,Normale,Sans collision,,,,,,,,,,,5,2,1,1.0,7.0
201100049973,0011-11-18 19:40:00,11,11,18,19,40,940,4,AV DU GENERAL LECLERC,,,Nuit avec éclairage allumé,En agglomération,Intersection en Y,Normale,Deux véhicules - côté,,,,,,,,,,,5,2,4,1.0,3.0
201100049974,0011-01-21 13:25:00,11,1,21,13,25,940,4,LECLERC / GAULLE,48.7582,2.50336,Plein jour,En agglomération,Intersection en X,Normale,Autre collision,,,,,,,,,,,1,2,2,1.0,6.0
201100049975,0011-11-21 08:05:00,11,11,21,8,5,940,75,CAVAILLES / GARENNE,,,Plein jour,En agglomération,Intersection en Y,Normale,Deux véhicules - frontale,,,,,,,,,,,1,2,4,1.0,1.0
201100049976,0011-11-21 16:25:00,11,11,21,16,25,940,75,TASSIGNY,,,Plein jour,Hors agglomération,Hors intersection,Normale,Autre collision,,,,,,,,,,,1,1,1,1.0,6.0
201100049977,0011-11-21 19:05:00,11,11,21,19,5,940,4,LECLERC / BREVANNES,,,Nuit avec éclairage allumé,En agglomération,Intersection en X,Normale,Sans collision,,,,,,,,,,,5,2,2,1.0,7.0
201100049978,0011-01-25 09:50:00,11,1,25,9,50,940,70,PARIS / LIBERATION,48.7199,2.56629,Plein jour,En agglomération,Intersection en X,Normale,Deux véhicules - côté,,,,,,,,,,,1,2,2,1.0,3.0
201100049979,0011-11-25 08:40:00,11,11,25,8,40,940,70,PARIS / LIBERATION,,,Plein jour,En agglomération,Intersection en X,Normale,Deux véhicules - côté,,,,,,,,,,,1,2,2,1.0,3.0
201100049980,0011-01-27 21:05:00,11,1,27,21,5,940,44,VALENTON / MESANGES,48.7415,2.48234,Nuit avec éclairage allumé,En agglomération,Intersection en T,Temps couvert,Sans collision,,,,,,,,,,,5,2,3,8.0,7.0
201100049981,0011-01-28 11:30:00,11,1,28,11,30,940,75,TASSIGNY / DAGORNO,48.7275,2.53101,Plein jour,En agglomération,Intersection en T,Normale,Deux véhicules - arrière,,,,,,,,,,,1,2,3,1.0,2.0
201100049982,0011-01-28 20:35:00,11,1,28,20,35,940,71,R DE CHAMPIGNY,48.7738,2.51073,Nuit avec éclairage allumé,En agglomération,Hors intersection,Normale,Autre collision,,,,,,,,,,,5,2,1,1.0,6.0
201100049983,0011-01-30 02:15:00,11,1,30,2,15,940,71,"33, PONT DE CHENNEVIERES",48.7839,2.51566,Nuit avec éclairage allumé,En agglomération,Hors intersection,Normale,Deux véhicules - côté,,,,,,,,,,,5,2,1,1.0,3.0
201100049984,0011-11-30 23:25:00,11,11,30,23,25,940,4,LECLERC / DE GAULLE,,,Nuit avec éclairage allumé,En agglomération,Intersection en X,Normale,Deux véhicules - côté,,,,,,,,,,,5,2,2,1.0,3.0
201100049985,0011-01-30 16:00:00,11,1,30,16,0,940,71,SEMARD / GARCIOT,48.7699,2.5175,Plein jour,En agglomération,Intersection en X,Normale,Autre collision,,,,,,,,,,,1,2,2,1.0,6.0
201100049986,0011-02-01 09:30:00,11,2,1,9,30,940,75,RTE DE LA GRANGE,48.7327,2.5127,Plein jour,En agglomération,Hors intersection,Neige / grêle,Deux véhicules - frontale,,,,,,,,,,,1,2,1,4.0,1.0
201100049987,0011-12-01 11:24:00,11,12,1,11,24,940,4,LECLERC / VALENTON,,,Plein jour,En agglomération,Intersection en X,Normale,Deux véhicules - côté,,,,,,,,,,,1,2,2,1.0,3.0
201100049988,0011-12-01 16:45:00,11,12,1,16,45,940,56,RTE DE BRIE COMTE ROBERT,,,Plein jour,Hors agglomération,Hors intersection,Pluie légère,Sans collision,,,,,,,,,,,1,1,1,2.0,7.0
201100049989,0011-02-02 00:01:00,11,2,2,0,1,940,71,RTE DE BONNEUIL,48.7704,2.50821,Nuit avec éclairage allumé,En agglomération,Hors intersection,Pluie légère,Deux véhicules - frontale,,,,,,,,,,,5,2,1,2.0,1.0
201100049990,0011-02-02 14:45:00,11,2,2,14,45,940,71,R DU PONT DE CHENNEVIERE,48.7823,2.5139,Plein jour,En agglomération,Hors intersection,Pluie légère,Deux véhicules - frontale,,,,,,,,,,,1,2,1,2.0,1.0
201100049991,0011-02-04 11:20:00,11,2,4,11,20,940,4,AV DU GENERAL LECLERC,48.7445,2.51189,Plein jour,En agglomération,Hors intersection,Normale,Sans collision,,,,,,,,,,,1,2,1,1.0,7.0
201100049992,0011-02-04 12:00:00,11,2,4,12,0,940,75,TASSIGNY / FOREAU,48.7274,2.53584,Plein jour,En agglomération,Intersection en T,Normale,Deux véhicules - arrière,,,,,,,,,,,1,2,3,1.0,2.0
201100049993,0011-12-05 09:15:00,11,12,5,9,15,940,71,LOUIS BOON (BD),,,Plein jour,En agglomération,Intersection en T,Autre,Deux véhicules - côté,,,,,,,,,,,1,2,3,9.0,3.0