accident_id,datetime,annee,mois,jour,heure,minute,departement,commune_insee,adresse,latitude,longitude,luminosite,agglomeration,intersection,meteo,collision,nb_vehicules,nb_usagers,nb_indemnes,nb_tues,nb_blesses_hosp,nb_blesses_legers,age_cond_1,age_cond_2,veh_type_cond_1,veh_type_cond_2,lum_code,agg_code,int_code,atm_code,col_code
201100050117,0011-04-16 23:30:00,11,4,16,23,30,940,17,AV DU GENERAL LECLERC,48.8279,2.51174,Nuit avec éclairage allumé,En agglomération,Hors intersection,Normale,Sans collision,,,,,,,,,,,5,2,1,1.0,7.0
201100050118,0011-04-24 17:10:00,11,4,24,17,10,940,17,AV BOILEAU,48.8073,2.54752,Plein jour,En agglomération,Hors intersection,Normale,Autre collision,,,,,,,,,,,1,2,1,1.0,6.0
201100050119,0011-04-24 18:55:00,11,4,24,18,55,940,17,R DU BOURBONNAIS,48.8067,2.54728,Plein jour,En agglomération,Hors intersection,Normale,Autre collision,,,,,,,,,,,1,2,1,1.0,6.0
201100050120,0011-04-30 18:00:00,11,4,30,18,0,940,17,GREVIN / BOURSICAUD,48.8151,2.52216,Plein jour,En agglomération,Intersection en X,Normale,Deux véhicules - frontale,,,,,,,,,,,1,2,2,1.0,1.0
201100050121,0011-05-02 15:20:00,11,5,2,15,20,940,17,"48, R JEAN JAURES",48.815,2.50666,Plein jour,Hors agglomération,Hors intersection,Normale,Deux véhicules - côté,,,,,,,,,,,1,1,1,1.0,3.0
201100050122,0011-04-05 16:15:00,11,4,5,16,15,940,17,AV DU GENERAL DE GAULLE,48.8273,2.51488,Plein jour,En agglomération,Hors intersection,Normale,Autre collision,,,,,,,,,,,1,2,1,1.0,6.0
201100050123,0011-04-26 16:25:00,11,4,26,16,25,940,17,BD DE STALINGRAD,48.8277,2.49414,Plein jour,En agglomération,Hors intersection,Normale,Deux véhicules - côté,,,,,,,,,,,1,2,1,1.0,3.0
201100050124,0011-05-03 16:05:00,11,5,3,16,5,940,17,"36, R MOLIERE",48.8075,2.54168,Plein jour,Hors agglomération,Hors intersection,Normale,Sans collision,,,,,,,,,,,1,1,1,1.0,7.0
201100050125,0011-05-04 15:40:00,11,5,4,15,40,940,17,CHATEAU / HARDELET,48.8113,2.54383,Plein jour,Hors agglomération,Intersection en X,Pluie légère,Autre collision,,,,,,,,,,,1,1,2,2.0,6.0
201100050126,0011-05-05 11:00:00,11,5,5,11,0,940,17,REPUBLIQUE / LOUCHEUR,48.8235,2.51027,Plein jour,Hors agglomération,Intersection en X,Normale,Autre collision,,,,,,,,,,,1,1,2,1.0,6.0
201100050127,0011-05-08 14:45:00,11,5,8,14,45,940,17,AV DE LA REPUBLIQUE,48.8217,2.51074,Plein jour,Hors agglomération,Hors intersection,Normale,Deux véhicules - frontale,,,,,,,,,,,1,1,1,1.0,1.0
201100050128,0011-05-08 22:20:00,11,5,8,22,20,940,17,NOGENT / STALINGRAD,48.8298,2.49321,Nuit avec éclairage allumé,Hors agglomération,Intersection en X,Normale,Deux véhicules - arrière,,,,,,,,,,,5,1,2,1.0,2.0
201100050129,0011-05-10 17:10:00,11,5,10,17,10,940,17,R RODIN,48.8054,2.55066,Plein jour,Hors agglomération,Hors intersection,Normale,Autre collision,,,,,,,,,,,1,1,1,1.0,6.0
201100050130,0011-05-13 08:40:00,11,5,13,8,40,940,17,SALENGRO / GORKI,48.8195,2.48652,Plein jour,Hors agglomération,Intersection en T,Pluie forte,Deux véhicules - frontale,,,,,,,,,,,1,1,3,3.0,1.0
201100050131,0011-05-13 19:00:00,11,5,13,19,0,940,17,GAULLE / STALINGRAD,48.8237,2.49643,Plein jour,Hors agglomération,Intersection en X,Pluie forte,Autre collision,,,,,,,,,,,1,1,2,3.0,6.0
201100050132,0011-05-18 15:05:00,11,5,18,15,5,940,17,R ALEXANDRE FOURNY,48.8188,2.52099,Plein jour,En agglomération,Hors intersection,Normale,Autre collision,,,,,,,,,,,1,2,1,1.0,6.0
201100050133,0011-05-19 04:15:00,11,5,19,4,15,940,17,AV MARX DORMOY,48.8063,2.5277,Nuit avec éclairage allumé,En agglomération,Hors intersection,Normale,Sans collision,,,,,,,,,,,5,2,1,1.0,7.0
201100050134,0011-05-22 18:40:00,11,5,22,18,40,940,17,GAULLE / GREFFUHLE,48.8201,2.484,Plein jour,En agglomération,Intersection en T,Normale,Trois véhicules et plus - en chaîne,,,,,,,,,,,1,2,3,1.0,4.0
201100050135,0011-06-01 13:00:00,11,6,1,13,0,940,17,"46, AV DU GENERAL DE GAU",48.8214,2.48896,Plein jour,En agglomération,Hors intersection,Normale,Deux véhicules - côté,,,,,,,,,,,1,2,1,1.0,3.0
201100050136,0011-06-08 12:30:00,11,6,8,12,30,940,17,DELAUNAY / THOREZ,48.8117,2.53644,Plein jour,En agglomération,Giratoire,Normale,Deux véhicules - côté,,,,,,,,,,,1,2,6,1.0,3.0
201100050137,0011-06-10 18:40:00,11,6,10,18,40,940,17,R DE BERNAU,48.8173,2.52435,Plein jour,En agglomération,Hors intersection,Normale,Autre collision,,,,,,,,,,,1,2,1,1.0,6.0
201100050138,0011-06-11 21:00:00,11,6,11,21,0,940,17,BD DE STALINGRAD,48.8189,2.5032,Plein jour,En agglomération,Hors intersection,Normale,Deux véhicules - côté,,,,,,,,,,,1,2,1,1.0,3.0
201100050139,0011-06-14 18:05:00,11,6,14,18,5,940,17,AV BOILEAU,48.8074,2.54774,Plein jour,En agglomération,Hors intersection,Normale,Deux véhicules - côté,,,,,,,,,,,1,2,1,1.0,3.0
201100050140,0011-06-15 12:45:00,11,6,15,12,45,940,17,AV DU GENERAL DE GAULLE,48.8233,2.4949,Plein jour,En agglomération,Hors intersection,Normale,Deux véhicules - côté,,,,,,,,,,,1,2,1,1.0,3.0
201100050141,0011-06-18 18:15:00,11,6,18,18,15,940,17,VOI SONIA DELAUNAY,48.812,2.53504,Plein jour,En agglomération,Hors intersection,Pluie légère,Trois véhicules et plus - en chaîne,,,,,,,,,,,1,2,1,2.0,4.0
201100050142,0011-06-20 10:10:00,11,6,20,10,10,940,17,AV DU GENERAL DE GAULLE,48.8271,2.51872,Plein jour,En agglomération,Hors intersection,Normale,Deux véhicules - côté,,,,,,,,,,,1,2,1,1.0,3.0
201100050143,0011-06-24 17:30:00,11,6,24,17,30,940,17,BD DE STALINGRAD,48.8178,2.50769,Plein jour,En agglomération,Hors intersection,Normale,Deux véhicules - arrière,,,,,,,,,,,1,2,1,1.0,2.0
201100050144,0011-06-26 20:25:00,11,6,26,20,25,940,17,PARKING PARC DU TREMBLAY,48.8245,2.49399,Plein jour,En agglomération,Hors intersection,Normale,Autre collision,,,,,,,,,,,1,2,1,1.0,6.0
201100050145,0011-06-26 01:30:00,11,6,26,1,30,940,17,DE GAULLE / LE CHENE,48.821,2.48745,Nuit avec éclairage non allumé,En agglomération,Intersection en T,Normale,Deux véhicules - frontale,,,,,,,,,,,4,2,3,1.0,1.0
201100050146,0011-06-24 18:40:00,11,6,24,18,40,940,17,R MAURICE BERTEAUX,48.814,2.56531,Plein jour,En agglomération,Hors intersection,Normale,Deux véhicules - arrière,,,,,,,,,,,1,2,1,1.0,2.0
201100050147,0011-06-24 14:30:00,11,6,24,14,30,940,17,R DE LA PLAGE,48.8139,2.50181,Plein jour,En agglomération,Hors intersection,Normale,Deux véhicules - arrière,,,,,,,,,,,1,2,1,1.0,2.0
201100050148,0011-06-29 15:00:00,11,6,29,15,0,940,17,AV DU GENERAL DE GAULLE,48.8239,2.49741,Plein jour,En agglomération,Hors intersection,Normale,Deux véhicules - côté,,,,,,,,,,,1,2,1,1.0,3.0
201100050149,0011-06-29 18:00:00,11,6,29,18,0,940,17,TALAMONI / DIMITROV,48.8137,2.51025,Plein jour,En agglomération,Intersection en X,Normale,Deux véhicules - côté,,,,,,,,,,,1,2,2,1.0,3.0
201100050150,0011-06-30 07:50:00,11,6,30,7,50,940,17,AV DU 8 MAI 1945,48.8073,2.53701,Plein jour,En agglomération,Hors intersection,Normale,Deux véhicules - côté,,,,,,,,,,,1,2,1,1.0,3.0
201100050151,0011-06-30 23:20:00,11,6,30,23,20,940,17,R ALEXANDRE FOURNY,48.8188,2.52385,Nuit avec éclairage non allumé,En agglomération,Hors intersection,Normale,Sans collision,,,,,,,,,,,4,2,1,1.0,7.0
201100050152,0011-07-01 10:50:00,11,7,1,10,50,940,17,R DE VERDUN,48.8152,2.49298,Plein jour,En agglomération,Hors intersection,Normale,Deux véhicules - côté,,,,,,,,,,,1,2,1,1.0,3.0
201100050153,0011-07-03 16:40:00,11,7,3,16,40,940,17,THOREZ / DELAUNAY,48.8117,2.53644,Plein jour,En agglomération,Giratoire,Normale,Deux véhicules - côté,,,,,,,,,,,1,2,6,1.0,3.0
201100050154,0011-07-04 18:20:00,11,7,4,18,20,940,17,R ALBERT THOMAS,48.8129,2.51101,Plein jour,En agglomération,Hors intersection,Normale,Deux véhicules - arrière,,,,,,,,,,,1,2,1,1.0,2.0
201100050155,0011-07-05 18:00:00,11,7,5,18,0,940,17,AV DU GENERAL DE GAULLE,48.8215,2.48918,Plein jour,En agglomération,Hors intersection,Pluie légère,Autre collision,,,,,,,,,,,1,2,1,2.0,6.0
201100050156,0011-07-13 18:20:00,11,7,13,18,20,940,17,DE GAULLE / MONET,48.8275,2.50922,Plein jour,En agglomération,Intersection à plus de 4 branches,Normale,Deux véhicules - côté,,,,,,,,,,,1,2,5,1.0,3.0
201100050157,0011-07-17 03:39:00,11,7,17,3,39,940,17,R GEORGES DIMITROV,48.8131,2.50997,Nuit avec éclairage allumé,En agglomération,Hors intersection,Pluie légère,Deux véhicules - arrière,,,,,,,,,,,5,2,1,2.0,2.0
201100050158,0011-07-18 18:30:00,11,7,18,18,30,940,17,GRANCEY / THOMAS,48.816,2.51205,Plein jour,En agglomération,Giratoire,Normale,Deux véhicules - côté,,,,,,,,,,,1,2,6,1.0,3.0
201100050159,0011-07-28 08:25:00,11,7,28,8,25,940,17,DIDEROT / BORDS DE MARNE,48.8139,2.48464,Plein jour,En agglomération,Intersection en T,Normale,Deux véhicules - côté,,,,,,,,,,,1,2,3,1.0,3.0
201100050160,0011-07-11 18:00:00,11,7,11,18,0,940,17,AV DE LA REPUBLIQUE,48.8221,2.51062,Plein jour,En agglomération,Hors intersection,Normale,Deux véhicules - frontale,,,,,,,,,,,1,2,1,1.0,1.0
201100050161,0011-07-29 14:15:00,11,7,29,14,15,940,17,AV ROGER SALENGRO,48.8187,2.49003,Plein jour,En agglomération,Hors intersection,Normale,Autre collision,,,,,,,,,,,1,2,1,1.0,6.0
201100050162,0011-08-07 19:45:00,11,8,7,19,45,940,17,R DU BOIS L'ABBE,48.8115,2.53776,Plein jour,En agglomération,Hors intersection,Normale,Deux véhicules - côté,,,,,,,,,,,1,2,1,1.0,3.0
201100050163,0011-08-05 13:45:00,11,8,5,13,45,940,17,LE BOURSICAUD,48.8151,2.5237,Plein jour,En agglomération,Hors intersection,Normale,Deux véhicules - côté,,,,,,,,,,,1,2,1,1.0,3.0
201100050164,0011-08-12 17:30:00,11,8,12,17,30,940,17,FOURNY / MOQUET,48.8193,2.51473,Plein jour,En agglomération,Intersection en X,Normale,Deux véhicules - côté,,,,,,,,,,,1,2,2,1.0,3.0
201100050165,0011-08-16 10:20:00,11,8,16,10,20,940,17,LE BOURSICAUD / PAUL,48.814,2.5267,Plein jour,En agglomération,Giratoire,Normale,Deux véhicules - côté,,,,,,,,,,,1,2,6,1.0,3.0
201100050166,0011-08-17 09:05:00,11,8,17,9,5,940,17,R DE LA PLAGE,48.8139,2.50184,Plein jour,En agglomération,Hors intersection,Normale,Deux véhicules - côté,,,,,,,,,,,1,2,1,1.0,3.0
201100050167,0011-08-19 19:10:00,11,8,19,19,10,940,17,DE GAULLE / MARAIS,48.8271,2.51794,Plein jour,En agglomération,Intersection en X,Normale,Deux véhicules - arrière,,,,,,,,,,,1,2,2,1.0,2.0
201100050168,0011-09-09 13:00:00,11,9,9,13,0,940,17,R JEAN JAURES,,,Plein jour,En agglomération,Hors intersection,Normale,Deux véhicules - arrière,,,,,,,,,,,1,2,1,1.0,2.0
201100050169,0011-09-09 17:15:00,11,9,9,17,15,940,17,R JEAN JAURES,,,Plein jour,En agglomération,Hors intersection,Normale,Autre collision,,,,,,,,,,,1,2,1,1.0,6.0
201100050170,0011-09-10 18:05:00,11,9,10,18,5,940,17,R JACQUES SOLOMON,,,Plein jour,En agglomération,Hors intersection,Normale,Deux véhicules - côté,,,,,,,,,,,1,2,1,1.0,3.0
201100050171,0011-09-11 20:10:00,11,9,11,20,10,940,17,AV DE LA REPUBLIQUE,,,Plein jour,En agglomération,Hors intersection,Normale,Autre collision,,,,,,,,,,,1,2,1,1.0,6.0
201100050172,0011-09-13 16:00:00,11,9,13,16,0,940,17,FAMILLE / L'ETANG,,,Plein jour,En agglomération,Intersection en X,Normale,Deux véhicules - côté,,,,,,,,,,,1,2,2,1.0,3.0
201100050173,0011-09-12 09:10:00,11,9,12,9,10,940,17,DORMOY / BASSINETS,,,Plein jour,En agglomération,Intersection en Y,Normale,Deux véhicules - côté,,,,,,,,,,,1,2,4,1.0,3.0
201100050174,0011-09-17 23:40:00,11,9,17,23,40,940,17,MONUMENT / DORMOY,,,Nuit avec éclairage allumé,En agglomération,Intersection en Y,Normale,Deux véhicules - côté,,,,,,,,,,,5,2,4,1.0,3.0
201100050175,0011-09-19 18:30:00,11,9,19,18,30,940,17,JAURES / GUITTARD,,,Plein jour,En agglomération,Intersection en X,Normale,Deux véhicules - côté,,,,,,,,,,,1,2,2,1.0,3.0
201100050176,0011-09-21 08:45:00,11,9,21,8,45,940,17,AV ROGER SALENGRO,,,Plein jour,En agglomération,Hors intersection,Normale,Deux véhicules - côté,,,,,,,,,,,1,2,1,1.0,3.0
201100050177,0011-09-23 20:00:00,11,9,23,20,0,940,17,R DU BOIS L'ABBE,,,Crépuscule ou aube,En agglomération,Hors intersection,Normale,Autre collision,,,,,,,,,,,2,2,1,1.0,6.0
201100050178,0011-09-24 20:15:00,11,9,24,20,15,940,17,AV MARX DORMOY,,,Crépuscule ou aube,En agglomération,Hors intersection,Normale,Deux véhicules - arrière,,,,,,,,,,,2,2,1,1.0,2.0
201100050179,0011-09-27 17:10:00,11,9,27,17,10,940,17,BEAU SITE / MONUMENT,,,Plein jour,En agglomération,Intersection en X,Normale,Trois véhicules et plus - collisions multiples,,,,,,,,,,,1,2,2,1.0,5.0
201100050180,0011-09-27 17:55:00,11,9,27,17,55,940,17,AV DU GENERAL DE GAULLE,,,Plein jour,En agglomération,Hors intersection,Normale,Deux véhicules - arrière,,,,,,,,,,,1,2,1,1.0,2.0
201100050181,0011-10-04 15:05:00,11,10,4,15,5,940,17,BD DE STALINGRAD,,,Plein jour,En agglomération,Hors intersection,Normale,Deux véhicules - côté,,,,,,,,,,,1,2,1,1.0,3.0
201100050182,0011-10-04 23:30:00,11,10,4,23,30,940,17,BD DE STALINGRAD,,,Nuit avec éclairage allumé,En agglomération,Hors intersection,Normale,Deux véhicules - côté,,,,,,,,,,,5,2,1,1.0,3.0
201100050183,0011-10-08 14:20:00,11,10,8,14,20,940,17,DELAUNAY / GODETS,,,Plein jour,En agglomération,Intersection en Y,Normale,Deux véhicules - côté,,,,,,,,,,,1,2,4,1.0,3.0
201100050184,0011-10-08 15:05:00,11,10,8,15,5,940,17,CLARA / KALCK,,,Plein jour,En agglomération,Intersection en X,Normale,Deux véhicules - côté,,,,,,,,,,,1,2,2,1.0,3.0
201100050185,0011-10-11 10:55:00,11,10,11,10,55,940,17,STALINGRAD / PATAY,,,Plein jour,En agglomération,Intersection en T,Normale,Deux véhicules - côté,,,,,,,,,,,1,2,3,1.0,3.0
201100050186,0011-10-13 13:50:00,11,10,13,13,50,940,17,REPUBLIQUE / ADAMOV,,,Plein jour,En agglomération,Intersection en T,Normale,Deux véhicules - côté,,,,,,,,,,,1,2,3,1.0,3.0
201100050187,0011-10-17 18:10:00,11,10,17,18,10,940,17,POTTIER / VIADUC,,,Plein jour,En agglomération,Intersection en T,Normale,Autre collision,,,,,,,,,,,1,2,3,1.0,6.0
201100050188,0011-10-14 11:00:00,11,10,14,11,0,940,17,GRANCEY / MITTERRAND,,,Plein jour,En agglomération,Giratoire,Normale,Deux véhicules - arrière,,,,,,,,,,,1,2,6,1.0,2.0
201100050189,0011-11-07 15:10:00,11,11,7,15,10,940,17,BD DE STALINGRAD,,,Plein jour,En agglomération,Hors intersection,Pluie légère,Trois véhicules et plus - collisions multiples,,,,,,,,,,,1,2,1,2.0,5.0
201100050190,0011-11-09 22:30:00,11,11,9,22,30,940,17,AV DE LA REPUBLIQUE,,,Nuit avec éclairage non allumé,En agglomération,Hors intersection,Normale,Autre collision,,,,,,,,,,,4,2,1,1.0,6.0
201100050191,0011-11-15 08:10:00,11,11,15,8,10,940,17,JAURES / DIMITROV,,,Plein jour,En agglomération,Intersection en X,Normale,Autre collision,,,,,,,,,,,1,2,2,1.0,6.0
201100050192,0011-11-15 04:00:00,11,11,15,4,0,940,17,MIMOSAS / BEAUREGARD,,,Nuit avec éclairage allumé,En agglomération,Intersection en X,Normale,Deux véhicules - côté,,,,,,,,,,,5,2,2,1.0,3.0
201100050193,0011-11-17 08:50:00,11,11,17,8,50,940,17,SALENGRO / GORKI,,,Plein jour,En agglomération,Intersection en T,Normale,Deux véhicules - côté,,,,,,,,,,,1,2,3,1.0,3.0
201100050194,0011-11-18 06:00:00,11,11,18,6,0,940,17,STALINGRAD / ALLIES,,,Nuit avec éclairage allumé,En agglomération,Intersection en X,Normale,Deux véhicules - côté,,,,,,,,,,,5,2,2,1.0,3.0
201100050195,0011-11-19 09:20:00,11,11,19,9,20,940,17,AV AMBROISE CROIZAT,,,Plein jour,En agglomération,Hors intersection,Normale,Sans collision,,,,,,,,,,,1,2,1,1.0,7.0
201100050196,0011-11-29 16:00:00,11,11,29,16,0,940,17,R MASSENET,,,Plein jour,En agglomération,Hors intersection,Normale,Autre collision,,,,,,,,,,,1,2,1,1.0,6.0
201100050197,0011-11-29 20:50:00,11,11,29,20,50,940,17,REPUBLIQUE / FOURNY,,,Nuit avec éclairage allumé,En agglomération,Intersection en T,Normale,Deux véhicules - côté,,,,,,,,,,,5,2,3,1.0,3.0
201100050198,0011-11-30 18:45:00,11,11,30,18,45,940,17,R GEORGES DIMITROV,,,Nuit avec éclairage allumé,En agglomération,Hors intersection,Normale,Autre collision,,,,,,,,,,,5,2,1,1.0,6.0
201100050199,0011-12-02 07:10:00,11,12,2,7,10,940,17,MONUMENT / DUNKERQUE,,,Nuit avec éclairage allumé,En agglomération,Intersection en X,Normale,Sans collision,,,,,,,,,,,5,2,2,1.0,7.0
201100050200,0011-12-02 00:10:00,11,12,2,0,10,940,17,AV DE LA REPUBLIQUE,,,Nuit avec éclairage allumé,En agglomération,Hors intersection,Normale,Autre collision,,,,,,,,,,,5,2,1,1.0,6.0
201100050201,0011-12-03 11:40:00,11,12,3,11,40,940,17,JEAN JAURES (R),,,Plein jour,En agglomération,Intersection en T,Normale,Deux véhicules - côté,,,,,,,,,,,1,2,3,1.0,3.0
201100050202,0011-12-05 13:50:00,11,12,5,13,50,940,17,GABRIEL PERI (BD),,,Plein jour,En agglomération,Intersection en X,Normale,Deux véhicules - côté,,,,,,,,,,,1,2,2,1.0,3.0
201100050203,0011-12-06 13:50:00,11,12,6,13,50,940,17,STALINGRAD (BD DE),,,Plein jour,En agglomération,Intersection en T,Normale,Deux véhicules - côté,,,,,,,,,,,1,2,3,1.0,3.0
201100050204,0011-12-09 11:45:00,11,12,9,11,45,940,17,ALBERT THOMAS (R),,,Plein jour,En agglomération,Intersection en T,Normale,Deux véhicules - côté,,,,,,,,,,,1,2,3,1.0,3.0
201100050205,0011-12-13 06:40:00,11,12,13,6,40,940,17,ROITELETS (R DES),,,Nuit avec éclairage allumé,En agglomération,Hors intersection,Pluie légère,Autre collision,,,,,,,,,,,5,2,1,2.0,6.0
201100050206,0011-12-16 08:15:00,11,12,16,8,15,940,17,STALINGRAD (BD DE),,,Plein jour,En agglomération,Intersection en X,Pluie légère,Autre collision,,,,,,,,,,,1,2,2,2.0,6.0
201100050207,0011-12-16 20:00:00,11,12,16,20,0,940,17,REPUBLIQUE (AV DE LA),,,Nuit avec éclairage allumé,En agglomération,Hors intersection,Pluie légère,Deux véhicules - frontale,,,,,,,,,,,5,2,1,2.0,1.0
201100050208,0011-12-21 20:10:00,11,12,21,20,10,940,17,ROGER SALENGRO (AV),,,Nuit avec éclairage allumé,En agglomération,Hors intersection,Pluie légère,Deux véhicules - côté,,,,,,,,,,,5,2,1,2.0,3.0
201100050209,0011-12-30 19:10:00,11,12,30,19,10,940,17,REPUBLIQUE (AV DE LA),,,Nuit avec éclairage allumé,En agglomération,Hors intersection,Normale,Deux véhicules - frontale,,,,,,,,,,,5,2,1,1.0,1.0
201100050210,0011-12-31 01:30:00,11,12,31,1,30,940,17,REPUBLIQUE (AV DE LA),,,Nuit avec éclairage allumé,En agglomération,Hors intersection,Normale,Autre collision,,,,,,,,,,,5,2,1,1.0,6.0
201100050211,0011-12-31 19:40:00,11,12,31,19,40,940,17,HENRI-MARIE LE BOURSICAU,,,Nuit avec éclairage allumé,En agglomération,Hors intersection,Normale,Deux véhicules - frontale,,,,,,,,,,,5,2,1,1.0,1.0
201100050212,0011-12-30 22:55:00,11,12,30,22,55,940,18,"12, ARTHUR CROQUETTE (R)",,,Nuit avec éclairage allumé,En agglomération,Hors intersection,Pluie légère,Autre collision,,,,,,,,,,,5,2,1,2.0,6.0
201100050213,0011-01-11 09:40:00,11,1,11,9,40,940,69,"30, TASSIGNY",48.8207,2.41967,Plein jour,En agglomération,Hors intersection,Pluie légère,Deux véhicules - arrière,,,,,,,,,,,1,2,1,2.0,2.0
201100050214,0011-01-14 01:55:00,11,1,14,1,55,940,18,AUTOROUTE A4,48.8173,2.41569,Nuit avec éclairage non allumé,Hors agglomération,Hors intersection,Normale,Sans collision,,,,,,,,,,,4,1,1,1.0,7.0
201100050215,0011-01-24 09:00:00,11,1,24,9,0,940,69,"12, VAL D OSNE",48.8219,2.42333,Plein jour,En agglomération,Hors intersection,Pluie légère,Deux véhicules - côté,,,,,,,,,,,1,2,1,2.0,3.0
201100050216,0011-01-22 11:00:00,11,1,22,11,0,940,69,VALAIS / PRESLES,48.8168,2.45963,Plein jour,En agglomération,Intersection en Y,Normale,Deux véhicules - côté,,,,,,,,,,,1,2,4,1.0,3.0
201100050217,0011-02-03 15:45:00,11,2,3,15,45,940,69,LECLERC / GREDAT,48.8181,2.43224,Plein jour,En agglomération,Intersection en T,Normale,Sans collision,,,,,,,,,,,1,2,3,1.0,7.0
201100050218,0011-02-18 02:00:00,11,2,18,2,0,940,18,PONT MARTINET,48.8179,2.4123,Nuit avec éclairage allumé,En agglomération,Hors intersection,Normale,Autre collision,,,,,,,,,,,5,2,1,1.0,6.0
201100050219,0011-02-22 19:40:00,11,2,22,19,40,940,18,CARRIERES / CHARENTON,48.8178,2.41954,Nuit avec éclairage allumé,En agglomération,Intersection en X,Normale,Deux véhicules - côté,,,,,,,,,,,5,2,2,1.0,3.0
201100050220,0011-03-07 19:30:00,11,3,7,19,30,940,69,R DU MARECHAL LECLERC,48.8179,2.42644,Nuit avec éclairage allumé,En agglomération,Hors intersection,Normale,Autre collision,,,,,,,,,,,5,2,1,1.0,6.0
201100050221,0011-03-10 12:10:00,11,3,10,12,10,940,18,PARIS / MOUQUET,48.8247,2.40878,Plein jour,En agglomération,Intersection en X,Temps couvert,Autre collision,,,,,,,,,,,1,2,2,8.0,6.0
201100050222,0011-03-16 08:25:00,11,3,16,8,25,940,18,BERCY / NOUVEAU BERCY,48.8231,2.39619,Plein jour,En agglomération,Intersection en T,Normale,Deux véhicules - côté,,,,,,,,,,,1,2,3,1.0,3.0
201100050223,0011-03-22 08:15:00,11,3,22,8,15,940,18,LIBERTE / CONFLANS,48.8234,2.40407,Plein jour,En agglomération,Intersection en Y,Normale,Deux véhicules - côté,,,,,,,,,,,1,2,4,1.0,3.0
201100050224,0011-03-23 07:30:00,11,3,23,7,30,940,69,R DU MARECHAL LECLERC,48.8175,2.45196,Plein jour,En agglomération,Hors intersection,Normale,Autre collision,,,,,,,,,,,1,2,1,1.0,6.0
201100050225,0011-03-27 06:00:00,11,3,27,6,0,940,69,AV DES CANADIENS,48.817,2.45528,Nuit sans éclairage public,Hors agglomération,Hors intersection,Pluie légère,Sans collision,,,,,,,,,,,3,1,1,2.0,7.0
201100050226,0011-03-28 07:20:00,11,3,28,7,20,940,69,GRAVELLE / TASSIGNY,48.8241,2.41993,Crépuscule ou aube,En agglomération,Intersection en X,Temps couvert,Deux véhicules - côté,,,,,,,,,,,2,2,2,8.0,3.0
201100050227,0011-03-29 17:30:00,11,3,29,17,30,940,18,"19, R DE CONFLANS",48.8223,2.41082,Plein jour,En agglomération,Hors intersection,Pluie légère,Autre collision,,,,,,,,,,,1,2,1,2.0,6.0
201100050228,0011-04-08 19:00:00,11,4,8,19,0,940,18,AV WINSTON CHURCHILL,48.8254,2.40354,Plein jour,En agglomération,Hors intersection,Normale,Deux véhicules - côté,,,,,,,,,,,1,2,1,1.0,3.0
201100050229,0011-04-08 20:00:00,11,4,8,20,0,940,18,QU DE BERCY,48.8223,2.39796,Crépuscule ou aube,En agglomération,Hors intersection,Normale,Deux véhicules - côté,,,,,,,,,,,2,2,1,1.0,3.0
201100050230,0011-04-17 09:30:00,11,4,17,9,30,940,18,R DE PARIS,48.8211,2.41425,Plein jour,Hors agglomération,Hors intersection,Normale,Autre collision,,,,,,,,,,,1,1,1,1.0,6.0
201100050231,0011-04-23 00:10:00,11,4,23,0,10,940,18,R DE PARIS,48.8238,2.41021,Nuit avec éclairage allumé,En agglomération,Hors intersection,Normale,Deux véhicules - arrière,,,,,,,,,,,5,2,1,1.0,2.0
201100050232,0011-04-23 05:35:00,11,4,23,5,35,940,18,CARRIERES / CHARENTON,48.8178,2.41954,Crépuscule ou aube,En agglomération,Intersection en X,Normale,Deux véhicules - côté,,,,,,,,,,,2,2,2,1.0,3.0
201100050233,0011-04-26 18:00:00,11,4,26,18,0,940,18,CARRIERES / BORDEAUX,48.8192,2.40756,Plein jour,En agglomération,Intersection en T,Normale,Deux véhicules - arrière,,,,,,,,,,,1,2,3,1.0,2.0
201100050234,0011-05-06 03:55:00,11,5,6,3,55,940,69,"05 BIS, QU DE LA REPUBLI",48.8178,2.42101,Nuit avec éclairage allumé,En agglomération,Hors intersection,Normale,Deux véhicules - côté,,,,,,,,,,,5,2,1,1.0,3.0
201100050235,0011-05-09 23:15:00,11,5,9,23,15,940,18,PARIS / CROQUETTE,48.8207,2.41471,Nuit avec éclairage allumé,En agglomération,Intersection en Y,Normale,Sans collision,,,,,,,,,,,5,2,4,1.0,7.0
201100050236,0011-05-10 12:40:00,11,5,10,12,40,940,18,"14, R DU PORT AUX LIONS",48.824,2.39981,Plein jour,En agglomération,Hors intersection,Normale,Autre collision,,,,,,,,,,,1,2,1,1.0,6.0
201100050237,0011-05-11 12:00:00,11,5,11,12,0,940,18,R ARTHUR CROQUETTE,48.8207,2.4147,Plein jour,En agglomération,Hors intersection,Normale,Sans collision,,,,,,,,,,,1,2,1,1.0,7.0
201100050238,0011-05-13 14:30:00,11,5,13,14,30,940,18,"16, R ARTHUR CROQUETTE",48.8203,2.41433,Plein jour,En agglomération,Hors intersection,Normale,Autre collision,,,,,,,,,,,1,2,1,1.0,6.0
201100050239,0011-05-19 21:50:00,11,5,19,21,50,940,69,"16, AV DES CANADIENS",48.8169,2.45888,Nuit avec éclairage allumé,En agglomération,Hors intersection,Normale,Sans collision,,,,,,,,,,,5,2,1,1.0,7.0
201100050240,0011-05-20 16:45:00,11,5,20,16,45,940,18,"18, AV DE LA LIBERTE",48.8256,2.40661,Plein jour,En agglomération,Hors intersection,Normale,Trois véhicules et plus - en chaîne,,,,,,,,,,,1,2,1,1.0,4.0