accident_id,datetime,annee,mois,jour,heure,minute,departement,commune_insee,adresse,latitude,longitude,luminosite,agglomeration,intersection,meteo,collision,nb_vehicules,nb_usagers,nb_indemnes,nb_tues,nb_blesses_hosp,nb_blesses_legers,age_cond_1,age_cond_2,veh_type_cond_1,veh_type_cond_2,lum_code,agg_code,int_code,atm_code,col_code
201100050241,0011-06-01 17:25:00,11,6,1,17,25,940,69,LECLERC / LECLERC,48.8149,2.46136,Plein jour,En agglomération,Giratoire,Normale,Sans collision,,,,,,,,,,,1,2,6,1.0,7.0
201100050242,0011-06-07 11:30:00,11,6,7,11,30,940,69,AV DES CANADIENS,48.817,2.45529,Plein jour,Hors agglomération,Hors intersection,Pluie légère,Sans collision,,,,,,,,,,,1,1,1,2.0,7.0
201100050243,0011-06-22 21:05:00,11,6,22,21,5,940,69,SAINT-MAURICE DU VALAIS,48.8151,2.46278,Plein jour,En agglomération,Hors intersection,Normale,Sans collision,,,,,,,,,,,1,2,1,1.0,7.0
201100050244,0011-06-30 11:50:00,11,6,30,11,50,940,18,AV DE LA LIBERTE,48.8254,2.40633,Plein jour,En agglomération,Hors intersection,Normale,Autre collision,,,,,,,,,,,1,2,1,1.0,6.0
201100050245,0011-07-13 00:30:00,11,7,13,0,30,940,18,PARIS / HUGO,48.8218,2.41333,Nuit avec éclairage allumé,En agglomération,Intersection en T,Pluie légère,Autre collision,,,,,,,,,,,5,2,3,2.0,6.0
201100050246,0011-07-27 20:15:00,11,7,27,20,15,940,18,AV DU GENERAL DE GAULLE,48.8251,2.39411,Crépuscule ou aube,En agglomération,Hors intersection,Temps couvert,Deux véhicules - frontale,,,,,,,,,,,2,2,1,8.0,1.0
201100050247,0011-07-29 15:05:00,11,7,29,15,5,940,69,R DU MARECHAL LECLERC,48.818,2.4482,Plein jour,En agglomération,Hors intersection,Normale,Autre collision,,,,,,,,,,,1,2,1,1.0,6.0
201100050248,0011-07-05 16:00:00,11,7,5,16,0,940,69,R DU MARECHAL LECLERC,48.8179,2.4431,Plein jour,En agglomération,Hors intersection,Normale,Deux véhicules - côté,,,,,,,,,,,1,2,1,1.0,3.0
201100050249,0011-08-08 22:00:00,11,8,8,22,0,940,18,PONT MARTINET,48.8179,2.41228,Crépuscule ou aube,En agglomération,Hors intersection,Normale,Autre collision,,,,,,,,,,,2,2,1,1.0,6.0
201100050250,0011-08-11 21:05:00,11,8,11,21,5,940,18,R DE PARIS,48.8258,2.40706,Nuit avec éclairage allumé,En agglomération,Hors intersection,Normale,Autre collision,,,,,,,,,,,5,2,1,1.0,6.0
201100050251,0011-08-22 12:00:00,11,8,22,12,0,940,18,BERCY / LIONS,48.8225,2.39744,Plein jour,En agglomération,Intersection en T,Normale,Deux véhicules - côté,,,,,,,,,,,1,2,3,1.0,3.0
201100050252,0011-08-22 16:20:00,11,8,22,16,20,940,18,BERCY / BERCY,48.8231,2.39619,Plein jour,En agglomération,Intersection en T,Normale,Deux véhicules - côté,,,,,,,,,,,1,2,3,1.0,3.0
201100050253,0011-08-24 20:15:00,11,8,24,20,15,940,18,R VICTOR HUGO,48.8211,2.4127,Plein jour,En agglomération,Hors intersection,Normale,Deux véhicules - arrière,,,,,,,,,,,1,2,1,1.0,2.0
201100050254,0011-09-02 17:00:00,11,9,2,17,0,940,18,R DE PARIS,,,Plein jour,En agglomération,Hors intersection,Normale,Deux véhicules - arrière,,,,,,,,,,,1,2,1,1.0,2.0
201100050255,0011-09-03 10:00:00,11,9,3,10,0,940,69,CANADIENS / GRAVELLE,,,Plein jour,En agglomération,Intersection en X,Normale,Deux véhicules - côté,,,,,,,,,,,1,2,2,1.0,3.0
201100050256,0011-09-07 10:40:00,11,9,7,10,40,940,18,QU DES CARRIERES,,,Plein jour,En agglomération,Hors intersection,Temps couvert,Deux véhicules - côté,,,,,,,,,,,1,2,1,8.0,3.0
201100050257,0011-09-07 23:15:00,11,9,7,23,15,940,18,QU DE BERCY,,,Nuit avec éclairage allumé,En agglomération,Hors intersection,Normale,Deux véhicules - frontale,,,,,,,,,,,5,2,1,1.0,1.0
201100050258,0011-09-08 13:20:00,11,9,8,13,20,940,69,DU VALAIS / KENNEDY,,,Plein jour,En agglomération,Intersection en X,Pluie légère,Deux véhicules - côté,,,,,,,,,,,1,2,2,2.0,3.0
201100050259,0011-09-19 22:30:00,11,9,19,22,30,940,69,GRAVELLE / TASSIGNY,,,Nuit avec éclairage allumé,En agglomération,Intersection en X,Normale,Deux véhicules - frontale,,,,,,,,,,,5,2,2,1.0,1.0
201100050260,0011-09-21 07:55:00,11,9,21,7,55,940,69,R DU MARECHAL LECLERC,,,Plein jour,En agglomération,Hors intersection,Normale,Autre collision,,,,,,,,,,,1,2,1,1.0,6.0
201100050261,0011-09-21 15:30:00,11,9,21,15,30,940,69,NOCARD / DAMALIX,,,Plein jour,En agglomération,Intersection en X,Temps éblouissant,Deux véhicules - côté,,,,,,,,,,,1,2,2,7.0,3.0
201100050262,0011-09-26 08:30:00,11,9,26,8,30,940,18,AV DE GRAVELLE,,,Plein jour,En agglomération,Hors intersection,Temps éblouissant,Deux véhicules - arrière,,,,,,,,,,,1,2,1,7.0,2.0
201100050263,0011-09-27 08:30:00,11,9,27,8,30,940,69,AV DE VERDUN,,,Plein jour,En agglomération,Hors intersection,Normale,Deux véhicules - côté,,,,,,,,,,,1,2,1,1.0,3.0
201100050264,0011-09-29 14:50:00,11,9,29,14,50,940,18,R DE LA REPUBLIQUE,,,Plein jour,En agglomération,Hors intersection,Normale,Deux véhicules - côté,,,,,,,,,,,1,2,1,1.0,3.0
201100050265,0011-09-30 09:45:00,11,9,30,9,45,940,18,PARIS / LIBERTE,,,Plein jour,En agglomération,Intersection en X,Normale,Autre collision,,,,,,,,,,,1,2,2,1.0,6.0
201100050266,0011-09-30 17:30:00,11,9,30,17,30,940,18,QU DES CARRIERES,,,Plein jour,En agglomération,Hors intersection,Temps éblouissant,Deux véhicules - côté,,,,,,,,,,,1,2,1,7.0,3.0
201100050267,0011-10-11 15:55:00,11,10,11,15,55,940,18,AV DE GRAVELLE,,,Plein jour,En agglomération,Hors intersection,Normale,Deux véhicules - côté,,,,,,,,,,,1,2,1,1.0,3.0
201100050268,0011-10-12 17:30:00,11,10,12,17,30,940,69,R PAUL VERLAINE,,,Plein jour,En agglomération,Hors intersection,Normale,Deux véhicules - arrière,,,,,,,,,,,1,2,1,1.0,2.0
201100050269,0011-10-20 09:00:00,11,10,20,9,0,940,18,BERCY / LIBERTE,,,Plein jour,En agglomération,Intersection en X,Normale,Deux véhicules - côté,,,,,,,,,,,1,2,2,1.0,3.0
201100050270,0011-10-24 17:30:00,11,10,24,17,30,940,69,QU DE LA REPUBLIQUE,,,Plein jour,En agglomération,Hors intersection,Normale,Deux véhicules - côté,,,,,,,,,,,1,2,1,1.0,3.0
201100050271,0011-10-26 10:10:00,11,10,26,10,10,940,69,R DU MARECHAL LECLERC,,,Plein jour,En agglomération,Hors intersection,Normale,Autre collision,,,,,,,,,,,1,2,1,1.0,6.0
201100050272,0011-10-27 08:55:00,11,10,27,8,55,940,18,AV DE GRAVELLE,,,Plein jour,En agglomération,Hors intersection,Normale,Deux véhicules - côté,,,,,,,,,,,1,2,1,1.0,3.0
201100050273,0011-11-10 18:45:00,11,11,10,18,45,940,69,"8, R PAUL VERLAINE",,,Nuit avec éclairage allumé,En agglomération,Hors intersection,Normale,Deux véhicules - côté,,,,,,,,,,,5,2,1,1.0,3.0
201100050274,0011-11-14 13:40:00,11,11,14,13,40,940,18,"21, R VICTOR HUGO",,,Plein jour,En agglomération,Hors intersection,Normale,Deux véhicules - arrière,,,,,,,,,,,1,2,1,1.0,2.0
201100050275,0011-11-15 01:00:00,11,11,15,1,0,940,18,PONT DE CHARENTON,,,Nuit avec éclairage allumé,En agglomération,Hors intersection,Normale,Deux véhicules - frontale,,,,,,,,,,,5,2,1,1.0,1.0
201100050276,0011-11-19 14:05:00,11,11,19,14,5,940,69,TASSIGNY,,,Plein jour,En agglomération,Hors intersection,Normale,Deux véhicules - arrière,,,,,,,,,,,1,2,1,1.0,2.0
201100050277,0011-11-19 20:40:00,11,11,19,20,40,940,18,PARIS / D'ARC,,,Nuit avec éclairage allumé,En agglomération,Intersection en T,Normale,Deux véhicules - côté,,,,,,,,,,,5,2,3,1.0,3.0
201100050278,0011-11-22 08:55:00,11,11,22,8,55,940,18,QU DES CARRIERES,,,Plein jour,En agglomération,Hors intersection,Normale,Autre collision,,,,,,,,,,,1,2,1,1.0,6.0
201100050279,0011-11-24 09:00:00,11,11,24,9,0,940,69,R DU MARECHAL LECLERC,,,Plein jour,En agglomération,Hors intersection,Normale,Sans collision,,,,,,,,,,,1,2,1,1.0,7.0
201100050280,0011-11-25 08:55:00,11,11,25,8,55,940,69,R PAUL VERLAINE,,,Plein jour,En agglomération,Hors intersection,Normale,Deux véhicules - arrière,,,,,,,,,,,1,2,1,1.0,2.0
201100050281,0011-11-28 18:55:00,11,11,28,18,55,940,18,PARIS / NOCARD,,,Nuit avec éclairage allumé,En agglomération,Intersection en T,Normale,Autre collision,,,,,,,,,,,5,2,3,1.0,6.0
201100050282,0011-12-01 12:15:00,11,12,1,12,15,940,69,AV SAINT-MAURICE DU VALA,,,Plein jour,En agglomération,Hors intersection,Pluie légère,Deux véhicules - arrière,,,,,,,,,,,1,2,1,2.0,2.0
201100050283,0011-12-08 10:00:00,11,12,8,10,0,940,18,"120, PARIS (R DE)",,,Plein jour,En agglomération,Hors intersection,Normale,Trois véhicules et plus - en chaîne,,,,,,,,,,,1,2,1,1.0,4.0
201100050284,0011-12-13 18:15:00,11,12,13,18,15,940,18,"40, CARRIERES (QU DES)",,,Nuit avec éclairage allumé,En agglomération,Hors intersection,Normale,Autre collision,,,,,,,,,,,5,2,1,1.0,6.0
201100050285,0011-12-28 20:05:00,11,12,28,20,5,940,69,MARECHAL LECLERC (R DU),,,Nuit avec éclairage allumé,En agglomération,Hors intersection,Normale,Autre collision,,,,,,,,,,,5,2,1,1.0,6.0
201100050286,0011-05-22 14:50:00,11,5,22,14,50,940,69,"57, R DU MARECHAL LECLER",48.8181,2.43184,Plein jour,En agglomération,Hors intersection,Autre,Deux véhicules - côté,,,,,,,,,,,1,2,1,9.0,3.0
201100050287,0011-12-22 13:05:00,11,12,22,13,5,940,69,"228, MARECHAL LECLERC (R",,,Plein jour,En agglomération,Hors intersection,Normale,Deux véhicules - côté,,,,,,,,,,,1,2,1,1.0,3.0
201100050288,0011-01-01 17:55:00,11,1,1,17,55,940,79,"14, PARIS",48.8294,2.55604,Nuit avec éclairage allumé,En agglomération,Hors intersection,Pluie légère,Deux véhicules - frontale,,,,,,,,,,,5,2,1,2.0,1.0
201100050289,0011-01-07 19:35:00,11,1,7,19,35,940,19,"30, PONT DE CHENNEVIERES",48.7905,2.52174,Nuit sans éclairage public,En agglomération,Hors intersection,Pluie légère,Deux véhicules - frontale,,,,,,,,,,,3,2,1,2.0,1.0
201100050290,0011-01-13 18:40:00,11,1,13,18,40,940,79,MONNET / FRIEDBERG,48.835,2.54715,Nuit avec éclairage allumé,En agglomération,Intersection en X,Normale,Deux véhicules - côté,,,,,,,,,,,5,2,2,1.0,3.0
201100050291,0011-01-17 13:10:00,11,1,17,13,10,940,79,COMBAULT / LIEDET,48.8196,2.56647,Plein jour,En agglomération,Intersection en T,Temps couvert,Deux véhicules - côté,,,,,,,,,,,1,2,3,8.0,3.0
201100050292,0011-01-25 18:55:00,11,1,25,18,55,940,60,MORTIER / SEGONZAC,48.7911,2.57752,Nuit avec éclairage allumé,En agglomération,Intersection à plus de 4 branches,Pluie légère,Deux véhicules - côté,,,,,,,,,,,5,2,5,2.0,3.0
201100050293,0011-01-29 20:00:00,11,1,29,20,0,940,55,PINCE VENT,48.7911,2.55275,Nuit avec éclairage allumé,En agglomération,Hors intersection,Normale,Trois véhicules et plus - en chaîne,,,,,,,,,,,5,2,1,1.0,4.0
201100050294,0011-01-31 08:15:00,11,1,31,8,15,940,55,AMBOILE / GAULLE,48.7921,2.5325,Plein jour,En agglomération,Giratoire,Normale,Autre collision,,,,,,,,,,,1,2,6,1.0,6.0
201100050295,0011-02-01 22:00:00,11,2,1,22,0,940,59,CHE DU PLESSIS-TREVISE A,48.7978,2.57831,Crépuscule ou aube,Hors agglomération,Hors intersection,Pluie légère,Deux véhicules - frontale,,,,,,,,,,,2,1,1,2.0,1.0
201100050296,0011-02-04 20:25:00,11,2,4,20,25,940,53,MENDES-FRANCE / ROUX,48.7715,2.54444,Plein jour,En agglomération,Intersection en T,Normale,Trois véhicules et plus - collisions multiples,,,,,,,,,,,1,2,3,1.0,5.0
201100050297,0011-02-07 13:45:00,11,2,7,13,45,940,53,MENDES-FRANCE / BERTHELO,48.7686,2.54222,Plein jour,En agglomération,Intersection en T,Normale,Deux véhicules - côté,,,,,,,,,,,1,2,3,1.0,3.0
201100050298,0011-02-08 07:45:00,11,2,8,7,45,940,19,R AUGUSTE COMTE,48.8019,2.54718,Nuit avec éclairage allumé,En agglomération,Hors intersection,Pluie légère,Autre collision,,,,,,,,,,,5,2,1,2.0,6.0
201100050299,0011-02-09 08:40:00,11,2,9,8,40,940,79,"08, GAUMONT",48.8257,2.55228,Plein jour,En agglomération,Hors intersection,Pluie légère,Deux véhicules - arrière,,,,,,,,,,,1,2,1,2.0,2.0
201100050300,0011-02-11 16:10:00,11,2,11,16,10,940,59,"101, BERTEAUX",48.8103,2.56848,Plein jour,En agglomération,Hors intersection,Normale,Autre collision,,,,,,,,,,,1,2,1,1.0,6.0
201100050301,0011-02-15 17:00:00,11,2,15,17,0,940,19,"1 SIS,R CLEMENT ADER",48.801,2.55285,Crépuscule ou aube,En agglomération,Hors intersection,Pluie légère,Deux véhicules - frontale,,,,,,,,,,,2,2,1,2.0,1.0
201100050302,0011-02-17 15:00:00,11,2,17,15,0,940,19,COMTE / BRETAGNE,48.8028,2.54894,Plein jour,En agglomération,Intersection en T,Normale,Sans collision,,,,,,,,,,,1,2,3,1.0,7.0
201100050303,0011-02-20 04:30:00,11,2,20,4,30,940,60,CUVETTE DE CHAMPLAIN,48.7889,2.5647,Nuit sans éclairage public,Hors agglomération,Hors intersection,Pluie légère,Sans collision,,,,,,,,,,,3,1,1,2.0,7.0
201100050304,0011-02-21 07:50:00,11,2,21,7,50,940,19,RTE DU PLESSIS,48.8055,2.55492,Crépuscule ou aube,En agglomération,Hors intersection,Normale,Deux véhicules - côté,,,,,,,,,,,2,2,1,1.0,3.0
201100050305,0011-02-22 10:50:00,11,2,22,10,50,940,60,"25,R D'ANJOU",48.7926,2.58285,Plein jour,En agglomération,Hors intersection,Normale,Autre collision,,,,,,,,,,,1,2,1,1.0,6.0
201100050306,0011-03-05 20:50:00,11,3,5,20,50,940,79,ALL COSTE / BRING,48.8189,2.54248,Nuit sans éclairage public,En agglomération,Intersection en X,Normale,Deux véhicules - frontale,,,,,,,,,,,3,2,2,1.0,1.0
201100050307,0011-03-06 18:50:00,11,3,6,18,50,940,60,R DU GENERAL DE GAULLE,48.7804,2.57579,Nuit avec éclairage allumé,En agglomération,Hors intersection,Normale,Deux véhicules - arrière,,,,,,,,,,,5,2,1,1.0,2.0
201100050308,0011-03-07 16:10:00,11,3,7,16,10,940,79,BRIAND / GAMBETTA,48.829,2.53576,Plein jour,En agglomération,Intersection en X,Normale,Deux véhicules - côté,,,,,,,,,,,1,2,2,1.0,3.0
201100050309,0011-03-10 08:00:00,11,3,10,8,0,940,55,AV OLIVIER D'ORMESSON,48.7809,2.52418,Plein jour,En agglomération,Hors intersection,Normale,Deux véhicules - arrière,,,,,,,,,,,1,2,1,1.0,2.0
201100050310,0011-03-15 09:30:00,11,3,15,9,30,940,79,R DU DOCTEUR FILLIOUX,48.825,2.55341,Plein jour,En agglomération,Hors intersection,Pluie légère,Autre collision,,,,,,,,,,,1,2,1,2.0,6.0
201100050311,0011-03-17 10:20:00,11,3,17,10,20,940,79,FOCH / BRY,48.8304,2.53722,Plein jour,En agglomération,Intersection en Y,Normale,Deux véhicules - côté,,,,,,,,,,,1,2,4,1.0,3.0
201100050312,0011-03-20 02:15:00,11,3,20,2,15,940,60,CUVETTE DE CHAMPLAIN,48.7884,2.56359,Nuit sans éclairage public,Hors agglomération,Hors intersection,Normale,Deux véhicules - côté,,,,,,,,,,,3,1,1,1.0,3.0
201100050313,0011-03-22 21:55:00,11,3,22,21,55,940,19,RTE DU PLESSIS,48.8056,2.55504,Nuit avec éclairage allumé,En agglomération,Hors intersection,Normale,Autre collision,,,,,,,,,,,5,2,1,1.0,6.0
201100050314,0011-03-23 16:35:00,11,3,23,16,35,940,79,FRIEDBERG / DOBOEUF ET M,48.8328,2.5442,Plein jour,En agglomération,Intersection en X,Temps éblouissant,Deux véhicules - côté,,,,,,,,,,,1,2,2,7.0,3.0
201100050315,0011-03-24 08:45:00,11,3,24,8,45,940,59,BERTEAUX / PONROY,48.8051,2.57228,Plein jour,En agglomération,Intersection en X,Normale,Autre collision,,,,,,,,,,,1,2,2,1.0,6.0
201100050316,0011-03-29 18:15:00,11,3,29,18,15,940,79,"34, RTE DE BRY",48.8306,2.53663,Plein jour,En agglomération,Hors intersection,Pluie forte,Deux véhicules - frontale,,,,,,,,,,,1,2,1,3.0,1.0
201100050317,0011-04-01 14:50:00,11,4,1,14,50,940,59,BERTEAUX / COEUILLY,48.808,2.57002,Plein jour,En agglomération,Intersection en T,Normale,Deux véhicules - côté,,,,,,,,,,,1,2,3,1.0,3.0
201100050318,0011-04-02 15:20:00,11,4,2,15,20,940,19,R CLEMENT ADER,48.8007,2.553,Plein jour,En agglomération,Hors intersection,Normale,Autre collision,,,,,,,,,,,1,2,1,1.0,6.0
201100050319,0011-04-07 18:00:00,11,4,7,18,0,940,60,R D'ANJOU,48.7927,2.584,Plein jour,En agglomération,Hors intersection,Normale,Autre collision,,,,,,,,,,,1,2,1,1.0,6.0
201100050320,0011-04-12 10:35:00,11,4,12,10,35,940,19,COMTE / ROUSSILLON,48.8021,2.54831,Plein jour,En agglomération,Intersection en T,Normale,Deux véhicules - côté,,,,,,,,,,,1,2,3,1.0,3.0
201100050321,0011-04-15 07:20:00,11,4,15,7,20,940,19,LIBERATION / DU BOIS,48.8007,2.54222,Plein jour,En agglomération,Intersection en X,Normale,Deux véhicules - frontale,,,,,,,,,,,1,2,2,1.0,1.0
201100050322,0011-04-16 11:35:00,11,4,16,11,35,940,55,RTE DE PROVINS,48.7927,2.55421,Plein jour,En agglomération,Hors intersection,Normale,Deux véhicules - arrière,,,,,,,,,,,1,2,1,1.0,2.0
201100050323,0011-04-27 11:05:00,11,4,27,11,5,940,79,R DE NOISY,48.8288,2.54112,Plein jour,En agglomération,Hors intersection,Normale,Autre collision,,,,,,,,,,,1,2,1,1.0,6.0
201100050324,0011-04-27 19:40:00,11,4,27,19,40,940,79,ROUY / ADELAIDE,48.823,2.54926,Plein jour,En agglomération,Giratoire,Temps éblouissant,Autre collision,,,,,,,,,,,1,2,6,7.0,6.0
201100050325,0011-04-27 17:35:00,11,4,27,17,35,940,53,QUEUE-EN-BRIE / CARNOT,48.7768,2.55106,Plein jour,En agglomération,Intersection en T,Normale,Trois véhicules et plus - en chaîne,,,,,,,,,,,1,2,3,1.0,4.0
201100050326,0011-05-03 19:55:00,11,5,3,19,55,940,19,R DES FUSILLES DE CHATEA,48.7992,2.54166,Plein jour,En agglomération,Hors intersection,Normale,Deux véhicules - côté,,,,,,,,,,,1,2,1,1.0,3.0
201100050327,0011-05-04 19:10:00,11,5,4,19,10,940,55,RTE DE PROVINS,48.7947,2.55116,Plein jour,En agglomération,Hors intersection,Normale,Deux véhicules - arrière,,,,,,,,,,,1,2,1,1.0,2.0
201100050328,0011-05-11 17:25:00,11,5,11,17,25,940,79,MOUSQUETAIRES / SAULES,48.8235,2.56059,Plein jour,En agglomération,Intersection en X,Normale,Deux véhicules - côté,,,,,,,,,,,1,2,2,1.0,3.0
201100050329,0011-05-14 19:00:00,11,5,14,19,0,940,79,"29, BD DE FRIEDBERG",48.8316,2.54144,Plein jour,En agglomération,Hors intersection,Normale,Autre collision,,,,,,,,,,,1,2,1,1.0,6.0
201100050330,0011-05-17 07:30:00,11,5,17,7,30,940,19,PONT / GARE,48.7925,2.52615,Plein jour,En agglomération,Intersection en T,Normale,Deux véhicules - côté,,,,,,,,,,,1,2,3,1.0,3.0
201100050331,0011-05-18 16:05:00,11,5,18,16,5,940,79,SAULES / MOUSQUETAIRES,48.8235,2.56059,Plein jour,En agglomération,Intersection en X,Normale,Deux véhicules - côté,,,,,,,,,,,1,2,2,1.0,3.0
201100050332,0011-05-20 07:45:00,11,5,20,7,45,940,79,"9, BD DE FRIEDBERG",48.831,2.54052,Plein jour,En agglomération,Hors intersection,Normale,Deux véhicules - arrière,,,,,,,,,,,1,2,1,1.0,2.0
201100050333,0011-05-21 12:40:00,11,5,21,12,40,940,59,AV MAURICE BERTEAUX,48.81,2.5687,Plein jour,En agglomération,Hors intersection,Normale,Deux véhicules - arrière,,,,,,,,,,,1,2,1,1.0,2.0
201100050334,0011-05-23 10:30:00,11,5,23,10,30,940,19,PINCE VENT / L'HIPPODROM,48.7937,2.55914,Plein jour,En agglomération,Giratoire,Normale,Deux véhicules - frontale,,,,,,,,,,,1,2,6,1.0,1.0
201100050335,0011-05-24 08:05:00,11,5,24,8,5,940,60,SEBASTOPOL / JAURES,48.786,2.57792,Plein jour,En agglomération,Intersection en X,Normale,Deux véhicules - côté,,,,,,,,,,,1,2,2,1.0,3.0
201100050336,0011-05-26 09:40:00,11,5,26,9,40,940,60,RTE DE NOISEAU,48.7817,2.568,Plein jour,En agglomération,Hors intersection,Normale,Deux véhicules - côté,,,,,,,,,,,1,2,1,1.0,3.0
201100050337,0011-05-27 19:35:00,11,5,27,19,35,940,19,R CONDORCET,48.796,2.5453,Plein jour,En agglomération,Hors intersection,Normale,Deux véhicules - côté,,,,,,,,,,,1,2,1,1.0,3.0
201100050338,0011-05-28 20:00:00,11,5,28,20,0,940,79,R DES FRERES HARBULOT,48.8236,2.57189,Plein jour,En agglomération,Hors intersection,Normale,Autre collision,,,,,,,,,,,1,2,1,1.0,6.0
201100050339,0011-05-30 08:05:00,11,5,30,8,5,940,79,AV HENRI DUNANT,48.8236,2.53556,Plein jour,En agglomération,Hors intersection,Normale,Deux véhicules - arrière,,,,,,,,,,,1,2,1,1.0,2.0
201100050340,0011-06-06 13:55:00,11,6,6,13,55,940,19,AV DU MARECHAL LECLERC,48.7965,2.53171,Plein jour,En agglomération,Hors intersection,Temps couvert,Autre collision,,,,,,,,,,,1,2,1,8.0,6.0
201100050341,0011-06-10 05:05:00,11,6,10,5,5,940,55,D'ORMESSON / NOISEAU,48.7846,2.53771,Crépuscule ou aube,En agglomération,Intersection en T,Normale,Deux véhicules - côté,,,,,,,,,,,2,2,3,1.0,3.0
201100050342,0011-06-11 18:20:00,11,6,11,18,20,940,55,PROVINS / MAUNOURY,48.7962,2.54908,Plein jour,En agglomération,Intersection en T,Normale,Deux véhicules - côté,,,,,,,,,,,1,2,3,1.0,3.0
201100050343,0011-06-12 02:05:00,11,6,12,2,5,940,79,AV DE GAUMONT,48.8261,2.55153,Nuit avec éclairage allumé,En agglomération,Hors intersection,Normale,Deux véhicules - arrière,,,,,,,,,,,5,2,1,1.0,2.0
201100050344,0011-06-13 04:55:00,11,6,13,4,55,940,60,GAULLE / LUMIERE,48.7808,2.57335,Nuit avec éclairage allumé,En agglomération,Intersection en T,Pluie légère,Deux véhicules - arrière,,,,,,,,,,,5,2,3,2.0,2.0
201100050345,0011-06-17 14:54:00,11,6,17,14,54,940,59,AV ARDOUIN,48.8084,2.57454,Plein jour,En agglomération,Hors intersection,Temps couvert,Deux véhicules - arrière,,,,,,,,,,,1,2,1,8.0,2.0
201100050346,0011-06-22 08:25:00,11,6,22,8,25,940,53,AV PIERRE MENDES-FRANCE,48.7722,2.54499,Plein jour,En agglomération,Hors intersection,Pluie légère,Deux véhicules - côté,,,,,,,,,,,1,2,1,2.0,3.0
201100050347,0011-06-23 12:55:00,11,6,23,12,55,940,19,RTE DE LA LIBERATION,48.7977,2.54712,Plein jour,En agglomération,Hors intersection,Normale,Deux véhicules - arrière,,,,,,,,,,,1,2,1,1.0,2.0
201100050348,0011-06-25 15:10:00,11,6,25,15,10,940,79,SCHUMAN / ROUY,48.8235,2.54491,Plein jour,En agglomération,Giratoire,Normale,Autre collision,,,,,,,,,,,1,2,6,1.0,6.0
201100050349,0011-06-26 08:25:00,11,6,26,8,25,940,55,ORMESSON / BELVEDERE,48.7881,2.54594,Plein jour,En agglomération,Intersection en X,Normale,Deux véhicules - arrière,,,,,,,,,,,1,2,2,1.0,2.0
201100050350,0011-06-26 16:45:00,11,6,26,16,45,940,59,FAVORITE / VAL ROGER,48.8211,2.55953,Plein jour,En agglomération,Intersection en X,Normale,Deux véhicules - côté,,,,,,,,,,,1,2,2,1.0,3.0
201100050351,0011-06-27 15:00:00,11,6,27,15,0,940,60,DE GAULLE / BRIE,48.78,2.5781,Plein jour,En agglomération,Intersection en X,Normale,Deux véhicules - arrière,,,,,,,,,,,1,2,2,1.0,2.0
201100050352,0011-07-01 09:30:00,11,7,1,9,30,940,79,ROUY / ELISABETH,48.822,2.55417,Plein jour,En agglomération,Intersection en T,Normale,Deux véhicules - côté,,,,,,,,,,,1,2,3,1.0,3.0
201100050353,0011-07-03 09:30:00,11,7,3,9,30,940,60,RTE DE VILLIERS,48.793,2.57897,Plein jour,En agglomération,Hors intersection,Normale,Autre collision,,,,,,,,,,,1,2,1,1.0,6.0
201100050354,0011-07-05 07:01:00,11,7,5,7,1,940,55,AV WLADIMIR D'ORMESSON,48.788,2.54567,Plein jour,En agglomération,Hors intersection,Normale,Trois véhicules et plus - en chaîne,,,,,,,,,,,1,2,1,1.0,4.0
201100050355,0011-07-10 00:10:00,11,7,10,0,10,940,59,BERTEAUX / FOUREAU,48.8121,2.56724,Nuit avec éclairage allumé,En agglomération,Intersection en T,Normale,Deux véhicules - côté,,,,,,,,,,,5,2,3,1.0,3.0
201100050356,0011-07-17 14:50:00,11,7,17,14,50,940,60,R DU GENERAL DE GAULLE,48.7802,2.57685,Plein jour,En agglomération,Hors intersection,Temps couvert,Autre collision,,,,,,,,,,,1,2,1,8.0,6.0
201100050357,0011-07-22 12:45:00,11,7,22,12,45,940,19,PLESSIS / PLESSIS,48.7994,2.54549,Plein jour,En agglomération,Giratoire,Normale,Deux véhicules - côté,,,,,,,,,,,1,2,6,1.0,3.0
201100050358,0011-07-23 16:23:00,11,7,23,16,23,940,19,BORDES / SONNETTES,48.798,2.55142,Plein jour,En agglomération,Intersection en Y,Normale,Deux véhicules - arrière,,,,,,,,,,,1,2,4,1.0,2.0
201100050359,0011-07-29 17:10:00,11,7,29,17,10,940,79,FRIEDBERG / MONNET,48.835,2.54715,Plein jour,En agglomération,Intersection en X,Pluie légère,Deux véhicules - frontale,,,,,,,,,,,1,2,2,2.0,1.0
201100050360,0011-07-31 04:30:00,11,7,31,4,30,940,59,AV ANDRE ROUY,48.8169,2.5606,Nuit avec éclairage allumé,En agglomération,Hors intersection,Normale,Sans collision,,,,,,,,,,,5,2,1,1.0,7.0
201100050361,0011-08-01 20:10:00,11,8,1,20,10,940,19,RABELAIS / FRANCE,48.8027,2.55345,Plein jour,En agglomération,Intersection en T,Normale,Deux véhicules - côté,,,,,,,,,,,1,2,3,1.0,3.0
201100050362,0011-08-01 20:46:00,11,8,1,20,46,940,19,PLESSIS / BATTUES,48.8009,2.54808,Plein jour,En agglomération,Intersection en T,Normale,Deux véhicules - arrière,,,,,,,,,,,1,2,3,1.0,2.0
201100050363,0011-08-03 10:00:00,11,8,3,10,0,940,19,RTE DE LA LIBERATION,48.8034,2.53722,Plein jour,En agglomération,Hors intersection,Pluie légère,Deux véhicules - arrière,,,,,,,,,,,1,2,1,2.0,2.0
201100050364,0011-08-24 10:00:00,11,8,24,10,0,940,59,AV JEAN CLAUDE DELUBAC,48.8178,2.56499,Plein jour,En agglomération,Hors intersection,Normale,Deux véhicules - côté,,,,,,,,,,,1,2,1,1.0,3.0