accident_id,datetime,annee,mois,jour,heure,minute,departement,commune_insee,adresse,latitude,longitude,luminosite,agglomeration,intersection,meteo,collision,nb_vehicules,nb_usagers,nb_indemnes,nb_tues,nb_blesses_hosp,nb_blesses_legers,age_cond_1,age_cond_2,veh_type_cond_1,veh_type_cond_2,lum_code,agg_code,int_code,atm_code,col_code
201100050365,0011-09-02 13:17:00,11,9,2,13,17,940,55,PROVINS / CASANOVA,,,Plein jour,En agglomération,Intersection en Y,Normale,Deux véhicules - côté,,,,,,,,,,,1,2,4,1.0,3.0
201100050366,0011-09-02 15:20:00,11,9,2,15,20,940,19,AV DES RETS,,,Plein jour,En agglomération,Hors intersection,Normale,Autre collision,,,,,,,,,,,1,2,1,1.0,6.0
201100050367,0011-09-02 13:20:00,11,9,2,13,20,940,60,BORDES / PEDRO,,,Plein jour,En agglomération,Intersection en X,Normale,Deux véhicules - côté,,,,,,,,,,,1,2,2,1.0,3.0
201100050368,0011-09-03 14:55:00,11,9,3,14,55,940,79,BD DE FRIEDBERG,,,Plein jour,Hors agglomération,Hors intersection,Normale,Autre collision,,,,,,,,,,,1,1,1,1.0,6.0
201100050369,0011-09-05 08:10:00,11,9,5,8,10,940,59,BERTEAUX / ADER,,,Plein jour,En agglomération,Intersection en Y,Normale,Deux véhicules - côté,,,,,,,,,,,1,2,4,1.0,3.0
201100050370,0011-09-06 09:40:00,11,9,6,9,40,940,59,HERCULANUM / SIRENE,,,Plein jour,En agglomération,Intersection en X,Normale,Deux véhicules - frontale,,,,,,,,,,,1,2,2,1.0,1.0
201100050371,0011-09-09 22:12:00,11,9,9,22,12,940,59,BERTEAUX / KIFFER,,,Nuit avec éclairage allumé,En agglomération,Intersection en X,Normale,Deux véhicules - arrière,,,,,,,,,,,5,2,2,1.0,2.0
201100050372,0011-09-13 16:35:00,11,9,13,16,35,940,79,R DU GENERAL GALLIENI,,,Plein jour,En agglomération,Hors intersection,Normale,Autre collision,,,,,,,,,,,1,2,1,1.0,6.0
201100050373,0011-09-18 10:30:00,11,9,18,10,30,940,59,ARDOUIN / KIFFER,,,Plein jour,En agglomération,Giratoire,Normale,Deux véhicules - côté,,,,,,,,,,,1,2,6,1.0,3.0
201100050374,0011-09-19 20:30:00,11,9,19,20,30,940,60,DEBUSSY / POMPIDOU,,,Nuit avec éclairage non allumé,En agglomération,Intersection en T,Normale,Deux véhicules - côté,,,,,,,,,,,4,2,3,1.0,3.0
201100050375,0011-09-22 15:15:00,11,9,22,15,15,940,19,FUSILLES DE CHATEAUBRIAN,,,Plein jour,En agglomération,Hors intersection,Normale,Deux véhicules - frontale,,,,,,,,,,,1,2,1,1.0,1.0
201100050376,0011-09-28 16:40:00,11,9,28,16,40,940,55,RTE DE PROVINS,,,Plein jour,En agglomération,Hors intersection,Normale,Autre collision,,,,,,,,,,,1,2,1,1.0,6.0
201100050377,0011-10-01 18:50:00,11,10,1,18,50,940,79,AV DES LUATS,,,Plein jour,En agglomération,Hors intersection,Normale,Autre collision,,,,,,,,,,,1,2,1,1.0,6.0
201100050378,0011-10-02 13:40:00,11,10,2,13,40,940,19,SUCY / CASENAVE,,,Plein jour,En agglomération,Intersection en Y,Normale,Deux véhicules - côté,,,,,,,,,,,1,2,4,1.0,3.0
201100050379,0011-10-02 15:15:00,11,10,2,15,15,940,60,R DU GENERAL DE GAULLE,,,Plein jour,En agglomération,Hors intersection,Normale,Autre collision,,,,,,,,,,,1,2,1,1.0,6.0
201100050380,0011-10-03 09:20:00,11,10,3,9,20,940,59,FAVORITE / HUGUENOTS,,,Plein jour,En agglomération,Intersection en X,Normale,Deux véhicules - côté,,,,,,,,,,,1,2,2,1.0,3.0
201100050381,0011-10-14 17:35:00,11,10,14,17,35,940,55,CASANOVA / CANTOUX,,,Plein jour,En agglomération,Intersection en X,Normale,Deux véhicules - frontale,,,,,,,,,,,1,2,2,1.0,1.0
201100050382,0011-10-14 18:55:00,11,10,14,18,55,940,79,COMBAULT / QUIRIN,,,Plein jour,En agglomération,Intersection en T,Normale,Deux véhicules - côté,,,,,,,,,,,1,2,3,1.0,3.0
201100050383,0011-10-16 17:40:00,11,10,16,17,40,940,59,BERTEAUX / COEUILLY,,,Plein jour,En agglomération,Intersection en T,Normale,Deux véhicules - frontale,,,,,,,,,,,1,2,3,1.0,1.0
201100050384,0011-10-17 08:10:00,11,10,17,8,10,940,55,AV DU GENERAL DE GAULLE,,,Plein jour,En agglomération,Hors intersection,Normale,Trois véhicules et plus - en chaîne,,,,,,,,,,,1,2,1,1.0,4.0
201100050385,0011-10-18 19:25:00,11,10,18,19,25,940,79,AV DE GAUMONT,,,Nuit avec éclairage allumé,En agglomération,Hors intersection,Pluie légère,Autre collision,,,,,,,,,,,5,2,1,2.0,6.0
201100050386,0011-10-19 08:05:00,11,10,19,8,5,940,79,DE GAULLE / CHAPELLES,,,Plein jour,En agglomération,Intersection en X,Pluie légère,Deux véhicules - côté,,,,,,,,,,,1,2,2,2.0,3.0
201100050387,0011-10-24 17:50:00,11,10,24,17,50,940,79,AV DE GAUMONT,,,Crépuscule ou aube,En agglomération,Hors intersection,Normale,Autre collision,,,,,,,,,,,2,2,1,1.0,6.0
201100050388,0011-10-29 23:40:00,11,10,29,23,40,940,53,MENDES-FRANCE / PASTEUR,,,Nuit avec éclairage allumé,En agglomération,Intersection en X,Pluie légère,Deux véhicules - côté,,,,,,,,,,,5,2,2,2.0,3.0
201100050389,0011-10-31 16:05:00,11,10,31,16,5,940,79,CHAMPIGNY / DAUER,,,Plein jour,En agglomération,Intersection en T,Normale,Autre collision,,,,,,,,,,,1,2,3,1.0,6.0
201100050390,0011-11-01 11:00:00,11,11,1,11,0,940,79,R DU GENERAL DE GAULLE,,,Plein jour,En agglomération,Hors intersection,Normale,Sans collision,,,,,,,,,,,1,2,1,1.0,7.0
201100050391,0011-11-02 14:05:00,11,11,2,14,5,940,59,AV DE LA MARECHALE,,,Plein jour,En agglomération,Hors intersection,Normale,Deux véhicules - frontale,,,,,,,,,,,1,2,1,1.0,1.0
201100050392,0011-11-04 07:35:00,11,11,4,7,35,940,53,MENDES-FRANCE / CONDORCE,,,Crépuscule ou aube,En agglomération,Intersection en X,Pluie légère,Autre collision,,,,,,,,,,,2,2,2,2.0,6.0
201100050393,0011-11-04 15:00:00,11,11,4,15,0,940,60,RTE DE COMBAULT,,,Plein jour,En agglomération,Hors intersection,Temps couvert,Deux véhicules - frontale,,,,,,,,,,,1,2,1,8.0,1.0
201100050394,0011-11-14 20:10:00,11,11,14,20,10,940,60,GAULLE / BRIE,,,Nuit avec éclairage allumé,En agglomération,Intersection en X,Normale,Autre collision,,,,,,,,,,,5,2,2,1.0,6.0
201100050395,0011-11-17 10:25:00,11,11,17,10,25,940,79,ARISTIDE BRIAND (BD),,,Plein jour,En agglomération,Intersection en T,Pluie légère,Deux véhicules - côté,,,,,,,,,,,1,2,3,2.0,3.0
201100050396,0011-11-19 18:12:00,11,11,19,18,12,940,60,CUVETTE DE CHAMPLAIN,,,Nuit sans éclairage public,Hors agglomération,Hors intersection,Normale,Trois véhicules et plus - en chaîne,,,,,,,,,,,3,1,1,1.0,4.0
201100050397,0011-11-22 18:10:00,11,11,22,18,10,940,53,RTE DE LA QUEUE-EN-BRIE,,,Nuit sans éclairage public,En agglomération,Hors intersection,Normale,Trois véhicules et plus - en chaîne,,,,,,,,,,,3,2,1,1.0,4.0
201100050398,0011-11-29 07:35:00,11,11,29,7,35,940,55,PROVINS / MAUNOURY,,,Crépuscule ou aube,En agglomération,Intersection en Y,Normale,Deux véhicules - frontale,,,,,,,,,,,2,2,4,1.0,1.0
201100050399,0011-11-29 18:20:00,11,11,29,18,20,940,79,STORDFORD / BRY,,,Nuit avec éclairage allumé,En agglomération,Intersection en T,Pluie légère,Autre collision,,,,,,,,,,,5,2,3,2.0,6.0
201100050400,0011-12-03 18:30:00,11,12,3,18,30,940,79,JEAN MONNET (BD),,,Nuit avec éclairage allumé,En agglomération,Hors intersection,Pluie légère,Deux véhicules - arrière,,,,,,,,,,,5,2,1,2.0,2.0
201100050401,0011-12-06 00:10:00,11,12,6,0,10,940,55,ALMA (PAS DE L),,,Nuit avec éclairage allumé,En agglomération,Intersection en Y,Normale,Autre collision,,,,,,,,,,,5,2,4,1.0,6.0
201100050402,0011-12-06 12:30:00,11,12,6,12,30,940,19,LIBERATION (RTE DE LA),,,Plein jour,En agglomération,Hors intersection,Normale,Trois véhicules et plus - collisions multiples,,,,,,,,,,,1,2,1,1.0,5.0
201100050403,0011-12-09 08:30:00,11,12,9,8,30,940,19,BORDES (R DES),,,Crépuscule ou aube,En agglomération,Hors intersection,Pluie légère,Autre collision,,,,,,,,,,,2,2,1,2.0,6.0
201100050404,0011-12-09 17:50:00,11,12,9,17,50,940,19,BATTUES (ALL DES),,,Nuit sans éclairage public,En agglomération,Intersection en T,Pluie légère,Autre collision,,,,,,,,,,,3,2,3,2.0,6.0
201100050405,0011-12-15 15:20:00,11,12,15,15,20,940,19,LIBERATION (RTE DE LA),,,Plein jour,En agglomération,Intersection en T,Temps couvert,Deux véhicules - côté,,,,,,,,,,,1,2,3,8.0,3.0
201100050406,0011-12-15 20:15:00,11,12,15,20,15,940,79,"24, MOUSQUETAIRES (AV DE",,,Nuit avec éclairage allumé,En agglomération,Hors intersection,Pluie légère,Autre collision,,,,,,,,,,,5,2,1,2.0,6.0
201100050407,0011-12-26 09:00:00,11,12,26,9,0,940,55,"186, OLIVIER D ORMESSON",,,Plein jour,En agglomération,Hors intersection,Normale,Deux véhicules - côté,,,,,,,,,,,1,2,1,1.0,3.0
201100050408,0011-12-28 11:20:00,11,12,28,11,20,940,19,PINCE VENT (AV DE),,,Plein jour,Hors agglomération,Giratoire,Temps couvert,Deux véhicules - côté,,,,,,,,,,,1,1,6,8.0,3.0
201100050409,0011-04-08 20:30:00,11,4,8,20,30,940,22,FRANKLIN ROOSEVELT,48.7663,2.40075,Crépuscule ou aube,En agglomération,Hors intersection,Normale,Autre collision,,,,,,,,,,,2,2,1,1.0,6.0
201100050410,0011-03-10 07:15:00,11,3,10,7,15,940,22,VILLENEUVE / CORVOL,48.7612,2.4205,Crépuscule ou aube,En agglomération,Intersection en T,Normale,Deux véhicules - côté,,,,,,,,,,,2,2,3,1.0,3.0
201100050411,0011-03-29 18:25:00,11,3,29,18,25,940,22,"11, AV D'ALFORTVILLE",48.768,2.41395,Plein jour,En agglomération,Hors intersection,Pluie légère,Autre collision,,,,,,,,,,,1,2,1,2.0,6.0
201100050412,0011-05-10 19:10:00,11,5,10,19,10,940,54,"87, AV DE LA VICTOIRE",48.7447,2.39574,Plein jour,En agglomération,Intersection en T,Normale,Deux véhicules - côté,,,,,,,,,,,1,2,3,1.0,3.0
201100050413,0011-05-30 08:45:00,11,5,30,8,45,940,22,REPUBLIQUE / BRAULT,48.7606,2.40804,Plein jour,En agglomération,Intersection en X,Normale,Sans collision,,,,,,,,,,,1,2,2,1.0,7.0
201100050414,0011-07-02 13:35:00,11,7,2,13,35,940,54,CHATEAUBRIANT / MOLIERE,48.7488,2.40665,Plein jour,En agglomération,Intersection en Y,Normale,Deux véhicules - côté,,,,,,,,,,,1,2,4,1.0,3.0
201100050415,0011-01-25 06:55:00,11,1,25,6,55,940,22,STALINGRAD / ROUX,48.7706,2.40141,Nuit avec éclairage allumé,En agglomération,Intersection en X,Normale,Autre collision,,,,,,,,,,,5,2,2,1.0,6.0
201100050416,0011-01-25 09:20:00,11,1,25,9,20,940,22,FOUR / TASSIGNY,48.7538,2.40538,Plein jour,En agglomération,Intersection en X,Normale,Autre collision,,,,,,,,,,,1,2,2,1.0,6.0
201100050417,0011-01-26 18:05:00,11,1,26,18,5,940,22,ALFORTVILLE,48.7707,2.41345,Nuit avec éclairage allumé,En agglomération,Hors intersection,Pluie légère,Autre collision,,,,,,,,,,,5,2,1,2.0,6.0
201100050418,0011-10-19 17:00:00,11,10,19,17,0,940,22,TASSIGNY,,,Plein jour,En agglomération,Hors intersection,Pluie légère,Deux véhicules - arrière,,,,,,,,,,,1,2,1,2.0,2.0
201100050419,0011-12-16 14:05:00,11,12,16,14,5,940,22,GENERAL LECLERC (AV),,,Plein jour,En agglomération,Giratoire,Pluie légère,Deux véhicules - côté,,,,,,,,,,,1,2,6,2.0,3.0
201100050420,0011-12-20 11:45:00,11,12,20,11,45,940,22,REPUBLIQUE (AV DE LA),,,Plein jour,En agglomération,Hors intersection,Normale,Deux véhicules - côté,,,,,,,,,,,1,2,1,1.0,3.0
201100050421,0011-02-10 08:25:00,11,2,10,8,25,940,22,"5BIS, PARIS",48.7705,2.40392,Plein jour,En agglomération,Hors intersection,Normale,Autre collision,,,,,,,,,,,1,2,1,1.0,6.0
201100050422,0011-10-14 21:20:00,11,10,14,21,20,940,22,REPUBLIQUE / RECLUS,,,Nuit avec éclairage allumé,En agglomération,Intersection en T,Normale,Sans collision,,,,,,,,,,,5,2,3,1.0,7.0
201100050423,0011-02-15 18:30:00,11,2,15,18,30,940,22,ALFORTVILLE / FOLIE,48.772,2.41395,Crépuscule ou aube,En agglomération,Intersection en T,Pluie légère,Deux véhicules - côté,,,,,,,,,,,2,2,3,2.0,3.0
201100050424,0011-02-16 12:00:00,11,2,16,12,0,940,22,HUGO / ALFORTVILLE,48.767,2.41433,Plein jour,En agglomération,Intersection en X,Normale,Deux véhicules - côté,,,,,,,,,,,1,2,2,1.0,3.0
201100050425,0011-10-21 15:30:00,11,10,21,15,30,940,22,AV DE LUGO,,,Plein jour,En agglomération,Hors intersection,Normale,Deux véhicules - côté,,,,,,,,,,,1,2,1,1.0,3.0
201100050426,0011-10-25 15:55:00,11,10,25,15,55,940,22,ALLIES / CLEMENCEAU,,,Plein jour,En agglomération,Intersection en T,Normale,Trois véhicules et plus - en chaîne,,,,,,,,,,,1,2,3,1.0,4.0
201100050427,0011-10-27 13:40:00,11,10,27,13,40,940,22,BD DE STALINGRAD,,,Plein jour,En agglomération,Intersection en X,Normale,Deux véhicules - côté,,,,,,,,,,,1,2,2,1.0,3.0
201100050428,0011-10-28 16:45:00,11,10,28,16,45,940,54,SAINT-EXUPERY,,,Plein jour,En agglomération,Place,Normale,Autre collision,,,,,,,,,,,1,2,7,1.0,6.0
201100050429,0011-03-01 13:00:00,11,3,1,13,0,940,54,"40,R DE L'AVIATION",48.7423,2.3841,Plein jour,En agglomération,Hors intersection,Normale,Autre collision,,,,,,,,,,,1,2,1,1.0,6.0
201100050430,0011-03-02 22:00:00,11,3,2,22,0,940,22,GOURDAULT / LECLERC,48.7624,2.40668,Nuit avec éclairage allumé,En agglomération,Intersection en T,Normale,Deux véhicules - côté,,,,,,,,,,,5,2,3,1.0,3.0
201100050431,0011-11-04 07:00:00,11,11,4,7,0,940,22,AV ANATOLE FRANCE,,,Crépuscule ou aube,En agglomération,Hors intersection,Normale,Autre collision,,,,,,,,,,,2,2,1,1.0,6.0
201100050432,0011-03-06 12:40:00,11,3,6,12,40,940,22,CHEVREUL / FUSILLES,48.7656,2.41728,Plein jour,En agglomération,Intersection en X,Normale,Deux véhicules - côté,,,,,,,,,,,1,2,2,1.0,3.0
201100050433,0011-11-06 16:05:00,11,11,6,16,5,940,22,AV DE LUGO,,,Plein jour,En agglomération,Hors intersection,Normale,Sans collision,,,,,,,,,,,1,2,1,1.0,7.0
201100050434,0011-03-08 10:12:00,11,3,8,10,12,940,22,"2, AV GAMBETTA",48.7644,2.40536,Plein jour,En agglomération,Hors intersection,Normale,Autre collision,,,,,,,,,,,1,2,1,1.0,6.0
201100050435,0011-11-12 08:45:00,11,11,12,8,45,940,54,MARTYRS DE CHATEAUBRIANT,,,Plein jour,En agglomération,Place,Normale,Deux véhicules - côté,,,,,,,,,,,1,2,7,1.0,3.0
201100050436,0011-03-14 08:15:00,11,3,14,8,15,940,22,BD DES ALLIES,48.7655,2.40494,Plein jour,En agglomération,Hors intersection,Normale,Deux véhicules - côté,,,,,,,,,,,1,2,1,1.0,3.0
201100050437,0011-03-15 11:55:00,11,3,15,11,55,940,54,MARTYRS DE CHATEAUBRIANT,48.7481,2.40679,Plein jour,En agglomération,Hors intersection,Normale,Autre collision,,,,,,,,,,,1,2,1,1.0,6.0
201100050438,0011-11-14 23:30:00,11,11,14,23,30,940,22,"24, R ALBERT 1ER",,,Nuit avec éclairage allumé,En agglomération,Hors intersection,Normale,Sans collision,,,,,,,,,,,5,2,1,1.0,7.0
201100050439,0011-03-15 23:55:00,11,3,15,23,55,940,22,LECLERC / TASSIGNY,48.7613,2.40324,Nuit avec éclairage allumé,En agglomération,Giratoire,Normale,Deux véhicules - côté,,,,,,,,,,,5,2,6,1.0,3.0
201100050440,0011-11-16 12:35:00,11,11,16,12,35,940,22,"09, LEON GOURDAULT (AV)",,,Plein jour,En agglomération,Hors intersection,Normale,Autre collision,,,,,,,,,,,1,2,1,1.0,6.0
201100050441,0011-03-18 17:55:00,11,3,18,17,55,940,22,"03,AV PABLO PICASSO",48.7667,2.40956,Plein jour,En agglomération,Hors intersection,Pluie légère,Autre collision,,,,,,,,,,,1,2,1,2.0,6.0
201100050442,0011-03-20 22:00:00,11,3,20,22,0,940,22,"03, R AUGUSTE FRANCHOT",48.7676,2.40605,Nuit avec éclairage allumé,En agglomération,Hors intersection,Normale,Deux véhicules - côté,,,,,,,,,,,5,2,1,1.0,3.0
201100050443,0011-03-26 21:00:00,11,3,26,21,0,940,22,R DE LA POSTE,48.7646,2.40984,Nuit avec éclairage allumé,En agglomération,Intersection en X,Normale,Autre collision,,,,,,,,,,,5,2,2,1.0,6.0
201100050444,0011-03-30 12:40:00,11,3,30,12,40,940,54,VICTOIRE / VOI NOUVELLE,48.7448,2.39319,Plein jour,En agglomération,Intersection en X,Normale,Deux véhicules - arrière,,,,,,,,,,,1,2,2,1.0,2.0
201100050445,0011-03-31 17:10:00,11,3,31,17,10,940,22,REPUBLIQUE / LEGER,48.7605,2.40789,Plein jour,En agglomération,Intersection en X,Normale,Autre collision,,,,,,,,,,,1,2,2,1.0,6.0
201100050446,0011-12-01 18:00:00,11,12,1,18,0,940,22,"79, AV DU MARECHAL DE LA",,,Nuit avec éclairage allumé,En agglomération,Hors intersection,Pluie légère,Autre collision,,,,,,,,,,,5,2,1,2.0,6.0
201100050447,0011-04-05 11:00:00,11,4,5,11,0,940,54,R DU BAS MARIN,48.747,2.38731,Plein jour,En agglomération,Hors intersection,Temps couvert,Deux véhicules - arrière,,,,,,,,,,,1,2,1,8.0,2.0
201100050448,0011-12-06 16:25:00,11,12,6,16,25,940,54,"22b, MARTYRS DE CHATEAUB",,,Plein jour,En agglomération,Hors intersection,Normale,Autre collision,,,,,,,,,,,1,2,1,1.0,6.0
201100050449,0011-04-11 14:50:00,11,4,11,14,50,940,22,AV VICTOR HUGO,48.7672,2.41511,Plein jour,En agglomération,Hors intersection,Normale,Deux véhicules - côté,,,,,,,,,,,1,2,1,1.0,3.0
201100050450,0011-04-11 16:20:00,11,4,11,16,20,940,54,"13, VOI DES SAULES",48.7479,2.41803,Plein jour,En agglomération,Hors intersection,Normale,Autre collision,,,,,,,,,,,1,2,1,1.0,6.0
201100050451,0011-04-12 21:35:00,11,4,12,21,35,940,54,15 ARPENTS / BAS MARIN,48.7464,2.38442,Nuit avec éclairage allumé,En agglomération,Intersection en Y,Normale,Deux véhicules - frontale,,,,,,,,,,,5,2,4,1.0,1.0
201100050452,0011-04-13 13:13:00,11,4,13,13,13,940,22,AV D'ALFORTVILLE,48.7722,2.41403,Plein jour,En agglomération,Hors intersection,Normale,Deux véhicules - frontale,,,,,,,,,,,1,2,1,1.0,1.0
201100050453,0011-04-18 13:15:00,11,4,18,13,15,940,22,BD DE STALINGRAD,48.7698,2.40195,Plein jour,En agglomération,Hors intersection,Normale,Deux véhicules - côté,,,,,,,,,,,1,2,1,1.0,3.0
201100050454,0011-12-16 07:35:00,11,12,16,7,35,940,54,MARCEL CACHIN (AV),,,Nuit avec éclairage allumé,En agglomération,Giratoire,Pluie forte,Autre collision,,,,,,,,,,,5,2,6,3.0,6.0
201100050455,0011-12-19 06:20:00,11,12,19,6,20,940,22,"114-126, ALFORTVILLE (AV",,,Nuit avec éclairage allumé,En agglomération,Hors intersection,Autre,Autre collision,,,,,,,,,,,5,2,1,9.0,6.0
201100050456,0011-04-27 10:45:00,11,4,27,10,45,940,22,TASSIGNY / RECLUS,48.7566,2.40456,Plein jour,En agglomération,Intersection en T,Normale,Deux véhicules - côté,,,,,,,,,,,1,2,3,1.0,3.0
201100050457,0011-12-24 18:45:00,11,12,24,18,45,940,22,"2, LEON GOURDAULT (AV)",,,Nuit avec éclairage allumé,En agglomération,Hors intersection,Normale,Autre collision,,,,,,,,,,,5,2,1,1.0,6.0
201100050458,0011-04-29 14:15:00,11,4,29,14,15,940,22,NEWBURN / FOUR,48.7549,2.41171,Plein jour,En agglomération,Intersection en X,Temps couvert,Deux véhicules - côté,,,,,,,,,,,1,2,2,8.0,3.0
201100050459,0011-12-26 16:55:00,11,12,26,16,55,940,22,"67 bis, VICTOR HUGO (AV)",,,Plein jour,En agglomération,Autre intersection,Normale,Deux véhicules - côté,,,,,,,,,,,1,2,9,1.0,3.0
201100050460,0011-12-31 11:55:00,11,12,31,11,55,940,22,"158, MARECHAL DE LATTRE",,,Plein jour,En agglomération,Hors intersection,Pluie légère,Deux véhicules - côté,,,,,,,,,,,1,2,1,2.0,3.0
201100050461,0011-05-03 19:10:00,11,5,3,19,10,940,22,"59, R DU DOCTEUR ROUX",48.7708,2.40237,Plein jour,En agglomération,Hors intersection,Normale,Autre collision,,,,,,,,,,,1,2,1,1.0,6.0
201100050462,0011-05-04 18:50:00,11,5,4,18,50,940,22,"2, R JEAN JAURES",48.7649,2.40661,Plein jour,En agglomération,Hors intersection,Normale,Deux véhicules - arrière,,,,,,,,,,,1,2,1,1.0,2.0
201100050463,0011-04-27 09:40:00,11,4,27,9,40,940,54,R PIERRE CORNEILLE,48.7492,2.40494,Plein jour,En agglomération,Hors intersection,Normale,Deux véhicules - côté,,,,,,,,,,,1,2,1,1.0,3.0
201100050464,0011-05-11 17:55:00,11,5,11,17,55,940,22,HUGO / LORRAINE,48.7687,2.42064,Plein jour,En agglomération,Intersection en X,Normale,Deux véhicules - côté,,,,,,,,,,,1,2,2,1.0,3.0
201100050465,0011-05-13 01:15:00,11,5,13,1,15,940,22,"56, AV ANATOLE FRANCE",48.7597,2.41211,Nuit avec éclairage allumé,En agglomération,Hors intersection,Normale,Sans collision,,,,,,,,,,,5,2,1,1.0,7.0
201100050466,0011-05-19 15:58:00,11,5,19,15,58,940,22,"12, AV LEON GOURDAULT",48.7636,2.40587,Plein jour,En agglomération,Hors intersection,Normale,Autre collision,,,,,,,,,,,1,2,1,1.0,6.0
201100050467,0011-05-31 18:10:00,11,5,31,18,10,940,22,GAMBETTA / LISLE,48.7635,2.40313,Plein jour,En agglomération,Intersection en T,Normale,Autre collision,,,,,,,,,,,1,2,3,1.0,6.0
201100050468,0011-06-05 06:20:00,11,6,5,6,20,940,22,STALINGRAD,48.7729,2.39989,Crépuscule ou aube,En agglomération,Hors intersection,Temps couvert,Deux véhicules - arrière,,,,,,,,,,,2,2,1,8.0,2.0
201100050469,0011-06-09 07:30:00,11,6,9,7,30,940,22,STALINGRAD / ROUX,48.7706,2.40141,Plein jour,En agglomération,Intersection en X,Normale,Deux véhicules - côté,,,,,,,,,,,1,2,2,1.0,3.0
201100050470,0011-06-18 15:30:00,11,6,18,15,30,940,22,BD DES ALLIES,48.7647,2.40541,Plein jour,En agglomération,Hors intersection,Normale,Autre collision,,,,,,,,,,,1,2,1,1.0,6.0
201100050471,0011-06-23 10:05:00,11,6,23,10,5,940,22,GAMBETTA / ALLIES,48.7644,2.40546,Plein jour,En agglomération,Intersection en T,Normale,Deux véhicules - côté,,,,,,,,,,,1,2,3,1.0,3.0
201100050472,0011-06-23 19:15:00,11,6,23,19,15,940,22,R DU DOCTEUR ROUX,48.7712,2.40485,Plein jour,En agglomération,Hors intersection,Normale,Autre collision,,,,,,,,,,,1,2,1,1.0,6.0
201100050473,0011-06-24 16:10:00,11,6,24,16,10,940,22,AV VICTOR HUGO,48.7692,2.42162,Plein jour,En agglomération,Hors intersection,Normale,Deux véhicules - arrière,,,,,,,,,,,1,2,1,1.0,2.0
201100050474,0011-06-27 19:00:00,11,6,27,19,0,940,22,AV VICTOR HUGO,48.7673,2.41469,Plein jour,En agglomération,Hors intersection,Normale,Deux véhicules - côté,,,,,,,,,,,1,2,1,1.0,3.0
201100050475,0011-06-29 17:30:00,11,6,29,17,30,940,22,SAINT-GEORGES / FUSILLES,48.7652,2.41577,Plein jour,En agglomération,Intersection en X,Normale,Deux véhicules - côté,,,,,,,,,,,1,2,2,1.0,3.0
201100050476,0011-06-30 15:00:00,11,6,30,15,0,940,22,8 MAI 1945 / FRANCE,48.7644,2.40996,Plein jour,En agglomération,Intersection en T,Normale,Deux véhicules - arrière,,,,,,,,,,,1,2,3,1.0,2.0
201100050477,0011-07-05 18:50:00,11,7,5,18,50,940,54,R JEAN RACINE,48.7474,2.40592,Plein jour,En agglomération,Hors intersection,Normale,Autre collision,,,,,,,,,,,1,2,1,1.0,6.0
201100050478,0011-07-19 18:00:00,11,7,19,18,0,940,22,AV VICTOR HUGO,48.7676,2.41615,Plein jour,En agglomération,Hors intersection,Pluie légère,Deux véhicules - arrière,,,,,,,,,,,1,2,1,2.0,2.0
201100050479,0011-08-03 10:25:00,11,8,3,10,25,940,22,BD DES ALLIES,48.7654,2.40469,Plein jour,En agglomération,Hors intersection,Temps couvert,Autre collision,,,,,,,,,,,1,2,1,8.0,6.0
201100050480,0011-08-15 14:55:00,11,8,15,14,55,940,54,RAYNAL / FRANCE,48.7436,2.40355,Plein jour,En agglomération,Intersection en T,Normale,Deux véhicules - côté,,,,,,,,,,,1,2,3,1.0,3.0
201100050481,0011-08-24 21:47:00,11,8,24,21,47,940,22,HUGO / POMPADOUR,48.7692,2.42229,Nuit avec éclairage allumé,En agglomération,Intersection en X,Normale,Deux véhicules - côté,,,,,,,,,,,5,2,2,1.0,3.0
201100050482,0011-08-31 18:05:00,11,8,31,18,5,940,54,R DU FER A CHEVAL,48.7445,2.40841,Plein jour,En agglomération,Hors intersection,Normale,Autre collision,,,,,,,,,,,1,2,1,1.0,6.0
201100050483,0011-09-01 18:55:00,11,9,1,18,55,940,54,R CAMILLE GUERIN,,,Plein jour,En agglomération,Hors intersection,Normale,Deux véhicules - côté,,,,,,,,,,,1,2,1,1.0,3.0
201100050484,0011-09-02 15:45:00,11,9,2,15,45,940,22,BD DE STALINGRAD,,,Plein jour,Hors agglomération,Hors intersection,Normale,Trois véhicules et plus - en chaîne,,,,,,,,,,,1,1,1,1.0,4.0
201100050485,0011-09-03 13:00:00,11,9,3,13,0,940,22,BD DE STALINGRAD,,,Plein jour,En agglomération,Hors intersection,Normale,Deux véhicules - arrière,,,,,,,,,,,1,2,1,1.0,2.0
201100050486,0011-09-05 21:45:00,11,9,5,21,45,940,22,AV D'ALFORTVILLE,,,Nuit avec éclairage allumé,En agglomération,Intersection en T,Normale,Deux véhicules - côté,,,,,,,,,,,5,2,3,1.0,3.0
201100050487,0011-09-07 19:00:00,11,9,7,19,0,940,22,ALLIES / MICHEL,,,Plein jour,En agglomération,Intersection en T,Normale,Autre collision,,,,,,,,,,,1,2,3,1.0,6.0
201100050488,0011-09-13 11:42:00,11,9,13,11,42,940,22,BD DE STALINGRAD,,,Plein jour,En agglomération,Hors intersection,Normale,Deux véhicules - côté,,,,,,,,,,,1,2,1,1.0,3.0
201100050489,0011-09-16 19:45:00,11,9,16,19,45,940,22,NEWBURN / PEARY,,,Nuit avec éclairage allumé,En agglomération,Intersection en T,Normale,Deux véhicules - côté,,,,,,,,,,,5,2,3,1.0,3.0
201100050490,0011-09-22 18:30:00,11,9,22,18,30,940,22,HUGO / PONT DE CHOISY,,,Plein jour,En agglomération,Intersection en X,Normale,Deux véhicules - côté,,,,,,,,,,,1,2,2,1.0,3.0