accident_id,datetime,annee,mois,jour,heure,minute,departement,commune_insee,adresse,latitude,longitude,luminosite,agglomeration,intersection,meteo,collision,nb_vehicules,nb_usagers,nb_indemnes,nb_tues,nb_blesses_hosp,nb_blesses_legers,age_cond_1,age_cond_2,veh_type_cond_1,veh_type_cond_2,lum_code,agg_code,int_code,atm_code,col_code
201100050614,0011-07-02 20:00:00,11,7,2,20,0,940,11,AV DE VERDUN,48.7695,2.48261,Plein jour,En agglomération,Hors intersection,Normale,Autre collision,,,,,,,,,,,1,2,1,1.0,6.0
201100050615,0011-07-04 10:05:00,11,7,4,10,5,940,28,OUDRY / CANAL,48.7701,2.46138,Plein jour,En agglomération,Intersection en T,Normale,Deux véhicules - côté,,,,,,,,,,,1,2,3,1.0,3.0
201100050616,0011-07-04 17:50:00,11,7,4,17,50,940,28,AV BERNARD HALPERN,48.7855,2.45768,Plein jour,En agglomération,Hors intersection,Normale,Deux véhicules - arrière,,,,,,,,,,,1,2,1,1.0,2.0
201100050617,0011-07-04 19:20:00,11,7,4,19,20,940,28,AV DE LA FRANCE LIBRE,48.7799,2.45511,Plein jour,En agglomération,Hors intersection,Normale,Deux véhicules - côté,,,,,,,,,,,1,2,1,1.0,3.0
201100050618,0011-07-08 11:30:00,11,7,8,11,30,940,28,R DE MESLY,48.7903,2.46082,Plein jour,En agglomération,Hors intersection,Normale,Autre collision,,,,,,,,,,,1,2,1,1.0,6.0
201100050619,0011-07-09 22:30:00,11,7,9,22,30,940,28,ARCOS / CHABRIER,48.7778,2.46245,Crépuscule ou aube,En agglomération,Intersection en X,Normale,Deux véhicules - côté,,,,,,,,,,,2,2,2,1.0,3.0
201100050620,0011-07-10 05:25:00,11,7,10,5,25,940,28,CHE DES MECHES,48.7853,2.43918,Nuit sans éclairage public,En agglomération,Hors intersection,Normale,Sans collision,,,,,,,,,,,3,2,1,1.0,7.0
201100050621,0011-07-11 10:30:00,11,7,11,10,30,940,28,TASSIGNY,48.7986,2.45309,Plein jour,En agglomération,Hors intersection,Normale,Autre collision,,,,,,,,,,,1,2,1,1.0,6.0
201100050622,0011-07-14 22:00:00,11,7,14,22,0,940,28,ARCOS / CHABRIER,48.7778,2.46245,Nuit avec éclairage allumé,En agglomération,Intersection en X,Normale,Deux véhicules - côté,,,,,,,,,,,5,2,2,1.0,3.0
201100050623,0011-07-05 12:45:00,11,7,5,12,45,940,11,AV DE LA CONVENTION,48.7666,2.48835,Plein jour,En agglomération,Hors intersection,Normale,Autre collision,,,,,,,,,,,1,2,1,1.0,6.0
201100050624,0011-07-15 19:00:00,11,7,15,19,0,940,28,LECLERC / BARRAGE,48.786,2.46977,Plein jour,En agglomération,Intersection en T,Normale,Deux véhicules - arrière,,,,,,,,,,,1,2,3,1.0,2.0
201100050625,0011-07-19 13:20:00,11,7,19,13,20,940,28,POMPADOUR / FOCH,48.7746,2.43918,Plein jour,En agglomération,Giratoire,Normale,Deux véhicules - côté,,,,,,,,,,,1,2,6,1.0,3.0
201100050626,0011-07-21 09:30:00,11,7,21,9,30,940,28,CHE DE LA POMPADOUR,48.7663,2.47402,Plein jour,En agglomération,Hors intersection,Pluie légère,Deux véhicules - côté,,,,,,,,,,,1,2,1,2.0,3.0
201100050627,0011-07-23 20:30:00,11,7,23,20,30,940,11,LECLERC / RHIN ET DANUBE,48.7731,2.49053,Plein jour,En agglomération,Intersection en T,Pluie légère,Deux véhicules - arrière,,,,,,,,,,,1,2,3,2.0,2.0
201100050628,0011-07-24 02:10:00,11,7,24,2,10,940,28,AV DU MARECHAL FOCH,48.7719,2.44004,Nuit avec éclairage allumé,Hors agglomération,Hors intersection,Normale,Deux véhicules - arrière,,,,,,,,,,,5,1,1,1.0,2.0
201100050629,0011-07-24 15:25:00,11,7,24,15,25,940,11,R PIERRE SEMARD,48.7622,2.47522,Plein jour,En agglomération,Hors intersection,Normale,Deux véhicules - arrière,,,,,,,,,,,1,2,1,1.0,2.0
201100050630,0011-07-25 13:00:00,11,7,25,13,0,940,28,MONFRAY / LECLERC,48.7908,2.46489,Plein jour,En agglomération,Intersection en T,Normale,Autre collision,,,,,,,,,,,1,2,3,1.0,6.0
201100050631,0011-07-23 20:35:00,11,7,23,20,35,940,11,LECLERC / RHIN ET DANUBE,48.7729,2.49079,Plein jour,En agglomération,Intersection en T,Normale,Deux véhicules - arrière,,,,,,,,,,,1,2,3,1.0,2.0
201100050632,0011-07-26 13:27:00,11,7,26,13,27,940,28,L'EGLISE / VERDUN,48.7938,2.46114,Plein jour,En agglomération,Intersection en X,Pluie légère,Deux véhicules - côté,,,,,,,,,,,1,2,2,2.0,3.0
201100050633,0011-08-01 20:50:00,11,8,1,20,50,940,11,AV DE LA CONVENTION,48.7671,2.48703,Plein jour,En agglomération,Hors intersection,Normale,Autre collision,,,,,,,,,,,1,2,1,1.0,6.0
201100050634,0011-08-02 13:30:00,11,8,2,13,30,940,28,AV DE VERDUN,48.7944,2.46196,Plein jour,En agglomération,Hors intersection,Normale,Deux véhicules - côté,,,,,,,,,,,1,2,1,1.0,3.0
201100050635,0011-08-05 16:40:00,11,8,5,16,40,940,28,POMPADOUR / FOCH,48.7746,2.43934,Plein jour,En agglomération,Giratoire,Normale,Deux véhicules - arrière,,,,,,,,,,,1,2,6,1.0,2.0
201100050636,0011-08-08 22:55:00,11,8,8,22,55,940,28,TASSIGNY / GALLIENI,48.7964,2.45763,Nuit avec éclairage allumé,En agglomération,Intersection en X,Normale,Deux véhicules - côté,,,,,,,,,,,5,2,2,1.0,3.0
201100050637,0011-08-05 14:15:00,11,8,5,14,15,940,28,R DES MECHES,48.7935,2.46082,Plein jour,En agglomération,Hors intersection,Normale,Deux véhicules - côté,,,,,,,,,,,1,2,1,1.0,3.0
201100050638,0011-08-17 17:15:00,11,8,17,17,15,940,11,L'OUEST / PARIS,48.78,2.47587,Plein jour,En agglomération,Giratoire,Normale,Deux véhicules - frontale,,,,,,,,,,,1,2,6,1.0,1.0
201100050639,0011-08-18 11:13:00,11,8,18,11,13,940,28,AV BERNARD HALPERN,48.7845,2.45863,Plein jour,En agglomération,Hors intersection,Normale,Sans collision,,,,,,,,,,,1,2,1,1.0,7.0
201100050640,0011-08-21 00:01:00,11,8,21,0,1,940,28,BROSSOLETTE / JOLY,48.7907,2.46289,Nuit sans éclairage public,En agglomération,Intersection en X,Normale,Deux véhicules - côté,,,,,,,,,,,3,2,2,1.0,3.0
201100050641,0011-08-20 17:50:00,11,8,20,17,50,940,28,ARCOS / CHABRIER,48.7778,2.46245,Plein jour,En agglomération,Intersection en X,Normale,Deux véhicules - côté,,,,,,,,,,,1,2,2,1.0,3.0
201100050642,0011-08-24 14:30:00,11,8,24,14,30,940,28,AV DU GENERAL DE GAULLE,48.7871,2.44698,Plein jour,En agglomération,Hors intersection,Normale,Deux véhicules - côté,,,,,,,,,,,1,2,1,1.0,3.0
201100050643,0011-08-26 22:05:00,11,8,26,22,5,940,28,PETITES HAIES / RADOT,48.7882,2.44086,Nuit avec éclairage allumé,En agglomération,Intersection en T,Normale,Deux véhicules - côté,,,,,,,,,,,5,2,3,1.0,3.0
201100050644,0011-08-27 07:45:00,11,8,27,7,45,940,28,FOCH / SAINT-CHRISTOPHE,48.7802,2.43777,Plein jour,En agglomération,Intersection en X,Pluie forte,Deux véhicules - arrière,,,,,,,,,,,1,2,2,3.0,2.0
201100050645,0011-08-29 08:00:00,11,8,29,8,0,940,28,AV DES PETITES HAIES,48.7881,2.43992,Plein jour,En agglomération,Hors intersection,Normale,Deux véhicules - côté,,,,,,,,,,,1,2,1,1.0,3.0
201100050646,0011-08-29 13:10:00,11,8,29,13,10,940,11,AV DE PARIS,48.7781,2.47786,Plein jour,En agglomération,Hors intersection,Normale,Deux véhicules - arrière,,,,,,,,,,,1,2,1,1.0,2.0
201100050647,0011-09-05 15:30:00,11,9,5,15,30,940,28,POMPADOUR / SULLY,,,Plein jour,En agglomération,Intersection en Y,Normale,Deux véhicules - arrière,,,,,,,,,,,1,2,4,1.0,2.0
201100050648,0011-09-05 15:00:00,11,9,5,15,0,940,28,R DU GENERAL LECLERC,,,Plein jour,En agglomération,Hors intersection,Normale,Deux véhicules - arrière,,,,,,,,,,,1,2,1,1.0,2.0
201100050649,0011-09-05 18:00:00,11,9,5,18,0,940,28,AV BERNARD HALPERN,,,Plein jour,En agglomération,Hors intersection,Normale,Deux véhicules - arrière,,,,,,,,,,,1,2,1,1.0,2.0
201100050650,0011-09-08 07:34:00,11,9,8,7,34,940,28,PL PIERRE MENDES FRANCE,,,Plein jour,En agglomération,Hors intersection,Normale,Deux véhicules - côté,,,,,,,,,,,1,2,1,1.0,3.0
201100050651,0011-09-11 14:50:00,11,9,11,14,50,940,28,JEU DE PAUME / HABETTE,,,Plein jour,En agglomération,Intersection en X,Normale,Deux véhicules - côté,,,,,,,,,,,1,2,2,1.0,3.0
201100050652,0011-09-11 19:00:00,11,9,11,19,0,940,11,BICENTENAIRE 1789-1989,,,Plein jour,En agglomération,Hors intersection,Normale,Autre collision,,,,,,,,,,,1,2,1,1.0,6.0
201100050653,0011-09-13 23:30:00,11,9,13,23,30,940,28,AV DE VERDUN,,,Nuit avec éclairage allumé,En agglomération,Hors intersection,Normale,Deux véhicules - arrière,,,,,,,,,,,5,2,1,1.0,2.0
201100050654,0011-09-16 14:45:00,11,9,16,14,45,940,28,KENNEDY,,,Plein jour,En agglomération,Hors intersection,Normale,Sans collision,,,,,,,,,,,1,2,1,1.0,7.0
201100050655,0011-09-16 16:35:00,11,9,16,16,35,940,28,RTE DE CHOISY,,,Plein jour,En agglomération,Hors intersection,Normale,Autre collision,,,,,,,,,,,1,2,1,1.0,6.0
201100050656,0011-09-22 13:30:00,11,9,22,13,30,940,28,AV DU MARECHAL FOCH,,,Plein jour,En agglomération,Hors intersection,Normale,Deux véhicules - arrière,,,,,,,,,,,1,2,1,1.0,2.0
201100050657,0011-09-22 13:30:00,11,9,22,13,30,940,11,AV RHIN ET DANUBE,,,Plein jour,En agglomération,Hors intersection,Normale,Deux véhicules - côté,,,,,,,,,,,1,2,1,1.0,3.0
201100050658,0011-09-23 09:30:00,11,9,23,9,30,940,28,BD JEAN BAPTISTE OUDRY,,,Plein jour,En agglomération,Hors intersection,Normale,Sans collision,,,,,,,,,,,1,2,1,1.0,7.0
201100050659,0011-09-24 21:55:00,11,9,24,21,55,940,11,MARAIS / BOISSY,,,Nuit sans éclairage public,En agglomération,Intersection en T,Normale,Deux véhicules - côté,,,,,,,,,,,3,2,3,1.0,3.0
201100050660,0011-09-28 10:10:00,11,9,28,10,10,940,11,AV DE CHOISY,,,Plein jour,En agglomération,Hors intersection,Normale,Deux véhicules - frontale,,,,,,,,,,,1,2,1,1.0,1.0
201100050661,0011-09-27 20:00:00,11,9,27,20,0,940,28,AV DE VERDUN,,,Nuit avec éclairage allumé,En agglomération,Hors intersection,Normale,Deux véhicules - côté,,,,,,,,,,,5,2,1,1.0,3.0
201100050662,0011-09-27 08:35:00,11,9,27,8,35,940,28,AV BERNARD HALPERN,,,Plein jour,En agglomération,Hors intersection,Normale,Sans collision,,,,,,,,,,,1,2,1,1.0,7.0
201100050663,0011-10-01 23:45:00,11,10,1,23,45,940,28,R VICTOR SCHOELCHER,,,Nuit avec éclairage allumé,En agglomération,Hors intersection,Normale,Deux véhicules - frontale,,,,,,,,,,,5,2,1,1.0,1.0
201100050664,0011-10-04 08:45:00,11,10,4,8,45,940,28,R MAURICE DEMENITROUX,,,Plein jour,En agglomération,Hors intersection,Normale,Deux véhicules - côté,,,,,,,,,,,1,2,1,1.0,3.0
201100050665,0011-10-04 13:05:00,11,10,4,13,5,940,28,DE LATTRE DE TASSIGNY,,,Plein jour,En agglomération,Hors intersection,Normale,Deux véhicules - arrière,,,,,,,,,,,1,2,1,1.0,2.0
201100050666,0011-10-04 17:20:00,11,10,4,17,20,940,28,R DE MESLY,,,Plein jour,En agglomération,Hors intersection,Normale,Deux véhicules - côté,,,,,,,,,,,1,2,1,1.0,3.0
201100050667,0011-10-04 20:25:00,11,10,4,20,25,940,28,DE LATTRE DE TASSIGNY,,,Plein jour,En agglomération,Hors intersection,Normale,Deux véhicules - côté,,,,,,,,,,,1,2,1,1.0,3.0
201100050668,0011-10-05 10:30:00,11,10,5,10,30,940,28,MESLY / MATISSE,,,Plein jour,En agglomération,Intersection en X,Normale,Deux véhicules - côté,,,,,,,,,,,1,2,2,1.0,3.0
201100050669,0011-10-06 13:15:00,11,10,6,13,15,940,28,BROSSOLETTE / JOLY,,,Plein jour,En agglomération,Intersection en X,Pluie légère,Deux véhicules - arrière,,,,,,,,,,,1,2,2,2.0,2.0
201100050670,0011-10-06 09:15:00,11,10,6,9,15,940,28,AV BERNARD HALPERN,,,Plein jour,En agglomération,Hors intersection,Pluie légère,Deux véhicules - côté,,,,,,,,,,,1,2,1,2.0,3.0
201100050671,0011-10-07 18:40:00,11,10,7,18,40,940,28,AV BERNARD HALPERN,,,Crépuscule ou aube,En agglomération,Hors intersection,Normale,Trois véhicules et plus - en chaîne,,,,,,,,,,,2,2,1,1.0,4.0
201100050672,0011-10-17 07:13:00,11,10,17,7,13,940,28,RTE DE CHOISY,,,Crépuscule ou aube,En agglomération,Hors intersection,Normale,Deux véhicules - arrière,,,,,,,,,,,2,2,1,1.0,2.0
201100050673,0011-10-17 16:05:00,11,10,17,16,5,940,28,RTE DE CHOISY,,,Plein jour,En agglomération,Hors intersection,Normale,Autre collision,,,,,,,,,,,1,2,1,1.0,6.0
201100050674,0011-10-17 14:09:00,11,10,17,14,9,940,28,AV DU MARECHAL FOCH,,,Plein jour,En agglomération,Hors intersection,Normale,Deux véhicules - arrière,,,,,,,,,,,1,2,1,1.0,2.0
201100050675,0011-10-17 16:10:00,11,10,17,16,10,940,11,AV DE LA CONVENTION,,,Plein jour,En agglomération,Hors intersection,Normale,Deux véhicules - côté,,,,,,,,,,,1,2,1,1.0,3.0
201100050676,0011-10-19 14:05:00,11,10,19,14,5,940,28,R DOMINIQUE DUVAUCHELLE,,,Plein jour,En agglomération,Hors intersection,Pluie légère,Deux véhicules - arrière,,,,,,,,,,,1,2,1,2.0,2.0
201100050677,0011-10-20 17:15:00,11,10,20,17,15,940,28,R JULIETTE SAVAR,,,Plein jour,En agglomération,Hors intersection,Normale,Autre collision,,,,,,,,,,,1,2,1,1.0,6.0
201100050678,0011-10-24 06:45:00,11,10,24,6,45,940,11,BOISSY / RHIN ET DANUBE,,,Crépuscule ou aube,En agglomération,Intersection en X,Pluie légère,Autre collision,,,,,,,,,,,2,2,2,2.0,6.0
201100050679,0011-10-21 12:40:00,11,10,21,12,40,940,28,AV DU MARECHAL FOCH,,,Plein jour,En agglomération,Hors intersection,Normale,Trois véhicules et plus - collisions multiples,,,,,,,,,,,1,2,1,1.0,5.0
201100050680,0011-10-27 12:15:00,11,10,27,12,15,940,11,RTE DE STAINS,,,Plein jour,En agglomération,Hors intersection,Normale,Deux véhicules - côté,,,,,,,,,,,1,2,1,1.0,3.0
201100050681,0011-11-07 19:00:00,11,11,7,19,0,940,11,AV DE BOISSY,,,Nuit avec éclairage allumé,En agglomération,Hors intersection,Pluie légère,Deux véhicules - arrière,,,,,,,,,,,5,2,1,2.0,2.0
201100050682,0011-11-10 09:05:00,11,11,10,9,5,940,28,LIBERATION / MOULIN,,,Plein jour,En agglomération,Intersection en X,Normale,Sans collision,,,,,,,,,,,1,2,2,1.0,7.0
201100050683,0011-11-10 16:10:00,11,11,10,16,10,940,28,OUDRY / CANAL,,,Plein jour,En agglomération,Intersection en X,Normale,Deux véhicules - côté,,,,,,,,,,,1,2,2,1.0,3.0
201100050684,0011-11-20 13:30:00,11,11,20,13,30,940,28,DEMENITROUX / MAURIAC,,,Plein jour,En agglomération,Intersection en Y,Normale,Sans collision,,,,,,,,,,,1,2,4,1.0,7.0
201100050685,0011-11-20 15:20:00,11,11,20,15,20,940,28,DUHAMEL / SAVAR,,,Plein jour,En agglomération,Intersection en X,Normale,Deux véhicules - côté,,,,,,,,,,,1,2,2,1.0,3.0
201100050686,0011-11-22 17:19:00,11,11,22,17,19,940,28,R DU GENERAL DE LARMINAT,,,Plein jour,En agglomération,Hors intersection,Normale,Sans collision,,,,,,,,,,,1,2,1,1.0,7.0
201100050687,0011-11-17 16:30:00,11,11,17,16,30,940,28,"14, AV PIERRE BROSSOLETT",,,Plein jour,En agglomération,Hors intersection,Normale,Deux véhicules - arrière,,,,,,,,,,,1,2,1,1.0,2.0
201100050688,0011-11-21 14:40:00,11,11,21,14,40,940,28,R MAURICE DEMENITROUX,,,Plein jour,En agglomération,Hors intersection,Normale,Deux véhicules - arrière,,,,,,,,,,,1,2,1,1.0,2.0
201100050689,0011-11-29 15:00:00,11,11,29,15,0,940,11,RTE DE STAINS,,,Plein jour,En agglomération,Hors intersection,Normale,Deux véhicules - arrière,,,,,,,,,,,1,2,1,1.0,2.0
201100050690,0011-11-29 15:10:00,11,11,29,15,10,940,28,R MAURICE UTRILLO,,,Plein jour,En agglomération,Hors intersection,Normale,Autre collision,,,,,,,,,,,1,2,1,1.0,6.0
201100050691,0011-11-28 17:00:00,11,11,28,17,0,940,28,"0, CHOISY(ROUTE DE)",,,Plein jour,En agglomération,Hors intersection,Normale,Sans collision,,,,,,,,,,,1,2,1,1.0,7.0
201100050692,0011-11-30 19:55:00,11,11,30,19,55,940,28,AV DU MARECHAL FOCH,,,Nuit avec éclairage allumé,En agglomération,Hors intersection,Normale,Deux véhicules - arrière,,,,,,,,,,,5,2,1,1.0,2.0
201100050693,0011-11-25 22:15:00,11,11,25,22,15,940,28,BROSSOLETTE / CHOISY,,,Nuit avec éclairage allumé,En agglomération,Giratoire,Normale,Deux véhicules - côté,,,,,,,,,,,5,2,6,1.0,3.0
201100050694,0011-12-03 13:30:00,11,12,3,13,30,940,28,"NC, CHOISY(ROUTE DE)",,,Plein jour,En agglomération,Hors intersection,Pluie légère,Deux véhicules - arrière,,,,,,,,,,,1,2,1,2.0,2.0
201100050695,0011-12-03 15:02:00,11,12,3,15,2,940,28,"NC, GAULLE(AVENUE DU GEN",,,Plein jour,En agglomération,Hors intersection,Pluie légère,Deux véhicules - arrière,,,,,,,,,,,1,2,1,2.0,2.0
201100050696,0011-12-03 16:30:00,11,12,3,16,30,940,28,"NC, C.C.R CRETEIL SOLEIL",,,Plein jour,En agglomération,Hors intersection,Normale,Autre collision,,,,,,,,,,,1,2,1,1.0,6.0
201100050697,0011-12-05 18:25:00,11,12,5,18,25,940,11,BOISSY.(AVENUE DE),,,Nuit avec éclairage non allumé,En agglomération,Hors intersection,Normale,Autre collision,,,,,,,,,,,4,2,1,1.0,6.0
201100050698,0011-12-05 09:00:00,11,12,5,9,0,940,28,COTONOU.(RUE DE),,,Plein jour,En agglomération,Hors intersection,Normale,Autre collision,,,,,,,,,,,1,2,1,1.0,6.0
201100050699,0011-12-05 12:45:00,11,12,5,12,45,940,11,RONSARD(RUE),,,Plein jour,En agglomération,Hors intersection,Normale,Deux véhicules - arrière,,,,,,,,,,,1,2,1,1.0,2.0
201100050700,0011-12-06 15:50:00,11,12,6,15,50,940,28,"00, PARIS.(RUE DE)",,,Plein jour,En agglomération,Hors intersection,Pluie légère,Autre collision,,,,,,,,,,,1,2,1,2.0,6.0
201100050701,0011-12-09 07:00:00,11,12,9,7,0,940,28,"0, MITTERAND (Rue Fran?o",,,Crépuscule ou aube,En agglomération,Intersection en T,Pluie légère,Autre collision,,,,,,,,,,,2,2,3,2.0,6.0
201100050702,0011-12-07 19:30:00,11,12,7,19,30,940,28,"0, FALKIRK(RUE)",,,Nuit avec éclairage allumé,En agglomération,Intersection en T,Pluie légère,Deux véhicules - côté,,,,,,,,,,,5,2,3,2.0,3.0
201100050703,0011-12-09 12:00:00,11,12,9,12,0,940,28,"0, SALENGRO.(RUE ROGER)",,,Plein jour,En agglomération,Hors intersection,Pluie légère,Deux véhicules - côté,,,,,,,,,,,1,2,1,2.0,3.0
201100050704,0011-12-16 08:05:00,11,12,16,8,5,940,28,"00, MITTERAND (Rue Fran?",,,Crépuscule ou aube,En agglomération,Hors intersection,Normale,Deux véhicules - arrière,,,,,,,,,,,2,2,1,1.0,2.0
201100050705,0011-12-19 21:20:00,11,12,19,21,20,940,11,"0, ROSTAND.(RUE JEAN)",,,Nuit avec éclairage allumé,En agglomération,Hors intersection,Pluie forte,Autre collision,,,,,,,,,,,5,2,1,3.0,6.0
201100050706,0011-12-20 16:53:00,11,12,20,16,53,940,28,"5, METIVET(RUE DOCTEUR)",,,Crépuscule ou aube,En agglomération,Hors intersection,Normale,Autre collision,,,,,,,,,,,2,2,1,1.0,6.0
201100050707,0011-12-20 19:35:00,11,12,20,19,35,940,28,POMPADOUR(ROUTE DE LA),,,Crépuscule ou aube,En agglomération,Hors intersection,Normale,Trois véhicules et plus - en chaîne,,,,,,,,,,,2,2,1,1.0,4.0
201100050708,0011-12-21 08:50:00,11,12,21,8,50,940,28,"0, TASSIGNY(AVE DU MAREC",,,Plein jour,En agglomération,Hors intersection,Pluie légère,Sans collision,,,,,,,,,,,1,2,1,2.0,7.0
201100050709,0011-12-23 08:53:00,11,12,23,8,53,940,28,"NC, VIET.(RUE)",,,Plein jour,En agglomération,Hors intersection,Normale,Deux véhicules - arrière,,,,,,,,,,,1,2,1,1.0,2.0
201100050710,0011-12-27 10:40:00,11,12,27,10,40,940,28,"0, CHOISY(ROUTE DE)",,,Plein jour,En agglomération,Hors intersection,Normale,Autre collision,,,,,,,,,,,1,2,1,1.0,6.0
201100050711,0011-12-29 15:15:00,11,12,29,15,15,940,28,"0, MECHES.(RUE DES)",,,Plein jour,En agglomération,Hors intersection,Normale,Autre collision,,,,,,,,,,,1,2,1,1.0,6.0
201100050712,0011-12-31 21:50:00,11,12,31,21,50,940,28,"NC, HALPERN.(AVENUE BERN",,,Nuit avec éclairage allumé,En agglomération,Hors intersection,Pluie légère,Sans collision,,,,,,,,,,,5,2,1,2.0,7.0
201100050713,0011-01-10 08:15:00,11,1,10,8,15,940,33,VERDUN / RACINE,48.8566,2.46738,Plein jour,En agglomération,Intersection en X,Normale,Deux véhicules - arrière,,,,,,,,,,,1,2,2,1.0,2.0
201100050714,0011-01-10 20:00:00,11,1,10,20,0,940,33,STALINGRAD / 4 RUELLES,48.8532,2.44851,Plein jour,En agglomération,Intersection en X,Normale,Deux véhicules - côté,,,,,,,,,,,1,2,2,1.0,3.0
201100050715,0011-01-30 17:40:00,11,1,30,17,40,940,33,VERDUN,48.8553,2.46808,Crépuscule ou aube,En agglomération,Hors intersection,Normale,Deux véhicules - côté,,,,,,,,,,,2,2,1,1.0,3.0
201100050716,0011-02-05 09:40:00,11,2,5,9,40,940,33,"267, AV DE LA REPUBLIQUE",48.8532,2.46899,Plein jour,En agglomération,Hors intersection,Normale,Deux véhicules - côté,,,,,,,,,,,1,2,1,1.0,3.0
201100050717,0011-02-08 07:45:00,11,2,8,7,45,940,33,"2, VERDUN",48.8508,2.47498,Crépuscule ou aube,En agglomération,Hors intersection,Normale,Autre collision,,,,,,,,,,,2,2,1,1.0,6.0
201100050718,0011-02-22 14:00:00,11,2,22,14,0,940,33,"42, SALENGRO / LEGER",48.8505,2.48847,Plein jour,En agglomération,Intersection en X,Normale,Deux véhicules - côté,,,,,,,,,,,1,2,2,1.0,3.0
201100050719,0011-03-01 07:20:00,11,3,1,7,20,940,33,"101, AV PARMENTIER",48.8551,2.45637,Crépuscule ou aube,En agglomération,Hors intersection,Normale,Autre collision,,,,,,,,,,,2,2,1,1.0,6.0
201100050720,0011-03-01 18:40:00,11,3,1,18,40,940,33,"83, AV DE NEUILLY",48.8477,2.48856,Plein jour,En agglomération,Hors intersection,Normale,Deux véhicules - côté,,,,,,,,,,,1,2,1,1.0,3.0
201100050721,0011-03-14 14:25:00,11,3,14,14,25,940,33,BASSEE / RUISSEAU,48.8513,2.46389,Plein jour,En agglomération,Intersection en T,Normale,Deux véhicules - arrière,,,,,,,,,,,1,2,3,1.0,2.0
201100050722,0011-03-15 16:05:00,11,3,15,16,5,940,33,"30, AV DE STALINGRAD",48.851,2.45299,Plein jour,En agglomération,Hors intersection,Normale,Autre collision,,,,,,,,,,,1,2,1,1.0,6.0
201100050723,0011-03-21 10:20:00,11,3,21,10,20,940,33,R DU CLOS D'ORLEANS,48.8426,2.47167,Plein jour,En agglomération,Hors intersection,Normale,Autre collision,,,,,,,,,,,1,2,1,1.0,6.0
201100050724,0011-03-22 17:50:00,11,3,22,17,50,940,33,LA FONTAINE / DESCARTES,48.8583,2.47607,Plein jour,En agglomération,Intersection en T,Normale,Autre collision,,,,,,,,,,,1,2,3,1.0,6.0
201100050725,0011-03-29 20:20:00,11,3,29,20,20,940,33,"38, BD DE VERDUN",48.8529,2.47107,Nuit avec éclairage allumé,En agglomération,Hors intersection,Pluie légère,Autre collision,,,,,,,,,,,5,2,1,2.0,6.0
201100050726,0011-02-12 14:15:00,11,2,12,14,15,940,33,"38, BD DE VERDUN",48.8528,2.47116,Plein jour,En agglomération,Hors intersection,Normale,Sans collision,,,,,,,,,,,1,2,1,1.0,7.0
201100050727,0011-03-30 21:55:00,11,3,30,21,55,940,33,VICTOR HUGO / DESCARTES,48.8591,2.47593,Nuit avec éclairage allumé,En agglomération,Intersection en T,Pluie légère,Trois véhicules et plus - collisions multiples,,,,,,,,,,,5,2,3,2.0,5.0
201100050728,0011-04-08 10:10:00,11,4,8,10,10,940,33,MOLIERE / RICHEBOIS,48.8448,2.47364,Plein jour,En agglomération,Intersection en T,Normale,Deux véhicules - côté,,,,,,,,,,,1,2,3,1.0,3.0
201100050729,0011-04-07 14:15:00,11,4,7,14,15,940,33,TASSIGNY,48.8573,2.49161,Plein jour,En agglomération,Hors intersection,Normale,Deux véhicules - côté,,,,,,,,,,,1,2,1,1.0,3.0
201100050730,0011-05-02 17:30:00,11,5,2,17,30,940,33,"143, R DALAYRAC",48.8496,2.45652,Plein jour,En agglomération,Hors intersection,Normale,Deux véhicules - côté,,,,,,,,,,,1,2,1,1.0,3.0
201100050731,0011-05-16 09:30:00,11,5,16,9,30,940,33,CARNOT / BOBET,48.8525,2.49075,Plein jour,En agglomération,Intersection en Y,Normale,Deux véhicules - côté,,,,,,,,,,,1,2,4,1.0,3.0
201100050732,0011-05-26 18:30:00,11,5,26,18,30,940,33,SOLIDARITE / 4 RUELLES,48.8528,2.44781,Plein jour,En agglomération,Intersection en X,Normale,Deux véhicules - côté,,,,,,,,,,,1,2,2,1.0,3.0
201100050733,0011-05-29 02:05:00,11,5,29,2,5,940,33,ROOSEVELT / DAME BLANCHE,48.8422,2.46315,Nuit avec éclairage allumé,En agglomération,Intersection en X,Normale,Deux véhicules - côté,,,,,,,,,,,5,2,2,1.0,3.0
201100050734,0011-06-01 07:55:00,11,6,1,7,55,940,33,"31, AV DE LA REPUBLIQUE",48.851,2.45659,Plein jour,En agglomération,Hors intersection,Normale,Autre collision,,,,,,,,,,,1,2,1,1.0,6.0
201100050735,0011-06-18 20:50:00,11,6,18,20,50,940,33,DE GAULLE / BOBET,48.8524,2.48623,Crépuscule ou aube,En agglomération,Giratoire,Normale,Deux véhicules - côté,,,,,,,,,,,2,2,6,1.0,3.0
201100050736,0011-06-24 12:50:00,11,6,24,12,50,940,33,RESISTANCE / LAROUSSE,48.8462,2.47747,Plein jour,En agglomération,Intersection en Y,Normale,Deux véhicules - côté,,,,,,,,,,,1,2,4,1.0,3.0
201100050737,0011-07-04 07:35:00,11,7,4,7,35,940,33,VERDUN / REPUBLIQUE,48.8536,2.46978,Plein jour,En agglomération,Intersection à plus de 4 branches,Normale,Deux véhicules - côté,,,,,,,,,,,1,2,5,1.0,3.0
201100050738,0011-07-07 09:00:00,11,7,7,9,0,940,33,LA FONTAINE / TIMBAUD,48.8582,2.47529,Plein jour,En agglomération,Giratoire,Normale,Deux véhicules - arrière,,,,,,,,,,,1,2,6,1.0,2.0