accident_id,datetime,annee,mois,jour,heure,minute,departement,commune_insee,adresse,latitude,longitude,luminosite,agglomeration,intersection,meteo,collision,nb_vehicules,nb_usagers,nb_indemnes,nb_tues,nb_blesses_hosp,nb_blesses_legers,age_cond_1,age_cond_2,veh_type_cond_1,veh_type_cond_2,lum_code,agg_code,int_code,atm_code,col_code
201100050987,0011-02-22 00:15:00,11,2,22,0,15,940,73,RN 186,48.7537,2.37421,Nuit sans éclairage public,Hors agglomération,Hors intersection,Pluie forte,Sans collision,,,,,,,,,,,3,1,1,3.0,7.0
201100050988,0011-02-23 16:45:00,11,2,23,16,45,940,65,BD CIRCULAIRE EST/RN186,48.7527,2.3605,Plein jour,En agglomération,Giratoire,Pluie légère,Deux véhicules - côté,,,,,,,,,,,1,2,6,2.0,3.0
201100050989,0011-02-28 00:05:00,11,2,28,0,5,940,65,R DU MARCHE,48.7467,2.35018,Nuit sans éclairage public,En agglomération,Hors intersection,Normale,Sans collision,,,,,,,,,,,3,2,1,1.0,7.0
201100050990,0011-02-28 09:10:00,11,2,28,9,10,940,73,VERSAILLES / BASCH,48.7583,2.39291,Plein jour,En agglomération,Intersection en T,Normale,Autre collision,,,,,,,,,,,1,2,3,1.0,6.0
201100050991,0011-03-04 19:20:00,11,3,4,19,20,940,21,DE GAULLE / BICETRE,48.7711,2.34986,Nuit avec éclairage allumé,En agglomération,Giratoire,Normale,Autre collision,,,,,,,,,,,5,2,6,1.0,6.0
201100050992,0011-03-05 14:45:00,11,3,5,14,45,940,73,PARKING CARREFOUR,48.7567,2.37151,Plein jour,En agglomération,Hors intersection,Normale,Deux véhicules - côté,,,,,,,,,,,1,2,1,1.0,3.0
201100050993,0011-03-06 01:55:00,11,3,6,1,55,940,73,TASSIGNY / FOUR,48.7538,2.40538,Nuit avec éclairage allumé,En agglomération,Intersection en X,Normale,Deux véhicules - frontale,,,,,,,,,,,5,2,2,1.0,1.0
201100050994,0011-03-09 10:40:00,11,3,9,10,40,940,38,"62, AV HENRI BARBUSSE",48.7785,2.32798,Plein jour,En agglomération,Hors intersection,Normale,Sans collision,,,,,,,,,,,1,2,1,1.0,7.0
201100050995,0011-03-11 08:55:00,11,3,11,8,55,940,34,AV DE LA CERISAIE,48.7533,2.32826,Plein jour,En agglomération,Hors intersection,Normale,Deux véhicules - côté,,,,,,,,,,,1,2,1,1.0,3.0
201100050996,0011-03-15 07:50:00,11,3,15,7,50,940,21,AV DE LA CITE,48.7636,2.35814,Plein jour,En agglomération,Hors intersection,Normale,Deux véhicules - côté,,,,,,,,,,,1,2,1,1.0,3.0
201100050997,0011-03-18 15:05:00,11,3,18,15,5,940,38,R DES JARDINS,48.78,2.33641,Plein jour,En agglomération,Hors intersection,Normale,Autre collision,,,,,,,,,,,1,2,1,1.0,6.0
201100050998,0011-03-19 08:35:00,11,3,19,8,35,940,65,RN 186,48.7535,2.36392,Plein jour,Hors agglomération,Hors intersection,Normale,Deux véhicules - côté,,,,,,,,,,,1,1,1,1.0,3.0
201100050999,0011-03-19 11:20:00,11,3,19,11,20,940,65,AV DE FRESNES,48.7485,2.34192,Plein jour,En agglomération,Hors intersection,Normale,Deux véhicules - côté,,,,,,,,,,,1,2,1,1.0,3.0
201100051000,0011-03-19 18:00:00,11,3,19,18,0,940,73,LUXEMBOURG_PARKING CCR,48.7563,2.37199,Plein jour,Hors agglomération,Hors intersection,Normale,Deux véhicules - côté,,,,,,,,,,,1,1,1,1.0,3.0
201100051001,0011-03-19 10:30:00,11,3,19,10,30,940,73,BAS MARIN / ALOUETTES,48.754,2.38634,Plein jour,En agglomération,Intersection en Y,Temps couvert,Deux véhicules - côté,,,,,,,,,,,1,2,4,8.0,3.0
201100051002,0011-03-19 19:45:00,11,3,19,19,45,940,73,MARCHAND / MAUREPAS,48.7665,2.38645,Crépuscule ou aube,En agglomération,Intersection en Y,Normale,Autre collision,,,,,,,,,,,2,2,4,1.0,6.0
201100051003,0011-03-19 19:04:00,11,3,19,19,4,940,65,3 MARCHES / BOULOGNE,48.7591,2.35102,Nuit avec éclairage allumé,En agglomération,Intersection en T,Normale,Deux véhicules - côté,,,,,,,,,,,5,2,3,1.0,3.0
201100051004,0011-03-21 08:30:00,11,3,21,8,30,940,38,LARROUMES / FLOUQUET,48.7753,2.32641,Plein jour,En agglomération,Intersection en X,Normale,Deux véhicules - frontale,,,,,,,,,,,1,2,2,1.0,1.0
201100051005,0011-03-21 17:10:00,11,3,21,17,10,940,21,AV DE STALINGRAD,48.7659,2.36794,Plein jour,En agglomération,Hors intersection,Temps éblouissant,Deux véhicules - côté,,,,,,,,,,,1,2,1,7.0,3.0
201100051006,0011-03-22 10:50:00,11,3,22,10,50,940,65,R DU JOUR,48.7583,2.36127,Plein jour,En agglomération,Hors intersection,Normale,Autre collision,,,,,,,,,,,1,2,1,1.0,6.0
201100051007,0011-03-25 13:00:00,11,3,25,13,0,940,65,ZONE SOGARIS,48.751,2.36104,Plein jour,Hors agglomération,Hors intersection,Normale,Sans collision,,,,,,,,,,,1,1,1,1.0,7.0
201100051008,0011-03-26 12:00:00,11,3,26,12,0,940,73,RN 186 SORTIE 25,48.7536,2.36962,Plein jour,Hors agglomération,Hors intersection,Normale,Trois véhicules et plus - en chaîne,,,,,,,,,,,1,1,1,1.0,4.0
201100051009,0011-03-27 10:40:00,11,3,27,10,40,940,73,R DES ALOUETTES,48.7533,2.37972,Plein jour,En agglomération,Hors intersection,Temps couvert,Autre collision,,,,,,,,,,,1,2,1,8.0,6.0
201100051010,0011-03-29 14:00:00,11,3,29,14,0,940,65,R DU PONT DES HALLES,48.7581,2.34705,Plein jour,En agglomération,Hors intersection,Normale,Deux véhicules - côté,,,,,,,,,,,1,2,1,1.0,3.0
201100051011,0011-04-01 08:00:00,11,4,1,8,0,940,73,DE GAULLE / EGLANTINES,48.7672,2.3805,Plein jour,En agglomération,Intersection en T,Temps couvert,Deux véhicules - côté,,,,,,,,,,,1,2,3,8.0,3.0
201100051012,0011-04-04 20:00:00,11,4,4,20,0,940,38,LARROUMES / FLOUQUET,48.7753,2.32641,Crépuscule ou aube,En agglomération,Intersection en X,Normale,Trois véhicules et plus - en chaîne,,,,,,,,,,,2,2,2,1.0,4.0
201100051013,0011-04-06 11:30:00,11,4,6,11,30,940,34,R HENRI BARBUSSE,48.7575,2.3228,Plein jour,En agglomération,Hors intersection,Normale,Sans collision,,,,,,,,,,,1,2,1,1.0,7.0
201100051014,0011-04-08 01:10:00,11,4,8,1,10,940,21,FRANKLIN ROOSEVELT,48.7699,2.36501,Nuit avec éclairage allumé,En agglomération,Hors intersection,Normale,Autre collision,,,,,,,,,,,5,2,1,1.0,6.0
201100051015,0011-04-09 19:50:00,11,4,9,19,50,940,73,R MARCEL BIERRY,,,Plein jour,En agglomération,Hors intersection,Normale,Trois véhicules et plus - collisions multiples,,,,,,,,,,,1,2,1,1.0,5.0
201100051016,0011-04-12 12:25:00,11,4,12,12,25,940,73,ESPAGNE / LUXEMBOURG,48.7547,2.37517,Plein jour,En agglomération,Giratoire,Normale,Deux véhicules - côté,,,,,,,,,,,1,2,6,1.0,3.0
201100051017,0011-04-11 07:40:00,11,4,11,7,40,940,21,8 MAI 1945 / RUNGIS,48.77,2.35112,Plein jour,En agglomération,Hors intersection,Normale,Sans collision,,,,,,,,,,,1,2,1,1.0,7.0
201100051018,0011-04-13 08:00:00,11,4,13,8,0,940,21,BD JEAN MERMOZ,48.7673,2.33629,Plein jour,En agglomération,Hors intersection,Normale,Trois véhicules et plus - collisions multiples,,,,,,,,,,,1,2,1,1.0,5.0
201100051019,0011-04-15 00:15:00,11,4,15,0,15,940,38,VAILLANT COUTURIER,48.78,2.34101,Nuit avec éclairage allumé,En agglomération,Hors intersection,Normale,Sans collision,,,,,,,,,,,5,2,1,1.0,7.0
201100051020,0011-04-15 13:30:00,11,4,15,13,30,940,73,PARKING CCR,48.7553,2.36976,Plein jour,Hors agglomération,Intersection en T,Normale,Deux véhicules - arrière,,,,,,,,,,,1,1,3,1.0,2.0
201100051021,0011-04-27 04:20:00,11,4,27,4,20,940,73,R PAUL VAILLANT COUTURIE,48.7614,2.39361,Nuit avec éclairage allumé,En agglomération,Hors intersection,Normale,Sans collision,,,,,,,,,,,5,2,1,1.0,7.0
201100051022,0011-04-27 14:20:00,11,4,27,14,20,940,73,FONTAINEBLEAU / DE GAULL,48.7688,2.36786,Plein jour,En agglomération,Intersection en X,Normale,Autre collision,,,,,,,,,,,1,2,2,1.0,6.0
201100051023,0011-04-28 10:30:00,11,4,28,10,30,940,21,R D'AVIGNON,48.7625,2.35097,Plein jour,En agglomération,Hors intersection,Normale,Deux véhicules - côté,,,,,,,,,,,1,2,1,1.0,3.0
201100051024,0011-04-29 15:55:00,11,4,29,15,55,940,73,AV DU GENERAL DE GAULLE,48.7665,2.3859,Plein jour,En agglomération,Hors intersection,Normale,Trois véhicules et plus - en chaîne,,,,,,,,,,,1,2,1,1.0,4.0
201100051025,0011-05-04 14:00:00,11,5,4,14,0,940,21,AV DE LA REPUBLIQUE,48.7619,2.36598,Plein jour,En agglomération,Hors intersection,Normale,Deux véhicules - côté,,,,,,,,,,,1,2,1,1.0,3.0
201100051026,0011-05-05 14:05:00,11,5,5,14,5,940,65,AV CHARLES LINDBERGH,48.7545,2.34757,Plein jour,En agglomération,Hors intersection,Normale,Trois véhicules et plus - en chaîne,,,,,,,,,,,1,2,1,1.0,4.0
201100051027,0011-05-06 02:30:00,11,5,6,2,30,940,65,AV DES 3 MARCHES,48.7598,2.35293,Nuit avec éclairage allumé,En agglomération,Hors intersection,Normale,Deux véhicules - côté,,,,,,,,,,,5,2,1,1.0,3.0
201100051028,0011-05-07 11:30:00,11,5,7,11,30,940,73,"158, AV DE VERSAILLES",48.7579,2.39124,Plein jour,En agglomération,Hors intersection,Normale,Deux véhicules - côté,,,,,,,,,,,1,2,1,1.0,3.0
201100051029,0011-05-12 16:55:00,11,5,12,16,55,940,21,BRASSENS / ROOSEVELT,48.7704,2.36344,Plein jour,En agglomération,Intersection en X,Normale,Deux véhicules - frontale,,,,,,,,,,,1,2,2,1.0,1.0
201100051030,0011-05-12 17:40:00,11,5,12,17,40,940,73,HUGO / ROOSEVELT,48.7656,2.39645,Plein jour,En agglomération,Intersection en T,Normale,Deux véhicules - frontale,,,,,,,,,,,1,2,3,1.0,1.0
201100051031,0011-05-13 09:35:00,11,5,13,9,35,940,38,AV FLOUQUET,48.7707,2.32266,Plein jour,En agglomération,Hors intersection,Normale,Autre collision,,,,,,,,,,,1,2,1,1.0,6.0
201100051032,0011-05-20 12:20:00,11,5,20,12,20,940,65,AV CHARLES LINDBERGH,48.751,2.35388,Plein jour,En agglomération,Hors intersection,Normale,Autre collision,,,,,,,,,,,1,2,1,1.0,6.0
201100051033,0011-05-20 18:00:00,11,5,20,18,0,940,34,R DE LA BUTTE,48.7594,2.3324,Plein jour,En agglomération,Hors intersection,Normale,Sans collision,,,,,,,,,,,1,2,1,1.0,7.0
201100051034,0011-05-21 14:15:00,11,5,21,14,15,940,73,MARCHAND / PERREUX,48.766,2.39054,Plein jour,En agglomération,Intersection en X,Normale,Deux véhicules - côté,,,,,,,,,,,1,2,2,1.0,3.0
201100051035,0011-05-23 12:30:00,11,5,23,12,30,940,65,AV CHARLES LINDBERGH,48.7528,2.35091,Plein jour,En agglomération,Hors intersection,Normale,Deux véhicules - arrière,,,,,,,,,,,1,2,1,1.0,2.0
201100051036,0011-05-23 18:35:00,11,5,23,18,35,940,21,DE GAULLE / THURET,48.7732,2.33776,Plein jour,En agglomération,Intersection en X,Normale,Deux véhicules - arrière,,,,,,,,,,,1,2,2,1.0,2.0
201100051037,0011-05-24 10:30:00,11,5,24,10,30,940,73,FONTAINEBLEA / DE GAULLE,48.7688,2.36786,Plein jour,En agglomération,Intersection en X,Normale,Deux véhicules - arrière,,,,,,,,,,,1,2,2,1.0,2.0
201100051038,0011-05-24 17:45:00,11,5,24,17,45,940,34,AV DE LA DIVISION LECLER,48.7595,2.32328,Plein jour,En agglomération,Hors intersection,Normale,Trois véhicules et plus - en chaîne,,,,,,,,,,,1,2,1,1.0,4.0
201100051039,0011-05-28 11:45:00,11,5,28,11,45,940,65,SOLETS / ALPES,48.742,2.3526,Plein jour,En agglomération,Intersection en X,Normale,Sans collision,,,,,,,,,,,1,2,2,1.0,7.0
201100051040,0011-05-29 17:20:00,11,5,29,17,20,940,73,VERSAILLES / 25 AOUT 194,48.7614,2.40318,Plein jour,En agglomération,Intersection en X,Normale,Deux véhicules - côté,,,,,,,,,,,1,2,2,1.0,3.0
201100051041,0011-05-30 13:40:00,11,5,30,13,40,940,65,FONTAINEBLEAU / RN186,48.752,2.3689,Plein jour,Hors agglomération,Intersection en Y,Normale,Deux véhicules - arrière,,,,,,,,,,,1,1,4,1.0,2.0
201100051042,0011-06-03 11:50:00,11,6,3,11,50,940,65,AV DES 3 MARCHES,48.7602,2.35378,Plein jour,En agglomération,Hors intersection,Normale,Deux véhicules - côté,,,,,,,,,,,1,2,1,1.0,3.0
201100051043,0011-06-03 12:20:00,11,6,3,12,20,940,34,AV DU PARC MEDICIS,48.754,2.33769,Plein jour,En agglomération,Hors intersection,Normale,Sans collision,,,,,,,,,,,1,2,1,1.0,7.0
201100051044,0011-06-03 15:20:00,11,6,3,15,20,940,65,"39, R DE MONTLHERY",48.7458,2.35524,Plein jour,Hors agglomération,Hors intersection,Normale,Deux véhicules - côté,,,,,,,,,,,1,1,1,1.0,3.0
201100051045,0011-06-06 22:50:00,11,6,6,22,50,940,73,FONTAINEBLEAU / STALINGR,48.7688,2.36786,Nuit avec éclairage allumé,En agglomération,Giratoire,Normale,Deux véhicules - côté,,,,,,,,,,,5,2,6,1.0,3.0
201100051046,0011-06-07 09:15:00,11,6,7,9,15,940,34,"38, R EMILE ZOLA",48.7605,2.32598,Plein jour,En agglomération,Hors intersection,Pluie légère,Autre collision,,,,,,,,,,,1,2,1,2.0,6.0
201100051047,0011-06-08 10:50:00,11,6,8,10,50,940,21,REPUBLIQUE / STALINGRAD,48.7639,2.3681,Plein jour,En agglomération,Intersection en X,Normale,Deux véhicules - côté,,,,,,,,,,,1,2,2,1.0,3.0
201100051048,0011-06-11 16:35:00,11,6,11,16,35,940,73,AV DU LUXEMBOURG,48.7632,2.36973,Plein jour,En agglomération,Hors intersection,Normale,Trois véhicules et plus - collisions multiples,,,,,,,,,,,1,2,1,1.0,5.0
201100051049,0011-06-12 10:25:00,11,6,12,10,25,940,73,REPUBLIQUE / JAURES,48.7665,2.39337,Plein jour,En agglomération,Intersection en X,Normale,Deux véhicules - côté,,,,,,,,,,,1,2,2,1.0,3.0
201100051050,0011-06-17 18:30:00,11,6,17,18,30,940,21,MERMOZ / BLERIOT,48.7668,2.33584,Plein jour,En agglomération,Intersection en X,Temps couvert,Deux véhicules - côté,,,,,,,,,,,1,2,2,8.0,3.0
201100051051,0011-06-18 20:00:00,11,6,18,20,0,940,73,FONTAINEBLEAU / LUXEMBOU,48.7601,2.36849,Plein jour,En agglomération,Intersection en Y,Normale,Autre collision,,,,,,,,,,,1,2,4,1.0,6.0
201100051052,0011-06-18 19:50:00,11,6,18,19,50,940,21,RES BARBANSON,48.776,2.35863,Plein jour,En agglomération,Hors intersection,Normale,Autre collision,,,,,,,,,,,1,2,1,1.0,6.0
201100051053,0011-06-20 09:55:00,11,6,20,9,55,940,34,AV DE STALINGRAD,48.7581,2.32961,Plein jour,En agglomération,Hors intersection,Pluie légère,Deux véhicules - côté,,,,,,,,,,,1,2,1,2.0,3.0
201100051054,0011-06-19 20:30:00,11,6,19,20,30,940,65,AV CHARLES LINDBERGH,48.7519,2.35293,Plein jour,En agglomération,Hors intersection,Normale,Sans collision,,,,,,,,,,,1,2,1,1.0,7.0
201100051055,0011-06-21 16:40:00,11,6,21,16,40,940,73,AV DE VERSAILLES,48.758,2.39159,Plein jour,En agglomération,Hors intersection,Normale,Deux véhicules - côté,,,,,,,,,,,1,2,1,1.0,3.0
201100051056,0011-06-21 19:20:00,11,6,21,19,20,940,38,LALLIER / BICETRE,48.7758,2.3534,Plein jour,En agglomération,Intersection en X,Normale,Deux véhicules - frontale,,,,,,,,,,,1,2,2,1.0,1.0
201100051057,0011-06-24 12:40:00,11,6,24,12,40,940,38,AV DU GENERAL DE GAULLE,48.7839,2.34494,Plein jour,En agglomération,Hors intersection,Normale,Deux véhicules - côté,,,,,,,,,,,1,2,1,1.0,3.0
201100051058,0011-06-25 16:30:00,11,6,25,16,30,940,65,RN 186,48.7534,2.35874,Plein jour,Hors agglomération,Hors intersection,Normale,Sans collision,,,,,,,,,,,1,1,1,1.0,7.0
201100051059,0011-06-27 10:55:00,11,6,27,10,55,940,73,R LOUIS DUPERREY,48.7683,2.39067,Plein jour,En agglomération,Hors intersection,Normale,Sans collision,,,,,,,,,,,1,2,1,1.0,7.0
201100051060,0011-06-28 01:25:00,11,6,28,1,25,940,73,AV DE FONTAINEBLEAU,48.7576,2.36868,Nuit avec éclairage allumé,Hors agglomération,Hors intersection,Normale,Trois véhicules et plus - collisions multiples,,,,,,,,,,,5,1,1,1.0,5.0
201100051061,0011-06-28 16:30:00,11,6,28,16,30,940,65,ROUTE NATIONALE 186,48.7534,2.361,Plein jour,En agglomération,Hors intersection,Normale,Trois véhicules et plus - en chaîne,,,,,,,,,,,1,2,1,1.0,4.0
201100051062,0011-06-28 19:10:00,11,6,28,19,10,940,65,BD CIRCULAIRE OUEST,48.7564,2.35128,Plein jour,En agglomération,Hors intersection,Normale,Deux véhicules - arrière,,,,,,,,,,,1,2,1,1.0,2.0
201100051063,0011-06-28 18:30:00,11,6,28,18,30,940,21,SQ DE LA PEPINIERE,48.7673,2.36623,Plein jour,En agglomération,Hors intersection,Normale,Autre collision,,,,,,,,,,,1,2,1,1.0,6.0
201100051064,0011-06-28 21:30:00,11,6,28,21,30,940,73,STALINGRAD / BIGLE,48.7694,2.40219,Crépuscule ou aube,En agglomération,Intersection en T,Normale,Deux véhicules - côté,,,,,,,,,,,2,2,3,1.0,3.0
201100051065,0011-06-30 12:05:00,11,6,30,12,5,940,73,LUXEMBOURG / D'ESPAGNE,48.7547,2.37517,Plein jour,En agglomération,Giratoire,Normale,Deux véhicules - côté,,,,,,,,,,,1,2,6,1.0,3.0
201100051066,0011-07-04 15:35:00,11,7,4,15,35,940,73,BAS MARIN / ALOUETTES,48.754,2.38634,Plein jour,En agglomération,Intersection en Y,Normale,Deux véhicules - frontale,,,,,,,,,,,1,2,4,1.0,1.0
201100051067,0011-07-05 13:20:00,11,7,5,13,20,940,65,RN 186,48.7538,2.35809,Plein jour,Hors agglomération,Hors intersection,Normale,Deux véhicules - arrière,,,,,,,,,,,1,1,1,1.0,2.0
201100051068,0011-07-10 15:15:00,11,7,10,15,15,940,21,AV GEORGES GUYNEMER,48.7626,2.33973,Plein jour,En agglomération,Hors intersection,Normale,Sans collision,,,,,,,,,,,1,2,1,1.0,7.0
201100051069,0011-07-10 23:40:00,11,7,10,23,40,940,21,AV DE STALINGRAD,48.7764,2.36731,Nuit avec éclairage allumé,En agglomération,Hors intersection,Normale,Deux véhicules - côté,,,,,,,,,,,5,2,1,1.0,3.0
201100051070,0011-07-11 20:00:00,11,7,11,20,0,940,34,BARBUSSE / CURIE,48.7554,2.3224,Plein jour,En agglomération,Intersection en T,Normale,Deux véhicules - côté,,,,,,,,,,,1,2,3,1.0,3.0
201100051071,0011-07-12 15:35:00,11,7,12,15,35,940,21,STALINGRAD / REPUBLIQUE,48.7639,2.3681,Plein jour,Hors agglomération,Intersection en T,Normale,Deux véhicules - côté,,,,,,,,,,,1,1,3,1.0,3.0
201100051072,0011-07-12 18:50:00,11,7,12,18,50,940,38,AV DU GENERAL DE GAULLE,48.7836,2.34562,Plein jour,En agglomération,Hors intersection,Normale,Deux véhicules - côté,,,,,,,,,,,1,2,1,1.0,3.0
201100051073,0011-07-14 06:50:00,11,7,14,6,50,940,73,FONTAINEBLEAU / DE GAULL,48.7688,2.36786,Plein jour,En agglomération,Intersection en X,Normale,Deux véhicules - côté,,,,,,,,,,,1,2,2,1.0,3.0
201100051074,0011-07-14 15:00:00,11,7,14,15,0,940,73,REPUBLIQUE / MARCHAND,48.7657,2.39269,Plein jour,En agglomération,Intersection en T,Temps couvert,Deux véhicules - côté,,,,,,,,,,,1,2,3,8.0,3.0
201100051075,0011-07-15 11:40:00,11,7,15,11,40,940,73,VERSAILLES / TASSIGNY,48.7613,2.40324,Plein jour,En agglomération,Intersection en X,Normale,Deux véhicules - côté,,,,,,,,,,,1,2,2,1.0,3.0
201100051076,0011-07-15 12:20:00,11,7,15,12,20,940,65,RN 186,48.7539,2.36547,Plein jour,Hors agglomération,Hors intersection,Normale,Deux véhicules - arrière,,,,,,,,,,,1,1,1,1.0,2.0
201100051077,0011-07-25 19:40:00,11,7,25,19,40,940,34,R DE VERDUN,48.7562,2.31661,Plein jour,En agglomération,Hors intersection,Normale,Deux véhicules - frontale,,,,,,,,,,,1,2,1,1.0,1.0
201100051078,0011-07-26 13:55:00,11,7,26,13,55,940,65,AV DE FONTAINEBLEAU,48.7497,2.36898,Plein jour,En agglomération,Hors intersection,Normale,Deux véhicules - côté,,,,,,,,,,,1,2,1,1.0,3.0
201100051079,0011-07-27 05:10:00,11,7,27,5,10,940,65,CHARENTES / CHARENTES,48.7581,2.36065,Nuit avec éclairage allumé,En agglomération,Giratoire,Normale,Deux véhicules - côté,,,,,,,,,,,5,2,6,1.0,3.0
201100051080,0011-07-29 10:15:00,11,7,29,10,15,940,38,VAILLANT COUTURIER,48.7793,2.3408,Plein jour,En agglomération,Hors intersection,Normale,Deux véhicules - côté,,,,,,,,,,,1,2,1,1.0,3.0
201100051081,0011-07-30 19:50:00,11,7,30,19,50,940,34,REGARD / GARENNE,48.7585,2.32804,Plein jour,En agglomération,Intersection en Y,Normale,Deux véhicules - côté,,,,,,,,,,,1,2,4,1.0,3.0
201100051082,0011-07-03 20:00:00,11,7,3,20,0,940,21,R PAUL HOCHART,48.7769,2.36032,Plein jour,En agglomération,Hors intersection,Normale,Autre collision,,,,,,,,,,,1,2,1,1.0,6.0
201100051083,0011-07-12 12:00:00,11,7,12,12,0,940,22,AV LEON GOURDAULT,48.7639,2.40588,Plein jour,En agglomération,Hors intersection,Normale,Deux véhicules - arrière,,,,,,,,,,,1,2,1,1.0,2.0
201100051084,0011-08-02 22:15:00,11,8,2,22,15,940,65,CIRCULAIRE / 3 MARCHES,48.7586,2.349,Nuit avec éclairage allumé,En agglomération,Giratoire,Normale,Sans collision,,,,,,,,,,,5,2,6,1.0,7.0
201100051085,0011-08-03 16:00:00,11,8,3,16,0,940,73,R VICTOR HUGO,48.7613,2.39813,Plein jour,En agglomération,Hors intersection,Normale,Sans collision,,,,,,,,,,,1,2,1,1.0,7.0
201100051086,0011-08-08 08:40:00,11,8,8,8,40,940,73,MULLER / VERSAILLES,48.7593,2.39663,Plein jour,En agglomération,Intersection en X,Temps couvert,Deux véhicules - côté,,,,,,,,,,,1,2,2,8.0,3.0
201100051087,0011-08-08 13:00:00,11,8,8,13,0,940,65,R DE LA VANNE,48.7561,2.35095,Plein jour,En agglomération,Hors intersection,Normale,Deux véhicules - côté,,,,,,,,,,,1,2,1,1.0,3.0
201100051088,0011-08-11 07:15:00,11,8,11,7,15,940,65,BD CIRCULAIRE OUEST,48.7588,2.34878,Crépuscule ou aube,Hors agglomération,Hors intersection,Normale,Deux véhicules - côté,,,,,,,,,,,2,1,1,1.0,3.0
201100051089,0011-08-12 12:30:00,11,8,12,12,30,940,73,BD DU NORD,48.7586,2.37057,Plein jour,En agglomération,Hors intersection,Normale,Deux véhicules - côté,,,,,,,,,,,1,2,1,1.0,3.0
201100051090,0011-08-17 03:55:00,11,8,17,3,55,940,21,3 MARCHES / BRETAGNE,48.7619,2.35697,Nuit avec éclairage allumé,En agglomération,Intersection en X,Normale,Deux véhicules - côté,,,,,,,,,,,5,2,2,1.0,3.0
201100051091,0011-08-19 13:45:00,11,8,19,13,45,940,73,FONTAINEBLEAU,48.7558,2.36883,Plein jour,En agglomération,Hors intersection,Normale,Deux véhicules - arrière,,,,,,,,,,,1,2,1,1.0,2.0
201100051092,0011-08-20 20:50:00,11,8,20,20,50,940,73,R DES ALOUETTES,48.7519,2.36998,Crépuscule ou aube,En agglomération,Hors intersection,Normale,Sans collision,,,,,,,,,,,2,2,1,1.0,7.0
201100051093,0011-08-26 17:00:00,11,8,26,17,0,940,38,AV DU GENERAL DE GAULLE,48.7821,2.34348,Plein jour,En agglomération,Hors intersection,Pluie légère,Autre collision,,,,,,,,,,,1,2,1,2.0,6.0
201100051094,0011-08-29 16:10:00,11,8,29,16,10,940,21,BD JEAN MERMOZ,48.7699,2.33762,Plein jour,En agglomération,Hors intersection,Normale,Deux véhicules - arrière,,,,,,,,,,,1,2,1,1.0,2.0
201100051095,0011-08-31 11:40:00,11,8,31,11,40,940,21,R D'AGEN,48.7629,2.34884,Plein jour,En agglomération,Hors intersection,Normale,Deux véhicules - côté,,,,,,,,,,,1,2,1,1.0,3.0
201100051096,0011-09-01 15:50:00,11,9,1,15,50,940,21,AV DE STALINGRAD,,,Plein jour,En agglomération,Hors intersection,Normale,Deux véhicules - côté,,,,,,,,,,,1,2,1,1.0,3.0
201100051097,0011-09-03 14:15:00,11,9,3,14,15,940,34,PASTEUR / JAURES,,,Plein jour,En agglomération,Intersection en X,Normale,Deux véhicules - frontale,,,,,,,,,,,1,2,2,1.0,1.0
201100051098,0011-09-04 09:30:00,11,9,4,9,30,940,73,AV DE FONTAINEBLEAU,,,Plein jour,Hors agglomération,Hors intersection,Temps couvert,Sans collision,,,,,,,,,,,1,1,1,8.0,7.0
201100051099,0011-09-05 16:15:00,11,9,5,16,15,940,38,AV FLOUQUET,,,Plein jour,En agglomération,Hors intersection,Normale,Trois véhicules et plus - en chaîne,,,,,,,,,,,1,2,1,1.0,4.0
201100051100,0011-09-07 08:35:00,11,9,7,8,35,940,65,SOLETS / TAUREAU,,,Plein jour,En agglomération,Intersection en X,Normale,Deux véhicules - côté,,,,,,,,,,,1,2,2,1.0,3.0
201100051101,0011-09-07 13:05:00,11,9,7,13,5,940,65,AV CHARLES LINDBERGH,,,Plein jour,En agglomération,Hors intersection,Normale,Deux véhicules - frontale,,,,,,,,,,,1,2,1,1.0,1.0
201100051102,0011-09-08 16:40:00,11,9,8,16,40,940,38,R DE BICETRE,,,Plein jour,En agglomération,Hors intersection,Normale,Deux véhicules - arrière,,,,,,,,,,,1,2,1,1.0,2.0
201100051103,0011-09-09 07:40:00,11,9,9,7,40,940,38,R SAINTE-COLOMBE,,,Crépuscule ou aube,En agglomération,Hors intersection,Temps couvert,Autre collision,,,,,,,,,,,2,2,1,8.0,6.0
201100051104,0011-09-10 12:00:00,11,9,10,12,0,940,21,GUYNEMER / HALLES,,,Plein jour,Hors agglomération,Giratoire,Normale,Deux véhicules - côté,,,,,,,,,,,1,1,6,1.0,3.0
201100051105,0011-09-11 21:35:00,11,9,11,21,35,940,38,AV HENRI BARBUSSE,,,Nuit avec éclairage allumé,En agglomération,Hors intersection,Temps couvert,Deux véhicules - frontale,,,,,,,,,,,5,2,1,8.0,1.0
201100051106,0011-09-13 10:00:00,11,9,13,10,0,940,38,BARBUSSE / SAVORNIN,,,Plein jour,En agglomération,Intersection en T,Normale,Trois véhicules et plus - en chaîne,,,,,,,,,,,1,2,3,1.0,4.0
201100051107,0011-09-13 17:30:00,11,9,13,17,30,940,38,COUTURIER,,,Plein jour,En agglomération,Hors intersection,Normale,Autre collision,,,,,,,,,,,1,2,1,1.0,6.0
201100051108,0011-09-19 09:20:00,11,9,19,9,20,940,73,RN 186,,,Plein jour,Hors agglomération,Hors intersection,Normale,Deux véhicules - arrière,,,,,,,,,,,1,1,1,1.0,2.0
201100051109,0011-09-23 07:55:00,11,9,23,7,55,940,73,STALINGRAD / BIGLE,,,Plein jour,En agglomération,Intersection en T,Temps éblouissant,Deux véhicules - arrière,,,,,,,,,,,1,2,3,7.0,2.0