accident_id,datetime,annee,mois,jour,heure,minute,departement,commune_insee,adresse,latitude,longitude,luminosite,agglomeration,intersection,meteo,collision,nb_vehicules,nb_usagers,nb_indemnes,nb_tues,nb_blesses_hosp,nb_blesses_legers,age_cond_1,age_cond_2,veh_type_cond_1,veh_type_cond_2,lum_code,agg_code,int_code,atm_code,col_code
201100051110,0011-09-23 09:50:00,11,9,23,9,50,940,38,CHEVILLY / BICETRE,,,Plein jour,En agglomération,Intersection en X,Temps éblouissant,Deux véhicules - côté,,,,,,,,,,,1,2,2,7.0,3.0
201100051111,0011-09-24 16:55:00,11,9,24,16,55,940,21,FRANKLIN ROOSEVELT,,,Plein jour,En agglomération,Hors intersection,Normale,Trois véhicules et plus - en chaîne,,,,,,,,,,,1,2,1,1.0,4.0
201100051112,0011-09-27 14:30:00,11,9,27,14,30,940,73,LUXEMBOURG / D'ESPAGNE,,,Plein jour,En agglomération,Intersection en X,Normale,Deux véhicules - côté,,,,,,,,,,,1,2,2,1.0,3.0
201100051113,0011-09-29 02:20:00,11,9,29,2,20,940,73,AV RENE PANHARD,,,Nuit avec éclairage allumé,En agglomération,Hors intersection,Normale,Sans collision,,,,,,,,,,,5,2,1,1.0,7.0
201100051114,0011-09-30 10:00:00,11,9,30,10,0,940,34,AV DE LA CERISAIE,,,Plein jour,En agglomération,Hors intersection,Normale,Sans collision,,,,,,,,,,,1,2,1,1.0,7.0
201100051115,0011-10-01 14:10:00,11,10,1,14,10,940,73,RN 186,,,Plein jour,En agglomération,Hors intersection,Normale,Deux véhicules - arrière,,,,,,,,,,,1,2,1,1.0,2.0
201100051116,0011-10-01 16:30:00,11,10,1,16,30,940,73,GENERAL DE GAULLE (AV DU,,,Plein jour,En agglomération,Intersection en X,Normale,Deux véhicules - côté,,,,,,,,,,,1,2,2,1.0,3.0
201100051117,0011-10-03 11:45:00,11,10,3,11,45,940,73,VERSAILLES / VOI NOUVELL,,,Plein jour,En agglomération,Intersection en T,Normale,Deux véhicules - arrière,,,,,,,,,,,1,2,3,1.0,2.0
201100051118,0011-10-03 16:40:00,11,10,3,16,40,940,21,R DU PERE MAZURIE,,,Plein jour,En agglomération,Hors intersection,Normale,Trois véhicules et plus - en chaîne,,,,,,,,,,,1,2,1,1.0,4.0
201100051119,0011-10-03 18:15:00,11,10,3,18,15,940,73,ROOSEVELT / HUGO,,,Plein jour,En agglomération,Intersection en T,Normale,Deux véhicules - côté,,,,,,,,,,,1,2,3,1.0,3.0
201100051120,0011-10-09 20:10:00,11,10,9,20,10,940,65,NORMANDIE / NIMES,,,Nuit avec éclairage allumé,En agglomération,Intersection en T,Normale,Deux véhicules - côté,,,,,,,,,,,5,2,3,1.0,3.0
201100051121,0011-10-11 11:45:00,11,10,11,11,45,940,34,BARBUSSE / LECLERC,,,Plein jour,En agglomération,Intersection en X,Temps couvert,Deux véhicules - côté,,,,,,,,,,,1,2,2,8.0,3.0
201100051122,0011-10-13 16:45:00,11,10,13,16,45,940,65,R DES ROUTIERS,,,Plein jour,En agglomération,Hors intersection,Normale,Autre collision,,,,,,,,,,,1,2,1,1.0,6.0
201100051123,0011-10-17 07:45:00,11,10,17,7,45,940,73,AV DU DOCTEUR MARIE,,,Crépuscule ou aube,En agglomération,Hors intersection,Normale,Deux véhicules - frontale,,,,,,,,,,,2,2,1,1.0,1.0
201100051124,0011-10-18 18:00:00,11,10,18,18,0,940,73,BD DE STALINGRAD,,,Crépuscule ou aube,En agglomération,Hors intersection,Pluie légère,Deux véhicules - arrière,,,,,,,,,,,2,2,1,2.0,2.0
201100051125,0011-10-19 06:20:00,11,10,19,6,20,940,73,AV DU DOCTEUR MARIE,,,Nuit avec éclairage allumé,En agglomération,Hors intersection,Normale,Deux véhicules - arrière,,,,,,,,,,,5,2,1,1.0,2.0
201100051126,0011-10-19 08:40:00,11,10,19,8,40,940,38,R DE LA COSARDE,,,Plein jour,En agglomération,Hors intersection,Pluie légère,Deux véhicules - frontale,,,,,,,,,,,1,2,1,2.0,1.0
201100051127,0011-10-19 13:05:00,11,10,19,13,5,940,21,AV DE LA REPUBLIQUE,,,Plein jour,En agglomération,Hors intersection,Normale,Deux véhicules - côté,,,,,,,,,,,1,2,1,1.0,3.0
201100051128,0011-10-20 08:15:00,11,10,20,8,15,940,73,COUTURIER / TESSIER,,,Plein jour,En agglomération,Intersection en X,Normale,Autre collision,,,,,,,,,,,1,2,2,1.0,6.0
201100051129,0011-10-21 09:20:00,11,10,21,9,20,940,21,FLANDRE / 3 MARCHES,,,Plein jour,Hors agglomération,Intersection en X,Normale,Autre collision,,,,,,,,,,,1,1,2,1.0,6.0
201100051130,0011-10-21 13:00:00,11,10,21,13,0,940,21,CITE / CORDERIE,,,Plein jour,Hors agglomération,Intersection en T,Temps éblouissant,Sans collision,,,,,,,,,,,1,1,3,7.0,7.0
201100051131,0011-10-23 00:05:00,11,10,23,0,5,940,73,AV DE VERSAILLES,,,Nuit avec éclairage allumé,En agglomération,Hors intersection,Normale,Sans collision,,,,,,,,,,,5,2,1,1.0,7.0
201100051132,0011-10-23 17:50:00,11,10,23,17,50,940,38,BRIAND / BRONZAC,,,Plein jour,En agglomération,Intersection en T,Normale,Deux véhicules - côté,,,,,,,,,,,1,2,3,1.0,3.0
201100051133,0011-10-26 11:40:00,11,10,26,11,40,940,73,FONTAINEBLEAU - CAR BELL,,,Plein jour,En agglomération,Hors intersection,Normale,Deux véhicules - arrière,,,,,,,,,,,1,2,1,1.0,2.0
201100051134,0011-10-26 18:25:00,11,10,26,18,25,940,34,LIBERTE / PRES,,,Crépuscule ou aube,En agglomération,Intersection en T,Normale,Deux véhicules - côté,,,,,,,,,,,2,2,3,1.0,3.0
201100051135,0011-10-27 17:05:00,11,10,27,17,5,940,65,R DE LA GROSSE PIERRE,,,Plein jour,En agglomération,Hors intersection,Normale,Autre collision,,,,,,,,,,,1,2,1,1.0,6.0
201100051136,0011-10-28 06:40:00,11,10,28,6,40,940,65,AV CHARLES LINDBERGH,,,Nuit avec éclairage allumé,En agglomération,Hors intersection,Normale,Deux véhicules - arrière,,,,,,,,,,,5,2,1,1.0,2.0
201100051137,0011-10-28 17:20:00,11,10,28,17,20,940,38,AV DU GENERAL DE GAULLE,,,Plein jour,En agglomération,Hors intersection,Normale,Autre collision,,,,,,,,,,,1,2,1,1.0,6.0
201100051138,0011-10-29 16:10:00,11,10,29,16,10,940,73,VERSAILLES / ROBESPIERRE,,,Plein jour,En agglomération,Intersection en X,Normale,Deux véhicules - côté,,,,,,,,,,,1,2,2,1.0,3.0
201100051139,0011-11-03 10:00:00,11,11,3,10,0,940,21,STALINGRAD / REPUBLIQUE,,,Plein jour,Hors agglomération,Intersection en X,Pluie légère,Deux véhicules - côté,,,,,,,,,,,1,1,2,2.0,3.0
201100051140,0011-11-03 16:45:00,11,11,3,16,45,940,73,DE GAULLE / PLATEAU,,,Plein jour,En agglomération,Intersection en T,Pluie légère,Deux véhicules - frontale,,,,,,,,,,,1,2,3,2.0,1.0
201100051141,0011-11-03 17:20:00,11,11,3,17,20,940,73,AV DU DOCTEUR MARIE,,,Nuit avec éclairage allumé,En agglomération,Hors intersection,Pluie forte,Deux véhicules - frontale,,,,,,,,,,,5,2,1,3.0,1.0
201100051142,0011-11-04 21:00:00,11,11,4,21,0,940,73,RN 186,,,Nuit avec éclairage allumé,Hors agglomération,Autre intersection,Normale,Sans collision,,,,,,,,,,,5,1,9,1.0,7.0
201100051143,0011-11-06 04:10:00,11,11,6,4,10,940,21,ROOSEVELT / PARMENTIER,,,Nuit avec éclairage allumé,En agglomération,Intersection en T,Normale,Deux véhicules - côté,,,,,,,,,,,5,2,3,1.0,3.0
201100051144,0011-11-07 08:30:00,11,11,7,8,30,940,38,AV FLOUQUET,,,Plein jour,En agglomération,Hors intersection,Temps couvert,Deux véhicules - arrière,,,,,,,,,,,1,2,1,8.0,2.0
201100051145,0011-11-07 12:00:00,11,11,7,12,0,940,73,TESSIER / PANHARD,,,Plein jour,Hors agglomération,Intersection en X,Temps couvert,Deux véhicules - frontale,,,,,,,,,,,1,1,2,8.0,1.0
201100051146,0011-11-07 18:45:00,11,11,7,18,45,940,34,PAIX / GROUX,,,Crépuscule ou aube,En agglomération,Intersection en T,Pluie légère,Autre collision,,,,,,,,,,,2,2,3,2.0,6.0
201100051147,0011-11-08 19:30:00,11,11,8,19,30,940,65,CHE DES AVERNAISES,,,Nuit avec éclairage allumé,En agglomération,Hors intersection,Pluie légère,Autre collision,,,,,,,,,,,5,2,1,2.0,6.0
201100051148,0011-11-09 08:10:00,11,11,9,8,10,940,73,"72, AV RENE PANHARD",,,Plein jour,En agglomération,Hors intersection,Pluie légère,Sans collision,,,,,,,,,,,1,2,1,2.0,7.0
201100051149,0011-11-12 09:00:00,11,11,12,9,0,940,34,ZOLA / BARBUSSE,,,Plein jour,En agglomération,Intersection en X,Normale,Deux véhicules - arrière,,,,,,,,,,,1,2,2,1.0,2.0
201100051150,0011-11-12 17:55:00,11,11,12,17,55,940,73,DUPERREY / LIBERTE,,,Nuit sans éclairage public,En agglomération,Intersection en T,Normale,Autre collision,,,,,,,,,,,3,2,3,1.0,6.0
201100051151,0011-11-14 21:50:00,11,11,14,21,50,940,73,FONTAINEBLEAU / GAULLE,,,Nuit avec éclairage allumé,En agglomération,Giratoire,Normale,Sans collision,,,,,,,,,,,5,2,6,1.0,7.0
201100051152,0011-11-17 13:45:00,11,11,17,13,45,940,34,AV DU 8 MAI 1945,,,Plein jour,En agglomération,Hors intersection,Normale,Autre collision,,,,,,,,,,,1,2,1,1.0,6.0
201100051153,0011-11-17 19:00:00,11,11,17,19,0,940,38,FRESNES / VAILLANT,,,Nuit avec éclairage allumé,En agglomération,Intersection en T,Normale,Deux véhicules - côté,,,,,,,,,,,5,2,3,1.0,3.0
201100051154,0011-11-19 16:00:00,11,11,19,16,0,940,38,AV LARROUMES,,,Plein jour,En agglomération,Hors intersection,Normale,Deux véhicules - côté,,,,,,,,,,,1,2,1,1.0,3.0
201100051155,0011-11-20 02:15:00,11,11,20,2,15,940,65,PONT DES HALLES (R DU),,,Nuit avec éclairage allumé,En agglomération,Hors intersection,Normale,Autre collision,,,,,,,,,,,5,2,1,1.0,6.0
201100051156,0011-11-22 12:50:00,11,11,22,12,50,940,73,AV DE VERSAILLES,,,Plein jour,En agglomération,Hors intersection,Normale,Deux véhicules - arrière,,,,,,,,,,,1,2,1,1.0,2.0
201100051157,0011-11-22 18:45:00,11,11,22,18,45,940,73,AV DU GENERAL DE GAULLE,,,Nuit avec éclairage allumé,En agglomération,Hors intersection,Normale,Autre collision,,,,,,,,,,,5,2,1,1.0,6.0
201100051158,0011-11-25 12:15:00,11,11,25,12,15,940,21,ALAIN LE COZ,,,Plein jour,En agglomération,Hors intersection,Normale,Deux véhicules - frontale,,,,,,,,,,,1,2,1,1.0,1.0
201100051159,0011-11-25 14:30:00,11,11,25,14,30,940,34,R EMILE ZOLA,,,Plein jour,En agglomération,Hors intersection,Pluie légère,Deux véhicules - arrière,,,,,,,,,,,1,2,1,2.0,2.0
201100051160,0011-11-26 02:10:00,11,11,26,2,10,940,38,SANGNIER / BROSSOLETTE,,,Nuit avec éclairage allumé,En agglomération,Intersection en T,Normale,Sans collision,,,,,,,,,,,5,2,3,1.0,7.0
201100051161,0011-11-27 12:10:00,11,11,27,12,10,940,73,VERSAILLES / MULLER,,,Plein jour,En agglomération,Intersection en X,Normale,Deux véhicules - arrière,,,,,,,,,,,1,2,2,1.0,2.0
201100051162,0011-11-28 17:30:00,11,11,28,17,30,940,73,BD DU NORD,,,Nuit avec éclairage allumé,En agglomération,Hors intersection,Normale,Autre collision,,,,,,,,,,,5,2,1,1.0,6.0
201100051163,0011-11-28 20:45:00,11,11,28,20,45,940,38,BICETRE / CHEVILLY,,,Nuit avec éclairage allumé,En agglomération,Intersection en X,Normale,Autre collision,,,,,,,,,,,5,2,2,1.0,6.0
201100051164,0011-11-29 13:10:00,11,11,29,13,10,940,34,BD PASTEUR,,,Plein jour,Hors agglomération,Hors intersection,Normale,Autre collision,,,,,,,,,,,1,1,1,1.0,6.0
201100051165,0011-11-30 23:35:00,11,11,30,23,35,940,21,AV DE STALINGRAD,,,Nuit avec éclairage allumé,En agglomération,Hors intersection,Normale,Trois véhicules et plus - collisions multiples,,,,,,,,,,,5,2,1,1.0,5.0
201100051166,0011-12-02 12:35:00,11,12,2,12,35,940,73,R DES HAUTS FLOUVIERS,,,Plein jour,En agglomération,Hors intersection,Normale,Autre collision,,,,,,,,,,,1,2,1,1.0,6.0
201100051167,0011-12-02 19:00:00,11,12,2,19,0,940,73,AV DU LUXEMBOURG,,,Nuit avec éclairage allumé,En agglomération,Hors intersection,Normale,Deux véhicules - côté,,,,,,,,,,,5,2,1,1.0,3.0
201100051168,0011-12-05 07:50:00,11,12,5,7,50,940,65,CHARLES LINDBERGH (AV),,,Plein jour,Hors agglomération,Intersection en T,Temps couvert,Deux véhicules - frontale,,,,,,,,,,,1,1,3,8.0,1.0
201100051169,0011-12-05 09:25:00,11,12,5,9,25,940,65,CHARLES LINDBERGH (AV),,,Plein jour,En agglomération,Hors intersection,Pluie légère,Deux véhicules - côté,,,,,,,,,,,1,2,1,2.0,3.0
201100051170,0011-12-07 10:55:00,11,12,7,10,55,940,65,SOLETS (R DES),,,Plein jour,En agglomération,Intersection en T,Pluie légère,Trois véhicules et plus - collisions multiples,,,,,,,,,,,1,2,3,2.0,5.0
201100051171,0011-12-08 14:45:00,11,12,8,14,45,940,73,LUXEMBOURG (AV DU),,,Plein jour,En agglomération,Intersection en T,Temps couvert,Deux véhicules - côté,,,,,,,,,,,1,2,3,8.0,3.0
201100051172,0011-12-10 16:35:00,11,12,10,16,35,940,73,rond point d'Espagne,,,Plein jour,En agglomération,Intersection en X,Normale,Deux véhicules - côté,,,,,,,,,,,1,2,2,1.0,3.0
201100051173,0011-12-12 17:10:00,11,12,12,17,10,940,34,PASTEUR (BD),,,Nuit avec éclairage allumé,En agglomération,Hors intersection,Normale,Autre collision,,,,,,,,,,,5,2,1,1.0,6.0
201100051174,0011-12-13 15:45:00,11,12,13,15,45,940,21,STALINGRAD (AV DE),,,Plein jour,Hors agglomération,Intersection en T,Normale,Deux véhicules - côté,,,,,,,,,,,1,1,3,1.0,3.0
201100051175,0011-12-13 14:40:00,11,12,13,14,40,940,21,ILE DE FRANCE (QUAI),,,Plein jour,Hors agglomération,Hors intersection,Pluie légère,Deux véhicules - côté,,,,,,,,,,,1,1,1,2.0,3.0
201100051176,0011-12-14 17:10:00,11,12,14,17,10,940,38,"47, HENRI BARBUSSE (AV)",,,Nuit avec éclairage allumé,En agglomération,Hors intersection,Normale,Autre collision,,,,,,,,,,,5,2,1,1.0,6.0
201100051177,0011-12-14 20:45:00,11,12,14,20,45,940,73,JEAN JAURES (SEN),,,Nuit sans éclairage public,En agglomération,Intersection en T,Normale,Deux véhicules - côté,,,,,,,,,,,3,2,3,1.0,3.0
201100051178,0011-12-16 08:50:00,11,12,16,8,50,940,73,GENERAL DE GAULLE (AV DU,,,Crépuscule ou aube,En agglomération,Hors intersection,Pluie forte,Deux véhicules - arrière,,,,,,,,,,,2,2,1,3.0,2.0
201100051179,0011-12-17 09:45:00,11,12,17,9,45,940,34,DIVISION LECLERC (AV DE,,,Plein jour,En agglomération,Hors intersection,Normale,Autre collision,,,,,,,,,,,1,2,1,1.0,6.0
201100051180,0011-12-18 05:30:00,11,12,18,5,30,940,65,BALTARD (R),,,Nuit avec éclairage allumé,En agglomération,Intersection en T,Normale,Autre collision,,,,,,,,,,,5,2,3,1.0,6.0
201100051181,0011-12-18 12:55:00,11,12,18,12,55,940,65,FONTAINEBLEAU (AV DE),,,Plein jour,Hors agglomération,Hors intersection,Normale,Deux véhicules - arrière,,,,,,,,,,,1,1,1,1.0,2.0
201100051182,0011-12-19 01:35:00,11,12,19,1,35,940,73,RN 186,,,Nuit avec éclairage allumé,Hors agglomération,Hors intersection,Autre,Autre collision,,,,,,,,,,,5,1,1,9.0,6.0
201100051183,0011-12-19 16:00:00,11,12,19,16,0,940,73,"23, STALINGRAD (BD DE)",,,Crépuscule ou aube,En agglomération,Hors intersection,Pluie légère,Deux véhicules - arrière,,,,,,,,,,,2,2,1,2.0,2.0
201100051184,0011-12-21 17:20:00,11,12,21,17,20,940,73,ALOUETTES (R DES),,,Nuit avec éclairage allumé,En agglomération,Hors intersection,Pluie légère,Autre collision,,,,,,,,,,,5,2,1,2.0,6.0
201100051185,0011-12-21 19:00:00,11,12,21,19,0,940,21,PERE MAZURIE (R DU),,,Nuit avec éclairage allumé,En agglomération,Hors intersection,Pluie légère,Autre collision,,,,,,,,,,,5,2,1,2.0,6.0
201100051186,0011-12-22 11:20:00,11,12,22,11,20,940,73,RN 186,,,Plein jour,Hors agglomération,Autre intersection,Normale,Deux véhicules - côté,,,,,,,,,,,1,1,9,1.0,3.0
201100051187,0011-12-22 16:34:00,11,12,22,16,34,940,73,Boulevard du Nord,,,Plein jour,En agglomération,Hors intersection,Temps couvert,Autre collision,,,,,,,,,,,1,2,1,8.0,6.0
201100051188,0011-12-25 19:30:00,11,12,25,19,30,940,73,bld de l'europe,,,Nuit avec éclairage allumé,En agglomération,Hors intersection,Normale,Deux véhicules - frontale,,,,,,,,,,,5,2,1,1.0,1.0
201100051189,0011-12-26 18:10:00,11,12,26,18,10,940,38,HENRI BARBUSSE (AV),,,Nuit avec éclairage allumé,En agglomération,Hors intersection,Normale,Sans collision,,,,,,,,,,,5,2,1,1.0,7.0
201100051190,0011-12-30 05:50:00,11,12,30,5,50,940,73,RN 186,,,Nuit avec éclairage allumé,Hors agglomération,Hors intersection,Pluie forte,Sans collision,,,,,,,,,,,5,1,1,3.0,7.0
201100051191,0011-12-30 19:00:00,11,12,30,19,0,940,38,BICETRE (R DE),,,Nuit avec éclairage allumé,En agglomération,Intersection en T,Pluie légère,Autre collision,,,,,,,,,,,5,2,3,2.0,6.0
201100051192,0011-12-31 11:15:00,11,12,31,11,15,940,41,"18, ERNEST RENAN (R)",,,Plein jour,En agglomération,Hors intersection,Pluie légère,Deux véhicules - frontale,,,,,,,,,,,1,2,1,2.0,1.0
201100051193,0011-01-08 21:55:00,11,1,8,21,55,940,41,"103, GOSNAT",48.8118,2.38495,Nuit avec éclairage allumé,En agglomération,Hors intersection,Pluie légère,Sans collision,,,,,,,,,,,5,2,1,2.0,7.0
201100051194,0011-01-15 15:25:00,11,1,15,15,25,940,41,"32, BARBES",48.8169,2.37135,Plein jour,En agglomération,Hors intersection,Normale,Deux véhicules - arrière,,,,,,,,,,,1,2,1,1.0,2.0
201100051195,0011-01-16 05:30:00,11,1,16,5,30,940,41,"65, GEORGES GOSNAT",48.8146,2.39063,Nuit avec éclairage allumé,En agglomération,Hors intersection,Normale,Sans collision,,,,,,,,,,,5,2,1,1.0,7.0
201100051196,0011-01-23 06:30:00,11,1,23,6,30,940,41,"46, BARBES",48.8164,2.37008,Plein jour,En agglomération,Hors intersection,Normale,Sans collision,,,,,,,,,,,1,2,1,1.0,7.0
201100051197,0011-01-23 20:09:00,11,1,23,20,9,940,41,"29, JEAN JAURES",48.8119,2.40297,Nuit avec éclairage allumé,En agglomération,Hors intersection,Normale,Deux véhicules - arrière,,,,,,,,,,,5,2,1,1.0,2.0
201100051198,0011-01-26 17:00:00,11,1,26,17,0,940,41,"19, COUTURIER",48.8201,2.39564,Plein jour,En agglomération,Hors intersection,Pluie légère,Trois véhicules et plus - en chaîne,,,,,,,,,,,1,2,1,2.0,4.0
201100051199,0011-01-25 19:25:00,11,1,25,19,25,940,41,"75, VERDUN",48.813,2.37025,Nuit avec éclairage allumé,En agglomération,Hors intersection,Normale,Autre collision,,,,,,,,,,,5,2,1,1.0,6.0
201100051200,0011-01-25 18:35:00,11,1,25,18,35,940,41,"47, DESHAIES",48.8181,2.40143,Nuit avec éclairage allumé,En agglomération,Hors intersection,Normale,Sans collision,,,,,,,,,,,5,2,1,1.0,7.0
201100051201,0011-01-30 02:35:00,11,1,30,2,35,940,41,JAURES / GUNSBOURG,48.8116,2.40305,Nuit avec éclairage allumé,En agglomération,Intersection en X,Normale,Deux véhicules - côté,,,,,,,,,,,5,2,2,1.0,3.0
201100051202,0011-02-01 08:25:00,11,2,1,8,25,940,41,"43, R ERNEST RENAN",48.8072,2.39975,Plein jour,En agglomération,Hors intersection,Normale,Sans collision,,,,,,,,,,,1,2,1,1.0,7.0
201100051203,0011-02-01 16:45:00,11,2,1,16,45,940,41,1944 / BRANDEBOURG,48.8146,2.3969,Plein jour,En agglomération,Place,Normale,Trois véhicules et plus - collisions multiples,,,,,,,,,,,1,2,7,1.0,5.0
201100051204,0011-02-01 23:55:00,11,2,1,23,55,940,41,"42, R VICTOR HUGO",48.8208,2.38888,Nuit avec éclairage allumé,En agglomération,Hors intersection,Autre,Sans collision,,,,,,,,,,,5,2,1,9.0,7.0
201100051205,0011-02-09 17:40:00,11,2,9,17,40,940,41,"12, THOREZ",48.819,2.37386,Plein jour,En agglomération,Hors intersection,Temps couvert,Autre collision,,,,,,,,,,,1,2,1,8.0,6.0
201100051206,0011-02-21 20:20:00,11,2,21,20,20,940,41,"22, JEAN-BAPTISTE RENOUL",48.8038,2.39303,Nuit sans éclairage public,En agglomération,Hors intersection,Normale,Deux véhicules - arrière,,,,,,,,,,,3,2,1,1.0,2.0
201100051207,0011-02-21 20:15:00,11,2,21,20,15,940,41,"98, GOSNAT",48.8118,2.38495,Nuit avec éclairage allumé,En agglomération,Hors intersection,Pluie légère,Autre collision,,,,,,,,,,,5,2,1,2.0,6.0
201100051208,0011-02-25 21:45:00,11,2,25,21,45,940,41,"52, JAURES",48.8107,2.40331,Nuit avec éclairage allumé,En agglomération,Hors intersection,Normale,Sans collision,,,,,,,,,,,5,2,1,1.0,7.0
201100051209,0011-02-03 14:45:00,11,2,3,14,45,940,41,RASPAIL / TRUILLOT,48.81,2.38969,Plein jour,En agglomération,Intersection en X,Normale,Deux véhicules - côté,,,,,,,,,,,1,2,2,1.0,3.0
201100051210,0011-03-02 11:40:00,11,3,2,11,40,940,41,R FRANCOIS MITTERRAND,48.8235,2.38816,Plein jour,En agglomération,Hors intersection,Normale,Sans collision,,,,,,,,,,,1,2,1,1.0,7.0
201100051211,0011-03-07 17:20:00,11,3,7,17,20,940,41,AV DE LA REPUBLIQUE,48.8057,2.39344,Plein jour,En agglomération,Hors intersection,Normale,Autre collision,,,,,,,,,,,1,2,1,1.0,6.0
201100051212,0011-03-15 12:15:00,11,3,15,12,15,940,41,"179, BD DE STALINGRAD",48.8062,2.37538,Plein jour,En agglomération,Hors intersection,Normale,Autre collision,,,,,,,,,,,1,2,1,1.0,6.0
201100051213,0011-03-16 12:10:00,11,3,16,12,10,940,41,"98,AV DANIELLE CASANOVA",48.8161,2.38272,Plein jour,En agglomération,Hors intersection,Normale,Deux véhicules - côté,,,,,,,,,,,1,2,1,1.0,3.0
201100051214,0011-03-16 19:20:00,11,3,16,19,20,940,41,"121, AV MAURICE THOREZ",48.8156,2.37756,Nuit avec éclairage allumé,En agglomération,Hors intersection,Normale,Autre collision,,,,,,,,,,,5,2,1,1.0,6.0
201100051215,0011-03-16 19:25:00,11,3,16,19,25,940,41,SAINT-JUST / GUIGNOIS,48.8123,2.39177,Nuit avec éclairage allumé,En agglomération,Intersection en X,Normale,Autre collision,,,,,,,,,,,5,2,2,1.0,6.0
201100051216,0011-03-27 06:55:00,11,3,27,6,55,940,41,BOYER / BRUNESEAU,48.8251,2.38877,Crépuscule ou aube,En agglomération,Intersection en T,Normale,Deux véhicules - arrière,,,,,,,,,,,2,2,3,1.0,2.0
201100051217,0011-03-23 13:50:00,11,3,23,13,50,940,41,AV DANIELLE CASANOVA,48.8171,2.38198,Plein jour,En agglomération,Hors intersection,Normale,Autre collision,,,,,,,,,,,1,2,1,1.0,6.0
201100051218,0011-03-31 22:05:00,11,3,31,22,5,940,41,AV GEORGES GOSNAT,48.8149,2.3912,Nuit avec éclairage allumé,En agglomération,Hors intersection,Normale,Autre collision,,,,,,,,,,,5,2,1,1.0,6.0
201100051219,0011-04-02 01:40:00,11,4,2,1,40,940,41,AV GEORGES GOSNAT,48.8116,2.3845,Nuit avec éclairage allumé,En agglomération,Hors intersection,Normale,Sans collision,,,,,,,,,,,5,2,1,1.0,7.0
201100051220,0011-04-13 08:25:00,11,4,13,8,25,940,41,AV DE VERDUN,48.8131,2.37016,Plein jour,En agglomération,Hors intersection,Normale,Deux véhicules - côté,,,,,,,,,,,1,2,1,1.0,3.0
201100051221,0011-04-16 04:40:00,11,4,16,4,40,940,41,AV GEORGES GOSNAT,48.8122,2.38593,Nuit avec éclairage allumé,En agglomération,Hors intersection,Normale,Deux véhicules - côté,,,,,,,,,,,5,2,1,1.0,3.0
201100051222,0011-04-18 17:10:00,11,4,18,17,10,940,41,GOSNAT / SPINOZA,48.8133,2.38834,Plein jour,En agglomération,Intersection en T,Normale,Deux véhicules - côté,,,,,,,,,,,1,2,3,1.0,3.0
201100051223,0011-04-20 06:50:00,11,4,20,6,50,940,41,BD DE BRANDEBOURG,48.8146,2.39433,Plein jour,En agglomération,Hors intersection,Normale,Deux véhicules - arrière,,,,,,,,,,,1,2,1,1.0,2.0
201100051224,0011-04-19 17:00:00,11,4,19,17,0,940,41,R JEAN JACQUES ROUSSEAU,48.8178,2.39414,Plein jour,En agglomération,Hors intersection,Normale,Sans collision,,,,,,,,,,,1,2,1,1.0,7.0
201100051225,0011-04-20 11:55:00,11,4,20,11,55,940,41,BD DU COLONEL FABIEN,48.8146,2.40367,Plein jour,En agglomération,Hors intersection,Normale,Deux véhicules - côté,,,,,,,,,,,1,2,1,1.0,3.0
201100051226,0011-04-21 18:20:00,11,4,21,18,20,940,41,VAILLANT COUTURIER,48.8198,2.39593,Plein jour,En agglomération,Hors intersection,Normale,Deux véhicules - côté,,,,,,,,,,,1,2,1,1.0,3.0
201100051227,0011-04-23 13:47:00,11,4,23,13,47,940,41,PARKING CC GRAND CIEL,48.8205,2.39349,Plein jour,En agglomération,Hors intersection,Autre,Autre collision,,,,,,,,,,,1,2,1,9.0,6.0
201100051228,0011-04-23 09:55:00,11,4,23,9,55,940,41,HUON / LAMANT,48.8043,2.38562,Plein jour,En agglomération,Intersection en X,Normale,Deux véhicules - côté,,,,,,,,,,,1,2,2,1.0,3.0
201100051229,0011-04-27 19:45:00,11,4,27,19,45,940,41,BERTRAND / CASANOVA,48.8176,2.38157,Plein jour,En agglomération,Intersection à plus de 4 branches,Temps éblouissant,Autre collision,,,,,,,,,,,1,2,5,7.0,6.0
201100051230,0011-04-30 06:40:00,11,4,30,6,40,940,41,WESTERMEYER / COUTURIER,48.8189,2.39696,Crépuscule ou aube,En agglomération,Intersection en X,Normale,Deux véhicules - côté,,,,,,,,,,,2,2,2,1.0,3.0
201100051231,0011-05-03 09:55:00,11,5,3,9,55,940,41,"61, AV DANIELLE CASANOVA",48.8158,2.38304,Plein jour,En agglomération,Intersection en X,Normale,Autre collision,,,,,,,,,,,1,2,2,1.0,6.0
201100051232,0011-05-09 17:29:00,11,5,9,17,29,940,41,"7, R GABRIEL PERI",48.8128,2.38375,Plein jour,En agglomération,Hors intersection,Normale,Deux véhicules - arrière,,,,,,,,,,,1,2,1,1.0,2.0
201100051233,0011-05-12 17:30:00,11,5,12,17,30,940,41,"13, R EDMEE GUILLOU",48.8166,2.39941,Plein jour,En agglomération,Hors intersection,Normale,Autre collision,,,,,,,,,,,1,2,1,1.0,6.0
201100051234,0011-05-13 14:40:00,11,5,13,14,40,940,41,"2, AV DE VERDUN",48.8173,2.36688,Plein jour,En agglomération,Hors intersection,Normale,Deux véhicules - arrière,,,,,,,,,,,1,2,1,1.0,2.0