accident_id,datetime,annee,mois,jour,heure,minute,departement,commune_insee,adresse,latitude,longitude,luminosite,agglomeration,intersection,meteo,collision,nb_vehicules,nb_usagers,nb_indemnes,nb_tues,nb_blesses_hosp,nb_blesses_legers,age_cond_1,age_cond_2,veh_type_cond_1,veh_type_cond_2,lum_code,agg_code,int_code,atm_code,col_code
201100051360,0011-08-16 19:30:00,11,8,16,19,30,940,46,LECLERC / REPUBLIQUE,48.8058,2.44087,Plein jour,En agglomération,Intersection en X,Normale,Autre collision,,,,,,,,,,,1,2,2,1.0,6.0
201100051361,0011-08-30 19:15:00,11,8,30,19,15,940,46,DE GAULLE / AMARYLLIS,48.8125,2.42216,Plein jour,En agglomération,Intersection en T,Normale,Autre collision,,,,,,,,,,,1,2,3,1.0,6.0
201100051362,0011-09-15 14:45:00,11,9,15,14,45,940,46,LECLERC / BERT,,,Plein jour,En agglomération,Intersection en T,Normale,Deux véhicules - arrière,,,,,,,,,,,1,2,3,1.0,2.0
201100051363,0011-09-22 10:55:00,11,9,22,10,55,940,46,AUROCHS / LECLERC,,,Plein jour,En agglomération,Intersection en T,Normale,Deux véhicules - côté,,,,,,,,,,,1,2,3,1.0,3.0
201100051364,0011-09-24 15:30:00,11,9,24,15,30,940,46,VINCENNES / GAMBETTA,,,Plein jour,En agglomération,Intersection en X,Normale,Deux véhicules - côté,,,,,,,,,,,1,2,2,1.0,3.0
201100051365,0011-09-28 10:20:00,11,9,28,10,20,940,46,CLEMENCEAU / FONTAINE,,,Plein jour,En agglomération,Intersection en X,Normale,Deux véhicules - côté,,,,,,,,,,,1,2,2,1.0,3.0
201100051366,0011-09-28 15:45:00,11,9,28,15,45,940,46,REPUBLIQUE / CONDORCET,,,Plein jour,En agglomération,Intersection en X,Normale,Deux véhicules - arrière,,,,,,,,,,,1,2,2,1.0,2.0
201100051367,0011-09-30 16:05:00,11,9,30,16,5,940,46,REPUBLIQUE / VINCENNES,,,Plein jour,En agglomération,Intersection en X,Normale,Deux véhicules - côté,,,,,,,,,,,1,2,2,1.0,3.0
201100051368,0011-09-30 10:30:00,11,9,30,10,30,940,46,REPUBLIQUE / VINCENNES,,,Plein jour,En agglomération,Intersection en X,Normale,Deux véhicules - côté,,,,,,,,,,,1,2,2,1.0,3.0
201100051369,0011-10-07 09:45:00,11,10,7,9,45,940,46,AV DU GENERAL DE GAULLE,,,Plein jour,En agglomération,Hors intersection,Normale,Autre collision,,,,,,,,,,,1,2,1,1.0,6.0
201100051370,0011-10-07 16:45:00,11,10,7,16,45,940,46,LECLERC / REPUBLIQUE,,,Plein jour,En agglomération,Intersection en X,Pluie légère,Deux véhicules - côté,,,,,,,,,,,1,2,2,2.0,3.0
201100051371,0011-10-14 10:05:00,11,10,14,10,5,940,46,BLUM / CADIOT,,,Plein jour,En agglomération,Intersection en X,Normale,Deux véhicules - côté,,,,,,,,,,,1,2,2,1.0,3.0
201100051372,0011-10-15 13:50:00,11,10,15,13,50,940,46,CADIOT / BLUM,,,Plein jour,En agglomération,Intersection en X,Normale,Sans collision,,,,,,,,,,,1,2,2,1.0,7.0
201100051373,0011-10-16 06:05:00,11,10,16,6,5,940,46,AV DE VERDUN,,,Crépuscule ou aube,En agglomération,Hors intersection,Normale,Autre collision,,,,,,,,,,,2,2,1,1.0,6.0
201100051374,0011-10-18 15:30:00,11,10,18,15,30,940,46,AV DU GENERAL LECLERC,,,Plein jour,En agglomération,Hors intersection,Pluie légère,Deux véhicules - côté,,,,,,,,,,,1,2,1,2.0,3.0
201100051375,0011-10-20 07:50:00,11,10,20,7,50,940,46,AV DU GENERAL DE GAULLE,,,Crépuscule ou aube,En agglomération,Hors intersection,Normale,Autre collision,,,,,,,,,,,2,2,1,1.0,6.0
201100051376,0011-11-03 12:40:00,11,11,3,12,40,940,46,REPUBLIQUE / BORDEAUX,,,Plein jour,En agglomération,Intersection en X,Pluie légère,Deux véhicules - côté,,,,,,,,,,,1,2,2,2.0,3.0
201100051377,0011-11-04 16:40:00,11,11,4,16,40,940,46,GAMBETTA / PERI,,,Plein jour,En agglomération,Intersection en X,Normale,Deux véhicules - côté,,,,,,,,,,,1,2,2,1.0,3.0
201100051378,0011-11-08 07:40:00,11,11,8,7,40,940,46,SIMON / DEPLANQUE,,,Crépuscule ou aube,En agglomération,Intersection en X,Normale,Autre collision,,,,,,,,,,,2,2,2,1.0,6.0
201100051379,0011-11-08 19:25:00,11,11,8,19,25,940,46,CONVENTION / JEMMAPES,,,Nuit avec éclairage allumé,En agglomération,Intersection en X,Pluie légère,Deux véhicules - côté,,,,,,,,,,,5,2,2,2.0,3.0
201100051380,0011-11-09 17:25:00,11,11,9,17,25,940,46,"17, AV DU GENERAL LECLER",,,Crépuscule ou aube,En agglomération,Hors intersection,Normale,Autre collision,,,,,,,,,,,2,2,1,1.0,6.0
201100051381,0011-11-16 17:30:00,11,11,16,17,30,940,46,"3, AV LEON BLUM",,,Nuit avec éclairage allumé,En agglomération,Hors intersection,Normale,Deux véhicules - côté,,,,,,,,,,,5,2,1,1.0,3.0
201100051382,0011-11-17 10:10:00,11,11,17,10,10,940,46,"10, AV DE LA LIBERTE",,,Plein jour,En agglomération,Hors intersection,Normale,Autre collision,,,,,,,,,,,1,2,1,1.0,6.0
201100051383,0011-11-22 15:00:00,11,11,22,15,0,940,46,CECILE / VINCENNES,,,Plein jour,En agglomération,Intersection en X,Normale,Deux véhicules - côté,,,,,,,,,,,1,2,2,1.0,3.0
201100051384,0011-11-22 16:55:00,11,11,22,16,55,940,46,AV DU PROFESSEUR CADIOT,,,Plein jour,En agglomération,Intersection en X,Normale,Deux véhicules - arrière,,,,,,,,,,,1,2,2,1.0,2.0
201100051385,0011-11-23 17:10:00,11,11,23,17,10,940,46,AV DE LA REPUBLIQUE,,,Crépuscule ou aube,En agglomération,Hors intersection,Normale,Deux véhicules - arrière,,,,,,,,,,,2,2,1,1.0,2.0
201100051386,0011-11-24 16:40:00,11,11,24,16,40,940,46,RENAULT / BOURGELAT,,,Plein jour,En agglomération,Intersection en X,Normale,Deux véhicules - côté,,,,,,,,,,,1,2,2,1.0,3.0
201100051387,0011-11-24 12:15:00,11,11,24,12,15,940,46,REPUBLIQUE / CADIOT,,,Plein jour,En agglomération,Intersection en X,Normale,Deux véhicules - côté,,,,,,,,,,,1,2,2,1.0,3.0
201100051388,0011-11-28 22:05:00,11,11,28,22,5,940,46,AV DU GENERAL DE GAULLE,,,Nuit avec éclairage allumé,En agglomération,Hors intersection,Normale,Autre collision,,,,,,,,,,,5,2,1,1.0,6.0
201100051389,0011-11-30 15:30:00,11,11,30,15,30,940,46,R EUGENE RENAULT,,,Plein jour,En agglomération,Hors intersection,Normale,Deux véhicules - arrière,,,,,,,,,,,1,2,1,1.0,2.0
201100051390,0011-12-02 09:55:00,11,12,2,9,55,940,46,"103, R JEAN JAURES",,,Plein jour,En agglomération,Hors intersection,Temps couvert,Sans collision,,,,,,,,,,,1,2,1,8.0,7.0
201100051391,0011-12-02 16:40:00,11,12,2,16,40,940,46,"83, AV DE LA REPUBLIQUE",,,Crépuscule ou aube,En agglomération,Hors intersection,Normale,Autre collision,,,,,,,,,,,2,2,1,1.0,6.0
201100051392,0011-12-07 13:20:00,11,12,7,13,20,940,46,"32, GENERAL DE GAULLE (A",,,Plein jour,En agglomération,Hors intersection,Normale,Deux véhicules - côté,,,,,,,,,,,1,2,1,1.0,3.0
201100051393,0011-12-07 17:15:00,11,12,7,17,15,940,46,"09, GENERAL LECLERC (AV",,,Nuit avec éclairage allumé,En agglomération,Hors intersection,Pluie légère,Deux véhicules - arrière,,,,,,,,,,,5,2,1,2.0,2.0
201100051394,0011-12-19 21:00:00,11,12,19,21,0,940,46,"., JOSEPH FLEUTIAUX (R)",,,Nuit avec éclairage allumé,En agglomération,Hors intersection,Pluie légère,Autre collision,,,,,,,,,,,5,2,1,2.0,6.0
201100051395,0011-01-02 12:00:00,11,1,2,12,0,940,52,STRASBOURG / LAURENT,48.8419,2.48377,Plein jour,En agglomération,Intersection en T,Pluie légère,Deux véhicules - côté,,,,,,,,,,,1,2,3,2.0,3.0
201100051396,0011-01-05 09:20:00,11,1,5,9,20,940,58,EPARGNE / LORRAINE,48.8519,2.5091,Plein jour,En agglomération,Intersection en X,Normale,Autre collision,,,,,,,,,,,1,2,2,1.0,6.0
201100051397,0011-01-06 08:20:00,11,1,6,8,20,940,52,"2TER, HOCHE",48.8337,2.49048,Nuit avec éclairage allumé,En agglomération,Hors intersection,Pluie légère,Deux véhicules - côté,,,,,,,,,,,5,2,1,2.0,3.0
201100051398,0011-01-06 23:40:00,11,1,6,23,40,940,52,PONT DE NOGENT,48.8316,2.49318,Nuit avec éclairage allumé,En agglomération,Hors intersection,Pluie légère,Deux véhicules - côté,,,,,,,,,,,5,2,1,2.0,3.0
201100051399,0011-01-14 18:35:00,11,1,14,18,35,940,58,"197,  GAULLE / RECOURAT",48.8466,2.4993,Crépuscule ou aube,En agglomération,Intersection en X,Pluie légère,Deux véhicules - côté,,,,,,,,,,,2,2,2,2.0,3.0
201100051400,0011-01-16 13:15:00,11,1,16,13,15,940,52,"7, STRASBOURG",48.8359,2.47467,Plein jour,En agglomération,Hors intersection,Normale,Deux véhicules - arrière,,,,,,,,,,,1,2,1,1.0,2.0
201100051401,0011-01-16 16:15:00,11,1,16,16,15,940,58,FOCH / NAVARRE,48.8329,2.50213,Plein jour,En agglomération,Intersection en X,Normale,Deux véhicules - côté,,,,,,,,,,,1,2,2,1.0,3.0
201100051402,0011-01-17 13:20:00,11,1,17,13,20,940,58,"48, BRY /  LIBERTE",48.8353,2.49785,Plein jour,En agglomération,Intersection en X,Normale,Deux véhicules - côté,,,,,,,,,,,1,2,2,1.0,3.0
201100051403,0011-01-18 20:20:00,11,1,18,20,20,940,58,ROLLIN / THIONVILLE,48.8404,2.49742,Nuit avec éclairage allumé,En agglomération,Intersection en Y,Normale,Deux véhicules - arrière,,,,,,,,,,,5,2,4,1.0,2.0
201100051404,0011-01-20 11:50:00,11,1,20,11,50,940,52,CLEMENCEAU / MARRONNIERS,48.836,2.47144,Plein jour,Hors agglomération,Intersection en Y,Normale,Deux véhicules - côté,,,,,,,,,,,1,1,4,1.0,3.0
201100051405,0011-01-25 09:15:00,11,1,25,9,15,940,52,COMMUNES / BAPAUME,48.8401,2.47318,Plein jour,En agglomération,Intersection en T,Normale,Deux véhicules - côté,,,,,,,,,,,1,2,3,1.0,3.0
201100051406,0011-01-27 12:50:00,11,1,27,12,50,940,42,"11, PARIS",48.8168,2.46797,Plein jour,En agglomération,Hors intersection,Temps couvert,Deux véhicules - côté,,,,,,,,,,,1,2,1,8.0,3.0
201100051407,0011-01-29 19:15:00,11,1,29,19,15,940,58,"232, BROSSOLETTE",48.8343,2.51452,Nuit avec éclairage allumé,En agglomération,Hors intersection,Normale,Deux véhicules - côté,,,,,,,,,,,5,2,1,1.0,3.0
201100051408,0011-02-02 01:00:00,11,2,2,1,0,940,15,BD GEORGES MELIES,48.8331,2.53244,Nuit avec éclairage allumé,En agglomération,Hors intersection,Autre,Sans collision,,,,,,,,,,,5,2,1,9.0,7.0
201100051409,0011-01-29 14:15:00,11,1,29,14,15,940,58,DE GAULLE / ROLLIN,48.8432,2.50342,Plein jour,En agglomération,Intersection en X,Normale,Autre collision,,,,,,,,,,,1,2,2,1.0,6.0
201100051410,0011-02-05 18:30:00,11,2,5,18,30,940,52,STRASBOURG / MANESSIER,48.8391,2.47952,Nuit avec éclairage allumé,En agglomération,Intersection en T,Normale,Autre collision,,,,,,,,,,,5,2,3,1.0,6.0
201100051411,0011-02-08 20:00:00,11,2,8,20,0,940,15,"126, LECLERC",48.8281,2.51296,Nuit avec éclairage allumé,En agglomération,Hors intersection,Normale,Autre collision,,,,,,,,,,,5,2,1,1.0,6.0
201100051412,0011-02-09 11:20:00,11,2,9,11,20,940,52,STRASBOURG/BERT,48.8401,2.48098,Plein jour,En agglomération,Intersection en X,Normale,Autre collision,,,,,,,,,,,1,2,2,1.0,6.0
201100051413,0011-02-13 14:10:00,11,2,13,14,10,940,15,PASTEUR / CAMILLIENS,48.8326,2.52766,Plein jour,En agglomération,Intersection en X,Normale,Deux véhicules - côté,,,,,,,,,,,1,2,2,1.0,3.0
201100051414,0011-03-01 08:50:00,11,3,1,8,50,940,58,"252, GENERAL DE GAULLE",48.849,2.49631,Plein jour,En agglomération,Hors intersection,Normale,Autre collision,,,,,,,,,,,1,2,1,1.0,6.0
201100051415,0011-03-01 16:50:00,11,3,1,16,50,940,52,DE GAULLE / VAILLANT,48.8383,2.49082,Plein jour,En agglomération,Intersection à plus de 4 branches,Normale,Deux véhicules - côté,,,,,,,,,,,1,2,5,1.0,3.0
201100051416,0011-03-03 17:15:00,11,3,3,17,15,940,42,"76, AV GALLIENI",48.82,2.48169,Plein jour,En agglomération,Hors intersection,Normale,Autre collision,,,,,,,,,,,1,2,1,1.0,6.0
201100051417,0011-03-04 08:00:00,11,3,4,8,0,940,58,"80, PIERRE BROSSOLETTE",48.8352,2.50026,Plein jour,En agglomération,Hors intersection,Normale,Deux véhicules - côté,,,,,,,,,,,1,2,1,1.0,3.0
201100051418,0011-03-07 18:10:00,11,3,7,18,10,940,15,"34, AV DE RIGNY",48.8375,2.5185,Crépuscule ou aube,En agglomération,Hors intersection,Normale,Deux véhicules - frontale,,,,,,,,,,,2,2,1,1.0,1.0
201100051419,0011-03-07 21:00:00,11,3,7,21,0,940,52,BD DE STRASBOURG,48.8464,2.49113,Nuit avec éclairage allumé,En agglomération,Hors intersection,Normale,Deux véhicules - côté,,,,,,,,,,,5,2,1,1.0,3.0
201100051420,0011-03-08 17:45:00,11,3,8,17,45,940,42,"38, R DE PARIS",48.8173,2.46715,Plein jour,En agglomération,Hors intersection,Normale,Deux véhicules - arrière,,,,,,,,,,,1,2,1,1.0,2.0
201100051421,0011-03-10 13:30:00,11,3,10,13,30,940,15,"67, AV DE RIGNY",48.8467,2.52287,Plein jour,En agglomération,Hors intersection,Normale,Deux véhicules - côté,,,,,,,,,,,1,2,1,1.0,3.0
201100051422,0011-03-10 08:50:00,11,3,10,8,50,940,42,BD DU MARECHAL LECLERC,48.8143,2.46804,Plein jour,En agglomération,Hors intersection,Normale,Deux véhicules - côté,,,,,,,,,,,1,2,1,1.0,3.0
201100051423,0011-03-11 19:00:00,11,3,11,19,0,940,52,"1,R DE LA GARE",48.8392,2.49213,Nuit avec éclairage allumé,En agglomération,Hors intersection,Normale,Autre collision,,,,,,,,,,,5,2,1,1.0,6.0
201100051424,0011-03-14 17:15:00,11,3,14,17,15,940,58,AV DU 8 MAI 1945,48.8512,2.51069,Plein jour,En agglomération,Hors intersection,Normale,Autre collision,,,,,,,,,,,1,2,1,1.0,6.0
201100051425,0011-03-15 17:15:00,11,3,15,17,15,940,58,"58, BD FOCH",48.8326,2.50485,Plein jour,En agglomération,Hors intersection,Normale,Deux véhicules - arrière,,,,,,,,,,,1,2,1,1.0,2.0
201100051426,0011-03-16 00:25:00,11,3,16,0,25,940,42,VERDUN / FOCH,48.8204,2.47427,Nuit avec éclairage allumé,En agglomération,Place,Normale,Deux véhicules - côté,,,,,,,,,,,5,2,7,1.0,3.0
201100051427,0011-03-25 08:33:00,11,3,25,8,33,940,52,MOQUET / THIERS,48.8384,2.4846,Plein jour,En agglomération,Intersection en X,Normale,Deux véhicules - côté,,,,,,,,,,,1,2,2,1.0,3.0
201100051428,0011-03-27 15:50:00,11,3,27,15,50,940,15,BD PASTEUR,48.8405,2.5289,Plein jour,En agglomération,Intersection en X,Normale,Deux véhicules - frontale,,,,,,,,,,,1,2,2,1.0,1.0
201100051429,0011-03-28 23:30:00,11,3,28,23,30,940,52,"NON COMMUN, PONT DE NOGE",48.8313,2.49299,Nuit avec éclairage allumé,Hors agglomération,Hors intersection,Normale,Deux véhicules - côté,,,,,,,,,,,5,1,1,1.0,3.0
201100051430,0011-04-01 09:05:00,11,4,1,9,5,940,52,R DE COULMIERS,48.842,2.49172,Plein jour,En agglomération,Hors intersection,Normale,Deux véhicules - côté,,,,,,,,,,,1,2,1,1.0,3.0
201100051431,0011-04-02 09:25:00,11,4,2,9,25,940,15,MELIES / PASTEUR,48.8325,2.53124,Plein jour,En agglomération,Intersection en X,Normale,Deux véhicules - arrière,,,,,,,,,,,1,2,2,1.0,2.0
201100051432,0011-04-06 09:30:00,11,4,6,9,30,940,58,AV LEDRU ROLLIN,48.8394,2.49616,Plein jour,En agglomération,Hors intersection,Normale,Deux véhicules - côté,,,,,,,,,,,1,2,1,1.0,3.0
201100051433,0011-04-06 13:20:00,11,4,6,13,20,940,52,ALBERT 1ER / KABLE,48.8355,2.49405,Plein jour,En agglomération,Intersection en X,Normale,Deux véhicules - arrière,,,,,,,,,,,1,2,2,1.0,2.0
201100051434,0011-04-08 18:00:00,11,4,8,18,0,940,42,JOHN FITZGERALD KENNEDY,48.8166,2.4659,Plein jour,En agglomération,Hors intersection,Normale,Trois véhicules et plus - en chaîne,,,,,,,,,,,1,2,1,1.0,4.0
201100051435,0011-04-10 20:45:00,11,4,10,20,45,940,42,BD DE L'EUROPE,48.8144,2.4639,Nuit avec éclairage allumé,En agglomération,Hors intersection,Normale,Sans collision,,,,,,,,,,,5,2,1,1.0,7.0
201100051436,0011-05-07 15:00:00,11,5,7,15,0,940,58,L'ALMA / MARIGNY,48.8362,2.50384,Plein jour,En agglomération,Intersection en X,Normale,Deux véhicules - côté,,,,,,,,,,,1,2,2,1.0,3.0
201100051437,0011-04-22 09:15:00,11,4,22,9,15,940,42,R DE PARIS,48.8196,2.46459,Plein jour,En agglomération,Hors intersection,Normale,Deux véhicules - arrière,,,,,,,,,,,1,2,1,1.0,2.0
201100051438,0011-04-27 09:05:00,11,4,27,9,5,940,58,BROSSOLETTE / QUO VADIS,48.8352,2.49955,Plein jour,En agglomération,Intersection en T,Normale,Deux véhicules - côté,,,,,,,,,,,1,2,3,1.0,3.0
201100051439,0011-03-22 15:00:00,11,3,22,15,0,940,42,"34, R CHAPSAL",48.823,2.46558,Plein jour,En agglomération,Hors intersection,Normale,Sans collision,,,,,,,,,,,1,2,1,1.0,7.0
201100051440,0011-05-04 13:30:00,11,5,4,13,30,940,52,"148, BD DE STRASBOURG",48.8456,2.48982,Plein jour,En agglomération,Hors intersection,Normale,Deux véhicules - côté,,,,,,,,,,,1,2,1,1.0,3.0
201100051441,0011-05-05 17:30:00,11,5,5,17,30,940,42,"13, R DE PARIS",48.8171,2.46754,Plein jour,En agglomération,Hors intersection,Normale,Deux véhicules - arrière,,,,,,,,,,,1,2,1,1.0,2.0
201100051442,0011-05-07 15:00:00,11,5,7,15,0,940,58,BRIDOU / L'ALMA,48.8362,2.50384,Plein jour,En agglomération,Intersection en X,Normale,Deux véhicules - côté,,,,,,,,,,,1,2,2,1.0,3.0
201100051443,0011-05-09 10:40:00,11,5,9,10,40,940,42,GALLIENI / FAMILLES,48.8201,2.48005,Plein jour,En agglomération,Intersection en T,Normale,Deux véhicules - côté,,,,,,,,,,,1,2,3,1.0,3.0
201100051444,0011-05-11 11:00:00,11,5,11,11,0,940,52,"58, R THEODORE HONORE",48.8417,2.4847,Plein jour,En agglomération,Hors intersection,Normale,Autre collision,,,,,,,,,,,1,2,1,1.0,6.0
201100051445,0011-05-11 12:05:00,11,5,11,12,5,940,52,"4, R ANQUETIL",48.8423,2.48746,Plein jour,En agglomération,Hors intersection,Normale,Autre collision,,,,,,,,,,,1,2,1,1.0,6.0
201100051446,0011-05-13 18:00:00,11,5,13,18,0,940,15,MELIES / PASTEUR,48.8325,2.53156,Plein jour,En agglomération,Intersection en X,Normale,Deux véhicules - arrière,,,,,,,,,,,1,2,2,1.0,2.0
201100051447,0011-05-14 19:00:00,11,5,14,19,0,940,52,173 BD DE STRASBOURG,48.8465,2.49131,Plein jour,En agglomération,Hors intersection,Normale,Deux véhicules - côté,,,,,,,,,,,1,2,1,1.0,3.0
201100051448,0011-05-16 09:10:00,11,5,16,9,10,940,58,"123, BD D'ALSACE LORRAIN",48.8512,2.50528,Plein jour,En agglomération,Hors intersection,Normale,Autre collision,,,,,,,,,,,1,2,1,1.0,6.0
201100051449,0011-05-18 17:55:00,11,5,18,17,55,940,42,"19, QU PIERRE BROSSOLETT",48.819,2.46793,Plein jour,En agglomération,Hors intersection,Normale,Autre collision,,,,,,,,,,,1,2,1,1.0,6.0
201100051450,0011-05-23 11:10:00,11,5,23,11,10,940,15,GALLIENI / SILHOUETTE,48.8444,2.52589,Plein jour,En agglomération,Intersection en X,Normale,Deux véhicules - côté,,,,,,,,,,,1,2,2,1.0,3.0
201100051451,0011-05-29 17:25:00,11,5,29,17,25,940,58,R JEAN D'ESTIENNE D'ORVE,48.8393,2.49931,Plein jour,En agglomération,Hors intersection,Normale,Deux véhicules - côté,,,,,,,,,,,1,2,1,1.0,3.0
201100051452,0011-05-30 17:15:00,11,5,30,17,15,940,52,JOINVILLE / HUGO,48.835,2.47333,Plein jour,En agglomération,Intersection en T,Normale,Deux véhicules - arrière,,,,,,,,,,,1,2,3,1.0,2.0
201100051453,0011-05-31 12:00:00,11,5,31,12,0,940,42,AV DU GENERAL GALLIENI,48.8201,2.47551,Plein jour,En agglomération,Hors intersection,Normale,Autre collision,,,,,,,,,,,1,2,1,1.0,6.0
201100051454,0011-06-17 10:10:00,11,6,17,10,10,940,42,AV DU GENERAL GALLIENI,48.8201,2.47174,Plein jour,En agglomération,Hors intersection,Normale,Autre collision,,,,,,,,,,,1,2,1,1.0,6.0
201100051455,0011-06-23 12:05:00,11,6,23,12,5,940,58,PERI / ARTS,48.8372,2.50785,Plein jour,En agglomération,Intersection en X,Normale,Deux véhicules - côté,,,,,,,,,,,1,2,2,1.0,3.0
201100051456,0011-07-01 17:50:00,11,7,1,17,50,940,42,CHAPSAL / MERMOZ,48.8202,2.46714,Plein jour,En agglomération,Intersection en X,Normale,Autre collision,,,,,,,,,,,1,2,2,1.0,6.0
201100051457,0011-07-03 13:45:00,11,7,3,13,45,940,52,NOGENTAIS / COULMIERS,48.8395,2.49201,Plein jour,En agglomération,Intersection en T,Normale,Deux véhicules - côté,,,,,,,,,,,1,2,3,1.0,3.0
201100051458,0011-07-04 20:00:00,11,7,4,20,0,940,58,D'ARTOIS / D'AMOUR,48.8306,2.50554,Plein jour,En agglomération,Intersection en T,Normale,Deux véhicules - arrière,,,,,,,,,,,1,2,3,1.0,2.0
201100051459,0011-07-06 06:30:00,11,7,6,6,30,940,58,AV DU GENERAL DE GAULLE,48.8395,2.5082,Plein jour,En agglomération,Hors intersection,Normale,Sans collision,,,,,,,,,,,1,2,1,1.0,7.0
201100051460,0011-07-09 16:40:00,11,7,9,16,40,940,58,AV GABRIEL PERI,48.8374,2.49754,Plein jour,En agglomération,Hors intersection,Normale,Deux véhicules - côté,,,,,,,,,,,1,2,1,1.0,3.0
201100051461,0011-07-12 18:40:00,11,7,12,18,40,940,42,R HENRI BARBUSSE,48.8121,2.46818,Plein jour,En agglomération,Hors intersection,Normale,Deux véhicules - côté,,,,,,,,,,,1,2,1,1.0,3.0
201100051462,0011-07-12 21:15:00,11,7,12,21,15,940,58,LORRAINE / ROOSEVELT,48.8524,2.51143,Nuit avec éclairage allumé,En agglomération,Intersection en Y,Normale,Deux véhicules - côté,,,,,,,,,,,5,2,4,1.0,3.0
201100051463,0011-08-01 11:20:00,11,8,1,11,20,940,52,BD DE STRASBOURG,48.8356,2.47415,Plein jour,En agglomération,Hors intersection,Normale,Autre collision,,,,,,,,,,,1,2,1,1.0,6.0
201100051464,0011-08-04 12:45:00,11,8,4,12,45,940,42,AV PIERRE MENDES FRANCE,48.8123,2.45948,Plein jour,En agglomération,Hors intersection,Normale,Deux véhicules - côté,,,,,,,,,,,1,2,1,1.0,3.0
201100051465,0011-08-06 21:30:00,11,8,6,21,30,940,42,VERDUN / GALLIENI,48.8201,2.47438,Nuit avec éclairage allumé,En agglomération,Intersection en X,Pluie forte,Deux véhicules - frontale,,,,,,,,,,,5,2,2,3.0,1.0
201100051466,0011-08-11 23:15:00,11,8,11,23,15,940,15,CLEMENCEAU / SILHOUETTE,48.843,2.52671,Nuit avec éclairage allumé,En agglomération,Intersection en T,Normale,Deux véhicules - côté,,,,,,,,,,,5,2,3,1.0,3.0
201100051467,0011-08-13 15:30:00,11,8,13,15,30,940,42,AV DU GENERAL GALLIENI,48.8201,2.47558,Plein jour,En agglomération,Hors intersection,Normale,Autre collision,,,,,,,,,,,1,2,1,1.0,6.0
201100051468,0011-08-14 10:20:00,11,8,14,10,20,940,58,AV LEDRU ROLLIN,48.8438,2.50415,Plein jour,En agglomération,Hors intersection,Normale,Deux véhicules - côté,,,,,,,,,,,1,2,1,1.0,3.0
201100051469,0011-08-17 01:00:00,11,8,17,1,0,940,58,BD D'ALSACE LORRAINE,48.8503,2.50095,Nuit avec éclairage allumé,En agglomération,Hors intersection,Normale,Deux véhicules - côté,,,,,,,,,,,5,2,1,1.0,3.0
201100051470,0011-08-21 17:50:00,11,8,21,17,50,940,42,R DES RESERVOIRS,48.8167,2.46456,Plein jour,En agglomération,Hors intersection,Temps éblouissant,Autre collision,,,,,,,,,,,1,2,1,7.0,6.0
201100051471,0011-08-24 16:50:00,11,8,24,16,50,940,58,QU D'ARGONNE,48.8474,2.51095,Plein jour,En agglomération,Hors intersection,Normale,Autre collision,,,,,,,,,,,1,2,1,1.0,6.0
201100051472,0011-08-30 17:45:00,11,8,30,17,45,940,15,BD PASTEUR,48.837,2.52739,Plein jour,En agglomération,Hors intersection,Normale,Deux véhicules - arrière,,,,,,,,,,,1,2,1,1.0,2.0
201100051473,0011-08-31 18:45:00,11,8,31,18,45,940,58,BD D'ALSACE LORRAINE,48.8476,2.49324,Plein jour,En agglomération,Hors intersection,Normale,Sans collision,,,,,,,,,,,1,2,1,1.0,7.0
201100051474,0011-09-02 17:20:00,11,9,2,17,20,940,52,BD DE STRASBOURG,,,Plein jour,En agglomération,Hors intersection,Normale,Autre collision,,,,,,,,,,,1,2,1,1.0,6.0
201100051475,0011-09-03 19:45:00,11,9,3,19,45,940,52,STRASBOURG / GALLIENI,,,Crépuscule ou aube,En agglomération,Intersection en X,Pluie forte,Autre collision,,,,,,,,,,,2,2,2,3.0,6.0
201100051476,0011-09-04 11:45:00,11,9,4,11,45,940,58,FOCH / CARNOT,,,Plein jour,En agglomération,Intersection en X,Normale,Deux véhicules - arrière,,,,,,,,,,,1,2,2,1.0,2.0
201100051477,0011-09-07 18:20:00,11,9,7,18,20,940,42,GALLIENI / JOINVILLE,,,Plein jour,En agglomération,Intersection en X,Normale,Autre collision,,,,,,,,,,,1,2,2,1.0,6.0
201100051478,0011-09-09 10:45:00,11,9,9,10,45,940,15,R DU FOUR,,,Plein jour,En agglomération,Hors intersection,Normale,Deux véhicules - arrière,,,,,,,,,,,1,2,1,1.0,2.0
201100051479,0011-09-09 17:30:00,11,9,9,17,30,940,52,BD ALBERT 1ER,,,Plein jour,En agglomération,Hors intersection,Temps couvert,Autre collision,,,,,,,,,,,1,2,1,8.0,6.0
201100051480,0011-09-23 12:00:00,11,9,23,12,0,940,15,R LEON MENU,,,Plein jour,En agglomération,Hors intersection,Normale,Deux véhicules - arrière,,,,,,,,,,,1,2,1,1.0,2.0
201100051481,0011-09-28 08:30:00,11,9,28,8,30,940,15,TROY / MENU,,,Plein jour,En agglomération,Intersection en X,Normale,Autre collision,,,,,,,,,,,1,2,2,1.0,6.0
201100051482,0011-09-28 10:30:00,11,9,28,10,30,940,58,THILLARDS / BEL AIR,,,Plein jour,En agglomération,Intersection en T,Normale,Deux véhicules - côté,,,,,,,,,,,1,2,3,1.0,3.0
201100051483,0011-10-04 08:25:00,11,10,4,8,25,940,58,YSER / VIADUC,,,Plein jour,En agglomération,Intersection en X,Normale,Deux véhicules - côté,,,,,,,,,,,1,2,2,1.0,3.0
201100051484,0011-10-04 19:50:00,11,10,4,19,50,940,42,JEAN MERMOZ (R),,,Nuit avec éclairage allumé,En agglomération,Hors intersection,Normale,Deux véhicules - arrière,,,,,,,,,,,5,2,1,1.0,2.0