accident_id,datetime,annee,mois,jour,heure,minute,departement,commune_insee,adresse,latitude,longitude,luminosite,agglomeration,intersection,meteo,collision,nb_vehicules,nb_usagers,nb_indemnes,nb_tues,nb_blesses_hosp,nb_blesses_legers,age_cond_1,age_cond_2,veh_type_cond_1,veh_type_cond_2,lum_code,agg_code,int_code,atm_code,col_code
201100051485,0011-10-05 11:40:00,11,10,5,11,40,940,52,R FRANCOIS ROLLAND,,,Plein jour,En agglomération,Hors intersection,Normale,Sans collision,,,,,,,,,,,1,2,1,1.0,7.0
201100051486,0011-10-05 18:00:00,11,10,5,18,0,940,58,BD D'ALSACE LORRAINE,,,Plein jour,En agglomération,Hors intersection,Normale,Deux véhicules - arrière,,,,,,,,,,,1,2,1,1.0,2.0
201100051487,0011-10-14 03:20:00,11,10,14,3,20,940,58,AV DU 11 NOVEMBRE,,,Nuit avec éclairage allumé,En agglomération,Hors intersection,Normale,Sans collision,,,,,,,,,,,5,2,1,1.0,7.0
201100051488,0011-10-14 17:35:00,11,10,14,17,35,940,15,BD GEORGES MELIES,,,Plein jour,En agglomération,Hors intersection,Normale,Deux véhicules - côté,,,,,,,,,,,1,2,1,1.0,3.0
201100051489,0011-10-16 02:30:00,11,10,16,2,30,940,52,ALBERT 1ER / KABLE,,,Nuit avec éclairage allumé,En agglomération,Intersection en X,Normale,Deux véhicules - frontale,,,,,,,,,,,5,2,2,1.0,1.0
201100051490,0011-10-18 16:00:00,11,10,18,16,0,940,58,AV GABRIEL PERI,,,Plein jour,En agglomération,Hors intersection,Pluie légère,Deux véhicules - frontale,,,,,,,,,,,1,2,1,2.0,1.0
201100051491,0011-10-20 21:30:00,11,10,20,21,30,940,52,ALBERT 1ER / KABLE,,,Nuit avec éclairage allumé,En agglomération,Intersection en X,Normale,Deux véhicules - côté,,,,,,,,,,,5,2,2,1.0,3.0
201100051492,0011-10-22 17:00:00,11,10,22,17,0,940,52,ALBERT 1ER / KABLE,,,Plein jour,En agglomération,Intersection en X,Normale,Deux véhicules - côté,,,,,,,,,,,1,2,2,1.0,3.0
201100051493,0011-10-26 20:13:00,11,10,26,20,13,940,52,STRASBOURG / BERT,,,Nuit avec éclairage allumé,En agglomération,Intersection en X,Normale,Deux véhicules - côté,,,,,,,,,,,5,2,2,1.0,3.0
201100051494,0011-11-02 10:15:00,11,11,2,10,15,940,58,DE GAULLE / BEAUFRANCHET,,,Plein jour,En agglomération,Place,Temps couvert,Deux véhicules - côté,,,,,,,,,,,1,2,7,8.0,3.0
201100051495,0011-11-02 17:30:00,11,11,2,17,30,940,52,LAURENT / STRASBOURG,,,Nuit avec éclairage allumé,En agglomération,Intersection en T,Normale,Deux véhicules - côté,,,,,,,,,,,5,2,3,1.0,3.0
201100051496,0011-11-03 12:20:00,11,11,3,12,20,940,42,FLOQUET / WILSON,,,Plein jour,En agglomération,Intersection en X,Pluie légère,Deux véhicules - frontale,,,,,,,,,,,1,2,2,2.0,1.0
201100051497,0011-11-08 11:15:00,11,11,8,11,15,940,42,R CHAPSAL,,,Plein jour,En agglomération,Hors intersection,Temps couvert,Deux véhicules - côté,,,,,,,,,,,1,2,1,8.0,3.0
201100051498,0011-11-09 18:30:00,11,11,9,18,30,940,52,ALBERT 1ER / KABLE,,,Nuit avec éclairage allumé,En agglomération,Intersection en X,Normale,Deux véhicules - frontale,,,,,,,,,,,5,2,2,1.0,1.0
201100051499,0011-11-09 18:10:00,11,11,9,18,10,940,58,"67, AV DU 11 NOVEMBRE",,,Nuit sans éclairage public,En agglomération,Hors intersection,Normale,Deux véhicules - côté,,,,,,,,,,,3,2,1,1.0,3.0
201100051500,0011-11-15 16:15:00,11,11,15,16,15,940,58,"148, BD D'ALSACE LORRAIN",,,Plein jour,En agglomération,Hors intersection,Normale,Autre collision,,,,,,,,,,,1,2,1,1.0,6.0
201100051501,0011-11-15 23:30:00,11,11,15,23,30,940,52,ALBERT 1ER (BD),,,Nuit avec éclairage allumé,En agglomération,Hors intersection,Normale,Deux véhicules - côté,,,,,,,,,,,5,2,1,1.0,3.0
201100051502,0011-11-21 07:45:00,11,11,21,7,45,940,58,"163, ALSACE LORRAINE (BD",,,Crépuscule ou aube,En agglomération,Hors intersection,Normale,Deux véhicules - côté,,,,,,,,,,,2,2,1,1.0,3.0
201100051503,0011-11-28 17:30:00,11,11,28,17,30,940,42,AV DES CANADIENS,,,Nuit avec éclairage allumé,Hors agglomération,Hors intersection,Normale,Deux véhicules - arrière,,,,,,,,,,,5,1,1,1.0,2.0
201100051504,0011-11-30 13:50:00,11,11,30,13,50,940,42,R DE PARIS,,,Plein jour,En agglomération,Hors intersection,Normale,Deux véhicules - côté,,,,,,,,,,,1,2,1,1.0,3.0
201100051505,0011-12-05 08:05:00,11,12,5,8,5,940,58,"197, GENERAL DE GAULLE (",,,Crépuscule ou aube,En agglomération,Intersection en T,Pluie légère,Deux véhicules - côté,,,,,,,,,,,2,2,3,2.0,3.0
201100051506,0011-12-13 13:52:00,11,12,13,13,52,940,52,CHARLES DE GAULLE (GRAND,,,Plein jour,En agglomération,Intersection en T,Temps couvert,Autre collision,,,,,,,,,,,1,2,3,8.0,6.0
201100051507,0011-12-13 19:00:00,11,12,13,19,0,940,15,GENERAL LECLERC (AV),,,Nuit avec éclairage allumé,En agglomération,Hors intersection,Pluie légère,Autre collision,,,,,,,,,,,5,2,1,2.0,6.0
201100051508,0011-12-16 18:55:00,11,12,16,18,55,940,58,"03, RAYMOND POINCARE (BD",,,Nuit avec éclairage allumé,En agglomération,Hors intersection,Normale,Deux véhicules - arrière,,,,,,,,,,,5,2,1,1.0,2.0
201100051509,0011-12-17 18:45:00,11,12,17,18,45,940,15,"20, JEAN GRANDEL (R)",,,Nuit avec éclairage non allumé,En agglomération,Autre intersection,Pluie légère,Autre collision,,,,,,,,,,,4,2,9,2.0,6.0
201100051510,0011-12-21 07:55:00,11,12,21,7,55,940,52,"166-168, CHARLES DE GAUL",,,Crépuscule ou aube,En agglomération,Intersection en X,Pluie légère,Deux véhicules - côté,,,,,,,,,,,2,2,2,2.0,3.0
201100051511,0011-01-06 13:50:00,11,1,6,13,50,940,68,ARAGO / MARNE,48.79,2.50975,Plein jour,En agglomération,Intersection en X,Normale,Deux véhicules - côté,,,,,,,,,,,1,2,2,1.0,3.0
201100051512,0011-01-05 09:25:00,11,1,5,9,25,940,68,CHOLET / GARIBALDI,48.7945,2.48569,Plein jour,En agglomération,Intersection en X,Normale,Deux véhicules - côté,,,,,,,,,,,1,2,2,1.0,3.0
201100051513,0011-01-11 10:50:00,11,1,11,10,50,940,68,FULTON,48.797,2.50303,Plein jour,En agglomération,Hors intersection,Pluie légère,Autre collision,,,,,,,,,,,1,2,1,2.0,6.0
201100051514,0011-01-19 20:35:00,11,1,19,20,35,940,68,BAC / DUC,48.7971,2.50493,Nuit avec éclairage allumé,En agglomération,Intersection en X,Normale,Deux véhicules - côté,,,,,,,,,,,5,2,2,1.0,3.0
201100051515,0011-01-21 20:10:00,11,1,21,20,10,940,68,CRETEIL /  CHOLET,48.7981,2.48586,Nuit avec éclairage allumé,En agglomération,Intersection à plus de 4 branches,Normale,Autre collision,,,,,,,,,,,5,2,5,1.0,6.0
201100051516,0011-02-01 18:00:00,11,2,1,18,0,940,68,"84, R DU PONT DE CRETEIL",48.801,2.47191,Nuit avec éclairage allumé,En agglomération,Hors intersection,Normale,Autre collision,,,,,,,,,,,5,2,1,1.0,6.0
201100051517,0011-02-09 17:20:00,11,2,9,17,20,940,68,RAINCY / BEAUREPAIRE,48.7876,2.48035,Plein jour,En agglomération,Intersection en X,Normale,Deux véhicules - côté,,,,,,,,,,,1,2,2,1.0,3.0
201100051518,0011-02-12 23:55:00,11,2,12,23,55,940,68,CHAMPIGNY / CHAMPIGNOL,48.8095,2.50969,Nuit avec éclairage allumé,En agglomération,Intersection en X,Normale,Deux véhicules - arrière,,,,,,,,,,,5,2,2,1.0,2.0
201100051519,0011-02-12 18:18:00,11,2,12,18,18,940,68,"172, CRETEIL / PAGES",48.7979,2.49507,Nuit avec éclairage allumé,En agglomération,Intersection en Y,Temps couvert,Trois véhicules et plus - collisions multiples,,,,,,,,,,,5,2,4,8.0,5.0
201100051520,0011-02-19 19:05:00,11,2,19,19,5,940,68,VARENNE / BD RABELAIS,48.8068,2.47777,Nuit avec éclairage allumé,En agglomération,Intersection en T,Pluie légère,Autre collision,,,,,,,,,,,5,2,3,2.0,6.0
201100051521,0011-02-25 09:50:00,11,2,25,9,50,940,68,BALZAC / HOCHE,48.7947,2.5152,Plein jour,En agglomération,Intersection en T,Normale,Deux véhicules - côté,,,,,,,,,,,1,2,3,1.0,3.0
201100051522,0011-02-28 09:40:00,11,2,28,9,40,940,68,BAC / MOULIN,48.7979,2.50284,Plein jour,En agglomération,Place,Normale,Deux véhicules - côté,,,,,,,,,,,1,2,7,1.0,3.0
201100051523,0011-02-28 16:40:00,11,2,28,16,40,940,68,"4, ROCHAMBEAU",48.8018,2.51633,Plein jour,En agglomération,Hors intersection,Normale,Autre collision,,,,,,,,,,,1,2,1,1.0,6.0
201100051524,0011-03-04 08:55:00,11,3,4,8,55,940,68,"36, FUSILLES DE CHATEAUB",48.804,2.49698,Plein jour,En agglomération,Hors intersection,Normale,Deux véhicules - côté,,,,,,,,,,,1,2,1,1.0,3.0
201100051525,0011-03-07 10:25:00,11,3,7,10,25,940,68,GABRIEL PERI / RABELAIS,48.8053,2.48395,Plein jour,En agglomération,Intersection en X,Normale,Autre collision,,,,,,,,,,,1,2,2,1.0,6.0
201100051526,0011-03-10 15:50:00,11,3,10,15,50,940,68,AV DU BAC,48.7949,2.5105,Plein jour,En agglomération,Hors intersection,Normale,Deux véhicules - arrière,,,,,,,,,,,1,2,1,1.0,2.0
201100051527,0011-03-21 18:44:00,11,3,21,18,44,940,68,AV DE CONDE,48.8106,2.4798,Crépuscule ou aube,En agglomération,Hors intersection,Normale,Deux véhicules - frontale,,,,,,,,,,,2,2,1,1.0,1.0
201100051528,0011-03-10 16:50:00,11,3,10,16,50,940,68,MARINVILLE / MARIN,48.8107,2.47351,Plein jour,En agglomération,Intersection en X,Normale,Deux véhicules - côté,,,,,,,,,,,1,2,2,1.0,3.0
201100051529,0011-03-11 08:50:00,11,3,11,8,50,940,68,R HOCHE,48.7941,2.51739,Plein jour,En agglomération,Hors intersection,Normale,Autre collision,,,,,,,,,,,1,2,1,1.0,6.0
201100051530,0011-03-12 21:10:00,11,3,12,21,10,940,68,AUGUSTE MARIN / PESSOT,48.8099,2.47279,Nuit avec éclairage allumé,En agglomération,Intersection en X,Pluie légère,Deux véhicules - côté,,,,,,,,,,,5,2,2,2.0,3.0
201100051531,0011-03-14 08:35:00,11,3,14,8,35,940,68,JAURES / DEROULEDE,48.7889,2.48148,Plein jour,En agglomération,Intersection en X,Normale,Autre collision,,,,,,,,,,,1,2,2,1.0,6.0
201100051532,0011-03-15 20:25:00,11,3,15,20,25,940,68,PONT DE CRETEIL / LEROUX,48.8064,2.47142,Nuit avec éclairage allumé,En agglomération,Intersection en Y,Normale,Deux véhicules - arrière,,,,,,,,,,,5,2,4,1.0,2.0
201100051533,0011-04-07 17:45:00,11,4,7,17,45,940,68,CHAMPIGNY / CARPEAUX,48.8019,2.50639,Plein jour,En agglomération,Intersection en T,Normale,Trois véhicules et plus - en chaîne,,,,,,,,,,,1,2,3,1.0,4.0
201100051534,0011-04-08 22:10:00,11,4,8,22,10,940,68,L'ALMA / RASPAIL,48.786,2.49524,Nuit avec éclairage allumé,En agglomération,Intersection en X,Normale,Deux véhicules - arrière,,,,,,,,,,,5,2,2,1.0,2.0
201100051535,0011-04-12 19:15:00,11,4,12,19,15,940,68,DIDEROT / REPUBLIQUE,48.8025,2.48606,Plein jour,En agglomération,Intersection en X,Normale,Deux véhicules - côté,,,,,,,,,,,1,2,2,1.0,3.0
201100051536,0011-04-13 08:15:00,11,4,13,8,15,940,68,MARINVILLE / CAVAIGNAC,48.8096,2.47555,Plein jour,En agglomération,Intersection en X,Normale,Deux véhicules - côté,,,,,,,,,,,1,2,2,1.0,3.0
201100051537,0011-03-25 19:50:00,11,3,25,19,50,940,68,BD DE CRETEIL,48.7982,2.47827,Nuit avec éclairage allumé,En agglomération,Hors intersection,Normale,Trois véhicules et plus - en chaîne,,,,,,,,,,,5,2,1,1.0,4.0
201100051538,0011-04-16 14:40:00,11,4,16,14,40,940,68,CRETEIL / BOIS GUIMIER,48.7981,2.48586,Plein jour,En agglomération,Intersection à plus de 4 branches,Normale,Deux véhicules - côté,,,,,,,,,,,1,2,5,1.0,3.0
201100051539,0011-04-16 17:10:00,11,4,16,17,10,940,68,KLEBER / ALBERT 1ER,48.7878,2.51352,Plein jour,En agglomération,Intersection en X,Normale,Deux véhicules - côté,,,,,,,,,,,1,2,2,1.0,3.0
201100051540,0011-04-20 18:18:00,11,4,20,18,18,940,68,DELERUE / BRIAND,48.7958,2.48392,Plein jour,En agglomération,Intersection en T,Normale,Deux véhicules - arrière,,,,,,,,,,,1,2,3,1.0,2.0
201100051541,0011-04-22 11:35:00,11,4,22,11,35,940,68,AV DU MARECHAL LYAUTEY,48.7903,2.48676,Plein jour,En agglomération,Hors intersection,Normale,Deux véhicules - côté,,,,,,,,,,,1,2,1,1.0,3.0
201100051542,0011-04-22 14:40:00,11,4,22,14,40,940,68,R GARIBALDI,48.799,2.47885,Plein jour,En agglomération,Hors intersection,Normale,Deux véhicules - côté,,,,,,,,,,,1,2,1,1.0,3.0
201100051543,0011-04-26 16:25:00,11,4,26,16,25,940,68,CRETEIL / TRAVERSIERE,48.8044,2.47155,Plein jour,En agglomération,Intersection en T,Normale,Autre collision,,,,,,,,,,,1,2,3,1.0,6.0
201100051544,0011-04-28 14:00:00,11,4,28,14,0,940,68,AV JEAN JAURES,48.7936,2.47753,Plein jour,En agglomération,Hors intersection,Normale,Sans collision,,,,,,,,,,,1,2,1,1.0,7.0
201100051545,0011-04-29 14:00:00,11,4,29,14,0,940,68,SAINT-LOUIS / CHEVALIER,48.7892,2.50358,Plein jour,En agglomération,Intersection en X,Normale,Deux véhicules - côté,,,,,,,,,,,1,2,2,1.0,3.0
201100051546,0011-05-03 11:40:00,11,5,3,11,40,940,68,"24, PL D'ADAMVILLE KENNE",48.7933,2.48668,Plein jour,En agglomération,Place,Normale,Deux véhicules - arrière,,,,,,,,,,,1,2,7,1.0,2.0
201100051547,0011-05-06 16:15:00,11,5,6,16,15,940,68,CRETEIL / QUINET,48.7979,2.4984,Plein jour,En agglomération,Intersection en X,Normale,Autre collision,,,,,,,,,,,1,2,2,1.0,6.0
201100051548,0011-05-08 19:00:00,11,5,8,19,0,940,68,BONNEUIL / BONNEUIL,48.7851,2.49918,Plein jour,En agglomération,Intersection en T,Normale,Autre collision,,,,,,,,,,,1,2,3,1.0,6.0
201100051549,0011-05-10 12:25:00,11,5,10,12,25,940,68,"55, AV CARNOT",48.7992,2.48717,Plein jour,En agglomération,Hors intersection,Normale,Deux véhicules - arrière,,,,,,,,,,,1,2,1,1.0,2.0
201100051550,0011-05-12 10:50:00,11,5,12,10,50,940,68,BELLECHASSE / ROUX,48.7938,2.49232,Plein jour,En agglomération,Intersection en X,Normale,Deux véhicules - côté,,,,,,,,,,,1,2,2,1.0,3.0
201100051551,0011-05-15 06:20:00,11,5,15,6,20,940,68,BERTEAUX / JACQUES,48.8103,2.47039,Crépuscule ou aube,En agglomération,Intersection en T,Normale,Deux véhicules - arrière,,,,,,,,,,,2,2,3,1.0,2.0
201100051552,0011-05-14 12:45:00,11,5,14,12,45,940,68,"122, AV DU BAC",48.791,2.52065,Plein jour,En agglomération,Hors intersection,Normale,Autre collision,,,,,,,,,,,1,2,1,1.0,6.0
201100051553,0011-05-15 18:20:00,11,5,15,18,20,940,68,L'ALMA / RASPAIL,48.786,2.49524,Plein jour,En agglomération,Intersection en X,Normale,Deux véhicules - côté,,,,,,,,,,,1,2,2,1.0,3.0
201100051554,0011-05-16 06:40:00,11,5,16,6,40,940,68,BLANC / MARNE,48.7933,2.49783,Crépuscule ou aube,En agglomération,Intersection en X,Normale,Deux véhicules - frontale,,,,,,,,,,,2,2,2,1.0,1.0
201100051555,0011-05-17 15:35:00,11,5,17,15,35,940,68,CRETEIL / MARTIN,48.798,2.48835,Plein jour,En agglomération,Intersection en X,Normale,Deux véhicules - côté,,,,,,,,,,,1,2,2,1.0,3.0
201100051556,0011-05-21 11:00:00,11,5,21,11,0,940,68,CRETEIL / BRIAND,48.7981,2.48402,Plein jour,En agglomération,Intersection en X,Normale,Sans collision,,,,,,,,,,,1,2,2,1.0,7.0
201100051557,0011-05-20 22:05:00,11,5,20,22,5,940,68,BERTEAUX / MARIN,48.8084,2.47134,Nuit avec éclairage allumé,En agglomération,Intersection en Y,Normale,Deux véhicules - frontale,,,,,,,,,,,5,2,4,1.0,1.0
201100051558,0011-05-27 17:05:00,11,5,27,17,5,940,68,PIE / BART,48.79,2.47343,Plein jour,En agglomération,Intersection en T,Normale,Deux véhicules - côté,,,,,,,,,,,1,2,3,1.0,3.0
201100051559,0011-05-28 23:20:00,11,5,28,23,20,940,68,BERTEAUX / FOUR,48.811,2.46932,Nuit avec éclairage allumé,En agglomération,Intersection en X,Normale,Deux véhicules - côté,,,,,,,,,,,5,2,2,1.0,3.0
201100051560,0011-05-30 15:40:00,11,5,30,15,40,940,68,CHENNEVIERES / CHURCHILL,48.7909,2.5208,Plein jour,En agglomération,Intersection en X,Normale,Deux véhicules - côté,,,,,,,,,,,1,2,2,1.0,3.0
201100051561,0011-06-01 12:55:00,11,6,1,12,55,940,68,"8, AV MAHIEU",48.8115,2.47441,Plein jour,En agglomération,Hors intersection,Normale,Autre collision,,,,,,,,,,,1,2,1,1.0,6.0
201100051562,0011-06-02 20:00:00,11,6,2,20,0,940,68,MARIN / PESSOT,48.8099,2.47279,Plein jour,En agglomération,Intersection en X,Normale,Deux véhicules - côté,,,,,,,,,,,1,2,2,1.0,3.0
201100051563,0011-05-30 10:30:00,11,5,30,10,30,940,68,AV FOCH,48.8036,2.48838,Plein jour,En agglomération,Hors intersection,Normale,Autre collision,,,,,,,,,,,1,2,1,1.0,6.0
201100051564,0011-06-07 14:30:00,11,6,7,14,30,940,68,BRETAGNE / MAHIEU,48.8073,2.48214,Plein jour,En agglomération,Intersection en X,Normale,Deux véhicules - côté,,,,,,,,,,,1,2,2,1.0,3.0
201100051565,0011-06-10 18:00:00,11,6,10,18,0,940,68,"119, AV DU BAC",48.7916,2.51911,Plein jour,En agglomération,Hors intersection,Pluie légère,Autre collision,,,,,,,,,,,1,2,1,2.0,6.0
201100051566,0011-06-16 07:55:00,11,6,16,7,55,940,68,BD VOLTAIRE,48.792,2.51284,Plein jour,En agglomération,Hors intersection,Normale,Autre collision,,,,,,,,,,,1,2,1,1.0,6.0
201100051567,0011-06-17 19:00:00,11,6,17,19,0,940,68,ADAM / BLANC,48.7912,2.4965,Plein jour,En agglomération,Intersection en X,Normale,Deux véhicules - côté,,,,,,,,,,,1,2,2,1.0,3.0
201100051568,0011-06-17 17:45:00,11,6,17,17,45,940,68,ROUX / BELLECHASSE,48.7938,2.49232,Plein jour,En agglomération,Intersection en X,Normale,Deux véhicules - côté,,,,,,,,,,,1,2,2,1.0,3.0
201100051569,0011-06-21 16:40:00,11,6,21,16,40,940,68,CAR DU 8 MAI 1945,48.802,2.49199,Plein jour,En agglomération,Hors intersection,Normale,Deux véhicules - arrière,,,,,,,,,,,1,2,1,1.0,2.0
201100051570,0011-06-23 08:05:00,11,6,23,8,5,940,68,CHAMPIGNY / LECLERC,48.8071,2.50902,Plein jour,En agglomération,Intersection en X,Normale,Deux véhicules - côté,,,,,,,,,,,1,2,2,1.0,3.0
201100051571,0011-06-27 08:05:00,11,6,27,8,5,940,68,AV DU BAC,48.796,2.50759,Plein jour,En agglomération,Hors intersection,Normale,Deux véhicules - côté,,,,,,,,,,,1,2,1,1.0,3.0
201100051572,0011-06-27 12:17:00,11,6,27,12,17,940,68,LAUZIERE / CARNOT,48.8016,2.48727,Plein jour,En agglomération,Intersection en T,Normale,Deux véhicules - côté,,,,,,,,,,,1,2,3,1.0,3.0
201100051573,0011-06-27 16:40:00,11,6,27,16,40,940,68,GAMBETTA / LEVERRIER,48.7956,2.49419,Plein jour,En agglomération,Intersection en T,Normale,Sans collision,,,,,,,,,,,1,2,3,1.0,7.0
201100051574,0011-06-30 12:55:00,11,6,30,12,55,940,68,CRETEIL / FERRY,48.798,2.48989,Plein jour,En agglomération,Intersection en X,Normale,Deux véhicules - côté,,,,,,,,,,,1,2,2,1.0,3.0
201100051575,0011-07-02 21:15:00,11,7,2,21,15,940,68,CRETEIL / CHAURE,48.7979,2.4965,Plein jour,En agglomération,Intersection en Y,Normale,Deux véhicules - arrière,,,,,,,,,,,1,2,4,1.0,2.0
201100051576,0011-07-02 18:15:00,11,7,2,18,15,940,68,BD DE CRETEIL,48.7981,2.4856,Plein jour,En agglomération,Hors intersection,Normale,Autre collision,,,,,,,,,,,1,2,1,1.0,6.0
201100051577,0011-07-02 10:40:00,11,7,2,10,40,940,68,KENNEDY / GARIBALDI,48.7938,2.48661,Plein jour,En agglomération,Giratoire,Normale,Deux véhicules - arrière,,,,,,,,,,,1,2,6,1.0,2.0
201100051578,0011-07-05 17:40:00,11,7,5,17,40,940,68,PT DE CRETEIL / CHEVREUL,48.8066,2.47128,Plein jour,En agglomération,Intersection en Y,Normale,Autre collision,,,,,,,,,,,1,2,4,1.0,6.0
201100051579,0011-07-06 22:30:00,11,7,6,22,30,940,68,ROLLIN / ROUX,48.7899,2.49008,Plein jour,En agglomération,Intersection en X,Normale,Deux véhicules - côté,,,,,,,,,,,1,2,2,1.0,3.0
201100051580,0011-07-11 16:43:00,11,7,11,16,43,940,68,BD MAURICE BERTEAUX,48.8113,2.46915,Plein jour,En agglomération,Hors intersection,Normale,Deux véhicules - côté,,,,,,,,,,,1,2,1,1.0,3.0
201100051581,0011-07-14 10:45:00,11,7,14,10,45,940,68,FOCH / LOUVIERE,48.8044,2.48612,Plein jour,En agglomération,Intersection en X,Normale,Deux véhicules - côté,,,,,,,,,,,1,2,2,1.0,3.0
201100051582,0011-07-16 17:25:00,11,7,16,17,25,940,68,CORNEILLES / BONNEUIL,48.7846,2.49216,Plein jour,En agglomération,Intersection en T,Normale,Deux véhicules - côté,,,,,,,,,,,1,2,3,1.0,3.0
201100051583,0011-07-17 12:00:00,11,7,17,12,0,940,68,AV DE LA REPUBLIQUE,48.8029,2.48608,Plein jour,En agglomération,Hors intersection,Normale,Autre collision,,,,,,,,,,,1,2,1,1.0,6.0
201100051584,0011-07-18 20:40:00,11,7,18,20,40,940,68,R DU PONT DE CRETEIL,48.8042,2.47158,Crépuscule ou aube,En agglomération,Hors intersection,Normale,Sans collision,,,,,,,,,,,2,2,1,1.0,7.0
201100051585,0011-07-19 11:30:00,11,7,19,11,30,940,68,BD DE CRETEIL,48.7982,2.48127,Plein jour,En agglomération,Hors intersection,Pluie légère,Deux véhicules - arrière,,,,,,,,,,,1,2,1,2.0,2.0
201100051586,0011-07-21 18:10:00,11,7,21,18,10,940,68,BD DE CRETEIL,48.7981,2.48208,Plein jour,En agglomération,Hors intersection,Normale,Sans collision,,,,,,,,,,,1,2,1,1.0,7.0
201100051587,0011-07-30 13:05:00,11,7,30,13,5,940,68,BAC / BONNEUIL,48.7964,2.50671,Plein jour,En agglomération,Intersection à plus de 4 branches,Normale,Deux véhicules - côté,,,,,,,,,,,1,2,5,1.0,3.0
201100051588,0011-08-07 17:35:00,11,8,7,17,35,940,68,AV DU BAC,48.7948,2.51081,Plein jour,En agglomération,Hors intersection,Normale,Deux véhicules - arrière,,,,,,,,,,,1,2,1,1.0,2.0
201100051589,0011-08-31 20:35:00,11,8,31,20,35,940,68,BOLLIER / BOURDIGNON,48.8039,2.4771,Plein jour,En agglomération,Intersection en Y,Normale,Deux véhicules - côté,,,,,,,,,,,1,2,4,1.0,3.0
201100051590,0011-09-03 03:00:00,11,9,3,3,0,940,68,FUSILLES DE CHATEAUBRIAN,,,Nuit avec éclairage allumé,En agglomération,Hors intersection,Normale,Sans collision,,,,,,,,,,,5,2,1,1.0,7.0
201100051591,0011-08-20 22:20:00,11,8,20,22,20,940,68,BEL AIR / MARRONNIERS,48.8057,2.49662,Nuit avec éclairage allumé,En agglomération,Intersection en X,Normale,Deux véhicules - côté,,,,,,,,,,,5,2,2,1.0,3.0
201100051592,0011-08-29 18:25:00,11,8,29,18,25,940,68,ST-LEONARD / CLEMENCEAU,48.7974,2.51999,Plein jour,En agglomération,Intersection en X,Normale,Deux véhicules - côté,,,,,,,,,,,1,2,2,1.0,3.0
201100051593,0011-09-08 17:30:00,11,9,8,17,30,940,68,BD DE CHAMPIGNY,,,Nuit avec éclairage non allumé,En agglomération,Hors intersection,Normale,Deux véhicules - côté,,,,,,,,,,,4,2,1,1.0,3.0
201100051594,0011-09-12 15:15:00,11,9,12,15,15,940,68,BLANC / MARNE,,,Plein jour,En agglomération,Intersection en X,Normale,Deux véhicules - frontale,,,,,,,,,,,1,2,2,1.0,1.0
201100051595,0011-09-12 15:30:00,11,9,12,15,30,940,68,PL JEAN MOULIN,,,Plein jour,En agglomération,Hors intersection,Normale,Deux véhicules - arrière,,,,,,,,,,,1,2,1,1.0,2.0
201100051596,0011-09-13 07:30:00,11,9,13,7,30,940,68,SAINT-BENOIT / BOILEAU,,,Plein jour,En agglomération,Intersection en X,Normale,Deux véhicules - côté,,,,,,,,,,,1,2,2,1.0,3.0
201100051597,0011-09-15 08:20:00,11,9,15,8,20,940,68,CONDE / PERI,,,Plein jour,En agglomération,Intersection en T,Normale,Deux véhicules - côté,,,,,,,,,,,1,2,3,1.0,3.0
201100051598,0011-09-23 17:25:00,11,9,23,17,25,940,68,MESNIL / LOUISE,,,Plein jour,En agglomération,Intersection en X,Normale,Deux véhicules - côté,,,,,,,,,,,1,2,2,1.0,3.0
201100051599,0011-09-25 06:40:00,11,9,25,6,40,940,68,BD DE LA MARNE,,,Nuit avec éclairage allumé,En agglomération,Hors intersection,Normale,Sans collision,,,,,,,,,,,5,2,1,1.0,7.0
201100051600,0011-09-26 16:30:00,11,9,26,16,30,940,68,MARIN / PONT DE CRETEIL,,,Plein jour,En agglomération,Intersection en Y,Normale,Deux véhicules - côté,,,,,,,,,,,1,2,4,1.0,3.0
201100051601,0011-09-28 14:20:00,11,9,28,14,20,940,68,BD DE CHAMPIGNY,,,Plein jour,En agglomération,Hors intersection,Normale,Deux véhicules - arrière,,,,,,,,,,,1,2,1,1.0,2.0
201100051602,0011-10-02 22:55:00,11,10,2,22,55,940,68,"1, PONT DE CRETEIL (R DU",,,Nuit avec éclairage allumé,En agglomération,Hors intersection,Autre,Sans collision,,,,,,,,,,,5,2,1,9.0,7.0
201100051603,0011-10-02 06:50:00,11,10,2,6,50,940,68,QU DU PARC,,,Nuit avec éclairage allumé,En agglomération,Hors intersection,Normale,Sans collision,,,,,,,,,,,5,2,1,1.0,7.0
201100051604,0011-10-03 08:10:00,11,10,3,8,10,940,68,R DE LA VARENNE,,,Plein jour,En agglomération,Hors intersection,Normale,Autre collision,,,,,,,,,,,1,2,1,1.0,6.0
201100051605,0011-10-05 09:06:00,11,10,5,9,6,940,68,LEDRU ROLLIN / ROUX,,,Plein jour,En agglomération,Intersection en X,Normale,Deux véhicules - côté,,,,,,,,,,,1,2,2,1.0,3.0
201100051606,0011-10-11 22:50:00,11,10,11,22,50,940,68,PL DE RIMINI,,,Nuit avec éclairage allumé,Hors agglomération,Place,Autre,Autre collision,,,,,,,,,,,5,1,7,9.0,6.0
201100051607,0011-10-16 19:37:00,11,10,16,19,37,940,68,GARIBALDI / ROUX,,,Crépuscule ou aube,En agglomération,Intersection en X,Normale,Deux véhicules - côté,,,,,,,,,,,2,2,2,1.0,3.0
201100051608,0011-10-17 10:05:00,11,10,17,10,5,940,68,RIVIERE / CEDRES,,,Plein jour,En agglomération,Intersection en T,Normale,Deux véhicules - côté,,,,,,,,,,,1,2,3,1.0,3.0