accident_id,datetime,annee,mois,jour,heure,minute,departement,commune_insee,adresse,latitude,longitude,luminosite,agglomeration,intersection,meteo,collision,nb_vehicules,nb_usagers,nb_indemnes,nb_tues,nb_blesses_hosp,nb_blesses_legers,age_cond_1,age_cond_2,veh_type_cond_1,veh_type_cond_2,lum_code,agg_code,int_code,atm_code,col_code
201100052108,0011-07-19 16:25:00,11,7,19,16,25,950,18,"12,BD LEON  FEIX",48.9468,2.2495,Plein jour,En agglomération,Intersection en T,Normale,Autre collision,,,,,,,,,,,1,2,3,1.0,6.0
201100052109,0011-07-21 16:50:00,11,7,21,16,50,950,18,"50,R ALFRED LABRIERE",48.9456,2.2546,Plein jour,En agglomération,Hors intersection,Normale,Autre collision,,,,,,,,,,,1,2,1,1.0,6.0
201100052110,0011-07-22 15:55:00,11,7,22,15,55,950,18,R AG BELIN,48.9573,2.2457,Plein jour,En agglomération,Hors intersection,Temps couvert,Deux véhicules - frontale,,,,,,,,,,,1,2,1,8.0,1.0
201100052111,0011-07-27 12:15:00,11,7,27,12,15,950,18,AV DU GENERAL DE GAULLE,48.9425,2.2427,Plein jour,En agglomération,Intersection en X,Normale,Autre collision,,,,,,,,,,,1,2,2,1.0,6.0
201100052112,0011-07-31 22:05:00,11,7,31,22,5,950,18,RTE DE CORMEILLES,48.9563,2.2307,Nuit avec éclairage allumé,En agglomération,Intersection en T,Normale,Deux véhicules - côté,,,,,,,,,,,5,2,3,1.0,3.0
201100052113,0011-07-30 18:50:00,11,7,30,18,50,950,18,"214,R DU PERREUX",48.9464,2.2187,Plein jour,En agglomération,Hors intersection,Normale,Autre collision,,,,,,,,,,,1,2,1,1.0,6.0
201100052114,0011-08-01 20:05:00,11,8,1,20,5,950,18,BD JEAN ALLEMANE,48.9495,2.2536,Plein jour,En agglomération,Intersection en T,Normale,Trois véhicules et plus - collisions multiples,,,,,,,,,,,1,2,3,1.0,5.0
201100052115,0011-08-03 15:45:00,11,8,3,15,45,950,18,BD GENERAL DELAMBRE,48.9399,2.2237,Plein jour,En agglomération,Hors intersection,Normale,Deux véhicules - côté,,,,,,,,,,,1,2,1,1.0,3.0
201100052116,0011-08-09 20:30:00,11,8,9,20,30,950,18,QUAI DE BEZONS,48.9428,2.2571,Plein jour,En agglomération,Hors intersection,Normale,Trois véhicules et plus - en chaîne,,,,,,,,,,,1,2,1,1.0,4.0
201100052117,0011-08-12 14:55:00,11,8,12,14,55,950,176,R MONTALANT,48.9755,2.2054,Plein jour,En agglomération,Intersection en T,Normale,Autre collision,,,,,,,,,,,1,2,3,1.0,6.0
201100052118,0011-08-18 17:40:00,11,8,18,17,40,950,582,BD GABRIEL PERI,48.9697,2.2632,Plein jour,En agglomération,Intersection en X,Normale,Deux véhicules - arrière,,,,,,,,,,,1,2,2,1.0,2.0
201100052119,0011-08-19 17:25:00,11,8,19,17,25,950,18,BD JEAN  ALLEMANE,48.9491,2.2534,Plein jour,En agglomération,Intersection en X,Normale,Deux véhicules - arrière,,,,,,,,,,,1,2,2,1.0,2.0
201100052120,0011-08-27 15:00:00,11,8,27,15,0,950,18,R VAILLANT COUTURIER,48.9456,2.2532,Plein jour,En agglomération,Intersection en T,Normale,Autre collision,,,,,,,,,,,1,2,3,1.0,6.0
201100052121,0011-08-31 05:10:00,11,8,31,5,10,950,18,R DU PERREUX,48.9445,2.2258,Nuit avec éclairage allumé,En agglomération,Hors intersection,Normale,Autre collision,,,,,,,,,,,5,2,1,1.0,6.0
201100052122,0011-09-01 11:45:00,11,9,1,11,45,950,18,RAMPE DU PONT NEUF,48.9336,2.2406,Plein jour,En agglomération,Hors intersection,Normale,Sans collision,,,,,,,,,,,1,2,1,1.0,7.0
201100052123,0011-09-08 19:25:00,11,9,8,19,25,950,18,R DE LA TOUR BILLY,48.9454,2.2464,Plein jour,En agglomération,Intersection en X,Pluie forte,Deux véhicules - côté,,,,,,,,,,,1,2,2,3.0,3.0
201100052124,0011-09-05 18:25:00,11,9,5,18,25,950,18,R LT COLONEL PRUDHON,48.9452,2.2395,Plein jour,En agglomération,Hors intersection,Normale,Autre collision,,,,,,,,,,,1,2,1,1.0,6.0
201100052125,0011-09-10 13:40:00,11,9,10,13,40,950,18,BD PIERRE CURIE,48.9526,2.2438,Plein jour,En agglomération,Intersection en X,Normale,Autre collision,,,,,,,,,,,1,2,2,1.0,6.0
201100052126,0011-09-13 10:25:00,11,9,13,10,25,950,18,ALL FERNAND LEGER,48.9516,2.2265,Plein jour,En agglomération,Hors intersection,Normale,Autre collision,,,,,,,,,,,1,2,1,1.0,6.0
201100052127,0011-09-13 14:57:00,11,9,13,14,57,950,582,R DU MARECHAL FOCH,48.9705,2.2643,Plein jour,En agglomération,Hors intersection,Normale,Autre collision,,,,,,,,,,,1,2,1,1.0,6.0
201100052128,0011-09-14 21:25:00,11,9,14,21,25,950,176,RTE D'ARGENTEUIL,48.9697,2.2012,Nuit avec éclairage allumé,En agglomération,Intersection en X,Normale,Deux véhicules - frontale,,,,,,,,,,,5,2,2,1.0,1.0
201100052129,0011-09-16 16:00:00,11,9,16,16,0,950,18,AV JEAN JAURES,48.9409,2.2167,Plein jour,En agglomération,Intersection en X,Normale,Autre collision,,,,,,,,,,,1,2,2,1.0,6.0
201100052130,0011-09-18 14:35:00,11,9,18,14,35,950,18,AV GABRIEL PERI,48.9449,2.2503,Plein jour,En agglomération,Hors intersection,Normale,Deux véhicules - arrière,,,,,,,,,,,1,2,1,1.0,2.0
201100052131,0011-09-16 08:40:00,11,9,16,8,40,950,18,BD LECLERC,48.9458,2.2337,Plein jour,En agglomération,Intersection en X,Normale,Autre collision,,,,,,,,,,,1,2,2,1.0,6.0
201100052132,0011-09-16 14:40:00,11,9,16,14,40,950,18,RTE DE PONTOISE,48.9449,2.2065,Plein jour,En agglomération,Giratoire,Normale,Deux véhicules - arrière,,,,,,,,,,,1,2,6,1.0,2.0
201100052133,0011-09-19 18:56:00,11,9,19,18,56,950,18,AV DE VERDUN,48.9471,2.2468,Plein jour,En agglomération,Intersection à plus de 4 branches,Normale,Autre collision,,,,,,,,,,,1,2,5,1.0,6.0
201100052134,0011-09-20 08:20:00,11,9,20,8,20,950,18,BD MARTYRS CHATEAUBRIANT,48.9527,2.2153,Plein jour,En agglomération,Intersection en T,Normale,Deux véhicules - arrière,,,,,,,,,,,1,2,3,1.0,2.0
201100052135,0011-09-21 16:40:00,11,9,21,16,40,950,18,AV JEAN JAURES,48.9413,2.2072,Plein jour,En agglomération,Hors intersection,Normale,Sans collision,,,,,,,,,,,1,2,1,1.0,7.0
201100052136,0011-09-23 11:40:00,11,9,23,11,40,950,582,R DU MARECHAL FOCH,48.9713,2.2642,Plein jour,En agglomération,Hors intersection,Normale,Autre collision,,,,,,,,,,,1,2,1,1.0,6.0
201100052137,0011-09-22 07:10:00,11,9,22,7,10,950,18,R AMBROISE THOMAS,48.9363,2.2379,Crépuscule ou aube,En agglomération,Hors intersection,Normale,Deux véhicules - arrière,,,,,,,,,,,2,2,1,1.0,2.0
201100052138,0011-09-23 16:45:00,11,9,23,16,45,950,18,BD LEON FEIX,48.9482,2.2521,Plein jour,En agglomération,Hors intersection,Normale,Autre collision,,,,,,,,,,,1,2,1,1.0,6.0
201100052139,0011-09-20 16:55:00,11,9,20,16,55,950,18,R D'ARRAS,48.9584,2.2805,Plein jour,En agglomération,Hors intersection,Normale,Autre collision,,,,,,,,,,,1,2,1,1.0,6.0
201100052140,0011-09-29 08:00:00,11,9,29,8,0,950,582,R GEORGES RISLER,48.9729,2.2542,Plein jour,En agglomération,Intersection en T,Normale,Autre collision,,,,,,,,,,,1,2,3,1.0,6.0
201100052141,0011-09-29 21:55:00,11,9,29,21,55,950,582,R  GEORGES CLEMENCEAU,48.9691,2.2565,Nuit avec éclairage allumé,En agglomération,Giratoire,Normale,Autre collision,,,,,,,,,,,5,2,6,1.0,6.0
201100052142,0011-09-29 16:00:00,11,9,29,16,0,950,582,BD CHARLES DE GAULLE,48.9725,2.2554,Plein jour,En agglomération,Hors intersection,Normale,Autre collision,,,,,,,,,,,1,2,1,1.0,6.0
201100052143,0011-09-30 16:30:00,11,9,30,16,30,950,18,RTE DE PONTOISE,48.9415,2.2067,Plein jour,En agglomération,Intersection en X,Normale,Autre collision,,,,,,,,,,,1,2,2,1.0,6.0
201100052144,0011-09-30 10:05:00,11,9,30,10,5,950,18,R DE LA GRANDE CEINTURE,48.9487,2.2589,Plein jour,En agglomération,Hors intersection,Normale,Deux véhicules - côté,,,,,,,,,,,1,2,1,1.0,3.0
201100052145,0011-09-28 21:14:00,11,9,28,21,14,950,18,BD DE LA RESISTANCE,48.9502,2.2272,Nuit avec éclairage allumé,En agglomération,Intersection en Y,Normale,Sans collision,,,,,,,,,,,5,2,4,1.0,7.0
201100052146,0011-10-04 11:40:00,11,10,4,11,40,950,18,BD MAURICE BERTEAUX,48.9477,2.2559,Plein jour,En agglomération,Intersection en X,Normale,Autre collision,,,,,,,,,,,1,2,2,1.0,6.0
201100052147,0011-10-03 14:30:00,11,10,3,14,30,950,176,R DES ESTERELLES,48.9699,2.1968,Plein jour,En agglomération,Hors intersection,Normale,Autre collision,,,,,,,,,,,1,2,1,1.0,6.0
201100052148,0011-10-03 17:45:00,11,10,3,17,45,950,18,BD DU GENERAL LECLERC,48.9452,2.2322,Plein jour,En agglomération,Hors intersection,Temps éblouissant,Autre collision,,,,,,,,,,,1,2,1,7.0,6.0
201100052149,0011-10-05 17:10:00,11,10,5,17,10,950,582,BD GAMBETTA,48.9801,2.2354,Plein jour,En agglomération,Intersection en X,Normale,Deux véhicules - arrière,,,,,,,,,,,1,2,2,1.0,2.0
201100052150,0011-10-09 17:18:00,11,10,9,17,18,950,18,R VERTE,48.9369,2.2455,Plein jour,En agglomération,Intersection en T,Normale,Trois véhicules et plus - en chaîne,,,,,,,,,,,1,2,3,1.0,4.0
201100052151,0011-10-06 06:55:00,11,10,6,6,55,950,18,RTE DE PONTOISE,48.9394,2.2069,Nuit avec éclairage allumé,En agglomération,Intersection en T,Normale,Deux véhicules - côté,,,,,,,,,,,5,2,3,1.0,3.0
201100052152,0011-10-10 18:10:00,11,10,10,18,10,950,18,RTE DE CORMEILLES,48.9552,2.2324,Plein jour,En agglomération,Intersection en X,Normale,Deux véhicules - côté,,,,,,,,,,,1,2,2,1.0,3.0
201100052153,0011-10-13 09:15:00,11,10,13,9,15,950,18,R HENRI BARBUSSE,48.9329,2.2325,Plein jour,En agglomération,Hors intersection,Normale,Deux véhicules - côté,,,,,,,,,,,1,2,1,1.0,3.0
201100052154,0011-10-14 17:45:00,11,10,14,17,45,950,18,R DU PEROUZET,48.9369,2.2433,Plein jour,En agglomération,Intersection en T,Normale,Deux véhicules - côté,,,,,,,,,,,1,2,3,1.0,3.0
201100052155,0011-10-15 02:00:00,11,10,15,2,0,950,18,BD GALLIENI,48.9412,2.2404,Nuit avec éclairage allumé,En agglomération,Intersection en X,Normale,Deux véhicules - côté,,,,,,,,,,,5,2,2,1.0,3.0
201100052156,0011-10-18 11:25:00,11,10,18,11,25,950,18,AV DU MARECHAL JOFFRE,48.9571,2.2402,Plein jour,En agglomération,Intersection en T,Normale,Deux véhicules - côté,,,,,,,,,,,1,2,3,1.0,3.0
201100052157,0011-10-18 14:25:00,11,10,18,14,25,950,18,BD JEAN ALLEMANE,48.9603,2.2584,Plein jour,En agglomération,Hors intersection,Pluie légère,Deux véhicules - arrière,,,,,,,,,,,1,2,1,2.0,2.0
201100052158,0011-10-20 15:00:00,11,10,20,15,0,950,18,R DU LT COLONEL PRUDHON,48.9431,2.2424,Plein jour,En agglomération,Intersection en X,Normale,Deux véhicules - arrière,,,,,,,,,,,1,2,2,1.0,2.0
201100052159,0011-10-22 20:00:00,11,10,22,20,0,950,18,RTE DE PONTOISE,48.9519,2.2058,Nuit avec éclairage allumé,En agglomération,Hors intersection,Temps couvert,Deux véhicules - côté,,,,,,,,,,,5,2,1,8.0,3.0
201100052160,0011-10-24 19:05:00,11,10,24,19,5,950,18,R DE LA CHAPELLE,48.9594,2.2359,Nuit avec éclairage allumé,En agglomération,Intersection en X,Normale,Deux véhicules - côté,,,,,,,,,,,5,2,2,1.0,3.0
201100052161,0011-11-15 18:00:00,11,11,15,18,0,950,18,RD 311,48.9498,2.2762,Nuit avec éclairage allumé,En agglomération,Hors intersection,Normale,Sans collision,,,,,,,,,,,5,2,1,1.0,7.0
201100052162,0011-11-02 19:00:00,11,11,2,19,0,950,18,AV DU MARECHAL JOFFRE,48.9571,2.2402,Nuit avec éclairage allumé,En agglomération,Intersection en T,Pluie légère,Deux véhicules - côté,,,,,,,,,,,5,2,3,2.0,3.0
201100052163,0011-11-03 17:30:00,11,11,3,17,30,950,18,RTE DE PONTOISE,48.9519,2.2057,Nuit avec éclairage allumé,En agglomération,Hors intersection,Pluie forte,Deux véhicules - arrière,,,,,,,,,,,5,2,1,3.0,2.0
201100052164,0011-11-07 13:25:00,11,11,7,13,25,950,18,BD GALLIENI,48.9426,2.2429,Plein jour,En agglomération,Intersection en X,Normale,Deux véhicules - côté,,,,,,,,,,,1,2,2,1.0,3.0
201100052165,0011-11-10 08:50:00,11,11,10,8,50,950,18,AV DE VERDUN,48.9525,2.2436,Plein jour,En agglomération,Intersection en X,Normale,Autre collision,,,,,,,,,,,1,2,2,1.0,6.0
201100052166,0011-11-12 14:25:00,11,11,12,14,25,950,176,BD DE LORRAINE,48.9707,2.1882,Plein jour,En agglomération,Intersection en Y,Normale,Deux véhicules - frontale,,,,,,,,,,,1,2,4,1.0,1.0
201100052167,0011-11-12 17:15:00,11,11,12,17,15,950,18,AV JEAN JAURES,48.9397,2.2292,Nuit avec éclairage allumé,En agglomération,Hors intersection,Normale,Trois véhicules et plus - collisions multiples,,,,,,,,,,,5,2,1,1.0,5.0
201100052168,0011-11-12 19:30:00,11,11,12,19,30,950,18,AV GABRIEL PERI,48.9442,2.2509,Nuit avec éclairage allumé,En agglomération,Intersection en X,Normale,Deux véhicules - frontale,,,,,,,,,,,5,2,2,1.0,1.0
201100052169,0011-11-15 07:45:00,11,11,15,7,45,950,176,BD CLEMENCEAU,48.9756,2.1862,Plein jour,En agglomération,Hors intersection,Pluie légère,Deux véhicules - côté,,,,,,,,,,,1,2,1,2.0,3.0
201100052170,0011-11-18 19:55:00,11,11,18,19,55,950,18,R DU LT COLONEL PRUDHON,48.9426,2.2429,Nuit avec éclairage allumé,En agglomération,Intersection en X,Normale,Deux véhicules - côté,,,,,,,,,,,5,2,2,1.0,3.0
201100052171,0011-11-20 14:40:00,11,11,20,14,40,950,18,R D'EPINAY,48.9553,2.2902,Plein jour,En agglomération,Intersection en X,Normale,Deux véhicules - côté,,,,,,,,,,,1,2,2,1.0,3.0
201100052172,0011-11-18 19:20:00,11,11,18,19,20,950,18,BD DE LA RESISTANCE,48.9533,2.2174,Nuit avec éclairage allumé,En agglomération,Intersection en T,Normale,Deux véhicules - frontale,,,,,,,,,,,5,2,3,1.0,1.0
201100052173,0011-11-21 08:15:00,11,11,21,8,15,950,582,R FELIX ET ROGER POZZI,48.9678,2.2536,Plein jour,En agglomération,Hors intersection,Pluie légère,Autre collision,,,,,,,,,,,1,2,1,2.0,6.0
201100052174,0011-11-23 14:15:00,11,11,23,14,15,950,18,BD GENERAL LECLERC,48.9466,2.2375,Plein jour,En agglomération,Hors intersection,Normale,Autre collision,,,,,,,,,,,1,2,1,1.0,6.0
201100052175,0011-11-24 11:40:00,11,11,24,11,40,950,18,BD JEAN ALLEMANE,48.9586,2.2574,Plein jour,En agglomération,Intersection en X,Normale,Autre collision,,,,,,,,,,,1,2,2,1.0,6.0
201100052176,0011-11-25 19:00:00,11,11,25,19,0,950,18,AV DE STALINGRAD,48.9529,2.2692,Nuit avec éclairage allumé,En agglomération,Hors intersection,Normale,Autre collision,,,,,,,,,,,5,2,1,1.0,6.0
201100052177,0011-11-29 21:15:00,11,11,29,21,15,950,176,R DE FRANCONVILLE,48.9778,2.2124,Nuit avec éclairage allumé,En agglomération,Hors intersection,Pluie légère,Autre collision,,,,,,,,,,,5,2,1,2.0,6.0
201100052178,0011-11-28 07:55:00,11,11,28,7,55,950,18,BD JEANNE D'ARC,48.9461,2.2479,Crépuscule ou aube,En agglomération,Intersection en X,Normale,Deux véhicules - côté,,,,,,,,,,,2,2,2,1.0,3.0
201100052179,0011-11-30 08:20:00,11,11,30,8,20,950,176,RTE D'ARGENTEUIL,,,Plein jour,En agglomération,Hors intersection,Normale,Deux véhicules - côté,,,,,,,,,,,1,2,1,1.0,3.0
201100052180,0011-12-01 16:22:00,11,12,1,16,22,950,18,BD JEANNE D'ARC,48.9448,2.2461,Plein jour,En agglomération,Intersection en T,Temps couvert,Sans collision,,,,,,,,,,,1,2,3,8.0,7.0
201100052181,0011-12-01 17:24:00,11,12,1,17,24,950,18,R DE  VOLEMBERT,48.9567,2.2576,Nuit avec éclairage allumé,En agglomération,Hors intersection,Pluie légère,Deux véhicules - côté,,,,,,,,,,,5,2,1,2.0,3.0
201100052182,0011-12-01 19:10:00,11,12,1,19,10,950,582,R DES FOSSES TREMPES,48.9823,2.2409,Nuit avec éclairage allumé,En agglomération,Intersection en T,Normale,Autre collision,,,,,,,,,,,5,2,3,1.0,6.0
201100052183,0011-12-05 11:30:00,11,12,5,11,30,950,18,BD JEAN ALLEMANE,48.9569,2.2563,Plein jour,En agglomération,Intersection en Y,Normale,Autre collision,,,,,,,,,,,1,2,4,1.0,6.0
201100052184,0011-12-09 07:45:00,11,12,9,7,45,950,18,BD GENERAL LECLERC,48.9832,2.2279,Nuit avec éclairage allumé,En agglomération,Giratoire,Pluie légère,Deux véhicules - côté,,,,,,,,,,,5,2,6,2.0,3.0
201100052185,0011-12-09 12:20:00,11,12,9,12,20,950,582,R DE L'ERMITAGE,48.9744,2.2366,Plein jour,En agglomération,Hors intersection,Pluie légère,Autre collision,,,,,,,,,,,1,2,1,2.0,6.0
201100052186,0011-12-07 20:10:00,11,12,7,20,10,950,18,AV DE STALINGRAD,48.9529,2.2694,Nuit avec éclairage allumé,En agglomération,Intersection en T,Normale,Deux véhicules - arrière,,,,,,,,,,,5,2,3,1.0,2.0
201100052187,0011-12-10 20:10:00,11,12,10,20,10,950,176,R DE MONTIGNY,48.9801,2.1916,Nuit avec éclairage allumé,En agglomération,Hors intersection,Temps couvert,Autre collision,,,,,,,,,,,5,2,1,8.0,6.0
201100052188,0011-12-11 11:49:00,11,12,11,11,49,950,18,BD HELOISE,48.9392,2.2479,Plein jour,En agglomération,Intersection en T,Pluie légère,Autre collision,,,,,,,,,,,1,2,3,2.0,6.0
201100052189,0011-12-13 08:10:00,11,12,13,8,10,950,18,BD HELOISE,48.9383,2.2467,Crépuscule ou aube,En agglomération,Hors intersection,Pluie légère,Deux véhicules - côté,,,,,,,,,,,2,2,1,2.0,3.0
201100052190,0011-12-13 06:30:00,11,12,13,6,30,950,18,AV GABRIEL PERI,48.9442,2.2511,Nuit avec éclairage allumé,En agglomération,Intersection en X,Pluie légère,Autre collision,,,,,,,,,,,5,2,2,2.0,6.0
201100052191,0011-12-15 13:10:00,11,12,15,13,10,950,18,R DE CHAMPAGNE,48.9606,2.2505,Plein jour,En agglomération,Hors intersection,Pluie légère,Autre collision,,,,,,,,,,,1,2,1,2.0,6.0
201100052192,0011-12-16 09:10:00,11,12,16,9,10,950,18,BD LEON FEIX,48.9468,2.2493,Plein jour,En agglomération,Intersection en T,Normale,Autre collision,,,,,,,,,,,1,2,3,1.0,6.0
201100052193,0011-12-18 08:40:00,11,12,18,8,40,950,18,RD 311,48.9532,2.2771,Crépuscule ou aube,Hors agglomération,Hors intersection,Normale,Autre collision,,,,,,,,,,,2,1,1,1.0,6.0
201100052194,0011-12-17 07:50:00,11,12,17,7,50,950,582,R DE L'ERMITAGE,48.9766,2.2373,Crépuscule ou aube,En agglomération,Hors intersection,Pluie légère,Deux véhicules - frontale,,,,,,,,,,,2,2,1,2.0,1.0
201100052195,0011-12-19 18:40:00,11,12,19,18,40,950,18,R DE LA  LIBERTE,48.9431,2.2505,Nuit avec éclairage allumé,En agglomération,Hors intersection,Pluie forte,Autre collision,,,,,,,,,,,5,2,1,3.0,6.0
201100052196,0011-12-20 10:50:00,11,12,20,10,50,950,18,BD LEON FEIX,48.9482,2.2519,Plein jour,En agglomération,Intersection en X,Normale,Autre collision,,,,,,,,,,,1,2,2,1.0,6.0
201100052197,0011-12-20 16:50:00,11,12,20,16,50,950,18,AV DE VERDUN,48.9548,2.2423,Crépuscule ou aube,En agglomération,Intersection en X,Normale,Deux véhicules - côté,,,,,,,,,,,2,2,2,1.0,3.0
201100052198,0011-12-20 18:45:00,11,12,20,18,45,950,18,RD 311,48.9487,2.2731,Crépuscule ou aube,Hors agglomération,Hors intersection,Normale,Trois véhicules et plus - en chaîne,,,,,,,,,,,2,1,1,1.0,4.0
201100052199,0011-12-21 13:10:00,11,12,21,13,10,950,18,AV DE VERDUN,48.9527,2.2434,Plein jour,En agglomération,Passage à niveau,Pluie légère,Autre collision,,,,,,,,,,,1,2,8,2.0,6.0
201100052200,0011-12-24 10:00:00,11,12,24,10,0,950,18,R ALFRED LABRIERE,48.9448,2.2547,Plein jour,En agglomération,Intersection en X,Normale,Autre collision,,,,,,,,,,,1,2,2,1.0,6.0
201100052201,0011-12-23 20:50:00,11,12,23,20,50,950,582,BD CHARLES DE GAULLE,48.9721,2.2561,Nuit avec éclairage allumé,En agglomération,Intersection en X,Pluie légère,Deux véhicules - frontale,,,,,,,,,,,5,2,2,2.0,1.0
201100052202,0011-12-25 14:45:00,11,12,25,14,45,950,18,AV JEAN JAURES,48.9404,2.2236,Plein jour,En agglomération,Intersection en X,Normale,Trois véhicules et plus - en chaîne,,,,,,,,,,,1,2,2,1.0,4.0
201100052203,0011-12-26 17:10:00,11,12,26,17,10,950,176,R DE SAINT-GERMAIN,48.9668,2.1937,Crépuscule ou aube,En agglomération,Intersection en X,Normale,Trois véhicules et plus - en chaîne,,,,,,,,,,,2,2,2,1.0,4.0
201100052204,0011-01-19 20:05:00,11,1,19,20,5,950,63,"4, R EDOUARD VAILLANT",48.928,2.223,Nuit avec éclairage allumé,En agglomération,Hors intersection,Normale,Deux véhicules - frontale,,,,,,,,,,,5,2,1,1.0,1.0
201100052205,0011-12-21 16:20:00,11,12,21,16,20,950,63,AV GABRIEL PERI,48.9274,2.2156,Plein jour,En agglomération,Hors intersection,Temps couvert,Deux véhicules - côté,,,,,,,,,,,1,2,1,8.0,3.0
201100052206,0011-06-25 16:30:00,11,6,25,16,30,950,63,R DE  PONTOISE,48.9273,2.2161,Plein jour,En agglomération,Hors intersection,Temps éblouissant,Autre collision,,,,,,,,,,,1,2,1,7.0,6.0
201100052207,0011-07-26 18:15:00,11,7,26,18,15,950,63,"93,R DE L' AGRICULTURE",48.932,2.2171,Plein jour,En agglomération,Intersection en T,Temps couvert,Deux véhicules - frontale,,,,,,,,,,,1,2,3,8.0,1.0
201100052208,0011-06-24 19:00:00,11,6,24,19,0,950,63,AV GABRIEL PERI,48.9283,2.2146,Plein jour,En agglomération,Hors intersection,Normale,Deux véhicules - côté,,,,,,,,,,,1,2,1,1.0,3.0
201100052209,0011-08-08 15:15:00,11,8,8,15,15,950,63,PL GRAND CERF,48.9235,2.2084,Plein jour,En agglomération,Hors intersection,Normale,Autre collision,,,,,,,,,,,1,2,1,1.0,6.0
201100052210,0011-06-28 14:35:00,11,6,28,14,35,950,63,AV GABRIEL PERI,48.9329,2.2103,Plein jour,En agglomération,Hors intersection,Normale,Autre collision,,,,,,,,,,,1,2,1,1.0,6.0
201100052211,0011-09-14 11:20:00,11,9,14,11,20,950,63,R DES FRERES BONNEFF,48.9277,2.2132,Plein jour,En agglomération,Intersection en T,Temps éblouissant,Deux véhicules - frontale,,,,,,,,,,,1,2,3,7.0,1.0
201100052212,0011-09-27 17:15:00,11,9,27,17,15,950,63,PL GRAND CERF,48.9234,2.2078,Plein jour,En agglomération,Hors intersection,Normale,Autre collision,,,,,,,,,,,1,2,1,1.0,6.0
201100052213,0011-10-05 14:30:00,11,10,5,14,30,950,63,R EDOUARD VAILLANT,48.9267,2.2143,Plein jour,En agglomération,Hors intersection,Normale,Autre collision,,,,,,,,,,,1,2,1,1.0,6.0
201100052214,0011-09-07 06:15:00,11,9,7,6,15,950,63,PL GRAND CERF,48.9235,2.2078,Nuit avec éclairage allumé,En agglomération,Hors intersection,Normale,Autre collision,,,,,,,,,,,5,2,1,1.0,6.0
201100052215,0011-12-08 19:35:00,11,12,8,19,35,950,63,R LUCIEN SAMPAIX,48.9378,2.2071,Crépuscule ou aube,En agglomération,Hors intersection,Pluie légère,Deux véhicules - frontale,,,,,,,,,,,2,2,1,2.0,1.0
201100052216,0011-03-05 13:00:00,11,3,5,13,0,950,127,BD DE L'OISE,49.0474,2.05189,Plein jour,En agglomération,Intersection en X,Normale,Deux véhicules - côté,,,,,,,,,,,1,2,2,1.0,3.0
201100052217,0011-03-08 11:00:00,11,3,8,11,0,950,218,AV ROGER SALENGRO,49.0175,2.1119,Plein jour,En agglomération,Intersection en T,Normale,Deux véhicules - côté,,,,,,,,,,,1,2,3,1.0,3.0
201100052218,0011-05-01 00:25:00,11,5,1,0,25,950,572,R GENERAL LECLERC,49.0475,2.1035,Nuit avec éclairage allumé,En agglomération,Hors intersection,Normale,Autre collision,,,,,,,,,,,5,2,1,1.0,6.0
201100052219,0011-04-02 16:00:00,11,4,2,16,0,950,572,AV DE VERDUN,49.0377,2.1038,Plein jour,En agglomération,Hors intersection,Normale,Autre collision,,,,,,,,,,,1,2,1,1.0,6.0
201100052220,0011-05-21 23:10:00,11,5,21,23,10,950,572,AV DE VERDUN,49.0382,2.1042,Nuit avec éclairage allumé,En agglomération,Hors intersection,Normale,Autre collision,,,,,,,,,,,5,2,1,1.0,6.0
201100052221,0011-07-03 21:00:00,11,7,3,21,0,950,127,BD DE L'HAUTIL,49.0361,2.0848,Plein jour,En agglomération,Intersection en X,Normale,Deux véhicules - côté,,,,,,,,,,,1,2,2,1.0,3.0
201100052222,0011-07-02 15:15:00,11,7,2,15,15,950,218,BD JACQUES DUCLOS,49.0158,2.09189,Plein jour,Hors agglomération,Intersection en X,Normale,Deux véhicules - côté,,,,,,,,,,,1,1,2,1.0,3.0
201100052223,0011-07-25 21:40:00,11,7,25,21,40,950,127,BD DE  L'OISE,49.0429,2.0181,Nuit avec éclairage allumé,En agglomération,Intersection en X,Normale,Deux véhicules - côté,,,,,,,,,,,5,2,2,1.0,3.0
201100052224,0011-07-25 20:00:00,11,7,25,20,0,950,127,BD DE L'HAUTIL,49.0298,2.0696,Plein jour,En agglomération,Intersection en X,Normale,Deux véhicules - côté,,,,,,,,,,,1,2,2,1.0,3.0
201100052225,0011-07-17 05:00:00,11,7,17,5,0,950,271,RD 915,49.0871,2.0625,Nuit sans éclairage public,Hors agglomération,Hors intersection,Normale,Sans collision,,,,,,,,,,,3,1,1,1.0,7.0
201100052226,0011-09-28 12:30:00,11,9,28,12,30,950,127,RN 14,,,Plein jour,Hors agglomération,Hors intersection,Normale,Autre collision,,,,,,,,,,,1,1,1,1.0,6.0
201100052227,0011-09-29 13:20:00,11,9,29,13,20,950,500,AV GENERAL G DELARUE,49.0448,2.0955,Plein jour,En agglomération,Hors intersection,Normale,Autre collision,,,,,,,,,,,1,2,1,1.0,6.0
201100052228,0011-10-02 21:20:00,11,10,2,21,20,950,572,AV DU VERT GALANT,49.0516,2.1327,Nuit avec éclairage allumé,En agglomération,Intersection en X,Normale,Deux véhicules - côté,,,,,,,,,,,5,2,2,1.0,3.0
201100052229,0011-10-10 07:20:00,11,10,10,7,20,950,218,BD JACQUES DUCLOS,49.0244,2.1039,Nuit avec éclairage allumé,En agglomération,Intersection en X,Normale,Trois véhicules et plus - en chaîne,,,,,,,,,,,5,2,2,1.0,4.0