accident_id,datetime,annee,mois,jour,heure,minute,departement,commune_insee,adresse,latitude,longitude,luminosite,agglomeration,intersection,meteo,collision,nb_vehicules,nb_usagers,nb_indemnes,nb_tues,nb_blesses_hosp,nb_blesses_legers,age_cond_1,age_cond_2,veh_type_cond_1,veh_type_cond_2,lum_code,agg_code,int_code,atm_code,col_code
201100052476,0011-06-24 04:30:00,11,6,24,4,30,950,306,AV DE LA LIBERATION,49.0007,2.1824,Crépuscule ou aube,En agglomération,Giratoire,Normale,Sans collision,,,,,,,,,,,2,2,6,1.0,7.0
201100052477,0011-07-01 09:20:00,11,7,1,9,20,950,306,R DE LA PLATRIERE,48.9921,2.1783,Plein jour,En agglomération,Hors intersection,Normale,Autre collision,,,,,,,,,,,1,2,1,1.0,6.0
201100052478,0011-07-10 14:30:00,11,7,10,14,30,950,424,109 BD  VICTOR BORDIER,48.9952,2.1925,Plein jour,En agglomération,Hors intersection,Normale,Autre collision,,,,,,,,,,,1,2,1,1.0,6.0
201100052479,0011-07-16 10:45:00,11,7,16,10,45,950,306,R LOUIS ARMAND,49.0025,2.1755,Plein jour,En agglomération,Hors intersection,Normale,Deux véhicules - arrière,,,,,,,,,,,1,2,1,1.0,2.0
201100052480,0011-07-18 16:15:00,11,7,18,16,15,950,424,"254,BD PONTOISE",48.9912,2.1815,Plein jour,En agglomération,Hors intersection,Pluie légère,Trois véhicules et plus - en chaîne,,,,,,,,,,,1,2,1,2.0,4.0
201100052481,0011-08-10 20:19:00,11,8,10,20,19,950,424,R GENERAL DE GAULLE,49.0008,2.1961,Nuit avec éclairage allumé,En agglomération,Hors intersection,Normale,Autre collision,,,,,,,,,,,5,2,1,1.0,6.0
201100052482,0011-08-11 21:10:00,11,8,11,21,10,950,424,BD DE PONTOISE,48.9908,2.1812,Nuit avec éclairage allumé,En agglomération,Intersection en X,Normale,Deux véhicules - côté,,,,,,,,,,,5,2,2,1.0,3.0
201100052483,0011-08-14 20:00:00,11,8,14,20,0,950,424,R ANATOLE FRANCE,48.9898,2.1827,Plein jour,En agglomération,Hors intersection,Normale,Deux véhicules - frontale,,,,,,,,,,,1,2,1,1.0,1.0
201100052484,0011-08-19 22:45:00,11,8,19,22,45,950,424,R AUGUSTE RENOIR,48.9954,2.2068,Nuit avec éclairage allumé,En agglomération,Intersection en T,Normale,Deux véhicules - frontale,,,,,,,,,,,5,2,3,1.0,1.0
201100052485,0011-09-07 11:30:00,11,9,7,11,30,950,306,MAIL DES COPISTES,48.9988,2.1891,Plein jour,En agglomération,Hors intersection,Normale,Autre collision,,,,,,,,,,,1,2,1,1.0,6.0
201100052486,0011-09-13 15:40:00,11,9,13,15,40,950,424,BD VICTOR BORDIER,48.9958,2.1915,Plein jour,En agglomération,Hors intersection,Normale,Deux véhicules - arrière,,,,,,,,,,,1,2,1,1.0,2.0
201100052487,0011-09-22 09:40:00,11,9,22,9,40,950,306,BD OSCAR THEVENIN,48.9903,2.1629,Plein jour,En agglomération,Hors intersection,Normale,Autre collision,,,,,,,,,,,1,2,1,1.0,6.0
201100052488,0011-09-24 19:30:00,11,9,24,19,30,950,424,BD VICTOR BORDIER,48.9946,2.1942,Plein jour,En agglomération,Hors intersection,Normale,Deux véhicules - côté,,,,,,,,,,,1,2,1,1.0,3.0
201100052489,0011-09-27 09:25:00,11,9,27,9,25,950,306,R  BALZAC,48.9964,2.1517,Plein jour,En agglomération,Intersection en X,Normale,Deux véhicules - côté,,,,,,,,,,,1,2,2,1.0,3.0
201100052490,0011-10-09 16:30:00,11,10,9,16,30,950,424,BD DE PONTOISE,48.9908,2.1819,Plein jour,En agglomération,Hors intersection,Normale,Deux véhicules - côté,,,,,,,,,,,1,2,1,1.0,3.0
201100052491,0011-11-01 16:30:00,11,11,1,16,30,950,424,BD VICTOR BORDIER,48.9922,2.1993,Plein jour,En agglomération,Hors intersection,Normale,Deux véhicules - arrière,,,,,,,,,,,1,2,1,1.0,2.0
201100052492,0011-11-17 09:30:00,11,11,17,9,30,950,306,BD DUHAVRE,49.0029,2.1779,Plein jour,En agglomération,Hors intersection,Pluie légère,Autre collision,,,,,,,,,,,1,2,1,2.0,6.0
201100052493,0011-11-18 07:11:00,11,11,18,7,11,950,306,AV DE LA LIBERATION,49.0053,2.1931,Crépuscule ou aube,En agglomération,Hors intersection,Normale,Autre collision,,,,,,,,,,,2,2,1,1.0,6.0
201100052494,0011-12-06 08:35:00,11,12,6,8,35,950,257,QU DE SEINE,48.9742,2.1779,Plein jour,En agglomération,Hors intersection,Normale,Deux véhicules - côté,,,,,,,,,,,1,2,1,1.0,3.0
201100052495,0011-12-08 17:40:00,11,12,8,17,40,950,424,BD DE PONTOISE,48.9874,2.1819,Plein jour,En agglomération,Hors intersection,Normale,Deux véhicules - côté,,,,,,,,,,,1,2,1,1.0,3.0
201100052496,0011-12-24 19:15:00,11,12,24,19,15,950,424,BD DE PONTOISE,48.9885,2.1818,Nuit avec éclairage allumé,En agglomération,Hors intersection,Normale,Trois véhicules et plus - en chaîne,,,,,,,,,,,5,2,1,1.0,4.0
201100052497,0011-12-29 21:30:00,11,12,29,21,30,950,306,BD DES AMBASSADEURS,48.9958,2.1682,Nuit avec éclairage allumé,En agglomération,Intersection en T,Normale,Deux véhicules - côté,,,,,,,,,,,5,2,3,1.0,3.0
201100052498,0011-05-17 14:55:00,11,5,17,14,55,950,424,BD VICTOR BORDIER,48.9941,2.1956,Plein jour,En agglomération,Hors intersection,Normale,Autre collision,,,,,,,,,,,1,2,1,1.0,6.0
201100052499,0011-12-31 22:40:00,11,12,31,22,40,950,487,R DOCTEUR TOUATI,49.1459,2.2847,Nuit avec éclairage allumé,En agglomération,Giratoire,Pluie légère,Deux véhicules - côté,,,,,,,,,,,5,2,6,2.0,3.0
201100052500,0011-01-14 19:30:00,11,1,14,19,30,950,313,AV Michel PONIATOWSKI,49.1109,2.2245,Nuit avec éclairage allumé,En agglomération,Intersection en T,Pluie légère,Trois véhicules et plus - en chaîne,,,,,,,,,,,5,2,3,2.0,4.0
201100052501,0011-01-26 13:10:00,11,1,26,13,10,950,313,AV DU CHEMIN VERT,49.1192,2.2252,Plein jour,En agglomération,Hors intersection,Pluie légère,Autre collision,,,,,,,,,,,1,2,1,2.0,6.0
201100052502,0011-01-28 23:20:00,11,1,28,23,20,950,487,17 R PIERRE BROSSOLETTE,49.15,2.2746,Nuit avec éclairage allumé,En agglomération,Intersection en Y,Normale,Deux véhicules - côté,,,,,,,,,,,5,2,4,1.0,3.0
201100052503,0011-02-06 17:55:00,11,2,6,17,55,950,487,AV GASTON VERMEIRE,49.1518,2.2746,Crépuscule ou aube,En agglomération,Hors intersection,Normale,Deux véhicules - arrière,,,,,,,,,,,2,2,1,1.0,2.0
201100052504,0011-02-11 19:30:00,11,2,11,19,30,950,52,R DE L'ISLE ADAM,49.1394,2.2786,Nuit avec éclairage allumé,En agglomération,Hors intersection,Normale,Deux véhicules - frontale,,,,,,,,,,,5,2,1,1.0,1.0
201100052505,0011-02-14 16:25:00,11,2,14,16,25,950,487,167 AV JACQUES VOGT,49.1554,2.2672,Plein jour,En agglomération,Intersection en T,Normale,Deux véhicules - arrière,,,,,,,,,,,1,2,3,1.0,2.0
201100052506,0011-03-17 09:15:00,11,3,17,9,15,950,487,RD 301,49.1527,2.2466,Plein jour,Hors agglomération,Hors intersection,Normale,Deux véhicules - côté,,,,,,,,,,,1,1,1,1.0,3.0
201100052507,0011-03-15 12:25:00,11,3,15,12,25,950,487,"08,R  ETIENNE DOLET",49.1523,2.2695,Plein jour,En agglomération,Hors intersection,Normale,Autre collision,,,,,,,,,,,1,2,1,1.0,6.0
201100052508,0011-03-14 16:30:00,11,3,14,16,30,950,313,CHE PIERRE TERVER,49.1204,2.2154,Plein jour,Hors agglomération,Hors intersection,Normale,Autre collision,,,,,,,,,,,1,1,1,1.0,6.0
201100052509,0011-03-23 12:40:00,11,3,23,12,40,950,504,RD 78,49.1026,2.3022,Plein jour,Hors agglomération,Hors intersection,Normale,Autre collision,,,,,,,,,,,1,1,1,1.0,6.0
201100052510,0011-03-23 13:25:00,11,3,23,13,25,950,313,"48,AV Michel PONIATOWSKI",49.1124,2.2255,Plein jour,En agglomération,Hors intersection,Normale,Autre collision,,,,,,,,,,,1,2,1,1.0,6.0
201100052511,0011-03-25 16:50:00,11,3,25,16,50,950,313,RD.922,49.1224,2.2451,Plein jour,Hors agglomération,Hors intersection,Normale,Deux véhicules - arrière,,,,,,,,,,,1,1,1,1.0,2.0
201100052512,0011-04-04 19:45:00,11,4,4,19,45,950,313,3 AV de l'ABBE BREUIL,49.1141,2.2171,Plein jour,En agglomération,Hors intersection,Normale,Deux véhicules - côté,,,,,,,,,,,1,2,1,1.0,3.0
201100052513,0011-04-04 14:35:00,11,4,4,14,35,950,487,12 PL de la REPUBLIQUE,49.1528,2.2712,Plein jour,En agglomération,Hors intersection,Normale,Autre collision,,,,,,,,,,,1,2,1,1.0,6.0
201100052514,0011-03-23 12:15:00,11,3,23,12,15,950,487,"63,R DOCTEUR TOUATI",49.1495,2.2896,Plein jour,En agglomération,Hors intersection,Normale,Sans collision,,,,,,,,,,,1,2,1,1.0,7.0
201100052515,0011-04-08 20:45:00,11,4,8,20,45,950,313,RD 922,49.1222,2.2439,Crépuscule ou aube,En agglomération,Hors intersection,Normale,Autre collision,,,,,,,,,,,2,2,1,1.0,6.0
201100052516,0011-04-11 17:15:00,11,4,11,17,15,950,313,CHE DES VANNEAUX,49.1253,2.2553,Plein jour,Hors agglomération,Hors intersection,Normale,Autre collision,,,,,,,,,,,1,1,1,1.0,6.0
201100052517,0011-04-18 04:20:00,11,4,18,4,20,950,313,AV GENERAL DE GAULLE,49.1155,2.2147,Nuit avec éclairage allumé,En agglomération,Hors intersection,Normale,Autre collision,,,,,,,,,,,5,2,1,1.0,6.0
201100052518,0011-04-22 12:50:00,11,4,22,12,50,950,313,GRANDE RUE,49.1121,2.2172,Plein jour,En agglomération,Intersection en X,Normale,Deux véhicules - côté,,,,,,,,,,,1,2,2,1.0,3.0
201100052519,0011-04-28 11:55:00,11,4,28,11,55,950,313,AV DE PARIS,49.1041,2.2493,Plein jour,Hors agglomération,Hors intersection,Normale,Autre collision,,,,,,,,,,,1,1,1,1.0,6.0
201100052520,0011-05-14 18:45:00,11,5,14,18,45,950,313,"03 bis, AV DE PARIS",49.1119,2.2199,Plein jour,En agglomération,Hors intersection,Normale,Sans collision,,,,,,,,,,,1,2,1,1.0,7.0
201100052521,0011-05-19 12:00:00,11,5,19,12,0,950,487,RD 4,49.1527,2.2558,Plein jour,Hors agglomération,Hors intersection,Normale,Trois véhicules et plus - en chaîne,,,,,,,,,,,1,1,1,1.0,4.0
201100052522,0011-05-18 15:15:00,11,5,18,15,15,950,487,R LOUISE MICHEL,49.1467,2.2802,Plein jour,Hors agglomération,Hors intersection,Normale,Autre collision,,,,,,,,,,,1,1,1,1.0,6.0
201100052523,0011-05-20 18:05:00,11,5,20,18,5,950,487,R JEAN CATELAS,49.1534,2.2722,Plein jour,En agglomération,Hors intersection,Normale,Autre collision,,,,,,,,,,,1,2,1,1.0,6.0
201100052524,0011-06-05 14:10:00,11,6,5,14,10,950,313,CHE DES TROIS SOURCES,49.1305,2.2387,Plein jour,Hors agglomération,Hors intersection,Normale,Autre collision,,,,,,,,,,,1,1,1,1.0,6.0
201100052525,0011-06-14 09:50:00,11,6,14,9,50,950,52,"47, BD LEON BLUM",49.1455,2.2872,Plein jour,En agglomération,Hors intersection,Normale,Autre collision,,,,,,,,,,,1,2,1,1.0,6.0
201100052526,0011-06-29 11:05:00,11,6,29,11,5,950,313,R DE BEAUMONT,49.1188,2.2317,Plein jour,En agglomération,Giratoire,Normale,Sans collision,,,,,,,,,,,1,2,6,1.0,7.0
201100052527,0011-08-24 17:15:00,11,8,24,17,15,950,504,RD 78,49.1058,2.2908,Plein jour,En agglomération,Hors intersection,Normale,Deux véhicules - côté,,,,,,,,,,,1,2,1,1.0,3.0
201100052528,0011-08-28 23:00:00,11,8,28,23,0,950,436,RD 301,49.1276,2.2571,Nuit sans éclairage public,Hors agglomération,Hors intersection,Normale,Sans collision,,,,,,,,,,,3,1,1,1.0,7.0
201100052529,0011-09-03 16:10:00,11,9,3,16,10,950,504,R DANIELE CASANOVA,49.1156,2.2887,Plein jour,En agglomération,Hors intersection,Normale,Deux véhicules - arrière,,,,,,,,,,,1,2,1,1.0,2.0
201100052530,0011-09-29 16:50:00,11,9,29,16,50,950,313,AV DE PARIS,49.1039,2.2492,Plein jour,Hors agglomération,Hors intersection,Normale,Deux véhicules - arrière,,,,,,,,,,,1,1,1,1.0,2.0
201100052531,0011-10-05 13:45:00,11,10,5,13,45,950,504,RN 184,,,Plein jour,Hors agglomération,Hors intersection,Normale,Sans collision,,,,,,,,,,,1,1,1,1.0,7.0
201100052532,0011-10-13 15:45:00,11,10,13,15,45,950,313,BD DE TILSIT,49.1251,2.2483,Plein jour,Hors agglomération,Intersection en X,Normale,Deux véhicules - côté,,,,,,,,,,,1,1,2,1.0,3.0
201100052533,0011-10-21 17:05:00,11,10,21,17,5,950,504,R ALEXANDRE PRACHAY,49.1127,2.2882,Plein jour,En agglomération,Intersection en X,Normale,Autre collision,,,,,,,,,,,1,2,2,1.0,6.0
201100052534,0011-11-12 19:30:00,11,11,12,19,30,950,487,R DOCTEUR TOUATI,49.1495,2.2896,Nuit avec éclairage allumé,En agglomération,Hors intersection,Normale,Autre collision,,,,,,,,,,,5,2,1,1.0,6.0
201100052535,0011-11-17 18:10:00,11,11,17,18,10,950,487,R JEAN CATELAS,49.1572,2.2851,Nuit avec éclairage allumé,En agglomération,Hors intersection,Normale,Autre collision,,,,,,,,,,,5,2,1,1.0,6.0
201100052536,0011-11-22 15:35:00,11,11,22,15,35,950,487,R JEAN CATELAS,49.1558,2.2796,Plein jour,En agglomération,Hors intersection,Temps éblouissant,Autre collision,,,,,,,,,,,1,2,1,7.0,6.0
201100052537,0011-11-18 10:45:00,11,11,18,10,45,950,313,R DE L'ISLE ADAM,49.1226,2.2627,Plein jour,Hors agglomération,Hors intersection,Temps couvert,Autre collision,,,,,,,,,,,1,1,1,8.0,6.0
201100052538,0011-11-24 08:55:00,11,11,24,8,55,950,452,AV DE PARIS,49.1276,2.2913,Plein jour,En agglomération,Intersection en X,Temps couvert,Deux véhicules - côté,,,,,,,,,,,1,2,2,8.0,3.0
201100052539,0011-12-16 09:50:00,11,12,16,9,50,950,487,AV JACQUES VOGT,49.1551,2.2683,Plein jour,En agglomération,Intersection en T,Pluie forte,Deux véhicules - côté,,,,,,,,,,,1,2,3,3.0,3.0
201100052540,0011-04-06 14:15:00,11,4,6,14,15,770,294,"n?ant, ROUTE PERIPHERIQU",,,Plein jour,Hors agglomération,Hors intersection,Normale,Autre collision,,,,,,,,,,,1,1,1,1.0,6.0
201100052541,0011-10-10 06:50:00,11,10,10,6,50,950,527,VOIE RAPIDE,49.0056,2.5365,Nuit avec éclairage allumé,Hors agglomération,Hors intersection,Normale,Trois véhicules et plus - en chaîne,,,,,,,,,,,5,1,1,1.0,4.0
201100052542,0011-01-11 23:40:00,11,1,11,23,40,930,73,VOIE RAPIDE SORTIE TERMI,,,Nuit avec éclairage allumé,Hors agglomération,Hors intersection,Normale,Deux véhicules - arrière,,,,,,,,,,,5,1,1,1.0,2.0
201100052543,0011-01-05 18:20:00,11,1,5,18,20,930,73,"5, RUE DU PAVE",,,Nuit avec éclairage allumé,Hors agglomération,Passage à niveau,Temps couvert,Autre collision,,,,,,,,,,,5,1,8,8.0,6.0
201100052544,0011-01-18 14:30:00,11,1,18,14,30,950,212,RTE PERIPHERIQUE AEROPOR,49.0288,2.5598,Plein jour,Hors agglomération,Hors intersection,Pluie légère,Deux véhicules - frontale,,,,,,,,,,,1,1,1,2.0,1.0
201100052545,0011-02-02 04:10:00,11,2,2,4,10,950,527,SORTIE A1 LILLE- PARIS A,49.0081,2.52795,Nuit avec éclairage allumé,Hors agglomération,Hors intersection,Temps couvert,Trois véhicules et plus - collisions multiples,,,,,,,,,,,5,1,1,8.0,5.0
201100052546,0011-02-02 04:13:00,11,2,2,4,13,950,527,voie rapide PARIS-CDG,49.0061,2.5461,Nuit sans éclairage public,Hors agglomération,Hors intersection,Brouillard / fumée,Trois véhicules et plus - collisions multiples,,,,,,,,,,,3,1,1,5.0,5.0
201100052547,0011-02-17 17:30:00,11,2,17,17,30,930,73,voie rapide CdG2-Paris,,,Crépuscule ou aube,Hors agglomération,Hors intersection,Temps couvert,Deux véhicules - arrière,,,,,,,,,,,2,1,1,8.0,2.0
201100052548,0011-05-20 18:59:00,11,5,20,18,59,950,527,RTE DE L'ARPENTEUR,49.0122,2.5203,Plein jour,Hors agglomération,Hors intersection,Normale,Trois véhicules et plus - collisions multiples,,,,,,,,,,,1,1,1,1.0,5.0
201100052549,0011-04-18 14:05:00,11,4,18,14,5,930,13,Avenue de l'Europe,,,Plein jour,Hors agglomération,Intersection en T,Normale,Deux véhicules - côté,,,,,,,,,,,1,1,3,1.0,3.0
201100052550,0011-04-07 19:15:00,11,4,7,19,15,950,527,RTE DES BADAUDS,49.0088,2.5394,Nuit avec éclairage allumé,Hors agglomération,Hors intersection,Normale,Deux véhicules - côté,,,,,,,,,,,5,1,1,1.0,3.0
201100052551,0011-01-30 06:55:00,11,1,30,6,55,770,282,,49.00943,2.54969,Crépuscule ou aube,En agglomération,Hors intersection,Normale,Sans collision,,,,,,,,,,,2,2,1,1.0,7.0
201100052552,0011-10-17 15:16:00,11,10,17,15,16,770,282,,,,Plein jour,En agglomération,Intersection en T,Normale,Deux véhicules - côté,,,,,,,,,,,1,2,3,1.0,3.0
201100052553,0011-03-10 15:26:00,11,3,10,15,26,950,527,RTE DE L'ARPENTEUR,49.0122,2.5219,Plein jour,Hors agglomération,Hors intersection,Normale,Deux véhicules - arrière,,,,,,,,,,,1,1,1,1.0,2.0
201100052554,0011-03-11 15:15:00,11,3,11,15,15,770,291,,49.04545,2.35185,Plein jour,Hors agglomération,Hors intersection,Normale,Autre collision,,,,,,,,,,,1,1,1,1.0,6.0
201100052555,0011-08-22 16:43:00,11,8,22,16,43,930,73,périphérique Sud,,,Plein jour,En agglomération,Hors intersection,Autre,Deux véhicules - arrière,,,,,,,,,,,1,2,1,9.0,2.0
201100052556,0011-03-23 06:35:00,11,3,23,6,35,770,291,,,,Crépuscule ou aube,En agglomération,Hors intersection,Normale,Sans collision,,,,,,,,,,,2,2,1,1.0,7.0
201100052557,0011-09-11 13:45:00,11,9,11,13,45,950,212,RTE PERIPHERIQUE NORD,49.0293,2.5591,Plein jour,Hors agglomération,Giratoire,Normale,Deux véhicules - côté,,,,,,,,,,,1,1,6,1.0,3.0
201100052558,0011-05-08 23:10:00,11,5,8,23,10,930,73,Périphérique Sud,,,Nuit avec éclairage allumé,En agglomération,Hors intersection,Autre,Sans collision,,,,,,,,,,,5,2,1,9.0,7.0
201100052559,0011-03-29 21:30:00,11,3,29,21,30,770,291,RTE PERIPHERIQUE NORD,49.01315,2.59182,Nuit sans éclairage public,Hors agglomération,Giratoire,Pluie légère,Deux véhicules - frontale,,,,,,,,,,,3,1,6,2.0,1.0
201100052560,0011-12-05 07:45:00,11,12,5,7,45,950,680,R GAMBETTA,49.0067,2.3932,Plein jour,En agglomération,Hors intersection,Normale,Autre collision,,,,,,,,,,,1,2,1,1.0,6.0
201100052561,0011-12-18 16:30:00,11,12,18,16,30,950,585,AV PAUL LANGEVIN,48.9833,2.3795,Plein jour,En agglomération,Intersection en T,Pluie légère,Deux véhicules - côté,,,,,,,,,,,1,2,3,2.0,3.0
201100052562,0011-12-18 05:05:00,11,12,18,5,5,950,539,RD 301,48.9946,2.3612,Nuit sans éclairage public,Hors agglomération,Hors intersection,Pluie légère,Trois véhicules et plus - collisions multiples,,,,,,,,,,,3,1,1,2.0,5.0
201100052563,0011-01-20 19:30:00,11,1,20,19,30,950,539,AV DIVISION LECLERC,48.9961,2.3501,Nuit avec éclairage non allumé,En agglomération,Hors intersection,Normale,Deux véhicules - arrière,,,,,,,,,,,4,2,1,1.0,2.0
201100052564,0011-12-06 14:00:00,11,12,6,14,0,950,585,BD ALBERT CAMUS,48.9785,2.3714,Plein jour,En agglomération,Intersection en X,Normale,Autre collision,,,,,,,,,,,1,2,2,1.0,6.0
201100052565,0011-01-31 18:50:00,11,1,31,18,50,950,585,RD 316 PARIS PROVINCE,48.9813,2.3694,Nuit sans éclairage public,En agglomération,Hors intersection,Normale,Deux véhicules - frontale,,,,,,,,,,,3,2,1,1.0,1.0
201100052566,0011-03-04 10:30:00,11,3,4,10,30,950,585,AV PAUL VALERY,48.9796,2.3776,Plein jour,En agglomération,Intersection en T,Normale,Autre collision,,,,,,,,,,,1,2,3,1.0,6.0
201100052567,0011-03-20 07:50:00,11,3,20,7,50,950,539,RD 301,48.9916,2.3602,Crépuscule ou aube,En agglomération,Intersection en X,Normale,Deux véhicules - côté,,,,,,,,,,,2,2,2,1.0,3.0
201100052568,0011-01-25 15:30:00,11,1,25,15,30,950,585,R THEODORE BULLIER,48.9914,2.3694,Plein jour,En agglomération,Intersection en T,Temps couvert,Deux véhicules - côté,,,,,,,,,,,1,2,3,8.0,3.0
201100052569,0011-03-15 13:30:00,11,3,15,13,30,950,585,AV AUGUSTE PERRET,48.9754,2.3847,Plein jour,En agglomération,Hors intersection,Normale,Autre collision,,,,,,,,,,,1,2,1,1.0,6.0
201100052570,0011-03-17 10:55:00,11,3,17,10,55,950,539,RD 11 / RD 125,48.9916,2.3604,Plein jour,Hors agglomération,Intersection en X,Normale,Deux véhicules - côté,,,,,,,,,,,1,1,2,1.0,3.0
201100052571,0011-03-18 14:00:00,11,3,18,14,0,950,585,"01,RTE DE REFUZNICKS",48.9805,2.3879,Plein jour,En agglomération,Intersection en X,Normale,Autre collision,,,,,,,,,,,1,2,2,1.0,6.0
201100052572,0011-04-15 00:20:00,11,4,15,0,20,950,585,BD HENRI BERGSON,48.9743,2.3763,Nuit avec éclairage non allumé,En agglomération,Hors intersection,Normale,Trois véhicules et plus - en chaîne,,,,,,,,,,,4,2,1,1.0,4.0
201100052573,0011-02-13 16:50:00,11,2,13,16,50,950,197,R HAUTE,48.9772,2.3273,Plein jour,En agglomération,Intersection en X,Normale,Deux véhicules - côté,,,,,,,,,,,1,2,2,1.0,3.0
201100052574,0011-03-29 18:00:00,11,3,29,18,0,950,585,AV DIVISION LECLERC,48.9858,2.3716,Plein jour,En agglomération,Hors intersection,Normale,Autre collision,,,,,,,,,,,1,2,1,1.0,6.0
201100052575,0011-04-01 18:20:00,11,4,1,18,20,950,585,"7, AV PAUL VALERY",48.9779,2.3885,Plein jour,En agglomération,Hors intersection,Normale,Autre collision,,,,,,,,,,,1,2,1,1.0,6.0
201100052576,0011-03-21 10:55:00,11,3,21,10,55,950,585,"31,BD MAURICE RAVEL",48.9758,2.3831,Plein jour,En agglomération,Intersection en X,Normale,Autre collision,,,,,,,,,,,1,2,2,1.0,6.0
201100052577,0011-04-27 21:00:00,11,4,27,21,0,950,585,AV DE DIVISION LECLERC,48.9858,2.3718,Plein jour,En agglomération,Hors intersection,Normale,Deux véhicules - arrière,,,,,,,,,,,1,2,1,1.0,2.0
201100052578,0011-05-31 20:45:00,11,5,31,20,45,950,585,R DE MIRAVILLE,48.9962,2.3771,Plein jour,En agglomération,Hors intersection,Normale,Autre collision,,,,,,,,,,,1,2,1,1.0,6.0
201100052579,0011-06-26 05:30:00,11,6,26,5,30,950,539,AV GENERAL DE GAULLE,48.9927,2.3588,Nuit avec éclairage allumé,En agglomération,Hors intersection,Normale,Autre collision,,,,,,,,,,,5,2,1,1.0,6.0
201100052580,0011-07-01 20:20:00,11,7,1,20,20,950,680,PL de l'ECHIQUIER,49.0018,2.39,Plein jour,En agglomération,Hors intersection,Normale,Autre collision,,,,,,,,,,,1,2,1,1.0,6.0
201100052581,0011-04-15 09:00:00,11,4,15,9,0,950,680,AV DES ENTREPRENEURS,48.9998,2.3901,Plein jour,En agglomération,Hors intersection,Normale,Autre collision,,,,,,,,,,,1,2,1,1.0,6.0
201100052582,0011-04-23 20:30:00,11,4,23,20,30,950,585,AV FREDERIC JOLIOT CURI,48.9779,2.3809,Crépuscule ou aube,En agglomération,Hors intersection,Normale,Autre collision,,,,,,,,,,,2,2,1,1.0,6.0
201100052583,0011-04-29 18:05:00,11,4,29,18,5,950,585,R PIERRE BROSSELETTE,48.9932,2.3769,Plein jour,En agglomération,Hors intersection,Normale,Autre collision,,,,,,,,,,,1,2,1,1.0,6.0
201100052584,0011-05-12 11:45:00,11,5,12,11,45,950,585,AV AUGUSTE PERRET,48.9762,2.3801,Plein jour,En agglomération,Hors intersection,Normale,Autre collision,,,,,,,,,,,1,2,1,1.0,6.0
201100052585,0011-05-30 19:55:00,11,5,30,19,55,950,680,R SIGNAC,49.0084,2.4015,Nuit avec éclairage allumé,En agglomération,Hors intersection,Normale,Autre collision,,,,,,,,,,,5,2,1,1.0,6.0
201100052586,0011-05-08 10:10:00,11,5,8,10,10,950,680,R SIGNAC,49.0088,2.3996,Plein jour,En agglomération,Hors intersection,Normale,Autre collision,,,,,,,,,,,1,2,1,1.0,6.0
201100052587,0011-07-03 16:40:00,11,7,3,16,40,950,585,AV de la division Lecler,48.9815,2.3696,Plein jour,En agglomération,Hors intersection,Normale,Deux véhicules - côté,,,,,,,,,,,1,2,1,1.0,3.0
201100052588,0011-06-14 20:00:00,11,6,14,20,0,950,680,AV PIERRE SEMARD,48.9951,2.4158,Crépuscule ou aube,En agglomération,Hors intersection,Normale,Trois véhicules et plus - en chaîne,,,,,,,,,,,2,2,1,1.0,4.0
201100052589,0011-07-13 11:50:00,11,7,13,11,50,950,585,R PIERRE BROSSELETTE,48.9918,2.3746,Plein jour,En agglomération,Hors intersection,Normale,Autre collision,,,,,,,,,,,1,2,1,1.0,6.0
201100052590,0011-03-03 16:50:00,11,3,3,16,50,950,680,R DES GALOPINS,49.0097,2.3981,Plein jour,En agglomération,Hors intersection,Normale,Autre collision,,,,,,,,,,,1,2,1,1.0,6.0
201100052591,0011-04-20 18:15:00,11,4,20,18,15,950,680,ALL PIERRE CORNEILLE,49.0004,2.4153,Plein jour,En agglomération,Hors intersection,Normale,Autre collision,,,,,,,,,,,1,2,1,1.0,6.0
201100052592,0011-04-22 00:20:00,11,4,22,0,20,950,585,"21 bis, BD BERGSON",48.9752,2.3763,Nuit avec éclairage allumé,En agglomération,Hors intersection,Normale,Autre collision,,,,,,,,,,,5,2,1,1.0,6.0
201100052593,0011-04-26 11:25:00,11,4,26,11,25,950,585,AV PAUL VALERY,48.9789,2.3821,Plein jour,En agglomération,Hors intersection,Normale,Autre collision,,,,,,,,,,,1,2,1,1.0,6.0
201100052594,0011-05-20 19:00:00,11,5,20,19,0,950,539,RD 125,48.9916,2.3603,Nuit avec éclairage allumé,En agglomération,Hors intersection,Normale,Deux véhicules - frontale,,,,,,,,,,,5,2,1,1.0,1.0
201100052595,0011-06-23 16:45:00,11,6,23,16,45,950,585,BD MAURICE RAVEL,48.9743,2.3824,Plein jour,En agglomération,Hors intersection,Normale,Autre collision,,,,,,,,,,,1,2,1,1.0,6.0
201100052596,0011-07-02 13:39:00,11,7,2,13,39,950,585,AV CHARLES PEGUY,48.9811,2.3764,Plein jour,En agglomération,Hors intersection,Normale,Autre collision,,,,,,,,,,,1,2,1,1.0,6.0
201100052597,0011-05-06 17:55:00,11,5,6,17,55,950,585,AV PAUL LANGEVIN,48.9836,2.3802,Plein jour,En agglomération,Hors intersection,Normale,Autre collision,,,,,,,,,,,1,2,1,1.0,6.0
201100052598,0011-08-28 11:50:00,11,8,28,11,50,950,680,"95, AV PIERRE SEMARD",48.9996,2.4127,Plein jour,En agglomération,Hors intersection,Normale,Autre collision,,,,,,,,,,,1,2,1,1.0,6.0