accident_id,datetime,annee,mois,jour,heure,minute,departement,commune_insee,adresse,latitude,longitude,luminosite,agglomeration,intersection,meteo,collision,nb_vehicules,nb_usagers,nb_indemnes,nb_tues,nb_blesses_hosp,nb_blesses_legers,age_cond_1,age_cond_2,veh_type_cond_1,veh_type_cond_2,lum_code,agg_code,int_code,atm_code,col_code
201100052599,0011-09-20 12:00:00,11,9,20,12,0,950,585,BD CARPEAUX,48.9803,2.3881,Plein jour,En agglomération,Intersection en X,Normale,Autre collision,,,,,,,,,,,1,2,2,1.0,6.0
201100052600,0011-08-18 16:50:00,11,8,18,16,50,950,585,BD HENRI BERGSON,48.9738,2.3761,Plein jour,En agglomération,Hors intersection,Normale,Autre collision,,,,,,,,,,,1,2,1,1.0,6.0
201100052601,0011-10-22 10:50:00,11,10,22,10,50,950,539,RD 301,49.0055,2.3565,Plein jour,Hors agglomération,Hors intersection,Normale,Deux véhicules - arrière,,,,,,,,,,,1,1,1,1.0,2.0
201100052602,0011-11-04 08:50:00,11,11,4,8,50,950,585,RTE DE GROSLAY,48.9833,2.3693,Plein jour,En agglomération,Hors intersection,Normale,Deux véhicules - arrière,,,,,,,,,,,1,2,1,1.0,2.0
201100052603,0011-11-23 13:35:00,11,11,23,13,35,950,585,AV MARX DORMOY,49.0026,2.3817,Plein jour,En agglomération,Hors intersection,Brouillard / fumée,Deux véhicules - côté,,,,,,,,,,,1,2,1,5.0,3.0
201100052604,0011-12-03 03:42:00,11,12,3,3,42,950,585,AV DIVISION LECLERC,48.9825,2.3705,Nuit avec éclairage allumé,Hors agglomération,Hors intersection,Normale,Deux véhicules - côté,,,,,,,,,,,5,1,1,1.0,3.0
201100052605,0011-12-10 05:50:00,11,12,10,5,50,950,585,R DES CULTIVATEURS,48.9875,2.3814,Nuit sans éclairage public,Hors agglomération,Hors intersection,Normale,Trois véhicules et plus - collisions multiples,,,,,,,,,,,3,1,1,1.0,5.0
201100052606,0011-12-11 21:10:00,11,12,11,21,10,950,585,AV DIVISION LECLERC,48.9821,2.3701,Nuit sans éclairage public,En agglomération,Hors intersection,Pluie forte,Deux véhicules - frontale,,,,,,,,,,,3,2,1,3.0,1.0
201100052607,0011-12-18 13:50:00,11,12,18,13,50,950,680,AV DES ERABLES,49.0004,2.3938,Plein jour,En agglomération,Hors intersection,Normale,Autre collision,,,,,,,,,,,1,2,1,1.0,6.0
201100052608,0011-11-29 17:45:00,11,11,29,17,45,950,585,AV PAUL VALERY,48.9788,2.3828,Plein jour,En agglomération,Hors intersection,Normale,Autre collision,,,,,,,,,,,1,2,1,1.0,6.0
201100052609,0011-01-16 15:55:00,11,1,16,15,55,950,563,BD ANDRE BREMONT,49.0063,2.2454,Plein jour,En agglomération,Intersection en T,Normale,Deux véhicules - côté,,,,,,,,,,,1,2,3,1.0,3.0
201100052610,0011-01-25 17:50:00,11,1,25,17,50,950,51,ALL DES NOISETIERS,49.008,2.1988,Crépuscule ou aube,En agglomération,Hors intersection,Temps couvert,Autre collision,,,,,,,,,,,2,2,1,8.0,6.0
201100052611,0011-02-02 17:55:00,11,2,2,17,55,950,607,AV DIVISION-LECLERC,49.0081,2.2119,Crépuscule ou aube,En agglomération,Hors intersection,Normale,Deux véhicules - côté,,,,,,,,,,,2,2,1,1.0,3.0
201100052612,0011-02-05 16:40:00,11,2,5,16,40,950,563,BD DES NAUDIERES,49.0125,2.2397,Plein jour,En agglomération,Intersection en T,Normale,Deux véhicules - côté,,,,,,,,,,,1,2,3,1.0,3.0
201100052613,0011-02-05 15:55:00,11,2,5,15,55,950,607,PL  VAUCELLES,49.0238,2.227,Plein jour,En agglomération,Intersection en X,Normale,Deux véhicules - côté,,,,,,,,,,,1,2,2,1.0,3.0
201100052614,0011-02-26 22:00:00,11,2,26,22,0,950,607,325 R DEPARIS,49.0304,2.2179,Nuit avec éclairage allumé,En agglomération,Hors intersection,Pluie légère,Trois véhicules et plus - collisions multiples,,,,,,,,,,,5,2,1,2.0,5.0
201100052615,0011-03-12 10:55:00,11,3,12,10,55,950,607,AV DE LA GARE,49.0262,2.2219,Plein jour,En agglomération,Hors intersection,Normale,Autre collision,,,,,,,,,,,1,2,1,1.0,6.0
201100052616,0011-03-28 19:45:00,11,3,28,19,45,950,607,R LADY ASHBURTON,49.0237,2.2247,Plein jour,En agglomération,Intersection en T,Normale,Deux véhicules - frontale,,,,,,,,,,,1,2,3,1.0,1.0
201100052617,0011-03-25 17:45:00,11,3,25,17,45,950,607,R VICTOR BASCH,49.0224,2.2138,Plein jour,En agglomération,Intersection en X,Normale,Deux véhicules - côté,,,,,,,,,,,1,2,2,1.0,3.0
201100052618,0011-04-09 18:40:00,11,4,9,18,40,950,563,BD ANDRE BREMONT,49.0135,2.2306,Plein jour,En agglomération,Intersection en X,Normale,Deux véhicules - côté,,,,,,,,,,,1,2,2,1.0,3.0
201100052619,0011-04-13 11:15:00,11,4,13,11,15,950,607,R DE L'EGLISE,49.0289,2.2249,Plein jour,En agglomération,Hors intersection,Normale,Autre collision,,,,,,,,,,,1,2,1,1.0,6.0
201100052620,0011-04-30 09:40:00,11,4,30,9,40,950,607,PL CHARLES DE GAULLE,49.0264,2.2255,Plein jour,En agglomération,Place,Normale,Autre collision,,,,,,,,,,,1,2,7,1.0,6.0
201100052621,0011-05-10 10:55:00,11,5,10,10,55,950,51,AV CARNOT,49.0162,2.201,Plein jour,En agglomération,Intersection en X,Normale,Deux véhicules - côté,,,,,,,,,,,1,2,2,1.0,3.0
201100052622,0011-05-17 16:50:00,11,5,17,16,50,950,563,AV JEAN ROSTAND,49.0085,2.2432,Plein jour,En agglomération,Hors intersection,Normale,Deux véhicules - arrière,,,,,,,,,,,1,2,1,1.0,2.0
201100052623,0011-05-19 11:00:00,11,5,19,11,0,950,60,"19,AV DE PARIS",49.0362,2.2127,Plein jour,En agglomération,Hors intersection,Normale,Trois véhicules et plus - en chaîne,,,,,,,,,,,1,2,1,1.0,4.0
201100052624,0011-05-22 18:30:00,11,5,22,18,30,950,563,AV JEAN ROSTAND,49.0096,2.2438,Plein jour,En agglomération,Hors intersection,Normale,Deux véhicules - arrière,,,,,,,,,,,1,2,1,1.0,2.0
201100052625,0011-05-23 20:15:00,11,5,23,20,15,950,51,AV D'HERBLAY,49.0079,2.1977,Plein jour,En agglomération,Hors intersection,Normale,Deux véhicules - arrière,,,,,,,,,,,1,2,1,1.0,2.0
201100052626,0011-06-16 10:35:00,11,6,16,10,35,950,51,AV MORERE,49.0135,2.1872,Plein jour,En agglomération,Hors intersection,Normale,Autre collision,,,,,,,,,,,1,2,1,1.0,6.0
201100052627,0011-06-16 18:00:00,11,6,16,18,0,950,607,"32, R GABRIEL PERI",49.0253,2.2321,Plein jour,En agglomération,Hors intersection,Normale,Autre collision,,,,,,,,,,,1,2,1,1.0,6.0
201100052628,0011-06-17 14:00:00,11,6,17,14,0,950,60,"29,AV DE PARIS",49.0357,2.2134,Plein jour,En agglomération,Hors intersection,Normale,Deux véhicules - frontale,,,,,,,,,,,1,2,1,1.0,1.0
201100052629,0011-06-19 21:40:00,11,6,19,21,40,950,563,BD ANDRE BREMONT,49.0135,2.2308,Crépuscule ou aube,En agglomération,Intersection en X,Normale,Deux véhicules - côté,,,,,,,,,,,2,2,2,1.0,3.0
201100052630,0011-06-30 17:45:00,11,6,30,17,45,950,607,BD DU TEMPS DES CERISES,49.0197,2.2226,Plein jour,En agglomération,Giratoire,Normale,Sans collision,,,,,,,,,,,1,2,6,1.0,7.0
201100052631,0011-07-02 11:10:00,11,7,2,11,10,950,607,BD du  TEMPS DES CERISES,49.02,2.2223,Plein jour,En agglomération,Hors intersection,Normale,Deux véhicules - arrière,,,,,,,,,,,1,2,1,1.0,2.0
201100052632,0011-07-05 12:50:00,11,7,5,12,50,950,607,BD DU TEMPS DES CERISES,49.0197,2.2229,Plein jour,En agglomération,Hors intersection,Normale,Deux véhicules - arrière,,,,,,,,,,,1,2,1,1.0,2.0
201100052633,0011-07-07 09:40:00,11,7,7,9,40,950,607,"16,AV DE LA GARE",49.0266,2.224,Plein jour,En agglomération,Hors intersection,Normale,Autre collision,,,,,,,,,,,1,2,1,1.0,6.0
201100052634,0011-07-08 16:15:00,11,7,8,16,15,950,607,BD du TEMPS DES CERISES,49.0197,2.2231,Plein jour,En agglomération,Hors intersection,Normale,Sans collision,,,,,,,,,,,1,2,1,1.0,7.0
201100052635,0011-07-20 16:30:00,11,7,20,16,30,950,563,R VICTOR HUGO,49.0204,2.2365,Plein jour,En agglomération,Intersection en T,Pluie légère,Autre collision,,,,,,,,,,,1,2,3,2.0,6.0
201100052636,0011-08-24 10:05:00,11,8,24,10,5,950,60,"35,AV DE  PARIS",49.0355,2.2133,Plein jour,En agglomération,Hors intersection,Normale,Autre collision,,,,,,,,,,,1,2,1,1.0,6.0
201100052637,0011-08-25 11:15:00,11,8,25,11,15,950,607,BD TEMPS DES CERISES,49.0189,2.2241,Plein jour,En agglomération,Intersection en T,Normale,Deux véhicules - côté,,,,,,,,,,,1,2,3,1.0,3.0
201100052638,0011-08-31 16:45:00,11,8,31,16,45,950,563,"50,R GENERAL LECLERC",49.0186,2.2438,Plein jour,En agglomération,Hors intersection,Normale,Autre collision,,,,,,,,,,,1,2,1,1.0,6.0
201100052639,0011-09-02 19:35:00,11,9,2,19,35,950,607,BD TEMPS DES CERISES,49.0234,2.2167,Plein jour,En agglomération,Hors intersection,Normale,Deux véhicules - arrière,,,,,,,,,,,1,2,1,1.0,2.0
201100052640,0011-09-01 11:35:00,11,9,1,11,35,950,607,R DU MARECHAL FOCH,49.0231,2.2292,Plein jour,En agglomération,Hors intersection,Normale,Autre collision,,,,,,,,,,,1,2,1,1.0,6.0
201100052641,0011-10-08 20:15:00,11,10,8,20,15,950,607,AV DES CHATAIGNIERS,49.0283,2.1868,Nuit avec éclairage allumé,En agglomération,Hors intersection,Pluie légère,Deux véhicules - côté,,,,,,,,,,,5,2,1,2.0,3.0
201100052642,0011-10-15 10:20:00,11,10,15,10,20,950,563,AV DES TILLEULS,49.0159,2.2385,Plein jour,En agglomération,Intersection en X,Normale,Deux véhicules - arrière,,,,,,,,,,,1,2,2,1.0,2.0
201100052643,0011-10-15 16:20:00,11,10,15,16,20,950,607,R DES LILAS,49.0097,2.2089,Plein jour,En agglomération,Intersection en T,Normale,Deux véhicules - côté,,,,,,,,,,,1,2,3,1.0,3.0
201100052644,0011-10-17 12:25:00,11,10,17,12,25,950,51,AV RENE MINIER,49.0132,2.1993,Plein jour,En agglomération,Hors intersection,Normale,Autre collision,,,,,,,,,,,1,2,1,1.0,6.0
201100052645,0011-10-20 18:30:00,11,10,20,18,30,950,607,R D'HERBLAY,49.0152,2.2082,Plein jour,En agglomération,Hors intersection,Normale,Autre collision,,,,,,,,,,,1,2,1,1.0,6.0
201100052646,0011-11-15 18:50:00,11,11,15,18,50,950,51,CH JULES CESAR,49.0127,2.1868,Nuit avec éclairage allumé,En agglomération,Hors intersection,Normale,Autre collision,,,,,,,,,,,5,2,1,1.0,6.0
201100052647,0011-11-16 19:30:00,11,11,16,19,30,950,607,AV DIVISION-LECLERC,49.0155,2.2183,Nuit avec éclairage allumé,En agglomération,Hors intersection,Normale,Trois véhicules et plus - collisions multiples,,,,,,,,,,,5,2,1,1.0,5.0
201100052648,0011-11-19 19:00:00,11,11,19,19,0,950,607,BD TEMPS DES CERISES,49.0197,2.2228,Nuit avec éclairage allumé,En agglomération,Giratoire,Normale,Deux véhicules - côté,,,,,,,,,,,5,2,6,1.0,3.0
201100052649,0011-12-01 14:00:00,11,12,1,14,0,950,51,AV GENERAL LECLERC,49.0109,2.2017,Plein jour,En agglomération,Hors intersection,Pluie légère,Deux véhicules - frontale,,,,,,,,,,,1,2,1,2.0,1.0
201100052650,0011-12-06 14:45:00,11,12,6,14,45,950,51,CH JULES CESAR,49.0089,2.1989,Plein jour,En agglomération,Intersection en X,Pluie légère,Autre collision,,,,,,,,,,,1,2,2,2.0,6.0
201100052651,0011-11-28 13:25:00,11,11,28,13,25,950,51,AV GENERAL DE GAULLE,49.0133,2.1929,Plein jour,En agglomération,Hors intersection,Normale,Deux véhicules - frontale,,,,,,,,,,,1,2,1,1.0,1.0
201100052652,0011-12-07 20:00:00,11,12,7,20,0,950,51,CH JULES CESAR,49.0064,2.2061,Nuit avec éclairage allumé,En agglomération,Intersection en T,Pluie forte,Deux véhicules - côté,,,,,,,,,,,5,2,3,3.0,3.0
201100052653,0011-12-11 13:05:00,11,12,11,13,5,950,60,AV DE LA REPUBLIQUE,49.0429,2.2069,Plein jour,En agglomération,Hors intersection,Pluie légère,Deux véhicules - arrière,,,,,,,,,,,1,2,1,2.0,2.0
201100052654,0011-06-08 23:29:00,11,6,8,23,29,950,51,"21, AV EGALITE",49.0175,2.1861,Nuit avec éclairage allumé,En agglomération,Hors intersection,Normale,Autre collision,,,,,,,,,,,5,2,1,1.0,6.0
201100052655,0011-01-01 08:11:00,11,1,1,8,11,201,4,NATIONALE 194,,,Plein jour,Hors agglomération,Hors intersection,Pluie légère,Deux véhicules - côté,,,,,,,,,,,1,1,1,2.0,3.0
201100052656,0011-01-11 07:40:00,11,1,11,7,40,201,4,"SANS, PAOLI DOMINIQUE  B",,,Plein jour,En agglomération,Hors intersection,Normale,Autre collision,,,,,,,,,,,1,2,1,1.0,6.0
201100052657,0011-01-14 17:02:00,11,1,14,17,2,201,4,ROI DE ROME RUE,,,Plein jour,En agglomération,Intersection en X,Normale,Deux véhicules - côté,,,,,,,,,,,1,2,2,1.0,3.0
201100052658,0011-01-18 08:44:00,11,1,18,8,44,201,4,MONT THABOR RUE DU,,,Plein jour,En agglomération,Hors intersection,Normale,Deux véhicules - arrière,,,,,,,,,,,1,2,1,1.0,2.0
201100052659,0011-01-21 14:09:00,11,1,21,14,9,201,4,ALBERT 1ER BD,,,Plein jour,En agglomération,Hors intersection,Normale,Deux véhicules - côté,,,,,,,,,,,1,2,1,1.0,3.0
201100052660,0011-01-25 18:04:00,11,1,25,18,4,201,4,SEBASTIANU COSTA BD,,,Nuit avec éclairage allumé,En agglomération,Hors intersection,Normale,Autre collision,,,,,,,,,,,5,2,1,1.0,6.0
201100052661,0011-01-28 07:21:00,11,1,28,7,21,201,4,SEBASTIANU COSTA BD,,,Crépuscule ou aube,En agglomération,Hors intersection,Normale,Deux véhicules - arrière,,,,,,,,,,,2,2,1,1.0,2.0
201100052662,0011-01-30 00:01:00,11,1,30,0,1,201,4,COLONNA D'ORNANO COLONEL,,,Nuit avec éclairage allumé,En agglomération,Intersection en X,Pluie légère,Deux véhicules - côté,,,,,,,,,,,5,2,2,2.0,3.0
201100052663,0011-01-30 11:56:00,11,1,30,11,56,201,4,PRINCE IMPERIAL COURS,,,Plein jour,En agglomération,Hors intersection,Normale,Deux véhicules - arrière,,,,,,,,,,,1,2,1,1.0,2.0
201100052664,0011-02-10 07:40:00,11,2,10,7,40,201,4,SEBASTIANU COSTA BD,,,Plein jour,En agglomération,Hors intersection,Pluie légère,Trois véhicules et plus - en chaîne,,,,,,,,,,,1,2,1,2.0,4.0
201100052665,0011-02-13 01:16:00,11,2,13,1,16,201,4,ROSSINI PASCAL BD,,,Nuit sans éclairage public,En agglomération,Hors intersection,Normale,Autre collision,,,,,,,,,,,3,2,1,1.0,6.0
201100052666,0011-02-14 15:40:00,11,2,14,15,40,201,4,MEZZAVIA ROUTE DE,,,Plein jour,En agglomération,Hors intersection,Normale,Autre collision,,,,,,,,,,,1,2,1,1.0,6.0
201100052667,0011-03-04 13:30:00,11,3,4,13,30,201,4,FRANCHINI NOEL AV DOCTEU,,,Plein jour,En agglomération,Hors intersection,Normale,Autre collision,,,,,,,,,,,1,2,1,1.0,6.0
201100052668,0011-03-07 08:40:00,11,3,7,8,40,201,4,MADAME MERE BD,,,Plein jour,En agglomération,Intersection en T,Normale,Deux véhicules - côté,,,,,,,,,,,1,2,3,1.0,3.0
201100052669,0011-03-07 07:03:00,11,3,7,7,3,201,4,PIETRI FRANCOIS RUE,,,Plein jour,En agglomération,Hors intersection,Normale,Deux véhicules - côté,,,,,,,,,,,1,2,1,1.0,3.0
201100052670,0011-03-06 11:54:00,11,3,6,11,54,201,4,"SANS, GIUSTI ET MONDOLON",,,Plein jour,En agglomération,Intersection en T,Normale,Autre collision,,,,,,,,,,,1,2,3,1.0,6.0
201100052671,0011-03-08 17:35:00,11,3,8,17,35,201,4,PERALDI NICOLAS AVENUE,,,Plein jour,En agglomération,Hors intersection,Normale,Deux véhicules - côté,,,,,,,,,,,1,2,1,1.0,3.0
201100052672,0011-03-08 04:08:00,11,3,8,4,8,201,4,NATIONALE 193,,,Nuit avec éclairage allumé,Hors agglomération,Hors intersection,Normale,Sans collision,,,,,,,,,,,5,1,1,1.0,7.0
201100052673,0011-03-15 11:10:00,11,3,15,11,10,201,4,MEZZAVIA ROUTE DE,,,Plein jour,En agglomération,Hors intersection,Normale,Deux véhicules - côté,,,,,,,,,,,1,2,1,1.0,3.0
201100052674,0011-03-15 15:28:00,11,3,15,15,28,201,4,"19, BEVERINI VICO PAIR A",,,Plein jour,En agglomération,Hors intersection,Normale,Autre collision,,,,,,,,,,,1,2,1,1.0,6.0
201100052675,0011-03-18 11:55:00,11,3,18,11,55,201,4,CAMPI LOUIS BD,,,Plein jour,En agglomération,Hors intersection,Normale,Deux véhicules - côté,,,,,,,,,,,1,2,1,1.0,3.0
201100052676,0011-03-21 19:05:00,11,3,21,19,5,201,4,"SANS, CAMPI LOUIS BD",,,Plein jour,Hors agglomération,Hors intersection,Normale,Deux véhicules - côté,,,,,,,,,,,1,1,1,1.0,3.0
201100052677,0011-03-24 21:35:00,11,3,24,21,35,201,4,NAPOLEON COURS APRES BEV,,,Nuit avec éclairage allumé,En agglomération,Hors intersection,Normale,Autre collision,,,,,,,,,,,5,2,1,1.0,6.0
201100052678,0011-03-25 10:45:00,11,3,25,10,45,201,4,PIETRI FRANCOIS RUE,,,Plein jour,En agglomération,Hors intersection,Normale,Deux véhicules - côté,,,,,,,,,,,1,2,1,1.0,3.0
201100052679,0011-03-09 10:45:00,11,3,9,10,45,201,4,PIETRI FRANCOIS RUE,,,Plein jour,En agglomération,Hors intersection,Normale,Deux véhicules - côté,,,,,,,,,,,1,2,1,1.0,3.0
201100052680,0011-03-28 18:45:00,11,3,28,18,45,201,4,"sans, RANUCCHIETTU CHEMI",,,Plein jour,Hors agglomération,Hors intersection,Normale,Deux véhicules - frontale,,,,,,,,,,,1,1,1,1.0,1.0
201100052681,0011-03-29 18:20:00,11,3,29,18,20,201,4,NATIONALE 193,,,Plein jour,En agglomération,Giratoire,Normale,Sans collision,,,,,,,,,,,1,2,6,1.0,7.0
201100052682,0011-03-30 11:25:00,11,3,30,11,25,201,4,"SANS, FRANCHINI NOEL AV",,,Plein jour,En agglomération,Hors intersection,Normale,Deux véhicules - frontale,,,,,,,,,,,1,2,1,1.0,1.0
201100052683,0011-03-30 14:20:00,11,3,30,14,20,201,4,"SANS, MARECHAL JUIN AVEN",,,Plein jour,En agglomération,Hors intersection,Normale,Autre collision,,,,,,,,,,,1,2,1,1.0,6.0
201100052684,0011-03-30 18:15:00,11,3,30,18,15,201,4,PRINCE IMPERIAL COURS,,,Plein jour,En agglomération,Hors intersection,Normale,Autre collision,,,,,,,,,,,1,2,1,1.0,6.0
201100052685,0011-03-30 22:05:00,11,3,30,22,5,201,4,"SANS, HERMINIER GARE MAR",,,Nuit avec éclairage allumé,En agglomération,Hors intersection,Normale,Deux véhicules - arrière,,,,,,,,,,,5,2,1,1.0,2.0
201100052686,0011-03-31 11:20:00,11,3,31,11,20,201,4,ALBERT 1ER BD,,,Plein jour,En agglomération,Hors intersection,Normale,Deux véhicules - arrière,,,,,,,,,,,1,2,1,1.0,2.0
201100052687,0011-04-01 16:20:00,11,4,1,16,20,201,4,STILETTO LOT RTE MEZZAVI,,,Plein jour,En agglomération,Hors intersection,Normale,Trois véhicules et plus - collisions multiples,,,,,,,,,,,1,2,1,1.0,5.0
201100052688,0011-04-01 21:30:00,11,4,1,21,30,201,4,NAPOLEON COURS AVANT BEV,,,Nuit avec éclairage allumé,En agglomération,Intersection en T,Normale,Autre collision,,,,,,,,,,,5,2,3,1.0,6.0
201100052689,0011-04-02 11:47:00,11,4,2,11,47,201,4,PRINCE IMPERIAL COURS,,,Plein jour,En agglomération,Hors intersection,Normale,Autre collision,,,,,,,,,,,1,2,1,1.0,6.0
201100052690,0011-04-16 17:55:00,11,4,16,17,55,201,4,GEANT CASINO,,,Plein jour,En agglomération,Hors intersection,Normale,Autre collision,,,,,,,,,,,1,2,1,1.0,6.0
201100052691,0011-04-17 06:30:00,11,4,17,6,30,201,4,"SANS, LAETIZIA RCE RUE H",,,Crépuscule ou aube,En agglomération,Hors intersection,Normale,Autre collision,,,,,,,,,,,2,2,1,1.0,6.0
201100052692,0011-04-18 23:00:00,11,4,18,23,0,201,4,"4, VAZZIO HAUTS DU HLM",,,Nuit sans éclairage public,En agglomération,Hors intersection,Normale,Sans collision,,,,,,,,,,,3,2,1,1.0,7.0
201100052693,0011-04-19 15:55:00,11,4,19,15,55,201,4,ALBERT 1ER BD,,,Plein jour,En agglomération,Hors intersection,Normale,Deux véhicules - côté,,,,,,,,,,,1,2,1,1.0,3.0
201100052694,0011-04-30 15:15:00,11,4,30,15,15,201,4,"sans, PIETRINA RUE DE LA",,,Plein jour,En agglomération,Intersection en T,Normale,Autre collision,,,,,,,,,,,1,2,3,1.0,6.0
201100052695,0011-05-12 12:15:00,11,5,12,12,15,201,4,NATIONALE 193,,,Plein jour,Hors agglomération,Giratoire,Normale,Deux véhicules - côté,,,,,,,,,,,1,1,6,1.0,3.0
201100052696,0011-05-16 01:35:00,11,5,16,1,35,201,4,ILES SANGUINAIRES ROUTE,,,Nuit avec éclairage allumé,En agglomération,Hors intersection,Normale,Autre collision,,,,,,,,,,,5,2,1,1.0,6.0
201100052697,0011-05-13 16:20:00,11,5,13,16,20,201,4,SEBASTIANU COSTA BD,,,Plein jour,En agglomération,Hors intersection,Normale,Autre collision,,,,,,,,,,,1,2,1,1.0,6.0
201100052698,0011-05-16 08:59:00,11,5,16,8,59,201,4,CAMPI LOUIS BD,,,Plein jour,En agglomération,Hors intersection,Normale,Autre collision,,,,,,,,,,,1,2,1,1.0,6.0
201100052699,0011-05-17 07:38:00,11,5,17,7,38,201,4,"SANS, BEVERINI VICO IMPA",,,Plein jour,En agglomération,Hors intersection,Normale,Autre collision,,,,,,,,,,,1,2,1,1.0,6.0
201100052700,0011-05-18 15:20:00,11,5,18,15,20,201,4,ILES SANGUINAIRES ROUTE,,,Plein jour,Hors agglomération,Hors intersection,Normale,Deux véhicules - côté,,,,,,,,,,,1,1,1,1.0,3.0
201100052701,0011-05-20 00:01:00,11,5,20,0,1,201,4,"SANS, SAINTE LUCIE RUE",,,Nuit avec éclairage allumé,En agglomération,Intersection en X,Normale,Deux véhicules - côté,,,,,,,,,,,5,2,2,1.0,3.0
201100052702,0011-05-20 22:05:00,11,5,20,22,5,201,4,"SANS, BENIELLI NONCE RUE",,,Nuit avec éclairage allumé,En agglomération,Hors intersection,Normale,Autre collision,,,,,,,,,,,5,2,1,1.0,6.0
201100052703,0011-05-25 21:45:00,11,5,25,21,45,201,4,"sans, SAINTE LUCIE RUE",,,Nuit avec éclairage allumé,En agglomération,Intersection en T,Normale,Deux véhicules - côté,,,,,,,,,,,5,2,3,1.0,3.0
201100052704,0011-05-27 10:34:00,11,5,27,10,34,201,4,"SANS, CACTUS RUE DES",,,Plein jour,En agglomération,Hors intersection,Normale,Autre collision,,,,,,,,,,,1,2,1,1.0,6.0
201100052705,0011-05-31 00:20:00,11,5,31,0,20,201,4,BEVERINI VICO IMPAIR  AV,,,Nuit avec éclairage allumé,En agglomération,Intersection en T,Normale,Deux véhicules - côté,,,,,,,,,,,5,2,3,1.0,3.0
201100052706,0011-06-03 15:25:00,11,6,3,15,25,201,4,"sans, BONAPARTE CHARLES",,,Plein jour,En agglomération,Hors intersection,Pluie légère,Deux véhicules - frontale,,,,,,,,,,,1,2,1,2.0,1.0
201100052707,0011-06-04 00:05:00,11,6,4,0,5,201,4,ALBERT 1ER BD,,,Nuit avec éclairage allumé,En agglomération,Hors intersection,Normale,Deux véhicules - côté,,,,,,,,,,,5,2,1,1.0,3.0
201100052708,0011-06-10 08:35:00,11,6,10,8,35,201,4,"sans, SAMPIERO BD",,,Plein jour,En agglomération,Hors intersection,Normale,Deux véhicules - côté,,,,,,,,,,,1,2,1,1.0,3.0
201100052709,0011-06-11 10:10:00,11,6,11,10,10,201,4,NATIONALE 193,,,Plein jour,Hors agglomération,Hors intersection,Normale,Deux véhicules - arrière,,,,,,,,,,,1,1,1,1.0,2.0
201100052710,0011-06-12 05:50:00,11,6,12,5,50,201,4,NAPOLEON COURS AVANT BEV,,,Plein jour,En agglomération,Hors intersection,Normale,Deux véhicules - arrière,,,,,,,,,,,1,2,1,1.0,2.0
201100052711,0011-06-14 17:45:00,11,6,14,17,45,201,4,"111A, SAMPIERO BD",,,Plein jour,En agglomération,Hors intersection,Normale,Autre collision,,,,,,,,,,,1,2,1,1.0,6.0
201100052712,0011-06-14 07:57:00,11,6,14,7,57,201,4,NAPOLEON COURS AVANT BEV,,,Plein jour,En agglomération,Intersection en T,Normale,Sans collision,,,,,,,,,,,1,2,3,1.0,7.0
201100052713,0011-06-15 22:00:00,11,6,15,22,0,201,4,"sans, PIETRINA RUE DE LA",,,Nuit avec éclairage allumé,En agglomération,Intersection en X,Normale,Deux véhicules - côté,,,,,,,,,,,5,2,2,1.0,3.0
201100052714,0011-06-17 23:25:00,11,6,17,23,25,201,4,FRANCHINI NOEL AV DOCTEU,,,Nuit avec éclairage allumé,En agglomération,Hors intersection,Normale,Autre collision,,,,,,,,,,,5,2,1,1.0,6.0
201100052715,0011-06-22 22:12:00,11,6,22,22,12,201,4,"sans, PIETRI FRANCOIS RU",,,Nuit avec éclairage allumé,En agglomération,Intersection en T,Normale,Deux véhicules - côté,,,,,,,,,,,5,2,3,1.0,3.0
201100052716,0011-06-23 11:15:00,11,6,23,11,15,201,4,CASTELLUCCIO HOPITAL,,,Plein jour,Hors agglomération,Hors intersection,Normale,Autre collision,,,,,,,,,,,1,1,1,1.0,6.0
201100052717,0011-06-23 16:55:00,11,6,23,16,55,201,4,"SANS, SARTENE ANCIENNE R",,,Plein jour,Hors agglomération,Hors intersection,Normale,Deux véhicules - côté,,,,,,,,,,,1,1,1,1.0,3.0
201100052718,0011-06-27 17:50:00,11,6,27,17,50,201,4,STEPHANOPOLI NICEPHORE,,,Plein jour,En agglomération,Giratoire,Normale,Deux véhicules - arrière,,,,,,,,,,,1,2,6,1.0,2.0
201100052719,0011-06-30 14:00:00,11,6,30,14,0,201,4,GEANT CASINO,,,Plein jour,En agglomération,Intersection en T,Normale,Deux véhicules - côté,,,,,,,,,,,1,2,3,1.0,3.0
201100052720,0011-07-04 10:00:00,11,7,4,10,0,201,4,"SANS, REPUBLIQUE QUAI DE",,,Plein jour,En agglomération,Hors intersection,Normale,Deux véhicules - arrière,,,,,,,,,,,1,2,1,1.0,2.0
201100052721,0011-07-05 08:30:00,11,7,5,8,30,201,4,GRANDVAL COURS IMPAIR,,,Plein jour,En agglomération,Intersection en T,Normale,Deux véhicules - frontale,,,,,,,,,,,1,2,3,1.0,1.0
201100052722,0011-07-06 22:03:00,11,7,6,22,3,201,4,MACCHINI EUGENE AVENUE,,,Nuit avec éclairage allumé,En agglomération,Hors intersection,Normale,Deux véhicules - côté,,,,,,,,,,,5,2,1,1.0,3.0
201100052723,0011-06-06 22:20:00,11,6,6,22,20,201,4,MARECHAL LYAUTEY AVENUE,,,Nuit avec éclairage allumé,En agglomération,Hors intersection,Normale,Sans collision,,,,,,,,,,,5,2,1,1.0,7.0
201100052724,0011-07-07 00:28:00,11,7,7,0,28,201,4,"SANS, 1ER CONSUL AVENUE",,,Nuit sans éclairage public,En agglomération,Hors intersection,Normale,Autre collision,,,,,,,,,,,3,2,1,1.0,6.0