accident_id,datetime,annee,mois,jour,heure,minute,departement,commune_insee,adresse,latitude,longitude,luminosite,agglomeration,intersection,meteo,collision,nb_vehicules,nb_usagers,nb_indemnes,nb_tues,nb_blesses_hosp,nb_blesses_legers,age_cond_1,age_cond_2,veh_type_cond_1,veh_type_cond_2,lum_code,agg_code,int_code,atm_code,col_code
201100052983,0011-05-04 21:15:00,11,5,4,21,15,940,52,A86.EXT,48.8345,2.49344,Plein jour,Hors agglomération,Hors intersection,Normale,Sans collision,,,,,,,,,,,1,1,1,1.0,7.0
201100052984,0011-05-05 14:05:00,11,5,5,14,5,940,17,A4,48.8304,2.49527,Plein jour,Hors agglomération,Hors intersection,Normale,Deux véhicules - arrière,,,,,,,,,,,1,1,1,1.0,2.0
201100052985,0011-05-05 15:30:00,11,5,5,15,30,940,18,A4,48.8177,2.41804,Plein jour,Hors agglomération,Hors intersection,Normale,Trois véhicules et plus - en chaîne,,,,,,,,,,,1,1,1,1.0,4.0
201100052986,0011-05-07 18:45:00,11,5,7,18,45,930,51,A4,,,Plein jour,Hors agglomération,Hors intersection,Normale,Deux véhicules - arrière,,,,,,,,,,,1,1,1,1.0,2.0
201100052987,0011-05-08 10:05:00,11,5,8,10,5,770,146,RN104.EXT,,,Plein jour,Hors agglomération,Hors intersection,Normale,Deux véhicules - arrière,,,,,,,,,,,1,1,1,1.0,2.0
201100052988,0011-05-09 18:50:00,11,5,9,18,50,940,22,A86 EXT,48.7758,2.41376,Plein jour,Hors agglomération,Hors intersection,Normale,Sans collision,,,,,,,,,,,1,1,1,1.0,7.0
201100052989,0011-05-09 22:45:00,11,5,9,22,45,770,121,A104,,,Nuit sans éclairage public,Hors agglomération,Hors intersection,Normale,Sans collision,,,,,,,,,,,3,1,1,1.0,7.0
201100052990,0011-05-11 14:00:00,11,5,11,14,0,940,52,A86.EXT,48.8313,2.49151,Plein jour,Hors agglomération,Hors intersection,Normale,Sans collision,,,,,,,,,,,1,1,1,1.0,7.0
201100052991,0011-05-12 00:30:00,11,5,12,0,30,940,52,A86.EXT,48.8329,2.49257,Nuit avec éclairage allumé,Hors agglomération,Hors intersection,Normale,Sans collision,,,,,,,,,,,5,1,1,1.0,7.0
201100052992,0011-05-12 08:40:00,11,5,12,8,40,940,18,A4,48.8177,2.41524,Plein jour,Hors agglomération,Hors intersection,Normale,Deux véhicules - arrière,,,,,,,,,,,1,1,1,1.0,2.0
201100052993,0011-05-12 09:20:00,11,5,12,9,20,940,46,A86 EXT,48.8063,2.44887,Plein jour,Hors agglomération,Hors intersection,Normale,Deux véhicules - arrière,,,,,,,,,,,1,1,1,1.0,2.0
201100052994,0011-05-13 07:00:00,11,5,13,7,0,940,28,A86 EXT,48.7888,2.44048,Plein jour,Hors agglomération,Hors intersection,Normale,Deux véhicules - côté,,,,,,,,,,,1,1,1,1.0,3.0
201100052995,0011-05-13 09:15:00,11,5,13,9,15,940,28,A86 EXT,48.7931,2.44162,Plein jour,Hors agglomération,Hors intersection,Normale,Deux véhicules - côté,,,,,,,,,,,1,1,1,1.0,3.0
201100052996,0011-05-13 13:11:00,11,5,13,13,11,940,52,A86.EXT,48.8346,2.49348,Plein jour,Hors agglomération,Hors intersection,Normale,Trois véhicules et plus - collisions multiples,,,,,,,,,,,1,1,1,1.0,5.0
201100052997,0011-05-13 17:31:00,11,5,13,17,31,940,73,A86 INT,48.7707,2.38561,Plein jour,Hors agglomération,Hors intersection,Normale,Deux véhicules - côté,,,,,,,,,,,1,1,1,1.0,3.0
201100052998,0011-05-15 18:40:00,11,5,15,18,40,940,42,A4,48.8269,2.46778,Plein jour,Hors agglomération,Hors intersection,Normale,Deux véhicules - côté,,,,,,,,,,,1,1,1,1.0,3.0
201100052999,0011-05-16 08:25:00,11,5,16,8,25,940,17,A4,48.8301,2.49661,Plein jour,Hors agglomération,Hors intersection,Normale,Deux véhicules - arrière,,,,,,,,,,,1,1,1,1.0,2.0
201100053000,0011-05-16 09:20:00,11,5,16,9,20,770,122,RN104,,,Plein jour,Hors agglomération,Hors intersection,Normale,Trois véhicules et plus - collisions multiples,,,,,,,,,,,1,1,1,1.0,5.0
201100053001,0011-05-17 17:00:00,11,5,17,17,0,940,22,A86 INT,48.7735,2.40113,Plein jour,Hors agglomération,Hors intersection,Normale,Deux véhicules - côté,,,,,,,,,,,1,1,1,1.0,3.0
201100053002,0011-05-18 18:00:00,11,5,18,18,0,770,468,A4.W,,,Plein jour,Hors agglomération,Hors intersection,Normale,Deux véhicules - côté,,,,,,,,,,,1,1,1,1.0,3.0
201100053003,0011-05-19 12:20:00,11,5,19,12,20,940,65,A86 INT,48.7542,2.351,Plein jour,Hors agglomération,Hors intersection,Normale,Trois véhicules et plus - collisions multiples,,,,,,,,,,,1,1,1,1.0,5.0
201100053004,0011-05-20 07:30:00,11,5,20,7,30,940,73,A86 INT,48.7583,2.38379,Plein jour,Hors agglomération,Hors intersection,Normale,Deux véhicules - côté,,,,,,,,,,,1,1,1,1.0,3.0
201100053005,0011-05-20 13:02:00,11,5,20,13,2,940,65,A86 INT,48.7539,2.35365,Plein jour,Hors agglomération,Hors intersection,Normale,Trois véhicules et plus - collisions multiples,,,,,,,,,,,1,1,1,1.0,5.0
201100053006,0011-05-20 20:50:00,11,5,20,20,50,940,52,A86 INT,48.8374,2.49395,Nuit avec éclairage allumé,Hors agglomération,Hors intersection,Normale,Trois véhicules et plus - en chaîne,,,,,,,,,,,5,1,1,1.0,4.0
201100053007,0011-05-21 19:45:00,11,5,21,19,45,770,181,A4,,,Plein jour,Hors agglomération,Hors intersection,Normale,Trois véhicules et plus - en chaîne,,,,,,,,,,,1,1,1,1.0,4.0
201100053008,0011-05-21 21:10:00,11,5,21,21,10,940,17,A4,48.8303,2.48822,Crépuscule ou aube,Hors agglomération,Hors intersection,Normale,Deux véhicules - côté,,,,,,,,,,,2,1,1,1.0,3.0
201100053009,0011-05-24 06:15:00,11,5,24,6,15,940,42,A4,48.827,2.4677,Plein jour,Hors agglomération,Hors intersection,Normale,Trois véhicules et plus - collisions multiples,,,,,,,,,,,1,1,1,1.0,5.0
201100053010,0011-05-24 09:00:00,11,5,24,9,0,770,121,A4.Y,,,Plein jour,Hors agglomération,Hors intersection,Normale,Deux véhicules - arrière,,,,,,,,,,,1,1,1,1.0,2.0
201100053011,0011-05-24 10:00:00,11,5,24,10,0,940,69,A4,48.8172,2.44334,Plein jour,Hors agglomération,Hors intersection,Normale,Deux véhicules - arrière,,,,,,,,,,,1,1,1,1.0,2.0
201100053012,0011-05-25 10:15:00,11,5,25,10,15,930,51,A4,,,Plein jour,Hors agglomération,Hors intersection,Normale,Sans collision,,,,,,,,,,,1,1,1,1.0,7.0
201100053013,0011-05-27 07:20:00,11,5,27,7,20,940,17,A4,48.829,2.50051,Plein jour,Hors agglomération,Hors intersection,Normale,Deux véhicules - arrière,,,,,,,,,,,1,1,1,1.0,2.0
201100053014,0011-05-27 17:15:00,11,5,27,17,15,770,373,RN104,,,Plein jour,Hors agglomération,Hors intersection,Normale,Trois véhicules et plus - collisions multiples,,,,,,,,,,,1,1,1,1.0,5.0
201100053015,0011-05-28 18:00:00,11,5,28,18,0,940,69,A4,48.8173,2.42927,Plein jour,Hors agglomération,Hors intersection,Normale,Trois véhicules et plus - en chaîne,,,,,,,,,,,1,1,1,1.0,4.0
201100053016,0011-05-28 19:24:00,11,5,28,19,24,930,51,A4,,,Plein jour,Hors agglomération,Hors intersection,Normale,Trois véhicules et plus - en chaîne,,,,,,,,,,,1,1,1,1.0,4.0
201100053017,0011-05-29 16:00:00,11,5,29,16,0,770,122,RN104,,,Plein jour,Hors agglomération,Hors intersection,Normale,Deux véhicules - arrière,,,,,,,,,,,1,1,1,1.0,2.0
201100053018,0011-05-29 16:19:00,11,5,29,16,19,770,175,A5b,,,Plein jour,Hors agglomération,Hors intersection,Normale,Deux véhicules - arrière,,,,,,,,,,,1,1,1,1.0,2.0
201100053019,0011-05-30 10:00:00,11,5,30,10,0,940,11,RN406.W,48.762,2.49519,Plein jour,Hors agglomération,Hors intersection,Normale,Sans collision,,,,,,,,,,,1,1,1,1.0,7.0
201100053020,0011-05-30 21:00:00,11,5,30,21,0,940,17,A4,48.8288,2.4783,Plein jour,Hors agglomération,Hors intersection,Normale,Deux véhicules - côté,,,,,,,,,,,1,1,1,1.0,3.0
201100053021,0011-06-01 02:25:00,11,6,1,2,25,940,69,A4,48.8172,2.42644,Nuit sans éclairage public,Hors agglomération,Hors intersection,Normale,Deux véhicules - arrière,,,,,,,,,,,3,1,1,1.0,2.0
201100053022,0011-06-01 08:15:00,11,6,1,8,15,940,17,A4,48.8279,2.50423,Plein jour,Hors agglomération,Hors intersection,Normale,Sans collision,,,,,,,,,,,1,1,1,1.0,7.0
201100053023,0011-06-01 08:40:00,11,6,1,8,40,940,18,A4,48.8179,2.41252,Plein jour,Hors agglomération,Hors intersection,Normale,Deux véhicules - côté,,,,,,,,,,,1,1,1,1.0,3.0
201100053024,0011-06-01 14:30:00,11,6,1,14,30,940,52,A86 INT,48.8463,2.49165,Plein jour,Hors agglomération,Hors intersection,Normale,Deux véhicules - arrière,,,,,,,,,,,1,1,1,1.0,2.0
201100053025,0011-06-02 13:15:00,11,6,2,13,15,940,42,A4,48.8274,2.46889,Plein jour,Hors agglomération,Hors intersection,Normale,Deux véhicules - côté,,,,,,,,,,,1,1,1,1.0,3.0
201100053026,0011-06-05 07:10:00,11,6,5,7,10,940,69,A4,48.8164,2.45153,Crépuscule ou aube,Hors agglomération,Hors intersection,Autre,Deux véhicules - arrière,,,,,,,,,,,2,1,1,9.0,2.0
201100053027,0011-06-05 16:30:00,11,6,5,16,30,940,17,A4,48.8301,2.49661,Plein jour,Hors agglomération,Hors intersection,Normale,Trois véhicules et plus - en chaîne,,,,,,,,,,,1,1,1,1.0,4.0
201100053028,0011-06-07 09:30:00,11,6,7,9,30,940,69,A4,48.8175,2.42225,Plein jour,Hors agglomération,Hors intersection,Pluie légère,Deux véhicules - arrière,,,,,,,,,,,1,1,1,2.0,2.0
201100053029,0011-06-07 09:40:00,11,6,7,9,40,770,294,A104,,,Plein jour,Hors agglomération,Hors intersection,Pluie légère,Trois véhicules et plus - en chaîne,,,,,,,,,,,1,1,1,2.0,4.0
201100053030,0011-06-07 16:15:00,11,6,7,16,15,770,258,A4.W,,,Plein jour,Hors agglomération,Hors intersection,Pluie légère,Trois véhicules et plus - collisions multiples,,,,,,,,,,,1,1,1,2.0,5.0
201100053031,0011-06-08 09:20:00,11,6,8,9,20,940,17,A4,48.8265,2.51834,Plein jour,Hors agglomération,Hors intersection,Normale,Trois véhicules et plus - collisions multiples,,,,,,,,,,,1,1,1,1.0,5.0
201100053032,0011-06-08 15:30:00,11,6,8,15,30,770,373,,,,Plein jour,Hors agglomération,Hors intersection,Normale,Autre collision,,,,,,,,,,,1,1,1,1.0,6.0
201100053033,0011-06-10 17:45:00,11,6,10,17,45,940,73,A86 INT,48.7698,2.38044,Plein jour,Hors agglomération,Hors intersection,Pluie légère,Deux véhicules - côté,,,,,,,,,,,1,1,1,2.0,3.0
201100053034,0011-06-11 14:20:00,11,6,11,14,20,770,249,RN104,,,Plein jour,Hors agglomération,Hors intersection,Normale,Sans collision,,,,,,,,,,,1,1,1,1.0,7.0
201100053035,0011-06-13 22:00:00,11,6,13,22,0,750,112,A4,,,Nuit avec éclairage allumé,Hors agglomération,Hors intersection,Pluie légère,Deux véhicules - arrière,,,,,,,,,,,5,1,1,2.0,2.0
201100053036,0011-06-14 07:40:00,11,6,14,7,40,770,59,A104,,,Plein jour,Hors agglomération,Hors intersection,Normale,Deux véhicules - côté,,,,,,,,,,,1,1,1,1.0,3.0
201100053037,0011-06-14 08:50:00,11,6,14,8,50,770,438,A104,,,Plein jour,Hors agglomération,Hors intersection,Pluie légère,Deux véhicules - arrière,,,,,,,,,,,1,1,1,2.0,2.0
201100053038,0011-06-14 18:00:00,11,6,14,18,0,930,51,A4,,,Plein jour,Hors agglomération,Hors intersection,Normale,Deux véhicules - côté,,,,,,,,,,,1,1,1,1.0,3.0
201100053039,0011-06-14 17:45:00,11,6,14,17,45,940,81,A86 EXT,48.774,2.405,Plein jour,Hors agglomération,Hors intersection,Normale,Deux véhicules - côté,,,,,,,,,,,1,1,1,1.0,3.0
201100053040,0011-06-15 16:45:00,11,6,15,16,45,940,69,A4,48.8174,2.43625,Plein jour,Hors agglomération,Hors intersection,Normale,Trois véhicules et plus - en chaîne,,,,,,,,,,,1,1,1,1.0,4.0
201100053041,0011-06-15 20:20:00,11,6,15,20,20,770,169,RN104.INT,,,Plein jour,Hors agglomération,Hors intersection,Normale,Deux véhicules - côté,,,,,,,,,,,1,1,1,1.0,3.0
201100053042,0011-06-17 07:40:00,11,6,17,7,40,770,146,RN104.EXT,,,Plein jour,Hors agglomération,Hors intersection,Normale,Deux véhicules - côté,,,,,,,,,,,1,1,1,1.0,3.0
201100053043,0011-06-17 09:10:00,11,6,17,9,10,940,52,A4,48.8266,2.46634,Plein jour,Hors agglomération,Hors intersection,Normale,Deux véhicules - arrière,,,,,,,,,,,1,1,1,1.0,2.0
201100053044,0011-06-18 07:30:00,11,6,18,7,30,930,51,A4,,,Plein jour,Hors agglomération,Hors intersection,Pluie légère,Autre collision,,,,,,,,,,,1,1,1,2.0,6.0
201100053045,0011-06-19 18:55:00,11,6,19,18,55,940,17,A4,48.8265,2.51834,Plein jour,Hors agglomération,Hors intersection,Normale,Deux véhicules - côté,,,,,,,,,,,1,1,1,1.0,3.0
201100053046,0011-06-20 00:45:00,11,6,20,0,45,770,181,A4,,,Nuit sans éclairage public,Hors agglomération,Hors intersection,Normale,Deux véhicules - côté,,,,,,,,,,,3,1,1,1.0,3.0
201100053047,0011-06-20 16:15:00,11,6,20,16,15,940,81,A86 INT,48.7741,2.40499,Plein jour,Hors agglomération,Hors intersection,Normale,Deux véhicules - côté,,,,,,,,,,,1,1,1,1.0,3.0
201100053048,0011-06-21 14:00:00,11,6,21,14,0,940,17,A4,48.8279,2.50453,Plein jour,Hors agglomération,Hors intersection,Normale,Deux véhicules - arrière,,,,,,,,,,,1,1,1,1.0,2.0
201100053049,0011-06-22 09:50:00,11,6,22,9,50,940,18,A4,48.8177,2.41524,Plein jour,Hors agglomération,Hors intersection,Normale,Deux véhicules - arrière,,,,,,,,,,,1,1,1,1.0,2.0
201100053050,0011-06-23 18:15:00,11,6,23,18,15,940,17,A4,48.8293,2.48127,Plein jour,Hors agglomération,Hors intersection,Normale,Deux véhicules - côté,,,,,,,,,,,1,1,1,1.0,3.0
201100053051,0011-06-23 18:18:00,11,6,23,18,18,770,514,A104,,,Plein jour,Hors agglomération,Hors intersection,Normale,Deux véhicules - arrière,,,,,,,,,,,1,1,1,1.0,2.0
201100053052,0011-06-24 07:40:00,11,6,24,7,40,940,52,A86.EXT,48.8346,2.49321,Plein jour,Hors agglomération,Hors intersection,Normale,Deux véhicules - arrière,,,,,,,,,,,1,1,1,1.0,2.0
201100053053,0011-06-24 08:45:00,11,6,24,8,45,940,17,A86.EXT,48.8298,2.4832,Plein jour,Hors agglomération,Hors intersection,Normale,Deux véhicules - arrière,,,,,,,,,,,1,1,1,1.0,2.0
201100053054,0011-06-24 16:30:00,11,6,24,16,30,770,337,A4.W,,,Plein jour,Hors agglomération,Hors intersection,Normale,Deux véhicules - côté,,,,,,,,,,,1,1,1,1.0,3.0
201100053055,0011-06-25 18:15:00,11,6,25,18,15,940,69,A86 SUD,48.8163,2.4528,Plein jour,Hors agglomération,Hors intersection,Normale,Deux véhicules - arrière,,,,,,,,,,,1,1,1,1.0,2.0
201100053056,0011-06-25 19:45:00,11,6,25,19,45,940,46,A86 INT,48.8036,2.4482,Plein jour,Hors agglomération,Hors intersection,Normale,Deux véhicules - côté,,,,,,,,,,,1,1,1,1.0,3.0
201100053057,0011-06-26 17:20:00,11,6,26,17,20,940,28,A86 EXT,48.7879,2.44014,Plein jour,Hors agglomération,Hors intersection,Normale,Trois véhicules et plus - en chaîne,,,,,,,,,,,1,1,1,1.0,4.0
201100053058,0011-06-26 18:10:00,11,6,26,18,10,940,69,A4,48.8166,2.45027,Plein jour,Hors agglomération,Hors intersection,Normale,Sans collision,,,,,,,,,,,1,1,1,1.0,7.0
201100053059,0011-06-27 17:30:00,11,6,27,17,30,770,169,RN104,,,Plein jour,Hors agglomération,Hors intersection,Normale,Deux véhicules - arrière,,,,,,,,,,,1,1,1,1.0,2.0
201100053060,0011-06-27 19:20:00,11,6,27,19,20,940,18,A4,48.8176,2.41528,Plein jour,Hors agglomération,Hors intersection,Normale,Trois véhicules et plus - collisions multiples,,,,,,,,,,,1,1,1,1.0,5.0
201100053061,0011-06-29 09:00:00,11,6,29,9,0,930,51,A4,,,Plein jour,Hors agglomération,Hors intersection,Normale,Deux véhicules - côté,,,,,,,,,,,1,1,1,1.0,3.0
201100053062,0011-06-29 17:00:00,11,6,29,17,0,770,468,A4.W,,,Plein jour,Hors agglomération,Hors intersection,Normale,Deux véhicules - côté,,,,,,,,,,,1,1,1,1.0,3.0
201100053063,0011-07-01 06:35:00,11,7,1,6,35,940,69,A4,48.8173,2.42433,Plein jour,Hors agglomération,Hors intersection,Normale,Sans collision,,,,,,,,,,,1,1,1,1.0,7.0
201100053064,0011-07-01 08:15:00,11,7,1,8,15,940,73,A86 EXT,48.7714,2.39208,Plein jour,Hors agglomération,Hors intersection,Normale,Deux véhicules - arrière,,,,,,,,,,,1,1,1,1.0,2.0
201100053065,0011-07-01 10:20:00,11,7,1,10,20,940,17,A4,48.8303,2.48822,Plein jour,Hors agglomération,Hors intersection,Normale,Deux véhicules - arrière,,,,,,,,,,,1,1,1,1.0,2.0
201100053066,0011-07-01 15:40:00,11,7,1,15,40,940,33,A86.INT,48.8548,2.48861,Plein jour,Hors agglomération,Hors intersection,Normale,Deux véhicules - côté,,,,,,,,,,,1,1,1,1.0,3.0
201100053067,0011-07-01 18:30:00,11,7,1,18,30,940,65,A86 INT,48.7537,2.35764,Plein jour,Hors agglomération,Hors intersection,Normale,Deux véhicules - côté,,,,,,,,,,,1,1,1,1.0,3.0
201100053068,0011-07-01 19:30:00,11,7,1,19,30,930,51,A4,,,Plein jour,Hors agglomération,Hors intersection,Normale,Deux véhicules - côté,,,,,,,,,,,1,1,1,1.0,3.0
201100053069,0011-07-02 00:10:00,11,7,2,0,10,940,28,A86 EXT,48.7888,2.44047,Nuit sans éclairage public,Hors agglomération,Hors intersection,Normale,Deux véhicules - arrière,,,,,,,,,,,3,1,1,1.0,2.0
201100053070,0011-07-02 04:30:00,11,7,2,4,30,940,74,RN406.W,48.7677,2.45234,Nuit avec éclairage allumé,Hors agglomération,Hors intersection,Normale,Trois véhicules et plus - collisions multiples,,,,,,,,,,,5,1,1,1.0,5.0
201100053071,0011-07-03 14:05:00,11,7,3,14,5,940,17,A86.EXT,48.8307,2.49072,Plein jour,Hors agglomération,Hors intersection,Normale,Deux véhicules - arrière,,,,,,,,,,,1,1,1,1.0,2.0
201100053072,0011-07-04 19:50:00,11,7,4,19,50,770,294,A104,,,Plein jour,Hors agglomération,Hors intersection,Normale,Sans collision,,,,,,,,,,,1,1,1,1.0,7.0
201100053073,0011-07-04 20:40:00,11,7,4,20,40,940,18,A4,48.8184,2.40963,Plein jour,Hors agglomération,Hors intersection,Normale,Trois véhicules et plus - en chaîne,,,,,,,,,,,1,1,1,1.0,4.0
201100053074,0011-07-05 08:30:00,11,7,5,8,30,940,69,A4,48.8176,2.43628,Plein jour,Hors agglomération,Hors intersection,Normale,Deux véhicules - arrière,,,,,,,,,,,1,1,1,1.0,2.0
201100053075,0011-07-06 07:40:00,11,7,6,7,40,940,69,A4,48.8174,2.42226,Plein jour,Hors agglomération,Hors intersection,Normale,Deux véhicules - côté,,,,,,,,,,,1,1,1,1.0,3.0
201100053076,0011-07-06 22:00:00,11,7,6,22,0,770,258,A4.Y,,,Crépuscule ou aube,Hors agglomération,Hors intersection,Normale,Deux véhicules - arrière,,,,,,,,,,,2,1,1,1.0,2.0
201100053077,0011-07-07 06:30:00,11,7,7,6,30,770,169,A4.Y,,,Plein jour,Hors agglomération,Hors intersection,Normale,Autre collision,,,,,,,,,,,1,1,1,1.0,6.0
201100053078,0011-07-08 02:50:00,11,7,8,2,50,770,258,A4.W,,,Nuit sans éclairage public,Hors agglomération,Hors intersection,Normale,Autre collision,,,,,,,,,,,3,1,1,1.0,6.0
201100053079,0011-07-08 18:30:00,11,7,8,18,30,940,73,A86 EXT,48.7704,2.38433,Plein jour,Hors agglomération,Hors intersection,Normale,Trois véhicules et plus - en chaîne,,,,,,,,,,,1,1,1,1.0,4.0
201100053080,0011-07-08 19:15:00,11,7,8,19,15,940,81,A86 EXT,48.7743,2.40874,Plein jour,Hors agglomération,Hors intersection,Normale,Deux véhicules - arrière,,,,,,,,,,,1,1,1,1.0,2.0
201100053081,0011-07-11 07:50:00,11,7,11,7,50,770,121,A4,,,Plein jour,Hors agglomération,Hors intersection,Normale,Deux véhicules - frontale,,,,,,,,,,,1,1,1,1.0,1.0
201100053082,0011-07-17 08:00:00,11,7,17,8,0,940,17,A4,48.8269,2.52358,Plein jour,Hors agglomération,Hors intersection,Normale,Deux véhicules - côté,,,,,,,,,,,1,1,1,1.0,3.0
201100053083,0011-07-11 07:50:00,11,7,11,7,50,940,17,A4,48.8269,2.52361,Plein jour,Hors agglomération,Hors intersection,Normale,Deux véhicules - côté,,,,,,,,,,,1,1,1,1.0,3.0
201100053084,0011-07-11 10:30:00,11,7,11,10,30,940,18,A4,48.8205,2.402,Plein jour,Hors agglomération,Hors intersection,Normale,Deux véhicules - arrière,,,,,,,,,,,1,1,1,1.0,2.0
201100053085,0011-07-12 08:30:00,11,7,12,8,30,770,258,A4.W,,,Plein jour,Hors agglomération,Hors intersection,Normale,Trois véhicules et plus - en chaîne,,,,,,,,,,,1,1,1,1.0,4.0
201100053086,0011-07-12 08:50:00,11,7,12,8,50,770,249,RN104,,,Plein jour,Hors agglomération,Hors intersection,Pluie légère,Deux véhicules - côté,,,,,,,,,,,1,1,1,2.0,3.0
201100053087,0011-07-12 13:57:00,11,7,12,13,57,770,450,RN104,,,Plein jour,Hors agglomération,Hors intersection,Normale,Sans collision,,,,,,,,,,,1,1,1,1.0,7.0
201100053088,0011-07-13 07:25:00,11,7,13,7,25,940,73,A86 EXT,48.7658,2.37932,Crépuscule ou aube,Hors agglomération,Hors intersection,Pluie légère,Deux véhicules - côté,,,,,,,,,,,2,1,1,2.0,3.0
201100053089,0011-07-18 01:15:00,11,7,18,1,15,940,18,A4,48.8176,2.41528,Nuit avec éclairage allumé,Hors agglomération,Hors intersection,Normale,Sans collision,,,,,,,,,,,5,1,1,1.0,7.0
201100053090,0011-07-19 09:05:00,11,7,19,9,5,940,15,A4,48.8275,2.52515,Plein jour,Hors agglomération,Hors intersection,Pluie légère,Sans collision,,,,,,,,,,,1,1,1,2.0,7.0
201100053091,0011-07-19 22:00:00,11,7,19,22,0,770,121,A104,,,Nuit sans éclairage public,Hors agglomération,Hors intersection,Pluie légère,Deux véhicules - côté,,,,,,,,,,,3,1,1,2.0,3.0
201100053092,0011-07-21 15:30:00,11,7,21,15,30,940,52,A4,48.8266,2.46666,Plein jour,Hors agglomération,Hors intersection,Normale,Deux véhicules - arrière,,,,,,,,,,,1,1,1,1.0,2.0
201100053093,0011-07-22 06:50:00,11,7,22,6,50,770,146,A4.W,,,Plein jour,Hors agglomération,Hors intersection,Normale,Trois véhicules et plus - en chaîne,,,,,,,,,,,1,1,1,1.0,4.0
201100053094,0011-07-25 11:00:00,11,7,25,11,0,940,73,A86 EXT,48.7536,2.3792,Plein jour,Hors agglomération,Hors intersection,Normale,Sans collision,,,,,,,,,,,1,1,1,1.0,7.0
201100053095,0011-07-25 14:30:00,11,7,25,14,30,940,28,A86 EXT,48.7762,2.42959,Plein jour,Hors agglomération,Hors intersection,Normale,Deux véhicules - côté,,,,,,,,,,,1,1,1,1.0,3.0
201100053096,0011-07-27 12:20:00,11,7,27,12,20,770,363,A104,,,Plein jour,Hors agglomération,Hors intersection,Pluie légère,Deux véhicules - arrière,,,,,,,,,,,1,1,1,2.0,2.0
201100053097,0011-07-27 18:40:00,11,7,27,18,40,770,122,RN104,,,Plein jour,Hors agglomération,Hors intersection,Normale,Sans collision,,,,,,,,,,,1,1,1,1.0,7.0
201100053098,0011-07-28 13:00:00,11,7,28,13,0,940,18,A4,48.8176,2.41528,Plein jour,Hors agglomération,Hors intersection,Normale,Sans collision,,,,,,,,,,,1,1,1,1.0,7.0
201100053099,0011-07-30 07:00:00,11,7,30,7,0,940,46,A86 INT,48.8099,2.44885,Plein jour,Hors agglomération,Hors intersection,Normale,Trois véhicules et plus - en chaîne,,,,,,,,,,,1,1,1,1.0,4.0
201100053100,0011-07-30 16:45:00,11,7,30,16,45,770,121,A104,,,Plein jour,Hors agglomération,Hors intersection,Normale,Sans collision,,,,,,,,,,,1,1,1,1.0,7.0
201100053101,0011-08-02 17:00:00,11,8,2,17,0,940,52,A86.EXT,48.8337,2.49301,Plein jour,Hors agglomération,Hors intersection,Normale,Deux véhicules - arrière,,,,,,,,,,,1,1,1,1.0,2.0
201100053102,0011-08-13 07:10:00,11,8,13,7,10,940,73,A86 EXT,48.7718,2.39419,Plein jour,Hors agglomération,Hors intersection,Normale,Trois véhicules et plus - en chaîne,,,,,,,,,,,1,1,1,1.0,4.0
201100053103,0011-08-03 09:15:00,11,8,3,9,15,940,17,A4,48.8269,2.52355,Plein jour,Hors agglomération,Hors intersection,Pluie légère,Trois véhicules et plus - collisions multiples,,,,,,,,,,,1,1,1,2.0,5.0
201100053104,0011-08-05 07:08:00,11,8,5,7,8,940,22,A86 EXT,48.7759,2.41377,Crépuscule ou aube,Hors agglomération,Hors intersection,Pluie forte,Deux véhicules - côté,,,,,,,,,,,2,1,1,3.0,3.0
201100053105,0011-08-07 10:30:00,11,8,7,10,30,940,52,A86 INT,48.8441,2.49243,Plein jour,Hors agglomération,Hors intersection,Normale,Deux véhicules - arrière,,,,,,,,,,,1,1,1,1.0,2.0
201100053106,0011-08-07 21:35:00,11,8,7,21,35,940,28,A86 EXT,48.7761,2.42842,Nuit avec éclairage allumé,Hors agglomération,Hors intersection,Pluie forte,Sans collision,,,,,,,,,,,5,1,1,3.0,7.0
201100053107,0011-08-08 10:30:00,11,8,8,10,30,940,52,A86.INT,,,Plein jour,Hors agglomération,Hors intersection,Normale,Sans collision,,,,,,,,,,,1,1,1,1.0,7.0
201100053108,0011-08-18 10:30:00,11,8,18,10,30,940,52,A86.INT,48.8347,2.49327,Plein jour,Hors agglomération,Hors intersection,Normale,Sans collision,,,,,,,,,,,1,1,1,1.0,7.0
201100053109,0011-08-09 19:15:00,11,8,9,19,15,770,121,A104,,,Plein jour,Hors agglomération,Hors intersection,Normale,Sans collision,,,,,,,,,,,1,1,1,1.0,7.0
201100053110,0011-08-11 23:45:00,11,8,11,23,45,770,249,RN104,,,Nuit sans éclairage public,Hors agglomération,Hors intersection,Normale,Autre collision,,,,,,,,,,,3,1,1,1.0,6.0
201100053111,0011-08-11 12:35:00,11,8,11,12,35,770,373,RN104,,,Plein jour,Hors agglomération,Hors intersection,Normale,Deux véhicules - arrière,,,,,,,,,,,1,1,1,1.0,2.0
201100053112,0011-08-11 18:30:00,11,8,11,18,30,770,169,RN104,,,Plein jour,Hors agglomération,Hors intersection,Normale,Deux véhicules - arrière,,,,,,,,,,,1,1,1,1.0,2.0
201100053113,0011-08-11 21:50:00,11,8,11,21,50,940,22,A86,48.7759,2.41376,Nuit avec éclairage non allumé,Hors agglomération,Hors intersection,Normale,Deux véhicules - côté,,,,,,,,,,,4,1,1,1.0,3.0