accident_id,datetime,annee,mois,jour,heure,minute,departement,commune_insee,adresse,latitude,longitude,luminosite,agglomeration,intersection,meteo,collision,nb_vehicules,nb_usagers,nb_indemnes,nb_tues,nb_blesses_hosp,nb_blesses_legers,age_cond_1,age_cond_2,veh_type_cond_1,veh_type_cond_2,lum_code,agg_code,int_code,atm_code,col_code
201100053639,0011-04-10 16:15:00,11,4,10,16,15,950,306,AUTOROUTE A15,,,Plein jour,Hors agglomération,Hors intersection,Normale,Sans collision,,,,,,,,,,,1,1,1,1.0,7.0
201100053640,0011-04-11 07:30:00,11,4,11,7,30,950,582,AUTOROUTE A115,,,Plein jour,Hors agglomération,Hors intersection,Normale,Deux véhicules - côté,,,,,,,,,,,1,1,1,1.0,3.0
201100053641,0011-04-14 10:40:00,11,4,14,10,40,930,64,AUTOROUTE A86,,,Plein jour,Hors agglomération,Hors intersection,Normale,Deux véhicules - côté,,,,,,,,,,,1,1,1,1.0,3.0
201100053642,0011-04-11 11:30:00,11,4,11,11,30,950,277,AUTOROUTE A3,48.9697,2.4822,Plein jour,Hors agglomération,Hors intersection,Normale,Deux véhicules - arrière,,,,,,,,,,,1,1,1,1.0,2.0
201100053643,0011-04-11 17:50:00,11,4,11,17,50,930,29,AUTOROUTE A86,,,Plein jour,Hors agglomération,Hors intersection,Normale,Deux véhicules - arrière,,,,,,,,,,,1,1,1,1.0,2.0
201100053644,0011-04-11 20:15:00,11,4,11,20,15,930,7,AUTOROUTE A1,,,Plein jour,Hors agglomération,Hors intersection,Normale,Sans collision,,,,,,,,,,,1,1,1,1.0,7.0
201100053645,0011-04-12 05:15:00,11,4,12,5,15,930,27,AUTOROUTE A1,,,Nuit sans éclairage public,Hors agglomération,Hors intersection,Normale,Sans collision,,,,,,,,,,,3,1,1,1.0,7.0
201100053646,0011-04-13 08:20:00,11,4,13,8,20,950,582,AUTOROUTE A15,,,Plein jour,Hors agglomération,Hors intersection,Normale,Deux véhicules - côté,,,,,,,,,,,1,1,1,1.0,3.0
201100053647,0011-04-13 08:10:00,11,4,13,8,10,950,607,AUTOROUTE A115,,,Plein jour,Hors agglomération,Hors intersection,Normale,Trois véhicules et plus - en chaîne,,,,,,,,,,,1,1,1,1.0,4.0
201100053648,0011-04-13 07:50:00,11,4,13,7,50,930,10,AUTOROUTE A3,,,Plein jour,Hors agglomération,Hors intersection,Normale,Deux véhicules - côté,,,,,,,,,,,1,1,1,1.0,3.0
201100053649,0011-04-13 09:50:00,11,4,13,9,50,920,78,AUTOROUTE A86,48.9035,2.20614,Plein jour,Hors agglomération,Hors intersection,Normale,Sans collision,,,,,,,,,,,1,1,1,1.0,7.0
201100053650,0011-04-14 11:20:00,11,4,14,11,20,950,582,AUTOROUTE A15,,,Plein jour,Hors agglomération,Hors intersection,Normale,Trois véhicules et plus - collisions multiples,,,,,,,,,,,1,1,1,1.0,5.0
201100053651,0011-04-14 12:40:00,11,4,14,12,40,930,8,AUTOROUTE A86,,,Plein jour,Hors agglomération,Hors intersection,Normale,Deux véhicules - côté,,,,,,,,,,,1,1,1,1.0,3.0
201100053652,0011-04-16 16:45:00,11,4,16,16,45,950,277,RD 170,48.9765,2.4799,Plein jour,Hors agglomération,Hors intersection,Normale,Trois véhicules et plus - collisions multiples,,,,,,,,,,,1,1,1,1.0,5.0
201100053653,0011-04-16 20:15:00,11,4,16,20,15,950,572,ROUTE NATIONALE 184,49.0341,2.1109,Plein jour,Hors agglomération,Hors intersection,Normale,Deux véhicules - arrière,,,,,,,,,,,1,1,1,1.0,2.0
201100053654,0011-04-17 07:00:00,11,4,17,7,0,950,488,AUTOROUTE A15,,,Crépuscule ou aube,Hors agglomération,Hors intersection,Normale,Autre collision,,,,,,,,,,,2,1,1,1.0,6.0
201100053655,0011-04-17 16:45:00,11,4,17,16,45,950,351,RN 104,,,Plein jour,Hors agglomération,Hors intersection,Normale,Sans collision,,,,,,,,,,,1,1,1,1.0,7.0
201100053656,0011-04-18 09:30:00,11,4,18,9,30,920,36,AUTOROUTE A15,48.943,2.28845,Plein jour,Hors agglomération,Hors intersection,Normale,Deux véhicules - arrière,,,,,,,,,,,1,1,1,1.0,2.0
201100053657,0011-04-19 20:15:00,11,4,19,20,15,930,53,AUTOROUTE A3,,,Plein jour,Hors agglomération,Hors intersection,Normale,Deux véhicules - côté,,,,,,,,,,,1,1,1,1.0,3.0
201100053658,0011-04-19 07:30:00,11,4,19,7,30,950,256,ROUTE NATIONALE 184,,,Plein jour,Hors agglomération,Hors intersection,Normale,Autre collision,,,,,,,,,,,1,1,1,1.0,6.0
201100053659,0011-04-19 08:20:00,11,4,19,8,20,930,66,AUTOROUTE A1,,,Plein jour,Hors agglomération,Hors intersection,Normale,Sans collision,,,,,,,,,,,1,1,1,1.0,7.0
201100053660,0011-04-19 08:50:00,11,4,19,8,50,930,66,AUTOROUTE A1,,,Plein jour,Hors agglomération,Hors intersection,Normale,Autre collision,,,,,,,,,,,1,1,1,1.0,6.0
201100053661,0011-04-20 12:40:00,11,4,20,12,40,930,64,AUTOROUTE A86,,,Plein jour,Hors agglomération,Hors intersection,Normale,Deux véhicules - arrière,,,,,,,,,,,1,1,1,1.0,2.0
201100053662,0011-04-20 12:30:00,11,4,20,12,30,930,53,AUTOROUTE A3,,,Plein jour,Hors agglomération,Hors intersection,Normale,Deux véhicules - côté,,,,,,,,,,,1,1,1,1.0,3.0
201100053663,0011-04-20 18:45:00,11,4,20,18,45,950,365,RN 104,,,Plein jour,Hors agglomération,Hors intersection,Normale,Deux véhicules - arrière,,,,,,,,,,,1,1,1,1.0,2.0
201100053664,0011-04-21 10:15:00,11,4,21,10,15,950,151,RN 104,,,Plein jour,Hors agglomération,Hors intersection,Normale,Autre collision,,,,,,,,,,,1,1,1,1.0,6.0
201100053665,0011-04-21 17:35:00,11,4,21,17,35,930,13,AUTOROUTE A1,,,Plein jour,Hors agglomération,Hors intersection,Normale,Trois véhicules et plus - collisions multiples,,,,,,,,,,,1,1,1,1.0,5.0
201100053666,0011-04-23 04:40:00,11,4,23,4,40,930,78,AUTOROUTE A104,,,Nuit sans éclairage public,Hors agglomération,Hors intersection,Normale,Deux véhicules - arrière,,,,,,,,,,,3,1,1,1.0,2.0
201100053667,0011-04-23 07:15:00,11,4,23,7,15,930,53,AUTOROUTE A86,,,Plein jour,Hors agglomération,Hors intersection,Normale,Deux véhicules - côté,,,,,,,,,,,1,1,1,1.0,3.0
201100053668,0011-04-24 04:20:00,11,4,24,4,20,950,306,AUTOROUTE A15,,,Nuit sans éclairage public,Hors agglomération,Hors intersection,Normale,Deux véhicules - arrière,,,,,,,,,,,3,1,1,1.0,2.0
201100053669,0011-04-24 19:25:00,11,4,24,19,25,930,8,AUTOROUTE A86,,,Plein jour,Hors agglomération,Hors intersection,Normale,Sans collision,,,,,,,,,,,1,1,1,1.0,7.0
201100053670,0011-04-27 10:05:00,11,4,27,10,5,930,78,AUTOROUTE A104,,,Plein jour,Hors agglomération,Hors intersection,Normale,Deux véhicules - côté,,,,,,,,,,,1,1,1,1.0,3.0
201100053671,0011-04-27 12:30:00,11,4,27,12,30,600,494,AUTOROUTE A1,,,Plein jour,Hors agglomération,Hors intersection,Normale,Deux véhicules - arrière,,,,,,,,,,,1,1,1,1.0,2.0
201100053672,0011-04-27 14:30:00,11,4,27,14,30,930,5,AUTOROUTE A3,,,Plein jour,Hors agglomération,Hors intersection,Normale,Autre collision,,,,,,,,,,,1,1,1,1.0,6.0
201100053673,0011-04-28 13:00:00,11,4,28,13,0,930,66,AUTOROUTE A86,,,Plein jour,Hors agglomération,Hors intersection,Normale,Trois véhicules et plus - collisions multiples,,,,,,,,,,,1,1,1,1.0,5.0
201100053674,0011-04-28 17:45:00,11,4,28,17,45,950,527,AUTOROUTE A3,,,Plein jour,Hors agglomération,Hors intersection,Normale,Sans collision,,,,,,,,,,,1,1,1,1.0,7.0
201100053675,0011-04-30 16:00:00,11,4,30,16,0,930,10,AUTOROUTE A3,,,Plein jour,Hors agglomération,Hors intersection,Normale,Deux véhicules - arrière,,,,,,,,,,,1,1,1,1.0,2.0
201100053676,0011-04-30 17:45:00,11,4,30,17,45,930,48,AUTOROUTE A3,,,Plein jour,Hors agglomération,Hors intersection,Normale,Deux véhicules - côté,,,,,,,,,,,1,1,1,1.0,3.0
201100053677,0011-10-02 20:25:00,11,10,2,20,25,950,527,AUTOROUTE A1,,,Plein jour,Hors agglomération,Hors intersection,Normale,Deux véhicules - côté,,,,,,,,,,,1,1,1,1.0,3.0
201100053678,0011-01-02 10:35:00,11,1,2,10,35,950,582,AUTOROUTE A15,,,Plein jour,Hors agglomération,Hors intersection,Normale,Deux véhicules - arrière,,,,,,,,,,,1,1,1,1.0,2.0
201100053679,0011-05-01 07:00:00,11,5,1,7,0,950,252,AUTOROUTE A15,,,Plein jour,Hors agglomération,Hors intersection,Normale,Autre collision,,,,,,,,,,,1,1,1,1.0,6.0
201100053680,0011-05-01 19:15:00,11,5,1,19,15,950,582,AUTOROUTE A15,,,Plein jour,Hors agglomération,Hors intersection,Normale,Deux véhicules - côté,,,,,,,,,,,1,1,1,1.0,3.0
201100053681,0011-05-02 07:15:00,11,5,2,7,15,950,582,AUTOROUTE A15,,,Plein jour,Hors agglomération,Hors intersection,Normale,Deux véhicules - côté,,,,,,,,,,,1,1,1,1.0,3.0
201100053682,0011-05-02 09:00:00,11,5,2,9,0,950,252,AUTOROUTE A15,,,Plein jour,Hors agglomération,Hors intersection,Normale,Trois véhicules et plus - en chaîne,,,,,,,,,,,1,1,1,1.0,4.0
201100053683,0011-05-03 08:15:00,11,5,3,8,15,930,7,AUTOROUTE A3,,,Plein jour,Hors agglomération,Hors intersection,Normale,Trois véhicules et plus - en chaîne,,,,,,,,,,,1,1,1,1.0,4.0
201100053684,0011-05-03 17:35:00,11,5,3,17,35,950,28,RN 104,,,Plein jour,Hors agglomération,Hors intersection,Normale,Trois véhicules et plus - collisions multiples,,,,,,,,,,,1,1,1,1.0,5.0
201100053685,0011-05-04 08:45:00,11,5,4,8,45,930,6,AUTOROUTE A3,,,Plein jour,Hors agglomération,Hors intersection,Normale,Sans collision,,,,,,,,,,,1,1,1,1.0,7.0
201100053686,0011-05-04 09:30:00,11,5,4,9,30,930,27,AUTOROUTE A86,,,Plein jour,Hors agglomération,Hors intersection,Normale,Deux véhicules - arrière,,,,,,,,,,,1,1,1,1.0,2.0
201100053687,0011-05-05 19:20:00,11,5,5,19,20,930,66,AUTOROUTE A1,,,Plein jour,Hors agglomération,Hors intersection,Normale,Sans collision,,,,,,,,,,,1,1,1,1.0,7.0
201100053688,0011-05-05 07:35:00,11,5,5,7,35,950,491,AUTOROUTE A115,,,Plein jour,Hors agglomération,Hors intersection,Normale,Sans collision,,,,,,,,,,,1,1,1,1.0,7.0
201100053689,0011-05-05 08:30:00,11,5,5,8,30,920,36,AUTOROUTE A15,48.9445,2.28619,Plein jour,Hors agglomération,Hors intersection,Normale,Deux véhicules - arrière,,,,,,,,,,,1,1,1,1.0,2.0
201100053690,0011-05-05 16:00:00,11,5,5,16,0,930,27,AUTOROUTE A1,,,Plein jour,Hors agglomération,Hors intersection,Normale,Trois véhicules et plus - en chaîne,,,,,,,,,,,1,1,1,1.0,4.0
201100053691,0011-05-06 09:30:00,11,5,6,9,30,950,582,AUTOROUTE A15,,,Plein jour,Hors agglomération,Hors intersection,Normale,Trois véhicules et plus - en chaîne,,,,,,,,,,,1,1,1,1.0,4.0
201100053692,0011-05-06 12:55:00,11,5,6,12,55,930,6,AUTOROUTE A3,,,Plein jour,Hors agglomération,Hors intersection,Normale,Deux véhicules - côté,,,,,,,,,,,1,1,1,1.0,3.0
201100053693,0011-05-06 18:30:00,11,5,6,18,30,930,64,AUTOROUTE A86,,,Plein jour,Hors agglomération,Hors intersection,Normale,Trois véhicules et plus - collisions multiples,,,,,,,,,,,1,1,1,1.0,5.0
201100053694,0011-05-07 01:05:00,11,5,7,1,5,950,488,AUTOROUTE A15,,,Nuit avec éclairage non allumé,Hors agglomération,Hors intersection,Normale,Trois véhicules et plus - en chaîne,,,,,,,,,,,4,1,1,1.0,4.0
201100053695,0011-05-07 11:40:00,11,5,7,11,40,950,555,RD 170,48.9702,2.2755,Plein jour,Hors agglomération,Hors intersection,Normale,Trois véhicules et plus - collisions multiples,,,,,,,,,,,1,1,1,1.0,5.0
201100053696,0011-05-09 09:30:00,11,5,9,9,30,950,256,ROUTE NATIONALE 184,,,Plein jour,Hors agglomération,Hors intersection,Normale,Trois véhicules et plus - en chaîne,,,,,,,,,,,1,1,1,1.0,4.0
201100053697,0011-05-10 08:15:00,11,5,10,8,15,930,8,AUTOROUTE A86,,,Plein jour,Hors agglomération,Hors intersection,Normale,Sans collision,,,,,,,,,,,1,1,1,1.0,7.0
201100053698,0011-05-10 15:30:00,11,5,10,15,30,950,641,AUTOROUTE A1,49.0754,2.552,Plein jour,Hors agglomération,Hors intersection,Normale,Deux véhicules - arrière,,,,,,,,,,,1,1,1,1.0,2.0
201100053699,0011-05-11 08:00:00,11,5,11,8,0,920,36,AUTOROUTE A15,48.9434,2.2881,Plein jour,Hors agglomération,Hors intersection,Normale,Sans collision,,,,,,,,,,,1,1,1,1.0,7.0
201100053700,0011-05-11 16:45:00,11,5,11,16,45,950,394,ROUTE NATIONALE 184,,,Plein jour,Hors agglomération,Hors intersection,Normale,Autre collision,,,,,,,,,,,1,1,1,1.0,6.0
201100053701,0011-05-11 17:55:00,11,5,11,17,55,950,277,A104,48.9736,2.4856,Plein jour,Hors agglomération,Hors intersection,Normale,Trois véhicules et plus - en chaîne,,,,,,,,,,,1,1,1,1.0,4.0
201100053702,0011-05-11 21:00:00,11,5,11,21,0,930,64,AUTOROUTE A86,,,Plein jour,Hors agglomération,Hors intersection,Normale,Deux véhicules - côté,,,,,,,,,,,1,1,1,1.0,3.0
201100053703,0011-05-12 06:30:00,11,5,12,6,30,930,6,AUTOROUTE A3,,,Crépuscule ou aube,Hors agglomération,Hors intersection,Normale,Sans collision,,,,,,,,,,,2,1,1,1.0,7.0
201100053704,0011-05-12 08:00:00,11,5,12,8,0,930,53,AUTOROUTE A103,,,Plein jour,Hors agglomération,Hors intersection,Normale,Deux véhicules - côté,,,,,,,,,,,1,1,1,1.0,3.0
201100053705,0011-05-13 22:00:00,11,5,13,22,0,930,5,AUTOROUTE A3,,,Nuit sans éclairage public,Hors agglomération,Hors intersection,Normale,Trois véhicules et plus - collisions multiples,,,,,,,,,,,3,1,1,1.0,5.0
201100053706,0011-05-14 12:15:00,11,5,14,12,15,930,48,AUTOROUTE A3,,,Plein jour,Hors agglomération,Hors intersection,Normale,Sans collision,,,,,,,,,,,1,1,1,1.0,7.0
201100053707,0011-05-14 17:45:00,11,5,14,17,45,930,8,AUTOROUTE A86,,,Plein jour,Hors agglomération,Hors intersection,Normale,Trois véhicules et plus - en chaîne,,,,,,,,,,,1,1,1,1.0,4.0
201100053708,0011-05-14 18:40:00,11,5,14,18,40,920,36,AUTOROUTE A15,48.947,2.28216,Plein jour,Hors agglomération,Hors intersection,Normale,Trois véhicules et plus - en chaîne,,,,,,,,,,,1,1,1,1.0,4.0
201100053709,0011-05-15 09:15:00,11,5,15,9,15,950,154,AUTOROUTE A1,49.0457,2.5467,Plein jour,Hors agglomération,Hors intersection,Normale,Autre collision,,,,,,,,,,,1,1,1,1.0,6.0
201100053710,0011-05-16 08:15:00,11,5,16,8,15,930,78,AUTOROUTE A104,,,Plein jour,Hors agglomération,Hors intersection,Normale,Deux véhicules - arrière,,,,,,,,,,,1,1,1,1.0,2.0
201100053711,0011-05-16 12:05:00,11,5,16,12,5,930,8,AUTOROUTE A86,,,Plein jour,Hors agglomération,Hors intersection,Normale,Deux véhicules - arrière,,,,,,,,,,,1,1,1,1.0,2.0
201100053712,0011-05-17 01:35:00,11,5,17,1,35,930,66,AUTOROUTE A1,,,Nuit avec éclairage allumé,Hors agglomération,Hors intersection,Normale,Sans collision,,,,,,,,,,,5,1,1,1.0,7.0
201100053713,0011-05-17 07:45:00,11,5,17,7,45,930,27,AUTOROUTE A1,,,Plein jour,Hors agglomération,Hors intersection,Normale,Deux véhicules - côté,,,,,,,,,,,1,1,1,1.0,3.0
201100053714,0011-05-17 09:15:00,11,5,17,9,15,930,13,AUTOROUTE A1,,,Plein jour,Hors agglomération,Hors intersection,Normale,Deux véhicules - arrière,,,,,,,,,,,1,1,1,1.0,2.0
201100053715,0011-05-17 11:20:00,11,5,17,11,20,950,582,AUTOROUTE A15,,,Plein jour,Hors agglomération,Hors intersection,Normale,Sans collision,,,,,,,,,,,1,1,1,1.0,7.0
201100053716,0011-05-17 17:30:00,11,5,17,17,30,950,219,AUTOROUTE A115,,,Plein jour,Hors agglomération,Hors intersection,Normale,Deux véhicules - arrière,,,,,,,,,,,1,1,1,1.0,2.0
201100053717,0011-05-17 20:20:00,11,5,17,20,20,950,527,AUTOROUTE A3,,,Plein jour,Hors agglomération,Hors intersection,Normale,Deux véhicules - arrière,,,,,,,,,,,1,1,1,1.0,2.0
201100053718,0011-05-18 08:30:00,11,5,18,8,30,950,241,RN 104,,,Plein jour,Hors agglomération,Hors intersection,Normale,Trois véhicules et plus - en chaîne,,,,,,,,,,,1,1,1,1.0,4.0
201100053719,0011-05-18 17:00:00,11,5,18,17,0,950,678,ROUTE NATIONALE 184,,,Plein jour,Hors agglomération,Hors intersection,Normale,Trois véhicules et plus - en chaîne,,,,,,,,,,,1,1,1,1.0,4.0
201100053720,0011-05-18 19:30:00,11,5,18,19,30,950,675,AUTOROUTE A1,49.0603,2.5504,Plein jour,Hors agglomération,Hors intersection,Normale,Sans collision,,,,,,,,,,,1,1,1,1.0,7.0
201100053721,0011-05-20 07:00:00,11,5,20,7,0,930,64,AUTOROUTE A86,,,Plein jour,Hors agglomération,Hors intersection,Normale,Deux véhicules - arrière,,,,,,,,,,,1,1,1,1.0,2.0
201100053722,0011-05-20 12:50:00,11,5,20,12,50,950,394,ROUTE NATIONALE 184,,,Plein jour,Hors agglomération,Hors intersection,Normale,Deux véhicules - arrière,,,,,,,,,,,1,1,1,1.0,2.0
201100053723,0011-05-20 16:45:00,11,5,20,16,45,950,582,AUTOROUTE A15,,,Plein jour,Hors agglomération,Hors intersection,Normale,Trois véhicules et plus - collisions multiples,,,,,,,,,,,1,1,1,1.0,5.0
201100053724,0011-05-20 19:00:00,11,5,20,19,0,930,78,AUTOROUTE A104,,,Plein jour,Hors agglomération,Hors intersection,Normale,Deux véhicules - arrière,,,,,,,,,,,1,1,1,1.0,2.0
201100053725,0011-05-20 18:05:00,11,5,20,18,5,930,10,AUTOROUTE A3,,,Plein jour,Hors agglomération,Hors intersection,Normale,Deux véhicules - côté,,,,,,,,,,,1,1,1,1.0,3.0
201100053726,0011-05-20 20:20:00,11,5,20,20,20,950,582,AUTOROUTE A15,,,Plein jour,Hors agglomération,Hors intersection,Normale,Autre collision,,,,,,,,,,,1,1,1,1.0,6.0
201100053727,0011-05-21 06:15:00,11,5,21,6,15,950,176,AUTOROUTE A15,,,Plein jour,Hors agglomération,Hors intersection,Normale,Autre collision,,,,,,,,,,,1,1,1,1.0,6.0
201100053728,0011-05-21 08:55:00,11,5,21,8,55,950,394,AUTOROUTE A115,,,Plein jour,Hors agglomération,Hors intersection,Normale,Autre collision,,,,,,,,,,,1,1,1,1.0,6.0
201100053729,0011-05-23 17:30:00,11,5,23,17,30,930,64,AUTOROUTE A103,,,Plein jour,Hors agglomération,Hors intersection,Normale,Sans collision,,,,,,,,,,,1,1,1,1.0,7.0
201100053730,0011-05-23 14:30:00,11,5,23,14,30,920,78,AUTOROUTE A86,48.9065,2.21079,Plein jour,Hors agglomération,Hors intersection,Normale,Sans collision,,,,,,,,,,,1,1,1,1.0,7.0
201100053731,0011-05-19 08:45:00,11,5,19,8,45,930,64,AUTOROUTE A86,,,Plein jour,Hors agglomération,Hors intersection,Normale,Deux véhicules - côté,,,,,,,,,,,1,1,1,1.0,3.0
201100053732,0011-05-24 08:00:00,11,5,24,8,0,950,252,AUTOROUTE A115,,,Plein jour,Hors agglomération,Hors intersection,Normale,Deux véhicules - côté,,,,,,,,,,,1,1,1,1.0,3.0
201100053733,0011-05-24 08:00:00,11,5,24,8,0,930,27,AUTOROUTE A1,,,Plein jour,Hors agglomération,Hors intersection,Normale,Deux véhicules - côté,,,,,,,,,,,1,1,1,1.0,3.0
201100053734,0011-05-24 09:10:00,11,5,24,9,10,930,66,AUTOROUTE A86,,,Plein jour,Hors agglomération,Hors intersection,Normale,Deux véhicules - côté,,,,,,,,,,,1,1,1,1.0,3.0
201100053735,0011-05-24 10:00:00,11,5,24,10,0,930,63,AUTOROUTE A3,,,Plein jour,Hors agglomération,Hors intersection,Normale,Deux véhicules - arrière,,,,,,,,,,,1,1,1,1.0,2.0
201100053736,0011-05-25 07:55:00,11,5,25,7,55,950,582,RD 170,48.9643,2.2692,Plein jour,Hors agglomération,Hors intersection,Normale,Deux véhicules - arrière,,,,,,,,,,,1,1,1,1.0,2.0
201100053737,0011-05-25 12:30:00,11,5,25,12,30,950,277,AUTOROUTE A3,48.9699,2.4826,Plein jour,Hors agglomération,Hors intersection,Normale,Deux véhicules - arrière,,,,,,,,,,,1,1,1,1.0,2.0
201100053738,0011-05-25 14:30:00,11,5,25,14,30,930,64,AUTOROUTE A86,,,Plein jour,Hors agglomération,Hors intersection,Normale,Deux véhicules - côté,,,,,,,,,,,1,1,1,1.0,3.0
201100053739,0011-05-25 17:25:00,11,5,25,17,25,930,8,AUTOROUTE A86,,,Plein jour,Hors agglomération,Hors intersection,Normale,Deux véhicules - côté,,,,,,,,,,,1,1,1,1.0,3.0
201100053740,0011-05-25 17:00:00,11,5,25,17,0,950,60,AUTOROUTE A115,,,Plein jour,Hors agglomération,Hors intersection,Normale,Deux véhicules - côté,,,,,,,,,,,1,1,1,1.0,3.0
201100053741,0011-05-26 15:30:00,11,5,26,15,30,950,582,AUTOROUTE A15,,,Plein jour,Hors agglomération,Hors intersection,Normale,Deux véhicules - côté,,,,,,,,,,,1,1,1,1.0,3.0
201100053742,0011-05-26 17:35:00,11,5,26,17,35,930,73,AUTOROUTE A104,,,Plein jour,Hors agglomération,Hors intersection,Normale,Deux véhicules - côté,,,,,,,,,,,1,1,1,1.0,3.0
201100053743,0011-05-26 18:30:00,11,5,26,18,30,950,582,AUTOROUTE A15,,,Plein jour,Hors agglomération,Hors intersection,Normale,Deux véhicules - arrière,,,,,,,,,,,1,1,1,1.0,2.0
201100053744,0011-05-26 19:30:00,11,5,26,19,30,930,64,AUTOROUTE A86,,,Plein jour,Hors agglomération,Hors intersection,Normale,Trois véhicules et plus - en chaîne,,,,,,,,,,,1,1,1,1.0,4.0
201100053745,0011-05-27 08:50:00,11,5,27,8,50,950,28,RN 104,,,Plein jour,Hors agglomération,Hors intersection,Normale,Deux véhicules - côté,,,,,,,,,,,1,1,1,1.0,3.0
201100053746,0011-05-27 18:10:00,11,5,27,18,10,930,10,AUTOROUTE A3,,,Plein jour,Hors agglomération,Hors intersection,Normale,Trois véhicules et plus - en chaîne,,,,,,,,,,,1,1,1,1.0,4.0
201100053747,0011-05-18 04:45:00,11,5,18,4,45,930,5,AUTOROUTE A3,,,Nuit sans éclairage public,Hors agglomération,Hors intersection,Normale,Sans collision,,,,,,,,,,,3,1,1,1.0,7.0
201100053748,0011-05-28 05:45:00,11,5,28,5,45,930,78,AUTOROUTE A104,,,Crépuscule ou aube,Hors agglomération,Hors intersection,Normale,Trois véhicules et plus - collisions multiples,,,,,,,,,,,2,1,1,1.0,5.0
201100053749,0011-05-28 05:10:00,11,5,28,5,10,950,488,AUTOROUTE A15,,,Crépuscule ou aube,Hors agglomération,Hors intersection,Normale,Deux véhicules - côté,,,,,,,,,,,2,1,1,1.0,3.0
201100053750,0011-05-28 12:10:00,11,5,28,12,10,930,10,AUTOROUTE A3,,,Plein jour,Hors agglomération,Hors intersection,Normale,Trois véhicules et plus - en chaîne,,,,,,,,,,,1,1,1,1.0,4.0
201100053751,0011-05-28 15:45:00,11,5,28,15,45,950,277,A104,48.9736,2.4861,Plein jour,Hors agglomération,Hors intersection,Normale,Sans collision,,,,,,,,,,,1,1,1,1.0,7.0
201100053752,0011-05-28 17:00:00,11,5,28,17,0,950,607,AUTOROUTE A115,,,Plein jour,Hors agglomération,Hors intersection,Normale,Deux véhicules - arrière,,,,,,,,,,,1,1,1,1.0,2.0
201100053753,0011-05-29 10:30:00,11,5,29,10,30,930,8,AUTOROUTE A86,,,Plein jour,Hors agglomération,Hors intersection,Normale,Trois véhicules et plus - en chaîne,,,,,,,,,,,1,1,1,1.0,4.0
201100053754,0011-05-29 14:30:00,11,5,29,14,30,950,500,AUTOROUTE A15,,,Plein jour,Hors agglomération,Hors intersection,Normale,Trois véhicules et plus - collisions multiples,,,,,,,,,,,1,1,1,1.0,5.0
201100053755,0011-05-29 19:10:00,11,5,29,19,10,930,53,AUTOROUTE A3,,,Plein jour,Hors agglomération,Hors intersection,Normale,Deux véhicules - arrière,,,,,,,,,,,1,1,1,1.0,2.0
201100053756,0011-05-30 08:50:00,11,5,30,8,50,920,36,AUTOROUTE A15,48.9404,2.29367,Plein jour,Hors agglomération,Hors intersection,Normale,Sans collision,,,,,,,,,,,1,1,1,1.0,7.0
201100053757,0011-05-30 08:45:00,11,5,30,8,45,930,66,AUTOROUTE A86,,,Plein jour,Hors agglomération,Hors intersection,Normale,Deux véhicules - arrière,,,,,,,,,,,1,1,1,1.0,2.0
201100053758,0011-05-30 16:30:00,11,5,30,16,30,930,5,AUTOROUTE A1,,,Plein jour,Hors agglomération,Hors intersection,Normale,Autre collision,,,,,,,,,,,1,1,1,1.0,6.0
201100053759,0011-05-30 18:20:00,11,5,30,18,20,930,10,AUTOROUTE A86,,,Plein jour,Hors agglomération,Hors intersection,Normale,Trois véhicules et plus - collisions multiples,,,,,,,,,,,1,1,1,1.0,5.0
201100053760,0011-05-31 08:15:00,11,5,31,8,15,920,36,AUTOROUTE A15,48.9459,2.28376,Plein jour,Hors agglomération,Hors intersection,Normale,Deux véhicules - arrière,,,,,,,,,,,1,1,1,1.0,2.0
201100053761,0011-05-31 19:15:00,11,5,31,19,15,930,64,AUTOROUTE A86,,,Plein jour,Hors agglomération,Hors intersection,Pluie légère,Trois véhicules et plus - collisions multiples,,,,,,,,,,,1,1,1,2.0,5.0
201100053762,0011-05-31 17:30:00,11,5,31,17,30,930,66,AUTOROUTE A86,,,Plein jour,Hors agglomération,Hors intersection,Normale,Deux véhicules - arrière,,,,,,,,,,,1,1,1,1.0,2.0
201100053763,0011-06-01 11:45:00,11,6,1,11,45,930,7,AUTOROUTE A3,,,Plein jour,Hors agglomération,Hors intersection,Normale,Deux véhicules - côté,,,,,,,,,,,1,1,1,1.0,3.0
201100053764,0011-06-01 12:00:00,11,6,1,12,0,930,8,AUTOROUTE A86,,,Plein jour,Hors agglomération,Hors intersection,Normale,Deux véhicules - côté,,,,,,,,,,,1,1,1,1.0,3.0
201100053765,0011-06-01 18:40:00,11,6,1,18,40,930,66,AUTOROUTE A1,,,Plein jour,Hors agglomération,Hors intersection,Normale,Deux véhicules - côté,,,,,,,,,,,1,1,1,1.0,3.0
201100053766,0011-06-01 18:45:00,11,6,1,18,45,930,5,AUTOROUTE A3,,,Plein jour,Hors agglomération,Hors intersection,Normale,Trois véhicules et plus - collisions multiples,,,,,,,,,,,1,1,1,1.0,5.0
201100053767,0011-06-02 14:35:00,11,6,2,14,35,930,29,AUTOROUTE A86,,,Plein jour,Hors agglomération,Hors intersection,Normale,Deux véhicules - côté,,,,,,,,,,,1,1,1,1.0,3.0
201100053768,0011-06-02 18:40:00,11,6,2,18,40,950,424,AUTOROUTE A15,,,Plein jour,Hors agglomération,Hors intersection,Normale,Deux véhicules - arrière,,,,,,,,,,,1,1,1,1.0,2.0
201100053769,0011-06-04 08:45:00,11,6,4,8,45,930,53,AUTOROUTE A3,,,Plein jour,Hors agglomération,Hors intersection,Normale,Deux véhicules - côté,,,,,,,,,,,1,1,1,1.0,3.0