accident_id,datetime,annee,mois,jour,heure,minute,departement,commune_insee,adresse,latitude,longitude,luminosite,agglomeration,intersection,meteo,collision,nb_vehicules,nb_usagers,nb_indemnes,nb_tues,nb_blesses_hosp,nb_blesses_legers,age_cond_1,age_cond_2,veh_type_cond_1,veh_type_cond_2,lum_code,agg_code,int_code,atm_code,col_code
201100053770,0011-06-04 15:45:00,11,6,4,15,45,930,48,AUTOROUTE A3,,,Plein jour,Hors agglomération,Hors intersection,Normale,Deux véhicules - arrière,,,,,,,,,,,1,1,1,1.0,2.0
201100053771,0011-06-05 08:20:00,11,6,5,8,20,920,36,AUTOROUTE A86,48.9086,2.21417,Plein jour,Hors agglomération,Hors intersection,Pluie légère,Sans collision,,,,,,,,,,,1,1,1,2.0,7.0
201100053772,0011-06-05 18:40:00,11,6,5,18,40,930,78,AUTOROUTE A104,,,Plein jour,Hors agglomération,Hors intersection,Pluie légère,Deux véhicules - côté,,,,,,,,,,,1,1,1,2.0,3.0
201100053773,0011-06-06 04:45:00,11,6,6,4,45,930,10,AUTOROUTE A3,,,Nuit sans éclairage public,Hors agglomération,Hors intersection,Normale,Sans collision,,,,,,,,,,,3,1,1,1.0,7.0
201100053774,0011-06-07 12:30:00,11,6,7,12,30,920,36,AUTOROUTE A86,48.927,2.23652,Plein jour,Hors agglomération,Hors intersection,Normale,Deux véhicules - côté,,,,,,,,,,,1,1,1,1.0,3.0
201100053775,0011-06-07 17:00:00,11,6,7,17,0,930,48,AUTOROUTE A3,,,Plein jour,Hors agglomération,Hors intersection,Normale,Deux véhicules - arrière,,,,,,,,,,,1,1,1,1.0,2.0
201100053776,0011-06-05 07:10:00,11,6,5,7,10,930,66,AUTOROUTE A1,,,Plein jour,Hors agglomération,Hors intersection,Normale,Deux véhicules - côté,,,,,,,,,,,1,1,1,1.0,3.0
201100053777,0011-06-08 12:10:00,11,6,8,12,10,930,53,AUTOROUTE A3,,,Plein jour,Hors agglomération,Hors intersection,Normale,Autre collision,,,,,,,,,,,1,1,1,1.0,6.0
201100053778,0011-06-08 13:20:00,11,6,8,13,20,930,66,AUTOROUTE A1,,,Plein jour,Hors agglomération,Hors intersection,Normale,Deux véhicules - arrière,,,,,,,,,,,1,1,1,1.0,2.0
201100053779,0011-06-08 14:40:00,11,6,8,14,40,920,78,AUTOROUTE A86,48.9028,2.20483,Plein jour,Hors agglomération,Hors intersection,Normale,Trois véhicules et plus - en chaîne,,,,,,,,,,,1,1,1,1.0,4.0
201100053780,0011-06-09 08:30:00,11,6,9,8,30,930,7,AUTOROUTE A3,,,Plein jour,Hors agglomération,Hors intersection,Normale,Deux véhicules - côté,,,,,,,,,,,1,1,1,1.0,3.0
201100053781,0011-06-09 08:20:00,11,6,9,8,20,950,212,RN 104,,,Plein jour,Hors agglomération,Hors intersection,Normale,Trois véhicules et plus - en chaîne,,,,,,,,,,,1,1,1,1.0,4.0
201100053782,0011-06-09 14:15:00,11,6,9,14,15,950,572,AUTOROUTE A15,,,Plein jour,Hors agglomération,Hors intersection,Normale,Autre collision,,,,,,,,,,,1,1,1,1.0,6.0
201100053783,0011-06-10 09:15:00,11,6,10,9,15,950,212,RN 104,,,Plein jour,Hors agglomération,Hors intersection,Normale,Trois véhicules et plus - en chaîne,,,,,,,,,,,1,1,1,1.0,4.0
201100053784,0011-06-11 06:00:00,11,6,11,6,0,950,176,AUTOROUTE A15,,,Plein jour,Hors agglomération,Hors intersection,Normale,Deux véhicules - arrière,,,,,,,,,,,1,1,1,1.0,2.0
201100053785,0011-06-11 14:45:00,11,6,11,14,45,950,18,AUTOROUTE A15,,,Plein jour,Hors agglomération,Hors intersection,Normale,Autre collision,,,,,,,,,,,1,1,1,1.0,6.0
201100053786,0011-06-13 09:00:00,11,6,13,9,0,930,27,AUTOROUTE A86,,,Plein jour,Hors agglomération,Hors intersection,Pluie légère,Sans collision,,,,,,,,,,,1,1,1,2.0,7.0
201100053787,0011-06-13 09:20:00,11,6,13,9,20,920,36,AUTOROUTE A86,48.935,2.25943,Plein jour,Hors agglomération,Hors intersection,Normale,Sans collision,,,,,,,,,,,1,1,1,1.0,7.0
201100053788,0011-06-13 18:40:00,11,6,13,18,40,950,256,ROUTE NATIONALE 184,,,Plein jour,Hors agglomération,Hors intersection,Pluie forte,Sans collision,,,,,,,,,,,1,1,1,3.0,7.0
201100053789,0011-06-13 21:00:00,11,6,13,21,0,930,27,AUTOROUTE A86,,,Plein jour,Hors agglomération,Hors intersection,Pluie légère,Sans collision,,,,,,,,,,,1,1,1,2.0,7.0
201100053790,0011-06-13 21:00:00,11,6,13,21,0,930,78,AUTOROUTE A104,,,Nuit avec éclairage non allumé,Hors agglomération,Hors intersection,Normale,Autre collision,,,,,,,,,,,4,1,1,1.0,6.0
201100053791,0011-06-14 11:40:00,11,6,14,11,40,950,394,AUTOROUTE A115,,,Plein jour,Hors agglomération,Hors intersection,Normale,Autre collision,,,,,,,,,,,1,1,1,1.0,6.0
201100053792,0011-06-14 17:35:00,11,6,14,17,35,930,78,AUTOROUTE A104,,,Plein jour,Hors agglomération,Hors intersection,Normale,Sans collision,,,,,,,,,,,1,1,1,1.0,7.0
201100053793,0011-06-16 17:15:00,11,6,16,17,15,930,8,AUTOROUTE A86,,,Plein jour,Hors agglomération,Hors intersection,Normale,Deux véhicules - côté,,,,,,,,,,,1,1,1,1.0,3.0
201100053794,0011-06-16 19:10:00,11,6,16,19,10,930,78,AUTOROUTE A104,,,Plein jour,Hors agglomération,Hors intersection,Normale,Deux véhicules - côté,,,,,,,,,,,1,1,1,1.0,3.0
201100053795,0011-06-16 21:10:00,11,6,16,21,10,950,527,AUTOROUTE A1,,,Plein jour,Hors agglomération,Hors intersection,Normale,Autre collision,,,,,,,,,,,1,1,1,1.0,6.0
201100053796,0011-06-17 07:00:00,11,6,17,7,0,600,612,AUTOROUTE A1,,,Plein jour,Hors agglomération,Hors intersection,Normale,Autre collision,,,,,,,,,,,1,1,1,1.0,6.0
201100053797,0011-06-17 16:50:00,11,6,17,16,50,930,27,AUTOROUTE A1,,,Plein jour,Hors agglomération,Hors intersection,Normale,Trois véhicules et plus - collisions multiples,,,,,,,,,,,1,1,1,1.0,5.0
201100053798,0011-06-18 17:15:00,11,6,18,17,15,930,64,AUTOROUTE A103,,,Plein jour,Hors agglomération,Hors intersection,Normale,Deux véhicules - côté,,,,,,,,,,,1,1,1,1.0,3.0
201100053799,0011-06-18 13:45:00,11,6,18,13,45,930,10,AUTOROUTE A3,,,Plein jour,Hors agglomération,Hors intersection,Pluie légère,Trois véhicules et plus - collisions multiples,,,,,,,,,,,1,1,1,2.0,5.0
201100053800,0011-06-20 08:00:00,11,6,20,8,0,930,66,AUTOROUTE A1,,,Plein jour,Hors agglomération,Hors intersection,Pluie légère,Trois véhicules et plus - collisions multiples,,,,,,,,,,,1,1,1,2.0,5.0
201100053801,0011-06-20 08:50:00,11,6,20,8,50,950,582,AUTOROUTE A15,,,Plein jour,Hors agglomération,Hors intersection,Pluie légère,Autre collision,,,,,,,,,,,1,1,1,2.0,6.0
201100053802,0011-06-20 09:30:00,11,6,20,9,30,950,42,RN 104,,,Plein jour,Hors agglomération,Hors intersection,Temps couvert,Trois véhicules et plus - en chaîne,,,,,,,,,,,1,1,1,8.0,4.0
201100053803,0011-06-20 12:10:00,11,6,20,12,10,950,252,AUTOROUTE A15,,,Plein jour,Hors agglomération,Hors intersection,Temps couvert,Trois véhicules et plus - en chaîne,,,,,,,,,,,1,1,1,8.0,4.0
201100053804,0011-06-20 20:15:00,11,6,20,20,15,930,10,AUTOROUTE A3,,,Plein jour,Hors agglomération,Hors intersection,Normale,Sans collision,,,,,,,,,,,1,1,1,1.0,7.0
201100053805,0011-06-20 21:30:00,11,6,20,21,30,930,10,AUTOROUTE A86,,,Plein jour,Hors agglomération,Hors intersection,Normale,Deux véhicules - arrière,,,,,,,,,,,1,1,1,1.0,2.0
201100053806,0011-06-22 01:40:00,11,6,22,1,40,930,6,AUTOROUTE A3,,,Nuit sans éclairage public,Hors agglomération,Hors intersection,Normale,Sans collision,,,,,,,,,,,3,1,1,1.0,7.0
201100053807,0011-06-22 05:40:00,11,6,22,5,40,930,27,AUTOROUTE A86,,,Crépuscule ou aube,Hors agglomération,Hors intersection,Normale,Trois véhicules et plus - en chaîne,,,,,,,,,,,2,1,1,1.0,4.0
201100053808,0011-06-22 10:45:00,11,6,22,10,45,930,63,AUTOROUTE A3,,,Plein jour,Hors agglomération,Hors intersection,Normale,Autre collision,,,,,,,,,,,1,1,1,1.0,6.0
201100053809,0011-06-22 11:05:00,11,6,22,11,5,950,582,AUTOROUTE A15,,,Plein jour,Hors agglomération,Hors intersection,Pluie forte,Deux véhicules - arrière,,,,,,,,,,,1,1,1,3.0,2.0
201100053810,0011-06-22 16:10:00,11,6,22,16,10,930,5,AUTOROUTE A3,,,Plein jour,Hors agglomération,Hors intersection,Normale,Deux véhicules - arrière,,,,,,,,,,,1,1,1,1.0,2.0
201100053811,0011-06-22 18:30:00,11,6,22,18,30,950,42,RN 104,,,Plein jour,Hors agglomération,Hors intersection,Normale,Deux véhicules - arrière,,,,,,,,,,,1,1,1,1.0,2.0
201100053812,0011-06-22 21:40:00,11,6,22,21,40,950,277,AUTOROUTE A104,48.9729,2.4874,Crépuscule ou aube,Hors agglomération,Hors intersection,Normale,Deux véhicules - arrière,,,,,,,,,,,2,1,1,1.0,2.0
201100053813,0011-06-23 09:15:00,11,6,23,9,15,950,351,RN 104,,,Plein jour,Hors agglomération,Hors intersection,Normale,Trois véhicules et plus - collisions multiples,,,,,,,,,,,1,1,1,1.0,5.0
201100053814,0011-06-23 13:30:00,11,6,23,13,30,930,64,AUTOROUTE A86,,,Plein jour,Hors agglomération,Hors intersection,Temps éblouissant,Deux véhicules - côté,,,,,,,,,,,1,1,1,7.0,3.0
201100053815,0011-06-23 20:50:00,11,6,23,20,50,950,277,A104,48.9736,2.4861,Plein jour,Hors agglomération,Hors intersection,Normale,Sans collision,,,,,,,,,,,1,1,1,1.0,7.0
201100053816,0011-06-24 07:05:00,11,6,24,7,5,950,18,AUTOROUTE A15,,,Plein jour,Hors agglomération,Hors intersection,Normale,Deux véhicules - côté,,,,,,,,,,,1,1,1,1.0,3.0
201100053817,0011-06-24 17:40:00,11,6,24,17,40,930,64,AUTOROUTE A86,,,Plein jour,Hors agglomération,Hors intersection,Normale,Trois véhicules et plus - en chaîne,,,,,,,,,,,1,1,1,1.0,4.0
201100053818,0011-06-25 06:35:00,11,6,25,6,35,600,631,AUTOROUTE A1,,,Crépuscule ou aube,Hors agglomération,Hors intersection,Normale,Deux véhicules - arrière,,,,,,,,,,,2,1,1,1.0,2.0
201100053819,0011-06-25 07:10:00,11,6,25,7,10,930,10,AUTOROUTE A3,,,Crépuscule ou aube,Hors agglomération,Hors intersection,Normale,Trois véhicules et plus - en chaîne,,,,,,,,,,,2,1,1,1.0,4.0
201100053820,0011-06-26 12:50:00,11,6,26,12,50,930,53,AUTOROUTE A3,,,Plein jour,Hors agglomération,Hors intersection,Normale,Deux véhicules - arrière,,,,,,,,,,,1,1,1,1.0,2.0
201100053821,0011-06-26 16:00:00,11,6,26,16,0,950,241,RN 104,,,Plein jour,Hors agglomération,Hors intersection,Normale,Deux véhicules - arrière,,,,,,,,,,,1,1,1,1.0,2.0
201100053822,0011-06-26 18:10:00,11,6,26,18,10,930,13,AUTOROUTE A1,,,Plein jour,Hors agglomération,Hors intersection,Normale,Trois véhicules et plus - en chaîne,,,,,,,,,,,1,1,1,1.0,4.0
201100053823,0011-06-27 07:10:00,11,6,27,7,10,930,27,AUTOROUTE A1,,,Plein jour,Hors agglomération,Hors intersection,Normale,Sans collision,,,,,,,,,,,1,1,1,1.0,7.0
201100053824,0011-06-27 08:05:00,11,6,27,8,5,930,64,AUTOROUTE A86,,,Plein jour,Hors agglomération,Hors intersection,Normale,Deux véhicules - côté,,,,,,,,,,,1,1,1,1.0,3.0
201100053825,0011-06-27 08:30:00,11,6,27,8,30,950,212,AUTOROUTE A1,49.0306,2.5375,Plein jour,Hors agglomération,Hors intersection,Normale,Trois véhicules et plus - collisions multiples,,,,,,,,,,,1,1,1,1.0,5.0
201100053826,0011-06-27 13:45:00,11,6,27,13,45,930,5,AUTOROUTE A3,,,Plein jour,Hors agglomération,Hors intersection,Normale,Deux véhicules - côté,,,,,,,,,,,1,1,1,1.0,3.0
201100053827,0011-06-28 12:00:00,11,6,28,12,0,930,6,AUTOROUTE A3,,,Plein jour,Hors agglomération,Hors intersection,Normale,Deux véhicules - arrière,,,,,,,,,,,1,1,1,1.0,2.0
201100053828,0011-06-28 16:00:00,11,6,28,16,0,950,500,AUTOROUTE A15,,,Plein jour,Hors agglomération,Hors intersection,Normale,Autre collision,,,,,,,,,,,1,1,1,1.0,6.0
201100053829,0011-06-28 18:30:00,11,6,28,18,30,930,7,AUTOROUTE A3,,,Plein jour,Hors agglomération,Hors intersection,Normale,Trois véhicules et plus - collisions multiples,,,,,,,,,,,1,1,1,1.0,5.0
201100053830,0011-06-28 21:30:00,11,6,28,21,30,920,78,AUTOROUTE A86,48.9072,2.21203,Plein jour,Hors agglomération,Hors intersection,Normale,Deux véhicules - côté,,,,,,,,,,,1,1,1,1.0,3.0
201100053831,0011-06-30 08:50:00,11,6,30,8,50,920,36,AUTOROUTE A15,48.9417,2.29113,Plein jour,Hors agglomération,Hors intersection,Normale,Deux véhicules - côté,,,,,,,,,,,1,1,1,1.0,3.0
201100053832,0011-07-01 10:15:00,11,7,1,10,15,930,64,AUTOROUTE A86,,,Plein jour,Hors agglomération,Hors intersection,Normale,Deux véhicules - arrière,,,,,,,,,,,1,1,1,1.0,2.0
201100053833,0011-07-01 12:20:00,11,7,1,12,20,950,60,A115,,,Plein jour,Hors agglomération,Hors intersection,Normale,Deux véhicules - côté,,,,,,,,,,,1,1,1,1.0,3.0
201100053834,0011-07-01 12:30:00,11,7,1,12,30,930,27,AUTOROUTE A86,,,Plein jour,Hors agglomération,Hors intersection,Normale,Deux véhicules - côté,,,,,,,,,,,1,1,1,1.0,3.0
201100053835,0011-07-01 15:00:00,11,7,1,15,0,930,64,AUTOROUTE A86,,,Plein jour,Hors agglomération,Hors intersection,Normale,Trois véhicules et plus - en chaîne,,,,,,,,,,,1,1,1,1.0,4.0
201100053836,0011-07-01 16:20:00,11,7,1,16,20,930,7,AUTOROUTE A3,,,Plein jour,Hors agglomération,Hors intersection,Normale,Deux véhicules - côté,,,,,,,,,,,1,1,1,1.0,3.0
201100053837,0011-07-01 17:00:00,11,7,1,17,0,930,6,AUTOROUTE A3,,,Plein jour,Hors agglomération,Hors intersection,Normale,Deux véhicules - arrière,,,,,,,,,,,1,1,1,1.0,2.0
201100053838,0011-07-01 20:30:00,11,7,1,20,30,930,1,AUTOROUTE A86,,,Plein jour,Hors agglomération,Hors intersection,Normale,Deux véhicules - arrière,,,,,,,,,,,1,1,1,1.0,2.0
201100053839,0011-07-01 20:00:00,11,7,1,20,0,930,7,AUTOROUTE A3,,,Plein jour,Hors agglomération,Hors intersection,Normale,Deux véhicules - arrière,,,,,,,,,,,1,1,1,1.0,2.0
201100053840,0011-07-02 01:45:00,11,7,2,1,45,930,63,AUTOROUTE A3,,,Nuit sans éclairage public,Hors agglomération,Hors intersection,Normale,Trois véhicules et plus - collisions multiples,,,,,,,,,,,3,1,1,1.0,5.0
201100053841,0011-07-02 09:20:00,11,7,2,9,20,950,351,RN 104,,,Plein jour,Hors agglomération,Hors intersection,Normale,Autre collision,,,,,,,,,,,1,1,1,1.0,6.0
201100053842,0011-07-03 16:20:00,11,7,3,16,20,930,5,AUTOROUTE A3,,,Plein jour,Hors agglomération,Hors intersection,Normale,Deux véhicules - arrière,,,,,,,,,,,1,1,1,1.0,2.0
201100053843,0011-07-03 21:25:00,11,7,3,21,25,930,73,AUTOROUTE A104,,,Crépuscule ou aube,Hors agglomération,Hors intersection,Normale,Sans collision,,,,,,,,,,,2,1,1,1.0,7.0
201100053844,0011-07-04 11:45:00,11,7,4,11,45,920,36,AUTOROUTE A86,,,Plein jour,Hors agglomération,Hors intersection,Normale,Autre collision,,,,,,,,,,,1,1,1,1.0,6.0
201100053845,0011-07-03 17:00:00,11,7,3,17,0,930,5,AUTOROUTE A1,,,Plein jour,Hors agglomération,Hors intersection,Normale,Deux véhicules - côté,,,,,,,,,,,1,1,1,1.0,3.0
201100053846,0011-07-05 10:10:00,11,7,5,10,10,930,7,AUTOROUTE A3,,,Plein jour,Hors agglomération,Hors intersection,Normale,Trois véhicules et plus - en chaîne,,,,,,,,,,,1,1,1,1.0,4.0
201100053847,0011-07-05 11:10:00,11,7,5,11,10,950,582,A15,,,Plein jour,Hors agglomération,Hors intersection,Normale,Deux véhicules - côté,,,,,,,,,,,1,1,1,1.0,3.0
201100053848,0011-07-05 15:55:00,11,7,5,15,55,950,527,A3,48.9909,2.5122,Plein jour,Hors agglomération,Hors intersection,Normale,Deux véhicules - côté,,,,,,,,,,,1,1,1,1.0,3.0
201100053849,0011-07-05 18:00:00,11,7,5,18,0,930,8,AUTOROUTE A86,,,Plein jour,Hors agglomération,Hors intersection,Normale,Deux véhicules - côté,,,,,,,,,,,1,1,1,1.0,3.0
201100053850,0011-07-06 04:45:00,11,7,6,4,45,950,604,AUTOROUTE A1,49.1226,2.5569,Crépuscule ou aube,Hors agglomération,Hors intersection,Normale,Deux véhicules - arrière,,,,,,,,,,,2,1,1,1.0,2.0
201100053851,0011-07-06 06:10:00,11,7,6,6,10,930,64,AUTOROUTE A86,,,Plein jour,Hors agglomération,Hors intersection,Normale,Sans collision,,,,,,,,,,,1,1,1,1.0,7.0
201100053852,0011-07-07 08:00:00,11,7,7,8,0,950,582,RD 170,48.9689,2.2747,Plein jour,Hors agglomération,Hors intersection,Normale,Deux véhicules - arrière,,,,,,,,,,,1,1,1,1.0,2.0
201100053853,0011-07-07 10:25:00,11,7,7,10,25,930,66,AUTOROUTE A1,,,Plein jour,Hors agglomération,Hors intersection,Normale,Sans collision,,,,,,,,,,,1,1,1,1.0,7.0
201100053854,0011-07-07 12:20:00,11,7,7,12,20,930,63,AUTOROUTE A3,,,Plein jour,Hors agglomération,Hors intersection,Normale,Trois véhicules et plus - en chaîne,,,,,,,,,,,1,1,1,1.0,4.0
201100053855,0011-07-08 07:55:00,11,7,8,7,55,930,27,AUTOROUTE A1,,,Plein jour,Hors agglomération,Hors intersection,Normale,Deux véhicules - arrière,,,,,,,,,,,1,1,1,1.0,2.0
201100053856,0011-07-08 09:45:00,11,7,8,9,45,930,29,AUTOROUTE A86,,,Plein jour,Hors agglomération,Hors intersection,Normale,Sans collision,,,,,,,,,,,1,1,1,1.0,7.0
201100053857,0011-07-08 14:02:00,11,7,8,14,2,950,351,RN 104,,,Plein jour,Hors agglomération,Hors intersection,Normale,Sans collision,,,,,,,,,,,1,1,1,1.0,7.0
201100053858,0011-07-09 16:00:00,11,7,9,16,0,930,7,AUTOROUTE A3,,,Plein jour,Hors agglomération,Hors intersection,Normale,Deux véhicules - côté,,,,,,,,,,,1,1,1,1.0,3.0
201100053859,0011-07-10 14:30:00,11,7,10,14,30,930,53,AUTOROUTE A86,,,Plein jour,Hors agglomération,Hors intersection,Normale,Deux véhicules - côté,,,,,,,,,,,1,1,1,1.0,3.0
201100053860,0011-07-10 17:00:00,11,7,10,17,0,950,582,AUTOROUTE A15,,,Plein jour,Hors agglomération,Hors intersection,Normale,Deux véhicules - arrière,,,,,,,,,,,1,1,1,1.0,2.0
201100053861,0011-07-11 08:40:00,11,7,11,8,40,950,582,AUTOROUTE A15,,,Plein jour,Hors agglomération,Hors intersection,Normale,Trois véhicules et plus - collisions multiples,,,,,,,,,,,1,1,1,1.0,5.0
201100053862,0011-07-11 19:18:00,11,7,11,19,18,950,582,AUTOROUTE A15,,,Plein jour,Hors agglomération,Hors intersection,Normale,Deux véhicules - côté,,,,,,,,,,,1,1,1,1.0,3.0
201100053863,0011-07-12 10:10:00,11,7,12,10,10,950,252,AUTOROUTE A15,,,Plein jour,Hors agglomération,Hors intersection,Pluie forte,Autre collision,,,,,,,,,,,1,1,1,3.0,6.0
201100053864,0011-07-13 17:40:00,11,7,13,17,40,930,10,AUTOROUTE A3,,,Plein jour,Hors agglomération,Hors intersection,Normale,Deux véhicules - arrière,,,,,,,,,,,1,1,1,1.0,2.0
201100053865,0011-07-13 20:15:00,11,7,13,20,15,930,66,AUTOROUTE A1,,,Plein jour,Hors agglomération,Hors intersection,Normale,Deux véhicules - arrière,,,,,,,,,,,1,1,1,1.0,2.0
201100053866,0011-07-15 09:15:00,11,7,15,9,15,930,1,AUTOROUTE A86,,,Plein jour,Hors agglomération,Hors intersection,Normale,Deux véhicules - côté,,,,,,,,,,,1,1,1,1.0,3.0
201100053867,0011-07-17 00:55:00,11,7,17,0,55,950,18,AUTOROUTE A15,,,Nuit avec éclairage allumé,Hors agglomération,Hors intersection,Pluie forte,Autre collision,,,,,,,,,,,5,1,1,3.0,6.0
201100053868,0011-07-17 21:15:00,11,7,17,21,15,930,78,AUTOROUTE A104,,,Plein jour,Hors agglomération,Hors intersection,Normale,Autre collision,,,,,,,,,,,1,1,1,1.0,6.0
201100053869,0011-07-15 15:15:00,11,7,15,15,15,950,488,AUTOROUTE A15,,,Plein jour,Hors agglomération,Hors intersection,Normale,Autre collision,,,,,,,,,,,1,1,1,1.0,6.0
201100053870,0011-07-15 15:30:00,11,7,15,15,30,930,5,AUTOROUTE A3,,,Plein jour,Hors agglomération,Hors intersection,Normale,Deux véhicules - côté,,,,,,,,,,,1,1,1,1.0,3.0
201100053871,0011-07-16 12:00:00,11,7,16,12,0,930,10,AUTOROUTE A3,,,Plein jour,Hors agglomération,Hors intersection,Pluie légère,Sans collision,,,,,,,,,,,1,1,1,2.0,7.0
201100053872,0011-07-16 20:00:00,11,7,16,20,0,950,256,ROUTE NATIONALE 184,,,Crépuscule ou aube,Hors agglomération,Hors intersection,Pluie forte,Autre collision,,,,,,,,,,,2,1,1,3.0,6.0
201100053873,0011-07-16 20:15:00,11,7,16,20,15,950,582,AUTOROUTE A15,,,Plein jour,Hors agglomération,Hors intersection,Pluie légère,Autre collision,,,,,,,,,,,1,1,1,2.0,6.0
201100053874,0011-07-17 02:50:00,11,7,17,2,50,930,78,AUTOROUTE A104,,,Nuit sans éclairage public,Hors agglomération,Hors intersection,Pluie forte,Deux véhicules - arrière,,,,,,,,,,,3,1,1,3.0,2.0
201100053875,0011-07-17 05:00:00,11,7,17,5,0,950,582,AUTOROUTE A15,,,Nuit sans éclairage public,Hors agglomération,Hors intersection,Normale,Trois véhicules et plus - collisions multiples,,,,,,,,,,,3,1,1,1.0,5.0
201100053876,0011-07-17 06:40:00,11,7,17,6,40,950,582,AUTOROUTE A15,,,Plein jour,Hors agglomération,Hors intersection,Temps couvert,Autre collision,,,,,,,,,,,1,1,1,8.0,6.0
201100053877,0011-07-19 10:45:00,11,7,19,10,45,950,277,AUTOROUTE A1,,,Plein jour,Hors agglomération,Hors intersection,Pluie forte,Trois véhicules et plus - collisions multiples,,,,,,,,,,,1,1,1,3.0,5.0
201100053878,0011-07-19 15:40:00,11,7,19,15,40,930,63,AUTOROUTE A3,,,Plein jour,Hors agglomération,Hors intersection,Pluie légère,Deux véhicules - arrière,,,,,,,,,,,1,1,1,2.0,2.0
201100053879,0011-07-19 16:30:00,11,7,19,16,30,950,252,AUTOROUTE A15,48.9889,2.2039,Plein jour,Hors agglomération,Hors intersection,Pluie légère,Autre collision,,,,,,,,,,,1,1,1,2.0,6.0
201100053880,0011-07-19 19:10:00,11,7,19,19,10,950,277,A104,48.9729,2.4849,Plein jour,Hors agglomération,Hors intersection,Normale,Deux véhicules - arrière,,,,,,,,,,,1,1,1,1.0,2.0
201100053881,0011-07-19 21:00:00,11,7,19,21,0,930,27,AUTOROUTE A86,,,Plein jour,Hors agglomération,Hors intersection,Normale,Sans collision,,,,,,,,,,,1,1,1,1.0,7.0
201100053882,0011-07-20 03:35:00,11,7,20,3,35,930,27,AUTOROUTE A1,,,Nuit sans éclairage public,Hors agglomération,Hors intersection,Pluie légère,Sans collision,,,,,,,,,,,3,1,1,2.0,7.0
201100053883,0011-07-20 06:30:00,11,7,20,6,30,930,78,AUTOROUTE A104,,,Crépuscule ou aube,Hors agglomération,Hors intersection,Normale,Sans collision,,,,,,,,,,,2,1,1,1.0,7.0
201100053884,0011-07-20 14:05:00,11,7,20,14,5,930,10,AUTOROUTE A3,,,Plein jour,Hors agglomération,Hors intersection,Normale,Trois véhicules et plus - en chaîne,,,,,,,,,,,1,1,1,1.0,4.0
201100053885,0011-07-21 08:30:00,11,7,21,8,30,950,18,AUTOROUTE A15,,,Plein jour,Hors agglomération,Hors intersection,Pluie légère,Trois véhicules et plus - collisions multiples,,,,,,,,,,,1,1,1,2.0,5.0
201100053886,0011-07-21 11:30:00,11,7,21,11,30,950,18,AUTOROUTE A15,,,Plein jour,Hors agglomération,Hors intersection,Pluie légère,Deux véhicules - arrière,,,,,,,,,,,1,1,1,2.0,2.0
201100053887,0011-07-21 18:35:00,11,7,21,18,35,930,64,AUTOROUTE A103,,,Plein jour,Hors agglomération,Hors intersection,Normale,Sans collision,,,,,,,,,,,1,1,1,1.0,7.0
201100053888,0011-07-22 09:00:00,11,7,22,9,0,930,63,AUTOROUTE A3,,,Plein jour,Hors agglomération,Hors intersection,Normale,Deux véhicules - arrière,,,,,,,,,,,1,1,1,1.0,2.0
201100053889,0011-07-22 16:30:00,11,7,22,16,30,950,277,A104,48.9734,2.4856,Plein jour,Hors agglomération,Hors intersection,Pluie légère,Deux véhicules - côté,,,,,,,,,,,1,1,1,2.0,3.0
201100053890,0011-07-22 17:15:00,11,7,22,17,15,950,582,AUTOROUTE A15,,,Plein jour,Hors agglomération,Hors intersection,Pluie forte,Autre collision,,,,,,,,,,,1,1,1,3.0,6.0
201100053891,0011-07-22 19:00:00,11,7,22,19,0,930,64,AUTOROUTE A86,,,Plein jour,Hors agglomération,Hors intersection,Normale,Sans collision,,,,,,,,,,,1,1,1,1.0,7.0
201100053892,0011-07-22 20:30:00,11,7,22,20,30,950,28,RN 104,,,Plein jour,Hors agglomération,Hors intersection,Normale,Deux véhicules - arrière,,,,,,,,,,,1,1,1,1.0,2.0
201100053893,0011-07-23 05:10:00,11,7,23,5,10,950,488,AUTOROUTE A15,,,Crépuscule ou aube,Hors agglomération,Hors intersection,Normale,Autre collision,,,,,,,,,,,2,1,1,1.0,6.0
201100053894,0011-07-23 09:40:00,11,7,23,9,40,930,73,AUTOROUTE A104,,,Plein jour,Hors agglomération,Hors intersection,Normale,Deux véhicules - arrière,,,,,,,,,,,1,1,1,1.0,2.0
201100053895,0011-07-23 17:55:00,11,7,23,17,55,950,582,AUTOROUTE A15,,,Plein jour,Hors agglomération,Hors intersection,Pluie légère,Deux véhicules - frontale,,,,,,,,,,,1,1,1,2.0,1.0
201100053896,0011-07-23 20:45:00,11,7,23,20,45,930,5,AUTOROUTE A3,,,Plein jour,Hors agglomération,Hors intersection,Pluie légère,Sans collision,,,,,,,,,,,1,1,1,2.0,7.0
201100053897,0011-07-26 12:00:00,11,7,26,12,0,930,7,AUTOROUTE A1,,,Plein jour,Hors agglomération,Hors intersection,Normale,Sans collision,,,,,,,,,,,1,1,1,1.0,7.0
201100053898,0011-07-24 22:10:00,11,7,24,22,10,930,53,AUTOROUTE A3,,,Nuit sans éclairage public,Hors agglomération,Hors intersection,Normale,Sans collision,,,,,,,,,,,3,1,1,1.0,7.0
201100053899,0011-07-27 09:10:00,11,7,27,9,10,950,18,A15,,,Plein jour,Hors agglomération,Hors intersection,Normale,Deux véhicules - côté,,,,,,,,,,,1,1,1,1.0,3.0
201100053900,0011-07-28 15:25:00,11,7,28,15,25,930,27,AUTOROUTE A86,,,Plein jour,Hors agglomération,Hors intersection,Pluie légère,Sans collision,,,,,,,,,,,1,1,1,2.0,7.0
201100053901,0011-07-28 17:30:00,11,7,28,17,30,930,5,AUTOROUTE A3,,,Plein jour,Hors agglomération,Hors intersection,Pluie légère,Deux véhicules - côté,,,,,,,,,,,1,1,1,2.0,3.0