accident_id,datetime,annee,mois,jour,heure,minute,departement,commune_insee,adresse,latitude,longitude,luminosite,agglomeration,intersection,meteo,collision,nb_vehicules,nb_usagers,nb_indemnes,nb_tues,nb_blesses_hosp,nb_blesses_legers,age_cond_1,age_cond_2,veh_type_cond_1,veh_type_cond_2,lum_code,agg_code,int_code,atm_code,col_code
201100053902,0011-07-28 20:00:00,11,7,28,20,0,950,252,AUTOROUTE A115,48.9877,2.2385,Plein jour,Hors agglomération,Hors intersection,Pluie légère,Autre collision,,,,,,,,,,,1,1,1,2.0,6.0
201100053903,0011-07-28 20:45:00,11,7,28,20,45,950,582,AUTOROUTE A15,,,Plein jour,Hors agglomération,Hors intersection,Normale,Autre collision,,,,,,,,,,,1,1,1,1.0,6.0
201100053904,0011-07-29 09:45:00,11,7,29,9,45,930,66,A1 - SAINT DENIS,,,Plein jour,Hors agglomération,Hors intersection,Normale,Deux véhicules - côté,,,,,,,,,,,1,1,1,1.0,3.0
201100053905,0011-07-29 17:35:00,11,7,29,17,35,950,424,AUTOROUTE A15,,,Plein jour,Hors agglomération,Hors intersection,Normale,Autre collision,,,,,,,,,,,1,1,1,1.0,6.0
201100053906,0011-08-01 08:15:00,11,8,1,8,15,930,1,AUTOROUTE A86,,,Plein jour,Hors agglomération,Hors intersection,Normale,Deux véhicules - côté,,,,,,,,,,,1,1,1,1.0,3.0
201100053907,0011-08-03 18:40:00,11,8,3,18,40,930,6,AUTOROUTE A3,,,Plein jour,Hors agglomération,Hors intersection,Normale,Deux véhicules - côté,,,,,,,,,,,1,1,1,1.0,3.0
201100053908,0011-08-03 10:00:00,11,8,3,10,0,950,582,AUTOROUTE A15,,,Plein jour,Hors agglomération,Hors intersection,Normale,Deux véhicules - côté,,,,,,,,,,,1,1,1,1.0,3.0
201100053909,0011-08-03 09:55:00,11,8,3,9,55,930,53,AUTOROUTE A103,,,Plein jour,Hors agglomération,Hors intersection,Pluie forte,Sans collision,,,,,,,,,,,1,1,1,3.0,7.0
201100053910,0011-08-04 10:30:00,11,8,4,10,30,950,61,RN 104,,,Plein jour,Hors agglomération,Hors intersection,Normale,Sans collision,,,,,,,,,,,1,1,1,1.0,7.0
201100053911,0011-08-05 14:05:00,11,8,5,14,5,600,494,AUTOROUTE A1,,,Plein jour,Hors agglomération,Hors intersection,Normale,Autre collision,,,,,,,,,,,1,1,1,1.0,6.0
201100053912,0011-08-08 07:30:00,11,8,8,7,30,950,394,ROUTE NATIONALE 184,,,Plein jour,Hors agglomération,Hors intersection,Normale,Autre collision,,,,,,,,,,,1,1,1,1.0,6.0
201100053913,0011-08-08 19:20:00,11,8,8,19,20,930,10,AUTOROUTE A3,,,Plein jour,Hors agglomération,Hors intersection,Normale,Deux véhicules - côté,,,,,,,,,,,1,1,1,1.0,3.0
201100053914,0011-08-10 08:30:00,11,8,10,8,30,930,5,AUTOROUTE A3,,,Plein jour,Hors agglomération,Hors intersection,Normale,Deux véhicules - arrière,,,,,,,,,,,1,1,1,1.0,2.0
201100053915,0011-08-10 16:30:00,11,8,10,16,30,950,678,ROUTE NATIONALE 184,,,Plein jour,Hors agglomération,Hors intersection,Normale,Autre collision,,,,,,,,,,,1,1,1,1.0,6.0
201100053916,0011-08-12 06:15:00,11,8,12,6,15,930,6,AUTOROUTE A3,,,Plein jour,Hors agglomération,Hors intersection,Normale,Trois véhicules et plus - collisions multiples,,,,,,,,,,,1,1,1,1.0,5.0
201100053917,0011-08-14 07:50:00,11,8,14,7,50,930,66,AUTOROUTE A86,,,Crépuscule ou aube,Hors agglomération,Hors intersection,Pluie légère,Sans collision,,,,,,,,,,,2,1,1,2.0,7.0
201100053918,0011-08-16 12:50:00,11,8,16,12,50,930,66,AUTOROUTE A1,,,Plein jour,Hors agglomération,Hors intersection,Normale,Deux véhicules - arrière,,,,,,,,,,,1,1,1,1.0,2.0
201100053919,0011-08-17 17:20:00,11,8,17,17,20,950,580,AUTOROUTE A1,49.091,2.5508,Plein jour,Hors agglomération,Hors intersection,Normale,Autre collision,,,,,,,,,,,1,1,1,1.0,6.0
201100053920,0011-08-12 15:30:00,11,8,12,15,30,950,154,AUTOROUTE A1,49.0341,2.5405,Plein jour,Hors agglomération,Hors intersection,Normale,Autre collision,,,,,,,,,,,1,1,1,1.0,6.0
201100053921,0011-08-18 08:15:00,11,8,18,8,15,950,582,A15,,,Plein jour,Hors agglomération,Hors intersection,Normale,Deux véhicules - arrière,,,,,,,,,,,1,1,1,1.0,2.0
201100053922,0011-08-23 12:00:00,11,8,23,12,0,930,1,AUTOROUTE A86,,,Plein jour,Hors agglomération,Hors intersection,Normale,Sans collision,,,,,,,,,,,1,1,1,1.0,7.0
201100053923,0011-08-19 06:45:00,11,8,19,6,45,950,241,RN 104,,,Crépuscule ou aube,Hors agglomération,Hors intersection,Normale,Deux véhicules - côté,,,,,,,,,,,2,1,1,1.0,3.0
201100053924,0011-08-19 07:00:00,11,8,19,7,0,930,10,AUTOROUTE A3,,,Plein jour,Hors agglomération,Hors intersection,Normale,Deux véhicules - arrière,,,,,,,,,,,1,1,1,1.0,2.0
201100053925,0011-08-20 00:45:00,11,8,20,0,45,930,10,AUTOROUTE A86,,,Nuit avec éclairage non allumé,Hors agglomération,Hors intersection,Normale,Sans collision,,,,,,,,,,,4,1,1,1.0,7.0
201100053926,0011-08-20 14:40:00,11,8,20,14,40,950,252,AUTOROUTE A15,,,Plein jour,Hors agglomération,Hors intersection,Normale,Autre collision,,,,,,,,,,,1,1,1,1.0,6.0
201100053927,0011-08-20 15:00:00,11,8,20,15,0,950,252,AUTOROUTE A15,,,Plein jour,Hors agglomération,Hors intersection,Normale,Deux véhicules - arrière,,,,,,,,,,,1,1,1,1.0,2.0
201100053928,0011-08-20 19:30:00,11,8,20,19,30,950,277,A104,48.9734,2.4856,Plein jour,Hors agglomération,Hors intersection,Normale,Autre collision,,,,,,,,,,,1,1,1,1.0,6.0
201100053929,0011-08-20 20:40:00,11,8,20,20,40,950,424,AUTOROUTE A15,,,Plein jour,Hors agglomération,Hors intersection,Normale,Sans collision,,,,,,,,,,,1,1,1,1.0,7.0
201100053930,0011-08-21 03:30:00,11,8,21,3,30,930,27,AUTOROUTE A1,,,Nuit sans éclairage public,Hors agglomération,Hors intersection,Pluie forte,Sans collision,,,,,,,,,,,3,1,1,3.0,7.0
201100053931,0011-08-21 07:30:00,11,8,21,7,30,950,277,AUTOROUTE A1,48.9707,2.4839,Plein jour,Hors agglomération,Hors intersection,Pluie légère,Autre collision,,,,,,,,,,,1,1,1,2.0,6.0
201100053932,0011-08-22 19:00:00,11,8,22,19,0,930,64,AUTOROUTE A86,,,Plein jour,Hors agglomération,Hors intersection,Normale,Deux véhicules - côté,,,,,,,,,,,1,1,1,1.0,3.0
201100053933,0011-08-22 22:50:00,11,8,22,22,50,920,78,AUTOROUTE A86,,,Nuit sans éclairage public,Hors agglomération,Hors intersection,Normale,Sans collision,,,,,,,,,,,3,1,1,1.0,7.0
201100053934,0011-08-24 16:00:00,11,8,24,16,0,930,29,AUTOROUTE A86,,,Plein jour,Hors agglomération,Hors intersection,Normale,Sans collision,,,,,,,,,,,1,1,1,1.0,7.0
201100053935,0011-08-24 21:10:00,11,8,24,21,10,950,500,AUTOROUTE A15,,,Nuit sans éclairage public,Hors agglomération,Hors intersection,Normale,Sans collision,,,,,,,,,,,3,1,1,1.0,7.0
201100053936,0011-08-24 22:55:00,11,8,24,22,55,950,607,AUTOROUTE A115,,,Nuit sans éclairage public,Hors agglomération,Hors intersection,Normale,Deux véhicules - arrière,,,,,,,,,,,3,1,1,1.0,2.0
201100053937,0011-08-25 10:20:00,11,8,25,10,20,600,494,AUTOROUTE A1,,,Plein jour,Hors agglomération,Hors intersection,Normale,Sans collision,,,,,,,,,,,1,1,1,1.0,7.0
201100053938,0011-08-25 13:20:00,11,8,25,13,20,930,5,AUTOROUTE A3,,,Plein jour,Hors agglomération,Hors intersection,Normale,Deux véhicules - arrière,,,,,,,,,,,1,1,1,1.0,2.0
201100053939,0011-08-25 18:40:00,11,8,25,18,40,930,8,AUTOROUTE A86,,,Plein jour,Hors agglomération,Hors intersection,Normale,Trois véhicules et plus - collisions multiples,,,,,,,,,,,1,1,1,1.0,5.0
201100053940,0011-08-26 07:00:00,11,8,26,7,0,950,527,AUTOROUTE A3,,,Crépuscule ou aube,Hors agglomération,Hors intersection,Pluie forte,Autre collision,,,,,,,,,,,2,1,1,3.0,6.0
201100053941,0011-08-26 07:30:00,11,8,26,7,30,950,252,AUTOROUTE A15,,,Plein jour,Hors agglomération,Hors intersection,Pluie légère,Deux véhicules - arrière,,,,,,,,,,,1,1,1,2.0,2.0
201100053942,0011-08-26 09:20:00,11,8,26,9,20,950,582,AUTOROUTE A115,,,Plein jour,Hors agglomération,Hors intersection,Normale,Autre collision,,,,,,,,,,,1,1,1,1.0,6.0
201100053943,0011-08-26 10:00:00,11,8,26,10,0,930,78,AUTOROUTE A104,,,Plein jour,Hors agglomération,Hors intersection,Pluie légère,Sans collision,,,,,,,,,,,1,1,1,2.0,7.0
201100053944,0011-08-26 09:50:00,11,8,26,9,50,930,1,AUTOROUTE A86,,,Plein jour,Hors agglomération,Hors intersection,Normale,Deux véhicules - arrière,,,,,,,,,,,1,1,1,1.0,2.0
201100053945,0011-08-26 10:20:00,11,8,26,10,20,930,27,AUTOROUTE A86,,,Plein jour,Hors agglomération,Hors intersection,Pluie légère,Sans collision,,,,,,,,,,,1,1,1,2.0,7.0
201100053946,0011-08-26 12:05:00,11,8,26,12,5,930,78,AUTOROUTE A104,,,Plein jour,Hors agglomération,Hors intersection,Normale,Autre collision,,,,,,,,,,,1,1,1,1.0,6.0
201100053947,0011-08-27 15:25:00,11,8,27,15,25,950,252,AUTOROUTE A15,,,Plein jour,Hors agglomération,Hors intersection,Pluie légère,Sans collision,,,,,,,,,,,1,1,1,2.0,7.0
201100053948,0011-08-27 15:30:00,11,8,27,15,30,930,78,AUTOROUTE A104,,,Plein jour,Hors agglomération,Hors intersection,Pluie légère,Sans collision,,,,,,,,,,,1,1,1,2.0,7.0
201100053949,0011-08-27 17:30:00,11,8,27,17,30,930,64,AUTOROUTE A86,,,Plein jour,Hors agglomération,Hors intersection,Pluie légère,Trois véhicules et plus - collisions multiples,,,,,,,,,,,1,1,1,2.0,5.0
201100053950,0011-08-27 18:40:00,11,8,27,18,40,950,277,AUTOROUTE A3,48.968,2.4776,Plein jour,Hors agglomération,Hors intersection,Temps couvert,Autre collision,,,,,,,,,,,1,1,1,8.0,6.0
201100053951,0011-08-27 18:40:00,11,8,27,18,40,950,582,RD 170,48.9617,2.262,Plein jour,Hors agglomération,Hors intersection,Normale,Deux véhicules - arrière,,,,,,,,,,,1,1,1,1.0,2.0
201100053952,0011-08-27 20:00:00,11,8,27,20,0,930,78,AUTOROUTE A104,,,Plein jour,Hors agglomération,Hors intersection,Temps couvert,Deux véhicules - arrière,,,,,,,,,,,1,1,1,8.0,2.0
201100053953,0011-08-28 03:30:00,11,8,28,3,30,930,6,AUTOROUTE A3,,,Nuit avec éclairage non allumé,Hors agglomération,Hors intersection,Normale,Deux véhicules - arrière,,,,,,,,,,,4,1,1,1.0,2.0
201100053954,0011-08-28 11:25:00,11,8,28,11,25,950,252,AUTOROUTE A15,,,Plein jour,Hors agglomération,Hors intersection,Normale,Deux véhicules - arrière,,,,,,,,,,,1,1,1,1.0,2.0
201100053955,0011-08-28 12:40:00,11,8,28,12,40,930,78,AUTOROUTE A104,,,Plein jour,Hors agglomération,Hors intersection,Normale,Sans collision,,,,,,,,,,,1,1,1,1.0,7.0
201100053956,0011-08-28 15:50:00,11,8,28,15,50,950,582,A15,,,Plein jour,Hors agglomération,Hors intersection,Normale,Autre collision,,,,,,,,,,,1,1,1,1.0,6.0
201100053957,0011-08-29 08:15:00,11,8,29,8,15,950,277,AUTOROUTE A3,48.9701,2.482,Plein jour,Hors agglomération,Hors intersection,Normale,Deux véhicules - côté,,,,,,,,,,,1,1,1,1.0,3.0
201100053958,0011-08-29 07:10:00,11,8,29,7,10,950,18,AUTOROUTE A15,,,Plein jour,Hors agglomération,Hors intersection,Normale,Deux véhicules - côté,,,,,,,,,,,1,1,1,1.0,3.0
201100053959,0011-08-29 07:10:00,11,8,29,7,10,950,394,ROUTE NATIONALE 184,,,Plein jour,Hors agglomération,Hors intersection,Normale,Trois véhicules et plus - collisions multiples,,,,,,,,,,,1,1,1,1.0,5.0
201100053960,0011-08-29 09:35:00,11,8,29,9,35,930,39,AUTOROUTE A86,,,Plein jour,Hors agglomération,Hors intersection,Normale,Trois véhicules et plus - en chaîne,,,,,,,,,,,1,1,1,1.0,4.0
201100053961,0011-08-22 16:15:00,11,8,22,16,15,930,7,AUTOROUTE A1,,,Plein jour,Hors agglomération,Hors intersection,Normale,Sans collision,,,,,,,,,,,1,1,1,1.0,7.0
201100053962,0011-08-30 08:05:00,11,8,30,8,5,950,394,A115,,,Plein jour,Hors agglomération,Hors intersection,Normale,Autre collision,,,,,,,,,,,1,1,1,1.0,6.0
201100053963,0011-08-30 09:40:00,11,8,30,9,40,920,36,AUTOROUTE A15,,,Plein jour,Hors agglomération,Hors intersection,Normale,Trois véhicules et plus - en chaîne,,,,,,,,,,,1,1,1,1.0,4.0
201100053964,0011-08-30 19:00:00,11,8,30,19,0,930,64,AUTOROUTE A86,,,Plein jour,Hors agglomération,Hors intersection,Normale,Trois véhicules et plus - collisions multiples,,,,,,,,,,,1,1,1,1.0,5.0
201100053965,0011-09-01 09:25:00,11,9,1,9,25,950,18,AUTOROUTE A15,,,Plein jour,Hors agglomération,Hors intersection,Normale,Deux véhicules - côté,,,,,,,,,,,1,1,1,1.0,3.0
201100053966,0011-09-01 09:00:00,11,9,1,9,0,930,63,AUTOROUTE A3,,,Plein jour,Hors agglomération,Hors intersection,Normale,Trois véhicules et plus - collisions multiples,,,,,,,,,,,1,1,1,1.0,5.0
201100053967,0011-09-01 17:30:00,11,9,1,17,30,930,10,AUTOROUTE A3,,,Plein jour,Hors agglomération,Hors intersection,Normale,Trois véhicules et plus - en chaîne,,,,,,,,,,,1,1,1,1.0,4.0
201100053968,0011-09-01 20:30:00,11,9,1,20,30,920,78,AUTOROUTE A86,,,Plein jour,Hors agglomération,Hors intersection,Normale,Trois véhicules et plus - collisions multiples,,,,,,,,,,,1,1,1,1.0,5.0
201100053969,0011-09-02 08:15:00,11,9,2,8,15,950,582,RD 170,48.9651,2.2706,Plein jour,Hors agglomération,Hors intersection,Normale,Deux véhicules - côté,,,,,,,,,,,1,1,1,1.0,3.0
201100053970,0011-09-02 12:40:00,11,9,2,12,40,930,66,AUTOROUTE A1,,,Plein jour,Hors agglomération,Hors intersection,Normale,Trois véhicules et plus - en chaîne,,,,,,,,,,,1,1,1,1.0,4.0
201100053971,0011-09-02 15:30:00,11,9,2,15,30,600,631,AUTOROUTE A1,,,Plein jour,Hors agglomération,Hors intersection,Normale,Autre collision,,,,,,,,,,,1,1,1,1.0,6.0
201100053972,0011-09-07 19:30:00,11,9,7,19,30,950,563,A115,,,Plein jour,Hors agglomération,Hors intersection,Normale,Deux véhicules - arrière,,,,,,,,,,,1,1,1,1.0,2.0
201100053973,0011-09-03 06:35:00,11,9,3,6,35,950,252,A15,,,Nuit sans éclairage public,Hors agglomération,Hors intersection,Normale,Deux véhicules - arrière,,,,,,,,,,,3,1,1,1.0,2.0
201100053974,0011-09-03 07:20:00,11,9,3,7,20,930,66,AUTOROUTE A1,,,Plein jour,Hors agglomération,Hors intersection,Normale,Deux véhicules - arrière,,,,,,,,,,,1,1,1,1.0,2.0
201100053975,0011-09-03 20:45:00,11,9,3,20,45,930,27,AUTOROUTE A1,,,Nuit avec éclairage non allumé,Hors agglomération,Hors intersection,Pluie légère,Trois véhicules et plus - en chaîne,,,,,,,,,,,4,1,1,2.0,4.0
201100053976,0011-09-03 23:00:00,11,9,3,23,0,950,394,A115,,,Nuit avec éclairage non allumé,Hors agglomération,Hors intersection,Pluie légère,Autre collision,,,,,,,,,,,4,1,1,2.0,6.0
201100053977,0011-09-04 11:15:00,11,9,4,11,15,950,682,RN 104,,,Plein jour,Hors agglomération,Hors intersection,Normale,Autre collision,,,,,,,,,,,1,1,1,1.0,6.0
201100053978,0011-09-04 18:05:00,11,9,4,18,5,950,365,RN104,,,Plein jour,Hors agglomération,Hors intersection,Normale,Autre collision,,,,,,,,,,,1,1,1,1.0,6.0
201100053979,0011-09-06 07:59:00,11,9,6,7,59,950,18,A15,,,Plein jour,Hors agglomération,Hors intersection,Normale,Deux véhicules - arrière,,,,,,,,,,,1,1,1,1.0,2.0
201100053980,0011-09-06 09:30:00,11,9,6,9,30,930,64,AUTOROUTE A103,,,Plein jour,Hors agglomération,Hors intersection,Normale,Sans collision,,,,,,,,,,,1,1,1,1.0,7.0
201100053981,0011-09-07 15:10:00,11,9,7,15,10,950,18,A15,,,Plein jour,Hors agglomération,Hors intersection,Normale,Autre collision,,,,,,,,,,,1,1,1,1.0,6.0
201100053982,0011-09-07 19:30:00,11,9,7,19,30,930,53,AUTOROUTE A86,,,Plein jour,Hors agglomération,Hors intersection,Normale,Trois véhicules et plus - collisions multiples,,,,,,,,,,,1,1,1,1.0,5.0
201100053983,0011-09-08 09:50:00,11,9,8,9,50,930,8,AUTOROUTE A86,,,Nuit avec éclairage allumé,Hors agglomération,Hors intersection,Normale,Sans collision,,,,,,,,,,,5,1,1,1.0,7.0
201100053984,0011-09-08 12:45:00,11,9,8,12,45,930,53,AUTOROUTE A86,,,Plein jour,Hors agglomération,Hors intersection,Pluie légère,Deux véhicules - côté,,,,,,,,,,,1,1,1,2.0,3.0
201100053985,0011-09-08 13:30:00,11,9,8,13,30,930,27,AUTOROUTE A1,,,Plein jour,Hors agglomération,Hors intersection,Autre,Deux véhicules - côté,,,,,,,,,,,1,1,1,9.0,3.0
201100053986,0011-09-08 13:30:00,11,9,8,13,30,930,27,AUTOROUTE A86,,,Plein jour,Hors agglomération,Hors intersection,Normale,Sans collision,,,,,,,,,,,1,1,1,1.0,7.0
201100053987,0011-09-09 06:10:00,11,9,9,6,10,950,582,A115,,,Crépuscule ou aube,Hors agglomération,Hors intersection,Normale,Deux véhicules - côté,,,,,,,,,,,2,1,1,1.0,3.0
201100053988,0011-09-09 18:35:00,11,9,9,18,35,930,66,AUTOROUTE A86,,,Plein jour,Hors agglomération,Hors intersection,Normale,Autre collision,,,,,,,,,,,1,1,1,1.0,6.0
201100053989,0011-09-10 15:45:00,11,9,10,15,45,920,78,AUTOROUTE A86,,,Plein jour,Hors agglomération,Hors intersection,Normale,Sans collision,,,,,,,,,,,1,1,1,1.0,7.0
201100053990,0011-09-10 17:30:00,11,9,10,17,30,950,365,RN 104,,,Plein jour,Hors agglomération,Hors intersection,Normale,Sans collision,,,,,,,,,,,1,1,1,1.0,7.0
201100053991,0011-09-11 11:15:00,11,9,11,11,15,950,277,A104,48.9732,2.4855,Plein jour,Hors agglomération,Hors intersection,Pluie forte,Autre collision,,,,,,,,,,,1,1,1,3.0,6.0
201100053992,0011-09-11 15:00:00,11,9,11,15,0,930,64,AUTOROUTE A103,,,Plein jour,Hors agglomération,Hors intersection,Pluie légère,Deux véhicules - côté,,,,,,,,,,,1,1,1,2.0,3.0
201100053993,0011-09-12 10:10:00,11,9,12,10,10,930,6,AUTOROUTE A3,,,Plein jour,Hors agglomération,Hors intersection,Normale,Trois véhicules et plus - en chaîne,,,,,,,,,,,1,1,1,1.0,4.0
201100053994,0011-09-14 10:20:00,11,9,14,10,20,950,241,RN 104,,,Plein jour,Hors agglomération,Hors intersection,Normale,Sans collision,,,,,,,,,,,1,1,1,1.0,7.0
201100053995,0011-09-14 17:15:00,11,9,14,17,15,930,53,AUTOROUTE A3,,,Plein jour,Hors agglomération,Hors intersection,Normale,Deux véhicules - côté,,,,,,,,,,,1,1,1,1.0,3.0
201100053996,0011-09-14 20:05:00,11,9,14,20,5,950,572,ROUTE NATIONALE 184,,,Plein jour,Hors agglomération,Hors intersection,Normale,Autre collision,,,,,,,,,,,1,1,1,1.0,6.0
201100053997,0011-09-14 21:40:00,11,9,14,21,40,920,78,AUTOROUTE A86,,,Nuit sans éclairage public,Hors agglomération,Hors intersection,Normale,Sans collision,,,,,,,,,,,3,1,1,1.0,7.0
201100053998,0011-09-15 09:10:00,11,9,15,9,10,930,64,AUTOROUTE A86,,,Plein jour,Hors agglomération,Hors intersection,Normale,Deux véhicules - côté,,,,,,,,,,,1,1,1,1.0,3.0
201100053999,0011-09-15 18:50:00,11,9,15,18,50,930,66,AUTOROUTE A86,,,Plein jour,Hors agglomération,Hors intersection,Normale,Deux véhicules - côté,,,,,,,,,,,1,1,1,1.0,3.0
201100054000,0011-09-16 16:10:00,11,9,16,16,10,930,78,AUTOROUTE A104,,,Plein jour,Hors agglomération,Hors intersection,Normale,Deux véhicules - arrière,,,,,,,,,,,1,1,1,1.0,2.0
201100054001,0011-09-16 17:30:00,11,9,16,17,30,930,27,AUTOROUTE A86,,,Plein jour,Hors agglomération,Hors intersection,Normale,Sans collision,,,,,,,,,,,1,1,1,1.0,7.0
201100054002,0011-09-16 17:30:00,11,9,16,17,30,930,5,AUTOROUTE A3,,,Plein jour,Hors agglomération,Hors intersection,Normale,Deux véhicules - côté,,,,,,,,,,,1,1,1,1.0,3.0
201100054003,0011-09-18 03:15:00,11,9,18,3,15,950,28,RN 104,,,Nuit sans éclairage public,Hors agglomération,Hors intersection,Normale,Sans collision,,,,,,,,,,,3,1,1,1.0,7.0
201100054004,0011-09-18 23:20:00,11,9,18,23,20,930,27,AUTOROUTE A1,,,Nuit sans éclairage public,Hors agglomération,Hors intersection,Normale,Sans collision,,,,,,,,,,,3,1,1,1.0,7.0
201100054005,0011-09-18 22:45:00,11,9,18,22,45,930,27,AUTOROUTE A86,,,Nuit sans éclairage public,Hors agglomération,Hors intersection,Pluie légère,Sans collision,,,,,,,,,,,3,1,1,2.0,7.0
201100054006,0011-09-19 16:48:00,11,9,19,16,48,930,64,AUTOROUTE A86,,,Plein jour,Hors agglomération,Hors intersection,Normale,Deux véhicules - arrière,,,,,,,,,,,1,1,1,1.0,2.0
201100054007,0011-09-19 21:40:00,11,9,19,21,40,930,10,AUTOROUTE A3,,,Nuit sans éclairage public,Hors agglomération,Hors intersection,Normale,Sans collision,,,,,,,,,,,3,1,1,1.0,7.0
201100054008,0011-09-20 11:20:00,11,9,20,11,20,950,580,A1,,,Plein jour,Hors agglomération,Hors intersection,Normale,Deux véhicules - arrière,,,,,,,,,,,1,1,1,1.0,2.0
201100054009,0011-09-20 17:00:00,11,9,20,17,0,930,53,AUTOROUTE A3,,,Plein jour,Hors agglomération,Hors intersection,Normale,Trois véhicules et plus - collisions multiples,,,,,,,,,,,1,1,1,1.0,5.0
201100054010,0011-09-20 17:45:00,11,9,20,17,45,930,66,AUTOROUTE A1,,,Plein jour,Hors agglomération,Hors intersection,Normale,Trois véhicules et plus - collisions multiples,,,,,,,,,,,1,1,1,1.0,5.0
201100054011,0011-09-21 06:45:00,11,9,21,6,45,930,5,AUTOROUTE A1,,,Crépuscule ou aube,Hors agglomération,Hors intersection,Normale,Deux véhicules - arrière,,,,,,,,,,,2,1,1,1.0,2.0
201100054012,0011-09-21 16:00:00,11,9,21,16,0,930,53,AUTOROUTE A3,,,Plein jour,Hors agglomération,Hors intersection,Normale,Trois véhicules et plus - collisions multiples,,,,,,,,,,,1,1,1,1.0,5.0
201100054013,0011-09-21 17:00:00,11,9,21,17,0,930,66,AUTOROUTE A1,,,Plein jour,Hors agglomération,Hors intersection,Normale,Trois véhicules et plus - collisions multiples,,,,,,,,,,,1,1,1,1.0,5.0
201100054014,0011-09-23 13:00:00,11,9,23,13,0,930,6,AUTOROUTE A3,,,Plein jour,Hors agglomération,Hors intersection,Normale,Deux véhicules - côté,,,,,,,,,,,1,1,1,1.0,3.0
201100054015,0011-09-23 23:25:00,11,9,23,23,25,930,7,AUTOROUTE A1,,,Nuit sans éclairage public,Hors agglomération,Hors intersection,Normale,Sans collision,,,,,,,,,,,3,1,1,1.0,7.0
201100054016,0011-09-29 10:10:00,11,9,29,10,10,600,612,AUTOROUTE A1,,,Plein jour,Hors agglomération,Hors intersection,Normale,Deux véhicules - côté,,,,,,,,,,,1,1,1,1.0,3.0
201100054017,0011-09-27 12:00:00,11,9,27,12,0,930,5,AUTOROUTE A3,,,Plein jour,Hors agglomération,Hors intersection,Normale,Deux véhicules - arrière,,,,,,,,,,,1,1,1,1.0,2.0
201100054018,0011-09-24 13:15:00,11,9,24,13,15,950,678,ROUTE NATIONALE 184,,,Plein jour,Hors agglomération,Hors intersection,Normale,Autre collision,,,,,,,,,,,1,1,1,1.0,6.0
201100054019,0011-09-24 15:15:00,11,9,24,15,15,930,6,AUTOROUTE A3,,,Plein jour,Hors agglomération,Hors intersection,Normale,Deux véhicules - arrière,,,,,,,,,,,1,1,1,1.0,2.0
201100054020,0011-09-24 18:00:00,11,9,24,18,0,950,572,A15,,,Plein jour,Hors agglomération,Hors intersection,Normale,Sans collision,,,,,,,,,,,1,1,1,1.0,7.0
201100054021,0011-09-24 22:00:00,11,9,24,22,0,930,6,AUTOROUTE A3,,,Nuit sans éclairage public,Hors agglomération,Hors intersection,Normale,Deux véhicules - arrière,,,,,,,,,,,3,1,1,1.0,2.0
201100054022,0011-09-25 07:30:00,11,9,25,7,30,950,18,A15,,,Nuit avec éclairage non allumé,Hors agglomération,Hors intersection,Normale,Sans collision,,,,,,,,,,,4,1,1,1.0,7.0
201100054023,0011-09-27 08:20:00,11,9,27,8,20,950,555,RD 170,48.9707,2.2755,Plein jour,Hors agglomération,Hors intersection,Normale,Deux véhicules - côté,,,,,,,,,,,1,1,1,1.0,3.0
201100054024,0011-09-27 08:00:00,11,9,27,8,0,930,29,AUTOROUTE A86,,,Plein jour,Hors agglomération,Hors intersection,Normale,Deux véhicules - arrière,,,,,,,,,,,1,1,1,1.0,2.0
201100054025,0011-09-27 17:20:00,11,9,27,17,20,930,8,AUTOROUTE A86,,,Plein jour,Hors agglomération,Hors intersection,Normale,Deux véhicules - arrière,,,,,,,,,,,1,1,1,1.0,2.0
201100054026,0011-09-28 17:35:00,11,9,28,17,35,950,572,RN 184,,,Plein jour,Hors agglomération,Hors intersection,Normale,Trois véhicules et plus - en chaîne,,,,,,,,,,,1,1,1,1.0,4.0
201100054027,0011-09-29 06:55:00,11,9,29,6,55,930,78,AUTOROUTE A104,,,Nuit avec éclairage non allumé,Hors agglomération,Hors intersection,Normale,Deux véhicules - arrière,,,,,,,,,,,4,1,1,1.0,2.0
201100054028,0011-09-29 09:00:00,11,9,29,9,0,930,5,AUTOROUTE A3,,,Plein jour,Hors agglomération,Hors intersection,Normale,Deux véhicules - arrière,,,,,,,,,,,1,1,1,1.0,2.0
201100054029,0011-09-29 18:15:00,11,9,29,18,15,930,48,AUTOROUTE A1086,,,Plein jour,Hors agglomération,Hors intersection,Normale,Deux véhicules - arrière,,,,,,,,,,,1,1,1,1.0,2.0
201100054030,0011-09-29 21:25:00,11,9,29,21,25,920,36,AUTOROUTE A86,,,Nuit sans éclairage public,Hors agglomération,Hors intersection,Normale,Deux véhicules - arrière,,,,,,,,,,,3,1,1,1.0,2.0
201100054031,0011-09-30 15:00:00,11,9,30,15,0,930,66,AUTOROUTE A1,,,Plein jour,Hors agglomération,Hors intersection,Normale,Sans collision,,,,,,,,,,,1,1,1,1.0,7.0
201100054032,0011-10-01 12:40:00,11,10,1,12,40,950,641,AUTOROUTE A1,,,Plein jour,Hors agglomération,Hors intersection,Normale,Sans collision,,,,,,,,,,,1,1,1,1.0,7.0
201100054033,0011-10-02 01:40:00,11,10,2,1,40,930,29,AUTOROUTE A86,,,Nuit avec éclairage allumé,Hors agglomération,Hors intersection,Normale,Deux véhicules - arrière,,,,,,,,,,,5,1,1,1.0,2.0