accident_id,datetime,annee,mois,jour,heure,minute,departement,commune_insee,adresse,latitude,longitude,luminosite,agglomeration,intersection,meteo,collision,nb_vehicules,nb_usagers,nb_indemnes,nb_tues,nb_blesses_hosp,nb_blesses_legers,age_cond_1,age_cond_2,veh_type_cond_1,veh_type_cond_2,lum_code,agg_code,int_code,atm_code,col_code
201100055331,0011-11-29 13:38:00,11,11,29,13,38,910,136,RN20,,,Plein jour,Hors agglomération,Hors intersection,Normale,Deux véhicules - arrière,,,,,,,,,,,1,1,1,1.0,2.0
201100055332,0011-11-30 19:20:00,11,11,30,19,20,920,19,RN 385,,,Nuit sans éclairage public,Hors agglomération,Hors intersection,Normale,Deux véhicules - côté,,,,,,,,,,,3,1,1,1.0,3.0
201100055333,0011-12-01 08:09:00,11,12,1,8,9,940,65,AUTOROUTE A106,,,Plein jour,Hors agglomération,Hors intersection,Pluie légère,Trois véhicules et plus - en chaîne,,,,,,,,,,,1,1,1,2.0,4.0
201100055334,0011-12-01 19:25:00,11,12,1,19,25,910,377,RN20,,,Nuit avec éclairage allumé,Hors agglomération,Hors intersection,Normale,Deux véhicules - arrière,,,,,,,,,,,5,1,1,1.0,2.0
201100055335,0011-12-02 10:00:00,11,12,2,10,0,910,363,RN 104,,,Plein jour,Hors agglomération,Hors intersection,Normale,Deux véhicules - arrière,,,,,,,,,,,1,1,1,1.0,2.0
201100055336,0011-12-02 12:30:00,11,12,2,12,30,910,377,BRETELLE A10 / RN20,,,Plein jour,Hors agglomération,Hors intersection,Normale,Sans collision,,,,,,,,,,,1,1,1,1.0,7.0
201100055337,0011-12-03 10:30:00,11,12,3,10,30,940,34,AUTOROUTE A6A,,,Plein jour,Hors agglomération,Hors intersection,Pluie légère,Sans collision,,,,,,,,,,,1,1,1,2.0,7.0
201100055338,0011-12-04 06:30:00,11,12,4,6,30,940,37,AUTOROUTE A6B,,,Nuit sans éclairage public,Hors agglomération,Hors intersection,Normale,Deux véhicules - arrière,,,,,,,,,,,3,1,1,1.0,2.0
201100055339,0011-12-04 16:08:00,11,12,4,16,8,940,34,AUTOROUTE A6B,,,Crépuscule ou aube,Hors agglomération,Hors intersection,Pluie légère,Deux véhicules - côté,,,,,,,,,,,2,1,1,2.0,3.0
201100055340,0011-12-04 19:15:00,11,12,4,19,15,910,521,RN 104,,,Nuit avec éclairage non allumé,Hors agglomération,Hors intersection,Pluie légère,Autre collision,,,,,,,,,,,4,1,1,2.0,6.0
201100055341,0011-12-05 07:41:00,11,12,5,7,41,910,182,AUTOROUTE A6,,,Nuit sans éclairage public,Hors agglomération,Hors intersection,Pluie légère,Autre collision,,,,,,,,,,,3,1,1,2.0,6.0
201100055342,0011-12-05 16:51:00,11,12,5,16,51,910,340,AUTOROUTE A6,,,Crépuscule ou aube,Hors agglomération,Hors intersection,Normale,Deux véhicules - côté,,,,,,,,,,,2,1,1,1.0,3.0
201100055343,0011-12-05 18:59:00,11,12,5,18,59,940,76,AUTOROUTE A6B,,,Nuit avec éclairage allumé,Hors agglomération,Hors intersection,Pluie légère,Sans collision,,,,,,,,,,,5,1,1,2.0,7.0
201100055344,0011-12-06 05:29:00,11,12,6,5,29,940,37,AUTOROUTE A6A,,,Nuit avec éclairage allumé,Hors agglomération,Hors intersection,Pluie légère,Sans collision,,,,,,,,,,,5,1,1,2.0,7.0
201100055345,0011-12-06 10:20:00,11,12,6,10,20,910,434,AUTOROUTE A6,,,Plein jour,Hors agglomération,Hors intersection,Normale,Deux véhicules - arrière,,,,,,,,,,,1,1,1,1.0,2.0
201100055346,0011-12-06 21:37:00,11,12,6,21,37,910,347,RN 104,,,Nuit sans éclairage public,Hors agglomération,Hors intersection,Pluie légère,Autre collision,,,,,,,,,,,3,1,1,2.0,6.0
201100055347,0011-12-07 06:18:00,11,12,7,6,18,910,521,AUTOROUTE A6,,,Nuit sans éclairage public,Hors agglomération,Hors intersection,Pluie légère,Sans collision,,,,,,,,,,,3,1,1,2.0,7.0
201100055348,0011-12-07 19:35:00,11,12,7,19,35,910,570,RN 104,,,Nuit sans éclairage public,Hors agglomération,Hors intersection,Temps couvert,Deux véhicules - arrière,,,,,,,,,,,3,1,1,8.0,2.0
201100055349,0011-12-08 09:25:00,11,12,8,9,25,910,103,RN 104,,,Plein jour,Hors agglomération,Hors intersection,Normale,Autre collision,,,,,,,,,,,1,1,1,1.0,6.0
201100055350,0011-12-08 19:20:00,11,12,8,19,20,910,377,RN20,,,Nuit avec éclairage allumé,Hors agglomération,Hors intersection,Normale,Deux véhicules - arrière,,,,,,,,,,,5,1,1,1.0,2.0
201100055351,0011-12-09 08:05:00,11,12,9,8,5,910,182,AUTOROUTE A6,,,Crépuscule ou aube,Hors agglomération,Hors intersection,Pluie légère,Deux véhicules - arrière,,,,,,,,,,,2,1,1,2.0,2.0
201100055352,0011-12-09 19:40:00,11,12,9,19,40,940,38,AUTOROUTE A6B,,,Nuit avec éclairage allumé,Hors agglomération,Hors intersection,Normale,Deux véhicules - arrière,,,,,,,,,,,5,1,1,1.0,2.0
201100055353,0011-12-12 08:17:00,11,12,12,8,17,940,38,AUTOROUTE A6B,,,Nuit sans éclairage public,Hors agglomération,Hors intersection,Pluie légère,Deux véhicules - côté,,,,,,,,,,,3,1,1,2.0,3.0
201100055354,0011-12-13 14:30:00,11,12,13,14,30,940,21,AUTOROUTE A6B,,,Plein jour,Hors agglomération,Hors intersection,Pluie légère,Autre collision,,,,,,,,,,,1,1,1,2.0,6.0
201100055355,0011-12-14 16:20:00,11,12,14,16,20,910,471,RN 118,,,Plein jour,Hors agglomération,Hors intersection,Temps couvert,Autre collision,,,,,,,,,,,1,1,1,8.0,6.0
201100055356,0011-12-13 18:25:00,11,12,13,18,25,910,64,RN 118,,,Nuit sans éclairage public,Hors agglomération,Hors intersection,Normale,Trois véhicules et plus - collisions multiples,,,,,,,,,,,3,1,1,1.0,5.0
201100055357,0011-12-15 18:31:00,11,12,15,18,31,910,228,RN 104,,,Nuit sans éclairage public,Hors agglomération,Hors intersection,Normale,Trois véhicules et plus - collisions multiples,,,,,,,,,,,3,1,1,1.0,5.0
201100055358,0011-12-08 14:43:00,11,12,8,14,43,910,589,AUTOROUTE A6,,,Plein jour,Hors agglomération,Hors intersection,Normale,Trois véhicules et plus - collisions multiples,,,,,,,,,,,1,1,1,1.0,5.0
201100055359,0011-12-17 11:33:00,11,12,17,11,33,910,471,RN 118,,,Plein jour,Hors agglomération,Hors intersection,Normale,Autre collision,,,,,,,,,,,1,1,1,1.0,6.0
201100055360,0011-12-17 17:43:00,11,12,17,17,43,910,692,RN 118,,,Nuit sans éclairage public,Hors agglomération,Hors intersection,Pluie légère,Deux véhicules - arrière,,,,,,,,,,,3,1,1,2.0,2.0
201100055361,0011-12-17 17:55:00,11,12,17,17,55,910,235,RN 104,,,Nuit sans éclairage public,Hors agglomération,Hors intersection,Temps couvert,Deux véhicules - frontale,,,,,,,,,,,3,1,1,8.0,1.0
201100055362,0011-12-18 03:10:00,11,12,18,3,10,910,661,AUTOROUTE A10,,,Nuit sans éclairage public,Hors agglomération,Hors intersection,Temps couvert,Deux véhicules - côté,,,,,,,,,,,3,1,1,8.0,3.0
201100055363,0011-12-18 09:15:00,11,12,18,9,15,940,3,AUTOROUTE A6B,,,Plein jour,Hors agglomération,Hors intersection,Normale,Autre collision,,,,,,,,,,,1,1,1,1.0,6.0
201100055364,0011-12-19 06:56:00,11,12,19,6,56,910,692,RN 188 CHEVREUSE,,,Nuit avec éclairage allumé,Hors agglomération,Hors intersection,Brouillard / fumée,Sans collision,,,,,,,,,,,5,1,1,5.0,7.0
201100055365,0011-12-19 18:45:00,11,12,19,18,45,940,38,AUTOROUTE A6B,,,Nuit sans éclairage public,Hors agglomération,Hors intersection,Pluie légère,Deux véhicules - arrière,,,,,,,,,,,3,1,1,2.0,2.0
201100055366,0011-12-20 18:30:00,11,12,20,18,30,770,251,RN 104,,,Nuit sans éclairage public,Hors agglomération,Hors intersection,Pluie forte,Deux véhicules - arrière,,,,,,,,,,,3,1,1,3.0,2.0
201100055367,0011-12-21 12:00:00,11,12,21,12,0,940,76,AUTOROUTE A6B,,,Plein jour,Hors agglomération,Hors intersection,Temps couvert,Trois véhicules et plus - en chaîne,,,,,,,,,,,1,1,1,8.0,4.0
201100055368,0011-12-21 16:41:00,11,12,21,16,41,940,21,AUTOROUTE A6A,,,Nuit avec éclairage non allumé,Hors agglomération,Hors intersection,Pluie légère,Deux véhicules - côté,,,,,,,,,,,4,1,1,2.0,3.0
201100055369,0011-12-21 17:06:00,11,12,21,17,6,920,2,AUTOROUTE A6,,,Nuit sans éclairage public,Hors agglomération,Hors intersection,Pluie légère,Deux véhicules - arrière,,,,,,,,,,,3,1,1,2.0,2.0
201100055370,0011-12-22 06:19:00,11,12,22,6,19,910,136,AUTOROUTE A126,,,Nuit sans éclairage public,Hors agglomération,Hors intersection,Normale,Trois véhicules et plus - collisions multiples,,,,,,,,,,,3,1,1,1.0,5.0
201100055371,0011-12-22 09:27:00,11,12,22,9,27,910,549,RN 104,,,Plein jour,Hors agglomération,Hors intersection,Normale,Deux véhicules - côté,,,,,,,,,,,1,1,1,1.0,3.0
201100055372,0011-12-22 10:28:00,11,12,22,10,28,910,161,AUTOROUTE A6,,,Plein jour,Hors agglomération,Hors intersection,Normale,Deux véhicules - arrière,,,,,,,,,,,1,1,1,1.0,2.0
201100055373,0011-12-23 15:41:00,11,12,23,15,41,910,136,AUTOROUTE A10,,,Plein jour,Hors agglomération,Hors intersection,Temps couvert,Autre collision,,,,,,,,,,,1,1,1,8.0,6.0
201100055374,0011-12-23 17:25:00,11,12,23,17,25,910,64,RN 118,,,Nuit sans éclairage public,Hors agglomération,Hors intersection,Normale,Trois véhicules et plus - en chaîne,,,,,,,,,,,3,1,1,1.0,4.0
201100055375,0011-12-24 00:10:00,11,12,24,0,10,910,661,AUTOROUTE A10,,,Nuit sans éclairage public,Hors agglomération,Hors intersection,Pluie légère,Deux véhicules - arrière,,,,,,,,,,,3,1,1,2.0,2.0
201100055376,0011-12-24 05:20:00,11,12,24,5,20,910,377,AUTOROUTE A10,,,Nuit sans éclairage public,Hors agglomération,Hors intersection,Normale,Autre collision,,,,,,,,,,,3,1,1,1.0,6.0
201100055377,0011-12-24 09:57:00,11,12,24,9,57,910,589,AUTOROUTE A6,,,Plein jour,Hors agglomération,Hors intersection,Normale,Trois véhicules et plus - en chaîne,,,,,,,,,,,1,1,1,1.0,4.0
201100055378,0011-12-24 12:35:00,11,12,24,12,35,910,228,AUTOROUTE A6,,,Plein jour,Hors agglomération,Hors intersection,Normale,Deux véhicules - côté,,,,,,,,,,,1,1,1,1.0,3.0
201100055379,0011-12-25 14:20:00,11,12,25,14,20,940,34,AUTOROUTE A6A,,,Plein jour,Hors agglomération,Hors intersection,Normale,Autre collision,,,,,,,,,,,1,1,1,1.0,6.0
201100055380,0011-12-25 19:45:00,11,12,25,19,45,910,136,AUTOROUTE A10,,,Nuit sans éclairage public,Hors agglomération,Hors intersection,Normale,Trois véhicules et plus - en chaîne,,,,,,,,,,,3,1,1,1.0,4.0
201100055381,0011-12-27 17:59:00,11,12,27,17,59,910,471,RN 118,,,Nuit sans éclairage public,Hors agglomération,Hors intersection,Brouillard / fumée,Trois véhicules et plus - en chaîne,,,,,,,,,,,3,1,1,5.0,4.0
201100055382,0011-12-28 18:23:00,11,12,28,18,23,910,689,AUTOROUTE A6A,,,Nuit sans éclairage public,Hors agglomération,Hors intersection,Brouillard / fumée,Trois véhicules et plus - en chaîne,,,,,,,,,,,3,1,1,5.0,4.0
201100055383,0011-12-31 14:10:00,11,12,31,14,10,940,37,AUTOROUTE A6B,,,Plein jour,Hors agglomération,Hors intersection,Pluie légère,Deux véhicules - arrière,,,,,,,,,,,1,1,1,2.0,2.0
201100055384,0011-01-01 03:48:00,11,1,1,3,48,202,33,"sans, FANGO - AVENUE DU",,,Nuit avec éclairage allumé,En agglomération,Hors intersection,Normale,Deux véhicules - frontale,,,,,,,,,,,5,2,1,1.0,1.0
201100055385,0011-01-03 08:30:00,11,1,3,8,30,202,33,"SANS, TUNNEL",,,Plein jour,En agglomération,Hors intersection,Normale,Deux véhicules - arrière,,,,,,,,,,,1,2,1,1.0,2.0
201100055386,0011-01-06 07:42:00,11,1,6,7,42,202,120,"SANS, TOUTES RUES",,,Plein jour,En agglomération,Hors intersection,Normale,Trois véhicules et plus - en chaîne,,,,,,,,,,,1,2,1,1.0,4.0
201100055387,0011-01-07 07:10:00,11,1,7,7,10,202,33,"sans, VILLE - ROUTE DE",,,Crépuscule ou aube,En agglomération,Hors intersection,Normale,Deux véhicules - frontale,,,,,,,,,,,2,2,1,1.0,1.0
201100055388,0011-01-07 23:06:00,11,1,7,23,6,202,33,"SANS, ROND POINT",,,Nuit avec éclairage allumé,En agglomération,Hors intersection,Normale,Autre collision,,,,,,,,,,,5,2,1,1.0,6.0
201100055389,0011-01-09 13:18:00,11,1,9,13,18,202,33,"SANS, PAOLI DU NR 1 A 20",,,Plein jour,En agglomération,Hors intersection,Normale,Autre collision,,,,,,,,,,,1,2,1,1.0,6.0
201100055390,0011-01-10 14:40:00,11,1,10,14,40,202,33,"sans, SARI - AV EMILE",,,Plein jour,En agglomération,Hors intersection,Normale,Autre collision,,,,,,,,,,,1,2,1,1.0,6.0
201100055391,0011-01-12 16:45:00,11,1,12,16,45,202,33,"sans, TOUTES RUES",,,Plein jour,Hors agglomération,Hors intersection,Normale,Autre collision,,,,,,,,,,,1,1,1,1.0,6.0
201100055392,0011-01-13 10:00:00,11,1,13,10,0,202,33,"SANS, DANESI - BLD BENOI",,,Plein jour,En agglomération,Hors intersection,Normale,Deux véhicules - côté,,,,,,,,,,,1,2,1,1.0,3.0
201100055393,0011-01-13 23:44:00,11,1,13,23,44,202,33,"sans, TOUTES RUES",,,Nuit avec éclairage allumé,En agglomération,Hors intersection,Pluie légère,Trois véhicules et plus - collisions multiples,,,,,,,,,,,5,2,1,2.0,5.0
201100055394,0011-01-14 13:57:00,11,1,14,13,57,202,120,"SANS, TOUTES RUES",,,Plein jour,En agglomération,Hors intersection,Normale,Trois véhicules et plus - en chaîne,,,,,,,,,,,1,2,1,1.0,4.0
201100055395,0011-01-25 00:03:00,11,1,25,0,3,202,37,"sans, TOUTES RUES",,,Nuit avec éclairage allumé,Hors agglomération,Hors intersection,Normale,Autre collision,,,,,,,,,,,5,1,1,1.0,6.0
201100055396,0011-01-25 18:29:00,11,1,25,18,29,202,33,"SANS, FORCONE - CHEMIN D",,,Nuit avec éclairage allumé,En agglomération,Hors intersection,Normale,Autre collision,,,,,,,,,,,5,2,1,1.0,6.0
201100055397,0011-01-29 09:58:00,11,1,29,9,58,202,120,"SANS, TOUTES RUES",,,Plein jour,Hors agglomération,Hors intersection,Normale,Autre collision,,,,,,,,,,,1,1,1,1.0,6.0
201100055398,0011-01-29 22:35:00,11,1,29,22,35,202,37,"SANS, TOUTES RUES",,,Nuit avec éclairage allumé,Hors agglomération,Hors intersection,Normale,Autre collision,,,,,,,,,,,5,1,1,1.0,6.0
201100055399,0011-01-30 22:55:00,11,1,30,22,55,202,33,"SANS, FRONT DE MER - ROU",,,Nuit avec éclairage allumé,En agglomération,Hors intersection,Normale,Deux véhicules - arrière,,,,,,,,,,,5,2,1,1.0,2.0
201100055400,0011-02-02 08:20:00,11,2,2,8,20,202,33,"sans, GIACCOBBI - AV PAU",,,Plein jour,En agglomération,Hors intersection,Normale,Deux véhicules - arrière,,,,,,,,,,,1,2,1,1.0,2.0
201100055401,0011-02-02 13:40:00,11,2,2,13,40,202,33,"SANS, AV DE LA LIBERATIO",,,Plein jour,En agglomération,Hors intersection,Normale,Autre collision,,,,,,,,,,,1,2,1,1.0,6.0
201100055402,0011-02-02 16:00:00,11,2,2,16,0,202,37,"SANS, TOUTES RUES",,,Plein jour,Hors agglomération,Hors intersection,Normale,Deux véhicules - arrière,,,,,,,,,,,1,1,1,1.0,2.0
201100055403,0011-02-03 09:17:00,11,2,3,9,17,202,33,"SANS, ROUTE ROYALE",,,Plein jour,En agglomération,Hors intersection,Normale,Autre collision,,,,,,,,,,,1,2,1,1.0,6.0
201100055404,0011-02-03 18:25:00,11,2,3,18,25,202,33,"SANS, FANGO - AVENUE DU",,,Crépuscule ou aube,En agglomération,Hors intersection,Normale,Autre collision,,,,,,,,,,,2,2,1,1.0,6.0
201100055405,0011-02-04 17:22:00,11,2,4,17,22,202,120,"SANS, TOUTES RUES",,,Plein jour,Hors agglomération,Hors intersection,Normale,Deux véhicules - arrière,,,,,,,,,,,1,1,1,1.0,2.0
201100055406,0011-02-05 17:45:00,11,2,5,17,45,202,33,"SANS, SAMPIERO CORSO - A",,,Plein jour,En agglomération,Hors intersection,Normale,Deux véhicules - côté,,,,,,,,,,,1,2,1,1.0,3.0
201100055407,0011-02-06 02:25:00,11,2,6,2,25,202,33,"11, PAOLI DU NR 1 A 20 -",,,Nuit avec éclairage allumé,En agglomération,Hors intersection,Normale,Trois véhicules et plus - en chaîne,,,,,,,,,,,5,2,1,1.0,4.0
201100055408,0011-02-10 18:17:00,11,2,10,18,17,202,33,"sans, 193 - RN",,,Plein jour,En agglomération,Hors intersection,Normale,Trois véhicules et plus - en chaîne,,,,,,,,,,,1,2,1,1.0,4.0
201100055409,0011-02-13 17:44:00,11,2,13,17,44,202,37,"SANS, TOUTES RUES",,,Plein jour,Hors agglomération,Hors intersection,Normale,Deux véhicules - côté,,,,,,,,,,,1,1,1,1.0,3.0
201100055410,0011-02-16 19:05:00,11,2,16,19,5,202,33,"sans, ROUTE ROYALE",,,Nuit avec éclairage allumé,En agglomération,Hors intersection,Normale,Autre collision,,,,,,,,,,,5,2,1,1.0,6.0
201100055411,0011-02-22 19:14:00,11,2,22,19,14,202,37,"SANS, TOUTES RUES",,,Nuit avec éclairage allumé,En agglomération,Hors intersection,Normale,Deux véhicules - frontale,,,,,,,,,,,5,2,1,1.0,1.0
201100055412,0011-03-03 07:27:00,11,3,3,7,27,202,33,"SANS, TOUTES RUES",,,Plein jour,En agglomération,Giratoire,Pluie légère,Deux véhicules - côté,,,,,,,,,,,1,2,6,2.0,3.0
201100055413,0011-03-03 16:15:00,11,3,3,16,15,202,33,"SANS, CAPITAINE THEN",,,Plein jour,En agglomération,Intersection en X,Pluie légère,Deux véhicules - frontale,,,,,,,,,,,1,2,2,2.0,1.0
201100055414,0011-03-03 14:34:00,11,3,3,14,34,202,33,"SANS, TOUTES RUES",,,Plein jour,En agglomération,Hors intersection,Normale,Autre collision,,,,,,,,,,,1,2,1,1.0,6.0
201100055415,0011-03-07 17:15:00,11,3,7,17,15,202,33,"sans, DANESI - BLD BENOI",,,Plein jour,En agglomération,Intersection en Y,Normale,Deux véhicules - frontale,,,,,,,,,,,1,2,4,1.0,1.0
201100055416,0011-03-07 19:30:00,11,3,7,19,30,202,33,"SANS, ROUTE ROYALE",,,Nuit avec éclairage allumé,En agglomération,Hors intersection,Normale,Deux véhicules - côté,,,,,,,,,,,5,2,1,1.0,3.0
201100055417,0011-03-11 11:41:00,11,3,11,11,41,202,33,"SANS, ROUTE ROYALE",,,Plein jour,En agglomération,Hors intersection,Pluie forte,Deux véhicules - arrière,,,,,,,,,,,1,2,1,3.0,2.0
201100055418,0011-03-13 02:24:00,11,3,13,2,24,202,33,"sans, GIACCOBBI - AV PAU",,,Nuit avec éclairage allumé,En agglomération,Hors intersection,Vent fort / tempête,Autre collision,,,,,,,,,,,5,2,1,6.0,6.0
201100055419,0011-03-13 19:50:00,11,3,13,19,50,202,33,"sans, DANESI - BLD BENOI",,,Nuit avec éclairage allumé,En agglomération,Hors intersection,Pluie forte,Autre collision,,,,,,,,,,,5,2,1,3.0,6.0
201100055420,0011-03-09 09:12:00,11,3,9,9,12,202,33,"SANS, TUNNEL - PASSERELL",,,Plein jour,En agglomération,Hors intersection,Normale,Autre collision,,,,,,,,,,,1,2,1,1.0,6.0
201100055421,0011-03-10 06:02:00,11,3,10,6,2,202,37,"SANS, TOUTES RUES",,,Crépuscule ou aube,Hors agglomération,Hors intersection,Normale,Autre collision,,,,,,,,,,,2,1,1,1.0,6.0
201100055422,0011-03-10 09:21:00,11,3,10,9,21,202,33,"SANS, AV DE LA LIBERATIO",,,Plein jour,En agglomération,Hors intersection,Normale,Deux véhicules - côté,,,,,,,,,,,1,2,1,1.0,3.0
201100055423,0011-03-19 03:52:00,11,3,19,3,52,202,353,"7, TOUTES RUES",,,Nuit avec éclairage allumé,Hors agglomération,Hors intersection,Normale,Autre collision,,,,,,,,,,,5,1,1,1.0,6.0
201100055424,0011-03-20 12:04:00,11,3,20,12,4,202,33,"SANS, CAP - ROUTE DU CAP",,,Plein jour,En agglomération,Hors intersection,Normale,Autre collision,,,,,,,,,,,1,2,1,1.0,6.0
201100055425,0011-03-24 14:06:00,11,3,24,14,6,202,33,"SANS, ROUTE ROYALE",,,Plein jour,En agglomération,Hors intersection,Normale,Autre collision,,,,,,,,,,,1,2,1,1.0,6.0
201100055426,0011-03-25 14:45:00,11,3,25,14,45,202,120,"SANS, TOUTES RUES",,,Plein jour,Hors agglomération,Hors intersection,Normale,Trois véhicules et plus - en chaîne,,,,,,,,,,,1,1,1,1.0,4.0
201100055427,0011-03-29 13:40:00,11,3,29,13,40,202,37,"SANS, TOUTES RUES",,,Plein jour,En agglomération,Hors intersection,Normale,Deux véhicules - côté,,,,,,,,,,,1,2,1,1.0,3.0
201100055428,0011-03-30 08:05:00,11,3,30,8,5,202,120,"sans, TOUTES RUES",,,Plein jour,Hors agglomération,Hors intersection,Normale,Deux véhicules - arrière,,,,,,,,,,,1,1,1,1.0,2.0
201100055429,0011-03-30 15:29:00,11,3,30,15,29,202,37,"SANS, TOUTES RUES",,,Plein jour,Hors agglomération,Hors intersection,Normale,Deux véhicules - arrière,,,,,,,,,,,1,1,1,1.0,2.0
201100055430,0011-03-31 12:16:00,11,3,31,12,16,202,37,"SANS, TOUTES RUES",,,Plein jour,En agglomération,Hors intersection,Normale,Autre collision,,,,,,,,,,,1,2,1,1.0,6.0
201100055431,0011-03-31 16:02:00,11,3,31,16,2,202,33,"sans, TUNNEL",,,Plein jour,En agglomération,Hors intersection,Normale,Deux véhicules - arrière,,,,,,,,,,,1,2,1,1.0,2.0
201100055432,0011-04-03 13:40:00,11,4,3,13,40,202,120,"sans, TOUTES RUES",,,Plein jour,Hors agglomération,Hors intersection,Normale,Autre collision,,,,,,,,,,,1,1,1,1.0,6.0
201100055433,0011-04-06 15:15:00,11,4,6,15,15,202,33,"sans, VEZZANI - RUE CESA",,,Plein jour,En agglomération,Hors intersection,Normale,Autre collision,,,,,,,,,,,1,2,1,1.0,6.0
201100055434,0011-04-13 06:15:00,11,4,13,6,15,202,120,"SANS, TOUTES RUES",,,Nuit avec éclairage allumé,Hors agglomération,Hors intersection,Normale,Deux véhicules - arrière,,,,,,,,,,,5,1,1,1.0,2.0
201100055435,0011-04-13 06:29:00,11,4,13,6,29,202,120,"sans, TOUTES RUES",,,Nuit avec éclairage allumé,Hors agglomération,Hors intersection,Normale,Autre collision,,,,,,,,,,,5,1,1,1.0,6.0
201100055436,0011-04-13 08:16:00,11,4,13,8,16,202,37,"sans, TOUTES RUES",,,Plein jour,Hors agglomération,Hors intersection,Normale,Sans collision,,,,,,,,,,,1,1,1,1.0,7.0
201100055437,0011-04-18 16:20:00,11,4,18,16,20,202,33,"SANS, CARDO - RT INFERIE",,,Plein jour,En agglomération,Hors intersection,Normale,Deux véhicules - côté,,,,,,,,,,,1,2,1,1.0,3.0
201100055438,0011-04-20 11:31:00,11,4,20,11,31,202,33,"SANS, PAOLI DU NR 21 AU",,,Plein jour,En agglomération,Hors intersection,Normale,Autre collision,,,,,,,,,,,1,2,1,1.0,6.0
201100055439,0011-04-22 02:39:00,11,4,22,2,39,202,33,"SANS, FRONT DE MER - ROU",,,Nuit avec éclairage allumé,En agglomération,Hors intersection,Normale,Autre collision,,,,,,,,,,,5,2,1,1.0,6.0
201100055440,0011-04-22 12:45:00,11,4,22,12,45,202,33,"SANS, TOUTES RUES",,,Plein jour,En agglomération,Hors intersection,Normale,Autre collision,,,,,,,,,,,1,2,1,1.0,6.0
201100055441,0011-04-23 12:48:00,11,4,23,12,48,202,33,"sans, AV DE LA LIBERATIO",,,Plein jour,En agglomération,Hors intersection,Normale,Deux véhicules - côté,,,,,,,,,,,1,2,1,1.0,3.0
201100055442,0011-04-27 21:18:00,11,4,27,21,18,202,33,"sans, AV DE LA LIBERATIO",,,Nuit avec éclairage allumé,En agglomération,Intersection en X,Normale,Deux véhicules - côté,,,,,,,,,,,5,2,2,1.0,3.0
201100055443,0011-04-28 07:35:00,11,4,28,7,35,202,33,"SANS, PAOLI DU NR 1 A 20",,,Plein jour,En agglomération,Hors intersection,Normale,Deux véhicules - côté,,,,,,,,,,,1,2,1,1.0,3.0
201100055444,0011-04-28 21:00:00,11,4,28,21,0,202,33,"SANS, ROND POINT",,,Nuit avec éclairage allumé,Hors agglomération,Hors intersection,Normale,Autre collision,,,,,,,,,,,5,1,1,1.0,6.0
201100055445,0011-04-29 21:17:00,11,4,29,21,17,202,33,"sans, GIACCOBBI - AV PAU",,,Nuit avec éclairage allumé,En agglomération,Hors intersection,Normale,Deux véhicules - côté,,,,,,,,,,,5,2,1,1.0,3.0
201100055446,0011-05-06 08:00:00,11,5,6,8,0,202,33,"SANS, AV DE LA LIBERATIO",,,Plein jour,En agglomération,Hors intersection,Normale,Deux véhicules - frontale,,,,,,,,,,,1,2,1,1.0,1.0
201100055447,0011-05-06 14:25:00,11,5,6,14,25,202,33,"sans, PAOLI DU NR 1 A 20",,,Plein jour,En agglomération,Hors intersection,Normale,Autre collision,,,,,,,,,,,1,2,1,1.0,6.0
201100055448,0011-05-06 17:27:00,11,5,6,17,27,202,33,"sans, ROUTE ROYALE",,,Plein jour,En agglomération,Hors intersection,Normale,Trois véhicules et plus - en chaîne,,,,,,,,,,,1,2,1,1.0,4.0
201100055449,0011-05-07 10:56:00,11,5,7,10,56,202,33,"SANS, CAPITAINE THEN",,,Plein jour,En agglomération,Hors intersection,Normale,Deux véhicules - côté,,,,,,,,,,,1,2,1,1.0,3.0
201100055450,0011-05-20 10:50:00,11,5,20,10,50,202,353,"SANS, TOUTES RUES",,,Plein jour,Hors agglomération,Hors intersection,Normale,Autre collision,,,,,,,,,,,1,1,1,1.0,6.0
201100055451,0011-05-20 07:54:00,11,5,20,7,54,202,33,"SANS, TOUTES RUES",,,Plein jour,En agglomération,Hors intersection,Normale,Deux véhicules - arrière,,,,,,,,,,,1,2,1,1.0,2.0
201100055452,0011-05-23 10:13:00,11,5,23,10,13,202,33,"SANS, TOUTES RUES",,,Plein jour,En agglomération,Hors intersection,Normale,Trois véhicules et plus - en chaîne,,,,,,,,,,,1,2,1,1.0,4.0
201100055453,0011-05-25 14:41:00,11,5,25,14,41,202,33,"SANS, TOUTES RUES",,,Plein jour,Hors agglomération,Hors intersection,Normale,Deux véhicules - frontale,,,,,,,,,,,1,1,1,1.0,1.0
201100055454,0011-05-26 08:58:00,11,5,26,8,58,202,33,"sans, 193 - RN",,,Plein jour,En agglomération,Hors intersection,Normale,Deux véhicules - côté,,,,,,,,,,,1,2,1,1.0,3.0
201100055455,0011-05-26 21:30:00,11,5,26,21,30,202,33,"SANS, TOUTES RUES",,,Plein jour,Hors agglomération,Hors intersection,Normale,Autre collision,,,,,,,,,,,1,1,1,1.0,6.0
201100055456,0011-05-26 15:02:00,11,5,26,15,2,202,33,"sans, AV DE LA LIBERATIO",,,Plein jour,En agglomération,Hors intersection,Normale,Deux véhicules - côté,,,,,,,,,,,1,2,1,1.0,3.0