accident_id,datetime,annee,mois,jour,heure,minute,departement,commune_insee,adresse,latitude,longitude,luminosite,agglomeration,intersection,meteo,collision,nb_vehicules,nb_usagers,nb_indemnes,nb_tues,nb_blesses_hosp,nb_blesses_legers,age_cond_1,age_cond_2,veh_type_cond_1,veh_type_cond_2,lum_code,agg_code,int_code,atm_code,col_code
201100055457,0011-05-27 01:08:00,11,5,27,1,8,202,33,"SANS, FRONT DE MER - ROU",,,Nuit avec éclairage allumé,En agglomération,Hors intersection,Normale,Deux véhicules - frontale,,,,,,,,,,,5,2,1,1.0,1.0
201100055458,0011-05-27 12:19:00,11,5,27,12,19,202,120,"sans, TOUTES RUES",,,Plein jour,Hors agglomération,Hors intersection,Normale,Deux véhicules - arrière,,,,,,,,,,,1,1,1,1.0,2.0
201100055459,0011-05-29 23:59:00,11,5,29,23,59,202,33,"SANS, TOUTES RUES",,,Nuit avec éclairage allumé,En agglomération,Hors intersection,Normale,Deux véhicules - frontale,,,,,,,,,,,5,2,1,1.0,1.0
201100055460,0011-05-19 14:30:00,11,5,19,14,30,202,120,"SANS, TOUTES RUES",,,Plein jour,Hors agglomération,Hors intersection,Normale,Trois véhicules et plus - en chaîne,,,,,,,,,,,1,1,1,1.0,4.0
201100055461,0011-05-31 14:08:00,11,5,31,14,8,202,33,"SANS, ROUTE ROYALE",,,Plein jour,En agglomération,Hors intersection,Pluie forte,Deux véhicules - arrière,,,,,,,,,,,1,2,1,3.0,2.0
201100055462,0011-06-01 07:23:00,11,6,1,7,23,202,37,"SANS, TOUTES RUES",,,Plein jour,Hors agglomération,Hors intersection,Normale,Deux véhicules - arrière,,,,,,,,,,,1,1,1,1.0,2.0
201100055463,0011-06-01 09:08:00,11,6,1,9,8,202,33,"16, CAMPINCHI DU NR 6. 3",,,Plein jour,Hors agglomération,Hors intersection,Normale,Deux véhicules - arrière,,,,,,,,,,,1,1,1,1.0,2.0
201100055464,0011-06-01 10:50:00,11,6,1,10,50,202,33,"sans, FAVALE - COURS",,,Plein jour,En agglomération,Hors intersection,Normale,Deux véhicules - frontale,,,,,,,,,,,1,2,1,1.0,1.0
201100055465,0011-06-03 07:50:00,11,6,3,7,50,202,37,"sans, TOUTES RUES",,,Plein jour,Hors agglomération,Hors intersection,Normale,Deux véhicules - arrière,,,,,,,,,,,1,1,1,1.0,2.0
201100055466,0011-06-03 13:45:00,11,6,3,13,45,202,33,"1 BIS, GAUDIN - BLD AUGU",,,Plein jour,En agglomération,Hors intersection,Normale,Deux véhicules - arrière,,,,,,,,,,,1,2,1,1.0,2.0
201100055467,0011-06-03 17:05:00,11,6,3,17,5,202,33,"sans, FRONT DE MER - ROU",,,Plein jour,En agglomération,Hors intersection,Normale,Deux véhicules - frontale,,,,,,,,,,,1,2,1,1.0,1.0
201100055468,0011-06-01 17:10:00,11,6,1,17,10,202,33,"sans, AGLIANI - CHEMIN D",,,Plein jour,En agglomération,Hors intersection,Normale,Autre collision,,,,,,,,,,,1,2,1,1.0,6.0
201100055469,0011-06-07 10:01:00,11,6,7,10,1,202,33,"SANS, GIRAUD - BD GENERA",,,Plein jour,En agglomération,Hors intersection,Pluie légère,Deux véhicules - arrière,,,,,,,,,,,1,2,1,2.0,2.0
201100055470,0011-06-07 17:05:00,11,6,7,17,5,202,33,"SANS, 193 - RN",,,Plein jour,En agglomération,Hors intersection,Pluie légère,Deux véhicules - arrière,,,,,,,,,,,1,2,1,2.0,2.0
201100055471,0011-06-08 14:35:00,11,6,8,14,35,202,33,"SANS, TOUTES RUES",,,Plein jour,En agglomération,Hors intersection,Normale,Deux véhicules - arrière,,,,,,,,,,,1,2,1,1.0,2.0
201100055472,0011-06-12 21:30:00,11,6,12,21,30,202,37,"SANS, TOUTES RUES",,,Nuit avec éclairage allumé,Hors agglomération,Hors intersection,Normale,Deux véhicules - arrière,,,,,,,,,,,5,1,1,1.0,2.0
201100055473,0011-06-13 22:41:00,11,6,13,22,41,202,33,"SANS, PAOLI DU NR 1 A 20",,,Nuit avec éclairage allumé,En agglomération,Hors intersection,Normale,Autre collision,,,,,,,,,,,5,2,1,1.0,6.0
201100055474,0011-06-15 14:02:00,11,6,15,14,2,202,120,"SANS, TOUTES RUES",,,Plein jour,En agglomération,Hors intersection,Normale,Autre collision,,,,,,,,,,,1,2,1,1.0,6.0
201100055475,0011-06-15 21:58:00,11,6,15,21,58,202,37,"sans, TOUTES RUES",,,Nuit avec éclairage allumé,Hors agglomération,Hors intersection,Normale,Deux véhicules - côté,,,,,,,,,,,5,1,1,1.0,3.0
201100055476,0011-06-16 03:29:00,11,6,16,3,29,202,33,"SANS, SAMPIERO CORSO - A",,,Nuit avec éclairage allumé,En agglomération,Hors intersection,Normale,Deux véhicules - côté,,,,,,,,,,,5,2,1,1.0,3.0
201100055477,0011-06-19 07:53:00,11,6,19,7,53,202,33,"SANS, AV DE LA LIBERATIO",,,Plein jour,En agglomération,Hors intersection,Normale,Deux véhicules - côté,,,,,,,,,,,1,2,1,1.0,3.0
201100055478,0011-06-21 11:39:00,11,6,21,11,39,202,33,"SANS, PERI  - RUE GABRIE",,,Plein jour,En agglomération,Hors intersection,Normale,Autre collision,,,,,,,,,,,1,2,1,1.0,6.0
201100055479,0011-06-21 14:34:00,11,6,21,14,34,202,33,"SANS, TUNNEL",,,Plein jour,En agglomération,Hors intersection,Normale,Trois véhicules et plus - collisions multiples,,,,,,,,,,,1,2,1,1.0,5.0
201100055480,0011-06-26 20:13:00,11,6,26,20,13,202,33,"sans, SAINT ANTOINE - HL",,,Nuit avec éclairage allumé,En agglomération,Hors intersection,Normale,Autre collision,,,,,,,,,,,5,2,1,1.0,6.0
201100055481,0011-06-27 04:30:00,11,6,27,4,30,202,33,"SANS, SAMPIERO CORSO - A",,,Crépuscule ou aube,En agglomération,Hors intersection,Normale,Deux véhicules - arrière,,,,,,,,,,,2,2,1,1.0,2.0
201100055482,0011-06-23 11:45:00,11,6,23,11,45,202,33,"sans, GIACCOBBI - AV PAU",,,Plein jour,En agglomération,Hors intersection,Normale,Autre collision,,,,,,,,,,,1,2,1,1.0,6.0
201100055483,0011-06-27 06:00:00,11,6,27,6,0,202,33,"sans, AV DE LA LIBERATIO",,,Plein jour,En agglomération,Hors intersection,Normale,Deux véhicules - côté,,,,,,,,,,,1,2,1,1.0,3.0
201100055484,0011-06-27 18:25:00,11,6,27,18,25,202,120,"SANS, TOUTES RUES",,,Plein jour,Hors agglomération,Hors intersection,Normale,Deux véhicules - côté,,,,,,,,,,,1,1,1,1.0,3.0
201100055485,0011-07-02 20:00:00,11,7,2,20,0,202,33,"SANS, NOGUES",,,Nuit avec éclairage allumé,En agglomération,Hors intersection,Normale,Deux véhicules - arrière,,,,,,,,,,,5,2,1,1.0,2.0
201100055486,0011-07-03 01:54:00,11,7,3,1,54,202,33,"sans, PLACE D'ARMES",,,Nuit avec éclairage allumé,En agglomération,Hors intersection,Normale,Autre collision,,,,,,,,,,,5,2,1,1.0,6.0
201100055487,0011-07-08 10:50:00,11,7,8,10,50,202,33,"sans, ROND POINT",,,Plein jour,En agglomération,Hors intersection,Normale,Autre collision,,,,,,,,,,,1,2,1,1.0,6.0
201100055488,0011-07-08 13:55:00,11,7,8,13,55,202,37,"SANS, TOUTES RUES",,,Plein jour,Hors agglomération,Hors intersection,Normale,Deux véhicules - côté,,,,,,,,,,,1,1,1,1.0,3.0
201100055489,0011-07-09 19:40:00,11,7,9,19,40,202,33,"SANS, FRONT DE MER - ROU",,,Crépuscule ou aube,En agglomération,Hors intersection,Normale,Deux véhicules - côté,,,,,,,,,,,2,2,1,1.0,3.0
201100055490,0011-07-10 15:00:00,11,7,10,15,0,202,33,"SANS, TOGA",,,Plein jour,En agglomération,Hors intersection,Normale,Autre collision,,,,,,,,,,,1,2,1,1.0,6.0
201100055491,0011-07-10 22:45:00,11,7,10,22,45,202,33,"sans, FRONT DE MER - ROU",,,Nuit avec éclairage allumé,En agglomération,Hors intersection,Normale,Deux véhicules - arrière,,,,,,,,,,,5,2,1,1.0,2.0
201100055492,0011-07-12 18:38:00,11,7,12,18,38,202,33,"SANS, TOUTES RUES",,,Plein jour,En agglomération,Hors intersection,Normale,Deux véhicules - arrière,,,,,,,,,,,1,2,1,1.0,2.0
201100055493,0011-07-13 10:52:00,11,7,13,10,52,202,120,"SANS, TOUTES RUES",,,Plein jour,Hors agglomération,Hors intersection,Normale,Autre collision,,,,,,,,,,,1,1,1,1.0,6.0
201100055494,0011-07-13 12:14:00,11,7,13,12,14,202,33,"sans, AV DE LA LIBERATIO",,,Plein jour,En agglomération,Hors intersection,Normale,Deux véhicules - côté,,,,,,,,,,,1,2,1,1.0,3.0
201100055495,0011-07-13 09:31:00,11,7,13,9,31,202,33,"sans, TUNNEL",,,Plein jour,En agglomération,Hors intersection,Normale,Deux véhicules - arrière,,,,,,,,,,,1,2,1,1.0,2.0
201100055496,0011-07-20 14:30:00,11,7,20,14,30,202,120,"SANS, TOUTES RUES",,,Plein jour,Hors agglomération,Hors intersection,Normale,Autre collision,,,,,,,,,,,1,1,1,1.0,6.0
201100055497,0011-07-21 16:41:00,11,7,21,16,41,202,37,"sans, TOUTES RUES",,,Plein jour,Hors agglomération,Hors intersection,Normale,Trois véhicules et plus - collisions multiples,,,,,,,,,,,1,1,1,1.0,5.0
201100055498,0011-07-28 13:45:00,11,7,28,13,45,202,37,"sans, TOUTES RUES",,,Plein jour,Hors agglomération,Hors intersection,Normale,Autre collision,,,,,,,,,,,1,1,1,1.0,6.0
201100055499,0011-07-28 19:05:00,11,7,28,19,5,202,120,"SANS, TOUTES RUES",,,Plein jour,Hors agglomération,Hors intersection,Normale,Trois véhicules et plus - collisions multiples,,,,,,,,,,,1,1,1,1.0,5.0
201100055500,0011-07-30 14:46:00,11,7,30,14,46,202,33,"SANS, GIACCOBBI - AV PAU",,,Plein jour,En agglomération,Hors intersection,Normale,Autre collision,,,,,,,,,,,1,2,1,1.0,6.0
201100055501,0011-08-02 12:23:00,11,8,2,12,23,202,33,"sans, FRONT DE MER - ROU",,,Plein jour,En agglomération,Hors intersection,Normale,Trois véhicules et plus - en chaîne,,,,,,,,,,,1,2,1,1.0,4.0
201100055502,0011-08-04 10:55:00,11,8,4,10,55,202,33,"SANS, ROUTE ROYALE",,,Plein jour,En agglomération,Hors intersection,Normale,Deux véhicules - côté,,,,,,,,,,,1,2,1,1.0,3.0
201100055503,0011-08-12 16:10:00,11,8,12,16,10,202,33,"SANS, GIACCOBBI - AV PAU",,,Plein jour,En agglomération,Hors intersection,Normale,Deux véhicules - arrière,,,,,,,,,,,1,2,1,1.0,2.0
201100055504,0011-08-13 11:38:00,11,8,13,11,38,202,33,"sans, TOUTES RUES",,,Plein jour,En agglomération,Hors intersection,Normale,Deux véhicules - arrière,,,,,,,,,,,1,2,1,1.0,2.0
201100055505,0011-08-13 20:50:00,11,8,13,20,50,202,120,"sans, TOUTES RUES",,,Nuit avec éclairage allumé,Hors agglomération,Hors intersection,Normale,Autre collision,,,,,,,,,,,5,1,1,1.0,6.0
201100055506,0011-08-17 07:15:00,11,8,17,7,15,202,33,"SANS, TOGA",,,Plein jour,En agglomération,Hors intersection,Normale,Autre collision,,,,,,,,,,,1,2,1,1.0,6.0
201100055507,0011-05-24 21:05:00,11,5,24,21,5,202,37,"SANS, TOUTES RUES",,,Nuit avec éclairage allumé,Hors agglomération,Hors intersection,Normale,Autre collision,,,,,,,,,,,5,1,1,1.0,6.0
201100055508,0011-08-28 11:00:00,11,8,28,11,0,202,33,"1, LUCE DE CASABIANCA -R",,,Plein jour,En agglomération,Hors intersection,Normale,Autre collision,,,,,,,,,,,1,2,1,1.0,6.0
201100055509,0011-08-30 08:10:00,11,8,30,8,10,202,33,"5, GAUDIN - BLD AUGUSTE",,,Plein jour,En agglomération,Hors intersection,Normale,Autre collision,,,,,,,,,,,1,2,1,1.0,6.0
201100055510,0011-08-31 07:52:00,11,8,31,7,52,202,33,"SANS, ROUTE ROYALE",,,Plein jour,Hors agglomération,Hors intersection,Normale,Deux véhicules - arrière,,,,,,,,,,,1,1,1,1.0,2.0
201100055511,0011-08-31 23:19:00,11,8,31,23,19,202,33,"sans, DANESI - BLD BENOI",,,Nuit avec éclairage allumé,En agglomération,Hors intersection,Normale,Autre collision,,,,,,,,,,,5,2,1,1.0,6.0
201100055512,0011-09-01 18:41:00,11,9,1,18,41,202,120,"SANS, TOUTES RUES",,,Plein jour,Hors agglomération,Hors intersection,Normale,Deux véhicules - frontale,,,,,,,,,,,1,1,1,1.0,1.0
201100055513,0011-09-10 14:54:00,11,9,10,14,54,202,33,"SANS, ROUTE ROYALE",,,Plein jour,En agglomération,Intersection en X,Normale,Deux véhicules - côté,,,,,,,,,,,1,2,2,1.0,3.0
201100055514,0011-09-15 15:08:00,11,9,15,15,8,202,33,"sans, CAPITAINE THEN",,,Plein jour,En agglomération,Hors intersection,Normale,Deux véhicules - côté,,,,,,,,,,,1,2,1,1.0,3.0
201100055515,0011-09-16 13:15:00,11,9,16,13,15,202,33,"SANS, AV DE LA LIBERATIO",,,Plein jour,En agglomération,Hors intersection,Normale,Deux véhicules - côté,,,,,,,,,,,1,2,1,1.0,3.0
201100055516,0011-09-18 18:35:00,11,9,18,18,35,202,33,"sans, 193 - RN",,,Plein jour,En agglomération,Hors intersection,Pluie forte,Autre collision,,,,,,,,,,,1,2,1,3.0,6.0
201100055517,0011-09-18 20:02:00,11,9,18,20,2,202,33,"SANS, 193 - RN",,,Crépuscule ou aube,En agglomération,Hors intersection,Normale,Deux véhicules - arrière,,,,,,,,,,,2,2,1,1.0,2.0
201100055518,0011-09-19 10:29:00,11,9,19,10,29,202,33,"SANS, TOUTES RUES",,,Plein jour,En agglomération,Hors intersection,Normale,Deux véhicules - côté,,,,,,,,,,,1,2,1,1.0,3.0
201100055519,0011-09-26 14:26:00,11,9,26,14,26,202,120,"SANS, TOUTES RUES",,,Plein jour,En agglomération,Hors intersection,Normale,Deux véhicules - arrière,,,,,,,,,,,1,2,1,1.0,2.0
201100055520,0011-09-29 17:15:00,11,9,29,17,15,202,33,"sans, 193 - RN",,,Plein jour,En agglomération,Hors intersection,Normale,Deux véhicules - arrière,,,,,,,,,,,1,2,1,1.0,2.0
201100055521,0011-10-02 11:02:00,11,10,2,11,2,202,33,"SANS, MARTYRS - QUAI DES",,,Plein jour,En agglomération,Hors intersection,Normale,Trois véhicules et plus - collisions multiples,,,,,,,,,,,1,2,1,1.0,5.0
201100055522,0011-10-04 17:15:00,11,10,4,17,15,202,33,"SANS, ROUTE ROYALE",,,Plein jour,En agglomération,Hors intersection,Normale,Autre collision,,,,,,,,,,,1,2,1,1.0,6.0
201100055523,0011-10-04 15:13:00,11,10,4,15,13,202,353,"SANS, TOUTES RUES",,,Plein jour,En agglomération,Hors intersection,Normale,Deux véhicules - arrière,,,,,,,,,,,1,2,1,1.0,2.0
201100055524,0011-10-05 09:42:00,11,10,5,9,42,202,33,"sans, PAOLI DU NR 21 AU",,,Plein jour,En agglomération,Hors intersection,Normale,Autre collision,,,,,,,,,,,1,2,1,1.0,6.0
201100055525,0011-10-06 07:41:00,11,10,6,7,41,202,33,"SANS, SAINT VICTOR -SQUA",,,Plein jour,En agglomération,Intersection en X,Normale,Deux véhicules - côté,,,,,,,,,,,1,2,2,1.0,3.0
201100055526,0011-10-06 10:10:00,11,10,6,10,10,202,120,"SANS, TOUTES RUES",,,Plein jour,Hors agglomération,Hors intersection,Normale,Deux véhicules - arrière,,,,,,,,,,,1,1,1,1.0,2.0
201100055527,0011-10-06 16:46:00,11,10,6,16,46,202,33,"SANS, VEZZANI - RUE CESA",,,Plein jour,En agglomération,Hors intersection,Normale,Autre collision,,,,,,,,,,,1,2,1,1.0,6.0
201100055528,0011-10-09 19:10:00,11,10,9,19,10,202,33,"SANS, FRONT DE MER - ROU",,,Crépuscule ou aube,En agglomération,Hors intersection,Normale,Autre collision,,,,,,,,,,,2,2,1,1.0,6.0
201100055529,0011-10-06 11:40:00,11,10,6,11,40,202,120,"SANS, TOUTES RUES",,,Plein jour,Hors agglomération,Hors intersection,Normale,Deux véhicules - arrière,,,,,,,,,,,1,1,1,1.0,2.0
201100055530,0011-10-12 08:00:00,11,10,12,8,0,202,33,"sans, TOGA",,,Plein jour,En agglomération,Hors intersection,Normale,Autre collision,,,,,,,,,,,1,2,1,1.0,6.0
201100055531,0011-10-15 18:17:00,11,10,15,18,17,202,120,"SANS, TOUTES RUES",,,Plein jour,En agglomération,Hors intersection,Normale,Deux véhicules - côté,,,,,,,,,,,1,2,1,1.0,3.0
201100055532,0011-10-18 11:35:00,11,10,18,11,35,202,120,"SANS, TOUTES RUES",,,Plein jour,En agglomération,Hors intersection,Normale,Deux véhicules - côté,,,,,,,,,,,1,2,1,1.0,3.0
201100055533,0011-10-18 19:00:00,11,10,18,19,0,202,33,"sans, TOUTES RUES",,,Crépuscule ou aube,En agglomération,Intersection en X,Normale,Deux véhicules - côté,,,,,,,,,,,2,2,2,1.0,3.0
201100055534,0011-10-20 10:40:00,11,10,20,10,40,202,33,"SANS, ROUTE ROYALE",,,Plein jour,En agglomération,Hors intersection,Normale,Trois véhicules et plus - collisions multiples,,,,,,,,,,,1,2,1,1.0,5.0
201100055535,0011-10-21 20:16:00,11,10,21,20,16,202,33,"SANS, SEBASTIANI  - AVEN",,,Nuit avec éclairage allumé,En agglomération,Hors intersection,Normale,Deux véhicules - arrière,,,,,,,,,,,5,2,1,1.0,2.0
201100055536,0011-11-03 08:20:00,11,11,3,8,20,202,33,"SANS, TOUTES RUES",,,Plein jour,En agglomération,Hors intersection,Normale,Deux véhicules - arrière,,,,,,,,,,,1,2,1,1.0,2.0
201100055537,0011-11-02 17:29:00,11,11,2,17,29,202,33,"SANS, TOUTES RUES",,,Nuit avec éclairage allumé,En agglomération,Hors intersection,Normale,Autre collision,,,,,,,,,,,5,2,1,1.0,6.0
201100055538,0011-11-05 13:49:00,11,11,5,13,49,202,33,"sans, IMPERIALE - ROUTE",,,Plein jour,En agglomération,Hors intersection,Pluie forte,Deux véhicules - arrière,,,,,,,,,,,1,2,1,3.0,2.0
201100055539,0011-11-06 16:01:00,11,11,6,16,1,202,33,"SANS, COL DE TEGHIME",,,Plein jour,En agglomération,Hors intersection,Normale,Deux véhicules - frontale,,,,,,,,,,,1,2,1,1.0,1.0
201100055540,0011-11-09 10:05:00,11,11,9,10,5,202,33,"SANS, FRONT DE MER - ROU",,,Plein jour,En agglomération,Hors intersection,Normale,Deux véhicules - arrière,,,,,,,,,,,1,2,1,1.0,2.0
201100055541,0011-11-10 18:12:00,11,11,10,18,12,202,120,"SANS, TOUTES RUES",,,Crépuscule ou aube,Hors agglomération,Hors intersection,Normale,Deux véhicules - côté,,,,,,,,,,,2,1,1,1.0,3.0
201100055542,0011-11-14 10:40:00,11,11,14,10,40,202,37,"sans, TOUTES RUES",,,Plein jour,Hors agglomération,Hors intersection,Normale,Autre collision,,,,,,,,,,,1,1,1,1.0,6.0
201100055543,0011-11-14 21:50:00,11,11,14,21,50,202,33,"SANS, 193 - RN",,,Nuit avec éclairage allumé,En agglomération,Hors intersection,Normale,Deux véhicules - côté,,,,,,,,,,,5,2,1,1.0,3.0
201100055544,0011-11-15 11:24:00,11,11,15,11,24,202,120,"SANS, TOUTES RUES",,,Plein jour,En agglomération,Hors intersection,Normale,Sans collision,,,,,,,,,,,1,2,1,1.0,7.0
201100055545,0011-11-17 10:26:00,11,11,17,10,26,202,120,"SANS, TOUTES RUES",,,Plein jour,Hors agglomération,Hors intersection,Normale,Deux véhicules - arrière,,,,,,,,,,,1,1,1,1.0,2.0
201100055546,0011-11-28 06:24:00,11,11,28,6,24,202,33,"sans, FRONT DE MER - ROU",,,Plein jour,En agglomération,Hors intersection,Normale,Deux véhicules - arrière,,,,,,,,,,,1,2,1,1.0,2.0
201100055547,0011-11-26 06:24:00,11,11,26,6,24,202,37,"SANS, TOUTES RUES",,,Nuit avec éclairage allumé,En agglomération,Hors intersection,Normale,Autre collision,,,,,,,,,,,5,2,1,1.0,6.0
201100055548,0011-11-29 11:40:00,11,11,29,11,40,202,353,"sans, TOUTES RUES",,,Plein jour,Hors agglomération,Hors intersection,Normale,Deux véhicules - arrière,,,,,,,,,,,1,1,1,1.0,2.0
201100055549,0011-12-01 12:00:00,11,12,1,12,0,202,353,"sans, TOUTES RUES",,,Plein jour,Hors agglomération,Hors intersection,Normale,Autre collision,,,,,,,,,,,1,1,1,1.0,6.0
201100055550,0011-12-02 03:28:00,11,12,2,3,28,202,120,"SANS, TOUTES RUES",,,Nuit avec éclairage allumé,Hors agglomération,Hors intersection,Normale,Autre collision,,,,,,,,,,,5,1,1,1.0,6.0
201100055551,0011-12-05 15:06:00,11,12,5,15,6,202,120,"SANS, TOUTES RUES",,,Plein jour,Hors agglomération,Hors intersection,Normale,Deux véhicules - côté,,,,,,,,,,,1,1,1,1.0,3.0
201100055552,0011-12-04 14:05:00,11,12,4,14,5,202,33,"SANS, LUCE DE CASABIANCA",,,Plein jour,En agglomération,Intersection en X,Normale,Deux véhicules - côté,,,,,,,,,,,1,2,2,1.0,3.0
201100055553,0011-12-07 12:45:00,11,12,7,12,45,202,33,"sans, AV DE LA LIBERATIO",,,Plein jour,En agglomération,Hors intersection,Normale,Deux véhicules - arrière,,,,,,,,,,,1,2,1,1.0,2.0
201100055554,0011-12-09 07:26:00,11,12,9,7,26,202,33,"SANS, 193 - RN",,,Nuit avec éclairage allumé,En agglomération,Hors intersection,Normale,Deux véhicules - côté,,,,,,,,,,,5,2,1,1.0,3.0
201100055555,0011-12-09 17:40:00,11,12,9,17,40,202,33,"sans, 193 - RN",,,Nuit avec éclairage allumé,Hors agglomération,Hors intersection,Normale,Trois véhicules et plus - en chaîne,,,,,,,,,,,5,1,1,1.0,4.0
201100055556,0011-12-09 18:50:00,11,12,9,18,50,202,120,"sans, TOUTES RUES",,,Nuit avec éclairage allumé,En agglomération,Hors intersection,Normale,Autre collision,,,,,,,,,,,5,2,1,1.0,6.0
201100055557,0011-12-10 19:10:00,11,12,10,19,10,202,120,"SANS, TOUTES RUES",,,Nuit avec éclairage allumé,Hors agglomération,Hors intersection,Normale,Deux véhicules - arrière,,,,,,,,,,,5,1,1,1.0,2.0
201100055558,0011-12-19 10:36:00,11,12,19,10,36,202,33,"sans, TUNNEL",,,Plein jour,En agglomération,Hors intersection,Normale,Deux véhicules - arrière,,,,,,,,,,,1,2,1,1.0,2.0
201100055559,0011-12-19 14:47:00,11,12,19,14,47,202,33,"sans, GIACCOBBI - AV PAU",,,Plein jour,En agglomération,Hors intersection,Normale,Autre collision,,,,,,,,,,,1,2,1,1.0,6.0
201100055560,0011-12-20 17:19:00,11,12,20,17,19,202,120,"SANS, TOUTES RUES",,,Nuit avec éclairage allumé,Hors agglomération,Hors intersection,Normale,Deux véhicules - arrière,,,,,,,,,,,5,1,1,1.0,2.0
201100055561,0011-12-22 13:01:00,11,12,22,13,1,202,33,"SANS, COLLE - RUE DU",,,Plein jour,En agglomération,Hors intersection,Normale,Deux véhicules - frontale,,,,,,,,,,,1,2,1,1.0,1.0
201100055562,0011-12-23 19:10:00,11,12,23,19,10,202,120,"SANS, TOUTES RUES",,,Nuit avec éclairage allumé,Hors agglomération,Hors intersection,Normale,Autre collision,,,,,,,,,,,5,1,1,1.0,6.0
201100055563,0011-12-24 12:53:00,11,12,24,12,53,202,33,"SANS, TOUTES RUES",,,Plein jour,En agglomération,Hors intersection,Normale,Deux véhicules - côté,,,,,,,,,,,1,2,1,1.0,3.0
201100055564,0011-12-24 22:11:00,11,12,24,22,11,202,37,"SANS, TOUTES RUES",,,Nuit avec éclairage allumé,En agglomération,Hors intersection,Normale,Autre collision,,,,,,,,,,,5,2,1,1.0,6.0
201100055565,0011-12-25 00:59:00,11,12,25,0,59,202,33,"sans, FRONT DE MER - ROU",,,Nuit avec éclairage allumé,En agglomération,Hors intersection,Normale,Deux véhicules - frontale,,,,,,,,,,,5,2,1,1.0,1.0
201100055566,0011-12-27 01:08:00,11,12,27,1,8,202,33,"SANS, SAINT ANTOINE - CO",,,Nuit avec éclairage allumé,En agglomération,Hors intersection,Normale,Deux véhicules - frontale,,,,,,,,,,,5,2,1,1.0,1.0
201100055567,0011-01-03 07:20:00,11,1,3,7,20,690,382,"1, QUAI DOCTEUR GAILLETO",,,Nuit avec éclairage allumé,En agglomération,Hors intersection,Normale,Autre collision,,,,,,,,,,,5,2,1,1.0,6.0
201100055568,0011-01-06 00:50:00,11,1,6,0,50,690,382,"0, RUE AUGUSTE COMTE",,,Nuit avec éclairage allumé,En agglomération,Intersection en X,Pluie légère,Deux véhicules - côté,,,,,,,,,,,5,2,2,2.0,3.0
201100055569,0011-01-10 22:20:00,11,1,10,22,20,690,382,"10, QUAI DOCTEUR GAILLET",,,Nuit avec éclairage allumé,En agglomération,Hors intersection,Normale,Deux véhicules - arrière,,,,,,,,,,,5,2,1,1.0,2.0
201100055570,0011-01-05 02:40:00,11,1,5,2,40,690,382,"indetermin, RUE RAVAT",,,Nuit avec éclairage allumé,En agglomération,Intersection en T,Normale,Deux véhicules - côté,,,,,,,,,,,5,2,3,1.0,3.0
201100055571,0011-01-26 17:20:00,11,1,26,17,20,690,382,"00, QUAI JULES COURMONT",,,Nuit avec éclairage allumé,En agglomération,Autre intersection,Normale,Autre collision,,,,,,,,,,,5,2,9,1.0,6.0
201100055572,0011-01-23 19:20:00,11,1,23,19,20,690,382,"0, QUAI JULES COURMONT",,,Nuit avec éclairage allumé,En agglomération,Intersection en X,Normale,Deux véhicules - côté,,,,,,,,,,,5,2,2,1.0,3.0
201100055573,0011-01-28 01:00:00,11,1,28,1,0,690,382,"01, QUAI DOCTEUR GAILLET",,,Nuit avec éclairage allumé,En agglomération,Autre intersection,Normale,Autre collision,,,,,,,,,,,5,2,9,1.0,6.0
201100055574,0011-01-22 16:00:00,11,1,22,16,0,690,382,"indétermin, QUAI RAMBAUD",,,Plein jour,En agglomération,Intersection en T,Normale,Deux véhicules - côté,,,,,,,,,,,1,2,3,1.0,3.0
201100055575,0011-01-25 10:30:00,11,1,25,10,30,690,382,"41, RUE DE LA CHARITE",,,Plein jour,En agglomération,Hors intersection,Normale,Autre collision,,,,,,,,,,,1,2,1,1.0,6.0
201100055576,0011-02-14 08:45:00,11,2,14,8,45,690,382,"2, QUAI DOCTEUR GAILLETO",,,Plein jour,En agglomération,Hors intersection,Normale,Sans collision,,,,,,,,,,,1,2,1,1.0,7.0
201100055577,0011-02-19 08:05:00,11,2,19,8,5,690,382,"face 27, QUAI JEAN MOULI",,,Plein jour,En agglomération,Intersection à plus de 4 branches,Normale,Autre collision,,,,,,,,,,,1,2,5,1.0,6.0
201100055578,0011-02-08 16:00:00,11,2,8,16,0,690,382,"face 39, QUAI JULES COUR",,,Plein jour,En agglomération,Hors intersection,Normale,Autre collision,,,,,,,,,,,1,2,1,1.0,6.0
201100055579,0011-02-15 07:15:00,11,2,15,7,15,690,382,"ignoré, QUAI JULES COURM",,,Crépuscule ou aube,En agglomération,Intersection en T,Normale,Deux véhicules - côté,,,,,,,,,,,2,2,3,1.0,3.0
201100055580,0011-02-18 13:53:00,11,2,18,13,53,690,382,"79, RUE PRESIDENT EDOUAR",,,Plein jour,En agglomération,Hors intersection,Temps couvert,Sans collision,,,,,,,,,,,1,2,1,8.0,7.0
201100055581,0011-02-24 13:45:00,11,2,24,13,45,690,382,"INC, TREMIE 6 DU CENTRE",,,Plein jour,En agglomération,Intersection en Y,Pluie légère,Autre collision,,,,,,,,,,,1,2,4,2.0,6.0
201100055582,0011-03-10 17:40:00,11,3,10,17,40,690,382,"0, PLACE DES CORDELIERS",,,Plein jour,En agglomération,Hors intersection,Normale,Deux véhicules - côté,,,,,,,,,,,1,2,1,1.0,3.0