accident_id,datetime,annee,mois,jour,heure,minute,departement,commune_insee,adresse,latitude,longitude,luminosite,agglomeration,intersection,meteo,collision,nb_vehicules,nb_usagers,nb_indemnes,nb_tues,nb_blesses_hosp,nb_blesses_legers,age_cond_1,age_cond_2,veh_type_cond_1,veh_type_cond_2,lum_code,agg_code,int_code,atm_code,col_code
201100055583,0011-03-16 08:40:00,11,3,16,8,40,690,382,"0, TREMIE 1 DU CENTRE D",,,Plein jour,En agglomération,Hors intersection,Pluie légère,Deux véhicules - côté,,,,,,,,,,,1,2,1,2.0,3.0
201100055584,0011-03-31 15:30:00,11,3,31,15,30,690,382,"21, RUE DE BREST",,,Plein jour,En agglomération,Hors intersection,Normale,Deux véhicules - côté,,,,,,,,,,,1,2,1,1.0,3.0
201100055585,0011-03-09 14:00:00,11,3,9,14,0,690,382,"angle, QUAI DES CELESTIN",,,Plein jour,En agglomération,Intersection en T,Normale,Deux véhicules - frontale,,,,,,,,,,,1,2,3,1.0,1.0
201100055586,0011-04-02 16:30:00,11,4,2,16,30,690,382,"17, PLACE BELLECOUR",,,Plein jour,En agglomération,Hors intersection,Normale,Autre collision,,,,,,,,,,,1,2,1,1.0,6.0
201100055587,0011-04-05 20:15:00,11,4,5,20,15,690,382,"0, RUE GRENETTE",,,Nuit avec éclairage allumé,En agglomération,Intersection en X,Normale,Deux véhicules - côté,,,,,,,,,,,5,2,2,1.0,3.0
201100055588,0011-04-07 20:10:00,11,4,7,20,10,690,382,"41, RUE DE LA BOURSE",,,Plein jour,En agglomération,Hors intersection,Normale,Deux véhicules - côté,,,,,,,,,,,1,2,1,1.0,3.0
201100055589,0011-03-31 09:30:00,11,3,31,9,30,690,382,"37, PLACE BELLECOUR",,,Plein jour,En agglomération,Hors intersection,Normale,Deux véhicules - côté,,,,,,,,,,,1,2,1,1.0,3.0
201100055590,0011-04-01 17:20:00,11,4,1,17,20,690,382,RUE DE LA BARRE,,,Plein jour,En agglomération,Hors intersection,Normale,Deux véhicules - arrière,,,,,,,,,,,1,2,1,1.0,2.0
201100055591,0011-04-26 17:40:00,11,4,26,17,40,690,382,"40, RUE DES REMPARTS D A",,,Plein jour,En agglomération,Hors intersection,Normale,Autre collision,,,,,,,,,,,1,2,1,1.0,6.0
201100055592,0011-03-16 16:05:00,11,3,16,16,5,690,382,"0, RUE GENTIL",,,Plein jour,En agglomération,Intersection en X,Normale,Deux véhicules - côté,,,,,,,,,,,1,2,2,1.0,3.0
201100055593,0011-05-07 19:00:00,11,5,7,19,0,690,382,"17, RUE DE LA REPUBLIQUE",,,Plein jour,En agglomération,Intersection en T,Normale,Deux véhicules - côté,,,,,,,,,,,1,2,3,1.0,3.0
201100055594,0011-04-29 11:20:00,11,4,29,11,20,690,382,"15, RUE DE CONDE",,,Plein jour,En agglomération,Hors intersection,Normale,Autre collision,,,,,,,,,,,1,2,1,1.0,6.0
201100055595,0011-05-17 13:30:00,11,5,17,13,30,690,382,"0, RUE DELANDINE",,,Plein jour,En agglomération,Intersection en X,Normale,Autre collision,,,,,,,,,,,1,2,2,1.0,6.0
201100055596,0011-04-18 08:45:00,11,4,18,8,45,690,382,"0, COURS DE VERDUN RECAM",,,Plein jour,En agglomération,Hors intersection,Normale,Autre collision,,,,,,,,,,,1,2,1,1.0,6.0
201100055597,0011-04-06 18:45:00,11,4,6,18,45,690,382,"inconnu, COURS DE VERDUN",,,Plein jour,En agglomération,Intersection en T,Normale,Deux véhicules - côté,,,,,,,,,,,1,2,3,1.0,3.0
201100055598,0011-05-14 18:50:00,11,5,14,18,50,690,382,"0, RUE FERRANDIERE",,,Plein jour,En agglomération,Hors intersection,Temps couvert,Autre collision,,,,,,,,,,,1,2,1,8.0,6.0
201100055599,0011-04-25 13:20:00,11,4,25,13,20,690,382,"indeterin?, COURS CHARLE",,,Plein jour,En agglomération,Hors intersection,Normale,Deux véhicules - côté,,,,,,,,,,,1,2,1,1.0,3.0
201100055600,0011-05-31 13:10:00,11,5,31,13,10,690,382,"0, COURS SUCHET",,,Plein jour,En agglomération,Hors intersection,Pluie légère,Deux véhicules - côté,,,,,,,,,,,1,2,1,2.0,3.0
201100055601,0011-05-26 18:30:00,11,5,26,18,30,690,382,"ind?termin, RUE AUGUSTE",,,Plein jour,En agglomération,Intersection en T,Normale,Deux véhicules - côté,,,,,,,,,,,1,2,3,1.0,3.0
201100055602,0011-06-04 21:45:00,11,6,4,21,45,690,382,"face 64, QUAI JULES COUR",,,Nuit avec éclairage allumé,En agglomération,Hors intersection,Pluie forte,Deux véhicules - arrière,,,,,,,,,,,5,2,1,3.0,2.0
201100055603,0011-05-27 16:00:00,11,5,27,16,0,690,382,"0, COURS CHARLEMAGNE",,,Plein jour,En agglomération,Intersection en X,Normale,Autre collision,,,,,,,,,,,1,2,2,1.0,6.0
201100055604,0011-06-09 19:11:00,11,6,9,19,11,690,382,"10, QUAI RAMBAUD",,,Plein jour,En agglomération,Intersection en T,Normale,Deux véhicules - côté,,,,,,,,,,,1,2,3,1.0,3.0
201100055605,0011-06-15 18:00:00,11,6,15,18,0,690,382,"ANGLE, RUE GASPARIN",,,Plein jour,En agglomération,Intersection en X,Normale,Autre collision,,,,,,,,,,,1,2,2,1.0,6.0
201100055606,0011-06-17 16:40:00,11,6,17,16,40,690,382,"22, RUE DE LA REPUBLIQUE",,,Plein jour,En agglomération,Hors intersection,Normale,Autre collision,,,,,,,,,,,1,2,1,1.0,6.0
201100055607,0011-06-25 05:35:00,11,6,25,5,35,690,382,"0, TREMIE 7 DU CENTRE D",,,Crépuscule ou aube,En agglomération,Hors intersection,Normale,Sans collision,,,,,,,,,,,2,2,1,1.0,7.0
201100055608,0011-07-03 02:44:00,11,7,3,2,44,690,382,"0, RUE PRESIDENT EDOUARD",,,Nuit avec éclairage allumé,En agglomération,Intersection en X,Normale,Deux véhicules - côté,,,,,,,,,,,5,2,2,1.0,3.0
201100055609,0011-06-27 14:10:00,11,6,27,14,10,690,383,"125, AVENUE MARECHAL DE",,,Plein jour,En agglomération,Hors intersection,Normale,Autre collision,,,,,,,,,,,1,2,1,1.0,6.0
201100055610,0011-07-09 20:15:00,11,7,9,20,15,690,382,"26, QUAI SAINT ANTOINE",,,Plein jour,En agglomération,Hors intersection,Normale,Autre collision,,,,,,,,,,,1,2,1,1.0,6.0
201100055611,0011-07-08 05:05:00,11,7,8,5,5,690,382,"0, PONT GALLIENI",,,Nuit avec éclairage allumé,En agglomération,Hors intersection,Normale,Autre collision,,,,,,,,,,,5,2,1,1.0,6.0
201100055612,0011-07-14 02:30:00,11,7,14,2,30,690,382,"neant, PLACE DES CORDELI",,,Nuit avec éclairage allumé,En agglomération,Intersection en T,Normale,Deux véhicules - côté,,,,,,,,,,,5,2,3,1.0,3.0
201100055613,0011-07-12 17:37:00,11,7,12,17,37,690,382,"27, QUAI SAINT ANTOINE",,,Plein jour,En agglomération,Hors intersection,Normale,Autre collision,,,,,,,,,,,1,2,1,1.0,6.0
201100055614,0011-05-27 09:24:00,11,5,27,9,24,690,382,"ignore, QUAI DOCTEUR GAI",,,Plein jour,En agglomération,Hors intersection,Normale,Deux véhicules - arrière,,,,,,,,,,,1,2,1,1.0,2.0
201100055615,0011-07-23 14:50:00,11,7,23,14,50,690,382,"angle, COURS SUCHET",,,Plein jour,En agglomération,Intersection en X,Temps couvert,Deux véhicules - côté,,,,,,,,,,,1,2,2,8.0,3.0
201100055616,0011-07-08 16:00:00,11,7,8,16,0,690,382,"10, QUAI MARECHAL JOFFRE",,,Plein jour,En agglomération,Hors intersection,Temps éblouissant,Deux véhicules - côté,,,,,,,,,,,1,2,1,7.0,3.0
201100055617,0011-08-05 23:00:00,11,8,5,23,0,690,382,"0, COURS CHARLEMAGNE",,,Nuit avec éclairage allumé,En agglomération,Intersection en X,Normale,Deux véhicules - côté,,,,,,,,,,,5,2,2,1.0,3.0
201100055618,0011-09-01 15:30:00,11,9,1,15,30,690,382,"14, RUE DE LA REPUBLIQUE",,,Plein jour,En agglomération,Hors intersection,Normale,Autre collision,,,,,,,,,,,1,2,1,1.0,6.0
201100055619,0011-08-10 05:10:00,11,8,10,5,10,690,387,"ind, AVENUE BERTHELOT",,,Nuit sans éclairage public,En agglomération,Intersection en X,Normale,Deux véhicules - côté,,,,,,,,,,,3,2,2,1.0,3.0
201100055620,0011-08-29 10:40:00,11,8,29,10,40,690,382,"ind, PLACE BELLECOUR",,,Plein jour,En agglomération,Intersection en T,Normale,Sans collision,,,,,,,,,,,1,2,3,1.0,7.0
201100055621,0011-09-03 17:30:00,11,9,3,17,30,690,382,"21, RUE SAINTE HELENE",,,Plein jour,En agglomération,Hors intersection,Normale,Sans collision,,,,,,,,,,,1,2,1,1.0,7.0
201100055622,0011-08-28 04:15:00,11,8,28,4,15,690,382,"0, QUAI DES CELESTINS",,,Nuit avec éclairage allumé,En agglomération,Hors intersection,Normale,Deux véhicules - côté,,,,,,,,,,,5,2,1,1.0,3.0
201100055623,0011-09-04 00:40:00,11,9,4,0,40,690,382,"0, QUAI PERRACHE",,,Nuit avec éclairage allumé,En agglomération,Hors intersection,Normale,Trois véhicules et plus - en chaîne,,,,,,,,,,,5,2,1,1.0,4.0
201100055624,0011-09-14 12:00:00,11,9,14,12,0,690,382,"igore, RUE CASIMIR PERIE",,,Plein jour,En agglomération,Intersection en T,Normale,Deux véhicules - côté,,,,,,,,,,,1,2,3,1.0,3.0
201100055625,0011-09-24 11:40:00,11,9,24,11,40,690,382,"ind, SQUARE JULIEN GRAS",,,Plein jour,En agglomération,Hors intersection,Normale,Deux véhicules - arrière,,,,,,,,,,,1,2,1,1.0,2.0
201100055626,0011-09-30 17:30:00,11,9,30,17,30,690,382,"ignore, COURS BAYARD",,,Plein jour,En agglomération,Intersection en T,Normale,Deux véhicules - côté,,,,,,,,,,,1,2,3,1.0,3.0
201100055627,0011-08-29 22:00:00,11,8,29,22,0,690,382,"27, QUAI JEAN MOULIN",,,Nuit avec éclairage allumé,En agglomération,Hors intersection,Normale,Deux véhicules - arrière,,,,,,,,,,,5,2,1,1.0,2.0
201100055628,0011-10-09 07:50:00,11,10,9,7,50,690,382,"41, QUAI DOCTEUR GAILLET",,,Plein jour,En agglomération,Hors intersection,Normale,Deux véhicules - arrière,,,,,,,,,,,1,2,1,1.0,2.0
201100055629,0011-10-08 19:30:00,11,10,8,19,30,690,382,"ind, TREMIE 6 DU CENTRE",,,Nuit sans éclairage public,En agglomération,Hors intersection,Pluie forte,Sans collision,,,,,,,,,,,3,2,1,3.0,7.0
201100055630,0011-10-07 15:45:00,11,10,7,15,45,690,382,"0, QUAI JULES COURMONT",,,Plein jour,En agglomération,Intersection en X,Temps couvert,Deux véhicules - côté,,,,,,,,,,,1,2,2,8.0,3.0
201100055631,0011-09-14 08:51:00,11,9,14,8,51,690,382,"0, QUAI JEAN MOULIN",,,Plein jour,En agglomération,Intersection en X,Normale,Deux véhicules - côté,,,,,,,,,,,1,2,2,1.0,3.0
201100055632,0011-10-11 13:50:00,11,10,11,13,50,690,382,"47, RUE DELANDINE",,,Plein jour,En agglomération,Hors intersection,Normale,Trois véhicules et plus - collisions multiples,,,,,,,,,,,1,2,1,1.0,5.0
201100055633,0011-10-12 15:20:00,11,10,12,15,20,690,382,"0, QUAI JULES COURMONT",,,Plein jour,En agglomération,Hors intersection,Normale,Deux véhicules - arrière,,,,,,,,,,,1,2,1,1.0,2.0
201100055634,0011-09-22 13:30:00,11,9,22,13,30,690,382,"61, QUAI JULES COURMONT",,,Plein jour,En agglomération,Hors intersection,Normale,Autre collision,,,,,,,,,,,1,2,1,1.0,6.0
201100055635,0011-10-08 16:50:00,11,10,8,16,50,690,382,"ind, TREMIE 6 DU CENTRE",,,Plein jour,En agglomération,Hors intersection,Pluie légère,Trois véhicules et plus - en chaîne,,,,,,,,,,,1,2,1,2.0,4.0
201100055636,0011-10-13 19:50:00,11,10,13,19,50,690,382,"ind, RUE CASIMIR PERIER",,,Nuit avec éclairage allumé,En agglomération,Intersection en T,Normale,Deux véhicules - côté,,,,,,,,,,,5,2,3,1.0,3.0
201100055637,0011-10-17 18:10:00,11,10,17,18,10,690,382,"0, PONT DE LA GUILLOTIER",,,Plein jour,En agglomération,Hors intersection,Normale,Deux véhicules - arrière,,,,,,,,,,,1,2,1,1.0,2.0
201100055638,0011-10-17 09:15:00,11,10,17,9,15,690,382,"26, PLACE BELLECOUR",,,Plein jour,En agglomération,Hors intersection,Temps éblouissant,Autre collision,,,,,,,,,,,1,2,1,7.0,6.0
201100055639,0011-10-15 22:45:00,11,10,15,22,45,690,382,"ind, RUE GENTIL",,,Nuit avec éclairage allumé,En agglomération,Intersection en X,Normale,Deux véhicules - côté,,,,,,,,,,,5,2,2,1.0,3.0
201100055640,0011-09-01 12:20:00,11,9,1,12,20,690,382,"15, QUAI JEAN MOULIN",,,Plein jour,En agglomération,Hors intersection,Normale,Deux véhicules - côté,,,,,,,,,,,1,2,1,1.0,3.0
201100055641,0011-09-21 14:20:00,11,9,21,14,20,690,382,"06, QUAI SAINT ANTOINE",,,Plein jour,En agglomération,Hors intersection,Normale,Deux véhicules - arrière,,,,,,,,,,,1,2,1,1.0,2.0
201100055642,0011-10-20 16:25:00,11,10,20,16,25,690,382,"ind, RUE PRESIDENT EDOUA",,,Plein jour,En agglomération,Intersection en X,Normale,Deux véhicules - côté,,,,,,,,,,,1,2,2,1.0,3.0
201100055643,0011-11-18 06:50:00,11,11,18,6,50,690,382,"0, QUAI PERRACHE",,,Nuit avec éclairage allumé,En agglomération,Hors intersection,Normale,Deux véhicules - côté,,,,,,,,,,,5,2,1,1.0,3.0
201100055644,0011-11-22 15:10:00,11,11,22,15,10,690,382,BELLECOUR,,,Plein jour,En agglomération,Intersection en T,Normale,Deux véhicules - arrière,,,,,,,,,,,1,2,3,1.0,2.0
201100055645,0011-10-09 03:27:00,11,10,9,3,27,690,382,"ANGLE, DOCTEUR GAILLETON",,,Nuit avec éclairage allumé,En agglomération,Intersection en T,Pluie légère,Autre collision,,,,,,,,,,,5,2,3,2.0,6.0
201100055646,0011-11-28 18:10:00,11,11,28,18,10,690,382,"ignore, PONT DE L UNIVER",,,Nuit avec éclairage allumé,En agglomération,Hors intersection,Normale,Autre collision,,,,,,,,,,,5,2,1,1.0,6.0
201100055647,0011-11-19 16:20:00,11,11,19,16,20,690,382,"12, REPUBLIQUE (DE LA)",,,Plein jour,En agglomération,Hors intersection,Normale,Autre collision,,,,,,,,,,,1,2,1,1.0,6.0
201100055648,0011-11-15 15:10:00,11,11,15,15,10,690,382,"0, PONT DE LA GUILLOTIER",,,Plein jour,En agglomération,Hors intersection,Normale,Deux véhicules - côté,,,,,,,,,,,1,2,1,1.0,3.0
201100055649,0011-12-06 12:15:00,11,12,6,12,15,690,382,"8, PLACE ANTONIN PONCET",,,Plein jour,En agglomération,Hors intersection,Temps couvert,Sans collision,,,,,,,,,,,1,2,1,8.0,7.0
201100055650,0011-12-22 18:50:00,11,12,22,18,50,690,382,"TREMIE, QUAI DOCTEUR GAI",,,Nuit avec éclairage allumé,Hors agglomération,Hors intersection,Normale,Deux véhicules - arrière,,,,,,,,,,,5,1,1,1.0,2.0
201100055651,0011-12-13 20:45:00,11,12,13,20,45,690,382,"ignore, BELIER (DU)",,,Nuit avec éclairage allumé,En agglomération,Intersection en T,Normale,Deux véhicules - côté,,,,,,,,,,,5,2,3,1.0,3.0
201100055652,0011-12-15 19:30:00,11,12,15,19,30,690,382,"ignore, AUGUSTE COMTE",,,Nuit avec éclairage allumé,En agglomération,Intersection en T,Normale,Deux véhicules - côté,,,,,,,,,,,5,2,3,1.0,3.0
201100055653,0011-12-10 08:45:00,11,12,10,8,45,690,382,"41, CHARITE (DE LA)",,,Plein jour,En agglomération,Hors intersection,Normale,Autre collision,,,,,,,,,,,1,2,1,1.0,6.0
201100055654,0011-12-18 01:20:00,11,12,18,1,20,690,382,"1, RUE COLONEL CHAMBONNE",,,Nuit avec éclairage allumé,En agglomération,Hors intersection,Pluie légère,Deux véhicules - arrière,,,,,,,,,,,5,2,1,2.0,2.0
201100055655,0011-10-31 15:00:00,11,10,31,15,0,690,382,"2, QUAI SAINT ANTOINE",,,Plein jour,En agglomération,Hors intersection,Normale,Trois véhicules et plus - collisions multiples,,,,,,,,,,,1,2,1,1.0,5.0
201100055656,0011-12-02 13:00:00,11,12,2,13,0,690,382,COURS DE VERDUN RAMBAUD,,,Plein jour,En agglomération,Hors intersection,Pluie légère,Sans collision,,,,,,,,,,,1,2,1,2.0,7.0
201100055657,0011-12-17 00:30:00,11,12,17,0,30,690,382,"inc, PLACE DES CORDELIER",,,Nuit avec éclairage allumé,En agglomération,Hors intersection,Pluie légère,Sans collision,,,,,,,,,,,5,2,1,2.0,7.0
201100055658,0011-12-17 17:30:00,11,12,17,17,30,690,382,"1, COURS SUCHET",,,Plein jour,En agglomération,Hors intersection,Normale,Sans collision,,,,,,,,,,,1,2,1,1.0,7.0
201100055659,0011-12-27 15:30:00,11,12,27,15,30,690,382,"02, QUAI JULES COURMONT",,,Plein jour,En agglomération,Hors intersection,Normale,Autre collision,,,,,,,,,,,1,2,1,1.0,6.0
201100055660,0011-01-08 14:25:00,11,1,8,14,25,620,771,AUTOROUTE A21,,,Plein jour,Hors agglomération,Hors intersection,Pluie légère,Autre collision,,,,,,,,,,,1,1,1,2.0,6.0
201100055661,0011-01-13 08:30:00,11,1,13,8,30,590,359,AUTOROUTE A16,,,Plein jour,Hors agglomération,Hors intersection,Pluie légère,Trois véhicules et plus - en chaîne,,,,,,,,,,,1,1,1,2.0,4.0
201100055662,0011-01-15 14:20:00,11,1,15,14,20,590,431,AUTOROUTE A25,,,Plein jour,Hors agglomération,Hors intersection,Normale,Trois véhicules et plus - collisions multiples,,,,,,,,,,,1,1,1,1.0,5.0
201100055663,0011-01-19 08:00:00,11,1,19,8,0,620,239,AUTOROUTE A16,,,Plein jour,Hors agglomération,Hors intersection,Normale,Trois véhicules et plus - collisions multiples,,,,,,,,,,,1,1,1,1.0,5.0
201100055664,0011-01-30 20:45:00,11,1,30,20,45,590,378,ROUTE DEPARTEMENTALE 652,,,Nuit avec éclairage allumé,Hors agglomération,Hors intersection,Normale,Trois véhicules et plus - collisions multiples,,,,,,,,,,,5,1,1,1.0,5.0
201100055665,0011-02-08 19:40:00,11,2,8,19,40,620,249,AUTOROUTE A21,,,Nuit avec éclairage allumé,Hors agglomération,Hors intersection,Normale,Sans collision,,,,,,,,,,,5,1,1,1.0,7.0
201100055666,0011-02-12 07:00:00,11,2,12,7,0,590,123,AUTOROUTE A1,,,Nuit sans éclairage public,Hors agglomération,Hors intersection,Normale,Deux véhicules - arrière,,,,,,,,,,,3,1,1,1.0,2.0
201100055667,0011-02-13 06:10:00,11,2,13,6,10,590,350,AUTOROUTE A25,,,Nuit avec éclairage allumé,Hors agglomération,Hors intersection,Normale,Autre collision,,,,,,,,,,,5,1,1,1.0,6.0
201100055668,0011-02-14 18:50:00,11,2,14,18,50,590,350,ROUTE DEPARTEMENTALE 652,,,Nuit avec éclairage non allumé,Hors agglomération,Hors intersection,Normale,Autre collision,,,,,,,,,,,4,1,1,1.0,6.0
201100055669,0011-02-15 09:00:00,11,2,15,9,0,590,350,ROUTE NATIONALE 351,,,Plein jour,Hors agglomération,Hors intersection,Normale,Trois véhicules et plus - en chaîne,,,,,,,,,,,1,1,1,1.0,4.0
201100055670,0011-02-18 22:10:00,11,2,18,22,10,620,498,AUTOROUTE A21,,,Nuit avec éclairage allumé,Hors agglomération,Hors intersection,Normale,Deux véhicules - côté,,,,,,,,,,,5,1,1,1.0,3.0
201100055671,0011-02-26 02:30:00,11,2,26,2,30,590,560,AUTOROUTE A1,,,Nuit avec éclairage allumé,Hors agglomération,Hors intersection,Normale,Deux véhicules - arrière,,,,,,,,,,,5,1,1,1.0,2.0
201100055672,0011-02-26 13:25:00,11,2,26,13,25,620,771,AUTOROUTE A21,,,Plein jour,Hors agglomération,Hors intersection,Pluie légère,Deux véhicules - côté,,,,,,,,,,,1,1,1,2.0,3.0
201100055673,0011-02-26 20:55:00,11,2,26,20,55,590,646,AUTOROUTE A22,,,Nuit sans éclairage public,Hors agglomération,Hors intersection,Pluie forte,Deux véhicules - côté,,,,,,,,,,,3,1,1,3.0,3.0
201100055674,0011-03-02 07:30:00,11,3,2,7,30,590,599,AUTOROUTE A22,,,Crépuscule ou aube,Hors agglomération,Hors intersection,Normale,Deux véhicules - côté,,,,,,,,,,,2,1,1,1.0,3.0
201100055675,0011-03-07 16:20:00,11,3,7,16,20,590,350,ROUTE DEPARTEMENTALE 656,,,Plein jour,Hors agglomération,Hors intersection,Normale,Sans collision,,,,,,,,,,,1,1,1,1.0,7.0
201100055676,0011-03-10 14:10:00,11,3,10,14,10,620,427,AUTOROUTE A1,,,Plein jour,Hors agglomération,Hors intersection,Normale,Deux véhicules - arrière,,,,,,,,,,,1,1,1,1.0,2.0
201100055677,0011-03-24 08:15:00,11,3,24,8,15,590,566,AUTOROUTE A25,,,Plein jour,Hors agglomération,Hors intersection,Normale,Deux véhicules - côté,,,,,,,,,,,1,1,1,1.0,3.0
201100055678,0011-03-24 19:20:00,11,3,24,19,20,590,340,AUTOROUTE A16,,,Nuit sans éclairage public,Hors agglomération,Hors intersection,Normale,Autre collision,,,,,,,,,,,3,1,1,1.0,6.0
201100055679,0011-04-01 14:30:00,11,4,1,14,30,590,202,AUTOROUTE A25,,,Plein jour,Hors agglomération,Hors intersection,Temps éblouissant,Autre collision,,,,,,,,,,,1,1,1,7.0,6.0
201100055680,0011-04-02 15:45:00,11,4,2,15,45,590,491,AUTOROUTE A23,,,Plein jour,Hors agglomération,Hors intersection,Normale,Deux véhicules - arrière,,,,,,,,,,,1,1,1,1.0,2.0
201100055681,0011-04-02 18:33:00,11,4,2,18,33,590,44,AUTOROUTE A27,50.60268,3.23132,Plein jour,Hors agglomération,Hors intersection,Normale,Trois véhicules et plus - collisions multiples,,,,,,,,,,,1,1,1,1.0,5.0
201100055682,0011-04-03 03:45:00,11,4,3,3,45,590,350,AUTOROUTE A25,,,Nuit avec éclairage allumé,Hors agglomération,Hors intersection,Normale,Sans collision,,,,,,,,,,,5,1,1,1.0,7.0
201100055683,0011-04-03 19:15:00,11,4,3,19,15,590,447,AUTOROUTE A2,,,Crépuscule ou aube,Hors agglomération,Hors intersection,Temps couvert,Sans collision,,,,,,,,,,,2,1,1,8.0,7.0
201100055684,0011-04-04 09:55:00,11,4,4,9,55,590,646,ROUTE DEPARTEMENTALE 656,,,Plein jour,Hors agglomération,Hors intersection,Normale,Sans collision,,,,,,,,,,,1,1,1,1.0,7.0
201100055685,0011-04-05 19:50:00,11,4,5,19,50,620,186,AUTOROUTE A21,,,Plein jour,Hors agglomération,Hors intersection,Normale,Autre collision,,,,,,,,,,,1,1,1,1.0,6.0
201100055686,0011-04-07 09:00:00,11,4,7,9,0,590,143,AUTOROUTE A25,,,Plein jour,Hors agglomération,Hors intersection,Normale,Sans collision,,,,,,,,,,,1,1,1,1.0,7.0
201100055687,0011-04-08 04:30:00,11,4,8,4,30,590,560,AUTOROUTE A1,,,Nuit avec éclairage allumé,Hors agglomération,Hors intersection,Normale,Deux véhicules - arrière,,,,,,,,,,,5,1,1,1.0,2.0
201100055688,0011-04-08 14:45:00,11,4,8,14,45,590,350,ROUTE NATIONALE 351,,,Plein jour,Hors agglomération,Hors intersection,Normale,Sans collision,,,,,,,,,,,1,1,1,1.0,7.0
201100055689,0011-04-09 15:25:00,11,4,9,15,25,590,9,ROUTE NATIONALE 227,,,Plein jour,Hors agglomération,Hors intersection,Normale,Autre collision,,,,,,,,,,,1,1,1,1.0,6.0
201100055690,0011-04-11 16:45:00,11,4,11,16,45,590,609,AUTOROUTE A1,,,Plein jour,Hors agglomération,Hors intersection,Normale,Trois véhicules et plus - collisions multiples,,,,,,,,,,,1,1,1,1.0,5.0
201100055691,0011-04-11 18:35:00,11,4,11,18,35,590,288,AUTOROUTE A2,,,Plein jour,Hors agglomération,Hors intersection,Normale,Deux véhicules - côté,,,,,,,,,,,1,1,1,1.0,3.0
201100055692,0011-04-21 02:30:00,11,4,21,2,30,590,305,AUTOROUTE A25,,,Nuit sans éclairage public,Hors agglomération,Hors intersection,Normale,Autre collision,,,,,,,,,,,3,1,1,1.0,6.0
201100055693,0011-04-22 09:10:00,11,4,22,9,10,620,239,AUTOROUTE A16,,,Plein jour,Hors agglomération,Hors intersection,Normale,Autre collision,,,,,,,,,,,1,1,1,1.0,6.0
201100055694,0011-04-23 00:40:00,11,4,23,0,40,590,508,AUTOROUTE A22,,,Nuit avec éclairage allumé,Hors agglomération,Hors intersection,Normale,Deux véhicules - arrière,,,,,,,,,,,5,1,1,1.0,2.0
201100055695,0011-04-29 20:00:00,11,4,29,20,0,590,606,AUTOROUTE A23,,,Plein jour,Hors agglomération,Hors intersection,Pluie forte,Deux véhicules - côté,,,,,,,,,,,1,1,1,3.0,3.0
201100055696,0011-05-06 11:50:00,11,5,6,11,50,590,386,ROUTE DEPARTEMENTALE 652,,,Plein jour,Hors agglomération,Hors intersection,Normale,Deux véhicules - arrière,,,,,,,,,,,1,1,1,1.0,2.0
201100055697,0011-05-12 00:40:00,11,5,12,0,40,590,435,AUTOROUTE A23,,,Nuit sans éclairage public,Hors agglomération,Hors intersection,Normale,Autre collision,,,,,,,,,,,3,1,1,1.0,6.0
201100055698,0011-05-17 07:30:00,11,5,17,7,30,590,560,AUTOROUTE A1,,,Plein jour,Hors agglomération,Hors intersection,Normale,Deux véhicules - côté,,,,,,,,,,,1,1,1,1.0,3.0
201100055699,0011-05-21 11:15:00,11,5,21,11,15,590,346,AUTOROUTE A27,,,Plein jour,Hors agglomération,Hors intersection,Normale,Deux véhicules - côté,,,,,,,,,,,1,1,1,1.0,3.0
201100055700,0011-05-26 17:45:00,11,5,26,17,45,590,431,AUTOROUTE A25,,,Plein jour,Hors agglomération,Hors intersection,Normale,Autre collision,,,,,,,,,,,1,1,1,1.0,6.0
201100055701,0011-05-29 07:20:00,11,5,29,7,20,590,305,AUTOROUTE A25,,,Plein jour,Hors agglomération,Hors intersection,Normale,Sans collision,,,,,,,,,,,1,1,1,1.0,7.0
201100055702,0011-06-04 09:00:00,11,6,4,9,0,590,350,AUTOROUTE A25,,,Plein jour,Hors agglomération,Hors intersection,Normale,Trois véhicules et plus - collisions multiples,,,,,,,,,,,1,1,1,1.0,5.0
201100055703,0011-06-04 23:45:00,11,6,4,23,45,590,580,AUTOROUTE A25,50.82548,2.5853,Nuit sans éclairage public,Hors agglomération,Hors intersection,Normale,Trois véhicules et plus - collisions multiples,,,,,,,,,,,3,1,1,1.0,5.0
201100055704,0011-06-14 08:00:00,11,6,14,8,0,590,346,ROUTE NATIONALE 227,,,Plein jour,Hors agglomération,Hors intersection,Normale,Deux véhicules - arrière,,,,,,,,,,,1,1,1,1.0,2.0
201100055705,0011-06-15 09:10:00,11,6,15,9,10,590,560,AUTOROUTE A1,,,Plein jour,Hors agglomération,Hors intersection,Normale,Deux véhicules - arrière,,,,,,,,,,,1,1,1,1.0,2.0
201100055706,0011-06-18 02:05:00,11,6,18,2,5,590,350,ROUTE NATIONALE 351,,,Nuit avec éclairage allumé,Hors agglomération,Hors intersection,Pluie légère,Trois véhicules et plus - collisions multiples,,,,,,,,,,,5,1,1,2.0,5.0
201100055707,0011-06-18 23:15:00,11,6,18,23,15,590,378,AUTROUTE A22,50.70047,3.11721,Nuit sans éclairage public,Hors agglomération,Hors intersection,Normale,Deux véhicules - arrière,,,,,,,,,,,3,1,1,1.0,2.0
201100055708,0011-06-20 19:00:00,11,6,20,19,0,590,566,AUTOROUTE A25,,,Plein jour,Hors agglomération,Hors intersection,Normale,Autre collision,,,,,,,,,,,1,1,1,1.0,6.0