accident_id,datetime,annee,mois,jour,heure,minute,departement,commune_insee,adresse,latitude,longitude,luminosite,agglomeration,intersection,meteo,collision,nb_vehicules,nb_usagers,nb_indemnes,nb_tues,nb_blesses_hosp,nb_blesses_legers,age_cond_1,age_cond_2,veh_type_cond_1,veh_type_cond_2,lum_code,agg_code,int_code,atm_code,col_code
201100055836,0011-04-05 18:00:00,11,4,5,18,0,690,383,"0, AVENUE GEORGES POMPID",,,Plein jour,En agglomération,Intersection en X,Normale,Autre collision,,,,,,,,,,,1,2,2,1.0,6.0
201100055837,0011-04-09 17:15:00,11,4,9,17,15,690,386,"0, COURS FRANKLIN ROOSEV",,,Plein jour,En agglomération,Intersection en X,Normale,Autre collision,,,,,,,,,,,1,2,2,1.0,6.0
201100055838,0011-04-10 02:00:00,11,4,10,2,0,690,383,"0, AVENUE FELIX FAURE",,,Nuit avec éclairage allumé,En agglomération,Intersection en X,Normale,Deux véhicules - côté,,,,,,,,,,,5,2,2,1.0,3.0
201100055839,0011-04-10 04:45:00,11,4,10,4,45,690,383,"37, RUE FERDINAND BUISSO",,,Nuit avec éclairage allumé,En agglomération,Intersection en T,Normale,Autre collision,,,,,,,,,,,5,2,3,1.0,6.0
201100055840,0011-04-12 22:25:00,11,4,12,22,25,690,386,"0, COURS VITTON",,,Nuit sans éclairage public,En agglomération,Intersection en X,Normale,Deux véhicules - côté,,,,,,,,,,,3,2,2,1.0,3.0
201100055841,0011-04-13 22:00:00,11,4,13,22,0,690,383,"204, AVENUE FELIX FAURE",,,Nuit avec éclairage allumé,En agglomération,Intersection en T,Normale,Deux véhicules - côté,,,,,,,,,,,5,2,3,1.0,3.0
201100055842,0011-04-13 19:00:00,11,4,13,19,0,690,383,"26, COURS GAMBETTA",,,Plein jour,En agglomération,Hors intersection,Normale,Autre collision,,,,,,,,,,,1,2,1,1.0,6.0
201100055843,0011-04-15 14:45:00,11,4,15,14,45,690,386,"146, RUE VENDOME",,,Plein jour,En agglomération,Autre intersection,Normale,Deux véhicules - côté,,,,,,,,,,,1,2,9,1.0,3.0
201100055844,0011-04-16 14:50:00,11,4,16,14,50,690,383,"142, AVENUE MARECHAL DE",,,Plein jour,En agglomération,Hors intersection,Normale,Autre collision,,,,,,,,,,,1,2,1,1.0,6.0
201100055845,0011-04-19 08:00:00,11,4,19,8,0,690,383,"2, COURS RICHARD VITTON",,,Plein jour,En agglomération,Passage à niveau,Normale,Deux véhicules - côté,,,,,,,,,,,1,2,8,1.0,3.0
201100055846,0011-04-19 12:00:00,11,4,19,12,0,690,386,"0, RUE VAUBAN",,,Plein jour,En agglomération,Intersection en X,Normale,Deux véhicules - côté,,,,,,,,,,,1,2,2,1.0,3.0
201100055847,0011-04-22 17:00:00,11,4,22,17,0,690,383,"0, BOULEVARD MARIUS VIVI",,,Plein jour,En agglomération,Intersection en X,Normale,Autre collision,,,,,,,,,,,1,2,2,1.0,6.0
201100055848,0011-04-22 13:30:00,11,4,22,13,30,690,383,AVENUE LACASSAGNE,,,Plein jour,En agglomération,Hors intersection,Normale,Autre collision,,,,,,,,,,,1,2,1,1.0,6.0
201100055849,0011-04-23 11:15:00,11,4,23,11,15,690,386,"0, RUE VENDOME",,,Plein jour,En agglomération,Intersection en X,Normale,Autre collision,,,,,,,,,,,1,2,2,1.0,6.0
201100055850,0011-04-23 20:40:00,11,4,23,20,40,690,386,", RUE CUVIER",,,Nuit avec éclairage allumé,En agglomération,Intersection en X,Pluie légère,Deux véhicules - côté,,,,,,,,,,,5,2,2,2.0,3.0
201100055851,0011-04-24 12:50:00,11,4,24,12,50,690,386,"75, COURS VITTON",,,Plein jour,En agglomération,Intersection en X,Normale,Deux véhicules - arrière,,,,,,,,,,,1,2,2,1.0,2.0
201100055852,0011-04-25 16:15:00,11,4,25,16,15,690,383,"53, COURS GAMBETTA",,,Plein jour,En agglomération,Hors intersection,Normale,Deux véhicules - côté,,,,,,,,,,,1,2,1,1.0,3.0
201100055853,0011-04-24 02:00:00,11,4,24,2,0,690,383,"33, COURS LAFAYETTE",,,Nuit avec éclairage allumé,En agglomération,Hors intersection,Normale,Deux véhicules - arrière,,,,,,,,,,,5,2,1,1.0,2.0
201100055854,0011-04-25 17:10:00,11,4,25,17,10,690,383,"0, AVENUE MARECHAL DE SA",,,Plein jour,En agglomération,Intersection en X,Normale,Deux véhicules - côté,,,,,,,,,,,1,2,2,1.0,3.0
201100055855,0011-04-30 18:30:00,11,4,30,18,30,690,383,"161, RUE PAUL BERT",,,Plein jour,En agglomération,Hors intersection,Normale,Deux véhicules - arrière,,,,,,,,,,,1,2,1,1.0,2.0
201100055856,0011-05-01 14:00:00,11,5,1,14,0,690,383,"210, ROUTE DE GENAS",,,Plein jour,En agglomération,Hors intersection,Normale,Autre collision,,,,,,,,,,,1,2,1,1.0,6.0
201100055857,0011-05-03 20:50:00,11,5,3,20,50,690,386,"0, RUE DUQUESNE",,,Plein jour,En agglomération,Intersection en X,Normale,Deux véhicules - côté,,,,,,,,,,,1,2,2,1.0,3.0
201100055858,0011-05-03 13:15:00,11,5,3,13,15,690,386,"0, RUE DE SEZE",,,Plein jour,En agglomération,Intersection en X,Normale,Autre collision,,,,,,,,,,,1,2,2,1.0,6.0
201100055859,0011-05-04 17:30:00,11,5,4,17,30,690,383,"7, COURS GAMBETTA",,,Plein jour,En agglomération,Intersection en T,Normale,Autre collision,,,,,,,,,,,1,2,3,1.0,6.0
201100055860,0011-05-06 08:10:00,11,5,6,8,10,690,383,PONT WILSON,,,Plein jour,En agglomération,Hors intersection,Normale,Deux véhicules - arrière,,,,,,,,,,,1,2,1,1.0,2.0
201100055861,0011-05-05 20:50:00,11,5,5,20,50,690,383,"3, RUE DE LA VILLETTE",,,Crépuscule ou aube,En agglomération,Hors intersection,Normale,Sans collision,,,,,,,,,,,2,2,1,1.0,7.0
201100055862,0011-05-06 10:50:00,11,5,6,10,50,690,386,"0, COURS FRANKLIN ROOSEV",,,Plein jour,En agglomération,Intersection en X,Normale,Deux véhicules - côté,,,,,,,,,,,1,2,2,1.0,3.0
201100055863,0011-05-06 12:15:00,11,5,6,12,15,690,383,"0, AVENUE FELIX FAURE",,,Plein jour,En agglomération,Hors intersection,Normale,Deux véhicules - arrière,,,,,,,,,,,1,2,1,1.0,2.0
201100055864,0011-05-06 14:30:00,11,5,6,14,30,690,386,"0, COURS VITTON",,,Plein jour,En agglomération,Intersection en X,Normale,Autre collision,,,,,,,,,,,1,2,2,1.0,6.0
201100055865,0011-05-08 09:25:00,11,5,8,9,25,690,383,"74, ROUTE DE GENAS",,,Plein jour,En agglomération,Hors intersection,Normale,Autre collision,,,,,,,,,,,1,2,1,1.0,6.0
201100055866,0011-05-09 14:50:00,11,5,9,14,50,690,383,"170, AVENUE FELIX FAURE",,,Plein jour,En agglomération,Hors intersection,Normale,Deux véhicules - côté,,,,,,,,,,,1,2,1,1.0,3.0
201100055867,0011-05-10 08:50:00,11,5,10,8,50,690,383,"144, COURS GAMBETTA",,,Plein jour,En agglomération,Hors intersection,Normale,Autre collision,,,,,,,,,,,1,2,1,1.0,6.0
201100055868,0011-05-13 17:30:00,11,5,13,17,30,690,383,COURS GAMBETTA,,,Plein jour,En agglomération,Intersection en X,Normale,Deux véhicules - côté,,,,,,,,,,,1,2,2,1.0,3.0
201100055869,0011-05-14 02:20:00,11,5,14,2,20,690,383,"62, RUE FERDINAND BUISSO",,,Nuit avec éclairage allumé,En agglomération,Hors intersection,Normale,Deux véhicules - côté,,,,,,,,,,,5,2,1,1.0,3.0
201100055870,0011-05-16 09:00:00,11,5,16,9,0,690,383,"218, RUE GARIBALDI",,,Plein jour,En agglomération,Hors intersection,Normale,Deux véhicules - côté,,,,,,,,,,,1,2,1,1.0,3.0
201100055871,0011-05-14 01:10:00,11,5,14,1,10,690,386,"0, RUE DE SEZE",,,Nuit avec éclairage allumé,En agglomération,Intersection en X,Normale,Autre collision,,,,,,,,,,,5,2,2,1.0,6.0
201100055872,0011-05-17 15:30:00,11,5,17,15,30,690,386,"0, RUE VENDOME",,,Plein jour,En agglomération,Intersection en X,Normale,Autre collision,,,,,,,,,,,1,2,2,1.0,6.0
201100055873,0011-05-20 00:05:00,11,5,20,0,5,690,383,"246, COURS LAFAYETTE",,,Nuit avec éclairage allumé,En agglomération,Intersection en T,Normale,Deux véhicules - côté,,,,,,,,,,,5,2,3,1.0,3.0
201100055874,0011-05-20 12:00:00,11,5,20,12,0,690,383,"0, AVENUE LACASSAGNE",,,Plein jour,En agglomération,Intersection en X,Normale,Autre collision,,,,,,,,,,,1,2,2,1.0,6.0
201100055875,0011-05-20 16:10:00,11,5,20,16,10,690,383,"0, RUE DE L EST",,,Plein jour,En agglomération,Intersection en X,Normale,Deux véhicules - côté,,,,,,,,,,,1,2,2,1.0,3.0
201100055876,0011-05-21 14:35:00,11,5,21,14,35,690,386,"30, AVENUE MARECHAL DE S",,,Plein jour,En agglomération,Hors intersection,Normale,Deux véhicules - côté,,,,,,,,,,,1,2,1,1.0,3.0
201100055877,0011-05-26 08:30:00,11,5,26,8,30,690,386,"0, RUE JULIETTE RECAMIER",,,Plein jour,En agglomération,Intersection en X,Normale,Deux véhicules - côté,,,,,,,,,,,1,2,2,1.0,3.0
201100055878,0011-05-25 14:30:00,11,5,25,14,30,690,383,"0, RUE COMMANDANT FUZIER",,,Plein jour,En agglomération,Intersection en X,Normale,Autre collision,,,,,,,,,,,1,2,2,1.0,6.0
201100055879,0011-05-25 15:30:00,11,5,25,15,30,690,386,"0, AVENUE MARECHAL DE SA",,,Plein jour,En agglomération,Intersection en X,Normale,Sans collision,,,,,,,,,,,1,2,2,1.0,7.0
201100055880,0011-05-27 20:50:00,11,5,27,20,50,690,383,"57, BOULEVARD MARIUS VIV",,,Crépuscule ou aube,En agglomération,Hors intersection,Temps couvert,Autre collision,,,,,,,,,,,2,2,1,8.0,6.0
201100055881,0011-05-26 09:10:00,11,5,26,9,10,690,383,"0, RUE JEANNE HACHETTE",,,Plein jour,En agglomération,Intersection en X,Normale,Deux véhicules - frontale,,,,,,,,,,,1,2,2,1.0,1.0
201100055882,0011-05-30 16:35:00,11,5,30,16,35,690,383,"0, RUE FEUILLAT",,,Plein jour,En agglomération,Intersection en X,Normale,Autre collision,,,,,,,,,,,1,2,2,1.0,6.0
201100055883,0011-05-24 14:00:00,11,5,24,14,0,690,383,"0, AVENUE MARECHAL DE SA",,,Plein jour,En agglomération,Intersection en T,Normale,Deux véhicules - côté,,,,,,,,,,,1,2,3,1.0,3.0
201100055884,0011-05-30 13:20:00,11,5,30,13,20,690,383,"0, RUE SAINT MAXIMIN",,,Plein jour,En agglomération,Intersection en X,Normale,Deux véhicules - côté,,,,,,,,,,,1,2,2,1.0,3.0
201100055885,0011-05-30 17:05:00,11,5,30,17,5,690,383,"93, AVENUE LACASSAGNE",,,Plein jour,En agglomération,Hors intersection,Normale,Autre collision,,,,,,,,,,,1,2,1,1.0,6.0
201100055886,0011-06-01 15:00:00,11,6,1,15,0,690,383,"0, RUE DE LA RIZE",,,Plein jour,En agglomération,Intersection en X,Temps couvert,Deux véhicules - côté,,,,,,,,,,,1,2,2,8.0,3.0
201100055887,0011-06-04 11:30:00,11,6,4,11,30,690,383,"83, COURS DE LA LIBERTE",,,Plein jour,En agglomération,Hors intersection,Normale,Autre collision,,,,,,,,,,,1,2,1,1.0,6.0
201100055888,0011-06-05 21:15:00,11,6,5,21,15,690,383,"0, AVENUE LACASSAGNE",,,Crépuscule ou aube,En agglomération,Intersection en X,Normale,Deux véhicules - côté,,,,,,,,,,,2,2,2,1.0,3.0
201100055889,0011-06-06 05:20:00,11,6,6,5,20,690,386,"0, PONT DE LATTRE DE TAS",,,Plein jour,En agglomération,Hors intersection,Normale,Deux véhicules - arrière,,,,,,,,,,,1,2,1,1.0,2.0
201100055890,0011-06-09 18:15:00,11,6,9,18,15,690,383,"232, COURS LAFAYETTE",,,Plein jour,En agglomération,Hors intersection,Normale,Deux véhicules - côté,,,,,,,,,,,1,2,1,1.0,3.0
201100055891,0011-06-11 10:50:00,11,6,11,10,50,690,386,"0, RUE JEAN BROQUIN",,,Plein jour,En agglomération,Intersection en X,Normale,Deux véhicules - côté,,,,,,,,,,,1,2,2,1.0,3.0
201100055892,0011-06-13 18:00:00,11,6,13,18,0,690,383,"3, AVENUE GEORGES POMPID",,,Plein jour,En agglomération,Hors intersection,Normale,Autre collision,,,,,,,,,,,1,2,1,1.0,6.0
201100055893,0011-06-19 02:00:00,11,6,19,2,0,690,383,"0, IMPASSE SAINT EUSEBE",,,Nuit avec éclairage allumé,En agglomération,Intersection en X,Normale,Autre collision,,,,,,,,,,,5,2,2,1.0,6.0
201100055894,0011-06-19 19:00:00,11,6,19,19,0,690,383,"39, BOULEVARD MARIUS VIV",,,Plein jour,En agglomération,Intersection en X,Normale,Autre collision,,,,,,,,,,,1,2,2,1.0,6.0
201100055895,0011-06-22 08:55:00,11,6,22,8,55,690,383,"74, AVENUE MARECHAL DE S",,,Plein jour,En agglomération,Hors intersection,Normale,Autre collision,,,,,,,,,,,1,2,1,1.0,6.0
201100055896,0011-06-22 09:10:00,11,6,22,9,10,690,383,"0, AVENUE ROCKEFELLER",,,Plein jour,En agglomération,Intersection en X,Normale,Deux véhicules - côté,,,,,,,,,,,1,2,2,1.0,3.0
201100055897,0011-06-22 18:00:00,11,6,22,18,0,690,383,"82, RUE DE BONNEL",,,Plein jour,En agglomération,Hors intersection,Pluie forte,Autre collision,,,,,,,,,,,1,2,1,3.0,6.0
201100055898,0011-06-23 16:00:00,11,6,23,16,0,690,386,"0, BOULEVARD DES BROTTEA",,,Plein jour,En agglomération,Intersection en X,Normale,Autre collision,,,,,,,,,,,1,2,2,1.0,6.0
201100055899,0011-06-23 10:30:00,11,6,23,10,30,690,386,"Face au 38, RUE BARABAN",,,Plein jour,En agglomération,Hors intersection,Normale,Autre collision,,,,,,,,,,,1,2,1,1.0,6.0
201100055900,0011-06-26 01:20:00,11,6,26,1,20,690,383,"127, QUAI VICTOR AUGAGNE",,,Nuit avec éclairage allumé,En agglomération,Hors intersection,Normale,Autre collision,,,,,,,,,,,5,2,1,1.0,6.0
201100055901,0011-06-27 17:50:00,11,6,27,17,50,690,386,"0, RUE VENDOME",,,Plein jour,En agglomération,Hors intersection,Normale,Deux véhicules - côté,,,,,,,,,,,1,2,1,1.0,3.0
201100055902,0011-06-25 20:15:00,11,6,25,20,15,690,386,"0, BOULEVARD DES BELGES",,,Plein jour,En agglomération,Intersection à plus de 4 branches,Normale,Deux véhicules - côté,,,,,,,,,,,1,2,5,1.0,3.0
201100055903,0011-06-27 18:20:00,11,6,27,18,20,690,386,"0, RUE DE CREQUI",,,Plein jour,En agglomération,Intersection en X,Normale,Deux véhicules - côté,,,,,,,,,,,1,2,2,1.0,3.0
201100055904,0011-06-28 10:55:00,11,6,28,10,55,690,383,"0, AVENUE MARECHAL DE SA",,,Plein jour,En agglomération,Intersection en X,Normale,Deux véhicules - côté,,,,,,,,,,,1,2,2,1.0,3.0
201100055905,0011-06-29 16:15:00,11,6,29,16,15,690,383,"17, RUE DOCTEUR BOUCHUT",,,Plein jour,En agglomération,Hors intersection,Normale,Deux véhicules - côté,,,,,,,,,,,1,2,1,1.0,3.0
201100055906,0011-07-01 09:30:00,11,7,1,9,30,690,386,"0, AVENUE MARECHAL FOCH",,,Plein jour,En agglomération,Intersection en X,Normale,Deux véhicules - côté,,,,,,,,,,,1,2,2,1.0,3.0
201100055907,0011-07-02 17:30:00,11,7,2,17,30,690,386,"face au 40, RUE JULIETTE",,,Plein jour,En agglomération,Hors intersection,Normale,Autre collision,,,,,,,,,,,1,2,1,1.0,6.0
201100055908,0011-07-03 05:00:00,11,7,3,5,0,690,386,COURS FRANKLIN ROOSEVELT,,,Nuit avec éclairage allumé,En agglomération,Intersection en X,Normale,Deux véhicules - côté,,,,,,,,,,,5,2,2,1.0,3.0
201100055909,0011-07-03 15:30:00,11,7,3,15,30,690,386,"0, COURS VITTON",,,Plein jour,En agglomération,Intersection en X,Normale,Deux véhicules - côté,,,,,,,,,,,1,2,2,1.0,3.0
201100055910,0011-07-04 21:00:00,11,7,4,21,0,690,383,"0, RUE MAZENOD",,,Plein jour,En agglomération,Intersection en X,Normale,Deux véhicules - côté,,,,,,,,,,,1,2,2,1.0,3.0
201100055911,0011-07-04 22:40:00,11,7,4,22,40,690,383,"0, COURS ALBERT THOMAS",,,Nuit avec éclairage allumé,En agglomération,Intersection en X,Normale,Deux véhicules - côté,,,,,,,,,,,5,2,2,1.0,3.0
201100055912,0011-07-05 11:30:00,11,7,5,11,30,690,383,"0, RUE SAINT ISIDORE",,,Plein jour,En agglomération,Intersection en X,Normale,Trois véhicules et plus - en chaîne,,,,,,,,,,,1,2,2,1.0,4.0
201100055913,0011-07-06 01:30:00,11,7,6,1,30,690,383,"0, QUAI VICTOR AUGAGNEUR",,,Nuit avec éclairage allumé,En agglomération,Hors intersection,Normale,Autre collision,,,,,,,,,,,5,2,1,1.0,6.0
201100055914,0011-07-07 08:00:00,11,7,7,8,0,690,383,"149, RUE GARIBALDI",,,Plein jour,En agglomération,Hors intersection,Normale,Deux véhicules - côté,,,,,,,,,,,1,2,1,1.0,3.0
201100055915,0011-07-08 17:05:00,11,7,8,17,5,690,386,"15, PLACE JULES FERRY",,,Plein jour,En agglomération,Hors intersection,Temps éblouissant,Deux véhicules - côté,,,,,,,,,,,1,2,1,7.0,3.0
201100055916,0011-07-10 18:00:00,11,7,10,18,0,690,386,"0, BOULEVARD JULES FAVRE",,,Plein jour,En agglomération,Intersection en X,Normale,Deux véhicules - côté,,,,,,,,,,,1,2,2,1.0,3.0
201100055917,0011-07-12 10:15:00,11,7,12,10,15,690,383,"0, RUE LAVOISIER",,,Plein jour,En agglomération,Intersection en T,Normale,Autre collision,,,,,,,,,,,1,2,3,1.0,6.0
201100055918,0011-07-16 11:40:00,11,7,16,11,40,690,386,"28, BOULEVARD JULES FAVR",,,Plein jour,En agglomération,Hors intersection,Normale,Autre collision,,,,,,,,,,,1,2,1,1.0,6.0
201100055919,0011-07-17 19:20:00,11,7,17,19,20,690,383,"0, RUE DE L EGLISE",,,Plein jour,En agglomération,Intersection en X,Normale,Deux véhicules - frontale,,,,,,,,,,,1,2,2,1.0,1.0
201100055920,0011-07-18 19:00:00,11,7,18,19,0,690,386,"0, AVENUE VERGUIN",,,Plein jour,En agglomération,Intersection en T,Normale,Autre collision,,,,,,,,,,,1,2,3,1.0,6.0
201100055921,0011-07-26 12:20:00,11,7,26,12,20,690,383,"0, COURS GAMBETTA",,,Plein jour,En agglomération,Intersection en X,Normale,Deux véhicules - côté,,,,,,,,,,,1,2,2,1.0,3.0
201100055922,0011-08-04 15:10:00,11,8,4,15,10,690,383,"0, AVENUE LACASSAGNE",,,Plein jour,En agglomération,Intersection en T,Normale,Deux véhicules - côté,,,,,,,,,,,1,2,3,1.0,3.0
201100055923,0011-08-05 18:35:00,11,8,5,18,35,690,386,"0, AVENUE MARECHAL FOCH",,,Plein jour,En agglomération,Intersection en T,Normale,Deux véhicules - arrière,,,,,,,,,,,1,2,3,1.0,2.0
201100055924,0011-08-06 08:55:00,11,8,6,8,55,690,383,"0, RUE DE LA VILLETTE",,,Plein jour,En agglomération,Intersection en X,Normale,Deux véhicules - côté,,,,,,,,,,,1,2,2,1.0,3.0
201100055925,0011-08-09 09:20:00,11,8,9,9,20,690,386,"50, RUE DE SEZE",,,Plein jour,En agglomération,Hors intersection,Normale,Deux véhicules - côté,,,,,,,,,,,1,2,1,1.0,3.0
201100055926,0011-08-18 10:40:00,11,8,18,10,40,690,386,"0, COURS LAFAYETTE",,,Plein jour,En agglomération,Intersection en X,Normale,Autre collision,,,,,,,,,,,1,2,2,1.0,6.0
201100055927,0011-08-22 16:10:00,11,8,22,16,10,690,386,"0, AVENUE DE GRANDE BRET",,,Plein jour,En agglomération,Intersection en X,Normale,Deux véhicules - frontale,,,,,,,,,,,1,2,2,1.0,1.0
201100055928,0011-08-25 11:00:00,11,8,25,11,0,690,383,"25, COURS DOCTEUR LONG",,,Plein jour,En agglomération,Hors intersection,Normale,Autre collision,,,,,,,,,,,1,2,1,1.0,6.0
201100055929,0011-08-26 20:35:00,11,8,26,20,35,690,386,"0, RUE CUVIER",,,Nuit avec éclairage allumé,En agglomération,Intersection en X,Pluie légère,Deux véhicules - côté,,,,,,,,,,,5,2,2,2.0,3.0
201100055930,0011-08-28 00:35:00,11,8,28,0,35,690,383,"0, RUE CHAPONNAY",,,Nuit avec éclairage allumé,En agglomération,Intersection à plus de 4 branches,Normale,Deux véhicules - côté,,,,,,,,,,,5,2,5,1.0,3.0
201100055931,0011-08-29 15:45:00,11,8,29,15,45,690,386,"23, COURS FRANKLIN ROOSE",,,Plein jour,En agglomération,Hors intersection,Normale,Autre collision,,,,,,,,,,,1,2,1,1.0,6.0
201100055932,0011-08-29 17:00:00,11,8,29,17,0,690,383,"113, COURS RICHARD VITTO",,,Plein jour,En agglomération,Hors intersection,Normale,Deux véhicules - arrière,,,,,,,,,,,1,2,1,1.0,2.0
201100055933,0011-08-30 18:00:00,11,8,30,18,0,690,383,"0, RUE DU DAUPHINE",,,Plein jour,En agglomération,Intersection en Y,Normale,Deux véhicules - côté,,,,,,,,,,,1,2,4,1.0,3.0
201100055934,0011-09-01 07:40:00,11,9,1,7,40,690,386,"0, COURS VITTON",,,Plein jour,En agglomération,Intersection en X,Normale,Autre collision,,,,,,,,,,,1,2,2,1.0,6.0
201100055935,0011-08-29 19:00:00,11,8,29,19,0,690,383,"101, COURS GAMBETTA",,,Plein jour,En agglomération,Hors intersection,Normale,Autre collision,,,,,,,,,,,1,2,1,1.0,6.0
201100055936,0011-08-29 09:15:00,11,8,29,9,15,690,386,"110, BOULEVARD DES BELGE",,,Plein jour,En agglomération,Hors intersection,Normale,Deux véhicules - côté,,,,,,,,,,,1,2,1,1.0,3.0
201100055937,0011-09-05 06:10:00,11,9,5,6,10,690,383,"0, COURS LAFAYETTE",,,Nuit avec éclairage allumé,En agglomération,Intersection en X,Temps couvert,Deux véhicules - arrière,,,,,,,,,,,5,2,2,8.0,2.0
201100055938,0011-08-28 16:55:00,11,8,28,16,55,690,383,"6, COURS GAMBETTA",,,Plein jour,En agglomération,Hors intersection,Normale,Trois véhicules et plus - collisions multiples,,,,,,,,,,,1,2,1,1.0,5.0
201100055939,0011-09-09 17:45:00,11,9,9,17,45,690,383,"0, AVENUE FELIX FAURE",,,Plein jour,En agglomération,Intersection en X,Normale,Deux véhicules - frontale,,,,,,,,,,,1,2,2,1.0,1.0
201100055940,0011-09-10 01:20:00,11,9,10,1,20,690,383,"15, QUAI VICTOR AUGAGNEU",,,Nuit avec éclairage allumé,En agglomération,Hors intersection,Normale,Deux véhicules - arrière,,,,,,,,,,,5,2,1,1.0,2.0
201100055941,0011-09-10 20:15:00,11,9,10,20,15,690,386,"0, COURS FRANKLIN ROOSEV",,,Nuit avec éclairage allumé,En agglomération,Intersection en X,Normale,Deux véhicules - côté,,,,,,,,,,,5,2,2,1.0,3.0
201100055942,0011-09-12 09:00:00,11,9,12,9,0,690,386,"155, BOULEVARD STALINGRA",,,Plein jour,En agglomération,Hors intersection,Normale,Autre collision,,,,,,,,,,,1,2,1,1.0,6.0
201100055943,0011-09-12 19:00:00,11,9,12,19,0,690,386,"13, AVENUE MARECHAL DE S",,,Plein jour,En agglomération,Hors intersection,Normale,Autre collision,,,,,,,,,,,1,2,1,1.0,6.0
201100055944,0011-09-13 14:00:00,11,9,13,14,0,690,383,"152, COURS GAMBETTA",,,Plein jour,En agglomération,Hors intersection,Normale,Deux véhicules - arrière,,,,,,,,,,,1,2,1,1.0,2.0
201100055945,0011-09-14 18:25:00,11,9,14,18,25,690,383,"5, COURS ALBERT THOMAS",,,Plein jour,En agglomération,Hors intersection,Normale,Deux véhicules - côté,,,,,,,,,,,1,2,1,1.0,3.0
201100055946,0011-09-15 08:10:00,11,9,15,8,10,690,383,"12, AVENUE ROCKEFELLER",,,Plein jour,Hors agglomération,Hors intersection,Normale,Deux véhicules - côté,,,,,,,,,,,1,1,1,1.0,3.0
201100055947,0011-09-16 08:50:00,11,9,16,8,50,690,383,"0, AVENUE LACASSAGNE",,,Plein jour,En agglomération,Intersection en T,Normale,Deux véhicules - côté,,,,,,,,,,,1,2,3,1.0,3.0
201100055948,0011-09-20 11:00:00,11,9,20,11,0,690,383,"149, AVENUE FELIX FAURE",,,Plein jour,En agglomération,Hors intersection,Normale,Sans collision,,,,,,,,,,,1,2,1,1.0,7.0
201100055949,0011-09-21 16:10:00,11,9,21,16,10,690,383,"0, COURS GAMBETTA",,,Plein jour,En agglomération,Intersection en X,Normale,Deux véhicules - côté,,,,,,,,,,,1,2,2,1.0,3.0
201100055950,0011-09-17 00:05:00,11,9,17,0,5,690,383,"14, AVENUE LACASSAGNE",,,Nuit avec éclairage allumé,En agglomération,Hors intersection,Normale,Deux véhicules - côté,,,,,,,,,,,5,2,1,1.0,3.0
201100055951,0011-09-21 13:30:00,11,9,21,13,30,690,383,"0, RUE LEON JOUHAUX",,,Plein jour,En agglomération,Intersection en X,Normale,Autre collision,,,,,,,,,,,1,2,2,1.0,6.0
201100055952,0011-09-22 11:00:00,11,9,22,11,0,690,386,"0, BOULEVARD ANATOLE FRA",,,Plein jour,En agglomération,Intersection en T,Normale,Deux véhicules - côté,,,,,,,,,,,1,2,3,1.0,3.0
201100055953,0011-09-23 18:45:00,11,9,23,18,45,690,386,"0, RUE SULLY",,,Crépuscule ou aube,En agglomération,Intersection en X,Normale,Deux véhicules - côté,,,,,,,,,,,2,2,2,1.0,3.0
201100055954,0011-09-24 08:50:00,11,9,24,8,50,690,383,"0, RUE DES RANCY",,,Plein jour,En agglomération,Intersection en X,Normale,Deux véhicules - côté,,,,,,,,,,,1,2,2,1.0,3.0
201100055955,0011-09-27 13:40:00,11,9,27,13,40,690,386,"0, BOULEVARD DES BELGES",,,Plein jour,En agglomération,Intersection en Y,Normale,Deux véhicules - côté,,,,,,,,,,,1,2,4,1.0,3.0
201100055956,0011-09-28 12:30:00,11,9,28,12,30,690,386,"0, RUE VENDOME",,,Plein jour,En agglomération,Intersection en X,Normale,Autre collision,,,,,,,,,,,1,2,2,1.0,6.0
201100055957,0011-09-28 19:30:00,11,9,28,19,30,690,383,"17, RUE LOUIS JASSERON",,,Crépuscule ou aube,En agglomération,Intersection en X,Normale,Autre collision,,,,,,,,,,,2,2,2,1.0,6.0
201100055958,0011-09-28 22:30:00,11,9,28,22,30,690,383,"0, RUE ANDRE PHILIP",,,Nuit avec éclairage allumé,En agglomération,Intersection en X,Normale,Deux véhicules - côté,,,,,,,,,,,5,2,2,1.0,3.0
201100055959,0011-09-29 15:40:00,11,9,29,15,40,690,383,"0, RUE VIALA",,,Plein jour,En agglomération,Hors intersection,Normale,Deux véhicules - côté,,,,,,,,,,,1,2,1,1.0,3.0
201100055960,0011-09-14 21:25:00,11,9,14,21,25,690,386,"0, RUE BARABAN",,,Nuit avec éclairage allumé,En agglomération,Intersection en X,Normale,Autre collision,,,,,,,,,,,5,2,2,1.0,6.0
201100055961,0011-09-30 16:40:00,11,9,30,16,40,690,386,"188, COURS LAFAYETTE",,,Plein jour,En agglomération,Intersection en X,Normale,Autre collision,,,,,,,,,,,1,2,2,1.0,6.0
201100055962,0011-09-30 16:50:00,11,9,30,16,50,690,386,"38, BOULEVARD DES BROTTE",,,Plein jour,En agglomération,Hors intersection,Normale,Autre collision,,,,,,,,,,,1,2,1,1.0,6.0
201100055963,0011-10-03 08:00:00,11,10,3,8,0,690,386,"0, RUE BOSSUET",,,Plein jour,En agglomération,Intersection en X,Normale,Deux véhicules - arrière,,,,,,,,,,,1,2,2,1.0,2.0
201100055964,0011-09-27 14:45:00,11,9,27,14,45,690,383,"31 BIS, RUE VIALA",,,Plein jour,En agglomération,Hors intersection,Normale,Deux véhicules - côté,,,,,,,,,,,1,2,1,1.0,3.0