accident_id,datetime,annee,mois,jour,heure,minute,departement,commune_insee,adresse,latitude,longitude,luminosite,agglomeration,intersection,meteo,collision,nb_vehicules,nb_usagers,nb_indemnes,nb_tues,nb_blesses_hosp,nb_blesses_legers,age_cond_1,age_cond_2,veh_type_cond_1,veh_type_cond_2,lum_code,agg_code,int_code,atm_code,col_code
201100056091,0011-02-04 10:45:00,11,2,4,10,45,330,550,ROCADE A 630,,,Plein jour,Hors agglomération,Hors intersection,Temps couvert,Deux véhicules - arrière,,,,,,,,,,,1,1,1,8.0,2.0
201100056092,0011-02-04 20:15:00,11,2,4,20,15,330,167,ROUTE NATIONALE 230,,,Nuit avec éclairage allumé,Hors agglomération,Hors intersection,Normale,Deux véhicules - côté,,,,,,,,,,,5,1,1,1.0,3.0
201100056093,0011-02-04 22:50:00,11,2,4,22,50,330,143,AUTOROUTE A 10,,,Nuit sans éclairage public,Hors agglomération,Hors intersection,Normale,Trois véhicules et plus - collisions multiples,,,,,,,,,,,3,1,1,1.0,5.0
201100056094,0011-02-07 08:30:00,11,2,7,8,30,330,281,ROCADE A 630,,,Plein jour,Hors agglomération,Hors intersection,Normale,Deux véhicules - côté,,,,,,,,,,,1,1,1,1.0,3.0
201100056095,0011-02-09 12:25:00,11,2,9,12,25,330,162,ROCADE A 630,,,Plein jour,Hors agglomération,Hors intersection,Normale,Trois véhicules et plus - en chaîne,,,,,,,,,,,1,1,1,1.0,4.0
201100056096,0011-02-10 08:00:00,11,2,10,8,0,330,119,ROUTE NATIONALE 230,,,Plein jour,Hors agglomération,Hors intersection,Normale,Deux véhicules - arrière,,,,,,,,,,,1,1,1,1.0,2.0
201100056097,0011-02-10 23:25:00,11,2,10,23,25,330,550,ROCADE A 630,,,Nuit avec éclairage allumé,Hors agglomération,Hors intersection,Normale,Deux véhicules - côté,,,,,,,,,,,5,1,1,1.0,3.0
201100056098,0011-02-15 18:10:00,11,2,15,18,10,330,75,ROCADE A 630,,,Plein jour,Hors agglomération,Hors intersection,Pluie légère,Trois véhicules et plus - collisions multiples,,,,,,,,,,,1,1,1,2.0,5.0
201100056099,0011-02-19 21:30:00,11,2,19,21,30,330,281,ROCADE A 630,,,Nuit avec éclairage allumé,Hors agglomération,Hors intersection,Normale,Deux véhicules - arrière,,,,,,,,,,,5,1,1,1.0,2.0
201100056100,0011-02-20 18:05:00,11,2,20,18,5,330,550,AUTOROUTE A 62,,,Plein jour,Hors agglomération,Hors intersection,Normale,Trois véhicules et plus - en chaîne,,,,,,,,,,,1,1,1,1.0,4.0
201100056101,0011-02-22 14:25:00,11,2,22,14,25,330,75,ROCADE A 630,,,Plein jour,Hors agglomération,Hors intersection,Pluie légère,Deux véhicules - arrière,,,,,,,,,,,1,1,1,2.0,2.0
201100056102,0011-02-23 07:35:00,11,2,23,7,35,330,318,ROCADE A 630,,,Crépuscule ou aube,Hors agglomération,Hors intersection,Normale,Deux véhicules - côté,,,,,,,,,,,2,1,1,1.0,3.0
201100056103,0011-02-23 22:55:00,11,2,23,22,55,330,366,AUTOROUTE A 10,,,Nuit sans éclairage public,Hors agglomération,Hors intersection,Pluie légère,Deux véhicules - arrière,,,,,,,,,,,3,1,1,2.0,2.0
201100056104,0011-03-04 07:55:00,11,3,4,7,55,330,318,ROCADE A 630,,,Plein jour,Hors agglomération,Hors intersection,Normale,Deux véhicules - arrière,,,,,,,,,,,1,1,1,1.0,2.0
201100056105,0011-03-04 18:10:00,11,3,4,18,10,330,281,ROCADE A 630,,,Plein jour,Hors agglomération,Hors intersection,Normale,Deux véhicules - arrière,,,,,,,,,,,1,1,1,1.0,2.0
201100056106,0011-03-05 19:10:00,11,3,5,19,10,330,96,AUTOROUTE A 10,,,Plein jour,Hors agglomération,Hors intersection,Normale,Sans collision,,,,,,,,,,,1,1,1,1.0,7.0
201100056107,0011-03-05 23:20:00,11,3,5,23,20,330,119,ROUTE NATIONALE 230,,,Nuit avec éclairage allumé,Hors agglomération,Hors intersection,Normale,Deux véhicules - arrière,,,,,,,,,,,5,1,1,1.0,2.0
201100056108,0011-03-06 01:35:00,11,3,6,1,35,330,90,AUTOROUTE A 63,,,Nuit avec éclairage allumé,Hors agglomération,Hors intersection,Normale,Deux véhicules - arrière,,,,,,,,,,,5,1,1,1.0,2.0
201100056109,0011-03-09 06:25:00,11,3,9,6,25,330,550,ROCADE A 630,,,Nuit avec éclairage allumé,Hors agglomération,Hors intersection,Normale,Deux véhicules - côté,,,,,,,,,,,5,1,1,1.0,3.0
201100056110,0011-03-10 08:30:00,11,3,10,8,30,330,162,ROCADE A 630,,,Plein jour,Hors agglomération,Hors intersection,Normale,Deux véhicules - côté,,,,,,,,,,,1,1,1,1.0,3.0
201100056111,0011-03-11 09:00:00,11,3,11,9,0,330,80,AUTOROUTE A 62,,,Plein jour,Hors agglomération,Hors intersection,Normale,Trois véhicules et plus - en chaîne,,,,,,,,,,,1,1,1,1.0,4.0
201100056112,0011-03-11 09:15:00,11,3,11,9,15,330,448,AUTOROUTE A 62,,,Plein jour,Hors agglomération,Hors intersection,Normale,Deux véhicules - arrière,,,,,,,,,,,1,1,1,1.0,2.0
201100056113,0011-03-11 19:50:00,11,3,11,19,50,330,80,AUTOROUTE A 62,,,Nuit sans éclairage public,Hors agglomération,Hors intersection,Normale,Trois véhicules et plus - collisions multiples,,,,,,,,,,,3,1,1,1.0,5.0
201100056114,0011-03-11 22:00:00,11,3,11,22,0,330,80,AUTOROUTE A 62,,,Nuit sans éclairage public,Hors agglomération,Hors intersection,Normale,Autre collision,,,,,,,,,,,3,1,1,1.0,6.0
201100056115,0011-03-14 16:30:00,11,3,14,16,30,330,167,ROUTE NATIONALE 230,,,Plein jour,Hors agglomération,Hors intersection,Normale,Trois véhicules et plus - collisions multiples,,,,,,,,,,,1,1,1,1.0,5.0
201100056116,0011-03-15 15:35:00,11,3,15,15,35,330,550,ROCADE A 630,,,Plein jour,Hors agglomération,Hors intersection,Normale,Deux véhicules - côté,,,,,,,,,,,1,1,1,1.0,3.0
201100056117,0011-03-21 06:55:00,11,3,21,6,55,330,90,AUTOROUTE A 63,,,Nuit sans éclairage public,Hors agglomération,Hors intersection,Normale,Autre collision,,,,,,,,,,,3,1,1,1.0,6.0
201100056118,0011-03-21 10:20:00,11,3,21,10,20,330,192,ROCADE A 630,,,Plein jour,Hors agglomération,Hors intersection,Normale,Deux véhicules - arrière,,,,,,,,,,,1,1,1,1.0,2.0
201100056119,0011-03-21 11:30:00,11,3,21,11,30,330,63,ROCADE A 630,,,Plein jour,Hors agglomération,Hors intersection,Normale,Deux véhicules - côté,,,,,,,,,,,1,1,1,1.0,3.0
201100056120,0011-03-28 17:55:00,11,3,28,17,55,330,192,ROCADE A 630,,,Plein jour,Hors agglomération,Hors intersection,Normale,Deux véhicules - arrière,,,,,,,,,,,1,1,1,1.0,2.0
201100056121,0011-03-31 09:15:00,11,3,31,9,15,330,39,ROCADE A 631,,,Plein jour,Hors agglomération,Hors intersection,Pluie légère,Deux véhicules - côté,,,,,,,,,,,1,1,1,2.0,3.0
201100056122,0011-04-03 21:35:00,11,4,3,21,35,330,318,ROCADE A 630,,,Nuit avec éclairage allumé,Hors agglomération,Hors intersection,Normale,Trois véhicules et plus - collisions multiples,,,,,,,,,,,5,1,1,1.0,5.0
201100056123,0011-04-04 16:10:00,11,4,4,16,10,330,90,AUTOROUTE A 63,,,Plein jour,Hors agglomération,Hors intersection,Normale,Trois véhicules et plus - en chaîne,,,,,,,,,,,1,1,1,1.0,4.0
201100056124,0011-04-06 19:40:00,11,4,6,19,40,330,39,ROCADE A 630,,,Plein jour,Hors agglomération,Hors intersection,Normale,Deux véhicules - côté,,,,,,,,,,,1,1,1,1.0,3.0
201100056125,0011-04-06 20:20:00,11,4,6,20,20,330,281,ROCADE A 630,,,Plein jour,Hors agglomération,Hors intersection,Normale,Sans collision,,,,,,,,,,,1,1,1,1.0,7.0
201100056126,0011-04-07 08:05:00,11,4,7,8,5,330,162,ROCADE A 630,,,Plein jour,Hors agglomération,Hors intersection,Normale,Trois véhicules et plus - collisions multiples,,,,,,,,,,,1,1,1,1.0,5.0
201100056127,0011-04-07 16:25:00,11,4,7,16,25,330,39,ROCADE A 630,,,Plein jour,Hors agglomération,Hors intersection,Normale,Deux véhicules - arrière,,,,,,,,,,,1,1,1,1.0,2.0
201100056128,0011-04-07 18:50:00,11,4,7,18,50,330,162,ROCADE A 630,,,Plein jour,Hors agglomération,Hors intersection,Normale,Deux véhicules - arrière,,,,,,,,,,,1,1,1,1.0,2.0
201100056129,0011-04-08 03:45:00,11,4,8,3,45,330,249,ROUTE NATIONALE 230,,,Nuit avec éclairage allumé,Hors agglomération,Hors intersection,Normale,Trois véhicules et plus - collisions multiples,,,,,,,,,,,5,1,1,1.0,5.0
201100056130,0011-04-08 18:00:00,11,4,8,18,0,330,162,ROCADE A 630,,,Plein jour,Hors agglomération,Hors intersection,Normale,Sans collision,,,,,,,,,,,1,1,1,1.0,7.0
201100056131,0011-04-12 13:55:00,11,4,12,13,55,330,39,ROCADE A 630,,,Plein jour,Hors agglomération,Hors intersection,Normale,Trois véhicules et plus - collisions multiples,,,,,,,,,,,1,1,1,1.0,5.0
201100056132,0011-04-15 05:15:00,11,4,15,5,15,330,75,ROCADE A 630,,,Nuit avec éclairage allumé,Hors agglomération,Hors intersection,Normale,Autre collision,,,,,,,,,,,5,1,1,1.0,6.0
201100056133,0011-04-16 12:25:00,11,4,16,12,25,330,397,AUTOROUTE A 10,,,Plein jour,Hors agglomération,Hors intersection,Normale,Trois véhicules et plus - en chaîne,,,,,,,,,,,1,1,1,1.0,4.0
201100056134,0011-04-17 19:35:00,11,4,17,19,35,330,281,ROCADE A 630,,,Plein jour,Hors agglomération,Hors intersection,Normale,Autre collision,,,,,,,,,,,1,1,1,1.0,6.0
201100056135,0011-04-22 18:50:00,11,4,22,18,50,330,487,AUTOROUTE A 10,,,Plein jour,Hors agglomération,Hors intersection,Normale,Deux véhicules - arrière,,,,,,,,,,,1,1,1,1.0,2.0
201100056136,0011-04-25 01:10:00,11,4,25,1,10,330,249,ROUTE NATIONALE 230,,,Nuit avec éclairage allumé,Hors agglomération,Hors intersection,Normale,Sans collision,,,,,,,,,,,5,1,1,1.0,7.0
201100056137,0011-04-26 14:55:00,11,4,26,14,55,330,550,ROCADE A 630,,,Plein jour,Hors agglomération,Hors intersection,Normale,Trois véhicules et plus - collisions multiples,,,,,,,,,,,1,1,1,1.0,5.0
201100056138,0011-04-27 20:05:00,11,4,27,20,5,330,65,ROUTE NATIONALE 230,,,Plein jour,Hors agglomération,Hors intersection,Pluie légère,Sans collision,,,,,,,,,,,1,1,1,2.0,7.0
201100056139,0011-05-01 06:55:00,11,5,1,6,55,330,550,AUTOROUTE A 62,,,Nuit avec éclairage allumé,Hors agglomération,Hors intersection,Pluie légère,Sans collision,,,,,,,,,,,5,1,1,2.0,7.0
201100056140,0011-05-04 13:00:00,11,5,4,13,0,330,162,ROCADE A 630,,,Plein jour,Hors agglomération,Hors intersection,Normale,Deux véhicules - arrière,,,,,,,,,,,1,1,1,1.0,2.0
201100056141,0011-05-05 18:50:00,11,5,5,18,50,330,249,ROUTE NATIONALE 230,,,Plein jour,Hors agglomération,Hors intersection,Normale,Deux véhicules - arrière,,,,,,,,,,,1,1,1,1.0,2.0
201100056142,0011-05-06 18:15:00,11,5,6,18,15,330,39,ROUTE NATIONALE 230,,,Plein jour,Hors agglomération,Hors intersection,Normale,Trois véhicules et plus - collisions multiples,,,,,,,,,,,1,1,1,1.0,5.0
201100056143,0011-05-08 02:35:00,11,5,8,2,35,330,167,ROUTE NATIONALE 230,,,Nuit avec éclairage allumé,Hors agglomération,Hors intersection,Normale,Autre collision,,,,,,,,,,,5,1,1,1.0,6.0
201100056144,0011-05-09 08:00:00,11,5,9,8,0,330,192,ROCADE A 630,,,Plein jour,Hors agglomération,Hors intersection,Normale,Trois véhicules et plus - collisions multiples,,,,,,,,,,,1,1,1,1.0,5.0
201100056145,0011-05-09 09:00:00,11,5,9,9,0,330,249,ROCADE A 630,,,Plein jour,Hors agglomération,Hors intersection,Normale,Trois véhicules et plus - en chaîne,,,,,,,,,,,1,1,1,1.0,4.0
201100056146,0011-05-09 22:15:00,11,5,9,22,15,330,119,ROUTE NATIONALE 230,,,Nuit avec éclairage allumé,Hors agglomération,Hors intersection,Normale,Trois véhicules et plus - collisions multiples,,,,,,,,,,,5,1,1,1.0,5.0
201100056147,0011-05-10 06:30:00,11,5,10,6,30,330,366,AUTOROUTE A 10,,,Nuit sans éclairage public,Hors agglomération,Hors intersection,Normale,Deux véhicules - arrière,,,,,,,,,,,3,1,1,1.0,2.0
201100056148,0011-05-10 22:30:00,11,5,10,22,30,330,75,ROCADE A 630,,,Nuit avec éclairage allumé,Hors agglomération,Hors intersection,Normale,Sans collision,,,,,,,,,,,5,1,1,1.0,7.0
201100056149,0011-05-12 21:35:00,11,5,12,21,35,330,65,ROUTE NATIONALE 230,,,Nuit avec éclairage allumé,Hors agglomération,Hors intersection,Normale,Deux véhicules - arrière,,,,,,,,,,,5,1,1,1.0,2.0
201100056150,0011-05-13 11:05:00,11,5,13,11,5,330,167,ROUTE NATIONALE 230,,,Plein jour,Hors agglomération,Hors intersection,Normale,Trois véhicules et plus - collisions multiples,,,,,,,,,,,1,1,1,1.0,5.0
201100056151,0011-05-14 16:35:00,11,5,14,16,35,330,143,AUTOROUTE A 10,,,Plein jour,Hors agglomération,Hors intersection,Normale,Sans collision,,,,,,,,,,,1,1,1,1.0,7.0
201100056152,0011-05-16 07:50:00,11,5,16,7,50,330,162,ROCADE A 630,,,Plein jour,Hors agglomération,Hors intersection,Normale,Trois véhicules et plus - en chaîne,,,,,,,,,,,1,1,1,1.0,4.0
201100056153,0011-05-16 08:20:00,11,5,16,8,20,330,397,AUTOROUTE A 10,,,Plein jour,Hors agglomération,Hors intersection,Normale,Deux véhicules - arrière,,,,,,,,,,,1,1,1,1.0,2.0
201100056154,0011-05-17 08:45:00,11,5,17,8,45,330,318,ROCADE A 630,,,Plein jour,Hors agglomération,Hors intersection,Normale,Deux véhicules - côté,,,,,,,,,,,1,1,1,1.0,3.0
201100056155,0011-05-18 07:35:00,11,5,18,7,35,330,167,ROUTE NATIONALE 230,,,Plein jour,Hors agglomération,Hors intersection,Normale,Autre collision,,,,,,,,,,,1,1,1,1.0,6.0
201100056156,0011-05-18 07:45:00,11,5,18,7,45,330,75,ROCADE A 630,,,Plein jour,Hors agglomération,Hors intersection,Normale,Trois véhicules et plus - collisions multiples,,,,,,,,,,,1,1,1,1.0,5.0
201100056157,0011-05-21 16:25:00,11,5,21,16,25,330,167,ROUTE NATIONALE 230,,,Plein jour,Hors agglomération,Hors intersection,Normale,Deux véhicules - côté,,,,,,,,,,,1,1,1,1.0,3.0
201100056158,0011-05-25 08:00:00,11,5,25,8,0,330,318,ROCADE A 630,,,Plein jour,Hors agglomération,Hors intersection,Normale,Deux véhicules - côté,,,,,,,,,,,1,1,1,1.0,3.0
201100056159,0011-05-25 10:40:00,11,5,25,10,40,330,39,ROCADE A 630,,,Plein jour,Hors agglomération,Hors intersection,Normale,Deux véhicules - arrière,,,,,,,,,,,1,1,1,1.0,2.0
201100056160,0011-05-26 08:10:00,11,5,26,8,10,330,550,ROCADE A 630,,,Plein jour,Hors agglomération,Hors intersection,Normale,Deux véhicules - arrière,,,,,,,,,,,1,1,1,1.0,2.0
201100056161,0011-05-29 03:40:00,11,5,29,3,40,330,550,ROCADE A 630,,,Nuit avec éclairage allumé,Hors agglomération,Hors intersection,Normale,Sans collision,,,,,,,,,,,5,1,1,1.0,7.0
201100056162,0011-05-30 09:25:00,11,5,30,9,25,330,39,ROUTE NATIONALE 230,,,Plein jour,Hors agglomération,Hors intersection,Normale,Deux véhicules - côté,,,,,,,,,,,1,1,1,1.0,3.0
201100056163,0011-06-01 13:20:00,11,6,1,13,20,330,119,ROUTE NATIONALE 230,,,Plein jour,Hors agglomération,Hors intersection,Normale,Deux véhicules - côté,,,,,,,,,,,1,1,1,1.0,3.0
201100056164,0011-06-03 14:45:00,11,6,3,14,45,330,249,ROUTE NATIONALE 230,,,Plein jour,Hors agglomération,Hors intersection,Normale,Trois véhicules et plus - en chaîne,,,,,,,,,,,1,1,1,1.0,4.0
201100056165,0011-06-06 08:45:00,11,6,6,8,45,330,281,ROCADE A 630,,,Plein jour,Hors agglomération,Hors intersection,Normale,Deux véhicules - côté,,,,,,,,,,,1,1,1,1.0,3.0
201100056166,0011-06-06 18:05:00,11,6,6,18,5,330,63,ROCADE A 630,,,Plein jour,Hors agglomération,Hors intersection,Normale,Trois véhicules et plus - en chaîne,,,,,,,,,,,1,1,1,1.0,4.0
201100056167,0011-06-08 04:50:00,11,6,8,4,50,330,397,AUTOROUTE A 10,,,Nuit avec éclairage allumé,Hors agglomération,Hors intersection,Normale,Deux véhicules - côté,,,,,,,,,,,5,1,1,1.0,3.0
201100056168,0011-06-10 07:30:00,11,6,10,7,30,330,550,AUTOROUTE A 62,,,Plein jour,Hors agglomération,Hors intersection,Normale,Sans collision,,,,,,,,,,,1,1,1,1.0,7.0
201100056169,0011-06-12 13:40:00,11,6,12,13,40,330,487,AUTOROUTE A 10,,,Plein jour,Hors agglomération,Hors intersection,Normale,Autre collision,,,,,,,,,,,1,1,1,1.0,6.0
201100056170,0011-06-14 07:40:00,11,6,14,7,40,330,162,ROCADE A 630,,,Plein jour,Hors agglomération,Hors intersection,Normale,Deux véhicules - côté,,,,,,,,,,,1,1,1,1.0,3.0
201100056171,0011-06-14 19:20:00,11,6,14,19,20,330,122,AUTOROUTE A 63,,,Plein jour,Hors agglomération,Hors intersection,Normale,Trois véhicules et plus - en chaîne,,,,,,,,,,,1,1,1,1.0,4.0
201100056172,0011-06-15 07:15:00,11,6,15,7,15,330,281,ROCADE A 630,,,Nuit avec éclairage allumé,Hors agglomération,Hors intersection,Normale,Deux véhicules - arrière,,,,,,,,,,,5,1,1,1.0,2.0
201100056173,0011-06-15 10:30:00,11,6,15,10,30,330,192,AUTOROUTE A 63,,,Plein jour,Hors agglomération,Hors intersection,Normale,Deux véhicules - côté,,,,,,,,,,,1,1,1,1.0,3.0
201100056174,0011-06-24 17:30:00,11,6,24,17,30,330,281,ROCADE A 630,,,Plein jour,Hors agglomération,Hors intersection,Normale,Deux véhicules - arrière,,,,,,,,,,,1,1,1,1.0,2.0
201100056175,0011-06-30 07:45:00,11,6,30,7,45,330,3,AUTOROUTE A 10,,,Plein jour,Hors agglomération,Hors intersection,Normale,Deux véhicules - arrière,,,,,,,,,,,1,1,1,1.0,2.0
201100056176,0011-07-02 05:50:00,11,7,2,5,50,330,318,ROCADE A 630,,,Nuit avec éclairage allumé,Hors agglomération,Hors intersection,Normale,Autre collision,,,,,,,,,,,5,1,1,1.0,6.0
201100056177,0011-07-03 04:15:00,11,7,3,4,15,330,90,AUTOROUTE A 63,,,Nuit sans éclairage public,Hors agglomération,Hors intersection,Normale,Deux véhicules - arrière,,,,,,,,,,,3,1,1,1.0,2.0
201100056178,0011-07-04 00:30:00,11,7,4,0,30,330,249,ROCADE A 630,,,Nuit avec éclairage allumé,Hors agglomération,Hors intersection,Normale,Deux véhicules - arrière,,,,,,,,,,,5,1,1,1.0,2.0
201100056179,0011-07-05 08:40:00,11,7,5,8,40,330,75,ROCADE A 630,,,Plein jour,Hors agglomération,Hors intersection,Normale,Deux véhicules - arrière,,,,,,,,,,,1,1,1,1.0,2.0
201100056180,0011-07-08 17:20:00,11,7,8,17,20,330,550,ROCADE A 630,,,Plein jour,Hors agglomération,Hors intersection,Normale,Deux véhicules - arrière,,,,,,,,,,,1,1,1,1.0,2.0
201100056181,0011-07-09 02:15:00,11,7,9,2,15,330,39,ROCADE A 630,,,Nuit avec éclairage allumé,Hors agglomération,Hors intersection,Normale,Autre collision,,,,,,,,,,,5,1,1,1.0,6.0
201100056182,0011-07-10 15:45:00,11,7,10,15,45,330,249,ROCADE A 630,,,Plein jour,Hors agglomération,Hors intersection,Normale,Autre collision,,,,,,,,,,,1,1,1,1.0,6.0
201100056183,0011-07-13 22:10:00,11,7,13,22,10,330,249,ROCADE A 630,,,Nuit avec éclairage allumé,Hors agglomération,Hors intersection,Normale,Autre collision,,,,,,,,,,,5,1,1,1.0,6.0
201100056184,0011-07-20 22:15:00,11,7,20,22,15,330,23,AUTOROUTE A 62,,,Nuit sans éclairage public,Hors agglomération,Hors intersection,Normale,Deux véhicules - arrière,,,,,,,,,,,3,1,1,1.0,2.0
201100056185,0011-07-15 23:30:00,11,7,15,23,30,330,249,ROCADE A 630,,,Nuit avec éclairage allumé,Hors agglomération,Hors intersection,Normale,Deux véhicules - arrière,,,,,,,,,,,5,1,1,1.0,2.0
201100056186,0011-07-17 17:25:00,11,7,17,17,25,330,281,ROCADE A 630,,,Plein jour,Hors agglomération,Hors intersection,Normale,Autre collision,,,,,,,,,,,1,1,1,1.0,6.0
201100056187,0011-07-20 13:10:00,11,7,20,13,10,330,162,ROCADE A 630,,,Plein jour,Hors agglomération,Hors intersection,Normale,Autre collision,,,,,,,,,,,1,1,1,1.0,6.0
201100056188,0011-07-22 15:15:00,11,7,22,15,15,330,63,ROCADE A 630,,,Plein jour,Hors agglomération,Hors intersection,Pluie légère,Autre collision,,,,,,,,,,,1,1,1,2.0,6.0
201100056189,0011-07-20 17:40:00,11,7,20,17,40,330,192,ROCADE A 630,,,Plein jour,Hors agglomération,Hors intersection,Pluie légère,Autre collision,,,,,,,,,,,1,1,1,2.0,6.0
201100056190,0011-07-23 20:00:00,11,7,23,20,0,330,162,ROCADE A 630,,,Plein jour,Hors agglomération,Hors intersection,Normale,Deux véhicules - côté,,,,,,,,,,,1,1,1,1.0,3.0
201100056191,0011-07-25 08:10:00,11,7,25,8,10,330,318,ROCADE A 630,,,Plein jour,Hors agglomération,Hors intersection,Pluie forte,Autre collision,,,,,,,,,,,1,1,1,3.0,6.0
201100056192,0011-07-25 13:05:00,11,7,25,13,5,330,366,AUTOROUTE A 10,,,Plein jour,Hors agglomération,Hors intersection,Pluie forte,Trois véhicules et plus - collisions multiples,,,,,,,,,,,1,1,1,3.0,5.0
201100056193,0011-07-25 15:00:00,11,7,25,15,0,330,90,AUTOROUTE A 63,,,Plein jour,Hors agglomération,Hors intersection,Pluie légère,Deux véhicules - arrière,,,,,,,,,,,1,1,1,2.0,2.0
201100056194,0011-07-26 18:15:00,11,7,26,18,15,330,318,ROCADE A 630,,,Plein jour,Hors agglomération,Hors intersection,Pluie légère,Deux véhicules - arrière,,,,,,,,,,,1,1,1,2.0,2.0
201100056195,0011-07-27 12:20:00,11,7,27,12,20,330,143,AUTOROUTE A 10,,,Plein jour,Hors agglomération,Hors intersection,Normale,Autre collision,,,,,,,,,,,1,1,1,1.0,6.0
201100056196,0011-07-28 18:05:00,11,7,28,18,5,330,318,AUTOROUTE A 63,,,Plein jour,Hors agglomération,Hors intersection,Normale,Deux véhicules - arrière,,,,,,,,,,,1,1,1,1.0,2.0
201100056197,0011-07-30 00:05:00,11,7,30,0,5,330,96,AUTOROUTE A 10,,,Nuit avec éclairage allumé,Hors agglomération,Hors intersection,Normale,Trois véhicules et plus - en chaîne,,,,,,,,,,,5,1,1,1.0,4.0
201100056198,0011-08-04 20:40:00,11,8,4,20,40,330,3,AUTOROUTE A 10,,,Plein jour,Hors agglomération,Hors intersection,Normale,Trois véhicules et plus - collisions multiples,,,,,,,,,,,1,1,1,1.0,5.0
201100056199,0011-08-08 08:45:00,11,8,8,8,45,330,366,AUTOROUTE A 10,,,Plein jour,Hors agglomération,Hors intersection,Normale,Autre collision,,,,,,,,,,,1,1,1,1.0,6.0
201100056200,0011-08-09 17:25:00,11,8,9,17,25,330,39,ROCADE A 630,,,Plein jour,Hors agglomération,Hors intersection,Normale,Deux véhicules - côté,,,,,,,,,,,1,1,1,1.0,3.0
201100056201,0011-08-15 10:50:00,11,8,15,10,50,330,96,AUTOROUTE A 10,,,Plein jour,Hors agglomération,Hors intersection,Pluie légère,Deux véhicules - arrière,,,,,,,,,,,1,1,1,2.0,2.0
201100056202,0011-08-24 08:00:00,11,8,24,8,0,330,39,ROCADE A 631,,,Plein jour,Hors agglomération,Hors intersection,Pluie légère,Trois véhicules et plus - collisions multiples,,,,,,,,,,,1,1,1,2.0,5.0
201100056203,0011-08-24 09:45:00,11,8,24,9,45,330,318,ROCADE A 630,,,Plein jour,Hors agglomération,Hors intersection,Pluie légère,Deux véhicules - côté,,,,,,,,,,,1,1,1,2.0,3.0
201100056204,0011-08-29 17:30:00,11,8,29,17,30,330,119,ROUTE NATIONALE 230,,,Plein jour,Hors agglomération,Hors intersection,Normale,Trois véhicules et plus - en chaîne,,,,,,,,,,,1,1,1,1.0,4.0
201100056205,0011-09-01 00:35:00,11,9,1,0,35,330,162,ROCADE A 630,,,Nuit avec éclairage non allumé,Hors agglomération,Hors intersection,Normale,Sans collision,,,,,,,,,,,4,1,1,1.0,7.0
201100056206,0011-09-01 08:35:00,11,9,1,8,35,330,122,AUTOROUTE A 63,,,Plein jour,Hors agglomération,Hors intersection,Normale,Deux véhicules - arrière,,,,,,,,,,,1,1,1,1.0,2.0
201100056207,0011-09-01 17:20:00,11,9,1,17,20,330,63,ROCADE A 630,,,Plein jour,Hors agglomération,Hors intersection,Normale,Deux véhicules - arrière,,,,,,,,,,,1,1,1,1.0,2.0
201100056208,0011-09-02 05:45:00,11,9,2,5,45,330,167,ROUTE NATIONALE 230,,,Nuit avec éclairage non allumé,Hors agglomération,Autre intersection,Normale,Autre collision,,,,,,,,,,,4,1,9,1.0,6.0
201100056209,0011-09-07 15:30:00,11,9,7,15,30,330,318,ROCADE A 630,,,Plein jour,Hors agglomération,Hors intersection,Pluie légère,Autre collision,,,,,,,,,,,1,1,1,2.0,6.0
201100056210,0011-09-08 08:20:00,11,9,8,8,20,330,39,ROCADE A 631,,,Plein jour,Hors agglomération,Hors intersection,Pluie légère,Deux véhicules - arrière,,,,,,,,,,,1,1,1,2.0,2.0
201100056211,0011-09-10 10:55:00,11,9,10,10,55,330,249,AUTOROUTE A 10,,,Plein jour,Hors agglomération,Hors intersection,Normale,Trois véhicules et plus - en chaîne,,,,,,,,,,,1,1,1,1.0,4.0
201100056212,0011-09-11 16:32:00,11,9,11,16,32,330,75,ROCADE A 630,,,Plein jour,Hors agglomération,Hors intersection,Normale,Sans collision,,,,,,,,,,,1,1,1,1.0,7.0
201100056213,0011-09-15 17:50:00,11,9,15,17,50,330,318,ROCADE A 630,,,Plein jour,Hors agglomération,Hors intersection,Normale,Deux véhicules - arrière,,,,,,,,,,,1,1,1,1.0,2.0
201100056214,0011-09-16 16:30:00,11,9,16,16,30,330,249,ROCADE A 630,,,Plein jour,Hors agglomération,Hors intersection,Normale,Deux véhicules - arrière,,,,,,,,,,,1,1,1,1.0,2.0
201100056215,0011-09-20 08:20:00,11,9,20,8,20,330,75,ROCADE A 630,,,Plein jour,Hors agglomération,Hors intersection,Normale,Trois véhicules et plus - en chaîne,,,,,,,,,,,1,1,1,1.0,4.0
201100056216,0011-09-20 20:45:00,11,9,20,20,45,330,249,ROUTE NATIONALE 230,,,Crépuscule ou aube,Hors agglomération,Hors intersection,Normale,Deux véhicules - côté,,,,,,,,,,,2,1,1,1.0,3.0
201100056217,0011-09-25 21:15:00,11,9,25,21,15,330,119,ROUTE NATIONALE 230,,,Nuit avec éclairage allumé,Hors agglomération,Hors intersection,Normale,Autre collision,,,,,,,,,,,5,1,1,1.0,6.0