accident_id,datetime,annee,mois,jour,heure,minute,departement,commune_insee,adresse,latitude,longitude,luminosite,agglomeration,intersection,meteo,collision,nb_vehicules,nb_usagers,nb_indemnes,nb_tues,nb_blesses_hosp,nb_blesses_legers,age_cond_1,age_cond_2,veh_type_cond_1,veh_type_cond_2,lum_code,agg_code,int_code,atm_code,col_code
201100056597,0011-05-20 15:35:00,11,5,20,15,35,690,388,"0, RUE PROFESSEUR MARCEL",,,Plein jour,En agglomération,Intersection à plus de 4 branches,Normale,Deux véhicules - côté,,,,,,,,,,,1,2,5,1.0,3.0
201100056598,0011-06-03 14:45:00,11,6,3,14,45,690,388,"290, ROUTE DE VIENNE",,,Plein jour,En agglomération,Hors intersection,Normale,Trois véhicules et plus - en chaîne,,,,,,,,,,,1,2,1,1.0,4.0
201100056599,0011-06-20 20:00:00,11,6,20,20,0,690,388,"0, COURS ALBERT THOMAS",,,Crépuscule ou aube,En agglomération,Intersection en X,Normale,Deux véhicules - côté,,,,,,,,,,,2,2,2,1.0,3.0
201100056600,0011-05-31 20:00:00,11,5,31,20,0,690,388,"119, RUE CHALLEMEL LACOU",,,Plein jour,En agglomération,Hors intersection,Normale,Autre collision,,,,,,,,,,,1,2,1,1.0,6.0
201100056601,0011-06-22 13:55:00,11,6,22,13,55,690,388,"0, RUE SAINT GERVAIS",,,Plein jour,En agglomération,Intersection en X,Normale,Autre collision,,,,,,,,,,,1,2,2,1.0,6.0
201100056602,0011-06-24 14:30:00,11,6,24,14,30,690,388,"47, BOULEVARD JEAN XXIII",,,Plein jour,En agglomération,Hors intersection,Normale,Autre collision,,,,,,,,,,,1,2,1,1.0,6.0
201100056603,0011-06-12 19:20:00,11,6,12,19,20,690,388,"1, RUE DES SERPOLLIERES",,,Plein jour,En agglomération,Hors intersection,Normale,Autre collision,,,,,,,,,,,1,2,1,1.0,6.0
201100056604,0011-06-15 08:15:00,11,6,15,8,15,690,388,"0, RUE EMILE COMBES",,,Plein jour,En agglomération,Intersection en X,Normale,Autre collision,,,,,,,,,,,1,2,2,1.0,6.0
201100056605,0011-06-17 17:20:00,11,6,17,17,20,690,388,"4, AVENUE ROCKEFELLER",,,Plein jour,En agglomération,Autre intersection,Normale,Deux véhicules - arrière,,,,,,,,,,,1,2,9,1.0,2.0
201100056606,0011-06-23 19:30:00,11,6,23,19,30,690,259,"FACE 17, AVENUE FRANCIS",,,Plein jour,En agglomération,Hors intersection,Normale,Autre collision,,,,,,,,,,,1,2,1,1.0,6.0
201100056607,0011-06-28 17:50:00,11,6,28,17,50,690,388,"19, RUE DE CHAMPAGNEUX",,,Plein jour,En agglomération,Hors intersection,Normale,Autre collision,,,,,,,,,,,1,2,1,1.0,6.0
201100056608,0011-06-21 16:35:00,11,6,21,16,35,690,388,"194, BOULEVARD PINEL",,,Plein jour,En agglomération,Autre intersection,Normale,Deux véhicules - côté,,,,,,,,,,,1,2,9,1.0,3.0
201100056609,0011-07-01 12:50:00,11,7,1,12,50,690,388,"0, RUE MARYSE BASTIE",,,Plein jour,En agglomération,Intersection en X,Normale,Autre collision,,,,,,,,,,,1,2,2,1.0,6.0
201100056610,0011-07-01 15:15:00,11,7,1,15,15,690,388,"0, AVENUE BERTHELOT",,,Plein jour,En agglomération,Intersection en X,Normale,Deux véhicules - côté,,,,,,,,,,,1,2,2,1.0,3.0
201100056611,0011-07-02 13:30:00,11,7,2,13,30,690,388,"18, RUE NUNGESSER ET COL",,,Plein jour,En agglomération,Intersection en X,Normale,Autre collision,,,,,,,,,,,1,2,2,1.0,6.0
201100056612,0011-07-06 22:00:00,11,7,6,22,0,690,388,"0, COURS ALBERT THOMAS",,,Nuit avec éclairage non allumé,En agglomération,Hors intersection,Normale,Deux véhicules - côté,,,,,,,,,,,4,2,1,1.0,3.0
201100056613,0011-07-18 12:15:00,11,7,18,12,15,690,388,"285, ROUTE DE VIENNE",,,Plein jour,En agglomération,Hors intersection,Normale,Deux véhicules - côté,,,,,,,,,,,1,2,1,1.0,3.0
201100056614,0011-07-20 10:35:00,11,7,20,10,35,690,388,AVENUE VIVIANI,,,Plein jour,En agglomération,Intersection en T,Normale,Autre collision,,,,,,,,,,,1,2,3,1.0,6.0
201100056615,0011-07-20 22:15:00,11,7,20,22,15,690,388,AVENUE ROCKEFELLER,,,Nuit avec éclairage allumé,En agglomération,Autre intersection,Normale,Autre collision,,,,,,,,,,,5,2,9,1.0,6.0
201100056616,0011-05-31 18:15:00,11,5,31,18,15,690,388,"0, RUE ROCHAMBEAU",,,Plein jour,En agglomération,Intersection en X,Pluie légère,Deux véhicules - côté,,,,,,,,,,,1,2,2,2.0,3.0
201100056617,0011-07-23 13:45:00,11,7,23,13,45,690,388,RUE LONGEFER,,,Plein jour,En agglomération,Intersection en T,Normale,Deux véhicules - côté,,,,,,,,,,,1,2,3,1.0,3.0
201100056618,0011-07-27 23:35:00,11,7,27,23,35,690,388,COURS ALBERT THOMAS,,,Nuit avec éclairage allumé,En agglomération,Place,Normale,Deux véhicules - côté,,,,,,,,,,,5,2,7,1.0,3.0
201100056619,0011-08-09 05:40:00,11,8,9,5,40,690,388,"0, AVENUE PAUL SANTY",,,Crépuscule ou aube,En agglomération,Intersection en X,Normale,Autre collision,,,,,,,,,,,2,2,2,1.0,6.0
201100056620,0011-08-13 08:40:00,11,8,13,8,40,690,388,"22, RUE DE LA MOSELLE",,,Plein jour,En agglomération,Hors intersection,Normale,Deux véhicules - côté,,,,,,,,,,,1,2,1,1.0,3.0
201100056621,0011-08-15 20:10:00,11,8,15,20,10,690,388,"0, AVENUE PAUL SANTY",,,Plein jour,En agglomération,Intersection en X,Normale,Sans collision,,,,,,,,,,,1,2,2,1.0,7.0
201100056622,0011-08-17 13:20:00,11,8,17,13,20,690,388,"11, PLACE DU 11 NOVEMBRE",,,Plein jour,En agglomération,Hors intersection,Normale,Deux véhicules - côté,,,,,,,,,,,1,2,1,1.0,3.0
201100056623,0011-09-01 12:20:00,11,9,1,12,20,690,388,"168, ROUTE DE VIENNE",,,Plein jour,En agglomération,Hors intersection,Normale,Deux véhicules - côté,,,,,,,,,,,1,2,1,1.0,3.0
201100056624,0011-09-01 18:45:00,11,9,1,18,45,690,388,"19, RUE DE CHAMPAGNEUX",,,Plein jour,En agglomération,Hors intersection,Normale,Autre collision,,,,,,,,,,,1,2,1,1.0,6.0
201100056625,0011-09-01 16:50:00,11,9,1,16,50,690,388,"28, RUE PROFESSEUR KLEIN",,,Plein jour,En agglomération,Hors intersection,Normale,Autre collision,,,,,,,,,,,1,2,1,1.0,6.0
201100056626,0011-09-04 19:15:00,11,9,4,19,15,690,388,"92, AVENUE GENERAL FRERE",,,Plein jour,En agglomération,Hors intersection,Normale,Deux véhicules - arrière,,,,,,,,,,,1,2,1,1.0,2.0
201100056627,0011-09-08 21:00:00,11,9,8,21,0,690,388,"12, AVENUE ROCKEFELLER",,,Crépuscule ou aube,En agglomération,Hors intersection,Normale,Deux véhicules - arrière,,,,,,,,,,,2,2,1,1.0,2.0
201100056628,0011-09-09 08:40:00,11,9,9,8,40,690,388,"86, AVENUE JEAN MERMOZ",,,Plein jour,En agglomération,Hors intersection,Normale,Autre collision,,,,,,,,,,,1,2,1,1.0,6.0
201100056629,0011-09-09 18:26:00,11,9,9,18,26,690,388,"103, ROUTE DE VIENNE",,,Plein jour,En agglomération,Hors intersection,Normale,Autre collision,,,,,,,,,,,1,2,1,1.0,6.0
201100056630,0011-09-14 12:00:00,11,9,14,12,0,690,388,AVENUE DE PRESSENSE,,,Plein jour,En agglomération,Intersection en T,Normale,Autre collision,,,,,,,,,,,1,2,3,1.0,6.0
201100056631,0011-09-26 07:00:00,11,9,26,7,0,690,388,RUE CHALLEMEL LACOUR,,,Crépuscule ou aube,En agglomération,Intersection en T,Normale,Deux véhicules - côté,,,,,,,,,,,2,2,3,1.0,3.0
201100056632,0011-09-27 17:30:00,11,9,27,17,30,690,388,"92, AVENUE GENERAL FRERE",,,Plein jour,En agglomération,Hors intersection,Normale,Deux véhicules - côté,,,,,,,,,,,1,2,1,1.0,3.0
201100056633,0011-10-01 18:00:00,11,10,1,18,0,690,388,"32, RUE DE LA MOSELLE",,,Plein jour,En agglomération,Hors intersection,Normale,Autre collision,,,,,,,,,,,1,2,1,1.0,6.0
201100056634,0011-10-02 17:05:00,11,10,2,17,5,690,388,"0, BOULEVARD DES ETATS U",,,Plein jour,En agglomération,Intersection en X,Normale,Deux véhicules - côté,,,,,,,,,,,1,2,2,1.0,3.0
201100056635,0011-10-03 18:20:00,11,10,3,18,20,690,388,"52, RUE ANTOINE LUMIERE",,,Plein jour,Hors agglomération,Hors intersection,Normale,Sans collision,,,,,,,,,,,1,1,1,1.0,7.0
201100056636,0011-11-04 14:50:00,11,11,4,14,50,690,388,"98, AVENUE JEAN MERMOZ",,,Plein jour,En agglomération,Hors intersection,Normale,Autre collision,,,,,,,,,,,1,2,1,1.0,6.0
201100056637,0011-10-05 16:40:00,11,10,5,16,40,690,388,RUE DENIS,,,Plein jour,En agglomération,Intersection en T,Normale,Deux véhicules - côté,,,,,,,,,,,1,2,3,1.0,3.0
201100056638,0011-10-06 11:00:00,11,10,6,11,0,690,388,"101, BOULEVARD DES ETATS",,,Plein jour,En agglomération,Hors intersection,Normale,Deux véhicules - arrière,,,,,,,,,,,1,2,1,1.0,2.0
201100056639,0011-10-06 18:40:00,11,10,6,18,40,690,388,"122, AVENUE PAUL SANTY",,,Plein jour,Hors agglomération,Hors intersection,Normale,Autre collision,,,,,,,,,,,1,1,1,1.0,6.0
201100056640,0011-10-06 13:10:00,11,10,6,13,10,690,388,"0, AVENUE PAUL SANTY",,,Plein jour,En agglomération,Intersection en X,Normale,Autre collision,,,,,,,,,,,1,2,2,1.0,6.0
201100056641,0011-10-02 10:30:00,11,10,2,10,30,690,388,BOULEVARD AMBROISE PARE,,,Plein jour,En agglomération,Intersection en X,Normale,Deux véhicules - côté,,,,,,,,,,,1,2,2,1.0,3.0
201100056642,0011-10-08 19:45:00,11,10,8,19,45,690,388,"134, ROUTE DE VIENNE",,,Nuit avec éclairage allumé,En agglomération,Hors intersection,Pluie forte,Deux véhicules - frontale,,,,,,,,,,,5,2,1,3.0,1.0
201100056643,0011-10-09 17:55:00,11,10,9,17,55,690,388,"108, RUE MARIUS BERLIET",,,Plein jour,En agglomération,Hors intersection,Pluie légère,Autre collision,,,,,,,,,,,1,2,1,2.0,6.0
201100056644,0011-10-06 08:40:00,11,10,6,8,40,690,388,"0, AVENUE JEAN MERMOZ",,,Plein jour,En agglomération,Hors intersection,Normale,Autre collision,,,,,,,,,,,1,2,1,1.0,6.0
201100056645,0011-10-12 08:55:00,11,10,12,8,55,690,388,"3, RUE DU PREMIER FILM",,,Plein jour,En agglomération,Hors intersection,Normale,Autre collision,,,,,,,,,,,1,2,1,1.0,6.0
201100056646,0011-10-07 08:00:00,11,10,7,8,0,690,388,"211, AVENUE PAUL SANTY",,,Plein jour,En agglomération,Hors intersection,Normale,Autre collision,,,,,,,,,,,1,2,1,1.0,6.0
201100056647,0011-10-11 17:45:00,11,10,11,17,45,690,388,RUE JEAN SARRAZIN,,,Plein jour,En agglomération,Intersection en X,Normale,Deux véhicules - côté,,,,,,,,,,,1,2,2,1.0,3.0
201100056648,0011-10-18 07:00:00,11,10,18,7,0,690,383,BOULEVARD PINEL,,,Crépuscule ou aube,En agglomération,Intersection en X,Normale,Deux véhicules - côté,,,,,,,,,,,2,2,2,1.0,3.0
201100056649,0011-10-14 08:00:00,11,10,14,8,0,690,388,"92 A, RUE PIERRE DELORE",,,Crépuscule ou aube,En agglomération,Hors intersection,Normale,Deux véhicules - côté,,,,,,,,,,,2,2,1,1.0,3.0
201100056650,0011-10-17 19:05:00,11,10,17,19,5,690,388,AVENUE JEAN MERMOZ,,,Nuit avec éclairage allumé,En agglomération,Intersection en X,Normale,Deux véhicules - côté,,,,,,,,,,,5,2,2,1.0,3.0
201100056651,0011-10-20 17:40:00,11,10,20,17,40,690,388,RUE ROCHAMBEAU,,,Plein jour,En agglomération,Intersection en X,Normale,Deux véhicules - côté,,,,,,,,,,,1,2,2,1.0,3.0
201100056652,0011-10-21 17:45:00,11,10,21,17,45,690,388,RUE SAINT NESTOR,,,Plein jour,En agglomération,Intersection en X,Normale,Deux véhicules - côté,,,,,,,,,,,1,2,2,1.0,3.0
201100056653,0011-10-23 16:00:00,11,10,23,16,0,690,388,AVENUE JEAN MERMOZ,,,Plein jour,En agglomération,Hors intersection,Normale,Deux véhicules - frontale,,,,,,,,,,,1,2,1,1.0,1.0
201100056654,0011-11-01 13:00:00,11,11,1,13,0,690,388,"0, RUE DU BOCAGE",,,Plein jour,En agglomération,Intersection en X,Normale,Deux véhicules - côté,,,,,,,,,,,1,2,2,1.0,3.0
201100056655,0011-11-02 19:50:00,11,11,2,19,50,690,388,"0, RUE DE LA MOSELLE",,,Nuit avec éclairage non allumé,En agglomération,Intersection en T,Normale,Autre collision,,,,,,,,,,,4,2,3,1.0,6.0
201100056656,0011-11-10 07:30:00,11,11,10,7,30,690,388,"155, AVENUE JEAN MERMOZ",,,Crépuscule ou aube,En agglomération,Hors intersection,Brouillard / fumée,Autre collision,,,,,,,,,,,2,2,1,5.0,6.0
201100056657,0011-11-15 08:55:00,11,11,15,8,55,690,388,"115, RUE MARIUS BERLIET",,,Plein jour,En agglomération,Hors intersection,Normale,Trois véhicules et plus - en chaîne,,,,,,,,,,,1,2,1,1.0,4.0
201100056658,0011-11-10 18:00:00,11,11,10,18,0,690,388,COURS ALBERT THOMAS,,,Nuit avec éclairage allumé,En agglomération,Hors intersection,Normale,Autre collision,,,,,,,,,,,5,2,1,1.0,6.0
201100056659,0011-11-18 12:45:00,11,11,18,12,45,690,388,"46, AVENUE DES FRERES LU",,,Plein jour,En agglomération,Hors intersection,Normale,Autre collision,,,,,,,,,,,1,2,1,1.0,6.0
201100056660,0011-12-01 12:25:00,11,12,1,12,25,690,388,"0, RUE SAINT GERVAIS",,,Plein jour,En agglomération,Hors intersection,Normale,Autre collision,,,,,,,,,,,1,2,1,1.0,6.0
201100056661,0011-12-06 07:50:00,11,12,6,7,50,690,388,"93, RUE JEAN SARRAZIN",,,Plein jour,En agglomération,Hors intersection,Normale,Deux véhicules - arrière,,,,,,,,,,,1,2,1,1.0,2.0
201100056662,0011-12-07 17:55:00,11,12,7,17,55,690,388,"46, RUE HENRI BARBUSSE",,,Nuit avec éclairage allumé,En agglomération,Hors intersection,Pluie forte,Trois véhicules et plus - en chaîne,,,,,,,,,,,5,2,1,3.0,4.0
201100056663,0011-12-16 18:30:00,11,12,16,18,30,690,388,"0, BOULEVARD PINEL",,,Nuit avec éclairage non allumé,En agglomération,Hors intersection,Normale,Deux véhicules - arrière,,,,,,,,,,,4,2,1,1.0,2.0
201100056664,0011-12-17 10:50:00,11,12,17,10,50,690,388,"99, AVENUE JEAN MERMOZ",,,Plein jour,En agglomération,Hors intersection,Pluie légère,Deux véhicules - côté,,,,,,,,,,,1,2,1,2.0,3.0
201100056665,0011-01-12 02:40:00,11,1,12,2,40,420,207,A47,45.47795,4.49918,Nuit sans éclairage public,Hors agglomération,Hors intersection,Pluie légère,Autre collision,,,,,,,,,,,3,1,1,2.0,6.0
201100056666,0011-01-13 12:50:00,11,1,13,12,50,420,218,RN88,45.43692,4.43789,Plein jour,Hors agglomération,Hors intersection,Normale,Sans collision,,,,,,,,,,,1,1,1,1.0,7.0
201100056667,0011-01-15 18:20:00,11,1,15,18,20,420,97,A72,45.4968,4.31393,Nuit sans éclairage public,Hors agglomération,Hors intersection,Normale,Deux véhicules - côté,,,,,,,,,,,3,1,1,1.0,3.0
201100056668,0011-01-22 19:35:00,11,1,22,19,35,420,218,RN88,45.4147,4.40376,Nuit sans éclairage public,Hors agglomération,Hors intersection,Normale,Deux véhicules - arrière,,,,,,,,,,,3,1,1,1.0,2.0
201100056669,0011-02-03 04:30:00,11,2,3,4,30,420,95,RN88,45.39133,4.29722,Nuit sans éclairage public,Hors agglomération,Hors intersection,Pluie légère,Trois véhicules et plus - collisions multiples,,,,,,,,,,,3,1,1,2.0,5.0
201100056670,0011-02-01 11:35:00,11,2,1,11,35,420,218,RN88,45.4338,4.42871,Plein jour,Hors agglomération,Hors intersection,Brouillard / fumée,Deux véhicules - arrière,,,,,,,,,,,1,1,1,5.0,2.0
201100056671,0011-02-10 07:00:00,11,2,10,7,0,420,218,RN88,45.43639,4.43432,Crépuscule ou aube,Hors agglomération,Hors intersection,Normale,Autre collision,,,,,,,,,,,2,1,1,1.0,6.0
201100056672,0011-02-12 05:40:00,11,2,12,5,40,420,218,RN88,,,Nuit avec éclairage allumé,Hors agglomération,Hors intersection,Normale,Deux véhicules - arrière,,,,,,,,,,,5,1,1,1.0,2.0
201100056673,0011-02-15 18:00:00,11,2,15,18,0,420,44,RN88,45.39036,4.31469,Crépuscule ou aube,Hors agglomération,Hors intersection,Normale,Sans collision,,,,,,,,,,,2,1,1,1.0,7.0
201100056674,0011-02-16 17:20:00,11,2,16,17,20,420,97,A72,45.4912,4.32019,Plein jour,Hors agglomération,Hors intersection,Normale,Sans collision,,,,,,,,,,,1,1,1,1.0,7.0
201100056675,0011-02-16 17:20:00,11,2,16,17,20,420,97,A72,45.48839,4.32265,Plein jour,Hors agglomération,Hors intersection,Normale,Sans collision,,,,,,,,,,,1,1,1,1.0,7.0
201100056676,0011-02-22 15:15:00,11,2,22,15,15,690,91,A47,,,Plein jour,Hors agglomération,Hors intersection,Normale,Deux véhicules - arrière,,,,,,,,,,,1,1,1,1.0,2.0
201100056677,0011-02-24 20:10:00,11,2,24,20,10,420,44,RN88,45.39482,4.33384,Nuit sans éclairage public,Hors agglomération,Hors intersection,Pluie légère,Deux véhicules - arrière,,,,,,,,,,,3,1,1,2.0,2.0
201100056678,0011-03-04 17:30:00,11,3,4,17,30,420,218,A72,45.45588,4.41103,Plein jour,Hors agglomération,Hors intersection,Normale,Trois véhicules et plus - en chaîne,,,,,,,,,,,1,1,1,1.0,4.0
201100056679,0011-03-12 07:40:00,11,3,12,7,40,420,218,A72,45.46428,4.39869,Crépuscule ou aube,Hors agglomération,Hors intersection,Normale,Deux véhicules - arrière,,,,,,,,,,,2,1,1,1.0,2.0
201100056680,0011-03-12 21:05:00,11,3,12,21,5,420,186,A47,45.53121,4.61597,Nuit sans éclairage public,Hors agglomération,Hors intersection,Pluie légère,Sans collision,,,,,,,,,,,3,1,1,2.0,7.0
201100056681,0011-03-21 17:50:00,11,3,21,17,50,420,97,A72,45.48784,4.32366,Plein jour,Hors agglomération,Hors intersection,Normale,Trois véhicules et plus - collisions multiples,,,,,,,,,,,1,1,1,1.0,5.0
201100056682,0011-03-23 14:30:00,11,3,23,14,30,420,97,A72,45.50887,4.30183,Plein jour,Hors agglomération,Hors intersection,Normale,Deux véhicules - côté,,,,,,,,,,,1,1,1,1.0,3.0
201100056683,0011-03-24 12:45:00,11,3,24,12,45,690,91,A47,,,Plein jour,Hors agglomération,Hors intersection,Normale,Sans collision,,,,,,,,,,,1,1,1,1.0,7.0
201100056684,0011-03-24 17:22:00,11,3,24,17,22,420,218,A72,45.46543,4.3893,Plein jour,Hors agglomération,Hors intersection,Normale,Trois véhicules et plus - en chaîne,,,,,,,,,,,1,1,1,1.0,4.0
201100056685,0011-03-24 18:05:00,11,3,24,18,5,420,218,RN88,45.43397,4.42904,Plein jour,Hors agglomération,Hors intersection,Normale,Deux véhicules - arrière,,,,,,,,,,,1,1,1,1.0,2.0
201100056686,0011-03-27 16:50:00,11,3,27,16,50,420,110,A47,45.49419,4.54594,Plein jour,Hors agglomération,Hors intersection,Pluie légère,Deux véhicules - côté,,,,,,,,,,,1,1,1,2.0,3.0
201100056687,0011-04-02 14:50:00,11,4,2,14,50,420,97,A72,45.49446,4.31707,Plein jour,Hors agglomération,Hors intersection,Normale,Sans collision,,,,,,,,,,,1,1,1,1.0,7.0
201100056688,0011-04-03 19:40:00,11,4,3,19,40,420,44,RN88,45.39243,4.32222,Crépuscule ou aube,Hors agglomération,Hors intersection,Pluie légère,Deux véhicules - côté,,,,,,,,,,,2,1,1,2.0,3.0
201100056689,0011-04-03 20:00:00,11,4,3,20,0,420,110,A47,45.49466,4.53196,Crépuscule ou aube,Hors agglomération,Hors intersection,Pluie légère,Deux véhicules - côté,,,,,,,,,,,2,1,1,2.0,3.0
201100056690,0011-04-05 07:45:00,11,4,5,7,45,420,123,A47,45.51638,4.58367,Plein jour,Hors agglomération,Hors intersection,Normale,Deux véhicules - côté,,,,,,,,,,,1,1,1,1.0,3.0
201100056691,0011-04-10 17:55:00,11,4,10,17,55,420,218,RN88,45.41269,4.40132,Plein jour,Hors agglomération,Hors intersection,Normale,Deux véhicules - arrière,,,,,,,,,,,1,1,1,1.0,2.0
201100056692,0011-04-19 15:40:00,11,4,19,15,40,420,330,A72,45.47052,4.36506,Plein jour,Hors agglomération,Hors intersection,Normale,Deux véhicules - arrière,,,,,,,,,,,1,1,1,1.0,2.0
201100056693,0011-04-22 16:35:00,11,4,22,16,35,690,91,A47,,,Plein jour,Hors agglomération,Hors intersection,Normale,Trois véhicules et plus - collisions multiples,,,,,,,,,,,1,1,1,1.0,5.0
201100056694,0011-04-28 16:20:00,11,4,28,16,20,420,218,RN88,45.43363,4.42322,Plein jour,Hors agglomération,Hors intersection,Normale,Deux véhicules - côté,,,,,,,,,,,1,1,1,1.0,3.0
201100056695,0011-04-29 10:05:00,11,4,29,10,5,420,218,RN88,45.42313,4.41326,Plein jour,Hors agglomération,Hors intersection,Normale,Deux véhicules - arrière,,,,,,,,,,,1,1,1,1.0,2.0
201100056696,0011-04-29 17:30:00,11,4,29,17,30,420,218,RN88,45.41986,4.4098,Plein jour,Hors agglomération,Hors intersection,Normale,Deux véhicules - arrière,,,,,,,,,,,1,1,1,1.0,2.0
201100056697,0011-04-30 23:45:00,11,4,30,23,45,420,237,RN88,45.44069,4.45799,Nuit sans éclairage public,Hors agglomération,Hors intersection,Normale,Deux véhicules - arrière,,,,,,,,,,,3,1,1,1.0,2.0
201100056698,0011-05-13 09:45:00,11,5,13,9,45,420,207,RN88 CROISSANT,45.46334,4.49343,Plein jour,Hors agglomération,Hors intersection,Normale,Deux véhicules - côté,,,,,,,,,,,1,1,1,1.0,3.0
201100056699,0011-05-16 15:30:00,11,5,16,15,30,420,218,RN88,45.42999,4.41647,Plein jour,Hors agglomération,Hors intersection,Normale,Deux véhicules - arrière,,,,,,,,,,,1,1,1,1.0,2.0
201100056700,0011-05-17 15:25:00,11,5,17,15,25,420,183,RN88,45.39788,4.35682,Plein jour,Hors agglomération,Hors intersection,Normale,Deux véhicules - côté,,,,,,,,,,,1,1,1,1.0,3.0
201100056701,0011-05-20 18:20:00,11,5,20,18,20,420,95,RN88,45.39039,4.28269,Plein jour,Hors agglomération,Hors intersection,Normale,Sans collision,,,,,,,,,,,1,1,1,1.0,7.0
201100056702,0011-05-23 03:50:00,11,5,23,3,50,420,95,RN88,45.38889,4.27897,Nuit avec éclairage allumé,Hors agglomération,Hors intersection,Normale,Sans collision,,,,,,,,,,,5,1,1,1.0,7.0
201100056703,0011-05-31 11:05:00,11,5,31,11,5,420,103,A47,45.49562,4.55596,Plein jour,Hors agglomération,Hors intersection,Pluie légère,Autre collision,,,,,,,,,,,1,1,1,2.0,6.0
201100056704,0011-06-03 15:00:00,11,6,3,15,0,420,218,RN88,45.4115,4.40001,Plein jour,Hors agglomération,Hors intersection,Normale,Sans collision,,,,,,,,,,,1,1,1,1.0,7.0
201100056705,0011-06-14 07:00:00,11,6,14,7,0,420,123,A47,45.51624,4.58361,Plein jour,Hors agglomération,Hors intersection,Normale,Trois véhicules et plus - en chaîne,,,,,,,,,,,1,1,1,1.0,4.0
201100056706,0011-06-13 17:35:00,11,6,13,17,35,690,91,A47,,,Plein jour,Hors agglomération,Hors intersection,Normale,Deux véhicules - arrière,,,,,,,,,,,1,1,1,1.0,2.0
201100056707,0011-06-14 17:05:00,11,6,14,17,5,420,183,RN88,45.40376,4.37349,Plein jour,Hors agglomération,Hors intersection,Normale,Trois véhicules et plus - en chaîne,,,,,,,,,,,1,1,1,1.0,4.0
201100056708,0011-06-15 15:45:00,11,6,15,15,45,420,186,A47,45.56362,4.63202,Plein jour,Hors agglomération,Hors intersection,Normale,Trois véhicules et plus - en chaîne,,,,,,,,,,,1,1,1,1.0,4.0
201100056709,0011-06-18 03:35:00,11,6,18,3,35,420,237,RN88,45.44161,4.46074,Nuit sans éclairage public,Hors agglomération,Hors intersection,Normale,Sans collision,,,,,,,,,,,3,1,1,1.0,7.0
201100056710,0011-06-28 16:30:00,11,6,28,16,30,420,218,A72,45.45912,4.40569,Plein jour,Hors agglomération,Hors intersection,Normale,Autre collision,,,,,,,,,,,1,1,1,1.0,6.0
201100056711,0011-07-08 20:35:00,11,7,8,20,35,420,110,A47,45.49408,4.53775,Plein jour,Hors agglomération,Hors intersection,Normale,Autre collision,,,,,,,,,,,1,1,1,1.0,6.0
201100056712,0011-07-20 00:33:00,11,7,20,0,33,690,91,A47,,,Nuit sans éclairage public,Hors agglomération,Hors intersection,Normale,Deux véhicules - côté,,,,,,,,,,,3,1,1,1.0,3.0
201100056713,0011-07-16 09:10:00,11,7,16,9,10,420,97,A72,45.50562,4.30398,Plein jour,Hors agglomération,Hors intersection,Normale,Deux véhicules - arrière,,,,,,,,,,,1,1,1,1.0,2.0
201100056714,0011-07-23 20:50:00,11,7,23,20,50,420,237,RN88,45.44259,4.46374,Crépuscule ou aube,Hors agglomération,Hors intersection,Pluie légère,Autre collision,,,,,,,,,,,2,1,1,2.0,6.0
201100056715,0011-07-24 05:40:00,11,7,24,5,40,690,91,A47,,,Crépuscule ou aube,Hors agglomération,Hors intersection,Normale,Deux véhicules - arrière,,,,,,,,,,,2,1,1,1.0,2.0
201100056716,0011-07-25 14:45:00,11,7,25,14,45,420,218,RN88,45.41477,4.40385,Plein jour,Hors agglomération,Hors intersection,Pluie légère,Trois véhicules et plus - collisions multiples,,,,,,,,,,,1,1,1,2.0,5.0
201100056717,0011-07-25 16:50:00,11,7,25,16,50,420,110,A47,45.49412,4.54623,Plein jour,Hors agglomération,Hors intersection,Pluie légère,Sans collision,,,,,,,,,,,1,1,1,2.0,7.0
201100056718,0011-07-25 20:00:00,11,7,25,20,0,420,207,A47,45.46769,4.49834,Plein jour,Hors agglomération,Hors intersection,Pluie légère,Deux véhicules - côté,,,,,,,,,,,1,1,1,2.0,3.0
201100056719,0011-07-26 00:50:00,11,7,26,0,50,420,237,RN88,45.44739,4.46918,Nuit sans éclairage public,Hors agglomération,Hors intersection,Temps couvert,Sans collision,,,,,,,,,,,3,1,1,8.0,7.0
201100056720,0011-07-29 15:10:00,11,7,29,15,10,420,218,A72,45.46004,4.40453,Plein jour,Hors agglomération,Hors intersection,Normale,Trois véhicules et plus - en chaîne,,,,,,,,,,,1,1,1,1.0,4.0
201100056721,0011-09-02 16:50:00,11,9,2,16,50,420,218,RN88,45.43674,4.44649,Plein jour,Hors agglomération,Hors intersection,Normale,Deux véhicules - arrière,,,,,,,,,,,1,1,1,1.0,2.0
201100056722,0011-09-05 04:00:00,11,9,5,4,0,420,186,A47,45.54015,4.64204,Nuit sans éclairage public,Hors agglomération,Hors intersection,Pluie légère,Autre collision,,,,,,,,,,,3,1,1,2.0,6.0
201100056723,0011-09-05 20:50:00,11,9,5,20,50,420,97,A72,45.49514,4.31663,Nuit sans éclairage public,Hors agglomération,Hors intersection,Normale,Trois véhicules et plus - collisions multiples,,,,,,,,,,,3,1,1,1.0,5.0