accident_id,datetime,annee,mois,jour,heure,minute,departement,commune_insee,adresse,latitude,longitude,luminosite,agglomeration,intersection,meteo,collision,nb_vehicules,nb_usagers,nb_indemnes,nb_tues,nb_blesses_hosp,nb_blesses_legers,age_cond_1,age_cond_2,veh_type_cond_1,veh_type_cond_2,lum_code,agg_code,int_code,atm_code,col_code
201100056724,0011-09-08 13:10:00,11,9,8,13,10,690,252,A47,,,Plein jour,Hors agglomération,Hors intersection,Normale,Autre collision,,,,,,,,,,,1,1,1,1.0,6.0
201100056725,0011-09-11 17:00:00,11,9,11,17,0,420,218,RN88,45.42427,4.41373,Plein jour,Hors agglomération,Hors intersection,Normale,Deux véhicules - côté,,,,,,,,,,,1,1,1,1.0,3.0
201100056726,0011-09-12 09:50:00,11,9,12,9,50,420,183,RN88,45.39827,4.3582,Plein jour,Hors agglomération,Hors intersection,Normale,Sans collision,,,,,,,,,,,1,1,1,1.0,7.0
201100056727,0011-09-12 18:30:00,11,9,12,18,30,420,218,RN88,45.43592,4.44411,Plein jour,Hors agglomération,Hors intersection,Normale,Autre collision,,,,,,,,,,,1,1,1,1.0,6.0
201100056728,0011-09-15 18:40:00,11,9,15,18,40,420,207,RN88 CROISSANT,45.45972,4.48635,Plein jour,Hors agglomération,Hors intersection,Normale,Deux véhicules - côté,,,,,,,,,,,1,1,1,1.0,3.0
201100056729,0011-09-19 13:30:00,11,9,19,13,30,420,110,A47,45.49396,4.54707,Plein jour,Hors agglomération,Hors intersection,Pluie légère,Autre collision,,,,,,,,,,,1,1,1,2.0,6.0
201100056730,0011-09-23 21:00:00,11,9,23,21,0,420,218,A72,45.44269,4.43002,Nuit sans éclairage public,Hors agglomération,Hors intersection,Normale,Sans collision,,,,,,,,,,,3,1,1,1.0,7.0
201100056731,0011-09-28 16:02:00,11,9,28,16,2,420,218,RN88,45.42571,4.41455,Plein jour,Hors agglomération,Hors intersection,Normale,Deux véhicules - arrière,,,,,,,,,,,1,1,1,1.0,2.0
201100056732,0011-09-30 06:30:00,11,9,30,6,30,690,91,A47,,,Nuit avec éclairage non allumé,Hors agglomération,Hors intersection,Normale,Trois véhicules et plus - en chaîne,,,,,,,,,,,4,1,1,1.0,4.0
201100056733,0011-09-30 19:00:00,11,9,30,19,0,420,218,RN88,45.41993,4.4099,Plein jour,Hors agglomération,Autre intersection,Normale,Deux véhicules - arrière,,,,,,,,,,,1,1,9,1.0,2.0
201100056734,0011-10-01 03:20:00,11,10,1,3,20,690,91,A47,,,Nuit sans éclairage public,Hors agglomération,Hors intersection,Normale,Sans collision,,,,,,,,,,,3,1,1,1.0,7.0
201100056735,0011-10-02 19:45:00,11,10,2,19,45,690,91,A47,,,Nuit avec éclairage allumé,Hors agglomération,Hors intersection,Normale,Trois véhicules et plus - en chaîne,,,,,,,,,,,5,1,1,1.0,4.0
201100056736,0011-10-04 20:00:00,11,10,4,20,0,420,44,RN88,45.39544,4.33948,Nuit sans éclairage public,Hors agglomération,Hors intersection,Normale,Deux véhicules - côté,,,,,,,,,,,3,1,1,1.0,3.0
201100056737,0011-10-05 08:10:00,11,10,5,8,10,420,44,RN88,45.39531,4.33567,Plein jour,Hors agglomération,Hors intersection,Normale,Deux véhicules - côté,,,,,,,,,,,1,1,1,1.0,3.0
201100056738,0011-10-09 20:20:00,11,10,9,20,20,420,186,A47,45.52879,4.61092,Nuit sans éclairage public,Hors agglomération,Hors intersection,Pluie légère,Autre collision,,,,,,,,,,,3,1,1,2.0,6.0
201100056739,0011-10-06 10:53:00,11,10,6,10,53,420,218,A72,45.45192,4.41788,Plein jour,Hors agglomération,Hors intersection,Normale,Deux véhicules - arrière,,,,,,,,,,,1,1,1,1.0,2.0
201100056740,0011-10-11 11:30:00,11,10,11,11,30,420,207,A47,45.46555,4.49662,Plein jour,Hors agglomération,Hors intersection,Normale,Deux véhicules - côté,,,,,,,,,,,1,1,1,1.0,3.0
201100056741,0011-10-13 15:35:00,11,10,13,15,35,420,183,RN88,45.40403,4.37512,Plein jour,Hors agglomération,Hors intersection,Normale,Deux véhicules - côté,,,,,,,,,,,1,1,1,1.0,3.0
201100056742,0011-10-19 15:25:00,11,10,19,15,25,690,228,A47,,,Plein jour,Hors agglomération,Hors intersection,Pluie légère,Deux véhicules - arrière,,,,,,,,,,,1,1,1,2.0,2.0
201100056743,0011-10-19 15:35:00,11,10,19,15,35,420,237,RN88,45.44272,4.46392,Plein jour,Hors agglomération,Hors intersection,Temps couvert,Autre collision,,,,,,,,,,,1,1,1,8.0,6.0
201100056744,0011-10-19 16:00:00,11,10,19,16,0,420,44,RN88,45.29473,4.33206,Plein jour,Hors agglomération,Hors intersection,Pluie légère,Deux véhicules - arrière,,,,,,,,,,,1,1,1,2.0,2.0
201100056745,0011-10-23 15:50:00,11,10,23,15,50,420,207,A47,45.46319,4.49368,Plein jour,Hors agglomération,Hors intersection,Normale,Deux véhicules - arrière,,,,,,,,,,,1,1,1,1.0,2.0
201100056746,0011-11-01 19:40:00,11,11,1,19,40,420,207,A47,45.482,4.50159,Nuit sans éclairage public,Hors agglomération,Hors intersection,Pluie légère,Trois véhicules et plus - collisions multiples,,,,,,,,,,,3,1,1,2.0,5.0
201100056747,0011-11-07 12:25:00,11,11,7,12,25,420,237,RN88,45.44124,4.46038,Plein jour,Hors agglomération,Hors intersection,Pluie légère,Autre collision,,,,,,,,,,,1,1,1,2.0,6.0
201100056748,0011-11-12 18:30:00,11,11,12,18,30,420,218,RN88,45.4226,4.41296,Nuit avec éclairage allumé,Hors agglomération,Hors intersection,Normale,Deux véhicules - arrière,,,,,,,,,,,5,1,1,1.0,2.0
201100056749,0011-11-25 13:00:00,11,11,25,13,0,420,207,A47,45.48944,4.5103,Plein jour,Hors agglomération,Hors intersection,Normale,Trois véhicules et plus - collisions multiples,,,,,,,,,,,1,1,1,1.0,5.0
201100056750,0011-12-04 18:35:00,11,12,4,18,35,420,237,RN88,45.44989,4.47301,Nuit sans éclairage public,Hors agglomération,Hors intersection,Normale,Sans collision,,,,,,,,,,,3,1,1,1.0,7.0
201100056751,0011-12-05 13:33:00,11,12,5,13,33,420,207,A47,45.47255,4.49783,Plein jour,Hors agglomération,Hors intersection,Normale,Autre collision,,,,,,,,,,,1,1,1,1.0,6.0
201100056752,0011-12-06 17:45:00,11,12,6,17,45,420,207,RN88 CROISSANT,45.46323,4.49332,Nuit sans éclairage public,Hors agglomération,Hors intersection,Pluie légère,Trois véhicules et plus - collisions multiples,,,,,,,,,,,3,1,1,2.0,5.0
201100056753,0011-12-07 14:00:00,11,12,7,14,0,420,95,RN88,45.38916,4.27877,Plein jour,Hors agglomération,Hors intersection,Pluie légère,Deux véhicules - arrière,,,,,,,,,,,1,1,1,2.0,2.0
201100056754,0011-12-10 07:50:00,11,12,10,7,50,420,207,A47,45.49139,4.51635,Plein jour,Hors agglomération,Hors intersection,Normale,Sans collision,,,,,,,,,,,1,1,1,1.0,7.0
201100056755,0011-12-15 07:30:00,11,12,15,7,30,690,91,A47,,,Crépuscule ou aube,Hors agglomération,Hors intersection,Normale,Deux véhicules - arrière,,,,,,,,,,,2,1,1,1.0,2.0
201100056756,0011-12-17 03:45:00,11,12,17,3,45,420,207,A47,45.47844,4.50018,Nuit sans éclairage public,Hors agglomération,Hors intersection,Pluie légère,Autre collision,,,,,,,,,,,3,1,1,2.0,6.0
201100056757,0011-12-18 03:30:00,11,12,18,3,30,420,110,A47,45.49381,4.54826,Nuit sans éclairage public,Hors agglomération,Hors intersection,Normale,Autre collision,,,,,,,,,,,3,1,1,1.0,6.0
201100056758,0011-12-20 06:45:00,11,12,20,6,45,420,218,RN88,45.43364,4.42868,Crépuscule ou aube,Hors agglomération,Hors intersection,Normale,Sans collision,,,,,,,,,,,2,1,1,1.0,7.0
201100056759,0011-12-21 17:15:00,11,12,21,17,15,420,97,A72,45.50998,4.30182,Crépuscule ou aube,Hors agglomération,Hors intersection,Pluie légère,Autre collision,,,,,,,,,,,2,1,1,2.0,6.0
201100056760,0011-12-21 15:15:00,11,12,21,15,15,420,97,A72,45.48171,4.34141,Plein jour,Hors agglomération,Hors intersection,Pluie forte,Deux véhicules - arrière,,,,,,,,,,,1,1,1,3.0,2.0
201100056761,0011-01-02 01:30:00,11,1,2,1,30,10,105,A46 13.378 A 14.305,,,Nuit sans éclairage public,Hors agglomération,Hors intersection,Autre,Autre collision,,,,,,,,,,,3,1,1,9.0,6.0
201100056762,0011-01-04 05:40:00,11,1,4,5,40,690,297,A7   15.770 A 20.110,,,Nuit avec éclairage non allumé,Hors agglomération,Hors intersection,Neige / grêle,Sans collision,,,,,,,,,,,4,1,1,4.0,7.0
201100056763,0011-01-02 13:20:00,11,1,2,13,20,380,544,A7   25.770 A 27.460,45.3008,4.81989,Plein jour,Hors agglomération,Hors intersection,Temps couvert,Autre collision,,,,,,,,,,,1,1,1,8.0,6.0
201100056764,0011-01-03 08:35:00,11,1,3,8,35,380,544,A7   25.770 A 27.460,45.5431,4.85074,Crépuscule ou aube,Hors agglomération,Hors intersection,Normale,Sans collision,,,,,,,,,,,2,1,1,1.0,7.0
201100056765,0011-01-03 15:45:00,11,1,3,15,45,690,9,A6   428.880 A 431.800,,,Plein jour,Hors agglomération,Hors intersection,Normale,Autre collision,,,,,,,,,,,1,1,1,1.0,6.0
201100056766,0011-01-03 19:10:00,11,1,3,19,10,690,266,RD383 2.321 A 3.750,,,Nuit avec éclairage allumé,Hors agglomération,Hors intersection,Normale,Deux véhicules - arrière,,,,,,,,,,,5,1,1,1.0,2.0
201100056767,0011-01-04 08:00:00,11,1,4,8,0,690,152,A7   4.270 A 7.000,,,Plein jour,Hors agglomération,Hors intersection,Normale,Trois véhicules et plus - collisions multiples,,,,,,,,,,,1,1,1,1.0,5.0
201100056768,0011-12-24 08:50:00,11,12,24,8,50,690,256,RN346  S/N   25.686 A 29,,,Plein jour,Hors agglomération,Hors intersection,Normale,Autre collision,,,,,,,,,,,1,1,1,1.0,6.0
201100056769,0011-01-08 09:00:00,11,1,8,9,0,690,34,BPNL   37.781 A 41.124,,,Nuit avec éclairage allumé,Hors agglomération,Hors intersection,Normale,Sans collision,,,,,,,,,,,5,1,1,1.0,7.0
201100056770,0011-01-08 15:00:00,11,1,8,15,0,690,295,A46S   53.980 A 57.400,,,Plein jour,Hors agglomération,Hors intersection,Normale,Sans collision,,,,,,,,,,,1,1,1,1.0,7.0
201100056771,0011-01-09 12:15:00,11,1,9,12,15,690,271,RD302   0.000 A 0.400,,,Plein jour,Hors agglomération,Hors intersection,Pluie forte,Sans collision,,,,,,,,,,,1,1,1,3.0,7.0
201100056772,0011-01-09 12:50:00,11,1,9,12,50,690,271,RD302   0.000 A 0.400,,,Plein jour,Hors agglomération,Hors intersection,Pluie légère,Sans collision,,,,,,,,,,,1,1,1,2.0,7.0
201100056773,0011-01-09 17:50:00,11,1,9,17,50,690,72,A6   445.323 A 447.390,,,Nuit sans éclairage public,Hors agglomération,Hors intersection,Pluie légère,Autre collision,,,,,,,,,,,3,1,1,2.0,6.0
201100056774,0011-01-09 18:29:00,11,1,9,18,29,690,256,RN346  N/S  25.736 A 29.,,,Nuit sans éclairage public,Hors agglomération,Hors intersection,Pluie légère,Sans collision,,,,,,,,,,,3,1,1,2.0,7.0
201100056775,0011-01-09 20:15:00,11,1,9,20,15,690,286,A46N   S/N   25.680 A 25,,,Nuit avec éclairage allumé,Hors agglomération,Hors intersection,Pluie légère,Sans collision,,,,,,,,,,,5,1,1,2.0,7.0
201100056776,0011-01-10 00:01:00,11,1,10,0,1,690,276,BUS (RD301)   0.000 A 2.,,,Nuit sans éclairage public,Hors agglomération,Hors intersection,Pluie légère,Autre collision,,,,,,,,,,,3,1,1,2.0,6.0
201100056777,0011-01-10 17:00:00,11,1,10,17,0,10,249,A42  6.290 A 8.310,,,Nuit sans éclairage public,Hors agglomération,Hors intersection,Normale,Deux véhicules - arrière,,,,,,,,,,,3,1,1,1.0,2.0
201100056778,0011-01-11 19:50:00,11,1,11,19,50,690,29,RD383   7.640 A 11.044,,,Nuit sans éclairage public,Hors agglomération,Hors intersection,Pluie légère,Autre collision,,,,,,,,,,,3,1,1,2.0,6.0
201100056779,0011-01-12 19:00:00,11,1,12,19,0,690,29,RD383   7.640 A 11.044,,,Nuit avec éclairage allumé,Hors agglomération,Hors intersection,Pluie légère,Deux véhicules - arrière,,,,,,,,,,,5,1,1,2.0,2.0
201100056780,0011-01-14 07:40:00,11,1,14,7,40,690,29,A43   0.550 A 3.353,,,Plein jour,Hors agglomération,Hors intersection,Normale,Trois véhicules et plus - en chaîne,,,,,,,,,,,1,1,1,1.0,4.0
201100056781,0011-01-14 13:00:00,11,1,14,13,0,690,199,A7   7.000 A 8.630,,,Plein jour,Hors agglomération,Hors intersection,Normale,Deux véhicules - côté,,,,,,,,,,,1,1,1,1.0,3.0
201100056782,0011-01-14 16:45:00,11,1,14,16,45,690,29,RD383   7.640 A 11.044,,,Plein jour,Hors agglomération,Hors intersection,Brouillard / fumée,Deux véhicules - côté,,,,,,,,,,,1,1,1,5.0,3.0
201100056783,0011-01-15 04:35:00,11,1,15,4,35,690,287,A43   9.894 A 13.029,,,Nuit sans éclairage public,Hors agglomération,Hors intersection,Normale,Deux véhicules - côté,,,,,,,,,,,3,1,1,1.0,3.0
201100056784,0011-01-15 06:15:00,11,1,15,6,15,690,273,BUS (RD301)   4.470 A 7.,,,Nuit sans éclairage public,Hors agglomération,Hors intersection,Normale,Trois véhicules et plus - en chaîne,,,,,,,,,,,3,1,1,1.0,4.0
201100056785,0011-01-15 12:40:00,11,1,15,12,40,690,29,A43   0.550 A 3.353,,,Plein jour,Hors agglomération,Hors intersection,Normale,Trois véhicules et plus - en chaîne,,,,,,,,,,,1,1,1,1.0,4.0
201100056786,0011-01-16 02:30:00,11,1,16,2,30,690,81,A6   449.510 A 451.640,,,Nuit sans éclairage public,Hors agglomération,Hors intersection,Normale,Deux véhicules - arrière,,,,,,,,,,,3,1,1,1.0,2.0
201100056787,0011-01-16 13:35:00,11,1,16,13,35,690,34,BPNL   37.781 A 41.124,,,Plein jour,Hors agglomération,Hors intersection,Normale,Sans collision,,,,,,,,,,,1,1,1,1.0,7.0
201100056788,0011-01-17 07:50:00,11,1,17,7,50,690,29,RD383   7.640 A 11.044,,,Crépuscule ou aube,Hors agglomération,Hors intersection,Normale,Trois véhicules et plus - en chaîne,,,,,,,,,,,2,1,1,1.0,4.0
201100056789,0011-01-17 12:10:00,11,1,17,12,10,690,72,A6   445.323 A 447.390,,,Plein jour,Hors agglomération,Autre intersection,Normale,Trois véhicules et plus - en chaîne,,,,,,,,,,,1,1,9,1.0,4.0
201100056790,0011-01-18 18:15:00,11,1,18,18,15,690,272,A46S   57.400 A 61.010,,,Nuit sans éclairage public,Hors agglomération,Hors intersection,Normale,Trois véhicules et plus - en chaîne,,,,,,,,,,,3,1,1,1.0,4.0
201100056791,0011-01-19 07:05:00,11,1,19,7,5,380,544,N407   0.000 A 2.331,45.5424,4.84983,Nuit avec éclairage allumé,Hors agglomération,Hors intersection,Normale,Trois véhicules et plus - collisions multiples,,,,,,,,,,,5,1,1,1.0,5.0
201100056792,0011-01-19 07:05:00,11,1,19,7,5,690,282,RN346   34.350 A 34.850,,,Crépuscule ou aube,Hors agglomération,Hors intersection,Normale,Deux véhicules - arrière,,,,,,,,,,,2,1,1,1.0,2.0
201100056793,0011-01-22 08:35:00,11,1,22,8,35,690,29,RD383   7.640 A 11.044,,,Plein jour,Hors agglomération,Hors intersection,Normale,Autre collision,,,,,,,,,,,1,1,1,1.0,6.0
201100056794,0011-01-23 19:04:00,11,1,23,19,4,690,29,RD383   7.640 A 11.044,,,Nuit avec éclairage allumé,Hors agglomération,Hors intersection,Normale,Deux véhicules - côté,,,,,,,,,,,5,1,1,1.0,3.0
201100056795,0011-01-23 19:35:00,11,1,23,19,35,690,7,A7   31.960 A 32.870,,,Nuit avec éclairage allumé,Hors agglomération,Hors intersection,Normale,Deux véhicules - côté,,,,,,,,,,,5,1,1,1.0,3.0
201100056796,0011-01-22 23:55:00,11,1,22,23,55,690,34,BPNL,,,Nuit avec éclairage allumé,Hors agglomération,Hors intersection,Normale,Deux véhicules - côté,,,,,,,,,,,5,1,1,1.0,3.0
201100056797,0011-01-24 20:25:00,11,1,24,20,25,690,29,A43   0.550 A 3.353,,,Nuit avec éclairage non allumé,Hors agglomération,Hors intersection,Normale,Trois véhicules et plus - en chaîne,,,,,,,,,,,4,1,1,1.0,4.0
201100056798,0011-01-25 06:15:00,11,1,25,6,15,690,295,A46S   53.980 A 57.400,,,Nuit sans éclairage public,Hors agglomération,Hors intersection,Normale,Deux véhicules - arrière,,,,,,,,,,,3,1,1,1.0,2.0
201100056799,0011-01-25 08:20:00,11,1,25,8,20,10,275,A42 4.329 A 5.760  LYON,,,Crépuscule ou aube,Hors agglomération,Hors intersection,Temps couvert,Deux véhicules - arrière,,,,,,,,,,,2,1,1,8.0,2.0
201100056800,0011-01-25 13:00:00,11,1,25,13,0,690,29,RD383   7.640 A 11.044,,,Plein jour,Hors agglomération,Hors intersection,Normale,Deux véhicules - côté,,,,,,,,,,,1,1,1,1.0,3.0
201100056801,0011-01-27 07:50:00,11,1,27,7,50,690,276,BUS (RD301)   0.000 A 2.,,,Nuit sans éclairage public,Hors agglomération,Hors intersection,Normale,Trois véhicules et plus - en chaîne,,,,,,,,,,,3,1,1,1.0,4.0
201100056802,0011-01-27 08:45:00,11,1,27,8,45,690,277,RN346   36.215 A 38.000,,,Plein jour,Hors agglomération,Hors intersection,Normale,Sans collision,,,,,,,,,,,1,1,1,1.0,7.0
201100056803,0011-01-28 15:00:00,11,1,28,15,0,380,336,A7   34.400,45.4867,4.83381,Plein jour,Hors agglomération,Hors intersection,Normale,Sans collision,,,,,,,,,,,1,1,1,1.0,7.0
201100056804,0011-02-02 18:50:00,11,2,2,18,50,380,544,RN7   5.180 A 10.000,44.7989,5.58932,Nuit avec éclairage allumé,Hors agglomération,Hors intersection,Normale,Trois véhicules et plus - en chaîne,,,,,,,,,,,5,1,1,1.0,4.0
201100056805,0011-02-02 20:30:00,11,2,2,20,30,690,290,A43   3.865 A 9.894,,,Nuit sans éclairage public,Hors agglomération,Hors intersection,Normale,Autre collision,,,,,,,,,,,3,1,1,1.0,6.0
201100056806,0011-02-03 22:30:00,11,2,3,22,30,690,290,A46S   40.883 A 43.680,,,Nuit sans éclairage public,Hors agglomération,Hors intersection,Temps couvert,Sans collision,,,,,,,,,,,3,1,1,8.0,7.0
201100056807,0011-02-04 07:40:00,11,2,4,7,40,690,389,BPNL   36.318 A 37.781,,,Crépuscule ou aube,Hors agglomération,Hors intersection,Temps couvert,Deux véhicules - arrière,,,,,,,,,,,2,1,1,8.0,2.0
201100056808,0011-02-04 12:10:00,11,2,4,12,10,690,163,A46N   2.930 A 7.065,,,Plein jour,Hors agglomération,Hors intersection,Normale,Autre collision,,,,,,,,,,,1,1,1,1.0,6.0
201100056809,0011-02-06 09:10:00,11,2,6,9,10,690,286,A46N   19.955 A 25.180,,,Plein jour,Hors agglomération,Hors intersection,Normale,Autre collision,,,,,,,,,,,1,1,1,1.0,6.0
201100056810,0011-02-07 14:30:00,11,2,7,14,30,380,336,A7   32.870 A 35.680,45.4791,4.83294,Plein jour,Hors agglomération,Hors intersection,Normale,Sans collision,,,,,,,,,,,1,1,1,1.0,7.0
201100056811,0011-02-07 15:55:00,11,2,7,15,55,380,544,N407   0.000 A 2.331,45.5395,4.86052,Plein jour,Hors agglomération,Autre intersection,Normale,Trois véhicules et plus - collisions multiples,,,,,,,,,,,1,1,9,1.0,5.0
201100056812,0011-02-09 10:00:00,11,2,9,10,0,690,27,A450   5.100 A 7.285,,,Plein jour,Hors agglomération,Hors intersection,Normale,Sans collision,,,,,,,,,,,1,1,1,1.0,7.0
201100056813,0011-02-11 10:30:00,11,2,11,10,30,10,249,A42   6.290 A 8.310,,,Plein jour,Hors agglomération,Hors intersection,Normale,Autre collision,,,,,,,,,,,1,1,1,1.0,6.0
201100056814,0011-02-11 22:40:00,11,2,11,22,40,690,81,A6   449.510 A 451.640,,,Nuit avec éclairage non allumé,Hors agglomération,Hors intersection,Normale,Sans collision,,,,,,,,,,,4,1,1,1.0,7.0
201100056815,0011-02-11 23:45:00,11,2,11,23,45,690,283,A46S   43.680 A 47.880,,,Nuit sans éclairage public,Hors agglomération,Hors intersection,Normale,Deux véhicules - arrière,,,,,,,,,,,3,1,1,1.0,2.0
201100056816,0011-02-11 12:40:00,11,2,11,12,40,380,544,RN7   5.180 A 10.000,45.5102,4.85548,Plein jour,Hors agglomération,Giratoire,Normale,Autre collision,,,,,,,,,,,1,1,6,1.0,6.0
201100056817,0011-02-14 12:50:00,11,2,14,12,50,690,297,A47,,,Plein jour,Hors agglomération,Hors intersection,Pluie légère,Autre collision,,,,,,,,,,,1,1,1,2.0,6.0
201100056818,0011-01-16 18:40:00,11,1,16,18,40,690,266,RD383   3.750 A 7.640,,,Nuit avec éclairage allumé,Hors agglomération,Hors intersection,Normale,Deux véhicules - arrière,,,,,,,,,,,5,1,1,1.0,2.0
201100056819,0011-02-17 06:55:00,11,2,17,6,55,690,290,A46S   40.883 A 43.680,,,Nuit avec éclairage non allumé,Hors agglomération,Hors intersection,Normale,Autre collision,,,,,,,,,,,4,1,1,1.0,6.0
201100056820,0011-02-19 12:45:00,11,2,19,12,45,690,290,A43   3.865 A 9.894,,,Plein jour,Hors agglomération,Hors intersection,Normale,Autre collision,,,,,,,,,,,1,1,1,1.0,6.0
201100056821,0011-02-20 12:00:00,11,2,20,12,0,690,29,RD383   7.640 A 11.044,,,Plein jour,Hors agglomération,Hors intersection,Normale,Sans collision,,,,,,,,,,,1,1,1,1.0,7.0
201100056822,0011-02-22 07:50:00,11,2,22,7,50,690,290,A46S   40.883 A 43.680,,,Plein jour,Hors agglomération,Autre intersection,Normale,Sans collision,,,,,,,,,,,1,1,9,1.0,7.0
201100056823,0011-02-23 07:55:00,11,2,23,7,55,690,29,RD383   7.640 A 11.044,,,Plein jour,Hors agglomération,Autre intersection,Normale,Deux véhicules - arrière,,,,,,,,,,,1,1,9,1.0,2.0
201100056824,0011-02-24 08:10:00,11,2,24,8,10,690,382,A6   455.000 A 455.875,,,Plein jour,Hors agglomération,Autre intersection,Pluie légère,Autre collision,,,,,,,,,,,1,1,9,2.0,6.0
201100056825,0011-02-25 05:15:00,11,2,25,5,15,690,288,A43   13.029 A 15.971,,,Nuit sans éclairage public,Hors agglomération,Hors intersection,Pluie légère,Sans collision,,,,,,,,,,,3,1,1,2.0,7.0
201100056826,0011-02-25 09:30:00,11,2,25,9,30,690,29,RD383   7.640 A 11.044,,,Plein jour,Hors agglomération,Hors intersection,Temps couvert,Sans collision,,,,,,,,,,,1,1,1,8.0,7.0
201100056827,0011-02-26 14:15:00,11,2,26,14,15,690,297,A47 TERNAY,,,Plein jour,Hors agglomération,Hors intersection,Normale,Trois véhicules et plus - en chaîne,,,,,,,,,,,1,1,1,1.0,4.0
201100056828,0011-02-26 19:30:00,11,2,26,19,30,690,81,A6,,,Nuit sans éclairage public,Hors agglomération,Hors intersection,,Deux véhicules - côté,,,,,,,,,,,3,1,1,,3.0
201100056829,0011-02-26 23:30:00,11,2,26,23,30,690,256,RD383   1.893 A 2.321,,,Nuit avec éclairage non allumé,Hors agglomération,Hors intersection,Pluie forte,Autre collision,,,,,,,,,,,4,1,1,3.0,6.0
201100056830,0011-03-02 16:50:00,11,3,2,16,50,690,276,A7   8.630 A 10.992,,,Plein jour,Hors agglomération,Hors intersection,Normale,Trois véhicules et plus - en chaîne,,,,,,,,,,,1,1,1,1.0,4.0
201100056831,0011-03-03 05:30:00,11,3,3,5,30,690,389,A6   451.790 A 453.400,,,Nuit avec éclairage allumé,Hors agglomération,Autre intersection,Normale,Deux véhicules - arrière,,,,,,,,,,,5,1,9,1.0,2.0
201100056832,0011-03-03 13:20:00,11,3,3,13,20,690,272,A46S   57.400 A 61.010,,,Plein jour,Hors agglomération,Hors intersection,Normale,Deux véhicules - arrière,,,,,,,,,,,1,1,1,1.0,2.0
201100056833,0011-03-04 20:03:00,11,3,4,20,3,690,297,A47,,,Nuit sans éclairage public,Hors agglomération,Hors intersection,Normale,Sans collision,,,,,,,,,,,3,1,1,1.0,7.0
201100056834,0011-03-05 16:30:00,11,3,5,16,30,380,544,RN7   5.180 A 10.000,45.5192,4.86542,Plein jour,Hors agglomération,Hors intersection,Normale,Deux véhicules - arrière,,,,,,,,,,,1,1,1,1.0,2.0
201100056835,0011-03-06 07:20:00,11,3,6,7,20,690,199,RD383   14.250 A 18.000,,,Plein jour,Hors agglomération,Hors intersection,Normale,Sans collision,,,,,,,,,,,1,1,1,1.0,7.0
201100056836,0011-03-06 15:00:00,11,3,6,15,0,690,72,A6   445.323 A 447.390,,,Plein jour,Hors agglomération,Hors intersection,Normale,Autre collision,,,,,,,,,,,1,1,1,1.0,6.0
201100056837,0011-03-06 21:00:00,11,3,6,21,0,690,275,RN346   29.300 A 34.350,,,Nuit sans éclairage public,Hors agglomération,Hors intersection,Normale,Deux véhicules - côté,,,,,,,,,,,3,1,1,1.0,3.0
201100056838,0011-03-07 05:50:00,11,3,7,5,50,690,29,RD383   7.640 A 11.044,,,Nuit avec éclairage allumé,Hors agglomération,Hors intersection,Normale,Sans collision,,,,,,,,,,,5,1,1,1.0,7.0
201100056839,0011-03-07 15:00:00,11,3,7,15,0,690,382,A7   0.000 A 2.278,,,Plein jour,Hors agglomération,Hors intersection,Normale,Autre collision,,,,,,,,,,,1,1,1,1.0,6.0
201100056840,0011-03-08 16:07:00,11,3,8,16,7,10,238,A46N   7.065 A 9.020,,,Plein jour,Hors agglomération,Hors intersection,Normale,Deux véhicules - arrière,,,,,,,,,,,1,1,1,1.0,2.0
201100056841,0011-03-09 01:40:00,11,3,9,1,40,690,281,A46S   49.160 A 53.980,,,Nuit sans éclairage public,Hors agglomération,Hors intersection,Normale,Deux véhicules - côté,,,,,,,,,,,3,1,1,1.0,3.0
201100056842,0011-03-10 16:00:00,11,3,10,16,0,690,297,A47,,,Plein jour,Hors agglomération,Hors intersection,Normale,Deux véhicules - côté,,,,,,,,,,,1,1,1,1.0,3.0
201100056843,0011-03-11 01:25:00,11,3,11,1,25,690,81,A6   449.510 A 451.640,,,Nuit sans éclairage public,Hors agglomération,Hors intersection,Normale,Deux véhicules - frontale,,,,,,,,,,,3,1,1,1.0,1.0
201100056844,0011-03-12 06:30:00,11,3,12,6,30,690,286,A46N   19.955 A 25.180,,,Crépuscule ou aube,Hors agglomération,Hors intersection,Normale,Sans collision,,,,,,,,,,,2,1,1,1.0,7.0
201100056845,0011-03-12 23:15:00,11,3,12,23,15,690,256,A42     0.560 A 4.020,,,Nuit sans éclairage public,Hors agglomération,Hors intersection,Pluie légère,Autre collision,,,,,,,,,,,3,1,1,2.0,6.0
201100056846,0011-03-14 08:35:00,11,3,14,8,35,10,275,A42   4.353 A 5.760   GE,,,Plein jour,Hors agglomération,Hors intersection,Normale,Trois véhicules et plus - en chaîne,,,,,,,,,,,1,1,1,1.0,4.0
201100056847,0011-03-14 15:15:00,11,3,14,15,15,690,29,RD383   7.640 A 11.044,,,Plein jour,Hors agglomération,Hors intersection,Normale,Autre collision,,,,,,,,,,,1,1,1,1.0,6.0