accident_id,datetime,annee,mois,jour,heure,minute,departement,commune_insee,adresse,latitude,longitude,luminosite,agglomeration,intersection,meteo,collision,nb_vehicules,nb_usagers,nb_indemnes,nb_tues,nb_blesses_hosp,nb_blesses_legers,age_cond_1,age_cond_2,veh_type_cond_1,veh_type_cond_2,lum_code,agg_code,int_code,atm_code,col_code
201100056848,0011-03-22 01:45:00,11,3,22,1,45,690,125,A6   437.840 A 439.400,,,Nuit sans éclairage public,Hors agglomération,Hors intersection,Normale,Autre collision,,,,,,,,,,,3,1,1,1.0,6.0
201100056849,0011-03-23 17:45:00,11,3,23,17,45,690,290,A46S   40.883 A 43.680,,,Plein jour,Hors agglomération,Hors intersection,Normale,Trois véhicules et plus - en chaîne,,,,,,,,,,,1,1,1,1.0,4.0
201100056850,0011-03-24 12:05:00,11,3,24,12,5,690,199,RD383   14.250 A 18.000,,,Plein jour,Hors agglomération,Autre intersection,Normale,Deux véhicules - côté,,,,,,,,,,,1,1,9,1.0,3.0
201100056851,0011-03-25 10:00:00,11,3,25,10,0,690,389,BPNL   34.614 A 36.285,,,Plein jour,Hors agglomération,Hors intersection,Normale,Deux véhicules - côté,,,,,,,,,,,1,1,1,1.0,3.0
201100056852,0011-03-25 18:25:00,11,3,25,18,25,690,271,RN346   34.850 A 36.215,,,Plein jour,Hors agglomération,Hors intersection,Normale,Deux véhicules - côté,,,,,,,,,,,1,1,1,1.0,3.0
201100056853,0011-03-25 21:40:00,11,3,25,21,40,690,29,RD383   7.640 A 11.044,,,Nuit sans éclairage public,Hors agglomération,Hors intersection,Normale,Sans collision,,,,,,,,,,,3,1,1,1.0,7.0
201100056854,0011-03-26 04:05:00,11,3,26,4,5,690,152,A7   4.270 A 7.000,,,Nuit sans éclairage public,Hors agglomération,Hors intersection,Normale,Deux véhicules - arrière,,,,,,,,,,,3,1,1,1.0,2.0
201100056855,0011-03-26 15:00:00,11,3,26,15,0,690,382,A7   0.000 A 2.278,,,Plein jour,Hors agglomération,Hors intersection,Normale,Deux véhicules - arrière,,,,,,,,,,,1,1,1,1.0,2.0
201100056856,0011-03-28 02:15:00,11,3,28,2,15,690,382,A6   455.000 A 455.875,,,Nuit avec éclairage allumé,Hors agglomération,Hors intersection,Pluie forte,Deux véhicules - côté,,,,,,,,,,,5,1,1,3.0,3.0
201100056857,0011-03-28 10:25:00,11,3,28,10,25,10,275,A42  4.020 A 4.353   GEN,,,Plein jour,Hors agglomération,Hors intersection,Pluie légère,Deux véhicules - arrière,,,,,,,,,,,1,1,1,2.0,2.0
201100056858,0011-03-29 07:17:00,11,3,29,7,17,690,116,A6   442.500 A 445.030,,,Plein jour,Hors agglomération,Hors intersection,Normale,Sans collision,,,,,,,,,,,1,1,1,1.0,7.0
201100056859,0011-03-30 05:00:00,11,3,30,5,0,690,199,RD383   14.250 A 18.000,,,Nuit avec éclairage allumé,Hors agglomération,Hors intersection,Pluie légère,Sans collision,,,,,,,,,,,5,1,1,2.0,7.0
201100056860,0011-04-02 10:05:00,11,4,2,10,5,690,29,RD383   7.640 A 11.044,,,Plein jour,Hors agglomération,Hors intersection,Normale,Autre collision,,,,,,,,,,,1,1,1,1.0,6.0
201100056861,0011-04-02 13:00:00,11,4,2,13,0,380,336,A7   32.870 A 35.680,45.4743,4.83286,Plein jour,Hors agglomération,Hors intersection,Normale,Deux véhicules - côté,,,,,,,,,,,1,1,1,1.0,3.0
201100056862,0011-04-02 19:50:00,11,4,2,19,50,690,382,A7   0.000 A 2.278,,,Plein jour,Hors agglomération,Hors intersection,Normale,Deux véhicules - arrière,,,,,,,,,,,1,1,1,1.0,2.0
201100056863,0011-04-03 23:24:00,11,4,3,23,24,690,382,A6   455.000 A 455.875,,,Nuit sans éclairage public,Hors agglomération,Hors intersection,Normale,Deux véhicules - arrière,,,,,,,,,,,3,1,1,1.0,2.0
201100056864,0011-04-04 05:30:00,11,4,4,5,30,690,297,A47   0.000  A 1.657,,,Nuit sans éclairage public,Hors agglomération,Hors intersection,Pluie légère,Deux véhicules - côté,,,,,,,,,,,3,1,1,2.0,3.0
201100056865,0011-04-05 12:30:00,11,4,5,12,30,690,385,A6   453.400 A 455.000,,,Plein jour,Hors agglomération,Hors intersection,Normale,Deux véhicules - arrière,,,,,,,,,,,1,1,1,1.0,2.0
201100056866,0011-04-06 10:35:00,11,4,6,10,35,690,271,RN346   38.000 A 38.960,,,Plein jour,Hors agglomération,Giratoire,Normale,Deux véhicules - arrière,,,,,,,,,,,1,1,6,1.0,2.0
201100056867,0011-04-07 06:05:00,11,4,7,6,5,690,266,RD383   1.165 A 1.893,,,Nuit avec éclairage allumé,Hors agglomération,Hors intersection,Normale,Deux véhicules - arrière,,,,,,,,,,,5,1,1,1.0,2.0
201100056868,0011-04-07 16:55:00,11,4,7,16,55,690,294,A7   13.970 A 15.270,,,Plein jour,Hors agglomération,Hors intersection,Normale,Autre collision,,,,,,,,,,,1,1,1,1.0,6.0
201100056869,0011-04-08 12:15:00,11,4,8,12,15,690,290,A46S   40.883 A 43.680,,,Plein jour,Hors agglomération,Hors intersection,Normale,Trois véhicules et plus - en chaîne,,,,,,,,,,,1,1,1,1.0,4.0
201100056870,0011-04-08 16:45:00,11,4,8,16,45,690,296,A7   10.992 A 13.970,,,Plein jour,Hors agglomération,Hors intersection,Normale,Deux véhicules - frontale,,,,,,,,,,,1,1,1,1.0,1.0
201100056871,0011-04-08 17:35:00,11,4,8,17,35,690,283,A46S   43.680 A 47.880,,,Plein jour,Hors agglomération,Hors intersection,Normale,Deux véhicules - arrière,,,,,,,,,,,1,1,1,1.0,2.0
201100056872,0011-04-10 00:35:00,11,4,10,0,35,690,199,A7,,,Nuit avec éclairage non allumé,Hors agglomération,Hors intersection,Normale,Deux véhicules - arrière,,,,,,,,,,,4,1,1,1.0,2.0
201100056873,0011-04-11 16:50:00,11,4,11,16,50,690,189,A7   28.860 A 29.920,,,Plein jour,Hors agglomération,Hors intersection,Normale,Sans collision,,,,,,,,,,,1,1,1,1.0,7.0
201100056874,0011-04-13 12:30:00,11,4,13,12,30,690,91,A47,,,Plein jour,Hors agglomération,Autre intersection,Normale,Deux véhicules - arrière,,,,,,,,,,,1,1,9,1.0,2.0
201100056875,0011-04-14 08:35:00,11,4,14,8,35,10,275,A42   4.353 A 5.760   GE,,,Plein jour,Hors agglomération,Hors intersection,Normale,Trois véhicules et plus - collisions multiples,,,,,,,,,,,1,1,1,1.0,5.0
201100056876,0011-04-14 13:50:00,11,4,14,13,50,690,149,A7   3.690 A 4.270,,,Plein jour,Hors agglomération,Hors intersection,Normale,Sans collision,,,,,,,,,,,1,1,1,1.0,7.0
201100056877,0011-04-14 19:00:00,11,4,14,19,0,690,199,A7   7.000 A 8.630,,,Plein jour,Hors agglomération,Hors intersection,Normale,Deux véhicules - arrière,,,,,,,,,,,1,1,1,1.0,2.0
201100056878,0011-04-15 13:00:00,11,4,15,13,0,10,376,A42   8.310 A 9.500,,,Plein jour,Hors agglomération,Hors intersection,Normale,Trois véhicules et plus - collisions multiples,,,,,,,,,,,1,1,1,1.0,5.0
201100056879,0011-04-15 13:00:00,11,4,15,13,0,380,449,A43   18.875 A 21.100,,,Plein jour,Hors agglomération,Hors intersection,Normale,Autre collision,,,,,,,,,,,1,1,1,1.0,6.0
201100056880,0011-04-18 07:30:00,11,4,18,7,30,690,259,RD383   11.750 A 14.250,,,Plein jour,Hors agglomération,Hors intersection,Normale,Deux véhicules - arrière,,,,,,,,,,,1,1,1,1.0,2.0
201100056881,0011-04-18 08:20:00,11,4,18,8,20,690,256,RN346  N/S  25.736 A 29.,,,Plein jour,Hors agglomération,Hors intersection,Normale,Deux véhicules - arrière,,,,,,,,,,,1,1,1,1.0,2.0
201100056882,0011-04-18 19:00:00,11,4,18,19,0,690,282,RD302   0.000 A 4.000,,,Plein jour,Hors agglomération,Hors intersection,Normale,Trois véhicules et plus - collisions multiples,,,,,,,,,,,1,1,1,1.0,5.0
201100056883,0011-04-19 13:10:00,11,4,19,13,10,690,278,A46N   9.020 A 11.650,,,Plein jour,Hors agglomération,Hors intersection,Normale,Sans collision,,,,,,,,,,,1,1,1,1.0,7.0
201100056884,0011-04-19 19:40:00,11,4,19,19,40,380,449,A43   18.875 A 21.100,45.6501,5.11319,Plein jour,Hors agglomération,Hors intersection,Normale,Deux véhicules - côté,,,,,,,,,,,1,1,1,1.0,3.0
201100056885,0011-04-20 08:05:00,11,4,20,8,5,690,29,A43   3.353 A 3.865,,,Plein jour,Hors agglomération,Hors intersection,Normale,Deux véhicules - arrière,,,,,,,,,,,1,1,1,1.0,2.0
201100056886,0011-04-21 04:50:00,11,4,21,4,50,690,297,A7   15.770 A 20.110,,,Nuit sans éclairage public,Hors agglomération,Hors intersection,Normale,Autre collision,,,,,,,,,,,3,1,1,1.0,6.0
201100056887,0011-04-21 12:20:00,11,4,21,12,20,690,382,A7   0.000 A 2.278,,,Plein jour,Hors agglomération,Hors intersection,Normale,Deux véhicules - arrière,,,,,,,,,,,1,1,1,1.0,2.0
201100056888,0011-04-23 13:15:00,11,4,23,13,15,380,336,A7   32.870 A 35.680,45.488,4.83301,Plein jour,Hors agglomération,Hors intersection,Normale,Autre collision,,,,,,,,,,,1,1,1,1.0,6.0
201100056889,0011-04-23 14:00:00,11,4,23,14,0,690,27,A450   5.100 A 7.285,,,Plein jour,Hors agglomération,Hors intersection,Normale,Deux véhicules - côté,,,,,,,,,,,1,1,1,1.0,3.0
201100056890,0011-04-23 21:00:00,11,4,23,21,0,690,29,RD383   7.640 A 11.044,,,Crépuscule ou aube,Hors agglomération,Hors intersection,Normale,Autre collision,,,,,,,,,,,2,1,1,1.0,6.0
201100056891,0011-04-26 06:00:00,11,4,26,6,0,690,297,A7   15.770 A 20.110,,,Crépuscule ou aube,Hors agglomération,Hors intersection,Normale,Trois véhicules et plus - en chaîne,,,,,,,,,,,2,1,1,1.0,4.0
201100056892,0011-04-27 17:15:00,11,4,27,17,15,690,163,A46N   2.930 A 7.065,,,Plein jour,Hors agglomération,Hors intersection,Normale,Deux véhicules - arrière,,,,,,,,,,,1,1,1,1.0,2.0
201100056893,0011-05-02 11:00:00,11,5,2,11,0,690,266,A42   0.000 A 0.560,,,Plein jour,Hors agglomération,Hors intersection,Normale,Sans collision,,,,,,,,,,,1,1,1,1.0,7.0
201100056894,0011-05-03 18:20:00,11,5,3,18,20,380,336,PK  34+400,45.4871,4.83356,Plein jour,Hors agglomération,Hors intersection,Normale,Sans collision,,,,,,,,,,,1,1,1,1.0,7.0
201100056895,0011-05-04 13:05:00,11,5,4,13,5,380,487,PK  24+600,45.5541,4.82758,Plein jour,Hors agglomération,Hors intersection,Normale,Deux véhicules - côté,,,,,,,,,,,1,1,1,1.0,3.0
201100056896,0011-05-06 18:50:00,11,5,6,18,50,690,297,A47   0.000  A 1.657,,,Plein jour,Hors agglomération,Hors intersection,Normale,Trois véhicules et plus - en chaîne,,,,,,,,,,,1,1,1,1.0,4.0
201100056897,0011-05-08 07:20:00,11,5,8,7,20,690,163,A46N   2.930 A 7.065,,,Plein jour,Hors agglomération,Hors intersection,Normale,Sans collision,,,,,,,,,,,1,1,1,1.0,7.0
201100056898,0011-05-09 15:55:00,11,5,9,15,55,690,9,A6   428.880 A 431.800,,,Plein jour,Hors agglomération,Hors intersection,Normale,Autre collision,,,,,,,,,,,1,1,1,1.0,6.0
201100056899,0011-05-09 18:00:00,11,5,9,18,0,690,259,RD383   11.750 A 14.250,,,Plein jour,Hors agglomération,Hors intersection,Normale,Sans collision,,,,,,,,,,,1,1,1,1.0,7.0
201100056900,0011-05-10 09:20:00,11,5,10,9,20,690,29,A43   0.550 A 3.353,,,Plein jour,Hors agglomération,Hors intersection,Normale,Trois véhicules et plus - collisions multiples,,,,,,,,,,,1,1,1,1.0,5.0
201100056901,0011-05-10 18:50:00,11,5,10,18,50,380,544,PR 8+600,45.5092,4.85431,Plein jour,En agglomération,Hors intersection,Normale,Autre collision,,,,,,,,,,,1,2,1,1.0,6.0
201100056902,0011-05-12 18:30:00,11,5,12,18,30,690,256,A42     0.560 A 4.020,,,Plein jour,Hors agglomération,Hors intersection,Normale,Trois véhicules et plus - en chaîne,,,,,,,,,,,1,1,1,1.0,4.0
201100056903,0011-05-13 11:15:00,11,5,13,11,15,690,29,RD383   7.640 A 11.044,,,Plein jour,Hors agglomération,Hors intersection,Normale,Autre collision,,,,,,,,,,,1,1,1,1.0,6.0
201100056904,0011-05-16 16:05:00,11,5,16,16,5,690,27,A450   5.100 A 7.285,,,Plein jour,Hors agglomération,Hors intersection,Pluie légère,Deux véhicules - frontale,,,,,,,,,,,1,1,1,2.0,1.0
201100056905,0011-05-14 18:45:00,11,5,14,18,45,690,100,A450   1.090 A 1.740,,,Plein jour,Hors agglomération,Hors intersection,Normale,Autre collision,,,,,,,,,,,1,1,1,1.0,6.0
201100056906,0011-05-14 19:30:00,11,5,14,19,30,690,256,RN346  N/S  25.736 A 29.,,,Plein jour,Hors agglomération,Hors intersection,Normale,Autre collision,,,,,,,,,,,1,1,1,1.0,6.0
201100056907,0011-05-15 03:35:00,11,5,15,3,35,690,152,A7   4.270 A 7.000,,,Nuit sans éclairage public,Hors agglomération,Hors intersection,Normale,Sans collision,,,,,,,,,,,3,1,1,1.0,7.0
201100056908,0011-05-14 06:50:00,11,5,14,6,50,690,286,A46N   S/N   25.680 A 25,,,Plein jour,Hors agglomération,Hors intersection,Normale,Autre collision,,,,,,,,,,,1,1,1,1.0,6.0
201100056909,0011-05-17 16:00:00,11,5,17,16,0,690,286,A46N   S/N   25.680 A 25,,,Plein jour,Hors agglomération,Hors intersection,Normale,Trois véhicules et plus - collisions multiples,,,,,,,,,,,1,1,1,1.0,5.0
201100056910,0011-05-19 07:25:00,11,5,19,7,25,690,283,A46S   43.680 A 47.880,,,Plein jour,Hors agglomération,Hors intersection,Normale,Autre collision,,,,,,,,,,,1,1,1,1.0,6.0
201100056911,0011-05-19 20:40:00,11,5,19,20,40,690,259,RD383   11.0044 A 11.460,,,Plein jour,Hors agglomération,Hors intersection,Normale,Deux véhicules - côté,,,,,,,,,,,1,1,1,1.0,3.0
201100056912,0011-05-20 11:15:00,11,5,20,11,15,690,297,A47   0.000  A 1.657,,,Plein jour,Hors agglomération,Hors intersection,Normale,Deux véhicules - côté,,,,,,,,,,,1,1,1,1.0,3.0
201100056913,0011-05-21 22:50:00,11,5,21,22,50,690,199,A7   7.000 A 8.630,,,Nuit sans éclairage public,Hors agglomération,Hors intersection,Normale,Autre collision,,,,,,,,,,,3,1,1,1.0,6.0
201100056914,0011-05-23 13:20:00,11,5,23,13,20,690,152,A450   0.000 A 1.090,,,Plein jour,Hors agglomération,Hors intersection,Normale,Sans collision,,,,,,,,,,,1,1,1,1.0,7.0
201100056915,0011-05-25 18:00:00,11,5,25,18,0,690,34,"bretelle 6, RD383   0.00",,,Plein jour,Hors agglomération,Hors intersection,Normale,Trois véhicules et plus - collisions multiples,,,,,,,,,,,1,1,1,1.0,5.0
201100056916,0011-05-26 08:45:00,11,5,26,8,45,690,256,A42     0.560 A 4.020,,,Plein jour,Hors agglomération,Hors intersection,Normale,Trois véhicules et plus - en chaîne,,,,,,,,,,,1,1,1,1.0,4.0
201100056917,0011-05-26 10:55:00,11,5,26,10,55,690,297,A47   0.000  A 1.657,,,Plein jour,Hors agglomération,Hors intersection,Normale,Deux véhicules - côté,,,,,,,,,,,1,1,1,1.0,3.0
201100056918,0011-05-27 12:30:00,11,5,27,12,30,690,29,A43   0.550 A 3.353,,,Plein jour,Hors agglomération,Hors intersection,Normale,Trois véhicules et plus - en chaîne,,,,,,,,,,,1,1,1,1.0,4.0
201100056919,0011-05-27 16:13:00,11,5,27,16,13,690,266,A42   0.000 A 0.560,,,Plein jour,Hors agglomération,Hors intersection,Normale,Sans collision,,,,,,,,,,,1,1,1,1.0,7.0
201100056920,0011-05-28 06:45:00,11,5,28,6,45,690,72,A6   445.323 A 447.390,,,Plein jour,Hors agglomération,Hors intersection,Normale,Autre collision,,,,,,,,,,,1,1,1,1.0,6.0
201100056921,0011-05-28 12:30:00,11,5,28,12,30,690,72,A6   445.323 A 447.390,,,Plein jour,Hors agglomération,Hors intersection,Normale,Autre collision,,,,,,,,,,,1,1,1,1.0,6.0
201100056922,0011-05-29 19:30:00,11,5,29,19,30,690,142,A7   2.278 A 3.690,,,Plein jour,Hors agglomération,Hors intersection,Normale,Deux véhicules - arrière,,,,,,,,,,,1,1,1,1.0,2.0
201100056923,0011-05-30 08:30:00,11,5,30,8,30,690,27,A450   5.100 A 7.285,,,Plein jour,Hors agglomération,Hors intersection,Normale,Trois véhicules et plus - en chaîne,,,,,,,,,,,1,1,1,1.0,4.0
201100056924,0011-05-30 21:45:00,11,5,30,21,45,10,249,A42   6.290 A 8.310,,,Nuit sans éclairage public,Hors agglomération,Hors intersection,Normale,Sans collision,,,,,,,,,,,3,1,1,1.0,7.0
201100056925,0011-05-31 20:18:00,11,5,31,20,18,690,256,RN346  S/N   25.686 A 29,,,Crépuscule ou aube,Hors agglomération,Hors intersection,Pluie légère,Sans collision,,,,,,,,,,,2,1,1,2.0,7.0
201100056926,0011-06-01 12:45:00,11,6,1,12,45,690,382,A6   455.000 A 455.875,,,Plein jour,Hors agglomération,Hors intersection,Pluie légère,Deux véhicules - côté,,,,,,,,,,,1,1,1,2.0,3.0
201100056927,0011-06-01 13:00:00,11,6,1,13,0,690,152,A450   0.000 A 1.090,,,Plein jour,Hors agglomération,Hors intersection,Pluie légère,Sans collision,,,,,,,,,,,1,1,1,2.0,7.0
201100056928,0011-06-05 07:00:00,11,6,5,7,0,690,275,RN346   29.300 A 34.350,,,Crépuscule ou aube,Hors agglomération,Hors intersection,Normale,Autre collision,,,,,,,,,,,2,1,1,1.0,6.0
201100056929,0011-06-05 17:15:00,11,6,5,17,15,380,336,A7   32.870 A 35.680,,,Plein jour,Hors agglomération,Hors intersection,Normale,Deux véhicules - côté,,,,,,,,,,,1,1,1,1.0,3.0
201100056930,0011-06-06 11:30:00,11,6,6,11,30,690,290,A46S   40.883 A 43.680,,,Plein jour,Hors agglomération,Hors intersection,Normale,Deux véhicules - arrière,,,,,,,,,,,1,1,1,1.0,2.0
201100056931,0011-06-06 18:28:00,11,6,6,18,28,690,199,RD383   14.250 A 18.000,,,Plein jour,Hors agglomération,Hors intersection,Normale,Sans collision,,,,,,,,,,,1,1,1,1.0,7.0
201100056932,0011-06-07 09:10:00,11,6,7,9,10,690,275,RN346   29.300 A 34.350,,,Plein jour,Hors agglomération,Hors intersection,Normale,Deux véhicules - arrière,,,,,,,,,,,1,1,1,1.0,2.0
201100056933,0011-06-08 09:20:00,11,6,8,9,20,690,152,A7   4.270 A 7.000,,,Plein jour,Hors agglomération,Hors intersection,Pluie légère,Sans collision,,,,,,,,,,,1,1,1,2.0,7.0
201100056934,0011-06-08 09:30:00,11,6,8,9,30,690,199,A7   7.000 A 8.630,,,Plein jour,Hors agglomération,Hors intersection,Pluie forte,Deux véhicules - arrière,,,,,,,,,,,1,1,1,3.0,2.0
201100056935,0011-06-10 01:05:00,11,6,10,1,5,380,184,A43   15.971 A 18.875,,,Nuit sans éclairage public,Hors agglomération,Hors intersection,Normale,Deux véhicules - arrière,,,,,,,,,,,3,1,1,1.0,2.0
201100056936,0011-06-11 10:10:00,11,6,11,10,10,690,287,A43   9.894 A 13.029,,,Plein jour,Hors agglomération,Hors intersection,Normale,Sans collision,,,,,,,,,,,1,1,1,1.0,7.0
201100056937,0011-06-11 11:55:00,11,6,11,11,55,380,487,A7   22.950 A 25.770,45.3215,4.81227,Plein jour,Hors agglomération,Hors intersection,Normale,Sans collision,,,,,,,,,,,1,1,1,1.0,7.0
201100056938,0011-06-14 13:30:00,11,6,14,13,30,690,34,BPNL   37.781 A 41.124,,,Plein jour,Hors agglomération,Hors intersection,Normale,Sans collision,,,,,,,,,,,1,1,1,1.0,7.0
201100056939,0011-06-15 19:55:00,11,6,15,19,55,690,266,RD383 2.321 A 3.750,,,Plein jour,Hors agglomération,Hors intersection,Normale,Deux véhicules - arrière,,,,,,,,,,,1,1,1,1.0,2.0
201100056940,0011-06-16 18:45:00,11,6,16,18,45,690,382,A7   0.000 A 2.278,,,Plein jour,Hors agglomération,Hors intersection,Normale,Deux véhicules - arrière,,,,,,,,,,,1,1,1,1.0,2.0
201100056941,0011-06-20 17:30:00,11,6,20,17,30,690,34,RD383   0.000 A 1.165,,,Plein jour,Hors agglomération,Hors intersection,Normale,Sans collision,,,,,,,,,,,1,1,1,1.0,7.0
201100056942,0011-06-20 19:30:00,11,6,20,19,30,690,297,A46S   61.220 A 62.000,,,Plein jour,Hors agglomération,Hors intersection,Normale,Autre collision,,,,,,,,,,,1,1,1,1.0,6.0
201100056943,0011-06-22 12:20:00,11,6,22,12,20,690,297,A47   0.000  A 1.657,,,Plein jour,Hors agglomération,Hors intersection,Normale,Sans collision,,,,,,,,,,,1,1,1,1.0,7.0
201100056944,0011-06-25 18:45:00,11,6,25,18,45,690,271,RD302   0.000 A 0.400,,,Plein jour,Hors agglomération,Hors intersection,Normale,Autre collision,,,,,,,,,,,1,1,1,1.0,6.0
201100056945,0011-06-22 20:30:00,11,6,22,20,30,690,275,RN346   29.300 A 34.350,,,Plein jour,Hors agglomération,Hors intersection,Pluie légère,Deux véhicules - arrière,,,,,,,,,,,1,1,1,2.0,2.0
201100056946,0011-06-24 08:00:00,11,6,24,8,0,690,9,A6   428.880 A 431.800,,,Plein jour,Hors agglomération,Hors intersection,Normale,Deux véhicules - arrière,,,,,,,,,,,1,1,1,1.0,2.0
201100056947,0011-06-24 09:00:00,11,6,24,9,0,10,249,A42     5.760 A 6.180,,,Plein jour,Hors agglomération,Hors intersection,Normale,Sans collision,,,,,,,,,,,1,1,1,1.0,7.0
201100056948,0011-06-23 19:00:00,11,6,23,19,0,690,72,A6   445.323 A 447.390,,,Plein jour,Hors agglomération,Hors intersection,Normale,Trois véhicules et plus - en chaîne,,,,,,,,,,,1,1,1,1.0,4.0
201100056949,0011-06-24 17:15:00,11,6,24,17,15,690,259,RD383   11.750 A 14.250,,,Plein jour,Hors agglomération,Hors intersection,Normale,Trois véhicules et plus - en chaîne,,,,,,,,,,,1,1,1,1.0,4.0
201100056950,0011-06-26 13:25:00,11,6,26,13,25,690,117,A6   439.400 A 442.500,,,Plein jour,Hors agglomération,Hors intersection,Normale,Autre collision,,,,,,,,,,,1,1,1,1.0,6.0
201100056951,0011-06-27 06:05:00,11,6,27,6,5,690,199,A7   7.000 A 8.630,,,Plein jour,Hors agglomération,Hors intersection,Normale,Deux véhicules - côté,,,,,,,,,,,1,1,1,1.0,3.0
201100056952,0011-06-27 08:10:00,11,6,27,8,10,690,29,RD383   7.640 A 11.044,,,Plein jour,Hors agglomération,Hors intersection,Normale,Deux véhicules - côté,,,,,,,,,,,1,1,1,1.0,3.0
201100056953,0011-06-27 16:30:00,11,6,27,16,30,380,336,A7   32.870 A 35.680,45.488,4.83301,Plein jour,Hors agglomération,Hors intersection,Normale,Autre collision,,,,,,,,,,,1,1,1,1.0,6.0
201100056954,0011-06-27 16:00:00,11,6,27,16,0,690,281,A46S   49.160 A 53.980,,,Plein jour,Hors agglomération,Hors intersection,Normale,Deux véhicules - arrière,,,,,,,,,,,1,1,1,1.0,2.0
201100056955,0011-06-28 18:20:00,11,6,28,18,20,690,270,", A46S   47.880 A 49.160",,,Plein jour,Hors agglomération,Hors intersection,Normale,Trois véhicules et plus - en chaîne,,,,,,,,,,,1,1,1,1.0,4.0
201100056956,0011-06-30 14:50:00,11,6,30,14,50,690,283,A46S   43.680 A 47.880,,,Plein jour,Hors agglomération,Hors intersection,Normale,Trois véhicules et plus - en chaîne,,,,,,,,,,,1,1,1,1.0,4.0
201100056957,0011-06-30 20:20:00,11,6,30,20,20,690,81,A6   449.510 A 451.640,,,Crépuscule ou aube,Hors agglomération,Hors intersection,Normale,Deux véhicules - côté,,,,,,,,,,,2,1,1,1.0,3.0
201100056958,0011-07-01 10:25:00,11,7,1,10,25,690,29,RD383   7.640 A 11.044,,,Plein jour,Hors agglomération,Hors intersection,Normale,Autre collision,,,,,,,,,,,1,1,1,1.0,6.0
201100056959,0011-07-02 06:00:00,11,7,2,6,0,690,115,A6   427.300 A 428.640,,,Plein jour,Hors agglomération,Hors intersection,Normale,Deux véhicules - côté,,,,,,,,,,,1,1,1,1.0,3.0
201100056960,0011-07-04 08:30:00,11,7,4,8,30,690,199,A7   7.000 A 8.630,,,Plein jour,Hors agglomération,Hors intersection,Normale,Deux véhicules - arrière,,,,,,,,,,,1,1,1,1.0,2.0
201100056961,0011-07-05 08:15:00,11,7,5,8,15,690,40,A6   447.520 A 448.490,,,Plein jour,Hors agglomération,Hors intersection,Normale,Autre collision,,,,,,,,,,,1,1,1,1.0,6.0
201100056962,0011-07-05 11:30:00,11,7,5,11,30,690,34,RD383   0.000 A 1.165,,,Plein jour,Hors agglomération,Hors intersection,Normale,Deux véhicules - côté,,,,,,,,,,,1,1,1,1.0,3.0
201100056963,0011-07-05 17:30:00,11,7,5,17,30,380,544,RN7   5.180 A 10.000,45.5273,4.87256,Plein jour,Hors agglomération,Intersection en X,Normale,Deux véhicules - côté,,,,,,,,,,,1,1,2,1.0,3.0
201100056964,0011-07-06 22:15:00,11,7,6,22,15,380,544,A7   25.770 A 27.460,45.3009,4.81982,Nuit sans éclairage public,Hors agglomération,Hors intersection,Normale,Autre collision,,,,,,,,,,,3,1,1,1.0,6.0
201100056965,0011-07-07 20:50:00,11,7,7,20,50,690,278,A46N   9.020 A 11.650,,,Nuit sans éclairage public,Hors agglomération,Hors intersection,Pluie forte,Sans collision,,,,,,,,,,,3,1,1,3.0,7.0
201100056966,0011-07-08 08:00:00,11,7,8,8,0,690,259,RD383   11.750 A 14.250,,,Plein jour,Hors agglomération,Hors intersection,Normale,Deux véhicules - arrière,,,,,,,,,,,1,1,1,1.0,2.0
201100056967,0011-07-08 15:30:00,11,7,8,15,30,690,382,A7   0.000 A 2.278,,,Plein jour,Hors agglomération,Hors intersection,Normale,Trois véhicules et plus - en chaîne,,,,,,,,,,,1,1,1,1.0,4.0
201100056968,0011-07-10 10:40:00,11,7,10,10,40,690,199,RD383   14.250 A 18.000,,,Plein jour,Hors agglomération,Hors intersection,Pluie légère,Sans collision,,,,,,,,,,,1,1,1,2.0,7.0
201100056969,0011-07-10 18:30:00,11,7,10,18,30,690,117,A6   439.400 A 442.500,,,Plein jour,Hors agglomération,Hors intersection,Normale,Sans collision,,,,,,,,,,,1,1,1,1.0,7.0
201100056970,0011-07-12 02:35:00,11,7,12,2,35,690,290,A43   3.865 A 9.894,,,Nuit sans éclairage public,Hors agglomération,Hors intersection,Normale,Autre collision,,,,,,,,,,,3,1,1,1.0,6.0
201100056971,0011-07-13 07:30:00,11,7,13,7,30,690,256,RN346  S/N   25.686 A 29,,,Plein jour,Hors agglomération,Hors intersection,Pluie légère,Sans collision,,,,,,,,,,,1,1,1,2.0,7.0
201100056972,0011-07-13 07:40:00,11,7,13,7,40,690,288,A43   13.029 A 15.971,,,Plein jour,Hors agglomération,Hors intersection,Pluie forte,Sans collision,,,,,,,,,,,1,1,1,3.0,7.0
201100056973,0011-07-13 08:30:00,11,7,13,8,30,690,283,A46S   43.680 A 47.880,,,Plein jour,Hors agglomération,Hors intersection,Pluie forte,Trois véhicules et plus - en chaîne,,,,,,,,,,,1,1,1,3.0,4.0