accident_id,datetime,annee,mois,jour,heure,minute,departement,commune_insee,adresse,latitude,longitude,luminosite,agglomeration,intersection,meteo,collision,nb_vehicules,nb_usagers,nb_indemnes,nb_tues,nb_blesses_hosp,nb_blesses_legers,age_cond_1,age_cond_2,veh_type_cond_1,veh_type_cond_2,lum_code,agg_code,int_code,atm_code,col_code
201100057220,0011-02-05 16:10:00,11,2,5,16,10,690,389,"59, QUAI PAUL SEDALLIAN",,,Plein jour,En agglomération,Intersection en T,Normale,Deux véhicules - arrière,,,,,,,,,,,1,2,3,1.0,2.0
201100057221,0011-02-08 11:55:00,11,2,8,11,55,690,389,"38, QUAI ARLOING",,,Plein jour,En agglomération,Autre intersection,Normale,Sans collision,,,,,,,,,,,1,2,9,1.0,7.0
201100057222,0011-02-20 04:05:00,11,2,20,4,5,690,389,"11, AVENUE SIDOINE APOLL",,,Nuit avec éclairage allumé,En agglomération,Hors intersection,Normale,Autre collision,,,,,,,,,,,5,2,1,1.0,6.0
201100057223,0011-03-04 08:45:00,11,3,4,8,45,690,389,"234, BOULEVARD DE LA DUC",,,Plein jour,En agglomération,Autre intersection,Normale,Deux véhicules - arrière,,,,,,,,,,,1,2,9,1.0,2.0
201100057224,0011-03-09 14:15:00,11,3,9,14,15,690,389,"80, RUE SAINT PIERRE DE",,,Plein jour,En agglomération,Intersection en X,Normale,Deux véhicules - côté,,,,,,,,,,,1,2,2,1.0,3.0
201100057225,0011-03-17 15:30:00,11,3,17,15,30,690,389,"02, RUE DU CHAPEAU ROUGE",,,Plein jour,En agglomération,Hors intersection,Pluie légère,Autre collision,,,,,,,,,,,1,2,1,2.0,6.0
201100057226,0011-03-21 17:40:00,11,3,21,17,40,690,389,"0, QUAI DU COMMERCE",,,Plein jour,En agglomération,Hors intersection,Normale,Deux véhicules - côté,,,,,,,,,,,1,2,1,1.0,3.0
201100057227,0011-03-19 18:45:00,11,3,19,18,45,690,389,"1, RUE MARIETTON",,,Plein jour,En agglomération,Intersection en X,Normale,Deux véhicules - côté,,,,,,,,,,,1,2,2,1.0,3.0
201100057228,0011-04-01 08:35:00,11,4,1,8,35,690,389,"113, RUE DU CHATEAU DE L",,,Plein jour,En agglomération,Intersection en T,Normale,Autre collision,,,,,,,,,,,1,2,3,1.0,6.0
201100057229,0011-03-25 21:50:00,11,3,25,21,50,690,389,"18, RUE MARIETTON",,,Nuit avec éclairage allumé,En agglomération,Hors intersection,Normale,Sans collision,,,,,,,,,,,5,2,1,1.0,7.0
201100057230,0011-04-05 13:50:00,11,4,5,13,50,690,389,"249, BOULEVARD DE LA DUC",,,Plein jour,En agglomération,Hors intersection,Normale,Autre collision,,,,,,,,,,,1,2,1,1.0,6.0
201100057231,0011-04-01 08:50:00,11,4,1,8,50,690,389,"113, RUE MARIETTON",,,Plein jour,En agglomération,Hors intersection,Normale,Deux véhicules - côté,,,,,,,,,,,1,2,1,1.0,3.0
201100057232,0011-04-07 16:50:00,11,4,7,16,50,690,389,"1, RUE PROFESSEUR GUERIN",,,Plein jour,En agglomération,Hors intersection,Normale,Autre collision,,,,,,,,,,,1,2,1,1.0,6.0
201100057233,0011-03-31 16:40:00,11,3,31,16,40,690,389,"138, RUE DE SAINT CYR",,,Plein jour,En agglomération,Hors intersection,Normale,Autre collision,,,,,,,,,,,1,2,1,1.0,6.0
201100057234,0011-04-06 12:35:00,11,4,6,12,35,690,389,"1, QUAI CHAUVEAU",,,Plein jour,En agglomération,Hors intersection,Normale,Autre collision,,,,,,,,,,,1,2,1,1.0,6.0
201100057235,0011-04-11 13:00:00,11,4,11,13,0,690,389,"5, QUAI JAYR",,,Plein jour,En agglomération,Hors intersection,Temps éblouissant,Deux véhicules - côté,,,,,,,,,,,1,2,1,7.0,3.0
201100057236,0011-04-13 09:30:00,11,4,13,9,30,690,389,"220, BOULEVARD DE LA DUC",,,Plein jour,En agglomération,Intersection en X,Normale,Deux véhicules - côté,,,,,,,,,,,1,2,2,1.0,3.0
201100057237,0011-04-15 17:30:00,11,4,15,17,30,690,389,"20, RUE DE LA CLAIRE",,,Plein jour,En agglomération,Intersection en X,Normale,Deux véhicules - côté,,,,,,,,,,,1,2,2,1.0,3.0
201100057238,0011-04-18 08:55:00,11,4,18,8,55,690,389,"21, QUAI PAUL SEDALLIAN",,,Plein jour,En agglomération,Hors intersection,Normale,Trois véhicules et plus - en chaîne,,,,,,,,,,,1,2,1,1.0,4.0
201100057239,0011-04-19 10:30:00,11,4,19,10,30,690,389,"21, RUE JOANNES CARRET",,,Plein jour,En agglomération,Intersection en T,Normale,Deux véhicules - côté,,,,,,,,,,,1,2,3,1.0,3.0
201100057240,0011-04-15 08:10:00,11,4,15,8,10,690,389,"91, RUE DES DOCKS",,,Plein jour,En agglomération,Hors intersection,Normale,Autre collision,,,,,,,,,,,1,2,1,1.0,6.0
201100057241,0011-04-21 08:00:00,11,4,21,8,0,690,389,"68, MONTEE DE L OBSERVAN",,,Plein jour,En agglomération,Hors intersection,Normale,Autre collision,,,,,,,,,,,1,2,1,1.0,6.0
201100057242,0011-04-22 10:20:00,11,4,22,10,20,690,389,"50, AVENUE BARTHELEMY BU",,,Plein jour,En agglomération,Hors intersection,Normale,Deux véhicules - arrière,,,,,,,,,,,1,2,1,1.0,2.0
201100057243,0011-04-23 06:00:00,11,4,23,6,0,690,389,"5, QUAI RAOUL CARRIE",,,Nuit avec éclairage allumé,En agglomération,Hors intersection,Normale,Autre collision,,,,,,,,,,,5,2,1,1.0,6.0
201100057244,0011-04-26 09:05:00,11,4,26,9,5,690,389,"15, QUAI PIERRE SCIZE",,,Plein jour,En agglomération,Hors intersection,Normale,Deux véhicules - côté,,,,,,,,,,,1,2,1,1.0,3.0
201100057245,0011-04-28 21:50:00,11,4,28,21,50,690,389,"2, RUE MARIETTON",,,Nuit avec éclairage allumé,En agglomération,Hors intersection,Normale,Deux véhicules - côté,,,,,,,,,,,5,2,1,1.0,3.0
201100057246,0011-05-06 15:05:00,11,5,6,15,5,690,389,"73, RUE PIERRE AUDRY",,,Plein jour,En agglomération,Hors intersection,Normale,Autre collision,,,,,,,,,,,1,2,1,1.0,6.0
201100057247,0011-05-02 18:40:00,11,5,2,18,40,690,389,"16, QUAI PIERRE SCIZE",,,Plein jour,En agglomération,Hors intersection,Normale,Autre collision,,,,,,,,,,,1,2,1,1.0,6.0
201100057248,0011-05-20 22:35:00,11,5,20,22,35,690,389,"54, RUE MARIETTON",,,Nuit avec éclairage allumé,En agglomération,Giratoire,Normale,Deux véhicules - côté,,,,,,,,,,,5,2,6,1.0,3.0
201100057249,0011-05-31 17:20:00,11,5,31,17,20,690,389,"13, RUE MOUILLARD",,,Plein jour,En agglomération,Hors intersection,Pluie légère,Deux véhicules - arrière,,,,,,,,,,,1,2,1,2.0,2.0
201100057250,0011-06-03 11:45:00,11,6,3,11,45,690,389,"59, RUE DE SAINT CYR",,,Plein jour,En agglomération,Intersection en T,Normale,Deux véhicules - arrière,,,,,,,,,,,1,2,3,1.0,2.0
201100057251,0011-06-05 05:20:00,11,6,5,5,20,690,389,"36, GRANDE RUE DE VAISE",,,Crépuscule ou aube,En agglomération,Hors intersection,Normale,Deux véhicules - arrière,,,,,,,,,,,2,2,1,1.0,2.0
201100057252,0011-06-07 23:40:00,11,6,7,23,40,690,389,"22, RUE SAINT PIERRE DE",,,Nuit avec éclairage allumé,En agglomération,Hors intersection,Pluie forte,Autre collision,,,,,,,,,,,5,2,1,3.0,6.0
201100057253,0011-06-08 16:25:00,11,6,8,16,25,690,389,"33, RUE DU BOURBONNAIS",,,Plein jour,En agglomération,Autre intersection,Normale,Deux véhicules - côté,,,,,,,,,,,1,2,9,1.0,3.0
201100057254,0011-06-10 15:50:00,11,6,10,15,50,690,389,"37, RUE DU 24 MARS 1852",,,Plein jour,En agglomération,Hors intersection,Normale,Autre collision,,,,,,,,,,,1,2,1,1.0,6.0
201100057255,0011-06-15 13:00:00,11,6,15,13,0,690,389,"17, GRANDE RUE DE SAINT",,,Plein jour,En agglomération,Hors intersection,Normale,Autre collision,,,,,,,,,,,1,2,1,1.0,6.0
201100057256,0011-06-14 19:15:00,11,6,14,19,15,690,389,"110, RUE MARIETTON",,,Plein jour,En agglomération,Hors intersection,Normale,Deux véhicules - arrière,,,,,,,,,,,1,2,1,1.0,2.0
201100057257,0011-06-18 18:55:00,11,6,18,18,55,690,389,"17, RUE PROFESSEUR PATEL",,,Plein jour,En agglomération,Intersection en T,Normale,Sans collision,,,,,,,,,,,1,2,3,1.0,7.0
201100057258,0011-06-25 19:00:00,11,6,25,19,0,690,389,"13, QUAI ARLOING",,,Plein jour,En agglomération,Hors intersection,Normale,Deux véhicules - frontale,,,,,,,,,,,1,2,1,1.0,1.0
201100057259,0011-06-29 17:00:00,11,6,29,17,0,690,389,"65, RUE DE SAINT CYR",,,Plein jour,En agglomération,Hors intersection,Normale,Trois véhicules et plus - en chaîne,,,,,,,,,,,1,2,1,1.0,4.0
201100057260,0011-06-30 08:55:00,11,6,30,8,55,690,389,"176, RUE DE SAINT CYR",,,Plein jour,En agglomération,Hors intersection,Normale,Deux véhicules - côté,,,,,,,,,,,1,2,1,1.0,3.0
201100057261,0011-06-26 11:00:00,11,6,26,11,0,690,389,"233, BOULEVARD DE LA DUC",,,Plein jour,En agglomération,Hors intersection,Normale,Sans collision,,,,,,,,,,,1,2,1,1.0,7.0
201100057262,0011-06-26 11:20:00,11,6,26,11,20,690,389,"22, RUE DU CHAPEAU ROUGE",,,Plein jour,En agglomération,Hors intersection,Normale,Deux véhicules - côté,,,,,,,,,,,1,2,1,1.0,3.0
201100057263,0011-07-04 18:30:00,11,7,4,18,30,690,389,"16, QUAI JAYR",,,Plein jour,En agglomération,Intersection en X,Normale,Deux véhicules - côté,,,,,,,,,,,1,2,2,1.0,3.0
201100057264,0011-07-06 17:10:00,11,7,6,17,10,690,389,"39, AVENUE SIDOINE APOLL",,,Plein jour,En agglomération,Hors intersection,Normale,Deux véhicules - frontale,,,,,,,,,,,1,2,1,1.0,1.0
201100057265,0011-07-07 06:45:00,11,7,7,6,45,690,389,"68, AVENUE SIDOINE APOLL",,,Plein jour,En agglomération,Intersection en X,Normale,Deux véhicules - côté,,,,,,,,,,,1,2,2,1.0,3.0
201100057266,0011-07-08 16:20:00,11,7,8,16,20,690,81,"22, AVENUE RAYMOND DE VE",,,Plein jour,En agglomération,Intersection en X,Normale,Trois véhicules et plus - collisions multiples,,,,,,,,,,,1,2,2,1.0,5.0
201100057267,0011-07-15 18:20:00,11,7,15,18,20,690,389,"50, RUE DE BOURGOGNE",,,Plein jour,En agglomération,Intersection en T,Normale,Sans collision,,,,,,,,,,,1,2,3,1.0,7.0
201100057268,0011-07-20 09:20:00,11,7,20,9,20,690,389,"34, QUAI JAYR",,,Plein jour,En agglomération,Hors intersection,Temps couvert,Deux véhicules - côté,,,,,,,,,,,1,2,1,8.0,3.0
201100057269,0011-07-20 14:45:00,11,7,20,14,45,690,389,"20, BOULEVARD ANTOINE DE",,,Plein jour,En agglomération,Hors intersection,Pluie légère,Sans collision,,,,,,,,,,,1,2,1,2.0,7.0
201100057270,0011-07-24 16:45:00,11,7,24,16,45,690,389,"34, QUAI JAYR",,,Plein jour,En agglomération,Hors intersection,Normale,Deux véhicules - arrière,,,,,,,,,,,1,2,1,1.0,2.0
201100057271,0011-07-25 19:20:00,11,7,25,19,20,690,389,"FACE 19, QUAI JAYR",,,Plein jour,En agglomération,Autre intersection,Pluie légère,Deux véhicules - côté,,,,,,,,,,,1,2,9,2.0,3.0
201100057272,0011-07-26 17:15:00,11,7,26,17,15,690,389,"220, BOULEVARD DE LA DUC",,,Plein jour,En agglomération,Intersection en X,Pluie légère,Autre collision,,,,,,,,,,,1,2,2,2.0,6.0
201100057273,0011-07-24 03:45:00,11,7,24,3,45,690,389,"172, RUE DE SAINT CYR",,,Nuit avec éclairage allumé,En agglomération,Hors intersection,Normale,Deux véhicules - frontale,,,,,,,,,,,5,2,1,1.0,1.0
201100057274,0011-08-08 18:00:00,11,8,8,18,0,690,81,"0, AVENUE DE VERDUN",,,Plein jour,En agglomération,Hors intersection,Normale,Trois véhicules et plus - collisions multiples,,,,,,,,,,,1,2,1,1.0,5.0
201100057275,0011-08-10 19:00:00,11,8,10,19,0,690,389,"17, RUE ERNEST FABREGUE",,,Plein jour,En agglomération,Intersection en T,Normale,Autre collision,,,,,,,,,,,1,2,3,1.0,6.0
201100057276,0011-08-17 10:15:00,11,8,17,10,15,690,389,"1, PLACE DU MARCHE",,,Plein jour,En agglomération,Hors intersection,Normale,Autre collision,,,,,,,,,,,1,2,1,1.0,6.0
201100057277,0011-08-27 16:45:00,11,8,27,16,45,690,389,"23, QUAI PIERRE SCIZE",,,Plein jour,En agglomération,Hors intersection,Normale,Autre collision,,,,,,,,,,,1,2,1,1.0,6.0
201100057278,0011-08-26 14:54:00,11,8,26,14,54,690,389,"4, QUAI ARLOING",,,Plein jour,En agglomération,Hors intersection,Pluie forte,Trois véhicules et plus - collisions multiples,,,,,,,,,,,1,2,1,3.0,5.0
201100057279,0011-09-01 07:20:00,11,9,1,7,20,690,389,"192, AVENUE BARTHELEMY B",,,Plein jour,En agglomération,Hors intersection,Normale,Autre collision,,,,,,,,,,,1,2,1,1.0,6.0
201100057280,0011-09-03 22:25:00,11,9,3,22,25,690,389,"6, RUE DE LA CORDERIE",,,Nuit avec éclairage allumé,En agglomération,Hors intersection,Normale,Autre collision,,,,,,,,,,,5,2,1,1.0,6.0
201100057281,0011-08-16 19:45:00,11,8,16,19,45,690,389,"75, RUE MARIETTON",,,Plein jour,En agglomération,Hors intersection,Normale,Deux véhicules - côté,,,,,,,,,,,1,2,1,1.0,3.0
201100057282,0011-09-06 23:55:00,11,9,6,23,55,690,389,"24, AVENUE JOANNES MASSE",,,Nuit avec éclairage allumé,En agglomération,Hors intersection,Normale,Autre collision,,,,,,,,,,,5,2,1,1.0,6.0
201100057283,0011-09-09 08:15:00,11,9,9,8,15,690,389,"89, AVENUE DU 25E REGIME",,,Plein jour,En agglomération,Hors intersection,Normale,Sans collision,,,,,,,,,,,1,2,1,1.0,7.0
201100057284,0011-09-09 16:40:00,11,9,9,16,40,690,389,"95, AVENUE DU 25E REGIME",,,Plein jour,En agglomération,Hors intersection,Normale,Sans collision,,,,,,,,,,,1,2,1,1.0,7.0
201100057285,0011-09-12 07:30:00,11,9,12,7,30,690,389,"105, RUE MARIETTON",,,Plein jour,En agglomération,Hors intersection,Normale,Autre collision,,,,,,,,,,,1,2,1,1.0,6.0
201100057286,0011-09-12 12:30:00,11,9,12,12,30,690,389,"9, RUE DE LA CLAIRE",,,Plein jour,En agglomération,Hors intersection,Normale,Autre collision,,,,,,,,,,,1,2,1,1.0,6.0
201100057287,0011-09-13 19:30:00,11,9,13,19,30,690,389,"1, ROND-POINT DES MONTS",,,Crépuscule ou aube,En agglomération,Hors intersection,Normale,Autre collision,,,,,,,,,,,2,2,1,1.0,6.0
201100057288,0011-09-19 07:43:00,11,9,19,7,43,690,389,"41, RUE DES DOCKS",,,Plein jour,En agglomération,Intersection en X,Pluie légère,Deux véhicules - côté,,,,,,,,,,,1,2,2,2.0,3.0
201100057289,0011-09-19 18:45:00,11,9,19,18,45,690,389,"14, RUE PROFESSEUR PATEL",,,Plein jour,En agglomération,Hors intersection,Normale,Autre collision,,,,,,,,,,,1,2,1,1.0,6.0
201100057290,0011-09-20 17:45:00,11,9,20,17,45,690,389,"4, QUAI DE LA GARE D EAU",,,Plein jour,En agglomération,Hors intersection,Normale,Autre collision,,,,,,,,,,,1,2,1,1.0,6.0
201100057291,0011-09-26 21:15:00,11,9,26,21,15,690,389,"27, PLACE VALMY",,,Nuit avec éclairage allumé,En agglomération,Intersection en X,Normale,Deux véhicules - côté,,,,,,,,,,,5,2,2,1.0,3.0
201100057292,0011-09-30 07:12:00,11,9,30,7,12,690,389,"48, RUE JOANNES CARRET",,,Crépuscule ou aube,En agglomération,Hors intersection,Normale,Autre collision,,,,,,,,,,,2,2,1,1.0,6.0
201100057293,0011-09-26 09:00:00,11,9,26,9,0,690,389,"17, QUAI JAYR",,,Plein jour,En agglomération,Hors intersection,Normale,Autre collision,,,,,,,,,,,1,2,1,1.0,6.0
201100057294,0011-10-01 20:30:00,11,10,1,20,30,690,389,"17, QUAI PAUL SEDALLIAN",,,Nuit avec éclairage allumé,En agglomération,Hors intersection,Normale,Deux véhicules - frontale,,,,,,,,,,,5,2,1,1.0,1.0
201100057295,0011-10-01 12:00:00,11,10,1,12,0,690,389,"563, AVENUE D ECULLY",,,Plein jour,En agglomération,Hors intersection,Normale,Autre collision,,,,,,,,,,,1,2,1,1.0,6.0
201100057296,0011-10-04 18:00:00,11,10,4,18,0,690,81,"20, CHEMIN DE CHARBONNIE",,,Plein jour,En agglomération,Hors intersection,Normale,Sans collision,,,,,,,,,,,1,2,1,1.0,7.0
201100057297,0011-10-07 17:40:00,11,10,7,17,40,690,389,"47, RUE DE BOURGOGNE",,,Plein jour,En agglomération,Intersection en T,Temps couvert,Deux véhicules - côté,,,,,,,,,,,1,2,3,8.0,3.0
201100057298,0011-10-15 15:05:00,11,10,15,15,5,690,389,"24, RUE DE SAINT CYR",,,Plein jour,En agglomération,Hors intersection,Normale,Autre collision,,,,,,,,,,,1,2,1,1.0,6.0
201100057299,0011-10-20 17:15:00,11,10,20,17,15,690,389,"4, RUE PROFESSEUR GUERIN",,,Crépuscule ou aube,En agglomération,Hors intersection,Normale,Autre collision,,,,,,,,,,,2,2,1,1.0,6.0
201100057300,0011-10-24 15:00:00,11,10,24,15,0,690,389,"86, RUE DE SAINT CYR",,,Plein jour,En agglomération,Hors intersection,Normale,Autre collision,,,,,,,,,,,1,2,1,1.0,6.0
201100057301,0011-10-25 19:30:00,11,10,25,19,30,690,81,AVENUE EDOUARD AYNARD,,,Nuit avec éclairage allumé,En agglomération,Intersection en T,Temps couvert,Deux véhicules - côté,,,,,,,,,,,5,2,3,8.0,3.0
201100057302,0011-10-07 15:50:00,11,10,7,15,50,690,389,"140, AVENUE BARTHELEMY B",,,Plein jour,En agglomération,Hors intersection,Pluie légère,Autre collision,,,,,,,,,,,1,2,1,2.0,6.0
201100057303,0011-11-02 08:30:00,11,11,2,8,30,690,389,"36, RUE SERGENT MICHEL B",,,Plein jour,En agglomération,Intersection en X,Normale,Deux véhicules - arrière,,,,,,,,,,,1,2,2,1.0,2.0
201100057304,0011-11-04 11:25:00,11,11,4,11,25,690,389,"28, RUE SERGENT MICHEL B",,,Plein jour,En agglomération,Intersection en X,Pluie légère,Autre collision,,,,,,,,,,,1,2,2,2.0,6.0
201100057305,0011-11-04 20:28:00,11,11,4,20,28,690,389,"1, PLACE DU PORT MOUTON",,,Nuit avec éclairage allumé,En agglomération,Hors intersection,Pluie légère,Autre collision,,,,,,,,,,,5,2,1,2.0,6.0
201100057306,0011-11-08 07:55:00,11,11,8,7,55,690,389,"14, RUE GORGE DE LOUP",,,Plein jour,En agglomération,Hors intersection,Normale,Autre collision,,,,,,,,,,,1,2,1,1.0,6.0
201100057307,0011-11-14 19:45:00,11,11,14,19,45,690,389,"245, AVENUE DU PLATEAU",,,Nuit avec éclairage allumé,En agglomération,Hors intersection,Normale,Autre collision,,,,,,,,,,,5,2,1,1.0,6.0
201100057308,0011-11-09 18:00:00,11,11,9,18,0,690,389,"69, AVENUE DU 25E REGIME",,,Nuit avec éclairage allumé,En agglomération,Hors intersection,Normale,Deux véhicules - frontale,,,,,,,,,,,5,2,1,1.0,1.0
201100057309,0011-11-14 10:15:00,11,11,14,10,15,690,389,"2, RUE MARIETTON",,,Plein jour,En agglomération,Hors intersection,Normale,Deux véhicules - arrière,,,,,,,,,,,1,2,1,1.0,2.0
201100057310,0011-11-16 19:50:00,11,11,16,19,50,690,389,"4, QUAI CHAUVEAU",,,Nuit avec éclairage allumé,En agglomération,Intersection en T,Normale,Deux véhicules - côté,,,,,,,,,,,5,2,3,1.0,3.0
201100057311,0011-11-08 18:30:00,11,11,8,18,30,690,389,"12, QUAI JAYR",,,Nuit avec éclairage allumé,En agglomération,Hors intersection,Pluie légère,Autre collision,,,,,,,,,,,5,2,1,2.0,6.0
201100057312,0011-11-09 06:55:00,11,11,9,6,55,690,389,"16, RUE DE SAINT CYR",,,Crépuscule ou aube,En agglomération,Hors intersection,Normale,Autre collision,,,,,,,,,,,2,2,1,1.0,6.0
201100057313,0011-11-16 16:05:00,11,11,16,16,5,690,81,"18, AVENUE DU DOCTEUR TE",,,Plein jour,En agglomération,Intersection en T,Normale,Autre collision,,,,,,,,,,,1,2,3,1.0,6.0
201100057314,0011-11-18 16:40:00,11,11,18,16,40,690,389,"59, RUE DE LA CLAIRE",,,Plein jour,En agglomération,Hors intersection,Normale,Autre collision,,,,,,,,,,,1,2,1,1.0,6.0
201100057315,0011-11-17 08:30:00,11,11,17,8,30,690,389,"44, RUE SERGENT MICHEL B",,,Plein jour,En agglomération,Hors intersection,Normale,Autre collision,,,,,,,,,,,1,2,1,1.0,6.0
201100057316,0011-11-26 15:05:00,11,11,26,15,5,690,389,"29, QUAI ARLOING",,,Plein jour,En agglomération,Hors intersection,Temps couvert,Autre collision,,,,,,,,,,,1,2,1,8.0,6.0
201100057317,0011-11-14 15:15:00,11,11,14,15,15,690,81,"10, BOULEVARD DU VALVERT",,,Plein jour,En agglomération,Hors intersection,Normale,Deux véhicules - arrière,,,,,,,,,,,1,2,1,1.0,2.0
201100057318,0011-11-29 22:56:00,11,11,29,22,56,690,389,"1, AVENUE BEN GOURION",,,Nuit avec éclairage allumé,En agglomération,Hors intersection,Normale,Deux véhicules - côté,,,,,,,,,,,5,2,1,1.0,3.0
201100057319,0011-12-02 10:30:00,11,12,2,10,30,690,389,"10, RUE DE BOURGOGNE",,,Plein jour,En agglomération,Hors intersection,Pluie légère,Deux véhicules - arrière,,,,,,,,,,,1,2,1,2.0,2.0
201100057320,0011-12-02 19:15:00,11,12,2,19,15,690,81,"37, CHEMIN DE PONTET ET",,,Nuit avec éclairage allumé,En agglomération,Intersection en T,Pluie légère,Deux véhicules - frontale,,,,,,,,,,,5,2,3,2.0,1.0
201100057321,0011-12-01 19:21:00,11,12,1,19,21,690,389,"480, AVENUE BEN GOURION",,,Nuit sans éclairage public,En agglomération,Intersection en X,Normale,Deux véhicules - côté,,,,,,,,,,,3,2,2,1.0,3.0
201100057322,0011-12-06 09:15:00,11,12,6,9,15,690,389,"59, RUE DE BOURGOGNE",,,Plein jour,En agglomération,Hors intersection,Pluie légère,Deux véhicules - côté,,,,,,,,,,,1,2,1,2.0,3.0
201100057323,0011-12-10 18:05:00,11,12,10,18,5,690,389,"33, RUE LAURE DIEBOLD",,,Nuit avec éclairage allumé,En agglomération,Intersection en T,Normale,Deux véhicules - frontale,,,,,,,,,,,5,2,3,1.0,1.0
201100057324,0011-12-13 11:30:00,11,12,13,11,30,690,389,"220, BOULEVARD DE LA DUC",,,Plein jour,En agglomération,Hors intersection,Normale,Deux véhicules - arrière,,,,,,,,,,,1,2,1,1.0,2.0
201100057325,0011-12-14 16:15:00,11,12,14,16,15,690,389,"36, RUE JOANNES CARRET",,,Plein jour,En agglomération,Hors intersection,Temps couvert,Autre collision,,,,,,,,,,,1,2,1,8.0,6.0
201100057326,0011-12-20 18:20:00,11,12,20,18,20,690,389,"38, QUAI ARLOING",,,Nuit sans éclairage public,En agglomération,Intersection en T,Pluie forte,Autre collision,,,,,,,,,,,3,2,3,3.0,6.0
201100057327,0011-12-21 09:30:00,11,12,21,9,30,690,389,"63, RUE DE SAINT CYR",,,Plein jour,En agglomération,Hors intersection,Pluie légère,Autre collision,,,,,,,,,,,1,2,1,2.0,6.0
201100057328,0011-12-26 13:50:00,11,12,26,13,50,690,389,"25, RUE TRANSVERSALE",,,Plein jour,En agglomération,Intersection en X,Normale,Deux véhicules - frontale,,,,,,,,,,,1,2,2,1.0,1.0
201100057329,0011-12-28 19:15:00,11,12,28,19,15,690,389,"33, AVENUE SIDOINE APOLL",,,Nuit avec éclairage allumé,En agglomération,Hors intersection,Brouillard / fumée,Autre collision,,,,,,,,,,,5,2,1,5.0,6.0
201100057330,0011-01-02 17:28:00,11,1,2,17,28,830,144,A57,,,Nuit sans éclairage public,Hors agglomération,Hors intersection,Normale,Trois véhicules et plus - en chaîne,,,,,,,,,,,3,1,1,1.0,4.0
201100057331,0011-01-06 18:40:00,11,1,6,18,40,830,137,A57,,,Crépuscule ou aube,Hors agglomération,Hors intersection,Pluie légère,Sans collision,,,,,,,,,,,2,1,1,2.0,7.0
201100057332,0011-01-12 16:30:00,11,1,12,16,30,830,137,A50,,,Plein jour,Hors agglomération,Hors intersection,Normale,Deux véhicules - côté,,,,,,,,,,,1,1,1,1.0,3.0
201100057333,0011-01-13 17:25:00,11,1,13,17,25,830,137,A57,,,Nuit avec éclairage allumé,Hors agglomération,Hors intersection,Normale,Trois véhicules et plus - en chaîne,,,,,,,,,,,5,1,1,1.0,4.0
201100057334,0011-01-28 15:58:00,11,1,28,15,58,830,126,A50,,,Plein jour,Hors agglomération,Hors intersection,Normale,Sans collision,,,,,,,,,,,1,1,1,1.0,7.0
201100057335,0011-01-29 15:42:00,11,1,29,15,42,830,137,A50,,,Plein jour,Hors agglomération,Hors intersection,Pluie légère,Deux véhicules - arrière,,,,,,,,,,,1,1,1,2.0,2.0
201100057336,0011-03-25 18:10:00,11,3,25,18,10,830,137,A57,,,Plein jour,Hors agglomération,Hors intersection,Normale,Deux véhicules - côté,,,,,,,,,,,1,1,1,1.0,3.0
201100057337,0011-03-28 10:30:00,11,3,28,10,30,130,28,A50,,,Plein jour,Hors agglomération,Hors intersection,Normale,Deux véhicules - arrière,,,,,,,,,,,1,1,1,1.0,2.0
201100057338,0011-04-02 06:00:00,11,4,2,6,0,830,137,A50,,,Nuit sans éclairage public,Hors agglomération,Hors intersection,Normale,Deux véhicules - arrière,,,,,,,,,,,3,1,1,1.0,2.0
201100057339,0011-04-07 07:30:00,11,4,7,7,30,830,137,A50,,,Plein jour,Hors agglomération,Hors intersection,Normale,Deux véhicules - arrière,,,,,,,,,,,1,1,1,1.0,2.0
201100057340,0011-04-07 09:45:00,11,4,7,9,45,830,137,A50,,,Plein jour,Hors agglomération,Hors intersection,Normale,Deux véhicules - arrière,,,,,,,,,,,1,1,1,1.0,2.0
201100057341,0011-04-26 18:15:00,11,4,26,18,15,830,144,A57,,,Plein jour,Hors agglomération,Hors intersection,Normale,Deux véhicules - arrière,,,,,,,,,,,1,1,1,1.0,2.0
201100057342,0011-04-27 14:56:00,11,4,27,14,56,830,137,A57,,,Plein jour,Hors agglomération,Hors intersection,Normale,Trois véhicules et plus - en chaîne,,,,,,,,,,,1,1,1,1.0,4.0
201100057343,0011-04-27 16:50:00,11,4,27,16,50,830,27,A50,,,Plein jour,Hors agglomération,Intersection en Y,Normale,Deux véhicules - arrière,,,,,,,,,,,1,1,4,1.0,2.0
201100057344,0011-05-03 09:00:00,11,5,3,9,0,830,69,RN98,,,Plein jour,Hors agglomération,Hors intersection,Normale,Deux véhicules - côté,,,,,,,,,,,1,1,1,1.0,3.0
201100057345,0011-05-06 07:10:00,11,5,6,7,10,130,28,A50,,,Plein jour,Hors agglomération,Hors intersection,Normale,Deux véhicules - arrière,,,,,,,,,,,1,1,1,1.0,2.0
201100057346,0011-05-06 09:45:00,11,5,6,9,45,830,144,A57,,,Plein jour,Hors agglomération,Hors intersection,Normale,Trois véhicules et plus - en chaîne,,,,,,,,,,,1,1,1,1.0,4.0
201100057347,0011-05-06 17:10:00,11,5,6,17,10,830,144,A57,,,Plein jour,Hors agglomération,Hors intersection,Normale,Trois véhicules et plus - en chaîne,,,,,,,,,,,1,1,1,1.0,4.0