accident_id,datetime,annee,mois,jour,heure,minute,departement,commune_insee,adresse,latitude,longitude,luminosite,agglomeration,intersection,meteo,collision,nb_vehicules,nb_usagers,nb_indemnes,nb_tues,nb_blesses_hosp,nb_blesses_legers,age_cond_1,age_cond_2,veh_type_cond_1,veh_type_cond_2,lum_code,agg_code,int_code,atm_code,col_code
201100057842,0011-05-01 12:50:00,11,5,1,12,50,750,101,"186, RUE DE RIVOLI",,,Plein jour,En agglomération,Hors intersection,Temps éblouissant,Autre collision,,,,,,,,,,,1,2,1,7.0,6.0
201100057843,0011-05-01 20:00:00,11,5,1,20,0,750,101,"162, RUE DE RIVOLI",,,Plein jour,En agglomération,Intersection en T,Normale,Autre collision,,,,,,,,,,,1,2,3,1.0,6.0
201100057844,0011-05-04 04:50:00,11,5,4,4,50,750,101,"162, RUE DE RIVOLI",,,Nuit avec éclairage allumé,En agglomération,Intersection en T,Normale,Deux véhicules - arrière,,,,,,,,,,,5,2,3,1.0,2.0
201100057845,0011-05-04 12:20:00,11,5,4,12,20,750,101,"41, BOULEVARD DE SEBASTO",,,Plein jour,En agglomération,Intersection en T,Normale,Autre collision,,,,,,,,,,,1,2,3,1.0,6.0
201100057846,0011-05-05 21:00:00,11,5,5,21,0,750,102,"28, AVENUE DE L OPERA",,,Crépuscule ou aube,En agglomération,Intersection à plus de 4 branches,Normale,Deux véhicules - côté,,,,,,,,,,,2,2,5,1.0,3.0
201100057847,0011-05-09 18:30:00,11,5,9,18,30,750,101,"48re, RUE DU LOUVRE",,,Plein jour,En agglomération,Intersection en Y,Normale,Autre collision,,,,,,,,,,,1,2,4,1.0,6.0
201100057848,0011-05-11 10:00:00,11,5,11,10,0,750,101,"244, RUE DE RIVOLI",,,Plein jour,En agglomération,Intersection en T,Normale,Autre collision,,,,,,,,,,,1,2,3,1.0,6.0
201100057849,0011-05-11 15:50:00,11,5,11,15,50,750,101,"65, RUE DE RIVOLI",,,Plein jour,En agglomération,Intersection en X,Normale,Autre collision,,,,,,,,,,,1,2,2,1.0,6.0
201100057850,0011-05-11 20:50:00,11,5,11,20,50,750,101,RUE SAINT HONORE,,,Nuit avec éclairage allumé,En agglomération,Intersection en X,Normale,Autre collision,,,,,,,,,,,5,2,2,1.0,6.0
201100057851,0011-05-18 12:30:00,11,5,18,12,30,750,101,"1, BOULEVARD DE SEBASTOP",,,Plein jour,En agglomération,Intersection en X,Normale,Deux véhicules - côté,,,,,,,,,,,1,2,2,1.0,3.0
201100057852,0011-05-20 09:15:00,11,5,20,9,15,750,101,"336, RUE SAINT HONORE",,,Plein jour,En agglomération,Hors intersection,Normale,Autre collision,,,,,,,,,,,1,2,1,1.0,6.0
201100057853,0011-05-20 18:25:00,11,5,20,18,25,750,101,"01, PLACE VENDOME",,,Plein jour,En agglomération,Intersection à plus de 4 branches,Normale,Deux véhicules - côté,,,,,,,,,,,1,2,5,1.0,3.0
201100057854,0011-05-21 15:50:00,11,5,21,15,50,750,101,RUE DE TURBIGO,,,Plein jour,En agglomération,Intersection en Y,Normale,Autre collision,,,,,,,,,,,1,2,4,1.0,6.0
201100057855,0011-05-23 20:38:00,11,5,23,20,38,750,101,"93, RUE DE RIVOLI",,,Crépuscule ou aube,En agglomération,Hors intersection,Normale,Autre collision,,,,,,,,,,,2,2,1,1.0,6.0
201100057856,0011-05-24 08:20:00,11,5,24,8,20,750,101,"204, RUE DE RIVOLI",,,Plein jour,En agglomération,Hors intersection,Normale,Deux véhicules - côté,,,,,,,,,,,1,2,1,1.0,3.0
201100057857,0011-05-24 16:20:00,11,5,24,16,20,750,101,PONT NEUF,,,Plein jour,En agglomération,Hors intersection,Normale,Autre collision,,,,,,,,,,,1,2,1,1.0,6.0
201100057858,0011-05-25 15:20:00,11,5,25,15,20,750,101,"21, PLACE VENDOME",,,Plein jour,En agglomération,Place,Normale,Deux véhicules - côté,,,,,,,,,,,1,2,7,1.0,3.0
201100057859,0011-05-25 17:30:00,11,5,25,17,30,750,101,"7, BOULEVARD DE SEBASTOP",,,Plein jour,En agglomération,Intersection à plus de 4 branches,Normale,Deux véhicules - côté,,,,,,,,,,,1,2,5,1.0,3.0
201100057860,0011-05-25 21:00:00,11,5,25,21,0,750,101,"4, BOULEVARD DU PALAIS",,,Plein jour,En agglomération,Hors intersection,Normale,Deux véhicules - côté,,,,,,,,,,,1,2,1,1.0,3.0
201100057861,0011-05-29 16:05:00,11,5,29,16,5,750,101,"2, QUAI FRANCOIS MITTERR",,,Plein jour,En agglomération,Intersection à plus de 4 branches,Normale,Deux véhicules - arrière,,,,,,,,,,,1,2,5,1.0,2.0
201100057862,0011-05-31 15:45:00,11,5,31,15,45,750,101,"12, RUE DE RICHELIEU",,,Plein jour,En agglomération,Hors intersection,Temps couvert,Autre collision,,,,,,,,,,,1,2,1,8.0,6.0
201100057863,0011-06-01 11:30:00,11,6,1,11,30,750,101,"41, BOULEVARD DE SEBASTO",,,Plein jour,En agglomération,Intersection en T,Normale,Autre collision,,,,,,,,,,,1,2,3,1.0,6.0
201100057864,0011-06-03 12:20:00,11,6,3,12,20,750,101,"15 bis, RUE DU LOUVRE",,,Plein jour,En agglomération,Hors intersection,Normale,Autre collision,,,,,,,,,,,1,2,1,1.0,6.0
201100057865,0011-06-03 19:15:00,11,6,3,19,15,750,101,"53, BOULEVARD DE SEBASTO",,,Plein jour,En agglomération,Intersection en X,Normale,Autre collision,,,,,,,,,,,1,2,2,1.0,6.0
201100057866,0011-06-06 19:32:00,11,6,6,19,32,750,101,"26, AVENUE DE L OPERA",,,Plein jour,En agglomération,Intersection à plus de 4 branches,Temps couvert,Deux véhicules - arrière,,,,,,,,,,,1,2,5,8.0,2.0
201100057867,0011-06-06 21:00:00,11,6,6,21,0,750,101,"19, BOULEVARD DE SEBASTO",,,Crépuscule ou aube,En agglomération,Intersection en X,Normale,Sans collision,,,,,,,,,,,2,2,2,1.0,7.0
201100057868,0011-06-08 23:20:00,11,6,8,23,20,750,101,"656, RUE SAINT HONORE",,,Nuit avec éclairage allumé,En agglomération,Intersection en X,Normale,Autre collision,,,,,,,,,,,5,2,2,1.0,6.0
201100057869,0011-06-11 16:00:00,11,6,11,16,0,750,101,SOUTERRAIN COQUILLIERE,,,Plein jour,En agglomération,Intersection en X,Normale,Deux véhicules - arrière,,,,,,,,,,,1,2,2,1.0,2.0
201100057870,0011-06-13 17:25:00,11,6,13,17,25,750,101,BOULEVARD DE SEBASTOPOL,,,Plein jour,En agglomération,Intersection en T,Normale,Deux véhicules - côté,,,,,,,,,,,1,2,3,1.0,3.0
201100057871,0011-06-14 14:20:00,11,6,14,14,20,750,101,"57, BOULEVARD DE SEBASTO",,,Plein jour,En agglomération,Hors intersection,Normale,Deux véhicules - côté,,,,,,,,,,,1,2,1,1.0,3.0
201100057872,0011-06-14 14:50:00,11,6,14,14,50,750,101,"12, PLACE VENDOME",,,Plein jour,En agglomération,Hors intersection,Normale,Autre collision,,,,,,,,,,,1,2,1,1.0,6.0
201100057873,0011-06-17 01:55:00,11,6,17,1,55,750,101,"10, PLACE DU CARROUSEL",,,Nuit avec éclairage allumé,En agglomération,Hors intersection,Normale,Autre collision,,,,,,,,,,,5,2,1,1.0,6.0
201100057874,0011-06-18 04:40:00,11,6,18,4,40,750,101,"152, RUE DE RIVOLI",,,Nuit avec éclairage allumé,En agglomération,Intersection en X,Temps couvert,Autre collision,,,,,,,,,,,5,2,2,8.0,6.0
201100057875,0011-06-19 04:10:00,11,6,19,4,10,750,101,"1, QUAI FRANCOIS MITTERR",,,Nuit avec éclairage allumé,En agglomération,Intersection en X,Normale,Deux véhicules - côté,,,,,,,,,,,5,2,2,1.0,3.0
201100057876,0011-06-21 20:05:00,11,6,21,20,5,750,101,"244, RUE DE RIVOLI",,,Plein jour,En agglomération,Intersection en T,Normale,Autre collision,,,,,,,,,,,1,2,3,1.0,6.0
201100057877,0011-06-22 08:50:00,11,6,22,8,50,750,109,RUE AUBER,,,Plein jour,En agglomération,Place,Pluie légère,Autre collision,,,,,,,,,,,1,2,7,2.0,6.0
201100057878,0011-06-23 22:25:00,11,6,23,22,25,750,101,"31, SOUTERRAIN PONT NEUF",,,Nuit avec éclairage allumé,En agglomération,Hors intersection,Normale,Sans collision,,,,,,,,,,,5,2,1,1.0,7.0
201100057879,0011-06-24 08:40:00,11,6,24,8,40,750,101,"09, RUE DES PYRAMIDES",,,Plein jour,En agglomération,Intersection en X,Normale,Autre collision,,,,,,,,,,,1,2,2,1.0,6.0
201100057880,0011-06-24 09:05:00,11,6,24,9,5,750,101,"15 Bis, RUE DU LOUVRE",,,Plein jour,En agglomération,Intersection en X,Normale,Sans collision,,,,,,,,,,,1,2,2,1.0,7.0
201100057881,0011-06-26 16:15:00,11,6,26,16,15,750,101,SOUTERRAIN PONT NEUF,,,Nuit avec éclairage allumé,En agglomération,Hors intersection,Normale,Sans collision,,,,,,,,,,,5,2,1,1.0,7.0
201100057882,0011-06-26 22:20:00,11,6,26,22,20,750,101,"191, RUE SAINT HONORE",,,Nuit sans éclairage public,En agglomération,Intersection en T,Normale,Autre collision,,,,,,,,,,,3,2,3,1.0,6.0
201100057883,0011-06-28 20:15:00,11,6,28,20,15,750,101,PLACE DU MARCHE SAINT HO,,,Plein jour,En agglomération,Place,Normale,Deux véhicules - frontale,,,,,,,,,,,1,2,7,1.0,1.0
201100057884,0011-06-29 12:00:00,11,6,29,12,0,750,101,QUAI DES TUILERIES,,,Plein jour,En agglomération,Hors intersection,Normale,Deux véhicules - arrière,,,,,,,,,,,1,2,1,1.0,2.0
201100057885,0011-06-29 18:45:00,11,6,29,18,45,750,101,"5, RUE DU LOUVRE",,,Plein jour,En agglomération,Intersection en X,Normale,Autre collision,,,,,,,,,,,1,2,2,1.0,6.0
201100057886,0011-06-30 16:12:00,11,6,30,16,12,750,101,"3, BOULEVARD DU PALAIS",,,Plein jour,En agglomération,Hors intersection,Normale,Autre collision,,,,,,,,,,,1,2,1,1.0,6.0
201100057887,0011-07-01 09:50:00,11,7,1,9,50,750,101,"126, RUE DE RIVOLI",,,Nuit sans éclairage public,En agglomération,Intersection en X,Normale,Deux véhicules - côté,,,,,,,,,,,3,2,2,1.0,3.0
201100057888,0011-07-01 16:45:00,11,7,1,16,45,750,101,"9, BOULEVARD DE LA MADEL",,,Plein jour,En agglomération,Hors intersection,Normale,Deux véhicules - côté,,,,,,,,,,,1,2,1,1.0,3.0
201100057889,0011-07-02 19:15:00,11,7,2,19,15,750,101,VOIE GEORGES POMPIDOU,,,Plein jour,En agglomération,Hors intersection,Normale,Trois véhicules et plus - en chaîne,,,,,,,,,,,1,2,1,1.0,4.0
201100057890,0011-07-05 13:15:00,11,7,5,13,15,750,101,"239, RUE SAINT HONORE",,,Plein jour,En agglomération,Hors intersection,Normale,Trois véhicules et plus - en chaîne,,,,,,,,,,,1,2,1,1.0,4.0
201100057891,0011-07-06 14:30:00,11,7,6,14,30,750,101,"182, RUE SAINT HONORE",,,Plein jour,En agglomération,Hors intersection,Normale,Deux véhicules - côté,,,,,,,,,,,1,2,1,1.0,3.0
201100057892,0011-07-07 18:50:00,11,7,7,18,50,750,101,"15, PLACE DU PONT NEUF",,,Plein jour,En agglomération,Intersection en T,Normale,Deux véhicules - côté,,,,,,,,,,,1,2,3,1.0,3.0
201100057893,0011-07-08 02:45:00,11,7,8,2,45,750,101,RUE DE ROHAN,,,Nuit avec éclairage allumé,En agglomération,Intersection en X,Normale,Autre collision,,,,,,,,,,,5,2,2,1.0,6.0
201100057894,0011-07-08 06:50:00,11,7,8,6,50,750,101,"7550, QUAI DES TUILERIES",,,Plein jour,En agglomération,Hors intersection,Normale,Autre collision,,,,,,,,,,,1,2,1,1.0,6.0
201100057895,0011-07-08 16:50:00,11,7,8,16,50,750,101,"02, PLACE DU CHATELET",,,Plein jour,En agglomération,Intersection à plus de 4 branches,Normale,Deux véhicules - arrière,,,,,,,,,,,1,2,5,1.0,2.0
201100057896,0011-07-08 20:00:00,11,7,8,20,0,750,101,"04, QUAI FRANCOIS MITTER",,,Plein jour,En agglomération,Hors intersection,Normale,Deux véhicules - arrière,,,,,,,,,,,1,2,1,1.0,2.0
201100057897,0011-07-09 21:35:00,11,7,9,21,35,750,101,"03, RUE DE CASTIGLIONE",,,Crépuscule ou aube,En agglomération,Hors intersection,Normale,Deux véhicules - côté,,,,,,,,,,,2,2,1,1.0,3.0
201100057898,0011-07-11 14:30:00,11,7,11,14,30,750,101,"67, BOULEVARD DE SEBASTO",,,Plein jour,En agglomération,Intersection en X,Normale,Trois véhicules et plus - en chaîne,,,,,,,,,,,1,2,2,1.0,4.0
201100057899,0011-07-11 17:00:00,11,7,11,17,0,750,101,"42, PLACE DU MARCHE SAIN",,,Plein jour,En agglomération,Place,Normale,Sans collision,,,,,,,,,,,1,2,7,1.0,7.0
201100057900,0011-07-12 18:45:00,11,7,12,18,45,750,101,BOULEVARD DE SEBASTOPOL,,,Plein jour,En agglomération,Intersection en X,Temps couvert,Autre collision,,,,,,,,,,,1,2,2,8.0,6.0
201100057901,0011-07-13 01:40:00,11,7,13,1,40,750,101,"30, RUE PIERRE LESCOT",,,Nuit avec éclairage allumé,En agglomération,Hors intersection,Normale,Deux véhicules - frontale,,,,,,,,,,,5,2,1,1.0,1.0
201100057902,0011-07-16 10:55:00,11,7,16,10,55,750,104,"4, BOULEVARD DU PALAIS",,,Plein jour,En agglomération,Hors intersection,Pluie légère,Sans collision,,,,,,,,,,,1,2,1,2.0,7.0
201100057903,0011-07-18 09:20:00,11,7,18,9,20,750,101,", QUAI DES TUILERIES",,,Plein jour,En agglomération,Intersection en T,Normale,Deux véhicules - côté,,,,,,,,,,,1,2,3,1.0,3.0
201100057904,0011-07-19 14:25:00,11,7,19,14,25,750,101,PONT NEUF,,,Plein jour,En agglomération,Intersection à plus de 4 branches,Pluie forte,Autre collision,,,,,,,,,,,1,2,5,3.0,6.0
201100057905,0011-07-21 00:15:00,11,7,21,0,15,750,101,RUE DE ROHAN,,,Nuit avec éclairage allumé,En agglomération,Place,Pluie légère,Deux véhicules - côté,,,,,,,,,,,5,2,7,2.0,3.0
201100057906,0011-07-22 18:35:00,11,7,22,18,35,750,103,RUE BEAUBOURG,,,Plein jour,En agglomération,Intersection en X,Normale,Deux véhicules - côté,,,,,,,,,,,1,2,2,1.0,3.0
201100057907,0011-08-02 14:30:00,11,8,2,14,30,750,101,RUE SAINT HONORE,,,Plein jour,En agglomération,Intersection en T,Normale,Deux véhicules - côté,,,,,,,,,,,1,2,3,1.0,3.0
201100057908,0011-08-10 17:10:00,11,8,10,17,10,750,101,QUAI DE LA MEGISSERIE,,,Plein jour,En agglomération,Hors intersection,Normale,Deux véhicules - arrière,,,,,,,,,,,1,2,1,1.0,2.0
201100057909,0011-08-14 05:55:00,11,8,14,5,55,750,101,"5, RUE DE TURBIGO",,,Nuit avec éclairage allumé,En agglomération,Intersection en Y,Pluie légère,Sans collision,,,,,,,,,,,5,2,4,2.0,7.0
201100057910,0011-08-24 15:30:00,11,8,24,15,30,750,101,QUAI DES TUILERIES,,,Plein jour,En agglomération,Hors intersection,Normale,Autre collision,,,,,,,,,,,1,2,1,1.0,6.0
201100057911,0011-08-26 17:10:00,11,8,26,17,10,750,101,"174, RUE DE RIVOLI",,,Plein jour,En agglomération,Intersection en X,Temps couvert,Deux véhicules - arrière,,,,,,,,,,,1,2,2,8.0,2.0
201100057912,0011-08-28 20:30:00,11,8,28,20,30,750,101,BOULEVARD DE SEBASTOPOL,,,Plein jour,En agglomération,Intersection à plus de 4 branches,Normale,Deux véhicules - côté,,,,,,,,,,,1,2,5,1.0,3.0
201100057913,0011-08-29 14:50:00,11,8,29,14,50,750,101,"22, QUAI DE LA MEGISSERI",,,Plein jour,En agglomération,Intersection en T,Normale,Sans collision,,,,,,,,,,,1,2,3,1.0,7.0
201100057914,0011-08-29 16:45:00,11,8,29,16,45,750,101,"22, QUAI DE LA MEGISSERI",,,Plein jour,En agglomération,Intersection à plus de 4 branches,Normale,Deux véhicules - côté,,,,,,,,,,,1,2,5,1.0,3.0
201100057915,0011-09-03 09:45:00,11,9,3,9,45,750,102,", BOULEVARD DES ITALIENS",,,Plein jour,En agglomération,Hors intersection,Normale,Autre collision,,,,,,,,,,,1,2,1,1.0,6.0
201100057916,0011-09-04 14:35:00,11,9,4,14,35,750,101,"12, QUAI FRANCOIS MITTER",,,Plein jour,En agglomération,Hors intersection,Pluie légère,Deux véhicules - arrière,,,,,,,,,,,1,2,1,2.0,2.0
201100057917,0011-09-05 07:45:00,11,9,5,7,45,750,101,BOULEVARD DE SEBASTOPOL,,,Plein jour,En agglomération,Intersection à plus de 4 branches,Pluie légère,Deux véhicules - côté,,,,,,,,,,,1,2,5,2.0,3.0
201100057918,0011-09-08 23:20:00,11,9,8,23,20,750,101,"09, RUE DU MARCHE SAINT",,,Nuit avec éclairage allumé,En agglomération,Intersection en T,Normale,Deux véhicules - côté,,,,,,,,,,,5,2,3,1.0,3.0
201100057919,0011-09-09 12:00:00,11,9,9,12,0,750,102,"20, RUE ETIENNE MARCEL",,,Plein jour,En agglomération,Hors intersection,Normale,Autre collision,,,,,,,,,,,1,2,1,1.0,6.0
201100057920,0011-09-09 13:05:00,11,9,9,13,5,750,101,"9, RUE COQ HERON",,,Plein jour,En agglomération,Intersection en Y,Temps couvert,Deux véhicules - côté,,,,,,,,,,,1,2,4,8.0,3.0
201100057921,0011-09-09 17:15:00,11,9,9,17,15,750,101,"2, RUE DE L AMIRAL DE CO",,,Plein jour,En agglomération,Intersection en T,Normale,Sans collision,,,,,,,,,,,1,2,3,1.0,7.0
201100057922,0011-09-09 16:55:00,11,9,9,16,55,750,101,"35, BOULEVARD DE SEBASTO",,,Plein jour,En agglomération,Hors intersection,Normale,Deux véhicules - côté,,,,,,,,,,,1,2,1,1.0,3.0
201100057923,0011-09-10 18:00:00,11,9,10,18,0,750,101,SOUTERRAIN TUILERIES,,,Nuit avec éclairage allumé,En agglomération,Hors intersection,Normale,Sans collision,,,,,,,,,,,5,2,1,1.0,7.0
201100057924,0011-09-11 13:45:00,11,9,11,13,45,750,101,PLACE DU CHATELET,,,Plein jour,En agglomération,Place,Pluie légère,Sans collision,,,,,,,,,,,1,2,7,2.0,7.0
201100057925,0011-09-13 17:50:00,11,9,13,17,50,750,101,"2, RUE DE L ECHELLE",,,Plein jour,En agglomération,Intersection en T,Normale,Deux véhicules - côté,,,,,,,,,,,1,2,3,1.0,3.0
201100057926,0011-09-13 19:40:00,11,9,13,19,40,750,101,"63, RUE DE RIVOLI",,,Nuit sans éclairage public,En agglomération,Intersection en T,Normale,Autre collision,,,,,,,,,,,3,2,3,1.0,6.0
201100057927,0011-09-21 15:10:00,11,9,21,15,10,750,101,"19, QUAI DE L HORLOGE",,,Plein jour,En agglomération,Intersection en T,Normale,Autre collision,,,,,,,,,,,1,2,3,1.0,6.0
201100057928,0011-09-23 22:35:00,11,9,23,22,35,750,101,"4, PLACE VENDOME",,,Nuit avec éclairage allumé,En agglomération,Place,Normale,Autre collision,,,,,,,,,,,5,2,7,1.0,6.0
201100057929,0011-09-24 00:01:00,11,9,24,0,1,750,101,"6, RUE DE L AMIRAL DE CO",,,Nuit avec éclairage allumé,En agglomération,Hors intersection,Normale,Deux véhicules - côté,,,,,,,,,,,5,2,1,1.0,3.0
201100057930,0011-09-26 08:55:00,11,9,26,8,55,750,101,"7, AVENUE DE L OPERA",,,Plein jour,En agglomération,Hors intersection,Normale,Autre collision,,,,,,,,,,,1,2,1,1.0,6.0
201100057931,0011-10-01 00:15:00,11,10,1,0,15,750,101,RUE DE RIVOLI,,,Nuit avec éclairage allumé,En agglomération,Intersection à plus de 4 branches,Normale,Autre collision,,,,,,,,,,,5,2,5,1.0,6.0
201100057932,0011-10-05 10:15:00,11,10,5,10,15,750,101,"31, AVENUE DE L OPERA",,,Plein jour,En agglomération,Intersection à plus de 4 branches,Normale,Deux véhicules - côté,,,,,,,,,,,1,2,5,1.0,3.0
201100057933,0011-10-05 10:30:00,11,10,5,10,30,750,101,RUE CROIX DES PETITS CHA,,,Plein jour,En agglomération,Intersection en T,Normale,Deux véhicules - côté,,,,,,,,,,,1,2,3,1.0,3.0
201100057934,0011-10-05 13:40:00,11,10,5,13,40,750,101,RUE DE ROHAN,,,Plein jour,En agglomération,Intersection en X,Normale,Autre collision,,,,,,,,,,,1,2,2,1.0,6.0
201100057935,0011-10-06 12:45:00,11,10,6,12,45,750,101,"38, RUE BERGER",,,Plein jour,En agglomération,Intersection en T,Pluie légère,Deux véhicules - côté,,,,,,,,,,,1,2,3,2.0,3.0
201100057936,0011-10-08 17:00:00,11,10,8,17,0,750,101,"41, RUE DE RIVOLI",,,Plein jour,En agglomération,Intersection en X,Normale,Trois véhicules et plus - en chaîne,,,,,,,,,,,1,2,2,1.0,4.0
201100057937,0011-10-10 14:00:00,11,10,10,14,0,750,104,"1, VOIE GEORGES POMPIDOU",,,Plein jour,En agglomération,Hors intersection,Normale,Deux véhicules - arrière,,,,,,,,,,,1,2,1,1.0,2.0
201100057938,0011-10-13 05:50:00,11,10,13,5,50,750,101,"10, VOIE GEORGES POMPIDO",,,Nuit sans éclairage public,En agglomération,Hors intersection,Pluie légère,Deux véhicules - côté,,,,,,,,,,,3,2,1,2.0,3.0
201100057939,0011-10-13 14:15:00,11,10,13,14,15,750,101,"41, RUE DE RIVOLI",,,Plein jour,En agglomération,Intersection à plus de 4 branches,Normale,Deux véhicules - côté,,,,,,,,,,,1,2,5,1.0,3.0
201100057940,0011-10-13 16:00:00,11,10,13,16,0,750,101,"4, BOULEVARD DU PALAIS",,,Plein jour,En agglomération,Hors intersection,Normale,Autre collision,,,,,,,,,,,1,2,1,1.0,6.0
201100057941,0011-10-14 16:50:00,11,10,14,16,50,750,101,"121, RUE DE RIVOLI",,,Plein jour,En agglomération,Intersection en T,Normale,Autre collision,,,,,,,,,,,1,2,3,1.0,6.0
201100057942,0011-10-16 15:40:00,11,10,16,15,40,750,101,"64, RUE SAINT HONORE",,,Plein jour,En agglomération,Hors intersection,Normale,Autre collision,,,,,,,,,,,1,2,1,1.0,6.0
201100057943,0011-10-17 12:45:00,11,10,17,12,45,750,101,"02, PLACE VENDOME",,,Plein jour,En agglomération,Intersection en X,Normale,Autre collision,,,,,,,,,,,1,2,2,1.0,6.0
201100057944,0011-10-18 09:00:00,11,10,18,9,0,750,101,"19, RUE DES PYRAMIDES",,,Plein jour,En agglomération,Intersection en X,Normale,Autre collision,,,,,,,,,,,1,2,2,1.0,6.0
201100057945,0011-10-18 16:05:00,11,10,18,16,5,750,101,"25, RUE ETIENNE MARCEL",,,Plein jour,En agglomération,Intersection en X,Temps couvert,Autre collision,,,,,,,,,,,1,2,2,8.0,6.0
201100057946,0011-10-19 09:20:00,11,10,19,9,20,750,101,AVENUE GENERAL LEMONNIER,,,Plein jour,En agglomération,Intersection en X,Normale,Deux véhicules - arrière,,,,,,,,,,,1,2,2,1.0,2.0
201100057947,0011-10-20 15:15:00,11,10,20,15,15,750,101,RUE JEAN JACQUES ROUSSEA,,,Plein jour,En agglomération,Hors intersection,Normale,Deux véhicules - côté,,,,,,,,,,,1,2,1,1.0,3.0
201100057948,0011-10-27 16:40:00,11,10,27,16,40,750,101,"19, RUE ETIENNE MARCEL",,,Plein jour,En agglomération,Intersection à plus de 4 branches,Normale,Deux véhicules - côté,,,,,,,,,,,1,2,5,1.0,3.0
201100057949,0011-10-28 23:20:00,11,10,28,23,20,750,101,"1, AVENUE DE L OPERA",,,Nuit avec éclairage allumé,En agglomération,Place,Normale,Autre collision,,,,,,,,,,,5,2,7,1.0,6.0
201100057950,0011-11-02 20:30:00,11,11,2,20,30,750,101,"1, PLACE DU PONT NEUF",,,Nuit avec éclairage allumé,En agglomération,Place,Normale,Deux véhicules - arrière,,,,,,,,,,,5,2,7,1.0,2.0
201100057951,0011-11-05 05:00:00,11,11,5,5,0,750,101,"1, PLACE DU LOUVRE",,,Nuit avec éclairage allumé,En agglomération,Place,Pluie forte,Sans collision,,,,,,,,,,,5,2,7,3.0,7.0
201100057952,0011-11-05 19:20:00,11,11,5,19,20,750,101,"13, RUE SAINT DENIS",,,Nuit avec éclairage allumé,En agglomération,Hors intersection,Normale,Autre collision,,,,,,,,,,,5,2,1,1.0,6.0
201100057953,0011-11-09 11:45:00,11,11,9,11,45,750,101,"1, PLACE VENDOME",,,Plein jour,En agglomération,Place,Normale,Autre collision,,,,,,,,,,,1,2,7,1.0,6.0
201100057954,0011-11-11 22:30:00,11,11,11,22,30,750,101,RUE DE CASTIGLIONE,,,Nuit avec éclairage allumé,En agglomération,Intersection en X,Normale,Deux véhicules - côté,,,,,,,,,,,5,2,2,1.0,3.0
201100057955,0011-11-11 23:40:00,11,11,11,23,40,750,101,"284, RUE DE RIVOLI",,,Nuit avec éclairage allumé,En agglomération,Intersection en T,Normale,Trois véhicules et plus - en chaîne,,,,,,,,,,,5,2,3,1.0,4.0
201100057956,0011-11-13 01:40:00,11,11,13,1,40,750,101,"156, RUE DE RIVOLI",,,Nuit avec éclairage allumé,En agglomération,Intersection en X,Normale,Autre collision,,,,,,,,,,,5,2,2,1.0,6.0
201100057957,0011-11-15 21:55:00,11,11,15,21,55,750,101,"19, RUE DU LOUVRE",,,Nuit avec éclairage allumé,En agglomération,Intersection en Y,Normale,Deux véhicules - arrière,,,,,,,,,,,5,2,4,1.0,2.0
201100057958,0011-11-18 19:00:00,11,11,18,19,0,750,101,"18, QUAI DES TUILERIES",,,Nuit avec éclairage allumé,En agglomération,Intersection en T,Normale,Autre collision,,,,,,,,,,,5,2,3,1.0,6.0
201100057959,0011-11-19 11:00:00,11,11,19,11,0,750,101,"1, BOULEVARD DE SEBASTOP",,,Plein jour,En agglomération,Intersection en X,Normale,Deux véhicules - côté,,,,,,,,,,,1,2,2,1.0,3.0
201100057960,0011-11-19 18:20:00,11,11,19,18,20,750,101,SOUTERRAIN COQUILLIERE,,,Nuit avec éclairage allumé,En agglomération,Hors intersection,Normale,Autre collision,,,,,,,,,,,5,2,1,1.0,6.0
201100057961,0011-11-23 07:30:00,11,11,23,7,30,750,101,"99, RUE DE RIVOLI",,,Plein jour,En agglomération,Intersection en X,Normale,Deux véhicules - côté,,,,,,,,,,,1,2,2,1.0,3.0
201100057962,0011-11-24 17:30:00,11,11,24,17,30,750,101,"234, RUE DE RIVOLI",,,Crépuscule ou aube,En agglomération,Intersection en T,Normale,Autre collision,,,,,,,,,,,2,2,3,1.0,6.0
201100057963,0011-11-25 18:10:00,11,11,25,18,10,750,101,"29, BOULEVARD DE SEBASTO",,,Nuit avec éclairage allumé,En agglomération,Hors intersection,Normale,Sans collision,,,,,,,,,,,5,2,1,1.0,7.0
201100057964,0011-11-26 09:15:00,11,11,26,9,15,750,101,"0, RUE DES LAVANDIERES S",,,Plein jour,En agglomération,Intersection en X,Normale,Deux véhicules - côté,,,,,,,,,,,1,2,2,1.0,3.0
201100057965,0011-12-02 05:55:00,11,12,2,5,55,750,101,"53, RUE DE RICHELIEU",,,Nuit avec éclairage allumé,En agglomération,Intersection en X,Pluie légère,Sans collision,,,,,,,,,,,5,2,2,2.0,7.0
201100057966,0011-12-03 18:45:00,11,12,3,18,45,750,101,"194, RUE DE RIVOLI",,,Nuit avec éclairage allumé,En agglomération,Intersection à plus de 4 branches,Normale,Deux véhicules - côté,,,,,,,,,,,5,2,5,1.0,3.0
201100057967,0011-12-04 08:00:00,11,12,4,8,0,750,109,"16, RUE DE MAUBEUGE",,,Crépuscule ou aube,En agglomération,Intersection en T,Pluie légère,Deux véhicules - côté,,,,,,,,,,,2,2,3,2.0,3.0
201100057968,0011-12-10 13:15:00,11,12,10,13,15,750,101,"154, RUE SAINT HONORE",,,Plein jour,En agglomération,Hors intersection,Normale,Deux véhicules - côté,,,,,,,,,,,1,2,1,1.0,3.0