accident_id,datetime,annee,mois,jour,heure,minute,departement,commune_insee,adresse,latitude,longitude,luminosite,agglomeration,intersection,meteo,collision,nb_vehicules,nb_usagers,nb_indemnes,nb_tues,nb_blesses_hosp,nb_blesses_legers,age_cond_1,age_cond_2,veh_type_cond_1,veh_type_cond_2,lum_code,agg_code,int_code,atm_code,col_code
201100057969,0011-12-15 16:05:00,11,12,15,16,5,750,101,"2, RUE DE CASTIGLIONE",,,Plein jour,En agglomération,Intersection en X,Pluie légère,Deux véhicules - côté,,,,,,,,,,,1,2,2,2.0,3.0
201100057970,0011-12-16 18:35:00,11,12,16,18,35,750,101,"1, PLACE DU LOUVRE",,,Nuit avec éclairage allumé,En agglomération,Place,Pluie légère,Deux véhicules - côté,,,,,,,,,,,5,2,7,2.0,3.0
201100057971,0011-12-17 02:05:00,11,12,17,2,5,750,101,"1, QUAI DES TUILERIES",,,Nuit avec éclairage allumé,En agglomération,Intersection en Y,Pluie légère,Autre collision,,,,,,,,,,,5,2,4,2.0,6.0
201100057972,0011-12-17 05:15:00,11,12,17,5,15,750,101,RUE SAINT HONORE,,,Nuit avec éclairage allumé,En agglomération,Place,Normale,Deux véhicules - côté,,,,,,,,,,,5,2,7,1.0,3.0
201100057973,0011-12-20 19:15:00,11,12,20,19,15,750,101,"28, AVENUE DE L OPERA",,,Nuit avec éclairage allumé,En agglomération,Intersection à plus de 4 branches,Normale,Deux véhicules - frontale,,,,,,,,,,,5,2,5,1.0,1.0
201100057974,0011-12-24 11:30:00,11,12,24,11,30,750,101,"10, AVENUE DE L OPERA",,,Plein jour,En agglomération,Intersection en T,Normale,Deux véhicules - arrière,,,,,,,,,,,1,2,3,1.0,2.0
201100057975,0011-12-29 11:15:00,11,12,29,11,15,750,101,"01, QUAI DU LOUVRE",,,Plein jour,En agglomération,Intersection en T,Normale,Deux véhicules - côté,,,,,,,,,,,1,2,3,1.0,3.0
201100057976,0011-01-13 13:25:00,11,1,13,13,25,750,102,"2, PLACE DE L OPERA",,,Plein jour,En agglomération,Intersection à plus de 4 branches,Normale,Deux véhicules - côté,,,,,,,,,,,1,2,5,1.0,3.0
201100057977,0011-01-14 17:30:00,11,1,14,17,30,750,102,BOULEVARD DES CAPUCINES,,,Nuit avec éclairage allumé,En agglomération,Hors intersection,Pluie légère,Autre collision,,,,,,,,,,,5,2,1,2.0,6.0
201100057978,0011-01-18 16:55:00,11,1,18,16,55,750,102,"76, RUE REAUMUR",,,Crépuscule ou aube,En agglomération,Hors intersection,Pluie légère,Sans collision,,,,,,,,,,,2,2,1,2.0,7.0
201100057979,0011-01-19 09:10:00,11,1,19,9,10,750,102,"131, BOULEVARD DE SEBAST",,,Plein jour,En agglomération,Hors intersection,Normale,Deux véhicules - côté,,,,,,,,,,,1,2,1,1.0,3.0
201100057980,0011-01-19 12:35:00,11,1,19,12,35,750,102,"13, RUE DU SENTIER",,,Plein jour,En agglomération,Intersection en T,Normale,Autre collision,,,,,,,,,,,1,2,3,1.0,6.0
201100057981,0011-01-27 05:50:00,11,1,27,5,50,750,102,PLACE DE L OPERA,,,Nuit avec éclairage allumé,En agglomération,Place,Normale,Trois véhicules et plus - collisions multiples,,,,,,,,,,,5,2,7,1.0,5.0
201100057982,0011-01-28 11:55:00,11,1,28,11,55,750,102,"86, RUE REAUMUR",,,Plein jour,En agglomération,Hors intersection,Normale,Autre collision,,,,,,,,,,,1,2,1,1.0,6.0
201100057983,0011-01-31 12:20:00,11,1,31,12,20,750,102,"01, RUE DES JEUNEURS",,,Plein jour,En agglomération,Intersection en T,Normale,Autre collision,,,,,,,,,,,1,2,3,1.0,6.0
201100057984,0011-01-31 15:00:00,11,1,31,15,0,750,102,"03, RUE DU QUATRE SEPTEM",,,Plein jour,En agglomération,Intersection en T,Normale,Autre collision,,,,,,,,,,,1,2,3,1.0,6.0
201100057985,0011-02-03 08:40:00,11,2,3,8,40,750,102,"125, RUE MONTMARTRE",,,Plein jour,En agglomération,Intersection en Y,Normale,Deux véhicules - côté,,,,,,,,,,,1,2,4,1.0,3.0
201100057986,0011-02-07 16:25:00,11,2,7,16,25,750,102,"2, PLACE DE L OPERA",,,Plein jour,En agglomération,Intersection à plus de 4 branches,Normale,Deux véhicules - côté,,,,,,,,,,,1,2,5,1.0,3.0
201100057987,0011-02-09 04:28:00,11,2,9,4,28,750,102,"151, RUE MONTMARTRE",,,Nuit avec éclairage allumé,En agglomération,Hors intersection,Normale,Autre collision,,,,,,,,,,,5,2,1,1.0,6.0
201100057988,0011-02-09 18:25:00,11,2,9,18,25,750,102,"5, BOULEVARD DE BONNE NO",,,Nuit avec éclairage allumé,En agglomération,Hors intersection,Normale,Sans collision,,,,,,,,,,,5,2,1,1.0,7.0
201100057989,0011-02-15 11:30:00,11,2,15,11,30,750,102,"43, RUE ETIENNE MARCEL",,,Plein jour,En agglomération,Intersection en X,Pluie légère,Sans collision,,,,,,,,,,,1,2,2,2.0,7.0
201100057990,0011-02-15 15:40:00,11,2,15,15,40,750,102,"21, RUE DE LA BANQUE",,,Plein jour,En agglomération,Hors intersection,Normale,Deux véhicules - côté,,,,,,,,,,,1,2,1,1.0,3.0
201100057991,0011-02-19 17:05:00,11,2,19,17,5,750,102,"11, BOULEVARD SAINT DENI",,,Plein jour,En agglomération,Intersection en X,Pluie forte,Autre collision,,,,,,,,,,,1,2,2,3.0,6.0
201100057992,0011-02-25 12:05:00,11,2,25,12,5,750,102,"28, RUE NOTRE DAME DES V",,,Plein jour,En agglomération,Intersection en X,Normale,Autre collision,,,,,,,,,,,1,2,2,1.0,6.0
201100057993,0011-03-01 22:00:00,11,3,1,22,0,750,102,"01, RUE SAINT AUGUStINE",,,Nuit avec éclairage allumé,En agglomération,Intersection en X,Normale,Autre collision,,,,,,,,,,,5,2,2,1.0,6.0
201100057994,0011-03-02 09:55:00,11,3,2,9,55,750,102,"26, RUE DU QUATRE SEPTEM",48.8699,2.33481,Plein jour,En agglomération,Intersection en X,Normale,Deux véhicules - côté,,,,,,,,,,,1,2,2,1.0,3.0
201100057995,0011-03-02 14:30:00,11,3,2,14,30,750,102,"126, RUE REAUMUR",48.8682,2.34361,Plein jour,En agglomération,Intersection en X,Normale,Autre collision,,,,,,,,,,,1,2,2,1.0,6.0
201100057996,0011-03-03 09:10:00,11,3,3,9,10,750,102,"22, RUE POISSONNIERE",,,Plein jour,En agglomération,Hors intersection,Normale,Autre collision,,,,,,,,,,,1,2,1,1.0,6.0
201100057997,0011-03-15 23:37:00,11,3,15,23,37,750,102,RUE D ABOUKIR,,,Nuit avec éclairage allumé,En agglomération,Hors intersection,Normale,Autre collision,,,,,,,,,,,5,2,1,1.0,6.0
201100057998,0011-03-23 10:50:00,11,3,23,10,50,750,102,"58, RUE DE RICHELIEU",,,Plein jour,En agglomération,Intersection en T,Normale,Sans collision,,,,,,,,,,,1,2,3,1.0,7.0
201100057999,0011-03-24 11:15:00,11,3,24,11,15,750,101,"232, RUE DE RIVOLI",,,Plein jour,En agglomération,Hors intersection,Normale,Deux véhicules - arrière,,,,,,,,,,,1,2,1,1.0,2.0
201100058000,0011-03-25 10:00:00,11,3,25,10,0,750,102,"31, BOULEVARD DE BONNE N",,,Plein jour,En agglomération,Intersection en X,Normale,Deux véhicules - arrière,,,,,,,,,,,1,2,2,1.0,2.0
201100058001,0011-04-03 02:20:00,11,4,3,2,20,750,102,BOULEVARD DE SEBASTOPOL,,,Nuit avec éclairage non allumé,En agglomération,Intersection en X,Normale,Deux véhicules - côté,,,,,,,,,,,4,2,2,1.0,3.0
201100058002,0011-04-04 12:30:00,11,4,4,12,30,750,102,"12, RUE DE PALESTRO",,,Plein jour,En agglomération,Intersection en X,Normale,Deux véhicules - côté,,,,,,,,,,,1,2,2,1.0,3.0
201100058003,0011-04-05 18:45:00,11,4,5,18,45,750,102,BOULEVARD DES ITALI,,,Plein jour,En agglomération,Intersection en X,Normale,Sans collision,,,,,,,,,,,1,2,2,1.0,7.0
201100058004,0011-04-06 11:40:00,11,4,6,11,40,750,103,"29, RUE DE POITOU",,,Plein jour,En agglomération,Intersection en X,Normale,Autre collision,,,,,,,,,,,1,2,2,1.0,6.0
201100058005,0011-04-07 15:00:00,11,4,7,15,0,750,102,"11, BOULEVARD SAINT DENI",,,Plein jour,En agglomération,Intersection en X,Normale,Autre collision,,,,,,,,,,,1,2,2,1.0,6.0
201100058006,0011-04-11 12:31:00,11,4,11,12,31,750,101,QUAI DU LOUVRE,,,Plein jour,En agglomération,Intersection à plus de 4 branches,Normale,Deux véhicules - arrière,,,,,,,,,,,1,2,5,1.0,2.0
201100058007,0011-04-12 12:10:00,11,4,12,12,10,750,102,"5, RUE SAINTE FOY",,,Plein jour,En agglomération,Hors intersection,Normale,Autre collision,,,,,,,,,,,1,2,1,1.0,6.0
201100058008,0011-04-13 17:25:00,11,4,13,17,25,750,102,RUE SAINT AUGUSTIN,,,Plein jour,En agglomération,Intersection en X,Normale,Deux véhicules - côté,,,,,,,,,,,1,2,2,1.0,3.0
201100058009,0011-04-14 12:50:00,11,4,14,12,50,750,102,"27, RUE DE TURBIGO",,,Plein jour,En agglomération,Intersection à plus de 4 branches,Normale,Autre collision,,,,,,,,,,,1,2,5,1.0,6.0
201100058010,0011-04-15 09:10:00,11,4,15,9,10,750,109,BOULEVARD DE CLICHY,,,Plein jour,En agglomération,Place,Normale,Autre collision,,,,,,,,,,,1,2,7,1.0,6.0
201100058011,0011-04-16 19:10:00,11,4,16,19,10,750,102,"27 bis, RUE DU LOUVRE",,,Plein jour,En agglomération,Intersection en X,Normale,Autre collision,,,,,,,,,,,1,2,2,1.0,6.0
201100058012,0011-04-25 10:57:00,11,4,25,10,57,750,102,"104, RUE MONTMARTRE",,,Plein jour,En agglomération,Intersection à plus de 4 branches,Normale,Deux véhicules - côté,,,,,,,,,,,1,2,5,1.0,3.0
201100058013,0011-04-26 12:40:00,11,4,26,12,40,750,102,PLACE DE L OPERA,,,Plein jour,En agglomération,Intersection à plus de 4 branches,Normale,Deux véhicules - côté,,,,,,,,,,,1,2,5,1.0,3.0
201100058014,0011-04-26 13:40:00,11,4,26,13,40,750,102,"96, RUE REAUMUR",,,Plein jour,En agglomération,Intersection en X,Normale,Autre collision,,,,,,,,,,,1,2,2,1.0,6.0
201100058015,0011-04-26 18:30:00,11,4,26,18,30,750,102,"36  bis, AVENUE DE L OPE",,,Plein jour,En agglomération,Intersection en X,Normale,Autre collision,,,,,,,,,,,1,2,2,1.0,6.0
201100058016,0011-04-27 23:10:00,11,4,27,23,10,750,102,"17, RUE DU QUATRE SEPTEM",,,Nuit avec éclairage allumé,En agglomération,Intersection en X,Normale,Deux véhicules - côté,,,,,,,,,,,5,2,2,1.0,3.0
201100058017,0011-04-30 00:05:00,11,4,30,0,5,750,102,RUE DE LA MICHODIERE,,,Nuit avec éclairage allumé,En agglomération,Intersection en X,Normale,Autre collision,,,,,,,,,,,5,2,2,1.0,6.0
201100058018,0011-05-07 00:01:00,11,5,7,0,1,750,102,RUE REAUMUR,,,Nuit avec éclairage allumé,En agglomération,Intersection en X,Normale,Deux véhicules - côté,,,,,,,,,,,5,2,2,1.0,3.0
201100058019,0011-05-07 05:30:00,11,5,7,5,30,750,102,BOULEVARD DES CAPUCINES,,,Nuit avec éclairage allumé,En agglomération,Intersection en X,Normale,Deux véhicules - côté,,,,,,,,,,,5,2,2,1.0,3.0
201100058020,0011-05-09 16:25:00,11,5,9,16,25,750,102,"31, BOULEVARD DE BONNE N",,,Plein jour,En agglomération,Intersection en T,Normale,Deux véhicules - côté,,,,,,,,,,,1,2,3,1.0,3.0
201100058021,0011-05-10 21:00:00,11,5,10,21,0,750,102,"4, PLACE DE L OPERA",,,Nuit avec éclairage allumé,En agglomération,Intersection à plus de 4 branches,Normale,Deux véhicules - côté,,,,,,,,,,,5,2,5,1.0,3.0
201100058022,0011-05-12 10:25:00,11,5,12,10,25,750,102,"104, RUE REAUMUR",,,Plein jour,En agglomération,Hors intersection,Normale,Autre collision,,,,,,,,,,,1,2,1,1.0,6.0
201100058023,0011-05-12 20:25:00,11,5,12,20,25,750,102,"204, RUE SAINT DENIS",,,Plein jour,En agglomération,Intersection en X,Normale,Deux véhicules - côté,,,,,,,,,,,1,2,2,1.0,3.0
201100058024,0011-05-12 20:30:00,11,5,12,20,30,750,102,"41, AVENUE DE L OPERA",,,Crépuscule ou aube,En agglomération,Intersection à plus de 4 branches,Normale,Deux véhicules - côté,,,,,,,,,,,2,2,5,1.0,3.0
201100058025,0011-05-13 11:55:00,11,5,13,11,55,750,102,"24, RUE DE TURBIGO",,,Plein jour,En agglomération,Intersection en T,Normale,Autre collision,,,,,,,,,,,1,2,3,1.0,6.0
201100058026,0011-05-20 13:00:00,11,5,20,13,0,750,102,"114, RUE REAUMUR",,,Plein jour,En agglomération,Intersection à plus de 4 branches,Normale,Autre collision,,,,,,,,,,,1,2,5,1.0,6.0
201100058027,0011-05-26 09:40:00,11,5,26,9,40,750,102,"93, RUE DE RICHELIEU",,,Plein jour,En agglomération,Intersection en X,Normale,Deux véhicules - côté,,,,,,,,,,,1,2,2,1.0,3.0
201100058028,0011-05-30 15:00:00,11,5,30,15,0,750,102,"133, RUE D ABOUKIR",,,Plein jour,En agglomération,Hors intersection,Normale,Autre collision,,,,,,,,,,,1,2,1,1.0,6.0
201100058029,0011-05-31 08:45:00,11,5,31,8,45,750,102,RUE DE HANOVRE,,,Plein jour,En agglomération,Intersection à plus de 4 branches,Normale,Deux véhicules - arrière,,,,,,,,,,,1,2,5,1.0,2.0
201100058030,0011-06-01 20:00:00,11,6,1,20,0,750,102,"37, RUE DES JEUNEURS",,,Crépuscule ou aube,En agglomération,Hors intersection,Normale,Autre collision,,,,,,,,,,,2,2,1,1.0,6.0
201100058031,0011-06-03 17:55:00,11,6,3,17,55,750,102,"77, BOULEVARD DE SEBASTO",,,Plein jour,En agglomération,Intersection en X,Normale,Deux véhicules - côté,,,,,,,,,,,1,2,2,1.0,3.0
201100058032,0011-06-03 23:54:00,11,6,3,23,54,750,102,RUE REAUMUR,,,Nuit avec éclairage allumé,En agglomération,Intersection en X,Normale,Autre collision,,,,,,,,,,,5,2,2,1.0,6.0
201100058033,0011-06-05 23:45:00,11,6,5,23,45,750,102,"11, BOULEVARD DE SEBASTO",,,Nuit avec éclairage allumé,En agglomération,Intersection en X,Pluie forte,Autre collision,,,,,,,,,,,5,2,2,3.0,6.0
201100058034,0011-06-16 14:00:00,11,6,16,14,0,750,102,"13, RUE DE LA PAIX",,,Plein jour,En agglomération,Intersection en X,Normale,Sans collision,,,,,,,,,,,1,2,2,1.0,7.0
201100058035,0011-06-21 08:40:00,11,6,21,8,40,750,102,"96, RUE DE RICHELIEU",,,Plein jour,En agglomération,Intersection en X,Pluie légère,Trois véhicules et plus - en chaîne,,,,,,,,,,,1,2,2,2.0,4.0
201100058036,0011-06-28 23:00:00,11,6,28,23,0,750,102,"1, BOULEVARD DES CAPUCIN",,,Nuit avec éclairage allumé,En agglomération,Intersection en T,Pluie légère,Sans collision,,,,,,,,,,,5,2,3,2.0,7.0
201100058037,0011-06-30 10:45:00,11,6,30,10,45,750,102,"85, RUE REAUMUR",,,Plein jour,En agglomération,Intersection en X,Normale,Deux véhicules - arrière,,,,,,,,,,,1,2,2,1.0,2.0
201100058038,0011-06-30 16:15:00,11,6,30,16,15,750,102,"92, RUE REAUMUR",,,Plein jour,En agglomération,Intersection en X,Normale,Deux véhicules - côté,,,,,,,,,,,1,2,2,1.0,3.0
201100058039,0011-07-01 14:55:00,11,7,1,14,55,750,102,"11, RUE DE LA BANQUE",,,Plein jour,En agglomération,Hors intersection,Normale,Autre collision,,,,,,,,,,,1,2,1,1.0,6.0
201100058040,0011-07-02 13:30:00,11,7,2,13,30,750,102,"21, BOULEVARD DES ITALIE",,,Plein jour,En agglomération,Intersection en X,Normale,Autre collision,,,,,,,,,,,1,2,2,1.0,6.0
201100058041,0011-07-06 11:55:00,11,7,6,11,55,750,102,"4, PLACE DE L OPERA",,,Plein jour,En agglomération,Intersection à plus de 4 branches,Normale,Deux véhicules - côté,,,,,,,,,,,1,2,5,1.0,3.0
201100058042,0011-07-06 14:20:00,11,7,6,14,20,750,102,"136, RUE D ABOUKIR",,,Plein jour,En agglomération,Intersection en X,Normale,Autre collision,,,,,,,,,,,1,2,2,1.0,6.0
201100058043,0011-07-07 11:40:00,11,7,7,11,40,750,102,"4, PLACE DE L OPERA",,,Plein jour,En agglomération,Intersection à plus de 4 branches,Normale,Deux véhicules - côté,,,,,,,,,,,1,2,5,1.0,3.0
201100058044,0011-07-07 15:45:00,11,7,7,15,45,750,102,BOULEVARD DES ITALIENS,,,Plein jour,En agglomération,Intersection à plus de 4 branches,Normale,Deux véhicules - côté,,,,,,,,,,,1,2,5,1.0,3.0
201100058045,0011-07-13 10:40:00,11,7,13,10,40,750,101,"13, PLACE DU PONT NEUF",,,Plein jour,En agglomération,Place,Pluie légère,Deux véhicules - côté,,,,,,,,,,,1,2,7,2.0,3.0
201100058046,0011-07-16 04:48:00,11,7,16,4,48,750,102,"26, RUE VIVIENNE",,,Nuit avec éclairage allumé,En agglomération,Intersection à plus de 4 branches,Normale,Autre collision,,,,,,,,,,,5,2,5,1.0,6.0
201100058047,0011-07-19 23:50:00,11,7,19,23,50,750,102,"15, RUE SAINT AUGUSTIN",,,Nuit avec éclairage allumé,En agglomération,Intersection en X,Normale,Deux véhicules - côté,,,,,,,,,,,5,2,2,1.0,3.0
201100058048,0011-07-20 16:50:00,11,7,20,16,50,750,102,"2, PLACE DE L OPERA",,,Plein jour,En agglomération,Place,Normale,Deux véhicules - côté,,,,,,,,,,,1,2,7,1.0,3.0
201100058049,0011-07-21 09:20:00,11,7,21,9,20,750,102,"5, RUE DU QUATRE SEPTEMB",,,Plein jour,En agglomération,Intersection en X,Temps couvert,Autre collision,,,,,,,,,,,1,2,2,8.0,6.0
201100058050,0011-07-25 12:15:00,11,7,25,12,15,750,102,"29, RUE DE TURBIGO",,,Plein jour,En agglomération,Intersection en Y,Normale,Sans collision,,,,,,,,,,,1,2,4,1.0,7.0
201100058051,0011-07-26 17:05:00,11,7,26,17,5,750,102,"194, RUE SAINT DENIS",,,Plein jour,En agglomération,Intersection en T,Normale,Autre collision,,,,,,,,,,,1,2,3,1.0,6.0
201100058052,0011-08-10 22:55:00,11,8,10,22,55,750,102,"17, RUE DE LA PAIX",,,Nuit avec éclairage allumé,En agglomération,Intersection en X,Normale,Autre collision,,,,,,,,,,,5,2,2,1.0,6.0
201100058053,0011-08-17 01:45:00,11,8,17,1,45,750,102,"8, RUE DU QUATRE SEPTEMB",,,Nuit avec éclairage allumé,En agglomération,Intersection en X,Normale,Deux véhicules - côté,,,,,,,,,,,5,2,2,1.0,3.0
201100058054,0011-08-19 11:30:00,11,8,19,11,30,750,102,RUE DE TURBIGO,,,Plein jour,En agglomération,Intersection en X,Normale,Autre collision,,,,,,,,,,,1,2,2,1.0,6.0
201100058055,0011-08-19 21:08:00,11,8,19,21,8,750,102,"61, RUE REAUMUR",,,Crépuscule ou aube,En agglomération,Intersection à plus de 4 branches,Normale,Sans collision,,,,,,,,,,,2,2,5,1.0,7.0
201100058056,0011-08-22 21:15:00,11,8,22,21,15,750,102,"0, RUE DE TURBIGO",,,Nuit avec éclairage allumé,En agglomération,Intersection à plus de 4 branches,Normale,Deux véhicules - côté,,,,,,,,,,,5,2,5,1.0,3.0
201100058057,0011-08-25 17:00:00,11,8,25,17,0,750,102,"95, BOULEVARD DE SEBASTO",,,Plein jour,En agglomération,Intersection en X,Normale,Sans collision,,,,,,,,,,,1,2,2,1.0,7.0
201100058058,0011-08-30 17:45:00,11,8,30,17,45,750,102,"39, BOULEVARD DE BONNE N",,,Plein jour,En agglomération,Intersection en X,Normale,Autre collision,,,,,,,,,,,1,2,2,1.0,6.0
201100058059,0011-09-03 19:50:00,11,9,3,19,50,750,102,"1, RUE DE CLERY",,,Nuit avec éclairage allumé,En agglomération,Intersection à plus de 4 branches,Pluie forte,Autre collision,,,,,,,,,,,5,2,5,3.0,6.0
201100058060,0011-09-06 10:15:00,11,9,6,10,15,750,102,"112, RUE REAUMUR",,,Plein jour,En agglomération,Intersection en X,Normale,Autre collision,,,,,,,,,,,1,2,2,1.0,6.0
201100058061,0011-09-13 17:20:00,11,9,13,17,20,750,102,"73, RUE REAUMUR",,,Plein jour,En agglomération,Intersection en X,Normale,Autre collision,,,,,,,,,,,1,2,2,1.0,6.0
201100058062,0011-09-14 16:40:00,11,9,14,16,40,750,102,"42, RUE DES PETITS CHAMP",,,Plein jour,En agglomération,Hors intersection,Normale,Autre collision,,,,,,,,,,,1,2,1,1.0,6.0
201100058063,0011-09-16 14:30:00,11,9,16,14,30,750,102,RUE DE PALESTRO,,,Plein jour,En agglomération,Hors intersection,Normale,Autre collision,,,,,,,,,,,1,2,1,1.0,6.0
201100058064,0011-09-16 14:40:00,11,9,16,14,40,750,102,"18, RUE DE LA PAIX",,,Plein jour,En agglomération,Intersection en X,Normale,Autre collision,,,,,,,,,,,1,2,2,1.0,6.0
201100058065,0011-09-19 20:30:00,11,9,19,20,30,750,102,RUE REAUMUR,,,Nuit avec éclairage allumé,En agglomération,Intersection à plus de 4 branches,Normale,Sans collision,,,,,,,,,,,5,2,5,1.0,7.0
201100058066,0011-09-20 17:40:00,11,9,20,17,40,750,102,PLACE DE L OPERA,,,Plein jour,En agglomération,Place,Normale,Deux véhicules - côté,,,,,,,,,,,1,2,7,1.0,3.0
201100058067,0011-09-21 08:25:00,11,9,21,8,25,750,102,"60, RUE DU LOUVRE",,,Plein jour,En agglomération,Intersection à plus de 4 branches,Normale,Trois véhicules et plus - en chaîne,,,,,,,,,,,1,2,5,1.0,4.0
201100058068,0011-09-22 16:30:00,11,9,22,16,30,750,102,"2, PLACE DE L OPERA",,,Plein jour,En agglomération,Place,Normale,Autre collision,,,,,,,,,,,1,2,7,1.0,6.0
201100058069,0011-09-26 18:05:00,11,9,26,18,5,750,102,"08, RUE DES PETITS CHAMP",,,Plein jour,En agglomération,Intersection en X,Normale,Autre collision,,,,,,,,,,,1,2,2,1.0,6.0
201100058070,0011-09-26 22:50:00,11,9,26,22,50,750,102,"74, RUE DE RICHELIEU",,,Nuit avec éclairage allumé,En agglomération,Intersection en X,Normale,Deux véhicules - arrière,,,,,,,,,,,5,2,2,1.0,2.0
201100058071,0011-10-03 16:55:00,11,10,3,16,55,750,102,"246, RUE SAINT DENIS",,,Plein jour,En agglomération,Intersection en X,Normale,Autre collision,,,,,,,,,,,1,2,2,1.0,6.0
201100058072,0011-10-05 12:40:00,11,10,5,12,40,750,102,"54, RUE ETIENNE MARCEL",,,Plein jour,En agglomération,Place,Normale,Sans collision,,,,,,,,,,,1,2,7,1.0,7.0
201100058073,0011-10-06 19:15:00,11,10,6,19,15,750,102,BOULEVARD DE SEBASTOPOL,,,Nuit avec éclairage non allumé,En agglomération,Intersection en T,Normale,Autre collision,,,,,,,,,,,4,2,3,1.0,6.0
201100058074,0011-10-07 13:45:00,11,10,7,13,45,750,102,"23, RUE DE CLERY",,,Plein jour,En agglomération,Hors intersection,Normale,Deux véhicules - côté,,,,,,,,,,,1,2,1,1.0,3.0
201100058075,0011-10-07 14:35:00,11,10,7,14,35,750,102,"126, RUE REAUMUR",,,Plein jour,En agglomération,Hors intersection,Temps couvert,Deux véhicules - arrière,,,,,,,,,,,1,2,1,8.0,2.0
201100058076,0011-10-09 15:15:00,11,10,9,15,15,750,102,"15 bis, BOULEVARD SAINT",,,Plein jour,En agglomération,Hors intersection,Pluie légère,Sans collision,,,,,,,,,,,1,2,1,2.0,7.0
201100058077,0011-10-10 17:45:00,11,10,10,17,45,750,102,"34, RUE ETIENNE MARCEL",,,Plein jour,En agglomération,Intersection à plus de 4 branches,Normale,Deux véhicules - côté,,,,,,,,,,,1,2,5,1.0,3.0
201100058078,0011-10-12 17:45:00,11,10,12,17,45,750,102,"11, BOULEVARD MONTMARTRE",,,Plein jour,En agglomération,Intersection en T,Normale,Autre collision,,,,,,,,,,,1,2,3,1.0,6.0
201100058079,0011-10-13 13:15:00,11,10,13,13,15,750,102,"78, RUE DE RICHELIEU",,,Plein jour,En agglomération,Intersection en T,Temps couvert,Sans collision,,,,,,,,,,,1,2,3,8.0,7.0
201100058080,0011-10-14 19:00:00,11,10,14,19,0,750,102,"30, AVENUE DE L OPERA",,,Nuit avec éclairage allumé,En agglomération,Hors intersection,Normale,Sans collision,,,,,,,,,,,5,2,1,1.0,7.0
201100058081,0011-10-17 18:55:00,11,10,17,18,55,750,102,AVENUE DE L OPERA,,,Crépuscule ou aube,En agglomération,Intersection en X,Normale,Deux véhicules - côté,,,,,,,,,,,2,2,2,1.0,3.0
201100058082,0011-10-24 13:55:00,11,10,24,13,55,750,103,"39, RUE DE TURBIGO",,,Plein jour,En agglomération,Hors intersection,Normale,Autre collision,,,,,,,,,,,1,2,1,1.0,6.0
201100058083,0011-10-25 19:30:00,11,10,25,19,30,750,102,"36, AVENUE DE L OPERA",,,Nuit avec éclairage allumé,En agglomération,Intersection en X,Normale,Deux véhicules - frontale,,,,,,,,,,,5,2,2,1.0,1.0
201100058084,0011-11-02 13:30:00,11,11,2,13,30,750,102,"15, BOULEVARD MONTMARTRE",,,Plein jour,En agglomération,Intersection en T,Normale,Deux véhicules - côté,,,,,,,,,,,1,2,3,1.0,3.0
201100058085,0011-11-02 11:50:00,11,11,2,11,50,750,102,"34, RUE ETIENNE MARCEL",,,Plein jour,En agglomération,Intersection en Y,Normale,Autre collision,,,,,,,,,,,1,2,4,1.0,6.0
201100058086,0011-11-09 14:50:00,11,11,9,14,50,750,102,"73, BOULEVARD DE SEBASTO",,,Plein jour,En agglomération,Intersection en X,Normale,Autre collision,,,,,,,,,,,1,2,2,1.0,6.0
201100058087,0011-11-13 22:55:00,11,11,13,22,55,750,102,RUE LOUIS LE GRAND,,,Nuit avec éclairage allumé,En agglomération,Intersection à plus de 4 branches,Normale,Deux véhicules - côté,,,,,,,,,,,5,2,5,1.0,3.0
201100058088,0011-11-15 09:00:00,11,11,15,9,0,750,102,"9, BOULEVARD DE BONNE NO",,,Plein jour,En agglomération,Hors intersection,Temps couvert,Autre collision,,,,,,,,,,,1,2,1,8.0,6.0
201100058089,0011-11-17 19:10:00,11,11,17,19,10,750,109,"44, RUE DU FAUBOURG MONT",,,Nuit avec éclairage allumé,En agglomération,Intersection en Y,Normale,Autre collision,,,,,,,,,,,5,2,4,1.0,6.0
201100058090,0011-11-21 13:00:00,11,11,21,13,0,750,102,"35, RUE GRENETA",,,Plein jour,En agglomération,Intersection en X,Temps couvert,Autre collision,,,,,,,,,,,1,2,2,8.0,6.0
201100058091,0011-11-21 19:45:00,11,11,21,19,45,750,102,"67, BOULEVARD DE SEBASTO",,,Nuit avec éclairage allumé,En agglomération,Intersection en X,Temps couvert,Sans collision,,,,,,,,,,,5,2,2,8.0,7.0
201100058092,0011-11-22 09:55:00,11,11,22,9,55,750,102,"19, BOULEVARD DE BONNE N",,,Plein jour,En agglomération,Hors intersection,Normale,Sans collision,,,,,,,,,,,1,2,1,1.0,7.0
201100058093,0011-11-23 12:40:00,11,11,23,12,40,750,102,BOULEVARD DE SEBASTOPOL,,,Plein jour,En agglomération,Intersection en X,Normale,Autre collision,,,,,,,,,,,1,2,2,1.0,6.0
201100058094,0011-11-23 17:20:00,11,11,23,17,20,750,102,"29, RUE DE CLERY",,,Nuit avec éclairage allumé,En agglomération,Hors intersection,Normale,Autre collision,,,,,,,,,,,5,2,1,1.0,6.0
201100058095,0011-11-28 15:30:00,11,11,28,15,30,750,102,"8, RUE VOLNEY",,,Plein jour,En agglomération,Hors intersection,Normale,Autre collision,,,,,,,,,,,1,2,1,1.0,6.0