accident_id,datetime,annee,mois,jour,heure,minute,departement,commune_insee,adresse,latitude,longitude,luminosite,agglomeration,intersection,meteo,collision,nb_vehicules,nb_usagers,nb_indemnes,nb_tues,nb_blesses_hosp,nb_blesses_legers,age_cond_1,age_cond_2,veh_type_cond_1,veh_type_cond_2,lum_code,agg_code,int_code,atm_code,col_code
201100058096,0011-12-08 16:30:00,11,12,8,16,30,750,102,"18, RUE DE TURBIGO",,,Plein jour,En agglomération,Hors intersection,Temps couvert,Autre collision,,,,,,,,,,,1,2,1,8.0,6.0
201100058097,0011-12-13 16:45:00,11,12,13,16,45,750,102,RUE DE CLERY,,,Crépuscule ou aube,En agglomération,Intersection à plus de 4 branches,Normale,Autre collision,,,,,,,,,,,2,2,5,1.0,6.0
201100058098,0011-12-19 13:50:00,11,12,19,13,50,750,102,"11, BOULEVARD DES CAPUCI",,,Plein jour,En agglomération,Place,Normale,Autre collision,,,,,,,,,,,1,2,7,1.0,6.0
201100058099,0011-12-19 17:50:00,11,12,19,17,50,750,102,"14, RUE DE CLERY",,,Nuit avec éclairage allumé,En agglomération,Intersection à plus de 4 branches,Pluie légère,Autre collision,,,,,,,,,,,5,2,5,2.0,6.0
201100058100,0011-12-21 08:25:00,11,12,21,8,25,750,102,RUE REAUMUR,,,Crépuscule ou aube,En agglomération,Intersection en X,Pluie légère,Autre collision,,,,,,,,,,,2,2,2,2.0,6.0
201100058101,0011-12-21 14:55:00,11,12,21,14,55,750,102,"4, PLACE DE L OPERA",,,Plein jour,En agglomération,Place,Temps couvert,Deux véhicules - côté,,,,,,,,,,,1,2,7,8.0,3.0
201100058102,0011-12-24 12:10:00,11,12,24,12,10,750,102,"7, BOULEVARD DE BONNE NO",,,Plein jour,En agglomération,Hors intersection,Normale,Deux véhicules - arrière,,,,,,,,,,,1,2,1,1.0,2.0
201100058103,0011-12-25 23:00:00,11,12,25,23,0,750,102,"221, RUE SAINT DENIS",,,Nuit avec éclairage allumé,En agglomération,Intersection en T,Normale,Autre collision,,,,,,,,,,,5,2,3,1.0,6.0
201100058104,0011-01-02 10:15:00,11,1,2,10,15,750,103,"21, PLACE DES VOSGES",,,Plein jour,En agglomération,Intersection en T,Normale,Autre collision,,,,,,,,,,,1,2,3,1.0,6.0
201100058105,0011-01-21 14:40:00,11,1,21,14,40,750,103,BOULEVARD DES FILLES DU,,,Plein jour,En agglomération,Intersection en X,Normale,Sans collision,,,,,,,,,,,1,2,2,1.0,7.0
201100058106,0011-01-21 15:05:00,11,1,21,15,5,750,103,"14, RUE DE BRETAGNE",,,Plein jour,En agglomération,Hors intersection,Normale,Trois véhicules et plus - en chaîne,,,,,,,,,,,1,2,1,1.0,4.0
201100058107,0011-01-22 17:35:00,11,1,22,17,35,750,103,"48, RUE BEAUBOURG",,,Crépuscule ou aube,En agglomération,Intersection en X,Temps couvert,Autre collision,,,,,,,,,,,2,2,2,8.0,6.0
201100058108,0011-01-26 11:05:00,11,1,26,11,5,750,103,"92, BOULEVARD DE SEBASTO",,,Plein jour,En agglomération,Intersection en X,Pluie légère,Deux véhicules - côté,,,,,,,,,,,1,2,2,2.0,3.0
201100058109,0011-01-28 16:00:00,11,1,28,16,0,750,101,SOUTERRAIN DES HALLES,,,Plein jour,En agglomération,Hors intersection,Temps couvert,Autre collision,,,,,,,,,,,1,2,1,8.0,6.0
201100058110,0011-01-29 06:20:00,11,1,29,6,20,750,103,"96, RUE VIEILLE DU TEMPL",,,Nuit avec éclairage allumé,En agglomération,Intersection en T,Normale,Sans collision,,,,,,,,,,,5,2,3,1.0,7.0
201100058111,0011-01-29 11:55:00,11,1,29,11,55,750,103,"9, PLACE DE LA REPUBLIQU",,,Plein jour,En agglomération,Place,Normale,Autre collision,,,,,,,,,,,1,2,7,1.0,6.0
201100058112,0011-01-31 05:20:00,11,1,31,5,20,750,103,"65, RUE DE BRETAGNE",,,Nuit avec éclairage allumé,En agglomération,Hors intersection,Normale,Autre collision,,,,,,,,,,,5,2,1,1.0,6.0
201100058113,0011-02-05 01:20:00,11,2,5,1,20,750,103,"7, RUE DE BRETAGNE",,,Nuit avec éclairage allumé,En agglomération,Intersection à plus de 4 branches,Normale,Deux véhicules - arrière,,,,,,,,,,,5,2,5,1.0,2.0
201100058114,0011-02-05 09:15:00,11,2,5,9,15,750,103,"33, RUE REAUMUR",,,Plein jour,En agglomération,Hors intersection,Normale,Sans collision,,,,,,,,,,,1,2,1,1.0,7.0
201100058115,0011-02-08 19:20:00,11,2,8,19,20,750,103,"9, BOULEVARD DU TEMPLE",,,Nuit avec éclairage allumé,En agglomération,Hors intersection,Normale,Autre collision,,,,,,,,,,,5,2,1,1.0,6.0
201100058116,0011-02-10 19:25:00,11,2,10,19,25,750,103,"25, BOULEVARD SAINT MART",,,Nuit avec éclairage allumé,En agglomération,Hors intersection,Pluie légère,Autre collision,,,,,,,,,,,5,2,1,2.0,6.0
201100058117,0011-02-13 16:00:00,11,2,13,16,0,750,103,"1, BOULEVARD SAINT MARTI",,,Plein jour,En agglomération,Intersection à plus de 4 branches,Normale,Autre collision,,,,,,,,,,,1,2,5,1.0,6.0
201100058118,0011-02-14 09:00:00,11,2,14,9,0,750,103,"23, BOULEVARD SAINT MART",,,Plein jour,En agglomération,Hors intersection,Normale,Trois véhicules et plus - en chaîne,,,,,,,,,,,1,2,1,1.0,4.0
201100058119,0011-02-18 15:30:00,11,2,18,15,30,750,103,"4, RUE AUX OURS",,,Plein jour,En agglomération,Intersection en T,Normale,Deux véhicules - côté,,,,,,,,,,,1,2,3,1.0,3.0
201100058120,0011-02-18 19:14:00,11,2,18,19,14,750,103,"25, RUE REAUMUR",,,Nuit avec éclairage allumé,En agglomération,Hors intersection,Normale,Deux véhicules - arrière,,,,,,,,,,,5,2,1,1.0,2.0
201100058121,0011-02-23 15:35:00,11,2,23,15,35,750,104,"6, RUE DU RENARD",,,Plein jour,En agglomération,Hors intersection,Pluie légère,Autre collision,,,,,,,,,,,1,2,1,2.0,6.0
201100058122,0011-03-05 13:55:00,11,3,5,13,55,750,103,RUE BEAUBOURG,,,Plein jour,En agglomération,Hors intersection,Normale,Autre collision,,,,,,,,,,,1,2,1,1.0,6.0
201100058123,0011-03-08 15:00:00,11,3,8,15,0,750,103,"24, BOULEVARD DU TEMPLE",,,Plein jour,En agglomération,Hors intersection,Normale,Deux véhicules - arrière,,,,,,,,,,,1,2,1,1.0,2.0
201100058124,0011-03-08 17:25:00,11,3,8,17,25,750,103,"102, RUE VIEILLE DU TEMP",,,Plein jour,En agglomération,Hors intersection,Normale,Autre collision,,,,,,,,,,,1,2,1,1.0,6.0
201100058125,0011-03-09 14:40:00,11,3,9,14,40,750,103,"205, RUE DU TEMPLE",,,Plein jour,En agglomération,Intersection en X,Normale,Deux véhicules - côté,,,,,,,,,,,1,2,2,1.0,3.0
201100058126,0011-03-12 14:50:00,11,3,12,14,50,750,103,"53, BOULEVARD SAINT MART",,,Plein jour,En agglomération,Intersection en X,Temps couvert,Deux véhicules - arrière,,,,,,,,,,,1,2,2,8.0,2.0
201100058127,0011-03-25 17:25:00,11,3,25,17,25,750,103,"306, RUE SAINT MARTIN",,,Plein jour,En agglomération,Intersection en X,Normale,Deux véhicules - côté,,,,,,,,,,,1,2,2,1.0,3.0
201100058128,0011-03-25 23:30:00,11,3,25,23,30,750,103,"2, RUE DES HAUDRIETTES",,,Nuit avec éclairage allumé,En agglomération,Intersection en X,Normale,Autre collision,,,,,,,,,,,5,2,2,1.0,6.0
201100058129,0011-04-10 13:05:00,11,4,10,13,5,750,103,"31, BOULEVARD SAINT MART",,,Plein jour,En agglomération,Hors intersection,Normale,Deux véhicules - arrière,,,,,,,,,,,1,2,1,1.0,2.0
201100058130,0011-04-13 14:00:00,11,4,13,14,0,750,103,"5, BOULEVARD SAINT MARTI",,,Plein jour,En agglomération,Hors intersection,Normale,Autre collision,,,,,,,,,,,1,2,1,1.0,6.0
201100058131,0011-04-13 14:30:00,11,4,13,14,30,750,103,"18, RUE BERANGER",,,Plein jour,En agglomération,Hors intersection,Normale,Autre collision,,,,,,,,,,,1,2,1,1.0,6.0
201100058132,0011-04-15 14:40:00,11,4,15,14,40,750,103,"86, RUE DE TURENNE",,,Plein jour,En agglomération,Intersection en X,Normale,Autre collision,,,,,,,,,,,1,2,2,1.0,6.0
201100058133,0011-04-17 02:45:00,11,4,17,2,45,750,103,"72, RUE REAUMUR",,,Nuit avec éclairage allumé,En agglomération,Intersection en X,Normale,Deux véhicules - côté,,,,,,,,,,,5,2,2,1.0,3.0
201100058134,0011-04-19 19:40:00,11,4,19,19,40,750,103,"51, BOULEVARD BEAUMAR",,,Plein jour,En agglomération,Hors intersection,Normale,Deux véhicules - côté,,,,,,,,,,,1,2,1,1.0,3.0
201100058135,0011-04-21 15:10:00,11,4,21,15,10,750,103,"18, RUE BERANGER",,,Plein jour,En agglomération,Hors intersection,Normale,Autre collision,,,,,,,,,,,1,2,1,1.0,6.0
201100058136,0011-04-24 22:05:00,11,4,24,22,5,750,103,"67, RUE DE BRETAGNE",,,Nuit avec éclairage allumé,En agglomération,Intersection en X,Normale,Autre collision,,,,,,,,,,,5,2,2,1.0,6.0
201100058137,0011-05-05 00:45:00,11,5,5,0,45,750,103,"174, RUE DU TEMPLE",,,Nuit avec éclairage allumé,En agglomération,Intersection en Y,Normale,Autre collision,,,,,,,,,,,5,2,4,1.0,6.0
201100058138,0011-05-07 15:45:00,11,5,7,15,45,750,103,"174, RUE DU TEMPLE",,,Plein jour,En agglomération,Intersection en Y,Normale,Deux véhicules - arrière,,,,,,,,,,,1,2,4,1.0,2.0
201100058139,0011-05-10 13:50:00,11,5,10,13,50,750,103,"35, RUE REAUMUR",,,Plein jour,En agglomération,Hors intersection,Normale,Autre collision,,,,,,,,,,,1,2,1,1.0,6.0
201100058140,0011-05-13 08:30:00,11,5,13,8,30,750,103,"13, PLACE DE LA REPUBLIQ",,,Plein jour,En agglomération,Place,Normale,Deux véhicules - côté,,,,,,,,,,,1,2,7,1.0,3.0
201100058141,0011-05-13 20:05:00,11,5,13,20,5,750,103,"11, RUE SAINT GILLES",,,Plein jour,En agglomération,Intersection en T,Normale,Deux véhicules - côté,,,,,,,,,,,1,2,3,1.0,3.0
201100058142,0011-05-15 19:35:00,11,5,15,19,35,750,103,"58, BOULEVARD DE SEBASTO",,,Plein jour,En agglomération,Intersection en T,Normale,Deux véhicules - arrière,,,,,,,,,,,1,2,3,1.0,2.0
201100058143,0011-05-16 12:30:00,11,5,16,12,30,750,103,"69, RUE DU VERTBOIS",,,Plein jour,En agglomération,Intersection en T,Normale,Autre collision,,,,,,,,,,,1,2,3,1.0,6.0
201100058144,0011-05-17 16:15:00,11,5,17,16,15,750,110,"12, PLACE DE LA REPUBLIQ",,,Plein jour,En agglomération,Intersection à plus de 4 branches,Normale,Deux véhicules - côté,,,,,,,,,,,1,2,5,1.0,3.0
201100058145,0011-05-24 17:15:00,11,5,24,17,15,750,103,"120, RUE DE TURENNE",,,Plein jour,En agglomération,Intersection en X,Normale,Autre collision,,,,,,,,,,,1,2,2,1.0,6.0
201100058146,0011-05-27 13:50:00,11,5,27,13,50,750,103,RUE REAUMUR,,,Plein jour,En agglomération,Intersection en X,Normale,Deux véhicules - arrière,,,,,,,,,,,1,2,2,1.0,2.0
201100058147,0011-05-31 06:50:00,11,5,31,6,50,750,103,RUE DES FRANCS BOURGEOIS,,,Crépuscule ou aube,En agglomération,Intersection en X,Normale,Deux véhicules - côté,,,,,,,,,,,2,2,2,1.0,3.0
201100058148,0011-05-31 17:10:00,11,5,31,17,10,750,103,"201, RUE DU TEMPLE",,,Plein jour,En agglomération,Intersection en T,Normale,Autre collision,,,,,,,,,,,1,2,3,1.0,6.0
201100058149,0011-06-01 04:20:00,11,6,1,4,20,750,103,"50, RUE DE TURBIGO",,,Nuit avec éclairage allumé,En agglomération,Intersection à plus de 4 branches,Normale,Autre collision,,,,,,,,,,,5,2,5,1.0,6.0
201100058150,0011-06-01 21:20:00,11,6,1,21,20,750,103,"160, RUE DU TEMPLE",,,Crépuscule ou aube,En agglomération,Hors intersection,Normale,Deux véhicules - côté,,,,,,,,,,,2,2,1,1.0,3.0
201100058151,0011-06-09 01:55:00,11,6,9,1,55,750,103,"62, RUE BEAUBOURG",,,Nuit avec éclairage allumé,En agglomération,Intersection en X,Normale,Deux véhicules - frontale,,,,,,,,,,,5,2,2,1.0,1.0
201100058152,0011-06-09 12:40:00,11,6,9,12,40,750,103,"48, RUE DE POITOU",,,Plein jour,En agglomération,Intersection en X,Normale,Deux véhicules - côté,,,,,,,,,,,1,2,2,1.0,3.0
201100058153,0011-06-17 17:30:00,11,6,17,17,30,750,103,"13, PLACE DE LA REPUBLIQ",,,Plein jour,En agglomération,Place,Pluie légère,Autre collision,,,,,,,,,,,1,2,7,2.0,6.0
201100058154,0011-06-27 19:00:00,11,6,27,19,0,750,103,"91, BOULEVARD BEAUMARCHA",,,Plein jour,En agglomération,Intersection en T,Normale,Deux véhicules - côté,,,,,,,,,,,1,2,3,1.0,3.0
201100058155,0011-06-30 01:40:00,11,6,30,1,40,750,103,BOULEVARD DES FILLES DU,,,Nuit avec éclairage allumé,En agglomération,Intersection en X,Normale,Deux véhicules - côté,,,,,,,,,,,5,2,2,1.0,3.0
201100058156,0011-06-30 12:15:00,11,6,30,12,15,750,103,"41, RUE REAUMUR",,,Plein jour,En agglomération,Intersection en X,Normale,Deux véhicules - arrière,,,,,,,,,,,1,2,2,1.0,2.0
201100058157,0011-06-30 18:40:00,11,6,30,18,40,750,103,"24, RUE REAUMUR",,,Plein jour,En agglomération,Intersection en T,Normale,Autre collision,,,,,,,,,,,1,2,3,1.0,6.0
201100058158,0011-07-03 17:15:00,11,7,3,17,15,750,103,"4, RUE AUX OURS",,,Plein jour,En agglomération,Intersection en X,Normale,Autre collision,,,,,,,,,,,1,2,2,1.0,6.0
201100058159,0011-07-04 12:00:00,11,7,4,12,0,750,103,"61, RUE DE TURBIGO",,,Plein jour,En agglomération,Intersection en X,Normale,Autre collision,,,,,,,,,,,1,2,2,1.0,6.0
201100058160,0011-07-05 00:50:00,11,7,5,0,50,750,103,"323, RUE SAINT MARTIN",,,Nuit avec éclairage allumé,En agglomération,Intersection en T,Normale,Deux véhicules - arrière,,,,,,,,,,,5,2,3,1.0,2.0
201100058161,0011-07-05 16:30:00,11,7,5,16,30,750,103,"15, RUE SAINT CLAUDE",,,Plein jour,En agglomération,Intersection en X,Normale,Deux véhicules - côté,,,,,,,,,,,1,2,2,1.0,3.0
201100058162,0011-07-11 11:00:00,11,7,11,11,0,750,103,"89, RUE DE TURBIGO",,,Plein jour,En agglomération,Intersection en Y,Normale,Deux véhicules - côté,,,,,,,,,,,1,2,4,1.0,3.0
201100058163,0011-07-12 16:35:00,11,7,12,16,35,750,103,"31, BOULEVARD SAINT MART",,,Plein jour,En agglomération,Hors intersection,Normale,Deux véhicules - arrière,,,,,,,,,,,1,2,1,1.0,2.0
201100058164,0011-07-14 20:15:00,11,7,14,20,15,750,103,"62, RUE REAUMUR",,,Plein jour,En agglomération,Intersection en X,Normale,Deux véhicules - côté,,,,,,,,,,,1,2,2,1.0,3.0
201100058165,0011-07-17 22:40:00,11,7,17,22,40,750,103,"77, RUE DE TURBIGO",,,Nuit avec éclairage allumé,En agglomération,Intersection en X,Normale,Deux véhicules - côté,,,,,,,,,,,5,2,2,1.0,3.0
201100058166,0011-07-19 14:00:00,11,7,19,14,0,750,103,"14B, RUE BERANGER",,,Plein jour,En agglomération,Hors intersection,Pluie forte,Sans collision,,,,,,,,,,,1,2,1,3.0,7.0
201100058167,0011-07-22 18:15:00,11,7,22,18,15,750,101,"23, PLACE VENDOME",,,Plein jour,En agglomération,Place,Pluie légère,Deux véhicules - côté,,,,,,,,,,,1,2,7,2.0,3.0
201100058168,0011-07-23 06:30:00,11,7,23,6,30,750,103,"157, RUE DU TEMPLE",,,Crépuscule ou aube,En agglomération,Intersection en T,Normale,Sans collision,,,,,,,,,,,2,2,3,1.0,7.0
201100058169,0011-07-25 00:11:00,11,7,25,0,11,750,103,"175, RUE DU TEMPLE",,,Nuit avec éclairage allumé,En agglomération,Intersection en T,Normale,Deux véhicules - arrière,,,,,,,,,,,5,2,3,1.0,2.0
201100058170,0011-07-21 02:00:00,11,7,21,2,0,750,103,"42, BOULEVARD DE SEBASTO",,,Nuit avec éclairage allumé,En agglomération,Intersection en X,Pluie forte,Sans collision,,,,,,,,,,,5,2,2,3.0,7.0
201100058171,0011-07-26 14:15:00,11,7,26,14,15,750,103,"180, RUE DU TEMPLE",,,Plein jour,En agglomération,Intersection en X,Normale,Autre collision,,,,,,,,,,,1,2,2,1.0,6.0
201100058172,0011-07-28 14:00:00,11,7,28,14,0,750,103,RUE DE TURBIGO,,,Plein jour,En agglomération,Intersection en X,Normale,Deux véhicules - côté,,,,,,,,,,,1,2,2,1.0,3.0
201100058173,0011-07-30 13:00:00,11,7,30,13,0,750,103,"359, RUE SAINT MARTIN",,,Plein jour,En agglomération,Intersection en X,Normale,Sans collision,,,,,,,,,,,1,2,2,1.0,7.0
201100058174,0011-08-04 17:05:00,11,8,4,17,5,750,103,"07, RUE REAUMUR",,,Plein jour,En agglomération,Intersection en X,Pluie légère,Autre collision,,,,,,,,,,,1,2,2,2.0,6.0
201100058175,0011-08-07 15:10:00,11,8,7,15,10,750,103,"13, PLACE DE LA REPUBLIQ",,,Plein jour,En agglomération,Place,Normale,Deux véhicules - arrière,,,,,,,,,,,1,2,7,1.0,2.0
201100058176,0011-08-08 11:20:00,11,8,8,11,20,750,103,"21, BOULEVARD DU TEMPLE",,,Plein jour,En agglomération,Intersection en X,Normale,Deux véhicules - arrière,,,,,,,,,,,1,2,2,1.0,2.0
201100058177,0011-08-17 11:00:00,11,8,17,11,0,750,103,"0, RUE DE BEARN",,,Plein jour,En agglomération,Intersection en X,Normale,Deux véhicules - côté,,,,,,,,,,,1,2,2,1.0,3.0
201100058178,0011-08-21 15:05:00,11,8,21,15,5,750,103,"16, PLACE DE LA REPUBLIQ",,,Plein jour,En agglomération,Place,Normale,Autre collision,,,,,,,,,,,1,2,7,1.0,6.0
201100058179,0011-08-25 14:35:00,11,8,25,14,35,750,103,"172, RUE DU TEMPLE",,,Plein jour,En agglomération,Intersection en Y,Normale,Deux véhicules - côté,,,,,,,,,,,1,2,4,1.0,3.0
201100058180,0011-08-25 16:07:00,11,8,25,16,7,750,103,"13, PLACE DE LA REPUBLIQ",,,Plein jour,En agglomération,Place,Normale,Deux véhicules - côté,,,,,,,,,,,1,2,7,1.0,3.0
201100058181,0011-08-27 00:05:00,11,8,27,0,5,750,103,"51, RUE DE TURBIGO",,,Nuit avec éclairage allumé,En agglomération,Intersection à plus de 4 branches,Pluie légère,Deux véhicules - côté,,,,,,,,,,,5,2,5,2.0,3.0
201100058182,0011-08-30 08:50:00,11,8,30,8,50,750,103,"33, RUE DE TURBIGO",,,Plein jour,En agglomération,Intersection en X,Normale,Deux véhicules - côté,,,,,,,,,,,1,2,2,1.0,3.0
201100058183,0011-08-30 13:50:00,11,8,30,13,50,750,103,"54, RUE DE TURBIGO",,,Plein jour,En agglomération,Intersection à plus de 4 branches,Normale,Autre collision,,,,,,,,,,,1,2,5,1.0,6.0
201100058184,0011-08-31 10:40:00,11,8,31,10,40,750,103,RUE BEAUBOURG,,,Plein jour,En agglomération,Intersection en T,Normale,Deux véhicules - côté,,,,,,,,,,,1,2,3,1.0,3.0
201100058185,0011-09-04 10:00:00,11,9,4,10,0,750,103,"60, BOULEVARD DE SEBASTO",,,Plein jour,En agglomération,Intersection en X,Normale,Deux véhicules - côté,,,,,,,,,,,1,2,2,1.0,3.0
201100058186,0011-09-07 16:00:00,11,9,7,16,0,750,103,"107, RUE BEAUBOURG",,,Plein jour,En agglomération,Intersection à plus de 4 branches,Normale,Deux véhicules - côté,,,,,,,,,,,1,2,5,1.0,3.0
201100058187,0011-09-16 15:05:00,11,9,16,15,5,750,102,"111, BOULEVARD DE SEBAST",,,Plein jour,En agglomération,Hors intersection,Normale,Deux véhicules - arrière,,,,,,,,,,,1,2,1,1.0,2.0
201100058188,0011-09-17 15:30:00,11,9,17,15,30,750,103,"56, RUE DE TURENNE",,,Plein jour,En agglomération,Intersection en T,Normale,Autre collision,,,,,,,,,,,1,2,3,1.0,6.0
201100058189,0011-09-18 02:12:00,11,9,18,2,12,750,103,"172, RUE DU TEMPLE",,,Nuit avec éclairage allumé,En agglomération,Hors intersection,Normale,Autre collision,,,,,,,,,,,5,2,1,1.0,6.0
201100058190,0011-09-19 16:50:00,11,9,19,16,50,750,103,"43, RUE REAUMUR",,,Plein jour,En agglomération,Intersection en X,Normale,Autre collision,,,,,,,,,,,1,2,2,1.0,6.0
201100058191,0011-09-22 16:25:00,11,9,22,16,25,750,103,"18, RUE BEAUBOURG",,,Plein jour,En agglomération,Intersection en X,Normale,Deux véhicules - côté,,,,,,,,,,,1,2,2,1.0,3.0
201100058192,0011-09-23 16:05:00,11,9,23,16,5,750,103,"175, RUE DU TEMPLE",,,Plein jour,En agglomération,Intersection en T,Normale,Deux véhicules - arrière,,,,,,,,,,,1,2,3,1.0,2.0
201100058193,0011-09-27 10:25:00,11,9,27,10,25,750,103,"59, RUE DE TURBIGO",,,Plein jour,En agglomération,Intersection en X,Normale,Autre collision,,,,,,,,,,,1,2,2,1.0,6.0
201100058194,0011-09-27 11:10:00,11,9,27,11,10,750,103,"292, RUE SAINT MARTIN",,,Plein jour,En agglomération,Hors intersection,Normale,Deux véhicules - côté,,,,,,,,,,,1,2,1,1.0,3.0
201100058195,0011-10-03 19:25:00,11,10,3,19,25,750,103,"52, RUE DES TOURNELLES",,,Nuit avec éclairage allumé,En agglomération,Hors intersection,Normale,Autre collision,,,,,,,,,,,5,2,1,1.0,6.0
201100058196,0011-10-05 06:55:00,11,10,5,6,55,750,103,"05, RUE DES HAUDRIETTES",,,Nuit avec éclairage allumé,En agglomération,Hors intersection,Normale,Autre collision,,,,,,,,,,,5,2,1,1.0,6.0
201100058197,0011-10-05 15:35:00,11,10,5,15,35,750,101,"59, BOULEVARD DE SEBASTO",,,Plein jour,En agglomération,Intersection en T,Normale,Deux véhicules - côté,,,,,,,,,,,1,2,3,1.0,3.0
201100058198,0011-10-06 20:00:00,11,10,6,20,0,750,103,"162, RUE DU TEMPLE",,,Nuit avec éclairage allumé,En agglomération,Intersection en T,Normale,Autre collision,,,,,,,,,,,5,2,3,1.0,6.0
201100058199,0011-10-12 16:00:00,11,10,12,16,0,750,103,"5, RUE DU GRENIER SAINT",,,Plein jour,En agglomération,Intersection en X,Normale,Deux véhicules - côté,,,,,,,,,,,1,2,2,1.0,3.0
201100058200,0011-10-15 09:05:00,11,10,15,9,5,750,103,"25, RUE AUX OURS",,,Plein jour,En agglomération,Intersection en X,Normale,Deux véhicules - côté,,,,,,,,,,,1,2,2,1.0,3.0
201100058201,0011-10-16 13:25:00,11,10,16,13,25,750,103,"09, BOULEVARD DU TEMPLE",,,Plein jour,En agglomération,Intersection en T,Normale,Deux véhicules - arrière,,,,,,,,,,,1,2,3,1.0,2.0
201100058202,0011-10-19 21:10:00,11,10,19,21,10,750,103,"42, BOULEVARD DE SEBASTO",,,Nuit avec éclairage allumé,En agglomération,Intersection en X,Normale,Autre collision,,,,,,,,,,,5,2,2,1.0,6.0
201100058203,0011-10-21 14:40:00,11,10,21,14,40,750,103,"63, RUE DE TURBIGO",,,Plein jour,En agglomération,Intersection en X,Normale,Autre collision,,,,,,,,,,,1,2,2,1.0,6.0
201100058204,0011-10-25 16:30:00,11,10,25,16,30,750,103,"223, RUE SAINT MARTIN",,,Plein jour,En agglomération,Intersection en X,Normale,Deux véhicules - côté,,,,,,,,,,,1,2,2,1.0,3.0
201100058205,0011-10-25 19:50:00,11,10,25,19,50,750,103,"103, BOULEVARD BEAUMARCH",,,Nuit avec éclairage allumé,En agglomération,Intersection en T,Normale,Deux véhicules - arrière,,,,,,,,,,,5,2,3,1.0,2.0
201100058206,0011-11-03 00:50:00,11,11,3,0,50,750,103,"2, RUE MESLAY",,,Nuit avec éclairage allumé,En agglomération,Intersection en X,Normale,Deux véhicules - côté,,,,,,,,,,,5,2,2,1.0,3.0
201100058207,0011-11-21 15:05:00,11,11,21,15,5,750,103,"60, RUE DES ARCHIVES",,,Plein jour,En agglomération,Intersection en X,Normale,Deux véhicules - côté,,,,,,,,,,,1,2,2,1.0,3.0
201100058208,0011-11-27 18:10:00,11,11,27,18,10,750,103,"5, RUE DES ARQUEBUSIERS",,,Nuit avec éclairage allumé,En agglomération,Hors intersection,Normale,Autre collision,,,,,,,,,,,5,2,1,1.0,6.0
201100058209,0011-12-03 00:55:00,11,12,3,0,55,750,103,"39, RUE DE BRETAGNE",,,Nuit avec éclairage allumé,En agglomération,Intersection en X,Normale,Autre collision,,,,,,,,,,,5,2,2,1.0,6.0
201100058210,0011-12-03 17:00:00,11,12,3,17,0,750,103,"50, RUE DE TURBIGO",,,Nuit avec éclairage allumé,En agglomération,Intersection à plus de 4 branches,Pluie légère,Sans collision,,,,,,,,,,,5,2,5,2.0,7.0
201100058211,0011-12-06 18:20:00,11,12,6,18,20,750,103,"168, RUE DU TEMPL",,,Nuit avec éclairage allumé,En agglomération,Hors intersection,Pluie légère,Sans collision,,,,,,,,,,,5,2,1,2.0,7.0
201100058212,0011-12-07 09:52:00,11,12,7,9,52,750,103,"64, RUE REAUMU",,,Plein jour,En agglomération,Intersection en T,Pluie légère,Sans collision,,,,,,,,,,,1,2,3,2.0,7.0
201100058213,0011-12-07 19:25:00,11,12,7,19,25,750,103,"12, RUE DE BRETAGNE",,,Nuit avec éclairage allumé,En agglomération,Intersection en X,Pluie légère,Deux véhicules - arrière,,,,,,,,,,,5,2,2,2.0,2.0
201100058214,0011-12-12 14:45:00,11,12,12,14,45,750,103,"42, RUE REAUMUR",,,Plein jour,En agglomération,Intersection en X,Normale,Deux véhicules - côté,,,,,,,,,,,1,2,2,1.0,3.0
201100058215,0011-12-14 15:25:00,11,12,14,15,25,750,103,"95, RUE DE TURENNE",,,Plein jour,En agglomération,Intersection en X,Normale,Deux véhicules - côté,,,,,,,,,,,1,2,2,1.0,3.0
201100058216,0011-12-19 23:55:00,11,12,19,23,55,750,103,"34, RUE DU GRENIER SAINT",,,Nuit avec éclairage allumé,En agglomération,Intersection en X,Pluie légère,Autre collision,,,,,,,,,,,5,2,2,2.0,6.0
201100058217,0011-12-24 16:00:00,11,12,24,16,0,750,103,"39, RUE DE TURBIGO",,,Plein jour,En agglomération,Intersection en X,Normale,Sans collision,,,,,,,,,,,1,2,2,1.0,7.0
201100058218,0011-01-14 23:25:00,11,1,14,23,25,750,104,QUAI DU MARCHE NEUF,,,Nuit avec éclairage allumé,En agglomération,Intersection en X,Normale,Deux véhicules - côté,,,,,,,,,,,5,2,2,1.0,3.0
201100058219,0011-01-17 08:15:00,11,1,17,8,15,750,104,"03, RUE DE LA COUTELLERI",,,Plein jour,En agglomération,Hors intersection,Normale,Deux véhicules - côté,,,,,,,,,,,1,2,1,1.0,3.0
201100058220,0011-01-19 22:55:00,11,1,19,22,55,750,101,"0, RUE DE RIVOLI",,,Nuit avec éclairage allumé,En agglomération,Intersection à plus de 4 branches,Pluie légère,Deux véhicules - côté,,,,,,,,,,,5,2,5,2.0,3.0
201100058221,0011-01-21 22:10:00,11,1,21,22,10,750,104,VOIE GEORGES POMPIDOU,,,Nuit avec éclairage allumé,En agglomération,Intersection en Y,Normale,Deux véhicules - côté,,,,,,,,,,,5,2,4,1.0,3.0
201100058222,0011-01-23 19:33:00,11,1,23,19,33,750,104,"34, BOULEVARD HENRI IV",,,Nuit avec éclairage allumé,En agglomération,Intersection en X,Normale,Deux véhicules - côté,,,,,,,,,,,5,2,2,1.0,3.0