accident_id,datetime,annee,mois,jour,heure,minute,departement,commune_insee,adresse,latitude,longitude,luminosite,agglomeration,intersection,meteo,collision,nb_vehicules,nb_usagers,nb_indemnes,nb_tues,nb_blesses_hosp,nb_blesses_legers,age_cond_1,age_cond_2,veh_type_cond_1,veh_type_cond_2,lum_code,agg_code,int_code,atm_code,col_code
201100058350,0011-11-13 14:10:00,11,11,13,14,10,750,104,"40, QUAI DES CELESTINS",,,Plein jour,En agglomération,Intersection en X,Normale,Deux véhicules - arrière,,,,,,,,,,,1,2,2,1.0,2.0
201100058351,0011-11-14 09:45:00,11,11,14,9,45,750,104,"0, BOULEVARD BOURDON",,,Plein jour,En agglomération,Intersection à plus de 4 branches,Normale,Sans collision,,,,,,,,,,,1,2,5,1.0,7.0
201100058352,0011-11-16 15:35:00,11,11,16,15,35,750,104,VOIE GEORGES POMPIDOU,,,Plein jour,En agglomération,Intersection en Y,Normale,Deux véhicules - arrière,,,,,,,,,,,1,2,4,1.0,2.0
201100058353,0011-11-17 08:40:00,11,11,17,8,40,750,104,"11, RUE VIEILLE DU TEMPL",,,Plein jour,En agglomération,Intersection en X,Temps couvert,Sans collision,,,,,,,,,,,1,2,2,8.0,7.0
201100058354,0011-11-18 07:20:00,11,11,18,7,20,750,104,"38, QUAI DES CELESTINS",,,Crépuscule ou aube,En agglomération,Intersection en X,Temps couvert,Trois véhicules et plus - en chaîne,,,,,,,,,,,2,2,2,8.0,4.0
201100058355,0011-11-22 12:10:00,11,11,22,12,10,750,104,"67, RUE RAMBUTEAU",,,Plein jour,En agglomération,Intersection en X,Normale,Autre collision,,,,,,,,,,,1,2,2,1.0,6.0
201100058356,0011-11-23 18:05:00,11,11,23,18,5,750,104,"26, RUE DU RENARD",,,Nuit avec éclairage allumé,En agglomération,Intersection en T,Normale,Deux véhicules - côté,,,,,,,,,,,5,2,3,1.0,3.0
201100058357,0011-11-24 01:20:00,11,11,24,1,20,750,104,"02, PLACE DU CHATELET",,,Nuit avec éclairage allumé,En agglomération,Place,Normale,Deux véhicules - arrière,,,,,,,,,,,5,2,7,1.0,2.0
201100058358,0011-11-28 07:55:00,11,11,28,7,55,750,104,"3, BOULEVARD BEAUMARCHAI",,,Crépuscule ou aube,En agglomération,Place,Normale,Autre collision,,,,,,,,,,,2,2,7,1.0,6.0
201100058359,0011-11-28 23:00:00,11,11,28,23,0,750,104,"22, BOULEVARD DE SEBASTO",,,Nuit avec éclairage allumé,En agglomération,Intersection en X,Normale,Deux véhicules - arrière,,,,,,,,,,,5,2,2,1.0,2.0
201100058360,0011-11-29 15:30:00,11,11,29,15,30,750,104,"3, PLACE DE LA BASTILLE",,,Plein jour,En agglomération,Place,Normale,Deux véhicules - côté,,,,,,,,,,,1,2,7,1.0,3.0
201100058361,0011-11-29 13:05:00,11,11,29,13,5,750,104,"14, QUAI DE GESVRES",,,Plein jour,En agglomération,Intersection en X,Normale,Autre collision,,,,,,,,,,,1,2,2,1.0,6.0
201100058362,0011-12-01 08:50:00,11,12,1,8,50,750,104,"10, RUE DU RENARD",,,Plein jour,En agglomération,Intersection en T,Pluie légère,Trois véhicules et plus - en chaîne,,,,,,,,,,,1,2,3,2.0,4.0
201100058363,0011-12-02 10:05:00,11,12,2,10,5,750,104,"3, RUE DES ECOUFFES",,,Plein jour,En agglomération,Hors intersection,Normale,Autre collision,,,,,,,,,,,1,2,1,1.0,6.0
201100058364,0011-12-02 22:55:00,11,12,2,22,55,750,104,"21, BOULEVARD BOURDON",,,Nuit avec éclairage allumé,En agglomération,Intersection en T,Normale,Deux véhicules - arrière,,,,,,,,,,,5,2,3,1.0,2.0
201100058365,0011-12-04 16:23:00,11,12,4,16,23,750,104,"3, PLACE DE L HOTEL DE V",,,Plein jour,En agglomération,Intersection en T,Pluie forte,Trois véhicules et plus - en chaîne,,,,,,,,,,,1,2,3,3.0,4.0
201100058366,0011-12-08 12:00:00,11,12,8,12,0,750,104,"1, BOULEVARD DU PALAIS",,,Plein jour,En agglomération,Intersection en X,Pluie légère,Deux véhicules - côté,,,,,,,,,,,1,2,2,2.0,3.0
201100058367,0011-12-09 02:30:00,11,12,9,2,30,750,104,RUE DES FRANCS BOURGEOIS,,,Nuit avec éclairage allumé,En agglomération,Intersection en X,Normale,Deux véhicules - côté,,,,,,,,,,,5,2,2,1.0,3.0
201100058368,0011-12-13 09:00:00,11,12,13,9,0,750,104,"22, RUE DU RENARD",,,Plein jour,En agglomération,Intersection en X,Pluie légère,Sans collision,,,,,,,,,,,1,2,2,2.0,7.0
201100058369,0011-12-16 10:50:00,11,12,16,10,50,750,104,"4, AVENUE VICTORIA",,,Plein jour,En agglomération,Place,Pluie légère,Autre collision,,,,,,,,,,,1,2,7,2.0,6.0
201100058370,0011-12-19 17:00:00,11,12,19,17,0,750,104,"60, QUAI DE L HOTEL DE V",,,Nuit avec éclairage allumé,En agglomération,Intersection à plus de 4 branches,Pluie forte,Deux véhicules - côté,,,,,,,,,,,5,2,5,3.0,3.0
201100058371,0011-12-21 00:35:00,11,12,21,0,35,750,103,RUE PAYENNE,,,Nuit avec éclairage allumé,En agglomération,Intersection en X,Pluie légère,Deux véhicules - côté,,,,,,,,,,,5,2,2,2.0,3.0
201100058372,0011-12-23 15:20:00,11,12,23,15,20,750,104,"6, RUE DU RENARD",,,Plein jour,En agglomération,Intersection en X,Normale,Autre collision,,,,,,,,,,,1,2,2,1.0,6.0
201100058373,0011-12-30 09:30:00,11,12,30,9,30,750,104,"2, RUE DE LA CITE",,,Plein jour,En agglomération,Place,Normale,Deux véhicules - côté,,,,,,,,,,,1,2,7,1.0,3.0
201100058374,0011-01-07 16:00:00,11,1,7,16,0,750,105,"4, RUE DES FOSSES SAINT",,,Plein jour,En agglomération,Hors intersection,Normale,Autre collision,,,,,,,,,,,1,2,1,1.0,6.0
201100058375,0011-01-11 01:45:00,11,1,11,1,45,750,105,"07, RUE SAINT JACQUES",,,Nuit avec éclairage allumé,En agglomération,Hors intersection,Normale,Deux véhicules - côté,,,,,,,,,,,5,2,1,1.0,3.0
201100058376,0011-01-13 20:45:00,11,1,13,20,45,750,105,"70, BOULEVARD SAINT MARC",,,Nuit avec éclairage allumé,En agglomération,Intersection en T,Normale,Deux véhicules - côté,,,,,,,,,,,5,2,3,1.0,3.0
201100058377,0011-01-14 17:56:00,11,1,14,17,56,750,105,"38, BOULEVARD DE L HOPIT",,,Nuit avec éclairage allumé,En agglomération,Intersection en T,Pluie légère,Autre collision,,,,,,,,,,,5,2,3,2.0,6.0
201100058378,0011-01-25 18:40:00,11,1,25,18,40,750,105,BOULEVARD SAINT GERMAIN,,,Nuit sans éclairage public,En agglomération,Intersection en X,Normale,Deux véhicules - côté,,,,,,,,,,,3,2,2,1.0,3.0
201100058379,0011-01-29 18:30:00,11,1,29,18,30,750,105,QUAI DE LA TOURNELLE,,,Nuit avec éclairage allumé,En agglomération,Intersection en X,Normale,Deux véhicules - côté,,,,,,,,,,,5,2,2,1.0,3.0
201100058380,0011-01-30 22:30:00,11,1,30,22,30,750,105,"38, RUE SAINT JACQUES",,,Nuit avec éclairage allumé,En agglomération,Intersection en X,Normale,Autre collision,,,,,,,,,,,5,2,2,1.0,6.0
201100058381,0011-01-31 18:35:00,11,1,31,18,35,750,105,RUE MONGE,,,Nuit avec éclairage allumé,En agglomération,Intersection en X,Normale,Autre collision,,,,,,,,,,,5,2,2,1.0,6.0
201100058382,0011-02-07 08:20:00,11,2,7,8,20,750,105,"0, QUAI DE MONTEBELLO",,,Plein jour,En agglomération,Intersection en T,Normale,Deux véhicules - côté,,,,,,,,,,,1,2,3,1.0,3.0
201100058383,0011-02-14 07:45:00,11,2,14,7,45,750,105,"70, BOULEVARD DE PORT RO",,,Crépuscule ou aube,En agglomération,Intersection en X,Normale,Autre collision,,,,,,,,,,,2,2,2,1.0,6.0
201100058384,0011-02-24 07:15:00,11,2,24,7,15,750,105,"46, RUE DES FOSSES SAINT",,,Nuit avec éclairage allumé,En agglomération,Intersection en T,Pluie légère,Autre collision,,,,,,,,,,,5,2,3,2.0,6.0
201100058385,0011-02-26 16:30:00,11,2,26,16,30,750,105,RUE MONGE,,,Plein jour,En agglomération,Intersection à plus de 4 branches,Pluie légère,Autre collision,,,,,,,,,,,1,2,5,2.0,6.0
201100058386,0011-02-27 11:15:00,11,2,27,11,15,750,105,"8, PLACE DU PANTHEON",,,Plein jour,En agglomération,Intersection à plus de 4 branches,Temps couvert,Deux véhicules - côté,,,,,,,,,,,1,2,5,8.0,3.0
201100058387,0011-03-02 20:40:00,11,3,2,20,40,750,105,PONT DE L ARCHEVECHE,48.8511,2.35127,Nuit avec éclairage allumé,En agglomération,Intersection en X,Normale,Autre collision,,,,,,,,,,,5,2,2,1.0,6.0
201100058388,0011-03-02 21:35:00,11,3,2,21,35,750,105,PLACE SAINT MICHEL,48.8538,2.34427,Nuit avec éclairage allumé,En agglomération,Intersection à plus de 4 branches,Normale,Deux véhicules - côté,,,,,,,,,,,5,2,5,1.0,3.0
201100058389,0011-03-04 17:45:00,11,3,4,17,45,750,105,"195, RUE SAINT JACQUES",,,Plein jour,En agglomération,Intersection en X,Normale,Autre collision,,,,,,,,,,,1,2,2,1.0,6.0
201100058390,0011-03-04 19:10:00,11,3,4,19,10,750,105,"42, BOULEVARD SAINT MARC",,,Nuit avec éclairage allumé,En agglomération,Intersection à plus de 4 branches,Normale,Autre collision,,,,,,,,,,,5,2,5,1.0,6.0
201100058391,0011-03-08 19:40:00,11,3,8,19,40,750,105,RUE DES ECOLES,,,Nuit avec éclairage allumé,En agglomération,Hors intersection,Normale,Deux véhicules - arrière,,,,,,,,,,,5,2,1,1.0,2.0
201100058392,0011-03-12 19:50:00,11,3,12,19,50,750,105,BOULEVARD SAINT MICHEL,,,Nuit avec éclairage allumé,En agglomération,Hors intersection,Pluie légère,Deux véhicules - côté,,,,,,,,,,,5,2,1,2.0,3.0
201100058393,0011-03-14 14:25:00,11,3,14,14,25,750,105,"néant, RUE CLOVIS",,,Plein jour,En agglomération,Intersection en X,Normale,Deux véhicules - frontale,,,,,,,,,,,1,2,2,1.0,1.0
201100058394,0011-03-14 18:35:00,11,3,14,18,35,750,105,"53, BOULEVARD SAINT MICH",,,Plein jour,En agglomération,Intersection en X,Normale,Autre collision,,,,,,,,,,,1,2,2,1.0,6.0
201100058395,0011-03-16 12:45:00,11,3,16,12,45,750,105,"169, RUE SAINT JACQUES",,,Plein jour,En agglomération,Hors intersection,Normale,Autre collision,,,,,,,,,,,1,2,1,1.0,6.0
201100058396,0011-03-16 14:28:00,11,3,16,14,28,750,105,"3, RUE GAY LUSSAC",,,Plein jour,En agglomération,Hors intersection,Normale,Autre collision,,,,,,,,,,,1,2,1,1.0,6.0
201100058397,0011-03-17 17:10:00,11,3,17,17,10,750,105,"60, BOULEVARD SAINT MARC",,,Plein jour,En agglomération,Hors intersection,Temps couvert,Autre collision,,,,,,,,,,,1,2,1,8.0,6.0
201100058398,0011-03-18 20:10:00,11,3,18,20,10,750,105,"6, RUE DU PETIT PONT",,,Nuit avec éclairage allumé,En agglomération,Intersection en X,Pluie légère,Deux véhicules - arrière,,,,,,,,,,,5,2,2,2.0,2.0
201100058399,0011-03-20 01:15:00,11,3,20,1,15,750,105,"3, QUAI SAINT BERNARD",,,Nuit avec éclairage allumé,En agglomération,Hors intersection,Normale,Autre collision,,,,,,,,,,,5,2,1,1.0,6.0
201100058400,0011-03-24 07:45:00,11,3,24,7,45,750,105,"1, BOULEVARD SAINT MICHE",,,Plein jour,En agglomération,Intersection à plus de 4 branches,Normale,Autre collision,,,,,,,,,,,1,2,5,1.0,6.0
201100058401,0011-03-24 09:10:00,11,3,24,9,10,750,105,"8, RUE MONGE",,,Plein jour,En agglomération,Intersection à plus de 4 branches,Normale,Deux véhicules - côté,,,,,,,,,,,1,2,5,1.0,3.0
201100058402,0011-03-25 13:05:00,11,3,25,13,5,750,105,"38, BOULEVARD DE L HOPIT",,,Plein jour,En agglomération,Intersection en Y,Normale,Deux véhicules - côté,,,,,,,,,,,1,2,4,1.0,3.0
201100058403,0011-03-27 17:33:00,11,3,27,17,33,750,105,QUAI DE LA TOURNELLE,,,Plein jour,En agglomération,Intersection en T,Normale,Deux véhicules - arrière,,,,,,,,,,,1,2,3,1.0,2.0
201100058404,0011-03-28 19:50:00,11,3,28,19,50,750,105,"28, RUE MONGE",,,Plein jour,En agglomération,Intersection à plus de 4 branches,Normale,Deux véhicules - côté,,,,,,,,,,,1,2,5,1.0,3.0
201100058405,0011-03-29 16:35:00,11,3,29,16,35,750,105,"18 bis, RUE HENRI BARBUS",,,Plein jour,En agglomération,Hors intersection,Temps couvert,Sans collision,,,,,,,,,,,1,2,1,8.0,7.0
201100058406,0011-03-30 08:55:00,11,3,30,8,55,750,105,"18, RUE HENRI BARBUSSE",,,Plein jour,En agglomération,Hors intersection,Normale,Sans collision,,,,,,,,,,,1,2,1,1.0,7.0
201100058407,0011-04-12 17:20:00,11,4,12,17,20,750,105,RUE DES FOSSES SAINT BER,,,Plein jour,En agglomération,Intersection en T,Normale,Trois véhicules et plus - collisions multiples,,,,,,,,,,,1,2,3,1.0,5.0
201100058408,0011-04-13 22:20:00,11,4,13,22,20,750,105,BOULEVARD SAINT GERMAIN,,,Nuit avec éclairage allumé,En agglomération,Intersection en X,Normale,Deux véhicules - côté,,,,,,,,,,,5,2,2,1.0,3.0
201100058409,0011-04-19 15:00:00,11,4,19,15,0,750,105,"30, BOULEVARD DE L HOPIT",,,Plein jour,En agglomération,Hors intersection,Temps éblouissant,Deux véhicules - arrière,,,,,,,,,,,1,2,1,7.0,2.0
201100058410,0011-04-19 17:30:00,11,4,19,17,30,750,105,"1, QUAI SAINT BERNARD",,,Plein jour,En agglomération,Intersection en X,Normale,Sans collision,,,,,,,,,,,1,2,2,1.0,7.0
201100058411,0011-04-19 21:15:00,11,4,19,21,15,750,105,PLACE VALHUBERT,,,Nuit avec éclairage allumé,En agglomération,Place,Normale,Sans collision,,,,,,,,,,,5,2,7,1.0,7.0
201100058412,0011-04-27 04:45:00,11,4,27,4,45,750,105,QUAI DE LA TOURNELLE,,,Nuit avec éclairage allumé,En agglomération,Intersection en X,Normale,Deux véhicules - côté,,,,,,,,,,,5,2,2,1.0,3.0
201100058413,0011-04-29 02:20:00,11,4,29,2,20,750,105,"41, RUE JUSSIEU",,,Nuit avec éclairage allumé,En agglomération,Intersection en T,Normale,Autre collision,,,,,,,,,,,5,2,3,1.0,6.0
201100058414,0011-05-03 08:40:00,11,5,3,8,40,750,105,"30, BOULEVARD SAINT MARC",,,Plein jour,En agglomération,Hors intersection,Normale,Deux véhicules - côté,,,,,,,,,,,1,2,1,1.0,3.0
201100058415,0011-05-07 16:20:00,11,5,7,16,20,750,105,RUE GEOFFROY SAINT HILAI,,,Plein jour,En agglomération,Intersection en X,Normale,Deux véhicules - côté,,,,,,,,,,,1,2,2,1.0,3.0
201100058416,0011-05-12 12:15:00,11,5,12,12,15,750,105,"2, RUE EDOUARD QUENU",,,Plein jour,En agglomération,Intersection en Y,Normale,Autre collision,,,,,,,,,,,1,2,4,1.0,6.0
201100058417,0011-05-13 10:05:00,11,5,13,10,5,750,105,"11, RUE GRACIEUSE",,,Plein jour,En agglomération,Intersection en X,Normale,Deux véhicules - frontale,,,,,,,,,,,1,2,2,1.0,1.0
201100058418,0011-05-13 18:40:00,11,5,13,18,40,750,105,"22, RUE SOUFFLOT",,,Plein jour,En agglomération,Intersection en X,Normale,Sans collision,,,,,,,,,,,1,2,2,1.0,7.0
201100058419,0011-05-13 20:30:00,11,5,13,20,30,750,105,"74, BOULEVARD DE PORT RO",,,Nuit avec éclairage allumé,En agglomération,Hors intersection,Normale,Deux véhicules - arrière,,,,,,,,,,,5,2,1,1.0,2.0
201100058420,0011-05-14 13:55:00,11,5,14,13,55,750,105,RUE SOUFFLOT,,,Plein jour,En agglomération,Intersection en X,Normale,Autre collision,,,,,,,,,,,1,2,2,1.0,6.0
201100058421,0011-05-14 15:25:00,11,5,14,15,25,750,105,"69, BOULEVARD SAINT GERM",,,Plein jour,En agglomération,Intersection à plus de 4 branches,Normale,Deux véhicules - côté,,,,,,,,,,,1,2,5,1.0,3.0
201100058422,0011-05-16 10:10:00,11,5,16,10,10,750,105,"1, PLACE DU PANTHEON",,,Plein jour,En agglomération,Intersection à plus de 4 branches,Normale,Sans collision,,,,,,,,,,,1,2,5,1.0,7.0
201100058423,0011-05-17 22:05:00,11,5,17,22,5,750,105,"0, RUE MONGE",,,Nuit avec éclairage allumé,En agglomération,Intersection en X,Normale,Autre collision,,,,,,,,,,,5,2,2,1.0,6.0
201100058424,0011-05-18 14:20:00,11,5,18,14,20,750,105,"37, RUE LINNE",,,Plein jour,En agglomération,Hors intersection,Normale,Deux véhicules - côté,,,,,,,,,,,1,2,1,1.0,3.0
201100058425,0011-05-19 16:40:00,11,5,19,16,40,750,105,"4, RUE CLOVIS",,,Plein jour,En agglomération,Intersection en X,Normale,Deux véhicules - frontale,,,,,,,,,,,1,2,2,1.0,1.0
201100058426,0011-05-21 00:01:00,11,5,21,0,1,750,105,BOULEVARD DE L HOPITAL,,,Nuit avec éclairage allumé,En agglomération,Hors intersection,Normale,Trois véhicules et plus - en chaîne,,,,,,,,,,,5,2,1,1.0,4.0
201100058427,0011-05-23 15:15:00,11,5,23,15,15,750,105,"27, RUE GAY LUSSAC",,,Plein jour,En agglomération,Intersection en X,Normale,Autre collision,,,,,,,,,,,1,2,2,1.0,6.0
201100058428,0011-05-23 16:30:00,11,5,23,16,30,750,105,"30, RUE PIERRE NICOLE",,,Plein jour,En agglomération,Hors intersection,Normale,Autre collision,,,,,,,,,,,1,2,1,1.0,6.0
201100058429,0011-05-25 20:40:00,11,5,25,20,40,750,105,"22, BOULEVARD SAINT MICH",,,Plein jour,En agglomération,Intersection en X,Normale,Autre collision,,,,,,,,,,,1,2,2,1.0,6.0
201100058430,0011-05-28 13:57:00,11,5,28,13,57,750,105,RUE GEOFFROY SAINT HILAI,,,Plein jour,En agglomération,Intersection en T,Normale,Deux véhicules - arrière,,,,,,,,,,,1,2,3,1.0,2.0
201100058431,0011-05-30 07:50:00,11,5,30,7,50,750,105,"31, RUE BERTHOLLET",,,Plein jour,En agglomération,Intersection en X,Normale,Autre collision,,,,,,,,,,,1,2,2,1.0,6.0
201100058432,0011-05-31 18:25:00,11,5,31,18,25,750,105,"40, BOULEVARD DE L HOPIT",,,Plein jour,En agglomération,Intersection en T,Normale,Trois véhicules et plus - collisions multiples,,,,,,,,,,,1,2,3,1.0,5.0
201100058433,0011-06-02 17:45:00,11,6,2,17,45,750,105,"23, QUAI SAINT BERNARD",,,Plein jour,En agglomération,Hors intersection,Normale,Deux véhicules - arrière,,,,,,,,,,,1,2,1,1.0,2.0
201100058434,0011-06-03 10:20:00,11,6,3,10,20,750,105,"63, QUAI DE LA TOURNELLE",,,Plein jour,En agglomération,Intersection en X,Normale,Deux véhicules - côté,,,,,,,,,,,1,2,2,1.0,3.0
201100058435,0011-06-03 19:40:00,11,6,3,19,40,750,105,"30, RUE DES ECOLES",,,Plein jour,En agglomération,Intersection en X,Normale,Autre collision,,,,,,,,,,,1,2,2,1.0,6.0
201100058436,0011-06-05 21:15:00,11,6,5,21,15,750,105,"137, BOULEVARD SAINT MIC",,,Plein jour,En agglomération,Intersection en X,Normale,Autre collision,,,,,,,,,,,1,2,2,1.0,6.0
201100058437,0011-06-06 09:35:00,11,6,6,9,35,750,105,RUE MONGE,,,Plein jour,En agglomération,Intersection à plus de 4 branches,Pluie légère,Deux véhicules - frontale,,,,,,,,,,,1,2,5,2.0,1.0
201100058438,0011-06-07 07:40:00,11,6,7,7,40,750,105,"29, BOULEVARD SAINT MICH",,,Plein jour,En agglomération,Hors intersection,Pluie légère,Autre collision,,,,,,,,,,,1,2,1,2.0,6.0
201100058439,0011-06-08 17:00:00,11,6,8,17,0,750,105,"22 bis, BOULEVARD SAINT",,,Plein jour,En agglomération,Hors intersection,Temps couvert,Autre collision,,,,,,,,,,,1,2,1,8.0,6.0
201100058440,0011-06-12 15:20:00,11,6,12,15,20,750,106,BOULEVARD SAINT MICHEL,,,Plein jour,En agglomération,Place,Normale,Deux véhicules - côté,,,,,,,,,,,1,2,7,1.0,3.0
201100058441,0011-06-14 09:52:00,11,6,14,9,52,750,105,"264, RUE SAINT JACQUES",,,Plein jour,En agglomération,Intersection en T,Temps couvert,Deux véhicules - arrière,,,,,,,,,,,1,2,3,8.0,2.0
201100058442,0011-06-14 19:30:00,11,6,14,19,30,750,105,"200, RUE SAINT JACQUES",,,Plein jour,En agglomération,Intersection en T,Normale,Deux véhicules - côté,,,,,,,,,,,1,2,3,1.0,3.0
201100058443,0011-06-15 09:35:00,11,6,15,9,35,750,105,"40, BOULEVARD SAINT MARC",,,Plein jour,En agglomération,Intersection en X,Normale,Deux véhicules - arrière,,,,,,,,,,,1,2,2,1.0,2.0
201100058444,0011-06-16 15:30:00,11,6,16,15,30,750,105,"5, RUE POLIVEAU",,,Plein jour,En agglomération,Hors intersection,Normale,Deux véhicules - côté,,,,,,,,,,,1,2,1,1.0,3.0
201100058445,0011-06-16 19:35:00,11,6,16,19,35,750,105,"11, RUE MONGE",,,Plein jour,En agglomération,Intersection en X,Normale,Deux véhicules - côté,,,,,,,,,,,1,2,2,1.0,3.0
201100058446,0011-06-16 22:55:00,11,6,16,22,55,750,105,"218, RUE SAINT JACQUES",,,Nuit avec éclairage allumé,En agglomération,Hors intersection,Normale,Deux véhicules - côté,,,,,,,,,,,5,2,1,1.0,3.0
201100058447,0011-06-17 08:59:00,11,6,17,8,59,750,105,"71, RUE MONGE",,,Plein jour,En agglomération,Intersection en X,Normale,Deux véhicules - arrière,,,,,,,,,,,1,2,2,1.0,2.0
201100058448,0011-06-17 16:25:00,11,6,17,16,25,750,105,"36, RUE GEOFFROY SAINT H",,,Plein jour,En agglomération,Intersection en T,Pluie légère,Autre collision,,,,,,,,,,,1,2,3,2.0,6.0
201100058449,0011-06-18 10:50:00,11,6,18,10,50,750,105,RUE CUJAS,,,Plein jour,En agglomération,Place,Normale,Autre collision,,,,,,,,,,,1,2,7,1.0,6.0
201100058450,0011-06-20 16:35:00,11,6,20,16,35,750,105,"67, RUE MONGE",,,Plein jour,En agglomération,Hors intersection,Normale,Deux véhicules - arrière,,,,,,,,,,,1,2,1,1.0,2.0
201100058451,0011-06-21 11:40:00,11,6,21,11,40,750,105,QUAI DE MONTEBELLO,,,Plein jour,En agglomération,Intersection en X,Normale,Deux véhicules - côté,,,,,,,,,,,1,2,2,1.0,3.0
201100058452,0011-06-21 14:25:00,11,6,21,14,25,750,105,"30, RUE DU CARDINAL LEMO",,,Plein jour,En agglomération,Intersection en X,Normale,Autre collision,,,,,,,,,,,1,2,2,1.0,6.0
201100058453,0011-06-22 01:10:00,11,6,22,1,10,750,105,RUE DES LYONNAIS,,,Nuit avec éclairage allumé,En agglomération,Intersection en Y,Pluie légère,Deux véhicules - côté,,,,,,,,,,,5,2,4,2.0,3.0
201100058454,0011-06-22 16:50:00,11,6,22,16,50,750,105,"13, QUAI DE MONTEBELLO",,,Plein jour,En agglomération,Intersection en X,Normale,Autre collision,,,,,,,,,,,1,2,2,1.0,6.0
201100058455,0011-06-22 18:25:00,11,6,22,18,25,750,105,"15, RUE CLAUDE BERNARD",,,Plein jour,En agglomération,Intersection en X,Normale,Autre collision,,,,,,,,,,,1,2,2,1.0,6.0
201100058456,0011-06-22 18:55:00,11,6,22,18,55,750,105,"18, RUE LAGRANGE",,,Plein jour,En agglomération,Intersection à plus de 4 branches,Normale,Deux véhicules - côté,,,,,,,,,,,1,2,5,1.0,3.0
201100058457,0011-06-23 21:10:00,11,6,23,21,10,750,105,"35, BOULEVARD SAINT MICH",,,Plein jour,En agglomération,Hors intersection,Normale,Autre collision,,,,,,,,,,,1,2,1,1.0,6.0
201100058458,0011-06-24 19:35:00,11,6,24,19,35,750,105,"17, AVENUE DES GOBELINS",,,Plein jour,En agglomération,Hors intersection,Normale,Deux véhicules - côté,,,,,,,,,,,1,2,1,1.0,3.0
201100058459,0011-06-24 22:30:00,11,6,24,22,30,750,105,"22, RUE DES PATRIARCHES",,,Crépuscule ou aube,En agglomération,Intersection en X,Normale,Autre collision,,,,,,,,,,,2,2,2,1.0,6.0
201100058460,0011-06-25 01:10:00,11,6,25,1,10,750,105,"09, BOULEVARD SAINT MICH",,,Nuit avec éclairage allumé,En agglomération,Hors intersection,Normale,Autre collision,,,,,,,,,,,5,2,1,1.0,6.0
201100058461,0011-06-25 20:00:00,11,6,25,20,0,750,105,RUE SAINT JACQUES,,,Plein jour,En agglomération,Hors intersection,Normale,Autre collision,,,,,,,,,,,1,2,1,1.0,6.0
201100058462,0011-06-27 16:50:00,11,6,27,16,50,750,105,"129, BOULEVARD SAINT MIC",,,Plein jour,En agglomération,Intersection en X,Normale,Autre collision,,,,,,,,,,,1,2,2,1.0,6.0
201100058463,0011-06-27 20:30:00,11,6,27,20,30,750,105,BOULEVARD SAINT MICHEL,,,Crépuscule ou aube,En agglomération,Intersection en T,Normale,Autre collision,,,,,,,,,,,2,2,3,1.0,6.0
201100058464,0011-06-30 07:35:00,11,6,30,7,35,750,105,"20, RUE DES ECOLES",,,Plein jour,En agglomération,Intersection en X,Normale,Autre collision,,,,,,,,,,,1,2,2,1.0,6.0
201100058465,0011-06-30 12:20:00,11,6,30,12,20,750,105,"2, RUE DU PETIT PONT",,,Plein jour,En agglomération,Hors intersection,Normale,Autre collision,,,,,,,,,,,1,2,1,1.0,6.0
201100058466,0011-06-30 11:22:00,11,6,30,11,22,750,105,"5, PLACE SAINT MICHEL",,,Plein jour,En agglomération,Hors intersection,Normale,Deux véhicules - côté,,,,,,,,,,,1,2,1,1.0,3.0
201100058467,0011-06-30 23:20:00,11,6,30,23,20,750,105,"20, BOULEVARD DE PORT RO",,,Nuit avec éclairage allumé,En agglomération,Hors intersection,Normale,Autre collision,,,,,,,,,,,5,2,1,1.0,6.0
201100058468,0011-07-02 14:35:00,11,7,2,14,35,750,105,"13, RUE LAGRANGE",,,Plein jour,En agglomération,Intersection à plus de 4 branches,Normale,Autre collision,,,,,,,,,,,1,2,5,1.0,6.0
201100058469,0011-07-02 15:48:00,11,7,2,15,48,750,105,"104, RUE MONGE",,,Plein jour,En agglomération,Intersection à plus de 4 branches,Normale,Sans collision,,,,,,,,,,,1,2,5,1.0,7.0
201100058470,0011-07-03 15:20:00,11,7,3,15,20,750,105,"63, RUE MONGE",,,Plein jour,En agglomération,Hors intersection,Normale,Deux véhicules - côté,,,,,,,,,,,1,2,1,1.0,3.0
201100058471,0011-07-06 10:50:00,11,7,6,10,50,750,105,"13, QUAI DE MONTEBELLO",,,Plein jour,En agglomération,Intersection en Y,Normale,Autre collision,,,,,,,,,,,1,2,4,1.0,6.0
201100058472,0011-07-07 13:30:00,11,7,7,13,30,750,105,"98, BOULEVARD SAINT GERM",,,Plein jour,En agglomération,Intersection en T,Normale,Autre collision,,,,,,,,,,,1,2,3,1.0,6.0
201100058473,0011-07-10 13:45:00,11,7,10,13,45,750,105,"35, RUE DES ECOLES",,,Plein jour,En agglomération,Hors intersection,Normale,Deux véhicules - côté,,,,,,,,,,,1,2,1,1.0,3.0
201100058474,0011-07-12 15:45:00,11,7,12,15,45,750,105,"5, RUE CLAUDE BERNARD",,,Plein jour,En agglomération,Intersection en X,Normale,Autre collision,,,,,,,,,,,1,2,2,1.0,6.0
201100058475,0011-07-16 04:35:00,11,7,16,4,35,750,105,"33, RUE SAINT JACQUES",,,Nuit avec éclairage allumé,En agglomération,Intersection à plus de 4 branches,Normale,Autre collision,,,,,,,,,,,5,2,5,1.0,6.0