accident_id,datetime,annee,mois,jour,heure,minute,departement,commune_insee,adresse,latitude,longitude,luminosite,agglomeration,intersection,meteo,collision,nb_vehicules,nb_usagers,nb_indemnes,nb_tues,nb_blesses_hosp,nb_blesses_legers,age_cond_1,age_cond_2,veh_type_cond_1,veh_type_cond_2,lum_code,agg_code,int_code,atm_code,col_code
201100058476,0011-07-27 17:15:00,11,7,27,17,15,750,105,"65, BOULEVARD SAINT MICH",,,Plein jour,En agglomération,Place,Normale,Autre collision,,,,,,,,,,,1,2,7,1.0,6.0
201100058477,0011-07-31 18:30:00,11,7,31,18,30,750,105,"2, RUE DU PETIT PONT",,,Plein jour,En agglomération,Hors intersection,Normale,Autre collision,,,,,,,,,,,1,2,1,1.0,6.0
201100058478,0011-08-04 15:10:00,11,8,4,15,10,750,105,PLACE VALHUBERT,,,Plein jour,En agglomération,Place,Pluie légère,Autre collision,,,,,,,,,,,1,2,7,2.0,6.0
201100058479,0011-08-05 13:40:00,11,8,5,13,40,750,105,BOULEVARD DE PORT ROYAL,,,Plein jour,En agglomération,Intersection en X,Normale,Deux véhicules - côté,,,,,,,,,,,1,2,2,1.0,3.0
201100058480,0011-08-06 17:35:00,11,8,6,17,35,750,105,"66, RUE GAY LUSSAC",,,Plein jour,En agglomération,Hors intersection,Normale,Deux véhicules - côté,,,,,,,,,,,1,2,1,1.0,3.0
201100058481,0011-08-08 20:40:00,11,8,8,20,40,750,105,"37, RUE POLIVEAU",,,Crépuscule ou aube,En agglomération,Intersection en T,Pluie légère,Sans collision,,,,,,,,,,,2,2,3,2.0,7.0
201100058482,0011-08-10 19:45:00,11,8,10,19,45,750,106,"46, BOULEVARD SAINT MICH",,,Crépuscule ou aube,En agglomération,Intersection en X,Normale,Deux véhicules - côté,,,,,,,,,,,2,2,2,1.0,3.0
201100058483,0011-08-13 10:00:00,11,8,13,10,0,750,105,"8, RUE LINNE",,,Plein jour,En agglomération,Hors intersection,Normale,Deux véhicules - côté,,,,,,,,,,,1,2,1,1.0,3.0
201100058484,0011-08-23 07:35:00,11,8,23,7,35,750,105,"31, BOULEVARD SAINT MICH",,,Plein jour,En agglomération,Hors intersection,Normale,Autre collision,,,,,,,,,,,1,2,1,1.0,6.0
201100058485,0011-08-24 01:39:00,11,8,24,1,39,750,105,"03, QUAI SAINT BERNARD",,,Nuit avec éclairage allumé,En agglomération,Intersection en T,Normale,Deux véhicules - arrière,,,,,,,,,,,5,2,3,1.0,2.0
201100058486,0011-08-26 18:20:00,11,8,26,18,20,750,105,RUE DU VAL DE GRACE,,,Plein jour,En agglomération,Hors intersection,Temps couvert,Autre collision,,,,,,,,,,,1,2,1,8.0,6.0
201100058487,0011-08-29 12:50:00,11,8,29,12,50,750,105,"72, RUE CLAUDE BERNARD",,,Plein jour,En agglomération,Intersection en X,Normale,Deux véhicules - côté,,,,,,,,,,,1,2,2,1.0,3.0
201100058488,0011-08-30 02:30:00,11,8,30,2,30,750,105,"88, BOULEVARD SAINT GERM",,,Nuit avec éclairage allumé,En agglomération,Intersection en T,Normale,Autre collision,,,,,,,,,,,5,2,3,1.0,6.0
201100058489,0011-08-30 09:00:00,11,8,30,9,0,750,105,"40, BOULEVARD DE PORT RO",,,Plein jour,En agglomération,Hors intersection,Normale,Autre collision,,,,,,,,,,,1,2,1,1.0,6.0
201100058490,0011-08-30 15:10:00,11,8,30,15,10,750,105,"32, RUE DES BERNARDINS",,,Plein jour,En agglomération,Intersection en X,Normale,Autre collision,,,,,,,,,,,1,2,2,1.0,6.0
201100058491,0011-09-05 08:50:00,11,9,5,8,50,750,105,"95, RUE MONGE",,,Plein jour,En agglomération,Intersection en T,Normale,Deux véhicules - côté,,,,,,,,,,,1,2,3,1.0,3.0
201100058492,0011-09-05 08:20:00,11,9,5,8,20,750,105,"78, BOULEVARD SAINT GERM",,,Plein jour,En agglomération,Intersection en T,Normale,Sans collision,,,,,,,,,,,1,2,3,1.0,7.0
201100058493,0011-09-07 20:30:00,11,9,7,20,30,750,113,AVENUE DE LA PORTE D ITA,,,Nuit avec éclairage allumé,En agglomération,Place,Normale,Deux véhicules - frontale,,,,,,,,,,,5,2,7,1.0,1.0
201100058494,0011-09-08 13:35:00,11,9,8,13,35,750,105,"27, BOULEVARD SAINT MICH",,,Plein jour,En agglomération,Intersection à plus de 4 branches,Pluie légère,Deux véhicules - côté,,,,,,,,,,,1,2,5,2.0,3.0
201100058495,0011-09-08 21:05:00,11,9,8,21,5,750,113,BOULEVARD PERIPHERIQUE E,,,Nuit avec éclairage allumé,En agglomération,Hors intersection,Normale,Deux véhicules - arrière,,,,,,,,,,,5,2,1,1.0,2.0
201100058496,0011-09-11 11:25:00,11,9,11,11,25,750,105,"270, RUE SAINT JACQUES",,,Plein jour,En agglomération,Intersection en T,Pluie légère,Sans collision,,,,,,,,,,,1,2,3,2.0,7.0
201100058497,0011-09-11 23:40:00,11,9,11,23,40,750,105,"109, BOULEVARD SAINT MIC",,,Nuit avec éclairage allumé,En agglomération,Hors intersection,Normale,Autre collision,,,,,,,,,,,5,2,1,1.0,6.0
201100058498,0011-09-17 19:50:00,11,9,17,19,50,750,105,"47 ter, BOULEVARD SAINT",,,Nuit avec éclairage allumé,En agglomération,Intersection en X,Normale,Deux véhicules - côté,,,,,,,,,,,5,2,2,1.0,3.0
201100058499,0011-09-21 15:45:00,11,9,21,15,45,750,105,"4, PLACE DE LA SORBONNE",,,Plein jour,En agglomération,Hors intersection,Normale,Autre collision,,,,,,,,,,,1,2,1,1.0,6.0
201100058500,0011-09-26 10:00:00,11,9,26,10,0,750,105,"9, RUE DE LA HUCHETTE",,,Plein jour,En agglomération,Intersection en X,Normale,Autre collision,,,,,,,,,,,1,2,2,1.0,6.0
201100058501,0011-09-29 08:45:00,11,9,29,8,45,750,106,"30, BOULEVARD SAINT MICH",,,Plein jour,En agglomération,Intersection à plus de 4 branches,Normale,Autre collision,,,,,,,,,,,1,2,5,1.0,6.0
201100058502,0011-10-01 06:45:00,11,10,1,6,45,750,105,"8, BOULEVARD DE L HOPITA",,,Nuit avec éclairage allumé,En agglomération,Intersection en X,Normale,Autre collision,,,,,,,,,,,5,2,2,1.0,6.0
201100058503,0011-10-03 07:55:00,11,10,3,7,55,750,105,"69, BOULEVARD SAINT GERM",,,Plein jour,En agglomération,Intersection à plus de 4 branches,Normale,Deux véhicules - côté,,,,,,,,,,,1,2,5,1.0,3.0
201100058504,0011-10-04 01:40:00,11,10,4,1,40,750,105,"109, BOULEVARD SAINT MIC",,,Nuit avec éclairage allumé,En agglomération,Hors intersection,Normale,Deux véhicules - arrière,,,,,,,,,,,5,2,1,1.0,2.0
201100058505,0011-10-05 22:50:00,11,10,5,22,50,750,105,BOULEVARD SAINT MICHEL,,,Nuit avec éclairage allumé,En agglomération,Intersection en X,Normale,Deux véhicules - côté,,,,,,,,,,,5,2,2,1.0,3.0
201100058506,0011-10-06 09:50:00,11,10,6,9,50,750,105,QUAI SAINT MICHEL,,,Plein jour,En agglomération,Intersection en T,Pluie légère,Sans collision,,,,,,,,,,,1,2,3,2.0,7.0
201100058507,0011-10-07 04:10:00,11,10,7,4,10,750,105,"53, BOULEVARD SAINT GERM",,,Nuit avec éclairage allumé,En agglomération,Intersection en X,Normale,Sans collision,,,,,,,,,,,5,2,2,1.0,7.0
201100058508,0011-10-07 09:15:00,11,10,7,9,15,750,105,"78, BOULEVARD SAINT MARC",,,Plein jour,En agglomération,Hors intersection,Normale,Deux véhicules - arrière,,,,,,,,,,,1,2,1,1.0,2.0
201100058509,0011-10-07 12:00:00,11,10,7,12,0,750,105,"19, QUAI DE LA TOURNELLE",,,Plein jour,En agglomération,Intersection en X,Normale,Deux véhicules - côté,,,,,,,,,,,1,2,2,1.0,3.0
201100058510,0011-10-07 19:55:00,11,10,7,19,55,750,105,"63, BOULEVARD DE PORT RO",,,Crépuscule ou aube,En agglomération,Intersection en X,Pluie légère,Autre collision,,,,,,,,,,,2,2,2,2.0,6.0
201100058511,0011-10-07 21:25:00,11,10,7,21,25,750,105,"12, BOULEVARD DE L HOPIT",,,Nuit avec éclairage allumé,En agglomération,Hors intersection,Normale,Autre collision,,,,,,,,,,,5,2,1,1.0,6.0
201100058512,0011-10-08 01:30:00,11,10,8,1,30,750,105,"11, BOULEVARD SAINT GERM",,,Nuit avec éclairage allumé,En agglomération,Intersection en X,Autre,Deux véhicules - arrière,,,,,,,,,,,5,2,2,9.0,2.0
201100058513,0011-10-11 09:25:00,11,10,11,9,25,750,105,"94, BOULEVARD SAINT GERM",,,Plein jour,En agglomération,Hors intersection,Normale,Deux véhicules - côté,,,,,,,,,,,1,2,1,1.0,3.0
201100058514,0011-10-11 17:12:00,11,10,11,17,12,750,105,"7, QUAI SAINT BERNARD",,,Plein jour,En agglomération,Hors intersection,Normale,Deux véhicules - côté,,,,,,,,,,,1,2,1,1.0,3.0
201100058515,0011-10-11 19:15:00,11,10,11,19,15,750,105,"n?ant, BOULEVARD DE PORT",,,Crépuscule ou aube,En agglomération,Intersection à plus de 4 branches,Normale,Autre collision,,,,,,,,,,,2,2,5,1.0,6.0
201100058516,0011-10-12 17:00:00,11,10,12,17,0,750,105,"12, RUE DE L ABBE DE L E",,,Plein jour,En agglomération,Hors intersection,Normale,Deux véhicules - côté,,,,,,,,,,,1,2,1,1.0,3.0
201100058517,0011-10-15 01:50:00,11,10,15,1,50,750,105,"13, BOULEVARD SAINT GERM",,,Nuit avec éclairage allumé,En agglomération,Intersection en X,Normale,Sans collision,,,,,,,,,,,5,2,2,1.0,7.0
201100058518,0011-10-16 17:20:00,11,10,16,17,20,750,105,PLACE VALHUBERT,,,Plein jour,En agglomération,Hors intersection,Normale,Autre collision,,,,,,,,,,,1,2,1,1.0,6.0
201100058519,0011-10-13 13:10:00,11,10,13,13,10,750,105,"0, BOULEVARD SAINT MICHE",,,Plein jour,En agglomération,Intersection en X,Normale,Autre collision,,,,,,,,,,,1,2,2,1.0,6.0
201100058520,0011-10-29 15:35:00,11,10,29,15,35,750,105,"38, RUE SAINT JACQUES",,,Plein jour,En agglomération,Intersection en X,Normale,Deux véhicules - arrière,,,,,,,,,,,1,2,2,1.0,2.0
201100058521,0011-10-31 18:00:00,11,10,31,18,0,750,105,"62, BOULEVARD SAINT GERM",,,Crépuscule ou aube,En agglomération,Hors intersection,Normale,Sans collision,,,,,,,,,,,2,2,1,1.0,7.0
201100058522,0011-11-01 20:40:00,11,11,1,20,40,750,105,"92, BOULEVARD SAINT MARC",,,Nuit avec éclairage allumé,En agglomération,Intersection à plus de 4 branches,Autre,Trois véhicules et plus - collisions multiples,,,,,,,,,,,5,2,5,9.0,5.0
201100058523,0011-11-02 16:00:00,11,11,2,16,0,750,105,"88, BOULEVARD DE PORT RO",,,Plein jour,En agglomération,Intersection en X,Temps couvert,Autre collision,,,,,,,,,,,1,2,2,8.0,6.0
201100058524,0011-11-03 08:55:00,11,11,3,8,55,750,105,"70, BOULEVARD SAINT MARC",,,Plein jour,En agglomération,Intersection en T,Pluie légère,Deux véhicules - arrière,,,,,,,,,,,1,2,3,2.0,2.0
201100058525,0011-11-03 14:15:00,11,11,3,14,15,750,105,"223, RUE SAINT JACQUES",,,Plein jour,En agglomération,Intersection en X,Pluie légère,Sans collision,,,,,,,,,,,1,2,2,2.0,7.0
201100058526,0011-11-04 03:02:00,11,11,4,3,2,750,105,"22, QUAI SAINT MICHEL",,,Nuit avec éclairage allumé,En agglomération,Intersection à plus de 4 branches,Normale,Deux véhicules - côté,,,,,,,,,,,5,2,5,1.0,3.0
201100058527,0011-11-09 08:05:00,11,11,9,8,5,750,105,BOULEVARD SAINT MARCEL,,,Plein jour,En agglomération,Hors intersection,Normale,Autre collision,,,,,,,,,,,1,2,1,1.0,6.0
201100058528,0011-11-15 13:20:00,11,11,15,13,20,750,105,"9, AVENUE DES GOBELINS",,,Plein jour,En agglomération,Intersection en T,Normale,Deux véhicules - côté,,,,,,,,,,,1,2,3,1.0,3.0
201100058529,0011-11-19 07:35:00,11,11,19,7,35,750,105,"9, QUAI SAINT BERNARD",,,Crépuscule ou aube,En agglomération,Hors intersection,Temps couvert,Autre collision,,,,,,,,,,,2,2,1,8.0,6.0
201100058530,0011-11-19 16:45:00,11,11,19,16,45,750,105,RUE SAINT JACQUES,,,Plein jour,En agglomération,Intersection en X,Normale,Deux véhicules - côté,,,,,,,,,,,1,2,2,1.0,3.0
201100058531,0011-11-22 15:05:00,11,11,22,15,5,750,105,PONT PETIT PONT,,,Plein jour,En agglomération,Intersection en X,Normale,Autre collision,,,,,,,,,,,1,2,2,1.0,6.0
201100058532,0011-11-22 21:25:00,11,11,22,21,25,750,105,"74, RUE MONGE",,,Nuit avec éclairage allumé,En agglomération,Place,Normale,Deux véhicules - côté,,,,,,,,,,,5,2,7,1.0,3.0
201100058533,0011-11-28 15:55:00,11,11,28,15,55,750,105,RUE MONGE,,,Plein jour,En agglomération,Hors intersection,Temps couvert,Deux véhicules - côté,,,,,,,,,,,1,2,1,8.0,3.0
201100058534,0011-12-01 19:40:00,11,12,1,19,40,750,105,"46, RUE DES FOSSES SAINT",,,Nuit sans éclairage public,En agglomération,Intersection en T,Normale,Autre collision,,,,,,,,,,,3,2,3,1.0,6.0
201100058535,0011-12-02 21:20:00,11,12,2,21,20,750,113,"7, BOULEVARD DE L HOPITA",,,Nuit avec éclairage allumé,En agglomération,Intersection en T,Normale,Deux véhicules - côté,,,,,,,,,,,5,2,3,1.0,3.0
201100058536,0011-12-03 07:30:00,11,12,3,7,30,750,105,"7, QUAI SAINT BERNARD",,,Nuit avec éclairage allumé,En agglomération,Hors intersection,Pluie légère,Deux véhicules - arrière,,,,,,,,,,,5,2,1,2.0,2.0
201100058537,0011-12-03 10:30:00,11,12,3,10,30,750,105,"36, RUE SAINT JACQUES",,,Plein jour,En agglomération,Intersection en X,Pluie légère,Deux véhicules - côté,,,,,,,,,,,1,2,2,2.0,3.0
201100058538,0011-12-07 23:35:00,11,12,7,23,35,750,105,"26, BOULEVARD SAINT GERM",,,Nuit avec éclairage allumé,En agglomération,Intersection en X,Temps couvert,Deux véhicules - arrière,,,,,,,,,,,5,2,2,8.0,2.0
201100058539,0011-12-08 19:50:00,11,12,8,19,50,750,113,"0, PLACE PORT AU PRINCE",,,Nuit avec éclairage allumé,En agglomération,Place,Normale,Deux véhicules - côté,,,,,,,,,,,5,2,7,1.0,3.0
201100058540,0011-12-09 22:05:00,11,12,9,22,5,750,105,PONT SAINT MICHEL,,,Nuit avec éclairage allumé,En agglomération,Intersection en X,Normale,Autre collision,,,,,,,,,,,5,2,2,1.0,6.0
201100058541,0011-12-12 04:15:00,11,12,12,4,15,750,105,"08, BOULEVARD DE L HOPIT",,,Nuit avec éclairage allumé,En agglomération,Intersection en X,Pluie forte,Autre collision,,,,,,,,,,,5,2,2,3.0,6.0
201100058542,0011-12-13 08:10:00,11,12,13,8,10,750,105,"57, QUAI DE LA TOURNELLE",,,Nuit avec éclairage allumé,En agglomération,Intersection en X,Pluie forte,Deux véhicules - côté,,,,,,,,,,,5,2,2,3.0,3.0
201100058543,0011-12-13 08:00:00,11,12,13,8,0,750,105,"7, QUAI SAINT BERNARD",,,Crépuscule ou aube,En agglomération,Hors intersection,Pluie légère,Deux véhicules - côté,,,,,,,,,,,2,2,1,2.0,3.0
201100058544,0011-12-13 13:40:00,11,12,13,13,40,750,105,"29, RUE DE L ESTRAPADE",,,Plein jour,En agglomération,Place,Pluie légère,Autre collision,,,,,,,,,,,1,2,7,2.0,6.0
201100058545,0011-12-14 11:35:00,11,12,14,11,35,750,105,"90, BOULEVARD SAINT MARC",,,Plein jour,En agglomération,Intersection à plus de 4 branches,Normale,Deux véhicules - côté,,,,,,,,,,,1,2,5,1.0,3.0
201100058546,0011-12-14 16:30:00,11,12,14,16,30,750,105,BOULEVARD DE L HOPITAL,,,Crépuscule ou aube,En agglomération,Intersection en X,Normale,Deux véhicules - côté,,,,,,,,,,,2,2,2,1.0,3.0
201100058547,0011-12-18 22:05:00,11,12,18,22,5,750,105,"1, RUE DU PETIT PONT",,,Nuit avec éclairage allumé,En agglomération,Intersection en X,Pluie légère,Autre collision,,,,,,,,,,,5,2,2,2.0,6.0
201100058548,0011-12-19 12:50:00,11,12,19,12,50,750,105,BOULEVARD DE PORT ROYAL,,,Plein jour,En agglomération,Hors intersection,Normale,Sans collision,,,,,,,,,,,1,2,1,1.0,7.0
201100058549,0011-12-19 18:55:00,11,12,19,18,55,750,105,"1, QUAI SAINT BERNARD",,,Nuit avec éclairage allumé,En agglomération,Place,Pluie légère,Trois véhicules et plus - collisions multiples,,,,,,,,,,,5,2,7,2.0,5.0
201100058550,0011-12-19 23:20:00,11,12,19,23,20,750,113,"12, BOULEVARD DE L HOPIT",,,Nuit avec éclairage allumé,En agglomération,Intersection en X,Pluie légère,Autre collision,,,,,,,,,,,5,2,2,2.0,6.0
201100058551,0011-12-20 16:50:00,11,12,20,16,50,750,105,"1, RUE DE VALENCE",,,Crépuscule ou aube,En agglomération,Intersection à plus de 4 branches,Temps couvert,Autre collision,,,,,,,,,,,2,2,5,8.0,6.0
201100058552,0011-12-21 10:50:00,11,12,21,10,50,750,105,"56, BOULEVARD SAINT MARC",,,Plein jour,En agglomération,Intersection en X,Pluie légère,Autre collision,,,,,,,,,,,1,2,2,2.0,6.0
201100058553,0011-12-27 21:35:00,11,12,27,21,35,750,105,"340, RUE SAINT JACQUES",,,Nuit avec éclairage allumé,En agglomération,Hors intersection,Normale,Autre collision,,,,,,,,,,,5,2,1,1.0,6.0
201100058554,0011-12-28 18:45:00,11,12,28,18,45,750,105,AVENUE DE L OBSERVATOIRE,,,Nuit sans éclairage public,En agglomération,Intersection à plus de 4 branches,Normale,Autre collision,,,,,,,,,,,3,2,5,1.0,6.0
201100058555,0011-12-29 19:25:00,11,12,29,19,25,750,105,"102, RUE MONGE",,,Nuit avec éclairage allumé,En agglomération,Intersection en X,Pluie légère,Deux véhicules - frontale,,,,,,,,,,,5,2,2,2.0,1.0
201100058556,0011-01-05 20:20:00,11,1,5,20,20,750,106,"19, BOULEVARD DU MONTPAR",,,Nuit avec éclairage allumé,En agglomération,Intersection en X,Pluie légère,Autre collision,,,,,,,,,,,5,2,2,2.0,6.0
201100058557,0011-01-12 07:50:00,11,1,12,7,50,750,106,"37, RUE DE SEVRES",,,Crépuscule ou aube,En agglomération,Hors intersection,Pluie légère,Autre collision,,,,,,,,,,,2,2,1,2.0,6.0
201100058558,0011-01-14 15:50:00,11,1,14,15,50,750,106,"02, RUE MICHELET",,,Plein jour,En agglomération,Intersection en T,Normale,Sans collision,,,,,,,,,,,1,2,3,1.0,7.0
201100058559,0011-01-20 20:45:00,11,1,20,20,45,750,106,"22, BOULEVARD SAINT MICH",,,Nuit avec éclairage allumé,En agglomération,Intersection en X,Normale,Autre collision,,,,,,,,,,,5,2,2,1.0,6.0
201100058560,0011-01-21 09:30:00,11,1,21,9,30,750,106,"56, RUE DU FOUR",,,Plein jour,En agglomération,Intersection à plus de 4 branches,Normale,Sans collision,,,,,,,,,,,1,2,5,1.0,7.0
201100058561,0011-01-25 11:04:00,11,1,25,11,4,750,106,"46, BOULEVARD SAINT MICH",,,Plein jour,En agglomération,Hors intersection,Normale,Autre collision,,,,,,,,,,,1,2,1,1.0,6.0
201100058562,0011-01-31 13:15:00,11,1,31,13,15,750,106,"22, RUE DAUPHINE",,,Plein jour,En agglomération,Intersection en T,Normale,Sans collision,,,,,,,,,,,1,2,3,1.0,7.0
201100058563,0011-01-31 23:50:00,11,1,31,23,50,750,106,BOULEVARD RASPAIL,,,Nuit avec éclairage allumé,En agglomération,Intersection à plus de 4 branches,Normale,Autre collision,,,,,,,,,,,5,2,5,1.0,6.0
201100058564,0011-02-13 04:05:00,11,2,13,4,5,750,106,"27, RUE GREGOIRE DE TOUR",,,Nuit avec éclairage allumé,En agglomération,Intersection en X,Normale,Autre collision,,,,,,,,,,,5,2,2,1.0,6.0
201100058565,0011-02-13 12:00:00,11,2,13,12,0,750,106,"17, QUAI DES GRANDS AUGU",,,Plein jour,En agglomération,Hors intersection,Pluie légère,Deux véhicules - arrière,,,,,,,,,,,1,2,1,2.0,2.0
201100058566,0011-03-04 21:15:00,11,3,4,21,15,750,106,"140, BOULEVARD SAINT GER",,,Nuit avec éclairage allumé,En agglomération,Intersection en X,Normale,Deux véhicules - arrière,,,,,,,,,,,5,2,2,1.0,2.0
201100058567,0011-03-05 16:50:00,11,3,5,16,50,750,106,"13, RUE DE L ANCIENNE CO",,,Plein jour,En agglomération,Hors intersection,Normale,Autre collision,,,,,,,,,,,1,2,1,1.0,6.0
201100058568,0011-03-06 08:40:00,11,3,6,8,40,750,106,"28, BOULEVARD SAINT MICH",,,Plein jour,En agglomération,Intersection à plus de 4 branches,Normale,Deux véhicules - côté,,,,,,,,,,,1,2,5,1.0,3.0
201100058569,0011-03-06 10:20:00,11,3,6,10,20,750,106,"72, RUE DE RENNES",,,Plein jour,En agglomération,Intersection en X,Normale,Autre collision,,,,,,,,,,,1,2,2,1.0,6.0
201100058570,0011-03-07 09:00:00,11,3,7,9,0,750,106,"1, BOULEVARD DU MONTPARN",,,Plein jour,En agglomération,Intersection en Y,Normale,Deux véhicules - côté,,,,,,,,,,,1,2,4,1.0,3.0
201100058571,0011-03-07 12:48:00,11,3,7,12,48,750,106,"01, RUE MICHELET",,,Plein jour,En agglomération,Intersection à plus de 4 branches,Normale,Deux véhicules - côté,,,,,,,,,,,1,2,5,1.0,3.0
201100058572,0011-03-09 14:00:00,11,3,9,14,0,750,106,"43, BOULEVARD RASPAIL",,,Plein jour,En agglomération,Hors intersection,Normale,Autre collision,,,,,,,,,,,1,2,1,1.0,6.0
201100058573,0011-03-14 15:30:00,11,3,14,15,30,750,106,"47, RUE DE VAUGIRARD",,,Plein jour,En agglomération,Intersection en X,Normale,Autre collision,,,,,,,,,,,1,2,2,1.0,6.0
201100058574,0011-03-16 22:20:00,11,3,16,22,20,750,106,"85, BOULEVARD RASPAIL",,,Nuit avec éclairage allumé,En agglomération,Intersection à plus de 4 branches,Normale,Deux véhicules - arrière,,,,,,,,,,,5,2,5,1.0,2.0
201100058575,0011-03-17 15:35:00,11,3,17,15,35,750,106,"15, RUE DE VAUGIRARD",,,Plein jour,En agglomération,Intersection en T,Temps couvert,Deux véhicules - côté,,,,,,,,,,,1,2,3,8.0,3.0
201100058576,0011-03-18 18:30:00,11,3,18,18,30,750,106,"121, BOULEVARD RASPAIL",,,Plein jour,En agglomération,Intersection en X,Pluie légère,Deux véhicules - arrière,,,,,,,,,,,1,2,2,2.0,2.0
201100058577,0011-03-18 20:45:00,11,3,18,20,45,750,106,"87, BOULEVARD DU MONTPAR",,,Nuit avec éclairage allumé,En agglomération,Intersection en X,Pluie légère,Deux véhicules - arrière,,,,,,,,,,,5,2,2,2.0,2.0
201100058578,0011-03-28 18:10:00,11,3,28,18,10,750,106,"7 8, RUE DE SEINE",,,Plein jour,En agglomération,Intersection en X,Normale,Deux véhicules - côté,,,,,,,,,,,1,2,2,1.0,3.0
201100058579,0011-03-29 12:30:00,11,3,29,12,30,750,105,"1, PLACE SAINT MICHEL",,,Plein jour,En agglomération,Intersection à plus de 4 branches,Normale,Deux véhicules - côté,,,,,,,,,,,1,2,5,1.0,3.0
201100058580,0011-03-29 18:20:00,11,3,29,18,20,750,106,"50, RUE DE VAUGIRARD",,,Plein jour,En agglomération,Intersection en T,Pluie légère,Autre collision,,,,,,,,,,,1,2,3,2.0,6.0
201100058581,0011-03-29 18:55:00,11,3,29,18,55,750,106,"86, RUE D ASSAS",,,Plein jour,En agglomération,Hors intersection,Pluie légère,Deux véhicules - côté,,,,,,,,,,,1,2,1,2.0,3.0
201100058582,0011-04-04 16:50:00,11,4,4,16,50,750,106,"27, RUE DE CONDE",,,Plein jour,En agglomération,Intersection en T,Normale,Deux véhicules - côté,,,,,,,,,,,1,2,3,1.0,3.0
201100058583,0011-04-06 14:15:00,11,4,6,14,15,750,106,"81, BOULEVARD RASPAIL",,,Plein jour,En agglomération,Intersection en X,Normale,Autre collision,,,,,,,,,,,1,2,2,1.0,6.0
201100058584,0011-04-07 10:17:00,11,4,7,10,17,750,106,"20, BOULEVARD SAINT MICH",,,Plein jour,En agglomération,Intersection en Y,Normale,Autre collision,,,,,,,,,,,1,2,4,1.0,6.0
201100058585,0011-04-07 17:55:00,11,4,7,17,55,750,106,"72, RUE DE RENNES",,,Plein jour,En agglomération,Intersection en X,Normale,Autre collision,,,,,,,,,,,1,2,2,1.0,6.0
201100058586,0011-04-08 14:35:00,11,4,8,14,35,750,106,"1, PLACE ERNEST DENIS",,,Plein jour,En agglomération,Intersection en X,Normale,Deux véhicules - côté,,,,,,,,,,,1,2,2,1.0,3.0
201100058587,0011-04-10 11:20:00,11,4,10,11,20,750,106,"69, RUE DE VAUGIRARD",,,Plein jour,En agglomération,Intersection en T,Normale,Deux véhicules - côté,,,,,,,,,,,1,2,3,1.0,3.0
201100058588,0011-04-12 20:55:00,11,4,12,20,55,750,106,"119, RUE NOTRE DAME DES",,,Nuit avec éclairage allumé,En agglomération,Hors intersection,Normale,Sans collision,,,,,,,,,,,5,2,1,1.0,7.0
201100058589,0011-04-14 14:50:00,11,4,14,14,50,750,106,"71, BOULEVARD DU MONTPAR",,,Plein jour,En agglomération,Place,Normale,Autre collision,,,,,,,,,,,1,2,7,1.0,6.0
201100058590,0011-04-19 00:04:00,11,4,19,0,4,750,105,"4, RUE DES ECOLES",,,Nuit avec éclairage allumé,En agglomération,Intersection en T,Normale,Autre collision,,,,,,,,,,,5,2,3,1.0,6.0
201100058591,0011-04-19 17:00:00,11,4,19,17,0,750,106,"24, RUE VAVIN",,,Plein jour,En agglomération,Hors intersection,Normale,Autre collision,,,,,,,,,,,1,2,1,1.0,6.0
201100058592,0011-04-21 07:30:00,11,4,21,7,30,750,106,"55, RUE DE RENNES",,,Plein jour,En agglomération,Intersection à plus de 4 branches,Normale,Deux véhicules - côté,,,,,,,,,,,1,2,5,1.0,3.0
201100058593,0011-04-22 22:20:00,11,4,22,22,20,750,106,"133, BOULEVARD SAINT GER",,,Nuit avec éclairage allumé,En agglomération,Intersection en T,Normale,Autre collision,,,,,,,,,,,5,2,3,1.0,6.0
201100058594,0011-04-25 14:46:00,11,4,25,14,46,750,106,PLACE EDMOND ROSTAND,,,Plein jour,En agglomération,Intersection en Y,Normale,Autre collision,,,,,,,,,,,1,2,4,1.0,6.0
201100058595,0011-04-26 22:10:00,11,4,26,22,10,750,106,"150, RUE DE RENNES",,,Nuit avec éclairage allumé,En agglomération,Intersection en Y,Normale,Deux véhicules - côté,,,,,,,,,,,5,2,4,1.0,3.0
201100058596,0011-04-28 10:05:00,11,4,28,10,5,750,106,"57, RUE SAINT PLACIDE",,,Plein jour,En agglomération,Intersection à plus de 4 branches,Normale,Sans collision,,,,,,,,,,,1,2,5,1.0,7.0
201100058597,0011-05-01 16:04:00,11,5,1,16,4,750,106,"15, RUE D ASSAS",,,Plein jour,En agglomération,Intersection en X,Normale,Autre collision,,,,,,,,,,,1,2,2,1.0,6.0
201100058598,0011-05-03 19:00:00,11,5,3,19,0,750,106,"33, BOULEVARD DU MONTPAR",,,Plein jour,En agglomération,Hors intersection,Normale,Deux véhicules - côté,,,,,,,,,,,1,2,1,1.0,3.0
201100058599,0011-05-04 12:25:00,11,5,4,12,25,750,106,"29, BOULEVARD DU MONTPAR",,,Plein jour,En agglomération,Intersection à plus de 4 branches,Normale,Deux véhicules - côté,,,,,,,,,,,1,2,5,1.0,3.0
201100058600,0011-05-05 20:10:00,11,5,5,20,10,750,106,"29, RUE SAINT PLACIDE",,,Crépuscule ou aube,En agglomération,Intersection en X,Normale,Autre collision,,,,,,,,,,,2,2,2,1.0,6.0