accident_id,datetime,annee,mois,jour,heure,minute,departement,commune_insee,adresse,latitude,longitude,luminosite,agglomeration,intersection,meteo,collision,nb_vehicules,nb_usagers,nb_indemnes,nb_tues,nb_blesses_hosp,nb_blesses_legers,age_cond_1,age_cond_2,veh_type_cond_1,veh_type_cond_2,lum_code,agg_code,int_code,atm_code,col_code
201100058855,0011-08-03 08:00:00,11,8,3,8,0,750,107,"12, BOULEVARD RASPAIL",,,Plein jour,En agglomération,Intersection à plus de 4 branches,Pluie légère,Deux véhicules - côté,,,,,,,,,,,1,2,5,2.0,3.0
201100058856,0011-08-03 14:55:00,11,8,3,14,55,750,107,"35, AVENUE DE SUFFREN",,,Plein jour,En agglomération,Intersection à plus de 4 branches,Normale,Autre collision,,,,,,,,,,,1,2,5,1.0,6.0
201100058857,0011-08-06 13:20:00,11,8,6,13,20,750,107,"236, BOULEVARD SAINT GER",,,Plein jour,En agglomération,Intersection en X,Normale,Deux véhicules - côté,,,,,,,,,,,1,2,2,1.0,3.0
201100058858,0011-08-07 02:20:00,11,8,7,2,20,750,107,PLACE DE LA RESISTANCE,,,Nuit avec éclairage allumé,En agglomération,Place,Temps couvert,Deux véhicules - côté,,,,,,,,,,,5,2,7,8.0,3.0
201100058859,0011-08-07 20:15:00,11,8,7,20,15,750,107,"149, RUE DE GRENELLE",,,Crépuscule ou aube,En agglomération,Place,Normale,Sans collision,,,,,,,,,,,2,2,7,1.0,7.0
201100058860,0011-08-21 02:10:00,11,8,21,2,10,750,107,"211, BOULEVARD SAINT GER",,,Nuit sans éclairage public,En agglomération,Hors intersection,Pluie légère,Autre collision,,,,,,,,,,,3,2,1,2.0,6.0
201100058861,0011-08-22 18:45:00,11,8,22,18,45,750,107,PORT DES INVALIDES,,,Plein jour,En agglomération,Hors intersection,Normale,Autre collision,,,,,,,,,,,1,2,1,1.0,6.0
201100058862,0011-08-23 14:20:00,11,8,23,14,20,750,107,BOULEVARD RASPAIL,,,Plein jour,En agglomération,Hors intersection,Normale,Deux véhicules - arrière,,,,,,,,,,,1,2,1,1.0,2.0
201100058863,0011-08-27 17:40:00,11,8,27,17,40,750,107,"128, RUE DU BAC",,,Plein jour,En agglomération,Intersection en X,Pluie légère,Autre collision,,,,,,,,,,,1,2,2,2.0,6.0
201100058864,0011-08-28 01:45:00,11,8,28,1,45,750,107,QUAI BRANLY,,,Nuit avec éclairage allumé,En agglomération,Hors intersection,Normale,Sans collision,,,,,,,,,,,5,2,1,1.0,7.0
201100058865,0011-08-29 15:45:00,11,8,29,15,45,750,107,QUAI D ORSAY,,,Plein jour,En agglomération,Intersection en Y,Normale,Deux véhicules - côté,,,,,,,,,,,1,2,4,1.0,3.0
201100058866,0011-08-29 16:00:00,11,8,29,16,0,750,107,QUAI BRANLY,,,Plein jour,En agglomération,Hors intersection,Normale,Autre collision,,,,,,,,,,,1,2,1,1.0,6.0
201100058867,0011-08-31 18:10:00,11,8,31,18,10,750,107,AVENUE DU MARECHAL GALLI,,,Plein jour,En agglomération,Hors intersection,Temps éblouissant,Sans collision,,,,,,,,,,,1,2,1,7.0,7.0
201100058868,0011-09-02 08:40:00,11,9,2,8,40,750,107,PLACE DE L ECOLE MILITAI,,,Plein jour,En agglomération,Place,Normale,Deux véhicules - côté,,,,,,,,,,,1,2,7,1.0,3.0
201100058869,0011-09-06 08:50:00,11,9,6,8,50,750,107,"11, PLACE JOFFRE",,,Plein jour,En agglomération,Intersection en T,Temps couvert,Deux véhicules - côté,,,,,,,,,,,1,2,3,8.0,3.0
201100058870,0011-09-07 08:10:00,11,9,7,8,10,750,107,"19, BOULEVARD DES INVALI",,,Plein jour,En agglomération,Intersection en T,Normale,Deux véhicules - côté,,,,,,,,,,,1,2,3,1.0,3.0
201100058871,0011-09-08 10:50:00,11,9,8,10,50,750,107,RUE DE BABYLONE,,,Plein jour,En agglomération,Intersection en T,Normale,Deux véhicules - arrière,,,,,,,,,,,1,2,3,1.0,2.0
201100058872,0011-09-10 21:20:00,11,9,10,21,20,750,115,"3, AVENUE DE SUFFREN",,,Nuit avec éclairage allumé,En agglomération,Hors intersection,Normale,Autre collision,,,,,,,,,,,5,2,1,1.0,6.0
201100058873,0011-09-11 01:20:00,11,9,11,1,20,750,107,QUAI D ORSAY,,,Nuit avec éclairage allumé,En agglomération,Intersection en T,Normale,Autre collision,,,,,,,,,,,5,2,3,1.0,6.0
201100058874,0011-09-11 17:25:00,11,9,11,17,25,750,107,"6, BOULEVARD DES INVALID",,,Plein jour,En agglomération,Intersection en T,Normale,Deux véhicules - arrière,,,,,,,,,,,1,2,3,1.0,2.0
201100058875,0011-09-14 10:00:00,11,9,14,10,0,750,107,"109, RUE SAINT DOMINIQUE",,,Plein jour,En agglomération,Hors intersection,Normale,Autre collision,,,,,,,,,,,1,2,1,1.0,6.0
201100058876,0011-09-15 11:35:00,11,9,15,11,35,750,107,"03, PLACE VAUBAN",,,Plein jour,En agglomération,Place,Normale,Deux véhicules - côté,,,,,,,,,,,1,2,7,1.0,3.0
201100058877,0011-09-15 13:45:00,11,9,15,13,45,750,107,"15, AVENUE DE LOWENDAL",,,Plein jour,En agglomération,Place,Normale,Autre collision,,,,,,,,,,,1,2,7,1.0,6.0
201100058878,0011-09-16 18:30:00,11,9,16,18,30,750,107,"29, BOULEVARD RASPAIL",,,Plein jour,En agglomération,Intersection en X,Normale,Deux véhicules - côté,,,,,,,,,,,1,2,2,1.0,3.0
201100058879,0011-09-17 01:36:00,11,9,17,1,36,750,115,"47, BOULEVARD PASTEUR",,,Nuit avec éclairage allumé,En agglomération,Intersection en X,Normale,Deux véhicules - côté,,,,,,,,,,,5,2,2,1.0,3.0
201100058880,0011-09-22 01:15:00,11,9,22,1,15,750,107,QUAI ANATOLE FRANCE,,,Nuit avec éclairage allumé,En agglomération,Hors intersection,Normale,Autre collision,,,,,,,,,,,5,2,1,1.0,6.0
201100058881,0011-09-22 14:30:00,11,9,22,14,30,750,107,"19, RUE DU BAC",,,Plein jour,En agglomération,Intersection en X,Normale,Deux véhicules - côté,,,,,,,,,,,1,2,2,1.0,3.0
201100058882,0011-09-23 08:10:00,11,9,23,8,10,750,107,"1, PLACE DE LA RESISTANC",,,Plein jour,En agglomération,Place,Normale,Deux véhicules - côté,,,,,,,,,,,1,2,7,1.0,3.0
201100058883,0011-09-23 14:40:00,11,9,23,14,40,750,107,RUE DE SEVRES,,,Plein jour,En agglomération,Intersection à plus de 4 branches,Normale,Deux véhicules - arrière,,,,,,,,,,,1,2,5,1.0,2.0
201100058884,0011-09-28 09:05:00,11,9,28,9,5,750,107,"33, QUAI D ORSAY",,,Plein jour,En agglomération,Intersection à plus de 4 branches,Normale,Deux véhicules - frontale,,,,,,,,,,,1,2,5,1.0,1.0
201100058885,0011-10-01 09:35:00,11,10,1,9,35,750,107,"238, BOULEVARD SAINT GER",,,Plein jour,En agglomération,Intersection à plus de 4 branches,Normale,Deux véhicules - frontale,,,,,,,,,,,1,2,5,1.0,1.0
201100058886,0011-10-01 12:30:00,11,10,1,12,30,750,107,"17, PLACE JOFFRE",,,Plein jour,En agglomération,Hors intersection,Normale,Deux véhicules - arrière,,,,,,,,,,,1,2,1,1.0,2.0
201100058887,0011-10-02 16:55:00,11,10,2,16,55,750,107,"35, QUAI VOLTAIRE",,,Plein jour,En agglomération,Intersection à plus de 4 branches,Normale,Autre collision,,,,,,,,,,,1,2,5,1.0,6.0
201100058888,0011-10-02 17:30:00,11,10,2,17,30,750,107,"33, BOULEVARD DES INVALI",,,Plein jour,En agglomération,Hors intersection,Normale,Deux véhicules - côté,,,,,,,,,,,1,2,1,1.0,3.0
201100058889,0011-10-04 09:20:00,11,10,4,9,20,750,107,"5, PLACE JOFFRE",,,Plein jour,En agglomération,Intersection en T,Temps couvert,Deux véhicules - côté,,,,,,,,,,,1,2,3,8.0,3.0
201100058890,0011-10-10 08:55:00,11,10,10,8,55,750,107,PLACE VAUBAN,,,Plein jour,En agglomération,Place,Temps couvert,Deux véhicules - côté,,,,,,,,,,,1,2,7,8.0,3.0
201100058891,0011-10-10 11:30:00,11,10,10,11,30,750,107,"78, RUE DE VARENNE",,,Plein jour,En agglomération,Intersection en T,Normale,Deux véhicules - arrière,,,,,,,,,,,1,2,3,1.0,2.0
201100058892,0011-10-10 14:05:00,11,10,10,14,5,750,107,"13, QUAI VOLTAIRE",,,Plein jour,En agglomération,Hors intersection,Temps couvert,Trois véhicules et plus - en chaîne,,,,,,,,,,,1,2,1,8.0,4.0
201100058893,0011-10-12 11:15:00,11,10,12,11,15,750,107,QUAI BRANLY,,,Plein jour,En agglomération,Intersection à plus de 4 branches,Temps couvert,Autre collision,,,,,,,,,,,1,2,5,8.0,6.0
201100058894,0011-10-12 14:10:00,11,10,12,14,10,750,107,BOULEVARD DES INVALIDES,,,Plein jour,En agglomération,Hors intersection,Normale,Deux véhicules - arrière,,,,,,,,,,,1,2,1,1.0,2.0
201100058895,0011-10-14 20:00:00,11,10,14,20,0,750,107,"91, AVENUE DE LA BOURDON",,,Nuit avec éclairage allumé,En agglomération,Intersection en Y,Normale,Deux véhicules - côté,,,,,,,,,,,5,2,4,1.0,3.0
201100058896,0011-10-15 15:20:00,11,10,15,15,20,750,107,RUE DE SEVRES,,,Plein jour,En agglomération,Intersection en X,Normale,Autre collision,,,,,,,,,,,1,2,2,1.0,6.0
201100058897,0011-10-17 09:35:00,11,10,17,9,35,750,107,"18, BOULEVARD DE LA TOUR",,,Plein jour,En agglomération,Intersection en X,Normale,Deux véhicules - côté,,,,,,,,,,,1,2,2,1.0,3.0
201100058898,0011-10-18 19:20:00,11,10,18,19,20,750,107,"43, RUE DU BAC",,,Nuit avec éclairage allumé,En agglomération,Intersection en T,Pluie légère,Autre collision,,,,,,,,,,,5,2,3,2.0,6.0
201100058899,0011-10-20 15:15:00,11,10,20,15,15,750,106,"7, RUE DE SEVRES",,,Plein jour,En agglomération,Intersection en X,Normale,Autre collision,,,,,,,,,,,1,2,2,1.0,6.0
201100058900,0011-10-25 17:00:00,11,10,25,17,0,750,115,"43, AVENUE DE SUFFREN",,,Plein jour,En agglomération,Intersection en T,Pluie légère,Deux véhicules - côté,,,,,,,,,,,1,2,3,2.0,3.0
201100058901,0011-10-25 20:55:00,11,10,25,20,55,750,107,"23, BOULEVARD RASPAIL",,,Nuit avec éclairage allumé,En agglomération,Intersection en X,Normale,Deux véhicules - arrière,,,,,,,,,,,5,2,2,1.0,2.0
201100058902,0011-11-03 13:40:00,11,11,3,13,40,750,107,"34, RUE DU BAC",,,Plein jour,En agglomération,Hors intersection,Pluie légère,Deux véhicules - côté,,,,,,,,,,,1,2,1,2.0,3.0
201100058903,0011-11-03 14:51:00,11,11,3,14,51,750,107,"12, AVENUE EMILE ACOLLAS",,,Plein jour,En agglomération,Intersection en X,Pluie légère,Autre collision,,,,,,,,,,,1,2,2,2.0,6.0
201100058904,0011-11-04 09:06:00,11,11,4,9,6,750,107,"1, BOULEVARD DE LA TOUR",,,Plein jour,En agglomération,Place,Normale,Sans collision,,,,,,,,,,,1,2,7,1.0,7.0
201100058905,0011-11-06 20:50:00,11,11,6,20,50,750,107,"7, QUAI VOLTAIRE",,,Nuit avec éclairage allumé,En agglomération,Intersection à plus de 4 branches,Normale,Deux véhicules - arrière,,,,,,,,,,,5,2,5,1.0,2.0
201100058906,0011-11-08 19:30:00,11,11,8,19,30,750,107,"50, RUE DE VARENNE",,,Nuit avec éclairage allumé,En agglomération,Hors intersection,Pluie légère,Deux véhicules - côté,,,,,,,,,,,5,2,1,2.0,3.0
201100058907,0011-11-09 14:55:00,11,11,9,14,55,750,107,"63, RUE DE GRENELLE",,,Plein jour,En agglomération,Hors intersection,Normale,Autre collision,,,,,,,,,,,1,2,1,1.0,6.0
201100058908,0011-11-09 18:20:00,11,11,9,18,20,750,107,"18, BOULEVARD DES INVALI",,,Nuit avec éclairage allumé,En agglomération,Hors intersection,Normale,Deux véhicules - arrière,,,,,,,,,,,5,2,1,1.0,2.0
201100058909,0011-11-10 16:40:00,11,11,10,16,40,750,107,RUE SAINT DOMINIQUE,,,Crépuscule ou aube,En agglomération,Intersection à plus de 4 branches,Normale,Deux véhicules - arrière,,,,,,,,,,,2,2,5,1.0,2.0
201100058910,0011-11-12 00:55:00,11,11,12,0,55,750,107,"04, RUE DE L UNIVERSITE",,,Nuit avec éclairage allumé,En agglomération,Intersection en X,Normale,Autre collision,,,,,,,,,,,5,2,2,1.0,6.0
201100058911,0011-11-12 22:30:00,11,11,12,22,30,750,107,QUAI BRANLY,,,Nuit avec éclairage allumé,En agglomération,Place,Normale,Deux véhicules - arrière,,,,,,,,,,,5,2,7,1.0,2.0
201100058912,0011-11-14 16:30:00,11,11,14,16,30,750,107,"288, BOULEVARD SAINT GER",,,Plein jour,En agglomération,Intersection en T,Normale,Autre collision,,,,,,,,,,,1,2,3,1.0,6.0
201100058913,0011-11-15 16:30:00,11,11,15,16,30,750,107,"42, RUE DE SEVRES",,,Crépuscule ou aube,En agglomération,Hors intersection,Normale,Autre collision,,,,,,,,,,,2,2,1,1.0,6.0
201100058914,0011-11-19 16:15:00,11,11,19,16,15,750,107,"52, RUE DU BAC",,,Crépuscule ou aube,En agglomération,Hors intersection,Normale,Deux véhicules - côté,,,,,,,,,,,2,2,1,1.0,3.0
201100058915,0011-11-20 07:10:00,11,11,20,7,10,750,107,"3, PLACE JOFFRE",,,Nuit avec éclairage allumé,En agglomération,Hors intersection,Normale,Deux véhicules - arrière,,,,,,,,,,,5,2,1,1.0,2.0
201100058916,0011-11-21 17:20:00,11,11,21,17,20,750,107,PLACE VAUBAN,,,Nuit avec éclairage allumé,En agglomération,Place,Normale,Sans collision,,,,,,,,,,,5,2,7,1.0,7.0
201100058917,0011-11-21 20:15:00,11,11,21,20,15,750,107,PLACE DE FONTENOY,,,Nuit avec éclairage allumé,En agglomération,Place,Normale,Deux véhicules - côté,,,,,,,,,,,5,2,7,1.0,3.0
201100058918,0011-11-21 20:25:00,11,11,21,20,25,750,107,"0, AVENUE DU MARECHAL GA",,,Nuit avec éclairage allumé,En agglomération,Intersection en X,Normale,Deux véhicules - côté,,,,,,,,,,,5,2,2,1.0,3.0
201100058919,0011-11-23 07:45:00,11,11,23,7,45,750,107,"57, BOULEVARD DES INVALI",,,Crépuscule ou aube,En agglomération,Intersection en T,Normale,Autre collision,,,,,,,,,,,2,2,3,1.0,6.0
201100058920,0011-11-23 16:00:00,11,11,23,16,0,750,107,"7, AVENUE BOSQUET",,,Plein jour,En agglomération,Intersection en X,Normale,Deux véhicules - côté,,,,,,,,,,,1,2,2,1.0,3.0
201100058921,0011-11-25 13:20:00,11,11,25,13,20,750,107,"58 bis, BOULEVARD DE LA",,,Plein jour,En agglomération,Intersection en X,Pluie légère,Autre collision,,,,,,,,,,,1,2,2,2.0,6.0
201100058922,0011-11-30 09:05:00,11,11,30,9,5,750,107,"3, AVENUE BOSQUET",,,Plein jour,En agglomération,Hors intersection,Normale,Autre collision,,,,,,,,,,,1,2,1,1.0,6.0
201100058923,0011-11-30 09:20:00,11,11,30,9,20,750,107,AVENUE DE LOWENDAL,,,Plein jour,En agglomération,Place,Temps couvert,Deux véhicules - arrière,,,,,,,,,,,1,2,7,8.0,2.0
201100058924,0011-12-01 08:55:00,11,12,1,8,55,750,107,"61 bis, AVENUE DE SUFFRE",,,Plein jour,En agglomération,Intersection en X,Normale,Deux véhicules - côté,,,,,,,,,,,1,2,2,1.0,3.0
201100058925,0011-12-01 14:45:00,11,12,1,14,45,750,107,"31, QUAI ANATOLE FRANCE",,,Plein jour,En agglomération,Hors intersection,Pluie légère,Autre collision,,,,,,,,,,,1,2,1,2.0,6.0
201100058926,0011-12-12 08:10:00,11,12,12,8,10,750,107,"14, RUE EDMOND VALENTIN",,,Crépuscule ou aube,En agglomération,Place,Normale,Autre collision,,,,,,,,,,,2,2,7,1.0,6.0
201100058927,0011-12-13 07:55:00,11,12,13,7,55,750,107,"65, AVENUE DE LA BOURDON",,,Nuit avec éclairage allumé,En agglomération,Intersection en T,Pluie forte,Autre collision,,,,,,,,,,,5,2,3,3.0,6.0
201100058928,0011-12-13 20:40:00,11,12,13,20,40,750,107,AVENUE DU MARECHAL GALLI,,,Nuit avec éclairage allumé,En agglomération,Intersection en X,Normale,Autre collision,,,,,,,,,,,5,2,2,1.0,6.0
201100058929,0011-12-14 12:45:00,11,12,14,12,45,750,107,"59, AVENUE DE SUFFREN",,,Plein jour,En agglomération,Hors intersection,Normale,Autre collision,,,,,,,,,,,1,2,1,1.0,6.0
201100058930,0011-12-14 22:50:00,11,12,14,22,50,750,107,PLACE VAUBAN,,,Nuit avec éclairage allumé,En agglomération,Place,Normale,Autre collision,,,,,,,,,,,5,2,7,1.0,6.0
201100058931,0011-12-15 12:55:00,11,12,15,12,55,750,107,PONT DE LA CONCORDE,,,Plein jour,En agglomération,Hors intersection,Pluie légère,Deux véhicules - côté,,,,,,,,,,,1,2,1,2.0,3.0
201100058932,0011-12-15 17:15:00,11,12,15,17,15,750,107,"2, PLACE DU PALAIS BOURB",,,Nuit avec éclairage allumé,En agglomération,Place,Normale,Autre collision,,,,,,,,,,,5,2,7,1.0,6.0
201100058933,0011-12-16 18:45:00,11,12,16,18,45,750,107,"10, BOULEVARD RASPAIL",,,Nuit avec éclairage allumé,En agglomération,Intersection en Y,Pluie légère,Sans collision,,,,,,,,,,,5,2,4,2.0,7.0
201100058934,0011-12-21 14:30:00,11,12,21,14,30,750,107,RUE DE SEVRES,,,Plein jour,En agglomération,Place,Pluie légère,Deux véhicules - frontale,,,,,,,,,,,1,2,7,2.0,1.0
201100058935,0011-12-21 20:15:00,11,12,21,20,15,750,107,"38, RUE DE GRENELLE",,,Nuit avec éclairage allumé,En agglomération,Intersection en T,Pluie légère,Autre collision,,,,,,,,,,,5,2,3,2.0,6.0
201100058936,0011-12-21 23:40:00,11,12,21,23,40,750,107,PLACE DE LA RESISTANCE,,,Nuit avec éclairage allumé,En agglomération,Place,Autre,Deux véhicules - côté,,,,,,,,,,,5,2,7,9.0,3.0
201100058937,0011-12-22 16:40:00,11,12,22,16,40,750,107,"61, AVENUE DE SAXE",,,Plein jour,En agglomération,Intersection à plus de 4 branches,Normale,Autre collision,,,,,,,,,,,1,2,5,1.0,6.0
201100058938,0011-12-23 20:50:00,11,12,23,20,50,750,107,RUE DE GRENELLE,,,Nuit avec éclairage allumé,En agglomération,Intersection en T,Pluie légère,Autre collision,,,,,,,,,,,5,2,3,2.0,6.0
201100058939,0011-12-26 14:45:00,11,12,26,14,45,750,107,"71, AVENUE DE SUFFREN",,,Plein jour,En agglomération,Intersection en T,Normale,Deux véhicules - arrière,,,,,,,,,,,1,2,3,1.0,2.0
201100058940,0011-12-30 09:20:00,11,12,30,9,20,750,107,RUE SAINT DOMINIQUE,,,Plein jour,En agglomération,Intersection en X,Temps couvert,Sans collision,,,,,,,,,,,1,2,2,8.0,7.0
201100058941,0011-01-05 16:30:00,11,1,5,16,30,750,108,PLACE CHARLES DE GAULLE,,,Plein jour,En agglomération,Hors intersection,Normale,Trois véhicules et plus - en chaîne,,,,,,,,,,,1,2,1,1.0,4.0
201100058942,0011-01-06 00:01:00,11,1,6,0,1,750,108,RUE JEAN MERMOZ,,,Nuit avec éclairage allumé,En agglomération,Intersection en X,Pluie forte,Deux véhicules - côté,,,,,,,,,,,5,2,2,3.0,3.0
201100058943,0011-01-06 08:30:00,11,1,6,8,30,750,108,"6, PLACE SAINT AUGUSTIN",,,Plein jour,En agglomération,Intersection à plus de 4 branches,Pluie légère,Autre collision,,,,,,,,,,,1,2,5,2.0,6.0
201100058944,0011-01-07 05:07:00,11,1,7,5,7,750,108,"126, RUE LA BOETIE",,,Nuit avec éclairage allumé,En agglomération,Intersection en X,Normale,Autre collision,,,,,,,,,,,5,2,2,1.0,6.0
201100058945,0011-01-09 03:00:00,11,1,9,3,0,750,108,RUE ROYALE,,,Nuit avec éclairage allumé,En agglomération,Intersection à plus de 4 branches,Pluie forte,Autre collision,,,,,,,,,,,5,2,5,3.0,6.0
201100058946,0011-01-11 13:30:00,11,1,11,13,30,750,108,"23, AVENUE DE MARIGNY",,,Plein jour,En agglomération,Hors intersection,Normale,Deux véhicules - arrière,,,,,,,,,,,1,2,1,1.0,2.0
201100058947,0011-01-12 16:25:00,11,1,12,16,25,750,108,"70, RUE PIERRE CHARRON",,,Crépuscule ou aube,En agglomération,Hors intersection,Pluie légère,Autre collision,,,,,,,,,,,2,2,1,2.0,6.0
201100058948,0011-01-12 16:45:00,11,1,12,16,45,750,108,"14, RUE WASHINGTON",,,Crépuscule ou aube,En agglomération,Hors intersection,Pluie légère,Autre collision,,,,,,,,,,,2,2,1,2.0,6.0
201100058949,0011-01-13 18:10:00,11,1,13,18,10,750,108,"34, AVENUE DE MARIGNY",,,Nuit avec éclairage allumé,En agglomération,Intersection en X,Normale,Autre collision,,,,,,,,,,,5,2,2,1.0,6.0
201100058950,0011-01-14 19:32:00,11,1,14,19,32,750,108,AVENUE HOCHE,,,Nuit sans éclairage public,En agglomération,Intersection en X,Pluie légère,Deux véhicules - côté,,,,,,,,,,,3,2,2,2.0,3.0
201100058951,0011-01-15 07:20:00,11,1,15,7,20,750,108,"113, RUE DU FAUBOURG SAI",,,Crépuscule ou aube,En agglomération,Intersection en X,Normale,Autre collision,,,,,,,,,,,2,2,2,1.0,6.0
201100058952,0011-01-15 07:40:00,11,1,15,7,40,750,108,"1, PLACE DE LA CONCORDE",,,Nuit avec éclairage allumé,En agglomération,Intersection à plus de 4 branches,Normale,Autre collision,,,,,,,,,,,5,2,5,1.0,6.0
201100058953,0011-01-15 20:15:00,11,1,15,20,15,750,108,PLACE DE LA MADELEINE,,,Nuit avec éclairage allumé,En agglomération,Intersection à plus de 4 branches,Normale,Deux véhicules - côté,,,,,,,,,,,5,2,5,1.0,3.0
201100058954,0011-01-17 09:10:00,11,1,17,9,10,750,108,"31, RUE DE PENTHIEVRE",,,Plein jour,En agglomération,Intersection en X,Normale,Autre collision,,,,,,,,,,,1,2,2,1.0,6.0
201100058955,0011-01-17 08:50:00,11,1,17,8,50,750,108,"13, RUE DE MONCEAU",,,Plein jour,En agglomération,Hors intersection,Normale,Autre collision,,,,,,,,,,,1,2,1,1.0,6.0
201100058956,0011-01-21 10:15:00,11,1,21,10,15,750,108,BOULEVARD MALESHERBES,,,Plein jour,En agglomération,Intersection en X,Normale,Deux véhicules - côté,,,,,,,,,,,1,2,2,1.0,3.0
201100058957,0011-01-24 08:00:00,11,1,24,8,0,750,108,PLACE DES TERNES,,,Plein jour,En agglomération,Intersection à plus de 4 branches,Pluie légère,Sans collision,,,,,,,,,,,1,2,5,2.0,7.0
201100058958,0011-01-24 11:05:00,11,1,24,11,5,750,108,"229, RUE DU FAUBOURG SAI",,,Plein jour,En agglomération,Hors intersection,Pluie légère,Deux véhicules - côté,,,,,,,,,,,1,2,1,2.0,3.0
201100058959,0011-01-24 15:45:00,11,1,24,15,45,750,108,BOULEVARD DES BATIGNOLLE,,,Plein jour,En agglomération,Intersection en X,Pluie légère,Deux véhicules - côté,,,,,,,,,,,1,2,2,2.0,3.0
201100058960,0011-01-26 14:35:00,11,1,26,14,35,750,116,"75, RUE DE L ASSOMPTION",,,Plein jour,En agglomération,Hors intersection,Pluie légère,Deux véhicules - côté,,,,,,,,,,,1,2,1,2.0,3.0
201100058961,0011-01-27 15:00:00,11,1,27,15,0,750,108,AVENUE MONTAIGNE,,,Plein jour,En agglomération,Intersection à plus de 4 branches,Normale,Autre collision,,,,,,,,,,,1,2,5,1.0,6.0
201100058962,0011-01-27 14:50:00,11,1,27,14,50,750,108,"40, AVENUE GEORGE V",,,Plein jour,En agglomération,Intersection à plus de 4 branches,Normale,Autre collision,,,,,,,,,,,1,2,5,1.0,6.0
201100058963,0011-01-28 22:30:00,11,1,28,22,30,750,108,"35, AVENUE FRANKLIN D RO",,,Nuit avec éclairage allumé,En agglomération,Hors intersection,Normale,Autre collision,,,,,,,,,,,5,2,1,1.0,6.0
201100058964,0011-01-30 22:15:00,11,1,30,22,15,750,108,PLACE CHARLES DE GAULLE,,,Nuit avec éclairage allumé,En agglomération,Place,Normale,Deux véhicules - côté,,,,,,,,,,,5,2,7,1.0,3.0
201100058965,0011-01-31 14:40:00,11,1,31,14,40,750,108,"2, PLACE DE LA CONCORDE",,,Plein jour,En agglomération,Intersection à plus de 4 branches,Temps couvert,Sans collision,,,,,,,,,,,1,2,5,8.0,7.0
201100058966,0011-01-31 21:20:00,11,1,31,21,20,750,108,RUE DE MIROMESNIL,,,Nuit avec éclairage allumé,En agglomération,Intersection en X,Normale,Deux véhicules - arrière,,,,,,,,,,,5,2,2,1.0,2.0
201100058967,0011-02-01 07:40:00,11,2,1,7,40,750,116,ALLEE DE LONGCHAMP,,,Crépuscule ou aube,En agglomération,Intersection en X,Temps couvert,Deux véhicules - côté,,,,,,,,,,,2,2,2,8.0,3.0
201100058968,0011-02-02 13:30:00,11,2,2,13,30,750,108,AVENUE DES CHAMPS ELYSEE,,,Plein jour,En agglomération,Intersection à plus de 4 branches,Normale,Deux véhicules - côté,,,,,,,,,,,1,2,5,1.0,3.0
201100058969,0011-02-02 16:00:00,11,2,2,16,0,750,108,"16, RUE ROYALE",,,Plein jour,En agglomération,Intersection en X,Normale,Deux véhicules - côté,,,,,,,,,,,1,2,2,1.0,3.0
201100058970,0011-02-04 10:15:00,11,2,4,10,15,750,108,"1, PLACE DE LA CONCORDE",,,Plein jour,En agglomération,Intersection à plus de 4 branches,Normale,Autre collision,,,,,,,,,,,1,2,5,1.0,6.0
201100058971,0011-02-04 14:00:00,11,2,4,14,0,750,108,AVENUE DES CHAMPS ELYSEE,,,Plein jour,En agglomération,Hors intersection,Normale,Autre collision,,,,,,,,,,,1,2,1,1.0,6.0
201100058972,0011-02-04 20:45:00,11,2,4,20,45,750,108,"123, RUE DU FAUBOURG SAI",,,Nuit avec éclairage allumé,En agglomération,Intersection en X,Normale,Autre collision,,,,,,,,,,,5,2,2,1.0,6.0
201100058973,0011-02-05 02:30:00,11,2,5,2,30,750,108,"19, AVENUE GEORGE V",,,Nuit sans éclairage public,En agglomération,Hors intersection,Normale,Autre collision,,,,,,,,,,,3,2,1,1.0,6.0
201100058974,0011-02-07 09:48:00,11,2,7,9,48,750,108,"43, AVENUE DE FRIEDLAND",,,Plein jour,En agglomération,Intersection en X,Normale,Deux véhicules - côté,,,,,,,,,,,1,2,2,1.0,3.0
201100058975,0011-02-07 12:30:00,11,2,7,12,30,750,108,"40, RUE DE COURCELLES",,,Plein jour,En agglomération,Hors intersection,Normale,Deux véhicules - côté,,,,,,,,,,,1,2,1,1.0,3.0
201100058976,0011-02-07 15:30:00,11,2,7,15,30,750,108,AVENUE MATIGNON,,,Plein jour,En agglomération,Hors intersection,Normale,Autre collision,,,,,,,,,,,1,2,1,1.0,6.0
201100058977,0011-02-08 17:52:00,11,2,8,17,52,750,108,PLACE DE LA CONCORDE,,,Crépuscule ou aube,En agglomération,Hors intersection,Normale,Deux véhicules - côté,,,,,,,,,,,2,2,1,1.0,3.0
201100058978,0011-02-08 20:40:00,11,2,8,20,40,750,108,RUE TRONCHET,,,Nuit avec éclairage allumé,En agglomération,Intersection en X,Normale,Deux véhicules - côté,,,,,,,,,,,5,2,2,1.0,3.0
201100058979,0011-02-10 08:30:00,11,2,10,8,30,750,108,PLACE DE LA MADELEINE,,,Plein jour,En agglomération,Hors intersection,Normale,Deux véhicules - côté,,,,,,,,,,,1,2,1,1.0,3.0
201100058980,0011-02-09 21:15:00,11,2,9,21,15,750,108,PONT ALEXANDRE III,,,Nuit avec éclairage allumé,En agglomération,Intersection en X,Normale,Deux véhicules - côté,,,,,,,,,,,5,2,2,1.0,3.0