accident_id,datetime,annee,mois,jour,heure,minute,departement,commune_insee,adresse,latitude,longitude,luminosite,agglomeration,intersection,meteo,collision,nb_vehicules,nb_usagers,nb_indemnes,nb_tues,nb_blesses_hosp,nb_blesses_legers,age_cond_1,age_cond_2,veh_type_cond_1,veh_type_cond_2,lum_code,agg_code,int_code,atm_code,col_code
201100058981,0011-02-10 14:10:00,11,2,10,14,10,750,108,"25, AVENUE MATIGNON",,,Plein jour,En agglomération,Hors intersection,Normale,Deux véhicules - côté,,,,,,,,,,,1,2,1,1.0,3.0
201100058982,0011-02-10 21:10:00,11,2,10,21,10,750,108,"99, AVENUE DES CHAMPS EL",,,Nuit avec éclairage allumé,En agglomération,Intersection en X,Pluie légère,Autre collision,,,,,,,,,,,5,2,2,2.0,6.0
201100058983,0011-02-11 18:45:00,11,2,11,18,45,750,108,RUE DE TURIN,,,Nuit avec éclairage allumé,En agglomération,Intersection en T,Normale,Autre collision,,,,,,,,,,,5,2,3,1.0,6.0
201100058984,0011-02-13 22:00:00,11,2,13,22,0,750,108,"15, BOULEVARD DE COURCEL",,,Nuit avec éclairage allumé,En agglomération,Hors intersection,Pluie légère,Sans collision,,,,,,,,,,,5,2,1,2.0,7.0
201100058985,0011-02-15 12:30:00,11,2,15,12,30,750,108,AVENUE DES CHAMPS ELYSEE,,,Plein jour,En agglomération,Intersection à plus de 4 branches,Pluie légère,Deux véhicules - arrière,,,,,,,,,,,1,2,5,2.0,2.0
201100058986,0011-02-17 16:40:00,11,2,17,16,40,750,108,"156, AVENUE DES CHAMPS E",,,Plein jour,En agglomération,Intersection à plus de 4 branches,Normale,Deux véhicules - côté,,,,,,,,,,,1,2,5,1.0,3.0
201100058987,0011-02-18 17:30:00,11,2,18,17,30,750,108,"125, RUE SAINT LAZARE",,,Plein jour,En agglomération,Intersection en X,Normale,Autre collision,,,,,,,,,,,1,2,2,1.0,6.0
201100058988,0011-02-18 21:05:00,11,2,18,21,5,750,108,"78, RUE DE ROME",,,Nuit avec éclairage allumé,En agglomération,Intersection en T,Normale,Autre collision,,,,,,,,,,,5,2,3,1.0,6.0
201100058989,0011-02-19 19:10:00,11,2,19,19,10,750,108,BOULEVARD MALESHERBES,,,Nuit avec éclairage allumé,En agglomération,Intersection en X,Pluie légère,Deux véhicules - côté,,,,,,,,,,,5,2,2,2.0,3.0
201100058990,0011-02-20 16:30:00,11,2,20,16,30,750,108,"78, AVENUE DES CHAMPS EL",,,Plein jour,En agglomération,Hors intersection,Normale,Deux véhicules - côté,,,,,,,,,,,1,2,1,1.0,3.0
201100058991,0011-02-23 08:30:00,11,2,23,8,30,750,108,"39, RUE DU COLISEE",,,Plein jour,En agglomération,Hors intersection,Normale,Deux véhicules - côté,,,,,,,,,,,1,2,1,1.0,3.0
201100058992,0011-02-23 16:10:00,11,2,23,16,10,750,108,AVENUE FRANKLIN D ROOSEV,,,Plein jour,En agglomération,Intersection en X,Pluie légère,Autre collision,,,,,,,,,,,1,2,2,2.0,6.0
201100058993,0011-02-24 08:45:00,11,2,24,8,45,750,108,SOUTERRAIN COURS LA REIN,,,Plein jour,En agglomération,Hors intersection,Pluie légère,Deux véhicules - côté,,,,,,,,,,,1,2,1,2.0,3.0
201100058994,0011-02-25 16:33:00,11,2,25,16,33,750,108,"108, RUE SAINT LAZARE",,,Plein jour,En agglomération,Hors intersection,Normale,Autre collision,,,,,,,,,,,1,2,1,1.0,6.0
201100058995,0011-03-01 09:30:00,11,3,1,9,30,750,108,"3, PLACE DE LA MADELEINE",,,Plein jour,En agglomération,Hors intersection,Normale,Deux véhicules - côté,,,,,,,,,,,1,2,1,1.0,3.0
201100058996,0011-03-03 09:10:00,11,3,3,9,10,750,108,"12, AVENUE PERCIER",,,Plein jour,En agglomération,Intersection en T,Normale,Autre collision,,,,,,,,,,,1,2,3,1.0,6.0
201100058997,0011-03-03 09:30:00,11,3,3,9,30,750,108,", BOULEVARD DE COURCELLE",,,Plein jour,En agglomération,Intersection en X,Normale,Deux véhicules - côté,,,,,,,,,,,1,2,2,1.0,3.0
201100058998,0011-03-03 17:42:00,11,3,3,17,42,750,108,"7, BOULEVARD MALESHERBES",,,Plein jour,En agglomération,Intersection en Y,Normale,Deux véhicules - côté,,,,,,,,,,,1,2,4,1.0,3.0
201100058999,0011-03-04 01:05:00,11,3,4,1,5,750,108,PLACE DU CANADA,,,Nuit avec éclairage allumé,En agglomération,Intersection à plus de 4 branches,Normale,Deux véhicules - côté,,,,,,,,,,,5,2,5,1.0,3.0
201100059000,0011-03-04 11:10:00,11,3,4,11,10,750,117,RUE POUCHET,,,Plein jour,En agglomération,Intersection en X,Normale,Autre collision,,,,,,,,,,,1,2,2,1.0,6.0
201100059001,0011-03-05 21:00:00,11,3,5,21,0,750,108,RUE DE PONTHIEU,,,Nuit avec éclairage allumé,En agglomération,Intersection en X,Normale,Deux véhicules - côté,,,,,,,,,,,5,2,2,1.0,3.0
201100059002,0011-03-06 08:45:00,11,3,6,8,45,750,108,PLACE DE LA CONCORDE,,,Plein jour,En agglomération,Intersection à plus de 4 branches,Normale,Deux véhicules - côté,,,,,,,,,,,1,2,5,1.0,3.0
201100059003,0011-03-07 15:45:00,11,3,7,15,45,750,108,"27, RUE DE CONSTANTINOPL",,,Plein jour,En agglomération,Hors intersection,Normale,Autre collision,,,,,,,,,,,1,2,1,1.0,6.0
201100059004,0011-03-08 10:55:00,11,3,8,10,55,750,108,"1, AVENUE GEORGE V",,,Plein jour,En agglomération,Hors intersection,Normale,Autre collision,,,,,,,,,,,1,2,1,1.0,6.0
201100059005,0011-03-08 13:47:00,11,3,8,13,47,750,108,PLACE DE LA CONCORDE,,,Plein jour,En agglomération,Intersection à plus de 4 branches,Normale,Deux véhicules - côté,,,,,,,,,,,1,2,5,1.0,3.0
201100059006,0011-03-09 21:45:00,11,3,9,21,45,750,108,"48, AVENUE GEORGE V",,,Nuit avec éclairage allumé,En agglomération,Hors intersection,Normale,Autre collision,,,,,,,,,,,5,2,1,1.0,6.0
201100059007,0011-03-10 16:40:00,11,3,10,16,40,750,108,RUE DE ROME,,,Plein jour,En agglomération,Intersection à plus de 4 branches,Temps couvert,Deux véhicules - côté,,,,,,,,,,,1,2,5,8.0,3.0
201100059008,0011-03-10 19:50:00,11,3,10,19,50,750,108,"37, AVENUE PIERRE 1ER DE",,,Nuit avec éclairage allumé,En agglomération,Intersection en T,Temps couvert,Deux véhicules - côté,,,,,,,,,,,5,2,3,8.0,3.0
201100059009,0011-03-14 15:30:00,11,3,14,15,30,750,108,"109, RUE DU FAUBOURG SAI",,,Plein jour,En agglomération,Intersection en X,Normale,Deux véhicules - côté,,,,,,,,,,,1,2,2,1.0,3.0
201100059010,0011-03-16 11:00:00,11,3,16,11,0,750,108,"13, BOULEVARD DE COURCEL",,,Plein jour,En agglomération,Intersection en X,Normale,Deux véhicules - côté,,,,,,,,,,,1,2,2,1.0,3.0
201100059011,0011-03-16 15:30:00,11,3,16,15,30,750,108,"35, AVENUE MONTAIGNE",,,Plein jour,En agglomération,Hors intersection,Normale,Autre collision,,,,,,,,,,,1,2,1,1.0,6.0
201100059012,0011-03-17 14:00:00,11,3,17,14,0,750,108,"76, BOULEVARD HAUSSMANN",,,Plein jour,En agglomération,Intersection en T,Normale,Deux véhicules - côté,,,,,,,,,,,1,2,3,1.0,3.0
201100059013,0011-03-17 15:45:00,11,3,17,15,45,750,108,PLACE DE LA CONCORDE,,,Plein jour,En agglomération,Hors intersection,Normale,Deux véhicules - côté,,,,,,,,,,,1,2,1,1.0,3.0
201100059014,0011-03-17 15:30:00,11,3,17,15,30,750,117,"74, BOULEVARD DES BATIGN",,,Plein jour,En agglomération,Intersection en T,Normale,Deux véhicules - côté,,,,,,,,,,,1,2,3,1.0,3.0
201100059015,0011-03-18 17:16:00,11,3,18,17,16,750,108,"41, AVENUE GEORGE V",,,Plein jour,En agglomération,Intersection à plus de 4 branches,Pluie légère,Autre collision,,,,,,,,,,,1,2,5,2.0,6.0
201100059016,0011-03-18 18:50:00,11,3,18,18,50,750,108,"47, RUE DE MIROMESNIL",,,Nuit avec éclairage allumé,En agglomération,Hors intersection,Pluie légère,Deux véhicules - côté,,,,,,,,,,,5,2,1,2.0,3.0
201100059017,0011-03-18 19:05:00,11,3,18,19,5,750,108,"1, AVENUE DELCASSE",,,Nuit avec éclairage allumé,En agglomération,Intersection en X,Pluie légère,Autre collision,,,,,,,,,,,5,2,2,2.0,6.0
201100059018,0011-03-20 16:20:00,11,3,20,16,20,750,108,"57, RUE D AMSTERDAM",,,Plein jour,En agglomération,Intersection en T,Normale,Deux véhicules - arrière,,,,,,,,,,,1,2,3,1.0,2.0
201100059019,0011-03-21 18:00:00,11,3,21,18,0,750,108,"49, AVENUE MONTAIGNE",,,Plein jour,En agglomération,Intersection en T,Normale,Autre collision,,,,,,,,,,,1,2,3,1.0,6.0
201100059020,0011-03-21 19:25:00,11,3,21,19,25,750,108,AVENUE DES CHAMPS ELYSEE,,,Nuit avec éclairage allumé,En agglomération,Hors intersection,Normale,Autre collision,,,,,,,,,,,5,2,1,1.0,6.0
201100059021,0011-03-21 18:30:00,11,3,21,18,30,750,108,AVENUE DES CHAMPS ELYSEE,,,Plein jour,En agglomération,Intersection en X,Normale,Deux véhicules - côté,,,,,,,,,,,1,2,2,1.0,3.0
201100059022,0011-03-21 18:30:00,11,3,21,18,30,750,108,"27, AVENUE DES CHAMPS EL",,,Plein jour,En agglomération,Hors intersection,Normale,Deux véhicules - côté,,,,,,,,,,,1,2,1,1.0,3.0
201100059023,0011-03-22 07:00:00,11,3,22,7,0,750,108,PLACE DE LA CONCORDE,,,Plein jour,En agglomération,Hors intersection,Normale,Sans collision,,,,,,,,,,,1,2,1,1.0,7.0
201100059024,0011-03-23 16:20:00,11,3,23,16,20,750,108,PONT DE L ALMA,,,Plein jour,En agglomération,Intersection en X,Normale,Autre collision,,,,,,,,,,,1,2,2,1.0,6.0
201100059025,0011-03-23 16:00:00,11,3,23,16,0,750,108,"25, RUE DE CONSTANTINOPL",,,Plein jour,En agglomération,Hors intersection,Normale,Autre collision,,,,,,,,,,,1,2,1,1.0,6.0
201100059026,0011-03-23 18:19:00,11,3,23,18,19,750,108,"42, RUE DE SAINT PETERSB",,,Plein jour,En agglomération,Hors intersection,Normale,Sans collision,,,,,,,,,,,1,2,1,1.0,7.0
201100059027,0011-03-24 21:40:00,11,3,24,21,40,750,108,"7-9, BOULEVARD DES BATIG",,,Nuit avec éclairage allumé,En agglomération,Hors intersection,Normale,Autre collision,,,,,,,,,,,5,2,1,1.0,6.0
201100059028,0011-03-25 19:10:00,11,3,25,19,10,750,108,"55, RUE DU FAUBOURG SAIN",,,Nuit avec éclairage allumé,En agglomération,Intersection en T,Normale,Autre collision,,,,,,,,,,,5,2,3,1.0,6.0
201100059029,0011-03-26 05:35:00,11,3,26,5,35,750,108,RUE LA BOETIE,,,Nuit avec éclairage allumé,En agglomération,Intersection en X,Normale,Deux véhicules - côté,,,,,,,,,,,5,2,2,1.0,3.0
201100059030,0011-03-26 21:20:00,11,3,26,21,20,750,108,"84, BOULEVARD DE COURCEL",,,Nuit avec éclairage allumé,En agglomération,Intersection en X,Temps couvert,Sans collision,,,,,,,,,,,5,2,2,8.0,7.0
201100059031,0011-03-27 19:20:00,11,3,27,19,20,750,108,"152, AVENUE DES CHAMPS E",,,Crépuscule ou aube,En agglomération,Intersection à plus de 4 branches,Pluie légère,Autre collision,,,,,,,,,,,2,2,5,2.0,6.0
201100059032,0011-03-28 15:15:00,11,3,28,15,15,750,108,"45, RUE D AMSTERDAM",,,Plein jour,En agglomération,Intersection à plus de 4 branches,Normale,Autre collision,,,,,,,,,,,1,2,5,1.0,6.0
201100059033,0011-03-31 09:30:00,11,3,31,9,30,750,108,"59, RUE DU FAUBOURG SAIN",,,Plein jour,En agglomération,Intersection à plus de 4 branches,Pluie légère,Sans collision,,,,,,,,,,,1,2,5,2.0,7.0
201100059034,0011-04-01 20:25:00,11,4,1,20,25,750,108,"37, RUE DU GENERAL FOY",,,Nuit avec éclairage allumé,En agglomération,Hors intersection,Normale,Autre collision,,,,,,,,,,,5,2,1,1.0,6.0
201100059035,0011-04-02 01:38:00,11,4,2,1,38,750,108,"43, AVENUE GEORGE V",,,Nuit avec éclairage allumé,En agglomération,Place,Normale,Deux véhicules - arrière,,,,,,,,,,,5,2,7,1.0,2.0
201100059036,0011-04-02 01:40:00,11,4,2,1,40,750,108,"1, AVENUE DE FRIEDLAND",,,Nuit avec éclairage allumé,En agglomération,Intersection en T,Normale,Deux véhicules - côté,,,,,,,,,,,5,2,3,1.0,3.0
201100059037,0011-04-02 16:50:00,11,4,2,16,50,750,108,"02, PLACE DE LA CONCORDE",,,Plein jour,En agglomération,Place,Normale,Deux véhicules - côté,,,,,,,,,,,1,2,7,1.0,3.0
201100059038,0011-04-02 20:20:00,11,4,2,20,20,750,108,"43, BOULEVARD DES BATIGN",,,Crépuscule ou aube,En agglomération,Hors intersection,Normale,Autre collision,,,,,,,,,,,2,2,1,1.0,6.0
201100059039,0011-04-04 23:50:00,11,4,4,23,50,750,108,"55, BOULEVARD DE COURCEL",,,Nuit avec éclairage allumé,En agglomération,Intersection à plus de 4 branches,Normale,Deux véhicules - côté,,,,,,,,,,,5,2,5,1.0,3.0
201100059040,0011-03-02 15:50:00,11,3,2,15,50,750,108,"150, AVENUE DES CHAMPS E",,,Plein jour,En agglomération,Hors intersection,Normale,Sans collision,,,,,,,,,,,1,2,1,1.0,7.0
201100059041,0011-04-05 15:10:00,11,4,5,15,10,750,108,"37, AVENUE DE FRIEDLAND",,,Plein jour,En agglomération,Intersection en Y,Normale,Trois véhicules et plus - collisions multiples,,,,,,,,,,,1,2,4,1.0,5.0
201100059042,0011-04-06 16:30:00,11,4,6,16,30,750,108,"21, RUE DE LIEGE",,,Plein jour,En agglomération,Intersection à plus de 4 branches,Normale,Autre collision,,,,,,,,,,,1,2,5,1.0,6.0
201100059043,0011-04-07 01:35:00,11,4,7,1,35,750,108,AVENUE DES CHAMPS ELYSEE,,,Nuit avec éclairage allumé,En agglomération,Intersection à plus de 4 branches,Normale,Autre collision,,,,,,,,,,,5,2,5,1.0,6.0
201100059044,0011-04-08 06:45:00,11,4,8,6,45,750,108,"77, AVENUE DES CHAMPS EL",,,Plein jour,En agglomération,Intersection en X,Normale,Deux véhicules - côté,,,,,,,,,,,1,2,2,1.0,3.0
201100059045,0011-04-08 07:50:00,11,4,8,7,50,750,108,"33, AVENUE DES CHAMPS EL",,,Plein jour,En agglomération,Intersection en X,Normale,Deux véhicules - côté,,,,,,,,,,,1,2,2,1.0,3.0
201100059046,0011-04-08 14:25:00,11,4,8,14,25,750,108,"170, BOULEVARD HAUSSMANN",,,Plein jour,En agglomération,Intersection en Y,Normale,Deux véhicules - arrière,,,,,,,,,,,1,2,4,1.0,2.0
201100059047,0011-04-09 16:45:00,11,4,9,16,45,750,108,"3, PLACE DE L ALMA",,,Plein jour,En agglomération,Place,Normale,Autre collision,,,,,,,,,,,1,2,7,1.0,6.0
201100059048,0011-04-10 03:30:00,11,4,10,3,30,750,108,AVENUE FRANKLIN D ROOSEV,,,Nuit avec éclairage allumé,En agglomération,Intersection en X,Normale,Autre collision,,,,,,,,,,,5,2,2,1.0,6.0
201100059049,0011-04-11 14:40:00,11,4,11,14,40,750,108,AVENUE GEORGE V,,,Plein jour,En agglomération,Intersection à plus de 4 branches,Normale,Sans collision,,,,,,,,,,,1,2,5,1.0,7.0
201100059050,0011-04-12 12:00:00,11,4,12,12,0,750,108,"35, AVENUE MATIGNON",,,Plein jour,En agglomération,Intersection en X,Normale,Autre collision,,,,,,,,,,,1,2,2,1.0,6.0
201100059051,0011-04-13 19:50:00,11,4,13,19,50,750,108,PLACE DE LA MADELEINE,,,Crépuscule ou aube,En agglomération,Place,Normale,Sans collision,,,,,,,,,,,2,2,7,1.0,7.0
201100059052,0011-04-15 16:20:00,11,4,15,16,20,750,108,"18, RUE ROYALE",,,Plein jour,En agglomération,Hors intersection,Normale,Sans collision,,,,,,,,,,,1,2,1,1.0,7.0
201100059053,0011-04-15 22:35:00,11,4,15,22,35,750,108,"86, BOULEVARD HAUSSMANN",,,Nuit avec éclairage allumé,En agglomération,Intersection en X,Normale,Autre collision,,,,,,,,,,,5,2,2,1.0,6.0
201100059054,0011-04-16 02:05:00,11,4,16,2,5,750,108,"168, BOULEVARD HAUSSMANN",,,Nuit avec éclairage allumé,En agglomération,Intersection en X,Normale,Deux véhicules - côté,,,,,,,,,,,5,2,2,1.0,3.0
201100059055,0011-04-16 11:25:00,11,4,16,11,25,750,108,"0, AVENUE DES CHAMPS ELY",,,Plein jour,En agglomération,Intersection à plus de 4 branches,Normale,Sans collision,,,,,,,,,,,1,2,5,1.0,7.0
201100059056,0011-04-16 23:20:00,11,4,16,23,20,750,108,"27, AVENUE HOCHE",,,Nuit avec éclairage allumé,En agglomération,Intersection à plus de 4 branches,Normale,Deux véhicules - côté,,,,,,,,,,,5,2,5,1.0,3.0
201100059057,0011-04-19 16:15:00,11,4,19,16,15,750,108,"39, BOULEVARD MALESHERBE",,,Plein jour,En agglomération,Intersection en X,Normale,Deux véhicules - côté,,,,,,,,,,,1,2,2,1.0,3.0
201100059058,0011-04-22 22:50:00,11,4,22,22,50,750,108,"2, AVENUE HOCHE",,,Nuit avec éclairage non allumé,En agglomération,Intersection à plus de 4 branches,Normale,Deux véhicules - côté,,,,,,,,,,,4,2,5,1.0,3.0
201100059059,0011-04-26 16:17:00,11,4,26,16,17,750,108,ROND POINT CHAMPS ELYSEE,,,Plein jour,En agglomération,Intersection à plus de 4 branches,Normale,Deux véhicules - côté,,,,,,,,,,,1,2,5,1.0,3.0
201100059060,0011-04-26 18:30:00,11,4,26,18,30,750,116,"90, BOULEVARD MURAT",,,Plein jour,En agglomération,Hors intersection,Normale,Deux véhicules - côté,,,,,,,,,,,1,2,1,1.0,3.0
201100059061,0011-04-26 21:10:00,11,4,26,21,10,750,108,"50, AVENUE DES CHAMPS EL",,,Nuit avec éclairage allumé,En agglomération,Intersection en X,Normale,Deux véhicules - arrière,,,,,,,,,,,5,2,2,1.0,2.0
201100059062,0011-04-27 09:45:00,11,4,27,9,45,750,108,"88, BOULEVARD MALESHERBE",,,Plein jour,En agglomération,Intersection en T,Normale,Deux véhicules - côté,,,,,,,,,,,1,2,3,1.0,3.0
201100059063,0011-04-28 08:45:00,11,4,28,8,45,750,108,PLACE DE LA CONCORDE,,,Plein jour,En agglomération,Hors intersection,Normale,Deux véhicules - arrière,,,,,,,,,,,1,2,1,1.0,2.0
201100059064,0011-04-29 16:00:00,11,4,29,16,0,750,101,"258, RUE DE RIVOLI",,,Plein jour,En agglomération,Intersection en T,Normale,Deux véhicules - côté,,,,,,,,,,,1,2,3,1.0,3.0
201100059065,0011-04-30 16:45:00,11,4,30,16,45,750,108,AVENUE DES CHAMPS ELYSEE,,,Plein jour,En agglomération,Hors intersection,Pluie légère,Sans collision,,,,,,,,,,,1,2,1,2.0,7.0
201100059066,0011-05-01 15:10:00,11,5,1,15,10,750,108,AVENUE DE FRIEDLAND,,,Plein jour,En agglomération,Intersection en X,Normale,Autre collision,,,,,,,,,,,1,2,2,1.0,6.0
201100059067,0011-05-02 19:50:00,11,5,2,19,50,750,108,BOULEVARD DE COURCELLES,,,Plein jour,En agglomération,Intersection à plus de 4 branches,Normale,Deux véhicules - côté,,,,,,,,,,,1,2,5,1.0,3.0
201100059068,0011-05-03 13:00:00,11,5,3,13,0,750,108,"34, RUE FRANCOIS 1ER",,,Plein jour,En agglomération,Intersection en T,Normale,Deux véhicules - côté,,,,,,,,,,,1,2,3,1.0,3.0
201100059069,0011-05-04 13:15:00,11,5,4,13,15,750,108,"29, AVENUE MATIGNON",,,Plein jour,En agglomération,Intersection en X,Normale,Deux véhicules - arrière,,,,,,,,,,,1,2,2,1.0,2.0
201100059070,0011-05-04 18:15:00,11,5,4,18,15,750,108,PLACE DE LA CONCORDE,,,Plein jour,En agglomération,Hors intersection,Normale,Deux véhicules - côté,,,,,,,,,,,1,2,1,1.0,3.0
201100059071,0011-05-05 18:10:00,11,5,5,18,10,750,108,BOULEVARD MALESHERBES,,,Plein jour,En agglomération,Intersection en X,Normale,Deux véhicules - côté,,,,,,,,,,,1,2,2,1.0,3.0
201100059072,0011-05-06 17:40:00,11,5,6,17,40,750,108,"VIII-5684, QUAI DES TUIL",,,Plein jour,En agglomération,Hors intersection,Normale,Sans collision,,,,,,,,,,,1,2,1,1.0,7.0
201100059073,0011-05-06 22:30:00,11,5,6,22,30,750,108,"22, AVENUE DES CHAMPS EL",,,Nuit avec éclairage allumé,En agglomération,Intersection à plus de 4 branches,Normale,Deux véhicules - arrière,,,,,,,,,,,5,2,5,1.0,2.0
201100059074,0011-05-07 11:00:00,11,5,7,11,0,750,108,"121, RUE SAINT LAZARE",,,Plein jour,En agglomération,Hors intersection,Normale,Deux véhicules - côté,,,,,,,,,,,1,2,1,1.0,3.0
201100059075,0011-05-07 14:00:00,11,5,7,14,0,750,108,"110, RUE SAINT LAZARE",,,Plein jour,En agglomération,Intersection en X,Normale,Autre collision,,,,,,,,,,,1,2,2,1.0,6.0
201100059076,0011-05-08 06:30:00,11,5,8,6,30,750,108,"159, BOULEVARD HAUSSMANN",,,Plein jour,En agglomération,Intersection en X,Normale,Sans collision,,,,,,,,,,,1,2,2,1.0,7.0
201100059077,0011-05-08 23:26:00,11,5,8,23,26,750,108,RUE JOSEPH SANSBOEUF,,,Nuit avec éclairage allumé,En agglomération,Intersection en X,Normale,Deux véhicules - côté,,,,,,,,,,,5,2,2,1.0,3.0
201100059078,0011-05-09 16:45:00,11,5,9,16,45,750,108,"123, RUE SAINT LAZARE",,,Plein jour,En agglomération,Hors intersection,Normale,Autre collision,,,,,,,,,,,1,2,1,1.0,6.0
201100059079,0011-05-10 05:13:00,11,5,10,5,13,750,108,"31, RUE WASHINGTON",,,Nuit avec éclairage allumé,En agglomération,Hors intersection,Normale,Autre collision,,,,,,,,,,,5,2,1,1.0,6.0
201100059080,0011-05-11 11:30:00,11,5,11,11,30,750,108,"8, AVENUE GEORGE V",,,Plein jour,En agglomération,Hors intersection,Normale,Deux véhicules - côté,,,,,,,,,,,1,2,1,1.0,3.0
201100059081,0011-05-12 08:00:00,11,5,12,8,0,750,108,VOIE GEORGES POMPIDOU,,,Plein jour,En agglomération,Hors intersection,Normale,Trois véhicules et plus - en chaîne,,,,,,,,,,,1,2,1,1.0,4.0
201100059082,0011-05-12 16:25:00,11,5,12,16,25,750,108,RUE DE ROME,,,Plein jour,En agglomération,Intersection en X,Normale,Autre collision,,,,,,,,,,,1,2,2,1.0,6.0
201100059083,0011-05-12 19:01:00,11,5,12,19,1,750,108,"117, AVENUE DES CHAMPS E",,,Plein jour,En agglomération,Intersection en X,Normale,Deux véhicules - côté,,,,,,,,,,,1,2,2,1.0,3.0
201100059084,0011-05-13 09:50:00,11,5,13,9,50,750,108,PLACE DE LA CONCORDE,,,Plein jour,En agglomération,Place,Normale,Deux véhicules - côté,,,,,,,,,,,1,2,7,1.0,3.0
201100059085,0011-05-13 13:40:00,11,5,13,13,40,750,108,"1, PLACE CHARLES DE GAUL",,,Plein jour,En agglomération,Place,Normale,Deux véhicules - côté,,,,,,,,,,,1,2,7,1.0,3.0
201100059086,0011-05-14 12:10:00,11,5,14,12,10,750,108,"64, RUE LA BOETIE",,,Plein jour,En agglomération,Hors intersection,Normale,Autre collision,,,,,,,,,,,1,2,1,1.0,6.0
201100059087,0011-05-16 16:59:00,11,5,16,16,59,750,108,"01, AVENUE DELCASSE",,,Plein jour,En agglomération,Intersection en X,Normale,Autre collision,,,,,,,,,,,1,2,2,1.0,6.0
201100059088,0011-05-16 17:50:00,11,5,16,17,50,750,108,"27, AVENUE DES CHAMPS EL",,,Plein jour,En agglomération,Hors intersection,Normale,Sans collision,,,,,,,,,,,1,2,1,1.0,7.0
201100059089,0011-05-17 21:00:00,11,5,17,21,0,750,108,"32, RUE PASQUIER",,,Crépuscule ou aube,En agglomération,Intersection en X,Normale,Deux véhicules - côté,,,,,,,,,,,2,2,2,1.0,3.0
201100059090,0011-05-19 12:40:00,11,5,19,12,40,750,108,"0, SOUTERRAIN ETOILE",,,Plein jour,En agglomération,Hors intersection,Normale,Autre collision,,,,,,,,,,,1,2,1,1.0,6.0
201100059091,0011-05-19 16:10:00,11,5,19,16,10,750,108,ROND POINT CHAMPS ELYSEE,,,Plein jour,En agglomération,Intersection à plus de 4 branches,Normale,Deux véhicules - côté,,,,,,,,,,,1,2,5,1.0,3.0
201100059092,0011-05-22 16:40:00,11,5,22,16,40,750,107,AVENUE DU MARECHAL GALLI,,,Plein jour,En agglomération,Hors intersection,Normale,Deux véhicules - arrière,,,,,,,,,,,1,2,1,1.0,2.0
201100059093,0011-05-23 12:10:00,11,5,23,12,10,750,108,"16, RUE CAMBACERES",,,Plein jour,En agglomération,Intersection en X,Normale,Deux véhicules - côté,,,,,,,,,,,1,2,2,1.0,3.0
201100059094,0011-05-25 09:00:00,11,5,25,9,0,750,108,"1, AVENUE MYRON HERRICK",,,Plein jour,En agglomération,Intersection en X,Normale,Sans collision,,,,,,,,,,,1,2,2,1.0,7.0
201100059095,0011-05-25 09:25:00,11,5,25,9,25,750,108,"40, AVENUE GABRIEL",,,Plein jour,En agglomération,Hors intersection,Normale,Autre collision,,,,,,,,,,,1,2,1,1.0,6.0
201100059096,0011-05-26 21:45:00,11,5,26,21,45,750,108,"32, RUE MARBEUF",,,Nuit sans éclairage public,En agglomération,Hors intersection,Normale,Autre collision,,,,,,,,,,,3,2,1,1.0,6.0
201100059097,0011-05-27 16:00:00,11,5,27,16,0,750,108,VOIE GEORGES POMPIDOU,,,Plein jour,En agglomération,Hors intersection,Normale,Trois véhicules et plus - en chaîne,,,,,,,,,,,1,2,1,1.0,4.0
201100059098,0011-05-27 20:40:00,11,5,27,20,40,750,108,"3, AVENUE HOCHE",,,Plein jour,En agglomération,Hors intersection,Normale,Deux véhicules - côté,,,,,,,,,,,1,2,1,1.0,3.0
201100059099,0011-05-29 18:30:00,11,5,29,18,30,750,108,PLACE CHARLES DE GAULLE,,,Plein jour,En agglomération,Place,Normale,Deux véhicules - côté,,,,,,,,,,,1,2,7,1.0,3.0
201100059100,0011-05-29 07:50:00,11,5,29,7,50,750,108,"44, AVENUE DES CHAMPS EL",,,Plein jour,En agglomération,Intersection en X,Normale,Sans collision,,,,,,,,,,,1,2,2,1.0,7.0
201100059101,0011-05-31 14:10:00,11,5,31,14,10,750,108,BOULEVARD MALESHERBES,,,Plein jour,En agglomération,Place,Normale,Deux véhicules - côté,,,,,,,,,,,1,2,7,1.0,3.0
201100059102,0011-05-31 21:45:00,11,5,31,21,45,750,108,ROND POINT CHAMPS ELYSEE,,,Crépuscule ou aube,En agglomération,Intersection à plus de 4 branches,Normale,Deux véhicules - côté,,,,,,,,,,,2,2,5,1.0,3.0
201100059103,0011-06-01 15:00:00,11,6,1,15,0,750,108,AVENUE DE MARIGNY,,,Plein jour,En agglomération,Hors intersection,Temps éblouissant,Autre collision,,,,,,,,,,,1,2,1,7.0,6.0
201100059104,0011-06-01 16:20:00,11,6,1,16,20,750,108,RUE DU ROCHER,,,Plein jour,En agglomération,Intersection en X,Normale,Deux véhicules - côté,,,,,,,,,,,1,2,2,1.0,3.0
201100059105,0011-06-01 19:00:00,11,6,1,19,0,750,108,AVENUE FRANKLIN D ROOSEV,,,Plein jour,En agglomération,Intersection en X,Normale,Autre collision,,,,,,,,,,,1,2,2,1.0,6.0
201100059106,0011-06-03 15:00:00,11,6,3,15,0,750,108,"75, BOULEVARD HAUSSMANN",,,Plein jour,En agglomération,Intersection en X,Normale,Deux véhicules - arrière,,,,,,,,,,,1,2,2,1.0,2.0