accident_id,datetime,annee,mois,jour,heure,minute,departement,commune_insee,adresse,latitude,longitude,luminosite,agglomeration,intersection,meteo,collision,nb_vehicules,nb_usagers,nb_indemnes,nb_tues,nb_blesses_hosp,nb_blesses_legers,age_cond_1,age_cond_2,veh_type_cond_1,veh_type_cond_2,lum_code,agg_code,int_code,atm_code,col_code
201100059360,0011-01-26 17:55:00,11,1,26,17,55,750,109,"12 bis, RUE DE LA VICTOI",,,Nuit avec éclairage allumé,En agglomération,Intersection en X,Normale,Autre collision,,,,,,,,,,,5,2,2,1.0,6.0
201100059361,0011-02-01 11:55:00,11,2,1,11,55,750,109,"40, BOULEVARD HAUSSMANN",,,Plein jour,En agglomération,Intersection à plus de 4 branches,Normale,Deux véhicules - côté,,,,,,,,,,,1,2,5,1.0,3.0
201100059362,0011-02-05 03:24:00,11,2,5,3,24,750,109,"14, BOULEVARD HAUSSMANN",,,Nuit avec éclairage allumé,En agglomération,Intersection en X,Normale,Deux véhicules - côté,,,,,,,,,,,5,2,2,1.0,3.0
201100059363,0011-02-08 08:35:00,11,2,8,8,35,750,109,"24, BOULEVARD POISSONNIE",,,Plein jour,En agglomération,Hors intersection,Pluie légère,Sans collision,,,,,,,,,,,1,2,1,2.0,7.0
201100059364,0011-02-08 19:45:00,11,2,8,19,45,750,109,"54, BOULEVARD HAUSSMANN",,,Nuit avec éclairage allumé,En agglomération,Intersection en T,Normale,Deux véhicules - côté,,,,,,,,,,,5,2,3,1.0,3.0
201100059365,0011-02-09 08:45:00,11,2,9,8,45,750,109,"12, PLACE DE CLICHY",,,Plein jour,En agglomération,Intersection à plus de 4 branches,Normale,Autre collision,,,,,,,,,,,1,2,5,1.0,6.0
201100059366,0011-02-15 10:51:00,11,2,15,10,51,750,109,"07, RUE DE MAUBEUGE",,,Plein jour,En agglomération,Intersection en X,Pluie légère,Deux véhicules - côté,,,,,,,,,,,1,2,2,2.0,3.0
201100059367,0011-02-19 13:25:00,11,2,19,13,25,750,109,"1, RUE DE MOGADOR",,,Plein jour,En agglomération,Intersection en X,Pluie légère,Autre collision,,,,,,,,,,,1,2,2,2.0,6.0
201100059368,0011-02-23 19:10:00,11,2,23,19,10,750,109,"21, RUE AUBER",,,Nuit avec éclairage allumé,En agglomération,Hors intersection,Pluie légère,Deux véhicules - arrière,,,,,,,,,,,5,2,1,2.0,2.0
201100059369,0011-02-24 01:55:00,11,2,24,1,55,750,109,"2, BOULEVARD HAUSSMANN",,,Nuit avec éclairage allumé,En agglomération,Intersection à plus de 4 branches,Pluie légère,Autre collision,,,,,,,,,,,5,2,5,2.0,6.0
201100059370,0011-02-24 11:05:00,11,2,24,11,5,750,109,"36, RUE CONDORCET",,,Plein jour,En agglomération,Hors intersection,Temps couvert,Deux véhicules - arrière,,,,,,,,,,,1,2,1,8.0,2.0
201100059371,0011-03-02 08:00:00,11,3,2,8,0,750,109,"54, RUE RODIER",48.8802,2.34373,Plein jour,En agglomération,Intersection en X,Normale,Deux véhicules - côté,,,,,,,,,,,1,2,2,1.0,3.0
201100059372,0011-03-03 13:20:00,11,3,3,13,20,750,109,"57, BOULEVARD DE ROCHECH",,,Plein jour,En agglomération,Intersection en T,Normale,Autre collision,,,,,,,,,,,1,2,3,1.0,6.0
201100059373,0011-03-03 22:40:00,11,3,3,22,40,750,109,"57, RUE TAITBOUT",,,Nuit avec éclairage allumé,En agglomération,Intersection en X,Normale,Deux véhicules - côté,,,,,,,,,,,5,2,2,1.0,3.0
201100059374,0011-03-04 16:30:00,11,3,4,16,30,750,109,"22, BOULEVARD POISSONNIE",,,Plein jour,En agglomération,Intersection en X,Normale,Autre collision,,,,,,,,,,,1,2,2,1.0,6.0
201100059375,0011-03-04 20:40:00,11,3,4,20,40,750,109,"12, BOULEVARD DES CAPUCI",,,Nuit avec éclairage allumé,En agglomération,Hors intersection,Normale,Autre collision,,,,,,,,,,,5,2,1,1.0,6.0
201100059376,0011-03-05 10:25:00,11,3,5,10,25,750,109,"65, RUE DE MAUBEUGE",,,Plein jour,En agglomération,Intersection à plus de 4 branches,Normale,Sans collision,,,,,,,,,,,1,2,5,1.0,7.0
201100059377,0011-03-06 21:15:00,11,3,6,21,15,750,109,"58, RUE TAITBOUT",,,Nuit avec éclairage allumé,En agglomération,Intersection en X,Normale,Deux véhicules - côté,,,,,,,,,,,5,2,2,1.0,3.0
201100059378,0011-03-10 14:40:00,11,3,10,14,40,750,109,RUE DE LA VICTOIRE,,,Plein jour,En agglomération,Intersection en X,Normale,Deux véhicules - côté,,,,,,,,,,,1,2,2,1.0,3.0
201100059379,0011-03-12 14:15:00,11,3,12,14,15,750,109,"04, RUE DES MATHURINS",,,Plein jour,En agglomération,Hors intersection,Normale,Autre collision,,,,,,,,,,,1,2,1,1.0,6.0
201100059380,0011-03-13 17:55:00,11,3,13,17,55,750,109,"16, BOULEVARD DES CAPUCI",,,Plein jour,En agglomération,Intersection en Y,Normale,Autre collision,,,,,,,,,,,1,2,4,1.0,6.0
201100059381,0011-03-14 20:50:00,11,3,14,20,50,750,109,"12, BOULEVARD DES CAPUCI",,,Nuit sans éclairage public,En agglomération,Hors intersection,Normale,Autre collision,,,,,,,,,,,3,2,1,1.0,6.0
201100059382,0011-03-16 11:30:00,11,3,16,11,30,750,109,"49, RUE DE CAUMARTIN",,,Plein jour,En agglomération,Intersection à plus de 4 branches,Normale,Autre collision,,,,,,,,,,,1,2,5,1.0,6.0
201100059383,0011-03-18 11:02:00,11,3,18,11,2,750,109,"56, RUE TAITBOUT",,,Plein jour,En agglomération,Intersection en X,Normale,Deux véhicules - côté,,,,,,,,,,,1,2,2,1.0,3.0
201100059384,0011-03-20 08:20:00,11,3,20,8,20,750,109,"13, RUE DE MAUBEUGE",,,Plein jour,En agglomération,Hors intersection,Normale,Deux véhicules - arrière,,,,,,,,,,,1,2,1,1.0,2.0
201100059385,0011-03-20 17:20:00,11,3,20,17,20,750,109,"157, BOULEVARD DE MAGENT",,,Plein jour,En agglomération,Intersection en X,Normale,Autre collision,,,,,,,,,,,1,2,2,1.0,6.0
201100059386,0011-03-21 10:15:00,11,3,21,10,15,750,109,"42, RUE CONDORCET",,,Plein jour,En agglomération,Hors intersection,Normale,Sans collision,,,,,,,,,,,1,2,1,1.0,7.0
201100059387,0011-03-29 09:00:00,11,3,29,9,0,750,117,"7, AVENUE DE LA PORTE DE",,,Plein jour,En agglomération,Intersection à plus de 4 branches,Normale,Autre collision,,,,,,,,,,,1,2,5,1.0,6.0
201100059388,0011-03-29 15:40:00,11,3,29,15,40,750,109,"09, RUE AUBER",,,Plein jour,En agglomération,Intersection en Y,Normale,Autre collision,,,,,,,,,,,1,2,4,1.0,6.0
201100059389,0011-03-31 09:25:00,11,3,31,9,25,750,109,"29, RUE DE LONDRES",,,Plein jour,En agglomération,Hors intersection,Pluie forte,Deux véhicules - côté,,,,,,,,,,,1,2,1,3.0,3.0
201100059390,0011-03-31 12:35:00,11,3,31,12,35,750,108,"4, BOULEVARD MALESHERBES",,,Plein jour,En agglomération,Hors intersection,Temps couvert,Autre collision,,,,,,,,,,,1,2,1,8.0,6.0
201100059391,0011-03-31 20:15:00,11,3,31,20,15,750,109,"46, RUE DE PROVENCE",,,Nuit avec éclairage allumé,En agglomération,Intersection en X,Normale,Deux véhicules - côté,,,,,,,,,,,5,2,2,1.0,3.0
201100059392,0011-04-02 19:10:00,11,4,2,19,10,750,109,"5, PLACE BLANCHE",,,Plein jour,En agglomération,Place,Normale,Sans collision,,,,,,,,,,,1,2,7,1.0,7.0
201100059393,0011-04-10 05:50:00,11,4,10,5,50,750,109,"80, RUE LA FAYETTE",,,Nuit avec éclairage allumé,En agglomération,Hors intersection,Normale,Autre collision,,,,,,,,,,,5,2,1,1.0,6.0
201100059394,0011-04-12 14:20:00,11,4,12,14,20,750,109,"4, RUE DE CHATEAUDUN",,,Plein jour,En agglomération,Intersection en X,Temps couvert,Autre collision,,,,,,,,,,,1,2,2,8.0,6.0
201100059395,0011-04-14 09:40:00,11,4,14,9,40,750,109,"01, PLACE D ESTIENNE D O",,,Plein jour,En agglomération,Place,Normale,Deux véhicules - côté,,,,,,,,,,,1,2,7,1.0,3.0
201100059396,0011-04-13 22:10:00,11,4,13,22,10,750,109,"2, PLACE D ESTIENNE D OR",,,Nuit avec éclairage allumé,En agglomération,Place,Normale,Deux véhicules - côté,,,,,,,,,,,5,2,7,1.0,3.0
201100059397,0011-04-15 15:30:00,11,4,15,15,30,750,109,"2, BOULEVARD POISSONNIER",,,Plein jour,En agglomération,Intersection en X,Temps couvert,Autre collision,,,,,,,,,,,1,2,2,8.0,6.0
201100059398,0011-04-16 14:00:00,11,4,16,14,0,750,109,RUE DE ROCHECHOUART,,,Plein jour,En agglomération,Intersection en T,Normale,Sans collision,,,,,,,,,,,1,2,3,1.0,7.0
201100059399,0011-04-17 08:03:00,11,4,17,8,3,750,109,"38, RUE SAINT GEORGES",,,Plein jour,En agglomération,Intersection en X,Normale,Deux véhicules - côté,,,,,,,,,,,1,2,2,1.0,3.0
201100059400,0011-04-19 10:45:00,11,4,19,10,45,750,109,RUE LA FAYETTE,,,Plein jour,En agglomération,Hors intersection,Normale,Autre collision,,,,,,,,,,,1,2,1,1.0,6.0
201100059401,0011-04-20 20:00:00,11,4,20,20,0,750,109,"54, RUE DE LA CHAUSSEE D",,,Plein jour,En agglomération,Hors intersection,Normale,Autre collision,,,,,,,,,,,1,2,1,1.0,6.0
201100059402,0011-04-21 03:50:00,11,4,21,3,50,750,109,"55, RUE DE CHATEAUDUN",,,Nuit avec éclairage allumé,En agglomération,Hors intersection,Normale,Autre collision,,,,,,,,,,,5,2,1,1.0,6.0
201100059403,0011-04-21 16:25:00,11,4,21,16,25,750,109,"14, BOULEVARD HAUSSMANN",,,Plein jour,En agglomération,Hors intersection,Normale,Sans collision,,,,,,,,,,,1,2,1,1.0,7.0
201100059404,0011-04-22 09:00:00,11,4,22,9,0,750,109,"45, RUE D AMSTERDAM",,,Plein jour,En agglomération,Intersection à plus de 4 branches,Normale,Autre collision,,,,,,,,,,,1,2,5,1.0,6.0
201100059405,0011-04-24 02:00:00,11,4,24,2,0,750,109,"2, BOULEVARD MONTMARTRE",,,Nuit avec éclairage allumé,En agglomération,Intersection en X,Normale,Sans collision,,,,,,,,,,,5,2,2,1.0,7.0
201100059406,0011-04-26 13:50:00,11,4,26,13,50,750,109,"48, RUE DE CHATEAUDUN",,,Plein jour,En agglomération,Hors intersection,Normale,Autre collision,,,,,,,,,,,1,2,1,1.0,6.0
201100059407,0011-04-27 16:45:00,11,4,27,16,45,750,109,BOULEVARD DES CAPUCINES,,,Plein jour,En agglomération,Intersection à plus de 4 branches,Normale,Deux véhicules - côté,,,,,,,,,,,1,2,5,1.0,3.0
201100059408,0011-04-28 14:00:00,11,4,28,14,0,750,109,"86, RUE D AMSTERDAM",,,Plein jour,En agglomération,Hors intersection,Normale,Autre collision,,,,,,,,,,,1,2,1,1.0,6.0
201100059409,0011-05-01 08:15:00,11,5,1,8,15,750,109,"77, BOULEVARD DE CLICHY",,,Plein jour,En agglomération,Intersection en T,Normale,Sans collision,,,,,,,,,,,1,2,3,1.0,7.0
201100059410,0011-05-01 09:45:00,11,5,1,9,45,750,109,"70, BOULEVARD HAUSSMANN",,,Plein jour,En agglomération,Intersection à plus de 4 branches,Normale,Deux véhicules - côté,,,,,,,,,,,1,2,5,1.0,3.0
201100059411,0011-05-03 18:10:00,11,5,3,18,10,750,109,"06, RUE DU HAVRE",,,Plein jour,En agglomération,Hors intersection,Normale,Autre collision,,,,,,,,,,,1,2,1,1.0,6.0
201100059412,0011-05-07 14:40:00,11,5,7,14,40,750,109,"2, BOULEVARD DES CAPUCIN",,,Plein jour,En agglomération,Intersection en T,Normale,Deux véhicules - côté,,,,,,,,,,,1,2,3,1.0,3.0
201100059413,0011-05-09 17:35:00,11,5,9,17,35,750,109,"6, BOULEVARD HAUSSMANN",,,Plein jour,En agglomération,Intersection en T,Normale,Deux véhicules - côté,,,,,,,,,,,1,2,3,1.0,3.0
201100059414,0011-05-09 19:05:00,11,5,9,19,5,750,109,"63, RUE BLANCHE",,,Plein jour,En agglomération,Intersection en X,Normale,Autre collision,,,,,,,,,,,1,2,2,1.0,6.0
201100059415,0011-05-10 18:30:00,11,5,10,18,30,750,109,"19, RUE DE CHATEAUDUN",,,Plein jour,En agglomération,Intersection en T,Normale,Deux véhicules - côté,,,,,,,,,,,1,2,3,1.0,3.0
201100059416,0011-05-12 09:20:00,11,5,12,9,20,750,109,"45, RUE DE PROVENCE",,,Plein jour,En agglomération,Intersection en X,Normale,Deux véhicules - côté,,,,,,,,,,,1,2,2,1.0,3.0
201100059417,0011-05-13 11:50:00,11,5,13,11,50,750,109,"85, RUE DE DUNKERQUE",,,Plein jour,En agglomération,Intersection en X,Normale,Deux véhicules - côté,,,,,,,,,,,1,2,2,1.0,3.0
201100059418,0011-05-16 17:39:00,11,5,16,17,39,750,109,"48, RUE TAITBOUT",,,Plein jour,En agglomération,Intersection en X,Normale,Autre collision,,,,,,,,,,,1,2,2,1.0,6.0
201100059419,0011-05-17 00:10:00,11,5,17,0,10,750,109,"10, PLACE DE CLICHY",,,Nuit avec éclairage allumé,En agglomération,Intersection à plus de 4 branches,Normale,Autre collision,,,,,,,,,,,5,2,5,1.0,6.0
201100059420,0011-05-21 23:15:00,11,5,21,23,15,750,110,"26, RUE DU FAUBOURG POIS",,,Nuit avec éclairage allumé,En agglomération,Hors intersection,Normale,Deux véhicules - côté,,,,,,,,,,,5,2,1,1.0,3.0
201100059421,0011-05-22 15:05:00,11,5,22,15,5,750,109,"49, RUE DE LA ROCHEFOUCA",,,Plein jour,En agglomération,Intersection en X,Normale,Autre collision,,,,,,,,,,,1,2,2,1.0,6.0
201100059422,0011-05-24 13:20:00,11,5,24,13,20,750,109,"52, RUE DE LA CHAUSSEE D",,,Plein jour,En agglomération,Hors intersection,Normale,Autre collision,,,,,,,,,,,1,2,1,1.0,6.0
201100059423,0011-05-24 16:45:00,11,5,24,16,45,750,109,"67, RUE JEAN BAPTISTE PI",,,Plein jour,En agglomération,Hors intersection,Normale,Autre collision,,,,,,,,,,,1,2,1,1.0,6.0
201100059424,0011-05-26 19:15:00,11,5,26,19,15,750,109,"22, RUE BLANCHE",,,Plein jour,En agglomération,Hors intersection,Temps couvert,Autre collision,,,,,,,,,,,1,2,1,8.0,6.0
201100059425,0011-05-27 13:15:00,11,5,27,13,15,750,109,"7, BOULEVARD DE CLICHY",,,Plein jour,En agglomération,Hors intersection,Normale,Sans collision,,,,,,,,,,,1,2,1,1.0,7.0
201100059426,0011-05-27 14:20:00,11,5,27,14,20,750,109,"29, RUE DE LONDRES",,,Plein jour,En agglomération,Hors intersection,Normale,Deux véhicules - côté,,,,,,,,,,,1,2,1,1.0,3.0
201100059427,0011-05-27 19:30:00,11,5,27,19,30,750,109,"5, PLACE PIGALLE",,,Plein jour,En agglomération,Place,Normale,Autre collision,,,,,,,,,,,1,2,7,1.0,6.0
201100059428,0011-05-31 21:23:00,11,5,31,21,23,750,109,RUE SAINT LAZARE,,,Plein jour,En agglomération,Intersection en X,Normale,Deux véhicules - côté,,,,,,,,,,,1,2,2,1.0,3.0
201100059429,0011-06-04 15:30:00,11,6,4,15,30,750,109,"37, RUE LA BRUYERE",,,Plein jour,En agglomération,Hors intersection,Normale,Autre collision,,,,,,,,,,,1,2,1,1.0,6.0
201100059430,0011-06-04 18:40:00,11,6,4,18,40,750,109,"90, RUE D AMSTERDAM",,,Plein jour,En agglomération,Hors intersection,Normale,Sans collision,,,,,,,,,,,1,2,1,1.0,7.0
201100059431,0011-06-07 12:10:00,11,6,7,12,10,750,109,"27, RUE DU FAUBOURG MONT",,,Plein jour,En agglomération,Hors intersection,Temps couvert,Deux véhicules - arrière,,,,,,,,,,,1,2,1,8.0,2.0
201100059432,0011-06-10 14:20:00,11,6,10,14,20,750,109,"4, PLACE DE CLICHY",,,Plein jour,En agglomération,Place,Normale,Autre collision,,,,,,,,,,,1,2,7,1.0,6.0
201100059433,0011-06-11 15:00:00,11,6,11,15,0,750,109,"1, RUE ALFRED STEVENS",,,Plein jour,En agglomération,Intersection en T,Normale,Deux véhicules - côté,,,,,,,,,,,1,2,3,1.0,3.0
201100059434,0011-06-12 07:40:00,11,6,12,7,40,750,109,RUE LE PELETIER,,,Plein jour,En agglomération,Place,Normale,Sans collision,,,,,,,,,,,1,2,7,1.0,7.0
201100059435,0011-06-13 20:50:00,11,6,13,20,50,750,109,"2, RUE LA FAYETTE",,,Crépuscule ou aube,En agglomération,Intersection à plus de 4 branches,Pluie légère,Deux véhicules - côté,,,,,,,,,,,2,2,5,2.0,3.0
201100059436,0011-06-15 13:30:00,11,6,15,13,30,750,109,RUE DE CHATEAUDUN,,,Plein jour,En agglomération,Intersection en X,Normale,Deux véhicules - côté,,,,,,,,,,,1,2,2,1.0,3.0
201100059437,0011-06-16 13:40:00,11,6,16,13,40,750,109,"1, RUE AUBER",,,Plein jour,En agglomération,Place,Normale,Deux véhicules - côté,,,,,,,,,,,1,2,7,1.0,3.0
201100059438,0011-06-21 13:30:00,11,6,21,13,30,750,109,"12, BOULEVARD DES CAPUCI",,,Plein jour,En agglomération,Place,Temps couvert,Autre collision,,,,,,,,,,,1,2,7,8.0,6.0
201100059439,0011-06-21 21:30:00,11,6,21,21,30,750,109,"35, RUE CONDORCET",,,Crépuscule ou aube,En agglomération,Hors intersection,Normale,Autre collision,,,,,,,,,,,2,2,1,1.0,6.0
201100059440,0011-06-24 17:35:00,11,6,24,17,35,750,109,BOULEVARD DES ITALIENS,,,Plein jour,En agglomération,Intersection en X,Normale,Deux véhicules - frontale,,,,,,,,,,,1,2,2,1.0,1.0
201100059441,0011-06-27 09:45:00,11,6,27,9,45,750,109,"41, RUE LA FAYETTE",,,Plein jour,En agglomération,Intersection en X,Temps éblouissant,Deux véhicules - côté,,,,,,,,,,,1,2,2,7.0,3.0
201100059442,0011-06-27 15:40:00,11,6,27,15,40,750,109,"107, RUE SAINT LAZARE",,,Plein jour,En agglomération,Intersection en T,Normale,Autre collision,,,,,,,,,,,1,2,3,1.0,6.0
201100059443,0011-06-30 13:45:00,11,6,30,13,45,750,109,"11, RUE DE BELLEFOND",,,Plein jour,En agglomération,Hors intersection,Normale,Autre collision,,,,,,,,,,,1,2,1,1.0,6.0
201100059444,0011-07-01 13:55:00,11,7,1,13,55,750,109,"33, RUE HENRY MONNIER",,,Plein jour,En agglomération,Hors intersection,Normale,Autre collision,,,,,,,,,,,1,2,1,1.0,6.0
201100059445,0011-07-05 08:50:00,11,7,5,8,50,750,109,"0, BOULEVARD HAUSSMANN",,,Plein jour,En agglomération,Hors intersection,Normale,Deux véhicules - côté,,,,,,,,,,,1,2,1,1.0,3.0
201100059446,0011-07-06 18:50:00,11,7,6,18,50,750,109,"22, RUE JOUBERT",,,Plein jour,En agglomération,Hors intersection,Normale,Autre collision,,,,,,,,,,,1,2,1,1.0,6.0
201100059447,0011-07-06 19:30:00,11,7,6,19,30,750,109,"1, RUE DE MOGADOR",,,Plein jour,En agglomération,Intersection en X,Normale,Trois véhicules et plus - en chaîne,,,,,,,,,,,1,2,2,1.0,4.0
201100059448,0011-07-07 16:15:00,11,7,7,16,15,750,109,"53, RUE DE DOUAI",,,Plein jour,En agglomération,Intersection à plus de 4 branches,Normale,Deux véhicules - côté,,,,,,,,,,,1,2,5,1.0,3.0
201100059449,0011-07-09 16:20:00,11,7,9,16,20,750,109,"17bis, BOULEVARD HAUSSMA",,,Plein jour,En agglomération,Hors intersection,Normale,Deux véhicules - côté,,,,,,,,,,,1,2,1,1.0,3.0
201100059450,0011-07-10 17:45:00,11,7,10,17,45,750,109,"2, BOULEVARD HAUSSMANN",,,Plein jour,En agglomération,Intersection à plus de 4 branches,Normale,Deux véhicules - côté,,,,,,,,,,,1,2,5,1.0,3.0
201100059451,0011-07-11 16:50:00,11,7,11,16,50,750,109,"23, RUE NOTRE DAME DE LO",,,Plein jour,En agglomération,Hors intersection,Normale,Autre collision,,,,,,,,,,,1,2,1,1.0,6.0
201100059452,0011-07-12 07:40:00,11,7,12,7,40,750,109,"43, BOULEVARD HAUSSMANN",,,Plein jour,En agglomération,Intersection en T,Normale,Deux véhicules - côté,,,,,,,,,,,1,2,3,1.0,3.0
201100059453,0011-07-12 18:50:00,11,7,12,18,50,750,109,"face au 11, RUE DU HAVRE",,,Plein jour,En agglomération,Intersection en T,Normale,Autre collision,,,,,,,,,,,1,2,3,1.0,6.0
201100059454,0011-07-15 11:18:00,11,7,15,11,18,750,109,"6, BOULEVARD HAUSSMANN",,,Plein jour,En agglomération,Intersection en T,Normale,Sans collision,,,,,,,,,,,1,2,3,1.0,7.0
201100059455,0011-07-15 19:05:00,11,7,15,19,5,750,109,"66, RUE LA FAYETTE",,,Plein jour,En agglomération,Hors intersection,Normale,Autre collision,,,,,,,,,,,1,2,1,1.0,6.0
201100059456,0011-07-19 08:40:00,11,7,19,8,40,750,109,"12, BOULEVARD HAUSSMANN",,,Plein jour,En agglomération,Intersection en X,Pluie forte,Deux véhicules - côté,,,,,,,,,,,1,2,2,3.0,3.0
201100059457,0011-07-19 13:10:00,11,7,19,13,10,750,109,"1, RUE LAFFITTE",,,Plein jour,En agglomération,Intersection en X,Pluie forte,Autre collision,,,,,,,,,,,1,2,2,3.0,6.0
201100059458,0011-07-19 15:35:00,11,7,19,15,35,750,109,"14, RUE HALEVY",,,Plein jour,En agglomération,Place,Pluie légère,Deux véhicules - côté,,,,,,,,,,,1,2,7,2.0,3.0
201100059459,0011-07-17 21:40:00,11,7,17,21,40,750,109,"15, RUE DU FAUBOURG POIS",,,Nuit avec éclairage allumé,En agglomération,Intersection en X,Normale,Deux véhicules - côté,,,,,,,,,,,5,2,2,1.0,3.0
201100059460,0011-07-20 17:45:00,11,7,20,17,45,750,109,"82, RUE SAINT LAZARE",,,Plein jour,En agglomération,Hors intersection,Pluie légère,Sans collision,,,,,,,,,,,1,2,1,2.0,7.0
201100059461,0011-07-27 15:50:00,11,7,27,15,50,750,109,"42, RUE LA FAYETTE",,,Plein jour,En agglomération,Intersection en X,Pluie forte,Deux véhicules - côté,,,,,,,,,,,1,2,2,3.0,3.0
201100059462,0011-07-27 16:45:00,11,7,27,16,45,750,109,RUE LA FAYETTE,,,Plein jour,En agglomération,Intersection à plus de 4 branches,Temps couvert,Deux véhicules - arrière,,,,,,,,,,,1,2,5,8.0,2.0
201100059463,0011-07-27 22:25:00,11,7,27,22,25,750,109,RUE DE CLICHY,,,Nuit avec éclairage allumé,En agglomération,Intersection en T,Pluie légère,Deux véhicules - côté,,,,,,,,,,,5,2,3,2.0,3.0
201100059464,0011-07-27 21:45:00,11,7,27,21,45,750,109,"66, RUE LA FAYETTE",,,Nuit avec éclairage allumé,En agglomération,Intersection en X,Temps couvert,Autre collision,,,,,,,,,,,5,2,2,8.0,6.0
201100059465,0011-07-29 16:09:00,11,7,29,16,9,750,109,"63, BOULEVARD DE ROCHECH",,,Plein jour,En agglomération,Hors intersection,Normale,Autre collision,,,,,,,,,,,1,2,1,1.0,6.0
201100059466,0011-07-29 18:45:00,11,7,29,18,45,750,109,"34, RUE DU FAUBOURG MONT",,,Plein jour,En agglomération,Intersection à plus de 4 branches,Normale,Autre collision,,,,,,,,,,,1,2,5,1.0,6.0
201100059467,0011-07-30 03:30:00,11,7,30,3,30,750,109,"31, BOULEVARD DE CLICHY",,,Nuit avec éclairage allumé,En agglomération,Hors intersection,Normale,Deux véhicules - arrière,,,,,,,,,,,5,2,1,1.0,2.0
201100059468,0011-08-04 10:20:00,11,8,4,10,20,750,109,"63, BOULEVARD DE ROCHECH",,,Plein jour,En agglomération,Hors intersection,Normale,Autre collision,,,,,,,,,,,1,2,1,1.0,6.0
201100059469,0011-08-05 08:10:00,11,8,5,8,10,750,109,"16, RUE HALEVY",,,Plein jour,En agglomération,Intersection à plus de 4 branches,Pluie forte,Autre collision,,,,,,,,,,,1,2,5,3.0,6.0
201100059470,0011-08-12 02:00:00,11,8,12,2,0,750,109,BOULEVARD DE CLICHY,,,Nuit avec éclairage allumé,En agglomération,Place,Normale,Deux véhicules - côté,,,,,,,,,,,5,2,7,1.0,3.0
201100059471,0011-08-19 15:30:00,11,8,19,15,30,750,109,"24, RUE LAMARTINE",,,Plein jour,En agglomération,Intersection en X,Normale,Autre collision,,,,,,,,,,,1,2,2,1.0,6.0
201100059472,0011-08-23 15:05:00,11,8,23,15,5,750,109,"87, RUE SAINT LAZARE",,,Plein jour,En agglomération,Intersection en T,Normale,Autre collision,,,,,,,,,,,1,2,3,1.0,6.0
201100059473,0011-08-24 01:30:00,11,8,24,1,30,750,109,RUE CONDORCET,,,Nuit avec éclairage allumé,En agglomération,Hors intersection,Normale,Autre collision,,,,,,,,,,,5,2,1,1.0,6.0
201100059474,0011-08-25 20:55:00,11,8,25,20,55,750,109,"62, RUE NOTRE DAME DE LO",,,Nuit avec éclairage allumé,En agglomération,Intersection en X,Normale,Deux véhicules - côté,,,,,,,,,,,5,2,2,1.0,3.0
201100059475,0011-08-29 19:40:00,11,8,29,19,40,750,109,RUE DE PROVENCE,,,Plein jour,En agglomération,Intersection en X,Normale,Deux véhicules - côté,,,,,,,,,,,1,2,2,1.0,3.0
201100059476,0011-08-31 10:30:00,11,8,31,10,30,750,109,"69, RUE LA FAYETTE",,,Plein jour,En agglomération,Intersection en Y,Normale,Autre collision,,,,,,,,,,,1,2,4,1.0,6.0
201100059477,0011-09-01 08:45:00,11,9,1,8,45,750,109,"23, RUE D ABBEVILLE",,,Plein jour,En agglomération,Intersection à plus de 4 branches,Normale,Deux véhicules - arrière,,,,,,,,,,,1,2,5,1.0,2.0
201100059478,0011-09-04 08:15:00,11,9,4,8,15,750,109,"28, RUE VIGNON",,,Plein jour,En agglomération,Intersection en X,Pluie légère,Autre collision,,,,,,,,,,,1,2,2,2.0,6.0
201100059479,0011-09-04 18:45:00,11,9,4,18,45,750,109,"16, RUE DUPERRE",,,Plein jour,En agglomération,Hors intersection,Temps couvert,Autre collision,,,,,,,,,,,1,2,1,8.0,6.0
201100059480,0011-09-05 19:50:00,11,9,5,19,50,750,109,"7, RUE CONDORCET",,,Plein jour,En agglomération,Intersection en T,Normale,Deux véhicules - côté,,,,,,,,,,,1,2,3,1.0,3.0
201100059481,0011-09-06 06:30:00,11,9,6,6,30,750,109,"81, RUE LA FAYETTE",,,Crépuscule ou aube,En agglomération,Intersection en T,Normale,Autre collision,,,,,,,,,,,2,2,3,1.0,6.0
201100059482,0011-09-06 22:05:00,11,9,6,22,5,750,109,"69, RUE DU FAUBOURG POIS",,,Nuit avec éclairage allumé,En agglomération,Intersection à plus de 4 branches,Normale,Deux véhicules - côté,,,,,,,,,,,5,2,5,1.0,3.0
201100059483,0011-09-06 20:35:00,11,9,6,20,35,750,104,"84, RUE SAINT ANTOINE",,,Crépuscule ou aube,En agglomération,Intersection en X,Temps couvert,Autre collision,,,,,,,,,,,2,2,2,8.0,6.0
201100059484,0011-09-10 21:35:00,11,9,10,21,35,750,109,"75bis, BOULEVARD DE CLIC",,,Nuit avec éclairage allumé,En agglomération,Hors intersection,Normale,Autre collision,,,,,,,,,,,5,2,1,1.0,6.0
201100059485,0011-09-12 00:40:00,11,9,12,0,40,750,109,BOULEVARD HAUSSMANN,,,Nuit avec éclairage allumé,En agglomération,Intersection à plus de 4 branches,Normale,Deux véhicules - arrière,,,,,,,,,,,5,2,5,1.0,2.0
201100059486,0011-09-13 17:55:00,11,9,13,17,55,750,109,"30, RUE SAINT LAZARE",,,Plein jour,En agglomération,Intersection en X,Normale,Deux véhicules - côté,,,,,,,,,,,1,2,2,1.0,3.0
201100059487,0011-09-16 04:30:00,11,9,16,4,30,750,109,"15, BOULEVARD DE CLICHY",,,Nuit avec éclairage allumé,En agglomération,Place,Normale,Autre collision,,,,,,,,,,,5,2,7,1.0,6.0