accident_id,datetime,annee,mois,jour,heure,minute,departement,commune_insee,adresse,latitude,longitude,luminosite,agglomeration,intersection,meteo,collision,nb_vehicules,nb_usagers,nb_indemnes,nb_tues,nb_blesses_hosp,nb_blesses_legers,age_cond_1,age_cond_2,veh_type_cond_1,veh_type_cond_2,lum_code,agg_code,int_code,atm_code,col_code
201100059488,0011-09-16 10:50:00,11,9,16,10,50,750,109,"6, BOULEVARD HAUSSMANN",,,Plein jour,En agglomération,Intersection en T,Normale,Deux véhicules - arrière,,,,,,,,,,,1,2,3,1.0,2.0
201100059489,0011-09-17 00:15:00,11,9,17,0,15,750,109,"24, RUE DE DOUAI",,,Nuit avec éclairage allumé,En agglomération,Intersection à plus de 4 branches,Normale,Autre collision,,,,,,,,,,,5,2,5,1.0,6.0
201100059490,0011-09-19 10:52:00,11,9,19,10,52,750,108,"60, RUE D AMSTERDAM",,,Plein jour,En agglomération,Hors intersection,Normale,Autre collision,,,,,,,,,,,1,2,1,1.0,6.0
201100059491,0011-09-19 18:10:00,11,9,19,18,10,750,109,"8, PLACE DE L OPERA",,,Plein jour,En agglomération,Hors intersection,Normale,Autre collision,,,,,,,,,,,1,2,1,1.0,6.0
201100059492,0011-09-20 15:00:00,11,9,20,15,0,750,109,"36, RUE LA FAYETTE",,,Plein jour,En agglomération,Intersection en X,Normale,Autre collision,,,,,,,,,,,1,2,2,1.0,6.0
201100059493,0011-09-20 18:45:00,11,9,20,18,45,750,109,"66, RUE LA FAYETTE",,,Plein jour,En agglomération,Intersection en X,Temps couvert,Autre collision,,,,,,,,,,,1,2,2,8.0,6.0
201100059494,0011-09-23 09:30:00,11,9,23,9,30,750,109,"75, RUE SAINT LAZARE",,,Plein jour,En agglomération,Place,Normale,Autre collision,,,,,,,,,,,1,2,7,1.0,6.0
201100059495,0011-09-23 08:00:00,11,9,23,8,0,750,109,"5, RUE CONDORCET",,,Plein jour,En agglomération,Intersection en T,Normale,Autre collision,,,,,,,,,,,1,2,3,1.0,6.0
201100059496,0011-09-25 19:27:00,11,9,25,19,27,750,109,"n?an, BOULEVARD DES CAPU",,,Nuit avec éclairage allumé,En agglomération,Place,Normale,Sans collision,,,,,,,,,,,5,2,7,1.0,7.0
201100059497,0011-09-27 09:00:00,11,9,27,9,0,750,109,"54, BOULEVARD HAUSSMANN",,,Plein jour,En agglomération,Hors intersection,Normale,Trois véhicules et plus - en chaîne,,,,,,,,,,,1,2,1,1.0,4.0
201100059498,0011-09-27 17:45:00,11,9,27,17,45,750,109,"2, BOULEVARD HAUSSMANN",,,Plein jour,En agglomération,Intersection à plus de 4 branches,Normale,Deux véhicules - côté,,,,,,,,,,,1,2,5,1.0,3.0
201100059499,0011-09-28 18:30:00,11,9,28,18,30,750,109,"85, RUE DE LA VICTOIRE",,,Plein jour,En agglomération,Intersection en X,Normale,Autre collision,,,,,,,,,,,1,2,2,1.0,6.0
201100059500,0011-09-29 20:35:00,11,9,29,20,35,750,109,"23, BOULEVARD DE CLICHY",,,Nuit avec éclairage allumé,En agglomération,Hors intersection,Normale,Deux véhicules - arrière,,,,,,,,,,,5,2,1,1.0,2.0
201100059501,0011-09-30 07:00:00,11,9,30,7,0,750,109,"n?ant, BOULEVARD HAUSSMA",,,Crépuscule ou aube,En agglomération,Intersection en X,Normale,Sans collision,,,,,,,,,,,2,2,2,1.0,7.0
201100059502,0011-09-30 14:15:00,11,9,30,14,15,750,109,"57, BOULEVARD DE CLICHY",,,Plein jour,En agglomération,Place,Normale,Autre collision,,,,,,,,,,,1,2,7,1.0,6.0
201100059503,0011-09-30 14:00:00,11,9,30,14,0,750,109,"04, RUE HALEVY",,,Plein jour,En agglomération,Hors intersection,Temps éblouissant,Sans collision,,,,,,,,,,,1,2,1,7.0,7.0
201100059504,0011-10-02 13:25:00,11,10,2,13,25,750,109,PLACE ADOLPHE MAX,,,Plein jour,En agglomération,Hors intersection,Temps éblouissant,Autre collision,,,,,,,,,,,1,2,1,7.0,6.0
201100059505,0011-10-03 17:50:00,11,10,3,17,50,750,102,"29, RUE VIVIENNE",,,Plein jour,En agglomération,Intersection en X,Normale,Autre collision,,,,,,,,,,,1,2,2,1.0,6.0
201100059506,0011-10-03 17:25:00,11,10,3,17,25,750,109,"17, RUE DE LA CHAUSSEE D",,,Plein jour,En agglomération,Intersection à plus de 4 branches,Normale,Deux véhicules - côté,,,,,,,,,,,1,2,5,1.0,3.0
201100059507,0011-10-04 10:30:00,11,10,4,10,30,750,109,"16, BOULEVARD POISSONNIE",,,Plein jour,En agglomération,Intersection en T,Temps couvert,Autre collision,,,,,,,,,,,1,2,3,8.0,6.0
201100059508,0011-10-06 23:40:00,11,10,6,23,40,750,109,"75, BOULEVARD DE CLICHY",,,Nuit avec éclairage allumé,En agglomération,Hors intersection,Normale,Deux véhicules - arrière,,,,,,,,,,,5,2,1,1.0,2.0
201100059509,0011-10-08 13:20:00,11,10,8,13,20,750,109,"62, RUE DE LA CHAUSSEE D",,,Plein jour,En agglomération,Intersection en X,Normale,Deux véhicules - arrière,,,,,,,,,,,1,2,2,1.0,2.0
201100059510,0011-10-09 00:35:00,11,10,9,0,35,750,109,"2, BOULEVARD DE LA MADEL",,,Nuit avec éclairage allumé,En agglomération,Intersection à plus de 4 branches,Pluie légère,Deux véhicules - frontale,,,,,,,,,,,5,2,5,2.0,1.0
201100059511,0011-10-09 01:29:00,11,10,9,1,29,750,109,"10, BOULEVARD POISSONNIE",,,Nuit avec éclairage allumé,En agglomération,Intersection en T,Pluie légère,Deux véhicules - arrière,,,,,,,,,,,5,2,3,2.0,2.0
201100059512,0011-10-10 18:15:00,11,10,10,18,15,750,109,RUE LA FAYETTE,,,Plein jour,En agglomération,Intersection à plus de 4 branches,Normale,Autre collision,,,,,,,,,,,1,2,5,1.0,6.0
201100059513,0011-10-12 16:30:00,11,10,12,16,30,750,109,"92, RUE SAINT LAZARE",,,Plein jour,En agglomération,Intersection en T,Normale,Autre collision,,,,,,,,,,,1,2,3,1.0,6.0
201100059514,0011-10-14 17:50:00,11,10,14,17,50,750,109,"55, RUE DE CLICHY",,,Plein jour,En agglomération,Intersection en T,Normale,Autre collision,,,,,,,,,,,1,2,3,1.0,6.0
201100059515,0011-10-16 00:30:00,11,10,16,0,30,750,109,"8, BOULEVARD MONTMARTRE",,,Nuit avec éclairage allumé,En agglomération,Hors intersection,Normale,Deux véhicules - arrière,,,,,,,,,,,5,2,1,1.0,2.0
201100059516,0011-10-17 18:00:00,11,10,17,18,0,750,109,"21, RUE DE CHATEAUDUN",,,Plein jour,En agglomération,Intersection en T,Normale,Autre collision,,,,,,,,,,,1,2,3,1.0,6.0
201100059517,0011-10-18 17:30:00,11,10,18,17,30,750,109,"2, BOULEVARD MONTMARTRE",,,Plein jour,En agglomération,Intersection en X,Pluie légère,Autre collision,,,,,,,,,,,1,2,2,2.0,6.0
201100059518,0011-10-20 11:50:00,11,10,20,11,50,750,109,"18, BOULEVARD MONTMARTRE",,,Plein jour,En agglomération,Hors intersection,Normale,Sans collision,,,,,,,,,,,1,2,1,1.0,7.0
201100059519,0011-10-21 21:00:00,11,10,21,21,0,750,109,"21, BOULEVARD DE ROCHECH",,,Nuit avec éclairage allumé,En agglomération,Intersection à plus de 4 branches,Normale,Deux véhicules - côté,,,,,,,,,,,5,2,5,1.0,3.0
201100059520,0011-10-22 13:45:00,11,10,22,13,45,750,109,"18, RUE DU FAUBOURG MONT",,,Plein jour,En agglomération,Intersection à plus de 4 branches,Normale,Deux véhicules - côté,,,,,,,,,,,1,2,5,1.0,3.0
201100059521,0011-10-22 15:30:00,11,10,22,15,30,750,109,RUE DU HAVRE,,,Plein jour,En agglomération,Intersection à plus de 4 branches,Normale,Deux véhicules - arrière,,,,,,,,,,,1,2,5,1.0,2.0
201100059522,0011-10-22 23:25:00,11,10,22,23,25,750,109,"10, RUE DE LONDRES",,,Nuit avec éclairage allumé,En agglomération,Hors intersection,Normale,Deux véhicules - arrière,,,,,,,,,,,5,2,1,1.0,2.0
201100059523,0011-10-24 13:28:00,11,10,24,13,28,750,109,"67, RUE DE CLICHY",,,Plein jour,En agglomération,Intersection en Y,Normale,Deux véhicules - côté,,,,,,,,,,,1,2,4,1.0,3.0
201100059524,0011-10-24 17:15:00,11,10,24,17,15,750,109,"35, RUE LA FAYETTE",,,Plein jour,En agglomération,Intersection en X,Normale,Deux véhicules - côté,,,,,,,,,,,1,2,2,1.0,3.0
201100059525,0011-10-24 19:50:00,11,10,24,19,50,750,109,"10, AVENUE TRUDAINE",,,Nuit avec éclairage allumé,En agglomération,Intersection en T,Normale,Autre collision,,,,,,,,,,,5,2,3,1.0,6.0
201100059526,0011-10-25 07:35:00,11,10,25,7,35,750,109,"83, RUE LA FAYETTE",,,Nuit avec éclairage allumé,En agglomération,Hors intersection,Pluie légère,Deux véhicules - arrière,,,,,,,,,,,5,2,1,2.0,2.0
201100059527,0011-10-28 21:10:00,11,10,28,21,10,750,109,PLACE DE CLICHY,,,Nuit avec éclairage allumé,En agglomération,Place,Normale,Autre collision,,,,,,,,,,,5,2,7,1.0,6.0
201100059528,0011-10-29 17:10:00,11,10,29,17,10,750,109,"75 bis, BOULEVARD DE CLI",,,Plein jour,En agglomération,Intersection en T,Normale,Autre collision,,,,,,,,,,,1,2,3,1.0,6.0
201100059529,0011-10-29 22:45:00,11,10,29,22,45,750,109,"13, RUE DE CHATEAUDUN",,,Nuit avec éclairage allumé,En agglomération,Intersection en X,Pluie légère,Deux véhicules - côté,,,,,,,,,,,5,2,2,2.0,3.0
201100059530,0011-10-31 10:45:00,11,10,31,10,45,750,109,"24, RUE DE LA CHAUSSEE D",,,Plein jour,En agglomération,Intersection à plus de 4 branches,Normale,Autre collision,,,,,,,,,,,1,2,5,1.0,6.0
201100059531,0011-11-03 15:35:00,11,11,3,15,35,750,109,"5, RUE HENRY MONNIER",,,Plein jour,En agglomération,Intersection en T,Pluie légère,Deux véhicules - côté,,,,,,,,,,,1,2,3,2.0,3.0
201100059532,0011-11-03 15:55:00,11,11,3,15,55,750,109,"1, BOULEVARD DE CLICHY",,,Plein jour,En agglomération,Intersection à plus de 4 branches,Normale,Autre collision,,,,,,,,,,,1,2,5,1.0,6.0
201100059533,0011-11-04 09:10:00,11,11,4,9,10,750,109,"95, RUE SAINT LAZARE",,,Plein jour,En agglomération,Hors intersection,Normale,Autre collision,,,,,,,,,,,1,2,1,1.0,6.0
201100059534,0011-11-07 14:40:00,11,11,7,14,40,750,109,"19, RUE TURGOT",,,Plein jour,En agglomération,Hors intersection,Pluie légère,Sans collision,,,,,,,,,,,1,2,1,2.0,7.0
201100059535,0011-11-08 12:55:00,11,11,8,12,55,750,109,"1, RUE DE MOGADOR",,,Plein jour,En agglomération,Intersection en X,Pluie légère,Autre collision,,,,,,,,,,,1,2,2,2.0,6.0
201100059536,0011-11-10 09:30:00,11,11,10,9,30,750,109,"28, RUE DE MAUBEUGE",,,Plein jour,En agglomération,Hors intersection,Normale,Autre collision,,,,,,,,,,,1,2,1,1.0,6.0
201100059537,0011-11-10 14:10:00,11,11,10,14,10,750,109,"28, RUE BLANCHE",,,Plein jour,En agglomération,Hors intersection,Normale,Deux véhicules - arrière,,,,,,,,,,,1,2,1,1.0,2.0
201100059538,0011-11-10 16:10:00,11,11,10,16,10,750,109,"3, RUE BOUDREAU",,,Plein jour,En agglomération,Hors intersection,Normale,Autre collision,,,,,,,,,,,1,2,1,1.0,6.0
201100059539,0011-11-10 19:10:00,11,11,10,19,10,750,109,"81, BOULEVARD DE CLICHY",,,Nuit avec éclairage allumé,En agglomération,Hors intersection,Normale,Deux véhicules - arrière,,,,,,,,,,,5,2,1,1.0,2.0
201100059540,0011-11-11 14:50:00,11,11,11,14,50,750,109,"32, BOULEVARD POISSONNIE",,,Plein jour,En agglomération,Intersection en T,Temps couvert,Deux véhicules - côté,,,,,,,,,,,1,2,3,8.0,3.0
201100059541,0011-11-12 15:30:00,11,11,12,15,30,750,109,"2, RUE HALEVY",,,Plein jour,En agglomération,Place,Normale,Sans collision,,,,,,,,,,,1,2,7,1.0,7.0
201100059542,0011-11-14 16:06:00,11,11,14,16,6,750,109,RUE DE TREVISE,,,Plein jour,En agglomération,Intersection en X,Normale,Deux véhicules - côté,,,,,,,,,,,1,2,2,1.0,3.0
201100059543,0011-11-14 17:15:00,11,11,14,17,15,750,109,"1, RUE AUBER",,,Nuit avec éclairage allumé,En agglomération,Hors intersection,Normale,Autre collision,,,,,,,,,,,5,2,1,1.0,6.0
201100059544,0011-11-14 02:45:00,11,11,14,2,45,750,109,RUE DE MOGADOR,,,Nuit avec éclairage allumé,En agglomération,Intersection en X,Normale,Deux véhicules - côté,,,,,,,,,,,5,2,2,1.0,3.0
201100059545,0011-11-16 10:40:00,11,11,16,10,40,750,109,"40, RUE DU FAUBOURG MONT",,,Plein jour,En agglomération,Hors intersection,Normale,Deux véhicules - arrière,,,,,,,,,,,1,2,1,1.0,2.0
201100059546,0011-11-17 20:40:00,11,11,17,20,40,750,109,"41, BOULEVARD DE ROCHECH",,,Nuit avec éclairage allumé,En agglomération,Place,Normale,Autre collision,,,,,,,,,,,5,2,7,1.0,6.0
201100059547,0011-11-20 14:30:00,11,11,20,14,30,750,109,"96, RUE SAINT LAZARE",,,Plein jour,En agglomération,Intersection en T,Normale,Sans collision,,,,,,,,,,,1,2,3,1.0,7.0
201100059548,0011-11-24 20:47:00,11,11,24,20,47,750,109,"38, BOULEVARD DES ITALIE",,,Nuit avec éclairage allumé,En agglomération,Hors intersection,Normale,Autre collision,,,,,,,,,,,5,2,1,1.0,6.0
201100059549,0011-11-25 13:15:00,11,11,25,13,15,750,109,"42, RUE LA FAYETTE",,,Plein jour,En agglomération,Intersection en X,Pluie légère,Sans collision,,,,,,,,,,,1,2,2,2.0,7.0
201100059550,0011-11-26 18:50:00,11,11,26,18,50,750,109,"2, RUE SCRIBE",,,Nuit avec éclairage allumé,En agglomération,Place,Normale,Sans collision,,,,,,,,,,,5,2,7,1.0,7.0
201100059551,0011-11-27 03:10:00,11,11,27,3,10,750,109,"21, BOULEVARD DE ROCHECH",,,Nuit avec éclairage allumé,En agglomération,Hors intersection,Normale,Deux véhicules - arrière,,,,,,,,,,,5,2,1,1.0,2.0
201100059552,0011-12-01 09:30:00,11,12,1,9,30,750,109,"80, RUE SAINT LAZARE",,,Plein jour,En agglomération,Intersection en T,Pluie légère,Autre collision,,,,,,,,,,,1,2,3,2.0,6.0
201100059553,0011-12-01 08:50:00,11,12,1,8,50,750,109,"60, RUE LAMARTINE",,,Plein jour,En agglomération,Hors intersection,Pluie légère,Deux véhicules - côté,,,,,,,,,,,1,2,1,2.0,3.0
201100059554,0011-12-03 20:00:00,11,12,3,20,0,750,109,"36, RUE TRONCHET",,,Nuit avec éclairage allumé,En agglomération,Intersection à plus de 4 branches,Normale,Deux véhicules - arrière,,,,,,,,,,,5,2,5,1.0,2.0
201100059555,0011-12-10 14:10:00,11,12,10,14,10,750,109,"39, BOULEVARD DE CLICHY",,,Plein jour,En agglomération,Intersection en T,Normale,Autre collision,,,,,,,,,,,1,2,3,1.0,6.0
201100059556,0011-12-10 19:30:00,11,12,10,19,30,750,109,"38, BOULEVARD DES ITALIE",,,Nuit avec éclairage allumé,En agglomération,Intersection à plus de 4 branches,Normale,Deux véhicules - côté,,,,,,,,,,,5,2,5,1.0,3.0
201100059557,0011-12-10 05:55:00,11,12,10,5,55,750,109,"12, RUE DE MOGADOR",,,Nuit avec éclairage allumé,En agglomération,Hors intersection,Normale,Deux véhicules - côté,,,,,,,,,,,5,2,1,1.0,3.0
201100059558,0011-12-11 01:17:00,11,12,11,1,17,750,109,"19, RUE BLANCHE",,,Nuit avec éclairage allumé,En agglomération,Hors intersection,Normale,Autre collision,,,,,,,,,,,5,2,1,1.0,6.0
201100059559,0011-12-14 14:09:00,11,12,14,14,9,750,109,RUE SAINT LAZARE,,,Plein jour,En agglomération,Intersection en X,Normale,Deux véhicules - côté,,,,,,,,,,,1,2,2,1.0,3.0
201100059560,0011-12-14 15:15:00,11,12,14,15,15,750,109,"1, PLACE ADOLPHE MAX",,,Plein jour,En agglomération,Place,Normale,Deux véhicules - côté,,,,,,,,,,,1,2,7,1.0,3.0
201100059561,0011-12-15 17:40:00,11,12,15,17,40,750,109,PLACE JACQUES ROUCHE,,,Nuit avec éclairage allumé,En agglomération,Place,Normale,Autre collision,,,,,,,,,,,5,2,7,1.0,6.0
201100059562,0011-12-15 20:10:00,11,12,15,20,10,750,109,"6, RUE D AMSTERDAM",,,Nuit avec éclairage allumé,En agglomération,Hors intersection,Pluie légère,Deux véhicules - côté,,,,,,,,,,,5,2,1,2.0,3.0
201100059563,0011-12-19 16:40:00,11,12,19,16,40,750,109,"2, RUE AUBER",,,Plein jour,En agglomération,Place,Pluie légère,Autre collision,,,,,,,,,,,1,2,7,2.0,6.0
201100059564,0011-12-22 13:45:00,11,12,22,13,45,750,109,"13, RUE DE MOGADOR",,,Plein jour,En agglomération,Place,Normale,Deux véhicules - côté,,,,,,,,,,,1,2,7,1.0,3.0
201100059565,0011-12-30 20:25:00,11,12,30,20,25,750,109,"6, RUE DE CAUMARTIN",,,Nuit avec éclairage allumé,En agglomération,Intersection en T,Pluie légère,Sans collision,,,,,,,,,,,5,2,3,2.0,7.0
201100059566,0011-12-30 19:50:00,11,12,30,19,50,750,109,"52, RUE DE DOUAI",,,Nuit avec éclairage allumé,En agglomération,Place,Pluie forte,Autre collision,,,,,,,,,,,5,2,7,3.0,6.0
201100059567,0011-01-02 02:30:00,11,1,2,2,30,750,110,"98, RUE LA FAYETTE",,,Nuit avec éclairage allumé,En agglomération,Intersection à plus de 4 branches,Pluie légère,Deux véhicules - arrière,,,,,,,,,,,5,2,5,2.0,2.0
201100059568,0011-01-07 12:00:00,11,1,7,12,0,750,110,"162, BOULEVARD DE MAGENT",,,Plein jour,En agglomération,Hors intersection,Pluie légère,Autre collision,,,,,,,,,,,1,2,1,2.0,6.0
201100059569,0011-01-11 23:30:00,11,1,11,23,30,750,110,"94, BOULEVARD DE MAGENTA",,,Nuit avec éclairage allumé,En agglomération,Hors intersection,Normale,Deux véhicules - côté,,,,,,,,,,,5,2,1,1.0,3.0
201100059570,0011-01-11 12:33:00,11,1,11,12,33,750,110,"91, BOULEVARD DE MAGENTA",,,Plein jour,En agglomération,Hors intersection,Temps couvert,Autre collision,,,,,,,,,,,1,2,1,8.0,6.0
201100059571,0011-01-13 18:45:00,11,1,13,18,45,750,110,"152, RUE DU FAUBOURG SAI",,,Nuit avec éclairage allumé,En agglomération,Hors intersection,Normale,Autre collision,,,,,,,,,,,5,2,1,1.0,6.0
201100059572,0011-01-14 18:45:00,11,1,14,18,45,750,110,"11, PLACE DU COLONEL FAB",,,Nuit avec éclairage allumé,En agglomération,Hors intersection,Pluie légère,Autre collision,,,,,,,,,,,5,2,1,2.0,6.0
201100059573,0011-01-15 02:45:00,11,1,15,2,45,750,110,"153, RUE LA FAYETTE",,,Nuit avec éclairage allumé,En agglomération,Intersection en X,Normale,Deux véhicules - côté,,,,,,,,,,,5,2,2,1.0,3.0
201100059574,0011-01-17 16:50:00,11,1,17,16,50,750,103,BOULEVARD DE SEBASTOPOL,,,Plein jour,En agglomération,Intersection en X,Normale,Deux véhicules - côté,,,,,,,,,,,1,2,2,1.0,3.0
201100059575,0011-01-17 22:00:00,11,1,17,22,0,750,110,"12, PLACE DE LA REPUBLIQ",,,Nuit sans éclairage public,En agglomération,Intersection à plus de 4 branches,Normale,Deux véhicules - côté,,,,,,,,,,,3,2,5,1.0,3.0
201100059576,0011-01-20 00:40:00,11,1,20,0,40,750,110,"11, PLACE DE LA BATAILLE",,,Nuit avec éclairage allumé,En agglomération,Intersection à plus de 4 branches,Normale,Sans collision,,,,,,,,,,,5,2,5,1.0,7.0
201100059577,0011-01-20 16:30:00,11,1,20,16,30,750,110,"64, BOULEVARD DE MAGENTA",,,Plein jour,En agglomération,Intersection en X,Normale,Autre collision,,,,,,,,,,,1,2,2,1.0,6.0
201100059578,0011-01-21 21:35:00,11,1,21,21,35,750,110,"102, QUAI DE JEMMAPES",,,Nuit avec éclairage allumé,En agglomération,Hors intersection,Normale,Sans collision,,,,,,,,,,,5,2,1,1.0,7.0
201100059579,0011-01-22 09:10:00,11,1,22,9,10,750,110,"62, BOULEVARD DE MAGENTA",,,Plein jour,En agglomération,Hors intersection,Temps couvert,Sans collision,,,,,,,,,,,1,2,1,8.0,7.0
201100059580,0011-01-24 08:10:00,11,1,24,8,10,750,110,"18, RUE DE DUNKERQUE",,,Plein jour,En agglomération,Hors intersection,Normale,Autre collision,,,,,,,,,,,1,2,1,1.0,6.0
201100059581,0011-01-24 16:40:00,11,1,24,16,40,750,110,BOULEVARD DE LA CHAPELLE,,,Crépuscule ou aube,En agglomération,Hors intersection,Normale,Autre collision,,,,,,,,,,,2,2,1,1.0,6.0
201100059582,0011-01-24 18:35:00,11,1,24,18,35,750,110,"1, RUE SIBOUR",,,Nuit avec éclairage allumé,En agglomération,Intersection en T,Normale,Sans collision,,,,,,,,,,,5,2,3,1.0,7.0
201100059583,0011-01-24 18:25:00,11,1,24,18,25,750,110,"45, BOULEVARD DE STRASBO",,,Nuit avec éclairage allumé,En agglomération,Hors intersection,Pluie légère,Sans collision,,,,,,,,,,,5,2,1,2.0,7.0
201100059584,0011-01-24 19:20:00,11,1,24,19,20,750,110,"59, BOULEVARD DE MAGENTA",,,Nuit avec éclairage allumé,En agglomération,Hors intersection,Pluie légère,Deux véhicules - côté,,,,,,,,,,,5,2,1,2.0,3.0
201100059585,0011-01-25 14:10:00,11,1,25,14,10,750,110,"19, RUE CIVIALE",,,Plein jour,En agglomération,Hors intersection,Temps couvert,Autre collision,,,,,,,,,,,1,2,1,8.0,6.0
201100059586,0011-01-26 00:30:00,11,1,26,0,30,750,110,RUE D HAUTEVILLE,,,Nuit avec éclairage allumé,En agglomération,Intersection en X,Pluie légère,Autre collision,,,,,,,,,,,5,2,2,2.0,6.0
201100059587,0011-01-26 20:20:00,11,1,26,20,20,750,110,"182, RUE LA FAYETTE",,,Nuit avec éclairage allumé,En agglomération,Intersection en X,Normale,Autre collision,,,,,,,,,,,5,2,2,1.0,6.0
201100059588,0011-01-27 08:55:00,11,1,27,8,55,750,110,"98, RUE LA FAYETTE",,,Plein jour,En agglomération,Intersection en Y,Normale,Deux véhicules - arrière,,,,,,,,,,,1,2,4,1.0,2.0
201100059589,0011-01-28 08:20:00,11,1,28,8,20,750,110,"21, BOULEVARD SAINT MART",,,Plein jour,En agglomération,Hors intersection,Temps couvert,Autre collision,,,,,,,,,,,1,2,1,8.0,6.0
201100059590,0011-01-28 12:00:00,11,1,28,12,0,750,110,"72, RUE LOUIS BLANC",,,Plein jour,En agglomération,Hors intersection,Normale,Deux véhicules - côté,,,,,,,,,,,1,2,1,1.0,3.0
201100059591,0011-02-01 20:35:00,11,2,1,20,35,750,110,"28, RUE RENE BOULANGER",,,Nuit avec éclairage allumé,En agglomération,Hors intersection,Pluie légère,Deux véhicules - côté,,,,,,,,,,,5,2,1,2.0,3.0
201100059592,0011-02-02 14:30:00,11,2,2,14,30,750,110,"1, PLACE DE LA BATAILLE",,,Plein jour,En agglomération,Hors intersection,Normale,Sans collision,,,,,,,,,,,1,2,1,1.0,7.0
201100059593,0011-02-03 06:05:00,11,2,3,6,5,750,110,"151, BOULEVARD DE MAGENT",,,Nuit avec éclairage allumé,En agglomération,Hors intersection,Pluie légère,Autre collision,,,,,,,,,,,5,2,1,2.0,6.0
201100059594,0011-02-04 15:45:00,11,2,4,15,45,750,110,"69, BOULEVARD DE STRASBO",,,Plein jour,En agglomération,Intersection à plus de 4 branches,Normale,Deux véhicules - côté,,,,,,,,,,,1,2,5,1.0,3.0
201100059595,0011-02-07 15:35:00,11,2,7,15,35,750,110,"40, BOULEVARD DE STRASBO",,,Crépuscule ou aube,En agglomération,Hors intersection,Normale,Autre collision,,,,,,,,,,,2,2,1,1.0,6.0
201100059596,0011-02-08 09:55:00,11,2,8,9,55,750,110,"01, PLACE DE LA BATAILLE",,,Plein jour,En agglomération,Place,Temps couvert,Sans collision,,,,,,,,,,,1,2,7,8.0,7.0
201100059597,0011-02-09 17:30:00,11,2,9,17,30,750,110,"96, RUE D HAUTEVILLE",,,Plein jour,En agglomération,Hors intersection,Normale,Deux véhicules - côté,,,,,,,,,,,1,2,1,1.0,3.0
201100059598,0011-02-09 18:25:00,11,2,9,18,25,750,110,"143, RUE LA FAYETTE",,,Nuit avec éclairage allumé,En agglomération,Intersection en X,Normale,Autre collision,,,,,,,,,,,5,2,2,1.0,6.0
201100059599,0011-02-11 13:15:00,11,2,11,13,15,750,110,"52, RUE DES PETITES ECUR",,,Plein jour,En agglomération,Hors intersection,Normale,Sans collision,,,,,,,,,,,1,2,1,1.0,7.0
201100059600,0011-02-12 11:10:00,11,2,12,11,10,750,110,"23, RUE LOUIS BLANC",,,Plein jour,En agglomération,Intersection en X,Normale,Autre collision,,,,,,,,,,,1,2,2,1.0,6.0
201100059601,0011-02-12 17:55:00,11,2,12,17,55,750,110,BOULEVARD DE LA CHAPELLE,,,Nuit avec éclairage allumé,En agglomération,Intersection en T,Pluie légère,Deux véhicules - côté,,,,,,,,,,,5,2,3,2.0,3.0
201100059602,0011-02-14 13:40:00,11,2,14,13,40,750,110,"1, BOULEVARD DE MAGENTA",,,Plein jour,En agglomération,Intersection à plus de 4 branches,Normale,Deux véhicules - côté,,,,,,,,,,,1,2,5,1.0,3.0
201100059603,0011-02-14 17:20:00,11,2,14,17,20,750,110,"12, RUE PERDONNET",,,Plein jour,En agglomération,Hors intersection,Normale,Autre collision,,,,,,,,,,,1,2,1,1.0,6.0
201100059604,0011-02-14 19:50:00,11,2,14,19,50,750,110,"99, BOULEVARD DE MAGENTA",,,Nuit avec éclairage allumé,En agglomération,Intersection à plus de 4 branches,Normale,Deux véhicules - côté,,,,,,,,,,,5,2,5,1.0,3.0
201100059605,0011-02-16 08:50:00,11,2,16,8,50,750,110,"19, RUE RENE BOULANGER",,,Plein jour,En agglomération,Intersection en T,Normale,Deux véhicules - côté,,,,,,,,,,,1,2,3,1.0,3.0
201100059606,0011-02-16 14:44:00,11,2,16,14,44,750,110,"223, RUE LA FAYETTE",,,Plein jour,En agglomération,Intersection en X,Normale,Deux véhicules - frontale,,,,,,,,,,,1,2,2,1.0,1.0
201100059607,0011-02-18 16:30:00,11,2,18,16,30,750,110,"36, BOULEVARD DE STRASBO",,,Plein jour,En agglomération,Hors intersection,Normale,Autre collision,,,,,,,,,,,1,2,1,1.0,6.0
201100059608,0011-02-19 18:40:00,11,2,19,18,40,750,110,"71, BOULEVARD DE LA VILL",,,Nuit avec éclairage allumé,En agglomération,Hors intersection,Pluie légère,Autre collision,,,,,,,,,,,5,2,1,2.0,6.0
201100059609,0011-02-20 01:25:00,11,2,20,1,25,750,110,"19, RUE DU FAUBOURG DU T",,,Nuit avec éclairage allumé,En agglomération,Hors intersection,Normale,Autre collision,,,,,,,,,,,5,2,1,1.0,6.0
201100059610,0011-02-26 13:35:00,11,2,26,13,35,750,110,"86, RUE DE L AQUEDUC",,,Plein jour,En agglomération,Intersection à plus de 4 branches,Normale,Trois véhicules et plus - en chaîne,,,,,,,,,,,1,2,5,1.0,4.0
201100059611,0011-02-26 14:35:00,11,2,26,14,35,750,110,"158, RUE LA FAYETTE",,,Plein jour,En agglomération,Intersection en X,Normale,Deux véhicules - côté,,,,,,,,,,,1,2,2,1.0,3.0
201100059612,0011-02-26 20:00:00,11,2,26,20,0,750,110,"11, PLACE DU COLONEL FAB",,,Nuit avec éclairage allumé,En agglomération,Intersection à plus de 4 branches,Pluie légère,Sans collision,,,,,,,,,,,5,2,5,2.0,7.0