accident_id,datetime,annee,mois,jour,heure,minute,departement,commune_insee,adresse,latitude,longitude,luminosite,agglomeration,intersection,meteo,collision,nb_vehicules,nb_usagers,nb_indemnes,nb_tues,nb_blesses_hosp,nb_blesses_legers,age_cond_1,age_cond_2,veh_type_cond_1,veh_type_cond_2,lum_code,agg_code,int_code,atm_code,col_code
201100059613,0011-03-02 12:40:00,11,3,2,12,40,750,110,"106, RUE DU FAUBOURG POI",48.8787,2.34921,Plein jour,En agglomération,Hors intersection,Normale,Autre collision,,,,,,,,,,,1,2,1,1.0,6.0
201100059614,0011-02-26 05:10:00,11,2,26,5,10,750,110,"45, RUE D HAUTEVILLE",,,Crépuscule ou aube,En agglomération,Hors intersection,Normale,Sans collision,,,,,,,,,,,2,2,1,1.0,7.0
201100059615,0011-03-03 14:50:00,11,3,3,14,50,750,110,"16, BOULEVARD DE STRASBO",,,Plein jour,En agglomération,Hors intersection,Normale,Autre collision,,,,,,,,,,,1,2,1,1.0,6.0
201100059616,0011-03-03 18:40:00,11,3,3,18,40,750,110,"94, RUE LA FAYETTE",,,Crépuscule ou aube,En agglomération,Intersection en X,Normale,Autre collision,,,,,,,,,,,2,2,2,1.0,6.0
201100059617,0011-03-04 18:30:00,11,3,4,18,30,750,110,"87, BOULEVARD DE MAGENTA",,,Nuit avec éclairage allumé,En agglomération,Intersection en X,Normale,Deux véhicules - côté,,,,,,,,,,,5,2,2,1.0,3.0
201100059618,0011-03-04 22:30:00,11,3,4,22,30,750,103,BOULEVARD DE SEBASTOPOL,,,Nuit avec éclairage allumé,En agglomération,Intersection en X,Normale,Deux véhicules - côté,,,,,,,,,,,5,2,2,1.0,3.0
201100059619,0011-03-05 18:20:00,11,3,5,18,20,750,110,"50, RUE DU FAUBOURG SAIN",,,Crépuscule ou aube,En agglomération,Hors intersection,Normale,Autre collision,,,,,,,,,,,2,2,1,1.0,6.0
201100059620,0011-03-06 11:25:00,11,3,6,11,25,750,110,"1, BOULEVARD DE MAGENTA",,,Plein jour,En agglomération,Hors intersection,Normale,Autre collision,,,,,,,,,,,1,2,1,1.0,6.0
201100059621,0011-03-06 16:50:00,11,3,6,16,50,750,110,"16, PLACE DE LA REPUBLIQ",,,Plein jour,En agglomération,Hors intersection,Normale,Autre collision,,,,,,,,,,,1,2,1,1.0,6.0
201100059622,0011-03-08 11:30:00,11,3,8,11,30,750,110,"46, RUE DU FAUBOURG POIS",,,Plein jour,En agglomération,Intersection en X,Normale,Deux véhicules - côté,,,,,,,,,,,1,2,2,1.0,3.0
201100059623,0011-03-09 12:50:00,11,3,9,12,50,750,110,"41-47, RUE DE LA GRANGE",,,Plein jour,En agglomération,Intersection en X,Normale,Deux véhicules - côté,,,,,,,,,,,1,2,2,1.0,3.0
201100059624,0011-03-09 15:30:00,11,3,9,15,30,750,110,"17, RUE DE LANCRY",,,Plein jour,En agglomération,Hors intersection,Normale,Autre collision,,,,,,,,,,,1,2,1,1.0,6.0
201100059625,0011-03-11 09:00:00,11,3,11,9,0,750,110,"87, BOULEVARD DE MAGENTA",,,Plein jour,En agglomération,Hors intersection,Normale,Autre collision,,,,,,,,,,,1,2,1,1.0,6.0
201100059626,0011-03-12 17:00:00,11,3,12,17,0,750,110,"110, RUE DU FAUBOURG SAI",,,Plein jour,En agglomération,Intersection en T,Pluie légère,Sans collision,,,,,,,,,,,1,2,3,2.0,7.0
201100059627,0011-03-14 20:45:00,11,3,14,20,45,750,110,"1, AVENUE CLAUDE VELLEFA",,,Nuit avec éclairage allumé,En agglomération,Hors intersection,Normale,Deux véhicules - frontale,,,,,,,,,,,5,2,1,1.0,1.0
201100059628,0011-03-16 18:55:00,11,3,16,18,55,750,110,"23, BOULEVARD DE MAGENTA",,,Crépuscule ou aube,En agglomération,Hors intersection,Normale,Sans collision,,,,,,,,,,,2,2,1,1.0,7.0
201100059629,0011-03-17 09:45:00,11,3,17,9,45,750,110,"54, BOULEVARD DE MAGENTA",,,Plein jour,En agglomération,Intersection en T,Normale,Autre collision,,,,,,,,,,,1,2,3,1.0,6.0
201100059630,0011-03-17 09:15:00,11,3,17,9,15,750,110,"186, RUE DU FAUBOURG SAI",,,Plein jour,En agglomération,Hors intersection,Normale,Autre collision,,,,,,,,,,,1,2,1,1.0,6.0
201100059631,0011-03-17 11:55:00,11,3,17,11,55,750,110,"85, BOULEVARD DE MAGENTA",,,Plein jour,En agglomération,Intersection en X,Normale,Sans collision,,,,,,,,,,,1,2,2,1.0,7.0
201100059632,0011-03-17 19:45:00,11,3,17,19,45,750,110,"56, QUAI DE JEMMAPES",,,Crépuscule ou aube,En agglomération,Hors intersection,Normale,Deux véhicules - côté,,,,,,,,,,,2,2,1,1.0,3.0
201100059633,0011-03-18 09:10:00,11,3,18,9,10,750,110,"42, BOULEVARD DE MAGENTA",,,Plein jour,En agglomération,Hors intersection,Normale,Autre collision,,,,,,,,,,,1,2,1,1.0,6.0
201100059634,0011-03-18 15:00:00,11,3,18,15,0,750,110,"56, RUE D HAUTEVILLE",,,Plein jour,En agglomération,Hors intersection,Normale,Autre collision,,,,,,,,,,,1,2,1,1.0,6.0
201100059635,0011-03-19 00:05:00,11,3,19,0,5,750,110,"02, BOULEVARD DE MAGENTA",,,Nuit avec éclairage allumé,En agglomération,Intersection en X,Pluie légère,Autre collision,,,,,,,,,,,5,2,2,2.0,6.0
201100059636,0011-03-21 11:50:00,11,3,21,11,50,750,110,"31, RUE DU FAUBOURG SAIN",,,Plein jour,En agglomération,Hors intersection,Normale,Deux véhicules - côté,,,,,,,,,,,1,2,1,1.0,3.0
201100059637,0011-03-21 12:15:00,11,3,21,12,15,750,110,"47, BOULEVARD DE STRASBO",,,Plein jour,En agglomération,Intersection en X,Normale,Autre collision,,,,,,,,,,,1,2,2,1.0,6.0
201100059638,0011-03-21 21:00:00,11,3,21,21,0,750,110,"05, BOULEVARD DE MAGENTA",,,Nuit avec éclairage allumé,En agglomération,Hors intersection,Normale,Deux véhicules - côté,,,,,,,,,,,5,2,1,1.0,3.0
201100059639,0011-03-22 18:30:00,11,3,22,18,30,750,110,"142, BOULEVARD DE MAGENT",,,Plein jour,En agglomération,Hors intersection,Normale,Autre collision,,,,,,,,,,,1,2,1,1.0,6.0
201100059640,0011-03-22 20:00:00,11,3,22,20,0,750,110,BOULEVARD DE BONNE NOUVE,,,Nuit avec éclairage allumé,En agglomération,Intersection en T,Normale,Deux véhicules - côté,,,,,,,,,,,5,2,3,1.0,3.0
201100059641,0011-03-24 17:50:00,11,3,24,17,50,750,110,"54, RUE DU FAUBOURG POIS",,,Plein jour,En agglomération,Hors intersection,Normale,Autre collision,,,,,,,,,,,1,2,1,1.0,6.0
201100059642,0011-03-24 19:35:00,11,3,24,19,35,750,110,"228, RUE DU FAUBOURG SAI",,,Nuit avec éclairage allumé,En agglomération,Hors intersection,Normale,Autre collision,,,,,,,,,,,5,2,1,1.0,6.0
201100059643,0011-03-24 22:20:00,11,3,24,22,20,750,110,"212, RUE DU FAUBOURG SAI",,,Nuit avec éclairage allumé,En agglomération,Hors intersection,Normale,Autre collision,,,,,,,,,,,5,2,1,1.0,6.0
201100059644,0011-03-25 09:50:00,11,3,25,9,50,750,110,"214, RUE DU FAUBOURG SAI",,,Plein jour,En agglomération,Hors intersection,Normale,Autre collision,,,,,,,,,,,1,2,1,1.0,6.0
201100059645,0011-03-25 09:35:00,11,3,25,9,35,750,110,RUE DU FAUBOURG DU TEMPL,,,Plein jour,En agglomération,Hors intersection,Normale,Deux véhicules - côté,,,,,,,,,,,1,2,1,1.0,3.0
201100059646,0011-03-25 11:05:00,11,3,25,11,5,750,110,"face au 17, BOULEVARD SA",,,Plein jour,En agglomération,Hors intersection,Normale,Autre collision,,,,,,,,,,,1,2,1,1.0,6.0
201100059647,0011-03-26 23:00:00,11,3,26,23,0,750,110,"202, RUE DU FAUBOURG SAI",,,Nuit avec éclairage allumé,En agglomération,Hors intersection,Normale,Autre collision,,,,,,,,,,,5,2,1,1.0,6.0
201100059648,0011-03-26 02:25:00,11,3,26,2,25,750,110,"45, BOULEVARD DE STRASBO",,,Nuit avec éclairage allumé,En agglomération,Intersection en X,Normale,Deux véhicules - arrière,,,,,,,,,,,5,2,2,1.0,2.0
201100059649,0011-03-29 20:45:00,11,3,29,20,45,750,110,"9, BOULEVARD DE LA VILLE",,,Nuit avec éclairage allumé,En agglomération,Hors intersection,Pluie légère,Sans collision,,,,,,,,,,,5,2,1,2.0,7.0
201100059650,0011-03-31 15:00:00,11,3,31,15,0,750,110,"90, BOULEVARD DE MAGENTA",,,Plein jour,En agglomération,Hors intersection,Normale,Autre collision,,,,,,,,,,,1,2,1,1.0,6.0
201100059651,0011-03-31 20:50:00,11,3,31,20,50,750,110,"168, RUE LA FAYETTE",,,Nuit avec éclairage allumé,En agglomération,Intersection en T,Normale,Deux véhicules - côté,,,,,,,,,,,5,2,3,1.0,3.0
201100059652,0011-04-01 02:20:00,11,4,1,2,20,750,110,"2, RUE DU CHATEAU LANDON",,,Nuit avec éclairage allumé,En agglomération,Intersection en Y,Normale,Autre collision,,,,,,,,,,,5,2,4,1.0,6.0
201100059653,0011-04-01 09:10:00,11,4,1,9,10,750,110,"53, BOULEVARD DE MAGENTA",,,Plein jour,En agglomération,Intersection à plus de 4 branches,Normale,Autre collision,,,,,,,,,,,1,2,5,1.0,6.0
201100059654,0011-04-02 02:30:00,11,4,2,2,30,750,110,"27, RUE DU FAUBOURG DU T",,,Nuit avec éclairage allumé,En agglomération,Intersection en X,Normale,Deux véhicules - côté,,,,,,,,,,,5,2,2,1.0,3.0
201100059655,0011-04-02 03:30:00,11,4,2,3,30,750,110,"72, BOULEVARD DE STRASBO",,,Nuit avec éclairage allumé,En agglomération,Intersection en X,Normale,Deux véhicules - côté,,,,,,,,,,,5,2,2,1.0,3.0
201100059656,0011-04-03 22:40:00,11,4,3,22,40,750,110,"158, RUE LA FAYETTE",,,Nuit avec éclairage allumé,En agglomération,Intersection en X,Normale,Deux véhicules - côté,,,,,,,,,,,5,2,2,1.0,3.0
201100059657,0011-04-05 16:55:00,11,4,5,16,55,750,110,"137, AVENUE PARMENTIER",,,Plein jour,En agglomération,Hors intersection,Pluie légère,Trois véhicules et plus - en chaîne,,,,,,,,,,,1,2,1,2.0,4.0
201100059658,0011-04-08 15:05:00,11,4,8,15,5,750,110,"189, RUE DU FAUBOURG SAI",,,Plein jour,En agglomération,Intersection en T,Normale,Deux véhicules - côté,,,,,,,,,,,1,2,3,1.0,3.0
201100059659,0011-04-08 17:25:00,11,4,8,17,25,750,110,"27, AVENUE CLAUDE VELLEF",,,Plein jour,En agglomération,Intersection en X,Normale,Deux véhicules - côté,,,,,,,,,,,1,2,2,1.0,3.0
201100059660,0011-04-08 22:00:00,11,4,8,22,0,750,110,"135, BOULEVARD DE LA VIL",,,Nuit avec éclairage allumé,En agglomération,Hors intersection,Normale,Autre collision,,,,,,,,,,,5,2,1,1.0,6.0
201100059661,0011-04-10 00:50:00,11,4,10,0,50,750,110,"01, BOULEVARD DE STRASBO",,,Nuit avec éclairage allumé,En agglomération,Intersection en X,Normale,Deux véhicules - côté,,,,,,,,,,,5,2,2,1.0,3.0
201100059662,0011-04-12 13:25:00,11,4,12,13,25,750,110,"202, RUE LA FAYETTE",,,Plein jour,En agglomération,Intersection en X,Normale,Autre collision,,,,,,,,,,,1,2,2,1.0,6.0
201100059663,0011-04-12 18:00:00,11,4,12,18,0,750,110,"51, BOULEVARD DE LA CHAP",,,Plein jour,En agglomération,Hors intersection,Normale,Autre collision,,,,,,,,,,,1,2,1,1.0,6.0
201100059664,0011-04-16 13:50:00,11,4,16,13,50,750,110,"113, BOULEVARD DE MAGENT",,,Plein jour,En agglomération,Intersection en X,Normale,Autre collision,,,,,,,,,,,1,2,2,1.0,6.0
201100059665,0011-04-17 01:00:00,11,4,17,1,0,750,110,"118, RUE LA FAYETTE",,,Nuit avec éclairage allumé,En agglomération,Place,Normale,Deux véhicules - frontale,,,,,,,,,,,5,2,7,1.0,1.0
201100059666,0011-04-17 17:10:00,11,4,17,17,10,750,110,"62, BOULEVARD DE STRASBO",,,Plein jour,En agglomération,Hors intersection,Normale,Autre collision,,,,,,,,,,,1,2,1,1.0,6.0
201100059667,0011-04-18 16:30:00,11,4,18,16,30,750,110,"100, RUE DU FAUBOURG SAI",,,Plein jour,En agglomération,Intersection en T,Normale,Autre collision,,,,,,,,,,,1,2,3,1.0,6.0
201100059668,0011-04-20 18:50:00,11,4,20,18,50,750,110,"0, BOULEVARD DE MAGENTA",,,Plein jour,En agglomération,Intersection à plus de 4 branches,Normale,Sans collision,,,,,,,,,,,1,2,5,1.0,7.0
201100059669,0011-04-22 11:05:00,11,4,22,11,5,750,110,"23, BOULEVARD SAINT MART",,,Plein jour,En agglomération,Hors intersection,Normale,Trois véhicules et plus - en chaîne,,,,,,,,,,,1,2,1,1.0,4.0
201100059670,0011-04-22 15:20:00,11,4,22,15,20,750,110,"223, RUE LA FAYETTE",,,Plein jour,En agglomération,Intersection en X,Temps éblouissant,Deux véhicules - côté,,,,,,,,,,,1,2,2,7.0,3.0
201100059671,0011-04-25 12:25:00,11,4,25,12,25,750,110,"03, BOULEVARD DE LA VILL",,,Plein jour,En agglomération,Hors intersection,Normale,Autre collision,,,,,,,,,,,1,2,1,1.0,6.0
201100059672,0011-04-29 14:40:00,11,4,29,14,40,750,110,"103, BOULEVARD DE LA VIL",,,Plein jour,En agglomération,Intersection à plus de 4 branches,Pluie légère,Autre collision,,,,,,,,,,,1,2,5,2.0,6.0
201100059673,0011-04-30 14:20:00,11,4,30,14,20,750,110,"151, BOULEVARD DE MAGENT",,,Plein jour,En agglomération,Hors intersection,Normale,Autre collision,,,,,,,,,,,1,2,1,1.0,6.0
201100059674,0011-05-02 14:00:00,11,5,2,14,0,750,110,"139, BOULEVARD DE MAGENT",,,Plein jour,En agglomération,Hors intersection,Pluie légère,Autre collision,,,,,,,,,,,1,2,1,2.0,6.0
201100059675,0011-05-03 01:35:00,11,5,3,1,35,750,110,"15, BOULEVARD DE MAGENTA",,,Nuit avec éclairage allumé,En agglomération,Hors intersection,Normale,Autre collision,,,,,,,,,,,5,2,1,1.0,6.0
201100059676,0011-05-04 08:55:00,11,5,4,8,55,750,110,"184, RUE DU FAUBOURG SAI",,,Plein jour,En agglomération,Hors intersection,Normale,Deux véhicules - côté,,,,,,,,,,,1,2,1,1.0,3.0
201100059677,0011-05-05 14:25:00,11,5,5,14,25,750,110,"13, RUE LOUIS BLANC",,,Plein jour,En agglomération,Hors intersection,Normale,Deux véhicules - côté,,,,,,,,,,,1,2,1,1.0,3.0
201100059678,0011-05-06 14:35:00,11,5,6,14,35,750,110,"200, RUE DU FAUBOURG SAI",,,Plein jour,En agglomération,Intersection en T,Normale,Deux véhicules - côté,,,,,,,,,,,1,2,3,1.0,3.0
201100059679,0011-05-06 19:05:00,11,5,6,19,5,750,110,"267, RUE DU FAUBOURG SAI",,,Plein jour,En agglomération,Intersection à plus de 4 branches,Normale,Sans collision,,,,,,,,,,,1,2,5,1.0,7.0
201100059680,0011-05-07 05:45:00,11,5,7,5,45,750,110,"88, BOULEVARD DE MAGENTA",,,Nuit avec éclairage allumé,En agglomération,Hors intersection,Normale,Autre collision,,,,,,,,,,,5,2,1,1.0,6.0
201100059681,0011-05-09 12:00:00,11,5,9,12,0,750,110,"39, RUE DU FAUBOURG SAIN",,,Plein jour,En agglomération,Hors intersection,Normale,Deux véhicules - côté,,,,,,,,,,,1,2,1,1.0,3.0
201100059682,0011-05-11 09:15:00,11,5,11,9,15,750,110,"20, RUE ALIBERT",,,Plein jour,En agglomération,Intersection à plus de 4 branches,Normale,Deux véhicules - côté,,,,,,,,,,,1,2,5,1.0,3.0
201100059683,0011-05-12 01:35:00,11,5,12,1,35,750,110,"68, BOULEVARD DE MAGENTA",,,Nuit avec éclairage allumé,En agglomération,Intersection à plus de 4 branches,Normale,Deux véhicules - côté,,,,,,,,,,,5,2,5,1.0,3.0
201100059684,0011-05-12 17:20:00,11,5,12,17,20,750,110,"103, BOULEVARD DE LA VIL",,,Plein jour,En agglomération,Hors intersection,Normale,Deux véhicules - côté,,,,,,,,,,,1,2,1,1.0,3.0
201100059685,0011-05-14 15:40:00,11,5,14,15,40,750,110,"2, RUE SIBOUR",,,Plein jour,En agglomération,Hors intersection,Normale,Deux véhicules - arrière,,,,,,,,,,,1,2,1,1.0,2.0
201100059686,0011-05-14 18:50:00,11,5,14,18,50,750,110,"184, RUE DU FAUBOURG SAI",,,Plein jour,En agglomération,Intersection en T,Normale,Deux véhicules - côté,,,,,,,,,,,1,2,3,1.0,3.0
201100059687,0011-05-15 17:30:00,11,5,15,17,30,750,110,"6, RUE DU HUIT MAI 1945",,,Plein jour,En agglomération,Intersection en T,Normale,Sans collision,,,,,,,,,,,1,2,3,1.0,7.0
201100059688,0011-05-16 19:20:00,11,5,16,19,20,750,110,"12, RUE ALEXANDRE PARODI",,,Plein jour,En agglomération,Intersection en T,Normale,Deux véhicules - côté,,,,,,,,,,,1,2,3,1.0,3.0
201100059689,0011-05-17 09:30:00,11,5,17,9,30,750,110,"31, BOULEVARD DE MAGENTA",,,Plein jour,En agglomération,Intersection à plus de 4 branches,Normale,Deux véhicules - côté,,,,,,,,,,,1,2,5,1.0,3.0
201100059690,0011-05-17 11:30:00,11,5,17,11,30,750,110,"33, RUE LOUIS BLANC",,,Plein jour,En agglomération,Hors intersection,Normale,Deux véhicules - côté,,,,,,,,,,,1,2,1,1.0,3.0
201100059691,0011-05-17 18:15:00,11,5,17,18,15,750,110,"58, AVENUE CLAUDE VELLEF",,,Plein jour,En agglomération,Intersection en X,Normale,Deux véhicules - côté,,,,,,,,,,,1,2,2,1.0,3.0
201100059692,0011-05-18 12:15:00,11,5,18,12,15,750,110,"77, BOULEVARD DE MAGENTA",,,Plein jour,En agglomération,Intersection à plus de 4 branches,Normale,Deux véhicules - côté,,,,,,,,,,,1,2,5,1.0,3.0
201100059693,0011-05-19 06:55:00,11,5,19,6,55,750,110,"167, QUAI DE VALMY",,,Plein jour,En agglomération,Intersection en T,Normale,Sans collision,,,,,,,,,,,1,2,3,1.0,7.0
201100059694,0011-05-20 01:05:00,11,5,20,1,5,750,110,QUAI DE VALMY,,,Nuit avec éclairage allumé,En agglomération,Intersection en T,Normale,Deux véhicules - côté,,,,,,,,,,,5,2,3,1.0,3.0
201100059695,0011-05-23 02:30:00,11,5,23,2,30,750,110,"17, BOULEVARD DE LA VILL",,,Nuit avec éclairage allumé,En agglomération,Hors intersection,Normale,Autre collision,,,,,,,,,,,5,2,1,1.0,6.0
201100059696,0011-05-23 09:25:00,11,5,23,9,25,750,110,"17, RUE DU FAUBOURG SAIN",,,Plein jour,En agglomération,Hors intersection,Normale,Autre collision,,,,,,,,,,,1,2,1,1.0,6.0
201100059697,0011-05-27 14:30:00,11,5,27,14,30,750,110,BOULEVARD DE MAGENTA,,,Plein jour,En agglomération,Intersection à plus de 4 branches,Normale,Deux véhicules - côté,,,,,,,,,,,1,2,5,1.0,3.0
201100059698,0011-05-28 15:35:00,11,5,28,15,35,750,110,"1, AVENUE CLAUDE VELLEFA",,,Plein jour,En agglomération,Hors intersection,Normale,Sans collision,,,,,,,,,,,1,2,1,1.0,7.0
201100059699,0011-05-31 12:15:00,11,5,31,12,15,750,110,"221, RUE LA FAYETTE",,,Plein jour,En agglomération,Intersection en X,Normale,Deux véhicules - frontale,,,,,,,,,,,1,2,2,1.0,1.0
201100059700,0011-05-31 14:35:00,11,5,31,14,35,750,110,"55, BOULEVARD DE STRASBO",,,Plein jour,En agglomération,Hors intersection,Normale,Autre collision,,,,,,,,,,,1,2,1,1.0,6.0
201100059701,0011-06-01 15:00:00,11,6,1,15,0,750,110,"53, BOULEVARD DE LA VILL",,,Plein jour,En agglomération,Hors intersection,Normale,Deux véhicules - côté,,,,,,,,,,,1,2,1,1.0,3.0
201100059702,0011-06-01 18:20:00,11,6,1,18,20,750,110,"30, BOULEVARD DE MAGENTA",,,Plein jour,En agglomération,Intersection à plus de 4 branches,Normale,Sans collision,,,,,,,,,,,1,2,5,1.0,7.0
201100059703,0011-06-02 17:05:00,11,6,2,17,5,750,110,BOULEVARD DE MAGENTA,,,Plein jour,En agglomération,Intersection en T,Normale,Deux véhicules - frontale,,,,,,,,,,,1,2,3,1.0,1.0
201100059704,0011-06-02 20:00:00,11,6,2,20,0,750,110,"23, RUE BEAUREPAIRE",,,Plein jour,En agglomération,Hors intersection,Normale,Deux véhicules - arrière,,,,,,,,,,,1,2,1,1.0,2.0
201100059705,0011-06-04 12:30:00,11,6,4,12,30,750,110,"1, RUE DIEU",,,Plein jour,En agglomération,Intersection à plus de 4 branches,Normale,Autre collision,,,,,,,,,,,1,2,5,1.0,6.0
201100059706,0011-06-04 15:50:00,11,6,4,15,50,750,110,"21, BOULEVARD DE LA CHAP",,,Plein jour,En agglomération,Intersection à plus de 4 branches,Normale,Deux véhicules - côté,,,,,,,,,,,1,2,5,1.0,3.0
201100059707,0011-06-05 00:40:00,11,6,5,0,40,750,110,"119, BOULEVARD DE MAGENT",,,Nuit avec éclairage allumé,En agglomération,Hors intersection,Pluie forte,Autre collision,,,,,,,,,,,5,2,1,3.0,6.0
201100059708,0011-06-10 14:15:00,11,6,10,14,15,750,110,"12, PLACE DE LA REPUBLIQ",,,Plein jour,En agglomération,Place,Pluie forte,Sans collision,,,,,,,,,,,1,2,7,3.0,7.0
201100059709,0011-06-10 23:30:00,11,6,10,23,30,750,110,"39, RUE DE LA GRANGE AUX",,,Nuit avec éclairage allumé,En agglomération,Hors intersection,Normale,Deux véhicules - côté,,,,,,,,,,,5,2,1,1.0,3.0
201100059710,0011-06-11 19:45:00,11,6,11,19,45,750,110,"16, BOULEVARD SAINT DENI",,,Plein jour,En agglomération,Intersection en X,Normale,Autre collision,,,,,,,,,,,1,2,2,1.0,6.0
201100059711,0011-06-12 19:20:00,11,6,12,19,20,750,110,"37, RUE DE SAINT QUENTIN",,,Crépuscule ou aube,En agglomération,Intersection à plus de 4 branches,Pluie légère,Autre collision,,,,,,,,,,,2,2,5,2.0,6.0
201100059712,0011-06-14 20:05:00,11,6,14,20,5,750,110,"70, BOULEVARD DE STRASBO",,,Plein jour,En agglomération,Intersection à plus de 4 branches,Normale,Deux véhicules - côté,,,,,,,,,,,1,2,5,1.0,3.0
201100059713,0011-06-15 12:45:00,11,6,15,12,45,750,110,"70, RUE DU FAUBOURG SAIN",,,Plein jour,En agglomération,Intersection en X,Normale,Deux véhicules - côté,,,,,,,,,,,1,2,2,1.0,3.0
201100059714,0011-06-15 23:00:00,11,6,15,23,0,750,110,"63, BOULEVARD DE LA VILL",,,Nuit avec éclairage allumé,En agglomération,Intersection en Y,Normale,Autre collision,,,,,,,,,,,5,2,4,1.0,6.0
201100059715,0011-06-16 14:45:00,11,6,16,14,45,750,110,"02, RUE DU HUIT MAI 1945",,,Plein jour,En agglomération,Hors intersection,Normale,Autre collision,,,,,,,,,,,1,2,1,1.0,6.0
201100059716,0011-06-17 13:05:00,11,6,17,13,5,750,110,"17, RUE EUGENE VARLIN",,,Plein jour,En agglomération,Hors intersection,Normale,Deux véhicules - arrière,,,,,,,,,,,1,2,1,1.0,2.0
201100059717,0011-06-18 13:10:00,11,6,18,13,10,750,110,"3, PLACE DE LA BATAILLE",,,Plein jour,En agglomération,Hors intersection,Pluie légère,Deux véhicules - arrière,,,,,,,,,,,1,2,1,2.0,2.0
201100059718,0011-06-18 18:55:00,11,6,18,18,55,750,110,"14, PLACE DE LA REPUBLIQ",,,Plein jour,En agglomération,Place,Normale,Deux véhicules - arrière,,,,,,,,,,,1,2,7,1.0,2.0
201100059719,0011-06-20 01:50:00,11,6,20,1,50,750,110,"13, BOULEVARD DE MAGENTA",,,Nuit avec éclairage allumé,En agglomération,Hors intersection,Pluie forte,Autre collision,,,,,,,,,,,5,2,1,3.0,6.0
201100059720,0011-06-20 07:50:00,11,6,20,7,50,750,110,"150, BOULEVARD DE MAGENT",,,Plein jour,En agglomération,Hors intersection,Pluie légère,Autre collision,,,,,,,,,,,1,2,1,2.0,6.0
201100059721,0011-06-20 09:15:00,11,6,20,9,15,750,110,"164, AVENUE PARMENTIER",,,Plein jour,En agglomération,Intersection en X,Pluie légère,Autre collision,,,,,,,,,,,1,2,2,2.0,6.0
201100059722,0011-06-20 17:30:00,11,6,20,17,30,750,110,"14, RUE DU CHALET",,,Plein jour,En agglomération,Intersection en T,Normale,Autre collision,,,,,,,,,,,1,2,3,1.0,6.0
201100059723,0011-06-24 09:30:00,11,6,24,9,30,750,110,"77, BOULEVARD DE MAGENTA",,,Plein jour,En agglomération,Intersection en X,Normale,Deux véhicules - côté,,,,,,,,,,,1,2,2,1.0,3.0
201100059724,0011-06-27 18:45:00,11,6,27,18,45,750,110,"138, RUE DU FAUBOURG SAI",,,Plein jour,En agglomération,Intersection en T,Normale,Deux véhicules - côté,,,,,,,,,,,1,2,3,1.0,3.0
201100059725,0011-06-28 10:35:00,11,6,28,10,35,750,110,"194, RUE DU FAUBOURG SAI",,,Plein jour,En agglomération,Intersection en Y,Normale,Deux véhicules - arrière,,,,,,,,,,,1,2,4,1.0,2.0
201100059726,0011-06-30 09:20:00,11,6,30,9,20,750,110,"138, RUE LA FAYETTE",,,Plein jour,En agglomération,Intersection à plus de 4 branches,Normale,Autre collision,,,,,,,,,,,1,2,5,1.0,6.0
201100059727,0011-06-30 10:35:00,11,6,30,10,35,750,110,"214, RUE DU FAUBOURG SAI",,,Plein jour,En agglomération,Hors intersection,Normale,Deux véhicules - arrière,,,,,,,,,,,1,2,1,1.0,2.0
201100059728,0011-06-30 16:15:00,11,6,30,16,15,750,110,"158, BOULEVARD DE MAGENT",,,Plein jour,En agglomération,Hors intersection,Normale,Autre collision,,,,,,,,,,,1,2,1,1.0,6.0
201100059729,0011-07-03 14:18:00,11,7,3,14,18,750,110,"204, RUE DU FAUBOURG SAI",,,Plein jour,En agglomération,Hors intersection,Normale,Deux véhicules - côté,,,,,,,,,,,1,2,1,1.0,3.0
201100059730,0011-07-04 09:45:00,11,7,4,9,45,750,110,"53, BOULEVARD DE MAGENTA",,,Plein jour,En agglomération,Intersection en X,Normale,Autre collision,,,,,,,,,,,1,2,2,1.0,6.0
201100059731,0011-07-04 14:00:00,11,7,4,14,0,750,110,"31, RUE DES RECOLLETS",,,Plein jour,En agglomération,Intersection à plus de 4 branches,Normale,Autre collision,,,,,,,,,,,1,2,5,1.0,6.0
201100059732,0011-07-04 16:30:00,11,7,4,16,30,750,110,"25, RUE LOUIS BLANC",,,Plein jour,En agglomération,Hors intersection,Normale,Autre collision,,,,,,,,,,,1,2,1,1.0,6.0
201100059733,0011-07-04 15:50:00,11,7,4,15,50,750,110,"41, BOULEVARD DE STRASBO",,,Plein jour,En agglomération,Hors intersection,Normale,Deux véhicules - côté,,,,,,,,,,,1,2,1,1.0,3.0
201100059734,0011-07-05 12:45:00,11,7,5,12,45,750,110,"125, BOULEVARD DE MAGENT",,,Plein jour,En agglomération,Intersection en X,Normale,Autre collision,,,,,,,,,,,1,2,2,1.0,6.0
201100059735,0011-07-05 17:25:00,11,7,5,17,25,750,110,"147, RUE DU FAUBOURG SAI",,,Plein jour,En agglomération,Hors intersection,Normale,Sans collision,,,,,,,,,,,1,2,1,1.0,7.0
201100059736,0011-07-06 04:50:00,11,7,6,4,50,750,110,"13, RUE LOUIS BLANC",,,Nuit avec éclairage allumé,En agglomération,Hors intersection,Normale,Sans collision,,,,,,,,,,,5,2,1,1.0,7.0
201100059737,0011-07-07 12:40:00,11,7,7,12,40,750,110,"13, RUE DE CHABROL",,,Plein jour,En agglomération,Hors intersection,Normale,Sans collision,,,,,,,,,,,1,2,1,1.0,7.0