accident_id,datetime,annee,mois,jour,heure,minute,departement,commune_insee,adresse,latitude,longitude,luminosite,agglomeration,intersection,meteo,collision,nb_vehicules,nb_usagers,nb_indemnes,nb_tues,nb_blesses_hosp,nb_blesses_legers,age_cond_1,age_cond_2,veh_type_cond_1,veh_type_cond_2,lum_code,agg_code,int_code,atm_code,col_code
201100059738,0011-07-08 12:40:00,11,7,8,12,40,750,110,"121, BOULEVARD DE LA VIL",,,Plein jour,En agglomération,Hors intersection,Normale,Autre collision,,,,,,,,,,,1,2,1,1.0,6.0
201100059739,0011-07-08 16:30:00,11,7,8,16,30,750,110,"13, RUE DU CHATEAU LANDO",,,Plein jour,En agglomération,Intersection à plus de 4 branches,Normale,Autre collision,,,,,,,,,,,1,2,5,1.0,6.0
201100059740,0011-07-11 12:42:00,11,7,11,12,42,750,110,"61, BOULEVARD DE MAGENTA",,,Plein jour,En agglomération,Intersection en X,Normale,Deux véhicules - côté,,,,,,,,,,,1,2,2,1.0,3.0
201100059741,0011-07-12 08:40:00,11,7,12,8,40,750,110,"16, PLACE DE LA REPUBLIQ",,,Plein jour,En agglomération,Place,Normale,Deux véhicules - arrière,,,,,,,,,,,1,2,7,1.0,2.0
201100059742,0011-07-13 16:50:00,11,7,13,16,50,750,110,"112, BOULEVARD DE MAGENT",,,Plein jour,En agglomération,Intersection à plus de 4 branches,Normale,Deux véhicules - côté,,,,,,,,,,,1,2,5,1.0,3.0
201100059743,0011-07-17 00:01:00,11,7,17,0,1,750,110,RUE DU FAUBOURG SAINT DE,,,Nuit avec éclairage allumé,En agglomération,Intersection en X,Pluie légère,Deux véhicules - côté,,,,,,,,,,,5,2,2,2.0,3.0
201100059744,0011-07-18 09:25:00,11,7,18,9,25,750,103,"9, BOULEVARD SAINT DENIS",,,Plein jour,En agglomération,Intersection en X,Normale,Deux véhicules - arrière,,,,,,,,,,,1,2,2,1.0,2.0
201100059745,0011-07-18 20:10:00,11,7,18,20,10,750,110,"68, RUE DU FAUBOURG SAIN",,,Plein jour,En agglomération,Intersection en X,Normale,Deux véhicules - côté,,,,,,,,,,,1,2,2,1.0,3.0
201100059746,0011-07-20 11:15:00,11,7,20,11,15,750,110,"37, BOULEVARD DE LA VILL",,,Plein jour,En agglomération,Hors intersection,Temps couvert,Autre collision,,,,,,,,,,,1,2,1,8.0,6.0
201100059747,0011-07-21 00:15:00,11,7,21,0,15,750,110,"156, AVENUE PARMENTIER",,,Nuit avec éclairage allumé,En agglomération,Hors intersection,Pluie légère,Autre collision,,,,,,,,,,,5,2,1,2.0,6.0
201100059748,0011-07-21 20:00:00,11,7,21,20,0,750,110,"127, RUE LA FAYETTE",,,Plein jour,En agglomération,Intersection à plus de 4 branches,Temps couvert,Deux véhicules - côté,,,,,,,,,,,1,2,5,8.0,3.0
201100059749,0011-07-22 07:20:00,11,7,22,7,20,750,110,"18, BOULEVARD DE MAGENTA",,,Plein jour,En agglomération,Hors intersection,Normale,Autre collision,,,,,,,,,,,1,2,1,1.0,6.0
201100059750,0011-07-23 22:50:00,11,7,23,22,50,750,110,"49, BOULEVARD DE LA CHAP",,,Nuit sans éclairage public,En agglomération,Hors intersection,Normale,Deux véhicules - côté,,,,,,,,,,,3,2,1,1.0,3.0
201100059751,0011-07-27 17:50:00,11,7,27,17,50,750,110,"8, RUE PIERRE CHAUSSON",,,Plein jour,En agglomération,Intersection en T,Pluie légère,Autre collision,,,,,,,,,,,1,2,3,2.0,6.0
201100059752,0011-08-01 20:50:00,11,8,1,20,50,750,110,"90, BOULEVARD DE MAGENTA",,,Crépuscule ou aube,En agglomération,Hors intersection,Normale,Deux véhicules - côté,,,,,,,,,,,2,2,1,1.0,3.0
201100059753,0011-08-02 09:50:00,11,8,2,9,50,750,110,"06, BOULEVARD DE BONNE N",,,Plein jour,En agglomération,Intersection à plus de 4 branches,Normale,Autre collision,,,,,,,,,,,1,2,5,1.0,6.0
201100059754,0011-08-02 12:25:00,11,8,2,12,25,750,110,RUE D ENGHIEN,,,Plein jour,En agglomération,Intersection en T,Normale,Deux véhicules - arrière,,,,,,,,,,,1,2,3,1.0,2.0
201100059755,0011-08-03 22:25:00,11,8,3,22,25,750,110,"103, BOULEVARD DE MAGENT",,,Nuit avec éclairage allumé,En agglomération,Hors intersection,Normale,Autre collision,,,,,,,,,,,5,2,1,1.0,6.0
201100059756,0011-08-04 15:00:00,11,8,4,15,0,750,110,"61, RUE DU FAUBOURG SAIN",,,Plein jour,En agglomération,Intersection en X,Pluie légère,Autre collision,,,,,,,,,,,1,2,2,2.0,6.0
201100059757,0011-08-04 18:50:00,11,8,4,18,50,750,110,"41, RUE DU FAUBOURG SAIN",,,Plein jour,En agglomération,Intersection en T,Temps couvert,Autre collision,,,,,,,,,,,1,2,3,8.0,6.0
201100059758,0011-08-06 01:00:00,11,8,6,1,0,750,110,RUE DU HUIT MAI 1945,,,Nuit avec éclairage non allumé,En agglomération,Intersection en T,Temps couvert,Autre collision,,,,,,,,,,,4,2,3,8.0,6.0
201100059759,0011-08-07 18:55:00,11,8,7,18,55,750,110,"138, BOULEVARD DE MAGENT",,,Plein jour,En agglomération,Hors intersection,Temps couvert,Autre collision,,,,,,,,,,,1,2,1,8.0,6.0
201100059760,0011-08-07 21:55:00,11,8,7,21,55,750,110,"119, BOULEVARD DE MAGENT",,,Nuit avec éclairage allumé,En agglomération,Hors intersection,Pluie légère,Autre collision,,,,,,,,,,,5,2,1,2.0,6.0
201100059761,0011-08-07 23:15:00,11,8,7,23,15,750,110,"158, RUE LA FAYETTE",,,Nuit avec éclairage allumé,En agglomération,Intersection en X,Pluie légère,Deux véhicules - côté,,,,,,,,,,,5,2,2,2.0,3.0
201100059762,0011-08-09 18:50:00,11,8,9,18,50,750,110,"131, BOULEVARD DE LA VIL",,,Plein jour,En agglomération,Intersection en X,Normale,Autre collision,,,,,,,,,,,1,2,2,1.0,6.0
201100059763,0011-08-15 10:40:00,11,8,15,10,40,750,110,"15, BOULEVARD DE LA CHAP",,,Plein jour,En agglomération,Hors intersection,Normale,Autre collision,,,,,,,,,,,1,2,1,1.0,6.0
201100059764,0011-08-15 17:20:00,11,8,15,17,20,750,110,"9, RUE DU FAUBOURG SAINT",,,Plein jour,En agglomération,Hors intersection,Normale,Deux véhicules - côté,,,,,,,,,,,1,2,1,1.0,3.0
201100059765,0011-08-20 18:30:00,11,8,20,18,30,750,110,"16, PLACE DE LA REPUBLIQ",,,Plein jour,En agglomération,Place,Normale,Autre collision,,,,,,,,,,,1,2,7,1.0,6.0
201100059766,0011-08-21 00:45:00,11,8,21,0,45,750,110,"36, BOULEVARD DE MAGENTA",,,Nuit avec éclairage allumé,En agglomération,Hors intersection,Pluie légère,Autre collision,,,,,,,,,,,5,2,1,2.0,6.0
201100059767,0011-08-21 23:45:00,11,8,21,23,45,750,110,"88, BOULEVARD DE MAGENTA",,,Nuit avec éclairage allumé,En agglomération,Intersection en X,Normale,Autre collision,,,,,,,,,,,5,2,2,1.0,6.0
201100059768,0011-08-22 08:50:00,11,8,22,8,50,750,110,"44, BOULEVARD DE BONNE N",,,Plein jour,En agglomération,Intersection en X,Normale,Deux véhicules - côté,,,,,,,,,,,1,2,2,1.0,3.0
201100059769,0011-08-22 17:20:00,11,8,22,17,20,750,110,"193, RUE LA FAYETTE",,,Plein jour,En agglomération,Intersection à plus de 4 branches,Normale,Deux véhicules - côté,,,,,,,,,,,1,2,5,1.0,3.0
201100059770,0011-08-24 15:25:00,11,8,24,15,25,750,110,"43, BOULEVARD DE LA CHAP",,,Plein jour,En agglomération,Intersection en T,Normale,Autre collision,,,,,,,,,,,1,2,3,1.0,6.0
201100059771,0011-08-25 17:35:00,11,8,25,17,35,750,110,"46, BOULEVARD DE STRASBO",,,Plein jour,En agglomération,Hors intersection,Normale,Autre collision,,,,,,,,,,,1,2,1,1.0,6.0
201100059772,0011-08-26 14:50:00,11,8,26,14,50,750,110,"147, BOULEVARD DE MAGENT",,,Plein jour,En agglomération,Hors intersection,Pluie légère,Autre collision,,,,,,,,,,,1,2,1,2.0,6.0
201100059773,0011-08-26 23:15:00,11,8,26,23,15,750,110,"27, BOULEVARD DE LA VILL",,,Nuit avec éclairage allumé,En agglomération,Intersection en X,Normale,Autre collision,,,,,,,,,,,5,2,2,1.0,6.0
201100059774,0011-08-27 07:55:00,11,8,27,7,55,750,118,"32, BOULEVARD DE LA CHAP",,,Plein jour,En agglomération,Intersection en X,Temps couvert,Deux véhicules - côté,,,,,,,,,,,1,2,2,8.0,3.0
201100059775,0011-08-27 18:00:00,11,8,27,18,0,750,110,"12, PLACE DE LA REPUBLIQ",,,Crépuscule ou aube,En agglomération,Hors intersection,Pluie forte,Sans collision,,,,,,,,,,,2,2,1,3.0,7.0
201100059776,0011-08-28 16:20:00,11,8,28,16,20,750,110,"1, BOULEVARD DE MAGENTA",,,Plein jour,En agglomération,Place,Normale,Trois véhicules et plus - en chaîne,,,,,,,,,,,1,2,7,1.0,4.0
201100059777,0011-08-28 19:30:00,11,8,28,19,30,750,110,"16, AVENUE CLAUDE VELLEF",,,Plein jour,En agglomération,Hors intersection,Normale,Deux véhicules - côté,,,,,,,,,,,1,2,1,1.0,3.0
201100059778,0011-08-29 09:05:00,11,8,29,9,5,750,110,"16, PLACE DE LA REPUBLIQ",,,Plein jour,En agglomération,Place,Normale,Deux véhicules - côté,,,,,,,,,,,1,2,7,1.0,3.0
201100059779,0011-08-29 20:45:00,11,8,29,20,45,750,110,"121, BOULEVARD DE LA VIL",,,Nuit avec éclairage allumé,En agglomération,Hors intersection,Normale,Autre collision,,,,,,,,,,,5,2,1,1.0,6.0
201100059780,0011-09-01 18:35:00,11,9,1,18,35,750,110,"243, RUE LA FAYETTE",,,Plein jour,En agglomération,Intersection en X,Normale,Deux véhicules - côté,,,,,,,,,,,1,2,2,1.0,3.0
201100059781,0011-09-02 10:00:00,11,9,2,10,0,750,110,"6, BOULEVARD DE STRASBOU",,,Plein jour,En agglomération,Hors intersection,Normale,Sans collision,,,,,,,,,,,1,2,1,1.0,7.0
201100059782,0011-09-04 18:00:00,11,9,4,18,0,750,110,"129, BOULEVARD DE LA VIL",,,Plein jour,En agglomération,Hors intersection,Pluie légère,Autre collision,,,,,,,,,,,1,2,1,2.0,6.0
201100059783,0011-09-05 13:40:00,11,9,5,13,40,750,110,"69, BOULEVARD DE MAGENTA",,,Plein jour,En agglomération,Intersection à plus de 4 branches,Normale,Deux véhicules - côté,,,,,,,,,,,1,2,5,1.0,3.0
201100059784,0011-09-07 02:50:00,11,9,7,2,50,750,110,"230, RUE DU FAUBOURG SAI",,,Nuit avec éclairage allumé,En agglomération,Intersection à plus de 4 branches,Pluie forte,Sans collision,,,,,,,,,,,5,2,5,3.0,7.0
201100059785,0011-09-08 08:45:00,11,9,8,8,45,750,110,"0.000, PLACE DE LA REPUB",,,Plein jour,En agglomération,Place,Normale,Autre collision,,,,,,,,,,,1,2,7,1.0,6.0
201100059786,0011-09-08 16:15:00,11,9,8,16,15,750,110,"94, BOULEVARD DE MAGENTA",,,Plein jour,En agglomération,Intersection en X,Normale,Autre collision,,,,,,,,,,,1,2,2,1.0,6.0
201100059787,0011-09-11 13:30:00,11,9,11,13,30,750,110,"222, RUE DU FAUBOURG SAI",,,Plein jour,En agglomération,Intersection en T,Pluie légère,Deux véhicules - frontale,,,,,,,,,,,1,2,3,2.0,1.0
201100059788,0011-09-12 16:40:00,11,9,12,16,40,750,110,"138, RUE DU FAUBOURG SAI",,,Plein jour,En agglomération,Intersection en T,Normale,Deux véhicules - arrière,,,,,,,,,,,1,2,3,1.0,2.0
201100059789,0011-09-12 16:45:00,11,9,12,16,45,750,110,"07, PLACE FRANZ LISZT",,,Plein jour,En agglomération,Intersection en X,Temps couvert,Deux véhicules - côté,,,,,,,,,,,1,2,2,8.0,3.0
201100059790,0011-09-15 09:20:00,11,9,15,9,20,750,110,"96, RUE DU FAUBOURG SAIN",,,Plein jour,En agglomération,Intersection en X,Normale,Sans collision,,,,,,,,,,,1,2,2,1.0,7.0
201100059791,0011-09-16 07:00:00,11,9,16,7,0,750,110,"4, RUE DU CHATEAU LANDON",,,Plein jour,En agglomération,Hors intersection,Normale,Autre collision,,,,,,,,,,,1,2,1,1.0,6.0
201100059792,0011-09-16 23:30:00,11,9,16,23,30,750,110,"24, AVENUE CLAUDE VELLEF",,,Nuit avec éclairage allumé,En agglomération,Intersection à plus de 4 branches,Normale,Autre collision,,,,,,,,,,,5,2,5,1.0,6.0
201100059793,0011-09-17 10:40:00,11,9,17,10,40,750,110,"38, AVENUE CLAUDE VELLEF",,,Plein jour,En agglomération,Hors intersection,Normale,Deux véhicules - côté,,,,,,,,,,,1,2,1,1.0,3.0
201100059794,0011-09-18 09:30:00,11,9,18,9,30,750,110,"26, RUE LOUIS BLANC",,,Plein jour,En agglomération,Hors intersection,Normale,Sans collision,,,,,,,,,,,1,2,1,1.0,7.0
201100059795,0011-09-18 17:30:00,11,9,18,17,30,750,110,"6, PLACE FRANZ LISZT",,,Plein jour,En agglomération,Place,Normale,Sans collision,,,,,,,,,,,1,2,7,1.0,7.0
201100059796,0011-09-19 11:15:00,11,9,19,11,15,750,110,"57, RUE DU FAUBOURG SAIN",,,Plein jour,En agglomération,Hors intersection,Normale,Deux véhicules - arrière,,,,,,,,,,,1,2,1,1.0,2.0
201100059797,0011-09-22 08:35:00,11,9,22,8,35,750,119,"137, BOULEVARD MACDONALD",,,Plein jour,En agglomération,Hors intersection,Normale,Sans collision,,,,,,,,,,,1,2,1,1.0,7.0
201100059798,0011-09-29 09:20:00,11,9,29,9,20,750,110,"12, RUE PHILIPPE DE GIRA",,,Plein jour,En agglomération,Intersection en X,Normale,Deux véhicules - côté,,,,,,,,,,,1,2,2,1.0,3.0
201100059799,0011-09-29 13:15:00,11,9,29,13,15,750,110,"231, RUE LA FAYETTE",,,Plein jour,En agglomération,Hors intersection,Normale,Autre collision,,,,,,,,,,,1,2,1,1.0,6.0
201100059800,0011-09-30 09:20:00,11,9,30,9,20,750,110,"55, RUE DU FAUBOURG SAIN",,,Plein jour,En agglomération,Hors intersection,Normale,Deux véhicules - côté,,,,,,,,,,,1,2,1,1.0,3.0
201100059801,0011-09-30 13:05:00,11,9,30,13,5,750,110,"99, BOULEVARD DE LA VILL",,,Plein jour,En agglomération,Hors intersection,Normale,Sans collision,,,,,,,,,,,1,2,1,1.0,7.0
201100059802,0011-10-04 10:05:00,11,10,4,10,5,750,110,"87, RUE DE MAUBEUGE",,,Plein jour,En agglomération,Hors intersection,Temps couvert,Autre collision,,,,,,,,,,,1,2,1,8.0,6.0
201100059803,0011-10-05 08:30:00,11,10,5,8,30,750,110,RUE DES ECLUSES SAINT MA,,,Plein jour,En agglomération,Intersection à plus de 4 branches,Normale,Deux véhicules - côté,,,,,,,,,,,1,2,5,1.0,3.0
201100059804,0011-10-06 14:08:00,11,10,6,14,8,750,110,"85, QUAI DE VALMY",,,Plein jour,En agglomération,Intersection en X,Temps couvert,Deux véhicules - arrière,,,,,,,,,,,1,2,2,8.0,2.0
201100059805,0011-10-06 19:20:00,11,10,6,19,20,750,110,"45, BOULEVARD DE LA CHAP",,,Crépuscule ou aube,En agglomération,Intersection en X,Normale,Autre collision,,,,,,,,,,,2,2,2,1.0,6.0
201100059806,0011-10-10 16:40:00,11,10,10,16,40,750,110,"7, RUE DU HUIT MAI 1945",,,Plein jour,En agglomération,Intersection en T,Normale,Autre collision,,,,,,,,,,,1,2,3,1.0,6.0
201100059807,0011-10-12 17:35:00,11,10,12,17,35,750,110,"7, BOULEVARD DE LA CHAPE",,,Plein jour,En agglomération,Hors intersection,Normale,Sans collision,,,,,,,,,,,1,2,1,1.0,7.0
201100059808,0011-10-12 20:40:00,11,10,12,20,40,750,110,"215, RUE DU FAUBOURG SAI",,,Nuit avec éclairage allumé,En agglomération,Intersection en X,Normale,Deux véhicules - côté,,,,,,,,,,,5,2,2,1.0,3.0
201100059809,0011-10-14 14:55:00,11,10,14,14,55,750,110,"132, RUE LA FAYETTE",,,Plein jour,En agglomération,Intersection à plus de 4 branches,Normale,Autre collision,,,,,,,,,,,1,2,5,1.0,6.0
201100059810,0011-10-19 16:30:00,11,10,19,16,30,750,110,"251, RUE DU FAUBOURG SAI",,,Plein jour,En agglomération,Hors intersection,Pluie légère,Trois véhicules et plus - en chaîne,,,,,,,,,,,1,2,1,2.0,4.0
201100059811,0011-10-22 15:40:00,11,10,22,15,40,750,110,"99, RUE DU FAUBOURG SAIN",,,Plein jour,En agglomération,Hors intersection,Normale,Deux véhicules - côté,,,,,,,,,,,1,2,1,1.0,3.0
201100059812,0011-10-23 17:30:00,11,10,23,17,30,750,110,"147, BOULEVARD DE LA VIL",,,Plein jour,En agglomération,Intersection en X,Normale,Deux véhicules - côté,,,,,,,,,,,1,2,2,1.0,3.0
201100059813,0011-10-24 10:35:00,11,10,24,10,35,750,110,"268, RUE DU FAUBOURG SAI",,,Plein jour,En agglomération,Hors intersection,Normale,Sans collision,,,,,,,,,,,1,2,1,1.0,7.0
201100059814,0011-10-24 18:50:00,11,10,24,18,50,750,110,"16, BOULEVARD DE MAGENTA",,,Nuit avec éclairage allumé,En agglomération,Hors intersection,Normale,Deux véhicules - côté,,,,,,,,,,,5,2,1,1.0,3.0
201100059815,0011-10-25 01:35:00,11,10,25,1,35,750,110,"53, BOULEVARD DE MAGENTA",,,Nuit avec éclairage allumé,En agglomération,Hors intersection,Pluie légère,Autre collision,,,,,,,,,,,5,2,1,2.0,6.0
201100059816,0011-10-24 21:45:00,11,10,24,21,45,750,110,"148, BOULEVARD DE MAGENT",,,Nuit avec éclairage allumé,En agglomération,Hors intersection,Pluie légère,Autre collision,,,,,,,,,,,5,2,1,2.0,6.0
201100059817,0011-10-26 20:00:00,11,10,26,20,0,750,110,"142, RUE LA FAYETTE",,,Nuit avec éclairage allumé,En agglomération,Hors intersection,Normale,Autre collision,,,,,,,,,,,5,2,1,1.0,6.0
201100059818,0011-10-26 21:45:00,11,10,26,21,45,750,110,"120, RUE LA FAYETTE",,,Nuit avec éclairage allumé,En agglomération,Hors intersection,Normale,Autre collision,,,,,,,,,,,5,2,1,1.0,6.0
201100059819,0011-10-27 00:25:00,11,10,27,0,25,750,110,"19, RUE DE LA GRANGE AUX",,,Nuit avec éclairage allumé,En agglomération,Hors intersection,Temps couvert,Autre collision,,,,,,,,,,,5,2,1,8.0,6.0
201100059820,0011-10-29 01:55:00,11,10,29,1,55,750,110,"139, BOULEVARD DE MAGENT",,,Nuit avec éclairage allumé,En agglomération,Hors intersection,Normale,Autre collision,,,,,,,,,,,5,2,1,1.0,6.0
201100059821,0011-10-29 06:20:00,11,10,29,6,20,750,110,"123, BOULEVARD DE MAGENT",,,Nuit avec éclairage allumé,En agglomération,Hors intersection,Normale,Deux véhicules - côté,,,,,,,,,,,5,2,1,1.0,3.0
201100059822,0011-10-29 15:00:00,11,10,29,15,0,750,110,"14, RUE D HAUTEVILLE",,,Plein jour,En agglomération,Intersection en X,Normale,Autre collision,,,,,,,,,,,1,2,2,1.0,6.0
201100059823,0011-10-29 20:40:00,11,10,29,20,40,750,110,"53, BOULEVARD DE MAGENTA",,,Nuit avec éclairage allumé,En agglomération,Intersection à plus de 4 branches,Pluie légère,Autre collision,,,,,,,,,,,5,2,5,2.0,6.0
201100059824,0011-10-30 04:35:00,11,10,30,4,35,750,110,"127, BOULEVARD DE MAGENT",,,Nuit avec éclairage allumé,En agglomération,Place,Normale,Deux véhicules - côté,,,,,,,,,,,5,2,7,1.0,3.0
201100059825,0011-10-29 21:15:00,11,10,29,21,15,750,110,"82, QUAI DE JEMMAPES",,,Nuit sans éclairage public,En agglomération,Hors intersection,Pluie légère,Sans collision,,,,,,,,,,,3,2,1,2.0,7.0
201100059826,0011-10-31 12:35:00,11,10,31,12,35,750,110,"02, RUE DU CHATEAU LANDO",,,Plein jour,En agglomération,Hors intersection,Normale,Deux véhicules - arrière,,,,,,,,,,,1,2,1,1.0,2.0
201100059827,0011-11-02 04:30:00,11,11,2,4,30,750,110,"179, QUAI DE VALMY",,,Nuit avec éclairage allumé,En agglomération,Intersection en X,Pluie légère,Deux véhicules - arrière,,,,,,,,,,,5,2,2,2.0,2.0
201100059828,0011-11-03 05:25:00,11,11,3,5,25,750,110,"114, BOULEVARD DE MAGENT",,,Nuit avec éclairage allumé,En agglomération,Hors intersection,Pluie légère,Autre collision,,,,,,,,,,,5,2,1,2.0,6.0
201100059829,0011-11-03 14:50:00,11,11,3,14,50,750,110,"63, BOULEVARD DE MAGENTA",,,Plein jour,En agglomération,Hors intersection,Pluie légère,Deux véhicules - côté,,,,,,,,,,,1,2,1,2.0,3.0
201100059830,0011-11-03 18:15:00,11,11,3,18,15,750,110,"90, BOULEVARD DE MAGENTA",,,Nuit avec éclairage allumé,En agglomération,Hors intersection,Pluie forte,Autre collision,,,,,,,,,,,5,2,1,3.0,6.0
201100059831,0011-11-04 11:45:00,11,11,4,11,45,750,110,"112, BOULEVARD DE MAGENT",,,Plein jour,En agglomération,Place,Normale,Deux véhicules - côté,,,,,,,,,,,1,2,7,1.0,3.0
201100059832,0011-11-04 13:00:00,11,11,4,13,0,750,110,"34, BOULEVARD DE STRASBO",,,Plein jour,En agglomération,Hors intersection,Normale,Autre collision,,,,,,,,,,,1,2,1,1.0,6.0
201100059833,0011-11-05 00:20:00,11,11,5,0,20,750,110,"107, BOULEVARD DE MAGENT",,,Nuit avec éclairage allumé,En agglomération,Hors intersection,Pluie légère,Deux véhicules - frontale,,,,,,,,,,,5,2,1,2.0,1.0
201100059834,0011-11-05 05:25:00,11,11,5,5,25,750,110,"96, BOULEVARD DE MAGENTA",,,Nuit avec éclairage allumé,En agglomération,Hors intersection,Pluie légère,Autre collision,,,,,,,,,,,5,2,1,2.0,6.0
201100059835,0011-11-05 14:05:00,11,11,5,14,5,750,110,"138, RUE DU FAUBOURG SAI",,,Plein jour,En agglomération,Intersection en T,Temps couvert,Deux véhicules - côté,,,,,,,,,,,1,2,3,8.0,3.0
201100059836,0011-11-06 01:55:00,11,11,6,1,55,750,110,"133, BOULEVARD DE MAGENT",,,Nuit avec éclairage allumé,En agglomération,Intersection en Y,Normale,Autre collision,,,,,,,,,,,5,2,4,1.0,6.0
201100059837,0011-11-07 09:25:00,11,11,7,9,25,750,110,"66, QUAI DE JEMMAPES",,,Plein jour,En agglomération,Intersection en X,Normale,Deux véhicules - côté,,,,,,,,,,,1,2,2,1.0,3.0
201100059838,0011-11-08 18:00:00,11,11,8,18,0,750,110,"114, QUAI DE JEMMAPES",,,Nuit avec éclairage allumé,En agglomération,Hors intersection,Pluie légère,Autre collision,,,,,,,,,,,5,2,1,2.0,6.0
201100059839,0011-11-10 10:20:00,11,11,10,10,20,750,110,"26, AVENUE CLAUDE VELLEF",,,Plein jour,En agglomération,Intersection à plus de 4 branches,Normale,Deux véhicules - frontale,,,,,,,,,,,1,2,5,1.0,1.0
201100059840,0011-11-11 17:50:00,11,11,11,17,50,750,110,BOULEVARD DE MAGENTA,,,Nuit avec éclairage allumé,En agglomération,Hors intersection,Normale,Autre collision,,,,,,,,,,,5,2,1,1.0,6.0
201100059841,0011-11-12 14:20:00,11,11,12,14,20,750,110,PLACE DE ROUBAIX,,,Plein jour,En agglomération,Place,Normale,Deux véhicules - côté,,,,,,,,,,,1,2,7,1.0,3.0
201100059842,0011-11-13 03:10:00,11,11,13,3,10,750,110,"30, BOULEVARD DE BONNE N",,,Nuit avec éclairage allumé,En agglomération,Intersection en T,Normale,Deux véhicules - arrière,,,,,,,,,,,5,2,3,1.0,2.0
201100059843,0011-11-14 12:00:00,11,11,14,12,0,750,110,"1, BOULEVARD DE MAGENTA",,,Plein jour,En agglomération,Intersection à plus de 4 branches,Normale,Deux véhicules - côté,,,,,,,,,,,1,2,5,1.0,3.0
201100059844,0011-11-15 11:20:00,11,11,15,11,20,750,110,"63, RUE DU FAUBOURG SAIN",,,Plein jour,En agglomération,Intersection en X,Normale,Deux véhicules - côté,,,,,,,,,,,1,2,2,1.0,3.0
201100059845,0011-11-15 14:40:00,11,11,15,14,40,750,110,"41, BOULEVARD DE LA VILL",,,Plein jour,En agglomération,Hors intersection,Normale,Deux véhicules - côté,,,,,,,,,,,1,2,1,1.0,3.0
201100059846,0011-11-16 20:40:00,11,11,16,20,40,750,110,"08, RUE JULIETTE DODU",,,Nuit avec éclairage allumé,En agglomération,Hors intersection,Normale,Deux véhicules - arrière,,,,,,,,,,,5,2,1,1.0,2.0
201100059847,0011-11-17 14:30:00,11,11,17,14,30,750,110,"39, BOULEVARD DE LA CHAP",,,Plein jour,En agglomération,Hors intersection,Normale,Deux véhicules - côté,,,,,,,,,,,1,2,1,1.0,3.0
201100059848,0011-11-17 16:50:00,11,11,17,16,50,750,110,QUAI DE VALMY,,,Crépuscule ou aube,En agglomération,Intersection en T,Temps couvert,Autre collision,,,,,,,,,,,2,2,3,8.0,6.0
201100059849,0011-11-18 12:00:00,11,11,18,12,0,750,110,"53, RUE DE LA GRANGE AUX",,,Plein jour,En agglomération,Hors intersection,Temps couvert,Deux véhicules - côté,,,,,,,,,,,1,2,1,8.0,3.0
201100059850,0011-11-18 13:30:00,11,11,18,13,30,750,110,"62, RUE DU FAUBOURG SAIN",,,Plein jour,En agglomération,Hors intersection,Normale,Autre collision,,,,,,,,,,,1,2,1,1.0,6.0
201100059851,0011-11-18 18:00:00,11,11,18,18,0,750,110,"184, RUE LA FAYETTE",,,Nuit avec éclairage allumé,En agglomération,Hors intersection,Normale,Deux véhicules - arrière,,,,,,,,,,,5,2,1,1.0,2.0
201100059852,0011-11-19 00:20:00,11,11,19,0,20,750,110,"0, BOULEVARD DE MAGENTA",,,Nuit avec éclairage allumé,En agglomération,Place,Normale,Autre collision,,,,,,,,,,,5,2,7,1.0,6.0
201100059853,0011-11-19 19:00:00,11,11,19,19,0,750,110,"6, BOULEVARD SAINT DENIS",,,Nuit avec éclairage allumé,En agglomération,Intersection en X,Normale,Autre collision,,,,,,,,,,,5,2,2,1.0,6.0
201100059854,0011-11-24 19:50:00,11,11,24,19,50,750,110,"40, BOULEVARD DE MAGENTA",,,Nuit avec éclairage allumé,En agglomération,Hors intersection,Normale,Sans collision,,,,,,,,,,,5,2,1,1.0,7.0
201100059855,0011-11-25 09:50:00,11,11,25,9,50,750,110,"18, RUE DE DUNKERQUE",,,Plein jour,En agglomération,Intersection en T,Normale,Autre collision,,,,,,,,,,,1,2,3,1.0,6.0
201100059856,0011-11-26 12:30:00,11,11,26,12,30,750,110,"166, RUE LA FAYETTE",,,Plein jour,En agglomération,Intersection en T,Normale,Deux véhicules - arrière,,,,,,,,,,,1,2,3,1.0,2.0
201100059857,0011-11-26 17:30:00,11,11,26,17,30,750,110,"2, BOULEVARD SAINT DENIS",,,Nuit avec éclairage allumé,En agglomération,Intersection en X,Normale,Deux véhicules - côté,,,,,,,,,,,5,2,2,1.0,3.0
201100059858,0011-11-26 23:30:00,11,11,26,23,30,750,110,"158, RUE LA FAYETTE",,,Nuit avec éclairage allumé,En agglomération,Intersection en X,Normale,Deux véhicules - frontale,,,,,,,,,,,5,2,2,1.0,1.0
201100059859,0011-11-28 08:50:00,11,11,28,8,50,750,110,"154, RUE LA FAYETTE",,,Plein jour,En agglomération,Intersection en X,Normale,Autre collision,,,,,,,,,,,1,2,2,1.0,6.0
201100059860,0011-12-01 12:00:00,11,12,1,12,0,750,110,"23, BOULEVARD DE MAGENTA",,,Plein jour,En agglomération,Intersection en Y,Pluie légère,Deux véhicules - côté,,,,,,,,,,,1,2,4,2.0,3.0
201100059861,0011-12-02 07:45:00,11,12,2,7,45,750,110,"77, BOULEVARD DE MAGENTA",,,Nuit avec éclairage allumé,En agglomération,Hors intersection,Pluie légère,Deux véhicules - arrière,,,,,,,,,,,5,2,1,2.0,2.0