accident_id,datetime,annee,mois,jour,heure,minute,departement,commune_insee,adresse,latitude,longitude,luminosite,agglomeration,intersection,meteo,collision,nb_vehicules,nb_usagers,nb_indemnes,nb_tues,nb_blesses_hosp,nb_blesses_legers,age_cond_1,age_cond_2,veh_type_cond_1,veh_type_cond_2,lum_code,agg_code,int_code,atm_code,col_code
201100059984,0011-04-05 08:30:00,11,4,5,8,30,750,111,"165, RUE SAINT MAUR",,,Plein jour,En agglomération,Intersection en X,Normale,Deux véhicules - côté,,,,,,,,,,,1,2,2,1.0,3.0
201100059985,0011-04-05 15:50:00,11,4,5,15,50,750,111,"120, BOULEVARD RICHARD L",,,Plein jour,En agglomération,Hors intersection,Normale,Deux véhicules - côté,,,,,,,,,,,1,2,1,1.0,3.0
201100059986,0011-04-05 17:30:00,11,4,5,17,30,750,111,"1, AVENUE DU TRONE",,,Plein jour,En agglomération,Intersection à plus de 4 branches,Normale,Trois véhicules et plus - en chaîne,,,,,,,,,,,1,2,5,1.0,4.0
201100059987,0011-04-07 10:25:00,11,4,7,10,25,750,111,"177, BOULEVARD VOLTAIRE",,,Plein jour,En agglomération,Hors intersection,Normale,Autre collision,,,,,,,,,,,1,2,1,1.0,6.0
201100059988,0011-04-09 21:10:00,11,4,9,21,10,750,111,"7, BOULEVARD RICHARD LEN",,,Nuit avec éclairage allumé,En agglomération,Intersection à plus de 4 branches,Normale,Autre collision,,,,,,,,,,,5,2,5,1.0,6.0
201100059989,0011-04-10 04:00:00,11,4,10,4,0,750,111,"34, AVENUE DE LA REPUBLI",,,Nuit avec éclairage allumé,En agglomération,Intersection en Y,Normale,Deux véhicules - arrière,,,,,,,,,,,5,2,4,1.0,2.0
201100059990,0011-04-10 21:35:00,11,4,10,21,35,750,111,"83, BOULEVARD DE MENILMO",,,Nuit avec éclairage allumé,En agglomération,Hors intersection,Normale,Autre collision,,,,,,,,,,,5,2,1,1.0,6.0
201100059991,0011-04-11 22:00:00,11,4,11,22,0,750,111,PLACE DE LA NATION,,,Nuit avec éclairage allumé,En agglomération,Intersection à plus de 4 branches,Normale,Deux véhicules - côté,,,,,,,,,,,5,2,5,1.0,3.0
201100059992,0011-04-12 02:30:00,11,4,12,2,30,750,111,"186, RUE DE LA ROQUETTE",,,Nuit avec éclairage allumé,En agglomération,Hors intersection,Normale,Sans collision,,,,,,,,,,,5,2,1,1.0,7.0
201100059993,0011-04-13 17:25:00,11,4,13,17,25,750,111,"130, BOULEVARD VOLTAIRE",,,Plein jour,En agglomération,Place,Normale,Autre collision,,,,,,,,,,,1,2,7,1.0,6.0
201100059994,0011-04-13 19:30:00,11,4,13,19,30,750,111,"7, BOULEVARD VOLTAIRE",,,Plein jour,En agglomération,Intersection en X,Normale,Deux véhicules - côté,,,,,,,,,,,1,2,2,1.0,3.0
201100059995,0011-04-15 11:10:00,11,4,15,11,10,750,111,"76, AVENUE DE LA REPUBLI",,,Plein jour,En agglomération,Hors intersection,Normale,Deux véhicules - côté,,,,,,,,,,,1,2,1,1.0,3.0
201100059996,0011-04-15 14:05:00,11,4,15,14,5,750,111,"42, BOULEVARD RICHARD LE",,,Plein jour,En agglomération,Intersection en X,Normale,Deux véhicules - côté,,,,,,,,,,,1,2,2,1.0,3.0
201100059997,0011-04-17 14:00:00,11,4,17,14,0,750,111,"17, PLACE DE LA NATION",,,Plein jour,En agglomération,Place,Normale,Autre collision,,,,,,,,,,,1,2,7,1.0,6.0
201100059998,0011-04-17 16:20:00,11,4,17,16,20,750,112,"118, RUE DU FAUBOURG SAI",,,Plein jour,En agglomération,Hors intersection,Normale,Autre collision,,,,,,,,,,,1,2,1,1.0,6.0
201100059999,0011-04-18 18:20:00,11,4,18,18,20,750,111,"2, RUE MERLIN",,,Plein jour,En agglomération,Intersection en T,Normale,Autre collision,,,,,,,,,,,1,2,3,1.0,6.0
201100060000,0011-04-19 13:00:00,11,4,19,13,0,750,111,"137, BOULEVARD VOLTAIRE",,,Plein jour,En agglomération,Hors intersection,Normale,Deux véhicules - arrière,,,,,,,,,,,1,2,1,1.0,2.0
201100060001,0011-04-20 08:10:00,11,4,20,8,10,750,111,"64, RUE DE MONTREUIL",,,Plein jour,En agglomération,Hors intersection,Normale,Deux véhicules - côté,,,,,,,,,,,1,2,1,1.0,3.0
201100060002,0011-04-20 10:15:00,11,4,20,10,15,750,111,PLACE DE LA BASTILLE,,,Plein jour,En agglomération,Place,Autre,Deux véhicules - arrière,,,,,,,,,,,1,2,7,9.0,2.0
201100060003,0011-04-21 13:50:00,11,4,21,13,50,750,111,"39, BOULEVARD DE BELLEVI",,,Plein jour,En agglomération,Hors intersection,Normale,Autre collision,,,,,,,,,,,1,2,1,1.0,6.0
201100060004,0011-04-21 20:50:00,11,4,21,20,50,750,111,"26, BOULEVARD DES FILLES",,,Nuit avec éclairage allumé,En agglomération,Intersection en X,Normale,Deux véhicules - arrière,,,,,,,,,,,5,2,2,1.0,2.0
201100060005,0011-04-23 21:27:00,11,4,23,21,27,750,111,PLACE DE LA NATION,,,Nuit avec éclairage allumé,En agglomération,Intersection à plus de 4 branches,Normale,Deux véhicules - côté,,,,,,,,,,,5,2,5,1.0,3.0
201100060006,0011-04-26 09:41:00,11,4,26,9,41,750,111,"206, BOULEVARD VOLTAIRE",,,Plein jour,En agglomération,Hors intersection,Normale,Deux véhicules - côté,,,,,,,,,,,1,2,1,1.0,3.0
201100060007,0011-04-26 10:10:00,11,4,26,10,10,750,111,"10, PLACE LEON BLUM",,,Plein jour,En agglomération,Intersection en T,Normale,Deux véhicules - côté,,,,,,,,,,,1,2,3,1.0,3.0
201100060008,0011-04-27 22:25:00,11,4,27,22,25,750,111,"37/41, BOULEVARD DE CHAR",,,Nuit avec éclairage allumé,En agglomération,Hors intersection,Normale,Deux véhicules - côté,,,,,,,,,,,5,2,1,1.0,3.0
201100060009,0011-04-28 16:45:00,11,4,28,16,45,750,111,"12, RUE FAIDHERBE",,,Plein jour,En agglomération,Intersection en Y,Pluie légère,Deux véhicules - côté,,,,,,,,,,,1,2,4,2.0,3.0
201100060010,0011-04-29 14:57:00,11,4,29,14,57,750,111,BOULEVARD JULES FERRY,,,Plein jour,En agglomération,Hors intersection,Pluie légère,Autre collision,,,,,,,,,,,1,2,1,2.0,6.0
201100060011,0011-04-29 15:05:00,11,4,29,15,5,750,111,"29, RUE MORET",,,Plein jour,En agglomération,Intersection à plus de 4 branches,Temps couvert,Deux véhicules - côté,,,,,,,,,,,1,2,5,8.0,3.0
201100060012,0011-04-29 19:40:00,11,4,29,19,40,750,111,"6, BOULEVARD DES FILLES",,,Plein jour,En agglomération,Hors intersection,Normale,Deux véhicules - côté,,,,,,,,,,,1,2,1,1.0,3.0
201100060013,0011-04-30 04:05:00,11,4,30,4,5,750,111,"134, BOULEVARD VOLTAIRE",,,Nuit avec éclairage allumé,En agglomération,Intersection en Y,Normale,Sans collision,,,,,,,,,,,5,2,4,1.0,7.0
201100060014,0011-05-01 20:10:00,11,5,1,20,10,750,111,"42, RUE FAIDHERBE",,,Plein jour,En agglomération,Hors intersection,Normale,Autre collision,,,,,,,,,,,1,2,1,1.0,6.0
201100060015,0011-05-01 21:30:00,11,5,1,21,30,750,111,"24, AVENUE DE LA REPUBLI",,,Nuit avec éclairage allumé,En agglomération,Intersection en X,Normale,Deux véhicules - côté,,,,,,,,,,,5,2,2,1.0,3.0
201100060016,0011-05-03 09:15:00,11,5,3,9,15,750,111,"81, AVENUE DE LA REPUBLI",,,Plein jour,En agglomération,Intersection en Y,Normale,Deux véhicules - côté,,,,,,,,,,,1,2,4,1.0,3.0
201100060017,0011-05-03 14:50:00,11,5,3,14,50,750,111,"55, RUE BASFROI",,,Plein jour,En agglomération,Intersection en X,Normale,Autre collision,,,,,,,,,,,1,2,2,1.0,6.0
201100060018,0011-05-03 23:00:00,11,5,3,23,0,750,111,"101, RUE OBERKAMPF",,,Nuit avec éclairage allumé,En agglomération,Intersection en X,Normale,Deux véhicules - côté,,,,,,,,,,,5,2,2,1.0,3.0
201100060019,0011-05-04 21:00:00,11,5,4,21,0,750,111,"77, AVENUE DE LA REPUBLI",,,Nuit avec éclairage allumé,En agglomération,Intersection en Y,Normale,Deux véhicules - frontale,,,,,,,,,,,5,2,4,1.0,1.0
201100060020,0011-05-05 08:45:00,11,5,5,8,45,750,111,"10, PLACE DE LA REPUBLIQ",,,Plein jour,En agglomération,Hors intersection,Normale,Sans collision,,,,,,,,,,,1,2,1,1.0,7.0
201100060021,0011-05-06 00:01:00,11,5,6,0,1,750,111,"9, RUE SEDAINE",,,Nuit avec éclairage allumé,En agglomération,Intersection en X,Normale,Deux véhicules - côté,,,,,,,,,,,5,2,2,1.0,3.0
201100060022,0011-05-06 19:25:00,11,5,6,19,25,750,111,"59, AVENUE DE LA REPUBLI",,,Plein jour,En agglomération,Intersection en X,Normale,Deux véhicules - côté,,,,,,,,,,,1,2,2,1.0,3.0
201100060023,0011-05-07 18:30:00,11,5,7,18,30,750,111,"133, RUE DU FAUBOURG SAI",,,Plein jour,En agglomération,Hors intersection,Normale,Autre collision,,,,,,,,,,,1,2,1,1.0,6.0
201100060024,0011-05-08 14:50:00,11,5,8,14,50,750,111,"43, BOULEVARD VOLTAIRE",,,Plein jour,En agglomération,Intersection en X,Normale,Autre collision,,,,,,,,,,,1,2,2,1.0,6.0
201100060025,0011-05-09 12:30:00,11,5,9,12,30,750,111,"23, BOULEVARD DE MENILMO",,,Plein jour,En agglomération,Intersection en X,Normale,Autre collision,,,,,,,,,,,1,2,2,1.0,6.0
201100060026,0011-05-09 14:00:00,11,5,9,14,0,750,111,"71, BOULEVARD VOLTAIRE",,,Plein jour,En agglomération,Hors intersection,Normale,Autre collision,,,,,,,,,,,1,2,1,1.0,6.0
201100060027,0011-05-10 10:50:00,11,5,10,10,50,750,111,"31, AVENUE DE LA REPUBLI",,,Plein jour,En agglomération,Intersection en X,Normale,Deux véhicules - arrière,,,,,,,,,,,1,2,2,1.0,2.0
201100060028,0011-05-11 17:10:00,11,5,11,17,10,750,111,"232, BOULEVARD VOLTAIRE",,,Plein jour,En agglomération,Hors intersection,Normale,Autre collision,,,,,,,,,,,1,2,1,1.0,6.0
201100060029,0011-05-11 20:05:00,11,5,11,20,5,750,111,"198, RUE DU FAUBOURG SAI",,,Plein jour,En agglomération,Hors intersection,Temps éblouissant,Autre collision,,,,,,,,,,,1,2,1,7.0,6.0
201100060030,0011-05-12 00:45:00,11,5,12,0,45,750,111,"1bis, AVENUE DE LA REPUB",,,Nuit avec éclairage allumé,En agglomération,Intersection à plus de 4 branches,Normale,Autre collision,,,,,,,,,,,5,2,5,1.0,6.0
201100060031,0011-05-12 08:58:00,11,5,12,8,58,750,111,"2, BOULEVARD DU TEMPLE",,,Plein jour,En agglomération,Intersection à plus de 4 branches,Normale,Autre collision,,,,,,,,,,,1,2,5,1.0,6.0
201100060032,0011-05-12 19:30:00,11,5,12,19,30,750,111,"160, AVENUE LEDRU ROLLIN",,,Plein jour,En agglomération,Intersection à plus de 4 branches,Normale,Deux véhicules - côté,,,,,,,,,,,1,2,5,1.0,3.0
201100060033,0011-05-14 22:10:00,11,5,14,22,10,750,111,"79, AVENUE DE LA REPUBLI",,,Nuit avec éclairage non allumé,En agglomération,Hors intersection,Normale,Autre collision,,,,,,,,,,,4,2,1,1.0,6.0
201100060034,0011-05-15 03:15:00,11,5,15,3,15,750,111,"7, RUE DARBOY",,,Nuit avec éclairage allumé,En agglomération,Hors intersection,Normale,Sans collision,,,,,,,,,,,5,2,1,1.0,7.0
201100060035,0011-05-15 11:15:00,11,5,15,11,15,750,111,"4, PLACE LEON BLUM",,,Plein jour,En agglomération,Intersection à plus de 4 branches,Normale,Sans collision,,,,,,,,,,,1,2,5,1.0,7.0
201100060036,0011-05-15 23:00:00,11,5,15,23,0,750,111,RUE MORAND,,,Nuit avec éclairage allumé,En agglomération,Intersection en X,Normale,Deux véhicules - côté,,,,,,,,,,,5,2,2,1.0,3.0
201100060037,0011-05-16 08:15:00,11,5,16,8,15,750,111,"21, RUE DU CHEMIN VERT",,,Plein jour,En agglomération,Hors intersection,Normale,Autre collision,,,,,,,,,,,1,2,1,1.0,6.0
201100060038,0011-05-17 09:00:00,11,5,17,9,0,750,111,"12, RUE SEDAINE",,,Plein jour,En agglomération,Intersection en X,Normale,Sans collision,,,,,,,,,,,1,2,2,1.0,7.0
201100060039,0011-05-17 14:45:00,11,5,17,14,45,750,111,"45, RUE DE LA ROQUETTE",,,Plein jour,En agglomération,Intersection en X,Normale,Autre collision,,,,,,,,,,,1,2,2,1.0,6.0
201100060040,0011-05-17 16:35:00,11,5,17,16,35,750,111,"5 bis, RUE MOUFLE",,,Plein jour,En agglomération,Intersection en T,Normale,Autre collision,,,,,,,,,,,1,2,3,1.0,6.0
201100060041,0011-05-18 15:00:00,11,5,18,15,0,750,111,"136, RUE AMELOT",,,Plein jour,En agglomération,Intersection en X,Normale,Deux véhicules - arrière,,,,,,,,,,,1,2,2,1.0,2.0
201100060042,0011-05-19 08:10:00,11,5,19,8,10,750,111,"81, AVENUE PARMENTIER",,,Plein jour,En agglomération,Intersection en X,Normale,Deux véhicules - côté,,,,,,,,,,,1,2,2,1.0,3.0
201100060043,0011-05-19 11:05:00,11,5,19,11,5,750,111,"104, AVENUE PARMENTIER",,,Plein jour,En agglomération,Intersection en X,Normale,Deux véhicules - côté,,,,,,,,,,,1,2,2,1.0,3.0
201100060044,0011-05-20 16:40:00,11,5,20,16,40,750,111,"125, AVENUE LEDRU ROLLIN",,,Plein jour,En agglomération,Hors intersection,Normale,Trois véhicules et plus - en chaîne,,,,,,,,,,,1,2,1,1.0,4.0
201100060045,0011-05-21 12:30:00,11,5,21,12,30,750,111,"71, BOULEVARD DE MENILMO",,,Plein jour,En agglomération,Hors intersection,Normale,Sans collision,,,,,,,,,,,1,2,1,1.0,7.0
201100060046,0011-05-21 16:50:00,11,5,21,16,50,750,111,"14, BOULEVARD RICHARD LE",,,Plein jour,En agglomération,Intersection en X,Normale,Deux véhicules - arrière,,,,,,,,,,,1,2,2,1.0,2.0
201100060047,0011-05-23 16:05:00,11,5,23,16,5,750,111,"47, BOULEVARD DE BELLEVI",,,Plein jour,En agglomération,Hors intersection,Normale,Autre collision,,,,,,,,,,,1,2,1,1.0,6.0
201100060048,0011-05-23 19:30:00,11,5,23,19,30,750,111,"184, BOULEVARD VOLTAIRE",,,Plein jour,En agglomération,Intersection en X,Normale,Autre collision,,,,,,,,,,,1,2,2,1.0,6.0
201100060049,0011-05-24 00:40:00,11,5,24,0,40,750,111,PLACE DE LA REPUBLIQUE,,,Nuit avec éclairage allumé,En agglomération,Place,Normale,Deux véhicules - côté,,,,,,,,,,,5,2,7,1.0,3.0
201100060050,0011-05-24 14:10:00,11,5,24,14,10,750,111,"46, BOULEVARD DU TEMPLE",,,Plein jour,En agglomération,Hors intersection,Normale,Autre collision,,,,,,,,,,,1,2,1,1.0,6.0
201100060051,0011-05-24 22:25:00,11,5,24,22,25,750,111,"55, BOULEVARD DE CHARONN",,,Nuit avec éclairage allumé,En agglomération,Hors intersection,Normale,Autre collision,,,,,,,,,,,5,2,1,1.0,6.0
201100060052,0011-05-26 13:30:00,11,5,26,13,30,750,111,"24, BOULEVARD DES FILLES",,,Plein jour,En agglomération,Hors intersection,Normale,Autre collision,,,,,,,,,,,1,2,1,1.0,6.0
201100060053,0011-05-26 20:25:00,11,5,26,20,25,750,111,"22, BOULEVARD JULES FERR",,,Plein jour,En agglomération,Hors intersection,Normale,Autre collision,,,,,,,,,,,1,2,1,1.0,6.0
201100060054,0011-05-28 12:20:00,11,5,28,12,20,750,111,"277, RUE DU FAUBOURG SAI",,,Plein jour,En agglomération,Hors intersection,Normale,Deux véhicules - côté,,,,,,,,,,,1,2,1,1.0,3.0
201100060055,0011-05-30 09:15:00,11,5,30,9,15,750,111,"24, AVENUE DE LA REPUBLI",,,Plein jour,En agglomération,Intersection en X,Normale,Deux véhicules - côté,,,,,,,,,,,1,2,2,1.0,3.0
201100060056,0011-05-30 11:00:00,11,5,30,11,0,750,111,"101, BOULEVARD RICHARD L",,,Plein jour,En agglomération,Intersection à plus de 4 branches,Normale,Deux véhicules - côté,,,,,,,,,,,1,2,5,1.0,3.0
201100060057,0011-05-31 07:40:00,11,5,31,7,40,750,111,BOULEVARD DE MENILMONTAN,,,Crépuscule ou aube,En agglomération,Intersection à plus de 4 branches,Pluie légère,Deux véhicules - arrière,,,,,,,,,,,2,2,5,2.0,2.0
201100060058,0011-06-01 07:30:00,11,6,1,7,30,750,111,"56, BOULEVARD BEAUMARCHA",,,Plein jour,En agglomération,Intersection en X,Normale,Autre collision,,,,,,,,,,,1,2,2,1.0,6.0
201100060059,0011-06-03 13:00:00,11,6,3,13,0,750,111,"21, BOULEVARD RICHARD LE",,,Plein jour,En agglomération,Hors intersection,Normale,Deux véhicules - côté,,,,,,,,,,,1,2,1,1.0,3.0
201100060060,0011-06-05 09:35:00,11,6,5,9,35,750,111,"57, AVENUE DE LA REPUBLI",,,Plein jour,En agglomération,Intersection en X,Temps couvert,Sans collision,,,,,,,,,,,1,2,2,8.0,7.0
201100060061,0011-06-05 16:30:00,11,6,5,16,30,750,111,"13, RUE KELLER",,,Plein jour,En agglomération,Intersection en T,Temps couvert,Sans collision,,,,,,,,,,,1,2,3,8.0,7.0
201100060062,0011-06-06 09:30:00,11,6,6,9,30,750,111,"55, AVENUE DE LA REPUBLI",,,Plein jour,En agglomération,Intersection en X,Temps couvert,Deux véhicules - frontale,,,,,,,,,,,1,2,2,8.0,1.0
201100060063,0011-06-06 20:30:00,11,6,6,20,30,750,111,"3, AVENUE DU TRONE",,,Crépuscule ou aube,En agglomération,Place,Normale,Deux véhicules - côté,,,,,,,,,,,2,2,7,1.0,3.0
201100060064,0011-06-08 13:50:00,11,6,8,13,50,750,111,"117, RUE DU FAUBOURG SAI",,,Plein jour,En agglomération,Intersection en T,Normale,Autre collision,,,,,,,,,,,1,2,3,1.0,6.0
201100060065,0011-06-08 15:35:00,11,6,8,15,35,750,111,"33, BOULEVARD RICHARD LE",,,Plein jour,En agglomération,Intersection en X,Normale,Deux véhicules - arrière,,,,,,,,,,,1,2,2,1.0,2.0
201100060066,0011-06-09 19:05:00,11,6,9,19,5,750,111,"2, BOULEVARD BEAUMARCHAI",,,Plein jour,En agglomération,Place,Normale,Autre collision,,,,,,,,,,,1,2,7,1.0,6.0
201100060067,0011-06-09 19:25:00,11,6,9,19,25,750,111,"1, RUE DE MONTREUIL",,,Plein jour,En agglomération,Intersection en X,Normale,Deux véhicules - côté,,,,,,,,,,,1,2,2,1.0,3.0
201100060068,0011-06-10 00:32:00,11,6,10,0,32,750,111,"34, BOULEVARD VOLTAIRE",,,Nuit avec éclairage allumé,En agglomération,Hors intersection,Normale,Autre collision,,,,,,,,,,,5,2,1,1.0,6.0
201100060069,0011-06-10 09:45:00,11,6,10,9,45,750,111,"12, PLACE LEON BLUM",,,Plein jour,En agglomération,Place,Pluie légère,Deux véhicules - côté,,,,,,,,,,,1,2,7,2.0,3.0
201100060070,0011-06-10 17:50:00,11,6,10,17,50,750,111,"47, RUE DU FAUBOURG SAIN",,,Plein jour,En agglomération,Hors intersection,Temps couvert,Autre collision,,,,,,,,,,,1,2,1,8.0,6.0
201100060071,0011-06-11 19:20:00,11,6,11,19,20,750,111,"285, RUE DU FAUBOURG SAI",,,Plein jour,En agglomération,Intersection en X,Normale,Sans collision,,,,,,,,,,,1,2,2,1.0,7.0
201100060072,0011-06-12 04:50:00,11,6,12,4,50,750,111,RUE FAIDHERBE,,,Crépuscule ou aube,En agglomération,Intersection en X,Normale,Deux véhicules - côté,,,,,,,,,,,2,2,2,1.0,3.0
201100060073,0011-06-12 23:20:00,11,6,12,23,20,750,111,"160, RUE DE LA ROQUETTE",,,Nuit avec éclairage allumé,En agglomération,Intersection en X,Pluie légère,Autre collision,,,,,,,,,,,5,2,2,2.0,6.0
201100060074,0011-06-14 12:20:00,11,6,14,12,20,750,111,"75, BOULEVARD DE MENILMO",,,Plein jour,En agglomération,Hors intersection,Pluie légère,Autre collision,,,,,,,,,,,1,2,1,2.0,6.0
201100060075,0011-06-14 16:40:00,11,6,14,16,40,750,111,"150, AVENUE PARMENTIER",,,Plein jour,En agglomération,Intersection en X,Normale,Autre collision,,,,,,,,,,,1,2,2,1.0,6.0
201100060076,0011-06-14 17:19:00,11,6,14,17,19,750,111,BOULEVARD BEAUMARCHAIS,,,Plein jour,En agglomération,Intersection en X,Normale,Deux véhicules - frontale,,,,,,,,,,,1,2,2,1.0,1.0
201100060077,0011-06-16 13:30:00,11,6,16,13,30,750,111,"43, BOULEVARD VOLTAIRE",,,Plein jour,En agglomération,Intersection en X,Normale,Deux véhicules - frontale,,,,,,,,,,,1,2,2,1.0,1.0
201100060078,0011-06-16 15:15:00,11,6,16,15,15,750,111,"29, BOULEVARD DE MENILMO",,,Plein jour,En agglomération,Hors intersection,Temps couvert,Deux véhicules - arrière,,,,,,,,,,,1,2,1,8.0,2.0
201100060079,0011-06-21 00:20:00,11,6,21,0,20,750,111,BOULEVARD VOLTAIRE,,,Nuit avec éclairage allumé,En agglomération,Intersection en X,Normale,Deux véhicules - frontale,,,,,,,,,,,5,2,2,1.0,1.0
201100060080,0011-06-21 19:35:00,11,6,21,19,35,750,111,AVENUE DE LA REPUBLIQUE,,,Plein jour,En agglomération,Intersection en X,Normale,Autre collision,,,,,,,,,,,1,2,2,1.0,6.0
201100060081,0011-06-22 00:40:00,11,6,22,0,40,750,111,"48, AVENUE DE LA REPUBLI",,,Nuit avec éclairage allumé,En agglomération,Intersection en X,Normale,Deux véhicules - côté,,,,,,,,,,,5,2,2,1.0,3.0
201100060082,0011-06-22 04:20:00,11,6,22,4,20,750,111,"40, AVENUE DE LA REPUBLI",,,Nuit avec éclairage allumé,En agglomération,Hors intersection,Pluie légère,Sans collision,,,,,,,,,,,5,2,1,2.0,7.0
201100060083,0011-06-22 06:40:00,11,6,22,6,40,750,111,"81, AVENUE DE LA REPUBLI",,,Crépuscule ou aube,En agglomération,Intersection en X,Normale,Deux véhicules - frontale,,,,,,,,,,,2,2,2,1.0,1.0
201100060084,0011-06-23 05:55:00,11,6,23,5,55,750,111,"115, RUE DU CHEMIN VERT",,,Crépuscule ou aube,En agglomération,Intersection en T,Pluie légère,Autre collision,,,,,,,,,,,2,2,3,2.0,6.0
201100060085,0011-06-23 11:25:00,11,6,23,11,25,750,112,"266, RUE DE CHARENTON",,,Plein jour,En agglomération,Intersection en X,Normale,Deux véhicules - arrière,,,,,,,,,,,1,2,2,1.0,2.0
201100060086,0011-06-24 16:55:00,11,6,24,16,55,750,111,"60, BOULEVARD JULES FERR",,,Plein jour,En agglomération,Hors intersection,Normale,Autre collision,,,,,,,,,,,1,2,1,1.0,6.0
201100060087,0011-06-25 03:50:00,11,6,25,3,50,750,111,BOULEVARD RICHARD LENOIR,,,Nuit avec éclairage allumé,En agglomération,Intersection en X,Normale,Autre collision,,,,,,,,,,,5,2,2,1.0,6.0
201100060088,0011-06-25 16:35:00,11,6,25,16,35,750,111,"116, AVENUE LEDRU ROLLIN",,,Plein jour,En agglomération,Intersection en X,Normale,Deux véhicules - côté,,,,,,,,,,,1,2,2,1.0,3.0
201100060089,0011-06-25 17:15:00,11,6,25,17,15,750,111,"4, BOULEVARD VOLTAIRE",,,Plein jour,En agglomération,Place,Normale,Deux véhicules - arrière,,,,,,,,,,,1,2,7,1.0,2.0
201100060090,0011-06-25 18:00:00,11,6,25,18,0,750,111,"1, RUE DE CHARONNE",,,Plein jour,En agglomération,Intersection en T,Normale,Deux véhicules - côté,,,,,,,,,,,1,2,3,1.0,3.0
201100060091,0011-06-26 19:50:00,11,6,26,19,50,750,111,"120, BOULEVARD RICHARD L",,,Plein jour,En agglomération,Hors intersection,Normale,Autre collision,,,,,,,,,,,1,2,1,1.0,6.0
201100060092,0011-06-27 18:30:00,11,6,27,18,30,750,111,"166 bis, RUE DE LA ROQUE",,,Plein jour,En agglomération,Intersection en T,Normale,Deux véhicules - côté,,,,,,,,,,,1,2,3,1.0,3.0
201100060093,0011-06-29 10:55:00,11,6,29,10,55,750,111,"101, BOULEVARD RICHARD L",,,Plein jour,En agglomération,Intersection en X,Normale,Deux véhicules - côté,,,,,,,,,,,1,2,2,1.0,3.0
201100060094,0011-06-29 17:50:00,11,6,29,17,50,750,111,"10, PLACE DE LA REPUBLIQ",,,Plein jour,En agglomération,Place,Normale,Deux véhicules - côté,,,,,,,,,,,1,2,7,1.0,3.0
201100060095,0011-06-29 20:25:00,11,6,29,20,25,750,111,"43, BOULEVARD VOLTAIRE",,,Plein jour,En agglomération,Hors intersection,Normale,Autre collision,,,,,,,,,,,1,2,1,1.0,6.0
201100060096,0011-07-02 13:35:00,11,7,2,13,35,750,111,"114, AVENUE LEDRU ROLLIN",,,Plein jour,En agglomération,Hors intersection,Normale,Autre collision,,,,,,,,,,,1,2,1,1.0,6.0
201100060097,0011-07-02 18:10:00,11,7,2,18,10,750,111,"101, AVENUE PARMENTIER",,,Plein jour,En agglomération,Intersection en X,Normale,Autre collision,,,,,,,,,,,1,2,2,1.0,6.0
201100060098,0011-07-02 20:30:00,11,7,2,20,30,750,111,PLACE DE LA BASTILLE,,,Plein jour,En agglomération,Place,Normale,Deux véhicules - arrière,,,,,,,,,,,1,2,7,1.0,2.0
201100060099,0011-07-03 03:40:00,11,7,3,3,40,750,111,"247, BOULEVARD VOLTAIRE",,,Nuit avec éclairage allumé,En agglomération,Intersection à plus de 4 branches,Normale,Autre collision,,,,,,,,,,,5,2,5,1.0,6.0
201100060100,0011-06-21 18:30:00,11,6,21,18,30,750,111,"75, BOULEVARD DE BELLEVI",,,Plein jour,En agglomération,Hors intersection,Normale,Sans collision,,,,,,,,,,,1,2,1,1.0,7.0
201100060101,0011-07-03 18:40:00,11,7,3,18,40,750,111,"86, RUE DE LA FONTAINE A",,,Plein jour,En agglomération,Intersection en T,Normale,Deux véhicules - côté,,,,,,,,,,,1,2,3,1.0,3.0
201100060102,0011-07-04 08:20:00,11,7,4,8,20,750,111,"87, BOULEVARD VOLTAIRE",,,Plein jour,En agglomération,Intersection en X,Normale,Deux véhicules - côté,,,,,,,,,,,1,2,2,1.0,3.0
201100060103,0011-07-04 19:10:00,11,7,4,19,10,750,111,"31, RUE DU CHEMIN VERT",,,Plein jour,En agglomération,Hors intersection,Normale,Deux véhicules - côté,,,,,,,,,,,1,2,1,1.0,3.0
201100060104,0011-07-04 09:50:00,11,7,4,9,50,750,111,"48, RUE LEON FROT",,,Plein jour,En agglomération,Intersection en T,Normale,Deux véhicules - côté,,,,,,,,,,,1,2,3,1.0,3.0
201100060105,0011-07-05 08:55:00,11,7,5,8,55,750,111,"75, RUE AMELOT",,,Plein jour,En agglomération,Intersection en X,Temps éblouissant,Autre collision,,,,,,,,,,,1,2,2,7.0,6.0
201100060106,0011-07-05 10:50:00,11,7,5,10,50,750,111,"18, RUE JEAN MACE",,,Plein jour,En agglomération,Intersection en Y,Normale,Autre collision,,,,,,,,,,,1,2,4,1.0,6.0
201100060107,0011-07-06 09:15:00,11,7,6,9,15,750,111,"87, BOULEVARD VOLTAIRE",,,Plein jour,En agglomération,Intersection en X,Normale,Autre collision,,,,,,,,,,,1,2,2,1.0,6.0
201100060108,0011-07-06 12:20:00,11,7,6,12,20,750,111,"14, BOULEVARD DU TEMPLE",,,Plein jour,En agglomération,Hors intersection,Normale,Deux véhicules - côté,,,,,,,,,,,1,2,1,1.0,3.0
201100060109,0011-07-06 19:55:00,11,7,6,19,55,750,111,"95, BOULEVARD RICHARD LE",,,Plein jour,En agglomération,Hors intersection,Normale,Autre collision,,,,,,,,,,,1,2,1,1.0,6.0
201100060110,0011-07-09 19:25:00,11,7,9,19,25,750,111,"133, RUE DE MONTREUIL",,,Plein jour,En agglomération,Hors intersection,Normale,Deux véhicules - côté,,,,,,,,,,,1,2,1,1.0,3.0