accident_id,datetime,annee,mois,jour,heure,minute,departement,commune_insee,adresse,latitude,longitude,luminosite,agglomeration,intersection,meteo,collision,nb_vehicules,nb_usagers,nb_indemnes,nb_tues,nb_blesses_hosp,nb_blesses_legers,age_cond_1,age_cond_2,veh_type_cond_1,veh_type_cond_2,lum_code,agg_code,int_code,atm_code,col_code
201100060111,0011-07-10 04:40:00,11,7,10,4,40,750,111,"181, RUE DE LA ROQUETTE",,,Nuit avec éclairage allumé,En agglomération,Intersection en X,Normale,Deux véhicules - côté,,,,,,,,,,,5,2,2,1.0,3.0
201100060112,0011-07-11 10:15:00,11,7,11,10,15,750,111,"26, BOULEVARD RICHARD LE",,,Plein jour,En agglomération,Hors intersection,Normale,Autre collision,,,,,,,,,,,1,2,1,1.0,6.0
201100060113,0011-07-11 15:00:00,11,7,11,15,0,750,111,"18, PASSAGE CHARLES DALL",,,Plein jour,En agglomération,Intersection en T,Normale,Deux véhicules - arrière,,,,,,,,,,,1,2,3,1.0,2.0
201100060114,0011-07-12 10:20:00,11,7,12,10,20,750,111,"133, RUE DE LA ROQUETTE",,,Plein jour,En agglomération,Intersection en X,Pluie forte,Autre collision,,,,,,,,,,,1,2,2,3.0,6.0
201100060115,0011-07-12 11:55:00,11,7,12,11,55,750,111,"58, BOULEVARD VOLTAIRE",,,Plein jour,En agglomération,Intersection à plus de 4 branches,Pluie légère,Deux véhicules - côté,,,,,,,,,,,1,2,5,2.0,3.0
201100060116,0011-07-13 19:05:00,11,7,13,19,5,750,111,"13, BOULEVARD DE BELLEVI",,,Plein jour,En agglomération,Hors intersection,Normale,Deux véhicules - côté,,,,,,,,,,,1,2,1,1.0,3.0
201100060117,0011-07-15 23:00:00,11,7,15,23,0,750,111,"43, BOULEVARD VOLTAIRE",,,Nuit avec éclairage allumé,En agglomération,Intersection en X,Normale,Deux véhicules - côté,,,,,,,,,,,5,2,2,1.0,3.0
201100060118,0011-07-16 17:20:00,11,7,16,17,20,750,111,"132, AVENUE DE LA REPUBL",,,Plein jour,En agglomération,Intersection à plus de 4 branches,Temps couvert,Deux véhicules - côté,,,,,,,,,,,1,2,5,8.0,3.0
201100060119,0011-07-16 20:10:00,11,7,16,20,10,750,111,"192, RUE DU FAUBOURG SAI",,,Plein jour,En agglomération,Hors intersection,Pluie forte,Sans collision,,,,,,,,,,,1,2,1,3.0,7.0
201100060120,0011-07-16 22:15:00,11,7,16,22,15,750,111,"/, BOULEVARD RICHARD LEN",,,Nuit avec éclairage allumé,En agglomération,Intersection à plus de 4 branches,Pluie forte,Deux véhicules - côté,,,,,,,,,,,5,2,5,3.0,3.0
201100060121,0011-07-17 01:05:00,11,7,17,1,5,750,111,"86, BOULEVARD RICHARD LE",,,Nuit avec éclairage allumé,En agglomération,Hors intersection,Pluie légère,Deux véhicules - côté,,,,,,,,,,,5,2,1,2.0,3.0
201100060122,0011-07-17 22:40:00,11,7,17,22,40,750,111,"130, RUE OBERKAMPF",,,Nuit avec éclairage allumé,En agglomération,Intersection en X,Normale,Autre collision,,,,,,,,,,,5,2,2,1.0,6.0
201100060123,0011-07-19 11:00:00,11,7,19,11,0,750,111,"138, BOULEVARD RICHARD L",,,Plein jour,En agglomération,Intersection en X,Pluie forte,Deux véhicules - côté,,,,,,,,,,,1,2,2,3.0,3.0
201100060124,0011-07-19 20:05:00,11,7,19,20,5,750,111,"150, AVENUE PARMENTIER",,,Plein jour,En agglomération,Intersection en X,Pluie légère,Sans collision,,,,,,,,,,,1,2,2,2.0,7.0
201100060125,0011-07-20 10:40:00,11,7,20,10,40,750,111,"42bis, BOULEVARD RICHARD",,,Plein jour,En agglomération,Intersection à plus de 4 branches,Normale,Trois véhicules et plus - collisions multiples,,,,,,,,,,,1,2,5,1.0,5.0
201100060126,0011-07-20 22:00:00,11,7,20,22,0,750,111,"8, PLACE DE LA REPUBLIQU",,,Nuit avec éclairage allumé,En agglomération,Place,Pluie légère,Autre collision,,,,,,,,,,,5,2,7,2.0,6.0
201100060127,0011-07-21 17:20:00,11,7,21,17,20,750,111,"55, AVENUE DE LA REPUBLI",,,Plein jour,En agglomération,Intersection en X,Normale,Deux véhicules - côté,,,,,,,,,,,1,2,2,1.0,3.0
201100060128,0011-07-21 18:05:00,11,7,21,18,5,750,111,"65, RUE SAINT MAUR",,,Plein jour,En agglomération,Hors intersection,Normale,Sans collision,,,,,,,,,,,1,2,1,1.0,7.0
201100060129,0011-07-21 22:25:00,11,7,21,22,25,750,111,PLACE DE LA NATION,,,Nuit avec éclairage allumé,En agglomération,Place,Normale,Autre collision,,,,,,,,,,,5,2,7,1.0,6.0
201100060130,0011-07-22 19:50:00,11,7,22,19,50,750,111,"19, AVENUE PHILIPPE AUGU",,,Plein jour,En agglomération,Intersection en X,Temps couvert,Deux véhicules - côté,,,,,,,,,,,1,2,2,8.0,3.0
201100060131,0011-07-23 14:45:00,11,7,23,14,45,750,111,"12, AVENUE DE LA REPUBLI",,,Plein jour,En agglomération,Intersection en X,Pluie légère,Sans collision,,,,,,,,,,,1,2,2,2.0,7.0
201100060132,0011-07-25 19:15:00,11,7,25,19,15,750,111,"248, BOULEVARD VOLTAIRE",,,Plein jour,En agglomération,Hors intersection,Normale,Sans collision,,,,,,,,,,,1,2,1,1.0,7.0
201100060133,0011-07-26 11:15:00,11,7,26,11,15,750,111,"118, RUE JEAN PIERRE TIM",,,Plein jour,En agglomération,Hors intersection,Normale,Autre collision,,,,,,,,,,,1,2,1,1.0,6.0
201100060134,0011-07-27 02:00:00,11,7,27,2,0,750,111,"38, AVENUE PARMENTIER",,,Nuit avec éclairage non allumé,En agglomération,Intersection en T,Normale,Autre collision,,,,,,,,,,,4,2,3,1.0,6.0
201100060135,0011-07-27 21:20:00,11,7,27,21,20,750,111,"92, BOULEVARD VOLTAIRE",,,Crépuscule ou aube,En agglomération,Intersection à plus de 4 branches,Pluie légère,Sans collision,,,,,,,,,,,2,2,5,2.0,7.0
201100060136,0011-07-29 09:40:00,11,7,29,9,40,750,111,"54, RUE TROUSSEAU",,,Plein jour,En agglomération,Hors intersection,Normale,Autre collision,,,,,,,,,,,1,2,1,1.0,6.0
201100060137,0011-08-01 19:20:00,11,8,1,19,20,750,111,"99, AVENUE PARMENTIER",,,Plein jour,En agglomération,Intersection en X,Normale,Autre collision,,,,,,,,,,,1,2,2,1.0,6.0
201100060138,0011-08-02 08:11:00,11,8,2,8,11,750,111,"35, BOULEVARD VOLTAIRE",,,Plein jour,En agglomération,Intersection en X,Normale,Deux véhicules - côté,,,,,,,,,,,1,2,2,1.0,3.0
201100060139,0011-08-02 15:20:00,11,8,2,15,20,750,111,"246, BOULEVARD VOLTAIRE",,,Plein jour,En agglomération,Hors intersection,Normale,Autre collision,,,,,,,,,,,1,2,1,1.0,6.0
201100060140,0011-08-02 18:40:00,11,8,2,18,40,750,111,"2, BOULEVARD VOLTAIRE",,,Plein jour,En agglomération,Place,Pluie légère,Sans collision,,,,,,,,,,,1,2,7,2.0,7.0
201100060141,0011-08-03 09:25:00,11,8,3,9,25,750,111,"111, BOULEVARD RICHARD L",,,Plein jour,En agglomération,Intersection à plus de 4 branches,Pluie légère,Sans collision,,,,,,,,,,,1,2,5,2.0,7.0
201100060142,0011-08-08 18:05:00,11,8,8,18,5,750,111,"41, BOULEVARD VOLTAIRE",,,Plein jour,En agglomération,Hors intersection,Normale,Deux véhicules - arrière,,,,,,,,,,,1,2,1,1.0,2.0
201100060143,0011-08-09 09:05:00,11,8,9,9,5,750,111,"283, RUE DU FAUBOURG SAI",,,Plein jour,En agglomération,Hors intersection,Temps couvert,Deux véhicules - côté,,,,,,,,,,,1,2,1,8.0,3.0
201100060144,0011-08-09 10:45:00,11,8,9,10,45,750,111,"241, BOULEVARD VOLTAIRE",,,Plein jour,En agglomération,Hors intersection,Temps couvert,Autre collision,,,,,,,,,,,1,2,1,8.0,6.0
201100060145,0011-08-09 11:00:00,11,8,9,11,0,750,111,"12, PLACE DE LA BASTILLE",,,Plein jour,En agglomération,Place,Normale,Deux véhicules - arrière,,,,,,,,,,,1,2,7,1.0,2.0
201100060146,0011-08-10 05:41:00,11,8,10,5,41,750,111,BOULEVARD VOLTAIRE,,,Nuit avec éclairage allumé,En agglomération,Intersection à plus de 4 branches,Normale,Deux véhicules - côté,,,,,,,,,,,5,2,5,1.0,3.0
201100060147,0011-08-11 16:30:00,11,8,11,16,30,750,111,"40, BOULEVARD DU TEMPLE",,,Plein jour,En agglomération,Hors intersection,Normale,Deux véhicules - côté,,,,,,,,,,,1,2,1,1.0,3.0
201100060148,0011-08-12 13:40:00,11,8,12,13,40,750,111,PLACE DE LA NATION,,,Plein jour,En agglomération,Place,Normale,Deux véhicules - côté,,,,,,,,,,,1,2,7,1.0,3.0
201100060149,0011-08-14 04:35:00,11,8,14,4,35,750,111,"113, AVENUE LEDRU ROLLIN",,,Nuit avec éclairage allumé,En agglomération,Intersection en X,Pluie légère,Autre collision,,,,,,,,,,,5,2,2,2.0,6.0
201100060150,0011-08-18 22:25:00,11,8,18,22,25,750,111,"158, BOULEVARD VOLTAIRE",,,Nuit avec éclairage allumé,En agglomération,Intersection en T,Normale,Deux véhicules - côté,,,,,,,,,,,5,2,3,1.0,3.0
201100060151,0011-08-20 11:20:00,11,8,20,11,20,750,111,"106, AVENUE PARMENTIER",,,Plein jour,En agglomération,Intersection en X,Normale,Deux véhicules - côté,,,,,,,,,,,1,2,2,1.0,3.0
201100060152,0011-08-22 19:00:00,11,8,22,19,0,750,112,RUE DE CHARENTON,,,Plein jour,En agglomération,Intersection en X,Normale,Deux véhicules - côté,,,,,,,,,,,1,2,2,1.0,3.0
201100060153,0011-08-23 08:50:00,11,8,23,8,50,750,111,"10, PLACE DE LA REPUBLIQ",,,Plein jour,En agglomération,Place,Normale,Deux véhicules - arrière,,,,,,,,,,,1,2,7,1.0,2.0
201100060154,0011-08-23 18:10:00,11,8,23,18,10,750,111,"86, BOULEVARD BEAUMARCHA",,,Plein jour,En agglomération,Intersection en T,Normale,Sans collision,,,,,,,,,,,1,2,3,1.0,7.0
201100060155,0011-08-24 00:17:00,11,8,24,0,17,750,111,BOULEVARD RICHARD LENOIR,,,Nuit avec éclairage allumé,En agglomération,Intersection à plus de 4 branches,Normale,Deux véhicules - arrière,,,,,,,,,,,5,2,5,1.0,2.0
201100060156,0011-08-24 20:10:00,11,8,24,20,10,750,111,"83, BOULEVARD DE MENILMO",,,Crépuscule ou aube,En agglomération,Intersection en X,Normale,Autre collision,,,,,,,,,,,2,2,2,1.0,6.0
201100060157,0011-08-27 19:40:00,11,8,27,19,40,750,111,"149, BOULEVARD DE CHARON",,,Plein jour,En agglomération,Intersection en X,Normale,Sans collision,,,,,,,,,,,1,2,2,1.0,7.0
201100060158,0011-08-27 23:20:00,11,8,27,23,20,750,111,"41, AVENUE DE LA REPUBLI",,,Nuit avec éclairage allumé,En agglomération,Intersection à plus de 4 branches,Normale,Autre collision,,,,,,,,,,,5,2,5,1.0,6.0
201100060159,0011-08-28 03:50:00,11,8,28,3,50,750,111,"115, AVENUE LEDRU ROLLIN",,,Nuit avec éclairage allumé,En agglomération,Intersection en X,Normale,Autre collision,,,,,,,,,,,5,2,2,1.0,6.0
201100060160,0011-08-29 11:25:00,11,8,29,11,25,750,111,"44, BOULEVARD BEAUMARCHA",,,Plein jour,En agglomération,Intersection en Y,Normale,Deux véhicules - arrière,,,,,,,,,,,1,2,4,1.0,2.0
201100060161,0011-09-01 03:30:00,11,9,1,3,30,750,111,"46, BOULEVARD BEAUMARCHA",,,Nuit avec éclairage allumé,En agglomération,Intersection en T,Normale,Autre collision,,,,,,,,,,,5,2,3,1.0,6.0
201100060162,0011-09-01 19:50:00,11,9,1,19,50,750,111,"6, RUE GERBIER",,,Nuit avec éclairage allumé,En agglomération,Intersection en X,Normale,Autre collision,,,,,,,,,,,5,2,2,1.0,6.0
201100060163,0011-09-02 17:30:00,11,9,2,17,30,750,111,"172, BOULEVARD VOLTAIRE",,,Plein jour,En agglomération,Intersection en X,Normale,Autre collision,,,,,,,,,,,1,2,2,1.0,6.0
201100060164,0011-09-04 15:35:00,11,9,4,15,35,750,111,"247, BOULEVARD VOLTAIRE",,,Plein jour,En agglomération,Hors intersection,Normale,Deux véhicules - côté,,,,,,,,,,,1,2,1,1.0,3.0
201100060165,0011-09-04 16:25:00,11,9,4,16,25,750,111,"67, AVENUE DE LA REPUBLI",,,Plein jour,En agglomération,Hors intersection,Normale,Deux véhicules - côté,,,,,,,,,,,1,2,1,1.0,3.0
201100060166,0011-09-07 08:40:00,11,9,7,8,40,750,111,"29, RUE MERLIN",,,Plein jour,En agglomération,Intersection en X,Normale,Autre collision,,,,,,,,,,,1,2,2,1.0,6.0
201100060167,0011-09-07 22:50:00,11,9,7,22,50,750,111,"1, PLACE LEON BLUM",,,Nuit avec éclairage allumé,En agglomération,Place,Normale,Deux véhicules - côté,,,,,,,,,,,5,2,7,1.0,3.0
201100060168,0011-09-08 09:20:00,11,9,8,9,20,750,111,"215, BOULEVARD VOLTAIRE",,,Plein jour,En agglomération,Hors intersection,Temps couvert,Deux véhicules - côté,,,,,,,,,,,1,2,1,8.0,3.0
201100060169,0011-09-08 10:50:00,11,9,8,10,50,750,111,"71, BOULEVARD DE BELLEVI",,,Plein jour,En agglomération,Intersection en X,Normale,Autre collision,,,,,,,,,,,1,2,2,1.0,6.0
201100060170,0011-09-08 12:10:00,11,9,8,12,10,750,111,"1, AVENUE PHILIPPE AUGUS",,,Plein jour,En agglomération,Place,Temps couvert,Deux véhicules - côté,,,,,,,,,,,1,2,7,8.0,3.0
201100060171,0011-09-09 02:20:00,11,9,9,2,20,750,111,"180, RUE DE CHARONNE",,,Nuit avec éclairage allumé,En agglomération,Intersection en X,Normale,Deux véhicules - côté,,,,,,,,,,,5,2,2,1.0,3.0
201100060172,0011-09-09 22:20:00,11,9,9,22,20,750,111,"77, BOULEVARD VOLTAIRE",,,Nuit avec éclairage allumé,En agglomération,Hors intersection,Normale,Autre collision,,,,,,,,,,,5,2,1,1.0,6.0
201100060173,0011-09-10 02:55:00,11,9,10,2,55,750,111,"167, RUE DE CHARONNE",,,Nuit avec éclairage allumé,En agglomération,Intersection en X,Normale,Autre collision,,,,,,,,,,,5,2,2,1.0,6.0
201100060174,0011-09-11 05:05:00,11,9,11,5,5,750,111,"160, RUE OBERKAMPF",,,Nuit avec éclairage allumé,En agglomération,Intersection en X,Normale,Deux véhicules - arrière,,,,,,,,,,,5,2,2,1.0,2.0
201100060175,0011-09-11 20:00:00,11,9,11,20,0,750,104,"06, BOULEVARD BEAUMARCHA",,,Crépuscule ou aube,En agglomération,Hors intersection,Temps couvert,Sans collision,,,,,,,,,,,2,2,1,8.0,7.0
201100060176,0011-09-13 18:45:00,11,9,13,18,45,750,111,"131, BOULEVARD RICHARD L",,,Plein jour,En agglomération,Intersection en X,Normale,Deux véhicules - côté,,,,,,,,,,,1,2,2,1.0,3.0
201100060177,0011-09-14 10:00:00,11,9,14,10,0,750,111,"134, AVENUE PARMENTIER",,,Plein jour,En agglomération,Intersection en T,Normale,Deux véhicules - arrière,,,,,,,,,,,1,2,3,1.0,2.0
201100060178,0011-09-15 09:00:00,11,9,15,9,0,750,111,"48, RUE DE MONTREUIL",,,Plein jour,En agglomération,Hors intersection,Normale,Deux véhicules - côté,,,,,,,,,,,1,2,1,1.0,3.0
201100060179,0011-09-15 09:40:00,11,9,15,9,40,750,111,"96, AVENUE PHILIPPE AUGU",,,Plein jour,En agglomération,Intersection en X,Normale,Deux véhicules - côté,,,,,,,,,,,1,2,2,1.0,3.0
201100060180,0011-09-15 18:25:00,11,9,15,18,25,750,111,"17, RUE DU CHEMIN VERT",,,Plein jour,En agglomération,Intersection à plus de 4 branches,Normale,Autre collision,,,,,,,,,,,1,2,5,1.0,6.0
201100060181,0011-09-16 03:20:00,11,9,16,3,20,750,111,"180, RUE DE CHARONNE",,,Nuit avec éclairage allumé,En agglomération,Intersection en X,Normale,Deux véhicules - côté,,,,,,,,,,,5,2,2,1.0,3.0
201100060182,0011-09-16 13:05:00,11,9,16,13,5,750,111,"127, AVENUE PHILIPPE AUG",,,Plein jour,En agglomération,Hors intersection,Normale,Deux véhicules - côté,,,,,,,,,,,1,2,1,1.0,3.0
201100060183,0011-09-16 16:20:00,11,9,16,16,20,750,111,"95 bis, BOULEVARD RICHAR",,,Plein jour,En agglomération,Hors intersection,Normale,Deux véhicules - arrière,,,,,,,,,,,1,2,1,1.0,2.0
201100060184,0011-09-17 14:50:00,11,9,17,14,50,750,111,"131, AVENUE PHILIPPE AUG",,,Plein jour,En agglomération,Intersection à plus de 4 branches,Normale,Sans collision,,,,,,,,,,,1,2,5,1.0,7.0
201100060185,0011-09-19 15:30:00,11,9,19,15,30,750,111,"161, RUE DE CHARONNE",,,Plein jour,En agglomération,Intersection en T,Normale,Deux véhicules - côté,,,,,,,,,,,1,2,3,1.0,3.0
201100060186,0011-09-20 11:30:00,11,9,20,11,30,750,111,"184, BOULEVARD VOLTAIRE",,,Plein jour,En agglomération,Intersection en X,Normale,Autre collision,,,,,,,,,,,1,2,2,1.0,6.0
201100060187,0011-09-20 21:20:00,11,9,20,21,20,750,111,"6, BOULEVARD VOLTAIRE",,,Nuit avec éclairage allumé,En agglomération,Hors intersection,Normale,Deux véhicules - côté,,,,,,,,,,,5,2,1,1.0,3.0
201100060188,0011-09-20 22:50:00,11,9,20,22,50,750,111,"249, BOULEVARD VOLTAIRE",,,Nuit avec éclairage allumé,En agglomération,Intersection en T,Normale,Autre collision,,,,,,,,,,,5,2,3,1.0,6.0
201100060189,0011-09-21 14:15:00,11,9,21,14,15,750,111,"11, PLACE DE LA NATION",,,Plein jour,En agglomération,Place,Normale,Deux véhicules - côté,,,,,,,,,,,1,2,7,1.0,3.0
201100060190,0011-09-21 21:35:00,11,9,21,21,35,750,111,"137, BOULEVARD VOLTAIRE",,,Nuit avec éclairage allumé,En agglomération,Intersection en T,Normale,Deux véhicules - côté,,,,,,,,,,,5,2,3,1.0,3.0
201100060191,0011-09-22 08:15:00,11,9,22,8,15,750,111,"81, AVENUE DE LA REPUBLI",,,Plein jour,En agglomération,Intersection à plus de 4 branches,Normale,Sans collision,,,,,,,,,,,1,2,5,1.0,7.0
201100060192,0011-09-22 19:15:00,11,9,22,19,15,750,111,"78, BOULEVARD RICHARD LE",,,Nuit avec éclairage allumé,En agglomération,Hors intersection,Normale,Deux véhicules - arrière,,,,,,,,,,,5,2,1,1.0,2.0
201100060193,0011-09-23 17:30:00,11,9,23,17,30,750,111,"108, AVENUE LEDRU ROLLIN",,,Plein jour,En agglomération,Intersection en T,Normale,Deux véhicules - côté,,,,,,,,,,,1,2,3,1.0,3.0
201100060194,0011-09-25 04:05:00,11,9,25,4,5,750,111,"51, RUE DU FAUBOURG SAIN",,,Nuit sans éclairage public,En agglomération,Hors intersection,Normale,Deux véhicules - arrière,,,,,,,,,,,3,2,1,1.0,2.0
201100060195,0011-09-25 15:05:00,11,9,25,15,5,750,111,"102, AVENUE PHILIPPE AUG",,,Plein jour,En agglomération,Hors intersection,Normale,Deux véhicules - arrière,,,,,,,,,,,1,2,1,1.0,2.0
201100060196,0011-09-26 07:55:00,11,9,26,7,55,750,112,PLACE DE LA BASTILLE,,,Crépuscule ou aube,En agglomération,Place,Normale,Deux véhicules - arrière,,,,,,,,,,,2,2,7,1.0,2.0
201100060197,0011-09-26 17:50:00,11,9,26,17,50,750,111,BOULEVARD VOLTAIRE,,,Plein jour,En agglomération,Hors intersection,Normale,Deux véhicules - côté,,,,,,,,,,,1,2,1,1.0,3.0
201100060198,0011-09-27 09:40:00,11,9,27,9,40,750,111,"23, RUE DE LA FORGE ROYA",,,Plein jour,En agglomération,Hors intersection,Normale,Deux véhicules - arrière,,,,,,,,,,,1,2,1,1.0,2.0
201100060199,0011-09-27 17:15:00,11,9,27,17,15,750,111,"62, AVENUE DE LA REPUBLI",,,Plein jour,En agglomération,Hors intersection,Normale,Deux véhicules - côté,,,,,,,,,,,1,2,1,1.0,3.0
201100060200,0011-09-28 00:20:00,11,9,28,0,20,750,111,"14 bis, RUE SAINT MAUR",,,Nuit avec éclairage allumé,En agglomération,Hors intersection,Normale,Autre collision,,,,,,,,,,,5,2,1,1.0,6.0
201100060201,0011-09-28 13:10:00,11,9,28,13,10,750,111,"91, BOULEVARD VOLTAIRE",,,Plein jour,En agglomération,Intersection en X,Normale,Autre collision,,,,,,,,,,,1,2,2,1.0,6.0
201100060202,0011-09-28 17:20:00,11,9,28,17,20,750,111,"23, RUE JEAN PIERRE TIMB",,,Plein jour,En agglomération,Intersection en X,Normale,Autre collision,,,,,,,,,,,1,2,2,1.0,6.0
201100060203,0011-09-29 09:10:00,11,9,29,9,10,750,111,"100, BOULEVARD BEAUMARCH",,,Plein jour,En agglomération,Intersection en T,Normale,Deux véhicules - côté,,,,,,,,,,,1,2,3,1.0,3.0
201100060204,0011-10-01 10:30:00,11,10,1,10,30,750,111,"41, BOULEVARD RICHARD LE",,,Plein jour,En agglomération,Intersection en Y,Normale,Autre collision,,,,,,,,,,,1,2,4,1.0,6.0
201100060205,0011-10-01 16:45:00,11,10,1,16,45,750,111,"18, BOULEVARD RICHARD LE",,,Plein jour,En agglomération,Intersection en X,Normale,Deux véhicules - arrière,,,,,,,,,,,1,2,2,1.0,2.0
201100060206,0011-10-01 20:30:00,11,10,1,20,30,750,111,"51bis, AVENUE DE LA REPU",,,Nuit avec éclairage allumé,En agglomération,Hors intersection,Normale,Autre collision,,,,,,,,,,,5,2,1,1.0,6.0
201100060207,0011-10-02 12:15:00,11,10,2,12,15,750,111,"17, PLACE DE LA NATION",,,Plein jour,En agglomération,Place,Normale,Deux véhicules - côté,,,,,,,,,,,1,2,7,1.0,3.0
201100060208,0011-10-04 09:10:00,11,10,4,9,10,750,111,"7, RUE DE LA ROQUETTE",,,Plein jour,En agglomération,Hors intersection,Normale,Autre collision,,,,,,,,,,,1,2,1,1.0,6.0
201100060209,0011-10-04 11:50:00,11,10,4,11,50,750,111,"46, AVENUE PARMENTIER",,,Plein jour,En agglomération,Intersection en X,Normale,Sans collision,,,,,,,,,,,1,2,2,1.0,7.0
201100060210,0011-10-04 13:50:00,11,10,4,13,50,750,111,"131, AVENUE PARMENTIER",,,Plein jour,En agglomération,Hors intersection,Normale,Deux véhicules - côté,,,,,,,,,,,1,2,1,1.0,3.0
201100060211,0011-10-04 14:15:00,11,10,4,14,15,750,111,"42 bis, BOULEVARD RICHAR",,,Plein jour,En agglomération,Intersection en X,Normale,Deux véhicules - côté,,,,,,,,,,,1,2,2,1.0,3.0
201100060212,0011-10-04 17:10:00,11,10,4,17,10,750,111,"25, BOULEVARD DE BELLEVI",,,Plein jour,En agglomération,Intersection en T,Normale,Sans collision,,,,,,,,,,,1,2,3,1.0,7.0
201100060213,0011-10-05 09:10:00,11,10,5,9,10,750,111,"110, RUE SAINT MAUR",,,Plein jour,En agglomération,Hors intersection,Normale,Deux véhicules - côté,,,,,,,,,,,1,2,1,1.0,3.0
201100060214,0011-10-06 16:35:00,11,10,6,16,35,750,111,"12, RUE FAIDHERBE",,,Plein jour,En agglomération,Intersection en Y,Normale,Autre collision,,,,,,,,,,,1,2,4,1.0,6.0
201100060215,0011-10-06 21:05:00,11,10,6,21,5,750,120,"75, BOULEVARD DE MENILMO",,,Nuit avec éclairage allumé,En agglomération,Hors intersection,Normale,Autre collision,,,,,,,,,,,5,2,1,1.0,6.0
201100060216,0011-10-07 03:40:00,11,10,7,3,40,750,111,"22, RUE DE LA ROQUETTE",,,Nuit avec éclairage allumé,En agglomération,Hors intersection,Normale,Sans collision,,,,,,,,,,,5,2,1,1.0,7.0
201100060217,0011-10-07 07:15:00,11,10,7,7,15,750,111,"28, RUE FAIDHERBE",,,Nuit avec éclairage allumé,En agglomération,Hors intersection,Normale,Deux véhicules - arrière,,,,,,,,,,,5,2,1,1.0,2.0
201100060218,0011-10-07 08:50:00,11,10,7,8,50,750,111,"101, BOULEVARD RICHARD L",,,Plein jour,En agglomération,Intersection en X,Normale,Deux véhicules - côté,,,,,,,,,,,1,2,2,1.0,3.0
201100060219,0011-10-07 22:55:00,11,10,7,22,55,750,111,RUE SEDAINE,,,Nuit avec éclairage allumé,En agglomération,Intersection en X,Normale,Autre collision,,,,,,,,,,,5,2,2,1.0,6.0
201100060220,0011-10-08 04:50:00,11,10,8,4,50,750,111,"234, BOULEVARD VOLTAIRE",,,Nuit avec éclairage allumé,En agglomération,Intersection en T,Normale,Autre collision,,,,,,,,,,,5,2,3,1.0,6.0
201100060221,0011-10-08 18:30:00,11,10,8,18,30,750,111,"72, AVENUE DE LA REPUBLI",,,Plein jour,En agglomération,Intersection en X,Pluie légère,Autre collision,,,,,,,,,,,1,2,2,2.0,6.0
201100060222,0011-10-09 04:40:00,11,10,9,4,40,750,111,"98, RUE OBERKAMPF",,,Nuit avec éclairage allumé,En agglomération,Hors intersection,Pluie légère,Autre collision,,,,,,,,,,,5,2,1,2.0,6.0
201100060223,0011-10-09 19:25:00,11,10,9,19,25,750,111,"24, BOULEVARD DU TEMPLE",,,Nuit avec éclairage allumé,En agglomération,Intersection en X,Normale,Autre collision,,,,,,,,,,,5,2,2,1.0,6.0
201100060224,0011-10-09 20:10:00,11,10,9,20,10,750,111,"172, BOULEVARD VOLTAIRE",,,Nuit avec éclairage allumé,En agglomération,Intersection en T,Normale,Deux véhicules - arrière,,,,,,,,,,,5,2,3,1.0,2.0
201100060225,0011-10-10 12:00:00,11,10,10,12,0,750,111,"90, BOULEVARD RICHARD LE",,,Plein jour,En agglomération,Hors intersection,Temps couvert,Autre collision,,,,,,,,,,,1,2,1,8.0,6.0
201100060226,0011-10-10 16:00:00,11,10,10,16,0,750,112,"94, RUE DU FAUBOURG SAIN",,,Plein jour,En agglomération,Intersection en X,Normale,Autre collision,,,,,,,,,,,1,2,2,1.0,6.0
201100060227,0011-10-13 08:00:00,11,10,13,8,0,750,111,"132, AVENUE DE LA REPUBL",,,Plein jour,En agglomération,Intersection à plus de 4 branches,Normale,Deux véhicules - côté,,,,,,,,,,,1,2,5,1.0,3.0
201100060228,0011-10-13 12:45:00,11,10,13,12,45,750,111,"95, RUE DU FAUBOURG SAIN",,,Plein jour,En agglomération,Hors intersection,Normale,Deux véhicules - frontale,,,,,,,,,,,1,2,1,1.0,1.0
201100060229,0011-10-13 20:35:00,11,10,13,20,35,750,111,"263, RUE DU FAUBOURG SAI",,,Nuit avec éclairage allumé,En agglomération,Intersection en T,Normale,Deux véhicules - frontale,,,,,,,,,,,5,2,3,1.0,1.0
201100060230,0011-10-14 17:20:00,11,10,14,17,20,750,111,"50, RUE DE MALTE",,,Plein jour,En agglomération,Hors intersection,Normale,Deux véhicules - côté,,,,,,,,,,,1,2,1,1.0,3.0
201100060231,0011-10-15 17:00:00,11,10,15,17,0,750,111,"35, BOULEVARD DE BELLEVI",,,Plein jour,En agglomération,Intersection en X,Normale,Deux véhicules - arrière,,,,,,,,,,,1,2,2,1.0,2.0
201100060232,0011-10-15 21:20:00,11,10,15,21,20,750,111,"94, BOULEVARD RICHARD LE",,,Nuit avec éclairage allumé,En agglomération,Hors intersection,Normale,Deux véhicules - arrière,,,,,,,,,,,5,2,1,1.0,2.0
201100060233,0011-10-17 15:55:00,11,10,17,15,55,750,111,PLACE LEON BLUM,,,Plein jour,En agglomération,Place,Normale,Deux véhicules - côté,,,,,,,,,,,1,2,7,1.0,3.0
201100060234,0011-10-17 15:30:00,11,10,17,15,30,750,111,"94, AVENUE PHILIPPE AUGU",,,Plein jour,En agglomération,Intersection en X,Normale,Autre collision,,,,,,,,,,,1,2,2,1.0,6.0
201100060235,0011-10-17 18:00:00,11,10,17,18,0,750,111,"2, BOULEVARD BEAUMARCHAI",,,Plein jour,En agglomération,Place,Normale,Autre collision,,,,,,,,,,,1,2,7,1.0,6.0