accident_id,datetime,annee,mois,jour,heure,minute,departement,commune_insee,adresse,latitude,longitude,luminosite,agglomeration,intersection,meteo,collision,nb_vehicules,nb_usagers,nb_indemnes,nb_tues,nb_blesses_hosp,nb_blesses_legers,age_cond_1,age_cond_2,veh_type_cond_1,veh_type_cond_2,lum_code,agg_code,int_code,atm_code,col_code
201100060360,0011-02-08 09:30:00,11,2,8,9,30,750,112,"112, RUE DU FAUBOURG SAI",,,Plein jour,En agglomération,Hors intersection,Normale,Deux véhicules - côté,,,,,,,,,,,1,2,1,1.0,3.0
201100060361,0011-02-09 08:05:00,11,2,9,8,5,750,112,"80, AVENUE DAUMESNIL",,,Plein jour,En agglomération,Intersection à plus de 4 branches,Normale,Autre collision,,,,,,,,,,,1,2,5,1.0,6.0
201100060362,0011-02-09 19:05:00,11,2,9,19,5,750,112,SOUTERRAIN QUAI DE BERCY,,,Nuit avec éclairage allumé,En agglomération,Hors intersection,Normale,Deux véhicules - côté,,,,,,,,,,,5,2,1,1.0,3.0
201100060363,0011-02-11 16:45:00,11,2,11,16,45,750,112,"8, AVENUE COURTELINE",,,Plein jour,En agglomération,Hors intersection,Normale,Autre collision,,,,,,,,,,,1,2,1,1.0,6.0
201100060364,0011-02-15 11:35:00,11,2,15,11,35,750,112,"21, BOULEVARD DIDEROT",,,Plein jour,En agglomération,Intersection à plus de 4 branches,Pluie légère,Deux véhicules - côté,,,,,,,,,,,1,2,5,2.0,3.0
201100060365,0011-02-16 19:10:00,11,2,16,19,10,750,112,"127, BOULEVARD DIDEROT",,,Nuit avec éclairage allumé,En agglomération,Hors intersection,Normale,Deux véhicules - côté,,,,,,,,,,,5,2,1,1.0,3.0
201100060366,0011-02-17 12:05:00,11,2,17,12,5,750,112,"164, RUE DU FAUBOURG SAI",,,Plein jour,En agglomération,Intersection en X,Normale,Deux véhicules - côté,,,,,,,,,,,1,2,2,1.0,3.0
201100060367,0011-02-17 20:15:00,11,2,17,20,15,750,113,BOULEVARD PERIPHERIQUE E,,,Nuit avec éclairage allumé,En agglomération,Hors intersection,Normale,Sans collision,,,,,,,,,,,5,2,1,1.0,7.0
201100060368,0011-02-19 03:05:00,11,2,19,3,5,750,112,PLACE DE LA NATION,,,Nuit avec éclairage allumé,En agglomération,Intersection à plus de 4 branches,Normale,Deux véhicules - côté,,,,,,,,,,,5,2,5,1.0,3.0
201100060369,0011-02-19 14:50:00,11,2,19,14,50,750,112,"43, BOULEVARD DIDEROT",,,Plein jour,En agglomération,Intersection en T,Pluie légère,Deux véhicules - côté,,,,,,,,,,,1,2,3,2.0,3.0
201100060370,0011-02-20 01:50:00,11,2,20,1,50,750,112,"34, RUE CHALIGNY",,,Nuit avec éclairage allumé,En agglomération,Hors intersection,Normale,Deux véhicules - arrière,,,,,,,,,,,5,2,1,1.0,2.0
201100060371,0011-02-21 16:10:00,11,2,21,16,10,750,112,"1, AVENUE LEDRU ROLLIN",,,Plein jour,En agglomération,Intersection en X,Normale,Deux véhicules - arrière,,,,,,,,,,,1,2,2,1.0,2.0
201100060372,0011-02-22 14:40:00,11,2,22,14,40,750,112,QUAI DE BERCY,,,Plein jour,En agglomération,Intersection en X,Normale,Trois véhicules et plus - en chaîne,,,,,,,,,,,1,2,2,1.0,4.0
201100060373,0011-02-25 11:40:00,11,2,25,11,40,750,112,AVENUE DAUMESNIL,,,Plein jour,En agglomération,Hors intersection,Normale,Trois véhicules et plus - en chaîne,,,,,,,,,,,1,2,1,1.0,4.0
201100060374,0011-02-26 09:50:00,11,2,26,9,50,750,112,"5, RUE DE LYON",,,Plein jour,En agglomération,Intersection à plus de 4 branches,Pluie légère,Autre collision,,,,,,,,,,,1,2,5,2.0,6.0
201100060375,0011-02-27 12:55:00,11,2,27,12,55,750,112,RUE DE CHARENTON,,,Plein jour,En agglomération,Intersection en X,Normale,Deux véhicules - côté,,,,,,,,,,,1,2,2,1.0,3.0
201100060376,0011-03-01 15:05:00,11,3,1,15,5,750,112,"13, RUE VILLIOT",,,Plein jour,En agglomération,Hors intersection,Normale,Deux véhicules - côté,,,,,,,,,,,1,2,1,1.0,3.0
201100060377,0011-03-01 16:10:00,11,3,1,16,10,750,112,"49, RUE DU SERGENT BAUCH",,,Plein jour,En agglomération,Intersection en X,Normale,Autre collision,,,,,,,,,,,1,2,2,1.0,6.0
201100060378,0011-03-01 16:50:00,11,3,1,16,50,750,112,RUE PROUDHON,,,Plein jour,En agglomération,Intersection en X,Normale,Deux véhicules - côté,,,,,,,,,,,1,2,2,1.0,3.0
201100060379,0011-03-03 15:40:00,11,3,3,15,40,750,112,"76, BOULEVARD SOULT",,,Plein jour,En agglomération,Hors intersection,Normale,Autre collision,,,,,,,,,,,1,2,1,1.0,6.0
201100060380,0011-03-03 15:50:00,11,3,3,15,50,750,112,"237, RUE DE CHARENTON",,,Plein jour,En agglomération,Intersection en X,Normale,Autre collision,,,,,,,,,,,1,2,2,1.0,6.0
201100060381,0011-03-04 08:00:00,11,3,4,8,0,750,112,QUAI DE BERCY,,,Plein jour,En agglomération,Hors intersection,Normale,Deux véhicules - côté,,,,,,,,,,,1,2,1,1.0,3.0
201100060382,0011-03-04 19:00:00,11,3,4,19,0,750,112,"68, AVENUE DAUMESNIL",,,Nuit avec éclairage allumé,En agglomération,Intersection en T,Normale,Autre collision,,,,,,,,,,,5,2,3,1.0,6.0
201100060383,0011-03-05 13:25:00,11,3,5,13,25,750,112,BOULEVARD DIDEROT,,,Plein jour,En agglomération,Hors intersection,Normale,Deux véhicules - côté,,,,,,,,,,,1,2,1,1.0,3.0
201100060384,0011-03-05 19:15:00,11,3,5,19,15,750,112,BOULEVARD DE LA GUYANE,,,Nuit avec éclairage allumé,En agglomération,Intersection à plus de 4 branches,Normale,Deux véhicules - côté,,,,,,,,,,,5,2,5,1.0,3.0
201100060385,0011-03-06 15:40:00,11,3,6,15,40,750,112,"62, BOULEVARD DIDEROT",,,Plein jour,En agglomération,Hors intersection,Normale,Autre collision,,,,,,,,,,,1,2,1,1.0,6.0
201100060386,0011-03-07 12:15:00,11,3,7,12,15,750,112,"190, RUE DE BERCY",,,Plein jour,En agglomération,Hors intersection,Normale,Deux véhicules - côté,,,,,,,,,,,1,2,1,1.0,3.0
201100060387,0011-03-07 13:45:00,11,3,7,13,45,750,112,BOULEVARD DIDEROT,,,Plein jour,En agglomération,Hors intersection,Normale,Autre collision,,,,,,,,,,,1,2,1,1.0,6.0
201100060388,0011-03-09 23:49:00,11,3,9,23,49,750,112,PLACE DE LA NATION,,,Nuit avec éclairage allumé,En agglomération,Place,Normale,Deux véhicules - côté,,,,,,,,,,,5,2,7,1.0,3.0
201100060389,0011-03-10 15:40:00,11,3,10,15,40,750,112,"259, AVENUE DAUMESNIL",,,Plein jour,En agglomération,Intersection en T,Normale,Deux véhicules - côté,,,,,,,,,,,1,2,3,1.0,3.0
201100060390,0011-03-11 14:45:00,11,3,11,14,45,750,112,PLACE FELIX EBOUE,,,Plein jour,En agglomération,Place,Normale,Deux véhicules - côté,,,,,,,,,,,1,2,7,1.0,3.0
201100060391,0011-03-12 12:28:00,11,3,12,12,28,750,112,"4, PLACE DE LA NATION",,,Plein jour,En agglomération,Intersection à plus de 4 branches,Normale,Deux véhicules - côté,,,,,,,,,,,1,2,5,1.0,3.0
201100060392,0011-03-12 16:50:00,11,3,12,16,50,750,112,"34, QUAI DE LA RAPEE",,,Plein jour,En agglomération,Hors intersection,Pluie légère,Deux véhicules - arrière,,,,,,,,,,,1,2,1,2.0,2.0
201100060393,0011-03-12 17:10:00,11,3,12,17,10,750,112,"245, AVENUE DAUMESNIL",,,Plein jour,En agglomération,Hors intersection,Temps couvert,Autre collision,,,,,,,,,,,1,2,1,8.0,6.0
201100060394,0011-03-13 01:35:00,11,3,13,1,35,750,112,SOUTERRAIN TOLBIAC,,,Nuit avec éclairage allumé,En agglomération,Hors intersection,Pluie légère,Autre collision,,,,,,,,,,,5,2,1,2.0,6.0
201100060395,0011-03-15 08:05:00,11,3,15,8,5,750,112,ROUTE DE CEINTURE DU LAC,,,Plein jour,En agglomération,Hors intersection,Pluie légère,Autre collision,,,,,,,,,,,1,2,1,2.0,6.0
201100060396,0011-03-15 09:00:00,11,3,15,9,0,750,112,QUAI DE BERCY,,,Plein jour,En agglomération,Hors intersection,Normale,Sans collision,,,,,,,,,,,1,2,1,1.0,7.0
201100060397,0011-03-16 17:05:00,11,3,16,17,5,750,112,"142, AVENUE DAUMESNIL",,,Plein jour,En agglomération,Hors intersection,Normale,Autre collision,,,,,,,,,,,1,2,1,1.0,6.0
201100060398,0011-03-17 08:45:00,11,3,17,8,45,750,112,"210, RUE DU FAUBOURG SAI",,,Plein jour,En agglomération,Hors intersection,Normale,Deux véhicules - arrière,,,,,,,,,,,1,2,1,1.0,2.0
201100060399,0011-03-18 17:30:00,11,3,18,17,30,750,112,PLACE DE LA NATION,,,Plein jour,En agglomération,Intersection à plus de 4 branches,Pluie légère,Deux véhicules - côté,,,,,,,,,,,1,2,5,2.0,3.0
201100060400,0011-03-20 16:25:00,11,3,20,16,25,750,112,"130, RUE DE LYON",,,Plein jour,En agglomération,Intersection en T,Normale,Deux véhicules - côté,,,,,,,,,,,1,2,3,1.0,3.0
201100060401,0011-03-21 15:50:00,11,3,21,15,50,750,112,AVENUE DE GRAVELLE,,,Plein jour,En agglomération,Hors intersection,Temps éblouissant,Deux véhicules - arrière,,,,,,,,,,,1,2,1,7.0,2.0
201100060402,0011-03-21 18:55:00,11,3,21,18,55,750,112,"70, BOULEVARD SOULT",,,Nuit avec éclairage allumé,En agglomération,Intersection en X,Normale,Deux véhicules - côté,,,,,,,,,,,5,2,2,1.0,3.0
201100060403,0011-03-21 19:30:00,11,3,21,19,30,750,112,"229, RUE DE CHARENTON",,,Nuit avec éclairage allumé,En agglomération,Hors intersection,Normale,Autre collision,,,,,,,,,,,5,2,1,1.0,6.0
201100060404,0011-03-22 15:35:00,11,3,22,15,35,750,112,ECHANGEUR BERCY,,,Plein jour,En agglomération,Hors intersection,Normale,Deux véhicules - arrière,,,,,,,,,,,1,2,1,1.0,2.0
201100060405,0011-03-22 22:05:00,11,3,22,22,5,750,112,QUAI DE LA RAPEE,,,Nuit avec éclairage allumé,En agglomération,Hors intersection,Normale,Sans collision,,,,,,,,,,,5,2,1,1.0,7.0
201100060406,0011-03-24 09:30:00,11,3,24,9,30,750,112,AVENUE DE LA PORTE DE CH,,,Plein jour,En agglomération,Intersection à plus de 4 branches,Normale,Deux véhicules - côté,,,,,,,,,,,1,2,5,1.0,3.0
201100060407,0011-03-26 06:15:00,11,3,26,6,15,750,112,"45, BOULEVARD DIDEROT",,,Crépuscule ou aube,En agglomération,Intersection en Y,Normale,Deux véhicules - côté,,,,,,,,,,,2,2,4,1.0,3.0
201100060408,0011-03-27 10:27:00,11,3,27,10,27,750,112,AVENUE DE GRAVELLE,,,Plein jour,En agglomération,Hors intersection,Pluie légère,Sans collision,,,,,,,,,,,1,2,1,2.0,7.0
201100060409,0011-03-27 21:50:00,11,3,27,21,50,750,112,ESPLANADE SAINT LOUIS,,,Nuit avec éclairage allumé,En agglomération,Intersection à plus de 4 branches,Normale,Autre collision,,,,,,,,,,,5,2,5,1.0,6.0
201100060410,0011-03-28 09:05:00,11,3,28,9,5,750,112,"114, RUE DE REUILLY",,,Plein jour,En agglomération,Hors intersection,Normale,Deux véhicules - côté,,,,,,,,,,,1,2,1,1.0,3.0
201100060411,0011-03-28 18:40:00,11,3,28,18,40,750,112,"164, BOULEVARD DIDEROT",,,Plein jour,En agglomération,Hors intersection,Normale,Deux véhicules - arrière,,,,,,,,,,,1,2,1,1.0,2.0
201100060412,0011-03-29 14:25:00,11,3,29,14,25,750,112,"92, RUE DE BERCY",,,Plein jour,En agglomération,Hors intersection,Normale,Deux véhicules - côté,,,,,,,,,,,1,2,1,1.0,3.0
201100060413,0011-03-30 12:20:00,11,3,30,12,20,750,112,"50, RUE DU FAUBOURG SAIN",,,Plein jour,En agglomération,Hors intersection,Normale,Autre collision,,,,,,,,,,,1,2,1,1.0,6.0
201100060414,0011-04-01 13:30:00,11,4,1,13,30,750,112,"14, AVENUE DAUMESNIL",,,Plein jour,En agglomération,Hors intersection,Normale,Deux véhicules - arrière,,,,,,,,,,,1,2,1,1.0,2.0
201100060415,0011-04-01 13:30:00,11,4,1,13,30,750,112,BOULEVARD DIDEROT,,,Plein jour,En agglomération,Intersection en T,Normale,Deux véhicules - côté,,,,,,,,,,,1,2,3,1.0,3.0
201100060416,0011-04-02 13:35:00,11,4,2,13,35,750,112,ROUTE DE CEINTURE DU LAC,,,Plein jour,En agglomération,Hors intersection,Normale,Deux véhicules - arrière,,,,,,,,,,,1,2,1,1.0,2.0
201100060417,0011-04-02 15:55:00,11,4,2,15,55,750,112,"83, RUE DE BERCY",,,Plein jour,En agglomération,Hors intersection,Normale,Deux véhicules - arrière,,,,,,,,,,,1,2,1,1.0,2.0
201100060418,0011-04-03 13:45:00,11,4,3,13,45,750,112,"10, RUE DE DIJON",,,Plein jour,En agglomération,Hors intersection,Temps couvert,Autre collision,,,,,,,,,,,1,2,1,8.0,6.0
201100060419,0011-04-05 08:50:00,11,4,5,8,50,750,112,AVENUE DAUMESNIL,,,Plein jour,En agglomération,Intersection en Y,Normale,Deux véhicules - côté,,,,,,,,,,,1,2,4,1.0,3.0
201100060420,0011-04-05 17:15:00,11,4,5,17,15,750,112,QUAI DE BERCY,,,Plein jour,En agglomération,Hors intersection,Normale,Deux véhicules - arrière,,,,,,,,,,,1,2,1,1.0,2.0
201100060421,0011-04-05 19:45:00,11,4,5,19,45,750,112,ROUTE DU CHAMP DE MANOEU,,,Plein jour,En agglomération,Hors intersection,Normale,Deux véhicules - arrière,,,,,,,,,,,1,2,1,1.0,2.0
201100060422,0011-04-06 09:50:00,11,4,6,9,50,750,112,"120, COURS DE VINCENNES",,,Plein jour,En agglomération,Intersection en X,Normale,Deux véhicules - côté,,,,,,,,,,,1,2,2,1.0,3.0
201100060423,0011-04-09 06:20:00,11,4,9,6,20,750,112,"317, RUE DE CHARENTON",,,Crépuscule ou aube,En agglomération,Hors intersection,Normale,Autre collision,,,,,,,,,,,2,2,1,1.0,6.0
201100060424,0011-04-10 18:10:00,11,4,10,18,10,750,112,"84, AVENUE DE SAINT MAND",,,Plein jour,En agglomération,Place,Normale,Autre collision,,,,,,,,,,,1,2,7,1.0,6.0
201100060425,0011-04-10 23:30:00,11,4,10,23,30,750,112,RUE DU FAUBOURG SAINT AN,,,Nuit avec éclairage allumé,En agglomération,Intersection en X,Normale,Deux véhicules - frontale,,,,,,,,,,,5,2,2,1.0,1.0
201100060426,0011-04-11 10:40:00,11,4,11,10,40,750,112,ROUTE DE LA FERME,,,Plein jour,En agglomération,Hors intersection,Normale,Sans collision,,,,,,,,,,,1,2,1,1.0,7.0
201100060427,0011-04-11 16:00:00,11,4,11,16,0,750,112,"21, AVENUE LEDRU ROLLIN",,,Plein jour,En agglomération,Intersection en X,Normale,Autre collision,,,,,,,,,,,1,2,2,1.0,6.0
201100060428,0011-04-12 13:25:00,11,4,12,13,25,750,112,"52, AVENUE DU GENERAL MI",,,Plein jour,En agglomération,Hors intersection,Normale,Deux véhicules - côté,,,,,,,,,,,1,2,1,1.0,3.0
201100060429,0011-04-12 16:50:00,11,4,12,16,50,750,112,ROUTE DE LA PLAINE,,,Plein jour,En agglomération,Hors intersection,Normale,Autre collision,,,,,,,,,,,1,2,1,1.0,6.0
201100060430,0011-04-14 10:00:00,11,4,14,10,0,750,112,QUAI DE BERCY,,,Plein jour,En agglomération,Intersection en X,Normale,Deux véhicules - côté,,,,,,,,,,,1,2,2,1.0,3.0
201100060431,0011-04-14 11:40:00,11,4,14,11,40,750,112,AVENUE DE SAINT MANDE,,,Plein jour,En agglomération,Intersection en X,Normale,Deux véhicules - arrière,,,,,,,,,,,1,2,2,1.0,2.0
201100060432,0011-04-16 13:50:00,11,4,16,13,50,750,112,AVENUE DE NOGENT,,,Plein jour,En agglomération,Hors intersection,Normale,Autre collision,,,,,,,,,,,1,2,1,1.0,6.0
201100060433,0011-04-17 14:15:00,11,4,17,14,15,750,112,BOULEVARD SOULT,,,Plein jour,En agglomération,Intersection en X,Normale,Deux véhicules - côté,,,,,,,,,,,1,2,2,1.0,3.0
201100060434,0011-04-18 12:30:00,11,4,18,12,30,750,112,"269, AVENUE DAUMESNIL",,,Plein jour,En agglomération,Hors intersection,Normale,Sans collision,,,,,,,,,,,1,2,1,1.0,7.0
201100060435,0011-04-18 16:20:00,11,4,18,16,20,750,112,QUAI DE BERCY,,,Plein jour,En agglomération,Hors intersection,Normale,Autre collision,,,,,,,,,,,1,2,1,1.0,6.0
201100060436,0011-04-19 18:50:00,11,4,19,18,50,750,112,ROUTE DE CEINTURE DU LAC,,,Plein jour,En agglomération,Hors intersection,Normale,Autre collision,,,,,,,,,,,1,2,1,1.0,6.0
201100060437,0011-04-20 04:25:00,11,4,20,4,25,750,112,"26, RUE CHALIGNY",,,Nuit avec éclairage allumé,En agglomération,Hors intersection,Normale,Autre collision,,,,,,,,,,,5,2,1,1.0,6.0
201100060438,0011-04-21 01:30:00,11,4,21,1,30,750,112,BOULEVARD PONIATOWSKI,,,Nuit avec éclairage allumé,En agglomération,Hors intersection,Normale,Autre collision,,,,,,,,,,,5,2,1,1.0,6.0
201100060439,0011-04-21 08:45:00,11,4,21,8,45,750,112,QUAI DE LA RAPEE,,,Plein jour,En agglomération,Hors intersection,Normale,Deux véhicules - côté,,,,,,,,,,,1,2,1,1.0,3.0
201100060440,0011-04-21 12:00:00,11,4,21,12,0,750,112,"88, AVENUE DE SAINT MAND",,,Plein jour,En agglomération,Intersection en T,Normale,Deux véhicules - côté,,,,,,,,,,,1,2,3,1.0,3.0
201100060441,0011-04-22 11:05:00,11,4,22,11,5,750,112,"42, BOULEVARD DE PICPUS",,,Plein jour,En agglomération,Hors intersection,Normale,Deux véhicules - côté,,,,,,,,,,,1,2,1,1.0,3.0
201100060442,0011-04-22 13:20:00,11,4,22,13,20,750,112,ROUTE DE LA PYRAMIDE,,,Plein jour,En agglomération,Intersection à plus de 4 branches,Normale,Deux véhicules - côté,,,,,,,,,,,1,2,5,1.0,3.0
201100060443,0011-04-24 12:50:00,11,4,24,12,50,750,112,"56, RUE DE PICPUS",,,Plein jour,En agglomération,Hors intersection,Normale,Sans collision,,,,,,,,,,,1,2,1,1.0,7.0
201100060444,0011-04-25 18:30:00,11,4,25,18,30,750,112,"18, RUE DE GRAVELLE",,,Plein jour,En agglomération,Hors intersection,Normale,Deux véhicules - côté,,,,,,,,,,,1,2,1,1.0,3.0
201100060445,0011-04-27 18:15:00,11,4,27,18,15,750,112,"92, BOULEVARD DIDEROT",,,Plein jour,En agglomération,Hors intersection,Normale,Autre collision,,,,,,,,,,,1,2,1,1.0,6.0
201100060446,0011-04-27 18:10:00,11,4,27,18,10,750,112,AVENUE DE NOGENT,,,Plein jour,En agglomération,Hors intersection,Normale,Trois véhicules et plus - en chaîne,,,,,,,,,,,1,2,1,1.0,4.0
201100060447,0011-04-27 18:45:00,11,4,27,18,45,750,112,COURS DE VINCENNES,,,Plein jour,En agglomération,Intersection à plus de 4 branches,Normale,Autre collision,,,,,,,,,,,1,2,5,1.0,6.0
201100060448,0011-04-29 09:40:00,11,4,29,9,40,750,112,AVENUE DE NOGENT,,,Plein jour,En agglomération,Intersection en Y,Pluie légère,Deux véhicules - côté,,,,,,,,,,,1,2,4,2.0,3.0
201100060449,0011-04-29 14:12:00,11,4,29,14,12,750,112,COURS DES MARECHAUX,,,Plein jour,En agglomération,Hors intersection,Normale,Sans collision,,,,,,,,,,,1,2,1,1.0,7.0
201100060450,0011-04-30 21:10:00,11,4,30,21,10,750,112,COURS DES MARECHAUX,,,Nuit avec éclairage allumé,En agglomération,Hors intersection,Normale,Deux véhicules - arrière,,,,,,,,,,,5,2,1,1.0,2.0
201100060451,0011-05-02 14:40:00,11,5,2,14,40,750,112,VOIE GEORGES POMPIDOU,,,Plein jour,En agglomération,Hors intersection,Pluie légère,Autre collision,,,,,,,,,,,1,2,1,2.0,6.0
201100060452,0011-05-02 18:30:00,11,5,2,18,30,750,112,"/, RUE ROBERT ETLIN",,,Plein jour,En agglomération,Intersection à plus de 4 branches,Normale,Deux véhicules - côté,,,,,,,,,,,1,2,5,1.0,3.0
201100060453,0011-05-05 18:55:00,11,5,5,18,55,750,112,"102, RUE DE BERCY",,,Plein jour,En agglomération,Intersection en T,Normale,Autre collision,,,,,,,,,,,1,2,3,1.0,6.0
201100060454,0011-05-05 19:20:00,11,5,5,19,20,750,112,"67, BOULEVARD SOULT",,,Plein jour,En agglomération,Intersection en T,Normale,Deux véhicules - côté,,,,,,,,,,,1,2,3,1.0,3.0
201100060455,0011-05-06 12:05:00,11,5,6,12,5,750,112,QUAI DE BERCY,,,Plein jour,En agglomération,Hors intersection,Normale,Trois véhicules et plus - en chaîne,,,,,,,,,,,1,2,1,1.0,4.0
201100060456,0011-05-06 15:15:00,11,5,6,15,15,750,112,"157, RUE DE BERCY",,,Plein jour,En agglomération,Intersection en X,Normale,Deux véhicules - côté,,,,,,,,,,,1,2,2,1.0,3.0
201100060457,0011-05-06 19:20:00,11,5,6,19,20,750,112,QUAI DE LA RAPEE,,,Plein jour,En agglomération,Hors intersection,Normale,Deux véhicules - arrière,,,,,,,,,,,1,2,1,1.0,2.0
201100060458,0011-05-07 09:30:00,11,5,7,9,30,750,112,"20 bis, BOULEVARD DIDERO",,,Plein jour,En agglomération,Hors intersection,Normale,Autre collision,,,,,,,,,,,1,2,1,1.0,6.0
201100060459,0011-05-07 17:30:00,11,5,7,17,30,750,112,PLACE FELIX EBOUE,,,Plein jour,En agglomération,Intersection à plus de 4 branches,Normale,Deux véhicules - côté,,,,,,,,,,,1,2,5,1.0,3.0
201100060460,0011-05-07 16:40:00,11,5,7,16,40,750,112,COURS DE VINCENNES,,,Plein jour,En agglomération,Hors intersection,Normale,Autre collision,,,,,,,,,,,1,2,1,1.0,6.0
201100060461,0011-05-10 11:25:00,11,5,10,11,25,750,112,"174, RUE DE BERCY",,,Plein jour,En agglomération,Hors intersection,Normale,Autre collision,,,,,,,,,,,1,2,1,1.0,6.0
201100060462,0011-05-11 10:45:00,11,5,11,10,45,750,112,"2, PLACE LACHAMBEAUDIE",,,Plein jour,En agglomération,Intersection en X,Normale,Deux véhicules - côté,,,,,,,,,,,1,2,2,1.0,3.0
201100060463,0011-05-11 19:20:00,11,5,11,19,20,750,112,"67, AVENUE DE SAINT MAND",,,Plein jour,En agglomération,Intersection en Y,Normale,Autre collision,,,,,,,,,,,1,2,4,1.0,6.0
201100060464,0011-05-11 22:50:00,11,5,11,22,50,750,112,RUE DE REUILLY,,,Nuit avec éclairage allumé,En agglomération,Intersection en X,Normale,Autre collision,,,,,,,,,,,5,2,2,1.0,6.0
201100060465,0011-05-12 07:10:00,11,5,12,7,10,750,112,"37, BOULEVARD PONIATOWSK",,,Plein jour,En agglomération,Hors intersection,Normale,Deux véhicules - côté,,,,,,,,,,,1,2,1,1.0,3.0
201100060466,0011-05-13 18:55:00,11,5,13,18,55,750,112,"/, AVENUE DE NOGENT",,,Plein jour,En agglomération,Hors intersection,Normale,Deux véhicules - frontale,,,,,,,,,,,1,2,1,1.0,1.0
201100060467,0011-05-14 01:45:00,11,5,14,1,45,750,112,AVENUE DE NOGENT,,,Nuit avec éclairage allumé,En agglomération,Hors intersection,Normale,Deux véhicules - arrière,,,,,,,,,,,5,2,1,1.0,2.0
201100060468,0011-05-14 10:50:00,11,5,14,10,50,750,112,"106, RUE DU FAUBOURG SAI",,,Plein jour,En agglomération,Intersection en T,Normale,Deux véhicules - côté,,,,,,,,,,,1,2,3,1.0,3.0
201100060469,0011-05-14 12:55:00,11,5,14,12,55,750,112,"226, RUE DU FAUBOURG SAI",,,Plein jour,En agglomération,Hors intersection,Normale,Sans collision,,,,,,,,,,,1,2,1,1.0,7.0
201100060470,0011-05-14 13:10:00,11,5,14,13,10,750,112,"29, BOULEVARD PONIATOWSK",,,Plein jour,En agglomération,Hors intersection,Normale,Autre collision,,,,,,,,,,,1,2,1,1.0,6.0
201100060471,0011-05-14 15:25:00,11,5,14,15,25,750,112,AVENUE DE GRAVELLE,,,Plein jour,En agglomération,Intersection en Y,Normale,Deux véhicules - arrière,,,,,,,,,,,1,2,4,1.0,2.0
201100060472,0011-05-14 22:30:00,11,5,14,22,30,750,112,BOULEVARD DIDEROT,,,Nuit avec éclairage allumé,En agglomération,Intersection en Y,Normale,Deux véhicules - arrière,,,,,,,,,,,5,2,4,1.0,2.0
201100060473,0011-05-19 10:10:00,11,5,19,10,10,750,112,"26, AVENUE DAUMESNIL",,,Plein jour,En agglomération,Intersection à plus de 4 branches,Normale,Autre collision,,,,,,,,,,,1,2,5,1.0,6.0
201100060474,0011-05-19 20:20:00,11,5,19,20,20,750,112,AVENUE DU TREMBLAY,,,Crépuscule ou aube,En agglomération,Hors intersection,Normale,Deux véhicules - arrière,,,,,,,,,,,2,2,1,1.0,2.0
201100060475,0011-05-21 11:30:00,11,5,21,11,30,750,112,"90, BOULEVARD DIDEROT",,,Plein jour,En agglomération,Intersection en X,Normale,Deux véhicules - côté,,,,,,,,,,,1,2,2,1.0,3.0
201100060476,0011-05-22 14:10:00,11,5,22,14,10,750,112,AVENUE DE GRAVELLE,,,Plein jour,En agglomération,Intersection à plus de 4 branches,Normale,Deux véhicules - arrière,,,,,,,,,,,1,2,5,1.0,2.0
201100060477,0011-05-22 20:40:00,11,5,22,20,40,750,112,AVENUE DAUMESNIL,,,Crépuscule ou aube,En agglomération,Intersection en X,Normale,Deux véhicules - côté,,,,,,,,,,,2,2,2,1.0,3.0
201100060478,0011-05-23 09:15:00,11,5,23,9,15,750,112,"72, BOULEVARD DE REUILLY",,,Plein jour,En agglomération,Hors intersection,Normale,Deux véhicules - côté,,,,,,,,,,,1,2,1,1.0,3.0
201100060479,0011-05-23 13:05:00,11,5,23,13,5,750,112,"4, AVENUE DU TRONE",,,Plein jour,En agglomération,Hors intersection,Normale,Deux véhicules - côté,,,,,,,,,,,1,2,1,1.0,3.0
201100060480,0011-05-23 19:35:00,11,5,23,19,35,750,112,PLACE DE LA NATION,,,Plein jour,En agglomération,Place,Normale,Autre collision,,,,,,,,,,,1,2,7,1.0,6.0
201100060481,0011-05-24 08:50:00,11,5,24,8,50,750,112,"88, QUAI DE LA RAPEE",,,Plein jour,En agglomération,Intersection en Y,Normale,Autre collision,,,,,,,,,,,1,2,4,1.0,6.0
201100060482,0011-05-24 18:20:00,11,5,24,18,20,750,112,"53, AVENUE DE SAINT MAUR",,,Plein jour,En agglomération,Hors intersection,Normale,Deux véhicules - côté,,,,,,,,,,,1,2,1,1.0,3.0
201100060483,0011-05-25 06:55:00,11,5,25,6,55,750,112,"08, AVENUE DAUMESNIL",,,Plein jour,En agglomération,Intersection en T,Normale,Deux véhicules - côté,,,,,,,,,,,1,2,3,1.0,3.0
201100060484,0011-05-26 00:01:00,11,5,26,0,1,750,112,"100, QUAI DE LA RAPEE",,,Nuit avec éclairage allumé,En agglomération,Hors intersection,Normale,Deux véhicules - côté,,,,,,,,,,,5,2,1,1.0,3.0
201100060485,0011-05-26 14:35:00,11,5,26,14,35,750,112,RUE DU CHAROLAIS,,,Plein jour,En agglomération,Hors intersection,Normale,Autre collision,,,,,,,,,,,1,2,1,1.0,6.0
201100060486,0011-05-27 19:30:00,11,5,27,19,30,750,112,"129bis, AVENUE DAUMESNIL",,,Crépuscule ou aube,En agglomération,Intersection à plus de 4 branches,Normale,Deux véhicules - arrière,,,,,,,,,,,2,2,5,1.0,2.0
201100060487,0011-05-28 09:25:00,11,5,28,9,25,750,112,"30, PLACE DE LA NATION",,,Plein jour,En agglomération,Place,Normale,Deux véhicules - arrière,,,,,,,,,,,1,2,7,1.0,2.0