accident_id,datetime,annee,mois,jour,heure,minute,departement,commune_insee,adresse,latitude,longitude,luminosite,agglomeration,intersection,meteo,collision,nb_vehicules,nb_usagers,nb_indemnes,nb_tues,nb_blesses_hosp,nb_blesses_legers,age_cond_1,age_cond_2,veh_type_cond_1,veh_type_cond_2,lum_code,agg_code,int_code,atm_code,col_code
201100060488,0011-05-28 11:55:00,11,5,28,11,55,750,112,"268, RUE DE CHARENTON",,,Plein jour,En agglomération,Hors intersection,Normale,Deux véhicules - côté,,,,,,,,,,,1,2,1,1.0,3.0
201100060489,0011-05-30 16:40:00,11,5,30,16,40,750,112,AVENUE DAUMESNIL,,,Plein jour,En agglomération,Hors intersection,Normale,Autre collision,,,,,,,,,,,1,2,1,1.0,6.0
201100060490,0011-05-31 09:40:00,11,5,31,9,40,750,112,"100, QUAI DE LA RAPEE",,,Plein jour,En agglomération,Intersection en T,Normale,Autre collision,,,,,,,,,,,1,2,3,1.0,6.0
201100060491,0011-06-01 19:11:00,11,6,1,19,11,750,112,"38, BOULEVARD DIDEROT",,,Plein jour,En agglomération,Hors intersection,Normale,Deux véhicules - arrière,,,,,,,,,,,1,2,1,1.0,2.0
201100060492,0011-06-02 11:00:00,11,6,2,11,0,750,112,"126, RUE DU FAUBOURG SAI",,,Plein jour,En agglomération,Intersection à plus de 4 branches,Normale,Deux véhicules - côté,,,,,,,,,,,1,2,5,1.0,3.0
201100060493,0011-06-03 02:30:00,11,6,3,2,30,750,112,"239, RUE DE CHARENTON",,,Nuit avec éclairage allumé,En agglomération,Intersection en X,Normale,Deux véhicules - côté,,,,,,,,,,,5,2,2,1.0,3.0
201100060494,0011-06-07 11:15:00,11,6,7,11,15,750,112,"246, RUE DU FAUBOURG SAI",,,Plein jour,En agglomération,Intersection en X,Pluie légère,Deux véhicules - arrière,,,,,,,,,,,1,2,2,2.0,2.0
201100060495,0011-06-08 16:50:00,11,6,8,16,50,750,112,AVENUE DE NOGENT,,,Plein jour,En agglomération,Intersection en X,Normale,Deux véhicules - frontale,,,,,,,,,,,1,2,2,1.0,1.0
201100060496,0011-06-08 17:15:00,11,6,8,17,15,750,112,"55, BOULEVARD DIDEROT",,,Plein jour,En agglomération,Intersection en X,Normale,Deux véhicules - côté,,,,,,,,,,,1,2,2,1.0,3.0
201100060497,0011-06-09 13:30:00,11,6,9,13,30,750,112,"07, PLACE FELIX EBOUE",,,Plein jour,En agglomération,Place,Normale,Deux véhicules - côté,,,,,,,,,,,1,2,7,1.0,3.0
201100060498,0011-06-09 19:00:00,11,6,9,19,0,750,112,"XII-1413, COURS DES MARE",,,Plein jour,En agglomération,Hors intersection,Normale,Trois véhicules et plus - en chaîne,,,,,,,,,,,1,2,1,1.0,4.0
201100060499,0011-06-10 15:15:00,11,6,10,15,15,750,112,"42, COURS DE VINCENNES",,,Plein jour,En agglomération,Hors intersection,Pluie légère,Autre collision,,,,,,,,,,,1,2,1,2.0,6.0
201100060500,0011-06-11 02:55:00,11,6,11,2,55,750,112,"268, RUE DE CHARENTON",,,Nuit avec éclairage allumé,En agglomération,Hors intersection,Normale,Deux véhicules - arrière,,,,,,,,,,,5,2,1,1.0,2.0
201100060501,0011-06-14 10:30:00,11,6,14,10,30,750,112,PLACE DE LA BASTILLE,,,Plein jour,En agglomération,Place,Pluie légère,Sans collision,,,,,,,,,,,1,2,7,2.0,7.0
201100060502,0011-06-15 13:30:00,11,6,15,13,30,750,112,"54, QUAI DE LA RAPEE",,,Plein jour,En agglomération,Hors intersection,Normale,Trois véhicules et plus - collisions multiples,,,,,,,,,,,1,2,1,1.0,5.0
201100060503,0011-06-16 15:30:00,11,6,16,15,30,750,112,"02, PLACE DE LA NATION",,,Plein jour,En agglomération,Place,Normale,Deux véhicules - côté,,,,,,,,,,,1,2,7,1.0,3.0
201100060504,0011-06-16 22:50:00,11,6,16,22,50,750,112,PONT D AUSTERLITZ,,,Nuit avec éclairage allumé,En agglomération,Intersection à plus de 4 branches,Normale,Autre collision,,,,,,,,,,,5,2,5,1.0,6.0
201100060505,0011-06-17 17:15:00,11,6,17,17,15,750,112,"170, RUE DE CHARENTON",,,Plein jour,En agglomération,Hors intersection,Pluie légère,Deux véhicules - arrière,,,,,,,,,,,1,2,1,2.0,2.0
201100060506,0011-06-19 05:10:00,11,6,19,5,10,750,112,"22, RUE DU FAUBOURG SAIN",,,Nuit avec éclairage allumé,En agglomération,Hors intersection,Normale,Deux véhicules - côté,,,,,,,,,,,5,2,1,1.0,3.0
201100060507,0011-06-22 09:45:00,11,6,22,9,45,750,112,"/, ROUTE DE CEINTURE DU",,,Plein jour,En agglomération,Hors intersection,Pluie légère,Autre collision,,,,,,,,,,,1,2,1,2.0,6.0
201100060508,0011-06-22 13:20:00,11,6,22,13,20,750,112,"72, BOULEVARD SOULT",,,Plein jour,En agglomération,Intersection en X,Normale,Deux véhicules - frontale,,,,,,,,,,,1,2,2,1.0,1.0
201100060509,0011-06-22 15:30:00,11,6,22,15,30,750,112,"86, BOULEVARD SOULT",,,Plein jour,En agglomération,Intersection en X,Normale,Autre collision,,,,,,,,,,,1,2,2,1.0,6.0
201100060510,0011-06-23 09:00:00,11,6,23,9,0,750,112,"/, AVENUE DAUMESNIL",,,Plein jour,En agglomération,Intersection en T,Temps couvert,Sans collision,,,,,,,,,,,1,2,3,8.0,7.0
201100060511,0011-06-23 08:50:00,11,6,23,8,50,750,112,QUAI DE BERCY,,,Plein jour,En agglomération,Hors intersection,Temps couvert,Deux véhicules - arrière,,,,,,,,,,,1,2,1,8.0,2.0
201100060512,0011-06-23 11:20:00,11,6,23,11,20,750,112,QUAI DE LA RAPEE,,,Plein jour,En agglomération,Intersection en T,Normale,Sans collision,,,,,,,,,,,1,2,3,1.0,7.0
201100060513,0011-06-23 12:09:00,11,6,23,12,9,750,112,"56, AVENUE DU GENERAL MI",,,Plein jour,En agglomération,Hors intersection,Normale,Autre collision,,,,,,,,,,,1,2,1,1.0,6.0
201100060514,0011-06-24 11:05:00,11,6,24,11,5,750,112,"70, RUE DE LYON",,,Plein jour,En agglomération,Intersection en T,Normale,Deux véhicules - côté,,,,,,,,,,,1,2,3,1.0,3.0
201100060515,0011-06-25 07:50:00,11,6,25,7,50,750,112,ROUTE DE LA PYRAMIDE,,,Plein jour,En agglomération,Intersection à plus de 4 branches,Normale,Deux véhicules - frontale,,,,,,,,,,,1,2,5,1.0,1.0
201100060516,0011-06-25 15:30:00,11,6,25,15,30,750,112,AVENUE DAUMESNIL,,,Plein jour,En agglomération,Intersection en X,Normale,Deux véhicules - arrière,,,,,,,,,,,1,2,2,1.0,2.0
201100060517,0011-06-27 15:00:00,11,6,27,15,0,750,112,"123, BOULEVARD SOULT",,,Plein jour,En agglomération,Hors intersection,Normale,Sans collision,,,,,,,,,,,1,2,1,1.0,7.0
201100060518,0011-06-28 18:25:00,11,6,28,18,25,750,112,"115, BOULEVARD PONIATOWS",,,Plein jour,En agglomération,Intersection en X,Normale,Autre collision,,,,,,,,,,,1,2,2,1.0,6.0
201100060519,0011-06-28 20:05:00,11,6,28,20,5,750,112,"40-42, BOULEVARD DE BERC",,,Plein jour,En agglomération,Hors intersection,Normale,Deux véhicules - côté,,,,,,,,,,,1,2,1,1.0,3.0
201100060520,0011-06-29 20:15:00,11,6,29,20,15,750,112,"252, AVENUE DAUMESNIL",,,Plein jour,En agglomération,Intersection à plus de 4 branches,Normale,Deux véhicules - côté,,,,,,,,,,,1,2,5,1.0,3.0
201100060521,0011-06-30 00:55:00,11,6,30,0,55,750,112,QUAI DE BERCY,,,Nuit avec éclairage allumé,En agglomération,Hors intersection,Normale,Autre collision,,,,,,,,,,,5,2,1,1.0,6.0
201100060522,0011-06-30 20:00:00,11,6,30,20,0,750,112,"10, IMPASSE DE WATTIGNIE",,,Plein jour,En agglomération,Intersection en X,Normale,Autre collision,,,,,,,,,,,1,2,2,1.0,6.0
201100060523,0011-07-01 12:30:00,11,7,1,12,30,750,112,"34, RUE MONTGALLET",,,Plein jour,En agglomération,Intersection en T,Normale,Sans collision,,,,,,,,,,,1,2,3,1.0,7.0
201100060524,0011-07-01 15:55:00,11,7,1,15,55,750,112,"24, BOULEVARD DE LA BAST",,,Plein jour,En agglomération,Hors intersection,Normale,Autre collision,,,,,,,,,,,1,2,1,1.0,6.0
201100060525,0011-07-01 17:30:00,11,7,1,17,30,750,112,RUE DE CHARENTON,,,Plein jour,En agglomération,Intersection en X,Normale,Deux véhicules - côté,,,,,,,,,,,1,2,2,1.0,3.0
201100060526,0011-07-02 02:40:00,11,7,2,2,40,750,112,QUAI DE LA RAPEE,,,Nuit avec éclairage allumé,En agglomération,Intersection à plus de 4 branches,Normale,Deux véhicules - côté,,,,,,,,,,,5,2,5,1.0,3.0
201100060527,0011-07-01 13:15:00,11,7,1,13,15,750,112,QUAI DE LA RAPEE,,,Plein jour,En agglomération,Hors intersection,Normale,Deux véhicules - arrière,,,,,,,,,,,1,2,1,1.0,2.0
201100060528,0011-07-02 07:00:00,11,7,2,7,0,750,112,"44, RUE DE LA VOUTE",,,Plein jour,En agglomération,Hors intersection,Normale,Autre collision,,,,,,,,,,,1,2,1,1.0,6.0
201100060529,0011-07-03 17:25:00,11,7,3,17,25,750,112,"42, AVENUE DAUMESNIL",,,Plein jour,En agglomération,Intersection en X,Normale,Deux véhicules - côté,,,,,,,,,,,1,2,2,1.0,3.0
201100060530,0011-07-03 22:20:00,11,7,3,22,20,750,112,QUAI DE BERCY,,,Nuit avec éclairage allumé,En agglomération,Intersection à plus de 4 branches,Normale,Deux véhicules - côté,,,,,,,,,,,5,2,5,1.0,3.0
201100060531,0011-07-06 22:15:00,11,7,6,22,15,750,112,"20 bis, BOULEVARD DIDERO",,,Nuit avec éclairage allumé,En agglomération,Intersection à plus de 4 branches,Normale,Deux véhicules - côté,,,,,,,,,,,5,2,5,1.0,3.0
201100060532,0011-07-07 21:30:00,11,7,7,21,30,750,112,"68, BOULEVARD DE BERCY",,,Plein jour,En agglomération,Hors intersection,Normale,Deux véhicules - arrière,,,,,,,,,,,1,2,1,1.0,2.0
201100060533,0011-07-10 09:00:00,11,7,10,9,0,750,112,RUE DE BERCY,,,Plein jour,En agglomération,Intersection en X,Normale,Deux véhicules - côté,,,,,,,,,,,1,2,2,1.0,3.0
201100060534,0011-07-11 08:50:00,11,7,11,8,50,750,112,"142, BOULEVARD DIDEROT",,,Plein jour,En agglomération,Hors intersection,Normale,Autre collision,,,,,,,,,,,1,2,1,1.0,6.0
201100060535,0011-07-11 10:20:00,11,7,11,10,20,750,112,"37, RUE DE REUILLY",,,Plein jour,En agglomération,Intersection en T,Normale,Autre collision,,,,,,,,,,,1,2,3,1.0,6.0
201100060536,0011-07-11 17:00:00,11,7,11,17,0,750,112,"80, RUE DU FAUBOURG SAIN",,,Plein jour,En agglomération,Intersection en X,Normale,Deux véhicules - côté,,,,,,,,,,,1,2,2,1.0,3.0
201100060537,0011-07-12 22:00:00,11,7,12,22,0,750,112,"61, RUE DE LYON",,,Crépuscule ou aube,En agglomération,Hors intersection,Normale,Deux véhicules - côté,,,,,,,,,,,2,2,1,1.0,3.0
201100060538,0011-07-13 19:00:00,11,7,13,19,0,750,112,QUAI DE LA RAPEE,,,Plein jour,En agglomération,Intersection à plus de 4 branches,Normale,Deux véhicules - côté,,,,,,,,,,,1,2,5,1.0,3.0
201100060539,0011-07-17 08:30:00,11,7,17,8,30,750,112,ROUTE DU PESAGE,,,Plein jour,En agglomération,Intersection en T,Normale,Autre collision,,,,,,,,,,,1,2,3,1.0,6.0
201100060540,0011-07-18 12:50:00,11,7,18,12,50,750,112,ROUTE DE LA PYRAMIDE,,,Plein jour,En agglomération,Intersection à plus de 4 branches,Temps couvert,Deux véhicules - côté,,,,,,,,,,,1,2,5,8.0,3.0
201100060541,0011-07-18 14:50:00,11,7,18,14,50,750,112,"119, AVENUE DAUMESNIL",,,Plein jour,En agglomération,Hors intersection,Normale,Autre collision,,,,,,,,,,,1,2,1,1.0,6.0
201100060542,0011-07-18 15:45:00,11,7,18,15,45,750,112,QUAI DE LA RAPEE,,,Plein jour,En agglomération,Hors intersection,Normale,Trois véhicules et plus - en chaîne,,,,,,,,,,,1,2,1,1.0,4.0
201100060543,0011-07-18 22:24:00,11,7,18,22,24,750,112,RUE DE CHARENTON,,,Nuit avec éclairage allumé,En agglomération,Intersection à plus de 4 branches,Normale,Autre collision,,,,,,,,,,,5,2,5,1.0,6.0
201100060544,0011-07-21 00:45:00,11,7,21,0,45,750,112,BOULEVARD DE BERCY,,,Nuit avec éclairage allumé,En agglomération,Hors intersection,Pluie légère,Autre collision,,,,,,,,,,,5,2,1,2.0,6.0
201100060545,0011-07-21 07:50:00,11,7,21,7,50,750,112,"2, BOULEVARD DE LA BASTI",,,Plein jour,En agglomération,Intersection en Y,Pluie légère,Deux véhicules - côté,,,,,,,,,,,1,2,4,2.0,3.0
201100060546,0011-07-21 20:30:00,11,7,21,20,30,750,112,PORTE DE VINCENNES,,,Crépuscule ou aube,En agglomération,Hors intersection,Pluie légère,Deux véhicules - côté,,,,,,,,,,,2,2,1,2.0,3.0
201100060547,0011-07-24 14:50:00,11,7,24,14,50,750,112,QUAI DE BERCY,,,Plein jour,En agglomération,Hors intersection,Normale,Deux véhicules - côté,,,,,,,,,,,1,2,1,1.0,3.0
201100060548,0011-07-24 20:00:00,11,7,24,20,0,750,112,AVENUE DE GRAVELLE   ST,,,Plein jour,En agglomération,Intersection en X,Normale,Deux véhicules - côté,,,,,,,,,,,1,2,2,1.0,3.0
201100060549,0011-07-25 17:10:00,11,7,25,17,10,750,112,PLACE DE LA NATION,,,Plein jour,En agglomération,Place,Normale,Trois véhicules et plus - collisions multiples,,,,,,,,,,,1,2,7,1.0,5.0
201100060550,0011-07-26 10:40:00,11,7,26,10,40,750,112,"1, AVENUE DAUMESNIL",,,Plein jour,En agglomération,Intersection en Y,Normale,Autre collision,,,,,,,,,,,1,2,4,1.0,6.0
201100060551,0011-07-26 17:45:00,11,7,26,17,45,750,112,"84, AVENUE DE SAINT MAND",,,Plein jour,En agglomération,Intersection à plus de 4 branches,Normale,Autre collision,,,,,,,,,,,1,2,5,1.0,6.0
201100060552,0011-07-26 23:30:00,11,7,26,23,30,750,112,"4, PLACE FELIX EBOUE",,,Nuit avec éclairage allumé,En agglomération,Place,Normale,Deux véhicules - côté,,,,,,,,,,,5,2,7,1.0,3.0
201100060553,0011-07-27 19:30:00,11,7,27,19,30,750,112,"26, RUE CHALIGNY",,,Plein jour,En agglomération,Hors intersection,Pluie légère,Deux véhicules - côté,,,,,,,,,,,1,2,1,2.0,3.0
201100060554,0011-07-27 18:10:00,11,7,27,18,10,750,112,QUAI DE LA RAPEE,,,Plein jour,En agglomération,Hors intersection,Pluie légère,Sans collision,,,,,,,,,,,1,2,1,2.0,7.0
201100060555,0011-07-28 08:35:00,11,7,28,8,35,750,112,AVENUE DE NOGENT,,,Plein jour,En agglomération,Hors intersection,Normale,Deux véhicules - côté,,,,,,,,,,,1,2,1,1.0,3.0
201100060556,0011-07-28 10:10:00,11,7,28,10,10,750,112,"257, AVENUE DAUMESNIL",,,Plein jour,En agglomération,Intersection en T,Normale,Autre collision,,,,,,,,,,,1,2,3,1.0,6.0
201100060557,0011-07-28 09:35:00,11,7,28,9,35,750,112,"76, QUAI DE LA RAPEE",,,Plein jour,En agglomération,Hors intersection,Normale,Deux véhicules - côté,,,,,,,,,,,1,2,1,1.0,3.0
201100060558,0011-07-28 14:35:00,11,7,28,14,35,750,112,"117, BOULEVARD SOULT",,,Plein jour,En agglomération,Intersection à plus de 4 branches,Temps couvert,Deux véhicules - côté,,,,,,,,,,,1,2,5,8.0,3.0
201100060559,0011-07-28 16:20:00,11,7,28,16,20,750,112,"20, BOULEVARD PONIATOWSK",,,Plein jour,En agglomération,Hors intersection,Pluie légère,Deux véhicules - arrière,,,,,,,,,,,1,2,1,2.0,2.0
201100060560,0011-07-29 14:20:00,11,7,29,14,20,750,112,"54, AVENUE DU DOCTEUR AR",,,Plein jour,En agglomération,Intersection à plus de 4 branches,Normale,Deux véhicules - arrière,,,,,,,,,,,1,2,5,1.0,2.0
201100060561,0011-07-30 00:40:00,11,7,30,0,40,750,112,"52, RUE DU FAUBOURG SAIN",,,Nuit avec éclairage allumé,En agglomération,Hors intersection,Normale,Autre collision,,,,,,,,,,,5,2,1,1.0,6.0
201100060562,0011-07-30 06:35:00,11,7,30,6,35,750,112,"230, RUE DU FAUBOURG SAI",,,Crépuscule ou aube,En agglomération,Hors intersection,Normale,Autre collision,,,,,,,,,,,2,2,1,1.0,6.0
201100060563,0011-07-30 18:10:00,11,7,30,18,10,750,112,RUE VAN GOGH,,,Plein jour,En agglomération,Hors intersection,Normale,Deux véhicules - côté,,,,,,,,,,,1,2,1,1.0,3.0
201100060564,0011-08-01 06:15:00,11,8,1,6,15,750,112,QUAI DE LA RAPEE,,,Crépuscule ou aube,En agglomération,Hors intersection,Normale,Deux véhicules - côté,,,,,,,,,,,2,2,1,1.0,3.0
201100060565,0011-08-01 08:25:00,11,8,1,8,25,750,112,"7, BOULEVARD DIDEROT",,,Plein jour,En agglomération,Intersection en T,Normale,Deux véhicules - arrière,,,,,,,,,,,1,2,3,1.0,2.0
201100060566,0011-08-01 10:00:00,11,8,1,10,0,750,112,AVENUE DE SAINT MAURICE,,,Plein jour,En agglomération,Intersection en Y,Normale,Sans collision,,,,,,,,,,,1,2,4,1.0,7.0
201100060567,0011-08-01 14:30:00,11,8,1,14,30,750,112,"20, BOULEVARD PONIATOWSK",,,Plein jour,En agglomération,Intersection en T,Normale,Autre collision,,,,,,,,,,,1,2,3,1.0,6.0
201100060568,0011-08-01 15:40:00,11,8,1,15,40,750,112,"255, AVENUE DAUMESNIL",,,Plein jour,En agglomération,Intersection en X,Normale,Deux véhicules - côté,,,,,,,,,,,1,2,2,1.0,3.0
201100060569,0011-08-01 22:10:00,11,8,1,22,10,750,112,"61, AVENUE DAUMESNIL",,,Nuit avec éclairage allumé,En agglomération,Intersection en T,Vent fort / tempête,Sans collision,,,,,,,,,,,5,2,3,6.0,7.0
201100060570,0011-08-02 17:40:00,11,8,2,17,40,750,112,QUAI DE BERCY,,,Plein jour,En agglomération,Intersection à plus de 4 branches,Normale,Deux véhicules - arrière,,,,,,,,,,,1,2,5,1.0,2.0
201100060571,0011-08-04 17:15:00,11,8,4,17,15,750,112,QUAI DE BERCY,,,Plein jour,En agglomération,Hors intersection,Normale,Autre collision,,,,,,,,,,,1,2,1,1.0,6.0
201100060572,0011-08-04 20:10:00,11,8,4,20,10,750,112,"213, AVENUE DAUMESNIL",,,Crépuscule ou aube,En agglomération,Intersection en T,Normale,Deux véhicules - côté,,,,,,,,,,,2,2,3,1.0,3.0
201100060573,0011-08-05 07:30:00,11,8,5,7,30,750,112,"30, AVENUE DU BEL AIR",,,Plein jour,En agglomération,Hors intersection,Pluie forte,Deux véhicules - côté,,,,,,,,,,,1,2,1,3.0,3.0
201100060574,0011-08-05 15:40:00,11,8,5,15,40,750,112,RUE DU FAUBOURG SAINT AN,,,Plein jour,En agglomération,Place,Normale,Deux véhicules - côté,,,,,,,,,,,1,2,7,1.0,3.0
201100060575,0011-08-07 10:50:00,11,8,7,10,50,750,112,"222, RUE DU FAUBOURG SAI",,,Plein jour,En agglomération,Hors intersection,Normale,Deux véhicules - côté,,,,,,,,,,,1,2,1,1.0,3.0
201100060576,0011-08-10 19:20:00,11,8,10,19,20,750,112,AVENUE DE LA PORTE DE CH,,,Plein jour,En agglomération,Intersection à plus de 4 branches,Normale,Deux véhicules - côté,,,,,,,,,,,1,2,5,1.0,3.0
201100060577,0011-08-11 13:10:00,11,8,11,13,10,750,112,QUAI DE LA RAPEE,,,Plein jour,En agglomération,Hors intersection,Normale,Trois véhicules et plus - en chaîne,,,,,,,,,,,1,2,1,1.0,4.0
201100060578,0011-08-14 16:00:00,11,8,14,16,0,750,104,QUAI HENRI IV,,,Plein jour,En agglomération,Hors intersection,Normale,Autre collision,,,,,,,,,,,1,2,1,1.0,6.0
201100060579,0011-08-15 11:30:00,11,8,15,11,30,750,112,AVENUE DE GRAVELLE   ST,,,Plein jour,En agglomération,Hors intersection,Normale,Deux véhicules - arrière,,,,,,,,,,,1,2,1,1.0,2.0
201100060580,0011-08-17 10:10:00,11,8,17,10,10,750,113,PONT D AUSTERLITZ,,,Plein jour,En agglomération,Hors intersection,Normale,Autre collision,,,,,,,,,,,1,2,1,1.0,6.0
201100060581,0011-08-17 17:20:00,11,8,17,17,20,750,112,"193-197, RUE DE BERCY",,,Plein jour,En agglomération,Hors intersection,Normale,Autre collision,,,,,,,,,,,1,2,1,1.0,6.0
201100060582,0011-08-18 13:20:00,11,8,18,13,20,750,112,"02, QUAI DE BERCY",,,Plein jour,En agglomération,Hors intersection,Normale,Deux véhicules - côté,,,,,,,,,,,1,2,1,1.0,3.0
201100060583,0011-08-19 00:50:00,11,8,19,0,50,750,112,"38 bis, RUE DU FAUBOURG",,,Nuit avec éclairage allumé,En agglomération,Hors intersection,Normale,Autre collision,,,,,,,,,,,5,2,1,1.0,6.0
201100060584,0011-08-22 17:00:00,11,8,22,17,0,750,112,"321, RUE DE CHARENTON",,,Plein jour,En agglomération,Hors intersection,Normale,Deux véhicules - frontale,,,,,,,,,,,1,2,1,1.0,1.0
201100060585,0011-08-23 14:40:00,11,8,23,14,40,750,112,"127, BOULEVARD DIDEROT",,,Plein jour,En agglomération,Hors intersection,Normale,Deux véhicules - côté,,,,,,,,,,,1,2,1,1.0,3.0
201100060586,0011-08-26 17:35:00,11,8,26,17,35,750,112,"01, RUE DE DIJON",,,Plein jour,En agglomération,Intersection en X,Normale,Autre collision,,,,,,,,,,,1,2,2,1.0,6.0
201100060587,0011-08-27 10:50:00,11,8,27,10,50,750,112,ECHANGEUR BERCY,,,Plein jour,En agglomération,Intersection en Y,Normale,Deux véhicules - arrière,,,,,,,,,,,1,2,4,1.0,2.0
201100060588,0011-08-28 00:40:00,11,8,28,0,40,750,112,QUAI DE BERCY,,,Nuit avec éclairage allumé,En agglomération,Hors intersection,Normale,Deux véhicules - arrière,,,,,,,,,,,5,2,1,1.0,2.0
201100060589,0011-08-28 14:05:00,11,8,28,14,5,750,112,"6, PLACE FELIX EBOUE",,,Plein jour,En agglomération,Place,Normale,Deux véhicules - côté,,,,,,,,,,,1,2,7,1.0,3.0
201100060590,0011-08-29 14:05:00,11,8,29,14,5,750,112,RUE DU FAUBOURG SAINT AN,,,Plein jour,En agglomération,Intersection en Y,Normale,Deux véhicules - côté,,,,,,,,,,,1,2,4,1.0,3.0
201100060591,0011-08-29 17:00:00,11,8,29,17,0,750,112,PONT NATIONAL,,,Plein jour,En agglomération,Hors intersection,Normale,Deux véhicules - arrière,,,,,,,,,,,1,2,1,1.0,2.0
201100060592,0011-08-30 21:00:00,11,8,30,21,0,750,112,"148, BOULEVARD DIDEROT",,,Nuit avec éclairage allumé,En agglomération,Intersection en Y,Normale,Deux véhicules - côté,,,,,,,,,,,5,2,4,1.0,3.0
201100060593,0011-08-31 10:00:00,11,8,31,10,0,750,112,"96, AVENUE DAUMESNIL",,,Plein jour,En agglomération,Hors intersection,Normale,Deux véhicules - côté,,,,,,,,,,,1,2,1,1.0,3.0
201100060594,0011-08-31 21:10:00,11,8,31,21,10,750,112,BOULEVARD PERIPHERIQUE,,,Nuit avec éclairage allumé,En agglomération,Hors intersection,Normale,Deux véhicules - arrière,,,,,,,,,,,5,2,1,1.0,2.0
201100060595,0011-09-01 19:55:00,11,9,1,19,55,750,112,AVENUE DE SAINT MAURICE,,,Crépuscule ou aube,En agglomération,Hors intersection,Normale,Autre collision,,,,,,,,,,,2,2,1,1.0,6.0
201100060596,0011-09-02 11:00:00,11,9,2,11,0,750,112,"/, AVENUE DAUMESNIL",,,Plein jour,En agglomération,Intersection en X,Normale,Autre collision,,,,,,,,,,,1,2,2,1.0,6.0
201100060597,0011-09-03 12:20:00,11,9,3,12,20,750,112,"0, ROUTE DE BOURDON",,,Plein jour,En agglomération,Intersection en X,Normale,Autre collision,,,,,,,,,,,1,2,2,1.0,6.0
201100060598,0011-09-03 20:40:00,11,9,3,20,40,750,112,AVENUE DE NOGENT,,,Nuit sans éclairage public,En agglomération,Intersection à plus de 4 branches,Pluie légère,Sans collision,,,,,,,,,,,3,2,5,2.0,7.0
201100060599,0011-09-06 08:45:00,11,9,6,8,45,750,112,"40, RUE TAINE",,,Plein jour,En agglomération,Intersection en Y,Normale,Deux véhicules - côté,,,,,,,,,,,1,2,4,1.0,3.0
201100060600,0011-09-06 17:10:00,11,9,6,17,10,750,112,"206, AVENUE DAUMESNIL",,,Plein jour,En agglomération,Intersection en T,Normale,Deux véhicules - côté,,,,,,,,,,,1,2,3,1.0,3.0
201100060601,0011-09-07 18:30:00,11,9,7,18,30,750,112,ROUTE DE LA TOURELLE,,,Plein jour,En agglomération,Intersection en Y,Normale,Deux véhicules - frontale,,,,,,,,,,,1,2,4,1.0,1.0
201100060602,0011-09-07 19:20:00,11,9,7,19,20,750,112,"43, BOULEVARD DE PICPUS",,,Plein jour,En agglomération,Intersection en T,Normale,Deux véhicules - côté,,,,,,,,,,,1,2,3,1.0,3.0
201100060603,0011-09-08 08:50:00,11,9,8,8,50,750,112,"84, QUAI DE BERCY",,,Plein jour,En agglomération,Intersection en Y,Normale,Deux véhicules - côté,,,,,,,,,,,1,2,4,1.0,3.0
201100060604,0011-09-08 12:05:00,11,9,8,12,5,750,111,"90, AVENUE LEDRU ROLLIN",,,Plein jour,En agglomération,Intersection en X,Pluie légère,Autre collision,,,,,,,,,,,1,2,2,2.0,6.0
201100060605,0011-09-08 18:23:00,11,9,8,18,23,750,112,"74, BOULEVARD DE BERCY",,,Plein jour,En agglomération,Intersection en X,Normale,Autre collision,,,,,,,,,,,1,2,2,1.0,6.0
201100060606,0011-09-09 01:40:00,11,9,9,1,40,750,112,RUE DU FAUBOURG SAINT AN,,,Nuit avec éclairage allumé,En agglomération,Intersection en T,Pluie forte,Deux véhicules - côté,,,,,,,,,,,5,2,3,3.0,3.0
201100060607,0011-09-09 13:15:00,11,9,9,13,15,750,112,"34, COURS DE VINCENNES",,,Plein jour,En agglomération,Hors intersection,Normale,Deux véhicules - arrière,,,,,,,,,,,1,2,1,1.0,2.0
201100060608,0011-09-09 08:55:00,11,9,9,8,55,750,112,BOULEVARD PONIATOWSKI,,,Plein jour,En agglomération,Intersection en Y,Normale,Deux véhicules - côté,,,,,,,,,,,1,2,4,1.0,3.0
201100060609,0011-09-09 09:15:00,11,9,9,9,15,750,112,"05, RUE DE CITEAUX",,,Plein jour,En agglomération,Hors intersection,Normale,Deux véhicules - côté,,,,,,,,,,,1,2,1,1.0,3.0
201100060610,0011-09-10 04:00:00,11,9,10,4,0,750,112,QUAI DE LA RAPEE,,,Nuit avec éclairage allumé,En agglomération,Intersection à plus de 4 branches,Normale,Autre collision,,,,,,,,,,,5,2,5,1.0,6.0
201100060611,0011-09-12 10:40:00,11,9,12,10,40,750,112,"54, QUAI DE LA RAPEE",,,Plein jour,En agglomération,Hors intersection,Normale,Deux véhicules - arrière,,,,,,,,,,,1,2,1,1.0,2.0
201100060612,0011-09-13 08:30:00,11,9,13,8,30,750,112,"22, RUE DU FAUBOURG SAIN",,,Plein jour,En agglomération,Hors intersection,Normale,Trois véhicules et plus - collisions multiples,,,,,,,,,,,1,2,1,1.0,5.0
201100060613,0011-09-13 10:10:00,11,9,13,10,10,750,112,PLACE DU CARDINAL LAVIGE,,,Plein jour,En agglomération,Place,Normale,Deux véhicules - côté,,,,,,,,,,,1,2,7,1.0,3.0
201100060614,0011-09-14 00:50:00,11,9,14,0,50,750,112,"48, BOULEVARD DIDEROT",,,Nuit avec éclairage allumé,En agglomération,Intersection en X,Normale,Deux véhicules - arrière,,,,,,,,,,,5,2,2,1.0,2.0
201100060615,0011-09-14 18:45:00,11,9,14,18,45,750,112,ESPLANADE SAINT LOUIS,,,Plein jour,En agglomération,Place,Normale,Sans collision,,,,,,,,,,,1,2,7,1.0,7.0