accident_id,datetime,annee,mois,jour,heure,minute,departement,commune_insee,adresse,latitude,longitude,luminosite,agglomeration,intersection,meteo,collision,nb_vehicules,nb_usagers,nb_indemnes,nb_tues,nb_blesses_hosp,nb_blesses_legers,age_cond_1,age_cond_2,veh_type_cond_1,veh_type_cond_2,lum_code,agg_code,int_code,atm_code,col_code
201100060616,0011-09-15 09:25:00,11,9,15,9,25,750,112,"5-9, RUE VAN GOGH",,,Plein jour,En agglomération,Hors intersection,Normale,Sans collision,,,,,,,,,,,1,2,1,1.0,7.0
201100060617,0011-09-15 17:35:00,11,9,15,17,35,750,112,"112, AVENUE DAUMESNIL",,,Plein jour,En agglomération,Intersection en T,Normale,Deux véhicules - côté,,,,,,,,,,,1,2,3,1.0,3.0
201100060618,0011-09-15 22:30:00,11,9,15,22,30,750,112,RUE DE PICPUS,,,Nuit avec éclairage allumé,En agglomération,Intersection en X,Normale,Deux véhicules - côté,,,,,,,,,,,5,2,2,1.0,3.0
201100060619,0011-09-16 03:01:00,11,9,16,3,1,750,112,ESPLANADE SAINT LOUIS,,,Nuit avec éclairage allumé,En agglomération,Place,Normale,Deux véhicules - arrière,,,,,,,,,,,5,2,7,1.0,2.0
201100060620,0011-09-17 12:16:00,11,9,17,12,16,750,112,"100, BOULEVARD DIDEROT",,,Plein jour,En agglomération,Intersection en Y,Normale,Deux véhicules - côté,,,,,,,,,,,1,2,4,1.0,3.0
201100060621,0011-09-17 14:00:00,11,9,17,14,0,750,112,"296, RUE DU FAUBOURG SAI",,,Plein jour,En agglomération,Hors intersection,Temps couvert,Deux véhicules - côté,,,,,,,,,,,1,2,1,8.0,3.0
201100060622,0011-09-17 18:10:00,11,9,17,18,10,750,112,"4, PLACE FELIX EBOUE",,,Plein jour,En agglomération,Place,Normale,Deux véhicules - côté,,,,,,,,,,,1,2,7,1.0,3.0
201100060623,0011-09-19 07:32:00,11,9,19,7,32,750,112,"92, COURS DE VINCENNES",,,Plein jour,En agglomération,Hors intersection,Normale,Autre collision,,,,,,,,,,,1,2,1,1.0,6.0
201100060624,0011-09-19 08:15:00,11,9,19,8,15,750,112,"18, BOULEVARD DE LA BAST",,,Plein jour,En agglomération,Intersection en T,Normale,Autre collision,,,,,,,,,,,1,2,3,1.0,6.0
201100060625,0011-09-19 09:50:00,11,9,19,9,50,750,112,"31, BOULEVARD DIDEROT",,,Plein jour,En agglomération,Hors intersection,Normale,Deux véhicules - arrière,,,,,,,,,,,1,2,1,1.0,2.0
201100060626,0011-09-19 13:00:00,11,9,19,13,0,750,112,"119, BOULEVARD DIDEROT",,,Plein jour,En agglomération,Hors intersection,Normale,Deux véhicules - côté,,,,,,,,,,,1,2,1,1.0,3.0
201100060627,0011-09-20 19:20:00,11,9,20,19,20,750,112,ROUTE ROYALE DE BEAUTE,,,Plein jour,En agglomération,Hors intersection,Normale,Trois véhicules et plus - en chaîne,,,,,,,,,,,1,2,1,1.0,4.0
201100060628,0011-09-21 08:15:00,11,9,21,8,15,750,112,"87, BOULEVARD DIDEROT",,,Plein jour,En agglomération,Hors intersection,Normale,Deux véhicules - côté,,,,,,,,,,,1,2,1,1.0,3.0
201100060629,0011-09-21 11:55:00,11,9,21,11,55,750,112,ECHANGEUR BERCY,,,Plein jour,En agglomération,Intersection à plus de 4 branches,Normale,Autre collision,,,,,,,,,,,1,2,5,1.0,6.0
201100060630,0011-09-21 16:30:00,11,9,21,16,30,750,112,"295, AVENUE DAUMESNIL",,,Plein jour,En agglomération,Intersection en T,Normale,Sans collision,,,,,,,,,,,1,2,3,1.0,7.0
201100060631,0011-09-23 19:45:00,11,9,23,19,45,750,112,"21, RUE LOUIS BRAILLE",,,Nuit avec éclairage allumé,En agglomération,Intersection en X,Normale,Deux véhicules - côté,,,,,,,,,,,5,2,2,1.0,3.0
201100060632,0011-09-24 07:55:00,11,9,24,7,55,750,112,PLACE DE LA BASTILLE,,,Plein jour,En agglomération,Place,Normale,Deux véhicules - côté,,,,,,,,,,,1,2,7,1.0,3.0
201100060633,0011-09-24 16:40:00,11,9,24,16,40,750,112,BOULEVARD PONIATOWSKI,,,Plein jour,En agglomération,Intersection en X,Normale,Deux véhicules - côté,,,,,,,,,,,1,2,2,1.0,3.0
201100060634,0011-09-26 14:15:00,11,9,26,14,15,750,112,"02, AVENUE DU TRONE",,,Plein jour,En agglomération,Place,Normale,Deux véhicules - côté,,,,,,,,,,,1,2,7,1.0,3.0
201100060635,0011-09-26 17:30:00,11,9,26,17,30,750,112,PONT D AUSTERLITZ,,,Plein jour,En agglomération,Hors intersection,Normale,Deux véhicules - arrière,,,,,,,,,,,1,2,1,1.0,2.0
201100060636,0011-09-27 14:00:00,11,9,27,14,0,750,112,"13, BOULEVARD DE BERCY",,,Plein jour,En agglomération,Place,Normale,Sans collision,,,,,,,,,,,1,2,7,1.0,7.0
201100060637,0011-09-27 17:50:00,11,9,27,17,50,750,112,ESPLANADE SAINT LOUIS,,,Plein jour,En agglomération,Place,Normale,Deux véhicules - arrière,,,,,,,,,,,1,2,7,1.0,2.0
201100060638,0011-09-27 19:50:00,11,9,27,19,50,750,112,"3, PASSAGE CHAUSSIN",,,Nuit avec éclairage allumé,En agglomération,Hors intersection,Normale,Deux véhicules - côté,,,,,,,,,,,5,2,1,1.0,3.0
201100060639,0011-09-27 19:30:00,11,9,27,19,30,750,112,"80, RUE DU FAUBOURG SAIN",,,Nuit avec éclairage allumé,En agglomération,Intersection en T,Normale,Deux véhicules - côté,,,,,,,,,,,5,2,3,1.0,3.0
201100060640,0011-09-29 04:20:00,11,9,29,4,20,750,112,AVENUE DAUMESNIL,,,Nuit avec éclairage allumé,En agglomération,Intersection en T,Normale,Deux véhicules - arrière,,,,,,,,,,,5,2,3,1.0,2.0
201100060641,0011-09-30 16:30:00,11,9,30,16,30,750,112,ROUTE DES FORTIFICATIONS,,,Plein jour,En agglomération,Intersection en Y,Normale,Deux véhicules - frontale,,,,,,,,,,,1,2,4,1.0,1.0
201100060642,0011-09-30 22:20:00,11,9,30,22,20,750,112,QUAI DE BERCY,,,Nuit avec éclairage allumé,En agglomération,Intersection en X,Normale,Deux véhicules - côté,,,,,,,,,,,5,2,2,1.0,3.0
201100060643,0011-10-01 04:05:00,11,10,1,4,5,750,112,QUAI DE LA RAPEE,,,Nuit avec éclairage allumé,En agglomération,Intersection à plus de 4 branches,Normale,Autre collision,,,,,,,,,,,5,2,5,1.0,6.0
201100060644,0011-10-01 12:40:00,11,10,1,12,40,750,112,"36, COURS DE VINCENNES",,,Plein jour,En agglomération,Hors intersection,Normale,Deux véhicules - côté,,,,,,,,,,,1,2,1,1.0,3.0
201100060645,0011-10-01 14:15:00,11,10,1,14,15,750,112,"32, RUE DE LYON",,,Plein jour,En agglomération,Intersection en Y,Normale,Autre collision,,,,,,,,,,,1,2,4,1.0,6.0
201100060646,0011-10-01 14:30:00,11,10,1,14,30,750,112,"104, COURS DE VINCENNES",,,Plein jour,En agglomération,Hors intersection,Normale,Trois véhicules et plus - collisions multiples,,,,,,,,,,,1,2,1,1.0,5.0
201100060647,0011-10-01 18:30:00,11,10,1,18,30,750,112,"12, ROUTE DE LA TOURELLE",,,Crépuscule ou aube,En agglomération,Intersection en T,Normale,Deux véhicules - côté,,,,,,,,,,,2,2,3,1.0,3.0
201100060648,0011-10-05 00:15:00,11,10,5,0,15,750,112,"36, RUE DE BERCY",,,Nuit avec éclairage allumé,En agglomération,Hors intersection,Normale,Autre collision,,,,,,,,,,,5,2,1,1.0,6.0
201100060649,0011-10-05 12:50:00,11,10,5,12,50,750,112,"70, RUE DE PICPUS",,,Plein jour,En agglomération,Intersection en X,Normale,Autre collision,,,,,,,,,,,1,2,2,1.0,6.0
201100060650,0011-10-05 17:10:00,11,10,5,17,10,750,112,"65, AVENUE DU GENERAL MI",,,Plein jour,En agglomération,Hors intersection,Normale,Autre collision,,,,,,,,,,,1,2,1,1.0,6.0
201100060651,0011-10-05 17:30:00,11,10,5,17,30,750,112,ECHANGEUR BERCY,,,Plein jour,En agglomération,Intersection à plus de 4 branches,Normale,Deux véhicules - côté,,,,,,,,,,,1,2,5,1.0,3.0
201100060652,0011-10-05 21:10:00,11,10,5,21,10,750,112,"104, AVENUE DE SAINT MAN",,,Nuit avec éclairage allumé,En agglomération,Hors intersection,Normale,Deux véhicules - côté,,,,,,,,,,,5,2,1,1.0,3.0
201100060653,0011-10-05 23:00:00,11,10,5,23,0,750,112,AVENUE DE GRAVELLE,,,Nuit avec éclairage allumé,En agglomération,Hors intersection,Normale,Autre collision,,,,,,,,,,,5,2,1,1.0,6.0
201100060654,0011-10-06 13:15:00,11,10,6,13,15,750,112,"106, RUE DU FAUBOURG SAI",,,Plein jour,En agglomération,Intersection en T,Pluie légère,Deux véhicules - arrière,,,,,,,,,,,1,2,3,2.0,2.0
201100060655,0011-10-06 19:15:00,11,10,6,19,15,750,112,"148, RUE DU FAUBOURG SAI",,,Nuit avec éclairage allumé,En agglomération,Intersection en T,Normale,Deux véhicules - côté,,,,,,,,,,,5,2,3,1.0,3.0
201100060656,0011-10-07 01:05:00,11,10,7,1,5,750,112,QUAI DE LA RAPEE,,,Nuit avec éclairage allumé,En agglomération,Hors intersection,Normale,Autre collision,,,,,,,,,,,5,2,1,1.0,6.0
201100060657,0011-10-07 07:20:00,11,10,7,7,20,750,112,AVENUE LEDRU ROLLIN,,,Crépuscule ou aube,En agglomération,Hors intersection,Normale,Deux véhicules - côté,,,,,,,,,,,2,2,1,1.0,3.0
201100060658,0011-10-07 13:15:00,11,10,7,13,15,750,112,"80/84, BOULEVARD DE REUI",,,Plein jour,En agglomération,Intersection à plus de 4 branches,Temps couvert,Deux véhicules - côté,,,,,,,,,,,1,2,5,8.0,3.0
201100060659,0011-10-07 14:50:00,11,10,7,14,50,750,112,"2, AVENUE DU TRONE",,,Plein jour,En agglomération,Hors intersection,Pluie légère,Autre collision,,,,,,,,,,,1,2,1,2.0,6.0
201100060660,0011-10-07 20:30:00,11,10,7,20,30,750,112,"82, COURS DE VINCENNES",,,Nuit avec éclairage allumé,En agglomération,Intersection en X,Normale,Deux véhicules - arrière,,,,,,,,,,,5,2,2,1.0,2.0
201100060661,0011-10-08 14:40:00,11,10,8,14,40,750,112,AVENUE DE NOGENT,,,Plein jour,En agglomération,Intersection en Y,Normale,Deux véhicules - côté,,,,,,,,,,,1,2,4,1.0,3.0
201100060662,0011-10-08 22:20:00,11,10,8,22,20,750,112,"211, RUE DE CHARENTON",,,Nuit avec éclairage allumé,En agglomération,Intersection en X,Normale,Trois véhicules et plus - collisions multiples,,,,,,,,,,,5,2,2,1.0,5.0
201100060663,0011-10-10 18:52:00,11,10,10,18,52,750,112,"238 bis, RUE DU FAUBOURG",,,Crépuscule ou aube,En agglomération,Hors intersection,Normale,Deux véhicules - arrière,,,,,,,,,,,2,2,1,1.0,2.0
201100060664,0011-10-11 13:15:00,11,10,11,13,15,750,112,"4, PLACE DE LA NATION",,,Plein jour,En agglomération,Place,Normale,Sans collision,,,,,,,,,,,1,2,7,1.0,7.0
201100060665,0011-10-11 16:20:00,11,10,11,16,20,750,112,"127, AVENUE DAUMESNIL",,,Plein jour,En agglomération,Hors intersection,Normale,Deux véhicules - côté,,,,,,,,,,,1,2,1,1.0,3.0
201100060666,0011-10-12 14:40:00,11,10,12,14,40,750,112,"35, RUE PROUDHON",,,Plein jour,En agglomération,Hors intersection,Normale,Autre collision,,,,,,,,,,,1,2,1,1.0,6.0
201100060667,0011-10-11 15:50:00,11,10,11,15,50,750,112,"32, QUAI DE LA RAPEE",,,Plein jour,En agglomération,Intersection en T,Temps couvert,Deux véhicules - côté,,,,,,,,,,,1,2,3,8.0,3.0
201100060668,0011-10-15 01:24:00,11,10,15,1,24,750,112,BOULEVARD DE BERCY,,,Nuit avec éclairage allumé,En agglomération,Hors intersection,Normale,Autre collision,,,,,,,,,,,5,2,1,1.0,6.0
201100060669,0011-10-15 15:23:00,11,10,15,15,23,750,112,ROUTE ROYALE DE BEAUTE,,,Plein jour,En agglomération,Place,Normale,Deux véhicules - arrière,,,,,,,,,,,1,2,7,1.0,2.0
201100060670,0011-10-16 22:10:00,11,10,16,22,10,750,112,"36, AVENUE DAUMESNIL",,,Nuit avec éclairage allumé,En agglomération,Hors intersection,Normale,Deux véhicules - frontale,,,,,,,,,,,5,2,1,1.0,1.0
201100060671,0011-10-17 18:20:00,11,10,17,18,20,750,112,AVENUE DE GRAVELLE,,,Plein jour,En agglomération,Intersection en Y,Normale,Deux véhicules - côté,,,,,,,,,,,1,2,4,1.0,3.0
201100060672,0011-10-18 13:20:00,11,10,18,13,20,750,112,AVENUE DE SAINT MAURICE,,,Plein jour,En agglomération,Intersection à plus de 4 branches,Pluie légère,Sans collision,,,,,,,,,,,1,2,5,2.0,7.0
201100060673,0011-10-18 19:20:00,11,10,18,19,20,750,112,AVENUE DE NOGENT,,,Nuit avec éclairage allumé,En agglomération,Intersection en X,Pluie légère,Deux véhicules - côté,,,,,,,,,,,5,2,2,2.0,3.0
201100060674,0011-10-19 12:50:00,11,10,19,12,50,750,112,RUE DE BERCY,,,Plein jour,En agglomération,Intersection en X,Normale,Autre collision,,,,,,,,,,,1,2,2,1.0,6.0
201100060675,0011-10-20 11:15:00,11,10,20,11,15,750,112,"293, AVENUE DAUMESNIL",,,Plein jour,En agglomération,Hors intersection,Normale,Autre collision,,,,,,,,,,,1,2,1,1.0,6.0
201100060676,0011-10-19 20:45:00,11,10,19,20,45,750,112,BOULEVARD PERIPHERIQUE E,,,Nuit avec éclairage allumé,En agglomération,Hors intersection,Normale,Autre collision,,,,,,,,,,,5,2,1,1.0,6.0
201100060677,0011-10-21 04:20:00,11,10,21,4,20,750,112,QUAI DE LA RAPEE,,,Nuit avec éclairage allumé,En agglomération,Hors intersection,Normale,Sans collision,,,,,,,,,,,5,2,1,1.0,7.0
201100060678,0011-10-21 14:00:00,11,10,21,14,0,750,112,"98, BOULEVARD DIDEROT",,,Plein jour,En agglomération,Intersection en T,Normale,Deux véhicules - côté,,,,,,,,,,,1,2,3,1.0,3.0
201100060679,0011-10-22 13:40:00,11,10,22,13,40,750,112,AVENUE LEDRU ROLLIN,,,Plein jour,En agglomération,Intersection en X,Normale,Deux véhicules - côté,,,,,,,,,,,1,2,2,1.0,3.0
201100060680,0011-10-24 09:48:00,11,10,24,9,48,750,112,"240, QUAI DE LA RAPEE",,,Plein jour,En agglomération,Hors intersection,Normale,Deux véhicules - arrière,,,,,,,,,,,1,2,1,1.0,2.0
201100060681,0011-10-24 09:30:00,11,10,24,9,30,750,112,QUAI DE LA RAPEE,,,Plein jour,En agglomération,Hors intersection,Normale,Sans collision,,,,,,,,,,,1,2,1,1.0,7.0
201100060682,0011-10-24 11:45:00,11,10,24,11,45,750,112,"19, RUE DE PRAGUE",,,Plein jour,En agglomération,Intersection à plus de 4 branches,Normale,Autre collision,,,,,,,,,,,1,2,5,1.0,6.0
201100060683,0011-10-24 15:35:00,11,10,24,15,35,750,112,"47, RUE DE LYON",,,Plein jour,En agglomération,Intersection en Y,Normale,Trois véhicules et plus - en chaîne,,,,,,,,,,,1,2,4,1.0,4.0
201100060684,0011-10-24 18:25:00,11,10,24,18,25,750,112,"166, BOULEVARD DIDEROT",,,Crépuscule ou aube,En agglomération,Intersection en X,Normale,Autre collision,,,,,,,,,,,2,2,2,1.0,6.0
201100060685,0011-10-25 19:00:00,11,10,25,19,0,750,112,"2, RUE JOSEPH KESSEL",,,Nuit avec éclairage allumé,En agglomération,Intersection en X,Temps couvert,Deux véhicules - arrière,,,,,,,,,,,5,2,2,8.0,2.0
201100060686,0011-10-27 09:50:00,11,10,27,9,50,750,112,"116, COURS DE VINCENNES",,,Plein jour,En agglomération,Intersection en X,Normale,Deux véhicules - côté,,,,,,,,,,,1,2,2,1.0,3.0
201100060687,0011-10-27 14:45:00,11,10,27,14,45,750,112,"93, AVENUE DAUMESNIL",,,Plein jour,En agglomération,Hors intersection,Normale,Sans collision,,,,,,,,,,,1,2,1,1.0,7.0
201100060688,0011-10-28 09:50:00,11,10,28,9,50,750,112,RUE DE LYON,,,Plein jour,En agglomération,Intersection en X,Normale,Deux véhicules - arrière,,,,,,,,,,,1,2,2,1.0,2.0
201100060689,0011-10-28 16:50:00,11,10,28,16,50,750,112,"24, BOULEVARD DE LA BAST",,,Plein jour,En agglomération,Intersection en T,Normale,Autre collision,,,,,,,,,,,1,2,3,1.0,6.0
201100060690,0011-10-29 19:50:00,11,10,29,19,50,750,112,"33, BOULEVARD DE REUILLY",,,Nuit sans éclairage public,En agglomération,Hors intersection,Pluie légère,Sans collision,,,,,,,,,,,3,2,1,2.0,7.0
201100060691,0011-10-29 19:10:00,11,10,29,19,10,750,112,"255, RUE DE CHARENTON",,,Nuit avec éclairage allumé,En agglomération,Intersection en T,Pluie légère,Sans collision,,,,,,,,,,,5,2,3,2.0,7.0
201100060692,0011-10-31 14:10:00,11,10,31,14,10,750,112,RUE JOSEPH KESSEL,,,Plein jour,En agglomération,Intersection en X,Normale,Deux véhicules - côté,,,,,,,,,,,1,2,2,1.0,3.0
201100060693,0011-10-31 16:50:00,11,10,31,16,50,750,112,ROUTE DE BOURDON,,,Plein jour,En agglomération,Intersection en X,Normale,Deux véhicules - côté,,,,,,,,,,,1,2,2,1.0,3.0
201100060694,0011-10-31 20:10:00,11,10,31,20,10,750,112,"34, RUE JOSEPH KESSEL",,,Nuit avec éclairage allumé,En agglomération,Intersection en T,Normale,Autre collision,,,,,,,,,,,5,2,3,1.0,6.0
201100060695,0011-11-01 19:40:00,11,11,1,19,40,750,112,"40, COURS DE VINCENNES",,,Nuit avec éclairage allumé,En agglomération,Hors intersection,Temps couvert,Deux véhicules - arrière,,,,,,,,,,,5,2,1,8.0,2.0
201100060696,0011-11-03 09:05:00,11,11,3,9,5,750,112,BOULEVARD DE LA BASTILLE,,,Plein jour,En agglomération,Hors intersection,Pluie légère,Autre collision,,,,,,,,,,,1,2,1,2.0,6.0
201100060697,0011-11-03 10:45:00,11,11,3,10,45,750,112,PLACE DE LA NATION,,,Plein jour,En agglomération,Place,Normale,Deux véhicules - côté,,,,,,,,,,,1,2,7,1.0,3.0
201100060698,0011-11-04 07:25:00,11,11,4,7,25,750,112,"13, AVENUE DAUMESNIL",,,Plein jour,En agglomération,Intersection en X,Normale,Deux véhicules - arrière,,,,,,,,,,,1,2,2,1.0,2.0
201100060699,0011-11-07 18:15:00,11,11,7,18,15,750,112,"97, BOULEVARD DIDEROT",,,Nuit avec éclairage allumé,En agglomération,Intersection en X,Normale,Autre collision,,,,,,,,,,,5,2,2,1.0,6.0
201100060700,0011-11-07 19:45:00,11,11,7,19,45,750,112,ROUTE DE LA PYRAMIDE,,,Nuit avec éclairage allumé,En agglomération,Intersection en X,Pluie légère,Autre collision,,,,,,,,,,,5,2,2,2.0,6.0
201100060701,0011-11-08 12:15:00,11,11,8,12,15,750,112,"143, RUE DE BERCY",,,Plein jour,En agglomération,Hors intersection,Normale,Sans collision,,,,,,,,,,,1,2,1,1.0,7.0
201100060702,0011-11-08 16:15:00,11,11,8,16,15,750,112,"173, RUE DE BERCY",,,Plein jour,En agglomération,Hors intersection,Normale,Autre collision,,,,,,,,,,,1,2,1,1.0,6.0
201100060703,0011-11-08 20:25:00,11,11,8,20,25,750,112,"80, RUE DU RENDEZ VOUS",,,Nuit sans éclairage public,En agglomération,Intersection en Y,Normale,Autre collision,,,,,,,,,,,3,2,4,1.0,6.0
201100060704,0011-11-09 14:25:00,11,11,9,14,25,750,112,"100, AVENUE DAUMESNIL",,,Plein jour,En agglomération,Hors intersection,Normale,Deux véhicules - arrière,,,,,,,,,,,1,2,1,1.0,2.0
201100060705,0011-11-09 15:00:00,11,11,9,15,0,750,112,QUAI DE BERCY,,,Plein jour,En agglomération,Hors intersection,Normale,Trois véhicules et plus - en chaîne,,,,,,,,,,,1,2,1,1.0,4.0
201100060706,0011-11-11 00:30:00,11,11,11,0,30,750,112,"321 bis, RUE DE CHARENTO",,,Nuit avec éclairage allumé,En agglomération,Hors intersection,Normale,Deux véhicules - côté,,,,,,,,,,,5,2,1,1.0,3.0
201100060707,0011-11-11 03:45:00,11,11,11,3,45,750,112,RUE DU FAUBOURG SAINT AN,,,Nuit avec éclairage allumé,En agglomération,Intersection à plus de 4 branches,Normale,Deux véhicules - côté,,,,,,,,,,,5,2,5,1.0,3.0
201100060708,0011-11-12 16:15:00,11,11,12,16,15,750,112,AVENUE DAUMESNIL,,,Plein jour,En agglomération,Intersection à plus de 4 branches,Normale,Deux véhicules - côté,,,,,,,,,,,1,2,5,1.0,3.0
201100060709,0011-11-16 12:30:00,11,11,16,12,30,750,112,QUAI DE BERCY,,,Plein jour,En agglomération,Hors intersection,Normale,Trois véhicules et plus - en chaîne,,,,,,,,,,,1,2,1,1.0,4.0
201100060710,0011-11-17 10:20:00,11,11,17,10,20,750,112,"19, AVENUE DE SAINT MAND",,,Plein jour,En agglomération,Intersection en Y,Normale,Sans collision,,,,,,,,,,,1,2,4,1.0,7.0
201100060711,0011-11-18 08:45:00,11,11,18,8,45,750,112,"15, RUE TRAVERSIERE",,,Plein jour,En agglomération,Hors intersection,Normale,Deux véhicules - arrière,,,,,,,,,,,1,2,1,1.0,2.0
201100060712,0011-11-18 14:30:00,11,11,18,14,30,750,112,"40, BOULEVARD DE PICPUS",,,Plein jour,En agglomération,Intersection en T,Normale,Autre collision,,,,,,,,,,,1,2,3,1.0,6.0
201100060713,0011-11-19 04:10:00,11,11,19,4,10,750,112,AVENUE DE NOGENT,,,Nuit avec éclairage allumé,En agglomération,Intersection en X,Normale,Autre collision,,,,,,,,,,,5,2,2,1.0,6.0
201100060714,0011-11-19 11:25:00,11,11,19,11,25,750,112,"124, AVENUE DAUMESNIL",,,Plein jour,En agglomération,Intersection en X,Normale,Deux véhicules - côté,,,,,,,,,,,1,2,2,1.0,3.0
201100060715,0011-11-20 13:40:00,11,11,20,13,40,750,112,"4, PLACE FELIX EBOUE",,,Plein jour,En agglomération,Place,Normale,Deux véhicules - côté,,,,,,,,,,,1,2,7,1.0,3.0
201100060716,0011-11-21 09:45:00,11,11,21,9,45,750,112,"18, BOULEVARD DE LA BAST",,,Plein jour,En agglomération,Intersection en Y,Normale,Deux véhicules - côté,,,,,,,,,,,1,2,4,1.0,3.0
201100060717,0011-11-22 01:25:00,11,11,22,1,25,750,112,AVENUE DE NOGENT,,,Nuit avec éclairage allumé,En agglomération,Intersection à plus de 4 branches,Normale,Autre collision,,,,,,,,,,,5,2,5,1.0,6.0
201100060718,0011-11-22 13:55:00,11,11,22,13,55,750,112,QUAI DE BERCY,,,Plein jour,En agglomération,Hors intersection,Normale,Deux véhicules - frontale,,,,,,,,,,,1,2,1,1.0,1.0
201100060719,0011-11-22 17:44:00,11,11,22,17,44,750,112,"33, BOULEVARD DE REUILLY",,,Nuit avec éclairage allumé,En agglomération,Hors intersection,Normale,Deux véhicules - côté,,,,,,,,,,,5,2,1,1.0,3.0
201100060720,0011-11-23 10:00:00,11,11,23,10,0,750,112,"33, RUE CROZATIER",,,Plein jour,En agglomération,Hors intersection,Normale,Autre collision,,,,,,,,,,,1,2,1,1.0,6.0
201100060721,0011-11-24 17:55:00,11,11,24,17,55,750,112,ROUTE DE LA PYRAMIDE,,,Nuit avec éclairage allumé,En agglomération,Intersection en X,Temps couvert,Deux véhicules - arrière,,,,,,,,,,,5,2,2,8.0,2.0
201100060722,0011-11-25 19:25:00,11,11,25,19,25,750,112,"130, PLACE DE LA BASTILL",,,Nuit avec éclairage allumé,En agglomération,Place,Normale,Sans collision,,,,,,,,,,,5,2,7,1.0,7.0
201100060723,0011-11-26 09:55:00,11,11,26,9,55,750,112,ESPLANADE SAINT LOUIS,,,Plein jour,En agglomération,Place,Temps couvert,Autre collision,,,,,,,,,,,1,2,7,8.0,6.0
201100060724,0011-11-26 17:20:00,11,11,26,17,20,750,112,"75, AVENUE LEDRU ROLLIN",,,Nuit avec éclairage allumé,En agglomération,Hors intersection,Normale,Deux véhicules - arrière,,,,,,,,,,,5,2,1,1.0,2.0
201100060725,0011-11-26 20:45:00,11,11,26,20,45,750,112,"16, RUE DU DOCTEUR GOUJO",,,Nuit avec éclairage allumé,En agglomération,Intersection en T,Normale,Autre collision,,,,,,,,,,,5,2,3,1.0,6.0
201100060726,0011-11-27 06:00:00,11,11,27,6,0,750,112,"120, COURS DE VINCENNES",,,Nuit avec éclairage allumé,En agglomération,Intersection en X,Normale,Autre collision,,,,,,,,,,,5,2,2,1.0,6.0
201100060727,0011-11-28 11:35:00,11,11,28,11,35,750,112,"126, QUAI DE BERCY",,,Plein jour,En agglomération,Intersection en T,Pluie légère,Sans collision,,,,,,,,,,,1,2,3,2.0,7.0
201100060728,0011-11-27 21:40:00,11,11,27,21,40,750,112,AVENUE DU TREMBLAY,,,Nuit sans éclairage public,En agglomération,Hors intersection,Normale,Autre collision,,,,,,,,,,,3,2,1,1.0,6.0
201100060729,0011-11-28 13:57:00,11,11,28,13,57,750,112,"30, AVENUE DAUMESNIL",,,Plein jour,En agglomération,Hors intersection,Normale,Sans collision,,,,,,,,,,,1,2,1,1.0,7.0
201100060730,0011-11-29 10:30:00,11,11,29,10,30,750,112,PORTE DE VINCENNES,,,Plein jour,En agglomération,Place,Normale,Deux véhicules - côté,,,,,,,,,,,1,2,7,1.0,3.0
201100060731,0011-11-29 19:00:00,11,11,29,19,0,750,112,"48 BIS, BOULEVARD DE BER",,,Crépuscule ou aube,En agglomération,Intersection en T,Normale,Deux véhicules - frontale,,,,,,,,,,,2,2,3,1.0,1.0
201100060732,0011-11-29 23:15:00,11,11,29,23,15,750,112,RUE DU FAUBOURG SAINT AN,,,Nuit avec éclairage allumé,En agglomération,Intersection à plus de 4 branches,Pluie légère,Deux véhicules - frontale,,,,,,,,,,,5,2,5,2.0,1.0
201100060733,0011-11-30 08:15:00,11,11,30,8,15,750,112,RUE DU SERGENT BAUCHAT,,,Plein jour,En agglomération,Intersection en X,Normale,Autre collision,,,,,,,,,,,1,2,2,1.0,6.0
201100060734,0011-12-01 10:13:00,11,12,1,10,13,750,112,PLACE LACHAMBEAUDIE,,,Plein jour,En agglomération,Place,Pluie légère,Sans collision,,,,,,,,,,,1,2,7,2.0,7.0
201100060735,0011-12-01 21:55:00,11,12,1,21,55,750,112,RUE DE CHARENTON,,,Nuit avec éclairage allumé,En agglomération,Intersection en X,Normale,Deux véhicules - côté,,,,,,,,,,,5,2,2,1.0,3.0
201100060736,0011-12-02 18:30:00,11,12,2,18,30,750,112,QUAI DE LA RAPEE,,,Nuit avec éclairage allumé,En agglomération,Hors intersection,Normale,Deux véhicules - côté,,,,,,,,,,,5,2,1,1.0,3.0
201100060737,0011-12-03 18:10:00,11,12,3,18,10,750,112,"0, RUE DU SAHEL",,,Nuit avec éclairage allumé,En agglomération,Intersection en T,Pluie légère,Autre collision,,,,,,,,,,,5,2,3,2.0,6.0
201100060738,0011-12-03 19:04:00,11,12,3,19,4,750,112,"102, AVENUE DE SAINT MAN",,,Nuit avec éclairage allumé,En agglomération,Hors intersection,Normale,Trois véhicules et plus - en chaîne,,,,,,,,,,,5,2,1,1.0,4.0
201100060739,0011-12-03 21:15:00,11,12,3,21,15,750,112,"311, RUE DE CHARENTON",,,Nuit avec éclairage allumé,En agglomération,Intersection en T,Temps couvert,Deux véhicules - frontale,,,,,,,,,,,5,2,3,8.0,1.0
201100060740,0011-12-04 07:45:00,11,12,4,7,45,750,112,AVENUE DE NOGENT,,,Crépuscule ou aube,En agglomération,Intersection en T,Normale,Autre collision,,,,,,,,,,,2,2,3,1.0,6.0