accident_id,datetime,annee,mois,jour,heure,minute,departement,commune_insee,adresse,latitude,longitude,luminosite,agglomeration,intersection,meteo,collision,nb_vehicules,nb_usagers,nb_indemnes,nb_tues,nb_blesses_hosp,nb_blesses_legers,age_cond_1,age_cond_2,veh_type_cond_1,veh_type_cond_2,lum_code,agg_code,int_code,atm_code,col_code
201100060741,0011-12-04 12:10:00,11,12,4,12,10,750,112,AVENUE DAUMESNIL,,,Plein jour,En agglomération,Hors intersection,Temps couvert,Sans collision,,,,,,,,,,,1,2,1,8.0,7.0
201100060742,0011-12-04 19:45:00,11,12,4,19,45,750,112,AVENUE LEDRU ROLLIN,,,Nuit avec éclairage allumé,En agglomération,Intersection en X,Pluie forte,Autre collision,,,,,,,,,,,5,2,2,3.0,6.0
201100060743,0011-12-05 19:40:00,11,12,5,19,40,750,112,"40, RUE TAINE",,,Nuit avec éclairage allumé,En agglomération,Intersection en T,Pluie légère,Autre collision,,,,,,,,,,,5,2,3,2.0,6.0
201100060744,0011-12-06 16:00:00,11,12,6,16,0,750,112,ROUTE DE LA PYRAMIDE,,,Crépuscule ou aube,En agglomération,Hors intersection,Pluie forte,Autre collision,,,,,,,,,,,2,2,1,3.0,6.0
201100060745,0011-12-07 14:57:00,11,12,7,14,57,750,112,"100, RUE DU FAUBOURG SAI",,,Plein jour,En agglomération,Hors intersection,Pluie légère,Autre collision,,,,,,,,,,,1,2,1,2.0,6.0
201100060746,0011-12-07 19:50:00,11,12,7,19,50,750,112,PLACE FELIX EBOUE,,,Nuit avec éclairage allumé,En agglomération,Place,Normale,Deux véhicules - côté,,,,,,,,,,,5,2,7,1.0,3.0
201100060747,0011-12-07 23:35:00,11,12,7,23,35,750,112,QUAI DE BERCY,,,Nuit avec éclairage allumé,En agglomération,Hors intersection,Normale,Sans collision,,,,,,,,,,,5,2,1,1.0,7.0
201100060748,0011-12-09 09:40:00,11,12,9,9,40,750,112,"34, AVENUE DU DOCTEUR AR",,,Plein jour,En agglomération,Intersection en T,Pluie légère,Autre collision,,,,,,,,,,,1,2,3,2.0,6.0
201100060749,0011-12-10 14:40:00,11,12,10,14,40,750,112,"98, AVENUE DAUMESNIL",,,Plein jour,En agglomération,Intersection en T,Normale,Autre collision,,,,,,,,,,,1,2,3,1.0,6.0
201100060750,0011-12-10 16:10:00,11,12,10,16,10,750,112,"25, RUE DE FECAMP",,,Plein jour,En agglomération,Hors intersection,Normale,Deux véhicules - côté,,,,,,,,,,,1,2,1,1.0,3.0
201100060751,0011-12-10 21:25:00,11,12,10,21,25,750,112,AVENUE LEDRU ROLLIN,,,Nuit avec éclairage allumé,En agglomération,Intersection en X,Normale,Deux véhicules - côté,,,,,,,,,,,5,2,2,1.0,3.0
201100060752,0011-12-11 15:20:00,11,12,11,15,20,750,112,VOIE GEORGES POMPIDOU,,,Plein jour,En agglomération,Intersection en Y,Pluie légère,Autre collision,,,,,,,,,,,1,2,4,2.0,6.0
201100060753,0011-12-11 23:05:00,11,12,11,23,5,750,112,"238 bis, RUE DU FAUBOURG",,,Nuit avec éclairage allumé,En agglomération,Intersection en Y,Normale,Autre collision,,,,,,,,,,,5,2,4,1.0,6.0
201100060754,0011-12-13 15:40:00,11,12,13,15,40,750,112,BOULEVARD DIDEROT,,,Plein jour,En agglomération,Intersection en X,Pluie légère,Deux véhicules - côté,,,,,,,,,,,1,2,2,2.0,3.0
201100060755,0011-12-14 14:58:00,11,12,14,14,58,750,112,"269, AVENUE DAUMESNIL",,,Plein jour,En agglomération,Hors intersection,Normale,Deux véhicules - côté,,,,,,,,,,,1,2,1,1.0,3.0
201100060756,0011-12-14 22:35:00,11,12,14,22,35,750,112,AVENUE DE NOGENT,,,Nuit avec éclairage allumé,En agglomération,Intersection à plus de 4 branches,Normale,Deux véhicules - côté,,,,,,,,,,,5,2,5,1.0,3.0
201100060757,0011-12-15 15:15:00,11,12,15,15,15,750,112,"12, AVENUE LEDRU ROLLIN",,,Plein jour,En agglomération,Hors intersection,Normale,Deux véhicules - côté,,,,,,,,,,,1,2,1,1.0,3.0
201100060758,0011-12-15 16:30:00,11,12,15,16,30,750,112,ROUTE DE LA FERME,,,Crépuscule ou aube,En agglomération,Intersection en T,Normale,Deux véhicules - côté,,,,,,,,,,,2,2,3,1.0,3.0
201100060759,0011-12-15 19:15:00,11,12,15,19,15,750,112,"22, BOULEVARD DE REUILLY",,,Nuit avec éclairage allumé,En agglomération,Hors intersection,Pluie légère,Deux véhicules - côté,,,,,,,,,,,5,2,1,2.0,3.0
201100060760,0011-12-15 22:10:00,11,12,15,22,10,750,112,COURS DE VINCENNES,,,Nuit avec éclairage allumé,En agglomération,Intersection à plus de 4 branches,Pluie forte,Deux véhicules - côté,,,,,,,,,,,5,2,5,3.0,3.0
201100060761,0011-12-17 00:15:00,11,12,17,0,15,750,112,QUAI DE BERCY,,,Nuit avec éclairage allumé,En agglomération,Intersection en X,Normale,Autre collision,,,,,,,,,,,5,2,2,1.0,6.0
201100060762,0011-12-19 01:20:00,11,12,19,1,20,750,112,AVENUE DE NOGENT,,,Nuit avec éclairage allumé,En agglomération,Hors intersection,Pluie légère,Autre collision,,,,,,,,,,,5,2,1,2.0,6.0
201100060763,0011-12-20 15:20:00,11,12,20,15,20,750,112,PLACE DE LA NATION,,,Plein jour,En agglomération,Place,Temps couvert,Deux véhicules - côté,,,,,,,,,,,1,2,7,8.0,3.0
201100060764,0011-12-20 15:10:00,11,12,20,15,10,750,112,QUAI DE LA RAPEE,,,Plein jour,En agglomération,Hors intersection,Normale,Deux véhicules - arrière,,,,,,,,,,,1,2,1,1.0,2.0
201100060765,0011-12-21 19:10:00,11,12,21,19,10,750,112,QUAI DE BERCY,,,Nuit avec éclairage allumé,En agglomération,Hors intersection,Pluie légère,Deux véhicules - côté,,,,,,,,,,,5,2,1,2.0,3.0
201100060766,0011-12-28 12:35:00,11,12,28,12,35,750,112,"78, RUE DE PICPUS",,,Plein jour,En agglomération,Hors intersection,Pluie légère,Autre collision,,,,,,,,,,,1,2,1,2.0,6.0
201100060767,0011-12-28 18:55:00,11,12,28,18,55,750,112,"239, RUE DE BERCY",,,Nuit avec éclairage allumé,En agglomération,Hors intersection,Normale,Autre collision,,,,,,,,,,,5,2,1,1.0,6.0
201100060768,0011-12-29 14:11:00,11,12,29,14,11,750,112,"29, RUE DES MEUNIERS",,,Plein jour,En agglomération,Hors intersection,Normale,Autre collision,,,,,,,,,,,1,2,1,1.0,6.0
201100060769,0011-12-29 19:30:00,11,12,29,19,30,750,112,AVENUE DAUMESNIL,,,Nuit avec éclairage allumé,En agglomération,Place,Normale,Autre collision,,,,,,,,,,,5,2,7,1.0,6.0
201100060770,0011-12-30 19:20:00,11,12,30,19,20,750,112,"84, RUE DU FAUBOURG SAIN",,,Nuit avec éclairage allumé,En agglomération,Hors intersection,Pluie légère,Autre collision,,,,,,,,,,,5,2,1,2.0,6.0
201100060771,0011-12-31 10:25:00,11,12,31,10,25,750,112,QUAI DE BERCY,,,Plein jour,En agglomération,Hors intersection,Pluie légère,Autre collision,,,,,,,,,,,1,2,1,2.0,6.0
201100060772,0011-01-02 17:50:00,11,1,2,17,50,750,113,"211, BOULEVARD VINCENT A",,,Nuit avec éclairage allumé,En agglomération,Hors intersection,Normale,Autre collision,,,,,,,,,,,5,2,1,1.0,6.0
201100060773,0011-01-03 15:45:00,11,1,3,15,45,750,113,"52, BOULEVARD VINCENT AU",,,Plein jour,En agglomération,Hors intersection,Normale,Autre collision,,,,,,,,,,,1,2,1,1.0,6.0
201100060774,0011-01-05 13:50:00,11,1,5,13,50,750,113,"188, RUE DE TOLBIAC",,,Plein jour,En agglomération,Intersection à plus de 4 branches,Normale,Deux véhicules - côté,,,,,,,,,,,1,2,5,1.0,3.0
201100060775,0011-01-05 23:42:00,11,1,5,23,42,750,113,"80, RUE DE TOLBIAC",,,Nuit avec éclairage allumé,En agglomération,Intersection en X,Pluie forte,Autre collision,,,,,,,,,,,5,2,2,3.0,6.0
201100060776,0011-01-08 09:50:00,11,1,8,9,50,750,113,"7, BOULEVARD MASSENA",,,Plein jour,En agglomération,Hors intersection,Normale,Autre collision,,,,,,,,,,,1,2,1,1.0,6.0
201100060777,0011-01-08 11:40:00,11,1,8,11,40,750,113,"135, RUE DE TOLBIAC",,,Plein jour,En agglomération,Intersection à plus de 4 branches,Normale,Deux véhicules - côté,,,,,,,,,,,1,2,5,1.0,3.0
201100060778,0011-01-08 17:45:00,11,1,8,17,45,750,113,"75, QUAI DE LA GARE",,,Nuit avec éclairage allumé,En agglomération,Hors intersection,Pluie légère,Autre collision,,,,,,,,,,,5,2,1,2.0,6.0
201100060779,0011-01-09 13:00:00,11,1,9,13,0,750,113,BOULEVARD PERIPHERIQUE I,,,Plein jour,En agglomération,Intersection en Y,Normale,Trois véhicules et plus - en chaîne,,,,,,,,,,,1,2,4,1.0,4.0
201100060780,0011-01-09 19:00:00,11,1,9,19,0,750,113,RUE BRUNESEAU,,,Nuit avec éclairage allumé,En agglomération,Intersection à plus de 4 branches,Normale,Sans collision,,,,,,,,,,,5,2,5,1.0,7.0
201100060781,0011-01-11 14:45:00,11,1,11,14,45,750,113,BOULEVARD KELLERMANN,,,Plein jour,En agglomération,Intersection à plus de 4 branches,Pluie légère,Deux véhicules - côté,,,,,,,,,,,1,2,5,2.0,3.0
201100060782,0011-01-11 17:40:00,11,1,11,17,40,750,113,"18, AVENUE D IVRY",,,Nuit avec éclairage allumé,En agglomération,Hors intersection,Normale,Autre collision,,,,,,,,,,,5,2,1,1.0,6.0
201100060783,0011-01-13 13:50:00,11,1,13,13,50,750,113,"45, BOULEVARD SAINT MARC",,,Plein jour,En agglomération,Hors intersection,Normale,Autre collision,,,,,,,,,,,1,2,1,1.0,6.0
201100060784,0011-01-14 09:30:00,11,1,14,9,30,750,113,"39, BOULEVARD VINCENT AU",,,Plein jour,En agglomération,Hors intersection,Normale,Deux véhicules - arrière,,,,,,,,,,,1,2,1,1.0,2.0
201100060785,0011-01-14 19:05:00,11,1,14,19,5,750,113,"8, RUE GANDON",,,Nuit avec éclairage allumé,En agglomération,Intersection en T,Pluie légère,Autre collision,,,,,,,,,,,5,2,3,2.0,6.0
201100060786,0011-01-16 18:00:00,11,1,16,18,0,750,113,"56, AVENUE DES GOBELINS",,,Nuit avec éclairage allumé,En agglomération,Intersection en T,Normale,Autre collision,,,,,,,,,,,5,2,3,1.0,6.0
201100060787,0011-01-19 17:45:00,11,1,19,17,45,750,113,"4, PLACE D ITALIE",,,Nuit avec éclairage allumé,En agglomération,Intersection à plus de 4 branches,Normale,Deux véhicules - arrière,,,,,,,,,,,5,2,5,1.0,2.0
201100060788,0011-01-20 15:20:00,11,1,20,15,20,750,113,AVENUE DE LA PORTE DE CH,,,Plein jour,En agglomération,Intersection en X,Normale,Deux véhicules - côté,,,,,,,,,,,1,2,2,1.0,3.0
201100060789,0011-01-20 18:15:00,11,1,20,18,15,750,113,"113, AVENUE D IVRY",,,Nuit avec éclairage allumé,En agglomération,Intersection en T,Normale,Autre collision,,,,,,,,,,,5,2,3,1.0,6.0
201100060790,0011-01-20 19:30:00,11,1,20,19,30,750,113,"15, RUE VULPIAN",,,Nuit avec éclairage allumé,En agglomération,Hors intersection,Normale,Autre collision,,,,,,,,,,,5,2,1,1.0,6.0
201100060791,0011-01-23 12:30:00,11,1,23,12,30,750,113,"27, AVENUE D ITALIE",,,Plein jour,En agglomération,Hors intersection,Normale,Autre collision,,,,,,,,,,,1,2,1,1.0,6.0
201100060792,0011-01-26 18:25:00,11,1,26,18,25,750,113,"0, AVENUE DE FRANCE",,,Nuit avec éclairage allumé,En agglomération,Intersection en T,Normale,Deux véhicules - côté,,,,,,,,,,,5,2,3,1.0,3.0
201100060793,0011-01-26 20:05:00,11,1,26,20,5,750,113,"195, AVENUE DE CHOISY",,,Nuit avec éclairage allumé,En agglomération,Intersection en T,Normale,Autre collision,,,,,,,,,,,5,2,3,1.0,6.0
201100060794,0011-01-29 23:55:00,11,1,29,23,55,750,113,"169, BOULEVARD VINCENT A",,,Nuit avec éclairage allumé,En agglomération,Hors intersection,Normale,Autre collision,,,,,,,,,,,5,2,1,1.0,6.0
201100060795,0011-02-01 08:25:00,11,2,1,8,25,750,113,AVENUE CLAUDE REGAUD,,,Plein jour,En agglomération,Hors intersection,Normale,Deux véhicules - côté,,,,,,,,,,,1,2,1,1.0,3.0
201100060796,0011-02-01 12:20:00,11,2,1,12,20,750,113,"33, AVENUE D IVRY",,,Plein jour,En agglomération,Intersection en T,Normale,Autre collision,,,,,,,,,,,1,2,3,1.0,6.0
201100060797,0011-02-02 00:25:00,11,2,2,0,25,750,113,"54/56, RUE DES GRANDS MO",,,Nuit avec éclairage allumé,En agglomération,Hors intersection,Autre,Sans collision,,,,,,,,,,,5,2,1,9.0,7.0
201100060798,0011-02-01 23:00:00,11,2,1,23,0,750,113,AVENUE DE LA PORTE D ITA,,,Nuit avec éclairage allumé,En agglomération,Intersection en X,Pluie légère,Deux véhicules - côté,,,,,,,,,,,5,2,2,2.0,3.0
201100060799,0011-02-02 12:05:00,11,2,2,12,5,750,113,"97, AVENUE D ITALIE",,,Plein jour,En agglomération,Hors intersection,Normale,Deux véhicules - côté,,,,,,,,,,,1,2,1,1.0,3.0
201100060800,0011-02-03 16:25:00,11,2,3,16,25,750,113,BOULEVARD VINCENT AURIOL,,,Plein jour,En agglomération,Intersection en T,Normale,Autre collision,,,,,,,,,,,1,2,3,1.0,6.0
201100060801,0011-02-05 06:35:00,11,2,5,6,35,750,113,"70, BOULEVARD DE L HOPIT",,,Nuit avec éclairage allumé,En agglomération,Hors intersection,Normale,Deux véhicules - côté,,,,,,,,,,,5,2,1,1.0,3.0
201100060802,0011-02-05 16:20:00,11,2,5,16,20,750,113,"60, AVENUE D ITALIE",,,Plein jour,En agglomération,Intersection en T,Normale,Sans collision,,,,,,,,,,,1,2,3,1.0,7.0
201100060803,0011-02-06 15:45:00,11,2,6,15,45,750,113,QUAI PANHARD ET LEVASSOR,,,Plein jour,En agglomération,Intersection en X,Pluie légère,Autre collision,,,,,,,,,,,1,2,2,2.0,6.0
201100060804,0011-02-06 18:35:00,11,2,6,18,35,750,113,"11, AVENUE LEON BOLLEE",,,Nuit sans éclairage public,En agglomération,Intersection en T,Normale,Autre collision,,,,,,,,,,,3,2,3,1.0,6.0
201100060805,0011-02-09 09:40:00,11,2,9,9,40,750,113,RUE JEAN BAPTISTE BERLIE,,,Plein jour,En agglomération,Intersection à plus de 4 branches,Normale,Sans collision,,,,,,,,,,,1,2,5,1.0,7.0
201100060806,0011-02-10 03:20:00,11,2,10,3,20,750,113,"42, BOULEVARD ARAGO",,,Nuit avec éclairage allumé,En agglomération,Intersection à plus de 4 branches,Normale,Autre collision,,,,,,,,,,,5,2,5,1.0,6.0
201100060807,0011-02-10 19:30:00,11,2,10,19,30,750,113,"83, BOULEVARD DE L HOPIT",,,Nuit avec éclairage allumé,En agglomération,Intersection en Y,Pluie légère,Deux véhicules - côté,,,,,,,,,,,5,2,4,2.0,3.0
201100060808,0011-02-10 19:40:00,11,2,10,19,40,750,113,"1, BOULEVARD DE L HOPITA",,,Nuit avec éclairage allumé,En agglomération,Intersection à plus de 4 branches,Pluie légère,Autre collision,,,,,,,,,,,5,2,5,2.0,6.0
201100060809,0011-02-11 14:45:00,11,2,11,14,45,750,113,"115, RUE DE TOLBIAC",,,Plein jour,En agglomération,Hors intersection,Normale,Deux véhicules - côté,,,,,,,,,,,1,2,1,1.0,3.0
201100060810,0011-02-11 16:10:00,11,2,11,16,10,750,113,"16, RUE CHARLES FOURIER",,,Plein jour,En agglomération,Hors intersection,Normale,Autre collision,,,,,,,,,,,1,2,1,1.0,6.0
201100060811,0011-02-13 04:40:00,11,2,13,4,40,750,113,"1, RUE NEUVE TOLBIAC",,,Nuit avec éclairage allumé,En agglomération,Intersection en X,Normale,Trois véhicules et plus - collisions multiples,,,,,,,,,,,5,2,2,1.0,5.0
201100060812,0011-02-14 08:40:00,11,2,14,8,40,750,113,AVENUE D ITALIE,,,Plein jour,En agglomération,Hors intersection,Normale,Deux véhicules - côté,,,,,,,,,,,1,2,1,1.0,3.0
201100060813,0011-02-15 23:50:00,11,2,15,23,50,750,113,"face 79, QUAI D AUSTERLI",,,Nuit avec éclairage allumé,En agglomération,Intersection en X,Normale,Deux véhicules - côté,,,,,,,,,,,5,2,2,1.0,3.0
201100060814,0011-02-19 01:08:00,11,2,19,1,8,750,113,"114, AVENUE D ITALIE",,,Nuit avec éclairage allumé,En agglomération,Hors intersection,Normale,Deux véhicules - côté,,,,,,,,,,,5,2,1,1.0,3.0
201100060815,0011-02-19 17:00:00,11,2,19,17,0,750,113,"33, RUE DES PEUPLIERS",,,Plein jour,En agglomération,Intersection à plus de 4 branches,Pluie légère,Autre collision,,,,,,,,,,,1,2,5,2.0,6.0
201100060816,0011-02-20 06:15:00,11,2,20,6,15,750,113,PONT DE TOLBIAC,,,Nuit avec éclairage allumé,En agglomération,Hors intersection,Normale,Autre collision,,,,,,,,,,,5,2,1,1.0,6.0
201100060817,0011-02-22 17:30:00,11,2,22,17,30,750,113,"205, BOULEVARD VINCENT A",,,Plein jour,En agglomération,Hors intersection,Normale,Autre collision,,,,,,,,,,,1,2,1,1.0,6.0
201100060818,0011-02-24 12:05:00,11,2,24,12,5,750,113,"31, AVENUE DES GOBELINS",,,Plein jour,En agglomération,Hors intersection,Normale,Autre collision,,,,,,,,,,,1,2,1,1.0,6.0
201100060819,0011-02-25 20:20:00,11,2,25,20,20,750,113,"33, RUE DE TOLBIAC",,,Crépuscule ou aube,En agglomération,Intersection en X,Normale,Deux véhicules - arrière,,,,,,,,,,,2,2,2,1.0,2.0
201100060820,0011-02-27 23:10:00,11,2,27,23,10,750,113,"161, AVENUE D ITALIE",,,Nuit avec éclairage allumé,En agglomération,Intersection en X,Normale,Autre collision,,,,,,,,,,,5,2,2,1.0,6.0
201100060821,0011-03-01 08:25:00,11,3,1,8,25,750,113,"75, RUE DE TOLBIAC",,,Plein jour,En agglomération,Intersection en X,Normale,Autre collision,,,,,,,,,,,1,2,2,1.0,6.0
201100060822,0011-03-01 13:55:00,11,3,1,13,55,750,113,"77, AVENUE D ITALIE",,,Plein jour,En agglomération,Hors intersection,Normale,Sans collision,,,,,,,,,,,1,2,1,1.0,7.0
201100060823,0011-03-02 07:55:00,11,3,2,7,55,750,113,"48, BOULEVARD ARAGO",48.835,2.34494,Plein jour,En agglomération,Intersection en X,Normale,Deux véhicules - côté,,,,,,,,,,,1,2,2,1.0,3.0
201100060824,0011-03-02 14:50:00,11,3,2,14,50,750,113,"10, RUE JEANNE D ARC",48.8291,2.36921,Plein jour,En agglomération,Hors intersection,Normale,Autre collision,,,,,,,,,,,1,2,1,1.0,6.0
201100060825,0011-03-04 18:35:00,11,3,4,18,35,750,113,"51, RUE VERGNIAUD",,,Crépuscule ou aube,En agglomération,Hors intersection,Normale,Autre collision,,,,,,,,,,,2,2,1,1.0,6.0
201100060826,0011-03-07 07:45:00,11,3,7,7,45,750,113,PORTE D ITALIE,,,Plein jour,En agglomération,Intersection en Y,Normale,Deux véhicules - côté,,,,,,,,,,,1,2,4,1.0,3.0
201100060827,0011-03-07 09:30:00,11,3,7,9,30,750,113,"167, RUE DE TOLBIAC",,,Plein jour,En agglomération,Hors intersection,Normale,Autre collision,,,,,,,,,,,1,2,1,1.0,6.0
201100060828,0011-03-07 08:55:00,11,3,7,8,55,750,113,"22, AVENUE DE CHOISY",,,Plein jour,En agglomération,Hors intersection,Normale,Deux véhicules - arrière,,,,,,,,,,,1,2,1,1.0,2.0
201100060829,0011-03-07 16:45:00,11,3,7,16,45,750,113,"45, RUE BARRAULT",,,Plein jour,En agglomération,Hors intersection,Normale,Autre collision,,,,,,,,,,,1,2,1,1.0,6.0
201100060830,0011-03-07 23:25:00,11,3,7,23,25,750,113,"30, PLACE D ITALIE",,,Nuit avec éclairage allumé,En agglomération,Intersection à plus de 4 branches,Normale,Deux véhicules - arrière,,,,,,,,,,,5,2,5,1.0,2.0
201100060831,0011-03-08 20:25:00,11,3,8,20,25,750,113,"224, RUE DE TOLBIAC",,,Nuit avec éclairage allumé,En agglomération,Intersection en X,Normale,Deux véhicules - côté,,,,,,,,,,,5,2,2,1.0,3.0
201100060832,0011-03-10 15:30:00,11,3,10,15,30,750,113,"76, RUE DE TOLBIAC",,,Plein jour,En agglomération,Intersection en X,Normale,Autre collision,,,,,,,,,,,1,2,2,1.0,6.0
201100060833,0011-03-11 05:20:00,11,3,11,5,20,750,113,QUAI D IVRY,,,Nuit avec éclairage allumé,En agglomération,Intersection en X,Normale,Autre collision,,,,,,,,,,,5,2,2,1.0,6.0
201100060834,0011-03-11 09:55:00,11,3,11,9,55,750,113,BOULEVARD SAINT MARCEL,,,Plein jour,En agglomération,Intersection en Y,Normale,Deux véhicules - arrière,,,,,,,,,,,1,2,4,1.0,2.0
201100060835,0011-03-11 10:50:00,11,3,11,10,50,750,113,"55, BOULEVARD VINCENT AU",,,Plein jour,En agglomération,Intersection en T,Normale,Deux véhicules - côté,,,,,,,,,,,1,2,3,1.0,3.0
201100060836,0011-03-12 15:00:00,11,3,12,15,0,750,113,"4, PLACE D ITALIE",,,Plein jour,En agglomération,Intersection à plus de 4 branches,Normale,Sans collision,,,,,,,,,,,1,2,5,1.0,7.0
201100060837,0011-03-12 19:55:00,11,3,12,19,55,750,113,QUAI D IVRY,,,Nuit avec éclairage allumé,En agglomération,Intersection à plus de 4 branches,Pluie légère,Sans collision,,,,,,,,,,,5,2,5,2.0,7.0
201100060838,0011-03-13 05:50:00,11,3,13,5,50,750,113,"193, RUE DE TOLBIAC",,,Nuit avec éclairage allumé,En agglomération,Intersection à plus de 4 branches,Normale,Autre collision,,,,,,,,,,,5,2,5,1.0,6.0
201100060839,0011-03-14 08:35:00,11,3,14,8,35,750,113,"82, RUE DU DESSOUS DES B",,,Plein jour,En agglomération,Intersection en T,Normale,Deux véhicules - côté,,,,,,,,,,,1,2,3,1.0,3.0
201100060840,0011-03-15 09:00:00,11,3,15,9,0,750,113,"1, PLACE D ITALIE",,,Plein jour,En agglomération,Place,Normale,Sans collision,,,,,,,,,,,1,2,7,1.0,7.0
201100060841,0011-03-16 11:25:00,11,3,16,11,25,750,113,"107, RUE DE TOLBIAC",,,Plein jour,En agglomération,Intersection à plus de 4 branches,Normale,Deux véhicules - côté,,,,,,,,,,,1,2,5,1.0,3.0
201100060842,0011-03-18 16:30:00,11,3,18,16,30,750,113,"74, BOULEVARD VINCENT AU",,,Plein jour,En agglomération,Hors intersection,Pluie légère,Sans collision,,,,,,,,,,,1,2,1,2.0,7.0
201100060843,0011-03-18 17:00:00,11,3,18,17,0,750,113,"75, AVENUE DES GOBELINS",,,Plein jour,En agglomération,Hors intersection,Pluie légère,Sans collision,,,,,,,,,,,1,2,1,2.0,7.0
201100060844,0011-03-18 21:50:00,11,3,18,21,50,750,113,PORTE D ITALIE,,,Nuit avec éclairage allumé,En agglomération,Intersection en Y,Pluie légère,Autre collision,,,,,,,,,,,5,2,4,2.0,6.0
201100060845,0011-03-19 14:25:00,11,3,19,14,25,750,113,"112, BOULEVARD AUGUSTE B",,,Plein jour,En agglomération,Hors intersection,Normale,Sans collision,,,,,,,,,,,1,2,1,1.0,7.0
201100060846,0011-03-20 14:25:00,11,3,20,14,25,750,113,"86, AVENUE D ITALIE",,,Plein jour,En agglomération,Intersection en X,Normale,Deux véhicules - côté,,,,,,,,,,,1,2,2,1.0,3.0
201100060847,0011-03-21 11:15:00,11,3,21,11,15,750,113,"62, RUE DE TOLBIAC",,,Plein jour,En agglomération,Intersection en X,Normale,Autre collision,,,,,,,,,,,1,2,2,1.0,6.0
201100060848,0011-03-21 13:05:00,11,3,21,13,5,750,113,"71, RUE DE CROULEBARBE",,,Plein jour,En agglomération,Intersection en X,Normale,Autre collision,,,,,,,,,,,1,2,2,1.0,6.0
201100060849,0011-03-22 17:45:00,11,3,22,17,45,750,113,"10, RUE DE TOLBIAC",,,Plein jour,En agglomération,Hors intersection,Normale,Autre collision,,,,,,,,,,,1,2,1,1.0,6.0
201100060850,0011-03-22 19:35:00,11,3,22,19,35,750,113,"98, BOULEVARD DE L HOPIT",,,Nuit sans éclairage public,En agglomération,Intersection en X,Normale,Autre collision,,,,,,,,,,,3,2,2,1.0,6.0
201100060851,0011-03-23 09:20:00,11,3,23,9,20,750,105,"23, AVENUE DES GOBELINS",,,Plein jour,En agglomération,Intersection à plus de 4 branches,Normale,Sans collision,,,,,,,,,,,1,2,5,1.0,7.0
201100060852,0011-03-25 11:20:00,11,3,25,11,20,750,113,RUE JACQUES DESTREE,,,Plein jour,En agglomération,Hors intersection,Normale,Trois véhicules et plus - collisions multiples,,,,,,,,,,,1,2,1,1.0,5.0
201100060853,0011-03-26 21:45:00,11,3,26,21,45,750,113,BOULEVARD VINCENT AURIOL,,,Nuit avec éclairage allumé,En agglomération,Intersection en X,Pluie légère,Autre collision,,,,,,,,,,,5,2,2,2.0,6.0
201100060854,0011-03-29 17:20:00,11,3,29,17,20,750,113,"93, BOULEVARD DE PORT RO",,,Plein jour,En agglomération,Intersection en T,Pluie légère,Deux véhicules - côté,,,,,,,,,,,1,2,3,2.0,3.0
201100060855,0011-03-31 15:20:00,11,3,31,15,20,750,113,"41, QUAI PANHARD ET LEVA",,,Plein jour,En agglomération,Hors intersection,Normale,Deux véhicules - arrière,,,,,,,,,,,1,2,1,1.0,2.0
201100060856,0011-03-31 16:30:00,11,3,31,16,30,750,113,"169, RUE DE TOLBIAC",,,Plein jour,En agglomération,Hors intersection,Normale,Deux véhicules - côté,,,,,,,,,,,1,2,1,1.0,3.0
201100060857,0011-03-31 16:30:00,11,3,31,16,30,750,113,"137, RUE DE LA SANTE",,,Plein jour,En agglomération,Hors intersection,Temps couvert,Autre collision,,,,,,,,,,,1,2,1,8.0,6.0
201100060858,0011-04-01 16:10:00,11,4,1,16,10,750,113,"80, RUE DE TOLBIAC",,,Plein jour,En agglomération,Hors intersection,Normale,Sans collision,,,,,,,,,,,1,2,1,1.0,7.0
201100060859,0011-04-04 21:50:00,11,4,4,21,50,750,113,PORTE D IVRY,,,Nuit avec éclairage allumé,En agglomération,Hors intersection,Normale,Deux véhicules - côté,,,,,,,,,,,5,2,1,1.0,3.0
201100060860,0011-04-05 13:11:00,11,4,5,13,11,750,113,"83, BOULEVARD DE L HOPIT",,,Plein jour,En agglomération,Intersection en Y,Normale,Deux véhicules - côté,,,,,,,,,,,1,2,4,1.0,3.0
201100060861,0011-04-05 12:50:00,11,4,5,12,50,750,113,"face au 84, BOULEVARD KE",,,Plein jour,En agglomération,Intersection en T,Normale,Deux véhicules - arrière,,,,,,,,,,,1,2,3,1.0,2.0
201100060862,0011-04-05 17:20:00,11,4,5,17,20,750,113,"85, QUAI D AUSTERLITZ",,,Plein jour,En agglomération,Hors intersection,Normale,Sans collision,,,,,,,,,,,1,2,1,1.0,7.0
201100060863,0011-04-06 09:15:00,11,4,6,9,15,750,113,"39, RUE DE L ESPERANCE",,,Plein jour,En agglomération,Intersection en X,Normale,Autre collision,,,,,,,,,,,1,2,2,1.0,6.0
201100060864,0011-04-06 14:00:00,11,4,6,14,0,750,113,"77, RUE DU CHATEAU DES R",,,Plein jour,En agglomération,Hors intersection,Normale,Autre collision,,,,,,,,,,,1,2,1,1.0,6.0
201100060865,0011-04-06 17:15:00,11,4,6,17,15,750,113,"176, AVENUE D ITALIE",,,Plein jour,En agglomération,Hors intersection,Normale,Autre collision,,,,,,,,,,,1,2,1,1.0,6.0
201100060866,0011-04-06 19:00:00,11,4,6,19,0,750,113,"1, RUE EUGENE OUDINE",,,Plein jour,En agglomération,Intersection à plus de 4 branches,Normale,Deux véhicules - côté,,,,,,,,,,,1,2,5,1.0,3.0