accident_id,datetime,annee,mois,jour,heure,minute,departement,commune_insee,adresse,latitude,longitude,luminosite,agglomeration,intersection,meteo,collision,nb_vehicules,nb_usagers,nb_indemnes,nb_tues,nb_blesses_hosp,nb_blesses_legers,age_cond_1,age_cond_2,veh_type_cond_1,veh_type_cond_2,lum_code,agg_code,int_code,atm_code,col_code
201100060867,0011-04-07 20:00:00,11,4,7,20,0,750,113,BOULEVARD PERIPHERIQUE I,,,Crépuscule ou aube,En agglomération,Hors intersection,Normale,Sans collision,,,,,,,,,,,2,2,1,1.0,7.0
201100060868,0011-04-08 14:20:00,11,4,8,14,20,750,113,"129, RUE DE LA GLACIERE",,,Plein jour,En agglomération,Intersection à plus de 4 branches,Normale,Deux véhicules - arrière,,,,,,,,,,,1,2,5,1.0,2.0
201100060869,0011-04-08 19:00:00,11,4,8,19,0,750,113,"142, BOULEVARD MASSENA",,,Plein jour,En agglomération,Hors intersection,Normale,Sans collision,,,,,,,,,,,1,2,1,1.0,7.0
201100060870,0011-04-08 17:55:00,11,4,8,17,55,750,113,"20bis, BOULEVARD ARAGO",,,Plein jour,En agglomération,Intersection en Y,Normale,Deux véhicules - côté,,,,,,,,,,,1,2,4,1.0,3.0
201100060871,0011-04-09 17:55:00,11,4,9,17,55,750,113,"21, RUE RENE GOSCINNY",,,Plein jour,En agglomération,Hors intersection,Normale,Autre collision,,,,,,,,,,,1,2,1,1.0,6.0
201100060872,0011-04-11 21:25:00,11,4,11,21,25,750,113,"30, PLACE D ITALIE",,,Nuit avec éclairage allumé,En agglomération,Hors intersection,Normale,Deux véhicules - arrière,,,,,,,,,,,5,2,1,1.0,2.0
201100060873,0011-04-12 15:30:00,11,4,12,15,30,750,113,"2, RUE DE RUNGIS",,,Plein jour,En agglomération,Intersection en T,Normale,Autre collision,,,,,,,,,,,1,2,3,1.0,6.0
201100060874,0011-04-12 16:50:00,11,4,12,16,50,750,113,"156, AVENUE D ITALIE",,,Plein jour,En agglomération,Intersection en X,Normale,Autre collision,,,,,,,,,,,1,2,2,1.0,6.0
201100060875,0011-04-12 18:15:00,11,4,12,18,15,750,113,"24, RUE NEUVE TOLBIAC",,,Plein jour,En agglomération,Hors intersection,Normale,Deux véhicules - côté,,,,,,,,,,,1,2,1,1.0,3.0
201100060876,0011-04-16 16:20:00,11,4,16,16,20,750,113,"1, PLACE D ITALIE",,,Plein jour,En agglomération,Intersection à plus de 4 branches,Normale,Deux véhicules - côté,,,,,,,,,,,1,2,5,1.0,3.0
201100060877,0011-04-18 09:40:00,11,4,18,9,40,750,113,"16, RUE DE TOLBIAC",,,Plein jour,En agglomération,Hors intersection,Normale,Autre collision,,,,,,,,,,,1,2,1,1.0,6.0
201100060878,0011-04-18 17:40:00,11,4,18,17,40,750,113,"147, BOULEVARD DE L HOPI",,,Plein jour,En agglomération,Intersection en X,Normale,Deux véhicules - côté,,,,,,,,,,,1,2,2,1.0,3.0
201100060879,0011-04-19 15:10:00,11,4,19,15,10,750,113,"68, BOULEVARD KELLERMANN",,,Plein jour,En agglomération,Intersection en T,Normale,Deux véhicules - arrière,,,,,,,,,,,1,2,3,1.0,2.0
201100060880,0011-04-19 22:50:00,11,4,19,22,50,750,113,"65, RUE DU JAVELO",,,Nuit avec éclairage allumé,En agglomération,Hors intersection,Normale,Sans collision,,,,,,,,,,,5,2,1,1.0,7.0
201100060881,0011-04-20 08:50:00,11,4,20,8,50,750,113,"133, RUE DE TOLBIAC",,,Plein jour,En agglomération,Intersection à plus de 4 branches,Normale,Autre collision,,,,,,,,,,,1,2,5,1.0,6.0
201100060882,0011-04-20 15:10:00,11,4,20,15,10,750,113,"2, BOULEVARD MASSENA",,,Crépuscule ou aube,En agglomération,Hors intersection,Normale,Autre collision,,,,,,,,,,,2,2,1,1.0,6.0
201100060883,0011-04-21 09:40:00,11,4,21,9,40,750,113,"110, BOULEVARD MASSENA",,,Plein jour,En agglomération,Intersection en T,Normale,Deux véhicules - côté,,,,,,,,,,,1,2,3,1.0,3.0
201100060884,0011-04-21 11:55:00,11,4,21,11,55,750,113,"73, QUAI PANHARD ET LEVA",,,Plein jour,En agglomération,Intersection en T,Normale,Deux véhicules - côté,,,,,,,,,,,1,2,3,1.0,3.0
201100060885,0011-04-21 14:10:00,11,4,21,14,10,750,113,"125, BOULEVARD VINCENT A",,,Plein jour,En agglomération,Hors intersection,Normale,Trois véhicules et plus - en chaîne,,,,,,,,,,,1,2,1,1.0,4.0
201100060886,0011-04-22 16:15:00,11,4,22,16,15,750,113,"14, BOULEVARD KELLERMANN",,,Plein jour,En agglomération,Hors intersection,Normale,Sans collision,,,,,,,,,,,1,2,1,1.0,7.0
201100060887,0011-04-22 18:15:00,11,4,22,18,15,750,113,"69, BOULEVARD VINCENT AU",,,Plein jour,En agglomération,Hors intersection,Normale,Autre collision,,,,,,,,,,,1,2,1,1.0,6.0
201100060888,0011-04-22 19:00:00,11,4,22,19,0,750,113,"135, BOULEVARD MASSENA",,,Plein jour,En agglomération,Intersection à plus de 4 branches,Normale,Deux véhicules - côté,,,,,,,,,,,1,2,5,1.0,3.0
201100060889,0011-04-22 23:00:00,11,4,22,23,0,750,113,"4, RUE DUPUY DE LOME",,,Nuit avec éclairage allumé,En agglomération,Hors intersection,Normale,Sans collision,,,,,,,,,,,5,2,1,1.0,7.0
201100060890,0011-04-23 22:55:00,11,4,23,22,55,750,113,AVENUE DE LA PORTE D ITA,,,Nuit avec éclairage allumé,En agglomération,Intersection en X,Normale,Autre collision,,,,,,,,,,,5,2,2,1.0,6.0
201100060891,0011-04-24 16:45:00,11,4,24,16,45,750,113,"137, BOULEVARD DE L HOPI",,,Plein jour,En agglomération,Hors intersection,Normale,Autre collision,,,,,,,,,,,1,2,1,1.0,6.0
201100060892,0011-04-26 08:45:00,11,4,26,8,45,750,113,AVENUE DE LA PORTE D ITA,,,Plein jour,En agglomération,Hors intersection,Normale,Sans collision,,,,,,,,,,,1,2,1,1.0,7.0
201100060893,0011-04-28 15:15:00,11,4,28,15,15,750,113,"24, RUE NEUVE TOLBIAC",,,Plein jour,En agglomération,Hors intersection,Normale,Autre collision,,,,,,,,,,,1,2,1,1.0,6.0
201100060894,0011-04-28 21:00:00,11,4,28,21,0,750,113,"80, AVENUE D ITALIE",,,Nuit avec éclairage allumé,En agglomération,Intersection en X,Normale,Deux véhicules - arrière,,,,,,,,,,,5,2,2,1.0,2.0
201100060895,0011-04-29 15:00:00,11,4,29,15,0,750,113,"48, BOULEVARD ARAGO",,,Plein jour,En agglomération,Intersection en X,Pluie légère,Deux véhicules - côté,,,,,,,,,,,1,2,2,2.0,3.0
201100060896,0011-04-29 20:00:00,11,4,29,20,0,750,113,"64, RUE DU MOULIN DES PR",,,Plein jour,En agglomération,Intersection en X,Normale,Deux véhicules - côté,,,,,,,,,,,1,2,2,1.0,3.0
201100060897,0011-05-01 03:45:00,11,5,1,3,45,750,113,"22, BOULEVARD VINCENT AU",,,Nuit avec éclairage allumé,En agglomération,Intersection en T,Normale,Autre collision,,,,,,,,,,,5,2,3,1.0,6.0
201100060898,0011-05-04 18:05:00,11,5,4,18,5,750,113,"37, AVENUE DES GOBELINS",,,Plein jour,En agglomération,Intersection en X,Normale,Deux véhicules - côté,,,,,,,,,,,1,2,2,1.0,3.0
201100060899,0011-05-04 18:40:00,11,5,4,18,40,750,113,"107, RUE JEANNE D ARC",,,Plein jour,En agglomération,Hors intersection,Normale,Autre collision,,,,,,,,,,,1,2,1,1.0,6.0
201100060900,0011-05-05 00:45:00,11,5,5,0,45,750,113,"93, RUE DE TOLBIAC",,,Nuit avec éclairage allumé,En agglomération,Intersection en X,Normale,Autre collision,,,,,,,,,,,5,2,2,1.0,6.0
201100060901,0011-05-05 14:55:00,11,5,5,14,55,750,113,"71, AVENUE DES GOBELINS",,,Plein jour,En agglomération,Intersection en Y,Normale,Trois véhicules et plus - en chaîne,,,,,,,,,,,1,2,4,1.0,4.0
201100060902,0011-05-05 17:50:00,11,5,5,17,50,750,113,"184, AVENUE D ITALIE",,,Plein jour,En agglomération,Hors intersection,Normale,Deux véhicules - côté,,,,,,,,,,,1,2,1,1.0,3.0
201100060903,0011-05-05 22:15:00,11,5,5,22,15,750,113,"184, RUE DE TOLBIAC",,,Nuit avec éclairage allumé,En agglomération,Intersection à plus de 4 branches,Normale,Autre collision,,,,,,,,,,,5,2,5,1.0,6.0
201100060904,0011-05-06 08:30:00,11,5,6,8,30,750,113,BOULEVARD MASSENA,,,Plein jour,En agglomération,Hors intersection,Normale,Sans collision,,,,,,,,,,,1,2,1,1.0,7.0
201100060905,0011-05-06 13:20:00,11,5,6,13,20,750,113,"169, AVENUE DE CHOISY",,,Plein jour,En agglomération,Intersection en T,Normale,Deux véhicules - côté,,,,,,,,,,,1,2,3,1.0,3.0
201100060906,0011-05-06 16:15:00,11,5,6,16,15,750,113,"176, AVENUE D ITALIE",,,Plein jour,En agglomération,Intersection en T,Normale,Deux véhicules - arrière,,,,,,,,,,,1,2,3,1.0,2.0
201100060907,0011-05-06 22:30:00,11,5,6,22,30,750,113,"117, BOULEVARD AUGUSTE B",,,Nuit sans éclairage public,En agglomération,Hors intersection,Normale,Autre collision,,,,,,,,,,,3,2,1,1.0,6.0
201100060908,0011-05-07 14:06:00,11,5,7,14,6,750,113,"43, RUE DE PATAY",,,Plein jour,En agglomération,Intersection à plus de 4 branches,Normale,Deux véhicules - côté,,,,,,,,,,,1,2,5,1.0,3.0
201100060909,0011-05-09 13:45:00,11,5,9,13,45,750,113,"5 bis, AVENUE D ITALIE",,,Plein jour,En agglomération,Hors intersection,Normale,Deux véhicules - côté,,,,,,,,,,,1,2,1,1.0,3.0
201100060910,0011-05-10 15:50:00,11,5,10,15,50,750,113,AVENUE DES GOBELINS,,,Plein jour,En agglomération,Intersection en T,Normale,Autre collision,,,,,,,,,,,1,2,3,1.0,6.0
201100060911,0011-05-10 17:30:00,11,5,10,17,30,750,113,"137, BOULEVARD DE L HOPI",,,Plein jour,En agglomération,Intersection en T,Normale,Deux véhicules - côté,,,,,,,,,,,1,2,3,1.0,3.0
201100060912,0011-05-10 18:10:00,11,5,10,18,10,750,113,RUE DE TOLBIAC,,,Plein jour,En agglomération,Intersection en X,Normale,Deux véhicules - arrière,,,,,,,,,,,1,2,2,1.0,2.0
201100060913,0011-05-12 08:40:00,11,5,12,8,40,750,113,"148, RUE DE TOLBIAC",,,Plein jour,En agglomération,Intersection en T,Normale,Autre collision,,,,,,,,,,,1,2,3,1.0,6.0
201100060914,0011-05-12 16:30:00,11,5,12,16,30,750,113,"1, PLACE D ITALIE",,,Plein jour,En agglomération,Intersection à plus de 4 branches,Normale,Deux véhicules - arrière,,,,,,,,,,,1,2,5,1.0,2.0
201100060915,0011-05-12 18:05:00,11,5,12,18,5,750,113,"33, RUE DE CROULEBARBE",,,Plein jour,En agglomération,Intersection en Y,Normale,Autre collision,,,,,,,,,,,1,2,4,1.0,6.0
201100060916,0011-05-13 16:35:00,11,5,13,16,35,750,113,"25, RUE DE TOLBIAC",,,Plein jour,En agglomération,Hors intersection,Normale,Autre collision,,,,,,,,,,,1,2,1,1.0,6.0
201100060917,0011-05-13 19:20:00,11,5,13,19,20,750,113,BOULEVARD PERIPHERIQUE,,,Plein jour,En agglomération,Hors intersection,Normale,Deux véhicules - arrière,,,,,,,,,,,1,2,1,1.0,2.0
201100060918,0011-05-14 19:45:00,11,5,14,19,45,750,113,"16, RUE CLISSON",,,Plein jour,En agglomération,Intersection en T,Normale,Autre collision,,,,,,,,,,,1,2,3,1.0,6.0
201100060919,0011-05-17 08:55:00,11,5,17,8,55,750,113,"83, BOULEVARD SAINT MARC",,,Plein jour,En agglomération,Intersection à plus de 4 branches,Normale,Autre collision,,,,,,,,,,,1,2,5,1.0,6.0
201100060920,0011-05-17 18:55:00,11,5,17,18,55,750,113,"48, RUE JEANNE D ARC",,,Plein jour,En agglomération,Hors intersection,Normale,Autre collision,,,,,,,,,,,1,2,1,1.0,6.0
201100060921,0011-05-17 19:30:00,11,5,17,19,30,750,113,"63, BOULEVARD KELLERMANN",,,Plein jour,En agglomération,Intersection à plus de 4 branches,Normale,Autre collision,,,,,,,,,,,1,2,5,1.0,6.0
201100060922,0011-05-18 08:25:00,11,5,18,8,25,750,113,"18, RUE DE REIMS",,,Plein jour,En agglomération,Intersection en T,Normale,Autre collision,,,,,,,,,,,1,2,3,1.0,6.0
201100060923,0011-05-18 08:30:00,11,5,18,8,30,750,113,RUE DU VAL DE MARNE,,,Plein jour,En agglomération,Intersection en X,Normale,Deux véhicules - frontale,,,,,,,,,,,1,2,2,1.0,1.0
201100060924,0011-05-18 17:45:00,11,5,18,17,45,750,113,"01, AVENUE D ITALIE",,,Plein jour,En agglomération,Place,Normale,Deux véhicules - côté,,,,,,,,,,,1,2,7,1.0,3.0
201100060925,0011-05-20 07:10:00,11,5,20,7,10,750,113,BOULEVARD PERIPHERIQUE I,,,Plein jour,En agglomération,Hors intersection,Normale,Trois véhicules et plus - en chaîne,,,,,,,,,,,1,2,1,1.0,4.0
201100060926,0011-05-22 13:30:00,11,5,22,13,30,750,113,"19, RUE EMILE DURKHEIM",,,Plein jour,En agglomération,Hors intersection,Normale,Deux véhicules - côté,,,,,,,,,,,1,2,1,1.0,3.0
201100060927,0011-05-23 08:00:00,11,5,23,8,0,750,113,"55, RUE DE TOLBIAC",,,Plein jour,En agglomération,Intersection en T,Normale,Autre collision,,,,,,,,,,,1,2,3,1.0,6.0
201100060928,0011-05-23 17:45:00,11,5,23,17,45,750,113,"14, RUE DE TOLBIAC",,,Plein jour,En agglomération,Hors intersection,Normale,Autre collision,,,,,,,,,,,1,2,1,1.0,6.0
201100060929,0011-05-24 13:10:00,11,5,24,13,10,750,113,"53 bis, BOULEVARD ARAGO",,,Plein jour,En agglomération,Intersection en X,Normale,Autre collision,,,,,,,,,,,1,2,2,1.0,6.0
201100060930,0011-05-24 20:45:00,11,5,24,20,45,750,113,"100, BOULEVARD AUGUSTE B",,,Plein jour,En agglomération,Intersection à plus de 4 branches,Normale,Deux véhicules - côté,,,,,,,,,,,1,2,5,1.0,3.0
201100060931,0011-05-24 21:20:00,11,5,24,21,20,750,113,BOULEVARD PERIPHERIQUE I,,,Nuit avec éclairage allumé,En agglomération,Intersection en Y,Normale,Deux véhicules - arrière,,,,,,,,,,,5,2,4,1.0,2.0
201100060932,0011-05-25 15:50:00,11,5,25,15,50,750,113,"93, AVENUE D IVRY",,,Plein jour,En agglomération,Intersection en X,Normale,Autre collision,,,,,,,,,,,1,2,2,1.0,6.0
201100060933,0011-05-25 17:30:00,11,5,25,17,30,750,113,BOULEVARD ARAGO,,,Plein jour,En agglomération,Intersection en X,Normale,Deux véhicules - côté,,,,,,,,,,,1,2,2,1.0,3.0
201100060934,0011-05-25 23:45:00,11,5,25,23,45,750,113,"2, RUE HENRI PAPE",,,Nuit avec éclairage allumé,En agglomération,Intersection à plus de 4 branches,Normale,Sans collision,,,,,,,,,,,5,2,5,1.0,7.0
201100060935,0011-05-26 18:45:00,11,5,26,18,45,750,113,BOULEVARD ARAGO,,,Plein jour,En agglomération,Intersection en X,Normale,Deux véhicules - côté,,,,,,,,,,,1,2,2,1.0,3.0
201100060936,0011-05-27 09:20:00,11,5,27,9,20,750,113,"21, RUE DE DOMREMY",,,Plein jour,En agglomération,Hors intersection,Temps couvert,Autre collision,,,,,,,,,,,1,2,1,8.0,6.0
201100060937,0011-05-27 12:50:00,11,5,27,12,50,750,113,"70 BIS, BOULEVARD AUGUST",,,Plein jour,En agglomération,Intersection à plus de 4 branches,Normale,Trois véhicules et plus - en chaîne,,,,,,,,,,,1,2,5,1.0,4.0
201100060938,0011-05-29 04:55:00,11,5,29,4,55,750,113,"1, BOULEVARD DE L HOPITA",,,Crépuscule ou aube,En agglomération,Place,Normale,Deux véhicules - côté,,,,,,,,,,,2,2,7,1.0,3.0
201100060939,0011-05-30 09:30:00,11,5,30,9,30,750,113,"127, BOULEVARD VINCENT A",,,Plein jour,En agglomération,Intersection à plus de 4 branches,Normale,Sans collision,,,,,,,,,,,1,2,5,1.0,7.0
201100060940,0011-06-01 22:00:00,11,6,1,22,0,750,113,"1, QUAI D IVRY",,,Nuit avec éclairage allumé,En agglomération,Intersection à plus de 4 branches,Normale,Autre collision,,,,,,,,,,,5,2,5,1.0,6.0
201100060941,0011-06-04 09:15:00,11,6,4,9,15,750,113,"112, AVENUE D IVRY",,,Plein jour,En agglomération,Intersection à plus de 4 branches,Normale,Deux véhicules - côté,,,,,,,,,,,1,2,5,1.0,3.0
201100060942,0011-06-06 01:45:00,11,6,6,1,45,750,113,"27, AVENUE D ITALIE",,,Nuit avec éclairage allumé,En agglomération,Hors intersection,Pluie légère,Deux véhicules - arrière,,,,,,,,,,,5,2,1,2.0,2.0
201100060943,0011-06-06 12:00:00,11,6,6,12,0,750,113,BOULEVARD PERIPHERIQUE,,,Plein jour,En agglomération,Hors intersection,Pluie légère,Autre collision,,,,,,,,,,,1,2,1,2.0,6.0
201100060944,0011-06-07 13:25:00,11,6,7,13,25,750,113,"211-213, BOULEVARD VINCE",,,Plein jour,En agglomération,Place,Pluie légère,Deux véhicules - arrière,,,,,,,,,,,1,2,7,2.0,2.0
201100060945,0011-06-07 09:40:00,11,6,7,9,40,750,113,"68, BOULEVARD KELLERMANN",,,Plein jour,En agglomération,Intersection en T,Pluie légère,Sans collision,,,,,,,,,,,1,2,3,2.0,7.0
201100060946,0011-06-09 14:00:00,11,6,9,14,0,750,113,BOULEVARD VINCENT AURIOL,,,Plein jour,En agglomération,Intersection en X,Normale,Deux véhicules - côté,,,,,,,,,,,1,2,2,1.0,3.0
201100060947,0011-06-10 18:15:00,11,6,10,18,15,750,113,AVENUE GENERAL DE GAULLE,,,Plein jour,En agglomération,Hors intersection,Normale,Autre collision,,,,,,,,,,,1,2,1,1.0,6.0
201100060948,0011-06-10 22:15:00,11,6,10,22,15,750,113,"90, RUE DE TOLBIAC",,,Nuit avec éclairage allumé,En agglomération,Intersection à plus de 4 branches,Normale,Sans collision,,,,,,,,,,,5,2,5,1.0,7.0
201100060949,0011-06-10 20:30:00,11,6,10,20,30,750,113,"209, BOULEVARD VINCENT A",,,Plein jour,En agglomération,Intersection à plus de 4 branches,Normale,Deux véhicules - arrière,,,,,,,,,,,1,2,5,1.0,2.0
201100060950,0011-06-11 23:10:00,11,6,11,23,10,750,113,"29, RUE DES LONGUES RAIE",,,Nuit avec éclairage allumé,En agglomération,Intersection en T,Normale,Sans collision,,,,,,,,,,,5,2,3,1.0,7.0
201100060951,0011-06-12 01:15:00,11,6,12,1,15,750,113,"10, RUE DE TOLBIAC",,,Nuit avec éclairage allumé,En agglomération,Hors intersection,Normale,Autre collision,,,,,,,,,,,5,2,1,1.0,6.0
201100060952,0011-06-12 15:00:00,11,6,12,15,0,750,113,"19, ALLEE MARC CHAGALL",,,Plein jour,En agglomération,Intersection en T,Normale,Sans collision,,,,,,,,,,,1,2,3,1.0,7.0
201100060953,0011-06-14 14:55:00,11,6,14,14,55,750,113,"106, BOULEVARD KELLERMAN",,,Plein jour,En agglomération,Hors intersection,Normale,Autre collision,,,,,,,,,,,1,2,1,1.0,6.0
201100060954,0011-06-14 21:30:00,11,6,14,21,30,750,113,PORTE D ITALIE,,,Crépuscule ou aube,En agglomération,Place,Normale,Autre collision,,,,,,,,,,,2,2,7,1.0,6.0
201100060955,0011-06-15 14:30:00,11,6,15,14,30,750,113,"217, RUE DE TOLBIAC",,,Plein jour,En agglomération,Intersection en X,Normale,Deux véhicules - frontale,,,,,,,,,,,1,2,2,1.0,1.0
201100060956,0011-06-16 17:45:00,11,6,16,17,45,750,113,"73, AVENUE DES GOBELINS",,,Plein jour,En agglomération,Intersection en T,Normale,Deux véhicules - frontale,,,,,,,,,,,1,2,3,1.0,1.0
201100060957,0011-06-17 12:55:00,11,6,17,12,55,750,113,"55/57, AVENUE D ITALIE",,,Plein jour,En agglomération,Hors intersection,Normale,Deux véhicules - arrière,,,,,,,,,,,1,2,1,1.0,2.0
201100060958,0011-06-17 15:15:00,11,6,17,15,15,750,113,"1, QUAI D AUSTERLITZ",,,Plein jour,En agglomération,Intersection en X,Pluie légère,Deux véhicules - arrière,,,,,,,,,,,1,2,2,2.0,2.0
201100060959,0011-06-18 18:05:00,11,6,18,18,5,750,113,"192, AVENUE DE FRANCE",,,Plein jour,En agglomération,Intersection en X,Temps couvert,Trois véhicules et plus - collisions multiples,,,,,,,,,,,1,2,2,8.0,5.0
201100060960,0011-06-18 20:10:00,11,6,18,20,10,750,113,BOULEVARD VINCENT AURIOL,,,Plein jour,En agglomération,Intersection en X,Normale,Deux véhicules - côté,,,,,,,,,,,1,2,2,1.0,3.0
201100060961,0011-06-23 10:19:00,11,6,23,10,19,750,113,"15, RUE DE TOLBIAC",,,Plein jour,En agglomération,Hors intersection,Normale,Autre collision,,,,,,,,,,,1,2,1,1.0,6.0
201100060962,0011-06-23 19:10:00,11,6,23,19,10,750,113,QUAI PANHARD ET LEVASSOR,,,Plein jour,En agglomération,Intersection en T,Normale,Deux véhicules - arrière,,,,,,,,,,,1,2,3,1.0,2.0
201100060963,0011-06-24 06:05:00,11,6,24,6,5,750,113,"3, RUE NEUVE TOLBIAC",,,Plein jour,En agglomération,Intersection en X,Normale,Deux véhicules - côté,,,,,,,,,,,1,2,2,1.0,3.0
201100060964,0011-06-26 06:30:00,11,6,26,6,30,750,113,"46, BOULEVARD MASSENA",,,Plein jour,En agglomération,Hors intersection,Normale,Autre collision,,,,,,,,,,,1,2,1,1.0,6.0
201100060965,0011-06-26 08:45:00,11,6,26,8,45,750,113,"00, RUE DE LA POTERNE DE",,,Plein jour,En agglomération,Intersection en X,Normale,Deux véhicules - frontale,,,,,,,,,,,1,2,2,1.0,1.0
201100060966,0011-06-26 12:20:00,11,6,26,12,20,750,113,RUE DUNOIS,,,Plein jour,En agglomération,Intersection en X,Normale,Sans collision,,,,,,,,,,,1,2,2,1.0,7.0
201100060967,0011-06-29 01:35:00,11,6,29,1,35,750,113,QUAI D IVRY,,,Nuit avec éclairage allumé,En agglomération,Intersection en T,Normale,Deux véhicules - côté,,,,,,,,,,,5,2,3,1.0,3.0
201100060968,0011-06-30 13:15:00,11,6,30,13,15,750,113,AVENUE DE LA PORTE D ITA,,,Plein jour,En agglomération,Intersection à plus de 4 branches,Normale,Deux véhicules - côté,,,,,,,,,,,1,2,5,1.0,3.0
201100060969,0011-06-30 05:10:00,11,6,30,5,10,750,113,BOULEVARD PERIPHERIQUE,,,Plein jour,En agglomération,Hors intersection,Normale,Trois véhicules et plus - en chaîne,,,,,,,,,,,1,2,1,1.0,4.0
201100060970,0011-07-02 03:05:00,11,7,2,3,5,750,113,"2, QUAI PANHARD ET LEVAS",,,Nuit avec éclairage allumé,En agglomération,Hors intersection,Normale,Sans collision,,,,,,,,,,,5,2,1,1.0,7.0
201100060971,0011-07-03 14:30:00,11,7,3,14,30,750,113,"121, RUE DE PATAY",,,Plein jour,En agglomération,Hors intersection,Normale,Autre collision,,,,,,,,,,,1,2,1,1.0,6.0
201100060972,0011-07-04 08:00:00,11,7,4,8,0,750,113,"75, QUAI PANHARD ET LEVA",,,Plein jour,En agglomération,Intersection en T,Normale,Deux véhicules - côté,,,,,,,,,,,1,2,3,1.0,3.0
201100060973,0011-07-04 22:30:00,11,7,4,22,30,750,113,BOULEVARD DU GENERAL JEA,,,Nuit avec éclairage non allumé,En agglomération,Hors intersection,Normale,Autre collision,,,,,,,,,,,4,2,1,1.0,6.0
201100060974,0011-07-06 10:45:00,11,7,6,10,45,750,113,AVENUE PIERRE DE COUBERT,,,Plein jour,En agglomération,Intersection à plus de 4 branches,Normale,Deux véhicules - côté,,,,,,,,,,,1,2,5,1.0,3.0
201100060975,0011-07-07 18:15:00,11,7,7,18,15,750,113,"58, RUE NEUVE TOLBIAC",,,Plein jour,En agglomération,Intersection en X,Normale,Deux véhicules - côté,,,,,,,,,,,1,2,2,1.0,3.0
201100060976,0011-07-08 10:25:00,11,7,8,10,25,750,113,"74, AVENUE D ITALIE",,,Plein jour,En agglomération,Hors intersection,Pluie légère,Deux véhicules - côté,,,,,,,,,,,1,2,1,2.0,3.0
201100060977,0011-07-08 17:15:00,11,7,8,17,15,750,113,"13, AVENUE DE LA PORTE D",,,Plein jour,En agglomération,Intersection en X,Normale,Deux véhicules - côté,,,,,,,,,,,1,2,2,1.0,3.0
201100060978,0011-07-08 18:50:00,11,7,8,18,50,750,113,"157, RUE DE TOLBIAC",,,Plein jour,En agglomération,Hors intersection,Normale,Deux véhicules - côté,,,,,,,,,,,1,2,1,1.0,3.0
201100060979,0011-07-11 10:20:00,11,7,11,10,20,750,113,"32, QUAI D AUSTERLITZ",,,Plein jour,En agglomération,Hors intersection,Normale,Autre collision,,,,,,,,,,,1,2,1,1.0,6.0
201100060980,0011-07-11 16:15:00,11,7,11,16,15,750,113,RUE DE LA POTERNE DES PE,,,Plein jour,En agglomération,Intersection en X,Normale,Deux véhicules - côté,,,,,,,,,,,1,2,2,1.0,3.0
201100060981,0011-07-11 21:06:00,11,7,11,21,6,750,113,PORTE D ITALIE,,,Plein jour,En agglomération,Intersection en Y,Normale,Autre collision,,,,,,,,,,,1,2,4,1.0,6.0
201100060982,0011-07-13 19:30:00,11,7,13,19,30,750,113,"55, BOULEVARD MASSENA",,,Plein jour,En agglomération,Intersection en X,Normale,Deux véhicules - côté,,,,,,,,,,,1,2,2,1.0,3.0
201100060983,0011-07-16 18:40:00,11,7,16,18,40,750,113,"43, BOULEVARD SAINT MARC",,,Crépuscule ou aube,En agglomération,Hors intersection,Pluie forte,Autre collision,,,,,,,,,,,2,2,1,3.0,6.0
201100060984,0011-07-18 13:00:00,11,7,18,13,0,750,113,"7 bis, BOULEVARD DE L HO",,,Plein jour,En agglomération,Intersection en X,Pluie légère,Autre collision,,,,,,,,,,,1,2,2,2.0,6.0
201100060985,0011-07-19 04:50:00,11,7,19,4,50,750,113,"3, PLACE VALHUBERT",,,Nuit avec éclairage allumé,En agglomération,Intersection à plus de 4 branches,Pluie légère,Deux véhicules - côté,,,,,,,,,,,5,2,5,2.0,3.0
201100060986,0011-07-20 10:20:00,11,7,20,10,20,750,113,"135, AVENUE D ITALIE",,,Plein jour,En agglomération,Hors intersection,Normale,Autre collision,,,,,,,,,,,1,2,1,1.0,6.0
201100060987,0011-07-25 18:00:00,11,7,25,18,0,750,113,"25-27, BOULEVARD ARAGO",,,Plein jour,En agglomération,Intersection en X,Normale,Sans collision,,,,,,,,,,,1,2,2,1.0,7.0
201100060988,0011-07-29 11:00:00,11,7,29,11,0,750,113,"116, BOULEVARD DE L HOPI",,,Plein jour,En agglomération,Hors intersection,Normale,Deux véhicules - côté,,,,,,,,,,,1,2,1,1.0,3.0
201100060989,0011-07-29 15:50:00,11,7,29,15,50,750,113,"46, BOULEVARD ARAGO",,,Plein jour,En agglomération,Intersection en T,Normale,Autre collision,,,,,,,,,,,1,2,3,1.0,6.0
201100060990,0011-08-01 20:15:00,11,8,1,20,15,750,113,"3, RUE DU DOCTEUR BOURNE",,,Plein jour,En agglomération,Intersection en X,Normale,Autre collision,,,,,,,,,,,1,2,2,1.0,6.0
201100060991,0011-08-03 07:55:00,11,8,3,7,55,750,113,"50, RUE GANDON",,,Plein jour,En agglomération,Hors intersection,Pluie légère,Autre collision,,,,,,,,,,,1,2,1,2.0,6.0
201100060992,0011-08-03 08:25:00,11,8,3,8,25,750,113,"51, BOULEVARD AUGUSTE BL",,,Plein jour,En agglomération,Hors intersection,Pluie légère,Autre collision,,,,,,,,,,,1,2,1,2.0,6.0