accident_id,datetime,annee,mois,jour,heure,minute,departement,commune_insee,adresse,latitude,longitude,luminosite,agglomeration,intersection,meteo,collision,nb_vehicules,nb_usagers,nb_indemnes,nb_tues,nb_blesses_hosp,nb_blesses_legers,age_cond_1,age_cond_2,veh_type_cond_1,veh_type_cond_2,lum_code,agg_code,int_code,atm_code,col_code
201100061747,0011-10-27 20:15:00,11,10,27,20,15,750,115,"95, BOULEVARD DE GRENELL",,,Nuit avec éclairage allumé,En agglomération,Intersection en T,Normale,Autre collision,,,,,,,,,,,5,2,3,1.0,6.0
201100061748,0011-10-28 08:55:00,11,10,28,8,55,750,115,"238, RUE DE LA CONVENTIO",,,Plein jour,En agglomération,Intersection à plus de 4 branches,Normale,Sans collision,,,,,,,,,,,1,2,5,1.0,7.0
201100061749,0011-10-28 19:45:00,11,10,28,19,45,750,115,"49, RUE DES ENTREPRENEUR",,,Nuit avec éclairage allumé,En agglomération,Place,Normale,Deux véhicules - arrière,,,,,,,,,,,5,2,7,1.0,2.0
201100061750,0011-10-30 19:50:00,11,10,30,19,50,750,115,"219, RUE DE LA CROIX NIV",,,Nuit avec éclairage allumé,En agglomération,Intersection à plus de 4 branches,Normale,Deux véhicules - côté,,,,,,,,,,,5,2,5,1.0,3.0
201100061751,0011-10-31 08:10:00,11,10,31,8,10,750,115,"134, RUE DE LA CONVENTIO",,,Plein jour,En agglomération,Intersection en X,Normale,Deux véhicules - frontale,,,,,,,,,,,1,2,2,1.0,1.0
201100061752,0011-10-31 17:15:00,11,10,31,17,15,750,115,"31, QUAI ANDRE CITROEN",,,Nuit avec éclairage allumé,En agglomération,Hors intersection,Normale,Autre collision,,,,,,,,,,,5,2,1,1.0,6.0
201100061753,0011-11-01 19:50:00,11,11,1,19,50,750,115,"32, RUE DE LOURMEL",,,Crépuscule ou aube,En agglomération,Hors intersection,Normale,Autre collision,,,,,,,,,,,2,2,1,1.0,6.0
201100061754,0011-11-02 18:10:00,11,11,2,18,10,750,115,"119, AVENUE FELIX FAURE",,,Nuit avec éclairage allumé,En agglomération,Intersection en T,Normale,Autre collision,,,,,,,,,,,5,2,3,1.0,6.0
201100061755,0011-11-04 09:45:00,11,11,4,9,45,750,115,"20, AVENUE DE SUFFREN",,,Plein jour,En agglomération,Hors intersection,Normale,Autre collision,,,,,,,,,,,1,2,1,1.0,6.0
201100061756,0011-11-04 10:40:00,11,11,4,10,40,750,115,"70, RUE DU COMMERCE",,,Plein jour,En agglomération,Intersection en T,Normale,Autre collision,,,,,,,,,,,1,2,3,1.0,6.0
201100061757,0011-11-04 21:35:00,11,11,4,21,35,750,115,"49, RUE LINOIS",,,Nuit avec éclairage allumé,En agglomération,Intersection en X,Pluie forte,Autre collision,,,,,,,,,,,5,2,2,3.0,6.0
201100061758,0011-11-04 17:55:00,11,11,4,17,55,750,115,"5, AVENUE DE LA PORTE BR",,,Crépuscule ou aube,En agglomération,Hors intersection,Normale,Autre collision,,,,,,,,,,,2,2,1,1.0,6.0
201100061759,0011-11-07 17:20:00,11,11,7,17,20,750,115,"62, AVENUE EMILE ZOLA",,,Nuit avec éclairage allumé,En agglomération,Hors intersection,Normale,Autre collision,,,,,,,,,,,5,2,1,1.0,6.0
201100061760,0011-11-08 08:00:00,11,11,8,8,0,750,115,BOULEVARD PASTEUR,,,Plein jour,En agglomération,Hors intersection,Pluie légère,Sans collision,,,,,,,,,,,1,2,1,2.0,7.0
201100061761,0011-11-10 13:00:00,11,11,10,13,0,750,115,RUE LECOURBE,,,Plein jour,En agglomération,Hors intersection,Normale,Deux véhicules - arrière,,,,,,,,,,,1,2,1,1.0,2.0
201100061762,0011-11-10 18:10:00,11,11,10,18,10,750,115,RUE LOUIS ARMAND,,,Crépuscule ou aube,En agglomération,Intersection en T,Normale,Deux véhicules - côté,,,,,,,,,,,2,2,3,1.0,3.0
201100061763,0011-11-11 10:00:00,11,11,11,10,0,750,115,"331bis, RUE DE VAUGIRARD",,,Plein jour,En agglomération,Intersection en T,Temps couvert,Autre collision,,,,,,,,,,,1,2,3,8.0,6.0
201100061764,0011-11-14 13:05:00,11,11,14,13,5,750,115,BOULEVARD LEFEBVRE,,,Plein jour,En agglomération,Intersection en X,Normale,Deux véhicules - côté,,,,,,,,,,,1,2,2,1.0,3.0
201100061765,0011-11-15 13:20:00,11,11,15,13,20,750,115,PLACE DES INSURGES DE VA,,,Plein jour,En agglomération,Place,Normale,Trois véhicules et plus - en chaîne,,,,,,,,,,,1,2,7,1.0,4.0
201100061766,0011-11-16 10:00:00,11,11,16,10,0,750,115,"60, RUE DE LA CROIX NIVE",,,Plein jour,En agglomération,Intersection en T,Normale,Deux véhicules - arrière,,,,,,,,,,,1,2,3,1.0,2.0
201100061767,0011-11-17 20:10:00,11,11,17,20,10,750,115,"73, RUE DE LA CONVENTION",,,Nuit avec éclairage allumé,En agglomération,Hors intersection,Normale,Deux véhicules - côté,,,,,,,,,,,5,2,1,1.0,3.0
201100061768,0011-11-18 13:00:00,11,11,18,13,0,750,115,"146, RUE DE LA CROIX NIV",,,Plein jour,En agglomération,Intersection en T,Normale,Deux véhicules - côté,,,,,,,,,,,1,2,3,1.0,3.0
201100061769,0011-11-18 17:10:00,11,11,18,17,10,750,115,"133, RUE LECOURBE",,,Crépuscule ou aube,En agglomération,Intersection en X,Normale,Autre collision,,,,,,,,,,,2,2,2,1.0,6.0
201100061770,0011-11-19 00:14:00,11,11,19,0,14,750,115,BOULEVARD PERIPHERIQUE,,,Nuit avec éclairage allumé,Hors agglomération,Hors intersection,Normale,Sans collision,,,,,,,,,,,5,1,1,1.0,7.0
201100061771,0011-11-19 14:45:00,11,11,19,14,45,750,115,"35, AVENUE DE LA PORTE B",,,Plein jour,En agglomération,Intersection en Y,Normale,Deux véhicules - côté,,,,,,,,,,,1,2,4,1.0,3.0
201100061772,0011-11-19 17:05:00,11,11,19,17,5,750,115,"94bis, AVENUE DE SUFFREN",,,Crépuscule ou aube,En agglomération,Intersection en T,Normale,Sans collision,,,,,,,,,,,2,2,3,1.0,7.0
201100061773,0011-11-19 18:35:00,11,11,19,18,35,750,107,"42, BOULEVARD RASPAIL",,,Nuit avec éclairage allumé,En agglomération,Intersection en X,Normale,Deux véhicules - côté,,,,,,,,,,,5,2,2,1.0,3.0
201100061774,0011-11-19 22:15:00,11,11,19,22,15,750,107,"31, QUAI ANATOLE FRANCE",,,Nuit avec éclairage allumé,En agglomération,Intersection en T,Normale,Deux véhicules - côté,,,,,,,,,,,5,2,3,1.0,3.0
201100061775,0011-11-20 22:10:00,11,11,20,22,10,750,115,RUE DE VAUGIRARD,,,Nuit avec éclairage allumé,En agglomération,Intersection en X,Normale,Autre collision,,,,,,,,,,,5,2,2,1.0,6.0
201100061776,0011-11-21 11:40:00,11,11,21,11,40,750,115,"22, RUE LA QUINTINIE",,,Plein jour,En agglomération,Intersection en X,Normale,Deux véhicules - côté,,,,,,,,,,,1,2,2,1.0,3.0
201100061777,0011-11-21 17:00:00,11,11,21,17,0,750,115,"129, RUE DE VAUGIRARD",,,Crépuscule ou aube,En agglomération,Intersection en T,Normale,Autre collision,,,,,,,,,,,2,2,3,1.0,6.0
201100061778,0011-11-23 22:25:00,11,11,23,22,25,750,115,PLACE HENRI QUEUILLE,,,Nuit sans éclairage public,En agglomération,Place,Normale,Deux véhicules - côté,,,,,,,,,,,3,2,7,1.0,3.0
201100061779,0011-11-24 02:45:00,11,11,24,2,45,750,115,"37, QUAI DE GRENELLE",,,Nuit avec éclairage allumé,En agglomération,Hors intersection,Normale,Sans collision,,,,,,,,,,,5,2,1,1.0,7.0
201100061780,0011-11-25 13:30:00,11,11,25,13,30,750,115,"31, QUAI DE GRENELLE",,,Plein jour,En agglomération,Hors intersection,Pluie légère,Sans collision,,,,,,,,,,,1,2,1,2.0,7.0
201100061781,0011-11-25 14:50:00,11,11,25,14,50,750,115,QUAI ANDRE CITROEN,,,Plein jour,En agglomération,Place,Pluie légère,Sans collision,,,,,,,,,,,1,2,7,2.0,7.0
201100061782,0011-11-28 16:35:00,11,11,28,16,35,750,115,"4, PLACE ETIENNE PERNET",,,Plein jour,En agglomération,Hors intersection,Normale,Deux véhicules - côté,,,,,,,,,,,1,2,1,1.0,3.0
201100061783,0011-11-30 12:50:00,11,11,30,12,50,750,115,PLACE DES INSURGES DE VA,,,Plein jour,En agglomération,Place,Normale,Deux véhicules - arrière,,,,,,,,,,,1,2,7,1.0,2.0
201100061784,0011-12-01 09:00:00,11,12,1,9,0,750,115,QUAI BRANLY,,,Plein jour,En agglomération,Intersection en T,Pluie légère,Autre collision,,,,,,,,,,,1,2,3,2.0,6.0
201100061785,0011-12-01 12:05:00,11,12,1,12,5,750,115,"10, BOULEVARD VICTOR",,,Plein jour,En agglomération,Intersection en X,Pluie légère,Deux véhicules - côté,,,,,,,,,,,1,2,2,2.0,3.0
201100061786,0011-12-01 19:05:00,11,12,1,19,5,750,115,RUE DE LA CONVENTION,,,Nuit avec éclairage allumé,En agglomération,Hors intersection,Normale,Autre collision,,,,,,,,,,,5,2,1,1.0,6.0
201100061787,0011-12-02 13:15:00,11,12,2,13,15,750,115,"290, RUE DE VAUGIRARD",,,Plein jour,En agglomération,Intersection en X,Normale,Autre collision,,,,,,,,,,,1,2,2,1.0,6.0
201100061788,0011-12-02 14:50:00,11,12,2,14,50,750,115,"11, RUE OLIVIER DE SERRE",,,Plein jour,En agglomération,Intersection en X,Normale,Deux véhicules - côté,,,,,,,,,,,1,2,2,1.0,3.0
201100061789,0011-12-02 23:45:00,11,12,2,23,45,750,115,"104, RUE DE LA CONVENTIO",,,Nuit avec éclairage allumé,En agglomération,Hors intersection,Normale,Autre collision,,,,,,,,,,,5,2,1,1.0,6.0
201100061790,0011-12-06 12:10:00,11,12,6,12,10,750,115,"329, MARCHE LECOURBE",,,Plein jour,En agglomération,Hors intersection,Normale,Deux véhicules - côté,,,,,,,,,,,1,2,1,1.0,3.0
201100061791,0011-12-06 13:15:00,11,12,6,13,15,750,115,"24, AVENUE DE LA PORTE D",,,Plein jour,En agglomération,Hors intersection,Normale,Autre collision,,,,,,,,,,,1,2,1,1.0,6.0
201100061792,0011-12-06 14:20:00,11,12,6,14,20,750,115,"43, RUE LABROUSTE",,,Plein jour,En agglomération,Hors intersection,Normale,Autre collision,,,,,,,,,,,1,2,1,1.0,6.0
201100061793,0011-12-07 19:50:00,11,12,7,19,50,750,115,"13, BOULEVARD VICTOR",,,Nuit avec éclairage allumé,En agglomération,Hors intersection,Pluie légère,Sans collision,,,,,,,,,,,5,2,1,2.0,7.0
201100061794,0011-12-08 06:42:00,11,12,8,6,42,750,115,"75, RUE DE LOURMEL",,,Nuit avec éclairage allumé,En agglomération,Intersection en X,Normale,Autre collision,,,,,,,,,,,5,2,2,1.0,6.0
201100061795,0011-12-08 14:55:00,11,12,8,14,55,750,107,"87, AVENUE DE SUFFREN",,,Plein jour,En agglomération,Hors intersection,Normale,Deux véhicules - côté,,,,,,,,,,,1,2,1,1.0,3.0
201100061796,0011-12-09 09:20:00,11,12,9,9,20,750,115,"11, RUE DE L ARRIVEE",,,Plein jour,En agglomération,Hors intersection,Pluie légère,Sans collision,,,,,,,,,,,1,2,1,2.0,7.0
201100061797,0011-12-10 10:15:00,11,12,10,10,15,750,115,PLACE DU MOULIN DE JAVEL,,,Plein jour,En agglomération,Intersection en Y,Normale,Deux véhicules - arrière,,,,,,,,,,,1,2,4,1.0,2.0
201100061798,0011-12-10 11:20:00,11,12,10,11,20,750,115,"47, RUE DES VOLONTAIRES",,,Plein jour,En agglomération,Hors intersection,Normale,Deux véhicules - côté,,,,,,,,,,,1,2,1,1.0,3.0
201100061799,0011-12-10 13:30:00,11,12,10,13,30,750,115,"81, RUE SAINT CHARLES",,,Plein jour,En agglomération,Intersection en T,Normale,Autre collision,,,,,,,,,,,1,2,3,1.0,6.0
201100061800,0011-12-13 10:00:00,11,12,13,10,0,750,115,"113, RUE SAINT CHARLES",,,Plein jour,En agglomération,Intersection en X,Pluie légère,Autre collision,,,,,,,,,,,1,2,2,2.0,6.0
201100061801,0011-12-14 14:20:00,11,12,14,14,20,750,115,"81, RUE DU THEATRE",,,Plein jour,En agglomération,Hors intersection,Normale,Autre collision,,,,,,,,,,,1,2,1,1.0,6.0
201100061802,0011-12-15 11:50:00,11,12,15,11,50,750,115,"4, RUE JEAN MARIDOR",,,Plein jour,En agglomération,Hors intersection,Normale,Deux véhicules - arrière,,,,,,,,,,,1,2,1,1.0,2.0
201100061803,0011-12-15 12:30:00,11,12,15,12,30,750,115,QUAI DE GRENELLE,,,Plein jour,En agglomération,Place,Normale,Deux véhicules - côté,,,,,,,,,,,1,2,7,1.0,3.0
201100061804,0011-12-15 21:50:00,11,12,15,21,50,750,115,BOULEVARD LEFEBVRE,,,Nuit avec éclairage allumé,En agglomération,Intersection à plus de 4 branches,Pluie légère,Deux véhicules - côté,,,,,,,,,,,5,2,5,2.0,3.0
201100061805,0011-12-16 07:55:00,11,12,16,7,55,750,115,"11, AVENUE DU MAINE",,,Nuit avec éclairage allumé,En agglomération,Intersection en Y,Pluie légère,Autre collision,,,,,,,,,,,5,2,4,2.0,6.0
201100061806,0011-12-16 20:30:00,11,12,16,20,30,750,115,RUE DESNOUETTES,,,Nuit avec éclairage allumé,En agglomération,Intersection en X,Pluie légère,Autre collision,,,,,,,,,,,5,2,2,2.0,6.0
201100061807,0011-12-16 23:35:00,11,12,16,23,35,750,115,"179, BOULEVARD LEFEBVRE",,,Nuit avec éclairage allumé,En agglomération,Intersection en Y,Pluie légère,Autre collision,,,,,,,,,,,5,2,4,2.0,6.0
201100061808,0011-12-17 05:00:00,11,12,17,5,0,750,115,"21, RUE DE LA CROIX NIVE",,,Nuit avec éclairage allumé,En agglomération,Hors intersection,Normale,Autre collision,,,,,,,,,,,5,2,1,1.0,6.0
201100061809,0011-12-17 11:00:00,11,12,17,11,0,750,115,"87, RUE CAMBRONNE",,,Plein jour,En agglomération,Intersection à plus de 4 branches,Normale,Autre collision,,,,,,,,,,,1,2,5,1.0,6.0
201100061810,0011-12-18 05:25:00,11,12,18,5,25,750,107,PORT DU GROS CAILLOU,,,Nuit avec éclairage allumé,En agglomération,Hors intersection,Pluie légère,Autre collision,,,,,,,,,,,5,2,1,2.0,6.0
201100061811,0011-12-21 12:00:00,11,12,21,12,0,750,115,"181bis, RUE DE LA CROIX",,,Plein jour,En agglomération,Hors intersection,Pluie légère,Deux véhicules - arrière,,,,,,,,,,,1,2,1,2.0,2.0
201100061812,0011-12-23 19:50:00,11,12,23,19,50,750,115,"33, RUE DE VOUILLE",,,Nuit avec éclairage allumé,En agglomération,Intersection en T,Pluie légère,Deux véhicules - côté,,,,,,,,,,,5,2,3,2.0,3.0
201100061813,0011-12-24 05:55:00,11,12,24,5,55,750,115,RUE DE LA FEDERATION,,,Nuit avec éclairage allumé,En agglomération,Intersection en Y,Normale,Autre collision,,,,,,,,,,,5,2,4,1.0,6.0
201100061814,0011-12-24 12:00:00,11,12,24,12,0,750,115,"73, AVENUE FELIX FAURE",,,Plein jour,En agglomération,Intersection en T,Normale,Deux véhicules - arrière,,,,,,,,,,,1,2,3,1.0,2.0
201100061815,0011-12-26 21:20:00,11,12,26,21,20,750,115,"21, RUE BRANCION",,,Nuit avec éclairage allumé,En agglomération,Intersection en X,Normale,Autre collision,,,,,,,,,,,5,2,2,1.0,6.0
201100061816,0011-12-27 19:10:00,11,12,27,19,10,750,115,"11, RUE DE LA CONVENTION",,,Nuit avec éclairage non allumé,En agglomération,Intersection en X,Normale,Autre collision,,,,,,,,,,,4,2,2,1.0,6.0
201100061817,0011-01-01 17:20:00,11,1,1,17,20,750,116,ROUTE DE SEVRES A NEUILL,,,Nuit avec éclairage allumé,En agglomération,Hors intersection,Pluie légère,Sans collision,,,,,,,,,,,5,2,1,2.0,7.0
201100061818,0011-01-01 05:55:00,11,1,1,5,55,750,116,PLACE CHARLES DE GAULLE,,,Nuit avec éclairage allumé,En agglomération,Hors intersection,Normale,Autre collision,,,,,,,,,,,5,2,1,1.0,6.0
201100061819,0011-01-03 08:54:00,11,1,3,8,54,750,116,"47, AVENUE THEOPHILE GAU",,,Plein jour,En agglomération,Intersection en X,Normale,Deux véhicules - côté,,,,,,,,,,,1,2,2,1.0,3.0
201100061820,0011-01-03 09:45:00,11,1,3,9,45,750,116,PLACE CHARLES DE GAULLE,,,Plein jour,En agglomération,Intersection à plus de 4 branches,Normale,Deux véhicules - côté,,,,,,,,,,,1,2,5,1.0,3.0
201100061821,0011-01-06 19:05:00,11,1,6,19,5,750,116,"72, AVENUE KLEBER",,,Nuit avec éclairage allumé,En agglomération,Hors intersection,Pluie légère,Autre collision,,,,,,,,,,,5,2,1,2.0,6.0
201100061822,0011-01-06 20:05:00,11,1,6,20,5,750,116,PLACE DU DOCTEUR PAUL MI,,,Nuit avec éclairage allumé,En agglomération,Intersection à plus de 4 branches,Pluie légère,Autre collision,,,,,,,,,,,5,2,5,2.0,6.0
201100061823,0011-01-07 10:30:00,11,1,7,10,30,750,116,"11, AVENUE MARCEAU",,,Plein jour,En agglomération,Hors intersection,Pluie forte,Autre collision,,,,,,,,,,,1,2,1,3.0,6.0
201100061824,0011-01-07 13:20:00,11,1,7,13,20,750,116,"55, RUE MOLITOR",,,Plein jour,En agglomération,Intersection en X,Temps couvert,Autre collision,,,,,,,,,,,1,2,2,8.0,6.0
201100061825,0011-01-08 03:50:00,11,1,8,3,50,750,116,AVENUE MOZART,,,Nuit avec éclairage allumé,En agglomération,Intersection à plus de 4 branches,Normale,Sans collision,,,,,,,,,,,5,2,5,1.0,7.0
201100061826,0011-01-08 12:00:00,11,1,8,12,0,750,116,"69, BOULEVARD EXELMANS",,,Crépuscule ou aube,En agglomération,Hors intersection,Normale,Autre collision,,,,,,,,,,,2,2,1,1.0,6.0
201100061827,0011-01-08 14:00:00,11,1,8,14,0,750,116,PLACE DU TROCADERO,,,Plein jour,En agglomération,Hors intersection,Normale,Deux véhicules - côté,,,,,,,,,,,1,2,1,1.0,3.0
201100061828,0011-01-09 18:35:00,11,1,9,18,35,750,116,"65, AVENUE VICTOR HUGO",,,Nuit avec éclairage allumé,En agglomération,Intersection en T,Normale,Deux véhicules - côté,,,,,,,,,,,5,2,3,1.0,3.0
201100061829,0011-01-10 12:45:00,11,1,10,12,45,750,116,"19, AVENUE VICTOR HUGO",,,Plein jour,En agglomération,Intersection en T,Normale,Autre collision,,,,,,,,,,,1,2,3,1.0,6.0
201100061830,0011-01-11 07:55:00,11,1,11,7,55,750,116,"104, AVENUE GEORGES LAFO",,,Crépuscule ou aube,En agglomération,Intersection à plus de 4 branches,Pluie légère,Autre collision,,,,,,,,,,,2,2,5,2.0,6.0
201100061831,0011-01-11 09:15:00,11,1,11,9,15,750,116,"03, AVENUE RAYMOND POINC",,,Plein jour,En agglomération,Hors intersection,Pluie légère,Sans collision,,,,,,,,,,,1,2,1,2.0,7.0
201100061832,0011-01-11 18:35:00,11,1,11,18,35,750,116,PLACE CHARLES DE GAULLE,,,Nuit avec éclairage allumé,En agglomération,Intersection à plus de 4 branches,Normale,Deux véhicules - côté,,,,,,,,,,,5,2,5,1.0,3.0
201100061833,0011-01-12 08:45:00,11,1,12,8,45,750,116,"09, AVENUE FOCH",,,Plein jour,En agglomération,Intersection en T,Pluie légère,Autre collision,,,,,,,,,,,1,2,3,2.0,6.0
201100061834,0011-01-12 08:55:00,11,1,12,8,55,750,116,AVENUE INGRES,,,Plein jour,En agglomération,Intersection à plus de 4 branches,Pluie légère,Autre collision,,,,,,,,,,,1,2,5,2.0,6.0
201100061835,0011-01-12 08:30:00,11,1,12,8,30,750,116,"69, AVENUE MARCEAU",,,Plein jour,En agglomération,Hors intersection,Pluie légère,Autre collision,,,,,,,,,,,1,2,1,2.0,6.0
201100061836,0011-01-12 08:50:00,11,1,12,8,50,750,116,"06, CHAUSSEE LA MUETTE",,,Plein jour,En agglomération,Intersection à plus de 4 branches,Pluie légère,Autre collision,,,,,,,,,,,1,2,5,2.0,6.0
201100061837,0011-01-12 21:00:00,11,1,12,21,0,750,116,"174, AVENUE VICTOR HUGO",,,Nuit avec éclairage allumé,En agglomération,Intersection en T,Pluie légère,Deux véhicules - côté,,,,,,,,,,,5,2,3,2.0,3.0
201100061838,0011-01-13 00:01:00,11,1,13,0,1,750,116,"3, AVENUE KLEBER",,,Nuit avec éclairage allumé,En agglomération,Intersection à plus de 4 branches,Pluie légère,Deux véhicules - côté,,,,,,,,,,,5,2,5,2.0,3.0
201100061839,0011-01-14 12:30:00,11,1,14,12,30,750,116,"1, PLACE DE L ALMA",,,Plein jour,En agglomération,Intersection à plus de 4 branches,Normale,Deux véhicules - côté,,,,,,,,,,,1,2,5,1.0,3.0
201100061840,0011-01-14 15:45:00,11,1,14,15,45,750,116,ROUTE DE SURESNES,,,Plein jour,En agglomération,Intersection à plus de 4 branches,Normale,Deux véhicules - côté,,,,,,,,,,,1,2,5,1.0,3.0
201100061841,0011-01-14 18:00:00,11,1,14,18,0,750,116,"33, RUE MOLITOR",,,Nuit avec éclairage allumé,En agglomération,Intersection en X,Pluie légère,Autre collision,,,,,,,,,,,5,2,2,2.0,6.0
201100061842,0011-01-14 20:00:00,11,1,14,20,0,750,116,"38, RUE DE PASSY",,,Nuit avec éclairage allumé,En agglomération,Intersection en X,Pluie légère,Autre collision,,,,,,,,,,,5,2,2,2.0,6.0
201100061843,0011-01-15 15:45:00,11,1,15,15,45,750,116,"43-45, AVENUE KLEBER",,,Plein jour,En agglomération,Hors intersection,Normale,Deux véhicules - côté,,,,,,,,,,,1,2,1,1.0,3.0
201100061844,0011-01-15 18:45:00,11,1,15,18,45,750,116,BOULEVARD PERIPHERIQUE,,,Nuit avec éclairage allumé,En agglomération,Hors intersection,Normale,Deux véhicules - arrière,,,,,,,,,,,5,2,1,1.0,2.0
201100061845,0011-01-15 19:30:00,11,1,15,19,30,750,116,"40, RUE MOLITOR",,,Crépuscule ou aube,En agglomération,Intersection en X,Normale,Deux véhicules - côté,,,,,,,,,,,2,2,2,1.0,3.0
201100061846,0011-01-16 12:00:00,11,1,16,12,0,750,116,ROUTE DES TRIBUNES,,,Plein jour,En agglomération,Hors intersection,Normale,Sans collision,,,,,,,,,,,1,2,1,1.0,7.0
201100061847,0011-01-19 01:20:00,11,1,19,1,20,750,116,AVENUE DU PRESIDENT WILS,,,Nuit avec éclairage allumé,En agglomération,Intersection à plus de 4 branches,Normale,Sans collision,,,,,,,,,,,5,2,5,1.0,7.0
201100061848,0011-01-19 02:45:00,11,1,19,2,45,750,116,"2, RUE PERGOLESE",,,Nuit avec éclairage allumé,En agglomération,Intersection à plus de 4 branches,Normale,Autre collision,,,,,,,,,,,5,2,5,1.0,6.0
201100061849,0011-01-19 10:45:00,11,1,19,10,45,750,116,PLACE DU TROCADERO,,,Plein jour,En agglomération,Intersection à plus de 4 branches,Normale,Autre collision,,,,,,,,,,,1,2,5,1.0,6.0
201100061850,0011-01-19 12:00:00,11,1,19,12,0,750,116,AVENUE DE LA PORTE DE SA,,,Plein jour,En agglomération,Intersection en Y,Normale,Deux véhicules - arrière,,,,,,,,,,,1,2,4,1.0,2.0
201100061851,0011-01-19 13:50:00,11,1,19,13,50,750,116,"60, AVENUE DE NEW YORK",,,Plein jour,En agglomération,Intersection à plus de 4 branches,Normale,Deux véhicules - côté,,,,,,,,,,,1,2,5,1.0,3.0
201100061852,0011-01-19 20:30:00,11,1,19,20,30,750,116,ROUTE DE LA MUETTE A NEU,,,Nuit avec éclairage allumé,En agglomération,Hors intersection,Normale,Deux véhicules - frontale,,,,,,,,,,,5,2,1,1.0,1.0
201100061853,0011-01-20 17:00:00,11,1,20,17,0,750,108,"40, AVENUE GEORGE V",,,Nuit avec éclairage allumé,En agglomération,Intersection à plus de 4 branches,Normale,Autre collision,,,,,,,,,,,5,2,5,1.0,6.0
201100061854,0011-01-21 18:00:00,11,1,21,18,0,750,116,"22, AVENUE RAYMOND POINC",,,Nuit avec éclairage allumé,En agglomération,Intersection en X,Normale,Autre collision,,,,,,,,,,,5,2,2,1.0,6.0
201100061855,0011-01-21 23:15:00,11,1,21,23,15,750,116,"8, AVENUE DE VERSAILLES",,,Nuit avec éclairage allumé,En agglomération,Hors intersection,Normale,Deux véhicules - côté,,,,,,,,,,,5,2,1,1.0,3.0
201100061856,0011-01-22 13:15:00,11,1,22,13,15,750,116,"60, AVENUE PAUL DOUMER",,,Plein jour,En agglomération,Hors intersection,Pluie légère,Autre collision,,,,,,,,,,,1,2,1,2.0,6.0
201100061857,0011-01-24 19:05:00,11,1,24,19,5,750,116,PLACE CHARLES DE GAULLE,,,Nuit avec éclairage allumé,En agglomération,Intersection à plus de 4 branches,Normale,Deux véhicules - côté,,,,,,,,,,,5,2,5,1.0,3.0
201100061858,0011-01-25 08:15:00,11,1,25,8,15,750,116,ALLEE DE LONGCHAMP,,,Plein jour,En agglomération,Intersection en X,Normale,Deux véhicules - arrière,,,,,,,,,,,1,2,2,1.0,2.0
201100061859,0011-01-25 18:00:00,11,1,25,18,0,750,116,"82, RUE DE LA POMPE",,,Nuit avec éclairage allumé,En agglomération,Hors intersection,Normale,Autre collision,,,,,,,,,,,5,2,1,1.0,6.0
201100061860,0011-01-26 19:00:00,11,1,26,19,0,750,116,BOULEVARD EMILE AUGIER,,,Nuit avec éclairage allumé,En agglomération,Hors intersection,Normale,Sans collision,,,,,,,,,,,5,2,1,1.0,7.0
201100061861,0011-01-27 19:05:00,11,1,27,19,5,750,116,10 AVNEUE D IENA,,,Nuit avec éclairage allumé,En agglomération,Hors intersection,Normale,Autre collision,,,,,,,,,,,5,2,1,1.0,6.0
201100061862,0011-01-28 12:50:00,11,1,28,12,50,750,116,PLACE DE LA PORTE MAILLO,,,Plein jour,En agglomération,Place,Normale,Sans collision,,,,,,,,,,,1,2,7,1.0,7.0
201100061863,0011-01-31 15:00:00,11,1,31,15,0,750,116,AVENUE DE VERSAILLES,,,Plein jour,En agglomération,Intersection à plus de 4 branches,Normale,Deux véhicules - arrière,,,,,,,,,,,1,2,5,1.0,2.0
201100061864,0011-02-01 09:00:00,11,2,1,9,0,750,116,RUE DE LONGCHAMP,,,Plein jour,En agglomération,Intersection en T,Normale,Deux véhicules - côté,,,,,,,,,,,1,2,3,1.0,3.0
201100061865,0011-02-01 17:00:00,11,2,1,17,0,750,116,RUE LECONTE DE LISLE,,,Plein jour,En agglomération,Intersection en X,Normale,Autre collision,,,,,,,,,,,1,2,2,1.0,6.0
201100061866,0011-02-03 08:10:00,11,2,3,8,10,750,116,"19, AVENUE DE LA PORTE D",,,Plein jour,En agglomération,Intersection en Y,Pluie légère,Sans collision,,,,,,,,,,,1,2,4,2.0,7.0
201100061867,0011-02-03 16:06:00,11,2,3,16,6,750,116,"17, AVENUE DU PRESIDENT",,,Plein jour,En agglomération,Hors intersection,Normale,Deux véhicules - côté,,,,,,,,,,,1,2,1,1.0,3.0
201100061868,0011-02-03 21:00:00,11,2,3,21,0,750,116,RUE ADOLPHE YVON,,,Nuit avec éclairage allumé,En agglomération,Intersection à plus de 4 branches,Normale,Autre collision,,,,,,,,,,,5,2,5,1.0,6.0
201100061869,0011-02-04 15:00:00,11,2,4,15,0,750,116,"95, AVENUE KLEBER",,,Plein jour,En agglomération,Hors intersection,Normale,Deux véhicules - côté,,,,,,,,,,,1,2,1,1.0,3.0
201100061870,0011-02-04 20:45:00,11,2,4,20,45,750,116,BOULEVARD PERIPHERIQUE,,,Nuit avec éclairage allumé,En agglomération,Intersection en Y,Normale,Deux véhicules - côté,,,,,,,,,,,5,2,4,1.0,3.0
201100061871,0011-02-05 05:55:00,11,2,5,5,55,750,116,ALLEE DE LONGCHAMP,,,Nuit avec éclairage allumé,En agglomération,Intersection en X,Normale,Autre collision,,,,,,,,,,,5,2,2,1.0,6.0