accident_id,datetime,annee,mois,jour,heure,minute,departement,commune_insee,adresse,latitude,longitude,luminosite,agglomeration,intersection,meteo,collision,nb_vehicules,nb_usagers,nb_indemnes,nb_tues,nb_blesses_hosp,nb_blesses_legers,age_cond_1,age_cond_2,veh_type_cond_1,veh_type_cond_2,lum_code,agg_code,int_code,atm_code,col_code
201100061872,0011-02-06 00:05:00,11,2,6,0,5,750,116,ALLEE DE LA REINE MARGUE,,,Nuit avec éclairage allumé,En agglomération,Hors intersection,Normale,Autre collision,,,,,,,,,,,5,2,1,1.0,6.0
201100061873,0011-02-08 15:15:00,11,2,8,15,15,750,116,"36, RUE DE LA POMPE",,,Plein jour,En agglomération,Intersection en X,Normale,Deux véhicules - côté,,,,,,,,,,,1,2,2,1.0,3.0
201100061874,0011-02-08 19:15:00,11,2,8,19,15,750,116,"61, BOULEVARD DE BEAUSEJ",,,Nuit avec éclairage allumé,En agglomération,Intersection en Y,Normale,Autre collision,,,,,,,,,,,5,2,4,1.0,6.0
201100061875,0011-02-09 13:15:00,11,2,9,13,15,750,116,AVENUE DE LA GRANDE ARME,,,Plein jour,En agglomération,Intersection à plus de 4 branches,Normale,Deux véhicules - côté,,,,,,,,,,,1,2,5,1.0,3.0
201100061876,0011-02-10 16:10:00,11,2,10,16,10,750,116,AVENUE HENRI MARTIN,,,Plein jour,En agglomération,Hors intersection,Normale,Autre collision,,,,,,,,,,,1,2,1,1.0,6.0
201100061877,0011-02-11 08:30:00,11,2,11,8,30,750,116,PLACE DE LA PORTE D AUTE,,,Plein jour,En agglomération,Hors intersection,Normale,Deux véhicules - arrière,,,,,,,,,,,1,2,1,1.0,2.0
201100061878,0011-02-11 19:25:00,11,2,11,19,25,750,116,"37/41, RUE SAINT DIDIER",,,Crépuscule ou aube,En agglomération,Intersection en T,Normale,Autre collision,,,,,,,,,,,2,2,3,1.0,6.0
201100061879,0011-02-14 19:10:00,11,2,14,19,10,750,116,BOULEVARD PERIPHERIQUE,,,Nuit avec éclairage allumé,En agglomération,Hors intersection,Normale,Deux véhicules - côté,,,,,,,,,,,5,2,1,1.0,3.0
201100061880,0011-02-14 18:50:00,11,2,14,18,50,750,116,"54, BOULEVARD SUCHET",,,Nuit avec éclairage allumé,En agglomération,Hors intersection,Normale,Autre collision,,,,,,,,,,,5,2,1,1.0,6.0
201100061881,0011-02-15 15:45:00,11,2,15,15,45,750,116,"84, AVENUE PAUL DOUMER",,,Plein jour,En agglomération,Hors intersection,Pluie légère,Autre collision,,,,,,,,,,,1,2,1,2.0,6.0
201100061882,0011-02-16 16:35:00,11,2,16,16,35,750,116,"23, AVENUE DE LA GRANDE",,,Plein jour,En agglomération,Hors intersection,Normale,Deux véhicules - côté,,,,,,,,,,,1,2,1,1.0,3.0
201100061883,0011-02-17 08:10:00,11,2,17,8,10,750,116,RUE DU PASTEUR MARC BOEG,,,Plein jour,En agglomération,Intersection en X,Normale,Autre collision,,,,,,,,,,,1,2,2,1.0,6.0
201100061884,0011-02-18 08:30:00,11,2,18,8,30,750,116,"52, RUE BOISSIERE",,,Plein jour,En agglomération,Intersection en X,Normale,Autre collision,,,,,,,,,,,1,2,2,1.0,6.0
201100061885,0011-02-18 23:40:00,11,2,18,23,40,750,116,ALLEE DE LONGCHAMP,,,Nuit avec éclairage allumé,En agglomération,Intersection à plus de 4 branches,Normale,Deux véhicules - côté,,,,,,,,,,,5,2,5,1.0,3.0
201100061886,0011-02-20 05:00:00,11,2,20,5,0,750,116,"60, AVENUE MOZART",,,Nuit avec éclairage allumé,En agglomération,Hors intersection,Pluie légère,Autre collision,,,,,,,,,,,5,2,1,2.0,6.0
201100061887,0011-02-20 07:20:00,11,2,20,7,20,750,116,BOULEVARD PERIPHERIQUE,,,Crépuscule ou aube,En agglomération,Intersection en X,Pluie légère,Autre collision,,,,,,,,,,,2,2,2,2.0,6.0
201100061888,0011-02-21 17:25:00,11,2,21,17,25,750,116,PLACE DE PASSY,,,Plein jour,En agglomération,Intersection en X,Pluie légère,Autre collision,,,,,,,,,,,1,2,2,2.0,6.0
201100061889,0011-02-21 17:50:00,11,2,21,17,50,750,116,"07, AVENUE DU PRESIDENT",,,Crépuscule ou aube,En agglomération,Intersection en X,Pluie légère,Autre collision,,,,,,,,,,,2,2,2,2.0,6.0
201100061890,0011-02-23 02:45:00,11,2,23,2,45,750,116,ALLEE DE LONGCHAMP,,,Nuit avec éclairage allumé,En agglomération,Intersection en X,Normale,Deux véhicules - arrière,,,,,,,,,,,5,2,2,1.0,2.0
201100061891,0011-02-23 20:05:00,11,2,23,20,5,750,117,"53, AVENUE DE LA GRANDE",,,Nuit avec éclairage allumé,En agglomération,Hors intersection,Pluie forte,Autre collision,,,,,,,,,,,5,2,1,3.0,6.0
201100061892,0011-02-25 13:15:00,11,2,25,13,15,750,116,"3, PLACE DE BARCELONE",,,Plein jour,En agglomération,Intersection à plus de 4 branches,Normale,Autre collision,,,,,,,,,,,1,2,5,1.0,6.0
201100061893,0011-02-26 11:30:00,11,2,26,11,30,750,116,AVENUE FOCH,,,Plein jour,En agglomération,Intersection à plus de 4 branches,Pluie légère,Sans collision,,,,,,,,,,,1,2,5,2.0,7.0
201100061894,0011-02-26 16:10:00,11,2,26,16,10,750,117,AVENUE DE LA PORTE DE CL,,,Plein jour,En agglomération,Hors intersection,Pluie forte,Deux véhicules - arrière,,,,,,,,,,,1,2,1,3.0,2.0
201100061895,0011-02-27 14:00:00,11,2,27,14,0,750,116,PLACE CHARLES DE GAULLE,,,Plein jour,En agglomération,Intersection à plus de 4 branches,Normale,Trois véhicules et plus - collisions multiples,,,,,,,,,,,1,2,5,1.0,5.0
201100061896,0011-03-01 10:55:00,11,3,1,10,55,750,116,"5, ROUTE DES TRIBUNES",,,Plein jour,En agglomération,Hors intersection,Normale,Sans collision,,,,,,,,,,,1,2,1,1.0,7.0
201100061897,0011-03-01 16:30:00,11,3,1,16,30,750,116,"18, AVENUE RENE BOYLESVE",,,Plein jour,En agglomération,Hors intersection,Normale,Autre collision,,,,,,,,,,,1,2,1,1.0,6.0
201100061898,0011-03-02 12:05:00,11,3,2,12,5,750,116,"2, CHAUSSEE LA MUETTE",48.8582,2.27445,Plein jour,En agglomération,Intersection à plus de 4 branches,Normale,Autre collision,,,,,,,,,,,1,2,5,1.0,6.0
201100061899,0011-03-02 18:05:00,11,3,2,18,5,750,116,AVENUE DU MAHATMA GANDHI,48.8768,2.26645,Plein jour,En agglomération,Hors intersection,Normale,Autre collision,,,,,,,,,,,1,2,1,1.0,6.0
201100061900,0011-03-03 17:50:00,11,3,3,17,50,750,116,"129, AVENUE VICTOR HUGO",,,Plein jour,En agglomération,Intersection à plus de 4 branches,Normale,Autre collision,,,,,,,,,,,1,2,5,1.0,6.0
201100061901,0011-03-04 12:20:00,11,3,4,12,20,750,116,AVENUE FOCH,,,Plein jour,En agglomération,Intersection en X,Normale,Deux véhicules - côté,,,,,,,,,,,1,2,2,1.0,3.0
201100061902,0011-03-04 14:15:00,11,3,4,14,15,750,116,RUE CHARDON LAGACHE,,,Plein jour,En agglomération,Intersection en X,Normale,Autre collision,,,,,,,,,,,1,2,2,1.0,6.0
201100061903,0011-03-05 19:30:00,11,3,5,19,30,750,116,AVENUE DE LA PORTE D AUT,,,Nuit avec éclairage allumé,En agglomération,Intersection en Y,Normale,Sans collision,,,,,,,,,,,5,2,4,1.0,7.0
201100061904,0011-03-07 11:05:00,11,3,7,11,5,750,116,"19, RUE DU GENERAL NIOX",,,Plein jour,En agglomération,Intersection en T,Normale,Deux véhicules - arrière,,,,,,,,,,,1,2,3,1.0,2.0
201100061905,0011-03-08 09:15:00,11,3,8,9,15,750,116,RUE BOISSIERE,,,Plein jour,En agglomération,Intersection à plus de 4 branches,Temps éblouissant,Autre collision,,,,,,,,,,,1,2,5,7.0,6.0
201100061906,0011-03-08 14:50:00,11,3,8,14,50,750,116,ALLEE DE LONGCHAMP,,,Plein jour,En agglomération,Intersection en X,Normale,Deux véhicules - côté,,,,,,,,,,,1,2,2,1.0,3.0
201100061907,0011-03-08 16:00:00,11,3,8,16,0,750,116,"01, PLACE CHOPIN",,,Plein jour,En agglomération,Intersection à plus de 4 branches,Normale,Sans collision,,,,,,,,,,,1,2,5,1.0,7.0
201100061908,0011-03-08 19:35:00,11,3,8,19,35,750,116,PLACE CHARLES DE GAULLE,,,Nuit avec éclairage allumé,En agglomération,Intersection à plus de 4 branches,Normale,Deux véhicules - côté,,,,,,,,,,,5,2,5,1.0,3.0
201100061909,0011-03-09 14:40:00,11,3,9,14,40,750,116,"89, AVENUE PAUL DOUMER",,,Plein jour,En agglomération,Hors intersection,Normale,Autre collision,,,,,,,,,,,1,2,1,1.0,6.0
201100061910,0011-03-10 09:25:00,11,3,10,9,25,750,116,"17, AVENUE DE LA GRANDE",,,Plein jour,En agglomération,Hors intersection,Normale,Deux véhicules - côté,,,,,,,,,,,1,2,1,1.0,3.0
201100061911,0011-03-10 14:35:00,11,3,10,14,35,750,116,AVENUE DE SAINT CLOUD,,,Plein jour,En agglomération,Intersection en Y,Normale,Deux véhicules - arrière,,,,,,,,,,,1,2,4,1.0,2.0
201100061912,0011-03-11 18:00:00,11,3,11,18,0,750,116,"114, AVENUE VICTOR HUGO",,,Plein jour,En agglomération,Hors intersection,Normale,Autre collision,,,,,,,,,,,1,2,1,1.0,6.0
201100061913,0011-03-11 21:10:00,11,3,11,21,10,750,116,BOULEVARD PERIPHERIQUE,,,Nuit avec éclairage allumé,En agglomération,Hors intersection,Normale,Trois véhicules et plus - en chaîne,,,,,,,,,,,5,2,1,1.0,4.0
201100061914,0011-03-15 19:35:00,11,3,15,19,35,750,116,"129, AVENUE DE MALAKOFF",,,Nuit avec éclairage allumé,En agglomération,Hors intersection,Normale,Deux véhicules - côté,,,,,,,,,,,5,2,1,1.0,3.0
201100061915,0011-03-16 10:00:00,11,3,16,10,0,750,116,RUE DE LA TOUR,,,Plein jour,En agglomération,Intersection en X,Normale,Deux véhicules - côté,,,,,,,,,,,1,2,2,1.0,3.0
201100061916,0011-03-16 12:30:00,11,3,16,12,30,750,116,"21, AVENUE KLEBER",,,Plein jour,En agglomération,Hors intersection,Normale,Deux véhicules - côté,,,,,,,,,,,1,2,1,1.0,3.0
201100061917,0011-03-16 14:45:00,11,3,16,14,45,750,116,AVENUE FOCH,,,Plein jour,En agglomération,Hors intersection,Normale,Deux véhicules - arrière,,,,,,,,,,,1,2,1,1.0,2.0
201100061918,0011-03-16 18:15:00,11,3,16,18,15,750,116,BOULEVARD PERIPHERIQUE,,,Plein jour,En agglomération,Intersection en Y,Normale,Deux véhicules - côté,,,,,,,,,,,1,2,4,1.0,3.0
201100061919,0011-03-16 16:55:00,11,3,16,16,55,750,116,RUE BEETHOVEN,,,Plein jour,En agglomération,Hors intersection,Normale,Sans collision,,,,,,,,,,,1,2,1,1.0,7.0
201100061920,0011-03-16 20:05:00,11,3,16,20,5,750,116,"2, RUE DONIZETTI",,,Nuit avec éclairage allumé,En agglomération,Hors intersection,Normale,Deux véhicules - côté,,,,,,,,,,,5,2,1,1.0,3.0
201100061921,0011-03-28 17:30:00,11,3,28,17,30,750,116,"60, RUE DE BOULAINVILLIE",,,Plein jour,En agglomération,Intersection en X,Normale,Autre collision,,,,,,,,,,,1,2,2,1.0,6.0
201100061922,0011-03-17 17:30:00,11,3,17,17,30,750,116,AVENUE VICTOR HUGO,,,Plein jour,En agglomération,Intersection en X,Normale,Autre collision,,,,,,,,,,,1,2,2,1.0,6.0
201100061923,0011-03-17 18:35:00,11,3,17,18,35,750,116,"13, BOULEVARD MURAT",,,Nuit avec éclairage allumé,En agglomération,Hors intersection,Normale,Deux véhicules - côté,,,,,,,,,,,5,2,1,1.0,3.0
201100061924,0011-03-18 15:45:00,11,3,18,15,45,750,116,"3, AVENUE DU PRESIDENT W",,,Plein jour,En agglomération,Hors intersection,Normale,Autre collision,,,,,,,,,,,1,2,1,1.0,6.0
201100061925,0011-03-19 12:20:00,11,3,19,12,20,750,116,PLACE DU MARECHAL DE LAT,,,Plein jour,En agglomération,Place,Normale,Deux véhicules - côté,,,,,,,,,,,1,2,7,1.0,3.0
201100061926,0011-03-19 14:30:00,11,3,19,14,30,750,116,"74, RUE D AUTEUIL",,,Plein jour,En agglomération,Hors intersection,Normale,Autre collision,,,,,,,,,,,1,2,1,1.0,6.0
201100061927,0011-03-20 05:00:00,11,3,20,5,0,750,116,"23, RUE RAYNOUARD",,,Nuit avec éclairage allumé,En agglomération,Hors intersection,Normale,Autre collision,,,,,,,,,,,5,2,1,1.0,6.0
201100061928,0011-03-20 10:50:00,11,3,20,10,50,750,116,"2, ROUTE DES TRIBUNES",,,Plein jour,En agglomération,Hors intersection,Normale,Deux véhicules - arrière,,,,,,,,,,,1,2,1,1.0,2.0
201100061929,0011-03-21 19:25:00,11,3,21,19,25,750,116,ROUTE DE SEVRES A NEUILL,,,Nuit avec éclairage allumé,En agglomération,Hors intersection,Normale,Sans collision,,,,,,,,,,,5,2,1,1.0,7.0
201100061930,0011-03-21 22:15:00,11,3,21,22,15,750,116,ALLEE DE LONGCHAMP,,,Nuit avec éclairage allumé,En agglomération,Intersection en X,Normale,Deux véhicules - frontale,,,,,,,,,,,5,2,2,1.0,1.0
201100061931,0011-03-22 09:00:00,11,3,22,9,0,750,116,"1, AVENUE DE LA GRANDE A",,,Plein jour,En agglomération,Place,Normale,Autre collision,,,,,,,,,,,1,2,7,1.0,6.0
201100061932,0011-03-23 15:00:00,11,3,23,15,0,750,116,"30, AVENUE VICTOR HUGO",,,Plein jour,En agglomération,Hors intersection,Normale,Deux véhicules - côté,,,,,,,,,,,1,2,1,1.0,3.0
201100061933,0011-03-23 14:30:00,11,3,23,14,30,750,116,ALLEE DE LONGCHAMP,,,Plein jour,En agglomération,Intersection en T,Normale,Deux véhicules - arrière,,,,,,,,,,,1,2,3,1.0,2.0
201100061934,0011-03-23 17:15:00,11,3,23,17,15,750,116,"61, BOULEVARD DE BEAUSEJ",,,Plein jour,En agglomération,Intersection en T,Normale,Autre collision,,,,,,,,,,,1,2,3,1.0,6.0
201100061935,0011-03-24 09:10:00,11,3,24,9,10,750,116,ALLEE DE LONGCHAMP,,,Plein jour,En agglomération,Hors intersection,Normale,Deux véhicules - côté,,,,,,,,,,,1,2,1,1.0,3.0
201100061936,0011-03-24 10:45:00,11,3,24,10,45,750,116,"14, AVENUE KLEBER",,,Plein jour,En agglomération,Hors intersection,Normale,Deux véhicules - côté,,,,,,,,,,,1,2,1,1.0,3.0
201100061937,0011-03-24 13:20:00,11,3,24,13,20,750,116,"173, AVENUE DE VERSAILLE",,,Plein jour,En agglomération,Hors intersection,Normale,Autre collision,,,,,,,,,,,1,2,1,1.0,6.0
201100061938,0011-03-24 15:50:00,11,3,24,15,50,750,116,"06, AVENUE DE NEW YORK",,,Plein jour,En agglomération,Hors intersection,Normale,Deux véhicules - arrière,,,,,,,,,,,1,2,1,1.0,2.0
201100061939,0011-03-24 18:35:00,11,3,24,18,35,750,116,"107, AVENUE VICTOR HUGO",,,Crépuscule ou aube,En agglomération,Hors intersection,Normale,Autre collision,,,,,,,,,,,2,2,1,1.0,6.0
201100061940,0011-03-25 08:00:00,11,3,25,8,0,750,116,AVENUE DU PRESIDENT KENN,,,Plein jour,En agglomération,Intersection à plus de 4 branches,Normale,Autre collision,,,,,,,,,,,1,2,5,1.0,6.0
201100061941,0011-03-25 16:30:00,11,3,25,16,30,750,108,PLACE DE L ALMA,,,Plein jour,En agglomération,Intersection à plus de 4 branches,Normale,Trois véhicules et plus - collisions multiples,,,,,,,,,,,1,2,5,1.0,5.0
201100061942,0011-03-25 18:30:00,11,3,25,18,30,750,116,"7, RUE DE BOULAINVILLIER",,,Nuit avec éclairage allumé,En agglomération,Intersection en T,Normale,Autre collision,,,,,,,,,,,5,2,3,1.0,6.0
201100061943,0011-03-26 05:25:00,11,3,26,5,25,750,116,BOULEVARD EXELMANS,,,Nuit avec éclairage non allumé,En agglomération,Intersection à plus de 4 branches,Normale,Autre collision,,,,,,,,,,,4,2,5,1.0,6.0
201100061944,0011-03-28 17:20:00,11,3,28,17,20,750,116,"104, AVENUE RAYMOND POIN",,,Plein jour,En agglomération,Intersection en T,Normale,Deux véhicules - côté,,,,,,,,,,,1,2,3,1.0,3.0
201100061945,0011-03-29 11:20:00,11,3,29,11,20,750,116,"25, BOULEVARD DE L AMIRA",,,Plein jour,En agglomération,Intersection en Y,Normale,Autre collision,,,,,,,,,,,1,2,4,1.0,6.0
201100061946,0011-03-29 12:10:00,11,3,29,12,10,750,116,AVENUE BUGEAUD,,,Plein jour,En agglomération,Intersection en X,Normale,Autre collision,,,,,,,,,,,1,2,2,1.0,6.0
201100061947,0011-03-29 14:15:00,11,3,29,14,15,750,116,PLACE DU TROCADERO,,,Plein jour,En agglomération,Intersection à plus de 4 branches,Normale,Deux véhicules - côté,,,,,,,,,,,1,2,5,1.0,3.0
201100061948,0011-03-30 09:25:00,11,3,30,9,25,750,116,"14, RUE BENJAMIN FRANKLI",,,Plein jour,En agglomération,Intersection en X,Normale,Autre collision,,,,,,,,,,,1,2,2,1.0,6.0
201100061949,0011-03-30 13:45:00,11,3,30,13,45,750,116,"113, RUE DE LA TOUR",,,Plein jour,En agglomération,Hors intersection,Temps couvert,Autre collision,,,,,,,,,,,1,2,1,8.0,6.0
201100061950,0011-03-31 09:00:00,11,3,31,9,0,750,116,"63, AVENUE DE LA GRANDE",,,Plein jour,En agglomération,Intersection en T,Pluie légère,Trois véhicules et plus - collisions multiples,,,,,,,,,,,1,2,3,2.0,5.0
201100061951,0011-03-31 20:30:00,11,3,31,20,30,750,116,"12, AVENUE PIERRE 1ER DE",,,Nuit avec éclairage allumé,En agglomération,Intersection en T,Normale,Deux véhicules - côté,,,,,,,,,,,5,2,3,1.0,3.0
201100061952,0011-04-01 10:50:00,11,4,1,10,50,750,116,ALLEE DE LONGCHAMP,,,Plein jour,En agglomération,Intersection en X,Normale,Sans collision,,,,,,,,,,,1,2,2,1.0,7.0
201100061953,0011-04-01 23:00:00,11,4,1,23,0,750,116,AVENUE FOCH,,,Nuit avec éclairage allumé,En agglomération,Hors intersection,Normale,Sans collision,,,,,,,,,,,5,2,1,1.0,7.0
201100061954,0011-04-02 10:10:00,11,4,2,10,10,750,116,"173, AVENUE DE VERSAILLE",,,Plein jour,En agglomération,Intersection en X,Temps éblouissant,Autre collision,,,,,,,,,,,1,2,2,7.0,6.0
201100061955,0011-04-02 19:10:00,11,4,2,19,10,750,116,PLACE DU MARECHAL DE LAT,,,Plein jour,En agglomération,Place,Normale,Trois véhicules et plus - collisions multiples,,,,,,,,,,,1,2,7,1.0,5.0
201100061956,0011-04-05 12:20:00,11,4,5,12,20,750,116,PLACE DE LA PORTE DE SAI,,,Plein jour,En agglomération,Intersection à plus de 4 branches,Normale,Deux véhicules - côté,,,,,,,,,,,1,2,5,1.0,3.0
201100061957,0011-04-05 14:15:00,11,4,5,14,15,750,116,ALLEE DU BORD DE L EAU,,,Plein jour,En agglomération,Hors intersection,Normale,Deux véhicules - arrière,,,,,,,,,,,1,2,1,1.0,2.0
201100061958,0011-04-05 18:00:00,11,4,5,18,0,750,116,ROUTE DE SEVRES A NEUILL,,,Plein jour,En agglomération,Hors intersection,Normale,Deux véhicules - frontale,,,,,,,,,,,1,2,1,1.0,1.0
201100061959,0011-04-06 09:20:00,11,4,6,9,20,750,116,BOULEVARD PERIPHERIQUE,,,Plein jour,En agglomération,Hors intersection,Normale,Deux véhicules - arrière,,,,,,,,,,,1,2,1,1.0,2.0
201100061960,0011-04-06 12:15:00,11,4,6,12,15,750,116,"15, AVENUE DU GENERAL CL",,,Plein jour,En agglomération,Hors intersection,Normale,Autre collision,,,,,,,,,,,1,2,1,1.0,6.0
201100061961,0011-04-07 07:30:00,11,4,7,7,30,750,116,PLACE DU TROCADERO ET DU,,,Plein jour,En agglomération,Intersection à plus de 4 branches,Normale,Sans collision,,,,,,,,,,,1,2,5,1.0,7.0
201100061962,0011-04-07 08:50:00,11,4,7,8,50,750,116,"85, BOULEVARD SUCHET",,,Plein jour,En agglomération,Hors intersection,Normale,Autre collision,,,,,,,,,,,1,2,1,1.0,6.0
201100061963,0011-04-07 15:00:00,11,4,7,15,0,750,116,"0, AVENUE HENRI MARTIN",,,Plein jour,En agglomération,Hors intersection,Normale,Autre collision,,,,,,,,,,,1,2,1,1.0,6.0
201100061964,0011-04-07 15:05:00,11,4,7,15,5,750,116,AVENUE FOCH,,,Plein jour,En agglomération,Intersection à plus de 4 branches,Normale,Sans collision,,,,,,,,,,,1,2,5,1.0,7.0
201100061965,0011-04-07 17:45:00,11,4,7,17,45,750,116,"0, VOIE GEORGES POMPIDOU",,,Plein jour,En agglomération,Hors intersection,Normale,Deux véhicules - arrière,,,,,,,,,,,1,2,1,1.0,2.0
201100061966,0011-04-07 19:50:00,11,4,7,19,50,750,116,ALLEE DE LONGCHAMP,,,Nuit avec éclairage allumé,En agglomération,Hors intersection,Normale,Deux véhicules - côté,,,,,,,,,,,5,2,1,1.0,3.0
201100061967,0011-04-08 13:20:00,11,4,8,13,20,750,116,"85, RUE CHARDON LAGACHE",,,Plein jour,En agglomération,Hors intersection,Normale,Autre collision,,,,,,,,,,,1,2,1,1.0,6.0
201100061968,0011-04-08 18:00:00,11,4,8,18,0,750,116,"73, RUE DES VIGNES",,,Plein jour,En agglomération,Intersection à plus de 4 branches,Normale,Autre collision,,,,,,,,,,,1,2,5,1.0,6.0
201100061969,0011-04-08 21:50:00,11,4,8,21,50,750,116,"2, BOULEVARD SUCHET",,,Nuit avec éclairage allumé,En agglomération,Intersection à plus de 4 branches,Normale,Deux véhicules - côté,,,,,,,,,,,5,2,5,1.0,3.0
201100061970,0011-04-09 12:15:00,11,4,9,12,15,750,116,"65, AVENUE DE LA GRANDE",,,Plein jour,En agglomération,Hors intersection,Normale,Autre collision,,,,,,,,,,,1,2,1,1.0,6.0
201100061971,0011-04-09 00:06:00,11,4,9,0,6,750,116,ROUTE DE SURESNES,,,Nuit avec éclairage allumé,En agglomération,Hors intersection,Normale,Deux véhicules - arrière,,,,,,,,,,,5,2,1,1.0,2.0
201100061972,0011-04-10 16:50:00,11,4,10,16,50,750,116,ROUTE DE LA PTE DAUPHINE,,,Plein jour,En agglomération,Hors intersection,Normale,Autre collision,,,,,,,,,,,1,2,1,1.0,6.0
201100061973,0011-04-11 17:40:00,11,4,11,17,40,750,116,BOULEVARD DE L AMIRAL BR,,,Plein jour,En agglomération,Intersection en T,Normale,Sans collision,,,,,,,,,,,1,2,3,1.0,7.0
201100061974,0011-04-11 18:35:00,11,4,11,18,35,750,116,"59 bis, BOULEVARD MURAT",,,Plein jour,En agglomération,Hors intersection,Normale,Sans collision,,,,,,,,,,,1,2,1,1.0,7.0
201100061975,0011-04-12 19:30:00,11,4,12,19,30,750,116,ROUTE DE SEVRES A NEUILL,,,Crépuscule ou aube,En agglomération,Hors intersection,Normale,Deux véhicules - arrière,,,,,,,,,,,2,2,1,1.0,2.0
201100061976,0011-04-12 23:50:00,11,4,12,23,50,750,116,BOULEVARD PERIPHERIQUE,,,Nuit avec éclairage allumé,En agglomération,Intersection en Y,Normale,Autre collision,,,,,,,,,,,5,2,4,1.0,6.0
201100061977,0011-04-13 13:40:00,11,4,13,13,40,750,116,PLACE DU TROCADERO ET DU,,,Plein jour,En agglomération,Place,Normale,Sans collision,,,,,,,,,,,1,2,7,1.0,7.0
201100061978,0011-04-13 18:10:00,11,4,13,18,10,750,116,AVENUE MOZART,,,Plein jour,En agglomération,Intersection en X,Normale,Deux véhicules - arrière,,,,,,,,,,,1,2,2,1.0,2.0
201100061979,0011-04-13 18:00:00,11,4,13,18,0,750,116,AVENUE DE L HIPPODROME,,,Plein jour,En agglomération,Intersection en T,Normale,Deux véhicules - côté,,,,,,,,,,,1,2,3,1.0,3.0
201100061980,0011-04-17 13:45:00,11,4,17,13,45,750,116,"15, RUE VINEUSE",,,Plein jour,En agglomération,Hors intersection,Normale,Deux véhicules - côté,,,,,,,,,,,1,2,1,1.0,3.0
201100061981,0011-04-17 19:58:00,11,4,17,19,58,750,116,RUE COPERNIC,,,Plein jour,En agglomération,Intersection en X,Normale,Autre collision,,,,,,,,,,,1,2,2,1.0,6.0
201100061982,0011-04-18 16:15:00,11,4,18,16,15,750,116,CHAUSSEE LA MUETTE,,,Plein jour,En agglomération,Hors intersection,Normale,Deux véhicules - côté,,,,,,,,,,,1,2,1,1.0,3.0
201100061983,0011-04-20 07:00:00,11,4,20,7,0,750,116,ALLEE DU BORD DE L EAU,,,Plein jour,En agglomération,Intersection en T,Normale,Deux véhicules - côté,,,,,,,,,,,1,2,3,1.0,3.0
201100061984,0011-04-20 14:50:00,11,4,20,14,50,750,116,AVENUE RAYMOND POINCARE,,,Plein jour,En agglomération,Intersection en X,Normale,Deux véhicules - côté,,,,,,,,,,,1,2,2,1.0,3.0
201100061985,0011-04-21 17:15:00,11,4,21,17,15,750,116,"28, BOULEVARD FLANDRIN",,,Plein jour,En agglomération,Intersection à plus de 4 branches,Normale,Autre collision,,,,,,,,,,,1,2,5,1.0,6.0
201100061986,0011-04-25 11:45:00,11,4,25,11,45,750,116,"02, ROUTE DES TRIBUNES",,,Plein jour,En agglomération,Hors intersection,Normale,Deux véhicules - arrière,,,,,,,,,,,1,2,1,1.0,2.0
201100061987,0011-04-25 12:15:00,11,4,25,12,15,750,116,AVENUE DE LA PORTE DE SA,,,Plein jour,En agglomération,Intersection à plus de 4 branches,Normale,Deux véhicules - côté,,,,,,,,,,,1,2,5,1.0,3.0
201100061988,0011-04-26 09:15:00,11,4,26,9,15,750,116,"19, RUE DE PRESBOURG",,,Plein jour,En agglomération,Hors intersection,Normale,Deux véhicules - côté,,,,,,,,,,,1,2,1,1.0,3.0
201100061989,0011-04-27 13:55:00,11,4,27,13,55,750,116,"19bis, BOULEVARD DELESSE",,,Plein jour,En agglomération,Hors intersection,Normale,Deux véhicules - côté,,,,,,,,,,,1,2,1,1.0,3.0
201100061990,0011-04-28 01:45:00,11,4,28,1,45,750,116,AVENUE DE NEW YORK,,,Nuit avec éclairage allumé,En agglomération,Hors intersection,Normale,Autre collision,,,,,,,,,,,5,2,1,1.0,6.0
201100061991,0011-04-28 12:50:00,11,4,28,12,50,750,116,"1, RUE DE L ARIOSTE",,,Plein jour,En agglomération,Intersection en T,Normale,Autre collision,,,,,,,,,,,1,2,3,1.0,6.0
201100061992,0011-04-29 09:35:00,11,4,29,9,35,750,116,VOIE GEORGES POMPIDOU,,,Plein jour,En agglomération,Hors intersection,Pluie légère,Trois véhicules et plus - en chaîne,,,,,,,,,,,1,2,1,2.0,4.0
201100061993,0011-04-29 11:25:00,11,4,29,11,25,750,116,"30, AVENUE KLEBER",,,Plein jour,En agglomération,Hors intersection,Normale,Sans collision,,,,,,,,,,,1,2,1,1.0,7.0
201100061994,0011-04-29 18:00:00,11,4,29,18,0,750,116,AVENUE DE MALAKOFF,,,Plein jour,En agglomération,Intersection à plus de 4 branches,Normale,Deux véhicules - côté,,,,,,,,,,,1,2,5,1.0,3.0
201100061995,0011-04-29 16:30:00,11,4,29,16,30,750,116,AVENUE GEORGES LAFONT,,,Plein jour,En agglomération,Intersection en Y,Normale,Autre collision,,,,,,,,,,,1,2,4,1.0,6.0
201100061996,0011-04-29 19:40:00,11,4,29,19,40,750,116,BOULEVARD DE MONTMORENCY,,,Plein jour,En agglomération,Intersection en X,Normale,Deux véhicules - arrière,,,,,,,,,,,1,2,2,1.0,2.0
201100061997,0011-04-30 05:20:00,11,4,30,5,20,750,116,RUE AMIRAL HAMELIN,,,Nuit avec éclairage allumé,En agglomération,Intersection en X,Normale,Autre collision,,,,,,,,,,,5,2,2,1.0,6.0