accident_id,datetime,annee,mois,jour,heure,minute,departement,commune_insee,adresse,latitude,longitude,luminosite,agglomeration,intersection,meteo,collision,nb_vehicules,nb_usagers,nb_indemnes,nb_tues,nb_blesses_hosp,nb_blesses_legers,age_cond_1,age_cond_2,veh_type_cond_1,veh_type_cond_2,lum_code,agg_code,int_code,atm_code,col_code
201100062252,0011-10-15 15:20:00,11,10,15,15,20,750,116,"52, AVENUE KLEBER",,,Plein jour,En agglomération,Intersection à plus de 4 branches,Normale,Sans collision,,,,,,,,,,,1,2,5,1.0,7.0
201100062253,0011-10-06 11:30:00,11,10,6,11,30,750,116,"155, AVENUE DE MALAKOFF",,,Plein jour,En agglomération,Hors intersection,Normale,Deux véhicules - côté,,,,,,,,,,,1,2,1,1.0,3.0
201100062254,0011-10-16 15:30:00,11,10,16,15,30,750,116,ROUTE DE SEVRES A NEUILL,,,Plein jour,En agglomération,Hors intersection,Normale,Sans collision,,,,,,,,,,,1,2,1,1.0,7.0
201100062255,0011-10-16 16:45:00,11,10,16,16,45,750,116,PLACE DE LA PORTE MAILLO,,,Plein jour,En agglomération,Place,Normale,Deux véhicules - côté,,,,,,,,,,,1,2,7,1.0,3.0
201100062256,0011-10-17 16:45:00,11,10,17,16,45,750,116,"74, AVENUE PAUL DOUMER",,,Plein jour,En agglomération,Hors intersection,Normale,Trois véhicules et plus - en chaîne,,,,,,,,,,,1,2,1,1.0,4.0
201100062257,0011-10-17 20:40:00,11,10,17,20,40,750,116,AVENUE DU PRESIDENT KENN,,,Nuit avec éclairage allumé,En agglomération,Hors intersection,Normale,Autre collision,,,,,,,,,,,5,2,1,1.0,6.0
201100062258,0011-10-18 14:00:00,11,10,18,14,0,750,116,"182, AVENUE DE VERSAILLE",,,Plein jour,En agglomération,Place,Pluie légère,Sans collision,,,,,,,,,,,1,2,7,2.0,7.0
201100062259,0011-10-19 02:40:00,11,10,19,2,40,750,116,AVENUE DE LA PORTE D AUT,,,Nuit avec éclairage allumé,En agglomération,Intersection en Y,Pluie légère,Sans collision,,,,,,,,,,,5,2,4,2.0,7.0
201100062260,0011-10-19 13:00:00,11,10,19,13,0,750,116,"75, AVENUE DE LA GRANDE",,,Plein jour,En agglomération,Hors intersection,Normale,Deux véhicules - côté,,,,,,,,,,,1,2,1,1.0,3.0
201100062261,0011-10-20 15:25:00,11,10,20,15,25,750,116,"15, AVENUE KLEBER",,,Plein jour,En agglomération,Hors intersection,Normale,Deux véhicules - arrière,,,,,,,,,,,1,2,1,1.0,2.0
201100062262,0011-10-20 19:20:00,11,10,20,19,20,750,116,ALLEE DU BORD DE L EAU,,,Nuit avec éclairage allumé,En agglomération,Hors intersection,Normale,Trois véhicules et plus - en chaîne,,,,,,,,,,,5,2,1,1.0,4.0
201100062263,0011-10-21 11:15:00,11,10,21,11,15,750,116,"104, AVENUE RAYMOND POIN",,,Plein jour,En agglomération,Intersection en T,Normale,Autre collision,,,,,,,,,,,1,2,3,1.0,6.0
201100062264,0011-10-21 17:00:00,11,10,21,17,0,750,116,"78, AVENUE RAYMOND POINC",,,Plein jour,En agglomération,Place,Normale,Autre collision,,,,,,,,,,,1,2,7,1.0,6.0
201100062265,0011-10-24 18:33:00,11,10,24,18,33,750,116,AVENUE DE LA GRANDE ARME,,,Nuit avec éclairage allumé,En agglomération,Place,Normale,Deux véhicules - côté,,,,,,,,,,,5,2,7,1.0,3.0
201100062266,0011-10-24 19:25:00,11,10,24,19,25,750,116,AVENUE DE LA PORTE D AUT,,,Nuit avec éclairage allumé,En agglomération,Intersection en Y,Normale,Autre collision,,,,,,,,,,,5,2,4,1.0,6.0
201100062267,0011-10-26 08:35:00,11,10,26,8,35,750,116,"11, AVENUE D IENA",,,Plein jour,En agglomération,Hors intersection,Normale,Deux véhicules - côté,,,,,,,,,,,1,2,1,1.0,3.0
201100062268,0011-10-26 11:45:00,11,10,26,11,45,750,116,RUE DE LONGCHAMP,,,Plein jour,En agglomération,Intersection à plus de 4 branches,Normale,Autre collision,,,,,,,,,,,1,2,5,1.0,6.0
201100062269,0011-10-27 10:10:00,11,10,27,10,10,750,116,PLACE CHARLES DE GAULLE,,,Plein jour,En agglomération,Place,Normale,Deux véhicules - arrière,,,,,,,,,,,1,2,7,1.0,2.0
201100062270,0011-10-27 13:10:00,11,10,27,13,10,750,116,"70, RUE RAYNOUARD",,,Plein jour,En agglomération,Intersection à plus de 4 branches,Normale,Deux véhicules - côté,,,,,,,,,,,1,2,5,1.0,3.0
201100062271,0011-10-27 22:00:00,11,10,27,22,0,750,116,"96, AVENUE D IENA",,,Nuit avec éclairage allumé,En agglomération,Intersection à plus de 4 branches,Normale,Deux véhicules - côté,,,,,,,,,,,5,2,5,1.0,3.0
201100062272,0011-10-27 23:30:00,11,10,27,23,30,750,116,"01, AVENUE DE LA GRANDE",,,Nuit avec éclairage allumé,En agglomération,Place,Normale,Deux véhicules - côté,,,,,,,,,,,5,2,7,1.0,3.0
201100062273,0011-10-29 10:15:00,11,10,29,10,15,750,116,"50, RUE SAINT DIDIER",,,Plein jour,En agglomération,Intersection en T,Normale,Autre collision,,,,,,,,,,,1,2,3,1.0,6.0
201100062274,0011-10-29 21:20:00,11,10,29,21,20,750,116,AVENUE DODE DE LA BRUNER,,,Nuit avec éclairage allumé,En agglomération,Hors intersection,Pluie légère,Autre collision,,,,,,,,,,,5,2,1,2.0,6.0
201100062275,0011-10-30 17:00:00,11,10,30,17,0,750,116,"54, AVENUE DE NEW YORK",,,Crépuscule ou aube,En agglomération,Intersection en T,Normale,Sans collision,,,,,,,,,,,2,2,3,1.0,7.0
201100062276,0011-11-02 11:35:00,11,11,2,11,35,750,116,"11, RUE BOISSIERE",,,Plein jour,En agglomération,Intersection à plus de 4 branches,Temps couvert,Deux véhicules - arrière,,,,,,,,,,,1,2,5,8.0,2.0
201100062277,0011-11-02 13:30:00,11,11,2,13,30,750,116,"100, AVENUE VICTOR HUGO",,,Plein jour,En agglomération,Intersection en T,Normale,Autre collision,,,,,,,,,,,1,2,3,1.0,6.0
201100062278,0011-11-02 14:20:00,11,11,2,14,20,750,116,AVENUE DU PRESIDENT WILS,,,Plein jour,En agglomération,Place,Normale,Deux véhicules - côté,,,,,,,,,,,1,2,7,1.0,3.0
201100062279,0011-11-02 14:30:00,11,11,2,14,30,750,116,ROUTE DE SEVRES A NEUILL,,,Plein jour,En agglomération,Hors intersection,Normale,Sans collision,,,,,,,,,,,1,2,1,1.0,7.0
201100062280,0011-11-02 18:00:00,11,11,2,18,0,750,116,"49, RUE DE PASSY",,,Nuit avec éclairage allumé,En agglomération,Intersection en X,Normale,Autre collision,,,,,,,,,,,5,2,2,1.0,6.0
201100062281,0011-11-04 08:00:00,11,11,4,8,0,750,116,"8, BOULEVARD D AUTEUIL",,,Plein jour,En agglomération,Hors intersection,Normale,Sans collision,,,,,,,,,,,1,2,1,1.0,7.0
201100062282,0011-11-04 09:05:00,11,11,4,9,5,750,116,PLACE DU TROCADERO,,,Plein jour,En agglomération,Place,Normale,Deux véhicules - côté,,,,,,,,,,,1,2,7,1.0,3.0
201100062283,0011-11-05 08:30:00,11,11,5,8,30,750,116,"25bis, RUE BENJAMIN FRAN",,,Plein jour,En agglomération,Intersection en T,Pluie légère,Sans collision,,,,,,,,,,,1,2,3,2.0,7.0
201100062284,0011-11-06 10:45:00,11,11,6,10,45,750,116,ROUTE DES TRIBUNES,,,Plein jour,En agglomération,Hors intersection,Normale,Autre collision,,,,,,,,,,,1,2,1,1.0,6.0
201100062285,0011-11-07 12:30:00,11,11,7,12,30,750,116,BOULEVARD PERIPHERIQUE,,,Plein jour,En agglomération,Hors intersection,Normale,Deux véhicules - côté,,,,,,,,,,,1,2,1,1.0,3.0
201100062286,0011-11-07 14:40:00,11,11,7,14,40,750,116,"27, BOULEVARD SUCHET",,,Plein jour,En agglomération,Hors intersection,Temps couvert,Autre collision,,,,,,,,,,,1,2,1,8.0,6.0
201100062287,0011-11-08 07:15:00,11,11,8,7,15,750,116,PLACE DE VARSOVIE,,,Crépuscule ou aube,En agglomération,Place,Pluie légère,Sans collision,,,,,,,,,,,2,2,7,2.0,7.0
201100062288,0011-11-08 12:10:00,11,11,8,12,10,750,116,"14, SQUARE ALBONI",,,Plein jour,En agglomération,Hors intersection,Pluie légère,Sans collision,,,,,,,,,,,1,2,1,2.0,7.0
201100062289,0011-11-08 21:10:00,11,11,8,21,10,750,116,AVENUE DES NATIONS UNIES,,,Nuit avec éclairage allumé,En agglomération,Hors intersection,Temps couvert,Deux véhicules - arrière,,,,,,,,,,,5,2,1,8.0,2.0
201100062290,0011-11-08 23:30:00,11,11,8,23,30,750,116,ALLEE DE LONGCHAMP,,,Nuit avec éclairage allumé,En agglomération,Intersection en X,Pluie légère,Autre collision,,,,,,,,,,,5,2,2,2.0,6.0
201100062291,0011-11-09 11:20:00,11,11,9,11,20,750,116,BOULEVARD SUCHET,,,Plein jour,En agglomération,Intersection en X,Normale,Autre collision,,,,,,,,,,,1,2,2,1.0,6.0
201100062292,0011-11-09 14:20:00,11,11,9,14,20,750,116,"24, RUE DES VIGNES",,,Plein jour,En agglomération,Intersection en T,Normale,Autre collision,,,,,,,,,,,1,2,3,1.0,6.0
201100062293,0011-11-09 15:40:00,11,11,9,15,40,750,116,"4bis, AVENUE ADRIEN HEBR",,,Plein jour,En agglomération,Hors intersection,Normale,Autre collision,,,,,,,,,,,1,2,1,1.0,6.0
201100062294,0011-11-09 19:00:00,11,11,9,19,0,750,116,BOULEVARD PERIPHERIQUE I,,,Nuit avec éclairage allumé,En agglomération,Hors intersection,Normale,Deux véhicules - arrière,,,,,,,,,,,5,2,1,1.0,2.0
201100062295,0011-11-09 19:40:00,11,11,9,19,40,750,116,BOULEVARD PERIPHERIQUE I,,,Nuit avec éclairage allumé,En agglomération,Hors intersection,Normale,Trois véhicules et plus - en chaîne,,,,,,,,,,,5,2,1,1.0,4.0
201100062296,0011-11-10 10:00:00,11,11,10,10,0,750,116,"56, AVENUE D IENA",,,Plein jour,En agglomération,Place,Normale,Deux véhicules - arrière,,,,,,,,,,,1,2,7,1.0,2.0
201100062297,0011-11-10 12:15:00,11,11,10,12,15,750,116,"24, AVENUE MARCEAU",,,Plein jour,En agglomération,Hors intersection,Normale,Deux véhicules - arrière,,,,,,,,,,,1,2,1,1.0,2.0
201100062298,0011-11-10 17:50:00,11,11,10,17,50,750,116,VOIE GEORGES POMPIDOU,,,Nuit avec éclairage allumé,En agglomération,Intersection en Y,Normale,Deux véhicules - arrière,,,,,,,,,,,5,2,4,1.0,2.0
201100062299,0011-11-11 14:50:00,11,11,11,14,50,750,116,"1, PLACE DU MARECHAL DE",,,Plein jour,En agglomération,Place,Normale,Deux véhicules - côté,,,,,,,,,,,1,2,7,1.0,3.0
201100062300,0011-11-12 19:30:00,11,11,12,19,30,750,116,PLACE CHARLES DE GAULLE,,,Nuit avec éclairage allumé,En agglomération,Place,Normale,Deux véhicules - côté,,,,,,,,,,,5,2,7,1.0,3.0
201100062301,0011-11-13 16:05:00,11,11,13,16,5,750,116,"76, AVENUE KLEBER",,,Plein jour,En agglomération,Hors intersection,Normale,Sans collision,,,,,,,,,,,1,2,1,1.0,7.0
201100062302,0011-11-13 23:50:00,11,11,13,23,50,750,116,"81, AVENUE FOCH",,,Nuit avec éclairage allumé,En agglomération,Intersection à plus de 4 branches,Normale,Deux véhicules - côté,,,,,,,,,,,5,2,5,1.0,3.0
201100062303,0011-11-14 09:45:00,11,11,14,9,45,750,116,"62, AVENUE DE NEW YORK",,,Plein jour,En agglomération,Intersection en Y,Normale,Deux véhicules - arrière,,,,,,,,,,,1,2,4,1.0,2.0
201100062304,0011-11-15 11:45:00,11,11,15,11,45,750,116,PLACE DE LA PORTE MAILLO,,,Plein jour,En agglomération,Place,Normale,Deux véhicules - côté,,,,,,,,,,,1,2,7,1.0,3.0
201100062305,0011-11-16 12:00:00,11,11,16,12,0,750,116,"66, AVENUE KLEBER",,,Plein jour,En agglomération,Intersection en T,Normale,Deux véhicules - côté,,,,,,,,,,,1,2,3,1.0,3.0
201100062306,0011-11-17 11:15:00,11,11,17,11,15,750,116,"41, AVENUE KLEBER",,,Plein jour,En agglomération,Intersection à plus de 4 branches,Normale,Sans collision,,,,,,,,,,,1,2,5,1.0,7.0
201100062307,0011-11-18 01:45:00,11,11,18,1,45,750,117,"112, AVENUE DE CLICHY",,,Nuit avec éclairage allumé,En agglomération,Intersection en X,Normale,Deux véhicules - côté,,,,,,,,,,,5,2,2,1.0,3.0
201100062308,0011-11-18 14:00:00,11,11,18,14,0,750,116,"44, RUE D AUTEUIL",,,Plein jour,En agglomération,Intersection à plus de 4 branches,Normale,Deux véhicules - côté,,,,,,,,,,,1,2,5,1.0,3.0
201100062309,0011-11-18 19:15:00,11,11,18,19,15,750,116,"3, BOULEVARD DE MONTMORE",,,Nuit avec éclairage allumé,En agglomération,Hors intersection,Normale,Deux véhicules - arrière,,,,,,,,,,,5,2,1,1.0,2.0
201100062310,0011-11-19 17:00:00,11,11,19,17,0,750,116,PLACE D IENA,,,Crépuscule ou aube,En agglomération,Place,Normale,Deux véhicules - côté,,,,,,,,,,,2,2,7,1.0,3.0
201100062311,0011-11-20 20:00:00,11,11,20,20,0,750,116,PLACE DE VARSOVIE,,,Nuit avec éclairage allumé,En agglomération,Place,Normale,Autre collision,,,,,,,,,,,5,2,7,1.0,6.0
201100062312,0011-11-21 09:15:00,11,11,21,9,15,750,116,"43, AVENUE DE VERSAILLES",,,Plein jour,En agglomération,Intersection en X,Normale,Deux véhicules - côté,,,,,,,,,,,1,2,2,1.0,3.0
201100062313,0011-11-21 18:50:00,11,11,21,18,50,750,116,BOULEVARD EXELMANS,,,Nuit avec éclairage allumé,En agglomération,Intersection à plus de 4 branches,Normale,Autre collision,,,,,,,,,,,5,2,5,1.0,6.0
201100062314,0011-11-21 21:00:00,11,11,21,21,0,750,116,AVENUE FOCH,,,Nuit avec éclairage allumé,En agglomération,Intersection à plus de 4 branches,Normale,Autre collision,,,,,,,,,,,5,2,5,1.0,6.0
201100062315,0011-11-22 09:10:00,11,11,22,9,10,750,116,AVENUE EDOUARD VAILLANT,,,Plein jour,En agglomération,Intersection en Y,Normale,Trois véhicules et plus - en chaîne,,,,,,,,,,,1,2,4,1.0,4.0
201100062316,0011-11-22 16:54:00,11,11,22,16,54,750,116,ROUTE DE SEVRES A NEUILL,,,Crépuscule ou aube,En agglomération,Hors intersection,Normale,Deux véhicules - côté,,,,,,,,,,,2,2,1,1.0,3.0
201100062317,0011-11-24 10:55:00,11,11,24,10,55,750,116,"6, AVENUE BUGEAUD",,,Plein jour,En agglomération,Intersection en X,Normale,Autre collision,,,,,,,,,,,1,2,2,1.0,6.0
201100062318,0011-11-25 12:30:00,11,11,25,12,30,750,116,AVENUE DU PRESIDENT WILS,,,Plein jour,En agglomération,Hors intersection,Normale,Deux véhicules - arrière,,,,,,,,,,,1,2,1,1.0,2.0
201100062319,0011-11-25 18:40:00,11,11,25,18,40,750,116,PONT DU GARIGLIANO,,,Nuit avec éclairage allumé,En agglomération,Hors intersection,Normale,Deux véhicules - côté,,,,,,,,,,,5,2,1,1.0,3.0
201100062320,0011-11-25 19:20:00,11,11,25,19,20,750,116,"41, AVENUE DE VERSAILLES",,,Nuit avec éclairage allumé,En agglomération,Intersection en T,Normale,Sans collision,,,,,,,,,,,5,2,3,1.0,7.0
201100062321,0011-11-26 18:15:00,11,11,26,18,15,750,116,"46, RUE DE PASSY",,,Nuit avec éclairage allumé,En agglomération,Intersection en T,Normale,Autre collision,,,,,,,,,,,5,2,3,1.0,6.0
201100062322,0011-11-28 11:05:00,11,11,28,11,5,750,116,"116, AVENUE KLEBER",,,Plein jour,En agglomération,Hors intersection,Normale,Deux véhicules - frontale,,,,,,,,,,,1,2,1,1.0,1.0
201100062323,0011-11-28 17:30:00,11,11,28,17,30,750,116,AVENUE PRUDHON,,,Nuit avec éclairage allumé,En agglomération,Intersection à plus de 4 branches,Normale,Autre collision,,,,,,,,,,,5,2,5,1.0,6.0
201100062324,0011-11-29 03:28:00,11,11,29,3,28,750,116,BOULEVARD SUCHET,,,Nuit avec éclairage allumé,En agglomération,Hors intersection,Normale,Autre collision,,,,,,,,,,,5,2,1,1.0,6.0
201100062325,0011-11-29 16:20:00,11,11,29,16,20,750,116,PLACE DU MARECHAL DE LAT,,,Crépuscule ou aube,En agglomération,Place,Normale,Deux véhicules - côté,,,,,,,,,,,2,2,7,1.0,3.0
201100062326,0011-11-29 19:30:00,11,11,29,19,30,750,116,"19, AVENUE PAUL DOUMER",,,Nuit avec éclairage allumé,En agglomération,Hors intersection,Normale,Deux véhicules - arrière,,,,,,,,,,,5,2,1,1.0,2.0
201100062327,0011-11-29 22:40:00,11,11,29,22,40,750,116,"09, BOULEVARD LANNES",,,Nuit avec éclairage allumé,En agglomération,Hors intersection,Normale,Deux véhicules - côté,,,,,,,,,,,5,2,1,1.0,3.0
201100062328,0011-11-30 17:40:00,11,11,30,17,40,750,116,ALLEE DU BORD DE L EAU,,,Nuit avec éclairage allumé,En agglomération,Intersection en T,Normale,Autre collision,,,,,,,,,,,5,2,3,1.0,6.0
201100062329,0011-11-30 13:50:00,11,11,30,13,50,750,116,PLACE DU MARECHAL DE LAT,,,Plein jour,En agglomération,Place,Normale,Sans collision,,,,,,,,,,,1,2,7,1.0,7.0
201100062330,0011-12-01 19:45:00,11,12,1,19,45,750,116,"12, AVENUE PAUL DOUMER",,,Nuit avec éclairage allumé,En agglomération,Intersection en T,Pluie légère,Autre collision,,,,,,,,,,,5,2,3,2.0,6.0
201100062331,0011-12-02 18:20:00,11,12,2,18,20,750,116,AVENUE DE SAINT CLOUD,,,Nuit avec éclairage allumé,En agglomération,Hors intersection,Normale,Deux véhicules - arrière,,,,,,,,,,,5,2,1,1.0,2.0
201100062332,0011-12-03 03:05:00,11,12,3,3,5,750,116,"79, BOULEVARD SUCHET",,,Nuit avec éclairage allumé,En agglomération,Intersection en T,Normale,Autre collision,,,,,,,,,,,5,2,3,1.0,6.0
201100062333,0011-12-03 18:25:00,11,12,3,18,25,750,116,"39, AVENUE D EYLAU",,,Nuit avec éclairage allumé,En agglomération,Place,Pluie légère,Autre collision,,,,,,,,,,,5,2,7,2.0,6.0
201100062334,0011-12-03 19:55:00,11,12,3,19,55,750,116,BOULEVARD SUCHET,,,Nuit avec éclairage allumé,En agglomération,Intersection en T,Normale,Autre collision,,,,,,,,,,,5,2,3,1.0,6.0
201100062335,0011-12-04 22:15:00,11,12,4,22,15,750,116,AVENUE DE LA GRANDE ARME,,,Nuit avec éclairage allumé,En agglomération,Hors intersection,Pluie forte,Autre collision,,,,,,,,,,,5,2,1,3.0,6.0
201100062336,0011-12-05 08:50:00,11,12,5,8,50,750,116,"100, AVENUE DU PRESIDENT",,,Plein jour,En agglomération,Hors intersection,Pluie légère,Sans collision,,,,,,,,,,,1,2,1,2.0,7.0
201100062337,0011-12-06 01:05:00,11,12,6,1,5,750,116,PLACE DU MARECHAL DE LAT,,,Nuit avec éclairage allumé,En agglomération,Place,Pluie légère,Autre collision,,,,,,,,,,,5,2,7,2.0,6.0
201100062338,0011-12-06 08:00:00,11,12,6,8,0,750,116,"1, BOULEVARD EXELMANS",,,Crépuscule ou aube,En agglomération,Place,Pluie légère,Sans collision,,,,,,,,,,,2,2,7,2.0,7.0
201100062339,0011-12-06 14:55:00,11,12,6,14,55,750,116,"58, AVENUE KLEBER",,,Plein jour,En agglomération,Hors intersection,Temps couvert,Deux véhicules - côté,,,,,,,,,,,1,2,1,8.0,3.0
201100062340,0011-12-06 20:35:00,11,12,6,20,35,750,116,"3, RUE DE L AMIRAL CLOUE",,,Nuit avec éclairage allumé,En agglomération,Place,Pluie légère,Autre collision,,,,,,,,,,,5,2,7,2.0,6.0
201100062341,0011-12-07 09:10:00,11,12,7,9,10,750,116,"118, BOULEVARD SUCHET",,,Plein jour,En agglomération,Hors intersection,Pluie légère,Deux véhicules - arrière,,,,,,,,,,,1,2,1,2.0,2.0
201100062342,0011-12-07 08:28:00,11,12,7,8,28,750,116,"0, BOULEVARD PERIPHERIQU",,,Plein jour,En agglomération,Hors intersection,Pluie légère,Deux véhicules - arrière,,,,,,,,,,,1,2,1,2.0,2.0
201100062343,0011-12-07 09:00:00,11,12,7,9,0,750,116,VOIE GEORGES POMPIDOU,,,Plein jour,En agglomération,Intersection en Y,Pluie légère,Deux véhicules - arrière,,,,,,,,,,,1,2,4,2.0,2.0
201100062344,0011-12-07 11:45:00,11,12,7,11,45,750,116,"6, AVENUE D IENA",,,Plein jour,En agglomération,Hors intersection,Pluie légère,Deux véhicules - arrière,,,,,,,,,,,1,2,1,2.0,2.0
201100062345,0011-12-07 23:15:00,11,12,7,23,15,750,116,PLACE DU MARECHAL DE LAT,,,Nuit avec éclairage allumé,En agglomération,Place,Normale,Deux véhicules - côté,,,,,,,,,,,5,2,7,1.0,3.0
201100062346,0011-12-08 08:25:00,11,12,8,8,25,750,116,"18, RUE DU RANELAGH",,,Plein jour,En agglomération,Hors intersection,Normale,Sans collision,,,,,,,,,,,1,2,1,1.0,7.0
201100062347,0011-12-08 09:20:00,11,12,8,9,20,750,116,PLACE DE LA PORTE MAILLO,,,Plein jour,En agglomération,Hors intersection,Temps couvert,Sans collision,,,,,,,,,,,1,2,1,8.0,7.0
201100062348,0011-12-09 09:45:00,11,12,9,9,45,750,116,AVENUE DE MALAKOFF,,,Plein jour,En agglomération,Intersection en X,Pluie légère,Deux véhicules - côté,,,,,,,,,,,1,2,2,2.0,3.0
201100062349,0011-12-09 10:00:00,11,12,9,10,0,750,116,"56, AVENUE D IENA",,,Plein jour,En agglomération,Place,Pluie légère,Deux véhicules - côté,,,,,,,,,,,1,2,7,2.0,3.0
201100062350,0011-12-09 11:50:00,11,12,9,11,50,750,116,"45, RUE CLAUDE TERRASSE",,,Plein jour,En agglomération,Intersection en T,Temps couvert,Sans collision,,,,,,,,,,,1,2,3,8.0,7.0
201100062351,0011-12-10 02:00:00,11,12,10,2,0,750,116,PLACE CHARLES DE GAULLE,,,Nuit avec éclairage allumé,En agglomération,Place,Normale,Autre collision,,,,,,,,,,,5,2,7,1.0,6.0
201100062352,0011-12-10 08:15:00,11,12,10,8,15,750,116,"1, PLACE DE L ALMA",,,Plein jour,En agglomération,Place,Normale,Deux véhicules - côté,,,,,,,,,,,1,2,7,1.0,3.0
201100062353,0011-12-10 19:45:00,11,12,10,19,45,750,116,"85, AVENUE MOZART",,,Nuit avec éclairage allumé,En agglomération,Intersection à plus de 4 branches,Normale,Autre collision,,,,,,,,,,,5,2,5,1.0,6.0
201100062354,0011-12-13 18:20:00,11,12,13,18,20,750,116,"101, AVENUE HENRI MARTIN",,,Nuit avec éclairage allumé,En agglomération,Hors intersection,Normale,Deux véhicules - arrière,,,,,,,,,,,5,2,1,1.0,2.0
201100062355,0011-12-13 19:00:00,11,12,13,19,0,750,116,"9, AVENUE D IENA",,,Nuit avec éclairage allumé,En agglomération,Hors intersection,Normale,Deux véhicules - côté,,,,,,,,,,,5,2,1,1.0,3.0
201100062356,0011-12-14 01:30:00,11,12,14,1,30,750,116,ALLEE DE LONGCHAMP,,,Nuit avec éclairage allumé,En agglomération,Place,Pluie légère,Autre collision,,,,,,,,,,,5,2,7,2.0,6.0
201100062357,0011-12-15 22:15:00,11,12,15,22,15,750,116,RUE DE BOULAINVILLIERS,,,Nuit avec éclairage allumé,En agglomération,Place,Pluie légère,Autre collision,,,,,,,,,,,5,2,7,2.0,6.0
201100062358,0011-12-16 10:00:00,11,12,16,10,0,750,108,"6, AVENUE MARCEAU",,,Plein jour,En agglomération,Hors intersection,Pluie légère,Autre collision,,,,,,,,,,,1,2,1,2.0,6.0
201100062359,0011-12-16 17:40:00,11,12,16,17,40,750,116,"48, RUE RAYNOUARD",,,Nuit avec éclairage allumé,En agglomération,Intersection en T,Pluie légère,Autre collision,,,,,,,,,,,5,2,3,2.0,6.0
201100062360,0011-12-16 18:30:00,11,12,16,18,30,750,107,PONT D IENA,,,Nuit avec éclairage allumé,En agglomération,Hors intersection,Pluie légère,Deux véhicules - arrière,,,,,,,,,,,5,2,1,2.0,2.0
201100062361,0011-12-16 19:45:00,11,12,16,19,45,750,116,RUE JEAN DE LA FONTAINE,,,Nuit avec éclairage allumé,En agglomération,Intersection en X,Pluie forte,Deux véhicules - côté,,,,,,,,,,,5,2,2,3.0,3.0
201100062362,0011-12-17 17:50:00,11,12,17,17,50,750,116,ROUTE DE LA PTE DES SABL,,,Nuit sans éclairage public,En agglomération,Intersection en X,Pluie légère,Deux véhicules - côté,,,,,,,,,,,3,2,2,2.0,3.0
201100062363,0011-12-19 09:10:00,11,12,19,9,10,750,116,PONT DU GARIGLIANO,,,Plein jour,En agglomération,Hors intersection,Autre,Deux véhicules - côté,,,,,,,,,,,1,2,1,9.0,3.0
201100062364,0011-12-19 08:40:00,11,12,19,8,40,750,115,PONT DU GARIGLIANO,,,Plein jour,En agglomération,Hors intersection,Autre,Sans collision,,,,,,,,,,,1,2,1,9.0,7.0
201100062365,0011-12-19 09:40:00,11,12,19,9,40,750,116,ALLEE DU BORD DE L EAU,,,Crépuscule ou aube,En agglomération,Intersection en T,Autre,Sans collision,,,,,,,,,,,2,2,3,9.0,7.0
201100062366,0011-12-19 17:20:00,11,12,19,17,20,750,116,BOULEVARD SUCHET,,,Nuit avec éclairage allumé,En agglomération,Hors intersection,Pluie forte,Deux véhicules - arrière,,,,,,,,,,,5,2,1,3.0,2.0
201100062367,0011-12-19 18:40:00,11,12,19,18,40,750,116,ALLEE DE LA REINE MARGUE,,,Nuit avec éclairage allumé,En agglomération,Hors intersection,Pluie forte,Deux véhicules - côté,,,,,,,,,,,5,2,1,3.0,3.0
201100062368,0011-12-19 18:15:00,11,12,19,18,15,750,108,AVENUE GABRIEL,,,Nuit avec éclairage allumé,En agglomération,Intersection en T,Pluie légère,Autre collision,,,,,,,,,,,5,2,3,2.0,6.0
201100062369,0011-12-20 00:20:00,11,12,20,0,20,750,116,AVENUE DE VERSAILLES,,,Nuit avec éclairage allumé,En agglomération,Intersection à plus de 4 branches,Pluie légère,Autre collision,,,,,,,,,,,5,2,5,2.0,6.0
201100062370,0011-12-20 08:45:00,11,12,20,8,45,750,116,"39, AVENUE D EYLAU",,,Plein jour,En agglomération,Hors intersection,Normale,Autre collision,,,,,,,,,,,1,2,1,1.0,6.0
201100062371,0011-12-21 08:45:00,11,12,21,8,45,750,116,PLACE CHARLES DE GAULLE,,,Plein jour,En agglomération,Place,Pluie légère,Sans collision,,,,,,,,,,,1,2,7,2.0,7.0
201100062372,0011-12-21 11:50:00,11,12,21,11,50,750,116,"129 bis, RUE DE LA POMPE",,,Plein jour,En agglomération,Intersection en X,Pluie légère,Deux véhicules - arrière,,,,,,,,,,,1,2,2,2.0,2.0
201100062373,0011-12-21 14:00:00,11,12,21,14,0,750,116,BOULEVARD PERIPHERIQUE I,,,Plein jour,En agglomération,Hors intersection,Pluie légère,Trois véhicules et plus - collisions multiples,,,,,,,,,,,1,2,1,2.0,5.0
201100062374,0011-12-22 00:45:00,11,12,22,0,45,750,116,BOULEVARD PERIPHERIQUE I,,,Nuit avec éclairage allumé,En agglomération,Hors intersection,Pluie légère,Autre collision,,,,,,,,,,,5,2,1,2.0,6.0
201100062375,0011-12-23 12:30:00,11,12,23,12,30,750,116,"152 bis, RUE DE LONGCHAM",,,Plein jour,En agglomération,Intersection en X,Normale,Autre collision,,,,,,,,,,,1,2,2,1.0,6.0
201100062376,0011-12-24 17:40:00,11,12,24,17,40,750,116,ALLEE DU BORD DE L EAU,,,Nuit avec éclairage allumé,En agglomération,Hors intersection,Normale,Deux véhicules - arrière,,,,,,,,,,,5,2,1,1.0,2.0