accident_id,datetime,annee,mois,jour,heure,minute,departement,commune_insee,adresse,latitude,longitude,luminosite,agglomeration,intersection,meteo,collision,nb_vehicules,nb_usagers,nb_indemnes,nb_tues,nb_blesses_hosp,nb_blesses_legers,age_cond_1,age_cond_2,veh_type_cond_1,veh_type_cond_2,lum_code,agg_code,int_code,atm_code,col_code
201100062501,0011-04-19 23:02:00,11,4,19,23,2,750,117,"67, AVENUE DES TERNES",,,Nuit avec éclairage allumé,En agglomération,Place,Normale,Sans collision,,,,,,,,,,,5,2,7,1.0,7.0
201100062502,0011-04-20 08:20:00,11,4,20,8,20,750,117,"55, RUE GUY MOQUET",,,Plein jour,En agglomération,Hors intersection,Normale,Deux véhicules - côté,,,,,,,,,,,1,2,1,1.0,3.0
201100062503,0011-04-20 08:00:00,11,4,20,8,0,750,117,"05, AVENUE DE LA PORTE D",,,Plein jour,En agglomération,Hors intersection,Normale,Deux véhicules - côté,,,,,,,,,,,1,2,1,1.0,3.0
201100062504,0011-04-21 15:05:00,11,4,21,15,5,750,117,"58, RUE LA CONDAMINE",,,Plein jour,En agglomération,Intersection en X,Normale,Deux véhicules - côté,,,,,,,,,,,1,2,2,1.0,3.0
201100062505,0011-04-21 21:10:00,11,4,21,21,10,750,117,"08, AVENUE DES TERNES",,,Nuit avec éclairage allumé,En agglomération,Hors intersection,Normale,Deux véhicules - côté,,,,,,,,,,,5,2,1,1.0,3.0
201100062506,0011-04-21 23:30:00,11,4,21,23,30,750,117,"4, PLACE DE LA PORTE DE",,,Nuit avec éclairage allumé,En agglomération,Intersection en X,Normale,Deux véhicules - côté,,,,,,,,,,,5,2,2,1.0,3.0
201100062507,0011-04-25 11:50:00,11,4,25,11,50,750,117,BOULEVARD DU BOIS LE PRE,,,Plein jour,En agglomération,Intersection en Y,Normale,Autre collision,,,,,,,,,,,1,2,4,1.0,6.0
201100062508,0011-04-25 17:30:00,11,4,25,17,30,750,117,"03, AVENUE DES TERNES",,,Plein jour,En agglomération,Intersection à plus de 4 branches,Normale,Sans collision,,,,,,,,,,,1,2,5,1.0,7.0
201100062509,0011-04-26 23:20:00,11,4,26,23,20,750,117,"82, AVENUE NIEL",,,Nuit avec éclairage allumé,En agglomération,Intersection en X,Normale,Autre collision,,,,,,,,,,,5,2,2,1.0,6.0
201100062510,0011-04-26 16:30:00,11,4,26,16,30,750,117,"153, BOULEVARD MALESHERB",,,Plein jour,En agglomération,Hors intersection,Normale,Deux véhicules - côté,,,,,,,,,,,1,2,1,1.0,3.0
201100062511,0011-04-26 19:35:00,11,4,26,19,35,750,117,"11, PLACE DE LA PORTE DE",,,Plein jour,En agglomération,Intersection à plus de 4 branches,Normale,Autre collision,,,,,,,,,,,1,2,5,1.0,6.0
201100062512,0011-04-26 22:15:00,11,4,26,22,15,750,117,"16, AVENUE DE LA GRANDE",,,Nuit avec éclairage allumé,En agglomération,Intersection en Y,Normale,Deux véhicules - côté,,,,,,,,,,,5,2,4,1.0,3.0
201100062513,0011-04-28 11:00:00,11,4,28,11,0,750,109,RUE SAINT LAZARE,,,Plein jour,En agglomération,Intersection en X,Normale,Autre collision,,,,,,,,,,,1,2,2,1.0,6.0
201100062514,0011-04-28 17:20:00,11,4,28,17,20,750,117,"12, RUE GUY MOQUET",,,Plein jour,En agglomération,Intersection en X,Pluie légère,Deux véhicules - côté,,,,,,,,,,,1,2,2,2.0,3.0
201100062515,0011-04-28 18:40:00,11,4,28,18,40,750,117,"46, AVENUE DES TERNES",,,Plein jour,En agglomération,Intersection en Y,Pluie légère,Deux véhicules - arrière,,,,,,,,,,,1,2,4,2.0,2.0
201100062516,0011-04-28 20:10:00,11,4,28,20,10,750,117,"36, AVENUE DE LA GRANDE",,,Crépuscule ou aube,En agglomération,Intersection en T,Normale,Autre collision,,,,,,,,,,,2,2,3,1.0,6.0
201100062517,0011-04-29 15:15:00,11,4,29,15,15,750,117,"14, RUE DU DEBARCADERE",,,Plein jour,En agglomération,Hors intersection,Normale,Autre collision,,,,,,,,,,,1,2,1,1.0,6.0
201100062518,0011-04-30 13:45:00,11,4,30,13,45,750,117,RUE JOUFFROY D ABBANS,,,Plein jour,En agglomération,Intersection en X,Normale,Deux véhicules - côté,,,,,,,,,,,1,2,2,1.0,3.0
201100062519,0011-04-29 21:00:00,11,4,29,21,0,750,117,"40, AVENUE DES TERNES",,,Nuit avec éclairage allumé,En agglomération,Hors intersection,Normale,Deux véhicules - côté,,,,,,,,,,,5,2,1,1.0,3.0
201100062520,0011-05-03 07:10:00,11,5,3,7,10,750,117,"52, BOULEVARD BERTHIER",,,Plein jour,En agglomération,Hors intersection,Normale,Deux véhicules - côté,,,,,,,,,,,1,2,1,1.0,3.0
201100062521,0011-05-03 15:30:00,11,5,3,15,30,750,117,PLACE DE LA PORTE DE CHA,,,Plein jour,En agglomération,Intersection à plus de 4 branches,Normale,Deux véhicules - côté,,,,,,,,,,,1,2,5,1.0,3.0
201100062522,0011-05-04 16:00:00,11,5,4,16,0,750,117,"66, RUE POUCHET",,,Plein jour,En agglomération,Intersection en X,Normale,Autre collision,,,,,,,,,,,1,2,2,1.0,6.0
201100062523,0011-05-05 00:01:00,11,5,5,0,1,750,117,BOULEVARD BERTHIER,,,Nuit avec éclairage allumé,En agglomération,Hors intersection,Normale,Sans collision,,,,,,,,,,,5,2,1,1.0,7.0
201100062524,0011-05-05 01:00:00,11,5,5,1,0,750,117,"133, AVENUE DE CLICHY",,,Nuit avec éclairage allumé,En agglomération,Intersection en T,Normale,Deux véhicules - côté,,,,,,,,,,,5,2,3,1.0,3.0
201100062525,0011-05-05 08:40:00,11,5,5,8,40,750,117,AVENUE DE LA PORTE DE CH,,,Plein jour,En agglomération,Intersection en X,Normale,Deux véhicules - côté,,,,,,,,,,,1,2,2,1.0,3.0
201100062526,0011-05-06 23:45:00,11,5,6,23,45,750,117,"2, PLACE DE CLICHY",,,Nuit avec éclairage allumé,En agglomération,Intersection à plus de 4 branches,Normale,Autre collision,,,,,,,,,,,5,2,5,1.0,6.0
201100062527,0011-05-07 17:30:00,11,5,7,17,30,750,117,"172, RUE CARDINET",,,Plein jour,En agglomération,Intersection en T,Normale,Autre collision,,,,,,,,,,,1,2,3,1.0,6.0
201100062528,0011-05-09 12:05:00,11,5,9,12,5,750,117,"51, RUE DE TOCQUEVILLE",,,Plein jour,En agglomération,Intersection à plus de 4 branches,Normale,Autre collision,,,,,,,,,,,1,2,5,1.0,6.0
201100062529,0011-05-09 17:29:00,11,5,9,17,29,750,117,"53, AVENUE DE CLICHY",,,Plein jour,En agglomération,Intersection à plus de 4 branches,Normale,Deux véhicules - frontale,,,,,,,,,,,1,2,5,1.0,1.0
201100062530,0011-05-10 13:28:00,11,5,10,13,28,750,117,"49, RUE JOUFFROY D ABBAN",,,Plein jour,En agglomération,Intersection en X,Normale,Deux véhicules - côté,,,,,,,,,,,1,2,2,1.0,3.0
201100062531,0011-05-10 17:00:00,11,5,10,17,0,750,117,"96, AVENUE DE CLICHY",,,Plein jour,En agglomération,Intersection en X,Normale,Deux véhicules - côté,,,,,,,,,,,1,2,2,1.0,3.0
201100062532,0011-05-12 19:05:00,11,5,12,19,5,750,117,"124, AVENUE DE VILLIERS",,,Plein jour,En agglomération,Hors intersection,Normale,Deux véhicules - arrière,,,,,,,,,,,1,2,1,1.0,2.0
201100062533,0011-05-12 19:50:00,11,5,12,19,50,750,117,"FACE 7, METRO PORTE DE C",,,Plein jour,En agglomération,Hors intersection,Normale,Autre collision,,,,,,,,,,,1,2,1,1.0,6.0
201100062534,0011-05-12 20:00:00,11,5,12,20,0,750,117,"170, BOULEVARD MALESHERB",,,Plein jour,En agglomération,Intersection à plus de 4 branches,Normale,Deux véhicules - côté,,,,,,,,,,,1,2,5,1.0,3.0
201100062535,0011-05-13 09:30:00,11,5,13,9,30,750,117,"70, BOULEVARD DES BATIGN",,,Plein jour,En agglomération,Intersection en X,Normale,Deux véhicules - arrière,,,,,,,,,,,1,2,2,1.0,2.0
201100062536,0011-05-13 13:25:00,11,5,13,13,25,750,117,"92, BOULEVARD BESSIERES",,,Plein jour,En agglomération,Hors intersection,Normale,Deux véhicules - côté,,,,,,,,,,,1,2,1,1.0,3.0
201100062537,0011-05-13 19:45:00,11,5,13,19,45,750,117,"73, RUE GUY MOQUET",,,Plein jour,En agglomération,Intersection à plus de 4 branches,Normale,Autre collision,,,,,,,,,,,1,2,5,1.0,6.0
201100062538,0011-05-13 19:40:00,11,5,13,19,40,750,117,"10, AVENUE DE LA GRANDE",,,Plein jour,En agglomération,Intersection en X,Normale,Deux véhicules - arrière,,,,,,,,,,,1,2,2,1.0,2.0
201100062539,0011-05-14 00:01:00,11,5,14,0,1,750,117,BOULEVARD DES BATIGNOLLE,,,Nuit sans éclairage public,En agglomération,Intersection à plus de 4 branches,Normale,Deux véhicules - côté,,,,,,,,,,,3,2,5,1.0,3.0
201100062540,0011-05-14 00:01:00,11,5,14,0,1,750,117,"133, AVENUE DE VILLIERS",,,Nuit avec éclairage allumé,En agglomération,Intersection à plus de 4 branches,Normale,Sans collision,,,,,,,,,,,5,2,5,1.0,7.0
201100062541,0011-05-14 04:05:00,11,5,14,4,5,750,117,"000, RUE DE ROME",,,Nuit avec éclairage allumé,En agglomération,Intersection en X,Normale,Deux véhicules - côté,,,,,,,,,,,5,2,2,1.0,3.0
201100062542,0011-05-13 13:50:00,11,5,13,13,50,750,117,"83, AVENUE DE WAGRAM",,,Plein jour,En agglomération,Intersection en X,Normale,Deux véhicules - arrière,,,,,,,,,,,1,2,2,1.0,2.0
201100062543,0011-05-16 08:35:00,11,5,16,8,35,750,117,"7, RUE DE TOCQUEVILLE",,,Plein jour,En agglomération,Intersection en X,Normale,Deux véhicules - côté,,,,,,,,,,,1,2,2,1.0,3.0
201100062544,0011-05-16 10:40:00,11,5,16,10,40,750,117,"0, AVENUE DES TERNES",,,Plein jour,En agglomération,Intersection en X,Normale,Deux véhicules - côté,,,,,,,,,,,1,2,2,1.0,3.0
201100062545,0011-05-17 12:41:00,11,5,17,12,41,750,117,"54, RUE DES MOINES",,,Plein jour,En agglomération,Intersection en X,Normale,Autre collision,,,,,,,,,,,1,2,2,1.0,6.0
201100062546,0011-05-17 14:30:00,11,5,17,14,30,750,117,RUE DE COURCELLES,,,Plein jour,En agglomération,Intersection à plus de 4 branches,Normale,Deux véhicules - côté,,,,,,,,,,,1,2,5,1.0,3.0
201100062547,0011-05-17 18:15:00,11,5,17,18,15,750,117,"103, BOULEVARD BESSIERES",,,Plein jour,En agglomération,Hors intersection,Normale,Autre collision,,,,,,,,,,,1,2,1,1.0,6.0
201100062548,0011-05-18 17:00:00,11,5,18,17,0,750,117,"160, RUE CARDINET",,,Plein jour,En agglomération,Hors intersection,Normale,Deux véhicules - côté,,,,,,,,,,,1,2,1,1.0,3.0
201100062549,0011-05-19 17:10:00,11,5,19,17,10,750,117,"72, RUE LA CONDAMINE",,,Plein jour,En agglomération,Intersection en X,Normale,Autre collision,,,,,,,,,,,1,2,2,1.0,6.0
201100062550,0011-05-20 12:40:00,11,5,20,12,40,750,117,"3, PLACE DU MARECHAL JUI",,,Plein jour,En agglomération,Intersection à plus de 4 branches,Normale,Deux véhicules - arrière,,,,,,,,,,,1,2,5,1.0,2.0
201100062551,0011-05-20 19:00:00,11,5,20,19,0,750,117,"20, RUE TOULOUSE LAUTREC",,,Plein jour,En agglomération,Hors intersection,Normale,Deux véhicules - arrière,,,,,,,,,,,1,2,1,1.0,2.0
201100062552,0011-05-21 11:55:00,11,5,21,11,55,750,117,"116, RUE DE TOCQUEVILLE",,,Plein jour,En agglomération,Intersection en X,Normale,Deux véhicules - côté,,,,,,,,,,,1,2,2,1.0,3.0
201100062553,0011-05-23 08:10:00,11,5,23,8,10,750,117,BOULEVARD D AURELLE DE P,,,Plein jour,En agglomération,Intersection à plus de 4 branches,Normale,Deux véhicules - côté,,,,,,,,,,,1,2,5,1.0,3.0
201100062554,0011-05-24 10:16:00,11,5,24,10,16,750,117,"140, RUE CARDINET",,,Crépuscule ou aube,En agglomération,Intersection à plus de 4 branches,Normale,Deux véhicules - arrière,,,,,,,,,,,2,2,5,1.0,2.0
201100062555,0011-05-24 11:00:00,11,5,24,11,0,750,117,"14, RUE MARGUERITTE",,,Plein jour,En agglomération,Hors intersection,Normale,Autre collision,,,,,,,,,,,1,2,1,1.0,6.0
201100062556,0011-05-24 22:30:00,11,5,24,22,30,750,117,"37, RUE BOULAY",,,Nuit avec éclairage allumé,En agglomération,Intersection en X,Normale,Autre collision,,,,,,,,,,,5,2,2,1.0,6.0
201100062557,0011-05-25 15:08:00,11,5,25,15,8,750,117,"1, AVENUE DE LA PORTE D",,,Plein jour,En agglomération,Intersection à plus de 4 branches,Normale,Deux véhicules - côté,,,,,,,,,,,1,2,5,1.0,3.0
201100062558,0011-05-26 13:10:00,11,5,26,13,10,750,117,"41, AVENUE DE VILLIERS",,,Plein jour,En agglomération,Intersection en X,Normale,Autre collision,,,,,,,,,,,1,2,2,1.0,6.0
201100062559,0011-05-28 17:45:00,11,5,28,17,45,750,117,"59, AVENUE DE SAINT OUEN",,,Plein jour,En agglomération,Intersection en Y,Normale,Deux véhicules - côté,,,,,,,,,,,1,2,4,1.0,3.0
201100062560,0011-05-28 18:20:00,11,5,28,18,20,750,117,"52, BOULEVARD BERTHIER",,,Plein jour,En agglomération,Hors intersection,Normale,Autre collision,,,,,,,,,,,1,2,1,1.0,6.0
201100062561,0011-05-29 01:50:00,11,5,29,1,50,750,117,"51, AVENUE DES TERNES",,,Nuit avec éclairage allumé,En agglomération,Intersection en T,Normale,Autre collision,,,,,,,,,,,5,2,3,1.0,6.0
201100062562,0011-05-30 13:15:00,11,5,30,13,15,750,117,"16, AVENUE DE VILLIERS",,,Plein jour,En agglomération,Hors intersection,Normale,Deux véhicules - arrière,,,,,,,,,,,1,2,1,1.0,2.0
201100062563,0011-05-30 22:50:00,11,5,30,22,50,750,117,AVENUE STEPHANE MALLARME,,,Nuit avec éclairage allumé,En agglomération,Hors intersection,Normale,Sans collision,,,,,,,,,,,5,2,1,1.0,7.0
201100062564,0011-05-31 22:20:00,11,5,31,22,20,750,116,AVENUE DE NEUILLY,,,Nuit avec éclairage allumé,En agglomération,Intersection à plus de 4 branches,Normale,Deux véhicules - côté,,,,,,,,,,,5,2,5,1.0,3.0
201100062565,0011-06-02 02:15:00,11,6,2,2,15,750,117,AVENUE DE LA PORTE DE CL,,,Nuit avec éclairage allumé,En agglomération,Intersection en X,Normale,Autre collision,,,,,,,,,,,5,2,2,1.0,6.0
201100062566,0011-06-02 12:30:00,11,6,2,12,30,750,117,"61, AVENUE DE CLICHY",,,Plein jour,En agglomération,Hors intersection,Normale,Autre collision,,,,,,,,,,,1,2,1,1.0,6.0
201100062567,0011-06-03 08:30:00,11,6,3,8,30,750,117,"114, RUE DE TOCQUEVILLE",,,Plein jour,En agglomération,Intersection en X,Normale,Deux véhicules - frontale,,,,,,,,,,,1,2,2,1.0,1.0
201100062568,0011-06-04 01:05:00,11,6,4,1,5,750,117,"30, BOULEVARD DE COURCEL",,,Nuit avec éclairage allumé,En agglomération,Intersection en X,Normale,Sans collision,,,,,,,,,,,5,2,2,1.0,7.0
201100062569,0011-06-07 13:00:00,11,6,7,13,0,750,117,BOULEVARD GOUVION SAINT,,,Plein jour,En agglomération,Intersection en X,Pluie légère,Deux véhicules - côté,,,,,,,,,,,1,2,2,2.0,3.0
201100062570,0011-06-08 18:00:00,11,6,8,18,0,750,117,"22, AVENUE DE LA PORTE D",,,Plein jour,En agglomération,Intersection en X,Normale,Deux véhicules - côté,,,,,,,,,,,1,2,2,1.0,3.0
201100062571,0011-06-09 14:45:00,11,6,9,14,45,750,117,"107, AVENUE DE SAINT OUE",,,Plein jour,En agglomération,Hors intersection,Normale,Deux véhicules - arrière,,,,,,,,,,,1,2,1,1.0,2.0
201100062572,0011-06-10 01:20:00,11,6,10,1,20,750,117,"12, BOULEVARD DU FORT DE",,,Nuit avec éclairage allumé,En agglomération,Intersection en X,Normale,Deux véhicules - côté,,,,,,,,,,,5,2,2,1.0,3.0
201100062573,0011-06-15 10:00:00,11,6,15,10,0,750,117,PLACE CHARLES DE GAULLE,,,Plein jour,En agglomération,Place,Normale,Deux véhicules - côté,,,,,,,,,,,1,2,7,1.0,3.0
201100062574,0011-06-16 18:10:00,11,6,16,18,10,750,116,ROUTE DE SEVRES A NEUILL,,,Plein jour,En agglomération,Hors intersection,Normale,Deux véhicules - arrière,,,,,,,,,,,1,2,1,1.0,2.0
201100062575,0011-06-17 19:30:00,11,6,17,19,30,750,117,"129, AVENUE DE CLICHY",,,Plein jour,En agglomération,Intersection en X,Normale,Autre collision,,,,,,,,,,,1,2,2,1.0,6.0
201100062576,0011-06-17 20:15:00,11,6,17,20,15,750,117,"92, AVENUE DE CLICHY",,,Plein jour,En agglomération,Hors intersection,Normale,Deux véhicules - arrière,,,,,,,,,,,1,2,1,1.0,2.0
201100062577,0011-06-19 16:05:00,11,6,19,16,5,750,117,"20, BOULEVARD GOUVION SA",,,Plein jour,En agglomération,Intersection en T,Normale,Deux véhicules - côté,,,,,,,,,,,1,2,3,1.0,3.0
201100062578,0011-06-21 08:35:00,11,6,21,8,35,750,117,"75, AVENUE DE VILLIERS",,,Plein jour,En agglomération,Intersection en X,Pluie légère,Sans collision,,,,,,,,,,,1,2,2,2.0,7.0
201100062579,0011-06-21 08:55:00,11,6,21,8,55,750,117,AVENUE DE CLICHY,,,Plein jour,En agglomération,Intersection en X,Temps couvert,Deux véhicules - arrière,,,,,,,,,,,1,2,2,8.0,2.0
201100062580,0011-06-21 10:00:00,11,6,21,10,0,750,108,"45, BOULEVARD DES BATIGN",,,Plein jour,En agglomération,Hors intersection,Normale,Deux véhicules - côté,,,,,,,,,,,1,2,1,1.0,3.0
201100062581,0011-06-21 11:20:00,11,6,21,11,20,750,117,"01, BOULEVARD DE DOUAUMO",,,Plein jour,En agglomération,Intersection en X,Pluie légère,Deux véhicules - côté,,,,,,,,,,,1,2,2,2.0,3.0
201100062582,0011-06-22 10:00:00,11,6,22,10,0,750,117,"2, RUE BALNY D AVRICOURT",,,Plein jour,En agglomération,Intersection à plus de 4 branches,Pluie forte,Autre collision,,,,,,,,,,,1,2,5,3.0,6.0
201100062583,0011-06-22 20:16:00,11,6,22,20,16,750,117,"76, AVENUE DE VILLIERS",,,Plein jour,En agglomération,Hors intersection,Normale,Deux véhicules - arrière,,,,,,,,,,,1,2,1,1.0,2.0
201100062584,0011-06-23 20:00:00,11,6,23,20,0,750,117,"13, AVENUE DE LA PORTE D",,,Crépuscule ou aube,En agglomération,Intersection en X,Normale,Deux véhicules - côté,,,,,,,,,,,2,2,2,1.0,3.0
201100062585,0011-06-24 09:30:00,11,6,24,9,30,750,117,"70, BOULEVARD DE COURCEL",,,Plein jour,En agglomération,Hors intersection,Normale,Autre collision,,,,,,,,,,,1,2,1,1.0,6.0
201100062586,0011-06-24 17:27:00,11,6,24,17,27,750,117,"1, AVENUE DE LA PORTE D",,,Plein jour,En agglomération,Intersection en X,Normale,Deux véhicules - côté,,,,,,,,,,,1,2,2,1.0,3.0
201100062587,0011-06-24 20:00:00,11,6,24,20,0,750,117,BOULEVARD PERIPHERIQUE E,,,Nuit avec éclairage allumé,En agglomération,Hors intersection,Normale,Deux véhicules - arrière,,,,,,,,,,,5,2,1,1.0,2.0
201100062588,0011-06-25 22:30:00,11,6,25,22,30,750,117,RUE DE TOCQUEVILLE,,,Nuit avec éclairage allumé,En agglomération,Intersection en X,Normale,Deux véhicules - frontale,,,,,,,,,,,5,2,2,1.0,1.0
201100062589,0011-06-28 15:15:00,11,6,28,15,15,750,108,"71, RUE D AMSTERDAM",,,Plein jour,En agglomération,Hors intersection,Normale,Autre collision,,,,,,,,,,,1,2,1,1.0,6.0
201100062590,0011-06-28 20:50:00,11,6,28,20,50,750,117,"88, AVENUE DE CLICHY",,,Plein jour,En agglomération,Intersection en X,Normale,Deux véhicules - côté,,,,,,,,,,,1,2,2,1.0,3.0
201100062591,0011-06-29 01:05:00,11,6,29,1,5,750,117,BOULEVARD PEREIRE,,,Nuit avec éclairage allumé,En agglomération,Intersection à plus de 4 branches,Normale,Deux véhicules - côté,,,,,,,,,,,5,2,5,1.0,3.0
201100062592,0011-06-30 18:00:00,11,6,30,18,0,750,117,"91, AVENUE DE CLICHY",,,Plein jour,En agglomération,Hors intersection,Normale,Sans collision,,,,,,,,,,,1,2,1,1.0,7.0
201100062593,0011-07-01 09:00:00,11,7,1,9,0,750,117,"7, AVENUE DE LA PORTE DE",,,Plein jour,En agglomération,Intersection en X,Normale,Deux véhicules - côté,,,,,,,,,,,1,2,2,1.0,3.0
201100062594,0011-07-01 09:15:00,11,7,1,9,15,750,117,"156, RUE DE COURCELLES",,,Plein jour,En agglomération,Intersection en T,Normale,Deux véhicules - côté,,,,,,,,,,,1,2,3,1.0,3.0
201100062595,0011-07-01 19:15:00,11,7,1,19,15,750,116,"01, AVENUE INGRES",,,Plein jour,En agglomération,Intersection à plus de 4 branches,Normale,Sans collision,,,,,,,,,,,1,2,5,1.0,7.0
201100062596,0011-07-03 05:20:00,11,7,3,5,20,750,117,AVENUE DE CLICHY,,,Crépuscule ou aube,En agglomération,Intersection à plus de 4 branches,Normale,Deux véhicules - côté,,,,,,,,,,,2,2,5,1.0,3.0
201100062597,0011-07-04 12:25:00,11,7,4,12,25,750,117,"42, BOULEVARD BESSIERES",,,Plein jour,En agglomération,Intersection à plus de 4 branches,Normale,Deux véhicules - côté,,,,,,,,,,,1,2,5,1.0,3.0
201100062598,0011-07-05 11:20:00,11,7,5,11,20,750,117,"79, AVENUE DE SAINT OUEN",,,Plein jour,En agglomération,Hors intersection,Normale,Sans collision,,,,,,,,,,,1,2,1,1.0,7.0
201100062599,0011-07-06 13:30:00,11,7,6,13,30,750,117,RUE CARDINET,,,Plein jour,En agglomération,Intersection en T,Normale,Autre collision,,,,,,,,,,,1,2,3,1.0,6.0
201100062600,0011-07-07 20:00:00,11,7,7,20,0,750,117,"2, AVENUE DES TERNES",,,Plein jour,En agglomération,Hors intersection,Normale,Sans collision,,,,,,,,,,,1,2,1,1.0,7.0
201100062601,0011-07-10 00:35:00,11,7,10,0,35,750,117,"22, AVENUE DE LA GRANDE",,,Nuit avec éclairage allumé,En agglomération,Intersection en T,Normale,Deux véhicules - côté,,,,,,,,,,,5,2,3,1.0,3.0
201100062602,0011-07-11 11:55:00,11,7,11,11,55,750,117,PLACE GENERAL CATROUX,,,Plein jour,En agglomération,Intersection à plus de 4 branches,Normale,Deux véhicules - côté,,,,,,,,,,,1,2,5,1.0,3.0
201100062603,0011-07-14 14:57:00,11,7,14,14,57,750,117,RUE PIERRE DEMOURS,,,Plein jour,En agglomération,Intersection en X,Normale,Autre collision,,,,,,,,,,,1,2,2,1.0,6.0
201100062604,0011-07-15 15:55:00,11,7,15,15,55,750,117,"122, BOULEVARD PEREIRE",,,Plein jour,En agglomération,Place,Normale,Deux véhicules - côté,,,,,,,,,,,1,2,7,1.0,3.0
201100062605,0011-07-18 22:34:00,11,7,18,22,34,750,117,"1, AVENUE CARNOT",,,Nuit avec éclairage allumé,En agglomération,Intersection à plus de 4 branches,Normale,Deux véhicules - côté,,,,,,,,,,,5,2,5,1.0,3.0
201100062606,0011-07-19 07:00:00,11,7,19,7,0,750,117,"45, AVENUE DE SAINT OUEN",,,Crépuscule ou aube,En agglomération,Intersection en X,Pluie légère,Deux véhicules - côté,,,,,,,,,,,2,2,2,2.0,3.0
201100062607,0011-07-19 16:55:00,11,7,19,16,55,750,117,"104, BOULEVARD DE COURCE",,,Plein jour,En agglomération,Intersection en T,Pluie légère,Deux véhicules - arrière,,,,,,,,,,,1,2,3,2.0,2.0
201100062608,0011-07-20 11:40:00,11,7,20,11,40,750,117,"109, RUE LEGENDRE",,,Plein jour,En agglomération,Hors intersection,Temps couvert,Autre collision,,,,,,,,,,,1,2,1,8.0,6.0
201100062609,0011-07-23 20:00:00,11,7,23,20,0,750,117,"66B, AVENUE DE VILLIERS",,,Plein jour,En agglomération,Hors intersection,Normale,Deux véhicules - frontale,,,,,,,,,,,1,2,1,1.0,1.0
201100062610,0011-07-25 19:40:00,11,7,25,19,40,750,117,"50, AVENUE DES TERNES",,,Plein jour,En agglomération,Hors intersection,Normale,Deux véhicules - arrière,,,,,,,,,,,1,2,1,1.0,2.0
201100062611,0011-07-27 01:20:00,11,7,27,1,20,750,117,AVENUE DE SAINT OUEN,,,Nuit avec éclairage allumé,En agglomération,Intersection à plus de 4 branches,Normale,Deux véhicules - côté,,,,,,,,,,,5,2,5,1.0,3.0
201100062612,0011-07-27 14:20:00,11,7,27,14,20,750,117,"81, BOULEVARD GOUVION SA",,,Plein jour,En agglomération,Hors intersection,Normale,Sans collision,,,,,,,,,,,1,2,1,1.0,7.0
201100062613,0011-07-27 15:30:00,11,7,27,15,30,750,117,"8, AVENUE DES TERNES",,,Plein jour,En agglomération,Hors intersection,Pluie légère,Deux véhicules - côté,,,,,,,,,,,1,2,1,2.0,3.0
201100062614,0011-07-27 15:15:00,11,7,27,15,15,750,117,AVENUE DE LA PORTE D ASN,,,Plein jour,En agglomération,Intersection à plus de 4 branches,Pluie légère,Deux véhicules - côté,,,,,,,,,,,1,2,5,2.0,3.0
201100062615,0011-07-29 15:30:00,11,7,29,15,30,750,117,RUE RENNEQUIN,,,Plein jour,En agglomération,Intersection en T,Normale,Autre collision,,,,,,,,,,,1,2,3,1.0,6.0
201100062616,0011-07-29 19:16:00,11,7,29,19,16,750,117,"66, RUE LA CONDAMINE",,,Plein jour,En agglomération,Hors intersection,Normale,Autre collision,,,,,,,,,,,1,2,1,1.0,6.0
201100062617,0011-07-31 21:20:00,11,7,31,21,20,750,117,"36, AVENUE NIEL",,,Crépuscule ou aube,En agglomération,Intersection à plus de 4 branches,Normale,Autre collision,,,,,,,,,,,2,2,5,1.0,6.0
201100062618,0011-08-02 11:50:00,11,8,2,11,50,750,117,"6, PLACE DES TERNES",,,Plein jour,En agglomération,Place,Normale,Deux véhicules - côté,,,,,,,,,,,1,2,7,1.0,3.0
201100062619,0011-08-02 14:40:00,11,8,2,14,40,750,117,"173, AVENUE DE CLICHY",,,Plein jour,En agglomération,Intersection en Y,Normale,Deux véhicules - côté,,,,,,,,,,,1,2,4,1.0,3.0
201100062620,0011-08-03 06:40:00,11,8,3,6,40,750,117,"181, AVENUE DE CLICHY",,,Crépuscule ou aube,En agglomération,Hors intersection,Pluie légère,Autre collision,,,,,,,,,,,2,2,1,2.0,6.0
201100062621,0011-08-04 00:20:00,11,8,4,0,20,750,117,AVENUE DE VILLIERS,,,Nuit avec éclairage allumé,En agglomération,Place,Normale,Deux véhicules - côté,,,,,,,,,,,5,2,7,1.0,3.0
201100062622,0011-08-04 10:20:00,11,8,4,10,20,750,117,RUE TOULOUSE LAUTREC,,,Plein jour,En agglomération,Intersection en Y,Normale,Deux véhicules - côté,,,,,,,,,,,1,2,4,1.0,3.0
201100062623,0011-08-06 12:30:00,11,8,6,12,30,750,117,"26, RUE PONCELET",,,Plein jour,En agglomération,Intersection en X,Normale,Autre collision,,,,,,,,,,,1,2,2,1.0,6.0
201100062624,0011-08-08 13:25:00,11,8,8,13,25,750,117,"88, AVENUE DE WAGRAM",,,Plein jour,En agglomération,Hors intersection,Pluie légère,Deux véhicules - arrière,,,,,,,,,,,1,2,1,2.0,2.0
201100062625,0011-08-08 20:10:00,11,8,8,20,10,750,117,RUE NOLLET,,,Nuit avec éclairage allumé,En agglomération,Intersection en X,Normale,Autre collision,,,,,,,,,,,5,2,2,1.0,6.0