accident_id,datetime,annee,mois,jour,heure,minute,departement,commune_insee,adresse,latitude,longitude,luminosite,agglomeration,intersection,meteo,collision,nb_vehicules,nb_usagers,nb_indemnes,nb_tues,nb_blesses_hosp,nb_blesses_legers,age_cond_1,age_cond_2,veh_type_cond_1,veh_type_cond_2,lum_code,agg_code,int_code,atm_code,col_code
201100062626,0011-08-10 00:20:00,11,8,10,0,20,750,117,AVENUE DE LA PORTE D ASN,,,Nuit avec éclairage allumé,En agglomération,Intersection en Y,Normale,Deux véhicules - côté,,,,,,,,,,,5,2,4,1.0,3.0
201100062627,0011-08-10 12:00:00,11,8,10,12,0,750,117,PLACE CHARLES FILLION,,,Plein jour,En agglomération,Place,Normale,Deux véhicules - côté,,,,,,,,,,,1,2,7,1.0,3.0
201100062628,0011-08-10 19:00:00,11,8,10,19,0,750,117,"100, RUE PIERRE DEMOURS",,,Plein jour,En agglomération,Intersection à plus de 4 branches,Normale,Autre collision,,,,,,,,,,,1,2,5,1.0,6.0
201100062629,0011-08-12 19:00:00,11,8,12,19,0,750,117,"10, BOULEVARD BERTHIER",,,Plein jour,En agglomération,Intersection en T,Normale,Deux véhicules - côté,,,,,,,,,,,1,2,3,1.0,3.0
201100062630,0011-08-15 06:15:00,11,8,15,6,15,750,117,"81, BOULEVARD GOUVION SA",,,Crépuscule ou aube,En agglomération,Hors intersection,Normale,Autre collision,,,,,,,,,,,2,2,1,1.0,6.0
201100062631,0011-08-16 12:40:00,11,8,16,12,40,750,117,RUE LEGENDRE,,,Plein jour,En agglomération,Intersection en X,Normale,Sans collision,,,,,,,,,,,1,2,2,1.0,7.0
201100062632,0011-08-21 18:30:00,11,8,21,18,30,750,117,"28, RUE GUY MOQUET",,,Plein jour,En agglomération,Intersection à plus de 4 branches,Normale,Autre collision,,,,,,,,,,,1,2,5,1.0,6.0
201100062633,0011-08-24 15:00:00,11,8,24,15,0,750,117,RUE DE TOCQUEVILLE,,,Plein jour,En agglomération,Intersection en X,Normale,Autre collision,,,,,,,,,,,1,2,2,1.0,6.0
201100062634,0011-08-24 20:00:00,11,8,24,20,0,750,117,"34, AVENUE DE VILLIERS",,,Plein jour,En agglomération,Intersection à plus de 4 branches,Normale,Autre collision,,,,,,,,,,,1,2,5,1.0,6.0
201100062635,0011-08-25 09:20:00,11,8,25,9,20,750,117,"face 173, AVENUE DE LA P",,,Plein jour,En agglomération,Intersection en T,Normale,Deux véhicules - côté,,,,,,,,,,,1,2,3,1.0,3.0
201100062636,0011-08-25 09:05:00,11,8,25,9,5,750,116,"2, PLACE DE LA PORTE MAI",,,Plein jour,En agglomération,Hors intersection,Normale,Trois véhicules et plus - en chaîne,,,,,,,,,,,1,2,1,1.0,4.0
201100062637,0011-08-25 19:10:00,11,8,25,19,10,750,116,"3, RUE DE L AMIRAL CLOUE",,,Plein jour,En agglomération,Intersection en T,Normale,Deux véhicules - côté,,,,,,,,,,,1,2,3,1.0,3.0
201100062638,0011-08-27 03:30:00,11,8,27,3,30,750,117,BOULEVARD BERTHIER,,,Nuit avec éclairage non allumé,En agglomération,Intersection à plus de 4 branches,Pluie légère,Deux véhicules - côté,,,,,,,,,,,4,2,5,2.0,3.0
201100062639,0011-08-27 22:15:00,11,8,27,22,15,750,117,"4, PLACE DU MARECHAL JUI",,,Nuit avec éclairage allumé,En agglomération,Place,Normale,Deux véhicules - côté,,,,,,,,,,,5,2,7,1.0,3.0
201100062640,0011-08-29 12:50:00,11,8,29,12,50,750,117,"5, AVENUE DE LA PORTE DE",,,Plein jour,En agglomération,Intersection à plus de 4 branches,Normale,Deux véhicules - côté,,,,,,,,,,,1,2,5,1.0,3.0
201100062641,0011-08-31 18:10:00,11,8,31,18,10,750,117,"41, RUE GUY MOQUET",,,Plein jour,En agglomération,Intersection en Y,Normale,Sans collision,,,,,,,,,,,1,2,4,1.0,7.0
201100062642,0011-09-01 02:40:00,11,9,1,2,40,750,117,"148, BOULEVARD MALESHERB",,,Nuit avec éclairage allumé,En agglomération,Intersection en T,Normale,Autre collision,,,,,,,,,,,5,2,3,1.0,6.0
201100062643,0011-09-01 11:30:00,11,9,1,11,30,750,108,"68, BOULEVARD DE COURCEL",,,Plein jour,En agglomération,Hors intersection,Normale,Trois véhicules et plus - en chaîne,,,,,,,,,,,1,2,1,1.0,4.0
201100062644,0011-09-02 14:07:00,11,9,2,14,7,750,117,"30, BOULEVARD GOUVION SA",,,Plein jour,En agglomération,Intersection en X,Normale,Autre collision,,,,,,,,,,,1,2,2,1.0,6.0
201100062645,0011-09-02 13:55:00,11,9,2,13,55,750,117,"22, RUE DE TOCQUEVILLE",,,Plein jour,En agglomération,Intersection à plus de 4 branches,Normale,Deux véhicules - côté,,,,,,,,,,,1,2,5,1.0,3.0
201100062646,0011-09-03 18:30:00,11,9,3,18,30,750,117,"22, BOULEVARD PERSHING",,,Plein jour,En agglomération,Hors intersection,Normale,Autre collision,,,,,,,,,,,1,2,1,1.0,6.0
201100062647,0011-09-05 07:50:00,11,9,5,7,50,750,117,BOULEVARD DE DOUAUMONT,,,Plein jour,En agglomération,Hors intersection,Normale,Autre collision,,,,,,,,,,,1,2,1,1.0,6.0
201100062648,0011-09-05 10:10:00,11,9,5,10,10,750,117,"22, AVENUE DE LA GRANDE",,,Plein jour,En agglomération,Intersection à plus de 4 branches,Normale,Trois véhicules et plus - collisions multiples,,,,,,,,,,,1,2,5,1.0,5.0
201100062649,0011-09-05 16:00:00,11,9,5,16,0,750,117,"22, RUE DES DAMES",,,Plein jour,En agglomération,Intersection en T,Normale,Autre collision,,,,,,,,,,,1,2,3,1.0,6.0
201100062650,0011-09-05 16:55:00,11,9,5,16,55,750,117,BOULEVARD DE REIMS,,,Plein jour,En agglomération,Intersection à plus de 4 branches,Normale,Deux véhicules - côté,,,,,,,,,,,1,2,5,1.0,3.0
201100062651,0011-09-06 18:40:00,11,9,6,18,40,750,117,"40, AVENUE DE VILLIERS",,,Plein jour,En agglomération,Place,Normale,Autre collision,,,,,,,,,,,1,2,7,1.0,6.0
201100062652,0011-09-07 19:05:00,11,9,7,19,5,750,117,"2, RUE EMILE BOREL",,,Plein jour,En agglomération,Intersection en X,Normale,Autre collision,,,,,,,,,,,1,2,2,1.0,6.0
201100062653,0011-09-08 09:45:00,11,9,8,9,45,750,117,"/, BOULEVARD PERIPHERIQU",,,Plein jour,En agglomération,Hors intersection,Normale,Deux véhicules - côté,,,,,,,,,,,1,2,1,1.0,3.0
201100062654,0011-09-08 09:00:00,11,9,8,9,0,750,117,BOULEVARD DE REIMS,,,Plein jour,En agglomération,Intersection à plus de 4 branches,Normale,Autre collision,,,,,,,,,,,1,2,5,1.0,6.0
201100062655,0011-09-08 19:20:00,11,9,8,19,20,750,117,"180, RUE DE COURCELLES",,,Crépuscule ou aube,En agglomération,Hors intersection,Normale,Autre collision,,,,,,,,,,,2,2,1,1.0,6.0
201100062656,0011-09-09 16:50:00,11,9,9,16,50,750,117,BOULEVARD PERIPHERIQUE I,,,Plein jour,En agglomération,Hors intersection,Normale,Trois véhicules et plus - en chaîne,,,,,,,,,,,1,2,1,1.0,4.0
201100062657,0011-09-11 14:00:00,11,9,11,14,0,750,117,"126, BOULEVARD MALESHERB",,,Plein jour,En agglomération,Hors intersection,Pluie légère,Autre collision,,,,,,,,,,,1,2,1,2.0,6.0
201100062658,0011-09-11 14:00:00,11,9,11,14,0,750,117,"97, BOULEVARD GOUVION SA",,,Plein jour,En agglomération,Hors intersection,Pluie légère,Sans collision,,,,,,,,,,,1,2,1,2.0,7.0
201100062659,0011-09-12 15:10:00,11,9,12,15,10,750,117,"/, RUE POUCHET",,,Plein jour,En agglomération,Intersection en X,Normale,Deux véhicules - côté,,,,,,,,,,,1,2,2,1.0,3.0
201100062660,0011-09-13 10:15:00,11,9,13,10,15,750,117,"19, AVENUE BRUNETIERE",,,Plein jour,En agglomération,Intersection en X,Normale,Deux véhicules - côté,,,,,,,,,,,1,2,2,1.0,3.0
201100062661,0011-09-13 19:45:00,11,9,13,19,45,750,117,"1, RUE ERNEST ROCHE",,,Plein jour,En agglomération,Intersection en X,Normale,Deux véhicules - frontale,,,,,,,,,,,1,2,2,1.0,1.0
201100062662,0011-09-14 10:45:00,11,9,14,10,45,750,117,"2, RUE MARGUERITTE",,,Plein jour,En agglomération,Hors intersection,Normale,Autre collision,,,,,,,,,,,1,2,1,1.0,6.0
201100062663,0011-09-14 18:50:00,11,9,14,18,50,750,117,"228, RUE DE COURCELLES",,,Plein jour,En agglomération,Hors intersection,Normale,Deux véhicules - arrière,,,,,,,,,,,1,2,1,1.0,2.0
201100062664,0011-09-17 08:35:00,11,9,17,8,35,750,117,"624, RUE DE TOCQUEVILLE",,,Plein jour,En agglomération,Intersection en T,Normale,Autre collision,,,,,,,,,,,1,2,3,1.0,6.0
201100062665,0011-09-17 16:00:00,11,9,17,16,0,750,117,"03, BOULEVARD DE L YSER",,,Plein jour,En agglomération,Intersection à plus de 4 branches,Normale,Sans collision,,,,,,,,,,,1,2,5,1.0,7.0
201100062666,0011-09-19 03:50:00,11,9,19,3,50,750,117,"72, AVENUE DE VILLIERS",,,Nuit avec éclairage allumé,En agglomération,Place,Normale,Autre collision,,,,,,,,,,,5,2,7,1.0,6.0
201100062667,0011-09-15 20:30:00,11,9,15,20,30,750,117,"87, RUE JOUFFROY D ABBAN",,,Nuit avec éclairage allumé,En agglomération,Intersection en X,Normale,Deux véhicules - arrière,,,,,,,,,,,5,2,2,1.0,2.0
201100062668,0011-09-21 15:20:00,11,9,21,15,20,750,117,"68, BOULEVARD DE COURCEL",,,Plein jour,En agglomération,Hors intersection,Normale,Deux véhicules - arrière,,,,,,,,,,,1,2,1,1.0,2.0
201100062669,0011-09-21 15:50:00,11,9,21,15,50,750,117,"142, AVENUE DE CLICHY",,,Plein jour,En agglomération,Intersection en T,Normale,Deux véhicules - côté,,,,,,,,,,,1,2,3,1.0,3.0
201100062670,0011-09-21 19:30:00,11,9,21,19,30,750,117,AVENUE DE LA PORTE DE CL,,,Crépuscule ou aube,En agglomération,Intersection à plus de 4 branches,Normale,Deux véhicules - côté,,,,,,,,,,,2,2,5,1.0,3.0
201100062671,0011-09-22 19:20:00,11,9,22,19,20,750,117,"2, RUE AMPERE",,,Crépuscule ou aube,En agglomération,Place,Normale,Autre collision,,,,,,,,,,,2,2,7,1.0,6.0
201100062672,0011-09-24 13:24:00,11,9,24,13,24,750,117,"87, RUE DE LEVIS",,,Plein jour,En agglomération,Hors intersection,Normale,Deux véhicules - arrière,,,,,,,,,,,1,2,1,1.0,2.0
201100062673,0011-09-24 12:30:00,11,9,24,12,30,750,117,"45, BOULEVARD BESSIERES",,,Plein jour,En agglomération,Intersection à plus de 4 branches,Normale,Deux véhicules - arrière,,,,,,,,,,,1,2,5,1.0,2.0
201100062674,0011-09-24 16:30:00,11,9,24,16,30,750,117,AVENUE DE NEUILLY,,,Plein jour,En agglomération,Place,Normale,Deux véhicules - arrière,,,,,,,,,,,1,2,7,1.0,2.0
201100062675,0011-09-25 04:15:00,11,9,25,4,15,750,117,AVENUE DE LA PORTE D ASN,,,Nuit avec éclairage allumé,En agglomération,Intersection en X,Normale,Deux véhicules - côté,,,,,,,,,,,5,2,2,1.0,3.0
201100062676,0011-09-26 08:45:00,11,9,26,8,45,750,117,"9, AVENUE DE LA PORTE DE",,,Plein jour,En agglomération,Hors intersection,Normale,Trois véhicules et plus - collisions multiples,,,,,,,,,,,1,2,1,1.0,5.0
201100062677,0011-09-26 11:55:00,11,9,26,11,55,750,117,AVENUE DE SAINT OUEN,,,Plein jour,En agglomération,Intersection en T,Normale,Deux véhicules - côté,,,,,,,,,,,1,2,3,1.0,3.0
201100062678,0011-09-26 11:40:00,11,9,26,11,40,750,117,AVENUE DE LA PORTE DE CL,,,Plein jour,En agglomération,Intersection à plus de 4 branches,Normale,Deux véhicules - côté,,,,,,,,,,,1,2,5,1.0,3.0
201100062679,0011-09-26 13:50:00,11,9,26,13,50,750,117,"113, AVENUE DE VILLIERS",,,Plein jour,En agglomération,Hors intersection,Normale,Autre collision,,,,,,,,,,,1,2,1,1.0,6.0
201100062680,0011-09-26 16:20:00,11,9,26,16,20,750,117,"80, BOULEVARD DES BATIGN",,,Plein jour,En agglomération,Intersection en T,Normale,Autre collision,,,,,,,,,,,1,2,3,1.0,6.0
201100062681,0011-09-26 16:25:00,11,9,26,16,25,750,117,BOULEVARD MALESHERBES,,,Plein jour,En agglomération,Place,Normale,Deux véhicules - côté,,,,,,,,,,,1,2,7,1.0,3.0
201100062682,0011-09-26 18:30:00,11,9,26,18,30,750,117,"89, AVENUE DE WAGRAM",,,Plein jour,En agglomération,Hors intersection,Normale,Sans collision,,,,,,,,,,,1,2,1,1.0,7.0
201100062683,0011-09-27 07:50:00,11,9,27,7,50,750,117,"57, RUE POUCHET",,,Plein jour,En agglomération,Hors intersection,Normale,Sans collision,,,,,,,,,,,1,2,1,1.0,7.0
201100062684,0011-09-27 09:50:00,11,9,27,9,50,750,116,"19, AVENUE DE LA GRANDE",,,Plein jour,En agglomération,Intersection en T,Normale,Deux véhicules - arrière,,,,,,,,,,,1,2,3,1.0,2.0
201100062685,0011-09-27 08:55:00,11,9,27,8,55,750,117,"0, BOULEVARD MALESHERBES",,,Plein jour,En agglomération,Intersection en X,Normale,Autre collision,,,,,,,,,,,1,2,2,1.0,6.0
201100062686,0011-09-27 14:15:00,11,9,27,14,15,750,117,BOULEVARD DE REIMS,,,Plein jour,En agglomération,Hors intersection,Normale,Autre collision,,,,,,,,,,,1,2,1,1.0,6.0
201100062687,0011-09-27 17:10:00,11,9,27,17,10,750,117,PLACE PAUL LEAUTAUD,,,Plein jour,En agglomération,Place,Normale,Deux véhicules - arrière,,,,,,,,,,,1,2,7,1.0,2.0
201100062688,0011-09-28 16:00:00,11,9,28,16,0,750,117,"83, AVENUE DE WAGRAM",,,Plein jour,En agglomération,Hors intersection,Normale,Autre collision,,,,,,,,,,,1,2,1,1.0,6.0
201100062689,0011-09-28 21:00:00,11,9,28,21,0,750,117,"78, RUE DE LA JONQUIERE",,,Nuit avec éclairage allumé,En agglomération,Hors intersection,Normale,Autre collision,,,,,,,,,,,5,2,1,1.0,6.0
201100062690,0011-09-28 23:30:00,11,9,28,23,30,750,117,"163, BOULEVARD MALESHERB",,,Nuit avec éclairage allumé,En agglomération,Intersection en T,Normale,Deux véhicules - frontale,,,,,,,,,,,5,2,3,1.0,1.0
201100062691,0011-09-29 10:30:00,11,9,29,10,30,750,117,"02, PLACE DE LA PORTE MA",,,Plein jour,En agglomération,Hors intersection,Normale,Deux véhicules - côté,,,,,,,,,,,1,2,1,1.0,3.0
201100062692,0011-09-29 12:40:00,11,9,29,12,40,750,117,"/, RUE DE LA TERRASSE",,,Plein jour,En agglomération,Intersection en T,Normale,Deux véhicules - côté,,,,,,,,,,,1,2,3,1.0,3.0
201100062693,0011-09-29 13:20:00,11,9,29,13,20,750,117,"10, RUE EDOUARD DETAILLE",,,Plein jour,En agglomération,Intersection en X,Normale,Autre collision,,,,,,,,,,,1,2,2,1.0,6.0
201100062694,0011-09-29 15:00:00,11,9,29,15,0,750,117,"27, AVENUE MAC MAHON",,,Plein jour,En agglomération,Intersection en Y,Normale,Deux véhicules - arrière,,,,,,,,,,,1,2,4,1.0,2.0
201100062695,0011-09-29 20:15:00,11,9,29,20,15,750,117,"8, AVENUE DE VILLIERS",,,Nuit avec éclairage allumé,En agglomération,Place,Normale,Deux véhicules - frontale,,,,,,,,,,,5,2,7,1.0,1.0
201100062696,0011-09-30 18:35:00,11,9,30,18,35,750,117,"76, AVENUE DE WAGRAM",,,Plein jour,En agglomération,Intersection à plus de 4 branches,Normale,Deux véhicules - côté,,,,,,,,,,,1,2,5,1.0,3.0
201100062697,0011-09-30 20:25:00,11,9,30,20,25,750,117,"178, RUE DE COURCELLES",,,Nuit avec éclairage allumé,En agglomération,Hors intersection,Normale,Autre collision,,,,,,,,,,,5,2,1,1.0,6.0
201100062698,0011-10-01 19:40:00,11,10,1,19,40,750,117,"55, RUE AMPERE",,,Nuit avec éclairage allumé,En agglomération,Intersection en Y,Normale,Deux véhicules - arrière,,,,,,,,,,,5,2,4,1.0,2.0
201100062699,0011-10-05 19:45:00,11,10,5,19,45,750,117,"42, BOULEVARD BESSIERES",,,Nuit avec éclairage allumé,En agglomération,Intersection à plus de 4 branches,Normale,Deux véhicules - côté,,,,,,,,,,,5,2,5,1.0,3.0
201100062700,0011-10-06 08:50:00,11,10,6,8,50,750,117,"23, AVENUE DE SAINT OUEN",,,Plein jour,En agglomération,Hors intersection,Pluie légère,Autre collision,,,,,,,,,,,1,2,1,2.0,6.0
201100062701,0011-10-07 09:30:00,11,10,7,9,30,750,117,"100, AVENUE DES TERNES",,,Plein jour,En agglomération,Hors intersection,Normale,Deux véhicules - arrière,,,,,,,,,,,1,2,1,1.0,2.0
201100062702,0011-10-07 14:20:00,11,10,7,14,20,750,117,"73, AVENUE DE VILLIERS",,,Plein jour,En agglomération,Place,Pluie légère,Sans collision,,,,,,,,,,,1,2,7,2.0,7.0
201100062703,0011-10-07 17:25:00,11,10,7,17,25,750,117,"4, PLACE DE LA REPUBLIQU",,,Crépuscule ou aube,En agglomération,Place,Temps couvert,Deux véhicules - arrière,,,,,,,,,,,2,2,7,8.0,2.0
201100062704,0011-10-09 15:30:00,11,10,9,15,30,750,117,"1, BOULEVARD DE REIMS",,,Plein jour,En agglomération,Intersection à plus de 4 branches,Pluie légère,Autre collision,,,,,,,,,,,1,2,5,2.0,6.0
201100062705,0011-10-10 20:36:00,11,10,10,20,36,750,117,"26, RUE GUSTAVE CHARPENT",,,Nuit avec éclairage allumé,En agglomération,Place,Temps couvert,Deux véhicules - côté,,,,,,,,,,,5,2,7,8.0,3.0
201100062706,0011-10-12 09:57:00,11,10,12,9,57,750,117,RUE BROCHANT,,,Plein jour,En agglomération,Intersection en X,Normale,Deux véhicules - côté,,,,,,,,,,,1,2,2,1.0,3.0
201100062707,0011-10-13 04:20:00,11,10,13,4,20,750,117,"118, RUE DE COURCELLES",,,Nuit avec éclairage allumé,En agglomération,Hors intersection,Normale,Autre collision,,,,,,,,,,,5,2,1,1.0,6.0
201100062708,0011-10-14 09:50:00,11,10,14,9,50,750,117,"7, RUE DU DOBROPOL",,,Plein jour,En agglomération,Hors intersection,Normale,Deux véhicules - côté,,,,,,,,,,,1,2,1,1.0,3.0
201100062709,0011-10-14 12:20:00,11,10,14,12,20,750,117,"92, RUE LAUGIER",,,Plein jour,En agglomération,Intersection à plus de 4 branches,Normale,Autre collision,,,,,,,,,,,1,2,5,1.0,6.0
201100062710,0011-10-15 20:00:00,11,10,15,20,0,750,117,"14, PLACE DE CLICHY",,,Nuit avec éclairage allumé,En agglomération,Place,Normale,Deux véhicules - frontale,,,,,,,,,,,5,2,7,1.0,1.0
201100062711,0011-10-15 20:25:00,11,10,15,20,25,750,117,"90, AVENUE DE VILLIERS",,,Nuit avec éclairage allumé,En agglomération,Hors intersection,Normale,Deux véhicules - arrière,,,,,,,,,,,5,2,1,1.0,2.0
201100062712,0011-10-16 00:30:00,11,10,16,0,30,750,117,RUE GUY MOQUET,,,Nuit avec éclairage allumé,En agglomération,Intersection en X,Normale,Autre collision,,,,,,,,,,,5,2,2,1.0,6.0
201100062713,0011-10-16 21:40:00,11,10,16,21,40,750,117,"08, BOULEVARD DE DIXMUDE",,,Nuit avec éclairage allumé,En agglomération,Intersection en T,Normale,Deux véhicules - arrière,,,,,,,,,,,5,2,3,1.0,2.0
201100062714,0011-10-17 07:04:00,11,10,17,7,4,750,117,"16, RUE BROCHANT",,,Nuit sans éclairage public,En agglomération,Intersection en X,Normale,Autre collision,,,,,,,,,,,3,2,2,1.0,6.0
201100062715,0011-10-17 20:45:00,11,10,17,20,45,750,117,"85, AVENUE NIEL",,,Nuit avec éclairage allumé,En agglomération,Intersection en Y,Normale,Deux véhicules - côté,,,,,,,,,,,5,2,4,1.0,3.0
201100062716,0011-10-18 15:05:00,11,10,18,15,5,750,117,"12, AVENUE DE LA GRANDE",,,Plein jour,En agglomération,Hors intersection,Temps couvert,Deux véhicules - côté,,,,,,,,,,,1,2,1,8.0,3.0
201100062717,0011-10-19 02:45:00,11,10,19,2,45,750,117,AVENUE PAUL ADAM,,,Nuit avec éclairage allumé,En agglomération,Intersection en Y,Pluie légère,Autre collision,,,,,,,,,,,5,2,4,2.0,6.0
201100062718,0011-10-20 08:00:00,11,10,20,8,0,750,117,"3, RUE ALFRED ROLL",,,Plein jour,En agglomération,Intersection à plus de 4 branches,Normale,Autre collision,,,,,,,,,,,1,2,5,1.0,6.0
201100062719,0011-10-20 09:25:00,11,10,20,9,25,750,117,"85, BOULEVARD GOUVION SA",,,Plein jour,En agglomération,Hors intersection,Normale,Deux véhicules - arrière,,,,,,,,,,,1,2,1,1.0,2.0
201100062720,0011-10-21 08:45:00,11,10,21,8,45,750,118,BOULEVARD PERIPHERIQUE I,,,Plein jour,En agglomération,Hors intersection,Normale,Sans collision,,,,,,,,,,,1,2,1,1.0,7.0
201100062721,0011-10-23 12:50:00,11,10,23,12,50,750,117,"32, AVENUE NIEL",,,Plein jour,En agglomération,Intersection à plus de 4 branches,Normale,Deux véhicules - arrière,,,,,,,,,,,1,2,5,1.0,2.0
201100062722,0011-10-25 11:40:00,11,10,25,11,40,750,117,"99, AVENUE NIEL",,,Plein jour,En agglomération,Place,Normale,Trois véhicules et plus - collisions multiples,,,,,,,,,,,1,2,7,1.0,5.0
201100062723,0011-10-25 15:15:00,11,10,25,15,15,750,117,"73, BOULEVARD BERTHIER",,,Plein jour,En agglomération,Intersection à plus de 4 branches,Pluie forte,Autre collision,,,,,,,,,,,1,2,5,3.0,6.0
201100062724,0011-10-26 18:22:00,11,10,26,18,22,750,117,"face16, PLACE CHARLES FI",,,Plein jour,En agglomération,Place,Normale,Deux véhicules - côté,,,,,,,,,,,1,2,7,1.0,3.0
201100062725,0011-10-26 20:00:00,11,10,26,20,0,750,117,"5, PLACE DE CLICHY",,,Nuit avec éclairage allumé,En agglomération,Place,Normale,Deux véhicules - arrière,,,,,,,,,,,5,2,7,1.0,2.0
201100062726,0011-10-27 11:05:00,11,10,27,11,5,750,117,"109, AVENUE DE SAINT OUE",,,Plein jour,En agglomération,Hors intersection,Normale,Deux véhicules - côté,,,,,,,,,,,1,2,1,1.0,3.0
201100062727,0011-10-28 09:30:00,11,10,28,9,30,750,117,"22, AVENUE DE LA GRANDE",,,Plein jour,En agglomération,Intersection en X,Normale,Deux véhicules - frontale,,,,,,,,,,,1,2,2,1.0,1.0
201100062728,0011-10-28 17:42:00,11,10,28,17,42,750,117,PLACE CHARLES DE GAULLE,,,Plein jour,En agglomération,Place,Normale,Deux véhicules - arrière,,,,,,,,,,,1,2,7,1.0,2.0
201100062729,0011-10-30 02:45:00,11,10,30,2,45,750,117,"105, BOULEVARD BESSIERES",,,Nuit avec éclairage non allumé,En agglomération,Hors intersection,Normale,Deux véhicules - côté,,,,,,,,,,,4,2,1,1.0,3.0
201100062730,0011-10-31 17:30:00,11,10,31,17,30,750,117,"5, PLACE GENERAL CATROUX",,,Nuit avec éclairage allumé,En agglomération,Place,Normale,Deux véhicules - arrière,,,,,,,,,,,5,2,7,1.0,2.0
201100062731,0011-11-02 17:00:00,11,11,2,17,0,750,117,"73, AVENUE DE SAINT OUEN",,,Crépuscule ou aube,En agglomération,Hors intersection,Normale,Deux véhicules - côté,,,,,,,,,,,2,2,1,1.0,3.0
201100062732,0011-11-02 09:25:00,11,11,2,9,25,750,117,"190, BOULEVARD MALESHERB",,,Plein jour,En agglomération,Hors intersection,Normale,Deux véhicules - côté,,,,,,,,,,,1,2,1,1.0,3.0
201100062733,0011-11-03 20:20:00,11,11,3,20,20,750,117,"75, AVENUE DE SAINT OUEN",,,Nuit avec éclairage allumé,En agglomération,Hors intersection,Pluie légère,Deux véhicules - côté,,,,,,,,,,,5,2,1,2.0,3.0
201100062734,0011-11-05 19:47:00,11,11,5,19,47,750,117,BOULEVARD DE COURCELLES,,,Nuit avec éclairage allumé,En agglomération,Place,Normale,Autre collision,,,,,,,,,,,5,2,7,1.0,6.0
201100062735,0011-11-07 13:20:00,11,11,7,13,20,750,116,PLACE DE LA PORTE MAILLO,,,Plein jour,En agglomération,Place,Temps couvert,Deux véhicules - côté,,,,,,,,,,,1,2,7,8.0,3.0
201100062736,0011-11-08 20:12:00,11,11,8,20,12,750,117,AVENUE DE LA PORTE D ASN,,,Nuit avec éclairage allumé,En agglomération,Intersection en Y,Pluie légère,Autre collision,,,,,,,,,,,5,2,4,2.0,6.0
201100062737,0011-11-09 07:05:00,11,11,9,7,5,750,117,"5, PLACE GENERAL CATROUX",,,Nuit avec éclairage allumé,En agglomération,Place,Normale,Deux véhicules - arrière,,,,,,,,,,,5,2,7,1.0,2.0
201100062738,0011-11-09 15:40:00,11,11,9,15,40,750,117,"13, AVENUE NIEL",,,Plein jour,En agglomération,Hors intersection,Normale,Autre collision,,,,,,,,,,,1,2,1,1.0,6.0
201100062739,0011-11-14 19:45:00,11,11,14,19,45,750,116,"56, BOULEVARD MURAT",,,Nuit avec éclairage allumé,En agglomération,Hors intersection,Normale,Trois véhicules et plus - en chaîne,,,,,,,,,,,5,2,1,1.0,4.0
201100062740,0011-11-15 05:10:00,11,11,15,5,10,750,117,BOULEVARD DU FORT DE VAU,,,Nuit avec éclairage allumé,En agglomération,Intersection à plus de 4 branches,Normale,Deux véhicules - côté,,,,,,,,,,,5,2,5,1.0,3.0
201100062741,0011-11-16 09:30:00,11,11,16,9,30,750,117,BOULEVARD DE DIXMUDE,,,Plein jour,En agglomération,Intersection en T,Normale,Deux véhicules - arrière,,,,,,,,,,,1,2,3,1.0,2.0
201100062742,0011-11-19 11:05:00,11,11,19,11,5,750,117,"182, AVENUE DE CLICHY",,,Plein jour,En agglomération,Hors intersection,Normale,Deux véhicules - côté,,,,,,,,,,,1,2,1,1.0,3.0
201100062743,0011-11-19 11:55:00,11,11,19,11,55,750,117,"1, PLACE DE LA PORTE MAI",,,Plein jour,En agglomération,Place,Normale,Autre collision,,,,,,,,,,,1,2,7,1.0,6.0
201100062744,0011-11-19 14:00:00,11,11,19,14,0,750,117,"16, BOULEVARD PEREIRE",,,Plein jour,En agglomération,Intersection en T,Normale,Deux véhicules - côté,,,,,,,,,,,1,2,3,1.0,3.0
201100062745,0011-11-20 03:30:00,11,11,20,3,30,750,117,"147, AVENUE DE VILLIERS",,,Nuit avec éclairage allumé,En agglomération,Intersection à plus de 4 branches,Normale,Autre collision,,,,,,,,,,,5,2,5,1.0,6.0
201100062746,0011-11-20 19:00:00,11,11,20,19,0,750,117,"27, RUE DE PRONY",,,Nuit avec éclairage allumé,En agglomération,Intersection en T,Normale,Deux véhicules - côté,,,,,,,,,,,5,2,3,1.0,3.0
201100062747,0011-11-20 20:50:00,11,11,20,20,50,750,117,"94, BOULEVARD MALESHERBE",,,Nuit avec éclairage allumé,En agglomération,Hors intersection,Normale,Deux véhicules - arrière,,,,,,,,,,,5,2,1,1.0,2.0
201100062748,0011-11-22 20:10:00,11,11,22,20,10,750,117,"25, AVENUE DE VILLIERS",,,Nuit avec éclairage non allumé,En agglomération,Hors intersection,Normale,Deux véhicules - côté,,,,,,,,,,,4,2,1,1.0,3.0
201100062749,0011-11-24 15:00:00,11,11,24,15,0,750,117,"96, RUE DE TOCQUEVILLE",,,Plein jour,En agglomération,Intersection en T,Normale,Deux véhicules - côté,,,,,,,,,,,1,2,3,1.0,3.0
201100062750,0011-11-28 09:30:00,11,11,28,9,30,750,117,", RUE LA CONDAMINE",,,Plein jour,En agglomération,Intersection en X,Normale,Autre collision,,,,,,,,,,,1,2,2,1.0,6.0