accident_id,datetime,annee,mois,jour,heure,minute,departement,commune_insee,adresse,latitude,longitude,luminosite,agglomeration,intersection,meteo,collision,nb_vehicules,nb_usagers,nb_indemnes,nb_tues,nb_blesses_hosp,nb_blesses_legers,age_cond_1,age_cond_2,veh_type_cond_1,veh_type_cond_2,lum_code,agg_code,int_code,atm_code,col_code
201100063129,0011-11-25 19:00:00,11,11,25,19,0,750,118,"0, PLACE DE LA CHAPELLE",,,Nuit avec éclairage allumé,En agglomération,Intersection en X,Normale,Deux véhicules - côté,,,,,,,,,,,5,2,2,1.0,3.0
201100063130,0011-11-26 03:50:00,11,11,26,3,50,750,118,"101, BOULEVARD NEY",,,Nuit avec éclairage allumé,En agglomération,Hors intersection,Normale,Deux véhicules - arrière,,,,,,,,,,,5,2,1,1.0,2.0
201100063131,0011-11-26 20:10:00,11,11,26,20,10,750,118,"55, BOULEVARD ORNANO",,,Nuit avec éclairage allumé,En agglomération,Hors intersection,Normale,Deux véhicules - arrière,,,,,,,,,,,5,2,1,1.0,2.0
201100063132,0011-11-26 13:15:00,11,11,26,13,15,750,118,"02, BOULEVARD DE ROCHECH",,,Plein jour,En agglomération,Hors intersection,Normale,Autre collision,,,,,,,,,,,1,2,1,1.0,6.0
201100063133,0011-11-29 05:00:00,11,11,29,5,0,750,118,BOULEVARD NEY,,,Nuit avec éclairage allumé,En agglomération,Intersection en X,Normale,Deux véhicules - arrière,,,,,,,,,,,5,2,2,1.0,2.0
201100063134,0011-11-29 09:56:00,11,11,29,9,56,750,118,"72, RUE DE LA CHAPELLE",,,Plein jour,En agglomération,Place,Normale,Trois véhicules et plus - collisions multiples,,,,,,,,,,,1,2,7,1.0,5.0
201100063135,0011-11-30 13:00:00,11,11,30,13,0,750,118,"77, BOULEVARD ORNANO",,,Plein jour,En agglomération,Hors intersection,Normale,Autre collision,,,,,,,,,,,1,2,1,1.0,6.0
201100063136,0011-12-01 20:20:00,11,12,1,20,20,750,118,"4, RUE MARX DORMOY",,,Nuit avec éclairage allumé,En agglomération,Hors intersection,Normale,Deux véhicules - côté,,,,,,,,,,,5,2,1,1.0,3.0
201100063137,0011-12-01 21:50:00,11,12,1,21,50,750,118,BOULEVARD ORNANO,,,Nuit avec éclairage allumé,En agglomération,Intersection en Y,Normale,Deux véhicules - côté,,,,,,,,,,,5,2,4,1.0,3.0
201100063138,0011-12-02 09:55:00,11,12,2,9,55,750,118,"67, RUE MYRHA",,,Plein jour,En agglomération,Intersection en X,Normale,Autre collision,,,,,,,,,,,1,2,2,1.0,6.0
201100063139,0011-12-02 15:40:00,11,12,2,15,40,750,118,"32, BOULEVARD DE ROCHECH",,,Plein jour,En agglomération,Hors intersection,Normale,Deux véhicules - arrière,,,,,,,,,,,1,2,1,1.0,2.0
201100063140,0011-12-02 16:20:00,11,12,2,16,20,750,118,"28, RUE ORDENER",,,Crépuscule ou aube,En agglomération,Hors intersection,Normale,Deux véhicules - arrière,,,,,,,,,,,2,2,1,1.0,2.0
201100063141,0011-12-02 19:00:00,11,12,2,19,0,750,118,"73, RUE DAMREMONT",,,Nuit avec éclairage allumé,En agglomération,Hors intersection,Normale,Deux véhicules - côté,,,,,,,,,,,5,2,1,1.0,3.0
201100063142,0011-12-03 20:50:00,11,12,3,20,50,750,118,"12, AVENUE DE LA PORTE D",,,Nuit avec éclairage allumé,En agglomération,Hors intersection,Pluie légère,Trois véhicules et plus - en chaîne,,,,,,,,,,,5,2,1,2.0,4.0
201100063143,0011-12-04 06:25:00,11,12,4,6,25,750,118,"32, AVENUE DE CLICHY",,,Nuit avec éclairage allumé,En agglomération,Intersection en Y,Normale,Autre collision,,,,,,,,,,,5,2,4,1.0,6.0
201100063144,0011-12-04 14:00:00,11,12,4,14,0,750,118,"5, RUE DUC",,,Plein jour,En agglomération,Intersection en X,Pluie légère,Autre collision,,,,,,,,,,,1,2,2,2.0,6.0
201100063145,0011-12-04 21:55:00,11,12,4,21,55,750,118,"70, RUE JOSEPH DE MAISTR",,,Nuit avec éclairage allumé,En agglomération,Intersection en X,Pluie légère,Autre collision,,,,,,,,,,,5,2,2,2.0,6.0
201100063146,0011-12-05 00:30:00,11,12,5,0,30,750,118,"4, BOULEVARD NEY",,,Nuit avec éclairage non allumé,En agglomération,Intersection en X,Pluie légère,Trois véhicules et plus - en chaîne,,,,,,,,,,,4,2,2,2.0,4.0
201100063147,0011-12-05 19:00:00,11,12,5,19,0,750,118,"1 bis, RUE JOSEPH DIJON",,,Nuit avec éclairage allumé,En agglomération,Intersection en Y,Pluie légère,Autre collision,,,,,,,,,,,5,2,4,2.0,6.0
201100063148,0011-12-07 00:55:00,11,12,7,0,55,750,118,"36, AVENUE DE SAINT OUEN",,,Nuit avec éclairage allumé,En agglomération,Intersection en T,Pluie légère,Deux véhicules - arrière,,,,,,,,,,,5,2,3,2.0,2.0
201100063149,0011-12-08 12:55:00,11,12,8,12,55,750,118,"69, RUE MARX DORMOY",,,Plein jour,En agglomération,Hors intersection,Temps couvert,Deux véhicules - côté,,,,,,,,,,,1,2,1,8.0,3.0
201100063150,0011-12-08 17:20:00,11,12,8,17,20,750,118,"68, RUE ORDENER",,,Nuit avec éclairage allumé,En agglomération,Intersection en T,Normale,Autre collision,,,,,,,,,,,5,2,3,1.0,6.0
201100063151,0011-12-09 00:10:00,11,12,9,0,10,750,118,"83, BOULEVARD ORNANO",,,Nuit avec éclairage allumé,En agglomération,Intersection à plus de 4 branches,Normale,Deux véhicules - côté,,,,,,,,,,,5,2,5,1.0,3.0
201100063152,0011-12-09 07:40:00,11,12,9,7,40,750,118,"77, BOULEVARD ORNANO",,,Plein jour,En agglomération,Hors intersection,Pluie légère,Autre collision,,,,,,,,,,,1,2,1,2.0,6.0
201100063153,0011-12-09 11:35:00,11,12,9,11,35,750,118,RUE VAUVENARGUES,,,Plein jour,En agglomération,Intersection en Y,Pluie légère,Autre collision,,,,,,,,,,,1,2,4,2.0,6.0
201100063154,0011-12-09 15:55:00,11,12,9,15,55,750,118,"11, RUE ORDENER",,,Plein jour,En agglomération,Intersection en T,Temps couvert,Autre collision,,,,,,,,,,,1,2,3,8.0,6.0
201100063155,0011-12-11 01:25:00,11,12,11,1,25,750,118,"43, RUE ORDENER",,,Nuit avec éclairage allumé,En agglomération,Hors intersection,Normale,Autre collision,,,,,,,,,,,5,2,1,1.0,6.0
201100063156,0011-12-11 09:45:00,11,12,11,9,45,750,118,"231, RUE MARCADET",,,Plein jour,En agglomération,Hors intersection,Normale,Autre collision,,,,,,,,,,,1,2,1,1.0,6.0
201100063157,0011-12-12 08:45:00,11,12,12,8,45,750,110,"22, BOULEVARD DE LA CHAP",,,Plein jour,En agglomération,Hors intersection,Temps couvert,Deux véhicules - côté,,,,,,,,,,,1,2,1,8.0,3.0
201100063158,0011-12-12 15:45:00,11,12,12,15,45,750,118,"18, RUE LECUYER",,,Plein jour,En agglomération,Intersection à plus de 4 branches,Normale,Autre collision,,,,,,,,,,,1,2,5,1.0,6.0
201100063159,0011-12-13 09:15:00,11,12,13,9,15,750,118,AVENUE DE LA PORTE DE CL,,,Plein jour,En agglomération,Intersection en T,Pluie légère,Deux véhicules - côté,,,,,,,,,,,1,2,3,2.0,3.0
201100063160,0011-12-14 08:15:00,11,12,14,8,15,750,118,"65, RUE ORDENER",,,Plein jour,En agglomération,Hors intersection,Normale,Autre collision,,,,,,,,,,,1,2,1,1.0,6.0
201100063161,0011-12-14 10:20:00,11,12,14,10,20,750,118,"39, RUE PAJOL",,,Plein jour,En agglomération,Hors intersection,Normale,Deux véhicules - côté,,,,,,,,,,,1,2,1,1.0,3.0
201100063162,0011-12-14 15:45:00,11,12,14,15,45,750,118,"24, BOULEVARD BARBES",,,Plein jour,En agglomération,Intersection à plus de 4 branches,Normale,Deux véhicules - côté,,,,,,,,,,,1,2,5,1.0,3.0
201100063163,0011-12-14 23:15:00,11,12,14,23,15,750,118,"38, RUE RAMEY",,,Nuit avec éclairage allumé,En agglomération,Intersection en T,Normale,Autre collision,,,,,,,,,,,5,2,3,1.0,6.0
201100063164,0011-12-18 01:25:00,11,12,18,1,25,750,118,"14, AVENUE DE CLICHY",,,Nuit avec éclairage allumé,En agglomération,Intersection en T,Pluie légère,Trois véhicules et plus - collisions multiples,,,,,,,,,,,5,2,3,2.0,5.0
201100063165,0011-12-18 04:00:00,11,12,18,4,0,750,118,"93, RUE DE LA CHAPELLE",,,Nuit avec éclairage non allumé,En agglomération,Hors intersection,Pluie légère,Autre collision,,,,,,,,,,,4,2,1,2.0,6.0
201100063166,0011-12-18 16:40:00,11,12,18,16,40,750,118,"26, RUE SIMART",,,Plein jour,En agglomération,Intersection en X,Normale,Deux véhicules - côté,,,,,,,,,,,1,2,2,1.0,3.0
201100063167,0011-12-19 09:45:00,11,12,19,9,45,750,118,"12, RUE STEPHENSON",,,Plein jour,En agglomération,Intersection en X,Normale,Deux véhicules - côté,,,,,,,,,,,1,2,2,1.0,3.0
201100063168,0011-12-20 13:00:00,11,12,20,13,0,750,118,"142, AVENUE DE SAINT OUE",,,Plein jour,En agglomération,Intersection en T,Normale,Deux véhicules - frontale,,,,,,,,,,,1,2,3,1.0,1.0
201100063169,0011-12-21 14:00:00,11,12,21,14,0,750,118,"4, RUE DE SOFIA",,,Plein jour,En agglomération,Intersection en T,Normale,Autre collision,,,,,,,,,,,1,2,3,1.0,6.0
201100063170,0011-12-22 12:15:00,11,12,22,12,15,750,118,"87, BOULEVARD NEY",,,Plein jour,En agglomération,Intersection en X,Normale,Autre collision,,,,,,,,,,,1,2,2,1.0,6.0
201100063171,0011-12-24 18:10:00,11,12,24,18,10,750,118,"89, RUE DE LA CHAPELLE",,,Nuit avec éclairage allumé,En agglomération,Hors intersection,Normale,Autre collision,,,,,,,,,,,5,2,1,1.0,6.0
201100063172,0011-12-28 19:30:00,11,12,28,19,30,750,118,"58, RUE STEPHENSON",,,Nuit avec éclairage allumé,En agglomération,Intersection en X,Pluie légère,Autre collision,,,,,,,,,,,5,2,2,2.0,6.0
201100063173,0011-12-29 22:30:00,11,12,29,22,30,750,118,"26 quater, RUE ORDENER",,,Nuit avec éclairage allumé,En agglomération,Intersection en X,Normale,Autre collision,,,,,,,,,,,5,2,2,1.0,6.0
201100063174,0011-12-30 01:50:00,11,12,30,1,50,750,118,RUE CAULAINCOURT,,,Nuit avec éclairage allumé,En agglomération,Intersection à plus de 4 branches,Pluie légère,Autre collision,,,,,,,,,,,5,2,5,2.0,6.0
201100063175,0011-12-30 19:30:00,11,12,30,19,30,750,118,"41, BOULEVARD ORNANO",,,Nuit avec éclairage allumé,En agglomération,Intersection en Y,Pluie forte,Deux véhicules - côté,,,,,,,,,,,5,2,4,3.0,3.0
201100063176,0011-01-03 14:00:00,11,1,3,14,0,750,119,"160, RUE D AUBERVILLIERS",,,Plein jour,En agglomération,Hors intersection,Normale,Deux véhicules - côté,,,,,,,,,,,1,2,1,1.0,3.0
201100063177,0011-01-07 07:40:00,11,1,7,7,40,750,119,"96, AVENUE JEAN JAURES",,,Crépuscule ou aube,En agglomération,Intersection en T,Normale,Autre collision,,,,,,,,,,,2,2,3,1.0,6.0
201100063178,0011-01-07 10:00:00,11,1,7,10,0,750,119,RUE D AUBERVILLIERS,,,Plein jour,En agglomération,Intersection en X,Pluie légère,Deux véhicules - côté,,,,,,,,,,,1,2,2,2.0,3.0
201100063179,0011-01-07 12:35:00,11,1,7,12,35,750,119,"91, RUE DE L OURCQ",,,Plein jour,En agglomération,Intersection en X,Normale,Autre collision,,,,,,,,,,,1,2,2,1.0,6.0
201100063180,0011-01-07 18:18:00,11,1,7,18,18,750,119,"21, AVENUE SECRETAN",,,Nuit avec éclairage allumé,En agglomération,Hors intersection,Temps couvert,Autre collision,,,,,,,,,,,5,2,1,8.0,6.0
201100063181,0011-01-07 21:00:00,11,1,7,21,0,750,119,AVENUE DE LA PORTE CHAUM,,,Nuit avec éclairage allumé,En agglomération,Intersection en T,Pluie légère,Deux véhicules - côté,,,,,,,,,,,5,2,3,2.0,3.0
201100063182,0011-01-08 15:55:00,11,1,8,15,55,750,119,"10, RUE DE JOINVILLE",,,Plein jour,En agglomération,Intersection en T,Normale,Autre collision,,,,,,,,,,,1,2,3,1.0,6.0
201100063183,0011-01-08 22:05:00,11,1,8,22,5,750,119,"60, AVENUE DE FLANDRE",,,Nuit avec éclairage allumé,En agglomération,Hors intersection,Pluie légère,Autre collision,,,,,,,,,,,5,2,1,2.0,6.0
201100063184,0011-01-09 12:25:00,11,1,9,12,25,750,119,"27, AVENUE DE FLANDRE",,,Plein jour,En agglomération,Hors intersection,Normale,Deux véhicules - arrière,,,,,,,,,,,1,2,1,1.0,2.0
201100063185,0011-01-10 09:30:00,11,1,10,9,30,750,119,"231, RUE DE BELLEVILLE",,,Plein jour,En agglomération,Hors intersection,Normale,Autre collision,,,,,,,,,,,1,2,1,1.0,6.0
201100063186,0011-01-10 17:00:00,11,1,10,17,0,750,119,RUE DU GENERAL BRUNET,,,Crépuscule ou aube,En agglomération,Intersection en X,Normale,Sans collision,,,,,,,,,,,2,2,2,1.0,7.0
201100063187,0011-01-11 16:40:00,11,1,11,16,40,750,119,"67, RUE DE BELLEVILLE",,,Plein jour,En agglomération,Hors intersection,Pluie légère,Deux véhicules - côté,,,,,,,,,,,1,2,1,2.0,3.0
201100063188,0011-01-12 06:45:00,11,1,12,6,45,750,119,"114, RUE DE CRIMEE",,,Nuit avec éclairage allumé,En agglomération,Intersection en X,Pluie légère,Autre collision,,,,,,,,,,,5,2,2,2.0,6.0
201100063189,0011-01-14 17:35:00,11,1,14,17,35,750,119,"30, AVENUE DE FLANDRE",,,Nuit avec éclairage allumé,En agglomération,Hors intersection,Pluie légère,Autre collision,,,,,,,,,,,5,2,1,2.0,6.0
201100063190,0011-01-15 22:55:00,11,1,15,22,55,750,119,"221, BOULEVARD MACDONALD",,,Nuit sans éclairage public,En agglomération,Intersection en T,Normale,Deux véhicules - côté,,,,,,,,,,,3,2,3,1.0,3.0
201100063191,0011-01-18 12:15:00,11,1,18,12,15,750,119,"1, AVENUE DEBIDOUR",,,Plein jour,En agglomération,Intersection en X,Pluie légère,Autre collision,,,,,,,,,,,1,2,2,2.0,6.0
201100063192,0011-01-18 18:00:00,11,1,18,18,0,750,119,"154, AVENUE DE FLANDRE",,,Nuit avec éclairage allumé,En agglomération,Intersection en X,Normale,Autre collision,,,,,,,,,,,5,2,2,1.0,6.0
201100063193,0011-01-20 02:10:00,11,1,20,2,10,750,119,"1, BOULEVARD MACDONALD",,,Nuit avec éclairage allumé,En agglomération,Intersection en T,Normale,Autre collision,,,,,,,,,,,5,2,3,1.0,6.0
201100063194,0011-01-20 14:10:00,11,1,20,14,10,750,119,"204, RUE DE CRIMEE",,,Plein jour,En agglomération,Hors intersection,Normale,Deux véhicules - côté,,,,,,,,,,,1,2,1,1.0,3.0
201100063195,0011-01-21 21:30:00,11,1,21,21,30,750,119,"181, BOULEVARD SERURIER",,,Nuit avec éclairage allumé,En agglomération,Hors intersection,Normale,Autre collision,,,,,,,,,,,5,2,1,1.0,6.0
201100063196,0011-01-26 14:00:00,11,1,26,14,0,750,119,"64, RUE RIQUET",,,Plein jour,En agglomération,Intersection en X,Pluie légère,Autre collision,,,,,,,,,,,1,2,2,2.0,6.0
201100063197,0011-01-28 07:00:00,11,1,28,7,0,750,119,"140, AVENUE JEAN JAURES",,,Nuit avec éclairage allumé,En agglomération,Intersection en T,Normale,Autre collision,,,,,,,,,,,5,2,3,1.0,6.0
201100063198,0011-01-31 08:50:00,11,1,31,8,50,750,120,"92, RUE DE BELLEVILLE",,,Plein jour,En agglomération,Intersection en X,Normale,Deux véhicules - côté,,,,,,,,,,,1,2,2,1.0,3.0
201100063199,0011-02-03 08:20:00,11,2,3,8,20,750,119,"9, BOULEVARD D ALGERIE",,,Plein jour,En agglomération,Intersection en T,Normale,Autre collision,,,,,,,,,,,1,2,3,1.0,6.0
201100063200,0011-02-04 13:00:00,11,2,4,13,0,750,119,"47, RUE ARMAND CARREL",,,Plein jour,En agglomération,Intersection en X,Normale,Autre collision,,,,,,,,,,,1,2,2,1.0,6.0
201100063201,0011-02-04 16:10:00,11,2,4,16,10,750,119,"15, BOULEVARD MACDONALD",,,Plein jour,En agglomération,Hors intersection,Normale,Deux véhicules - côté,,,,,,,,,,,1,2,1,1.0,3.0
201100063202,0011-02-08 12:22:00,11,2,8,12,22,750,119,"147, AVENUE JEAN JAURES",,,Plein jour,En agglomération,Intersection en T,Normale,Trois véhicules et plus - collisions multiples,,,,,,,,,,,1,2,3,1.0,5.0
201100063203,0011-02-08 12:10:00,11,2,8,12,10,750,119,"11, AVENUE CORENTIN CARI",,,Plein jour,En agglomération,Hors intersection,Normale,Deux véhicules - côté,,,,,,,,,,,1,2,1,1.0,3.0
201100063204,0011-02-09 13:10:00,11,2,9,13,10,750,119,"28, AVENUE DE FLANDRE",,,Plein jour,En agglomération,Intersection en X,Normale,Autre collision,,,,,,,,,,,1,2,2,1.0,6.0
201100063205,0011-02-18 17:30:00,11,2,18,17,30,750,119,"126, AVENUE SIMON BOLIVA",,,Plein jour,En agglomération,Intersection en X,Normale,Autre collision,,,,,,,,,,,1,2,2,1.0,6.0
201100063206,0011-02-19 14:20:00,11,2,19,14,20,750,119,RUE ARCHEREAU,,,Plein jour,En agglomération,Intersection en X,Pluie forte,Autre collision,,,,,,,,,,,1,2,2,3.0,6.0
201100063207,0011-02-20 00:20:00,11,2,20,0,20,750,119,"200, AVENUE JEAN JAURES",,,Nuit avec éclairage allumé,En agglomération,Intersection en T,Pluie légère,Deux véhicules - arrière,,,,,,,,,,,5,2,3,2.0,2.0
201100063208,0011-02-21 15:30:00,11,2,21,15,30,750,119,"10, PLACE DU COLONEL FAB",,,Plein jour,En agglomération,Place,Pluie légère,Sans collision,,,,,,,,,,,1,2,7,2.0,7.0
201100063209,0011-02-24 08:50:00,11,2,24,8,50,750,119,"20, RUE MEYNADIER",,,Plein jour,En agglomération,Intersection en T,Normale,Sans collision,,,,,,,,,,,1,2,3,1.0,7.0
201100063210,0011-02-25 07:40:00,11,2,25,7,40,750,119,"15, AVENUE JEAN JAURES",,,Plein jour,En agglomération,Hors intersection,Normale,Deux véhicules - côté,,,,,,,,,,,1,2,1,1.0,3.0
201100063211,0011-02-27 16:15:00,11,2,27,16,15,750,119,"27, RUE DU DOCTEUR POTAI",,,Plein jour,En agglomération,Hors intersection,Normale,Autre collision,,,,,,,,,,,1,2,1,1.0,6.0
201100063212,0011-02-28 13:40:00,11,2,28,13,40,750,119,"3, PLACE RHIN ET DANUBE",,,Plein jour,En agglomération,Intersection à plus de 4 branches,Normale,Autre collision,,,,,,,,,,,1,2,5,1.0,6.0
201100063213,0011-03-02 09:00:00,11,3,2,9,0,750,119,"30, BOULEVARD D ALGERIE",48.8836,2.39705,Plein jour,En agglomération,Intersection en X,Normale,Autre collision,,,,,,,,,,,1,2,2,1.0,6.0
201100063214,0011-03-02 13:25:00,11,3,2,13,25,750,119,"91, RUE MANIN",48.883,2.38552,Plein jour,En agglomération,Intersection à plus de 4 branches,Normale,Autre collision,,,,,,,,,,,1,2,5,1.0,6.0
201100063215,0011-03-02 15:25:00,11,3,2,15,25,750,119,"64, AVENUE JEAN JAURES",48.8843,2.37588,Plein jour,En agglomération,Intersection en T,Normale,Autre collision,,,,,,,,,,,1,2,3,1.0,6.0
201100063216,0011-03-02 18:00:00,11,3,2,18,0,750,119,RUE SIGMUND FREUD,48.884,2.39951,Crépuscule ou aube,En agglomération,Hors intersection,Normale,Trois véhicules et plus - en chaîne,,,,,,,,,,,2,2,1,1.0,4.0
201100063217,0011-03-02 21:20:00,11,3,2,21,20,750,119,"107, RUE DE BELLEVILLE",48.8745,2.38662,Nuit avec éclairage allumé,En agglomération,Hors intersection,Normale,Autre collision,,,,,,,,,,,5,2,1,1.0,6.0
201100063218,0011-03-03 16:45:00,11,3,3,16,45,750,119,"1, RUE CLAVEL",,,Plein jour,En agglomération,Intersection en T,Temps éblouissant,Autre collision,,,,,,,,,,,1,2,3,7.0,6.0
201100063219,0011-03-04 14:40:00,11,3,4,14,40,750,119,"187, AVENUE JEAN JAURES",,,Plein jour,En agglomération,Intersection en T,Normale,Deux véhicules - côté,,,,,,,,,,,1,2,3,1.0,3.0
201100063220,0011-03-04 16:45:00,11,3,4,16,45,750,119,"27, AVENUE DE FLANDRE",,,Plein jour,En agglomération,Intersection en X,Normale,Autre collision,,,,,,,,,,,1,2,2,1.0,6.0
201100063221,0011-03-07 16:45:00,11,3,7,16,45,750,119,AVENUE DE LA PORTE DES L,,,Plein jour,En agglomération,Intersection à plus de 4 branches,Temps éblouissant,Autre collision,,,,,,,,,,,1,2,5,7.0,6.0
201100063222,0011-03-08 09:50:00,11,3,8,9,50,750,119,"64, BOULEVARD DE LA VILL",,,Plein jour,En agglomération,Hors intersection,Normale,Deux véhicules - arrière,,,,,,,,,,,1,2,1,1.0,2.0
201100063223,0011-03-08 17:35:00,11,3,8,17,35,750,119,"217, RUE DE CRIMEE",,,Plein jour,En agglomération,Intersection en T,Normale,Autre collision,,,,,,,,,,,1,2,3,1.0,6.0
201100063224,0011-03-09 08:20:00,11,3,9,8,20,750,119,"11, RUE DE CAMBRAI",,,Plein jour,En agglomération,Intersection en X,Normale,Autre collision,,,,,,,,,,,1,2,2,1.0,6.0
201100063225,0011-03-10 09:15:00,11,3,10,9,15,750,119,"66, RUE DE MOUZAIA",,,Plein jour,En agglomération,Intersection à plus de 4 branches,Normale,Autre collision,,,,,,,,,,,1,2,5,1.0,6.0
201100063226,0011-03-10 16:45:00,11,3,10,16,45,750,119,"103, BOULEVARD MACDONALD",,,Plein jour,En agglomération,Hors intersection,Normale,Deux véhicules - côté,,,,,,,,,,,1,2,1,1.0,3.0
201100063227,0011-03-10 20:45:00,11,3,10,20,45,750,120,"253, RUE DE BELLEVILLE",,,Nuit avec éclairage allumé,En agglomération,Intersection en X,Normale,Deux véhicules - côté,,,,,,,,,,,5,2,2,1.0,3.0
201100063228,0011-03-11 12:50:00,11,3,11,12,50,750,119,"07, RUE CURIAL",,,Plein jour,En agglomération,Hors intersection,Normale,Deux véhicules - arrière,,,,,,,,,,,1,2,1,1.0,2.0
201100063229,0011-03-12 06:30:00,11,3,12,6,30,750,119,"19, RUE DU MAROC",,,Nuit avec éclairage allumé,En agglomération,Hors intersection,Normale,Autre collision,,,,,,,,,,,5,2,1,1.0,6.0
201100063230,0011-03-13 10:00:00,11,3,13,10,0,750,119,"19, RUE DU DEPARTEMENT",,,Plein jour,En agglomération,Hors intersection,Normale,Autre collision,,,,,,,,,,,1,2,1,1.0,6.0
201100063231,0011-03-16 10:00:00,11,3,16,10,0,750,119,"176, AVENUE JEAN JAURES",,,Plein jour,En agglomération,Intersection en X,Normale,Deux véhicules - côté,,,,,,,,,,,1,2,2,1.0,3.0
201100063232,0011-03-17 12:40:00,11,3,17,12,40,750,119,BOULEVARD PERIPHERIQUE,,,Plein jour,En agglomération,Hors intersection,Normale,Deux véhicules - côté,,,,,,,,,,,1,2,1,1.0,3.0
201100063233,0011-03-17 21:40:00,11,3,17,21,40,750,119,RUE DES BOIS,,,Nuit avec éclairage allumé,En agglomération,Intersection en X,Normale,Autre collision,,,,,,,,,,,5,2,2,1.0,6.0
201100063234,0011-03-18 22:01:00,11,3,18,22,1,750,119,"73, BOULEVARD SERURIER",,,Nuit avec éclairage allumé,En agglomération,Intersection à plus de 4 branches,Pluie légère,Deux véhicules - côté,,,,,,,,,,,5,2,5,2.0,3.0
201100063235,0011-03-21 16:00:00,11,3,21,16,0,750,119,BOULEVARD D ALGERIE,,,Plein jour,En agglomération,Intersection en X,Normale,Deux véhicules - côté,,,,,,,,,,,1,2,2,1.0,3.0
201100063236,0011-03-22 18:45:00,11,3,22,18,45,750,119,"239, RUE DE CRIMEE",,,Nuit avec éclairage allumé,En agglomération,Intersection en X,Normale,Autre collision,,,,,,,,,,,5,2,2,1.0,6.0
201100063237,0011-03-23 16:00:00,11,3,23,16,0,750,119,"128, AVENUE JEAN JAURES",,,Plein jour,En agglomération,Hors intersection,Normale,Autre collision,,,,,,,,,,,1,2,1,1.0,6.0
201100063238,0011-03-23 19:55:00,11,3,23,19,55,750,119,"168, BOULEVARD DE LA VIL",,,Nuit avec éclairage allumé,En agglomération,Intersection en T,Normale,Deux véhicules - côté,,,,,,,,,,,5,2,3,1.0,3.0
201100063239,0011-03-24 08:17:00,11,3,24,8,17,750,119,BOULEVARD DE LA COMMANDE,,,Plein jour,En agglomération,Intersection en T,Normale,Deux véhicules - côté,,,,,,,,,,,1,2,3,1.0,3.0
201100063240,0011-03-24 20:45:00,11,3,24,20,45,750,119,"118, RUE HAXO",,,Nuit avec éclairage allumé,En agglomération,Hors intersection,Normale,Autre collision,,,,,,,,,,,5,2,1,1.0,6.0
201100063241,0011-03-25 08:30:00,11,3,25,8,30,750,119,RUE SIGMUND FREUD,,,Plein jour,En agglomération,Hors intersection,Normale,Autre collision,,,,,,,,,,,1,2,1,1.0,6.0
201100063242,0011-03-25 13:50:00,11,3,25,13,50,750,119,"143, AVENUE JEAN JAURES",,,Plein jour,En agglomération,Intersection en X,Normale,Trois véhicules et plus - en chaîne,,,,,,,,,,,1,2,2,1.0,4.0
201100063243,0011-03-25 15:15:00,11,3,25,15,15,750,110,"0, RUE DU FAUBOURG SAINT",,,Plein jour,En agglomération,Intersection à plus de 4 branches,Normale,Deux véhicules - côté,,,,,,,,,,,1,2,5,1.0,3.0
201100063244,0011-03-26 00:40:00,11,3,26,0,40,750,119,PORTE DE PANTIN,,,Nuit sans éclairage public,En agglomération,Intersection à plus de 4 branches,Normale,Sans collision,,,,,,,,,,,3,2,5,1.0,7.0
201100063245,0011-03-27 19:00:00,11,3,27,19,0,750,119,"167, AVENUE DE FLANDRE",,,Plein jour,En agglomération,Intersection en X,Pluie légère,Autre collision,,,,,,,,,,,1,2,2,2.0,6.0
201100063246,0011-03-28 12:15:00,11,3,28,12,15,750,119,"3, PLACE ARMAND CARREL",,,Plein jour,En agglomération,Intersection à plus de 4 branches,Normale,Deux véhicules - arrière,,,,,,,,,,,1,2,5,1.0,2.0
201100063247,0011-03-29 17:30:00,11,3,29,17,30,750,119,"28, AVENUE CORENTIN CARI",,,Plein jour,En agglomération,Hors intersection,Pluie forte,Autre collision,,,,,,,,,,,1,2,1,3.0,6.0
201100063248,0011-03-29 18:30:00,11,3,29,18,30,750,119,"90 bis, RUE DE CRIMEE",,,Plein jour,En agglomération,Hors intersection,Pluie légère,Autre collision,,,,,,,,,,,1,2,1,2.0,6.0
201100063249,0011-03-29 19:45:00,11,3,29,19,45,750,119,"64, AVENUE JEAN JAURES",,,Crépuscule ou aube,En agglomération,Hors intersection,Pluie légère,Autre collision,,,,,,,,,,,2,2,1,2.0,6.0
201100063250,0011-03-30 07:15:00,11,3,30,7,15,750,119,"24, RUE DE L OURCQ",,,Crépuscule ou aube,En agglomération,Hors intersection,Normale,Deux véhicules - côté,,,,,,,,,,,2,2,1,1.0,3.0
201100063251,0011-03-30 17:45:00,11,3,30,17,45,750,120,PLACE DU MAQUIS DU VERCO,,,Plein jour,En agglomération,Intersection en Y,Pluie légère,Autre collision,,,,,,,,,,,1,2,4,2.0,6.0
201100063252,0011-03-31 19:00:00,11,3,31,19,0,750,119,"6, RUE ADOLPHE MILLE",,,Plein jour,En agglomération,Intersection en T,Normale,Deux véhicules - côté,,,,,,,,,,,1,2,3,1.0,3.0