accident_id,datetime,annee,mois,jour,heure,minute,departement,commune_insee,adresse,latitude,longitude,luminosite,agglomeration,intersection,meteo,collision,nb_vehicules,nb_usagers,nb_indemnes,nb_tues,nb_blesses_hosp,nb_blesses_legers,age_cond_1,age_cond_2,veh_type_cond_1,veh_type_cond_2,lum_code,agg_code,int_code,atm_code,col_code
201100063508,0011-01-07 20:45:00,11,1,7,20,45,750,120,"20, RUE SAINT BLAISE",,,Nuit avec éclairage allumé,En agglomération,Intersection en X,Normale,Autre collision,,,,,,,,,,,5,2,2,1.0,6.0
201100063509,0011-01-07 21:00:00,11,1,7,21,0,750,120,COURS DE VINCENNES,,,Nuit avec éclairage allumé,En agglomération,Intersection en X,Pluie légère,Trois véhicules et plus - collisions multiples,,,,,,,,,,,5,2,2,2.0,5.0
201100063510,0011-01-09 11:15:00,11,1,9,11,15,750,120,"49, BOULEVARD DAVOUT",,,Plein jour,En agglomération,Intersection en T,Pluie forte,Deux véhicules - côté,,,,,,,,,,,1,2,3,3.0,3.0
201100063511,0011-01-10 13:50:00,11,1,10,13,50,750,120,BOULEVARD DE MENILMONTAN,,,Plein jour,En agglomération,Intersection en T,Normale,Deux véhicules - côté,,,,,,,,,,,1,2,3,1.0,3.0
201100063512,0011-01-12 08:50:00,11,1,12,8,50,750,120,"112, AVENUE GAMBETTA",,,Plein jour,En agglomération,Intersection à plus de 4 branches,Pluie légère,Autre collision,,,,,,,,,,,1,2,5,2.0,6.0
201100063513,0011-01-17 11:15:00,11,1,17,11,15,750,120,"02, RUE AUGER",,,Plein jour,En agglomération,Intersection en Y,Normale,Autre collision,,,,,,,,,,,1,2,4,1.0,6.0
201100063514,0011-01-18 17:00:00,11,1,18,17,0,750,120,AVENUE GAMBETTA,,,Crépuscule ou aube,En agglomération,Intersection en X,Pluie légère,Autre collision,,,,,,,,,,,2,2,2,2.0,6.0
201100063515,0011-01-20 08:35:00,11,1,20,8,35,750,120,"128, BOULEVARD MORTIER",,,Plein jour,En agglomération,Hors intersection,Normale,Deux véhicules - côté,,,,,,,,,,,1,2,1,1.0,3.0
201100063516,0011-01-21 04:45:00,11,1,21,4,45,750,120,"49, BOULEVARD DAVOUT",,,Nuit avec éclairage allumé,En agglomération,Intersection en X,Normale,Autre collision,,,,,,,,,,,5,2,2,1.0,6.0
201100063517,0011-01-22 21:15:00,11,1,22,21,15,750,120,"6, RUE DE BELLEVILLE",,,Nuit sans éclairage public,En agglomération,Hors intersection,Pluie légère,Deux véhicules - côté,,,,,,,,,,,3,2,1,2.0,3.0
201100063518,0011-01-23 20:20:00,11,1,23,20,20,750,120,"03, RUE DU CLOS",,,Nuit avec éclairage allumé,En agglomération,Intersection en Y,Normale,Autre collision,,,,,,,,,,,5,2,4,1.0,6.0
201100063519,0011-01-24 16:55:00,11,1,24,16,55,750,120,"01, RUE PIXERECOURT",,,Plein jour,En agglomération,Intersection en T,Pluie légère,Autre collision,,,,,,,,,,,1,2,3,2.0,6.0
201100063520,0011-01-26 08:30:00,11,1,26,8,30,750,120,"143, RUE DES PYRENEES",,,Plein jour,En agglomération,Hors intersection,Pluie forte,Sans collision,,,,,,,,,,,1,2,1,3.0,7.0
201100063521,0011-01-26 09:15:00,11,1,26,9,15,750,120,PLACE DE LA PORTE DE MON,,,Plein jour,En agglomération,Intersection à plus de 4 branches,Pluie légère,Deux véhicules - côté,,,,,,,,,,,1,2,5,2.0,3.0
201100063522,0011-01-26 12:40:00,11,1,26,12,40,750,120,"299, RUE DES PYRENEES",,,Plein jour,En agglomération,Hors intersection,Pluie légère,Autre collision,,,,,,,,,,,1,2,1,2.0,6.0
201100063523,0011-01-27 18:05:00,11,1,27,18,5,750,120,"127, RUE PELLEPORT",,,Nuit avec éclairage allumé,En agglomération,Hors intersection,Normale,Deux véhicules - arrière,,,,,,,,,,,5,2,1,1.0,2.0
201100063524,0011-01-28 11:55:00,11,1,28,11,55,750,120,"2, RUE JULIEN LACROIX",,,Plein jour,En agglomération,Intersection en T,Normale,Deux véhicules - arrière,,,,,,,,,,,1,2,3,1.0,2.0
201100063525,0011-02-02 07:45:00,11,2,2,7,45,750,120,"195, RUE DES PYRENEES",,,Plein jour,En agglomération,Intersection en X,Pluie légère,Sans collision,,,,,,,,,,,1,2,2,2.0,7.0
201100063526,0011-02-02 12:58:00,11,2,2,12,58,750,120,"151, RUE DE BAGNOLET",,,Plein jour,En agglomération,Hors intersection,Normale,Autre collision,,,,,,,,,,,1,2,1,1.0,6.0
201100063527,0011-02-02 15:45:00,11,2,2,15,45,750,120,"5, COURS DE VINCENNES",,,Plein jour,En agglomération,Hors intersection,Normale,Autre collision,,,,,,,,,,,1,2,1,1.0,6.0
201100063528,0011-02-02 17:20:00,11,2,2,17,20,750,120,"27, RUE DE LA BIDASSOA",,,Plein jour,En agglomération,Intersection en Y,Normale,Sans collision,,,,,,,,,,,1,2,4,1.0,7.0
201100063529,0011-02-03 01:45:00,11,2,3,1,45,750,120,AVENUE DE LA PORTE DE BA,,,Nuit avec éclairage allumé,En agglomération,Hors intersection,Pluie légère,Sans collision,,,,,,,,,,,5,2,1,2.0,7.0
201100063530,0011-02-03 11:05:00,11,2,3,11,5,750,120,"126, BOULEVARD DE CHARON",,,Plein jour,En agglomération,Hors intersection,Normale,Autre collision,,,,,,,,,,,1,2,1,1.0,6.0
201100063531,0011-02-03 18:25:00,11,2,3,18,25,750,120,"29, RUE HENRI CHEVREAU",,,Nuit avec éclairage allumé,En agglomération,Intersection à plus de 4 branches,Normale,Deux véhicules - côté,,,,,,,,,,,5,2,5,1.0,3.0
201100063532,0011-02-03 20:20:00,11,2,3,20,20,750,120,"0, PLACE DE LA PORTE DE",,,Nuit avec éclairage allumé,En agglomération,Intersection à plus de 4 branches,Normale,Deux véhicules - côté,,,,,,,,,,,5,2,5,1.0,3.0
201100063533,0011-02-05 02:20:00,11,2,5,2,20,750,120,"113, RUE DES PYRENEES",,,Nuit avec éclairage allumé,En agglomération,Intersection à plus de 4 branches,Normale,Sans collision,,,,,,,,,,,5,2,5,1.0,7.0
201100063534,0011-02-06 07:06:00,11,2,6,7,6,750,120,"69, BOULEVARD DAVOUT",,,Plein jour,En agglomération,Intersection en X,Normale,Autre collision,,,,,,,,,,,1,2,2,1.0,6.0
201100063535,0011-02-06 21:20:00,11,2,6,21,20,750,120,RUE DE BELLEVILLE,,,Nuit avec éclairage allumé,En agglomération,Intersection en X,Normale,Autre collision,,,,,,,,,,,5,2,2,1.0,6.0
201100063536,0011-02-08 20:25:00,11,2,8,20,25,750,120,RUE DES ORTEAUX,,,Nuit avec éclairage allumé,En agglomération,Intersection en T,Normale,Autre collision,,,,,,,,,,,5,2,3,1.0,6.0
201100063537,0011-02-09 12:30:00,11,2,9,12,30,750,120,"104, BOULEVARD DE MENILM",,,Plein jour,En agglomération,Intersection en T,Normale,Autre collision,,,,,,,,,,,1,2,3,1.0,6.0
201100063538,0011-02-09 15:20:00,11,2,9,15,20,750,120,PASSAGE DES RONDEAUX,,,Plein jour,En agglomération,Intersection en Y,Normale,Autre collision,,,,,,,,,,,1,2,4,1.0,6.0
201100063539,0011-02-09 19:50:00,11,2,9,19,50,750,120,RUE LOUIS LUMIERE,,,Nuit avec éclairage allumé,En agglomération,Intersection en X,Normale,Autre collision,,,,,,,,,,,5,2,2,1.0,6.0
201100063540,0011-02-10 19:45:00,11,2,10,19,45,750,119,"71, RUE DE BELLEVILLE",,,Nuit avec éclairage allumé,En agglomération,Intersection en X,Pluie légère,Autre collision,,,,,,,,,,,5,2,2,2.0,6.0
201100063541,0011-02-11 12:30:00,11,2,11,12,30,750,120,"60, RUE DE BELLEVILLE",,,Plein jour,En agglomération,Intersection en T,Normale,Deux véhicules - côté,,,,,,,,,,,1,2,3,1.0,3.0
201100063542,0011-02-12 17:00:00,11,2,12,17,0,750,120,"47, RUE DE LA CROIX SAIN",,,Plein jour,En agglomération,Intersection en Y,Pluie légère,Autre collision,,,,,,,,,,,1,2,4,2.0,6.0
201100063543,0011-02-13 02:11:00,11,2,13,2,11,750,120,"3, RUE D AVRON",,,Nuit avec éclairage allumé,En agglomération,Hors intersection,Normale,Deux véhicules - côté,,,,,,,,,,,5,2,1,1.0,3.0
201100063544,0011-02-15 18:05:00,11,2,15,18,5,750,120,RUE DES HAIES,,,Crépuscule ou aube,En agglomération,Intersection à plus de 4 branches,Pluie légère,Autre collision,,,,,,,,,,,2,2,5,2.0,6.0
201100063545,0011-02-15 18:10:00,11,2,15,18,10,750,120,"212, RUE DES PYRENEES",,,Nuit avec éclairage allumé,En agglomération,Intersection en X,Temps couvert,Autre collision,,,,,,,,,,,5,2,2,8.0,6.0
201100063546,0011-02-16 16:50:00,11,2,16,16,50,750,120,"19, RUE SAINT FARGEAU",,,Plein jour,En agglomération,Intersection en T,Temps couvert,Autre collision,,,,,,,,,,,1,2,3,8.0,6.0
201100063547,0011-02-17 10:45:00,11,2,17,10,45,750,120,AVENUE DE LA PORTE DE BA,,,Plein jour,En agglomération,Hors intersection,Normale,Autre collision,,,,,,,,,,,1,2,1,1.0,6.0
201100063548,0011-02-17 17:00:00,11,2,17,17,0,750,120,"43, RUE D AVRON",,,Plein jour,En agglomération,Intersection en X,Normale,Autre collision,,,,,,,,,,,1,2,2,1.0,6.0
201100063549,0011-02-17 20:15:00,11,2,17,20,15,750,120,AVENUE DE LA PORTE DES L,,,Nuit avec éclairage allumé,En agglomération,Intersection en X,Normale,Deux véhicules - côté,,,,,,,,,,,5,2,2,1.0,3.0
201100063550,0011-02-18 00:50:00,11,2,18,0,50,750,120,"115, AVENUE GAMBETTA",,,Nuit avec éclairage allumé,En agglomération,Intersection en Y,Normale,Autre collision,,,,,,,,,,,5,2,4,1.0,6.0
201100063551,0011-02-19 21:25:00,11,2,19,21,25,750,120,RUE DE MENILMONTANT,,,Nuit avec éclairage allumé,En agglomération,Intersection en X,Pluie légère,Autre collision,,,,,,,,,,,5,2,2,2.0,6.0
201100063552,0011-02-20 11:20:00,11,2,20,11,20,750,119,RUE DE BELLEVILLE,,,Plein jour,En agglomération,Intersection en X,Normale,Deux véhicules - frontale,,,,,,,,,,,1,2,2,1.0,1.0
201100063553,0011-02-21 17:55:00,11,2,21,17,55,750,120,"371, RUE DES PYRENEES",,,Nuit avec éclairage allumé,En agglomération,Intersection en T,Pluie légère,Autre collision,,,,,,,,,,,5,2,3,2.0,6.0
201100063554,0011-02-21 23:37:00,11,2,21,23,37,750,120,"118, RUE DE MENILMONTANT",,,Nuit avec éclairage allumé,En agglomération,Intersection en X,Pluie légère,Deux véhicules - frontale,,,,,,,,,,,5,2,2,2.0,1.0
201100063555,0011-02-23 20:50:00,11,2,23,20,50,750,120,"0, RUE LOUIS LUMIERE",,,Nuit avec éclairage allumé,En agglomération,Intersection en T,Pluie légère,Autre collision,,,,,,,,,,,5,2,3,2.0,6.0
201100063556,0011-02-24 14:05:00,11,2,24,14,5,750,120,"49, BOULEVARD DAVOUT",,,Crépuscule ou aube,En agglomération,Intersection en X,Normale,Deux véhicules - côté,,,,,,,,,,,2,2,2,1.0,3.0
201100063557,0011-02-25 14:35:00,11,2,25,14,35,750,120,BOULEVARD MORTIER,,,Plein jour,En agglomération,Intersection en X,Normale,Sans collision,,,,,,,,,,,1,2,2,1.0,7.0
201100063558,0011-02-26 21:00:00,11,2,26,21,0,750,120,"82, RUE DES ORTEAUX",,,Crépuscule ou aube,En agglomération,Intersection en Y,Pluie légère,Sans collision,,,,,,,,,,,2,2,4,2.0,7.0
201100063559,0011-03-01 13:35:00,11,3,1,13,35,750,120,ECHANGEUR MONTREUIL,,,Plein jour,En agglomération,Hors intersection,Normale,Autre collision,,,,,,,,,,,1,2,1,1.0,6.0
201100063560,0011-03-01 18:45:00,11,3,1,18,45,750,120,"30, RUE BELGRAND",,,Nuit avec éclairage allumé,En agglomération,Hors intersection,Normale,Autre collision,,,,,,,,,,,5,2,1,1.0,6.0
201100063561,0011-03-01 17:20:00,11,3,1,17,20,750,120,BOULEVARD PERIPHERIQUE E,,,Plein jour,En agglomération,Hors intersection,Temps couvert,Deux véhicules - arrière,,,,,,,,,,,1,2,1,8.0,2.0
201100063562,0011-03-03 06:45:00,11,3,3,6,45,750,120,"90, RUE D AVRON",,,Crépuscule ou aube,En agglomération,Intersection en X,Normale,Autre collision,,,,,,,,,,,2,2,2,1.0,6.0
201100063563,0011-03-05 08:40:00,11,3,5,8,40,750,120,AVENUE DU PROFESSEUR AND,,,Plein jour,En agglomération,Intersection en T,Normale,Sans collision,,,,,,,,,,,1,2,3,1.0,7.0
201100063564,0011-03-05 19:10:00,11,3,5,19,10,750,120,"23, RUE DU SURMELIN",,,Nuit avec éclairage allumé,En agglomération,Intersection en T,Normale,Autre collision,,,,,,,,,,,5,2,3,1.0,6.0
201100063565,0011-03-06 15:30:00,11,3,6,15,30,750,120,"97, RUE DE MENILMONTANT",,,Plein jour,En agglomération,Hors intersection,Normale,Autre collision,,,,,,,,,,,1,2,1,1.0,6.0
201100063566,0011-03-06 20:40:00,11,3,6,20,40,750,120,"96, RUE DE BELLEVILLE",,,Nuit avec éclairage allumé,En agglomération,Intersection à plus de 4 branches,Normale,Deux véhicules - arrière,,,,,,,,,,,5,2,5,1.0,2.0
201100063567,0011-03-07 10:50:00,11,3,7,10,50,750,120,"39, RUE DU CAPITAINE FER",,,Plein jour,En agglomération,Intersection à plus de 4 branches,Normale,Deux véhicules - côté,,,,,,,,,,,1,2,5,1.0,3.0
201100063568,0011-03-07 14:40:00,11,3,7,14,40,750,120,AVENUE LEON GAUMONT,,,Plein jour,En agglomération,Hors intersection,Normale,Deux véhicules - côté,,,,,,,,,,,1,2,1,1.0,3.0
201100063569,0011-03-07 15:50:00,11,3,7,15,50,750,120,"62, BOULEVARD DAVOUT",,,Plein jour,En agglomération,Hors intersection,Normale,Deux véhicules - côté,,,,,,,,,,,1,2,1,1.0,3.0
201100063570,0011-03-08 18:18:00,11,3,8,18,18,750,120,"56, RUE DES PYRENEES",,,Plein jour,En agglomération,Hors intersection,Normale,Autre collision,,,,,,,,,,,1,2,1,1.0,6.0
201100063571,0011-03-09 09:20:00,11,3,9,9,20,750,120,"06, RUE DE LAGNY",,,Plein jour,En agglomération,Hors intersection,Temps couvert,Deux véhicules - côté,,,,,,,,,,,1,2,1,8.0,3.0
201100063572,0011-03-10 19:40:00,11,3,10,19,40,750,120,"22-24, RUE BELGRAND",,,Nuit avec éclairage allumé,En agglomération,Intersection en X,Normale,Deux véhicules - côté,,,,,,,,,,,5,2,2,1.0,3.0
201100063573,0011-03-11 14:45:00,11,3,11,14,45,750,120,"30, BOULEVARD DE BELLEVI",,,Plein jour,En agglomération,Hors intersection,Normale,Autre collision,,,,,,,,,,,1,2,1,1.0,6.0
201100063574,0011-03-11 21:55:00,11,3,11,21,55,750,120,"7, AVENUE GAMBETTA",,,Nuit avec éclairage allumé,En agglomération,Hors intersection,Normale,Autre collision,,,,,,,,,,,5,2,1,1.0,6.0
201100063575,0011-03-12 01:35:00,11,3,12,1,35,750,120,"190, BOULEVARD DE CHARON",,,Nuit avec éclairage allumé,En agglomération,Intersection à plus de 4 branches,Normale,Autre collision,,,,,,,,,,,5,2,5,1.0,6.0
201100063576,0011-03-12 22:35:00,11,3,12,22,35,750,120,"210, RUE DE BELLEVILLE",,,Nuit avec éclairage allumé,En agglomération,Intersection en X,Pluie légère,Deux véhicules - côté,,,,,,,,,,,5,2,2,2.0,3.0
201100063577,0011-03-13 01:15:00,11,3,13,1,15,750,120,"2, RUE DE BELLEVILLE",,,Nuit avec éclairage allumé,En agglomération,Intersection à plus de 4 branches,Pluie légère,Deux véhicules - côté,,,,,,,,,,,5,2,5,2.0,3.0
201100063578,0011-03-14 15:40:00,11,3,14,15,40,750,120,"44, RUE LOUIS LUMIERE",,,Plein jour,En agglomération,Hors intersection,Normale,Deux véhicules - côté,,,,,,,,,,,1,2,1,1.0,3.0
201100063579,0011-03-15 08:15:00,11,3,15,8,15,750,120,"371, RUE DES PYRENEES",,,Plein jour,En agglomération,Intersection en X,Pluie légère,Autre collision,,,,,,,,,,,1,2,2,2.0,6.0
201100063580,0011-03-15 17:36:00,11,3,15,17,36,750,120,"40, RUE DE MENILMONTANT",,,Plein jour,En agglomération,Intersection en T,Normale,Deux véhicules - côté,,,,,,,,,,,1,2,3,1.0,3.0
201100063581,0011-03-16 13:05:00,11,3,16,13,5,750,120,RUE DU CAPITAINE FERBER,,,Plein jour,En agglomération,Intersection à plus de 4 branches,Pluie légère,Deux véhicules - côté,,,,,,,,,,,1,2,5,2.0,3.0
201100063582,0011-03-16 17:49:00,11,3,16,17,49,750,120,AVENUE CARTELLIER,,,Plein jour,En agglomération,Intersection en Y,Normale,Deux véhicules - côté,,,,,,,,,,,1,2,4,1.0,3.0
201100063583,0011-03-16 18:00:00,11,3,16,18,0,750,120,"25, RUE PELLEPORT",,,Plein jour,En agglomération,Hors intersection,Normale,Autre collision,,,,,,,,,,,1,2,1,1.0,6.0
201100063584,0011-03-16 19:15:00,11,3,16,19,15,750,120,"10, RUE LEON FRAPIE",,,Nuit avec éclairage allumé,En agglomération,Intersection en T,Normale,Autre collision,,,,,,,,,,,5,2,3,1.0,6.0
201100063585,0011-03-17 08:10:00,11,3,17,8,10,750,120,PLACE DU MAQUIS DU VERCO,,,Plein jour,En agglomération,Place,Temps couvert,Deux véhicules - côté,,,,,,,,,,,1,2,7,8.0,3.0
201100063586,0011-03-17 19:30:00,11,3,17,19,30,750,120,"144, RUE DES PYRENEES",,,Nuit avec éclairage allumé,En agglomération,Hors intersection,Normale,Autre collision,,,,,,,,,,,5,2,1,1.0,6.0
201100063587,0011-03-18 19:45:00,11,3,18,19,45,750,120,"38, BOULEVARD DE CHARONN",,,Nuit avec éclairage allumé,En agglomération,Intersection en Y,Pluie forte,Deux véhicules - côté,,,,,,,,,,,5,2,4,3.0,3.0
201100063588,0011-03-18 19:10:00,11,3,18,19,10,750,120,"87, RUE DE LAGNY",,,Nuit avec éclairage allumé,En agglomération,Intersection en X,Pluie légère,Deux véhicules - côté,,,,,,,,,,,5,2,2,2.0,3.0
201100063589,0011-03-18 21:20:00,11,3,18,21,20,750,120,"18, RUE EMILE LANDRIN",,,Nuit avec éclairage allumé,En agglomération,Intersection en T,Pluie légère,Autre collision,,,,,,,,,,,5,2,3,2.0,6.0
201100063590,0011-03-19 03:20:00,11,3,19,3,20,750,120,"92, RUE DE LAGNY",,,Nuit avec éclairage allumé,En agglomération,Intersection en X,Normale,Deux véhicules - côté,,,,,,,,,,,5,2,2,1.0,3.0
201100063591,0011-03-21 14:59:00,11,3,21,14,59,750,120,"34, RUE PELLEPORT",,,Plein jour,En agglomération,Hors intersection,Normale,Autre collision,,,,,,,,,,,1,2,1,1.0,6.0
201100063592,0011-03-22 16:10:00,11,3,22,16,10,750,120,"8 bis, RUE BELGRAND",,,Plein jour,En agglomération,Intersection en T,Normale,Autre collision,,,,,,,,,,,1,2,3,1.0,6.0
201100063593,0011-03-23 08:33:00,11,3,23,8,33,750,120,AVENUE DE LA PORTE DE VI,,,Plein jour,En agglomération,Intersection en T,Normale,Deux véhicules - côté,,,,,,,,,,,1,2,3,1.0,3.0
201100063594,0011-03-23 15:00:00,11,3,23,15,0,750,120,"51, RUE HAXO",,,Plein jour,En agglomération,Hors intersection,Normale,Deux véhicules - côté,,,,,,,,,,,1,2,1,1.0,3.0
201100063595,0011-03-23 16:51:00,11,3,23,16,51,750,120,"4, BOULEVARD DE BELLEVIL",,,Plein jour,En agglomération,Intersection en T,Normale,Sans collision,,,,,,,,,,,1,2,3,1.0,7.0
201100063596,0011-03-24 23:01:00,11,3,24,23,1,750,120,BOULEVARD DE BELLEVILLE,,,Nuit avec éclairage allumé,En agglomération,Intersection à plus de 4 branches,Normale,Deux véhicules - côté,,,,,,,,,,,5,2,5,1.0,3.0
201100063597,0011-03-26 18:15:00,11,3,26,18,15,750,120,"11, RUE DE LAGNY",,,Plein jour,En agglomération,Hors intersection,Pluie légère,Autre collision,,,,,,,,,,,1,2,1,2.0,6.0
201100063598,0011-03-26 23:00:00,11,3,26,23,0,750,120,"1, RUE OLIVIER METRA",,,Nuit avec éclairage allumé,En agglomération,Intersection à plus de 4 branches,Pluie légère,Autre collision,,,,,,,,,,,5,2,5,2.0,6.0
201100063599,0011-03-27 01:20:00,11,3,27,1,20,750,120,"30, BOULEVARD DE BELLEVI",,,Nuit avec éclairage allumé,En agglomération,Hors intersection,Pluie légère,Autre collision,,,,,,,,,,,5,2,1,2.0,6.0
201100063600,0011-03-28 15:30:00,11,3,28,15,30,750,120,RUE BELGRAND,,,Plein jour,En agglomération,Intersection en Y,Normale,Deux véhicules - côté,,,,,,,,,,,1,2,4,1.0,3.0
201100063601,0011-03-29 11:00:00,11,3,29,11,0,750,120,"0, RUE ETIENNE MAREY",,,Plein jour,En agglomération,Intersection à plus de 4 branches,Normale,Deux véhicules - côté,,,,,,,,,,,1,2,5,1.0,3.0
201100063602,0011-03-29 16:15:00,11,3,29,16,15,750,120,"154, BOULEVARD DAVOUT",,,Plein jour,En agglomération,Hors intersection,Normale,Autre collision,,,,,,,,,,,1,2,1,1.0,6.0
201100063603,0011-03-29 20:02:00,11,3,29,20,2,750,120,"149, RUE DE BAGNOLET",,,Nuit avec éclairage allumé,En agglomération,Hors intersection,Temps couvert,Autre collision,,,,,,,,,,,5,2,1,8.0,6.0
201100063604,0011-04-02 21:25:00,11,4,2,21,25,750,120,"15, AVENUE DU PERE LACHA",,,Nuit avec éclairage allumé,En agglomération,Hors intersection,Normale,Autre collision,,,,,,,,,,,5,2,1,1.0,6.0
201100063605,0011-04-07 16:33:00,11,4,7,16,33,750,120,"64, RUE DE BELLEVILLE",,,Plein jour,En agglomération,Intersection en X,Normale,Autre collision,,,,,,,,,,,1,2,2,1.0,6.0
201100063606,0011-04-08 12:40:00,11,4,8,12,40,750,120,"39, AVENUE GAMBETTA",,,Plein jour,En agglomération,Hors intersection,Normale,Sans collision,,,,,,,,,,,1,2,1,1.0,7.0
201100063607,0011-04-08 11:00:00,11,4,8,11,0,750,120,"10, AVENUE GAMBETTA",,,Plein jour,En agglomération,Hors intersection,Normale,Autre collision,,,,,,,,,,,1,2,1,1.0,6.0
201100063608,0011-04-10 14:20:00,11,4,10,14,20,750,120,"175, AVENUE GAMBETTA",,,Plein jour,En agglomération,Hors intersection,Temps éblouissant,Autre collision,,,,,,,,,,,1,2,1,7.0,6.0
201100063609,0011-04-10 14:15:00,11,4,10,14,15,750,120,"4, RUE LEON FRAPIE",,,Plein jour,En agglomération,Hors intersection,Normale,Deux véhicules - côté,,,,,,,,,,,1,2,1,1.0,3.0
201100063610,0011-04-10 22:20:00,11,4,10,22,20,750,120,"13, AVENUE GAMBETTA",,,Nuit avec éclairage allumé,En agglomération,Hors intersection,Normale,Deux véhicules - arrière,,,,,,,,,,,5,2,1,1.0,2.0
201100063611,0011-04-11 13:10:00,11,4,11,13,10,750,120,"2, PLACE DU MAQUIS DU VE",,,Plein jour,En agglomération,Intersection à plus de 4 branches,Normale,Autre collision,,,,,,,,,,,1,2,5,1.0,6.0
201100063612,0011-04-13 09:15:00,11,4,13,9,15,750,120,"9, AVENUE GAMBETTA",,,Plein jour,En agglomération,Hors intersection,Normale,Autre collision,,,,,,,,,,,1,2,1,1.0,6.0
201100063613,0011-04-08 09:05:00,11,4,8,9,5,750,120,AVENUE LEON GAUMONT,,,Plein jour,En agglomération,Hors intersection,Normale,Autre collision,,,,,,,,,,,1,2,1,1.0,6.0
201100063614,0011-04-15 00:50:00,11,4,15,0,50,750,120,RUE DE BELLEVILLE,,,Nuit avec éclairage allumé,En agglomération,Intersection en T,Normale,Autre collision,,,,,,,,,,,5,2,3,1.0,6.0
201100063615,0011-04-16 12:45:00,11,4,16,12,45,750,120,"76, RUE PELLEPORT",,,Plein jour,En agglomération,Intersection en Y,Temps éblouissant,Autre collision,,,,,,,,,,,1,2,4,7.0,6.0
201100063616,0011-04-16 18:50:00,11,4,16,18,50,750,120,"59, RUE OLIVIER METRA",,,Plein jour,En agglomération,Hors intersection,Normale,Autre collision,,,,,,,,,,,1,2,1,1.0,6.0
201100063617,0011-04-09 00:30:00,11,4,9,0,30,750,120,"0, RUE DE MENILMONTANT",,,Nuit avec éclairage allumé,En agglomération,Intersection en X,Normale,Deux véhicules - arrière,,,,,,,,,,,5,2,2,1.0,2.0
201100063618,0011-04-18 16:50:00,11,4,18,16,50,750,120,"115, AVENUE GAMBETTA",,,Plein jour,En agglomération,Intersection en Y,Normale,Deux véhicules - côté,,,,,,,,,,,1,2,4,1.0,3.0
201100063619,0011-04-18 22:35:00,11,4,18,22,35,750,120,"172, BOULEVARD DE CHARON",,,Nuit avec éclairage allumé,En agglomération,Hors intersection,Normale,Autre collision,,,,,,,,,,,5,2,1,1.0,6.0
201100063620,0011-04-19 12:58:00,11,4,19,12,58,750,120,"49, RUE BELGRAND",,,Plein jour,En agglomération,Place,Normale,Deux véhicules - côté,,,,,,,,,,,1,2,7,1.0,3.0
201100063621,0011-04-19 18:40:00,11,4,19,18,40,750,120,"16, RUE DE BELLEVILLE",,,Plein jour,En agglomération,Hors intersection,Normale,Autre collision,,,,,,,,,,,1,2,1,1.0,6.0
201100063622,0011-04-19 13:40:00,11,4,19,13,40,750,120,"105, BOULEVARD DAVOUT",,,Plein jour,En agglomération,Intersection en T,Normale,Deux véhicules - côté,,,,,,,,,,,1,2,3,1.0,3.0
201100063623,0011-04-21 17:25:00,11,4,21,17,25,750,120,"5, RUE D AVRON",,,Plein jour,En agglomération,Hors intersection,Normale,Deux véhicules - côté,,,,,,,,,,,1,2,1,1.0,3.0
201100063624,0011-04-22 22:10:00,11,4,22,22,10,750,120,"91, AVENUE GAMBETTA",,,Nuit avec éclairage allumé,En agglomération,Intersection en Y,Normale,Deux véhicules - côté,,,,,,,,,,,5,2,4,1.0,3.0
201100063625,0011-04-24 22:00:00,11,4,24,22,0,750,120,"74, BOULEVARD DE BELLEVI",,,Nuit avec éclairage allumé,En agglomération,Intersection à plus de 4 branches,Normale,Autre collision,,,,,,,,,,,5,2,5,1.0,6.0
201100063626,0011-04-24 22:15:00,11,4,24,22,15,750,120,"0, AVENUE IBSEN",,,Nuit avec éclairage allumé,En agglomération,Intersection en Y,Normale,Deux véhicules - côté,,,,,,,,,,,5,2,4,1.0,3.0
201100063627,0011-04-26 10:00:00,11,4,26,10,0,750,120,RUE SAINT FARGEAU,,,Plein jour,En agglomération,Hors intersection,Normale,Autre collision,,,,,,,,,,,1,2,1,1.0,6.0
201100063628,0011-04-26 11:50:00,11,4,26,11,50,750,120,"226, RUE DES PYRENEES",,,Plein jour,En agglomération,Intersection en X,Normale,Deux véhicules - côté,,,,,,,,,,,1,2,2,1.0,3.0
201100063629,0011-04-26 19:15:00,11,4,26,19,15,750,120,"253, RUE DES PYRENEES",,,Plein jour,En agglomération,Hors intersection,Normale,Autre collision,,,,,,,,,,,1,2,1,1.0,6.0
201100063630,0011-04-26 21:45:00,11,4,26,21,45,750,120,"33, RUE DE MENILMONTANT",,,Nuit avec éclairage allumé,En agglomération,Hors intersection,Normale,Autre collision,,,,,,,,,,,5,2,1,1.0,6.0
201100063631,0011-04-27 10:40:00,11,4,27,10,40,750,120,"S-6531, RUE BELGRAND",,,Plein jour,En agglomération,Intersection en X,Normale,Deux véhicules - côté,,,,,,,,,,,1,2,2,1.0,3.0
201100063632,0011-04-28 13:05:00,11,4,28,13,5,750,120,"72, BOULEVARD DAVOUT",,,Plein jour,En agglomération,Intersection en X,Normale,Deux véhicules - côté,,,,,,,,,,,1,2,2,1.0,3.0