accident_id,datetime,annee,mois,jour,heure,minute,departement,commune_insee,adresse,latitude,longitude,luminosite,agglomeration,intersection,meteo,collision,nb_vehicules,nb_usagers,nb_indemnes,nb_tues,nb_blesses_hosp,nb_blesses_legers,age_cond_1,age_cond_2,veh_type_cond_1,veh_type_cond_2,lum_code,agg_code,int_code,atm_code,col_code
201100064140,0011-07-30 11:20:00,11,7,30,11,20,750,108,"46, AVENUE GEORGE V",,,Plein jour,En agglomération,Intersection en X,Normale,Autre collision,,,,,,,,,,,1,2,2,1.0,6.0
201100064141,0011-07-31 02:10:00,11,7,31,2,10,750,101,QUAI FRANCOIS MITTERRAND,,,Nuit avec éclairage allumé,En agglomération,Hors intersection,Normale,Autre collision,,,,,,,,,,,5,2,1,1.0,6.0
201100064142,0011-07-31 22:30:00,11,7,31,22,30,750,115,"90, RUE DE LOURMEL",,,Nuit avec éclairage allumé,En agglomération,Intersection en X,Normale,Autre collision,,,,,,,,,,,5,2,2,1.0,6.0
201100064143,0011-08-03 08:45:00,11,8,3,8,45,750,116,"19, BOULEVARD MURAT",,,Plein jour,En agglomération,Hors intersection,Pluie légère,Deux véhicules - frontale,,,,,,,,,,,1,2,1,2.0,1.0
201100064144,0011-08-04 10:30:00,11,8,4,10,30,750,113,"89, RUE ALBERT",,,Plein jour,En agglomération,Hors intersection,Normale,Autre collision,,,,,,,,,,,1,2,1,1.0,6.0
201100064145,0011-08-04 23:10:00,11,8,4,23,10,750,116,"92, AVENUE MOZART",,,Nuit avec éclairage allumé,En agglomération,Intersection en Y,Normale,Autre collision,,,,,,,,,,,5,2,4,1.0,6.0
201100064146,0011-08-06 03:05:00,11,8,6,3,5,750,112,AVENUE DE SAINT MAURICE,,,Nuit avec éclairage allumé,En agglomération,Hors intersection,Normale,Autre collision,,,,,,,,,,,5,2,1,1.0,6.0
201100064147,0011-08-06 12:50:00,11,8,6,12,50,750,112,AVENUE DAUMESNIL,,,Plein jour,En agglomération,Hors intersection,Normale,Deux véhicules - arrière,,,,,,,,,,,1,2,1,1.0,2.0
201100064148,0011-08-10 18:15:00,11,8,10,18,15,750,110,"195, RUE LA FAYETTE",,,Plein jour,En agglomération,Intersection en X,Normale,Deux véhicules - côté,,,,,,,,,,,1,2,2,1.0,3.0
201100064149,0011-08-10 18:30:00,11,8,10,18,30,750,108,"84, BOULEVARD DE COURCEL",,,Plein jour,En agglomération,Intersection en X,Normale,Autre collision,,,,,,,,,,,1,2,2,1.0,6.0
201100064150,0011-08-13 01:50:00,11,8,13,1,50,750,114,"1bis, RUE FRIANT",,,Nuit avec éclairage allumé,En agglomération,Intersection en X,Normale,Sans collision,,,,,,,,,,,5,2,2,1.0,7.0
201100064151,0011-08-14 04:20:00,11,8,14,4,20,750,113,"23, RUE DU JAVELOT",,,Nuit avec éclairage allumé,En agglomération,Hors intersection,Pluie forte,Autre collision,,,,,,,,,,,5,2,1,3.0,6.0
201100064152,0011-08-16 15:16:00,11,8,16,15,16,750,115,RUE PAUL BARRUEL,,,Plein jour,En agglomération,Intersection en X,Normale,Deux véhicules - côté,,,,,,,,,,,1,2,2,1.0,3.0
201100064153,0011-08-16 20:10:00,11,8,16,20,10,750,103,"160, RUE DU TEMPLE",,,Crépuscule ou aube,En agglomération,Intersection en T,Normale,Deux véhicules - côté,,,,,,,,,,,2,2,3,1.0,3.0
201100064154,0011-08-17 15:45:00,11,8,17,15,45,750,117,BOULEVARD PERIPHERIQUE E,,,Plein jour,En agglomération,Hors intersection,Normale,Deux véhicules - arrière,,,,,,,,,,,1,2,1,1.0,2.0
201100064155,0011-08-19 17:00:00,11,8,19,17,0,750,118,BOULEVARD PERIPHERIQUE I,,,Plein jour,En agglomération,Hors intersection,Normale,Autre collision,,,,,,,,,,,1,2,1,1.0,6.0
201100064156,0011-08-20 23:20:00,11,8,20,23,20,750,113,"17, AVENUE D ITALIE",,,Nuit avec éclairage allumé,En agglomération,Hors intersection,Normale,Deux véhicules - côté,,,,,,,,,,,5,2,1,1.0,3.0
201100064157,0011-08-24 01:40:00,11,8,24,1,40,750,112,"47, AVENUE LEDRU ROLLIN",,,Nuit avec éclairage allumé,En agglomération,Intersection en X,Normale,Autre collision,,,,,,,,,,,5,2,2,1.0,6.0
201100064158,0011-08-24 19:10:00,11,8,24,19,10,750,103,"112, BOULEVARD DE SEBAST",,,Plein jour,En agglomération,Intersection en X,Normale,Deux véhicules - côté,,,,,,,,,,,1,2,2,1.0,3.0
201100064159,0011-08-25 10:54:00,11,8,25,10,54,750,116,ALLEE DE LA REINE MARGUE,,,Plein jour,En agglomération,Intersection en X,Normale,Deux véhicules - côté,,,,,,,,,,,1,2,2,1.0,3.0
201100064160,0011-08-25 17:10:00,11,8,25,17,10,750,117,BOULEVARD PERIPHERIQUE I,,,Plein jour,En agglomération,Hors intersection,Normale,Trois véhicules et plus - en chaîne,,,,,,,,,,,1,2,1,1.0,4.0
201100064161,0011-08-26 08:40:00,11,8,26,8,40,750,110,"122, BOULEVARD DE MAGENT",,,Plein jour,En agglomération,Intersection en X,Normale,Sans collision,,,,,,,,,,,1,2,2,1.0,7.0
201100064162,0011-08-26 16:45:00,11,8,26,16,45,750,106,"95, RUE DE SEVRES",,,Plein jour,En agglomération,Hors intersection,Normale,Deux véhicules - frontale,,,,,,,,,,,1,2,1,1.0,1.0
201100064163,0011-08-30 15:42:00,11,8,30,15,42,750,117,"22, BOULEVARD PERSHING",,,Plein jour,En agglomération,Hors intersection,Normale,Autre collision,,,,,,,,,,,1,2,1,1.0,6.0
201100064164,0011-08-30 09:00:00,11,8,30,9,0,750,118,BOULEVARD PERIPHERIQUE E,,,Plein jour,En agglomération,Hors intersection,Normale,Deux véhicules - arrière,,,,,,,,,,,1,2,1,1.0,2.0
201100064165,0011-08-30 08:56:00,11,8,30,8,56,750,114,RUE D ALESIA,,,Plein jour,En agglomération,Intersection en T,Normale,Deux véhicules - côté,,,,,,,,,,,1,2,3,1.0,3.0
201100064166,0011-09-01 16:15:00,11,9,1,16,15,750,114,RUE MOUTON DUVERNET,,,Plein jour,En agglomération,Hors intersection,Normale,Autre collision,,,,,,,,,,,1,2,1,1.0,6.0
201100064167,0011-09-01 16:05:00,11,9,1,16,5,750,116,ALLEE DU BORD DE L EAU,,,Plein jour,En agglomération,Hors intersection,Normale,Deux véhicules - côté,,,,,,,,,,,1,2,1,1.0,3.0
201100064168,0011-09-02 06:25:00,11,9,2,6,25,750,106,"81, RUE DES SAINTS PERES",,,Crépuscule ou aube,En agglomération,Hors intersection,Normale,Autre collision,,,,,,,,,,,2,2,1,1.0,6.0
201100064169,0011-09-03 04:10:00,11,9,3,4,10,750,120,"173, BOULEVARD DAVOUT",,,Nuit avec éclairage allumé,En agglomération,Intersection en X,Normale,Autre collision,,,,,,,,,,,5,2,2,1.0,6.0
201100064170,0011-09-04 04:10:00,11,9,4,4,10,750,116,BOULEVARD PERIPHERIQUE I,,,Plein jour,En agglomération,Hors intersection,Neige / grêle,Autre collision,,,,,,,,,,,1,2,1,4.0,6.0
201100064171,0011-09-05 08:25:00,11,9,5,8,25,750,105,"82, BOULEVARD SAINT GERM",,,Plein jour,En agglomération,Hors intersection,Normale,Sans collision,,,,,,,,,,,1,2,1,1.0,7.0
201100064172,0011-09-05 19:00:00,11,9,5,19,0,750,120,"28, RUE D AVRON",,,Plein jour,En agglomération,Hors intersection,Normale,Autre collision,,,,,,,,,,,1,2,1,1.0,6.0
201100064173,0011-09-06 13:40:00,11,9,6,13,40,750,108,"/, RUE PASQUIER",,,Plein jour,En agglomération,Intersection en X,Normale,Autre collision,,,,,,,,,,,1,2,2,1.0,6.0
201100064174,0011-09-06 16:20:00,11,9,6,16,20,750,120,"89, RUE HAXO",,,Plein jour,En agglomération,Hors intersection,Normale,Autre collision,,,,,,,,,,,1,2,1,1.0,6.0
201100064175,0011-09-06 16:35:00,11,9,6,16,35,750,114,"179, BOULEVARD BRUNE",,,Plein jour,En agglomération,Intersection en X,Normale,Autre collision,,,,,,,,,,,1,2,2,1.0,6.0
201100064176,0011-09-06 21:30:00,11,9,6,21,30,750,111,"49, AVENUE PARMENTIER",,,Nuit avec éclairage allumé,En agglomération,Intersection en T,Vent fort / tempête,Deux véhicules - frontale,,,,,,,,,,,5,2,3,6.0,1.0
201100064177,0011-09-07 15:40:00,11,9,7,15,40,750,110,QUAI DE VALMY,,,Plein jour,En agglomération,Hors intersection,Normale,Autre collision,,,,,,,,,,,1,2,1,1.0,6.0
201100064178,0011-09-09 13:25:00,11,9,9,13,25,750,115,AVENUE EMILE ZOLA,,,Plein jour,En agglomération,Intersection à plus de 4 branches,Normale,Autre collision,,,,,,,,,,,1,2,5,1.0,6.0
201100064179,0011-09-10 06:30:00,11,9,10,6,30,750,119,"05, RUE CURIAL",,,Crépuscule ou aube,En agglomération,Hors intersection,Normale,Autre collision,,,,,,,,,,,2,2,1,1.0,6.0
201100064180,0011-09-10 13:20:00,11,9,10,13,20,750,114,"141, AVENUE DU MAINE",,,Plein jour,En agglomération,Intersection en Y,Normale,Deux véhicules - arrière,,,,,,,,,,,1,2,4,1.0,2.0
201100064181,0011-09-11 13:30:00,11,9,11,13,30,750,117,RUE DE COURCELLES,,,Plein jour,En agglomération,Intersection en X,Pluie légère,Deux véhicules - côté,,,,,,,,,,,1,2,2,2.0,3.0
201100064182,0011-09-12 05:50:00,11,9,12,5,50,750,119,PORTE D AUBERVILLIERS,,,Nuit avec éclairage allumé,En agglomération,Hors intersection,Normale,Autre collision,,,,,,,,,,,5,2,1,1.0,6.0
201100064183,0011-09-13 13:30:00,11,9,13,13,30,750,108,"2, PLACE DE LA MADELEINE",,,Plein jour,En agglomération,Place,Normale,Deux véhicules - arrière,,,,,,,,,,,1,2,7,1.0,2.0
201100064184,0011-09-13 23:35:00,11,9,13,23,35,750,104,RUE DU RENARD,,,Nuit avec éclairage allumé,En agglomération,Hors intersection,Normale,Autre collision,,,,,,,,,,,5,2,1,1.0,6.0
201100064185,0011-09-14 04:45:00,11,9,14,4,45,750,110,RUE DU FAUBOURG SAINT MA,,,Nuit avec éclairage allumé,En agglomération,Intersection en T,Normale,Deux véhicules - côté,,,,,,,,,,,5,2,3,1.0,3.0
201100064186,0011-09-16 06:00:00,11,9,16,6,0,750,117,"72, BOULEVARD DES BATIGN",,,Nuit avec éclairage allumé,En agglomération,Intersection en X,Normale,Deux véhicules - côté,,,,,,,,,,,5,2,2,1.0,3.0
201100064187,0011-09-16 16:37:00,11,9,16,16,37,750,114,"57, BOULEVARD BRUNE",,,Plein jour,En agglomération,Hors intersection,Normale,Autre collision,,,,,,,,,,,1,2,1,1.0,6.0
201100064188,0011-09-18 07:30:00,11,9,18,7,30,750,116,BOULEVARD PERIPHERIQUE I,,,Plein jour,En agglomération,Hors intersection,Normale,Autre collision,,,,,,,,,,,1,2,1,1.0,6.0
201100064189,0011-09-20 00:35:00,11,9,20,0,35,750,104,"22, RUE DU RENARD",,,Nuit avec éclairage allumé,En agglomération,Intersection en X,Normale,Deux véhicules - côté,,,,,,,,,,,5,2,2,1.0,3.0
201100064190,0011-09-20 10:00:00,11,9,20,10,0,750,108,PLACE DE LA CONCORDE,,,Plein jour,En agglomération,Place,Normale,Deux véhicules - côté,,,,,,,,,,,1,2,7,1.0,3.0
201100064191,0011-09-20 23:45:00,11,9,20,23,45,750,116,ALLEE DE LONGCHAMP,,,Nuit avec éclairage allumé,En agglomération,Intersection en X,Normale,Deux véhicules - côté,,,,,,,,,,,5,2,2,1.0,3.0
201100064192,0011-09-21 06:15:00,11,9,21,6,15,750,110,"47, BOULEVARD DE MAGENTA",,,Nuit avec éclairage allumé,En agglomération,Hors intersection,Normale,Sans collision,,,,,,,,,,,5,2,1,1.0,7.0
201100064193,0011-09-21 14:00:00,11,9,21,14,0,750,111,PLACE DE LA NATION,,,Plein jour,En agglomération,Place,Normale,Deux véhicules - côté,,,,,,,,,,,1,2,7,1.0,3.0
201100064194,0011-09-21 16:45:00,11,9,21,16,45,750,106,"147, BOULEVARD SAINT GER",,,Plein jour,En agglomération,Hors intersection,Normale,Autre collision,,,,,,,,,,,1,2,1,1.0,6.0
201100064195,0011-09-22 00:20:00,11,9,22,0,20,750,116,ALLEE DE LONGCHAMP,,,Nuit avec éclairage allumé,En agglomération,Hors intersection,Normale,Deux véhicules - arrière,,,,,,,,,,,5,2,1,1.0,2.0
201100064196,0011-09-22 09:45:00,11,9,22,9,45,750,116,"56, AVENUE MOZART",,,Plein jour,En agglomération,Intersection en X,Normale,Autre collision,,,,,,,,,,,1,2,2,1.0,6.0
201100064197,0011-09-22 10:30:00,11,9,22,10,30,750,114,"25, RUE DE LA GAITE",,,Plein jour,En agglomération,Hors intersection,Normale,Deux véhicules - arrière,,,,,,,,,,,1,2,1,1.0,2.0
201100064198,0011-09-22 13:58:00,11,9,22,13,58,750,105,"18, RUE LINNE",,,Plein jour,En agglomération,Hors intersection,Normale,Autre collision,,,,,,,,,,,1,2,1,1.0,6.0
201100064199,0011-09-23 03:40:00,11,9,23,3,40,750,112,ROUTE DE LA TOURELLE,,,Nuit avec éclairage allumé,En agglomération,Intersection en Y,Normale,Autre collision,,,,,,,,,,,5,2,4,1.0,6.0
201100064200,0011-09-23 10:36:00,11,9,23,10,36,750,113,"138, RUE DE TOLBIAC",,,Plein jour,En agglomération,Intersection en X,Normale,Deux véhicules - côté,,,,,,,,,,,1,2,2,1.0,3.0
201100064201,0011-09-24 04:48:00,11,9,24,4,48,750,118,BOULEVARD PERIPHERIQUE,,,Nuit avec éclairage allumé,En agglomération,Hors intersection,Normale,Autre collision,,,,,,,,,,,5,2,1,1.0,6.0
201100064202,0011-09-24 13:03:00,11,9,24,13,3,750,116,"09, RUE MOLITOR",,,Plein jour,En agglomération,Hors intersection,Normale,Deux véhicules - côté,,,,,,,,,,,1,2,1,1.0,3.0
201100064203,0011-09-25 14:05:00,11,9,25,14,5,750,119,"58, RUE ARMAND CARREL",,,Plein jour,En agglomération,Intersection en X,Normale,Deux véhicules - frontale,,,,,,,,,,,1,2,2,1.0,1.0
201100064204,0011-09-26 11:00:00,11,9,26,11,0,750,111,"88, AVENUE PARMENTIER",,,Plein jour,En agglomération,Intersection en X,Normale,Autre collision,,,,,,,,,,,1,2,2,1.0,6.0
201100064205,0011-09-26 18:00:00,11,9,26,18,0,750,120,BOULEVARD PERIPHERIQUE I,,,Plein jour,En agglomération,Hors intersection,Normale,Trois véhicules et plus - en chaîne,,,,,,,,,,,1,2,1,1.0,4.0
201100064206,0011-09-27 08:00:00,11,9,27,8,0,750,102,"6, RUE LA FEUILLADE",,,Plein jour,En agglomération,Place,Normale,Sans collision,,,,,,,,,,,1,2,7,1.0,7.0
201100064207,0011-09-29 08:49:00,11,9,29,8,49,750,114,"8, PLACE DU VINGT CINQ A",,,Plein jour,En agglomération,Place,Normale,Deux véhicules - côté,,,,,,,,,,,1,2,7,1.0,3.0
201100064208,0011-09-30 08:20:00,11,9,30,8,20,750,112,PONT D AUSTERLITZ,,,Plein jour,En agglomération,Hors intersection,Normale,Deux véhicules - côté,,,,,,,,,,,1,2,1,1.0,3.0
201100064209,0011-09-30 18:10:00,11,9,30,18,10,750,117,AVENUE DE LA PORTE DE CH,,,Plein jour,En agglomération,Hors intersection,Normale,Sans collision,,,,,,,,,,,1,2,1,1.0,7.0
201100064210,0011-10-01 05:35:00,11,10,1,5,35,750,120,"17, RUE PIXERECOURT",,,Nuit avec éclairage allumé,En agglomération,Hors intersection,Normale,Deux véhicules - frontale,,,,,,,,,,,5,2,1,1.0,1.0
201100064211,0011-10-02 03:35:00,11,10,2,3,35,750,118,"62, BOULEVARD DE CLICHY",,,Nuit avec éclairage allumé,En agglomération,Hors intersection,Normale,Autre collision,,,,,,,,,,,5,2,1,1.0,6.0
201100064212,0011-10-02 15:40:00,11,10,2,15,40,750,115,QUAI ANDRE CITROEN,,,Plein jour,En agglomération,Intersection en T,Normale,Deux véhicules - côté,,,,,,,,,,,1,2,3,1.0,3.0
201100064213,0011-10-02 16:34:00,11,10,2,16,34,750,115,PLACE DES INSURGES DE VA,,,Plein jour,En agglomération,Place,Normale,Deux véhicules - côté,,,,,,,,,,,1,2,7,1.0,3.0
201100064214,0011-10-03 08:30:00,11,10,3,8,30,750,116,AVENUE FOCH,,,Plein jour,En agglomération,Hors intersection,Normale,Trois véhicules et plus - en chaîne,,,,,,,,,,,1,2,1,1.0,4.0
201100064215,0011-10-04 13:00:00,11,10,4,13,0,750,111,"92, BOULEVARD RICHARD LE",,,Plein jour,En agglomération,Hors intersection,Normale,Deux véhicules - côté,,,,,,,,,,,1,2,1,1.0,3.0
201100064216,0011-10-05 02:20:00,11,10,5,2,20,750,108,"1, BOULEVARD DES BATIGNO",,,Nuit avec éclairage allumé,En agglomération,Intersection en X,Normale,Autre collision,,,,,,,,,,,5,2,2,1.0,6.0
201100064217,0011-10-05 17:10:00,11,10,5,17,10,750,105,"01, AVENUE DES GOBELINS",,,Plein jour,En agglomération,Intersection à plus de 4 branches,Temps couvert,Deux véhicules - côté,,,,,,,,,,,1,2,5,8.0,3.0
201100064218,0011-10-05 16:30:00,11,10,5,16,30,750,113,"111, AVENUE D ITALIE",,,Plein jour,En agglomération,Intersection en X,Normale,Autre collision,,,,,,,,,,,1,2,2,1.0,6.0
201100064219,0011-10-06 00:01:00,11,10,6,0,1,750,113,"23, RUE DU TAGE",,,Nuit avec éclairage allumé,En agglomération,Hors intersection,Normale,Autre collision,,,,,,,,,,,5,2,1,1.0,6.0
201100064220,0011-10-06 03:00:00,11,10,6,3,0,750,112,"/, ECHANGEUR BERCY",,,Nuit avec éclairage allumé,En agglomération,Hors intersection,Normale,Autre collision,,,,,,,,,,,5,2,1,1.0,6.0
201100064221,0011-10-06 15:15:00,11,10,6,15,15,750,116,PLACE CHARLES DE GAULLE,,,Plein jour,En agglomération,Place,Normale,Deux véhicules - arrière,,,,,,,,,,,1,2,7,1.0,2.0
201100064222,0011-10-07 19:40:00,11,10,7,19,40,750,109,"8, BOULEVARD POISSONNIER",,,Nuit avec éclairage allumé,En agglomération,Hors intersection,Normale,Sans collision,,,,,,,,,,,5,2,1,1.0,7.0
201100064223,0011-10-08 03:10:00,11,10,8,3,10,750,116,PLACE VICTOR HUGO,,,Nuit avec éclairage allumé,En agglomération,Place,Normale,Autre collision,,,,,,,,,,,5,2,7,1.0,6.0
201100064224,0011-10-11 11:30:00,11,10,11,11,30,750,119,BOULEVARD PERIPHERIQUE E,,,Plein jour,En agglomération,Hors intersection,Normale,Deux véhicules - côté,,,,,,,,,,,1,2,1,1.0,3.0
201100064225,0011-10-11 16:48:00,11,10,11,16,48,750,113,PONT D AUSTERLITZ,,,Plein jour,En agglomération,Hors intersection,Normale,Autre collision,,,,,,,,,,,1,2,1,1.0,6.0
201100064226,0011-10-12 10:30:00,11,10,12,10,30,750,115,"29, AVENUE DE LOWENDAL",,,Plein jour,En agglomération,Hors intersection,Normale,Autre collision,,,,,,,,,,,1,2,1,1.0,6.0
201100064227,0011-10-13 13:30:00,11,10,13,13,30,750,105,RUE SOUFFLOT,,,Plein jour,En agglomération,Intersection en X,Normale,Deux véhicules - arrière,,,,,,,,,,,1,2,2,1.0,2.0
201100064228,0011-10-14 17:48:00,11,10,14,17,48,750,115,BOULEVARD VICTOR,,,Plein jour,En agglomération,Intersection en X,Pluie légère,Deux véhicules - côté,,,,,,,,,,,1,2,2,2.0,3.0
201100064229,0011-10-14 23:20:00,11,10,14,23,20,750,117,"184, AVENUE DE CLICHY",,,Nuit avec éclairage allumé,En agglomération,Intersection en T,Normale,Autre collision,,,,,,,,,,,5,2,3,1.0,6.0
201100064230,0011-10-15 12:40:00,11,10,15,12,40,750,119,"78, AVENUE DE FLANDRE",,,Plein jour,En agglomération,Hors intersection,Normale,Autre collision,,,,,,,,,,,1,2,1,1.0,6.0
201100064231,0011-10-15 18:10:00,11,10,15,18,10,750,111,"97, RUE OBERKAMPF",,,Plein jour,En agglomération,Hors intersection,Normale,Autre collision,,,,,,,,,,,1,2,1,1.0,6.0
201100064232,0011-10-16 07:10:00,11,10,16,7,10,750,118,ECHANGEUR CHAPELLE,,,Nuit avec éclairage allumé,En agglomération,Hors intersection,Normale,Autre collision,,,,,,,,,,,5,2,1,1.0,6.0
201100064233,0011-10-17 09:35:00,11,10,17,9,35,750,110,"110, BOULEVARD DE MAGENT",,,Plein jour,En agglomération,Intersection en Y,Normale,Autre collision,,,,,,,,,,,1,2,4,1.0,6.0
201100064234,0011-10-19 02:16:00,11,10,19,2,16,750,114,"207, RUE D ALESIA",,,Nuit avec éclairage allumé,En agglomération,Intersection en X,Pluie légère,Autre collision,,,,,,,,,,,5,2,2,2.0,6.0
201100064235,0011-10-19 17:30:00,11,10,19,17,30,750,119,BOULEVARD PERIPHERIQUE,,,Plein jour,En agglomération,Hors intersection,Pluie légère,Deux véhicules - arrière,,,,,,,,,,,1,2,1,2.0,2.0
201100064236,0011-10-20 09:45:00,11,10,20,9,45,750,116,"10, BOULEVARD MURAT",,,Plein jour,En agglomération,Place,Normale,Autre collision,,,,,,,,,,,1,2,7,1.0,6.0
201100064237,0011-10-22 19:06:00,11,10,22,19,6,750,116,"00, RUE HENRY DE LA VAUL",,,Nuit avec éclairage allumé,En agglomération,Hors intersection,Normale,Autre collision,,,,,,,,,,,5,2,1,1.0,6.0
201100064238,0011-10-22 20:40:00,11,10,22,20,40,750,108,"8, BOULEVARD MALESHERBES",,,Nuit avec éclairage allumé,En agglomération,Intersection à plus de 4 branches,Normale,Deux véhicules - côté,,,,,,,,,,,5,2,5,1.0,3.0
201100064239,0011-10-24 08:40:00,11,10,24,8,40,750,102,"79, RUE DE RICHELIEU",,,Plein jour,En agglomération,Hors intersection,Normale,Autre collision,,,,,,,,,,,1,2,1,1.0,6.0
201100064240,0011-10-24 23:12:00,11,10,24,23,12,750,115,"/, PLACE CHARLES MICHELS",,,Nuit avec éclairage allumé,En agglomération,Intersection en X,Pluie légère,Autre collision,,,,,,,,,,,5,2,2,2.0,6.0
201100064241,0011-10-25 18:55:00,11,10,25,18,55,750,117,"22, AVENUE DE LA PORTE D",,,Nuit avec éclairage allumé,En agglomération,Intersection en T,Normale,Autre collision,,,,,,,,,,,5,2,3,1.0,6.0
201100064242,0011-10-26 18:15:00,11,10,26,18,15,750,115,"23, RUE DES MORILLONS",,,Plein jour,En agglomération,Intersection en T,Normale,Autre collision,,,,,,,,,,,1,2,3,1.0,6.0
201100064243,0011-10-27 19:00:00,11,10,27,19,0,750,116,AVENUE RAYMOND POINCARE,,,Crépuscule ou aube,En agglomération,Intersection en X,Normale,Deux véhicules - arrière,,,,,,,,,,,2,2,2,1.0,2.0
201100064244,0011-10-28 11:40:00,11,10,28,11,40,750,112,"4 bis, RUE FABRE D EGLAN",,,Plein jour,En agglomération,Hors intersection,Normale,Sans collision,,,,,,,,,,,1,2,1,1.0,7.0
201100064245,0011-10-30 14:45:00,11,10,30,14,45,750,113,"90, BOULEVARD VINCENT AU",,,Plein jour,En agglomération,Intersection en X,Normale,Autre collision,,,,,,,,,,,1,2,2,1.0,6.0
201100064246,0011-10-31 11:30:00,11,10,31,11,30,750,120,BOULEVARD MORTIER,,,Plein jour,En agglomération,Hors intersection,Normale,Autre collision,,,,,,,,,,,1,2,1,1.0,6.0
201100064247,0011-11-02 14:20:00,11,11,2,14,20,750,116,AVENUE DE NEW YORK,,,Plein jour,En agglomération,Hors intersection,Normale,Trois véhicules et plus - en chaîne,,,,,,,,,,,1,2,1,1.0,4.0
201100064248,0011-11-01 22:50:00,11,11,1,22,50,750,118,BOULEVARD NEY,,,Nuit avec éclairage allumé,En agglomération,Intersection en X,Brouillard / fumée,Autre collision,,,,,,,,,,,5,2,2,5.0,6.0
201100064249,0011-11-02 22:20:00,11,11,2,22,20,750,105,BOULEVARD SAINT MARCEL,,,Nuit avec éclairage non allumé,En agglomération,Intersection en X,Normale,Deux véhicules - côté,,,,,,,,,,,4,2,2,1.0,3.0
201100064250,0011-11-04 10:08:00,11,11,4,10,8,750,105,"65, RUE MONGE",,,Plein jour,En agglomération,Intersection en X,Normale,Trois véhicules et plus - collisions multiples,,,,,,,,,,,1,2,2,1.0,5.0
201100064251,0011-11-04 12:30:00,11,11,4,12,30,750,118,"35, RUE DE LA GOUTTE D O",,,Plein jour,En agglomération,Hors intersection,Normale,Autre collision,,,,,,,,,,,1,2,1,1.0,6.0
201100064252,0011-11-05 02:14:00,11,11,5,2,14,750,106,"45, BOULEVARD RASPAIL",,,Nuit avec éclairage allumé,En agglomération,Hors intersection,Pluie forte,Autre collision,,,,,,,,,,,5,2,1,3.0,6.0
201100064253,0011-11-05 06:30:00,11,11,5,6,30,750,101,"2, PLACE DES PYRAMIDES",,,Crépuscule ou aube,En agglomération,Place,Temps couvert,Autre collision,,,,,,,,,,,2,2,7,8.0,6.0
201100064254,0011-11-05 18:05:00,11,11,5,18,5,750,113,RUE NEUVE TOLBIAC,,,Nuit avec éclairage allumé,En agglomération,Intersection en X,Normale,Deux véhicules - côté,,,,,,,,,,,5,2,2,1.0,3.0
201100064255,0011-11-05 23:45:00,11,11,5,23,45,750,109,"23, RUE DE MOGADOR",,,Nuit avec éclairage allumé,En agglomération,Intersection en X,Normale,Autre collision,,,,,,,,,,,5,2,2,1.0,6.0
201100064256,0011-11-06 02:15:00,11,11,6,2,15,750,116,"/, AVENUE DE LA PORTE D",,,Nuit avec éclairage allumé,En agglomération,Hors intersection,Normale,Autre collision,,,,,,,,,,,5,2,1,1.0,6.0
201100064257,0011-11-06 05:00:00,11,11,6,5,0,750,113,"1, BOULEVARD DE L HOPITA",,,Nuit avec éclairage allumé,En agglomération,Place,Normale,Deux véhicules - frontale,,,,,,,,,,,5,2,7,1.0,1.0
201100064258,0011-11-06 08:45:00,11,11,6,8,45,750,115,BOULEVARD PERIPHERIQUE I,,,Plein jour,En agglomération,Intersection en Y,Normale,Autre collision,,,,,,,,,,,1,2,4,1.0,6.0
201100064259,0011-11-07 17:00:00,11,11,7,17,0,750,113,RUE JACQUES DESTREE,,,Plein jour,En agglomération,Intersection en T,Normale,Autre collision,,,,,,,,,,,1,2,3,1.0,6.0
201100064260,0011-10-31 23:25:00,11,10,31,23,25,750,112,BOULEVARD SOULT,,,Nuit avec éclairage allumé,En agglomération,Intersection en X,Normale,Deux véhicules - frontale,,,,,,,,,,,5,2,2,1.0,1.0
201100064261,0011-11-08 21:30:00,11,11,8,21,30,750,120,"331, RUE DES PYRENEES",,,Nuit avec éclairage allumé,En agglomération,Intersection en Y,Pluie légère,Deux véhicules - côté,,,,,,,,,,,5,2,4,2.0,3.0
201100064262,0011-11-10 11:24:00,11,11,10,11,24,750,110,"49, BOULEVARD DE LA VILL",,,Plein jour,En agglomération,Hors intersection,Normale,Sans collision,,,,,,,,,,,1,2,1,1.0,7.0
201100064263,0011-11-10 23:50:00,11,11,10,23,50,750,116,"220, AVENUE DE VERSAILLE",,,Nuit avec éclairage allumé,En agglomération,Hors intersection,Normale,Autre collision,,,,,,,,,,,5,2,1,1.0,6.0
201100064264,0011-11-11 09:15:00,11,11,11,9,15,750,119,"00, BOULEVARD PERIPHERIQ",,,Plein jour,En agglomération,Hors intersection,Normale,Sans collision,,,,,,,,,,,1,2,1,1.0,7.0
201100064265,0011-11-12 18:40:00,11,11,12,18,40,750,115,"29, BOULEVARD GARIBALDI",,,Nuit avec éclairage allumé,En agglomération,Intersection en T,Normale,Autre collision,,,,,,,,,,,5,2,3,1.0,6.0
201100064266,0011-11-13 06:20:00,11,11,13,6,20,750,108,"49, AVENUE DES CHAMPS EL",,,Crépuscule ou aube,En agglomération,Intersection en X,Normale,Autre collision,,,,,,,,,,,2,2,2,1.0,6.0