accident_id,datetime,annee,mois,jour,heure,minute,departement,commune_insee,adresse,latitude,longitude,luminosite,agglomeration,intersection,meteo,collision,nb_vehicules,nb_usagers,nb_indemnes,nb_tues,nb_blesses_hosp,nb_blesses_legers,age_cond_1,age_cond_2,veh_type_cond_1,veh_type_cond_2,lum_code,agg_code,int_code,atm_code,col_code
201100064267,0011-11-14 23:40:00,11,11,14,23,40,750,116,"7, BOULEVARD EXELMANS",,,Nuit avec éclairage allumé,En agglomération,Hors intersection,Normale,Autre collision,,,,,,,,,,,5,2,1,1.0,6.0
201100064268,0011-11-15 11:27:00,11,11,15,11,27,750,115,"238, RUE DE LA CONVENTIO",,,Plein jour,En agglomération,Intersection à plus de 4 branches,Normale,Deux véhicules - côté,,,,,,,,,,,1,2,5,1.0,3.0
201100064269,0011-11-16 13:05:00,11,11,16,13,5,750,113,"6, BOULEVARD SAINT MARCE",,,Plein jour,En agglomération,Intersection en T,Normale,Deux véhicules - côté,,,,,,,,,,,1,2,3,1.0,3.0
201100064270,0011-11-16 16:40:00,11,11,16,16,40,750,105,"61, BOULEVARD SAINT MICH",,,Nuit avec éclairage allumé,En agglomération,Intersection en X,Normale,Autre collision,,,,,,,,,,,5,2,2,1.0,6.0
201100064271,0011-11-17 23:50:00,11,11,17,23,50,750,112,"12, AVENUE DAUMESNIL",,,Nuit avec éclairage allumé,En agglomération,Intersection en X,Normale,Trois véhicules et plus - collisions multiples,,,,,,,,,,,5,2,2,1.0,5.0
201100064272,0011-11-18 07:50:00,11,11,18,7,50,750,116,RUE D ANDIGNE,,,Plein jour,En agglomération,Intersection à plus de 4 branches,Normale,Sans collision,,,,,,,,,,,1,2,5,1.0,7.0
201100064273,0011-11-18 17:50:00,11,11,18,17,50,750,116,AVENUE ALBERT DE MUN,,,Nuit avec éclairage non allumé,En agglomération,Hors intersection,Normale,Deux véhicules - côté,,,,,,,,,,,4,2,1,1.0,3.0
201100064274,0011-11-18 17:55:00,11,11,18,17,55,750,115,QUAI BRANLY,,,Nuit avec éclairage allumé,En agglomération,Hors intersection,Normale,Autre collision,,,,,,,,,,,5,2,1,1.0,6.0
201100064275,0011-11-18 18:38:00,11,11,18,18,38,750,117,"77, BOULEVARD BESSIERES",,,Nuit avec éclairage allumé,En agglomération,Hors intersection,Normale,Autre collision,,,,,,,,,,,5,2,1,1.0,6.0
201100064276,0011-11-21 11:10:00,11,11,21,11,10,750,116,PORTE DAUPHINE,,,Plein jour,En agglomération,Hors intersection,Normale,Deux véhicules - arrière,,,,,,,,,,,1,2,1,1.0,2.0
201100064277,0011-11-22 05:55:00,11,11,22,5,55,750,119,AVENUE JEAN JAURES,,,Nuit avec éclairage allumé,En agglomération,Place,Normale,Deux véhicules - côté,,,,,,,,,,,5,2,7,1.0,3.0
201100064278,0011-11-22 07:50:00,11,11,22,7,50,750,116,ROUTE DE LA MUETTE A NEU,,,Crépuscule ou aube,En agglomération,Intersection en X,Temps couvert,Deux véhicules - côté,,,,,,,,,,,2,2,2,8.0,3.0
201100064279,0011-11-22 09:00:00,11,11,22,9,0,750,109,"06, RUE AUBER",,,Plein jour,En agglomération,Intersection en Y,Normale,Autre collision,,,,,,,,,,,1,2,4,1.0,6.0
201100064280,0011-11-22 10:07:00,11,11,22,10,7,750,113,"41, RUE DE TOLBIAC",,,Plein jour,En agglomération,Hors intersection,Normale,Autre collision,,,,,,,,,,,1,2,1,1.0,6.0
201100064281,0011-11-22 14:54:00,11,11,22,14,54,750,116,"46, AVENUE DU PRESIDENT",,,Plein jour,En agglomération,Intersection à plus de 4 branches,Normale,Deux véhicules - côté,,,,,,,,,,,1,2,5,1.0,3.0
201100064282,0011-11-22 21:45:00,11,11,22,21,45,750,112,"28, BOULEVARD DE LA BAST",,,Nuit avec éclairage allumé,En agglomération,Hors intersection,Normale,Trois véhicules et plus - en chaîne,,,,,,,,,,,5,2,1,1.0,4.0
201100064283,0011-11-23 08:54:00,11,11,23,8,54,750,112,"98, AVENUE DAUMESNIL",,,Plein jour,En agglomération,Intersection en T,Normale,Deux véhicules - côté,,,,,,,,,,,1,2,3,1.0,3.0
201100064284,0011-11-23 14:15:00,11,11,23,14,15,750,116,"61, AVENUE GEORGES MANDE",,,Plein jour,En agglomération,Intersection en Y,Normale,Deux véhicules - arrière,,,,,,,,,,,1,2,4,1.0,2.0
201100064285,0011-11-23 17:35:00,11,11,23,17,35,750,119,"10/18, AVENUE DE LA PORT",,,Nuit avec éclairage allumé,En agglomération,Hors intersection,Normale,Autre collision,,,,,,,,,,,5,2,1,1.0,6.0
201100064286,0011-11-25 21:10:00,11,11,25,21,10,750,116,AVENUE DE L HIPPODROME,,,Nuit avec éclairage allumé,En agglomération,Hors intersection,Normale,Deux véhicules - arrière,,,,,,,,,,,5,2,1,1.0,2.0
201100064287,0011-11-27 05:50:00,11,11,27,5,50,750,116,PORTE MAILLOT,,,Nuit avec éclairage allumé,En agglomération,Hors intersection,Normale,Autre collision,,,,,,,,,,,5,2,1,1.0,6.0
201100064288,0011-11-28 00:03:00,11,11,28,0,3,750,105,RUE SAINT JACQUES,,,Nuit avec éclairage allumé,En agglomération,Intersection en X,Normale,Deux véhicules - côté,,,,,,,,,,,5,2,2,1.0,3.0
201100064289,0011-11-28 14:35:00,11,11,28,14,35,750,105,"19, RUE MONGE",,,Plein jour,En agglomération,Intersection en X,Normale,Autre collision,,,,,,,,,,,1,2,2,1.0,6.0
201100064290,0011-11-28 21:00:00,11,11,28,21,0,750,111,"163, BOULEVARD VOLTAIRE",,,Nuit avec éclairage allumé,En agglomération,Intersection en X,Normale,Autre collision,,,,,,,,,,,5,2,2,1.0,6.0
201100064291,0011-11-30 12:15:00,11,11,30,12,15,750,109,"48, RUE DE CHATEAUDUN",,,Plein jour,En agglomération,Hors intersection,Normale,Autre collision,,,,,,,,,,,1,2,1,1.0,6.0
201100064292,0011-11-30 14:57:00,11,11,30,14,57,750,108,"4, PLACE DE LA CONCORDE",,,Plein jour,En agglomération,Place,Normale,Deux véhicules - côté,,,,,,,,,,,1,2,7,1.0,3.0
201100064293,0011-12-01 12:15:00,11,12,1,12,15,750,113,"126, RUE DU CHATEAU DES",,,Plein jour,En agglomération,Hors intersection,Normale,Deux véhicules - côté,,,,,,,,,,,1,2,1,1.0,3.0
201100064294,0011-12-01 11:50:00,11,12,1,11,50,750,106,"171, RUE DE RENNES",,,Plein jour,En agglomération,Place,Normale,Deux véhicules - côté,,,,,,,,,,,1,2,7,1.0,3.0
201100064295,0011-12-01 15:00:00,11,12,1,15,0,750,103,RUE DU TEMPLE,,,Plein jour,En agglomération,Intersection en Y,Normale,Deux véhicules - côté,,,,,,,,,,,1,2,4,1.0,3.0
201100064296,0011-12-02 13:15:00,11,12,2,13,15,750,115,"103, QUAI BRANLY",,,Plein jour,En agglomération,Intersection en X,Normale,Autre collision,,,,,,,,,,,1,2,2,1.0,6.0
201100064297,0011-12-02 13:45:00,11,12,2,13,45,750,119,"220, BOULEVARD MACDONALD",,,Plein jour,En agglomération,Intersection en X,Normale,Autre collision,,,,,,,,,,,1,2,2,1.0,6.0
201100064298,0011-12-03 00:35:00,11,12,3,0,35,750,119,"6, RUE ALEXANDER FLEMING",,,Nuit avec éclairage allumé,En agglomération,Hors intersection,Normale,Deux véhicules - côté,,,,,,,,,,,5,2,1,1.0,3.0
201100064299,0011-12-03 12:10:00,11,12,3,12,10,750,120,"2, RUE AUGER",,,Plein jour,En agglomération,Intersection en Y,Pluie légère,Autre collision,,,,,,,,,,,1,2,4,2.0,6.0
201100064300,0011-12-03 15:10:00,11,12,3,15,10,750,114,"73, BOULEVARD SAINT JACQ",,,Plein jour,En agglomération,Intersection en T,Pluie légère,Autre collision,,,,,,,,,,,1,2,3,2.0,6.0
201100064301,0011-12-03 22:00:00,11,12,3,22,0,750,116,BOULEVARD PERIPHERIQUE I,,,Nuit avec éclairage allumé,En agglomération,Hors intersection,Normale,Autre collision,,,,,,,,,,,5,2,1,1.0,6.0
201100064302,0011-12-04 02:50:00,11,12,4,2,50,750,104,"1, BOULEVARD DU PALAIS",,,Nuit avec éclairage allumé,En agglomération,Intersection en X,Normale,Autre collision,,,,,,,,,,,5,2,2,1.0,6.0
201100064303,0011-12-06 18:45:00,11,12,6,18,45,750,101,PLACE DU CHATELET,,,Nuit avec éclairage allumé,En agglomération,Place,Pluie légère,Sans collision,,,,,,,,,,,5,2,7,2.0,7.0
201100064304,0011-12-06 20:50:00,11,12,6,20,50,750,115,QUAI DE GRENELLE,,,Nuit avec éclairage allumé,En agglomération,Intersection en T,Pluie légère,Deux véhicules - côté,,,,,,,,,,,5,2,3,2.0,3.0
201100064305,0011-12-07 23:00:00,11,12,7,23,0,750,112,QUAI DE BERCY,,,Nuit avec éclairage allumé,En agglomération,Hors intersection,Normale,Deux véhicules - arrière,,,,,,,,,,,5,2,1,1.0,2.0
201100064306,0011-12-09 11:05:00,11,12,9,11,5,750,118,"6, RUE CAULAINCOURT",,,Plein jour,En agglomération,Hors intersection,Pluie légère,Autre collision,,,,,,,,,,,1,2,1,2.0,6.0
201100064307,0011-12-09 17:00:00,11,12,9,17,0,750,117,BOULEVARD PERIPHERIQUE I,,,Nuit avec éclairage allumé,En agglomération,Hors intersection,Normale,Autre collision,,,,,,,,,,,5,2,1,1.0,6.0
201100064308,0011-12-12 13:20:00,11,12,12,13,20,750,107,"104, RUE DU BAC",,,Plein jour,En agglomération,Hors intersection,Temps éblouissant,Autre collision,,,,,,,,,,,1,2,1,7.0,6.0
201100064309,0011-12-13 08:20:00,11,12,13,8,20,750,113,BOULEVARD DE PORT ROYAL,,,Plein jour,En agglomération,Hors intersection,Brouillard / fumée,Trois véhicules et plus - collisions multiples,,,,,,,,,,,1,2,1,5.0,5.0
201100064310,0011-12-13 08:30:00,11,12,13,8,30,750,110,"67, RUE DE MAUBEUGE",,,Plein jour,En agglomération,Intersection à plus de 4 branches,Pluie légère,Autre collision,,,,,,,,,,,1,2,5,2.0,6.0
201100064311,0011-12-13 15:10:00,11,12,13,15,10,750,117,"62, AVENUE DE LA GRANDE",,,Plein jour,En agglomération,Hors intersection,Normale,Trois véhicules et plus - en chaîne,,,,,,,,,,,1,2,1,1.0,4.0
201100064312,0011-12-13 17:18:00,11,12,13,17,18,750,111,"12, PLACE DE LA REPUBLIQ",,,Crépuscule ou aube,En agglomération,Hors intersection,Normale,Deux véhicules - arrière,,,,,,,,,,,2,2,1,1.0,2.0
201100064313,0011-12-14 12:15:00,11,12,14,12,15,750,115,"47, BOULEVARD PASTEUR",,,Plein jour,En agglomération,Intersection en X,Normale,Deux véhicules - arrière,,,,,,,,,,,1,2,2,1.0,2.0
201100064314,0011-12-15 15:00:00,11,12,15,15,0,750,106,"105, BOULEVARD DU MONTPA",,,Plein jour,En agglomération,Hors intersection,Pluie légère,Autre collision,,,,,,,,,,,1,2,1,2.0,6.0
201100064315,0011-12-17 00:30:00,11,12,17,0,30,750,118,BOULEVARD PERIPHERIQUE E,,,Nuit avec éclairage allumé,En agglomération,Hors intersection,Normale,Trois véhicules et plus - en chaîne,,,,,,,,,,,5,2,1,1.0,4.0
201100064316,0011-12-17 03:13:00,11,12,17,3,13,750,108,PLACE DE L ALMA,,,Nuit avec éclairage allumé,En agglomération,Place,Pluie légère,Deux véhicules - côté,,,,,,,,,,,5,2,7,2.0,3.0
201100064317,0011-12-17 12:19:00,11,12,17,12,19,750,116,PORTE DE PASSY,,,Plein jour,En agglomération,Hors intersection,Normale,Deux véhicules - côté,,,,,,,,,,,1,2,1,1.0,3.0
201100064318,0011-12-18 04:15:00,11,12,18,4,15,750,113,PONT DE TOLBIAC,,,Nuit avec éclairage allumé,En agglomération,Intersection en X,Normale,Deux véhicules - côté,,,,,,,,,,,5,2,2,1.0,3.0
201100064319,0011-12-19 19:10:00,11,12,19,19,10,750,116,"01, RUE COROT",,,Nuit avec éclairage allumé,En agglomération,Intersection en T,Pluie légère,Autre collision,,,,,,,,,,,5,2,3,2.0,6.0
201100064320,0011-12-21 22:15:00,11,12,21,22,15,750,111,"40, BOULEVARD VOLTAIRE",,,Nuit avec éclairage allumé,En agglomération,Intersection en X,Pluie légère,Deux véhicules - côté,,,,,,,,,,,5,2,2,2.0,3.0
201100064321,0011-12-22 01:20:00,11,12,22,1,20,750,111,RUE FAIDHERBE,,,Nuit avec éclairage allumé,En agglomération,Intersection en X,Pluie légère,Autre collision,,,,,,,,,,,5,2,2,2.0,6.0
201100064322,0011-12-23 04:10:00,11,12,23,4,10,750,110,"189, RUE DU FAUBOURG SAI",,,Nuit avec éclairage allumé,En agglomération,Intersection en T,Pluie légère,Autre collision,,,,,,,,,,,5,2,3,2.0,6.0
201100064323,0011-12-25 02:45:00,11,12,25,2,45,750,108,"29, RUE LA BOETIE",,,Nuit avec éclairage allumé,En agglomération,Intersection en X,Normale,Deux véhicules - côté,,,,,,,,,,,5,2,2,1.0,3.0
201100064324,0011-12-25 04:20:00,11,12,25,4,20,750,111,"6, BOULEVARD RICHARD LEN",,,Nuit avec éclairage allumé,En agglomération,Hors intersection,Normale,Autre collision,,,,,,,,,,,5,2,1,1.0,6.0
201100064325,0011-12-27 08:25:00,11,12,27,8,25,750,115,"17, BOULEVARD DE VAUGIRA",,,Plein jour,En agglomération,Hors intersection,Normale,Autre collision,,,,,,,,,,,1,2,1,1.0,6.0
201100064326,0011-12-27 18:25:00,11,12,27,18,25,750,120,"26, RUE DE MENILMONTANT",,,Nuit avec éclairage non allumé,En agglomération,Hors intersection,Normale,Autre collision,,,,,,,,,,,4,2,1,1.0,6.0
201100064327,0011-12-27 22:20:00,11,12,27,22,20,750,111,"165, BOULEVARD VOLTAIRE",,,Nuit avec éclairage allumé,En agglomération,Intersection en X,Normale,Deux véhicules - frontale,,,,,,,,,,,5,2,2,1.0,1.0
201100064328,0011-12-29 05:45:00,11,12,29,5,45,750,112,BOULEVARD PERIPHERIQUE I,,,Nuit avec éclairage allumé,En agglomération,Intersection en Y,Normale,Autre collision,,,,,,,,,,,5,2,4,1.0,6.0
201100064329,0011-12-29 16:20:00,11,12,29,16,20,750,119,"55, AVENUE SIMON BOLIVAR",,,Plein jour,En agglomération,Hors intersection,Normale,Deux véhicules - frontale,,,,,,,,,,,1,2,1,1.0,1.0
201100064330,0011-12-30 18:20:00,11,12,30,18,20,750,107,RUE DE L UNIVERSITE,,,Nuit avec éclairage allumé,En agglomération,Intersection en X,Pluie légère,Autre collision,,,,,,,,,,,5,2,2,2.0,6.0
201100064331,0011-12-31 00:50:00,11,12,31,0,50,750,113,BOULEVARD MASSENA,,,Nuit avec éclairage allumé,En agglomération,Intersection à plus de 4 branches,Pluie légère,Deux véhicules - frontale,,,,,,,,,,,5,2,5,2.0,1.0
201100064332,0011-12-31 03:10:00,11,12,31,3,10,750,120,"13, RUE BELGRAND",,,Nuit avec éclairage allumé,En agglomération,Intersection en X,Pluie légère,Autre collision,,,,,,,,,,,5,2,2,2.0,6.0
201100064333,0011-01-01 06:45:00,11,1,1,6,45,750,113,PORTE D ITALIE,,,Nuit avec éclairage allumé,En agglomération,Hors intersection,Normale,Autre collision,,,,,,,,,,,5,2,1,1.0,6.0
201100064334,0011-01-04 04:20:00,11,1,4,4,20,750,119,ECHANGEUR VILLETTE,,,Nuit avec éclairage allumé,En agglomération,Hors intersection,Normale,Autre collision,,,,,,,,,,,5,2,1,1.0,6.0
201100064335,0011-01-04 06:25:00,11,1,4,6,25,750,116,PORTE MAILLOT,,,Nuit avec éclairage allumé,En agglomération,Hors intersection,Normale,Autre collision,,,,,,,,,,,5,2,1,1.0,6.0
201100064336,0011-01-04 09:45:00,11,1,4,9,45,750,113,"33, RUE DE PATAY",,,Plein jour,En agglomération,Intersection à plus de 4 branches,Normale,Deux véhicules - côté,,,,,,,,,,,1,2,5,1.0,3.0
201100064337,0011-01-04 17:20:00,11,1,4,17,20,750,117,PORTE DE CLICHY,,,Nuit avec éclairage allumé,En agglomération,Hors intersection,Normale,Deux véhicules - côté,,,,,,,,,,,5,2,1,1.0,3.0
201100064338,0011-01-06 05:40:00,11,1,6,5,40,750,113,ECHANGEUR ITALIE,,,Nuit avec éclairage allumé,En agglomération,Intersection en Y,Pluie légère,Autre collision,,,,,,,,,,,5,2,4,2.0,6.0
201100064339,0011-01-06 08:00:00,11,1,6,8,0,750,120,ECHANGEUR BAGNOLET,,,Crépuscule ou aube,En agglomération,Hors intersection,Pluie légère,Autre collision,,,,,,,,,,,2,2,1,2.0,6.0
201100064340,0011-01-06 06:55:00,11,1,6,6,55,750,120,PORTE DE VINCENNES,,,Nuit avec éclairage allumé,En agglomération,Hors intersection,Pluie légère,Autre collision,,,,,,,,,,,5,2,1,2.0,6.0
201100064341,0011-01-06 14:45:00,11,1,6,14,45,750,118,PORTE DE CLIGNANCOURT,,,Plein jour,En agglomération,Hors intersection,Temps couvert,Deux véhicules - arrière,,,,,,,,,,,1,2,1,8.0,2.0
201100064342,0011-01-07 11:05:00,11,1,7,11,5,750,116,PORTE MAILLOT,,,Plein jour,En agglomération,Hors intersection,Pluie forte,Trois véhicules et plus - en chaîne,,,,,,,,,,,1,2,1,3.0,4.0
201100064343,0011-01-07 18:45:00,11,1,7,18,45,750,117,BOULEVARD PERIPHERIQUE I,,,Nuit avec éclairage allumé,En agglomération,Hors intersection,Normale,Deux véhicules - arrière,,,,,,,,,,,5,2,1,1.0,2.0
201100064344,0011-01-08 05:45:00,11,1,8,5,45,750,119,BOULEVARD PERIPHERIQUE I,,,Nuit avec éclairage allumé,En agglomération,Intersection en Y,Normale,Autre collision,,,,,,,,,,,5,2,4,1.0,6.0
201100064345,0011-01-08 17:40:00,11,1,8,17,40,750,120,PORTE DE MONTREUIL,,,Nuit avec éclairage allumé,En agglomération,Hors intersection,Pluie légère,Deux véhicules - arrière,,,,,,,,,,,5,2,1,2.0,2.0
201100064346,0011-01-10 06:30:00,11,1,10,6,30,750,113,PORTE D IVRY,,,Nuit avec éclairage allumé,En agglomération,Hors intersection,Normale,Trois véhicules et plus - en chaîne,,,,,,,,,,,5,2,1,1.0,4.0
201100064347,0011-01-10 08:45:00,11,1,10,8,45,750,120,PORTE DE BAGNOLET,,,Plein jour,En agglomération,Hors intersection,Normale,Deux véhicules - arrière,,,,,,,,,,,1,2,1,1.0,2.0
201100064348,0011-01-10 12:15:00,11,1,10,12,15,750,113,ECHANGEUR BERCY,,,Plein jour,En agglomération,Hors intersection,Normale,Deux véhicules - arrière,,,,,,,,,,,1,2,1,1.0,2.0
201100064349,0011-01-10 16:55:00,11,1,10,16,55,750,119,PORTE DE PANTIN,,,Plein jour,En agglomération,Hors intersection,Normale,Deux véhicules - arrière,,,,,,,,,,,1,2,1,1.0,2.0
201100064350,0011-01-12 05:49:00,11,1,12,5,49,750,112,ECHANGEUR BERCY,,,Nuit avec éclairage allumé,En agglomération,Hors intersection,Pluie légère,Trois véhicules et plus - en chaîne,,,,,,,,,,,5,2,1,2.0,4.0
201100064351,0011-01-12 09:00:00,11,1,12,9,0,750,120,ECHANGEUR BAGNOLET,,,Plein jour,En agglomération,Hors intersection,Pluie légère,Deux véhicules - côté,,,,,,,,,,,1,2,1,2.0,3.0
201100064352,0011-01-12 12:50:00,11,1,12,12,50,750,119,PORTE DE PANTIN,,,Plein jour,En agglomération,Intersection en Y,Pluie légère,Trois véhicules et plus - en chaîne,,,,,,,,,,,1,2,4,2.0,4.0
201100064353,0011-01-13 14:00:00,11,1,13,14,0,750,114,BOULEVARD PERIPHERIQUE,,,Plein jour,En agglomération,Hors intersection,Normale,Autre collision,,,,,,,,,,,1,2,1,1.0,6.0
201100064354,0011-01-13 19:00:00,11,1,13,19,0,750,114,PORTE DE GENTILLY,,,Nuit avec éclairage allumé,En agglomération,Hors intersection,Normale,Deux véhicules - côté,,,,,,,,,,,5,2,1,1.0,3.0
201100064355,0011-01-14 17:40:00,11,1,14,17,40,750,113,QUAI D IVRY,,,Nuit avec éclairage allumé,En agglomération,Hors intersection,Pluie légère,Deux véhicules - arrière,,,,,,,,,,,5,2,1,2.0,2.0
201100064356,0011-01-15 13:45:00,11,1,15,13,45,750,112,ECHANGEUR BERCY,,,Plein jour,En agglomération,Hors intersection,Normale,Deux véhicules - arrière,,,,,,,,,,,1,2,1,1.0,2.0
201100064357,0011-01-15 17:00:00,11,1,15,17,0,750,112,PORTE DE VINCENNES,,,Plein jour,En agglomération,Hors intersection,Normale,Deux véhicules - côté,,,,,,,,,,,1,2,1,1.0,3.0
201100064358,0011-01-16 18:20:00,11,1,16,18,20,750,112,PORTE DOREE,,,Nuit avec éclairage allumé,En agglomération,Hors intersection,Normale,Autre collision,,,,,,,,,,,5,2,1,1.0,6.0
201100064359,0011-01-16 18:55:00,11,1,16,18,55,750,120,PORTE DE MONTREUIL,,,Nuit avec éclairage allumé,En agglomération,Hors intersection,Normale,Trois véhicules et plus - en chaîne,,,,,,,,,,,5,2,1,1.0,4.0
201100064360,0011-01-17 07:00:00,11,1,17,7,0,750,113,PORTE D ITALIE,,,Nuit avec éclairage allumé,En agglomération,Hors intersection,Brouillard / fumée,Deux véhicules - côté,,,,,,,,,,,5,2,1,5.0,3.0
201100064361,0011-01-17 09:20:00,11,1,17,9,20,750,113,PORTE D ITALIE,,,Plein jour,En agglomération,Hors intersection,Normale,Trois véhicules et plus - en chaîne,,,,,,,,,,,1,2,1,1.0,4.0
201100064362,0011-01-17 15:50:00,11,1,17,15,50,750,113,PORTE D IVRY,,,Plein jour,En agglomération,Hors intersection,Normale,Deux véhicules - arrière,,,,,,,,,,,1,2,1,1.0,2.0
201100064363,0011-01-17 19:50:00,11,1,17,19,50,750,112,ECHANGEUR BERCY,,,Plein jour,En agglomération,Hors intersection,Normale,Trois véhicules et plus - en chaîne,,,,,,,,,,,1,2,1,1.0,4.0
201100064364,0011-01-17 22:20:00,11,1,17,22,20,750,113,BOULEVARD PERIPHERIQUE I,,,Nuit avec éclairage allumé,En agglomération,Hors intersection,Normale,Autre collision,,,,,,,,,,,5,2,1,1.0,6.0
201100064365,0011-01-18 17:10:00,11,1,18,17,10,750,119,PORTE DE PANTIN,,,Crépuscule ou aube,En agglomération,Hors intersection,Normale,Autre collision,,,,,,,,,,,2,2,1,1.0,6.0
201100064366,0011-01-20 15:47:00,11,1,20,15,47,750,120,PORTE DE MONTREUIL,,,Plein jour,En agglomération,Hors intersection,Normale,Trois véhicules et plus - en chaîne,,,,,,,,,,,1,2,1,1.0,4.0
201100064367,0011-01-20 16:50:00,11,1,20,16,50,750,117,PORTE DE CHAMPERRET,,,Plein jour,En agglomération,Hors intersection,Normale,Deux véhicules - arrière,,,,,,,,,,,1,2,1,1.0,2.0
201100064368,0011-01-20 19:00:00,11,1,20,19,0,750,113,ECHANGEUR ITALIE,,,Nuit avec éclairage allumé,En agglomération,Hors intersection,Normale,Deux véhicules - arrière,,,,,,,,,,,5,2,1,1.0,2.0
201100064369,0011-01-21 16:30:00,11,1,21,16,30,750,113,QUAI D IVRY,,,Plein jour,En agglomération,Intersection en Y,Normale,Deux véhicules - arrière,,,,,,,,,,,1,2,4,1.0,2.0
201100064370,0011-01-22 07:30:00,11,1,22,7,30,750,120,ECHANGEUR BAGNOLET,,,Nuit avec éclairage allumé,En agglomération,Hors intersection,Normale,Autre collision,,,,,,,,,,,5,2,1,1.0,6.0
201100064371,0011-01-22 08:40:00,11,1,22,8,40,750,116,PORTE DE SAINT CLOUD,,,Plein jour,En agglomération,Hors intersection,Normale,Deux véhicules - côté,,,,,,,,,,,1,2,1,1.0,3.0
201100064372,0011-01-23 18:30:00,11,1,23,18,30,750,120,ECHANGEUR BAGNOLET,,,Nuit avec éclairage allumé,En agglomération,Hors intersection,Normale,Autre collision,,,,,,,,,,,5,2,1,1.0,6.0
201100064373,0011-01-24 10:30:00,11,1,24,10,30,750,112,PORTE DE VINCENNES,,,Plein jour,En agglomération,Intersection en Y,Normale,Deux véhicules - arrière,,,,,,,,,,,1,2,4,1.0,2.0
201100064374,0011-01-24 23:25:00,11,1,24,23,25,750,113,BOULEVARD PERIPHERIQUE I,,,Nuit avec éclairage allumé,En agglomération,Hors intersection,Normale,Trois véhicules et plus - en chaîne,,,,,,,,,,,5,2,1,1.0,4.0
201100064375,0011-01-25 08:50:00,11,1,25,8,50,750,120,PORTE DE MONTREUIL,,,Plein jour,En agglomération,Hors intersection,Normale,Trois véhicules et plus - en chaîne,,,,,,,,,,,1,2,1,1.0,4.0
201100064376,0011-01-25 08:00:00,11,1,25,8,0,750,118,PORTE DE LA CHAPELLE,,,Plein jour,En agglomération,Hors intersection,Normale,Deux véhicules - arrière,,,,,,,,,,,1,2,1,1.0,2.0
201100064377,0011-01-25 17:45:00,11,1,25,17,45,750,120,PORTE DE BAGNOLET,,,Crépuscule ou aube,En agglomération,Hors intersection,Normale,Deux véhicules - arrière,,,,,,,,,,,2,2,1,1.0,2.0
201100064378,0011-01-26 02:50:00,11,1,26,2,50,750,112,BOULEVARD PERIPHERIQUE I,,,Nuit avec éclairage allumé,En agglomération,Hors intersection,Normale,Deux véhicules - arrière,,,,,,,,,,,5,2,1,1.0,2.0
201100064379,0011-01-26 14:15:00,11,1,26,14,15,750,119,PORTE D AUBERVILLIERS,,,Plein jour,En agglomération,Hors intersection,Normale,Deux véhicules - arrière,,,,,,,,,,,1,2,1,1.0,2.0
201100064380,0011-01-26 19:30:00,11,1,26,19,30,750,117,PORTE DE CHAMPERRET,,,Nuit avec éclairage allumé,En agglomération,Hors intersection,Normale,Deux véhicules - côté,,,,,,,,,,,5,2,1,1.0,3.0
201100064381,0011-01-27 08:30:00,11,1,27,8,30,750,120,PORTE DES LILAS,,,Plein jour,En agglomération,Hors intersection,Normale,Autre collision,,,,,,,,,,,1,2,1,1.0,6.0
201100064382,0011-01-28 15:30:00,11,1,28,15,30,750,116,PORTE DE SAINT CLOUD,,,Plein jour,En agglomération,Hors intersection,Normale,Deux véhicules - côté,,,,,,,,,,,1,2,1,1.0,3.0
201100064383,0011-01-28 19:40:00,11,1,28,19,40,750,119,BOULEVARD PERIPHERIQUE I,,,Nuit avec éclairage allumé,En agglomération,Hors intersection,Normale,Autre collision,,,,,,,,,,,5,2,1,1.0,6.0
201100064384,0011-01-28 23:15:00,11,1,28,23,15,750,119,BOULEVARD PERIPHERIQUE E,,,Nuit avec éclairage allumé,En agglomération,Hors intersection,Normale,Autre collision,,,,,,,,,,,5,2,1,1.0,6.0
201100064385,0011-01-29 19:30:00,11,1,29,19,30,750,116,PORTE DE SAINT CLOUD,,,Nuit avec éclairage allumé,En agglomération,Hors intersection,Normale,Trois véhicules et plus - en chaîne,,,,,,,,,,,5,2,1,1.0,4.0
201100064386,0011-01-30 16:20:00,11,1,30,16,20,750,112,PORTE DOREE,,,Plein jour,En agglomération,Hors intersection,Normale,Trois véhicules et plus - en chaîne,,,,,,,,,,,1,2,1,1.0,4.0
201100064387,0011-01-31 07:40:00,11,1,31,7,40,750,120,PORTE DE BAGNOLET,,,Crépuscule ou aube,En agglomération,Hors intersection,Normale,Deux véhicules - côté,,,,,,,,,,,2,2,1,1.0,3.0
201100064388,0011-01-31 10:05:00,11,1,31,10,5,750,120,PORTE DES LILAS,,,Plein jour,En agglomération,Hors intersection,Normale,Deux véhicules - arrière,,,,,,,,,,,1,2,1,1.0,2.0
201100064389,0011-01-31 19:54:00,11,1,31,19,54,750,113,PORTE D ITALIE,,,Nuit avec éclairage allumé,En agglomération,Hors intersection,Normale,Trois véhicules et plus - en chaîne,,,,,,,,,,,5,2,1,1.0,4.0
201100064390,0011-02-01 07:40:00,11,2,1,7,40,750,118,PORTE DE LA CHAPELLE,,,Plein jour,En agglomération,Hors intersection,Normale,Deux véhicules - arrière,,,,,,,,,,,1,2,1,1.0,2.0