accident_id,datetime,annee,mois,jour,heure,minute,departement,commune_insee,adresse,latitude,longitude,luminosite,agglomeration,intersection,meteo,collision,nb_vehicules,nb_usagers,nb_indemnes,nb_tues,nb_blesses_hosp,nb_blesses_legers,age_cond_1,age_cond_2,veh_type_cond_1,veh_type_cond_2,lum_code,agg_code,int_code,atm_code,col_code
201100064649,0011-06-16 18:00:00,11,6,16,18,0,750,120,ECHANGEUR BAGNOLET,,,Plein jour,En agglomération,Hors intersection,Normale,Deux véhicules - côté,,,,,,,,,,,1,2,1,1.0,3.0
201100064650,0011-06-16 16:20:00,11,6,16,16,20,750,119,PORTE DES LILAS,,,Plein jour,En agglomération,Hors intersection,Normale,Trois véhicules et plus - en chaîne,,,,,,,,,,,1,2,1,1.0,4.0
201100064651,0011-06-19 00:10:00,11,6,19,0,10,750,115,BOULEVARD PERIPHERIQUE E,,,Nuit avec éclairage allumé,En agglomération,Hors intersection,Normale,Autre collision,,,,,,,,,,,5,2,1,1.0,6.0
201100064652,0011-06-19 16:25:00,11,6,19,16,25,750,120,PORTE DE MONTREUIL,,,Plein jour,En agglomération,Hors intersection,Normale,Sans collision,,,,,,,,,,,1,2,1,1.0,7.0
201100064653,0011-06-21 23:20:00,11,6,21,23,20,750,119,BOULEVARD PERIPHERIQUE I,,,Nuit avec éclairage allumé,En agglomération,Hors intersection,Normale,Deux véhicules - côté,,,,,,,,,,,5,2,1,1.0,3.0
201100064654,0011-06-22 04:13:00,11,6,22,4,13,750,118,PORTE DE CLIGNANCOURT,,,Crépuscule ou aube,En agglomération,Hors intersection,Normale,Autre collision,,,,,,,,,,,2,2,1,1.0,6.0
201100064655,0011-06-22 08:55:00,11,6,22,8,55,750,113,BOULEVARD PERIPHERIQUE,,,Plein jour,En agglomération,Hors intersection,Pluie forte,Autre collision,,,,,,,,,,,1,2,1,3.0,6.0
201100064656,0011-06-23 08:10:00,11,6,23,8,10,750,112,PORTE DE SAINT MANDE,,,Plein jour,En agglomération,Hors intersection,Normale,Deux véhicules - côté,,,,,,,,,,,1,2,1,1.0,3.0
201100064657,0011-06-23 15:30:00,11,6,23,15,30,750,117,PORTE DE SAINT OUEN,,,Plein jour,En agglomération,Hors intersection,Normale,Sans collision,,,,,,,,,,,1,2,1,1.0,7.0
201100064658,0011-06-23 17:30:00,11,6,23,17,30,750,119,PORTE D AUBERVILLIERS,,,Plein jour,En agglomération,Hors intersection,Normale,Sans collision,,,,,,,,,,,1,2,1,1.0,7.0
201100064659,0011-06-24 07:20:00,11,6,24,7,20,750,117,SOUTERRAIN ASNIERES,,,Plein jour,En agglomération,Hors intersection,Normale,Deux véhicules - arrière,,,,,,,,,,,1,2,1,1.0,2.0
201100064660,0011-06-24 13:00:00,11,6,24,13,0,750,116,PORTE DE SAINT CLOUD,,,Plein jour,En agglomération,Hors intersection,Normale,Deux véhicules - côté,,,,,,,,,,,1,2,1,1.0,3.0
201100064661,0011-06-24 16:45:00,11,6,24,16,45,750,119,PORTE D AUBERVILLIERS,,,Plein jour,En agglomération,Hors intersection,Normale,Sans collision,,,,,,,,,,,1,2,1,1.0,7.0
201100064662,0011-06-24 19:05:00,11,6,24,19,5,750,112,BOULEVARD PERIPHERIQUE,,,Plein jour,En agglomération,Hors intersection,Normale,Deux véhicules - côté,,,,,,,,,,,1,2,1,1.0,3.0
201100064663,0011-06-24 16:45:00,11,6,24,16,45,750,118,ECHANGEUR CHAPELLE,,,Plein jour,En agglomération,Hors intersection,Normale,Autre collision,,,,,,,,,,,1,2,1,1.0,6.0
201100064664,0011-06-25 11:25:00,11,6,25,11,25,750,120,PORTE DE MONTREUIL,,,Plein jour,En agglomération,Hors intersection,Normale,Deux véhicules - arrière,,,,,,,,,,,1,2,1,1.0,2.0
201100064665,0011-06-25 11:32:00,11,6,25,11,32,750,118,ECHANGEUR CHAPELLE,,,Plein jour,En agglomération,Intersection en Y,Normale,Deux véhicules - côté,,,,,,,,,,,1,2,4,1.0,3.0
201100064666,0011-06-25 21:25:00,11,6,25,21,25,750,115,PORTE DE SEVRES,,,Crépuscule ou aube,En agglomération,Hors intersection,Normale,Deux véhicules - arrière,,,,,,,,,,,2,2,1,1.0,2.0
201100064667,0011-06-25 19:55:00,11,6,25,19,55,750,116,PORTE DE SAINT CLOUD,,,Plein jour,En agglomération,Hors intersection,Normale,Deux véhicules - côté,,,,,,,,,,,1,2,1,1.0,3.0
201100064668,0011-06-25 18:55:00,11,6,25,18,55,750,116,PORTE DE SAINT CLOUD,,,Nuit avec éclairage allumé,En agglomération,Hors intersection,Normale,Deux véhicules - arrière,,,,,,,,,,,5,2,1,1.0,2.0
201100064669,0011-06-27 08:40:00,11,6,27,8,40,750,114,PORTE D ORLEANS,,,Plein jour,En agglomération,Hors intersection,Normale,Deux véhicules - arrière,,,,,,,,,,,1,2,1,1.0,2.0
201100064670,0011-06-27 19:30:00,11,6,27,19,30,750,113,BOULEVARD PERIPHERIQUE I,,,Plein jour,En agglomération,Hors intersection,Normale,Deux véhicules - arrière,,,,,,,,,,,1,2,1,1.0,2.0
201100064671,0011-06-27 19:30:00,11,6,27,19,30,750,113,PORTE DE GENTILLY,,,Plein jour,En agglomération,Hors intersection,Normale,Trois véhicules et plus - en chaîne,,,,,,,,,,,1,2,1,1.0,4.0
201100064672,0011-06-28 07:10:00,11,6,28,7,10,750,119,PORTE DE LA VILLETTE,,,Plein jour,En agglomération,Hors intersection,Normale,Trois véhicules et plus - en chaîne,,,,,,,,,,,1,2,1,1.0,4.0
201100064673,0011-06-28 15:20:00,11,6,28,15,20,750,113,PORTE D IVRY,,,Plein jour,En agglomération,Hors intersection,Normale,Trois véhicules et plus - en chaîne,,,,,,,,,,,1,2,1,1.0,4.0
201100064674,0011-06-28 18:30:00,11,6,28,18,30,750,120,PORTE DE MONTREUIL,,,Plein jour,En agglomération,Hors intersection,Normale,Deux véhicules - côté,,,,,,,,,,,1,2,1,1.0,3.0
201100064675,0011-06-29 15:05:00,11,6,29,15,5,750,119,PORTE DE LA VILLETTE,,,Plein jour,En agglomération,Hors intersection,Normale,Deux véhicules - côté,,,,,,,,,,,1,2,1,1.0,3.0
201100064676,0011-06-30 09:15:00,11,6,30,9,15,750,119,PORTE DE PANTIN,,,Plein jour,En agglomération,Hors intersection,Normale,Trois véhicules et plus - en chaîne,,,,,,,,,,,1,2,1,1.0,4.0
201100064677,0011-06-30 13:00:00,11,6,30,13,0,750,113,PORTE D IVRY,,,Plein jour,En agglomération,Hors intersection,Temps éblouissant,Trois véhicules et plus - en chaîne,,,,,,,,,,,1,2,1,7.0,4.0
201100064678,0011-06-30 17:30:00,11,6,30,17,30,750,119,PORTE DE LA VILLETTE,,,Plein jour,En agglomération,Hors intersection,Normale,Deux véhicules - côté,,,,,,,,,,,1,2,1,1.0,3.0
201100064679,0011-06-30 18:55:00,11,6,30,18,55,750,112,ECHANGEUR BERCY,,,Plein jour,En agglomération,Hors intersection,Normale,Deux véhicules - arrière,,,,,,,,,,,1,2,1,1.0,2.0
201100064680,0011-07-01 06:50:00,11,7,1,6,50,750,120,PORTE DES LILAS,,,Plein jour,En agglomération,Hors intersection,Normale,Sans collision,,,,,,,,,,,1,2,1,1.0,7.0
201100064681,0011-07-01 10:25:00,11,7,1,10,25,750,118,PORTE DE CLIGNANCOURT,,,Plein jour,En agglomération,Hors intersection,Normale,Sans collision,,,,,,,,,,,1,2,1,1.0,7.0
201100064682,0011-07-01 14:50:00,11,7,1,14,50,750,120,PORTE DE VINCENNES,,,Plein jour,En agglomération,Hors intersection,Normale,Deux véhicules - côté,,,,,,,,,,,1,2,1,1.0,3.0
201100064683,0011-07-01 14:45:00,11,7,1,14,45,750,116,PORTE DE SAINT CLOUD,,,Plein jour,En agglomération,Hors intersection,Normale,Sans collision,,,,,,,,,,,1,2,1,1.0,7.0
201100064684,0011-07-01 16:20:00,11,7,1,16,20,750,112,PORTE DOREE,,,Plein jour,En agglomération,Hors intersection,Normale,Deux véhicules - arrière,,,,,,,,,,,1,2,1,1.0,2.0
201100064685,0011-07-01 17:20:00,11,7,1,17,20,750,119,PORTE D AUBERVILLIERS,,,Plein jour,En agglomération,Hors intersection,Normale,Deux véhicules - côté,,,,,,,,,,,1,2,1,1.0,3.0
201100064686,0011-07-01 22:15:00,11,7,1,22,15,750,118,ECHANGEUR CHAPELLE,,,Nuit avec éclairage allumé,En agglomération,Hors intersection,Normale,Sans collision,,,,,,,,,,,5,2,1,1.0,7.0
201100064687,0011-07-02 00:01:00,11,7,2,0,1,750,118,BOULEVARD PERIPHERIQUE E,,,Nuit avec éclairage allumé,En agglomération,Hors intersection,Normale,Autre collision,,,,,,,,,,,5,2,1,1.0,6.0
201100064688,0011-07-02 02:55:00,11,7,2,2,55,750,118,BOULEVARD PERIPHERIQUE I,,,Nuit avec éclairage allumé,En agglomération,Hors intersection,Normale,Sans collision,,,,,,,,,,,5,2,1,1.0,7.0
201100064689,0011-07-02 12:40:00,11,7,2,12,40,750,118,PORTE DE CLIGNANCOURT,,,Plein jour,En agglomération,Hors intersection,Normale,Deux véhicules - côté,,,,,,,,,,,1,2,1,1.0,3.0
201100064690,0011-07-02 15:20:00,11,7,2,15,20,750,113,ECHANGEUR ITALIE,,,Plein jour,En agglomération,Hors intersection,Normale,Deux véhicules - arrière,,,,,,,,,,,1,2,1,1.0,2.0
201100064691,0011-07-03 09:05:00,11,7,3,9,5,750,118,BOULEVARD PERIPHERIQUE E,,,Plein jour,En agglomération,Hors intersection,Normale,Deux véhicules - arrière,,,,,,,,,,,1,2,1,1.0,2.0
201100064692,0011-07-03 13:00:00,11,7,3,13,0,750,116,ECHANGEUR SAINT CLOUD,,,Plein jour,En agglomération,Hors intersection,Normale,Autre collision,,,,,,,,,,,1,2,1,1.0,6.0
201100064693,0011-07-03 16:25:00,11,7,3,16,25,750,115,PORTE BRANCION,,,Plein jour,En agglomération,Hors intersection,Normale,Deux véhicules - côté,,,,,,,,,,,1,2,1,1.0,3.0
201100064694,0011-07-03 18:28:00,11,7,3,18,28,750,119,PORTE DE LA VILLETTE,,,Plein jour,En agglomération,Hors intersection,Normale,Deux véhicules - arrière,,,,,,,,,,,1,2,1,1.0,2.0
201100064695,0011-07-04 10:50:00,11,7,4,10,50,750,116,PORTE DE PASSY,,,Plein jour,En agglomération,Hors intersection,Normale,Deux véhicules - côté,,,,,,,,,,,1,2,1,1.0,3.0
201100064696,0011-07-04 16:30:00,11,7,4,16,30,750,119,AVENUE DE LA PORTE DE PA,,,Plein jour,En agglomération,Hors intersection,Normale,Trois véhicules et plus - en chaîne,,,,,,,,,,,1,2,1,1.0,4.0
201100064697,0011-07-04 18:05:00,11,7,4,18,5,750,119,PORTE D AUBERVILLIERS,,,Plein jour,En agglomération,Hors intersection,Normale,Deux véhicules - côté,,,,,,,,,,,1,2,1,1.0,3.0
201100064698,0011-07-04 18:35:00,11,7,4,18,35,750,112,PORTE DE CHARENTON,,,Plein jour,En agglomération,Hors intersection,Normale,Deux véhicules - arrière,,,,,,,,,,,1,2,1,1.0,2.0
201100064699,0011-07-04 16:40:00,11,7,4,16,40,750,112,ECHANGEUR BERCY,,,Plein jour,En agglomération,Hors intersection,Temps éblouissant,Deux véhicules - arrière,,,,,,,,,,,1,2,1,7.0,2.0
201100064700,0011-07-05 05:50:00,11,7,5,5,50,750,118,ECHANGEUR CHAPELLE,,,Plein jour,En agglomération,Intersection en Y,Normale,Deux véhicules - côté,,,,,,,,,,,1,2,4,1.0,3.0
201100064701,0011-07-05 07:45:00,11,7,5,7,45,750,120,ECHANGEUR BAGNOLET,,,Plein jour,En agglomération,Hors intersection,Normale,Deux véhicules - côté,,,,,,,,,,,1,2,1,1.0,3.0
201100064702,0011-07-05 11:00:00,11,7,5,11,0,750,117,PORTE MAILLOT,,,Plein jour,En agglomération,Hors intersection,Normale,Autre collision,,,,,,,,,,,1,2,1,1.0,6.0
201100064703,0011-07-05 13:00:00,11,7,5,13,0,750,114,PORTE D ORLEANS,,,Plein jour,En agglomération,Hors intersection,Normale,Deux véhicules - arrière,,,,,,,,,,,1,2,1,1.0,2.0
201100064704,0011-07-06 19:45:00,11,7,6,19,45,750,119,PORTE DE PANTIN,,,Plein jour,En agglomération,Hors intersection,Normale,Deux véhicules - arrière,,,,,,,,,,,1,2,1,1.0,2.0
201100064705,0011-07-07 09:10:00,11,7,7,9,10,750,113,QUAI D IVRY,,,Plein jour,En agglomération,Intersection en Y,Normale,Deux véhicules - côté,,,,,,,,,,,1,2,4,1.0,3.0
201100064706,0011-07-07 10:00:00,11,7,7,10,0,750,119,PORTE DE LA VILLETTE,,,Plein jour,En agglomération,Hors intersection,Normale,Deux véhicules - côté,,,,,,,,,,,1,2,1,1.0,3.0
201100064707,0011-07-07 11:25:00,11,7,7,11,25,750,112,PORTE DE CHARENTON,,,Plein jour,En agglomération,Hors intersection,Normale,Deux véhicules - côté,,,,,,,,,,,1,2,1,1.0,3.0
201100064708,0011-07-07 16:30:00,11,7,7,16,30,750,120,PORTE DE BAGNOLET,,,Plein jour,En agglomération,Hors intersection,Normale,Trois véhicules et plus - en chaîne,,,,,,,,,,,1,2,1,1.0,4.0
201100064709,0011-07-07 17:15:00,11,7,7,17,15,750,115,PORTE DE SEVRES,,,Plein jour,En agglomération,Hors intersection,Normale,Trois véhicules et plus - en chaîne,,,,,,,,,,,1,2,1,1.0,4.0
201100064710,0011-07-07 17:40:00,11,7,7,17,40,750,117,ECHANGEUR TERNES,,,Plein jour,En agglomération,Hors intersection,Normale,Autre collision,,,,,,,,,,,1,2,1,1.0,6.0
201100064711,0011-07-08 13:45:00,11,7,8,13,45,750,119,PORTE DU PRE SAINT GERVA,,,Plein jour,En agglomération,Hors intersection,Normale,Deux véhicules - côté,,,,,,,,,,,1,2,1,1.0,3.0
201100064712,0011-07-08 14:50:00,11,7,8,14,50,750,116,ECHANGEUR MUETTE,,,Plein jour,En agglomération,Intersection en Y,Normale,Sans collision,,,,,,,,,,,1,2,4,1.0,7.0
201100064713,0011-07-08 20:10:00,11,7,8,20,10,750,118,PORTE DE SAINT OUEN,,,Crépuscule ou aube,En agglomération,Hors intersection,Normale,Trois véhicules et plus - en chaîne,,,,,,,,,,,2,2,1,1.0,4.0
201100064714,0011-07-10 16:15:00,11,7,10,16,15,750,114,PORTE D ORLEANS,,,Plein jour,En agglomération,Intersection en Y,Normale,Trois véhicules et plus - collisions multiples,,,,,,,,,,,1,2,4,1.0,5.0
201100064715,0011-07-11 18:55:00,11,7,11,18,55,750,114,PORTE DE CHATILLON,,,Plein jour,En agglomération,Hors intersection,Normale,Deux véhicules - arrière,,,,,,,,,,,1,2,1,1.0,2.0
201100064716,0011-07-11 15:30:00,11,7,11,15,30,750,118,PORTE DE SAINT OUEN,,,Plein jour,En agglomération,Hors intersection,Normale,Sans collision,,,,,,,,,,,1,2,1,1.0,7.0
201100064717,0011-07-11 19:50:00,11,7,11,19,50,750,118,PORTE DE CLIGNANCOURT,,,Plein jour,En agglomération,Hors intersection,Normale,Trois véhicules et plus - en chaîne,,,,,,,,,,,1,2,1,1.0,4.0
201100064718,0011-07-12 07:40:00,11,7,12,7,40,750,113,PORTE D IVRY,,,Plein jour,En agglomération,Hors intersection,Normale,Deux véhicules - côté,,,,,,,,,,,1,2,1,1.0,3.0
201100064719,0011-07-12 22:05:00,11,7,12,22,5,750,119,PORTE DE LA VILLETTE,,,Nuit avec éclairage allumé,En agglomération,Hors intersection,Normale,Deux véhicules - arrière,,,,,,,,,,,5,2,1,1.0,2.0
201100064720,0011-07-13 00:50:00,11,7,13,0,50,750,112,ECHANGEUR BERCY,,,Nuit avec éclairage allumé,En agglomération,Hors intersection,Pluie légère,Sans collision,,,,,,,,,,,5,2,1,2.0,7.0
201100064721,0011-07-13 08:30:00,11,7,13,8,30,750,115,PORTE DE VANVES,,,Nuit avec éclairage allumé,En agglomération,Hors intersection,Pluie légère,Deux véhicules - côté,,,,,,,,,,,5,2,1,2.0,3.0
201100064722,0011-07-13 08:25:00,11,7,13,8,25,750,112,PORTE DOREE,,,Plein jour,En agglomération,Hors intersection,Normale,Sans collision,,,,,,,,,,,1,2,1,1.0,7.0
201100064723,0011-07-16 15:15:00,11,7,16,15,15,750,120,PORTE DE BAGNOLET,,,Plein jour,En agglomération,Hors intersection,Normale,Deux véhicules - arrière,,,,,,,,,,,1,2,1,1.0,2.0
201100064724,0011-07-17 10:00:00,11,7,17,10,0,750,113,PORTE D ITALIE,,,Plein jour,En agglomération,Intersection en Y,Normale,Deux véhicules - côté,,,,,,,,,,,1,2,4,1.0,3.0
201100064725,0011-07-18 17:20:00,11,7,18,17,20,750,116,ECHANGEUR MUETTE,,,Plein jour,En agglomération,Hors intersection,Normale,Sans collision,,,,,,,,,,,1,2,1,1.0,7.0
201100064726,0011-07-21 18:40:00,11,7,21,18,40,750,114,ECHANGEUR ORLEANS,,,Plein jour,En agglomération,Hors intersection,Normale,Deux véhicules - arrière,,,,,,,,,,,1,2,1,1.0,2.0
201100064727,0011-07-21 18:20:00,11,7,21,18,20,750,114,PORTE D ORLEANS,,,Plein jour,En agglomération,Hors intersection,Normale,Deux véhicules - arrière,,,,,,,,,,,1,2,1,1.0,2.0
201100064728,0011-07-22 00:10:00,11,7,22,0,10,750,113,BOULEVARD PERIPHERIQUE I,,,Nuit avec éclairage allumé,En agglomération,Hors intersection,Normale,Autre collision,,,,,,,,,,,5,2,1,1.0,6.0
201100064729,0011-07-22 16:50:00,11,7,22,16,50,750,116,PORTE DE PASSY,,,Plein jour,En agglomération,Hors intersection,Pluie légère,Deux véhicules - arrière,,,,,,,,,,,1,2,1,2.0,2.0
201100064730,0011-07-23 12:25:00,11,7,23,12,25,750,113,QUAI D IVRY,,,Plein jour,En agglomération,Hors intersection,Normale,Trois véhicules et plus - en chaîne,,,,,,,,,,,1,2,1,1.0,4.0
201100064731,0011-07-23 21:20:00,11,7,23,21,20,750,118,ECHANGEUR CHAPELLE,,,Nuit avec éclairage allumé,En agglomération,Hors intersection,Normale,Autre collision,,,,,,,,,,,5,2,1,1.0,6.0
201100064732,0011-07-23 21:40:00,11,7,23,21,40,750,119,PORTE DE PANTIN,,,Nuit sans éclairage public,En agglomération,Hors intersection,Normale,Autre collision,,,,,,,,,,,3,2,1,1.0,6.0
201100064733,0011-07-24 01:35:00,11,7,24,1,35,750,112,ECHANGEUR BERCY,,,Nuit avec éclairage allumé,En agglomération,Intersection en Y,Normale,Autre collision,,,,,,,,,,,5,2,4,1.0,6.0
201100064734,0011-07-24 09:40:00,11,7,24,9,40,750,113,QUAI D IVRY,,,Plein jour,En agglomération,Hors intersection,Normale,Deux véhicules - arrière,,,,,,,,,,,1,2,1,1.0,2.0
201100064735,0011-07-24 18:20:00,11,7,24,18,20,750,120,PORTE DE MONTREUIL,,,Plein jour,En agglomération,Hors intersection,Normale,Deux véhicules - arrière,,,,,,,,,,,1,2,1,1.0,2.0
201100064736,0011-07-25 22:43:00,11,7,25,22,43,750,119,BOULEVARD PERIPHERIQUE I,,,Nuit avec éclairage allumé,En agglomération,Hors intersection,Normale,Sans collision,,,,,,,,,,,5,2,1,1.0,7.0
201100064737,0011-07-26 11:40:00,11,7,26,11,40,750,118,PORTE D AUBERVILLIERS,,,Plein jour,En agglomération,Hors intersection,Normale,Autre collision,,,,,,,,,,,1,2,1,1.0,6.0
201100064738,0011-07-26 22:55:00,11,7,26,22,55,750,113,BOULEVARD PERIPHERIQUE I,,,Nuit avec éclairage allumé,En agglomération,Intersection en Y,Normale,Deux véhicules - arrière,,,,,,,,,,,5,2,4,1.0,2.0
201100064739,0011-07-28 16:30:00,11,7,28,16,30,750,116,CHAUSSEE LA MUETTE,,,Nuit avec éclairage allumé,En agglomération,Hors intersection,Normale,Deux véhicules - côté,,,,,,,,,,,5,2,1,1.0,3.0
201100064740,0011-07-28 17:35:00,11,7,28,17,35,750,116,PORTE DAUPHINE,,,Plein jour,En agglomération,Hors intersection,Pluie légère,Trois véhicules et plus - en chaîne,,,,,,,,,,,1,2,1,2.0,4.0
201100064741,0011-07-28 15:30:00,11,7,28,15,30,750,117,PORTE DE CHAMPERRET,,,Plein jour,En agglomération,Hors intersection,Normale,Trois véhicules et plus - en chaîne,,,,,,,,,,,1,2,1,1.0,4.0
201100064742,0011-07-29 17:10:00,11,7,29,17,10,750,112,BOULEVARD PERIPHERIQUE I,,,Plein jour,En agglomération,Hors intersection,Normale,Autre collision,,,,,,,,,,,1,2,1,1.0,6.0
201100064743,0011-07-29 16:30:00,11,7,29,16,30,750,120,PORTE DES LILAS,,,Plein jour,En agglomération,Hors intersection,Normale,Deux véhicules - arrière,,,,,,,,,,,1,2,1,1.0,2.0
201100064744,0011-07-29 18:30:00,11,7,29,18,30,750,118,PORTE D AUBERVILLIERS,,,Plein jour,En agglomération,Hors intersection,Normale,Deux véhicules - arrière,,,,,,,,,,,1,2,1,1.0,2.0
201100064745,0011-07-30 22:25:00,11,7,30,22,25,750,118,BOULEVARD PERIPHERIQUE E,,,Nuit avec éclairage allumé,En agglomération,Hors intersection,Normale,Autre collision,,,,,,,,,,,5,2,1,1.0,6.0
201100064746,0011-07-31 17:20:00,11,7,31,17,20,750,113,PORTE D ITALIE,,,Plein jour,En agglomération,Hors intersection,Normale,Deux véhicules - côté,,,,,,,,,,,1,2,1,1.0,3.0
201100064747,0011-08-01 19:15:00,11,8,1,19,15,750,114,PORTE DE GENTILLY,,,Plein jour,En agglomération,Hors intersection,Normale,Deux véhicules - côté,,,,,,,,,,,1,2,1,1.0,3.0
201100064748,0011-08-02 09:45:00,11,8,2,9,45,750,118,PORTE DE LA CHAPELLE,,,Plein jour,En agglomération,Hors intersection,Normale,Autre collision,,,,,,,,,,,1,2,1,1.0,6.0
201100064749,0011-08-03 15:45:00,11,8,3,15,45,750,114,PORTE DE CHATILLON,,,Plein jour,En agglomération,Hors intersection,Normale,Trois véhicules et plus - en chaîne,,,,,,,,,,,1,2,1,1.0,4.0
201100064750,0011-08-03 17:20:00,11,8,3,17,20,750,118,ECHANGEUR AUBERVILLIERS,,,Plein jour,En agglomération,Intersection en Y,Normale,Autre collision,,,,,,,,,,,1,2,4,1.0,6.0
201100064751,0011-08-06 00:01:00,11,8,6,0,1,750,118,BOULEVARD PERIPHERIQUE E,,,Nuit avec éclairage allumé,En agglomération,Hors intersection,Normale,Autre collision,,,,,,,,,,,5,2,1,1.0,6.0
201100064752,0011-08-06 23:15:00,11,8,6,23,15,750,114,ECHANGEUR GENTILLY,,,Nuit avec éclairage allumé,En agglomération,Hors intersection,Pluie légère,Autre collision,,,,,,,,,,,5,2,1,2.0,6.0
201100064753,0011-08-10 01:20:00,11,8,10,1,20,750,114,ECHANGEUR GENTILLY,,,Nuit avec éclairage allumé,En agglomération,Intersection en Y,Normale,Autre collision,,,,,,,,,,,5,2,4,1.0,6.0
201100064754,0011-08-10 19:20:00,11,8,10,19,20,750,119,PORTE DE PANTIN,,,Plein jour,En agglomération,Hors intersection,Normale,Sans collision,,,,,,,,,,,1,2,1,1.0,7.0
201100064755,0011-08-11 00:25:00,11,8,11,0,25,750,117,BOULEVARD PERIPHERIQUE E,,,Nuit avec éclairage allumé,En agglomération,Intersection en Y,Normale,Autre collision,,,,,,,,,,,5,2,4,1.0,6.0
201100064756,0011-08-11 15:35:00,11,8,11,15,35,750,112,BOULEVARD PERIPHERIQUE I,,,Plein jour,En agglomération,Hors intersection,Normale,Deux véhicules - côté,,,,,,,,,,,1,2,1,1.0,3.0
201100064757,0011-08-11 19:45:00,11,8,11,19,45,750,120,PORTE DE MONTREUIL,,,Plein jour,En agglomération,Hors intersection,Normale,Deux véhicules - côté,,,,,,,,,,,1,2,1,1.0,3.0
201100064758,0011-08-12 10:45:00,11,8,12,10,45,750,117,PORTE MAILLOT,,,Plein jour,En agglomération,Hors intersection,Normale,Deux véhicules - côté,,,,,,,,,,,1,2,1,1.0,3.0
201100064759,0011-08-15 04:50:00,11,8,15,4,50,750,114,ECHANGEUR ORLEANS,,,Nuit avec éclairage allumé,En agglomération,Hors intersection,Normale,Autre collision,,,,,,,,,,,5,2,1,1.0,6.0
201100064760,0011-08-16 14:10:00,11,8,16,14,10,750,114,PORTE D ORLEANS,,,Plein jour,En agglomération,Hors intersection,Normale,Autre collision,,,,,,,,,,,1,2,1,1.0,6.0
201100064761,0011-08-16 19:30:00,11,8,16,19,30,750,113,PORTE D IVRY,,,Plein jour,En agglomération,Hors intersection,Normale,Deux véhicules - arrière,,,,,,,,,,,1,2,1,1.0,2.0
201100064762,0011-08-20 02:20:00,11,8,20,2,20,750,115,BOULEVARD PERIPHERIQUE I,,,Nuit avec éclairage allumé,En agglomération,Hors intersection,Normale,Autre collision,,,,,,,,,,,5,2,1,1.0,6.0
201100064763,0011-08-20 18:15:00,11,8,20,18,15,750,113,QUAI D IVRY,,,Plein jour,En agglomération,Hors intersection,Normale,Trois véhicules et plus - en chaîne,,,,,,,,,,,1,2,1,1.0,4.0
201100064764,0011-08-21 06:00:00,11,8,21,6,0,750,113,BOULEVARD PERIPHERIQUE I,,,Nuit avec éclairage non allumé,En agglomération,Hors intersection,Pluie légère,Sans collision,,,,,,,,,,,4,2,1,2.0,7.0
201100064765,0011-08-22 18:40:00,11,8,22,18,40,750,113,PORTE D IVRY,,,Plein jour,En agglomération,Hors intersection,Normale,Deux véhicules - arrière,,,,,,,,,,,1,2,1,1.0,2.0
201100064766,0011-08-23 19:15:00,11,8,23,19,15,750,116,ECHANGEUR MUETTE,,,Plein jour,En agglomération,Hors intersection,Normale,Trois véhicules et plus - en chaîne,,,,,,,,,,,1,2,1,1.0,4.0
201100064767,0011-08-25 09:45:00,11,8,25,9,45,750,119,PORTE DE LA VILLETTE,,,Plein jour,En agglomération,Hors intersection,Normale,Trois véhicules et plus - en chaîne,,,,,,,,,,,1,2,1,1.0,4.0
201100064768,0011-08-26 08:30:00,11,8,26,8,30,750,120,ECHANGEUR BAGNOLET,,,Plein jour,En agglomération,Hors intersection,Pluie légère,Autre collision,,,,,,,,,,,1,2,1,2.0,6.0
201100064769,0011-08-26 16:15:00,11,8,26,16,15,750,118,PORTE D AUBERVILLIERS,,,Plein jour,En agglomération,Hors intersection,Normale,Trois véhicules et plus - en chaîne,,,,,,,,,,,1,2,1,1.0,4.0
201100064770,0011-08-26 18:45:00,11,8,26,18,45,750,119,PORTE DE PANTIN,,,Plein jour,En agglomération,Hors intersection,Normale,Deux véhicules - arrière,,,,,,,,,,,1,2,1,1.0,2.0
201100064771,0011-08-27 16:50:00,11,8,27,16,50,750,112,PORTE DE CHARENTON,,,Plein jour,En agglomération,Hors intersection,Pluie forte,Trois véhicules et plus - en chaîne,,,,,,,,,,,1,2,1,3.0,4.0
201100064772,0011-08-28 14:00:00,11,8,28,14,0,750,120,PORTE DE BAGNOLET,,,Plein jour,En agglomération,Intersection en Y,Normale,Autre collision,,,,,,,,,,,1,2,4,1.0,6.0
201100064773,0011-08-28 16:05:00,11,8,28,16,5,750,114,PORTE D ORLEANS,,,Plein jour,En agglomération,Hors intersection,Normale,Deux véhicules - arrière,,,,,,,,,,,1,2,1,1.0,2.0
201100064774,0011-08-29 07:30:00,11,8,29,7,30,750,119,PORTE DE LA VILLETTE,,,Plein jour,En agglomération,Intersection en Y,Normale,Deux véhicules - côté,,,,,,,,,,,1,2,4,1.0,3.0
201100064775,0011-08-29 08:00:00,11,8,29,8,0,750,118,ECHANGEUR CHAPELLE,,,Plein jour,En agglomération,Hors intersection,Normale,Trois véhicules et plus - en chaîne,,,,,,,,,,,1,2,1,1.0,4.0
201100064776,0011-08-29 15:40:00,11,8,29,15,40,750,120,PORTE DE MONTREUIL,,,Plein jour,En agglomération,Hors intersection,Normale,Trois véhicules et plus - en chaîne,,,,,,,,,,,1,2,1,1.0,4.0
201100064777,0011-08-29 14:20:00,11,8,29,14,20,750,112,PORTE DE VINCENNES,,,Plein jour,En agglomération,Hors intersection,Normale,Trois véhicules et plus - en chaîne,,,,,,,,,,,1,2,1,1.0,4.0