accident_id,datetime,annee,mois,jour,heure,minute,departement,commune_insee,adresse,latitude,longitude,luminosite,agglomeration,intersection,meteo,collision,nb_vehicules,nb_usagers,nb_indemnes,nb_tues,nb_blesses_hosp,nb_blesses_legers,age_cond_1,age_cond_2,veh_type_cond_1,veh_type_cond_2,lum_code,agg_code,int_code,atm_code,col_code
201100064906,0011-10-31 11:00:00,11,10,31,11,0,750,116,PORTE DE PASSY,,,Plein jour,En agglomération,Intersection en Y,Normale,Deux véhicules - arrière,,,,,,,,,,,1,2,4,1.0,2.0
201100064907,0011-11-01 16:55:00,11,11,1,16,55,750,120,ECHANGEUR BAGNOLET,,,Crépuscule ou aube,En agglomération,Hors intersection,Temps couvert,Deux véhicules - arrière,,,,,,,,,,,2,2,1,8.0,2.0
201100064908,0011-11-02 17:00:00,11,11,2,17,0,750,116,PORTE DAUPHINE,,,Crépuscule ou aube,En agglomération,Hors intersection,Normale,Deux véhicules - côté,,,,,,,,,,,2,2,1,1.0,3.0
201100064909,0011-11-02 15:30:00,11,11,2,15,30,750,114,PORTE DE CHATILLON,,,Plein jour,En agglomération,Hors intersection,Normale,Trois véhicules et plus - en chaîne,,,,,,,,,,,1,2,1,1.0,4.0
201100064910,0011-11-02 20:20:00,11,11,2,20,20,750,118,PORTE D AUBERVILLIERS,,,Nuit avec éclairage allumé,En agglomération,Hors intersection,Normale,Autre collision,,,,,,,,,,,5,2,1,1.0,6.0
201100064911,0011-11-03 09:15:00,11,11,3,9,15,750,119,PORTE DE PANTIN,,,Plein jour,En agglomération,Hors intersection,Pluie légère,Trois véhicules et plus - en chaîne,,,,,,,,,,,1,2,1,2.0,4.0
201100064912,0011-11-07 10:00:00,11,11,7,10,0,750,114,PORTE D ORLEANS,,,Plein jour,En agglomération,Hors intersection,Normale,Sans collision,,,,,,,,,,,1,2,1,1.0,7.0
201100064913,0011-11-07 16:00:00,11,11,7,16,0,750,115,QUAI D ISSY LES MOULINEA,,,Plein jour,En agglomération,Hors intersection,Normale,Deux véhicules - côté,,,,,,,,,,,1,2,1,1.0,3.0
201100064914,0011-11-07 21:50:00,11,11,7,21,50,750,113,ECHANGEUR ITALIE,,,Nuit avec éclairage allumé,En agglomération,Intersection en Y,Normale,Autre collision,,,,,,,,,,,5,2,4,1.0,6.0
201100064915,0011-11-08 08:30:00,11,11,8,8,30,750,114,PORTE BRANCION,,,Nuit avec éclairage allumé,En agglomération,Hors intersection,Normale,Autre collision,,,,,,,,,,,5,2,1,1.0,6.0
201100064916,0011-11-08 09:40:00,11,11,8,9,40,750,119,PORTE D AUBERVILLIERS,,,Plein jour,En agglomération,Hors intersection,Normale,Deux véhicules - côté,,,,,,,,,,,1,2,1,1.0,3.0
201100064917,0011-11-08 18:15:00,11,11,8,18,15,750,120,ECHANGEUR BAGNOLET,,,Nuit avec éclairage allumé,En agglomération,Intersection en Y,Normale,Autre collision,,,,,,,,,,,5,2,4,1.0,6.0
201100064918,0011-11-09 13:20:00,11,11,9,13,20,750,117,BOULEVARD PERIPHERIQUE I,,,Plein jour,En agglomération,Hors intersection,Normale,Trois véhicules et plus - en chaîne,,,,,,,,,,,1,2,1,1.0,4.0
201100064919,0011-11-09 16:00:00,11,11,9,16,0,750,117,PORTE D ASNIERES,,,Plein jour,En agglomération,Hors intersection,Normale,Deux véhicules - côté,,,,,,,,,,,1,2,1,1.0,3.0
201100064920,0011-11-09 18:00:00,11,11,9,18,0,750,119,PORTE DES LILAS,,,Crépuscule ou aube,En agglomération,Hors intersection,Normale,Deux véhicules - arrière,,,,,,,,,,,2,2,1,1.0,2.0
201100064921,0011-11-09 19:35:00,11,11,9,19,35,750,120,PORTE DE VINCENNES,,,Nuit avec éclairage allumé,En agglomération,Hors intersection,Normale,Deux véhicules - arrière,,,,,,,,,,,5,2,1,1.0,2.0
201100064922,0011-11-10 10:40:00,11,11,10,10,40,750,120,PORTE DE BAGNOLET,,,Plein jour,En agglomération,Hors intersection,Normale,Autre collision,,,,,,,,,,,1,2,1,1.0,6.0
201100064923,0011-11-10 17:30:00,11,11,10,17,30,750,120,ECHANGEUR BAGNOLET,,,Nuit avec éclairage allumé,En agglomération,Hors intersection,Normale,Sans collision,,,,,,,,,,,5,2,1,1.0,7.0
201100064924,0011-11-10 20:30:00,11,11,10,20,30,750,114,PORTE BRANCION,,,Nuit avec éclairage allumé,En agglomération,Hors intersection,Normale,Trois véhicules et plus - en chaîne,,,,,,,,,,,5,2,1,1.0,4.0
201100064925,0011-11-11 12:10:00,11,11,11,12,10,750,116,PORTE D AUTEUIL,,,Plein jour,En agglomération,Hors intersection,Normale,Trois véhicules et plus - en chaîne,,,,,,,,,,,1,2,1,1.0,4.0
201100064926,0011-11-11 15:40:00,11,11,11,15,40,750,117,PORTE DE SAINT OUEN,,,Plein jour,En agglomération,Hors intersection,Normale,Sans collision,,,,,,,,,,,1,2,1,1.0,7.0
201100064927,0011-11-11 17:00:00,11,11,11,17,0,750,114,PORTE DE GENTILLY,,,Nuit avec éclairage allumé,En agglomération,Hors intersection,Normale,Trois véhicules et plus - en chaîne,,,,,,,,,,,5,2,1,1.0,4.0
201100064928,0011-11-11 19:10:00,11,11,11,19,10,750,113,PORTE D IVRY,,,Nuit avec éclairage allumé,En agglomération,Hors intersection,Normale,Deux véhicules - côté,,,,,,,,,,,5,2,1,1.0,3.0
201100064929,0011-11-12 19:00:00,11,11,12,19,0,750,115,PORTE DE LA PLAINE,,,Nuit avec éclairage allumé,En agglomération,Hors intersection,Normale,Trois véhicules et plus - en chaîne,,,,,,,,,,,5,2,1,1.0,4.0
201100064930,0011-11-13 16:15:00,11,11,13,16,15,750,119,PORTE DE LA VILLETTE,,,Plein jour,En agglomération,Hors intersection,Normale,Deux véhicules - arrière,,,,,,,,,,,1,2,1,1.0,2.0
201100064931,0011-11-14 17:30:00,11,11,14,17,30,750,116,PORTE DAUPHINE,,,Nuit avec éclairage allumé,En agglomération,Hors intersection,Normale,Deux véhicules - arrière,,,,,,,,,,,5,2,1,1.0,2.0
201100064932,0011-11-14 16:30:00,11,11,14,16,30,750,116,PORTE DE SAINT CLOUD,,,Plein jour,En agglomération,Hors intersection,Normale,Deux véhicules - arrière,,,,,,,,,,,1,2,1,1.0,2.0
201100064933,0011-11-15 08:15:00,11,11,15,8,15,750,118,PORTE DE CLIGNANCOURT,,,Plein jour,En agglomération,Hors intersection,Normale,Deux véhicules - côté,,,,,,,,,,,1,2,1,1.0,3.0
201100064934,0011-11-15 11:15:00,11,11,15,11,15,750,114,PORTE DE CHATILLON,,,Plein jour,En agglomération,Hors intersection,Normale,Trois véhicules et plus - en chaîne,,,,,,,,,,,1,2,1,1.0,4.0
201100064935,0011-11-15 08:53:00,11,11,15,8,53,750,112,PORTE DOREE,,,Plein jour,En agglomération,Hors intersection,Normale,Deux véhicules - arrière,,,,,,,,,,,1,2,1,1.0,2.0
201100064936,0011-11-15 18:00:00,11,11,15,18,0,750,116,PORTE MAILLOT,,,Nuit avec éclairage allumé,En agglomération,Hors intersection,Normale,Trois véhicules et plus - en chaîne,,,,,,,,,,,5,2,1,1.0,4.0
201100064937,0011-11-15 18:15:00,11,11,15,18,15,750,118,PORTE DE LA CHAPELLE,,,Nuit avec éclairage allumé,En agglomération,Hors intersection,Normale,Autre collision,,,,,,,,,,,5,2,1,1.0,6.0
201100064938,0011-11-15 21:35:00,11,11,15,21,35,750,120,PORTE DE MONTREUIL,,,Nuit avec éclairage allumé,En agglomération,Hors intersection,Normale,Autre collision,,,,,,,,,,,5,2,1,1.0,6.0
201100064939,0011-11-16 08:15:00,11,11,16,8,15,750,116,PORTE D AUTEUIL,,,Plein jour,En agglomération,Hors intersection,Normale,Deux véhicules - arrière,,,,,,,,,,,1,2,1,1.0,2.0
201100064940,0011-11-16 11:35:00,11,11,16,11,35,750,118,PORTE D AUBERVILLIERS,,,Plein jour,En agglomération,Hors intersection,Normale,Autre collision,,,,,,,,,,,1,2,1,1.0,6.0
201100064941,0011-11-16 18:50:00,11,11,16,18,50,750,120,PORTE DE MONTREUIL,,,Nuit avec éclairage allumé,En agglomération,Hors intersection,Normale,Deux véhicules - côté,,,,,,,,,,,5,2,1,1.0,3.0
201100064942,0011-11-18 10:00:00,11,11,18,10,0,750,117,PORTE D ASNIERES,,,Plein jour,En agglomération,Hors intersection,Normale,Deux véhicules - côté,,,,,,,,,,,1,2,1,1.0,3.0
201100064943,0011-11-18 20:05:00,11,11,18,20,5,750,113,ECHANGEUR BERCY,,,Nuit avec éclairage allumé,En agglomération,Hors intersection,Normale,Deux véhicules - côté,,,,,,,,,,,5,2,1,1.0,3.0
201100064944,0011-11-18 19:50:00,11,11,18,19,50,750,116,PORTE DAUPHINE,,,Nuit avec éclairage allumé,En agglomération,Hors intersection,Normale,Sans collision,,,,,,,,,,,5,2,1,1.0,7.0
201100064945,0011-11-19 20:10:00,11,11,19,20,10,750,113,PORTE D ITALIE,,,Nuit avec éclairage non allumé,En agglomération,Hors intersection,Normale,Deux véhicules - arrière,,,,,,,,,,,4,2,1,1.0,2.0
201100064946,0011-11-19 20:30:00,11,11,19,20,30,750,120,PORTE DE BAGNOLET,,,Nuit avec éclairage non allumé,En agglomération,Hors intersection,Normale,Deux véhicules - côté,,,,,,,,,,,4,2,1,1.0,3.0
201100064947,0011-11-20 15:15:00,11,11,20,15,15,750,113,QUAI D IVRY,,,Plein jour,En agglomération,Hors intersection,Normale,Trois véhicules et plus - en chaîne,,,,,,,,,,,1,2,1,1.0,4.0
201100064948,0011-11-21 20:25:00,11,11,21,20,25,750,120,ECHANGEUR BAGNOLET,,,Nuit avec éclairage allumé,En agglomération,Hors intersection,Normale,Autre collision,,,,,,,,,,,5,2,1,1.0,6.0
201100064949,0011-11-22 11:30:00,11,11,22,11,30,750,114,PORTE DE GENTILLY,,,Plein jour,En agglomération,Hors intersection,Normale,Trois véhicules et plus - en chaîne,,,,,,,,,,,1,2,1,1.0,4.0
201100064950,0011-11-22 16:55:00,11,11,22,16,55,750,119,PORTE D AUBERVILLIERS,,,Crépuscule ou aube,En agglomération,Hors intersection,Normale,Autre collision,,,,,,,,,,,2,2,1,1.0,6.0
201100064951,0011-11-23 08:00:00,11,11,23,8,0,750,116,PORTE DAUPHINE,,,Plein jour,En agglomération,Hors intersection,Normale,Autre collision,,,,,,,,,,,1,2,1,1.0,6.0
201100064952,0011-11-24 18:15:00,11,11,24,18,15,750,116,BOULEVARD PERIPHERIQUE I,,,Nuit avec éclairage allumé,En agglomération,Hors intersection,Normale,Deux véhicules - arrière,,,,,,,,,,,5,2,1,1.0,2.0
201100064953,0011-11-25 16:15:00,11,11,25,16,15,750,112,ECHANGEUR BERCY,,,Plein jour,En agglomération,Hors intersection,Normale,Autre collision,,,,,,,,,,,1,2,1,1.0,6.0
201100064954,0011-11-25 21:30:00,11,11,25,21,30,750,115,PORTE DE SEVRES,,,Nuit avec éclairage allumé,En agglomération,Hors intersection,Normale,Deux véhicules - côté,,,,,,,,,,,5,2,1,1.0,3.0
201100064955,0011-11-26 13:10:00,11,11,26,13,10,750,117,PORTE DE SAINT OUEN,,,Plein jour,En agglomération,Hors intersection,Normale,Deux véhicules - arrière,,,,,,,,,,,1,2,1,1.0,2.0
201100064956,0011-11-29 08:20:00,11,11,29,8,20,750,117,PORTE MAILLOT,,,Plein jour,En agglomération,Hors intersection,Normale,Deux véhicules - arrière,,,,,,,,,,,1,2,1,1.0,2.0
201100064957,0011-11-29 09:15:00,11,11,29,9,15,750,114,PORTE DE GENTILLY,,,Plein jour,En agglomération,Hors intersection,Normale,Deux véhicules - côté,,,,,,,,,,,1,2,1,1.0,3.0
201100064958,0011-11-29 18:00:00,11,11,29,18,0,750,119,PORTE DE LA VILLETTE,,,Nuit avec éclairage allumé,En agglomération,Hors intersection,Normale,Deux véhicules - arrière,,,,,,,,,,,5,2,1,1.0,2.0
201100064959,0011-11-30 09:50:00,11,11,30,9,50,750,116,PORTE DE SAINT CLOUD,,,Plein jour,En agglomération,Hors intersection,Normale,Deux véhicules - arrière,,,,,,,,,,,1,2,1,1.0,2.0
201100064960,0011-11-30 12:45:00,11,11,30,12,45,750,119,PORTE D AUBERVILLIERS,,,Plein jour,En agglomération,Hors intersection,Normale,Deux véhicules - côté,,,,,,,,,,,1,2,1,1.0,3.0
201100064961,0011-12-01 09:15:00,11,12,1,9,15,750,119,PORTE DE PANTIN,,,Plein jour,En agglomération,Hors intersection,Normale,Sans collision,,,,,,,,,,,1,2,1,1.0,7.0
201100064962,0011-12-02 10:00:00,11,12,2,10,0,750,113,PORTE D ITALIE,,,Plein jour,En agglomération,Hors intersection,Normale,Deux véhicules - côté,,,,,,,,,,,1,2,1,1.0,3.0
201100064963,0011-12-02 10:10:00,11,12,2,10,10,750,114,AVENUE DE LA PORTE BRANC,,,Plein jour,En agglomération,Hors intersection,Normale,Deux véhicules - arrière,,,,,,,,,,,1,2,1,1.0,2.0
201100064964,0011-12-02 12:35:00,11,12,2,12,35,750,120,PORTE DE BAGNOLET,,,Plein jour,En agglomération,Hors intersection,Normale,Trois véhicules et plus - en chaîne,,,,,,,,,,,1,2,1,1.0,4.0
201100064965,0011-12-02 17:15:00,11,12,2,17,15,750,113,PORTE DE GENTILLY,,,Crépuscule ou aube,En agglomération,Hors intersection,Normale,Deux véhicules - côté,,,,,,,,,,,2,2,1,1.0,3.0
201100064966,0011-12-03 01:00:00,11,12,3,1,0,750,114,BOULEVARD PERIPHERIQUE E,,,Nuit avec éclairage allumé,En agglomération,Hors intersection,Normale,Deux véhicules - arrière,,,,,,,,,,,5,2,1,1.0,2.0
201100064967,0011-12-03 10:45:00,11,12,3,10,45,750,120,ECHANGEUR BAGNOLET,,,Plein jour,En agglomération,Hors intersection,Pluie légère,Autre collision,,,,,,,,,,,1,2,1,2.0,6.0
201100064968,0011-12-03 11:50:00,11,12,3,11,50,750,116,ECHANGEUR MUETTE,,,Plein jour,En agglomération,Hors intersection,Pluie légère,Deux véhicules - côté,,,,,,,,,,,1,2,1,2.0,3.0
201100064969,0011-12-04 12:00:00,11,12,4,12,0,750,118,PORTE DE LA CHAPELLE,,,Plein jour,En agglomération,Hors intersection,Pluie légère,Autre collision,,,,,,,,,,,1,2,1,2.0,6.0
201100064970,0011-12-04 16:19:00,11,12,4,16,19,750,113,QUAI D IVRY,,,Crépuscule ou aube,En agglomération,Hors intersection,Pluie légère,Deux véhicules - côté,,,,,,,,,,,2,2,1,2.0,3.0
201100064971,0011-12-05 02:15:00,11,12,5,2,15,750,113,PORTE D ITALIE,,,Nuit avec éclairage allumé,En agglomération,Hors intersection,Pluie légère,Autre collision,,,,,,,,,,,5,2,1,2.0,6.0
201100064972,0011-12-05 02:40:00,11,12,5,2,40,750,117,BOULEVARD PERIPHERIQUE E,,,Nuit avec éclairage allumé,En agglomération,Hors intersection,Pluie légère,Autre collision,,,,,,,,,,,5,2,1,2.0,6.0
201100064973,0011-12-06 09:20:00,11,12,6,9,20,750,117,PORTE DE CHAMPERRET,,,Plein jour,En agglomération,Hors intersection,Normale,Deux véhicules - arrière,,,,,,,,,,,1,2,1,1.0,2.0
201100064974,0011-12-06 10:25:00,11,12,6,10,25,750,115,PORTE DE SEVRES,,,Plein jour,En agglomération,Hors intersection,Normale,Deux véhicules - arrière,,,,,,,,,,,1,2,1,1.0,2.0
201100064975,0011-12-06 18:30:00,11,12,6,18,30,750,117,PORTE DE SAINT OUEN,,,Nuit avec éclairage allumé,En agglomération,Hors intersection,Pluie légère,Sans collision,,,,,,,,,,,5,2,1,2.0,7.0
201100064976,0011-12-07 00:01:00,11,12,7,0,1,750,120,PORTE DE BAGNOLET,,,Nuit avec éclairage allumé,En agglomération,Intersection en Y,Pluie légère,Deux véhicules - côté,,,,,,,,,,,5,2,4,2.0,3.0
201100064977,0011-12-07 07:45:00,11,12,7,7,45,750,114,PORTE DE VANVES,,,Plein jour,En agglomération,Hors intersection,Normale,Deux véhicules - arrière,,,,,,,,,,,1,2,1,1.0,2.0
201100064978,0011-12-07 14:00:00,11,12,7,14,0,750,113,QUAI D IVRY,,,Plein jour,En agglomération,Hors intersection,Pluie légère,Deux véhicules - arrière,,,,,,,,,,,1,2,1,2.0,2.0
201100064979,0011-12-07 16:15:00,11,12,7,16,15,750,120,PORTE DE BAGNOLET,,,Crépuscule ou aube,En agglomération,Hors intersection,Pluie légère,Deux véhicules - arrière,,,,,,,,,,,2,2,1,2.0,2.0
201100064980,0011-12-07 18:20:00,11,12,7,18,20,750,118,PORTE DE CLIGNANCOURT,,,Nuit avec éclairage allumé,En agglomération,Hors intersection,Normale,Deux véhicules - arrière,,,,,,,,,,,5,2,1,1.0,2.0
201100064981,0011-12-08 07:50:00,11,12,8,7,50,750,112,PORTE DE VINCENNES,,,Nuit sans éclairage public,En agglomération,Hors intersection,Normale,Sans collision,,,,,,,,,,,3,2,1,1.0,7.0
201100064982,0011-12-08 16:10:00,11,12,8,16,10,750,115,PORTE DE VANVES,,,Plein jour,En agglomération,Hors intersection,Normale,Deux véhicules - arrière,,,,,,,,,,,1,2,1,1.0,2.0
201100064983,0011-12-09 09:45:00,11,12,9,9,45,750,114,PORTE D ORLEANS,,,Plein jour,En agglomération,Hors intersection,Pluie légère,Sans collision,,,,,,,,,,,1,2,1,2.0,7.0
201100064984,0011-12-09 11:10:00,11,12,9,11,10,750,120,PORTE DE MONTREUIL,,,Plein jour,En agglomération,Hors intersection,Pluie légère,Deux véhicules - côté,,,,,,,,,,,1,2,1,2.0,3.0
201100064985,0011-12-09 11:30:00,11,12,9,11,30,750,112,PORTE DE CHARENTON,,,Plein jour,En agglomération,Hors intersection,Pluie légère,Deux véhicules - côté,,,,,,,,,,,1,2,1,2.0,3.0
201100064986,0011-12-09 20:30:00,11,12,9,20,30,750,116,ECHANGEUR MUETTE,,,Nuit avec éclairage allumé,En agglomération,Hors intersection,Normale,Trois véhicules et plus - en chaîne,,,,,,,,,,,5,2,1,1.0,4.0
201100064987,0011-12-09 17:40:00,11,12,9,17,40,750,118,PORTE D AUBERVILLIERS,,,Nuit avec éclairage allumé,En agglomération,Hors intersection,Normale,Deux véhicules - côté,,,,,,,,,,,5,2,1,1.0,3.0
201100064988,0011-12-10 15:55:00,11,12,10,15,55,750,116,PORT DE PASSY,,,Crépuscule ou aube,En agglomération,Hors intersection,Normale,Deux véhicules - arrière,,,,,,,,,,,2,2,1,1.0,2.0
201100064989,0011-12-10 17:15:00,11,12,10,17,15,750,120,PORTE DE VINCENNES,,,Nuit avec éclairage allumé,En agglomération,Hors intersection,Normale,Deux véhicules - arrière,,,,,,,,,,,5,2,1,1.0,2.0
201100064990,0011-12-10 20:05:00,11,12,10,20,5,750,118,PORTE D AUBERVILLIERS,,,Nuit avec éclairage allumé,En agglomération,Hors intersection,Normale,Deux véhicules - côté,,,,,,,,,,,5,2,1,1.0,3.0
201100064991,0011-12-11 08:40:00,11,12,11,8,40,750,118,ECHANGEUR CHAPELLE,,,Plein jour,En agglomération,Intersection en Y,Normale,Autre collision,,,,,,,,,,,1,2,4,1.0,6.0
201100064992,0011-12-12 16:30:00,11,12,12,16,30,750,113,PORTE D ITALIE,,,Plein jour,En agglomération,Hors intersection,Normale,Trois véhicules et plus - en chaîne,,,,,,,,,,,1,2,1,1.0,4.0
201100064993,0011-12-12 17:10:00,11,12,12,17,10,750,115,PORTE DE SEVRES,,,Crépuscule ou aube,En agglomération,Hors intersection,Normale,Deux véhicules - arrière,,,,,,,,,,,2,2,1,1.0,2.0
201100064994,0011-12-14 13:20:00,11,12,14,13,20,750,119,PORTE DU PRE SAINT GERVA,,,Plein jour,En agglomération,Hors intersection,Normale,Deux véhicules - arrière,,,,,,,,,,,1,2,1,1.0,2.0
201100064995,0011-12-12 08:00:00,11,12,12,8,0,750,116,PORTE DAUPHINE,,,Crépuscule ou aube,En agglomération,Hors intersection,Normale,Deux véhicules - arrière,,,,,,,,,,,2,2,1,1.0,2.0
201100064996,0011-12-14 10:00:00,11,12,14,10,0,750,113,PORTE D ITALIE,,,Plein jour,En agglomération,Hors intersection,Pluie légère,Deux véhicules - arrière,,,,,,,,,,,1,2,1,2.0,2.0
201100064997,0011-12-14 20:05:00,11,12,14,20,5,750,113,PORTE D IVRY,,,Nuit avec éclairage allumé,En agglomération,Hors intersection,Normale,Deux véhicules - côté,,,,,,,,,,,5,2,1,1.0,3.0
201100064998,0011-12-14 20:40:00,11,12,14,20,40,750,112,ECHANGEUR BERCY,,,Nuit avec éclairage allumé,En agglomération,Hors intersection,Normale,Deux véhicules - arrière,,,,,,,,,,,5,2,1,1.0,2.0
201100064999,0011-12-12 11:15:00,11,12,12,11,15,750,114,PORTE D ORLEANS,,,Plein jour,En agglomération,Hors intersection,Normale,Deux véhicules - côté,,,,,,,,,,,1,2,1,1.0,3.0
201100065000,0011-12-15 11:15:00,11,12,15,11,15,750,120,PORTE DES LILAS,,,Plein jour,En agglomération,Hors intersection,Normale,Deux véhicules - côté,,,,,,,,,,,1,2,1,1.0,3.0
201100065001,0011-12-15 11:30:00,11,12,15,11,30,750,118,ECHANGEUR CHAPELLE,,,Plein jour,En agglomération,Hors intersection,Normale,Sans collision,,,,,,,,,,,1,2,1,1.0,7.0
201100065002,0011-12-15 13:30:00,11,12,15,13,30,750,120,PORTE DE MONTREUIL,,,Plein jour,En agglomération,Hors intersection,Normale,Deux véhicules - côté,,,,,,,,,,,1,2,1,1.0,3.0
201100065003,0011-12-15 19:10:00,11,12,15,19,10,750,112,PORTE DE CHARENTON,,,Nuit avec éclairage allumé,En agglomération,Hors intersection,Normale,Deux véhicules - côté,,,,,,,,,,,5,2,1,1.0,3.0
201100065004,0011-12-16 01:00:00,11,12,16,1,0,750,115,PORTE DE SEVRES,,,Nuit avec éclairage allumé,En agglomération,Hors intersection,Pluie forte,Sans collision,,,,,,,,,,,5,2,1,3.0,7.0
201100065005,0011-12-16 04:45:00,11,12,16,4,45,750,120,PORTE DES LILAS,,,Nuit avec éclairage allumé,En agglomération,Intersection en Y,Pluie forte,Autre collision,,,,,,,,,,,5,2,4,3.0,6.0
201100065006,0011-12-16 10:10:00,11,12,16,10,10,750,118,PORTE DE LA CHAPELLE,,,Plein jour,En agglomération,Hors intersection,Pluie légère,Sans collision,,,,,,,,,,,1,2,1,2.0,7.0
201100065007,0011-12-19 18:00:00,11,12,19,18,0,750,117,PORTE DE CHAMPERRET,,,Nuit avec éclairage allumé,En agglomération,Hors intersection,Pluie légère,Autre collision,,,,,,,,,,,5,2,1,2.0,6.0
201100065008,0011-12-20 09:40:00,11,12,20,9,40,750,118,PORTE DE SAINT OUEN,,,Plein jour,En agglomération,Hors intersection,Normale,Deux véhicules - arrière,,,,,,,,,,,1,2,1,1.0,2.0
201100065009,0011-12-20 09:15:00,11,12,20,9,15,750,117,PORTE DE SAINT OUEN,,,Plein jour,En agglomération,Hors intersection,Pluie légère,Trois véhicules et plus - en chaîne,,,,,,,,,,,1,2,1,2.0,4.0
201100065010,0011-12-21 13:30:00,11,12,21,13,30,750,118,PORTE DE SAINT OUEN,,,Plein jour,En agglomération,Hors intersection,Pluie légère,Deux véhicules - côté,,,,,,,,,,,1,2,1,2.0,3.0
201100065011,0011-12-21 13:00:00,11,12,21,13,0,750,118,ECHANGEUR CHAPELLE,,,Plein jour,En agglomération,Hors intersection,Pluie légère,Autre collision,,,,,,,,,,,1,2,1,2.0,6.0
201100065012,0011-12-22 07:45:00,11,12,22,7,45,750,119,PORTE D AUBERVILLIERS,,,Nuit avec éclairage allumé,En agglomération,Hors intersection,Pluie légère,Deux véhicules - côté,,,,,,,,,,,5,2,1,2.0,3.0
201100065013,0011-12-22 09:00:00,11,12,22,9,0,750,119,PORTE DE PANTIN,,,Plein jour,En agglomération,Hors intersection,Pluie légère,Sans collision,,,,,,,,,,,1,2,1,2.0,7.0
201100065014,0011-12-22 16:45:00,11,12,22,16,45,750,117,PORTE DE CLICHY,,,Crépuscule ou aube,En agglomération,Hors intersection,Normale,Autre collision,,,,,,,,,,,2,2,1,1.0,6.0
201100065015,0011-12-24 10:40:00,11,12,24,10,40,750,118,PORTE DE CLIGNANCOURT,,,Plein jour,En agglomération,Hors intersection,Normale,Trois véhicules et plus - en chaîne,,,,,,,,,,,1,2,1,1.0,4.0
201100065016,0011-12-25 03:44:00,11,12,25,3,44,750,118,BOULEVARD PERIPHERIQUE I,,,Nuit avec éclairage allumé,En agglomération,Hors intersection,Normale,Deux véhicules - arrière,,,,,,,,,,,5,2,1,1.0,2.0
201100065017,0011-12-26 01:50:00,11,12,26,1,50,750,119,BOULEVARD PERIPHERIQUE E,,,Nuit avec éclairage non allumé,En agglomération,Hors intersection,Normale,Deux véhicules - arrière,,,,,,,,,,,4,2,1,1.0,2.0
201100065018,0011-12-26 19:20:00,11,12,26,19,20,750,119,PORTE DE LA VILLETTE,,,Nuit avec éclairage allumé,En agglomération,Hors intersection,Normale,Deux véhicules - arrière,,,,,,,,,,,5,2,1,1.0,2.0
201100065019,0011-12-27 06:45:00,11,12,27,6,45,750,112,ECHANGEUR BERCY,,,Nuit avec éclairage allumé,En agglomération,Intersection en Y,Normale,Deux véhicules - arrière,,,,,,,,,,,5,2,4,1.0,2.0
201100065020,0011-12-27 09:00:00,11,12,27,9,0,750,112,ECHANGEUR BERCY,,,Plein jour,En agglomération,Intersection en Y,Brouillard / fumée,Sans collision,,,,,,,,,,,1,2,4,5.0,7.0
201100065021,0011-12-27 11:55:00,11,12,27,11,55,750,113,RUE LACHELIER,,,Plein jour,En agglomération,Hors intersection,Normale,Trois véhicules et plus - en chaîne,,,,,,,,,,,1,2,1,1.0,4.0
201100065022,0011-12-29 09:50:00,11,12,29,9,50,750,118,PORTE DE LA CHAPELLE,,,Plein jour,En agglomération,Hors intersection,Normale,Trois véhicules et plus - collisions multiples,,,,,,,,,,,1,2,1,1.0,5.0
201100065023,0011-12-30 17:40:00,11,12,30,17,40,750,113,PORTE D ITALIE,,,Nuit avec éclairage allumé,En agglomération,Hors intersection,Pluie légère,Deux véhicules - côté,,,,,,,,,,,5,2,1,2.0,3.0
201100065024,0011-12-31 12:00:00,11,12,31,12,0,750,118,ECHANGEUR CHAPELLE,,,Plein jour,En agglomération,Hors intersection,Pluie légère,Autre collision,,,,,,,,,,,1,2,1,2.0,6.0
201100065025,0011-01-05 19:45:00,11,1,5,19,45,972,29,,,,Nuit avec éclairage allumé,Hors agglomération,Hors intersection,Normale,Trois véhicules et plus - en chaîne,,,,,,,,,,,5,1,1,1.0,4.0
201100065026,0011-02-13 17:15:00,11,2,13,17,15,972,29,parking du Patio de Clun,,,Plein jour,En agglomération,Hors intersection,Normale,Autre collision,,,,,,,,,,,1,2,1,1.0,6.0
201100065027,0011-02-18 21:30:00,11,2,18,21,30,972,5,RN2 - rue de l'Enclos,,,Nuit avec éclairage allumé,En agglomération,Hors intersection,Normale,Deux véhicules - côté,,,,,,,,,,,5,2,1,1.0,3.0
201100065028,0011-03-12 14:30:00,11,3,12,14,30,972,29,ROUTE DE TERREVILLE,,,Plein jour,En agglomération,Hors intersection,Pluie légère,Sans collision,,,,,,,,,,,1,2,1,2.0,7.0
201100065029,0011-03-12 08:00:00,11,3,12,8,0,972,5,,,,Plein jour,Hors agglomération,Hors intersection,Pluie légère,Deux véhicules - frontale,,,,,,,,,,,1,1,1,2.0,1.0
201100065030,0011-03-12 12:00:00,11,3,12,12,0,972,5,,,,Plein jour,Hors agglomération,Hors intersection,Pluie forte,Deux véhicules - côté,,,,,,,,,,,1,1,1,3.0,3.0
201100065031,0011-03-17 12:00:00,11,3,17,12,0,972,29,,,,Plein jour,Hors agglomération,Hors intersection,Normale,Sans collision,,,,,,,,,,,1,1,1,1.0,7.0