accident_id,datetime,annee,mois,jour,heure,minute,departement,commune_insee,adresse,latitude,longitude,luminosite,agglomeration,intersection,meteo,collision,nb_vehicules,nb_usagers,nb_indemnes,nb_tues,nb_blesses_hosp,nb_blesses_legers,age_cond_1,age_cond_2,veh_type_cond_1,veh_type_cond_2,lum_code,agg_code,int_code,atm_code,col_code
201100065032,0011-03-26 01:00:00,11,3,26,1,0,972,5,,,,Nuit sans éclairage public,Hors agglomération,Hors intersection,Normale,Deux véhicules - côté,,,,,,,,,,,3,1,1,1.0,3.0
201100065033,0011-03-26 22:30:00,11,3,26,22,30,972,29,Allée Louis Moreau GOTTS,,,Nuit avec éclairage allumé,En agglomération,Intersection en X,Normale,Autre collision,,,,,,,,,,,5,2,2,1.0,6.0
201100065034,0011-06-01 19:00:00,11,6,1,19,0,972,29,,,,Nuit avec éclairage allumé,En agglomération,Hors intersection,Normale,Autre collision,,,,,,,,,,,5,2,1,1.0,6.0
201100065035,0011-09-03 12:45:00,11,9,3,12,45,972,5,bourg RN2,,,Plein jour,En agglomération,Hors intersection,Normale,Deux véhicules - frontale,,,,,,,,,,,1,2,1,1.0,1.0
201100065036,0011-09-04 18:30:00,11,9,4,18,30,972,34,RN2 - place de la mairie,,,Crépuscule ou aube,En agglomération,Hors intersection,Normale,Autre collision,,,,,,,,,,,2,2,1,1.0,6.0
201100065037,0011-09-10 19:45:00,11,9,10,19,45,972,5,Le Bourg,,,Nuit avec éclairage allumé,En agglomération,Intersection en T,Pluie légère,Trois véhicules et plus - en chaîne,,,,,,,,,,,5,2,3,2.0,4.0
201100065038,0011-11-21 16:00:00,11,11,21,16,0,972,29,,,,Plein jour,Hors agglomération,Hors intersection,Pluie légère,Deux véhicules - frontale,,,,,,,,,,,1,1,1,2.0,1.0
201100065039,0011-11-27 14:15:00,11,11,27,14,15,972,29,,,,Plein jour,En agglomération,Hors intersection,Pluie légère,Autre collision,,,,,,,,,,,1,2,1,2.0,6.0
201100065040,0011-01-23 22:00:00,11,1,23,22,0,972,24,,,,Nuit sans éclairage public,Hors agglomération,Hors intersection,Normale,Autre collision,,,,,,,,,,,3,1,1,1.0,6.0
201100065041,0011-02-26 06:15:00,11,2,26,6,15,972,24,,,,Plein jour,Hors agglomération,Hors intersection,Normale,Deux véhicules - frontale,,,,,,,,,,,1,1,1,1.0,1.0
201100065042,0011-03-28 15:15:00,11,3,28,15,15,972,24,Chemin Séailles,,,Plein jour,En agglomération,Hors intersection,Temps couvert,Deux véhicules - côté,,,,,,,,,,,1,2,1,8.0,3.0
201100065043,0011-10-28 05:00:00,11,10,28,5,0,972,24,,,,Nuit sans éclairage public,Hors agglomération,Hors intersection,Normale,Sans collision,,,,,,,,,,,3,1,1,1.0,7.0
201100065044,0011-12-15 07:00:00,11,12,15,7,0,972,24,RN4 grosse gouttiere,,,Plein jour,En agglomération,Hors intersection,Normale,Autre collision,,,,,,,,,,,1,2,1,1.0,6.0
201100065045,0011-01-22 16:45:00,11,1,22,16,45,972,4,,,,Plein jour,Hors agglomération,Hors intersection,Normale,Sans collision,,,,,,,,,,,1,1,1,1.0,7.0
201100065046,0011-03-10 00:45:00,11,3,10,0,45,972,4,quartier le four,,,Nuit avec éclairage non allumé,En agglomération,Hors intersection,Normale,Sans collision,,,,,,,,,,,4,2,1,1.0,7.0
201100065047,0011-04-21 11:15:00,11,4,21,11,15,972,18,,,,Plein jour,Hors agglomération,Hors intersection,Normale,Autre collision,,,,,,,,,,,1,1,1,1.0,6.0
201100065048,0011-05-09 11:45:00,11,5,9,11,45,972,4,,,,Plein jour,Hors agglomération,Hors intersection,Normale,Trois véhicules et plus - collisions multiples,,,,,,,,,,,1,1,1,1.0,5.0
201100065049,0011-06-07 15:00:00,11,6,7,15,0,972,19,,,,Plein jour,Hors agglomération,Hors intersection,Normale,Sans collision,,,,,,,,,,,1,1,1,1.0,7.0
201100065050,0011-06-27 10:00:00,11,6,27,10,0,972,25,,,,Plein jour,Hors agglomération,Hors intersection,Normale,Autre collision,,,,,,,,,,,1,1,1,1.0,6.0
201100065051,0011-08-04 17:00:00,11,8,4,17,0,972,25,R Esclave Romain,,,Plein jour,En agglomération,Hors intersection,Normale,Autre collision,,,,,,,,,,,1,2,1,1.0,6.0
201100065052,0011-08-04 17:15:00,11,8,4,17,15,972,25,rue Victor Hugo,,,Plein jour,En agglomération,Hors intersection,Normale,Deux véhicules - frontale,,,,,,,,,,,1,2,1,1.0,1.0
201100065053,0011-08-15 19:45:00,11,8,15,19,45,972,8,,,,Nuit avec éclairage allumé,Hors agglomération,Hors intersection,Pluie légère,Autre collision,,,,,,,,,,,5,1,1,2.0,6.0
201100065054,0011-12-21 11:15:00,11,12,21,11,15,972,18,Rue Emile billon,,,Plein jour,En agglomération,Hors intersection,Normale,Autre collision,,,,,,,,,,,1,2,1,1.0,6.0
201100065055,0011-12-23 14:30:00,11,12,23,14,30,972,8,,,,Plein jour,Hors agglomération,Hors intersection,Normale,Sans collision,,,,,,,,,,,1,1,1,1.0,7.0
201100065056,0011-01-23 01:45:00,11,1,23,1,45,972,10,,,,Nuit sans éclairage public,Hors agglomération,Hors intersection,Normale,Deux véhicules - frontale,,,,,,,,,,,3,1,1,1.0,1.0
201100065057,0011-02-08 07:30:00,11,2,8,7,30,972,32,,,,Plein jour,Hors agglomération,Autre intersection,Normale,Autre collision,,,,,,,,,,,1,1,9,1.0,6.0
201100065058,0011-05-30 10:45:00,11,5,30,10,45,972,10,,,,Plein jour,Hors agglomération,Hors intersection,Normale,Sans collision,,,,,,,,,,,1,1,1,1.0,7.0
201100065059,0011-06-20 20:15:00,11,6,20,20,15,972,32,Intersection RN6 et RD5,,,Nuit sans éclairage public,En agglomération,Hors intersection,Normale,Deux véhicules - côté,,,,,,,,,,,3,2,1,1.0,3.0
201100065060,0011-07-13 17:00:00,11,7,13,17,0,972,32,,,,Nuit sans éclairage public,En agglomération,Hors intersection,Normale,Deux véhicules - côté,,,,,,,,,,,3,2,1,1.0,3.0
201100065061,0011-08-11 07:30:00,11,8,11,7,30,972,10,,,,Plein jour,Hors agglomération,Hors intersection,Normale,Deux véhicules - frontale,,,,,,,,,,,1,1,1,1.0,1.0
201100065062,0011-09-29 08:45:00,11,9,29,8,45,972,32,,,,Plein jour,Hors agglomération,Hors intersection,Normale,Deux véhicules - frontale,,,,,,,,,,,1,1,1,1.0,1.0
201100065063,0011-10-04 18:30:00,11,10,4,18,30,972,32,,,,Nuit sans éclairage public,Hors agglomération,Hors intersection,Normale,Autre collision,,,,,,,,,,,3,1,1,1.0,6.0
201100065064,0011-10-13 16:30:00,11,10,13,16,30,972,10,,,,Plein jour,Hors agglomération,Hors intersection,Normale,Deux véhicules - frontale,,,,,,,,,,,1,1,1,1.0,1.0
201100065065,0011-11-02 06:45:00,11,11,2,6,45,972,10,,,,Plein jour,Hors agglomération,Hors intersection,Normale,Deux véhicules - côté,,,,,,,,,,,1,1,1,1.0,3.0
201100065066,0011-12-10 09:45:00,11,12,10,9,45,972,10,,,,Plein jour,Hors agglomération,Hors intersection,Normale,Trois véhicules et plus - collisions multiples,,,,,,,,,,,1,1,1,1.0,5.0
201100065067,0011-01-22 05:15:00,11,1,22,5,15,972,7,,,,Nuit avec éclairage allumé,Hors agglomération,Giratoire,Pluie légère,Autre collision,,,,,,,,,,,5,1,6,2.0,6.0
201100065068,0011-03-21 12:30:00,11,3,21,12,30,972,7,rue Jules Ferry,,,Plein jour,En agglomération,Hors intersection,Normale,Autre collision,,,,,,,,,,,1,2,1,1.0,6.0
201100065069,0011-04-01 22:45:00,11,4,1,22,45,972,23,RD 06 quartier solitude,,,Nuit sans éclairage public,En agglomération,Hors intersection,Normale,Deux véhicules - côté,,,,,,,,,,,3,2,1,1.0,3.0
201100065070,0011-05-08 05:00:00,11,5,8,5,0,972,7,,,,Crépuscule ou aube,Hors agglomération,Hors intersection,Normale,Trois véhicules et plus - collisions multiples,,,,,,,,,,,2,1,1,1.0,5.0
201100065071,0011-05-21 10:00:00,11,5,21,10,0,972,7,QUARTIER BAC RN8,,,Plein jour,En agglomération,Hors intersection,Pluie forte,Sans collision,,,,,,,,,,,1,2,1,3.0,7.0
201100065072,0011-05-28 18:00:00,11,5,28,18,0,972,23,RD 6 - ROUTE DU FRANCOIS,,,Plein jour,En agglomération,Autre intersection,Normale,Deux véhicules - frontale,,,,,,,,,,,1,2,9,1.0,1.0
201100065073,0011-05-29 11:00:00,11,5,29,11,0,972,7,RD4 DE MORNE VERT,,,Plein jour,En agglomération,Hors intersection,Normale,Deux véhicules - frontale,,,,,,,,,,,1,2,1,1.0,1.0
201100065074,0011-06-05 17:30:00,11,6,5,17,30,972,7,,,,Plein jour,Hors agglomération,Autre intersection,Normale,Deux véhicules - frontale,,,,,,,,,,,1,1,9,1.0,1.0
201100065075,0011-07-06 06:30:00,11,7,6,6,30,972,7,QUARTIER LOURDES,,,Plein jour,En agglomération,Hors intersection,Normale,Deux véhicules - frontale,,,,,,,,,,,1,2,1,1.0,1.0
201100065076,0011-08-06 15:00:00,11,8,6,15,0,972,7,,,,Plein jour,Hors agglomération,Hors intersection,Normale,Trois véhicules et plus - collisions multiples,,,,,,,,,,,1,1,1,1.0,5.0
201100065077,0011-08-07 09:15:00,11,8,7,9,15,972,7,RN5/rond point Champigny,,,Plein jour,En agglomération,Giratoire,Pluie légère,Sans collision,,,,,,,,,,,1,2,6,2.0,7.0
201100065078,0011-09-27 07:45:00,11,9,27,7,45,972,7,Avenue Jean Jaur?s,,,Plein jour,En agglomération,Hors intersection,Normale,Deux véhicules - frontale,,,,,,,,,,,1,2,1,1.0,1.0
201100065079,0011-11-18 13:45:00,11,11,18,13,45,972,7,,,,Plein jour,Hors agglomération,Hors intersection,Normale,Autre collision,,,,,,,,,,,1,1,1,1.0,6.0
201100065080,0011-01-03 22:15:00,11,1,3,22,15,972,17,,,,Nuit sans éclairage public,Hors agglomération,Hors intersection,Normale,Sans collision,,,,,,,,,,,3,1,1,1.0,7.0
201100065081,0011-01-09 19:30:00,11,1,9,19,30,972,27,,,,Nuit avec éclairage non allumé,Hors agglomération,Hors intersection,Normale,Sans collision,,,,,,,,,,,4,1,1,1.0,7.0
201100065082,0011-01-29 19:15:00,11,1,29,19,15,972,20,,,,Nuit sans éclairage public,Hors agglomération,Hors intersection,Normale,Deux véhicules - frontale,,,,,,,,,,,3,1,1,1.0,1.0
201100065083,0011-02-05 17:15:00,11,2,5,17,15,972,17,av françois miterrand,,,Plein jour,En agglomération,Hors intersection,Temps éblouissant,Autre collision,,,,,,,,,,,1,2,1,7.0,6.0
201100065084,0011-02-23 17:45:00,11,2,23,17,45,972,17,,,,Plein jour,Hors agglomération,Hors intersection,Normale,Deux véhicules - arrière,,,,,,,,,,,1,1,1,1.0,2.0
201100065085,0011-02-26 17:45:00,11,2,26,17,45,972,26,,,,Crépuscule ou aube,Hors agglomération,Hors intersection,Normale,Deux véhicules - frontale,,,,,,,,,,,2,1,1,1.0,1.0
201100065086,0011-03-07 12:30:00,11,3,7,12,30,972,20,,,,Plein jour,Hors agglomération,Hors intersection,Normale,Autre collision,,,,,,,,,,,1,1,1,1.0,6.0
201100065087,0011-03-07 20:00:00,11,3,7,20,0,972,27,croisement RN5/ RD17,,,Nuit avec éclairage allumé,En agglomération,Hors intersection,Normale,Deux véhicules - côté,,,,,,,,,,,5,2,1,1.0,3.0
201100065088,0011-03-20 21:15:00,11,3,20,21,15,972,17,avenue François Mitteran,,,Nuit avec éclairage allumé,En agglomération,Autre intersection,Normale,Deux véhicules - arrière,,,,,,,,,,,5,2,9,1.0,2.0
201100065089,0011-06-13 17:30:00,11,6,13,17,30,972,27,,,,Plein jour,Hors agglomération,Hors intersection,Normale,Sans collision,,,,,,,,,,,1,1,1,1.0,7.0
201100065090,0011-07-23 20:00:00,11,7,23,20,0,972,26,,,,Nuit avec éclairage non allumé,Hors agglomération,Hors intersection,Normale,Autre collision,,,,,,,,,,,4,1,1,1.0,6.0
201100065091,0011-08-13 21:30:00,11,8,13,21,30,972,26,,,,Nuit avec éclairage allumé,Hors agglomération,Hors intersection,Normale,Deux véhicules - frontale,,,,,,,,,,,5,1,1,1.0,1.0
201100065092,0011-08-28 08:00:00,11,8,28,8,0,972,20,,,,Plein jour,Hors agglomération,Hors intersection,Normale,Deux véhicules - côté,,,,,,,,,,,1,1,1,1.0,3.0
201100065093,0011-08-30 07:15:00,11,8,30,7,15,972,20,,,,Plein jour,Hors agglomération,Hors intersection,Normale,Autre collision,,,,,,,,,,,1,1,1,1.0,6.0
201100065094,0011-09-06 16:30:00,11,9,6,16,30,972,17,,,,Plein jour,Hors agglomération,Hors intersection,Normale,Deux véhicules - côté,,,,,,,,,,,1,1,1,1.0,3.0
201100065095,0011-10-16 09:30:00,11,10,16,9,30,972,20,,,,Nuit sans éclairage public,Hors agglomération,Hors intersection,Temps couvert,Trois véhicules et plus - collisions multiples,,,,,,,,,,,3,1,1,8.0,5.0
201100065096,0011-10-19 15:45:00,11,10,19,15,45,972,20,,,,Plein jour,Hors agglomération,Hors intersection,Normale,Autre collision,,,,,,,,,,,1,1,1,1.0,6.0
201100065097,0011-11-03 18:45:00,11,11,3,18,45,972,26,,,,Nuit avec éclairage allumé,Hors agglomération,Hors intersection,Normale,Autre collision,,,,,,,,,,,5,1,1,1.0,6.0
201100065098,0011-11-06 06:45:00,11,11,6,6,45,972,27,,,,Plein jour,Hors agglomération,Hors intersection,Normale,Deux véhicules - frontale,,,,,,,,,,,1,1,1,1.0,1.0
201100065099,0011-11-16 18:45:00,11,11,16,18,45,972,17,N 6,,,Nuit avec éclairage allumé,En agglomération,Hors intersection,Normale,Deux véhicules - côté,,,,,,,,,,,5,2,1,1.0,3.0
201100065100,0011-01-15 06:30:00,11,1,15,6,30,972,21,,,,Crépuscule ou aube,Hors agglomération,Giratoire,Normale,Deux véhicules - frontale,,,,,,,,,,,2,1,6,1.0,1.0
201100065101,0011-01-24 13:15:00,11,1,24,13,15,972,31,,,,Plein jour,Hors agglomération,Hors intersection,Normale,Deux véhicules - côté,,,,,,,,,,,1,1,1,1.0,3.0
201100065102,0011-01-31 21:30:00,11,1,31,21,30,972,21,rue du Morne Costet,,,Nuit avec éclairage allumé,En agglomération,Hors intersection,Normale,Deux véhicules - côté,,,,,,,,,,,5,2,1,1.0,3.0
201100065103,0011-02-07 13:00:00,11,2,7,13,0,972,21,,,,Plein jour,En agglomération,Hors intersection,Normale,Deux véhicules - frontale,,,,,,,,,,,1,2,1,1.0,1.0
201100065104,0011-03-13 08:45:00,11,3,13,8,45,972,21,,,,Plein jour,Hors agglomération,Hors intersection,Normale,Deux véhicules - côté,,,,,,,,,,,1,1,1,1.0,3.0
201100065105,0011-04-24 09:15:00,11,4,24,9,15,972,21,,,,Plein jour,Hors agglomération,Hors intersection,Pluie légère,Deux véhicules - frontale,,,,,,,,,,,1,1,1,2.0,1.0
201100065106,0011-04-24 15:15:00,11,4,24,15,15,972,2,rue f?lix Ebou?,,,Plein jour,En agglomération,Hors intersection,Normale,Autre collision,,,,,,,,,,,1,2,1,1.0,6.0
201100065107,0011-06-02 10:30:00,11,6,2,10,30,972,6,,,,Plein jour,Hors agglomération,Hors intersection,Normale,Autre collision,,,,,,,,,,,1,1,1,1.0,6.0
201100065108,0011-06-13 02:45:00,11,6,13,2,45,972,21,,,,Nuit sans éclairage public,Hors agglomération,Hors intersection,Normale,Sans collision,,,,,,,,,,,3,1,1,1.0,7.0
201100065109,0011-07-28 23:30:00,11,7,28,23,30,972,21,,,,Nuit sans éclairage public,Hors agglomération,Hors intersection,Pluie légère,Trois véhicules et plus - en chaîne,,,,,,,,,,,3,1,1,2.0,4.0
201100065110,0011-08-06 10:00:00,11,8,6,10,0,972,21,Rue du Morne Costet,,,Plein jour,En agglomération,Hors intersection,Normale,Autre collision,,,,,,,,,,,1,2,1,1.0,6.0
201100065111,0011-08-06 16:00:00,11,8,6,16,0,972,31,,,,Plein jour,Hors agglomération,Hors intersection,Normale,Autre collision,,,,,,,,,,,1,1,1,1.0,6.0
201100065112,0011-08-09 13:30:00,11,8,9,13,30,972,6,Taupini?re,,,Plein jour,En agglomération,Autre intersection,Normale,Deux véhicules - côté,,,,,,,,,,,1,2,9,1.0,3.0
201100065113,0011-08-12 15:15:00,11,8,12,15,15,972,97,,,,Plein jour,Hors agglomération,Hors intersection,Normale,Trois véhicules et plus - collisions multiples,,,,,,,,,,,1,1,1,1.0,5.0
201100065114,0011-08-24 10:30:00,11,8,24,10,30,972,6,Rue Justin Roc,,,Plein jour,En agglomération,Giratoire,Normale,Deux véhicules - frontale,,,,,,,,,,,1,2,6,1.0,1.0
201100065115,0011-08-25 19:15:00,11,8,25,19,15,972,21,,,,Nuit avec éclairage non allumé,Hors agglomération,Hors intersection,Normale,Trois véhicules et plus - en chaîne,,,,,,,,,,,4,1,1,1.0,4.0
201100065116,0011-09-11 18:00:00,11,9,11,18,0,972,21,,,,Crépuscule ou aube,Hors agglomération,Hors intersection,Normale,Sans collision,,,,,,,,,,,2,1,1,1.0,7.0
201100065117,0011-09-23 12:15:00,11,9,23,12,15,972,6,,,,Plein jour,Hors agglomération,Hors intersection,Normale,Deux véhicules - côté,,,,,,,,,,,1,1,1,1.0,3.0
201100065118,0011-10-27 17:45:00,11,10,27,17,45,972,21,70 Rue de la Libert?,,,Plein jour,En agglomération,Hors intersection,Temps couvert,Autre collision,,,,,,,,,,,1,2,1,8.0,6.0
201100065119,0011-11-06 16:15:00,11,11,6,16,15,972,6,"RD 7 , Pk 26 400",,,Plein jour,En agglomération,Hors intersection,Normale,Deux véhicules - côté,,,,,,,,,,,1,2,1,1.0,3.0
201100065120,0011-11-25 10:15:00,11,11,25,10,15,972,21,route des Trois Ilets,,,Plein jour,En agglomération,Autre intersection,Normale,Autre collision,,,,,,,,,,,1,2,9,1.0,6.0
201100065121,0011-01-27 12:30:00,11,1,27,12,30,972,30,route de la Moïse,,,Plein jour,En agglomération,Hors intersection,Normale,Deux véhicules - frontale,,,,,,,,,,,1,2,1,1.0,1.0
201100065122,0011-02-11 20:00:00,11,2,11,20,0,972,30,,,,Nuit sans éclairage public,Hors agglomération,Hors intersection,Normale,Sans collision,,,,,,,,,,,3,1,1,1.0,7.0
201100065123,0011-02-16 07:15:00,11,2,16,7,15,972,30,,,,Plein jour,Hors agglomération,Hors intersection,Normale,Deux véhicules - côté,,,,,,,,,,,1,1,1,1.0,3.0
201100065124,0011-02-25 07:30:00,11,2,25,7,30,972,30,Route de la Moise,,,Plein jour,En agglomération,Hors intersection,Normale,Deux véhicules - arrière,,,,,,,,,,,1,2,1,1.0,2.0
201100065125,0011-03-05 00:30:00,11,3,5,0,30,972,30,,,,Nuit avec éclairage allumé,Hors agglomération,Hors intersection,Normale,Deux véhicules - arrière,,,,,,,,,,,5,1,1,1.0,2.0
201100065126,0011-04-18 22:30:00,11,4,18,22,30,972,30,,,,Nuit sans éclairage public,Hors agglomération,Hors intersection,Normale,Trois véhicules et plus - collisions multiples,,,,,,,,,,,3,1,1,1.0,5.0
201100065127,0011-06-26 11:45:00,11,6,26,11,45,972,30,,,,Plein jour,Hors agglomération,Hors intersection,Normale,Trois véhicules et plus - collisions multiples,,,,,,,,,,,1,1,1,1.0,5.0
201100065128,0011-06-30 00:01:00,11,6,30,0,1,972,30,,,,Nuit sans éclairage public,Hors agglomération,Hors intersection,Normale,Deux véhicules - frontale,,,,,,,,,,,3,1,1,1.0,1.0
201100065129,0011-07-07 19:30:00,11,7,7,19,30,972,30,desmarini?re,,,Nuit sans éclairage public,En agglomération,Hors intersection,Normale,Deux véhicules - arrière,,,,,,,,,,,3,2,1,1.0,2.0
201100065130,0011-08-09 19:30:00,11,8,9,19,30,972,30,rue de Beaus?jour,,,Nuit sans éclairage public,En agglomération,Hors intersection,Normale,Deux véhicules - frontale,,,,,,,,,,,3,2,1,1.0,1.0
201100065131,0011-10-20 06:45:00,11,10,20,6,45,972,30,,,,Plein jour,Hors agglomération,Hors intersection,Normale,Sans collision,,,,,,,,,,,1,1,1,1.0,7.0
201100065132,0011-11-23 18:30:00,11,11,23,18,30,972,30,,,,Nuit sans éclairage public,Hors agglomération,Hors intersection,Pluie légère,Deux véhicules - côté,,,,,,,,,,,3,1,1,2.0,3.0
201100065133,0011-12-24 23:30:00,11,12,24,23,30,972,30,MORNE POIRIER,,,Nuit avec éclairage allumé,En agglomération,Hors intersection,Normale,Sans collision,,,,,,,,,,,5,2,1,1.0,7.0
201100065134,0011-01-22 22:15:00,11,1,22,22,15,972,12,,,,Nuit sans éclairage public,Hors agglomération,Hors intersection,Normale,Deux véhicules - côté,,,,,,,,,,,3,1,1,1.0,3.0
201100065135,0011-02-03 09:45:00,11,2,3,9,45,972,22,,,,Plein jour,Hors agglomération,Autre intersection,Normale,Deux véhicules - frontale,,,,,,,,,,,1,1,9,1.0,1.0
201100065136,0011-02-11 12:00:00,11,2,11,12,0,972,22,rue des Ecoles,,,Plein jour,En agglomération,Hors intersection,Normale,Deux véhicules - frontale,,,,,,,,,,,1,2,1,1.0,1.0
201100065137,0011-02-16 11:15:00,11,2,16,11,15,972,12,,,,Plein jour,Hors agglomération,Hors intersection,Normale,Deux véhicules - frontale,,,,,,,,,,,1,1,1,1.0,1.0
201100065138,0011-02-16 23:30:00,11,2,16,23,30,972,12,,,,Nuit avec éclairage allumé,Hors agglomération,Hors intersection,Normale,Autre collision,,,,,,,,,,,5,1,1,1.0,6.0
201100065139,0011-03-03 19:30:00,11,3,3,19,30,972,12,,,,Nuit sans éclairage public,Hors agglomération,Hors intersection,Normale,Autre collision,,,,,,,,,,,3,1,1,1.0,6.0
201100065140,0011-04-09 04:15:00,11,4,9,4,15,972,22,,,,Nuit sans éclairage public,Hors agglomération,Hors intersection,Pluie forte,Autre collision,,,,,,,,,,,3,1,1,3.0,6.0
201100065141,0011-04-22 19:15:00,11,4,22,19,15,972,22,RN1,,,Nuit sans éclairage public,En agglomération,Autre intersection,Normale,Autre collision,,,,,,,,,,,3,2,9,1.0,6.0
201100065142,0011-04-30 08:45:00,11,4,30,8,45,972,12,,,,Nuit sans éclairage public,Hors agglomération,Hors intersection,Pluie légère,Deux véhicules - frontale,,,,,,,,,,,3,1,1,2.0,1.0
201100065143,0011-06-08 17:00:00,11,6,8,17,0,972,22,,,,Plein jour,Hors agglomération,Hors intersection,Normale,Deux véhicules - arrière,,,,,,,,,,,1,1,1,1.0,2.0
201100065144,0011-06-22 00:45:00,11,6,22,0,45,972,22,Route Nationale 1,,,Nuit sans éclairage public,En agglomération,Hors intersection,Normale,Autre collision,,,,,,,,,,,3,2,1,1.0,6.0
201100065145,0011-06-28 15:00:00,11,6,28,15,0,972,22,,,,Plein jour,Hors agglomération,Hors intersection,Normale,Deux véhicules - frontale,,,,,,,,,,,1,1,1,1.0,1.0
201100065146,0011-06-30 15:45:00,11,6,30,15,45,972,22,,,,Plein jour,Hors agglomération,Hors intersection,Pluie forte,Trois véhicules et plus - collisions multiples,,,,,,,,,,,1,1,1,3.0,5.0
201100065147,0011-07-09 15:00:00,11,7,9,15,0,972,22,RN1 - quartier Lestrade,,,Plein jour,En agglomération,Hors intersection,Normale,Deux véhicules - frontale,,,,,,,,,,,1,2,1,1.0,1.0
201100065148,0011-08-27 03:15:00,11,8,27,3,15,972,22,Cit? Lacroix - RN1,,,Nuit sans éclairage public,En agglomération,Hors intersection,Temps couvert,Autre collision,,,,,,,,,,,3,2,1,8.0,6.0
201100065149,0011-09-18 21:45:00,11,9,18,21,45,972,12,,,,Nuit sans éclairage public,Hors agglomération,Hors intersection,Pluie légère,Deux véhicules - frontale,,,,,,,,,,,3,1,1,2.0,1.0
201100065150,0011-11-13 08:30:00,11,11,13,8,30,972,12,,,,Plein jour,Hors agglomération,Hors intersection,Pluie légère,Deux véhicules - frontale,,,,,,,,,,,1,1,1,2.0,1.0
201100065151,0011-03-28 13:30:00,11,3,28,13,30,972,28,RN 1 - CITE BELLE ETOILE,,,Plein jour,En agglomération,Hors intersection,Normale,Deux véhicules - frontale,,,,,,,,,,,1,2,1,1.0,1.0
201100065152,0011-04-05 09:30:00,11,4,5,9,30,972,28,,,,Nuit avec éclairage allumé,Hors agglomération,Hors intersection,Normale,Deux véhicules - frontale,,,,,,,,,,,5,1,1,1.0,1.0
201100065153,0011-04-18 16:00:00,11,4,18,16,0,972,28,,,,Plein jour,Hors agglomération,Hors intersection,Normale,Autre collision,,,,,,,,,,,1,1,1,1.0,6.0
201100065154,0011-04-25 20:00:00,11,4,25,20,0,972,28,,,,Nuit sans éclairage public,Hors agglomération,Hors intersection,Normale,Deux véhicules - frontale,,,,,,,,,,,3,1,1,1.0,1.0
201100065155,0011-05-02 14:45:00,11,5,2,14,45,972,28,,,,Plein jour,Hors agglomération,Hors intersection,Normale,Autre collision,,,,,,,,,,,1,1,1,1.0,6.0
201100065156,0011-06-04 00:15:00,11,6,4,0,15,972,28,,,,Nuit avec éclairage allumé,Hors agglomération,Hors intersection,Pluie légère,Autre collision,,,,,,,,,,,5,1,1,2.0,6.0
201100065157,0011-08-05 19:30:00,11,8,5,19,30,972,28,,,,Nuit avec éclairage allumé,Hors agglomération,Hors intersection,Pluie forte,Deux véhicules - frontale,,,,,,,,,,,5,1,1,3.0,1.0
201100065158,0011-09-17 21:15:00,11,9,17,21,15,972,28,,,,Nuit avec éclairage allumé,Hors agglomération,Hors intersection,Normale,Deux véhicules - frontale,,,,,,,,,,,5,1,1,1.0,1.0
201100065159,0011-11-06 10:30:00,11,11,6,10,30,972,28,,,,Plein jour,Hors agglomération,Hors intersection,Normale,Trois véhicules et plus - en chaîne,,,,,,,,,,,1,1,1,1.0,4.0
201100065160,0011-12-21 12:45:00,11,12,21,12,45,972,28,rue ernest deproges,,,Plein jour,En agglomération,Hors intersection,Normale,Deux véhicules - arrière,,,,,,,,,,,1,2,1,1.0,2.0
201100065161,0011-01-04 10:45:00,11,1,4,10,45,972,14,Quartier Fond Brulé,,,Plein jour,En agglomération,Hors intersection,Normale,Deux véhicules - frontale,,,,,,,,,,,1,2,1,1.0,1.0
201100065162,0011-02-11 23:00:00,11,2,11,23,0,972,3,D21/ RN1,,,Nuit sans éclairage public,En agglomération,Hors intersection,Normale,Deux véhicules - frontale,,,,,,,,,,,3,2,1,1.0,1.0
201100065163,0011-04-19 14:00:00,11,4,19,14,0,972,14,,,,Plein jour,Hors agglomération,Hors intersection,Normale,Deux véhicules - frontale,,,,,,,,,,,1,1,1,1.0,1.0
201100065164,0011-06-07 20:15:00,11,6,7,20,15,972,1,RN 3 Bourg,,,Nuit sans éclairage public,En agglomération,Hors intersection,Pluie légère,Deux véhicules - frontale,,,,,,,,,,,3,2,1,2.0,1.0
201100065165,0011-06-24 09:15:00,11,6,24,9,15,972,15,,,,Plein jour,Hors agglomération,Hors intersection,Normale,Deux véhicules - frontale,,,,,,,,,,,1,1,1,1.0,1.0
201100065166,0011-07-02 09:45:00,11,7,2,9,45,972,3,,,,Plein jour,En agglomération,Hors intersection,Normale,Deux véhicules - côté,,,,,,,,,,,1,2,1,1.0,3.0
201100065167,0011-11-01 18:30:00,11,11,1,18,30,972,3,,,,Nuit sans éclairage public,Hors agglomération,Hors intersection,Pluie légère,Deux véhicules - frontale,,,,,,,,,,,3,1,1,2.0,1.0