accident_id,datetime,annee,mois,jour,heure,minute,departement,commune_insee,adresse,latitude,longitude,luminosite,agglomeration,intersection,meteo,collision,nb_vehicules,nb_usagers,nb_indemnes,nb_tues,nb_blesses_hosp,nb_blesses_legers,age_cond_1,age_cond_2,veh_type_cond_1,veh_type_cond_2,lum_code,agg_code,int_code,atm_code,col_code
201100065168,0011-11-19 21:45:00,11,11,19,21,45,972,14,,,,Nuit sans éclairage public,Hors agglomération,Hors intersection,Temps couvert,Autre collision,,,,,,,,,,,3,1,1,8.0,6.0
201100065169,0011-12-18 03:15:00,11,12,18,3,15,972,3,,,,Nuit sans éclairage public,Hors agglomération,Autre intersection,Normale,Autre collision,,,,,,,,,,,3,1,9,1.0,6.0
201100065170,0011-12-22 22:00:00,11,12,22,22,0,972,14,,,,Nuit sans éclairage public,Hors agglomération,Hors intersection,Normale,Autre collision,,,,,,,,,,,3,1,1,1.0,6.0
201100065171,0011-12-28 18:30:00,11,12,28,18,30,972,3,rue des palmiers,,,Nuit sans éclairage public,En agglomération,Hors intersection,Normale,Deux véhicules - côté,,,,,,,,,,,3,2,1,1.0,3.0
201100065172,0011-03-08 19:30:00,11,3,8,19,30,971,4,ZI des pères Blancs RN 2,,,Nuit avec éclairage allumé,En agglomération,Hors intersection,Normale,Sans collision,,,,,,,,,,,5,2,1,1.0,7.0
201100065173,0011-06-23 17:45:00,11,6,23,17,45,971,24,rue Azincourt,,,Plein jour,En agglomération,Hors intersection,Normale,Deux véhicules - frontale,,,,,,,,,,,1,2,1,1.0,1.0
201100065174,0011-08-25 14:00:00,11,8,25,14,0,971,24,pont de la riviere noire,,,Plein jour,En agglomération,Autre intersection,Normale,Autre collision,,,,,,,,,,,1,2,9,1.0,6.0
201100065175,0011-09-25 21:00:00,11,9,25,21,0,971,4,intersection rn 2 rue Je,,,Nuit avec éclairage allumé,En agglomération,Hors intersection,Normale,Deux véhicules - côté,,,,,,,,,,,5,2,1,1.0,3.0
201100065176,0011-12-12 17:30:00,11,12,12,17,30,971,24,,,,Plein jour,Hors agglomération,Hors intersection,Pluie forte,Trois véhicules et plus - collisions multiples,,,,,,,,,,,1,1,1,3.0,5.0
201100065177,0011-04-08 20:30:00,11,4,8,20,30,971,34,,,,Nuit avec éclairage allumé,Hors agglomération,Hors intersection,Normale,Deux véhicules - frontale,,,,,,,,,,,5,1,1,1.0,1.0
201100065178,0011-04-21 15:00:00,11,4,21,15,0,971,34,boulevard NICOLAS,,,Plein jour,En agglomération,Hors intersection,Normale,Deux véhicules - côté,,,,,,,,,,,1,2,1,1.0,3.0
201100065179,0011-07-26 17:45:00,11,7,26,17,45,971,34,ROUTE DE GERY,,,Plein jour,En agglomération,Hors intersection,Normale,Autre collision,,,,,,,,,,,1,2,1,1.0,6.0
201100065180,0011-03-27 09:00:00,11,3,27,9,0,971,6,,,,Plein jour,Hors agglomération,Hors intersection,Normale,Deux véhicules - arrière,,,,,,,,,,,1,1,1,1.0,2.0
201100065181,0011-04-01 19:30:00,11,4,1,19,30,971,6,,,,Nuit sans éclairage public,Hors agglomération,Hors intersection,Normale,Autre collision,,,,,,,,,,,3,1,1,1.0,6.0
201100065182,0011-04-12 13:00:00,11,4,12,13,0,971,6,,,,Plein jour,Hors agglomération,Intersection en X,Normale,Deux véhicules - frontale,,,,,,,,,,,1,1,2,1.0,1.0
201100065183,0011-05-06 18:15:00,11,5,6,18,15,971,21,,,,Plein jour,Hors agglomération,Hors intersection,Normale,Autre collision,,,,,,,,,,,1,1,1,1.0,6.0
201100065184,0011-06-29 09:15:00,11,6,29,9,15,971,6,,,,Plein jour,Hors agglomération,Hors intersection,Pluie légère,Deux véhicules - frontale,,,,,,,,,,,1,1,1,2.0,1.0
201100065185,0011-11-05 17:45:00,11,11,5,17,45,971,6,Place la Mairie,,,Nuit avec éclairage allumé,En agglomération,Hors intersection,Normale,Autre collision,,,,,,,,,,,5,2,1,1.0,6.0
201100065186,0011-01-16 03:45:00,11,1,16,3,45,971,21,,,,Nuit sans éclairage public,Hors agglomération,Hors intersection,Normale,Deux véhicules - frontale,,,,,,,,,,,3,1,1,1.0,1.0
201100065187,0011-04-17 21:30:00,11,4,17,21,30,971,21,,,,Nuit sans éclairage public,Hors agglomération,Hors intersection,Normale,Deux véhicules - frontale,,,,,,,,,,,3,1,1,1.0,1.0
201100065188,0011-05-08 13:15:00,11,5,8,13,15,971,21,CARREFOUR MAHAULT,,,Plein jour,En agglomération,Hors intersection,Normale,Deux véhicules - côté,,,,,,,,,,,1,2,1,1.0,3.0
201100065189,0011-05-16 15:45:00,11,5,16,15,45,971,21,,,,Plein jour,Hors agglomération,Hors intersection,Normale,Autre collision,,,,,,,,,,,1,1,1,1.0,6.0
201100065190,0011-05-17 18:45:00,11,5,17,18,45,971,21,,,,Nuit sans éclairage public,Hors agglomération,Hors intersection,Normale,Deux véhicules - côté,,,,,,,,,,,3,1,1,1.0,3.0
201100065191,0011-07-26 19:45:00,11,7,26,19,45,971,11,,,,Nuit sans éclairage public,Hors agglomération,Hors intersection,Pluie légère,Autre collision,,,,,,,,,,,3,1,1,2.0,6.0
201100065192,0011-10-30 13:45:00,11,10,30,13,45,971,21,,,,Plein jour,Hors agglomération,Hors intersection,Pluie légère,Autre collision,,,,,,,,,,,1,1,1,2.0,6.0
201100065193,0011-11-13 17:30:00,11,11,13,17,30,971,21,,,,Crépuscule ou aube,Hors agglomération,Hors intersection,Normale,Deux véhicules - frontale,,,,,,,,,,,2,1,1,1.0,1.0
201100065194,0011-08-28 20:00:00,11,8,28,20,0,971,11,,,,Nuit sans éclairage public,Hors agglomération,Hors intersection,Normale,Trois véhicules et plus - collisions multiples,,,,,,,,,,,3,1,1,1.0,5.0
201100065195,0011-09-23 14:30:00,11,9,23,14,30,971,11,,,,Plein jour,Hors agglomération,Hors intersection,Normale,Autre collision,,,,,,,,,,,1,1,1,1.0,6.0
201100065196,0011-02-28 16:30:00,11,2,28,16,30,971,9,Rue du Petit Morne,,,Plein jour,En agglomération,Hors intersection,Normale,Autre collision,,,,,,,,,,,1,2,1,1.0,6.0
201100065197,0011-03-15 14:30:00,11,3,15,14,30,971,32,,,,Plein jour,Hors agglomération,Hors intersection,Normale,Deux véhicules - frontale,,,,,,,,,,,1,1,1,1.0,1.0
201100065198,0011-05-17 05:45:00,11,5,17,5,45,971,32,,,,Plein jour,Hors agglomération,Hors intersection,Normale,Deux véhicules - frontale,,,,,,,,,,,1,1,1,1.0,1.0
201100065199,0011-06-20 16:45:00,11,6,20,16,45,971,9,,,,Plein jour,Hors agglomération,Hors intersection,Pluie légère,Deux véhicules - frontale,,,,,,,,,,,1,1,1,2.0,1.0
201100065200,0011-07-01 14:45:00,11,7,1,14,45,971,32,,,,Plein jour,Hors agglomération,Hors intersection,Pluie légère,Deux véhicules - côté,,,,,,,,,,,1,1,1,2.0,3.0
201100065201,0011-07-09 19:00:00,11,7,9,19,0,971,32,,,,Nuit sans éclairage public,Hors agglomération,Intersection en X,Normale,Deux véhicules - frontale,,,,,,,,,,,3,1,2,1.0,1.0
201100065202,0011-11-05 03:45:00,11,11,5,3,45,971,33,,,,Nuit sans éclairage public,Hors agglomération,Hors intersection,Normale,Deux véhicules - frontale,,,,,,,,,,,3,1,1,1.0,1.0
201100065203,0011-01-08 17:00:00,11,1,8,17,0,971,14,,,,Plein jour,Hors agglomération,Hors intersection,Normale,Autre collision,,,,,,,,,,,1,1,1,1.0,6.0
201100065204,0011-01-12 18:45:00,11,1,12,18,45,971,7,,,,Nuit avec éclairage allumé,Hors agglomération,Autre intersection,Normale,Autre collision,,,,,,,,,,,5,1,9,1.0,6.0
201100065205,0011-01-17 12:45:00,11,1,17,12,45,971,14,,,,Plein jour,Hors agglomération,Hors intersection,Normale,Trois véhicules et plus - collisions multiples,,,,,,,,,,,1,1,1,1.0,5.0
201100065206,0011-01-21 11:30:00,11,1,21,11,30,971,14,,,,Plein jour,Hors agglomération,Hors intersection,Normale,Deux véhicules - côté,,,,,,,,,,,1,1,1,1.0,3.0
201100065207,0011-01-26 06:00:00,11,1,26,6,0,971,7,,,,Crépuscule ou aube,Hors agglomération,Hors intersection,Normale,Autre collision,,,,,,,,,,,2,1,1,1.0,6.0
201100065208,0011-02-13 21:45:00,11,2,13,21,45,971,7,,,,Nuit sans éclairage public,Hors agglomération,Hors intersection,Normale,Trois véhicules et plus - collisions multiples,,,,,,,,,,,3,1,1,1.0,5.0
201100065209,0011-03-15 14:15:00,11,3,15,14,15,971,7,,,,Plein jour,Hors agglomération,Hors intersection,Normale,Autre collision,,,,,,,,,,,1,1,1,1.0,6.0
201100065210,0011-04-22 22:15:00,11,4,22,22,15,971,7,,,,Nuit avec éclairage allumé,Hors agglomération,Hors intersection,Normale,Autre collision,,,,,,,,,,,5,1,1,1.0,6.0
201100065211,0011-05-29 06:45:00,11,5,29,6,45,971,7,,,,Plein jour,Hors agglomération,Hors intersection,Normale,Deux véhicules - frontale,,,,,,,,,,,1,1,1,1.0,1.0
201100065212,0011-06-04 18:30:00,11,6,4,18,30,971,7,La Plaine - D5,,,Crépuscule ou aube,En agglomération,Hors intersection,Normale,Deux véhicules - frontale,,,,,,,,,,,2,2,1,1.0,1.0
201100065213,0011-07-05 00:45:00,11,7,5,0,45,971,7,,,,Nuit sans éclairage public,Hors agglomération,Hors intersection,Normale,Autre collision,,,,,,,,,,,3,1,1,1.0,6.0
201100065214,0011-07-22 14:45:00,11,7,22,14,45,971,7,,,,Plein jour,Hors agglomération,Hors intersection,Normale,Deux véhicules - frontale,,,,,,,,,,,1,1,1,1.0,1.0
201100065215,0011-08-09 05:45:00,11,8,9,5,45,971,7,,,,Crépuscule ou aube,Hors agglomération,Hors intersection,Normale,Deux véhicules - frontale,,,,,,,,,,,2,1,1,1.0,1.0
201100065216,0011-09-05 05:30:00,11,9,5,5,30,971,14,,,,Crépuscule ou aube,Hors agglomération,Hors intersection,Normale,Deux véhicules - frontale,,,,,,,,,,,2,1,1,1.0,1.0
201100065217,0011-09-16 15:30:00,11,9,16,15,30,971,14,,,,Plein jour,Hors agglomération,Hors intersection,Normale,Trois véhicules et plus - collisions multiples,,,,,,,,,,,1,1,1,1.0,5.0
201100065218,0011-10-01 16:15:00,11,10,1,16,15,971,7,Four ? Chaux,,,Plein jour,En agglomération,Hors intersection,Normale,Autre collision,,,,,,,,,,,1,2,1,1.0,6.0
201100065219,0011-10-27 20:00:00,11,10,27,20,0,971,7,,,,Nuit avec éclairage allumé,Hors agglomération,Hors intersection,Normale,Deux véhicules - frontale,,,,,,,,,,,5,1,1,1.0,1.0
201100065220,0011-11-13 05:45:00,11,11,13,5,45,971,7,,,,Nuit avec éclairage allumé,Hors agglomération,Hors intersection,Normale,Autre collision,,,,,,,,,,,5,1,1,1.0,6.0
201100065221,0011-12-08 08:15:00,11,12,8,8,15,971,14,,,,Nuit avec éclairage non allumé,Hors agglomération,Hors intersection,Normale,Autre collision,,,,,,,,,,,4,1,1,1.0,6.0
201100065222,0011-12-18 01:30:00,11,12,18,1,30,971,7,,,,Nuit avec éclairage allumé,Hors agglomération,Hors intersection,Normale,Trois véhicules et plus - collisions multiples,,,,,,,,,,,5,1,1,1.0,5.0
201100065223,0011-03-09 17:00:00,11,3,9,17,0,971,15,CD 1 - Route de Bréfort,,,Plein jour,En agglomération,Hors intersection,Normale,Deux véhicules - frontale,,,,,,,,,,,1,2,1,1.0,1.0
201100065224,0011-03-15 06:45:00,11,3,15,6,45,971,15,Section BOISBERT,,,Plein jour,En agglomération,Hors intersection,Normale,Deux véhicules - côté,,,,,,,,,,,1,2,1,1.0,3.0
201100065225,0011-04-11 12:45:00,11,4,11,12,45,971,15,,,,Plein jour,Hors agglomération,Hors intersection,Normale,Autre collision,,,,,,,,,,,1,1,1,1.0,6.0
201100065226,0011-05-12 18:45:00,11,5,12,18,45,971,15,PONT DE BREFORT,,,Nuit avec éclairage allumé,En agglomération,Hors intersection,Normale,Deux véhicules - frontale,,,,,,,,,,,5,2,1,1.0,1.0
201100065227,0011-06-05 14:00:00,11,6,5,14,0,971,15,,,,Plein jour,Hors agglomération,Hors intersection,Normale,Deux véhicules - frontale,,,,,,,,,,,1,1,1,1.0,1.0
201100065228,0011-06-15 22:30:00,11,6,15,22,30,971,15,,,,Nuit sans éclairage public,Hors agglomération,Hors intersection,Normale,Autre collision,,,,,,,,,,,3,1,1,1.0,6.0
201100065229,0011-07-22 19:30:00,11,7,22,19,30,971,15,,,,Nuit sans éclairage public,Hors agglomération,Hors intersection,Normale,Deux véhicules - côté,,,,,,,,,,,3,1,1,1.0,3.0
201100065230,0011-08-06 21:45:00,11,8,6,21,45,971,15,,,,Nuit avec éclairage allumé,Hors agglomération,Hors intersection,Pluie légère,Deux véhicules - côté,,,,,,,,,,,5,1,1,2.0,3.0
201100065231,0011-09-24 11:00:00,11,9,24,11,0,971,15,,,,Plein jour,Hors agglomération,Hors intersection,Temps couvert,Autre collision,,,,,,,,,,,1,1,1,8.0,6.0
201100065232,0011-11-11 09:30:00,11,11,11,9,30,971,15,,,,Plein jour,Hors agglomération,Hors intersection,Normale,Deux véhicules - frontale,,,,,,,,,,,1,1,1,1.0,1.0
201100065233,0011-01-21 18:15:00,11,1,21,18,15,971,18,,,,Nuit sans éclairage public,Hors agglomération,Hors intersection,Normale,Autre collision,,,,,,,,,,,3,1,1,1.0,6.0
201100065234,0011-02-16 12:30:00,11,2,16,12,30,971,18,,,,Plein jour,Hors agglomération,Hors intersection,Normale,Deux véhicules - côté,,,,,,,,,,,1,1,1,1.0,3.0
201100065235,0011-02-18 15:15:00,11,2,18,15,15,971,18,,,,Plein jour,Hors agglomération,Hors intersection,Normale,Autre collision,,,,,,,,,,,1,1,1,1.0,6.0
201100065236,0011-02-18 18:45:00,11,2,18,18,45,971,18,SECTION DAUBIN,,,Nuit avec éclairage allumé,En agglomération,Hors intersection,Normale,Autre collision,,,,,,,,,,,5,2,1,1.0,6.0
201100065237,0011-03-04 15:45:00,11,3,4,15,45,971,18,rue delgrès - sarrault,,,Plein jour,En agglomération,Hors intersection,Normale,Trois véhicules et plus - en chaîne,,,,,,,,,,,1,2,1,1.0,4.0
201100065238,0011-03-23 07:00:00,11,3,23,7,0,971,18,,,,Crépuscule ou aube,Hors agglomération,Hors intersection,Normale,Deux véhicules - côté,,,,,,,,,,,2,1,1,1.0,3.0
201100065239,0011-06-12 19:15:00,11,6,12,19,15,971,18,,,,Nuit sans éclairage public,Hors agglomération,Hors intersection,Normale,Autre collision,,,,,,,,,,,3,1,1,1.0,6.0
201100065240,0011-07-23 02:45:00,11,7,23,2,45,971,18,rue f?lix ?bou?,,,Nuit avec éclairage allumé,En agglomération,Hors intersection,Temps couvert,Autre collision,,,,,,,,,,,5,2,1,8.0,6.0
201100065241,0011-08-13 07:30:00,11,8,13,7,30,971,18,,,,Plein jour,Hors agglomération,Hors intersection,Normale,Deux véhicules - côté,,,,,,,,,,,1,1,1,1.0,3.0
201100065242,0011-11-06 18:15:00,11,11,6,18,15,971,18,,,,Nuit sans éclairage public,Hors agglomération,Hors intersection,Temps couvert,Deux véhicules - frontale,,,,,,,,,,,3,1,1,8.0,1.0
201100065243,0011-11-30 14:00:00,11,11,30,14,0,971,18,,,,Plein jour,Hors agglomération,Hors intersection,Normale,Deux véhicules - frontale,,,,,,,,,,,1,1,1,1.0,1.0
201100065244,0011-12-17 17:15:00,11,12,17,17,15,971,18,,,,Plein jour,Hors agglomération,Hors intersection,Normale,Deux véhicules - arrière,,,,,,,,,,,1,1,1,1.0,2.0
201100065245,0011-03-03 20:30:00,11,3,3,20,30,971,29,RN2 PK 64+500,,,Nuit sans éclairage public,En agglomération,Hors intersection,Pluie légère,Autre collision,,,,,,,,,,,3,2,1,2.0,6.0
201100065246,0011-04-25 18:00:00,11,4,25,18,0,971,29,,,,Plein jour,Hors agglomération,Hors intersection,Normale,Deux véhicules - côté,,,,,,,,,,,1,1,1,1.0,3.0
201100065247,0011-05-19 11:00:00,11,5,19,11,0,971,29,,,,Plein jour,Hors agglomération,Hors intersection,Normale,Autre collision,,,,,,,,,,,1,1,1,1.0,6.0
201100065248,0011-09-15 08:00:00,11,9,15,8,0,971,29,route de Sofaia,,,Nuit sans éclairage public,En agglomération,Hors intersection,Normale,Deux véhicules - frontale,,,,,,,,,,,3,2,1,1.0,1.0
201100065249,0011-10-15 14:30:00,11,10,15,14,30,971,29,RN2 Ste Marie,,,Plein jour,En agglomération,Hors intersection,Normale,Trois véhicules et plus - collisions multiples,,,,,,,,,,,1,2,1,1.0,5.0
201100065250,0011-10-24 18:00:00,11,10,24,18,0,971,29,,,,Nuit sans éclairage public,Hors agglomération,Hors intersection,Pluie forte,Deux véhicules - frontale,,,,,,,,,,,3,1,1,3.0,1.0
201100065251,0011-10-29 16:30:00,11,10,29,16,30,971,29,,,,Plein jour,Hors agglomération,Hors intersection,Pluie légère,Deux véhicules - côté,,,,,,,,,,,1,1,1,2.0,3.0
201100065252,0011-11-12 20:45:00,11,11,12,20,45,971,29,RN2 croisement SOFAIA,,,Nuit avec éclairage non allumé,En agglomération,Hors intersection,Temps couvert,Deux véhicules - côté,,,,,,,,,,,4,2,1,8.0,3.0
201100065253,0011-12-11 17:45:00,11,12,11,17,45,971,29,RN 2 BEBEL,,,Nuit avec éclairage allumé,En agglomération,Hors intersection,Normale,Deux véhicules - côté,,,,,,,,,,,5,2,1,1.0,3.0
201100065254,0011-12-12 08:00:00,11,12,12,8,0,971,29,N2/ chemin Conodor,,,Plein jour,En agglomération,Hors intersection,Normale,Deux véhicules - frontale,,,,,,,,,,,1,2,1,1.0,1.0
201100065255,0011-12-24 23:00:00,11,12,24,23,0,971,29,RN2,,,Nuit avec éclairage allumé,En agglomération,Intersection en X,Normale,Deux véhicules - frontale,,,,,,,,,,,5,2,2,1.0,1.0
201100065256,0011-01-26 18:00:00,11,1,26,18,0,971,12,,,,Plein jour,Hors agglomération,Hors intersection,Normale,Autre collision,,,,,,,,,,,1,1,1,1.0,6.0
201100065257,0011-02-21 05:30:00,11,2,21,5,30,971,12,,,,Nuit sans éclairage public,Hors agglomération,Hors intersection,Normale,Sans collision,,,,,,,,,,,3,1,1,1.0,7.0
201100065258,0011-03-19 10:45:00,11,3,19,10,45,971,8,,,,Plein jour,Hors agglomération,Hors intersection,Normale,Autre collision,,,,,,,,,,,1,1,1,1.0,6.0
201100065259,0011-03-27 05:30:00,11,3,27,5,30,971,12,,,,Crépuscule ou aube,Hors agglomération,Hors intersection,Normale,Autre collision,,,,,,,,,,,2,1,1,1.0,6.0
201100065260,0011-04-16 09:30:00,11,4,16,9,30,971,12,Section Morne des p?res,,,Plein jour,En agglomération,Hors intersection,Normale,Deux véhicules - côté,,,,,,,,,,,1,2,1,1.0,3.0
201100065261,0011-05-05 19:00:00,11,5,5,19,0,971,12,,,,Nuit sans éclairage public,Hors agglomération,Hors intersection,Temps couvert,Deux véhicules - arrière,,,,,,,,,,,3,1,1,8.0,2.0
201100065262,0011-05-15 05:45:00,11,5,15,5,45,971,12,,,,Crépuscule ou aube,Hors agglomération,Hors intersection,Pluie légère,Deux véhicules - arrière,,,,,,,,,,,2,1,1,2.0,2.0
201100065263,0011-05-22 19:00:00,11,5,22,19,0,971,8,,,,Nuit sans éclairage public,Hors agglomération,Hors intersection,Normale,Sans collision,,,,,,,,,,,3,1,1,1.0,7.0
201100065264,0011-05-28 12:00:00,11,5,28,12,0,971,8,,,,Plein jour,Hors agglomération,Hors intersection,Normale,Autre collision,,,,,,,,,,,1,1,1,1.0,6.0
201100065265,0011-06-14 06:30:00,11,6,14,6,30,971,12,,,,Plein jour,Hors agglomération,Hors intersection,Normale,Deux véhicules - frontale,,,,,,,,,,,1,1,1,1.0,1.0
201100065266,0011-07-21 08:15:00,11,7,21,8,15,971,12,,,,Plein jour,Hors agglomération,Hors intersection,Normale,Deux véhicules - frontale,,,,,,,,,,,1,1,1,1.0,1.0
201100065267,0011-08-21 05:45:00,11,8,21,5,45,971,26,,,,Crépuscule ou aube,Hors agglomération,Hors intersection,Pluie légère,Autre collision,,,,,,,,,,,2,1,1,2.0,6.0
201100065268,0011-09-22 13:15:00,11,9,22,13,15,971,12,,,,Plein jour,Hors agglomération,Hors intersection,Normale,Autre collision,,,,,,,,,,,1,1,1,1.0,6.0
201100065269,0011-10-09 17:45:00,11,10,9,17,45,971,12,,,,Plein jour,Hors agglomération,Hors intersection,Normale,Deux véhicules - côté,,,,,,,,,,,1,1,1,1.0,3.0
201100065270,0011-11-11 13:00:00,11,11,11,13,0,971,12,section bonneval,,,Plein jour,En agglomération,Hors intersection,Normale,Deux véhicules - frontale,,,,,,,,,,,1,2,1,1.0,1.0
201100065271,0011-02-09 10:15:00,11,2,9,10,15,971,10,PLAGE A FIFI,,,Plein jour,En agglomération,Hors intersection,Normale,Deux véhicules - frontale,,,,,,,,,,,1,2,1,1.0,1.0
201100065272,0011-07-29 22:45:00,11,7,29,22,45,971,10,,,,Nuit avec éclairage non allumé,Hors agglomération,Hors intersection,Temps couvert,Deux véhicules - arrière,,,,,,,,,,,4,1,1,8.0,2.0
201100065273,0011-02-16 22:15:00,11,2,16,22,15,971,17,,,,Nuit sans éclairage public,Hors agglomération,Hors intersection,Normale,Deux véhicules - frontale,,,,,,,,,,,3,1,1,1.0,1.0
201100065274,0011-03-04 15:30:00,11,3,4,15,30,971,17,,,,Plein jour,Hors agglomération,Hors intersection,Normale,Autre collision,,,,,,,,,,,1,1,1,1.0,6.0
201100065275,0011-05-05 09:15:00,11,5,5,9,15,971,17,,,,Plein jour,Hors agglomération,Intersection en T,Normale,Deux véhicules - côté,,,,,,,,,,,1,1,3,1.0,3.0
201100065276,0011-05-14 18:45:00,11,5,14,18,45,971,17,,,,Crépuscule ou aube,Hors agglomération,Hors intersection,Normale,Deux véhicules - côté,,,,,,,,,,,2,1,1,1.0,3.0
201100065277,0011-05-18 09:30:00,11,5,18,9,30,971,17,,,,Plein jour,Hors agglomération,Hors intersection,Normale,Trois véhicules et plus - en chaîne,,,,,,,,,,,1,1,1,1.0,4.0
201100065278,0011-05-23 15:00:00,11,5,23,15,0,971,17,,,,Plein jour,Hors agglomération,Hors intersection,Normale,Deux véhicules - côté,,,,,,,,,,,1,1,1,1.0,3.0
201100065279,0011-05-25 17:00:00,11,5,25,17,0,971,17,,,,Plein jour,Hors agglomération,Hors intersection,Normale,Sans collision,,,,,,,,,,,1,1,1,1.0,7.0
201100065280,0011-06-12 07:00:00,11,6,12,7,0,971,17,ROUTE NATIONALE 5,,,Plein jour,En agglomération,Hors intersection,Normale,Trois véhicules et plus - en chaîne,,,,,,,,,,,1,2,1,1.0,4.0
201100065281,0011-06-26 07:30:00,11,6,26,7,30,971,17,Route de caillebot,,,Plein jour,En agglomération,Hors intersection,Normale,Deux véhicules - frontale,,,,,,,,,,,1,2,1,1.0,1.0
201100065282,0011-07-22 10:15:00,11,7,22,10,15,971,17,rocade sergent,,,Plein jour,En agglomération,Hors intersection,Pluie légère,Autre collision,,,,,,,,,,,1,2,1,2.0,6.0
201100065283,0011-10-15 11:30:00,11,10,15,11,30,971,17,Pont de l'autre-bord,,,Plein jour,En agglomération,Autre intersection,Normale,Autre collision,,,,,,,,,,,1,2,9,1.0,6.0
201100065284,0011-12-29 19:00:00,11,12,29,19,0,971,17,,,,Nuit sans éclairage public,Hors agglomération,Hors intersection,Normale,Trois véhicules et plus - en chaîne,,,,,,,,,,,3,1,1,1.0,4.0
201100065285,0011-02-26 10:45:00,11,2,26,10,45,971,19,,,,Plein jour,Hors agglomération,Hors intersection,Normale,Deux véhicules - frontale,,,,,,,,,,,1,1,1,1.0,1.0
201100065286,0011-04-22 14:30:00,11,4,22,14,30,971,19,,,,Plein jour,Hors agglomération,Hors intersection,Pluie légère,Autre collision,,,,,,,,,,,1,1,1,2.0,6.0
201100065287,0011-07-24 12:30:00,11,7,24,12,30,971,19,,,,Plein jour,Hors agglomération,Hors intersection,Normale,Trois véhicules et plus - collisions multiples,,,,,,,,,,,1,1,1,1.0,5.0
201100065288,0011-07-24 20:15:00,11,7,24,20,15,971,19,,,,Nuit avec éclairage allumé,Hors agglomération,Hors intersection,Normale,Deux véhicules - frontale,,,,,,,,,,,5,1,1,1.0,1.0
201100065289,0011-08-15 05:00:00,11,8,15,5,0,971,22,Rue Hegesippe L?gitimus,,,Crépuscule ou aube,En agglomération,Hors intersection,Normale,Sans collision,,,,,,,,,,,2,2,1,1.0,7.0
201100065290,0011-08-11 17:30:00,11,8,11,17,30,971,2,all?e des coreaux,,,Plein jour,En agglomération,Hors intersection,Normale,Deux véhicules - côté,,,,,,,,,,,1,2,1,1.0,3.0
201100065291,0011-12-14 12:15:00,11,12,14,12,15,971,2,9 Rue Vital Borifax RN8,,,Plein jour,En agglomération,Hors intersection,Normale,Deux véhicules - frontale,,,,,,,,,,,1,2,1,1.0,1.0
201100065292,0011-12-20 11:30:00,11,12,20,11,30,971,22,,,,Crépuscule ou aube,Hors agglomération,Hors intersection,Normale,Sans collision,,,,,,,,,,,2,1,1,1.0,7.0
201100065293,0011-01-04 14:00:00,11,1,4,14,0,971,25,,,,Plein jour,Hors agglomération,Hors intersection,Temps couvert,Deux véhicules - côté,,,,,,,,,,,1,1,1,8.0,3.0
201100065294,0011-01-08 09:15:00,11,1,8,9,15,971,25,,,,Plein jour,Hors agglomération,Hors intersection,Normale,Deux véhicules - arrière,,,,,,,,,,,1,1,1,1.0,2.0
201100065295,0011-03-30 15:15:00,11,3,30,15,15,971,25,,,,Plein jour,Hors agglomération,Hors intersection,Normale,Deux véhicules - frontale,,,,,,,,,,,1,1,1,1.0,1.0
201100065296,0011-05-27 17:30:00,11,5,27,17,30,971,25,,,,Plein jour,Hors agglomération,Hors intersection,Normale,Deux véhicules - frontale,,,,,,,,,,,1,1,1,1.0,1.0
201100065297,0011-06-19 17:15:00,11,6,19,17,15,971,25,,,,Nuit sans éclairage public,Hors agglomération,Hors intersection,Normale,Sans collision,,,,,,,,,,,3,1,1,1.0,7.0
201100065298,0011-06-26 01:30:00,11,6,26,1,30,971,25,,,,Nuit sans éclairage public,Hors agglomération,Hors intersection,Normale,Autre collision,,,,,,,,,,,3,1,1,1.0,6.0
201100065299,0011-07-08 10:30:00,11,7,8,10,30,971,25,rue du cimeti?re,,,Plein jour,En agglomération,Hors intersection,Normale,Deux véhicules - arrière,,,,,,,,,,,1,2,1,1.0,2.0
201100065300,0011-08-24 11:45:00,11,8,24,11,45,971,25,,,,Plein jour,En agglomération,Hors intersection,Normale,Deux véhicules - arrière,,,,,,,,,,,1,2,1,1.0,2.0
201100065301,0011-09-30 20:30:00,11,9,30,20,30,971,25,,,,Nuit avec éclairage allumé,Hors agglomération,Hors intersection,Normale,Deux véhicules - arrière,,,,,,,,,,,5,1,1,1.0,2.0
201100065302,0011-12-05 17:30:00,11,12,5,17,30,971,25,,,,Nuit avec éclairage allumé,Hors agglomération,Hors intersection,Pluie forte,Autre collision,,,,,,,,,,,5,1,1,3.0,6.0
201100065303,0011-01-31 18:15:00,11,1,31,18,15,971,28,,,,Nuit sans éclairage public,Hors agglomération,Hors intersection,Normale,Deux véhicules - frontale,,,,,,,,,,,3,1,1,1.0,1.0