accident_id,datetime,annee,mois,jour,heure,minute,departement,commune_insee,adresse,latitude,longitude,luminosite,agglomeration,intersection,meteo,collision,nb_vehicules,nb_usagers,nb_indemnes,nb_tues,nb_blesses_hosp,nb_blesses_legers,age_cond_1,age_cond_2,veh_type_cond_1,veh_type_cond_2,lum_code,agg_code,int_code,atm_code,col_code
201100065574,0011-02-05 16:30:00,11,2,5,16,30,974,13,,,,Plein jour,Hors agglomération,Hors intersection,Normale,Sans collision,,,,,,,,,,,1,1,1,1.0,7.0
201100065575,0011-02-28 17:00:00,11,2,28,17,0,974,13,rue du général Lambert,,,Nuit sans éclairage public,En agglomération,Hors intersection,Normale,Deux véhicules - côté,,,,,,,,,,,3,2,1,1.0,3.0
201100065576,0011-03-03 08:00:00,11,3,3,8,0,974,13,,,,Plein jour,Hors agglomération,Hors intersection,Normale,Autre collision,,,,,,,,,,,1,1,1,1.0,6.0
201100065577,0011-06-12 05:15:00,11,6,12,5,15,974,13,,,,Nuit sans éclairage public,Hors agglomération,Hors intersection,Normale,Autre collision,,,,,,,,,,,3,1,1,1.0,6.0
201100065578,0011-06-30 18:30:00,11,6,30,18,30,974,13,,,,Crépuscule ou aube,Hors agglomération,Hors intersection,Normale,Sans collision,,,,,,,,,,,2,1,1,1.0,7.0
201100065579,0011-09-12 16:30:00,11,9,12,16,30,974,13,,,,Plein jour,Hors agglomération,Hors intersection,Normale,Deux véhicules - frontale,,,,,,,,,,,1,1,1,1.0,1.0
201100065580,0011-10-21 12:00:00,11,10,21,12,0,974,13,,,,Plein jour,Hors agglomération,Hors intersection,Normale,Deux véhicules - côté,,,,,,,,,,,1,1,1,1.0,3.0
201100065581,0011-11-23 19:15:00,11,11,23,19,15,974,13,835 Chemin Dubuisson,,,Nuit avec éclairage allumé,En agglomération,Hors intersection,Normale,Autre collision,,,,,,,,,,,5,2,1,1.0,6.0
201100065582,0011-12-19 18:30:00,11,12,19,18,30,974,48,14 rue Adrien Lagourgue,,,Crépuscule ou aube,En agglomération,Hors intersection,Pluie forte,Deux véhicules - côté,,,,,,,,,,,2,2,1,3.0,3.0
201100065583,0011-01-11 18:30:00,11,1,11,18,30,973,4,avenue Victor Hugo,,,Nuit avec éclairage allumé,En agglomération,Hors intersection,Normale,Deux véhicules - côté,,,,,,,,,,,5,2,1,1.0,3.0
201100065584,0011-03-08 07:15:00,11,3,8,7,15,973,4,,,,Plein jour,Hors agglomération,Hors intersection,Normale,Trois véhicules et plus - collisions multiples,,,,,,,,,,,1,1,1,1.0,5.0
201100065585,0011-03-10 09:30:00,11,3,10,9,30,973,4,AVENUE DE FRANCE,,,Plein jour,En agglomération,Hors intersection,Normale,Deux véhicules - côté,,,,,,,,,,,1,2,1,1.0,3.0
201100065586,0011-03-28 21:00:00,11,3,28,21,0,973,4,Avenue des Roches,,,Nuit avec éclairage allumé,En agglomération,Hors intersection,Normale,Deux véhicules - côté,,,,,,,,,,,5,2,1,1.0,3.0
201100065587,0011-04-16 13:00:00,11,4,16,13,0,973,4,,,,Plein jour,Hors agglomération,Hors intersection,Normale,Deux véhicules - frontale,,,,,,,,,,,1,1,1,1.0,1.0
201100065588,0011-04-18 22:00:00,11,4,18,22,0,973,4,rue Ernest Prudent,,,Nuit sans éclairage public,En agglomération,Hors intersection,Normale,Deux véhicules - frontale,,,,,,,,,,,3,2,1,1.0,1.0
201100065589,0011-05-01 22:15:00,11,5,1,22,15,973,4,,,,Nuit sans éclairage public,Hors agglomération,Hors intersection,Temps couvert,Trois véhicules et plus - collisions multiples,,,,,,,,,,,3,1,1,8.0,5.0
201100065590,0011-05-13 05:45:00,11,5,13,5,45,973,4,,,,Nuit sans éclairage public,Hors agglomération,Hors intersection,Pluie légère,Trois véhicules et plus - collisions multiples,,,,,,,,,,,3,1,1,2.0,5.0
201100065591,0011-05-27 07:00:00,11,5,27,7,0,973,4,Avenue L?opold Heder,,,Plein jour,En agglomération,Hors intersection,Pluie légère,Deux véhicules - côté,,,,,,,,,,,1,2,1,2.0,3.0
201100065592,0011-07-20 21:45:00,11,7,20,21,45,973,4,,,,Nuit sans éclairage public,Hors agglomération,Hors intersection,Normale,Sans collision,,,,,,,,,,,3,1,1,1.0,7.0
201100065593,0011-08-13 13:15:00,11,8,13,13,15,973,4,avenue de France,,,Plein jour,En agglomération,Hors intersection,Normale,Autre collision,,,,,,,,,,,1,2,1,1.0,6.0
201100065594,0011-08-26 13:00:00,11,8,26,13,0,973,4,,,,Plein jour,Hors agglomération,Hors intersection,Normale,Deux véhicules - frontale,,,,,,,,,,,1,1,1,1.0,1.0
201100065595,0011-09-07 18:00:00,11,9,7,18,0,973,4,,,,Plein jour,En agglomération,Hors intersection,Normale,Autre collision,,,,,,,,,,,1,2,1,1.0,6.0
201100065596,0011-10-14 16:45:00,11,10,14,16,45,973,4,Rue Justin Catay?,,,Plein jour,En agglomération,Hors intersection,Normale,Deux véhicules - arrière,,,,,,,,,,,1,2,1,1.0,2.0
201100065597,0011-11-04 23:45:00,11,11,4,23,45,973,4,,,,Nuit avec éclairage allumé,En agglomération,Hors intersection,Normale,Deux véhicules - frontale,,,,,,,,,,,5,2,1,1.0,1.0
201100065598,0011-11-28 10:30:00,11,11,28,10,30,973,4,avenue Berlioz,,,Plein jour,En agglomération,Hors intersection,Normale,Deux véhicules - frontale,,,,,,,,,,,1,2,1,1.0,1.0
201100065599,0011-12-19 15:30:00,11,12,19,15,30,973,4,rue des cavaliers,,,Plein jour,En agglomération,Hors intersection,Normale,Deux véhicules - côté,,,,,,,,,,,1,2,1,1.0,3.0
201100065600,0011-01-13 06:45:00,11,1,13,6,45,973,7,,,,Plein jour,Hors agglomération,Hors intersection,Normale,Autre collision,,,,,,,,,,,1,1,1,1.0,6.0
201100065601,0011-01-21 16:15:00,11,1,21,16,15,973,7,,,,Plein jour,Hors agglomération,Hors intersection,Normale,Sans collision,,,,,,,,,,,1,1,1,1.0,7.0
201100065602,0011-01-22 06:45:00,11,1,22,6,45,973,7,,,,Plein jour,Hors agglomération,Hors intersection,Normale,Autre collision,,,,,,,,,,,1,1,1,1.0,6.0
201100065603,0011-02-18 16:45:00,11,2,18,16,45,973,7,RUE DE MACATA,,,Plein jour,En agglomération,Hors intersection,Normale,Deux véhicules - frontale,,,,,,,,,,,1,2,1,1.0,1.0
201100065604,0011-03-01 21:15:00,11,3,1,21,15,973,7,,,,Nuit avec éclairage allumé,Hors agglomération,Hors intersection,Normale,Deux véhicules - côté,,,,,,,,,,,5,1,1,1.0,3.0
201100065605,0011-03-18 13:30:00,11,3,18,13,30,973,7,INTERSECTION RN2 CHEMIN,,,Plein jour,En agglomération,Hors intersection,Normale,Deux véhicules - côté,,,,,,,,,,,1,2,1,1.0,3.0
201100065606,0011-04-02 00:01:00,11,4,2,0,1,973,7,1 rue des caraibes,,,Nuit sans éclairage public,En agglomération,Hors intersection,Pluie légère,Deux véhicules - frontale,,,,,,,,,,,3,2,1,2.0,1.0
201100065607,0011-04-02 18:45:00,11,4,2,18,45,973,7,,,,Nuit sans éclairage public,Hors agglomération,Hors intersection,Normale,Deux véhicules - côté,,,,,,,,,,,3,1,1,1.0,3.0
201100065608,0011-05-19 21:45:00,11,5,19,21,45,973,7,,,,Nuit sans éclairage public,Hors agglomération,Hors intersection,Normale,Autre collision,,,,,,,,,,,3,1,1,1.0,6.0
201100065609,0011-06-09 21:30:00,11,6,9,21,30,973,7,Jean-Jacques Dessalines,,,Nuit avec éclairage allumé,En agglomération,Hors intersection,Normale,Deux véhicules - frontale,,,,,,,,,,,5,2,1,1.0,1.0
201100065610,0011-06-10 05:45:00,11,6,10,5,45,973,7,RN2,,,Nuit sans éclairage public,En agglomération,Hors intersection,Normale,Deux véhicules - arrière,,,,,,,,,,,3,2,1,1.0,2.0
201100065611,0011-06-10 05:30:00,11,6,10,5,30,973,7,,,,Nuit sans éclairage public,Hors agglomération,Hors intersection,Normale,Trois véhicules et plus - collisions multiples,,,,,,,,,,,3,1,1,1.0,5.0
201100065612,0011-06-19 11:45:00,11,6,19,11,45,973,7,,,,Plein jour,Hors agglomération,Hors intersection,Normale,Deux véhicules - côté,,,,,,,,,,,1,1,1,1.0,3.0
201100065613,0011-06-25 20:00:00,11,6,25,20,0,973,7,ZI du Larivot,,,Nuit avec éclairage allumé,En agglomération,Hors intersection,Normale,Deux véhicules - côté,,,,,,,,,,,5,2,1,1.0,3.0
201100065614,0011-07-24 07:00:00,11,7,24,7,0,973,7,,,,Plein jour,Hors agglomération,Giratoire,Normale,Deux véhicules - côté,,,,,,,,,,,1,1,6,1.0,3.0
201100065615,0011-08-17 17:30:00,11,8,17,17,30,973,7,,,,Plein jour,Hors agglomération,Hors intersection,Normale,Trois véhicules et plus - collisions multiples,,,,,,,,,,,1,1,1,1.0,5.0
201100065616,0011-08-24 14:45:00,11,8,24,14,45,973,7,,,,Plein jour,Hors agglomération,Hors intersection,Normale,Autre collision,,,,,,,,,,,1,1,1,1.0,6.0
201100065617,0011-09-14 18:45:00,11,9,14,18,45,973,7,,,,Nuit sans éclairage public,Hors agglomération,Hors intersection,Normale,Deux véhicules - frontale,,,,,,,,,,,3,1,1,1.0,1.0
201100065618,0011-09-18 20:30:00,11,9,18,20,30,973,7,,,,Nuit avec éclairage non allumé,Hors agglomération,Hors intersection,Normale,Autre collision,,,,,,,,,,,4,1,1,1.0,6.0
201100065619,0011-10-06 07:00:00,11,10,6,7,0,973,7,,,,Plein jour,Hors agglomération,Hors intersection,Normale,Autre collision,,,,,,,,,,,1,1,1,1.0,6.0
201100065620,0011-10-10 11:00:00,11,10,10,11,0,973,7,,,,Plein jour,Hors agglomération,Hors intersection,Normale,Deux véhicules - côté,,,,,,,,,,,1,1,1,1.0,3.0
201100065621,0011-10-22 11:30:00,11,10,22,11,30,973,7,,,,Plein jour,Hors agglomération,Hors intersection,Normale,Autre collision,,,,,,,,,,,1,1,1,1.0,6.0
201100065622,0011-10-23 17:15:00,11,10,23,17,15,973,7,,,,Plein jour,En agglomération,Hors intersection,Normale,Deux véhicules - côté,,,,,,,,,,,1,2,1,1.0,3.0
201100065623,0011-11-13 22:30:00,11,11,13,22,30,973,7,,,,Nuit avec éclairage allumé,En agglomération,Hors intersection,Normale,Deux véhicules - côté,,,,,,,,,,,5,2,1,1.0,3.0
201100065624,0011-11-21 14:45:00,11,11,21,14,45,973,7,,,,Plein jour,Hors agglomération,Autre intersection,Normale,Deux véhicules - frontale,,,,,,,,,,,1,1,9,1.0,1.0
201100065625,0011-12-02 17:00:00,11,12,2,17,0,973,7,RN 2 PK 5,,,Plein jour,En agglomération,Hors intersection,Normale,Deux véhicules - côté,,,,,,,,,,,1,2,1,1.0,3.0
201100065626,0011-12-19 08:45:00,11,12,19,8,45,973,7,,,,Plein jour,Hors agglomération,Hors intersection,Normale,Trois véhicules et plus - collisions multiples,,,,,,,,,,,1,1,1,1.0,5.0
201100065627,0011-12-24 16:30:00,11,12,24,16,30,973,7,,,,Plein jour,Hors agglomération,Hors intersection,Normale,Deux véhicules - frontale,,,,,,,,,,,1,1,1,1.0,1.0
201100065628,0011-05-05 18:45:00,11,5,5,18,45,974,56,CD6 - Rue Vieux Tamarin,,,Nuit avec éclairage allumé,En agglomération,Hors intersection,Normale,Deux véhicules - côté,,,,,,,,,,,5,2,1,1.0,3.0
201100065629,0011-06-28 16:30:00,11,6,28,16,30,974,56,,,,Plein jour,Hors agglomération,Hors intersection,Normale,Deux véhicules - frontale,,,,,,,,,,,1,1,1,1.0,1.0
201100065630,0011-07-10 16:30:00,11,7,10,16,30,974,15,Rue Joseph Hubert,,,Plein jour,En agglomération,Hors intersection,Temps éblouissant,Deux véhicules - frontale,,,,,,,,,,,1,2,1,7.0,1.0
201100065631,0011-01-26 14:45:00,11,1,26,14,45,974,4,chemin charbonnier,,,Plein jour,En agglomération,Hors intersection,Normale,Deux véhicules - frontale,,,,,,,,,,,1,2,1,1.0,1.0
201100065632,0011-01-30 04:00:00,11,1,30,4,0,974,4,,,,Nuit sans éclairage public,Hors agglomération,Hors intersection,Pluie légère,Deux véhicules - frontale,,,,,,,,,,,3,1,1,2.0,1.0
201100065633,0011-05-30 08:45:00,11,5,30,8,45,974,4,RN1A - Rue Octve B?nard,,,Plein jour,En agglomération,Autre intersection,Normale,Deux véhicules - côté,,,,,,,,,,,1,2,9,1.0,3.0
201100065634,0011-07-19 23:15:00,11,7,19,23,15,974,4,,,,Nuit sans éclairage public,Hors agglomération,Hors intersection,Normale,Autre collision,,,,,,,,,,,3,1,1,1.0,6.0
201100065635,0011-10-16 05:30:00,11,10,16,5,30,974,4,,,,Plein jour,Hors agglomération,Autre intersection,Normale,Autre collision,,,,,,,,,,,1,1,9,1.0,6.0
201100065636,0011-10-19 19:30:00,11,10,19,19,30,974,4,,,,Nuit avec éclairage allumé,En agglomération,Hors intersection,Normale,Autre collision,,,,,,,,,,,5,2,1,1.0,6.0
201100065637,0011-10-29 20:15:00,11,10,29,20,15,974,4,avene Raymond Barre,,,Nuit avec éclairage allumé,En agglomération,Hors intersection,Normale,Deux véhicules - côté,,,,,,,,,,,5,2,1,1.0,3.0
201100065638,0011-11-19 08:15:00,11,11,19,8,15,974,4,,,,Plein jour,Hors agglomération,Intersection en Y,Temps éblouissant,Deux véhicules - côté,,,,,,,,,,,1,1,4,7.0,3.0
201100065639,0011-01-19 07:45:00,11,1,19,7,45,971,5,LARDENOY (RUE DE ),,,Plein jour,En agglomération,Hors intersection,Normale,Autre collision,,,,,,,,,,,1,2,1,1.0,6.0
201100065640,0011-01-20 06:30:00,11,1,20,6,30,971,5,VICTOR HUGUES (RUE),,,Plein jour,En agglomération,Hors intersection,Normale,Sans collision,,,,,,,,,,,1,2,1,1.0,7.0
201100065641,0011-01-31 08:15:00,11,1,31,8,15,971,5,MAURICE MARIE-CLAIRE(RUE,,,Plein jour,En agglomération,Hors intersection,Normale,Autre collision,,,,,,,,,,,1,2,1,1.0,6.0
201100065642,0011-02-05 18:40:00,11,2,5,18,40,971,5,"105, PAUL LACAVE (AVENUE",,,Nuit avec éclairage allumé,En agglomération,Autre intersection,Normale,Deux véhicules - arrière,,,,,,,,,,,5,2,9,1.0,2.0
201100065643,0011-02-09 18:00:00,11,2,9,18,0,971,5,BOSSANT (RUE),,,Crépuscule ou aube,En agglomération,Intersection en X,Pluie légère,Deux véhicules - côté,,,,,,,,,,,2,2,2,2.0,3.0
201100065644,0011-02-27 20:20:00,11,2,27,20,20,971,5,"605, Gouverneur de Lyon",,,Nuit avec éclairage allumé,En agglomération,Hors intersection,Normale,Deux véhicules - frontale,,,,,,,,,,,5,2,1,1.0,1.0
201100065645,0011-03-03 08:45:00,11,3,3,8,45,971,5,PINTADE,,,Plein jour,En agglomération,Hors intersection,Pluie légère,Deux véhicules - frontale,,,,,,,,,,,1,2,1,2.0,1.0
201100065646,0011-03-29 12:55:00,11,3,29,12,55,971,5,BOLOGNE (ROUTE DE),,,Plein jour,En agglomération,Intersection à plus de 4 branches,Normale,Deux véhicules - côté,,,,,,,,,,,1,2,5,1.0,3.0
201100065647,0011-01-28 12:20:00,11,1,28,12,20,971,7,FLAMBOYANTS ( ALLEE DES,,,Plein jour,En agglomération,Autre intersection,Normale,Autre collision,,,,,,,,,,,1,2,9,1.0,6.0
201100065648,0011-03-07 11:05:00,11,3,7,11,5,971,7,MARQUISAT ( ROUTE DE ),,,Plein jour,En agglomération,Hors intersection,Normale,Deux véhicules - arrière,,,,,,,,,,,1,2,1,1.0,2.0
201100065649,0011-02-11 19:40:00,11,2,11,19,40,971,7,POETE CHRISTOPHE ( CAYEN,,,Nuit sans éclairage public,En agglomération,Hors intersection,Normale,Autre collision,,,,,,,,,,,3,2,1,1.0,6.0
201100065650,0011-02-12 12:30:00,11,2,12,12,30,971,7,FLAMBOYANTS ( ALLEE DES,,,Plein jour,En agglomération,Intersection en T,Normale,Autre collision,,,,,,,,,,,1,2,3,1.0,6.0
201100065651,0011-02-22 07:30:00,11,2,22,7,30,971,7,DELGRES ( BOULEVARD ),,,Plein jour,En agglomération,Intersection en T,Normale,Autre collision,,,,,,,,,,,1,2,3,1.0,6.0
201100065652,0011-03-20 13:35:00,11,3,20,13,35,971,7,MARQUISAT ( ROUTE DE ),,,Plein jour,En agglomération,Hors intersection,Normale,Trois véhicules et plus - en chaîne,,,,,,,,,,,1,2,1,1.0,4.0
201100065653,0011-06-04 08:40:00,11,6,4,8,40,971,7,GAMBETTA ( RUE ),,,Plein jour,En agglomération,Intersection en X,Normale,Deux véhicules - côté,,,,,,,,,,,1,2,2,1.0,3.0
201100065654,0011-08-04 17:30:00,11,8,4,17,30,971,7,"81, NATIONALE N?1 (ROUTE",,,Plein jour,En agglomération,Hors intersection,Normale,Deux véhicules - arrière,,,,,,,,,,,1,2,1,1.0,2.0
201100065655,0011-12-22 18:00:00,11,12,22,18,0,971,7,3GERMAIN ST RUF (AVENUE,,,Crépuscule ou aube,En agglomération,Hors intersection,,Deux véhicules - frontale,,,,,,,,,,,2,2,1,,1.0
201100065656,0011-10-18 13:30:00,11,10,18,13,30,971,7,PAUL LACAVE ( AVENUE ),,,Plein jour,En agglomération,Hors intersection,Normale,Autre collision,,,,,,,,,,,1,2,1,1.0,6.0
201100065657,0011-12-22 15:20:00,11,12,22,15,20,971,7,"31, GERMAIN ST RUF (AVEN",,,Plein jour,En agglomération,Hors intersection,,Deux véhicules - frontale,,,,,,,,,,,1,2,1,,1.0
201100065658,0011-01-01 11:18:00,11,1,1,11,18,971,1,"00, DOTHEMARE",,,Plein jour,En agglomération,Hors intersection,Normale,Deux véhicules - arrière,,,,,,,,,,,1,2,1,1.0,2.0
201100065659,0011-01-02 23:37:00,11,1,2,23,37,971,20,"RD, Secteur Pont de la G",,,Nuit avec éclairage allumé,Hors agglomération,Hors intersection,Pluie forte,Sans collision,,,,,,,,,,,5,1,1,3.0,7.0
201100065660,0011-01-02 13:40:00,11,1,2,13,40,971,13,"RN, BAS DU FORT",,,Plein jour,Hors agglomération,Hors intersection,Normale,Autre collision,,,,,,,,,,,1,1,1,1.0,6.0
201100065661,0011-01-05 16:00:00,11,1,5,16,0,971,13,"RN, RN4 - SECTION RIVIER",,,Plein jour,Hors agglomération,Hors intersection,Normale,Deux véhicules - côté,,,,,,,,,,,1,1,1,1.0,3.0
201100065662,0011-01-13 13:40:00,11,1,13,13,40,971,1,"RD, TERASSON",,,Plein jour,Hors agglomération,Hors intersection,Autre,Sans collision,,,,,,,,,,,1,1,1,9.0,7.0
201100065663,0011-01-09 22:06:00,11,1,9,22,6,971,1,"RD, LACROIX",,,Nuit avec éclairage allumé,En agglomération,Hors intersection,Normale,Deux véhicules - arrière,,,,,,,,,,,5,2,1,1.0,2.0
201100065664,0011-01-16 07:30:00,11,1,16,7,30,971,1,"RN, RN05",,,Plein jour,En agglomération,Hors intersection,Normale,Sans collision,,,,,,,,,,,1,2,1,1.0,7.0
201100065665,0011-01-17 00:10:00,11,1,17,0,10,971,1,"RD, LACROIX",,,Nuit avec éclairage allumé,En agglomération,Hors intersection,Autre,Autre collision,,,,,,,,,,,5,2,1,9.0,6.0
201100065666,0011-01-18 09:11:00,11,1,18,9,11,971,20,"00, HINCELIN",,,Plein jour,En agglomération,Intersection en X,Normale,Autre collision,,,,,,,,,,,1,2,2,1.0,6.0
201100065667,0011-01-21 03:17:00,11,1,21,3,17,971,13,"RN, BAS DU FORT",,,Nuit avec éclairage allumé,Hors agglomération,Hors intersection,Normale,Deux véhicules - côté,,,,,,,,,,,5,1,1,1.0,3.0
201100065668,0011-06-04 08:40:00,11,6,4,8,40,971,20,AMBETTA ( RUE ),,,Plein jour,En agglomération,Intersection en X,Pluie forte,,,,,,,,,,,,1,2,2,3.0,
201100065669,0011-01-22 06:20:00,11,1,22,6,20,971,13,"RN, PONT DE POUCET",,,Crépuscule ou aube,Hors agglomération,Hors intersection,Autre,Autre collision,,,,,,,,,,,2,1,1,9.0,6.0
201100065670,0011-01-20 19:15:00,11,1,20,19,15,971,1,"RD, LACROIX",,,Nuit avec éclairage allumé,En agglomération,Autre intersection,Pluie légère,Deux véhicules - côté,,,,,,,,,,,5,2,9,2.0,3.0
201100065671,0011-01-17 16:00:00,11,1,17,16,0,971,13,"RN, RN4 - SECTION RIVIER",,,Plein jour,En agglomération,Hors intersection,Normale,Sans collision,,,,,,,,,,,1,2,1,1.0,7.0
201100065672,0011-01-22 13:46:00,11,1,22,13,46,971,13,"RN, SECTION BESSON",,,Plein jour,Hors agglomération,Hors intersection,Normale,Autre collision,,,,,,,,,,,1,1,1,1.0,6.0
201100065673,0011-01-23 07:05:00,11,1,23,7,5,971,13,"RD, SECTION COCOYER",,,Crépuscule ou aube,Hors agglomération,Hors intersection,Pluie légère,Autre collision,,,,,,,,,,,2,1,1,2.0,6.0
201100065674,0011-01-24 00:23:00,11,1,24,0,23,971,1,"RD, BOULEVARD DES HEROS",,,Nuit avec éclairage non allumé,En agglomération,Hors intersection,Normale,Autre collision,,,,,,,,,,,4,2,1,1.0,6.0
201100065675,0011-01-26 17:20:00,11,1,26,17,20,971,13,"00, GENERAL DE GAULLE (A",,,Plein jour,En agglomération,Hors intersection,Normale,Deux véhicules - arrière,,,,,,,,,,,1,2,1,1.0,2.0
201100065676,0011-11-30 16:25:00,11,11,30,16,25,971,7,"88, PAUL LACAVE ( AVENUE",,,Plein jour,En agglomération,Hors intersection,Normale,,,,,,,,,,,,1,2,1,1.0,
201100065677,0011-01-28 07:55:00,11,1,28,7,55,971,13,"00, Section Port Blanc",,,Plein jour,En agglomération,Hors intersection,Normale,Autre collision,,,,,,,,,,,1,2,1,1.0,6.0
201100065678,0011-01-29 05:30:00,11,1,29,5,30,971,13,"RD, AMEDE CLARA",,,Nuit avec éclairage allumé,En agglomération,Hors intersection,Normale,Autre collision,,,,,,,,,,,5,2,1,1.0,6.0
201100065679,0011-01-29 14:30:00,11,1,29,14,30,971,1,"RD, GRAND CAMP(SECTION)",,,Plein jour,En agglomération,Intersection en T,Normale,Deux véhicules - côté,,,,,,,,,,,1,2,3,1.0,3.0
201100065680,0011-02-01 21:30:00,11,2,1,21,30,971,13,"RN, RN4 - SECTION RIVIER",,,Nuit avec éclairage allumé,Hors agglomération,Hors intersection,Normale,Deux véhicules - frontale,,,,,,,,,,,5,1,1,1.0,1.0
201100065681,0011-02-02 19:15:00,11,2,2,19,15,971,1,"RN, POINTE D'OR",,,Nuit avec éclairage non allumé,En agglomération,Hors intersection,Normale,Deux véhicules - arrière,,,,,,,,,,,4,2,1,1.0,2.0
201100065682,0011-02-01 08:40:00,11,2,1,8,40,971,13,"RN, RN4 - SECTION RIVIER",,,Plein jour,Hors agglomération,Hors intersection,Normale,Deux véhicules - frontale,,,,,,,,,,,1,1,1,1.0,1.0
201100065683,0011-02-02 13:45:00,11,2,2,13,45,971,13,"00, Section Port Blanc",,,Plein jour,Hors agglomération,Hors intersection,Normale,Sans collision,,,,,,,,,,,1,1,1,1.0,7.0
201100065684,0011-02-06 21:06:00,11,2,6,21,6,971,20,"RD, CHANZY (BOULEVARD)",,,Nuit avec éclairage allumé,En agglomération,Hors intersection,Normale,Deux véhicules - côté,,,,,,,,,,,5,2,1,1.0,3.0
201100065685,0011-02-01 07:40:00,11,2,1,7,40,971,13,"RN, RN4 - SECTION RIVIER",,,Plein jour,Hors agglomération,Hors intersection,Autre,Deux véhicules - frontale,,,,,,,,,,,1,1,1,9.0,1.0
201100065686,0011-02-05 16:10:00,11,2,5,16,10,971,13,"RD, SECTEUR GRAND BOIS",,,Plein jour,Hors agglomération,Hors intersection,Normale,Deux véhicules - côté,,,,,,,,,,,1,1,1,1.0,3.0
201100065687,0011-02-14 22:28:00,11,2,14,22,28,971,13,"RN, RN4 - SECTION RIVIER",,,Nuit avec éclairage allumé,Hors agglomération,Hors intersection,Normale,Autre collision,,,,,,,,,,,5,1,1,1.0,6.0
201100065688,0011-02-11 20:25:00,11,2,11,20,25,971,1,"00, GRAND CAMP(SECTION)",,,Nuit avec éclairage allumé,En agglomération,Hors intersection,Normale,Deux véhicules - arrière,,,,,,,,,,,5,2,1,1.0,2.0
201100065689,0011-02-18 15:42:00,11,2,18,15,42,971,13,"RD, SECTION MOREAU",,,Plein jour,Hors agglomération,Intersection en T,Normale,Deux véhicules - côté,,,,,,,,,,,1,1,3,1.0,3.0
201100065690,0011-02-24 12:10:00,11,2,24,12,10,971,1,"RN, ROUTE DES ABYMES",,,Plein jour,Hors agglomération,Hors intersection,Normale,Deux véhicules - arrière,,,,,,,,,,,1,1,1,1.0,2.0
201100065691,0011-02-10 15:00:00,11,2,10,15,0,971,1,"00, PROVIDENCE",,,Plein jour,Hors agglomération,Hors intersection,Normale,Trois véhicules et plus - en chaîne,,,,,,,,,,,1,1,1,1.0,4.0
201100065692,0011-02-13 07:30:00,11,2,13,7,30,971,13,"0, SECTION COCOYER",,,Plein jour,Hors agglomération,Hors intersection,Normale,Deux véhicules - arrière,,,,,,,,,,,1,1,1,1.0,2.0
201100065693,0011-02-17 19:00:00,11,2,17,19,0,971,13,"RN, SECTION MARE-GAILLAR",,,Nuit avec éclairage allumé,En agglomération,Hors intersection,Normale,Deux véhicules - arrière,,,,,,,,,,,5,2,1,1.0,2.0
201100065694,0011-02-22 07:25:00,11,2,22,7,25,971,1,"RN, RN05",,,Plein jour,En agglomération,Hors intersection,Normale,Deux véhicules - côté,,,,,,,,,,,1,2,1,1.0,3.0
201100065695,0011-02-04 06:36:00,11,2,4,6,36,971,1,"RD, TERASSON",,,Plein jour,Hors agglomération,Intersection en T,Normale,Deux véhicules - côté,,,,,,,,,,,1,1,3,1.0,3.0
201100065696,0011-02-22 08:35:00,11,2,22,8,35,971,1,"0, BAIMBRIDGE",,,Plein jour,En agglomération,Hors intersection,Normale,Deux véhicules - côté,,,,,,,,,,,1,2,1,1.0,3.0
201100065697,0011-02-28 15:00:00,11,2,28,15,0,971,1,"RN5, PETIT PEROU",,,Plein jour,En agglomération,Intersection en T,Normale,Deux véhicules - frontale,,,,,,,,,,,1,2,3,1.0,1.0
201100065698,0011-02-25 21:05:00,11,2,25,21,5,971,1,"RD, ROUTE DE CELIGNY",,,Nuit avec éclairage non allumé,Hors agglomération,Hors intersection,Normale,Deux véhicules - frontale,,,,,,,,,,,4,1,1,1.0,1.0
201100065699,0011-03-08 02:00:00,11,3,8,2,0,971,13,"RN, SECTION LABROUSSE",,,Nuit sans éclairage public,Hors agglomération,Intersection en Y,Normale,Trois véhicules et plus - collisions multiples,,,,,,,,,,,3,1,4,1.0,5.0
201100065700,0011-03-07 02:35:00,11,3,7,2,35,971,1,"RN, ROUTE DES ABYMES",,,Nuit avec éclairage allumé,En agglomération,Hors intersection,Normale,Sans collision,,,,,,,,,,,5,2,1,1.0,7.0
201100065701,0011-03-09 18:00:00,11,3,9,18,0,971,13,"0, MONTAUBAN (SECTEUR)",,,Plein jour,En agglomération,Hors intersection,Normale,Deux véhicules - arrière,,,,,,,,,,,1,2,1,1.0,2.0
201100065702,0011-03-11 07:40:00,11,3,11,7,40,971,1,"RN, PERRIN",,,Plein jour,Hors agglomération,Hors intersection,Normale,Sans collision,,,,,,,,,,,1,1,1,1.0,7.0
201100065703,0011-03-21 08:20:00,11,3,21,8,20,971,1,"RN, RN05",,,Plein jour,En agglomération,Intersection en T,Normale,Deux véhicules - arrière,,,,,,,,,,,1,2,3,1.0,2.0
201100065704,0011-03-20 01:20:00,11,3,20,1,20,971,1,"RN, POINTE D'OR",,,Nuit sans éclairage public,Hors agglomération,Hors intersection,Normale,Autre collision,,,,,,,,,,,3,1,1,1.0,6.0
201100065705,0011-03-19 21:13:00,11,3,19,21,13,971,1,"00, Rue des Orangers",,,Nuit avec éclairage allumé,Hors agglomération,Hors intersection,Normale,Sans collision,,,,,,,,,,,5,1,1,1.0,7.0