accident_id,datetime,annee,mois,jour,heure,minute,departement,commune_insee,adresse,latitude,longitude,luminosite,agglomeration,intersection,meteo,collision,nb_vehicules,nb_usagers,nb_indemnes,nb_tues,nb_blesses_hosp,nb_blesses_legers,age_cond_1,age_cond_2,veh_type_cond_1,veh_type_cond_2,lum_code,agg_code,int_code,atm_code,col_code
201100065706,0011-03-14 14:20:00,11,3,14,14,20,971,13,"RN, RN4 - SECTION RIVIER",,,Plein jour,Hors agglomération,Hors intersection,Autre,Deux véhicules - côté,,,,,,,,,,,1,1,1,9.0,3.0
201100065707,0011-03-14 15:50:00,11,3,14,15,50,971,13,"RN, Morne Salines",,,Plein jour,Hors agglomération,Hors intersection,Autre,Deux véhicules - arrière,,,,,,,,,,,1,1,1,9.0,2.0
201100065708,0011-03-18 16:55:00,11,3,18,16,55,971,1,"RD, BESSON",,,Plein jour,Hors agglomération,Hors intersection,Normale,Deux véhicules - arrière,,,,,,,,,,,1,1,1,1.0,2.0
201100065709,0011-03-15 11:50:00,11,3,15,11,50,971,13,"RN, RN4 - SECTION RIVIER",,,Plein jour,Hors agglomération,Hors intersection,Normale,Deux véhicules - côté,,,,,,,,,,,1,1,1,1.0,3.0
201100065710,0011-03-30 13:15:00,11,3,30,13,15,971,13,"00, GENERAL DE GAULLE (A",,,Plein jour,En agglomération,Hors intersection,Normale,Sans collision,,,,,,,,,,,1,2,1,1.0,7.0
201100065711,0011-03-21 07:20:00,11,3,21,7,20,971,13,"RD, SECTION COCOYER",,,Plein jour,Hors agglomération,Intersection en T,Normale,Deux véhicules - côté,,,,,,,,,,,1,1,3,1.0,3.0
201100065712,0011-03-23 12:43:00,11,3,23,12,43,971,13,"RN, RN4 - SECTION RIVIER",,,Plein jour,Hors agglomération,Hors intersection,Normale,Deux véhicules - côté,,,,,,,,,,,1,1,1,1.0,3.0
201100065713,0011-03-23 17:56:00,11,3,23,17,56,971,13,"RN, PETIT HAVRE (SECTEUR",,,Plein jour,Hors agglomération,Hors intersection,Normale,Autre collision,,,,,,,,,,,1,1,1,1.0,6.0
201100065714,0011-03-30 23:00:00,11,3,30,23,0,971,1,"RD, CHAUVEL",,,Nuit avec éclairage allumé,Hors agglomération,Hors intersection,Normale,Deux véhicules - frontale,,,,,,,,,,,5,1,1,1.0,1.0
201100065715,0011-03-24 19:48:00,11,3,24,19,48,971,13,"00, SECTION PLIANE",,,Nuit avec éclairage allumé,Hors agglomération,Hors intersection,Normale,Deux véhicules - frontale,,,,,,,,,,,5,1,1,1.0,1.0
201100065716,0011-03-26 06:18:00,11,3,26,6,18,971,1,"RN, RN2005",,,Plein jour,En agglomération,Hors intersection,Normale,Sans collision,,,,,,,,,,,1,2,1,1.0,7.0
201100065717,0011-03-31 05:30:00,11,3,31,5,30,971,13,"RD, MONTAUBAN (SECTEUR)",,,Crépuscule ou aube,En agglomération,Hors intersection,Normale,Sans collision,,,,,,,,,,,2,2,1,1.0,7.0
201100065718,0011-04-07 07:20:00,11,4,7,7,20,971,13,"RD, SECTION COCOYER",,,Plein jour,Hors agglomération,Hors intersection,Normale,Sans collision,,,,,,,,,,,1,1,1,1.0,7.0
201100065719,0011-04-10 06:35:00,11,4,10,6,35,971,13,"RD, MONTAUBAN (SECTEUR)",,,Plein jour,En agglomération,Hors intersection,Normale,Deux véhicules - frontale,,,,,,,,,,,1,2,1,1.0,1.0
201100065720,0011-04-08 05:45:00,11,4,8,5,45,971,1,"RN, RN2005",,,Crépuscule ou aube,En agglomération,Intersection en T,Normale,Sans collision,,,,,,,,,,,2,2,3,1.0,7.0
201100065721,0011-04-12 16:00:00,11,4,12,16,0,971,1,"RD, MARECHAL LECLERC",,,Plein jour,En agglomération,Hors intersection,Normale,Sans collision,,,,,,,,,,,1,2,1,1.0,7.0
201100065722,0011-04-17 06:00:00,11,4,17,6,0,971,1,"RN, RN5-BOISRIPEAUX",,,Plein jour,En agglomération,Hors intersection,Normale,Deux véhicules - arrière,,,,,,,,,,,1,2,1,1.0,2.0
201100065723,0011-04-10 14:15:00,11,4,10,14,15,971,1,"RD, PERRIN",,,Plein jour,Hors agglomération,Hors intersection,Normale,Sans collision,,,,,,,,,,,1,1,1,1.0,7.0
201100065724,0011-04-11 18:04:00,11,4,11,18,4,971,13,"RN, GRAND BAIE ( RN4)",,,Nuit avec éclairage allumé,Hors agglomération,Hors intersection,Normale,Trois véhicules et plus - en chaîne,,,,,,,,,,,5,1,1,1.0,4.0
201100065725,0011-04-11 06:23:00,11,4,11,6,23,971,13,"RD, SECTEUR GRAND BOIS",,,Crépuscule ou aube,Hors agglomération,Hors intersection,Pluie forte,Sans collision,,,,,,,,,,,2,1,1,3.0,7.0
201100065726,0011-04-11 06:20:00,11,4,11,6,20,971,13,"RD, SECTEUR GRAND BOIS",,,Crépuscule ou aube,Hors agglomération,Hors intersection,Pluie forte,Sans collision,,,,,,,,,,,2,1,1,3.0,7.0
201100065727,0011-04-15 21:00:00,11,4,15,21,0,971,13,"RN, RN4-ROND POINT SAINT",,,Nuit avec éclairage allumé,Hors agglomération,Hors intersection,Pluie légère,Deux véhicules - côté,,,,,,,,,,,5,1,1,2.0,3.0
201100065728,0011-04-22 10:06:00,11,4,22,10,6,971,13,"RD, SECTION COCOYER",,,Plein jour,En agglomération,Intersection en T,Normale,Deux véhicules - côté,,,,,,,,,,,1,2,3,1.0,3.0
201100065729,0011-04-28 06:30:00,11,4,28,6,30,971,13,"RN, Pont de BLANCHARD",,,Crépuscule ou aube,En agglomération,Hors intersection,Normale,Sans collision,,,,,,,,,,,2,2,1,1.0,7.0
201100065730,0011-05-01 12:25:00,11,5,1,12,25,971,20,"RN 4, RN4 - SECTION RIVI",,,Plein jour,En agglomération,Hors intersection,Normale,Deux véhicules - côté,,,,,,,,,,,1,2,1,1.0,3.0
201100065731,0011-04-08 09:00:00,11,4,8,9,0,971,1,"00, GRAND CAMP(SECTION)",,,Plein jour,En agglomération,Hors intersection,Normale,Deux véhicules - arrière,,,,,,,,,,,1,2,1,1.0,2.0
201100065732,0011-04-18 07:45:00,11,4,18,7,45,971,1,"00, CHAUVEL",,,Nuit avec éclairage allumé,Hors agglomération,Hors intersection,Normale,Deux véhicules - côté,,,,,,,,,,,5,1,1,1.0,3.0
201100065733,0011-05-06 14:00:00,11,5,6,14,0,971,20,"RD 126, AUTO GUADELOUPE",,,Plein jour,En agglomération,Hors intersection,Normale,Sans collision,,,,,,,,,,,1,2,1,1.0,7.0
201100065734,0011-04-18 09:26:00,11,4,18,9,26,971,13,"RN, SECTION GRANDE RAVIN",,,Plein jour,Hors agglomération,Hors intersection,Normale,Deux véhicules - côté,,,,,,,,,,,1,1,1,1.0,3.0
201100065735,0011-05-06 14:45:00,11,5,6,14,45,971,20,"00, BD LEGITIMUS",,,Plein jour,En agglomération,Hors intersection,Normale,Sans collision,,,,,,,,,,,1,2,1,1.0,7.0
201100065736,0011-05-01 16:20:00,11,5,1,16,20,971,20,"RN 4, RN4 - SECTION RIVI",,,Plein jour,Hors agglomération,Hors intersection,Normale,Deux véhicules - frontale,,,,,,,,,,,1,1,1,1.0,1.0
201100065737,0011-05-06 21:00:00,11,5,6,21,0,971,20,"00, GRAND CAMP(SECTION)",,,Nuit avec éclairage allumé,En agglomération,Intersection en T,Normale,Deux véhicules - côté,,,,,,,,,,,5,2,3,1.0,3.0
201100065738,0011-05-08 18:20:00,11,5,8,18,20,971,20,"RD 103, BESSON",,,Crépuscule ou aube,Hors agglomération,Hors intersection,Normale,Trois véhicules et plus - collisions multiples,,,,,,,,,,,2,1,1,1.0,5.0
201100065739,0011-05-09 16:00:00,11,5,9,16,0,971,20,"RD 104, SECTEUR GRAND BO",,,Plein jour,Hors agglomération,Hors intersection,Normale,Deux véhicules - frontale,,,,,,,,,,,1,1,1,1.0,1.0
201100065740,0011-05-08 10:30:00,11,5,8,10,30,971,13,"1304, Chemin de la BOUAY",,,Plein jour,Hors agglomération,Hors intersection,Normale,Trois véhicules et plus - collisions multiples,,,,,,,,,,,1,1,1,1.0,5.0
201100065741,0011-05-15 03:25:00,11,5,15,3,25,971,20,"RN4, RN4 - SECTION RIVIE",,,Nuit avec éclairage allumé,Hors agglomération,Hors intersection,Pluie légère,Deux véhicules - frontale,,,,,,,,,,,5,1,1,2.0,1.0
201100065742,0011-05-14 03:48:00,11,5,14,3,48,971,20,"114, BOISRIPEAUX",,,Nuit avec éclairage allumé,En agglomération,Hors intersection,Normale,Deux véhicules - arrière,,,,,,,,,,,5,2,1,1.0,2.0
201100065743,0011-05-16 15:30:00,11,5,16,15,30,971,20,"RD 103, HANNE (BOULEVARD",,,Plein jour,En agglomération,Intersection en X,Normale,Sans collision,,,,,,,,,,,1,2,2,1.0,7.0
201100065744,0011-05-02 09:15:00,11,5,2,9,15,971,20,"4, RN4 - SECTION RIVIERA",,,Plein jour,Hors agglomération,Hors intersection,Normale,Trois véhicules et plus - en chaîne,,,,,,,,,,,1,1,1,1.0,4.0
201100065745,0011-05-14 02:35:00,11,5,14,2,35,971,20,"00, RASPAIL",,,Nuit avec éclairage allumé,En agglomération,Hors intersection,Normale,Autre collision,,,,,,,,,,,5,2,1,1.0,6.0
201100065746,0011-05-01 11:20:00,11,5,1,11,20,971,20,"RN 4, RN4-ROND POINT SAI",,,Plein jour,Hors agglomération,Hors intersection,Normale,Deux véhicules - arrière,,,,,,,,,,,1,1,1,1.0,2.0
201100065747,0011-05-06 08:35:00,11,5,6,8,35,971,20,"RN 4, SECTION GRANDE RAV",,,Plein jour,Hors agglomération,Hors intersection,Normale,Deux véhicules - frontale,,,,,,,,,,,1,1,1,1.0,1.0
201100065748,0011-05-23 11:35:00,11,5,23,11,35,971,20,"RN4, RN4 - SECTION RIVIE",,,Plein jour,Hors agglomération,Hors intersection,Normale,Deux véhicules - côté,,,,,,,,,,,1,1,1,1.0,3.0
201100065749,0011-05-27 17:30:00,11,5,27,17,30,971,20,"00, LE RAIZET(SECTEUR)",,,Plein jour,En agglomération,Hors intersection,Normale,Deux véhicules - côté,,,,,,,,,,,1,2,1,1.0,3.0
201100065750,0011-05-22 07:00:00,11,5,22,7,0,971,20,"4, RN4 - SECTION RIVIERA",,,Plein jour,Hors agglomération,Hors intersection,Normale,Deux véhicules - frontale,,,,,,,,,,,1,1,1,1.0,1.0
201100065751,0011-05-28 04:03:00,11,5,28,4,3,971,20,"RN, MONTAUBAN (SECTEUR)",,,Nuit avec éclairage allumé,En agglomération,Hors intersection,Normale,Sans collision,,,,,,,,,,,5,2,1,1.0,7.0
201100065752,0011-05-27 13:35:00,11,5,27,13,35,971,20,"RD103, SECTION BESSON",,,Plein jour,Hors agglomération,Hors intersection,Normale,Sans collision,,,,,,,,,,,1,1,1,1.0,7.0
201100065753,0011-06-02 21:10:00,11,6,2,21,10,971,13,"RD 119, PONT DE POUCET",,,Nuit avec éclairage allumé,En agglomération,Intersection à plus de 4 branches,Normale,Deux véhicules - côté,,,,,,,,,,,5,2,5,1.0,3.0
201100065754,0011-06-02 22:00:00,11,6,2,22,0,971,13,"RN4, RN4 - SECTION RIVIE",,,Nuit avec éclairage allumé,Hors agglomération,Hors intersection,Normale,Deux véhicules - frontale,,,,,,,,,,,5,1,1,1.0,1.0
201100065755,0011-06-05 15:50:00,11,6,5,15,50,971,20,"RD 103, HANNE (BOULEVARD",,,Plein jour,En agglomération,Hors intersection,Normale,Deux véhicules - côté,,,,,,,,,,,1,2,1,1.0,3.0
201100065756,0011-06-04 10:50:00,11,6,4,10,50,971,1,"RD103, CHAUVEL",,,Plein jour,En agglomération,Hors intersection,Normale,Sans collision,,,,,,,,,,,1,2,1,1.0,7.0
201100065757,0011-06-04 13:30:00,11,6,4,13,30,971,13,"RN4, RN4 - SECTION RIVIE",,,Plein jour,Hors agglomération,Hors intersection,Normale,Deux véhicules - côté,,,,,,,,,,,1,1,1,1.0,3.0
201100065758,0011-06-08 07:20:00,11,6,8,7,20,971,1,"00, BOISRIPEAUX",,,Plein jour,En agglomération,Hors intersection,Normale,Sans collision,,,,,,,,,,,1,2,1,1.0,7.0
201100065759,0011-06-13 23:43:00,11,6,13,23,43,971,1,"RD103, CHAUVEL",,,Nuit sans éclairage public,En agglomération,Hors intersection,Normale,Deux véhicules - frontale,,,,,,,,,,,3,2,1,1.0,1.0
201100065760,0011-06-12 09:40:00,11,6,12,9,40,971,1,"RN11, DUGAZON",,,Plein jour,En agglomération,Giratoire,Normale,Sans collision,,,,,,,,,,,1,2,6,1.0,7.0
201100065761,0011-06-10 13:40:00,11,6,10,13,40,971,20,"4, CIRFE MIQUEL",,,Plein jour,En agglomération,Hors intersection,Normale,Sans collision,,,,,,,,,,,1,2,1,1.0,7.0
201100065762,0011-06-07 07:55:00,11,6,7,7,55,971,13,"4, PETIT HAVRE (SECTEUR)",,,Plein jour,Hors agglomération,Hors intersection,Normale,Deux véhicules - arrière,,,,,,,,,,,1,1,1,1.0,2.0
201100065763,0011-06-12 08:55:00,11,6,12,8,55,971,1,"5, PERRIN",,,Plein jour,Hors agglomération,Giratoire,Normale,Deux véhicules - côté,,,,,,,,,,,1,1,6,1.0,3.0
201100065764,0011-06-14 16:30:00,11,6,14,16,30,971,13,"4, SECTEUR DAMPIERRE",,,Plein jour,Hors agglomération,Hors intersection,Normale,Deux véhicules - côté,,,,,,,,,,,1,1,1,1.0,3.0
201100065765,0011-06-19 09:10:00,11,6,19,9,10,971,1,"00, MARECHAL LECLERC",,,Plein jour,En agglomération,Intersection en T,Normale,Deux véhicules - côté,,,,,,,,,,,1,2,3,1.0,3.0
201100065766,0011-06-19 19:50:00,11,6,19,19,50,971,13,"RN4, RN4 - SECTION RIVIE",,,Nuit avec éclairage allumé,Hors agglomération,Hors intersection,Normale,Trois véhicules et plus - collisions multiples,,,,,,,,,,,5,1,1,1.0,5.0
201100065767,0011-06-18 05:35:00,11,6,18,5,35,971,13,"4, RN4 - SECTION RIVIERA",,,Crépuscule ou aube,Hors agglomération,Hors intersection,Normale,Deux véhicules - frontale,,,,,,,,,,,2,1,1,1.0,1.0
201100065768,0011-06-11 16:53:00,11,6,11,16,53,971,13,"4, RN4 - SECTION RIVIERA",,,Plein jour,Hors agglomération,Hors intersection,Normale,Trois véhicules et plus - collisions multiples,,,,,,,,,,,1,1,1,1.0,5.0
201100065769,0011-06-27 17:45:00,11,6,27,17,45,971,1,"RD 102, ROUTE DE BOISVIN",,,Plein jour,Hors agglomération,Intersection en X,Normale,Deux véhicules - côté,,,,,,,,,,,1,1,2,1.0,3.0
201100065770,0011-06-22 06:35:00,11,6,22,6,35,971,1,"RN 5, VIEUX BOURG",,,Plein jour,En agglomération,Hors intersection,Normale,Sans collision,,,,,,,,,,,1,2,1,1.0,7.0
201100065771,0011-07-01 07:40:00,11,7,1,7,40,971,1,"RN 11, AEROPORT POLE CAR",,,Plein jour,Hors agglomération,Hors intersection,Pluie forte,Sans collision,,,,,,,,,,,1,1,1,3.0,7.0
201100065772,0011-05-31 07:40:00,11,5,31,7,40,971,20,"00, PETIT PEROU",,,Plein jour,Hors agglomération,Hors intersection,Normale,Trois véhicules et plus - collisions multiples,,,,,,,,,,,1,1,1,1.0,5.0
201100065773,0011-06-18 13:10:00,11,6,18,13,10,971,13,"RN4, RN4-ROND POINT SAIN",,,Plein jour,Hors agglomération,Hors intersection,Normale,Trois véhicules et plus - collisions multiples,,,,,,,,,,,1,1,1,1.0,5.0
201100065774,0011-07-06 15:30:00,11,7,6,15,30,971,1,"RD 102, ROUTE DE BOISVIN",,,Plein jour,Hors agglomération,Hors intersection,Normale,Deux véhicules - frontale,,,,,,,,,,,1,1,1,1.0,1.0
201100065775,0011-07-09 04:45:00,11,7,9,4,45,971,13,"RN 5, SECTION MARE-GAILL",,,Crépuscule ou aube,En agglomération,Hors intersection,Normale,Deux véhicules - côté,,,,,,,,,,,2,2,1,1.0,3.0
201100065776,0011-07-10 01:25:00,11,7,10,1,25,971,1,"RN 2005, Fr?d?ric JALTON",,,Nuit avec éclairage non allumé,Hors agglomération,Intersection en X,Normale,Deux véhicules - côté,,,,,,,,,,,4,1,2,1.0,3.0
201100065777,0011-07-13 18:45:00,11,7,13,18,45,971,13,"865, SECTEUR GRAND BOIS",,,Nuit avec éclairage allumé,En agglomération,Hors intersection,Normale,Deux véhicules - arrière,,,,,,,,,,,5,2,1,1.0,2.0
201100065778,0011-07-13 23:20:00,11,7,13,23,20,971,20,"RN2005, Fr?d?ric JALTON",,,Nuit avec éclairage allumé,En agglomération,Intersection en T,Normale,Deux véhicules - côté,,,,,,,,,,,5,2,3,1.0,3.0
201100065779,0011-07-14 06:00:00,11,7,14,6,0,971,13,"RN4, SECTION PLIANE",,,Crépuscule ou aube,Hors agglomération,Hors intersection,Normale,Deux véhicules - frontale,,,,,,,,,,,2,1,1,1.0,1.0
201100065780,0011-07-13 19:50:00,11,7,13,19,50,971,13,"RN4, RN4 - SECTION RIVIE",,,Nuit avec éclairage allumé,Hors agglomération,Hors intersection,Normale,Deux véhicules - côté,,,,,,,,,,,5,1,1,1.0,3.0
201100065781,0011-07-14 06:50:00,11,7,14,6,50,971,1,"RN1, RN1-  HAUTEUR DE SO",,,Plein jour,Hors agglomération,Hors intersection,Normale,Deux véhicules - arrière,,,,,,,,,,,1,1,1,1.0,2.0
201100065782,0011-07-19 09:00:00,11,7,19,9,0,971,20,"1, NELSON MANDELA",,,Plein jour,En agglomération,Hors intersection,Normale,Sans collision,,,,,,,,,,,1,2,1,1.0,7.0
201100065783,0011-07-17 23:40:00,11,7,17,23,40,971,13,"RN4, SECTION GRANDE RAVI",,,Nuit avec éclairage allumé,En agglomération,Hors intersection,Normale,Deux véhicules - côté,,,,,,,,,,,5,2,1,1.0,3.0
201100065784,0011-07-18 02:08:00,11,7,18,2,8,971,13,"RN4, Morne Salines",,,Nuit sans éclairage public,Hors agglomération,Hors intersection,Normale,Sans collision,,,,,,,,,,,3,1,1,1.0,7.0
201100065785,0011-07-21 21:40:00,11,7,21,21,40,971,1,"5, GENERAL DE GAULLE",,,Nuit avec éclairage allumé,En agglomération,Autre intersection,Normale,Deux véhicules - côté,,,,,,,,,,,5,2,9,1.0,3.0
201100065786,0011-07-23 21:41:00,11,7,23,21,41,971,13,"00, SECTION GRANDE RAVIN",,,Nuit avec éclairage allumé,Hors agglomération,Intersection en T,Normale,Deux véhicules - côté,,,,,,,,,,,5,1,3,1.0,3.0
201100065787,0011-07-30 08:00:00,11,7,30,8,0,971,20,"00, CARENAGE",,,Plein jour,En agglomération,Intersection en Y,Normale,Autre collision,,,,,,,,,,,1,2,4,1.0,6.0
201100065788,0011-07-31 05:45:00,11,7,31,5,45,971,13,"RN4, BELLE-PLAINE (ROUTE",,,Plein jour,Hors agglomération,Hors intersection,Normale,Deux véhicules - frontale,,,,,,,,,,,1,1,1,1.0,1.0
201100065789,0011-07-31 07:18:00,11,7,31,7,18,971,1,"00, CARAQUE",,,Plein jour,Hors agglomération,Hors intersection,Normale,Sans collision,,,,,,,,,,,1,1,1,1.0,7.0
201100065790,0011-08-02 19:00:00,11,8,2,19,0,971,13,"RN4, RN4 - SECTION RIVIE",,,Nuit avec éclairage allumé,Hors agglomération,Hors intersection,Pluie légère,Trois véhicules et plus - collisions multiples,,,,,,,,,,,5,1,1,2.0,5.0
201100065791,0011-08-10 19:10:00,11,8,10,19,10,971,13,"RN4, RN4 - SECTION RIVIE",,,Nuit avec éclairage allumé,Hors agglomération,Hors intersection,Normale,Deux véhicules - côté,,,,,,,,,,,5,1,1,1.0,3.0
201100065792,0011-08-15 04:20:00,11,8,15,4,20,971,13,"00, BEAUMANOIR (SECTEUR)",,,Crépuscule ou aube,Hors agglomération,Hors intersection,Pluie légère,Autre collision,,,,,,,,,,,2,1,1,2.0,6.0
201100065793,0011-07-03 14:33:00,11,7,3,14,33,971,13,"1670, SECTION PLIANE",,,Plein jour,Hors agglomération,Hors intersection,Autre,Autre collision,,,,,,,,,,,1,1,1,9.0,6.0
201100065794,0011-08-20 04:23:00,11,8,20,4,23,971,13,"RN1, SECTION COCOYER",,,Crépuscule ou aube,Hors agglomération,Hors intersection,Normale,Deux véhicules - frontale,,,,,,,,,,,2,1,1,1.0,1.0
201100065795,0011-08-13 04:15:00,11,8,13,4,15,971,1,"00, ROND POINT IGNACE",,,Nuit sans éclairage public,Hors agglomération,Hors intersection,Normale,Autre collision,,,,,,,,,,,3,1,1,1.0,6.0
201100065796,0011-08-01 15:30:00,11,8,1,15,30,971,13,"RD119, ROUTE DE PERINET-",,,Plein jour,En agglomération,Hors intersection,Normale,Deux véhicules - frontale,,,,,,,,,,,1,2,1,1.0,1.0
201100065797,0011-08-26 00:40:00,11,8,26,0,40,971,13,"00, Section Port Blanc",,,Nuit sans éclairage public,Hors agglomération,Hors intersection,Normale,Deux véhicules - côté,,,,,,,,,,,3,1,1,1.0,3.0
201100065798,0011-08-29 06:30:00,11,8,29,6,30,971,13,"D103, SECTION COCOYER",,,Nuit sans éclairage public,Hors agglomération,Hors intersection,Normale,Autre collision,,,,,,,,,,,3,1,1,1.0,6.0
201100065799,0011-08-06 01:33:00,11,8,6,1,33,971,13,"RN4, RN4 - SECTION RIVIE",,,Nuit avec éclairage allumé,Hors agglomération,Hors intersection,Normale,Deux véhicules - côté,,,,,,,,,,,5,1,1,1.0,3.0
201100065800,0011-08-18 03:15:00,11,8,18,3,15,971,13,"RN4, PETIT HAVRE (SECTEU",,,Nuit avec éclairage allumé,Hors agglomération,Hors intersection,Normale,Deux véhicules - arrière,,,,,,,,,,,5,1,1,1.0,2.0
201100065801,0011-08-25 14:00:00,11,8,25,14,0,971,1,"RN5, VIEUX BOURG",,,Plein jour,En agglomération,Hors intersection,Normale,Sans collision,,,,,,,,,,,1,2,1,1.0,7.0
201100065802,0011-09-01 18:15:00,11,9,1,18,15,971,20,"00, BD LEGITIMUS",,,Nuit avec éclairage allumé,En agglomération,Hors intersection,Normale,Sans collision,,,,,,,,,,,5,2,1,1.0,7.0
201100065803,0011-09-02 21:25:00,11,9,2,21,25,971,1,"D101, CHAZEAU",,,Nuit sans éclairage public,Hors agglomération,Hors intersection,Normale,Sans collision,,,,,,,,,,,3,1,1,1.0,7.0
201100065804,0011-09-07 14:00:00,11,9,7,14,0,971,20,"00, BD LEGITIMUS",,,Plein jour,En agglomération,Hors intersection,Normale,Sans collision,,,,,,,,,,,1,2,1,1.0,7.0
201100065805,0011-09-07 18:37:00,11,9,7,18,37,971,1,"D103, ROUTE DE BOISVINS",,,Crépuscule ou aube,Hors agglomération,Hors intersection,Normale,Deux véhicules - frontale,,,,,,,,,,,2,1,1,1.0,1.0
201100065806,0011-09-13 13:50:00,11,9,13,13,50,971,1,"RN5, RN05",,,Plein jour,Hors agglomération,Intersection en X,Normale,Deux véhicules - côté,,,,,,,,,,,1,1,2,1.0,3.0
201100065807,0011-09-02 16:30:00,11,9,2,16,30,971,1,"RD126, VIEUX BOURG",,,Plein jour,En agglomération,Hors intersection,Normale,Autre collision,,,,,,,,,,,1,2,1,1.0,6.0
201100065808,0011-09-14 16:50:00,11,9,14,16,50,971,1,"RD125, MORNE VERGAIN",,,Plein jour,En agglomération,Hors intersection,Normale,Autre collision,,,,,,,,,,,1,2,1,1.0,6.0
201100065809,0011-09-16 22:14:00,11,9,16,22,14,971,1,"RD129, PETIT PEROU",,,Nuit avec éclairage allumé,Hors agglomération,Intersection en T,Normale,Sans collision,,,,,,,,,,,5,1,3,1.0,7.0
201100065810,0011-09-19 23:30:00,11,9,19,23,30,971,13,"RN4, PETIT HAVRE (SECTEU",,,Nuit sans éclairage public,Hors agglomération,Hors intersection,Pluie légère,Deux véhicules - côté,,,,,,,,,,,3,1,1,2.0,3.0
201100065811,0011-09-21 22:15:00,11,9,21,22,15,971,13,"00, MONTAUBAN (SECTEUR)",,,Nuit avec éclairage allumé,En agglomération,Hors intersection,Normale,Deux véhicules - côté,,,,,,,,,,,5,2,1,1.0,3.0
201100065812,0011-09-27 21:05:00,11,9,27,21,5,971,13,"00, SECTEUR GRAND BOIS",,,Nuit avec éclairage allumé,Hors agglomération,Hors intersection,Normale,Sans collision,,,,,,,,,,,5,1,1,1.0,7.0
201100065813,0011-10-09 05:57:00,11,10,9,5,57,971,20,"00, CHAUVEL",,,Plein jour,En agglomération,Hors intersection,Normale,Sans collision,,,,,,,,,,,1,2,1,1.0,7.0
201100065814,0011-10-13 19:18:00,11,10,13,19,18,971,20,"D103, BESSON",,,Nuit avec éclairage allumé,Hors agglomération,Intersection en X,Normale,Deux véhicules - côté,,,,,,,,,,,5,1,2,1.0,3.0
201100065815,0011-10-15 02:05:00,11,10,15,2,5,971,20,"RD129, PETIT PEROU",,,Nuit avec éclairage allumé,Hors agglomération,Autre intersection,Normale,Sans collision,,,,,,,,,,,5,1,9,1.0,7.0
201100065816,0011-10-02 09:20:00,11,10,2,9,20,971,20,MONTAUBAN (SECTEUR),,,Plein jour,En agglomération,Hors intersection,Normale,Deux véhicules - arrière,,,,,,,,,,,1,2,1,1.0,2.0
201100065817,0011-10-30 04:40:00,11,10,30,4,40,971,20,"RN4, RN4-ROND POINT SAIN",,,Nuit sans éclairage public,Hors agglomération,Hors intersection,Pluie légère,Deux véhicules - côté,,,,,,,,,,,3,1,1,2.0,3.0
201100065818,0011-10-31 15:55:00,11,10,31,15,55,971,20,"00, PERRIN",,,Plein jour,Hors agglomération,Hors intersection,Normale,Sans collision,,,,,,,,,,,1,1,1,1.0,7.0
201100065819,0011-10-28 11:55:00,11,10,28,11,55,971,20,"00, BD LEGITIMUS",,,Plein jour,En agglomération,Intersection en X,Normale,Deux véhicules - côté,,,,,,,,,,,1,2,2,1.0,3.0
201100065820,0011-11-03 11:10:00,11,11,3,11,10,971,20,"7D103, CHAUVEL",,,Plein jour,Hors agglomération,Hors intersection,,Autre collision,,,,,,,,,,,1,1,1,,6.0
201100065821,0011-11-01 13:50:00,11,11,1,13,50,971,20,"RN4, SECTION DUNOYER",,,Plein jour,Hors agglomération,Intersection en T,Normale,Deux véhicules - côté,,,,,,,,,,,1,1,3,1.0,3.0
201100065822,0011-11-04 12:30:00,11,11,4,12,30,971,20,"00, ZONE INDUSTRIELLE DE",,,Plein jour,En agglomération,Hors intersection,Normale,Autre collision,,,,,,,,,,,1,2,1,1.0,6.0
201100065823,0011-11-05 00:55:00,11,11,5,0,55,971,20,"RD103, CHAUVEL",,,Nuit avec éclairage allumé,En agglomération,Hors intersection,Normale,Deux véhicules - frontale,,,,,,,,,,,5,2,1,1.0,1.0
201100065824,0011-11-08 06:55:00,11,11,8,6,55,971,20,"RD103, HANNE (BOULEVARD)",,,Plein jour,En agglomération,Hors intersection,Normale,Sans collision,,,,,,,,,,,1,2,1,1.0,7.0
201100065825,0011-10-29 18:25:00,11,10,29,18,25,971,20,"00, MONTAUBAN (SECTEUR)",,,Nuit avec éclairage allumé,En agglomération,Hors intersection,Pluie légère,Sans collision,,,,,,,,,,,5,2,1,2.0,7.0
201100065826,0011-11-20 14:30:00,11,11,20,14,30,971,20,"2RD 103, BESSON",,,Plein jour,Hors agglomération,Intersection en X,Pluie forte,Deux véhicules - frontale,,,,,,,,,,,1,1,2,3.0,1.0
201100065827,0011-11-22 23:24:00,11,11,22,23,24,971,20,"RN4, Pont de BLANCHARD",,,Nuit avec éclairage allumé,Hors agglomération,Hors intersection,Normale,Sans collision,,,,,,,,,,,5,1,1,1.0,7.0
201100065828,0011-11-22 06:30:00,11,11,22,6,30,971,20,"600, TERASSON",,,Plein jour,Hors agglomération,Hors intersection,,Autre collision,,,,,,,,,,,1,1,1,,6.0
201100065829,0011-11-24 16:25:00,11,11,24,16,25,971,20,"00, DOTHEMARE",,,Plein jour,En agglomération,Hors intersection,Normale,Autre collision,,,,,,,,,,,1,2,1,1.0,6.0
201100065830,0011-12-03 15:45:00,11,12,3,15,45,971,1,"RN5, PERRIN",,,Plein jour,Hors agglomération,Hors intersection,Pluie légère,Deux véhicules - arrière,,,,,,,,,,,1,1,1,2.0,2.0