accident_id,datetime,annee,mois,jour,heure,minute,departement,commune_insee,adresse,latitude,longitude,luminosite,agglomeration,intersection,meteo,collision,nb_vehicules,nb_usagers,nb_indemnes,nb_tues,nb_blesses_hosp,nb_blesses_legers,age_cond_1,age_cond_2,veh_type_cond_1,veh_type_cond_2,lum_code,agg_code,int_code,atm_code,col_code
201100065831,0011-12-04 02:20:00,11,12,4,2,20,971,13,"RN4, SECTION LABROUSSE",,,Nuit sans éclairage public,Hors agglomération,Hors intersection,Pluie légère,Sans collision,,,,,,,,,,,3,1,1,2.0,7.0
201100065832,0011-12-08 13:00:00,11,12,8,13,0,971,1,"RD126, BOISRIPEAUX",,,Plein jour,En agglomération,Intersection en X,Normale,Trois véhicules et plus - collisions multiples,,,,,,,,,,,1,2,2,1.0,5.0
201100065833,0011-12-11 06:07:00,11,12,11,6,7,971,1,"RN1, BAIMBRIDGE",,,Crépuscule ou aube,En agglomération,Giratoire,Normale,Deux véhicules - côté,,,,,,,,,,,2,2,6,1.0,3.0
201100065834,0011-12-11 02:06:00,11,12,11,2,6,971,1,"RD126, MAIRIE",,,Nuit avec éclairage allumé,En agglomération,Hors intersection,Normale,Autre collision,,,,,,,,,,,5,2,1,1.0,6.0
201100065835,0011-12-17 15:00:00,11,12,17,15,0,971,13,"RN4, SECTEUR DAMPIERRE",,,Plein jour,En agglomération,Hors intersection,Normale,Deux véhicules - arrière,,,,,,,,,,,1,2,1,1.0,2.0
201100065836,0011-12-20 16:19:00,11,12,20,16,19,971,1,"RN5, ROUTE DES ABYMES",,,Plein jour,En agglomération,Intersection en X,Normale,Deux véhicules - côté,,,,,,,,,,,1,2,2,1.0,3.0
201100065837,0011-12-27 14:00:00,11,12,27,14,0,971,1,"RD126, BOISRIPEAUX",,,Plein jour,En agglomération,Hors intersection,Normale,Autre collision,,,,,,,,,,,1,2,1,1.0,6.0
201100065838,0011-12-29 18:45:00,11,12,29,18,45,971,20,"00, BD LEGITIMUS",,,Nuit avec éclairage allumé,En agglomération,Hors intersection,Normale,Deux véhicules - arrière,,,,,,,,,,,5,2,1,1.0,2.0
201100065839,0011-12-21 14:15:00,11,12,21,14,15,971,1,"RD101, ROUTE DE CHAZEAU",,,Plein jour,Hors agglomération,Hors intersection,Normale,Deux véhicules - frontale,,,,,,,,,,,1,1,1,1.0,1.0
201100065840,0011-12-17 17:50:00,11,12,17,17,50,971,1,"RD126, ROUTE DES ABYMES",,,Plein jour,En agglomération,Intersection en X,Normale,Deux véhicules - côté,,,,,,,,,,,1,2,2,1.0,3.0
201100065841,0011-11-24 09:00:00,11,11,24,9,0,971,20,"00, BOISRIPEAUX",,,Plein jour,En agglomération,Hors intersection,Normale,Deux véhicules - côté,,,,,,,,,,,1,2,1,1.0,3.0
201100065842,0011-01-02 16:20:00,11,1,2,16,20,972,9,"17, ADHEMAR MODOCK (BOUL",,,Plein jour,En agglomération,Hors intersection,Normale,Autre collision,,,,,,,,,,,1,2,1,1.0,6.0
201100065843,0011-01-10 18:25:00,11,1,10,18,25,972,9,"106, CHATEAUBOEUF (ROUTE",,,Crépuscule ou aube,En agglomération,Hors intersection,Normale,Autre collision,,,,,,,,,,,2,2,1,1.0,6.0
201100065844,0011-04-18 19:49:00,11,4,18,19,49,972,9,"RD 51, JEAN JAURES (AVEN",,,Nuit avec éclairage allumé,En agglomération,Intersection en X,Normale,Deux véhicules - côté,,,,,,,,,,,5,2,2,1.0,3.0
201100065845,0011-01-16 18:15:00,11,1,16,18,15,972,9,RN9,,,Crépuscule ou aube,Hors agglomération,Hors intersection,Normale,Autre collision,,,,,,,,,,,2,1,1,1.0,6.0
201100065846,0011-01-18 11:05:00,11,1,18,11,5,972,9,"72, GENERAL DE GAULLE (B",,,Plein jour,En agglomération,Hors intersection,Normale,Autre collision,,,,,,,,,,,1,2,1,1.0,6.0
201100065847,0011-01-19 17:20:00,11,1,19,17,20,972,9,"07, CAPITAINE MANUEL (RU",,,Plein jour,En agglomération,Hors intersection,Normale,Autre collision,,,,,,,,,,,1,2,1,1.0,6.0
201100065848,0011-01-20 12:55:00,11,1,20,12,55,972,9,RN9,,,Plein jour,Hors agglomération,Hors intersection,Normale,Autre collision,,,,,,,,,,,1,1,1,1.0,6.0
201100065849,0011-01-23 10:33:00,11,1,23,10,33,972,9,"RN 3, BALATA (ROUTE DE)",,,Plein jour,Hors agglomération,Intersection en T,Normale,Deux véhicules - côté,,,,,,,,,,,1,1,3,1.0,3.0
201100065850,0011-01-23 10:00:00,11,1,23,10,0,972,9,"RD47, RAVINE VILAINE (CH",,,Plein jour,Hors agglomération,Hors intersection,Normale,Deux véhicules - côté,,,,,,,,,,,1,1,1,1.0,3.0
201100065851,0011-01-29 23:30:00,11,1,29,23,30,972,9,"04, RAVENEAU GEORGES (RU",,,Nuit sans éclairage public,En agglomération,Hors intersection,Temps couvert,Sans collision,,,,,,,,,,,3,2,1,8.0,7.0
201100065852,0011-01-31 16:30:00,11,1,31,16,30,972,9,"comm, ERNEST DEPROGE (RU",,,Plein jour,En agglomération,Hors intersection,Normale,Deux véhicules - arrière,,,,,,,,,,,1,2,1,1.0,2.0
201100065853,0011-02-01 14:44:00,11,2,1,14,44,972,9,"RD 41, RD 41",,,Plein jour,En agglomération,Hors intersection,Normale,Sans collision,,,,,,,,,,,1,2,1,1.0,7.0
201100065854,0011-02-01 16:10:00,11,2,1,16,10,972,9,"26, POIRIERS (RUE DES)",,,Plein jour,En agglomération,Hors intersection,Normale,Sans collision,,,,,,,,,,,1,2,1,1.0,7.0
201100065855,0011-02-01 22:50:00,11,2,1,22,50,972,9,"82, PASTEUR (AVENUE)",,,Nuit avec éclairage allumé,En agglomération,Hors intersection,Normale,Autre collision,,,,,,,,,,,5,2,1,1.0,6.0
201100065856,0011-02-02 21:20:00,11,2,2,21,20,972,9,"RNI, AUTOROUTE (A1)",,,Nuit avec éclairage allumé,Hors agglomération,Hors intersection,Pluie légère,Autre collision,,,,,,,,,,,5,1,1,2.0,6.0
201100065857,0011-02-12 10:25:00,11,2,12,10,25,972,9,"14, ROUTOUTOU (RUE DU)",,,Plein jour,En agglomération,Hors intersection,Normale,Autre collision,,,,,,,,,,,1,2,1,1.0,6.0
201100065858,0011-02-12 22:30:00,11,2,12,22,30,972,9,"07, BALATA (ROUTE DE)",,,Nuit avec éclairage allumé,En agglomération,Hors intersection,Normale,Autre collision,,,,,,,,,,,5,2,1,1.0,6.0
201100065859,0011-02-16 11:15:00,11,2,16,11,15,972,9,"comm, FELIX EBOUE (RUE)",,,Plein jour,En agglomération,Hors intersection,Normale,Autre collision,,,,,,,,,,,1,2,1,1.0,6.0
201100065860,0011-02-25 12:45:00,11,2,25,12,45,972,9,"59, ENTRAIDE (ROUTE DE L",,,Plein jour,En agglomération,Hors intersection,Normale,Autre collision,,,,,,,,,,,1,2,1,1.0,6.0
201100065861,0011-02-26 06:00:00,11,2,26,6,0,972,9,"20/21, REDOUTE (ROUTE DE",,,Plein jour,Hors agglomération,Hors intersection,Normale,Sans collision,,,,,,,,,,,1,1,1,1.0,7.0
201100065862,0011-02-27 10:30:00,11,2,27,10,30,972,9,"A1, AUTOROUTE (A1)",,,Plein jour,Hors agglomération,Hors intersection,Temps couvert,Sans collision,,,,,,,,,,,1,1,1,8.0,7.0
201100065863,0011-02-27 10:10:00,11,2,27,10,10,972,9,"RD 41, RD 41",,,Plein jour,Hors agglomération,Hors intersection,Pluie légère,Deux véhicules - arrière,,,,,,,,,,,1,1,1,2.0,2.0
201100065864,0011-03-04 13:40:00,11,3,4,13,40,972,9,"RD 45, PROFESSEUR RAYMON",,,Plein jour,Hors agglomération,Hors intersection,Normale,Deux véhicules - côté,,,,,,,,,,,1,1,1,1.0,3.0
201100065865,0011-03-05 07:30:00,11,3,5,7,30,972,9,"comm, KERLYS (RUE DE )",,,Plein jour,En agglomération,Hors intersection,Normale,Sans collision,,,,,,,,,,,1,2,1,1.0,7.0
201100065866,0011-03-09 06:00:00,11,3,9,6,0,972,9,"RN 1, MAURICE BISHOP (AV",,,Plein jour,En agglomération,Hors intersection,Temps couvert,Sans collision,,,,,,,,,,,1,2,1,8.0,7.0
201100065867,0011-03-09 06:44:00,11,3,9,6,44,972,9,"RN 03, BALATA (ROUTE DE)",,,Plein jour,Hors agglomération,Hors intersection,Temps couvert,Sans collision,,,,,,,,,,,1,1,1,8.0,7.0
201100065868,0011-03-09 20:35:00,11,3,9,20,35,972,9,"VC, NELSON MANDELA (RUE)",,,Nuit avec éclairage allumé,En agglomération,Hors intersection,Normale,Autre collision,,,,,,,,,,,5,2,1,1.0,6.0
201100065869,0011-03-09 21:52:00,11,3,9,21,52,972,9,"19, JEAN JAURES (AVENUE)",,,Nuit avec éclairage allumé,En agglomération,Hors intersection,Normale,Autre collision,,,,,,,,,,,5,2,1,1.0,6.0
201100065870,0011-03-10 04:55:00,11,3,10,4,55,972,9,"99, MAURICE BISHOP (AVEN",,,Crépuscule ou aube,En agglomération,Hors intersection,Normale,Autre collision,,,,,,,,,,,2,2,1,1.0,6.0
201100065871,0011-03-23 18:35:00,11,3,23,18,35,972,9,"A1, AUTOROUTE (A1)",,,Crépuscule ou aube,Hors agglomération,Hors intersection,Normale,Sans collision,,,,,,,,,,,2,1,1,1.0,7.0
201100065872,0011-03-28 16:05:00,11,3,28,16,5,972,9,"11, BLANQUI (RUE)",,,Plein jour,En agglomération,Hors intersection,Normale,Autre collision,,,,,,,,,,,1,2,1,1.0,6.0
201100065873,0011-04-02 19:45:00,11,4,2,19,45,972,9,"RN1, MAURICE BISHOP (AVE",,,Nuit avec éclairage allumé,En agglomération,Intersection en T,Normale,Autre collision,,,,,,,,,,,5,2,3,1.0,6.0
201100065874,0011-04-02 20:56:00,11,4,2,20,56,972,9,"RN 03, BALATA (ROUTE DE)",,,Nuit sans éclairage public,Hors agglomération,Hors intersection,Normale,Deux véhicules - frontale,,,,,,,,,,,3,1,1,1.0,1.0
201100065875,0011-04-06 09:35:00,11,4,6,9,35,972,9,"RD 40, SOLEIL LEVANT (BO",,,Plein jour,En agglomération,Hors intersection,Normale,Deux véhicules - côté,,,,,,,,,,,1,2,1,1.0,3.0
201100065876,0011-04-09 00:06:00,11,4,9,0,6,972,9,"RD 48, MOUTTE (ROUTE DE)",,,Nuit avec éclairage allumé,Hors agglomération,Hors intersection,Normale,Sans collision,,,,,,,,,,,5,1,1,1.0,7.0
201100065877,0011-04-08 11:45:00,11,4,8,11,45,972,9,"RN1, GENERAL DE GAULLE (",,,Plein jour,En agglomération,Intersection en X,Normale,Autre collision,,,,,,,,,,,1,2,2,1.0,6.0
201100065878,0011-04-12 16:20:00,11,4,12,16,20,972,9,"Comm, SALVATOR ALLENDE (",,,Plein jour,En agglomération,Hors intersection,Normale,Deux véhicules - côté,,,,,,,,,,,1,2,1,1.0,3.0
201100065879,0011-04-17 17:17:00,11,4,17,17,17,972,9,"RN 1, MAURICE BISHOP (AV",,,Plein jour,En agglomération,Hors intersection,Normale,Deux véhicules - arrière,,,,,,,,,,,1,2,1,1.0,2.0
201100065880,0011-04-18 09:40:00,11,4,18,9,40,972,9,"RN2, ROBERT ATTULY (BOUL",,,Plein jour,En agglomération,Hors intersection,Normale,Autre collision,,,,,,,,,,,1,2,1,1.0,6.0
201100065881,0011-04-18 23:00:00,11,4,18,23,0,972,9,"RN 03, BALATA (ROUTE DE)",,,Nuit avec éclairage allumé,Hors agglomération,Hors intersection,Normale,Autre collision,,,,,,,,,,,5,1,1,1.0,6.0
201100065882,0011-04-23 15:12:00,11,4,23,15,12,972,9,"RN 3, BALATA (ROUTE DE)",,,Plein jour,Hors agglomération,Hors intersection,Normale,Deux véhicules - frontale,,,,,,,,,,,1,1,1,1.0,1.0
201100065883,0011-04-24 11:58:00,11,4,24,11,58,972,9,"RN 3, BALATA (ROUTE DE)",,,Plein jour,En agglomération,Hors intersection,Normale,Deux véhicules - côté,,,,,,,,,,,1,2,1,1.0,3.0
201100065884,0011-04-24 15:30:00,11,4,24,15,30,972,9,"03, ROUTOUTOU (RUE DU)",,,Plein jour,En agglomération,Hors intersection,Normale,Deux véhicules - côté,,,,,,,,,,,1,2,1,1.0,3.0
201100065885,0011-04-30 15:40:00,11,4,30,15,40,972,9,"Comm, ANDRE ALIKER (RUE)",,,Plein jour,Hors agglomération,Hors intersection,Normale,Autre collision,,,,,,,,,,,1,1,1,1.0,6.0
201100065886,0011-04-30 16:25:00,11,4,30,16,25,972,9,"03, DILLON (AVENUE DE) E",,,Plein jour,En agglomération,Hors intersection,Normale,Autre collision,,,,,,,,,,,1,2,1,1.0,6.0
201100065887,0011-05-01 01:50:00,11,5,1,1,50,972,9,"RD  47, RAVINE VILAINE (",,,Nuit sans éclairage public,Hors agglomération,Hors intersection,Normale,Sans collision,,,,,,,,,,,3,1,1,1.0,7.0
201100065888,0011-05-10 11:35:00,11,5,10,11,35,972,9,"125, BLENAC (RUE)",,,Plein jour,En agglomération,Hors intersection,Normale,Autre collision,,,,,,,,,,,1,2,1,1.0,6.0
201100065889,0011-05-13 17:52:00,11,5,13,17,52,972,9,"Comm, CIMENTERIE (RUE DE",,,Plein jour,Hors agglomération,Hors intersection,Pluie légère,Sans collision,,,,,,,,,,,1,1,1,2.0,7.0
201100065890,0011-05-14 19:45:00,11,5,14,19,45,972,9,"143, MAURICE BISHOP (AVE",,,Nuit avec éclairage allumé,En agglomération,Hors intersection,Normale,Deux véhicules - arrière,,,,,,,,,,,5,2,1,1.0,2.0
201100065891,0011-05-16 09:55:00,11,5,16,9,55,972,9,"RN 02, MARNE (BOULEVARD",,,Plein jour,En agglomération,Hors intersection,Normale,Autre collision,,,,,,,,,,,1,2,1,1.0,6.0
201100065892,0011-05-16 14:55:00,11,5,16,14,55,972,9,"RN1, GENERAL DE GAULLE (",,,Plein jour,En agglomération,Hors intersection,Normale,Autre collision,,,,,,,,,,,1,2,1,1.0,6.0
201100065893,0011-05-20 09:18:00,11,5,20,9,18,972,9,"RD 13, CHATEAUBOEUF (ROU",,,Plein jour,Hors agglomération,Intersection en X,Normale,Autre collision,,,,,,,,,,,1,1,2,1.0,6.0
201100065894,0011-05-23 07:05:00,11,5,23,7,5,972,9,"RD 41, RD 41",,,Plein jour,En agglomération,Hors intersection,Normale,Deux véhicules - arrière,,,,,,,,,,,1,2,1,1.0,2.0
201100065895,0011-05-28 06:00:00,11,5,28,6,0,972,9,"RD 41, RD 41",,,Plein jour,En agglomération,Hors intersection,Normale,Deux véhicules - arrière,,,,,,,,,,,1,2,1,1.0,2.0
201100065896,0011-05-28 15:16:00,11,5,28,15,16,972,9,"Comm, ADHEMAR MODOCK (BO",,,Plein jour,En agglomération,Intersection en X,Normale,Autre collision,,,,,,,,,,,1,2,2,1.0,6.0
201100065897,0011-05-29 20:57:00,11,5,29,20,57,972,9,"14, FOND D'OR (RUE DU)",,,Nuit avec éclairage allumé,En agglomération,Hors intersection,Normale,Autre collision,,,,,,,,,,,5,2,1,1.0,6.0
201100065898,0011-05-30 01:30:00,11,5,30,1,30,972,9,"Comm, CLOVIS PELAGE (RUE",,,Nuit avec éclairage allumé,En agglomération,Intersection en X,Normale,Autre collision,,,,,,,,,,,5,2,2,1.0,6.0
201100065899,0011-06-02 14:57:00,11,6,2,14,57,972,9,"Rocade, RD 41",,,Plein jour,En agglomération,Hors intersection,Normale,Autre collision,,,,,,,,,,,1,2,1,1.0,6.0
201100065900,0011-06-03 10:21:00,11,6,3,10,21,972,9,"RD 13A, JAMBETTE (ROUTE",,,Plein jour,Hors agglomération,Hors intersection,Normale,Deux véhicules - côté,,,,,,,,,,,1,1,1,1.0,3.0
201100065901,0011-06-04 11:40:00,11,6,4,11,40,972,9,"167, DIDIER (ROUTE DE)",,,Plein jour,Hors agglomération,Hors intersection,Normale,Deux véhicules - frontale,,,,,,,,,,,1,1,1,1.0,1.0
201100065902,0011-06-09 14:45:00,11,6,9,14,45,972,9,"Comm, ANDRE ALIKER (RUE)",,,Plein jour,En agglomération,Hors intersection,Normale,Autre collision,,,,,,,,,,,1,2,1,1.0,6.0
201100065903,0011-06-11 07:56:00,11,6,11,7,56,972,9,"RD13A, JAMBETTE (ROUTE D",,,Plein jour,En agglomération,Hors intersection,Normale,Sans collision,,,,,,,,,,,1,2,1,1.0,7.0
201100065904,0011-06-12 13:15:00,11,6,12,13,15,972,9,"Comm, SALVATOR ALLENDE (",,,Plein jour,En agglomération,Hors intersection,Normale,Deux véhicules - côté,,,,,,,,,,,1,2,1,1.0,3.0
201100065905,0011-06-12 18:35:00,11,6,12,18,35,972,9,"RD 40, SOLEIL LEVANT (BO",,,Plein jour,En agglomération,Hors intersection,Normale,Deux véhicules - côté,,,,,,,,,,,1,2,1,1.0,3.0
201100065906,0011-06-16 22:55:00,11,6,16,22,55,972,9,"37, VICTOR LAMON (AVENUE",,,Nuit avec éclairage allumé,En agglomération,Hors intersection,Normale,Autre collision,,,,,,,,,,,5,2,1,1.0,6.0
201100065907,0011-06-17 20:56:00,11,6,17,20,56,972,9,"Comm, JUDES TURIAF (AVEN",,,Nuit avec éclairage allumé,En agglomération,Intersection en X,Normale,Deux véhicules - côté,,,,,,,,,,,5,2,2,1.0,3.0
201100065908,0011-06-18 12:05:00,11,6,18,12,5,972,9,"50, VICTOR LAMON (AVENUE",,,Plein jour,En agglomération,Hors intersection,Normale,Deux véhicules - frontale,,,,,,,,,,,1,2,1,1.0,1.0
201100065909,0011-06-24 05:05:00,11,6,24,5,5,972,9,"199, MAURICE BISHOP (AVE",,,Nuit avec éclairage allumé,En agglomération,Hors intersection,Normale,Deux véhicules - arrière,,,,,,,,,,,5,2,1,1.0,2.0
201100065910,0011-06-29 23:57:00,11,6,29,23,57,972,9,"34, JEAN JAURES (AVENUE)",,,Nuit avec éclairage allumé,En agglomération,Intersection en Y,Normale,Deux véhicules - côté,,,,,,,,,,,5,2,4,1.0,3.0
201100065911,0011-07-12 19:40:00,11,7,12,19,40,972,9,"11, BIGUINE (RUE DE LA )",,,Nuit avec éclairage allumé,En agglomération,Hors intersection,Normale,Sans collision,,,,,,,,,,,5,2,1,1.0,7.0
201100065912,0011-07-15 16:09:00,11,7,15,16,9,972,9,"119, JAMBETTE (ROUTE DE)",,,Plein jour,Hors agglomération,Hors intersection,Normale,Autre collision,,,,,,,,,,,1,1,1,1.0,6.0
201100065913,0011-07-15 17:34:00,11,7,15,17,34,972,9,"Comm, 22 MAI 1848 (RUE)",,,Plein jour,En agglomération,Hors intersection,Normale,Autre collision,,,,,,,,,,,1,2,1,1.0,6.0
201100065914,0011-07-17 13:51:00,11,7,17,13,51,972,9,"Comm, ROCADE (RUE DE LA)",,,Plein jour,En agglomération,Hors intersection,Normale,Autre collision,,,,,,,,,,,1,2,1,1.0,6.0
201100065915,0011-07-19 09:02:00,11,7,19,9,2,972,9,"RD 13, CHATEAUBOEUF (ROU",,,Plein jour,En agglomération,Hors intersection,Normale,Deux véhicules - côté,,,,,,,,,,,1,2,1,1.0,3.0
201100065916,0011-07-25 19:15:00,11,7,25,19,15,972,9,"37, PROFESSEUR RAYMOND G",,,Nuit avec éclairage allumé,Hors agglomération,Hors intersection,Normale,Deux véhicules - côté,,,,,,,,,,,5,1,1,1.0,3.0
201100065917,0011-07-25 19:59:00,11,7,25,19,59,972,9,"RD 13, CHATEAUBOEUF (ROU",,,Nuit avec éclairage allumé,En agglomération,Hors intersection,Normale,Autre collision,,,,,,,,,,,5,2,1,1.0,6.0
201100065918,0011-08-04 18:31:00,11,8,4,18,31,972,9,"A1, AUTOROUTE (A1)",,,Crépuscule ou aube,Hors agglomération,Hors intersection,Normale,Autre collision,,,,,,,,,,,2,1,1,1.0,6.0
201100065919,0011-08-05 20:25:00,11,8,5,20,25,972,9,"A1, Bretelle sortie A1",,,Nuit avec éclairage allumé,En agglomération,Intersection en X,Normale,Deux véhicules - côté,,,,,,,,,,,5,2,2,1.0,3.0
201100065920,0011-08-11 23:15:00,11,8,11,23,15,972,9,"RD 47, RAVINE VILAINE (C",,,Nuit avec éclairage allumé,Hors agglomération,Autre intersection,Normale,Autre collision,,,,,,,,,,,5,1,9,1.0,6.0
201100065921,0011-08-12 10:15:00,11,8,12,10,15,972,9,"Comm, PETIT PAVOIS (RUE",,,Plein jour,En agglomération,Hors intersection,Normale,Autre collision,,,,,,,,,,,1,2,1,1.0,6.0
201100065922,0011-08-13 19:28:00,11,8,13,19,28,972,9,CHATEAUBOEUF (ROUTE DE),,,Nuit avec éclairage allumé,En agglomération,Hors intersection,Normale,Autre collision,,,,,,,,,,,5,2,1,1.0,6.0
201100065923,0011-08-18 04:32:00,11,8,18,4,32,972,9,"RN3, PAUL NARDAL (AVENUE",,,Nuit avec éclairage allumé,En agglomération,Hors intersection,Normale,Sans collision,,,,,,,,,,,5,2,1,1.0,7.0
201100065924,0011-08-22 07:20:00,11,8,22,7,20,972,9,"RN1, AUTOROUTE (A1)",,,Plein jour,Hors agglomération,Hors intersection,Normale,Autre collision,,,,,,,,,,,1,1,1,1.0,6.0
201100065925,0011-08-26 19:50:00,11,8,26,19,50,972,9,"RD 41, RD 41",,,Nuit avec éclairage allumé,En agglomération,Hors intersection,Normale,Autre collision,,,,,,,,,,,5,2,1,1.0,6.0
201100065926,0011-09-01 23:35:00,11,9,1,23,35,972,9,"6comm, LIBERTE (RUE DE L",,,Nuit avec éclairage allumé,En agglomération,Hors intersection,Normale,Autre collision,,,,,,,,,,,5,2,1,1.0,6.0
201100065927,0011-09-02 05:10:00,11,9,2,5,10,972,9,"6RD 40, SOLEIL LEVANT (B",,,Crépuscule ou aube,En agglomération,Hors intersection,Normale,Autre collision,,,,,,,,,,,2,2,1,1.0,6.0
201100065928,0011-09-02 10:10:00,11,9,2,10,10,972,9,"3RD 45, DIDIER (ROUTE DE",,,Plein jour,En agglomération,Hors intersection,Normale,Deux véhicules - frontale,,,,,,,,,,,1,2,1,1.0,1.0
201100065929,0011-09-02 21:10:00,11,9,2,21,10,972,9,"6Comm, JAMBETTE (RUE DE",,,Nuit avec éclairage allumé,En agglomération,Autre intersection,Normale,Autre collision,,,,,,,,,,,5,2,9,1.0,6.0
201100065930,0011-09-03 17:06:00,11,9,3,17,6,972,9,"6RD 43, MARTIN LUTHER KI",,,Plein jour,En agglomération,Hors intersection,Normale,,,,,,,,,,,,1,2,1,1.0,
201100065931,0011-09-03 22:05:00,11,9,3,22,5,972,9,"6RD 41, RD 41",,,Nuit sans éclairage public,En agglomération,Hors intersection,Normale,Autre collision,,,,,,,,,,,3,2,1,1.0,6.0
201100065932,0011-09-04 18:41:00,11,9,4,18,41,972,9,"7RN9, RN9",,,Nuit sans éclairage public,En agglomération,Hors intersection,Normale,Autre collision,,,,,,,,,,,3,2,1,1.0,6.0
201100065933,0011-09-04 18:00:00,11,9,4,18,0,972,9,"6RN1, GENERAL DE GAULLE",,,Plein jour,En agglomération,Hors intersection,Normale,Sans collision,,,,,,,,,,,1,2,1,1.0,7.0
201100065934,0011-09-05 17:40:00,11,9,5,17,40,972,9,"6Comm, ARAWAKS (AVENUE D",,,Plein jour,En agglomération,Hors intersection,Normale,Sans collision,,,,,,,,,,,1,2,1,1.0,7.0
201100065935,0011-09-05 11:50:00,11,9,5,11,50,972,9,"1Comm, OSMAN NADEAU (CHE",,,Plein jour,En agglomération,Hors intersection,Normale,Deux véhicules - frontale,,,,,,,,,,,1,2,1,1.0,1.0
201100065936,0011-09-05 23:05:00,11,9,5,23,5,972,9,"3Comm, JEAN JAURES (AVEN",,,Nuit avec éclairage allumé,En agglomération,Intersection en X,Pluie légère,Deux véhicules - frontale,,,,,,,,,,,5,2,2,2.0,1.0
201100065937,0011-09-15 17:04:00,11,9,15,17,4,972,9,"6Comm, ERNEST DEPROGE (R",,,Plein jour,En agglomération,Autre intersection,Normale,Deux véhicules - frontale,,,,,,,,,,,1,2,9,1.0,1.0
201100065938,0011-09-16 09:01:00,11,9,16,9,1,972,9,"86, ALLEGRE (BOULEVARD)",,,Plein jour,En agglomération,Hors intersection,Temps couvert,Autre collision,,,,,,,,,,,1,2,1,8.0,6.0
201100065939,0011-09-16 13:20:00,11,9,16,13,20,972,9,"RD 13, CHATEAUBOEUF",,,Plein jour,En agglomération,Hors intersection,Normale,Sans collision,,,,,,,,,,,1,2,1,1.0,7.0
201100065940,0011-09-18 08:25:00,11,9,18,8,25,972,9,"59, MAURICE BISHOP (AVEN",,,Plein jour,En agglomération,Hors intersection,Normale,Sans collision,,,,,,,,,,,1,2,1,1.0,7.0
201100065941,0011-09-19 13:50:00,11,9,19,13,50,972,9,"68, JAMBETTE (ROUTE DE)",,,Plein jour,Hors agglomération,Hors intersection,Normale,Autre collision,,,,,,,,,,,1,1,1,1.0,6.0
201100065942,0011-09-20 17:07:00,11,9,20,17,7,972,9,"30, MARAT (RUE)",,,Plein jour,En agglomération,Hors intersection,Normale,Autre collision,,,,,,,,,,,1,2,1,1.0,6.0
201100065943,0011-09-21 21:40:00,11,9,21,21,40,972,9,"RD 41, RD 41",,,Nuit avec éclairage allumé,En agglomération,Hors intersection,Temps couvert,Autre collision,,,,,,,,,,,5,2,1,8.0,6.0
201100065944,0011-09-23 22:28:00,11,9,23,22,28,972,9,"125, FONTAINE DIDIER (RU",,,Nuit avec éclairage allumé,Hors agglomération,Hors intersection,Temps couvert,Autre collision,,,,,,,,,,,5,1,1,8.0,6.0
201100065945,0011-09-24 12:15:00,11,9,24,12,15,972,9,"6Rn 03, BALATA (ROUTE DE",,,Plein jour,En agglomération,Hors intersection,Normale,Autre collision,,,,,,,,,,,1,2,1,1.0,6.0
201100065946,0011-09-26 20:47:00,11,9,26,20,47,972,9,"RN 02, REDOUTE (ROUTE DE",,,Nuit avec éclairage allumé,En agglomération,Hors intersection,Normale,Deux véhicules - arrière,,,,,,,,,,,5,2,1,1.0,2.0
201100065947,0011-09-27 12:45:00,11,9,27,12,45,972,9,"RD 41, RD 41",,,Plein jour,En agglomération,Hors intersection,Normale,Deux véhicules - arrière,,,,,,,,,,,1,2,1,1.0,2.0
201100065948,0011-09-29 15:45:00,11,9,29,15,45,972,9,"Rd 45, CLAIRIERE (RUE DE",,,Plein jour,En agglomération,Hors intersection,Normale,Deux véhicules - côté,,,,,,,,,,,1,2,1,1.0,3.0
201100065949,0011-10-09 16:15:00,11,10,9,16,15,972,9,"Comm, ADHEMAR MODOCK (BO",,,Plein jour,En agglomération,Hors intersection,Normale,Sans collision,,,,,,,,,,,1,2,1,1.0,7.0
201100065950,0011-10-02 01:30:00,11,10,2,1,30,972,9,"RD 41, RD 41",,,Nuit avec éclairage allumé,En agglomération,Hors intersection,Normale,Autre collision,,,,,,,,,,,5,2,1,1.0,6.0
201100065951,0011-10-02 14:20:00,11,10,2,14,20,972,9,"RD 40, SOLEIL LEVANT (BO",,,Plein jour,Hors agglomération,Hors intersection,Normale,Autre collision,,,,,,,,,,,1,1,1,1.0,6.0
201100065952,0011-10-03 13:38:00,11,10,3,13,38,972,9,"RN1, GENERAL DE GAULLE (",,,Plein jour,En agglomération,Hors intersection,Normale,Autre collision,,,,,,,,,,,1,2,1,1.0,6.0
201100065953,0011-10-03 18:11:00,11,10,3,18,11,972,9,"RD41, RD 41",,,Nuit avec éclairage allumé,En agglomération,Hors intersection,Normale,Trois véhicules et plus - en chaîne,,,,,,,,,,,5,2,1,1.0,4.0
201100065954,0011-10-04 08:15:00,11,10,4,8,15,972,9,"Comm, ERNEST DEPROGE (RU",,,Plein jour,En agglomération,Hors intersection,Normale,Autre collision,,,,,,,,,,,1,2,1,1.0,6.0
201100065955,0011-10-04 20:35:00,11,10,4,20,35,972,9,"Comm, GODISSARD (BOULEVA",,,Nuit avec éclairage allumé,En agglomération,Hors intersection,Normale,Autre collision,,,,,,,,,,,5,2,1,1.0,6.0
201100065956,0011-10-06 07:14:00,11,10,6,7,14,972,9,"RN02, ROBERT ATTULY (BOU",,,Plein jour,En agglomération,Hors intersection,Normale,Autre collision,,,,,,,,,,,1,2,1,1.0,6.0
201100065957,0011-10-06 13:20:00,11,10,6,13,20,972,9,"RN01, MAURICE BISHOP (AV",,,Plein jour,En agglomération,Hors intersection,Temps couvert,Deux véhicules - arrière,,,,,,,,,,,1,2,1,8.0,2.0
201100065958,0011-10-08 17:51:00,11,10,8,17,51,972,9,"RN01, MAURICE BISHOP (AV",,,Plein jour,En agglomération,Hors intersection,Normale,Deux véhicules - arrière,,,,,,,,,,,1,2,1,1.0,2.0