accident_id,datetime,annee,mois,jour,heure,minute,departement,commune_insee,adresse,latitude,longitude,luminosite,agglomeration,intersection,meteo,collision,nb_vehicules,nb_usagers,nb_indemnes,nb_tues,nb_blesses_hosp,nb_blesses_legers,age_cond_1,age_cond_2,veh_type_cond_1,veh_type_cond_2,lum_code,agg_code,int_code,atm_code,col_code
201100066086,0011-05-05 17:10:00,11,5,5,17,10,972,13,AUTOROUTE A1,,,Plein jour,Hors agglomération,Hors intersection,Normale,Trois véhicules et plus - collisions multiples,,,,,,,,,,,1,1,1,1.0,5.0
201100066087,0011-05-05 17:45:00,11,5,5,17,45,972,13,MAHAULT,,,Crépuscule ou aube,Hors agglomération,Hors intersection,Normale,Deux véhicules - frontale,,,,,,,,,,,2,1,1,1.0,1.0
201100066088,0011-05-05 18:30:00,11,5,5,18,30,972,13,AUTOROUTE A1,,,Crépuscule ou aube,Hors agglomération,Hors intersection,Normale,Deux véhicules - arrière,,,,,,,,,,,2,1,1,1.0,2.0
201100066089,0011-05-07 10:01:00,11,5,7,10,1,972,13,DUCHESNES 1,,,Plein jour,Hors agglomération,Hors intersection,Normale,Trois véhicules et plus - en chaîne,,,,,,,,,,,1,1,1,1.0,4.0
201100066090,0011-05-09 12:15:00,11,5,9,12,15,972,13,AUTOROUTE A1,,,Plein jour,Hors agglomération,Hors intersection,Normale,Deux véhicules - côté,,,,,,,,,,,1,1,1,1.0,3.0
201100066091,0011-05-11 15:00:00,11,5,11,15,0,972,13,ROUTE NATIONALE 6,,,Plein jour,Hors agglomération,Hors intersection,Normale,Trois véhicules et plus - en chaîne,,,,,,,,,,,1,1,1,1.0,4.0
201100066092,0011-05-11 17:35:00,11,5,11,17,35,972,13,ROUTE DEPARTEMENTALE 15,,,Plein jour,En agglomération,Hors intersection,Normale,Deux véhicules - arrière,,,,,,,,,,,1,2,1,1.0,2.0
201100066093,0011-05-12 19:17:00,11,5,12,19,17,972,13,AUTOROUTE A1,,,Nuit sans éclairage public,Hors agglomération,Hors intersection,Autre,Autre collision,,,,,,,,,,,3,1,1,9.0,6.0
201100066094,0011-05-18 15:10:00,11,5,18,15,10,972,13,AUTOROUTE A1,,,Plein jour,Hors agglomération,Hors intersection,Normale,Deux véhicules - côté,,,,,,,,,,,1,1,1,1.0,3.0
201100066095,0011-05-22 05:26:00,11,5,22,5,26,972,13,ROUTE NATIONALE 1,,,Nuit sans éclairage public,Hors agglomération,Hors intersection,Pluie légère,Deux véhicules - côté,,,,,,,,,,,3,1,1,2.0,3.0
201100066096,0011-05-23 00:14:00,11,5,23,0,14,972,13,ROUTE NATIONALE 5,,,Nuit sans éclairage public,Hors agglomération,Hors intersection,Normale,Autre collision,,,,,,,,,,,3,1,1,1.0,6.0
201100066097,0011-05-23 13:10:00,11,5,23,13,10,972,13,Z I LA LEZARDE,,,Plein jour,Hors agglomération,Hors intersection,Normale,Deux véhicules - côté,,,,,,,,,,,1,1,1,1.0,3.0
201100066098,0011-05-24 17:10:00,11,5,24,17,10,972,13,ROUTE DEPARTEMENTALE 14,,,Plein jour,En agglomération,Hors intersection,Normale,Deux véhicules - frontale,,,,,,,,,,,1,2,1,1.0,1.0
201100066099,0011-05-28 22:23:00,11,5,28,22,23,972,13,ROUTE DEPARTEMENTALE 15,,,Nuit sans éclairage public,Hors agglomération,Hors intersection,Normale,Deux véhicules - frontale,,,,,,,,,,,3,1,1,1.0,1.0
201100066100,0011-05-31 17:00:00,11,5,31,17,0,972,13,AUTOROUTE A1,,,Plein jour,Hors agglomération,Hors intersection,Autre,Trois véhicules et plus - collisions multiples,,,,,,,,,,,1,1,1,9.0,5.0
201100066101,0011-06-01 19:00:00,11,6,1,19,0,972,13,AUTOROUTE A1,,,Nuit avec éclairage non allumé,Hors agglomération,Hors intersection,Normale,Deux véhicules - arrière,,,,,,,,,,,4,1,1,1.0,2.0
201100066102,0011-06-03 09:46:00,11,6,3,9,46,972,13,AUTOROUTE A1,,,Plein jour,Hors agglomération,Hors intersection,Normale,Deux véhicules - arrière,,,,,,,,,,,1,1,1,1.0,2.0
201100066103,0011-06-04 21:40:00,11,6,4,21,40,972,13,AUTOROUTE A1,,,Nuit avec éclairage allumé,Hors agglomération,Hors intersection,Normale,Autre collision,,,,,,,,,,,5,1,1,1.0,6.0
201100066104,0011-06-05 08:05:00,11,6,5,8,5,972,13,AUTOROUTE A1,,,Plein jour,Hors agglomération,Hors intersection,Normale,Autre collision,,,,,,,,,,,1,1,1,1.0,6.0
201100066105,0011-06-11 22:35:00,11,6,11,22,35,972,13,ROUTE DEPARTEMENTALE 3,,,Nuit sans éclairage public,Hors agglomération,Hors intersection,Normale,Deux véhicules - côté,,,,,,,,,,,3,1,1,1.0,3.0
201100066106,0011-06-12 18:45:00,11,6,12,18,45,972,13,"24, 24 MARS 1961 (RUE DU",,,Nuit avec éclairage allumé,En agglomération,Hors intersection,Normale,Sans collision,,,,,,,,,,,5,2,1,1.0,7.0
201100066107,0011-06-14 07:05:00,11,6,14,7,5,972,13,ROUTE NATIONALE 1,,,Plein jour,Hors agglomération,Hors intersection,Normale,Trois véhicules et plus - collisions multiples,,,,,,,,,,,1,1,1,1.0,5.0
201100066108,0011-06-17 19:53:00,11,6,17,19,53,972,13,ROUTE DEPARTEMENTALE 15,,,Nuit avec éclairage allumé,Hors agglomération,Hors intersection,Normale,Deux véhicules - côté,,,,,,,,,,,5,1,1,1.0,3.0
201100066109,0011-06-24 19:55:00,11,6,24,19,55,972,13,"46, BASSE GONDEAU (CHEMI",,,Nuit avec éclairage allumé,Hors agglomération,Hors intersection,Normale,Deux véhicules - côté,,,,,,,,,,,5,1,1,1.0,3.0
201100066110,0011-06-30 18:40:00,11,6,30,18,40,972,13,ROUTE NATIONALE 5,,,Nuit avec éclairage allumé,Hors agglomération,Hors intersection,Normale,Deux véhicules - côté,,,,,,,,,,,5,1,1,1.0,3.0
201100066111,0011-07-02 05:30:00,11,7,2,5,30,972,13,AUTOROUTE A1,,,Nuit avec éclairage non allumé,Hors agglomération,Hors intersection,Pluie légère,Deux véhicules - arrière,,,,,,,,,,,4,1,1,2.0,2.0
201100066112,0011-07-02 15:50:00,11,7,2,15,50,972,13,ROUTE NATIONALE 6,,,Plein jour,Hors agglomération,Hors intersection,Normale,Autre collision,,,,,,,,,,,1,1,1,1.0,6.0
201100066113,0011-07-06 07:35:00,11,7,6,7,35,972,13,ROUTE DEPARTEMENTALE 3 B,,,Plein jour,En agglomération,Hors intersection,Normale,Deux véhicules - arrière,,,,,,,,,,,1,2,1,1.0,2.0
201100066114,0011-07-07 18:45:00,11,7,7,18,45,972,13,AUTOROUTE A1,,,Nuit avec éclairage allumé,Hors agglomération,Hors intersection,Normale,Deux véhicules - arrière,,,,,,,,,,,5,1,1,1.0,2.0
201100066115,0011-07-10 17:48:00,11,7,10,17,48,972,13,ROUTE DEPARTEMENTALE 14,,,Plein jour,Hors agglomération,Hors intersection,Normale,Deux véhicules - frontale,,,,,,,,,,,1,1,1,1.0,1.0
201100066116,0011-07-11 14:15:00,11,7,11,14,15,972,13,AUTOROUTE A1,,,Plein jour,Hors agglomération,Hors intersection,Normale,Trois véhicules et plus - en chaîne,,,,,,,,,,,1,1,1,1.0,4.0
201100066117,0011-07-14 15:38:00,11,7,14,15,38,972,13,AUTOROUTE A1,,,Plein jour,Hors agglomération,Hors intersection,Normale,Deux véhicules - côté,,,,,,,,,,,1,1,1,1.0,3.0
201100066118,0011-07-20 19:33:00,11,7,20,19,33,972,13,ROUTE DEPARTEMENTALE 14,,,Nuit avec éclairage allumé,Hors agglomération,Hors intersection,Normale,Autre collision,,,,,,,,,,,5,1,1,1.0,6.0
201100066119,0011-07-26 18:25:00,11,7,26,18,25,972,13,ACAJOU PROLONGEE,,,Nuit avec éclairage allumé,Hors agglomération,Hors intersection,Normale,Autre collision,,,,,,,,,,,5,1,1,1.0,6.0
201100066120,0011-07-29 15:13:00,11,7,29,15,13,972,13,AUTOROUTE A1,,,Plein jour,Hors agglomération,Hors intersection,Normale,Deux véhicules - côté,,,,,,,,,,,1,1,1,1.0,3.0
201100066121,0011-08-04 08:07:00,11,8,4,8,7,972,13,ROUTE DEPARTEMENTALE 14,,,Plein jour,Hors agglomération,Hors intersection,Normale,Deux véhicules - arrière,,,,,,,,,,,1,1,1,1.0,2.0
201100066122,0011-08-11 11:30:00,11,8,11,11,30,972,13,ROUTE NATIONALE 1,,,Plein jour,Hors agglomération,Hors intersection,Normale,Deux véhicules - côté,,,,,,,,,,,1,1,1,1.0,3.0
201100066123,0011-08-12 23:20:00,11,8,12,23,20,972,13,ROUTE NATIONALE 5,,,Nuit avec éclairage allumé,Hors agglomération,Hors intersection,Normale,Autre collision,,,,,,,,,,,5,1,1,1.0,6.0
201100066124,0011-08-13 01:47:00,11,8,13,1,47,972,13,AUTOROUTE A1,,,Nuit avec éclairage non allumé,Hors agglomération,Hors intersection,Normale,Trois véhicules et plus - collisions multiples,,,,,,,,,,,4,1,1,1.0,5.0
201100066125,0011-08-13 05:08:00,11,8,13,5,8,972,13,AUTOROUTE A1,,,Nuit avec éclairage allumé,Hors agglomération,Hors intersection,Normale,Deux véhicules - arrière,,,,,,,,,,,5,1,1,1.0,2.0
201100066126,0011-08-18 19:06:00,11,8,18,19,6,972,13,ROUTE NATIONALE 1,,,Nuit avec éclairage allumé,Hors agglomération,Giratoire,Normale,Deux véhicules - arrière,,,,,,,,,,,5,1,6,1.0,2.0
201100066127,0011-08-26 16:30:00,11,8,26,16,30,972,13,AUTOROUTE A1,,,Plein jour,Hors agglomération,Hors intersection,Normale,Deux véhicules - arrière,,,,,,,,,,,1,1,1,1.0,2.0
201100066128,0011-08-27 22:30:00,11,8,27,22,30,972,13,ROUTE DEPARTEMENTALE 15,,,Nuit avec éclairage allumé,Hors agglomération,Hors intersection,Normale,Autre collision,,,,,,,,,,,5,1,1,1.0,6.0
201100066129,0011-08-28 17:08:00,11,8,28,17,8,972,13,BECOUYA (VOIE COMMUNALE,,,Plein jour,Hors agglomération,Hors intersection,Normale,Deux véhicules - frontale,,,,,,,,,,,1,1,1,1.0,1.0
201100066130,0011-08-30 10:59:00,11,8,30,10,59,972,13,ROUTE NATIONALE 5,,,Plein jour,Hors agglomération,Hors intersection,Normale,Deux véhicules - arrière,,,,,,,,,,,1,1,1,1.0,2.0
201100066131,0011-09-04 05:00:00,11,9,4,5,0,972,13,4ROUTE NATIONALE 1,,,Nuit avec éclairage allumé,En agglomération,Hors intersection,Normale,Autre collision,,,,,,,,,,,5,2,1,1.0,6.0
201100066132,0011-09-04 22:15:00,11,9,4,22,15,972,13,4AUTOROUTE A1,,,Nuit avec éclairage allumé,Hors agglomération,Hors intersection,Normale,Trois véhicules et plus - collisions multiples,,,,,,,,,,,5,1,1,1.0,5.0
201100066133,0011-09-05 11:00:00,11,9,5,11,0,972,13,3ROUTE DEPARTEMENTALE 3,,,Plein jour,En agglomération,Intersection en T,Pluie forte,Deux véhicules - frontale,,,,,,,,,,,1,2,3,3.0,1.0
201100066134,0011-09-08 14:16:00,11,9,8,14,16,972,13,2ROUTE DEPARTEMENTALE 15,,,Plein jour,En agglomération,Hors intersection,Normale,Deux véhicules - frontale,,,,,,,,,,,1,2,1,1.0,1.0
201100066135,0011-09-13 08:10:00,11,9,13,8,10,972,13,2ROUTE DEPARTEMENTALE 14,,,Plein jour,En agglomération,Hors intersection,Normale,Deux véhicules - frontale,,,,,,,,,,,1,2,1,1.0,1.0
201100066136,0011-09-14 11:30:00,11,9,14,11,30,972,13,3Z I LA LEZARDE,,,Plein jour,Hors agglomération,Hors intersection,Normale,Deux véhicules - frontale,,,,,,,,,,,1,1,1,1.0,1.0
201100066137,0011-09-15 11:00:00,11,9,15,11,0,972,13,6ROUTE DEPARTEMENTALE 15,,,Plein jour,En agglomération,Hors intersection,Normale,Autre collision,,,,,,,,,,,1,2,1,1.0,6.0
201100066138,0011-09-16 21:30:00,11,9,16,21,30,972,13,3MARTIN LUTHER KING (RUE,,,Plein jour,En agglomération,Intersection en X,Pluie forte,Deux véhicules - frontale,,,,,,,,,,,1,2,2,3.0,1.0
201100066139,0011-09-18 02:48:00,11,9,18,2,48,972,13,1AUTOROUTE A1,,,Nuit sans éclairage public,Hors agglomération,Hors intersection,Normale,Sans collision,,,,,,,,,,,3,1,1,1.0,7.0
201100066140,0011-09-23 21:00:00,11,9,23,21,0,972,13,6ROUTE DEPARTEMENTALE 14,,,Nuit sans éclairage public,En agglomération,Hors intersection,Normale,Sans collision,,,,,,,,,,,3,2,1,1.0,7.0
201100066141,0011-09-24 10:30:00,11,9,24,10,30,972,13,6ROUTE DEPARTEMENTALE 3,,,Plein jour,En agglomération,Hors intersection,Normale,Sans collision,,,,,,,,,,,1,2,1,1.0,7.0
201100066142,0011-09-27 19:18:00,11,9,27,19,18,972,13,"645, ERNEST ANDRE (RUE)",,,Nuit avec éclairage allumé,En agglomération,Hors intersection,Normale,Sans collision,,,,,,,,,,,5,2,1,1.0,7.0
201100066143,0011-10-05 17:38:00,11,10,5,17,38,972,13,DUCHESNES 1,,,Crépuscule ou aube,Hors agglomération,Hors intersection,Normale,Autre collision,,,,,,,,,,,2,1,1,1.0,6.0
201100066144,0011-10-08 13:05:00,11,10,8,13,5,972,13,AUTOROUTE A1,,,Plein jour,Hors agglomération,Hors intersection,Normale,Trois véhicules et plus - collisions multiples,,,,,,,,,,,1,1,1,1.0,5.0
201100066145,0011-10-17 16:23:00,11,10,17,16,23,972,13,BASSE GONDEAU (CHEMIN RU,,,Plein jour,Hors agglomération,Hors intersection,Normale,Deux véhicules - frontale,,,,,,,,,,,1,1,1,1.0,1.0
201100066146,0011-10-18 10:00:00,11,10,18,10,0,972,13,AUTOROUTE A1,,,Plein jour,Hors agglomération,Hors intersection,Normale,Deux véhicules - côté,,,,,,,,,,,1,1,1,1.0,3.0
201100066147,0011-10-20 15:45:00,11,10,20,15,45,972,13,MORNE PITAULT (ROUTE DE),,,Plein jour,Hors agglomération,Hors intersection,Normale,Autre collision,,,,,,,,,,,1,1,1,1.0,6.0
201100066148,0011-10-21 06:56:00,11,10,21,6,56,972,13,ROUTE DEPARTEMENTALE 3,,,Plein jour,Hors agglomération,Hors intersection,Pluie légère,Deux véhicules - côté,,,,,,,,,,,1,1,1,2.0,3.0
201100066149,0011-10-22 12:14:00,11,10,22,12,14,972,13,AUTOROUTE A1,,,Plein jour,Hors agglomération,Hors intersection,Normale,Deux véhicules - côté,,,,,,,,,,,1,1,1,1.0,3.0
201100066150,0011-10-24 18:50:00,11,10,24,18,50,972,13,ROUTE DEPARTEMENTALE 15,,,Crépuscule ou aube,En agglomération,Hors intersection,Normale,Autre collision,,,,,,,,,,,2,2,1,1.0,6.0
201100066151,0011-10-26 19:07:00,11,10,26,19,7,972,13,ROUTE DEPARTEMENTALE 14,,,Nuit sans éclairage public,Hors agglomération,Hors intersection,Normale,Deux véhicules - arrière,,,,,,,,,,,3,1,1,1.0,2.0
201100066152,0011-10-29 18:00:00,11,10,29,18,0,972,13,AUTOROUTE A1,,,Crépuscule ou aube,Hors agglomération,Hors intersection,Normale,Deux véhicules - arrière,,,,,,,,,,,2,1,1,1.0,2.0
201100066153,0011-10-29 23:15:00,11,10,29,23,15,972,13,ROUTE NATIONALE 6,,,Nuit sans éclairage public,Hors agglomération,Hors intersection,Normale,Deux véhicules - arrière,,,,,,,,,,,3,1,1,1.0,2.0
201100066154,0011-10-30 20:15:00,11,10,30,20,15,972,13,AUTOROUTE A1,,,Nuit sans éclairage public,Hors agglomération,Hors intersection,Normale,Deux véhicules - arrière,,,,,,,,,,,3,1,1,1.0,2.0
201100066155,0011-11-04 12:18:00,11,11,4,12,18,972,13,"16, GEORGES GRATIANT",,,Plein jour,Hors agglomération,Hors intersection,Normale,Autre collision,,,,,,,,,,,1,1,1,1.0,6.0
201100066156,0011-11-10 14:00:00,11,11,10,14,0,972,13,AUTOROUTE A1,,,Plein jour,Hors agglomération,Hors intersection,Normale,Deux véhicules - côté,,,,,,,,,,,1,1,1,1.0,3.0
201100066157,0011-11-10 19:57:00,11,11,10,19,57,972,13,ROUTE DEPARTEMENTALE 3,,,Nuit sans éclairage public,Hors agglomération,Hors intersection,Normale,Deux véhicules - arrière,,,,,,,,,,,3,1,1,1.0,2.0
201100066158,0011-11-11 05:40:00,11,11,11,5,40,972,13,ROUTE DEPARTEMENTALE 3,,,Crépuscule ou aube,Hors agglomération,Hors intersection,Normale,Autre collision,,,,,,,,,,,2,1,1,1.0,6.0
201100066159,0011-11-11 16:35:00,11,11,11,16,35,972,13,BASSE GONDEAU (CHEMIN RU,,,Plein jour,Hors agglomération,Hors intersection,Normale,Deux véhicules - côté,,,,,,,,,,,1,1,1,1.0,3.0
201100066160,0011-11-14 17:35:00,11,11,14,17,35,972,13,MORNE PITAULT (ROUTE DE),,,Plein jour,Hors agglomération,Hors intersection,Normale,Deux véhicules - frontale,,,,,,,,,,,1,1,1,1.0,1.0
201100066161,0011-11-16 18:30:00,11,11,16,18,30,972,13,ROUTE DEPARTEMENTALE 3,,,Crépuscule ou aube,En agglomération,Hors intersection,Normale,Autre collision,,,,,,,,,,,2,2,1,1.0,6.0
201100066162,0011-11-24 00:50:00,11,11,24,0,50,972,13,AUTOROUTE A1,,,Nuit sans éclairage public,Hors agglomération,Hors intersection,Normale,Autre collision,,,,,,,,,,,3,1,1,1.0,6.0
201100066163,0011-11-25 23:45:00,11,11,25,23,45,972,13,ROUTE NATIONALE 5,,,Nuit sans éclairage public,Hors agglomération,Hors intersection,Normale,Autre collision,,,,,,,,,,,3,1,1,1.0,6.0
201100066164,0011-11-26 21:24:00,11,11,26,21,24,972,13,ROUTE NATIONALE 1,,,Nuit sans éclairage public,Hors agglomération,Hors intersection,Normale,Autre collision,,,,,,,,,,,3,1,1,1.0,6.0
201100066165,0011-11-27 16:20:00,11,11,27,16,20,972,13,ROUTE DEPARTEMENTALE 3,,,Plein jour,Hors agglomération,Hors intersection,Normale,Autre collision,,,,,,,,,,,1,1,1,1.0,6.0
201100066166,0011-12-04 13:37:00,11,12,4,13,37,972,13,BECOUYA (VOIE COMMUNALE,,,Plein jour,En agglomération,Hors intersection,Pluie forte,Sans collision,,,,,,,,,,,1,2,1,3.0,7.0
201100066167,0011-12-13 08:35:00,11,12,13,8,35,972,13,AUTOROUTE A1,,,Plein jour,Hors agglomération,Hors intersection,Normale,Autre collision,,,,,,,,,,,1,1,1,1.0,6.0
201100066168,0011-12-13 13:40:00,11,12,13,13,40,972,13,"10, LEOPOLD BISSOL (RUE)",,,Plein jour,En agglomération,Hors intersection,Normale,Autre collision,,,,,,,,,,,1,2,1,1.0,6.0
201100066169,0011-12-13 08:35:00,11,12,13,8,35,972,13,ROUTE DEPARTEMENTALE 3,,,Plein jour,Hors agglomération,Hors intersection,Normale,Sans collision,,,,,,,,,,,1,1,1,1.0,7.0
201100066170,0011-12-14 06:30:00,11,12,14,6,30,972,13,ZONE DE FRET,,,Crépuscule ou aube,Hors agglomération,Hors intersection,Normale,Deux véhicules - arrière,,,,,,,,,,,2,1,1,1.0,2.0
201100066171,0011-12-15 19:25:00,11,12,15,19,25,972,13,MANGOT VULCIN (ROND POIN,,,Nuit sans éclairage public,Hors agglomération,Hors intersection,Normale,Autre collision,,,,,,,,,,,3,1,1,1.0,6.0
201100066172,0011-12-23 17:00:00,11,12,23,17,0,972,13,ROUTE NATIONALE 1,,,Plein jour,Hors agglomération,Hors intersection,Normale,Trois véhicules et plus - collisions multiples,,,,,,,,,,,1,1,1,1.0,5.0
201100066173,0011-12-23 18:30:00,11,12,23,18,30,972,13,AUTOROUTE A1,,,Plein jour,Hors agglomération,Hors intersection,Normale,Deux véhicules - côté,,,,,,,,,,,1,1,1,1.0,3.0
201100066174,0011-12-25 05:45:00,11,12,25,5,45,972,13,MORNE PITAULT (ROUTE DE),,,Crépuscule ou aube,Hors agglomération,Hors intersection,Normale,Deux véhicules - côté,,,,,,,,,,,2,1,1,1.0,3.0
201100066175,0011-12-28 06:20:00,11,12,28,6,20,972,13,ROUTE NATIONALE 1,,,Crépuscule ou aube,Hors agglomération,Hors intersection,Normale,Deux véhicules - frontale,,,,,,,,,,,2,1,1,1.0,1.0
201100066176,0011-12-30 20:50:00,11,12,30,20,50,973,2,"3181, BOUDINOT (AUGUSTE)",,,Nuit avec éclairage non allumé,En agglomération,Intersection en X,Normale,Deux véhicules - frontale,,,,,,,,,,,4,2,2,1.0,1.0
201100066177,0011-01-02 04:10:00,11,1,2,4,10,973,2,RABAN (ROUTE DE),,,Crépuscule ou aube,En agglomération,Hors intersection,Normale,Deux véhicules - arrière,,,,,,,,,,,2,2,1,1.0,2.0
201100066178,0011-01-10 21:30:00,11,1,10,21,30,973,2,TROUBIRAN (CHEMIN DE),,,Nuit avec éclairage allumé,Hors agglomération,Hors intersection,Normale,Autre collision,,,,,,,,,,,5,1,1,1.0,6.0
201100066179,0011-01-19 07:10:00,11,1,19,7,10,973,2,"36, BADUEL (ROUTE DE)",,,Plein jour,Hors agglomération,Hors intersection,Normale,Deux véhicules - arrière,,,,,,,,,,,1,1,1,1.0,2.0
201100066180,0011-01-23 02:40:00,11,1,23,2,40,973,2,MONTABO (ROUTE DE) 3,,,Nuit avec éclairage allumé,Hors agglomération,Intersection en T,Normale,Deux véhicules - arrière,,,,,,,,,,,5,1,3,1.0,2.0
201100066181,0011-01-20 15:04:00,11,1,20,15,4,973,2,"1098, RABAN (ROUTE DE)",,,Plein jour,Hors agglomération,Intersection en T,Normale,Trois véhicules et plus - collisions multiples,,,,,,,,,,,1,1,3,1.0,5.0
201100066182,0011-01-21 10:15:00,11,1,21,10,15,973,2,HILAIRE(CHEMIN),,,Plein jour,Hors agglomération,Hors intersection,Temps éblouissant,Deux véhicules - côté,,,,,,,,,,,1,1,1,7.0,3.0
201100066183,0011-01-28 13:45:00,11,1,28,13,45,973,2,"3108, BADUEL (ROUTE DE)",,,Plein jour,Hors agglomération,Hors intersection,Normale,Autre collision,,,,,,,,,,,1,1,1,1.0,6.0
201100066184,0011-02-06 22:00:00,11,2,6,22,0,973,2,LAFAURIE (CITE),,,Nuit avec éclairage allumé,En agglomération,Hors intersection,Normale,Deux véhicules - côté,,,,,,,,,,,5,2,1,1.0,3.0
201100066185,0011-02-12 19:18:00,11,2,12,19,18,973,2,MADELEINE (ROUTE DE LA),,,Nuit avec éclairage allumé,En agglomération,Hors intersection,Normale,Deux véhicules - frontale,,,,,,,,,,,5,2,1,1.0,1.0
201100066186,0011-02-09 20:04:00,11,2,9,20,4,973,2,REPUBLIQUE (BD DE LA),,,Nuit avec éclairage allumé,En agglomération,Hors intersection,Pluie légère,Deux véhicules - frontale,,,,,,,,,,,5,2,1,2.0,1.0
201100066187,0011-02-11 22:20:00,11,2,11,22,20,973,2,MONTABO (ROUTE DE) 2,,,Nuit avec éclairage allumé,Hors agglomération,Intersection en T,Pluie légère,Deux véhicules - côté,,,,,,,,,,,5,1,3,2.0,3.0
201100066188,0011-02-22 14:23:00,11,2,22,14,23,973,2,TIGRE (ROUTE DU),,,Plein jour,Hors agglomération,Hors intersection,Pluie légère,Deux véhicules - côté,,,,,,,,,,,1,1,1,2.0,3.0
201100066189,0011-02-20 17:18:00,11,2,20,17,18,973,2,MANGO (ROUTE),,,Plein jour,Hors agglomération,Hors intersection,Normale,Deux véhicules - frontale,,,,,,,,,,,1,1,1,1.0,1.0
201100066190,0011-02-17 10:35:00,11,2,17,10,35,973,2,CABASSOU (ROUTE DE),,,Plein jour,Hors agglomération,Intersection en X,Normale,Deux véhicules - côté,,,,,,,,,,,1,1,2,1.0,3.0
201100066191,0011-02-15 19:55:00,11,2,15,19,55,973,2,"2304, BADUEL (ROUTE DE)",,,Nuit avec éclairage allumé,Hors agglomération,Hors intersection,Normale,Autre collision,,,,,,,,,,,5,1,1,1.0,6.0
201100066192,0011-02-27 18:17:00,11,2,27,18,17,973,2,"43, HEDER (AVENUE LEOPOL",,,Plein jour,En agglomération,Hors intersection,Normale,Autre collision,,,,,,,,,,,1,2,1,1.0,6.0
201100066193,0011-03-06 03:30:00,11,3,6,3,30,973,2,6 MADELEINE (RTE DE LA),,,Nuit avec éclairage allumé,En agglomération,Intersection en X,Normale,Autre collision,,,,,,,,,,,5,2,2,1.0,6.0
201100066194,0011-03-01 08:11:00,11,3,1,8,11,973,2,3MONTABO (ROUTE DE) 3,,,Plein jour,En agglomération,Intersection en X,Normale,Deux véhicules - frontale,,,,,,,,,,,1,2,2,1.0,1.0
201100066195,0011-01-15 21:15:00,11,1,15,21,15,973,2,MADELEINE (ROUTE DE LA),,,Nuit avec éclairage allumé,En agglomération,Hors intersection,Normale,Sans collision,,,,,,,,,,,5,2,1,1.0,7.0
201100066196,0011-03-06 11:09:00,11,3,6,11,9,973,2,"625, PREVOT (ERNEST)",,,Plein jour,En agglomération,Intersection en X,Normale,Autre collision,,,,,,,,,,,1,2,2,1.0,6.0
201100066197,0011-03-11 08:25:00,11,3,11,8,25,973,2,6 BADUEL (RTE DE),,,Plein jour,En agglomération,Intersection en X,,Autre collision,,,,,,,,,,,1,2,2,,6.0
201100066198,0011-03-10 09:14:00,11,3,10,9,14,973,2,3TERRASSE DES CALIMBES (,,,Plein jour,En agglomération,Hors intersection,Pluie forte,Deux véhicules - frontale,,,,,,,,,,,1,2,1,3.0,1.0
201100066199,0011-02-20 13:30:00,11,2,20,13,30,973,2,GALMOT (ROND-POINT),,,Plein jour,En agglomération,Giratoire,Normale,Deux véhicules - côté,,,,,,,,,,,1,2,6,1.0,3.0
201100066200,0011-03-06 21:42:00,11,3,6,21,42,973,2,"1129, CONSTANT CHLORE(RU",,,Nuit avec éclairage allumé,En agglomération,Intersection en X,Normale,Autre collision,,,,,,,,,,,5,2,2,1.0,6.0
201100066201,0011-03-17 21:04:00,11,3,17,21,4,973,2,"1436, BADUEL (ROUTE DE)",,,Nuit avec éclairage allumé,Hors agglomération,Hors intersection,Normale,Deux véhicules - côté,,,,,,,,,,,5,1,1,1.0,3.0
201100066202,0011-03-17 14:10:00,11,3,17,14,10,973,2,"03, FLAMBOYANTS (RUE DES",,,Plein jour,Hors agglomération,Hors intersection,Normale,Deux véhicules - côté,,,,,,,,,,,1,1,1,1.0,3.0
201100066203,0011-03-23 12:06:00,11,3,23,12,6,973,2,"12, DIGUE RONJON",,,Plein jour,En agglomération,Hors intersection,Pluie légère,Autre collision,,,,,,,,,,,1,2,1,2.0,6.0
201100066204,0011-03-27 20:18:00,11,3,27,20,18,973,2,"47, MADELEINE (ROUTE DE",,,Nuit avec éclairage allumé,Hors agglomération,Hors intersection,Normale,Deux véhicules - côté,,,,,,,,,,,5,1,1,1.0,3.0
201100066205,0011-03-28 08:20:00,11,3,28,8,20,973,2,"1700, MONTABO (ROUTE DE)",,,Plein jour,Hors agglomération,Hors intersection,Normale,Deux véhicules - côté,,,,,,,,,,,1,1,1,1.0,3.0
201100066206,0011-04-01 12:40:00,11,4,1,12,40,973,2,JUBELIN (BOULEVARD),,,Plein jour,En agglomération,Intersection en T,Normale,Deux véhicules - côté,,,,,,,,,,,1,2,3,1.0,3.0
201100066207,0011-04-02 19:15:00,11,4,2,19,15,973,2,ESTREES (AVENUE D'),,,Nuit sans éclairage public,En agglomération,Hors intersection,Normale,Autre collision,,,,,,,,,,,3,2,1,1.0,6.0
201100066208,0011-04-08 06:04:00,11,4,8,6,4,973,2,"48, FLAMBOYANTS (RUE DES",,,Crépuscule ou aube,Hors agglomération,Hors intersection,Pluie légère,Deux véhicules - côté,,,,,,,,,,,2,1,1,2.0,3.0
201100066209,0011-04-07 07:57:00,11,4,7,7,57,973,2,ZEPHIR (ROCADE),,,Plein jour,Hors agglomération,Autre intersection,Normale,Deux véhicules - côté,,,,,,,,,,,1,1,9,1.0,3.0
201100066210,0011-03-31 17:29:00,11,3,31,17,29,973,2,"5, BRADIN (GONTRAN) CITE",,,Plein jour,Hors agglomération,Hors intersection,Normale,Deux véhicules - frontale,,,,,,,,,,,1,1,1,1.0,1.0
201100066211,0011-04-09 11:05:00,11,4,9,11,5,973,2,MADELEINE (ROUTE DE LA),,,Plein jour,En agglomération,Hors intersection,Normale,Deux véhicules - arrière,,,,,,,,,,,1,2,1,1.0,2.0