accident_id,datetime,annee,mois,jour,heure,minute,departement,commune_insee,adresse,latitude,longitude,luminosite,agglomeration,intersection,meteo,collision,nb_vehicules,nb_usagers,nb_indemnes,nb_tues,nb_blesses_hosp,nb_blesses_legers,age_cond_1,age_cond_2,veh_type_cond_1,veh_type_cond_2,lum_code,agg_code,int_code,atm_code,col_code
201100066337,0011-11-27 17:50:00,11,11,27,17,50,973,2,CESAIRE (CITE),,,Plein jour,En agglomération,Intersection en X,Normale,Autre collision,,,,,,,,,,,1,2,2,1.0,6.0
201100066338,0011-11-28 11:35:00,11,11,28,11,35,973,2,"14, 14 ET 22 JUIN 1962",,,Plein jour,En agglomération,Intersection en T,Normale,Sans collision,,,,,,,,,,,1,2,3,1.0,7.0
201100066339,0011-11-29 11:25:00,11,11,29,11,25,973,2,"2168, MADELEINE (ROUTE D",,,Plein jour,En agglomération,Hors intersection,Normale,Deux véhicules - arrière,,,,,,,,,,,1,2,1,1.0,2.0
201100066340,0011-12-01 11:28:00,11,12,1,11,28,973,2,BADUEL (ROUTE DE),,,Plein jour,En agglomération,Hors intersection,Normale,Deux véhicules - arrière,,,,,,,,,,,1,2,1,1.0,2.0
201100066341,0011-12-02 09:10:00,11,12,2,9,10,973,2,"54, JUBELIN (BOULEVARD)",,,Plein jour,En agglomération,Hors intersection,Normale,Autre collision,,,,,,,,,,,1,2,1,1.0,6.0
201100066342,0011-12-06 09:15:00,11,12,6,9,15,973,2,ZONE COLLERY I OU II,,,Plein jour,En agglomération,Hors intersection,Normale,Deux véhicules - côté,,,,,,,,,,,1,2,1,1.0,3.0
201100066343,0011-12-06 16:20:00,11,12,6,16,20,973,2,"59, MADELEINE (ROUTE DE",,,Plein jour,En agglomération,Hors intersection,Normale,Deux véhicules - côté,,,,,,,,,,,1,2,1,1.0,3.0
201100066344,0011-12-08 10:00:00,11,12,8,10,0,973,2,"2660, BADUEL (ROUTE DE)",,,Plein jour,Hors agglomération,Hors intersection,Normale,Deux véhicules - côté,,,,,,,,,,,1,1,1,1.0,3.0
201100066345,0011-12-08 11:40:00,11,12,8,11,40,973,2,"54, VOLTAIRE(AVENUE)",,,Plein jour,En agglomération,Intersection en X,Normale,Deux véhicules - côté,,,,,,,,,,,1,2,2,1.0,3.0
201100066346,0011-12-09 20:00:00,11,12,9,20,0,973,2,"1198, MONTABO (ROUTE DE)",,,Nuit avec éclairage allumé,En agglomération,Hors intersection,Normale,Deux véhicules - arrière,,,,,,,,,,,5,2,1,1.0,2.0
201100066347,0011-12-12 20:30:00,11,12,12,20,30,973,2,"21, CALIMBE(LOTISSEMENT)",,,Nuit avec éclairage allumé,En agglomération,Hors intersection,Normale,Deux véhicules - côté,,,,,,,,,,,5,2,1,1.0,3.0
201100066348,0011-12-13 07:25:00,11,12,13,7,25,973,2,"33, ZEPHIR (ROCADE)",,,Plein jour,En agglomération,Hors intersection,Normale,Autre collision,,,,,,,,,,,1,2,1,1.0,6.0
201100066349,0011-12-13 08:05:00,11,12,13,8,5,973,2,"2186, HILAIRE(CHEMIN)",,,Plein jour,Hors agglomération,Intersection en T,Pluie légère,Deux véhicules - côté,,,,,,,,,,,1,1,3,2.0,3.0
201100066350,0011-12-13 20:35:00,11,12,13,20,35,973,2,"39, HEDER (AVENUE LEOPOL",,,Nuit avec éclairage allumé,En agglomération,Intersection en T,Normale,Deux véhicules - côté,,,,,,,,,,,5,2,3,1.0,3.0
201100066351,0011-10-21 07:35:00,11,10,21,7,35,973,2,ROUTE NATIONALE II,,,Plein jour,Hors agglomération,Hors intersection,Normale,Autre collision,,,,,,,,,,,1,1,1,1.0,6.0
201100066352,0011-10-26 12:30:00,11,10,26,12,30,973,2,"124, SAINT ANTOINE (CHEM",,,Plein jour,Hors agglomération,Hors intersection,Normale,Sans collision,,,,,,,,,,,1,1,1,1.0,7.0
201100066353,0011-12-14 19:45:00,11,12,14,19,45,973,2,MONTABO (ROUTE DE) 1,,,Nuit avec éclairage allumé,Hors agglomération,Intersection en X,Normale,Deux véhicules - côté,,,,,,,,,,,5,1,2,1.0,3.0
201100066354,0011-12-17 12:05:00,11,12,17,12,5,973,2,1COLLERY (ZONE INDUSTRIE,,,Plein jour,En agglomération,Hors intersection,Normale,Deux véhicules - frontale,,,,,,,,,,,1,2,1,1.0,1.0
201100066355,0011-12-18 13:55:00,11,12,18,13,55,973,2,6MEDAN (cit?),,,Plein jour,En agglomération,Intersection en X,Normale,Autre collision,,,,,,,,,,,1,2,2,1.0,6.0
201100066356,0011-12-19 12:55:00,11,12,19,12,55,973,2,2ZEPHIR (ROCADE),,,Plein jour,En agglomération,Hors intersection,,Deux véhicules - frontale,,,,,,,,,,,1,2,1,,1.0
201100066357,0011-12-22 20:45:00,11,12,22,20,45,973,2,4JACARANDAS (CITE),,,Nuit avec éclairage allumé,En agglomération,Hors intersection,,Trois véhicules et plus - collisions multiples,,,,,,,,,,,5,2,1,,5.0
201100066358,0011-12-22 18:55:00,11,12,22,18,55,973,2,3MIRZA (ROND-POINT),,,Nuit avec éclairage allumé,En agglomération,Intersection en X,Pluie légère,Deux véhicules - frontale,,,,,,,,,,,5,2,2,2.0,1.0
201100066359,0011-12-23 11:52:00,11,12,23,11,52,973,2,3MADELEINE (ROUTE DE LA),,,Plein jour,En agglomération,Hors intersection,Normale,Deux véhicules - frontale,,,,,,,,,,,1,2,1,1.0,1.0
201100066360,0011-12-24 21:38:00,11,12,24,21,38,973,2,"6391, MONT LUCAS  2 (CIT",,,Nuit avec éclairage allumé,En agglomération,Intersection en X,,,,,,,,,,,,,5,2,2,,
201100066361,0011-12-25 19:23:00,11,12,25,19,23,973,2,"302, HEDER (AVENUE LEOPO",,,Nuit avec éclairage allumé,En agglomération,Intersection en X,Pluie forte,Deux véhicules - frontale,,,,,,,,,,,5,2,2,3.0,1.0
201100066362,0011-12-26 19:10:00,11,12,26,19,10,973,2,"6890, TROUBIRAN (CHEMIN",,,Nuit avec éclairage allumé,En agglomération,Intersection en X,,Autre collision,,,,,,,,,,,5,2,2,,6.0
201100066363,0011-12-06 09:20:00,11,12,6,9,20,973,2,ZONE COLLERY I OU II,,,Plein jour,Hors agglomération,Hors intersection,Normale,Deux véhicules - côté,,,,,,,,,,,1,1,1,1.0,3.0
201100066364,0011-12-27 11:49:00,11,12,27,11,49,973,2,3MADELEINE (ROUTE DE LA),,,Plein jour,En agglomération,Intersection en X,Pluie forte,Deux véhicules - frontale,,,,,,,,,,,1,2,2,3.0,1.0
201100066365,0011-07-28 02:30:00,11,7,28,2,30,973,2,TIGRE (ROUTE DU),,,Nuit avec éclairage allumé,En agglomération,Hors intersection,Normale,Deux véhicules - frontale,,,,,,,,,,,5,2,1,1.0,1.0
201100066366,0011-01-07 18:08:00,11,1,7,18,8,974,7,LONDRES(RUE),,,Plein jour,En agglomération,Intersection en X,Normale,Deux véhicules - côté,,,,,,,,,,,1,2,2,1.0,3.0
201100066367,0011-01-11 10:20:00,11,1,11,10,20,974,7,PARKING PUBLIC JUMBO SCO,,,Plein jour,En agglomération,Autre intersection,Normale,Autre collision,,,,,,,,,,,1,2,9,1.0,6.0
201100066368,0011-01-27 08:10:00,11,1,27,8,10,974,7,DOXILE(RUE),,,Plein jour,En agglomération,Intersection en X,Normale,Trois véhicules et plus - collisions multiples,,,,,,,,,,,1,2,2,1.0,5.0
201100066369,0011-01-27 11:50:00,11,1,27,11,50,974,7,PARIS (AVENUE),,,Plein jour,En agglomération,Hors intersection,Normale,Autre collision,,,,,,,,,,,1,2,1,1.0,6.0
201100066370,0011-02-03 19:50:00,11,2,3,19,50,974,7,ALLENDE(RUE),,,Nuit avec éclairage allumé,En agglomération,Hors intersection,Normale,Autre collision,,,,,,,,,,,5,2,1,1.0,6.0
201100066371,0011-02-06 01:00:00,11,2,6,1,0,974,7,VERGES(AVENUE),,,Nuit avec éclairage allumé,En agglomération,Giratoire,Normale,Autre collision,,,,,,,,,,,5,2,6,1.0,6.0
201100066372,0011-02-07 16:15:00,11,2,7,16,15,974,7,CHENIER ANDRE(PLACE),,,Plein jour,En agglomération,Place,Normale,Deux véhicules - arrière,,,,,,,,,,,1,2,7,1.0,2.0
201100066373,0011-02-08 17:00:00,11,2,8,17,0,974,7,PEVERELLY ALICE(RUE),,,Plein jour,En agglomération,Hors intersection,Normale,Autre collision,,,,,,,,,,,1,2,1,1.0,6.0
201100066374,0011-02-12 18:15:00,11,2,12,18,15,974,7,VERGES(AVENUE),,,Plein jour,En agglomération,Hors intersection,Normale,Autre collision,,,,,,,,,,,1,2,1,1.0,6.0
201100066375,0011-02-12 21:20:00,11,2,12,21,20,974,7,ROND POINT SACRE COEUR,,,Nuit sans éclairage public,En agglomération,Giratoire,Normale,Deux véhicules - arrière,,,,,,,,,,,3,2,6,1.0,2.0
201100066376,0011-02-21 10:00:00,11,2,21,10,0,974,7,JEANNE D'ARC (RUE),,,Plein jour,En agglomération,Intersection en X,Normale,Autre collision,,,,,,,,,,,1,2,2,1.0,6.0
201100066377,0011-02-21 19:05:00,11,2,21,19,5,974,7,VERGES(AVENUE),,,Crépuscule ou aube,En agglomération,Giratoire,Normale,Deux véhicules - côté,,,,,,,,,,,2,2,6,1.0,3.0
201100066378,0011-02-22 08:20:00,11,2,22,8,20,974,7,ROUTE NATIONALE,,,Plein jour,Hors agglomération,Hors intersection,Normale,Autre collision,,,,,,,,,,,1,1,1,1.0,6.0
201100066379,0011-02-27 02:00:00,11,2,27,2,0,974,7,DUFESTIN (RUE RENE),,,Nuit avec éclairage allumé,En agglomération,Hors intersection,Normale,Autre collision,,,,,,,,,,,5,2,1,1.0,6.0
201100066380,0011-03-02 19:00:00,11,3,2,19,0,974,7,OWENS JAMES,,,Crépuscule ou aube,Hors agglomération,Hors intersection,Normale,Autre collision,,,,,,,,,,,2,1,1,1.0,6.0
201100066381,0011-03-05 18:50:00,11,3,5,18,50,974,7,OWENS JAMES,,,Crépuscule ou aube,Hors agglomération,Hors intersection,Pluie légère,Sans collision,,,,,,,,,,,2,1,1,2.0,7.0
201100066382,0011-03-10 16:00:00,11,3,10,16,0,974,7,ROUTE NATIONALE N° 1,,,Plein jour,Hors agglomération,Hors intersection,Pluie forte,Trois véhicules et plus - en chaîne,,,,,,,,,,,1,1,1,3.0,4.0
201100066383,0011-03-11 21:15:00,11,3,11,21,15,974,7,"29, GUADELOUPE(RUE)",,,Nuit avec éclairage allumé,En agglomération,Hors intersection,Normale,Autre collision,,,,,,,,,,,5,2,1,1.0,6.0
201100066384,0011-03-19 16:55:00,11,3,19,16,55,974,7,14 JUILLET 1789(AVENUE D,,,Plein jour,En agglomération,Hors intersection,Normale,Deux véhicules - arrière,,,,,,,,,,,1,2,1,1.0,2.0
201100066385,0011-03-19 17:05:00,11,3,19,17,5,974,7,RUE JACQUES DUCLOS,,,Plein jour,En agglomération,Hors intersection,Normale,Deux véhicules - côté,,,,,,,,,,,1,2,1,1.0,3.0
201100066386,0011-03-22 10:15:00,11,3,22,10,15,974,7,ROUTE NATIONALE N° 1,,,Plein jour,Hors agglomération,Hors intersection,Normale,Deux véhicules - arrière,,,,,,,,,,,1,1,1,1.0,2.0
201100066387,0011-03-23 18:57:00,11,3,23,18,57,974,7,KING MATIN LUTHER(RUE),,,Nuit avec éclairage allumé,En agglomération,Intersection en T,Normale,Deux véhicules - côté,,,,,,,,,,,5,2,3,1.0,3.0
201100066388,0011-03-23 20:20:00,11,3,23,20,20,974,7,ROUTE DU SACRE COEUR,,,Nuit sans éclairage public,Hors agglomération,Giratoire,Normale,Autre collision,,,,,,,,,,,3,1,6,1.0,6.0
201100066389,0011-03-23 21:12:00,11,3,23,21,12,974,7,VERDUN(BOULEVARD),,,Nuit avec éclairage allumé,En agglomération,Intersection en X,Normale,Autre collision,,,,,,,,,,,5,2,2,1.0,6.0
201100066390,0011-03-24 15:20:00,11,3,24,15,20,974,7,ROUTE DU SACRE COEUR,,,Plein jour,Hors agglomération,Hors intersection,Normale,Deux véhicules - côté,,,,,,,,,,,1,1,1,1.0,3.0
201100066391,0011-03-25 08:10:00,11,3,25,8,10,974,7,ROUTE NATIONALE N° 1,,,Plein jour,Hors agglomération,Hors intersection,Normale,Deux véhicules - arrière,,,,,,,,,,,1,1,1,1.0,2.0
201100066392,0011-03-25 12:00:00,11,3,25,12,0,974,7,RUE SULLY PRUD'HOMME,,,Plein jour,En agglomération,Intersection en T,Normale,Deux véhicules - côté,,,,,,,,,,,1,2,3,1.0,3.0
201100066393,0011-03-30 08:10:00,11,3,30,8,10,974,7,ROND POINT SACRE COEUR,,,Plein jour,Hors agglomération,Giratoire,Normale,Deux véhicules - arrière,,,,,,,,,,,1,1,6,1.0,2.0
201100066394,0011-04-03 15:15:00,11,4,3,15,15,974,7,MARINE(BOULEVARD),,,Plein jour,En agglomération,Hors intersection,Normale,Sans collision,,,,,,,,,,,1,2,1,1.0,7.0
201100066395,0011-04-07 16:30:00,11,4,7,16,30,974,7,ROUTE NATIONALE N° 1,,,Plein jour,Hors agglomération,Hors intersection,Normale,Trois véhicules et plus - collisions multiples,,,,,,,,,,,1,1,1,1.0,5.0
201100066396,0011-04-09 09:40:00,11,4,9,9,40,974,7,20 DECEMBRE 1948(AVENUE,,,Plein jour,En agglomération,Hors intersection,Normale,Deux véhicules - côté,,,,,,,,,,,1,2,1,1.0,3.0
201100066397,0011-04-11 10:35:00,11,4,11,10,35,974,7,ROUTE DU SACRE COEUR,,,Plein jour,En agglomération,Hors intersection,Normale,Autre collision,,,,,,,,,,,1,2,1,1.0,6.0
201100066398,0011-04-12 09:00:00,11,4,12,9,0,974,7,POLITZER(AVENUE),,,Plein jour,En agglomération,Intersection en X,Normale,Deux véhicules - côté,,,,,,,,,,,1,2,2,1.0,3.0
201100066399,0011-04-12 09:45:00,11,4,12,9,45,974,7,14 JUILLET 1789(AVENUE D,,,Plein jour,En agglomération,Hors intersection,Normale,Trois véhicules et plus - collisions multiples,,,,,,,,,,,1,2,1,1.0,5.0
201100066400,0011-04-19 07:40:00,11,4,19,7,40,974,7,"25, VERGES(AVENUE)",,,Plein jour,En agglomération,Hors intersection,Normale,Deux véhicules - côté,,,,,,,,,,,1,2,1,1.0,3.0
201100066401,0011-04-22 17:00:00,11,4,22,17,0,974,7,ROUTE DU SACRE COEUR,,,Plein jour,Hors agglomération,Hors intersection,Normale,Autre collision,,,,,,,,,,,1,1,1,1.0,6.0
201100066402,0011-04-26 17:15:00,11,4,26,17,15,974,7,ROUTE DU SACRE COEUR,,,Plein jour,Hors agglomération,Hors intersection,Normale,Deux véhicules - arrière,,,,,,,,,,,1,1,1,1.0,2.0
201100066403,0011-05-02 10:50:00,11,5,2,10,50,974,7,DE GAULLE(RUE),,,Plein jour,En agglomération,Hors intersection,Normale,Deux véhicules - arrière,,,,,,,,,,,1,2,1,1.0,2.0
201100066404,0011-05-03 15:15:00,11,5,3,15,15,974,7,ROUTE DU SACRE COEUR,,,Plein jour,En agglomération,Hors intersection,Normale,Trois véhicules et plus - collisions multiples,,,,,,,,,,,1,2,1,1.0,5.0
201100066405,0011-05-05 15:55:00,11,5,5,15,55,974,7,ROUTE DU SACRE COEUR,,,Plein jour,En agglomération,Hors intersection,Normale,Deux véhicules - arrière,,,,,,,,,,,1,2,1,1.0,2.0
201100066406,0011-05-06 18:10:00,11,5,6,18,10,974,7,PARIS (AVENUE),,,Plein jour,En agglomération,Intersection en T,Normale,Trois véhicules et plus - collisions multiples,,,,,,,,,,,1,2,3,1.0,5.0
201100066407,0011-05-15 21:15:00,11,5,15,21,15,974,7,VERDUN (BOULEVARD),,,Nuit avec éclairage allumé,En agglomération,Intersection en X,Normale,Deux véhicules - côté,,,,,,,,,,,5,2,2,1.0,3.0
201100066408,0011-06-02 12:05:00,11,6,2,12,5,974,7,19 MARS 1946(AVENUE DU),,,Plein jour,En agglomération,Hors intersection,Normale,Deux véhicules - côté,,,,,,,,,,,1,2,1,1.0,3.0
201100066409,0011-06-06 08:00:00,11,6,6,8,0,974,7,CARNOT(RUE),,,Plein jour,En agglomération,Hors intersection,Normale,Autre collision,,,,,,,,,,,1,2,1,1.0,6.0
201100066410,0011-06-06 18:00:00,11,6,6,18,0,974,7,MAHATMA GANDHY,,,Nuit avec éclairage allumé,En agglomération,Hors intersection,Normale,Sans collision,,,,,,,,,,,5,2,1,1.0,7.0
201100066411,0011-06-14 07:35:00,11,6,14,7,35,974,7,DE GAULLE(RUE),,,Crépuscule ou aube,En agglomération,Intersection en X,Pluie forte,Deux véhicules - côté,,,,,,,,,,,2,2,2,3.0,3.0
201100066412,0011-06-17 17:15:00,11,6,17,17,15,974,7,ROUTE DU SACRE COEUR,,,Plein jour,Hors agglomération,Hors intersection,Normale,Autre collision,,,,,,,,,,,1,1,1,1.0,6.0
201100066413,0011-06-21 17:39:00,11,6,21,17,39,974,7,VOIE DE LIAISON PORTUAIR,,,Plein jour,En agglomération,Hors intersection,Normale,Deux véhicules - côté,,,,,,,,,,,1,2,1,1.0,3.0
201100066414,0011-07-02 20:35:00,11,7,2,20,35,974,7,CROIZAT(RUE),,,Nuit avec éclairage allumé,En agglomération,Hors intersection,Normale,Deux véhicules - frontale,,,,,,,,,,,5,2,1,1.0,1.0
201100066415,0011-07-03 20:30:00,11,7,3,20,30,974,7,ROND POINT DES DANSEUSES,,,Nuit avec éclairage non allumé,En agglomération,Giratoire,Normale,Sans collision,,,,,,,,,,,4,2,6,1.0,7.0
201100066416,0011-07-05 17:00:00,11,7,5,17,0,974,7,MASCAREIGNES(BOULEVARD),,,Plein jour,Hors agglomération,Hors intersection,Normale,Deux véhicules - côté,,,,,,,,,,,1,1,1,1.0,3.0
201100066417,0011-07-13 19:05:00,11,7,13,19,5,974,7,"25, ROUTE DU SACRE COEUR",,,Nuit sans éclairage public,En agglomération,Hors intersection,Normale,Autre collision,,,,,,,,,,,3,2,1,1.0,6.0
201100066418,0011-07-13 21:20:00,11,7,13,21,20,974,7,ROUTE NATIONALE N 1,,,Nuit sans éclairage public,Hors agglomération,Hors intersection,Normale,Deux véhicules - arrière,,,,,,,,,,,3,1,1,1.0,2.0
201100066419,0011-07-23 09:40:00,11,7,23,9,40,974,7,ROND POINT ROSE DES VENT,,,Plein jour,En agglomération,Giratoire,Normale,Deux véhicules - côté,,,,,,,,,,,1,2,6,1.0,3.0
201100066420,0011-07-23 19:05:00,11,7,23,19,5,974,7,Emmaeus d'EXPORT,,,Nuit avec éclairage allumé,En agglomération,Intersection en X,Normale,Deux véhicules - côté,,,,,,,,,,,5,2,2,1.0,3.0
201100066421,0011-07-25 08:50:00,11,7,25,8,50,974,7,PARIS (AVENUE),,,Plein jour,En agglomération,Hors intersection,Normale,Autre collision,,,,,,,,,,,1,2,1,1.0,6.0
201100066422,0011-08-01 14:50:00,11,8,1,14,50,974,7,MONDON (AVENUE),,,Plein jour,En agglomération,Intersection en X,Normale,Deux véhicules - côté,,,,,,,,,,,1,2,2,1.0,3.0
201100066423,0011-08-03 23:15:00,11,8,3,23,15,974,7,PARIS (AVENUE),,,Nuit avec éclairage allumé,En agglomération,Intersection en X,Normale,Autre collision,,,,,,,,,,,5,2,2,1.0,6.0
201100066424,0011-08-05 11:25:00,11,8,5,11,25,974,7,"18, BREST (BOULEVARD)",,,Plein jour,En agglomération,Hors intersection,Normale,Deux véhicules - côté,,,,,,,,,,,1,2,1,1.0,3.0
201100066425,0011-08-15 18:50:00,11,8,15,18,50,974,7,ROUTE DU SACRE COEUR,,,Nuit sans éclairage public,En agglomération,Intersection en T,Normale,Deux véhicules - côté,,,,,,,,,,,3,2,3,1.0,3.0
201100066426,0011-08-16 11:20:00,11,8,16,11,20,974,7,AXE MIXTE DE CAMBAIE,,,Plein jour,En agglomération,Giratoire,Normale,Deux véhicules - côté,,,,,,,,,,,1,2,6,1.0,3.0
201100066427,0011-08-16 18:25:00,11,8,16,18,25,974,7,DESMOULINS(RUE),,,Crépuscule ou aube,En agglomération,Intersection en X,Normale,Deux véhicules - côté,,,,,,,,,,,2,2,2,1.0,3.0
201100066428,0011-08-17 13:20:00,11,8,17,13,20,974,7,RUE JACQUES PREVERT,,,Plein jour,En agglomération,Hors intersection,Normale,Deux véhicules - côté,,,,,,,,,,,1,2,1,1.0,3.0
201100066429,0011-08-18 07:20:00,11,8,18,7,20,974,7,DESMOULINS(RUE),,,Plein jour,En agglomération,Intersection en X,Normale,Deux véhicules - côté,,,,,,,,,,,1,2,2,1.0,3.0
201100066430,0011-08-19 11:15:00,11,8,19,11,15,974,7,DIERX(RUE,,,Plein jour,En agglomération,Intersection en X,Normale,Deux véhicules - côté,,,,,,,,,,,1,2,2,1.0,3.0
201100066431,0011-08-23 07:20:00,11,8,23,7,20,974,7,MONDON (AVENUE),,,Plein jour,En agglomération,Hors intersection,Normale,Deux véhicules - côté,,,,,,,,,,,1,2,1,1.0,3.0
201100066432,0011-08-23 17:10:00,11,8,23,17,10,974,7,STRASBOURG(BOULEVARD),,,Plein jour,En agglomération,Hors intersection,Normale,Deux véhicules - côté,,,,,,,,,,,1,2,1,1.0,3.0
201100066433,0011-08-25 18:30:00,11,8,25,18,30,974,7,LABOUDONNAIS M (RUE),,,Crépuscule ou aube,En agglomération,Intersection en T,Normale,Autre collision,,,,,,,,,,,2,2,3,1.0,6.0
201100066434,0011-09-06 09:00:00,11,9,6,9,0,974,7,ROUTE NATIONALE N 1,,,Plein jour,Hors agglomération,Hors intersection,Normale,Deux véhicules - arrière,,,,,,,,,,,1,1,1,1.0,2.0
201100066435,0011-09-07 08:00:00,11,9,7,8,0,974,7,"12, VERGES(AVENUE)",,,Plein jour,Hors agglomération,Hors intersection,Normale,Autre collision,,,,,,,,,,,1,1,1,1.0,6.0
201100066436,0011-09-08 16:40:00,11,9,8,16,40,974,7,ROUTE NATIONALE N 1,,,Plein jour,Hors agglomération,Hors intersection,Normale,Deux véhicules - arrière,,,,,,,,,,,1,1,1,1.0,2.0
201100066437,0011-09-15 06:00:00,11,9,15,6,0,974,7,ROUTE DU SACRE COEUR,,,Crépuscule ou aube,En agglomération,Hors intersection,Normale,Autre collision,,,,,,,,,,,2,2,1,1.0,6.0
201100066438,0011-09-15 11:57:00,11,9,15,11,57,974,7,"3, MONDON (AVENUE)",,,Plein jour,En agglomération,Hors intersection,Normale,Deux véhicules - arrière,,,,,,,,,,,1,2,1,1.0,2.0
201100066439,0011-09-15 15:25:00,11,9,15,15,25,974,7,"1, PASTEUR(AVENUE)",,,Plein jour,En agglomération,Hors intersection,Normale,Sans collision,,,,,,,,,,,1,2,1,1.0,7.0
201100066440,0011-09-17 12:20:00,11,9,17,12,20,974,7,ROND POINT SACRE COEUR,,,Plein jour,Hors agglomération,Giratoire,Pluie légère,Autre collision,,,,,,,,,,,1,1,6,2.0,6.0
201100066441,0011-09-27 12:04:00,11,9,27,12,4,974,7,COMMUNE DE PARIS (AVENUE,,,Plein jour,En agglomération,Intersection en X,Normale,Sans collision,,,,,,,,,,,1,2,2,1.0,7.0
201100066442,0011-09-28 13:46:00,11,9,28,13,46,974,7,ROND POINT SACRE COEUR,,,Plein jour,Hors agglomération,Giratoire,Normale,Sans collision,,,,,,,,,,,1,1,6,1.0,7.0
201100066443,0011-09-30 15:00:00,11,9,30,15,0,974,7,ELUARD(RUE),,,Plein jour,En agglomération,Hors intersection,Normale,Trois véhicules et plus - en chaîne,,,,,,,,,,,1,2,1,1.0,4.0
201100066444,0011-10-06 20:30:00,11,10,6,20,30,974,7,VOIE DE LIAISON PORTUAIR,,,Nuit avec éclairage allumé,En agglomération,Hors intersection,Normale,Deux véhicules - arrière,,,,,,,,,,,5,2,1,1.0,2.0
201100066445,0011-10-07 08:00:00,11,10,7,8,0,974,7,RUE JACQUES PREVERT,,,Plein jour,En agglomération,Hors intersection,Normale,Deux véhicules - côté,,,,,,,,,,,1,2,1,1.0,3.0
201100066446,0011-10-10 10:30:00,11,10,10,10,30,974,7,MAHY FRANCOIS(RUE),,,Plein jour,En agglomération,Intersection en X,Normale,Autre collision,,,,,,,,,,,1,2,2,1.0,6.0
201100066447,0011-10-20 07:45:00,11,10,20,7,45,974,7,JEANNE D'ARC (RUE),,,Plein jour,En agglomération,Hors intersection,Normale,Deux véhicules - côté,,,,,,,,,,,1,2,1,1.0,3.0
201100066448,0011-11-03 18:15:00,11,11,3,18,15,974,7,OWENS JAMES,,,Crépuscule ou aube,En agglomération,Intersection en T,Normale,Deux véhicules - côté,,,,,,,,,,,2,2,3,1.0,3.0
201100066449,0011-11-05 19:45:00,11,11,5,19,45,974,7,PEVERELLY ALICE(RUE),,,Nuit avec éclairage allumé,En agglomération,Hors intersection,Normale,Autre collision,,,,,,,,,,,5,2,1,1.0,6.0
201100066450,0011-11-06 06:00:00,11,11,6,6,0,974,7,ROUTE NATIONALE N? 1,,,Crépuscule ou aube,Hors agglomération,Hors intersection,Normale,Autre collision,,,,,,,,,,,2,1,1,1.0,6.0
201100066451,0011-11-07 14:30:00,11,11,7,14,30,974,7,LAUDE E(RUE),,,Plein jour,En agglomération,Hors intersection,Normale,Autre collision,,,,,,,,,,,1,2,1,1.0,6.0
201100066452,0011-11-07 17:20:00,11,11,7,17,20,974,7,ALLENDE(RUE),,,Plein jour,En agglomération,Intersection en T,Normale,Deux véhicules - côté,,,,,,,,,,,1,2,3,1.0,3.0
201100066453,0011-11-10 06:25:00,11,11,10,6,25,974,7,MASCAREIGNES(BOULEVARD),,,Plein jour,En agglomération,Intersection en X,Pluie légère,Deux véhicules - côté,,,,,,,,,,,1,2,2,2.0,3.0
201100066454,0011-11-12 20:23:00,11,11,12,20,23,974,7,Emmaeus d'EXPORT,,,Nuit sans éclairage public,En agglomération,Intersection en X,Normale,Deux véhicules - côté,,,,,,,,,,,3,2,2,1.0,3.0
201100066455,0011-11-17 19:40:00,11,11,17,19,40,974,7,ALLENDE(RUE),,,Nuit avec éclairage non allumé,En agglomération,Hors intersection,Normale,Sans collision,,,,,,,,,,,4,2,1,1.0,7.0
201100066456,0011-11-19 06:15:00,11,11,19,6,15,974,7,PARIS (AVENUE),,,Plein jour,En agglomération,Intersection en X,Normale,Deux véhicules - côté,,,,,,,,,,,1,2,2,1.0,3.0
201100066457,0011-11-26 16:35:00,11,11,26,16,35,974,7,RUE Martin LUTHER KING,,,Plein jour,En agglomération,Hors intersection,Normale,Autre collision,,,,,,,,,,,1,2,1,1.0,6.0
201100066458,0011-11-26 17:45:00,11,11,26,17,45,974,7,28 NOVEMBRE 1942(AVENUE),,,Plein jour,En agglomération,Intersection en X,Normale,Deux véhicules - côté,,,,,,,,,,,1,2,2,1.0,3.0
201100066459,0011-11-29 07:45:00,11,11,29,7,45,974,7,14 JUILLET 1789(AVENUE D,,,Plein jour,En agglomération,Hors intersection,Normale,Autre collision,,,,,,,,,,,1,2,1,1.0,6.0
201100066460,0011-11-29 15:10:00,11,11,29,15,10,974,7,ROUTE DU SACRE COEUR,,,Plein jour,Hors agglomération,Hors intersection,Normale,Deux véhicules - frontale,,,,,,,,,,,1,1,1,1.0,1.0
201100066461,0011-12-13 04:30:00,11,12,13,4,30,974,7,OWENS JAMES,,,Nuit sans éclairage public,En agglomération,Hors intersection,Normale,Autre collision,,,,,,,,,,,3,2,1,1.0,6.0
201100066462,0011-12-18 22:10:00,11,12,18,22,10,974,7,VERDUN(BOULEVARD),,,Nuit avec éclairage allumé,En agglomération,Intersection en X,Normale,Deux véhicules - côté,,,,,,,,,,,5,2,2,1.0,3.0
201100066463,0011-12-25 01:38:00,11,12,25,1,38,974,7,DE GAULLE(RUE),,,Nuit avec éclairage allumé,En agglomération,Intersection en X,Normale,Deux véhicules - frontale,,,,,,,,,,,5,2,2,1.0,1.0
201100066464,0011-12-25 02:45:00,11,12,25,2,45,974,7,LAUDE E(RUE),,,Nuit avec éclairage non allumé,En agglomération,Hors intersection,Normale,Deux véhicules - côté,,,,,,,,,,,4,2,1,1.0,3.0
201100066465,0011-12-25 18:00:00,11,12,25,18,0,974,7,LIOTARD J ETIENNE(RUELLE,,,Plein jour,En agglomération,Hors intersection,Normale,Autre collision,,,,,,,,,,,1,2,1,1.0,6.0
201100066466,0011-12-31 13:10:00,11,12,31,13,10,974,7,LABOUDONNAIS M (RUE),,,Plein jour,En agglomération,Intersection en X,Normale,Trois véhicules et plus - collisions multiples,,,,,,,,,,,1,2,2,1.0,5.0