accident_id,datetime,annee,mois,jour,heure,minute,departement,commune_insee,adresse,latitude,longitude,luminosite,agglomeration,intersection,meteo,collision,nb_vehicules,nb_usagers,nb_indemnes,nb_tues,nb_blesses_hosp,nb_blesses_legers,age_cond_1,age_cond_2,veh_type_cond_1,veh_type_cond_2,lum_code,agg_code,int_code,atm_code,col_code
201100066718,0011-12-08 17:00:00,11,12,8,17,0,974,11,GIMART (AV. STANISLAS),,,Crépuscule ou aube,En agglomération,Hors intersection,Normale,Sans collision,,,,,,,,,,,2,2,1,1.0,7.0
201100066719,0011-12-09 12:30:00,11,12,9,12,30,974,11,MACE (ROUTE GABRIEL),,,Plein jour,En agglomération,Hors intersection,Normale,Trois véhicules et plus - en chaîne,,,,,,,,,,,1,2,1,1.0,4.0
201100066720,0011-12-09 14:00:00,11,12,9,14,0,974,11,LECLERC (DU MARECHAL),,,Plein jour,En agglomération,Hors intersection,Normale,Sans collision,,,,,,,,,,,1,2,1,1.0,7.0
201100066721,0011-12-10 07:10:00,11,12,10,7,10,974,11,DIERX (LEON),,,Plein jour,En agglomération,Intersection en X,Normale,Deux véhicules - côté,,,,,,,,,,,1,2,2,1.0,3.0
201100066722,0011-12-11 00:50:00,11,12,11,0,50,974,11,JAURES (BOULEVARD JEAN),,,Nuit sans éclairage public,En agglomération,Hors intersection,Normale,Deux véhicules - côté,,,,,,,,,,,3,2,1,1.0,3.0
201100066723,0011-12-11 17:05:00,11,12,11,17,5,974,11,LECONTE DE LISLE (AVENUE,,,Crépuscule ou aube,En agglomération,Hors intersection,Normale,Autre collision,,,,,,,,,,,2,2,1,1.0,6.0
201100066724,0011-12-17 10:35:00,11,12,17,10,35,974,11,PARIS (RUE DE),,,Plein jour,En agglomération,Intersection en X,Normale,Deux véhicules - frontale,,,,,,,,,,,1,2,2,1.0,1.0
201100066725,0011-12-17 10:55:00,11,12,17,10,55,974,11,LATTRE DE TASSIGNY (AV),,,Plein jour,En agglomération,Hors intersection,Normale,Deux véhicules - arrière,,,,,,,,,,,1,2,1,1.0,2.0
201100066726,0011-12-18 09:30:00,11,12,18,9,30,974,11,LITTORAL (ROUTE 1 DU),,,Plein jour,Hors agglomération,Hors intersection,Normale,Sans collision,,,,,,,,,,,1,1,1,1.0,7.0
201100066727,0011-12-19 01:57:00,11,12,19,1,57,974,11,JAURES (BLD 2 JEAN),,,Nuit avec éclairage allumé,En agglomération,Hors intersection,Normale,Sans collision,,,,,,,,,,,5,2,1,1.0,7.0
201100066728,0011-12-19 02:15:00,11,12,19,2,15,974,11,LITTORAL (ROUTE 1 DU),,,Nuit avec éclairage allumé,Hors agglomération,Hors intersection,Normale,Deux véhicules - arrière,,,,,,,,,,,5,1,1,1.0,2.0
201100066729,0011-12-12 15:35:00,11,12,12,15,35,974,11,CHATEL (JEAN),,,Plein jour,En agglomération,Intersection en X,Normale,Autre collision,,,,,,,,,,,1,2,2,1.0,6.0
201100066730,0011-12-21 15:50:00,11,12,21,15,50,974,11,PASTEUR (RUE),,,Plein jour,En agglomération,Autre intersection,Normale,Deux véhicules - côté,,,,,,,,,,,1,2,9,1.0,3.0
201100066731,0011-12-22 18:46:00,11,12,22,18,46,974,11,RAMBAUD (LEOPOLD),,,Crépuscule ou aube,Hors agglomération,Hors intersection,Normale,Deux véhicules - arrière,,,,,,,,,,,2,1,1,1.0,2.0
201100066732,0011-12-24 17:22:00,11,12,24,17,22,974,11,RN2/111,,,Crépuscule ou aube,Hors agglomération,Hors intersection,Normale,Sans collision,,,,,,,,,,,2,1,1,1.0,7.0
201100066733,0011-12-24 21:25:00,11,12,24,21,25,974,11,RN2/043,,,Nuit avec éclairage allumé,Hors agglomération,Hors intersection,Normale,Deux véhicules - arrière,,,,,,,,,,,5,1,1,1.0,2.0
201100066734,0011-12-25 02:30:00,11,12,25,2,30,974,11,LECLERC (DU MARECHAL),,,Nuit avec éclairage allumé,En agglomération,Intersection en X,Pluie forte,Deux véhicules - arrière,,,,,,,,,,,5,2,2,3.0,2.0
201100066735,0011-12-25 22:50:00,11,12,25,22,50,974,11,MONTAGNE (ROUTE DE LA),,,Nuit sans éclairage public,Hors agglomération,Hors intersection,Pluie légère,Deux véhicules - frontale,,,,,,,,,,,3,1,1,2.0,1.0
201100066736,0011-12-28 13:30:00,11,12,28,13,30,974,11,"124, AUBER (RUE JULES)",,,Plein jour,En agglomération,Intersection en X,Normale,Autre collision,,,,,,,,,,,1,2,2,1.0,6.0
201100066737,0011-01-01 08:00:00,11,1,1,8,0,974,16,RN03,,,Plein jour,Hors agglomération,Hors intersection,Normale,Sans collision,,,,,,,,,,,1,1,1,1.0,7.0
201100066738,0011-01-02 05:00:00,11,1,2,5,0,974,16,RN03,,,Nuit sans éclairage public,Hors agglomération,Hors intersection,Normale,Deux véhicules - côté,,,,,,,,,,,3,1,1,1.0,3.0
201100066739,0011-01-02 17:30:00,11,1,2,17,30,974,16,"62, BOIS NOIRS(ALLEE DES",,,Crépuscule ou aube,Hors agglomération,Hors intersection,Normale,Sans collision,,,,,,,,,,,2,1,1,1.0,7.0
201100066740,0011-01-03 02:20:00,11,1,3,2,20,974,16,RN03,,,Nuit sans éclairage public,Hors agglomération,Hors intersection,Normale,Sans collision,,,,,,,,,,,3,1,1,1.0,7.0
201100066741,0011-01-06 23:43:00,11,1,6,23,43,974,16,"SANS, DESFORGES BOUCHER(",,,Nuit sans éclairage public,Hors agglomération,Hors intersection,Normale,Sans collision,,,,,,,,,,,3,1,1,1.0,7.0
201100066742,0011-01-08 23:15:00,11,1,8,23,15,974,16,"SANS, PRESIDENT MITTERAN",,,Nuit sans éclairage public,En agglomération,Intersection en X,Normale,Deux véhicules - côté,,,,,,,,,,,3,2,2,1.0,3.0
201100066743,0011-01-08 23:00:00,11,1,8,23,0,974,16,LAURENT VERGES (AV.),,,Nuit sans éclairage public,Hors agglomération,Hors intersection,Normale,Sans collision,,,,,,,,,,,3,1,1,1.0,7.0
201100066744,0011-01-09 20:35:00,11,1,9,20,35,974,16,"SANS, CD 26",,,Nuit sans éclairage public,Hors agglomération,Hors intersection,Normale,Trois véhicules et plus - en chaîne,,,,,,,,,,,3,1,1,1.0,4.0
201100066745,0011-01-10 09:45:00,11,1,10,9,45,974,16,"44, MAHY(RUE F DE)",,,Plein jour,En agglomération,Intersection en X,Normale,Sans collision,,,,,,,,,,,1,2,2,1.0,7.0
201100066746,0011-01-10 20:39:00,11,1,10,20,39,974,16,"182, LEBLOND(RUE M. ET A",,,Nuit sans éclairage public,En agglomération,Hors intersection,Normale,Deux véhicules - côté,,,,,,,,,,,3,2,1,1.0,3.0
201100066747,0011-01-12 12:20:00,11,1,12,12,20,974,16,"SANS, MAHY(RUE F DE)",,,Plein jour,En agglomération,Intersection en T,Normale,Deux véhicules - arrière,,,,,,,,,,,1,2,3,1.0,2.0
201100066748,0011-01-15 12:50:00,11,1,15,12,50,974,16,RN02,,,Plein jour,Hors agglomération,Hors intersection,Normale,Sans collision,,,,,,,,,,,1,1,1,1.0,7.0
201100066749,0011-01-16 01:20:00,11,1,16,1,20,974,16,"SANS, PRESBYTERE(RUE)",,,Plein jour,En agglomération,Intersection en X,Normale,Deux véhicules - côté,,,,,,,,,,,1,2,2,1.0,3.0
201100066750,0011-01-21 15:25:00,11,1,21,15,25,974,16,RN 01,,,Plein jour,Hors agglomération,Hors intersection,Normale,Sans collision,,,,,,,,,,,1,1,1,1.0,7.0
201100066751,0011-01-22 03:00:00,11,1,22,3,0,974,16,"153, LIGNE PARADIS(ROUTE",,,Nuit sans éclairage public,En agglomération,Hors intersection,Normale,Sans collision,,,,,,,,,,,3,2,1,1.0,7.0
201100066752,0011-01-24 17:15:00,11,1,24,17,15,974,16,RN02,,,Plein jour,Hors agglomération,Hors intersection,Normale,Trois véhicules et plus - en chaîne,,,,,,,,,,,1,1,1,1.0,4.0
201100066753,0011-01-25 07:45:00,11,1,25,7,45,974,16,"40, FOUR A CHAUX(RUE DU)",,,Plein jour,En agglomération,Hors intersection,Temps éblouissant,Sans collision,,,,,,,,,,,1,2,1,7.0,7.0
201100066754,0011-01-25 10:15:00,11,1,25,10,15,974,16,"79 BIS, FOUR A CHAUX(RUE",,,Plein jour,En agglomération,Hors intersection,Normale,Deux véhicules - arrière,,,,,,,,,,,1,2,1,1.0,2.0
201100066755,0011-01-29 08:15:00,11,1,29,8,15,974,16,RN03,,,Plein jour,Hors agglomération,Hors intersection,Pluie légère,Deux véhicules - arrière,,,,,,,,,,,1,1,1,2.0,2.0
201100066756,0011-01-29 21:15:00,11,1,29,21,15,974,16,RN03,,,Nuit sans éclairage public,Hors agglomération,Hors intersection,Normale,Sans collision,,,,,,,,,,,3,1,1,1.0,7.0
201100066757,0011-01-30 15:45:00,11,1,30,15,45,974,16,RN 01,,,Plein jour,En agglomération,Hors intersection,Pluie légère,Deux véhicules - arrière,,,,,,,,,,,1,2,1,2.0,2.0
201100066758,0011-01-31 10:15:00,11,1,31,10,15,974,16,", HUBERT DE LISLE(BOULEV",,,Plein jour,En agglomération,Hors intersection,Normale,Sans collision,,,,,,,,,,,1,2,1,1.0,7.0
201100066759,0011-02-02 11:50:00,11,2,2,11,50,974,16,"SANS, DU LYCEE(RUE)",,,Plein jour,En agglomération,Hors intersection,Normale,Deux véhicules - côté,,,,,,,,,,,1,2,1,1.0,3.0
201100066760,0011-02-03 16:00:00,11,2,3,16,0,974,16,RN 01,,,Plein jour,Hors agglomération,Hors intersection,Normale,Sans collision,,,,,,,,,,,1,1,1,1.0,7.0
201100066761,0011-02-04 18:30:00,11,2,4,18,30,974,16,RN02,,,Nuit sans éclairage public,Hors agglomération,Hors intersection,Normale,Autre collision,,,,,,,,,,,3,1,1,1.0,6.0
201100066762,0011-02-05 17:50:00,11,2,5,17,50,974,16,"SANS, BADAMIER(CHEMIN)",,,Nuit sans éclairage public,En agglomération,Hors intersection,Normale,Deux véhicules - côté,,,,,,,,,,,3,2,1,1.0,3.0
201100066763,0011-02-06 11:40:00,11,2,6,11,40,974,16,"SANS, BANK(BOULEVARD)",,,Plein jour,En agglomération,Giratoire,Normale,Sans collision,,,,,,,,,,,1,2,6,1.0,7.0
201100066764,0011-02-09 13:35:00,11,2,9,13,35,974,16,"sans, AMIRAL LACAZE(RUE)",,,Plein jour,En agglomération,Hors intersection,Normale,Deux véhicules - côté,,,,,,,,,,,1,2,1,1.0,3.0
201100066765,0011-02-12 16:15:00,11,2,12,16,15,974,16,"83, RN 01",,,Plein jour,Hors agglomération,Hors intersection,Normale,Deux véhicules - arrière,,,,,,,,,,,1,1,1,1.0,2.0
201100066766,0011-02-13 04:30:00,11,2,13,4,30,974,16,"SANS, LIGNE PARADIS(ROUT",,,Nuit sans éclairage public,Hors agglomération,Intersection en T,Normale,Deux véhicules - côté,,,,,,,,,,,3,1,3,1.0,3.0
201100066767,0011-02-15 07:00:00,11,2,15,7,0,974,16,"SANS, VIGOUREUX(RUE VICT",,,Plein jour,En agglomération,Hors intersection,Normale,Sans collision,,,,,,,,,,,1,2,1,1.0,7.0
201100066768,0011-02-15 10:00:00,11,2,15,10,0,974,16,"SANS, YOURI GAGARINE(RUE",,,Plein jour,Hors agglomération,Intersection en X,Normale,Deux véhicules - côté,,,,,,,,,,,1,1,2,1.0,3.0
201100066769,0011-02-17 08:09:00,11,2,17,8,9,974,16,RN03,,,Plein jour,Hors agglomération,Hors intersection,Normale,Deux véhicules - arrière,,,,,,,,,,,1,1,1,1.0,2.0
201100066770,0011-02-17 08:50:00,11,2,17,8,50,974,16,"SANS, LIGNE PARADIS(ROUT",,,Plein jour,Hors agglomération,Hors intersection,Normale,Sans collision,,,,,,,,,,,1,1,1,1.0,7.0
201100066771,0011-02-17 12:35:00,11,2,17,12,35,974,16,RN02,,,Plein jour,En agglomération,Hors intersection,Normale,Deux véhicules - arrière,,,,,,,,,,,1,2,1,1.0,2.0
201100066772,0011-02-17 14:40:00,11,2,17,14,40,974,16,RN03,,,Plein jour,Hors agglomération,Hors intersection,Normale,Sans collision,,,,,,,,,,,1,1,1,1.0,7.0
201100066773,0011-02-20 16:35:00,11,2,20,16,35,974,16,RN03,,,Plein jour,Hors agglomération,Hors intersection,Normale,Sans collision,,,,,,,,,,,1,1,1,1.0,7.0
201100066774,0011-02-22 17:35:00,11,2,22,17,35,974,16,"86, LIGNE DES BAMBOUS(RO",,,Crépuscule ou aube,En agglomération,Hors intersection,Normale,Trois véhicules et plus - en chaîne,,,,,,,,,,,2,2,1,1.0,4.0
201100066775,0011-02-23 10:30:00,11,2,23,10,30,974,16,"SANS, BOEUF(CHEMIN)",,,Plein jour,Hors agglomération,Intersection en X,Normale,Deux véhicules - côté,,,,,,,,,,,1,1,2,1.0,3.0
201100066776,0011-02-24 11:45:00,11,2,24,11,45,974,16,"151, LEBLOND(RUE M. ET A",,,Plein jour,En agglomération,Hors intersection,Normale,Sans collision,,,,,,,,,,,1,2,1,1.0,7.0
201100066777,0011-02-26 20:10:00,11,2,26,20,10,974,16,"71, LIGNE DES BAMBOUS(RO",,,Nuit sans éclairage public,En agglomération,Hors intersection,Normale,Sans collision,,,,,,,,,,,3,2,1,1.0,7.0
201100066778,0011-02-27 16:20:00,11,2,27,16,20,974,16,"SANS, SABRAP (CHEMIN)",,,Plein jour,Hors agglomération,Hors intersection,Normale,Sans collision,,,,,,,,,,,1,1,1,1.0,7.0
201100066779,0011-02-26 13:25:00,11,2,26,13,25,974,16,RN03,,,Plein jour,En agglomération,Hors intersection,Normale,Sans collision,,,,,,,,,,,1,2,1,1.0,7.0
201100066780,0011-03-02 20:40:00,11,3,2,20,40,974,16,RN02,,,Nuit sans éclairage public,Hors agglomération,Hors intersection,Normale,Deux véhicules - côté,,,,,,,,,,,3,1,1,1.0,3.0
201100066781,0011-03-04 10:30:00,11,3,4,10,30,974,16,"SANS, LORION(RUE LUC)",,,Plein jour,En agglomération,Intersection en X,Normale,Sans collision,,,,,,,,,,,1,2,2,1.0,7.0
201100066782,0011-03-04 19:45:00,11,3,4,19,45,974,16,RN02,,,Nuit sans éclairage public,Hors agglomération,Hors intersection,Normale,Sans collision,,,,,,,,,,,3,1,1,1.0,7.0
201100066783,0011-03-05 15:45:00,11,3,5,15,45,974,16,"SANS, BOEUF(CHEMIN)",,,Plein jour,En agglomération,Hors intersection,Normale,Deux véhicules - côté,,,,,,,,,,,1,2,1,1.0,3.0
201100066784,0011-03-06 02:35:00,11,3,6,2,35,974,16,"SANS, HUBERT DE LISLE(BO",,,Nuit sans éclairage public,En agglomération,Hors intersection,Normale,Sans collision,,,,,,,,,,,3,2,1,1.0,7.0
201100066785,0011-03-07 06:15:00,11,3,7,6,15,974,16,"10, REVEREND PERE CHRIST",,,Plein jour,En agglomération,Hors intersection,Normale,Deux véhicules - côté,,,,,,,,,,,1,2,1,1.0,3.0
201100066786,0011-03-07 06:35:00,11,3,7,6,35,974,16,"SANS, LIGNE PARADIS(ROUT",,,Plein jour,Hors agglomération,Hors intersection,Normale,Sans collision,,,,,,,,,,,1,1,1,1.0,7.0
201100066787,0011-03-11 10:50:00,11,3,11,10,50,974,16,"237, AUBEPINES(ALLEE DES",,,Plein jour,Hors agglomération,Intersection en X,Normale,Deux véhicules - côté,,,,,,,,,,,1,1,2,1.0,3.0
201100066788,0011-03-11 17:00:00,11,3,11,17,0,974,16,"SANS, BANK(BOULEVARD)",,,Plein jour,En agglomération,Giratoire,Normale,Deux véhicules - côté,,,,,,,,,,,1,2,6,1.0,3.0
201100066789,0011-03-11 19:59:00,11,3,11,19,59,974,16,"SANS, DIAGONALE(CHEMIN)",,,Nuit sans éclairage public,Hors agglomération,Hors intersection,Normale,Sans collision,,,,,,,,,,,3,1,1,1.0,7.0
201100066790,0011-03-12 16:05:00,11,3,12,16,5,974,16,"63, CONCESSION CONDE(CHE",,,Plein jour,Hors agglomération,Hors intersection,Normale,Deux véhicules - frontale,,,,,,,,,,,1,1,1,1.0,1.0
201100066791,0011-03-12 20:30:00,11,3,12,20,30,974,16,"35, PASTEUR(RUE)",,,Nuit sans éclairage public,Hors agglomération,Hors intersection,Normale,Trois véhicules et plus - collisions multiples,,,,,,,,,,,3,1,1,1.0,5.0
201100066792,0011-03-14 04:55:00,11,3,14,4,55,974,16,"SANS, ANCIENNE RN 1",,,Nuit sans éclairage public,Hors agglomération,Hors intersection,Normale,Sans collision,,,,,,,,,,,3,1,1,1.0,7.0
201100066793,0011-03-14 07:00:00,11,3,14,7,0,974,16,"SANS, ROND POINT LA CAFR",,,Plein jour,En agglomération,Hors intersection,Normale,Sans collision,,,,,,,,,,,1,2,1,1.0,7.0
201100066794,0011-03-16 13:05:00,11,3,16,13,5,974,16,"78, LIGNE PARADIS(ROUTE",,,Plein jour,Hors agglomération,Hors intersection,Normale,Sans collision,,,,,,,,,,,1,1,1,1.0,7.0
201100066795,0011-03-17 22:00:00,11,3,17,22,0,974,16,RN03,,,Nuit sans éclairage public,Hors agglomération,Hors intersection,Pluie forte,Sans collision,,,,,,,,,,,3,1,1,3.0,7.0
201100066796,0011-03-20 13:30:00,11,3,20,13,30,974,16,RN 01,,,Plein jour,Hors agglomération,Hors intersection,Normale,Sans collision,,,,,,,,,,,1,1,1,1.0,7.0
201100066797,0011-03-20 19:45:00,11,3,20,19,45,974,16,"SANS, LORION(RUE LUC)",,,Nuit avec éclairage allumé,En agglomération,Intersection en T,Normale,Deux véhicules - côté,,,,,,,,,,,5,2,3,1.0,3.0
201100066798,0011-03-20 20:20:00,11,3,20,20,20,974,16,RN03,,,Nuit sans éclairage public,Hors agglomération,Hors intersection,Pluie légère,Sans collision,,,,,,,,,,,3,1,1,2.0,7.0
201100066799,0011-03-23 16:00:00,11,3,23,16,0,974,16,"299, SAINT SAUVEUR(CHEMI",,,Plein jour,Hors agglomération,Hors intersection,Normale,Deux véhicules - frontale,,,,,,,,,,,1,1,1,1.0,1.0
201100066800,0011-03-23 19:45:00,11,3,23,19,45,974,16,"3, AMIRAL LACAZE(RUE)",,,Nuit sans éclairage public,En agglomération,Hors intersection,Normale,Sans collision,,,,,,,,,,,3,2,1,1.0,7.0
201100066801,0011-03-25 04:00:00,11,3,25,4,0,974,16,"SANS, LORION(RUE LUC)",,,Nuit sans éclairage public,En agglomération,Hors intersection,Normale,Sans collision,,,,,,,,,,,3,2,1,1.0,7.0
201100066802,0011-03-25 20:15:00,11,3,25,20,15,974,16,"69, RECHERCHANT(RUE ADRI",,,Nuit sans éclairage public,En agglomération,Hors intersection,Normale,Sans collision,,,,,,,,,,,3,2,1,1.0,7.0
201100066803,0011-03-26 11:00:00,11,3,26,11,0,974,16,"32, PERE MAITRE(RUE DU)",,,Plein jour,En agglomération,Hors intersection,Normale,Deux véhicules - côté,,,,,,,,,,,1,2,1,1.0,3.0
201100066804,0011-03-29 11:20:00,11,3,29,11,20,974,16,RN01,,,Plein jour,Hors agglomération,Hors intersection,Normale,Sans collision,,,,,,,,,,,1,1,1,1.0,7.0
201100066805,0011-03-29 18:10:00,11,3,29,18,10,974,16,"SANS, MARTIN LUTHER KING",,,Crépuscule ou aube,Hors agglomération,Hors intersection,Normale,Sans collision,,,,,,,,,,,2,1,1,1.0,7.0
201100066806,0011-03-31 20:20:00,11,3,31,20,20,974,16,"SANS, LEBLOND(RUE M. ET",,,Nuit avec éclairage allumé,En agglomération,Intersection en T,Normale,Deux véhicules - côté,,,,,,,,,,,5,2,3,1.0,3.0
201100066807,0011-04-03 22:15:00,11,4,3,22,15,974,16,RN 01,,,Nuit sans éclairage public,Hors agglomération,Hors intersection,Normale,Sans collision,,,,,,,,,,,3,1,1,1.0,7.0
201100066808,0011-04-09 18:35:00,11,4,9,18,35,974,16,"SANS, DIAGONALE(CHEMIN)",,,Nuit sans éclairage public,Hors agglomération,Hors intersection,Normale,Deux véhicules - côté,,,,,,,,,,,3,1,1,1.0,3.0
201100066809,0011-04-12 18:50:00,11,4,12,18,50,974,16,"SANS, TANAMBO(RUE)",,,Nuit sans éclairage public,Hors agglomération,Hors intersection,Normale,Deux véhicules - côté,,,,,,,,,,,3,1,1,1.0,3.0
201100066810,0011-04-13 13:10:00,11,4,13,13,10,974,16,"21, ENTRE DEUX(route de",,,Plein jour,Hors agglomération,Hors intersection,Normale,Deux véhicules - frontale,,,,,,,,,,,1,1,1,1.0,1.0
201100066811,0011-04-15 06:30:00,11,4,15,6,30,974,16,RN03,,,Crépuscule ou aube,Hors agglomération,Hors intersection,Normale,Sans collision,,,,,,,,,,,2,1,1,1.0,7.0
201100066812,0011-04-18 14:20:00,11,4,18,14,20,974,16,"SANS, SABRAP (CHEMIN)",,,Plein jour,Hors agglomération,Intersection en X,Normale,Deux véhicules - côté,,,,,,,,,,,1,1,2,1.0,3.0
201100066813,0011-04-23 04:35:00,11,4,23,4,35,974,16,RN 01,,,Nuit sans éclairage public,Hors agglomération,Hors intersection,Normale,Deux véhicules - arrière,,,,,,,,,,,3,1,1,1.0,2.0
201100066814,0011-04-24 07:10:00,11,4,24,7,10,974,16,"sans, BASSIN PLAT(CHEMIN",,,Crépuscule ou aube,En agglomération,Hors intersection,Normale,Sans collision,,,,,,,,,,,2,2,1,1.0,7.0
201100066815,0011-04-25 03:35:00,11,4,25,3,35,974,16,RN02,,,Nuit sans éclairage public,Hors agglomération,Hors intersection,Normale,Sans collision,,,,,,,,,,,3,1,1,1.0,7.0
201100066816,0011-04-29 04:30:00,11,4,29,4,30,974,16,"SANS, ANCIENNE RN 1",,,Nuit avec éclairage allumé,Hors agglomération,Hors intersection,Normale,Sans collision,,,,,,,,,,,5,1,1,1.0,7.0
201100066817,0011-04-29 07:00:00,11,4,29,7,0,974,16,"SANS, PERE FAVRON(RUE DU",,,Crépuscule ou aube,En agglomération,Hors intersection,Normale,Deux véhicules - arrière,,,,,,,,,,,2,2,1,1.0,2.0
201100066818,0011-04-30 01:55:00,11,4,30,1,55,974,16,RN 01,,,Nuit sans éclairage public,Hors agglomération,Hors intersection,Normale,Sans collision,,,,,,,,,,,3,1,1,1.0,7.0
201100066819,0011-04-30 16:30:00,11,4,30,16,30,974,16,"SANS, HUBERT DE LISLE(BO",,,Plein jour,En agglomération,Hors intersection,Normale,Sans collision,,,,,,,,,,,1,2,1,1.0,7.0
201100066820,0011-05-03 01:20:00,11,5,3,1,20,974,16,"SANS, DES MESANGES (RUE)",,,Nuit sans éclairage public,Hors agglomération,Hors intersection,Normale,Sans collision,,,,,,,,,,,3,1,1,1.0,7.0
201100066821,0011-05-04 10:35:00,11,5,4,10,35,974,16,RN02,,,Plein jour,En agglomération,Hors intersection,Normale,Trois véhicules et plus - collisions multiples,,,,,,,,,,,1,2,1,1.0,5.0
201100066822,0011-05-07 16:50:00,11,5,7,16,50,974,16,"SANS, POUDRIERE(RUE DE L",,,Plein jour,En agglomération,Giratoire,Temps éblouissant,Sans collision,,,,,,,,,,,1,2,6,7.0,7.0
201100066823,0011-05-07 21:15:00,11,5,7,21,15,974,16,"8, DUCASTEING (CHEMIN)",,,Nuit sans éclairage public,Hors agglomération,Hors intersection,Normale,Sans collision,,,,,,,,,,,3,1,1,1.0,7.0
201100066824,0011-05-09 13:15:00,11,5,9,13,15,974,16,"SANS, BORY SAINT VINCENT",,,Plein jour,En agglomération,Giratoire,Normale,Deux véhicules - côté,,,,,,,,,,,1,2,6,1.0,3.0
201100066825,0011-05-10 00:15:00,11,5,10,0,15,974,16,"SANS, LIGNE DES BAMBOUS(",,,Nuit sans éclairage public,Hors agglomération,Hors intersection,Normale,Sans collision,,,,,,,,,,,3,1,1,1.0,7.0
201100066826,0011-05-11 06:20:00,11,5,11,6,20,974,16,RN 01,,,Crépuscule ou aube,Hors agglomération,Hors intersection,Pluie forte,Sans collision,,,,,,,,,,,2,1,1,3.0,7.0
201100066827,0011-05-11 20:30:00,11,5,11,20,30,974,16,RN03,,,Nuit sans éclairage public,Hors agglomération,Hors intersection,Normale,Deux véhicules - arrière,,,,,,,,,,,3,1,1,1.0,2.0
201100066828,0011-05-12 19:35:00,11,5,12,19,35,974,16,RN02,,,Nuit avec éclairage allumé,En agglomération,Hors intersection,Normale,Deux véhicules - arrière,,,,,,,,,,,5,2,1,1.0,2.0
201100066829,0011-05-14 09:12:00,11,5,14,9,12,974,16,"SANS, LEBLOND(RUE M. ET",,,Plein jour,En agglomération,Hors intersection,Normale,Trois véhicules et plus - collisions multiples,,,,,,,,,,,1,2,1,1.0,5.0
201100066830,0011-05-14 13:30:00,11,5,14,13,30,974,16,"sans, DE LA ZONE(ALLEE)",,,Plein jour,Hors agglomération,Hors intersection,Normale,Deux véhicules - côté,,,,,,,,,,,1,1,1,1.0,3.0
201100066831,0011-05-14 21:10:00,11,5,14,21,10,974,16,"SANS, LIGNE PARADIS(ROUT",,,Nuit sans éclairage public,En agglomération,Intersection en T,Normale,Deux véhicules - côté,,,,,,,,,,,3,2,3,1.0,3.0
201100066832,0011-05-14 23:05:00,11,5,14,23,5,974,16,"SANS, PERE MAITRE(RUE DU",,,Nuit avec éclairage allumé,En agglomération,Hors intersection,Normale,Deux véhicules - côté,,,,,,,,,,,5,2,1,1.0,3.0
201100066833,0011-05-17 14:00:00,11,5,17,14,0,974,16,"SANS, LEBLOND(RUE M. ET",,,Plein jour,En agglomération,Hors intersection,Normale,Deux véhicules - côté,,,,,,,,,,,1,2,1,1.0,3.0
201100066834,0011-05-19 06:40:00,11,5,19,6,40,974,16,"SANS, HUBERT DE LISLE(BO",,,Crépuscule ou aube,En agglomération,Intersection en T,Normale,Deux véhicules - côté,,,,,,,,,,,2,2,3,1.0,3.0
201100066835,0011-05-22 03:00:00,11,5,22,3,0,974,16,RN02,,,Nuit sans éclairage public,Hors agglomération,Hors intersection,Normale,Sans collision,,,,,,,,,,,3,1,1,1.0,7.0
201100066836,0011-05-22 22:00:00,11,5,22,22,0,974,16,"SANS, ANTOINE PICARD(CHE",,,Nuit sans éclairage public,Hors agglomération,Hors intersection,Normale,Sans collision,,,,,,,,,,,3,1,1,1.0,7.0
201100066837,0011-05-23 07:20:00,11,5,23,7,20,974,16,"SANS, BABET (RUE A)",,,Plein jour,Hors agglomération,Hors intersection,Normale,Sans collision,,,,,,,,,,,1,1,1,1.0,7.0
201100066838,0011-05-24 20:00:00,11,5,24,20,0,974,16,"SANS, LAURENT VERGES(AVE",,,Nuit sans éclairage public,En agglomération,Hors intersection,Normale,Sans collision,,,,,,,,,,,3,2,1,1.0,7.0
201100066839,0011-05-25 11:45:00,11,5,25,11,45,974,16,"16, MARIE SMITH( IMPASSE",,,Plein jour,Hors agglomération,Hors intersection,Normale,Sans collision,,,,,,,,,,,1,1,1,1.0,7.0
201100066840,0011-05-26 11:20:00,11,5,26,11,20,974,16,"18, EUGENE DAYOT(RUE)",,,Plein jour,En agglomération,Hors intersection,Normale,Sans collision,,,,,,,,,,,1,2,1,1.0,7.0
201100066841,0011-05-27 04:10:00,11,5,27,4,10,974,16,RN03,,,Nuit sans éclairage public,Hors agglomération,Hors intersection,Normale,Sans collision,,,,,,,,,,,3,1,1,1.0,7.0
201100066842,0011-05-27 11:20:00,11,5,27,11,20,974,16,RN02,,,Plein jour,Hors agglomération,Hors intersection,Normale,Sans collision,,,,,,,,,,,1,1,1,1.0,7.0
201100066843,0011-05-29 16:45:00,11,5,29,16,45,974,16,"SANS, GENERAL DE GAULLE(",,,Plein jour,En agglomération,Hors intersection,Normale,Deux véhicules - côté,,,,,,,,,,,1,2,1,1.0,3.0
201100066844,0011-06-01 18:40:00,11,6,1,18,40,974,16,"sans, MAHY(RUE F DE)",,,Nuit avec éclairage allumé,En agglomération,Hors intersection,Normale,Deux véhicules - côté,,,,,,,,,,,5,2,1,1.0,3.0
201100066845,0011-06-02 15:50:00,11,6,2,15,50,974,16,RN02,,,Plein jour,Hors agglomération,Hors intersection,Normale,Sans collision,,,,,,,,,,,1,1,1,1.0,7.0
201100066846,0011-06-05 12:20:00,11,6,5,12,20,974,16,"sans, PARKING ""GEANT""",,,Plein jour,Hors agglomération,Hors intersection,Normale,Deux véhicules - côté,,,,,,,,,,,1,1,1,1.0,3.0